RSSI: -90 [da:3b:b6:28:10:9c]
RSSI: -90 [da:3b:b6:55:11:2c]
RSSI: -87 [da:3b:b6:61:11:5c]
RSSI: -86 [da:3b:b6:71:11:8c]
RSSI: -86 [da:3b:b6:71:11:8c]
RSSI: -86 [da:3b:b6:81:11:bc]
RSSI: -85 [da:3b:b6:8e:11:dc]
RSSI: -85 [da:3b:b6:9e:12:0c]
RSSI: -89 [da:3b:b6:9e:12:0c]
RSSI: -84 [da:3b:b6:ae:12:4c]
RSSI: -83 [da:3b:b6:ae:12:4c]
RSSI: -92 [da:39:1c:b4:08:ae]
RSSI: -84 [da:3b:b6:bb:12:6c]
RSSI: -93 [da:39:1c:b4:08:ae]
RSSI: -83 [da:3b:b6:bb:12:6c]
RSSI: -96 [da:36:13:b5:02:aa]
RSSI: -92 [da:39:1c:b4:08:ae]
RSSI: -94 [da:34:2f:b0:01:5b]
RSSI: -93 [da:39:1c:c3:08:ce]
RSSI: -85 [da:3b:b6:cb:12:9c]
RSSI: -85 [da:3b:b6:db:12:cc]
RSSI: -90 [da:3b:b6:db:12:cc]
RSSI: -91 [da:36:13:dd:03:1a]
RSSI: -92 [da:39:1c:de:09:1e]
RSSI: -89 [da:39:1c:ed:09:4e]
RSSI: -82 [da:3b:b6:f7:13:2c]
RSSI: -89 [da:39:1c:ed:09:4e]
RSSI: -83 [da:3b:b6:f7:13:2c]
RSSI: -94 [da:34:2f:ed:02:1b]
RSSI: -92 [da:39:1c:fa:09:6e]
RSSI: -89 [da:36:13:f7:03:6a]
RSSI: -80 [da:3b:b7:07:13:5c]
RSSI: -86 [da:39:1c:fa:09:6e]
RSSI: -80 [da:3b:b7:07:13:5c]
RSSI: -95 [da:34:2f:f9:02:3b]
RSSI: -88 [da:36:14:05:03:8a]
RSSI: -86 [da:39:1d:08:09:9e]
RSSI: -86 [da:36:14:12:03:aa]
RSSI: -85 [da:39:1d:17:09:be]
RSSI: -86 [da:36:14:12:03:aa]
RSSI: -86 [da:39:1d:17:09:be]
RSSI: -83 [da:3b:b7:24:13:bc]
RSSI: -84 [da:36:14:1f:03:da]
RSSI: -93 [da:34:30:19:02:9b]
RSSI: -83 [da:3b:b7:24:13:bc]
RSSI: -86 [da:36:14:1f:03:da]
RSSI: -83 [da:3b:b7:34:13:ec]
RSSI: -86 [da:39:1d:24:09:de]
RSSI: -86 [da:36:14:2c:03:fa]
RSSI: -84 [da:3b:b7:34:13:ec]
RSSI: -86 [da:36:14:2c:03:fa]
RSSI: -83 [da:36:14:2c:03:fa]
RSSI: -87 [da:39:1d:33:0a:0e]
RSSI: -85 [da:36:14:3a:04:2a]
RSSI: -85 [da:36:14:3a:04:2a]
RSSI: -89 [da:39:1d:41:0a:3e]
RSSI: -82 [da:36:14:46:04:4a]
RSSI: -87 [da:3b:b7:51:14:3c]
RSSI: -87 [da:39:1d:4e:0a:5e]
RSSI: -85 [da:36:14:46:04:4a]
RSSI: -86 [da:3b:b7:51:14:3c]
RSSI: -84 [da:36:14:54:04:6a]
RSSI: -84 [da:3b:b7:61:14:6c]
RSSI: -81 [da:36:14:54:04:6a]
RSSI: -84 [da:36:14:61:04:9a]
RSSI: -78 [da:3b:b7:6d:14:9c]
RSSI: -84 [da:36:14:61:04:9a]
RSSI: -75 [da:3b:b7:7d:14:cc]
RSSI: -85 [da:36:14:6e:04:ba]
RSSI: -76 [da:3b:b7:7d:14:cc]
RSSI: -82 [da:39:1d:78:0a:ce]
RSSI: -83 [da:36:14:7c:04:da]
RSSI: -81 [da:36:14:7c:04:da]
RSSI: -79 [da:39:1d:87:0a:fe]
RSSI: -84 [da:36:14:89:05:0a]
RSSI: -73 [da:3b:b7:8d:14:fc]
RSSI: -79 [da:39:1d:87:0a:fe]
RSSI: -84 [da:36:14:89:05:0a]
RSSI: -79 [da:39:1d:87:0a:fe]
RSSI: -84 [da:36:14:96:05:2a]
RSSI: -77 [da:39:1d:96:0b:2e]
RSSI: -72 [da:3b:b7:aa:15:5c]
RSSI: -82 [da:39:1d:a3:0b:4e]
RSSI: -80 [da:36:14:a3:05:4a]
RSSI: -76 [da:3b:b7:aa:15:5c]
RSSI: -71 [da:3b:b7:ba:15:8c]
RSSI: -85 [da:36:14:b1:05:7a]
RSSI: -72 [da:3b:b7:ba:15:8c]
RSSI: -76 [da:39:1d:b2:0b:7e]
RSSI: -85 [da:36:14:bd:05:9a]
RSSI: -82 [da:36:14:cb:05:ba]
RSSI: -79 [da:39:1d:cd:0b:ce]
RSSI: -82 [da:36:14:cb:05:ba]
RSSI: -75 [da:39:1d:cd:0b:ce]
RSSI: -70 [da:3b:b7:d7:15:ec]
RSSI: -75 [da:39:1d:dc:0b:ee]
RSSI: -80 [da:39:1d:dc:0b:ee]
RSSI: -75 [da:3b:b7:e7:16:1c]
RSSI: -79 [da:39:1d:dc:0b:ee]
RSSI: -75 [da:39:1d:eb:0c:1e]
RSSI: -85 [da:36:14:f3:06:2a]
RSSI: -75 [da:39:1d:f7:0c:3e]
RSSI: -70 [da:3b:b8:04:16:6c]
RSSI: -74 [da:39:1d:f7:0c:3e]
RSSI: -71 [da:3b:b8:04:16:6c]
RSSI: -93 [da:36:15:00:06:5a]
RSSI: -88 [da:36:15:00:06:5a]
RSSI: -80 [da:39:1e:06:0c:6e]
RSSI: -76 [da:3b:b8:14:00:3c]
RSSI: -74 [da:39:1e:06:0c:6e]
RSSI: -71 [da:3b:b8:14:00:3c]
RSSI: -75 [da:39:1e:15:0c:9e]
RSSI: -78 [da:3b:b8:20:00:5c]
RSSI: -75 [da:39:1e:22:0c:be]
RSSI: -76 [da:39:1e:22:0c:be]
RSSI: -74 [da:3b:b8:40:00:bc]
RSSI: -76 [da:39:1e:30:0c:ee]
RSSI: -76 [da:3b:b8:40:00:bc]
RSSI: -95 [da:36:15:35:06:ea]
RSSI: -83 [da:39:1e:3f:0d:0e]
RSSI: -77 [da:3b:b8:4d:00:ec]
RSSI: -79 [da:3b:b8:4d:00:ec]
RSSI: -77 [da:39:1e:4c:0d:2e]
RSSI: -88 [da:36:15:50:07:3a]
RSSI: -77 [da:39:1e:5b:0d:5e]
RSSI: -82 [da:3b:b8:5d:01:1c]
RSSI: -78 [da:39:1e:5b:0d:5e]
RSSI: -86 [da:3b:b8:6d:01:4c]
RSSI: -96 [da:36:15:5c:07:5a]
RSSI: -89 [da:39:1e:6a:0d:8e]
RSSI: -78 [da:39:1e:6a:0d:8e]
RSSI: -91 [da:39:1e:76:0d:ae]
RSSI: -93 [da:36:15:78:07:aa]
RSSI: -81 [da:39:1e:85:0d:ce]
RSSI: -86 [da:3b:b8:9a:01:dc]
RSSI: -82 [da:39:1e:94:0d:fe]
RSSI: -84 [da:3b:b8:9a:01:dc]
RSSI: -84 [da:39:1e:94:0d:fe]
RSSI: -87 [da:3b:b8:a7:01:fc]
RSSI: -84 [da:39:1e:a1:0e:1e]
RSSI: -86 [da:3b:b8:b7:02:3c]
RSSI: -93 [da:39:1e:b0:0e:4e]
RSSI: -84 [da:3b:b8:c7:02:6c]
RSSI: -86 [da:39:1e:be:0e:6e]
RSSI: -91 [da:3b:b8:c7:02:6c]
RSSI: -90 [da:39:1e:be:0e:6e]
RSSI: -88 [da:3b:b8:d3:02:8c]
RSSI: -87 [da:39:1e:cb:0e:9e]
RSSI: -90 [da:39:1e:cb:0e:9e]
RSSI: -89 [da:39:1e:f5:0f:0e]
RSSI: -91 [da:39:1e:f5:0f:0e]
RSSI: -91 [da:39:1f:04:0f:3e]
RSSI: -99 [da:39:1f:20:0f:8e]
RSSI: -94 [da:39:1f:2f:0f:be]
RSSI: -96 [da:39:1f:2f:0f:be]
RSSI: -92 [da:39:1f:9f:10:fe]
RSSI: -91 [da:39:1f:bd:11:4e]
RSSI: -90 [da:39:1f:bd:11:4e]
RSSI: -91 [da:3b:b9:cc:05:8c]
RSSI: -94 [da:39:1f:ca:11:6e]
RSSI: -96 [da:39:1f:d9:11:9e]
RSSI: -94 [da:39:1f:e8:11:be]
RSSI: -95 [da:3b:b9:e9:05:ec]
RSSI: -96 [da:39:1f:f4:11:ee]
RSSI: -90 [da:3b:b9:f9:06:1c]
RSSI: -92 [da:39:1f:f4:11:ee]
RSSI: -94 [da:39:20:03:12:0e]
RSSI: -93 [da:39:20:03:12:0e]
RSSI: -93 [da:3b:ba:16:06:7c]
RSSI: -90 [da:3b:ba:23:06:ac]
RSSI: -92 [da:3b:ba:23:06:ac]
RSSI: -90 [da:39:20:1f:12:5e]
RSSI: -88 [da:3b:ba:3c:06:fc]
RSSI: -94 [da:39:20:2e:12:8e]
RSSI: -91 [da:3b:ba:49:07:1c]
RSSI: -90 [da:3b:ba:49:07:1c]
RSSI: -94 [da:39:20:74:13:4e]
RSSI: -89 [da:3b:ba:88:07:ec]
RSSI: -88 [da:3b:ba:95:08:0c]
RSSI: -86 [da:3b:ba:95:08:0c]
RSSI: -88 [da:3b:ba:a2:08:3c]
RSSI: -85 [da:3b:ba:ae:08:5c]
RSSI: -85 [da:3b:ba:bb:08:8c]
RSSI: -88 [da:3b:ba:d4:08:dc]
RSSI: -87 [da:3b:bb:2d:09:ec]
RSSI: -96 [da:39:21:3c:15:7e]
RSSI: -85 [da:3b:bb:47:0a:4c]
RSSI: -84 [da:3b:bb:53:0a:6c]
RSSI: -87 [da:3b:bb:60:0a:9c]
RSSI: -84 [da:3b:bb:6d:0a:bc]
RSSI: -87 [da:3b:bb:7a:0a:ec]
RSSI: -83 [da:3b:bb:7a:0a:ec]
RSSI: -84 [da:3b:bb:7a:0a:ec]
RSSI: -94 [da:3b:bb:86:0b:0c]
RSSI: -87 [da:3b:bb:86:0b:0c]
RSSI: -88 [da:3b:bb:a0:0b:5c]
RSSI: -86 [da:3b:bb:a0:0b:5c]
RSSI: -86 [da:3b:bb:a0:0b:5c]
RSSI: -89 [da:3b:bb:b9:0b:ac]
RSSI: -97 [da:3b:bb:c6:0b:dc]
RSSI: -95 [da:3b:bc:1f:0c:fc]
RSSI: -92 [da:3b:bc:2c:0d:1c]
RSSI: -88 [da:3b:bc:52:0d:9c]
RSSI: -88 [da:3b:bc:5f:0d:bc]
RSSI: -89 [da:3b:bc:5f:0d:bc]
RSSI: -90 [da:3b:bc:6c:0d:ec]
RSSI: -91 [da:3b:bc:78:0e:0c]
RSSI: -91 [da:3b:bc:78:0e:0c]
RSSI: -94 [da:3b:bc:ab:0e:ac]
RSSI: -91 [da:3b:bc:b8:0e:dc]
RSSI: -93 [da:3b:bd:51:10:bc]
RSSI: -94 [da:3b:bd:5e:10:ec]
RSSI: -93 [da:3b:bd:6b:11:0c]
RSSI: -92 [da:3b:bd:78:11:3c]
RSSI: -89 [da:3b:bd:92:11:8c]
RSSI: -88 [da:3b:bd:92:11:8c]
RSSI: -93 [da:39:23:93:05:be]
RSSI: -96 [da:39:23:a0:05:de]
RSSI: -88 [da:3b:bd:ab:11:dc]
RSSI: -92 [da:39:23:a0:05:de]
RSSI: -88 [da:3b:bd:b8:11:fc]
RSSI: -87 [da:3b:bd:b8:11:fc]
RSSI: -85 [da:3b:bd:c5:12:2c]
RSSI: -85 [da:3b:bd:d2:12:4c]
RSSI: -85 [da:3b:bd:de:12:7c]
RSSI: -85 [da:3b:bd:de:12:7c]
RSSI: -91 [da:3b:bd:eb:12:9c]
RSSI: -87 [da:3b:bd:eb:12:9c]
RSSI: -86 [da:3b:bd:f8:12:cc]
RSSI: -87 [da:3b:be:05:12:fc]
RSSI: -87 [da:3b:be:05:12:fc]
RSSI: -94 [da:36:1a:ff:01:2a]
RSSI: -90 [da:3b:be:11:13:1c]
RSSI: -83 [da:3b:be:11:13:1c]
RSSI: -84 [da:3b:be:1e:13:4c]
RSSI: -81 [da:3b:be:2b:13:6c]
RSSI: -96 [da:36:1b:1b:01:7a]
RSSI: -81 [da:3b:be:2b:13:6c]
RSSI: -95 [da:36:1b:28:01:aa]
RSSI: -80 [da:3b:be:38:13:9c]
RSSI: -81 [da:3b:be:45:13:bc]
RSSI: -93 [da:36:1b:36:01:ca]
RSSI: -95 [da:36:1b:44:01:ea]
RSSI: -84 [da:3b:be:52:13:ec]
RSSI: -87 [da:3b:be:5e:14:0c]
RSSI: -91 [da:36:1b:50:02:1a]
RSSI: -94 [da:34:37:4d:01:ab]
RSSI: -89 [da:3b:be:5e:14:0c]
RSSI: -93 [da:3b:be:6b:14:3c]
RSSI: -89 [da:3b:be:78:14:5c]
RSSI: -95 [da:36:1b:6c:02:5a]
RSSI: -88 [da:3b:be:78:14:5c]
RSSI: -80 [da:3b:be:85:14:8c]
RSSI: -79 [da:3b:be:92:14:ac]
RSSI: -93 [da:36:1b:87:02:aa]
RSSI: -78 [da:3b:be:92:14:ac]
RSSI: -93 [da:34:37:80:02:3b]
RSSI: -92 [da:36:1b:87:02:aa]
RSSI: -75 [da:3b:be:9f:14:dc]
RSSI: -91 [da:36:1b:95:02:da]
RSSI: -74 [da:3b:be:9f:14:dc]
RSSI: -90 [da:36:1b:95:02:da]
RSSI: -87 [da:3b:be:ab:14:fc]
RSSI: -94 [da:34:37:99:02:8b]
RSSI: -89 [da:36:1b:a1:02:fa]
RSSI: -72 [da:3b:be:ab:14:fc]
RSSI: -89 [da:36:1b:a1:02:fa]
RSSI: -72 [da:3b:be:b8:15:2c]
RSSI: -72 [da:3b:be:b8:15:2c]
RSSI: -83 [da:3b:be:b8:15:2c]
RSSI: -70 [da:3b:be:c5:15:4c]
RSSI: -70 [da:3b:be:c5:15:4c]
RSSI: -80 [da:3b:be:d2:15:7c]
RSSI: -68 [da:3b:be:d2:15:7RSSI: -64 [da:3c:54:b2:16:4c]
RSSI: -61 [da:3c:54:b2:16:4c]
RSSI: -64 [da:3c:54:c0:16:7c]
RSSI: -64 [da:3c:54:c0:16:7c]
RSSI: -82 [da:39:ba:c6:0a:ce]
RSSI: -82 [da:39:ba:c6:0a:ce]
RSSI: -64 [da:3c:54:da:00:5c]
RSSI: -79 [da:39:ba:d6:0a:fe]
RSSI: -63 [da:3c:54:da:00:5c]
RSSI: -66 [da:3c:54:e8:00:7c]
RSSI: -78 [da:39:ba:e6:0b:1e]
RSSI: -65 [da:3c:54:f5:00:ac]
RSSI: -76 [da:39:ba:f2:0b:4e]
RSSI: -76 [da:39:ba:f2:0b:4e]
RSSI: -68 [da:3c:55:02:00:cc]
RSSI: -74 [da:39:bb:02:0b:7e]
RSSI: -72 [da:3c:55:10:00:fc]
RSSI: -75 [da:39:bb:12:0b:9e]
RSSI: -78 [da:3c:55:1d:01:2c]
RSSI: -76 [da:39:bb:1e:0b:ce]
RSSI: -74 [da:39:bb:1e:0b:ce]
RSSI: -76 [da:39:bb:2e:0b:ee]
RSSI: -78 [da:3c:55:38:01:7c]
RSSI: -73 [da:39:bb:3e:0c:1e]
RSSI: -74 [da:3c:55:45:01:ac]
RSSI: -77 [da:3c:55:45:01:ac]
RSSI: -73 [da:3c:55:52:01:cc]
RSSI: -71 [da:3c:55:52:01:cc]
RSSI: -74 [da:3c:55:5f:01:fc]
RSSI: -76 [da:39:bb:5a:0c:6e]
RSSI: -72 [da:3c:55:5f:01:fc]
RSSI: -76 [da:39:bb:5a:0c:6e]
RSSI: -71 [da:3c:55:6d:02:2c]
RSSI: -77 [da:39:bb:6a:0c:9e]
RSSI: -74 [da:3c:55:6d:02:2c]
RSSI: -73 [da:3c:55:7a:02:4c]
RSSI: -75 [da:39:bb:77:0c:ce]
RSSI: -75 [da:39:bb:77:0c:ce]
RSSI: -76 [da:3c:55:87:02:7c]
RSSI: -77 [da:3c:55:87:02:7c]
RSSI: -76 [da:39:bb:87:0c:ee]
RSSI: -79 [da:3c:55:95:02:9c]
RSSI: -79 [da:39:bb:96:0d:1e]
RSSI: -80 [da:3c:55:a2:02:cc]
RSSI: -80 [da:39:bb:a3:0d:3e]
RSSI: -80 [da:39:bb:a3:0d:3e]
RSSI: -83 [da:3c:55:af:02:fc]
RSSI: -79 [da:39:bb:b3:0d:6e]
RSSI: -82 [da:39:bb:c2:0d:9e]
RSSI: -83 [da:39:bb:c2:0d:9e]
RSSI: -78 [da:3c:55:c9:03:4c]
RSSI: -77 [da:3c:55:d7:03:6c]
RSSI: -85 [da:39:bb:df:0d:ee]
RSSI: -79 [da:3c:55:e5:03:9c]
RSSI: -85 [da:39:bb:df:0d:ee]
RSSI: -85 [da:39:bb:df:0d:ee]
RSSI: -78 [da:3c:55:e5:03:9c]
RSSI: -86 [da:39:bb:df:0d:ee]
RSSI: -81 [da:3c:55:f1:03:bc]
RSSI: -81 [da:3c:55:f1:03:bc]
RSSI: -79 [da:3c:55:ff:03:ec]
RSSI: -79 [da:3c:55:ff:03:ec]
RSSI: -82 [da:3c:56:0d:04:1c]
RSSI: -81 [da:3c:56:0d:04:1c]
RSSI: -79 [da:3c:56:0d:04:1c]
RSSI: -78 [da:3c:56:0d:04:1c]
RSSI: -86 [da:39:bc:0b:0e:6e]
RSSI: -78 [da:3c:56:19:04:3c]
RSSI: -80 [da:3c:56:19:04:3c]
RSSI: -80 [da:3c:56:19:04:3c]
RSSI: -77 [da:3c:56:27:04:6c]
RSSI: -77 [da:3c:56:27:04:6c]
RSSI: -86 [da:39:bc:28:0e:be]
RSSI: -80 [da:3c:56:35:04:8c]
RSSI: -77 [da:3c:56:35:04:8c]
RSSI: -84 [da:39:bc:37:0e:ee]
RSSI: -83 [da:3c:56:41:04:bc]
RSSI: -85 [da:39:bc:47:0f:1e]
RSSI: -76 [da:3c:56:4f:04:ec]
RSSI: -83 [da:39:bc:54:0f:3e]
RSSI: -78 [da:3c:56:5c:05:0c]
RSSI: -85 [da:39:bc:54:0f:3e]
RSSI: -83 [da:3c:56:69:05:3c]
RSSI: -82 [da:39:bc:64:0f:6e]
RSSI: -78 [da:3c:56:69:05:3c]
RSSI: -84 [da:39:bc:64:0f:6e]
RSSI: -83 [da:39:bc:73:0f:9e]
RSSI: -84 [da:39:bc:73:0f:9e]
RSSI: -83 [da:3c:56:77:05:6c]
RSSI: -80 [da:3c:56:84:05:8c]
RSSI: -84 [da:39:bc:80:0f:be]
RSSI: -86 [da:3c:56:91:05:bc]
RSSI: -84 [da:39:bc:90:0f:ee]
RSSI: -79 [da:3c:56:9f:05:dc]
RSSI: -83 [da:39:bc:a0:10:1e]
RSSI: -84 [da:39:bc:a0:10:1e]
RSSI: -82 [da:3c:56:ac:06:0c]
RSSI: -80 [da:3c:56:ac:06:0c]
RSSI: -88 [da:3c:56:b9:06:3c]
RSSI: -83 [da:39:bc:ac:10:3e]
RSSI: -82 [da:3c:56:b9:06:3c]
RSSI: -85 [da:39:bc:bc:10:6e]
RSSI: -83 [da:39:bc:cc:10:9e]
RSSI: -85 [da:3c:56:d4:06:8c]
RSSI: -84 [da:39:bc:d9:10:be]
RSSI: -84 [da:39:bc:d9:10:be]
RSSI: -83 [da:39:bc:d9:10:be]
RSSI: -84 [da:39:bd:05:11:3e]
RSSI: -85 [da:39:bd:15:11:5e]
RSSI: -84 [da:39:bd:15:11:5e]
RSSI: -86 [da:3c:57:25:07:8c]
RSSI: -85 [da:3c:57:25:07:8c]
RSSI: -89 [da:39:bd:25:11:8e]
RSSI: -88 [da:3c:57:31:07:ac]
RSSI: -81 [da:3c:57:31:07:ac]
RSSI: -85 [da:3c:57:3f:07:dc]
RSSI: -86 [da:3c:57:3f:07:dc]
RSSI: -81 [da:3c:57:4d:08:0c]
RSSI: -86 [da:3c:57:4d:08:0c]
RSSI: -90 [da:39:bd:51:12:0e]
RSSI: -84 [da:3c:57:59:08:2c]
RSSI: -91 [da:36:b4:5b:13:fa]
RSSI: -85 [da:39:bd:5e:12:2e]
RSSI: -93 [da:36:b4:68:14:2a]
RSSI: -87 [da:39:bd:7e:12:8e]
RSSI: -82 [da:3c:57:81:08:ac]
RSSI: -88 [da:39:bd:8a:12:ae]
RSSI: -89 [da:39:bd:9a:12:de]
RSSI: -91 [da:36:b4:a0:14:ca]
RSSI: -84 [da:3c:57:a9:09:2c]
RSSI: -92 [da:39:bd:c6:13:5e]
RSSI: -88 [da:39:bd:d6:13:8e]
RSSI: -86 [da:3c:57:df:09:dc]
RSSI: -85 [da:3c:57:df:09:dc]
RSSI: -82 [da:3c:57:ed:0a:0c]
RSSI: -82 [da:3c:57:ed:0a:0c]
RSSI: -90 [da:39:bd:f3:13:de]
RSSI: -87 [da:3c:57:fa:0a:2c]
RSSI: -87 [da:39:bd:f3:13:de]
RSSI: -79 [da:3c:58:07:0a:5c]
RSSI: -83 [da:3c:58:15:0a:8c]
RSSI: -79 [da:3c:58:15:0a:8c]
RSSI: -86 [da:39:be:1f:14:5e]
RSSI: -82 [da:3c:58:22:0a:ac]
RSSI: -78 [da:3c:58:30:0a:dc]
RSSI: -81 [da:3c:58:4a:0b:2c]
RSSI: -78 [da:3c:58:4a:0b:2c]
RSSI: -80 [da:3c:58:58:0b:5c]
RSSI: -83 [da:3c:58:58:0b:5c]
RSSI: -80 [da:3c:58:65:0b:8c]
RSSI: -80 [da:3c:58:65:0b:8c]
RSSI: -82 [da:3c:58:72:0b:ac]
RSSI: -88 [da:39:be:78:15:4e]
RSSI: -84 [da:3c:58:8e:0c:0c]
RSSI: -80 [da:3c:58:8e:0c:0c]
RSSI: -81 [da:3c:58:b6:0c:8c]
RSSI: -89 [da:3c:58:c2:0c:ac]
RSSI: -88 [da:36:b5:b7:01:ba]
RSSI: -84 [da:3c:58:d0:0c:dc]
RSSI: -88 [da:36:b5:d5:02:0a]
RSSI: -85 [da:3c:58:de:0d:0c]
RSSI: -89 [da:36:b5:d5:02:0a]
RSSI: -84 [da:3c:58:de:0d:0c]
RSSI: -80 [da:3c:58:eb:0d:2c]
RSSI: -88 [da:36:b5:e2:02:2a]
RSSI: -79 [da:3c:58:eb:0d:2c]
RSSI: -81 [da:3c:58:eb:0d:2c]
RSSI: -79 [da:3c:58:f8:0d:5c]
RSSI: -77 [da:3c:58:f8:0d:5c]
RSSI: -87 [da:36:b5:f0:02:5a]
RSSI: -77 [da:3c:58:f8:0d:5c]
RSSI: -78 [da:3c:59:06:0d:8c]
RSSI: -88 [da:36:b5:ff:02:7a]
RSSI: -79 [da:3c:59:06:0d:8c]
RSSI: -87 [da:36:b6:0c:02:aa]
RSSI: -77 [da:3c:59:13:0d:ac]
RSSI: -87 [da:36:b6:0c:02:aa]
RSSI: -76 [da:3c:59:13:0d:ac]
RSSI: -86 [da:36:b6:1a:02:ca]
RSSI: -81 [da:3c:59:21:0d:dc]
RSSI: -85 [da:36:b6:1a:02:ca]
RSSI: -79 [da:3c:59:21:0d:dc]
RSSI: -85 [da:36:b6:29:02:fa]
RSSI: -83 [da:3c:59:2e:0e:0c]
RSSI: -79 [da:3c:59:3b:0e:2c]
RSSI: -85 [da:36:b6:36:03:1a]
RSSI: -81 [da:36:b6:44:03:4a]
RSSI: -79 [da:3c:59:49:0e:5c]
RSSI: -81 [da:36:b6:44:03:4a]
RSSI: -79 [da:3c:59:57:0e:8c]
RSSI: -79 [da:36:b6:53:03:7a]
RSSI: -79 [da:3c:59:57:0e:8c]
RSSI: -80 [da:36:b6:53:03:7a]
RSSI: -78 [da:3c:59:63:0e:ac]
RSSI: -81 [da:36:b6:60:03:9a]
RSSI: -82 [da:3c:59:63:0e:ac]
RSSI: -78 [da:36:b6:60:03:9a]
RSSI: -80 [da:3c:59:71:0e:dc]
RSSI: -76 [da:3c:59:71:0e:dc]
RSSI: -79 [da:36:b6:6f:03:ba]
RSSI: -88 [da:3c:59:7f:0f:0c]
RSSI: -78 [da:36:b6:7d:03:ea]
RSSI: -87 [da:3c:59:7f:0f:0c]
RSSI: -79 [da:36:b6:7d:03:ea]
RSSI: -79 [da:3c:59:8c:0f:2c]
RSSI: -77 [da:36:b6:8a:04:0a]
RSSI: -78 [da:36:b6:8a:04:0a]
RSSI: -85 [da:3c:59:9a:0f:5c]
RSSI: -76 [da:36:b6:99:04:3a]
RSSI: -85 [da:3c:59:a7:0f:8c]
RSSI: -77 [da:36:b6:99:04:3a]
RSSI: -76 [da:36:b6:a7:04:6a]
RSSI: -86 [da:3c:59:b4:0f:ac]
RSSI: -77 [da:36:b6:b4:04:8a]
RSSI: -77 [da:36:b6:b4:04:8a]
RSSI: -80 [da:3c:59:c2:0f:dc]
RSSI: -76 [da:36:b6:c3:04:aa]
RSSI: -77 [da:36:b6:c3:04:aa]
RSSI: -76 [da:36:b6:c3:04:aa]
RSSI: -87 [da:3c:59:d0:10:0c]
RSSI: -76 [da:36:b6:d2:04:da]
RSSI: -91 [da:3c:59:dc:10:2c]
RSSI: -76 [da:36:b6:de:04:fa]
RSSI: -86 [da:3c:59:ea:10:5c]
RSSI: -77 [da:36:b6:ed:05:2a]
RSSI: -77 [da:36:b6:ed:05:2a]
RSSI: -82 [da:3c:59:f8:10:8c]
RSSI: -78 [da:36:b6:fc:05:5a]
RSSI: -79 [da:36:b6:fc:05:5a]
RSSI: -82 [da:3c:5a:05:10:ac]
RSSI: -83 [da:3c:5a:12:10:dc]
RSSI: -79 [da:36:b7:09:05:7a]
RSSI: -91 [da:39:c0:19:03:7e]
RSSI: -89 [da:3c:5a:20:11:0c]
RSSI: -77 [da:36:b7:1d:05:ba]
RSSI: -87 [da:3c:5a:2d:11:2c]
RSSI: -80 [da:36:b7:2d:05:da]
RSSI: -90 [da:39:c0:26:03:9e]
RSSI: -87 [da:3c:5a:2d:11:2c]
RSSI: -81 [da:36:b7:2d:05:da]
RSSI: -89 [da:39:c0:36:03:ce]
RSSI: -82 [da:36:b7:3a:06:0a]
RSSI: -85 [da:3c:5a:3b:11:5c]
RSSI: -83 [da:36:b7:3a:06:0a]
RSSI: -84 [da:3c:5a:55:11:ac]
RSSI: -86 [da:36:b7:57:06:5a]
RSSI: -88 [da:3c:5a:7e:12:2c]
RSSI: -87 [da:3c:5a:8c:12:5c]
RSSI: -84 [da:3c:5a:8c:12:5c]
RSSI: -85 [da:3c:5a:8c:12:5c]
RSSI: -88 [da:36:b7:8e:06:fa]
RSSI: -84 [da:3c:5a:99:12:8c]
RSSI: -85 [da:3c:5a:a6:12:ac]
RSSI: -81 [da:3c:5a:a6:12:ac]
RSSI: -88 [da:3c:5a:b4:12:dc]
RSSI: -89 [da:36:b7:b8:07:7a]
RSSI: -84 [da:3c:5a:ce:13:2c]
RSSI: -88 [da:36:b7:d6:07:ca]
RSSI: -83 [da:3c:5a:ea:13:8c]
RSSI: -90 [da:36:b7:e3:07:ea]
RSSI: -82 [da:3c:5a:ea:13:8c]
RSSI: -79 [da:3c:5a:f7:13:ac]
RSSI: -84 [da:3c:5a:f7:13:ac]
RSSI: -89 [da:39:c0:f8:05:ee]
RSSI: -80 [da:3c:5b:05:13:dc]
RSSI: -90 [da:36:b8:00:08:3a]
RSSI: -76 [da:3c:5b:05:13:dc]
RSSI: -85 [da:3c:5b:13:14:0c]
RSSI: -89 [da:36:b8:0d:08:6a]
RSSI: -81 [da:3c:5b:13:14:0c]
RSSI: -91 [da:39:c1:15:06:4e]
RSSI: -77 [da:3c:5b:1f:14:2c]
RSSI: -82 [da:3c:5b:1f:14:2c]
RSSI: -79 [da:3c:5b:2d:14:5c]
RSSI: -79 [da:3c:5b:2d:14:5c]
RSSI: -88 [da:36:b8:2b:08:ba]
RSSI: -79 [da:3c:5b:2d:14:5c]
RSSI: -77 [da:3c:5b:3b:14:8c]
RSSI: -76 [da:3c:5b:3b:14:8c]
RSSI: -74 [da:3c:5b:48:14:ac]
RSSI: -71 [da:3c:5b:56:14:dc]
RSSI: -69 [da:3c:5b:64:14:fc]
RSSI: -69 [da:3c:5b:70:15:2c]
RSSI: -67 [da:3c:5b:70:15:2c]
RSSI: -67 [da:3c:5b:7e:15:5c]
RSSI: -68 [da:3c:5b:7e:15:5c]
RSSI: -66 [da:3c:5b:8c:15:7c]
RSSI: -66 [da:3c:5b:8c:15:7c]
RSSI: -89 [da:39:c1:8b:07:9e]
RSSI: -67 [da:3c:5b:99:15:ac]
RSSI: -65 [da:3c:5b:99:15:ac]
RSSI: -91 [da:39:c1:9b:07:ce]
RSSI: -66 [da:3c:5b:a7:15:cc]
RSSI: -66 [da:3c:5b:b5:15:fc]
RSSI: -65 [da:3c:5b:c1:16:2c]
RSSI: -65 [da:3c:5b:c1:16:2c]
RSSI: -67 [da:3c:5b:cf:16:4c]
RSSI: -67 [da:3c:5b:cf:16:4c]
RSSI: -66 [da:3c:5b:cf:16:4c]
RSSI: -67 [da:3c:5b:dd:16:7c]
RSSI: -89 [da:39:c1:e5:08:9e]
RSSI: -67 [da:3c:5b:ea:00:0c]
RSSI: -88 [da:39:c1:e5:08:9e]
RSSI: -69 [da:3c:5b:f8:00:2c]
RSSI: -68 [da:3c:5b:f8:00:2c]
RSSI: -91 [da:39:c1:f5:08:ce]
RSSI: -71 [da:3c:5c:06:00:5c]
RSSI: -71 [da:3c:5c:06:00:5c]
RSSI: -94 [da:36:b9:0b:0b:3a]
RSSI: -70 [da:3c:5c:12:00:8c]
RSSI: -75 [da:3c:5c:12:00:8c]
RSSI: -74 [da:3c:5c:20:00:ac]
RSSI: -73 [da:3c:5c:20:00:ac]
RSSI: -85 [da:39:c2:22:09:4e]
RSSI: -77 [da:3c:5c:2e:00:dc]
RSSI: -86 [da:39:c2:32:09:7e]
RSSI: -84 [da:39:c2:32:09:7e]
RSSI: -84 [da:39:c2:3e:09:9e]
RSSI: -86 [da:3c:5c:49:01:2c]
RSSI: -86 [da:39:c2:3e:09:9e]
RSSI: -90 [da:34:d5:3f:01:9b]
RSSI: -91 [da:34:d5:4d:01:bb]
RSSI: -85 [da:3c:5c:63:01:7c]
RSSI: -94 [da:36:b9:60:0c:2a]
RSSI: -82 [da:3c:5c:63:01:7c]
RSSI: -89 [da:34:d5:67:02:0b]
RSSI: -80 [da:3c:5c:7f:01:dc]
RSSI: -83 [da:3c:5c:8c:01:fc]
RSSI: -80 [da:3c:5c:8c:01:fc]
RSSI: -85 [da:3c:5c:9a:02:2c]
RSSI: -85 [da:39:c2:98:0a:9e]
RSSI: -87 [da:3c:5c:9a:02:2c]
RSSI: -87 [da:39:c2:98:0a:9e]
RSSI: -84 [da:3c:5c:a8:02:5c]
RSSI: -82 [da:39:c2:a8:0a:ce]
RSSI: -85 [da:3c:5c:b5:02:7c]
RSSI: -82 [da:39:c2:b8:0a:fe]
RSSI: -81 [da:39:c2:b8:0a:fe]
RSSI: -79 [da:39:c2:c5:0b:1e]
RSSI: -79 [da:39:c2:c5:0b:1e]
RSSI: -86 [da:3c:5c:dd:02:fc]
RSSI: -78 [da:39:c2:d5:0b:4e]
RSSI: -84 [da:3c:5c:dd:02:fc]
RSSI: -74 [da:39:c2:e5:0b:7e]
RSSI: -89 [da:3c:5c:eb:03:2c]
RSSI: -84 [da:3c:5c:eb:03:2c]
RSSI: -73 [da:39:c2:f2:0b:9e]
RSSI: -76 [da:39:c3:02:0b:ce]
RSSI: -85 [da:3c:5d:06:03:7c]
RSSI: -75 [da:39:c3:12:0b:fe]
RSSI: -94 [da:36:ba:19:0e:4a]
RSSI: -75 [da:39:c3:12:0b:fe]
RSSI: -86 [da:3c:5d:22:03:dc]
RSSI: -76 [da:39:c3:27:0c:2e]
RSSI: -89 [da:3c:5d:2f:03:fc]
RSSI: -76 [da:39:c3:27:0c:2e]
RSSI: -75 [da:39:c3:38:0c:5e]
RSSI: -84 [da:3c:5d:3d:04:2c]
RSSI: -75 [da:39:c3:38:0c:5e]
RSSI: -69 [da:39:c3:48:0c:8e]
RSSI: -84 [da:3c:5d:4b:04:5c]
RSSI: -76 [da:39:c3:48:0c:8e]
RSSI: -86 [da:3c:5d:57:04:7c]
RSSI: -69 [da:39:c3:54:0c:ae]
RSSI: -68 [da:39:c3:54:0c:ae]
RSSI: -76 [da:39:c3:64:0c:de]
RSSI: -73 [da:39:c3:64:0c:de]
RSSI: -87 [da:3c:5d:73:04:dc]
RSSI: -77 [da:39:c3:71:0c:fe]
RSSI: -73 [da:39:c3:71:0c:fe]
RSSI: -88 [da:3c:5d:80:04:fc]
RSSI: -86 [da:3c:5d:80:04:fc]
RSSI: -76 [da:39:c3:81:0d:2e]
RSSI: -85 [da:3c:5d:8e:05:2c]
RSSI: -73 [da:39:c3:8e:0d:5e]
RSSI: -84 [da:3c:5d:8e:05:2c]
RSSI: -75 [da:39:c3:9a:0d:7e]
RSSI: -87 [da:3c:5d:9c:05:5c]
RSSI: -74 [da:39:c3:9a:0d:7e]
RSSI: -71 [da:39:c3:a7:0d:9e]
RSSI: -71 [da:39:c3:a7:0d:9e]
RSSI: -75 [da:39:c3:a7:0d:9e]
RSSI: -75 [da:39:c3:b4:0d:be]
RSSI: -78 [da:39:c3:c0:0d:ee]
RSSI: -78 [da:39:c3:c0:0d:ee]
RSSI: -89 [da:3c:5d:d1:05:fc]
RSSI: -76 [da:39:c3:cd:0e:0e]
RSSI: -80 [da:39:c3:da:0e:2e]
RSSI: -80 [da:39:c3:e6:0e:4e]
RSSI: -81 [da:39:c3:e6:0e:4e]
RSSI: -79 [da:39:c3:f3:0e:7e]
RSSI: -83 [da:39:c4:00:0e:9e]
RSSI: -81 [da:39:c4:0c:0e:be]
RSSI: -79 [da:39:c4:19:0e:de]
RSSI: -81 [da:39:c4:26:0f:0e]
RSSI: -83 [da:39:c4:32:0f:2e]
RSSI: -80 [da:39:c4:3f:0f:4e]
RSSI: -88 [da:3c:5e:46:07:7c]
RSSI: -92 [da:36:bb:43:11:aa]
RSSI: -90 [da:3c:5e:53:07:9c]
RSSI: -83 [da:39:c4:59:0f:9e]
RSSI: -86 [da:3c:5e:61:07:cc]
RSSI: -87 [da:3c:5e:61:07:cc]
RSSI: -83 [da:39:c4:65:0f:be]
RSSI: -89 [da:39:c4:72:0f:de]
RSSI: -89 [da:36:bb:6d:12:1a]
RSSI: -90 [da:39:c4:72:0f:de]
RSSI: -90 [da:36:bb:89:12:6a]
RSSI: -86 [da:3c:5e:98:08:7c]
RSSI: -88 [da:39:c4:98:10:4e]
RSSI: -84 [da:39:c4:98:10:4e]
RSSI: -88 [da:39:c4:b2:10:8e]
RSSI: -92 [da:3c:5e:b3:08:cc]
RSSI: -86 [da:39:c4:be:10:be]
RSSI: -91 [da:39:c4:d8:10:fe]
RSSI: -86 [da:39:c4:f1:11:4e]
RSSI: -90 [da:36:bb:fc:13:ba]
RSSI: -86 [da:36:bb:fc:13:ba]
RSSI: -86 [da:39:c5:0b:11:8e]
RSSI: -85 [da:39:c5:0b:11:8e]
RSSI: -88 [da:39:c5:17:11:be]
RSSI: -88 [da:39:c5:24:11:de]
RSSI: -91 [da:3c:5f:3b:0a:7c]
RSSI: -89 [da:36:bc:34:14:5a]
RSSI: -90 [da:3c:5f:3b:0a:7c]
RSSI: -93 [da:39:c5:3d:12:2e]
RSSI: -89 [da:36:bc:43:14:7a]
RSSI: -85 [da:39:c5:4a:12:4e]
RSSI: -85 [da:3c:5f:64:0a:fc]
RSSI: -88 [da:36:bc:5e:14:ca]
RSSI: -86 [da:3c:5f:64:0a:fc]
RSSI: -86 [da:3c:5f:71:0b:2c]
RSSI: -88 [da:39:c5:70:12:be]
RSSI: -91 [da:39:c5:7d:12:de]
RSSI: -90 [da:3c:5f:8d:0b:7c]
RSSI: -93 [da:39:c5:97:13:2e]
RSSI: -89 [da:3c:5f:9a:0b:ac]
RSSI: -91 [da:36:bc:b4:15:ca]
RSSI: -93 [da:3c:5f:b6:0c:0c]
RSSI: -87 [da:3c:5f:c3:0c:2c]
RSSI: -87 [da:3c:5f:d1:0c:5c]
RSSI: -92 [da:36:bc:d2:16:1a]
RSSI: -88 [da:39:c5:d6:13:de]
RSSI: -88 [da:39:c5:d6:13:de]
RSSI: -90 [da:3c:5f:df:0c:8c]
RSSI: -88 [da:39:c5:d6:13:de]
RSSI: -88 [da:39:c5:e3:13:fe]
RSSI: -89 [da:3c:5f:fa:0c:dc]
RSSI: -85 [da:39:c5:fd:14:3e]
RSSI: -85 [da:39:c5:fd:14:3e]
RSSI: -86 [da:39:c6:0a:14:5e]
RSSI: -86 [da:39:c6:0a:14:5e]
RSSI: -87 [da:39:c6:16:14:8e]
RSSI: -84 [da:39:c6:23:14:ae]
RSSI: -88 [da:39:c6:30:14:ce]
RSSI: -83 [da:39:c6:30:14:ce]
RSSI: -85 [da:39:c6:3d:14:ee]
RSSI: -82 [da:39:c6:49:15:1e]
RSSI: -86 [da:39:c6:49:15:1e]
RSSI: -83 [da:39:c6:56:15:3e]
RSSI: -92 [da:36:bd:5f:01:7a]
RSSI: -86 [da:39:c6:63:15:5e]
RSSI: -92 [da:36:bd:5f:01:7a]
RSSI: -83 [da:39:c6:63:15:5e]
RSSI: -82 [da:39:c6:70:15:7e]
RSSI: -85 [da:39:c6:70:15:7e]
RSSI: -84 [da:39:c6:7c:15:ae]
RSSI: -86 [da:36:bd:7d:01:ca]
RSSI: -84 [da:39:c6:7c:15:ae]
RSSI: -85 [da:36:bd:7d:01:ca]
RSSI: -85 [da:39:c6:89:15:ce]
RSSI: -85 [da:39:c6:89:15:ce]
RSSI: -85 [da:36:bd:8a:01:ea]
RSSI: -86 [da:39:c6:89:15:ce]
RSSI: -86 [da:39:c6:96:15:ee]
RSSI: -85 [da:36:bd:99:02:1a]
RSSI: -88 [da:39:c6:a3:16:1e]
RSSI: -85 [da:36:bd:99:02:1a]
RSSI: -86 [da:36:bd:a8:02:4a]
RSSI: -87 [da:39:c6:b0:16:3e]
RSSI: -89 [da:36:bd:a8:02:4a]
RSSI: -84 [da:36:bd:b5:02:6a]
RSSI: -89 [da:39:c6:bc:16:5e]
RSSI: -85 [da:36:bd:c4:02:9a]
RSSI: -89 [da:39:c6:d6:00:4e]
RSSI: -84 [da:36:bd:d3:02:ca]
RSSI: -91 [da:39:c6:d6:00:4e]
RSSI: -84 [da:36:bd:d3:02:ca]
RSSI: -81 [da:36:bd:df:02:ea]
RSSI: -80 [da:36:bd:ef:03:1a]
RSSI: -81 [da:36:bd:fe:03:3a]
RSSI: -80 [da:36:bd:fe:03:3a]
RSSI: -80 [da:36:be:0a:03:6a]
RSSI: -79 [da:36:be:0a:03:6a]
RSSI: -87 [da:39:c7:16:00:fe]
RSSI: -77 [da:36:be:1a:03:8a]
RSSI: -79 [da:36:be:1a:03:8a]
RSSI: -79 [da:36:be:1a:03:8a]
RSSI: -77 [da:36:be:29:03:ba]
RSSI: -76 [da:36:be:29:03:ba]
RSSI: -86 [da:39:c7:2f:01:4e]
RSSI: -76 [da:36:be:35:03:da]
RSSI: -77 [da:36:be:44:04:0a]
RSSI: -76 [da:36:be:44:04:0a]
RSSI: -74 [da:36:be:54:04:2a]
RSSI: -77 [da:36:be:54:04:2a]
RSSI: -75 [da:36:be:60:04:5a]
RSSI: -74 [da:36:be:60:04:5a]
RSSI: -75 [da:36:be:6f:04:7a]
RSSI: -86 [da:3c:61:7a:11:9c]
RSSI: -89 [da:3c:61:7a:11:9c]
RSSI: -86 [da:3c:61:86:11:cc]
RSSI: -76 [da:36:be:7e:04:aa]
RSSI: -75 [da:36:be:8b:04:ca]
RSSI: -87 [da:39:c7:96:02:6e]
RSSI: -77 [da:36:be:8b:04:ca]
RSSI: -84 [da:3c:61:95:11:fc]
RSSI: -75 [da:36:be:9a:04:fa]
RSSI: -85 [da:3c:61:a3:12:1c]
RSSI: -77 [da:36:be:a9:05:2a]
RSSI: -87 [da:39:c7:a3:02:8e]
RSSI: -76 [da:36:be:a9:05:2a]
RSSI: -78 [da:36:be:b6:05:4a]
RSSI: -76 [da:36:be:b6:05:4a]
RSSI: -83 [da:3c:61:be:12:7c]
RSSI: -86 [da:3c:61:cc:12:ac]
RSSI: -77 [da:36:be:c5:05:6a]
RSSI: -85 [da:3c:61:cc:12:ac]
RSSI: -78 [da:36:be:c5:05:6a]
RSSI: -77 [da:36:be:d4:05:9a]
RSSI: -78 [da:36:be:d4:05:9a]
RSSI: -88 [da:39:c7:e3:03:4e]
RSSI: -81 [da:36:be:f0:05:ea]
RSSI: -90 [da:39:c7:fd:03:8e]
RSSI: -84 [da:36:be:ff:06:1a]
RSSI: -83 [da:36:bf:0c:06:3a]
RSSI: -79 [da:3c:62:10:13:7c]
RSSI: -88 [da:36:bf:0c:06:3a]
RSSI: -94 [da:39:c8:16:03:de]
RSSI: -83 [da:3c:62:1e:13:ac]
RSSI: -86 [da:36:bf:1b:06:6a]
RSSI: -89 [da:36:bf:1b:06:6a]
RSSI: -80 [da:3c:62:1e:13:ac]
RSSI: -81 [da:3c:62:2b:13:cc]
RSSI: -88 [da:36:bf:37:06:ba]
RSSI: -86 [da:3c:62:39:13:fc]
RSSI: -86 [da:36:bf:46:06:ea]
RSSI: -80 [da:3c:62:54:14:4c]
RSSI: -94 [da:3c:62:62:14:7c]
RSSI: -90 [da:39:c8:63:04:ae]
RSSI: -86 [da:36:bf:62:07:2a]
RSSI: -77 [da:3c:62:71:14:ac]
RSSI: -85 [da:36:bf:71:07:5a]
RSSI: -85 [da:36:bf:71:07:5a]
RSSI: -74 [da:3c:62:7d:14:cc]
RSSI: -85 [da:36:bf:80:07:8a]
RSSI: -74 [da:3c:62:7d:14:cc]
RSSI: -86 [da:36:bf:80:07:8a]
RSSI: -80 [da:3c:62:8c:14:fc]
RSSI: -86 [da:36:bf:8d:07:aa]
RSSI: -73 [da:3c:62:8c:14:fc]
RSSI: -78 [da:3c:62:9a:15:2c]
RSSI: -72 [da:3c:62:a6:15:5c]
RSSI: -85 [da:36:bf:9c:07:da]
RSSI: -70 [da:3c:62:a6:15:5c]
RSSI: -85 [da:36:bf:ab:07:fa]
RSSI: -71 [da:3c:62:b5:15:7c]
RSSI: -88 [da:39:c8:b0:05:8e]
RSSI: -85 [da:36:bf:b8:08:2a]
RSSI: -84 [da:36:bf:b8:08:2a]
RSSI: -75 [da:3c:62:c3:15:ac]
RSSI: -84 [da:36:bf:c7:08:4a]
RSSI: -71 [da:3c:62:de:16:0c]
RSSI: -85 [da:39:c8:d7:05:fe]
RSSI: -84 [da:36:bf:d7:08:7a]
RSSI: -71 [da:3c:62:de:16:0c]
RSSI: -73 [da:3c:62:de:16:0c]
RSSI: -76 [da:3c:62:ec:16:2c]
RSSI: -72 [da:3c:62:ec:16:2c]
RSSI: -75 [da:3c:62:f9:16:5c]
RSSI: -87 [da:36:bf:f2:08:ca]
RSSI: -77 [da:3c:62:f9:16:5c]
RSSI: -74 [da:3c:63:07:00:0c]
RSSI: -77 [da:3c:63:07:00:0c]
RSSI: -77 [da:3c:63:07:00:0c]
RSSI: -76 [da:3c:63:16:00:2c]
RSSI: -85 [da:36:c0:1d:09:4a]
RSSI: -83 [da:3c:63:22:00:5c]
RSSI: -82 [da:3c:63:31:00:8c]
RSSI: -86 [da:39:c9:31:06:fe]
RSSI: -82 [da:3c:63:3f:00:ac]
RSSI: -88 [da:36:c0:64:0a:1a]
RSSI: -84 [da:39:c9:71:07:be]
RSSI: -83 [da:39:c9:7e:07:de]
RSSI: -89 [da:36:c0:90:0a:8a]
RSSI: -85 [da:3c:63:9e:01:dc]
RSSI: -83 [da:39:c9:98:08:1e]
RSSI: -85 [da:3c:63:9e:01:dc]
RSSI: -86 [da:3c:63:9e:01:dc]
RSSI: -82 [da:39:c9:a5:08:4e]
RSSI: -84 [da:3c:63:ac:02:0c]
RSSI: -81 [da:39:c9:b2:08:6e]
RSSI: -91 [da:34:dc:ac:01:4b]
RSSI: -82 [da:39:c9:be:08:8e]
RSSI: -88 [da:3c:63:c7:02:5c]
RSSI: -83 [da:39:c9:cc:08:ae]
RSSI: -87 [da:36:c0:ca:0b:3a]
RSSI: -81 [da:39:c9:d9:08:de]
RSSI: -89 [da:3c:63:d6:02:8c]
RSSI: -82 [da:39:c9:d9:08:de]
RSSI: -81 [da:39:c9:e5:08:fe]
RSSI: -83 [da:39:c9:f2:09:1e]
RSSI: -83 [da:39:c9:ff:09:3e]
RSSI: -88 [da:34:dc:fe:02:3b]
RSSI: -81 [da:39:ca:0c:09:6e]
RSSI: -89 [da:34:dd:0c:02:6b]
RSSI: -88 [da:34:dd:0c:02:6b]
RSSI: -88 [da:34:dd:1a:02:8b]
RSSI: -91 [da:34:dd:1a:02:8b]
RSSI: -77 [da:39:ca:33:09:de]
RSSI: -77 [da:39:ca:33:09:de]
RSSI: -78 [da:39:ca:40:09:fe]
RSSI: -84 [da:3c:64:52:04:0c]
RSSI: -85 [da:3c:64:52:04:0c]
RSSI: -78 [da:39:ca:59:0a:4e]
RSSI: -80 [da:39:ca:59:0a:4e]
RSSI: -81 [da:39:ca:66:0a:6e]
RSSI: -82 [da:39:ca:73:0a:8e]
RSSI: -88 [da:3c:64:7b:04:8c]
RSSI: -81 [da:39:ca:80:0a:be]
RSSI: -81 [da:39:ca:80:0a:be]
RSSI: -83 [da:39:ca:8d:0a:de]
RSSI: -82 [da:39:ca:8d:0a:de]
RSSI: -86 [da:3c:64:a5:05:0c]
RSSI: -75 [da:39:ca:a7:0b:2e]
RSSI: -75 [da:39:ca:a7:0b:2e]
RSSI: -74 [da:39:ca:b4:0b:4e]
RSSI: -73 [da:39:ca:b4:0b:4e]
RSSI: -73 [da:39:ca:c1:0b:6e]
RSSI: -71 [da:39:ca:ce:0b:8e]
RSSI: -71 [da:39:ca:ce:0b:8e]
RSSI: -69 [da:39:ca:db:0b:be]
RSSI: -69 [da:39:ca:db:0b:be]
RSSI: -70 [da:39:ca:e8:0b:de]
RSSI: -69 [da:39:ca:f4:0b:fe]
RSSI: -69 [da:39:ca:f4:0b:fe]
RSSI: -67 [da:39:cb:01:0c:2e]
RSSI: -68 [da:39:cb:01:0c:2e]
RSSI: -68 [da:39:cb:0f:0c:4e]
RSSI: -68 [da:39:cb:1b:0c:6e]
RSSI: -90 [da:3c:65:21:06:9c]
RSSI: -68 [da:39:cb:1b:0c:6e]
RSSI: -66 [da:39:cb:28:0c:9e]
RSSI: -68 [da:39:cb:28:0c:9e]
RSSI: -68 [da:39:cb:35:0c:be]
RSSI: -68 [da:39:cb:42:0c:de]
RSSI: -68 [da:39:cb:42:0c:de]
RSSI: -68 [da:39:cb:42:0c:de]
RSSI: -67 [da:39:cb:4f:0d:0e]
RSSI: -68 [da:39:cb:4f:0d:0e]
RSSI: -69 [da:39:cb:5c:0d:2e]
RSSI: -67 [da:39:cb:5c:0d:2e]
RSSI: -69 [da:39:cb:69:0d:4e]
RSSI: -69 [da:39:cb:69:0d:4e]
RSSI: -89 [da:3c:65:74:07:9c]
RSSI: -67 [da:39:cb:76:0d:7e]
RSSI: -69 [da:39:cb:76:0d:7e]
RSSI: -70 [da:39:cb:83:0d:9e]
RSSI: -91 [da:3c:65:82:07:cc]
RSSI: -68 [da:39:cb:83:0d:9e]
RSSI: -70 [da:39:cb:90:0d:be]
RSSI: -72 [da:39:cb:90:0d:be]
RSSI: -69 [da:39:cb:9d:0d:ee]
RSSI: -72 [da:39:cb:9d:0d:ee]
RSSI: -72 [da:39:cb:9d:0d:ee]
RSSI: -73 [da:39:cb:aa:0e:0e]
RSSI: -70 [da:39:cb:aa:0e:0e]
RSSI: -73 [da:39:cb:b7:0e:2e]
RSSI: -74 [da:39:cb:b7:0e:2e]
RSSI: -74 [da:39:cb:c4:0e:4e]
RSSI: -75 [da:39:cb:d1:0e:7e]
RSSI: -78 [da:39:cb:d1:0e:7e]
RSSI: -79 [da:39:cb:dd:0e:9e]
RSSI: -77 [da:39:cb:dd:0e:9e]
RSSI: -80 [da:39:cb:eb:0e:be]
RSSI: -93 [da:36:c2:ed:11:5a]
RSSI: -83 [da:39:cb:f8:0e:ee]
RSSI: -78 [da:39:cb:f8:0e:ee]
RSSI: -90 [da:3c:65:ff:09:5c]
RSSI: -79 [da:39:cb:f8:0e:ee]
RSSI: -78 [da:39:cc:04:0f:0e]
RSSI: -79 [da:39:cc:12:0f:2e]
RSSI: -81 [da:39:cc:1f:0f:4e]
RSSI: -82 [da:39:cc:2b:0f:7e]
RSSI: -84 [da:39:cc:2b:0f:7e]
RSSI: -83 [da:39:cc:2b:0f:7e]
RSSI: -80 [da:39:cc:38:0f:9e]
RSSI: -86 [da:3c:66:44:0a:3c]
RSSI: -81 [da:39:cc:46:0f:be]
RSSI: -81 [da:39:cc:52:0f:ee]
RSSI: -82 [da:39:cc:5f:10:0e]
RSSI: -91 [da:36:c3:62:12:aa]
RSSI: -86 [da:39:cc:5f:10:0e]
RSSI: -86 [da:39:cc:6d:10:2e]
RSSI: -87 [da:3c:66:7c:0a:ec]
RSSI: -90 [da:36:c3:8e:13:2a]
RSSI: -90 [da:3c:66:97:0b:4c]
RSSI: -90 [da:39:cc:94:10:9e]
RSSI: -91 [da:3c:66:a5:0b:6c]
RSSI: -86 [da:39:cc:a0:10:be]
RSSI: -83 [da:39:cc:ad:10:ee]
RSSI: -90 [da:36:c3:c6:13:ca]
RSSI: -86 [da:36:c3:c6:13:ca]
RSSI: -90 [da:36:c3:d5:13:fa]
RSSI: -88 [da:39:cc:e2:11:7e]
RSSI: -87 [da:39:cc:ee:11:9e]
RSSI: -87 [da:36:c4:01:14:7a]
RSSI: -86 [da:36:c4:01:14:7a]
RSSI: -86 [da:39:cd:09:11:ee]
RSSI: -88 [da:36:c4:10:14:aa]
RSSI: -86 [da:39:cd:15:12:0e]
RSSI: -87 [da:36:c4:1d:14:ca]
RSSI: -88 [da:39:cd:22:12:3e]
RSSI: -88 [da:36:c4:1d:14:ca]
RSSI: -87 [da:39:cd:30:12:5e]
RSSI: -92 [da:3c:67:3e:0d:5c]
RSSI: -89 [da:36:c4:48:15:4a]
RSSI: -91 [da:3c:67:59:0d:ac]
RSSI: -89 [da:36:c4:67:15:9a]
RSSI: -90 [da:39:cd:71:13:1e]
RSSI: -93 [da:3c:67:76:0e:0c]
RSSI: -90 [da:39:cd:71:13:1e]
RSSI: -90 [da:36:c4:74:15:ba]
RSSI: -89 [da:39:cd:7e:13:3e]
RSSI: -89 [da:39:cd:8a:13:5e]
RSSI: -90 [da:39:cd:98:13:8e]
RSSI: -89 [da:39:cd:a5:13:ae]
RSSI: -88 [da:3c:67:ac:0e:bc]
RSSI: -94 [da:3c:67:c9:0f:0c]
RSSI: -92 [da:36:c4:cb:00:7a]
RSSI: -84 [da:39:cd:d9:14:3e]
RSSI: -85 [da:39:cd:e6:14:5e]
RSSI: -83 [da:39:cd:f3:14:8e]
RSSI: -83 [da:39:ce:00:14:ae]
RSSI: -85 [da:39:ce:0d:14:ce]
RSSI: -86 [da:39:ce:1a:14:fe]
RSSI: -82 [da:39:ce:27:15:1e]
RSSI: -82 [da:39:ce:27:15:1e]
RSSI: -85 [da:39:ce:34:15:3e]
RSSI: -85 [da:39:ce:41:15:5e]
RSSI: -84 [da:39:ce:41:15:5e]
RSSI: -81 [da:39:ce:4e:15:8e]
RSSI: -85 [da:39:ce:4e:15:8e]
RSSI: -84 [da:39:ce:5b:15:ae]
RSSI: -81 [da:39:ce:5b:15:ae]
RSSI: -90 [da:3c:68:70:11:2c]
RSSI: -85 [da:39:ce:68:15:ce]
RSSI: -86 [da:36:c5:73:02:4a]
RSSI: -89 [da:39:ce:82:16:1e]
RSSI: -84 [da:36:c5:7f:02:7a]
RSSI: -92 [da:3c:68:8c:11:7c]
RSSI: -89 [da:39:ce:90:16:3e]
RSSI: -88 [da:36:c5:9e:02:ca]
RSSI: -87 [da:3c:68:a7:11:cc]
RSSI: -86 [da:3c:68:a7:11:cc]
RSSI: -83 [da:36:c5:ab:02:ea]
RSSI: -89 [da:3c:68:b5:11:fc]
RSSI: -87 [da:3c:68:b5:11:fc]
RSSI: -81 [da:36:c5:bb:03:1a]
RSSI: -88 [da:3c:68:c4:12:2c]
RSSI: -88 [da:39:ce:c3:00:6e]
RSSI: -86 [da:36:c5:ca:03:4a]
RSSI: -83 [da:36:c5:ca:03:4a]
RSSI: -85 [da:3c:68:d1:12:5c]
RSSI: -83 [da:36:c5:d7:03:6a]
RSSI: -83 [da:36:c5:d7:03:6a]
RSSI: -76 [da:36:c5:e6:03:9a]
RSSI: -82 [da:36:c5:e6:03:9a]
RSSI: -81 [da:36:c5:f6:03:ca]
RSSI: -80 [da:36:c6:02:03:ea]
RSSI: -88 [da:3c:69:09:13:0c]
RSSI: -79 [da:36:c6:12:04:1a]
RSSI: -73 [da:36:c6:21:04:3a]
RSSI: -84 [da:36:c6:21:04:3a]
RSSI: -86 [da:3c:69:24:13:5c]
RSSI: -87 [da:3c:69:33:13:8c]
RSSI: -87 [da:3c:69:33:13:8c]
RSSI: -89 [da:3c:69:42:13:bc]
RSSI: -78 [da:36:c6:3e:04:9a]
RSSI: -84 [da:36:c6:4d:04:ba]
RSSI: -78 [da:36:c6:4d:04:ba]
RSSI: -83 [da:36:c6:5a:04:da]
RSSI: -84 [da:36:c6:5a:04:da]
RSSI: -72 [da:36:c6:69:05:0a]
RSSI: -88 [da:39:cf:6e:02:5e]
RSSI: -90 [da:3c:69:78:14:6c]
RSSI: -82 [da:36:c6:85:05:5a]
RSSI: -83 [da:36:c6:85:05:5a]
RSSI: -79 [da:36:c6:85:05:5a]
RSSI: -82 [da:3c:69:95:14:bc]
RSSI: -86 [da:39:cf:95:02:ce]
RSSI: -84 [da:36:c6:95:05:8a]
RSSI: -88 [da:39:cf:a2:02:ee]
RSSI: -76 [da:3c:69:a2:14:ec]
RSSI: -77 [da:36:c6:a4:05:ba]
RSSI: -78 [da:3c:69:b1:15:1c]
RSSI: -84 [da:39:cf:af:03:0e]
RSSI: -78 [da:3c:69:b1:15:1c]
RSSI: -75 [da:3c:69:b1:15:1c]
RSSI: -81 [da:3c:69:bf:15:4c]
RSSI: -79 [da:3c:69:bf:15:4c]
RSSI: -88 [da:36:c6:c1:06:0a]
RSSI: -85 [da:39:cf:bc:03:3e]
RSSI: -78 [da:3c:69:cc:15:6c]
RSSI: -81 [da:3c:69:cc:15:6c]
RSSI: -86 [da:39:cf:d6:03:7e]
RSSI: -82 [da:3c:69:db:15:9c]
RSSI: -78 [da:3c:69:e9:15:cc]
RSSI: -78 [da:3c:69:f6:15:ec]
RSSI: -86 [da:39:cf:f1:03:ce]
RSSI: -76 [da:3c:69:f6:15:ec]
RSSI: -75 [da:3c:6a:05:16:1c]
RSSI: -80 [da:3c:6a:05:16:1c]
RSSI: -75 [da:3c:6a:13:16:4c]
RSSI: -89 [da:36:c7:09:06:da]
RSSI: -75 [da:3c:6a:13:16:4c]
RSSI: -82 [da:36:c7:18:07:0a]
RSSI: -83 [da:3c:6a:2f:00:2c]
RSSI: -91 [da:39:d0:2d:04:6e]
RSSI: -86 [da:36:c7:34:07:5a]
RSSI: -80 [da:3c:6a:3d:00:5c]
RSSI: -86 [da:36:c7:34:07:5a]
RSSI: -80 [da:3c:6a:4a:00:8c]
RSSI: -83 [da:3c:6a:4a:00:8c]
RSSI: -89 [da:39:d0:54:04:de]
RSSI: -86 [da:39:d0:62:05:0e]
RSSI: -85 [da:36:c7:70:08:0a]
RSSI: -88 [da:39:d0:6f:05:2e]
RSSI: -85 [da:39:d0:7c:05:4e]
RSSI: -86 [da:36:c7:7f:08:3a]
RSSI: -84 [da:36:c7:7f:08:3a]
RSSI: -85 [da:36:c7:7f:08:3a]
RSSI: -89 [da:3c:6a:91:01:6c]
RSSI: -82 [da:36:c7:8c:08:5a]
RSSI: -86 [da:36:c7:8c:08:5a]
RSSI: -94 [da:39:d0:a3:05:be]
RSSI: -89 [da:3c:6a:ad:01:bc]
RSSI: -86 [da:36:c7:ab:08:aa]
RSSI: -88 [da:36:c7:b8:08:da]
RSSI: -86 [da:36:c7:d7:09:2a]
RSSI: -88 [da:39:d0:d8:06:5e]
RSSI: -86 [da:36:c7:d7:09:2a]
RSSI: -87 [da:36:c7:e4:09:5a]
RSSI: -87 [da:36:c7:f3:09:7a]
RSSI: -89 [da:36:c7:f3:09:7a]
RSSI: -88 [da:36:c8:03:09:aa]
RSSI: -87 [da:3c:6b:10:02:fc]
RSSI: -90 [da:36:c8:0f:09:ca]
RSSI: -89 [da:3c:6b:1c:03:1c]
RSSI: -88 [da:39:d1:27:07:3e]
RSSI: -89 [da:36:c8:1f:09:fa]
RSSI: -85 [da:3c:6b:2b:03:4c]
RSSI: -94 [da:39:d1:34:07:5e]
RSSI: -90 [da:3c:6b:3a:03:7c]
RSSI: -89 [da:34:e4:43:01:4b]
RSSI: -89 [da:36:c8:4b:0a:7a]
RSSI: -89 [da:34:e4:43:01:4b]
RSSI: -89 [da:36:c8:4b:0a:7a]
RSSI: -91 [da:34:e4:52:01:7b]
RSSI: -90 [da:34:e4:52:01:7b]
RSSI: -88 [da:3c:6b:64:03:fc]
RSSI: -85 [da:39:d1:69:07:ee]
RSSI: -89 [da:34:e4:60:01:9b]
RSSI: -87 [da:39:d1:69:07:ee]
RSSI: -89 [da:3c:6b:70:04:2c]
RSSI: -90 [da:34:e4:60:01:9b]
RSSI: -87 [da:3c:6b:70:04:2c]
RSSI: -85 [da:39:d1:76:08:1e]
RSSI: -90 [da:34:e4:6d:01:cb]
RSSI: -85 [da:39:d1:76:08:1e]
RSSI: -89 [da:3c:6b:7f:04:4c]
RSSI: -84 [da:39:d1:83:08:3e]
RSSI: -87 [da:36:c8:86:0b:2a]
RSSI: -85 [da:3c:6b:9a:04:ac]
RSSI: -88 [da:36:c8:93:0b:4a]
RSSI: -90 [da:39:d1:9e:08:8e]
RSSI: -87 [da:39:d1:ab:08:ae]
RSSI: -88 [da:36:c8:b2:0b:aa]
RSSI: -88 [da:3c:6b:b8:05:0c]
RSSI: -87 [da:39:d1:b8:08:ce]
RSSI: -85 [da:39:d1:b8:08:ce]
RSSI: -82 [da:39:d1:d3:09:1e]
RSSI: -90 [da:36:c8:de:0c:2a]
RSSI: -84 [da:39:d1:df:09:3e]
RSSI: -83 [da:39:d1:ed:09:6e]
RSSI: -83 [da:39:d1:ed:09:6e]
RSSI: -82 [da:39:d1:fa:09:8e]
RSSI: -80 [da:39:d2:07:09:ae]
RSSI: -79 [da:39:d2:14:09:de]
RSSI: -78 [da:39:d2:14:09:de]
RSSI: -87 [da:36:c9:17:0c:ca]
RSSI: -77 [da:39:d2:22:09:fe]
RSSI: -78 [da:39:d2:22:09:fe]
RSSI: -77 [da:39:d2:2e:0a:1e]
RSSI: -75 [da:39:d2:2e:0a:1e]
RSSI: -77 [da:39:d2:3c:0a:4e]
RSSI: -77 [da:39:d2:3c:0a:4e]
RSSI: -75 [da:39:d2:49:0a:6e]
RSSI: -77 [da:39:d2:49:0a:6e]
RSSI: -81 [da:39:d2:71:0a:de]
RSSI: -79 [da:39:d2:7d:0a:fe]
RSSI: -77 [da:39:d2:7d:0a:fe]
RSSI: -77 [da:39:d2:7d:0a:fe]
RSSI: -78 [da:39:d2:8b:0b:2e]
RSSI: -74 [da:39:d2:98:0b:4e]
RSSI: -69 [da:39:d2:a5:0b:6e]
RSSI: -70 [da:39:d2:b3:0b:9e]
RSSI: -69 [da:39:d2:c0:0b:be]
RSSI: -68 [da:39:d2:c0:0b:be]
RSSI: -64 [da:39:d2:cd:0b:de]
RSSI: -88 [da:3c:6c:d7:08:8c]
RSSI: -66 [da:39:d2:da:0c:0e]
RSSI: -66 [da:39:d2:e8:0c:2e]
RSSI: -65 [da:39:d2:e8:0c:2e]
RSSI: -62 [da:39:d2:f4:0c:4e]
RSSI: -65 [da:39:d2:f4:0c:4e]
RSSI: -64 [da:39:d3:02:0c:7e]
RSSI: -61 [da:39:d3:02:0c:7e]
RSSI: -65 [da:39:d3:0f:0c:9e]
RSSI: -64 [da:39:d3:0f:0c:9e]
RSSI: -91 [da:3c:6d:1d:09:6c]
RSSI: -61 [da:39:d3:1c:0c:be]
RSSI: -65 [da:39:d3:1c:0c:be]
RSSI: -64 [da:39:d3:2a:0c:ee]
RSSI: -61 [da:39:d3:2a:0c:ee]
RSSI: -65 [da:39:d3:37:0d:0e]
RSSI: -65 [da:39:d3:37:0d:0e]
RSSI: -66 [da:39:d3:44:0d:3e]
RSSI: -61 [da:39:d3:51:0d:5e]
RSSI: -66 [da:39:d3:5f:0d:7e]
RSSI: -65 [da:39:d3:5f:0d:7e]
RSSI: -66 [da:39:d3:6b:0d:ae]
RSSI: -62 [da:39:d3:79:0d:ce]
RSSI: -66 [da:39:d3:87:0d:ee]
RSSI: -68 [da:39:d3:93:0e:1e]
RSSI: -68 [da:39:d3:93:0e:1e]
RSSI: -65 [da:39:d3:a1:0e:3e]
RSSI: -71 [da:39:d3:a1:0e:3e]
RSSI: -91 [da:36:ca:a3:11:3a]
RSSI: -71 [da:39:d3:ae:0e:5e]
RSSI: -72 [da:39:d3:bb:0e:8e]
RSSI: -72 [da:39:d3:bb:0e:8e]
RSSI: -91 [da:3c:6d:c6:0b:8c]
RSSI: -93 [da:36:ca:c3:11:9a]
RSSI: -73 [da:39:d3:c9:0e:ae]
RSSI: -74 [da:39:d3:c9:0e:ae]
RSSI: -75 [da:39:d3:d6:0e:ce]
RSSI: -74 [da:39:d3:d6:0e:ce]
RSSI: -77 [da:39:d3:e3:0e:fe]
RSSI: -76 [da:39:d3:e3:0e:fe]
RSSI: -77 [da:39:d3:f0:0f:1e]
RSSI: -94 [da:3c:6d:f1:0c:0c]
RSSI: -75 [da:39:d3:fe:0f:3e]
RSSI: -73 [da:39:d3:fe:0f:3e]
RSSI: -76 [da:39:d4:0a:0f:6e]
RSSI: -91 [da:3c:6e:0e:0c:6c]
RSSI: -75 [da:39:d4:0a:0f:6e]
RSSI: -78 [da:39:d4:18:0f:8e]
RSSI: -74 [da:39:d4:26:0f:be]
RSSI: -78 [da:39:d4:32:0f:de]
RSSI: -91 [da:3c:6e:39:0c:fc]
RSSI: -77 [da:39:d4:40:0f:fe]
RSSI: -80 [da:39:d4:40:0f:fe]
RSSI: -77 [da:39:d4:4d:10:2e]
RSSI: -81 [da:39:d4:5a:10:4e]
RSSI: -86 [da:3c:6e:70:0d:ac]
RSSI: -82 [da:39:d4:68:10:7e]
RSSI: -86 [da:3c:6e:70:0d:ac]
RSSI: -88 [da:36:cb:73:13:8a]
RSSI: -78 [da:39:d4:75:10:9e]
RSSI: -87 [da:36:cb:73:13:8a]
RSSI: -82 [da:39:d4:75:10:9e]
RSSI: -82 [da:39:d4:82:10:be]
RSSI: -81 [da:39:d4:8f:10:ee]
RSSI: -83 [da:39:d4:8f:10:ee]
RSSI: -88 [da:36:cb:9f:14:0a]
RSSI: -90 [da:3c:6e:b8:0e:8c]
RSSI: -87 [da:3c:6e:b8:0e:8c]
RSSI: -85 [da:39:d4:c5:11:7e]
RSSI: -88 [da:3c:6e:c5:0e:bc]
RSSI: -82 [da:39:d4:d2:11:ae]
RSSI: -84 [da:39:d4:df:11:ce]
RSSI: -92 [da:3c:6e:ef:0f:3c]
RSSI: -88 [da:36:cb:f8:15:0a]
RSSI: -89 [da:36:cc:05:15:2a]
RSSI: -91 [da:3c:6f:0d:0f:9c]
RSSI: -88 [da:39:d5:15:12:5e]
RSSI: -89 [da:3c:6f:28:0f:fc]
RSSI: -85 [da:39:d5:2f:12:ae]
RSSI: -86 [da:39:d5:3d:12:ce]
RSSI: -89 [da:36:cc:31:15:aa]
RSSI: -86 [da:39:d5:3d:12:ce]
RSSI: -92 [da:3c:6f:44:10:4c]
RSSI: -93 [da:36:cc:41:15:da]
RSSI: -89 [da:36:cc:41:15:da]
RSSI: -92 [da:39:d5:57:13:1e]
RSSI: -86 [da:39:d5:64:13:4e]
RSSI: -90 [da:36:cc:6d:00:5a]
RSSI: -85 [da:39:d5:71:13:6e]
RSSI: -91 [da:36:cc:6d:00:5a]
RSSI: -83 [da:39:d5:7f:13:8e]
RSSI: -89 [da:36:cc:7d:00:8a]
RSSI: -84 [da:39:d5:8c:13:be]
RSSI: -84 [da:39:d5:8c:13:be]
RSSI: -84 [da:39:d5:99:13:de]
RSSI: -84 [da:39:d5:99:13:de]
RSSI: -85 [da:39:d5:99:13:de]
RSSI: -85 [da:39:d5:a7:14:0e]
RSSI: -88 [da:36:cc:a9:00:fa]
RSSI: -85 [da:39:d5:b4:14:2e]
RSSI: -82 [da:39:d5:c1:14:4e]
RSSI: -77 [da:39:d5:cf:14:6e]
RSSI: -82 [da:39:d5:cf:14:6e]
RSSI: -81 [da:39:d5:dc:14:9e]
RSSI: -76 [da:39:d5:dc:14:9e]
RSSI: -80 [da:39:d5:e9:14:be]
RSSI: -80 [da:39:d5:e9:14:be]
RSSI: -81 [da:39:d5:f7:14:de]
RSSI: -90 [da:36:cc:f2:01:ca]
RSSI: -88 [da:36:cd:02:01:fa]
RSSI: -86 [da:36:cd:02:01:fa]
RSSI: -79 [da:39:d6:04:15:0e]
RSSI: -83 [da:39:d6:11:15:2e]
RSSI: -85 [da:36:cd:1e:02:4a]
RSSI: -82 [da:39:d6:39:15:9e]
RSSI: -83 [da:36:cd:3b:02:9a]
RSSI: -83 [da:39:d6:47:15:be]
RSSI: -81 [da:39:d6:47:15:be]
RSSI: -83 [da:36:cd:4b:02:ca]
RSSI: -78 [da:39:d6:54:15:ee]
RSSI: -81 [da:39:d6:61:16:0e]
RSSI: -83 [da:36:cd:5a:02:fa]
RSSI: -81 [da:39:d6:61:16:0e]
RSSI: -86 [da:3c:70:6e:13:ec]
RSSI: -85 [da:36:cd:67:03:1a]
RSSI: -82 [da:39:d6:6f:16:2e]
RSSI: -78 [da:36:cd:77:03:4a]
RSSI: -83 [da:39:d6:7c:16:5e]
RSSI: -83 [da:36:cd:77:03:4a]
RSSI: -84 [da:39:d6:89:00:2e]
RSSI: -79 [da:36:cd:87:03:7a]
RSSI: -82 [da:3c:70:8c:14:4c]
RSSI: -82 [da:3c:70:a8:14:ac]
RSSI: -81 [da:36:cd:a3:03:ca]
RSSI: -83 [da:3c:70:a8:14:ac]
RSSI: -78 [da:36:cd:a3:03:ca]
RSSI: -80 [da:3c:70:b6:14:dc]
RSSI: -74 [da:36:cd:b3:03:fa]
RSSI: -79 [da:36:cd:c0:04:1a]
RSSI: -77 [da:3c:70:c3:14:fc]
RSSI: -73 [da:36:cd:c0:04:1a]
RSSI: -83 [da:3c:70:d2:15:2c]
RSSI: -95 [da:39:d6:d9:01:0e]
RSSI: -78 [da:36:cd:e0:04:7a]
RSSI: -75 [da:3c:70:ee:15:8c]
RSSI: -74 [da:36:cd:ec:04:9a]
RSSI: -79 [da:36:cd:ec:04:9a]
RSSI: -75 [da:3c:70:fd:15:bc]
RSSI: -75 [da:3c:70:fd:15:bc]
RSSI: -87 [da:39:d7:01:01:7e]
RSSI: -73 [da:36:cd:fc:04:ca]
RSSI: -75 [da:3c:71:0c:15:dc]
RSSI: -77 [da:36:ce:0c:04:fa]
RSSI: -73 [da:3c:71:0c:15:dc]
RSSI: -85 [da:39:d7:0f:01:ae]
RSSI: -76 [da:3c:71:18:16:0c]
RSSI: -77 [da:36:ce:19:05:1a]
RSSI: -78 [da:36:ce:19:05:1a]
RSSI: -76 [da:3c:71:27:16:3c]
RSSI: -85 [da:39:d7:29:01:ee]
RSSI: -81 [da:36:ce:29:05:4a]
RSSI: -71 [da:3c:71:36:16:6c]
RSSI: -76 [da:36:ce:38:05:7a]
RSSI: -86 [da:39:d7:37:02:1e]
RSSI: -76 [da:3c:71:43:00:0c]
RSSI: -82 [da:36:ce:45:05:9a]
RSSI: -73 [da:3c:71:43:00:0c]
RSSI: -79 [da:36:ce:45:05:9a]
RSSI: -78 [da:3c:71:52:00:2c]
RSSI: -85 [da:36:ce:55:05:ca]
RSSI: -78 [da:3c:71:61:00:5c]
RSSI: -85 [da:36:ce:55:05:ca]
RSSI: -88 [da:3c:71:61:00:5c]
RSSI: -84 [da:3c:71:6e:00:8c]
RSSI: -85 [da:36:ce:71:06:1a]
RSSI: -88 [da:39:d7:79:02:de]
RSSI: -89 [da:3c:71:7d:00:bc]
RSSI: -85 [da:39:d7:87:02:fe]
RSSI: -90 [da:3c:71:98:01:0c]
RSSI: -87 [da:3c:71:98:01:0c]
RSSI: -83 [da:39:d7:a2:03:4e]
RSSI: -89 [da:3c:71:a8:01:3c]
RSSI: -86 [da:39:d7:a2:03:4e]
RSSI: -84 [da:39:d7:af:03:6e]
RSSI: -86 [da:39:d7:bd:03:8e]
RSSI: -85 [da:39:d7:ca:03:be]
RSSI: -85 [da:39:d7:ca:03:be]
RSSI: -84 [da:39:d7:d7:03:de]
RSSI: -87 [da:39:d7:e5:03:fe]
RSSI: -87 [da:39:d7:e5:03:fe]
RSSI: -85 [da:39:d7:f2:04:2e]
RSSI: -86 [da:39:d8:00:04:4e]
RSSI: -85 [da:39:d8:0d:04:7e]
RSSI: -89 [da:39:d8:1a:04:9e]
RSSI: -89 [da:36:cf:24:08:1a]
RSSI: -89 [da:39:d8:28:04:ce]
RSSI: -88 [da:36:cf:24:08:1a]
RSSI: -87 [da:36:cf:34:08:4a]
RSSI: -89 [da:39:d8:36:04:ee]
RSSI: -88 [da:36:cf:43:08:7a]
RSSI: -89 [da:36:cf:43:08:7a]
RSSI: -85 [da:39:d8:50:05:3e]
RSSI: -88 [da:39:d8:50:05:3e]
RSSI: -94 [da:3c:72:62:03:8c]
RSSI: -90 [da:36:cf:60:08:ca]
RSSI: -88 [da:39:d8:5e:05:5e]
RSSI: -89 [da:36:cf:60:08:ca]
RSSI: -87 [da:36:cf:7d:09:1a]
RSSI: -88 [da:36:cf:8d:09:4a]
RSSI: -86 [da:36:cf:8d:09:4a]
RSSI: -87 [da:36:cf:a9:09:9a]
RSSI: -91 [da:36:cf:a9:09:9a]
RSSI: -89 [da:39:d8:bb:06:5e]
RSSI: -88 [da:36:cf:b9:09:ca]
RSSI: -94 [da:3c:72:c4:04:bc]
RSSI: -88 [da:34:eb:cc:01:7b]
RSSI: -91 [da:36:cf:d6:0a:1a]
RSSI: -91 [da:36:cf:e6:0a:4a]
RSSI: -92 [da:39:d8:f1:06:fe]
RSSI: -91 [da:36:d0:02:0a:9a]
RSSI: -92 [da:34:ec:05:02:2b]
RSSI: -89 [da:36:d0:13:0a:ca]
RSSI: -89 [da:36:d0:13:0a:ca]
RSSI: -87 [da:39:d9:42:07:de]
RSSI: -88 [da:36:d0:3f:0b:4a]
RSSI: -88 [da:39:d9:4f:07:fe]
RSSI: -86 [da:39:d9:4f:07:fe]
RSSI: -85 [da:39:d9:5c:08:2e]
RSSI: -92 [da:36:d0:6c:0b:ca]
RSSI: -84 [da:39:d9:6a:08:4e]
RSSI: -91 [da:36:d0:6c:0b:ca]
RSSI: -86 [da:39:d9:78:08:7e]
RSSI: -85 [da:39:d9:78:08:7e]
RSSI: -90 [da:36:d0:7c:0b:fa]
RSSI: -84 [da:39:d9:84:08:9e]
RSSI: -86 [da:39:d9:84:08:9e]
RSSI: -92 [da:36:d0:88:0c:1a]
RSSI: -83 [da:39:d9:92:08:ce]
RSSI: -90 [da:36:d0:98:0c:4a]
RSSI: -83 [da:39:d9:a0:08:ee]
RSSI: -89 [da:36:d0:a8:0c:7a]
RSSI: -81 [da:39:d9:ad:09:0e]
RSSI: -81 [da:39:d9:bb:09:3e]
RSSI: -81 [da:39:d9:bb:09:3e]
RSSI: -82 [da:39:d9:c9:09:5e]
RSSI: -82 [da:39:d9:c9:09:5e]
RSSI: -83 [da:39:d9:d5:09:7e]
RSSI: -83 [da:39:d9:d5:09:7e]
RSSI: -82 [da:39:d9:e3:09:ae]
RSSI: -83 [da:39:d9:e3:09:ae]
RSSI: -83 [da:39:d9:f1:09:ce]
RSSI: -81 [da:39:d9:f1:09:ce]
RSSI: -80 [da:39:d9:fe:09:fe]
RSSI: -80 [da:39:d9:fe:09:fe]
RSSI: -78 [da:39:da:0b:0a:1e]
RSSI: -91 [da:3c:74:0e:08:cc]
RSSI: -78 [da:39:da:0b:0a:1e]
RSSI: -77 [da:39:da:19:0a:4e]
RSSI: -77 [da:39:da:26:0a:6e]
RSSI: -77 [da:39:da:34:0a:8e]
RSSI: -79 [da:39:da:42:0a:be]
RSSI: -89 [da:3c:74:46:09:8c]
RSSI: -79 [da:39:da:42:0a:be]
RSSI: -98 [da:3c:74:55:09:bc]
RSSI: -81 [da:39:da:5c:0b:0e]
RSSI: -80 [da:39:da:5c:0b:0e]
RSSI: -77 [da:39:da:6a:0b:2e]
RSSI: -78 [da:39:da:6a:0b:2e]
RSSI: -75 [da:39:da:77:0b:4e]
RSSI: -90 [da:3c:74:80:0a:3c]
RSSI: -74 [da:39:da:85:0b:7e]
RSSI: -89 [da:3c:74:8f:0a:6c]
RSSI: -72 [da:39:da:93:0b:9e]
RSSI: -71 [da:39:da:93:0b:9e]
RSSI: -71 [da:39:da:9f:0b:ce]
RSSI: -70 [da:39:da:9f:0b:ce]
RSSI: -69 [da:39:da:ad:0b:ee]
RSSI: -68 [da:39:da:ad:0b:ee]
RSSI: -69 [da:39:da:ad:0b:ee]
RSSI: -68 [da:39:da:bb:0c:1e]
RSSI: -67 [da:39:da:c8:0c:3e]
RSSI: -67 [da:39:da:c8:0c:3e]
RSSI: -66 [da:39:da:d6:0c:6e]
RSSI: -67 [da:39:da:d6:0c:6e]
RSSI: -66 [da:39:da:e4:0c:8e]
RSSI: -65 [da:39:da:e4:0c:8e]
RSSI: -67 [da:39:da:f0:0c:ae]
RSSI: -66 [da:39:da:f0:0c:ae]
RSSI: -67 [da:39:da:fe:0c:de]
RSSI: -64 [da:39:db:0c:0c:fe]
RSSI: -89 [da:3c:75:10:0c:0c]
RSSI: -66 [da:39:db:19:0d:2e]
RSSI: -66 [da:39:db:27:0d:4e]
RSSI: -65 [da:39:db:27:0d:4e]
RSSI: -64 [da:39:db:35:0d:7e]
RSSI: -64 [da:39:db:35:0d:7e]
RSSI: -66 [da:39:db:41:0d:9e]
RSSI: -64 [da:39:db:41:0d:9e]
RSSI: -67 [da:39:db:4f:0d:be]
RSSI: -67 [da:39:db:4f:0d:be]
RSSI: -65 [da:39:db:5d:0d:ee]
RSSI: -68 [da:39:db:5d:0d:ee]
RSSI: -67 [da:39:db:6a:0e:0e]
RSSI: -66 [da:39:db:6a:0e:0e]
RSSI: -69 [da:39:db:78:0e:2e]
RSSI: -69 [da:39:db:78:0e:2e]
RSSI: -71 [da:39:db:86:0e:5e]
RSSI: -91 [da:36:d2:95:12:0a]
RSSI: -70 [da:39:db:92:0e:7e]
RSSI: -75 [da:39:db:a0:0e:9e]
RSSI: -75 [da:39:db:ae:0e:ce]
RSSI: -80 [da:39:db:ae:0e:ce]
RSSI: -75 [da:39:db:bb:0e:ee]
RSSI: -76 [da:39:db:bb:0e:ee]
RSSI: -80 [da:39:db:c9:0f:1e]
RSSI: -77 [da:39:db:c9:0f:1e]
RSSI: -79 [da:39:db:d7:0f:3e]
RSSI: -79 [da:39:db:d7:0f:3e]
RSSI: -79 [da:39:db:d7:0f:3e]
RSSI: -81 [da:39:db:e3:0f:6e]
RSSI: -77 [da:39:db:f1:0f:8e]
RSSI: -79 [da:39:db:ff:0f:be]
RSSI: -79 [da:39:db:ff:0f:be]
RSSI: -79 [da:39:dc:0c:0f:de]
RSSI: -79 [da:39:dc:1a:10:0e]
RSSI: -88 [da:36:d3:1b:13:8a]
RSSI: -79 [da:39:dc:1a:10:0e]
RSSI: -81 [da:39:dc:1a:10:0e]
RSSI: -79 [da:39:dc:28:10:2e]
RSSI: -88 [da:36:d3:28:13:aa]
RSSI: -81 [da:39:dc:35:10:4e]
RSSI: -80 [da:39:dc:35:10:4e]
RSSI: -87 [da:36:d3:38:13:da]
RSSI: -81 [da:39:dc:43:10:7e]
RSSI: -83 [da:39:dc:43:10:7e]
RSSI: -81 [da:39:dc:51:10:9e]
RSSI: -82 [da:39:dc:51:10:9e]
RSSI: -84 [da:39:dc:5d:10:be]
RSSI: -81 [da:39:dc:5d:10:be]
RSSI: -82 [da:39:dc:6b:10:ee]
RSSI: -87 [da:39:dc:86:11:3e]
RSSI: -90 [da:36:d3:92:14:da]
RSSI: -83 [da:39:dc:94:11:5e]
RSSI: -90 [da:36:d3:92:14:da]
RSSI: -85 [da:39:dc:a2:11:7e]
RSSI: -91 [da:36:d3:a2:15:0a]
RSSI: -86 [da:39:dc:a2:11:7e]
RSSI: -89 [da:36:d3:a2:15:0a]
RSSI: -85 [da:39:dc:ae:11:ae]
RSSI: -87 [da:39:dc:bd:11:ce]
RSSI: -90 [da:36:d3:bf:15:6a]
RSSI: -87 [da:39:dc:ca:11:fe]
RSSI: -90 [da:39:dc:d7:12:1e]
RSSI: -89 [da:39:dc:d7:12:1e]
RSSI: -88 [da:36:d3:dc:15:ba]
RSSI: -86 [da:39:dc:e5:12:3e]
RSSI: -92 [da:39:dd:0e:12:be]
RSSI: -90 [da:39:dd:0e:12:be]
RSSI: -92 [da:3c:77:23:12:9c]
RSSI: -89 [da:3c:77:41:12:fc]
RSSI: -88 [da:39:dd:65:13:ae]
RSSI: -87 [da:39:dd:75:13:de]
RSSI: -85 [da:39:dd:81:13:fe]
RSSI: -87 [da:39:dd:81:13:fe]
RSSI: -89 [da:3c:77:98:14:0c]
RSSI: -85 [da:3c:77:a5:14:2c]
RSSI: -81 [da:3c:77:a5:14:2c]
RSSI: -83 [da:39:dd:aa:14:6e]
RSSI: -83 [da:39:dd:aa:14:6e]
RSSI: -88 [da:3c:77:b4:14:5c]
RSSI: -83 [da:39:dd:b8:14:9e]
RSSI: -79 [da:3c:77:c3:14:8c]
RSSI: -83 [da:39:dd:c6:14:be]
RSSI: -85 [da:3c:77:d0:14:bc]
RSSI: -81 [da:39:dd:d3:14:ee]
RSSI: -83 [da:3c:77:df:14:ec]
RSSI: -83 [da:39:dd:e1:15:0e]
RSSI: -82 [da:3c:77:df:14:ec]
RSSI: -84 [da:39:dd:e1:15:0e]
RSSI: -84 [da:39:dd:e1:15:0e]
RSSI: -86 [da:3c:77:ef:15:0c]
RSSI: -85 [da:39:dd:ef:15:3e]
RSSI: -80 [da:3c:77:fb:15:3c]
RSSI: -86 [da:39:dd:fc:15:5e]
RSSI: -79 [da:3c:77:fb:15:3c]
RSSI: -86 [da:3c:78:0b:15:6c]
RSSI: -88 [da:36:d5:07:02:da]
RSSI: -86 [da:39:de:0a:15:7e]
RSSI: -76 [da:3c:78:0b:15:6c]
RSSI: -82 [da:39:de:0a:15:7e]
RSSI: -82 [da:3c:78:1a:15:9c]
RSSI: -89 [da:36:d5:14:02:fa]
RSSI: -87 [da:39:de:18:15:ae]
RSSI: -86 [da:36:d5:14:02:fa]
RSSI: -84 [da:39:de:18:15:ae]
RSSI: -85 [da:36:d5:21:03:1a]
RSSI: -85 [da:39:de:25:15:ce]
RSSI: -79 [da:3c:78:27:15:bc]
RSSI: -86 [da:36:d5:2d:03:3a]
RSSI: -82 [da:3c:78:36:15:ec]
RSSI: -80 [da:39:de:33:15:ee]
RSSI: -77 [da:3c:78:45:16:1c]
RSSI: -82 [da:36:d5:3a:03:6a]
RSSI: -82 [da:39:de:41:16:1e]
RSSI: -76 [da:3c:78:45:16:1c]
RSSI: -83 [da:39:de:4d:16:3e]
RSSI: -78 [da:3c:78:52:16:4c]
RSSI: -84 [da:39:de:4d:16:3e]
RSSI: -85 [da:39:de:5c:16:6e]
RSSI: -78 [da:3c:78:61:16:7c]
RSSI: -85 [da:39:de:5c:16:6e]
RSSI: -86 [da:39:de:6a:00:2e]
RSSI: -85 [da:3c:78:71:00:3c]
RSSI: -85 [da:39:de:76:00:4e]
RSSI: -87 [da:39:de:76:00:4e]
RSSI: -86 [da:3c:78:7d:00:5c]
RSSI: -79 [da:36:d5:86:04:3a]
RSSI: -85 [da:39:de:84:00:7e]
RSSI: -88 [da:3c:78:8d:00:8c]
RSSI: -87 [da:36:d5:93:04:6a]
RSSI: -89 [da:39:de:9f:00:be]
RSSI: -85 [da:36:d5:ad:04:aa]
RSSI: -85 [da:36:d5:ad:04:aa]
RSSI: -92 [da:39:de:c8:01:3e]
RSSI: -84 [da:36:d5:d3:05:1a]
RSSI: -84 [da:36:d5:d3:05:1a]
RSSI: -89 [da:3c:78:d4:01:6c]
RSSI: -87 [da:39:de:f1:01:ae]
RSSI: -87 [da:36:d5:f9:05:8a]
RSSI: -87 [da:36:d6:13:05:da]
RSSI: -88 [da:39:df:28:02:4e]
RSSI: -88 [da:36:d6:2c:06:1a]
RSSI: -91 [da:36:d6:39:06:3a]
RSSI: -89 [da:3c:79:3a:02:ac]
RSSI: -94 [da:39:df:5f:02:de]
RSSI: -91 [da:36:d6:6c:06:ca]
RSSI: -90 [da:39:df:7a:03:2e]
RSSI: -93 [da:36:d6:92:07:3a]
RSSI: -89 [da:39:df:95:03:7e]
RSSI: -89 [da:39:df:a3:03:9e]
RSSI: -87 [da:39:df:b1:03:ce]
RSSI: -89 [da:39:df:b1:03:ce]
RSSI: -93 [da:3c:79:cc:04:7c]
RSSI: -91 [da:3c:79:d9:04:9c]
RSSI: -88 [da:39:df:da:04:3e]
RSSI: -93 [da:39:e0:03:04:ae]
RSSI: -94 [da:39:e0:1e:04:fe]
RSSI: -93 [da:3c:7a:29:05:9c]
RSSI: -92 [da:36:d7:38:09:1a]
RSSI: -91 [da:39:e0:47:05:7e]
RSSI: -93 [da:3c:7a:55:06:1c]
RSSI: -91 [da:34:f3:54:01:5b]
RSSI: -94 [da:39:e0:62:05:be]
RSSI: -94 [da:36:d7:6b:09:aa]
RSSI: -92 [da:36:d7:85:09:fa]
RSSI: -91 [da:39:e0:a7:06:8e]
RSSI: -88 [da:39:e0:b4:06:ae]
RSSI: -93 [da:36:d7:b8:0a:8a]
RSSI: -89 [da:39:e0:c2:06:ce]
RSSI: -90 [da:39:e0:dd:07:1e]
RSSI: -89 [da:36:d7:eb:0b:1a]
RSSI: -91 [da:3c:7b:03:08:4c]
RSSI: -89 [da:36:d8:05:0b:6a]
RSSI: -90 [da:3c:7b:10:08:7c]
RSSI: -93 [da:39:e1:22:07:ee]
RSSI: -88 [da:3c:7b:2f:08:dc]
RSSI: -87 [da:3c:7b:3b:08:fc]
RSSI: -93 [da:39:e1:3d:08:3e]
RSSI: -89 [da:3c:7b:4b:09:2c]
RSSI: -90 [da:39:e1:4c:08:5e]
RSSI: -85 [da:3c:7b:77:09:bc]
RSSI: -87 [da:39:e1:75:08:de]
RSSI: -86 [da:39:e1:75:08:de]
RSSI: -85 [da:39:e1:81:08:fe]
RSSI: -89 [da:39:e1:81:08:fe]
RSSI: -89 [da:39:e1:90:09:1e]
RSSI: -84 [da:39:e1:90:09:1e]
RSSI: -86 [da:3c:7b:a2:0a:3c]
RSSI: -88 [da:39:e1:9e:09:4e]
RSSI: -85 [da:3c:7b:a2:0a:3c]
RSSI: -89 [da:39:e1:ab:09:6e]
RSSI: -83 [da:3c:7b:b2:0a:6c]
RSSI: -88 [da:39:e1:c7:09:be]
RSSI: -88 [da:3c:7b:ce:0a:cc]
RSSI: -84 [da:39:e1:e2:0a:0e]
RSSI: -89 [da:3c:7b:ea:0b:2c]
RSSI: -85 [da:39:e1:f0:0a:2e]
RSSI: -83 [da:39:e1:f0:0a:2e]
RSSI: -84 [da:39:e1:fd:0a:5e]
RSSI: -86 [da:3c:7c:09:0b:8c]
RSSI: -86 [da:39:e2:0b:0a:7e]
RSSI: -89 [da:3c:7c:16:0b:ac]
RSSI: -82 [da:39:e2:1a:0a:ae]
RSSI: -87 [da:39:e2:26:0a:ce]
RSSI: -84 [da:39:e2:35:0a:fe]
RSSI: -85 [da:39:e2:43:0b:1e]
RSSI: -88 [da:39:e2:43:0b:1e]
RSSI: -88 [da:3c:7c:61:0c:9c]
RSSI: -86 [da:39:e2:5e:0b:6e]
RSSI: -87 [da:3c:7c:6d:0c:cc]
RSSI: -85 [da:39:e2:6c:0b:8e]
RSSI: -91 [da:3c:7c:6d:0c:cc]
RSSI: -80 [da:39:e2:79:0b:be]
RSSI: -91 [da:3c:7c:8d:0d:2c]
RSSI: -81 [da:39:e2:87:0b:de]
RSSI: -87 [da:3c:7c:8d:0d:2c]
RSSI: -79 [da:39:e2:95:0c:0e]
RSSI: -79 [da:39:e2:95:0c:0e]
RSSI: -75 [da:39:e2:a2:0c:2e]
RSSI: -79 [da:39:e2:a2:0c:2e]
RSSI: -77 [da:39:e2:b0:0c:5e]
RSSI: -84 [da:3c:7c:b8:0d:bc]
RSSI: -73 [da:39:e2:b0:0c:5e]
RSSI: -79 [da:39:e2:bf:0c:7e]
RSSI: -77 [da:39:e2:bf:0c:7e]
RSSI: -84 [da:3c:7c:c5:0d:dc]
RSSI: -83 [da:3c:7c:c5:0d:dc]
RSSI: -80 [da:39:e2:cb:0c:9e]
RSSI: -71 [da:39:e2:da:0c:ce]
RSSI: -96 [da:34:f5:cf:08:cb]
RSSI: -72 [da:39:e2:da:0c:ce]
RSSI: -78 [da:39:e2:e8:0c:ee]
RSSI: -79 [da:39:e2:f4:0d:1e]
RSSI: -71 [da:39:e3:03:0d:3e]
RSSI: -80 [da:39:e3:03:0d:3e]
RSSI: -81 [da:39:e3:03:0d:3e]
RSSI: -79 [da:39:e3:11:0d:6e]
RSSI: -72 [da:39:e3:11:0d:6e]
RSSI: -80 [da:39:e3:1e:0d:8e]
RSSI: -79 [da:39:e3:1e:0d:8e]
RSSI: -79 [da:39:e3:2c:0d:be]
RSSI: -79 [da:39:e3:2c:0d:be]
RSSI: -79 [da:39:e3:2c:0d:be]
RSSI: -74 [da:39:e3:3a:0d:de]
RSSI: -81 [da:39:e3:47:0d:fe]
RSSI: -78 [da:39:e3:56:0e:2e]
RSSI: -82 [da:39:e3:56:0e:2e]
RSSI: -76 [da:39:e3:64:0e:5e]
RSSI: -79 [da:39:e3:64:0e:5e]
RSSI: -78 [da:39:e3:70:0e:7e]
RSSI: -82 [da:39:e3:7f:0e:9e]
RSSI: -80 [da:39:e3:8d:0e:ce]
RSSI: -82 [da:39:e3:9a:0e:ee]
RSSI: -81 [da:39:e3:9a:0e:ee]
RSSI: -85 [da:39:e3:a8:0f:1e]
RSSI: -82 [da:39:e3:a8:0f:1e]
RSSI: -83 [da:39:e3:b7:0f:3e]
RSSI: -82 [da:39:e3:b7:0f:3e]
RSSI: -84 [da:39:e3:c3:0f:6e]
RSSI: -85 [da:39:e3:e0:0f:be]
RSSI: -86 [da:39:e3:e0:0f:be]
RSSI: -82 [da:39:e3:ed:0f:de]
RSSI: -86 [da:39:e3:ed:0f:de]
RSSI: -83 [da:39:e3:fb:0f:fe]
RSSI: -88 [da:36:da:fc:13:fa]
RSSI: -84 [da:39:e3:fb:0f:fe]
RSSI: -82 [da:39:e4:09:10:2e]
RSSI: -82 [da:39:e4:09:10:2e]
RSSI: -90 [da:36:db:09:14:1a]
RSSI: -83 [da:39:e4:16:10:4e]
RSSI: -80 [da:39:e4:16:10:4e]
RSSI: -81 [da:39:e4:25:10:7e]
RSSI: -91 [da:36:db:3d:14:aa]
RSSI: -85 [da:39:e4:3f:10:be]
RSSI: -91 [da:36:db:3d:14:aa]
RSSI: -82 [da:39:e4:4e:10:ee]
RSSI: -82 [da:39:e4:5c:11:1e]
RSSI: -82 [da:39:e4:5c:11:1e]
RSSI: -84 [da:39:e4:69:11:3e]
RSSI: -81 [da:39:e4:69:11:3e]
RSSI: -89 [da:36:db:70:15:4a]
RSSI: -82 [da:39:e4:77:11:5e]
RSSI: -90 [da:36:db:7d:15:6a]
RSSI: -85 [da:39:e4:86:11:8e]
RSSI: -92 [da:39:e4:92:11:ae]
RSSI: -84 [da:39:e4:a1:11:de]
RSSI: -85 [da:3c:7e:a8:13:cc]
RSSI: -89 [da:36:db:a4:15:da]
RSSI: -86 [da:39:e4:af:11:fe]
RSSI: -86 [da:3c:7e:b7:13:fc]
RSSI: -81 [da:3c:7e:b7:13:fc]
RSSI: -85 [da:39:e4:bc:12:1e]
RSSI: -83 [da:39:e4:bc:12:1e]
RSSI: -81 [da:3c:7e:c7:14:2c]
RSSI: -82 [da:39:e4:ca:12:4e]
RSSI: -82 [da:39:e4:ca:12:4e]
RSSI: -80 [da:3c:7e:d4:14:5c]
RSSI: -79 [da:3c:7e:d4:14:5c]
RSSI: -78 [da:3c:7e:d4:14:5c]
RSSI: -87 [da:39:e4:d9:12:7e]
RSSI: -75 [da:3c:7e:e3:14:8c]
RSSI: -86 [da:39:e4:e5:12:9e]
RSSI: -76 [da:3c:7e:e3:14:8c]
RSSI: -86 [da:39:e4:e5:12:9e]
RSSI: -76 [da:3c:7e:f3:14:bc]
RSSI: -74 [da:3c:7e:f3:14:bc]
RSSI: -89 [da:39:e4:f4:12:ce]
RSSI: -76 [da:3c:7f:00:14:ec]
RSSI: -76 [da:3c:7f:00:14:ec]
RSSI: -91 [da:39:e5:0f:13:0e]
RSSI: -74 [da:3c:7f:0f:15:1c]
RSSI: -78 [da:3c:7f:0f:15:1c]
RSSI: -87 [da:39:e5:0f:13:0e]
RSSI: -71 [da:3c:7f:1f:15:4c]
RSSI: -71 [da:3c:7f:2c:15:6c]
RSSI: -86 [da:39:e5:2c:13:5e]
RSSI: -81 [da:3c:7f:3b:15:9c]
RSSI: -76 [da:3c:7f:4b:15:cc]
RSSI: -82 [da:3c:7f:4b:15:cc]
RSSI: -78 [da:3c:7f:58:15:fc]
RSSI: -77 [da:3c:7f:68:16:2c]
RSSI: -93 [da:39:e5:8b:14:6e]
RSSI: -90 [da:36:dc:8d:02:2a]
RSSI: -90 [da:36:dc:9a:02:5a]
RSSI: -89 [da:3c:7f:a3:00:6c]
RSSI: -93 [da:39:e5:d2:15:2e]
RSSI: -89 [da:36:dc:e8:03:3a]
RSSI: -88 [da:36:dc:e8:03:3a]
RSSI: -86 [da:36:dc:e8:03:3a]
RSSI: -91 [da:39:e6:08:15:ce]
RSSI: -91 [da:39:e6:08:15:ce]
RSSI: -90 [da:36:dd:0f:03:aa]
RSSI: -88 [da:36:dd:1c:03:ca]
RSSI: -90 [da:36:dd:29:03:ea]
RSSI: -85 [da:36:dd:36:04:1a]
RSSI: -88 [da:39:e6:4f:00:5e]
RSSI: -84 [da:36:dd:5d:04:8a]
RSSI: -87 [da:39:e6:6a:00:9e]
RSSI: -84 [da:36:dd:84:04:fa]
RSSI: -83 [da:36:dd:91:05:1a]
RSSI: -85 [da:36:dd:91:05:1a]
RSSI: -90 [da:39:e6:94:01:1e]
RSSI: -84 [da:36:dd:ab:05:6a]
RSSI: -83 [da:36:dd:b8:05:8a]
RSSI: -83 [da:36:dd:b8:05:8a]
RSSI: -83 [da:36:dd:c5:05:aa]
RSSI: -86 [da:36:dd:d2:05:da]
RSSI: -88 [da:36:dd:df:05:fa]
RSSI: -85 [da:39:e6:e7:01:fe]
RSSI: -87 [da:36:dd:f9:06:3a]
RSSI: -90 [da:36:de:06:06:6a]
RSSI: -84 [da:39:e7:1f:02:9e]
RSSI: -91 [da:39:e7:3b:02:ee]
RSSI: -89 [da:39:e7:49:03:1e]
RSSI: -97 [da:3c:81:4d:05:9c]
RSSI: -87 [da:39:e7:64:03:6e]
RSSI: -86 [da:39:e7:73:03:8e]
RSSI: -85 [da:39:e7:8e:03:de]
RSSI: -88 [da:39:e7:8e:03:de]
RSSI: -83 [da:39:e7:9d:04:0e]
RSSI: -82 [da:39:e7:9d:04:0e]
RSSI: -89 [da:34:fa:9c:00:ab]
RSSI: -83 [da:39:e7:a9:04:2e]
RSSI: -82 [da:39:e7:b8:04:4e]
RSSI: -82 [da:39:e7:c6:04:7e]
RSSI: -80 [da:39:e7:c6:04:7e]
RSSI: -83 [da:39:e7:d3:04:9e]
RSSI: -80 [da:39:e7:d3:04:9e]
RSSI: -81 [da:39:e7:e2:04:ce]
RSSI: -83 [da:39:e7:e2:04:ce]
RSSI: -82 [da:39:e7:f0:04:ee]
RSSI: -81 [da:39:e7:f0:04:ee]
RSSI: -85 [da:39:e7:fd:05:1e]
RSSI: -90 [da:36:df:0b:09:4a]
RSSI: -89 [da:34:fb:04:01:db]
RSSI: -84 [da:39:e8:0b:05:3e]
RSSI: -86 [da:39:e8:1a:05:6e]
RSSI: -84 [da:39:e8:27:05:8e]
RSSI: -83 [da:39:e8:35:05:be]
RSSI: -84 [da:39:e8:35:05:be]
RSSI: -84 [da:39:e8:35:05:be]
RSSI: -83 [da:39:e8:44:05:de]
RSSI: -86 [da:39:e8:44:05:de]
RSSI: -84 [da:39:e8:50:06:0e]
RSSI: -83 [da:39:e8:50:06:0e]
RSSI: -87 [da:39:e8:5f:06:2e]
RSSI: -89 [da:3c:82:67:09:1c]
RSSI: -87 [da:39:e8:6e:06:5e]
RSSI: -89 [da:3c:82:73:09:3c]
RSSI: -91 [da:36:df:74:0a:7a]
RSSI: -91 [da:3c:82:83:09:7c]
RSSI: -84 [da:39:e8:7a:06:7e]
RSSI: -86 [da:39:e8:89:06:ae]
RSSI: -86 [da:39:e8:89:06:ae]
RSSI: -83 [da:39:e8:97:06:ce]
RSSI: -90 [da:3c:82:93:09:ac]
RSSI: -84 [da:39:e8:97:06:ce]
RSSI: -83 [da:39:e8:a4:06:fe]
RSSI: -86 [da:3c:82:af:09:fc]
RSSI: -84 [da:39:e8:b3:07:1e]
RSSI: -91 [da:36:df:b5:0b:3a]
RSSI: -85 [da:39:e8:c1:07:4e]
RSSI: -91 [da:36:df:c2:0b:6a]
RSSI: -85 [da:39:e8:ce:07:6e]
RSSI: -87 [da:39:e8:ce:07:6e]
RSSI: -92 [da:36:df:cf:0b:8a]
RSSI: -86 [da:3c:82:dc:0a:8c]
RSSI: -90 [da:3c:82:dc:0a:8c]
RSSI: -87 [da:39:e8:dd:07:9e]
RSSI: -87 [da:39:e8:eb:07:be]
RSSI: -86 [da:39:e8:f8:07:ee]
RSSI: -87 [da:39:e8:f8:07:ee]
RSSI: -92 [da:36:e0:03:0c:1a]
RSSI: -88 [da:3c:83:08:0b:1c]
RSSI: -91 [da:36:e0:03:0c:1a]
RSSI: -89 [da:39:e9:07:08:0e]
RSSI: -96 [da:3c:83:08:0b:1c]
RSSI: -90 [da:36:e0:11:0c:4a]
RSSI: -88 [da:39:e9:15:08:3e]
RSSI: -89 [da:3c:83:18:0b:4c]
RSSI: -89 [da:3c:83:25:0b:7c]
RSSI: -92 [da:36:e0:2b:0c:8a]
RSSI: -89 [da:39:e9:30:08:7e]
RSSI: -89 [da:39:e9:3f:08:ae]
RSSI: -92 [da:36:e0:45:0c:da]
RSSI: -90 [da:39:e9:4c:08:ce]
RSSI: -89 [da:3c:83:61:0c:3c]
RSSI: -88 [da:3c:83:61:0c:3c]
RSSI: -91 [da:39:e9:76:09:4e]
RSSI: -88 [da:3c:83:7e:0c:8c]
RSSI: -91 [da:39:e9:84:09:6e]
RSSI: -84 [da:39:e9:93:09:9e]
RSSI: -85 [da:3c:83:8d:0c:cc]
RSSI: -82 [da:3c:83:9d:0c:fc]
RSSI: -85 [da:39:e9:a0:09:be]
RSSI: -89 [da:39:e9:a0:09:be]
RSSI: -84 [da:3c:83:aa:0d:1c]
RSSI: -83 [da:3c:83:aa:0d:1c]
RSSI: -85 [da:39:e9:ae:09:ee]
RSSI: -84 [da:3c:83:ba:0d:4c]
RSSI: -86 [da:39:e9:bd:0a:0e]
RSSI: -83 [da:39:e9:ca:0a:3e]
RSSI: -85 [da:39:e9:ca:0a:3e]
RSSI: -85 [da:3c:83:d6:0d:ac]
RSSI: -80 [da:39:e9:d8:0a:5e]
RSSI: -80 [da:39:e9:e7:0a:8e]
RSSI: -85 [da:3c:83:e7:0d:dc]
RSSI: -78 [da:39:e9:f4:0a:ae]
RSSI: -76 [da:39:ea:02:0a:de]
RSSI: -78 [da:39:ea:02:0a:de]
RSSI: -88 [da:3c:84:03:0e:3c]
RSSI: -78 [da:39:ea:11:0a:fe]
RSSI: -78 [da:39:ea:11:0a:fe]
RSSI: -78 [da:39:ea:1e:0b:2e]
RSSI: -84 [da:3c:84:23:0e:9c]
RSSI: -90 [da:3c:84:2f:0e:cc]
RSSI: -81 [da:39:ea:2c:0b:4e]
RSSI: -86 [da:3c:84:2f:0e:cc]
RSSI: -78 [da:39:ea:3b:0b:7e]
RSSI: -79 [da:39:ea:3b:0b:7e]
RSSI: -81 [da:39:ea:48:0b:9e]
RSSI: -76 [da:39:ea:48:0b:9e]
RSSI: -76 [da:39:ea:56:0b:ce]
RSSI: -76 [da:39:ea:56:0b:ce]
RSSI: -74 [da:39:ea:65:0b:ee]
RSSI: -74 [da:39:ea:65:0b:ee]
RSSI: -71 [da:39:ea:72:0c:1e]
RSSI: -71 [da:39:ea:80:0c:3e]
RSSI: -69 [da:39:ea:80:0c:3e]
RSSI: -70 [da:39:ea:8f:0c:6e]
RSSI: -69 [da:39:ea:9c:0c:8e]
RSSI: -69 [da:39:ea:9c:0c:8e]
RSSI: -68 [da:39:ea:ab:0c:be]
RSSI: -67 [da:39:ea:b9:0c:de]
RSSI: -66 [da:39:ea:b9:0c:de]
RSSI: -68 [da:39:ea:c6:0d:0e]
RSSI: -88 [da:3c:84:c5:10:9c]
RSSI: -67 [da:39:ea:d5:0d:2e]
RSSI: -67 [da:39:ea:d5:0d:2e]
RSSI: -65 [da:39:ea:e3:0d:5e]
RSSI: -67 [da:39:ea:e3:0d:5e]
RSSI: -67 [da:39:ea:f0:0d:7e]
RSSI: -65 [da:39:ea:f0:0d:7e]
RSSI: -67 [da:39:ea:ff:0d:ae]
RSSI: -87 [da:3c:85:02:11:5c]
RSSI: -86 [da:3c:85:0e:11:8c]
RSSI: -67 [da:39:eb:0d:0d:de]
RSSI: -92 [da:36:e2:19:12:1a]
RSSI: -67 [da:39:eb:1a:0d:fe]
RSSI: -88 [da:3c:85:1e:11:bc]
RSSI: -68 [da:39:eb:1a:0d:fe]
RSSI: -67 [da:39:eb:2e:0e:3e]
RSSI: -67 [da:39:eb:2e:0e:3e]
RSSI: -68 [da:39:eb:2e:0e:3e]
RSSI: -68 [da:39:eb:3e:0e:5e]
RSSI: -68 [da:39:eb:3e:0e:5e]
RSSI: -69 [da:39:eb:4b:0e:8e]
RSSI: -81 [da:3c:85:4b:12:4c]
RSSI: -70 [da:39:eb:4b:0e:8e]
RSSI: -82 [da:3c:85:5b:12:7c]
RSSI: -70 [da:39:eb:5a:0e:ae]
RSSI: -72 [da:39:eb:5a:0e:ae]
RSSI: -71 [da:39:eb:68:0e:de]
RSSI: -72 [da:39:eb:68:0e:de]
RSSI: -74 [da:39:eb:75:0e:fe]
RSSI: -80 [da:3c:85:77:12:dc]
RSSI: -73 [da:39:eb:75:0e:fe]
RSSI: -77 [da:3c:85:77:12:dc]
RSSI: -81 [da:3c:85:87:13:0c]
RSSI: -74 [da:39:eb:84:0f:2e]
RSSI: -82 [da:3c:85:87:13:0c]
RSSI: -94 [da:36:e2:90:13:6a]
RSSI: -86 [da:3c:85:94:13:2c]
RSSI: -76 [da:39:eb:9f:0f:6e]
RSSI: -79 [da:39:eb:ae:0f:9e]
RSSI: -89 [da:3c:85:b4:13:8c]
RSSI: -76 [da:39:eb:ae:0f:9e]
RSSI: -78 [da:39:eb:bd:0f:ce]
RSSI: -77 [da:3c:85:c1:13:bc]
RSSI: -78 [da:39:eb:bd:0f:ce]
RSSI: -89 [da:36:e2:c5:14:0a]
RSSI: -78 [da:39:eb:c9:0f:ee]
RSSI: -77 [da:3c:85:d1:13:ec]
RSSI: -73 [da:3c:85:d1:13:ec]
RSSI: -77 [da:39:eb:d8:10:1e]
RSSI: -77 [da:3c:85:e1:14:1c]
RSSI: -75 [da:3c:85:e1:14:1c]
RSSI: -78 [da:39:eb:e7:10:3e]
RSSI: -89 [da:36:e2:ec:14:7a]
RSSI: -73 [da:3c:85:ed:14:4c]
RSSI: -76 [da:39:eb:f4:10:5e]
RSSI: -71 [da:3c:85:fd:14:7c]
RSSI: -70 [da:3c:85:fd:14:7c]
RSSI: -80 [da:39:ec:02:10:8e]
RSSI: -71 [da:3c:86:0d:14:ac]
RSSI: -76 [da:39:ec:02:10:8e]
RSSI: -69 [da:3c:86:0d:14:ac]
RSSI: -77 [da:39:ec:11:10:be]
RSSI: -83 [da:39:ec:11:10:be]
RSSI: -70 [da:3c:86:1a:14:cc]
RSSI: -76 [da:39:ec:1e:10:de]
RSSI: -67 [da:3c:86:1a:14:cc]
RSSI: -80 [da:39:ec:1e:10:de]
RSSI: -67 [da:3c:86:2a:15:0c]
RSSI: -76 [da:39:ec:2d:11:0e]
RSSI: -70 [da:3c:86:2a:15:0c]
RSSI: -81 [da:39:ec:2d:11:0e]
RSSI: -67 [da:3c:86:3a:15:3c]
RSSI: -90 [da:36:e3:3c:15:5a]
RSSI: -83 [da:39:ec:3b:11:2e]
RSSI: -72 [da:3c:86:57:15:8c]
RSSI: -79 [da:39:ec:57:11:7e]
RSSI: -68 [da:3c:86:57:15:8c]
RSSI: -80 [da:39:ec:57:11:7e]
RSSI: -68 [da:3c:86:67:15:bc]
RSSI: -83 [da:39:ec:66:11:ae]
RSSI: -71 [da:3c:86:67:15:bc]
RSSI: -69 [da:3c:86:73:15:ec]
RSSI: -80 [da:39:ec:81:11:fe]
RSSI: -70 [da:3c:86:83:16:1c]
RSSI: -81 [da:39:ec:81:11:fe]
RSSI: -73 [da:3c:86:93:16:4c]
RSSI: -82 [da:39:ec:90:12:1e]
RSSI: -72 [da:3c:86:93:16:4c]
RSSI: -80 [da:39:ec:90:12:1e]
RSSI: -73 [da:3c:86:93:16:4c]
RSSI: -77 [da:3c:86:a0:16:7c]
RSSI: -80 [da:39:ec:9d:12:4e]
RSSI: -83 [da:39:ec:ab:12:6e]
RSSI: -81 [da:3c:86:b0:00:3c]
RSSI: -83 [da:39:ec:ba:12:9e]
RSSI: -82 [da:3c:86:c0:00:6c]
RSSI: -82 [da:39:ec:c7:12:be]
RSSI: -86 [da:39:ec:c7:12:be]
RSSI: -83 [da:39:ec:d6:12:ee]
RSSI: -84 [da:3c:86:dd:00:bc]
RSSI: -86 [da:39:ec:d6:12:ee]
RSSI: -82 [da:3c:86:dd:00:bc]
RSSI: -86 [da:39:ec:e5:13:0e]
RSSI: -82 [da:3c:86:dd:00:bc]
RSSI: -82 [da:39:ec:e5:13:0e]
RSSI: -79 [da:3c:86:ed:00:fc]
RSSI: -80 [da:3c:86:ed:00:fc]
RSSI: -85 [da:39:ec:f1:13:3e]
RSSI: -86 [da:39:ec:f1:13:3e]
RSSI: -85 [da:39:ec:f1:13:3e]
RSSI: -78 [da:3c:86:f9:01:1c]
RSSI: -84 [da:39:ed:00:13:5e]
RSSI: -84 [da:39:ed:00:13:5e]
RSSI: -83 [da:3c:87:09:01:4c]
RSSI: -85 [da:39:ed:0f:13:8e]
RSSI: -81 [da:3c:87:09:01:4c]
RSSI: -85 [da:39:ed:0f:13:8e]
RSSI: -87 [da:3c:87:19:01:7c]
RSSI: -88 [da:39:ed:1b:13:ae]
RSSI: -88 [da:3c:87:19:01:7c]
RSSI: -84 [da:39:ed:1b:13:ae]
RSSI: -91 [da:36:e4:2a:01:ba]
RSSI: -86 [da:3c:87:36:01:dc]
RSSI: -93 [da:3c:87:46:02:0c]
RSSI: -84 [da:3c:87:46:02:0c]
RSSI: -90 [da:39:ed:63:14:7e]
RSSI: -94 [da:3c:87:73:02:9c]
RSSI: -92 [da:39:ed:8e:14:ee]
RSSI: -86 [da:39:ed:9a:15:0e]
RSSI: -86 [da:3c:87:a0:03:2c]
RSSI: -87 [da:3c:87:a0:03:2c]
RSSI: -87 [da:3c:87:ac:03:5c]
RSSI: -88 [da:39:ed:a9:15:3e]
RSSI: -88 [da:39:ed:b8:15:6e]
RSSI: -87 [da:3c:87:bd:03:8c]
RSSI: -90 [da:36:e4:d6:03:aa]
RSSI: -91 [da:39:ed:d4:15:be]
RSSI: -88 [da:36:e4:d6:03:aa]
RSSI: -90 [da:3c:87:d9:03:dc]
RSSI: -87 [da:39:ed:d4:15:be]
RSSI: -85 [da:39:ed:e3:15:de]
RSSI: -85 [da:36:e4:e3:03:ca]
RSSI: -85 [da:3c:87:e9:04:0c]
RSSI: -83 [da:39:ed:ef:15:fe]
RSSI: -87 [da:3c:87:fa:04:4c]
RSSI: -88 [da:3c:87:fa:04:4c]
RSSI: -84 [da:36:e4:fd:04:1a]
RSSI: -86 [da:39:ed:fe:16:2e]
RSSI: -82 [da:36:e5:0b:04:3a]
RSSI: -84 [da:39:ee:1a:16:7e]
RSSI: -86 [da:36:e5:25:04:8a]
RSSI: -88 [da:39:ee:29:00:2e]
RSSI: -83 [da:36:e5:33:04:aa]
RSSI: -90 [da:36:e5:40:04:da]
RSSI: -85 [da:3c:88:43:05:2c]
RSSI: -92 [da:3c:88:53:05:5c]
RSSI: -83 [da:36:e5:4d:04:fa]
RSSI: -89 [da:3c:88:53:05:5c]
RSSI: -84 [da:36:e5:5b:05:2a]
RSSI: -91 [da:39:ee:6f:00:ee]
RSSI: -85 [da:36:e5:75:05:6a]
RSSI: -92 [da:39:ee:6f:00:ee]
RSSI: -86 [da:36:e5:83:05:9a]
RSSI: -85 [da:36:e5:83:05:9a]
RSSI: -85 [da:3c:88:8d:06:1c]
RSSI: -92 [da:36:e5:90:05:ba]
RSSI: -89 [da:36:e5:90:05:ba]
RSSI: -88 [da:3c:88:9d:06:4c]
RSSI: -87 [da:3c:88:9d:06:4c]
RSSI: -90 [da:36:e5:9d:05:ea]
RSSI: -93 [da:36:e5:ab:06:0a]
RSSI: -89 [da:3c:88:ad:06:7c]
RSSI: -93 [da:39:ee:b7:01:be]
RSSI: -88 [da:3c:88:ba:06:ac]
RSSI: -88 [da:39:ee:c3:01:ee]
RSSI: -83 [da:3c:88:ba:06:ac]
RSSI: -87 [da:39:ee:c3:01:ee]
RSSI: -84 [da:3c:88:d2:06:fc]
RSSI: -84 [da:3c:88:ff:07:7c]
RSSI: -83 [da:39:ee:fd:02:8e]
RSSI: -84 [da:3c:89:0f:07:bc]
RSSI: -83 [da:3c:89:0f:07:bc]
RSSI: -89 [da:39:ef:27:02:fe]
RSSI: -87 [da:3c:89:39:08:3c]
RSSI: -88 [da:39:ef:43:03:4e]
RSSI: -90 [da:35:02:38:00:db]
RSSI: -86 [da:3c:89:52:08:8c]
RSSI: -90 [da:3c:89:5f:08:ac]
RSSI: -89 [da:3c:89:5f:08:ac]
RSSI: -92 [da:39:ef:61:03:9e]
RSSI: -85 [da:39:ef:6e:03:be]
RSSI: -86 [da:3c:89:6c:08:dc]
RSSI: -85 [da:39:ef:6e:03:be]
RSSI: -82 [da:39:ef:7d:03:ee]
RSSI: -82 [da:3c:89:85:09:2c]
RSSI: -82 [da:39:ef:8b:04:1e]
RSSI: -88 [da:3c:89:92:09:4c]
RSSI: -82 [da:39:ef:8b:04:1e]
RSSI: -81 [da:3c:89:92:09:4c]
RSSI: -83 [da:3c:89:9e:09:7c]
RSSI: -84 [da:39:ef:98:04:3e]
RSSI: -84 [da:3c:89:9e:09:7c]
RSSI: -81 [da:39:ef:a7:04:6e]
RSSI: -80 [da:3c:89:ab:09:9c]
RSSI: -81 [da:39:ef:a7:04:6e]
RSSI: -82 [da:3c:89:b8:09:cc]
RSSI: -82 [da:39:ef:b6:04:8e]
RSSI: -80 [da:3c:89:b8:09:cc]
RSSI: -81 [da:39:ef:b6:04:8e]
RSSI: -80 [da:3c:89:c4:09:ec]
RSSI: -80 [da:3c:89:c4:09:ec]
RSSI: -83 [da:39:ef:c3:04:ae]
RSSI: -84 [da:39:ef:c3:04:ae]
RSSI: -80 [da:3c:89:d1:0a:1c]
RSSI: -83 [da:39:ef:d2:04:de]
RSSI: -85 [da:3c:89:de:0a:3c]
RSSI: -83 [da:39:ef:e1:05:0e]
RSSI: -83 [da:39:ef:e1:05:0e]
RSSI: -80 [da:3c:89:ea:0a:6c]
RSSI: -93 [da:36:e6:eb:09:aa]
RSSI: -85 [da:39:ef:fc:05:5e]
RSSI: -85 [da:39:ef:fc:05:5e]
RSSI: -86 [da:3c:8a:04:0a:bc]
RSSI: -85 [da:39:f0:0b:05:7e]
RSSI: -85 [da:39:f0:0b:05:7e]
RSSI: -80 [da:3c:8a:10:0a:dc]
RSSI: -84 [da:39:f0:18:05:ae]
RSSI: -87 [da:3c:8a:1d:0b:0c]
RSSI: -83 [da:39:f0:18:05:ae]
RSSI: -84 [da:39:f0:27:05:ce]
RSSI: -84 [da:39:f0:27:05:ce]
RSSI: -84 [da:39:f0:36:05:fe]
RSSI: -81 [da:3c:8a:37:0b:5c]
RSSI: -85 [da:39:f0:36:05:fe]
RSSI: -83 [da:39:f0:42:06:1e]
RSSI: -85 [da:39:f0:52:06:4e]
RSSI: -82 [da:3c:8a:5d:0b:dc]
RSSI: -85 [da:39:f0:60:06:7e]
RSSI: -86 [da:39:f0:6d:06:9e]
RSSI: -84 [da:39:f0:6d:06:9e]
RSSI: -83 [da:39:f0:7c:06:ce]
RSSI: -84 [da:3c:8a:83:0c:4c]
RSSI: -83 [da:39:f0:8b:06:ee]
RSSI: -84 [da:39:f0:98:07:1e]
RSSI: -84 [da:39:f0:a7:07:3e]
RSSI: -81 [da:3c:8a:a9:0c:cc]
RSSI: -92 [da:36:e7:a5:0b:ba]
RSSI: -85 [da:39:f0:a7:07:3e]
RSSI: -78 [da:3c:8a:b6:0c:ec]
RSSI: -89 [da:36:e7:b3:0b:ea]
RSSI: -88 [da:39:f0:b6:07:6e]
RSSI: -79 [da:3c:8a:b6:0c:ec]
RSSI: -89 [da:36:e7:c1:0c:0a]
RSSI: -88 [da:39:f0:c2:07:8e]
RSSI: -82 [da:3c:8a:cf:0d:4c]
RSSI: -84 [da:39:f0:d2:07:be]
RSSI: -82 [da:3c:8a:dc:0d:6c]
RSSI: -81 [da:3c:8a:dc:0d:6c]
RSSI: -87 [da:39:f0:e0:07:ee]
RSSI: -84 [da:3c:8a:f6:0d:bc]
RSSI: -89 [da:39:f0:fc:08:3e]
RSSI: -89 [da:36:e7:f6:0c:aa]
RSSI: -81 [da:3c:8b:02:0d:ec]
RSSI: -89 [da:36:e8:11:0c:fa]
RSSI: -86 [da:3c:8b:1c:0e:3c]
RSSI: -85 [da:39:f1:18:08:8e]
RSSI: -83 [da:3c:8b:28:0e:5c]
RSSI: -88 [da:39:f1:36:08:de]
RSSI: -84 [da:39:f1:43:08:fe]
RSSI: -88 [da:3c:8b:4f:0e:dc]
RSSI: -80 [da:3c:8b:4f:0e:dc]
RSSI: -84 [da:39:f1:52:09:2e]
RSSI: -91 [da:39:f1:61:09:5e]
RSSI: -87 [da:3c:8b:68:0f:2c]
RSSI: -91 [da:39:f1:6d:09:7e]
RSSI: -89 [da:3c:8b:75:0f:5c]
RSSI: -90 [da:39:f1:7c:09:9e]
RSSI: -84 [da:39:f1:8b:09:ce]
RSSI: -92 [da:3c:8b:8e:0f:ac]
RSSI: -86 [da:39:f1:98:09:ee]
RSSI: -92 [da:39:f1:a7:0a:1e]
RSSI: -89 [da:39:f1:a7:0a:1e]
RSSI: -88 [da:3c:8b:b5:10:1c]
RSSI: -83 [da:39:f1:b6:0a:4e]
RSSI: -87 [da:39:f1:b6:0a:4e]
RSSI: -88 [da:3c:8b:c1:10:4c]
RSSI: -85 [da:3c:8b:c1:10:4c]
RSSI: -85 [da:39:f1:c3:0a:6e]
RSSI: -81 [da:39:f1:c3:0a:6e]
RSSI: -85 [da:3c:8b:ce:10:6c]
RSSI: -81 [da:39:f1:d2:0a:8e]
RSSI: -83 [da:3c:8b:db:10:9c]
RSSI: -82 [da:3c:8b:db:10:9c]
RSSI: -85 [da:3c:8b:e8:10:bc]
RSSI: -79 [da:39:f1:e1:0a:be]
RSSI: -83 [da:3c:8b:e8:10:bc]
RSSI: -79 [da:39:f1:ee:0a:de]
RSSI: -78 [da:39:f1:fd:0b:0e]
RSSI: -78 [da:39:f2:0c:0b:2e]
RSSI: -84 [da:3c:8c:0e:11:3c]
RSSI: -80 [da:39:f2:0c:0b:2e]
RSSI: -80 [da:3c:8c:0e:11:3c]
RSSI: -80 [da:39:f2:18:0b:5e]
RSSI: -83 [da:3c:8c:1b:11:5c]
RSSI: -80 [da:39:f2:18:0b:5e]
RSSI: -80 [da:3c:8c:28:11:8c]
RSSI: -82 [da:39:f2:28:0b:7e]
RSSI: -84 [da:3c:8c:28:11:8c]
RSSI: -79 [da:39:f2:28:0b:7e]
RSSI: -83 [da:3c:8c:34:11:ac]
RSSI: -79 [da:39:f2:37:0b:ae]
RSSI: -82 [da:3c:8c:34:11:ac]
RSSI: -78 [da:39:f2:37:0b:ae]
RSSI: -78 [da:39:f2:37:0b:ae]
RSSI: -84 [da:3c:8c:41:11:dc]
RSSI: -75 [da:39:f2:43:0b:ce]
RSSI: -74 [da:39:f2:43:0b:ce]
RSSI: -84 [da:3c:8c:4e:11:fc]
RSSI: -72 [da:39:f2:52:0b:fe]
RSSI: -82 [da:3c:8c:5b:12:2c]
RSSI: -72 [da:39:f2:52:0b:fe]
RSSI: -71 [da:39:f2:52:0b:fe]
RSSI: -82 [da:3c:8c:5b:12:2c]
RSSI: -70 [da:39:f2:61:0c:2e]
RSSI: -69 [da:39:f2:6e:0c:4e]
RSSI: -79 [da:3c:8c:74:12:7c]
RSSI: -68 [da:39:f2:6e:0c:4e]
RSSI: -80 [da:3c:8c:74:12:7c]
RSSI: -80 [da:3c:8c:81:12:9c]
RSSI: -68 [da:39:f2:7d:0c:6e]
RSSI: -79 [da:3c:8c:81:12:9c]
RSSI: -67 [da:39:f2:7d:0c:6e]
RSSI: -81 [da:3c:8c:8e:12:cc]
RSSI: -79 [da:3c:8c:9b:12:ec]
RSSI: -87 [da:3c:8c:a7:13:1c]
RSSI: -65 [da:39:f2:a8:0c:ee]
RSSI: -64 [da:39:f2:a8:0c:ee]
RSSI: -65 [da:39:f2:b7:0d:1e]
RSSI: -65 [da:39:f2:b7:0d:1e]
RSSI: -65 [da:39:f2:b7:0d:1e]
RSSI: -65 [da:39:f2:c4:0d:3e]
RSSI: -84 [da:3c:8c:ce:13:8c]
RSSI: -83 [da:3c:8c:ce:13:8c]
RSSI: -63 [da:39:f2:d3:0d:6e]
RSSI: -63 [da:39:f2:d3:0d:6e]
RSSI: -65 [da:39:f2:e2:0d:9e]
RSSI: -78 [da:3c:8c:e7:13:dc]
RSSI: -78 [da:3c:8c:e7:13:dc]
RSSI: -64 [da:39:f2:ef:0d:be]
RSSI: -77 [da:3c:8c:f4:14:0c]
RSSI: -65 [da:39:f2:ef:0d:be]
RSSI: -74 [da:3c:8c:f4:14:0c]
RSSI: -65 [da:39:f2:ef:0d:be]
RSSI: -76 [da:3c:8d:01:14:3c]
RSSI: -65 [da:39:f2:fe:0d:ee]
RSSI: -72 [da:3c:8d:0e:14:5c]
RSSI: -64 [da:39:f3:0d:0e:0e]
RSSI: -74 [da:3c:8d:0e:14:5c]
RSSI: -72 [da:3c:8d:1b:14:8c]
RSSI: -70 [da:3c:8d:1b:14:8c]
RSSI: -65 [da:39:f3:1a:0e:2e]
RSSI: -72 [da:3c:8d:27:14:ac]
RSSI: -66 [da:39:f3:29:0e:5e]
RSSI: -71 [da:3c:8d:34:14:dc]
RSSI: -73 [da:3c:8d:34:14:dc]
RSSI: -72 [da:3c:8d:41:14:fc]
RSSI: -71 [da:3c:8d:41:14:fc]
RSSI: -67 [da:39:f3:44:0e:ae]
RSSI: -71 [da:3c:8d:4e:15:2c]
RSSI: -72 [da:3c:8d:5b:15:4c]
RSSI: -70 [da:39:f3:63:0e:fe]
RSSI: -70 [da:3c:8d:67:15:7c]
RSSI: -71 [da:39:f3:63:0e:fe]
RSSI: -71 [da:3c:8d:67:15:7c]
RSSI: -73 [da:39:f3:6f:0f:2e]
RSSI: -71 [da:3c:8d:74:15:9c]
RSSI: -74 [da:39:f3:6f:0f:2e]
RSSI: -71 [da:3c:8d:81:15:cc]
RSSI: -74 [da:39:f3:7f:0f:4e]
RSSI: -75 [da:3c:8d:81:15:cc]
RSSI: -73 [da:3c:8d:8e:15:ec]
RSSI: -76 [da:39:f3:8e:0f:7e]
RSSI: -72 [da:3c:8d:8e:15:ec]
RSSI: -90 [da:36:ea:96:14:2a]
RSSI: -75 [da:3c:8d:9b:16:1c]
RSSI: -78 [da:39:f3:9a:0f:9e]
RSSI: -76 [da:39:f3:9a:0f:9e]
RSSI: -75 [da:3c:8d:a8:16:3c]
RSSI: -90 [da:36:ea:a2:14:5a]
RSSI: -80 [da:3c:8d:a8:16:3c]
RSSI: -78 [da:39:f3:aa:0f:ce]
RSSI: -77 [da:3c:8d:b4:16:6c]
RSSI: -91 [da:36:ea:b0:14:7a]
RSSI: -79 [da:3c:8d:b4:16:6c]
RSSI: -75 [da:39:f3:b9:0f:fe]
RSSI: -72 [da:39:f3:b9:0f:fe]
RSSI: -81 [da:3c:8d:c1:00:0c]
RSSI: -75 [da:39:f3:c5:10:1e]
RSSI: -89 [da:3c:8d:ce:00:2c]
RSSI: -74 [da:39:f3:d5:10:4e]
RSSI: -74 [da:39:f3:d5:10:4e]
RSSI: -90 [da:36:ea:d9:14:ea]
RSSI: -76 [da:39:f3:d5:10:4e]
RSSI: -76 [da:39:f3:e4:10:6e]
RSSI: -74 [da:39:f3:e4:10:6e]
RSSI: -79 [da:39:f3:f0:10:9e]
RSSI: -79 [da:39:f3:f0:10:9e]
RSSI: -88 [da:3c:8e:01:00:cc]
RSSI: -77 [da:39:f4:00:10:ce]
RSSI: -76 [da:39:f4:0f:10:ee]
RSSI: -85 [da:3c:8e:0e:00:fc]
RSSI: -76 [da:39:f4:0f:10:ee]
RSSI: -90 [da:36:eb:0f:15:8a]
RSSI: -87 [da:3c:8e:1b:01:1c]
RSSI: -86 [da:3c:8e:1b:01:1c]
RSSI: -91 [da:36:eb:1b:15:aa]
RSSI: -87 [da:3c:8e:1b:01:1c]
RSSI: -77 [da:39:f4:1b:11:1e]
RSSI: -77 [da:39:f4:2b:11:3e]
RSSI: -77 [da:39:f4:3a:11:6e]
RSSI: -78 [da:39:f4:3a:11:6e]
RSSI: -90 [da:3c:8e:42:01:9c]
RSSI: -79 [da:39:f4:46:11:8e]
RSSI: -79 [da:39:f4:46:11:8e]
RSSI: -89 [da:36:eb:52:00:2a]
RSSI: -78 [da:39:f4:56:11:be]
RSSI: -79 [da:39:f4:56:11:be]
RSSI: -80 [da:39:f4:65:11:ee]
RSSI: -79 [da:39:f4:65:11:ee]
RSSI: -79 [da:39:f4:71:12:0e]
RSSI: -79 [da:39:f4:81:12:2e]
RSSI: -79 [da:39:f4:81:12:2e]
RSSI: -80 [da:39:f4:90:12:5e]
RSSI: -79 [da:39:f4:9c:12:7e]
RSSI: -80 [da:39:f4:9c:12:7e]
RSSI: -91 [da:3c:8e:a9:02:dc]
RSSI: -82 [da:39:f4:ac:12:ae]
RSSI: -82 [da:39:f4:bb:12:de]
RSSI: -91 [da:3c:8e:c2:03:2c]
RSSI: -87 [da:39:f4:c8:12:fe]
RSSI: -85 [da:39:f4:c8:12:fe]
RSSI: -86 [da:39:f4:d7:13:2e]
RSSI: -87 [da:36:eb:d9:01:aa]
RSSI: -85 [da:39:f4:d7:13:2e]
RSSI: -82 [da:39:f4:e6:13:4e]
RSSI: -85 [da:39:f4:e6:13:4e]
RSSI: -85 [da:39:f4:f3:13:7e]
RSSI: -84 [da:39:f4:f3:13:7e]
RSSI: -89 [da:3c:8f:03:03:fc]
RSSI: -84 [da:39:f5:02:13:9e]
RSSI: -88 [da:39:f5:02:13:9e]
RSSI: -92 [da:36:ec:1d:02:7a]
RSSI: -91 [da:36:ec:2b:02:9a]
RSSI: -88 [da:39:f5:3c:14:4e]
RSSI: -92 [da:3c:8f:43:04:bc]
RSSI: -86 [da:39:f5:49:14:6e]
RSSI: -85 [da:36:ec:60:03:2a]
RSSI: -86 [da:36:ec:6e:03:5a]
RSSI: -88 [da:36:ec:6e:03:5a]
RSSI: -91 [da:36:ec:7c:03:7a]
RSSI: -86 [da:39:f5:92:15:3e]
RSSI: -86 [da:36:ec:96:03:ca]
RSSI: -88 [da:36:ec:96:03:ca]
RSSI: -84 [da:39:f5:9f:15:5e]
RSSI: -90 [da:36:ec:a4:03:fa]
RSSI: -85 [da:39:f5:9f:15:5e]
RSSI: -86 [da:39:f5:9f:15:5e]
RSSI: -89 [da:36:ec:a4:03:fa]
RSSI: -90 [da:3c:8f:aa:06:0c]
RSSI: -88 [da:36:ec:b1:04:1a]
RSSI: -85 [da:36:ec:bf:04:3a]
RSSI: -85 [da:36:ec:cd:04:6a]
RSSI: -89 [da:39:f5:ca:15:ce]
RSSI: -82 [da:36:ec:da:04:8a]
RSSI: -88 [da:3c:8f:de:06:ac]
RSSI: -80 [da:39:f5:e9:16:2e]
RSSI: -80 [da:36:ec:e8:04:ba]
RSSI: -80 [da:39:f5:e9:16:2e]
RSSI: -85 [da:3c:8f:eb:06:cc]
RSSI: -82 [da:36:ec:e8:04:ba]
RSSI: -85 [da:36:ec:f6:04:da]
RSSI: -82 [da:39:f5:f5:16:4e]
RSSI: -83 [da:3c:8f:f8:06:fc]
RSSI: -87 [da:36:ec:f6:04:da]
RSSI: -80 [da:39:f5:f5:16:4e]
RSSI: -82 [da:36:ed:02:05:0a]
RSSI: -82 [da:3c:90:05:07:1c]
RSSI: -84 [da:39:f6:14:00:5e]
RSSI: -83 [da:3c:90:1e:07:6c]
RSSI: -87 [da:36:ed:1e:05:4a]
RSSI: -83 [da:3c:90:1e:07:6c]
RSSI: -86 [da:39:f6:21:00:7e]
RSSI: -83 [da:36:ed:1e:05:4a]
RSSI: -85 [da:39:f6:21:00:7e]
RSSI: -84 [da:36:ed:2b:05:7a]
RSSI: -87 [da:3c:90:2b:07:9c]
RSSI: -84 [da:39:f6:3f:00:de]
RSSI: -89 [da:36:ed:39:05:9a]
RSSI: -86 [da:39:f6:3f:00:de]
RSSI: -84 [da:39:f6:4c:00:fe]
RSSI: -85 [da:39:f6:4c:00:fe]
RSSI: -87 [da:39:f6:4c:00:fe]
RSSI: -85 [da:39:f6:5b:01:2e]
RSSI: -87 [da:39:f6:77:01:7e]
RSSI: -90 [da:39:f6:77:01:7e]
RSSI: -86 [da:3c:90:93:08:ec]
RSSI: -84 [da:3c:90:a0:09:0c]
RSSI: -92 [da:35:09:99:00:7b]
RSSI: -87 [da:39:f6:a2:01:ee]
RSSI: -88 [da:3c:90:ad:09:3c]
RSSI: -83 [da:3c:90:b9:09:5c]
RSSI: -87 [da:3c:90:b9:09:5c]
RSSI: -84 [da:3c:90:c7:09:8c]
RSSI: -91 [da:35:09:c0:00:eb]
RSSI: -86 [da:3c:90:e0:09:dc]
RSSI: -84 [da:39:f6:dd:02:9e]
RSSI: -88 [da:3c:90:fa:0a:2c]
RSSI: -88 [da:3c:90:fa:0a:2c]
RSSI: -87 [da:39:f7:08:03:1e]
RSSI: -89 [da:39:f7:17:03:3e]
RSSI: -88 [da:36:ee:2d:08:5a]
RSSI: -90 [da:39:f7:4f:03:de]
RSSI: -87 [da:3c:91:55:0b:5c]
RSSI: -89 [da:3c:91:62:0b:7c]
RSSI: -87 [da:39:f7:5f:04:0e]
RSSI: -84 [da:39:f7:6e:04:2e]
RSSI: -88 [da:3c:91:7c:0b:cc]
RSSI: -85 [da:39:f7:7b:04:5e]
RSSI: -87 [da:3c:91:89:0b:fc]
RSSI: -85 [da:39:f7:8a:04:7e]
RSSI: -83 [da:39:f7:8a:04:7e]
RSSI: -83 [da:39:f7:99:04:ae]
RSSI: -86 [da:39:f7:99:04:ae]
RSSI: -89 [da:3c:91:a3:0c:4c]
RSSI: -84 [da:39:f7:a6:04:ce]
RSSI: -84 [da:39:f7:a6:04:ce]
RSSI: -86 [da:3c:91:b0:0c:7c]
RSSI: -81 [da:39:f7:b5:04:fe]
RSSI: -83 [da:39:f7:b5:04:fe]
RSSI: -82 [da:39:f7:c5:05:2e]
RSSI: -83 [da:3c:91:ca:0c:cc]
RSSI: -85 [da:39:f7:d1:05:4e]
RSSI: -83 [da:3c:91:d7:0c:ec]
RSSI: -82 [da:3c:91:e4:0d:1c]
RSSI: -86 [da:39:f7:e1:05:7e]
RSSI: -86 [da:39:f7:e1:05:7e]
RSSI: -87 [da:3c:91:f0:0d:3c]
RSSI: -89 [da:39:f7:f0:05:ae]
RSSI: -85 [da:3c:91:fe:0d:6c]
RSSI: -84 [da:39:f7:fd:05:ce]
RSSI: -88 [da:39:f7:fd:05:ce]
RSSI: -89 [da:36:ef:01:0a:ba]
RSSI: -83 [da:39:f8:0c:05:fe]
RSSI: -89 [da:3c:92:17:0d:bc]
RSSI: -85 [da:39:f8:1b:06:1e]
RSSI: -85 [da:39:f8:28:06:4e]
RSSI: -84 [da:39:f8:37:06:6e]
RSSI: -88 [da:3c:92:3e:0e:3c]
RSSI: -90 [da:36:ef:38:0b:5a]
RSSI: -89 [da:3c:92:3e:0e:3c]
RSSI: -92 [da:36:ef:53:0b:aa]
RSSI: -93 [da:3c:92:65:0e:ac]
RSSI: -88 [da:39:f8:72:07:1e]
RSSI: -87 [da:39:f8:72:07:1e]
RSSI: -91 [da:3c:92:80:0f:0c]
RSSI: -86 [da:39:f8:7f:07:3e]
RSSI: -86 [da:3c:92:8c:0f:2c]
RSSI: -87 [da:39:f8:8e:07:6e]
RSSI: -89 [da:39:f8:9e:07:8e]
RSSI: -90 [da:39:f8:d6:08:3e]
RSSI: -89 [da:3c:92:da:10:2c]
RSSI: -92 [da:39:f8:e5:08:5e]
RSSI: -86 [da:3c:92:f5:10:7c]
RSSI: -93 [da:39:f9:01:08:ae]
RSSI: -84 [da:3c:93:0f:10:cc]
RSSI: -88 [da:3c:93:1c:10:fc]
RSSI: -87 [da:3c:93:1c:10:fc]
RSSI: -92 [da:39:f9:2d:09:2e]
RSSI: -85 [da:3c:93:36:11:4c]
RSSI: -88 [da:39:f9:3c:09:5e]
RSSI: -85 [da:3c:93:43:11:6c]
RSSI: -88 [da:3c:93:50:11:9c]
RSSI: -89 [da:3c:93:5d:11:cc]
RSSI: -88 [da:39:f9:6d:09:de]
RSSI: -88 [da:39:f9:7d:0a:0e]
RSSI: -82 [da:3c:93:77:12:1c]
RSSI: -87 [da:39:f9:7d:0a:0e]
RSSI: -83 [da:3c:93:84:12:3c]
RSSI: -82 [da:3c:93:84:12:3c]
RSSI: -83 [da:3c:93:9e:12:8c]
RSSI: -87 [da:39:f9:99:0a:5e]
RSSI: -82 [da:3c:93:9e:12:8c]
RSSI: -79 [da:3c:93:ab:12:bc]
RSSI: -86 [da:39:f9:a9:0a:8e]
RSSI: -86 [da:3c:93:ab:12:bc]
RSSI: -85 [da:3c:93:b8:12:ec]
RSSI: -85 [da:3c:93:b8:12:ec]
RSSI: -82 [da:39:f9:c5:0a:de]
RSSI: -85 [da:3c:93:d2:13:3c]
RSSI: -79 [da:39:f9:d4:0a:fe]
RSSI: -79 [da:39:f9:e1:0b:2e]
RSSI: -80 [da:3c:93:ec:13:8c]
RSSI: -79 [da:39:f9:e1:0b:2e]
RSSI: -79 [da:3c:93:ec:13:8c]
RSSI: -79 [da:39:f9:f0:0b:4e]
RSSI: -79 [da:39:fa:00:0b:7e]
RSSI: -75 [da:3c:93:fa:13:bc]
RSSI: -74 [da:3c:94:07:13:dc]
RSSI: -76 [da:3c:94:07:13:dc]
RSSI: -81 [da:39:fa:0c:0b:9e]
RSSI: -82 [da:39:fa:0c:0b:9e]
RSSI: -83 [da:39:fa:1c:0b:ce]
RSSI: -72 [da:3c:94:21:14:2c]
RSSI: -77 [da:39:fa:1c:0b:ce]
RSSI: -79 [da:39:fa:2b:0b:fe]
RSSI: -71 [da:3c:94:2e:14:5c]
RSSI: -81 [da:39:fa:2b:0b:fe]
RSSI: -71 [da:3c:94:2e:14:5c]
RSSI: -70 [da:3c:94:3b:14:7c]
RSSI: -76 [da:39:fa:38:0c:1e]
RSSI: -69 [da:3c:94:3b:14:7c]
RSSI: -68 [da:3c:94:48:14:ac]
RSSI: -73 [da:39:fa:48:0c:4e]
RSSI: -73 [da:39:fa:48:0c:4e]
RSSI: -72 [da:3c:94:55:14:cc]
RSSI: -73 [da:39:fa:57:0c:7e]
RSSI: -73 [da:3c:94:55:14:cc]
RSSI: -71 [da:39:fa:57:0c:7e]
RSSI: -68 [da:3c:94:62:14:fc]
RSSI: -67 [da:3c:94:62:14:fc]
RSSI: -67 [da:3c:94:62:14:fc]
RSSI: -70 [da:39:fa:64:0c:9e]
RSSI: -70 [da:3c:94:6f:15:1c]
RSSI: -69 [da:39:fa:73:0c:ce]
RSSI: -70 [da:3c:94:7c:15:4c]
RSSI: -68 [da:39:fa:83:0c:fe]
RSSI: -67 [da:39:fa:8f:0d:1e]
RSSI: -67 [da:39:fa:8f:0d:1e]
RSSI: -72 [da:3c:94:96:15:9c]
RSSI: -67 [da:39:fa:8f:0d:1e]
RSSI: -70 [da:3c:94:96:15:9c]
RSSI: -66 [da:39:fa:9f:0d:4e]
RSSI: -67 [da:39:fa:ae:0d:7e]
RSSI: -72 [da:3c:94:b0:15:ec]
RSSI: -66 [da:39:fa:bb:0d:9e]
RSSI: -76 [da:3c:94:be:16:1c]
RSSI: -66 [da:39:fa:bb:0d:9e]
RSSI: -75 [da:3c:94:be:16:1c]
RSSI: -66 [da:39:fa:bb:0d:9e]
RSSI: -86 [da:3c:94:cb:16:3c]
RSSI: -86 [da:3c:94:cb:16:3c]
RSSI: -66 [da:39:fa:ca:0d:ce]
RSSI: -81 [da:3c:94:d7:16:6c]
RSSI: -65 [da:39:fa:da:0d:ee]
RSSI: -81 [da:3c:94:e5:00:0c]
RSSI: -66 [da:39:fa:e7:0e:1e]
RSSI: -88 [da:3c:94:f2:00:2c]
RSSI: -88 [da:3c:94:f2:00:2c]
RSSI: -66 [da:39:fa:f6:0e:3e]
RSSI: -66 [da:39:fa:f6:0e:3e]
RSSI: -67 [da:39:fb:06:0e:6e]
RSSI: -67 [da:39:fb:06:0e:6e]
RSSI: -85 [da:3c:95:0c:00:7c]
RSSI: -94 [da:36:f2:0d:13:7a]
RSSI: -85 [da:3c:95:0c:00:7c]
RSSI: -86 [da:3c:95:19:00:ac]
RSSI: -83 [da:3c:95:19:00:ac]
RSSI: -68 [da:39:fb:22:0e:be]
RSSI: -68 [da:39:fb:22:0e:be]
RSSI: -70 [da:39:fb:31:0e:ee]
RSSI: -84 [da:3c:95:33:00:fc]
RSSI: -70 [da:39:fb:31:0e:ee]
RSSI: -69 [da:39:fb:31:0e:ee]
RSSI: -69 [da:39:fb:31:0e:ee]
RSSI: -88 [da:36:f2:36:13:ea]
RSSI: -71 [da:39:fb:3e:0f:0e]
RSSI: -72 [da:39:fb:4d:0f:3e]
RSSI: -72 [da:39:fb:4d:0f:3e]
RSSI: -73 [da:39:fb:5d:0f:6e]
RSSI: -74 [da:39:fb:5d:0f:6e]
RSSI: -88 [da:36:f2:5f:14:5a]
RSSI: -74 [da:39:fb:6a:0f:8e]
RSSI: -90 [da:36:f2:6d:14:8a]
RSSI: -77 [da:39:fb:6a:0f:8e]
RSSI: -88 [da:3c:95:75:01:cc]
RSSI: -78 [da:39:fb:79:0f:be]
RSSI: -79 [da:39:fb:79:0f:be]
RSSI: -77 [da:39:fb:89:0f:ee]
RSSI: -80 [da:39:fb:95:10:0e]
RSSI: -78 [da:39:fb:95:10:0e]
RSSI: -81 [da:39:fb:a5:10:3e]
RSSI: -88 [da:36:f2:b2:15:4a]
RSSI: -90 [da:36:f2:c0:15:7a]
RSSI: -78 [da:39:fb:c1:10:8e]
RSSI: -81 [da:39:fb:c1:10:8e]
RSSI: -78 [da:39:fb:d1:10:ae]
RSSI: -88 [da:36:f2:e9:15:ea]
RSSI: -83 [da:39:fb:ed:10:fe]
RSSI: -82 [da:39:fb:ed:10:fe]
RSSI: -91 [da:36:f2:f6:16:0a]
RSSI: -82 [da:39:fb:fc:11:2e]
RSSI: -87 [da:36:f3:04:16:3a]
RSSI: -83 [da:39:fb:fc:11:2e]
RSSI: -86 [da:39:fc:19:11:7e]
RSSI: -83 [da:39:fc:28:11:ae]
RSSI: -86 [da:39:fc:28:11:ae]
RSSI: -85 [da:39:fc:28:11:ae]
RSSI: -85 [da:39:fc:38:11:ce]
RSSI: -84 [da:39:fc:38:11:ce]
RSSI: -85 [da:39:fc:44:11:fe]
RSSI: -91 [da:36:f3:48:00:ca]
RSSI: -89 [da:36:f3:48:00:ca]
RSSI: -86 [da:39:fc:54:12:2e]
RSSI: -85 [da:39:fc:54:12:2e]
RSSI: -85 [da:39:fc:63:12:4e]
RSSI: -92 [da:36:f3:65:01:1a]
RSSI: -83 [da:39:fc:70:12:7e]
RSSI: -82 [da:39:fc:80:12:9e]
RSSI: -82 [da:39:fc:9c:12:fe]
RSSI: -85 [da:39:fc:9c:12:fe]
RSSI: -85 [da:39:fc:ac:13:1e]
RSSI: -87 [da:3c:96:b8:05:bc]
RSSI: -88 [da:39:fc:c8:13:6e]
RSSI: -88 [da:3c:96:c5:05:ec]
RSSI: -87 [da:3c:96:d3:06:1c]
RSSI: -86 [da:39:fc:d7:13:9e]
RSSI: -86 [da:39:fc:d7:13:9e]
RSSI: -86 [da:39:fc:e7:13:ce]
RSSI: -87 [da:39:fc:f4:13:ee]
RSSI: -89 [da:36:f4:0a:02:fa]
RSSI: -89 [da:3c:97:14:06:dc]
RSSI: -87 [da:36:f4:17:03:1a]
RSSI: -87 [da:36:f4:17:03:1a]
RSSI: -90 [da:3c:97:2e:07:3c]
RSSI: -88 [da:39:fd:2f:14:8e]
RSSI: -80 [da:36:f4:34:03:6a]
RSSI: -87 [da:39:fd:3f:14:be]
RSSI: -80 [da:36:f4:40:03:8a]
RSSI: -89 [da:39:fd:3f:14:be]
RSSI: -91 [da:39:fd:4b:14:de]
RSSI: -79 [da:36:f4:4f:03:ba]
RSSI: -82 [da:36:f4:4f:03:ba]
RSSI: -81 [da:36:f4:5d:03:da]
RSSI: -80 [da:36:f4:5d:03:da]
RSSI: -82 [da:36:f4:5d:03:da]
RSSI: -83 [da:36:f4:5d:03:da]
RSSI: -83 [da:36:f4:6a:04:0a]
RSSI: -80 [da:36:f4:78:04:2a]
RSSI: -79 [da:36:f4:87:04:5a]
RSSI: -79 [da:36:f4:93:04:7a]
RSSI: -78 [da:36:f4:93:04:7a]
RSSI: -79 [da:36:f4:a2:04:aa]
RSSI: -80 [da:36:f4:a2:04:aa]
RSSI: -78 [da:36:f4:b0:04:ca]
RSSI: -91 [da:39:fd:b3:16:0e]
RSSI: -88 [da:3c:97:b2:08:dc]
RSSI: -77 [da:36:f4:bd:04:fa]
RSSI: -86 [da:3c:97:c0:08:fc]
RSSI: -77 [da:36:f4:bd:04:fa]
RSSI: -85 [da:3c:97:cc:09:2c]
RSSI: -80 [da:36:f4:cb:05:1a]
RSSI: -85 [da:3c:97:da:09:5c]
RSSI: -77 [da:36:f4:da:05:4a]
RSSI: -85 [da:3c:97:da:09:5c]
RSSI: -89 [da:3c:97:e7:09:7c]
RSSI: -84 [da:3c:97:e7:09:7c]
RSSI: -81 [da:36:f4:e6:05:6a]
RSSI: -80 [da:36:f4:f5:05:9a]
RSSI: -94 [da:39:fd:fb:00:5e]
RSSI: -82 [da:36:f4:f5:05:9a]
RSSI: -81 [da:36:f5:03:05:ba]
RSSI: -84 [da:36:f5:03:05:ba]
RSSI: -89 [da:3c:98:0f:09:fc]
RSSI: -83 [da:36:f5:10:05:ea]
RSSI: -87 [da:36:f5:1e:06:0a]
RSSI: -88 [da:36:f5:1e:06:0a]
RSSI: -88 [da:36:f5:2d:06:3a]
RSSI: -88 [da:3c:98:37:0a:7c]
RSSI: -91 [da:3c:98:43:0a:9c]
RSSI: -87 [da:36:f5:48:06:8a]
RSSI: -91 [da:35:11:48:00:eb]
RSSI: -90 [da:35:11:55:01:1b]
RSSI: -87 [da:36:f5:56:06:aa]
RSSI: -90 [da:3c:98:5e:0a:fc]
RSSI: -87 [da:36:f5:63:06:da]
RSSI: -87 [da:35:11:6f:01:5b]
RSSI: -92 [da:3c:98:86:0b:7c]
RSSI: -93 [da:35:11:7c:01:8b]
RSSI: -91 [da:36:f5:80:07:2a]
RSSI: -86 [da:35:11:7c:01:8b]
RSSI: -89 [da:3c:98:93:0b:9c]
RSSI: -89 [da:3c:98:a0:0b:cc]
RSSI: -88 [da:3c:98:ae:0b:fc]
RSSI: -87 [da:39:fe:ab:02:4e]
RSSI: -86 [da:3c:98:ba:0c:1c]
RSSI: -86 [da:39:fe:bb:02:6e]
RSSI: -85 [da:3c:98:c8:0c:4c]
RSSI: -88 [da:39:fe:e7:02:ee]
RSSI: -88 [da:36:f5:fc:08:8a]
RSSI: -91 [da:35:11:f2:02:eb]
RSSI: -90 [da:36:f6:09:08:aa]
RSSI: -88 [da:3c:99:25:0d:6c]
RSSI: -89 [da:3c:99:31:0d:9c]
RSSI: -87 [da:36:f6:32:09:2a]
RSSI: -90 [da:3c:99:3f:0d:cc]
RSSI: -90 [da:36:f6:5c:09:9a]
RSSI: -92 [da:39:ff:6b:04:5e]
RSSI: -89 [da:39:ff:87:04:ae]
RSSI: -93 [da:3c:99:8e:0e:bc]
RSSI: -92 [da:36:f6:a3:0a:6a]
RSSI: -92 [da:36:f6:af:0a:8a]
RSSI: -91 [da:36:f6:af:0a:8a]
RSSI: -91 [da:3c:99:c4:0f:6c]
RSSI: -96 [da:3c:99:de:0f:bc]
RSSI: -89 [da:36:f6:e8:0b:2a]
RSSI: -89 [da:36:f6:f6:0b:5a]
RSSI: -90 [da:36:f7:03:0b:7a]
RSSI: -91 [da:3a:00:1c:06:5e]
RSSI: -90 [da:36:f7:20:0b:da]
RSSI: -88 [da:3c:9a:2e:10:bc]
RSSI: -91 [da:3a:00:2b:06:7e]
RSSI: -88 [da:3c:9a:2e:10:bc]
RSSI: -85 [da:3c:9a:56:11:3c]
RSSI: -89 [da:3c:9a:63:11:5c]
RSSI: -88 [da:3c:9a:70:11:8c]
RSSI: -89 [da:3c:9a:7e:11:ac]
RSSI: -89 [da:3a:00:84:07:7e]
RSSI: -87 [da:3c:9a:8b:11:dc]
RSSI: -86 [da:3c:9a:98:12:0c]
RSSI: -87 [da:3c:9a:a5:12:2c]
RSSI: -92 [da:3c:9a:a5:12:2c]
RSSI: -88 [da:3c:9a:b3:12:5c]
RSSI: -86 [da:3c:9b:0f:13:7c]
RSSI: -86 [da:3c:9b:1d:13:ac]
RSSI: -86 [da:3c:9b:2b:13:cc]
RSSI: -78 [da:3c:9b:45:14:2c]
RSSI: -82 [da:3c:9b:45:14:2c]
RSSI: -86 [da:3c:9b:53:14:4c]
RSSI: -77 [da:3c:9b:53:14:4c]
RSSI: -80 [da:3c:9b:5f:14:7c]
RSSI: -82 [da:3c:9b:5f:14:7c]
RSSI: -77 [da:3c:9b:6d:14:9c]
RSSI: -82 [da:3c:9b:6d:14:9c]
RSSI: -77 [da:3c:9b:7b:14:cc]
RSSI: -77 [da:3c:9b:7b:14:cc]
RSSI: -82 [da:3c:9b:87:14:fc]
RSSI: -82 [da:3c:9b:87:14:fc]
RSSI: -77 [da:3c:9b:a3:15:4c]
RSSI: -84 [da:3c:9b:af:15:6c]
RSSI: -84 [da:3c:9b:bd:15:9c]
RSSI: -82 [da:3c:9b:cb:15:cc]
RSSI: -82 [da:3c:9b:cb:15:cc]
RSSI: -81 [da:3c:9b:d7:15:ec]
RSSI: -91 [da:3c:9b:d7:15:ec]
RSSI: -83 [da:3c:9b:e5:16:1c]
RSSI: -84 [da:3c:9b:e5:16:1c]
RSSI: -87 [da:3c:9b:ff:16:6c]
RSSI: -90 [da:3c:9c:0d:00:0c]
RSSI: -90 [da:3c:9c:35:00:7c]
RSSI: -90 [da:3a:02:3e:0c:6e]
RSSI: -87 [da:3a:02:5b:0c:be]
RSSI: -87 [da:3a:02:6b:0c:ee]
RSSI: -84 [da:3a:02:6b:0c:ee]
RSSI: -93 [da:3c:9c:77:01:4c]
RSSI: -86 [da:3a:02:77:0d:0e]
RSSI: -83 [da:3a:02:77:0d:0e]
RSSI: -84 [da:3a:02:77:0d:0e]
RSSI: -82 [da:3a:02:87:0d:3e]
RSSI: -81 [da:3a:02:87:0d:3e]
RSSI: -82 [da:3a:02:97:0d:6e]
RSSI: -80 [da:3a:02:97:0d:6e]
RSSI: -82 [da:3a:02:a4:0d:8e]
RSSI: -77 [da:3a:02:b4:0d:be]
RSSI: -90 [da:36:f9:bd:13:4a]
RSSI: -76 [da:3a:02:c3:0d:ee]
RSSI: -78 [da:3a:02:d0:0e:0e]
RSSI: -75 [da:3a:02:e0:0e:3e]
RSSI: -78 [da:3a:02:e0:0e:3e]
RSSI: -89 [da:36:f9:e7:13:ca]
RSSI: -77 [da:3a:02:f0:0e:6e]
RSSI: -79 [da:3a:02:fd:0e:8e]
RSSI: -79 [da:3a:03:0c:0e:be]
RSSI: -91 [da:36:fa:11:14:4a]
RSSI: -76 [da:3a:03:1c:0e:ee]
RSSI: -91 [da:36:fa:1e:14:6a]
RSSI: -90 [da:3c:9d:26:03:6c]
RSSI: -82 [da:3a:03:29:0f:0e]
RSSI: -78 [da:3a:03:29:0f:0e]
RSSI: -90 [da:36:fa:3b:14:ba]
RSSI: -80 [da:3a:03:49:0f:6e]
RSSI: -81 [da:3a:03:55:0f:8e]
RSSI: -91 [da:36:fa:56:15:0a]
RSSI: -90 [da:36:fa:72:15:5a]
RSSI: -85 [da:3a:03:75:0f:ee]
RSSI: -92 [da:3c:9d:84:04:9c]
RSSI: -88 [da:3a:03:82:10:0e]
RSSI: -91 [da:36:fa:80:15:8a]
RSSI: -89 [da:3a:03:92:10:3e]
RSSI: -92 [da:3c:9d:9e:04:ec]
RSSI: -83 [da:3a:03:a2:10:5e]
RSSI: -94 [da:36:fa:b9:16:2a]
RSSI: -91 [da:3c:9d:c6:05:6c]
RSSI: -85 [da:3a:03:ce:10:de]
RSSI: -89 [da:36:fa:d5:00:4a]
RSSI: -86 [da:3a:03:db:11:0e]
RSSI: -86 [da:3a:03:db:11:0e]
RSSI: -87 [da:3a:04:07:11:8e]
RSSI: -90 [da:3a:04:07:11:8e]
RSSI: -88 [da:3a:04:17:11:ae]
RSSI: -94 [da:3c:9e:4d:07:0c]
RSSI: -90 [da:3c:9e:59:07:3c]
RSSI: -92 [da:36:fb:7d:02:3a]
RSSI: -90 [da:3c:9e:82:07:bc]
RSSI: -90 [da:36:fb:a7:02:ba]
RSSI: -87 [da:36:fb:b6:02:da]
RSSI: -87 [da:36:fb:c2:02:fa]
RSSI: -81 [da:36:fb:e0:03:5a]
RSSI: -81 [da:36:fb:e0:03:5a]
RSSI: -82 [da:36:fb:ec:03:7a]
RSSI: -81 [da:36:fb:ec:03:7a]
RSSI: -90 [da:36:fb:fb:03:aa]
RSSI: -85 [da:36:fc:0a:03:ca]
RSSI: -82 [da:36:fc:17:03:fa]
RSSI: -88 [da:36:fc:17:03:fa]
RSSI: -82 [da:36:fc:26:04:1a]
RSSI: -81 [da:36:fc:26:04:1a]
RSSI: -88 [da:36:fc:34:04:4a]
RSSI: -83 [da:36:fc:46:04:7a]
RSSI: -86 [da:36:fc:46:04:7a]
RSSI: -85 [da:36:fc:57:04:aa]
RSSI: -85 [da:36:fc:65:04:da]
RSSI: -90 [da:3a:05:7c:15:9e]
RSSI: -86 [da:36:fc:81:05:1a]
RSSI: -90 [da:35:18:88:00:2b]
RSSI: -89 [da:35:18:b0:00:9b]
RSSI: -94 [da:36:fc:ba:05:ca]
RSSI: -93 [da:36:fc:d5:06:1a]
RSSI: -91 [da:3c:9f:ed:0c:3c]
RSSI: -89 [da:35:18:f4:01:6b]
RSSI: -88 [da:3c:9f:fb:0c:6c]
RSSI: -87 [da:3c:a0:08:0c:9c]
RSSI: -89 [da:36:fd:0e:06:ba]
RSSI: -89 [da:35:19:00:01:8b]
RSSI: -87 [da:35:19:0e:01:bb]
RSSI: -92 [da:36:fd:1b:06:da]
RSSI: -88 [da:35:19:1c:01:db]
RSSI: -85 [da:3c:a0:23:0c:ec]
RSSI: -89 [da:35:19:36:02:2b]
RSSI: -88 [da:3c:a0:4b:0d:6c]
RSSI: -87 [da:3c:a0:4b:0d:6c]
RSSI: -89 [da:35:19:44:02:5b]
RSSI: -88 [da:3c:a0:66:0d:bc]
RSSI: -84 [da:3c:a0:74:0d:ec]
RSSI: -94 [da:35:19:79:02:fb]
RSSI: -84 [da:3c:a0:9c:0e:6c]
RSSI: -85 [da:3c:a0:aa:0e:9c]
RSSI: -95 [da:35:19:f1:04:6b]
RSSI: -90 [da:36:fe:0c:09:9a]
RSSI: -94 [da:3c:a1:24:10:0c]
RSSI: -93 [da:36:fe:44:0a:3a]
RSSI: -92 [da:3c:a1:4d:10:8c]
RSSI: -90 [da:36:fe:61:0a:9a]
RSSI: -92 [da:36:fe:6e:0a:ba]
RSSI: -95 [da:3a:07:78:04:fe]
RSSI: -90 [da:36:fe:98:0b:3a]
RSSI: -94 [da:3c:a1:b8:11:ec]
RSSI: -90 [da:36:fe:b6:0b:8a]
RSSI: -90 [da:36:fe:c3:0b:aa]
RSSI: -90 [da:3c:a1:c6:12:1c]
RSSI: -91 [da:3a:07:c2:05:ce]
RSSI: -90 [da:36:fe:c3:0b:aa]
RSSI: -90 [da:3c:a1:d3:12:3c]
RSSI: -92 [da:3a:07:ef:06:4e]
RSSI: -92 [da:3a:07:ff:06:7e]
RSSI: -90 [da:36:fe:fc:0c:5a]
RSSI: -92 [da:36:ff:0b:0c:7a]
RSSI: -87 [da:3c:a2:18:13:1c]
RSSI: -84 [da:3c:a2:32:13:6c]
RSSI: -83 [da:3c:a2:40:13:9c]
RSSI: -82 [da:3c:a2:40:13:9c]
RSSI: -82 [da:3c:a2:40:13:9c]
RSSI: -80 [da:3c:a2:4d:13:bc]
RSSI: -81 [da:3c:a2:5b:13:ec]
RSSI: -79 [da:3c:a2:69:14:1c]
RSSI: -80 [da:3c:a2:69:14:1c]
RSSI: -80 [da:3c:a2:69:14:1c]
RSSI: -79 [da:3c:a2:76:14:3c]
RSSI: -91 [da:3a:08:6e:07:be]
RSSI: -77 [da:3c:a2:76:14:3c]
RSSI: -78 [da:3c:a2:84:14:6c]
RSSI: -78 [da:3c:a2:9e:14:bc]
RSSI: -78 [da:3c:a2:9e:14:bc]
RSSI: -77 [da:3c:a2:9e:14:bc]
RSSI: -78 [da:3c:a2:ac:14:ec]
RSSI: -78 [da:3c:a2:ac:14:ec]
RSSI: -79 [da:3c:a2:ba:15:1c]
RSSI: -79 [da:3c:a2:ba:15:1c]
RSSI: -77 [da:3c:a2:c7:15:3c]
RSSI: -81 [da:3c:a2:c7:15:3c]
RSSI: -76 [da:3c:a2:d5:15:6c]
RSSI: -84 [da:3c:a2:e3:15:9c]
RSSI: -80 [da:3c:a2:fe:15:ec]
RSSI: -84 [da:3c:a3:0c:16:0c]
RSSI: -91 [da:3c:a3:1e:16:4c]
RSSI: -95 [da:3c:a3:57:00:7c]
RSSI: -96 [da:3c:a3:65:00:ac]
RSSI: -88 [da:3a:09:95:0a:fe]
RSSI: -88 [da:3a:09:95:0a:fe]
RSSI: -91 [da:3a:09:a2:0b:1e]
RSSI: -94 [da:37:00:b5:11:4a]
RSSI: -85 [da:3a:09:bb:0b:6e]
RSSI: -87 [da:3a:09:e2:0b:ce]
RSSI: -88 [da:3a:09:fb:0c:1e]
RSSI: -87 [da:3a:09:fb:0c:1e]
RSSI: -86 [da:3a:0a:08:0c:3e]
RSSI: -85 [da:3a:0a:15:0c:5e]
RSSI: -82 [da:3a:0a:21:0c:8e]
RSSI: -83 [da:3a:0a:21:0c:8e]
RSSI: -83 [da:3a:0a:21:0c:8e]
RSSI: -79 [da:3a:0a:2e:0c:ae]
RSSI: -84 [da:3a:0a:3b:0c:ce]
RSSI: -78 [da:3a:0a:48:0c:fe]
RSSI: -94 [da:3c:a4:4c:03:8c]
RSSI: -80 [da:3a:0a:48:0c:fe]
RSSI: -77 [da:3a:0a:54:0d:1e]
RSSI: -90 [da:37:01:60:13:3a]
RSSI: -80 [da:3a:0a:61:0d:3e]
RSSI: -90 [da:37:01:60:13:3a]
RSSI: -76 [da:3a:0a:6e:0d:6e]
RSSI: -77 [da:3a:0a:6e:0d:6e]
RSSI: -77 [da:3a:0a:7a:0d:8e]
RSSI: -80 [da:3a:0a:87:0d:ae]
RSSI: -77 [da:3a:0a:94:0d:de]
RSSI: -77 [da:3a:0a:94:0d:de]
RSSI: -76 [da:3a:0a:a1:0d:fe]
RSSI: -78 [da:3a:0a:ad:0e:1e]
RSSI: -78 [da:3a:0a:ad:0e:1e]
RSSI: -75 [da:3a:0a:ba:0e:3e]
RSSI: -77 [da:3a:0a:ba:0e:3e]
RSSI: -75 [da:3a:0a:c7:0e:6e]
RSSI: -78 [da:3a:0a:d4:0e:8e]
RSSI: -76 [da:3a:0a:e0:0e:ae]
RSSI: -77 [da:3a:0a:e0:0e:ae]
RSSI: -76 [da:3a:0a:ed:0e:ce]
RSSI: -77 [da:3a:0a:fa:0e:fe]
RSSI: -79 [da:3a:0a:fa:0e:fe]
RSSI: -80 [da:3a:0a:fa:0e:fe]
RSSI: -78 [da:3a:0b:07:0f:1e]
RSSI: -77 [da:3a:0b:07:0f:1e]
RSSI: -87 [da:37:02:0b:15:2a]
RSSI: -81 [da:3a:0b:13:0f:3e]
RSSI: -80 [da:3a:0b:20:0f:5e]
RSSI: -82 [da:3a:0b:20:0f:5e]
RSSI: -82 [da:3a:0b:20:0f:5e]
RSSI: -82 [da:3a:0b:2d:0f:8e]
RSSI: -88 [da:37:02:27:15:7a]
RSSI: -84 [da:3a:0b:2d:0f:8e]
RSSI: -89 [da:37:02:36:15:9a]
RSSI: -85 [da:3a:0b:3a:0f:ae]
RSSI: -87 [da:37:02:42:15:ca]
RSSI: -86 [da:3a:0b:47:0f:ce]
RSSI: -85 [da:3a:0b:53:0f:ee]
RSSI: -89 [da:37:02:51:15:ea]
RSSI: -84 [da:3a:0b:53:0f:ee]
RSSI: -86 [da:3a:0b:60:10:1e]
RSSI: -87 [da:3a:0b:6d:10:3e]
RSSI: -84 [da:3a:0b:6d:10:3e]
RSSI: -86 [da:3a:0b:7a:10:5e]
RSSI: -85 [da:3a:0b:93:10:ae]
RSSI: -84 [da:3a:0b:a0:10:ce]
RSSI: -90 [da:37:02:a7:00:aa]
RSSI: -89 [da:3a:0b:e0:11:8e]
RSSI: -86 [da:3a:0b:ed:11:ae]
RSSI: -90 [da:3a:0b:ed:11:ae]
RSSI: -87 [da:3a:0b:f9:11:ce]
RSSI: -92 [da:37:02:fd:01:9a]
RSSI: -89 [da:3a:0c:06:11:ee]
RSSI: -89 [da:3a:0c:13:12:1e]
RSSI: -93 [da:37:03:0c:01:ca]
RSSI: -85 [da:3c:a6:1c:09:3c]
RSSI: -88 [da:3a:0c:2d:12:5e]
RSSI: -90 [da:3c:a6:45:09:bc]
RSSI: -87 [da:3a:0c:53:12:ce]
RSSI: -89 [da:37:03:6e:02:ea]
RSSI: -84 [da:37:03:6e:02:ea]
RSSI: -82 [da:37:03:8d:03:3a]
RSSI: -82 [da:37:03:8d:03:3a]
RSSI: -82 [da:37:03:99:03:5a]
RSSI: -92 [da:3a:0c:a0:13:ae]
RSSI: -82 [da:37:03:a8:03:8a]
RSSI: -83 [da:37:03:a8:03:8a]
RSSI: -84 [da:37:03:a8:03:8a]
RSSI: -80 [da:37:03:b7:03:ba]
RSSI: -80 [da:37:03:b7:03:ba]
RSSI: -79 [da:37:03:c4:03:da]
RSSI: -78 [da:37:03:d3:04:0a]
RSSI: -80 [da:37:03:e2:04:2a]
RSSI: -78 [da:37:03:e2:04:2a]
RSSI: -75 [da:37:03:ef:04:5a]
RSSI: -78 [da:37:03:ef:04:5a]
RSSI: -79 [da:37:03:fe:04:8a]
RSSI: -78 [da:37:04:0d:04:aa]
RSSI: -77 [da:37:04:0d:04:aa]
RSSI: -76 [da:37:04:0d:04:aa]
RSSI: -78 [da:37:04:1a:04:da]
RSSI: -79 [da:37:04:1a:04:da]
RSSI: -78 [da:37:04:29:04:fa]
RSSI: -79 [da:37:04:29:04:fa]
RSSI: -81 [da:37:04:38:05:2a]
RSSI: -79 [da:37:04:38:05:2a]
RSSI: -80 [da:37:04:45:05:4a]
RSSI: -81 [da:37:04:54:05:7a]
RSSI: -80 [da:37:04:54:05:7a]
RSSI: -80 [da:37:04:63:05:aa]
RSSI: -82 [da:37:04:63:05:aa]
RSSI: -82 [da:37:04:70:05:ca]
RSSI: -87 [da:37:04:7f:05:fa]
RSSI: -84 [da:35:20:82:01:6b]
RSSI: -89 [da:37:04:8e:06:2a]
RSSI: -85 [da:35:20:90:01:9b]
RSSI: -94 [da:35:20:9d:01:bb]
RSSI: -92 [da:37:04:aa:06:7a]
RSSI: -88 [da:3c:a7:c4:0e:7c]
RSSI: -87 [da:37:04:c6:06:ca]
RSSI: -94 [da:35:20:ef:02:bb]
RSSI: -95 [da:3a:0e:08:01:2e]
RSSI: -97 [da:3c:a8:4f:10:3c]
RSSI: -89 [da:3c:a8:5d:10:6c]
RSSI: -95 [da:3a:0e:6f:02:4e]
RSSI: -93 [da:37:05:91:09:0a]
RSSI: -94 [da:3a:0e:95:02:be]
RSSI: -90 [da:3c:a8:93:11:0c]
RSSI: -93 [da:37:05:ad:09:5a]
RSSI: -89 [da:37:05:c9:09:aa]
RSSI: -91 [da:37:05:d8:09:da]
RSSI: -90 [da:3c:a8:d9:11:ec]
RSSI: -97 [da:3a:0f:0a:03:fe]
RSSI: -90 [da:37:06:03:0a:5a]
RSSI: -88 [da:37:06:1f:0a:aa]
RSSI: -94 [da:3a:0f:23:04:4e]
RSSI: -88 [da:37:06:2e:0a:da]
RSSI: -90 [da:3a:0f:3d:04:8e]
RSSI: -88 [da:37:06:3d:0a:fa]
RSSI: -88 [da:3c:a9:47:13:3c]
RSSI: -87 [da:37:06:4a:0b:2a]
RSSI: -86 [da:3c:a9:55:13:6c]
RSSI: -91 [da:3a:0f:57:04:de]
RSSI: -85 [da:3c:a9:55:13:6c]
RSSI: -89 [da:3a:0f:57:04:de]
RSSI: -87 [da:3a:0f:64:04:fe]
RSSI: -86 [da:37:06:69:0b:7a]
RSSI: -83 [da:3c:a9:70:13:bc]
RSSI: -87 [da:3a:0f:71:05:2e]
RSSI: -82 [da:3c:a9:70:13:bc]
RSSI: -81 [da:3c:a9:7e:13:ec]
RSSI: -84 [da:3c:a9:7e:13:ec]
RSSI: -88 [da:3a:0f:7e:05:4e]
RSSI: -79 [da:3c:a9:8b:14:1c]
RSSI: -79 [da:3c:a9:8b:14:1c]
RSSI: -89 [da:3a:0f:97:05:9e]
RSSI: -77 [da:3c:a9:9a:14:4c]
RSSI: -88 [da:37:06:a1:0c:1a]
RSSI: -90 [da:3a:0f:a5:05:be]
RSSI: -78 [da:3c:a9:a8:14:6c]
RSSI: -89 [da:3a:0f:a5:05:be]
RSSI: -88 [da:37:06:b0:0c:4a]
RSSI: -91 [da:3a:0f:b2:05:de]
RSSI: -75 [da:3c:a9:b4:14:9c]
RSSI: -88 [da:37:06:b0:0c:4a]
RSSI: -88 [da:37:06:bf:0c:7a]
RSSI: -77 [da:3c:a9:c3:14:cc]
RSSI: -90 [da:3a:0f:cb:06:2e]
RSSI: -74 [da:3c:a9:d1:14:fc]
RSSI: -79 [da:3c:a9:d1:14:fc]
RSSI: -90 [da:3a:0f:d8:06:4e]
RSSI: -75 [da:3c:a9:de:15:1c]
RSSI: -79 [da:3c:a9:ec:15:4c]
RSSI: -87 [da:37:06:ea:0c:fa]
RSSI: -80 [da:3c:a9:ec:15:4c]
RSSI: -77 [da:3c:a9:fb:15:7c]
RSSI: -81 [da:3c:a9:fb:15:7c]
RSSI: -80 [da:3c:aa:07:15:9c]
RSSI: -95 [da:3a:10:19:07:0e]
RSSI: -81 [da:3c:aa:24:15:fc]
RSSI: -89 [da:3a:10:33:07:5e]
RSSI: -84 [da:3c:aa:31:16:1c]
RSSI: -89 [da:3c:aa:3f:16:4c]
RSSI: -89 [da:3c:aa:3f:16:4c]
RSSI: -84 [da:3c:aa:4e:16:7c]
RSSI: -86 [da:3c:aa:4e:16:7c]
RSSI: -94 [da:3a:10:80:08:2e]
RSSI: -88 [da:3c:aa:92:00:dc]
RSSI: -90 [da:3a:10:c1:08:ee]
RSSI: -93 [da:3c:aa:d7:01:bc]
RSSI: -91 [da:3a:10:f5:09:7e]
RSSI: -97 [da:3a:11:0f:09:ce]
RSSI: -95 [da:3c:ab:0f:02:6c]
RSSI: -91 [da:3a:11:29:0a:1e]
RSSI: -90 [da:3a:11:43:0a:5e]
RSSI: -93 [da:3a:11:91:0b:3e]
RSSI: -97 [da:3c:ab:9a:04:0c]
RSSI: -94 [da:3a:11:b8:0b:ae]
RSSI: -92 [da:3c:ab:ed:05:1c]
RSSI: -89 [da:3a:11:f9:0c:5e]
RSSI: -87 [da:3a:12:06:0c:8e]
RSSI: -84 [da:3a:12:20:0c:ce]
RSSI: -86 [da:3a:12:2d:0c:fe]
RSSI: -85 [da:3a:12:2d:0c:fe]
RSSI: -90 [da:37:09:2b:13:7a]
RSSI: -84 [da:3a:12:2d:0c:fe]
RSSI: -83 [da:3a:12:3a:0d:1e]
RSSI: -82 [da:3a:12:47:0d:3e]
RSSI: -87 [da:3c:ac:4d:06:4c]
RSSI: -83 [da:3a:12:54:0d:6e]
RSSI: -81 [da:3a:12:61:0d:8e]
RSSI: -81 [da:3a:12:61:0d:8e]
RSSI: -82 [da:3a:12:6e:0d:ae]
RSSI: -92 [da:37:09:75:14:5a]
RSSI: -86 [da:3a:12:7b:0d:de]
RSSI: -89 [da:37:09:82:14:7a]
RSSI: -80 [da:3a:12:88:0d:fe]
RSSI: -91 [da:37:09:91:14:aa]
RSSI: -83 [da:3a:12:95:0e:1e]
RSSI: -82 [da:3a:12:a2:0e:3e]
RSSI: -85 [da:3a:12:af:0e:6e]
RSSI: -81 [da:3a:12:c9:0e:ae]
RSSI: -90 [da:3c:ac:ca:07:cc]
RSSI: -81 [da:3a:12:c9:0e:ae]
RSSI: -85 [da:3a:12:d7:0e:de]
RSSI: -90 [da:3a:12:e4:0e:fe]
RSSI: -85 [da:3a:12:e4:0e:fe]
RSSI: -82 [da:3a:12:f0:0f:1e]
RSSI: -84 [da:3a:12:f0:0f:1e]
RSSI: -90 [da:37:09:f8:15:ca]
RSSI: -85 [da:3a:12:fe:0f:4e]
RSSI: -89 [da:37:09:f8:15:ca]
RSSI: -86 [da:3a:12:fe:0f:4e]
RSSI: -82 [da:3a:12:fe:0f:4e]
RSSI: -89 [da:3a:13:0b:0f:6e]
RSSI: -84 [da:3a:13:17:0f:8e]
RSSI: -86 [da:3a:13:25:0f:be]
RSSI: -89 [da:37:0a:30:00:5a]
RSSI: -88 [da:3a:13:3f:0f:fe]
RSSI: -86 [da:37:0a:4f:00:aa]
RSSI: -86 [da:3a:13:59:10:4e]
RSSI: -90 [da:37:0a:5b:00:da]
RSSI: -86 [da:3a:13:66:10:7e]
RSSI: -91 [da:3a:13:73:10:9e]
RSSI: -85 [da:3a:13:80:10:be]
RSSI: -88 [da:37:0a:7a:01:2a]
RSSI: -83 [da:3a:13:8d:10:ee]
RSSI: -85 [da:37:0a:8c:01:5a]
RSSI: -89 [da:37:0a:9d:01:8a]
RSSI: -83 [da:3a:13:a8:11:2e]
RSSI: -83 [da:37:0a:ac:01:ba]
RSSI: -86 [da:3a:13:b4:11:5e]
RSSI: -84 [da:37:0a:b9:01:da]
RSSI: -84 [da:37:0a:c8:02:0a]
RSSI: -85 [da:37:0a:d8:02:3a]
RSSI: -83 [da:37:0a:d8:02:3a]
RSSI: -87 [da:37:0a:e4:02:5a]
RSSI: -84 [da:37:0a:f4:02:8a]
RSSI: -88 [da:3a:13:f6:12:0e]
RSSI: -84 [da:37:0a:f4:02:8a]
RSSI: -86 [da:37:0a:f4:02:8a]
RSSI: -81 [da:37:0b:03:02:ba]
RSSI: -81 [da:37:0b:03:02:ba]
RSSI: -83 [da:37:0b:10:02:da]
RSSI: -85 [da:3c:ae:19:0b:fc]
RSSI: -90 [da:3c:ae:19:0b:fc]
RSSI: -89 [da:3a:14:1d:12:7e]
RSSI: -77 [da:37:0b:20:03:0a]
RSSI: -77 [da:37:0b:20:03:0a]
RSSI: -84 [da:3c:ae:27:0c:2c]
RSSI: -87 [da:3c:ae:36:0c:5c]
RSSI: -74 [da:37:0b:3c:03:5a]
RSSI: -74 [da:37:0b:3c:03:5a]
RSSI: -92 [da:3c:ae:42:0c:7c]
RSSI: -88 [da:3c:ae:51:0c:ac]
RSSI: -73 [da:37:0b:4b:03:8a]
RSSI: -88 [da:3c:ae:51:0c:ac]
RSSI: -74 [da:37:0b:5b:03:ba]
RSSI: -88 [da:3c:ae:60:0c:dc]
RSSI: -73 [da:37:0b:67:03:da]
RSSI: -74 [da:37:0b:67:03:da]
RSSI: -72 [da:37:0b:77:04:0a]
RSSI: -71 [da:37:0b:77:04:0a]
RSSI: -71 [da:37:0b:87:04:2a]
RSSI: -73 [da:37:0b:93:04:5a]
RSSI: -72 [da:37:0b:93:04:5a]
RSSI: -85 [da:3c:ae:a5:0d:bc]
RSSI: -73 [da:37:0b:a3:04:7a]
RSSI: -73 [da:37:0b:a3:04:7a]
RSSI: -72 [da:37:0b:b2:04:aa]
RSSI: -73 [da:37:0b:b2:04:aa]
RSSI: -72 [da:37:0b:bf:04:da]
RSSI: -72 [da:37:0b:bf:04:da]
RSSI: -73 [da:37:0b:cf:04:fa]
RSSI: -73 [da:37:0b:cf:04:fa]
RSSI: -73 [da:37:0b:de:05:2a]
RSSI: -91 [da:3c:ae:dd:0e:6c]
RSSI: -73 [da:37:0b:de:05:2a]
RSSI: -87 [da:35:27:db:00:cb]
RSSI: -73 [da:37:0b:eb:05:4a]
RSSI: -74 [da:37:0b:eb:05:4a]
RSSI: -74 [da:37:0b:eb:05:4a]
RSSI: -75 [da:37:0b:fa:05:7a]
RSSI: -75 [da:37:0c:0a:05:aa]
RSSI: -76 [da:37:0c:0a:05:aa]
RSSI: -90 [da:3a:15:09:15:1e]
RSSI: -77 [da:37:0c:16:05:ca]
RSSI: -77 [da:37:0c:16:05:ca]
RSSI: -81 [da:37:0c:26:05:fa]
RSSI: -86 [da:35:28:21:01:ab]
RSSI: -82 [da:37:0c:36:06:2a]
RSSI: -82 [da:37:0c:36:06:2a]
RSSI: -85 [da:37:0c:42:06:4a]
RSSI: -85 [da:37:0c:52:06:7a]
RSSI: -85 [da:37:0c:61:06:aa]
RSSI: -89 [da:35:28:66:02:7b]
RSSI: -85 [da:37:0c:6e:06:ca]
RSSI: -83 [da:37:0c:6e:06:ca]
RSSI: -83 [da:37:0c:7e:06:fa]
RSSI: -81 [da:37:0c:8d:07:2a]
RSSI: -87 [da:37:0c:9a:07:4a]
RSSI: -88 [da:37:0c:a9:07:7a]
RSSI: -89 [da:3c:af:d9:11:8c]
RSSI: -87 [da:37:0c:d5:07:fa]
RSSI: -84 [da:37:0c:d5:07:fa]
RSSI: -88 [da:37:0c:e5:08:2a]
RSSI: -88 [da:3c:b0:10:12:3c]
RSSI: -91 [da:37:0d:1d:08:ca]
RSSI: -90 [da:37:0d:2d:08:fa]
RSSI: -91 [da:37:0d:3c:09:2a]
RSSI: -94 [da:37:0d:49:09:4a]
RSSI: -88 [da:3c:b0:64:13:3c]
RSSI: -87 [da:3c:b0:64:13:3c]
RSSI: -84 [da:3c:b0:82:13:9c]
RSSI: -86 [da:3c:b0:b8:14:4c]
RSSI: -88 [da:37:0d:c0:0a:aa]
RSSI: -87 [da:37:0d:c0:0a:aa]
RSSI: -88 [da:3c:b0:d6:14:ac]
RSSI: -87 [da:37:0d:dd:0a:fa]
RSSI: -83 [da:3c:b0:e8:14:dc]
RSSI: -89 [da:37:0d:ec:0b:2a]
RSSI: -83 [da:3c:b0:e8:14:dc]
RSSI: -83 [da:3c:b0:f8:15:0c]
RSSI: -87 [da:3c:b0:f8:15:0c]
RSSI: -88 [da:37:0d:f9:0b:4a]
RSSI: -81 [da:3c:b1:07:15:3c]
RSSI: -83 [da:3c:b1:07:15:3c]
RSSI: -91 [da:37:0e:08:0b:7a]
RSSI: -87 [da:37:0e:08:0b:7a]
RSSI: -83 [da:3c:b1:13:15:6c]
RSSI: -86 [da:3c:b1:22:15:8c]
RSSI: -86 [da:3c:b1:22:15:8c]
RSSI: -86 [da:37:0e:25:0b:ca]
RSSI: -87 [da:37:0e:34:0b:fa]
RSSI: -87 [da:3a:17:3a:04:fe]
RSSI: -85 [da:37:0e:34:0b:fa]
RSSI: -85 [da:37:0e:44:0c:2a]
RSSI: -86 [da:37:0e:51:0c:4a]
RSSI: -87 [da:3a:17:54:05:4e]
RSSI: -88 [da:3a:17:54:05:4e]
RSSI: -90 [da:3a:17:6e:05:9e]
RSSI: -89 [da:37:0e:7d:0c:ca]
RSSI: -90 [da:3a:17:89:05:ee]
RSSI: -90 [da:3a:17:96:06:0e]
RSSI: -87 [da:3c:b1:92:00:5c]
RSSI: -91 [da:3a:17:96:06:0e]
RSSI: -88 [da:37:0e:a9:0d:4a]
RSSI: -92 [da:3c:b1:bc:00:dc]
RSSI: -92 [da:3a:17:bd:06:7e]
RSSI: -90 [da:3a:17:e5:06:ee]
RSSI: -93 [da:3c:b2:11:01:ec]
RSSI: -95 [da:3a:18:0d:07:5e]
RSSI: -95 [da:3c:b2:11:01:ec]
RSSI: -93 [da:3a:18:1a:07:7e]
RSSI: -89 [da:3c:b2:59:02:cc]
RSSI: -92 [da:3c:b2:74:03:1c]
RSSI: -93 [da:3a:18:77:08:8e]
RSSI: -95 [da:3a:18:92:08:de]
RSSI: -88 [da:3c:b2:9e:03:ac]
RSSI: -88 [da:3c:b2:c9:04:2c]
RSSI: -89 [da:3c:b2:c9:04:2c]
RSSI: -89 [da:3c:b2:d8:04:5c]
RSSI: -89 [da:3c:b2:e4:04:7c]
RSSI: -90 [da:3c:b2:e4:04:7c]
RSSI: -94 [da:3a:18:fb:09:fe]
RSSI: -95 [da:37:0f:fd:11:2a]
RSSI: -95 [da:37:10:19:11:7a]
RSSI: -93 [da:3a:19:3e:0a:be]
RSSI: -90 [da:3a:19:58:0b:0e]
RSSI: -89 [da:3a:19:66:0b:3e]
RSSI: -91 [da:3c:b3:81:06:6c]
RSSI: -90 [da:3a:19:8e:0b:ae]
RSSI: -92 [da:3a:19:a8:0b:fe]
RSSI: -94 [da:3c:b3:b8:07:1c]
RSSI: -88 [da:3a:19:dd:0c:8e]
RSSI: -85 [da:3a:19:dd:0c:8e]
RSSI: -90 [da:37:10:e6:13:ba]
RSSI: -92 [da:37:10:e6:13:ba]
RSSI: -84 [da:3a:19:ea:0c:be]
RSSI: -83 [da:3a:19:f8:0c:de]
RSSI: -82 [da:3a:1a:05:0c:fe]
RSSI: -85 [da:3a:1a:05:0c:fe]
RSSI: -81 [da:3a:1a:12:0d:2e]
RSSI: -87 [da:37:11:12:14:3a]
RSSI: -89 [da:37:11:12:14:3a]
RSSI: -82 [da:3a:1a:20:0d:4e]
RSSI: -80 [da:3a:1a:20:0d:4e]
RSSI: -79 [da:3a:1a:2d:0d:6e]
RSSI: -87 [da:37:11:22:14:6a]
RSSI: -80 [da:3a:1a:2d:0d:6e]
RSSI: -89 [da:37:11:32:14:9a]
RSSI: -86 [da:37:11:32:14:9a]
RSSI: -78 [da:3a:1a:3a:0d:9e]
RSSI: -87 [da:37:11:3f:14:ba]
RSSI: -92 [da:3c:b4:46:08:dc]
RSSI: -82 [da:3a:1a:48:0d:be]
RSSI: -78 [da:3a:1a:55:0d:de]
RSSI: -77 [da:3a:1a:55:0d:de]
RSSI: -78 [da:3a:1a:55:0d:de]
RSSI: -80 [da:3a:1a:62:0e:0e]
RSSI: -80 [da:3a:1a:62:0e:0e]
RSSI: -83 [da:3a:1a:6f:0e:2e]
RSSI: -82 [da:3a:1a:6f:0e:2e]
RSSI: -78 [da:3a:1a:7d:0e:4e]
RSSI: -82 [da:3a:1a:8a:0e:7e]
RSSI: -80 [da:3a:1a:8a:0e:7e]
RSSI: -78 [da:3a:1a:97:0e:9e]
RSSI: -82 [da:3a:1a:97:0e:9e]
RSSI: -81 [da:3a:1a:a5:0e:be]
RSSI: -80 [da:3a:1a:a5:0e:be]
RSSI: -88 [da:37:11:a7:15:ea]
RSSI: -83 [da:3a:1a:b2:0e:ee]
RSSI: -83 [da:3a:1a:b2:0e:ee]
RSSI: -83 [da:3a:1a:b2:0e:ee]
RSSI: -81 [da:3a:1a:bf:0f:0e]
RSSI: -82 [da:3a:1a:bf:0f:0e]
RSSI: -80 [da:3a:1a:cd:0f:3e]
RSSI: -88 [da:37:11:d3:00:5a]
RSSI: -81 [da:3a:1a:da:0f:5e]
RSSI: -82 [da:3a:1a:da:0f:5e]
RSSI: -88 [da:37:11:e3:00:7a]
RSSI: -88 [da:37:11:e3:00:7a]
RSSI: -87 [da:37:11:e3:00:7a]
RSSI: -82 [da:3a:1a:e7:0f:7e]
RSSI: -91 [da:3c:b4:ff:0b:2c]
RSSI: -84 [da:3a:1b:01:0f:ce]
RSSI: -90 [da:37:12:1c:01:2a]
RSSI: -86 [da:3a:1b:37:10:6e]
RSSI: -89 [da:37:12:48:01:9a]
RSSI: -86 [da:3c:b5:54:0c:3c]
RSSI: -87 [da:37:12:58:01:ca]
RSSI: -89 [da:37:12:75:02:1a]
RSSI: -84 [da:3c:b5:70:0c:9c]
RSSI: -83 [da:3c:b5:8c:0c:ec]
RSSI: -89 [da:37:12:95:02:7a]
RSSI: -84 [da:3c:b5:9b:0d:1c]
RSSI: -86 [da:37:12:a1:02:9a]
RSSI: -87 [da:37:12:b1:02:ca]
RSSI: -86 [da:37:12:ce:03:1a]
RSSI: -85 [da:3c:b5:d4:0d:dc]
RSSI: -82 [da:37:12:ce:03:1a]
RSSI: -79 [da:37:12:dd:03:4a]
RSSI: -78 [da:37:12:ed:03:7a]
RSSI: -93 [da:3c:b5:f0:0e:2c]
RSSI: -77 [da:37:12:ed:03:7a]
RSSI: -85 [da:3c:b5:ff:0e:5c]
RSSI: -79 [da:37:12:fa:03:9a]
RSSI: -85 [da:3c:b5:ff:0e:5c]
RSSI: -92 [da:35:2e:f8:16:1b]
RSSI: -80 [da:37:13:0a:03:ca]
RSSI: -85 [da:3c:b6:0c:0e:8c]
RSSI: -78 [da:37:13:0a:03:ca]
RSSI: -89 [da:3c:b6:1b:0e:bc]
RSSI: -77 [da:37:13:1a:03:fa]
RSSI: -74 [da:37:13:26:04:1a]
RSSI: -80 [da:37:13:26:04:1a]
RSSI: -89 [da:35:2f:32:00:5b]
RSSI: -74 [da:37:13:36:04:4a]
RSSI: -80 [da:37:13:46:04:7a]
RSSI: -87 [da:35:2f:40:00:7b]
RSSI: -78 [da:37:13:46:04:7a]
RSSI: -80 [da:37:13:53:04:9a]
RSSI: -80 [da:37:13:53:04:9a]
RSSI: -81 [da:37:13:73:04:fa]
RSSI: -76 [da:37:13:73:04:fa]
RSSI: -87 [da:35:2f:77:01:2b]
RSSI: -82 [da:37:13:7f:05:1a]
RSSI: -82 [da:37:13:8f:05:4a]
RSSI: -88 [da:35:2f:86:01:4b]
RSSI: -77 [da:37:13:9f:05:7a]
RSSI: -90 [da:35:2f:95:01:7b]
RSSI: -85 [da:37:13:9f:05:7a]
RSSI: -80 [da:37:13:ac:05:9a]
RSSI: -87 [da:35:2f:b1:01:cb]
RSSI: -84 [da:37:13:bc:05:ca]
RSSI: -84 [da:37:13:bc:05:ca]
RSSI: -89 [da:35:2f:bf:01:fb]
RSSI: -89 [da:37:13:cc:05:fa]
RSSI: -88 [da:37:13:d8:06:1a]
RSSI: -92 [da:35:2f:ea:02:7b]
RSSI: -90 [da:3c:b6:ff:11:8c]
RSSI: -93 [da:3a:1d:0b:15:8e]
RSSI: -89 [da:37:14:15:06:ca]
RSSI: -88 [da:37:14:15:06:ca]
RSSI: -87 [da:37:14:25:06:fa]
RSSI: -88 [da:37:14:41:07:5a]
RSSI: -90 [da:3c:b7:46:12:6c]
RSSI: -89 [da:37:14:41:07:5a]
RSSI: -89 [da:37:14:51:07:7a]
RSSI: -87 [da:37:14:51:07:7a]
RSSI: -90 [da:3c:b7:61:12:bc]
RSSI: -87 [da:37:14:5e:07:aa]
RSSI: -87 [da:37:14:6e:07:da]
RSSI: -86 [da:37:14:7e:08:0a]
RSSI: -86 [da:37:14:7e:08:0a]
RSSI: -85 [da:37:14:7e:08:0a]
RSSI: -85 [da:37:14:8a:08:2a]
RSSI: -82 [da:3c:b7:8c:13:3c]
RSSI: -86 [da:37:14:8a:08:2a]
RSSI: -83 [da:3c:b7:9b:13:6c]
RSSI: -88 [da:37:14:9a:08:5a]
RSSI: -94 [da:3a:1d:9f:00:ce]
RSSI: -85 [da:37:14:aa:08:8a]
RSSI: -87 [da:37:14:aa:08:8a]
RSSI: -88 [da:3c:b7:b7:13:cc]
RSSI: -86 [da:37:14:b7:08:aa]
RSSI: -84 [da:3c:b7:b7:13:cc]
RSSI: -82 [da:3c:b7:c6:13:fc]
RSSI: -86 [da:37:14:c7:08:da]
RSSI: -83 [da:3c:b7:c6:13:fc]
RSSI: -86 [da:37:14:c7:08:da]
RSSI: -80 [da:3c:b7:d5:14:2c]
RSSI: -86 [da:37:14:d7:09:0a]
RSSI: -86 [da:3c:b7:e2:14:4c]
RSSI: -85 [da:3c:b7:e2:14:4c]
RSSI: -86 [da:37:14:e4:09:2a]
RSSI: -83 [da:3c:b7:f1:14:7c]
RSSI: -89 [da:37:14:f4:09:5a]
RSSI: -81 [da:3c:b7:f1:14:7c]
RSSI: -87 [da:37:14:f4:09:5a]
RSSI: -85 [da:3c:b8:00:14:ac]
RSSI: -87 [da:37:15:04:09:8a]
RSSI: -86 [da:3c:b8:00:14:ac]
RSSI: -83 [da:3c:b8:0d:14:dc]
RSSI: -89 [da:37:15:10:09:aa]
RSSI: -87 [da:3c:b8:1c:15:0c]
RSSI: -84 [da:3c:b8:1c:15:0c]
RSSI: -89 [da:37:15:20:09:da]
RSSI: -85 [da:3c:b8:2b:15:2c]
RSSI: -88 [da:37:15:30:0a:0a]
RSSI: -83 [da:3c:b8:37:15:5c]
RSSI: -89 [da:37:15:3d:0a:2a]
RSSI: -90 [da:37:15:3d:0a:2a]
RSSI: -88 [da:3c:b8:47:15:8c]
RSSI: -86 [da:3c:b8:56:15:bc]
RSSI: -87 [da:3c:b8:62:15:dc]
RSSI: -85 [da:3c:b8:71:16:0c]
RSSI: -90 [da:3c:b8:71:16:0c]
RSSI: -87 [da:37:15:79:0a:da]
RSSI: -86 [da:37:15:79:0a:da]
RSSI: -85 [da:3c:b8:81:16:3c]
RSSI: -90 [da:3c:b8:9c:00:2c]
RSSI: -87 [da:37:15:96:0b:2a]
RSSI: -90 [da:3c:b8:9c:00:2c]
RSSI: -86 [da:37:15:a6:0b:5a]
RSSI: -85 [da:3c:b8:ac:00:5c]
RSSI: -88 [da:37:15:a6:0b:5a]
RSSI: -87 [da:3c:b8:b8:00:8c]
RSSI: -88 [da:37:15:c3:0b:aa]
RSSI: -88 [da:37:15:d3:0b:da]
RSSI: -88 [da:37:15:e3:0c:0a]
RSSI: -87 [da:37:15:ef:0c:2a]
RSSI: -88 [da:3c:b9:1d:01:cc]
RSSI: -91 [da:37:16:1c:0c:aa]
RSSI: -88 [da:3c:b9:1d:01:cc]
RSSI: -90 [da:3c:b9:2c:01:fc]
RSSI: -90 [da:3a:1f:32:05:2e]
RSSI: -94 [da:37:16:49:0d:2a]
RSSI: -92 [da:3c:b9:64:02:ac]
RSSI: -91 [da:3c:b9:73:02:dc]
RSSI: -90 [da:37:16:76:0d:aa]
RSSI: -87 [da:3c:b9:82:03:0c]
RSSI: -88 [da:3c:b9:ad:03:8c]
RSSI: -88 [da:3c:b9:ba:03:ac]
RSSI: -95 [da:3c:b9:e5:04:3c]
RSSI: -94 [da:3c:ba:10:04:bc]
RSSI: -96 [da:37:17:0c:0f:6a]
RSSI: -96 [da:3c:ba:59:05:9c]
RSSI: -92 [da:37:17:a3:11:1a]
RSSI: -92 [da:37:17:af:11:3a]
RSSI: -92 [da:37:17:bf:11:6a]
RSSI: -94 [da:37:18:09:12:3a]
RSSI: -91 [da:3a:21:0b:0a:7e]
RSSI: -93 [da:3a:21:25:0a:ce]
RSSI: -90 [da:37:18:36:12:ba]
RSSI: -93 [da:3a:21:41:0b:1e]
RSSI: -87 [da:37:18:56:13:1a]
RSSI: -88 [da:37:18:63:13:3a]
RSSI: -89 [da:37:18:73:13:6a]
RSSI: -84 [da:37:18:83:13:9a]
RSSI: -88 [da:3a:21:93:0b:fe]
RSSI: -85 [da:37:18:a0:13:ea]
RSSI: -86 [da:37:18:a0:13:ea]
RSSI: -86 [da:37:18:a0:13:ea]
RSSI: -86 [da:37:18:b0:14:1a]
RSSI: -85 [da:37:18:bd:14:3a]
RSSI: -87 [da:37:18:cd:14:6a]
RSSI: -90 [da:3a:21:d6:0c:be]
RSSI: -90 [da:37:18:dd:14:9a]
RSSI: -89 [da:37:18:dd:14:9a]
RSSI: -89 [da:3a:21:e4:0c:ee]
RSSI: -88 [da:3a:21:f1:0d:0e]
RSSI: -88 [da:3a:21:f1:0d:0e]
RSSI: -87 [da:3a:21:ff:0d:2e]
RSSI: -89 [da:37:18:fa:14:ea]
RSSI: -90 [da:37:19:0a:15:1a]
RSSI: -86 [da:3a:22:0d:0d:5e]
RSSI: -87 [da:3a:22:0d:0d:5e]
RSSI: -86 [da:3a:22:19:0d:7e]
RSSI: -84 [da:3a:22:35:0d:ce]
RSSI: -89 [da:3c:bc:34:0b:7c]
RSSI: -90 [da:3a:22:35:0d:ce]
RSSI: -84 [da:3a:22:42:0d:ee]
RSSI: -87 [da:3a:22:42:0d:ee]
RSSI: -82 [da:3a:22:50:0e:1e]
RSSI: -87 [da:37:19:4c:15:da]
RSSI: -87 [da:3a:22:50:0e:1e]
RSSI: -86 [da:3c:bc:5f:0c:0c]
RSSI: -90 [da:37:19:6d:00:2a]
RSSI: -90 [da:3a:22:70:0e:7e]
RSSI: -87 [da:3a:22:80:0e:9e]
RSSI: -89 [da:37:19:79:00:5a]
RSSI: -83 [da:3c:bc:7b:0c:6c]
RSSI: -85 [da:3a:22:80:0e:9e]
RSSI: -82 [da:3a:22:8e:0e:ce]
RSSI: -82 [da:3c:bc:97:0c:bc]
RSSI: -90 [da:37:19:a6:00:da]
RSSI: -82 [da:3c:bc:a7:0c:ec]
RSSI: -79 [da:3a:22:b7:0f:3e]
RSSI: -93 [da:37:19:b3:00:fa]
RSSI: -85 [da:3a:22:b7:0f:3e]
RSSI: -79 [da:3a:22:c4:0f:6e]
RSSI: -85 [da:3a:22:d2:0f:8e]
RSSI: -84 [da:3c:bc:d2:0d:7c]
RSSI: -90 [da:3c:bc:d2:0d:7c]
RSSI: -80 [da:3a:22:e0:0f:be]
RSSI: -88 [da:37:19:d9:01:6a]
RSSI: -86 [da:3a:22:e0:0f:be]
RSSI: -85 [da:3a:22:e0:0f:be]
RSSI: -89 [da:37:19:e6:01:8a]
RSSI: -88 [da:3c:bc:fd:0d:fc]
RSSI: -86 [da:3a:23:09:10:2e]
RSSI: -86 [da:3a:23:09:10:2e]
RSSI: -87 [da:3c:bd:0d:0e:2c]
RSSI: -90 [da:37:1a:0c:01:fa]
RSSI: -87 [da:37:1a:18:02:1a]
RSSI: -86 [da:37:1a:18:02:1a]
RSSI: -86 [da:37:1a:18:02:1a]
RSSI: -85 [da:3a:23:24:10:6e]
RSSI: -91 [da:3c:bd:29:0e:8c]
RSSI: -87 [da:37:1a:3f:02:8a]
RSSI: -83 [da:3a:23:3e:10:be]
RSSI: -86 [da:37:1a:3f:02:8a]
RSSI: -86 [da:3a:23:3e:10:be]
RSSI: -86 [da:3a:23:3e:10:be]
RSSI: -84 [da:3a:23:4c:10:ee]
RSSI: -82 [da:37:1a:4b:02:ba]
RSSI: -83 [da:37:1a:58:02:da]
RSSI: -84 [da:3a:23:5a:11:0e]
RSSI: -83 [da:37:1a:58:02:da]
RSSI: -89 [da:3a:23:5a:11:0e]
RSSI: -84 [da:37:1a:65:02:fa]
RSSI: -86 [da:3a:23:67:11:2e]
RSSI: -85 [da:3a:23:67:11:2e]
RSSI: -82 [da:37:1a:65:02:fa]
RSSI: -86 [da:3a:23:67:11:2e]
RSSI: -88 [da:37:1a:71:03:2a]
RSSI: -82 [da:37:1a:71:03:2a]
RSSI: -85 [da:3a:23:75:11:5e]
RSSI: -83 [da:37:1a:7e:03:4a]
RSSI: -80 [da:37:1a:7e:03:4a]
RSSI: -86 [da:3a:23:83:11:7e]
RSSI: -78 [da:37:1a:8b:03:6a]
RSSI: -79 [da:37:1a:8b:03:6a]
RSSI: -80 [da:37:1a:97:03:8a]
RSSI: -79 [da:37:1a:97:03:8a]
RSSI: -76 [da:37:1a:a4:03:ba]
RSSI: -87 [da:3a:23:9e:11:ce]
RSSI: -77 [da:37:1a:a4:03:ba]
RSSI: -82 [da:37:1a:a4:03:ba]
RSSI: -86 [da:3a:23:ac:11:fe]
RSSI: -78 [da:37:1a:b1:03:da]
RSSI: -78 [da:37:1a:b1:03:da]
RSSI: -87 [da:3a:23:b9:12:1e]
RSSI: -78 [da:37:1a:be:03:fa]
RSSI: -78 [da:37:1a:be:03:fa]
RSSI: -79 [da:37:1a:ca:04:2a]
RSSI: -87 [da:3a:23:c7:12:3e]
RSSI: -88 [da:3a:23:d5:12:6e]
RSSI: -77 [da:37:1a:d7:04:4a]
RSSI: -90 [da:3c:bd:d6:10:ac]
RSSI: -78 [da:37:1a:e4:04:6a]
RSSI: -82 [da:37:1a:e4:04:6a]
RSSI: -81 [da:37:1a:f0:04:9a]
RSSI: -85 [da:37:1a:fd:04:ba]
RSSI: -77 [da:37:1b:0a:04:da]
RSSI: -77 [da:37:1b:0a:04:da]
RSSI: -82 [da:37:1b:17:04:fa]
RSSI: -86 [da:3c:be:1d:11:8c]
RSSI: -77 [da:37:1b:24:05:2a]
RSSI: -79 [da:37:1b:24:05:2a]
RSSI: -80 [da:37:1b:30:05:4a]
RSSI: -86 [da:3c:be:2d:11:bc]
RSSI: -80 [da:37:1b:30:05:4a]
RSSI: -79 [da:37:1b:30:05:4a]
RSSI: -83 [da:37:1b:4a:05:9a]
RSSI: -84 [da:37:1b:56:05:ba]
RSSI: -87 [da:37:1b:63:05:da]
RSSI: -88 [da:3c:be:68:12:7c]
RSSI: -94 [da:35:37:6d:02:5b]
RSSI: -90 [da:37:1b:70:06:0a]
RSSI: -94 [da:35:37:6d:02:5b]
RSSI: -81 [da:3c:be:af:13:5c]
RSSI: -80 [da:3c:be:af:13:5c]
RSSI: -83 [da:3c:be:bf:13:8c]
RSSI: -79 [da:3c:be:bf:13:8c]
RSSI: -79 [da:3c:be:cb:13:bc]
RSSI: -94 [da:35:37:d0:03:8b]
RSSI: -81 [da:3c:be:db:13:ec]
RSSI: -94 [da:35:37:d0:03:8b]
RSSI: -79 [da:3c:be:ea:14:1c]
RSSI: -78 [da:3c:be:f7:14:3c]
RSSI: -77 [da:3c:be:f7:14:3c]
RSSI: -77 [da:3c:be:f7:14:3c]
RSSI: -78 [da:3c:bf:06:14:6c]
RSSI: -79 [da:3c:bf:16:14:9c]
RSSI: -91 [da:3a:25:1d:15:fe]
RSSI: -92 [da:37:1c:22:08:0a]
RSSI: -78 [da:3c:bf:28:14:dc]
RSSI: -89 [da:37:1c:2f:08:2a]
RSSI: -80 [da:3c:bf:38:15:0c]
RSSI: -89 [da:3a:25:46:16:6e]
RSSI: -82 [da:3c:bf:47:15:3c]
RSSI: -79 [da:3c:bf:47:15:3c]
RSSI: -80 [da:3c:bf:54:15:5c]
RSSI: -79 [da:3c:bf:54:15:5c]
RSSI: -82 [da:3c:bf:63:15:8c]
RSSI: -80 [da:3c:bf:73:15:bc]
RSSI: -91 [da:3a:25:6f:00:7e]
RSSI: -86 [da:3c:bf:73:15:bc]
RSSI: -87 [da:37:1c:7c:09:0a]
RSSI: -82 [da:3c:bf:7f:15:ec]
RSSI: -87 [da:3c:bf:8f:16:1c]
RSSI: -86 [da:37:1c:a2:09:7a]
RSSI: -89 [da:37:1c:af:09:9a]
RSSI: -88 [da:3c:bf:ab:16:6c]
RSSI: -87 [da:37:1c:d6:0a:0a]
RSSI: -85 [da:3c:bf:d7:00:5c]
RSSI: -87 [da:3c:bf:d7:00:5c]
RSSI: -89 [da:37:1c:ef:0a:5a]
RSSI: -87 [da:37:1c:fc:0a:7a]
RSSI: -85 [da:37:1d:16:0a:ca]
RSSI: -86 [da:37:1d:16:0a:ca]
RSSI: -87 [da:37:1d:2f:0b:1a]
RSSI: -85 [da:3c:c0:2e:01:6c]
RSSI: -86 [da:37:1d:3c:0b:3a]
RSSI: -85 [da:3c:c0:3d:01:9c]
RSSI: -87 [da:3c:c0:4d:01:cc]
RSSI: -88 [da:3c:c0:4d:01:cc]
RSSI: -88 [da:37:1d:55:0b:8a]
RSSI: -88 [da:3c:c0:5a:01:fc]
RSSI: -87 [da:37:1d:62:0b:aa]
RSSI: -85 [da:37:1d:62:0b:aa]
RSSI: -85 [da:3c:c0:79:02:5c]
RSSI: -85 [da:37:1d:7c:0b:fa]
RSSI: -85 [da:3c:c0:79:02:5c]
RSSI: -88 [da:37:1d:89:0c:1a]
RSSI: -85 [da:3c:c0:85:02:7c]
RSSI: -87 [da:37:1d:89:0c:1a]
RSSI: -86 [da:3c:c0:95:02:ac]
RSSI: -85 [da:37:1d:96:0c:4a]
RSSI: -86 [da:3c:c0:95:02:ac]
RSSI: -84 [da:3c:c0:a4:02:dc]
RSSI: -88 [da:37:1d:af:0c:8a]
RSSI: -84 [da:3c:c0:b1:03:0c]
RSSI: -87 [da:3c:c0:c1:03:3c]
RSSI: -83 [da:3c:c0:d0:03:6c]
RSSI: -85 [da:3c:c0:dd:03:8c]
RSSI: -82 [da:3c:c0:dd:03:8c]
RSSI: -88 [da:3c:c0:ec:03:bc]
RSSI: -86 [da:3c:c1:08:04:1c]
RSSI: -93 [da:37:1e:09:0d:9a]
RSSI: -88 [da:3c:c1:18:04:4c]
RSSI: -93 [da:3c:c1:53:04:fc]
RSSI: -89 [da:3c:c1:ab:06:1c]
RSSI: -89 [da:3c:c1:ab:06:1c]
RSSI: -92 [da:37:1e:ca:0f:ca]
RSSI: -95 [da:3a:27:ca:07:2e]
RSSI: -95 [da:37:1f:31:10:ea]
RSSI: -91 [da:3c:c2:3b:07:dc]
RSSI: -93 [da:37:1f:4a:11:3a]
RSSI: -92 [da:37:1f:58:11:5a]
RSSI: -94 [da:37:1f:71:11:aa]
RSSI: -92 [da:3c:c2:76:08:9c]
RSSI: -92 [da:3a:28:8b:09:4e]
RSSI: -92 [da:37:1f:a5:12:3a]
RSSI: -92 [da:37:1f:a5:12:3a]
RSSI: -92 [da:37:1f:a5:12:3a]
RSSI: -88 [da:3c:c2:b2:09:5c]
RSSI: -87 [da:3c:c2:be:09:7c]
RSSI: -93 [da:37:1f:d9:12:ca]
RSSI: -89 [da:37:1f:e5:12:fa]
RSSI: -89 [da:3c:c2:ea:0a:0c]
RSSI: -87 [da:37:1f:ff:13:3a]
RSSI: -89 [da:37:20:0c:13:5a]
RSSI: -92 [da:37:20:33:13:ca]
RSSI: -99 [da:3a:29:30:0b:2e]
RSSI: -92 [da:3c:c3:52:0b:5c]
RSSI: -92 [da:37:20:4d:14:1a]
RSSI: -90 [da:3c:c3:61:0b:8c]
RSSI: -91 [da:37:20:67:14:6a]
RSSI: -89 [da:3c:c3:8d:0c:1c]
RSSI: -90 [da:37:20:8e:14:da]
RSSI: -89 [da:37:20:a7:15:2a]
RSSI: -92 [da:3c:c3:b9:0c:9c]
RSSI: -88 [da:37:20:b4:15:4a]
RSSI: -87 [da:37:20:c1:15:6a]
RSSI: -90 [da:3a:29:c9:0c:de]
RSSI: -86 [da:3a:29:d6:0c:fe]
RSSI: -87 [da:3c:c3:d5:0c:fc]
RSSI: -89 [da:37:20:db:15:ba]
RSSI: -88 [da:3c:c3:d5:0c:fc]
RSSI: -89 [da:37:20:db:15:ba]
RSSI: -86 [da:3a:29:e5:0d:2e]
RSSI: -83 [da:3a:29:e5:0d:2e]
RSSI: -86 [da:3a:29:f3:0d:4e]
RSSI: -85 [da:3c:c3:f2:0d:5c]
RSSI: -85 [da:3a:29:f3:0d:4e]
RSSI: -91 [da:37:20:f5:16:0a]
RSSI: -82 [da:3a:2a:00:0d:7e]
RSSI: -85 [da:3a:2a:00:0d:7e]
RSSI: -84 [da:3c:c4:01:0d:8c]
RSSI: -86 [da:3c:c4:11:0d:bc]
RSSI: -84 [da:3a:2a:1c:0d:ce]
RSSI: -84 [da:3a:2a:29:0d:ee]
RSSI: -80 [da:3a:2a:38:0e:1e]
RSSI: -83 [da:3a:2a:38:0e:1e]
RSSI: -81 [da:3a:2a:46:0e:3e]
RSSI: -80 [da:3a:2a:46:0e:3e]
RSSI: -90 [da:3c:c4:4a:0e:6c]
RSSI: -83 [da:3a:2a:53:0e:6e]
RSSI: -83 [da:3a:2a:53:0e:6e]
RSSI: -79 [da:3a:2a:70:0e:be]
RSSI: -90 [da:3c:c4:76:0e:fc]
RSSI: -84 [da:3a:2a:7c:0e:de]
RSSI: -83 [da:3a:2a:7c:0e:de]
RSSI: -81 [da:3a:2a:7c:0e:de]
RSSI: -80 [da:3a:2a:8b:0e:fe]
RSSI: -83 [da:3a:2a:99:0f:2e]
RSSI: -82 [da:3a:2a:99:0f:2e]
RSSI: -84 [da:3a:2a:a6:0f:4e]
RSSI: -84 [da:3a:2a:b4:0f:7e]
RSSI: -89 [da:3c:c4:b2:0f:bc]
RSSI: -88 [da:37:21:b7:01:da]
RSSI: -86 [da:3a:2a:c3:0f:9e]
RSSI: -86 [da:3a:2a:c3:0f:9e]
RSSI: -88 [da:37:21:d1:02:2a]
RSSI: -87 [da:3a:2a:cf:0f:ce]
RSSI: -86 [da:37:21:d1:02:2a]
RSSI: -89 [da:3a:2a:de:0f:ee]
RSSI: -87 [da:3c:c4:de:10:4c]
RSSI: -86 [da:3c:c4:ed:10:7c]
RSSI: -88 [da:37:21:f8:02:9a]
RSSI: -90 [da:3c:c4:fa:10:9c]
RSSI: -84 [da:37:22:05:02:ba]
RSSI: -88 [da:37:22:12:02:ea]
RSSI: -91 [da:3c:c5:0a:10:dc]
RSSI: -82 [da:37:22:12:02:ea]
RSSI: -89 [da:3c:c5:19:11:0c]
RSSI: -85 [da:37:22:1f:03:0a]
RSSI: -83 [da:37:22:1f:03:0a]
RSSI: -82 [da:37:22:1f:03:0a]
RSSI: -89 [da:3c:c5:26:11:2c]
RSSI: -86 [da:37:22:2c:03:2a]
RSSI: -81 [da:37:22:2c:03:2a]
RSSI: -87 [da:3a:2b:31:10:de]
RSSI: -81 [da:37:22:39:03:5a]
RSSI: -82 [da:37:22:39:03:5a]
RSSI: -84 [da:37:22:46:03:7a]
RSSI: -88 [da:37:22:46:03:7a]
RSSI: -90 [da:3a:2b:4c:11:2e]
RSSI: -87 [da:37:22:53:03:9a]
RSSI: -88 [da:35:3e:49:00:5b]
RSSI: -89 [da:3a:2b:5b:11:4e]
RSSI: -87 [da:35:3e:59:00:8b]
RSSI: -87 [da:3c:c5:62:11:ec]
RSSI: -83 [da:37:22:60:03:ba]
RSSI: -81 [da:37:22:6d:03:ea]
RSSI: -86 [da:3a:2b:69:11:7e]
RSSI: -87 [da:3c:c5:72:12:1c]
RSSI: -80 [da:37:22:6d:03:ea]
RSSI: -87 [da:3c:c5:72:12:1c]
RSSI: -88 [da:3a:2b:76:11:9e]
RSSI: -82 [da:37:22:7a:04:0a]
RSSI: -81 [da:37:22:87:04:3a]
RSSI: -91 [da:3a:2b:84:11:ce]
RSSI: -80 [da:37:22:87:04:3a]
RSSI: -81 [da:37:22:94:04:5a]
RSSI: -84 [da:37:22:94:04:5a]
RSSI: -88 [da:35:3e:94:01:3b]
RSSI: -88 [da:3a:2b:a0:12:1e]
RSSI: -79 [da:37:22:a1:04:7a]
RSSI: -80 [da:37:22:ae:04:aa]
RSSI: -79 [da:37:22:bb:04:ca]
RSSI: -79 [da:37:22:bb:04:ca]
RSSI: -87 [da:3c:c5:ca:13:2c]
RSSI: -89 [da:3a:2b:c9:12:8e]
RSSI: -80 [da:37:22:c8:04:ea]
RSSI: -84 [da:3c:c5:ca:13:2c]
RSSI: -81 [da:37:22:d5:05:0a]
RSSI: -88 [da:3c:c5:d7:13:5c]
RSSI: -89 [da:3a:2b:d8:12:be]
RSSI: -82 [da:3c:c5:d7:13:5c]
RSSI: -82 [da:37:22:e2:05:3a]
RSSI: -89 [da:35:3e:dc:02:0b]
RSSI: -90 [da:3c:c5:e7:13:8c]
RSSI: -90 [da:35:3e:dc:02:0b]
RSSI: -82 [da:37:22:ef:05:5a]
RSSI: -81 [da:3c:c5:f7:13:bc]
RSSI: -80 [da:3c:c6:03:13:dc]
RSSI: -80 [da:3c:c6:03:13:dc]
RSSI: -80 [da:3c:c6:03:13:dc]
RSSI: -84 [da:37:23:09:05:aa]
RSSI: -80 [da:3c:c6:03:13:dc]
RSSI: -86 [da:37:23:16:05:ca]
RSSI: -81 [da:3c:c6:13:14:1c]
RSSI: -81 [da:3c:c6:23:14:4c]
RSSI: -80 [da:3c:c6:2f:14:6c]
RSSI: -80 [da:3c:c6:2f:14:6c]
RSSI: -81 [da:3c:c6:3f:14:9c]
RSSI: -87 [da:37:23:3d:06:3a]
RSSI: -82 [da:3c:c6:3f:14:9c]
RSSI: -83 [da:3c:c6:4f:14:cc]
RSSI: -88 [da:37:23:57:06:8a]
RSSI: -79 [da:3c:c6:5c:14:fc]
RSSI: -82 [da:3c:c6:5c:14:fc]
RSSI: -80 [da:3c:c6:6b:15:2c]
RSSI: -81 [da:3c:c6:6b:15:2c]
RSSI: -82 [da:3c:c6:6b:15:2c]
RSSI: -80 [da:3c:c6:7b:15:5c]
RSSI: -83 [da:3c:c6:7b:15:5c]
RSSI: -84 [da:3c:c6:88:15:8c]
RSSI: -87 [da:3c:c6:88:15:8c]
RSSI: -88 [da:3c:c6:a7:15:ec]
RSSI: -91 [da:3c:c6:b4:16:0c]
RSSI: -93 [da:3c:c6:c4:16:3c]
RSSI: -94 [da:35:3f:e4:05:1b]
RSSI: -94 [da:3c:c6:f0:00:5c]
RSSI: -92 [da:37:24:0e:08:9a]
RSSI: -90 [da:3c:c7:1c:00:ec]
RSSI: -89 [da:3c:c7:2c:01:1c]
RSSI: -87 [da:3c:c7:39:01:3c]
RSSI: -86 [da:3c:c7:49:01:7c]
RSSI: -85 [da:3c:c7:58:01:ac]
RSSI: -90 [da:37:24:76:09:ca]
RSSI: -91 [da:3c:c7:91:02:5c]
RSSI: -86 [da:3c:c7:a1:02:8c]
RSSI: -86 [da:3c:c7:a1:02:8c]
RSSI: -88 [da:3c:c7:a1:02:8c]
RSSI: -89 [da:37:24:b8:0a:8a]
RSSI: -88 [da:3c:c7:be:02:ec]
RSSI: -87 [da:3c:c7:ce:03:1c]
RSSI: -90 [da:37:24:ec:0b:1a]
RSSI: -86 [da:3c:c7:ea:03:6c]
RSSI: -89 [da:3c:c7:fa:03:9c]
RSSI: -90 [da:3c:c8:0a:03:cc]
RSSI: -89 [da:37:25:06:0b:6a]
RSSI: -92 [da:37:25:13:0b:8a]
RSSI: -88 [da:3c:c8:26:04:2c]
RSSI: -93 [da:3c:c8:7f:05:3c]
RSSI: -92 [da:3c:c8:c8:06:1c]
RSSI: -90 [da:3c:c8:e8:06:8c]
RSSI: -93 [da:37:25:ff:0e:3a]
RSSI: -95 [da:3c:c9:8a:08:8c]
RSSI: -94 [da:3c:ca:1f:0a:6c]
RSSI: -92 [da:3c:ca:3c:0a:bc]
RSSI: -94 [da:3a:30:9f:09:de]
RSSI: -95 [da:3c:ca:b2:0c:3c]
RSSI: -97 [da:3c:ca:c2:0c:6c]
RSSI: -93 [da:3c:ca:c2:0c:6c]
RSSI: -89 [da:3c:ca:d2:0c:9c]
RSSI: -87 [da:3c:ca:de:0c:cc]
RSSI: -87 [da:3c:ca:ef:0c:fc]
RSSI: -91 [da:37:27:ee:13:ca]
RSSI: -86 [da:3c:ca:ef:0c:fc]
RSSI: -86 [da:3c:ca:ff:0d:2c]
RSSI: -88 [da:3c:cb:0b:0d:5c]
RSSI: -85 [da:3c:cb:0b:0d:5c]
RSSI: -91 [da:3c:cb:1b:0d:8c]
RSSI: -89 [da:3a:31:1e:0b:4e]
RSSI: -88 [da:3c:cb:38:0d:dc]
RSSI: -89 [da:3a:31:48:0b:be]
RSSI: -89 [da:3c:cb:58:0e:4c]
RSSI: -90 [da:3c:cb:58:0e:4c]
RSSI: -91 [da:3c:cb:75:0e:9c]
RSSI: -89 [da:3c:cb:85:0e:dc]
RSSI: -92 [da:37:28:8d:15:8a]
RSSI: -88 [da:3a:31:9c:0c:ae]
RSSI: -84 [da:3a:31:b8:0c:fe]
RSSI: -85 [da:3a:31:b8:0c:fe]
RSSI: -85 [da:3a:31:b8:0c:fe]
RSSI: -81 [da:3a:31:c7:0d:2e]
RSSI: -82 [da:3a:31:d5:0d:5e]
RSSI: -82 [da:3a:31:e2:0d:7e]
RSSI: -81 [da:3a:31:f1:0d:ae]
RSSI: -81 [da:3a:31:f1:0d:ae]
RSSI: -81 [da:3a:31:f1:0d:ae]
RSSI: -80 [da:3a:32:00:0d:ce]
RSSI: -81 [da:3a:32:00:0d:ce]
RSSI: -82 [da:3a:32:0c:0d:ee]
RSSI: -80 [da:3a:32:0c:0d:ee]
RSSI: -83 [da:3a:32:1b:0e:1e]
RSSI: -93 [da:37:29:2c:01:3a]
RSSI: -81 [da:3a:32:37:0e:6e]
RSSI: -83 [da:3a:32:37:0e:6e]
RSSI: -82 [da:3a:32:46:0e:8e]
RSSI: -82 [da:3a:32:46:0e:8e]
RSSI: -84 [da:3a:32:54:0e:be]
RSSI: -83 [da:3a:32:54:0e:be]
RSSI: -85 [da:37:29:61:01:ca]
RSSI: -84 [da:3a:32:61:0e:de]
RSSI: -87 [da:37:29:6d:01:fa]
RSSI: -84 [da:3a:32:70:0f:0e]
RSSI: -87 [da:3a:32:7f:0f:3e]
RSSI: -86 [da:3a:32:8b:0f:5e]
RSSI: -88 [da:3a:32:8b:0f:5e]
RSSI: -84 [da:37:29:a3:02:8a]
RSSI: -86 [da:37:29:b0:02:ba]
RSSI: -89 [da:3c:cc:ae:12:8c]
RSSI: -87 [da:3a:32:b6:0f:de]
RSSI: -86 [da:3c:cc:be:12:bc]
RSSI: -83 [da:37:29:bd:02:da]
RSSI: -82 [da:37:29:bd:02:da]
RSSI: -81 [da:37:29:cb:02:fa]
RSSI: -90 [da:35:45:d2:00:5b]
RSSI: -83 [da:37:29:d8:03:2a]
RSSI: -83 [da:3c:cc:db:13:1c]
RSSI: -82 [da:37:29:e5:03:4a]
RSSI: -82 [da:37:29:e5:03:4a]
RSSI: -81 [da:37:29:f2:03:6a]
RSSI: -80 [da:37:29:f2:03:6a]
RSSI: -80 [da:3c:cd:08:13:ac]
RSSI: -84 [da:3c:cd:08:13:ac]
RSSI: -76 [da:37:2a:0d:03:ba]
RSSI: -88 [da:3a:33:0b:10:ce]
RSSI: -83 [da:3c:cd:18:13:dc]
RSSI: -90 [da:3a:33:19:10:fe]
RSSI: -89 [da:35:46:1b:01:3b]
RSSI: -76 [da:37:2a:28:04:0a]
RSSI: -77 [da:37:2a:28:04:0a]
RSSI: -80 [da:3c:cd:35:14:2c]
RSSI: -76 [da:37:2a:34:04:2a]
RSSI: -86 [da:3a:33:35:11:4e]
RSSI: -79 [da:3c:cd:35:14:2c]
RSSI: -78 [da:3c:cd:45:14:5c]
RSSI: -90 [da:3a:33:44:11:6e]
RSSI: -91 [da:35:46:38:01:9b]
RSSI: -81 [da:3c:cd:45:14:5c]
RSSI: -85 [da:3a:33:44:11:6e]
RSSI: -89 [da:3a:33:53:11:9e]
RSSI: -78 [da:3c:cd:51:14:8c]
RSSI: -78 [da:3c:cd:51:14:8c]
RSSI: -78 [da:3c:cd:51:14:8c]
RSSI: -75 [da:37:2a:5c:04:9a]
RSSI: -85 [da:3a:33:5f:11:be]
RSSI: -75 [da:37:2a:5c:04:9a]
RSSI: -81 [da:3c:cd:62:14:bc]
RSSI: -75 [da:37:2a:6a:04:ca]
RSSI: -87 [da:3a:33:6e:11:ee]
RSSI: -76 [da:3c:cd:72:14:ec]
RSSI: -86 [da:3a:33:6e:11:ee]
RSSI: -76 [da:37:2a:77:04:ea]
RSSI: -76 [da:3c:cd:7e:15:1c]
RSSI: -79 [da:37:2a:84:05:1a]
RSSI: -87 [da:3a:33:8a:12:3e]
RSSI: -76 [da:37:2a:84:05:1a]
RSSI: -86 [da:3c:cd:8e:15:4c]
RSSI: -77 [da:37:2a:92:05:3a]
RSSI: -78 [da:3c:cd:8e:15:4c]
RSSI: -86 [da:3a:33:99:12:5e]
RSSI: -79 [da:37:2a:9f:05:5a]
RSSI: -79 [da:37:2a:9f:05:5a]
RSSI: -83 [da:3a:33:a8:12:8e]
RSSI: -82 [da:37:2a:ac:05:8a]
RSSI: -86 [da:3c:cd:ab:15:9c]
RSSI: -88 [da:3a:33:a8:12:8e]
RSSI: -81 [da:37:2a:ac:05:8a]
RSSI: -85 [da:3c:cd:ab:15:9c]
RSSI: -87 [da:3a:33:b4:12:ae]
RSSI: -82 [da:37:2a:ba:05:aa]
RSSI: -89 [da:3a:33:c3:12:de]
RSSI: -83 [da:37:2a:c7:05:da]
RSSI: -86 [da:37:2a:c7:05:da]
RSSI: -88 [da:3a:33:d2:12:fe]
RSSI: -86 [da:37:2a:d4:05:fa]
RSSI: -88 [da:3c:cd:cb:16:0c]
RSSI: -89 [da:3a:33:d2:12:fe]
RSSI: -88 [da:37:2a:e1:06:1a]
RSSI: -90 [da:37:2a:ef:06:4a]
RSSI: -87 [da:3c:cd:f1:16:7c]
RSSI: -88 [da:3a:33:fd:13:7e]
RSSI: -88 [da:3a:33:fd:13:7e]
RSSI: -86 [da:3a:34:09:13:9e]
RSSI: -87 [da:37:2b:09:06:8a]
RSSI: -93 [da:37:2b:31:07:0a]
RSSI: -89 [da:3a:34:34:14:1e]
RSSI: -89 [da:3a:34:34:14:1e]
RSSI: -89 [da:3a:34:43:14:4e]
RSSI: -90 [da:3a:34:6d:14:be]
RSSI: -91 [da:3c:ce:6d:01:8c]
RSSI: -89 [da:3a:34:6d:14:be]
RSSI: -92 [da:3c:ce:7a:01:ac]
RSSI: -91 [da:3a:34:98:15:2e]
RSSI: -93 [da:3c:ce:93:01:fc]
RSSI: -91 [da:3c:ce:ad:02:4c]
RSSI: -92 [da:3a:34:a7:15:5e]
RSSI: -95 [da:3a:34:c3:15:9e]
RSSI: -94 [da:3c:ce:df:02:ec]
RSSI: -93 [da:3a:34:fc:16:4e]
RSSI: -94 [da:3c:cf:05:03:6c]
RSSI: -95 [da:3a:35:18:00:2e]
RSSI: -95 [da:3c:cf:2b:03:dc]
RSSI: -93 [da:3c:cf:45:04:2c]
RSSI: -96 [da:3c:cf:52:04:5c]
RSSI: -89 [da:37:2c:63:0a:7a]
RSSI: -95 [da:37:2c:8c:0a:ea]
RSSI: -94 [da:37:2c:a7:0b:3a]
RSSI: -93 [da:3c:cf:b7:05:9c]
RSSI: -91 [da:3c:cf:c4:05:bc]
RSSI: -88 [da:3c:cf:de:06:0c]
RSSI: -89 [da:3c:cf:ea:06:3c]
RSSI: -93 [da:37:2c:e9:0b:fa]
RSSI: -93 [da:37:2d:12:0c:7a]
RSSI: -94 [da:3c:d0:1d:06:dc]
RSSI: -98 [da:3a:36:43:03:7e]
RSSI: -91 [da:3c:d0:76:07:fc]
RSSI: -89 [da:3c:d0:a9:08:9c]
RSSI: -94 [da:3c:d0:dc:09:3c]
RSSI: -92 [da:3a:36:fd:05:8e]
RSSI: -88 [da:3c:d1:29:0a:2c]
RSSI: -89 [da:3c:d1:4f:0a:9c]
RSSI: -90 [da:3c:d1:76:0b:1c]
RSSI: -89 [da:3c:d1:a9:0b:bc]
RSSI: -88 [da:3c:d1:a9:0b:bc]
RSSI: -90 [da:3c:d1:c2:0c:0c]
RSSI: -87 [da:3c:d1:cf:0c:3c]
RSSI: -86 [da:3c:d1:cf:0c:3c]
RSSI: -93 [da:3c:d1:e9:0c:8c]
RSSI: -86 [da:3c:d1:f6:0c:bc]
RSSI: -87 [da:3c:d1:f6:0c:bc]
RSSI: -85 [da:3c:d2:1c:0d:2c]
RSSI: -85 [da:3c:d2:1c:0d:2c]
RSSI: -88 [da:3c:d2:43:0d:ac]
RSSI: -88 [da:3c:d2:43:0d:ac]
RSSI: -93 [da:37:2f:5f:13:1a]
RSSI: -91 [da:3c:d2:a9:0e:ec]
RSSI: -92 [da:37:2f:b0:13:fa]
RSSI: -90 [da:3c:d2:b6:0f:1c]
RSSI: -95 [da:3c:d3:10:10:3c]
RSSI: -93 [da:37:30:0f:15:0a]
RSSI: -93 [da:3a:39:37:0b:de]
RSSI: -86 [da:3c:d3:43:10:dc]
RSSI: -88 [da:3c:d3:50:10:fc]
RSSI: -91 [da:3c:d3:6a:11:4c]
RSSI: -93 [da:3a:39:71:0c:8e]
RSSI: -90 [da:3c:d3:77:11:7c]
RSSI: -89 [da:3c:d3:84:11:9c]
RSSI: -87 [da:3c:d3:9d:11:ec]
RSSI: -86 [da:3a:39:9d:0c:fe]
RSSI: -85 [da:3a:39:ac:0d:2e]
RSSI: -84 [da:3a:39:ac:0d:2e]
RSSI: -83 [da:3a:39:b8:0d:4e]
RSSI: -82 [da:3a:39:b8:0d:4e]
RSSI: -83 [da:3a:39:c8:0d:7e]
RSSI: -89 [da:37:30:cb:00:ea]
RSSI: -87 [da:3c:d3:de:12:bc]
RSSI: -87 [da:3c:d3:de:12:bc]
RSSI: -79 [da:3a:39:f3:0d:fe]
RSSI: -81 [da:3c:d3:f8:13:0c]
RSSI: -80 [da:3a:3a:02:0e:1e]
RSSI: -83 [da:3c:d4:04:13:3c]
RSSI: -80 [da:3a:3a:02:0e:1e]
RSSI: -84 [da:3c:d4:04:13:3c]
RSSI: -81 [da:3c:d4:04:13:3c]
RSSI: -80 [da:3a:3a:0e:0e:3e]
RSSI: -80 [da:3c:d4:11:13:5c]
RSSI: -79 [da:3a:3a:1e:0e:6e]
RSSI: -79 [da:3a:3a:1e:0e:6e]
RSSI: -79 [da:3c:d4:1e:13:8c]
RSSI: -79 [da:3a:3a:1e:0e:6e]
RSSI: -80 [da:3c:d4:2b:13:ac]
RSSI: -80 [da:3a:3a:2d:0e:9e]
RSSI: -80 [da:3a:3a:2d:0e:9e]
RSSI: -80 [da:3c:d4:38:13:dc]
RSSI: -79 [da:3a:3a:3a:0e:be]
RSSI: -88 [da:35:4d:33:16:6b]
RSSI: -88 [da:37:31:45:02:3a]
RSSI: -80 [da:3c:d4:45:13:fc]
RSSI: -78 [da:3c:d4:45:13:fc]
RSSI: -81 [da:3c:d4:51:14:2c]
RSSI: -81 [da:3a:3a:58:0f:1e]
RSSI: -77 [da:3c:d4:5f:14:4c]
RSSI: -80 [da:3a:3a:58:0f:1e]
RSSI: -86 [da:37:31:61:02:8a]
RSSI: -85 [da:35:4d:59:00:4b]
RSSI: -79 [da:3c:d4:5f:14:4c]
RSSI: -85 [da:37:31:61:02:8a]
RSSI: -83 [da:3c:d4:6c:14:7c]
RSSI: -81 [da:3a:3a:65:0f:3e]
RSSI: -89 [da:35:4d:73:00:9b]
RSSI: -80 [da:3c:d4:78:14:9c]
RSSI: -86 [da:37:31:7b:02:da]
RSSI: -85 [da:3a:3a:83:0f:8e]
RSSI: -78 [da:3c:d4:85:14:cc]
RSSI: -85 [da:3a:3a:83:0f:8e]
RSSI: -79 [da:3c:d4:85:14:cc]
RSSI: -88 [da:35:4d:7f:00:bb]
RSSI: -79 [da:3c:d4:92:14:ec]
RSSI: -85 [da:35:4d:8c:00:eb]
RSSI: -81 [da:3c:d4:92:14:ec]
RSSI: -80 [da:3c:d4:9f:15:1c]
RSSI: -78 [da:3c:d4:9f:15:1c]
RSSI: -81 [da:3c:d4:ac:15:4c]
RSSI: -82 [da:3c:d4:ac:15:4c]
RSSI: -85 [da:37:31:b2:03:7a]
RSSI: -85 [da:37:31:b2:03:7a]
RSSI: -78 [da:3c:d4:b9:15:6c]
RSSI: -85 [da:37:31:bf:03:9a]
RSSI: -83 [da:3c:d4:b9:15:6c]
RSSI: -87 [da:3c:d4:c6:15:9c]
RSSI: -89 [da:35:4d:bf:01:7b]
RSSI: -81 [da:3c:d4:c6:15:9c]
RSSI: -89 [da:3a:3a:ca:10:5e]
RSSI: -88 [da:35:4d:bf:01:7b]
RSSI: -88 [da:3c:d4:d3:15:bc]
RSSI: -86 [da:35:4d:cc:01:ab]
RSSI: -83 [da:3c:d4:e0:15:ec]
RSSI: -83 [da:3c:d4:e0:15:ec]
RSSI: -88 [da:37:31:e7:04:1a]
RSSI: -86 [da:3c:d4:ec:16:0c]
RSSI: -84 [da:37:31:f5:04:3a]
RSSI: -89 [da:3c:d4:f9:16:3c]
RSSI: -86 [da:3c:d5:06:16:5c]
RSSI: -85 [da:3c:d5:06:16:5c]
RSSI: -89 [da:37:32:10:04:8a]
RSSI: -88 [da:37:32:1e:04:aa]
RSSI: -84 [da:37:32:1e:04:aa]
RSSI: -88 [da:3c:d5:2d:00:5c]
RSSI: -86 [da:37:32:2c:04:da]
RSSI: -88 [da:3c:d5:2d:00:5c]
RSSI: -89 [da:37:32:2c:04:da]
RSSI: -88 [da:37:32:38:04:fa]
RSSI: -90 [da:3a:3b:3d:11:9e]
RSSI: -87 [da:37:32:38:04:fa]
RSSI: -89 [da:3c:d5:47:00:ac]
RSSI: -87 [da:37:32:47:05:2a]
RSSI: -91 [da:3c:d5:47:00:ac]
RSSI: -92 [da:3c:d5:54:00:cc]
RSSI: -90 [da:37:32:55:05:4a]
RSSI: -91 [da:3c:d5:54:00:cc]
RSSI: -89 [da:37:32:6f:05:9a]
RSSI: -89 [da:3c:d5:7b:01:4c]
RSSI: -88 [da:3a:3b:77:12:4e]
RSSI: -90 [da:3a:3b:86:12:6e]
RSSI: -91 [da:3c:d5:bc:02:0c]
RSSI: -96 [da:35:4e:b2:04:4b]
RSSI: -89 [da:3a:3b:be:13:0e]
RSSI: -87 [da:3c:d5:c9:02:3c]
RSSI: -89 [da:3c:d5:d5:02:5c]
RSSI: -89 [da:3a:3b:dd:13:6e]
RSSI: -86 [da:3c:d5:ef:02:bc]
RSSI: -86 [da:3c:d5:ef:02:bc]
RSSI: -90 [da:3c:d5:fc:02:dc]
RSSI: -86 [da:3c:d6:09:03:0c]
RSSI: -91 [da:3a:3c:33:14:5e]
RSSI: -87 [da:3c:d6:30:03:7c]
RSSI: -92 [da:37:33:2d:07:ba]
RSSI: -96 [da:3a:3c:50:14:ae]
RSSI: -91 [da:3c:d6:64:04:1c]
RSSI: -91 [da:37:33:7e:08:9a]
RSSI: -91 [da:3c:d6:b2:05:0c]
RSSI: -89 [da:3c:d6:bf:05:3c]
RSSI: -89 [da:3c:d6:d9:05:8c]
RSSI: -87 [da:3c:d6:e6:05:ac]
RSSI: -86 [da:3c:d7:00:05:fc]
RSSI: -89 [da:3c:d7:27:06:7c]
RSSI: -91 [da:37:34:29:0a:8a]
RSSI: -96 [da:35:50:32:08:db]
RSSI: -93 [da:35:50:4c:09:1b]
RSSI: -94 [da:3c:d7:75:07:7c]
RSSI: -94 [da:3c:d7:75:07:7c]
RSSI: -88 [da:3c:d7:81:07:9c]
RSSI: -91 [da:3c:d7:a8:08:1c]
RSSI: -91 [da:3c:d7:a8:08:1c]
RSSI: -92 [da:3c:d8:04:09:3c]
RSSI: -91 [da:3c:d8:1e:09:8c]
RSSI: -96 [da:3c:d8:45:0a:0c]
RSSI: -89 [da:3c:d8:6c:0a:8c]
RSSI: -92 [da:3c:d8:79:0a:ac]
RSSI: -87 [da:3c:d8:86:0a:dc]
RSSI: -92 [da:3c:d8:93:0b:0c]
RSSI: -87 [da:3c:d8:93:0b:0c]
RSSI: -86 [da:3c:d8:ba:0b:7c]
RSSI: -89 [da:3c:d8:c7:0b:ac]
RSSI: -86 [da:3c:d8:c7:0b:ac]
RSSI: -90 [da:3c:d8:d5:0b:dc]
RSSI: -92 [da:3a:3e:d2:05:5e]
RSSI: -90 [da:3a:3e:f1:05:ae]
RSSI: -83 [da:3c:d8:ef:0c:2c]
RSSI: -88 [da:3c:d9:08:0c:7c]
RSSI: -86 [da:3c:d9:16:0c:ac]
RSSI: -86 [da:3c:d9:30:0c:fc]
RSSI: -83 [da:3c:d9:4a:0d:4c]
RSSI: -88 [da:3c:d9:57:0d:7c]
RSSI: -87 [da:3c:d9:57:0d:7c]
RSSI: -83 [da:3c:d9:64:0d:9c]
RSSI: -84 [da:3c:d9:71:0d:cc]
RSSI: -88 [da:3c:d9:7e:0d:ec]
RSSI: -85 [da:3c:d9:8b:0e:1c]
RSSI: -87 [da:3c:d9:8b:0e:1c]
RSSI: -86 [da:3c:d9:99:0e:4c]
RSSI: -88 [da:3c:d9:a5:0e:6c]
RSSI: -87 [da:3c:d9:b3:0e:9c]
RSSI: -88 [da:3c:d9:cc:0e:ec]
RSSI: -89 [da:3c:d9:da:0f:0c]
RSSI: -92 [da:37:37:0b:12:da]
RSSI: -91 [da:37:37:19:12:fa]
RSSI: -95 [da:3c:da:1b:0f:dc]
RSSI: -91 [da:3c:da:36:10:2c]
RSSI: -90 [da:37:37:43:13:7a]
RSSI: -89 [da:3c:da:42:10:5c]
RSSI: -85 [da:3c:da:50:10:8c]
RSSI: -87 [da:3c:da:77:10:fc]
RSSI: -91 [da:37:37:7a:14:1a]
RSSI: -87 [da:3c:da:77:10:fc]
RSSI: -89 [da:3c:da:77:10:fc]
RSSI: -88 [da:3c:da:84:11:2c]
RSSI: -85 [da:3c:da:91:11:5c]
RSSI: -83 [da:3c:da:9e:11:7c]
RSSI: -85 [da:3c:da:9e:11:7c]
RSSI: -85 [da:3c:da:ac:11:ac]
RSSI: -84 [da:3c:da:ac:11:ac]
RSSI: -85 [da:3c:da:b8:11:cc]
RSSI: -89 [da:3c:da:cb:12:0c]
RSSI: -95 [da:37:37:d9:15:2a]
RSSI: -91 [da:3c:da:db:12:3c]
RSSI: -94 [da:3a:40:de:0b:2e]
RSSI: -92 [da:37:37:e8:15:4a]
RSSI: -86 [da:3c:da:f5:12:8c]
RSSI: -86 [da:3c:da:f5:12:8c]
RSSI: -83 [da:3c:db:0f:12:dc]
RSSI: -87 [da:3a:41:19:0b:de]
RSSI: -81 [da:3c:db:1d:13:0c]
RSSI: -78 [da:3c:db:2a:13:3c]
RSSI: -88 [da:3a:41:28:0b:fe]
RSSI: -78 [da:3c:db:2a:13:3c]
RSSI: -80 [da:3c:db:37:13:5c]
RSSI: -90 [da:3a:41:45:0c:4e]
RSSI: -74 [da:3c:db:44:13:8c]
RSSI: -92 [da:3a:41:45:0c:4e]
RSSI: -75 [da:3c:db:51:13:ac]
RSSI: -89 [da:3a:41:54:0c:7e]
RSSI: -74 [da:3c:db:51:13:ac]
RSSI: -77 [da:3c:db:5e:13:dc]
RSSI: -73 [da:3c:db:5e:13:dc]
RSSI: -73 [da:3c:db:6b:13:fc]
RSSI: -75 [da:3c:db:6b:13:fc]
RSSI: -88 [da:37:38:72:00:ca]
RSSI: -73 [da:3c:db:79:14:2c]
RSSI: -83 [da:3a:41:80:0c:fe]
RSSI: -73 [da:3c:db:79:14:2c]
RSSI: -85 [da:3a:41:80:0c:fe]
RSSI: -76 [da:3c:db:85:14:5c]
RSSI: -73 [da:3c:db:85:14:5c]
RSSI: -81 [da:3a:41:8d:0d:1e]
RSSI: -74 [da:3c:db:93:14:7c]
RSSI: -83 [da:3a:41:8d:0d:1e]
RSSI: -79 [da:3c:db:93:14:7c]
RSSI: -75 [da:3c:db:a0:14:ac]
RSSI: -80 [da:3a:41:9c:0d:4e]
RSSI: -75 [da:3c:db:a0:14:ac]
RSSI: -81 [da:3a:41:9c:0d:4e]
RSSI: -79 [da:3a:41:ac:0d:7e]
RSSI: -85 [da:37:38:a8:01:6a]
RSSI: -78 [da:3c:db:ad:14:cc]
RSSI: -78 [da:3a:41:b9:0d:9e]
RSSI: -76 [da:3c:db:ba:14:fc]
RSSI: -80 [da:3c:db:c8:15:2c]
RSSI: -85 [da:37:38:c4:01:ba]
RSSI: -77 [da:3a:41:d8:0d:fe]
RSSI: -77 [da:3a:41:d8:0d:fe]
RSSI: -84 [da:37:38:df:02:0a]
RSSI: -80 [da:3c:db:e2:15:7c]
RSSI: -76 [da:3a:41:e5:0e:1e]
RSSI: -86 [da:37:38:ee:02:2a]
RSSI: -76 [da:3a:41:e5:0e:1e]
RSSI: -89 [da:3c:db:ef:15:9c]
RSSI: -80 [da:3c:db:ef:15:9c]
RSSI: -76 [da:3a:41:f4:0e:4e]
RSSI: -76 [da:3a:42:04:0e:7e]
RSSI: -91 [da:3c:dc:09:15:ec]
RSSI: -76 [da:3a:42:10:0e:9e]
RSSI: -83 [da:3c:dc:17:16:1c]
RSSI: -76 [da:3a:42:10:0e:9e]
RSSI: -86 [da:3c:dc:23:16:3c]
RSSI: -76 [da:3a:42:20:0e:ce]
RSSI: -81 [da:37:39:24:02:ca]
RSSI: -82 [da:3c:dc:23:16:3c]
RSSI: -80 [da:37:39:24:02:ca]
RSSI: -75 [da:3a:42:30:0e:ee]
RSSI: -83 [da:3c:dc:31:16:6c]
RSSI: -82 [da:37:39:32:02:fa]
RSSI: -80 [da:37:39:41:03:1a]
RSSI: -84 [da:3c:dc:3e:00:0c]
RSSI: -75 [da:37:39:41:03:1a]
RSSI: -79 [da:3a:42:4c:0f:4e]
RSSI: -84 [da:3c:dc:4b:00:2c]
RSSI: -79 [da:37:39:4d:03:3a]
RSSI: -80 [da:3a:42:4c:0f:4e]
RSSI: -88 [da:3c:dc:4b:00:2c]
RSSI: -83 [da:37:39:4d:03:3a]
RSSI: -77 [da:37:39:5c:03:6a]
RSSI: -74 [da:37:39:6a:03:8a]
RSSI: -80 [da:3a:42:68:0f:9e]
RSSI: -85 [da:3a:42:78:0f:be]
RSSI: -81 [da:37:39:77:03:ba]
RSSI: -81 [da:3a:42:78:0f:be]
RSSI: -78 [da:37:39:85:03:da]
RSSI: -78 [da:37:39:85:03:da]
RSSI: -77 [da:37:39:93:04:0a]
RSSI: -89 [da:3c:dc:9a:01:1c]
RSSI: -77 [da:37:39:a0:04:2a]
RSSI: -81 [da:37:39:a0:04:2a]
RSSI: -87 [da:3a:42:a4:10:3e]
RSSI: -82 [da:37:39:a0:04:2a]
RSSI: -77 [da:37:39:bd:04:7a]
RSSI: -83 [da:37:39:c9:04:9a]
RSSI: -79 [da:37:39:c9:04:9a]
RSSI: -80 [da:37:39:d8:04:ca]
RSSI: -81 [da:37:39:d8:04:ca]
RSSI: -80 [da:37:39:e6:04:fa]
RSSI: -80 [da:37:39:e6:04:fa]
RSSI: -88 [da:3c:dc:e9:02:1c]
RSSI: -82 [da:37:39:e6:04:fa]
RSSI: -80 [da:37:39:f3:05:1a]
RSSI: -90 [da:3c:dc:f7:02:4c]
RSSI: -81 [da:37:3a:01:05:4a]
RSSI: -88 [da:37:3a:10:05:6a]
RSSI: -89 [da:37:3a:10:05:6a]
RSSI: -87 [da:37:3a:1c:05:8a]
RSSI: -88 [da:3c:dd:2c:02:ec]
RSSI: -90 [da:3c:dd:39:03:1c]
RSSI: -88 [da:37:3a:7e:06:aa]
RSSI: -91 [da:37:3a:8c:06:ca]
RSSI: -90 [da:37:3a:a7:07:1a]
RSSI: -89 [da:37:3a:b6:07:3a]
RSSI: -90 [da:37:3a:df:07:ba]
RSSI: -87 [da:3c:dd:e5:05:2c]
RSSI: -88 [da:37:3a:ec:07:da]
RSSI: -90 [da:37:3a:ec:07:da]
RSSI: -83 [da:3c:dd:ff:05:7c]
RSSI: -88 [da:3c:de:0c:05:ac]
RSSI: -82 [da:3c:de:0c:05:ac]
RSSI: -92 [da:37:3b:24:08:7a]
RSSI: -88 [da:37:3b:32:08:aa]
RSSI: -88 [da:37:3b:32:08:aa]
RSSI: -88 [da:37:3b:3f:08:ca]
RSSI: -87 [da:3c:de:69:06:dc]
RSSI: -91 [da:3a:44:78:15:6e]
RSSI: -91 [da:37:3b:77:09:6a]
RSSI: -87 [da:3c:de:76:06:fc]
RSSI: -89 [da:3c:de:84:07:2c]
RSSI: -93 [da:37:3b:a1:09:da]
RSSI: -88 [da:3c:de:b9:07:cc]
RSSI: -92 [da:3c:de:d3:08:1c]
RSSI: -92 [da:3c:de:d3:08:1c]
RSSI: -85 [da:3c:de:e1:08:4c]
RSSI: -90 [da:37:3c:03:0a:fa]
RSSI: -93 [da:37:3c:1e:0b:4a]
RSSI: -93 [da:3a:45:1c:00:de]
RSSI: -87 [da:3c:df:30:09:4c]
RSSI: -88 [da:3c:df:58:09:cc]
RSSI: -94 [da:37:3c:63:0c:1a]
RSSI: -95 [da:37:3c:71:0c:3a]
RSSI: -92 [da:3c:df:a8:0a:cc]
RSSI: -94 [da:37:3c:a9:0c:da]
RSSI: -83 [da:3c:df:c2:0b:1c]
RSSI: -84 [da:3c:df:dc:0b:6c]
RSSI: -83 [da:3c:df:ea:0b:9c]
RSSI: -85 [da:3c:df:f8:0b:bc]
RSSI: -86 [da:3c:e0:12:0c:1c]
RSSI: -90 [da:3c:e0:12:0c:1c]
RSSI: -87 [da:3c:e0:20:0c:3c]
RSSI: -86 [da:3c:e0:20:0c:3c]
RSSI: -85 [da:3c:e0:2c:0c:6c]
RSSI: -85 [da:3c:e0:3a:0c:9c]
RSSI: -83 [da:3c:e0:3a:0c:9c]
RSSI: -86 [da:3c:e0:48:0c:bc]
RSSI: -84 [da:3c:e0:62:0d:1c]
RSSI: -87 [da:3c:e0:70:0d:3c]
RSSI: -87 [da:3c:e0:7c:0d:6c]
RSSI: -86 [da:3c:e0:8a:0d:9c]
RSSI: -88 [da:3c:e0:a4:0d:ec]
RSSI: -90 [da:37:3d:f8:10:aa]
RSSI: -93 [da:37:3e:67:11:ea]
RSSI: -88 [da:37:3e:c9:13:0a]
RSSI: -84 [da:3c:e1:e5:11:dc]
RSSI: -90 [da:3c:e2:00:12:2c]
RSSI: -86 [da:37:3f:00:13:9a]
RSSI: -85 [da:3c:e2:0d:12:5c]
RSSI: -85 [da:3c:e2:0d:12:5c]
RSSI: -86 [da:3c:e2:1b:12:8c]
RSSI: -86 [da:3c:e2:1b:12:8c]
RSSI: -82 [da:3c:e2:28:12:ac]
RSSI: -81 [da:3c:e2:28:12:ac]
RSSI: -81 [da:3c:e2:35:12:dc]
RSSI: -79 [da:3c:e2:43:12:fc]
RSSI: -78 [da:3c:e2:50:13:2c]
RSSI: -82 [da:3c:e2:5d:13:4c]
RSSI: -78 [da:3c:e2:6b:13:7c]
RSSI: -79 [da:3c:e2:6b:13:7c]
RSSI: -79 [da:3c:e2:79:13:ac]
RSSI: -79 [da:3c:e2:79:13:ac]
RSSI: -79 [da:3c:e2:85:13:cc]
RSSI: -80 [da:3c:e2:85:13:cc]
RSSI: -79 [da:3c:e2:85:13:cc]
RSSI: -78 [da:3c:e2:93:13:fc]
RSSI: -77 [da:3c:e2:93:13:fc]
RSSI: -79 [da:3c:e2:a1:14:2c]
RSSI: -75 [da:3c:e2:a1:14:2c]
RSSI: -76 [da:3c:e2:ad:14:4c]
RSSI: -74 [da:3c:e2:bb:14:7c]
RSSI: -75 [da:3c:e2:c9:14:ac]
RSSI: -78 [da:3c:e2:d6:14:cc]
RSSI: -77 [da:3c:e2:e3:14:fc]
RSSI: -80 [da:3c:e2:e3:14:fc]
RSSI: -78 [da:3c:e2:f1:15:2c]
RSSI: -79 [da:3c:e2:f1:15:2c]
RSSI: -83 [da:3c:e2:fe:15:4c]
RSSI: -87 [da:3c:e2:fe:15:4c]
RSSI: -88 [da:3a:49:08:0b:fe]
RSSI: -89 [da:3c:e3:34:15:fc]
RSSI: -85 [da:3c:e3:42:16:1c]
RSSI: -85 [da:3c:e3:4e:16:4c]
RSSI: -92 [da:3a:49:51:0c:ce]
RSSI: -83 [da:3c:e3:5c:16:7c]
RSSI: -83 [da:3c:e3:6a:00:2c]
RSSI: -85 [da:3a:49:71:0d:2e]
RSSI: -85 [da:3a:49:7d:0d:4e]
RSSI: -83 [da:3a:49:7d:0d:4e]
RSSI: -84 [da:37:40:97:02:0a]
RSSI: -80 [da:3a:49:9d:0d:ae]
RSSI: -83 [da:3a:49:aa:0d:ce]
RSSI: -80 [da:3a:49:aa:0d:ce]
RSSI: -83 [da:37:40:b3:02:5a]
RSSI: -81 [da:3a:49:ba:0d:fe]
RSSI: -81 [da:37:40:c2:02:8a]
RSSI: -85 [da:3a:49:ca:0e:2e]
RSSI: -81 [da:37:40:ce:02:aa]
RSSI: -88 [da:3c:e3:d5:01:7c]
RSSI: -80 [da:3a:49:d7:0e:4e]
RSSI: -90 [da:3c:e3:e3:01:ac]
RSSI: -85 [da:37:40:dd:02:da]
RSSI: -78 [da:37:40:ec:02:fa]
RSSI: -80 [da:3a:49:e7:0e:7e]
RSSI: -85 [da:37:40:ec:02:fa]
RSSI: -85 [da:3a:49:f7:0e:ae]
RSSI: -85 [da:3a:49:f7:0e:ae]
RSSI: -83 [da:37:40:f8:03:1a]
RSSI: -84 [da:3a:49:f7:0e:ae]
RSSI: -78 [da:37:40:f8:03:1a]
RSSI: -82 [da:37:41:07:03:4a]
RSSI: -79 [da:37:41:16:03:7a]
RSSI: -88 [da:3c:e4:18:02:5c]
RSSI: -85 [da:3c:e4:18:02:5c]
RSSI: -79 [da:37:41:22:03:9a]
RSSI: -81 [da:3a:4a:24:0f:2e]
RSSI: -77 [da:37:41:22:03:9a]
RSSI: -82 [da:37:41:31:03:ba]
RSSI: -77 [da:37:41:31:03:ba]
RSSI: -81 [da:37:41:40:03:ea]
RSSI: -79 [da:37:41:40:03:ea]
RSSI: -79 [da:37:41:4d:04:0a]
RSSI: -83 [da:3c:e4:5c:03:2c]
RSSI: -85 [da:3a:4a:5d:0f:ce]
RSSI: -81 [da:37:41:61:04:4a]
RSSI: -81 [da:37:41:61:04:4a]
RSSI: -89 [da:3a:4a:6d:0f:fe]
RSSI: -78 [da:37:41:71:04:7a]
RSSI: -79 [da:37:41:7e:04:9a]
RSSI: -85 [da:37:41:8d:04:ca]
RSSI: -82 [da:37:41:a8:05:1a]
RSSI: -91 [da:3c:e4:b9:04:4c]
RSSI: -91 [da:37:41:fc:06:0a]
RSSI: -91 [da:3c:e5:0a:05:4c]
RSSI: -87 [da:3c:e5:18:05:6c]
RSSI: -86 [da:3c:e5:18:05:6c]
RSSI: -86 [da:3c:e5:32:05:cc]
RSSI: -86 [da:37:42:36:06:ba]
RSSI: -83 [da:3c:e5:40:05:ec]
RSSI: -88 [da:3c:e5:40:05:ec]
RSSI: -87 [da:3c:e5:4e:06:1c]
RSSI: -91 [da:3c:e5:83:06:cc]
RSSI: -90 [da:37:42:99:07:ca]
RSSI: -90 [da:37:42:b5:08:1a]
RSSI: -95 [da:3c:e5:d4:07:cc]
RSSI: -90 [da:37:42:fa:08:ea]
RSSI: -89 [da:3c:e6:0b:08:6c]
RSSI: -86 [da:3c:e6:19:08:9c]
RSSI: -91 [da:3c:e6:34:08:fc]
RSSI: -94 [da:3c:e6:41:09:1c]
RSSI: -88 [da:3c:e6:4e:09:4c]
RSSI: -94 [da:37:43:5e:0a:0a]
RSSI: -87 [da:3c:e6:85:09:fc]
RSSI: -95 [da:3c:e6:93:0a:1c]
RSSI: -89 [da:3c:e6:9f:0a:4c]
RSSI: -90 [da:3a:4c:c3:00:2e]
RSSI: -86 [da:3c:e6:f0:0b:4c]
RSSI: -90 [da:3c:e6:ff:0b:7c]
RSSI: -88 [da:3c:e7:0c:0b:ac]
RSSI: -88 [da:3a:4d:0c:00:fe]
RSSI: -86 [da:3c:e7:0c:0b:ac]
RSSI: -90 [da:3a:4d:0c:00:fe]
RSSI: -85 [da:3c:e7:42:0c:4c]
RSSI: -93 [da:3a:4d:42:01:9e]
RSSI: -87 [da:3c:e7:50:0c:7c]
RSSI: -85 [da:3c:e7:50:0c:7c]
RSSI: -93 [da:3c:e7:86:0d:2c]
RSSI: -89 [da:3c:e7:93:0d:4c]
RSSI: -89 [da:3c:e7:93:0d:4c]
RSSI: -87 [da:3c:e7:bc:0d:cc]
RSSI: -91 [da:3c:e7:ca:0d:fc]
RSSI: -88 [da:3c:e7:d8:0e:2c]
RSSI: -88 [da:3c:e7:f3:0e:7c]
RSSI: -90 [da:3c:e8:0d:0e:cc]
RSSI: -88 [da:3c:e8:21:0f:0c]
RSSI: -88 [da:3c:e8:3d:0f:6c]
RSSI: -89 [da:3c:e8:3d:0f:6c]
RSSI: -88 [da:3c:e8:4c:0f:9c]
RSSI: -86 [da:3c:e8:66:0f:ec]
RSSI: -85 [da:3c:e8:74:10:1c]
RSSI: -85 [da:3c:e8:74:10:1c]
RSSI: -86 [da:3c:e8:74:10:1c]
RSSI: -88 [da:3c:e8:82:10:4c]
RSSI: -86 [da:3c:e8:8f:10:6c]
RSSI: -94 [da:3a:4e:a3:05:7e]
RSSI: -85 [da:3c:e8:ab:10:cc]
RSSI: -87 [da:3c:e8:b8:10:ec]
RSSI: -82 [da:3c:e8:b8:10:ec]
RSSI: -81 [da:3c:e8:c6:11:1c]
RSSI: -81 [da:3c:e8:c6:11:1c]
RSSI: -79 [da:3c:e8:d4:11:4c]
RSSI: -79 [da:3c:e8:d4:11:4c]
RSSI: -89 [da:37:45:dc:11:4a]
RSSI: -81 [da:3c:e8:e1:11:6c]
RSSI: -86 [da:37:45:f8:11:8a]
RSSI: -82 [da:3c:e8:fd:11:cc]
RSSI: -90 [da:37:45:f8:11:8a]
RSSI: -81 [da:3c:e9:18:12:1c]
RSSI: -81 [da:3c:e9:26:12:4c]
RSSI: -84 [da:3c:e9:26:12:4c]
RSSI: -88 [da:37:46:31:12:3a]
RSSI: -76 [da:3c:e9:32:12:7c]
RSSI: -88 [da:37:46:31:12:3a]
RSSI: -74 [da:3c:e9:32:12:7c]
RSSI: -72 [da:3c:e9:41:12:9c]
RSSI: -73 [da:3c:e9:4f:12:cc]
RSSI: -72 [da:3c:e9:4f:12:cc]
RSSI: -69 [da:3c:e9:5b:12:fc]
RSSI: -69 [da:3c:e9:69:13:1c]
RSSI: -67 [da:3c:e9:69:13:1c]
RSSI: -68 [da:3c:e9:78:13:4c]
RSSI: -68 [da:3c:e9:78:13:4c]
RSSI: -66 [da:3c:e9:84:13:7c]
RSSI: -67 [da:3c:e9:84:13:7c]
RSSI: -67 [da:3c:e9:92:13:ac]
RSSI: -66 [da:3c:e9:92:13:ac]
RSSI: -67 [da:3c:e9:a0:13:cc]
RSSI: -66 [da:3c:e9:a0:13:cc]
RSSI: -68 [da:3c:e9:ad:13:fc]
RSSI: -68 [da:3c:e9:ad:13:fc]
RSSI: -66 [da:3c:e9:bb:14:1c]
RSSI: -90 [da:37:46:c1:13:ca]
RSSI: -67 [da:3c:e9:c9:14:4c]
RSSI: -69 [da:3c:e9:d6:14:7c]
RSSI: -69 [da:3c:e9:d6:14:7c]
RSSI: -91 [da:37:46:dc:14:1a]
RSSI: -67 [da:3c:e9:e4:14:9c]
RSSI: -70 [da:3c:e9:e4:14:9c]
RSSI: -68 [da:3c:e9:f2:14:cc]
RSSI: -70 [da:3c:e9:f2:14:cc]
RSSI: -72 [da:3c:e9:ff:14:fc]
RSSI: -72 [da:3c:e9:ff:14:fc]
RSSI: -75 [da:3c:ea:0d:15:1c]
RSSI: -75 [da:3c:ea:0d:15:1c]
RSSI: -76 [da:3c:ea:1b:15:4c]
RSSI: -77 [da:3c:ea:1b:15:4c]
RSSI: -83 [da:3c:ea:28:15:7c]
RSSI: -86 [da:37:47:32:15:0a]
RSSI: -89 [da:3c:ea:44:15:cc]
RSSI: -93 [da:37:47:41:15:3a]
RSSI: -80 [da:3c:ea:51:15:fc]
RSSI: -89 [da:37:47:5d:15:8a]
RSSI: -79 [da:3c:ea:5f:16:1c]
RSSI: -80 [da:3c:ea:5f:16:1c]
RSSI: -78 [da:3c:ea:6d:16:4c]
RSSI: -80 [da:3c:ea:6d:16:4c]
RSSI: -80 [da:3c:ea:7a:16:7c]
RSSI: -92 [da:37:47:78:15:da]
RSSI: -80 [da:3c:ea:7a:16:7c]
RSSI: -82 [da:3c:ea:88:00:0c]
RSSI: -91 [da:37:47:96:16:2a]
RSSI: -91 [da:3c:ea:96:00:2c]
RSSI: -90 [da:3c:ea:b1:00:8c]
RSSI: -90 [da:3c:ea:bf:00:ac]
RSSI: -89 [da:37:47:c1:00:7a]
RSSI: -95 [da:35:63:cd:16:5b]
RSSI: -88 [da:3c:ea:da:01:0c]
RSSI: -90 [da:37:47:f9:01:1a]
RSSI: -89 [da:37:47:f9:01:1a]
RSSI: -88 [da:3c:eb:03:01:8c]
RSSI: -82 [da:3c:eb:11:01:ac]
RSSI: -86 [da:3c:eb:1e:01:dc]
RSSI: -86 [da:3c:eb:1e:01:dc]
RSSI: -86 [da:3c:eb:2c:02:0c]
RSSI: -88 [da:35:64:39:01:1b]
RSSI: -89 [da:37:48:42:01:ea]
RSSI: -88 [da:35:64:39:01:1b]
RSSI: -85 [da:37:48:4e:02:1a]
RSSI: -87 [da:3c:eb:55:02:8c]
RSSI: -82 [da:37:48:5e:02:3a]
RSSI: -90 [da:3c:eb:64:02:ac]
RSSI: -82 [da:37:48:5e:02:3a]
RSSI: -79 [da:37:48:6d:02:6a]
RSSI: -87 [da:3c:eb:70:02:dc]
RSSI: -88 [da:3c:eb:70:02:dc]
RSSI: -78 [da:37:48:79:02:8a]
RSSI: -78 [da:37:48:79:02:8a]
RSSI: -87 [da:3c:eb:7e:03:0c]
RSSI: -78 [da:37:48:79:02:8a]
RSSI: -89 [da:3c:eb:8d:03:2c]
RSSI: -74 [da:37:48:98:02:ea]
RSSI: -93 [da:3a:51:93:0d:ee]
RSSI: -94 [da:35:64:8b:02:0b]
RSSI: -74 [da:37:48:98:02:ea]
RSSI: -74 [da:37:48:98:02:ea]
RSSI: -74 [da:37:48:a4:03:0a]
RSSI: -74 [da:37:48:a4:03:0a]
RSSI: -71 [da:37:48:b3:03:3a]
RSSI: -86 [da:3c:eb:b6:03:bc]
RSSI: -88 [da:3a:51:ba:0e:5e]
RSSI: -74 [da:37:48:c3:03:6a]
RSSI: -73 [da:37:48:c3:03:6a]
RSSI: -74 [da:37:48:cf:03:8a]
RSSI: -73 [da:37:48:cf:03:8a]
RSSI: -86 [da:3a:51:e0:0e:be]
RSSI: -70 [da:37:48:de:03:ba]
RSSI: -76 [da:37:48:de:03:ba]
RSSI: -74 [da:37:48:ee:03:da]
RSSI: -93 [da:3a:51:ed:0e:ee]
RSSI: -86 [da:3a:51:ed:0e:ee]
RSSI: -70 [da:37:48:ee:03:da]
RSSI: -75 [da:37:48:fa:03:fa]
RSSI: -73 [da:37:48:fa:03:fa]
RSSI: -86 [da:3a:52:07:0f:2e]
RSSI: -74 [da:37:49:09:04:2a]
RSSI: -70 [da:37:49:18:04:5a]
RSSI: -75 [da:37:49:18:04:5a]
RSSI: -73 [da:37:49:25:04:7a]
RSSI: -71 [da:37:49:25:04:7a]
RSSI: -90 [da:3a:52:2d:0f:9e]
RSSI: -74 [da:37:49:34:04:aa]
RSSI: -74 [da:37:49:34:04:aa]
RSSI: -89 [da:3a:52:3a:0f:ce]
RSSI: -86 [da:3c:ec:3e:05:5c]
RSSI: -75 [da:37:49:43:04:ca]
RSSI: -85 [da:3c:ec:4c:05:8c]
RSSI: -76 [da:37:49:50:04:ea]
RSSI: -90 [da:3a:52:54:10:0e]
RSSI: -86 [da:3c:ec:4c:05:8c]
RSSI: -77 [da:37:49:50:04:ea]
RSSI: -85 [da:3c:ec:5a:05:bc]
RSSI: -82 [da:3c:ec:5a:05:bc]
RSSI: -78 [da:37:49:5f:05:1a]
RSSI: -80 [da:37:49:5f:05:1a]
RSSI: -79 [da:37:49:6e:05:4a]
RSSI: -84 [da:3c:ec:67:05:dc]
RSSI: -81 [da:37:49:6e:05:4a]
RSSI: -82 [da:37:49:7b:05:6a]
RSSI: -85 [da:3c:ec:ad:06:bc]
RSSI: -91 [da:37:49:b5:06:1a]
RSSI: -90 [da:3c:ec:b9:06:ec]
RSSI: -88 [da:3c:ec:c8:07:0c]
RSSI: -83 [da:37:49:d1:06:6a]
RSSI: -88 [da:3c:ec:d6:07:3c]
RSSI: -86 [da:37:49:e0:06:8a]
RSSI: -86 [da:37:49:ef:06:ba]
RSSI: -84 [da:37:49:fc:06:da]
RSSI: -90 [da:3c:ec:ff:07:bc]
RSSI: -85 [da:37:49:fc:06:da]
RSSI: -87 [da:37:4a:0b:07:0a]
RSSI: -88 [da:3c:ed:0c:07:ec]
RSSI: -84 [da:37:4a:0b:07:0a]
RSSI: -85 [da:37:4a:1b:07:3a]
RSSI: -88 [da:3c:ed:1a:08:1c]
RSSI: -86 [da:37:4a:1b:07:3a]
RSSI: -86 [da:3c:ed:1a:08:1c]
RSSI: -86 [da:37:4a:1b:07:3a]
RSSI: -88 [da:3c:ed:29:08:4c]
RSSI: -83 [da:37:4a:27:07:5a]
RSSI: -83 [da:37:4a:36:07:8a]
RSSI: -85 [da:37:4a:36:07:8a]
RSSI: -84 [da:3c:ed:44:08:9c]
RSSI: -84 [da:37:4a:46:07:ba]
RSSI: -85 [da:3c:ed:44:08:9c]
RSSI: -86 [da:37:4a:52:07:da]
RSSI: -85 [da:37:4a:52:07:da]
RSSI: -85 [da:3c:ed:52:08:cc]
RSSI: -88 [da:3c:ed:5f:08:ec]
RSSI: -86 [da:3c:ed:6d:09:1c]
RSSI: -87 [da:37:4a:71:08:2a]
RSSI: -86 [da:3c:ed:6d:09:1c]
RSSI: -87 [da:3c:ed:7b:09:4c]
RSSI: -86 [da:37:4a:7d:08:5a]
RSSI: -86 [da:3c:ed:7b:09:4c]
RSSI: -85 [da:37:4a:7d:08:5a]
RSSI: -88 [da:37:4a:8d:08:7a]
RSSI: -87 [da:3c:ed:96:09:9c]
RSSI: -88 [da:37:4a:a8:08:ca]
RSSI: -89 [da:37:4a:b8:08:fa]
RSSI: -89 [da:37:4a:c7:09:1a]
RSSI: -90 [da:37:4a:d4:09:4a]
RSSI: -90 [da:37:4a:e3:09:6a]
RSSI: -89 [da:37:4a:f2:09:9a]
RSSI: -90 [da:37:4a:ff:09:ba]
RSSI: -84 [da:3c:ee:12:0b:2c]
RSSI: -87 [da:3c:ee:12:0b:2c]
RSSI: -89 [da:3c:ee:21:0b:5c]
RSSI: -85 [da:3c:ee:21:0b:5c]
RSSI: -89 [da:37:4b:2a:0a:3a]
RSSI: -93 [da:3c:ee:57:0b:fc]
RSSI: -87 [da:37:4b:64:0a:ea]
RSSI: -92 [da:3c:ee:65:0c:2c]
RSSI: -88 [da:37:4b:64:0a:ea]
RSSI: -88 [da:37:4b:74:0b:1a]
RSSI: -90 [da:37:4b:74:0b:1a]
RSSI: -86 [da:3c:ee:c6:0d:6c]
RSSI: -94 [da:3c:ee:fc:0e:0c]
RSSI: -88 [da:3c:ef:43:0e:ec]
RSSI: -87 [da:3c:ef:4f:0f:1c]
RSSI: -86 [da:3c:ef:4f:0f:1c]
RSSI: -88 [da:3c:ef:5e:0f:4c]
RSSI: -86 [da:3c:ef:6c:0f:7c]
RSSI: -85 [da:3c:ef:79:0f:9c]
RSSI: -85 [da:3c:ef:96:0f:fc]
RSSI: -83 [da:3c:ef:96:0f:fc]
RSSI: -84 [da:3c:ef:a2:10:1c]
RSSI: -85 [da:3c:ef:b1:10:4c]
RSSI: -88 [da:3c:ef:b1:10:4c]
RSSI: -87 [da:3c:ef:bf:10:7c]
RSSI: -95 [da:37:4c:ce:0e:fa]
RSSI: -89 [da:3c:ef:cc:10:9c]
RSSI: -84 [da:3c:ef:da:10:cc]
RSSI: -84 [da:3c:ef:e9:10:fc]
RSSI: -80 [da:3c:ef:f5:11:2c]
RSSI: -82 [da:3c:f0:04:11:4c]
RSSI: -81 [da:3c:f0:04:11:4c]
RSSI: -80 [da:3c:f0:12:11:7c]
RSSI: -86 [da:3c:f0:12:11:7c]
RSSI: -84 [da:3c:f0:1f:11:ac]
RSSI: -80 [da:3c:f0:1f:11:ac]
RSSI: -85 [da:3c:f0:3c:11:fc]
RSSI: -89 [da:37:4d:40:10:4a]
RSSI: -85 [da:3c:f0:48:12:2c]
RSSI: -88 [da:37:4d:50:10:6a]
RSSI: -77 [da:3c:f0:57:12:5c]
RSSI: -79 [da:3c:f0:57:12:5c]
RSSI: -88 [da:37:4d:5c:10:9a]
RSSI: -73 [da:3c:f0:65:12:8c]
RSSI: -72 [da:3c:f0:65:12:8c]
RSSI: -73 [da:3c:f0:72:12:ac]
RSSI: -72 [da:3c:f0:72:12:ac]
RSSI: -88 [da:37:4d:7b:10:ea]
RSSI: -71 [da:3c:f0:81:12:dc]
RSSI: -69 [da:3c:f0:8f:13:0c]
RSSI: -68 [da:3c:f0:8f:13:0c]
RSSI: -88 [da:37:4d:97:11:3a]
RSSI: -68 [da:3c:f0:9c:13:2c]
RSSI: -67 [da:3c:f0:9c:13:2c]
RSSI: -68 [da:3c:f0:aa:13:5c]
RSSI: -67 [da:3c:f0:aa:13:5c]
RSSI: -86 [da:37:4d:b3:11:8a]
RSSI: -66 [da:3c:f0:b9:13:8c]
RSSI: -89 [da:37:4d:b3:11:8a]
RSSI: -66 [da:3c:f0:b9:13:8c]
RSSI: -67 [da:3c:f0:d4:13:dc]
RSSI: -68 [da:3c:f0:e2:14:0c]
RSSI: -85 [da:37:4d:df:12:0a]
RSSI: -67 [da:3c:f0:ef:14:2c]
RSSI: -86 [da:37:4d:fd:12:6a]
RSSI: -68 [da:3c:f0:fd:14:5c]
RSSI: -70 [da:3c:f1:0c:14:8c]
RSSI: -71 [da:3c:f1:0c:14:8c]
RSSI: -70 [da:3c:f1:18:14:bc]
RSSI: -85 [da:37:4e:19:12:ba]
RSSI: -81 [da:37:4e:19:12:ba]
RSSI: -73 [da:3c:f1:18:14:bc]
RSSI: -81 [da:37:4e:19:12:ba]
RSSI: -73 [da:3c:f1:27:14:dc]
RSSI: -73 [da:3c:f1:27:14:dc]
RSSI: -84 [da:37:4e:29:12:ea]
RSSI: -73 [da:3c:f1:27:14:dc]
RSSI: -77 [da:3c:f1:36:15:0c]
RSSI: -84 [da:37:4e:45:13:3a]
RSSI: -90 [da:3c:f1:51:15:6c]
RSSI: -83 [da:37:4e:54:13:5a]
RSSI: -86 [da:37:4e:61:13:8a]
RSSI: -83 [da:3c:f1:5f:15:9c]
RSSI: -85 [da:37:4e:61:13:8a]
RSSI: -81 [da:3c:f1:6c:15:bc]
RSSI: -82 [da:37:4e:70:13:aa]
RSSI: -81 [da:3c:f1:6c:15:bc]
RSSI: -84 [da:37:4e:70:13:aa]
RSSI: -83 [da:37:4e:80:13:da]
RSSI: -79 [da:3c:f1:89:16:1c]
RSSI: -78 [da:3c:f1:89:16:1c]
RSSI: -77 [da:3c:f1:89:16:1c]
RSSI: -84 [da:37:4e:8c:13:fa]
RSSI: -79 [da:3c:f1:96:16:3c]
RSSI: -79 [da:3c:f1:96:16:3c]
RSSI: -84 [da:37:4e:9c:14:2a]
RSSI: -85 [da:3c:f1:a4:16:6c]
RSSI: -84 [da:37:4e:ab:14:5a]
RSSI: -82 [da:3c:f1:a4:16:6c]
RSSI: -83 [da:3c:f1:b3:00:2c]
RSSI: -93 [da:3c:f1:b3:00:2c]
RSSI: -87 [da:37:4e:b8:14:7a]
RSSI: -88 [da:3c:f1:bf:00:5c]
RSSI: -84 [da:37:4e:d7:14:ca]
RSSI: -86 [da:37:4e:d7:14:ca]
RSSI: -87 [da:37:4e:d7:14:ca]
RSSI: -87 [da:3c:f1:dc:00:ac]
RSSI: -85 [da:37:4e:e3:14:fa]
RSSI: -88 [da:37:4e:e3:14:fa]
RSSI: -88 [da:37:4f:02:15:4a]
RSSI: -85 [da:3c:f1:f8:01:0c]
RSSI: -84 [da:3c:f2:06:01:3c]
RSSI: -92 [da:37:4f:1e:15:9a]
RSSI: -86 [da:3c:f2:22:01:8c]
RSSI: -87 [da:3c:f2:30:01:bc]
RSSI: -87 [da:3c:f2:3d:01:dc]
RSSI: -86 [da:3c:f2:3d:01:dc]
RSSI: -84 [da:3c:f2:4b:02:0c]
RSSI: -90 [da:37:4f:4a:16:1a]
RSSI: -89 [da:3c:f2:5a:02:3c]
RSSI: -87 [da:3c:f2:5a:02:3c]
RSSI: -89 [da:3c:f2:75:02:8c]
RSSI: -94 [da:35:6b:93:00:ab]
RSSI: -89 [da:3c:f2:90:02:ec]
RSSI: -83 [da:37:4f:92:00:ca]
RSSI: -87 [da:37:4f:a6:01:0a]
RSSI: -86 [da:37:4f:a6:01:0a]
RSSI: -84 [da:37:4f:c3:01:5a]
RSSI: -89 [da:35:6b:c9:01:4b]
RSSI: -88 [da:37:4f:d3:01:8a]
RSSI: -83 [da:37:4f:d3:01:8a]
RSSI: -92 [da:35:6b:d7:01:7b]
RSSI: -86 [da:37:4f:e2:01:ba]
RSSI: -91 [da:35:6b:d7:01:7b]
RSSI: -86 [da:37:4f:e2:01:ba]
RSSI: -91 [da:3c:f2:e4:03:ec]
RSSI: -84 [da:37:4f:ef:01:da]
RSSI: -82 [da:37:4f:ef:01:da]
RSSI: -80 [da:37:4f:ff:02:0a]
RSSI: -84 [da:37:4f:ff:02:0a]
RSSI: -80 [da:37:50:0e:02:2a]
RSSI: -78 [da:37:50:0e:02:2a]
RSSI: -89 [da:3c:f3:0e:04:6c]
RSSI: -76 [da:37:50:2a:02:7a]
RSSI: -74 [da:37:50:2a:02:7a]
RSSI: -73 [da:37:50:3a:02:aa]
RSSI: -75 [da:37:50:3a:02:aa]
RSSI: -73 [da:37:50:46:02:ca]
RSSI: -72 [da:37:50:46:02:ca]
RSSI: -73 [da:37:50:56:02:fa]
RSSI: -86 [da:3c:f3:62:05:6c]
RSSI: -72 [da:37:50:65:03:2a]
RSSI: -86 [da:3c:f3:62:05:6c]
RSSI: -81 [da:3c:f3:62:05:6c]
RSSI: -72 [da:37:50:65:03:2a]
RSSI: -82 [da:3c:f3:70:05:9c]
RSSI: -71 [da:37:50:72:03:4a]
RSSI: -84 [da:3c:f3:70:05:9c]
RSSI: -72 [da:37:50:72:03:4a]
RSSI: -81 [da:3c:f3:7f:05:cc]
RSSI: -81 [da:3c:f3:7f:05:cc]
RSSI: -70 [da:37:50:82:03:7a]
RSSI: -71 [da:37:50:91:03:9a]
RSSI: -72 [da:37:50:9e:03:ca]
RSSI: -71 [da:37:50:9e:03:ca]
RSSI: -91 [da:3c:f3:a9:06:4c]
RSSI: -72 [da:37:50:ad:03:ea]
RSSI: -71 [da:37:50:bd:04:1a]
RSSI: -93 [da:3a:59:c7:0e:ce]
RSSI: -71 [da:37:50:d9:04:6a]
RSSI: -71 [da:37:50:d9:04:6a]
RSSI: -73 [da:37:50:e8:04:9a]
RSSI: -73 [da:37:50:e8:04:9a]
RSSI: -72 [da:37:50:f5:04:ba]
RSSI: -74 [da:37:51:05:04:ea]
RSSI: -73 [da:37:51:05:04:ea]
RSSI: -76 [da:37:51:14:05:1a]
RSSI: -76 [da:37:51:14:05:1a]
RSSI: -77 [da:37:51:14:05:1a]
RSSI: -88 [da:3c:f4:18:07:ac]
RSSI: -80 [da:37:51:21:05:3a]
RSSI: -84 [da:3c:f4:27:07:dc]
RSSI: -81 [da:37:51:30:05:6a]
RSSI: -83 [da:37:51:30:05:6a]
RSSI: -87 [da:37:51:40:05:9a]
RSSI: -89 [da:37:51:40:05:9a]
RSSI: -84 [da:3c:f4:42:08:3c]
RSSI: -87 [da:37:51:4d:05:ba]
RSSI: -80 [da:3c:f4:51:08:6c]
RSSI: -82 [da:3c:f4:5d:08:8c]
RSSI: -79 [da:3c:f4:5d:08:8c]
RSSI: -83 [da:37:51:6c:06:1a]
RSSI: -82 [da:3c:f4:6c:08:bc]
RSSI: -85 [da:37:51:78:06:3a]
RSSI: -81 [da:3c:f4:7b:08:ec]
RSSI: -83 [da:37:51:78:06:3a]
RSSI: -84 [da:3c:f4:7b:08:ec]
RSSI: -81 [da:3c:f4:87:09:1c]
RSSI: -86 [da:3c:f4:96:09:3c]
RSSI: -79 [da:37:51:98:06:8a]
RSSI: -83 [da:3c:f4:96:09:3c]
RSSI: -81 [da:37:51:a4:06:ba]
RSSI: -80 [da:37:51:a4:06:ba]
RSSI: -88 [da:3c:f4:b1:09:9c]
RSSI: -83 [da:37:51:b4:06:ea]
RSSI: -80 [da:37:51:c3:07:0a]
RSSI: -81 [da:37:51:c3:07:0a]
RSSI: -79 [da:37:51:d0:07:3a]
RSSI: -80 [da:37:51:d0:07:3a]
RSSI: -88 [da:3c:f4:db:0a:1c]
RSSI: -78 [da:37:51:e0:07:5a]
RSSI: -78 [da:37:51:ef:07:8a]
RSSI: -77 [da:37:51:ef:07:8a]
RSSI: -79 [da:37:51:fc:07:aa]
RSSI: -80 [da:37:52:0b:07:da]
RSSI: -80 [da:37:52:0b:07:da]
RSSI: -80 [da:37:52:1b:08:0a]
RSSI: -81 [da:37:52:1b:08:0a]
RSSI: -83 [da:3c:f5:23:0b:0c]
RSSI: -80 [da:37:52:28:08:2a]
RSSI: -83 [da:3c:f5:30:0b:2c]
RSSI: -80 [da:37:52:37:08:5a]
RSSI: -83 [da:3c:f5:30:0b:2c]
RSSI: -80 [da:37:52:37:08:5a]
RSSI: -85 [da:3c:f5:4d:0b:8c]
RSSI: -81 [da:37:52:47:08:8a]
RSSI: -86 [da:3c:f5:4d:0b:8c]
RSSI: -81 [da:37:52:53:08:aa]
RSSI: -89 [da:3c:f5:5a:0b:bc]
RSSI: -84 [da:37:52:63:08:da]
RSSI: -83 [da:37:52:63:08:da]
RSSI: -87 [da:3c:f5:68:0b:ec]
RSSI: -85 [da:37:52:73:08:fa]
RSSI: -86 [da:3c:f5:77:0c:0c]
RSSI: -85 [da:3c:f5:84:0c:3c]
RSSI: -84 [da:37:52:7f:09:2a]
RSSI: -83 [da:3c:f5:84:0c:3c]
RSSI: -82 [da:37:52:8f:09:5a]
RSSI: -83 [da:37:52:8f:09:5a]
RSSI: -86 [da:3c:f5:92:0c:6c]
RSSI: -83 [da:37:52:9f:09:7a]
RSSI: -84 [da:37:52:ab:09:aa]
RSSI: -82 [da:37:52:ab:09:aa]
RSSI: -85 [da:37:52:bb:09:da]
RSSI: -90 [da:3c:f5:cb:0d:1c]
RSSI: -86 [da:37:52:ca:09:fa]
RSSI: -82 [da:37:52:d7:0a:2a]
RSSI: -86 [da:37:52:d7:0a:2a]
RSSI: -90 [da:3c:f5:d8:0d:4c]
RSSI: -80 [da:37:52:e7:0a:4a]
RSSI: -82 [da:37:52:f6:0a:7a]
RSSI: -83 [da:37:52:f6:0a:7a]
RSSI: -87 [da:3c:f5:fc:0d:bc]
RSSI: -84 [da:37:53:03:0a:aa]
RSSI: -83 [da:37:53:13:0a:ca]
RSSI: -83 [da:37:53:22:0a:fa]
RSSI: -90 [da:3c:f6:18:0e:0c]
RSSI: -85 [da:37:53:2f:0b:1a]
RSSI: -83 [da:37:53:3f:0b:4a]
RSSI: -83 [da:37:53:3f:0b:4a]
RSSI: -83 [da:37:53:4e:0b:7a]
RSSI: -82 [da:37:53:4e:0b:7a]
RSSI: -84 [da:37:53:5b:0b:9a]
RSSI: -84 [da:37:53:6b:0b:ca]
RSSI: -88 [da:3c:f6:7b:0f:4c]
RSSI: -84 [da:37:53:7a:0b:fa]
RSSI: -89 [da:3c:f6:7b:0f:4c]
RSSI: -86 [da:37:53:7a:0b:fa]
RSSI: -97 [da:3a:5c:95:00:7e]
RSSI: -89 [da:3c:f6:b2:0f:fc]
RSSI: -84 [da:3c:f6:eb:10:ac]
RSSI: -86 [da:3c:f6:eb:10:ac]
RSSI: -85 [da:3c:f6:eb:10:ac]
RSSI: -86 [da:3c:f6:fa:10:dc]
RSSI: -90 [da:37:53:fe:0d:7a]
RSSI: -81 [da:3c:f6:fa:10:dc]
RSSI: -80 [da:3c:f7:06:11:0c]
RSSI: -91 [da:37:54:0b:0d:9a]
RSSI: -89 [da:37:54:0b:0d:9a]
RSSI: -78 [da:3c:f7:15:11:3c]
RSSI: -82 [da:3c:f7:24:11:6c]
RSSI: -79 [da:3c:f7:24:11:6c]
RSSI: -90 [da:37:54:2a:0d:fa]
RSSI: -78 [da:3c:f7:30:11:8c]
RSSI: -90 [da:37:54:37:0e:1a]
RSSI: -89 [da:3c:f7:3f:11:bc]
RSSI: -83 [da:3c:f7:3f:11:bc]
RSSI: -84 [da:3c:f7:4e:11:ec]
RSSI: -83 [da:3c:f7:4e:11:ec]
RSSI: -76 [da:3c:f7:5b:12:0c]
RSSI: -76 [da:3c:f7:5b:12:0c]
RSSI: -77 [da:3c:f7:6a:12:3c]
RSSI: -73 [da:3c:f7:6a:12:3c]
RSSI: -71 [da:3c:f7:78:12:6c]
RSSI: -71 [da:3c:f7:78:12:6c]
RSSI: -70 [da:3c:f7:85:12:9c]
RSSI: -68 [da:3c:f7:85:12:9c]
RSSI: -68 [da:3c:f7:94:12:cc]
RSSI: -67 [da:3c:f7:a3:12:fc]
RSSI: -65 [da:3c:f7:af:13:1c]
RSSI: -66 [da:3c:f7:be:13:4c]
RSSI: -64 [da:3c:f7:be:13:4c]
RSSI: -65 [da:3c:f7:cd:13:7c]
RSSI: -65 [da:3c:f7:cd:13:7c]
RSSI: -65 [da:3c:f7:da:13:ac]
RSSI: -89 [da:37:54:e7:10:1a]
RSSI: -63 [da:3c:f7:e9:13:cc]
RSSI: -64 [da:3c:f7:f7:13:fc]
RSSI: -64 [da:3c:f7:f7:13:fc]
RSSI: -87 [da:37:54:f7:10:4a]
RSSI: -65 [da:3c:f8:04:14:2c]
RSSI: -64 [da:3c:f8:04:14:2c]
RSSI: -66 [da:3c:f8:13:14:5c]
RSSI: -65 [da:3c:f8:22:14:8c]
RSSI: -65 [da:3c:f8:22:14:8c]
RSSI: -84 [da:37:55:23:10:ca]
RSSI: -66 [da:3c:f8:2e:14:ac]
RSSI: -83 [da:37:55:33:10:fa]
RSSI: -67 [da:3c:f8:2e:14:ac]
RSSI: -81 [da:37:55:33:10:fa]
RSSI: -70 [da:3c:f8:3d:14:dc]
RSSI: -82 [da:37:55:3f:11:1a]
RSSI: -69 [da:3c:f8:3d:14:dc]
RSSI: -70 [da:3c:f8:4c:15:0c]
RSSI: -82 [da:37:55:4f:11:4a]
RSSI: -74 [da:3c:f8:4c:15:0c]
RSSI: -81 [da:37:55:4f:11:4a]
RSSI: -73 [da:3c:f8:59:15:2c]
RSSI: -81 [da:3c:f8:68:15:5c]
RSSI: -83 [da:37:55:6c:11:9a]
RSSI: -82 [da:3c:f8:68:15:5c]
RSSI: -83 [da:37:55:6c:11:9a]
RSSI: -83 [da:3c:f8:77:15:8c]
RSSI: -84 [da:37:55:7b:11:ca]
RSSI: -84 [da:37:55:7b:11:ca]
RSSI: -78 [da:3c:f8:83:15:bc]
RSSI: -76 [da:3c:f8:83:15:bc]
RSSI: -76 [da:3c:f8:92:15:ec]
RSSI: -74 [da:3c:f8:92:15:ec]
RSSI: -75 [da:3c:f8:a1:16:0c]
RSSI: -75 [da:3c:f8:a1:16:0c]
RSSI: -85 [da:37:55:a8:12:4a]
RSSI: -75 [da:3c:f8:ae:16:3c]
RSSI: -85 [da:37:55:b7:12:6a]
RSSI: -75 [da:3c:f8:bd:16:6c]
RSSI: -76 [da:3c:f8:bd:16:6c]
RSSI: -83 [da:37:55:c4:12:9a]
RSSI: -87 [da:37:55:c4:12:9a]
RSSI: -78 [da:3c:f8:cb:00:0c]
RSSI: -80 [da:3c:f8:cb:00:0c]
RSSI: -81 [da:37:55:d4:12:ca]
RSSI: -85 [da:3c:f8:d8:00:2c]
RSSI: -83 [da:3c:f8:d8:00:2c]
RSSI: -83 [da:37:55:e3:12:ea]
RSSI: -83 [da:3c:f8:e7:00:5c]
RSSI: -84 [da:37:55:f0:13:1a]
RSSI: -83 [da:3c:f8:f6:00:8c]
RSSI: -83 [da:37:55:f0:13:1a]
RSSI: -82 [da:3c:f8:f6:00:8c]
RSSI: -84 [da:37:56:00:13:3a]
RSSI: -81 [da:3c:f9:03:00:ac]
RSSI: -80 [da:3c:f9:03:00:ac]
RSSI: -84 [da:37:56:10:13:6a]
RSSI: -80 [da:3c:f9:11:00:dc]
RSSI: -80 [da:3c:f9:20:01:0c]
RSSI: -84 [da:37:56:1c:13:9a]
RSSI: -84 [da:3c:f9:20:01:0c]
RSSI: -82 [da:37:56:2c:13:ba]
RSSI: -81 [da:3c:f9:2d:01:3c]
RSSI: -82 [da:3c:f9:2d:01:3c]
RSSI: -84 [da:37:56:2c:13:ba]
RSSI: -82 [da:3c:f9:2d:01:3c]
RSSI: -82 [da:37:56:3c:13:ea]
RSSI: -82 [da:3c:f9:3c:01:6c]
RSSI: -82 [da:37:56:3c:13:ea]
RSSI: -82 [da:3c:f9:3c:01:6c]
RSSI: -82 [da:3c:f9:4b:01:8c]
RSSI: -85 [da:37:56:48:14:0a]
RSSI: -82 [da:3c:f9:4b:01:8c]
RSSI: -81 [da:3c:f9:57:01:bc]
RSSI: -84 [da:37:56:58:14:3a]
RSSI: -83 [da:37:56:58:14:3a]
RSSI: -83 [da:37:56:68:14:6a]
RSSI: -81 [da:3c:f9:66:01:ec]
RSSI: -83 [da:37:56:68:14:6a]
RSSI: -80 [da:3c:f9:66:01:ec]
RSSI: -82 [da:37:56:75:14:8a]
RSSI: -84 [da:3c:f9:75:02:1c]
RSSI: -82 [da:37:56:75:14:8a]
RSSI: -83 [da:3c:f9:82:02:3c]
RSSI: -82 [da:37:56:85:14:ba]
RSSI: -83 [da:3c:f9:82:02:3c]
RSSI: -81 [da:37:56:85:14:ba]
RSSI: -86 [da:3c:f9:a0:02:9c]
RSSI: -83 [da:37:56:a1:15:0a]
RSSI: -81 [da:3c:f9:a0:02:9c]
RSSI: -85 [da:3c:f9:ac:02:cc]
RSSI: -84 [da:37:56:b1:15:3a]
RSSI: -83 [da:37:56:b1:15:3a]
RSSI: -82 [da:37:56:c1:15:6a]
RSSI: -82 [da:3c:f9:bb:02:fc]
RSSI: -87 [da:3c:f9:ca:03:2c]
RSSI: -87 [da:37:56:dd:15:ba]
RSSI: -87 [da:37:56:dd:15:ba]
RSSI: -84 [da:37:56:ed:15:ea]
RSSI: -85 [da:3c:f9:f5:03:ac]
RSSI: -85 [da:3c:f9:f5:03:ac]
RSSI: -85 [da:37:56:fa:16:0a]
RSSI: -85 [da:3c:fa:02:03:cc]
RSSI: -87 [da:37:57:09:16:3a]
RSSI: -89 [da:3c:fa:11:03:fc]
RSSI: -91 [da:35:73:14:00:7b]
RSSI: -91 [da:3c:fa:2c:04:5c]
RSSI: -90 [da:3c:fa:2c:04:5c]
RSSI: -87 [da:3c:fa:3b:04:8c]
RSSI: -89 [da:3c:fa:4a:04:ac]
RSSI: -88 [da:3c:fa:4a:04:ac]
RSSI: -87 [da:3c:fa:66:05:0c]
RSSI: -82 [da:3c:fa:66:05:0c]
RSSI: -89 [da:3c:fa:75:05:3c]
RSSI: -88 [da:37:57:72:01:2a]
RSSI: -82 [da:3c:fa:75:05:3c]
RSSI: -83 [da:3c:fa:81:05:5c]
RSSI: -81 [da:3c:fa:81:05:5c]
RSSI: -80 [da:3c:fa:81:05:5c]
RSSI: -79 [da:3c:fa:90:05:8c]
RSSI: -80 [da:3c:fa:9f:05:bc]
RSSI: -82 [da:3c:fa:9f:05:bc]
RSSI: -84 [da:37:57:ab:01:ca]
RSSI: -83 [da:3c:fa:ac:05:ec]
RSSI: -82 [da:37:57:ab:01:ca]
RSSI: -82 [da:3c:fa:ac:05:ec]
RSSI: -83 [da:37:57:ab:01:ca]
RSSI: -82 [da:37:57:bb:01:fa]
RSSI: -85 [da:3c:fa:bb:06:1c]
RSSI: -81 [da:37:57:cb:02:2a]
RSSI: -87 [da:3c:fa:ca:06:4c]
RSSI: -85 [da:3c:fa:d6:06:6c]
RSSI: -76 [da:37:57:e7:02:7a]
RSSI: -77 [da:37:57:e7:02:7a]
RSSI: -75 [da:37:57:f7:02:aa]
RSSI: -86 [da:37:58:04:02:da]
RSSI: -76 [da:37:58:04:02:da]
RSSI: -87 [da:3c:fb:10:07:2c]
RSSI: -88 [da:3c:fb:10:07:2c]
RSSI: -84 [da:3c:fb:1f:07:5c]
RSSI: -87 [da:3c:fb:2c:07:7c]
RSSI: -77 [da:37:58:30:03:4a]
RSSI: -92 [da:3a:61:34:0d:9e]
RSSI: -79 [da:37:58:30:03:4a]
RSSI: -80 [da:3c:fb:3b:07:ac]
RSSI: -76 [da:37:58:40:03:7a]
RSSI: -80 [da:3c:fb:4a:07:dc]
RSSI: -81 [da:37:58:50:03:aa]
RSSI: -86 [da:37:58:50:03:aa]
RSSI: -86 [da:37:58:50:03:aa]
RSSI: -81 [da:3c:fb:56:08:0c]
RSSI: -78 [da:3c:fb:56:08:0c]
RSSI: -80 [da:3c:fb:66:08:2c]
RSSI: -81 [da:37:58:6c:03:fa]
RSSI: -79 [da:3c:fb:74:08:5c]
RSSI: -81 [da:3c:fb:74:08:5c]
RSSI: -78 [da:37:58:7c:04:2a]
RSSI: -79 [da:3c:fb:81:08:8c]
RSSI: -79 [da:37:58:89:04:4a]
RSSI: -80 [da:37:58:89:04:4a]
RSSI: -81 [da:3c:fb:90:08:bc]
RSSI: -79 [da:3c:fb:90:08:bc]
RSSI: -82 [da:3c:fb:9f:08:ec]
RSSI: -79 [da:37:58:99:04:7a]
RSSI: -83 [da:3c:fb:9f:08:ec]
RSSI: -88 [da:37:58:a9:04:aa]
RSSI: -81 [da:3c:fb:ac:09:0c]
RSSI: -82 [da:3c:fb:ac:09:0c]
RSSI: -79 [da:37:58:b5:04:ca]
RSSI: -82 [da:37:58:b5:04:ca]
RSSI: -81 [da:3c:fb:bb:09:3c]
RSSI: -82 [da:37:58:c5:04:fa]
RSSI: -79 [da:37:58:c5:04:fa]
RSSI: -83 [da:37:58:d5:05:2a]
RSSI: -91 [da:3c:fb:d7:09:9c]
RSSI: -85 [da:37:58:e2:05:4a]
RSSI: -84 [da:3c:fb:e6:09:cc]
RSSI: -83 [da:3c:fb:e6:09:cc]
RSSI: -83 [da:3c:fb:e6:09:cc]
RSSI: -83 [da:37:58:f2:05:7a]
RSSI: -91 [da:3c:fc:10:0a:5c]
RSSI: -86 [da:3c:fc:1f:0a:8c]
RSSI: -87 [da:37:59:1e:05:fa]
RSSI: -81 [da:37:59:2e:06:2a]
RSSI: -85 [da:3c:fc:2c:0a:ac]
RSSI: -82 [da:37:59:2e:06:2a]
RSSI: -84 [da:37:59:2e:06:2a]
RSSI: -83 [da:3c:fc:2c:0a:ac]
RSSI: -84 [da:37:59:2e:06:2a]
RSSI: -83 [da:3c:fc:3b:0a:dc]
RSSI: -80 [da:37:59:3b:06:4a]
RSSI: -81 [da:3c:fc:3b:0a:dc]
RSSI: -83 [da:37:59:4b:06:7a]
RSSI: -80 [da:37:59:4b:06:7a]
RSSI: -81 [da:37:59:67:06:ca]
RSSI: -85 [da:3c:fc:66:0b:5c]
RSSI: -81 [da:37:59:67:06:ca]
RSSI: -81 [da:37:59:77:06:fa]
RSSI: -82 [da:37:59:77:06:fa]
RSSI: -84 [da:37:59:87:07:2a]
RSSI: -81 [da:37:59:87:07:2a]
RSSI: -81 [da:37:59:a4:07:7a]
RSSI: -83 [da:3c:fc:a0:0c:1c]
RSSI: -82 [da:37:59:a4:07:7a]
RSSI: -82 [da:37:59:b4:07:aa]
RSSI: -82 [da:37:59:b4:07:aa]
RSSI: -85 [da:3c:fc:bc:0c:7c]
RSSI: -81 [da:37:59:c0:07:ca]
RSSI: -81 [da:37:59:d0:07:fa]
RSSI: -82 [da:37:59:d0:07:fa]
RSSI: -82 [da:37:59:e0:08:2a]
RSSI: -82 [da:37:59:e0:08:2a]
RSSI: -81 [da:37:59:ed:08:4a]
RSSI: -81 [da:37:59:ed:08:4a]
RSSI: -87 [da:3c:fc:f5:0d:2c]
RSSI: -81 [da:37:59:fd:08:7a]
RSSI: -80 [da:37:59:fd:08:7a]
RSSI: -81 [da:37:5a:0d:08:aa]
RSSI: -81 [da:37:5a:0d:08:aa]
RSSI: -81 [da:37:5a:19:08:ca]
RSSI: -81 [da:37:5a:19:08:ca]
RSSI: -81 [da:37:5a:2a:08:fa]
RSSI: -88 [da:3c:fd:2d:0d:dc]
RSSI: -81 [da:37:5a:39:09:2a]
RSSI: -81 [da:37:5a:39:09:2a]
RSSI: -85 [da:3c:fd:3c:0e:0c]
RSSI: -81 [da:37:5a:46:09:4a]
RSSI: -87 [da:3c:fd:4b:0e:3c]
RSSI: -83 [da:37:5a:56:09:7a]
RSSI: -82 [da:37:5a:56:09:7a]
RSSI: -82 [da:37:5a:66:09:aa]
RSSI: -81 [da:37:5a:73:09:ca]
RSSI: -82 [da:3c:fd:76:0e:cc]
RSSI: -83 [da:37:5a:73:09:ca]
RSSI: -83 [da:37:5a:83:09:fa]
RSSI: -84 [da:37:5a:83:09:fa]
RSSI: -81 [da:3c:fd:83:0e:ec]
RSSI: -82 [da:37:5a:93:0a:2a]
RSSI: -82 [da:37:5a:93:0a:2a]
RSSI: -84 [da:3c:fd:92:0f:1c]
RSSI: -86 [da:3c:fd:a1:0f:4c]
RSSI: -84 [da:3c:fd:ae:0f:7c]
RSSI: -81 [da:37:5a:af:0a:7a]
RSSI: -81 [da:37:5a:bf:0a:aa]
RSSI: -83 [da:3c:fd:bd:0f:ac]
RSSI: -82 [da:37:5a:bf:0a:aa]
RSSI: -81 [da:3c:fd:bd:0f:ac]
RSSI: -82 [da:3c:fd:cc:0f:dc]
RSSI: -82 [da:37:5a:cc:0a:ca]
RSSI: -82 [da:3c:fd:cc:0f:dc]
RSSI: -82 [da:37:5a:cc:0a:ca]
RSSI: -81 [da:3c:fd:d9:0f:fc]
RSSI: -82 [da:3c:fd:e8:10:3c]
RSSI: -86 [da:3c:fd:f7:10:6c]
RSSI: -83 [da:37:5a:f9:0b:5a]
RSSI: -84 [da:3c:fd:f7:10:6c]
RSSI: -83 [da:37:5a:f9:0b:5a]
RSSI: -85 [da:3c:fe:03:10:8c]
RSSI: -83 [da:37:5b:09:0b:7a]
RSSI: -81 [da:3c:fe:03:10:8c]
RSSI: -83 [da:37:5b:09:0b:7a]
RSSI: -85 [da:37:5b:19:0b:aa]
RSSI: -80 [da:3c:fe:13:10:bc]
RSSI: -78 [da:3c:fe:22:10:ec]
RSSI: -76 [da:3c:fe:22:10:ec]
RSSI: -84 [da:37:5b:25:0b:da]
RSSI: -85 [da:37:5b:25:0b:da]
RSSI: -76 [da:3c:fe:2e:11:1c]
RSSI: -76 [da:3c:fe:2e:11:1c]
RSSI: -73 [da:3c:fe:3e:11:3c]
RSSI: -88 [da:37:5b:45:0c:3a]
RSSI: -78 [da:3c:fe:3e:11:3c]
RSSI: -77 [da:3c:fe:4d:11:6c]
RSSI: -74 [da:3c:fe:4d:11:6c]
RSSI: -84 [da:3c:fe:59:11:9c]
RSSI: -88 [da:37:5b:62:0c:8a]
RSSI: -84 [da:3c:fe:69:11:cc]
RSSI: -85 [da:3c:fe:78:11:fc]
RSSI: -76 [da:3c:fe:78:11:fc]
RSSI: -73 [da:3c:fe:84:12:1c]
RSSI: -75 [da:3c:fe:84:12:1c]
RSSI: -69 [da:3c:fe:94:12:4c]
RSSI: -88 [da:37:5b:9f:0d:3a]
RSSI: -67 [da:3c:fe:a3:12:7c]
RSSI: -89 [da:37:5b:ac:0d:5a]
RSSI: -66 [da:3c:fe:af:12:9c]
RSSI: -66 [da:3c:fe:af:12:9c]
RSSI: -64 [da:3c:fe:bf:12:cc]
RSSI: -64 [da:3c:fe:bf:12:cc]
RSSI: -86 [da:37:5b:cc:0d:ba]
RSSI: -65 [da:3c:fe:ce:12:fc]
RSSI: -63 [da:3c:fe:ce:12:fc]
RSSI: -87 [da:37:5b:d8:0d:da]
RSSI: -64 [da:3c:fe:da:13:2c]
RSSI: -63 [da:3c:fe:ea:13:5c]
RSSI: -64 [da:3c:fe:ea:13:5c]
RSSI: -62 [da:3c:fe:f9:13:8c]
RSSI: -63 [da:3c:fe:f9:13:8c]
RSSI: -85 [da:37:5c:05:0e:5a]
RSSI: -64 [da:3c:ff:05:13:ac]
RSSI: -63 [da:3c:ff:05:13:ac]
RSSI: -64 [da:3c:ff:15:13:dc]
RSSI: -63 [da:3c:ff:15:13:dc]
RSSI: -65 [da:3c:ff:24:14:0c]
RSSI: -65 [da:3c:ff:30:14:3c]
RSSI: -67 [da:3c:ff:30:14:3c]
RSSI: -67 [da:3c:ff:40:14:6c]
RSSI: -67 [da:3c:ff:40:14:6c]
RSSI: -69 [da:3c:ff:4f:14:9c]
RSSI: -74 [da:3c:ff:5b:14:bc]
RSSI: -75 [da:3c:ff:5b:14:bc]
RSSI: -73 [da:3c:ff:5b:14:bc]
RSSI: -73 [da:3c:ff:6b:14:ec]
RSSI: -82 [da:3c:ff:6b:14:ec]
RSSI: -79 [da:3c:ff:7a:15:1c]
RSSI: -78 [da:3c:ff:7a:15:1c]
RSSI: -90 [da:37:5c:8c:0f:da]
RSSI: -83 [da:3c:ff:96:15:7c]
RSSI: -80 [da:3c:ff:a5:15:ac]
RSSI: -80 [da:3c:ff:b2:15:cc]
RSSI: -78 [da:3c:ff:b2:15:cc]
RSSI: -90 [da:37:5c:b8:10:5a]
RSSI: -81 [da:3c:ff:c1:15:fc]
RSSI: -81 [da:3c:ff:c1:15:fc]
RSSI: -82 [da:3c:ff:d0:16:2c]
RSSI: -83 [da:37:5c:d9:10:ba]
RSSI: -87 [da:37:5c:d9:10:ba]
RSSI: -82 [da:3c:ff:dd:16:5c]
RSSI: -85 [da:37:5c:e5:10:ea]
RSSI: -83 [da:37:5c:e5:10:ea]
RSSI: -84 [da:37:5c:e5:10:ea]
RSSI: -85 [da:37:5c:f5:11:0a]
RSSI: -83 [da:37:5d:05:11:3a]
RSSI: -87 [da:3d:00:08:00:5c]
RSSI: -81 [da:37:5d:12:11:6a]
RSSI: -82 [da:37:5d:12:11:6a]
RSSI: -85 [da:3d:00:17:00:8c]
RSSI: -86 [da:3d:00:17:00:8c]
RSSI: -85 [da:3d:00:26:00:bc]
RSSI: -82 [da:37:5d:22:11:8a]
RSSI: -85 [da:3d:00:26:00:bc]
RSSI: -84 [da:3d:00:26:00:bc]
RSSI: -83 [da:37:5d:22:11:8a]
RSSI: -83 [da:3d:00:26:00:bc]
RSSI: -84 [da:37:5d:3f:11:ea]
RSSI: -91 [da:3d:00:42:01:1c]
RSSI: -88 [da:3d:00:42:01:1c]
RSSI: -83 [da:37:5d:4f:12:1a]
RSSI: -87 [da:3d:00:51:01:4c]
RSSI: -84 [da:37:5d:5f:12:3a]
RSSI: -84 [da:37:5d:5f:12:3a]
RSSI: -87 [da:3d:00:5e:01:6c]
RSSI: -84 [da:37:5d:6c:12:6a]
RSSI: -87 [da:3d:00:6d:01:9c]
RSSI: -84 [da:37:5d:6c:12:6a]
RSSI: -82 [da:37:5d:7c:12:9a]
RSSI: -85 [da:3d:00:7d:01:cc]
RSSI: -81 [da:37:5d:7c:12:9a]
RSSI: -86 [da:3d:00:89:01:fc]
RSSI: -83 [da:37:5d:8c:12:ca]
RSSI: -82 [da:37:5d:99:12:ea]
RSSI: -90 [da:3d:00:99:02:2c]
RSSI: -83 [da:37:5d:99:12:ea]
RSSI: -81 [da:37:5d:a9:13:1a]
RSSI: -81 [da:37:5d:a9:13:1a]
RSSI: -82 [da:37:5d:c6:13:6a]
RSSI: -85 [da:3d:00:c4:02:ac]
RSSI: -83 [da:37:5d:c6:13:6a]
RSSI: -80 [da:37:5d:d6:13:9a]
RSSI: -88 [da:3d:00:d3:02:dc]
RSSI: -79 [da:37:5d:e6:13:ca]
RSSI: -82 [da:37:5d:e6:13:ca]
RSSI: -80 [da:37:5d:f3:13:ea]
RSSI: -82 [da:37:5e:03:14:1a]
RSSI: -82 [da:37:5e:03:14:1a]
RSSI: -87 [da:37:5e:13:14:4a]
RSSI: -86 [da:37:5e:20:14:6a]
RSSI: -85 [da:37:5e:20:14:6a]
RSSI: -83 [da:37:5e:30:14:9a]
RSSI: -85 [da:37:5e:30:14:9a]
RSSI: -84 [da:37:5e:40:14:ca]
RSSI: -88 [da:3d:01:46:04:3c]
RSSI: -87 [da:3d:01:46:04:3c]
RSSI: -82 [da:37:5e:4d:14:ea]
RSSI: -86 [da:3d:01:61:04:9c]
RSSI: -84 [da:37:5e:65:15:3a]
RSSI: -88 [da:3d:01:71:04:cc]
RSSI: -83 [da:37:5e:76:15:6a]
RSSI: -84 [da:3d:01:71:04:cc]
RSSI: -83 [da:37:5e:76:15:6a]
RSSI: -86 [da:3d:01:80:04:fc]
RSSI: -83 [da:37:5e:82:15:8a]
RSSI: -85 [da:3d:01:80:04:fc]
RSSI: -93 [da:35:7a:82:00:2b]
RSSI: -83 [da:37:5e:92:15:ba]
RSSI: -82 [da:37:5e:92:15:ba]
RSSI: -78 [da:3d:01:9c:05:4c]
RSSI: -84 [da:37:5e:a2:15:da]
RSSI: -82 [da:37:5e:a2:15:da]
RSSI: -82 [da:3d:01:9c:05:4c]
RSSI: -81 [da:37:5e:a2:15:da]
RSSI: -80 [da:3d:01:ab:05:7c]
RSSI: -85 [da:37:5e:af:16:0a]
RSSI: -82 [da:3d:01:b8:05:ac]
RSSI: -81 [da:3d:01:b8:05:ac]
RSSI: -86 [da:37:5e:bf:16:3a]
RSSI: -85 [da:3d:01:c7:05:dc]
RSSI: -84 [da:37:5e:cc:00:2a]
RSSI: -85 [da:3d:01:c7:05:dc]
RSSI: -86 [da:3d:01:d7:06:0c]
RSSI: -85 [da:3d:01:e3:06:2c]
RSSI: -86 [da:37:5e:f2:00:9a]
RSSI: -84 [da:37:5e:f2:00:9a]
RSSI: -88 [da:37:5f:0b:00:da]
RSSI: -81 [da:3d:02:0f:06:bc]
RSSI: -80 [da:3d:02:0f:06:bc]
RSSI: -87 [da:37:5f:18:00:fa]
RSSI: -81 [da:3d:02:1e:06:ec]
RSSI: -87 [da:3d:02:49:07:6c]
RSSI: -79 [da:3d:02:59:07:9c]
RSSI: -80 [da:3d:02:65:07:cc]
RSSI: -85 [da:37:5f:71:01:fa]
RSSI: -83 [da:3d:02:75:07:fc]
RSSI: -76 [da:37:5f:7e:02:2a]
RSSI: -79 [da:3d:02:75:07:fc]
RSSI: -77 [da:37:5f:7e:02:2a]
RSSI: -79 [da:3d:02:84:08:2c]
RSSI: -75 [da:37:5f:8a:02:4a]
RSSI: -79 [da:3d:02:91:08:5c]
RSSI: -79 [da:37:5f:97:02:6a]
RSSI: -79 [da:3d:02:91:08:5c]
RSSI: -72 [da:37:5f:a4:02:9a]
RSSI: -79 [da:3d:02:a0:08:8c]
RSSI: -72 [da:37:5f:a4:02:9a]
RSSI: -79 [da:3d:02:a0:08:8c]
RSSI: -70 [da:37:5f:b0:02:ba]
RSSI: -74 [da:37:5f:bd:02:da]
RSSI: -81 [da:3d:02:bc:08:dc]
RSSI: -71 [da:37:5f:ca:02:fa]
RSSI: -70 [da:37:5f:ca:02:fa]
RSSI: -80 [da:3d:02:cb:09:0c]
RSSI: -82 [da:3d:02:cb:09:0c]
RSSI: -70 [da:37:5f:d7:03:2a]
RSSI: -81 [da:3d:02:db:09:3c]
RSSI: -71 [da:37:5f:e3:03:4a]
RSSI: -71 [da:37:5f:e3:03:4a]
RSSI: -70 [da:37:5f:f0:03:6a]
RSSI: -82 [da:3d:02:e7:09:6c]
RSSI: -70 [da:37:5f:f0:03:6a]
RSSI: -84 [da:3d:02:f7:09:9c]
RSSI: -70 [da:37:5f:fd:03:8a]
RSSI: -84 [da:3d:03:06:09:cc]
RSSI: -70 [da:37:60:0a:03:ba]
RSSI: -70 [da:37:60:0a:03:ba]
RSSI: -85 [da:3d:03:06:09:cc]
RSSI: -70 [da:37:60:0a:03:ba]
RSSI: -71 [da:37:60:16:03:da]
RSSI: -70 [da:37:60:16:03:da]
RSSI: -84 [da:3a:69:24:0d:ce]
RSSI: -71 [da:37:60:23:03:fa]
RSSI: -85 [da:3a:69:24:0d:ce]
RSSI: -84 [da:3a:69:24:0d:ce]
RSSI: -70 [da:37:60:30:04:1a]
RSSI: -90 [da:3d:03:32:0a:5c]
RSSI: -70 [da:37:60:30:04:1a]
RSSI: -72 [da:37:60:3d:04:4a]
RSSI: -71 [da:37:60:3d:04:4a]
RSSI: -88 [da:3d:03:3e:0a:7c]
RSSI: -82 [da:3a:69:4d:0e:3e]
RSSI: -73 [da:37:60:49:04:6a]
RSSI: -82 [da:3a:69:4d:0e:3e]
RSSI: -82 [da:3a:69:4d:0e:3e]
RSSI: -81 [da:3d:03:4e:0a:ac]
RSSI: -72 [da:37:60:56:04:8a]
RSSI: -72 [da:37:60:56:04:8a]
RSSI: -81 [da:3d:03:5d:0a:dc]
RSSI: -83 [da:3a:69:5c:0e:6e]
RSSI: -73 [da:37:60:63:04:aa]
RSSI: -81 [da:3d:03:5d:0a:dc]
RSSI: -73 [da:37:60:63:04:aa]
RSSI: -82 [da:3a:69:6a:0e:8e]
RSSI: -75 [da:37:60:6f:04:da]
RSSI: -81 [da:3a:69:76:0e:ae]
RSSI: -76 [da:37:60:7c:04:fa]
RSSI: -83 [da:3d:03:79:0b:3c]
RSSI: -77 [da:37:60:7c:04:fa]
RSSI: -82 [da:3a:69:85:0e:de]
RSSI: -77 [da:37:60:89:05:1a]
RSSI: -81 [da:3a:69:85:0e:de]
RSSI: -82 [da:3a:69:85:0e:de]
RSSI: -78 [da:37:60:89:05:1a]
RSSI: -85 [da:3d:03:88:0b:6c]
RSSI: -83 [da:3a:69:93:0e:fe]
RSSI: -79 [da:37:60:96:05:4a]
RSSI: -88 [da:3d:03:95:0b:9c]
RSSI: -79 [da:37:60:96:05:4a]
RSSI: -86 [da:3d:03:95:0b:9c]
RSSI: -81 [da:37:60:a3:05:6a]
RSSI: -84 [da:37:60:a3:05:6a]
RSSI: -82 [da:37:60:af:05:8a]
RSSI: -83 [da:3a:69:ae:0f:4e]
RSSI: -84 [da:37:60:af:05:8a]
RSSI: -84 [da:3d:03:b4:0b:fc]
RSSI: -83 [da:3a:69:ae:0f:4e]
RSSI: -83 [da:37:60:bc:05:ba]
RSSI: -83 [da:37:60:bc:05:ba]
RSSI: -84 [da:3d:03:c1:0c:1c]
RSSI: -84 [da:3a:69:c8:0f:9e]
RSSI: -85 [da:37:60:c9:05:da]
RSSI: -84 [da:3a:69:c8:0f:9e]
RSSI: -82 [da:37:60:d6:05:fa]
RSSI: -86 [da:3a:69:d7:0f:be]
RSSI: -85 [da:3a:69:d7:0f:be]
RSSI: -83 [da:37:60:d6:05:fa]
RSSI: -89 [da:3d:03:d0:0c:4c]
RSSI: -84 [da:3d:03:df:0c:7c]
RSSI: -83 [da:37:60:e2:06:1a]
RSSI: -80 [da:37:60:e2:06:1a]
RSSI: -79 [da:37:60:e2:06:1a]
RSSI: -82 [da:37:60:ef:06:4a]
RSSI: -87 [da:3d:03:ec:0c:ac]
RSSI: -83 [da:37:60:ef:06:4a]
RSSI: -80 [da:37:60:fc:06:6a]
RSSI: -82 [da:37:60:fc:06:6a]
RSSI: -84 [da:37:61:08:06:8a]
RSSI: -81 [da:37:61:08:06:8a]
RSSI: -88 [da:3d:04:0b:0d:0c]
RSSI: -82 [da:37:61:15:06:ba]
RSSI: -80 [da:37:61:22:06:da]
RSSI: -84 [da:37:61:22:06:da]
RSSI: -87 [da:37:61:2f:06:fa]
RSSI: -82 [da:37:61:2f:06:fa]
RSSI: -83 [da:37:61:3c:07:2a]
RSSI: -85 [da:37:61:3c:07:2a]
RSSI: -81 [da:37:61:48:07:4a]
RSSI: -82 [da:37:61:48:07:4a]
RSSI: -88 [da:3d:04:49:0d:cc]
RSSI: -82 [da:37:61:62:07:9a]
RSSI: -83 [da:37:61:62:07:9a]
RSSI: -80 [da:37:61:6f:07:ba]
RSSI: -81 [da:37:61:6f:07:ba]
RSSI: -86 [da:3d:04:75:0e:5c]
RSSI: -85 [da:37:61:7b:07:da]
RSSI: -81 [da:37:61:7b:07:da]
RSSI: -81 [da:37:61:88:07:fa]
RSSI: -81 [da:37:61:95:08:2a]
RSSI: -81 [da:37:61:95:08:2a]
RSSI: -85 [da:37:61:a2:08:4a]
RSSI: -81 [da:37:61:a2:08:4a]
RSSI: -81 [da:37:61:af:08:6a]
RSSI: -83 [da:37:61:af:08:6a]
RSSI: -81 [da:37:61:bc:08:9a]
RSSI: -87 [da:3d:04:b0:0f:0c]
RSSI: -81 [da:37:61:bc:08:9a]
RSSI: -82 [da:37:61:bc:08:9a]
RSSI: -88 [da:3d:04:bf:0f:3c]
RSSI: -84 [da:37:61:c8:08:ba]
RSSI: -81 [da:37:61:c8:08:ba]
RSSI: -81 [da:37:61:d5:08:da]
RSSI: -85 [da:3d:04:cc:0f:6c]
RSSI: -85 [da:37:61:d5:08:da]
RSSI: -81 [da:37:61:e2:08:fa]
RSSI: -86 [da:3d:04:db:0f:9c]
RSSI: -82 [da:37:61:e2:08:fa]
RSSI: -85 [da:3d:04:db:0f:9c]
RSSI: -82 [da:37:61:e2:08:fa]
RSSI: -85 [da:3d:04:eb:0f:cc]
RSSI: -85 [da:37:61:ef:09:2a]
RSSI: -85 [da:3d:04:eb:0f:cc]
RSSI: -87 [da:3d:04:eb:0f:cc]
RSSI: -84 [da:37:61:ef:09:2a]
RSSI: -83 [da:37:61:fc:09:4a]
RSSI: -83 [da:37:61:fc:09:4a]
RSSI: -86 [da:3d:04:f8:0f:fc]
RSSI: -84 [da:37:62:08:09:6a]
RSSI: -84 [da:37:62:08:09:6a]
RSSI: -83 [da:37:62:15:09:9a]
RSSI: -83 [da:37:62:15:09:9a]
RSSI: -83 [da:37:62:22:09:ba]
RSSI: -82 [da:37:62:22:09:ba]
RSSI: -81 [da:37:62:2f:09:da]
RSSI: -85 [da:3d:05:23:10:7c]
RSSI: -82 [da:37:62:2f:09:da]
RSSI: -82 [da:37:62:2f:09:da]
RSSI: -83 [da:37:62:3b:0a:0a]
RSSI: -81 [da:37:62:3b:0a:0a]
RSSI: -81 [da:37:62:48:0a:2a]
RSSI: -80 [da:3d:05:42:10:ec]
RSSI: -83 [da:37:62:48:0a:2a]
RSSI: -80 [da:37:62:55:0a:4a]
RSSI: -81 [da:3d:05:4f:11:0c]
RSSI: -82 [da:37:62:55:0a:4a]
RSSI: -80 [da:3d:05:4f:11:0c]
RSSI: -85 [da:37:62:62:0a:7a]
RSSI: -84 [da:3d:05:5e:11:3c]
RSSI: -83 [da:37:62:62:0a:7a]
RSSI: -83 [da:37:62:6f:0a:9a]
RSSI: -83 [da:3d:05:6e:11:6c]
RSSI: -85 [da:37:62:6f:0a:9a]
RSSI: -80 [da:3d:05:6e:11:6c]
RSSI: -84 [da:37:62:7c:0a:ba]
RSSI: -85 [da:37:62:7c:0a:ba]
RSSI: -84 [da:3d:05:8a:11:cc]
RSSI: -82 [da:37:62:88:0a:ea]
RSSI: -84 [da:37:62:95:0b:0a]
RSSI: -79 [da:3d:05:8a:11:cc]
RSSI: -86 [da:37:62:95:0b:0a]
RSSI: -82 [da:3d:05:9a:11:fc]
RSSI: -83 [da:37:62:a2:0b:2a]
RSSI: -77 [da:3d:05:9a:11:fc]
RSSI: -84 [da:37:62:a2:0b:2a]
RSSI: -75 [da:3d:05:a6:12:1c]
RSSI: -84 [da:37:62:af:0b:4a]
RSSI: -71 [da:3d:05:b6:12:5c]
RSSI: -86 [da:37:62:bc:0b:7a]
RSSI: -72 [da:3d:05:b6:12:5c]
RSSI: -86 [da:37:62:c9:0b:9a]
RSSI: -71 [da:3d:05:c6:12:8c]
RSSI: -88 [da:37:62:c9:0b:9a]
RSSI: -69 [da:3d:05:c6:12:8c]
RSSI: -70 [da:3d:05:d2:12:ac]
RSSI: -69 [da:3d:05:e2:12:dc]
RSSI: -68 [da:3d:05:e2:12:dc]
RSSI: -69 [da:3d:05:e2:12:dc]
RSSI: -67 [da:3d:05:f1:13:0c]
RSSI: -68 [da:3d:05:fe:13:3c]
RSSI: -67 [da:3d:05:fe:13:3c]
RSSI: -69 [da:3d:06:0d:13:6c]
RSSI: -69 [da:3d:06:0d:13:6c]
RSSI: -68 [da:3d:06:1d:13:9c]
RSSI: -68 [da:3d:06:2a:13:bc]
RSSI: -69 [da:3d:06:2a:13:bc]
RSSI: -69 [da:3d:06:39:13:ec]
RSSI: -69 [da:3d:06:39:13:ec]
RSSI: -70 [da:3d:06:49:14:1c]
RSSI: -70 [da:3d:06:55:14:4c]
RSSI: -71 [da:3d:06:55:14:4c]
RSSI: -72 [da:3d:06:65:14:7c]
RSSI: -72 [da:3d:06:65:14:7c]
RSSI: -73 [da:3d:06:74:14:ac]
RSSI: -74 [da:3d:06:74:14:ac]
RSSI: -76 [da:3d:06:81:14:cc]
RSSI: -78 [da:3d:06:81:14:cc]
RSSI: -82 [da:3d:06:91:14:fc]
RSSI: -80 [da:3d:06:91:14:fc]
RSSI: -89 [da:3d:06:a0:15:2c]
RSSI: -89 [da:3d:06:ad:15:5c]
RSSI: -88 [da:3d:06:bc:15:8c]
RSSI: -80 [da:3d:06:bc:15:8c]
RSSI: -78 [da:3d:06:cc:15:bc]
RSSI: -80 [da:3d:06:cc:15:bc]
RSSI: -77 [da:3d:06:d9:15:dc]
RSSI: -77 [da:3d:06:e8:16:0c]
RSSI: -80 [da:3d:06:f8:16:4c]
RSSI: -80 [da:3d:06:f8:16:4c]
RSSI: -84 [da:3d:07:04:16:6c]
RSSI: -85 [da:3d:07:04:16:6c]
RSSI: -87 [da:3d:07:24:00:3c]
RSSI: -87 [da:3d:07:30:00:5c]
RSSI: -84 [da:3d:07:30:00:5c]
RSSI: -84 [da:3d:07:30:00:5c]
RSSI: -82 [da:3d:07:40:00:8c]
RSSI: -89 [da:37:64:4b:0f:fa]
RSSI: -87 [da:3d:07:4f:00:bc]
RSSI: -82 [da:3d:07:5c:00:ec]
RSSI: -86 [da:3d:07:6c:01:1c]
RSSI: -86 [da:37:64:71:10:6a]
RSSI: -84 [da:3d:07:6c:01:1c]
RSSI: -85 [da:3d:07:7b:01:4c]
RSSI: -86 [da:37:64:7e:10:8a]
RSSI: -85 [da:3d:07:88:01:6c]
RSSI: -86 [da:3d:07:88:01:6c]
RSSI: -87 [da:37:64:98:10:da]
RSSI: -83 [da:3d:07:98:01:9c]
RSSI: -86 [da:37:64:98:10:da]
RSSI: -87 [da:3d:07:a7:01:cc]
RSSI: -84 [da:3d:07:a7:01:cc]
RSSI: -86 [da:37:64:b2:11:1a]
RSSI: -89 [da:3d:07:b4:01:fc]
RSSI: -86 [da:3d:07:b4:01:fc]
RSSI: -88 [da:37:64:bf:11:4a]
RSSI: -87 [da:3d:07:c3:02:2c]
RSSI: -90 [da:37:64:cb:11:6a]
RSSI: -86 [da:3d:07:d3:02:5c]
RSSI: -84 [da:3d:07:d3:02:5c]
RSSI: -84 [da:3d:07:e0:02:7c]
RSSI: -84 [da:3d:07:e0:02:7c]
RSSI: -88 [da:37:64:f2:11:da]
RSSI: -86 [da:3d:07:ff:02:ec]
RSSI: -89 [da:37:64:ff:11:fa]
RSSI: -86 [da:37:65:0c:12:1a]
RSSI: -85 [da:37:65:19:12:4a]
RSSI: -84 [da:37:65:19:12:4a]
RSSI: -89 [da:3d:08:1b:03:3c]
RSSI: -84 [da:37:65:26:12:6a]
RSSI: -87 [da:3d:08:2b:03:6c]
RSSI: -84 [da:37:65:33:12:8a]
RSSI: -83 [da:37:65:3f:12:ba]
RSSI: -83 [da:37:65:3f:12:ba]
RSSI: -84 [da:37:65:4d:12:da]
RSSI: -84 [da:37:65:4d:12:da]
RSSI: -83 [da:37:65:4d:12:da]
RSSI: -84 [da:37:65:5a:12:fa]
RSSI: -82 [da:37:65:66:13:2a]
RSSI: -83 [da:37:65:66:13:2a]
RSSI: -81 [da:37:65:73:13:4a]
RSSI: -90 [da:3d:08:73:04:5c]
RSSI: -81 [da:37:65:80:13:6a]
RSSI: -80 [da:37:65:8d:13:9a]
RSSI: -81 [da:37:65:8d:13:9a]
RSSI: -91 [da:3d:08:8f:04:ac]
RSSI: -83 [da:37:65:9a:13:ba]
RSSI: -81 [da:37:65:9a:13:ba]
RSSI: -81 [da:37:65:a7:13:da]
RSSI: -81 [da:37:65:a7:13:da]
RSSI: -82 [da:37:65:b4:13:fa]
RSSI: -81 [da:37:65:b4:13:fa]
RSSI: -85 [da:3d:08:bb:05:3c]
RSSI: -87 [da:3d:08:bb:05:3c]
RSSI: -83 [da:37:65:c1:14:2a]
RSSI: -83 [da:37:65:ce:14:4a]
RSSI: -85 [da:3d:08:cb:05:6c]
RSSI: -84 [da:37:65:ce:14:4a]
RSSI: -88 [da:3d:08:db:05:9c]
RSSI: -84 [da:37:65:da:14:6a]
RSSI: -88 [da:3d:08:db:05:9c]
RSSI: -83 [da:37:65:da:14:6a]
RSSI: -82 [da:37:65:e8:14:9a]
RSSI: -82 [da:37:65:e8:14:9a]
RSSI: -84 [da:37:65:f5:14:ba]
RSSI: -82 [da:37:65:f5:14:ba]
RSSI: -89 [da:3d:09:07:06:2c]
RSSI: -82 [da:37:66:0e:15:0a]
RSSI: -90 [da:35:82:06:00:2b]
RSSI: -84 [da:37:66:0e:15:0a]
RSSI: -81 [da:37:66:1b:15:2a]
RSSI: -91 [da:3d:09:23:06:7c]
RSSI: -85 [da:37:66:28:15:4a]
RSSI: -84 [da:37:66:28:15:4a]
RSSI: -88 [da:3d:09:33:06:ac]
RSSI: -82 [da:37:66:35:15:7a]
RSSI: -83 [da:37:66:35:15:7a]
RSSI: -82 [da:37:66:42:15:9a]
RSSI: -83 [da:37:66:4f:15:ba]
RSSI: -84 [da:37:66:4f:15:ba]
RSSI: -84 [da:37:66:5c:15:ea]
RSSI: -85 [da:37:66:69:16:0a]
RSSI: -81 [da:37:66:69:16:0a]
RSSI: -92 [da:35:82:6d:01:6b]
RSSI: -85 [da:37:66:76:16:2a]
RSSI: -93 [da:35:82:6d:01:6b]
RSSI: -89 [da:3d:09:7b:07:9c]
RSSI: -87 [da:37:66:83:00:2a]
RSSI: -84 [da:3d:09:8b:07:cc]
RSSI: -84 [da:37:66:90:00:4a]
RSSI: -79 [da:37:66:90:00:4a]
RSSI: -83 [da:37:66:9d:00:6a]
RSSI: -84 [da:3d:09:97:07:ec]
RSSI: -84 [da:37:66:9d:00:6a]
RSSI: -90 [da:3d:09:a7:08:2c]
RSSI: -83 [da:37:66:aa:00:9a]
RSSI: -85 [da:3d:09:a7:08:2c]
RSSI: -81 [da:37:66:b7:00:ba]
RSSI: -86 [da:3d:09:b7:08:5c]
RSSI: -81 [da:37:66:b7:00:ba]
RSSI: -83 [da:37:66:c4:00:da]
RSSI: -86 [da:3d:09:c3:08:7c]
RSSI: -83 [da:37:66:c4:00:da]
RSSI: -87 [da:3d:09:c3:08:7c]
RSSI: -83 [da:37:66:d1:01:0a]
RSSI: -87 [da:3d:09:d3:08:ac]
RSSI: -81 [da:37:66:de:01:2a]
RSSI: -82 [da:37:66:eb:01:4a]
RSSI: -82 [da:37:66:eb:01:4a]
RSSI: -81 [da:37:66:f8:01:7a]
RSSI: -79 [da:37:67:05:01:9a]
RSSI: -80 [da:37:67:12:01:ba]
RSSI: -79 [da:37:67:1f:01:ea]
RSSI: -78 [da:37:67:1f:01:ea]
RSSI: -78 [da:37:67:1f:01:ea]
RSSI: -74 [da:37:67:2c:02:0a]
RSSI: -76 [da:37:67:38:02:3a]
RSSI: -74 [da:37:67:46:02:5a]
RSSI: -73 [da:37:67:46:02:5a]
RSSI: -91 [da:3d:0a:48:0a:1c]
RSSI: -87 [da:3d:0a:58:0a:4c]
RSSI: -72 [da:37:67:5f:02:aa]
RSSI: -88 [da:3d:0a:67:0a:8c]
RSSI: -73 [da:37:67:6d:02:ca]
RSSI: -86 [da:3d:0a:67:0a:8c]
RSSI: -71 [da:37:67:6d:02:ca]
RSSI: -69 [da:37:67:7a:02:ea]
RSSI: -87 [da:3d:0a:74:0a:ac]
RSSI: -69 [da:37:67:7a:02:ea]
RSSI: -71 [da:37:67:7a:02:ea]
RSSI: -86 [da:3d:0a:84:0a:dc]
RSSI: -72 [da:37:67:86:03:1a]
RSSI: -86 [da:3d:0a:84:0a:dc]
RSSI: -72 [da:37:67:94:03:3a]
RSSI: -88 [da:3d:0a:93:0b:0c]
RSSI: -70 [da:37:67:94:03:3a]
RSSI: -89 [da:3d:0a:93:0b:0c]
RSSI: -71 [da:37:67:a1:03:5a]
RSSI: -73 [da:37:67:a1:03:5a]
RSSI: -87 [da:3d:0a:a0:0b:3c]
RSSI: -71 [da:37:67:ad:03:8a]
RSSI: -72 [da:37:67:ad:03:8a]
RSSI: -87 [da:3d:0a:b0:0b:6c]
RSSI: -85 [da:3d:0a:b0:0b:6c]
RSSI: -72 [da:37:67:bb:03:aa]
RSSI: -85 [da:3d:0a:c0:0b:9c]
RSSI: -71 [da:37:67:bb:03:aa]
RSSI: -74 [da:37:67:c8:03:ca]
RSSI: -73 [da:37:67:c8:03:ca]
RSSI: -83 [da:3d:0a:cc:0b:cc]
RSSI: -84 [da:3d:0a:cc:0b:cc]
RSSI: -72 [da:37:67:d4:03:fa]
RSSI: -83 [da:3d:0a:cc:0b:cc]
RSSI: -76 [da:37:67:d4:03:fa]
RSSI: -74 [da:37:67:e2:04:1a]
RSSI: -74 [da:37:67:e2:04:1a]
RSSI: -86 [da:3d:0a:dc:0b:fc]
RSSI: -84 [da:3d:0a:ec:0c:2c]
RSSI: -79 [da:37:67:ef:04:3a]
RSSI: -88 [da:3d:0a:ec:0c:2c]
RSSI: -75 [da:37:67:ef:04:3a]
RSSI: -75 [da:37:67:fb:04:6a]
RSSI: -85 [da:3d:0a:f8:0c:5c]
RSSI: -82 [da:37:67:fb:04:6a]
RSSI: -86 [da:3d:0a:f8:0c:5c]
RSSI: -76 [da:37:68:09:04:8a]
RSSI: -77 [da:37:68:09:04:8a]
RSSI: -87 [da:3d:0b:08:0c:8c]
RSSI: -83 [da:37:68:16:04:aa]
RSSI: -77 [da:37:68:16:04:aa]
RSSI: -77 [da:37:68:16:04:aa]
RSSI: -85 [da:3d:0b:18:0c:bc]
RSSI: -80 [da:37:68:23:04:da]
RSSI: -80 [da:37:68:30:04:fa]
RSSI: -82 [da:37:68:30:04:fa]
RSSI: -85 [da:3d:0b:34:0d:1c]
RSSI: -82 [da:37:68:3d:05:1a]
RSSI: -92 [da:37:68:4a:05:4a]
RSSI: -88 [da:37:68:57:05:6a]
RSSI: -90 [da:3d:0b:61:0d:ac]
RSSI: -88 [da:3d:0b:61:0d:ac]
RSSI: -87 [da:3d:0b:61:0d:ac]
RSSI: -87 [da:3d:0b:70:0d:dc]
RSSI: -88 [da:3a:71:6f:0e:ee]
RSSI: -84 [da:37:68:8b:06:0a]
RSSI: -88 [da:3a:71:99:0f:6e]
RSSI: -83 [da:37:68:98:06:2a]
RSSI: -90 [da:3d:0b:a9:0e:8c]
RSSI: -88 [da:3d:0b:a9:0e:8c]
RSSI: -88 [da:3d:0b:b9:0e:bc]
RSSI: -82 [da:37:68:bf:06:9a]
RSSI: -90 [da:37:68:cc:06:ba]
RSSI: -95 [da:3d:0b:c9:0e:ec]
RSSI: -87 [da:3a:71:d1:10:0e]
RSSI: -86 [da:37:68:d9:06:ea]
RSSI: -82 [da:37:68:e6:07:0a]
RSSI: -84 [da:37:68:e6:07:0a]
RSSI: -86 [da:37:68:f3:07:2a]
RSSI: -88 [da:3d:0b:f5:0f:7c]
RSSI: -85 [da:37:69:01:07:5a]
RSSI: -86 [da:37:69:01:07:5a]
RSSI: -82 [da:37:69:0d:07:7a]
RSSI: -87 [da:37:69:1b:07:9a]
RSSI: -83 [da:37:69:1b:07:9a]
RSSI: -85 [da:37:69:28:07:ca]
RSSI: -86 [da:3d:0c:2e:10:3c]
RSSI: -82 [da:37:69:34:07:ea]
RSSI: -88 [da:3d:0c:2e:10:3c]
RSSI: -83 [da:37:69:34:07:ea]
RSSI: -85 [da:37:69:42:08:1a]
RSSI: -80 [da:37:69:42:08:1a]
RSSI: -84 [da:37:69:4f:08:3a]
RSSI: -86 [da:3d:0c:4e:10:9c]
RSSI: -84 [da:37:69:4f:08:3a]
RSSI: -85 [da:3d:0c:4e:10:9c]
RSSI: -85 [da:37:69:4f:08:3a]
RSSI: -83 [da:37:69:5c:08:5a]
RSSI: -83 [da:3d:0c:5a:10:bc]
RSSI: -85 [da:37:69:5c:08:5a]
RSSI: -82 [da:3d:0c:5a:10:bc]
RSSI: -84 [da:37:69:69:08:8a]
RSSI: -86 [da:37:69:69:08:8a]
RSSI: -80 [da:3d:0c:6a:10:ec]
RSSI: -83 [da:37:69:76:08:aa]
RSSI: -85 [da:3d:0c:6a:10:ec]
RSSI: -84 [da:37:69:76:08:aa]
RSSI: -82 [da:3d:0c:7a:11:1c]
RSSI: -79 [da:3d:0c:7a:11:1c]
RSSI: -84 [da:37:69:83:08:ca]
RSSI: -84 [da:37:69:90:08:fa]
RSSI: -84 [da:37:69:90:08:fa]
RSSI: -84 [da:37:69:9d:09:1a]
RSSI: -86 [da:3d:0c:97:11:7c]
RSSI: -83 [da:37:69:9d:09:1a]
RSSI: -87 [da:3d:0c:97:11:7c]
RSSI: -88 [da:3d:0c:a6:11:ac]
RSSI: -83 [da:37:69:aa:09:3a]
RSSI: -80 [da:3d:0c:a6:11:ac]
RSSI: -83 [da:37:69:b7:09:6a]
RSSI: -81 [da:3d:0c:b3:11:dc]
RSSI: -83 [da:37:69:c5:09:8a]
RSSI: -85 [da:37:69:c5:09:8a]
RSSI: -74 [da:3d:0c:c3:12:0c]
RSSI: -84 [da:37:69:c5:09:8a]
RSSI: -75 [da:3d:0c:c3:12:0c]
RSSI: -71 [da:3d:0c:d3:12:3c]
RSSI: -81 [da:37:69:df:09:da]
RSSI: -70 [da:3d:0c:df:12:5c]
RSSI: -83 [da:37:69:ec:09:fa]
RSSI: -69 [da:3d:0c:ef:12:9c]
RSSI: -69 [da:3d:0c:ef:12:9c]
RSSI: -68 [da:3d:0c:ff:12:cc]
RSSI: -68 [da:3d:0c:ff:12:cc]
RSSI: -68 [da:3d:0c:ff:12:cc]
RSSI: -83 [da:37:6a:06:0a:4a]
RSSI: -68 [da:3d:0d:0c:12:ec]
RSSI: -82 [da:37:6a:13:0a:7a]
RSSI: -67 [da:3d:0d:0c:12:ec]
RSSI: -82 [da:37:6a:20:0a:9a]
RSSI: -67 [da:3d:0d:1c:13:1c]
RSSI: -82 [da:37:6a:20:0a:9a]
RSSI: -66 [da:3d:0d:1c:13:1c]
RSSI: -67 [da:3d:0d:2b:13:4c]
RSSI: -67 [da:3d:0d:2b:13:4c]
RSSI: -82 [da:37:6a:3a:0a:ea]
RSSI: -67 [da:3d:0d:38:13:7c]
RSSI: -68 [da:3d:0d:38:13:7c]
RSSI: -82 [da:37:6a:47:0b:0a]
RSSI: -82 [da:37:6a:47:0b:0a]
RSSI: -67 [da:3d:0d:48:13:ac]
RSSI: -81 [da:37:6a:54:0b:2a]
RSSI: -68 [da:3d:0d:58:13:dc]
RSSI: -82 [da:37:6a:54:0b:2a]
RSSI: -83 [da:37:6a:62:0b:5a]
RSSI: -83 [da:37:6a:6e:0b:7a]
RSSI: -82 [da:37:6a:6e:0b:7a]
RSSI: -71 [da:3d:0d:74:14:3c]
RSSI: -72 [da:3d:0d:74:14:3c]
RSSI: -82 [da:37:6a:7c:0b:aa]
RSSI: -72 [da:3d:0d:84:14:6c]
RSSI: -84 [da:37:6a:89:0b:ca]
RSSI: -74 [da:3d:0d:91:14:8c]
RSSI: -75 [da:3d:0d:91:14:8c]
RSSI: -80 [da:3d:0d:a1:14:cc]
RSSI: -83 [da:3d:0d:a1:14:cc]
RSSI: -85 [da:37:6a:b0:0c:3a]
RSSI: -84 [da:37:6a:bd:0c:6a]
RSSI: -82 [da:3d:0d:bd:15:1c]
RSSI: -84 [da:37:6a:ca:0c:8a]
RSSI: -81 [da:3d:0d:cd:15:4c]
RSSI: -84 [da:37:6a:d8:0c:aa]
RSSI: -81 [da:3d:0d:dd:15:8c]
RSSI: -80 [da:3d:0d:dd:15:8c]
RSSI: -79 [da:3d:0d:dd:15:8c]
RSSI: -86 [da:37:6a:e4:0c:da]
RSSI: -79 [da:3d:0d:ea:15:ac]
RSSI: -86 [da:37:6a:f2:0c:fa]
RSSI: -79 [da:3d:0d:ea:15:ac]
RSSI: -88 [da:37:6a:ff:0d:1a]
RSSI: -81 [da:3d:0e:0a:16:0c]
RSSI: -85 [da:37:6b:0c:0d:4a]
RSSI: -87 [da:3d:0e:16:16:3c]
RSSI: -87 [da:37:6b:19:0d:6a]
RSSI: -94 [da:3a:74:1c:00:2e]
RSSI: -87 [da:3d:0e:16:16:3c]
RSSI: -89 [da:37:6b:26:0d:8a]
RSSI: -89 [da:37:6b:33:0d:ba]
RSSI: -88 [da:37:6b:40:0d:da]
RSSI: -88 [da:3d:0e:43:00:5c]
RSSI: -92 [da:37:6b:60:0e:3a]
RSSI: -84 [da:3d:0e:63:00:bc]
RSSI: -88 [da:37:6b:70:0e:5a]
RSSI: -86 [da:3d:0e:6f:00:ec]
RSSI: -87 [da:3d:0e:7f:01:1c]
RSSI: -85 [da:3d:0e:8f:01:4c]
RSSI: -85 [da:3d:0e:8f:01:4c]
RSSI: -83 [da:3d:0e:9c:01:7c]
RSSI: -94 [da:37:6b:a5:0e:fa]
RSSI: -84 [da:3d:0e:bc:01:dc]
RSSI: -86 [da:3d:0e:c8:01:fc]
RSSI: -87 [da:3d:0e:c8:01:fc]
RSSI: -86 [da:3d:0e:c8:01:fc]
RSSI: -90 [da:3d:0e:d9:02:3c]
RSSI: -86 [da:3d:0e:d9:02:3c]
RSSI: -82 [da:3d:0e:f5:02:8c]
RSSI: -88 [da:3d:0e:f5:02:8c]
RSSI: -84 [da:3d:0f:05:02:bc]
RSSI: -84 [da:3d:0f:05:02:bc]
RSSI: -89 [da:3d:0f:15:02:ec]
RSSI: -91 [da:37:6c:35:10:9a]
RSSI: -94 [da:37:6c:43:10:ca]
RSSI: -87 [da:3d:0f:42:03:7c]
RSSI: -88 [da:3d:0f:4e:03:ac]
RSSI: -88 [da:3d:0f:5e:03:dc]
RSSI: -97 [da:35:88:5f:13:2b]
RSSI: -92 [da:37:6c:77:11:5a]
RSSI: -89 [da:3d:0f:9b:04:8c]
RSSI: -95 [da:35:88:8b:13:ab]
RSSI: -86 [da:37:6c:ba:12:1a]
RSSI: -86 [da:37:6c:ba:12:1a]
RSSI: -81 [da:3d:0f:c7:05:1c]
RSSI: -78 [da:3d:0f:c7:05:1c]
RSSI: -79 [da:3d:0f:d4:05:4c]
RSSI: -87 [da:37:6c:d4:12:6a]
RSSI: -83 [da:3d:0f:e4:05:7c]
RSSI: -87 [da:37:6c:ee:12:ba]
RSSI: -80 [da:3d:0f:f4:05:ac]
RSSI: -84 [da:37:6c:fb:12:da]
RSSI: -84 [da:37:6c:fb:12:da]
RSSI: -85 [da:37:6d:16:13:2a]
RSSI: -82 [da:3d:10:11:06:0c]
RSSI: -86 [da:37:6d:23:13:4a]
RSSI: -85 [da:37:6d:23:13:4a]
RSSI: -86 [da:37:6d:3d:13:9a]
RSSI: -80 [da:3d:10:3d:06:9c]
RSSI: -88 [da:3d:10:3d:06:9c]
RSSI: -82 [da:37:6d:4b:13:ca]
RSSI: -87 [da:3d:10:4d:06:cc]
RSSI: -80 [da:3d:10:4d:06:cc]
RSSI: -81 [da:37:6d:58:13:ea]
RSSI: -80 [da:37:6d:65:14:0a]
RSSI: -79 [da:37:6d:72:14:3a]
RSSI: -81 [da:3d:10:7a:07:5c]
RSSI: -79 [da:37:6d:80:14:5a]
RSSI: -78 [da:37:6d:80:14:5a]
RSSI: -78 [da:37:6d:8c:14:7a]
RSSI: -80 [da:3d:10:87:07:7c]
RSSI: -78 [da:37:6d:8c:14:7a]
RSSI: -78 [da:37:6d:9a:14:aa]
RSSI: -83 [da:3d:10:97:07:ac]
RSSI: -78 [da:37:6d:9a:14:aa]
RSSI: -77 [da:37:6d:9a:14:aa]
RSSI: -79 [da:3d:10:97:07:ac]
RSSI: -81 [da:3d:10:a7:07:ec]
RSSI: -76 [da:37:6d:a7:14:ca]
RSSI: -81 [da:3d:10:a7:07:ec]
RSSI: -78 [da:37:6d:a7:14:ca]
RSSI: -79 [da:37:6d:b4:14:ea]
RSSI: -80 [da:3d:10:b3:08:0c]
RSSI: -76 [da:37:6d:b4:14:ea]
RSSI: -80 [da:3d:10:b3:08:0c]
RSSI: -80 [da:3d:10:b3:08:0c]
RSSI: -77 [da:37:6d:c2:15:1a]
RSSI: -79 [da:37:6d:c2:15:1a]
RSSI: -78 [da:3d:10:c3:08:3c]
RSSI: -76 [da:37:6d:cf:15:3a]
RSSI: -80 [da:3d:10:c3:08:3c]
RSSI: -78 [da:37:6d:cf:15:3a]
RSSI: -80 [da:3d:10:d3:08:6c]
RSSI: -78 [da:37:6d:cf:15:3a]
RSSI: -78 [da:3d:10:d3:08:6c]
RSSI: -77 [da:37:6d:dc:15:6a]
RSSI: -76 [da:37:6d:dc:15:6a]
RSSI: -80 [da:3d:10:e0:08:9c]
RSSI: -79 [da:37:6d:e9:15:8a]
RSSI: -81 [da:37:6d:e9:15:8a]
RSSI: -88 [da:3d:10:f0:08:cc]
RSSI: -78 [da:37:6d:f7:15:aa]
RSSI: -80 [da:3d:10:f0:08:cc]
RSSI: -80 [da:37:6d:f7:15:aa]
RSSI: -79 [da:3d:11:00:08:fc]
RSSI: -79 [da:37:6e:03:15:da]
RSSI: -83 [da:37:6e:11:15:fa]
RSSI: -79 [da:3d:11:0d:09:2c]
RSSI: -81 [da:37:6e:1e:16:2a]
RSSI: -87 [da:3d:11:1d:09:5c]
RSSI: -81 [da:37:6e:1e:16:2a]
RSSI: -80 [da:3d:11:1d:09:5c]
RSSI: -79 [da:37:6e:2b:16:4a]
RSSI: -88 [da:3d:11:2d:09:8c]
RSSI: -79 [da:37:6e:2b:16:4a]
RSSI: -81 [da:37:6e:39:00:2a]
RSSI: -78 [da:37:6e:46:00:4a]
RSSI: -82 [da:3d:11:4a:09:ec]
RSSI: -77 [da:37:6e:53:00:7a]
RSSI: -77 [da:37:6e:53:00:7a]
RSSI: -76 [da:37:6e:60:00:9a]
RSSI: -77 [da:37:6e:6e:00:ba]
RSSI: -83 [da:3d:11:66:0a:4c]
RSSI: -78 [da:37:6e:6e:00:ba]
RSSI: -77 [da:37:6e:7b:00:ea]
RSSI: -84 [da:3d:11:76:0a:7c]
RSSI: -77 [da:37:6e:7b:00:ea]
RSSI: -80 [da:3d:11:76:0a:7c]
RSSI: -78 [da:37:6e:7b:00:ea]
RSSI: -81 [da:3d:11:86:0a:ac]
RSSI: -82 [da:37:6e:88:01:0a]
RSSI: -83 [da:3d:11:86:0a:ac]
RSSI: -78 [da:37:6e:88:01:0a]
RSSI: -79 [da:37:6e:96:01:3a]
RSSI: -82 [da:37:6e:96:01:3a]
RSSI: -82 [da:3d:11:93:0a:dc]
RSSI: -77 [da:37:6e:a2:01:5a]
RSSI: -78 [da:37:6e:a2:01:5a]
RSSI: -85 [da:3d:11:a3:0b:0c]
RSSI: -82 [da:3d:11:a3:0b:0c]
RSSI: -75 [da:37:6e:b0:01:7a]
RSSI: -76 [da:37:6e:bd:01:aa]
RSSI: -77 [da:37:6e:bd:01:aa]
RSSI: -72 [da:37:6e:ca:01:ca]
RSSI: -72 [da:37:6e:ca:01:ca]
RSSI: -86 [da:3d:11:e0:0b:cc]
RSSI: -87 [da:3d:11:ed:0b:fc]
RSSI: -67 [da:37:6e:ff:02:5a]
RSSI: -69 [da:37:6e:ff:02:5a]
RSSI: -70 [da:37:6f:0d:02:8a]
RSSI: -83 [da:3d:12:0d:0c:5c]
RSSI: -70 [da:37:6f:0d:02:8a]
RSSI: -68 [da:37:6f:1a:02:aa]
RSSI: -68 [da:37:6f:1a:02:aa]
RSSI: -66 [da:37:6f:27:02:da]
RSSI: -88 [da:3d:12:2a:0c:bc]
RSSI: -67 [da:37:6f:27:02:da]
RSSI: -70 [da:37:6f:35:02:fa]
RSSI: -66 [da:37:6f:35:02:fa]
RSSI: -88 [da:3d:12:3a:0c:ec]
RSSI: -68 [da:37:6f:41:03:1a]
RSSI: -88 [da:3d:12:3a:0c:ec]
RSSI: -71 [da:37:6f:41:03:1a]
RSSI: -67 [da:37:6f:4f:03:4a]
RSSI: -90 [da:3d:12:46:0d:1c]
RSSI: -69 [da:37:6f:4f:03:4a]
RSSI: -86 [da:3d:12:57:0d:4c]
RSSI: -68 [da:37:6f:5d:03:6a]
RSSI: -67 [da:37:6f:5d:03:6a]
RSSI: -70 [da:37:6f:69:03:8a]
RSSI: -71 [da:37:6f:69:03:8a]
RSSI: -71 [da:37:6f:69:03:8a]
RSSI: -69 [da:37:6f:77:03:ba]
RSSI: -86 [da:3d:12:73:0d:ac]
RSSI: -70 [da:37:6f:77:03:ba]
RSSI: -85 [da:3d:12:83:0d:dc]
RSSI: -69 [da:37:6f:84:03:da]
RSSI: -86 [da:3d:12:83:0d:dc]
RSSI: -72 [da:37:6f:91:04:0a]
RSSI: -80 [da:3d:12:94:0e:0c]
RSSI: -84 [da:3d:12:94:0e:0c]
RSSI: -73 [da:37:6f:9f:04:2a]
RSSI: -82 [da:3d:12:a0:0e:2c]
RSSI: -73 [da:37:6f:ac:04:4a]
RSSI: -73 [da:37:6f:ac:04:4a]
RSSI: -74 [da:37:6f:ac:04:4a]
RSSI: -74 [da:37:6f:b9:04:7a]
RSSI: -84 [da:3d:12:b0:0e:6c]
RSSI: -74 [da:37:6f:b9:04:7a]
RSSI: -74 [da:37:6f:b9:04:7a]
RSSI: -84 [da:3d:12:c0:0e:9c]
RSSI: -75 [da:37:6f:c7:04:9a]
RSSI: -85 [da:3d:12:c0:0e:9c]
RSSI: -76 [da:37:6f:c7:04:9a]
RSSI: -79 [da:37:6f:d4:04:ca]
RSSI: -79 [da:37:6f:d4:04:ca]
RSSI: -81 [da:3d:12:cd:0e:bc]
RSSI: -81 [da:37:6f:e1:04:ea]
RSSI: -82 [da:37:6f:e1:04:ea]
RSSI: -82 [da:3d:12:e6:0f:0c]
RSSI: -80 [da:37:6f:ef:05:1a]
RSSI: -80 [da:37:6f:ef:05:1a]
RSSI: -81 [da:37:6f:fc:05:3a]
RSSI: -83 [da:3d:12:f6:0f:3c]
RSSI: -80 [da:37:6f:fc:05:3a]
RSSI: -80 [da:37:6f:fc:05:3a]
RSSI: -79 [da:3d:13:03:0f:6c]
RSSI: -80 [da:37:70:09:05:5a]
RSSI: -80 [da:3d:13:03:0f:6c]
RSSI: -77 [da:37:70:16:05:8a]
RSSI: -77 [da:3d:13:13:0f:9c]
RSSI: -78 [da:37:70:16:05:8a]
RSSI: -81 [da:37:70:24:05:aa]
RSSI: -80 [da:37:70:24:05:aa]
RSSI: -79 [da:3d:13:23:0f:cc]
RSSI: -82 [da:3d:13:2f:0f:fc]
RSSI: -82 [da:3d:13:2f:0f:fc]
RSSI: -88 [da:3a:79:41:0e:ce]
RSSI: -83 [da:3d:13:40:10:2c]
RSSI: -78 [da:3d:13:4c:10:4c]
RSSI: -86 [da:3a:79:4e:0e:ee]
RSSI: -79 [da:3d:13:59:10:7c]
RSSI: -77 [da:3d:13:59:10:7c]
RSSI: -74 [da:3d:13:66:10:9c]
RSSI: -77 [da:3d:13:66:10:9c]
RSSI: -75 [da:3d:13:72:10:cc]
RSSI: -72 [da:3d:13:72:10:cc]
RSSI: -89 [da:3a:79:78:0f:6e]
RSSI: -76 [da:3d:13:7f:10:ec]
RSSI: -75 [da:3d:13:7f:10:ec]
RSSI: -87 [da:3a:79:88:0f:9e]
RSSI: -85 [da:37:70:8e:06:ea]
RSSI: -79 [da:3d:13:8c:11:1c]
RSSI: -76 [da:3d:13:98:11:4c]
RSSI: -86 [da:37:70:9c:07:0a]
RSSI: -77 [da:3d:13:98:11:4c]
RSSI: -81 [da:37:70:9c:07:0a]
RSSI: -84 [da:37:70:a8:07:2a]
RSSI: -90 [da:3d:13:a5:11:6c]
RSSI: -83 [da:37:70:a8:07:2a]
RSSI: -84 [da:3d:13:a5:11:6c]
RSSI: -82 [da:3d:13:b2:11:9c]
RSSI: -82 [da:37:70:b6:07:5a]
RSSI: -79 [da:3d:13:be:11:bc]
RSSI: -83 [da:37:70:c4:07:7a]
RSSI: -84 [da:37:70:c4:07:7a]
RSSI: -74 [da:3d:13:cb:11:ec]
RSSI: -82 [da:37:70:d0:07:9a]
RSSI: -71 [da:3d:13:cb:11:ec]
RSSI: -84 [da:37:70:d0:07:9a]
RSSI: -71 [da:3d:13:d8:12:0c]
RSSI: -71 [da:3d:13:d8:12:0c]
RSSI: -70 [da:3d:13:d8:12:0c]
RSSI: -81 [da:37:70:de:07:ca]
RSSI: -67 [da:3d:13:e4:12:3c]
RSSI: -81 [da:37:70:ec:07:ea]
RSSI: -65 [da:3d:13:f1:12:5c]
RSSI: -82 [da:37:70:f8:08:1a]
RSSI: -64 [da:3d:13:fe:12:8c]
RSSI: -78 [da:37:71:06:08:3a]
RSSI: -79 [da:37:71:06:08:3a]
RSSI: -63 [da:3d:14:0a:12:ac]
RSSI: -79 [da:37:71:14:08:6a]
RSSI: -78 [da:37:71:14:08:6a]
RSSI: -64 [da:3d:14:17:12:dc]
RSSI: -63 [da:3d:14:17:12:dc]
RSSI: -82 [da:37:71:20:08:8a]
RSSI: -62 [da:3d:14:24:12:fc]
RSSI: -78 [da:37:71:2e:08:aa]
RSSI: -80 [da:37:71:2e:08:aa]
RSSI: -61 [da:3d:14:31:13:2c]
RSSI: -80 [da:37:71:2e:08:aa]
RSSI: -82 [da:37:71:3c:08:da]
RSSI: -63 [da:3d:14:3d:13:4c]
RSSI: -79 [da:37:71:3c:08:da]
RSSI: -61 [da:3d:14:3d:13:4c]
RSSI: -80 [da:37:71:48:08:fa]
RSSI: -79 [da:37:71:56:09:1a]
RSSI: -61 [da:3d:14:57:13:9c]
RSSI: -78 [da:37:71:56:09:1a]
RSSI: -62 [da:3d:14:63:13:cc]
RSSI: -77 [da:37:71:64:09:4a]
RSSI: -62 [da:3d:14:63:13:cc]
RSSI: -79 [da:37:71:71:09:6a]
RSSI: -62 [da:3d:14:70:13:ec]
RSSI: -63 [da:3d:14:7d:14:1c]
RSSI: -65 [da:3d:14:96:14:6c]
RSSI: -80 [da:37:71:99:09:da]
RSSI: -66 [da:3d:14:a3:14:8c]
RSSI: -80 [da:37:71:a6:0a:0a]
RSSI: -79 [da:37:71:b4:0a:2a]
RSSI: -70 [da:3d:14:b0:14:bc]
RSSI: -79 [da:37:71:b4:0a:2a]
RSSI: -74 [da:3d:14:bc:14:dc]
RSSI: -79 [da:37:71:c1:0a:4a]
RSSI: -75 [da:3d:14:c9:15:0c]
RSSI: -79 [da:37:71:ce:0a:7a]
RSSI: -80 [da:37:71:ce:0a:7a]
RSSI: -78 [da:37:71:dc:0a:9a]
RSSI: -79 [da:37:71:dc:0a:9a]
RSSI: -79 [da:37:71:dc:0a:9a]
RSSI: -79 [da:3d:14:e3:15:5c]
RSSI: -79 [da:37:71:e9:0a:ca]
RSSI: -80 [da:3d:14:ef:15:7c]
RSSI: -79 [da:3d:14:ef:15:7c]
RSSI: -83 [da:37:71:f7:0a:ea]
RSSI: -83 [da:37:71:f7:0a:ea]
RSSI: -76 [da:3d:14:fc:15:ac]
RSSI: -81 [da:37:72:04:0b:0a]
RSSI: -83 [da:37:72:04:0b:0a]
RSSI: -74 [da:3d:15:09:15:cc]
RSSI: -84 [da:37:72:11:0b:3a]
RSSI: -76 [da:3d:15:15:15:fc]
RSSI: -75 [da:3d:15:15:15:fc]
RSSI: -75 [da:3d:15:15:15:fc]
RSSI: -83 [da:37:72:1f:0b:5a]
RSSI: -78 [da:3d:15:22:16:1c]
RSSI: -83 [da:3d:15:2f:16:4c]
RSSI: -86 [da:37:72:39:0b:aa]
RSSI: -82 [da:3d:15:3c:16:6c]
RSSI: -84 [da:3d:15:3c:16:6c]
RSSI: -83 [da:37:72:47:0b:da]
RSSI: -84 [da:37:72:47:0b:da]
RSSI: -86 [da:3d:15:55:00:2c]
RSSI: -84 [da:37:72:61:0c:1a]
RSSI: -84 [da:37:72:61:0c:1a]
RSSI: -87 [da:37:72:61:0c:1a]
RSSI: -86 [da:3d:15:62:00:4c]
RSSI: -87 [da:37:72:61:0c:1a]
RSSI: -91 [da:37:72:6f:0c:4a]
RSSI: -82 [da:37:72:6f:0c:4a]
RSSI: -83 [da:3d:15:6f:00:7c]
RSSI: -82 [da:37:72:6f:0c:4a]
RSSI: -85 [da:37:72:7d:0c:6a]
RSSI: -84 [da:3d:15:7c:00:9c]
RSSI: -83 [da:3d:15:7c:00:9c]
RSSI: -83 [da:37:72:89:0c:9a]
RSSI: -81 [da:3d:15:88:00:cc]
RSSI: -85 [da:37:72:89:0c:9a]
RSSI: -81 [da:3d:15:88:00:cc]
RSSI: -83 [da:3d:15:95:00:ec]
RSSI: -85 [da:37:72:97:0c:ba]
RSSI: -84 [da:3d:15:a2:01:1c]
RSSI: -85 [da:3d:15:a2:01:1c]
RSSI: -87 [da:3d:15:ae:01:3c]
RSSI: -88 [da:37:72:b1:0d:0a]
RSSI: -85 [da:3d:15:ae:01:3c]
RSSI: -82 [da:3d:15:c8:01:9c]
RSSI: -81 [da:3d:15:c8:01:9c]
RSSI: -80 [da:3d:15:c8:01:9c]
RSSI: -85 [da:3d:15:d5:01:bc]
RSSI: -90 [da:37:72:da:0d:7a]
RSSI: -82 [da:3d:15:d5:01:bc]
RSSI: -87 [da:3d:15:e2:01:ec]
RSSI: -85 [da:3d:15:ee:02:0c]
RSSI: -84 [da:3d:15:ee:02:0c]
RSSI: -89 [da:37:73:02:0d:fa]
RSSI: -83 [da:3d:16:15:02:8c]
RSSI: -79 [da:3d:16:15:02:8c]
RSSI: -85 [da:3d:16:21:02:ac]
RSSI: -82 [da:3d:16:21:02:ac]
RSSI: -83 [da:3d:16:2e:02:dc]
RSSI: -91 [da:3d:16:3b:02:fc]
RSSI: -88 [da:3d:16:48:03:2c]
RSSI: -86 [da:3d:16:61:03:7c]
RSSI: -94 [da:37:73:7b:0f:5a]
RSSI: -89 [da:3d:16:88:03:ec]
RSSI: -86 [da:3d:16:88:03:ec]
RSSI: -86 [da:37:73:96:0f:aa]
RSSI: -85 [da:3d:16:94:04:1c]
RSSI: -85 [da:3d:16:a1:04:3c]
RSSI: -84 [da:3d:16:ae:04:6c]
RSSI: -86 [da:3d:16:ae:04:6c]
RSSI: -87 [da:3d:16:bb:04:8c]
RSSI: -89 [da:3d:16:c8:04:bc]
RSSI: -90 [da:37:73:cb:10:3a]
RSSI: -82 [da:3d:16:d4:04:dc]
RSSI: -76 [da:3d:16:d4:04:dc]
RSSI: -84 [da:3d:16:e1:05:0c]
RSSI: -79 [da:3d:16:e1:05:0c]
RSSI: -83 [da:3d:16:ee:05:2c]
RSSI: -78 [da:3d:16:fb:05:5c]
RSSI: -78 [da:3d:16:fb:05:5c]
RSSI: -80 [da:3d:17:07:05:7c]
RSSI: -83 [da:3d:17:21:05:dc]
RSSI: -84 [da:3d:17:21:05:dc]
RSSI: -87 [da:3d:17:2e:05:fc]
RSSI: -92 [da:37:74:37:11:7a]
RSSI: -88 [da:37:74:44:11:9a]
RSSI: -89 [da:3d:17:48:06:4c]
RSSI: -88 [da:37:74:44:11:9a]
RSSI: -81 [da:3d:17:48:06:4c]
RSSI: -90 [da:3d:17:54:06:7c]
RSSI: -86 [da:37:74:52:11:ba]
RSSI: -88 [da:37:74:7a:12:2a]
RSSI: -83 [da:3d:17:7b:06:ec]
RSSI: -85 [da:37:74:7a:12:2a]
RSSI: -86 [da:37:74:88:12:5a]
RSSI: -82 [da:37:74:95:12:7a]
RSSI: -82 [da:3d:17:95:07:4c]
RSSI: -87 [da:3d:17:95:07:4c]
RSSI: -85 [da:37:74:a3:12:aa]
RSSI: -84 [da:37:74:a3:12:aa]
RSSI: -82 [da:3d:17:bb:07:bc]
RSSI: -85 [da:37:74:bd:12:ea]
RSSI: -85 [da:3d:17:bb:07:bc]
RSSI: -85 [da:3d:17:c8:07:ec]
RSSI: -87 [da:37:74:cb:13:1a]
RSSI: -82 [da:3d:17:c8:07:ec]
RSSI: -84 [da:3d:17:d5:08:0c]
RSSI: -83 [da:3d:17:e2:08:3c]
RSSI: -84 [da:37:74:e6:13:6a]
RSSI: -86 [da:3d:17:ee:08:5c]
RSSI: -84 [da:37:74:f4:13:8a]
RSSI: -86 [da:3d:17:ee:08:5c]
RSSI: -85 [da:37:74:f4:13:8a]
RSSI: -84 [da:37:74:f4:13:8a]
RSSI: -83 [da:37:75:01:13:ba]
RSSI: -81 [da:37:75:01:13:ba]
RSSI: -82 [da:37:75:0e:13:da]
RSSI: -88 [da:3d:18:08:08:ac]
RSSI: -81 [da:37:75:0e:13:da]
RSSI: -81 [da:37:75:1c:13:fa]
RSSI: -83 [da:37:75:1c:13:fa]
RSSI: -81 [da:37:75:2a:14:2a]
RSSI: -81 [da:37:75:2a:14:2a]
RSSI: -86 [da:3d:18:2f:09:2c]
RSSI: -86 [da:3d:18:2f:09:2c]
RSSI: -81 [da:37:75:36:14:4a]
RSSI: -85 [da:37:75:44:14:7a]
RSSI: -81 [da:37:75:52:14:9a]
RSSI: -91 [da:35:91:49:00:9b]
RSSI: -89 [da:3d:18:55:09:ac]
RSSI: -81 [da:37:75:5f:14:ca]
RSSI: -81 [da:37:75:5f:14:ca]
RSSI: -80 [da:37:75:6d:14:ea]
RSSI: -82 [da:37:75:7b:15:0a]
RSSI: -81 [da:37:75:87:15:3a]
RSSI: -81 [da:37:75:87:15:3a]
RSSI: -83 [da:37:75:95:15:5a]
RSSI: -82 [da:37:75:95:15:5a]
RSSI: -86 [da:37:75:a3:15:8a]
RSSI: -84 [da:37:75:b0:15:aa]
RSSI: -87 [da:3d:18:af:0a:cc]
RSSI: -86 [da:3d:18:af:0a:cc]
RSSI: -87 [da:37:75:be:15:ca]
RSSI: -92 [da:3d:18:d6:0b:3c]
RSSI: -86 [da:37:75:e6:00:2a]
RSSI: -88 [da:3d:18:e3:0b:6c]
RSSI: -86 [da:37:75:f4:00:5a]
RSSI: -87 [da:3d:18:fc:0b:bc]
RSSI: -88 [da:37:76:01:00:7a]
RSSI: -87 [da:37:76:0f:00:9a]
RSSI: -91 [da:37:76:0f:00:9a]
RSSI: -91 [da:3d:19:30:0c:5c]
RSSI: -90 [da:3d:19:3d:0c:8c]
RSSI: -86 [da:37:76:52:01:5a]
RSSI: -87 [da:3d:19:57:0c:dc]
RSSI: -88 [da:3d:19:57:0c:dc]
RSSI: -85 [da:3d:19:63:0d:0c]
RSSI: -94 [da:37:76:7a:01:da]
RSSI: -85 [da:37:76:7a:01:da]
RSSI: -85 [da:37:76:89:01:fa]
RSSI: -84 [da:37:76:96:02:2a]
RSSI: -85 [da:37:76:96:02:2a]
RSSI: -90 [da:3d:19:97:0d:ac]
RSSI: -87 [da:3d:19:a4:0d:dc]
RSSI: -80 [da:37:76:a3:02:4a]
RSSI: -79 [da:37:76:bf:02:9a]
RSSI: -79 [da:37:76:bf:02:9a]
RSSI: -79 [da:37:76:cc:02:ba]
RSSI: -79 [da:37:76:cc:02:ba]
RSSI: -80 [da:37:76:da:02:ea]
RSSI: -78 [da:37:76:da:02:ea]
RSSI: -78 [da:37:76:e8:03:0a]
RSSI: -75 [da:37:76:f4:03:3a]
RSSI: -74 [da:37:76:f4:03:3a]
RSSI: -75 [da:37:76:f4:03:3a]
RSSI: -75 [da:37:76:f4:03:3a]
RSSI: -74 [da:37:77:02:03:5a]
RSSI: -74 [da:37:77:02:03:5a]
RSSI: -74 [da:37:77:10:03:8a]
RSSI: -76 [da:37:77:1d:03:aa]
RSSI: -75 [da:37:77:2b:03:ca]
RSSI: -80 [da:37:77:39:03:fa]
RSSI: -77 [da:37:77:46:04:1a]
RSSI: -87 [da:3d:1a:4c:0f:ec]
RSSI: -78 [da:37:77:54:04:4a]
RSSI: -80 [da:37:77:54:04:4a]
RSSI: -87 [da:3d:1a:58:10:1c]
RSSI: -81 [da:37:77:62:04:6a]
RSSI: -83 [da:37:77:6e:04:8a]
RSSI: -85 [da:37:77:6e:04:8a]
RSSI: -86 [da:37:77:7c:04:ba]
RSSI: -86 [da:37:77:7c:04:ba]
RSSI: -89 [da:3d:1a:8c:10:bc]
RSSI: -83 [da:37:77:97:05:0a]
RSSI: -83 [da:3d:1a:99:10:ec]
RSSI: -83 [da:3d:1a:a6:11:0c]
RSSI: -87 [da:37:77:b3:05:4a]
RSSI: -86 [da:3d:1a:b3:11:3c]
RSSI: -81 [da:3d:1a:c0:11:5c]
RSSI: -85 [da:3d:1a:cd:11:8c]
RSSI: -88 [da:3d:1a:cd:11:8c]
RSSI: -83 [da:3a:80:f7:0e:3e]
RSSI: -78 [da:3d:1a:f4:11:fc]
RSSI: -85 [da:3a:80:f7:0e:3e]
RSSI: -79 [da:3d:1a:f4:11:fc]
RSSI: -92 [da:37:77:f6:06:1a]
RSSI: -75 [da:3d:1b:01:12:2c]
RSSI: -75 [da:3d:1b:01:12:2c]
RSSI: -74 [da:3d:1b:0e:12:4c]
RSSI: -82 [da:3a:81:13:0e:8e]
RSSI: -73 [da:3d:1b:0e:12:4c]
RSSI: -83 [da:3a:81:13:0e:8e]
RSSI: -72 [da:3d:1b:1a:12:7c]
RSSI: -85 [da:3a:81:22:0e:be]
RSSI: -72 [da:3d:1b:1a:12:7c]
RSSI: -81 [da:3a:81:22:0e:be]
RSSI: -72 [da:3d:1b:28:12:9c]
RSSI: -71 [da:3d:1b:28:12:9c]
RSSI: -83 [da:3a:81:2f:0e:de]
RSSI: -85 [da:3a:81:2f:0e:de]
RSSI: -71 [da:3d:1b:35:12:cc]
RSSI: -83 [da:3a:81:3e:0f:0e]
RSSI: -70 [da:3d:1b:41:12:ec]
RSSI: -70 [da:3d:1b:41:12:ec]
RSSI: -83 [da:3a:81:4d:0f:3e]
RSSI: -70 [da:3d:1b:4e:13:1c]
RSSI: -83 [da:3a:81:4d:0f:3e]
RSSI: -68 [da:3d:1b:4e:13:1c]
RSSI: -84 [da:3a:81:5a:0f:5e]
RSSI: -70 [da:3d:1b:5c:13:3c]
RSSI: -70 [da:3d:1b:68:13:6c]
RSSI: -84 [da:3a:81:79:0f:be]
RSSI: -70 [da:3d:1b:75:13:9c]
RSSI: -68 [da:3d:1b:75:13:9c]
RSSI: -84 [da:3a:81:79:0f:be]
RSSI: -69 [da:3d:1b:75:13:9c]
RSSI: -84 [da:3a:81:85:0f:de]
RSSI: -70 [da:3d:1b:8f:13:ec]
RSSI: -85 [da:3a:81:95:10:0e]
RSSI: -87 [da:37:78:99:07:ea]
RSSI: -85 [da:3a:81:95:10:0e]
RSSI: -70 [da:3d:1b:9c:14:0c]
RSSI: -85 [da:3a:81:a4:10:2e]
RSSI: -85 [da:3a:81:a4:10:2e]
RSSI: -72 [da:3d:1b:a9:14:3c]
RSSI: -88 [da:37:78:a7:08:0a]
RSSI: -90 [da:37:78:a7:08:0a]
RSSI: -87 [da:3a:81:b1:10:5e]
RSSI: -74 [da:3d:1b:b6:14:5c]
RSSI: -74 [da:3d:1b:c3:14:8c]
RSSI: -90 [da:3a:81:c0:10:7e]
RSSI: -89 [da:37:78:ca:08:6a]
RSSI: -89 [da:3a:81:cf:10:ae]
RSSI: -79 [da:3d:1b:d0:14:bc]
RSSI: -88 [da:37:78:d8:08:9a]
RSSI: -85 [da:3d:1b:dd:14:dc]
RSSI: -87 [da:37:78:e4:08:ba]
RSSI: -86 [da:3d:1b:ea:15:0c]
RSSI: -84 [da:37:78:f3:08:ea]
RSSI: -84 [da:37:78:f3:08:ea]
RSSI: -84 [da:37:78:f3:08:ea]
RSSI: -82 [da:3d:1b:f7:15:2c]
RSSI: -84 [da:37:79:01:09:0a]
RSSI: -82 [da:3d:1c:04:15:5c]
RSSI: -83 [da:37:79:0d:09:3a]
RSSI: -90 [da:3a:82:17:11:7e]
RSSI: -89 [da:37:79:1b:09:5a]
RSSI: -80 [da:3d:1c:1e:15:ac]
RSSI: -85 [da:37:79:1b:09:5a]
RSSI: -78 [da:3d:1c:1e:15:ac]
RSSI: -80 [da:3d:1c:2b:15:cc]
RSSI: -85 [da:37:79:29:09:8a]
RSSI: -81 [da:3d:1c:2b:15:cc]
RSSI: -79 [da:3d:1c:38:15:fc]
RSSI: -87 [da:37:79:36:09:aa]
RSSI: -80 [da:3d:1c:38:15:fc]
RSSI: -84 [da:3d:1c:45:16:1c]
RSSI: -89 [da:3d:1c:5f:16:6c]
RSSI: -87 [da:37:79:5f:0a:1a]
RSSI: -90 [da:3d:1c:5f:16:6c]
RSSI: -85 [da:37:79:6d:0a:4a]
RSSI: -88 [da:37:79:6d:0a:4a]
RSSI: -87 [da:37:79:7b:0a:7a]
RSSI: -85 [da:3d:1c:86:00:7c]
RSSI: -84 [da:3d:1c:93:00:ac]
RSSI: -85 [da:3d:1c:93:00:ac]
RSSI: -84 [da:3d:1c:93:00:ac]
RSSI: -85 [da:3d:1c:93:00:ac]
RSSI: -87 [da:3d:1c:a0:00:cc]
RSSI: -86 [da:3d:1c:ad:00:fc]
RSSI: -87 [da:3d:1c:ba:01:2c]
RSSI: -86 [da:3d:1c:ba:01:2c]
RSSI: -87 [da:3d:1c:c7:01:4c]
RSSI: -84 [da:3d:1c:d4:01:7c]
RSSI: -87 [da:3d:1c:d4:01:7c]
RSSI: -85 [da:3d:1c:e1:01:9c]
RSSI: -86 [da:3d:1c:ee:01:cc]
RSSI: -87 [da:3d:1c:fb:01:ec]
RSSI: -87 [da:3d:1d:08:02:1c]
RSSI: -93 [da:37:7a:1f:0c:4a]
RSSI: -83 [da:3d:1d:22:02:6c]
RSSI: -90 [da:3d:1d:2f:02:9c]
RSSI: -85 [da:3d:1d:2f:02:9c]
RSSI: -94 [da:37:7a:2c:0c:7a]
RSSI: -85 [da:3d:1d:2f:02:9c]
RSSI: -95 [da:37:7a:55:0c:ea]
RSSI: -87 [da:3d:1d:7e:03:8c]
RSSI: -92 [da:37:7a:8c:0d:8a]
RSSI: -90 [da:3d:1d:8a:03:ac]
RSSI: -89 [da:37:7a:9a:0d:ba]
RSSI: -92 [da:37:7a:b5:0e:0a]
RSSI: -95 [da:37:7a:c3:0e:2a]
RSSI: -89 [da:37:7a:d0:0e:4a]
RSSI: -86 [da:3d:1d:e6:04:cc]
RSSI: -86 [da:3d:1d:f3:04:fc]
RSSI: -83 [da:3d:1d:f3:04:fc]
RSSI: -83 [da:3d:1e:0d:05:4c]
RSSI: -84 [da:3d:1e:1a:05:6c]
RSSI: -86 [da:3d:1e:1a:05:6c]
RSSI: -91 [da:37:7b:22:0f:3a]
RSSI: -90 [da:3d:1e:41:05:ec]
RSSI: -87 [da:37:7b:59:0f:da]
RSSI: -89 [da:3d:1e:69:06:6c]
RSSI: -90 [da:3d:1e:75:06:8c]
RSSI: -90 [da:3d:1e:75:06:8c]
RSSI: -88 [da:37:7b:82:10:4a]
RSSI: -88 [da:37:7b:90:10:7a]
RSSI: -89 [da:3d:1e:aa:07:3c]
RSSI: -87 [da:3d:1e:b7:07:5c]
RSSI: -86 [da:3d:1e:d1:07:ac]
RSSI: -85 [da:3d:1e:de:07:dc]
RSSI: -85 [da:3d:1e:eb:08:0c]
RSSI: -85 [da:3d:1e:eb:08:0c]
RSSI: -85 [da:3d:1e:f8:08:2c]
RSSI: -85 [da:3d:1e:f8:08:2c]
RSSI: -84 [da:3d:1f:05:08:5c]
RSSI: -86 [da:3d:1f:05:08:5c]
RSSI: -85 [da:3d:1f:12:08:7c]
RSSI: -84 [da:3d:1f:12:08:7c]
RSSI: -83 [da:37:7c:18:11:fa]
RSSI: -86 [da:3d:1f:20:08:ac]
RSSI: -83 [da:37:7c:27:12:2a]
RSSI: -86 [da:3d:1f:2d:08:dc]
RSSI: -86 [da:3d:1f:39:08:fc]
RSSI: -85 [da:37:7c:41:12:7a]
RSSI: -86 [da:37:7c:50:12:9a]
RSSI: -86 [da:37:7c:50:12:9a]
RSSI: -84 [da:37:7c:79:13:1a]
RSSI: -85 [da:37:7c:79:13:1a]
RSSI: -91 [da:37:7c:87:13:3a]
RSSI: -89 [da:3d:1f:95:0a:2c]
RSSI: -84 [da:3d:1f:a3:0a:4c]
RSSI: -81 [da:3d:1f:bd:0a:ac]
RSSI: -83 [da:3d:1f:ca:0a:cc]
RSSI: -82 [da:3d:1f:ca:0a:cc]
RSSI: -81 [da:37:7c:da:14:2a]
RSSI: -85 [da:3d:1f:dc:0b:0c]
RSSI: -85 [da:3d:1f:dc:0b:0c]
RSSI: -86 [da:37:7c:e6:14:4a]
RSSI: -84 [da:3d:1f:ec:0b:3c]
RSSI: -85 [da:37:7c:f5:14:7a]
RSSI: -86 [da:3d:1f:fa:0b:6c]
RSSI: -79 [da:37:7d:03:14:aa]
RSSI: -86 [da:3d:20:06:0b:8c]
RSSI: -84 [da:3d:20:06:0b:8c]
RSSI: -85 [da:37:7d:0f:14:ca]
RSSI: -79 [da:37:7d:0f:14:ca]
RSSI: -80 [da:37:7d:0f:14:ca]
RSSI: -85 [da:37:7d:1e:14:ea]
RSSI: -83 [da:3d:20:21:0b:ec]
RSSI: -80 [da:37:7d:39:15:3a]
RSSI: -82 [da:37:7d:39:15:3a]
RSSI: -85 [da:37:7d:47:15:6a]
RSSI: -85 [da:3d:20:48:0c:6c]
RSSI: -84 [da:37:7d:55:15:8a]
RSSI: -81 [da:37:7d:55:15:8a]
RSSI: -81 [da:37:7d:62:15:ba]
RSSI: -88 [da:3d:20:62:0c:bc]
RSSI: -81 [da:37:7d:62:15:ba]
RSSI: -78 [da:37:7d:70:15:da]
RSSI: -86 [da:3d:20:70:0c:dc]
RSSI: -79 [da:37:7d:7f:16:0a]
RSSI: -86 [da:3d:20:7c:0d:0c]
RSSI: -79 [da:37:7d:7f:16:0a]
RSSI: -79 [da:37:7d:8b:16:2a]
RSSI: -79 [da:37:7d:8b:16:2a]
RSSI: -89 [da:3d:20:8a:0d:2c]
RSSI: -76 [da:37:7d:9a:00:2a]
RSSI: -89 [da:3d:20:97:0d:5c]
RSSI: -80 [da:37:7d:9a:00:2a]
RSSI: -80 [da:37:7d:a8:00:5a]
RSSI: -80 [da:37:7d:a8:00:5a]
RSSI: -82 [da:37:7d:b5:00:7a]
RSSI: -80 [da:37:7d:b5:00:7a]
RSSI: -84 [da:3d:20:b1:0d:ac]
RSSI: -87 [da:3d:20:bf:0d:dc]
RSSI: -84 [da:3d:20:cb:0d:fc]
RSSI: -79 [da:37:7d:d1:00:ca]
RSSI: -80 [da:37:7d:d1:00:ca]
RSSI: -80 [da:37:7d:d1:00:ca]
RSSI: -89 [da:3d:20:d9:0e:2c]
RSSI: -79 [da:37:7d:de:00:ea]
RSSI: -78 [da:37:7d:ec:01:1a]
RSSI: -78 [da:37:7d:ec:01:1a]
RSSI: -74 [da:37:7d:fb:01:3a]
RSSI: -74 [da:37:7d:fb:01:3a]
RSSI: -76 [da:37:7d:fb:01:3a]
RSSI: -75 [da:37:7e:07:01:6a]
RSSI: -73 [da:37:7e:16:01:8a]
RSSI: -89 [da:3d:21:1a:0e:fc]
RSSI: -72 [da:37:7e:24:01:ba]
RSSI: -71 [da:37:7e:24:01:ba]
RSSI: -68 [da:37:7e:31:01:da]
RSSI: -88 [da:3d:21:35:0f:4c]
RSSI: -70 [da:37:7e:3f:02:0a]
RSSI: -69 [da:37:7e:4d:02:2a]
RSSI: -69 [da:37:7e:4d:02:2a]
RSSI: -67 [da:37:7e:5a:02:4a]
RSSI: -69 [da:37:7e:5a:02:4a]
RSSI: -69 [da:37:7e:68:02:7a]
RSSI: -66 [da:37:7e:68:02:7a]
RSSI: -69 [da:37:7e:77:02:aa]
RSSI: -69 [da:37:7e:77:02:aa]
RSSI: -70 [da:37:7e:83:02:ca]
RSSI: -69 [da:37:7e:92:02:ea]
RSSI: -84 [da:3d:21:91:10:7c]
RSSI: -83 [da:3d:21:9e:10:9c]
RSSI: -72 [da:37:7e:a0:03:1a]
RSSI: -81 [da:3d:21:9e:10:9c]
RSSI: -77 [da:3d:21:b8:10:ec]
RSSI: -71 [da:37:7e:bb:03:6a]
RSSI: -83 [da:3d:21:b8:10:ec]
RSSI: -72 [da:37:7e:bb:03:6a]
RSSI: -73 [da:37:7e:d6:03:aa]
RSSI: -87 [da:3d:21:d3:11:4c]
RSSI: -75 [da:37:7e:d6:03:aa]
RSSI: -89 [da:3d:21:d3:11:4c]
RSSI: -77 [da:37:7e:e5:03:da]
RSSI: -87 [da:3d:21:ee:11:9c]
RSSI: -77 [da:37:7e:f3:04:0a]
RSSI: -79 [da:3d:21:fb:11:cc]
RSSI: -79 [da:37:7f:00:04:2a]
RSSI: -76 [da:3d:21:fb:11:cc]
RSSI: -80 [da:37:7f:00:04:2a]
RSSI: -79 [da:37:7f:0e:04:4a]
RSSI: -74 [da:3d:22:08:11:ec]
RSSI: -82 [da:37:7f:0e:04:4a]
RSSI: -74 [da:3d:22:15:12:1c]
RSSI: -82 [da:37:7f:1d:04:7a]
RSSI: -70 [da:3d:22:23:12:4c]
RSSI: -70 [da:3d:22:23:12:4c]
RSSI: -69 [da:3d:22:23:12:4c]
RSSI: -87 [da:37:7f:29:04:9a]
RSSI: -86 [da:37:7f:29:04:9a]
RSSI: -69 [da:3d:22:2f:12:6c]
RSSI: -82 [da:37:7f:38:04:ca]
RSSI: -67 [da:3d:22:3d:12:9c]
RSSI: -79 [da:37:7f:46:04:fa]
RSSI: -66 [da:3d:22:4a:12:bc]
RSSI: -82 [da:37:7f:53:05:1a]
RSSI: -81 [da:37:7f:53:05:1a]
RSSI: -66 [da:3d:22:57:12:ec]
RSSI: -64 [da:3d:22:57:12:ec]
RSSI: -82 [da:37:7f:61:05:4a]
RSSI: -64 [da:3d:22:64:13:1c]
RSSI: -85 [da:37:7f:70:05:6a]
RSSI: -66 [da:3d:22:64:13:1c]
RSSI: -64 [da:3d:22:72:13:3c]
RSSI: -65 [da:3d:22:7e:13:6c]
RSSI: -64 [da:3d:22:7e:13:6c]
RSSI: -64 [da:3d:22:8c:13:8c]
RSSI: -65 [da:3d:22:8c:13:8c]
RSSI: -63 [da:3d:22:99:13:bc]
RSSI: -64 [da:3d:22:99:13:bc]
RSSI: -66 [da:3d:22:a6:13:ec]
RSSI: -64 [da:3d:22:a6:13:ec]
RSSI: -66 [da:3d:22:b4:14:0c]
RSSI: -66 [da:3d:22:c1:14:3c]
RSSI: -85 [da:37:7f:c3:06:5a]
RSSI: -67 [da:3d:22:c1:14:3c]
RSSI: -68 [da:3d:22:ce:14:5c]
RSSI: -68 [da:3d:22:ce:14:5c]
RSSI: -88 [da:37:7f:de:06:aa]
RSSI: -73 [da:3d:22:e9:14:bc]
RSSI: -81 [da:37:7f:ec:06:da]
RSSI: -77 [da:3d:22:f5:14:dc]
RSSI: -86 [da:37:7f:f9:06:fa]
RSSI: -89 [da:3a:89:01:0e:ce]
RSSI: -88 [da:37:80:07:07:2a]
RSSI: -90 [da:3a:89:0e:0e:ee]
RSSI: -83 [da:37:80:16:07:4a]
RSSI: -84 [da:3d:23:11:15:2c]
RSSI: -86 [da:37:80:16:07:4a]
RSSI: -81 [da:3d:23:1d:15:5c]
RSSI: -81 [da:37:80:22:07:6a]
RSSI: -79 [da:3d:23:2b:15:7c]
RSSI: -84 [da:37:80:31:07:9a]
RSSI: -78 [da:3d:23:2b:15:7c]
RSSI: -75 [da:3d:23:38:15:ac]
RSSI: -78 [da:3d:23:38:15:ac]
RSSI: -78 [da:3d:23:45:15:cc]
RSSI: -82 [da:37:80:4c:07:ea]
RSSI: -82 [da:37:80:4c:07:ea]
RSSI: -81 [da:37:80:4c:07:ea]
RSSI: -78 [da:3d:23:52:15:fc]
RSSI: -79 [da:3d:23:52:15:fc]
RSSI: -81 [da:37:80:5b:08:0a]
RSSI: -79 [da:3d:23:52:15:fc]
RSSI: -82 [da:37:80:5b:08:0a]
RSSI: -82 [da:3d:23:60:16:2c]
RSSI: -82 [da:3d:23:60:16:2c]
RSSI: -84 [da:3d:23:6d:16:4c]
RSSI: -82 [da:37:80:76:08:5a]
RSSI: -87 [da:3d:23:7a:16:7c]
RSSI: -80 [da:37:80:84:08:8a]
RSSI: -82 [da:37:80:93:08:aa]
RSSI: -81 [da:37:80:93:08:aa]
RSSI: -85 [da:3d:23:94:00:2c]
RSSI: -81 [da:37:80:9f:08:da]
RSSI: -83 [da:3d:23:a2:00:5c]
RSSI: -80 [da:37:80:9f:08:da]
RSSI: -82 [da:3d:23:a2:00:5c]
RSSI: -78 [da:37:80:ae:08:fa]
RSSI: -79 [da:37:80:ae:08:fa]
RSSI: -78 [da:37:80:bc:09:2a]
RSSI: -79 [da:37:80:bc:09:2a]
RSSI: -85 [da:3d:23:bc:00:ac]
RSSI: -78 [da:37:80:c9:09:4a]
RSSI: -79 [da:37:80:c9:09:4a]
RSSI: -86 [da:3d:23:d7:00:fc]
RSSI: -80 [da:37:80:d7:09:7a]
RSSI: -85 [da:3d:23:d7:00:fc]
RSSI: -83 [da:3d:23:e4:01:2c]
RSSI: -78 [da:37:80:e6:09:aa]
RSSI: -82 [da:3d:23:f2:01:4c]
RSSI: -79 [da:37:80:f2:09:ca]
RSSI: -83 [da:3d:23:f2:01:4c]
RSSI: -79 [da:37:81:01:09:ea]
RSSI: -84 [da:3d:23:ff:01:7c]
RSSI: -79 [da:37:81:01:09:ea]
RSSI: -78 [da:37:81:01:09:ea]
RSSI: -82 [da:3d:23:ff:01:7c]
RSSI: -78 [da:37:81:01:09:ea]
RSSI: -79 [da:37:81:10:0a:1a]
RSSI: -86 [da:3d:24:19:01:cc]
RSSI: -79 [da:37:81:1c:0a:3a]
RSSI: -80 [da:37:81:1c:0a:3a]
RSSI: -80 [da:37:81:39:0a:9a]
RSSI: -83 [da:37:81:46:0a:ba]
RSSI: -86 [da:3d:24:4f:02:6c]
RSSI: -82 [da:37:81:54:0a:da]
RSSI: -83 [da:3d:24:4f:02:6c]
RSSI: -81 [da:37:81:54:0a:da]
RSSI: -82 [da:37:81:63:0b:0a]
RSSI: -82 [da:37:81:63:0b:0a]
RSSI: -82 [da:37:81:63:0b:0a]
RSSI: -83 [da:37:81:63:0b:0a]
RSSI: -82 [da:37:81:70:0b:2a]
RSSI: -79 [da:37:81:7e:0b:5a]
RSSI: -84 [da:3d:24:91:03:4c]
RSSI: -83 [da:37:81:99:0b:aa]
RSSI: -86 [da:3d:24:9e:03:6c]
RSSI: -81 [da:37:81:a8:0b:da]
RSSI: -83 [da:37:81:a8:0b:da]
RSSI: -82 [da:37:81:b6:0b:fa]
RSSI: -92 [da:3d:24:b9:03:bc]
RSSI: -83 [da:37:81:c3:0c:1a]
RSSI: -85 [da:37:81:c3:0c:1a]
RSSI: -83 [da:37:81:d2:0c:4a]
RSSI: -85 [da:3d:24:d3:04:1c]
RSSI: -84 [da:37:81:d2:0c:4a]
RSSI: -85 [da:37:81:d2:0c:4a]
RSSI: -90 [da:3d:24:d3:04:1c]
RSSI: -85 [da:37:81:e0:0c:7a]
RSSI: -87 [da:3d:24:e1:04:3c]
RSSI: -83 [da:37:81:fb:0c:ca]
RSSI: -93 [da:3d:24:fb:04:8c]
RSSI: -86 [da:37:81:fb:0c:ca]
RSSI: -87 [da:37:82:0a:0c:ea]
RSSI: -87 [da:37:82:16:0d:0a]
RSSI: -80 [da:3d:25:16:04:ec]
RSSI: -83 [da:3d:25:23:05:0c]
RSSI: -85 [da:3d:25:30:05:3c]
RSSI: -84 [da:3d:25:30:05:3c]
RSSI: -85 [da:3d:25:3e:05:6c]
RSSI: -89 [da:37:82:4f:0d:ba]
RSSI: -91 [da:3d:25:66:05:dc]
RSSI: -89 [da:3d:25:73:06:0c]
RSSI: -89 [da:3d:25:80:06:3c]
RSSI: -94 [da:37:82:b1:0e:da]
RSSI: -91 [da:3d:25:b6:06:dc]
RSSI: -88 [da:3d:25:c2:07:0c]
RSSI: -85 [da:3d:25:d0:07:3c]
RSSI: -86 [da:37:82:db:0f:4a]
RSSI: -85 [da:37:82:db:0f:4a]
RSSI: -88 [da:3d:25:de:07:5c]
RSSI: -82 [da:3d:25:de:07:5c]
RSSI: -80 [da:3d:25:f8:07:bc]
RSSI: -85 [da:3d:26:06:07:dc]
RSSI: -80 [da:3d:26:06:07:dc]
RSSI: -84 [da:3d:26:12:08:0c]
RSSI: -80 [da:3d:26:20:08:2c]
RSSI: -84 [da:3d:26:2e:08:5c]
RSSI: -81 [da:3d:26:2e:08:5c]
RSSI: -85 [da:3d:26:3a:08:8c]
RSSI: -87 [da:37:83:3b:10:6a]
RSSI: -93 [da:35:9f:39:13:ab]
RSSI: -86 [da:3d:26:48:08:ac]
RSSI: -84 [da:3d:26:56:08:dc]
RSSI: -85 [da:37:83:65:10:da]
RSSI: -90 [da:3d:26:63:09:0c]
RSSI: -86 [da:3d:26:70:09:2c]
RSSI: -81 [da:37:83:74:11:0a]
RSSI: -86 [da:3d:26:70:09:2c]
RSSI: -84 [da:37:83:74:11:0a]
RSSI: -83 [da:37:83:82:11:3a]
RSSI: -80 [da:37:83:82:11:3a]
RSSI: -83 [da:37:83:8f:11:5a]
RSSI: -83 [da:37:83:9e:11:7a]
RSSI: -79 [da:37:83:ac:11:aa]
RSSI: -85 [da:3d:26:b3:09:fc]
RSSI: -81 [da:37:83:b9:11:ca]
RSSI: -81 [da:37:83:c8:11:fa]
RSSI: -81 [da:37:83:c8:11:fa]
RSSI: -82 [da:3d:26:ce:0a:5c]
RSSI: -79 [da:37:83:d6:12:1a]
RSSI: -87 [da:3d:26:ce:0a:5c]
RSSI: -82 [da:37:83:d6:12:1a]
RSSI: -83 [da:3d:26:db:0a:7c]
RSSI: -82 [da:3d:26:db:0a:7c]
RSSI: -80 [da:37:83:e3:12:3a]
RSSI: -80 [da:37:83:e3:12:3a]
RSSI: -91 [da:35:9f:e4:15:9b]
RSSI: -86 [da:3d:26:e9:0a:ac]
RSSI: -80 [da:37:83:f2:12:6a]
RSSI: -86 [da:3d:26:f6:0a:dc]
RSSI: -81 [da:37:84:00:12:9a]
RSSI: -81 [da:37:84:00:12:9a]
RSSI: -79 [da:37:84:0d:12:ba]
RSSI: -78 [da:37:84:0d:12:ba]
RSSI: -85 [da:3d:27:11:0b:2c]
RSSI: -78 [da:37:84:1b:12:da]
RSSI: -86 [da:3d:27:1e:0b:5c]
RSSI: -77 [da:37:84:1b:12:da]
RSSI: -86 [da:3d:27:1e:0b:5c]
RSSI: -77 [da:37:84:2a:13:0a]
RSSI: -92 [da:35:a0:27:16:6b]
RSSI: -75 [da:37:84:2a:13:0a]
RSSI: -86 [da:3d:27:2b:0b:7c]
RSSI: -86 [da:3d:27:39:0b:ac]
RSSI: -76 [da:37:84:37:13:2a]
RSSI: -83 [da:3d:27:39:0b:ac]
RSSI: -77 [da:37:84:45:13:5a]
RSSI: -83 [da:3d:27:46:0b:dc]
RSSI: -76 [da:37:84:45:13:5a]
RSSI: -88 [da:3d:27:46:0b:dc]
RSSI: -77 [da:37:84:54:13:8a]
RSSI: -84 [da:3d:27:53:0b:fc]
RSSI: -84 [da:3d:27:53:0b:fc]
RSSI: -76 [da:37:84:61:13:aa]
RSSI: -77 [da:37:84:61:13:aa]
RSSI: -88 [da:3d:27:61:0c:2c]
RSSI: -77 [da:37:84:6f:13:da]
RSSI: -78 [da:37:84:7e:13:fa]
RSSI: -78 [da:37:84:7e:13:fa]
RSSI: -77 [da:37:84:8b:14:2a]
RSSI: -84 [da:3d:27:89:0c:ac]
RSSI: -89 [da:3d:27:97:0c:dc]
RSSI: -76 [da:37:84:99:14:4a]
RSSI: -88 [da:3d:27:97:0c:dc]
RSSI: -79 [da:37:84:99:14:4a]
RSSI: -77 [da:37:84:a8:14:7a]
RSSI: -80 [da:37:84:b5:14:9a]
RSSI: -80 [da:37:84:b5:14:9a]
RSSI: -80 [da:37:84:c3:14:ca]
RSSI: -80 [da:37:84:c3:14:ca]
RSSI: -87 [da:3d:27:cc:0d:8c]
RSSI: -86 [da:3d:27:d9:0d:ac]
RSSI: -81 [da:37:84:df:15:1a]
RSSI: -78 [da:37:84:ed:15:3a]
RSSI: -79 [da:37:84:ed:15:3a]
RSSI: -78 [da:37:84:fc:15:6a]
RSSI: -76 [da:37:84:fc:15:6a]
RSSI: -76 [da:37:85:09:15:8a]
RSSI: -87 [da:3d:28:0f:0e:5c]
RSSI: -86 [da:3d:28:0f:0e:5c]
RSSI: -86 [da:3d:28:0f:0e:5c]
RSSI: -75 [da:37:85:18:15:ba]
RSSI: -85 [da:3d:28:1c:0e:8c]
RSSI: -86 [da:3d:28:1c:0e:8c]
RSSI: -86 [da:3d:28:1c:0e:8c]
RSSI: -76 [da:37:85:26:15:da]
RSSI: -83 [da:3d:28:2a:0e:ac]
RSSI: -77 [da:37:85:33:16:0a]
RSSI: -77 [da:37:85:33:16:0a]
RSSI: -88 [da:3d:28:38:0e:dc]
RSSI: -78 [da:37:85:42:16:2a]
RSSI: -77 [da:37:85:50:00:2a]
RSSI: -77 [da:37:85:50:00:2a]
RSSI: -88 [da:3d:28:52:0f:3c]
RSSI: -78 [da:37:85:5d:00:4a]
RSSI: -84 [da:3d:28:60:0f:5c]
RSSI: -76 [da:37:85:5d:00:4a]
RSSI: -85 [da:3d:28:60:0f:5c]
RSSI: -76 [da:37:85:6c:00:7a]
RSSI: -88 [da:3d:28:6d:0f:8c]
RSSI: -71 [da:37:85:7a:00:aa]
RSSI: -71 [da:37:85:87:00:ca]
RSSI: -68 [da:37:85:87:00:ca]
RSSI: -70 [da:37:85:96:00:fa]
RSSI: -68 [da:37:85:96:00:fa]
RSSI: -83 [da:3d:28:a3:10:2c]
RSSI: -65 [da:37:85:b1:01:4a]
RSSI: -86 [da:3d:28:b0:10:5c]
RSSI: -67 [da:37:85:c0:01:6a]
RSSI: -81 [da:3d:28:bd:10:8c]
RSSI: -66 [da:37:85:c0:01:6a]
RSSI: -67 [da:37:85:cf:01:9a]
RSSI: -82 [da:3d:28:cb:10:ac]
RSSI: -66 [da:37:85:cf:01:9a]
RSSI: -83 [da:3d:28:cb:10:ac]
RSSI: -79 [da:3d:28:d9:10:dc]
RSSI: -64 [da:37:85:db:01:ba]
RSSI: -66 [da:37:85:db:01:ba]
RSSI: -85 [da:3d:28:e5:10:fc]
RSSI: -63 [da:37:85:ea:01:ea]
RSSI: -80 [da:3d:28:e5:10:fc]
RSSI: -65 [da:37:85:f9:02:1a]
RSSI: -65 [da:37:85:f9:02:1a]
RSSI: -66 [da:37:86:05:02:3a]
RSSI: -65 [da:37:86:05:02:3a]
RSSI: -63 [da:37:86:14:02:5a]
RSSI: -66 [da:37:86:14:02:5a]
RSSI: -79 [da:3d:29:1c:11:ac]
RSSI: -64 [da:37:86:23:02:8a]
RSSI: -67 [da:37:86:2f:02:aa]
RSSI: -66 [da:37:86:2f:02:aa]
RSSI: -74 [da:3d:29:36:11:fc]
RSSI: -68 [da:37:86:3e:02:da]
RSSI: -69 [da:37:86:3e:02:da]
RSSI: -72 [da:3d:29:44:12:2c]
RSSI: -65 [da:37:86:4d:03:0a]
RSSI: -71 [da:3d:29:52:12:5c]
RSSI: -68 [da:37:86:5a:03:2a]
RSSI: -70 [da:3d:29:52:12:5c]
RSSI: -68 [da:37:86:5a:03:2a]
RSSI: -66 [da:37:86:5a:03:2a]
RSSI: -70 [da:3d:29:5e:12:7c]
RSSI: -70 [da:37:86:69:03:5a]
RSSI: -68 [da:3d:29:6c:12:ac]
RSSI: -69 [da:3d:29:6c:12:ac]
RSSI: -75 [da:37:86:77:03:7a]
RSSI: -75 [da:37:86:77:03:7a]
RSSI: -67 [da:3d:29:7a:12:dc]
RSSI: -72 [da:37:86:77:03:7a]
RSSI: -69 [da:3d:29:87:12:fc]
RSSI: -76 [da:37:86:89:03:ba]
RSSI: -81 [da:37:86:9a:03:da]
RSSI: -68 [da:3d:29:a2:13:5c]
RSSI: -66 [da:3d:29:a2:13:5c]
RSSI: -68 [da:3d:29:af:13:7c]
RSSI: -81 [da:37:86:b5:04:2a]
RSSI: -68 [da:3d:29:af:13:7c]
RSSI: -66 [da:3d:29:af:13:7c]
RSSI: -79 [da:37:86:b5:04:2a]
RSSI: -67 [da:3d:29:bd:13:ac]
RSSI: -80 [da:37:86:c4:04:5a]
RSSI: -67 [da:3d:29:cb:13:dc]
RSSI: -74 [da:37:86:d3:04:7a]
RSSI: -69 [da:3d:29:d8:13:fc]
RSSI: -68 [da:3d:29:e6:14:2c]
RSSI: -78 [da:37:86:ee:04:ca]
RSSI: -71 [da:3d:29:e6:14:2c]
RSSI: -76 [da:37:86:ee:04:ca]
RSSI: -71 [da:3d:29:f3:14:4c]
RSSI: -76 [da:37:86:ee:04:ca]
RSSI: -71 [da:3d:29:f3:14:4c]
RSSI: -74 [da:37:86:fd:04:fa]
RSSI: -74 [da:3d:2a:00:14:7c]
RSSI: -76 [da:37:87:09:05:1a]
RSSI: -80 [da:3d:2a:0e:14:ac]
RSSI: -78 [da:37:87:18:05:4a]
RSSI: -80 [da:37:87:27:05:7a]
RSSI: -79 [da:37:87:27:05:7a]
RSSI: -77 [da:37:87:34:05:9a]
RSSI: -84 [da:3d:2a:36:15:2c]
RSSI: -79 [da:37:87:34:05:9a]
RSSI: -81 [da:3d:2a:36:15:2c]
RSSI: -77 [da:37:87:43:05:ca]
RSSI: -75 [da:37:87:43:05:ca]
RSSI: -78 [da:37:87:51:05:ea]
RSSI: -79 [da:3d:2a:51:15:7c]
RSSI: -77 [da:37:87:51:05:ea]
RSSI: -79 [da:3d:2a:51:15:7c]
RSSI: -77 [da:3d:2a:51:15:7c]
RSSI: -77 [da:37:87:5e:06:1a]
RSSI: -80 [da:3d:2a:5f:15:ac]
RSSI: -77 [da:37:87:5e:06:1a]
RSSI: -79 [da:3d:2a:5f:15:ac]
RSSI: -80 [da:3d:2a:5f:15:ac]
RSSI: -76 [da:37:87:6d:06:3a]
RSSI: -80 [da:3d:2a:6d:15:dc]
RSSI: -79 [da:37:87:6d:06:3a]
RSSI: -82 [da:3d:2a:6d:15:dc]
RSSI: -78 [da:37:87:7c:06:6a]
RSSI: -84 [da:3d:2a:79:15:fc]
RSSI: -87 [da:3d:2a:79:15:fc]
RSSI: -81 [da:37:87:88:06:8a]
RSSI: -86 [da:3d:2a:87:16:2c]
RSSI: -82 [da:37:87:88:06:8a]
RSSI: -89 [da:3d:2a:95:16:4c]
RSSI: -81 [da:37:87:97:06:ba]
RSSI: -77 [da:37:87:a6:06:da]
RSSI: -87 [da:3d:2a:a2:16:7c]
RSSI: -90 [da:3a:90:af:0e:2e]
RSSI: -86 [da:3d:2a:b0:00:2c]
RSSI: -82 [da:37:87:b3:07:0a]
RSSI: -80 [da:37:87:d0:07:5a]
RSSI: -79 [da:37:87:d0:07:5a]
RSSI: -87 [da:3a:90:dc:0e:9e]
RSSI: -89 [da:3a:90:ec:0e:ce]
RSSI: -80 [da:37:87:ec:07:aa]
RSSI: -81 [da:37:87:fb:07:ca]
RSSI: -88 [da:3a:90:fc:0e:fe]
RSSI: -81 [da:37:87:fb:07:ca]
RSSI: -80 [da:37:88:07:07:fa]
RSSI: -80 [da:37:88:07:07:fa]
RSSI: -87 [da:3d:2b:0f:01:5c]
RSSI: -79 [da:37:88:16:08:1a]
RSSI: -85 [da:3a:91:19:0f:4e]
RSSI: -79 [da:37:88:16:08:1a]
RSSI: -90 [da:3a:91:19:0f:4e]
RSSI: -79 [da:37:88:25:08:4a]
RSSI: -89 [da:3a:91:29:0f:7e]
RSSI: -79 [da:37:88:25:08:4a]
RSSI: -79 [da:37:88:32:08:6a]
RSSI: -79 [da:37:88:32:08:6a]
RSSI: -80 [da:37:88:41:08:9a]
RSSI: -80 [da:37:88:41:08:9a]
RSSI: -80 [da:37:88:4f:08:ca]
RSSI: -79 [da:37:88:4f:08:ca]
RSSI: -87 [da:3a:91:56:0f:fe]
RSSI: -80 [da:37:88:5c:08:ea]
RSSI: -79 [da:37:88:5c:08:ea]
RSSI: -79 [da:37:88:6b:09:1a]
RSSI: -80 [da:37:88:6b:09:1a]
RSSI: -80 [da:37:88:7a:09:3a]
RSSI: -81 [da:37:88:86:09:6a]
RSSI: -80 [da:37:88:86:09:6a]
RSSI: -82 [da:37:88:86:09:6a]
RSSI: -82 [da:37:88:95:09:8a]
RSSI: -82 [da:37:88:95:09:8a]
RSSI: -81 [da:37:88:a4:09:ba]
RSSI: -81 [da:37:88:a4:09:ba]
RSSI: -82 [da:37:88:b1:09:da]
RSSI: -80 [da:37:88:c0:0a:0a]
RSSI: -81 [da:37:88:c0:0a:0a]
RSSI: -82 [da:37:88:cf:0a:3a]
RSSI: -82 [da:37:88:db:0a:5a]
RSSI: -82 [da:37:88:db:0a:5a]
RSSI: -83 [da:37:88:db:0a:5a]
RSSI: -90 [da:3d:2b:e6:03:fc]
RSSI: -83 [da:37:88:f9:0a:aa]
RSSI: -83 [da:37:88:f9:0a:aa]
RSSI: -92 [da:3d:2b:f4:04:2c]
RSSI: -83 [da:37:89:06:0a:da]
RSSI: -90 [da:3d:2c:0f:04:7c]
RSSI: -80 [da:37:89:15:0a:fa]
RSSI: -85 [da:37:89:15:0a:fa]
RSSI: -83 [da:37:89:24:0b:2a]
RSSI: -90 [da:3d:2c:1d:04:9c]
RSSI: -80 [da:37:89:24:0b:2a]
RSSI: -83 [da:37:89:30:0b:4a]
RSSI: -86 [da:3d:2c:2b:04:cc]
RSSI: -83 [da:37:89:30:0b:4a]
RSSI: -83 [da:3d:2c:37:04:fc]
RSSI: -85 [da:37:89:3f:0b:7a]
RSSI: -84 [da:3d:2c:46:05:1c]
RSSI: -87 [da:37:89:4e:0b:aa]
RSSI: -83 [da:3d:2c:46:05:1c]
RSSI: -86 [da:37:89:4e:0b:aa]
RSSI: -86 [da:3d:2c:54:05:4c]
RSSI: -88 [da:37:89:5b:0b:ca]
RSSI: -87 [da:37:89:6a:0b:fa]
RSSI: -87 [da:37:89:6a:0b:fa]
RSSI: -87 [da:37:89:79:0c:1a]
RSSI: -88 [da:37:89:85:0c:4a]
RSSI: -88 [da:37:89:85:0c:4a]
RSSI: -87 [da:3d:2c:97:06:2c]
RSSI: -96 [da:3d:2c:b2:06:7c]
RSSI: -93 [da:37:89:ce:0d:1a]
RSSI: -92 [da:3d:2c:ce:06:cc]
RSSI: -87 [da:3d:2c:da:06:fc]
RSSI: -88 [da:3d:2c:f6:07:5c]
RSSI: -84 [da:3d:2d:03:07:7c]
RSSI: -88 [da:3d:2d:11:07:ac]
RSSI: -93 [da:37:8a:14:0d:da]
RSSI: -84 [da:3d:2d:11:07:ac]
RSSI: -82 [da:3d:2d:1f:07:dc]
RSSI: -87 [da:37:8a:3e:0e:5a]
RSSI: -85 [da:3d:2d:41:08:3c]
RSSI: -86 [da:3d:2d:4f:08:6c]
RSSI: -86 [da:37:8a:69:0e:da]
RSSI: -87 [da:3d:2d:78:08:ec]
RSSI: -84 [da:37:8a:85:0f:2a]
RSSI: -85 [da:37:8a:85:0f:2a]
RSSI: -87 [da:37:8a:94:0f:4a]
RSSI: -85 [da:3d:2d:a1:09:7c]
RSSI: -86 [da:37:8a:be:0f:ca]
RSSI: -87 [da:37:8a:da:10:1a]
RSSI: -84 [da:3d:2d:d6:0a:1c]
RSSI: -85 [da:37:8a:da:10:1a]
RSSI: -83 [da:37:8a:e9:10:4a]
RSSI: -88 [da:3d:2d:e4:0a:4c]
RSSI: -84 [da:37:8a:e9:10:4a]
RSSI: -83 [da:3d:2d:e4:0a:4c]
RSSI: -82 [da:37:8a:f8:10:6a]
RSSI: -83 [da:3d:2d:ff:0a:9c]
RSSI: -86 [da:3d:2e:0d:0a:cc]
RSSI: -82 [da:37:8b:13:10:ba]
RSSI: -85 [da:3d:2e:0d:0a:cc]
RSSI: -80 [da:37:8b:13:10:ba]
RSSI: -81 [da:37:8b:22:10:ea]
RSSI: -81 [da:37:8b:22:10:ea]
RSSI: -86 [da:3d:2e:28:0b:2c]
RSSI: -82 [da:37:8b:2f:11:0a]
RSSI: -80 [da:37:8b:3e:11:3a]
RSSI: -90 [da:3d:2e:44:0b:7c]
RSSI: -86 [da:3d:2e:44:0b:7c]
RSSI: -87 [da:3d:2e:51:0b:ac]
RSSI: -78 [da:37:8b:5a:11:8a]
RSSI: -86 [da:3d:2e:5f:0b:dc]
RSSI: -79 [da:37:8b:69:11:ba]
RSSI: -77 [da:37:8b:78:11:da]
RSSI: -77 [da:37:8b:78:11:da]
RSSI: -78 [da:37:8b:84:12:0a]
RSSI: -89 [da:3d:2e:88:0c:5c]
RSSI: -78 [da:37:8b:94:12:2a]
RSSI: -92 [da:35:a7:8e:16:2b]
RSSI: -77 [da:37:8b:94:12:2a]
RSSI: -90 [da:3d:2e:96:0c:7c]
RSSI: -78 [da:37:8b:a3:12:5a]
RSSI: -76 [da:37:8b:af:12:7a]
RSSI: -86 [da:3d:2e:b1:0c:dc]
RSSI: -76 [da:37:8b:af:12:7a]
RSSI: -76 [da:37:8b:be:12:aa]
RSSI: -76 [da:37:8b:cd:12:da]
RSSI: -76 [da:37:8b:cd:12:da]
RSSI: -76 [da:37:8b:da:12:fa]
RSSI: -76 [da:37:8b:da:12:fa]
RSSI: -76 [da:37:8b:e9:13:2a]
RSSI: -76 [da:37:8b:e9:13:2a]
RSSI: -77 [da:37:8b:f8:13:5a]
RSSI: -76 [da:37:8b:f8:13:5a]
RSSI: -76 [da:37:8c:05:13:7a]
RSSI: -77 [da:37:8c:05:13:7a]
RSSI: -76 [da:37:8c:05:13:7a]
RSSI: -94 [da:35:a8:07:00:fb]
RSSI: -77 [da:37:8c:14:13:9a]
RSSI: -77 [da:37:8c:23:13:ca]
RSSI: -76 [da:37:8c:23:13:ca]
RSSI: -77 [da:37:8c:2f:13:ea]
RSSI: -78 [da:37:8c:2f:13:ea]
RSSI: -77 [da:37:8c:3f:14:1a]
RSSI: -79 [da:37:8c:3f:14:1a]
RSSI: -79 [da:37:8c:4e:14:4a]
RSSI: -88 [da:3d:2f:46:0e:ac]
RSSI: -78 [da:37:8c:5a:14:6a]
RSSI: -80 [da:37:8c:5a:14:6a]
RSSI: -78 [da:37:8c:69:14:9a]
RSSI: -78 [da:37:8c:69:14:9a]
RSSI: -76 [da:37:8c:78:14:ca]
RSSI: -77 [da:37:8c:85:14:ea]
RSSI: -75 [da:37:8c:94:15:1a]
RSSI: -91 [da:3d:2f:8c:0f:8c]
RSSI: -78 [da:37:8c:94:15:1a]
RSSI: -85 [da:3d:2f:98:0f:bc]
RSSI: -75 [da:37:8c:a3:15:3a]
RSSI: -75 [da:37:8c:a3:15:3a]
RSSI: -76 [da:37:8c:a3:15:3a]
RSSI: -77 [da:37:8c:b0:15:6a]
RSSI: -88 [da:3d:2f:b5:10:0c]
RSSI: -80 [da:37:8c:bf:15:8a]
RSSI: -80 [da:37:8c:bf:15:8a]
RSSI: -84 [da:3d:2f:c1:10:3c]
RSSI: -80 [da:37:8c:ce:15:ba]
RSSI: -83 [da:3d:2f:d0:10:6c]
RSSI: -83 [da:3d:2f:d0:10:6c]
RSSI: -80 [da:37:8c:db:15:da]
RSSI: -80 [da:37:8c:db:15:da]
RSSI: -81 [da:3d:2f:de:10:8c]
RSSI: -80 [da:37:8c:db:15:da]
RSSI: -78 [da:37:8c:ea:16:0a]
RSSI: -85 [da:3d:2f:ea:10:bc]
RSSI: -81 [da:3d:2f:ea:10:bc]
RSSI: -76 [da:37:8c:f9:16:3a]
RSSI: -79 [da:3d:2f:f9:10:ec]
RSSI: -86 [da:3d:30:07:11:1c]
RSSI: -75 [da:37:8d:05:00:2a]
RSSI: -83 [da:3d:30:07:11:1c]
RSSI: -71 [da:37:8d:15:00:5a]
RSSI: -71 [da:37:8d:15:00:5a]
RSSI: -71 [da:37:8d:24:00:7a]
RSSI: -68 [da:37:8d:24:00:7a]
RSSI: -80 [da:3d:30:22:11:6c]
RSSI: -68 [da:37:8d:30:00:9a]
RSSI: -83 [da:3d:30:30:11:9c]
RSSI: -77 [da:3d:30:3d:11:bc]
RSSI: -67 [da:37:8d:40:00:ca]
RSSI: -66 [da:37:8d:4f:00:fa]
RSSI: -74 [da:3d:30:4b:11:ec]
RSSI: -73 [da:3d:30:4b:11:ec]
RSSI: -73 [da:3d:30:59:12:1c]
RSSI: -65 [da:37:8d:5b:01:1a]
RSSI: -73 [da:3d:30:59:12:1c]
RSSI: -65 [da:37:8d:5b:01:1a]
RSSI: -71 [da:3d:30:66:12:4c]
RSSI: -64 [da:37:8d:6a:01:4a]
RSSI: -71 [da:3d:30:66:12:4c]
RSSI: -63 [da:37:8d:79:01:7a]
RSSI: -64 [da:37:8d:79:01:7a]
RSSI: -70 [da:3d:30:82:12:9c]
RSSI: -64 [da:37:8d:86:01:9a]
RSSI: -64 [da:37:8d:86:01:9a]
RSSI: -70 [da:3d:30:8f:12:cc]
RSSI: -63 [da:37:8d:95:01:ca]
RSSI: -63 [da:37:8d:95:01:ca]
RSSI: -63 [da:37:8d:a4:01:ea]
RSSI: -69 [da:3d:30:9d:12:fc]
RSSI: -64 [da:37:8d:a4:01:ea]
RSSI: -70 [da:3d:30:ab:13:1c]
RSSI: -64 [da:37:8d:b1:02:1a]
RSSI: -69 [da:3d:30:ab:13:1c]
RSSI: -70 [da:3d:30:b8:13:4c]
RSSI: -70 [da:3d:30:b8:13:4c]
RSSI: -64 [da:37:8d:c0:02:3a]
RSSI: -64 [da:37:8d:c0:02:3a]
RSSI: -69 [da:3d:30:c6:13:7c]
RSSI: -65 [da:37:8d:cf:02:6a]
RSSI: -70 [da:3d:30:c6:13:7c]
RSSI: -65 [da:37:8d:cf:02:6a]
RSSI: -71 [da:3d:30:d4:13:9c]
RSSI: -70 [da:3d:30:d4:13:9c]
RSSI: -65 [da:37:8d:dc:02:8a]
RSSI: -65 [da:37:8d:dc:02:8a]
RSSI: -71 [da:3d:30:e1:13:cc]
RSSI: -66 [da:37:8d:eb:02:ba]
RSSI: -72 [da:3d:30:ef:13:fc]
RSSI: -67 [da:37:8d:fa:02:ea]
RSSI: -68 [da:37:8d:fa:02:ea]
RSSI: -72 [da:3d:30:fd:14:1c]
RSSI: -69 [da:37:8e:07:03:0a]
RSSI: -72 [da:37:8e:07:03:0a]
RSSI: -76 [da:3d:31:0a:14:4c]
RSSI: -74 [da:3d:31:0a:14:4c]
RSSI: -73 [da:37:8e:16:03:3a]
RSSI: -77 [da:3d:31:18:14:7c]
RSSI: -73 [da:37:8e:16:03:3a]
RSSI: -75 [da:37:8e:25:03:6a]
RSSI: -79 [da:3d:31:27:14:9c]
RSSI: -77 [da:37:8e:25:03:6a]
RSSI: -81 [da:3d:31:27:14:9c]
RSSI: -80 [da:37:8e:32:03:8a]
RSSI: -79 [da:37:8e:32:03:8a]
RSSI: -76 [da:37:8e:41:03:ba]
RSSI: -80 [da:37:8e:41:03:ba]
RSSI: -74 [da:37:8e:50:03:da]
RSSI: -85 [da:3d:31:50:15:2c]
RSSI: -79 [da:37:8e:5d:03:fa]
RSSI: -83 [da:3d:31:5c:15:4c]
RSSI: -77 [da:37:8e:5d:03:fa]
RSSI: -79 [da:37:8e:6c:04:2a]
RSSI: -82 [da:3d:31:6b:15:7c]
RSSI: -78 [da:37:8e:6c:04:2a]
RSSI: -81 [da:3d:31:6b:15:7c]
RSSI: -73 [da:37:8e:7b:04:5a]
RSSI: -81 [da:3d:31:79:15:ac]
RSSI: -74 [da:37:8e:7b:04:5a]
RSSI: -81 [da:3d:31:79:15:ac]
RSSI: -79 [da:37:8e:88:04:7a]
RSSI: -82 [da:3d:31:86:15:cc]
RSSI: -77 [da:37:8e:88:04:7a]
RSSI: -85 [da:3d:31:94:15:fc]
RSSI: -82 [da:37:8e:97:04:aa]
RSSI: -87 [da:3d:31:94:15:fc]
RSSI: -82 [da:37:8e:97:04:aa]
RSSI: -86 [da:37:8e:a6:04:da]
RSSI: -85 [da:37:8e:b3:04:fa]
RSSI: -90 [da:3d:31:af:16:4c]
RSSI: -84 [da:37:8e:c2:05:1a]
RSSI: -85 [da:37:8e:d1:05:4a]
RSSI: -90 [da:3d:31:cb:00:2c]
RSSI: -85 [da:37:8e:d1:05:4a]
RSSI: -86 [da:3d:31:d8:00:5c]
RSSI: -86 [da:37:8e:de:05:7a]
RSSI: -93 [da:3d:31:e6:00:8c]
RSSI: -81 [da:37:8e:ed:05:9a]
RSSI: -86 [da:37:8e:ed:05:9a]
RSSI: -85 [da:37:8e:fc:05:ca]
RSSI: -81 [da:37:8e:fc:05:ca]
RSSI: -82 [da:37:8f:09:05:ea]
RSSI: -88 [da:37:8f:09:05:ea]
RSSI: -81 [da:37:8f:18:06:1a]
RSSI: -85 [da:37:8f:27:06:4a]
RSSI: -85 [da:37:8f:34:06:6a]
RSSI: -89 [da:3d:32:2b:01:5c]
RSSI: -82 [da:37:8f:34:06:6a]
RSSI: -80 [da:37:8f:43:06:9a]
RSSI: -77 [da:37:8f:52:06:ca]
RSSI: -80 [da:37:8f:5f:06:ea]
RSSI: -81 [da:37:8f:5f:06:ea]
RSSI: -91 [da:3a:98:6c:0d:ae]
RSSI: -79 [da:37:8f:6e:07:1a]
RSSI: -84 [da:37:8f:6e:07:1a]
RSSI: -88 [da:3d:32:70:02:3c]
RSSI: -79 [da:37:8f:7d:07:3a]
RSSI: -80 [da:37:8f:7d:07:3a]
RSSI: -80 [da:37:8f:8a:07:6a]
RSSI: -81 [da:37:8f:99:07:8a]
RSSI: -78 [da:37:8f:99:07:8a]
RSSI: -77 [da:37:8f:a8:07:ba]
RSSI: -88 [da:3a:98:ac:0e:5e]
RSSI: -89 [da:3a:98:ac:0e:5e]
RSSI: -77 [da:37:8f:b5:07:da]
RSSI: -76 [da:37:8f:c4:08:0a]
RSSI: -76 [da:37:8f:c4:08:0a]
RSSI: -81 [da:37:8f:d4:08:3a]
RSSI: -88 [da:3a:98:e0:0e:ee]
RSSI: -79 [da:37:8f:e0:08:5a]
RSSI: -89 [da:3d:32:de:03:8c]
RSSI: -80 [da:37:8f:e0:08:5a]
RSSI: -78 [da:37:8f:f0:08:8a]
RSSI: -79 [da:37:8f:f0:08:8a]
RSSI: -87 [da:3a:99:06:0f:5e]
RSSI: -88 [da:3d:33:07:04:0c]
RSSI: -81 [da:37:90:0b:08:da]
RSSI: -90 [da:3a:99:14:0f:8e]
RSSI: -77 [da:37:90:1b:08:fa]
RSSI: -88 [da:3d:33:16:04:3c]
RSSI: -80 [da:37:90:1b:08:fa]
RSSI: -76 [da:37:90:2a:09:2a]
RSSI: -76 [da:37:90:2a:09:2a]
RSSI: -77 [da:37:90:2a:09:2a]
RSSI: -77 [da:37:90:2a:09:2a]
RSSI: -85 [da:3d:33:31:04:9c]
RSSI: -76 [da:37:90:37:09:4a]
RSSI: -83 [da:3d:33:3f:04:bc]
RSSI: -82 [da:37:90:46:09:7a]
RSSI: -89 [da:3a:99:47:10:1e]
RSSI: -77 [da:37:90:46:09:7a]
RSSI: -83 [da:3d:33:4c:04:ec]
RSSI: -81 [da:37:90:55:09:aa]
RSSI: -87 [da:3d:33:5a:05:1c]
RSSI: -82 [da:37:90:62:09:ca]
RSSI: -80 [da:37:90:71:09:fa]
RSSI: -80 [da:37:90:80:0a:2a]
RSSI: -81 [da:37:90:8d:0a:4a]
RSSI: -79 [da:37:90:8d:0a:4a]
RSSI: -79 [da:37:90:9c:0a:7a]
RSSI: -80 [da:37:90:9c:0a:7a]
RSSI: -79 [da:37:90:ab:0a:aa]
RSSI: -80 [da:37:90:b8:0a:ca]
RSSI: -80 [da:37:90:c7:0a:fa]
RSSI: -83 [da:37:90:c7:0a:fa]
RSSI: -78 [da:37:90:d7:0b:1a]
RSSI: -78 [da:37:90:d7:0b:1a]
RSSI: -81 [da:37:90:d7:0b:1a]
RSSI: -81 [da:37:90:e3:0b:4a]
RSSI: -84 [da:37:90:f3:0b:6a]
RSSI: -87 [da:3d:34:00:07:2c]
RSSI: -87 [da:3d:34:0e:07:5c]
RSSI: -86 [da:3d:34:0e:07:5c]
RSSI: -85 [da:3d:34:1b:07:7c]
RSSI: -86 [da:3d:34:2a:07:ac]
RSSI: -83 [da:3d:34:38:07:dc]
RSSI: -86 [da:3d:34:45:07:fc]
RSSI: -90 [da:37:91:49:0c:6a]
RSSI: -87 [da:3d:34:45:07:fc]
RSSI: -83 [da:3d:34:45:07:fc]
RSSI: -84 [da:3d:34:45:07:fc]
RSSI: -84 [da:3d:34:61:08:5c]
RSSI: -85 [da:3d:34:61:08:5c]
RSSI: -86 [da:3d:34:6e:08:7c]
RSSI: -92 [da:37:91:84:0d:0a]
RSSI: -88 [da:3d:34:7c:08:ac]
RSSI: -93 [da:37:91:84:0d:0a]
RSSI: -87 [da:3d:34:8b:08:dc]
RSSI: -87 [da:3d:34:97:09:0c]
RSSI: -91 [da:37:91:cb:0d:da]
RSSI: -88 [da:37:91:da:0e:0a]
RSSI: -87 [da:37:91:e7:0e:3a]
RSSI: -88 [da:37:91:e7:0e:3a]
RSSI: -84 [da:3d:35:07:0a:6c]
RSSI: -87 [da:37:92:12:0e:aa]
RSSI: -87 [da:3d:35:14:0a:9c]
RSSI: -90 [da:3d:35:23:0a:bc]
RSSI: -85 [da:37:92:22:0e:da]
RSSI: -85 [da:37:92:4d:0f:5a]
RSSI: -89 [da:37:92:5c:0f:8a]
RSSI: -86 [da:37:92:5c:0f:8a]
RSSI: -85 [da:37:92:69:0f:aa]
RSSI: -79 [da:37:92:88:10:0a]
RSSI: -83 [da:37:92:94:10:2a]
RSSI: -80 [da:37:92:94:10:2a]
RSSI: -82 [da:37:92:a4:10:5a]
RSSI: -89 [da:3d:35:9f:0c:4c]
RSSI: -82 [da:37:92:a4:10:5a]
RSSI: -88 [da:37:92:b3:10:8a]
RSSI: -84 [da:37:92:c0:10:aa]
RSSI: -84 [da:37:92:c0:10:aa]
RSSI: -81 [da:37:92:cf:10:da]
RSSI: -81 [da:37:92:df:11:0a]
RSSI: -80 [da:37:92:df:11:0a]
RSSI: -81 [da:37:92:eb:11:2a]
RSSI: -82 [da:37:92:eb:11:2a]
RSSI: -84 [da:37:92:fb:11:5a]
RSSI: -82 [da:37:92:fb:11:5a]
RSSI: -93 [da:35:af:07:15:db]
RSSI: -81 [da:37:93:17:11:aa]
RSSI: -86 [da:37:93:17:11:aa]
RSSI: -81 [da:37:93:26:11:da]
RSSI: -88 [da:37:93:35:11:fa]
RSSI: -81 [da:37:93:35:11:fa]
RSSI: -86 [da:37:93:42:12:1a]
RSSI: -85 [da:37:93:42:12:1a]
RSSI: -84 [da:37:93:52:12:4a]
RSSI: -79 [da:37:93:61:12:7a]
RSSI: -79 [da:37:93:61:12:7a]
RSSI: -78 [da:37:93:6e:12:9a]
RSSI: -87 [da:37:93:7d:12:ca]
RSSI: -93 [da:35:af:75:00:cb]
RSSI: -78 [da:37:93:8c:12:fa]
RSSI: -80 [da:37:93:8c:12:fa]
RSSI: -78 [da:37:93:99:13:1a]
RSSI: -81 [da:37:93:99:13:1a]
RSSI: -79 [da:37:93:a8:13:4a]
RSSI: -81 [da:37:93:b8:13:7a]
RSSI: -83 [da:37:93:c4:13:9a]
RSSI: -84 [da:37:93:d4:13:ca]
RSSI: -84 [da:37:93:d4:13:ca]
RSSI: -86 [da:37:93:d4:13:ca]
RSSI: -89 [da:37:93:e3:13:ea]
RSSI: -83 [da:37:93:e3:13:ea]
RSSI: -89 [da:3d:36:ed:10:7c]
RSSI: -85 [da:37:93:f0:14:1a]
RSSI: -89 [da:3d:36:fb:10:ac]
RSSI: -83 [da:37:93:ff:14:3a]
RSSI: -81 [da:37:94:0f:14:6a]
RSSI: -84 [da:37:94:0f:14:6a]
RSSI: -87 [da:3d:37:16:10:fc]
RSSI: -82 [da:37:94:1b:14:8a]
RSSI: -81 [da:37:94:1b:14:8a]
RSSI: -82 [da:37:94:2b:14:ba]
RSSI: -79 [da:37:94:3a:14:ea]
RSSI: -77 [da:37:94:47:15:0a]
RSSI: -77 [da:37:94:47:15:0a]
RSSI: -79 [da:37:94:47:15:0a]
RSSI: -87 [da:3d:37:4f:11:ac]
RSSI: -82 [da:3d:37:5b:11:cc]
RSSI: -82 [da:37:94:66:15:6a]
RSSI: -81 [da:3d:37:6a:11:fc]
RSSI: -79 [da:3d:37:6a:11:fc]
RSSI: -83 [da:37:94:73:15:8a]
RSSI: -80 [da:3d:37:78:12:2c]
RSSI: -80 [da:3d:37:78:12:2c]
RSSI: -82 [da:37:94:82:15:ba]
RSSI: -82 [da:37:94:82:15:ba]
RSSI: -77 [da:3d:37:85:12:5c]
RSSI: -76 [da:3d:37:85:12:5c]
RSSI: -79 [da:37:94:92:15:ea]
RSSI: -77 [da:3d:37:94:12:7c]
RSSI: -76 [da:37:94:9e:16:0a]
RSSI: -78 [da:3d:37:a2:12:ac]
RSSI: -75 [da:37:94:ae:16:3a]
RSSI: -73 [da:37:94:ae:16:3a]
RSSI: -77 [da:3d:37:af:12:dc]
RSSI: -73 [da:37:94:bd:00:2a]
RSSI: -76 [da:3d:37:bd:13:0c]
RSSI: -73 [da:37:94:bd:00:2a]
RSSI: -76 [da:3d:37:bd:13:0c]
RSSI: -78 [da:3d:37:cc:13:2c]
RSSI: -70 [da:37:94:cf:00:6a]
RSSI: -77 [da:3d:37:cc:13:2c]
RSSI: -72 [da:37:94:cf:00:6a]
RSSI: -77 [da:3d:37:d9:13:5c]
RSSI: -68 [da:37:94:df:00:8a]
RSSI: -78 [da:3d:37:d9:13:5c]
RSSI: -69 [da:37:94:df:00:8a]
RSSI: -67 [da:37:94:ef:00:ba]
RSSI: -76 [da:3d:37:e7:13:8c]
RSSI: -68 [da:37:94:ef:00:ba]
RSSI: -80 [da:3d:37:f6:13:bc]
RSSI: -67 [da:37:94:fc:00:da]
RSSI: -80 [da:3d:37:f6:13:bc]
RSSI: -66 [da:37:94:fc:00:da]
RSSI: -77 [da:3d:38:02:13:dc]
RSSI: -78 [da:3d:38:02:13:dc]
RSSI: -66 [da:37:95:0b:01:0a]
RSSI: -77 [da:3d:38:11:14:0c]
RSSI: -66 [da:37:95:1b:01:3a]
RSSI: -80 [da:3d:38:11:14:0c]
RSSI: -65 [da:37:95:1b:01:3a]
RSSI: -80 [da:3d:38:20:14:3c]
RSSI: -79 [da:3d:38:20:14:3c]
RSSI: -63 [da:37:95:27:01:5a]
RSSI: -83 [da:3d:38:2c:14:6c]
RSSI: -64 [da:37:95:37:01:8a]
RSSI: -65 [da:37:95:46:01:ba]
RSSI: -67 [da:37:95:53:01:da]
RSSI: -68 [da:37:95:53:01:da]
RSSI: -69 [da:37:95:62:02:0a]
RSSI: -69 [da:37:95:72:02:3a]
RSSI: -68 [da:37:95:72:02:3a]
RSSI: -71 [da:37:95:7f:02:5a]
RSSI: -84 [da:3d:38:80:15:6c]
RSSI: -73 [da:37:95:8e:02:8a]
RSSI: -74 [da:37:95:8e:02:8a]
RSSI: -89 [da:3d:38:8f:15:9c]
RSSI: -74 [da:37:95:9e:02:ba]
RSSI: -77 [da:37:95:9e:02:ba]
RSSI: -77 [da:37:95:aa:02:da]
RSSI: -77 [da:37:95:ba:03:0a]
RSSI: -77 [da:37:95:ba:03:0a]
RSSI: -76 [da:37:95:c9:03:2a]
RSSI: -76 [da:37:95:c9:03:2a]
RSSI: -77 [da:37:95:d6:03:5a]
RSSI: -76 [da:37:95:e6:03:7a]
RSSI: -76 [da:37:95:e6:03:7a]
RSSI: -77 [da:37:95:e6:03:7a]
RSSI: -77 [da:37:95:f5:03:aa]
RSSI: -78 [da:37:96:02:03:ca]
RSSI: -78 [da:37:96:02:03:ca]
RSSI: -80 [da:37:96:11:03:fa]
RSSI: -80 [da:37:96:11:03:fa]
RSSI: -91 [da:3d:39:1b:00:ec]
RSSI: -79 [da:37:96:21:04:2a]
RSSI: -81 [da:37:96:2d:04:4a]
RSSI: -84 [da:37:96:2d:04:4a]
RSSI: -82 [da:37:96:3d:04:7a]
RSSI: -82 [da:37:96:3d:04:7a]
RSSI: -82 [da:37:96:3d:04:7a]
RSSI: -89 [da:3d:39:45:01:6c]
RSSI: -81 [da:37:96:4d:04:aa]
RSSI: -77 [da:37:96:59:04:ca]
RSSI: -82 [da:37:96:59:04:ca]
RSSI: -80 [da:37:96:69:04:fa]
RSSI: -79 [da:37:96:69:04:fa]
RSSI: -83 [da:37:96:78:05:2a]
RSSI: -82 [da:37:96:78:05:2a]
RSSI: -86 [da:37:96:85:05:4a]
RSSI: -84 [da:37:96:95:05:7a]
RSSI: -86 [da:37:96:95:05:7a]
RSSI: -82 [da:37:96:a4:05:aa]
RSSI: -85 [da:37:96:b1:05:ca]
RSSI: -81 [da:37:96:c0:05:fa]
RSSI: -81 [da:37:96:c0:05:fa]
RSSI: -81 [da:37:96:d0:06:1a]
RSSI: -79 [da:37:96:d0:06:1a]
RSSI: -83 [da:37:96:dc:06:4a]
RSSI: -88 [da:3d:39:df:03:4c]
RSSI: -82 [da:37:96:ec:06:7a]
RSSI: -80 [da:37:96:fc:06:9a]
RSSI: -83 [da:37:96:fc:06:9a]
RSSI: -81 [da:37:97:08:06:ca]
RSSI: -80 [da:37:97:08:06:ca]
RSSI: -81 [da:37:97:18:06:ea]
RSSI: -77 [da:37:97:28:07:1a]
RSSI: -76 [da:37:97:34:07:3a]
RSSI: -90 [da:3d:3a:33:04:4c]
RSSI: -77 [da:37:97:34:07:3a]
RSSI: -77 [da:37:97:34:07:3a]
RSSI: -77 [da:37:97:44:07:6a]
RSSI: -84 [da:37:97:53:07:9a]
RSSI: -86 [da:3d:3a:4e:04:ac]
RSSI: -88 [da:3d:3a:5d:04:cc]
RSSI: -82 [da:37:97:60:07:ba]
RSSI: -82 [da:37:97:60:07:ba]
RSSI: -81 [da:37:97:70:07:ea]
RSSI: -84 [da:3d:3a:6b:04:fc]
RSSI: -81 [da:37:97:70:07:ea]
RSSI: -83 [da:3d:3a:78:05:2c]
RSSI: -79 [da:37:97:7f:08:0a]
RSSI: -81 [da:37:97:8c:08:3a]
RSSI: -85 [da:3d:3a:87:05:5c]
RSSI: -79 [da:37:97:8c:08:3a]
RSSI: -89 [da:3d:3a:95:05:8c]
RSSI: -80 [da:37:97:9c:08:6a]
RSSI: -84 [da:37:97:9c:08:6a]
RSSI: -80 [da:37:97:ab:08:8a]
RSSI: -83 [da:37:97:ab:08:8a]
RSSI: -82 [da:37:97:b8:08:ba]
RSSI: -83 [da:37:97:b8:08:ba]
RSSI: -87 [da:37:97:c7:08:da]
RSSI: -84 [da:37:97:d7:09:0a]
RSSI: -87 [da:37:97:e4:09:3a]
RSSI: -86 [da:37:97:f3:09:5a]
RSSI: -83 [da:37:98:03:09:8a]
RSSI: -88 [da:3d:3a:fc:06:cc]
RSSI: -85 [da:37:98:03:09:8a]
RSSI: -86 [da:37:98:10:09:aa]
RSSI: -87 [da:3d:3b:0c:06:fc]
RSSI: -86 [da:37:98:10:09:aa]
RSSI: -88 [da:3d:3b:1b:07:2c]
RSSI: -85 [da:37:98:1f:09:da]
RSSI: -82 [da:37:98:2f:0a:0a]
RSSI: -86 [da:37:98:2f:0a:0a]
RSSI: -83 [da:3d:3b:36:07:7c]
RSSI: -87 [da:3d:3b:36:07:7c]
RSSI: -87 [da:3d:3b:52:07:dc]
RSSI: -81 [da:3d:3b:52:07:dc]
RSSI: -90 [da:37:98:67:0a:ba]
RSSI: -87 [da:3d:3b:61:08:0c]
RSSI: -84 [da:3d:3b:7c:08:5c]
RSSI: -88 [da:37:98:87:0b:0a]
RSSI: -85 [da:3d:3b:8b:08:8c]
RSSI: -85 [da:3d:3b:8b:08:8c]
RSSI: -88 [da:37:98:93:0b:3a]
RSSI: -86 [da:3d:3b:99:08:bc]
RSSI: -90 [da:37:98:a3:0b:5a]
RSSI: -86 [da:3d:3b:a6:08:ec]
RSSI: -85 [da:3d:3b:a6:08:ec]
RSSI: -88 [da:37:98:b3:0b:8a]
RSSI: -88 [da:37:98:bf:0b:ba]
RSSI: -86 [da:37:98:bf:0b:ba]
RSSI: -88 [da:3d:3b:c4:09:3c]
RSSI: -88 [da:37:98:cf:0b:da]
RSSI: -89 [da:3d:3b:d0:09:6c]
RSSI: -87 [da:37:98:df:0c:0a]
RSSI: -87 [da:37:98:df:0c:0a]
RSSI: -90 [da:37:98:eb:0c:3a]
RSSI: -92 [da:3d:3b:ee:09:cc]
RSSI: -87 [da:3d:3b:fb:09:ec]
RSSI: -86 [da:3d:3c:18:0a:4c]
RSSI: -91 [da:37:99:27:0c:ea]
RSSI: -87 [da:3d:3c:25:0a:7c]
RSSI: -87 [da:3d:3c:25:0a:7c]
RSSI: -90 [da:3d:3c:42:0a:dc]
RSSI: -85 [da:37:99:53:0d:6a]
RSSI: -86 [da:37:99:53:0d:6a]
RSSI: -90 [da:37:99:53:0d:6a]
RSSI: -83 [da:37:99:63:0d:8a]
RSSI: -88 [da:37:99:63:0d:8a]
RSSI: -89 [da:3d:3c:5e:0b:2c]
RSSI: -92 [da:3d:3c:6d:0b:5c]
RSSI: -86 [da:37:99:6f:0d:ba]
RSSI: -89 [da:3d:3c:6d:0b:5c]
RSSI: -89 [da:37:99:7f:0d:ea]
RSSI: -86 [da:3d:3c:88:0b:bc]
RSSI: -86 [da:3d:3c:a4:0c:0c]
RSSI: -90 [da:37:99:bb:0e:8a]
RSSI: -92 [da:37:99:c8:0e:aa]
RSSI: -91 [da:3d:3c:ce:0c:9c]
RSSI: -88 [da:3d:3c:dd:0c:cc]
RSSI: -86 [da:37:9a:04:0f:5a]
RSSI: -87 [da:37:9a:20:0f:ba]
RSSI: -86 [da:37:9a:20:0f:ba]
RSSI: -89 [da:3d:3d:23:0d:9c]
RSSI: -84 [da:37:9a:30:0f:da]
RSSI: -84 [da:37:9a:3f:10:0a]
RSSI: -80 [da:37:9a:3f:10:0a]
RSSI: -80 [da:37:9a:3f:10:0a]
RSSI: -85 [da:37:9a:4c:10:3a]
RSSI: -88 [da:37:9a:5c:10:5a]
RSSI: -90 [da:3d:3d:5c:0e:5c]
RSSI: -86 [da:37:9a:6b:10:8a]
RSSI: -87 [da:37:9a:78:10:aa]
RSSI: -88 [da:37:9a:88:10:da]
RSSI: -89 [da:37:9a:88:10:da]
RSSI: -83 [da:37:9a:98:11:0a]
RSSI: -86 [da:37:9a:98:11:0a]
RSSI: -84 [da:37:9a:a4:11:3a]
RSSI: -85 [da:37:9a:a4:11:3a]
RSSI: -81 [da:37:9a:b4:11:5a]
RSSI: -85 [da:37:9a:b4:11:5a]
RSSI: -82 [da:37:9a:c4:11:8a]
RSSI: -79 [da:37:9a:c4:11:8a]
RSSI: -81 [da:37:9a:d0:11:aa]
RSSI: -85 [da:37:9a:e0:11:da]
RSSI: -81 [da:37:9a:e0:11:da]
RSSI: -79 [da:37:9a:f0:12:0a]
RSSI: -87 [da:37:9a:f0:12:0a]
RSSI: -78 [da:37:9a:fd:12:2a]
RSSI: -87 [da:3d:3e:06:10:6c]
RSSI: -81 [da:37:9b:0d:12:5a]
RSSI: -85 [da:3d:3e:06:10:6c]
RSSI: -81 [da:37:9b:0d:12:5a]
RSSI: -92 [da:35:b7:0a:00:cb]
RSSI: -87 [da:3d:3e:14:10:9c]
RSSI: -84 [da:37:9b:1c:12:8a]
RSSI: -81 [da:3d:3e:21:10:cc]
RSSI: -86 [da:3d:3e:30:10:fc]
RSSI: -86 [da:3d:3e:30:10:fc]
RSSI: -82 [da:3d:3e:30:10:fc]
RSSI: -78 [da:37:9b:39:12:da]
RSSI: -78 [da:37:9b:39:12:da]
RSSI: -82 [da:37:9b:39:12:da]
RSSI: -80 [da:37:9b:48:13:0a]
RSSI: -81 [da:37:9b:55:13:2a]
RSSI: -80 [da:37:9b:55:13:2a]
RSSI: -89 [da:3d:3e:5b:11:7c]
RSSI: -80 [da:37:9b:65:13:5a]
RSSI: -79 [da:37:9b:75:13:8a]
RSSI: -78 [da:3d:3e:76:11:dc]
RSSI: -77 [da:3d:3e:76:11:dc]
RSSI: -77 [da:37:9b:81:13:aa]
RSSI: -76 [da:3d:3e:85:12:0c]
RSSI: -75 [da:3d:3e:85:12:0c]
RSSI: -76 [da:37:9b:91:13:da]
RSSI: -74 [da:3d:3e:94:12:2c]
RSSI: -74 [da:3d:3e:94:12:2c]
RSSI: -76 [da:37:9b:a1:14:0a]
RSSI: -80 [da:3d:3e:a1:12:5c]
RSSI: -74 [da:37:9b:ae:14:3a]
RSSI: -72 [da:3d:3e:b0:12:8c]
RSSI: -70 [da:3d:3e:b0:12:8c]
RSSI: -70 [da:3d:3e:be:12:bc]
RSSI: -74 [da:37:9b:be:14:5a]
RSSI: -71 [da:3d:3e:be:12:bc]
RSSI: -75 [da:37:9b:cd:14:8a]
RSSI: -69 [da:3d:3e:cb:12:dc]
RSSI: -75 [da:37:9b:cd:14:8a]
RSSI: -70 [da:3d:3e:cb:12:dc]
RSSI: -77 [da:37:9b:da:14:aa]
RSSI: -68 [da:3d:3e:da:13:0c]
RSSI: -68 [da:3d:3e:da:13:0c]
RSSI: -69 [da:3d:3e:e9:13:3c]
RSSI: -68 [da:3d:3e:f6:13:6c]
RSSI: -69 [da:3d:3e:f6:13:6c]
RSSI: -76 [da:37:9c:06:15:2a]
RSSI: -68 [da:3d:3f:05:13:9c]
RSSI: -76 [da:37:9c:06:15:2a]
RSSI: -76 [da:37:9c:06:15:2a]
RSSI: -69 [da:3d:3f:05:13:9c]
RSSI: -69 [da:3d:3f:14:13:cc]
RSSI: -74 [da:37:9c:16:15:5a]
RSSI: -69 [da:3d:3f:14:13:cc]
RSSI: -73 [da:37:9c:16:15:5a]
RSSI: -71 [da:37:9c:26:15:8a]
RSSI: -70 [da:3d:3f:20:13:ec]
RSSI: -72 [da:3d:3f:3e:14:4c]
RSSI: -69 [da:37:9c:42:15:da]
RSSI: -67 [da:37:9c:42:15:da]
RSSI: -74 [da:3d:3f:4b:14:6c]
RSSI: -68 [da:37:9c:52:16:0a]
RSSI: -74 [da:3d:3f:4b:14:6c]
RSSI: -67 [da:37:9c:52:16:0a]
RSSI: -67 [da:37:9c:5f:16:2a]
RSSI: -79 [da:3d:3f:5a:14:9c]
RSSI: -66 [da:37:9c:5f:16:2a]
RSSI: -66 [da:37:9c:6f:00:2a]
RSSI: -66 [da:37:9c:6f:00:2a]
RSSI: -65 [da:37:9c:7f:00:5a]
RSSI: -64 [da:37:9c:7f:00:5a]
RSSI: -86 [da:3d:3f:85:15:2c]
RSSI: -82 [da:3d:3f:85:15:2c]
RSSI: -66 [da:37:9c:8b:00:7a]
RSSI: -78 [da:3d:3f:93:15:4c]
RSSI: -68 [da:37:9c:9b:00:aa]
RSSI: -81 [da:3d:3f:93:15:4c]
RSSI: -66 [da:37:9c:9b:00:aa]
RSSI: -77 [da:3d:3f:a0:15:7c]
RSSI: -65 [da:37:9c:ab:00:da]
RSSI: -68 [da:37:9c:ab:00:da]
RSSI: -80 [da:3d:3f:af:15:ac]
RSSI: -66 [da:37:9c:b8:00:fa]
RSSI: -80 [da:3d:3f:be:15:dc]
RSSI: -82 [da:3d:3f:be:15:dc]
RSSI: -68 [da:37:9c:c7:01:2a]
RSSI: -67 [da:37:9c:c7:01:2a]
RSSI: -83 [da:3d:3f:cb:15:fc]
RSSI: -70 [da:37:9c:d7:01:5a]
RSSI: -84 [da:3d:3f:cb:15:fc]
RSSI: -70 [da:37:9c:d7:01:5a]
RSSI: -70 [da:37:9c:d7:01:5a]
RSSI: -69 [da:37:9c:d7:01:5a]
RSSI: -72 [da:37:9c:e4:01:7a]
RSSI: -72 [da:37:9c:f4:01:aa]
RSSI: -74 [da:37:9c:f4:01:aa]
RSSI: -74 [da:37:9d:04:01:da]
RSSI: -75 [da:37:9d:04:01:da]
RSSI: -86 [da:3d:40:04:00:2c]
RSSI: -80 [da:37:9d:10:01:fa]
RSSI: -88 [da:3d:40:13:00:5c]
RSSI: -82 [da:37:9d:10:01:fa]
RSSI: -83 [da:37:9d:20:02:2a]
RSSI: -86 [da:3d:40:20:00:8c]
RSSI: -83 [da:37:9d:30:02:5a]
RSSI: -83 [da:37:9d:30:02:5a]
RSSI: -78 [da:37:9d:3d:02:7a]
RSSI: -94 [da:3d:40:3e:00:ec]
RSSI: -81 [da:37:9d:4d:02:aa]
RSSI: -90 [da:3d:40:4b:01:0c]
RSSI: -81 [da:37:9d:4d:02:aa]
RSSI: -76 [da:37:9d:4d:02:aa]
RSSI: -89 [da:3d:40:4b:01:0c]
RSSI: -79 [da:37:9d:5d:02:da]
RSSI: -89 [da:3d:40:5a:01:3c]
RSSI: -82 [da:37:9d:5d:02:da]
RSSI: -88 [da:3d:40:5a:01:3c]
RSSI: -79 [da:37:9d:69:02:fa]
RSSI: -89 [da:3d:40:69:01:6c]
RSSI: -83 [da:37:9d:79:03:2a]
RSSI: -90 [da:3d:40:75:01:9c]
RSSI: -85 [da:37:9d:79:03:2a]
RSSI: -86 [da:37:9d:89:03:5a]
RSSI: -85 [da:37:9d:96:03:7a]
RSSI: -82 [da:37:9d:96:03:7a]
RSSI: -81 [da:37:9d:a6:03:aa]
RSSI: -81 [da:37:9d:a6:03:aa]
RSSI: -81 [da:37:9d:b5:03:da]
RSSI: -81 [da:37:9d:b5:03:da]
RSSI: -83 [da:37:9d:c2:03:fa]
RSSI: -83 [da:37:9d:c2:03:fa]
RSSI: -86 [da:37:9d:d2:04:2a]
RSSI: -92 [da:37:9d:e2:04:5a]
RSSI: -87 [da:37:9d:e2:04:5a]
RSSI: -90 [da:3d:40:e9:02:fc]
RSSI: -88 [da:37:9d:ee:04:7a]
RSSI: -78 [da:37:9d:fe:04:aa]
RSSI: -83 [da:37:9e:0e:04:da]
RSSI: -84 [da:37:9e:1b:04:fa]
RSSI: -82 [da:37:9e:1b:04:fa]
RSSI: -85 [da:37:9e:2b:05:2a]
RSSI: -85 [da:37:9e:2b:05:2a]
RSSI: -84 [da:37:9e:2b:05:2a]
RSSI: -79 [da:37:9e:3b:05:5a]
RSSI: -81 [da:37:9e:47:05:7a]
RSSI: -76 [da:37:9e:47:05:7a]
RSSI: -79 [da:37:9e:58:05:aa]
RSSI: -79 [da:37:9e:67:05:da]
RSSI: -79 [da:37:9e:74:05:fa]
RSSI: -80 [da:37:9e:74:05:fa]
RSSI: -86 [da:3d:41:76:04:bc]
RSSI: -80 [da:37:9e:84:06:2a]
RSSI: -83 [da:3d:41:85:04:ec]
RSSI: -80 [da:37:9e:94:06:5a]
RSSI: -85 [da:3d:41:94:05:1c]
RSSI: -84 [da:3d:41:94:05:1c]
RSSI: -80 [da:37:9e:a1:06:7a]
RSSI: -80 [da:37:9e:a1:06:7a]
RSSI: -79 [da:37:9e:a1:06:7a]
RSSI: -92 [da:3d:41:b0:05:6c]
RSSI: -76 [da:37:9e:c1:06:da]
RSSI: -76 [da:37:9e:cd:06:fa]
RSSI: -76 [da:37:9e:cd:06:fa]
RSSI: -77 [da:37:9e:dd:07:2a]
RSSI: -99 [da:3d:41:da:05:fc]
RSSI: -77 [da:37:9e:dd:07:2a]
RSSI: -79 [da:37:9e:ed:07:5a]
RSSI: -76 [da:37:9e:fa:07:7a]
RSSI: -79 [da:37:9e:fa:07:7a]
RSSI: -76 [da:37:9f:0a:07:aa]
RSSI: -79 [da:37:9f:1a:07:da]
RSSI: -79 [da:37:9f:1a:07:da]
RSSI: -80 [da:37:9f:26:07:fa]
RSSI: -78 [da:37:9f:26:07:fa]
RSSI: -80 [da:37:9f:36:08:2a]
RSSI: -78 [da:37:9f:46:08:5a]
RSSI: -79 [da:37:9f:53:08:7a]
RSSI: -79 [da:37:9f:53:08:7a]
RSSI: -82 [da:37:9f:63:08:aa]
RSSI: -80 [da:37:9f:63:08:aa]
RSSI: -83 [da:37:9f:73:08:da]
RSSI: -91 [da:3a:a8:73:0e:3e]
RSSI: -80 [da:37:9f:80:09:0a]
RSSI: -86 [da:37:9f:80:09:0a]
RSSI: -89 [da:3d:42:86:08:0c]
RSSI: -80 [da:37:9f:90:09:2a]
RSSI: -80 [da:37:9f:90:09:2a]
RSSI: -88 [da:3d:42:95:08:3c]
RSSI: -89 [da:3d:42:b1:08:9c]
RSSI: -89 [da:37:9f:cc:09:da]
RSSI: -82 [da:37:9f:cc:09:da]
RSSI: -89 [da:37:9f:d9:0a:0a]
RSSI: -90 [da:3d:42:f7:09:7c]
RSSI: -83 [da:37:a0:05:0a:8a]
RSSI: -89 [da:37:a0:05:0a:8a]
RSSI: -85 [da:37:a0:16:0a:ba]
RSSI: -88 [da:37:a0:26:0a:da]
RSSI: -90 [da:3d:43:41:0a:5c]
RSSI: -88 [da:3d:43:41:0a:5c]
RSSI: -87 [da:3d:43:4d:0a:8c]
RSSI: -85 [da:3d:43:5c:0a:bc]
RSSI: -86 [da:3d:43:5c:0a:bc]
RSSI: -91 [da:37:a0:8c:0c:0a]
RSSI: -90 [da:37:a0:8c:0c:0a]
RSSI: -88 [da:37:a0:9c:0c:3a]
RSSI: -88 [da:37:a0:ac:0c:6a]
RSSI: -86 [da:37:a0:ac:0c:6a]
RSSI: -90 [da:3d:43:a3:0b:9c]
RSSI: -85 [da:37:a0:b8:0c:8a]
RSSI: -95 [da:3a:a9:c2:11:ee]
RSSI: -84 [da:37:a0:b8:0c:8a]
RSSI: -85 [da:37:a0:c8:0c:ba]
RSSI: -86 [da:37:a0:c8:0c:ba]
RSSI: -82 [da:37:a0:d8:0c:ea]
RSSI: -87 [da:37:a0:f5:0d:3a]
RSSI: -85 [da:37:a0:f5:0d:3a]
RSSI: -89 [da:37:a1:05:0d:6a]
RSSI: -91 [da:3d:44:08:0c:dc]
RSSI: -88 [da:37:a1:22:0d:ba]
RSSI: -88 [da:37:a1:32:0d:ea]
RSSI: -85 [da:37:a1:3f:0e:0a]
RSSI: -92 [da:3d:44:43:0d:9c]
RSSI: -92 [da:3d:44:43:0d:9c]
RSSI: -84 [da:37:a1:4f:0e:3a]
RSSI: -84 [da:37:a1:4f:0e:3a]
RSSI: -86 [da:37:a1:5f:0e:6a]
RSSI: -79 [da:37:a1:5f:0e:6a]
RSSI: -84 [da:37:a1:6b:0e:9a]
RSSI: -82 [da:37:a1:7b:0e:ba]
RSSI: -83 [da:37:a1:7b:0e:ba]
RSSI: -76 [da:37:a1:8c:0e:ea]
RSSI: -81 [da:37:a1:8c:0e:ea]
RSSI: -82 [da:37:a1:8c:0e:ea]
RSSI: -77 [da:37:a1:98:0f:1a]
RSSI: -81 [da:37:a1:a8:0f:4a]
RSSI: -77 [da:37:a1:a8:0f:4a]
RSSI: -78 [da:37:a1:b8:0f:7a]
RSSI: -79 [da:37:a1:b8:0f:7a]
RSSI: -78 [da:37:a1:c5:0f:9a]
RSSI: -78 [da:37:a1:d5:0f:ca]
RSSI: -78 [da:37:a1:d5:0f:ca]
RSSI: -78 [da:37:a1:e5:0f:fa]
RSSI: -76 [da:37:a1:e5:0f:fa]
RSSI: -78 [da:37:a1:f2:10:1a]
RSSI: -78 [da:37:a2:02:10:4a]
RSSI: -77 [da:37:a2:02:10:4a]
RSSI: -77 [da:37:a2:12:10:7a]
RSSI: -76 [da:37:a2:1f:10:9a]
RSSI: -76 [da:37:a2:1f:10:9a]
RSSI: -94 [da:35:be:20:15:eb]
RSSI: -73 [da:37:a2:2f:10:ca]
RSSI: -73 [da:37:a2:2f:10:ca]
RSSI: -73 [da:37:a2:3f:10:fa]
RSSI: -85 [da:3d:45:36:10:9c]
RSSI: -74 [da:37:a2:4c:11:1a]
RSSI: -74 [da:37:a2:4c:11:1a]
RSSI: -85 [da:3d:45:52:10:ec]
RSSI: -86 [da:3d:45:52:10:ec]
RSSI: -73 [da:37:a2:5c:11:4a]
RSSI: -75 [da:37:a2:6c:11:7a]
RSSI: -75 [da:37:a2:6c:11:7a]
RSSI: -74 [da:37:a2:78:11:9a]
RSSI: -74 [da:37:a2:89:11:ca]
RSSI: -84 [da:3d:45:8c:11:ac]
RSSI: -73 [da:37:a2:99:11:fa]
RSSI: -78 [da:3d:45:9c:11:dc]
RSSI: -78 [da:3d:45:9c:11:dc]
RSSI: -72 [da:37:a2:a5:12:1a]
RSSI: -72 [da:37:a2:a5:12:1a]
RSSI: -73 [da:37:a2:a5:12:1a]
RSSI: -76 [da:3d:45:a8:11:fc]
RSSI: -75 [da:3d:45:a8:11:fc]
RSSI: -73 [da:37:a2:b6:12:4a]
RSSI: -73 [da:37:a2:b6:12:4a]
RSSI: -73 [da:37:a2:c6:12:7a]
RSSI: -75 [da:3d:45:b8:12:2c]
RSSI: -75 [da:3d:45:c7:12:5c]
RSSI: -73 [da:37:a2:d2:12:9a]
RSSI: -72 [da:3d:45:d3:12:8c]
RSSI: -73 [da:37:a2:d2:12:9a]
RSSI: -72 [da:37:a2:e3:12:ca]
RSSI: -72 [da:3d:45:e3:12:bc]
RSSI: -71 [da:3d:45:e3:12:bc]
RSSI: -72 [da:37:a2:f3:12:fa]
RSSI: -73 [da:3d:45:f2:12:ec]
RSSI: -72 [da:37:a2:f3:12:fa]
RSSI: -72 [da:3d:45:f2:12:ec]
RSSI: -72 [da:37:a2:ff:13:1a]
RSSI: -72 [da:3d:45:ff:13:0c]
RSSI: -70 [da:37:a3:0f:13:4a]
RSSI: -70 [da:3d:46:0e:13:3c]
RSSI: -71 [da:37:a3:0f:13:4a]
RSSI: -72 [da:3d:46:1d:13:6c]
RSSI: -70 [da:37:a3:20:13:7a]
RSSI: -72 [da:3d:46:1d:13:6c]
RSSI: -70 [da:37:a3:2c:13:9a]
RSSI: -73 [da:3d:46:2a:13:9c]
RSSI: -71 [da:37:a3:2c:13:9a]
RSSI: -73 [da:3d:46:2a:13:9c]
RSSI: -72 [da:37:a3:3c:13:ca]
RSSI: -72 [da:37:a3:3c:13:ca]
RSSI: -73 [da:37:a3:4d:13:fa]
RSSI: -74 [da:37:a3:4d:13:fa]
RSSI: -76 [da:3d:46:55:14:1c]
RSSI: -74 [da:3d:46:55:14:1c]
RSSI: -75 [da:37:a3:59:14:2a]
RSSI: -79 [da:3d:46:64:14:4c]
RSSI: -76 [da:37:a3:69:14:4a]
RSSI: -81 [da:3d:46:64:14:4c]
RSSI: -77 [da:3d:46:74:14:7c]
RSSI: -73 [da:37:a3:7a:14:7a]
RSSI: -82 [da:3d:46:80:14:ac]
RSSI: -71 [da:37:a3:7a:14:7a]
RSSI: -70 [da:37:a3:8f:14:ba]
RSSI: -89 [da:3d:46:90:14:dc]
RSSI: -66 [da:37:a3:9f:14:ea]
RSSI: -83 [da:3d:46:9f:15:0c]
RSSI: -68 [da:37:a3:9f:14:ea]
RSSI: -85 [da:3d:46:9f:15:0c]
RSSI: -66 [da:37:a3:af:15:1a]
RSSI: -80 [da:3d:46:ac:15:2c]
RSSI: -66 [da:37:a3:bc:15:3a]
RSSI: -65 [da:37:a3:bc:15:3a]
RSSI: -66 [da:37:a3:cc:15:6a]
RSSI: -61 [da:37:a3:d9:15:8a]
RSSI: -82 [da:3d:46:d7:15:bc]
RSSI: -64 [da:37:a3:d9:15:8a]
RSSI: -86 [da:3d:46:d7:15:bc]
RSSI: -63 [da:37:a3:e9:15:ba]
RSSI: -88 [da:3d:46:e6:15:ec]
RSSI: -63 [da:37:a3:f5:15:da]
RSSI: -87 [da:3d:46:f6:16:1c]
RSSI: -62 [da:37:a3:f5:15:da]
RSSI: -60 [da:37:a4:02:15:fa]
RSSI: -60 [da:37:a4:02:15:fa]
RSSI: -62 [da:37:a4:0f:16:2a]
RSSI: -63 [da:37:a4:1c:00:2a]
RSSI: -63 [da:37:a4:1c:00:2a]
RSSI: -61 [da:37:a4:28:00:4a]
RSSI: -64 [da:37:a4:35:00:6a]
RSSI: -65 [da:37:a4:42:00:9a]
RSSI: -65 [da:37:a4:42:00:9a]
RSSI: -65 [da:37:a4:42:00:9a]
RSSI: -64 [da:37:a4:4e:00:ba]
RSSI: -66 [da:37:a4:5b:00:da]
RSSI: -69 [da:37:a4:68:01:0a]
RSSI: -70 [da:37:a4:74:01:2a]
RSSI: -73 [da:37:a4:81:01:4a]
RSSI: -77 [da:37:a4:8e:01:6a]
RSSI: -78 [da:37:a4:9a:01:9a]
RSSI: -77 [da:37:a4:a7:01:ba]
RSSI: -77 [da:37:a4:a7:01:ba]
RSSI: -76 [da:37:a4:b4:01:da]
RSSI: -70 [da:37:a4:c1:01:fa]
RSSI: -74 [da:37:a4:cd:02:2a]
RSSI: -73 [da:37:a4:cd:02:2a]
RSSI: -73 [da:37:a4:cd:02:2a]
RSSI: -73 [da:37:a4:da:02:4a]
RSSI: -70 [da:37:a4:e7:02:6a]
RSSI: -74 [da:37:a4:f3:02:9a]
RSSI: -74 [da:37:a4:f3:02:9a]
RSSI: -76 [da:37:a5:00:02:ba]
RSSI: -74 [da:37:a5:0d:02:da]
RSSI: -79 [da:37:a5:1a:03:0a]
RSSI: -79 [da:37:a5:1a:03:0a]
RSSI: -80 [da:37:a5:26:03:2a]
RSSI: -75 [da:37:a5:33:03:4a]
RSSI: -75 [da:37:a5:33:03:4a]
RSSI: -79 [da:37:a5:40:03:6a]
RSSI: -77 [da:37:a5:40:03:6a]
RSSI: -78 [da:37:a5:4d:03:8a]
RSSI: -73 [da:37:a5:59:03:aa]
RSSI: -73 [da:37:a5:59:03:aa]
RSSI: -78 [da:37:a5:66:03:da]
RSSI: -77 [da:37:a5:66:03:da]
RSSI: -79 [da:37:a5:73:03:fa]
RSSI: -79 [da:37:a5:7f:04:1a]
RSSI: -78 [da:37:a5:7f:04:1a]
RSSI: -80 [da:37:a5:8c:04:4a]
RSSI: -82 [da:37:a5:8c:04:4a]
RSSI: -82 [da:37:a5:99:04:6a]
RSSI: -79 [da:37:a5:a6:04:8a]
RSSI: -74 [da:37:a5:a6:04:8a]
RSSI: -79 [da:37:a5:b2:04:aa]
RSSI: -77 [da:37:a5:b2:04:aa]
RSSI: -77 [da:37:a5:bf:04:da]
RSSI: -88 [da:3d:48:c4:05:1c]
RSSI: -76 [da:37:a5:cc:04:fa]
RSSI: -77 [da:37:a5:cc:04:fa]
RSSI: -77 [da:37:a5:d9:05:1a]
RSSI: -77 [da:37:a5:d9:05:1a]
RSSI: -87 [da:3d:48:d3:05:4c]
RSSI: -80 [da:37:a5:e5:05:3a]
RSSI: -80 [da:37:a5:e5:05:3a]
RSSI: -79 [da:37:a5:f2:05:6a]
RSSI: -78 [da:37:a5:f2:05:6a]
RSSI: -79 [da:37:a5:ff:05:8a]
RSSI: -78 [da:37:a6:0c:05:aa]
RSSI: -78 [da:37:a6:0c:05:aa]
RSSI: -76 [da:37:a6:18:05:da]
RSSI: -75 [da:37:a6:18:05:da]
RSSI: -76 [da:37:a6:25:05:fa]
RSSI: -75 [da:37:a6:25:05:fa]
RSSI: -76 [da:37:a6:32:06:1a]
RSSI: -75 [da:37:a6:32:06:1a]
RSSI: -76 [da:37:a6:32:06:1a]
RSSI: -75 [da:37:a6:3f:06:3a]
RSSI: -76 [da:37:a6:4c:06:6a]
RSSI: -77 [da:37:a6:4c:06:6a]
RSSI: -86 [da:3d:49:4c:06:cc]
RSSI: -78 [da:37:a6:58:06:8a]
RSSI: -77 [da:37:a6:58:06:8a]
RSSI: -77 [da:37:a6:65:06:aa]
RSSI: -76 [da:37:a6:65:06:aa]
RSSI: -77 [da:37:a6:72:06:da]
RSSI: -77 [da:37:a6:72:06:da]
RSSI: -76 [da:37:a6:7f:06:fa]
RSSI: -88 [da:3d:49:78:07:5c]
RSSI: -76 [da:37:a6:7f:06:fa]
RSSI: -77 [da:37:a6:98:07:3a]
RSSI: -80 [da:37:a6:a5:07:5a]
RSSI: -79 [da:37:a6:a5:07:5a]
RSSI: -80 [da:37:a6:b2:07:7a]
RSSI: -83 [da:3d:49:a3:07:dc]
RSSI: -94 [da:3a:af:bd:0c:5e]
RSSI: -80 [da:37:a6:bf:07:aa]
RSSI: -88 [da:3d:49:b3:08:0c]
RSSI: -93 [da:3a:af:bd:0c:5e]
RSSI: -82 [da:37:a6:bf:07:aa]
RSSI: -86 [da:3d:49:bf:08:3c]
RSSI: -80 [da:37:a6:cb:07:ca]
RSSI: -81 [da:37:a6:cb:07:ca]
RSSI: -83 [da:37:a6:d8:07:ea]
RSSI: -80 [da:37:a6:d8:07:ea]
RSSI: -82 [da:37:a6:e5:08:1a]
RSSI: -82 [da:37:a6:e5:08:1a]
RSSI: -78 [da:37:a6:f2:08:3a]
RSSI: -81 [da:37:a6:f2:08:3a]
RSSI: -81 [da:37:a6:fe:08:5a]
RSSI: -78 [da:37:a6:fe:08:5a]
RSSI: -80 [da:37:a7:0b:08:7a]
RSSI: -81 [da:37:a7:0b:08:7a]
RSSI: -80 [da:37:a7:18:08:aa]
RSSI: -81 [da:37:a7:18:08:aa]
RSSI: -94 [da:3a:b0:1d:0d:7e]
RSSI: -82 [da:37:a7:25:08:ca]
RSSI: -81 [da:37:a7:32:08:ea]
RSSI: -84 [da:37:a7:32:08:ea]
RSSI: -86 [da:37:a7:3e:09:1a]
RSSI: -84 [da:37:a7:3e:09:1a]
RSSI: -93 [da:3d:4a:42:09:dc]
RSSI: -87 [da:37:a7:4b:09:3a]
RSSI: -89 [da:3a:b0:53:0e:0e]
RSSI: -90 [da:3d:4a:52:0a:0c]
RSSI: -88 [da:3a:b0:7c:0e:7e]
RSSI: -87 [da:3a:b0:7c:0e:7e]
RSSI: -86 [da:3d:4a:7d:0a:9c]
RSSI: -87 [da:37:a7:8b:09:ea]
RSSI: -88 [da:3a:b0:8b:0e:ae]
RSSI: -88 [da:3a:b0:8b:0e:ae]
RSSI: -86 [da:3a:b0:a5:0e:fe]
RSSI: -89 [da:37:a7:a5:0a:3a]
RSSI: -87 [da:3a:b0:a5:0e:fe]
RSSI: -89 [da:3d:4a:a9:0b:1c]
RSSI: -93 [da:37:a7:b2:0a:5a]
RSSI: -87 [da:3a:b0:b4:0f:1e]
RSSI: -87 [da:3a:b0:b4:0f:1e]
RSSI: -93 [da:37:a7:cc:0a:aa]
RSSI: -93 [da:3d:4a:c5:0b:7c]
RSSI: -88 [da:3a:b0:cf:0f:6e]
RSSI: -88 [da:3a:b0:dd:0f:9e]
RSSI: -88 [da:3a:b0:dd:0f:9e]
RSSI: -88 [da:3a:b0:dd:0f:9e]
RSSI: -88 [da:3d:4a:e4:0b:dc]
RSSI: -86 [da:37:a7:f2:0b:1a]
RSSI: -89 [da:37:a7:f2:0b:1a]
RSSI: -91 [da:3a:b0:f8:0f:de]
RSSI: -85 [da:37:a7:ff:0b:4a]
RSSI: -85 [da:37:a7:ff:0b:4a]
RSSI: -84 [da:37:a8:0b:0b:6a]
RSSI: -86 [da:37:a8:0b:0b:6a]
RSSI: -84 [da:37:a8:18:0b:8a]
RSSI: -85 [da:37:a8:25:0b:ba]
RSSI: -81 [da:37:a8:25:0b:ba]
RSSI: -80 [da:37:a8:32:0b:da]
RSSI: -82 [da:37:a8:32:0b:da]
RSSI: -80 [da:37:a8:3f:0b:fa]
RSSI: -80 [da:37:a8:3f:0b:fa]
RSSI: -80 [da:37:a8:4c:0c:1a]
RSSI: -79 [da:37:a8:4c:0c:1a]
RSSI: -79 [da:37:a8:58:0c:4a]
RSSI: -79 [da:37:a8:58:0c:4a]
RSSI: -79 [da:37:a8:66:0c:6a]
RSSI: -79 [da:37:a8:66:0c:6a]
RSSI: -80 [da:37:a8:72:0c:8a]
RSSI: -80 [da:37:a8:72:0c:8a]
RSSI: -80 [da:37:a8:7f:0c:ba]
RSSI: -78 [da:37:a8:7f:0c:ba]
RSSI: -81 [da:37:a8:8c:0c:da]
RSSI: -80 [da:37:a8:8c:0c:da]
RSSI: -82 [da:37:a8:99:0c:fa]
RSSI: -90 [da:3d:4b:93:0e:0c]
RSSI: -81 [da:37:a8:a6:0d:1a]
RSSI: -78 [da:37:a8:a6:0d:1a]
RSSI: -81 [da:37:a8:b3:0d:4a]
RSSI: -80 [da:37:a8:b3:0d:4a]
RSSI: -91 [da:3d:4b:af:0e:5c]
RSSI: -80 [da:37:a8:c0:0d:6a]
RSSI: -80 [da:37:a8:cc:0d:8a]
RSSI: -77 [da:37:a8:cc:0d:8a]
RSSI: -79 [da:37:a8:d9:0d:ba]
RSSI: -91 [da:3d:4b:db:0e:ec]
RSSI: -78 [da:37:a8:e6:0d:da]
RSSI: -85 [da:3d:4b:eb:0f:1c]
RSSI: -74 [da:37:a8:f3:0d:fa]
RSSI: -74 [da:37:a8:f3:0d:fa]
RSSI: -78 [da:37:a9:00:0e:1a]
RSSI: -87 [da:3d:4b:f7:0f:3c]
RSSI: -77 [da:37:a9:00:0e:1a]
RSSI: -78 [da:37:a9:0d:0e:4a]
RSSI: -88 [da:3d:4c:07:0f:6c]
RSSI: -74 [da:37:a9:19:0e:6a]
RSSI: -74 [da:37:a9:19:0e:6a]
RSSI: -79 [da:37:a9:26:0e:8a]
RSSI: -78 [da:37:a9:26:0e:8a]
RSSI: -85 [da:3d:4c:23:0f:cc]
RSSI: -79 [da:37:a9:33:0e:ba]
RSSI: -85 [da:3d:4c:33:0f:fc]
RSSI: -86 [da:3d:4c:33:0f:fc]
RSSI: -76 [da:37:a9:40:0e:da]
RSSI: -83 [da:3d:4c:42:10:2c]
RSSI: -77 [da:37:a9:4d:0e:fa]
RSSI: -76 [da:37:a9:4d:0e:fa]
RSSI: -80 [da:3d:4c:4f:10:5c]
RSSI: -88 [da:35:c5:4c:14:eb]
RSSI: -83 [da:3d:4c:4f:10:5c]
RSSI: -77 [da:37:a9:5a:0f:2a]
RSSI: -81 [da:3d:4c:5f:10:8c]
RSSI: -86 [da:35:c5:5b:15:1b]
RSSI: -74 [da:37:a9:67:0f:4a]
RSSI: -79 [da:3d:4c:5f:10:8c]
RSSI: -86 [da:35:c5:5b:15:1b]
RSSI: -86 [da:3d:4c:6e:10:bc]
RSSI: -78 [da:37:a9:74:0f:6a]
RSSI: -76 [da:37:a9:74:0f:6a]
RSSI: -84 [da:3d:4c:6e:10:bc]
RSSI: -77 [da:37:a9:74:0f:6a]
RSSI: -77 [da:37:a9:81:0f:9a]
RSSI: -77 [da:37:a9:8d:0f:ba]
RSSI: -86 [da:35:c5:87:15:9b]
RSSI: -86 [da:35:c5:87:15:9b]
RSSI: -75 [da:37:a9:9a:0f:da]
RSSI: -87 [da:35:c5:96:15:cb]
RSSI: -75 [da:37:a9:a7:0f:fa]
RSSI: -89 [da:35:c5:a3:15:eb]
RSSI: -79 [da:3d:4c:a7:11:6c]
RSSI: -73 [da:37:a9:b4:10:2a]
RSSI: -76 [da:3d:4c:b6:11:9c]
RSSI: -89 [da:35:c5:b2:16:1b]
RSSI: -76 [da:3d:4c:b6:11:9c]
RSSI: -75 [da:37:a9:c1:10:4a]
RSSI: -75 [da:3d:4c:b6:11:9c]
RSSI: -74 [da:3d:4c:c6:11:cc]
RSSI: -73 [da:3d:4c:c6:11:cc]
RSSI: -77 [da:37:a9:ce:10:6a]
RSSI: -87 [da:35:c5:ce:16:6b]
RSSI: -72 [da:3d:4c:d3:11:fc]
RSSI: -76 [da:37:a9:db:10:9a]
RSSI: -70 [da:3d:4c:e2:12:2c]
RSSI: -78 [da:37:a9:e8:10:ba]
RSSI: -70 [da:3d:4c:e2:12:2c]
RSSI: -89 [da:35:c5:ed:00:5b]
RSSI: -71 [da:3d:4c:f2:12:5c]
RSSI: -77 [da:37:a9:f5:10:da]
RSSI: -70 [da:3d:4c:f2:12:5c]
RSSI: -77 [da:37:aa:01:11:0a]
RSSI: -70 [da:3d:4c:fe:12:8c]
RSSI: -77 [da:37:aa:0e:11:2a]
RSSI: -86 [da:35:c6:09:00:ab]
RSSI: -69 [da:3d:4d:0e:12:bc]
RSSI: -78 [da:37:aa:1b:11:4a]
RSSI: -79 [da:37:aa:1b:11:4a]
RSSI: -68 [da:3d:4d:1e:12:ec]
RSSI: -77 [da:37:aa:28:11:6a]
RSSI: -69 [da:3d:4d:2a:13:0c]
RSSI: -69 [da:3d:4d:2a:13:0c]
RSSI: -81 [da:37:aa:35:11:9a]
RSSI: -70 [da:3d:4d:3a:13:3c]
RSSI: -81 [da:37:aa:42:11:ba]
RSSI: -70 [da:3d:4d:3a:13:3c]
RSSI: -82 [da:37:aa:42:11:ba]
RSSI: -70 [da:3d:4d:4a:13:6c]
RSSI: -82 [da:37:aa:4f:11:da]
RSSI: -71 [da:3d:4d:56:13:9c]
RSSI: -80 [da:37:aa:5c:12:0a]
RSSI: -71 [da:3d:4d:56:13:9c]
RSSI: -77 [da:37:aa:69:12:2a]
RSSI: -72 [da:3d:4d:66:13:cc]
RSSI: -72 [da:3d:4d:66:13:cc]
RSSI: -77 [da:37:aa:69:12:2a]
RSSI: -72 [da:3d:4d:66:13:cc]
RSSI: -76 [da:37:aa:75:12:4a]
RSSI: -75 [da:37:aa:75:12:4a]
RSSI: -74 [da:3d:4d:76:13:fc]
RSSI: -75 [da:37:aa:83:12:7a]
RSSI: -75 [da:3d:4d:82:14:1c]
RSSI: -76 [da:3d:4d:82:14:1c]
RSSI: -76 [da:37:aa:90:12:9a]
RSSI: -74 [da:37:aa:90:12:9a]
RSSI: -78 [da:3d:4d:92:14:4c]
RSSI: -80 [da:3d:4d:92:14:4c]
RSSI: -74 [da:37:aa:9c:12:ba]
RSSI: -76 [da:37:aa:9c:12:ba]
RSSI: -81 [da:3d:4d:a1:14:7c]
RSSI: -87 [da:3d:4d:a1:14:7c]
RSSI: -74 [da:37:aa:a9:12:ea]
RSSI: -76 [da:37:aa:b6:13:0a]
RSSI: -76 [da:37:aa:b6:13:0a]
RSSI: -74 [da:37:aa:c3:13:3a]
RSSI: -84 [da:3d:4d:be:14:dc]
RSSI: -76 [da:37:aa:c3:13:3a]
RSSI: -91 [da:3d:4d:be:14:dc]
RSSI: -77 [da:37:aa:d0:13:5a]
RSSI: -84 [da:3d:4d:cd:15:0c]
RSSI: -77 [da:37:aa:d0:13:5a]
RSSI: -74 [da:37:aa:d0:13:5a]
RSSI: -82 [da:3d:4d:cd:15:0c]
RSSI: -75 [da:37:aa:dd:13:7a]
RSSI: -81 [da:3d:4d:da:15:2c]
RSSI: -74 [da:37:aa:dd:13:7a]
RSSI: -73 [da:37:aa:ea:13:aa]
RSSI: -82 [da:3d:4d:ea:15:5c]
RSSI: -81 [da:3d:4d:ea:15:5c]
RSSI: -72 [da:37:aa:f7:13:ca]
RSSI: -81 [da:3d:4d:ea:15:5c]
RSSI: -70 [da:37:aa:f7:13:ca]
RSSI: -83 [da:3d:4d:f9:15:8c]
RSSI: -85 [da:3d:4d:f9:15:8c]
RSSI: -72 [da:37:ab:04:13:ea]
RSSI: -70 [da:37:ab:04:13:ea]
RSSI: -67 [da:37:ab:11:14:0a]
RSSI: -68 [da:37:ab:11:14:0a]
RSSI: -67 [da:37:ab:1e:14:3a]
RSSI: -65 [da:37:ab:1e:14:3a]
RSSI: -66 [da:37:ab:2b:14:5a]
RSSI: -66 [da:37:ab:2b:14:5a]
RSSI: -65 [da:37:ab:2b:14:5a]
RSSI: -63 [da:37:ab:37:14:7a]
RSSI: -66 [da:37:ab:37:14:7a]
RSSI: -65 [da:37:ab:45:14:aa]
RSSI: -63 [da:37:ab:45:14:aa]
RSSI: -66 [da:37:ab:52:14:ca]
RSSI: -64 [da:37:ab:52:14:ca]
RSSI: -64 [da:37:ab:52:14:ca]
RSSI: -63 [da:37:ab:5e:14:ea]
RSSI: -65 [da:37:ab:5e:14:ea]
RSSI: -64 [da:37:ab:6b:15:1a]
RSSI: -62 [da:37:ab:6b:15:1a]
RSSI: -65 [da:37:ab:78:15:3a]
RSSI: -64 [da:37:ab:78:15:3a]
RSSI: -65 [da:37:ab:85:15:5a]
RSSI: -65 [da:37:ab:85:15:5a]
RSSI: -63 [da:37:ab:92:15:8a]
RSSI: -61 [da:37:ab:92:15:8a]
RSSI: -64 [da:37:ab:9f:15:aa]
RSSI: -63 [da:37:ab:9f:15:aa]
RSSI: -64 [da:37:ab:ac:15:ca]
RSSI: -96 [da:3d:4e:aa:01:4c]
RSSI: -63 [da:37:ab:b9:15:fa]
RSSI: -62 [da:37:ab:b9:15:fa]
RSSI: -61 [da:37:ab:b9:15:fa]
RSSI: -64 [da:37:ab:c6:16:1a]
RSSI: -64 [da:37:ab:c6:16:1a]
RSSI: -65 [da:37:ab:d3:16:3a]
RSSI: -64 [da:37:ab:e0:00:2a]
RSSI: -67 [da:37:ab:ed:00:4a]
RSSI: -67 [da:37:ab:ed:00:4a]
RSSI: -70 [da:37:ab:fa:00:6a]
RSSI: -71 [da:37:ac:07:00:9a]
RSSI: -74 [da:37:ac:14:00:ba]
RSSI: -74 [da:37:ac:14:00:ba]
RSSI: -74 [da:37:ac:14:00:ba]
RSSI: -75 [da:37:ac:21:00:da]
RSSI: -69 [da:37:ac:2e:01:0a]
RSSI: -72 [da:37:ac:3b:01:2a]
RSSI: -72 [da:37:ac:48:01:4a]
RSSI: -68 [da:37:ac:55:01:7a]
RSSI: -72 [da:37:ac:62:01:9a]
RSSI: -75 [da:37:ac:6f:01:ba]
RSSI: -75 [da:37:ac:6f:01:ba]
RSSI: -73 [da:37:ac:7c:01:ea]
RSSI: -73 [da:37:ac:7c:01:ea]
RSSI: -79 [da:37:ac:89:02:0a]
RSSI: -83 [da:37:ac:96:02:2a]
RSSI: -80 [da:37:ac:96:02:2a]
RSSI: -92 [da:3d:4f:93:04:1c]
RSSI: -74 [da:37:ac:a3:02:5a]
RSSI: -81 [da:37:ac:a3:02:5a]
RSSI: -78 [da:37:ac:b0:02:7a]
RSSI: -87 [da:3d:4f:b2:04:8c]
RSSI: -79 [da:37:ac:bd:02:9a]
RSSI: -76 [da:37:ac:bd:02:9a]
RSSI: -85 [da:3d:4f:bf:04:ac]
RSSI: -72 [da:37:ac:ca:02:ba]
RSSI: -84 [da:3d:4f:bf:04:ac]
RSSI: -81 [da:37:ac:ca:02:ba]
RSSI: -77 [da:37:ac:d7:02:ea]
RSSI: -89 [da:3d:4f:cf:04:dc]
RSSI: -77 [da:37:ac:d7:02:ea]
RSSI: -85 [da:37:ac:e4:03:0a]
RSSI: -82 [da:37:ac:e4:03:0a]
RSSI: -77 [da:37:ac:f1:03:2a]
RSSI: -85 [da:37:ac:fe:03:5a]
RSSI: -76 [da:37:ac:fe:03:5a]
RSSI: -86 [da:37:ad:0b:03:7a]
RSSI: -81 [da:37:ad:0b:03:7a]
RSSI: -81 [da:37:ad:0b:03:7a]
RSSI: -75 [da:37:ad:18:03:9a]
RSSI: -83 [da:37:ad:18:03:9a]
RSSI: -79 [da:37:ad:25:03:ca]
RSSI: -77 [da:37:ad:25:03:ca]
RSSI: -83 [da:37:ad:32:03:ea]
RSSI: -81 [da:37:ad:32:03:ea]
RSSI: -86 [da:3d:50:37:06:2c]
RSSI: -89 [da:37:ad:3f:04:0a]
RSSI: -89 [da:37:ad:3f:04:0a]
RSSI: -89 [da:37:ad:4c:04:3a]
RSSI: -84 [da:37:ad:4c:04:3a]
RSSI: -87 [da:37:ad:73:04:aa]
RSSI: -87 [da:3d:50:6f:06:dc]
RSSI: -79 [da:37:ad:73:04:aa]
RSSI: -85 [da:37:ad:80:04:ca]
RSSI: -82 [da:37:ad:80:04:ca]
RSSI: -81 [da:37:ad:8d:04:ea]
RSSI: -82 [da:37:ad:9a:05:1a]
RSSI: -82 [da:37:ad:a7:05:3a]
RSSI: -85 [da:3d:50:9c:07:6c]
RSSI: -82 [da:37:ad:a7:05:3a]
RSSI: -82 [da:37:ad:b4:05:5a]
RSSI: -86 [da:3d:50:bb:07:cc]
RSSI: -81 [da:37:ad:c1:05:8a]
RSSI: -84 [da:37:ad:ce:05:aa]
RSSI: -86 [da:3d:50:c8:07:ec]
RSSI: -80 [da:37:ad:db:05:da]
RSSI: -82 [da:37:ad:db:05:da]
RSSI: -86 [da:3d:50:d8:08:2c]
RSSI: -79 [da:37:ad:e8:05:fa]
RSSI: -80 [da:37:ad:f5:06:1a]
RSSI: -85 [da:3d:50:f4:08:7c]
RSSI: -80 [da:37:ae:02:06:4a]
RSSI: -80 [da:37:ae:02:06:4a]
RSSI: -81 [da:37:ae:10:06:6a]
RSSI: -85 [da:3d:51:04:08:ac]
RSSI: -80 [da:37:ae:10:06:6a]
RSSI: -82 [da:37:ae:1c:06:8a]
RSSI: -82 [da:37:ae:29:06:ba]
RSSI: -82 [da:37:ae:29:06:ba]
RSSI: -81 [da:37:ae:37:06:da]
RSSI: -82 [da:37:ae:37:06:da]
RSSI: -82 [da:37:ae:43:06:fa]
RSSI: -81 [da:37:ae:43:06:fa]
RSSI: -83 [da:37:ae:51:07:1a]
RSSI: -83 [da:37:ae:51:07:1a]
RSSI: -83 [da:37:ae:51:07:1a]
RSSI: -79 [da:37:ae:5e:07:4a]
RSSI: -85 [da:37:ae:5e:07:4a]
RSSI: -88 [da:3d:51:5d:09:cc]
RSSI: -84 [da:37:ae:6a:07:6a]
RSSI: -87 [da:3d:51:5d:09:cc]
RSSI: -80 [da:37:ae:6a:07:6a]
RSSI: -86 [da:37:ae:78:07:8a]
RSSI: -86 [da:37:ae:78:07:8a]
RSSI: -82 [da:37:ae:85:07:ba]
RSSI: -85 [da:3d:51:89:0a:5c]
RSSI: -89 [da:3d:51:89:0a:5c]
RSSI: -82 [da:37:ae:92:07:da]
RSSI: -88 [da:3d:51:99:0a:8c]
RSSI: -91 [da:3d:51:a5:0a:ac]
RSSI: -87 [da:3d:51:d2:0b:3c]
RSSI: -83 [da:37:ae:e0:08:ba]
RSSI: -89 [da:37:ae:ed:08:da]
RSSI: -87 [da:3d:51:e2:0b:6c]
RSSI: -89 [da:37:ae:ed:08:da]
RSSI: -87 [da:3d:51:fe:0b:cc]
RSSI: -94 [da:3a:b8:10:0d:8e]
RSSI: -92 [da:37:af:15:09:4a]
RSSI: -90 [da:3d:52:1e:0c:2c]
RSSI: -91 [da:3a:b8:3a:0e:0e]
RSSI: -90 [da:3a:b8:47:0e:2e]
RSSI: -87 [da:3a:b8:55:0e:4e]
RSSI: -91 [da:37:af:56:0a:0a]
RSSI: -92 [da:3a:b8:55:0e:4e]
RSSI: -90 [da:37:af:7d:0a:7a]
RSSI: -95 [da:3d:52:77:0d:4c]
RSSI: -87 [da:37:af:8a:0a:9a]
RSSI: -86 [da:3d:52:83:0d:7c]
RSSI: -83 [da:37:af:98:0a:ca]
RSSI: -84 [da:37:af:98:0a:ca]
RSSI: -88 [da:3d:52:93:0d:ac]
RSSI: -83 [da:37:af:a4:0a:ea]
RSSI: -82 [da:37:af:b2:0b:0a]
RSSI: -81 [da:37:af:bf:0b:3a]
RSSI: -92 [da:3d:52:b0:0d:fc]
RSSI: -82 [da:37:af:bf:0b:3a]
RSSI: -87 [da:3d:52:c0:0e:3c]
RSSI: -80 [da:37:af:cc:0b:5a]
RSSI: -80 [da:37:af:d9:0b:7a]
RSSI: -80 [da:37:af:d9:0b:7a]
RSSI: -81 [da:37:af:e6:0b:aa]
RSSI: -81 [da:37:af:e6:0b:aa]
RSSI: -81 [da:37:af:f3:0b:ca]
RSSI: -89 [da:3d:52:fc:0e:fc]
RSSI: -84 [da:37:b0:0e:0c:1a]
RSSI: -82 [da:37:b0:0e:0c:1a]
RSSI: -86 [da:3d:53:09:0f:1c]
RSSI: -85 [da:3d:53:19:0f:4c]
RSSI: -79 [da:37:b0:28:0c:5a]
RSSI: -82 [da:37:b0:35:0c:8a]
RSSI: -83 [da:37:b0:42:0c:aa]
RSSI: -95 [da:35:cc:38:13:3b]
RSSI: -83 [da:37:b0:4f:0c:da]
RSSI: -83 [da:37:b0:4f:0c:da]
RSSI: -81 [da:37:b0:4f:0c:da]
RSSI: -85 [da:3d:53:55:10:0c]
RSSI: -83 [da:3d:53:62:10:3c]
RSSI: -83 [da:3d:53:72:10:6c]
RSSI: -82 [da:37:b0:7c:0d:5a]
RSSI: -82 [da:37:b0:7c:0d:5a]
RSSI: -81 [da:3d:53:81:10:9c]
RSSI: -79 [da:3d:53:81:10:9c]
RSSI: -81 [da:37:b0:8c:0d:7a]
RSSI: -82 [da:37:b0:8c:0d:7a]
RSSI: -82 [da:37:b0:8c:0d:7a]
RSSI: -83 [da:3d:53:8e:10:cc]
RSSI: -83 [da:37:b0:99:0d:aa]
RSSI: -81 [da:37:b0:99:0d:aa]
RSSI: -85 [da:37:b0:a6:0d:ca]
RSSI: -90 [da:3d:53:9e:10:fc]
RSSI: -84 [da:37:b0:a6:0d:ca]
RSSI: -83 [da:37:b0:b3:0d:ea]
RSSI: -83 [da:37:b0:c0:0e:1a]
RSSI: -83 [da:37:b0:ce:0e:3a]
RSSI: -81 [da:3d:53:cb:11:8c]
RSSI: -80 [da:3d:53:cb:11:8c]
RSSI: -78 [da:3d:53:db:11:bc]
RSSI: -83 [da:37:b0:db:0e:6a]
RSSI: -76 [da:3d:53:db:11:bc]
RSSI: -83 [da:37:b0:e8:0e:8a]
RSSI: -75 [da:3d:53:e7:11:dc]
RSSI: -73 [da:3d:53:e7:11:dc]
RSSI: -87 [da:37:b0:f5:0e:aa]
RSSI: -72 [da:3d:53:f7:12:0c]
RSSI: -87 [da:37:b1:02:0e:da]
RSSI: -72 [da:3d:53:f7:12:0c]
RSSI: -70 [da:3d:54:07:12:3c]
RSSI: -71 [da:3d:54:07:12:3c]
RSSI: -70 [da:3d:54:14:12:6c]
RSSI: -89 [da:35:cd:14:15:bb]
RSSI: -89 [da:37:b1:1c:0f:2a]
RSSI: -86 [da:35:cd:14:15:bb]
RSSI: -70 [da:3d:54:24:12:9c]
RSSI: -69 [da:3d:54:24:12:9c]
RSSI: -81 [da:37:b1:36:0f:6a]
RSSI: -69 [da:3d:54:34:12:cc]
RSSI: -70 [da:3d:54:34:12:cc]
RSSI: -88 [da:35:cd:31:16:0b]
RSSI: -83 [da:37:b1:44:0f:9a]
RSSI: -69 [da:3d:54:40:12:ec]
RSSI: -86 [da:35:cd:40:16:3b]
RSSI: -87 [da:37:b1:5e:0f:da]
RSSI: -71 [da:3d:54:60:13:5c]
RSSI: -70 [da:3d:54:60:13:5c]
RSSI: -87 [da:35:cd:5d:00:0b]
RSSI: -86 [da:37:b1:6b:10:0a]
RSSI: -70 [da:3d:54:60:13:5c]
RSSI: -84 [da:37:b1:6b:10:0a]
RSSI: -72 [da:3d:54:6d:13:7c]
RSSI: -72 [da:3d:54:6d:13:7c]
RSSI: -84 [da:37:b1:79:10:2a]
RSSI: -88 [da:35:cd:6d:00:2b]
RSSI: -72 [da:3d:54:7d:13:ac]
RSSI: -73 [da:3d:54:7d:13:ac]
RSSI: -73 [da:3d:54:8d:13:dc]
RSSI: -79 [da:37:b1:93:10:7a]
RSSI: -74 [da:3d:54:8d:13:dc]
RSSI: -84 [da:37:b1:a0:10:9a]
RSSI: -75 [da:3d:54:99:14:0c]
RSSI: -80 [da:37:b1:a0:10:9a]
RSSI: -91 [da:35:cd:99:00:bb]
RSSI: -77 [da:3d:54:aa:14:3c]
RSSI: -85 [da:37:b1:ad:10:ba]
RSSI: -79 [da:3d:54:aa:14:3c]
RSSI: -79 [da:3d:54:aa:14:3c]
RSSI: -86 [da:3d:54:b9:14:6c]
RSSI: -83 [da:3d:54:b9:14:6c]
RSSI: -82 [da:37:b1:d5:11:3a]
RSSI: -80 [da:37:b1:d5:11:3a]
RSSI: -80 [da:37:b1:e2:11:5a]
RSSI: -85 [da:3d:54:d6:14:cc]
RSSI: -80 [da:37:b1:e2:11:5a]
RSSI: -79 [da:37:b1:ef:11:7a]
RSSI: -85 [da:3d:54:e6:14:fc]
RSSI: -76 [da:37:b1:fc:11:aa]
RSSI: -87 [da:3d:54:f3:15:2c]
RSSI: -77 [da:37:b1:fc:11:aa]
RSSI: -78 [da:37:b2:0a:11:ca]
RSSI: -82 [da:3d:55:03:15:5c]
RSSI: -75 [da:37:b2:0a:11:ca]
RSSI: -85 [da:3d:55:03:15:5c]
RSSI: -76 [da:37:b2:17:11:ea]
RSSI: -83 [da:3d:55:13:15:8c]
RSSI: -75 [da:37:b2:17:11:ea]
RSSI: -82 [da:3d:55:13:15:8c]
RSSI: -76 [da:37:b2:24:12:1a]
RSSI: -77 [da:37:b2:24:12:1a]
RSSI: -84 [da:3d:55:1f:15:ac]
RSSI: -75 [da:37:b2:24:12:1a]
RSSI: -84 [da:3d:55:1f:15:ac]
RSSI: -76 [da:37:b2:31:12:3a]
RSSI: -80 [da:37:b2:31:12:3a]
RSSI: -79 [da:37:b2:3f:12:5a]
RSSI: -79 [da:37:b2:3f:12:5a]
RSSI: -88 [da:37:b2:4b:12:8a]
RSSI: -90 [da:3d:55:4c:16:3c]
RSSI: -83 [da:37:b2:67:12:ca]
RSSI: -79 [da:37:b2:67:12:ca]
RSSI: -78 [da:37:b2:67:12:ca]
RSSI: -79 [da:37:b2:73:12:fa]
RSSI: -89 [da:3d:55:6c:00:0c]
RSSI: -78 [da:37:b2:73:12:fa]
RSSI: -76 [da:37:b2:81:13:1a]
RSSI: -72 [da:37:b2:8e:13:3a]
RSSI: -91 [da:3d:55:99:00:8c]
RSSI: -73 [da:37:b2:9b:13:5a]
RSSI: -90 [da:3d:55:99:00:8c]
RSSI: -72 [da:37:b2:a8:13:8a]
RSSI: -70 [da:37:b2:a8:13:8a]
RSSI: -68 [da:37:b2:b6:13:aa]
RSSI: -68 [da:37:b2:c2:13:da]
RSSI: -91 [da:3d:55:c5:01:1c]
RSSI: -68 [da:37:b2:d0:13:fa]
RSSI: -66 [da:37:b2:d0:13:fa]
RSSI: -65 [da:37:b2:dd:14:2a]
RSSI: -66 [da:37:b2:dd:14:2a]
RSSI: -65 [da:37:b2:ea:14:4a]
RSSI: -64 [da:37:b2:ea:14:4a]
RSSI: -66 [da:37:b2:f8:14:6a]
RSSI: -65 [da:37:b2:f8:14:6a]
RSSI: -63 [da:37:b3:05:14:9a]
RSSI: -65 [da:37:b3:05:14:9a]
RSSI: -65 [da:37:b3:12:14:ba]
RSSI: -64 [da:37:b3:12:14:ba]
RSSI: -66 [da:37:b3:1f:14:da]
RSSI: -65 [da:37:b3:1f:14:da]
RSSI: -91 [da:3d:56:1f:02:3c]
RSSI: -66 [da:37:b3:2d:15:0a]
RSSI: -66 [da:37:b3:39:15:2a]
RSSI: -67 [da:37:b3:47:15:5a]
RSSI: -70 [da:37:b3:55:15:7a]
RSSI: -69 [da:37:b3:61:15:9a]
RSSI: -74 [da:37:b3:6f:15:ca]
RSSI: -76 [da:37:b3:7c:15:ea]
RSSI: -79 [da:37:b3:7c:15:ea]
RSSI: -80 [da:37:b3:89:16:0a]
RSSI: -82 [da:37:b3:89:16:0a]
RSSI: -82 [da:37:b3:97:00:2a]
RSSI: -76 [da:37:b3:97:00:2a]
RSSI: -82 [da:37:b3:a4:00:4a]
RSSI: -78 [da:37:b3:a4:00:4a]
RSSI: -72 [da:37:b3:b1:00:7a]
RSSI: -78 [da:37:b3:b1:00:7a]
RSSI: -76 [da:37:b3:be:00:9a]
RSSI: -71 [da:37:b3:be:00:9a]
RSSI: -76 [da:37:b3:cc:00:ca]
RSSI: -75 [da:37:b3:cc:00:ca]
RSSI: -87 [da:3d:56:d2:04:6c]
RSSI: -75 [da:37:b3:d8:00:ea]
RSSI: -76 [da:37:b3:e6:01:0a]
RSSI: -77 [da:37:b3:e6:01:0a]
RSSI: -76 [da:37:b3:f4:01:3a]
RSSI: -87 [da:3d:56:ef:04:bc]
RSSI: -77 [da:37:b3:f4:01:3a]
RSSI: -85 [da:3d:56:ef:04:bc]
RSSI: -79 [da:37:b4:00:01:5a]
RSSI: -88 [da:3d:56:ff:04:fc]
RSSI: -79 [da:37:b4:0e:01:8a]
RSSI: -81 [da:37:b4:1b:01:aa]
RSSI: -80 [da:37:b4:28:01:ca]
RSSI: -82 [da:37:b4:28:01:ca]
RSSI: -77 [da:37:b4:36:01:fa]
RSSI: -79 [da:37:b4:36:01:fa]
RSSI: -80 [da:37:b4:43:02:1a]
RSSI: -83 [da:37:b4:50:02:3a]
RSSI: -80 [da:37:b4:50:02:3a]
RSSI: -79 [da:37:b4:5d:02:6a]
RSSI: -87 [da:37:b4:5d:02:6a]
RSSI: -82 [da:37:b4:6b:02:8a]
RSSI: -78 [da:37:b4:6b:02:8a]
RSSI: -87 [da:37:b4:85:02:da]
RSSI: -85 [da:37:b4:85:02:da]
RSSI: -83 [da:37:b4:93:02:fa]
RSSI: -92 [da:3d:57:92:06:cc]
RSSI: -82 [da:37:b4:9f:03:1a]
RSSI: -86 [da:37:b4:9f:03:1a]
RSSI: -83 [da:37:b4:ad:03:4a]
RSSI: -91 [da:3d:57:b2:07:2c]
RSSI: -82 [da:37:b4:bb:03:6a]
RSSI: -91 [da:3d:57:bf:07:4c]
RSSI: -82 [da:37:b4:c7:03:8a]
RSSI: -89 [da:3d:57:bf:07:4c]
RSSI: -86 [da:37:b4:d5:03:ba]
RSSI: -89 [da:3d:57:cf:07:8c]
RSSI: -81 [da:37:b4:e2:03:da]
RSSI: -85 [da:37:b4:ef:04:0a]
RSSI: -83 [da:37:b4:fd:04:2a]
RSSI: -84 [da:37:b4:fd:04:2a]
RSSI: -80 [da:37:b5:0a:04:5a]
RSSI: -83 [da:37:b5:0a:04:5a]
RSSI: -81 [da:37:b5:17:04:7a]
RSSI: -93 [da:3d:58:15:08:5c]
RSSI: -81 [da:37:b5:17:04:7a]
RSSI: -83 [da:37:b5:25:04:9a]
RSSI: -81 [da:37:b5:25:04:9a]
RSSI: -80 [da:37:b5:32:04:ca]
RSSI: -83 [da:37:b5:32:04:ca]
RSSI: -81 [da:37:b5:3f:04:ea]
RSSI: -80 [da:37:b5:3f:04:ea]
RSSI: -84 [da:37:b5:4d:05:0a]
RSSI: -82 [da:37:b5:4d:05:0a]
RSSI: -84 [da:37:b5:5a:05:3a]
RSSI: -82 [da:37:b5:67:05:5a]
RSSI: -84 [da:37:b5:74:05:7a]
RSSI: -86 [da:37:b5:82:05:aa]
RSSI: -86 [da:37:b5:82:05:aa]
RSSI: -83 [da:37:b5:8f:05:ca]
RSSI: -83 [da:37:b5:8f:05:ca]
RSSI: -91 [da:3d:58:9a:0a:0c]
RSSI: -84 [da:37:b5:9c:05:fa]
RSSI: -91 [da:3d:58:a7:0a:3c]
RSSI: -86 [da:37:b5:aa:06:1a]
RSSI: -84 [da:37:b5:b7:06:3a]
RSSI: -89 [da:3d:58:b4:0a:5c]
RSSI: -88 [da:37:b5:b7:06:3a]
RSSI: -84 [da:37:b5:c4:06:6a]
RSSI: -89 [da:37:b5:d2:06:8a]
RSSI: -90 [da:3d:58:da:0a:dc]
RSSI: -84 [da:37:b5:ec:06:da]
RSSI: -84 [da:37:b5:ec:06:da]
RSSI: -89 [da:37:b6:14:07:4a]
RSSI: -90 [da:37:b6:64:08:2a]
RSSI: -89 [da:37:b6:72:08:5a]
RSSI: -89 [da:37:b6:9a:08:ba]
RSSI: -93 [da:37:b6:cf:09:5a]
RSSI: -94 [da:3d:59:d8:0d:fc]
RSSI: -93 [da:3a:c0:06:0d:9e]
RSSI: -92 [da:3a:c0:13:0d:ce]
RSSI: -92 [da:3d:5a:31:0f:1c]
RSSI: -89 [da:37:b7:47:0a:ba]
RSSI: -90 [da:3a:c0:4c:0e:6e]
RSSI: -87 [da:37:b7:55:0a:da]
RSSI: -90 [da:3a:c0:5b:0e:9e]
RSSI: -88 [da:37:b7:63:0b:0a]
RSSI: -89 [da:37:b7:6f:0b:2a]
RSSI: -94 [da:3d:5a:71:0f:dc]
RSSI: -92 [da:3a:c0:77:0e:ee]
RSSI: -91 [da:3d:5a:71:0f:dc]
RSSI: -87 [da:37:b7:7d:0b:5a]
RSSI: -84 [da:37:b7:97:0b:9a]
RSSI: -88 [da:3d:5a:97:10:5c]
RSSI: -86 [da:37:b7:a5:0b:ca]
RSSI: -92 [da:3a:c0:bd:0f:be]
RSSI: -87 [da:37:b7:bf:0c:0a]
RSSI: -83 [da:37:b7:cd:0c:3a]
RSSI: -86 [da:37:b7:db:0c:5a]
RSSI: -82 [da:37:b7:db:0c:5a]
RSSI: -82 [da:37:b7:db:0c:5a]
RSSI: -79 [da:37:b7:f5:0c:aa]
RSSI: -79 [da:37:b7:f5:0c:aa]
RSSI: -85 [da:37:b7:f5:0c:aa]
RSSI: -80 [da:3d:5a:fd:11:9c]
RSSI: -87 [da:37:b8:03:0c:da]
RSSI: -80 [da:3d:5b:0a:11:cc]
RSSI: -80 [da:3d:5b:0a:11:cc]
RSSI: -86 [da:37:b8:10:0c:fa]
RSSI: -84 [da:37:b8:1e:0d:1a]
RSSI: -82 [da:37:b8:2b:0d:4a]
RSSI: -76 [da:3d:5b:30:12:3c]
RSSI: -84 [da:37:b8:38:0d:6a]
RSSI: -76 [da:3d:5b:30:12:3c]
RSSI: -84 [da:37:b8:38:0d:6a]
RSSI: -74 [da:3d:5b:3d:12:6c]
RSSI: -84 [da:37:b8:46:0d:9a]
RSSI: -91 [da:35:d4:44:14:9b]
RSSI: -86 [da:37:b8:54:0d:ba]
RSSI: -83 [da:37:b8:54:0d:ba]
RSSI: -90 [da:35:d4:51:14:cb]
RSSI: -75 [da:3d:5b:57:12:bc]
RSSI: -86 [da:37:b8:60:0d:da]
RSSI: -86 [da:37:b8:60:0d:da]
RSSI: -73 [da:3d:5b:63:12:dc]
RSSI: -93 [da:35:d4:61:14:fb]
RSSI: -82 [da:37:b8:6e:0e:0a]
RSSI: -74 [da:3d:5b:70:13:0c]
RSSI: -74 [da:3d:5b:7d:13:2c]
RSSI: -87 [da:35:d4:7d:15:4b]
RSSI: -74 [da:3d:5b:8a:13:5c]
RSSI: -82 [da:37:b8:96:0e:7a]
RSSI: -75 [da:3d:5b:96:13:7c]
RSSI: -80 [da:37:b8:96:0e:7a]
RSSI: -83 [da:37:b8:a4:0e:aa]
RSSI: -88 [da:35:d4:9e:15:ab]
RSSI: -82 [da:37:b8:a4:0e:aa]
RSSI: -75 [da:3d:5b:a3:13:ac]
RSSI: -81 [da:37:b8:b1:0e:ca]
RSSI: -83 [da:37:b8:b1:0e:ca]
RSSI: -77 [da:3d:5b:b0:13:cc]
RSSI: -86 [da:35:d4:aa:15:cb]
RSSI: -83 [da:37:b8:bf:0e:ea]
RSSI: -77 [da:3d:5b:bd:13:fc]
RSSI: -85 [da:35:d4:ba:15:fb]
RSSI: -85 [da:37:b8:d9:0f:3a]
RSSI: -88 [da:3d:5b:d6:14:4c]
RSSI: -85 [da:37:b8:d9:0f:3a]
RSSI: -85 [da:37:b8:e7:0f:5a]
RSSI: -84 [da:3d:5b:e3:14:6c]
RSSI: -85 [da:37:b8:e7:0f:5a]
RSSI: -84 [da:37:b9:01:0f:aa]
RSSI: -92 [da:35:d5:04:00:5b]
RSSI: -87 [da:37:b9:0f:0f:ca]
RSSI: -86 [da:37:b9:1d:0f:fa]
RSSI: -86 [da:3d:5c:16:15:0c]
RSSI: -84 [da:37:b9:2a:10:1a]
RSSI: -86 [da:37:b9:37:10:4a]
RSSI: -88 [da:37:b9:45:10:6a]
RSSI: -88 [da:37:b9:45:10:6a]
RSSI: -83 [da:37:b9:52:10:8a]
RSSI: -84 [da:37:b9:52:10:8a]
RSSI: -82 [da:37:b9:6e:10:ea]
RSSI: -82 [da:37:b9:6e:10:ea]
RSSI: -83 [da:37:b9:7a:11:0a]
RSSI: -82 [da:37:b9:88:11:2a]
RSSI: -82 [da:37:b9:96:11:5a]
RSSI: -82 [da:37:b9:a3:11:7a]
RSSI: -82 [da:37:b9:a3:11:7a]
RSSI: -80 [da:37:b9:b0:11:9a]
RSSI: -80 [da:37:b9:b0:11:9a]
RSSI: -82 [da:37:b9:be:11:ca]
RSSI: -81 [da:37:b9:be:11:ca]
RSSI: -79 [da:37:b9:cb:11:ea]
RSSI: -80 [da:37:b9:cb:11:ea]
RSSI: -77 [da:37:b9:d9:12:1a]
RSSI: -77 [da:37:b9:e7:12:3a]
RSSI: -76 [da:37:b9:e7:12:3a]
RSSI: -75 [da:37:b9:f3:12:6a]
RSSI: -75 [da:37:b9:f3:12:6a]
RSSI: -75 [da:37:b9:f3:12:6a]
RSSI: -73 [da:37:ba:01:12:8a]
RSSI: -73 [da:37:ba:01:12:8a]
RSSI: -71 [da:37:ba:0f:12:aa]
RSSI: -71 [da:37:ba:1c:12:da]
RSSI: -70 [da:37:ba:2a:12:fa]
RSSI: -70 [da:37:ba:2a:12:fa]
RSSI: -69 [da:37:ba:37:13:2a]
RSSI: -70 [da:37:ba:37:13:2a]
RSSI: -69 [da:37:ba:44:13:4a]
RSSI: -69 [da:37:ba:44:13:4a]
RSSI: -70 [da:37:ba:52:13:7a]
RSSI: -70 [da:37:ba:52:13:7a]
RSSI: -70 [da:37:ba:60:13:9a]
RSSI: -70 [da:37:ba:60:13:9a]
RSSI: -69 [da:37:ba:6d:13:ba]
RSSI: -71 [da:37:ba:7b:13:ea]
RSSI: -71 [da:37:ba:88:14:0a]
RSSI: -69 [da:37:ba:95:14:3a]
RSSI: -69 [da:37:ba:95:14:3a]
RSSI: -72 [da:37:ba:a3:14:5a]
RSSI: -72 [da:37:ba:a3:14:5a]
RSSI: -72 [da:37:ba:b1:14:8a]
RSSI: -73 [da:37:ba:b1:14:8a]
RSSI: -71 [da:37:ba:bd:14:aa]
RSSI: -74 [da:37:ba:bd:14:aa]
RSSI: -74 [da:37:ba:cb:14:da]
RSSI: -72 [da:37:ba:cb:14:da]
RSSI: -76 [da:37:ba:d9:14:fa]
RSSI: -76 [da:37:ba:d9:14:fa]
RSSI: -78 [da:37:ba:e6:15:1a]
RSSI: -77 [da:37:ba:f4:15:4a]
RSSI: -93 [da:3d:5d:fe:04:8c]
RSSI: -81 [da:37:bb:02:15:6a]
RSSI: -82 [da:37:bb:0e:15:9a]
RSSI: -80 [da:37:bb:0e:15:9a]
RSSI: -75 [da:37:bb:1c:15:ba]
RSSI: -82 [da:37:bb:1c:15:ba]
RSSI: -91 [da:3d:5e:25:05:0c]
RSSI: -78 [da:37:bb:2a:15:ea]
RSSI: -81 [da:37:bb:37:16:0a]
RSSI: -80 [da:37:bb:37:16:0a]
RSSI: -78 [da:37:bb:37:16:0a]
RSSI: -79 [da:37:bb:37:16:0a]
RSSI: -81 [da:37:bb:45:16:2a]
RSSI: -81 [da:37:bb:45:16:2a]
RSSI: -80 [da:37:bb:53:00:2a]
RSSI: -78 [da:37:bb:53:00:2a]
RSSI: -82 [da:37:bb:60:00:4a]
RSSI: -80 [da:37:bb:60:00:4a]
RSSI: -83 [da:37:bb:6e:00:7a]
RSSI: -86 [da:37:bb:7b:00:9a]
RSSI: -80 [da:37:bb:88:00:ba]
RSSI: -83 [da:37:bb:96:00:ea]
RSSI: -83 [da:37:bb:96:00:ea]
RSSI: -78 [da:37:bb:a4:01:0a]
RSSI: -80 [da:37:bb:a4:01:0a]
RSSI: -77 [da:37:bb:b1:01:3a]
RSSI: -80 [da:37:bb:bf:01:5a]
RSSI: -82 [da:37:bb:bf:01:5a]
RSSI: -80 [da:37:bb:cd:01:8a]
RSSI: -81 [da:37:bb:cd:01:8a]
RSSI: -82 [da:37:bb:cd:01:8a]
RSSI: -86 [da:37:bb:d9:01:aa]
RSSI: -82 [da:37:bb:e7:01:ca]
RSSI: -90 [da:3d:5e:e6:07:6c]
RSSI: -89 [da:3d:5e:f3:07:9c]
RSSI: -80 [da:37:bc:02:02:1a]
RSSI: -79 [da:37:bc:02:02:1a]
RSSI: -81 [da:37:bc:10:02:4a]
RSSI: -82 [da:37:bc:10:02:4a]
RSSI: -79 [da:37:bc:10:02:4a]
RSSI: -89 [da:3d:5f:0d:07:ec]
RSSI: -80 [da:37:bc:1e:02:6a]
RSSI: -82 [da:37:bc:1e:02:6a]
RSSI: -84 [da:37:bc:2a:02:8a]
RSSI: -81 [da:37:bc:2a:02:8a]
RSSI: -83 [da:37:bc:39:02:ba]
RSSI: -84 [da:37:bc:46:02:da]
RSSI: -84 [da:37:bc:46:02:da]
RSSI: -85 [da:37:bc:53:02:fa]
RSSI: -83 [da:37:bc:61:03:2a]
RSSI: -83 [da:37:bc:6f:03:4a]
RSSI: -80 [da:37:bc:7c:03:7a]
RSSI: -82 [da:37:bc:7c:03:7a]
RSSI: -93 [da:3d:5f:81:09:5c]
RSSI: -83 [da:37:bc:8a:03:9a]
RSSI: -82 [da:37:bc:8a:03:9a]
RSSI: -86 [da:37:bc:a4:03:ea]
RSSI: -87 [da:37:bc:c0:04:3a]
RSSI: -86 [da:37:bc:cd:04:5a]
RSSI: -85 [da:37:bc:cd:04:5a]
RSSI: -82 [da:37:bc:db:04:8a]
RSSI: -92 [da:3d:5f:dc:0a:6c]
RSSI: -85 [da:37:bc:db:04:8a]
RSSI: -83 [da:37:bc:e9:04:aa]
RSSI: -84 [da:37:bc:f6:04:ca]
RSSI: -87 [da:3d:5f:f6:0a:cc]
RSSI: -82 [da:37:bd:04:04:fa]
RSSI: -82 [da:37:bd:04:04:fa]
RSSI: -84 [da:37:bd:12:05:2a]
RSSI: -84 [da:37:bd:3b:05:9a]
RSSI: -80 [da:37:bd:47:05:ba]
RSSI: -93 [da:3d:60:44:0b:bc]
RSSI: -82 [da:37:bd:55:05:ea]
RSSI: -81 [da:37:bd:63:06:0a]
RSSI: -83 [da:37:bd:63:06:0a]
RSSI: -82 [da:37:bd:70:06:2a]
RSSI: -82 [da:37:bd:70:06:2a]
RSSI: -83 [da:37:bd:7e:06:5a]
RSSI: -85 [da:37:bd:7e:06:5a]
RSSI: -83 [da:37:bd:8c:06:7a]
RSSI: -84 [da:37:bd:8c:06:7a]
RSSI: -84 [da:37:bd:99:06:aa]
RSSI: -88 [da:37:bd:a7:06:ca]
RSSI: -90 [da:37:bd:e5:07:7a]
RSSI: -90 [da:37:bd:f2:07:9a]
RSSI: -96 [da:37:be:00:07:ca]
RSSI: -86 [da:37:be:37:08:6a]
RSSI: -88 [da:37:be:43:08:8a]
RSSI: -89 [da:37:be:60:08:da]
RSSI: -90 [da:37:be:60:08:da]
RSSI: -86 [da:37:be:89:09:5a]
RSSI: -85 [da:37:be:95:09:7a]
RSSI: -84 [da:37:be:95:09:7a]
RSSI: -86 [da:37:be:a3:09:9a]
RSSI: -82 [da:37:be:a3:09:9a]
RSSI: -82 [da:37:be:b1:09:ca]
RSSI: -84 [da:37:be:b1:09:ca]
RSSI: -82 [da:37:be:be:09:ea]
RSSI: -83 [da:37:be:be:09:ea]
RSSI: -83 [da:37:be:cc:0a:1a]
RSSI: -83 [da:37:be:da:0a:3a]
RSSI: -84 [da:37:be:da:0a:3a]
RSSI: -89 [da:37:be:f5:0a:8a]
RSSI: -83 [da:37:bf:03:0a:ba]
RSSI: -93 [da:37:bf:10:0a:da]
RSSI: -83 [da:37:bf:10:0a:da]
RSSI: -89 [da:37:bf:1e:0b:0a]
RSSI: -86 [da:3d:62:17:11:8c]
RSSI: -84 [da:3d:62:25:11:bc]
RSSI: -84 [da:37:bf:2c:0b:2a]
RSSI: -84 [da:3d:62:25:11:bc]
RSSI: -87 [da:3d:62:25:11:bc]
RSSI: -83 [da:37:bf:2c:0b:2a]
RSSI: -83 [da:3d:62:31:11:dc]
RSSI: -83 [da:37:bf:39:0b:4a]
RSSI: -83 [da:37:bf:39:0b:4a]
RSSI: -82 [da:3d:62:3e:12:0c]
RSSI: -82 [da:37:bf:47:0b:7a]
RSSI: -81 [da:3d:62:3e:12:0c]
RSSI: -81 [da:3d:62:4c:12:2c]
RSSI: -81 [da:3d:62:4c:12:2c]
RSSI: -81 [da:37:bf:55:0b:9a]
RSSI: -80 [da:3d:62:58:12:5c]
RSSI: -80 [da:37:bf:62:0b:ca]
RSSI: -80 [da:37:bf:62:0b:ca]
RSSI: -81 [da:3d:62:66:12:7c]
RSSI: -80 [da:3d:62:66:12:7c]
RSSI: -80 [da:37:bf:70:0b:ea]
RSSI: -81 [da:3d:62:66:12:7c]
RSSI: -79 [da:37:bf:70:0b:ea]
RSSI: -78 [da:3d:62:73:12:ac]
RSSI: -90 [da:3a:c8:72:0f:1e]
RSSI: -80 [da:3d:62:73:12:ac]
RSSI: -82 [da:37:bf:7e:0c:1a]
RSSI: -80 [da:3d:62:7f:12:cc]
RSSI: -81 [da:37:bf:7e:0c:1a]
RSSI: -78 [da:3d:62:7f:12:cc]
RSSI: -81 [da:37:bf:8b:0c:3a]
RSSI: -79 [da:3d:62:8d:12:fc]
RSSI: -80 [da:37:bf:8b:0c:3a]
RSSI: -79 [da:3d:62:8d:12:fc]
RSSI: -80 [da:37:bf:99:0c:6a]
RSSI: -77 [da:3d:62:9a:13:2c]
RSSI: -81 [da:37:bf:99:0c:6a]
RSSI: -78 [da:3d:62:a7:13:4c]
RSSI: -78 [da:3d:62:a7:13:4c]
RSSI: -78 [da:3d:62:b4:13:7c]
RSSI: -78 [da:37:bf:b4:0c:aa]
RSSI: -79 [da:3d:62:b4:13:7c]
RSSI: -81 [da:37:bf:c2:0c:da]
RSSI: -80 [da:37:bf:c2:0c:da]
RSSI: -79 [da:3d:62:c1:13:9c]
RSSI: -79 [da:3d:62:c1:13:9c]
RSSI: -79 [da:37:bf:d0:0d:0a]
RSSI: -79 [da:3d:62:ce:13:cc]
RSSI: -81 [da:3d:62:ce:13:cc]
RSSI: -82 [da:37:bf:eb:0d:4a]
RSSI: -78 [da:37:bf:eb:0d:4a]
RSSI: -83 [da:3d:62:e8:14:1c]
RSSI: -78 [da:37:bf:eb:0d:4a]
RSSI: -77 [da:37:bf:f9:0d:7a]
RSSI: -81 [da:37:bf:f9:0d:7a]
RSSI: -77 [da:37:c0:06:0d:9a]
RSSI: -76 [da:37:c0:06:0d:9a]
RSSI: -77 [da:37:c0:14:0d:ca]
RSSI: -77 [da:37:c0:14:0d:ca]
RSSI: -78 [da:37:c0:22:0d:fa]
RSSI: -79 [da:37:c0:2f:0e:1a]
RSSI: -79 [da:37:c0:3d:0e:4a]
RSSI: -79 [da:37:c0:3d:0e:4a]
RSSI: -84 [da:37:c0:4b:0e:6a]
RSSI: -79 [da:37:c0:4b:0e:6a]
RSSI: -79 [da:37:c0:58:0e:8a]
RSSI: -87 [da:35:dc:55:16:2b]
RSSI: -83 [da:37:c0:58:0e:8a]
RSSI: -86 [da:35:dc:55:16:2b]
RSSI: -78 [da:37:c0:66:0e:ba]
RSSI: -78 [da:37:c0:66:0e:ba]
RSSI: -79 [da:37:c0:74:0e:da]
RSSI: -83 [da:37:c0:81:0f:0a]
RSSI: -92 [da:35:dc:88:00:4b]
RSSI: -84 [da:37:c0:9e:0f:5a]
RSSI: -86 [da:37:c0:aa:0f:7a]
RSSI: -84 [da:37:c0:aa:0f:7a]
RSSI: -84 [da:37:c0:b8:0f:aa]
RSSI: -82 [da:37:c0:c7:0f:ca]
RSSI: -80 [da:37:c0:c7:0f:ca]
RSSI: -81 [da:37:c0:d3:0f:fa]
RSSI: -76 [da:37:c0:e2:10:1a]
RSSI: -79 [da:37:c0:f0:10:4a]
RSSI: -78 [da:37:c0:fc:10:6a]
RSSI: -77 [da:37:c1:0b:10:9a]
RSSI: -77 [da:37:c1:0b:10:9a]
RSSI: -77 [da:37:c1:19:10:ba]
RSSI: -79 [da:37:c1:19:10:ba]
RSSI: -76 [da:37:c1:25:10:ea]
RSSI: -77 [da:37:c1:25:10:ea]
RSSI: -75 [da:37:c1:34:11:0a]
RSSI: -75 [da:37:c1:42:11:3a]
RSSI: -73 [da:37:c1:4f:11:5a]
RSSI: -72 [da:37:c1:5d:11:8a]
RSSI: -71 [da:37:c1:5d:11:8a]
RSSI: -70 [da:37:c1:6b:11:aa]
RSSI: -70 [da:37:c1:6b:11:aa]
RSSI: -70 [da:37:c1:78:11:ca]
RSSI: -69 [da:37:c1:78:11:ca]
RSSI: -69 [da:37:c1:86:11:fa]
RSSI: -69 [da:37:c1:86:11:fa]
RSSI: -68 [da:37:c1:a1:12:4a]
RSSI: -67 [da:37:c1:af:12:6a]
RSSI: -66 [da:37:c1:be:12:9a]
RSSI: -67 [da:37:c1:be:12:9a]
RSSI: -66 [da:37:c1:ca:12:ba]
RSSI: -66 [da:37:c1:ca:12:ba]
RSSI: -66 [da:37:c1:d9:12:da]
RSSI: -66 [da:37:c1:d9:12:da]
RSSI: -66 [da:37:c1:e7:13:0a]
RSSI: -66 [da:37:c1:e7:13:0a]
RSSI: -66 [da:37:c1:f3:13:2a]
RSSI: -66 [da:37:c2:02:13:5a]
RSSI: -67 [da:37:c2:10:13:7a]
RSSI: -67 [da:37:c2:1d:13:aa]
RSSI: -67 [da:37:c2:1d:13:aa]
RSSI: -68 [da:37:c2:2b:13:ca]
RSSI: -67 [da:37:c2:2b:13:ca]
RSSI: -68 [da:37:c2:39:13:fa]
RSSI: -69 [da:37:c2:39:13:fa]
RSSI: -69 [da:37:c2:46:14:1a]
RSSI: -70 [da:37:c2:46:14:1a]
RSSI: -71 [da:37:c2:54:14:4a]
RSSI: -71 [da:37:c2:54:14:4a]
RSSI: -75 [da:37:c2:63:14:6a]
RSSI: -76 [da:37:c2:6f:14:9a]
RSSI: -78 [da:37:c2:7e:14:ba]
RSSI: -76 [da:37:c2:7e:14:ba]
RSSI: -76 [da:37:c2:7e:14:ba]
RSSI: -73 [da:37:c2:8c:14:ea]
RSSI: -77 [da:37:c2:8c:14:ea]
RSSI: -75 [da:37:c2:98:15:0a]
RSSI: -72 [da:37:c2:98:15:0a]
RSSI: -74 [da:37:c2:a7:15:3a]
RSSI: -76 [da:37:c2:b5:15:5a]
RSSI: -74 [da:37:c2:c2:15:7a]
RSSI: -74 [da:37:c2:c2:15:7a]
RSSI: -76 [da:37:c2:d0:15:aa]
RSSI: -77 [da:37:c2:d0:15:aa]
RSSI: -76 [da:37:c2:de:15:ca]
RSSI: -78 [da:37:c2:eb:15:fa]
RSSI: -79 [da:37:c2:f9:16:1a]
RSSI: -79 [da:37:c3:08:00:2a]
RSSI: -80 [da:37:c3:08:00:2a]
RSSI: -77 [da:37:c3:14:00:4a]
RSSI: -77 [da:37:c3:14:00:4a]
RSSI: -75 [da:37:c3:23:00:7a]
RSSI: -75 [da:37:c3:23:00:7a]
RSSI: -76 [da:37:c3:31:00:aa]
RSSI: -75 [da:37:c3:3e:00:ca]
RSSI: -76 [da:37:c3:3e:00:ca]
RSSI: -76 [da:37:c3:4c:00:fa]
RSSI: -77 [da:37:c3:5a:01:1a]
RSSI: -78 [da:37:c3:5a:01:1a]
RSSI: -78 [da:37:c3:5a:01:1a]
RSSI: -78 [da:37:c3:67:01:3a]
RSSI: -75 [da:37:c3:76:01:6a]
RSSI: -75 [da:37:c3:76:01:6a]
RSSI: -76 [da:37:c3:84:01:8a]
RSSI: -76 [da:37:c3:84:01:8a]
RSSI: -73 [da:37:c3:84:01:8a]
RSSI: -74 [da:37:c3:90:01:ba]
RSSI: -75 [da:37:c3:90:01:ba]
RSSI: -75 [da:37:c3:9f:01:da]
RSSI: -75 [da:37:c3:ad:02:0a]
RSSI: -78 [da:37:c3:ba:02:2a]
RSSI: -76 [da:37:c3:c8:02:5a]
RSSI: -75 [da:37:c3:d7:02:7a]
RSSI: -74 [da:37:c3:d7:02:7a]
RSSI: -74 [da:37:c3:e3:02:9a]
RSSI: -74 [da:37:c3:e3:02:9a]
RSSI: -73 [da:37:c3:f2:02:ca]
RSSI: -74 [da:37:c3:f2:02:ca]
RSSI: -74 [da:37:c4:00:02:ea]
RSSI: -74 [da:37:c4:00:02:ea]
RSSI: -75 [da:37:c4:0d:03:1a]
RSSI: -78 [da:37:c4:1b:03:3a]
RSSI: -76 [da:37:c4:2a:03:6a]
RSSI: -77 [da:37:c4:36:03:8a]
RSSI: -76 [da:37:c4:36:03:8a]
RSSI: -75 [da:37:c4:45:03:ba]
RSSI: -76 [da:37:c4:45:03:ba]
RSSI: -76 [da:37:c4:53:03:da]
RSSI: -76 [da:37:c4:53:03:da]
RSSI: -76 [da:37:c4:60:03:fa]
RSSI: -76 [da:37:c4:60:03:fa]
RSSI: -76 [da:37:c4:6e:04:2a]
RSSI: -77 [da:37:c4:6e:04:2a]
RSSI: -79 [da:37:c4:7c:04:5a]
RSSI: -80 [da:37:c4:89:04:7a]
RSSI: -80 [da:37:c4:89:04:7a]
RSSI: -80 [da:37:c4:98:04:9a]
RSSI: -82 [da:37:c4:98:04:9a]
RSSI: -80 [da:37:c4:a6:04:ca]
RSSI: -81 [da:37:c4:a6:04:ca]
RSSI: -79 [da:37:c4:b3:04:ea]
RSSI: -79 [da:37:c4:b3:04:ea]
RSSI: -82 [da:37:c4:c1:05:1a]
RSSI: -82 [da:37:c4:cf:05:3a]
RSSI: -82 [da:37:c4:cf:05:3a]
RSSI: -81 [da:37:c4:dc:05:6a]
RSSI: -84 [da:37:c4:dc:05:6a]
RSSI: -82 [da:37:c4:eb:05:8a]
RSSI: -82 [da:37:c4:eb:05:8a]
RSSI: -83 [da:37:c4:f9:05:ba]
RSSI: -84 [da:37:c4:f9:05:ba]
RSSI: -83 [da:37:c4:f9:05:ba]
RSSI: -84 [da:37:c5:06:05:da]
RSSI: -86 [da:37:c5:14:06:0a]
RSSI: -88 [da:37:c5:23:06:2a]
RSSI: -91 [da:37:c5:2f:06:5a]
RSSI: -88 [da:37:c5:3e:06:7a]
RSSI: -92 [da:37:c5:4c:06:aa]
RSSI: -87 [da:37:c5:4c:06:aa]
RSSI: -90 [da:37:c5:76:07:1a]
RSSI: -92 [da:37:c5:91:07:6a]
RSSI: -95 [da:37:c5:9f:07:9a]
RSSI: -89 [da:37:c5:c9:08:0a]
RSSI: -87 [da:37:c5:d5:08:3a]
RSSI: -85 [da:37:c5:f2:08:8a]
RSSI: -85 [da:37:c5:f2:08:8a]
RSSI: -87 [da:37:c5:f2:08:8a]
RSSI: -85 [da:37:c5:f2:08:8a]
RSSI: -81 [da:37:c6:1c:08:fa]
RSSI: -91 [da:3d:69:1c:11:2c]
RSSI: -82 [da:37:c6:29:09:1a]
RSSI: -85 [da:3d:69:29:11:5c]
RSSI: -81 [da:37:c6:29:09:1a]
RSSI: -82 [da:37:c6:37:09:4a]
RSSI: -83 [da:3d:69:37:11:7c]
RSSI: -82 [da:37:c6:46:09:7a]
RSSI: -82 [da:37:c6:46:09:7a]
RSSI: -84 [da:3d:69:44:11:ac]
RSSI: -84 [da:37:c6:52:09:9a]
RSSI: -84 [da:37:c6:52:09:9a]
RSSI: -82 [da:3d:69:51:11:dc]
RSSI: -86 [da:37:c6:61:09:ca]
RSSI: -81 [da:3d:69:5e:11:fc]
RSSI: -85 [da:37:c6:61:09:ca]
RSSI: -81 [da:3d:69:5e:11:fc]
RSSI: -81 [da:3d:69:6c:12:2c]
RSSI: -86 [da:37:c6:6f:09:ea]
RSSI: -81 [da:3d:69:6c:12:2c]
RSSI: -80 [da:3d:69:78:12:5c]
RSSI: -89 [da:37:c6:7c:0a:0a]
RSSI: -80 [da:3d:69:78:12:5c]
RSSI: -86 [da:37:c6:8b:0a:3a]
RSSI: -80 [da:3d:69:86:12:7c]
RSSI: -88 [da:37:c6:8b:0a:3a]
RSSI: -79 [da:3d:69:86:12:7c]
RSSI: -86 [da:37:c6:99:0a:6a]
RSSI: -78 [da:3d:69:94:12:ac]
RSSI: -86 [da:37:c6:99:0a:6a]
RSSI: -80 [da:3d:69:94:12:ac]
RSSI: -79 [da:3d:69:a0:12:cc]
RSSI: -82 [da:37:c6:a6:0a:8a]
RSSI: -78 [da:3d:69:a0:12:cc]
RSSI: -82 [da:37:c6:a6:0a:8a]
RSSI: -80 [da:3d:69:ae:12:fc]
RSSI: -82 [da:37:c6:b4:0a:ba]
RSSI: -78 [da:3d:69:ae:12:fc]
RSSI: -83 [da:37:c6:c3:0a:da]
RSSI: -79 [da:3d:69:bc:13:2c]
RSSI: -82 [da:37:c6:c3:0a:da]
RSSI: -77 [da:37:c6:cf:0a:fa]
RSSI: -81 [da:37:c6:cf:0a:fa]
RSSI: -80 [da:3d:69:d6:13:7c]
RSSI: -79 [da:37:c6:de:0b:2a]
RSSI: -76 [da:37:c6:de:0b:2a]
RSSI: -80 [da:3d:69:e3:13:ac]
RSSI: -79 [da:37:c6:ed:0b:5a]
RSSI: -80 [da:3d:69:e3:13:ac]
RSSI: -79 [da:37:c6:ed:0b:5a]
RSSI: -83 [da:3d:69:f0:13:cc]
RSSI: -83 [da:3d:69:f0:13:cc]
RSSI: -78 [da:37:c6:f9:0b:7a]
RSSI: -83 [da:3d:69:fe:13:fc]
RSSI: -77 [da:37:c7:08:0b:aa]
RSSI: -77 [da:37:c7:16:0b:ca]
RSSI: -76 [da:37:c7:23:0b:fa]
RSSI: -76 [da:37:c7:32:0c:1a]
RSSI: -76 [da:37:c7:32:0c:1a]
RSSI: -76 [da:37:c7:40:0c:4a]
RSSI: -76 [da:37:c7:40:0c:4a]
RSSI: -76 [da:37:c7:4d:0c:6a]
RSSI: -76 [da:37:c7:4d:0c:6a]
RSSI: -76 [da:37:c7:5b:0c:9a]
RSSI: -87 [da:3d:6a:5b:15:1c]
RSSI: -77 [da:37:c7:6a:0c:ba]
RSSI: -88 [da:3a:d0:67:0f:3e]
RSSI: -76 [da:37:c7:76:0c:ea]
RSSI: -77 [da:37:c7:76:0c:ea]
RSSI: -75 [da:37:c7:85:0d:0a]
RSSI: -76 [da:37:c7:85:0d:0a]
RSSI: -76 [da:37:c7:94:0d:3a]
RSSI: -76 [da:37:c7:94:0d:3a]
RSSI: -76 [da:37:c7:a0:0d:5a]
RSSI: -78 [da:37:c7:af:0d:8a]
RSSI: -80 [da:37:c7:bd:0d:aa]
RSSI: -82 [da:37:c7:bd:0d:aa]
RSSI: -81 [da:37:c7:ca:0d:da]
RSSI: -84 [da:37:c7:d9:0d:fa]
RSSI: -84 [da:37:c7:d9:0d:fa]
RSSI: -86 [da:37:c7:e7:0e:2a]
RSSI: -94 [da:3d:6a:ee:00:5c]
RSSI: -80 [da:37:c8:02:0e:7a]
RSSI: -93 [da:35:e4:0c:00:2b]
RSSI: -85 [da:37:c8:47:0f:3a]
RSSI: -82 [da:37:c8:56:0f:6a]
RSSI: -81 [da:37:c8:56:0f:6a]
RSSI: -82 [da:37:c8:65:0f:9a]
RSSI: -80 [da:37:c8:65:0f:9a]
RSSI: -79 [da:37:c8:71:0f:ba]
RSSI: -80 [da:37:c8:71:0f:ba]
RSSI: -79 [da:37:c8:80:0f:da]
RSSI: -78 [da:37:c8:80:0f:da]
RSSI: -77 [da:37:c8:80:0f:da]
RSSI: -79 [da:37:c8:8f:10:0a]
RSSI: -76 [da:37:c8:9b:10:2a]
RSSI: -76 [da:37:c8:9b:10:2a]
RSSI: -77 [da:37:c8:aa:10:5a]
RSSI: -76 [da:37:c8:aa:10:5a]
RSSI: -77 [da:37:c8:b9:10:8a]
RSSI: -77 [da:37:c8:b9:10:8a]
RSSI: -75 [da:37:c8:c5:10:aa]
RSSI: -72 [da:37:c8:d4:10:ca]
RSSI: -70 [da:37:c8:e2:10:fa]
RSSI: -69 [da:37:c8:ef:11:1a]
RSSI: -68 [da:37:c8:ef:11:1a]
RSSI: -68 [da:37:c8:fe:11:4a]
RSSI: -67 [da:37:c8:fe:11:4a]
RSSI: -68 [da:37:c9:0c:11:7a]
RSSI: -67 [da:37:c9:0c:11:7a]
RSSI: -68 [da:37:c9:19:11:9a]
RSSI: -68 [da:37:c9:19:11:9a]
RSSI: -69 [da:37:c9:28:11:ca]
RSSI: -68 [da:37:c9:28:11:ca]
RSSI: -67 [da:37:c9:36:11:ea]
RSSI: -69 [da:37:c9:43:12:1a]
RSSI: -66 [da:37:c9:43:12:1a]
RSSI: -70 [da:37:c9:52:12:3a]
RSSI: -68 [da:37:c9:52:12:3a]
RSSI: -66 [da:37:c9:60:12:6a]
RSSI: -69 [da:37:c9:60:12:6a]
RSSI: -69 [da:37:c9:60:12:6a]
RSSI: -66 [da:37:c9:6d:12:8a]
RSSI: -68 [da:37:c9:7c:12:ba]
RSSI: -69 [da:37:c9:8a:12:da]
RSSI: -69 [da:37:c9:8a:12:da]
RSSI: -68 [da:37:c9:97:13:0a]
RSSI: -70 [da:37:c9:97:13:0a]
RSSI: -69 [da:37:c9:a6:13:2a]
RSSI: -69 [da:37:c9:a6:13:2a]
RSSI: -71 [da:37:c9:b4:13:5a]
RSSI: -71 [da:37:c9:b4:13:5a]
RSSI: -73 [da:37:c9:c1:13:7a]
RSSI: -74 [da:37:c9:c1:13:7a]
RSSI: -74 [da:37:c9:d0:13:aa]
RSSI: -75 [da:37:c9:d0:13:aa]
RSSI: -77 [da:37:c9:de:13:ca]
RSSI: -78 [da:37:c9:de:13:ca]
RSSI: -79 [da:37:c9:eb:13:fa]
RSSI: -81 [da:37:c9:eb:13:fa]
RSSI: -80 [da:37:c9:fa:14:1a]
RSSI: -77 [da:37:ca:08:14:4a]
RSSI: -77 [da:37:ca:15:14:6a]
RSSI: -76 [da:37:ca:24:14:9a]
RSSI: -76 [da:37:ca:24:14:9a]
RSSI: -76 [da:37:ca:24:14:9a]
RSSI: -76 [da:37:ca:24:14:9a]
RSSI: -74 [da:37:ca:32:14:ca]
RSSI: -75 [da:37:ca:32:14:ca]
RSSI: -75 [da:37:ca:3f:14:ea]
RSSI: -74 [da:37:ca:3f:14:ea]
RSSI: -74 [da:37:ca:3f:14:ea]
RSSI: -76 [da:37:ca:4e:15:1a]
RSSI: -75 [da:37:ca:5c:15:3a]
RSSI: -77 [da:37:ca:69:15:6a]
RSSI: -77 [da:37:ca:69:15:6a]
RSSI: -78 [da:37:ca:78:15:8a]
RSSI: -77 [da:37:ca:78:15:8a]
RSSI: -78 [da:37:ca:87:15:ba]
RSSI: -77 [da:37:ca:87:15:ba]
RSSI: -77 [da:37:ca:93:15:da]
RSSI: -74 [da:37:ca:a2:16:0a]
RSSI: -74 [da:37:ca:a2:16:0a]
RSSI: -76 [da:37:ca:b1:16:2a]
RSSI: -77 [da:37:ca:bd:16:5a]
RSSI: -77 [da:37:ca:bd:16:5a]
RSSI: -77 [da:37:ca:bd:16:5a]
RSSI: -78 [da:37:ca:bd:16:5a]
RSSI: -78 [da:37:ca:cc:00:2a]
RSSI: -79 [da:37:ca:db:00:5a]
RSSI: -76 [da:37:ca:db:00:5a]
RSSI: -79 [da:37:ca:e7:00:7a]
RSSI: -79 [da:37:ca:f6:00:aa]
RSSI: -79 [da:37:ca:f6:00:aa]
RSSI: -76 [da:37:cb:05:00:ca]
RSSI: -78 [da:37:cb:05:00:ca]
RSSI: -78 [da:37:cb:11:00:ea]
RSSI: -77 [da:37:cb:11:00:ea]
RSSI: -79 [da:37:cb:20:01:1a]
RSSI: -79 [da:37:cb:20:01:1a]
RSSI: -77 [da:37:cb:3c:01:6a]
RSSI: -77 [da:37:cb:3c:01:6a]
RSSI: -79 [da:37:cb:3c:01:6a]
RSSI: -78 [da:37:cb:4a:01:9a]
RSSI: -77 [da:37:cb:4a:01:9a]
RSSI: -79 [da:37:cb:59:01:ba]
RSSI: -79 [da:37:cb:59:01:ba]
RSSI: -77 [da:37:cb:59:01:ba]
RSSI: -78 [da:37:cb:59:01:ba]
RSSI: -78 [da:37:cb:66:01:da]
RSSI: -77 [da:37:cb:75:02:0a]
RSSI: -78 [da:37:cb:83:02:3a]
RSSI: -79 [da:37:cb:90:02:5a]
RSSI: -79 [da:37:cb:a4:02:9a]
RSSI: -78 [da:37:cb:a4:02:9a]
RSSI: -78 [da:37:cb:b4:02:ba]
RSSI: -79 [da:37:cb:c1:02:da]
RSSI: -80 [da:37:cb:d0:03:0a]
RSSI: -83 [da:37:cb:d0:03:0a]
RSSI: -82 [da:37:cb:df:03:3a]
RSSI: -84 [da:37:cb:df:03:3a]
RSSI: -85 [da:37:cb:eb:03:5a]
RSSI: -85 [da:37:cb:eb:03:5a]
RSSI: -88 [da:37:cb:fa:03:8a]
RSSI: -93 [da:37:cc:15:03:da]
RSSI: -89 [da:37:cc:24:03:fa]
RSSI: -87 [da:37:cc:33:04:2a]
RSSI: -90 [da:37:cc:40:04:4a]
RSSI: -86 [da:37:cc:4f:04:7a]
RSSI: -87 [da:37:cc:5d:04:9a]
RSSI: -85 [da:37:cc:79:04:ea]
RSSI: -86 [da:37:cc:79:04:ea]
RSSI: -86 [da:37:cc:88:05:1a]
RSSI: -91 [da:37:cc:cd:05:ea]
RSSI: -91 [da:37:cc:dc:06:0a]
RSSI: -88 [da:37:cc:e9:06:3a]
RSSI: -89 [da:37:cc:f8:06:5a]
RSSI: -90 [da:37:cc:f8:06:5a]
RSSI: -90 [da:37:cd:22:06:da]
RSSI: -90 [da:37:cd:31:07:0a]
RSSI: -88 [da:37:cd:3e:07:2a]
RSSI: -94 [da:3d:70:39:11:1c]
RSSI: -86 [da:3d:70:47:11:4c]
RSSI: -83 [da:3d:70:55:11:7c]
RSSI: -93 [da:37:cd:68:07:9a]
RSSI: -81 [da:3d:70:62:11:9c]
RSSI: -87 [da:37:cd:77:07:ca]
RSSI: -79 [da:3d:70:70:11:cc]
RSSI: -92 [da:37:cd:77:07:ca]
RSSI: -82 [da:37:cd:86:07:fa]
RSSI: -80 [da:3d:70:7e:11:fc]
RSSI: -83 [da:37:cd:86:07:fa]
RSSI: -77 [da:3d:70:7e:11:fc]
RSSI: -83 [da:37:cd:86:07:fa]
RSSI: -79 [da:3d:70:8a:12:1c]
RSSI: -78 [da:3d:70:98:12:4c]
RSSI: -77 [da:3d:70:98:12:4c]
RSSI: -79 [da:3d:70:a6:12:6c]
RSSI: -79 [da:3d:70:a6:12:6c]
RSSI: -77 [da:3d:70:a6:12:6c]
RSSI: -81 [da:37:cd:b0:08:6a]
RSSI: -77 [da:3d:70:a6:12:6c]
RSSI: -79 [da:3d:70:b3:12:9c]
RSSI: -81 [da:37:cd:bd:08:8a]
RSSI: -82 [da:37:cd:bd:08:8a]
RSSI: -77 [da:3d:70:c1:12:cc]
RSSI: -83 [da:37:cd:cc:08:ba]
RSSI: -79 [da:3d:70:cf:12:ec]
RSSI: -77 [da:3d:70:cf:12:ec]
RSSI: -81 [da:37:cd:db:08:ea]
RSSI: -79 [da:3d:70:dc:13:1c]
RSSI: -79 [da:3d:70:dc:13:1c]
RSSI: -85 [da:37:cd:e7:09:0a]
RSSI: -79 [da:3d:70:ea:13:4c]
RSSI: -79 [da:3d:70:ea:13:4c]
RSSI: -80 [da:3d:70:ea:13:4c]
RSSI: -81 [da:37:ce:05:09:5a]
RSSI: -87 [da:37:ce:05:09:5a]
RSSI: -81 [da:3d:71:04:13:9c]
RSSI: -83 [da:3d:71:04:13:9c]
RSSI: -82 [da:37:ce:12:09:8a]
RSSI: -82 [da:3d:71:12:13:cc]
RSSI: -84 [da:3d:71:12:13:cc]
RSSI: -84 [da:37:ce:21:09:aa]
RSSI: -89 [da:3d:71:20:13:fc]
RSSI: -86 [da:3d:71:20:13:fc]
RSSI: -83 [da:37:ce:2f:09:da]
RSSI: -80 [da:37:ce:3c:09:fa]
RSSI: -80 [da:37:ce:4b:0a:2a]
RSSI: -78 [da:37:ce:4b:0a:2a]
RSSI: -82 [da:37:ce:5a:0a:5a]
RSSI: -81 [da:37:ce:5a:0a:5a]
RSSI: -84 [da:37:ce:66:0a:7a]
RSSI: -85 [da:37:ce:84:0a:da]
RSSI: -84 [da:3d:71:7e:15:1c]
RSSI: -84 [da:37:ce:91:0a:fa]
RSSI: -83 [da:37:ce:91:0a:fa]
RSSI: -88 [da:3d:71:9a:15:7c]
RSSI: -80 [da:37:ce:a0:0b:2a]
RSSI: -79 [da:37:ce:af:0b:4a]
RSSI: -94 [da:3d:71:a7:15:9c]
RSSI: -80 [da:37:ce:bb:0b:6a]
RSSI: -80 [da:37:ce:ca:0b:9a]
RSSI: -81 [da:37:ce:ca:0b:9a]
RSSI: -79 [da:37:ce:d9:0b:ca]
RSSI: -84 [da:37:ce:d9:0b:ca]
RSSI: -82 [da:37:ce:e6:0b:ea]
RSSI: -91 [da:3a:d7:ed:0e:4e]
RSSI: -81 [da:37:ce:f5:0c:1a]
RSSI: -89 [da:3a:d7:f9:0e:6e]
RSSI: -80 [da:37:cf:04:0c:3a]
RSSI: -80 [da:37:cf:04:0c:3a]
RSSI: -77 [da:37:cf:11:0c:6a]
RSSI: -82 [da:37:cf:11:0c:6a]
RSSI: -79 [da:37:cf:20:0c:8a]
RSSI: -81 [da:37:cf:2e:0c:ba]
RSSI: -83 [da:37:cf:2e:0c:ba]
RSSI: -89 [da:3a:d8:39:0f:2e]
RSSI: -80 [da:37:cf:3b:0c:da]
RSSI: -80 [da:37:cf:3b:0c:da]
RSSI: -79 [da:37:cf:4a:0d:0a]
RSSI: -79 [da:37:cf:4a:0d:0a]
RSSI: -79 [da:37:cf:59:0d:3a]
RSSI: -93 [da:3a:d8:52:0f:7e]
RSSI: -79 [da:37:cf:66:0d:5a]
RSSI: -78 [da:37:cf:66:0d:5a]
RSSI: -80 [da:37:cf:75:0d:8a]
RSSI: -80 [da:37:cf:75:0d:8a]
RSSI: -80 [da:37:cf:84:0d:aa]
RSSI: -94 [da:3a:d8:92:10:2e]
RSSI: -81 [da:37:cf:90:0d:da]
RSSI: -78 [da:37:cf:90:0d:da]
RSSI: -80 [da:37:cf:9f:0d:fa]
RSSI: -78 [da:37:cf:9f:0d:fa]
RSSI: -77 [da:37:cf:ae:0e:2a]
RSSI: -74 [da:37:cf:bb:0e:4a]
RSSI: -73 [da:37:cf:ca:0e:7a]
RSSI: -75 [da:37:cf:ca:0e:7a]
RSSI: -73 [da:37:cf:d9:0e:aa]
RSSI: -72 [da:37:cf:d9:0e:aa]
RSSI: -72 [da:37:cf:e5:0e:ca]
RSSI: -72 [da:37:cf:f5:0e:fa]
RSSI: -72 [da:37:d0:03:0f:2a]
RSSI: -73 [da:37:d0:10:0f:4a]
RSSI: -73 [da:37:d0:10:0f:4a]
RSSI: -72 [da:37:d0:10:0f:4a]
RSSI: -72 [da:37:d0:1f:0f:7a]
RSSI: -71 [da:37:d0:2e:0f:9a]
RSSI: -68 [da:37:d0:3b:0f:ca]
RSSI: -67 [da:37:d0:4a:0f:ea]
RSSI: -66 [da:37:d0:4a:0f:ea]
RSSI: -66 [da:37:d0:4a:0f:ea]
RSSI: -68 [da:37:d0:59:10:1a]
RSSI: -65 [da:37:d0:59:10:1a]
RSSI: -66 [da:37:d0:65:10:3a]
RSSI: -66 [da:37:d0:65:10:3a]
RSSI: -62 [da:37:d0:83:10:9a]
RSSI: -62 [da:37:d0:83:10:9a]
RSSI: -63 [da:37:d0:83:10:9a]
RSSI: -65 [da:37:d0:90:10:ba]
RSSI: -61 [da:37:d0:90:10:ba]
RSSI: -64 [da:37:d0:9f:10:ea]
RSSI: -64 [da:37:d0:9f:10:ea]
RSSI: -61 [da:37:d0:ae:11:0a]
RSSI: -62 [da:37:d0:ae:11:0a]
RSSI: -61 [da:37:d0:bb:11:3a]
RSSI: -62 [da:37:d0:bb:11:3a]
RSSI: -63 [da:37:d0:ca:11:6a]
RSSI: -61 [da:37:d0:ca:11:6a]
RSSI: -61 [da:37:d0:d9:11:8a]
RSSI: -63 [da:37:d0:d9:11:8a]
RSSI: -60 [da:37:d0:e6:11:ba]
RSSI: -60 [da:37:d0:e6:11:ba]
RSSI: -60 [da:37:d0:f5:11:da]
RSSI: -60 [da:37:d0:f5:11:da]
RSSI: -63 [da:37:d1:04:12:0a]
RSSI: -61 [da:37:d1:10:12:2a]
RSSI: -94 [da:3d:74:06:06:9c]
RSSI: -64 [da:37:d1:10:12:2a]
RSSI: -61 [da:37:d1:1f:12:5a]
RSSI: -62 [da:37:d1:1f:12:5a]
RSSI: -62 [da:37:d1:2e:12:8a]
RSSI: -65 [da:37:d1:3b:12:aa]
RSSI: -65 [da:37:d1:4a:12:da]
RSSI: -89 [da:3d:74:4a:07:6c]
RSSI: -67 [da:37:d1:59:12:fa]
RSSI: -67 [da:37:d1:59:12:fa]
RSSI: -68 [da:37:d1:59:12:fa]
RSSI: -69 [da:37:d1:66:13:2a]
RSSI: -72 [da:37:d1:75:13:4a]
RSSI: -72 [da:37:d1:75:13:4a]
RSSI: -70 [da:37:d1:84:13:7a]
RSSI: -89 [da:3d:74:81:08:1c]
RSSI: -70 [da:37:d1:91:13:9a]
RSSI: -70 [da:37:d1:91:13:9a]
RSSI: -70 [da:37:d1:91:13:9a]
RSSI: -70 [da:37:d1:a0:13:ca]
RSSI: -69 [da:37:d1:af:13:ea]
RSSI: -72 [da:37:d1:bb:14:1a]
RSSI: -73 [da:37:d1:ca:14:3a]
RSSI: -74 [da:37:d1:ca:14:3a]
RSSI: -75 [da:37:d1:da:14:6a]
RSSI: -75 [da:37:d1:da:14:6a]
RSSI: -76 [da:37:d1:e6:14:8a]
RSSI: -77 [da:37:d1:f5:14:ba]
RSSI: -75 [da:37:d2:04:14:ea]
RSSI: -91 [da:3d:74:fc:09:ac]
RSSI: -76 [da:37:d2:04:14:ea]
RSSI: -78 [da:37:d2:11:15:0a]
RSSI: -75 [da:37:d2:11:15:0a]
RSSI: -87 [da:3d:75:17:09:fc]
RSSI: -80 [da:37:d2:20:15:3a]
RSSI: -77 [da:37:d2:2f:15:6a]
RSSI: -80 [da:37:d2:2f:15:6a]
RSSI: -82 [da:37:d2:3c:15:8a]
RSSI: -83 [da:37:d2:3c:15:8a]
RSSI: -83 [da:37:d2:4b:15:ba]
RSSI: -83 [da:37:d2:4b:15:ba]
RSSI: -83 [da:37:d2:4b:15:ba]
RSSI: -85 [da:37:d2:5a:15:da]
RSSI: -83 [da:37:d2:67:15:fa]
RSSI: -79 [da:37:d2:76:16:2a]
RSSI: -87 [da:37:d2:85:00:2a]
RSSI: -80 [da:37:d2:85:00:2a]
RSSI: -82 [da:37:d2:92:00:5a]
RSSI: -89 [da:37:d2:b0:00:aa]
RSSI: -83 [da:37:d2:bc:00:ca]
RSSI: -87 [da:37:d2:bc:00:ca]
RSSI: -84 [da:37:d2:cc:00:fa]
RSSI: -83 [da:37:d2:cc:00:fa]
RSSI: -85 [da:37:d2:db:01:2a]
RSSI: -84 [da:37:d2:db:01:2a]
RSSI: -85 [da:37:d2:e7:01:4a]
RSSI: -85 [da:37:d2:e7:01:4a]
RSSI: -83 [da:37:d2:e7:01:4a]
RSSI: -85 [da:37:d2:f7:01:7a]
RSSI: -86 [da:37:d3:06:01:9a]
RSSI: -88 [da:37:d3:12:01:ca]
RSSI: -93 [da:37:d3:21:01:fa]
RSSI: -87 [da:37:d3:21:01:fa]
RSSI: -87 [da:37:d3:31:02:1a]
RSSI: -85 [da:37:d3:3d:02:4a]
RSSI: -84 [da:37:d3:3d:02:4a]
RSSI: -81 [da:37:d3:4c:02:6a]
RSSI: -84 [da:37:d3:4c:02:6a]
RSSI: -80 [da:37:d3:5c:02:9a]
RSSI: -84 [da:37:d3:68:02:ba]
RSSI: -84 [da:37:d3:68:02:ba]
RSSI: -80 [da:37:d3:68:02:ba]
RSSI: -83 [da:37:d3:77:02:ea]
RSSI: -82 [da:37:d3:86:03:1a]
RSSI: -85 [da:37:d3:86:03:1a]
RSSI: -84 [da:37:d3:93:03:3a]
RSSI: -83 [da:37:d3:a2:03:6a]
RSSI: -84 [da:37:d3:a2:03:6a]
RSSI: -83 [da:37:d3:b1:03:8a]
RSSI: -83 [da:37:d3:be:03:ba]
RSSI: -81 [da:37:d3:be:03:ba]
RSSI: -80 [da:37:d3:cd:03:da]
RSSI: -80 [da:37:d3:dc:04:0a]
RSSI: -80 [da:37:d3:e9:04:2a]
RSSI: -80 [da:37:d3:e9:04:2a]
RSSI: -83 [da:37:d3:e9:04:2a]
RSSI: -79 [da:37:d3:f8:04:5a]
RSSI: -79 [da:37:d4:08:04:7a]
RSSI: -96 [da:35:f0:10:0d:9b]
RSSI: -94 [da:3d:77:2e:10:ac]
RSSI: -94 [da:37:d4:33:04:fa]
RSSI: -94 [da:3d:77:2e:10:ac]
RSSI: -98 [da:35:f0:4d:0e:4b]
RSSI: -87 [da:37:d4:6a:05:9a]
RSSI: -85 [da:3d:77:66:11:5c]
RSSI: -84 [da:3d:77:66:11:5c]
RSSI: -88 [da:3d:77:72:11:8c]
RSSI: -84 [da:3d:77:72:11:8c]
RSSI: -88 [da:37:d4:7a:05:ca]
RSSI: -85 [da:3d:77:72:11:8c]
RSSI: -83 [da:3d:77:81:11:ac]
RSSI: -84 [da:3d:77:8f:11:dc]
RSSI: -82 [da:3d:77:8f:11:dc]
RSSI: -81 [da:3d:77:9c:12:0c]
RSSI: -82 [da:3d:77:9c:12:0c]
RSSI: -82 [da:3d:77:aa:12:3c]
RSSI: -85 [da:37:d4:b4:06:6a]
RSSI: -80 [da:3d:77:aa:12:3c]
RSSI: -80 [da:3d:77:b8:12:5c]
RSSI: -81 [da:3d:77:c5:12:8c]
RSSI: -78 [da:3d:77:c5:12:8c]
RSSI: -79 [da:3d:77:c5:12:8c]
RSSI: -81 [da:3d:77:d3:12:bc]
RSSI: -80 [da:37:d4:df:06:ea]
RSSI: -80 [da:37:d4:df:06:ea]
RSSI: -79 [da:3d:77:e2:12:ec]
RSSI: -80 [da:3d:77:e2:12:ec]
RSSI: -78 [da:37:d4:ec:07:0a]
RSSI: -79 [da:3d:77:ee:13:0c]
RSSI: -85 [da:37:d4:fb:07:3a]
RSSI: -79 [da:3d:77:fd:13:3c]
RSSI: -81 [da:3d:78:0b:13:6c]
RSSI: -76 [da:37:d5:17:07:8a]
RSSI: -79 [da:3d:78:18:13:8c]
RSSI: -76 [da:37:d5:17:07:8a]
RSSI: -83 [da:3d:78:18:13:8c]
RSSI: -75 [da:37:d5:26:07:ba]
RSSI: -82 [da:3d:78:26:13:bc]
RSSI: -80 [da:3d:78:26:13:bc]
RSSI: -78 [da:37:d5:35:07:da]
RSSI: -77 [da:37:d5:42:07:fa]
RSSI: -88 [da:3d:78:41:14:0c]
RSSI: -79 [da:37:d5:51:08:2a]
RSSI: -80 [da:37:d5:51:08:2a]
RSSI: -89 [da:3d:78:50:14:3c]
RSSI: -75 [da:37:d5:60:08:5a]
RSSI: -80 [da:37:d5:60:08:5a]
RSSI: -76 [da:37:d5:6d:08:7a]
RSSI: -88 [da:3d:78:6b:14:8c]
RSSI: -81 [da:37:d5:7c:08:aa]
RSSI: -89 [da:3d:78:79:14:bc]
RSSI: -81 [da:37:d5:7c:08:aa]
RSSI: -87 [da:3d:78:79:14:bc]
RSSI: -85 [da:3d:78:87:14:ec]
RSSI: -81 [da:37:d5:8c:08:da]
RSSI: -86 [da:3d:78:87:14:ec]
RSSI: -80 [da:37:d5:8c:08:da]
RSSI: -78 [da:37:d5:98:08:fa]
RSSI: -85 [da:3d:78:94:15:1c]
RSSI: -77 [da:37:d5:a7:09:2a]
RSSI: -91 [da:3d:78:a2:15:3c]
RSSI: -77 [da:37:d5:b7:09:5a]
RSSI: -78 [da:37:d5:c3:09:7a]
RSSI: -77 [da:37:d5:c3:09:7a]
RSSI: -90 [da:3d:78:cc:15:bc]
RSSI: -80 [da:37:d5:d3:09:aa]
RSSI: -76 [da:37:d5:e2:09:ca]
RSSI: -91 [da:3d:78:da:15:ec]
RSSI: -77 [da:37:d5:e2:09:ca]
RSSI: -80 [da:37:d5:ef:09:fa]
RSSI: -79 [da:37:d5:fe:0a:2a]
RSSI: -80 [da:37:d5:fe:0a:2a]
RSSI: -78 [da:37:d6:0d:0a:4a]
RSSI: -78 [da:37:d6:0d:0a:4a]
RSSI: -76 [da:37:d6:1a:0a:7a]
RSSI: -77 [da:37:d6:29:0a:9a]
RSSI: -77 [da:37:d6:29:0a:9a]
RSSI: -77 [da:37:d6:38:0a:ca]
RSSI: -79 [da:37:d6:38:0a:ca]
RSSI: -80 [da:37:d6:45:0a:ea]
RSSI: -81 [da:37:d6:54:0b:1a]
RSSI: -78 [da:37:d6:64:0b:4a]
RSSI: -77 [da:37:d6:70:0b:6a]
RSSI: -77 [da:37:d6:70:0b:6a]
RSSI: -78 [da:37:d6:70:0b:6a]
RSSI: -77 [da:37:d6:80:0b:9a]
RSSI: -77 [da:37:d6:8f:0b:ca]
RSSI: -78 [da:37:d6:9b:0b:ea]
RSSI: -77 [da:37:d6:ab:0c:1a]
RSSI: -76 [da:37:d6:ab:0c:1a]
RSSI: -77 [da:37:d6:ba:0c:3a]
RSSI: -76 [da:37:d6:ba:0c:3a]
RSSI: -76 [da:37:d6:c7:0c:6a]
RSSI: -76 [da:37:d6:d6:0c:9a]
RSSI: -75 [da:37:d6:d6:0c:9a]
RSSI: -75 [da:37:d6:e5:0c:ba]
RSSI: -90 [da:3a:df:e4:0e:6e]
RSSI: -77 [da:37:d6:e5:0c:ba]
RSSI: -77 [da:37:d6:f2:0c:ea]
RSSI: -80 [da:37:d7:01:0d:0a]
RSSI: -78 [da:37:d7:11:0d:3a]
RSSI: -89 [da:3a:e0:17:0e:fe]
RSSI: -76 [da:37:d7:1d:0d:5a]
RSSI: -76 [da:37:d7:1d:0d:5a]
RSSI: -76 [da:37:d7:1d:0d:5a]
RSSI: -75 [da:37:d7:2d:0d:8a]
RSSI: -89 [da:3a:e0:32:0f:4e]
RSSI: -73 [da:37:d7:49:0d:da]
RSSI: -72 [da:37:d7:58:0e:0a]
RSSI: -71 [da:37:d7:58:0e:0a]
RSSI: -71 [da:37:d7:67:0e:3a]
RSSI: -71 [da:37:d7:67:0e:3a]
RSSI: -70 [da:37:d7:74:0e:5a]
RSSI: -72 [da:37:d7:83:0e:8a]
RSSI: -71 [da:37:d7:83:0e:8a]
RSSI: -72 [da:37:d7:93:0e:aa]
RSSI: -72 [da:37:d7:93:0e:aa]
RSSI: -72 [da:37:d7:9f:0e:da]
RSSI: -69 [da:37:d7:af:0e:fa]
RSSI: -70 [da:37:d7:af:0e:fa]
RSSI: -68 [da:37:d7:be:0f:2a]
RSSI: -67 [da:37:d7:cb:0f:4a]
RSSI: -66 [da:37:d7:cb:0f:4a]
RSSI: -65 [da:37:d7:da:0f:7a]
RSSI: -62 [da:37:d7:e9:0f:aa]
RSSI: -62 [da:37:d7:f6:0f:ca]
RSSI: -61 [da:37:d7:f6:0f:ca]
RSSI: -62 [da:37:d8:06:0f:fa]
RSSI: -61 [da:37:d8:06:0f:fa]
RSSI: -61 [da:37:d8:15:10:2a]
RSSI: -59 [da:37:d8:22:10:4a]
RSSI: -59 [da:37:d8:22:10:4a]
RSSI: -59 [da:37:d8:31:10:7a]
RSSI: -61 [da:37:d8:40:10:aa]
RSSI: -60 [da:37:d8:40:10:aa]
RSSI: -60 [da:37:d8:4d:10:ca]
RSSI: -59 [da:37:d8:5c:10:fa]
RSSI: -61 [da:37:d8:5c:10:fa]
RSSI: -60 [da:37:d8:6c:11:1a]
RSSI: -60 [da:37:d8:6c:11:1a]
RSSI: -61 [da:37:d8:78:11:4a]
RSSI: -61 [da:37:d8:78:11:4a]
RSSI: -62 [da:37:d8:88:11:6a]
RSSI: -62 [da:37:d8:88:11:6a]
RSSI: -61 [da:37:d8:97:11:9a]
RSSI: -64 [da:37:d8:a4:11:ba]
RSSI: -63 [da:37:d8:a4:11:ba]
RSSI: -66 [da:37:d8:b3:11:ea]
RSSI: -67 [da:37:d8:b3:11:ea]
RSSI: -69 [da:37:d8:c3:12:1a]
RSSI: -70 [da:37:d8:cf:12:3a]
RSSI: -73 [da:37:d8:cf:12:3a]
RSSI: -73 [da:37:d8:df:12:6a]
RSSI: -72 [da:37:d8:df:12:6a]
RSSI: -75 [da:37:d8:ee:12:9a]
RSSI: -72 [da:37:d8:ee:12:9a]
RSSI: -71 [da:37:d8:fb:12:ba]
RSSI: -67 [da:37:d9:0a:12:ea]
RSSI: -71 [da:37:d9:0a:12:ea]
RSSI: -70 [da:37:d9:1a:13:1a]
RSSI: -67 [da:37:d9:1a:13:1a]
RSSI: -70 [da:37:d9:26:13:3a]
RSSI: -71 [da:37:d9:26:13:3a]
RSSI: -72 [da:37:d9:36:13:6a]
RSSI: -72 [da:37:d9:45:13:9a]
RSSI: -76 [da:37:d9:45:13:9a]
RSSI: -77 [da:37:d9:52:13:ba]
RSSI: -74 [da:37:d9:52:13:ba]
RSSI: -76 [da:37:d9:61:13:ea]
RSSI: -77 [da:37:d9:71:14:0a]
RSSI: -76 [da:37:d9:71:14:0a]
RSSI: -76 [da:37:d9:7d:14:3a]
RSSI: -73 [da:37:d9:8d:14:5a]
RSSI: -76 [da:37:d9:9c:14:8a]
RSSI: -94 [da:3d:7c:98:0b:2c]
RSSI: -77 [da:37:d9:9c:14:8a]
RSSI: -82 [da:37:d9:a9:14:ba]
RSSI: -81 [da:37:d9:a9:14:ba]
RSSI: -81 [da:37:d9:c8:15:0a]
RSSI: -79 [da:37:d9:d5:15:2a]
RSSI: -83 [da:37:d9:e9:15:6a]
RSSI: -81 [da:37:d9:e9:15:6a]
RSSI: -85 [da:37:d9:fa:15:9a]
RSSI: -85 [da:37:d9:fa:15:9a]
RSSI: -92 [da:37:da:16:15:ea]
RSSI: -86 [da:37:da:16:15:ea]
RSSI: -90 [da:37:da:32:00:2a]
RSSI: -83 [da:37:da:51:00:7a]
RSSI: -85 [da:37:da:5e:00:9a]
RSSI: -82 [da:37:da:5e:00:9a]
RSSI: -81 [da:37:da:6d:00:ca]
RSSI: -81 [da:37:da:7d:00:fa]
RSSI: -83 [da:37:da:89:01:1a]
RSSI: -85 [da:37:da:a8:01:6a]
RSSI: -84 [da:37:da:a8:01:6a]
RSSI: -82 [da:37:da:b5:01:9a]
RSSI: -81 [da:37:da:b5:01:9a]
RSSI: -79 [da:37:da:c4:01:ca]
RSSI: -80 [da:37:da:c4:01:ca]
RSSI: -80 [da:37:da:c4:01:ca]
RSSI: -81 [da:37:da:d4:01:ea]
RSSI: -79 [da:37:da:d4:01:ea]
RSSI: -81 [da:37:da:e1:02:1a]
RSSI: -80 [da:37:da:f0:02:3a]
RSSI: -83 [da:37:da:f0:02:3a]
RSSI: -84 [da:37:db:00:02:6a]
RSSI: -83 [da:37:db:00:02:6a]
RSSI: -86 [da:37:db:0c:02:8a]
RSSI: -86 [da:37:db:1c:02:ba]
RSSI: -84 [da:37:db:2b:02:ea]
RSSI: -83 [da:37:db:2b:02:ea]
RSSI: -80 [da:37:db:48:03:3a]
RSSI: -81 [da:37:db:57:03:6a]
RSSI: -94 [da:3d:7e:56:10:bc]
RSSI: -81 [da:37:db:64:03:8a]
RSSI: -81 [da:37:db:64:03:8a]
RSSI: -81 [da:37:db:64:03:8a]
RSSI: -82 [da:37:db:73:03:ba]
RSSI: -84 [da:37:db:83:03:da]
RSSI: -85 [da:37:db:8f:03:fa]
RSSI: -85 [da:37:db:9f:04:2a]
RSSI: -84 [da:3d:7e:9b:11:8c]
RSSI: -86 [da:37:db:9f:04:2a]
RSSI: -86 [da:37:db:af:04:5a]
RSSI: -81 [da:3d:7e:aa:11:bc]
RSSI: -86 [da:3d:7e:b8:11:ec]
RSSI: -85 [da:3d:7e:b8:11:ec]
RSSI: -81 [da:3d:7e:c5:12:1c]
RSSI: -85 [da:3d:7e:d4:12:4c]
RSSI: -81 [da:3d:7e:d4:12:4c]
RSSI: -81 [da:3d:7e:d4:12:4c]
RSSI: -89 [da:37:db:e7:04:fa]
RSSI: -86 [da:3d:7e:e2:12:6c]
RSSI: -89 [da:37:db:e7:04:fa]
RSSI: -83 [da:3d:7e:ef:12:9c]
RSSI: -83 [da:3d:7e:ef:12:9c]
RSSI: -85 [da:3d:7e:fe:12:cc]
RSSI: -83 [da:3d:7f:0d:12:fc]
RSSI: -84 [da:3d:7f:19:13:1c]
RSSI: -87 [da:37:dc:32:05:da]
RSSI: -89 [da:37:dc:3f:05:fa]
RSSI: -87 [da:37:dc:3f:05:fa]
RSSI: -88 [da:3d:7f:43:13:9c]
RSSI: -88 [da:3d:7f:52:13:cc]
RSSI: -87 [da:37:dc:5e:06:5a]
RSSI: -89 [da:37:dc:5e:06:5a]
RSSI: -90 [da:37:dc:7a:06:aa]
RSSI: -86 [da:37:dc:8a:06:da]
RSSI: -85 [da:37:dc:96:06:fa]
RSSI: -91 [da:3d:7f:97:14:ac]
RSSI: -85 [da:37:dc:b6:07:5a]
RSSI: -86 [da:37:dc:c2:07:7a]
RSSI: -87 [da:37:dc:d2:07:aa]
RSSI: -81 [da:37:dc:ee:07:fa]
RSSI: -85 [da:37:dc:fe:08:2a]
RSSI: -80 [da:37:dc:fe:08:2a]
RSSI: -85 [da:37:dd:0d:08:5a]
RSSI: -84 [da:37:dd:0d:08:5a]
RSSI: -86 [da:37:dd:1a:08:7a]
RSSI: -80 [da:37:dd:2a:08:aa]
RSSI: -84 [da:37:dd:2a:08:aa]
RSSI: -79 [da:37:dd:39:08:da]
RSSI: -83 [da:37:dd:46:08:fa]
RSSI: -82 [da:37:dd:46:08:fa]
RSSI: -83 [da:37:dd:56:09:2a]
RSSI: -82 [da:37:dd:56:09:2a]
RSSI: -78 [da:37:dd:65:09:5a]
RSSI: -83 [da:37:dd:65:09:5a]
RSSI: -81 [da:37:dd:72:09:7a]
RSSI: -79 [da:37:dd:72:09:7a]
RSSI: -80 [da:37:dd:82:09:aa]
RSSI: -80 [da:37:dd:91:09:ca]
RSSI: -79 [da:37:dd:91:09:ca]
RSSI: -79 [da:37:dd:9e:09:fa]
RSSI: -79 [da:37:dd:9e:09:fa]
RSSI: -78 [da:37:dd:ae:0a:1a]
RSSI: -80 [da:37:dd:bd:0a:4a]
RSSI: -80 [da:37:dd:ca:0a:7a]
RSSI: -80 [da:37:dd:ca:0a:7a]
RSSI: -81 [da:37:dd:ca:0a:7a]
RSSI: -89 [da:35:f9:cf:14:2b]
RSSI: -80 [da:37:dd:da:0a:9a]
RSSI: -81 [da:37:dd:e9:0a:ca]
RSSI: -80 [da:37:dd:f6:0a:ea]
RSSI: -88 [da:35:f9:ec:14:7b]
RSSI: -80 [da:37:dd:f6:0a:ea]
RSSI: -81 [da:37:dd:f6:0a:ea]
RSSI: -88 [da:35:f9:f9:14:ab]
RSSI: -81 [da:37:de:06:0b:1a]
RSSI: -82 [da:37:de:06:0b:1a]
RSSI: -87 [da:35:fa:07:14:cb]
RSSI: -85 [da:37:de:15:0b:4a]
RSSI: -87 [da:35:fa:16:14:fb]
RSSI: -86 [da:37:de:22:0b:6a]
RSSI: -85 [da:35:fa:22:15:1b]
RSSI: -92 [da:37:de:32:0b:9a]
RSSI: -90 [da:37:de:41:0b:ca]
RSSI: -85 [da:35:fa:40:15:6b]
RSSI: -86 [da:35:fa:40:15:6b]
RSSI: -85 [da:35:fa:4c:15:9b]
RSSI: -85 [da:37:de:5e:0c:1a]
RSSI: -86 [da:35:fa:5b:15:cb]
RSSI: -88 [da:37:de:7a:0c:6a]
RSSI: -86 [da:35:fa:76:16:1b]
RSSI: -87 [da:35:fa:76:16:1b]
RSSI: -88 [da:37:de:8a:0c:9a]
RSSI: -87 [da:37:de:8a:0c:9a]
RSSI: -84 [da:37:de:99:0c:ca]
RSSI: -85 [da:37:de:99:0c:ca]
RSSI: -90 [da:35:fa:a0:00:2b]
RSSI: -80 [da:37:de:b6:0d:1a]
RSSI: -79 [da:37:de:b6:0d:1a]
RSSI: -79 [da:37:de:c5:0d:4a]
RSSI: -77 [da:37:de:c5:0d:4a]
RSSI: -91 [da:3a:e7:cd:0e:9e]
RSSI: -76 [da:37:de:d2:0d:6a]
RSSI: -76 [da:37:de:e2:0d:9a]
RSSI: -77 [da:37:de:e2:0d:9a]
RSSI: -78 [da:37:de:f1:0d:ca]
RSSI: -88 [da:3a:e7:f5:0f:0e]
RSSI: -94 [da:35:fa:f3:01:1b]
RSSI: -76 [da:37:de:fe:0d:ea]
RSSI: -76 [da:37:df:0e:0e:1a]
RSSI: -76 [da:37:df:0e:0e:1a]
RSSI: -74 [da:37:df:1e:0e:4a]
RSSI: -75 [da:37:df:2a:0e:6a]
RSSI: -71 [da:37:df:2a:0e:6a]
RSSI: -71 [da:37:df:3a:0e:9a]
RSSI: -70 [da:37:df:4a:0e:ca]
RSSI: -66 [da:37:df:56:0e:ea]
RSSI: -68 [da:37:df:56:0e:ea]
RSSI: -64 [da:37:df:66:0f:1a]
RSSI: -98 [da:35:fb:64:02:7b]
RSSI: -66 [da:37:df:76:0f:4a]
RSSI: -65 [da:37:df:76:0f:4a]
RSSI: -65 [da:37:df:82:0f:6a]
RSSI: -64 [da:37:df:82:0f:6a]
RSSI: -64 [da:37:df:92:0f:9a]
RSSI: -63 [da:37:df:a2:0f:ca]
RSSI: -60 [da:37:df:a2:0f:ca]
RSSI: -60 [da:37:df:a2:0f:ca]
RSSI: -62 [da:37:df:af:0f:ea]
RSSI: -63 [da:37:df:be:10:1a]
RSSI: -63 [da:37:df:be:10:1a]
RSSI: -63 [da:37:df:ce:10:4a]
RSSI: -64 [da:37:df:ce:10:4a]
RSSI: -60 [da:37:df:db:10:6a]
RSSI: -64 [da:37:df:eb:10:9a]
RSSI: -61 [da:37:df:eb:10:9a]
RSSI: -65 [da:37:df:fa:10:ca]
RSSI: -64 [da:37:df:fa:10:ca]
RSSI: -66 [da:37:e0:07:10:ea]
RSSI: -66 [da:37:e0:07:10:ea]
RSSI: -64 [da:37:e0:17:11:1a]
RSSI: -69 [da:37:e0:17:11:1a]
RSSI: -68 [da:37:e0:27:11:4a]
RSSI: -71 [da:37:e0:33:11:6a]
RSSI: -75 [da:37:e0:43:11:9a]
RSSI: -76 [da:37:e0:43:11:9a]
RSSI: -77 [da:37:e0:53:11:ca]
RSSI: -81 [da:37:e0:53:11:ca]
RSSI: -84 [da:37:e0:5f:11:ea]
RSSI: -85 [da:37:e0:6f:12:1a]
RSSI: -84 [da:37:e0:6f:12:1a]
RSSI: -83 [da:37:e0:7f:12:3a]
RSSI: -80 [da:37:e0:7f:12:3a]
RSSI: -80 [da:37:e0:8c:12:6a]
RSSI: -75 [da:37:e0:9c:12:8a]
RSSI: -79 [da:37:e0:9c:12:8a]
RSSI: -79 [da:37:e0:ab:12:ba]
RSSI: -81 [da:37:e0:b8:12:ea]
RSSI: -82 [da:37:e0:b8:12:ea]
RSSI: -83 [da:37:e0:c8:13:0a]
RSSI: -84 [da:37:e0:c8:13:0a]
RSSI: -88 [da:37:e0:d8:13:3a]
RSSI: -82 [da:37:e0:e4:13:6a]
RSSI: -83 [da:37:e0:e4:13:6a]
RSSI: -81 [da:37:e0:f4:13:8a]
RSSI: -81 [da:37:e1:04:13:ba]
RSSI: -77 [da:37:e1:10:13:da]
RSSI: -82 [da:37:e1:10:13:da]
RSSI: -79 [da:37:e1:20:14:0a]
RSSI: -94 [da:3d:84:33:0c:bc]
RSSI: -84 [da:37:e1:3d:14:5a]
RSSI: -86 [da:37:e1:3d:14:5a]
RSSI: -81 [da:37:e1:5c:14:ba]
RSSI: -82 [da:37:e1:69:14:da]
RSSI: -80 [da:37:e1:69:14:da]
RSSI: -82 [da:37:e1:79:15:0a]
RSSI: -82 [da:37:e1:79:15:0a]
RSSI: -84 [da:37:e1:89:15:3a]
RSSI: -89 [da:37:e1:a5:15:8a]
RSSI: -87 [da:37:e1:b5:15:ba]
RSSI: -87 [da:37:e1:c2:15:da]
RSSI: -83 [da:37:e1:e1:16:3a]
RSSI: -86 [da:37:e1:ee:00:2a]
RSSI: -93 [da:3d:84:ea:0f:0c]
RSSI: -91 [da:37:e2:0e:00:7a]
RSSI: -85 [da:37:e2:1a:00:aa]
RSSI: -92 [da:3d:85:24:0f:bc]
RSSI: -85 [da:37:e2:2a:00:ca]
RSSI: -83 [da:37:e2:2a:00:ca]
RSSI: -87 [da:37:e2:3a:00:fa]
RSSI: -87 [da:37:e2:3a:00:fa]
RSSI: -85 [da:37:e2:47:01:2a]
RSSI: -82 [da:37:e2:57:01:4a]
RSSI: -89 [da:37:e2:67:01:7a]
RSSI: -83 [da:37:e2:67:01:7a]
RSSI: -87 [da:37:e2:83:01:ca]
RSSI: -89 [da:37:e2:93:01:fa]
RSSI: -86 [da:37:e2:a0:02:2a]
RSSI: -87 [da:37:e2:b0:02:5a]
RSSI: -87 [da:3d:85:a4:11:4c]
RSSI: -82 [da:37:e2:b0:02:5a]
RSSI: -85 [da:3d:85:b3:11:7c]
RSSI: -84 [da:37:e2:bf:02:7a]
RSSI: -86 [da:3d:85:bf:11:ac]
RSSI: -84 [da:37:e2:cc:02:aa]
RSSI: -85 [da:3d:85:ce:11:dc]
RSSI: -82 [da:37:e2:dc:02:ca]
RSSI: -84 [da:37:e2:dc:02:ca]
RSSI: -85 [da:3d:85:dd:12:0c]
RSSI: -82 [da:37:e2:ec:02:fa]
RSSI: -85 [da:3d:85:ea:12:2c]
RSSI: -84 [da:37:e2:f8:03:2a]
RSSI: -85 [da:37:e2:f8:03:2a]
RSSI: -85 [da:3d:85:f9:12:5c]
RSSI: -87 [da:37:e3:18:03:7a]
RSSI: -87 [da:37:e3:25:03:aa]
RSSI: -88 [da:37:e3:35:03:ca]
RSSI: -89 [da:3d:86:40:13:3c]
RSSI: -86 [da:37:e3:51:04:2a]
RSSI: -91 [da:3d:86:4f:13:6c]
RSSI: -89 [da:3d:86:4f:13:6c]
RSSI: -87 [da:37:e3:71:04:7a]
RSSI: -86 [da:37:e3:7e:04:9a]
RSSI: -86 [da:37:e3:8e:04:ca]
RSSI: -89 [da:37:e3:8e:04:ca]
RSSI: -86 [da:37:e3:9e:04:fa]
RSSI: -94 [da:3d:86:a4:14:7c]
RSSI: -86 [da:37:e3:ca:05:7a]
RSSI: -86 [da:37:e3:ca:05:7a]
RSSI: -85 [da:37:e3:d7:05:9a]
RSSI: -85 [da:37:e3:d7:05:9a]
RSSI: -84 [da:37:e3:f7:05:fa]
RSSI: -84 [da:37:e4:04:06:1a]
RSSI: -82 [da:37:e4:04:06:1a]
RSSI: -82 [da:37:e4:04:06:1a]
RSSI: -82 [da:37:e4:14:06:4a]
RSSI: -86 [da:37:e4:24:06:7a]
RSSI: -86 [da:37:e4:30:06:9a]
RSSI: -94 [da:3d:87:34:16:3c]
RSSI: -83 [da:37:e4:40:06:ca]
RSSI: -83 [da:37:e4:50:06:fa]
RSSI: -85 [da:37:e4:5d:07:1a]
RSSI: -80 [da:37:e4:6d:07:4a]
RSSI: -86 [da:37:e4:7d:07:7a]
RSSI: -85 [da:37:e4:7d:07:7a]
RSSI: -85 [da:37:e4:7d:07:7a]
RSSI: -86 [da:37:e4:89:07:9a]
RSSI: -85 [da:37:e4:99:07:ca]
RSSI: -85 [da:37:e4:a9:07:fa]
RSSI: -86 [da:37:e4:b6:08:1a]
RSSI: -82 [da:37:e4:b6:08:1a]
RSSI: -86 [da:37:e4:c6:08:4a]
RSSI: -86 [da:37:e4:c6:08:4a]
RSSI: -96 [da:36:00:d8:12:cb]
RSSI: -80 [da:37:e4:e3:08:9a]
RSSI: -86 [da:37:e4:e3:08:9a]
RSSI: -81 [da:37:e4:f3:08:ca]
RSSI: -85 [da:37:e5:03:08:fa]
RSSI: -93 [da:36:01:12:13:7b]
RSSI: -83 [da:37:e5:0f:09:1a]
RSSI: -82 [da:37:e5:1f:09:4a]
RSSI: -89 [da:36:01:1e:13:9b]
RSSI: -81 [da:37:e5:2f:09:7a]
RSSI: -83 [da:37:e5:3c:09:9a]
RSSI: -84 [da:37:e5:3c:09:9a]
RSSI: -88 [da:36:01:3c:13:fb]
RSSI: -84 [da:37:e5:4c:09:ca]
RSSI: -86 [da:37:e5:4c:09:ca]
RSSI: -88 [da:36:01:49:14:1b]
RSSI: -86 [da:37:e5:5c:09:fa]
RSSI: -86 [da:36:01:58:14:4b]
RSSI: -85 [da:37:e5:69:0a:1a]
RSSI: -84 [da:37:e5:79:0a:4a]
RSSI: -89 [da:36:01:73:14:9b]
RSSI: -84 [da:37:e5:79:0a:4a]
RSSI: -86 [da:36:01:82:14:bb]
RSSI: -86 [da:37:e5:89:0a:7a]
RSSI: -87 [da:37:e5:95:0a:9a]
RSSI: -88 [da:37:e5:95:0a:9a]
RSSI: -85 [da:36:01:91:14:eb]
RSSI: -85 [da:36:01:9e:15:0b]
RSSI: -88 [da:37:e5:a6:0a:ca]
RSSI: -86 [da:37:e5:b6:0a:fa]
RSSI: -85 [da:36:01:ad:15:3b]
RSSI: -84 [da:37:e5:c2:0b:1a]
RSSI: -83 [da:36:01:d7:15:bb]
RSSI: -86 [da:37:e5:e2:0b:7a]
RSSI: -85 [da:37:e5:ef:0b:9a]
RSSI: -85 [da:36:01:e6:15:eb]
RSSI: -85 [da:37:e5:ef:0b:9a]
RSSI: -83 [da:37:e5:ff:0b:ca]
RSSI: -83 [da:37:e5:ff:0b:ca]
RSSI: -83 [da:37:e6:0f:0b:fa]
RSSI: -81 [da:37:e6:0f:0b:fa]
RSSI: -85 [da:36:02:11:16:6b]
RSSI: -89 [da:36:02:11:16:6b]
RSSI: -81 [da:37:e6:1c:0c:2a]
RSSI: -79 [da:37:e6:1c:0c:2a]
RSSI: -89 [da:36:02:1e:00:0b]
RSSI: -79 [da:37:e6:2c:0c:5a]
RSSI: -76 [da:37:e6:3c:0c:8a]
RSSI: -74 [da:37:e6:3c:0c:8a]
RSSI: -91 [da:36:02:48:00:7b]
RSSI: -76 [da:37:e6:59:0c:da]
RSSI: -92 [da:3a:ef:53:0d:8e]
RSSI: -75 [da:37:e6:59:0c:da]
RSSI: -89 [da:3a:ef:61:0d:be]
RSSI: -76 [da:37:e6:69:0d:0a]
RSSI: -73 [da:37:e6:75:0d:2a]
RSSI: -75 [da:37:e6:75:0d:2a]
RSSI: -74 [da:37:e6:85:0d:5a]
RSSI: -73 [da:37:e6:85:0d:5a]
RSSI: -88 [da:3a:ef:8a:0e:2e]
RSSI: -74 [da:37:e6:85:0d:5a]
RSSI: -76 [da:37:e6:95:0d:8a]
RSSI: -74 [da:37:e6:95:0d:8a]
RSSI: -75 [da:37:e6:a2:0d:aa]
RSSI: -73 [da:37:e6:a2:0d:aa]
RSSI: -88 [da:3a:ef:b2:0e:9e]
RSSI: -73 [da:37:e6:b2:0d:da]
RSSI: -88 [da:3a:ef:c0:0e:be]
RSSI: -71 [da:37:e6:c2:0e:0a]
RSSI: -89 [da:3a:ef:c0:0e:be]
RSSI: -67 [da:37:e6:c2:0e:0a]
RSSI: -69 [da:37:e6:cf:0e:2a]
RSSI: -90 [da:3a:ef:db:0f:0e]
RSSI: -69 [da:37:e6:df:0e:5a]
RSSI: -67 [da:37:e6:df:0e:5a]
RSSI: -89 [da:3a:ef:e9:0f:3e]
RSSI: -69 [da:37:e6:ef:0e:8a]
RSSI: -89 [da:3a:ef:f6:0f:5e]
RSSI: -89 [da:3a:ef:f6:0f:5e]
RSSI: -63 [da:37:e6:fc:0e:aa]
RSSI: -68 [da:37:e6:fc:0e:aa]
RSSI: -62 [da:37:e7:0c:0e:da]
RSSI: -62 [da:37:e7:0c:0e:da]
RSSI: -68 [da:37:e7:1c:0f:0a]
RSSI: -66 [da:37:e7:1c:0f:0a]
RSSI: -68 [da:37:e7:28:0f:2a]
RSSI: -66 [da:37:e7:28:0f:2a]
RSSI: -68 [da:37:e7:39:0f:5a]
RSSI: -66 [da:37:e7:49:0f:8a]
RSSI: -62 [da:37:e7:49:0f:8a]
RSSI: -62 [da:37:e7:49:0f:8a]
RSSI: -67 [da:37:e7:55:0f:aa]
RSSI: -72 [da:37:e7:66:0f:da]
RSSI: -72 [da:37:e7:76:10:0a]
RSSI: -92 [da:36:03:72:03:fb]
RSSI: -63 [da:37:e7:82:10:2a]
RSSI: -73 [da:37:e7:82:10:2a]
RSSI: -64 [da:37:e7:92:10:5a]
RSSI: -64 [da:37:e7:92:10:5a]
RSSI: -73 [da:37:e7:a2:10:8a]
RSSI: -72 [da:37:e7:a2:10:8a]
RSSI: -75 [da:37:e7:af:10:ba]
RSSI: -74 [da:37:e7:af:10:ba]
RSSI: -78 [da:37:e7:bf:10:ea]
RSSI: -75 [da:37:e7:cf:11:0a]
RSSI: -76 [da:37:e7:cf:11:0a]
RSSI: -86 [da:37:e7:dc:11:3a]
RSSI: -82 [da:37:e7:ec:11:6a]
RSSI: -81 [da:37:e7:fc:11:8a]
RSSI: -73 [da:37:e8:09:11:ba]
RSSI: -78 [da:37:e8:09:11:ba]
RSSI: -72 [da:37:e8:19:11:ea]
RSSI: -78 [da:37:e8:29:12:1a]
RSSI: -78 [da:37:e8:36:12:3a]
RSSI: -79 [da:37:e8:36:12:3a]
RSSI: -81 [da:37:e8:46:12:6a]
RSSI: -82 [da:37:e8:56:12:9a]
RSSI: -83 [da:37:e8:63:12:ba]
RSSI: -80 [da:37:e8:63:12:ba]
RSSI: -81 [da:37:e8:73:12:ea]
RSSI: -83 [da:37:e8:83:13:1a]
RSSI: -83 [da:37:e8:90:13:3a]
RSSI: -81 [da:37:e8:90:13:3a]
RSSI: -84 [da:37:e8:a9:13:8a]
RSSI: -85 [da:37:e8:a9:13:8a]
RSSI: -83 [da:37:e8:b9:13:aa]
RSSI: -88 [da:37:e8:c5:13:da]
RSSI: -87 [da:37:e8:c5:13:da]
RSSI: -85 [da:37:e8:d5:14:0a]
RSSI: -88 [da:37:e8:e6:14:2a]
RSSI: -87 [da:37:e8:e6:14:2a]
RSSI: -83 [da:37:e9:03:14:7a]
RSSI: -84 [da:37:e9:03:14:7a]
RSSI: -86 [da:37:e9:0f:14:aa]
RSSI: -86 [da:37:e9:0f:14:aa]
RSSI: -87 [da:37:e9:29:14:ea]
RSSI: -87 [da:37:e9:35:15:0a]
RSSI: -88 [da:37:e9:42:15:3a]
RSSI: -85 [da:37:e9:4f:15:5a]
RSSI: -82 [da:37:e9:4f:15:5a]
RSSI: -85 [da:37:e9:5b:15:7a]
RSSI: -92 [da:3d:8c:5d:10:0c]
RSSI: -85 [da:37:e9:68:15:aa]
RSSI: -86 [da:37:e9:68:15:aa]
RSSI: -86 [da:37:e9:75:15:ca]
RSSI: -85 [da:37:e9:75:15:ca]
RSSI: -85 [da:37:e9:81:15:ea]
RSSI: -88 [da:37:e9:8e:16:0a]
RSSI: -86 [da:37:e9:9b:16:3a]
RSSI: -86 [da:37:e9:9b:16:3a]
RSSI: -84 [da:37:e9:a8:00:2a]
RSSI: -84 [da:37:e9:a8:00:2a]
RSSI: -84 [da:37:e9:b4:00:4a]
RSSI: -86 [da:37:e9:b4:00:4a]
RSSI: -84 [da:37:e9:c1:00:6a]
RSSI: -84 [da:37:e9:c1:00:6a]
RSSI: -86 [da:37:e9:ce:00:8a]
RSSI: -84 [da:37:e9:ce:00:8a]
RSSI: -87 [da:3d:8c:d0:11:6c]
RSSI: -86 [da:37:e9:da:00:ba]
RSSI: -86 [da:37:e9:e7:00:da]
RSSI: -86 [da:37:e9:f4:00:fa]
RSSI: -83 [da:3d:8c:ef:11:cc]
RSSI: -88 [da:37:e9:f4:00:fa]
RSSI: -85 [da:3d:8c:ef:11:cc]
RSSI: -89 [da:37:ea:01:01:1a]
RSSI: -83 [da:3d:8c:fb:11:fc]
RSSI: -87 [da:37:ea:01:01:1a]
RSSI: -87 [da:37:ea:0d:01:3a]
RSSI: -87 [da:3d:8d:0b:12:2c]
RSSI: -88 [da:37:ea:1a:01:6a]
RSSI: -86 [da:3d:8d:0b:12:2c]
RSSI: -85 [da:3d:8d:1a:12:5c]
RSSI: -86 [da:3d:8d:1a:12:5c]
RSSI: -86 [da:37:ea:33:01:aa]
RSSI: -96 [da:36:06:2f:0c:2b]
RSSI: -82 [da:3d:8d:36:12:ac]
RSSI: -87 [da:3d:8d:46:12:dc]
RSSI: -84 [da:3d:8d:46:12:dc]
RSSI: -83 [da:3d:8d:52:13:0c]
RSSI: -88 [da:37:ea:66:02:3a]
RSSI: -83 [da:3d:8d:71:13:6c]
RSSI: -83 [da:37:ea:80:02:8a]
RSSI: -83 [da:3d:8d:71:13:6c]
RSSI: -83 [da:37:ea:80:02:8a]
RSSI: -91 [da:3d:8d:8d:13:bc]
RSSI: -89 [da:37:ea:b3:03:1a]
RSSI: -90 [da:3d:8d:a9:14:1c]
RSSI: -91 [da:37:ea:c0:03:3a]
RSSI: -87 [da:3d:8d:c8:14:7c]
RSSI: -90 [da:3d:8d:c8:14:7c]
RSSI: -90 [da:3d:8d:c8:14:7c]
RSSI: -97 [da:36:06:db:0e:2b]
RSSI: -92 [da:37:ea:e6:03:aa]
RSSI: -95 [da:36:06:db:0e:2b]
RSSI: -93 [da:37:ea:ff:03:fa]
RSSI: -88 [da:37:eb:0c:04:1a]
RSSI: -90 [da:37:eb:19:04:3a]
RSSI: -88 [da:37:eb:32:04:8a]
RSSI: -87 [da:37:eb:32:04:8a]
RSSI: -93 [da:36:07:40:0f:5b]
RSSI: -86 [da:37:eb:4c:04:ca]
RSSI: -93 [da:36:07:40:0f:5b]
RSSI: -87 [da:37:eb:4c:04:ca]
RSSI: -89 [da:37:eb:59:04:fa]
RSSI: -91 [da:3d:8e:51:16:1c]
RSSI: -85 [da:37:eb:59:04:fa]
RSSI: -86 [da:37:eb:66:05:1a]
RSSI: -93 [da:3d:8e:5d:16:4c]
RSSI: -84 [da:37:eb:72:05:3a]
RSSI: -86 [da:37:eb:72:05:3a]
RSSI: -84 [da:37:eb:7f:05:6a]
RSSI: -86 [da:37:eb:8c:05:8a]
RSSI: -86 [da:37:eb:98:05:aa]
RSSI: -88 [da:37:eb:b2:05:fa]
RSSI: -86 [da:37:eb:bf:06:1a]
RSSI: -92 [da:37:eb:bf:06:1a]
RSSI: -87 [da:37:eb:cc:06:3a]
RSSI: -97 [da:36:07:dd:11:3b]
RSSI: -84 [da:37:eb:f2:06:aa]
RSSI: -83 [da:37:eb:f2:06:aa]
RSSI: -83 [da:37:ec:3f:07:8a]
RSSI: -83 [da:37:ec:3f:07:8a]
RSSI: -87 [da:37:ec:4c:07:ba]
RSSI: -88 [da:37:ec:58:07:da]
RSSI: -82 [da:37:ec:65:07:fa]
RSSI: -82 [da:37:ec:65:07:fa]
RSSI: -88 [da:37:ec:7f:08:4a]
RSSI: -85 [da:37:ec:8c:08:6a]
RSSI: -85 [da:37:ec:8c:08:6a]
RSSI: -86 [da:37:ec:8c:08:6a]
RSSI: -84 [da:37:ec:98:08:8a]
RSSI: -84 [da:37:ec:a5:08:aa]
RSSI: -83 [da:37:ec:a5:08:aa]
RSSI: -82 [da:37:ec:b2:08:da]
RSSI: -81 [da:37:ec:b2:08:da]
RSSI: -83 [da:37:ec:b2:08:da]
RSSI: -82 [da:37:ec:bf:08:fa]
RSSI: -84 [da:37:ec:cc:09:1a]
RSSI: -86 [da:37:ec:cc:09:1a]
RSSI: -84 [da:37:ec:d9:09:4a]
RSSI: -88 [da:36:08:d1:14:0b]
RSSI: -85 [da:37:ec:e5:09:6a]
RSSI: -82 [da:37:ec:f2:09:8a]
RSSI: -87 [da:36:08:ef:14:6b]
RSSI: -82 [da:37:ec:ff:09:ba]
RSSI: -83 [da:37:ec:ff:09:ba]
RSSI: -84 [da:36:08:fc:14:8b]
RSSI: -84 [da:37:ed:0c:09:da]
RSSI: -83 [da:36:09:1a:14:eb]
RSSI: -85 [da:37:ed:25:0a:2a]
RSSI: -84 [da:36:09:1a:14:eb]
RSSI: -85 [da:37:ed:25:0a:2a]
RSSI: -84 [da:36:09:27:15:0b]
RSSI: -84 [da:36:09:36:15:3b]
RSSI: -84 [da:37:ed:3f:0a:6a]
RSSI: -84 [da:37:ed:3f:0a:6a]
RSSI: -82 [da:37:ed:4c:0a:9a]
RSSI: -87 [da:36:09:46:15:6b]
RSSI: -85 [da:37:ed:4c:0a:9a]
RSSI: -84 [da:37:ed:59:0a:ba]
RSSI: -87 [da:37:ed:65:0a:da]
RSSI: -85 [da:36:09:62:15:bb]
RSSI: -87 [da:37:ed:65:0a:da]
RSSI: -85 [da:36:09:62:15:bb]
RSSI: -89 [da:37:ed:72:0b:0a]
RSSI: -86 [da:36:09:71:15:eb]
RSSI: -84 [da:36:09:71:15:eb]
RSSI: -89 [da:37:ed:7f:0b:2a]
RSSI: -86 [da:37:ed:99:0b:7a]
RSSI: -86 [da:36:09:8d:16:3b]
RSSI: -88 [da:37:ed:99:0b:7a]
RSSI: -86 [da:36:09:9c:16:6b]
RSSI: -87 [da:37:ed:a6:0b:9a]
RSSI: -88 [da:36:09:a9:00:0b]
RSSI: -86 [da:37:ed:b3:0b:ba]
RSSI: -88 [da:36:09:a9:00:0b]
RSSI: -85 [da:37:ed:b3:0b:ba]
RSSI: -87 [da:36:09:a9:00:0b]
RSSI: -81 [da:37:ed:c0:0b:ea]
RSSI: -85 [da:37:ed:c0:0b:ea]
RSSI: -84 [da:37:ed:cc:0c:0a]
RSSI: -85 [da:37:ed:cc:0c:0a]
RSSI: -88 [da:36:09:c7:00:5b]
RSSI: -84 [da:37:ed:d9:0c:2a]
RSSI: -84 [da:37:ed:d9:0c:2a]
RSSI: -80 [da:37:ed:e6:0c:5a]
RSSI: -85 [da:37:ed:f3:0c:7a]
RSSI: -81 [da:37:ed:f3:0c:7a]
RSSI: -85 [da:37:ee:00:0c:9a]
RSSI: -81 [da:37:ee:0d:0c:ca]
RSSI: -85 [da:37:ee:0d:0c:ca]
RSSI: -86 [da:37:ee:1a:0c:ea]
RSSI: -80 [da:37:ee:1a:0c:ea]
RSSI: -82 [da:37:ee:27:0d:0a]
RSSI: -82 [da:37:ee:27:0d:0a]
RSSI: -81 [da:37:ee:27:0d:0a]
RSSI: -77 [da:37:ee:34:0d:3a]
RSSI: -79 [da:37:ee:34:0d:3a]
RSSI: -79 [da:37:ee:41:0d:5a]
RSSI: -74 [da:37:ee:41:0d:5a]
RSSI: -77 [da:37:ee:4d:0d:7a]
RSSI: -75 [da:37:ee:4d:0d:7a]
RSSI: -75 [da:37:ee:4d:0d:7a]
RSSI: -70 [da:37:ee:5b:0d:aa]
RSSI: -76 [da:37:ee:5b:0d:aa]
RSSI: -74 [da:37:ee:68:0d:ca]
RSSI: -68 [da:37:ee:68:0d:ca]
RSSI: -74 [da:37:ee:74:0d:ea]
RSSI: -95 [da:36:0a:75:02:5b]
RSSI: -67 [da:37:ee:81:0e:1a]
RSSI: -72 [da:37:ee:81:0e:1a]
RSSI: -70 [da:37:ee:8e:0e:3a]
RSSI: -65 [da:37:ee:8e:0e:3a]
RSSI: -71 [da:37:ee:9b:0e:5a]
RSSI: -69 [da:37:ee:9b:0e:5a]
RSSI: -64 [da:37:ee:a8:0e:8a]
RSSI: -70 [da:37:ee:a8:0e:8a]
RSSI: -70 [da:37:ee:a8:0e:8a]
RSSI: -69 [da:37:ee:b5:0e:aa]
RSSI: -63 [da:37:ee:b5:0e:aa]
RSSI: -68 [da:37:ee:c1:0e:ca]
RSSI: -67 [da:37:ee:c1:0e:ca]
RSSI: -68 [da:37:ee:cf:0e:fa]
RSSI: -66 [da:37:ee:dc:0f:1a]
RSSI: -62 [da:37:ee:dc:0f:1a]
RSSI: -69 [da:37:ee:e8:0f:3a]
RSSI: -66 [da:37:ee:e8:0f:3a]
RSSI: -69 [da:37:ee:f5:0f:6a]
RSSI: -67 [da:37:ef:02:0f:8a]
RSSI: -62 [da:37:ef:02:0f:8a]
RSSI: -69 [da:37:ef:0f:0f:aa]
RSSI: -67 [da:37:ef:0f:0f:aa]
RSSI: -70 [da:37:ef:1c:0f:ca]
RSSI: -69 [da:37:ef:29:0f:fa]
RSSI: -65 [da:37:ef:29:0f:fa]
RSSI: -71 [da:37:ef:36:10:1a]
RSSI: -71 [da:37:ef:36:10:1a]
RSSI: -74 [da:37:ef:43:10:3a]
RSSI: -72 [da:37:ef:50:10:6a]
RSSI: -72 [da:37:ef:50:10:6a]
RSSI: -76 [da:37:ef:5c:10:8a]
RSSI: -79 [da:37:ef:5c:10:8a]
RSSI: -79 [da:37:ef:69:10:aa]
RSSI: -79 [da:37:ef:76:10:da]
RSSI: -80 [da:37:ef:83:10:fa]
RSSI: -83 [da:37:ef:83:10:fa]
RSSI: -83 [da:37:ef:83:10:fa]
RSSI: -78 [da:37:ef:90:11:1a]
RSSI: -76 [da:37:ef:9d:11:4a]
RSSI: -78 [da:37:ef:aa:11:6a]
RSSI: -77 [da:37:ef:b7:11:8a]
RSSI: -80 [da:37:ef:c4:11:ba]
RSSI: -80 [da:37:ef:d0:11:da]
RSSI: -79 [da:37:ef:de:11:fa]
RSSI: -80 [da:37:ef:de:11:fa]
RSSI: -85 [da:37:ef:eb:12:2a]
RSSI: -81 [da:37:ef:f7:12:4a]
RSSI: -82 [da:37:f0:04:12:6a]
RSSI: -82 [da:37:f0:11:12:8a]
RSSI: -82 [da:37:f0:1e:12:ba]
RSSI: -86 [da:37:f0:2b:12:da]
RSSI: -88 [da:37:f0:45:13:2a]
RSSI: -87 [da:37:f0:52:13:4a]
RSSI: -87 [da:37:f0:5f:13:6a]
RSSI: -91 [da:37:f0:6c:13:8a]
RSSI: -93 [da:3d:93:73:0f:ec]
RSSI: -90 [da:37:f0:a0:14:2a]
RSSI: -92 [da:37:f0:ad:14:4a]
RSSI: -94 [da:36:0c:a1:08:db]
RSSI: -88 [da:3d:93:bb:10:dc]
RSSI: -88 [da:3d:93:bb:10:dc]
RSSI: -91 [da:3d:93:cb:11:0c]
RSSI: -86 [da:3d:93:d7:11:2c]
RSSI: -85 [da:3d:93:d7:11:2c]
RSSI: -83 [da:3d:93:e7:11:5c]
RSSI: -82 [da:3d:93:f7:11:8c]
RSSI: -87 [da:37:f0:fb:15:2a]
RSSI: -82 [da:3d:93:f7:11:8c]
RSSI: -81 [da:3d:94:03:11:bc]
RSSI: -87 [da:37:f1:14:15:6a]
RSSI: -81 [da:3d:94:03:11:bc]
RSSI: -79 [da:3d:94:13:11:ec]
RSSI: -79 [da:3d:94:23:12:1c]
RSSI: -91 [da:37:f1:3b:15:da]
RSSI: -80 [da:3d:94:30:12:4c]
RSSI: -78 [da:3d:94:30:12:4c]
RSSI: -88 [da:37:f1:48:16:0a]
RSSI: -82 [da:3d:94:3f:12:7c]
RSSI: -88 [da:37:f1:48:16:0a]
RSSI: -87 [da:37:f1:55:16:2a]
RSSI: -79 [da:3d:94:4f:12:ac]
RSSI: -80 [da:3d:94:5c:12:cc]
RSSI: -86 [da:37:f1:62:00:2a]
RSSI: -79 [da:3d:94:5c:12:cc]
RSSI: -82 [da:37:f1:6f:00:4a]
RSSI: -80 [da:3d:94:6c:12:fc]
RSSI: -87 [da:37:f1:7c:00:7a]
RSSI: -82 [da:3d:94:7b:13:3c]
RSSI: -80 [da:37:f1:89:00:9a]
RSSI: -83 [da:37:f1:89:00:9a]
RSSI: -83 [da:3d:94:88:13:5c]
RSSI: -83 [da:3d:94:88:13:5c]
RSSI: -85 [da:3d:94:88:13:5c]
RSSI: -81 [da:37:f1:96:00:ba]
RSSI: -84 [da:3d:94:98:13:8c]
RSSI: -87 [da:3d:94:98:13:8c]
RSSI: -88 [da:3d:94:a7:13:bc]
RSSI: -82 [da:37:f1:b0:01:0a]
RSSI: -82 [da:37:f1:b0:01:0a]
RSSI: -79 [da:37:f1:bd:01:2a]
RSSI: -81 [da:37:f1:ca:01:5a]
RSSI: -80 [da:37:f1:d7:01:7a]
RSSI: -77 [da:37:f1:e4:01:9a]
RSSI: -83 [da:37:f1:f1:01:ca]
RSSI: -81 [da:37:f1:fe:01:ea]
RSSI: -81 [da:37:f2:0b:02:1a]
RSSI: -83 [da:37:f2:0b:02:1a]
RSSI: -93 [da:3d:95:1c:15:2c]
RSSI: -83 [da:37:f2:32:02:7a]
RSSI: -87 [da:37:f2:32:02:7a]
RSSI: -85 [da:37:f2:3f:02:aa]
RSSI: -87 [da:37:f2:59:02:ea]
RSSI: -88 [da:37:f2:66:03:0a]
RSSI: -93 [da:3d:95:75:16:3c]
RSSI: -94 [da:36:0e:72:0e:5b]
RSSI: -90 [da:37:f2:81:03:5a]
RSSI: -93 [da:37:f2:9a:03:aa]
RSSI: -93 [da:3d:95:91:00:0c]
RSSI: -92 [da:37:f2:b4:03:ea]
RSSI: -87 [da:37:f2:cf:04:3a]
RSSI: -91 [da:36:0e:c9:0f:5b]
RSSI: -85 [da:37:f2:db:04:5a]
RSSI: -83 [da:37:f2:f6:04:aa]
RSSI: -84 [da:37:f2:f6:04:aa]
RSSI: -82 [da:37:f3:02:04:ca]
RSSI: -82 [da:37:f3:1d:05:1a]
RSSI: -87 [da:37:f3:1d:05:1a]
RSSI: -82 [da:37:f3:2a:05:3a]
RSSI: -86 [da:37:f3:44:05:8a]
RSSI: -84 [da:37:f3:51:05:aa]
RSSI: -85 [da:37:f3:6b:05:fa]
RSSI: -85 [da:37:f3:78:06:2a]
RSSI: -87 [da:37:f3:78:06:2a]
RSSI: -85 [da:37:f3:85:06:4a]
RSSI: -85 [da:37:f3:85:06:4a]
RSSI: -86 [da:37:f3:9f:06:9a]
RSSI: -88 [da:37:f3:9f:06:9a]
RSSI: -86 [da:37:f3:ac:06:ba]
RSSI: -87 [da:37:f3:ba:06:da]
RSSI: -84 [da:37:f3:c6:07:0a]
RSSI: -88 [da:37:f3:d4:07:2a]
RSSI: -87 [da:37:f3:d4:07:2a]
RSSI: -86 [da:37:f3:e1:07:4a]
RSSI: -84 [da:37:f3:e1:07:4a]
RSSI: -87 [da:37:f3:ed:07:7a]
RSSI: -88 [da:37:f3:fb:07:9a]
RSSI: -86 [da:37:f4:08:07:ba]
RSSI: -87 [da:37:f4:15:07:ea]
RSSI: -86 [da:37:f4:15:07:ea]
RSSI: -83 [da:37:f4:22:08:0a]
RSSI: -82 [da:37:f4:2f:08:2a]
RSSI: -84 [da:37:f4:2f:08:2a]
RSSI: -80 [da:37:f4:3c:08:4a]
RSSI: -82 [da:37:f4:3c:08:4a]
RSSI: -90 [da:36:10:38:13:ab]
RSSI: -83 [da:37:f4:49:08:7a]
RSSI: -86 [da:37:f4:57:08:9a]
RSSI: -91 [da:36:10:54:13:fb]
RSSI: -84 [da:37:f4:71:08:ea]
RSSI: -87 [da:36:10:73:14:5b]
RSSI: -85 [da:37:f4:7e:09:0a]
RSSI: -84 [da:36:10:73:14:5b]
RSSI: -85 [da:36:10:90:14:ab]
RSSI: -83 [da:36:10:90:14:ab]
RSSI: -84 [da:36:10:9f:14:db]
RSSI: -84 [da:36:10:9f:14:db]
RSSI: -79 [da:37:f4:b2:09:aa]
RSSI: -77 [da:37:f4:bf:09:ca]
RSSI: -83 [da:36:10:bc:15:2b]
RSSI: -79 [da:37:f4:bf:09:ca]
RSSI: -84 [da:36:10:bc:15:2b]
RSSI: -77 [da:37:f4:cd:09:ea]
RSSI: -84 [da:36:10:cb:15:5b]
RSSI: -79 [da:37:f4:d9:0a:1a]
RSSI: -83 [da:36:10:cb:15:5b]
RSSI: -81 [da:37:f4:d9:0a:1a]
RSSI: -78 [da:37:f4:e7:0a:3a]
RSSI: -84 [da:36:10:d8:15:8b]
RSSI: -78 [da:37:f4:e7:0a:3a]
RSSI: -81 [da:37:f4:e7:0a:3a]
RSSI: -80 [da:36:10:e8:15:bb]
RSSI: -82 [da:37:f4:f4:0a:5a]
RSSI: -83 [da:36:10:e8:15:bb]
RSSI: -79 [da:37:f4:f4:0a:5a]
RSSI: -81 [da:37:f5:00:0a:8a]
RSSI: -83 [da:37:f5:00:0a:8a]
RSSI: -79 [da:37:f5:0e:0a:aa]
RSSI: -83 [da:36:11:04:16:0b]
RSSI: -81 [da:37:f5:0e:0a:aa]
RSSI: -82 [da:36:11:04:16:0b]
RSSI: -82 [da:37:f5:1b:0a:ca]
RSSI: -84 [da:36:11:14:16:3b]
RSSI: -79 [da:37:f5:1b:0a:ca]
RSSI: -82 [da:36:11:14:16:3b]
RSSI: -79 [da:37:f5:28:0a:fa]
RSSI: -79 [da:37:f5:28:0a:fa]
RSSI: -80 [da:36:11:23:16:6b]
RSSI: -78 [da:37:f5:35:0b:1a]
RSSI: -78 [da:37:f5:35:0b:1a]
RSSI: -77 [da:37:f5:43:0b:4a]
RSSI: -84 [da:36:11:40:00:2b]
RSSI: -76 [da:37:f5:4f:0b:6a]
RSSI: -76 [da:37:f5:4f:0b:6a]
RSSI: -86 [da:36:11:4f:00:5b]
RSSI: -75 [da:37:f5:5d:0b:8a]
RSSI: -76 [da:37:f5:5d:0b:8a]
RSSI: -75 [da:37:f5:5d:0b:8a]
RSSI: -86 [da:36:11:5c:00:8b]
RSSI: -90 [da:36:11:7b:00:db]
RSSI: -76 [da:37:f5:84:0b:fa]
RSSI: -76 [da:37:f5:91:0c:2a]
RSSI: -76 [da:37:f5:91:0c:2a]
RSSI: -75 [da:37:f5:a3:0c:5a]
RSSI: -75 [da:37:f5:a3:0c:5a]
RSSI: -75 [da:37:f5:b4:0c:8a]
RSSI: -93 [da:36:11:a7:01:6b]
RSSI: -73 [da:37:f5:b4:0c:8a]
RSSI: -91 [da:36:11:b4:01:8b]
RSSI: -73 [da:37:f5:c1:0c:ba]
RSSI: -71 [da:37:f5:ce:0c:da]
RSSI: -70 [da:37:f5:ce:0c:da]
RSSI: -69 [da:37:f5:db:0c:fa]
RSSI: -68 [da:37:f5:db:0c:fa]
RSSI: -68 [da:37:f5:e8:0d:2a]
RSSI: -68 [da:37:f5:e8:0d:2a]
RSSI: -66 [da:37:f5:f5:0d:4a]
RSSI: -67 [da:37:f5:f5:0d:4a]
RSSI: -64 [da:37:f6:02:0d:6a]
RSSI: -65 [da:37:f6:10:0d:9a]
RSSI: -66 [da:37:f6:10:0d:9a]
RSSI: -66 [da:37:f6:10:0d:9a]
RSSI: -63 [da:37:f6:1c:0d:ba]
RSSI: -64 [da:37:f6:1c:0d:ba]
RSSI: -63 [da:37:f6:2a:0d:da]
RSSI: -92 [da:36:12:2c:02:eb]
RSSI: -64 [da:37:f6:37:0e:0a]
RSSI: -63 [da:37:f6:44:0e:2a]
RSSI: -62 [da:37:f6:51:0e:4a]
RSSI: -63 [da:37:f6:51:0e:4a]
RSSI: -64 [da:37:f6:5f:0e:7a]
RSSI: -63 [da:37:f6:6b:0e:9a]
RSSI: -62 [da:37:f6:79:0e:ba]
RSSI: -64 [da:37:f6:79:0e:ba]
RSSI: -66 [da:37:f6:86:0e:ea]
RSSI: -63 [da:37:f6:86:0e:ea]
RSSI: -64 [da:37:f6:93:0f:0a]
RSSI: -68 [da:37:f6:93:0f:0a]
RSSI: -64 [da:37:f6:a0:0f:2a]
RSSI: -65 [da:37:f6:a0:0f:2a]
RSSI: -66 [da:37:f6:a0:0f:2a]
RSSI: -66 [da:37:f6:a0:0f:2a]
RSSI: -69 [da:37:f6:ae:0f:5a]
RSSI: -66 [da:37:f6:ae:0f:5a]
RSSI: -68 [da:37:f6:ba:0f:7a]
RSSI: -70 [da:37:f6:ba:0f:7a]
RSSI: -68 [da:37:f6:c8:0f:9a]
RSSI: -71 [da:37:f6:c8:0f:9a]
RSSI: -71 [da:37:f6:d5:0f:ca]
RSSI: -72 [da:37:f6:d5:0f:ca]
RSSI: -74 [da:37:f6:e2:0f:ea]
RSSI: -76 [da:37:f6:e2:0f:ea]
RSSI: -93 [da:36:12:dc:04:fb]
RSSI: -77 [da:37:f6:f0:10:0a]
RSSI: -78 [da:37:f6:f0:10:0a]
RSSI: -79 [da:37:f6:fd:10:3a]
RSSI: -77 [da:37:f7:0a:10:5a]
RSSI: -76 [da:37:f7:17:10:7a]
RSSI: -91 [da:3d:9a:14:0e:4c]
RSSI: -75 [da:37:f7:24:10:aa]
RSSI: -75 [da:37:f7:31:10:ca]
RSSI: -76 [da:37:f7:3f:10:ea]
RSSI: -77 [da:37:f7:4c:11:1a]
RSSI: -78 [da:37:f7:4c:11:1a]
RSSI: -79 [da:37:f7:59:11:3a]
RSSI: -82 [da:37:f7:66:11:6a]
RSSI: -81 [da:37:f7:66:11:6a]
RSSI: -82 [da:37:f7:74:11:8a]
RSSI: -80 [da:37:f7:80:11:aa]
RSSI: -80 [da:37:f7:8e:11:ca]
RSSI: -79 [da:37:f7:8e:11:ca]
RSSI: -80 [da:37:f7:9b:11:fa]
RSSI: -81 [da:37:f7:9b:11:fa]
RSSI: -81 [da:37:f7:a8:12:1a]
RSSI: -87 [da:37:f7:c3:12:6a]
RSSI: -90 [da:37:f7:d0:12:8a]
RSSI: -87 [da:37:f7:dd:12:ba]
RSSI: -90 [da:3d:9a:d7:10:bc]
RSSI: -89 [da:3d:9a:e7:10:ec]
RSSI: -89 [da:3d:9a:e7:10:ec]
RSSI: -90 [da:37:f7:f7:12:fa]
RSSI: -86 [da:3d:9a:f4:11:0c]
RSSI: -85 [da:3d:9b:04:11:4c]
RSSI: -84 [da:3d:9b:04:11:4c]
RSSI: -90 [da:37:f8:12:13:4a]
RSSI: -93 [da:36:14:02:08:7b]
RSSI: -87 [da:3d:9b:14:11:7c]
RSSI: -84 [da:3d:9b:14:11:7c]
RSSI: -87 [da:37:f8:1f:13:6a]
RSSI: -84 [da:3d:9b:14:11:7c]
RSSI: -87 [da:37:f8:1f:13:6a]
RSSI: -82 [da:3d:9b:21:11:9c]
RSSI: -83 [da:3d:9b:31:11:cc]
RSSI: -82 [da:3d:9b:31:11:cc]
RSSI: -83 [da:3d:9b:41:12:0c]
RSSI: -82 [da:3d:9b:41:12:0c]
RSSI: -82 [da:3d:9b:4d:12:2c]
RSSI: -83 [da:3d:9b:4d:12:2c]
RSSI: -82 [da:3d:9b:5e:12:5c]
RSSI: -85 [da:37:f8:6e:14:5a]
RSSI: -82 [da:3d:9b:5e:12:5c]
RSSI: -83 [da:37:f8:6e:14:5a]
RSSI: -86 [da:3d:9b:6e:12:8c]
RSSI: -81 [da:37:f8:7c:14:7a]
RSSI: -83 [da:3d:9b:7a:12:bc]
RSSI: -80 [da:37:f8:89:14:aa]
RSSI: -85 [da:37:f8:89:14:aa]
RSSI: -86 [da:3d:9b:8a:12:ec]
RSSI: -81 [da:37:f8:96:14:ca]
RSSI: -83 [da:3d:9b:8a:12:ec]
RSSI: -82 [da:37:f8:96:14:ca]
RSSI: -82 [da:3d:9b:9a:13:1c]
RSSI: -82 [da:37:f8:a4:14:ea]
RSSI: -87 [da:37:f8:b1:15:1a]
RSSI: -86 [da:37:f8:be:15:3a]
RSSI: -81 [da:37:f8:cb:15:5a]
RSSI: -81 [da:37:f8:cb:15:5a]
RSSI: -78 [da:37:f8:d9:15:8a]
RSSI: -78 [da:37:f8:d9:15:8a]
RSSI: -80 [da:37:f8:e5:15:aa]
RSSI: -80 [da:37:f8:e5:15:aa]
RSSI: -78 [da:37:f8:f3:15:ca]
RSSI: -80 [da:37:f8:f3:15:ca]
RSSI: -79 [da:37:f9:01:15:fa]
RSSI: -78 [da:37:f9:01:15:fa]
RSSI: -80 [da:37:f9:0d:16:1a]
RSSI: -81 [da:37:f9:0d:16:1a]
RSSI: -79 [da:37:f9:1b:16:3a]
RSSI: -82 [da:37:f9:1b:16:3a]
RSSI: -81 [da:37:f9:28:00:2a]
RSSI: -80 [da:37:f9:28:00:2a]
RSSI: -81 [da:37:f9:35:00:4a]
RSSI: -78 [da:37:f9:35:00:4a]
RSSI: -79 [da:37:f9:43:00:7a]
RSSI: -80 [da:37:f9:43:00:7a]
RSSI: -78 [da:37:f9:50:00:9a]
RSSI: -77 [da:37:f9:5d:00:ba]
RSSI: -79 [da:37:f9:6a:00:ea]
RSSI: -77 [da:37:f9:78:01:0a]
RSSI: -77 [da:37:f9:78:01:0a]
RSSI: -81 [da:37:f9:85:01:2a]
RSSI: -82 [da:37:f9:85:01:2a]
RSSI: -81 [da:37:f9:92:01:5a]
RSSI: -83 [da:37:f9:a0:01:7a]
RSSI: -86 [da:37:f9:ac:01:9a]
RSSI: -80 [da:37:f9:ac:01:9a]
RSSI: -85 [da:37:f9:ba:01:ca]
RSSI: -82 [da:37:f9:c8:01:ea]
RSSI: -82 [da:37:f9:c8:01:ea]
RSSI: -87 [da:37:f9:c8:01:ea]
RSSI: -84 [da:37:f9:d4:02:0a]
RSSI: -85 [da:37:f9:d4:02:0a]
RSSI: -87 [da:37:f9:e2:02:3a]
RSSI: -87 [da:37:f9:e2:02:3a]
RSSI: -83 [da:37:fa:0a:02:aa]
RSSI: -85 [da:37:fa:17:02:ca]
RSSI: -86 [da:37:fa:17:02:ca]
RSSI: -85 [da:37:fa:24:02:fa]
RSSI: -82 [da:37:fa:32:03:1a]
RSSI: -82 [da:37:fa:32:03:1a]
RSSI: -89 [da:37:fa:32:03:1a]
RSSI: -85 [da:37:fa:3f:03:3a]
RSSI: -87 [da:37:fa:4c:03:6a]
RSSI: -84 [da:37:fa:4c:03:6a]
RSSI: -84 [da:37:fa:5a:03:8a]
RSSI: -84 [da:37:fa:67:03:ba]
RSSI: -82 [da:37:fa:74:03:da]
RSSI: -84 [da:37:fa:74:03:da]
RSSI: -81 [da:37:fa:82:03:fa]
RSSI: -82 [da:37:fa:8f:04:2a]
RSSI: -80 [da:37:fa:9c:04:4a]
RSSI: -81 [da:37:fa:9c:04:4a]
RSSI: -79 [da:37:fa:aa:04:6a]
RSSI: -90 [da:37:fa:b7:04:9a]
RSSI: -83 [da:37:fa:c4:04:ba]
RSSI: -81 [da:37:fa:d2:04:ea]
RSSI: -83 [da:37:fa:d2:04:ea]
RSSI: -83 [da:37:fa:df:05:0a]
RSSI: -82 [da:37:fa:ec:05:2a]
RSSI: -82 [da:37:fa:f9:05:5a]
RSSI: -81 [da:37:fa:f9:05:5a]
RSSI: -81 [da:37:fb:07:05:7a]
RSSI: -82 [da:37:fb:07:05:7a]
RSSI: -83 [da:37:fb:14:05:aa]
RSSI: -83 [da:37:fb:14:05:aa]
RSSI: -83 [da:37:fb:21:05:ca]
RSSI: -83 [da:37:fb:2f:05:fa]
RSSI: -83 [da:37:fb:2f:05:fa]
RSSI: -83 [da:37:fb:49:06:3a]
RSSI: -83 [da:37:fb:49:06:3a]
RSSI: -92 [da:36:17:5f:12:8b]
RSSI: -92 [da:37:fb:7f:06:da]
RSSI: -85 [da:37:fb:8c:06:fa]
RSSI: -85 [da:37:fb:9a:07:2a]
RSSI: -92 [da:36:17:a8:13:5b]
RSSI: -86 [da:37:fb:b4:07:6a]
RSSI: -86 [da:37:fb:b4:07:6a]
RSSI: -86 [da:37:fb:c2:07:9a]
RSSI: -85 [da:37:fb:c2:07:9a]
RSSI: -85 [da:37:fb:cf:07:ba]
RSSI: -86 [da:37:fb:dc:07:ea]
RSSI: -85 [da:36:17:d5:13:eb]
RSSI: -87 [da:36:17:d5:13:eb]
RSSI: -86 [da:36:17:e4:14:1b]
RSSI: -86 [da:37:fb:ea:08:0a]
RSSI: -83 [da:36:17:e4:14:1b]
RSSI: -91 [da:37:fb:f7:08:2a]
RSSI: -85 [da:36:17:f1:14:3b]
RSSI: -85 [da:36:17:f1:14:3b]
RSSI: -82 [da:36:18:01:14:6b]
RSSI: -83 [da:36:18:11:14:9b]
RSSI: -81 [da:36:18:11:14:9b]
RSSI: -81 [da:36:18:1e:14:bb]
RSSI: -81 [da:36:18:2e:14:eb]
RSSI: -80 [da:36:18:2e:14:eb]
RSSI: -79 [da:36:18:3e:15:1b]
RSSI: -81 [da:36:18:4a:15:3b]
RSSI: -80 [da:36:18:4a:15:3b]
RSSI: -80 [da:36:18:5a:15:6b]
RSSI: -79 [da:36:18:6a:15:9b]
RSSI: -79 [da:36:18:6a:15:9b]
RSSI: -79 [da:36:18:6a:15:9b]
RSSI: -88 [da:37:fc:7c:09:aa]
RSSI: -78 [da:36:18:77:15:cb]
RSSI: -87 [da:37:fc:8a:09:da]
RSSI: -80 [da:36:18:87:15:fb]
RSSI: -81 [da:36:18:97:16:1b]
RSSI: -82 [da:36:18:a4:16:4b]
RSSI: -88 [da:37:fc:b2:0a:4a]
RSSI: -90 [da:37:fc:b2:0a:4a]
RSSI: -80 [da:36:18:b4:16:7b]
RSSI: -79 [da:36:18:b4:16:7b]
RSSI: -82 [da:36:18:b4:16:7b]
RSSI: -86 [da:37:fc:c0:0a:6a]
RSSI: -86 [da:37:fc:cd:0a:9a]
RSSI: -82 [da:36:18:c4:00:2b]
RSSI: -90 [da:37:fc:cd:0a:9a]
RSSI: -83 [da:37:fc:da:0a:ba]
RSSI: -82 [da:36:18:d0:00:5b]
RSSI: -82 [da:37:fc:da:0a:ba]
RSSI: -83 [da:36:18:d0:00:5b]
RSSI: -84 [da:36:18:e1:00:8b]
RSSI: -80 [da:37:fc:e8:0a:ea]
RSSI: -81 [da:37:fc:f5:0b:0a]
RSSI: -85 [da:36:18:f1:00:bb]
RSSI: -83 [da:37:fc:f5:0b:0a]
RSSI: -79 [da:37:fd:03:0b:2a]
RSSI: -80 [da:37:fd:03:0b:2a]
RSSI: -79 [da:37:fd:10:0b:5a]
RSSI: -86 [da:37:fd:1d:0b:7a]
RSSI: -80 [da:37:fd:2b:0b:aa]
RSSI: -78 [da:37:fd:39:0b:ca]
RSSI: -79 [da:37:fd:39:0b:ca]
RSSI: -85 [da:37:fd:45:0b:ea]
RSSI: -78 [da:37:fd:53:0c:1a]
RSSI: -84 [da:37:fd:53:0c:1a]
RSSI: -75 [da:37:fd:61:0c:3a]
RSSI: -77 [da:37:fd:61:0c:3a]
RSSI: -86 [da:37:fd:6d:0c:6a]
RSSI: -74 [da:37:fd:6d:0c:6a]
RSSI: -77 [da:37:fd:7b:0c:8a]
RSSI: -82 [da:37:fd:7b:0c:8a]
RSSI: -73 [da:37:fd:89:0c:aa]
RSSI: -78 [da:37:fd:89:0c:aa]
RSSI: -74 [da:37:fd:96:0c:da]
RSSI: -75 [da:37:fd:a3:0c:fa]
RSSI: -91 [da:3d:a0:a8:0c:ac]
RSSI: -92 [da:36:19:b0:02:fb]
RSSI: -85 [da:37:fd:be:0d:4a]
RSSI: -70 [da:37:fd:cc:0d:6a]
RSSI: -81 [da:37:fd:cc:0d:6a]
RSSI: -82 [da:37:fd:d9:0d:9a]
RSSI: -86 [da:37:fd:e6:0d:ba]
RSSI: -78 [da:37:fd:e6:0d:ba]
RSSI: -67 [da:37:fd:f4:0d:ea]
RSSI: -76 [da:37:fe:02:0e:0a]
RSSI: -67 [da:37:fe:02:0e:0a]
RSSI: -91 [da:36:19:fd:03:db]
RSSI: -75 [da:37:fe:0e:0e:2a]
RSSI: -69 [da:37:fe:2a:0e:7a]
RSSI: -96 [da:3b:07:2b:0e:0e]
RSSI: -77 [da:37:fe:37:0e:aa]
RSSI: -82 [da:37:fe:45:0e:ca]
RSSI: -74 [da:37:fe:52:0e:fa]
RSSI: -85 [da:37:fe:5f:0f:1a]
RSSI: -83 [da:37:fe:7b:0f:6a]
RSSI: -91 [da:3d:a1:82:0f:5c]
RSSI: -82 [da:37:fe:87:0f:8a]
RSSI: -86 [da:37:fe:95:0f:ba]
RSSI: -87 [da:3d:a1:a9:0f:cc]
RSSI: -78 [da:37:fe:b0:10:0a]
RSSI: -91 [da:3d:a1:b5:0f:fc]
RSSI: -81 [da:37:fe:d8:10:7a]
RSSI: -82 [da:37:fe:d8:10:7a]
RSSI: -85 [da:37:fe:e6:10:9a]
RSSI: -87 [da:37:ff:00:10:ea]
RSSI: -91 [da:37:ff:0e:11:1a]
RSSI: -96 [da:36:1b:17:07:2b]
RSSI: -90 [da:3d:a2:1c:11:3c]
RSSI: -95 [da:36:1b:17:07:2b]
RSSI: -87 [da:37:ff:29:11:5a]
RSSI: -85 [da:3d:a2:29:11:6c]
RSSI: -84 [da:3d:a2:29:11:6c]
RSSI: -88 [da:37:ff:37:11:8a]
RSSI: -85 [da:3d:a2:36:11:9c]
RSSI: -90 [da:3d:a2:43:11:bc]
RSSI: -86 [da:37:ff:51:11:da]
RSSI: -86 [da:37:ff:5f:11:fa]
RSSI: -87 [da:3d:a2:5c:12:0c]
RSSI: -89 [da:37:ff:6d:12:1a]
RSSI: -87 [da:3d:a2:69:12:3c]
RSSI: -87 [da:3d:a2:76:12:5c]
RSSI: -89 [da:37:ff:7a:12:4a]
RSSI: -88 [da:3d:a2:83:12:8c]
RSSI: -87 [da:37:ff:96:12:9a]
RSSI: -84 [da:3d:a2:90:12:ac]
RSSI: -85 [da:37:ff:96:12:9a]
RSSI: -85 [da:3d:a2:aa:13:0c]
RSSI: -89 [da:37:ff:b0:12:da]
RSSI: -85 [da:3d:a2:aa:13:0c]
RSSI: -87 [da:3d:a2:b6:13:2c]
RSSI: -88 [da:3d:a2:d0:13:7c]
RSSI: -92 [da:37:ff:e6:13:7a]
RSSI: -90 [da:3d:a2:dd:13:ac]
RSSI: -88 [da:37:ff:f3:13:9a]
RSSI: -91 [da:38:00:01:13:ca]
RSSI: -86 [da:38:00:0f:13:ea]
RSSI: -93 [da:3d:a3:10:14:4c]
RSSI: -90 [da:38:00:1c:14:1a]
RSSI: -89 [da:38:00:1c:14:1a]
RSSI: -86 [da:3d:a3:1d:14:6c]
RSSI: -86 [da:3d:a3:2a:14:9c]
RSSI: -89 [da:38:00:44:14:8a]
RSSI: -87 [da:3d:a3:5e:15:3c]
RSSI: -86 [da:38:00:6d:14:fa]
RSSI: -89 [da:3d:a3:6b:15:5c]
RSSI: -88 [da:38:00:7b:15:2a]
RSSI: -92 [da:3d:a3:78:15:8c]
RSSI: -94 [da:3d:a3:91:15:dc]
RSSI: -90 [da:3d:a3:9e:15:fc]
RSSI: -91 [da:38:00:be:15:da]
RSSI: -86 [da:38:00:da:16:2a]
RSSI: -86 [da:38:00:e6:00:2a]
RSSI: -86 [da:38:00:e6:00:2a]
RSSI: -84 [da:38:00:e6:00:2a]
RSSI: -85 [da:38:00:f4:00:4a]
RSSI: -84 [da:38:00:f4:00:4a]
RSSI: -86 [da:38:00:f4:00:4a]
RSSI: -86 [da:38:01:02:00:7a]
RSSI: -92 [da:3d:a4:12:00:cc]
RSSI: -88 [da:36:1d:0e:0d:0b]
RSSI: -85 [da:38:01:1d:00:ca]
RSSI: -87 [da:38:01:38:01:0a]
RSSI: -91 [da:36:1d:80:0e:6b]
RSSI: -93 [da:38:01:89:01:fa]
RSSI: -88 [da:38:01:a5:02:4a]
RSSI: -91 [da:38:01:b2:02:6a]
RSSI: -90 [da:36:1d:a7:0e:db]
RSSI: -92 [da:38:01:c0:02:9a]
RSSI: -90 [da:38:01:da:02:ea]
RSSI: -91 [da:36:1d:da:0f:6b]
RSSI: -91 [da:38:01:e8:03:0a]
RSSI: -88 [da:38:01:f6:03:3a]
RSSI: -88 [da:38:02:03:03:5a]
RSSI: -94 [da:38:02:11:03:7a]
RSSI: -92 [da:36:1e:0d:10:0b]
RSSI: -90 [da:38:02:48:04:1a]
RSSI: -89 [da:38:02:54:04:3a]
RSSI: -90 [da:38:02:62:04:6a]
RSSI: -96 [da:36:1e:73:11:3b]
RSSI: -86 [da:38:02:7d:04:ba]
RSSI: -85 [da:38:02:8b:04:da]
RSSI: -85 [da:38:02:8b:04:da]
RSSI: -86 [da:38:02:99:05:0a]
RSSI: -86 [da:38:02:99:05:0a]
RSSI: -87 [da:38:02:b4:05:4a]
RSSI: -93 [da:36:1e:a6:11:cb]
RSSI: -86 [da:38:02:c2:05:7a]
RSSI: -88 [da:38:02:cf:05:9a]
RSSI: -91 [da:36:1e:cc:12:4b]
RSSI: -87 [da:38:02:cf:05:9a]
RSSI: -91 [da:36:1e:d9:12:6b]
RSSI: -90 [da:38:02:eb:05:ea]
RSSI: -91 [da:36:1f:00:12:db]
RSSI: -88 [da:38:02:fd:06:1a]
RSSI: -85 [da:38:03:0d:06:4a]
RSSI: -87 [da:38:03:1b:06:7a]
RSSI: -89 [da:36:1f:0c:13:0b]
RSSI: -87 [da:38:03:1b:06:7a]
RSSI: -87 [da:36:1f:26:13:4b]
RSSI: -85 [da:38:03:36:06:ba]
RSSI: -86 [da:38:03:44:06:ea]
RSSI: -87 [da:36:1f:40:13:9b]
RSSI: -87 [da:36:1f:59:13:eb]
RSSI: -85 [da:38:03:5f:07:3a]
RSSI: -88 [da:38:03:5f:07:3a]
RSSI: -89 [da:38:03:6d:07:5a]
RSSI: -86 [da:38:03:6d:07:5a]
RSSI: -84 [da:36:1f:66:14:0b]
RSSI: -84 [da:36:1f:73:14:3b]
RSSI: -83 [da:36:1f:80:14:5b]
RSSI: -82 [da:36:1f:80:14:5b]
RSSI: -87 [da:38:03:88:07:aa]
RSSI: -82 [da:36:1f:80:14:5b]
RSSI: -82 [da:36:1f:8d:14:7b]
RSSI: -87 [da:38:03:96:07:da]
RSSI: -81 [da:36:1f:8d:14:7b]
RSSI: -86 [da:38:03:96:07:da]
RSSI: -80 [da:36:1f:99:14:ab]
RSSI: -83 [da:38:03:a2:07:fa]
RSSI: -80 [da:36:1f:99:14:ab]
RSSI: -82 [da:36:1f:a6:14:cb]
RSSI: -81 [da:36:1f:a6:14:cb]
RSSI: -81 [da:36:1f:a6:14:cb]
RSSI: -81 [da:36:1f:b3:14:eb]
RSSI: -80 [da:36:1f:b3:14:eb]
RSSI: -83 [da:38:03:bf:08:4a]
RSSI: -82 [da:36:1f:c0:15:1b]
RSSI: -84 [da:38:03:cb:08:6a]
RSSI: -81 [da:36:1f:c0:15:1b]
RSSI: -82 [da:38:03:cb:08:6a]
RSSI: -79 [da:36:1f:cd:15:3b]
RSSI: -79 [da:36:1f:cd:15:3b]
RSSI: -82 [da:38:03:d9:08:9a]
RSSI: -82 [da:38:03:d9:08:9a]
RSSI: -81 [da:36:1f:da:15:6b]
RSSI: -78 [da:36:1f:e7:15:8b]
RSSI: -81 [da:38:03:e8:08:ba]
RSSI: -79 [da:36:1f:e7:15:8b]
RSSI: -80 [da:38:03:f4:08:ea]
RSSI: -81 [da:38:03:f4:08:ea]
RSSI: -78 [da:36:1f:f3:15:ab]
RSSI: -81 [da:38:03:f4:08:ea]
RSSI: -78 [da:36:1f:f3:15:ab]
RSSI: -80 [da:38:04:02:09:0a]
RSSI: -78 [da:36:20:00:15:db]
RSSI: -79 [da:36:20:00:15:db]
RSSI: -79 [da:36:20:0d:15:fb]
RSSI: -81 [da:38:04:10:09:3a]
RSSI: -78 [da:36:20:0d:15:fb]
RSSI: -80 [da:36:20:1a:16:1b]
RSSI: -82 [da:38:04:1d:09:5a]
RSSI: -80 [da:36:20:1a:16:1b]
RSSI: -80 [da:38:04:2b:09:8a]
RSSI: -79 [da:36:20:27:16:4b]
RSSI: -79 [da:36:20:34:16:6b]
RSSI: -79 [da:36:20:40:00:0b]
RSSI: -79 [da:38:04:46:09:ca]
RSSI: -81 [da:36:20:40:00:0b]
RSSI: -79 [da:38:04:46:09:ca]
RSSI: -79 [da:38:04:54:09:fa]
RSSI: -81 [da:36:20:67:00:7b]
RSSI: -77 [da:38:04:6f:0a:4a]
RSSI: -82 [da:36:20:67:00:7b]
RSSI: -76 [da:38:04:6f:0a:4a]
RSSI: -82 [da:36:20:74:00:9b]
RSSI: -76 [da:38:04:7d:0a:6a]
RSSI: -82 [da:36:20:81:00:cb]
RSSI: -73 [da:38:04:8b:0a:9a]
RSSI: -85 [da:36:20:8d:00:eb]
RSSI: -75 [da:38:04:98:0a:ba]
RSSI: -78 [da:38:04:a6:0a:ea]
RSSI: -75 [da:38:04:b4:0b:0a]
RSSI: -78 [da:38:04:b4:0b:0a]
RSSI: -76 [da:38:04:c1:0b:2a]
RSSI: -74 [da:38:04:c1:0b:2a]
RSSI: -88 [da:36:20:c1:01:7b]
RSSI: -75 [da:38:04:cf:0b:5a]
RSSI: -74 [da:38:04:cf:0b:5a]
RSSI: -90 [da:36:20:ce:01:ab]
RSSI: -72 [da:38:04:dd:0b:7a]
RSSI: -86 [da:36:20:da:01:cb]
RSSI: -86 [da:36:20:da:01:cb]
RSSI: -68 [da:38:04:ea:0b:aa]
RSSI: -87 [da:36:20:e7:01:fb]
RSSI: -68 [da:38:04:f8:0b:ca]
RSSI: -87 [da:36:20:f4:02:1b]
RSSI: -68 [da:38:05:06:0b:fa]
RSSI: -90 [da:36:21:01:02:3b]
RSSI: -67 [da:38:05:06:0b:fa]
RSSI: -64 [da:38:05:13:0c:1a]
RSSI: -66 [da:38:05:13:0c:1a]
RSSI: -65 [da:38:05:21:0c:4a]
RSSI: -63 [da:38:05:21:0c:4a]
RSSI: -65 [da:38:05:2f:0c:6a]
RSSI: -64 [da:38:05:2f:0c:6a]
RSSI: -65 [da:38:05:3c:0c:9a]
RSSI: -61 [da:38:05:4a:0c:ba]
RSSI: -90 [da:36:21:42:02:fb]
RSSI: -64 [da:38:05:58:0c:ea]
RSSI: -91 [da:36:21:4e:03:2b]
RSSI: -64 [da:38:05:65:0d:0a]
RSSI: -61 [da:38:05:73:0d:3a]
RSSI: -65 [da:38:05:73:0d:3a]
RSSI: -65 [da:38:05:82:0d:5a]
RSSI: -61 [da:38:05:82:0d:5a]
RSSI: -65 [da:38:05:8e:0d:8a]
RSSI: -62 [da:38:05:ab:0d:da]
RSSI: -91 [da:3d:a8:a4:0f:4c]
RSSI: -67 [da:38:05:b7:0d:fa]
RSSI: -68 [da:38:05:c6:0e:2a]
RSSI: -68 [da:38:05:c6:0e:2a]
RSSI: -65 [da:38:05:d4:0e:4a]
RSSI: -70 [da:38:05:d4:0e:4a]
RSSI: -70 [da:38:05:e0:0e:6a]
RSSI: -68 [da:38:05:e0:0e:6a]
RSSI: -74 [da:38:05:ef:0e:9a]
RSSI: -74 [da:38:05:ef:0e:9a]
RSSI: -94 [da:3b:0f:07:0d:de]
RSSI: -76 [da:38:06:09:0e:ea]
RSSI: -91 [da:3d:a9:0c:10:9c]
RSSI: -76 [da:38:06:18:0f:0a]
RSSI: -90 [da:3d:a9:0c:10:9c]
RSSI: -77 [da:38:06:26:0f:3a]
RSSI: -74 [da:38:06:26:0f:3a]
RSSI: -70 [da:38:06:33:0f:5a]
RSSI: -75 [da:38:06:33:0f:5a]
RSSI: -87 [da:3d:a9:34:11:0c]
RSSI: -74 [da:38:06:41:0f:8a]
RSSI: -70 [da:38:06:41:0f:8a]
RSSI: -84 [da:3d:a9:41:11:3c]
RSSI: -75 [da:38:06:4f:0f:aa]
RSSI: -83 [da:3d:a9:41:11:3c]
RSSI: -74 [da:38:06:4f:0f:aa]
RSSI: -88 [da:3d:a9:4e:11:5c]
RSSI: -76 [da:38:06:5c:0f:da]
RSSI: -84 [da:3d:a9:5b:11:8c]
RSSI: -73 [da:38:06:6a:0f:fa]
RSSI: -79 [da:38:06:78:10:2a]
RSSI: -89 [da:3d:a9:75:11:dc]
RSSI: -88 [da:36:22:77:06:9b]
RSSI: -81 [da:38:06:85:10:4a]
RSSI: -79 [da:38:06:85:10:4a]
RSSI: -74 [da:38:06:93:10:7a]
RSSI: -80 [da:38:06:93:10:7a]
RSSI: -77 [da:38:06:a2:10:9a]
RSSI: -73 [da:38:06:a2:10:9a]
RSSI: -78 [da:38:06:ae:10:ba]
RSSI: -77 [da:38:06:ae:10:ba]
RSSI: -92 [da:36:22:ab:07:3b]
RSSI: -79 [da:38:06:bd:10:ea]
RSSI: -94 [da:36:22:c5:07:8b]
RSSI: -91 [da:38:06:e6:11:6a]
RSSI: -84 [da:38:06:e6:11:6a]
RSSI: -79 [da:38:06:f4:11:8a]
RSSI: -86 [da:38:06:f4:11:8a]
RSSI: -81 [da:38:07:01:11:aa]
RSSI: -78 [da:38:07:01:11:aa]
RSSI: -83 [da:38:07:0f:11:da]
RSSI: -91 [da:3d:aa:0e:13:bc]
RSSI: -83 [da:38:07:1d:12:0a]
RSSI: -88 [da:38:07:38:12:4a]
RSSI: -95 [da:38:07:47:12:7a]
RSSI: -91 [da:36:23:53:09:3b]
RSSI: -82 [da:38:07:62:12:ca]
RSSI: -92 [da:36:23:7a:09:ab]
RSSI: -85 [da:38:07:7c:13:1a]
RSSI: -85 [da:38:07:8b:13:3a]
RSSI: -81 [da:38:07:99:13:6a]
RSSI: -83 [da:38:07:a6:13:8a]
RSSI: -82 [da:38:07:a6:13:8a]
RSSI: -91 [da:3d:aa:c6:15:fc]
RSSI: -86 [da:38:07:dd:14:2a]
RSSI: -84 [da:38:07:dd:14:2a]
RSSI: -83 [da:38:07:ec:14:5a]
RSSI: -85 [da:38:07:f8:14:7a]
RSSI: -84 [da:38:08:07:14:9a]
RSSI: -85 [da:38:08:07:14:9a]
RSSI: -85 [da:38:08:15:14:ca]
RSSI: -83 [da:38:08:15:14:ca]
RSSI: -89 [da:38:08:22:14:ea]
RSSI: -86 [da:38:08:22:14:ea]
RSSI: -90 [da:38:08:30:15:1a]
RSSI: -84 [da:38:08:4b:15:6a]
RSSI: -83 [da:38:08:4b:15:6a]
RSSI: -83 [da:38:08:59:15:8a]
RSSI: -81 [da:38:08:59:15:8a]
RSSI: -85 [da:38:08:68:15:ba]
RSSI: -81 [da:38:08:68:15:ba]
RSSI: -83 [da:38:08:74:15:da]
RSSI: -82 [da:38:08:74:15:da]
RSSI: -91 [da:36:24:7d:0c:bb]
RSSI: -81 [da:38:08:83:15:fa]
RSSI: -90 [da:36:24:7d:0c:bb]
RSSI: -95 [da:3d:ab:7e:01:cc]
RSSI: -92 [da:3d:ab:8b:01:fc]
RSSI: -81 [da:38:08:91:16:2a]
RSSI: -81 [da:38:08:9e:16:4a]
RSSI: -82 [da:38:08:9e:16:4a]
RSSI: -87 [da:38:08:ac:00:2a]
RSSI: -80 [da:38:08:ac:00:2a]
RSSI: -88 [da:36:24:b1:0d:4b]
RSSI: -82 [da:38:08:c7:00:7a]
RSSI: -84 [da:38:08:c7:00:7a]
RSSI: -81 [da:38:08:d6:00:9a]
RSSI: -90 [da:36:24:d8:0d:cb]
RSSI: -88 [da:38:08:f1:00:ea]
RSSI: -90 [da:36:24:e6:0d:eb]
RSSI: -86 [da:38:08:ff:01:1a]
RSSI: -88 [da:36:24:ff:0e:3b]
RSSI: -85 [da:38:09:1a:01:5a]
RSSI: -90 [da:36:25:19:0e:8b]
RSSI: -97 [da:3b:12:38:00:7e]
RSSI: -81 [da:38:09:43:01:da]
RSSI: -94 [da:36:25:4e:0f:2b]
RSSI: -87 [da:38:09:60:02:2a]
RSSI: -82 [da:38:09:6d:02:4a]
RSSI: -86 [da:38:09:7b:02:7a]
RSSI: -85 [da:38:09:7b:02:7a]
RSSI: -82 [da:38:09:8a:02:9a]
RSSI: -83 [da:38:09:8a:02:9a]
RSSI: -89 [da:36:25:82:0f:cb]
RSSI: -81 [da:38:09:96:02:ba]
RSSI: -86 [da:38:09:a5:02:ea]
RSSI: -81 [da:38:09:a5:02:ea]
RSSI: -81 [da:38:09:b3:03:1a]
RSSI: -81 [da:38:09:c0:03:3a]
RSSI: -80 [da:38:09:c0:03:3a]
RSSI: -80 [da:38:09:c0:03:3a]
RSSI: -80 [da:38:09:ce:03:5a]
RSSI: -81 [da:38:09:dd:03:8a]
RSSI: -80 [da:38:09:dd:03:8a]
RSSI: -81 [da:38:09:e9:03:aa]
RSSI: -81 [da:38:09:e9:03:aa]
RSSI: -82 [da:38:09:f8:03:da]
RSSI: -81 [da:38:09:f8:03:da]
RSSI: -78 [da:38:0a:06:03:fa]
RSSI: -82 [da:38:0a:13:04:2a]
RSSI: -78 [da:38:0a:13:04:2a]
RSSI: -85 [da:38:0a:21:04:4a]
RSSI: -82 [da:38:0a:21:04:4a]
RSSI: -85 [da:38:0a:30:04:7a]
RSSI: -80 [da:38:0a:3c:04:9a]
RSSI: -82 [da:38:0a:4b:04:ca]
RSSI: -94 [da:3d:ad:3f:07:4c]
RSSI: -82 [da:38:0a:59:04:ea]
RSSI: -80 [da:38:0a:59:04:ea]
RSSI: -81 [da:38:0a:66:05:1a]
RSSI: -80 [da:38:0a:75:05:3a]
RSSI: -78 [da:38:0a:75:05:3a]
RSSI: -91 [da:36:26:79:12:ab]
RSSI: -82 [da:38:0a:83:05:6a]
RSSI: -89 [da:36:26:79:12:ab]
RSSI: -81 [da:38:0a:83:05:6a]
RSSI: -84 [da:38:0a:90:05:8a]
RSSI: -80 [da:38:0a:9e:05:ba]
RSSI: -91 [da:3d:ad:a9:08:9c]
RSSI: -81 [da:38:0a:b9:06:0a]
RSSI: -80 [da:38:0a:b9:06:0a]
RSSI: -80 [da:38:0a:c8:06:2a]
RSSI: -80 [da:38:0a:c8:06:2a]
RSSI: -79 [da:38:0a:d6:06:5a]
RSSI: -78 [da:38:0a:d6:06:5a]
RSSI: -87 [da:36:26:d5:13:bb]
RSSI: -79 [da:38:0a:e3:06:7a]
RSSI: -80 [da:38:0a:e3:06:7a]
RSSI: -79 [da:38:0a:e3:06:7a]
RSSI: -88 [da:36:26:e2:13:eb]
RSSI: -80 [da:38:0a:f1:06:aa]
RSSI: -91 [da:3d:ad:ec:09:7c]
RSSI: -88 [da:36:26:ef:14:0b]
RSSI: -82 [da:38:0b:00:06:ca]
RSSI: -80 [da:38:0b:0c:06:fa]
RSSI: -87 [da:3d:ae:06:09:cc]
RSSI: -84 [da:38:0b:0c:06:fa]
RSSI: -79 [da:38:0b:1b:07:1a]
RSSI: -87 [da:3d:ae:13:09:fc]
RSSI: -78 [da:38:0b:1b:07:1a]
RSSI: -87 [da:3d:ae:13:09:fc]
RSSI: -78 [da:38:0b:29:07:4a]
RSSI: -88 [da:36:27:24:14:9b]
RSSI: -78 [da:38:0b:29:07:4a]
RSSI: -85 [da:36:27:24:14:9b]
RSSI: -84 [da:36:27:31:14:cb]
RSSI: -83 [da:36:27:3e:14:eb]
RSSI: -81 [da:38:0b:53:07:ba]
RSSI: -81 [da:36:27:4b:15:1b]
RSSI: -82 [da:38:0b:53:07:ba]
RSSI: -81 [da:36:27:4b:15:1b]
RSSI: -80 [da:36:27:58:15:3b]
RSSI: -87 [da:38:0b:60:07:ea]
RSSI: -80 [da:36:27:58:15:3b]
RSSI: -81 [da:38:0b:60:07:ea]
RSSI: -81 [da:36:27:65:15:6b]
RSSI: -82 [da:38:0b:6f:08:0a]
RSSI: -82 [da:38:0b:6f:08:0a]
RSSI: -82 [da:36:27:72:15:8b]
RSSI: -93 [da:3d:ae:70:0b:1c]
RSSI: -81 [da:38:0b:7d:08:3a]
RSSI: -83 [da:36:27:72:15:8b]
RSSI: -92 [da:3d:ae:7d:0b:4c]
RSSI: -90 [da:3d:ae:7d:0b:4c]
RSSI: -82 [da:36:27:7f:15:bb]
RSSI: -81 [da:38:0b:8a:08:5a]
RSSI: -82 [da:36:27:8c:15:db]
RSSI: -83 [da:38:0b:98:08:8a]
RSSI: -82 [da:36:27:8c:15:db]
RSSI: -83 [da:38:0b:98:08:8a]
RSSI: -80 [da:36:27:9a:15:fb]
RSSI: -81 [da:36:27:9a:15:fb]
RSSI: -85 [da:38:0b:a7:08:aa]
RSSI: -82 [da:36:27:a7:16:2b]
RSSI: -85 [da:38:0b:b3:08:ca]
RSSI: -81 [da:36:27:a7:16:2b]
RSSI: -85 [da:38:0b:b3:08:ca]
RSSI: -86 [da:38:0b:b3:08:ca]
RSSI: -81 [da:36:27:b3:16:4b]
RSSI: -86 [da:38:0b:b3:08:ca]
RSSI: -82 [da:36:27:b3:16:4b]
RSSI: -81 [da:36:27:c1:16:7b]
RSSI: -82 [da:36:27:c1:16:7b]
RSSI: -84 [da:38:0b:d0:09:2a]
RSSI: -84 [da:38:0b:d0:09:2a]
RSSI: -81 [da:36:27:ce:00:2b]
RSSI: -83 [da:38:0b:dd:09:4a]
RSSI: -86 [da:36:27:db:00:4b]
RSSI: -87 [da:36:27:db:00:4b]
RSSI: -83 [da:36:27:e8:00:7b]
RSSI: -83 [da:36:27:e8:00:7b]
RSSI: -79 [da:38:0b:fa:09:9a]
RSSI: -80 [da:38:0b:fa:09:9a]
RSSI: -88 [da:36:27:f5:00:9b]
RSSI: -78 [da:38:0c:07:09:ca]
RSSI: -78 [da:38:0c:15:09:ea]
RSSI: -78 [da:38:0c:15:09:ea]
RSSI: -79 [da:38:0c:24:0a:1a]
RSSI: -78 [da:38:0c:30:0a:3a]
RSSI: -91 [da:36:28:29:01:3b]
RSSI: -79 [da:38:0c:3f:0a:6a]
RSSI: -79 [da:38:0c:4e:0a:8a]
RSSI: -78 [da:38:0c:4e:0a:8a]
RSSI: -88 [da:3d:af:45:0d:bc]
RSSI: -90 [da:3d:af:52:0d:ec]
RSSI: -76 [da:38:0c:5a:0a:ba]
RSSI: -76 [da:38:0c:5a:0a:ba]
RSSI: -87 [da:3d:af:5f:0e:0c]
RSSI: -73 [da:38:0c:69:0a:da]
RSSI: -88 [da:3d:af:5f:0e:0c]
RSSI: -73 [da:38:0c:77:0b:0a]
RSSI: -86 [da:3d:af:6d:0e:3c]
RSSI: -72 [da:38:0c:77:0b:0a]
RSSI: -70 [da:38:0c:84:0b:2a]
RSSI: -87 [da:36:28:80:02:3b]
RSSI: -70 [da:38:0c:84:0b:2a]
RSSI: -67 [da:38:0c:93:0b:5a]
RSSI: -67 [da:38:0c:a1:0b:7a]
RSSI: -66 [da:38:0c:ae:0b:aa]
RSSI: -91 [da:3d:af:a2:0e:dc]
RSSI: -91 [da:36:28:a8:02:ab]
RSSI: -65 [da:38:0c:ae:0b:aa]
RSSI: -91 [da:36:28:a8:02:ab]
RSSI: -65 [da:38:0c:bc:0b:ca]
RSSI: -63 [da:38:0c:cb:0b:fa]
RSSI: -63 [da:38:0c:d8:0c:1a]
RSSI: -88 [da:3d:af:d7:0f:8c]
RSSI: -63 [da:38:0c:e6:0c:4a]
RSSI: -63 [da:38:0c:e6:0c:4a]
RSSI: -61 [da:38:0c:f5:0c:7a]
RSSI: -91 [da:36:28:ea:03:7b]
RSSI: -64 [da:38:0c:f5:0c:7a]
RSSI: -63 [da:38:0d:01:0c:9a]
RSSI: -61 [da:38:0d:01:0c:9a]
RSSI: -62 [da:38:0d:10:0c:ba]
RSSI: -63 [da:38:0d:1f:0c:ea]
RSSI: -61 [da:38:0d:2b:0d:0a]
RSSI: -63 [da:38:0d:2b:0d:0a]
RSSI: -88 [da:3d:b0:27:10:8c]
RSSI: -63 [da:38:0d:3a:0d:3a]
RSSI: -64 [da:38:0d:48:0d:6a]
RSSI: -86 [da:3d:b0:42:10:dc]
RSSI: -83 [da:3d:b0:42:10:dc]
RSSI: -67 [da:38:0d:55:0d:8a]
RSSI: -81 [da:3d:b0:4f:11:0c]
RSSI: -66 [da:38:0d:64:0d:ba]
RSSI: -84 [da:3d:b0:5d:11:2c]
RSSI: -70 [da:38:0d:72:0d:da]
RSSI: -79 [da:3d:b0:6a:11:5c]
RSSI: -93 [da:36:29:6d:05:0b]
RSSI: -83 [da:3d:b0:77:11:8c]
RSSI: -73 [da:38:0d:7f:0e:0a]
RSSI: -80 [da:3d:b0:77:11:8c]
RSSI: -74 [da:38:0d:7f:0e:0a]
RSSI: -79 [da:3d:b0:85:11:ac]
RSSI: -74 [da:38:0d:8e:0e:2a]
RSSI: -81 [da:3d:b0:85:11:ac]
RSSI: -76 [da:38:0d:8e:0e:2a]
RSSI: -80 [da:3d:b0:92:11:dc]
RSSI: -75 [da:38:0d:9c:0e:5a]
RSSI: -79 [da:3d:b0:92:11:dc]
RSSI: -72 [da:38:0d:9c:0e:5a]
RSSI: -80 [da:3d:b0:9f:12:0c]
RSSI: -74 [da:38:0d:a9:0e:7a]
RSSI: -77 [da:3d:b0:9f:12:0c]
RSSI: -91 [da:3b:16:a7:0d:1e]
RSSI: -72 [da:38:0d:a9:0e:7a]
RSSI: -78 [da:3d:b0:9f:12:0c]
RSSI: -80 [da:3d:b0:ad:12:2c]
RSSI: -73 [da:38:0d:b7:0e:aa]
RSSI: -80 [da:3d:b0:ad:12:2c]
RSSI: -71 [da:38:0d:b7:0e:aa]
RSSI: -79 [da:3d:b0:ba:12:5c]
RSSI: -89 [da:3b:16:c4:0d:6e]
RSSI: -79 [da:3d:b0:ba:12:5c]
RSSI: -68 [da:38:0d:c6:0e:da]
RSSI: -87 [da:3b:16:c4:0d:6e]
RSSI: -80 [da:3d:b0:c7:12:7c]
RSSI: -71 [da:38:0d:d3:0e:fa]
RSSI: -78 [da:3d:b0:c7:12:7c]
RSSI: -88 [da:3b:16:d4:0d:9e]
RSSI: -70 [da:38:0d:d3:0e:fa]
RSSI: -74 [da:38:0d:e1:0f:2a]
RSSI: -91 [da:36:29:d7:06:3b]
RSSI: -73 [da:38:0d:e1:0f:2a]
RSSI: -87 [da:3b:16:e1:0d:be]
RSSI: -81 [da:3d:b0:e2:12:dc]
RSSI: -76 [da:38:0d:f0:0f:4a]
RSSI: -76 [da:38:0d:f0:0f:4a]
RSSI: -75 [da:38:0d:fd:0f:6a]
RSSI: -86 [da:3b:17:00:0e:0e]
RSSI: -83 [da:3d:b0:fd:13:2c]
RSSI: -83 [da:3d:b0:fd:13:2c]
RSSI: -79 [da:38:0e:0b:0f:9a]
RSSI: -89 [da:36:2a:0b:06:db]
RSSI: -84 [da:3b:17:0d:0e:3e]
RSSI: -87 [da:3d:b1:0b:13:5c]
RSSI: -79 [da:38:0e:1a:0f:ca]
RSSI: -83 [da:3b:17:1d:0e:5e]
RSSI: -75 [da:38:0e:27:0f:ea]
RSSI: -84 [da:3b:17:2d:0e:8e]
RSSI: -78 [da:38:0e:27:0f:ea]
RSSI: -84 [da:3b:17:2d:0e:8e]
RSSI: -89 [da:36:2a:33:07:5b]
RSSI: -76 [da:38:0e:35:10:1a]
RSSI: -83 [da:3b:17:39:0e:be]
RSSI: -78 [da:38:0e:44:10:3a]
RSSI: -83 [da:3b:17:39:0e:be]
RSSI: -78 [da:38:0e:44:10:3a]
RSSI: -80 [da:38:0e:50:10:5a]
RSSI: -84 [da:3d:b1:4d:14:2c]
RSSI: -80 [da:38:0e:50:10:5a]
RSSI: -85 [da:3d:b1:4d:14:2c]
RSSI: -80 [da:38:0e:5f:10:8a]
RSSI: -83 [da:3d:b1:5b:14:4c]
RSSI: -83 [da:38:0e:6e:10:ba]
RSSI: -84 [da:3b:17:66:0f:2e]
RSSI: -84 [da:3d:b1:67:14:7c]
RSSI: -86 [da:3b:17:76:0f:5e]
RSSI: -84 [da:3b:17:86:0f:8e]
RSSI: -85 [da:38:0e:89:11:0a]
RSSI: -87 [da:3b:17:92:0f:be]
RSSI: -82 [da:38:0e:98:11:2a]
RSSI: -86 [da:3b:17:92:0f:be]
RSSI: -82 [da:38:0e:a4:11:5a]
RSSI: -86 [da:38:0e:b3:11:7a]
RSSI: -89 [da:3b:17:b2:10:0e]
RSSI: -87 [da:38:0e:b3:11:7a]
RSSI: -87 [da:3d:b1:ab:15:4c]
RSSI: -83 [da:38:0e:b3:11:7a]
RSSI: -86 [da:3d:b1:b8:15:6c]
RSSI: -92 [da:36:2a:b7:08:db]
RSSI: -84 [da:38:0e:ce:11:ca]
RSSI: -81 [da:38:0e:ce:11:ca]
RSSI: -85 [da:38:0e:dd:11:fa]
RSSI: -83 [da:38:0e:ec:12:1a]
RSSI: -80 [da:38:0e:f8:12:3a]
RSSI: -82 [da:38:0e:f8:12:3a]
RSSI: -83 [da:38:0f:07:12:6a]
RSSI: -81 [da:38:0f:07:12:6a]
RSSI: -83 [da:38:0f:16:12:9a]
RSSI: -83 [da:38:0f:16:12:9a]
RSSI: -92 [da:3d:b2:16:00:2c]
RSSI: -84 [da:38:0f:22:12:ba]
RSSI: -94 [da:38:0f:31:12:ea]
RSSI: -86 [da:38:0f:40:13:0a]
RSSI: -83 [da:38:0f:4d:13:2a]
RSSI: -90 [da:3d:b2:3e:00:ac]
RSSI: -83 [da:38:0f:4d:13:2a]
RSSI: -88 [da:3d:b2:4c:00:dc]
RSSI: -84 [da:38:0f:4d:13:2a]
RSSI: -87 [da:3d:b2:4c:00:dc]
RSSI: -88 [da:3d:b2:59:00:fc]
RSSI: -82 [da:38:0f:6a:13:8a]
RSSI: -84 [da:38:0f:6a:13:8a]
RSSI: -81 [da:38:0f:77:13:aa]
RSSI: -89 [da:3d:b2:74:01:5c]
RSSI: -89 [da:3d:b2:74:01:5c]
RSSI: -81 [da:38:0f:85:13:da]
RSSI: -84 [da:38:0f:85:13:da]
RSSI: -89 [da:3d:b2:81:01:7c]
RSSI: -93 [da:38:0f:94:13:fa]
RSSI: -84 [da:38:0f:94:13:fa]
RSSI: -89 [da:38:0f:a1:14:1a]
RSSI: -89 [da:3d:b2:a9:01:fc]
RSSI: -93 [da:3d:b2:b7:02:2c]
RSSI: -87 [da:38:0f:cb:14:9a]
RSSI: -94 [da:3d:b2:ed:02:cc]
RSSI: -87 [da:38:10:04:15:3a]
RSSI: -91 [da:3d:b2:fa:02:fc]
RSSI: -93 [da:3d:b3:08:03:2c]
RSSI: -90 [da:36:2c:1d:0d:1b]
RSSI: -89 [da:36:2c:2a:0d:3b]
RSSI: -90 [da:36:2c:37:0d:5b]
RSSI: -91 [da:36:2c:52:0d:bb]
RSSI: -93 [da:36:2c:5f:0d:db]
RSSI: -92 [da:36:2c:87:0e:4b]
RSSI: -91 [da:36:2c:94:0e:7b]
RSSI: -87 [da:38:10:9d:00:ca]
RSSI: -90 [da:38:10:ac:00:fa]
RSSI: -95 [da:3d:b3:c3:05:7c]
RSSI: -92 [da:3b:19:e6:16:4e]
RSSI: -87 [da:3d:b3:df:05:cc]
RSSI: -89 [da:38:10:f9:01:ca]
RSSI: -88 [da:36:2d:0c:0f:db]
RSSI: -86 [da:3d:b4:08:06:4c]
RSSI: -89 [da:38:11:16:02:2a]
RSSI: -87 [da:38:11:16:02:2a]
RSSI: -91 [da:36:2d:0c:0f:db]
RSSI: -90 [da:36:2d:19:10:0b]
RSSI: -88 [da:36:2d:19:10:0b]
RSSI: -89 [da:38:11:23:02:4a]
RSSI: -86 [da:3d:b4:30:06:cc]
RSSI: -83 [da:38:11:41:02:9a]
RSSI: -83 [da:38:11:41:02:9a]
RSSI: -89 [da:3d:b4:3d:06:ec]
RSSI: -83 [da:38:11:4d:02:ca]
RSSI: -83 [da:38:11:4d:02:ca]
RSSI: -82 [da:38:11:5c:02:ea]
RSSI: -86 [da:3d:b4:59:07:4c]
RSSI: -82 [da:38:11:6b:03:1a]
RSSI: -89 [da:3d:b4:65:07:7c]
RSSI: -82 [da:38:11:6b:03:1a]
RSSI: -85 [da:3d:b4:65:07:7c]
RSSI: -82 [da:38:11:77:03:3a]
RSSI: -82 [da:38:11:77:03:3a]
RSSI: -90 [da:3d:b4:73:07:9c]
RSSI: -80 [da:38:11:86:03:6a]
RSSI: -82 [da:38:11:86:03:6a]
RSSI: -81 [da:38:11:95:03:9a]
RSSI: -81 [da:38:11:a2:03:ba]
RSSI: -82 [da:38:11:b1:03:da]
RSSI: -82 [da:38:11:b1:03:da]
RSSI: -82 [da:38:11:b1:03:da]
RSSI: -82 [da:38:11:bf:04:0a]
RSSI: -89 [da:3d:b4:b6:08:7c]
RSSI: -90 [da:3d:b4:c4:08:9c]
RSSI: -91 [da:3d:b4:c4:08:9c]
RSSI: -89 [da:3d:b4:c4:08:9c]
RSSI: -81 [da:38:11:db:04:5a]
RSSI: -81 [da:38:11:db:04:5a]
RSSI: -80 [da:38:11:ea:04:8a]
RSSI: -81 [da:38:11:ea:04:8a]
RSSI: -88 [da:3d:b4:ed:09:1c]
RSSI: -79 [da:38:11:f6:04:aa]
RSSI: -80 [da:38:12:05:04:ca]
RSSI: -85 [da:3d:b4:fb:09:4c]
RSSI: -81 [da:38:12:05:04:ca]
RSSI: -87 [da:3d:b5:07:09:6c]
RSSI: -82 [da:38:12:14:04:fa]
RSSI: -83 [da:3d:b5:15:09:9c]
RSSI: -77 [da:38:12:21:05:1a]
RSSI: -83 [da:38:12:21:05:1a]
RSSI: -84 [da:3d:b5:23:09:cc]
RSSI: -79 [da:38:12:30:05:4a]
RSSI: -81 [da:38:12:3e:05:7a]
RSSI: -81 [da:38:12:3e:05:7a]
RSSI: -81 [da:38:12:3e:05:7a]
RSSI: -84 [da:3d:b5:3e:0a:1c]
RSSI: -90 [da:3d:b5:3e:0a:1c]
RSSI: -80 [da:38:12:4b:05:9a]
RSSI: -85 [da:3d:b5:4c:0a:4c]
RSSI: -80 [da:38:12:4b:05:9a]
RSSI: -86 [da:3d:b5:4c:0a:4c]
RSSI: -78 [da:38:12:5a:05:ca]
RSSI: -89 [da:3d:b5:58:0a:7c]
RSSI: -79 [da:38:12:5a:05:ca]
RSSI: -78 [da:38:12:69:05:ea]
RSSI: -88 [da:36:2e:66:13:eb]
RSSI: -80 [da:38:12:75:06:1a]
RSSI: -86 [da:3d:b5:66:0a:9c]
RSSI: -83 [da:3d:b5:74:0a:cc]
RSSI: -80 [da:38:12:84:06:3a]
RSSI: -81 [da:38:12:84:06:3a]
RSSI: -89 [da:36:2e:81:14:3b]
RSSI: -87 [da:3d:b5:81:0a:fc]
RSSI: -83 [da:38:12:93:06:6a]
RSSI: -81 [da:38:12:a0:06:8a]
RSSI: -82 [da:38:12:af:06:ba]
RSSI: -89 [da:36:2e:a9:14:ab]
RSSI: -86 [da:36:2e:b6:14:db]
RSSI: -82 [da:38:12:be:06:ea]
RSSI: -86 [da:36:2e:b6:14:db]
RSSI: -85 [da:36:2e:c4:14:fb]
RSSI: -92 [da:3d:b5:c5:0b:cc]
RSSI: -85 [da:38:12:ca:07:0a]
RSSI: -84 [da:36:2e:c4:14:fb]
RSSI: -85 [da:38:12:d9:07:3a]
RSSI: -91 [da:3d:b5:d2:0b:fc]
RSSI: -87 [da:38:12:e8:07:5a]
RSSI: -83 [da:36:2e:de:15:4b]
RSSI: -86 [da:36:2e:ec:15:7b]
RSSI: -83 [da:38:12:f5:07:8a]
RSSI: -83 [da:36:2e:f9:15:9b]
RSSI: -86 [da:38:13:04:07:aa]
RSSI: -85 [da:36:2f:06:15:cb]
RSSI: -82 [da:38:13:13:07:da]
RSSI: -84 [da:36:2f:14:15:eb]
RSSI: -84 [da:38:13:1f:07:fa]
RSSI: -84 [da:38:13:1f:07:fa]
RSSI: -85 [da:36:2f:21:16:1b]
RSSI: -85 [da:38:13:2e:08:2a]
RSSI: -86 [da:36:2f:2e:16:3b]
RSSI: -86 [da:38:13:3d:08:5a]
RSSI: -88 [da:36:2f:3c:16:6b]
RSSI: -83 [da:38:13:4a:08:7a]
RSSI: -87 [da:3d:b6:4c:0d:7c]
RSSI: -82 [da:38:13:59:08:9a]
RSSI: -81 [da:38:13:59:08:9a]
RSSI: -81 [da:38:13:68:08:ca]
RSSI: -87 [da:3d:b6:5a:0d:ac]
RSSI: -80 [da:38:13:68:08:ca]
RSSI: -87 [da:36:2f:64:00:4b]
RSSI: -88 [da:3d:b6:68:0d:dc]
RSSI: -79 [da:38:13:74:08:ea]
RSSI: -84 [da:3d:b6:74:0d:fc]
RSSI: -79 [da:38:13:83:09:1a]
RSSI: -91 [da:36:2f:8c:00:cb]
RSSI: -77 [da:38:13:92:09:4a]
RSSI: -89 [da:3d:b6:90:0e:5c]
RSSI: -78 [da:38:13:9f:09:6a]
RSSI: -77 [da:38:13:ae:09:9a]
RSSI: -76 [da:38:13:ae:09:9a]
RSSI: -78 [da:38:13:bd:09:ca]
RSSI: -78 [da:38:13:bd:09:ca]
RSSI: -84 [da:3d:b6:c6:0f:0c]
RSSI: -76 [da:38:13:d8:0a:1a]
RSSI: -75 [da:38:13:d8:0a:1a]
RSSI: -85 [da:3d:b6:d4:0f:2c]
RSSI: -74 [da:38:13:e7:0a:3a]
RSSI: -89 [da:3d:b6:e2:0f:5c]
RSSI: -87 [da:3d:b6:e2:0f:5c]
RSSI: -72 [da:38:13:f4:0a:6a]
RSSI: -71 [da:38:13:f4:0a:6a]
RSSI: -88 [da:3d:b6:fd:0f:ac]
RSSI: -70 [da:38:14:03:0a:8a]
RSSI: -85 [da:3d:b6:fd:0f:ac]
RSSI: -67 [da:38:14:12:0a:ba]
RSSI: -87 [da:3d:b7:0b:0f:dc]
RSSI: -91 [da:36:30:12:02:5b]
RSSI: -67 [da:38:14:1e:0a:da]
RSSI: -67 [da:38:14:2d:0b:0a]
RSSI: -67 [da:38:14:2d:0b:0a]
RSSI: -64 [da:38:14:3c:0b:3a]
RSSI: -67 [da:38:14:3c:0b:3a]
RSSI: -64 [da:38:14:49:0b:5a]
RSSI: -94 [da:3b:1d:4c:09:ae]
RSSI: -82 [da:3d:b7:45:10:9c]
RSSI: -66 [da:38:14:58:0b:8a]
RSSI: -83 [da:3d:b7:56:10:cc]
RSSI: -67 [da:38:14:67:0b:ba]
RSSI: -66 [da:38:14:67:0b:ba]
RSSI: -77 [da:3d:b7:64:10:ec]
RSSI: -91 [da:36:30:63:03:4b]
RSSI: -64 [da:38:14:73:0b:da]
RSSI: -77 [da:3d:b7:70:11:1c]
RSSI: -67 [da:38:14:73:0b:da]
RSSI: -76 [da:3d:b7:70:11:1c]
RSSI: -64 [da:38:14:82:0c:0a]
RSSI: -75 [da:3d:b7:7e:11:4c]
RSSI: -75 [da:3d:b7:7e:11:4c]
RSSI: -74 [da:3d:b7:8c:11:6c]
RSSI: -67 [da:38:14:91:0c:2a]
RSSI: -74 [da:3d:b7:8c:11:6c]
RSSI: -69 [da:38:14:9e:0c:4a]
RSSI: -75 [da:3d:b7:99:11:9c]
RSSI: -68 [da:38:14:9e:0c:4a]
RSSI: -72 [da:3d:b7:99:11:9c]
RSSI: -66 [da:38:14:ad:0c:7a]
RSSI: -74 [da:3d:b7:a7:11:cc]
RSSI: -68 [da:38:14:ad:0c:7a]
RSSI: -68 [da:38:14:bc:0c:aa]
RSSI: -72 [da:3d:b7:b5:11:fc]
RSSI: -68 [da:38:14:bc:0c:aa]
RSSI: -73 [da:3d:b7:b5:11:fc]
RSSI: -70 [da:38:14:c8:0c:ca]
RSSI: -73 [da:3d:b7:c2:12:1c]
RSSI: -71 [da:38:14:c8:0c:ca]
RSSI: -71 [da:38:14:d8:0c:fa]
RSSI: -73 [da:3d:b7:d0:12:4c]
RSSI: -73 [da:38:14:d8:0c:fa]
RSSI: -73 [da:3d:b7:d0:12:4c]
RSSI: -72 [da:3d:b7:de:12:7c]
RSSI: -71 [da:38:14:e6:0d:2a]
RSSI: -72 [da:3d:b7:de:12:7c]
RSSI: -74 [da:3d:b7:eb:12:9c]
RSSI: -76 [da:38:14:f3:0d:4a]
RSSI: -73 [da:3d:b7:eb:12:9c]
RSSI: -75 [da:38:14:f3:0d:4a]
RSSI: -75 [da:3d:b7:f9:12:cc]
RSSI: -77 [da:38:15:02:0d:7a]
RSSI: -74 [da:3d:b7:f9:12:cc]
RSSI: -79 [da:38:15:02:0d:7a]
RSSI: -75 [da:3d:b8:07:12:fc]
RSSI: -82 [da:38:15:11:0d:9a]
RSSI: -77 [da:3d:b8:07:12:fc]
RSSI: -78 [da:3d:b8:13:13:1c]
RSSI: -77 [da:3d:b8:13:13:1c]
RSSI: -79 [da:38:15:1e:0d:ba]
RSSI: -87 [da:3b:1e:25:0c:1e]
RSSI: -79 [da:3d:b8:22:13:4c]
RSSI: -79 [da:38:15:2d:0d:ea]
RSSI: -75 [da:38:15:2d:0d:ea]
RSSI: -80 [da:38:15:3c:0e:1a]
RSSI: -87 [da:3d:b8:30:13:7c]
RSSI: -79 [da:38:15:3c:0e:1a]
RSSI: -90 [da:36:31:39:05:cb]
RSSI: -76 [da:38:15:3c:0e:1a]
RSSI: -77 [da:38:15:48:0e:3a]
RSSI: -71 [da:38:15:57:0e:6a]
RSSI: -75 [da:38:15:66:0e:9a]
RSSI: -83 [da:3d:b8:65:14:1c]
RSSI: -76 [da:38:15:73:0e:ba]
RSSI: -87 [da:3b:1e:71:0c:ee]
RSSI: -77 [da:38:15:73:0e:ba]
RSSI: -78 [da:38:15:73:0e:ba]
RSSI: -78 [da:38:15:82:0e:ea]
RSSI: -78 [da:38:15:91:0f:0a]
RSSI: -78 [da:38:15:91:0f:0a]
RSSI: -82 [da:3b:1e:97:0d:5e]
RSSI: -81 [da:38:15:9e:0f:3a]
RSSI: -85 [da:3b:1e:a4:0d:7e]
RSSI: -79 [da:38:15:ad:0f:5a]
RSSI: -79 [da:38:15:ad:0f:5a]
RSSI: -78 [da:38:15:ad:0f:5a]
RSSI: -77 [da:38:15:ad:0f:5a]
RSSI: -81 [da:3b:1e:bd:0d:be]
RSSI: -83 [da:3b:1e:ca:0d:ee]
RSSI: -75 [da:38:15:c8:0f:aa]
RSSI: -76 [da:38:15:c8:0f:aa]
RSSI: -81 [da:3b:1e:d7:0e:0e]
RSSI: -80 [da:38:15:d8:0f:da]
RSSI: -88 [da:3d:b8:d3:15:7c]
RSSI: -81 [da:3b:1e:e4:0e:2e]
RSSI: -82 [da:3b:1e:e4:0e:2e]
RSSI: -82 [da:38:15:e6:10:0a]
RSSI: -82 [da:3b:1e:f0:0e:5e]
RSSI: -82 [da:3b:1e:fd:0e:7e]
RSSI: -82 [da:3b:1e:fd:0e:7e]
RSSI: -79 [da:38:16:02:10:5a]
RSSI: -82 [da:3b:1f:17:0e:be]
RSSI: -81 [da:38:16:1e:10:aa]
RSSI: -81 [da:38:16:1e:10:aa]
RSSI: -84 [da:3b:1f:23:0e:ee]
RSSI: -89 [da:3d:b9:17:16:4c]
RSSI: -90 [da:3d:b9:25:16:7c]
RSSI: -82 [da:38:16:2d:10:ca]
RSSI: -84 [da:3b:1f:30:0f:0e]
RSSI: -85 [da:38:16:2d:10:ca]
RSSI: -83 [da:3b:1f:3d:0f:2e]
RSSI: -85 [da:3b:1f:4a:0f:5e]
RSSI: -90 [da:3d:b9:40:00:2c]
RSSI: -85 [da:3b:1f:4a:0f:5e]
RSSI: -83 [da:3b:1f:57:0f:7e]
RSSI: -85 [da:3b:1f:57:0f:7e]
RSSI: -86 [da:3b:1f:57:0f:7e]
RSSI: -89 [da:3d:b9:5b:00:8c]
RSSI: -88 [da:38:16:67:11:7a]
RSSI: -87 [da:3b:1f:7d:0f:ee]
RSSI: -82 [da:38:16:82:11:ca]
RSSI: -88 [da:3b:1f:8a:10:0e]
RSSI: -85 [da:38:16:9e:12:0a]
RSSI: -92 [da:3d:b9:92:01:2c]
RSSI: -86 [da:38:16:9e:12:0a]
RSSI: -84 [da:38:16:9e:12:0a]
RSSI: -84 [da:38:16:ad:12:3a]
RSSI: -93 [da:3b:1f:bd:10:9e]
RSSI: -89 [da:3d:b9:bb:01:ac]
RSSI: -89 [da:3d:b9:c9:01:dc]
RSSI: -92 [da:3d:b9:d6:02:0c]
RSSI: -94 [da:3b:1f:e3:11:0e]
RSSI: -85 [da:38:16:e7:12:da]
RSSI: -84 [da:38:16:f4:12:fa]
RSSI: -83 [da:38:16:f4:12:fa]
RSSI: -83 [da:38:17:03:13:2a]
RSSI: -86 [da:38:17:12:13:5a]
RSSI: -89 [da:3d:ba:1b:02:dc]
RSSI: -86 [da:38:17:2e:13:aa]
RSSI: -89 [da:3d:ba:28:03:0c]
RSSI: -93 [da:3d:ba:36:03:3c]
RSSI: -94 [da:3d:ba:51:03:8c]
RSSI: -92 [da:3d:ba:5f:03:bc]
RSSI: -89 [da:38:17:74:14:6a]
RSSI: -88 [da:38:17:74:14:6a]
RSSI: -91 [da:36:33:98:0c:eb]
RSSI: -92 [da:36:33:a6:0d:0b]
RSSI: -93 [da:3d:ba:a3:04:8c]
RSSI: -87 [da:38:17:ae:15:1a]
RSSI: -91 [da:36:33:a6:0d:0b]
RSSI: -95 [da:38:17:f5:15:da]
RSSI: -88 [da:36:33:f7:0e:0b]
RSSI: -90 [da:3d:bb:11:05:dc]
RSSI: -92 [da:36:34:11:0e:5b]
RSSI: -85 [da:3d:bb:3b:06:6c]
RSSI: -90 [da:38:18:4b:00:9a]
RSSI: -86 [da:38:18:5a:00:ca]
RSSI: -86 [da:38:18:69:00:fa]
RSSI: -93 [da:36:34:63:0f:4b]
RSSI: -90 [da:3d:bb:7f:07:3c]
RSSI: -89 [da:38:18:94:01:6a]
RSSI: -82 [da:3d:bb:8d:07:6c]
RSSI: -83 [da:3d:bb:9a:07:9c]
RSSI: -83 [da:3d:bb:9a:07:9c]
RSSI: -86 [da:38:18:bf:01:ea]
RSSI: -85 [da:3d:bb:c3:08:1c]
RSSI: -85 [da:3d:bb:c3:08:1c]
RSSI: -87 [da:38:18:cc:02:0a]
RSSI: -85 [da:3d:bb:d1:08:4c]
RSSI: -86 [da:38:18:db:02:3a]
RSSI: -88 [da:38:18:ea:02:6a]
RSSI: -87 [da:38:18:ea:02:6a]
RSSI: -88 [da:3d:bb:df:08:6c]
RSSI: -88 [da:3d:bb:fa:08:cc]
RSSI: -84 [da:38:19:06:02:ba]
RSSI: -89 [da:3d:bc:09:08:fc]
RSSI: -88 [da:38:19:15:02:da]
RSSI: -83 [da:3d:bc:09:08:fc]
RSSI: -82 [da:38:19:15:02:da]
RSSI: -86 [da:3d:bc:15:09:1c]
RSSI: -85 [da:3d:bc:15:09:1c]
RSSI: -82 [da:3d:bc:15:09:1c]
RSSI: -87 [da:38:19:22:02:fa]
RSSI: -82 [da:3d:bc:24:09:4c]
RSSI: -83 [da:3d:bc:24:09:4c]
RSSI: -86 [da:38:19:31:03:2a]
RSSI: -82 [da:38:19:40:03:5a]
RSSI: -83 [da:3d:bc:3e:09:9c]
RSSI: -81 [da:3d:bc:3e:09:9c]
RSSI: -84 [da:38:19:4d:03:7a]
RSSI: -80 [da:3d:bc:3e:09:9c]
RSSI: -82 [da:38:19:4d:03:7a]
RSSI: -84 [da:3d:bc:4d:09:cc]
RSSI: -83 [da:38:19:5c:03:aa]
RSSI: -83 [da:38:19:5c:03:aa]
RSSI: -80 [da:3d:bc:5b:09:fc]
RSSI: -81 [da:38:19:6b:03:da]
RSSI: -81 [da:3d:bc:68:0a:2c]
RSSI: -79 [da:38:19:78:03:fa]
RSSI: -79 [da:38:19:78:03:fa]
RSSI: -80 [da:38:19:78:03:fa]
RSSI: -80 [da:38:19:87:04:2a]
RSSI: -81 [da:3d:bc:84:0a:7c]
RSSI: -78 [da:38:19:87:04:2a]
RSSI: -80 [da:3d:bc:84:0a:7c]
RSSI: -81 [da:38:19:96:04:4a]
RSSI: -80 [da:38:19:96:04:4a]
RSSI: -81 [da:3d:bc:91:0a:ac]
RSSI: -86 [da:3d:bc:9f:0a:dc]
RSSI: -81 [da:38:19:a3:04:7a]
RSSI: -92 [da:36:35:a3:13:0b]
RSSI: -83 [da:3d:bc:9f:0a:dc]
RSSI: -92 [da:36:35:a3:13:0b]
RSSI: -79 [da:38:19:b2:04:9a]
RSSI: -82 [da:3d:bc:ae:0b:0c]
RSSI: -87 [da:3d:bc:ae:0b:0c]
RSSI: -80 [da:38:19:b2:04:9a]
RSSI: -86 [da:3d:bc:ae:0b:0c]
RSSI: -88 [da:36:35:b0:13:2b]
RSSI: -79 [da:38:19:c1:04:ca]
RSSI: -88 [da:3d:bc:ba:0b:2c]
RSSI: -87 [da:36:35:be:13:4b]
RSSI: -91 [da:36:35:be:13:4b]
RSSI: -78 [da:38:19:ce:04:fa]
RSSI: -85 [da:36:35:cc:13:7b]
RSSI: -78 [da:38:19:ce:04:fa]
RSSI: -84 [da:36:35:cc:13:7b]
RSSI: -78 [da:38:19:dd:05:1a]
RSSI: -77 [da:38:19:dd:05:1a]
RSSI: -84 [da:3d:bc:d7:0b:8c]
RSSI: -84 [da:36:35:d9:13:9b]
RSSI: -76 [da:38:19:ec:05:4a]
RSSI: -83 [da:36:35:e7:13:cb]
RSSI: -77 [da:38:19:f9:05:6a]
RSSI: -76 [da:38:19:f9:05:6a]
RSSI: -90 [da:36:35:f5:13:fb]
RSSI: -78 [da:38:1a:08:05:9a]
RSSI: -84 [da:36:36:02:14:1b]
RSSI: -78 [da:38:1a:08:05:9a]
RSSI: -86 [da:36:36:10:14:4b]
RSSI: -77 [da:38:1a:18:05:ca]
RSSI: -76 [da:38:1a:33:06:1a]
RSSI: -85 [da:36:36:2b:14:8b]
RSSI: -77 [da:38:1a:33:06:1a]
RSSI: -76 [da:38:1a:43:06:4a]
RSSI: -81 [da:36:36:47:14:eb]
RSSI: -81 [da:36:36:53:15:0b]
RSSI: -79 [da:38:1a:5f:06:9a]
RSSI: -79 [da:36:36:53:15:0b]
RSSI: -78 [da:38:1a:5f:06:9a]
RSSI: -81 [da:36:36:62:15:3b]
RSSI: -79 [da:38:1a:7a:06:ea]
RSSI: -79 [da:38:1a:7a:06:ea]
RSSI: -80 [da:36:36:7c:15:7b]
RSSI: -79 [da:38:1a:8a:07:1a]
RSSI: -81 [da:38:1a:99:07:3a]
RSSI: -80 [da:36:36:98:15:db]
RSSI: -80 [da:38:1a:a6:07:6a]
RSSI: -79 [da:36:36:98:15:db]
RSSI: -82 [da:3d:bd:97:0d:ec]
RSSI: -82 [da:38:1a:a6:07:6a]
RSSI: -90 [da:3d:bd:a6:0e:1c]
RSSI: -81 [da:38:1a:b5:07:8a]
RSSI: -81 [da:38:1a:b5:07:8a]
RSSI: -77 [da:36:36:b3:16:2b]
RSSI: -81 [da:38:1a:c4:07:ba]
RSSI: -80 [da:36:36:c1:16:4b]
RSSI: -85 [da:3d:bd:c1:0e:7c]
RSSI: -86 [da:3d:bd:c1:0e:7c]
RSSI: -79 [da:36:36:ce:16:7b]
RSSI: -82 [da:38:1a:e0:08:0a]
RSSI: -88 [da:38:1a:e0:08:0a]
RSSI: -78 [da:36:36:dc:00:2b]
RSSI: -80 [da:38:1a:ef:08:3a]
RSSI: -80 [da:38:1a:ef:08:3a]
RSSI: -86 [da:3d:bd:ea:0e:fc]
RSSI: -81 [da:38:1a:ef:08:3a]
RSSI: -86 [da:3d:bd:ea:0e:fc]
RSSI: -79 [da:36:36:f7:00:7b]
RSSI: -79 [da:38:1a:fc:08:5a]
RSSI: -86 [da:3d:bd:f9:0f:1c]
RSSI: -81 [da:36:36:f7:00:7b]
RSSI: -84 [da:3d:bd:f9:0f:1c]
RSSI: -84 [da:38:1b:0b:08:8a]
RSSI: -79 [da:36:37:05:00:ab]
RSSI: -84 [da:3d:be:05:0f:4c]
RSSI: -77 [da:38:1b:0b:08:8a]
RSSI: -81 [da:36:37:05:00:ab]
RSSI: -87 [da:3d:be:05:0f:4c]
RSSI: -82 [da:36:37:13:00:cb]
RSSI: -77 [da:38:1b:1b:08:ba]
RSSI: -82 [da:36:37:13:00:cb]
RSSI: -76 [da:38:1b:27:08:da]
RSSI: -77 [da:38:1b:27:08:da]
RSSI: -88 [da:36:37:2e:01:2b]
RSSI: -77 [da:38:1b:37:09:0a]
RSSI: -82 [da:38:1b:46:09:2a]
RSSI: -90 [da:36:37:3c:01:4b]
RSSI: -80 [da:38:1b:52:09:5a]
RSSI: -88 [da:38:1b:52:09:5a]
RSSI: -83 [da:3d:be:58:10:4c]
RSSI: -79 [da:38:1b:62:09:8a]
RSSI: -82 [da:3d:be:58:10:4c]
RSSI: -80 [da:38:1b:62:09:8a]
RSSI: -77 [da:38:1b:71:09:aa]
RSSI: -80 [da:3d:be:67:10:7c]
RSSI: -78 [da:3d:be:75:10:ac]
RSSI: -78 [da:38:1b:7e:09:da]
RSSI: -75 [da:3d:be:82:10:dc]
RSSI: -74 [da:38:1b:8d:09:fa]
RSSI: -74 [da:38:1b:8d:09:fa]
RSSI: -76 [da:3d:be:90:11:0c]
RSSI: -71 [da:38:1b:9c:0a:2a]
RSSI: -72 [da:38:1b:9c:0a:2a]
RSSI: -74 [da:3d:be:90:11:0c]
RSSI: -71 [da:38:1b:9c:0a:2a]
RSSI: -74 [da:3d:be:9f:11:2c]
RSSI: -75 [da:3d:be:9f:11:2c]
RSSI: -69 [da:38:1b:a9:0a:4a]
RSSI: -74 [da:3d:be:ab:11:5c]
RSSI: -71 [da:38:1b:b8:0a:7a]
RSSI: -72 [da:3d:be:ab:11:5c]
RSSI: -68 [da:38:1b:b8:0a:7a]
RSSI: -76 [da:3d:be:ba:11:8c]
RSSI: -72 [da:3d:be:ba:11:8c]
RSSI: -68 [da:38:1b:c8:0a:aa]
RSSI: -75 [da:3d:be:c8:11:bc]
RSSI: -67 [da:38:1b:d4:0a:ca]
RSSI: -67 [da:38:1b:d4:0a:ca]
RSSI: -72 [da:3d:be:d5:11:dc]
RSSI: -66 [da:38:1b:e4:0a:fa]
RSSI: -66 [da:38:1b:e4:0a:fa]
RSSI: -73 [da:3d:be:e3:12:0c]
RSSI: -68 [da:38:1b:f3:0b:2a]
RSSI: -75 [da:3d:be:f2:12:3c]
RSSI: -67 [da:38:1c:00:0b:4a]
RSSI: -68 [da:38:1c:00:0b:4a]
RSSI: -72 [da:3d:be:fe:12:6c]
RSSI: -76 [da:3d:be:fe:12:6c]
RSSI: -65 [da:38:1c:0f:0b:7a]
RSSI: -67 [da:38:1c:0f:0b:7a]
RSSI: -75 [da:3d:bf:0d:12:8c]
RSSI: -73 [da:3d:bf:0d:12:8c]
RSSI: -73 [da:3d:bf:0d:12:8c]
RSSI: -65 [da:38:1c:1e:0b:9a]
RSSI: -76 [da:3d:bf:1b:12:bc]
RSSI: -76 [da:3d:bf:1b:12:bc]
RSSI: -68 [da:38:1c:2b:0b:ca]
RSSI: -68 [da:38:1c:2b:0b:ca]
RSSI: -65 [da:38:1c:2b:0b:ca]
RSSI: -79 [da:3d:bf:28:12:ec]
RSSI: -67 [da:38:1c:3a:0b:ea]
RSSI: -77 [da:3d:bf:36:13:1c]
RSSI: -68 [da:38:1c:3a:0b:ea]
RSSI: -66 [da:38:1c:4a:0c:1a]
RSSI: -67 [da:38:1c:4a:0c:1a]
RSSI: -82 [da:3d:bf:45:13:4c]
RSSI: -67 [da:38:1c:56:0c:3a]
RSSI: -87 [da:3d:bf:51:13:6c]
RSSI: -71 [da:38:1c:66:0c:6a]
RSSI: -69 [da:38:1c:66:0c:6a]
RSSI: -70 [da:38:1c:75:0c:9a]
RSSI: -70 [da:38:1c:75:0c:9a]
RSSI: -87 [da:3d:bf:6e:13:cc]
RSSI: -71 [da:38:1c:82:0c:ba]
RSSI: -73 [da:38:1c:82:0c:ba]
RSSI: -73 [da:38:1c:91:0c:ea]
RSSI: -84 [da:3d:bf:8a:14:1c]
RSSI: -75 [da:38:1c:91:0c:ea]
RSSI: -85 [da:3d:bf:8a:14:1c]
RSSI: -82 [da:3d:bf:98:14:4c]
RSSI: -74 [da:38:1c:a0:0d:1a]
RSSI: -85 [da:3d:bf:b3:14:9c]
RSSI: -73 [da:38:1c:bc:0d:6a]
RSSI: -74 [da:38:1c:bc:0d:6a]
RSSI: -73 [da:38:1c:cc:0d:9a]
RSSI: -88 [da:3b:25:d5:0b:5e]
RSSI: -89 [da:3b:25:d5:0b:5e]
RSSI: -70 [da:38:1c:d8:0d:ba]
RSSI: -74 [da:38:1c:d8:0d:ba]
RSSI: -87 [da:3b:25:e2:0b:7e]
RSSI: -89 [da:3b:25:e2:0b:7e]
RSSI: -72 [da:38:1c:e8:0d:ea]
RSSI: -75 [da:38:1c:f7:0e:0a]
RSSI: -86 [da:3d:bf:f8:15:7c]
RSSI: -88 [da:3d:c0:06:15:9c]
RSSI: -89 [da:3b:26:16:0c:0e]
RSSI: -83 [da:38:1d:13:0e:6a]
RSSI: -83 [da:38:1d:22:0e:8a]
RSSI: -83 [da:38:1d:22:0e:8a]
RSSI: -86 [da:3b:26:30:0c:5e]
RSSI: -88 [da:3b:26:30:0c:5e]
RSSI: -82 [da:38:1d:2f:0e:ba]
RSSI: -82 [da:3b:26:3d:0c:7e]
RSSI: -82 [da:3b:26:3d:0c:7e]
RSSI: -82 [da:38:1d:3f:0e:da]
RSSI: -84 [da:3b:26:4a:0c:ae]
RSSI: -82 [da:3b:26:4a:0c:ae]
RSSI: -81 [da:3b:26:57:0c:ce]
RSSI: -84 [da:38:1d:5b:0f:2a]
RSSI: -79 [da:3b:26:64:0c:ee]
RSSI: -84 [da:38:1d:6a:0f:5a]
RSSI: -90 [da:3d:c0:68:00:5c]
RSSI: -77 [da:3b:26:71:0d:1e]
RSSI: -76 [da:3b:26:7e:0d:3e]
RSSI: -78 [da:3b:26:7e:0d:3e]
RSSI: -76 [da:3b:26:8b:0d:5e]
RSSI: -91 [da:38:1d:a5:10:0a]
RSSI: -76 [da:3b:26:a5:0d:ae]
RSSI: -76 [da:3b:26:a5:0d:ae]
RSSI: -84 [da:38:1d:b1:10:2a]
RSSI: -76 [da:3b:26:b2:0d:ce]
RSSI: -82 [da:38:1d:b1:10:2a]
RSSI: -73 [da:3b:26:bf:0d:fe]
RSSI: -81 [da:38:1d:c1:10:5a]
RSSI: -80 [da:38:1d:c1:10:5a]
RSSI: -80 [da:38:1d:c1:10:5a]
RSSI: -75 [da:3b:26:cd:0e:1e]
RSSI: -80 [da:38:1d:d0:10:8a]
RSSI: -82 [da:38:1d:d0:10:8a]
RSSI: -75 [da:3b:26:d9:0e:3e]
RSSI: -75 [da:3b:26:d9:0e:3e]
RSSI: -75 [da:3b:26:d9:0e:3e]
RSSI: -80 [da:38:1d:dd:10:aa]
RSSI: -74 [da:3b:26:e6:0e:6e]
RSSI: -91 [da:3d:c0:e5:01:ec]
RSSI: -79 [da:38:1d:ec:10:da]
RSSI: -76 [da:3b:26:f4:0e:8e]
RSSI: -81 [da:38:1d:ec:10:da]
RSSI: -85 [da:38:1d:fc:10:fa]
RSSI: -75 [da:3b:27:00:0e:ae]
RSSI: -76 [da:3b:27:00:0e:ae]
RSSI: -76 [da:3b:27:0e:0e:de]
RSSI: -78 [da:38:1e:27:11:7a]
RSSI: -76 [da:3b:27:27:0f:1e]
RSSI: -79 [da:38:1e:27:11:7a]
RSSI: -78 [da:3b:27:27:0f:1e]
RSSI: -76 [da:3b:27:35:0f:3e]
RSSI: -82 [da:38:1e:34:11:9a]
RSSI: -77 [da:3b:27:35:0f:3e]
RSSI: -79 [da:3b:27:42:0f:6e]
RSSI: -91 [da:3d:c1:39:02:ec]
RSSI: -83 [da:38:1e:43:11:ca]
RSSI: -78 [da:3b:27:4f:0f:8e]
RSSI: -79 [da:38:1e:53:11:fa]
RSSI: -88 [da:3d:c1:45:03:1c]
RSSI: -82 [da:3b:27:4f:0f:8e]
RSSI: -82 [da:3b:27:5c:0f:ae]
RSSI: -80 [da:3b:27:5c:0f:ae]
RSSI: -77 [da:38:1e:5f:12:1a]
RSSI: -83 [da:3b:27:69:0f:de]
RSSI: -78 [da:38:1e:5f:12:1a]
RSSI: -82 [da:3b:27:76:0f:fe]
RSSI: -77 [da:38:1e:6f:12:4a]
RSSI: -87 [da:3b:27:76:0f:fe]
RSSI: -78 [da:38:1e:7e:12:7a]
RSSI: -78 [da:38:1e:7e:12:7a]
RSSI: -87 [da:3b:27:83:10:1e]
RSSI: -76 [da:38:1e:9a:12:ba]
RSSI: -86 [da:3b:27:9d:10:6e]
RSSI: -77 [da:38:1e:9a:12:ba]
RSSI: -89 [da:3b:27:9d:10:6e]
RSSI: -89 [da:3d:c1:99:04:1c]
RSSI: -81 [da:38:1e:aa:12:ea]
RSSI: -86 [da:3b:27:aa:10:8e]
RSSI: -76 [da:38:1e:aa:12:ea]
RSSI: -92 [da:3d:c1:a8:04:4c]
RSSI: -86 [da:3b:27:b7:10:be]
RSSI: -83 [da:38:1e:b6:13:1a]
RSSI: -87 [da:3b:27:b7:10:be]
RSSI: -79 [da:38:1e:c6:13:3a]
RSSI: -86 [da:3b:27:c4:10:de]
RSSI: -85 [da:3b:27:d1:11:0e]
RSSI: -79 [da:38:1e:d5:13:6a]
RSSI: -80 [da:38:1e:d5:13:6a]
RSSI: -87 [da:3b:27:df:11:2e]
RSSI: -80 [da:38:1e:e2:13:8a]
RSSI: -82 [da:38:1e:f2:13:ba]
RSSI: -80 [da:38:1e:f2:13:ba]
RSSI: -88 [da:3b:27:f9:11:7e]
RSSI: -87 [da:3b:28:06:11:9e]
RSSI: -84 [da:38:1f:13:14:1a]
RSSI: -84 [da:38:1f:13:14:1a]
RSSI: -87 [da:3b:28:20:11:ee]
RSSI: -84 [da:3b:28:2d:12:0e]
RSSI: -88 [da:3d:c2:25:05:dc]
RSSI: -84 [da:38:1f:33:14:7a]
RSSI: -83 [da:38:1f:3f:14:9a]
RSSI: -87 [da:3b:28:47:12:4e]
RSSI: -88 [da:3d:c2:40:06:2c]
RSSI: -83 [da:38:1f:5e:14:fa]
RSSI: -87 [da:3b:28:61:12:9e]
RSSI: -84 [da:3d:c2:5d:06:8c]
RSSI: -86 [da:38:1f:6b:15:1a]
RSSI: -86 [da:3b:28:6e:12:be]
RSSI: -86 [da:3d:c2:6a:06:bc]
RSSI: -87 [da:3d:c2:6a:06:bc]
RSSI: -85 [da:3b:28:7c:12:ee]
RSSI: -88 [da:38:1f:7b:15:4a]
RSSI: -86 [da:3b:28:7c:12:ee]
RSSI: -88 [da:38:1f:7b:15:4a]
RSSI: -86 [da:3b:28:88:13:0e]
RSSI: -86 [da:3b:28:88:13:0e]
RSSI: -87 [da:38:1f:8a:15:6a]
RSSI: -85 [da:3b:28:96:13:2e]
RSSI: -92 [da:36:3b:94:0e:4b]
RSSI: -88 [da:3b:28:a3:13:5e]
RSSI: -87 [da:3b:28:a3:13:5e]
RSSI: -89 [da:38:1f:a6:15:ba]
RSSI: -89 [da:3d:c2:b1:07:9c]
RSSI: -89 [da:3b:28:bd:13:9e]
RSSI: -85 [da:38:1f:c2:16:0a]
RSSI: -83 [da:3d:c2:be:07:bc]
RSSI: -87 [da:3b:28:ca:13:be]
RSSI: -86 [da:3b:28:ca:13:be]
RSSI: -88 [da:3b:28:e4:14:0e]
RSSI: -89 [da:3b:28:e4:14:0e]
RSSI: -88 [da:3b:28:f2:14:3e]
RSSI: -85 [da:3d:c2:f6:08:7c]
RSSI: -92 [da:36:3c:10:0f:cb]
RSSI: -90 [da:3b:29:19:14:9e]
RSSI: -91 [da:3b:29:3b:15:0e]
RSSI: -88 [da:3d:c3:3c:09:4c]
RSSI: -83 [da:38:20:55:01:7a]
RSSI: -86 [da:3d:c3:4a:09:7c]
RSSI: -85 [da:38:20:55:01:7a]
RSSI: -82 [da:3d:c3:4a:09:7c]
RSSI: -82 [da:3d:c3:59:09:ac]
RSSI: -82 [da:38:20:65:01:aa]
RSSI: -87 [da:3d:c3:59:09:ac]
RSSI: -85 [da:3d:c3:66:09:dc]
RSSI: -83 [da:38:20:71:01:ca]
RSSI: -81 [da:3d:c3:66:09:dc]
RSSI: -84 [da:38:20:71:01:ca]
RSSI: -85 [da:3d:c3:74:0a:0c]
RSSI: -86 [da:38:20:81:01:ea]
RSSI: -85 [da:38:20:81:01:ea]
RSSI: -86 [da:38:20:90:02:1a]
RSSI: -82 [da:3d:c3:90:0a:5c]
RSSI: -88 [da:3b:29:97:16:0e]
RSSI: -83 [da:38:20:9d:02:3a]
RSSI: -81 [da:3d:c3:9e:0a:8c]
RSSI: -89 [da:38:20:ad:02:6a]
RSSI: -85 [da:3d:c3:ad:0a:bc]
RSSI: -83 [da:3d:c3:ad:0a:bc]
RSSI: -83 [da:3d:c3:ad:0a:bc]
RSSI: -86 [da:3d:c3:ba:0a:dc]
RSSI: -82 [da:38:20:c9:02:ba]
RSSI: -83 [da:38:20:c9:02:ba]
RSSI: -82 [da:3d:c3:c8:0b:0c]
RSSI: -82 [da:38:20:d8:02:ea]
RSSI: -83 [da:38:20:e8:03:1a]
RSSI: -81 [da:38:20:e8:03:1a]
RSSI: -88 [da:3d:c3:e4:0b:6c]
RSSI: -80 [da:38:20:f4:03:3a]
RSSI: -79 [da:38:20:f4:03:3a]
RSSI: -87 [da:3d:c3:f2:0b:9c]
RSSI: -80 [da:38:21:04:03:6a]
RSSI: -80 [da:38:21:14:03:9a]
RSSI: -80 [da:38:21:14:03:9a]
RSSI: -77 [da:38:21:20:03:ba]
RSSI: -82 [da:38:21:20:03:ba]
RSSI: -77 [da:38:21:30:03:ea]
RSSI: -95 [da:3d:c4:2b:0c:4c]
RSSI: -82 [da:38:21:3f:04:1a]
RSSI: -81 [da:38:21:3f:04:1a]
RSSI: -95 [da:3d:c4:38:0c:7c]
RSSI: -80 [da:38:21:4c:04:3a]
RSSI: -79 [da:38:21:4c:04:3a]
RSSI: -89 [da:36:3d:4e:13:7b]
RSSI: -88 [da:36:3d:4e:13:7b]
RSSI: -87 [da:36:3d:5c:13:ab]
RSSI: -77 [da:38:21:6b:04:8a]
RSSI: -77 [da:38:21:6b:04:8a]
RSSI: -78 [da:38:21:78:04:ba]
RSSI: -80 [da:38:21:88:04:da]
RSSI: -79 [da:38:21:88:04:da]
RSSI: -79 [da:38:21:97:05:0a]
RSSI: -78 [da:38:21:97:05:0a]
RSSI: -87 [da:3d:c4:9b:0d:ac]
RSSI: -78 [da:38:21:a4:05:2a]
RSSI: -77 [da:38:21:b3:05:5a]
RSSI: -77 [da:38:21:b3:05:5a]
RSSI: -76 [da:38:21:c3:05:8a]
RSSI: -77 [da:38:21:c3:05:8a]
RSSI: -77 [da:38:21:c3:05:8a]
RSSI: -87 [da:3d:c4:c5:0e:3c]
RSSI: -83 [da:36:3d:cb:14:eb]
RSSI: -76 [da:38:21:d0:05:aa]
RSSI: -87 [da:3d:c4:d3:0e:6c]
RSSI: -82 [da:36:3d:d9:15:1b]
RSSI: -77 [da:38:21:df:05:da]
RSSI: -78 [da:38:21:ef:06:0a]
RSSI: -84 [da:36:3d:e6:15:3b]
RSSI: -78 [da:38:21:ef:06:0a]
RSSI: -78 [da:38:21:ef:06:0a]
RSSI: -86 [da:36:3d:e6:15:3b]
RSSI: -86 [da:3d:c4:ef:0e:bc]
RSSI: -81 [da:36:3e:03:15:8b]
RSSI: -77 [da:38:22:0b:06:5a]
RSSI: -84 [da:3d:c4:fd:0e:ec]
RSSI: -78 [da:38:22:0b:06:5a]
RSSI: -78 [da:38:22:1b:06:8a]
RSSI: -86 [da:36:3e:0f:15:bb]
RSSI: -79 [da:38:22:1b:06:8a]
RSSI: -78 [da:38:22:1b:06:8a]
RSSI: -84 [da:3d:c5:0f:0f:2c]
RSSI: -83 [da:3d:c5:20:0f:5c]
RSSI: -83 [da:3d:c5:20:0f:5c]
RSSI: -79 [da:38:22:27:06:aa]
RSSI: -83 [da:3d:c5:20:0f:5c]
RSSI: -79 [da:36:3e:2c:16:0b]
RSSI: -86 [da:3d:c5:2e:0f:8c]
RSSI: -82 [da:36:3e:39:16:2b]
RSSI: -79 [da:36:3e:39:16:2b]
RSSI: -80 [da:38:22:47:07:0a]
RSSI: -83 [da:36:3e:47:16:5b]
RSSI: -88 [da:3d:c5:4a:0f:ec]
RSSI: -80 [da:38:22:53:07:2a]
RSSI: -79 [da:36:3e:56:00:0b]
RSSI: -83 [da:38:22:63:07:5a]
RSSI: -79 [da:36:3e:62:00:2b]
RSSI: -89 [da:3d:c5:65:10:3c]
RSSI: -92 [da:3b:2b:72:04:ee]
RSSI: -79 [da:36:3e:62:00:2b]
RSSI: -80 [da:38:22:73:07:8a]
RSSI: -88 [da:3d:c5:65:10:3c]
RSSI: -81 [da:38:22:73:07:8a]
RSSI: -86 [da:36:3e:71:00:5b]
RSSI: -79 [da:36:3e:71:00:5b]
RSSI: -83 [da:3d:c5:74:10:6c]
RSSI: -79 [da:38:22:7f:07:aa]
RSSI: -80 [da:36:3e:7f:00:7b]
RSSI: -85 [da:3d:c5:83:10:9c]
RSSI: -89 [da:3b:2b:8c:05:3e]
RSSI: -79 [da:36:3e:8c:00:ab]
RSSI: -77 [da:38:22:8f:07:da]
RSSI: -76 [da:3d:c5:8f:10:bc]
RSSI: -81 [da:38:22:9f:08:0a]
RSSI: -78 [da:3d:c5:9e:10:ec]
RSSI: -80 [da:36:3e:9b:00:cb]
RSSI: -77 [da:3d:c5:9e:10:ec]
RSSI: -75 [da:38:22:ab:08:2a]
RSSI: -76 [da:3d:c5:ad:11:1c]
RSSI: -83 [da:36:3e:b6:01:1b]
RSSI: -74 [da:38:22:bb:08:5a]
RSSI: -73 [da:3d:c5:ba:11:4c]
RSSI: -74 [da:38:22:cb:08:8a]
RSSI: -83 [da:36:3e:c4:01:4b]
RSSI: -94 [da:3b:2b:cd:05:ee]
RSSI: -73 [da:3d:c5:c8:11:7c]
RSSI: -81 [da:38:22:d7:08:aa]
RSSI: -73 [da:3d:c5:d7:11:9c]
RSSI: -72 [da:3d:c5:d7:11:9c]
RSSI: -72 [da:3d:c5:e4:11:cc]
RSSI: -76 [da:38:22:f7:09:0a]
RSSI: -73 [da:3d:c5:e4:11:cc]
RSSI: -86 [da:36:3e:ee:01:cb]
RSSI: -94 [da:3b:2b:f5:06:6e]
RSSI: -75 [da:38:22:f7:09:0a]
RSSI: -72 [da:3d:c5:f3:11:fc]
RSSI: -71 [da:3d:c5:f3:11:fc]
RSSI: -74 [da:3d:c6:01:12:2c]
RSSI: -72 [da:38:23:03:09:2a]
RSSI: -71 [da:3d:c6:01:12:2c]
RSSI: -74 [da:38:23:13:09:5a]
RSSI: -72 [da:3d:c6:0e:12:4c]
RSSI: -69 [da:38:23:13:09:5a]
RSSI: -90 [da:36:3f:18:02:3b]
RSSI: -69 [da:38:23:23:09:7a]
RSSI: -71 [da:38:23:23:09:7a]
RSSI: -72 [da:3d:c6:1d:12:7c]
RSSI: -76 [da:3d:c6:1d:12:7c]
RSSI: -67 [da:38:23:2f:09:aa]
RSSI: -69 [da:38:23:2f:09:aa]
RSSI: -91 [da:36:3f:26:02:6b]
RSSI: -68 [da:38:23:2f:09:aa]
RSSI: -88 [da:3b:2c:38:07:1e]
RSSI: -75 [da:3d:c6:38:12:cc]
RSSI: -65 [da:38:23:3f:09:da]
RSSI: -75 [da:3d:c6:38:12:cc]
RSSI: -66 [da:38:23:3f:09:da]
RSSI: -68 [da:38:23:4f:0a:0a]
RSSI: -64 [da:38:23:4f:0a:0a]
RSSI: -77 [da:3d:c6:47:12:fc]
RSSI: -89 [da:36:3f:50:02:eb]
RSSI: -65 [da:38:23:5b:0a:2a]
RSSI: -67 [da:38:23:5b:0a:2a]
RSSI: -79 [da:3d:c6:56:13:2c]
RSSI: -67 [da:38:23:5b:0a:2a]
RSSI: -89 [da:3b:2c:6c:07:be]
RSSI: -65 [da:38:23:6b:0a:5a]
RSSI: -87 [da:3d:c6:71:13:8c]
RSSI: -64 [da:38:23:7b:0a:8a]
RSSI: -64 [da:38:23:7b:0a:8a]
RSSI: -64 [da:38:23:87:0a:aa]
RSSI: -89 [da:36:3f:86:03:8b]
RSSI: -63 [da:38:23:87:0a:aa]
RSSI: -84 [da:3d:c6:8d:13:dc]
RSSI: -66 [da:38:23:97:0a:da]
RSSI: -64 [da:38:23:a7:0b:0a]
RSSI: -83 [da:3d:c6:9c:14:0c]
RSSI: -64 [da:38:23:b3:0b:2a]
RSSI: -65 [da:38:23:b3:0b:2a]
RSSI: -65 [da:38:23:b3:0b:2a]
RSSI: -83 [da:3d:c6:b7:14:5c]
RSSI: -65 [da:38:23:c3:0b:5a]
RSSI: -87 [da:3d:c6:c6:14:8c]
RSSI: -85 [da:3d:c6:c6:14:8c]
RSSI: -67 [da:38:23:d3:0b:8a]
RSSI: -90 [da:36:3f:cd:04:5b]
RSSI: -85 [da:3d:c6:c6:14:8c]
RSSI: -66 [da:38:23:df:0b:aa]
RSSI: -68 [da:38:23:df:0b:aa]
RSSI: -68 [da:38:23:ef:0b:da]
RSSI: -84 [da:3d:c6:f0:15:1c]
RSSI: -69 [da:38:23:ff:0c:0a]
RSSI: -87 [da:3d:c6:ff:15:4c]
RSSI: -87 [da:3d:c6:ff:15:4c]
RSSI: -82 [da:3d:c6:ff:15:4c]
RSSI: -72 [da:38:24:0b:0c:2a]
RSSI: -90 [da:36:40:04:05:0b]
RSSI: -73 [da:38:24:1b:0c:5a]
RSSI: -76 [da:38:24:1b:0c:5a]
RSSI: -89 [da:36:40:21:05:5b]
RSSI: -74 [da:38:24:2b:0c:7a]
RSSI: -75 [da:38:24:2b:0c:7a]
RSSI: -90 [da:36:40:21:05:5b]
RSSI: -84 [da:3d:c7:29:15:cc]
RSSI: -76 [da:38:24:38:0c:aa]
RSSI: -76 [da:38:24:38:0c:aa]
RSSI: -77 [da:38:24:47:0c:da]
RSSI: -77 [da:38:24:47:0c:da]
RSSI: -74 [da:38:24:57:0d:0a]
RSSI: -73 [da:38:24:57:0d:0a]
RSSI: -87 [da:3d:c7:54:16:4c]
RSSI: -87 [da:3d:c7:54:16:4c]
RSSI: -73 [da:38:24:64:0d:2a]
RSSI: -92 [da:36:40:58:05:fb]
RSSI: -77 [da:38:24:73:0d:5a]
RSSI: -89 [da:36:40:66:06:2b]
RSSI: -74 [da:38:24:73:0d:5a]
RSSI: -74 [da:38:24:73:0d:5a]
RSSI: -87 [da:36:40:75:06:5b]
RSSI: -79 [da:38:24:83:0d:8a]
RSSI: -90 [da:3d:c7:7e:00:5c]
RSSI: -79 [da:38:24:90:0d:aa]
RSSI: -89 [da:3d:c7:8b:00:8c]
RSSI: -88 [da:36:40:90:06:ab]
RSSI: -88 [da:3b:2d:ab:0b:3e]
RSSI: -87 [da:36:40:ab:06:fb]
RSSI: -78 [da:38:24:af:0d:fa]
RSSI: -89 [da:3d:c7:b5:01:0c]
RSSI: -83 [da:38:24:bc:0e:2a]
RSSI: -89 [da:3b:2d:c6:0b:8e]
RSSI: -86 [da:3d:c7:b5:01:0c]
RSSI: -83 [da:38:24:cc:0e:5a]
RSSI: -88 [da:3b:2d:d3:0b:ae]
RSSI: -82 [da:38:24:cc:0e:5a]
RSSI: -88 [da:3b:2d:d3:0b:ae]
RSSI: -77 [da:38:24:db:0e:7a]
RSSI: -78 [da:38:24:db:0e:7a]
RSSI: -89 [da:3b:2d:e0:0b:de]
RSSI: -90 [da:3b:2d:e0:0b:de]
RSSI: -80 [da:38:24:e8:0e:aa]
RSSI: -81 [da:38:24:f8:0e:ca]
RSSI: -86 [da:3b:2d:fa:0c:1e]
RSSI: -87 [da:3d:c7:ef:01:cc]
RSSI: -79 [da:38:24:f8:0e:ca]
RSSI: -81 [da:38:25:08:0e:fa]
RSSI: -89 [da:3b:2e:08:0c:4e]
RSSI: -82 [da:38:25:08:0e:fa]
RSSI: -85 [da:3b:2e:08:0c:4e]
RSSI: -86 [da:3b:2e:16:0c:6e]
RSSI: -82 [da:38:25:14:0f:1a]
RSSI: -89 [da:3d:c8:0a:02:1c]
RSSI: -82 [da:38:25:14:0f:1a]
RSSI: -91 [da:36:41:0e:08:2b]
RSSI: -82 [da:3b:2e:22:0c:8e]
RSSI: -83 [da:3b:2e:22:0c:8e]
RSSI: -83 [da:38:25:24:0f:4a]
RSSI: -83 [da:3b:2e:22:0c:8e]
RSSI: -80 [da:3b:2e:30:0c:be]
RSSI: -83 [da:38:25:34:0f:7a]
RSSI: -79 [da:3b:2e:30:0c:be]
RSSI: -83 [da:38:25:34:0f:7a]
RSSI: -80 [da:3b:2e:3e:0c:de]
RSSI: -89 [da:36:41:38:08:ab]
RSSI: -79 [da:3b:2e:3e:0c:de]
RSSI: -78 [da:38:25:40:0f:9a]
RSSI: -78 [da:3b:2e:4a:0d:0e]
RSSI: -82 [da:38:25:40:0f:9a]
RSSI: -88 [da:3d:c8:43:02:cc]
RSSI: -78 [da:3b:2e:4a:0d:0e]
RSSI: -87 [da:3d:c8:43:02:cc]
RSSI: -79 [da:38:25:50:0f:ca]
RSSI: -77 [da:3b:2e:58:0d:2e]
RSSI: -81 [da:38:25:60:0f:fa]
RSSI: -74 [da:3b:2e:65:0d:5e]
RSSI: -82 [da:38:25:6d:10:1a]
RSSI: -82 [da:38:25:6d:10:1a]
RSSI: -82 [da:38:25:6d:10:1a]
RSSI: -76 [da:3b:2e:72:0d:7e]
RSSI: -81 [da:38:25:6d:10:1a]
RSSI: -88 [da:36:41:70:09:4b]
RSSI: -89 [da:3d:c8:6e:03:5c]
RSSI: -76 [da:3b:2e:80:0d:9e]
RSSI: -82 [da:38:25:7c:10:4a]
RSSI: -76 [da:3b:2e:80:0d:9e]
RSSI: -79 [da:38:25:8c:10:7a]
RSSI: -74 [da:3b:2e:8d:0d:ce]
RSSI: -88 [da:36:41:8c:09:9b]
RSSI: -90 [da:36:41:8c:09:9b]
RSSI: -82 [da:38:25:99:10:9a]
RSSI: -75 [da:3b:2e:9a:0d:ee]
RSSI: -79 [da:38:25:99:10:9a]
RSSI: -74 [da:3b:2e:a8:0e:0e]
RSSI: -79 [da:38:25:a9:10:ca]
RSSI: -76 [da:3b:2e:a8:0e:0e]
RSSI: -79 [da:38:25:a9:10:ca]
RSSI: -73 [da:3b:2e:b5:0e:3e]
RSSI: -78 [da:38:25:b8:10:fa]
RSSI: -89 [da:3d:c8:b4:04:2c]
RSSI: -76 [da:3b:2e:c2:0e:5e]
RSSI: -73 [da:3b:2e:c2:0e:5e]
RSSI: -78 [da:38:25:c5:11:1a]
RSSI: -75 [da:3b:2e:d0:0e:7e]
RSSI: -79 [da:38:25:d5:11:4a]
RSSI: -78 [da:38:25:d5:11:4a]
RSSI: -77 [da:38:25:e5:11:7a]
RSSI: -75 [da:3b:2e:dd:0e:ae]
RSSI: -78 [da:38:25:e5:11:7a]
RSSI: -76 [da:3b:2e:ea:0e:ce]
RSSI: -75 [da:3b:2e:ea:0e:ce]
RSSI: -77 [da:38:25:f1:11:9a]
RSSI: -76 [da:3b:2e:f8:0e:ee]
RSSI: -77 [da:38:25:f1:11:9a]
RSSI: -78 [da:3b:2e:f8:0e:ee]
RSSI: -77 [da:38:26:01:11:ca]
RSSI: -77 [da:3b:2f:05:0f:1e]
RSSI: -76 [da:38:26:11:11:fa]
RSSI: -76 [da:3b:2f:12:0f:3e]
RSSI: -77 [da:38:26:11:11:fa]
RSSI: -81 [da:3b:2f:20:0f:6e]
RSSI: -76 [da:38:26:1e:12:1a]
RSSI: -79 [da:3b:2f:2d:0f:8e]
RSSI: -76 [da:38:26:2d:12:4a]
RSSI: -79 [da:3b:2f:2d:0f:8e]
RSSI: -76 [da:38:26:2d:12:4a]
RSSI: -80 [da:3b:2f:3a:0f:ae]
RSSI: -78 [da:38:26:3d:12:7a]
RSSI: -82 [da:3b:2f:3a:0f:ae]
RSSI: -76 [da:38:26:3d:12:7a]
RSSI: -84 [da:3b:2f:48:0f:de]
RSSI: -84 [da:3b:2f:48:0f:de]
RSSI: -87 [da:3d:c9:43:05:ec]
RSSI: -79 [da:38:26:4a:12:9a]
RSSI: -84 [da:3b:2f:55:0f:fe]
RSSI: -78 [da:38:26:5a:12:ca]
RSSI: -89 [da:3d:c9:51:06:1c]
RSSI: -80 [da:38:26:5a:12:ca]
RSSI: -77 [da:38:26:6a:12:fa]
RSSI: -78 [da:38:26:6a:12:fa]
RSSI: -87 [da:3d:c9:5e:06:3c]
RSSI: -89 [da:3b:2f:70:10:4e]
RSSI: -79 [da:38:26:6a:12:fa]
RSSI: -87 [da:3b:2f:7d:10:7e]
RSSI: -79 [da:38:26:76:13:1a]
RSSI: -80 [da:38:26:86:13:4a]
RSSI: -86 [da:3b:2f:8a:10:9e]
RSSI: -80 [da:38:26:86:13:4a]
RSSI: -80 [da:38:26:96:13:7a]
RSSI: -84 [da:3d:c9:89:06:cc]
RSSI: -85 [da:3b:2f:a5:10:ee]
RSSI: -82 [da:38:26:a2:13:9a]
RSSI: -84 [da:3d:c9:98:06:fc]
RSSI: -87 [da:3b:2f:a5:10:ee]
RSSI: -83 [da:38:26:a2:13:9a]
RSSI: -87 [da:3d:c9:a7:07:2c]
RSSI: -91 [da:36:42:b2:0d:0b]
RSSI: -86 [da:38:26:b2:13:ca]
RSSI: -83 [da:38:26:c2:13:fa]
RSSI: -86 [da:3b:2f:c0:11:3e]
RSSI: -84 [da:38:26:c2:13:fa]
RSSI: -89 [da:3b:2f:cd:11:5e]
RSSI: -87 [da:3d:c9:c2:07:7c]
RSSI: -84 [da:38:26:cf:14:1a]
RSSI: -88 [da:3b:2f:da:11:7e]
RSSI: -90 [da:38:26:df:14:4a]
RSSI: -87 [da:3d:c9:d1:07:ac]
RSSI: -89 [da:3b:2f:da:11:7e]
RSSI: -88 [da:3b:2f:e8:11:ae]
RSSI: -89 [da:36:42:dc:0d:8b]
RSSI: -84 [da:3d:c9:de:07:dc]
RSSI: -85 [da:38:26:ef:14:7a]
RSSI: -87 [da:3b:2f:f5:11:ce]
RSSI: -87 [da:3b:2f:f5:11:ce]
RSSI: -83 [da:3d:c9:ed:08:0c]
RSSI: -87 [da:3b:30:02:11:fe]
RSSI: -89 [da:38:26:fb:14:9a]
RSSI: -87 [da:3b:30:02:11:fe]
RSSI: -87 [da:3b:30:02:11:fe]
RSSI: -93 [da:3d:c9:fc:08:3c]
RSSI: -86 [da:3b:30:02:11:fe]
RSSI: -84 [da:38:27:0b:14:ca]
RSSI: -89 [da:38:27:1b:14:fa]
RSSI: -83 [da:3d:ca:18:08:8c]
RSSI: -84 [da:3d:ca:26:08:bc]
RSSI: -86 [da:3b:30:46:12:ae]
RSSI: -89 [da:3d:ca:42:09:1c]
RSSI: -85 [da:3d:ca:51:09:4c]
RSSI: -85 [da:38:27:54:15:9a]
RSSI: -84 [da:3d:ca:51:09:4c]
RSSI: -87 [da:3b:30:60:12:fe]
RSSI: -90 [da:3b:30:60:12:fe]
RSSI: -81 [da:3d:ca:5e:09:6c]
RSSI: -86 [da:3b:30:6e:13:2e]
RSSI: -86 [da:3d:ca:6d:09:9c]
RSSI: -87 [da:38:27:80:16:1a]
RSSI: -90 [da:36:43:80:0f:7b]
RSSI: -81 [da:3d:ca:88:09:fc]
RSSI: -81 [da:3d:ca:88:09:fc]
RSSI: -82 [da:3d:ca:98:0a:2c]
RSSI: -84 [da:3d:ca:a6:0a:5c]
RSSI: -90 [da:3b:30:b0:13:ee]
RSSI: -84 [da:3d:ca:a6:0a:5c]
RSSI: -86 [da:3d:ca:b3:0a:7c]
RSSI: -84 [da:3d:ca:c2:0a:bc]
RSSI: -83 [da:3d:ca:c2:0a:bc]
RSSI: -87 [da:3d:ca:c2:0a:bc]
RSSI: -85 [da:3d:ca:d1:0a:dc]
RSSI: -87 [da:38:27:d9:00:fa]
RSSI: -86 [da:3d:ca:de:0b:0c]
RSSI: -85 [da:3d:ca:fc:0b:6c]
RSSI: -85 [da:38:28:16:01:aa]
RSSI: -89 [da:3b:31:1b:15:0e]
RSSI: -87 [da:3d:cb:18:0b:cc]
RSSI: -88 [da:3d:cb:18:0b:cc]
RSSI: -94 [da:36:44:33:11:9b]
RSSI: -93 [da:3d:cb:42:0c:4c]
RSSI: -88 [da:38:28:5f:02:7a]
RSSI: -87 [da:38:28:5f:02:7a]
RSSI: -84 [da:38:28:6f:02:aa]
RSSI: -90 [da:3b:31:79:16:0e]
RSSI: -83 [da:38:28:7f:02:da]
RSSI: -81 [da:38:28:8b:02:fa]
RSSI: -84 [da:38:28:8b:02:fa]
RSSI: -82 [da:38:28:9b:03:2a]
RSSI: -79 [da:38:28:9b:03:2a]
RSSI: -84 [da:38:28:ab:03:5a]
RSSI: -82 [da:38:28:ab:03:5a]
RSSI: -87 [da:3d:cb:a7:0d:8c]
RSSI: -83 [da:38:28:b8:03:7a]
RSSI: -82 [da:38:28:b8:03:7a]
RSSI: -86 [da:36:44:c0:13:3b]
RSSI: -81 [da:38:28:c8:03:aa]
RSSI: -87 [da:36:44:c0:13:3b]
RSSI: -88 [da:3d:cb:c3:0d:dc]
RSSI: -92 [da:36:44:cf:13:6b]
RSSI: -79 [da:38:28:d8:03:da]
RSSI: -84 [da:3d:cb:d2:0e:0c]
RSSI: -78 [da:38:28:d8:03:da]
RSSI: -88 [da:3d:cb:d2:0e:0c]
RSSI: -79 [da:38:28:e4:03:fa]
RSSI: -79 [da:38:28:f4:04:2a]
RSSI: -83 [da:36:44:f9:13:eb]
RSSI: -80 [da:38:29:04:04:5a]
RSSI: -87 [da:3d:cb:fd:0e:9c]
RSSI: -80 [da:38:29:04:04:5a]
RSSI: -78 [da:38:29:11:04:7a]
RSSI: -85 [da:3d:cc:09:0e:bc]
RSSI: -86 [da:36:45:14:14:3b]
RSSI: -79 [da:38:29:21:04:aa]
RSSI: -82 [da:3d:cc:18:0e:ec]
RSSI: -78 [da:38:29:21:04:aa]
RSSI: -82 [da:3d:cc:18:0e:ec]
RSSI: -79 [da:38:29:31:04:da]
RSSI: -79 [da:38:29:31:04:da]
RSSI: -84 [da:3d:cc:28:0f:1c]
RSSI: -85 [da:36:45:30:14:8b]
RSSI: -79 [da:38:29:3d:04:fa]
RSSI: -84 [da:3d:cc:34:0f:4c]
RSSI: -78 [da:38:29:3d:04:fa]
RSSI: -82 [da:3d:cc:43:0f:7c]
RSSI: -77 [da:38:29:4d:05:2a]
RSSI: -85 [da:3d:cc:43:0f:7c]
RSSI: -85 [da:3d:cc:53:0f:ac]
RSSI: -78 [da:38:29:5d:05:5a]
RSSI: -85 [da:36:45:4e:14:db]
RSSI: -86 [da:3d:cc:53:0f:ac]
RSSI: -76 [da:38:29:5d:05:5a]
RSSI: -85 [da:36:45:5a:14:fb]
RSSI: -78 [da:38:29:6a:05:7a]
RSSI: -89 [da:3d:cc:5f:0f:cc]
RSSI: -77 [da:36:45:69:15:2b]
RSSI: -79 [da:36:45:78:15:5b]
RSSI: -78 [da:38:29:8a:05:da]
RSSI: -86 [da:3d:cc:8a:10:5c]
RSSI: -80 [da:36:45:85:15:7b]
RSSI: -89 [da:3d:cc:8a:10:5c]
RSSI: -78 [da:38:29:97:05:fa]
RSSI: -77 [da:36:45:94:15:ab]
RSSI: -77 [da:38:29:a7:06:2a]
RSSI: -90 [da:3b:32:ae:03:2e]
RSSI: -76 [da:36:45:a2:15:db]
RSSI: -78 [da:38:29:b7:06:5a]
RSSI: -87 [da:3d:cc:a8:10:bc]
RSSI: -78 [da:38:29:b7:06:5a]
RSSI: -76 [da:36:45:af:15:fb]
RSSI: -78 [da:38:29:b7:06:5a]
RSSI: -80 [da:3d:cc:b5:10:ec]
RSSI: -76 [da:36:45:be:16:2b]
RSSI: -79 [da:38:29:c3:06:7a]
RSSI: -83 [da:3d:cc:c4:11:1c]
RSSI: -74 [da:36:45:cd:16:5b]
RSSI: -79 [da:38:29:d3:06:aa]
RSSI: -83 [da:3d:cc:d3:11:4c]
RSSI: -79 [da:38:29:d3:06:aa]
RSSI: -83 [da:3d:cc:d3:11:4c]
RSSI: -77 [da:3d:cc:d3:11:4c]
RSSI: -80 [da:38:29:e3:06:da]
RSSI: -76 [da:36:45:d9:16:7b]
RSSI: -77 [da:3d:cc:d3:11:4c]
RSSI: -92 [da:3b:32:e4:03:be]
RSSI: -81 [da:38:29:e3:06:da]
RSSI: -75 [da:36:45:d9:16:7b]
RSSI: -82 [da:3d:cc:e0:11:6c]
RSSI: -77 [da:36:45:e8:00:2b]
RSSI: -73 [da:3d:cc:ef:11:9c]
RSSI: -73 [da:3d:cc:ef:11:9c]
RSSI: -81 [da:3d:cc:ef:11:9c]
RSSI: -75 [da:36:45:f7:00:5b]
RSSI: -79 [da:38:2a:00:07:2a]
RSSI: -79 [da:38:2a:00:07:2a]
RSSI: -75 [da:3d:cc:fe:11:cc]
RSSI: -79 [da:38:2a:00:07:2a]
RSSI: -75 [da:36:46:04:00:7b]
RSSI: -81 [da:38:2a:10:07:5a]
RSSI: -75 [da:36:46:04:00:7b]
RSSI: -78 [da:3d:cd:0b:11:fc]
RSSI: -79 [da:38:2a:10:07:5a]
RSSI: -77 [da:3d:cd:0b:11:fc]
RSSI: -76 [da:36:46:13:00:ab]
RSSI: -76 [da:36:46:22:00:db]
RSSI: -80 [da:3d:cd:1a:12:1c]
RSSI: -76 [da:36:46:22:00:db]
RSSI: -80 [da:38:2a:2d:07:aa]
RSSI: -79 [da:38:2a:3d:07:da]
RSSI: -76 [da:36:46:2e:00:fb]
RSSI: -78 [da:38:2a:3d:07:da]
RSSI: -77 [da:36:46:3d:01:2b]
RSSI: -77 [da:36:46:3d:01:2b]
RSSI: -76 [da:36:46:3d:01:2b]
RSSI: -82 [da:3d:cd:45:12:ac]
RSSI: -79 [da:38:2a:49:07:fa]
RSSI: -77 [da:3d:cd:45:12:ac]
RSSI: -78 [da:36:46:4c:01:5b]
RSSI: -81 [da:38:2a:59:08:2a]
RSSI: -78 [da:36:46:59:01:7b]
RSSI: -79 [da:38:2a:59:08:2a]
RSSI: -82 [da:3d:cd:54:12:dc]
RSSI: -79 [da:36:46:59:01:7b]
RSSI: -81 [da:38:2a:69:08:5a]
RSSI: -86 [da:3b:33:6b:05:3e]
RSSI: -79 [da:36:46:59:01:7b]
RSSI: -82 [da:38:2a:69:08:5a]
RSSI: -77 [da:3d:cd:61:13:0c]
RSSI: -81 [da:36:46:68:01:ab]
RSSI: -87 [da:3b:33:78:05:5e]
RSSI: -80 [da:3d:cd:70:13:3c]
RSSI: -83 [da:36:46:76:01:db]
RSSI: -91 [da:3b:33:86:05:8e]
RSSI: -81 [da:38:2a:86:08:aa]
RSSI: -84 [da:38:2a:86:08:aa]
RSSI: -87 [da:38:2a:96:08:da]
RSSI: -84 [da:36:46:92:02:2b]
RSSI: -79 [da:38:2a:96:08:da]
RSSI: -85 [da:36:46:92:02:2b]
RSSI: -85 [da:38:2a:a3:08:fa]
RSSI: -85 [da:36:46:a1:02:5b]
RSSI: -77 [da:38:2a:b3:09:2a]
RSSI: -85 [da:36:46:ae:02:7b]
RSSI: -85 [da:36:46:ae:02:7b]
RSSI: -91 [da:3b:33:bc:06:2e]
RSSI: -73 [da:38:2a:c3:09:5a]
RSSI: -74 [da:38:2a:c3:09:5a]
RSSI: -87 [da:36:46:cb:02:db]
RSSI: -87 [da:3d:cd:c6:14:4c]
RSSI: -94 [da:3b:33:d7:06:6e]
RSSI: -85 [da:3d:cd:d5:14:6c]
RSSI: -85 [da:3d:cd:d5:14:6c]
RSSI: -74 [da:38:2a:df:09:aa]
RSSI: -86 [da:3d:cd:d5:14:6c]
RSSI: -70 [da:38:2a:ef:09:da]
RSSI: -85 [da:3d:cd:e1:14:9c]
RSSI: -71 [da:38:2a:ef:09:da]
RSSI: -91 [da:3b:33:f1:06:be]
RSSI: -68 [da:38:2a:fc:09:fa]
RSSI: -69 [da:38:2a:fc:09:fa]
RSSI: -69 [da:38:2a:fc:09:fa]
RSSI: -87 [da:3d:ce:00:14:fc]
RSSI: -68 [da:38:2b:0c:0a:2a]
RSSI: -68 [da:38:2b:0c:0a:2a]
RSSI: -91 [da:3b:34:1a:07:2e]
RSSI: -83 [da:3d:ce:0c:15:1c]
RSSI: -69 [da:38:2b:1c:0a:5a]
RSSI: -67 [da:38:2b:1c:0a:5a]
RSSI: -68 [da:38:2b:29:0a:8a]
RSSI: -68 [da:38:2b:39:0a:aa]
RSSI: -88 [da:3d:ce:2b:15:7c]
RSSI: -68 [da:38:2b:39:0a:aa]
RSSI: -83 [da:3d:ce:38:15:ac]
RSSI: -68 [da:38:2b:49:0a:da]
RSSI: -88 [da:3b:34:5e:07:ee]
RSSI: -68 [da:38:2b:55:0b:0a]
RSSI: -87 [da:3d:ce:56:16:0c]
RSSI: -92 [da:3b:34:5e:07:ee]
RSSI: -69 [da:38:2b:66:0b:3a]
RSSI: -69 [da:38:2b:66:0b:3a]
RSSI: -70 [da:38:2b:76:0b:5a]
RSSI: -88 [da:3d:ce:63:16:2c]
RSSI: -70 [da:38:2b:76:0b:5a]
RSSI: -70 [da:38:2b:76:0b:5a]
RSSI: -69 [da:38:2b:82:0b:8a]
RSSI: -90 [da:3d:ce:81:00:0c]
RSSI: -70 [da:38:2b:82:0b:8a]
RSSI: -71 [da:38:2b:92:0b:ba]
RSSI: -90 [da:3d:ce:8e:00:2c]
RSSI: -72 [da:38:2b:92:0b:ba]
RSSI: -74 [da:38:2b:a2:0b:ea]
RSSI: -72 [da:38:2b:a2:0b:ea]
RSSI: -88 [da:3d:ce:9d:00:5c]
RSSI: -75 [da:38:2b:af:0c:0a]
RSSI: -86 [da:3d:ce:ac:00:8c]
RSSI: -76 [da:38:2b:bf:0c:3a]
RSSI: -85 [da:3d:ce:b9:00:bc]
RSSI: -77 [da:38:2b:cf:0c:6a]
RSSI: -87 [da:3d:ce:c8:00:ec]
RSSI: -76 [da:38:2b:dc:0c:8a]
RSSI: -86 [da:3d:ce:d7:01:1c]
RSSI: -74 [da:38:2b:ec:0c:ba]
RSSI: -87 [da:3d:ce:e4:01:3c]
RSSI: -76 [da:38:2b:ec:0c:ba]
RSSI: -77 [da:38:2b:fc:0c:ea]
RSSI: -76 [da:38:2b:fc:0c:ea]
RSSI: -74 [da:38:2b:fc:0c:ea]
RSSI: -86 [da:3d:ce:f3:01:6c]
RSSI: -90 [da:36:47:f5:06:4b]
RSSI: -90 [da:3d:cf:0f:01:bc]
RSSI: -94 [da:36:48:11:06:9b]
RSSI: -88 [da:3d:cf:0f:01:bc]
RSSI: -80 [da:38:2c:19:0d:3a]
RSSI: -79 [da:38:2c:29:0d:6a]
RSSI: -81 [da:38:2c:29:0d:6a]
RSSI: -82 [da:38:2c:35:0d:8a]
RSSI: -93 [da:3d:cf:2d:02:1c]
RSSI: -83 [da:38:2c:46:0d:ba]
RSSI: -90 [da:3d:cf:58:02:ac]
RSSI: -83 [da:38:2c:62:0e:0a]
RSSI: -90 [da:3d:cf:65:02:cc]
RSSI: -82 [da:38:2c:73:0e:3a]
RSSI: -91 [da:3b:35:7a:0b:1e]
RSSI: -85 [da:38:2c:83:0e:6a]
RSSI: -91 [da:3d:cf:74:02:fc]
RSSI: -83 [da:38:2c:83:0e:6a]
RSSI: -91 [da:36:48:82:07:eb]
RSSI: -89 [da:3d:cf:90:03:5c]
RSSI: -91 [da:36:48:91:08:1b]
RSSI: -88 [da:3b:35:a3:0b:8e]
RSSI: -90 [da:3d:cf:a0:03:8c]
RSSI: -85 [da:38:2c:af:0e:ea]
RSSI: -88 [da:3b:35:af:0b:ae]
RSSI: -83 [da:38:2c:bc:0f:1a]
RSSI: -89 [da:3b:35:be:0b:de]
RSSI: -87 [da:3b:35:cc:0c:0e]
RSSI: -81 [da:38:2c:cc:0f:3a]
RSSI: -85 [da:36:48:cb:08:cb]
RSSI: -87 [da:3d:cf:cb:04:0c]
RSSI: -86 [da:3b:35:d8:0c:2e]
RSSI: -82 [da:38:2c:dc:0f:6a]
RSSI: -90 [da:3d:cf:da:04:3c]
RSSI: -89 [da:3b:35:e6:0c:4e]
RSSI: -82 [da:38:2c:e9:0f:9a]
RSSI: -90 [da:3d:cf:e7:04:6c]
RSSI: -89 [da:36:48:e6:09:1b]
RSSI: -85 [da:3b:35:f4:0c:7e]
RSSI: -81 [da:38:2c:f9:0f:ca]
RSSI: -87 [da:36:48:f5:09:4b]
RSSI: -82 [da:38:2c:f9:0f:ca]
RSSI: -89 [da:36:48:f5:09:4b]
RSSI: -82 [da:38:2d:09:0f:fa]
RSSI: -81 [da:3b:36:01:0c:9e]
RSSI: -83 [da:38:2d:09:0f:fa]
RSSI: -81 [da:3b:36:0f:0c:ce]
RSSI: -79 [da:3b:36:0f:0c:ce]
RSSI: -82 [da:38:2d:16:10:1a]
RSSI: -78 [da:3b:36:1d:0c:ee]
RSSI: -90 [da:36:49:11:09:9b]
RSSI: -79 [da:3b:36:1d:0c:ee]
RSSI: -85 [da:38:2d:26:10:4a]
RSSI: -77 [da:3b:36:2a:0d:0e]
RSSI: -84 [da:38:2d:26:10:4a]
RSSI: -77 [da:3b:36:2a:0d:0e]
RSSI: -81 [da:38:2d:26:10:4a]
RSSI: -81 [da:38:2d:37:10:7a]
RSSI: -76 [da:3b:36:38:0d:3e]
RSSI: -76 [da:3b:36:46:0d:5e]
RSSI: -80 [da:38:2d:43:10:9a]
RSSI: -77 [da:3b:36:52:0d:8e]
RSSI: -79 [da:38:2d:53:10:ca]
RSSI: -91 [da:3d:d0:4c:05:ac]
RSSI: -80 [da:38:2d:53:10:ca]
RSSI: -79 [da:38:2d:63:10:fa]
RSSI: -75 [da:3b:36:60:0d:ae]
RSSI: -75 [da:3b:36:60:0d:ae]
RSSI: -79 [da:38:2d:63:10:fa]
RSSI: -79 [da:38:2d:70:11:1a]
RSSI: -74 [da:3b:36:6e:0d:de]
RSSI: -76 [da:3b:36:80:0e:0e]
RSSI: -79 [da:38:2d:90:11:7a]
RSSI: -76 [da:3b:36:91:0e:3e]
RSSI: -74 [da:3b:36:91:0e:3e]
RSSI: -77 [da:38:2d:90:11:7a]
RSSI: -74 [da:3b:36:91:0e:3e]
RSSI: -74 [da:3b:36:9f:0e:5e]
RSSI: -79 [da:38:2d:9d:11:9a]
RSSI: -75 [da:3b:36:9f:0e:5e]
RSSI: -77 [da:38:2d:ad:11:ca]
RSSI: -75 [da:3b:36:ab:0e:7e]
RSSI: -77 [da:38:2d:ad:11:ca]
RSSI: -75 [da:3b:36:b9:0e:ae]
RSSI: -93 [da:3d:d0:b2:06:ec]
RSSI: -77 [da:38:2d:bd:11:fa]
RSSI: -76 [da:3b:36:c7:0e:ce]
RSSI: -76 [da:38:2d:d3:12:3a]
RSSI: -77 [da:38:2d:d3:12:3a]
RSSI: -76 [da:3b:36:d4:0e:fe]
RSSI: -78 [da:38:2d:d3:12:3a]
RSSI: -76 [da:3b:36:e2:0f:1e]
RSSI: -77 [da:3b:36:e2:0f:1e]
RSSI: -78 [da:38:2d:e3:12:6a]
RSSI: -78 [da:3b:36:f0:0f:4e]
RSSI: -79 [da:3b:36:f0:0f:4e]
RSSI: -79 [da:38:2d:f3:12:9a]
RSSI: -78 [da:3b:36:fd:0f:6e]
RSSI: -79 [da:38:2e:00:12:ba]
RSSI: -79 [da:3b:36:fd:0f:6e]
RSSI: -79 [da:38:2e:00:12:ba]
RSSI: -80 [da:3b:37:0b:0f:8e]
RSSI: -80 [da:38:2e:10:12:ea]
RSSI: -85 [da:3b:37:19:0f:be]
RSSI: -81 [da:38:2e:1c:13:0a]
RSSI: -84 [da:3b:37:26:0f:de]
RSSI: -81 [da:38:2e:2d:13:3a]
RSSI: -85 [da:3b:37:34:10:0e]
RSSI: -83 [da:38:2e:39:13:5a]
RSSI: -88 [da:3b:37:34:10:0e]
RSSI: -84 [da:38:2e:39:13:5a]
RSSI: -88 [da:3b:37:42:10:2e]
RSSI: -84 [da:38:2e:46:13:7a]
RSSI: -87 [da:3b:37:4e:10:5e]
RSSI: -86 [da:38:2e:53:13:aa]
RSSI: -88 [da:3b:37:5d:10:7e]
RSSI: -85 [da:38:2e:5f:13:ca]
RSSI: -86 [da:3b:37:5d:10:7e]
RSSI: -86 [da:38:2e:5f:13:ca]
RSSI: -87 [da:3b:37:6b:10:9e]
RSSI: -85 [da:38:2e:6c:13:ea]
RSSI: -85 [da:38:2e:86:14:3a]
RSSI: -84 [da:3b:37:85:10:ee]
RSSI: -86 [da:3b:37:93:11:1e]
RSSI: -86 [da:3b:37:ae:11:5e]
RSSI: -88 [da:38:2e:ac:14:aa]
RSSI: -90 [da:3b:37:ae:11:5e]
RSSI: -83 [da:3d:d1:a7:09:ec]
RSSI: -86 [da:3b:37:bc:11:8e]
RSSI: -88 [da:38:2e:d2:15:1a]
RSSI: -85 [da:3b:37:d7:11:de]
RSSI: -85 [da:3b:37:d7:11:de]
RSSI: -87 [da:3b:37:e5:11:fe]
RSSI: -86 [da:3b:37:e5:11:fe]
RSSI: -84 [da:38:2e:eb:15:5a]
RSSI: -87 [da:3b:37:f2:12:1e]
RSSI: -87 [da:3b:38:00:12:4e]
RSSI: -85 [da:38:2f:11:15:ca]
RSSI: -88 [da:3b:38:1b:12:9e]
RSSI: -89 [da:38:2f:2b:16:0a]
RSSI: -89 [da:38:2f:37:16:3a]
RSSI: -88 [da:3b:38:44:13:0e]
RSSI: -92 [da:38:2f:51:00:4a]
RSSI: -86 [da:38:2f:51:00:4a]
RSSI: -89 [da:3b:38:60:13:5e]
RSSI: -86 [da:38:2f:6a:00:9a]
RSSI: -87 [da:38:2f:6a:00:9a]
RSSI: -89 [da:3b:38:6d:13:7e]
RSSI: -87 [da:38:2f:77:00:ba]
RSSI: -86 [da:38:2f:77:00:ba]
RSSI: -90 [da:36:4b:78:10:cb]
RSSI: -89 [da:38:2f:84:00:da]
RSSI: -88 [da:3b:38:89:13:ce]
RSSI: -89 [da:38:2f:84:00:da]
RSSI: -87 [da:38:2f:91:01:0a]
RSSI: -94 [da:38:2f:91:01:0a]
RSSI: -87 [da:3d:d2:8f:0c:dc]
RSSI: -93 [da:36:4b:a3:11:5b]
RSSI: -91 [da:3d:d2:ab:0d:2c]
RSSI: -85 [da:3d:d2:ab:0d:2c]
RSSI: -89 [da:3d:d2:bb:0d:6c]
RSSI: -85 [da:3d:d2:c7:0d:8c]
RSSI: -87 [da:3d:d2:d7:0d:bc]
RSSI: -91 [da:36:4b:db:11:fb]
RSSI: -85 [da:3d:d2:d7:0d:bc]
RSSI: -90 [da:3b:38:f6:14:fe]
RSSI: -84 [da:3d:d2:e6:0d:ec]
RSSI: -89 [da:38:2f:f6:02:2a]
RSSI: -90 [da:3b:39:04:15:2e]
RSSI: -83 [da:3d:d3:02:0e:4c]
RSSI: -88 [da:3d:d3:02:0e:4c]
RSSI: -82 [da:38:30:1d:02:9a]
RSSI: -85 [da:3d:d3:1e:0e:ac]
RSSI: -81 [da:38:30:36:02:ea]
RSSI: -92 [da:3b:39:39:15:be]
RSSI: -85 [da:3d:d3:2e:0e:dc]
RSSI: -83 [da:38:30:43:03:0a]
RSSI: -86 [da:3b:39:48:15:ee]
RSSI: -85 [da:36:4c:40:13:2b]
RSSI: -86 [da:36:4c:40:13:2b]
RSSI: -88 [da:3d:d3:3d:0f:0c]
RSSI: -86 [da:38:30:50:03:2a]
RSSI: -86 [da:38:30:50:03:2a]
RSSI: -81 [da:38:30:69:03:7a]
RSSI: -85 [da:38:30:76:03:9a]
RSSI: -81 [da:3d:d3:6f:0f:9c]
RSSI: -90 [da:36:4c:7a:13:db]
RSSI: -81 [da:38:30:83:03:ba]
RSSI: -91 [da:3b:39:7f:16:7e]
RSSI: -86 [da:38:30:83:03:ba]
RSSI: -83 [da:3d:d3:7c:0f:cc]
RSSI: -88 [da:36:4c:87:13:fb]
RSSI: -81 [da:38:30:90:03:da]
RSSI: -83 [da:36:4c:87:13:fb]
RSSI: -85 [da:38:30:9c:04:0a]
RSSI: -81 [da:38:30:a9:04:2a]
RSSI: -89 [da:3d:d3:9a:10:2c]
RSSI: -84 [da:36:4c:a5:14:5b]
RSSI: -82 [da:38:30:a9:04:2a]
RSSI: -83 [da:36:4c:a5:14:5b]
RSSI: -81 [da:38:30:b6:04:4a]
RSSI: -81 [da:38:30:b6:04:4a]
RSSI: -81 [da:36:4c:b2:14:7b]
RSSI: -85 [da:36:4c:b2:14:7b]
RSSI: -80 [da:38:30:c3:04:7a]
RSSI: -79 [da:38:30:c3:04:7a]
RSSI: -87 [da:3d:d3:b7:10:7c]
RSSI: -87 [da:36:4c:c1:14:ab]
RSSI: -80 [da:38:30:cf:04:9a]
RSSI: -87 [da:36:4c:c1:14:ab]
RSSI: -79 [da:38:30:cf:04:9a]
RSSI: -81 [da:3d:d3:c6:10:ac]
RSSI: -89 [da:36:4c:d0:14:db]
RSSI: -83 [da:36:4c:d0:14:db]
RSSI: -78 [da:38:30:dc:04:ba]
RSSI: -79 [da:38:30:e9:04:ea]
RSSI: -77 [da:3d:d3:e2:11:0c]
RSSI: -78 [da:38:30:f6:05:0a]
RSSI: -83 [da:36:4c:ec:15:2b]
RSSI: -79 [da:38:30:f6:05:0a]
RSSI: -78 [da:3d:d3:f2:11:3c]
RSSI: -81 [da:36:4c:ec:15:2b]
RSSI: -79 [da:38:31:03:05:2a]
RSSI: -77 [da:3d:d3:f2:11:3c]
RSSI: -79 [da:38:31:03:05:2a]
RSSI: -77 [da:36:4c:fb:15:5b]
RSSI: -75 [da:3d:d3:fe:11:6c]
RSSI: -78 [da:38:31:0f:05:4a]
RSSI: -80 [da:36:4d:08:15:7b]
RSSI: -78 [da:38:31:1c:05:7a]
RSSI: -86 [da:3d:d4:0e:11:9c]
RSSI: -77 [da:38:31:1c:05:7a]
RSSI: -77 [da:36:4d:17:15:ab]
RSSI: -78 [da:38:31:29:05:9a]
RSSI: -75 [da:3d:d4:1d:11:cc]
RSSI: -77 [da:38:31:29:05:9a]
RSSI: -77 [da:36:4d:26:15:db]
RSSI: -78 [da:38:31:36:05:ba]
RSSI: -76 [da:3d:d4:2a:11:ec]
RSSI: -75 [da:36:4d:33:15:fb]
RSSI: -76 [da:3d:d4:2a:11:ec]
RSSI: -78 [da:38:31:42:05:ea]
RSSI: -76 [da:36:4d:33:15:fb]
RSSI: -78 [da:38:31:42:05:ea]
RSSI: -75 [da:3d:d4:39:12:1c]
RSSI: -80 [da:38:31:4f:06:0a]
RSSI: -76 [da:36:4d:42:16:2b]
RSSI: -80 [da:38:31:4f:06:0a]
RSSI: -79 [da:38:31:4f:06:0a]
RSSI: -82 [da:3d:d4:49:12:4c]
RSSI: -79 [da:38:31:5c:06:2a]
RSSI: -75 [da:36:4d:51:16:5b]
RSSI: -79 [da:3d:d4:56:12:7c]
RSSI: -79 [da:3d:d4:56:12:7c]
RSSI: -74 [da:36:4d:5e:16:7b]
RSSI: -80 [da:38:31:69:06:5a]
RSSI: -77 [da:3d:d4:65:12:ac]
RSSI: -80 [da:38:31:76:06:7a]
RSSI: -80 [da:3d:d4:65:12:ac]
RSSI: -75 [da:36:4d:6d:00:2b]
RSSI: -73 [da:36:4d:6d:00:2b]
RSSI: -73 [da:36:4d:6d:00:2b]
RSSI: -78 [da:3d:d4:75:12:dc]
RSSI: -73 [da:36:4d:7d:00:5b]
RSSI: -74 [da:36:4d:7d:00:5b]
RSSI: -83 [da:38:31:8f:06:ca]
RSSI: -73 [da:36:4d:89:00:7b]
RSSI: -81 [da:3d:d4:91:13:2c]
RSSI: -80 [da:38:31:9c:06:ea]
RSSI: -84 [da:38:31:9c:06:ea]
RSSI: -91 [da:3d:d4:91:13:2c]
RSSI: -74 [da:36:4d:99:00:ab]
RSSI: -82 [da:3d:d4:a0:13:5c]
RSSI: -84 [da:3d:d4:a0:13:5c]
RSSI: -74 [da:36:4d:a8:00:db]
RSSI: -79 [da:38:31:a9:07:0a]
RSSI: -84 [da:3d:d4:a0:13:5c]
RSSI: -74 [da:36:4d:a8:00:db]
RSSI: -83 [da:38:31:b6:07:3a]
RSSI: -78 [da:38:31:b6:07:3a]
RSSI: -75 [da:36:4d:b4:00:fb]
RSSI: -79 [da:38:31:c3:07:5a]
RSSI: -75 [da:36:4d:b4:00:fb]
RSSI: -82 [da:38:31:c3:07:5a]
RSSI: -78 [da:38:31:cf:07:7a]
RSSI: -76 [da:36:4d:c4:01:2b]
RSSI: -80 [da:38:31:cf:07:7a]
RSSI: -89 [da:3d:d4:cc:13:ec]
RSSI: -75 [da:36:4d:d3:01:5b]
RSSI: -82 [da:38:31:dc:07:9a]
RSSI: -75 [da:36:4d:d3:01:5b]
RSSI: -75 [da:36:4d:d3:01:5b]
RSSI: -78 [da:38:31:dc:07:9a]
RSSI: -80 [da:38:31:e9:07:ba]
RSSI: -84 [da:38:31:e9:07:ba]
RSSI: -77 [da:36:4d:e0:01:7b]
RSSI: -79 [da:38:31:f6:07:ea]
RSSI: -77 [da:36:4d:ef:01:ab]
RSSI: -81 [da:38:31:f6:07:ea]
RSSI: -80 [da:38:32:02:08:0a]
RSSI: -80 [da:36:4d:fe:01:db]
RSSI: -81 [da:38:32:0f:08:2a]
RSSI: -82 [da:36:4e:0b:01:fb]
RSSI: -82 [da:36:4e:0b:01:fb]
RSSI: -79 [da:38:32:1c:08:5a]
RSSI: -81 [da:38:32:1c:08:5a]
RSSI: -84 [da:36:4e:1a:02:2b]
RSSI: -85 [da:38:32:29:08:7a]
RSSI: -84 [da:36:4e:1a:02:2b]
RSSI: -77 [da:38:32:29:08:7a]
RSSI: -84 [da:36:4e:29:02:5b]
RSSI: -81 [da:38:32:36:08:9a]
RSSI: -90 [da:3b:3b:35:04:de]
RSSI: -84 [da:3d:d5:30:15:2c]
RSSI: -86 [da:36:4e:36:02:7b]
RSSI: -75 [da:38:32:43:08:ca]
RSSI: -89 [da:3b:3b:44:04:fe]
RSSI: -85 [da:36:4e:36:02:7b]
RSSI: -74 [da:38:32:43:08:ca]
RSSI: -89 [da:3b:3b:44:04:fe]
RSSI: -85 [da:3d:d5:3f:15:5c]
RSSI: -78 [da:38:32:4f:08:ea]
RSSI: -88 [da:36:4e:45:02:ab]
RSSI: -87 [da:3b:3b:50:05:1e]
RSSI: -72 [da:38:32:4f:08:ea]
RSSI: -73 [da:38:32:5c:09:0a]
RSSI: -85 [da:36:4e:55:02:db]
RSSI: -85 [da:3d:d5:4f:15:8c]
RSSI: -75 [da:38:32:5c:09:0a]
RSSI: -85 [da:36:4e:55:02:db]
RSSI: -71 [da:38:32:69:09:2a]
RSSI: -86 [da:36:4e:61:02:fb]
RSSI: -87 [da:3b:3b:6d:05:6e]
RSSI: -86 [da:3d:d5:5c:15:ac]
RSSI: -71 [da:38:32:69:09:2a]
RSSI: -86 [da:36:4e:61:02:fb]
RSSI: -87 [da:3b:3b:6d:05:6e]
RSSI: -73 [da:38:32:76:09:5a]
RSSI: -70 [da:38:32:76:09:5a]
RSSI: -71 [da:38:32:83:09:7a]
RSSI: -86 [da:36:4e:71:03:2b]
RSSI: -89 [da:3d:d5:7b:16:0c]
RSSI: -71 [da:38:32:83:09:7a]
RSSI: -87 [da:3d:d5:7b:16:0c]
RSSI: -87 [da:36:4e:80:03:5b]
RSSI: -69 [da:38:32:90:09:9a]
RSSI: -70 [da:38:32:90:09:9a]
RSSI: -70 [da:38:32:9c:09:ca]
RSSI: -70 [da:38:32:a9:09:ea]
RSSI: -70 [da:38:32:a9:09:ea]
RSSI: -86 [da:3d:d5:a6:00:0c]
RSSI: -69 [da:38:32:b6:0a:0a]
RSSI: -70 [da:38:32:b6:0a:0a]
RSSI: -87 [da:3d:d5:b3:00:2c]
RSSI: -70 [da:38:32:c3:0a:3a]
RSSI: -68 [da:38:32:c3:0a:3a]
RSSI: -70 [da:38:32:d0:0a:5a]
RSSI: -69 [da:38:32:d0:0a:5a]
RSSI: -70 [da:38:32:dd:0a:7a]
RSSI: -69 [da:38:32:e9:0a:aa]
RSSI: -69 [da:38:32:e9:0a:aa]
RSSI: -70 [da:38:32:f6:0a:ca]
RSSI: -85 [da:3d:d5:ef:00:ec]
RSSI: -70 [da:38:32:f6:0a:ca]
RSSI: -70 [da:38:33:03:0a:ea]
RSSI: -71 [da:38:33:03:0a:ea]
RSSI: -70 [da:38:33:10:0b:1a]
RSSI: -89 [da:3b:3c:12:07:4e]
RSSI: -72 [da:38:33:10:0b:1a]
RSSI: -88 [da:3d:d6:0b:01:3c]
RSSI: -73 [da:38:33:1d:0b:3a]
RSSI: -72 [da:38:33:1d:0b:3a]
RSSI: -74 [da:38:33:2a:0b:5a]
RSSI: -75 [da:38:33:2a:0b:5a]
RSSI: -74 [da:38:33:37:0b:8a]
RSSI: -76 [da:38:33:37:0b:8a]
RSSI: -89 [da:3b:3c:3b:07:be]
RSSI: -77 [da:38:33:44:0b:aa]
RSSI: -75 [da:38:33:44:0b:aa]
RSSI: -78 [da:38:33:51:0b:ca]
RSSI: -78 [da:38:33:51:0b:ca]
RSSI: -78 [da:38:33:51:0b:ca]
RSSI: -77 [da:38:33:5d:0b:fa]
RSSI: -79 [da:38:33:5d:0b:fa]
RSSI: -78 [da:38:33:6a:0c:1a]
RSSI: -76 [da:38:33:6a:0c:1a]
RSSI: -80 [da:38:33:77:0c:4a]
RSSI: -79 [da:38:33:77:0c:4a]
RSSI: -81 [da:38:33:84:0c:6a]
RSSI: -80 [da:38:33:91:0c:8a]
RSSI: -78 [da:38:33:91:0c:8a]
RSSI: -80 [da:38:33:9e:0c:ba]
RSSI: -83 [da:38:33:9e:0c:ba]
RSSI: -81 [da:38:33:aa:0c:da]
RSSI: -81 [da:38:33:aa:0c:da]
RSSI: -85 [da:38:33:b7:0c:fa]
RSSI: -84 [da:38:33:b7:0c:fa]
RSSI: -84 [da:38:33:c4:0d:2a]
RSSI: -86 [da:3d:d6:d9:03:cc]
RSSI: -88 [da:38:33:de:0d:7a]
RSSI: -87 [da:38:33:eb:0d:9a]
RSSI: -96 [da:3b:3d:0a:0a:0e]
RSSI: -85 [da:38:34:05:0d:ea]
RSSI: -89 [da:36:50:06:07:eb]
RSSI: -84 [da:38:34:2b:0e:5a]
RSSI: -82 [da:38:34:2b:0e:5a]
RSSI: -81 [da:38:34:2b:0e:5a]
RSSI: -85 [da:38:34:38:0e:7a]
RSSI: -87 [da:38:34:45:0e:9a]
RSSI: -81 [da:38:34:52:0e:ca]
RSSI: -85 [da:38:34:5f:0e:ea]
RSSI: -86 [da:3b:3d:5d:0a:fe]
RSSI: -89 [da:36:50:5d:08:eb]
RSSI: -86 [da:3b:3d:6a:0b:1e]
RSSI: -85 [da:38:34:6c:0f:0a]
RSSI: -79 [da:38:34:79:0f:3a]
RSSI: -86 [da:3b:3d:78:0b:4e]
RSSI: -84 [da:38:34:86:0f:5a]
RSSI: -86 [da:3b:3d:86:0b:6e]
RSSI: -83 [da:38:34:86:0f:5a]
RSSI: -89 [da:36:50:88:09:7b]
RSSI: -86 [da:3b:3d:93:0b:8e]
RSSI: -87 [da:3b:3d:93:0b:8e]
RSSI: -87 [da:3b:3d:a1:0b:be]
RSSI: -86 [da:38:34:ad:0f:ca]
RSSI: -88 [da:3d:d7:a5:06:3c]
RSSI: -85 [da:3b:3d:bc:0c:0e]
RSSI: -89 [da:36:50:b4:09:fb]
RSSI: -85 [da:38:34:b9:0f:ea]
RSSI: -87 [da:3b:3d:bc:0c:0e]
RSSI: -89 [da:36:50:b4:09:fb]
RSSI: -80 [da:38:34:c6:10:1a]
RSSI: -82 [da:3b:3d:cb:0c:2e]
RSSI: -82 [da:38:34:d3:10:3a]
RSSI: -87 [da:3d:d7:c1:06:9c]
RSSI: -82 [da:38:34:d3:10:3a]
RSSI: -83 [da:3b:3d:d9:0c:5e]
RSSI: -81 [da:38:34:e0:10:5a]
RSSI: -88 [da:3d:d7:e1:06:fc]
RSSI: -78 [da:3b:3d:f4:0c:ae]
RSSI: -92 [da:36:50:ec:0a:9b]
RSSI: -80 [da:38:34:fa:10:aa]
RSSI: -78 [da:3b:3d:f4:0c:ae]
RSSI: -77 [da:3b:3e:03:0c:ce]
RSSI: -80 [da:38:35:07:10:ca]
RSSI: -77 [da:3b:3e:03:0c:ce]
RSSI: -80 [da:38:35:07:10:ca]
RSSI: -77 [da:3b:3e:0f:0c:ee]
RSSI: -76 [da:3b:3e:0f:0c:ee]
RSSI: -76 [da:3b:3e:1e:0d:1e]
RSSI: -80 [da:38:35:21:11:1a]
RSSI: -77 [da:3b:3e:1e:0d:1e]
RSSI: -79 [da:38:35:2e:11:3a]
RSSI: -76 [da:3b:3e:2c:0d:4e]
RSSI: -79 [da:38:35:2e:11:3a]
RSSI: -73 [da:3b:3e:39:0d:6e]
RSSI: -78 [da:38:35:3b:11:6a]
RSSI: -75 [da:3b:3e:47:0d:8e]
RSSI: -78 [da:38:35:48:11:8a]
RSSI: -76 [da:3b:3e:47:0d:8e]
RSSI: -73 [da:3b:3e:47:0d:8e]
RSSI: -77 [da:38:35:54:11:aa]
RSSI: -75 [da:3b:3e:56:0d:be]
RSSI: -78 [da:38:35:54:11:aa]
RSSI: -75 [da:3b:3e:56:0d:be]
RSSI: -78 [da:38:35:62:11:da]
RSSI: -73 [da:3b:3e:62:0d:de]
RSSI: -77 [da:38:35:62:11:da]
RSSI: -74 [da:3b:3e:62:0d:de]
RSSI: -79 [da:38:35:6f:11:fa]
RSSI: -73 [da:3b:3e:71:0e:0e]
RSSI: -79 [da:38:35:7b:12:1a]
RSSI: -74 [da:3b:3e:7f:0e:2e]
RSSI: -79 [da:38:35:7b:12:1a]
RSSI: -76 [da:3b:3e:7f:0e:2e]
RSSI: -79 [da:38:35:88:12:4a]
RSSI: -74 [da:3b:3e:8c:0e:5e]
RSSI: -75 [da:3b:3e:8c:0e:5e]
RSSI: -80 [da:38:35:95:12:6a]
RSSI: -74 [da:3b:3e:9b:0e:7e]
RSSI: -92 [da:3d:d8:91:09:2c]
RSSI: -75 [da:3b:3e:9b:0e:7e]
RSSI: -76 [da:3b:3e:a9:0e:ae]
RSSI: -81 [da:38:35:a2:12:8a]
RSSI: -76 [da:3b:3e:a9:0e:ae]
RSSI: -79 [da:38:35:af:12:ba]
RSSI: -89 [da:36:51:a9:0c:db]
RSSI: -75 [da:3b:3e:b6:0e:ce]
RSSI: -81 [da:38:35:bc:12:da]
RSSI: -77 [da:3b:3e:b6:0e:ce]
RSSI: -89 [da:3d:d8:ad:09:8c]
RSSI: -81 [da:38:35:bc:12:da]
RSSI: -76 [da:3b:3e:c4:0e:fe]
RSSI: -82 [da:38:35:c9:12:fa]
RSSI: -77 [da:3b:3e:d3:0f:1e]
RSSI: -81 [da:38:35:d6:13:2a]
RSSI: -85 [da:3d:d8:ca:09:ec]
RSSI: -77 [da:3b:3e:d3:0f:1e]
RSSI: -84 [da:38:35:d6:13:2a]
RSSI: -85 [da:38:35:e3:13:4a]
RSSI: -87 [da:3d:d8:d9:0a:1c]
RSSI: -85 [da:38:35:f0:13:6a]
RSSI: -81 [da:3b:3e:ee:0f:6e]
RSSI: -84 [da:38:35:f0:13:6a]
RSSI: -82 [da:3b:3e:ee:0f:6e]
RSSI: -83 [da:3b:3e:fc:0f:9e]
RSSI: -85 [da:38:35:fd:13:9a]
RSSI: -83 [da:3b:3e:fc:0f:9e]
RSSI: -86 [da:38:36:0a:13:ba]
RSSI: -85 [da:3b:3f:17:0f:de]
RSSI: -91 [da:36:52:32:0e:6b]
RSSI: -88 [da:38:36:3e:14:4a]
RSSI: -88 [da:3b:3f:41:10:5e]
RSSI: -88 [da:36:52:42:0e:9b]
RSSI: -85 [da:3b:3f:4f:10:7e]
RSSI: -91 [da:36:52:42:0e:9b]
RSSI: -85 [da:3b:3f:4f:10:7e]
RSSI: -86 [da:36:52:4f:0e:cb]
RSSI: -87 [da:38:36:58:14:9a]
RSSI: -85 [da:3b:3f:5c:10:ae]
RSSI: -84 [da:3b:3f:5c:10:ae]
RSSI: -85 [da:36:52:5e:0e:fb]
RSSI: -86 [da:36:52:5e:0e:fb]
RSSI: -83 [da:36:52:6e:0f:2b]
RSSI: -85 [da:3b:3f:79:10:fe]
RSSI: -86 [da:38:36:7f:15:0a]
RSSI: -86 [da:3b:3f:86:11:1e]
RSSI: -87 [da:36:52:8a:0f:7b]
RSSI: -86 [da:36:52:8a:0f:7b]
RSSI: -87 [da:3b:3f:94:11:4e]
RSSI: -86 [da:3b:3f:a3:11:6e]
RSSI: -86 [da:36:52:99:0f:ab]
RSSI: -86 [da:3b:3f:a3:11:6e]
RSSI: -88 [da:38:36:a6:15:7a]
RSSI: -89 [da:3d:d9:99:0c:7c]
RSSI: -86 [da:36:52:b5:0f:fb]
RSSI: -86 [da:3b:3f:cc:11:ee]
RSSI: -87 [da:38:36:e7:16:3a]
RSSI: -88 [da:3b:3f:e8:12:2e]
RSSI: -84 [da:3d:d9:e2:0d:5c]
RSSI: -89 [da:3b:3f:f6:12:5e]
RSSI: -88 [da:3b:3f:f6:12:5e]
RSSI: -87 [da:3b:40:03:12:7e]
RSSI: -80 [da:36:52:fd:10:db]
RSSI: -89 [da:3b:40:03:12:7e]
RSSI: -84 [da:36:52:fd:10:db]
RSSI: -87 [da:3b:40:11:12:ae]
RSSI: -86 [da:3b:40:11:12:ae]
RSSI: -86 [da:38:37:0e:00:4a]
RSSI: -84 [da:36:53:0d:10:fb]
RSSI: -87 [da:3b:40:11:12:ae]
RSSI: -84 [da:3d:da:0e:0d:ec]
RSSI: -81 [da:36:53:0d:10:fb]
RSSI: -84 [da:3d:da:0e:0d:ec]
RSSI: -88 [da:3b:40:20:12:ce]
RSSI: -83 [da:36:53:1c:11:2b]
RSSI: -88 [da:3b:40:2c:12:fe]
RSSI: -86 [da:36:53:29:11:5b]
RSSI: -87 [da:36:53:29:11:5b]
RSSI: -89 [da:3b:40:3b:13:1e]
RSSI: -83 [da:3d:da:2a:0e:4c]
RSSI: -87 [da:36:53:38:11:8b]
RSSI: -90 [da:38:37:42:00:da]
RSSI: -86 [da:3d:da:3a:0e:7c]
RSSI: -84 [da:36:53:38:11:8b]
RSSI: -84 [da:3d:da:3a:0e:7c]
RSSI: -84 [da:36:53:48:11:bb]
RSSI: -83 [da:3d:da:4a:0e:ac]
RSSI: -93 [da:36:53:64:12:0b]
RSSI: -88 [da:3b:40:73:13:be]
RSSI: -90 [da:36:53:64:12:0b]
RSSI: -89 [da:3b:40:73:13:be]
RSSI: -88 [da:3b:40:80:13:de]
RSSI: -83 [da:3d:da:76:0f:3c]
RSSI: -90 [da:3b:40:80:13:de]
RSSI: -89 [da:38:37:90:01:ca]
RSSI: -80 [da:3d:da:83:0f:5c]
RSSI: -82 [da:3d:da:83:0f:5c]
RSSI: -87 [da:3d:da:a2:0f:bc]
RSSI: -83 [da:3d:da:a2:0f:bc]
RSSI: -87 [da:38:37:aa:02:0a]
RSSI: -83 [da:38:37:b7:02:2a]
RSSI: -86 [da:36:53:ac:12:db]
RSSI: -89 [da:36:53:cb:13:3b]
RSSI: -90 [da:3b:40:d3:14:ce]
RSSI: -81 [da:38:37:de:02:9a]
RSSI: -91 [da:38:37:de:02:9a]
RSSI: -92 [da:3b:40:e2:14:ee]
RSSI: -90 [da:36:53:d8:13:5b]
RSSI: -77 [da:3d:da:fb:10:dc]
RSSI: -88 [da:36:54:04:13:db]
RSSI: -83 [da:36:54:13:14:0b]
RSSI: -75 [da:3d:db:18:11:3c]
RSSI: -88 [da:3b:41:27:15:ae]
RSSI: -74 [da:3d:db:18:11:3c]
RSSI: -73 [da:3d:db:27:11:6c]
RSSI: -72 [da:3d:db:27:11:6c]
RSSI: -82 [da:38:38:39:03:9a]
RSSI: -84 [da:36:54:2f:14:5b]
RSSI: -71 [da:3d:db:34:11:8c]
RSSI: -71 [da:3d:db:34:11:8c]
RSSI: -72 [da:3d:db:44:11:bc]
RSSI: -84 [da:36:54:4f:14:bb]
RSSI: -70 [da:3d:db:44:11:bc]
RSSI: -83 [da:36:54:4f:14:bb]
RSSI: -70 [da:3d:db:54:11:fc]
RSSI: -70 [da:3d:db:54:11:fc]
RSSI: -82 [da:38:38:60:04:0a]
RSSI: -85 [da:36:54:5b:14:db]
RSSI: -70 [da:3d:db:60:12:1c]
RSSI: -85 [da:36:54:6b:15:0b]
RSSI: -85 [da:38:38:7b:04:5a]
RSSI: -70 [da:3d:db:70:12:4c]
RSSI: -70 [da:3d:db:70:12:4c]
RSSI: -81 [da:36:54:7a:15:3b]
RSSI: -72 [da:3d:db:80:12:7c]
RSSI: -80 [da:38:38:87:04:7a]
RSSI: -72 [da:3d:db:80:12:7c]
RSSI: -84 [da:36:54:87:15:5b]
RSSI: -72 [da:3d:db:8c:12:ac]
RSSI: -83 [da:38:38:a2:04:ca]
RSSI: -78 [da:36:54:a6:15:bb]
RSSI: -75 [da:3d:db:9c:12:dc]
RSSI: -78 [da:36:54:a6:15:bb]
RSSI: -83 [da:38:38:ae:04:ea]
RSSI: -75 [da:3d:db:ac:13:0c]
RSSI: -83 [da:38:38:bc:05:1a]
RSSI: -74 [da:3d:db:ac:13:0c]
RSSI: -82 [da:38:38:bc:05:1a]
RSSI: -76 [da:36:54:b3:15:db]
RSSI: -75 [da:36:54:c3:16:0b]
RSSI: -75 [da:36:54:d2:16:3b]
RSSI: -75 [da:36:54:d2:16:3b]
RSSI: -85 [da:3d:db:d9:13:9c]
RSSI: -82 [da:38:38:e3:05:8a]
RSSI: -85 [da:3d:db:d9:13:9c]
RSSI: -81 [da:38:38:e3:05:8a]
RSSI: -74 [da:36:54:df:16:5b]
RSSI: -75 [da:36:54:df:16:5b]
RSSI: -84 [da:38:38:f0:05:aa]
RSSI: -84 [da:38:38:f0:05:aa]
RSSI: -74 [da:36:54:ee:00:0b]
RSSI: -81 [da:38:38:fd:05:ca]
RSSI: -85 [da:38:38:fd:05:ca]
RSSI: -74 [da:36:54:fe:00:2b]
RSSI: -74 [da:36:54:fe:00:2b]
RSSI: -83 [da:38:39:0a:05:fa]
RSSI: -74 [da:36:54:fe:00:2b]
RSSI: -82 [da:38:39:0a:05:fa]
RSSI: -85 [da:3d:dc:05:14:1c]
RSSI: -84 [da:38:39:17:06:1a]
RSSI: -73 [da:36:55:0b:00:5b]
RSSI: -83 [da:38:39:17:06:1a]
RSSI: -74 [da:36:55:0b:00:5b]
RSSI: -84 [da:38:39:24:06:3a]
RSSI: -84 [da:38:39:24:06:3a]
RSSI: -73 [da:36:55:1a:00:8b]
RSSI: -83 [da:38:39:24:06:3a]
RSSI: -83 [da:3d:dc:21:14:7c]
RSSI: -84 [da:38:39:31:06:6a]
RSSI: -74 [da:36:55:2a:00:bb]
RSSI: -74 [da:36:55:2a:00:bb]
RSSI: -85 [da:38:39:31:06:6a]
RSSI: -74 [da:36:55:2a:00:bb]
RSSI: -82 [da:38:39:3f:06:8a]
RSSI: -84 [da:3d:dc:31:14:ac]
RSSI: -84 [da:38:39:3f:06:8a]
RSSI: -73 [da:36:55:37:00:db]
RSSI: -83 [da:38:39:4b:06:aa]
RSSI: -74 [da:36:55:46:01:0b]
RSSI: -74 [da:36:55:46:01:0b]
RSSI: -86 [da:38:39:59:06:da]
RSSI: -88 [da:3d:dc:4e:15:0c]
RSSI: -75 [da:36:55:56:01:3b]
RSSI: -75 [da:36:55:56:01:3b]
RSSI: -83 [da:38:39:66:06:fa]
RSSI: -75 [da:36:55:56:01:3b]
RSSI: -86 [da:38:39:66:06:fa]
RSSI: -76 [da:36:55:62:01:5b]
RSSI: -82 [da:38:39:72:07:2a]
RSSI: -76 [da:36:55:72:01:8b]
RSSI: -77 [da:36:55:72:01:8b]
RSSI: -77 [da:36:55:82:01:bb]
RSSI: -76 [da:36:55:82:01:bb]
RSSI: -78 [da:36:55:82:01:bb]
RSSI: -78 [da:36:55:82:01:bb]
RSSI: -87 [da:38:39:9a:07:9a]
RSSI: -78 [da:36:55:8e:01:db]
RSSI: -86 [da:38:39:9a:07:9a]
RSSI: -91 [da:3d:dc:97:15:ec]
RSSI: -81 [da:36:55:9e:02:0b]
RSSI: -81 [da:36:55:9e:02:0b]
RSSI: -82 [da:36:55:ae:02:3b]
RSSI: -86 [da:38:39:c1:08:0a]
RSSI: -84 [da:36:55:ba:02:6b]
RSSI: -88 [da:38:39:c1:08:0a]
RSSI: -86 [da:36:55:ba:02:6b]
RSSI: -90 [da:3d:dc:c3:16:7c]
RSSI: -85 [da:38:39:ce:08:2a]
RSSI: -87 [da:38:39:dc:08:4a]
RSSI: -87 [da:36:55:da:02:bb]
RSSI: -88 [da:3d:dc:d3:00:3c]
RSSI: -87 [da:36:55:da:02:bb]
RSSI: -87 [da:36:55:da:02:bb]
RSSI: -81 [da:38:39:e8:08:7a]
RSSI: -82 [da:38:39:e8:08:7a]
RSSI: -87 [da:36:55:e6:02:eb]
RSSI: -81 [da:38:39:f6:08:9a]
RSSI: -84 [da:36:55:e6:02:eb]
RSSI: -81 [da:38:39:f6:08:9a]
RSSI: -80 [da:38:3a:03:08:ba]
RSSI: -87 [da:36:55:f6:03:1b]
RSSI: -80 [da:38:3a:03:08:ba]
RSSI: -80 [da:38:3a:03:08:ba]
RSSI: -78 [da:38:3a:10:08:ea]
RSSI: -78 [da:38:3a:10:08:ea]
RSSI: -86 [da:36:56:06:03:3b]
RSSI: -90 [da:3b:43:12:04:ce]
RSSI: -78 [da:38:3a:10:08:ea]
RSSI: -87 [da:3d:dd:0f:00:ec]
RSSI: -78 [da:38:3a:1d:09:0a]
RSSI: -77 [da:38:3a:2a:09:3a]
RSSI: -77 [da:38:3a:2a:09:3a]
RSSI: -88 [da:3b:43:2d:05:1e]
RSSI: -89 [da:3b:43:2d:05:1e]
RSSI: -76 [da:38:3a:37:09:5a]
RSSI: -86 [da:36:56:32:03:cb]
RSSI: -76 [da:38:3a:37:09:5a]
RSSI: -87 [da:3b:43:3c:05:3e]
RSSI: -76 [da:38:3a:44:09:7a]
RSSI: -88 [da:3b:43:48:05:6e]
RSSI: -76 [da:38:3a:52:09:aa]
RSSI: -88 [da:3b:43:48:05:6e]
RSSI: -76 [da:38:3a:52:09:aa]
RSSI: -74 [da:38:3a:5e:09:ca]
RSSI: -77 [da:38:3a:5e:09:ca]
RSSI: -75 [da:38:3a:6c:09:ea]
RSSI: -77 [da:38:3a:79:0a:1a]
RSSI: -75 [da:38:3a:86:0a:3a]
RSSI: -76 [da:38:3a:86:0a:3a]
RSSI: -75 [da:38:3a:86:0a:3a]
RSSI: -75 [da:38:3a:93:0a:6a]
RSSI: -77 [da:38:3a:a0:0a:8a]
RSSI: -86 [da:3d:dd:a1:02:bc]
RSSI: -76 [da:38:3a:ad:0a:aa]
RSSI: -76 [da:38:3a:c0:0a:ea]
RSSI: -85 [da:3d:dd:b1:02:ec]
RSSI: -78 [da:38:3a:d0:0b:0a]
RSSI: -89 [da:3b:43:d5:06:fe]
RSSI: -78 [da:38:3a:d0:0b:0a]
RSSI: -86 [da:3d:dd:ce:03:4c]
RSSI: -77 [da:38:3a:dd:0b:3a]
RSSI: -86 [da:3d:dd:ce:03:4c]
RSSI: -79 [da:38:3a:dd:0b:3a]
RSSI: -92 [da:3b:43:e4:07:1e]
RSSI: -81 [da:38:3a:ea:0b:5a]
RSSI: -84 [da:3d:dd:de:03:7c]
RSSI: -80 [da:38:3a:ea:0b:5a]
RSSI: -81 [da:3d:dd:de:03:7c]
RSSI: -81 [da:38:3a:f7:0b:7a]
RSSI: -81 [da:3d:dd:ee:03:ac]
RSSI: -84 [da:38:3b:04:0b:aa]
RSSI: -84 [da:3d:dd:fa:03:dc]
RSSI: -81 [da:3d:dd:fa:03:dc]
RSSI: -86 [da:36:56:fe:06:2b]
RSSI: -84 [da:38:3b:12:0b:ca]
RSSI: -87 [da:36:57:0e:06:5b]
RSSI: -81 [da:38:3b:12:0b:ca]
RSSI: -84 [da:3d:de:0a:04:0c]
RSSI: -83 [da:38:3b:1f:0b:fa]
RSSI: -83 [da:38:3b:1f:0b:fa]
RSSI: -84 [da:3d:de:1a:04:3c]
RSSI: -83 [da:38:3b:2c:0c:1a]
RSSI: -86 [da:3d:de:27:04:5c]
RSSI: -88 [da:36:57:2a:06:ab]
RSSI: -81 [da:38:3b:39:0c:3a]
RSSI: -84 [da:38:3b:46:0c:6a]
RSSI: -83 [da:38:3b:46:0c:6a]
RSSI: -91 [da:36:57:56:07:2b]
RSSI: -86 [da:38:3b:6e:0c:da]
RSSI: -84 [da:3d:de:64:05:1c]
RSSI: -88 [da:36:57:73:07:7b]
RSSI: -85 [da:3d:de:90:05:ac]
RSSI: -87 [da:38:3b:af:0d:9a]
RSSI: -83 [da:3d:de:ad:06:0c]
RSSI: -85 [da:38:3b:bd:0d:ba]
RSSI: -82 [da:3d:de:bd:06:3c]
RSSI: -83 [da:3d:de:bd:06:3c]
RSSI: -84 [da:3d:de:cd:06:6c]
RSSI: -85 [da:38:3b:d7:0e:0a]
RSSI: -87 [da:38:3b:d7:0e:0a]
RSSI: -92 [da:3b:44:d9:09:de]
RSSI: -86 [da:36:57:db:08:bb]
RSSI: -83 [da:38:3b:e4:0e:2a]
RSSI: -81 [da:3d:de:e9:06:cc]
RSSI: -86 [da:3d:de:e9:06:cc]
RSSI: -83 [da:3d:de:f9:06:fc]
RSSI: -91 [da:38:3b:ff:0e:7a]
RSSI: -85 [da:36:57:f7:09:0b]
RSSI: -83 [da:3d:de:f9:06:fc]
RSSI: -90 [da:36:57:f7:09:0b]
RSSI: -82 [da:3d:de:f9:06:fc]
RSSI: -84 [da:38:3c:0c:0e:9a]
RSSI: -84 [da:3d:df:06:07:1c]
RSSI: -90 [da:38:3c:19:0e:ca]
RSSI: -88 [da:36:58:17:09:6b]
RSSI: -87 [da:3d:df:16:07:5c]
RSSI: -86 [da:36:58:17:09:6b]
RSSI: -85 [da:3d:df:16:07:5c]
RSSI: -84 [da:3d:df:26:07:8c]
RSSI: -85 [da:3d:df:33:07:ac]
RSSI: -88 [da:3b:45:49:0b:1e]
RSSI: -86 [da:3b:45:49:0b:1e]
RSSI: -85 [da:3d:df:53:08:0c]
RSSI: -82 [da:3d:df:5f:08:3c]
RSSI: -91 [da:3b:45:82:0b:be]
RSSI: -87 [da:38:3c:8f:10:1a]
RSSI: -89 [da:38:3c:9d:10:4a]
RSSI: -86 [da:3b:45:9d:0c:0e]
RSSI: -84 [da:3b:45:ac:0c:3e]
RSSI: -82 [da:3b:45:ac:0c:3e]
RSSI: -83 [da:3d:df:ac:09:2c]
RSSI: -88 [da:38:3c:b7:10:8a]
RSSI: -84 [da:3d:df:ac:09:2c]
RSSI: -87 [da:38:3c:b7:10:8a]
RSSI: -83 [da:3b:45:bb:0c:5e]
RSSI: -89 [da:38:3c:c4:10:ba]
RSSI: -82 [da:3d:df:b9:09:5c]
RSSI: -81 [da:3b:45:c7:0c:7e]
RSSI: -88 [da:38:3c:c4:10:ba]
RSSI: -82 [da:3d:df:b9:09:5c]
RSSI: -80 [da:3b:45:c7:0c:7e]
RSSI: -87 [da:38:3c:d2:10:da]
RSSI: -79 [da:3b:45:d6:0c:ae]
RSSI: -83 [da:3d:df:c9:09:8c]
RSSI: -87 [da:38:3c:d2:10:da]
RSSI: -79 [da:3b:45:d6:0c:ae]
RSSI: -81 [da:3d:df:c9:09:8c]
RSSI: -81 [da:3d:df:d9:09:bc]
RSSI: -78 [da:3b:45:e5:0c:de]
RSSI: -84 [da:3d:df:d9:09:bc]
RSSI: -87 [da:38:3c:ec:11:2a]
RSSI: -82 [da:3d:df:e6:09:ec]
RSSI: -77 [da:3b:45:f2:0c:fe]
RSSI: -84 [da:3d:df:f6:0a:1c]
RSSI: -77 [da:3b:46:01:0d:2e]
RSSI: -85 [da:38:3d:06:11:7a]
RSSI: -76 [da:3b:46:0f:0d:4e]
RSSI: -85 [da:3d:e0:06:0a:4c]
RSSI: -75 [da:3b:46:1c:0d:7e]
RSSI: -85 [da:38:3d:21:11:ba]
RSSI: -76 [da:3b:46:1c:0d:7e]
RSSI: -91 [da:36:59:20:0c:8b]
RSSI: -86 [da:38:3d:2e:11:ea]
RSSI: -75 [da:3b:46:2b:0d:9e]
RSSI: -85 [da:38:3d:2e:11:ea]
RSSI: -84 [da:3d:e0:22:0a:ac]
RSSI: -76 [da:3b:46:3a:0d:ce]
RSSI: -76 [da:3b:46:3a:0d:ce]
RSSI: -85 [da:3d:e0:32:0a:dc]
RSSI: -76 [da:3b:46:46:0d:ee]
RSSI: -86 [da:3d:e0:3f:0a:fc]
RSSI: -88 [da:3d:e0:3f:0a:fc]
RSSI: -90 [da:36:59:3d:0c:db]
RSSI: -76 [da:3b:46:46:0d:ee]
RSSI: -87 [da:3d:e0:3f:0a:fc]
RSSI: -84 [da:38:3d:55:12:5a]
RSSI: -76 [da:3b:46:55:0e:1e]
RSSI: -86 [da:38:3d:55:12:5a]
RSSI: -76 [da:3b:46:55:0e:1e]
RSSI: -75 [da:3b:46:71:0e:6e]
RSSI: -77 [da:3b:46:71:0e:6e]
RSSI: -85 [da:38:3d:7d:12:ca]
RSSI: -76 [da:3b:46:80:0e:8e]
RSSI: -78 [da:3b:46:80:0e:8e]
RSSI: -90 [da:38:3d:8b:12:ea]
RSSI: -79 [da:3b:46:9b:0e:de]
RSSI: -77 [da:3b:46:9b:0e:de]
RSSI: -78 [da:3b:46:aa:0f:0e]
RSSI: -80 [da:3b:46:aa:0f:0e]
RSSI: -90 [da:38:3d:b2:13:5a]
RSSI: -89 [da:3d:e0:a9:0c:4c]
RSSI: -78 [da:3b:46:b9:0f:2e]
RSSI: -84 [da:3b:46:c5:0f:5e]
RSSI: -83 [da:3b:46:d4:0f:7e]
RSSI: -88 [da:3b:46:d4:0f:7e]
RSSI: -82 [da:3b:46:e3:0f:ae]
RSSI: -86 [da:3b:46:e3:0f:ae]
RSSI: -84 [da:3b:46:f0:0f:ce]
RSSI: -92 [da:3b:46:ff:0f:fe]
RSSI: -87 [da:36:59:fe:0f:1b]
RSSI: -84 [da:3d:e1:02:0d:6c]
RSSI: -86 [da:3b:47:1a:10:4e]
RSSI: -86 [da:3d:e1:12:0d:9c]
RSSI: -86 [da:3b:47:1a:10:4e]
RSSI: -86 [da:3d:e1:12:0d:9c]
RSSI: -83 [da:3b:47:38:10:9e]
RSSI: -84 [da:3d:e1:2f:0d:fc]
RSSI: -87 [da:3d:e1:3f:0e:2c]
RSSI: -83 [da:3d:e1:4c:0e:5c]
RSSI: -84 [da:3d:e1:4c:0e:5c]
RSSI: -87 [da:3b:47:54:10:ee]
RSSI: -85 [da:3d:e1:4c:0e:5c]
RSSI: -87 [da:3b:47:62:11:0e]
RSSI: -88 [da:3d:e1:5c:0e:8c]
RSSI: -87 [da:3b:47:7e:11:5e]
RSSI: -87 [da:36:5a:73:10:7b]
RSSI: -88 [da:3b:47:7e:11:5e]
RSSI: -86 [da:3b:47:8d:11:8e]
RSSI: -82 [da:3d:e1:89:0f:1c]
RSSI: -86 [da:3b:47:9a:11:ae]
RSSI: -86 [da:3b:47:9a:11:ae]
RSSI: -85 [da:3b:47:9a:11:ae]
RSSI: -80 [da:3d:e1:99:0f:4c]
RSSI: -85 [da:36:5a:9f:11:0b]
RSSI: -80 [da:3d:e1:99:0f:4c]
RSSI: -87 [da:3b:47:a9:11:de]
RSSI: -88 [da:36:5a:9f:11:0b]
RSSI: -87 [da:3b:47:b7:12:0e]
RSSI: -89 [da:36:5a:af:11:3b]
RSSI: -81 [da:3d:e1:a6:0f:7c]
RSSI: -80 [da:3d:e1:b6:0f:ac]
RSSI: -81 [da:3d:e1:c6:0f:dc]
RSSI: -81 [da:3d:e1:c6:0f:dc]
RSSI: -89 [da:36:5a:cc:11:8b]
RSSI: -89 [da:3b:47:ee:12:9e]
RSSI: -91 [da:3d:e1:e3:10:3c]
RSSI: -79 [da:3d:e1:f3:10:6c]
RSSI: -78 [da:3d:e1:f3:10:6c]
RSSI: -74 [da:3d:e2:08:10:ac]
RSSI: -72 [da:3d:e2:18:10:dc]
RSSI: -71 [da:3d:e2:28:11:1c]
RSSI: -72 [da:3d:e2:28:11:1c]
RSSI: -70 [da:3d:e2:35:11:3c]
RSSI: -70 [da:3d:e2:45:11:6c]
RSSI: -69 [da:3d:e2:45:11:6c]
RSSI: -87 [da:38:3f:5b:02:1a]
RSSI: -86 [da:38:3f:5b:02:1a]
RSSI: -91 [da:3b:48:61:13:ee]
RSSI: -73 [da:3d:e2:62:11:cc]
RSSI: -73 [da:3d:e2:62:11:cc]
RSSI: -69 [da:3d:e2:6e:11:ec]
RSSI: -70 [da:3d:e2:6e:11:ec]
RSSI: -84 [da:38:3f:82:02:8a]
RSSI: -93 [da:3b:48:7d:14:2e]
RSSI: -70 [da:3d:e2:7b:12:1c]
RSSI: -71 [da:3d:e2:88:12:3c]
RSSI: -85 [da:38:3f:90:02:ba]
RSSI: -74 [da:3d:e2:88:12:3c]
RSSI: -72 [da:3d:e2:94:12:5c]
RSSI: -72 [da:3d:e2:94:12:5c]
RSSI: -91 [da:3b:48:b6:14:de]
RSSI: -75 [da:3d:e2:ae:12:ac]
RSSI: -76 [da:3d:e2:ae:12:ac]
RSSI: -82 [da:38:3f:b8:03:2a]
RSSI: -76 [da:3d:e2:ba:12:dc]
RSSI: -76 [da:3d:e2:ba:12:dc]
RSSI: -80 [da:3d:e2:c7:12:fc]
RSSI: -77 [da:3d:e2:c7:12:fc]
RSSI: -91 [da:38:3f:d2:03:6a]
RSSI: -78 [da:3d:e2:c7:12:fc]
RSSI: -79 [da:3d:e2:d4:13:2c]
RSSI: -80 [da:3d:e2:e1:13:4c]
RSSI: -90 [da:36:5b:e7:14:db]
RSSI: -88 [da:3d:e2:ed:13:7c]
RSSI: -89 [da:38:40:08:04:0a]
RSSI: -86 [da:3d:e2:fa:13:9c]
RSSI: -86 [da:36:5c:03:15:2b]
RSSI: -87 [da:3d:e3:07:13:cc]
RSSI: -85 [da:3d:e3:13:13:fc]
RSSI: -86 [da:36:5c:20:15:7b]
RSSI: -86 [da:3d:e3:20:14:1c]
RSSI: -92 [da:36:5c:30:15:ab]
RSSI: -86 [da:3d:e3:39:14:6c]
RSSI: -83 [da:36:5c:40:15:db]
RSSI: -90 [da:3d:e3:39:14:6c]
RSSI: -86 [da:36:5c:40:15:db]
RSSI: -89 [da:36:5c:4c:15:fb]
RSSI: -81 [da:36:5c:4c:15:fb]
RSSI: -82 [da:36:5c:4c:15:fb]
RSSI: -84 [da:36:5c:5c:16:2b]
RSSI: -87 [da:3d:e3:6c:15:0c]
RSSI: -80 [da:36:5c:79:00:0b]
RSSI: -81 [da:36:5c:79:00:0b]
RSSI: -87 [da:3d:e3:86:15:5c]
RSSI: -80 [da:36:5c:89:00:3b]
RSSI: -79 [da:36:5c:89:00:3b]
RSSI: -87 [da:3d:e3:92:15:8c]
RSSI: -80 [da:36:5c:99:00:5b]
RSSI: -78 [da:36:5c:a5:00:8b]
RSSI: -89 [da:38:40:b6:05:fa]
RSSI: -89 [da:3d:e3:b9:15:fc]
RSSI: -78 [da:36:5c:b5:00:bb]
RSSI: -88 [da:3d:e3:b9:15:fc]
RSSI: -83 [da:3d:e3:b9:15:fc]
RSSI: -89 [da:38:40:d0:06:4a]
RSSI: -79 [da:36:5c:c5:00:eb]
RSSI: -84 [da:3d:e3:d2:16:4c]
RSSI: -79 [da:36:5c:d2:01:0b]
RSSI: -92 [da:38:40:ea:06:8a]
RSSI: -79 [da:36:5c:e2:01:3b]
RSSI: -88 [da:38:40:f8:06:ba]
RSSI: -79 [da:36:5c:f2:01:6b]
RSSI: -87 [da:38:40:f8:06:ba]
RSSI: -79 [da:36:5c:ff:01:8b]
RSSI: -87 [da:38:41:06:06:da]
RSSI: -88 [da:3d:e4:05:00:4c]
RSSI: -89 [da:3d:e4:05:00:4c]
RSSI: -80 [da:36:5d:0f:01:bb]
RSSI: -84 [da:38:41:20:07:2a]
RSSI: -86 [da:3d:e4:1e:00:9c]
RSSI: -82 [da:36:5d:1f:01:eb]
RSSI: -89 [da:3d:e4:1e:00:9c]
RSSI: -83 [da:36:5d:2b:02:0b]
RSSI: -83 [da:36:5d:2b:02:0b]
RSSI: -90 [da:38:41:3b:07:7a]
RSSI: -86 [da:38:41:48:07:9a]
RSSI: -84 [da:36:5d:3c:02:3b]
RSSI: -87 [da:3d:e4:38:00:fc]
RSSI: -86 [da:38:41:48:07:9a]
RSSI: -86 [da:3d:e4:45:01:1c]
RSSI: -84 [da:38:41:56:07:ca]
RSSI: -83 [da:38:41:63:07:ea]
RSSI: -90 [da:36:5d:58:02:8b]
RSSI: -87 [da:38:41:70:08:0a]
RSSI: -86 [da:3d:e4:6b:01:9c]
RSSI: -90 [da:3d:e4:6b:01:9c]
RSSI: -82 [da:38:41:7e:08:3a]
RSSI: -88 [da:3d:e4:78:01:bc]
RSSI: -79 [da:38:41:8b:08:5a]
RSSI: -83 [da:38:41:99:08:8a]
RSSI: -88 [da:36:5d:95:03:4b]
RSSI: -80 [da:38:41:a6:08:aa]
RSSI: -76 [da:38:41:b3:08:ca]
RSSI: -79 [da:38:41:c1:08:fa]
RSSI: -88 [da:3d:e4:b7:02:8c]
RSSI: -92 [da:36:5d:c2:03:cb]
RSSI: -77 [da:38:41:ce:09:1a]
RSSI: -75 [da:38:41:db:09:3a]
RSSI: -91 [da:3d:e4:d1:02:dc]
RSSI: -74 [da:38:41:e9:09:6a]
RSSI: -75 [da:38:41:f7:09:8a]
RSSI: -89 [da:3d:e4:eb:03:2c]
RSSI: -76 [da:38:41:f7:09:8a]
RSSI: -74 [da:38:42:03:09:ba]
RSSI: -75 [da:38:42:03:09:ba]
RSSI: -75 [da:38:42:03:09:ba]
RSSI: -75 [da:38:42:11:09:da]
RSSI: -90 [da:3b:4b:19:05:2e]
RSSI: -75 [da:38:42:1f:0a:0a]
RSSI: -75 [da:38:42:1f:0a:0a]
RSSI: -90 [da:3b:4b:28:05:5e]
RSSI: -75 [da:38:42:2b:0a:2a]
RSSI: -87 [da:3d:e5:1e:03:cc]
RSSI: -76 [da:38:42:2b:0a:2a]
RSSI: -76 [da:38:42:39:0a:4a]
RSSI: -77 [da:38:42:47:0a:7a]
RSSI: -77 [da:38:42:54:0a:9a]
RSSI: -92 [da:3b:4b:62:05:fe]
RSSI: -79 [da:38:42:61:0a:ca]
RSSI: -80 [da:38:42:61:0a:ca]
RSSI: -79 [da:38:42:6f:0a:ea]
RSSI: -79 [da:38:42:6f:0a:ea]
RSSI: -81 [da:38:42:6f:0a:ea]
RSSI: -82 [da:38:42:7c:0b:0a]
RSSI: -82 [da:38:42:7c:0b:0a]
RSSI: -89 [da:38:42:8a:0b:3a]
RSSI: -91 [da:3b:4b:8d:06:7e]
RSSI: -92 [da:36:5e:85:06:0b]
RSSI: -90 [da:38:42:8a:0b:3a]
RSSI: -85 [da:38:42:97:0b:5a]
RSSI: -91 [da:3b:4b:c4:07:1e]
RSSI: -90 [da:3b:4b:d3:07:3e]
RSSI: -88 [da:3b:4b:e2:07:6e]
RSSI: -92 [da:38:42:f5:0c:6a]
RSSI: -94 [da:36:5f:0b:07:ab]
RSSI: -92 [da:3d:e6:1d:06:ec]
RSSI: -92 [da:3d:e6:2a:07:0c]
RSSI: -90 [da:36:5f:44:08:4b]
RSSI: -90 [da:3d:e6:44:07:5c]
RSSI: -88 [da:36:5f:44:08:4b]
RSSI: -88 [da:3d:e6:5d:07:bc]
RSSI: -89 [da:38:43:7b:0d:fa]
RSSI: -86 [da:36:5f:71:08:db]
RSSI: -94 [da:3b:4c:7f:09:2e]
RSSI: -95 [da:36:5f:71:08:db]
RSSI: -87 [da:36:5f:81:09:0b]
RSSI: -86 [da:3d:e6:84:08:2c]
RSSI: -87 [da:38:43:a4:0e:6a]
RSSI: -88 [da:38:43:b1:0e:8a]
RSSI: -89 [da:3d:e6:aa:08:ac]
RSSI: -86 [da:38:43:be:0e:aa]
RSSI: -87 [da:38:43:cc:0e:da]
RSSI: -86 [da:38:43:e6:0f:2a]
RSSI: -92 [da:36:5f:db:0a:1b]
RSSI: -87 [da:3d:e6:eb:09:7c]
RSSI: -83 [da:3d:e6:f7:09:9c]
RSSI: -90 [da:36:5f:f8:0a:6b]
RSSI: -85 [da:38:44:0f:0f:9a]
RSSI: -90 [da:38:44:0f:0f:9a]
RSSI: -84 [da:38:44:1d:0f:ba]
RSSI: -83 [da:38:44:1d:0f:ba]
RSSI: -83 [da:38:44:1d:0f:ba]
RSSI: -85 [da:3d:e7:1e:0a:1c]
RSSI: -89 [da:38:44:2b:0f:ea]
RSSI: -85 [da:3d:e7:1e:0a:1c]
RSSI: -87 [da:38:44:37:10:0a]
RSSI: -82 [da:38:44:45:10:2a]
RSSI: -82 [da:38:44:45:10:2a]
RSSI: -88 [da:3d:e7:44:0a:9c]
RSSI: -82 [da:38:44:53:10:5a]
RSSI: -88 [da:3d:e7:5e:0a:ec]
RSSI: -81 [da:38:44:6e:10:aa]
RSSI: -87 [da:3b:4d:81:0c:0e]
RSSI: -86 [da:38:44:88:10:ea]
RSSI: -82 [da:38:44:88:10:ea]
RSSI: -82 [da:38:44:96:11:1a]
RSSI: -83 [da:3b:4d:9d:0c:5e]
RSSI: -83 [da:38:44:a4:11:3a]
RSSI: -83 [da:3b:4d:ac:0c:8e]
RSSI: -87 [da:38:44:b1:11:6a]
RSSI: -83 [da:38:44:b1:11:6a]
RSSI: -80 [da:3b:4d:bb:0c:ae]
RSSI: -91 [da:3d:e7:ab:0b:dc]
RSSI: -86 [da:38:44:be:11:8a]
RSSI: -86 [da:38:44:be:11:8a]
RSSI: -80 [da:3b:4d:c8:0c:de]
RSSI: -84 [da:38:44:cc:11:ba]
RSSI: -79 [da:3b:4d:c8:0c:de]
RSSI: -79 [da:3b:4d:d7:0c:fe]
RSSI: -84 [da:38:44:d9:11:da]
RSSI: -79 [da:3b:4d:e6:0d:2e]
RSSI: -78 [da:3b:4d:e6:0d:2e]
RSSI: -89 [da:38:44:e7:11:fa]
RSSI: -77 [da:3b:4d:e6:0d:2e]
RSSI: -79 [da:3b:4e:02:0d:7e]
RSSI: -79 [da:3b:4e:02:0d:7e]
RSSI: -86 [da:3d:e7:f9:0c:dc]
RSSI: -79 [da:3b:4e:02:0d:7e]
RSSI: -76 [da:3b:4e:11:0d:ae]
RSSI: -78 [da:3b:4e:11:0d:ae]
RSSI: -88 [da:3d:e8:12:0d:2c]
RSSI: -76 [da:3b:4e:1e:0d:ce]
RSSI: -79 [da:3b:4e:2d:0d:fe]
RSSI: -78 [da:3b:4e:3c:0e:1e]
RSSI: -78 [da:3b:4e:3c:0e:1e]
RSSI: -76 [da:3b:4e:49:0e:4e]
RSSI: -78 [da:3b:4e:49:0e:4e]
RSSI: -78 [da:3b:4e:49:0e:4e]
RSSI: -84 [da:3d:e8:46:0d:cc]
RSSI: -77 [da:3b:4e:58:0e:6e]
RSSI: -91 [da:3d:e8:53:0d:ec]
RSSI: -87 [da:3d:e8:53:0d:ec]
RSSI: -80 [da:3b:4e:67:0e:9e]
RSSI: -83 [da:3d:e8:60:0e:1c]
RSSI: -88 [da:3d:e8:60:0e:1c]
RSSI: -93 [da:38:45:6e:13:8a]
RSSI: -85 [da:3d:e8:6d:0e:3c]
RSSI: -81 [da:3b:4e:74:0e:be]
RSSI: -84 [da:3d:e8:6d:0e:3c]
RSSI: -81 [da:3b:4e:74:0e:be]
RSSI: -84 [da:3d:e8:6d:0e:3c]
RSSI: -80 [da:3b:4e:83:0e:ee]
RSSI: -82 [da:3b:4e:92:0f:1e]
RSSI: -83 [da:3b:4e:92:0f:1e]
RSSI: -87 [da:3b:4e:9f:0f:3e]
RSSI: -88 [da:36:61:9d:0f:5b]
RSSI: -84 [da:3b:4e:ae:0f:6e]
RSSI: -84 [da:3d:e8:a0:0e:dc]
RSSI: -84 [da:3b:4e:ae:0f:6e]
RSSI: -90 [da:38:45:b1:14:4a]
RSSI: -84 [da:3d:e8:ad:0f:0c]
RSSI: -88 [da:3b:4e:ae:0f:6e]
RSSI: -89 [da:38:45:bf:14:6a]
RSSI: -83 [da:3d:e8:ba:0f:3c]
RSSI: -87 [da:3b:4e:be:0f:8e]
RSSI: -83 [da:3d:e8:ba:0f:3c]
RSSI: -90 [da:3b:4e:ca:0f:be]
RSSI: -85 [da:3d:e8:c7:0f:5c]
RSSI: -85 [da:3d:e8:c7:0f:5c]
RSSI: -84 [da:3d:e8:d4:0f:8c]
RSSI: -82 [da:3d:e8:d4:0f:8c]
RSSI: -85 [da:36:61:dd:10:1b]
RSSI: -88 [da:38:45:f5:15:0a]
RSSI: -85 [da:36:61:e9:10:3b]
RSSI: -89 [da:3b:4e:f5:10:2e]
RSSI: -89 [da:38:45:f5:15:0a]
RSSI: -91 [da:36:61:f6:10:6b]
RSSI: -85 [da:36:62:03:10:8b]
RSSI: -87 [da:36:62:0f:10:bb]
RSSI: -88 [da:3b:4f:14:10:8e]
RSSI: -90 [da:38:46:1d:15:7a]
RSSI: -82 [da:3d:e9:14:10:5c]
RSSI: -88 [da:3b:4f:21:10:ae]
RSSI: -89 [da:36:62:1c:10:db]
RSSI: -84 [da:3d:e9:21:10:7c]
RSSI: -85 [da:36:62:29:10:fb]
RSSI: -80 [da:3d:e9:2e:10:ac]
RSSI: -78 [da:3d:e9:3b:10:cc]
RSSI: -91 [da:36:62:42:11:4b]
RSSI: -85 [da:3d:e9:48:10:fc]
RSSI: -87 [da:36:62:4f:11:6b]
RSSI: -76 [da:3d:e9:55:11:1c]
RSSI: -77 [da:3d:e9:55:11:1c]
RSSI: -88 [da:36:62:5c:11:9b]
RSSI: -88 [da:3b:4f:6a:11:8e]
RSSI: -89 [da:36:62:68:11:bb]
RSSI: -90 [da:36:62:68:11:bb]
RSSI: -83 [da:3d:e9:6f:11:7c]
RSSI: -75 [da:3d:e9:7c:11:9c]
RSSI: -76 [da:3d:e9:7c:11:9c]
RSSI: -91 [da:3b:4f:96:11:fe]
RSSI: -76 [da:3d:e9:89:11:cc]
RSSI: -81 [da:3d:e9:96:11:ec]
RSSI: -88 [da:3b:4f:a2:12:1e]
RSSI: -76 [da:3d:e9:a3:12:1c]
RSSI: -77 [da:3d:e9:a3:12:1c]
RSSI: -87 [da:3b:4f:b2:12:4e]
RSSI: -77 [da:3d:e9:af:12:3c]
RSSI: -80 [da:3d:e9:bd:12:6c]
RSSI: -78 [da:3d:e9:ca:12:8c]
RSSI: -79 [da:3d:e9:d6:12:bc]
RSSI: -89 [da:3b:4f:dd:12:ce]
RSSI: -88 [da:36:62:db:13:1b]
RSSI: -79 [da:3d:e9:d6:12:bc]
RSSI: -90 [da:38:46:e8:01:7a]
RSSI: -87 [da:36:62:db:13:1b]
RSSI: -92 [da:3b:4f:ec:12:ee]
RSSI: -90 [da:38:46:e8:01:7a]
RSSI: -86 [da:36:62:e8:13:3b]
RSSI: -85 [da:3d:e9:e3:12:ec]
RSSI: -86 [da:38:46:f6:01:aa]
RSSI: -87 [da:36:62:e8:13:3b]
RSSI: -81 [da:3d:e9:f0:13:0c]
RSSI: -83 [da:3d:e9:fd:13:3c]
RSSI: -85 [da:38:47:04:01:ca]
RSSI: -93 [da:3b:50:08:13:3e]
RSSI: -83 [da:3d:e9:fd:13:3c]
RSSI: -84 [da:38:47:11:01:ea]
RSSI: -91 [da:3b:50:17:13:6e]
RSSI: -90 [da:38:47:11:01:ea]
RSSI: -82 [da:38:47:1f:02:1a]
RSSI: -84 [da:3d:ea:17:13:8c]
RSSI: -83 [da:38:47:1f:02:1a]
RSSI: -84 [da:38:47:2d:02:3a]
RSSI: -87 [da:36:63:27:13:fb]
RSSI: -86 [da:3d:ea:31:13:dc]
RSSI: -85 [da:38:47:3a:02:6a]
RSSI: -86 [da:36:63:34:14:1b]
RSSI: -82 [da:38:47:48:02:8a]
RSSI: -81 [da:38:47:56:02:ba]
RSSI: -82 [da:38:47:56:02:ba]
RSSI: -80 [da:38:47:62:02:da]
RSSI: -83 [da:38:47:70:02:fa]
RSSI: -84 [da:38:47:70:02:fa]
RSSI: -80 [da:38:47:7e:03:2a]
RSSI: -83 [da:38:47:7e:03:2a]
RSSI: -87 [da:36:63:81:14:fb]
RSSI: -86 [da:36:63:81:14:fb]
RSSI: -79 [da:38:47:8b:03:4a]
RSSI: -83 [da:38:47:99:03:7a]
RSSI: -86 [da:36:63:9a:15:4b]
RSSI: -81 [da:38:47:a7:03:9a]
RSSI: -93 [da:36:63:a7:15:6b]
RSSI: -80 [da:38:47:b4:03:ba]
RSSI: -80 [da:38:47:b4:03:ba]
RSSI: -89 [da:3d:ea:b3:15:6c]
RSSI: -85 [da:3d:ea:b3:15:6c]
RSSI: -80 [da:38:47:c2:03:ea]
RSSI: -80 [da:38:47:c2:03:ea]
RSSI: -80 [da:38:47:d0:04:1a]
RSSI: -79 [da:38:47:d0:04:1a]
RSSI: -80 [da:38:47:d0:04:1a]
RSSI: -89 [da:3d:ea:cd:15:bc]
RSSI: -87 [da:36:63:cd:15:db]
RSSI: -85 [da:36:63:cd:15:db]
RSSI: -81 [da:38:47:dd:04:3a]
RSSI: -80 [da:38:47:dd:04:3a]
RSSI: -82 [da:36:63:da:16:0b]
RSSI: -82 [da:38:47:eb:04:5a]
RSSI: -82 [da:36:63:e7:16:2b]
RSSI: -81 [da:38:47:f9:04:8a]
RSSI: -81 [da:36:63:f4:16:5b]
RSSI: -82 [da:36:64:00:16:7b]
RSSI: -83 [da:38:48:06:04:aa]
RSSI: -83 [da:38:48:06:04:aa]
RSSI: -80 [da:36:64:0d:00:2b]
RSSI: -81 [da:36:64:0d:00:2b]
RSSI: -84 [da:38:48:19:04:da]
RSSI: -82 [da:36:64:1a:00:4b]
RSSI: -81 [da:36:64:1a:00:4b]
RSSI: -85 [da:38:48:29:05:0a]
RSSI: -84 [da:38:48:29:05:0a]
RSSI: -80 [da:36:64:27:00:7b]
RSSI: -83 [da:38:48:36:05:2a]
RSSI: -86 [da:3d:eb:28:00:5c]
RSSI: -79 [da:36:64:34:00:9b]
RSSI: -85 [da:38:48:36:05:2a]
RSSI: -81 [da:36:64:34:00:9b]
RSSI: -84 [da:38:48:44:05:5a]
RSSI: -80 [da:36:64:40:00:bb]
RSSI: -84 [da:38:48:44:05:5a]
RSSI: -80 [da:36:64:40:00:bb]
RSSI: -85 [da:38:48:52:05:7a]
RSSI: -81 [da:36:64:4d:00:eb]
RSSI: -89 [da:3d:eb:4f:00:cc]
RSSI: -90 [da:3d:eb:4f:00:cc]
RSSI: -81 [da:36:64:5a:01:0b]
RSSI: -84 [da:38:48:5f:05:aa]
RSSI: -81 [da:36:64:5a:01:0b]
RSSI: -92 [da:3d:eb:5b:00:fc]
RSSI: -82 [da:36:64:67:01:2b]
RSSI: -85 [da:38:48:6d:05:ca]
RSSI: -82 [da:36:64:67:01:2b]
RSSI: -87 [da:38:48:7b:05:fa]
RSSI: -81 [da:36:64:73:01:5b]
RSSI: -87 [da:3d:eb:76:01:4c]
RSSI: -80 [da:36:64:80:01:7b]
RSSI: -82 [da:36:64:80:01:7b]
RSSI: -82 [da:36:64:8d:01:ab]
RSSI: -85 [da:38:48:96:06:4a]
RSSI: -87 [da:38:48:a4:06:6a]
RSSI: -82 [da:36:64:9a:01:cb]
RSSI: -83 [da:36:64:b4:02:1b]
RSSI: -84 [da:36:64:b4:02:1b]
RSSI: -86 [da:38:48:bf:06:ba]
RSSI: -84 [da:36:64:c0:02:3b]
RSSI: -87 [da:38:48:cd:06:ea]
RSSI: -86 [da:36:64:cd:02:5b]
RSSI: -87 [da:36:64:cd:02:5b]
RSSI: -90 [da:36:64:da:02:8b]
RSSI: -89 [da:3d:ec:12:03:3c]
RSSI: -89 [da:3d:ec:1e:03:5c]
RSSI: -89 [da:38:49:54:08:6a]
RSSI: -91 [da:3d:ec:53:03:fc]
RSSI: -89 [da:38:49:62:08:8a]
RSSI: -84 [da:38:49:62:08:8a]
RSSI: -81 [da:38:49:7d:08:da]
RSSI: -86 [da:38:49:7d:08:da]
RSSI: -81 [da:38:49:8b:09:0a]
RSSI: -80 [da:38:49:8b:09:0a]
RSSI: -84 [da:38:49:99:09:2a]
RSSI: -86 [da:38:49:99:09:2a]
RSSI: -82 [da:38:49:a6:09:4a]
RSSI: -80 [da:38:49:b4:09:7a]
RSSI: -80 [da:38:49:b4:09:7a]
RSSI: -78 [da:38:49:cf:09:ca]
RSSI: -79 [da:38:49:cf:09:ca]
RSSI: -77 [da:38:49:dd:09:ea]
RSSI: -77 [da:38:49:dd:09:ea]
RSSI: -78 [da:38:49:eb:0a:1a]
RSSI: -77 [da:38:49:eb:0a:1a]
RSSI: -89 [da:3b:52:f0:05:1e]
RSSI: -78 [da:38:49:f8:0a:3a]
RSSI: -78 [da:38:49:f8:0a:3a]
RSSI: -79 [da:38:4a:14:0a:8a]
RSSI: -80 [da:38:4a:21:0a:aa]
RSSI: -80 [da:38:4a:2f:0a:da]
RSSI: -82 [da:38:4a:2f:0a:da]
RSSI: -81 [da:38:4a:3d:0b:0a]
RSSI: -80 [da:38:4a:4a:0b:2a]
RSSI: -78 [da:38:4a:58:0b:4a]
RSSI: -90 [da:36:66:68:07:2b]
RSSI: -78 [da:38:4a:73:0b:9a]
RSSI: -93 [da:3b:53:83:06:be]
RSSI: -79 [da:38:4a:81:0b:ca]
RSSI: -82 [da:38:4a:8f:0b:ea]
RSSI: -80 [da:38:4a:8f:0b:ea]
RSSI: -84 [da:38:4a:9c:0c:1a]
RSSI: -88 [da:38:4a:9c:0c:1a]
RSSI: -99 [da:38:4a:b9:0c:6a]
RSSI: -93 [da:3d:ed:a6:08:2c]
RSSI: -88 [da:3d:ed:b3:08:5c]
RSSI: -93 [da:3d:ed:db:08:dc]
RSSI: -88 [da:3d:ed:db:08:dc]
RSSI: -91 [da:3d:ed:f4:09:2c]
RSSI: -92 [da:38:4b:17:0d:7a]
RSSI: -89 [da:3d:ee:0f:09:7c]
RSSI: -94 [da:36:67:0f:09:1b]
RSSI: -86 [da:3d:ee:0f:09:7c]
RSSI: -86 [da:3d:ee:36:09:fc]
RSSI: -83 [da:38:4b:40:0d:ea]
RSSI: -88 [da:36:67:43:09:bb]
RSSI: -85 [da:38:4b:4f:0e:1a]
RSSI: -90 [da:36:67:43:09:bb]
RSSI: -87 [da:3d:ee:43:0a:1c]
RSSI: -83 [da:3d:ee:43:0a:1c]
RSSI: -84 [da:38:4b:4f:0e:1a]
RSSI: -83 [da:38:4b:5d:0e:3a]
RSSI: -87 [da:36:67:50:09:eb]
RSSI: -87 [da:3d:ee:50:0a:4c]
RSSI: -83 [da:38:4b:5d:0e:3a]
RSSI: -84 [da:38:4b:6a:0e:6a]
RSSI: -87 [da:36:67:6a:0a:2b]
RSSI: -82 [da:38:4b:78:0e:8a]
RSSI: -85 [da:3d:ee:6a:0a:9c]
RSSI: -82 [da:38:4b:78:0e:8a]
RSSI: -86 [da:3d:ee:78:0a:cc]
RSSI: -83 [da:38:4b:86:0e:ba]
RSSI: -84 [da:38:4b:93:0e:da]
RSSI: -82 [da:38:4b:af:0f:2a]
RSSI: -84 [da:38:4b:af:0f:2a]
RSSI: -82 [da:38:4b:bc:0f:5a]
RSSI: -81 [da:38:4b:bc:0f:5a]
RSSI: -81 [da:38:4b:ca:0f:7a]
RSSI: -80 [da:38:4b:d8:0f:aa]
RSSI: -80 [da:38:4b:d8:0f:aa]
RSSI: -80 [da:38:4b:e5:0f:ca]
RSSI: -81 [da:38:4b:f3:0f:fa]
RSSI: -79 [da:38:4c:0e:10:3a]
RSSI: -79 [da:38:4c:0e:10:3a]
RSSI: -80 [da:38:4c:1d:10:6a]
RSSI: -80 [da:38:4c:1d:10:6a]
RSSI: -79 [da:38:4c:2b:10:9a]
RSSI: -90 [da:3d:ef:1d:0c:cc]
RSSI: -80 [da:38:4c:2b:10:9a]
RSSI: -80 [da:38:4c:37:10:ba]
RSSI: -93 [da:3d:ef:2a:0c:fc]
RSSI: -79 [da:38:4c:37:10:ba]
RSSI: -83 [da:38:4c:54:11:0a]
RSSI: -91 [da:3b:55:64:0c:1e]
RSSI: -81 [da:38:4c:61:11:2a]
RSSI: -85 [da:3d:ef:5e:0d:9c]
RSSI: -85 [da:3b:55:70:0c:3e]
RSSI: -83 [da:3d:ef:6c:0d:cc]
RSSI: -83 [da:38:4c:7d:11:7a]
RSSI: -85 [da:3b:55:80:0c:6e]
RSSI: -83 [da:38:4c:8a:11:aa]
RSSI: -87 [da:3d:ef:79:0d:fc]
RSSI: -84 [da:3b:55:8f:0c:9e]
RSSI: -82 [da:38:4c:8a:11:aa]
RSSI: -83 [da:3d:ef:86:0e:1c]
RSSI: -84 [da:38:4c:98:11:ca]
RSSI: -85 [da:38:4c:b3:12:1a]
RSSI: -81 [da:3b:55:bb:0d:0e]
RSSI: -85 [da:3d:ef:bb:0e:cc]
RSSI: -81 [da:3b:55:c8:0d:3e]
RSSI: -85 [da:3d:ef:bb:0e:cc]
RSSI: -81 [da:3b:55:c8:0d:3e]
RSSI: -87 [da:3d:ef:c8:0e:fc]
RSSI: -83 [da:3d:ef:c8:0e:fc]
RSSI: -79 [da:3b:55:d7:0d:6e]
RSSI: -91 [da:38:4c:dd:12:8a]
RSSI: -81 [da:3b:55:e7:0d:8e]
RSSI: -85 [da:3d:ef:e2:0f:4c]
RSSI: -80 [da:3b:55:f4:0d:ae]
RSSI: -81 [da:3b:55:f4:0d:ae]
RSSI: -80 [da:3b:56:03:0d:de]
RSSI: -89 [da:3d:ef:fc:0f:9c]
RSSI: -83 [da:3b:56:13:0e:0e]
RSSI: -77 [da:3b:56:13:0e:0e]
RSSI: -92 [da:38:4d:14:13:2a]
RSSI: -91 [da:36:69:14:0f:3b]
RSSI: -81 [da:3b:56:20:0e:2e]
RSSI: -83 [da:3b:56:2f:0e:5e]
RSSI: -94 [da:38:4d:2f:13:7a]
RSSI: -86 [da:3d:f0:31:10:3c]
RSSI: -76 [da:3b:56:3f:0e:8e]
RSSI: -82 [da:3b:56:3f:0e:8e]
RSSI: -75 [da:3b:56:4b:0e:ae]
RSSI: -81 [da:3d:f0:4b:10:8c]
RSSI: -85 [da:3b:56:5b:0e:de]
RSSI: -80 [da:3d:f0:4b:10:8c]
RSSI: -77 [da:3b:56:5b:0e:de]
RSSI: -79 [da:3d:f0:59:10:bc]
RSSI: -83 [da:3d:f0:59:10:bc]
RSSI: -80 [da:3d:f0:66:10:ec]
RSSI: -86 [da:3b:56:6b:0f:0e]
RSSI: -77 [da:3d:f0:66:10:ec]
RSSI: -81 [da:3d:f0:73:11:0c]
RSSI: -92 [da:38:4d:82:14:5a]
RSSI: -75 [da:3d:f0:73:11:0c]
RSSI: -80 [da:3b:56:87:0f:5e]
RSSI: -90 [da:36:69:7c:10:6b]
RSSI: -80 [da:3d:f0:80:11:3c]
RSSI: -80 [da:3d:f0:80:11:3c]
RSSI: -76 [da:3d:f0:8e:11:5c]
RSSI: -74 [da:3d:f0:8e:11:5c]
RSSI: -91 [da:38:4d:9f:14:aa]
RSSI: -74 [da:3d:f0:9a:11:8c]
RSSI: -77 [da:3d:f0:a8:11:ac]
RSSI: -74 [da:3d:f0:b5:11:dc]
RSSI: -74 [da:3d:f0:c2:12:0c]
RSSI: -74 [da:3d:f0:c2:12:0c]
RSSI: -91 [da:3b:56:cf:10:2e]
RSSI: -77 [da:3d:f0:cf:12:2c]
RSSI: -92 [da:38:4d:e3:15:7a]
RSSI: -75 [da:3d:f0:dd:12:5c]
RSSI: -89 [da:3b:56:ee:10:7e]
RSSI: -76 [da:3d:f0:e9:12:7c]
RSSI: -88 [da:3b:56:fb:10:9e]
RSSI: -77 [da:3d:f0:f7:12:ac]
RSSI: -79 [da:3d:f1:04:12:dc]
RSSI: -79 [da:3d:f1:04:12:dc]
RSSI: -89 [da:38:4e:1b:16:1a]
RSSI: -87 [da:38:4e:27:00:2a]
RSSI: -91 [da:3b:57:27:11:1e]
RSSI: -86 [da:38:4e:27:00:2a]
RSSI: -85 [da:38:4e:36:00:4a]
RSSI: -85 [da:3d:f1:39:13:7c]
RSSI: -88 [da:3b:57:46:11:7e]
RSSI: -83 [da:38:4e:44:00:7a]
RSSI: -90 [da:36:6a:3f:12:bb]
RSSI: -88 [da:3b:57:46:11:7e]
RSSI: -84 [da:3d:f1:54:13:cc]
RSSI: -87 [da:36:6a:59:13:0b]
RSSI: -84 [da:3d:f1:60:13:fc]
RSSI: -83 [da:38:4e:6e:00:ea]
RSSI: -87 [da:36:6a:73:13:5b]
RSSI: -86 [da:38:4e:7a:01:1a]
RSSI: -84 [da:38:4e:89:01:3a]
RSSI: -86 [da:38:4e:89:01:3a]
RSSI: -87 [da:36:6a:8d:13:9b]
RSSI: -87 [da:3d:f1:88:14:6c]
RSSI: -88 [da:36:6a:8d:13:9b]
RSSI: -84 [da:38:4e:97:01:6a]
RSSI: -85 [da:36:6a:9a:13:cb]
RSSI: -85 [da:38:4e:a4:01:8a]
RSSI: -83 [da:38:4e:a4:01:8a]
RSSI: -83 [da:38:4e:b2:01:ba]
RSSI: -83 [da:38:4e:b2:01:ba]
RSSI: -85 [da:36:6a:b4:14:1b]
RSSI: -83 [da:38:4e:c1:01:da]
RSSI: -81 [da:38:4e:cd:02:0a]
RSSI: -84 [da:36:6a:ce:14:5b]
RSSI: -84 [da:38:4e:dc:02:2a]
RSSI: -84 [da:38:4e:dc:02:2a]
RSSI: -83 [da:38:4e:dc:02:2a]
RSSI: -89 [da:3d:f1:d7:15:6c]
RSSI: -85 [da:36:6a:db:14:8b]
RSSI: -88 [da:3d:f1:d7:15:6c]
RSSI: -85 [da:36:6a:db:14:8b]
RSSI: -83 [da:38:4e:ea:02:5a]
RSSI: -84 [da:38:4e:ea:02:5a]
RSSI: -83 [da:38:4e:f7:02:7a]
RSSI: -85 [da:36:6a:f5:14:cb]
RSSI: -83 [da:38:4e:f7:02:7a]
RSSI: -86 [da:36:6a:f5:14:cb]
RSSI: -83 [da:38:4f:05:02:aa]
RSSI: -89 [da:3d:f1:ff:15:ec]
RSSI: -82 [da:38:4f:14:02:ca]
RSSI: -88 [da:36:6b:0f:15:1b]
RSSI: -81 [da:38:4f:20:02:ea]
RSSI: -82 [da:38:4f:20:02:ea]
RSSI: -82 [da:38:4f:20:02:ea]
RSSI: -80 [da:38:4f:2f:03:1a]
RSSI: -81 [da:38:4f:2f:03:1a]
RSSI: -86 [da:36:6b:29:15:6b]
RSSI: -88 [da:36:6b:36:15:9b]
RSSI: -81 [da:38:4f:3d:03:4a]
RSSI: -88 [da:3d:f2:34:00:2c]
RSSI: -81 [da:38:4f:4a:03:6a]
RSSI: -82 [da:38:4f:4a:03:6a]
RSSI: -87 [da:3d:f2:42:00:5c]
RSSI: -82 [da:38:4f:58:03:8a]
RSSI: -90 [da:3d:f2:4e:00:7c]
RSSI: -81 [da:38:4f:67:03:ba]
RSSI: -84 [da:3d:f2:5c:00:ac]
RSSI: -82 [da:38:4f:67:03:ba]
RSSI: -88 [da:3d:f2:69:00:dc]
RSSI: -82 [da:38:4f:73:03:da]
RSSI: -93 [da:3b:58:7a:14:de]
RSSI: -81 [da:38:4f:82:04:0a]
RSSI: -82 [da:38:4f:82:04:0a]
RSSI: -88 [da:3d:f2:84:01:2c]
RSSI: -82 [da:38:4f:90:04:2a]
RSSI: -89 [da:3d:f2:84:01:2c]
RSSI: -81 [da:38:4f:90:04:2a]
RSSI: -89 [da:36:6b:91:00:0b]
RSSI: -82 [da:38:4f:9d:04:5a]
RSSI: -88 [da:3d:f2:91:01:4c]
RSSI: -82 [da:38:4f:9d:04:5a]
RSSI: -92 [da:3b:58:b3:15:7e]
RSSI: -88 [da:3d:f2:ab:01:ac]
RSSI: -82 [da:38:4f:ba:04:aa]
RSSI: -93 [da:3d:f2:b9:01:cc]
RSSI: -82 [da:38:4f:c6:04:ca]
RSSI: -83 [da:38:4f:d5:04:fa]
RSSI: -83 [da:38:4f:e3:05:1a]
RSSI: -82 [da:38:4f:e3:05:1a]
RSSI: -90 [da:36:6b:e0:00:eb]
RSSI: -82 [da:38:4f:f0:05:4a]
RSSI: -84 [da:38:4f:f0:05:4a]
RSSI: -81 [da:38:4f:fe:05:6a]
RSSI: -83 [da:38:50:0d:05:9a]
RSSI: -83 [da:38:50:0d:05:9a]
RSSI: -90 [da:36:6c:07:01:5b]
RSSI: -82 [da:38:50:1a:05:ba]
RSSI: -89 [da:36:6c:14:01:7b]
RSSI: -88 [da:38:50:37:06:0a]
RSSI: -86 [da:36:6c:2e:01:cb]
RSSI: -82 [da:38:50:43:06:3a]
RSSI: -88 [da:36:6c:3b:01:fb]
RSSI: -83 [da:38:50:43:06:3a]
RSSI: -87 [da:36:6c:3b:01:fb]
RSSI: -87 [da:36:6c:49:02:1b]
RSSI: -82 [da:38:50:52:06:5a]
RSSI: -81 [da:38:50:60:06:8a]
RSSI: -84 [da:38:50:60:06:8a]
RSSI: -82 [da:38:50:6d:06:aa]
RSSI: -83 [da:38:50:7b:06:da]
RSSI: -82 [da:38:50:7b:06:da]
RSSI: -89 [da:3d:f3:72:04:0c]
RSSI: -86 [da:38:50:8a:06:fa]
RSSI: -84 [da:38:50:8a:06:fa]
RSSI: -82 [da:38:50:96:07:2a]
RSSI: -87 [da:38:50:a5:07:4a]
RSSI: -88 [da:38:50:c0:07:9a]
RSSI: -85 [da:38:50:dd:07:ea]
RSSI: -85 [da:38:50:dd:07:ea]
RSSI: -80 [da:38:50:ea:08:0a]
RSSI: -79 [da:38:50:ea:08:0a]
RSSI: -79 [da:38:50:f8:08:3a]
RSSI: -80 [da:38:51:07:08:6a]
RSSI: -81 [da:38:51:07:08:6a]
RSSI: -79 [da:38:51:13:08:8a]
RSSI: -79 [da:38:51:13:08:8a]
RSSI: -79 [da:38:51:13:08:8a]
RSSI: -79 [da:38:51:22:08:ba]
RSSI: -78 [da:38:51:22:08:ba]
RSSI: -80 [da:38:51:30:08:da]
RSSI: -79 [da:38:51:30:08:da]
RSSI: -77 [da:38:51:3d:09:0a]
RSSI: -79 [da:38:51:3d:09:0a]
RSSI: -77 [da:38:51:4c:09:2a]
RSSI: -82 [da:38:51:5a:09:5a]
RSSI: -80 [da:38:51:67:09:7a]
RSSI: -78 [da:38:51:75:09:aa]
RSSI: -78 [da:38:51:75:09:aa]
RSSI: -83 [da:38:51:84:09:ca]
RSSI: -78 [da:38:51:84:09:ca]
RSSI: -79 [da:38:51:91:09:fa]
RSSI: -83 [da:38:51:91:09:fa]
RSSI: -79 [da:38:51:9f:0a:1a]
RSSI: -79 [da:38:51:9f:0a:1a]
RSSI: -91 [da:3b:5a:b9:04:ee]
RSSI: -82 [da:38:51:ba:0a:6a]
RSSI: -83 [da:38:51:ba:0a:6a]
RSSI: -82 [da:38:51:c9:0a:9a]
RSSI: -82 [da:38:51:c9:0a:9a]
RSSI: -81 [da:38:51:d8:0a:ca]
RSSI: -82 [da:38:51:d8:0a:ca]
RSSI: -82 [da:38:51:e4:0a:ea]
RSSI: -92 [da:3b:5a:e5:05:6e]
RSSI: -80 [da:38:51:f3:0b:1a]
RSSI: -82 [da:38:52:01:0b:3a]
RSSI: -91 [da:3d:f4:f4:08:cc]
RSSI: -82 [da:38:52:0e:0b:6a]
RSSI: -82 [da:38:52:0e:0b:6a]
RSSI: -80 [da:38:52:1d:0b:8a]
RSSI: -83 [da:38:52:1d:0b:8a]
RSSI: -87 [da:3d:f5:1c:09:4c]
RSSI: -83 [da:38:52:2b:0b:ba]
RSSI: -81 [da:38:52:2b:0b:ba]
RSSI: -85 [da:38:52:38:0b:da]
RSSI: -83 [da:38:52:38:0b:da]
RSSI: -88 [da:3d:f5:37:09:ac]
RSSI: -89 [da:38:52:47:0c:0a]
RSSI: -87 [da:38:52:47:0c:0a]
RSSI: -92 [da:38:52:62:0c:5a]
RSSI: -89 [da:38:52:62:0c:5a]
RSSI: -87 [da:3d:f5:6c:0a:4c]
RSSI: -89 [da:38:52:7f:0c:aa]
RSSI: -87 [da:38:52:8c:0c:ca]
RSSI: -91 [da:3d:f5:87:0a:ac]
RSSI: -84 [da:38:52:9a:0c:fa]
RSSI: -84 [da:3d:f5:94:0a:cc]
RSSI: -85 [da:3d:f5:94:0a:cc]
RSSI: -86 [da:38:52:a9:0d:2a]
RSSI: -84 [da:38:52:b6:0d:4a]
RSSI: -85 [da:38:52:b6:0d:4a]
RSSI: -83 [da:38:52:c4:0d:6a]
RSSI: -88 [da:38:52:d3:0d:9a]
RSSI: -92 [da:3d:f5:ca:0b:7c]
RSSI: -92 [da:3d:f5:d8:0b:ac]
RSSI: -82 [da:38:52:ee:0d:ea]
RSSI: -89 [da:3d:f5:e4:0b:cc]
RSSI: -85 [da:38:52:ee:0d:ea]
RSSI: -86 [da:38:53:09:0e:3a]
RSSI: -85 [da:38:53:09:0e:3a]
RSSI: -87 [da:38:53:09:0e:3a]
RSSI: -89 [da:3d:f6:0c:0c:4c]
RSSI: -84 [da:38:53:18:0e:6a]
RSSI: -85 [da:38:53:27:0e:8a]
RSSI: -84 [da:38:53:27:0e:8a]
RSSI: -84 [da:38:53:33:0e:aa]
RSSI: -84 [da:38:53:42:0e:da]
RSSI: -84 [da:38:53:42:0e:da]
RSSI: -82 [da:38:53:51:0f:0a]
RSSI: -91 [da:3d:f6:42:0c:fc]
RSSI: -84 [da:38:53:5d:0f:2a]
RSSI: -82 [da:38:53:5d:0f:2a]
RSSI: -83 [da:38:53:6c:0f:4a]
RSSI: -82 [da:38:53:6c:0f:4a]
RSSI: -82 [da:38:53:6c:0f:4a]
RSSI: -82 [da:38:53:7b:0f:7a]
RSSI: -83 [da:38:53:87:0f:9a]
RSSI: -83 [da:38:53:87:0f:9a]
RSSI: -82 [da:38:53:96:0f:ca]
RSSI: -80 [da:38:53:a4:0f:fa]
RSSI: -81 [da:38:53:b1:10:1a]
RSSI: -82 [da:38:53:c0:10:4a]
RSSI: -80 [da:38:53:ce:10:6a]
RSSI: -81 [da:38:53:db:10:9a]
RSSI: -82 [da:38:53:ea:10:ba]
RSSI: -80 [da:38:53:ea:10:ba]
RSSI: -80 [da:38:53:f8:10:ea]
RSSI: -83 [da:38:53:f8:10:ea]
RSSI: -80 [da:38:54:05:11:0a]
RSSI: -81 [da:38:54:05:11:0a]
RSSI: -82 [da:38:54:14:11:3a]
RSSI: -82 [da:38:54:14:11:3a]
RSSI: -83 [da:38:54:22:11:6a]
RSSI: -83 [da:38:54:2f:11:8a]
RSSI: -82 [da:38:54:2f:11:8a]
RSSI: -83 [da:38:54:3e:11:ba]
RSSI: -86 [da:3b:5d:53:0c:5e]
RSSI: -85 [da:3b:5d:53:0c:5e]
RSSI: -84 [da:38:54:59:11:fa]
RSSI: -84 [da:3b:5d:60:0c:7e]
RSSI: -84 [da:3d:f7:5c:10:6c]
RSSI: -82 [da:3b:5d:60:0c:7e]
RSSI: -87 [da:38:54:68:12:2a]
RSSI: -83 [da:3b:5d:70:0c:ae]
RSSI: -80 [da:3d:f7:69:10:9c]
RSSI: -82 [da:3b:5d:80:0c:de]
RSSI: -87 [da:38:54:83:12:7a]
RSSI: -87 [da:38:54:83:12:7a]
RSSI: -83 [da:3b:5d:8d:0c:fe]
RSSI: -77 [da:3d:f7:84:10:fc]
RSSI: -76 [da:3d:f7:92:11:1c]
RSSI: -83 [da:3b:5d:9d:0d:2e]
RSSI: -88 [da:38:54:a1:12:ca]
RSSI: -78 [da:3d:f7:92:11:1c]
RSSI: -84 [da:3b:5d:9d:0d:2e]
RSSI: -79 [da:3d:f7:9e:11:4c]
RSSI: -83 [da:3b:5d:ac:0d:5e]
RSSI: -76 [da:3d:f7:9e:11:4c]
RSSI: -84 [da:3b:5d:ac:0d:5e]
RSSI: -77 [da:3d:f7:ac:11:7c]
RSSI: -82 [da:3b:5d:b9:0d:7e]
RSSI: -79 [da:3d:f7:ac:11:7c]
RSSI: -82 [da:3b:5d:b9:0d:7e]
RSSI: -75 [da:3d:f7:ba:11:9c]
RSSI: -77 [da:3d:f7:ba:11:9c]
RSSI: -80 [da:3b:5d:c9:0d:ae]
RSSI: -77 [da:3d:f7:ba:11:9c]
RSSI: -83 [da:3b:5d:c9:0d:ae]
RSSI: -76 [da:3d:f7:c6:11:cc]
RSSI: -82 [da:3b:5d:d9:0d:de]
RSSI: -79 [da:3b:5d:d9:0d:de]
RSSI: -77 [da:3d:f7:d4:11:fc]
RSSI: -80 [da:3b:5d:e6:0d:fe]
RSSI: -78 [da:3d:f7:e2:12:1c]
RSSI: -80 [da:3b:5d:e6:0d:fe]
RSSI: -77 [da:3d:f7:e2:12:1c]
RSSI: -87 [da:3b:5d:f6:0e:2e]
RSSI: -80 [da:3b:5d:f6:0e:2e]
RSSI: -78 [da:3d:f7:ef:12:4c]
RSSI: -81 [da:3b:5e:06:0e:5e]
RSSI: -76 [da:3d:f7:fd:12:7c]
RSSI: -83 [da:3b:5e:06:0e:5e]
RSSI: -76 [da:3d:f7:fd:12:7c]
RSSI: -81 [da:3b:5e:12:0e:7e]
RSSI: -83 [da:3b:5e:22:0e:ae]
RSSI: -79 [da:3d:f8:17:12:cc]
RSSI: -85 [da:3b:5e:22:0e:ae]
RSSI: -81 [da:3d:f8:17:12:cc]
RSSI: -80 [da:3d:f8:25:12:fc]
RSSI: -84 [da:3b:5e:32:0e:de]
RSSI: -81 [da:3d:f8:25:12:fc]
RSSI: -85 [da:3b:5e:3f:0e:fe]
RSSI: -86 [da:3b:5e:4f:0f:2e]
RSSI: -88 [da:3b:5e:4f:0f:2e]
RSSI: -90 [da:38:55:56:14:da]
RSSI: -88 [da:3b:5e:5f:0f:5e]
RSSI: -86 [da:3d:f8:68:13:cc]
RSSI: -91 [da:38:55:80:15:4a]
RSSI: -89 [da:3d:f8:76:13:ec]
RSSI: -91 [da:36:71:75:11:9b]
RSSI: -90 [da:38:55:80:15:4a]
RSSI: -86 [da:3d:f8:76:13:ec]
RSSI: -85 [da:3d:f8:84:14:1c]
RSSI: -88 [da:38:55:9d:15:aa]
RSSI: -88 [da:38:55:aa:15:ca]
RSSI: -89 [da:3d:f8:ac:14:9c]
RSSI: -87 [da:38:55:c8:16:1a]
RSSI: -89 [da:3b:5e:e5:10:de]
RSSI: -89 [da:3b:5e:e5:10:de]
RSSI: -84 [da:3d:f8:e1:15:3c]
RSSI: -87 [da:3d:f8:ef:15:6c]
RSSI: -90 [da:3b:5f:1e:11:7e]
RSSI: -91 [da:3b:5f:2e:11:ae]
RSSI: -91 [da:36:72:2f:13:bb]
RSSI: -90 [da:3d:f9:40:16:6c]
RSSI: -89 [da:38:56:4d:01:5a]
RSSI: -89 [da:38:56:4d:01:5a]
RSSI: -88 [da:3d:f9:4e:00:0c]
RSSI: -91 [da:3b:5f:6b:12:5e]
RSSI: -92 [da:38:56:84:01:fa]
RSSI: -87 [da:3d:f9:76:00:7c]
RSSI: -86 [da:36:72:7f:14:ab]
RSSI: -92 [da:3d:f9:83:00:ac]
RSSI: -92 [da:3b:5f:88:12:ae]
RSSI: -87 [da:3d:f9:83:00:ac]
RSSI: -93 [da:38:56:a2:02:4a]
RSSI: -89 [da:3d:f9:9f:00:fc]
RSSI: -85 [da:38:56:ae:02:6a]
RSSI: -88 [da:3d:f9:b9:01:4c]
RSSI: -90 [da:3d:f9:c7:01:7c]
RSSI: -89 [da:3d:f9:d4:01:ac]
RSSI: -90 [da:38:56:e7:03:0a]
RSSI: -86 [da:36:72:f7:16:0b]
RSSI: -86 [da:36:72:f7:16:0b]
RSSI: -87 [da:36:73:04:16:2b]
RSSI: -84 [da:36:73:11:16:5b]
RSSI: -86 [da:36:73:11:16:5b]
RSSI: -85 [da:36:73:11:16:5b]
RSSI: -84 [da:38:57:21:03:aa]
RSSI: -83 [da:38:57:21:03:aa]
RSSI: -83 [da:36:73:1f:16:7b]
RSSI: -90 [da:3d:fa:25:02:ac]
RSSI: -89 [da:38:57:3c:03:fa]
RSSI: -84 [da:36:73:39:00:4b]
RSSI: -86 [da:38:57:3c:03:fa]
RSSI: -85 [da:38:57:4b:04:2a]
RSSI: -82 [da:36:73:47:00:7b]
RSSI: -87 [da:38:57:4b:04:2a]
RSSI: -84 [da:36:73:47:00:7b]
RSSI: -84 [da:36:73:53:00:9b]
RSSI: -85 [da:38:57:58:04:4a]
RSSI: -81 [da:36:73:53:00:9b]
RSSI: -86 [da:38:57:66:04:7a]
RSSI: -84 [da:36:73:61:00:cb]
RSSI: -84 [da:38:57:75:04:9a]
RSSI: -81 [da:36:73:6f:00:eb]
RSSI: -82 [da:36:73:6f:00:eb]
RSSI: -83 [da:36:73:7b:01:1b]
RSSI: -81 [da:36:73:7b:01:1b]
RSSI: -86 [da:3d:fa:84:03:cc]
RSSI: -81 [da:36:73:89:01:3b]
RSSI: -89 [da:38:57:91:04:ea]
RSSI: -83 [da:36:73:89:01:3b]
RSSI: -88 [da:38:57:91:04:ea]
RSSI: -81 [da:36:73:97:01:6b]
RSSI: -80 [da:36:73:a3:01:8b]
RSSI: -88 [da:38:57:ac:05:3a]
RSSI: -88 [da:38:57:bb:05:6a]
RSSI: -81 [da:36:73:bf:01:db]
RSSI: -87 [da:38:57:d7:05:ba]
RSSI: -82 [da:36:73:cb:02:0b]
RSSI: -88 [da:38:57:d7:05:ba]
RSSI: -84 [da:36:73:d9:02:2b]
RSSI: -88 [da:38:57:e6:05:ea]
RSSI: -85 [da:36:73:e7:02:5b]
RSSI: -86 [da:36:73:f3:02:7b]
RSSI: -87 [da:36:73:f3:02:7b]
RSSI: -89 [da:36:74:01:02:ab]
RSSI: -90 [da:3d:fb:18:05:9c]
RSSI: -92 [da:38:58:3a:06:da]
RSSI: -90 [da:3d:fb:34:05:fc]
RSSI: -90 [da:3d:fb:41:06:2c]
RSSI: -92 [da:38:58:49:07:0a]
RSSI: -89 [da:3d:fb:41:06:2c]
RSSI: -88 [da:38:58:74:07:8a]
RSSI: -87 [da:38:58:80:07:aa]
RSSI: -88 [da:3d:fb:86:06:fc]
RSSI: -87 [da:38:58:8f:07:ca]
RSSI: -84 [da:38:58:8f:07:ca]
RSSI: -83 [da:38:58:9e:07:fa]
RSSI: -87 [da:3d:fb:92:07:2c]
RSSI: -84 [da:38:58:ab:08:1a]
RSSI: -82 [da:38:58:ab:08:1a]
RSSI: -82 [da:38:58:ba:08:4a]
RSSI: -80 [da:38:58:ba:08:4a]
RSSI: -78 [da:38:58:d5:08:9a]
RSSI: -79 [da:38:58:d5:08:9a]
RSSI: -79 [da:38:58:e4:08:ca]
RSSI: -90 [da:3d:fb:e4:08:2c]
RSSI: -78 [da:38:58:f3:08:ea]
RSSI: -76 [da:38:59:00:09:1a]
RSSI: -76 [da:38:59:0f:09:3a]
RSSI: -76 [da:38:59:0f:09:3a]
RSSI: -76 [da:38:59:1e:09:6a]
RSSI: -76 [da:38:59:1e:09:6a]
RSSI: -77 [da:38:59:2a:09:8a]
RSSI: -92 [da:36:75:34:06:3b]
RSSI: -77 [da:38:59:48:09:ea]
RSSI: -90 [da:36:75:42:06:6b]
RSSI: -78 [da:38:59:55:0a:0a]
RSSI: -78 [da:38:59:55:0a:0a]
RSSI: -90 [da:36:75:50:06:8b]
RSSI: -79 [da:38:59:64:0a:3a]
RSSI: -79 [da:38:59:64:0a:3a]
RSSI: -79 [da:38:59:73:0a:5a]
RSSI: -80 [da:38:59:7f:0a:8a]
RSSI: -90 [da:3d:fc:73:09:ec]
RSSI: -84 [da:38:59:8e:0a:aa]
RSSI: -82 [da:38:59:8e:0a:aa]
RSSI: -80 [da:38:59:9d:0a:da]
RSSI: -86 [da:38:59:9d:0a:da]
RSSI: -83 [da:38:59:aa:0a:fa]
RSSI: -82 [da:38:59:aa:0a:fa]
RSSI: -89 [da:3d:fc:aa:0a:9c]
RSSI: -85 [da:38:59:b9:0b:2a]
RSSI: -88 [da:3d:fc:b7:0a:bc]
RSSI: -89 [da:3d:fc:b7:0a:bc]
RSSI: -87 [da:38:59:c8:0b:5a]
RSSI: -85 [da:38:59:e4:0b:aa]
RSSI: -91 [da:3d:fc:d3:0b:1c]
RSSI: -82 [da:38:59:e4:0b:aa]
RSSI: -88 [da:38:59:f3:0b:da]
RSSI: -90 [da:36:75:fd:08:8b]
RSSI: -96 [da:3b:63:0a:06:2e]
RSSI: -88 [da:38:5a:0e:0c:2a]
RSSI: -85 [da:36:76:0b:08:bb]
RSSI: -90 [da:36:76:26:09:0b]
RSSI: -88 [da:36:76:33:09:3b]
RSSI: -91 [da:36:76:41:09:5b]
RSSI: -88 [da:36:76:4e:09:8b]
RSSI: -90 [da:36:76:5c:09:ab]
RSSI: -87 [da:36:76:69:09:db]
RSSI: -88 [da:38:5a:72:0d:4a]
RSSI: -89 [da:38:5a:7f:0d:6a]
RSSI: -88 [da:36:76:76:09:fb]
RSSI: -97 [da:3b:63:97:07:be]
RSSI: -91 [da:38:5a:9d:0d:ba]
RSSI: -91 [da:3d:fd:91:0d:7c]
RSSI: -87 [da:38:5a:aa:0d:ea]
RSSI: -87 [da:3d:fd:9f:0d:ac]
RSSI: -93 [da:36:76:ac:0a:9b]
RSSI: -88 [da:3d:fd:ac:0d:cc]
RSSI: -86 [da:38:5a:b9:0e:0a]
RSSI: -88 [da:3d:fd:ac:0d:cc]
RSSI: -87 [da:3d:fd:ba:0d:fc]
RSSI: -84 [da:3d:fd:ba:0d:fc]
RSSI: -90 [da:36:76:c7:0a:eb]
RSSI: -93 [da:38:5a:d4:0e:5a]
RSSI: -84 [da:3d:fd:d5:0e:4c]
RSSI: -89 [da:38:5a:e4:0e:8a]
RSSI: -88 [da:38:5a:f3:0e:ba]
RSSI: -85 [da:3d:fd:f1:0e:ac]
RSSI: -86 [da:3d:fd:f1:0e:ac]
RSSI: -84 [da:3d:fd:fe:0e:dc]
RSSI: -82 [da:3d:fd:fe:0e:dc]
RSSI: -81 [da:3d:fe:0c:0e:fc]
RSSI: -85 [da:38:5b:1d:0f:2a]
RSSI: -83 [da:3d:fe:0c:0e:fc]
RSSI: -83 [da:3d:fe:1a:0f:2c]
RSSI: -80 [da:3d:fe:1a:0f:2c]
RSSI: -88 [da:38:5b:2a:0f:5a]
RSSI: -83 [da:38:5b:2a:0f:5a]
RSSI: -82 [da:3d:fe:27:0f:5c]
RSSI: -80 [da:3d:fe:35:0f:8c]
RSSI: -90 [da:38:5b:48:0f:aa]
RSSI: -84 [da:3d:fe:43:0f:ac]
RSSI: -84 [da:38:5b:55:0f:ca]
RSSI: -84 [da:38:5b:64:0f:fa]
RSSI: -86 [da:3d:fe:6c:10:3c]
RSSI: -79 [da:3d:fe:79:10:5c]
RSSI: -87 [da:38:5b:7f:10:4a]
RSSI: -79 [da:3d:fe:79:10:5c]
RSSI: -83 [da:38:5b:8e:10:7a]
RSSI: -77 [da:3d:fe:87:10:8c]
RSSI: -82 [da:38:5b:9d:10:aa]
RSSI: -76 [da:3d:fe:95:10:bc]
RSSI: -79 [da:3d:fe:95:10:bc]
RSSI: -79 [da:3d:fe:95:10:bc]
RSSI: -74 [da:3d:fe:a2:10:dc]
RSSI: -74 [da:3d:fe:b0:11:0c]
RSSI: -86 [da:38:5b:b9:10:fa]
RSSI: -92 [da:3b:64:bc:0b:0e]
RSSI: -73 [da:3d:fe:b0:11:0c]
RSSI: -77 [da:3d:fe:be:11:3c]
RSSI: -78 [da:3d:fe:be:11:3c]
RSSI: -83 [da:38:5b:d5:11:4a]
RSSI: -71 [da:3d:fe:cb:11:5c]
RSSI: -84 [da:38:5b:d5:11:4a]
RSSI: -78 [da:3d:fe:cb:11:5c]
RSSI: -71 [da:3d:fe:d9:11:8c]
RSSI: -84 [da:38:5b:e4:11:6a]
RSSI: -80 [da:3d:fe:e7:11:bc]
RSSI: -87 [da:38:5b:f3:11:9a]
RSSI: -88 [da:38:5b:f3:11:9a]
RSSI: -81 [da:3d:fe:f4:11:dc]
RSSI: -85 [da:38:5c:00:11:ba]
RSSI: -81 [da:3d:fe:f4:11:dc]
RSSI: -86 [da:38:5c:0f:11:ea]
RSSI: -72 [da:3d:ff:02:12:0c]
RSSI: -84 [da:38:5c:0f:11:ea]
RSSI: -87 [da:38:5c:1e:12:1a]
RSSI: -72 [da:3d:ff:10:12:3c]
RSSI: -87 [da:38:5c:1e:12:1a]
RSSI: -80 [da:3d:ff:1d:12:5c]
RSSI: -80 [da:3d:ff:1d:12:5c]
RSSI: -73 [da:3d:ff:1d:12:5c]
RSSI: -86 [da:3b:65:2f:0c:4e]
RSSI: -86 [da:3b:65:2f:0c:4e]
RSSI: -74 [da:3d:ff:2b:12:8c]
RSSI: -80 [da:3d:ff:2b:12:8c]
RSSI: -74 [da:3d:ff:39:12:bc]
RSSI: -83 [da:3b:65:49:0c:9e]
RSSI: -75 [da:3d:ff:39:12:bc]
RSSI: -80 [da:3d:ff:46:12:dc]
RSSI: -75 [da:3d:ff:46:12:dc]
RSSI: -75 [da:3d:ff:46:12:dc]
RSSI: -83 [da:3b:65:56:0c:be]
RSSI: -83 [da:3d:ff:54:13:0c]
RSSI: -81 [da:3b:65:62:0c:de]
RSSI: -79 [da:3d:ff:62:13:3c]
RSSI: -82 [da:3b:65:6f:0d:0e]
RSSI: -79 [da:3d:ff:62:13:3c]
RSSI: -85 [da:3d:ff:6f:13:5c]
RSSI: -80 [da:3b:65:7c:0d:2e]
RSSI: -88 [da:3d:ff:7d:13:8c]
RSSI: -82 [da:3b:65:89:0d:4e]
RSSI: -80 [da:3b:65:95:0d:7e]
RSSI: -79 [da:3b:65:a2:0d:9e]
RSSI: -85 [da:3d:ff:98:13:dc]
RSSI: -83 [da:3b:65:af:0d:be]
RSSI: -78 [da:3b:65:bc:0d:ee]
RSSI: -84 [da:3d:ff:b4:14:3c]
RSSI: -79 [da:3b:65:c9:0e:0e]
RSSI: -86 [da:3d:ff:c1:14:5c]
RSSI: -85 [da:3b:65:d6:0e:2e]
RSSI: -79 [da:3b:65:e2:0e:4e]
RSSI: -80 [da:3b:65:ef:0e:7e]
RSSI: -80 [da:3b:65:ef:0e:7e]
RSSI: -81 [da:3b:66:09:0e:be]
RSSI: -83 [da:3b:66:16:0e:de]
RSSI: -83 [da:3b:66:16:0e:de]
RSSI: -88 [da:3e:00:13:15:6c]
RSSI: -90 [da:3e:00:13:15:6c]
RSSI: -91 [da:3e:00:21:15:8c]
RSSI: -88 [da:3e:00:3c:15:ec]
RSSI: -90 [da:3b:66:63:0f:be]
RSSI: -95 [da:3e:00:65:16:6c]
RSSI: -93 [da:36:79:85:13:2b]
RSSI: -93 [da:3b:66:b0:10:9e]
RSSI: -90 [da:38:5e:03:01:4a]
RSSI: -90 [da:36:7a:19:14:db]
RSSI: -90 [da:38:5e:2e:01:ca]
RSSI: -89 [da:38:5e:3d:01:fa]
RSSI: -89 [da:36:7a:42:15:5b]
RSSI: -88 [da:36:7a:42:15:5b]
RSSI: -92 [da:3b:67:64:12:9e]
RSSI: -89 [da:36:7a:5e:15:ab]
RSSI: -89 [da:36:7a:6b:15:cb]
RSSI: -87 [da:36:7a:79:15:fb]
RSSI: -94 [da:38:5e:84:02:ba]
RSSI: -87 [da:36:7a:79:15:fb]
RSSI: -86 [da:36:7a:93:16:4b]
RSSI: -86 [da:38:5e:a2:03:1a]
RSSI: -85 [da:36:7a:a1:16:7b]
RSSI: -85 [da:36:7a:a1:16:7b]
RSSI: -87 [da:3e:01:a3:03:bc]
RSSI: -86 [da:38:5e:af:03:3a]
RSSI: -86 [da:36:7a:af:00:2b]
RSSI: -91 [da:38:5e:cd:03:8a]
RSSI: -80 [da:36:7a:ca:00:7b]
RSSI: -80 [da:36:7a:ca:00:7b]
RSSI: -81 [da:36:7a:d8:00:ab]
RSSI: -92 [da:38:5e:e9:03:da]
RSSI: -80 [da:36:7a:e5:00:cb]
RSSI: -82 [da:36:7a:f8:01:0b]
RSSI: -81 [da:36:7a:f8:01:0b]
RSSI: -81 [da:36:7b:08:01:3b]
RSSI: -89 [da:38:5f:14:04:5a]
RSSI: -80 [da:36:7b:15:01:5b]
RSSI: -80 [da:36:7b:15:01:5b]
RSSI: -80 [da:36:7b:15:01:5b]
RSSI: -87 [da:3e:02:1f:05:3c]
RSSI: -80 [da:36:7b:23:01:8b]
RSSI: -80 [da:36:7b:31:01:ab]
RSSI: -88 [da:3e:02:2b:05:6c]
RSSI: -82 [da:36:7b:31:01:ab]
RSSI: -80 [da:36:7b:3e:01:db]
RSSI: -81 [da:36:7b:3e:01:db]
RSSI: -91 [da:38:5f:4f:04:fa]
RSSI: -80 [da:36:7b:4c:01:fb]
RSSI: -80 [da:36:7b:4c:01:fb]
RSSI: -81 [da:36:7b:4c:01:fb]
RSSI: -85 [da:36:7b:5a:02:2b]
RSSI: -83 [da:36:7b:75:02:7b]
RSSI: -91 [da:3e:02:71:06:3c]
RSSI: -83 [da:36:7b:75:02:7b]
RSSI: -95 [da:38:5f:7a:05:7a]
RSSI: -87 [da:3e:02:71:06:3c]
RSSI: -86 [da:36:7b:75:02:7b]
RSSI: -85 [da:36:7b:83:02:9b]
RSSI: -92 [da:38:5f:96:05:ca]
RSSI: -93 [da:3e:02:a7:06:ec]
RSSI: -94 [da:36:7b:e1:03:bb]
RSSI: -94 [da:36:7b:ef:03:db]
RSSI: -91 [da:38:5f:fb:06:ea]
RSSI: -84 [da:38:60:17:07:3a]
RSSI: -84 [da:38:60:26:07:6a]
RSSI: -84 [da:38:60:26:07:6a]
RSSI: -89 [da:38:60:33:07:8a]
RSSI: -83 [da:38:60:42:07:ba]
RSSI: -87 [da:38:60:42:07:ba]
RSSI: -81 [da:38:60:52:07:da]
RSSI: -79 [da:38:60:5e:08:0a]
RSSI: -84 [da:38:60:6e:08:3a]
RSSI: -84 [da:38:60:6e:08:3a]
RSSI: -80 [da:38:60:7d:08:5a]
RSSI: -81 [da:38:60:8a:08:8a]
RSSI: -80 [da:38:60:8a:08:8a]
RSSI: -80 [da:38:60:99:08:aa]
RSSI: -81 [da:38:60:a8:08:da]
RSSI: -80 [da:38:60:b5:08:fa]
RSSI: -80 [da:38:60:b5:08:fa]
RSSI: -80 [da:38:60:c4:09:2a]
RSSI: -80 [da:38:60:d3:09:5a]
RSSI: -92 [da:3e:03:ca:0a:8c]
RSSI: -84 [da:38:60:e0:09:7a]
RSSI: -84 [da:38:60:f0:09:aa]
RSSI: -85 [da:38:60:f0:09:aa]
RSSI: -84 [da:38:60:ff:09:da]
RSSI: -84 [da:38:60:ff:09:da]
RSSI: -87 [da:38:60:ff:09:da]
RSSI: -94 [da:36:7d:0e:07:3b]
RSSI: -88 [da:38:61:1b:0a:2a]
RSSI: -90 [da:36:7d:45:07:db]
RSSI: -88 [da:36:7d:52:08:0b]
RSSI: -93 [da:3e:04:63:0c:6c]
RSSI: -92 [da:36:7d:7b:08:8b]
RSSI: -89 [da:36:7d:a4:08:fb]
RSSI: -91 [da:3e:04:a8:0d:4c]
RSSI: -90 [da:3e:04:b7:0d:7c]
RSSI: -88 [da:3e:04:c3:0d:9c]
RSSI: -89 [da:36:7d:cd:09:7b]
RSSI: -88 [da:3e:04:d2:0d:cc]
RSSI: -90 [da:3e:04:d2:0d:cc]
RSSI: -90 [da:3e:04:e0:0d:fc]
RSSI: -89 [da:36:7d:db:09:ab]
RSSI: -90 [da:36:7e:04:0a:1b]
RSSI: -89 [da:36:7e:12:0a:4b]
RSSI: -89 [da:3e:05:16:0e:ac]
RSSI: -89 [da:3e:05:16:0e:ac]
RSSI: -89 [da:3e:05:25:0e:cc]
RSSI: -88 [da:36:7e:3b:0a:cb]
RSSI: -87 [da:36:7e:48:0a:eb]
RSSI: -87 [da:36:7e:64:0b:3b]
RSSI: -89 [da:3e:05:93:10:2c]
RSSI: -87 [da:3e:05:a2:10:5c]
RSSI: -82 [da:3e:05:bd:10:bc]
RSSI: -82 [da:3e:05:bd:10:bc]
RSSI: -81 [da:3e:05:cc:10:ec]
RSSI: -80 [da:3e:05:cc:10:ec]
RSSI: -80 [da:3e:05:cc:10:ec]
RSSI: -79 [da:3e:05:da:11:0c]
RSSI: -79 [da:3e:05:e7:11:3c]
RSSI: -80 [da:3e:05:e7:11:3c]
RSSI: -80 [da:3e:05:f5:11:6c]
RSSI: -78 [da:3e:05:f5:11:6c]
RSSI: -78 [da:3e:06:04:11:9c]
RSSI: -77 [da:3e:06:11:11:bc]
RSSI: -80 [da:3e:06:11:11:bc]
RSSI: -78 [da:3e:06:1f:11:ec]
RSSI: -76 [da:3e:06:1f:11:ec]
RSSI: -78 [da:3e:06:2e:12:1c]
RSSI: -78 [da:3e:06:2e:12:1c]
RSSI: -80 [da:3e:06:3a:12:3c]
RSSI: -79 [da:3e:06:49:12:6c]
RSSI: -81 [da:3e:06:57:12:9c]
RSSI: -79 [da:3e:06:57:12:9c]
RSSI: -85 [da:3e:06:64:12:cc]
RSSI: -82 [da:3e:06:64:12:cc]
RSSI: -83 [da:3e:06:73:12:fc]
RSSI: -86 [da:3e:06:73:12:fc]
RSSI: -85 [da:3e:06:81:13:1c]
RSSI: -91 [da:36:7f:ae:0f:1b]
RSSI: -94 [da:3b:6c:b6:0b:4e]
RSSI: -93 [da:3b:6c:c3:0b:6e]
RSSI: -90 [da:3e:06:d5:14:2c]
RSSI: -92 [da:3b:6c:ea:0b:de]
RSSI: -89 [da:3b:6c:f8:0b:fe]
RSSI: -86 [da:3b:6d:12:0c:4e]
RSSI: -87 [da:3b:6d:12:0c:4e]
RSSI: -88 [da:3b:6d:1f:0c:6e]
RSSI: -86 [da:3b:6d:2b:0c:9e]
RSSI: -84 [da:3b:6d:46:0c:de]
RSSI: -85 [da:3b:6d:46:0c:de]
RSSI: -87 [da:3b:6d:53:0d:0e]
RSSI: -92 [da:3e:07:44:15:7c]
RSSI: -82 [da:3b:6d:53:0d:0e]
RSSI: -83 [da:3b:6d:60:0d:2e]
RSSI: -88 [da:3e:07:5f:15:dc]
RSSI: -81 [da:3b:6d:6d:0d:4e]
RSSI: -89 [da:3e:07:5f:15:dc]
RSSI: -82 [da:3b:6d:7a:0d:7e]
RSSI: -82 [da:3b:6d:87:0d:9e]
RSSI: -81 [da:3b:6d:95:0d:be]
RSSI: -84 [da:3b:6d:a1:0d:ee]
RSSI: -82 [da:3b:6d:bc:0e:2e]
RSSI: -84 [da:3b:6d:c9:0e:4e]
RSSI: -87 [da:3b:6d:d6:0e:7e]
RSSI: -89 [da:3b:6d:e3:0e:9e]
RSSI: -88 [da:3b:6d:f0:0e:be]
RSSI: -88 [da:3b:6e:0b:0f:0e]
RSSI: -96 [da:38:65:09:15:6a]
RSSI: -89 [da:3b:6e:17:0f:2e]
RSSI: -89 [da:3b:6e:2a:0f:6e]
RSSI: -97 [da:3b:6e:61:10:0e]
RSSI: -93 [da:3b:6e:7c:10:4e]
RSSI: -94 [da:3e:08:85:02:ec]
RSSI: -93 [da:3e:08:a2:03:4c]
RSSI: -91 [da:3b:6e:d8:11:5e]
RSSI: -86 [da:36:81:d4:15:8b]
RSSI: -89 [da:36:81:d4:15:8b]
RSSI: -87 [da:36:81:e2:15:ab]
RSSI: -88 [da:36:81:f1:15:db]
RSSI: -85 [da:36:81:fd:16:0b]
RSSI: -87 [da:36:81:fd:16:0b]
RSSI: -84 [da:36:82:0c:16:2b]
RSSI: -84 [da:36:82:0c:16:2b]
RSSI: -84 [da:36:82:1a:16:5b]
RSSI: -83 [da:36:82:27:16:7b]
RSSI: -82 [da:36:82:27:16:7b]
RSSI: -81 [da:36:82:35:00:2b]
RSSI: -83 [da:36:82:35:00:2b]
RSSI: -82 [da:36:82:5f:00:ab]
RSSI: -80 [da:36:82:6d:00:db]
RSSI: -82 [da:36:82:7a:00:fb]
RSSI: -82 [da:36:82:7a:00:fb]
RSSI: -81 [da:36:82:88:01:2b]
RSSI: -82 [da:36:82:88:01:2b]
RSSI: -82 [da:36:82:97:01:4b]
RSSI: -82 [da:36:82:97:01:4b]
RSSI: -81 [da:36:82:97:01:4b]
RSSI: -81 [da:36:82:97:01:4b]
RSSI: -82 [da:36:82:b2:01:9b]
RSSI: -84 [da:36:82:c0:01:cb]
RSSI: -95 [da:3e:09:c8:06:ec]
RSSI: -85 [da:36:82:cd:01:eb]
RSSI: -83 [da:36:82:db:02:1b]
RSSI: -85 [da:36:82:ea:02:4b]
RSSI: -86 [da:36:82:f6:02:6b]
RSSI: -87 [da:36:83:05:02:9b]
RSSI: -90 [da:36:83:13:02:cb]
RSSI: -89 [da:36:83:20:02:eb]
RSSI: -92 [da:36:83:2f:03:1b]
RSSI: -95 [da:3b:70:3b:15:4e]
RSSI: -92 [da:3e:0a:4e:08:8c]
RSSI: -94 [da:36:83:73:03:eb]
RSSI: -90 [da:3e:0a:78:09:0c]
RSSI: -96 [da:3b:70:a5:16:6e]
RSSI: -91 [da:36:83:ab:04:8b]
RSSI: -90 [da:38:67:b7:06:da]
RSSI: -90 [da:38:67:e3:07:5a]
RSSI: -89 [da:3e:0a:e8:0a:6c]
RSSI: -84 [da:38:68:02:07:aa]
RSSI: -84 [da:38:68:0e:07:da]
RSSI: -89 [da:38:68:1e:08:0a]
RSSI: -85 [da:38:68:1e:08:0a]
RSSI: -91 [da:3e:0b:21:0b:1c]
RSSI: -89 [da:38:68:2e:08:2a]
RSSI: -82 [da:38:68:3a:08:5a]
RSSI: -90 [da:3e:0b:2d:0b:4c]
RSSI: -82 [da:38:68:4a:08:7a]
RSSI: -87 [da:38:68:5a:08:aa]
RSSI: -87 [da:38:68:66:08:ca]
RSSI: -92 [da:3e:0b:75:0c:2c]
RSSI: -86 [da:38:68:86:09:2a]
RSSI: -94 [da:36:84:a6:07:7b]
RSSI: -90 [da:38:68:b2:09:aa]
RSSI: -94 [da:3e:0b:ca:0d:3c]
RSSI: -92 [da:36:84:cf:07:eb]
RSSI: -92 [da:38:68:de:0a:2a]
RSSI: -92 [da:38:68:de:0a:2a]
RSSI: -94 [da:3e:0b:d7:0d:6c]
RSSI: -93 [da:36:84:de:08:1b]
RSSI: -96 [da:38:69:0a:0a:aa]
RSSI: -88 [da:36:85:08:08:9b]
RSSI: -93 [da:38:69:26:0a:fa]
RSSI: -89 [da:3e:0c:2b:0e:7c]
RSSI: -95 [da:36:85:5b:09:8b]
RSSI: -94 [da:36:85:77:09:db]
RSSI: -94 [da:36:85:77:09:db]
RSSI: -87 [da:3e:0c:9e:0f:dc]
RSSI: -89 [da:3e:0c:aa:10:0c]
RSSI: -91 [da:36:85:bc:0a:bb]
RSSI: -90 [da:3e:0c:d5:10:8c]
RSSI: -87 [da:3e:0c:e4:10:bc]
RSSI: -80 [da:3e:0c:f3:10:ec]
RSSI: -81 [da:3e:0c:f3:10:ec]
RSSI: -80 [da:3e:0c:ff:11:0c]
RSSI: -84 [da:3e:0d:0e:11:3c]
RSSI: -79 [da:3e:0d:1d:11:6c]
RSSI: -80 [da:3e:0d:2a:11:9c]
RSSI: -78 [da:3e:0d:2a:11:9c]
RSSI: -77 [da:3e:0d:39:11:cc]
RSSI: -77 [da:3e:0d:48:11:fc]
RSSI: -79 [da:3e:0d:48:11:fc]
RSSI: -76 [da:3e:0d:54:12:1c]
RSSI: -76 [da:3e:0d:63:12:4c]
RSSI: -76 [da:3e:0d:63:12:4c]
RSSI: -79 [da:3e:0d:72:12:7c]
RSSI: -76 [da:3e:0d:72:12:7c]
RSSI: -77 [da:3e:0d:7f:12:9c]
RSSI: -81 [da:3e:0d:7f:12:9c]
RSSI: -79 [da:3e:0d:8e:12:cc]
RSSI: -80 [da:3e:0d:9d:12:fc]
RSSI: -87 [da:3e:0d:a9:13:2c]
RSSI: -94 [da:38:6a:b4:0f:6a]
RSSI: -83 [da:3e:0d:a9:13:2c]
RSSI: -89 [da:38:6a:c4:0f:9a]
RSSI: -88 [da:38:6a:e0:0f:ea]
RSSI: -89 [da:38:6a:e0:0f:ea]
RSSI: -88 [da:3e:0e:0d:14:5c]
RSSI: -92 [da:36:87:35:0f:2b]
RSSI: -92 [da:36:87:44:0f:4b]
RSSI: -92 [da:3e:0e:47:15:1c]
RSSI: -92 [da:36:87:44:0f:4b]
RSSI: -89 [da:3e:0e:8d:15:ec]
RSSI: -90 [da:3e:0e:a9:16:4c]
RSSI: -91 [da:3e:0e:b8:16:7c]
RSSI: -89 [da:3e:0e:c7:00:2c]
RSSI: -91 [da:3b:74:d8:0c:0e]
RSSI: -92 [da:36:87:dd:11:1b]
RSSI: -89 [da:3b:74:e6:0c:2e]
RSSI: -88 [da:3b:75:00:0c:7e]
RSSI: -92 [da:3b:75:1a:0c:be]
RSSI: -94 [da:36:88:16:11:cb]
RSSI: -91 [da:3b:75:1a:0c:be]
RSSI: -92 [da:38:6c:26:13:8a]
RSSI: -88 [da:3b:75:5e:0d:8e]
RSSI: -90 [da:3b:75:6b:0d:ae]
RSSI: -88 [da:3b:75:6b:0d:ae]
RSSI: -85 [da:3b:75:86:0d:ee]
RSSI: -88 [da:3b:75:86:0d:ee]
RSSI: -87 [da:3b:75:93:0e:1e]
RSSI: -86 [da:3b:75:a1:0e:3e]
RSSI: -87 [da:3b:75:ae:0e:5e]
RSSI: -90 [da:3b:75:d6:0e:de]
RSSI: -92 [da:36:89:00:14:7b]
RSSI: -93 [da:36:89:10:14:ab]
RSSI: -92 [da:36:89:2d:15:0b]
RSSI: -89 [da:36:89:3d:15:3b]
RSSI: -92 [da:36:89:59:15:8b]
RSSI: -94 [da:38:6d:79:01:2a]
RSSI: -87 [da:36:89:86:16:0b]
RSSI: -85 [da:36:89:86:16:0b]
RSSI: -87 [da:36:89:97:16:3b]
RSSI: -84 [da:36:89:a3:16:6b]
RSSI: -83 [da:36:89:b3:00:0b]
RSSI: -81 [da:36:89:c0:00:2b]
RSSI: -81 [da:36:89:c0:00:2b]
RSSI: -91 [da:38:6d:d3:02:2a]
RSSI: -80 [da:36:89:cf:00:5b]
RSSI: -80 [da:36:89:cf:00:5b]
RSSI: -81 [da:36:89:de:00:7b]
RSSI: -88 [da:38:6d:e2:02:5a]
RSSI: -79 [da:36:89:de:00:7b]
RSSI: -79 [da:36:89:ea:00:ab]
RSSI: -88 [da:38:6d:ff:02:aa]
RSSI: -77 [da:36:89:f9:00:cb]
RSSI: -78 [da:36:8a:08:00:fb]
RSSI: -77 [da:36:8a:14:01:1b]
RSSI: -89 [da:38:6e:1c:02:fa]
RSSI: -77 [da:36:8a:14:01:1b]
RSSI: -77 [da:36:8a:14:01:1b]
RSSI: -77 [da:36:8a:23:01:4b]
RSSI: -77 [da:36:8a:32:01:7b]
RSSI: -76 [da:36:8a:32:01:7b]
RSSI: -84 [da:38:6e:48:03:7a]
RSSI: -76 [da:36:8a:3f:01:9b]
RSSI: -83 [da:38:6e:48:03:7a]
RSSI: -90 [da:38:6e:48:03:7a]
RSSI: -76 [da:36:8a:4e:01:cb]
RSSI: -88 [da:38:6e:58:03:aa]
RSSI: -76 [da:36:8a:4e:01:cb]
RSSI: -87 [da:38:6e:58:03:aa]
RSSI: -75 [da:36:8a:5c:01:fb]
RSSI: -76 [da:36:8a:5c:01:fb]
RSSI: -88 [da:38:6e:68:03:da]
RSSI: -76 [da:36:8a:69:02:1b]
RSSI: -84 [da:38:6e:75:03:fa]
RSSI: -75 [da:36:8a:69:02:1b]
RSSI: -85 [da:38:6e:75:03:fa]
RSSI: -76 [da:36:8a:78:02:4b]
RSSI: -92 [da:3e:11:72:08:9c]
RSSI: -83 [da:38:6e:85:04:2a]
RSSI: -75 [da:36:8a:87:02:7b]
RSSI: -83 [da:38:6e:95:04:5a]
RSSI: -76 [da:36:8a:93:02:9b]
RSSI: -87 [da:3e:11:8e:08:ec]
RSSI: -76 [da:36:8a:93:02:9b]
RSSI: -83 [da:38:6e:a1:04:7a]
RSSI: -86 [da:3e:11:9d:09:1c]
RSSI: -77 [da:36:8a:a2:02:cb]
RSSI: -78 [da:36:8a:b1:02:fb]
RSSI: -79 [da:36:8a:b1:02:fb]
RSSI: -85 [da:3e:11:aa:09:4c]
RSSI: -84 [da:38:6e:c1:04:da]
RSSI: -88 [da:38:6e:c1:04:da]
RSSI: -89 [da:38:6e:c1:04:da]
RSSI: -81 [da:36:8a:be:03:1b]
RSSI: -87 [da:38:6e:ce:04:fa]
RSSI: -91 [da:3e:11:c8:09:ac]
RSSI: -83 [da:36:8a:cd:03:4b]
RSSI: -83 [da:38:6e:de:05:2a]
RSSI: -98 [da:3b:77:fc:14:ee]
RSSI: -87 [da:38:6e:fa:05:7a]
RSSI: -83 [da:38:6e:fa:05:7a]
RSSI: -84 [da:38:6f:0b:05:aa]
RSSI: -86 [da:36:8b:06:03:eb]
RSSI: -85 [da:38:6f:0b:05:aa]
RSSI: -83 [da:38:6f:1a:05:da]
RSSI: -85 [da:38:6f:1a:05:da]
RSSI: -88 [da:36:8b:21:04:3b]
RSSI: -84 [da:38:6f:27:05:fa]
RSSI: -84 [da:38:6f:27:05:fa]
RSSI: -88 [da:36:8b:30:04:6b]
RSSI: -85 [da:38:6f:37:06:2a]
RSSI: -87 [da:38:6f:47:06:5a]
RSSI: -87 [da:38:6f:64:06:aa]
RSSI: -85 [da:38:6f:74:06:da]
RSSI: -83 [da:38:6f:74:06:da]
RSSI: -80 [da:38:6f:80:06:fa]
RSSI: -78 [da:38:6f:91:07:2a]
RSSI: -78 [da:38:6f:a0:07:5a]
RSSI: -77 [da:38:6f:a0:07:5a]
RSSI: -77 [da:38:6f:ad:07:7a]
RSSI: -76 [da:38:6f:ad:07:7a]
RSSI: -76 [da:38:6f:bd:07:aa]
RSSI: -91 [da:36:8b:bc:06:0b]
RSSI: -75 [da:38:6f:bd:07:aa]
RSSI: -75 [da:38:6f:cd:07:da]
RSSI: -74 [da:38:6f:cd:07:da]
RSSI: -76 [da:38:6f:da:07:fa]
RSSI: -75 [da:38:6f:ea:08:2a]
RSSI: -74 [da:38:6f:ea:08:2a]
RSSI: -91 [da:3e:12:e6:0d:3c]
RSSI: -74 [da:38:6f:fa:08:5a]
RSSI: -74 [da:38:6f:fa:08:5a]
RSSI: -73 [da:38:70:07:08:7a]
RSSI: -86 [da:36:8c:04:06:eb]
RSSI: -74 [da:38:70:17:08:aa]
RSSI: -86 [da:36:8c:11:07:1b]
RSSI: -73 [da:38:70:17:08:aa]
RSSI: -74 [da:38:70:27:08:da]
RSSI: -74 [da:38:70:27:08:da]
RSSI: -75 [da:38:70:33:08:fa]
RSSI: -75 [da:38:70:33:08:fa]
RSSI: -75 [da:38:70:43:09:2a]
RSSI: -75 [da:38:70:43:09:2a]
RSSI: -76 [da:38:70:53:09:5a]
RSSI: -75 [da:38:70:53:09:5a]
RSSI: -77 [da:38:70:60:09:7a]
RSSI: -77 [da:38:70:70:09:aa]
RSSI: -87 [da:36:8c:75:08:3b]
RSSI: -90 [da:36:8c:84:08:6b]
RSSI: -79 [da:38:70:8d:09:fa]
RSSI: -94 [da:3e:13:83:0f:2c]
RSSI: -82 [da:38:70:9d:0a:2a]
RSSI: -80 [da:38:70:9d:0a:2a]
RSSI: -82 [da:38:70:ad:0a:5a]
RSSI: -94 [da:36:8c:ae:08:eb]
RSSI: -81 [da:38:70:b9:0a:7a]
RSSI: -81 [da:38:70:b9:0a:7a]
RSSI: -79 [da:38:70:ca:0a:aa]
RSSI: -80 [da:38:70:ca:0a:aa]
RSSI: -82 [da:38:70:da:0a:da]
RSSI: -80 [da:38:70:da:0a:da]
RSSI: -89 [da:3e:13:d9:10:3c]
RSSI: -93 [da:36:8d:04:09:eb]
RSSI: -92 [da:36:8d:04:09:eb]
RSSI: -84 [da:3e:14:04:10:bc]
RSSI: -84 [da:3e:14:13:10:ec]
RSSI: -84 [da:3e:14:13:10:ec]
RSSI: -87 [da:36:8d:1f:0a:3b]
RSSI: -83 [da:3e:14:22:11:1c]
RSSI: -81 [da:3e:14:3e:11:7c]
RSSI: -79 [da:3e:14:3e:11:7c]
RSSI: -80 [da:3e:14:4e:11:ac]
RSSI: -78 [da:3e:14:5a:11:cc]
RSSI: -84 [da:3e:14:6a:11:fc]
RSSI: -88 [da:36:8d:75:0b:3b]
RSSI: -74 [da:3e:14:79:12:3c]
RSSI: -74 [da:3e:14:79:12:3c]
RSSI: -78 [da:3e:14:79:12:3c]
RSSI: -86 [da:38:71:8d:0c:ea]
RSSI: -88 [da:36:8d:83:0b:6b]
RSSI: -79 [da:3e:14:85:12:5c]
RSSI: -78 [da:3e:14:85:12:5c]
RSSI: -86 [da:38:71:9a:0d:0a]
RSSI: -77 [da:3e:14:95:12:8c]
RSSI: -77 [da:3e:14:95:12:8c]
RSSI: -86 [da:38:71:aa:0d:3a]
RSSI: -77 [da:3e:14:a4:12:bc]
RSSI: -77 [da:3e:14:b1:12:ec]
RSSI: -79 [da:3e:14:b1:12:ec]
RSSI: -85 [da:38:71:c7:0d:8a]
RSSI: -79 [da:3e:14:c0:13:1c]
RSSI: -86 [da:38:71:d7:0d:ba]
RSSI: -83 [da:3e:14:cf:13:4c]
RSSI: -84 [da:38:71:d7:0d:ba]
RSSI: -86 [da:38:71:e7:0d:ea]
RSSI: -90 [da:3e:14:dc:13:6c]
RSSI: -88 [da:38:71:e7:0d:ea]
RSSI: -87 [da:3e:14:dc:13:6c]
RSSI: -87 [da:38:72:14:0e:6a]
RSSI: -86 [da:38:72:20:0e:9a]
RSSI: -83 [da:38:72:31:0e:ba]
RSSI: -85 [da:38:72:31:0e:ba]
RSSI: -83 [da:38:72:41:0e:ea]
RSSI: -86 [da:3e:15:32:14:7c]
RSSI: -82 [da:38:72:4d:0f:1a]
RSSI: -84 [da:38:72:4d:0f:1a]
RSSI: -83 [da:38:72:5d:0f:3a]
RSSI: -84 [da:38:72:6e:0f:6a]
RSSI: -84 [da:38:72:6e:0f:6a]
RSSI: -83 [da:38:72:7a:0f:9a]
RSSI: -82 [da:38:72:8a:0f:ba]
RSSI: -83 [da:38:72:8a:0f:ba]
RSSI: -91 [da:36:8e:83:0e:6b]
RSSI: -91 [da:3e:15:89:15:8c]
RSSI: -81 [da:38:72:9b:0f:ea]
RSSI: -89 [da:3e:15:98:15:bc]
RSSI: -84 [da:38:72:a7:10:1a]
RSSI: -84 [da:38:72:a7:10:1a]
RSSI: -81 [da:38:72:a7:10:1a]
RSSI: -81 [da:38:72:b7:10:4a]
RSSI: -83 [da:38:72:b7:10:4a]
RSSI: -86 [da:36:8e:bb:0f:0b]
RSSI: -86 [da:36:8e:bb:0f:0b]
RSSI: -82 [da:38:72:c8:10:7a]
RSSI: -87 [da:36:8e:ca:0f:3b]
RSSI: -84 [da:38:72:d4:10:9a]
RSSI: -83 [da:38:72:d4:10:9a]
RSSI: -89 [da:36:8e:d9:0f:6b]
RSSI: -93 [da:3e:15:df:00:0c]
RSSI: -82 [da:38:72:fd:11:0a]
RSSI: -95 [da:3e:15:ef:00:2c]
RSSI: -90 [da:36:8e:f5:0f:bb]
RSSI: -84 [da:38:73:0a:11:2a]
RSSI: -83 [da:38:73:0a:11:2a]
RSSI: -93 [da:36:8f:10:10:1b]
RSSI: -96 [da:3e:16:0b:00:8c]
RSSI: -85 [da:38:73:1a:11:5a]
RSSI: -87 [da:38:73:2a:11:8a]
RSSI: -85 [da:38:73:37:11:ba]
RSSI: -87 [da:38:73:37:11:ba]
RSSI: -83 [da:3e:16:36:01:0c]
RSSI: -87 [da:36:8f:3b:10:9b]
RSSI: -86 [da:38:73:47:11:da]
RSSI: -88 [da:38:73:54:12:0a]
RSSI: -90 [da:38:73:54:12:0a]
RSSI: -89 [da:38:73:60:12:2a]
RSSI: -91 [da:38:73:6d:12:4a]
RSSI: -88 [da:38:73:6d:12:4a]
RSSI: -87 [da:38:73:86:12:9a]
RSSI: -93 [da:3e:16:71:01:cc]
RSSI: -93 [da:38:73:93:12:ba]
RSSI: -89 [da:36:8f:91:11:9b]
RSSI: -90 [da:38:73:a0:12:da]
RSSI: -90 [da:36:8f:a0:11:cb]
RSSI: -89 [da:38:73:ad:13:0a]
RSSI: -88 [da:36:8f:af:11:eb]
RSSI: -88 [da:36:8f:af:11:eb]
RSSI: -88 [da:38:73:b9:13:2a]
RSSI: -89 [da:38:73:c6:13:4a]
RSSI: -88 [da:38:73:d3:13:7a]
RSSI: -90 [da:38:73:d3:13:7a]
RSSI: -89 [da:38:73:df:13:9a]
RSSI: -87 [da:38:73:df:13:9a]
RSSI: -88 [da:3b:7c:ef:0c:8e]
RSSI: -87 [da:38:74:06:14:0a]
RSSI: -88 [da:3b:7d:0a:0c:ce]
RSSI: -91 [da:38:74:12:14:2a]
RSSI: -89 [da:3b:7d:26:0d:1e]
RSSI: -87 [da:38:74:2c:14:7a]
RSSI: -89 [da:3b:7d:4f:0d:9e]
RSSI: -88 [da:38:74:52:14:da]
RSSI: -93 [da:36:90:85:14:6b]
RSSI: -93 [da:38:74:9e:15:ba]
RSSI: -91 [da:38:74:b8:15:fa]
RSSI: -91 [da:36:90:b0:14:eb]
RSSI: -87 [da:36:90:f7:15:bb]
RSSI: -94 [da:3b:7e:1c:0f:de]
RSSI: -91 [da:38:75:1e:00:da]
RSSI: -84 [da:36:91:13:16:0b]
RSSI: -90 [da:38:75:37:01:2a]
RSSI: -78 [da:36:91:3e:00:0b]
RSSI: -86 [da:38:75:51:01:6a]
RSSI: -76 [da:36:91:4d:00:2b]
RSSI: -76 [da:36:91:4d:00:2b]
RSSI: -87 [da:38:75:5d:01:9a]
RSSI: -76 [da:36:91:5c:00:5b]
RSSI: -75 [da:36:91:5c:00:5b]
RSSI: -75 [da:36:91:69:00:8b]
RSSI: -89 [da:38:75:84:01:fa]
RSSI: -75 [da:36:91:87:00:db]
RSSI: -88 [da:38:75:9d:02:4a]
RSSI: -75 [da:36:91:94:01:0b]
RSSI: -88 [da:3e:18:9d:08:9c]
RSSI: -86 [da:38:75:aa:02:6a]
RSSI: -75 [da:36:91:a3:01:2b]
RSSI: -85 [da:38:75:b7:02:8a]
RSSI: -74 [da:36:91:b2:01:5b]
RSSI: -90 [da:3e:18:ac:08:dc]
RSSI: -72 [da:36:91:b2:01:5b]
RSSI: -83 [da:38:75:c4:02:ba]
RSSI: -84 [da:38:75:c4:02:ba]
RSSI: -94 [da:3b:7e:cd:11:de]
RSSI: -83 [da:38:75:d0:02:da]
RSSI: -75 [da:36:91:ce:01:bb]
RSSI: -76 [da:36:91:ce:01:bb]
RSSI: -75 [da:36:91:ce:01:bb]
RSSI: -83 [da:38:75:dd:02:fa]
RSSI: -75 [da:36:91:ce:01:bb]
RSSI: -73 [da:36:91:dd:01:db]
RSSI: -89 [da:3e:18:d8:09:5c]
RSSI: -75 [da:36:91:dd:01:db]
RSSI: -82 [da:38:75:ea:03:1a]
RSSI: -73 [da:36:91:ea:02:0b]
RSSI: -76 [da:36:91:f9:02:3b]
RSSI: -81 [da:38:76:10:03:8a]
RSSI: -76 [da:36:92:08:02:5b]
RSSI: -82 [da:38:76:10:03:8a]
RSSI: -76 [da:36:92:08:02:5b]
RSSI: -75 [da:36:92:15:02:8b]
RSSI: -77 [da:36:92:15:02:8b]
RSSI: -84 [da:38:76:2a:03:da]
RSSI: -76 [da:36:92:24:02:bb]
RSSI: -85 [da:38:76:37:03:fa]
RSSI: -78 [da:36:92:34:02:db]
RSSI: -78 [da:36:92:34:02:db]
RSSI: -83 [da:38:76:43:04:1a]
RSSI: -88 [da:3e:19:3e:0a:ac]
RSSI: -78 [da:36:92:40:03:0b]
RSSI: -80 [da:36:92:40:03:0b]
RSSI: -82 [da:36:92:5f:03:5b]
RSSI: -83 [da:38:76:83:04:da]
RSSI: -85 [da:36:92:7b:03:bb]
RSSI: -83 [da:38:76:83:04:da]
RSSI: -84 [da:36:92:7b:03:bb]
RSSI: -83 [da:36:92:8a:03:eb]
RSSI: -85 [da:38:76:90:04:fa]
RSSI: -85 [da:36:92:8a:03:eb]
RSSI: -84 [da:38:76:9d:05:2a]
RSSI: -82 [da:36:92:96:04:0b]
RSSI: -82 [da:36:92:96:04:0b]
RSSI: -82 [da:36:92:96:04:0b]
RSSI: -83 [da:38:76:aa:05:4a]
RSSI: -83 [da:38:76:aa:05:4a]
RSSI: -83 [da:38:76:aa:05:4a]
RSSI: -84 [da:38:76:b7:05:6a]
RSSI: -83 [da:36:92:b5:04:6b]
RSSI: -84 [da:36:92:b5:04:6b]
RSSI: -82 [da:38:76:c3:05:9a]
RSSI: -83 [da:36:92:c1:04:8b]
RSSI: -82 [da:38:76:d0:05:ba]
RSSI: -84 [da:36:92:c1:04:8b]
RSSI: -83 [da:38:76:d0:05:ba]
RSSI: -83 [da:38:76:d0:05:ba]
RSSI: -86 [da:38:76:dd:05:da]
RSSI: -89 [da:36:92:e0:04:eb]
RSSI: -85 [da:38:76:ea:05:fa]
RSSI: -88 [da:36:92:e0:04:eb]
RSSI: -85 [da:38:76:f7:06:2a]
RSSI: -84 [da:38:76:f7:06:2a]
RSSI: -86 [da:36:92:fc:05:3b]
RSSI: -88 [da:36:92:fc:05:3b]
RSSI: -86 [da:38:77:10:06:6a]
RSSI: -93 [da:3b:80:16:15:6e]
RSSI: -94 [da:3b:80:16:15:6e]
RSSI: -83 [da:38:77:1d:06:9a]
RSSI: -83 [da:38:77:1d:06:9a]
RSSI: -88 [da:3e:1a:19:0d:5c]
RSSI: -85 [da:38:77:2a:06:ba]
RSSI: -88 [da:36:93:27:05:bb]
RSSI: -79 [da:38:77:37:06:da]
RSSI: -87 [da:36:93:27:05:bb]
RSSI: -86 [da:3e:1a:25:0d:7c]
RSSI: -88 [da:36:93:36:05:eb]
RSSI: -77 [da:38:77:44:07:0a]
RSSI: -79 [da:38:77:44:07:0a]
RSSI: -86 [da:3e:1a:35:0d:bc]
RSSI: -90 [da:36:93:43:06:0b]
RSSI: -93 [da:3b:80:4e:16:0e]
RSSI: -80 [da:38:77:51:07:2a]
RSSI: -85 [da:3e:1a:51:0e:0c]
RSSI: -76 [da:38:77:6a:07:6a]
RSSI: -89 [da:3e:1a:61:0e:3c]
RSSI: -77 [da:38:77:77:07:9a]
RSSI: -75 [da:38:77:84:07:ba]
RSSI: -88 [da:3e:1a:7d:0e:9c]
RSSI: -75 [da:38:77:91:07:ea]
RSSI: -75 [da:38:77:91:07:ea]
RSSI: -75 [da:38:77:9e:08:0a]
RSSI: -75 [da:38:77:aa:08:2a]
RSSI: -74 [da:38:77:b7:08:5a]
RSSI: -82 [da:3e:1a:a9:0f:2c]
RSSI: -90 [da:36:93:a9:07:3b]
RSSI: -74 [da:38:77:b7:08:5a]
RSSI: -85 [da:3e:1a:a9:0f:2c]
RSSI: -74 [da:38:77:c4:08:7a]
RSSI: -84 [da:3e:1a:b8:0f:5c]
RSSI: -74 [da:38:77:d1:08:9a]
RSSI: -87 [da:3e:1a:c8:0f:8c]
RSSI: -74 [da:38:77:de:08:ca]
RSSI: -75 [da:38:77:de:08:ca]
RSSI: -86 [da:36:93:e3:07:eb]
RSSI: -75 [da:38:77:eb:08:ea]
RSSI: -76 [da:38:77:f7:09:0a]
RSSI: -91 [da:36:93:f0:08:0b]
RSSI: -85 [da:36:93:f0:08:0b]
RSSI: -75 [da:38:78:04:09:3a]
RSSI: -76 [da:38:78:04:09:3a]
RSSI: -76 [da:38:78:11:09:5a]
RSSI: -76 [da:38:78:11:09:5a]
RSSI: -77 [da:38:78:1e:09:7a]
RSSI: -78 [da:38:78:2b:09:aa]
RSSI: -89 [da:3e:1b:1f:10:9c]
RSSI: -79 [da:38:78:2b:09:aa]
RSSI: -79 [da:38:78:38:09:ca]
RSSI: -79 [da:38:78:38:09:ca]
RSSI: -80 [da:38:78:38:09:ca]
RSSI: -85 [da:3e:1b:2c:10:cc]
RSSI: -82 [da:38:78:44:09:ea]
RSSI: -83 [da:3e:1b:3c:10:fc]
RSSI: -81 [da:38:78:51:0a:1a]
RSSI: -87 [da:3e:1b:4b:11:2c]
RSSI: -81 [da:38:78:5e:0a:3a]
RSSI: -87 [da:36:94:56:09:4b]
RSSI: -82 [da:38:78:5e:0a:3a]
RSSI: -82 [da:3e:1b:58:11:4c]
RSSI: -83 [da:3e:1b:58:11:4c]
RSSI: -90 [da:36:94:65:09:6b]
RSSI: -83 [da:38:78:6b:0a:5a]
RSSI: -88 [da:36:94:65:09:6b]
RSSI: -79 [da:3e:1b:68:11:7c]
RSSI: -83 [da:38:78:78:0a:7a]
RSSI: -81 [da:3e:1b:68:11:7c]
RSSI: -83 [da:38:78:78:0a:7a]
RSSI: -81 [da:38:78:85:0a:aa]
RSSI: -83 [da:3e:1b:77:11:ac]
RSSI: -82 [da:38:78:85:0a:aa]
RSSI: -89 [da:36:94:81:09:cb]
RSSI: -82 [da:38:78:92:0a:ca]
RSSI: -80 [da:3e:1b:84:11:dc]
RSSI: -82 [da:38:78:92:0a:ca]
RSSI: -84 [da:38:78:9f:0a:ea]
RSSI: -82 [da:3e:1b:93:12:0c]
RSSI: -84 [da:38:78:9f:0a:ea]
RSSI: -88 [da:36:94:9d:0a:1b]
RSSI: -88 [da:36:94:9d:0a:1b]
RSSI: -83 [da:3e:1b:a3:12:3c]
RSSI: -89 [da:38:78:b8:0b:3a]
RSSI: -91 [da:38:78:b8:0b:3a]
RSSI: -82 [da:3e:1b:b0:12:5c]
RSSI: -78 [da:3e:1b:b0:12:5c]
RSSI: -86 [da:3e:1b:bf:12:8c]
RSSI: -92 [da:38:78:d2:0b:8a]
RSSI: -78 [da:3e:1b:cf:12:bc]
RSSI: -80 [da:3e:1b:cf:12:bc]
RSSI: -83 [da:3e:1b:db:12:ec]
RSSI: -85 [da:3e:1b:db:12:ec]
RSSI: -88 [da:36:94:e7:0a:fb]
RSSI: -84 [da:3e:1b:eb:13:1c]
RSSI: -82 [da:3e:1b:fb:13:4c]
RSSI: -90 [da:38:79:20:0c:6a]
RSSI: -90 [da:38:79:2c:0c:8a]
RSSI: -92 [da:38:79:39:0c:aa]
RSSI: -85 [da:3e:1c:33:13:fc]
RSSI: -83 [da:3e:1c:43:14:2c]
RSSI: -87 [da:38:79:6d:0d:4a]
RSSI: -88 [da:38:79:6d:0d:4a]
RSSI: -87 [da:38:79:7a:0d:6a]
RSSI: -87 [da:38:79:7a:0d:6a]
RSSI: -91 [da:36:95:75:0c:ab]
RSSI: -86 [da:38:79:87:0d:9a]
RSSI: -87 [da:38:79:87:0d:9a]
RSSI: -89 [da:38:79:a0:0d:da]
RSSI: -89 [da:38:79:ad:0e:0a]
RSSI: -91 [da:3e:1c:aa:15:7c]
RSSI: -88 [da:38:79:ba:0e:2a]
RSSI: -88 [da:38:79:ba:0e:2a]
RSSI: -86 [da:38:79:c7:0e:4a]
RSSI: -85 [da:38:79:c7:0e:4a]
RSSI: -87 [da:38:79:d4:0e:7a]
RSSI: -83 [da:38:79:e1:0e:9a]
RSSI: -89 [da:36:95:dc:0d:db]
RSSI: -84 [da:38:79:ee:0e:ba]
RSSI: -82 [da:38:79:fb:0e:ea]
RSSI: -83 [da:38:7a:08:0f:0a]
RSSI: -91 [da:3e:1d:02:00:0c]
RSSI: -84 [da:38:7a:15:0f:2a]
RSSI: -84 [da:38:7a:22:0f:5a]
RSSI: -88 [da:36:96:16:0e:8b]
RSSI: -83 [da:38:7a:22:0f:5a]
RSSI: -83 [da:38:7a:3b:0f:aa]
RSSI: -81 [da:38:7a:49:0f:ca]
RSSI: -82 [da:38:7a:49:0f:ca]
RSSI: -86 [da:36:96:42:0f:0b]
RSSI: -82 [da:38:7a:49:0f:ca]
RSSI: -86 [da:36:96:4f:0f:2b]
RSSI: -81 [da:38:7a:56:0f:ea]
RSSI: -85 [da:36:96:4f:0f:2b]
RSSI: -85 [da:38:7a:62:10:1a]
RSSI: -86 [da:3e:1d:5a:01:1c]
RSSI: -87 [da:36:96:5e:0f:5b]
RSSI: -83 [da:38:7a:6f:10:3a]
RSSI: -86 [da:36:96:6d:0f:8b]
RSSI: -89 [da:36:96:7a:0f:bb]
RSSI: -84 [da:38:7a:96:10:aa]
RSSI: -89 [da:36:96:89:0f:db]
RSSI: -86 [da:36:96:99:10:0b]
RSSI: -84 [da:38:7a:a3:10:ca]
RSSI: -84 [da:38:7a:b0:10:ea]
RSSI: -87 [da:36:96:a5:10:3b]
RSSI: -86 [da:36:96:b5:10:6b]
RSSI: -88 [da:36:96:c4:10:8b]
RSSI: -87 [da:38:7a:d7:11:5a]
RSSI: -89 [da:36:96:e0:10:eb]
RSSI: -88 [da:36:96:f0:11:1b]
RSSI: -90 [da:38:7a:fe:11:ca]
RSSI: -88 [da:36:96:fc:11:3b]
RSSI: -87 [da:36:96:fc:11:3b]
RSSI: -89 [da:38:7b:25:12:3a]
RSSI: -86 [da:36:97:1b:11:9b]
RSSI: -84 [da:36:97:28:11:bb]
RSSI: -86 [da:3e:1e:37:03:cc]
RSSI: -85 [da:36:97:40:12:0b]
RSSI: -89 [da:36:97:4d:12:2b]
RSSI: -87 [da:3e:1e:43:03:fc]
RSSI: -91 [da:38:7b:72:13:1a]
RSSI: -89 [da:36:97:6a:12:7b]
RSSI: -89 [da:38:7b:80:13:3a]
RSSI: -88 [da:3b:84:92:0b:ce]
RSSI: -87 [da:3b:84:9e:0b:fe]
RSSI: -92 [da:38:7b:c0:13:fa]
RSSI: -85 [da:3b:84:c8:0c:6e]
RSSI: -88 [da:3b:84:d6:0c:9e]
RSSI: -91 [da:3e:1e:d7:05:cc]
RSSI: -95 [da:38:7b:e7:14:6a]
RSSI: -90 [da:3b:84:f2:0c:ee]
RSSI: -85 [da:3b:84:f2:0c:ee]
RSSI: -85 [da:3b:85:00:0d:0e]
RSSI: -90 [da:3e:1e:f4:06:1c]
RSSI: -88 [da:3b:85:00:0d:0e]
RSSI: -84 [da:3b:85:0f:0d:3e]
RSSI: -91 [da:3e:1f:04:06:4c]
RSSI: -84 [da:3b:85:1b:0d:5e]
RSSI: -91 [da:3e:1f:13:06:7c]
RSSI: -93 [da:3b:85:2a:0d:8e]
RSSI: -83 [da:3b:85:38:0d:ae]
RSSI: -85 [da:3b:85:45:0d:de]
RSSI: -91 [da:38:7c:50:15:8a]
RSSI: -90 [da:38:7c:50:15:8a]
RSSI: -86 [da:3b:85:54:0d:fe]
RSSI: -87 [da:3b:85:62:0e:2e]
RSSI: -87 [da:3b:85:7d:0e:7e]
RSSI: -92 [da:3e:1f:78:07:bc]
RSSI: -87 [da:3b:85:8c:0e:9e]
RSSI: -89 [da:36:98:8b:15:db]
RSSI: -89 [da:36:98:8b:15:db]
RSSI: -86 [da:3b:85:98:0e:be]
RSSI: -84 [da:36:98:9b:16:0b]
RSSI: -84 [da:36:98:ab:16:3b]
RSSI: -80 [da:36:98:b7:16:5b]
RSSI: -82 [da:36:98:b7:16:5b]
RSSI: -81 [da:36:98:b7:16:5b]
RSSI: -95 [da:3b:85:d1:0f:5e]
RSSI: -83 [da:36:98:d6:00:2b]
RSSI: -86 [da:38:7c:df:01:0a]
RSSI: -78 [da:36:98:d6:00:2b]
RSSI: -88 [da:38:7c:ec:01:2a]
RSSI: -78 [da:36:98:e3:00:5b]
RSSI: -87 [da:38:7c:f9:01:5a]
RSSI: -86 [da:3e:1f:f0:09:3c]
RSSI: -78 [da:36:98:f3:00:8b]
RSSI: -76 [da:36:99:02:00:bb]
RSSI: -88 [da:38:7d:06:01:7a]
RSSI: -76 [da:36:99:02:00:bb]
RSSI: -89 [da:38:7d:13:01:aa]
RSSI: -84 [da:38:7d:13:01:aa]
RSSI: -78 [da:36:99:0f:00:db]
RSSI: -90 [da:38:7d:20:01:ca]
RSSI: -75 [da:36:99:0f:00:db]
RSSI: -77 [da:36:99:1e:01:0b]
RSSI: -87 [da:38:7d:2d:01:ea]
RSSI: -76 [da:36:99:2e:01:3b]
RSSI: -90 [da:3e:20:29:09:fc]
RSSI: -90 [da:38:7d:3a:02:1a]
RSSI: -76 [da:36:99:3a:01:5b]
RSSI: -90 [da:3e:20:39:0a:2c]
RSSI: -88 [da:38:7d:47:02:3a]
RSSI: -90 [da:3e:20:39:0a:2c]
RSSI: -75 [da:36:99:4a:01:8b]
RSSI: -93 [da:3e:20:49:0a:5c]
RSSI: -87 [da:38:7d:61:02:7a]
RSSI: -77 [da:36:99:5a:01:bb]
RSSI: -85 [da:38:7d:61:02:7a]
RSSI: -77 [da:36:99:5a:01:bb]
RSSI: -88 [da:3e:20:56:0a:8c]
RSSI: -86 [da:38:7d:6e:02:aa]
RSSI: -76 [da:36:99:66:01:db]
RSSI: -75 [da:36:99:76:02:0b]
RSSI: -93 [da:3e:20:75:0a:ec]
RSSI: -84 [da:38:7d:89:02:ea]
RSSI: -76 [da:36:99:85:02:3b]
RSSI: -76 [da:36:99:85:02:3b]
RSSI: -85 [da:38:7d:95:03:1a]
RSSI: -78 [da:36:99:92:02:5b]
RSSI: -84 [da:38:7d:a3:03:3a]
RSSI: -77 [da:36:99:a2:02:8b]
RSSI: -77 [da:36:99:b1:02:bb]
RSSI: -77 [da:36:99:b1:02:bb]
RSSI: -77 [da:36:99:b1:02:bb]
RSSI: -84 [da:38:7d:bc:03:8a]
RSSI: -88 [da:3e:20:ae:0b:9c]
RSSI: -78 [da:36:99:b1:02:bb]
RSSI: -83 [da:38:7d:ca:03:aa]
RSSI: -78 [da:36:99:be:02:db]
RSSI: -83 [da:38:7d:ca:03:aa]
RSSI: -87 [da:38:7d:ca:03:aa]
RSSI: -88 [da:3e:20:be:0b:cc]
RSSI: -80 [da:36:99:cd:03:0b]
RSSI: -84 [da:38:7d:d7:03:ca]
RSSI: -80 [da:36:99:cd:03:0b]
RSSI: -82 [da:36:99:dd:03:3b]
RSSI: -86 [da:38:7d:e4:03:fa]
RSSI: -82 [da:36:99:dd:03:3b]
RSSI: -83 [da:36:99:dd:03:3b]
RSSI: -87 [da:38:7d:f1:04:1a]
RSSI: -81 [da:36:99:ea:03:6b]
RSSI: -84 [da:36:99:ea:03:6b]
RSSI: -85 [da:38:7d:fe:04:3a]
RSSI: -82 [da:36:99:f9:03:8b]
RSSI: -85 [da:38:7e:0b:04:6a]
RSSI: -82 [da:38:7e:18:04:8a]
RSSI: -85 [da:38:7e:18:04:8a]
RSSI: -83 [da:36:9a:15:03:eb]
RSSI: -83 [da:38:7e:25:04:aa]
RSSI: -83 [da:38:7e:25:04:aa]
RSSI: -85 [da:38:7e:32:04:da]
RSSI: -82 [da:36:9a:25:04:1b]
RSSI: -84 [da:38:7e:32:04:da]
RSSI: -83 [da:38:7e:3f:04:fa]
RSSI: -84 [da:36:9a:41:04:6b]
RSSI: -89 [da:3e:21:43:0d:7c]
RSSI: -83 [da:38:7e:4d:05:2a]
RSSI: -80 [da:36:9a:41:04:6b]
RSSI: -82 [da:38:7e:59:05:4a]
RSSI: -83 [da:36:9a:61:04:cb]
RSSI: -81 [da:38:7e:67:05:6a]
RSSI: -87 [da:36:9a:61:04:cb]
RSSI: -84 [da:38:7e:74:05:8a]
RSSI: -82 [da:38:7e:74:05:8a]
RSSI: -90 [da:36:9a:6d:04:eb]
RSSI: -82 [da:38:7e:80:05:ba]
RSSI: -84 [da:38:7e:80:05:ba]
RSSI: -83 [da:38:7e:8e:05:da]
RSSI: -83 [da:38:7e:8e:05:da]
RSSI: -85 [da:36:9a:8c:05:4b]
RSSI: -87 [da:36:9a:8c:05:4b]
RSSI: -83 [da:38:7e:9b:05:fa]
RSSI: -84 [da:36:9a:99:05:7b]
RSSI: -86 [da:38:7e:a8:06:1a]
RSSI: -86 [da:36:9a:a9:05:ab]
RSSI: -81 [da:38:7e:b5:06:4a]
RSSI: -88 [da:36:9a:b8:05:cb]
RSSI: -80 [da:38:7e:c2:06:6a]
RSSI: -84 [da:36:9a:b8:05:cb]
RSSI: -83 [da:38:7e:cf:06:8a]
RSSI: -88 [da:36:9a:c5:05:fb]
RSSI: -86 [da:3e:21:c9:0f:1c]
RSSI: -79 [da:38:7e:dc:06:ba]
RSSI: -81 [da:3e:21:c9:0f:1c]
RSSI: -76 [da:38:7e:ea:06:da]
RSSI: -89 [da:36:9a:e4:06:5b]
RSSI: -84 [da:3e:21:e5:0f:7c]
RSSI: -78 [da:38:7e:f6:07:0a]
RSSI: -84 [da:3e:21:e5:0f:7c]
RSSI: -75 [da:38:7f:04:07:2a]
RSSI: -87 [da:3e:21:f5:0f:ac]
RSSI: -88 [da:36:9b:01:06:ab]
RSSI: -75 [da:38:7f:11:07:4a]
RSSI: -75 [da:38:7f:1e:07:7a]
RSSI: -75 [da:38:7f:1e:07:7a]
RSSI: -74 [da:38:7f:2b:07:9a]
RSSI: -86 [da:3e:22:21:10:3c]
RSSI: -75 [da:38:7f:45:07:ea]
RSSI: -74 [da:38:7f:45:07:ea]
RSSI: -78 [da:3e:22:3e:10:8c]
RSSI: -75 [da:38:7f:52:08:0a]
RSSI: -76 [da:3e:22:3e:10:8c]
RSSI: -89 [da:36:9b:49:07:8b]
RSSI: -76 [da:38:7f:52:08:0a]
RSSI: -76 [da:3e:22:4e:10:bc]
RSSI: -75 [da:38:7f:60:08:2a]
RSSI: -72 [da:3e:22:4e:10:bc]
RSSI: -86 [da:36:9b:58:07:bb]
RSSI: -75 [da:38:7f:60:08:2a]
RSSI: -76 [da:38:7f:6c:08:5a]
RSSI: -74 [da:3e:22:5e:10:fc]
RSSI: -84 [da:36:9b:68:07:eb]
RSSI: -74 [da:38:7f:6c:08:5a]
RSSI: -85 [da:36:9b:68:07:eb]
RSSI: -75 [da:38:7f:7a:08:7a]
RSSI: -71 [da:3e:22:6a:11:1c]
RSSI: -76 [da:38:7f:7a:08:7a]
RSSI: -71 [da:3e:22:6a:11:1c]
RSSI: -75 [da:38:7f:87:08:9a]
RSSI: -86 [da:36:9b:75:08:0b]
RSSI: -76 [da:38:7f:87:08:9a]
RSSI: -71 [da:3e:22:7a:11:4c]
RSSI: -87 [da:36:9b:84:08:3b]
RSSI: -75 [da:38:7f:94:08:ca]
RSSI: -72 [da:3e:22:8a:11:7c]
RSSI: -75 [da:38:7f:94:08:ca]
RSSI: -76 [da:38:7f:a1:08:ea]
RSSI: -77 [da:38:7f:a1:08:ea]
RSSI: -76 [da:38:7f:ae:09:0a]
RSSI: -72 [da:3e:22:97:11:ac]
RSSI: -72 [da:3e:22:a7:11:dc]
RSSI: -77 [da:38:7f:bb:09:3a]
RSSI: -74 [da:3e:22:b7:12:0c]
RSSI: -81 [da:38:7f:c9:09:5a]
RSSI: -78 [da:3e:22:c3:12:3c]
RSSI: -82 [da:38:7f:d6:09:8a]
RSSI: -83 [da:38:7f:d6:09:8a]
RSSI: -80 [da:3e:22:d3:12:6c]
RSSI: -80 [da:3e:22:d3:12:6c]
RSSI: -84 [da:38:7f:e8:09:ba]
RSSI: -73 [da:3e:22:e3:12:9c]
RSSI: -83 [da:38:7f:f8:09:ea]
RSSI: -75 [da:3e:22:f0:12:bc]
RSSI: -84 [da:38:80:05:0a:0a]
RSSI: -86 [da:38:80:12:0a:2a]
RSSI: -83 [da:38:80:20:0a:5a]
RSSI: -76 [da:3e:23:10:13:2c]
RSSI: -83 [da:38:80:20:0a:5a]
RSSI: -84 [da:38:80:20:0a:5a]
RSSI: -86 [da:38:80:3a:0a:aa]
RSSI: -86 [da:38:80:47:0a:ca]
RSSI: -91 [da:38:80:54:0a:fa]
RSSI: -86 [da:3e:23:49:13:dc]
RSSI: -93 [da:38:80:61:0b:1a]
RSSI: -93 [da:36:9c:60:0a:cb]
RSSI: -82 [da:3e:23:69:14:3c]
RSSI: -79 [da:3e:23:76:14:6c]
RSSI: -95 [da:36:9c:7d:0b:2b]
RSSI: -84 [da:3e:23:76:14:6c]
RSSI: -86 [da:3e:23:86:14:9c]
RSSI: -81 [da:3e:23:86:14:9c]
RSSI: -81 [da:3e:23:86:14:9c]
RSSI: -92 [da:3e:23:a2:14:ec]
RSSI: -92 [da:38:80:b0:0b:fa]
RSSI: -93 [da:38:80:cb:0c:4a]
RSSI: -90 [da:38:80:d7:0c:6a]
RSSI: -90 [da:3e:23:cf:15:7c]
RSSI: -92 [da:38:80:e5:0c:9a]
RSSI: -88 [da:38:80:e5:0c:9a]
RSSI: -90 [da:38:80:f2:0c:ba]
RSSI: -89 [da:3e:23:fc:16:0c]
RSSI: -90 [da:3e:23:fc:16:0c]
RSSI: -92 [da:3e:24:0c:16:3c]
RSSI: -86 [da:38:81:1a:0d:3a]
RSSI: -87 [da:38:81:1a:0d:3a]
RSSI: -90 [da:3e:24:0c:16:3c]
RSSI: -88 [da:38:81:27:0d:5a]
RSSI: -86 [da:38:81:27:0d:5a]
RSSI: -89 [da:38:81:34:0d:7a]
RSSI: -87 [da:38:81:41:0d:aa]
RSSI: -87 [da:38:81:41:0d:aa]
RSSI: -89 [da:3e:24:38:00:5c]
RSSI: -89 [da:3e:24:38:00:5c]
RSSI: -89 [da:38:81:4e:0d:ca]
RSSI: -91 [da:36:9d:4d:0d:8b]
RSSI: -87 [da:38:81:5c:0d:fa]
RSSI: -88 [da:36:9d:79:0e:1b]
RSSI: -87 [da:3e:24:75:01:1c]
RSSI: -84 [da:38:81:83:0e:6a]
RSSI: -87 [da:3e:24:75:01:1c]
RSSI: -87 [da:38:81:91:0e:8a]
RSSI: -88 [da:36:9d:85:0e:3b]
RSSI: -85 [da:38:81:ab:0e:da]
RSSI: -87 [da:36:9d:a5:0e:9b]
RSSI: -89 [da:38:81:b8:0e:fa]
RSSI: -88 [da:38:81:c5:0f:1a]
RSSI: -90 [da:36:9d:c1:0e:eb]
RSSI: -86 [da:38:81:d2:0f:4a]
RSSI: -88 [da:36:9d:d1:0f:1b]
RSSI: -87 [da:38:81:d2:0f:4a]
RSSI: -89 [da:36:9d:d1:0f:1b]
RSSI: -85 [da:38:81:e0:0f:6a]
RSSI: -86 [da:38:81:ec:0f:9a]
RSSI: -88 [da:36:9d:de:0f:4b]
RSSI: -84 [da:38:81:ec:0f:9a]
RSSI: -86 [da:38:81:ec:0f:9a]
RSSI: -84 [da:38:81:fa:0f:ba]
RSSI: -86 [da:38:81:fa:0f:ba]
RSSI: -87 [da:36:9d:fd:0f:ab]
RSSI: -85 [da:38:82:07:0f:da]
RSSI: -89 [da:36:9d:fd:0f:ab]
RSSI: -87 [da:38:82:07:0f:da]
RSSI: -86 [da:38:82:14:10:0a]
RSSI: -87 [da:38:82:14:10:0a]
RSSI: -88 [da:38:82:22:10:2a]
RSSI: -87 [da:36:9e:1a:0f:fb]
RSSI: -88 [da:38:82:2f:10:5a]
RSSI: -88 [da:38:82:2f:10:5a]
RSSI: -87 [da:36:9e:29:10:2b]
RSSI: -88 [da:38:82:3c:10:7a]
RSSI: -88 [da:3e:25:34:03:7c]
RSSI: -89 [da:38:82:49:10:9a]
RSSI: -89 [da:36:9e:56:10:ab]
RSSI: -93 [da:3e:25:55:03:dc]
RSSI: -94 [da:36:9e:62:10:db]
RSSI: -91 [da:38:82:7f:11:3a]
RSSI: -89 [da:3e:25:71:04:3c]
RSSI: -93 [da:38:82:a6:11:aa]
RSSI: -93 [da:38:82:b3:11:ca]
RSSI: -87 [da:36:9e:ae:11:bb]
RSSI: -88 [da:36:9e:bb:11:db]
RSSI: -88 [da:36:9e:cb:12:0b]
RSSI: -90 [da:3e:25:db:05:7c]
RSSI: -89 [da:3e:25:e8:05:ac]
RSSI: -90 [da:36:9e:f7:12:8b]
RSSI: -89 [da:36:9f:07:12:bb]
RSSI: -91 [da:3e:26:08:06:0c]
RSSI: -90 [da:36:9f:13:12:eb]
RSSI: -90 [da:36:9f:13:12:eb]
RSSI: -85 [da:3e:26:25:06:6c]
RSSI: -92 [da:36:9f:33:13:4b]
RSSI: -91 [da:36:9f:40:13:6b]
RSSI: -91 [da:36:9f:50:13:9b]
RSSI: -89 [da:3e:26:51:06:fc]
RSSI: -87 [da:3e:26:51:06:fc]
RSSI: -95 [da:3e:26:6e:07:4c]
RSSI: -94 [da:3b:8c:97:0c:0e]
RSSI: -87 [da:3b:8c:a5:0c:3e]
RSSI: -90 [da:3b:8c:a5:0c:3e]
RSSI: -88 [da:3b:8c:b2:0c:5e]
RSSI: -83 [da:3b:8c:c1:0c:8e]
RSSI: -91 [da:3e:26:c8:08:6c]
RSSI: -83 [da:3b:8c:dd:0c:de]
RSSI: -88 [da:3b:8c:dd:0c:de]
RSSI: -82 [da:3b:8c:ec:0c:fe]
RSSI: -84 [da:3b:8c:ec:0c:fe]
RSSI: -85 [da:3b:8c:fa:0d:2e]
RSSI: -83 [da:3b:8c:fa:0d:2e]
RSSI: -86 [da:3b:8d:07:0d:4e]
RSSI: -85 [da:3b:8d:07:0d:4e]
RSSI: -82 [da:3b:8d:16:0d:7e]
RSSI: -85 [da:3b:8d:16:0d:7e]
RSSI: -83 [da:3b:8d:25:0d:ae]
RSSI: -82 [da:3b:8d:25:0d:ae]
RSSI: -87 [da:3e:27:1e:09:7c]
RSSI: -83 [da:3b:8d:32:0d:ce]
RSSI: -87 [da:36:a0:2d:16:2b]
RSSI: -86 [da:36:a0:3d:16:5b]
RSSI: -85 [da:3b:8d:41:0d:fe]
RSSI: -85 [da:36:a0:3d:16:5b]
RSSI: -87 [da:3e:27:3a:09:dc]
RSSI: -84 [da:3b:8d:50:0e:1e]
RSSI: -83 [da:36:a0:4a:16:7b]
RSSI: -83 [da:36:a0:4a:16:7b]
RSSI: -83 [da:3b:8d:5c:0e:3e]
RSSI: -83 [da:3b:8d:5c:0e:3e]
RSSI: -85 [da:3b:8d:5c:0e:3e]
RSSI: -82 [da:36:a0:5a:00:2b]
RSSI: -81 [da:36:a0:6a:00:5b]
RSSI: -86 [da:3b:8d:6b:0e:6e]
RSSI: -91 [da:3e:27:67:0a:5c]
RSSI: -78 [da:36:a0:6a:00:5b]
RSSI: -78 [da:36:a0:76:00:8b]
RSSI: -78 [da:36:a0:76:00:8b]
RSSI: -76 [da:36:a0:86:00:bb]
RSSI: -91 [da:3b:8d:96:0e:de]
RSSI: -76 [da:36:a0:96:00:eb]
RSSI: -75 [da:36:a0:96:00:eb]
RSSI: -85 [da:38:84:ac:01:0a]
RSSI: -74 [da:36:a0:a3:01:0b]
RSSI: -74 [da:36:a0:b3:01:3b]
RSSI: -88 [da:38:84:b8:01:2a]
RSSI: -75 [da:36:a0:b3:01:3b]
RSSI: -74 [da:36:a0:c3:01:6b]
RSSI: -74 [da:36:a0:cf:01:8b]
RSSI: -74 [da:36:a0:cf:01:8b]
RSSI: -91 [da:3e:27:cd:0b:ac]
RSSI: -73 [da:36:a0:df:01:bb]
RSSI: -74 [da:36:a0:df:01:bb]
RSSI: -74 [da:36:a0:ef:01:eb]
RSSI: -88 [da:38:84:fc:01:ea]
RSSI: -74 [da:36:a0:fc:02:1b]
RSSI: -87 [da:38:85:08:02:0a]
RSSI: -74 [da:36:a1:0c:02:4b]
RSSI: -74 [da:36:a1:1c:02:7b]
RSSI: -74 [da:36:a1:1c:02:7b]
RSSI: -75 [da:36:a1:1c:02:7b]
RSSI: -76 [da:36:a1:28:02:9b]
RSSI: -76 [da:36:a1:28:02:9b]
RSSI: -77 [da:36:a1:38:02:cb]
RSSI: -78 [da:36:a1:48:02:fb]
RSSI: -87 [da:38:85:4c:02:ca]
RSSI: -78 [da:36:a1:55:03:1b]
RSSI: -87 [da:38:85:58:02:ea]
RSSI: -80 [da:36:a1:55:03:1b]
RSSI: -87 [da:38:85:66:03:1a]
RSSI: -86 [da:38:85:74:03:3a]
RSSI: -81 [da:36:a1:65:03:4b]
RSSI: -86 [da:38:85:74:03:3a]
RSSI: -84 [da:38:85:74:03:3a]
RSSI: -87 [da:3e:28:65:0d:8c]
RSSI: -85 [da:38:85:74:03:3a]
RSSI: -85 [da:3e:28:72:0d:ac]
RSSI: -85 [da:36:a1:75:03:7b]
RSSI: -88 [da:38:85:80:03:6a]
RSSI: -85 [da:36:a1:81:03:ab]
RSSI: -88 [da:38:85:8e:03:8a]
RSSI: -84 [da:38:85:8e:03:8a]
RSSI: -84 [da:38:85:8e:03:8a]
RSSI: -86 [da:36:a1:91:03:db]
RSSI: -89 [da:3e:28:98:0e:2c]
RSSI: -87 [da:3e:28:b1:0e:7c]
RSSI: -85 [da:36:a1:be:04:5b]
RSSI: -85 [da:36:a1:ce:04:8b]
RSSI: -84 [da:36:a1:ce:04:8b]
RSSI: -90 [da:38:85:d0:04:4a]
RSSI: -84 [da:36:a1:ce:04:8b]
RSSI: -84 [da:36:a1:da:04:ab]
RSSI: -84 [da:36:a1:da:04:ab]
RSSI: -86 [da:36:a1:ea:04:db]
RSSI: -92 [da:3e:28:fe:0f:6c]
RSSI: -90 [da:38:86:06:04:da]
RSSI: -88 [da:38:86:20:05:2a]
RSSI: -88 [da:36:a2:17:05:6b]
RSSI: -89 [da:36:a2:17:05:6b]
RSSI: -96 [da:38:86:3c:05:7a]
RSSI: -90 [da:36:a2:33:05:bb]
RSSI: -96 [da:38:86:3c:05:7a]
RSSI: -86 [da:36:a2:43:05:eb]
RSSI: -86 [da:36:a2:43:05:eb]
RSSI: -87 [da:38:86:56:05:ca]
RSSI: -87 [da:36:a2:53:06:1b]
RSSI: -86 [da:38:86:71:06:1a]
RSSI: -96 [da:3b:8f:6b:14:1e]
RSSI: -84 [da:38:86:7e:06:3a]
RSSI: -85 [da:38:86:7e:06:3a]
RSSI: -90 [da:38:86:8c:06:6a]
RSSI: -82 [da:3e:29:7d:10:fc]
RSSI: -87 [da:38:86:99:06:8a]
RSSI: -88 [da:3e:29:96:11:4c]
RSSI: -83 [da:38:86:a7:06:aa]
RSSI: -87 [da:36:a2:9d:06:fb]
RSSI: -87 [da:3e:29:96:11:4c]
RSSI: -82 [da:38:86:a7:06:aa]
RSSI: -87 [da:3e:29:a3:11:7c]
RSSI: -84 [da:38:86:b4:06:da]
RSSI: -81 [da:38:86:b4:06:da]
RSSI: -76 [da:3e:29:b0:11:9c]
RSSI: -82 [da:38:86:c1:06:fa]
RSSI: -89 [da:36:a2:b9:07:4b]
RSSI: -85 [da:38:86:c1:06:fa]
RSSI: -92 [da:36:a2:b9:07:4b]
RSSI: -79 [da:3e:29:bd:11:cc]
RSSI: -82 [da:38:86:cf:07:2a]
RSSI: -81 [da:3e:29:c9:11:ec]
RSSI: -80 [da:38:86:dc:07:4a]
RSSI: -73 [da:3e:29:d6:12:1c]
RSSI: -86 [da:36:a2:d9:07:ab]
RSSI: -83 [da:38:86:e9:07:6a]
RSSI: -77 [da:3e:29:e3:12:3c]
RSSI: -86 [da:36:a2:e6:07:cb]
RSSI: -80 [da:38:86:f7:07:9a]
RSSI: -75 [da:3e:29:f0:12:6c]
RSSI: -80 [da:38:87:05:07:ba]
RSSI: -87 [da:36:a3:06:08:2b]
RSSI: -82 [da:38:87:11:07:ea]
RSSI: -83 [da:36:a3:06:08:2b]
RSSI: -80 [da:38:87:11:07:ea]
RSSI: -78 [da:3e:2a:09:12:bc]
RSSI: -87 [da:36:a3:13:08:5b]
RSSI: -82 [da:38:87:1f:08:0a]
RSSI: -77 [da:3e:2a:16:12:dc]
RSSI: -79 [da:38:87:2d:08:3a]
RSSI: -78 [da:3e:2a:23:13:0c]
RSSI: -81 [da:38:87:2d:08:3a]
RSSI: -81 [da:38:87:39:08:5a]
RSSI: -81 [da:38:87:47:08:7a]
RSSI: -88 [da:36:a3:3f:08:db]
RSSI: -81 [da:3e:2a:3c:13:5c]
RSSI: -82 [da:38:87:47:08:7a]
RSSI: -88 [da:36:a3:3f:08:db]
RSSI: -80 [da:38:87:55:08:aa]
RSSI: -82 [da:38:87:55:08:aa]
RSSI: -87 [da:36:a3:4f:09:0b]
RSSI: -90 [da:36:a3:4f:09:0b]
RSSI: -82 [da:38:87:62:08:ca]
RSSI: -89 [da:36:a3:5f:09:3b]
RSSI: -85 [da:38:87:6f:08:fa]
RSSI: -90 [da:36:a3:7c:09:8b]
RSSI: -82 [da:38:87:8a:09:3a]
RSSI: -87 [da:3e:2a:7c:14:1c]
RSSI: -85 [da:38:87:8a:09:3a]
RSSI: -88 [da:38:87:98:09:6a]
RSSI: -87 [da:38:87:98:09:6a]
RSSI: -84 [da:3e:2a:96:14:6c]
RSSI: -84 [da:3e:2a:96:14:6c]
RSSI: -88 [da:3e:2a:a3:14:9c]
RSSI: -96 [da:38:87:c0:09:da]
RSSI: -87 [da:36:a3:b9:0a:4b]
RSSI: -90 [da:38:87:c0:09:da]
RSSI: -87 [da:36:a3:c5:0a:6b]
RSSI: -88 [da:38:87:da:0a:2a]
RSSI: -87 [da:38:87:da:0a:2a]
RSSI: -90 [da:3e:2a:d6:15:3c]
RSSI: -88 [da:36:a3:d5:0a:9b]
RSSI: -90 [da:38:87:e8:0a:4a]
RSSI: -90 [da:36:a3:f2:0a:fb]
RSSI: -91 [da:3e:2a:fc:15:bc]
RSSI: -93 [da:36:a4:02:0b:2b]
RSSI: -89 [da:36:a4:02:0b:2b]
RSSI: -89 [da:3e:2b:09:15:dc]
RSSI: -88 [da:3e:2b:16:16:0c]
RSSI: -89 [da:3e:2b:22:16:2c]
RSSI: -91 [da:38:88:39:0b:3a]
RSSI: -91 [da:3e:2b:2f:16:5c]
RSSI: -88 [da:3e:2b:3c:16:7c]
RSSI: -88 [da:3e:2b:56:00:2c]
RSSI: -89 [da:3e:2b:56:00:2c]
RSSI: -88 [da:3e:2b:63:00:4c]
RSSI: -98 [da:38:88:bf:0c:ba]
RSSI: -92 [da:3e:2b:bc:01:6c]
RSSI: -91 [da:36:a4:ff:0e:1b]
RSSI: -96 [da:3e:2b:fc:02:3c]
RSSI: -89 [da:36:a5:0f:0e:4b]
RSSI: -91 [da:3e:2c:30:02:dc]
RSSI: -91 [da:3e:2c:3c:02:fc]
RSSI: -89 [da:38:89:61:0e:9a]
RSSI: -90 [da:36:a5:69:0f:5b]
RSSI: -92 [da:36:a5:69:0f:5b]
RSSI: -91 [da:36:a5:79:0f:8b]
RSSI: -91 [da:36:a5:79:0f:8b]
RSSI: -85 [da:3e:2c:7d:03:cc]
RSSI: -85 [da:3e:2c:89:03:ec]
RSSI: -89 [da:38:89:a4:0f:5a]
RSSI: -89 [da:36:a5:a6:10:0b]
RSSI: -92 [da:38:89:b2:0f:7a]
RSSI: -89 [da:3e:2c:b0:04:6c]
RSSI: -89 [da:38:89:be:0f:aa]
RSSI: -91 [da:38:89:e7:10:1a]
RSSI: -90 [da:36:a5:df:10:bb]
RSSI: -92 [da:3e:2c:fd:05:5c]
RSSI: -92 [da:38:8a:0f:10:8a]
RSSI: -89 [da:36:a6:25:11:8b]
RSSI: -88 [da:36:a6:35:11:bb]
RSSI: -89 [da:36:a6:42:11:eb]
RSSI: -88 [da:3e:2d:4a:06:4c]
RSSI: -87 [da:3e:2d:65:06:9c]
RSSI: -85 [da:3e:2d:71:06:cc]
RSSI: -85 [da:3e:2d:7e:06:ec]
RSSI: -87 [da:3e:2d:8b:07:1c]
RSSI: -86 [da:3e:2d:98:07:3c]
RSSI: -85 [da:3e:2d:a5:07:6c]
RSSI: -89 [da:3e:2d:cc:07:ec]
RSSI: -89 [da:3e:2d:e5:08:3c]
RSSI: -90 [da:3e:2d:ff:08:8c]
RSSI: -95 [da:3e:2e:0c:08:ac]
RSSI: -88 [da:3e:2e:19:08:dc]
RSSI: -88 [da:3e:2e:33:09:2c]
RSSI: -97 [da:38:8b:54:14:2a]
RSSI: -90 [da:3b:94:83:0c:1e]
RSSI: -87 [da:3b:94:90:0c:4e]
RSSI: -92 [da:36:a7:8a:15:ab]
RSSI: -92 [da:36:a7:8a:15:ab]
RSSI: -86 [da:3b:94:90:0c:4e]
RSSI: -83 [da:3b:94:9f:0c:7e]
RSSI: -89 [da:3b:94:ae:0c:9e]
RSSI: -90 [da:36:a7:b0:16:1b]
RSSI: -90 [da:36:a7:b0:16:1b]
RSSI: -85 [da:3b:94:bb:0c:ce]
RSSI: -82 [da:3b:94:ca:0c:ee]
RSSI: -82 [da:36:a7:c9:16:6b]
RSSI: -84 [da:3b:94:ca:0c:ee]
RSSI: -82 [da:3b:94:da:0d:1e]
RSSI: -84 [da:36:a7:d6:00:0b]
RSSI: -82 [da:3b:94:e6:0d:3e]
RSSI: -79 [da:36:a7:e3:00:2b]
RSSI: -83 [da:3b:94:e6:0d:3e]
RSSI: -77 [da:36:a7:ef:00:4b]
RSSI: -84 [da:3b:94:f6:0d:6e]
RSSI: -82 [da:3b:94:f6:0d:6e]
RSSI: -82 [da:3b:95:05:0d:9e]
RSSI: -77 [da:36:a7:fc:00:7b]
RSSI: -82 [da:3b:95:05:0d:9e]
RSSI: -76 [da:36:a8:09:00:9b]
RSSI: -82 [da:3b:95:12:0d:be]
RSSI: -75 [da:36:a8:16:00:bb]
RSSI: -74 [da:36:a8:16:00:bb]
RSSI: -74 [da:36:a8:22:00:eb]
RSSI: -73 [da:36:a8:2f:01:0b]
RSSI: -83 [da:3b:95:3d:0e:2e]
RSSI: -72 [da:36:a8:3c:01:2b]
RSSI: -72 [da:36:a8:3c:01:2b]
RSSI: -72 [da:36:a8:3c:01:2b]
RSSI: -90 [da:38:8c:47:00:ca]
RSSI: -89 [da:3b:95:4c:0e:5e]
RSSI: -71 [da:36:a8:48:01:5b]
RSSI: -84 [da:3b:95:4c:0e:5e]
RSSI: -85 [da:3b:95:5b:0e:8e]
RSSI: -71 [da:36:a8:55:01:7b]
RSSI: -71 [da:36:a8:62:01:9b]
RSSI: -71 [da:36:a8:62:01:9b]
RSSI: -90 [da:3b:95:68:0e:ae]
RSSI: -71 [da:36:a8:7b:01:eb]
RSSI: -72 [da:36:a8:88:02:0b]
RSSI: -70 [da:36:a8:95:02:3b]
RSSI: -70 [da:36:a8:a2:02:5b]
RSSI: -86 [da:3e:2f:9d:0d:ac]
RSSI: -71 [da:36:a8:ae:02:7b]
RSSI: -85 [da:3e:2f:aa:0d:dc]
RSSI: -70 [da:36:a8:bb:02:ab]
RSSI: -88 [da:3e:2f:b7:0d:fc]
RSSI: -72 [da:36:a8:c8:02:cb]
RSSI: -86 [da:3e:2f:d1:0e:4c]
RSSI: -73 [da:36:a8:d5:02:fb]
RSSI: -73 [da:36:a8:e2:03:1b]
RSSI: -75 [da:36:a8:ee:03:3b]
RSSI: -91 [da:3b:96:09:10:7e]
RSSI: -79 [da:36:a9:08:03:8b]
RSSI: -88 [da:3e:30:05:0e:ec]
RSSI: -82 [da:36:a9:14:03:ab]
RSSI: -82 [da:36:a9:2e:03:fb]
RSSI: -82 [da:36:a9:3b:04:2b]
RSSI: -85 [da:3e:30:39:0f:9c]
RSSI: -82 [da:36:a9:48:04:4b]
RSSI: -87 [da:3b:96:50:11:4e]
RSSI: -78 [da:36:a9:54:04:6b]
RSSI: -85 [da:36:a9:61:04:9b]
RSSI: -88 [da:3b:96:6c:11:8e]
RSSI: -86 [da:36:a9:7b:04:eb]
RSSI: -88 [da:3e:30:7a:10:5c]
RSSI: -90 [da:3b:96:8b:11:ee]
RSSI: -83 [da:3e:30:87:10:8c]
RSSI: -85 [da:3e:30:87:10:8c]
RSSI: -86 [da:3e:30:94:10:bc]
RSSI: -80 [da:3e:30:94:10:bc]
RSSI: -82 [da:3e:30:a1:10:dc]
RSSI: -82 [da:3e:30:ae:11:0c]
RSSI: -83 [da:3e:30:bb:11:2c]
RSSI: -77 [da:3e:30:bb:11:2c]
RSSI: -80 [da:3e:30:c8:11:5c]
RSSI: -88 [da:3e:30:d5:11:8c]
RSSI: -81 [da:3e:30:e2:11:ac]
RSSI: -80 [da:3e:30:e2:11:ac]
RSSI: -82 [da:3e:30:ef:11:dc]
RSSI: -82 [da:3e:30:fc:11:fc]
RSSI: -93 [da:3b:97:0d:13:5e]
RSSI: -88 [da:3e:31:09:12:2c]
RSSI: -92 [da:36:aa:21:06:db]
RSSI: -84 [da:3e:31:23:12:7c]
RSSI: -86 [da:36:aa:2e:06:fb]
RSSI: -90 [da:38:8e:39:06:5a]
RSSI: -88 [da:36:aa:47:07:4b]
RSSI: -82 [da:38:8e:55:06:aa]
RSSI: -88 [da:38:8e:62:06:ca]
RSSI: -86 [da:36:aa:61:07:9b]
RSSI: -85 [da:38:8e:70:06:fa]
RSSI: -85 [da:38:8e:70:06:fa]
RSSI: -86 [da:38:8e:70:06:fa]
RSSI: -83 [da:38:8e:7e:07:1a]
RSSI: -85 [da:38:8e:8b:07:3a]
RSSI: -83 [da:36:aa:88:08:0b]
RSSI: -86 [da:38:8e:99:07:6a]
RSSI: -82 [da:38:8e:a7:07:8a]
RSSI: -87 [da:38:8e:b4:07:ba]
RSSI: -87 [da:3e:31:a5:14:0c]
RSSI: -90 [da:38:8e:c2:07:da]
RSSI: -90 [da:36:aa:bb:08:ab]
RSSI: -85 [da:3e:31:b2:14:3c]
RSSI: -88 [da:38:8e:c2:07:da]
RSSI: -86 [da:3e:31:cc:14:8c]
RSSI: -85 [da:38:8e:dd:08:2a]
RSSI: -89 [da:3e:31:d9:14:bc]
RSSI: -93 [da:38:8e:eb:08:4a]
RSSI: -91 [da:3e:31:d9:14:bc]
RSSI: -82 [da:36:aa:fb:09:6b]
RSSI: -84 [da:36:ab:08:09:8b]
RSSI: -90 [da:3e:32:0e:15:5c]
RSSI: -86 [da:36:ab:15:09:bb]
RSSI: -83 [da:36:ab:22:09:db]
RSSI: -86 [da:3e:32:1b:15:7c]
RSSI: -95 [da:38:8f:3d:09:3a]
RSSI: -87 [da:36:ab:3b:0a:2b]
RSSI: -86 [da:36:ab:3b:0a:2b]
RSSI: -86 [da:3e:32:42:15:fc]
RSSI: -83 [da:36:ab:48:0a:4b]
RSSI: -85 [da:3e:32:42:15:fc]
RSSI: -86 [da:36:ab:62:0a:9b]
RSSI: -86 [da:36:ab:62:0a:9b]
RSSI: -89 [da:3e:32:76:00:2c]
RSSI: -86 [da:36:ab:7c:0a:eb]
RSSI: -95 [da:38:8f:81:09:fa]
RSSI: -85 [da:36:ab:89:0b:0b]
RSSI: -85 [da:36:ab:af:0b:7b]
RSSI: -89 [da:3e:32:b7:00:fc]
RSSI: -91 [da:36:ab:bc:0b:ab]
RSSI: -89 [da:3e:32:b7:00:fc]
RSSI: -89 [da:3e:32:d1:01:4c]
RSSI: -88 [da:3e:32:eb:01:9c]
RSSI: -89 [da:3e:32:f9:01:cc]
RSSI: -88 [da:3e:33:06:01:ec]
RSSI: -89 [da:3e:33:20:02:3c]
RSSI: -89 [da:36:ac:30:0c:fb]
RSSI: -91 [da:3e:33:3a:02:9c]
RSSI: -90 [da:36:ac:57:0d:7b]
RSSI: -93 [da:3e:33:61:03:0c]
RSSI: -96 [da:36:ac:7d:0d:eb]
RSSI: -93 [da:3b:99:a1:04:2e]
RSSI: -90 [da:3e:33:96:03:bc]
RSSI: -93 [da:3b:99:cd:04:ae]
RSSI: -95 [da:36:ac:cb:0e:db]
RSSI: -92 [da:3b:99:e9:04:fe]
RSSI: -93 [da:3b:99:f9:05:2e]
RSSI: -92 [da:36:ad:3f:10:3b]
RSSI: -89 [da:3e:34:3b:05:bc]
RSSI: -89 [da:3e:34:49:05:ec]
RSSI: -89 [da:36:ad:4c:10:5b]
RSSI: -91 [da:36:ad:66:10:ab]
RSSI: -85 [da:3e:34:70:06:6c]
RSSI: -85 [da:3e:34:8a:06:bc]
RSSI: -86 [da:3e:34:98:06:dc]
RSSI: -86 [da:3e:34:98:06:dc]
RSSI: -85 [da:3e:34:a4:07:0c]
RSSI: -88 [da:3e:34:b2:07:2c]
RSSI: -89 [da:36:ad:cd:11:db]
RSSI: -91 [da:36:ad:da:12:0b]
RSSI: -89 [da:36:ad:f4:12:4b]
RSSI: -91 [da:3e:35:1b:08:7c]
RSSI: -95 [da:36:ae:42:13:3b]
RSSI: -89 [da:3e:35:50:09:2c]
RSSI: -87 [da:36:ae:69:13:ab]
RSSI: -84 [da:3e:35:6a:09:7c]
RSSI: -88 [da:36:ae:76:13:cb]
RSSI: -83 [da:3e:35:84:09:cc]
RSSI: -81 [da:3e:35:84:09:cc]
RSSI: -81 [da:3e:35:91:09:fc]
RSSI: -81 [da:3e:35:91:09:fc]
RSSI: -80 [da:3e:35:9f:0a:1c]
RSSI: -81 [da:3e:35:9f:0a:1c]
RSSI: -82 [da:3e:35:ac:0a:4c]
RSSI: -82 [da:3e:35:ac:0a:4c]
RSSI: -82 [da:3e:35:b9:0a:6c]
RSSI: -91 [da:3b:9b:cb:0a:5e]
RSSI: -82 [da:3e:35:b9:0a:6c]
RSSI: -81 [da:3e:35:c6:0a:9c]
RSSI: -88 [da:36:ae:d0:14:db]
RSSI: -81 [da:3e:35:c6:0a:9c]
RSSI: -83 [da:3e:35:d4:0a:cc]
RSSI: -87 [da:36:ae:dd:14:fb]
RSSI: -82 [da:3e:35:e0:0a:ec]
RSSI: -82 [da:3e:35:e0:0a:ec]
RSSI: -81 [da:3e:35:ee:0b:1c]
RSSI: -81 [da:3e:35:ee:0b:1c]
RSSI: -80 [da:3e:35:ee:0b:1c]
RSSI: -88 [da:36:ae:f7:15:4b]
RSSI: -85 [da:3e:35:fb:0b:3c]
RSSI: -82 [da:3e:35:fb:0b:3c]
RSSI: -87 [da:3e:36:08:0b:6c]
RSSI: -90 [da:36:af:11:15:9b]
RSSI: -87 [da:3e:36:15:0b:9c]
RSSI: -88 [da:36:af:1e:15:bb]
RSSI: -85 [da:3e:36:23:0b:bc]
RSSI: -89 [da:36:af:2b:15:eb]
RSSI: -88 [da:3b:9c:3f:0b:ae]
RSSI: -88 [da:3e:36:2f:0b:ec]
RSSI: -87 [da:3e:36:3d:0c:0c]
RSSI: -86 [da:3b:9c:4f:0b:ce]
RSSI: -88 [da:36:af:45:16:2b]
RSSI: -90 [da:36:af:5f:16:7b]
RSSI: -86 [da:3b:9c:6b:0c:1e]
RSSI: -87 [da:3e:36:64:0c:8c]
RSSI: -85 [da:3b:9c:7b:0c:4e]
RSSI: -88 [da:36:af:79:00:4b]
RSSI: -84 [da:3b:9c:8b:0c:7e]
RSSI: -88 [da:36:af:86:00:7b]
RSSI: -83 [da:3b:9c:97:0c:9e]
RSSI: -86 [da:36:af:a0:00:cb]
RSSI: -90 [da:3e:36:a6:0d:5c]
RSSI: -87 [da:36:af:ad:00:eb]
RSSI: -82 [da:3b:9c:b7:0c:fe]
RSSI: -85 [da:3b:9c:b7:0c:fe]
RSSI: -87 [da:36:af:ad:00:eb]
RSSI: -85 [da:3b:9c:b7:0c:fe]
RSSI: -86 [da:36:af:ba:01:0b]
RSSI: -82 [da:3b:9c:c3:0d:1e]
RSSI: -86 [da:3b:9c:c3:0d:1e]
RSSI: -85 [da:36:af:c7:01:3b]
RSSI: -82 [da:3b:9c:d3:0d:4e]
RSSI: -87 [da:36:af:d5:01:5b]
RSSI: -83 [da:3e:36:ce:0d:dc]
RSSI: -85 [da:3b:9c:e3:0d:7e]
RSSI: -85 [da:3b:9c:e3:0d:7e]
RSSI: -88 [da:3e:36:db:0e:0c]
RSSI: -84 [da:3b:9c:ef:0d:9e]
RSSI: -83 [da:3e:36:e9:0e:3c]
RSSI: -84 [da:36:af:ee:01:ab]
RSSI: -83 [da:3b:9c:ff:0d:ce]
RSSI: -84 [da:3b:9c:ff:0d:ce]
RSSI: -84 [da:3e:37:03:0e:8c]
RSSI: -89 [da:3e:37:03:0e:8c]
RSSI: -83 [da:36:b0:16:02:2b]
RSSI: -89 [da:36:b0:23:02:4b]
RSSI: -85 [da:3e:37:2b:0f:0c]
RSSI: -90 [da:3b:9d:3b:0e:6e]
RSSI: -85 [da:3e:37:2b:0f:0c]
RSSI: -86 [da:36:b0:3d:02:9b]
RSSI: -83 [da:3e:37:38:0f:3c]
RSSI: -86 [da:3e:37:45:0f:5c]
RSSI: -84 [da:3e:37:53:0f:8c]
RSSI: -88 [da:3e:37:53:0f:8c]
RSSI: -89 [da:3e:37:60:0f:bc]
RSSI: -88 [da:3e:37:60:0f:bc]
RSSI: -93 [da:36:b0:8b:03:7b]
RSSI: -88 [da:3e:37:88:10:3c]
RSSI: -85 [da:3e:37:a2:10:8c]
RSSI: -79 [da:3e:37:b0:10:ac]
RSSI: -81 [da:3e:37:bc:10:dc]
RSSI: -76 [da:3e:37:ca:11:0c]
RSSI: -74 [da:3e:37:d7:11:2c]
RSSI: -73 [da:3e:37:d7:11:2c]
RSSI: -75 [da:3e:37:e4:11:5c]
RSSI: -73 [da:3e:37:e4:11:5c]
RSSI: -70 [da:3e:37:f2:11:7c]
RSSI: -73 [da:3e:37:f2:11:7c]
RSSI: -71 [da:3e:37:ff:11:ac]
RSSI: -68 [da:3e:37:ff:11:ac]
RSSI: -71 [da:3e:38:0c:11:cc]
RSSI: -70 [da:3e:38:0c:11:cc]
RSSI: -67 [da:3e:38:19:11:fc]
RSSI: -69 [da:3e:38:19:11:fc]
RSSI: -68 [da:3e:38:27:12:1c]
RSSI: -66 [da:3e:38:27:12:1c]
RSSI: -69 [da:3e:38:34:12:4c]
RSSI: -67 [da:3e:38:41:12:7c]
RSSI: -69 [da:3e:38:4f:12:9c]
RSSI: -92 [da:36:b1:4f:05:cb]
RSSI: -68 [da:3e:38:4f:12:9c]
RSSI: -72 [da:3e:38:5b:12:cc]
RSSI: -70 [da:3e:38:69:12:ec]
RSSI: -72 [da:3e:38:77:13:1c]
RSSI: -77 [da:3e:38:83:13:3c]
RSSI: -74 [da:3e:38:83:13:3c]
RSSI: -76 [da:3e:38:91:13:6c]
RSSI: -82 [da:3e:38:91:13:6c]
RSSI: -83 [da:3e:38:9e:13:9c]
RSSI: -93 [da:38:95:c1:05:ba]
RSSI: -83 [da:3e:38:b9:13:ec]
RSSI: -84 [da:3e:38:b9:13:ec]
RSSI: -77 [da:3e:38:c6:14:1c]
RSSI: -80 [da:3e:38:d3:14:3c]
RSSI: -91 [da:38:95:dc:06:0a]
RSSI: -77 [da:3e:38:d3:14:3c]
RSSI: -87 [da:38:95:eb:06:2a]
RSSI: -78 [da:3e:38:e1:14:6c]
RSSI: -76 [da:3e:38:ee:14:9c]
RSSI: -76 [da:3e:38:ee:14:9c]
RSSI: -84 [da:38:96:06:06:7a]
RSSI: -78 [da:3e:38:fb:14:bc]
RSSI: -78 [da:3e:38:fb:14:bc]
RSSI: -84 [da:38:96:15:06:aa]
RSSI: -82 [da:38:96:21:06:ca]
RSSI: -82 [da:3e:39:16:15:1c]
RSSI: -82 [da:38:96:21:06:ca]
RSSI: -80 [da:38:96:3e:07:1a]
RSSI: -84 [da:3e:39:30:15:6c]
RSSI: -80 [da:38:96:3e:07:1a]
RSSI: -83 [da:3e:39:30:15:6c]
RSSI: -82 [da:3e:39:3e:15:8c]
RSSI: -79 [da:38:96:4b:07:4a]
RSSI: -82 [da:3e:39:3e:15:8c]
RSSI: -78 [da:38:96:4b:07:4a]
RSSI: -83 [da:3e:39:4b:15:bc]
RSSI: -78 [da:38:96:5a:07:6a]
RSSI: -83 [da:3e:39:4b:15:bc]
RSSI: -78 [da:38:96:5a:07:6a]
RSSI: -82 [da:3e:39:58:15:dc]
RSSI: -77 [da:38:96:68:07:9a]
RSSI: -82 [da:3e:39:58:15:dc]
RSSI: -79 [da:38:96:68:07:9a]
RSSI: -83 [da:3e:39:58:15:dc]
RSSI: -86 [da:3e:39:66:16:0c]
RSSI: -84 [da:3e:39:73:16:3c]
RSSI: -83 [da:3e:39:80:16:5c]
RSSI: -78 [da:38:96:92:08:1a]
RSSI: -82 [da:3e:39:8e:00:0c]
RSSI: -76 [da:38:96:9e:08:3a]
RSSI: -83 [da:3e:39:8e:00:0c]
RSSI: -90 [da:36:b2:96:09:9b]
RSSI: -77 [da:38:96:9e:08:3a]
RSSI: -77 [da:38:96:ad:08:5a]
RSSI: -77 [da:38:96:ad:08:5a]
RSSI: -78 [da:38:96:bc:08:8a]
RSSI: -77 [da:38:96:bc:08:8a]
RSSI: -79 [da:38:96:c8:08:aa]
RSSI: -79 [da:38:96:c8:08:aa]
RSSI: -80 [da:38:96:c8:08:aa]
RSSI: -85 [da:3e:39:c2:00:ac]
RSSI: -81 [da:38:96:d7:08:da]
RSSI: -88 [da:36:b2:ca:0a:3b]
RSSI: -83 [da:38:96:d7:08:da]
RSSI: -80 [da:3e:39:d0:00:dc]
RSSI: -82 [da:38:96:e5:09:0a]
RSSI: -82 [da:3e:39:de:00:fc]
RSSI: -81 [da:3e:39:de:00:fc]
RSSI: -82 [da:3e:39:ea:01:2c]
RSSI: -83 [da:3e:39:f8:01:4c]
RSSI: -83 [da:3e:39:f8:01:4c]
RSSI: -86 [da:3e:3a:06:01:7c]
RSSI: -89 [da:36:b3:15:0b:1b]
RSSI: -83 [da:38:97:1c:09:9a]
RSSI: -88 [da:3e:3a:12:01:ac]
RSSI: -83 [da:38:97:2a:09:ca]
RSSI: -84 [da:38:97:39:09:fa]
RSSI: -83 [da:38:97:39:09:fa]
RSSI: -81 [da:38:97:46:0a:1a]
RSSI: -87 [da:3e:3a:3a:02:2c]
RSSI: -84 [da:38:97:46:0a:1a]
RSSI: -84 [da:38:97:54:0a:4a]
RSSI: -82 [da:38:97:54:0a:4a]
RSSI: -82 [da:38:97:54:0a:4a]
RSSI: -85 [da:38:97:63:0a:6a]
RSSI: -88 [da:3e:3a:56:02:7c]
RSSI: -87 [da:3e:3a:56:02:7c]
RSSI: -88 [da:38:97:63:0a:6a]
RSSI: -88 [da:3e:3a:56:02:7c]
RSSI: -87 [da:3e:3a:70:02:cc]
RSSI: -88 [da:38:97:7e:0a:ba]
RSSI: -85 [da:3e:3a:70:02:cc]
RSSI: -90 [da:38:97:7e:0a:ba]
RSSI: -86 [da:3e:3a:7e:02:fc]
RSSI: -84 [da:3e:3a:8a:03:1c]
RSSI: -86 [da:3e:3a:98:03:4c]
RSSI: -88 [da:3e:3a:b3:03:9c]
RSSI: -88 [da:3e:3a:ce:03:ec]
RSSI: -89 [da:3e:3a:db:04:1c]
RSSI: -90 [da:38:98:17:0c:7a]
RSSI: -91 [da:38:98:26:0c:9a]
RSSI: -98 [da:3e:3b:1e:04:ec]
RSSI: -87 [da:38:98:34:0c:ca]
RSSI: -87 [da:38:98:34:0c:ca]
RSSI: -96 [da:36:b4:43:0e:9b]
RSSI: -90 [da:3e:3b:53:05:8c]
RSSI: -89 [da:38:98:7a:0d:8a]
RSSI: -88 [da:38:98:88:0d:ba]
RSSI: -87 [da:38:98:88:0d:ba]
RSSI: -88 [da:38:98:95:0d:da]
RSSI: -91 [da:3e:3b:97:06:5c]
RSSI: -89 [da:38:98:b2:0e:3a]
RSSI: -87 [da:3e:3b:a3:06:8c]
RSSI: -86 [da:38:98:bf:0e:5a]
RSSI: -87 [da:3e:3b:cb:07:0c]
RSSI: -86 [da:3e:3b:cb:07:0c]
RSSI: -83 [da:38:98:e9:0e:da]
RSSI: -87 [da:38:98:f7:0e:fa]
RSSI: -84 [da:3e:3b:f4:07:8c]
RSSI: -85 [da:38:99:06:0f:2a]
RSSI: -87 [da:38:99:06:0f:2a]
RSSI: -83 [da:3e:3c:01:07:ac]
RSSI: -86 [da:38:99:13:0f:4a]
RSSI: -86 [da:3e:3c:0f:07:dc]
RSSI: -87 [da:38:99:21:0f:7a]
RSSI: -87 [da:38:99:30:0f:9a]
RSSI: -80 [da:3e:3c:2a:08:2c]
RSSI: -81 [da:3e:3c:2a:08:2c]
RSSI: -85 [da:38:99:4b:0f:ea]
RSSI: -86 [da:38:99:5a:10:1a]
RSSI: -79 [da:3e:3c:52:08:ac]
RSSI: -87 [da:3e:3c:60:08:dc]
RSSI: -79 [da:3e:3c:60:08:dc]
RSSI: -84 [da:3e:3c:6c:09:0c]
RSSI: -88 [da:38:99:84:10:8a]
RSSI: -83 [da:3e:3c:88:09:5c]
RSSI: -79 [da:3e:3c:88:09:5c]
RSSI: -87 [da:38:99:a0:10:da]
RSSI: -82 [da:3e:3c:94:09:8c]
RSSI: -82 [da:3e:3c:94:09:8c]
RSSI: -86 [da:3e:3c:a2:09:ac]
RSSI: -87 [da:3e:3c:a2:09:ac]
RSSI: -80 [da:3e:3c:b0:09:dc]
RSSI: -79 [da:3e:3c:bd:0a:0c]
RSSI: -84 [da:3e:3c:cb:0a:2c]
RSSI: -80 [da:3e:3c:cb:0a:2c]
RSSI: -83 [da:3e:3c:d8:0a:5c]
RSSI: -82 [da:3e:3c:d8:0a:5c]
RSSI: -81 [da:3e:3c:e5:0a:8c]
RSSI: -84 [da:3e:3c:e5:0a:8c]
RSSI: -79 [da:3e:3c:f3:0a:ac]
RSSI: -80 [da:3e:3d:01:0a:dc]
RSSI: -82 [da:3e:3d:0d:0b:0c]
RSSI: -95 [da:3b:a3:1e:08:be]
RSSI: -83 [da:3e:3d:0d:0b:0c]
RSSI: -79 [da:3e:3d:1b:0b:2c]
RSSI: -79 [da:3e:3d:1b:0b:2c]
RSSI: -92 [da:3b:a3:3b:09:0e]
RSSI: -91 [da:36:b6:38:14:7b]
RSSI: -90 [da:36:b6:46:14:9b]
RSSI: -83 [da:3e:3d:44:0b:ac]
RSSI: -81 [da:3e:3d:51:0b:dc]
RSSI: -85 [da:3e:3d:51:0b:dc]
RSSI: -81 [da:3e:3d:5e:0c:0c]
RSSI: -81 [da:3e:3d:5e:0c:0c]
RSSI: -88 [da:3e:3d:6c:0c:2c]
RSSI: -85 [da:3e:3d:6c:0c:2c]
RSSI: -87 [da:3e:3d:7a:0c:5c]
RSSI: -88 [da:3e:3d:7a:0c:5c]
RSSI: -92 [da:36:b6:88:15:5b]
RSSI: -95 [da:3b:a3:a4:0a:3e]
RSSI: -88 [da:36:b6:b0:15:db]
RSSI: -95 [da:3b:a3:b1:0a:5e]
RSSI: -90 [da:36:b6:b0:15:db]
RSSI: -87 [da:36:b6:bd:15:fb]
RSSI: -91 [da:3e:3d:d7:0d:8c]
RSSI: -87 [da:36:b6:e5:16:7b]
RSSI: -88 [da:3e:3d:e5:0d:ac]
RSSI: -87 [da:36:b6:f3:00:2b]
RSSI: -87 [da:3e:3d:f3:0d:dc]
RSSI: -87 [da:3e:3d:f3:0d:dc]
RSSI: -87 [da:36:b6:ff:00:4b]
RSSI: -85 [da:3e:3d:ff:0d:fc]
RSSI: -86 [da:36:b7:0d:00:7b]
RSSI: -85 [da:36:b7:0d:00:7b]
RSSI: -87 [da:3e:3e:0d:0e:2c]
RSSI: -86 [da:36:b7:1a:00:9b]
RSSI: -82 [da:3e:3e:1b:0e:5c]
RSSI: -82 [da:3e:3e:1b:0e:5c]
RSSI: -83 [da:3e:3e:28:0e:7c]
RSSI: -88 [da:3b:a4:37:0b:de]
RSSI: -83 [da:3e:3e:28:0e:7c]
RSSI: -91 [da:3b:a4:37:0b:de]
RSSI: -82 [da:36:b7:35:00:eb]
RSSI: -84 [da:36:b7:42:01:1b]
RSSI: -87 [da:3b:a4:47:0c:0e]
RSSI: -86 [da:3e:3e:44:0e:dc]
RSSI: -85 [da:36:b7:4f:01:3b]
RSSI: -82 [da:3b:a4:57:0c:3e]
RSSI: -85 [da:36:b7:4f:01:3b]
RSSI: -84 [da:3e:3e:50:0e:fc]
RSSI: -83 [da:36:b7:5d:01:6b]
RSSI: -87 [da:3b:a4:64:0c:5e]
RSSI: -90 [da:38:9b:67:15:ea]
RSSI: -81 [da:3b:a4:64:0c:5e]
RSSI: -80 [da:3e:3e:5e:0f:2c]
RSSI: -85 [da:3b:a4:74:0c:8e]
RSSI: -82 [da:3e:3e:6c:0f:5c]
RSSI: -87 [da:38:9b:76:16:0a]
RSSI: -81 [da:3e:3e:6c:0f:5c]
RSSI: -87 [da:36:b7:77:01:ab]
RSSI: -81 [da:3b:a4:84:0c:be]
RSSI: -83 [da:3b:a4:84:0c:be]
RSSI: -82 [da:3e:3e:79:0f:7c]
RSSI: -83 [da:3b:a4:84:0c:be]
RSSI: -83 [da:3e:3e:79:0f:7c]
RSSI: -83 [da:36:b7:84:01:db]
RSSI: -81 [da:3b:a4:90:0c:de]
RSSI: -84 [da:36:b7:92:01:fb]
RSSI: -83 [da:3b:a4:90:0c:de]
RSSI: -84 [da:36:b7:92:01:fb]
RSSI: -88 [da:3e:3e:95:0f:dc]
RSSI: -84 [da:36:b7:9f:02:2b]
RSSI: -80 [da:3b:a4:a0:0d:0e]
RSSI: -84 [da:36:b7:9f:02:2b]
RSSI: -81 [da:3b:a4:b0:0d:3e]
RSSI: -85 [da:36:b7:ac:02:4b]
RSSI: -83 [da:36:b7:ba:02:7b]
RSSI: -80 [da:3b:a4:bd:0d:5e]
RSSI: -83 [da:36:b7:ba:02:7b]
RSSI: -86 [da:3e:3e:bd:10:5c]
RSSI: -84 [da:36:b7:c7:02:9b]
RSSI: -79 [da:3b:a4:cd:0d:8e]
RSSI: -82 [da:3b:a4:cd:0d:8e]
RSSI: -89 [da:38:9b:cb:00:ca]
RSSI: -86 [da:36:b7:c7:02:9b]
RSSI: -82 [da:3b:a4:cd:0d:8e]
RSSI: -84 [da:3e:3e:ca:10:8c]
RSSI: -84 [da:3e:3e:ca:10:8c]
RSSI: -82 [da:3e:3e:ca:10:8c]
RSSI: -80 [da:3b:a4:dd:0d:be]
RSSI: -84 [da:36:b7:d4:02:bb]
RSSI: -80 [da:3e:3e:d8:10:ac]
RSSI: -90 [da:38:9b:e6:01:1a]
RSSI: -78 [da:3e:3e:d8:10:ac]
RSSI: -83 [da:36:b7:e2:02:eb]
RSSI: -81 [da:3b:a4:ea:0d:de]
RSSI: -81 [da:3b:a4:ea:0d:de]
RSSI: -78 [da:3e:3e:e6:10:dc]
RSSI: -87 [da:38:9b:f5:01:4a]
RSSI: -87 [da:36:b7:ee:03:0b]
RSSI: -75 [da:3e:3e:e6:10:dc]
RSSI: -83 [da:3b:a4:fa:0e:0e]
RSSI: -73 [da:3e:3e:f2:11:0c]
RSSI: -86 [da:36:b7:fc:03:3b]
RSSI: -77 [da:3e:3e:f2:11:0c]
RSSI: -82 [da:3b:a5:0a:0e:3e]
RSSI: -87 [da:36:b7:fc:03:3b]
RSSI: -72 [da:3e:3f:00:11:2c]
RSSI: -74 [da:3e:3f:0e:11:5c]
RSSI: -82 [da:3b:a5:17:0e:5e]
RSSI: -85 [da:3b:a5:17:0e:5e]
RSSI: -89 [da:36:b8:16:03:8b]
RSSI: -73 [da:3e:3f:1b:11:7c]
RSSI: -86 [da:3b:a5:37:0e:be]
RSSI: -68 [da:3e:3f:29:11:ac]
RSSI: -87 [da:38:9c:3b:02:0a]
RSSI: -90 [da:3b:a5:43:0e:de]
RSSI: -72 [da:3e:3f:43:12:0c]
RSSI: -89 [da:3b:a5:54:0f:0e]
RSSI: -68 [da:3e:3f:43:12:0c]
RSSI: -66 [da:3e:3f:51:12:2c]
RSSI: -72 [da:3e:3f:51:12:2c]
RSSI: -67 [da:3e:3f:5f:12:5c]
RSSI: -67 [da:3e:3f:5f:12:5c]
RSSI: -67 [da:3e:3f:5f:12:5c]
RSSI: -72 [da:3e:3f:6c:12:8c]
RSSI: -69 [da:3e:3f:6c:12:8c]
RSSI: -73 [da:3e:3f:7a:12:ac]
RSSI: -93 [da:38:9c:8f:02:fa]
RSSI: -68 [da:3e:3f:88:12:dc]
RSSI: -68 [da:3e:3f:88:12:dc]
RSSI: -73 [da:3e:3f:94:13:0c]
RSSI: -70 [da:3e:3f:94:13:0c]
RSSI: -74 [da:3e:3f:a2:13:2c]
RSSI: -74 [da:3e:3f:a2:13:2c]
RSSI: -74 [da:3e:3f:b0:13:5c]
RSSI: -75 [da:3e:3f:bd:13:8c]
RSSI: -91 [da:38:9c:e4:03:ea]
RSSI: -89 [da:3e:3f:d9:13:dc]
RSSI: -86 [da:3e:3f:e5:13:fc]
RSSI: -89 [da:38:9d:02:04:3a]
RSSI: -83 [da:3e:3f:f4:14:2c]
RSSI: -80 [da:3e:3f:f4:14:2c]
RSSI: -81 [da:3e:40:01:14:5c]
RSSI: -86 [da:38:9d:0f:04:5a]
RSSI: -89 [da:38:9d:1e:04:8a]
RSSI: -78 [da:3e:40:0e:14:7c]
RSSI: -85 [da:38:9d:1e:04:8a]
RSSI: -80 [da:3e:40:1c:14:ac]
RSSI: -85 [da:3e:40:2a:14:dc]
RSSI: -87 [da:38:9d:39:04:da]
RSSI: -85 [da:3e:40:2a:14:dc]
RSSI: -86 [da:38:9d:39:04:da]
RSSI: -91 [da:3b:a6:3c:11:9e]
RSSI: -78 [da:3e:40:37:14:fc]
RSSI: -87 [da:3e:40:37:14:fc]
RSSI: -87 [da:38:9d:48:05:0a]
RSSI: -89 [da:36:b9:56:07:4b]
RSSI: -88 [da:3e:40:53:15:5c]
RSSI: -81 [da:3e:40:5f:15:7c]
RSSI: -88 [da:3e:40:5f:15:7c]
RSSI: -88 [da:38:9d:72:05:7a]
RSSI: -87 [da:38:9d:72:05:7a]
RSSI: -91 [da:36:b9:72:07:9b]
RSSI: -88 [da:38:9d:81:05:aa]
RSSI: -85 [da:38:9d:81:05:aa]
RSSI: -88 [da:36:b9:7e:07:bb]
RSSI: -84 [da:38:9d:8e:05:ca]
RSSI: -82 [da:38:9d:9d:05:fa]
RSSI: -85 [da:3e:40:96:16:2c]
RSSI: -89 [da:36:b9:9a:08:0b]
RSSI: -85 [da:3e:40:96:16:2c]
RSSI: -79 [da:38:9d:ac:06:1a]
RSSI: -80 [da:38:9d:ac:06:1a]
RSSI: -86 [da:3e:40:a4:16:4c]
RSSI: -80 [da:38:9d:b8:06:3a]
RSSI: -79 [da:38:9d:b8:06:3a]
RSSI: -79 [da:38:9d:c7:06:6a]
RSSI: -80 [da:38:9d:c7:06:6a]
RSSI: -93 [da:36:b9:c2:08:8b]
RSSI: -79 [da:38:9d:c7:06:6a]
RSSI: -77 [da:38:9d:d6:06:9a]
RSSI: -85 [da:3e:40:cd:00:5c]
RSSI: -78 [da:38:9d:d6:06:9a]
RSSI: -77 [da:38:9d:e3:06:ba]
RSSI: -86 [da:3e:40:d9:00:8c]
RSSI: -77 [da:38:9d:e3:06:ba]
RSSI: -78 [da:38:9d:e3:06:ba]
RSSI: -77 [da:38:9d:f2:06:ea]
RSSI: -85 [da:3e:40:e8:00:ac]
RSSI: -77 [da:38:9e:01:07:1a]
RSSI: -78 [da:38:9e:01:07:1a]
RSSI: -80 [da:3e:40:f6:00:dc]
RSSI: -75 [da:38:9e:0d:07:3a]
RSSI: -94 [da:3b:a7:08:13:de]
RSSI: -82 [da:3e:41:02:00:fc]
RSSI: -75 [da:38:9e:0d:07:3a]
RSSI: -75 [da:38:9e:1c:07:6a]
RSSI: -81 [da:3e:41:10:01:2c]
RSSI: -75 [da:38:9e:1c:07:6a]
RSSI: -80 [da:3e:41:10:01:2c]
RSSI: -78 [da:3e:41:1e:01:5c]
RSSI: -78 [da:3e:41:1e:01:5c]
RSSI: -81 [da:3e:41:1e:01:5c]
RSSI: -76 [da:38:9e:38:07:ba]
RSSI: -81 [da:3e:41:2b:01:7c]
RSSI: -75 [da:38:9e:38:07:ba]
RSSI: -79 [da:3e:41:2b:01:7c]
RSSI: -84 [da:3e:41:39:01:ac]
RSSI: -75 [da:38:9e:47:07:da]
RSSI: -84 [da:3e:41:39:01:ac]
RSSI: -75 [da:38:9e:47:07:da]
RSSI: -76 [da:38:9e:56:08:0a]
RSSI: -76 [da:38:9e:56:08:0a]
RSSI: -83 [da:3e:41:47:01:dc]
RSSI: -76 [da:38:9e:62:08:2a]
RSSI: -77 [da:38:9e:71:08:5a]
RSSI: -96 [da:3b:a7:6e:14:fe]
RSSI: -78 [da:38:9e:71:08:5a]
RSSI: -79 [da:38:9e:80:08:8a]
RSSI: -80 [da:38:9e:8d:08:aa]
RSSI: -88 [da:3e:41:84:02:9c]
RSSI: -80 [da:38:9e:8d:08:aa]
RSSI: -93 [da:36:ba:8a:0a:db]
RSSI: -87 [da:3e:41:a0:02:ec]
RSSI: -91 [da:36:ba:a5:0b:2b]
RSSI: -89 [da:38:9e:c7:09:4a]
RSSI: -88 [da:3e:41:bb:03:3c]
RSSI: -82 [da:38:9e:d5:09:7a]
RSSI: -84 [da:38:9e:e2:09:9a]
RSSI: -83 [da:38:9e:f1:09:ca]
RSSI: -84 [da:38:9e:f1:09:ca]
RSSI: -82 [da:38:9f:00:09:fa]
RSSI: -85 [da:38:9f:00:09:fa]
RSSI: -88 [da:3e:41:fe:04:1c]
RSSI: -87 [da:38:9f:1c:0a:4a]
RSSI: -89 [da:38:9f:2b:0a:6a]
RSSI: -89 [da:3e:42:1a:04:6c]
RSSI: -87 [da:38:9f:37:0a:9a]
RSSI: -89 [da:38:9f:37:0a:9a]
RSSI: -85 [da:38:9f:46:0a:ba]
RSSI: -85 [da:38:9f:46:0a:ba]
RSSI: -86 [da:38:9f:55:0a:ea]
RSSI: -86 [da:38:9f:55:0a:ea]
RSSI: -85 [da:38:9f:62:0b:0a]
RSSI: -90 [da:3e:42:87:05:bc]
RSSI: -91 [da:3e:42:b0:06:3c]
RSSI: -89 [da:3e:42:ca:06:9c]
RSSI: -85 [da:3e:42:ca:06:9c]
RSSI: -85 [da:3e:42:d9:06:bc]
RSSI: -88 [da:3e:42:d9:06:bc]
RSSI: -85 [da:3e:42:e7:06:ec]
RSSI: -85 [da:3e:42:e7:06:ec]
RSSI: -84 [da:3e:42:f3:07:1c]
RSSI: -96 [da:36:bc:0f:0f:7b]
RSSI: -89 [da:38:a0:2b:0d:5a]
RSSI: -88 [da:3e:43:1c:07:9c]
RSSI: -88 [da:38:a0:2b:0d:5a]
RSSI: -89 [da:38:a0:37:0d:7a]
RSSI: -87 [da:38:a0:37:0d:7a]
RSSI: -87 [da:3e:43:39:07:ec]
RSSI: -89 [da:38:a0:46:0d:aa]
RSSI: -83 [da:3e:43:45:08:1c]
RSSI: -92 [da:38:a0:80:0e:5a]
RSSI: -79 [da:3e:43:6e:08:9c]
RSSI: -89 [da:38:a0:8d:0e:7a]
RSSI: -87 [da:38:a0:8d:0e:7a]
RSSI: -80 [da:3e:43:97:09:1c]
RSSI: -86 [da:3e:43:a6:09:4c]
RSSI: -87 [da:38:a0:b8:0e:fa]
RSSI: -78 [da:3e:43:c0:09:9c]
RSSI: -80 [da:3e:43:cf:09:cc]
RSSI: -89 [da:38:a0:e2:0f:6a]
RSSI: -79 [da:3e:43:dd:09:fc]
RSSI: -92 [da:38:a1:01:0f:ca]
RSSI: -80 [da:3e:43:e9:0a:1c]
RSSI: -79 [da:3e:43:f8:0a:4c]
RSSI: -82 [da:3e:43:f8:0a:4c]
RSSI: -89 [da:38:a1:0d:0f:ea]
RSSI: -81 [da:3e:44:06:0a:7c]
RSSI: -80 [da:3e:44:06:0a:7c]
RSSI: -86 [da:38:a1:1c:10:1a]
RSSI: -82 [da:3e:44:12:0a:9c]
RSSI: -86 [da:38:a1:1c:10:1a]
RSSI: -80 [da:3e:44:12:0a:9c]
RSSI: -86 [da:38:a1:38:10:5a]
RSSI: -83 [da:38:a1:47:10:8a]
RSSI: -80 [da:3e:44:3b:0b:1c]
RSSI: -86 [da:38:a1:47:10:8a]
RSSI: -83 [da:38:a1:56:10:ba]
RSSI: -82 [da:3e:44:4a:0b:4c]
RSSI: -79 [da:3e:44:58:0b:7c]
RSSI: -81 [da:3e:44:65:0b:ac]
RSSI: -84 [da:3e:44:73:0b:cc]
RSSI: -85 [da:38:a1:81:11:2a]
RSSI: -83 [da:3e:44:73:0b:cc]
RSSI: -88 [da:38:a1:81:11:2a]
RSSI: -82 [da:3e:44:81:0b:fc]
RSSI: -81 [da:3e:44:81:0b:fc]
RSSI: -85 [da:3e:44:8e:0c:2c]
RSSI: -85 [da:3e:44:aa:0c:7c]
RSSI: -88 [da:38:a1:d7:12:2a]
RSSI: -94 [da:3e:44:c5:0c:dc]
RSSI: -92 [da:36:bd:cc:14:9b]
RSSI: -88 [da:38:a1:d7:12:2a]
RSSI: -91 [da:3e:44:d3:0d:0c]
RSSI: -87 [da:3e:44:ee:0d:5c]
RSSI: -90 [da:3b:ab:1e:09:1e]
RSSI: -91 [da:3b:ab:2b:09:4e]
RSSI: -90 [da:36:be:1d:15:8b]
RSSI: -88 [da:3b:ab:2b:09:4e]
RSSI: -87 [da:3e:45:25:0e:0c]
RSSI: -91 [da:38:a2:2d:13:1a]
RSSI: -84 [da:3e:45:25:0e:0c]
RSSI: -84 [da:3e:45:25:0e:0c]
RSSI: -82 [da:3e:45:32:0e:3c]
RSSI: -89 [da:36:be:37:15:db]
RSSI: -82 [da:3e:45:32:0e:3c]
RSSI: -89 [da:36:be:37:15:db]
RSSI: -89 [da:36:be:45:16:0b]
RSSI: -85 [da:3e:45:40:0e:5c]
RSSI: -89 [da:38:a2:57:13:9a]
RSSI: -82 [da:3e:45:4f:0e:8c]
RSSI: -88 [da:36:be:53:16:3b]
RSSI: -83 [da:3e:45:4f:0e:8c]
RSSI: -82 [da:3e:45:5b:0e:bc]
RSSI: -92 [da:36:be:60:16:5b]
RSSI: -89 [da:3b:ab:78:0a:1e]
RSSI: -84 [da:3e:45:6a:0e:ec]
RSSI: -89 [da:36:be:7c:00:2b]
RSSI: -87 [da:3e:45:78:0f:0c]
RSSI: -82 [da:3e:45:78:0f:0c]
RSSI: -84 [da:3e:45:84:0f:3c]
RSSI: -84 [da:3e:45:84:0f:3c]
RSSI: -87 [da:3b:ab:9f:0a:8e]
RSSI: -79 [da:3e:45:93:0f:6c]
RSSI: -81 [da:3e:45:93:0f:6c]
RSSI: -84 [da:36:be:a4:00:ab]
RSSI: -80 [da:3e:45:a1:0f:9c]
RSSI: -80 [da:3e:45:a1:0f:9c]
RSSI: -84 [da:36:be:b1:00:cb]
RSSI: -87 [da:38:a2:ba:14:ba]
RSSI: -83 [da:36:be:bf:00:fb]
RSSI: -82 [da:36:be:cd:01:1b]
RSSI: -82 [da:36:be:cd:01:1b]
RSSI: -86 [da:3e:45:ca:10:1c]
RSSI: -81 [da:36:be:da:01:3b]
RSSI: -84 [da:3e:45:d7:10:3c]
RSSI: -83 [da:38:a2:e5:15:2a]
RSSI: -81 [da:36:be:e8:01:6b]
RSSI: -85 [da:3e:45:f3:10:9c]
RSSI: -83 [da:36:be:f6:01:9b]
RSSI: -83 [da:3e:45:f3:10:9c]
RSSI: -83 [da:3e:45:f3:10:9c]
RSSI: -81 [da:36:bf:02:01:bb]
RSSI: -81 [da:36:bf:02:01:bb]
RSSI: -82 [da:36:bf:10:01:eb]
RSSI: -84 [da:3b:ac:13:0b:de]
RSSI: -81 [da:36:bf:10:01:eb]
RSSI: -80 [da:36:bf:10:01:eb]
RSSI: -76 [da:3e:46:0e:10:ec]
RSSI: -87 [da:38:a3:1f:15:da]
RSSI: -74 [da:3e:46:1d:11:1c]
RSSI: -82 [da:36:bf:1e:02:0b]
RSSI: -85 [da:38:a3:2e:15:fa]
RSSI: -80 [da:36:bf:2b:02:3b]
RSSI: -74 [da:3e:46:29:11:3c]
RSSI: -82 [da:36:bf:2b:02:3b]
RSSI: -87 [da:38:a3:3b:16:1a]
RSSI: -71 [da:3e:46:29:11:3c]
RSSI: -70 [da:3e:46:38:11:6c]
RSSI: -80 [da:36:bf:39:02:5b]
RSSI: -82 [da:3b:ac:46:0c:6e]
RSSI: -79 [da:3b:ac:46:0c:6e]
RSSI: -68 [da:3e:46:46:11:9c]
RSSI: -83 [da:36:bf:47:02:8b]
RSSI: -79 [da:3b:ac:53:0c:8e]
RSSI: -67 [da:3e:46:46:11:9c]
RSSI: -91 [da:38:a3:59:00:2a]
RSSI: -72 [da:3e:46:53:11:bc]
RSSI: -67 [da:3e:46:53:11:bc]
RSSI: -83 [da:3b:ac:6d:0c:de]
RSSI: -81 [da:36:bf:62:02:db]
RSSI: -80 [da:3b:ac:6d:0c:de]
RSSI: -70 [da:3e:46:61:11:ec]
RSSI: -81 [da:3b:ac:79:0c:fe]
RSSI: -84 [da:36:bf:70:02:fb]
RSSI: -81 [da:3b:ac:79:0c:fe]
RSSI: -65 [da:3e:46:6f:12:1c]
RSSI: -84 [da:36:bf:7c:03:2b]
RSSI: -83 [da:3b:ac:86:0d:1e]
RSSI: -85 [da:36:bf:7c:03:2b]
RSSI: -65 [da:3e:46:7c:12:4c]
RSSI: -84 [da:36:bf:8a:03:4b]
RSSI: -80 [da:3b:ac:93:0d:4e]
RSSI: -69 [da:3e:46:8a:12:6c]
RSSI: -79 [da:3b:ac:a0:0d:6e]
RSSI: -87 [da:38:a3:a0:00:fa]
RSSI: -80 [da:3b:ac:a0:0d:6e]
RSSI: -81 [da:3b:ac:a0:0d:6e]
RSSI: -65 [da:3e:46:99:12:9c]
RSSI: -84 [da:38:a3:a0:00:fa]
RSSI: -68 [da:3e:46:99:12:9c]
RSSI: -88 [da:38:a3:af:01:1a]
RSSI: -78 [da:3b:ac:ad:0d:8e]
RSSI: -88 [da:38:a3:af:01:1a]
RSSI: -67 [da:3e:46:a5:12:cc]
RSSI: -81 [da:3b:ac:ba:0d:be]
RSSI: -66 [da:3e:46:a5:12:cc]
RSSI: -78 [da:3b:ac:ba:0d:be]
RSSI: -70 [da:3e:46:b4:12:fc]
RSSI: -79 [da:3b:ac:c7:0d:de]
RSSI: -67 [da:3e:46:b4:12:fc]
RSSI: -81 [da:3b:ac:c7:0d:de]
RSSI: -71 [da:3e:46:c2:13:1c]
RSSI: -79 [da:3b:ac:d4:0d:fe]
RSSI: -79 [da:3b:ac:d4:0d:fe]
RSSI: -84 [da:3b:ac:e1:0e:1e]
RSSI: -81 [da:3b:ac:e1:0e:1e]
RSSI: -82 [da:38:a3:e7:01:ba]
RSSI: -81 [da:3b:ac:ed:0e:4e]
RSSI: -82 [da:38:a3:e7:01:ba]
RSSI: -73 [da:3e:46:dd:13:7c]
RSSI: -82 [da:3b:ac:fa:0e:6e]
RSSI: -81 [da:38:a3:f6:01:da]
RSSI: -79 [da:3e:46:eb:13:9c]
RSSI: -82 [da:3b:ac:fa:0e:6e]
RSSI: -81 [da:38:a3:f6:01:da]
RSSI: -78 [da:3e:46:eb:13:9c]
RSSI: -83 [da:3b:ac:fa:0e:6e]
RSSI: -77 [da:3e:46:f8:13:cc]
RSSI: -85 [da:3b:ad:07:0e:8e]
RSSI: -88 [da:3b:ad:21:0e:de]
RSSI: -81 [da:38:a4:22:02:4a]
RSSI: -88 [da:3b:ad:21:0e:de]
RSSI: -83 [da:3e:47:15:14:1c]
RSSI: -82 [da:38:a4:22:02:4a]
RSSI: -80 [da:38:a4:31:02:7a]
RSSI: -81 [da:3e:47:21:14:4c]
RSSI: -89 [da:3b:ad:3b:0f:1e]
RSSI: -76 [da:3e:47:30:14:7c]
RSSI: -75 [da:3e:47:30:14:7c]
RSSI: -80 [da:38:a4:3d:02:9a]
RSSI: -80 [da:38:a4:4d:02:ca]
RSSI: -80 [da:38:a4:5c:02:fa]
RSSI: -80 [da:3e:47:4b:14:cc]
RSSI: -82 [da:38:a4:5c:02:fa]
RSSI: -78 [da:3e:47:4b:14:cc]
RSSI: -79 [da:3e:47:59:14:fc]
RSSI: -81 [da:38:a4:68:03:1a]
RSSI: -79 [da:3e:47:59:14:fc]
RSSI: -92 [da:3b:ad:6f:0f:be]
RSSI: -80 [da:3e:47:67:15:2c]
RSSI: -80 [da:38:a4:78:03:4a]
RSSI: -80 [da:3e:47:67:15:2c]
RSSI: -82 [da:38:a4:78:03:4a]
RSSI: -83 [da:3e:47:74:15:4c]
RSSI: -84 [da:3e:47:82:15:7c]
RSSI: -82 [da:38:a4:94:03:8a]
RSSI: -81 [da:38:a4:94:03:8a]
RSSI: -80 [da:3e:47:91:15:ac]
RSSI: -80 [da:38:a4:a3:03:ba]
RSSI: -80 [da:38:a4:a3:03:ba]
RSSI: -79 [da:38:a4:a3:03:ba]
RSSI: -78 [da:3e:47:9d:15:cc]
RSSI: -77 [da:38:a4:b2:03:ea]
RSSI: -82 [da:3e:47:ac:15:fc]
RSSI: -76 [da:38:a4:bf:04:0a]
RSSI: -81 [da:3e:47:ba:16:2c]
RSSI: -76 [da:38:a4:ce:04:3a]
RSSI: -76 [da:38:a4:ce:04:3a]
RSSI: -83 [da:3e:47:c7:16:5c]
RSSI: -76 [da:38:a4:dd:04:5a]
RSSI: -85 [da:3e:47:d5:16:7c]
RSSI: -76 [da:38:a4:ea:04:8a]
RSSI: -76 [da:38:a4:ea:04:8a]
RSSI: -77 [da:38:a4:ea:04:8a]
RSSI: -85 [da:3e:47:e4:00:2c]
RSSI: -77 [da:38:a4:f9:04:aa]
RSSI: -82 [da:3e:47:f0:00:5c]
RSSI: -76 [da:38:a4:f9:04:aa]
RSSI: -78 [da:38:a5:09:04:da]
RSSI: -82 [da:3e:47:ff:00:8c]
RSSI: -81 [da:3e:47:ff:00:8c]
RSSI: -83 [da:3e:48:0d:00:ac]
RSSI: -79 [da:38:a5:15:04:fa]
RSSI: -80 [da:3e:48:0d:00:ac]
RSSI: -80 [da:3e:48:0d:00:ac]
RSSI: -78 [da:38:a5:24:05:2a]
RSSI: -78 [da:38:a5:24:05:2a]
RSSI: -77 [da:38:a5:34:05:5a]
RSSI: -81 [da:3e:48:28:01:0c]
RSSI: -76 [da:38:a5:40:05:7a]
RSSI: -79 [da:3e:48:36:01:2c]
RSSI: -75 [da:38:a5:40:05:7a]
RSSI: -74 [da:38:a5:50:05:aa]
RSSI: -81 [da:3e:48:43:01:5c]
RSSI: -74 [da:38:a5:50:05:aa]
RSSI: -74 [da:38:a5:50:05:aa]
RSSI: -80 [da:3e:48:43:01:5c]
RSSI: -71 [da:38:a5:5f:05:da]
RSSI: -82 [da:3e:48:52:01:8c]
RSSI: -72 [da:38:a5:6c:05:fa]
RSSI: -71 [da:38:a5:6c:05:fa]
RSSI: -84 [da:3e:48:6c:01:dc]
RSSI: -71 [da:38:a5:7b:06:2a]
RSSI: -83 [da:3e:48:6c:01:dc]
RSSI: -71 [da:38:a5:7b:06:2a]
RSSI: -71 [da:38:a5:8a:06:5a]
RSSI: -68 [da:38:a5:97:06:7a]
RSSI: -81 [da:3e:48:89:02:3c]
RSSI: -68 [da:38:a5:97:06:7a]
RSSI: -70 [da:38:a5:a6:06:aa]
RSSI: -81 [da:3e:48:96:02:5c]
RSSI: -67 [da:38:a5:a6:06:aa]
RSSI: -86 [da:3e:48:a4:02:8c]
RSSI: -70 [da:38:a5:b5:06:ca]
RSSI: -82 [da:3e:48:a4:02:8c]
RSSI: -85 [da:3e:48:b3:02:bc]
RSSI: -86 [da:3e:48:b3:02:bc]
RSSI: -70 [da:38:a5:c2:06:fa]
RSSI: -68 [da:38:a5:d1:07:1a]
RSSI: -85 [da:3e:48:bf:02:dc]
RSSI: -70 [da:38:a5:d1:07:1a]
RSSI: -70 [da:38:a5:e1:07:4a]
RSSI: -87 [da:3e:48:ce:03:0c]
RSSI: -70 [da:38:a5:e1:07:4a]
RSSI: -70 [da:38:a5:ed:07:6a]
RSSI: -70 [da:38:a5:ed:07:6a]
RSSI: -84 [da:3e:48:e9:03:6c]
RSSI: -85 [da:3e:48:e9:03:6c]
RSSI: -70 [da:38:a5:fd:07:9a]
RSSI: -71 [da:38:a5:fd:07:9a]
RSSI: -69 [da:38:a6:0c:07:ca]
RSSI: -72 [da:38:a6:18:07:ea]
RSSI: -73 [da:38:a6:28:08:1a]
RSSI: -74 [da:38:a6:28:08:1a]
RSSI: -92 [da:3b:af:41:14:de]
RSSI: -91 [da:3e:49:2f:04:3c]
RSSI: -75 [da:38:a6:44:08:6a]
RSSI: -78 [da:38:a6:44:08:6a]
RSSI: -79 [da:38:a6:53:08:9a]
RSSI: -81 [da:38:a6:53:08:9a]
RSSI: -81 [da:38:a6:62:08:ca]
RSSI: -82 [da:38:a6:62:08:ca]
RSSI: -85 [da:38:a6:6f:08:ea]
RSSI: -85 [da:38:a6:7f:09:1a]
RSSI: -85 [da:38:a6:7f:09:1a]
RSSI: -83 [da:38:a6:8e:09:3a]
RSSI: -86 [da:38:a6:9a:09:6a]
RSSI: -85 [da:38:a6:9a:09:6a]
RSSI: -83 [da:38:a6:aa:09:8a]
RSSI: -83 [da:38:a6:aa:09:8a]
RSSI: -82 [da:38:a6:b9:09:ba]
RSSI: -86 [da:38:a6:c6:09:da]
RSSI: -85 [da:38:a6:c6:09:da]
RSSI: -89 [da:38:a6:f1:0a:5a]
RSSI: -88 [da:38:a7:01:0a:8a]
RSSI: -84 [da:3e:49:f1:06:9c]
RSSI: -86 [da:38:a7:01:0a:8a]
RSSI: -86 [da:38:a7:10:0a:ba]
RSSI: -90 [da:3e:49:ff:06:cc]
RSSI: -88 [da:3e:4a:0c:06:ec]
RSSI: -87 [da:38:a7:1d:0a:da]
RSSI: -81 [da:3e:4a:1b:07:1c]
RSSI: -86 [da:3e:4a:29:07:4c]
RSSI: -86 [da:3e:4a:29:07:4c]
RSSI: -84 [da:3e:4a:36:07:6c]
RSSI: -81 [da:3e:4a:44:07:9c]
RSSI: -86 [da:3e:4a:44:07:9c]
RSSI: -85 [da:3e:4a:53:07:cc]
RSSI: -82 [da:3e:4a:53:07:cc]
RSSI: -85 [da:3e:4a:5f:07:fc]
RSSI: -86 [da:3e:4a:5f:07:fc]
RSSI: -87 [da:3e:4a:6e:08:2c]
RSSI: -80 [da:3e:4a:7c:08:4c]
RSSI: -92 [da:3e:4a:98:08:ac]
RSSI: -93 [da:38:a7:9f:0c:5a]
RSSI: -93 [da:3e:4a:98:08:ac]
RSSI: -87 [da:3e:4a:98:08:ac]
RSSI: -81 [da:3e:4a:a6:08:dc]
RSSI: -82 [da:3e:4a:b3:08:fc]
RSSI: -87 [da:3e:4a:c1:09:2c]
RSSI: -82 [da:3e:4a:dc:09:7c]
RSSI: -93 [da:38:a7:e9:0d:3a]
RSSI: -81 [da:3e:4a:eb:09:ac]
RSSI: -80 [da:3e:4a:eb:09:ac]
RSSI: -86 [da:3e:4a:f9:09:dc]
RSSI: -80 [da:3e:4a:f9:09:dc]
RSSI: -84 [da:3e:4b:06:0a:0c]
RSSI: -80 [da:3e:4b:15:0a:3c]
RSSI: -78 [da:3e:4b:23:0a:6c]
RSSI: -79 [da:3e:4b:30:0a:8c]
RSSI: -80 [da:3e:4b:3e:0a:bc]
RSSI: -83 [da:3e:4b:3e:0a:bc]
RSSI: -79 [da:3e:4b:4d:0a:ec]
RSSI: -81 [da:3e:4b:4d:0a:ec]
RSSI: -80 [da:3e:4b:5a:0b:0c]
RSSI: -78 [da:3e:4b:5a:0b:0c]
RSSI: -78 [da:3e:4b:68:0b:3c]
RSSI: -78 [da:3e:4b:68:0b:3c]
RSSI: -79 [da:3e:4b:77:0b:6c]
RSSI: -80 [da:3e:4b:83:0b:9c]
RSSI: -80 [da:3e:4b:83:0b:9c]
RSSI: -80 [da:3e:4b:92:0b:cc]
RSSI: -81 [da:3e:4b:92:0b:cc]
RSSI: -80 [da:3e:4b:a0:0b:fc]
RSSI: -83 [da:3e:4b:ad:0c:1c]
RSSI: -93 [da:38:a8:c3:0f:aa]
RSSI: -86 [da:3e:4b:bc:0c:4c]
RSSI: -84 [da:3e:4b:ca:0c:7c]
RSSI: -91 [da:3e:4b:e6:0c:cc]
RSSI: -90 [da:3e:4b:f4:0c:fc]
RSSI: -91 [da:38:a9:1a:10:aa]
RSSI: -87 [da:3e:4c:0f:0d:5c]
RSSI: -86 [da:3e:4c:0f:0d:5c]
RSSI: -85 [da:3e:4c:39:0d:dc]
RSSI: -86 [da:3e:4c:48:0e:0c]
RSSI: -83 [da:3e:4c:48:0e:0c]
RSSI: -86 [da:3e:4c:54:0e:2c]
RSSI: -84 [da:3e:4c:63:0e:5c]
RSSI: -85 [da:3e:4c:63:0e:5c]
RSSI: -83 [da:3e:4c:72:0e:8c]
RSSI: -81 [da:3e:4c:7e:0e:bc]
RSSI: -84 [da:3e:4c:7e:0e:bc]
RSSI: -82 [da:3e:4c:8d:0e:dc]
RSSI: -83 [da:3e:4c:8d:0e:dc]
RSSI: -84 [da:3e:4c:9c:0f:0c]
RSSI: -89 [da:3b:b2:b7:08:4e]
RSSI: -86 [da:3e:4c:a8:0f:3c]
RSSI: -85 [da:3e:4c:b7:0f:6c]
RSSI: -85 [da:3e:4c:b7:0f:6c]
RSSI: -82 [da:3e:4c:c6:0f:9c]
RSSI: -83 [da:3e:4c:c6:0f:9c]
RSSI: -81 [da:3e:4c:d2:0f:bc]
RSSI: -81 [da:3e:4c:d2:0f:bc]
RSSI: -85 [da:3e:4c:ef:10:1c]
RSSI: -92 [da:3b:b2:f9:09:0e]
RSSI: -86 [da:3e:4c:ef:10:1c]
RSSI: -86 [da:3e:4c:fc:10:3c]
RSSI: -86 [da:3e:4c:fc:10:3c]
RSSI: -93 [da:36:c6:16:00:4b]
RSSI: -89 [da:3e:4d:0b:10:6c]
RSSI: -89 [da:38:aa:32:13:ba]
RSSI: -83 [da:3e:4d:26:10:cc]
RSSI: -84 [da:3e:4d:26:10:cc]
RSSI: -79 [da:3e:4d:35:10:fc]
RSSI: -79 [da:3e:4d:35:10:fc]
RSSI: -80 [da:3e:4d:43:11:2c]
RSSI: -76 [da:3e:4d:50:11:4c]
RSSI: -93 [da:3b:b3:5d:0a:1e]
RSSI: -76 [da:3e:4d:50:11:4c]
RSSI: -73 [da:3e:4d:5f:11:7c]
RSSI: -74 [da:3e:4d:5f:11:7c]
RSSI: -74 [da:3e:4d:6d:11:ac]
RSSI: -72 [da:3e:4d:6d:11:ac]
RSSI: -88 [da:38:aa:8a:14:ba]
RSSI: -73 [da:3e:4d:7a:11:cc]
RSSI: -86 [da:36:c6:85:01:9b]
RSSI: -87 [da:38:aa:8a:14:ba]
RSSI: -91 [da:3b:b3:92:0a:be]
RSSI: -71 [da:3e:4d:89:11:fc]
RSSI: -86 [da:36:c6:92:01:bb]
RSSI: -71 [da:3e:4d:97:12:2c]
RSSI: -70 [da:3e:4d:97:12:2c]
RSSI: -87 [da:36:c6:a0:01:eb]
RSSI: -73 [da:3e:4d:a4:12:5c]
RSSI: -69 [da:3e:4d:b3:12:8c]
RSSI: -84 [da:36:c6:bb:02:3b]
RSSI: -71 [da:3e:4d:c1:12:bc]
RSSI: -70 [da:3e:4d:c1:12:bc]
RSSI: -71 [da:3e:4d:ce:12:dc]
RSSI: -76 [da:3e:4d:dd:13:0c]
RSSI: -87 [da:3b:b3:ee:0b:be]
RSSI: -88 [da:36:c6:e5:02:bb]
RSSI: -72 [da:3e:4d:dd:13:0c]
RSSI: -83 [da:3b:b3:ee:0b:be]
RSSI: -74 [da:3e:4d:eb:13:3c]
RSSI: -85 [da:3b:b3:fb:0b:de]
RSSI: -76 [da:3e:4d:f8:13:5c]
RSSI: -78 [da:3e:4d:f8:13:5c]
RSSI: -85 [da:3b:b4:15:0c:2e]
RSSI: -82 [da:3e:4e:07:13:8c]
RSSI: -82 [da:3b:b4:15:0c:2e]
RSSI: -93 [da:36:c7:0e:03:2b]
RSSI: -83 [da:3b:b4:22:0c:5e]
RSSI: -78 [da:3e:4e:15:13:bc]
RSSI: -85 [da:3b:b4:22:0c:5e]
RSSI: -82 [da:3b:b4:30:0c:7e]
RSSI: -81 [da:3b:b4:3d:0c:9e]
RSSI: -83 [da:3b:b4:4a:0c:ce]
RSSI: -86 [da:3e:4e:3f:14:3c]
RSSI: -82 [da:3b:b4:57:0c:ee]
RSSI: -82 [da:3e:4e:4c:14:6c]
RSSI: -80 [da:3e:4e:4c:14:6c]
RSSI: -79 [da:3e:4e:5b:14:9c]
RSSI: -85 [da:3b:b4:71:0d:3e]
RSSI: -82 [da:3e:4e:6a:14:cc]
RSSI: -80 [da:3b:b4:7f:0d:5e]
RSSI: -76 [da:3e:4e:76:14:ec]
RSSI: -80 [da:3b:b4:8c:0d:7e]
RSSI: -80 [da:3b:b4:8c:0d:7e]
RSSI: -81 [da:3b:b4:8c:0d:7e]
RSSI: -93 [da:36:c7:8b:04:ab]
RSSI: -76 [da:3e:4e:85:15:1c]
RSSI: -90 [da:38:ab:91:01:7a]
RSSI: -82 [da:3b:b4:99:0d:ae]
RSSI: -78 [da:3e:4e:85:15:1c]
RSSI: -81 [da:3e:4e:94:15:4c]
RSSI: -80 [da:3e:4e:94:15:4c]
RSSI: -82 [da:3b:b4:a6:0d:ce]
RSSI: -88 [da:38:ab:b0:01:ca]
RSSI: -88 [da:38:ab:b0:01:ca]
RSSI: -82 [da:3e:4e:a0:15:6c]
RSSI: -82 [da:3b:b4:b3:0d:ee]
RSSI: -82 [da:3e:4e:af:15:9c]
RSSI: -83 [da:3b:b4:c0:0e:1e]
RSSI: -83 [da:3e:4e:af:15:9c]
RSSI: -80 [da:3b:b4:c0:0e:1e]
RSSI: -82 [da:3b:b4:ce:0e:3e]
RSSI: -83 [da:3e:4e:be:15:cc]
RSSI: -81 [da:3b:b4:ce:0e:3e]
RSSI: -87 [da:38:ab:dc:02:4a]
RSSI: -88 [da:38:ab:dc:02:4a]
RSSI: -85 [da:3b:b4:e8:0e:7e]
RSSI: -83 [da:3e:4e:d9:16:1c]
RSSI: -86 [da:38:ab:e8:02:6a]
RSSI: -86 [da:3b:b4:f5:0e:ae]
RSSI: -82 [da:3e:4e:e8:16:4c]
RSSI: -87 [da:38:ab:f8:02:9a]
RSSI: -89 [da:3b:b4:f5:0e:ae]
RSSI: -82 [da:3e:4e:e8:16:4c]
RSSI: -85 [da:38:ab:f8:02:9a]
RSSI: -83 [da:3e:4e:f4:16:7c]
RSSI: -87 [da:38:ac:07:02:ba]
RSSI: -83 [da:3e:4f:03:00:0c]
RSSI: -87 [da:38:ac:14:02:ea]
RSSI: -83 [da:3e:4f:03:00:0c]
RSSI: -84 [da:3e:4f:12:00:2c]
RSSI: -83 [da:3e:4f:12:00:2c]
RSSI: -82 [da:3e:4f:24:00:6c]
RSSI: -83 [da:3e:4f:24:00:6c]
RSSI: -88 [da:38:ac:40:03:5a]
RSSI: -83 [da:3e:4f:34:00:9c]
RSSI: -88 [da:38:ac:40:03:5a]
RSSI: -82 [da:3e:4f:43:00:cc]
RSSI: -88 [da:38:ac:50:03:8a]
RSSI: -82 [da:3e:4f:43:00:cc]
RSSI: -87 [da:38:ac:5f:03:ba]
RSSI: -83 [da:3e:4f:50:00:ec]
RSSI: -87 [da:38:ac:5f:03:ba]
RSSI: -82 [da:3e:4f:50:00:ec]
RSSI: -83 [da:38:ac:6c:03:da]
RSSI: -81 [da:3e:4f:5e:01:1c]
RSSI: -85 [da:38:ac:6c:03:da]
RSSI: -83 [da:3e:4f:5e:01:1c]
RSSI: -83 [da:3e:4f:7a:01:7c]
RSSI: -82 [da:38:ac:8b:04:2a]
RSSI: -82 [da:3e:4f:7a:01:7c]
RSSI: -85 [da:3e:4f:89:01:ac]
RSSI: -83 [da:38:ac:98:04:5a]
RSSI: -83 [da:3e:4f:89:01:ac]
RSSI: -82 [da:38:ac:98:04:5a]
RSSI: -82 [da:38:ac:a7:04:7a]
RSSI: -82 [da:38:ac:b7:04:aa]
RSSI: -82 [da:3e:4f:a4:01:fc]
RSSI: -83 [da:38:ac:b7:04:aa]
RSSI: -90 [da:3e:4f:b3:02:2c]
RSSI: -83 [da:3e:4f:b3:02:2c]
RSSI: -84 [da:38:ac:c4:04:ca]
RSSI: -84 [da:38:ac:d3:04:fa]
RSSI: -83 [da:38:ac:d3:04:fa]
RSSI: -83 [da:38:ac:e3:05:2a]
RSSI: -94 [da:36:c8:d7:08:8b]
RSSI: -82 [da:38:ac:e3:05:2a]
RSSI: -85 [da:3e:4f:dd:02:ac]
RSSI: -85 [da:3e:4f:dd:02:ac]
RSSI: -80 [da:38:ac:f0:05:4a]
RSSI: -79 [da:38:ac:ff:05:7a]
RSSI: -78 [da:38:ac:ff:05:7a]
RSSI: -77 [da:38:ad:0f:05:aa]
RSSI: -77 [da:38:ad:0f:05:aa]
RSSI: -76 [da:38:ad:0f:05:aa]
RSSI: -84 [da:3e:50:07:03:3c]
RSSI: -75 [da:38:ad:1c:05:ca]
RSSI: -84 [da:3e:50:16:03:6c]
RSSI: -85 [da:3e:50:16:03:6c]
RSSI: -74 [da:38:ad:2b:05:fa]
RSSI: -73 [da:38:ad:2b:05:fa]
RSSI: -73 [da:38:ad:3b:06:2a]
RSSI: -87 [da:3e:50:23:03:8c]
RSSI: -91 [da:36:c9:2a:09:8b]
RSSI: -72 [da:38:ad:3b:06:2a]
RSSI: -72 [da:38:ad:48:06:4a]
RSSI: -72 [da:38:ad:48:06:4a]
RSSI: -88 [da:3e:50:40:03:ec]
RSSI: -72 [da:38:ad:57:06:7a]
RSSI: -72 [da:38:ad:57:06:7a]
RSSI: -86 [da:3e:50:4d:04:0c]
RSSI: -70 [da:38:ad:67:06:9a]
RSSI: -71 [da:38:ad:67:06:9a]
RSSI: -86 [da:3e:50:5c:04:3c]
RSSI: -71 [da:38:ad:74:06:ca]
RSSI: -71 [da:38:ad:74:06:ca]
RSSI: -86 [da:3e:50:77:04:8c]
RSSI: -71 [da:38:ad:83:06:ea]
RSSI: -70 [da:38:ad:93:07:1a]
RSSI: -71 [da:38:ad:93:07:1a]
RSSI: -70 [da:38:ad:a0:07:3a]
RSSI: -71 [da:38:ad:a0:07:3a]
RSSI: -71 [da:38:ad:af:07:6a]
RSSI: -89 [da:3b:b6:b7:13:ae]
RSSI: -72 [da:38:ad:bf:07:9a]
RSSI: -72 [da:38:ad:cc:07:ba]
RSSI: -72 [da:38:ad:cc:07:ba]
RSSI: -73 [da:38:ad:cc:07:ba]
RSSI: -73 [da:38:ad:db:07:ea]
RSSI: -73 [da:38:ad:eb:08:1a]
RSSI: -92 [da:3e:50:db:05:cc]
RSSI: -94 [da:3b:b6:eb:14:3e]
RSSI: -93 [da:36:c9:e0:0b:ab]
RSSI: -76 [da:38:ad:f8:08:3a]
RSSI: -76 [da:38:ad:f8:08:3a]
RSSI: -75 [da:38:ad:f8:08:3a]
RSSI: -77 [da:38:ae:07:08:6a]
RSSI: -77 [da:38:ae:07:08:6a]
RSSI: -85 [da:3e:51:05:06:5c]
RSSI: -79 [da:38:ae:17:08:9a]
RSSI: -87 [da:3e:51:14:06:8c]
RSSI: -82 [da:38:ae:24:08:ba]
RSSI: -83 [da:38:ae:24:08:ba]
RSSI: -91 [da:3b:b7:2e:14:fe]
RSSI: -88 [da:3e:51:20:06:ac]
RSSI: -85 [da:38:ae:34:08:ea]
RSSI: -82 [da:38:ae:43:09:1a]
RSSI: -81 [da:3e:51:3e:07:0c]
RSSI: -82 [da:3e:51:3e:07:0c]
RSSI: -81 [da:38:ae:50:09:3a]
RSSI: -80 [da:38:ae:50:09:3a]
RSSI: -81 [da:3e:51:4b:07:2c]
RSSI: -77 [da:38:ae:60:09:6a]
RSSI: -81 [da:38:ae:60:09:6a]
RSSI: -78 [da:38:ae:6f:09:9a]
RSSI: -82 [da:38:ae:7c:09:ba]
RSSI: -79 [da:3e:51:75:07:bc]
RSSI: -84 [da:38:ae:8c:09:ea]
RSSI: -86 [da:3e:51:84:07:ec]
RSSI: -85 [da:38:ae:8c:09:ea]
RSSI: -79 [da:3e:51:84:07:ec]
RSSI: -85 [da:38:ae:9b:0a:1a]
RSSI: -85 [da:3e:51:93:08:0c]
RSSI: -85 [da:3e:51:93:08:0c]
RSSI: -86 [da:38:ae:a8:0a:3a]
RSSI: -87 [da:38:ae:b8:0a:6a]
RSSI: -87 [da:38:ae:b8:0a:6a]
RSSI: -83 [da:38:ae:b8:0a:6a]
RSSI: -78 [da:3e:51:ae:08:6c]
RSSI: -85 [da:38:ae:c7:0a:9a]
RSSI: -81 [da:3e:51:bd:08:9c]
RSSI: -85 [da:38:ae:c7:0a:9a]
RSSI: -86 [da:38:ae:d4:0a:ba]
RSSI: -83 [da:3e:51:ca:08:bc]
RSSI: -87 [da:38:ae:e4:0a:ea]
RSSI: -91 [da:38:ae:e4:0a:ea]
RSSI: -82 [da:3e:51:e8:09:1c]
RSSI: -81 [da:3e:51:e8:09:1c]
RSSI: -83 [da:3e:51:f4:09:4c]
RSSI: -92 [da:38:af:10:0b:6a]
RSSI: -81 [da:3e:52:03:09:7c]
RSSI: -78 [da:3e:52:12:09:ac]
RSSI: -79 [da:3e:52:1f:09:cc]
RSSI: -77 [da:3e:52:1f:09:cc]
RSSI: -78 [da:3e:52:2e:09:fc]
RSSI: -84 [da:3e:52:3d:0a:2c]
RSSI: -81 [da:3e:52:49:0a:5c]
RSSI: -88 [da:38:af:59:0c:3a]
RSSI: -84 [da:3e:52:49:0a:5c]
RSSI: -86 [da:38:af:59:0c:3a]
RSSI: -79 [da:3e:52:58:0a:8c]
RSSI: -84 [da:3e:52:58:0a:8c]
RSSI: -83 [da:3e:52:67:0a:ac]
RSSI: -87 [da:38:af:78:0c:9a]
RSSI: -79 [da:3e:52:67:0a:ac]
RSSI: -89 [da:38:af:85:0c:ba]
RSSI: -80 [da:3e:52:83:0b:0c]
RSSI: -82 [da:3e:52:83:0b:0c]
RSSI: -80 [da:3e:52:91:0b:3c]
RSSI: -85 [da:38:af:a4:0d:1a]
RSSI: -82 [da:3e:52:9e:0b:5c]
RSSI: -82 [da:38:af:b1:0d:3a]
RSSI: -82 [da:3e:52:9e:0b:5c]
RSSI: -82 [da:38:af:b1:0d:3a]
RSSI: -81 [da:3e:52:ad:0b:8c]
RSSI: -83 [da:38:af:c1:0d:6a]
RSSI: -83 [da:38:af:c1:0d:6a]
RSSI: -80 [da:3e:52:bc:0b:bc]
RSSI: -84 [da:38:af:d1:0d:9a]
RSSI: -83 [da:3e:52:c9:0b:ec]
RSSI: -88 [da:38:af:dd:0d:ba]
RSSI: -85 [da:38:af:dd:0d:ba]
RSSI: -85 [da:38:af:dd:0d:ba]
RSSI: -81 [da:3e:52:d8:0c:1c]
RSSI: -84 [da:3e:52:d8:0c:1c]
RSSI: -87 [da:38:af:ed:0d:ea]
RSSI: -85 [da:3e:52:d8:0c:1c]
RSSI: -87 [da:38:af:fd:0e:1a]
RSSI: -81 [da:3e:52:e6:0c:4c]
RSSI: -85 [da:38:af:fd:0e:1a]
RSSI: -83 [da:38:b0:09:0e:3a]
RSSI: -83 [da:38:b0:09:0e:3a]
RSSI: -80 [da:38:b0:19:0e:6a]
RSSI: -87 [da:3e:53:11:0c:cc]
RSSI: -82 [da:38:b0:19:0e:6a]
RSSI: -82 [da:38:b0:29:0e:9a]
RSSI: -81 [da:38:b0:29:0e:9a]
RSSI: -82 [da:38:b0:36:0e:ba]
RSSI: -86 [da:3e:53:2d:0d:2c]
RSSI: -81 [da:38:b0:46:0e:ea]
RSSI: -83 [da:38:b0:46:0e:ea]
RSSI: -83 [da:38:b0:46:0e:ea]
RSSI: -84 [da:38:b0:55:0f:1a]
RSSI: -83 [da:38:b0:55:0f:1a]
RSSI: -82 [da:38:b0:62:0f:3a]
RSSI: -84 [da:38:b0:72:0f:6a]
RSSI: -82 [da:3e:53:82:0e:3c]
RSSI: -82 [da:38:b0:8e:0f:ba]
RSSI: -85 [da:3e:53:82:0e:3c]
RSSI: -82 [da:38:b0:9e:0f:ea]
RSSI: -85 [da:3e:53:91:0e:6c]
RSSI: -82 [da:38:b0:9e:0f:ea]
RSSI: -82 [da:38:b0:ae:10:1a]
RSSI: -83 [da:3e:53:9d:0e:8c]
RSSI: -82 [da:38:b0:ae:10:1a]
RSSI: -85 [da:3e:53:9d:0e:8c]
RSSI: -85 [da:3e:53:ac:0e:bc]
RSSI: -83 [da:3e:53:ac:0e:bc]
RSSI: -81 [da:38:b0:ca:10:6a]
RSSI: -84 [da:38:b0:ca:10:6a]
RSSI: -83 [da:38:b0:da:10:9a]
RSSI: -87 [da:3e:53:d7:0f:4c]
RSSI: -85 [da:38:b0:e7:10:ba]
RSSI: -86 [da:3e:53:d7:0f:4c]
RSSI: -86 [da:3e:53:e6:0f:7c]
RSSI: -87 [da:38:b0:f7:10:ea]
RSSI: -81 [da:3e:53:e6:0f:7c]
RSSI: -84 [da:3e:54:02:0f:cc]
RSSI: -88 [da:38:b1:13:11:3a]
RSSI: -84 [da:3e:54:11:0f:fc]
RSSI: -87 [da:3e:54:1d:10:2c]
RSSI: -87 [da:3e:54:1d:10:2c]
RSSI: -92 [da:36:cd:41:15:bb]
RSSI: -86 [da:3e:54:48:10:ac]
RSSI: -89 [da:38:b1:5f:12:1a]
RSSI: -80 [da:3e:54:57:10:dc]
RSSI: -80 [da:3e:54:57:10:dc]
RSSI: -90 [da:36:cd:5e:16:0b]
RSSI: -77 [da:3e:54:57:10:dc]
RSSI: -81 [da:3e:54:66:11:0c]
RSSI: -91 [da:36:cd:6b:16:3b]
RSSI: -76 [da:3e:54:66:11:0c]
RSSI: -78 [da:3e:54:73:11:3c]
RSSI: -77 [da:3e:54:73:11:3c]
RSSI: -71 [da:3e:54:82:11:5c]
RSSI: -70 [da:3e:54:91:11:8c]
RSSI: -70 [da:3e:54:91:11:8c]
RSSI: -69 [da:3e:54:91:11:8c]
RSSI: -71 [da:3e:54:9d:11:bc]
RSSI: -91 [da:38:b1:b8:13:0a]
RSSI: -89 [da:36:cd:b3:00:ab]
RSSI: -89 [da:38:b1:b8:13:0a]
RSSI: -70 [da:3e:54:ac:11:ec]
RSSI: -70 [da:3e:54:ac:11:ec]
RSSI: -88 [da:36:cd:bf:00:cb]
RSSI: -90 [da:38:b1:c5:13:3a]
RSSI: -65 [da:3e:54:bb:12:1c]
RSSI: -67 [da:3e:54:c8:12:3c]
RSSI: -87 [da:38:b1:d5:13:6a]
RSSI: -86 [da:36:cd:ce:00:fb]
RSSI: -66 [da:3e:54:c8:12:3c]
RSSI: -85 [da:36:cd:dd:01:2b]
RSSI: -67 [da:3e:54:d7:12:6c]
RSSI: -67 [da:3e:54:d7:12:6c]
RSSI: -84 [da:36:cd:e9:01:4b]
RSSI: -65 [da:3e:54:e6:12:9c]
RSSI: -84 [da:36:cd:e9:01:4b]
RSSI: -67 [da:3e:54:e6:12:9c]
RSSI: -84 [da:36:cd:f8:01:7b]
RSSI: -67 [da:3e:54:f3:12:bc]
RSSI: -83 [da:36:cd:f8:01:7b]
RSSI: -66 [da:3e:54:f3:12:bc]
RSSI: -81 [da:36:ce:07:01:ab]
RSSI: -68 [da:3e:55:02:12:ec]
RSSI: -83 [da:36:ce:07:01:ab]
RSSI: -66 [da:3e:55:02:12:ec]
RSSI: -89 [da:38:b2:1e:14:3a]
RSSI: -68 [da:3e:55:11:13:1c]
RSSI: -83 [da:36:ce:13:01:cb]
RSSI: -70 [da:3e:55:1d:13:4c]
RSSI: -72 [da:3e:55:2c:13:7c]
RSSI: -90 [da:3b:bb:3e:0a:1e]
RSSI: -89 [da:38:b2:3d:14:9a]
RSSI: -71 [da:3e:55:2c:13:7c]
RSSI: -82 [da:36:ce:37:02:3b]
RSSI: -82 [da:36:ce:37:02:3b]
RSSI: -75 [da:3e:55:3b:13:9c]
RSSI: -82 [da:36:ce:47:02:6b]
RSSI: -80 [da:3e:55:48:13:cc]
RSSI: -83 [da:36:ce:58:02:9b]
RSSI: -82 [da:36:ce:58:02:9b]
RSSI: -82 [da:3e:55:57:13:fc]
RSSI: -84 [da:36:ce:64:02:bb]
RSSI: -82 [da:3e:55:66:14:2c]
RSSI: -83 [da:36:ce:74:02:eb]
RSSI: -83 [da:36:ce:74:02:eb]
RSSI: -84 [da:36:ce:74:02:eb]
RSSI: -81 [da:3e:55:73:14:4c]
RSSI: -85 [da:36:ce:84:03:1b]
RSSI: -75 [da:3e:55:82:14:7c]
RSSI: -88 [da:38:b2:96:15:8a]
RSSI: -86 [da:38:b2:96:15:8a]
RSSI: -84 [da:36:ce:91:03:4b]
RSSI: -84 [da:36:ce:91:03:4b]
RSSI: -86 [da:38:b2:a3:15:aa]
RSSI: -81 [da:3e:55:9e:14:dc]
RSSI: -77 [da:3e:55:9e:14:dc]
RSSI: -86 [da:38:b2:b3:15:da]
RSSI: -81 [da:3e:55:ad:15:0c]
RSSI: -81 [da:3b:bb:c3:0b:9e]
RSSI: -87 [da:36:ce:be:03:cb]
RSSI: -82 [da:3b:bb:c3:0b:9e]
RSSI: -79 [da:3e:55:bc:15:3c]
RSSI: -82 [da:3b:bb:d1:0b:be]
RSSI: -81 [da:3b:bb:d1:0b:be]
RSSI: -80 [da:3b:bb:df:0b:ee]
RSSI: -85 [da:3e:55:d7:15:8c]
RSSI: -79 [da:3b:bb:ec:0c:0e]
RSSI: -85 [da:3e:55:d7:15:8c]
RSSI: -82 [da:3e:55:e6:15:bc]
RSSI: -78 [da:3b:bb:fa:0c:2e]
RSSI: -83 [da:3e:55:f3:15:ec]
RSSI: -78 [da:3b:bc:07:0c:5e]
RSSI: -77 [da:3b:bc:14:0c:7e]
RSSI: -84 [da:3e:56:02:16:1c]
RSSI: -87 [da:38:b3:0c:00:aa]
RSSI: -78 [da:3b:bc:14:0c:7e]
RSSI: -87 [da:38:b3:1c:00:da]
RSSI: -84 [da:3e:56:1e:16:6c]
RSSI: -78 [da:3b:bc:30:0c:ce]
RSSI: -78 [da:3b:bc:30:0c:ce]
RSSI: -77 [da:3b:bc:30:0c:ce]
RSSI: -78 [da:3b:bc:3c:0c:ee]
RSSI: -78 [da:3b:bc:3c:0c:ee]
RSSI: -78 [da:3b:bc:4a:0d:1e]
RSSI: -78 [da:3b:bc:58:0d:3e]
RSSI: -85 [da:3e:56:49:00:8c]
RSSI: -87 [da:38:b3:65:01:aa]
RSSI: -78 [da:3b:bc:65:0d:5e]
RSSI: -85 [da:3e:56:58:00:bc]
RSSI: -86 [da:3e:56:58:00:bc]
RSSI: -86 [da:38:b3:65:01:aa]
RSSI: -87 [da:38:b3:75:01:ca]
RSSI: -83 [da:3e:56:67:00:ec]
RSSI: -79 [da:3b:bc:73:0d:8e]
RSSI: -86 [da:38:b3:75:01:ca]
RSSI: -85 [da:3e:56:67:00:ec]
RSSI: -79 [da:3b:bc:80:0d:ae]
RSSI: -87 [da:38:b3:82:01:ea]
RSSI: -79 [da:3b:bc:80:0d:ae]
RSSI: -87 [da:38:b3:82:01:ea]
RSSI: -80 [da:3b:bc:8d:0d:de]
RSSI: -80 [da:3b:bc:8d:0d:de]
RSSI: -84 [da:3e:56:83:01:3c]
RSSI: -84 [da:38:b3:92:02:1a]
RSSI: -84 [da:38:b3:a2:02:4a]
RSSI: -81 [da:3b:bc:a9:0e:2e]
RSSI: -83 [da:3b:bc:a9:0e:2e]
RSSI: -83 [da:38:b3:ae:02:6a]
RSSI: -81 [da:3e:56:9e:01:9c]
RSSI: -83 [da:3b:bc:b5:0e:4e]
RSSI: -85 [da:38:b3:be:02:9a]
RSSI: -81 [da:3e:56:ae:01:cc]
RSSI: -83 [da:38:b3:be:02:9a]
RSSI: -86 [da:3b:bc:d1:0e:9e]
RSSI: -84 [da:3e:56:c9:02:1c]
RSSI: -85 [da:3e:56:c9:02:1c]
RSSI: -83 [da:3e:56:d9:02:4c]
RSSI: -85 [da:38:b3:eb:03:1a]
RSSI: -82 [da:3e:56:d9:02:4c]
RSSI: -88 [da:38:b3:eb:03:1a]
RSSI: -87 [da:38:b3:fb:03:3a]
RSSI: -82 [da:3e:56:e8:02:7c]
RSSI: -87 [da:38:b3:fb:03:3a]
RSSI: -88 [da:3e:56:f4:02:ac]
RSSI: -88 [da:3b:bd:06:0f:3e]
RSSI: -86 [da:38:b4:07:03:6a]
RSSI: -82 [da:3e:56:f4:02:ac]
RSSI: -86 [da:38:b4:07:03:6a]
RSSI: -90 [da:3e:57:03:02:dc]
RSSI: -85 [da:3e:57:13:03:0c]
RSSI: -83 [da:38:b4:27:03:ba]
RSSI: -86 [da:3e:57:1f:03:2c]
RSSI: -79 [da:38:b4:34:03:ea]
RSSI: -79 [da:38:b4:34:03:ea]
RSSI: -87 [da:3e:57:2e:03:5c]
RSSI: -78 [da:38:b4:44:04:0a]
RSSI: -78 [da:38:b4:54:04:3a]
RSSI: -90 [da:3b:bd:65:10:3e]
RSSI: -77 [da:38:b4:61:04:5a]
RSSI: -77 [da:38:b4:71:04:8a]
RSSI: -78 [da:38:b4:71:04:8a]
RSSI: -78 [da:38:b4:81:04:ba]
RSSI: -89 [da:36:d0:77:08:fb]
RSSI: -89 [da:3e:57:75:04:3c]
RSSI: -79 [da:38:b4:8d:04:da]
RSSI: -79 [da:38:b4:8d:04:da]
RSSI: -89 [da:3b:bd:8d:10:be]
RSSI: -77 [da:38:b4:9d:05:0a]
RSSI: -90 [da:3b:bd:a8:10:fe]
RSSI: -77 [da:38:b4:ad:05:3a]
RSSI: -76 [da:38:b4:ad:05:3a]
RSSI: -76 [da:38:b4:ad:05:3a]
RSSI: -75 [da:38:b4:ba:05:5a]
RSSI: -73 [da:38:b4:ba:05:5a]
RSSI: -73 [da:38:b4:ca:05:8a]
RSSI: -72 [da:38:b4:da:05:ba]
RSSI: -71 [da:38:b4:da:05:ba]
RSSI: -89 [da:3b:bd:ec:11:be]
RSSI: -71 [da:38:b4:e7:05:da]
RSSI: -90 [da:3b:bd:ec:11:be]
RSSI: -69 [da:38:b4:f7:06:0a]
RSSI: -69 [da:38:b4:f7:06:0a]
RSSI: -70 [da:38:b4:f7:06:0a]
RSSI: -88 [da:3e:57:f6:05:cc]
RSSI: -70 [da:38:b5:07:06:3a]
RSSI: -88 [da:3e:57:f6:05:cc]
RSSI: -69 [da:38:b5:13:06:5a]
RSSI: -68 [da:38:b5:13:06:5a]
RSSI: -69 [da:38:b5:24:06:8a]
RSSI: -68 [da:38:b5:24:06:8a]
RSSI: -66 [da:38:b5:34:06:ba]
RSSI: -66 [da:38:b5:34:06:ba]
RSSI: -90 [da:3e:58:30:06:7c]
RSSI: -68 [da:38:b5:40:06:da]
RSSI: -66 [da:38:b5:40:06:da]
RSSI: -90 [da:3b:be:4a:12:ce]
RSSI: -90 [da:36:d1:4b:0b:7b]
RSSI: -68 [da:38:b5:60:07:3a]
RSSI: -68 [da:38:b5:60:07:3a]
RSSI: -68 [da:38:b5:6d:07:5a]
RSSI: -87 [da:3e:58:6a:07:3c]
RSSI: -66 [da:38:b5:7d:07:8a]
RSSI: -66 [da:38:b5:7d:07:8a]
RSSI: -69 [da:38:b5:8d:07:ba]
RSSI: -69 [da:38:b5:9a:07:da]
RSSI: -69 [da:38:b5:9a:07:da]
RSSI: -71 [da:38:b5:aa:08:0a]
RSSI: -71 [da:38:b5:aa:08:0a]
RSSI: -70 [da:38:b5:ba:08:3a]
RSSI: -87 [da:3e:58:b1:08:1c]
RSSI: -74 [da:38:b5:c6:08:5a]
RSSI: -73 [da:38:b5:c6:08:5a]
RSSI: -76 [da:38:b5:d7:08:8a]
RSSI: -90 [da:3e:58:cd:08:6c]
RSSI: -78 [da:38:b5:e7:08:ba]
RSSI: -97 [da:3e:58:dd:08:9c]
RSSI: -88 [da:3e:58:dd:08:9c]
RSSI: -81 [da:38:b5:f3:08:da]
RSSI: -80 [da:38:b5:f3:08:da]
RSSI: -78 [da:38:b6:03:09:0a]
RSSI: -90 [da:3b:bf:08:14:de]
RSSI: -78 [da:38:b6:03:09:0a]
RSSI: -90 [da:3b:bf:08:14:de]
RSSI: -79 [da:38:b6:13:09:3a]
RSSI: -79 [da:38:b6:20:09:5a]
RSSI: -95 [da:3b:bf:30:15:4e]
RSSI: -79 [da:38:b6:30:09:8a]
RSSI: -80 [da:38:b6:30:09:8a]
RSSI: -83 [da:3e:59:23:09:8c]
RSSI: -78 [da:38:b6:40:09:ba]
RSSI: -82 [da:38:b6:4d:09:da]
RSSI: -85 [da:3e:59:42:09:ec]
RSSI: -82 [da:38:b6:4d:09:da]
RSSI: -86 [da:3e:59:42:09:ec]
RSSI: -80 [da:3e:59:4f:0a:0c]
RSSI: -78 [da:3e:59:5e:0a:3c]
RSSI: -82 [da:3e:59:6d:0a:6c]
RSSI: -87 [da:38:b6:7a:0a:5a]
RSSI: -83 [da:3e:59:6d:0a:6c]
RSSI: -83 [da:38:b6:8a:0a:8a]
RSSI: -84 [da:3e:59:7a:0a:9c]
RSSI: -83 [da:38:b6:8a:0a:8a]
RSSI: -81 [da:3e:59:89:0a:cc]
RSSI: -83 [da:38:b6:9a:0a:ba]
RSSI: -81 [da:3e:59:98:0a:fc]
RSSI: -80 [da:3e:59:a5:0b:1c]
RSSI: -90 [da:38:b6:b7:0b:0a]
RSSI: -82 [da:3e:59:b4:0b:4c]
RSSI: -80 [da:3e:59:c3:0b:7c]
RSSI: -86 [da:3e:59:d0:0b:ac]
RSSI: -84 [da:3e:59:ef:0c:0c]
RSSI: -86 [da:3e:59:fb:0c:2c]
RSSI: -86 [da:3e:5a:0b:0c:5c]
RSSI: -86 [da:3e:5a:0b:0c:5c]
RSSI: -86 [da:3e:5a:1a:0c:8c]
RSSI: -91 [da:3e:5a:26:0c:bc]
RSSI: -92 [da:38:b7:4e:0c:ba]
RSSI: -89 [da:38:b7:5a:0c:ea]
RSSI: -91 [da:38:b7:5a:0c:ea]
RSSI: -87 [da:38:b7:6a:0d:1a]
RSSI: -92 [da:3e:5a:7d:0d:cc]
RSSI: -86 [da:3e:5a:8c:0d:fc]
RSSI: -83 [da:3e:5a:b8:0e:7c]
RSSI: -89 [da:3e:5a:b8:0e:7c]
RSSI: -87 [da:38:b7:c4:0e:1a]
RSSI: -82 [da:38:b7:d4:0e:4a]
RSSI: -85 [da:38:b7:d4:0e:4a]
RSSI: -82 [da:3e:5a:c7:0e:ac]
RSSI: -82 [da:38:b7:e1:0e:6a]
RSSI: -84 [da:3e:5a:f2:0f:3c]
RSSI: -85 [da:38:b8:01:0e:ca]
RSSI: -86 [da:38:b8:01:0e:ca]
RSSI: -87 [da:38:b8:17:0f:0a]
RSSI: -84 [da:38:b8:27:0f:3a]
RSSI: -89 [da:3e:5b:1d:0f:cc]
RSSI: -86 [da:38:b8:27:0f:3a]
RSSI: -89 [da:3e:5b:2a:0f:ec]
RSSI: -81 [da:38:b8:44:0f:8a]
RSSI: -82 [da:38:b8:44:0f:8a]
RSSI: -83 [da:38:b8:44:0f:8a]
RSSI: -83 [da:38:b8:54:0f:ba]
RSSI: -81 [da:38:b8:60:0f:da]
RSSI: -82 [da:38:b8:60:0f:da]
RSSI: -82 [da:38:b8:71:10:1a]
RSSI: -88 [da:3e:5b:65:10:ac]
RSSI: -97 [da:3b:c1:72:05:6e]
RSSI: -82 [da:38:b8:7d:10:3a]
RSSI: -83 [da:38:b8:7d:10:3a]
RSSI: -85 [da:3e:5b:74:10:dc]
RSSI: -82 [da:38:b8:8a:10:5a]
RSSI: -84 [da:3e:5b:74:10:dc]
RSSI: -82 [da:38:b8:97:10:7a]
RSSI: -83 [da:3e:5b:90:11:2c]
RSSI: -85 [da:38:b8:a3:10:aa]
RSSI: -86 [da:3e:5b:90:11:2c]
RSSI: -88 [da:38:b8:a3:10:aa]
RSSI: -81 [da:3e:5b:9f:11:5c]
RSSI: -87 [da:38:b8:b0:10:ca]
RSSI: -81 [da:3e:5b:9f:11:5c]
RSSI: -79 [da:3e:5b:ac:11:8c]
RSSI: -85 [da:38:b8:bd:10:ea]
RSSI: -82 [da:3e:5b:bb:11:bc]
RSSI: -83 [da:3e:5b:bb:11:bc]
RSSI: -86 [da:38:b8:d6:11:3a]
RSSI: -75 [da:3e:5b:cb:11:ec]
RSSI: -88 [da:38:b8:e3:11:5a]
RSSI: -77 [da:3e:5b:d7:12:0c]
RSSI: -89 [da:38:b8:e3:11:5a]
RSSI: -73 [da:3e:5b:d7:12:0c]
RSSI: -76 [da:3e:5b:e7:12:4c]
RSSI: -79 [da:3e:5b:f6:12:7c]
RSSI: -86 [da:38:b9:09:11:ca]
RSSI: -90 [da:38:b9:09:11:ca]
RSSI: -72 [da:3e:5c:03:12:9c]
RSSI: -77 [da:3e:5c:03:12:9c]
RSSI: -86 [da:38:b9:16:11:ea]
RSSI: -74 [da:3e:5c:12:12:cc]
RSSI: -74 [da:3e:5c:12:12:cc]
RSSI: -89 [da:38:b9:22:12:0a]
RSSI: -86 [da:38:b9:2f:12:3a]
RSSI: -75 [da:3e:5c:22:12:fc]
RSSI: -90 [da:38:b9:3c:12:5a]
RSSI: -92 [da:36:d5:2f:00:8b]
RSSI: -87 [da:38:b9:3c:12:5a]
RSSI: -78 [da:3e:5c:2e:13:2c]
RSSI: -88 [da:38:b9:48:12:7a]
RSSI: -79 [da:3e:5c:3e:13:5c]
RSSI: -85 [da:3e:5c:3e:13:5c]
RSSI: -88 [da:36:d5:4b:00:db]
RSSI: -80 [da:3e:5c:4d:13:8c]
RSSI: -83 [da:3e:5c:4d:13:8c]
RSSI: -89 [da:38:b9:62:12:ca]
RSSI: -84 [da:3e:5c:4d:13:8c]
RSSI: -82 [da:3e:5c:5a:13:ac]
RSSI: -90 [da:38:b9:6f:12:ea]
RSSI: -87 [da:36:d5:69:01:2b]
RSSI: -88 [da:36:d5:69:01:2b]
RSSI: -82 [da:3e:5c:69:13:dc]
RSSI: -90 [da:38:b9:88:13:3a]
RSSI: -86 [da:36:d5:76:01:5b]
RSSI: -84 [da:36:d5:85:01:7b]
RSSI: -85 [da:36:d5:94:01:ab]
RSSI: -84 [da:36:d5:94:01:ab]
RSSI: -87 [da:3e:5c:94:14:6c]
RSSI: -91 [da:38:b9:a2:13:7a]
RSSI: -84 [da:36:d5:a1:01:db]
RSSI: -85 [da:36:d5:b0:01:fb]
RSSI: -84 [da:36:d5:cc:02:4b]
RSSI: -84 [da:36:d5:db:02:7b]
RSSI: -86 [da:36:d5:ea:02:ab]
RSSI: -91 [da:38:b9:fb:14:7a]
RSSI: -84 [da:36:d5:f7:02:cb]
RSSI: -91 [da:3b:c3:0b:09:fe]
RSSI: -91 [da:3b:c3:0b:09:fe]
RSSI: -84 [da:36:d6:06:02:fb]
RSSI: -88 [da:36:d6:15:03:2b]
RSSI: -88 [da:36:d6:15:03:2b]
RSSI: -91 [da:3b:c3:34:0a:6e]
RSSI: -89 [da:36:d6:31:03:7b]
RSSI: -89 [da:36:d6:40:03:ab]
RSSI: -89 [da:38:ba:54:15:7a]
RSSI: -91 [da:38:ba:61:15:9a]
RSSI: -90 [da:38:ba:61:15:9a]
RSSI: -90 [da:3b:c3:6a:0b:0e]
RSSI: -89 [da:3b:c3:78:0b:2e]
RSSI: -91 [da:3e:5d:64:00:6c]
RSSI: -85 [da:3b:c3:93:0b:7e]
RSSI: -89 [da:3e:5d:83:00:cc]
RSSI: -86 [da:3e:5d:90:00:fc]
RSSI: -83 [da:3b:c3:a1:0b:9e]
RSSI: -84 [da:3e:5d:90:00:fc]
RSSI: -87 [da:3e:5d:a0:01:2c]
RSSI: -82 [da:3b:c3:af:0b:ce]
RSSI: -86 [da:3b:c3:bc:0b:ee]
RSSI: -83 [da:3b:c3:ca:0c:1e]
RSSI: -84 [da:3e:5d:bc:01:7c]
RSSI: -86 [da:3e:5d:cb:01:ac]
RSSI: -82 [da:3b:c3:d9:0c:3e]
RSSI: -84 [da:3e:5d:cb:01:ac]
RSSI: -83 [da:3b:c3:e5:0c:6e]
RSSI: -83 [da:3b:c3:e5:0c:6e]
RSSI: -87 [da:3e:5d:da:01:dc]
RSSI: -82 [da:3b:c3:f3:0c:8e]
RSSI: -83 [da:3b:c3:f3:0c:8e]
RSSI: -82 [da:3b:c4:02:0c:be]
RSSI: -84 [da:3e:5d:f7:02:3c]
RSSI: -83 [da:3b:c4:02:0c:be]
RSSI: -84 [da:3b:c4:0e:0c:de]
RSSI: -81 [da:3b:c4:0e:0c:de]
RSSI: -81 [da:3b:c4:0e:0c:de]
RSSI: -88 [da:38:bb:13:01:6a]
RSSI: -85 [da:3e:5e:06:02:6c]
RSSI: -83 [da:3b:c4:1d:0d:0e]
RSSI: -80 [da:3b:c4:2b:0d:2e]
RSSI: -82 [da:3b:c4:2b:0d:2e]
RSSI: -85 [da:3e:5e:22:02:bc]
RSSI: -80 [da:3b:c4:37:0d:5e]
RSSI: -80 [da:3b:c4:37:0d:5e]
RSSI: -90 [da:38:bb:39:01:da]
RSSI: -90 [da:3e:5e:32:02:ec]
RSSI: -82 [da:3b:c4:46:0d:7e]
RSSI: -80 [da:3b:c4:46:0d:7e]
RSSI: -81 [da:3b:c4:54:0d:ae]
RSSI: -81 [da:3b:c4:61:0d:ce]
RSSI: -81 [da:3b:c4:61:0d:ce]
RSSI: -82 [da:3b:c4:61:0d:ce]
RSSI: -82 [da:3b:c4:6f:0d:ee]
RSSI: -83 [da:3b:c4:7d:0e:1e]
RSSI: -87 [da:38:bb:86:02:aa]
RSSI: -93 [da:36:d7:7a:07:5b]
RSSI: -84 [da:3b:c4:8a:0e:3e]
RSSI: -83 [da:3b:c4:8a:0e:3e]
RSSI: -84 [da:3b:c4:8a:0e:3e]
RSSI: -88 [da:38:bb:93:02:da]
RSSI: -86 [da:3b:c4:98:0e:6e]
RSSI: -87 [da:38:bb:ba:03:3a]
RSSI: -88 [da:38:bb:c6:03:6a]
RSSI: -87 [da:38:bb:d3:03:8a]
RSSI: -85 [da:38:bb:e0:03:aa]
RSSI: -85 [da:38:bb:ed:03:ca]
RSSI: -82 [da:38:bb:f9:03:ea]
RSSI: -81 [da:38:bc:06:04:1a]
RSSI: -93 [da:3b:c5:05:0f:9e]
RSSI: -81 [da:38:bc:13:04:3a]
RSSI: -81 [da:38:bc:20:04:5a]
RSSI: -94 [da:3b:c5:22:0f:ee]
RSSI: -80 [da:38:bc:20:04:5a]
RSSI: -81 [da:38:bc:2d:04:7a]
RSSI: -82 [da:38:bc:3a:04:aa]
RSSI: -86 [da:3e:5f:28:05:fc]
RSSI: -81 [da:38:bc:46:04:ca]
RSSI: -82 [da:38:bc:46:04:ca]
RSSI: -86 [da:3e:5f:38:06:2c]
RSSI: -82 [da:38:bc:53:04:ea]
RSSI: -80 [da:38:bc:60:05:0a]
RSSI: -79 [da:38:bc:6d:05:3a]
RSSI: -78 [da:38:bc:6d:05:3a]
RSSI: -89 [da:3e:5f:63:06:bc]
RSSI: -77 [da:38:bc:7a:05:5a]
RSSI: -88 [da:3e:5f:70:06:dc]
RSSI: -75 [da:38:bc:87:05:7a]
RSSI: -89 [da:3e:5f:70:06:dc]
RSSI: -74 [da:38:bc:93:05:9a]
RSSI: -73 [da:38:bc:93:05:9a]
RSSI: -71 [da:38:bc:a0:05:ca]
RSSI: -72 [da:38:bc:ad:05:ea]
RSSI: -71 [da:38:bc:ba:06:0a]
RSSI: -89 [da:3b:c5:b9:11:9e]
RSSI: -92 [da:3e:5f:ab:07:9c]
RSSI: -71 [da:38:bc:ba:06:0a]
RSSI: -91 [da:36:d8:b7:0b:1b]
RSSI: -69 [da:38:bc:c7:06:3a]
RSSI: -70 [da:38:bc:d4:06:5a]
RSSI: -70 [da:38:bc:e0:06:7a]
RSSI: -69 [da:38:bc:e0:06:7a]
RSSI: -68 [da:38:bc:ed:06:9a]
RSSI: -68 [da:38:bc:ed:06:9a]
RSSI: -69 [da:38:bc:fa:06:ca]
RSSI: -69 [da:38:bd:07:06:ea]
RSSI: -69 [da:38:bd:07:06:ea]
RSSI: -89 [da:3b:c6:0b:12:8e]
RSSI: -68 [da:38:bd:14:07:0a]
RSSI: -68 [da:38:bd:14:07:0a]
RSSI: -70 [da:38:bd:14:07:0a]
RSSI: -90 [da:3b:c6:19:12:ae]
RSSI: -70 [da:38:bd:21:07:3a]
RSSI: -91 [da:3b:c6:26:12:ce]
RSSI: -91 [da:3e:60:1f:09:0c]
RSSI: -70 [da:38:bd:2d:07:5a]
RSSI: -69 [da:38:bd:3a:07:7a]
RSSI: -71 [da:38:bd:3a:07:7a]
RSSI: -71 [da:38:bd:47:07:aa]
RSSI: -84 [da:3e:60:3e:09:6c]
RSSI: -85 [da:3e:60:3e:09:6c]
RSSI: -86 [da:3e:60:3e:09:6c]
RSSI: -73 [da:38:bd:54:07:ca]
RSSI: -81 [da:3e:60:4b:09:8c]
RSSI: -71 [da:38:bd:61:07:ea]
RSSI: -74 [da:38:bd:61:07:ea]
RSSI: -79 [da:3e:60:5b:09:bc]
RSSI: -74 [da:38:bd:6e:08:1a]
RSSI: -85 [da:3e:60:6a:09:ec]
RSSI: -75 [da:38:bd:7a:08:3a]
RSSI: -79 [da:3e:60:6a:09:ec]
RSSI: -77 [da:38:bd:7a:08:3a]
RSSI: -77 [da:38:bd:87:08:5a]
RSSI: -80 [da:38:bd:87:08:5a]
RSSI: -81 [da:38:bd:94:08:7a]
RSSI: -79 [da:3e:60:96:0a:7c]
RSSI: -80 [da:3e:60:96:0a:7c]
RSSI: -85 [da:38:bd:ae:08:ca]
RSSI: -80 [da:3e:60:a2:0a:9c]
RSSI: -84 [da:38:bd:bb:08:ea]
RSSI: -87 [da:3e:60:b2:0a:dc]
RSSI: -83 [da:38:bd:c8:09:1a]
RSSI: -83 [da:38:bd:c8:09:1a]
RSSI: -80 [da:3e:60:c2:0b:0c]
RSSI: -83 [da:3e:60:c2:0b:0c]
RSSI: -79 [da:38:bd:d5:09:3a]
RSSI: -83 [da:3e:60:c2:0b:0c]
RSSI: -82 [da:38:bd:d5:09:3a]
RSSI: -86 [da:3b:c6:da:14:ce]
RSSI: -81 [da:3e:60:ce:0b:2c]
RSSI: -82 [da:38:bd:e2:09:5a]
RSSI: -87 [da:3b:c6:e8:14:fe]
RSSI: -82 [da:38:bd:ee:09:8a]
RSSI: -83 [da:3e:60:de:0b:5c]
RSSI: -83 [da:38:bd:ee:09:8a]
RSSI: -81 [da:38:bd:fb:09:aa]
RSSI: -89 [da:3b:c6:f5:15:1e]
RSSI: -79 [da:3e:60:ee:0b:8c]
RSSI: -80 [da:3e:60:ee:0b:8c]
RSSI: -82 [da:38:bd:fb:09:aa]
RSSI: -80 [da:3e:60:ee:0b:8c]
RSSI: -85 [da:38:be:08:09:ca]
RSSI: -85 [da:38:be:08:09:ca]
RSSI: -80 [da:3e:60:fa:0b:bc]
RSSI: -88 [da:38:be:15:09:fa]
RSSI: -83 [da:3e:61:0a:0b:ec]
RSSI: -88 [da:38:be:22:0a:1a]
RSSI: -88 [da:3b:c7:1e:15:8e]
RSSI: -90 [da:38:be:22:0a:1a]
RSSI: -84 [da:3e:61:19:0c:1c]
RSSI: -87 [da:38:be:3c:0a:6a]
RSSI: -87 [da:38:be:3c:0a:6a]
RSSI: -86 [da:38:be:3c:0a:6a]
RSSI: -86 [da:3e:61:36:0c:7c]
RSSI: -84 [da:38:be:49:0a:8a]
RSSI: -86 [da:38:be:49:0a:8a]
RSSI: -87 [da:38:be:56:0a:aa]
RSSI: -88 [da:38:be:62:0a:da]
RSSI: -87 [da:38:be:62:0a:da]
RSSI: -88 [da:38:be:62:0a:da]
RSSI: -89 [da:3e:61:62:0d:0c]
RSSI: -94 [da:3b:c7:9b:00:7e]
RSSI: -92 [da:38:be:a3:0b:8a]
RSSI: -87 [da:3e:61:aa:0d:ec]
RSSI: -93 [da:3e:61:c9:0e:4c]
RSSI: -94 [da:38:be:d6:0c:2a]
RSSI: -94 [da:3e:61:c9:0e:4c]
RSSI: -95 [da:3b:c8:17:01:de]
RSSI: -88 [da:38:bf:17:0c:ea]
RSSI: -88 [da:3e:62:12:0f:3c]
RSSI: -86 [da:38:bf:31:0d:2a]
RSSI: -86 [da:38:bf:3e:0d:5a]
RSSI: -84 [da:38:bf:4b:0d:7a]
RSSI: -90 [da:3e:62:3e:0f:bc]
RSSI: -88 [da:38:bf:65:0d:ca]
RSSI: -87 [da:38:bf:65:0d:ca]
RSSI: -86 [da:38:bf:71:0d:ea]
RSSI: -90 [da:3e:62:6a:10:4c]
RSSI: -94 [da:3e:62:79:10:7c]
RSSI: -82 [da:38:bf:98:0e:5a]
RSSI: -85 [da:3e:62:96:10:cc]
RSSI: -85 [da:3e:62:a5:10:fc]
RSSI: -81 [da:38:bf:bf:0e:ca]
RSSI: -84 [da:3e:62:b2:11:2c]
RSSI: -82 [da:38:bf:cc:0e:fa]
RSSI: -77 [da:3e:62:c2:11:5c]
RSSI: -83 [da:38:bf:d9:0f:1a]
RSSI: -79 [da:3e:62:d1:11:8c]
RSSI: -75 [da:3e:62:d1:11:8c]
RSSI: -77 [da:3e:62:de:11:bc]
RSSI: -77 [da:3e:62:de:11:bc]
RSSI: -83 [da:38:bf:f3:0f:5a]
RSSI: -73 [da:3e:62:fd:12:1c]
RSSI: -82 [da:38:c0:0d:0f:aa]
RSSI: -74 [da:3e:63:0a:12:3c]
RSSI: -73 [da:3e:63:0a:12:3c]
RSSI: -81 [da:38:c0:27:0f:fa]
RSSI: -73 [da:3e:63:1a:12:6c]
RSSI: -81 [da:38:c0:34:10:1a]
RSSI: -77 [da:3e:63:29:12:ac]
RSSI: -81 [da:38:c0:41:10:4a]
RSSI: -73 [da:3e:63:36:12:cc]
RSSI: -81 [da:38:c0:41:10:4a]
RSSI: -85 [da:38:c0:4e:10:6a]
RSSI: -85 [da:38:c0:4e:10:6a]
RSSI: -82 [da:38:c0:4e:10:6a]
RSSI: -74 [da:3e:63:46:12:fc]
RSSI: -79 [da:3e:63:46:12:fc]
RSSI: -79 [da:3e:63:55:13:2c]
RSSI: -84 [da:38:c0:68:10:ba]
RSSI: -86 [da:38:c0:81:10:fa]
RSSI: -79 [da:3e:63:72:13:8c]
RSSI: -80 [da:3e:63:82:13:bc]
RSSI: -82 [da:3e:63:82:13:bc]
RSSI: -92 [da:36:dc:8d:00:0b]
RSSI: -90 [da:38:c0:b6:11:9a]
RSSI: -88 [da:3e:63:ae:14:3c]
RSSI: -89 [da:38:c0:b6:11:9a]
RSSI: -85 [da:38:c0:cf:11:da]
RSSI: -83 [da:3e:63:ca:14:9c]
RSSI: -88 [da:36:dc:df:00:eb]
RSSI: -87 [da:36:dc:df:00:eb]
RSSI: -84 [da:3e:63:f6:15:2c]
RSSI: -90 [da:38:c1:11:12:9a]
RSSI: -85 [da:36:dd:17:01:9b]
RSSI: -82 [da:3e:64:13:15:7c]
RSSI: -85 [da:36:dd:26:01:cb]
RSSI: -86 [da:36:dd:36:01:fb]
RSSI: -88 [da:3e:64:32:15:dc]
RSSI: -88 [da:36:dd:42:02:1b]
RSSI: -89 [da:36:dd:52:02:4b]
RSSI: -85 [da:3e:64:5e:16:6c]
RSSI: -90 [da:3e:64:5e:16:6c]
RSSI: -89 [da:36:dd:7e:02:cb]
RSSI: -95 [da:3b:ca:88:08:ce]
RSSI: -88 [da:36:dd:7e:02:cb]
RSSI: -88 [da:36:dd:7e:02:cb]
RSSI: -87 [da:3e:64:8a:00:6c]
RSSI: -87 [da:36:dd:9a:03:1b]
RSSI: -88 [da:3e:64:97:00:8c]
RSSI: -89 [da:36:dd:a9:03:4b]
RSSI: -85 [da:3e:64:a7:00:bc]
RSSI: -83 [da:3e:64:b7:00:ec]
RSSI: -89 [da:36:dd:b9:03:7b]
RSSI: -82 [da:3e:64:c3:01:1c]
RSSI: -83 [da:3e:64:c3:01:1c]
RSSI: -96 [da:3b:ca:ea:09:ee]
RSSI: -92 [da:36:dd:e4:03:fb]
RSSI: -94 [da:36:dd:f1:04:2b]
RSSI: -83 [da:3e:64:f0:01:9c]
RSSI: -84 [da:3e:64:ff:01:dc]
RSSI: -88 [da:3e:65:0f:02:0c]
RSSI: -88 [da:3e:65:1c:02:2c]
RSSI: -89 [da:38:c2:2e:15:ca]
RSSI: -89 [da:3e:65:2c:02:5c]
RSSI: -91 [da:38:c2:3c:15:fa]
RSSI: -90 [da:3e:65:2c:02:5c]
RSSI: -88 [da:3e:65:48:02:bc]
RSSI: -89 [da:3e:65:48:02:bc]
RSSI: -91 [da:3b:cb:76:0b:6e]
RSSI: -88 [da:3e:65:68:03:1c]
RSSI: -89 [da:3e:65:84:03:7c]
RSSI: -93 [da:3b:cb:a0:0b:de]
RSSI: -89 [da:3e:65:94:03:ac]
RSSI: -91 [da:38:c2:b1:01:0a]
RSSI: -91 [da:3e:65:c0:04:2c]
RSSI: -87 [da:3b:cb:d6:0c:7e]
RSSI: -86 [da:38:c2:d8:01:6a]
RSSI: -86 [da:38:c2:e6:01:9a]
RSSI: -85 [da:3b:cb:e5:0c:ae]
RSSI: -87 [da:38:c2:e6:01:9a]
RSSI: -86 [da:38:c2:f2:01:ba]
RSSI: -89 [da:3e:65:ed:04:bc]
RSSI: -85 [da:38:c2:ff:01:da]
RSSI: -86 [da:38:c3:0d:02:0a]
RSSI: -84 [da:38:c3:19:02:2a]
RSSI: -89 [da:3b:cc:1d:0d:4e]
RSSI: -84 [da:38:c3:19:02:2a]
RSSI: -83 [da:38:c3:27:02:4a]
RSSI: -88 [da:3e:66:19:05:3c]
RSSI: -83 [da:38:c3:27:02:4a]
RSSI: -92 [da:3b:cc:39:0d:9e]
RSSI: -86 [da:38:c3:41:02:9a]
RSSI: -82 [da:38:c3:4e:02:ba]
RSSI: -90 [da:3e:66:45:05:cc]
RSSI: -86 [da:38:c3:5b:02:ea]
RSSI: -85 [da:38:c3:68:03:0a]
RSSI: -83 [da:38:c3:75:03:2a]
RSSI: -84 [da:38:c3:75:03:2a]
RSSI: -83 [da:38:c3:82:03:4a]
RSSI: -81 [da:38:c3:82:03:4a]
RSSI: -83 [da:38:c3:8f:03:7a]
RSSI: -84 [da:38:c3:8f:03:7a]
RSSI: -83 [da:38:c3:8f:03:7a]
RSSI: -82 [da:38:c3:8f:03:7a]
RSSI: -81 [da:38:c3:9c:03:9a]
RSSI: -82 [da:38:c3:9c:03:9a]
RSSI: -81 [da:38:c3:aa:03:ba]
RSSI: -79 [da:38:c3:aa:03:ba]
RSSI: -80 [da:38:c3:b6:03:ea]
RSSI: -80 [da:38:c3:b6:03:ea]
RSSI: -79 [da:38:c3:c4:04:0a]
RSSI: -79 [da:38:c3:d1:04:2a]
RSSI: -79 [da:38:c3:d1:04:2a]
RSSI: -80 [da:38:c3:dd:04:4a]
RSSI: -86 [da:3e:66:cb:07:7c]
RSSI: -79 [da:38:c3:dd:04:4a]
RSSI: -80 [da:38:c3:eb:04:7a]
RSSI: -85 [da:3e:66:e7:07:cc]
RSSI: -83 [da:38:c4:05:04:ba]
RSSI: -82 [da:38:c4:05:04:ba]
RSSI: -84 [da:3e:66:f7:07:fc]
RSSI: -82 [da:38:c4:05:04:ba]
RSSI: -89 [da:36:df:ff:0a:4b]
RSSI: -81 [da:38:c4:12:04:ea]
RSSI: -85 [da:3e:67:04:08:2c]
RSSI: -78 [da:38:c4:2c:05:2a]
RSSI: -77 [da:38:c4:39:05:5a]
RSSI: -74 [da:38:c4:47:05:7a]
RSSI: -74 [da:38:c4:53:05:9a]
RSSI: -93 [da:36:e0:4a:0b:3b]
RSSI: -74 [da:38:c4:61:05:ca]
RSSI: -73 [da:38:c4:61:05:ca]
RSSI: -72 [da:38:c4:6e:05:ea]
RSSI: -72 [da:38:c4:6e:05:ea]
RSSI: -72 [da:38:c4:7b:06:0a]
RSSI: -72 [da:38:c4:7b:06:0a]
RSSI: -71 [da:38:c4:88:06:3a]
RSSI: -71 [da:38:c4:88:06:3a]
RSSI: -70 [da:38:c4:95:06:5a]
RSSI: -71 [da:38:c4:95:06:5a]
RSSI: -70 [da:38:c4:a2:06:8a]
RSSI: -68 [da:38:c4:a2:06:8a]
RSSI: -70 [da:38:c4:af:06:aa]
RSSI: -70 [da:38:c4:af:06:aa]
RSSI: -69 [da:38:c4:bd:06:ca]
RSSI: -70 [da:38:c4:bd:06:ca]
RSSI: -70 [da:38:c4:c9:06:fa]
RSSI: -69 [da:38:c4:c9:06:fa]
RSSI: -70 [da:38:c4:d7:07:1a]
RSSI: -86 [da:3e:67:c6:0a:8c]
RSSI: -70 [da:38:c4:d7:07:1a]
RSSI: -83 [da:3e:67:c6:0a:8c]
RSSI: -70 [da:38:c4:e4:07:3a]
RSSI: -70 [da:38:c4:e4:07:3a]
RSSI: -69 [da:38:c4:f1:07:6a]
RSSI: -70 [da:38:c4:f1:07:6a]
RSSI: -70 [da:38:c5:03:07:9a]
RSSI: -71 [da:38:c5:14:07:ca]
RSSI: -73 [da:38:c5:20:07:ea]
RSSI: -73 [da:38:c5:20:07:ea]
RSSI: -72 [da:38:c5:2e:08:0a]
RSSI: -74 [da:38:c5:2e:08:0a]
RSSI: -75 [da:38:c5:3b:08:3a]
RSSI: -81 [da:3e:68:2e:0b:dc]
RSSI: -81 [da:3e:68:2e:0b:dc]
RSSI: -77 [da:38:c5:48:08:5a]
RSSI: -78 [da:38:c5:48:08:5a]
RSSI: -89 [da:3e:68:3b:0c:0c]
RSSI: -78 [da:38:c5:55:08:7a]
RSSI: -80 [da:38:c5:55:08:7a]
RSSI: -87 [da:3e:68:4b:0c:3c]
RSSI: -80 [da:38:c5:63:08:aa]
RSSI: -86 [da:3e:68:4b:0c:3c]
RSSI: -80 [da:38:c5:63:08:aa]
RSSI: -81 [da:38:c5:6f:08:ca]
RSSI: -78 [da:38:c5:7d:08:fa]
RSSI: -81 [da:38:c5:7d:08:fa]
RSSI: -81 [da:38:c5:7d:08:fa]
RSSI: -81 [da:38:c5:8a:09:1a]
RSSI: -77 [da:38:c5:8a:09:1a]
RSSI: -79 [da:38:c5:97:09:3a]
RSSI: -80 [da:38:c5:a4:09:6a]
RSSI: -81 [da:38:c5:b1:09:8a]
RSSI: -78 [da:38:c5:b1:09:8a]
RSSI: -78 [da:38:c5:b1:09:8a]
RSSI: -81 [da:38:c5:be:09:aa]
RSSI: -85 [da:3e:68:b4:0d:8c]
RSSI: -86 [da:38:c5:d9:09:fa]
RSSI: -90 [da:38:c5:e6:0a:2a]
RSSI: -88 [da:3e:68:e1:0e:1c]
RSSI: -88 [da:3e:68:e1:0e:1c]
RSSI: -91 [da:38:c6:0d:0a:9a]
RSSI: -90 [da:3e:69:0d:0e:9c]
RSSI: -87 [da:3e:69:2a:0e:fc]
RSSI: -90 [da:3e:69:3a:0f:2c]
RSSI: -87 [da:3e:69:57:0f:8c]
RSSI: -93 [da:3e:69:67:0f:bc]
RSSI: -90 [da:38:c6:77:0b:ca]
RSSI: -89 [da:38:c6:84:0b:ea]
RSSI: -88 [da:38:c6:84:0b:ea]
RSSI: -88 [da:3e:69:73:0f:dc]
RSSI: -86 [da:38:c6:84:0b:ea]
RSSI: -88 [da:38:c6:91:0c:1a]
RSSI: -86 [da:38:c6:91:0c:1a]
RSSI: -87 [da:38:c6:9f:0c:3a]
RSSI: -90 [da:3e:69:a0:10:6c]
RSSI: -86 [da:3e:69:b0:10:9c]
RSSI: -81 [da:3e:69:dd:11:2c]
RSSI: -84 [da:38:c6:ee:0d:2a]
RSSI: -88 [da:3e:69:dd:11:2c]
RSSI: -84 [da:38:c6:ee:0d:2a]
RSSI: -84 [da:38:c6:fb:0d:4a]
RSSI: -79 [da:3e:69:ed:11:6c]
RSSI: -83 [da:38:c6:fb:0d:4a]
RSSI: -81 [da:3e:69:ed:11:6c]
RSSI: -85 [da:38:c7:08:0d:6a]
RSSI: -86 [da:38:c7:08:0d:6a]
RSSI: -78 [da:3e:69:f9:11:8c]
RSSI: -86 [da:38:c7:16:0d:9a]
RSSI: -82 [da:3e:6a:0a:11:bc]
RSSI: -75 [da:3e:6a:0a:11:bc]
RSSI: -84 [da:38:c7:22:0d:ba]
RSSI: -79 [da:3e:6a:19:11:ec]
RSSI: -87 [da:38:c7:22:0d:ba]
RSSI: -78 [da:3e:6a:19:11:ec]
RSSI: -80 [da:3e:6a:19:11:ec]
RSSI: -84 [da:38:c7:30:0d:ea]
RSSI: -80 [da:3e:6a:19:11:ec]
RSSI: -82 [da:38:c7:30:0d:ea]
RSSI: -75 [da:3e:6a:26:12:1c]
RSSI: -83 [da:38:c7:3d:0e:0a]
RSSI: -72 [da:3e:6a:36:12:4c]
RSSI: -84 [da:38:c7:4a:0e:2a]
RSSI: -75 [da:3e:6a:36:12:4c]
RSSI: -77 [da:3e:6a:46:12:7c]
RSSI: -82 [da:38:c7:57:0e:5a]
RSSI: -72 [da:3e:6a:46:12:7c]
RSSI: -82 [da:38:c7:57:0e:5a]
RSSI: -84 [da:38:c7:65:0e:7a]
RSSI: -75 [da:3e:6a:53:12:ac]
RSSI: -84 [da:38:c7:65:0e:7a]
RSSI: -72 [da:3e:6a:63:12:dc]
RSSI: -84 [da:38:c7:72:0e:aa]
RSSI: -72 [da:3e:6a:63:12:dc]
RSSI: -73 [da:3e:6a:63:12:dc]
RSSI: -73 [da:3e:6a:63:12:dc]
RSSI: -86 [da:38:c7:7f:0e:ca]
RSSI: -73 [da:3e:6a:73:13:0c]
RSSI: -86 [da:38:c7:8d:0e:fa]
RSSI: -74 [da:3e:6a:80:13:3c]
RSSI: -86 [da:38:c7:99:0f:1a]
RSSI: -87 [da:38:c7:99:0f:1a]
RSSI: -73 [da:3e:6a:90:13:6c]
RSSI: -84 [da:38:c7:a7:0f:3a]
RSSI: -75 [da:3e:6a:90:13:6c]
RSSI: -83 [da:38:c7:a7:0f:3a]
RSSI: -78 [da:3e:6a:a0:13:9c]
RSSI: -77 [da:3e:6a:a0:13:9c]
RSSI: -85 [da:38:c7:b4:0f:6a]
RSSI: -74 [da:3e:6a:a0:13:9c]
RSSI: -86 [da:38:c7:c1:0f:8a]
RSSI: -78 [da:3e:6a:ac:13:bc]
RSSI: -87 [da:38:c7:c1:0f:8a]
RSSI: -83 [da:38:c7:cf:0f:ba]
RSSI: -78 [da:3e:6a:bc:13:ec]
RSSI: -83 [da:38:c7:cf:0f:ba]
RSSI: -82 [da:3e:6a:bc:13:ec]
RSSI: -85 [da:38:c7:dc:0f:da]
RSSI: -85 [da:38:c7:dc:0f:da]
RSSI: -83 [da:3e:6a:cc:14:2c]
RSSI: -83 [da:38:c7:e9:0f:fa]
RSSI: -86 [da:38:c7:e9:0f:fa]
RSSI: -86 [da:38:c7:e9:0f:fa]
RSSI: -88 [da:38:c7:f6:10:2a]
RSSI: -83 [da:38:c7:f6:10:2a]
RSSI: -84 [da:38:c7:f6:10:2a]
RSSI: -86 [da:38:c8:04:10:4a]
RSSI: -87 [da:3e:6a:f9:14:ac]
RSSI: -84 [da:38:c8:10:10:6a]
RSSI: -83 [da:3e:6b:06:14:dc]
RSSI: -86 [da:38:c8:1e:10:9a]
RSSI: -79 [da:3e:6b:16:15:0c]
RSSI: -82 [da:3e:6b:16:15:0c]
RSSI: -84 [da:3e:6b:26:15:3c]
RSSI: -85 [da:3e:6b:26:15:3c]
RSSI: -81 [da:3e:6b:26:15:3c]
RSSI: -83 [da:3e:6b:33:15:6c]
RSSI: -92 [da:38:c8:53:11:2a]
RSSI: -83 [da:3e:6b:43:15:9c]
RSSI: -87 [da:3e:6b:53:15:cc]
RSSI: -85 [da:3e:6b:53:15:cc]
RSSI: -88 [da:3e:6b:60:15:ec]
RSSI: -83 [da:3e:6b:70:16:1c]
RSSI: -86 [da:3e:6b:70:16:1c]
RSSI: -88 [da:3e:6b:70:16:1c]
RSSI: -82 [da:3e:6b:80:16:5c]
RSSI: -84 [da:3e:6b:80:16:5c]
RSSI: -85 [da:3e:6b:8c:16:7c]
RSSI: -90 [da:36:e4:a6:01:ab]
RSSI: -86 [da:3e:6b:ad:00:6c]
RSSI: -87 [da:3e:6b:ad:00:6c]
RSSI: -93 [da:38:c8:d7:12:aa]
RSSI: -88 [da:3e:6b:c9:00:bc]
RSSI: -94 [da:38:c8:d7:12:aa]
RSSI: -88 [da:3e:6b:c9:00:bc]
RSSI: -87 [da:36:e4:e2:02:6b]
RSSI: -89 [da:3e:6b:e6:01:1c]
RSSI: -88 [da:36:e4:f2:02:9b]
RSSI: -94 [da:38:c9:0d:13:3a]
RSSI: -90 [da:3e:6c:06:01:7c]
RSSI: -92 [da:38:c9:27:13:8a]
RSSI: -89 [da:3e:6c:1c:01:cc]
RSSI: -88 [da:3e:6c:2c:01:fc]
RSSI: -90 [da:3e:6c:48:02:4c]
RSSI: -92 [da:36:e5:57:03:bb]
RSSI: -87 [da:3e:6c:59:02:8c]
RSSI: -93 [da:36:e5:77:04:1b]
RSSI: -89 [da:38:c9:84:14:9a]
RSSI: -89 [da:38:c9:84:14:9a]
RSSI: -87 [da:3e:6c:82:03:0c]
RSSI: -86 [da:3e:6c:82:03:0c]
RSSI: -91 [da:3e:6c:9c:03:5c]
RSSI: -89 [da:3e:6c:a8:03:7c]
RSSI: -86 [da:38:c9:d4:15:7a]
RSSI: -87 [da:3e:6c:ce:03:fc]
RSSI: -93 [da:3b:d2:e9:0a:3e]
RSSI: -87 [da:3e:6c:f4:04:6c]
RSSI: -91 [da:38:ca:16:00:2a]
RSSI: -88 [da:3e:6d:0e:04:bc]
RSSI: -88 [da:3e:6d:1a:04:dc]
RSSI: -95 [da:3b:d3:3e:0b:3e]
RSSI: -87 [da:3e:6d:34:05:2c]
RSSI: -91 [da:38:ca:3e:00:9a]
RSSI: -87 [da:3e:6d:40:05:5c]
RSSI: -92 [da:36:e6:55:06:bb]
RSSI: -86 [da:38:ca:74:01:2a]
RSSI: -86 [da:38:ca:74:01:2a]
RSSI: -88 [da:3e:6d:67:05:dc]
RSSI: -86 [da:38:ca:81:01:5a]
RSSI: -85 [da:38:ca:81:01:5a]
RSSI: -85 [da:38:ca:81:01:5a]
RSSI: -85 [da:38:ca:8e:01:7a]
RSSI: -88 [da:3e:6d:80:06:2c]
RSSI: -84 [da:38:ca:8e:01:7a]
RSSI: -92 [da:3b:d3:93:0c:2e]
RSSI: -86 [da:3e:6d:a6:06:9c]
RSSI: -84 [da:38:ca:b6:01:ea]
RSSI: -89 [da:3e:6d:a6:06:9c]
RSSI: -86 [da:38:ca:b6:01:ea]
RSSI: -84 [da:38:ca:c4:02:1a]
RSSI: -83 [da:38:ca:c4:02:1a]
RSSI: -84 [da:3e:6d:b3:06:cc]
RSSI: -81 [da:38:ca:d1:02:3a]
RSSI: -83 [da:38:ca:de:02:5a]
RSSI: -85 [da:38:ca:ec:02:8a]
RSSI: -88 [da:3b:d3:f5:0d:4e]
RSSI: -82 [da:38:ca:f9:02:aa]
RSSI: -81 [da:3e:6d:f2:07:8c]
RSSI: -81 [da:38:cb:06:02:ca]
RSSI: -88 [da:3b:d4:13:0d:9e]
RSSI: -81 [da:3e:6d:ff:07:bc]
RSSI: -83 [da:38:cb:14:02:fa]
RSSI: -92 [da:3e:6e:0c:07:dc]
RSSI: -82 [da:3e:6e:19:07:fc]
RSSI: -82 [da:38:cb:22:03:1a]
RSSI: -88 [da:3b:d4:20:0d:be]
RSSI: -82 [da:3e:6e:19:07:fc]
RSSI: -80 [da:38:cb:2e:03:3a]
RSSI: -83 [da:38:cb:2e:03:3a]
RSSI: -82 [da:38:cb:3c:03:6a]
RSSI: -83 [da:3e:6e:25:08:2c]
RSSI: -90 [da:3b:d4:3e:0e:0e]
RSSI: -82 [da:38:cb:4a:03:8a]
RSSI: -81 [da:38:cb:4a:03:8a]
RSSI: -81 [da:38:cb:4a:03:8a]
RSSI: -93 [da:3b:d4:4b:0e:2e]
RSSI: -82 [da:38:cb:4a:03:8a]
RSSI: -80 [da:38:cb:56:03:aa]
RSSI: -79 [da:38:cb:56:03:aa]
RSSI: -85 [da:3e:6e:4c:08:ac]
RSSI: -80 [da:38:cb:64:03:da]
RSSI: -78 [da:38:cb:64:03:da]
RSSI: -78 [da:3e:6e:58:08:cc]
RSSI: -79 [da:38:cb:64:03:da]
RSSI: -79 [da:38:cb:72:03:fa]
RSSI: -87 [da:3e:6e:65:08:fc]
RSSI: -78 [da:38:cb:72:03:fa]
RSSI: -91 [da:36:e7:6d:0a:0b]
RSSI: -79 [da:38:cb:7e:04:2a]
RSSI: -92 [da:36:e7:7d:0a:3b]
RSSI: -91 [da:36:e7:7d:0a:3b]
RSSI: -78 [da:3e:6e:7e:09:4c]
RSSI: -78 [da:38:cb:8c:04:4a]
RSSI: -91 [da:36:e7:8d:0a:6b]
RSSI: -79 [da:38:cb:9a:04:6a]
RSSI: -80 [da:38:cb:a6:04:9a]
RSSI: -81 [da:38:cb:a6:04:9a]
RSSI: -88 [da:3e:6e:98:09:9c]
RSSI: -78 [da:3e:6e:a5:09:bc]
RSSI: -88 [da:3e:6e:a5:09:bc]
RSSI: -83 [da:3e:6e:be:0a:0c]
RSSI: -79 [da:38:cb:cf:05:0a]
RSSI: -84 [da:3e:6e:be:0a:0c]
RSSI: -79 [da:38:cb:cf:05:0a]
RSSI: -77 [da:3e:6e:cb:0a:3c]
RSSI: -78 [da:38:cb:dc:05:2a]
RSSI: -81 [da:3e:6e:cb:0a:3c]
RSSI: -78 [da:38:cb:dc:05:2a]
RSSI: -78 [da:38:cb:ea:05:5a]
RSSI: -82 [da:3e:6e:d8:0a:5c]
RSSI: -91 [da:36:e7:e6:0b:7b]
RSSI: -76 [da:38:cb:ea:05:5a]
RSSI: -76 [da:38:cb:f7:05:7a]
RSSI: -83 [da:3e:6e:e5:0a:8c]
RSSI: -80 [da:3e:6e:f1:0a:ac]
RSSI: -82 [da:3e:6e:f1:0a:ac]
RSSI: -75 [da:38:cc:04:05:aa]
RSSI: -81 [da:3e:6e:fe:0a:dc]
RSSI: -72 [da:38:cc:12:05:ca]
RSSI: -84 [da:3e:6f:0b:0a:fc]
RSSI: -74 [da:38:cc:1f:05:ea]
RSSI: -80 [da:3e:6f:0b:0a:fc]
RSSI: -82 [da:3e:6f:18:0b:2c]
RSSI: -81 [da:3e:6f:18:0b:2c]
RSSI: -83 [da:3e:6f:18:0b:2c]
RSSI: -73 [da:38:cc:2d:06:1a]
RSSI: -72 [da:38:cc:2d:06:1a]
RSSI: -77 [da:3e:6f:24:0b:4c]
RSSI: -70 [da:38:cc:3a:06:3a]
RSSI: -80 [da:3e:6f:31:0b:7c]
RSSI: -77 [da:3e:6f:31:0b:7c]
RSSI: -72 [da:38:cc:47:06:6a]
RSSI: -83 [da:3e:6f:3e:0b:9c]
RSSI: -84 [da:3e:6f:3e:0b:9c]
RSSI: -68 [da:38:cc:62:06:ba]
RSSI: -83 [da:3e:6f:58:0b:fc]
RSSI: -71 [da:38:cc:6f:06:da]
RSSI: -84 [da:3e:6f:64:0c:1c]
RSSI: -68 [da:38:cc:6f:06:da]
RSSI: -84 [da:3e:6f:64:0c:1c]
RSSI: -70 [da:38:cc:7d:06:fa]
RSSI: -70 [da:38:cc:7d:06:fa]
RSSI: -83 [da:3e:6f:71:0c:4c]
RSSI: -87 [da:3e:6f:7e:0c:6c]
RSSI: -70 [da:38:cc:8b:07:2a]
RSSI: -85 [da:3e:6f:7e:0c:6c]
RSSI: -70 [da:38:cc:a5:07:6a]
RSSI: -90 [da:3e:6f:97:0c:bc]
RSSI: -71 [da:38:cc:b3:07:9a]
RSSI: -68 [da:38:cc:bf:07:ba]
RSSI: -86 [da:3e:6f:b1:0d:0c]
RSSI: -72 [da:38:cc:cd:07:da]
RSSI: -73 [da:38:cc:db:08:0a]
RSSI: -74 [da:38:cc:db:08:0a]
RSSI: -73 [da:38:cc:e8:08:2a]
RSSI: -86 [da:3e:6f:d7:0d:8c]
RSSI: -75 [da:38:cc:e8:08:2a]
RSSI: -75 [da:38:cc:f6:08:5a]
RSSI: -75 [da:38:cc:f6:08:5a]
RSSI: -78 [da:38:cd:03:08:7a]
RSSI: -78 [da:38:cd:03:08:7a]
RSSI: -79 [da:38:cd:03:08:7a]
RSSI: -89 [da:3e:6f:f1:0d:dc]
RSSI: -81 [da:38:cd:03:08:7a]
RSSI: -81 [da:3e:6f:fe:0e:0c]
RSSI: -81 [da:3e:6f:fe:0e:0c]
RSSI: -80 [da:38:cd:10:08:aa]
RSSI: -92 [da:3b:d6:15:13:4e]
RSSI: -80 [da:38:cd:10:08:aa]
RSSI: -79 [da:38:cd:1e:08:ca]
RSSI: -78 [da:38:cd:1e:08:ca]
RSSI: -84 [da:3e:70:17:0e:5c]
RSSI: -80 [da:38:cd:2c:08:fa]
RSSI: -88 [da:3e:70:17:0e:5c]
RSSI: -80 [da:38:cd:2c:08:fa]
RSSI: -85 [da:3e:70:24:0e:7c]
RSSI: -80 [da:38:cd:38:09:1a]
RSSI: -84 [da:3e:70:31:0e:ac]
RSSI: -75 [da:38:cd:46:09:3a]
RSSI: -82 [da:3e:70:3e:0e:cc]
RSSI: -81 [da:3e:70:3e:0e:cc]
RSSI: -79 [da:38:cd:54:09:6a]
RSSI: -79 [da:3e:70:4b:0e:fc]
RSSI: -80 [da:3e:70:4b:0e:fc]
RSSI: -80 [da:38:cd:60:09:8a]
RSSI: -80 [da:38:cd:60:09:8a]
RSSI: -81 [da:3e:70:57:0f:2c]
RSSI: -79 [da:38:cd:6e:09:ba]
RSSI: -92 [da:3e:70:64:0f:4c]
RSSI: -83 [da:38:cd:6e:09:ba]
RSSI: -81 [da:38:cd:7c:09:da]
RSSI: -86 [da:38:cd:89:0a:0a]
RSSI: -92 [da:3b:d6:87:14:8e]
RSSI: -86 [da:38:cd:89:0a:0a]
RSSI: -82 [da:3e:70:7e:0f:9c]
RSSI: -89 [da:3b:d6:96:14:ae]
RSSI: -86 [da:38:cd:97:0a:2a]
RSSI: -83 [da:3e:70:8b:0f:cc]
RSSI: -80 [da:3e:70:8b:0f:cc]
RSSI: -85 [da:38:cd:a5:0a:5a]
RSSI: -84 [da:3e:70:97:0f:ec]
RSSI: -83 [da:38:cd:a5:0a:5a]
RSSI: -83 [da:3e:70:97:0f:ec]
RSSI: -81 [da:3e:70:97:0f:ec]
RSSI: -85 [da:38:cd:b1:0a:7a]
RSSI: -79 [da:3e:70:a4:10:1c]
RSSI: -85 [da:38:cd:b1:0a:7a]
RSSI: -79 [da:3e:70:b1:10:3c]
RSSI: -86 [da:38:cd:bf:0a:9a]
RSSI: -81 [da:3e:70:b1:10:3c]
RSSI: -77 [da:3e:70:be:10:6c]
RSSI: -85 [da:38:cd:cd:0a:ca]
RSSI: -77 [da:3e:70:be:10:6c]
RSSI: -82 [da:3e:70:be:10:6c]
RSSI: -85 [da:3e:70:cb:10:9c]
RSSI: -87 [da:3e:70:d8:10:bc]
RSSI: -80 [da:3e:70:e4:10:ec]
RSSI: -87 [da:3e:70:e4:10:ec]
RSSI: -80 [da:3e:70:fe:11:3c]
RSSI: -79 [da:3e:70:fe:11:3c]
RSSI: -77 [da:3e:71:0b:11:5c]
RSSI: -76 [da:3e:71:0b:11:5c]
RSSI: -73 [da:3e:71:18:11:8c]
RSSI: -88 [da:38:ce:2a:0b:da]
RSSI: -88 [da:38:ce:2a:0b:da]
RSSI: -73 [da:3e:71:25:11:ac]
RSSI: -70 [da:3e:71:25:11:ac]
RSSI: -68 [da:3e:71:31:11:cc]
RSSI: -71 [da:3e:71:31:11:cc]
RSSI: -68 [da:3e:71:3f:11:fc]
RSSI: -68 [da:3e:71:3f:11:fc]
RSSI: -70 [da:3e:71:4b:12:1c]
RSSI: -66 [da:3e:71:4b:12:1c]
RSSI: -64 [da:3e:71:58:12:4c]
RSSI: -68 [da:3e:71:58:12:4c]
RSSI: -65 [da:3e:71:65:12:6c]
RSSI: -65 [da:3e:71:65:12:6c]
RSSI: -67 [da:3e:71:72:12:9c]
RSSI: -65 [da:3e:71:72:12:9c]
RSSI: -63 [da:3e:71:7f:12:bc]
RSSI: -88 [da:38:ce:97:0d:1a]
RSSI: -65 [da:3e:71:8c:12:ec]
RSSI: -65 [da:3e:71:8c:12:ec]
RSSI: -62 [da:3e:71:8c:12:ec]
RSSI: -85 [da:38:ce:a3:0d:3a]
RSSI: -67 [da:3e:71:99:13:0c]
RSSI: -65 [da:3e:71:99:13:0c]
RSSI: -62 [da:3e:71:a5:13:3c]
RSSI: -66 [da:3e:71:a5:13:3c]
RSSI: -85 [da:38:ce:bf:0d:8a]
RSSI: -65 [da:3e:71:b2:13:5c]
RSSI: -64 [da:3e:71:b2:13:5c]
RSSI: -68 [da:3e:71:bf:13:8c]
RSSI: -67 [da:3e:71:bf:13:8c]
RSSI: -86 [da:38:ce:da:0d:da]
RSSI: -64 [da:3e:71:cc:13:bc]
RSSI: -68 [da:3e:71:cc:13:bc]
RSSI: -67 [da:3e:71:d9:13:dc]
RSSI: -86 [da:38:ce:e8:0d:fa]
RSSI: -68 [da:3e:71:d9:13:dc]
RSSI: -85 [da:38:ce:f4:0e:2a]
RSSI: -84 [da:38:ce:f4:0e:2a]
RSSI: -73 [da:3e:71:f2:14:2c]
RSSI: -81 [da:38:cf:02:0e:4a]
RSSI: -76 [da:3e:71:f2:14:2c]
RSSI: -84 [da:38:cf:02:0e:4a]
RSSI: -78 [da:3e:71:ff:14:5c]
RSSI: -81 [da:3e:71:ff:14:5c]
RSSI: -82 [da:38:cf:1d:0e:9a]
RSSI: -88 [da:3e:72:0c:14:7c]
RSSI: -83 [da:38:cf:1d:0e:9a]
RSSI: -79 [da:3e:72:19:14:ac]
RSSI: -82 [da:38:cf:2b:0e:ba]
RSSI: -81 [da:3e:72:26:14:cc]
RSSI: -85 [da:38:cf:39:0e:ea]
RSSI: -73 [da:3e:72:26:14:cc]
RSSI: -85 [da:38:cf:39:0e:ea]
RSSI: -78 [da:3e:72:33:14:fc]
RSSI: -78 [da:3e:72:33:14:fc]
RSSI: -85 [da:38:cf:45:0f:0a]
RSSI: -75 [da:3e:72:33:14:fc]
RSSI: -72 [da:3e:72:40:15:1c]
RSSI: -84 [da:38:cf:53:0f:3a]
RSSI: -77 [da:3e:72:40:15:1c]
RSSI: -85 [da:38:cf:53:0f:3a]
RSSI: -75 [da:3e:72:4d:15:4c]
RSSI: -78 [da:3e:72:5a:15:7c]
RSSI: -78 [da:3e:72:5a:15:7c]
RSSI: -76 [da:3e:72:5a:15:7c]
RSSI: -77 [da:3e:72:5a:15:7c]
RSSI: -77 [da:3e:72:66:15:9c]
RSSI: -83 [da:38:cf:7c:0f:aa]
RSSI: -81 [da:3e:72:66:15:9c]
RSSI: -84 [da:38:cf:7c:0f:aa]
RSSI: -84 [da:38:cf:7c:0f:aa]
RSSI: -81 [da:3e:72:73:15:cc]
RSSI: -84 [da:38:cf:7c:0f:aa]
RSSI: -79 [da:3e:72:73:15:cc]
RSSI: -82 [da:38:cf:8a:0f:ca]
RSSI: -85 [da:3e:72:80:15:ec]
RSSI: -82 [da:38:cf:8a:0f:ca]
RSSI: -82 [da:3e:72:80:15:ec]
RSSI: -83 [da:38:cf:96:0f:fa]
RSSI: -91 [da:36:eb:8c:16:5b]
RSSI: -84 [da:38:cf:96:0f:fa]
RSSI: -77 [da:3e:72:8d:16:1c]
RSSI: -76 [da:3e:72:9a:16:3c]
RSSI: -80 [da:3e:72:a7:16:6c]
RSSI: -87 [da:38:cf:bf:10:6a]
RSSI: -78 [da:3e:72:b4:00:0c]
RSSI: -83 [da:3e:72:b4:00:0c]
RSSI: -82 [da:3e:72:b4:00:0c]
RSSI: -83 [da:3e:72:c1:00:2c]
RSSI: -79 [da:3e:72:c1:00:2c]
RSSI: -84 [da:38:cf:db:10:ba]
RSSI: -84 [da:3e:72:ce:00:5c]
RSSI: -87 [da:38:cf:db:10:ba]
RSSI: -85 [da:3e:72:ce:00:5c]
RSSI: -84 [da:3e:72:da:00:7c]
RSSI: -92 [da:36:eb:e6:00:db]
RSSI: -89 [da:38:cf:f5:11:0a]
RSSI: -82 [da:3e:72:e7:00:ac]
RSSI: -80 [da:3e:72:e7:00:ac]
RSSI: -87 [da:38:d0:03:11:2a]
RSSI: -81 [da:3e:72:f4:00:cc]
RSSI: -86 [da:38:d0:03:11:2a]
RSSI: -81 [da:3e:72:f4:00:cc]
RSSI: -91 [da:36:ec:0c:01:4b]
RSSI: -85 [da:3e:73:0e:01:1c]
RSSI: -88 [da:36:ec:18:01:7b]
RSSI: -85 [da:3e:73:0e:01:1c]
RSSI: -84 [da:3e:73:1b:01:4c]
RSSI: -88 [da:36:ec:25:01:9b]
RSSI: -83 [da:3e:73:1b:01:4c]
RSSI: -85 [da:3e:73:28:01:6c]
RSSI: -89 [da:36:ec:32:01:cb]
RSSI: -88 [da:36:ec:32:01:cb]
RSSI: -82 [da:3e:73:35:01:9c]
RSSI: -86 [da:36:ec:3e:01:eb]
RSSI: -85 [da:38:d0:46:11:fa]
RSSI: -87 [da:36:ec:4b:02:0b]
RSSI: -87 [da:3e:73:4f:01:ec]
RSSI: -88 [da:36:ec:58:02:3b]
RSSI: -83 [da:3e:73:5c:02:1c]
RSSI: -85 [da:36:ec:64:02:5b]
RSSI: -86 [da:38:d0:6f:12:6a]
RSSI: -87 [da:36:ec:71:02:8b]
RSSI: -88 [da:38:d0:7d:12:8a]
RSSI: -87 [da:36:ec:7e:02:ab]
RSSI: -81 [da:3e:73:82:02:8c]
RSSI: -84 [da:3e:73:8f:02:bc]
RSSI: -84 [da:3e:73:8f:02:bc]
RSSI: -88 [da:38:d0:b2:13:2a]
RSSI: -86 [da:36:ec:b1:03:3b]
RSSI: -85 [da:3e:73:a9:03:0c]
RSSI: -86 [da:36:ec:bd:03:6b]
RSSI: -86 [da:36:ec:bd:03:6b]
RSSI: -90 [da:36:ec:ca:03:8b]
RSSI: -89 [da:3e:73:c3:03:5c]
RSSI: -87 [da:38:d0:db:13:9a]
RSSI: -88 [da:38:d0:db:13:9a]
RSSI: -88 [da:3e:73:dd:03:ac]
RSSI: -86 [da:3e:73:ea:03:cc]
RSSI: -94 [da:36:ed:0a:04:4b]
RSSI: -87 [da:3e:74:04:04:1c]
RSSI: -92 [da:3e:74:1e:04:6c]
RSSI: -84 [da:38:d1:2c:14:8a]
RSSI: -90 [da:3e:74:1e:04:6c]
RSSI: -95 [da:3b:da:2c:08:7e]
RSSI: -82 [da:3e:74:45:04:ec]
RSSI: -88 [da:38:d1:55:14:fa]
RSSI: -88 [da:38:d1:63:15:2a]
RSSI: -86 [da:3e:74:52:05:0c]
RSSI: -86 [da:38:d1:71:15:4a]
RSSI: -86 [da:3e:74:5e:05:3c]
RSSI: -85 [da:38:d1:8c:15:9a]
RSSI: -87 [da:3e:74:85:05:bc]
RSSI: -88 [da:3e:74:92:05:dc]
RSSI: -90 [da:3e:74:9f:06:0c]
RSSI: -88 [da:3e:74:b9:06:5c]
RSSI: -85 [da:3e:74:c6:06:7c]
RSSI: -91 [da:38:d1:eb:00:7a]
RSSI: -83 [da:3e:74:e0:06:cc]
RSSI: -85 [da:3e:74:e0:06:cc]
RSSI: -82 [da:3e:74:ed:06:fc]
RSSI: -83 [da:3e:74:fa:07:1c]
RSSI: -82 [da:3e:74:fa:07:1c]
RSSI: -84 [da:3e:75:07:07:4c]
RSSI: -83 [da:3e:75:14:07:7c]
RSSI: -85 [da:3b:db:23:0b:3e]
RSSI: -82 [da:3e:75:14:07:7c]
RSSI: -83 [da:3e:75:21:07:9c]
RSSI: -81 [da:3e:75:21:07:9c]
RSSI: -83 [da:38:d2:2e:01:3a]
RSSI: -83 [da:38:d2:3c:01:5a]
RSSI: -81 [da:3e:75:3b:07:ec]
RSSI: -82 [da:3e:75:3b:07:ec]
RSSI: -83 [da:38:d2:49:01:8a]
RSSI: -82 [da:3e:75:3b:07:ec]
RSSI: -86 [da:3b:db:4f:0b:be]
RSSI: -84 [da:38:d2:49:01:8a]
RSSI: -81 [da:3e:75:48:08:1c]
RSSI: -85 [da:38:d2:5d:01:ba]
RSSI: -88 [da:3b:db:5b:0b:de]
RSSI: -82 [da:38:d2:6d:01:ea]
RSSI: -86 [da:3b:db:6b:0c:0e]
RSSI: -83 [da:38:d2:6d:01:ea]
RSSI: -81 [da:3e:75:62:08:6c]
RSSI: -81 [da:38:d2:79:02:0a]
RSSI: -86 [da:3b:db:7a:0c:2e]
RSSI: -81 [da:3e:75:6f:08:9c]
RSSI: -82 [da:38:d2:79:02:0a]
RSSI: -81 [da:3e:75:6f:08:9c]
RSSI: -81 [da:38:d2:88:02:3a]
RSSI: -86 [da:3b:db:87:0c:5e]
RSSI: -81 [da:38:d2:88:02:3a]
RSSI: -89 [da:3b:db:87:0c:5e]
RSSI: -86 [da:3e:75:7c:08:bc]
RSSI: -81 [da:38:d2:96:02:5a]
RSSI: -82 [da:38:d2:96:02:5a]
RSSI: -77 [da:3e:75:89:08:ec]
RSSI: -81 [da:38:d2:a2:02:8a]
RSSI: -82 [da:38:d2:a2:02:8a]
RSSI: -85 [da:3e:75:96:09:0c]
RSSI: -87 [da:3b:db:a5:0c:ae]
RSSI: -82 [da:38:d2:a2:02:8a]
RSSI: -81 [da:38:d2:b0:02:aa]
RSSI: -86 [da:3b:db:b2:0c:ce]
RSSI: -89 [da:3e:75:a3:09:3c]
RSSI: -84 [da:3e:75:a3:09:3c]
RSSI: -86 [da:3b:db:b2:0c:ce]
RSSI: -83 [da:38:d2:be:02:da]
RSSI: -77 [da:3e:75:b0:09:6c]
RSSI: -79 [da:38:d2:be:02:da]
RSSI: -84 [da:3b:db:c1:0c:fe]
RSSI: -84 [da:3b:db:c1:0c:fe]
RSSI: -82 [da:38:d2:cb:02:fa]
RSSI: -82 [da:3e:75:bd:09:8c]
RSSI: -85 [da:3b:db:d1:0d:2e]
RSSI: -82 [da:38:d2:cb:02:fa]
RSSI: -86 [da:3b:db:d1:0d:2e]
RSSI: -81 [da:38:d2:d9:03:1a]
RSSI: -84 [da:3e:75:ca:09:bc]
RSSI: -82 [da:38:d2:d9:03:1a]
RSSI: -79 [da:3e:75:ca:09:bc]
RSSI: -79 [da:38:d2:e7:03:4a]
RSSI: -85 [da:3b:db:ed:0d:7e]
RSSI: -80 [da:38:d2:f4:03:6a]
RSSI: -75 [da:3e:75:e4:0a:0c]
RSSI: -80 [da:38:d2:f4:03:6a]
RSSI: -79 [da:38:d3:02:03:9a]
RSSI: -85 [da:3b:db:fc:0d:ae]
RSSI: -74 [da:3e:75:f1:0a:3c]
RSSI: -78 [da:38:d3:02:03:9a]
RSSI: -75 [da:3e:75:fe:0a:5c]
RSSI: -77 [da:38:d3:10:03:ba]
RSSI: -76 [da:3e:75:fe:0a:5c]
RSSI: -77 [da:38:d3:10:03:ba]
RSSI: -74 [da:3e:76:0b:0a:8c]
RSSI: -76 [da:38:d3:1d:03:da]
RSSI: -77 [da:3e:76:18:0a:ac]
RSSI: -77 [da:38:d3:2b:04:0a]
RSSI: -76 [da:38:d3:2b:04:0a]
RSSI: -75 [da:3e:76:18:0a:ac]
RSSI: -76 [da:38:d3:2b:04:0a]
RSSI: -76 [da:3e:76:25:0a:dc]
RSSI: -79 [da:3e:76:25:0a:dc]
RSSI: -76 [da:38:d3:39:04:2a]
RSSI: -77 [da:3e:76:32:0b:0c]
RSSI: -78 [da:3e:76:32:0b:0c]
RSSI: -77 [da:38:d3:46:04:5a]
RSSI: -80 [da:3e:76:3f:0b:2c]
RSSI: -79 [da:3e:76:3f:0b:2c]
RSSI: -78 [da:3e:76:4c:0b:5c]
RSSI: -77 [da:3e:76:59:0b:7c]
RSSI: -78 [da:38:d3:6f:04:ca]
RSSI: -78 [da:3e:76:66:0b:ac]
RSSI: -78 [da:38:d3:6f:04:ca]
RSSI: -78 [da:3e:76:66:0b:ac]
RSSI: -77 [da:38:d3:7d:04:ea]
RSSI: -78 [da:3e:76:74:0b:dc]
RSSI: -76 [da:38:d3:8b:05:1a]
RSSI: -80 [da:3e:76:74:0b:dc]
RSSI: -75 [da:38:d3:8b:05:1a]
RSSI: -81 [da:3e:76:80:0b:fc]
RSSI: -79 [da:3e:76:80:0b:fc]
RSSI: -83 [da:3e:76:8d:0c:2c]
RSSI: -71 [da:38:d3:a6:05:6a]
RSSI: -85 [da:3e:76:9b:0c:4c]
RSSI: -70 [da:38:d3:b4:05:8a]
RSSI: -82 [da:3e:76:a7:0c:7c]
RSSI: -79 [da:3e:76:a7:0c:7c]
RSSI: -79 [da:3e:76:a7:0c:7c]
RSSI: -69 [da:38:d3:c1:05:ba]
RSSI: -69 [da:38:d3:c1:05:ba]
RSSI: -81 [da:3e:76:b5:0c:9c]
RSSI: -67 [da:38:d3:cf:05:da]
RSSI: -83 [da:3e:76:c2:0c:cc]
RSSI: -68 [da:38:d3:cf:05:da]
RSSI: -68 [da:38:d3:dd:06:0a]
RSSI: -66 [da:38:d3:dd:06:0a]
RSSI: -67 [da:38:d3:ea:06:2a]
RSSI: -67 [da:38:d3:ea:06:2a]
RSSI: -89 [da:3e:76:dc:0d:1c]
RSSI: -67 [da:38:d3:f8:06:5a]
RSSI: -65 [da:38:d4:06:06:7a]
RSSI: -66 [da:38:d4:13:06:aa]
RSSI: -66 [da:38:d4:21:06:ca]
RSSI: -66 [da:38:d4:21:06:ca]
RSSI: -64 [da:38:d4:2f:06:fa]
RSSI: -81 [da:3e:77:1d:0d:ec]
RSSI: -66 [da:38:d4:2f:06:fa]
RSSI: -66 [da:38:d4:3c:07:1a]
RSSI: -64 [da:38:d4:3c:07:1a]
RSSI: -87 [da:3e:77:37:0e:3c]
RSSI: -67 [da:38:d4:4a:07:4a]
RSSI: -86 [da:3e:77:37:0e:3c]
RSSI: -66 [da:38:d4:4a:07:4a]
RSSI: -67 [da:38:d4:58:07:6a]
RSSI: -67 [da:38:d4:58:07:6a]
RSSI: -84 [da:3e:77:51:0e:8c]
RSSI: -65 [da:38:d4:65:07:8a]
RSSI: -84 [da:3e:77:5e:0e:bc]
RSSI: -84 [da:3e:77:6b:0e:dc]
RSSI: -69 [da:38:d4:81:07:da]
RSSI: -83 [da:3e:77:6b:0e:dc]
RSSI: -70 [da:38:d4:81:07:da]
RSSI: -70 [da:38:d4:81:07:da]
RSSI: -80 [da:3e:77:78:0f:0c]
RSSI: -81 [da:3e:77:78:0f:0c]
RSSI: -68 [da:38:d4:8e:08:0a]
RSSI: -71 [da:38:d4:8e:08:0a]
RSSI: -82 [da:3e:77:86:0f:3c]
RSSI: -72 [da:38:d4:9c:08:2a]
RSSI: -80 [da:3e:77:86:0f:3c]
RSSI: -71 [da:38:d4:9c:08:2a]
RSSI: -83 [da:3e:77:92:0f:5c]
RSSI: -74 [da:38:d4:aa:08:5a]
RSSI: -82 [da:3e:77:92:0f:5c]
RSSI: -74 [da:38:d4:aa:08:5a]
RSSI: -74 [da:38:d4:aa:08:5a]
RSSI: -75 [da:38:d4:aa:08:5a]
RSSI: -84 [da:3e:77:a0:0f:8c]
RSSI: -83 [da:3e:77:ad:0f:ac]
RSSI: -77 [da:38:d4:c5:08:aa]
RSSI: -80 [da:3e:77:ba:0f:dc]
RSSI: -78 [da:3e:77:ba:0f:dc]
RSSI: -80 [da:38:d4:d3:08:ca]
RSSI: -80 [da:38:d4:d3:08:ca]
RSSI: -79 [da:3e:77:c7:10:0c]
RSSI: -80 [da:3e:77:c7:10:0c]
RSSI: -80 [da:38:d4:e0:08:fa]
RSSI: -79 [da:3e:77:d4:10:2c]
RSSI: -79 [da:38:d4:e0:08:fa]
RSSI: -78 [da:3e:77:d4:10:2c]
RSSI: -76 [da:38:d4:ee:09:1a]
RSSI: -79 [da:38:d4:fc:09:4a]
RSSI: -79 [da:38:d4:fc:09:4a]
RSSI: -81 [da:3e:77:ee:10:7c]
RSSI: -82 [da:3e:77:ee:10:7c]
RSSI: -81 [da:38:d5:09:09:6a]
RSSI: -82 [da:3e:77:fb:10:ac]
RSSI: -80 [da:38:d5:09:09:6a]
RSSI: -82 [da:38:d5:17:09:9a]
RSSI: -82 [da:38:d5:25:09:ba]
RSSI: -81 [da:38:d5:25:09:ba]
RSSI: -82 [da:3e:78:23:11:2c]
RSSI: -82 [da:3e:78:23:11:2c]
RSSI: -87 [da:38:d5:32:09:ea]
RSSI: -80 [da:3e:78:23:11:2c]
RSSI: -77 [da:3e:78:2f:11:4c]
RSSI: -76 [da:3e:78:3d:11:7c]
RSSI: -72 [da:3e:78:4a:11:ac]
RSSI: -87 [da:38:d5:5b:0a:5a]
RSSI: -72 [da:3e:78:57:11:cc]
RSSI: -68 [da:3e:78:64:11:fc]
RSSI: -70 [da:3e:78:64:11:fc]
RSSI: -69 [da:3e:78:71:12:1c]
RSSI: -71 [da:3e:78:7e:12:4c]
RSSI: -66 [da:3e:78:7e:12:4c]
RSSI: -65 [da:3e:78:8b:12:6c]
RSSI: -69 [da:3e:78:8b:12:6c]
RSSI: -67 [da:3e:78:99:12:9c]
RSSI: -67 [da:3e:78:99:12:9c]
RSSI: -64 [da:3e:78:99:12:9c]
RSSI: -69 [da:3e:78:a5:12:cc]
RSSI: -67 [da:3e:78:a5:12:cc]
RSSI: -64 [da:3e:78:b3:12:ec]
RSSI: -70 [da:3e:78:b3:12:ec]
RSSI: -67 [da:3e:78:c0:13:1c]
RSSI: -64 [da:3e:78:c0:13:1c]
RSSI: -71 [da:3e:78:cd:13:3c]
RSSI: -89 [da:38:d5:d6:0b:ba]
RSSI: -68 [da:3e:78:cd:13:3c]
RSSI: -86 [da:38:d5:e5:0b:ea]
RSSI: -69 [da:3e:78:da:13:6c]
RSSI: -87 [da:38:d5:f3:0c:1a]
RSSI: -67 [da:3e:78:e7:13:9c]
RSSI: -87 [da:38:d5:f3:0c:1a]
RSSI: -65 [da:3e:78:e7:13:9c]
RSSI: -88 [da:38:d5:ff:0c:3a]
RSSI: -71 [da:3e:78:f4:13:bc]
RSSI: -91 [da:38:d6:0e:0c:5a]
RSSI: -73 [da:3e:79:07:13:fc]
RSSI: -89 [da:38:d6:1c:0c:8a]
RSSI: -81 [da:3e:79:17:14:2c]
RSSI: -89 [da:38:d6:29:0c:aa]
RSSI: -89 [da:38:d6:29:0c:aa]
RSSI: -77 [da:3e:79:23:14:4c]
RSSI: -86 [da:38:d6:45:0c:fa]
RSSI: -85 [da:38:d6:45:0c:fa]
RSSI: -76 [da:3e:79:4b:14:cc]
RSSI: -84 [da:3e:79:4b:14:cc]
RSSI: -85 [da:38:d6:60:0d:4a]
RSSI: -81 [da:3e:79:58:14:ec]
RSSI: -86 [da:38:d6:6f:0d:7a]
RSSI: -80 [da:3e:79:66:15:1c]
RSSI: -76 [da:3e:79:66:15:1c]
RSSI: -85 [da:38:d6:7b:0d:9a]
RSSI: -75 [da:3e:79:72:15:3c]
RSSI: -86 [da:38:d6:8a:0d:ca]
RSSI: -85 [da:38:d6:8a:0d:ca]
RSSI: -74 [da:3e:79:80:15:6c]
RSSI: -77 [da:3e:79:80:15:6c]
RSSI: -85 [da:38:d6:98:0d:ea]
RSSI: -78 [da:3e:79:8d:15:9c]
RSSI: -85 [da:38:d6:98:0d:ea]
RSSI: -77 [da:3e:79:8d:15:9c]
RSSI: -78 [da:3e:79:8d:15:9c]
RSSI: -81 [da:38:d6:a4:0e:1a]
RSSI: -77 [da:3e:79:9a:15:bc]
RSSI: -79 [da:3e:79:9a:15:bc]
RSSI: -80 [da:3e:79:9a:15:bc]
RSSI: -84 [da:38:d6:b3:0e:3a]
RSSI: -83 [da:3e:79:a7:15:ec]
RSSI: -77 [da:3e:79:a7:15:ec]
RSSI: -83 [da:38:d6:c1:0e:6a]
RSSI: -83 [da:3e:79:b4:16:0c]
RSSI: -85 [da:38:d6:c1:0e:6a]
RSSI: -81 [da:3e:79:b4:16:0c]
RSSI: -84 [da:38:d6:ce:0e:8a]
RSSI: -81 [da:3e:79:c1:16:3c]
RSSI: -85 [da:38:d6:dc:0e:ba]
RSSI: -77 [da:3e:79:cf:16:5c]
RSSI: -85 [da:38:d6:dc:0e:ba]
RSSI: -86 [da:38:d6:ea:0e:da]
RSSI: -80 [da:3e:79:dc:00:0c]
RSSI: -88 [da:38:d6:ea:0e:da]
RSSI: -79 [da:3e:79:dc:00:0c]
RSSI: -87 [da:38:d6:f7:0f:0a]
RSSI: -81 [da:3e:79:e9:00:2c]
RSSI: -80 [da:3e:7a:10:00:ac]
RSSI: -80 [da:3e:7a:10:00:ac]
RSSI: -79 [da:3e:7a:1d:00:cc]
RSSI: -90 [da:36:f3:26:00:0b]
RSSI: -84 [da:38:d7:2f:0f:aa]
RSSI: -79 [da:3e:7a:1d:00:cc]
RSSI: -79 [da:3e:7a:1d:00:cc]
RSSI: -87 [da:38:d7:2f:0f:aa]
RSSI: -87 [da:38:d7:3d:0f:ca]
RSSI: -78 [da:3e:7a:2b:00:fc]
RSSI: -87 [da:38:d7:3d:0f:ca]
RSSI: -86 [da:38:d7:58:10:1a]
RSSI: -79 [da:3e:7a:52:01:7c]
RSSI: -79 [da:3e:7a:52:01:7c]
RSSI: -81 [da:3e:7a:5f:01:9c]
RSSI: -81 [da:3e:7a:5f:01:9c]
RSSI: -90 [da:38:d7:73:10:6a]
RSSI: -78 [da:3e:7a:5f:01:9c]
RSSI: -88 [da:36:f3:74:00:eb]
RSSI: -76 [da:3e:7a:6c:01:cc]
RSSI: -80 [da:3e:7a:6c:01:cc]
RSSI: -89 [da:36:f3:81:01:1b]
RSSI: -78 [da:3e:7a:7a:01:ec]
RSSI: -79 [da:3e:7a:7a:01:ec]
RSSI: -88 [da:36:f3:8e:01:3b]
RSSI: -89 [da:38:d7:90:10:ba]
RSSI: -81 [da:3e:7a:86:02:1c]
RSSI: -88 [da:36:f3:8e:01:3b]
RSSI: -87 [da:36:f3:9a:01:5b]
RSSI: -87 [da:36:f3:9a:01:5b]
RSSI: -85 [da:36:f3:a8:01:8b]
RSSI: -80 [da:3e:7a:a1:02:6c]
RSSI: -85 [da:36:f3:b5:01:ab]
RSSI: -88 [da:3e:7a:ae:02:9c]
RSSI: -86 [da:36:f3:b5:01:ab]
RSSI: -82 [da:3e:7a:ae:02:9c]
RSSI: -86 [da:36:f3:b5:01:ab]
RSSI: -88 [da:38:d7:c6:11:5a]
RSSI: -82 [da:36:f3:c1:01:cb]
RSSI: -82 [da:3e:7a:bc:02:bc]
RSSI: -86 [da:36:f3:c1:01:cb]
RSSI: -84 [da:36:f3:cf:01:fb]
RSSI: -81 [da:3e:7a:c9:02:ec]
RSSI: -82 [da:36:f3:cf:01:fb]
RSSI: -87 [da:38:d7:ef:11:ca]
RSSI: -85 [da:36:f3:e8:02:4b]
RSSI: -85 [da:36:f3:f5:02:6b]
RSSI: -86 [da:38:d7:fe:11:fa]
RSSI: -86 [da:38:d7:fe:11:fa]
RSSI: -85 [da:36:f4:02:02:8b]
RSSI: -85 [da:36:f4:02:02:8b]
RSSI: -87 [da:3e:7a:fd:03:8c]
RSSI: -83 [da:3e:7b:0b:03:bc]
RSSI: -85 [da:36:f4:1c:02:db]
RSSI: -85 [da:36:f4:1c:02:db]
RSSI: -87 [da:36:f4:29:03:0b]
RSSI: -82 [da:3e:7b:25:04:0c]
RSSI: -90 [da:3e:7b:32:04:3c]
RSSI: -85 [da:36:f4:36:03:2b]
RSSI: -85 [da:36:f4:43:03:4b]
RSSI: -86 [da:3e:7b:40:04:5c]
RSSI: -87 [da:36:f4:50:03:7b]
RSSI: -87 [da:3e:7b:4c:04:8c]
RSSI: -81 [da:3e:7b:4c:04:8c]
RSSI: -82 [da:3e:7b:5a:04:bc]
RSSI: -83 [da:3e:7b:67:04:dc]
RSSI: -83 [da:3e:7b:67:04:dc]
RSSI: -90 [da:36:f4:77:03:eb]
RSSI: -89 [da:36:f4:77:03:eb]
RSSI: -80 [da:3e:7b:74:05:0c]
RSSI: -81 [da:3e:7b:74:05:0c]
RSSI: -85 [da:3e:7b:82:05:2c]
RSSI: -81 [da:3e:7b:82:05:2c]
RSSI: -90 [da:38:d8:95:13:aa]
RSSI: -92 [da:3e:7b:9c:05:7c]
RSSI: -94 [da:3b:e1:b3:07:4e]
RSSI: -84 [da:3e:7b:c3:05:fc]
RSSI: -87 [da:38:d8:e8:14:9a]
RSSI: -82 [da:3e:7b:eb:06:7c]
RSSI: -90 [da:38:d8:f6:14:ba]
RSSI: -82 [da:3e:7b:f9:06:ac]
RSSI: -80 [da:3e:7c:06:06:cc]
RSSI: -89 [da:38:d9:20:15:3a]
RSSI: -89 [da:38:d9:2e:15:5a]
RSSI: -79 [da:3e:7c:20:07:2c]
RSSI: -79 [da:3e:7c:20:07:2c]
RSSI: -93 [da:36:f5:3a:06:3b]
RSSI: -77 [da:3e:7c:2e:07:4c]
RSSI: -87 [da:3e:7c:3a:07:7c]
RSSI: -79 [da:3e:7c:48:07:ac]
RSSI: -77 [da:3e:7c:55:07:cc]
RSSI: -86 [da:3e:7c:62:07:fc]
RSSI: -90 [da:38:d9:73:16:1a]
RSSI: -78 [da:3e:7c:70:08:1c]
RSSI: -78 [da:3e:7c:7d:08:4c]
RSSI: -89 [da:38:d9:9c:00:7a]
RSSI: -79 [da:3e:7c:8a:08:7c]
RSSI: -77 [da:3e:7c:98:08:9c]
RSSI: -87 [da:38:d9:aa:00:aa]
RSSI: -80 [da:3e:7c:a5:08:cc]
RSSI: -80 [da:3e:7c:a5:08:cc]
RSSI: -90 [da:38:d9:b7:00:ca]
RSSI: -88 [da:38:d9:c6:00:fa]
RSSI: -80 [da:3e:7c:b2:08:ec]
RSSI: -77 [da:3e:7c:c0:09:1c]
RSSI: -82 [da:3e:7c:cd:09:4c]
RSSI: -93 [da:36:f5:d6:08:0b]
RSSI: -85 [da:38:d9:e1:01:4a]
RSSI: -77 [da:3e:7c:cd:09:4c]
RSSI: -84 [da:38:d9:e1:01:4a]
RSSI: -88 [da:3e:7c:da:09:6c]
RSSI: -81 [da:3e:7c:da:09:6c]
RSSI: -84 [da:38:d9:ef:01:6a]
RSSI: -85 [da:38:d9:fe:01:9a]
RSSI: -89 [da:3b:e2:f7:0a:ee]
RSSI: -85 [da:38:d9:fe:01:9a]
RSSI: -86 [da:38:d9:fe:01:9a]
RSSI: -78 [da:3e:7c:f5:09:cc]
RSSI: -78 [da:3e:7c:f5:09:cc]
RSSI: -85 [da:38:da:0a:01:ba]
RSSI: -77 [da:3e:7d:02:09:ec]
RSSI: -76 [da:3e:7d:02:09:ec]
RSSI: -85 [da:38:da:19:01:ea]
RSSI: -79 [da:3e:7d:0f:0a:1c]
RSSI: -79 [da:3e:7d:0f:0a:1c]
RSSI: -85 [da:38:da:27:02:0a]
RSSI: -76 [da:3e:7d:1d:0a:3c]
RSSI: -83 [da:38:da:42:02:5a]
RSSI: -76 [da:3e:7d:37:0a:9c]
RSSI: -86 [da:38:da:42:02:5a]
RSSI: -77 [da:3e:7d:37:0a:9c]
RSSI: -76 [da:3e:7d:45:0a:bc]
RSSI: -83 [da:38:da:51:02:8a]
RSSI: -77 [da:3e:7d:45:0a:bc]
RSSI: -78 [da:3e:7d:51:0a:ec]
RSSI: -78 [da:3e:7d:51:0a:ec]
RSSI: -79 [da:3e:7d:5f:0b:1c]
RSSI: -79 [da:3e:7d:5f:0b:1c]
RSSI: -76 [da:3e:7d:6d:0b:3c]
RSSI: -77 [da:3e:7d:79:0b:6c]
RSSI: -75 [da:3e:7d:79:0b:6c]
RSSI: -89 [da:38:da:96:03:4a]
RSSI: -77 [da:3e:7d:87:0b:8c]
RSSI: -75 [da:3e:7d:87:0b:8c]
RSSI: -85 [da:38:da:a4:03:7a]
RSSI: -79 [da:3e:7d:94:0b:bc]
RSSI: -85 [da:38:da:a4:03:7a]
RSSI: -86 [da:3b:e3:b7:0d:1e]
RSSI: -77 [da:3e:7d:af:0c:0c]
RSSI: -83 [da:38:da:bf:03:ba]
RSSI: -76 [da:3e:7d:af:0c:0c]
RSSI: -92 [da:36:f6:c1:0a:cb]
RSSI: -83 [da:38:da:ce:03:ea]
RSSI: -82 [da:3e:7d:bc:0c:3c]
RSSI: -83 [da:38:da:ce:03:ea]
RSSI: -82 [da:38:da:da:04:0a]
RSSI: -83 [da:3e:7d:c9:0c:6c]
RSSI: -83 [da:38:da:da:04:0a]
RSSI: -82 [da:38:da:e9:04:3a]
RSSI: -78 [da:3e:7d:f1:0c:ec]
RSSI: -83 [da:3e:7d:f1:0c:ec]
RSSI: -81 [da:3e:7d:fe:0d:0c]
RSSI: -83 [da:3e:7d:fe:0d:0c]
RSSI: -85 [da:38:db:13:04:aa]
RSSI: -85 [da:38:db:21:04:da]
RSSI: -87 [da:3e:7e:0c:0d:3c]
RSSI: -87 [da:3e:7e:19:0d:6c]
RSSI: -85 [da:38:db:2e:04:fa]
RSSI: -87 [da:3e:7e:26:0d:8c]
RSSI: -83 [da:38:db:3c:05:2a]
RSSI: -84 [da:38:db:3c:05:2a]
RSSI: -85 [da:3e:7e:34:0d:bc]
RSSI: -82 [da:38:db:4b:05:4a]
RSSI: -80 [da:38:db:4b:05:4a]
RSSI: -87 [da:3e:7e:41:0d:dc]
RSSI: -81 [da:38:db:57:05:7a]
RSSI: -78 [da:38:db:57:05:7a]
RSSI: -84 [da:3e:7e:4e:0e:0c]
RSSI: -79 [da:38:db:66:05:9a]
RSSI: -77 [da:38:db:66:05:9a]
RSSI: -77 [da:3e:7e:5c:0e:3c]
RSSI: -75 [da:38:db:74:05:ca]
RSSI: -82 [da:3e:7e:69:0e:5c]
RSSI: -76 [da:38:db:81:05:ea]
RSSI: -74 [da:38:db:81:05:ea]
RSSI: -79 [da:3e:7e:76:0e:8c]
RSSI: -76 [da:38:db:90:06:1a]
RSSI: -75 [da:38:db:90:06:1a]
RSSI: -88 [da:3e:7e:84:0e:bc]
RSSI: -72 [da:38:db:9e:06:3a]
RSSI: -78 [da:3e:7e:91:0e:dc]
RSSI: -75 [da:38:db:9e:06:3a]
RSSI: -78 [da:3e:7e:91:0e:dc]
RSSI: -72 [da:38:db:ab:06:6a]
RSSI: -80 [da:3e:7e:9e:0f:0c]
RSSI: -79 [da:3e:7e:9e:0f:0c]
RSSI: -77 [da:3e:7e:ac:0f:3c]
RSSI: -74 [da:38:db:b9:06:8a]
RSSI: -77 [da:3e:7e:ac:0f:3c]
RSSI: -79 [da:3e:7e:ac:0f:3c]
RSSI: -80 [da:3e:7e:b8:0f:5c]
RSSI: -80 [da:3e:7e:b8:0f:5c]
RSSI: -79 [da:3e:7e:b8:0f:5c]
RSSI: -79 [da:3e:7e:b8:0f:5c]
RSSI: -71 [da:38:db:d5:06:da]
RSSI: -83 [da:3e:7e:c6:0f:8c]
RSSI: -81 [da:3e:7e:c6:0f:8c]
RSSI: -81 [da:3e:7e:c6:0f:8c]
RSSI: -79 [da:3e:7e:d4:0f:bc]
RSSI: -73 [da:38:db:e3:07:0a]
RSSI: -83 [da:3e:7e:d4:0f:bc]
RSSI: -70 [da:38:db:e3:07:0a]
RSSI: -74 [da:38:db:f2:07:2a]
RSSI: -78 [da:3e:7e:e0:0f:dc]
RSSI: -72 [da:38:db:f2:07:2a]
RSSI: -76 [da:3e:7e:e0:0f:dc]
RSSI: -75 [da:3e:7e:ee:10:0c]
RSSI: -73 [da:38:db:fe:07:5a]
RSSI: -70 [da:38:dc:0d:07:7a]
RSSI: -70 [da:38:dc:0d:07:7a]
RSSI: -73 [da:38:dc:0d:07:7a]
RSSI: -77 [da:3e:7f:08:10:5c]
RSSI: -72 [da:38:dc:1c:07:aa]
RSSI: -73 [da:38:dc:28:07:ca]
RSSI: -76 [da:3e:7f:16:10:8c]
RSSI: -74 [da:38:dc:28:07:ca]
RSSI: -76 [da:3e:7f:16:10:8c]
RSSI: -73 [da:38:dc:28:07:ca]
RSSI: -77 [da:3e:7f:24:10:ac]
RSSI: -75 [da:38:dc:37:07:fa]
RSSI: -74 [da:38:dc:45:08:1a]
RSSI: -73 [da:38:dc:45:08:1a]
RSSI: -83 [da:3e:7f:3e:11:0c]
RSSI: -76 [da:38:dc:52:08:4a]
RSSI: -85 [da:3e:7f:3e:11:0c]
RSSI: -87 [da:3e:7f:4c:11:2c]
RSSI: -75 [da:3e:7f:4c:11:2c]
RSSI: -79 [da:38:dc:61:08:6a]
RSSI: -79 [da:38:dc:6f:08:9a]
RSSI: -75 [da:3e:7f:59:11:5c]
RSSI: -82 [da:38:dc:6f:08:9a]
RSSI: -70 [da:3e:7f:66:11:7c]
RSSI: -68 [da:3e:7f:66:11:7c]
RSSI: -79 [da:38:dc:7c:08:ba]
RSSI: -67 [da:3e:7f:74:11:ac]
RSSI: -82 [da:38:dc:8a:08:ea]
RSSI: -67 [da:3e:7f:74:11:ac]
RSSI: -81 [da:38:dc:8a:08:ea]
RSSI: -64 [da:3e:7f:81:11:dc]
RSSI: -64 [da:3e:7f:81:11:dc]
RSSI: -80 [da:38:dc:99:09:1a]
RSSI: -62 [da:3e:7f:8f:11:fc]
RSSI: -62 [da:3e:7f:8f:11:fc]
RSSI: -76 [da:38:dc:a6:09:3a]
RSSI: -63 [da:3e:7f:9c:12:2c]
RSSI: -80 [da:38:dc:b4:09:5a]
RSSI: -80 [da:38:dc:b4:09:5a]
RSSI: -77 [da:38:dc:b4:09:5a]
RSSI: -60 [da:3e:7f:a9:12:4c]
RSSI: -82 [da:38:dc:c3:09:8a]
RSSI: -81 [da:38:dc:c3:09:8a]
RSSI: -80 [da:38:dc:cf:09:aa]
RSSI: -62 [da:3e:7f:c4:12:ac]
RSSI: -85 [da:38:dc:cf:09:aa]
RSSI: -59 [da:3e:7f:c4:12:ac]
RSSI: -62 [da:3e:7f:d1:12:cc]
RSSI: -59 [da:3e:7f:df:12:fc]
RSSI: -88 [da:38:dc:ed:0a:0a]
RSSI: -60 [da:3e:7f:df:12:fc]
RSSI: -61 [da:3e:7f:ec:13:2c]
RSSI: -89 [da:38:dc:f9:0a:2a]
RSSI: -59 [da:3e:7f:ec:13:2c]
RSSI: -83 [da:38:dd:08:0a:5a]
RSSI: -60 [da:3e:7f:f9:13:4c]
RSSI: -62 [da:3e:7f:f9:13:4c]
RSSI: -86 [da:38:dd:17:0a:7a]
RSSI: -61 [da:3e:80:07:13:7c]
RSSI: -62 [da:3e:80:14:13:ac]
RSSI: -61 [da:3e:80:14:13:ac]
RSSI: -65 [da:3e:80:21:13:cc]
RSSI: -66 [da:3e:80:2f:13:fc]
RSSI: -96 [da:3b:e6:40:14:4e]
RSSI: -66 [da:3e:80:3d:14:1c]
RSSI: -72 [da:3e:80:49:14:4c]
RSSI: -73 [da:3e:80:49:14:4c]
RSSI: -79 [da:3e:80:57:14:7c]
RSSI: -84 [da:3e:80:57:14:7c]
RSSI: -86 [da:3e:80:65:14:9c]
RSSI: -78 [da:3e:80:71:14:cc]
RSSI: -75 [da:3e:80:71:14:cc]
RSSI: -72 [da:3e:80:7f:14:ec]
RSSI: -74 [da:3e:80:7f:14:ec]
RSSI: -72 [da:3e:80:8d:15:1c]
RSSI: -70 [da:3e:80:8d:15:1c]
RSSI: -72 [da:3e:80:99:15:4c]
RSSI: -71 [da:3e:80:99:15:4c]
RSSI: -88 [da:38:dd:be:0c:6a]
RSSI: -74 [da:3e:80:b5:15:9c]
RSSI: -74 [da:3e:80:b5:15:9c]
RSSI: -78 [da:3e:80:c2:15:cc]
RSSI: -78 [da:3e:80:c2:15:cc]
RSSI: -79 [da:3e:80:cf:15:ec]
RSSI: -79 [da:3e:80:cf:15:ec]
RSSI: -80 [da:3e:80:cf:15:ec]
RSSI: -75 [da:3e:80:dd:16:1c]
RSSI: -86 [da:38:dd:f5:0d:0a]
RSSI: -78 [da:3e:80:ea:16:4c]
RSSI: -85 [da:38:de:04:0d:2a]
RSSI: -78 [da:3e:80:f8:16:6c]
RSSI: -77 [da:3e:80:f8:16:6c]
RSSI: -84 [da:38:de:12:0d:5a]
RSSI: -75 [da:3e:81:05:00:2c]
RSSI: -85 [da:38:de:12:0d:5a]
RSSI: -78 [da:3e:81:05:00:2c]
RSSI: -84 [da:38:de:1f:0d:7a]
RSSI: -78 [da:3e:81:12:00:5c]
RSSI: -77 [da:3e:81:12:00:5c]
RSSI: -79 [da:3e:81:20:00:7c]
RSSI: -86 [da:38:de:2e:0d:aa]
RSSI: -79 [da:3e:81:20:00:7c]
RSSI: -85 [da:38:de:2e:0d:aa]
RSSI: -85 [da:38:de:3c:0d:da]
RSSI: -78 [da:3e:81:2e:00:ac]
RSSI: -80 [da:3e:81:2e:00:ac]
RSSI: -88 [da:38:de:3c:0d:da]
RSSI: -80 [da:3e:81:2e:00:ac]
RSSI: -77 [da:3e:81:3a:00:dc]
RSSI: -83 [da:38:de:49:0d:fa]
RSSI: -77 [da:3e:81:3a:00:dc]
RSSI: -78 [da:3e:81:48:00:fc]
RSSI: -85 [da:38:de:58:0e:2a]
RSSI: -78 [da:3e:81:48:00:fc]
RSSI: -79 [da:3e:81:56:01:2c]
RSSI: -78 [da:3e:81:62:01:4c]
RSSI: -83 [da:38:de:73:0e:7a]
RSSI: -85 [da:38:de:82:0e:9a]
RSSI: -79 [da:3e:81:70:01:7c]
RSSI: -77 [da:3e:81:7e:01:ac]
RSSI: -87 [da:38:de:90:0e:ca]
RSSI: -75 [da:3e:81:8b:01:cc]
RSSI: -80 [da:3e:81:8b:01:cc]
RSSI: -78 [da:3e:81:99:01:fc]
RSSI: -76 [da:3e:81:99:01:fc]
RSSI: -86 [da:38:de:ac:0f:1a]
RSSI: -81 [da:3e:81:a6:02:2c]
RSSI: -81 [da:3e:81:a6:02:2c]
RSSI: -80 [da:3e:81:a6:02:2c]
RSSI: -89 [da:38:de:ba:0f:3a]
RSSI: -95 [da:36:fa:af:00:2b]
RSSI: -80 [da:3e:81:a6:02:2c]
RSSI: -84 [da:3e:81:b3:02:4c]
RSSI: -90 [da:38:de:c7:0f:6a]
RSSI: -85 [da:3e:81:b3:02:4c]
RSSI: -78 [da:3e:81:c1:02:7c]
RSSI: -85 [da:38:de:d6:0f:8a]
RSSI: -78 [da:3e:81:c1:02:7c]
RSSI: -80 [da:3e:81:cf:02:ac]
RSSI: -87 [da:38:de:e4:0f:ba]
RSSI: -85 [da:3e:81:db:02:cc]
RSSI: -79 [da:3e:81:e9:02:fc]
RSSI: -81 [da:3e:81:f7:03:2c]
RSSI: -90 [da:38:df:0e:10:3a]
RSSI: -84 [da:3e:82:04:03:4c]
RSSI: -84 [da:3e:82:04:03:4c]
RSSI: -89 [da:36:fb:19:01:6b]
RSSI: -88 [da:3e:82:11:03:7c]
RSSI: -88 [da:36:fb:19:01:6b]
RSSI: -85 [da:3e:82:1f:03:ac]
RSSI: -89 [da:36:fb:26:01:8b]
RSSI: -82 [da:3e:82:1f:03:ac]
RSSI: -80 [da:3e:82:2c:03:cc]
RSSI: -88 [da:36:fb:34:01:bb]
RSSI: -84 [da:3e:82:3a:03:fc]
RSSI: -87 [da:36:fb:4e:01:fb]
RSSI: -79 [da:3e:82:48:04:1c]
RSSI: -81 [da:3e:82:48:04:1c]
RSSI: -86 [da:36:fb:5b:02:2b]
RSSI: -86 [da:3e:82:54:04:4c]
RSSI: -86 [da:36:fb:5b:02:2b]
RSSI: -83 [da:3e:82:54:04:4c]
RSSI: -85 [da:36:fb:69:02:4b]
RSSI: -90 [da:38:df:7e:11:7a]
RSSI: -83 [da:3e:82:70:04:9c]
RSSI: -87 [da:36:fb:83:02:9b]
RSSI: -85 [da:3e:82:8a:04:ec]
RSSI: -82 [da:3e:82:98:05:1c]
RSSI: -85 [da:3e:82:98:05:1c]
RSSI: -87 [da:38:df:b7:12:1a]
RSSI: -87 [da:3e:82:b3:05:6c]
RSSI: -87 [da:36:fb:c5:03:6b]
RSSI: -88 [da:3e:82:cd:05:bc]
RSSI: -90 [da:3e:82:db:05:ec]
RSSI: -89 [da:36:fb:e0:03:bb]
RSSI: -87 [da:36:fb:ec:03:db]
RSSI: -89 [da:36:fc:14:04:5b]
RSSI: -87 [da:3e:83:11:06:9c]
RSSI: -83 [da:3e:83:11:06:9c]
RSSI: -81 [da:3e:83:1e:06:bc]
RSSI: -81 [da:3e:83:2c:06:ec]
RSSI: -77 [da:3e:83:2c:06:ec]
RSSI: -79 [da:3e:83:3a:07:1c]
RSSI: -78 [da:3e:83:3a:07:1c]
RSSI: -81 [da:3e:83:62:07:9c]
RSSI: -76 [da:3e:83:62:07:9c]
RSSI: -80 [da:3e:83:6f:07:bc]
RSSI: -80 [da:3e:83:6f:07:bc]
RSSI: -75 [da:3e:83:7d:07:ec]
RSSI: -87 [da:38:e0:91:14:8a]
RSSI: -76 [da:3e:83:7d:07:ec]
RSSI: -81 [da:3e:83:7d:07:ec]
RSSI: -75 [da:3e:83:8b:08:1c]
RSSI: -87 [da:38:e0:9d:14:ba]
RSSI: -90 [da:38:e0:9d:14:ba]
RSSI: -84 [da:3e:83:97:08:3c]
RSSI: -77 [da:3e:83:97:08:3c]
RSSI: -76 [da:3e:83:a5:08:6c]
RSSI: -87 [da:3e:83:a5:08:6c]
RSSI: -79 [da:3e:83:b3:08:9c]
RSSI: -75 [da:3e:83:b3:08:9c]
RSSI: -89 [da:38:e0:d6:15:5a]
RSSI: -85 [da:3e:83:ce:08:ec]
RSSI: -74 [da:3e:83:dc:09:1c]
RSSI: -77 [da:3e:83:e8:09:3c]
RSSI: -92 [da:38:e1:01:15:ca]
RSSI: -83 [da:3e:83:f6:09:6c]
RSSI: -77 [da:3e:83:f6:09:6c]
RSSI: -74 [da:3e:84:04:09:9c]
RSSI: -74 [da:3e:84:04:09:9c]
RSSI: -77 [da:3e:84:11:09:cc]
RSSI: -75 [da:3e:84:11:09:cc]
RSSI: -79 [da:3e:84:1f:09:ec]
RSSI: -91 [da:38:e1:2b:16:4a]
RSSI: -74 [da:3e:84:1f:09:ec]
RSSI: -73 [da:3e:84:1f:09:ec]
RSSI: -92 [da:38:e1:3a:00:2a]
RSSI: -74 [da:3e:84:2d:0a:1c]
RSSI: -92 [da:36:fd:39:07:bb]
RSSI: -76 [da:3e:84:2d:0a:1c]
RSSI: -72 [da:3e:84:39:0a:4c]
RSSI: -72 [da:3e:84:39:0a:4c]
RSSI: -75 [da:3e:84:48:0a:6c]
RSSI: -71 [da:3e:84:48:0a:6c]
RSSI: -74 [da:3e:84:55:0a:9c]
RSSI: -69 [da:3e:84:62:0a:cc]
RSSI: -74 [da:3e:84:70:0a:ec]
RSSI: -75 [da:3e:84:7e:0b:1c]
RSSI: -73 [da:3e:84:7e:0b:1c]
RSSI: -72 [da:3e:84:8b:0b:4c]
RSSI: -73 [da:3e:84:8b:0b:4c]
RSSI: -73 [da:3e:84:99:0b:7c]
RSSI: -86 [da:38:e1:aa:01:6a]
RSSI: -84 [da:38:e1:aa:01:6a]
RSSI: -71 [da:3e:84:99:0b:7c]
RSSI: -84 [da:38:e1:aa:01:6a]
RSSI: -72 [da:3e:84:a7:0b:9c]
RSSI: -86 [da:38:e1:b9:01:9a]
RSSI: -71 [da:3e:84:a7:0b:9c]
RSSI: -86 [da:38:e1:b9:01:9a]
RSSI: -71 [da:3e:84:a7:0b:9c]
RSSI: -86 [da:38:e1:c5:01:ba]
RSSI: -73 [da:3e:84:b3:0b:cc]
RSSI: -86 [da:38:e1:c5:01:ba]
RSSI: -70 [da:3e:84:c1:0b:fc]
RSSI: -85 [da:38:e1:d4:01:ea]
RSSI: -85 [da:38:e1:d4:01:ea]
RSSI: -76 [da:3e:84:cf:0c:1c]
RSSI: -83 [da:38:e1:e3:02:0a]
RSSI: -74 [da:3e:84:cf:0c:1c]
RSSI: -84 [da:38:e1:e3:02:0a]
RSSI: -84 [da:38:e1:e3:02:0a]
RSSI: -79 [da:3e:84:dc:0c:4c]
RSSI: -83 [da:38:e1:f0:02:3a]
RSSI: -80 [da:3e:84:dc:0c:4c]
RSSI: -83 [da:38:e1:f0:02:3a]
RSSI: -77 [da:3e:84:ea:0c:7c]
RSSI: -79 [da:3e:84:ea:0c:7c]
RSSI: -77 [da:3e:84:f8:0c:9c]
RSSI: -82 [da:38:e2:0e:02:8a]
RSSI: -75 [da:3e:85:04:0c:cc]
RSSI: -85 [da:38:e2:1a:02:aa]
RSSI: -85 [da:38:e2:1a:02:aa]
RSSI: -75 [da:3e:85:12:0c:fc]
RSSI: -74 [da:3e:85:12:0c:fc]
RSSI: -86 [da:38:e2:29:02:da]
RSSI: -78 [da:3e:85:20:0d:1c]
RSSI: -75 [da:3e:85:20:0d:1c]
RSSI: -83 [da:38:e2:38:02:fa]
RSSI: -79 [da:3e:85:2d:0d:4c]
RSSI: -86 [da:38:e2:38:02:fa]
RSSI: -81 [da:3e:85:2d:0d:4c]
RSSI: -82 [da:38:e2:45:03:2a]
RSSI: -84 [da:3e:85:3b:0d:7c]
RSSI: -84 [da:38:e2:54:03:4a]
RSSI: -83 [da:38:e2:62:03:7a]
RSSI: -82 [da:38:e2:62:03:7a]
RSSI: -83 [da:3e:85:56:0d:cc]
RSSI: -81 [da:38:e2:6f:03:9a]
RSSI: -85 [da:3e:85:64:0d:fc]
RSSI: -82 [da:38:e2:6f:03:9a]
RSSI: -83 [da:3e:85:72:0e:1c]
RSSI: -83 [da:3e:85:72:0e:1c]
RSSI: -81 [da:38:e2:8d:03:ea]
RSSI: -85 [da:3e:85:7e:0e:4c]
RSSI: -81 [da:38:e2:8d:03:ea]
RSSI: -81 [da:38:e2:99:04:1a]
RSSI: -81 [da:38:e2:99:04:1a]
RSSI: -80 [da:38:e2:a8:04:3a]
RSSI: -80 [da:3e:85:9a:0e:ac]
RSSI: -82 [da:38:e2:a8:04:3a]
RSSI: -81 [da:38:e2:b7:04:6a]
RSSI: -77 [da:3e:85:a7:0e:cc]
RSSI: -81 [da:38:e2:b7:04:6a]
RSSI: -77 [da:3e:85:a7:0e:cc]
RSSI: -83 [da:38:e2:c4:04:8a]
RSSI: -76 [da:3e:85:b5:0e:fc]
RSSI: -83 [da:38:e2:c4:04:8a]
RSSI: -83 [da:38:e2:d3:04:ba]
RSSI: -76 [da:3e:85:c3:0f:2c]
RSSI: -82 [da:38:e2:d3:04:ba]
RSSI: -76 [da:3e:85:d0:0f:4c]
RSSI: -81 [da:38:e2:e2:04:ea]
RSSI: -76 [da:3e:85:d0:0f:4c]
RSSI: -82 [da:38:e2:ee:05:0a]
RSSI: -76 [da:3e:85:de:0f:7c]
RSSI: -78 [da:3e:85:de:0f:7c]
RSSI: -79 [da:38:e2:ee:05:0a]
RSSI: -80 [da:3e:85:ec:0f:9c]
RSSI: -77 [da:3e:85:ec:0f:9c]
RSSI: -83 [da:3e:85:f8:0f:cc]
RSSI: -77 [da:38:e3:0c:05:5a]
RSSI: -77 [da:3e:85:f8:0f:cc]
RSSI: -76 [da:3e:86:06:0f:fc]
RSSI: -74 [da:38:e3:19:05:8a]
RSSI: -74 [da:3e:86:14:10:2c]
RSSI: -75 [da:38:e3:28:05:aa]
RSSI: -73 [da:3e:86:14:10:2c]
RSSI: -73 [da:38:e3:28:05:aa]
RSSI: -73 [da:3e:86:21:10:4c]
RSSI: -73 [da:38:e3:37:05:da]
RSSI: -73 [da:38:e3:37:05:da]
RSSI: -72 [da:3e:86:2f:10:7c]
RSSI: -73 [da:38:e3:43:05:fa]
RSSI: -74 [da:3e:86:3d:10:ac]
RSSI: -70 [da:38:e3:52:06:2a]
RSSI: -71 [da:38:e3:61:06:4a]
RSSI: -84 [da:3e:86:5d:11:0c]
RSSI: -71 [da:38:e3:6e:06:7a]
RSSI: -86 [da:3e:86:5d:11:0c]
RSSI: -71 [da:38:e3:6e:06:7a]
RSSI: -71 [da:38:e3:7d:06:9a]
RSSI: -75 [da:3e:86:6d:11:3c]
RSSI: -70 [da:38:e3:8c:06:ca]
RSSI: -76 [da:3e:86:7a:11:6c]
RSSI: -68 [da:38:e3:8c:06:ca]
RSSI: -74 [da:3e:86:7a:11:6c]
RSSI: -67 [da:3e:86:88:11:8c]
RSSI: -69 [da:38:e3:a7:07:1a]
RSSI: -63 [da:3e:86:a3:11:ec]
RSSI: -67 [da:38:e3:b6:07:4a]
RSSI: -63 [da:3e:86:a3:11:ec]
RSSI: -70 [da:38:e3:b6:07:4a]
RSSI: -61 [da:3e:86:b1:12:1c]
RSSI: -70 [da:38:e3:c3:07:6a]
RSSI: -60 [da:3e:86:b1:12:1c]
RSSI: -68 [da:38:e3:c3:07:6a]
RSSI: -62 [da:3e:86:bf:12:3c]
RSSI: -70 [da:38:e3:d2:07:9a]
RSSI: -59 [da:3e:86:bf:12:3c]
RSSI: -58 [da:3e:86:cc:12:6c]
RSSI: -61 [da:3e:86:cc:12:6c]
RSSI: -58 [da:3e:86:da:12:9c]
RSSI: -70 [da:38:e3:ee:07:ea]
RSSI: -57 [da:3e:86:da:12:9c]
RSSI: -72 [da:38:e3:ee:07:ea]
RSSI: -60 [da:3e:86:e8:12:bc]
RSSI: -57 [da:3e:86:e8:12:bc]
RSSI: -73 [da:38:e3:fd:08:0a]
RSSI: -72 [da:38:e3:fd:08:0a]
RSSI: -75 [da:38:e4:0b:08:3a]
RSSI: -59 [da:3e:86:f4:12:ec]
RSSI: -76 [da:38:e4:0b:08:3a]
RSSI: -57 [da:3e:87:03:13:1c]
RSSI: -79 [da:38:e4:18:08:5a]
RSSI: -57 [da:3e:87:11:13:3c]
RSSI: -78 [da:38:e4:27:08:8a]
RSSI: -81 [da:38:e4:27:08:8a]
RSSI: -59 [da:3e:87:1d:13:6c]
RSSI: -58 [da:3e:87:1d:13:6c]
RSSI: -81 [da:38:e4:36:08:ba]
RSSI: -58 [da:3e:87:2b:13:9c]
RSSI: -81 [da:38:e4:43:08:da]
RSSI: -60 [da:3e:87:2b:13:9c]
RSSI: -59 [da:3e:87:39:13:bc]
RSSI: -62 [da:3e:87:46:13:ec]
RSSI: -80 [da:38:e4:52:09:0a]
RSSI: -61 [da:3e:87:46:13:ec]
RSSI: -75 [da:38:e4:61:09:3a]
RSSI: -64 [da:3e:87:54:14:1c]
RSSI: -78 [da:38:e4:6d:09:5a]
RSSI: -65 [da:3e:87:62:14:3c]
RSSI: -81 [da:38:e4:7c:09:7a]
RSSI: -81 [da:38:e4:7c:09:7a]
RSSI: -79 [da:38:e4:8b:09:aa]
RSSI: -73 [da:3e:87:7d:14:9c]
RSSI: -83 [da:38:e4:8b:09:aa]
RSSI: -77 [da:3e:87:7d:14:9c]
RSSI: -89 [da:3e:87:8b:14:bc]
RSSI: -80 [da:3e:87:98:14:ec]
RSSI: -86 [da:38:e4:a7:09:fa]
RSSI: -71 [da:3e:87:98:14:ec]
RSSI: -74 [da:3e:87:a6:15:1c]
RSSI: -72 [da:3e:87:a6:15:1c]
RSSI: -68 [da:3e:87:c1:15:6c]
RSSI: -84 [da:38:e4:e1:0a:aa]
RSSI: -70 [da:3e:87:cf:15:9c]
RSSI: -71 [da:3e:87:dd:15:bc]
RSSI: -88 [da:38:e4:ed:0a:ca]
RSSI: -72 [da:3e:87:dd:15:bc]
RSSI: -73 [da:3e:87:ea:15:ec]
RSSI: -75 [da:3e:87:ea:15:ec]
RSSI: -76 [da:3e:87:f8:16:1c]
RSSI: -75 [da:3e:87:f8:16:1c]
RSSI: -78 [da:3e:88:06:16:3c]
RSSI: -77 [da:3e:88:06:16:3c]
RSSI: -76 [da:3e:88:13:16:6c]
RSSI: -76 [da:3e:88:13:16:6c]
RSSI: -72 [da:3e:88:21:00:0c]
RSSI: -76 [da:3e:88:2f:00:2c]
RSSI: -74 [da:3e:88:2f:00:2c]
RSSI: -88 [da:38:e5:43:0b:ba]
RSSI: -78 [da:3e:88:3c:00:5c]
RSSI: -78 [da:3e:88:3c:00:5c]
RSSI: -90 [da:38:e5:52:0b:ea]
RSSI: -76 [da:3e:88:4a:00:7c]
RSSI: -78 [da:3e:88:4a:00:7c]
RSSI: -89 [da:38:e5:61:0c:1a]
RSSI: -76 [da:3e:88:64:00:dc]
RSSI: -77 [da:3e:88:64:00:dc]
RSSI: -75 [da:3e:88:73:00:fc]
RSSI: -91 [da:38:e5:8b:0c:8a]
RSSI: -97 [da:37:01:81:14:9b]
RSSI: -76 [da:3e:88:73:00:fc]
RSSI: -75 [da:3e:88:81:01:2c]
RSSI: -76 [da:3e:88:81:01:2c]
RSSI: -75 [da:3e:88:8d:01:5c]
RSSI: -75 [da:3e:88:8d:01:5c]
RSSI: -87 [da:38:e5:a7:0c:ea]
RSSI: -77 [da:3e:88:9c:01:8c]
RSSI: -76 [da:3e:88:9c:01:8c]
RSSI: -85 [da:38:e5:b6:0d:0a]
RSSI: -73 [da:3e:88:aa:01:ac]
RSSI: -83 [da:38:e5:c3:0d:3a]
RSSI: -84 [da:38:e5:c3:0d:3a]
RSSI: -73 [da:3e:88:b6:01:dc]
RSSI: -75 [da:3e:88:c5:02:0c]
RSSI: -74 [da:3e:88:c5:02:0c]
RSSI: -78 [da:3e:88:d3:02:3c]
RSSI: -88 [da:38:e5:ee:0d:aa]
RSSI: -77 [da:3e:88:df:02:5c]
RSSI: -86 [da:38:e5:ee:0d:aa]
RSSI: -75 [da:3e:88:df:02:5c]
RSSI: -86 [da:38:e5:fd:0d:da]
RSSI: -80 [da:3e:88:ee:02:8c]
RSSI: -79 [da:3e:88:fc:02:bc]
RSSI: -86 [da:38:e6:0c:0e:0a]
RSSI: -83 [da:38:e6:18:0e:2a]
RSSI: -76 [da:3e:89:08:02:dc]
RSSI: -96 [da:37:02:14:16:4b]
RSSI: -85 [da:38:e6:27:0e:5a]
RSSI: -91 [da:37:02:22:16:7b]
RSSI: -77 [da:3e:89:17:03:0c]
RSSI: -80 [da:3e:89:25:03:3c]
RSSI: -79 [da:3e:89:25:03:3c]
RSSI: -83 [da:3e:89:31:03:5c]
RSSI: -86 [da:38:e6:43:0e:aa]
RSSI: -82 [da:3e:89:40:03:8c]
RSSI: -86 [da:38:e6:52:0e:da]
RSSI: -81 [da:3e:89:40:03:8c]
RSSI: -86 [da:3e:89:4e:03:bc]
RSSI: -78 [da:3e:89:4e:03:bc]
RSSI: -80 [da:3e:89:5a:03:dc]
RSSI: -88 [da:38:e6:6e:0f:2a]
RSSI: -78 [da:3e:89:69:04:0c]
RSSI: -78 [da:3e:89:77:04:3c]
RSSI: -90 [da:38:e6:8c:0f:7a]
RSSI: -93 [da:37:02:80:00:eb]
RSSI: -85 [da:3e:89:84:04:5c]
RSSI: -81 [da:3e:89:84:04:5c]
RSSI: -81 [da:3e:89:92:04:8c]
RSSI: -89 [da:3e:89:92:04:8c]
RSSI: -81 [da:3e:89:a0:04:bc]
RSSI: -78 [da:3e:89:a0:04:bc]
RSSI: -90 [da:38:e6:b7:0f:fa]
RSSI: -87 [da:37:02:a8:01:6b]
RSSI: -90 [da:38:e6:b7:0f:fa]
RSSI: -82 [da:3e:89:ad:04:dc]
RSSI: -89 [da:37:02:b6:01:8b]
RSSI: -77 [da:3e:89:ad:04:dc]
RSSI: -81 [da:3e:89:bb:05:0c]
RSSI: -80 [da:3e:89:c9:05:3c]
RSSI: -85 [da:37:02:d1:01:db]
RSSI: -93 [da:38:e6:ee:10:9a]
RSSI: -86 [da:37:02:ec:02:3b]
RSSI: -88 [da:3e:89:e4:05:8c]
RSSI: -84 [da:37:02:ec:02:3b]
RSSI: -82 [da:3e:89:e4:05:8c]
RSSI: -82 [da:37:02:f9:02:5b]
RSSI: -85 [da:37:02:f9:02:5b]
RSSI: -84 [da:37:03:07:02:7b]
RSSI: -89 [da:3e:89:ff:05:ec]
RSSI: -83 [da:37:03:07:02:7b]
RSSI: -85 [da:37:03:15:02:ab]
RSSI: -86 [da:37:03:15:02:ab]
RSSI: -84 [da:37:03:15:02:ab]
RSSI: -83 [da:37:03:21:02:cb]
RSSI: -88 [da:3e:8a:1b:06:3c]
RSSI: -83 [da:37:03:2f:02:fb]
RSSI: -80 [da:3e:8a:28:06:6c]
RSSI: -83 [da:37:03:2f:02:fb]
RSSI: -85 [da:37:03:3d:03:2b]
RSSI: -86 [da:37:03:3d:03:2b]
RSSI: -91 [da:3e:8a:44:06:bc]
RSSI: -86 [da:37:03:4a:03:4b]
RSSI: -83 [da:3e:8a:44:06:bc]
RSSI: -90 [da:38:e7:63:11:ea]
RSSI: -79 [da:3e:8a:51:06:ec]
RSSI: -85 [da:37:03:58:03:6b]
RSSI: -79 [da:3e:8a:5f:07:1c]
RSSI: -77 [da:3e:8a:5f:07:1c]
RSSI: -81 [da:3e:8a:6e:07:3c]
RSSI: -85 [da:37:03:72:03:bb]
RSSI: -77 [da:3e:8a:6e:07:3c]
RSSI: -88 [da:37:03:72:03:bb]
RSSI: -87 [da:37:03:81:03:eb]
RSSI: -79 [da:3e:8a:7a:07:6c]
RSSI: -89 [da:37:03:8e:04:1b]
RSSI: -74 [da:3e:8a:89:07:9c]
RSSI: -88 [da:37:03:9b:04:3b]
RSSI: -73 [da:3e:8a:97:07:cc]
RSSI: -78 [da:3e:8a:a4:07:ec]
RSSI: -73 [da:3e:8a:a4:07:ec]
RSSI: -73 [da:3e:8a:b2:08:1c]
RSSI: -80 [da:3e:8a:b2:08:1c]
RSSI: -74 [da:3e:8a:c0:08:4c]
RSSI: -72 [da:3e:8a:c0:08:4c]
RSSI: -83 [da:3e:8a:cd:08:6c]
RSSI: -74 [da:3e:8a:cd:08:6c]
RSSI: -74 [da:3e:8a:e9:08:cc]
RSSI: -77 [da:3e:8a:f6:08:ec]
RSSI: -81 [da:3e:8b:04:09:1c]
RSSI: -80 [da:3e:8b:04:09:1c]
RSSI: -74 [da:3e:8b:13:09:4c]
RSSI: -79 [da:3e:8b:13:09:4c]
RSSI: -80 [da:3e:8b:1f:09:6c]
RSSI: -73 [da:3e:8b:1f:09:6c]
RSSI: -80 [da:3e:8b:2e:09:9c]
RSSI: -80 [da:3e:8b:2e:09:9c]
RSSI: -80 [da:3e:8b:3c:09:cc]
RSSI: -74 [da:3e:8b:49:09:fc]
RSSI: -74 [da:3e:8b:57:0a:1c]
RSSI: -74 [da:3e:8b:57:0a:1c]
RSSI: -74 [da:3e:8b:65:0a:4c]
RSSI: -72 [da:3e:8b:65:0a:4c]
RSSI: -70 [da:3e:8b:72:0a:7c]
RSSI: -72 [da:3e:8b:72:0a:7c]
RSSI: -68 [da:3e:8b:80:0a:ac]
RSSI: -69 [da:3e:8b:80:0a:ac]
RSSI: -72 [da:3e:8b:8e:0a:cc]
RSSI: -69 [da:3e:8b:8e:0a:cc]
RSSI: -72 [da:3e:8b:9b:0a:fc]
RSSI: -71 [da:3e:8b:a9:0b:2c]
RSSI: -72 [da:3e:8b:a9:0b:2c]
RSSI: -71 [da:3e:8b:b8:0b:4c]
RSSI: -71 [da:3e:8b:c4:0b:7c]
RSSI: -71 [da:3e:8b:c4:0b:7c]
RSSI: -71 [da:3e:8b:c4:0b:7c]
RSSI: -71 [da:3e:8b:e1:0b:dc]
RSSI: -72 [da:3e:8b:ee:0b:fc]
RSSI: -72 [da:3e:8b:ee:0b:fc]
RSSI: -72 [da:3e:8b:ee:0b:fc]
RSSI: -75 [da:3e:8b:fc:0c:2c]
RSSI: -73 [da:3e:8b:fc:0c:2c]
RSSI: -73 [da:3e:8c:0a:0c:5c]
RSSI: -75 [da:3e:8c:17:0c:7c]
RSSI: -73 [da:3e:8c:17:0c:7c]
RSSI: -76 [da:3e:8c:25:0c:ac]
RSSI: -74 [da:3e:8c:25:0c:ac]
RSSI: -87 [da:38:e9:3c:00:fa]
RSSI: -72 [da:3e:8c:34:0c:dc]
RSSI: -76 [da:3e:8c:34:0c:dc]
RSSI: -88 [da:38:e9:48:01:1a]
RSSI: -88 [da:38:e9:48:01:1a]
RSSI: -86 [da:38:e9:58:01:4a]
RSSI: -80 [da:3e:8c:5d:0d:5c]
RSSI: -80 [da:3e:8c:5d:0d:5c]
RSSI: -80 [da:3e:8c:6a:0d:8c]
RSSI: -80 [da:3e:8c:78:0d:bc]
RSSI: -88 [da:3e:8c:78:0d:bc]
RSSI: -82 [da:3e:8c:86:0d:ec]
RSSI: -84 [da:38:e9:92:01:fa]
RSSI: -78 [da:3e:8c:86:0d:ec]
RSSI: -78 [da:3e:8c:86:0d:ec]
RSSI: -83 [da:38:e9:9f:02:1a]
RSSI: -84 [da:3e:8c:93:0e:0c]
RSSI: -87 [da:38:e9:ae:02:4a]
RSSI: -83 [da:38:e9:ae:02:4a]
RSSI: -80 [da:3e:8c:a2:0e:3c]
RSSI: -87 [da:38:e9:bd:02:6a]
RSSI: -79 [da:3e:8c:b0:0e:6c]
RSSI: -88 [da:38:e9:ca:02:9a]
RSSI: -79 [da:3e:8c:bc:0e:8c]
RSSI: -80 [da:3e:8c:cb:0e:bc]
RSSI: -86 [da:38:e9:d9:02:ba]
RSSI: -90 [da:3b:f2:e2:0b:7e]
RSSI: -81 [da:3e:8c:d9:0e:ec]
RSSI: -87 [da:38:e9:e8:02:ea]
RSSI: -90 [da:3b:f2:ee:0b:9e]
RSSI: -78 [da:3e:8c:d9:0e:ec]
RSSI: -90 [da:3b:f2:ee:0b:9e]
RSSI: -79 [da:3e:8c:e6:0f:1c]
RSSI: -76 [da:3e:8c:e6:0f:1c]
RSSI: -85 [da:38:e9:f5:03:0a]
RSSI: -91 [da:37:05:f8:0b:4b]
RSSI: -88 [da:38:ea:04:03:3a]
RSSI: -77 [da:3e:8c:f4:0f:3c]
RSSI: -90 [da:3b:f3:09:0b:ee]
RSSI: -75 [da:3e:8d:03:0f:6c]
RSSI: -77 [da:3e:8d:0f:0f:9c]
RSSI: -85 [da:38:ea:20:03:8a]
RSSI: -86 [da:38:ea:2f:03:ba]
RSSI: -76 [da:3e:8d:1e:0f:cc]
RSSI: -83 [da:38:ea:2f:03:ba]
RSSI: -77 [da:3e:8d:1e:0f:cc]
RSSI: -85 [da:3b:f3:3c:0c:7e]
RSSI: -79 [da:3e:8d:2c:0f:fc]
RSSI: -85 [da:38:ea:3f:03:ea]
RSSI: -75 [da:3e:8d:2c:0f:fc]
RSSI: -85 [da:38:ea:3f:03:ea]
RSSI: -75 [da:3e:8d:39:10:1c]
RSSI: -86 [da:3b:f3:49:0c:ae]
RSSI: -85 [da:38:ea:4b:04:0a]
RSSI: -76 [da:3e:8d:39:10:1c]
RSSI: -75 [da:3e:8d:47:10:4c]
RSSI: -73 [da:3e:8d:47:10:4c]
RSSI: -73 [da:3e:8d:47:10:4c]
RSSI: -85 [da:38:ea:5b:04:2a]
RSSI: -85 [da:3b:f3:63:0c:ee]
RSSI: -75 [da:3e:8d:56:10:7c]
RSSI: -84 [da:38:ea:6a:04:5a]
RSSI: -90 [da:3b:f3:70:0d:1e]
RSSI: -75 [da:3e:8d:62:10:9c]
RSSI: -76 [da:3e:8d:71:10:cc]
RSSI: -79 [da:3e:8d:71:10:cc]
RSSI: -87 [da:38:ea:86:04:aa]
RSSI: -78 [da:3e:8d:7f:10:fc]
RSSI: -87 [da:38:ea:95:04:da]
RSSI: -79 [da:3e:8d:7f:10:fc]
RSSI: -79 [da:3e:8d:8c:11:2c]
RSSI: -84 [da:38:ea:a2:04:fa]
RSSI: -87 [da:3e:8d:9a:11:4c]
RSSI: -83 [da:38:ea:b1:05:2a]
RSSI: -76 [da:3e:8d:a9:11:7c]
RSSI: -74 [da:3e:8d:a9:11:7c]
RSSI: -79 [da:38:ea:c0:05:5a]
RSSI: -72 [da:3e:8d:b5:11:ac]
RSSI: -70 [da:3e:8d:b5:11:ac]
RSSI: -78 [da:38:ea:cd:05:7a]
RSSI: -69 [da:3e:8d:c4:11:cc]
RSSI: -69 [da:3e:8d:c4:11:cc]
RSSI: -67 [da:3e:8d:d2:11:fc]
RSSI: -77 [da:38:ea:dc:05:aa]
RSSI: -67 [da:3e:8d:d2:11:fc]
RSSI: -75 [da:38:ea:eb:05:ca]
RSSI: -67 [da:3e:8d:df:12:2c]
RSSI: -77 [da:38:ea:eb:05:ca]
RSSI: -65 [da:3e:8d:df:12:2c]
RSSI: -74 [da:38:ea:f8:05:fa]
RSSI: -65 [da:3e:8d:ed:12:4c]
RSSI: -75 [da:38:eb:07:06:1a]
RSSI: -74 [da:38:eb:07:06:1a]
RSSI: -76 [da:38:eb:17:06:4a]
RSSI: -62 [da:3e:8e:08:12:ac]
RSSI: -74 [da:38:eb:17:06:4a]
RSSI: -75 [da:38:eb:23:06:6a]
RSSI: -64 [da:3e:8e:17:12:cc]
RSSI: -61 [da:3e:8e:17:12:cc]
RSSI: -60 [da:3e:8e:25:12:fc]
RSSI: -72 [da:38:eb:33:06:9a]
RSSI: -63 [da:3e:8e:25:12:fc]
RSSI: -74 [da:38:eb:42:06:ca]
RSSI: -61 [da:3e:8e:32:13:2c]
RSSI: -59 [da:3e:8e:32:13:2c]
RSSI: -74 [da:38:eb:4f:06:ea]
RSSI: -63 [da:3e:8e:40:13:5c]
RSSI: -75 [da:38:eb:4f:06:ea]
RSSI: -61 [da:3e:8e:40:13:5c]
RSSI: -75 [da:38:eb:4f:06:ea]
RSSI: -64 [da:3e:8e:4f:13:7c]
RSSI: -74 [da:38:eb:5e:07:1a]
RSSI: -72 [da:38:eb:6d:07:4a]
RSSI: -61 [da:3e:8e:5b:13:ac]
RSSI: -63 [da:3e:8e:6a:13:dc]
RSSI: -75 [da:38:eb:7a:07:6a]
RSSI: -63 [da:3e:8e:6a:13:dc]
RSSI: -75 [da:38:eb:89:07:9a]
RSSI: -76 [da:38:eb:89:07:9a]
RSSI: -65 [da:3e:8e:85:14:2c]
RSSI: -77 [da:38:eb:99:07:ca]
RSSI: -71 [da:3e:8e:85:14:2c]
RSSI: -78 [da:38:eb:99:07:ca]
RSSI: -69 [da:3e:8e:94:14:5c]
RSSI: -75 [da:38:eb:a5:07:ea]
RSSI: -76 [da:3e:8e:a2:14:8c]
RSSI: -79 [da:38:eb:b5:08:1a]
RSSI: -79 [da:3e:8e:a2:14:8c]
RSSI: -78 [da:38:eb:b5:08:1a]
RSSI: -81 [da:38:eb:c4:08:3a]
RSSI: -80 [da:3e:8e:af:14:ac]
RSSI: -81 [da:38:eb:c4:08:3a]
RSSI: -79 [da:3e:8e:bd:14:dc]
RSSI: -78 [da:3e:8e:bd:14:dc]
RSSI: -84 [da:38:eb:d1:08:6a]
RSSI: -76 [da:3e:8e:cc:15:0c]
RSSI: -81 [da:38:eb:e0:08:8a]
RSSI: -81 [da:38:eb:e0:08:8a]
RSSI: -83 [da:38:eb:e0:08:8a]
RSSI: -76 [da:3e:8e:d8:15:3c]
RSSI: -74 [da:3e:8e:d8:15:3c]
RSSI: -85 [da:38:eb:ef:08:ba]
RSSI: -84 [da:38:eb:fc:08:da]
RSSI: -74 [da:3e:8e:e7:15:5c]
RSSI: -82 [da:38:eb:fc:08:da]
RSSI: -70 [da:3e:8e:f5:15:8c]
RSSI: -71 [da:3e:8e:f5:15:8c]
RSSI: -83 [da:38:ec:0b:09:0a]
RSSI: -73 [da:3e:8f:02:15:bc]
RSSI: -81 [da:38:ec:1b:09:3a]
RSSI: -76 [da:3e:8f:10:15:ec]
RSSI: -83 [da:38:ec:27:09:5a]
RSSI: -78 [da:3e:8f:10:15:ec]
RSSI: -80 [da:38:ec:27:09:5a]
RSSI: -76 [da:3e:8f:1f:16:0c]
RSSI: -86 [da:38:ec:37:09:8a]
RSSI: -75 [da:3e:8f:2b:16:3c]
RSSI: -77 [da:3e:8f:3a:16:6c]
RSSI: -75 [da:3e:8f:3a:16:6c]
RSSI: -88 [da:38:ec:53:09:da]
RSSI: -77 [da:3e:8f:48:00:0c]
RSSI: -76 [da:3e:8f:55:00:2c]
RSSI: -76 [da:3e:8f:64:00:5c]
RSSI: -79 [da:3e:8f:72:00:8c]
RSSI: -76 [da:3e:8f:72:00:8c]
RSSI: -79 [da:3e:8f:7f:00:ac]
RSSI: -77 [da:3e:8f:7f:00:ac]
RSSI: -77 [da:3e:8f:8d:00:dc]
RSSI: -76 [da:3e:8f:9c:01:0c]
RSSI: -75 [da:3e:8f:9c:01:0c]
RSSI: -76 [da:3e:8f:a8:01:2c]
RSSI: -74 [da:3e:8f:a8:01:2c]
RSSI: -75 [da:3e:8f:b7:01:5c]
RSSI: -74 [da:3e:8f:b7:01:5c]
RSSI: -73 [da:3e:8f:c6:01:8c]
RSSI: -74 [da:3e:8f:c6:01:8c]
RSSI: -74 [da:3e:8f:c6:01:8c]
RSSI: -75 [da:3e:8f:d2:01:bc]
RSSI: -73 [da:3e:8f:d2:01:bc]
RSSI: -74 [da:3e:8f:e1:01:ec]
RSSI: -73 [da:3e:8f:ef:02:0c]
RSSI: -74 [da:3e:8f:fc:02:3c]
RSSI: -98 [da:37:09:02:14:6b]
RSSI: -89 [da:38:ed:10:0c:0a]
RSSI: -89 [da:38:ed:10:0c:0a]
RSSI: -77 [da:3e:90:0b:02:6c]
RSSI: -89 [da:38:ed:1f:0c:2a]
RSSI: -75 [da:3e:90:0b:02:6c]
RSSI: -74 [da:3e:90:19:02:9c]
RSSI: -91 [da:38:ed:2c:0c:5a]
RSSI: -78 [da:3e:90:19:02:9c]
RSSI: -91 [da:38:ed:2c:0c:5a]
RSSI: -76 [da:3e:90:26:02:bc]
RSSI: -75 [da:3e:90:26:02:bc]
RSSI: -76 [da:3e:90:34:02:ec]
RSSI: -79 [da:3e:90:43:03:1c]
RSSI: -89 [da:38:ed:57:0c:da]
RSSI: -78 [da:3e:90:4f:03:3c]
RSSI: -78 [da:3e:90:4f:03:3c]
RSSI: -81 [da:3e:90:4f:03:3c]
RSSI: -87 [da:38:ed:67:0d:0a]
RSSI: -80 [da:3e:90:5e:03:6c]
RSSI: -85 [da:38:ed:76:0d:2a]
RSSI: -82 [da:3e:90:5e:03:6c]
RSSI: -85 [da:3e:90:79:03:bc]
RSSI: -89 [da:38:ed:92:0d:8a]
RSSI: -78 [da:3e:90:88:03:ec]
RSSI: -88 [da:38:ed:a2:0d:aa]
RSSI: -87 [da:38:ed:a2:0d:aa]
RSSI: -84 [da:38:ed:ae:0d:da]
RSSI: -80 [da:3e:90:a3:04:3c]
RSSI: -92 [da:37:09:b3:16:6b]
RSSI: -83 [da:38:ed:be:0d:fa]
RSSI: -83 [da:3e:90:b2:04:6c]
RSSI: -85 [da:38:ed:cd:0e:2a]
RSSI: -82 [da:3e:90:c0:04:9c]
RSSI: -85 [da:3e:90:c0:04:9c]
RSSI: -84 [da:38:ed:da:0e:4a]
RSSI: -86 [da:38:ed:da:0e:4a]
RSSI: -81 [da:3e:90:cd:04:cc]
RSSI: -85 [da:38:ed:e9:0e:7a]
RSSI: -80 [da:3e:90:db:04:ec]
RSSI: -90 [da:37:09:ea:00:ab]
RSSI: -80 [da:3e:90:f7:05:4c]
RSSI: -88 [da:38:ee:05:0e:ca]
RSSI: -81 [da:3e:90:f7:05:4c]
RSSI: -82 [da:3e:90:f7:05:4c]
RSSI: -90 [da:37:0a:05:00:fb]
RSSI: -89 [da:37:0a:05:00:fb]
RSSI: -84 [da:3e:91:05:05:7c]
RSSI: -88 [da:38:ee:15:0e:fa]
RSSI: -88 [da:38:ee:15:0e:fa]
RSSI: -89 [da:38:ee:15:0e:fa]
RSSI: -89 [da:37:0a:13:01:2b]
RSSI: -86 [da:38:ee:24:0f:2a]
RSSI: -86 [da:3e:91:14:05:9c]
RSSI: -86 [da:38:ee:31:0f:4a]
RSSI: -86 [da:37:0a:2e:01:7b]
RSSI: -84 [da:37:0a:3d:01:9b]
RSSI: -87 [da:38:ee:50:0f:aa]
RSSI: -84 [da:37:0a:4b:01:cb]
RSSI: -87 [da:38:ee:50:0f:aa]
RSSI: -83 [da:37:0a:4b:01:cb]
RSSI: -82 [da:3e:91:4a:06:4c]
RSSI: -89 [da:38:ee:5d:0f:ca]
RSSI: -81 [da:37:0a:66:02:1b]
RSSI: -84 [da:3e:91:59:06:7c]
RSSI: -87 [da:38:ee:71:10:0a]
RSSI: -83 [da:37:0a:66:02:1b]
RSSI: -87 [da:38:ee:71:10:0a]
RSSI: -81 [da:37:0a:74:02:4b]
RSSI: -82 [da:37:0a:81:02:6b]
RSSI: -81 [da:37:0a:81:02:6b]
RSSI: -81 [da:3e:91:83:06:fc]
RSSI: -83 [da:3e:91:83:06:fc]
RSSI: -82 [da:37:0a:8f:02:9b]
RSSI: -79 [da:3e:91:91:07:2c]
RSSI: -91 [da:38:ee:9e:10:8a]
RSSI: -82 [da:37:0a:9d:02:bb]
RSSI: -82 [da:37:0a:9d:02:bb]
RSSI: -80 [da:3e:91:9e:07:5c]
RSSI: -78 [da:3e:91:9e:07:5c]
RSSI: -83 [da:37:0a:aa:02:eb]
RSSI: -78 [da:3e:91:9e:07:5c]
RSSI: -82 [da:37:0a:b8:03:0b]
RSSI: -77 [da:3e:91:bb:07:ac]
RSSI: -77 [da:3e:91:bb:07:ac]
RSSI: -83 [da:37:0a:d3:03:5b]
RSSI: -83 [da:37:0a:e2:03:8b]
RSSI: -78 [da:3e:91:d7:08:0c]
RSSI: -85 [da:37:0a:e2:03:8b]
RSSI: -78 [da:3e:91:d7:08:0c]
RSSI: -79 [da:3e:91:e5:08:3c]
RSSI: -83 [da:37:0a:f0:03:bb]
RSSI: -80 [da:3e:91:e5:08:3c]
RSSI: -80 [da:3e:91:f2:08:5c]
RSSI: -79 [da:3e:91:f2:08:5c]
RSSI: -81 [da:3e:92:01:08:8c]
RSSI: -84 [da:37:0b:0b:04:0b]
RSSI: -82 [da:3e:92:01:08:8c]
RSSI: -86 [da:37:0b:19:04:2b]
RSSI: -83 [da:3e:92:0f:08:bc]
RSSI: -76 [da:3e:92:1c:08:ec]
RSSI: -88 [da:38:ef:30:12:2a]
RSSI: -76 [da:3e:92:1c:08:ec]
RSSI: -81 [da:3e:92:2b:09:1c]
RSSI: -76 [da:3e:92:2b:09:1c]
RSSI: -80 [da:3e:92:39:09:3c]
RSSI: -76 [da:3e:92:54:09:9c]
RSSI: -78 [da:3e:92:63:09:cc]
RSSI: -86 [da:3e:92:70:09:ec]
RSSI: -76 [da:3e:92:70:09:ec]
RSSI: -76 [da:3e:92:7e:0a:1c]
RSSI: -81 [da:3e:92:7e:0a:1c]
RSSI: -73 [da:3e:92:8d:0a:4c]
RSSI: -75 [da:3e:92:8d:0a:4c]
RSSI: -76 [da:3e:92:9a:0a:7c]
RSSI: -71 [da:3e:92:9a:0a:7c]
RSSI: -74 [da:3e:92:a8:0a:ac]
RSSI: -71 [da:3e:92:a8:0a:ac]
RSSI: -71 [da:3e:92:b7:0a:dc]
RSSI: -71 [da:3e:92:c4:0a:fc]
RSSI: -72 [da:3e:92:c4:0a:fc]
RSSI: -74 [da:3e:92:d2:0b:2c]
RSSI: -73 [da:3e:92:d2:0b:2c]
RSSI: -75 [da:3e:92:e1:0b:5c]
RSSI: -75 [da:3e:92:e1:0b:5c]
RSSI: -75 [da:3e:92:ee:0b:7c]
RSSI: -73 [da:3e:92:fc:0b:ac]
RSSI: -73 [da:3e:93:0b:0b:dc]
RSSI: -73 [da:3e:93:0b:0b:dc]
RSSI: -72 [da:3e:93:18:0c:0c]
RSSI: -73 [da:3e:93:18:0c:0c]
RSSI: -72 [da:3e:93:27:0c:3c]
RSSI: -74 [da:3e:93:35:0c:6c]
RSSI: -75 [da:3e:93:35:0c:6c]
RSSI: -74 [da:3e:93:42:0c:8c]
RSSI: -76 [da:3e:93:42:0c:8c]
RSSI: -75 [da:3e:93:51:0c:bc]
RSSI: -74 [da:3e:93:51:0c:bc]
RSSI: -75 [da:3e:93:5f:0c:ec]
RSSI: -76 [da:3e:93:6c:0d:0c]
RSSI: -74 [da:3e:93:6c:0d:0c]
RSSI: -78 [da:3e:93:7b:0d:3c]
RSSI: -78 [da:3e:93:89:0d:6c]
RSSI: -85 [da:3e:93:96:0d:9c]
RSSI: -80 [da:3e:93:a5:0d:cc]
RSSI: -87 [da:3e:93:a5:0d:cc]
RSSI: -89 [da:38:f0:c7:00:7a]
RSSI: -87 [da:3e:93:c0:0e:1c]
RSSI: -88 [da:38:f0:e6:00:da]
RSSI: -88 [da:38:f0:e6:00:da]
RSSI: -83 [da:3e:93:dd:0e:7c]
RSSI: -82 [da:3e:93:ea:0e:9c]
RSSI: -84 [da:38:f1:02:01:2a]
RSSI: -84 [da:3e:93:ea:0e:9c]
RSSI: -85 [da:38:f1:02:01:2a]
RSSI: -81 [da:3e:93:f9:0e:cc]
RSSI: -82 [da:3e:94:08:0e:fc]
RSSI: -84 [da:38:f1:12:01:5a]
RSSI: -81 [da:3e:94:08:0e:fc]
RSSI: -82 [da:3e:94:14:0f:2c]
RSSI: -78 [da:3e:94:14:0f:2c]
RSSI: -86 [da:38:f1:2e:01:aa]
RSSI: -81 [da:3e:94:28:0f:6c]
RSSI: -84 [da:38:f1:3e:01:da]
RSSI: -76 [da:3e:94:28:0f:6c]
RSSI: -85 [da:38:f1:3e:01:da]
RSSI: -79 [da:3e:94:39:0f:9c]
RSSI: -80 [da:3e:94:39:0f:9c]
RSSI: -84 [da:38:f1:4a:01:fa]
RSSI: -78 [da:3e:94:45:0f:bc]
RSSI: -94 [da:37:0d:4f:0a:cb]
RSSI: -84 [da:38:f1:5a:02:2a]
RSSI: -82 [da:3e:94:45:0f:bc]
RSSI: -83 [da:38:f1:5a:02:2a]
RSSI: -78 [da:3e:94:54:0f:ec]
RSSI: -85 [da:38:f1:6a:02:5a]
RSSI: -78 [da:3e:94:54:0f:ec]
RSSI: -86 [da:38:f1:76:02:7a]
RSSI: -78 [da:3e:94:6f:10:4c]
RSSI: -77 [da:3e:94:6f:10:4c]
RSSI: -91 [da:3b:fa:84:0a:be]
RSSI: -77 [da:3e:94:7e:10:6c]
RSSI: -77 [da:3e:94:7e:10:6c]
RSSI: -84 [da:38:f1:96:02:ca]
RSSI: -77 [da:3e:94:8d:10:9c]
RSSI: -76 [da:3e:94:8d:10:9c]
RSSI: -87 [da:38:f1:a2:02:ea]
RSSI: -76 [da:3e:94:8d:10:9c]
RSSI: -85 [da:38:f1:a2:02:ea]
RSSI: -79 [da:3e:94:99:10:cc]
RSSI: -86 [da:38:f1:b2:03:1a]
RSSI: -84 [da:3b:fa:b9:0b:5e]
RSSI: -89 [da:37:0d:b0:0b:fb]
RSSI: -85 [da:3e:94:a8:10:fc]
RSSI: -85 [da:3b:fa:b9:0b:5e]
RSSI: -85 [da:38:f1:c2:03:4a]
RSSI: -83 [da:3e:94:b7:11:2c]
RSSI: -81 [da:38:f1:ce:03:6a]
RSSI: -83 [da:38:f1:ce:03:6a]
RSSI: -77 [da:3e:94:c4:11:4c]
RSSI: -76 [da:3e:94:c4:11:4c]
RSSI: -81 [da:38:f1:de:03:9a]
RSSI: -73 [da:3e:94:d3:11:7c]
RSSI: -80 [da:38:f1:ed:03:ca]
RSSI: -73 [da:3e:94:e1:11:ac]
RSSI: -79 [da:38:f1:fa:03:ea]
RSSI: -78 [da:38:f1:fa:03:ea]
RSSI: -88 [da:3b:fb:09:0c:3e]
RSSI: -80 [da:38:f2:0a:04:1a]
RSSI: -67 [da:3e:94:fd:12:0c]
RSSI: -65 [da:3e:94:fd:12:0c]
RSSI: -65 [da:3e:95:0b:12:2c]
RSSI: -79 [da:38:f2:19:04:4a]
RSSI: -66 [da:3e:95:0b:12:2c]
RSSI: -80 [da:38:f2:26:04:6a]
RSSI: -63 [da:3e:95:18:12:5c]
RSSI: -79 [da:38:f2:36:04:9a]
RSSI: -62 [da:3e:95:27:12:8c]
RSSI: -80 [da:38:f2:36:04:9a]
RSSI: -62 [da:3e:95:27:12:8c]
RSSI: -78 [da:38:f2:45:04:ca]
RSSI: -64 [da:3e:95:36:12:bc]
RSSI: -77 [da:38:f2:45:04:ca]
RSSI: -61 [da:3e:95:42:12:dc]
RSSI: -75 [da:38:f2:52:04:ea]
RSSI: -61 [da:3e:95:42:12:dc]
RSSI: -63 [da:3e:95:42:12:dc]
RSSI: -75 [da:38:f2:62:05:1a]
RSSI: -73 [da:38:f2:62:05:1a]
RSSI: -73 [da:38:f2:71:05:4a]
RSSI: -73 [da:38:f2:71:05:4a]
RSSI: -59 [da:3e:95:60:13:3c]
RSSI: -72 [da:38:f2:71:05:4a]
RSSI: -62 [da:3e:95:6d:13:6c]
RSSI: -71 [da:38:f2:7e:05:6a]
RSSI: -69 [da:38:f2:8e:05:9a]
RSSI: -61 [da:3e:95:7c:13:9c]
RSSI: -70 [da:38:f2:8e:05:9a]
RSSI: -70 [da:38:f2:9d:05:ca]
RSSI: -60 [da:3e:95:8a:13:cc]
RSSI: -70 [da:38:f2:9d:05:ca]
RSSI: -69 [da:38:f2:aa:05:ea]
RSSI: -64 [da:3e:95:97:13:ec]
RSSI: -69 [da:38:f2:aa:05:ea]
RSSI: -62 [da:3e:95:97:13:ec]
RSSI: -65 [da:3e:95:a6:14:1c]
RSSI: -68 [da:38:f2:ba:06:1a]
RSSI: -69 [da:38:f2:ba:06:1a]
RSSI: -65 [da:3e:95:b5:14:4c]
RSSI: -67 [da:38:f2:c9:06:4a]
RSSI: -66 [da:3e:95:b5:14:4c]
RSSI: -67 [da:38:f2:c9:06:4a]
RSSI: -69 [da:3e:95:c1:14:6c]
RSSI: -67 [da:38:f2:d6:06:6a]
RSSI: -66 [da:38:f2:d6:06:6a]
RSSI: -75 [da:3e:95:d0:14:9c]
RSSI: -68 [da:38:f2:e6:06:9a]
RSSI: -75 [da:3e:95:d0:14:9c]
RSSI: -81 [da:3e:95:df:14:cc]
RSSI: -68 [da:38:f2:f5:06:ca]
RSSI: -82 [da:3e:95:df:14:cc]
RSSI: -67 [da:38:f2:f5:06:ca]
RSSI: -67 [da:38:f2:f5:06:ca]
RSSI: -84 [da:3e:95:ec:14:ec]
RSSI: -81 [da:3e:95:ec:14:ec]
RSSI: -66 [da:38:f3:02:06:ea]
RSSI: -69 [da:38:f3:02:06:ea]
RSSI: -77 [da:3e:95:fa:15:1c]
RSSI: -67 [da:38:f3:12:07:1a]
RSSI: -75 [da:3e:96:09:15:4c]
RSSI: -69 [da:38:f3:21:07:4a]
RSSI: -73 [da:3e:96:16:15:7c]
RSSI: -74 [da:3e:96:16:15:7c]
RSSI: -69 [da:38:f3:2e:07:6a]
RSSI: -73 [da:3e:96:25:15:ac]
RSSI: -70 [da:38:f3:2e:07:6a]
RSSI: -74 [da:3e:96:25:15:ac]
RSSI: -75 [da:3e:96:34:15:cc]
RSSI: -71 [da:38:f3:3e:07:9a]
RSSI: -76 [da:3e:96:34:15:cc]
RSSI: -70 [da:38:f3:4d:07:ba]
RSSI: -78 [da:3e:96:40:15:fc]
RSSI: -73 [da:38:f3:5a:07:ea]
RSSI: -73 [da:38:f3:5a:07:ea]
RSSI: -79 [da:3e:96:4f:16:2c]
RSSI: -79 [da:3e:96:4f:16:2c]
RSSI: -80 [da:3e:96:4f:16:2c]
RSSI: -75 [da:38:f3:6a:08:1a]
RSSI: -76 [da:38:f3:6a:08:1a]
RSSI: -79 [da:3e:96:6b:16:7c]
RSSI: -79 [da:3e:96:6b:16:7c]
RSSI: -79 [da:38:f3:86:08:6a]
RSSI: -80 [da:38:f3:86:08:6a]
RSSI: -78 [da:3e:96:7a:00:2c]
RSSI: -82 [da:38:f3:96:08:9a]
RSSI: -77 [da:3e:96:88:00:5c]
RSSI: -79 [da:38:f3:96:08:9a]
RSSI: -78 [da:3e:96:88:00:5c]
RSSI: -80 [da:38:f3:a6:08:ba]
RSSI: -81 [da:38:f3:a6:08:ba]
RSSI: -77 [da:3e:96:95:00:8c]
RSSI: -79 [da:3e:96:a4:00:bc]
RSSI: -79 [da:38:f3:b2:08:ea]
RSSI: -79 [da:3e:96:a4:00:bc]
RSSI: -82 [da:3e:96:b3:00:ec]
RSSI: -76 [da:38:f3:c2:09:1a]
RSSI: -79 [da:3e:96:b3:00:ec]
RSSI: -80 [da:38:f3:c2:09:1a]
RSSI: -79 [da:38:f3:d2:09:4a]
RSSI: -79 [da:3e:96:bf:01:0c]
RSSI: -81 [da:3e:96:bf:01:0c]
RSSI: -77 [da:38:f3:d2:09:4a]
RSSI: -81 [da:3e:96:bf:01:0c]
RSSI: -81 [da:38:f3:de:09:6a]
RSSI: -77 [da:3e:96:ce:01:3c]
RSSI: -77 [da:3e:96:dd:01:6c]
RSSI: -84 [da:38:f3:ee:09:9a]
RSSI: -83 [da:38:f3:ee:09:9a]
RSSI: -75 [da:3e:96:ea:01:8c]
RSSI: -74 [da:3e:96:f9:01:bc]
RSSI: -87 [da:38:f4:0b:09:ea]
RSSI: -78 [da:3e:96:f9:01:bc]
RSSI: -76 [da:3e:97:08:01:ec]
RSSI: -74 [da:3e:97:08:01:ec]
RSSI: -88 [da:38:f4:1a:0a:1a]
RSSI: -77 [da:3e:97:14:02:1c]
RSSI: -88 [da:38:f4:2a:0a:4a]
RSSI: -88 [da:38:f4:2a:0a:4a]
RSSI: -76 [da:3e:97:23:02:4c]
RSSI: -76 [da:3e:97:23:02:4c]
RSSI: -76 [da:3e:97:32:02:7c]
RSSI: -75 [da:3e:97:32:02:7c]
RSSI: -79 [da:3e:97:3f:02:9c]
RSSI: -76 [da:3e:97:3f:02:9c]
RSSI: -80 [da:3e:97:4e:02:cc]
RSSI: -77 [da:3e:97:5d:02:fc]
RSSI: -78 [da:3e:97:69:03:1c]
RSSI: -77 [da:3e:97:69:03:1c]
RSSI: -82 [da:3e:97:78:03:4c]
RSSI: -79 [da:3e:97:78:03:4c]
RSSI: -79 [da:3e:97:87:03:7c]
RSSI: -80 [da:3e:97:94:03:ac]
RSSI: -85 [da:3e:97:a3:03:dc]
RSSI: -89 [da:38:f4:bb:0b:ea]
RSSI: -85 [da:3e:97:b2:04:0c]
RSSI: -86 [da:3e:97:b2:04:0c]
RSSI: -84 [da:3e:97:be:04:2c]
RSSI: -85 [da:3e:97:be:04:2c]
RSSI: -83 [da:3e:97:cd:04:5c]
RSSI: -87 [da:3e:97:dc:04:8c]
RSSI: -91 [da:38:f4:e7:0c:6a]
RSSI: -89 [da:3e:97:dc:04:8c]
RSSI: -88 [da:3e:97:e9:04:ac]
RSSI: -85 [da:38:f5:07:0c:ca]
RSSI: -84 [da:3e:97:f8:04:dc]
RSSI: -84 [da:3e:97:f8:04:dc]
RSSI: -87 [da:38:f5:14:0c:ea]
RSSI: -84 [da:3e:98:07:05:0c]
RSSI: -86 [da:38:f5:14:0c:ea]
RSSI: -85 [da:38:f5:24:0d:1a]
RSSI: -84 [da:3e:98:13:05:3c]
RSSI: -85 [da:38:f5:24:0d:1a]
RSSI: -85 [da:3e:98:13:05:3c]
RSSI: -85 [da:38:f5:33:0d:4a]
RSSI: -93 [da:3e:98:31:05:9c]
RSSI: -88 [da:3e:98:3e:05:bc]
RSSI: -88 [da:38:f5:50:0d:9a]
RSSI: -84 [da:38:f5:50:0d:9a]
RSSI: -85 [da:38:f5:6c:0d:ea]
RSSI: -83 [da:38:f5:6c:0d:ea]
RSSI: -84 [da:38:f5:7c:0e:1a]
RSSI: -84 [da:38:f5:8c:0e:4a]
RSSI: -84 [da:38:f5:8c:0e:4a]
RSSI: -91 [da:37:11:8c:00:fb]
RSSI: -83 [da:38:f5:98:0e:6a]
RSSI: -89 [da:37:11:a7:01:4b]
RSSI: -85 [da:38:f5:a8:0e:9a]
RSSI: -88 [da:37:11:a7:01:4b]
RSSI: -85 [da:38:f5:b8:0e:ca]
RSSI: -89 [da:3e:98:a2:06:fc]
RSSI: -86 [da:38:f5:b8:0e:ca]
RSSI: -88 [da:37:11:b6:01:7b]
RSSI: -89 [da:37:11:b6:01:7b]
RSSI: -86 [da:38:f5:d5:0f:1a]
RSSI: -82 [da:38:f5:d5:0f:1a]
RSSI: -84 [da:37:11:d1:01:cb]
RSSI: -85 [da:3e:98:cd:07:7c]
RSSI: -86 [da:38:f5:e4:0f:4a]
RSSI: -85 [da:37:11:e0:01:eb]
RSSI: -83 [da:37:11:e0:01:eb]
RSSI: -86 [da:38:f5:f1:0f:6a]
RSSI: -84 [da:37:11:ef:02:1b]
RSSI: -83 [da:3e:98:e8:07:dc]
RSSI: -83 [da:37:11:ef:02:1b]
RSSI: -84 [da:38:f6:01:0f:9a]
RSSI: -86 [da:3e:98:f7:08:0c]
RSSI: -83 [da:37:11:fb:02:3b]
RSSI: -86 [da:38:f6:01:0f:9a]
RSSI: -87 [da:38:f6:11:0f:ca]
RSSI: -81 [da:3e:98:f7:08:0c]
RSSI: -82 [da:37:12:0a:02:6b]
RSSI: -88 [da:3e:99:06:08:3c]
RSSI: -86 [da:38:f6:1d:0f:ea]
RSSI: -82 [da:37:12:19:02:9b]
RSSI: -85 [da:3e:99:13:08:5c]
RSSI: -85 [da:3e:99:13:08:5c]
RSSI: -82 [da:37:12:34:02:eb]
RSSI: -83 [da:37:12:34:02:eb]
RSSI: -83 [da:37:12:43:03:1b]
RSSI: -91 [da:38:f6:4a:10:6a]
RSSI: -80 [da:37:12:43:03:1b]
RSSI: -82 [da:3e:99:3d:08:dc]
RSSI: -93 [da:3e:99:3d:08:dc]
RSSI: -82 [da:37:12:4f:03:3b]
RSSI: -81 [da:37:12:4f:03:3b]
RSSI: -82 [da:3e:99:4c:09:0c]
RSSI: -81 [da:3e:99:4c:09:0c]
RSSI: -83 [da:37:12:5e:03:6b]
RSSI: -83 [da:37:12:5e:03:6b]
RSSI: -86 [da:3e:99:5b:09:3c]
RSSI: -82 [da:37:12:6d:03:8b]
RSSI: -84 [da:3e:99:68:09:6c]
RSSI: -83 [da:37:12:79:03:bb]
RSSI: -78 [da:3e:99:77:09:9c]
RSSI: -91 [da:38:f6:86:11:1a]
RSSI: -83 [da:3e:99:86:09:cc]
RSSI: -78 [da:3e:99:86:09:cc]
RSSI: -83 [da:37:12:97:04:0b]
RSSI: -87 [da:3e:99:93:09:ec]
RSSI: -85 [da:37:12:97:04:0b]
RSSI: -83 [da:3e:99:93:09:ec]
RSSI: -85 [da:37:12:a3:04:3b]
RSSI: -84 [da:3e:99:a2:0a:1c]
RSSI: -81 [da:3e:99:a2:0a:1c]
RSSI: -86 [da:37:12:b2:04:6b]
RSSI: -79 [da:3e:99:b1:0a:4c]
RSSI: -79 [da:3e:99:bd:0a:7c]
RSSI: -78 [da:3e:99:bd:0a:7c]
RSSI: -90 [da:37:12:ce:04:bb]
RSSI: -77 [da:3e:99:cc:0a:ac]
RSSI: -76 [da:3e:99:db:0a:dc]
RSSI: -76 [da:3e:99:e8:0a:fc]
RSSI: -80 [da:3e:99:f7:0b:2c]
RSSI: -79 [da:3e:9a:06:0b:5c]
RSSI: -79 [da:3e:9a:06:0b:5c]
RSSI: -76 [da:3e:9a:06:0b:5c]
RSSI: -80 [da:3e:9a:13:0b:8c]
RSSI: -89 [da:38:f7:28:12:ea]
RSSI: -90 [da:38:f7:38:13:1a]
RSSI: -77 [da:3e:9a:31:0b:ec]
RSSI: -80 [da:3e:9a:3d:0c:0c]
RSSI: -80 [da:3e:9a:3d:0c:0c]
RSSI: -79 [da:3e:9a:3d:0c:0c]
RSSI: -79 [da:3e:9a:3d:0c:0c]
RSSI: -80 [da:3e:9a:4d:0c:3c]
RSSI: -79 [da:3e:9a:5c:0c:6c]
RSSI: -79 [da:3e:9a:5c:0c:6c]
RSSI: -81 [da:3e:9a:68:0c:9c]
RSSI: -80 [da:3e:9a:77:0c:cc]
RSSI: -80 [da:3e:9a:77:0c:cc]
RSSI: -79 [da:3e:9a:77:0c:cc]
RSSI: -82 [da:3e:9a:86:0c:fc]
RSSI: -82 [da:3e:9a:86:0c:fc]
RSSI: -82 [da:3e:9a:93:0d:1c]
RSSI: -80 [da:3e:9a:a2:0d:4c]
RSSI: -80 [da:3e:9a:b1:0d:7c]
RSSI: -80 [da:3e:9a:b1:0d:7c]
RSSI: -81 [da:3e:9a:be:0d:ac]
RSSI: -81 [da:3e:9a:dc:0e:0c]
RSSI: -86 [da:3e:9a:dc:0e:0c]
RSSI: -82 [da:3e:9a:e9:0e:2c]
RSSI: -88 [da:3e:9a:f8:0e:5c]
RSSI: -82 [da:3e:9b:07:0e:8c]
RSSI: -90 [da:38:f8:33:15:da]
RSSI: -89 [da:3e:9b:32:0f:1c]
RSSI: -94 [da:38:f8:43:16:0a]
RSSI: -85 [da:3e:9b:3e:0f:3c]
RSSI: -89 [da:3e:9b:4d:0f:6c]
RSSI: -84 [da:3e:9b:5c:0f:9c]
RSSI: -81 [da:3e:9b:69:0f:cc]
RSSI: -83 [da:3e:9b:78:0f:fc]
RSSI: -84 [da:3e:9b:87:10:2c]
RSSI: -86 [da:38:f8:9c:00:fa]
RSSI: -87 [da:38:f8:ac:01:2a]
RSSI: -85 [da:3e:9b:94:10:4c]
RSSI: -84 [da:38:f8:ac:01:2a]
RSSI: -86 [da:3e:9b:a3:10:7c]
RSSI: -88 [da:38:f8:b8:01:4a]
RSSI: -85 [da:3e:9b:a3:10:7c]
RSSI: -87 [da:38:f8:b8:01:4a]
RSSI: -82 [da:3e:9b:b2:10:ac]
RSSI: -82 [da:3e:9b:b2:10:ac]
RSSI: -81 [da:3e:9b:b2:10:ac]
RSSI: -84 [da:38:f8:c8:01:7a]
RSSI: -83 [da:3e:9b:bf:10:dc]
RSSI: -84 [da:38:f8:d8:01:aa]
RSSI: -81 [da:3e:9b:bf:10:dc]
RSSI: -85 [da:38:f8:d8:01:aa]
RSSI: -81 [da:3e:9b:ce:11:0c]
RSSI: -80 [da:3e:9b:ce:11:0c]
RSSI: -79 [da:3e:9b:ce:11:0c]
RSSI: -83 [da:38:f8:e5:01:ca]
RSSI: -75 [da:3e:9b:dd:11:3c]
RSSI: -84 [da:38:f8:f5:01:fa]
RSSI: -84 [da:38:f8:f5:01:fa]
RSSI: -83 [da:38:f8:f5:01:fa]
RSSI: -77 [da:3e:9b:ea:11:5c]
RSSI: -84 [da:38:f8:f5:01:fa]
RSSI: -74 [da:3e:9b:ea:11:5c]
RSSI: -82 [da:38:f9:05:02:2a]
RSSI: -83 [da:38:f9:05:02:2a]
RSSI: -83 [da:3e:9b:f9:11:8c]
RSSI: -82 [da:3e:9b:f9:11:8c]
RSSI: -81 [da:38:f9:11:02:4a]
RSSI: -83 [da:38:f9:22:02:7a]
RSSI: -82 [da:38:f9:22:02:7a]
RSSI: -75 [da:3e:9c:15:11:dc]
RSSI: -84 [da:38:f9:31:02:aa]
RSSI: -74 [da:3e:9c:24:12:0c]
RSSI: -69 [da:3e:9c:24:12:0c]
RSSI: -75 [da:3e:9c:33:12:3c]
RSSI: -84 [da:38:f9:3e:02:ca]
RSSI: -74 [da:3e:9c:33:12:3c]
RSSI: -69 [da:3e:9c:33:12:3c]
RSSI: -84 [da:38:f9:4e:02:fa]
RSSI: -71 [da:3e:9c:40:12:6c]
RSSI: -61 [da:3e:9c:4f:12:9c]
RSSI: -60 [da:3e:9c:4f:12:9c]
RSSI: -83 [da:38:f9:6b:03:4a]
RSSI: -63 [da:3e:9c:5e:12:cc]
RSSI: -82 [da:38:f9:6b:03:4a]
RSSI: -65 [da:3e:9c:6b:12:ec]
RSSI: -83 [da:38:f9:7b:03:7a]
RSSI: -62 [da:3e:9c:6b:12:ec]
RSSI: -82 [da:38:f9:7b:03:7a]
RSSI: -81 [da:38:f9:8b:03:aa]
RSSI: -82 [da:38:f9:8b:03:aa]
RSSI: -64 [da:3e:9c:7a:13:1c]
RSSI: -56 [da:3e:9c:89:13:4c]
RSSI: -81 [da:38:f9:a7:03:fa]
RSSI: -59 [da:3e:9c:95:13:7c]
RSSI: -80 [da:38:f9:a7:03:fa]
RSSI: -62 [da:3e:9c:a5:13:ac]
RSSI: -81 [da:38:f9:b7:04:2a]
RSSI: -59 [da:3e:9c:a5:13:ac]
RSSI: -81 [da:38:f9:b7:04:2a]
RSSI: -57 [da:3e:9c:b4:13:dc]
RSSI: -81 [da:38:f9:c4:04:4a]
RSSI: -62 [da:3e:9c:b4:13:dc]
RSSI: -82 [da:38:f9:d4:04:7a]
RSSI: -82 [da:38:f9:d4:04:7a]
RSSI: -59 [da:3e:9c:d0:14:2c]
RSSI: -88 [da:3c:02:e8:0c:3e]
RSSI: -64 [da:3e:9c:df:14:5c]
RSSI: -82 [da:38:f9:f1:04:ca]
RSSI: -62 [da:3e:9c:df:14:5c]
RSSI: -67 [da:3e:9c:eb:14:8c]
RSSI: -81 [da:38:fa:01:04:fa]
RSSI: -80 [da:38:fa:01:04:fa]
RSSI: -78 [da:38:fa:11:05:2a]
RSSI: -68 [da:3e:9c:fb:14:bc]
RSSI: -78 [da:38:fa:11:05:2a]
RSSI: -74 [da:3e:9d:0a:14:ec]
RSSI: -75 [da:38:fa:1d:05:4a]
RSSI: -75 [da:38:fa:2e:05:7a]
RSSI: -81 [da:3e:9d:16:15:0c]
RSSI: -75 [da:38:fa:2e:05:7a]
RSSI: -77 [da:3e:9d:26:15:3c]
RSSI: -74 [da:38:fa:3d:05:aa]
RSSI: -74 [da:38:fa:3d:05:aa]
RSSI: -70 [da:3e:9d:35:15:6c]
RSSI: -67 [da:3e:9d:35:15:6c]
RSSI: -66 [da:3e:9d:35:15:6c]
RSSI: -73 [da:38:fa:4a:05:ca]
RSSI: -68 [da:3e:9d:42:15:9c]
RSSI: -71 [da:38:fa:5a:05:fa]
RSSI: -71 [da:3e:9d:51:15:cc]
RSSI: -69 [da:3e:9d:51:15:cc]
RSSI: -72 [da:38:fa:6a:06:2a]
RSSI: -70 [da:3e:9d:51:15:cc]
RSSI: -67 [da:3e:9d:60:15:fc]
RSSI: -73 [da:3e:9d:60:15:fc]
RSSI: -72 [da:38:fa:77:06:4a]
RSSI: -71 [da:38:fa:77:06:4a]
RSSI: -72 [da:3e:9d:6d:16:1c]
RSSI: -71 [da:38:fa:87:06:7a]
RSSI: -71 [da:38:fa:87:06:7a]
RSSI: -77 [da:3e:9d:7c:16:4c]
RSSI: -69 [da:38:fa:97:06:aa]
RSSI: -71 [da:38:fa:97:06:aa]
RSSI: -82 [da:3e:9d:8b:16:7c]
RSSI: -82 [da:3e:9d:8b:16:7c]
RSSI: -69 [da:38:fa:a4:06:ca]
RSSI: -71 [da:38:fa:b4:06:fa]
RSSI: -73 [da:3e:9d:a7:00:5c]
RSSI: -71 [da:38:fa:c4:07:2a]
RSSI: -77 [da:3e:9d:b6:00:8c]
RSSI: -70 [da:38:fa:c4:07:2a]
RSSI: -78 [da:3e:9d:b6:00:8c]
RSSI: -72 [da:38:fa:d0:07:4a]
RSSI: -79 [da:3e:9d:c3:00:ac]
RSSI: -78 [da:3e:9d:c3:00:ac]
RSSI: -70 [da:38:fa:e0:07:7a]
RSSI: -73 [da:38:fa:e0:07:7a]
RSSI: -73 [da:38:fa:f0:07:aa]
RSSI: -77 [da:3e:9d:e1:01:0c]
RSSI: -74 [da:38:fa:fd:07:ca]
RSSI: -76 [da:3e:9d:ee:01:3c]
RSSI: -75 [da:38:fa:fd:07:ca]
RSSI: -79 [da:3e:9d:fd:01:6c]
RSSI: -77 [da:38:fb:0d:07:fa]
RSSI: -79 [da:3e:9d:fd:01:6c]
RSSI: -78 [da:38:fb:0d:07:fa]
RSSI: -76 [da:3e:9d:fd:01:6c]
RSSI: -77 [da:38:fb:1d:08:2a]
RSSI: -76 [da:3e:9e:0c:01:9c]
RSSI: -79 [da:38:fb:1d:08:2a]
RSSI: -81 [da:3e:9e:0c:01:9c]
RSSI: -77 [da:3e:9e:28:01:ec]
RSSI: -85 [da:38:fb:3a:08:7a]
RSSI: -81 [da:3e:9e:37:02:1c]
RSSI: -87 [da:38:fb:4a:08:aa]
RSSI: -75 [da:3e:9e:37:02:1c]
RSSI: -85 [da:38:fb:4a:08:aa]
RSSI: -73 [da:3e:9e:44:02:4c]
RSSI: -85 [da:38:fb:57:08:ca]
RSSI: -79 [da:3e:9e:44:02:4c]
RSSI: -81 [da:38:fb:67:08:fa]
RSSI: -84 [da:38:fb:67:08:fa]
RSSI: -79 [da:3e:9e:63:02:ac]
RSSI: -78 [da:3e:9e:63:02:ac]
RSSI: -85 [da:38:fb:77:09:2a]
RSSI: -81 [da:3e:9e:6f:02:cc]
RSSI: -86 [da:38:fb:84:09:5a]
RSSI: -83 [da:3e:9e:6f:02:cc]
RSSI: -87 [da:38:fb:84:09:5a]
RSSI: -84 [da:3e:9e:7f:02:fc]
RSSI: -91 [da:38:fb:94:09:7a]
RSSI: -84 [da:3e:9e:7f:02:fc]
RSSI: -80 [da:3e:9e:8e:03:2c]
RSSI: -73 [da:3e:9e:8e:03:2c]
RSSI: -77 [da:3e:9e:9a:03:5c]
RSSI: -77 [da:3e:9e:aa:03:8c]
RSSI: -78 [da:3e:9e:b9:03:bc]
RSSI: -77 [da:3e:9e:b9:03:bc]
RSSI: -83 [da:3e:9e:c6:03:dc]
RSSI: -82 [da:3e:9e:c6:03:dc]
RSSI: -92 [da:38:fb:ed:0a:8a]
RSSI: -79 [da:3e:9e:e4:04:3c]
RSSI: -76 [da:3e:9e:f1:04:5c]
RSSI: -80 [da:3e:9e:f1:04:5c]
RSSI: -79 [da:3e:9f:00:04:8c]
RSSI: -82 [da:3e:9f:0f:04:bc]
RSSI: -79 [da:3e:9f:0f:04:bc]
RSSI: -80 [da:3e:9f:0f:04:bc]
RSSI: -88 [da:3e:9f:1c:04:ec]
RSSI: -84 [da:3e:9f:1c:04:ec]
RSSI: -77 [da:3e:9f:3b:05:4c]
RSSI: -75 [da:3e:9f:3b:05:4c]
RSSI: -75 [da:3e:9f:47:05:6c]
RSSI: -78 [da:3e:9f:57:05:9c]
RSSI: -76 [da:3e:9f:57:05:9c]
RSSI: -81 [da:3e:9f:66:05:cc]
RSSI: -89 [da:38:fc:84:0c:3a]
RSSI: -89 [da:38:fc:84:0c:3a]
RSSI: -85 [da:3e:9f:72:05:fc]
RSSI: -87 [da:3e:9f:82:06:2c]
RSSI: -88 [da:38:fc:a1:0c:9a]
RSSI: -93 [da:37:18:9f:16:1b]
RSSI: -82 [da:3e:9f:9e:06:7c]
RSSI: -82 [da:3e:9f:9e:06:7c]
RSSI: -93 [da:37:18:ac:16:4b]
RSSI: -86 [da:38:fc:be:0c:ea]
RSSI: -85 [da:3e:9f:bc:06:dc]
RSSI: -83 [da:3e:9f:bc:06:dc]
RSSI: -87 [da:38:fc:de:0d:4a]
RSSI: -79 [da:3e:9f:c9:07:0c]
RSSI: -89 [da:3e:9f:d8:07:3c]
RSSI: -89 [da:38:fc:eb:0d:6a]
RSSI: -88 [da:38:fc:fb:0d:9a]
RSSI: -76 [da:3e:9f:e8:07:6c]
RSSI: -74 [da:3e:9f:f4:07:8c]
RSSI: -86 [da:38:fd:0b:0d:ca]
RSSI: -79 [da:3e:a0:04:07:cc]
RSSI: -78 [da:3e:a0:04:07:cc]
RSSI: -72 [da:3e:a0:04:07:cc]
RSSI: -85 [da:38:fd:18:0d:ea]
RSSI: -72 [da:3e:a0:13:07:fc]
RSSI: -87 [da:38:fd:18:0d:ea]
RSSI: -78 [da:3e:a0:13:07:fc]
RSSI: -87 [da:38:fd:41:0e:6a]
RSSI: -72 [da:3e:a0:2f:08:4c]
RSSI: -88 [da:37:19:4a:01:7b]
RSSI: -79 [da:3e:a0:3e:08:7c]
RSSI: -73 [da:3e:a0:3e:08:7c]
RSSI: -90 [da:38:fd:4d:0e:8a]
RSSI: -74 [da:3e:a0:4b:08:ac]
RSSI: -79 [da:3e:a0:4b:08:ac]
RSSI: -89 [da:38:fd:5d:0e:ba]
RSSI: -87 [da:37:19:56:01:ab]
RSSI: -79 [da:3e:a0:4b:08:ac]
RSSI: -74 [da:3e:a0:5a:08:dc]
RSSI: -90 [da:38:fd:6e:0e:ea]
RSSI: -86 [da:37:19:65:01:cb]
RSSI: -76 [da:3e:a0:6a:09:0c]
RSSI: -86 [da:37:19:74:01:fb]
RSSI: -85 [da:37:19:81:02:2b]
RSSI: -85 [da:3e:a0:76:09:2c]
RSSI: -85 [da:37:19:81:02:2b]
RSSI: -81 [da:3e:a0:76:09:2c]
RSSI: -88 [da:37:19:90:02:4b]
RSSI: -81 [da:3e:a0:95:09:8c]
RSSI: -70 [da:3e:a0:95:09:8c]
RSSI: -84 [da:37:19:9f:02:7b]
RSSI: -70 [da:3e:a0:95:09:8c]
RSSI: -79 [da:3e:a0:a2:09:bc]
RSSI: -78 [da:3e:a0:b1:09:ec]
RSSI: -85 [da:37:19:bb:02:cb]
RSSI: -70 [da:3e:a0:c0:0a:1c]
RSSI: -82 [da:3e:a0:c0:0a:1c]
RSSI: -86 [da:37:19:ca:02:fb]
RSSI: -85 [da:37:19:e6:03:5b]
RSSI: -72 [da:3e:a0:dd:0a:7c]
RSSI: -85 [da:37:19:e6:03:5b]
RSSI: -72 [da:3e:a0:dd:0a:7c]
RSSI: -89 [da:37:19:f5:03:7b]
RSSI: -73 [da:3e:a0:ec:0a:ac]
RSSI: -69 [da:3e:a0:ec:0a:ac]
RSSI: -71 [da:3e:a0:f8:0a:cc]
RSSI: -86 [da:37:1a:01:03:ab]
RSSI: -85 [da:37:1a:10:03:db]
RSSI: -67 [da:3e:a1:08:0a:fc]
RSSI: -66 [da:3e:a1:17:0b:2c]
RSSI: -71 [da:3e:a1:24:0b:5c]
RSSI: -67 [da:3e:a1:24:0b:5c]
RSSI: -86 [da:37:1a:2c:04:2b]
RSSI: -68 [da:3e:a1:24:0b:5c]
RSSI: -72 [da:3e:a1:33:0b:8c]
RSSI: -68 [da:3e:a1:43:0b:bc]
RSSI: -91 [da:37:1a:4a:04:8b]
RSSI: -93 [da:38:fe:56:11:8a]
RSSI: -69 [da:3e:a1:4f:0b:dc]
RSSI: -69 [da:3e:a1:4f:0b:dc]
RSSI: -70 [da:3e:a1:5f:0c:0c]
RSSI: -68 [da:3e:a1:5f:0c:0c]
RSSI: -69 [da:3e:a1:6e:0c:4c]
RSSI: -68 [da:3e:a1:7b:0c:6c]
RSSI: -71 [da:3e:a1:8a:0c:9c]
RSSI: -68 [da:3e:a1:8a:0c:9c]
RSSI: -73 [da:3e:a1:99:0c:cc]
RSSI: -74 [da:3e:a1:99:0c:cc]
RSSI: -74 [da:3e:a1:99:0c:cc]
RSSI: -75 [da:3e:a1:99:0c:cc]
RSSI: -75 [da:3e:a1:a6:0c:fc]
RSSI: -75 [da:3e:a1:b6:0d:2c]
RSSI: -77 [da:3e:a1:b6:0d:2c]
RSSI: -74 [da:3e:a1:c5:0d:5c]
RSSI: -75 [da:3e:a1:d2:0d:7c]
RSSI: -74 [da:3e:a1:d2:0d:7c]
RSSI: -77 [da:3e:a1:e1:0d:ac]
RSSI: -79 [da:3e:a1:e1:0d:ac]
RSSI: -81 [da:3e:a1:f0:0d:dc]
RSSI: -87 [da:3e:a2:0d:0e:3c]
RSSI: -84 [da:3e:a2:0d:0e:3c]
RSSI: -83 [da:3e:a2:0d:0e:3c]
RSSI: -87 [da:3e:a2:1c:0e:6c]
RSSI: -77 [da:3e:a2:29:0e:9c]
RSSI: -81 [da:3e:a2:29:0e:9c]
RSSI: -78 [da:3e:a2:38:0e:cc]
RSSI: -75 [da:3e:a2:38:0e:cc]
RSSI: -75 [da:3e:a2:47:0e:fc]
RSSI: -77 [da:3e:a2:54:0f:1c]
RSSI: -77 [da:3e:a2:54:0f:1c]
RSSI: -76 [da:3e:a2:54:0f:1c]
RSSI: -74 [da:3e:a2:69:0f:5c]
RSSI: -74 [da:3e:a2:69:0f:5c]
RSSI: -75 [da:3e:a2:79:0f:8c]
RSSI: -73 [da:3e:a2:79:0f:8c]
RSSI: -72 [da:3e:a2:86:0f:bc]
RSSI: -74 [da:3e:a2:95:0f:ec]
RSSI: -77 [da:3e:a2:a5:10:1c]
RSSI: -76 [da:3e:a2:a5:10:1c]
RSSI: -76 [da:3e:a2:b1:10:3c]
RSSI: -75 [da:3e:a2:b1:10:3c]
RSSI: -75 [da:3e:a2:c1:10:6c]
RSSI: -72 [da:3e:a2:d0:10:9c]
RSSI: -71 [da:3e:a2:dd:10:cc]
RSSI: -71 [da:3e:a2:dd:10:cc]
RSSI: -69 [da:3e:a2:dd:10:cc]
RSSI: -72 [da:3e:a2:ec:10:fc]
RSSI: -68 [da:3e:a2:fc:11:2c]
RSSI: -73 [da:3e:a3:08:11:5c]
RSSI: -84 [da:3e:a3:18:11:8c]
RSSI: -76 [da:3e:a3:27:11:bc]
RSSI: -75 [da:3e:a3:27:11:bc]
RSSI: -79 [da:3e:a3:34:11:dc]
RSSI: -67 [da:3e:a3:44:12:0c]
RSSI: -70 [da:3e:a3:44:12:0c]
RSSI: -64 [da:3e:a3:53:12:3c]
RSSI: -89 [da:39:00:61:01:1a]
RSSI: -64 [da:3e:a3:53:12:3c]
RSSI: -62 [da:3e:a3:53:12:3c]
RSSI: -85 [da:39:00:6d:01:4a]
RSSI: -86 [da:39:00:6d:01:4a]
RSSI: -62 [da:3e:a3:60:12:6c]
RSSI: -88 [da:39:00:7a:01:6a]
RSSI: -87 [da:39:00:7a:01:6a]
RSSI: -62 [da:3e:a3:6f:12:9c]
RSSI: -60 [da:3e:a3:6f:12:9c]
RSSI: -88 [da:39:00:87:01:8a]
RSSI: -58 [da:3e:a3:7f:12:cc]
RSSI: -88 [da:39:00:94:01:aa]
RSSI: -88 [da:39:00:94:01:aa]
RSSI: -59 [da:3e:a3:8b:12:fc]
RSSI: -57 [da:3e:a3:8b:12:fc]
RSSI: -87 [da:39:00:a1:01:da]
RSSI: -58 [da:3e:a3:9b:13:2c]
RSSI: -57 [da:3e:a3:aa:13:5c]
RSSI: -86 [da:39:00:ba:02:1a]
RSSI: -86 [da:39:00:c7:02:3a]
RSSI: -56 [da:3e:a3:b7:13:7c]
RSSI: -85 [da:39:00:c7:02:3a]
RSSI: -56 [da:3e:a3:b7:13:7c]
RSSI: -56 [da:3e:a3:c6:13:ac]
RSSI: -87 [da:39:00:e1:02:8a]
RSSI: -58 [da:3e:a3:d6:13:dc]
RSSI: -86 [da:39:00:ed:02:aa]
RSSI: -56 [da:3e:a3:e3:14:0c]
RSSI: -59 [da:3e:a3:e3:14:0c]
RSSI: -57 [da:3e:a3:f2:14:3c]
RSSI: -57 [da:3e:a3:f2:14:3c]
RSSI: -61 [da:3e:a4:02:14:6c]
RSSI: -59 [da:3e:a4:02:14:6c]
RSSI: -63 [da:3e:a4:0e:14:8c]
RSSI: -61 [da:3e:a4:0e:14:8c]
RSSI: -84 [da:39:01:2d:03:5a]
RSSI: -89 [da:3c:0a:2b:0a:7e]
RSSI: -67 [da:3e:a4:1e:14:bc]
RSSI: -66 [da:3e:a4:2d:14:ec]
RSSI: -84 [da:39:01:3a:03:8a]
RSSI: -67 [da:3e:a4:2d:14:ec]
RSSI: -88 [da:3c:0a:54:0a:ee]
RSSI: -87 [da:3c:0a:54:0a:ee]
RSSI: -84 [da:39:01:61:03:ea]
RSSI: -89 [da:3c:0a:63:0b:1e]
RSSI: -83 [da:39:01:61:03:ea]
RSSI: -70 [da:3e:a4:59:15:7c]
RSSI: -84 [da:39:01:6e:04:1a]
RSSI: -86 [da:3c:0a:6f:0b:3e]
RSSI: -90 [da:3c:0a:6f:0b:3e]
RSSI: -83 [da:39:01:7a:04:3a]
RSSI: -86 [da:3c:0a:7e:0b:6e]
RSSI: -81 [da:3c:0a:8c:0b:8e]
RSSI: -86 [da:39:01:94:04:7a]
RSSI: -87 [da:3c:0a:99:0b:ae]
RSSI: -71 [da:3e:a4:85:15:fc]
RSSI: -86 [da:3c:0a:99:0b:ae]
RSSI: -89 [da:3c:0a:a7:0b:de]
RSSI: -87 [da:39:01:ae:04:ca]
RSSI: -89 [da:3c:0a:a7:0b:de]
RSSI: -86 [da:3c:0a:a7:0b:de]
RSSI: -85 [da:39:01:ae:04:ca]
RSSI: -83 [da:3c:0a:b5:0b:fe]
RSSI: -71 [da:3e:a4:a1:16:5c]
RSSI: -84 [da:39:01:bb:04:ea]
RSSI: -77 [da:3e:a4:b1:00:0c]
RSSI: -80 [da:39:01:c7:05:1a]
RSSI: -80 [da:39:01:d4:05:3a]
RSSI: -80 [da:39:01:d4:05:3a]
RSSI: -86 [da:3c:0a:de:0c:7e]
RSSI: -79 [da:39:01:e1:05:5a]
RSSI: -76 [da:3e:a4:cd:00:5c]
RSSI: -90 [da:3c:0a:eb:0c:9e]
RSSI: -76 [da:39:01:ee:05:8a]
RSSI: -71 [da:3e:a4:dc:00:8c]
RSSI: -87 [da:3c:0a:eb:0c:9e]
RSSI: -77 [da:39:01:fb:05:aa]
RSSI: -75 [da:3e:a4:e9:00:ac]
RSSI: -76 [da:39:01:fb:05:aa]
RSSI: -72 [da:3e:a4:e9:00:ac]
RSSI: -77 [da:39:02:08:05:ca]
RSSI: -75 [da:3e:a4:f9:00:ec]
RSSI: -74 [da:3e:a4:f9:00:ec]
RSSI: -74 [da:39:02:14:05:fa]
RSSI: -75 [da:3e:a5:08:01:1c]
RSSI: -76 [da:39:02:21:06:1a]
RSSI: -75 [da:39:02:21:06:1a]
RSSI: -75 [da:39:02:21:06:1a]
RSSI: -72 [da:3e:a5:15:01:3c]
RSSI: -72 [da:3e:a5:15:01:3c]
RSSI: -74 [da:3e:a5:15:01:3c]
RSSI: -75 [da:39:02:2e:06:3a]
RSSI: -73 [da:3e:a5:24:01:6c]
RSSI: -73 [da:39:02:3b:06:5a]
RSSI: -73 [da:3e:a5:24:01:6c]
RSSI: -73 [da:3e:a5:34:01:9c]
RSSI: -75 [da:39:02:48:06:8a]
RSSI: -73 [da:3e:a5:34:01:9c]
RSSI: -74 [da:39:02:48:06:8a]
RSSI: -74 [da:3e:a5:41:01:cc]
RSSI: -75 [da:39:02:55:06:aa]
RSSI: -73 [da:3e:a5:41:01:cc]
RSSI: -72 [da:39:02:61:06:ca]
RSSI: -72 [da:3e:a5:50:01:fc]
RSSI: -75 [da:3e:a5:50:01:fc]
RSSI: -75 [da:39:02:6e:06:fa]
RSSI: -72 [da:3e:a5:60:02:2c]
RSSI: -75 [da:39:02:6e:06:fa]
RSSI: -71 [da:3e:a5:60:02:2c]
RSSI: -74 [da:39:02:7b:07:1a]
RSSI: -74 [da:3e:a5:6c:02:4c]
RSSI: -71 [da:3e:a5:6c:02:4c]
RSSI: -71 [da:3e:a5:6c:02:4c]
RSSI: -73 [da:39:02:88:07:3a]
RSSI: -74 [da:3e:a5:7c:02:8c]
RSSI: -74 [da:39:02:95:07:6a]
RSSI: -72 [da:3e:a5:7c:02:8c]
RSSI: -72 [da:3e:a5:8c:02:bc]
RSSI: -76 [da:3e:a5:8c:02:bc]
RSSI: -75 [da:39:02:a2:07:8a]
RSSI: -74 [da:3e:a5:98:02:dc]
RSSI: -74 [da:3e:a5:98:02:dc]
RSSI: -73 [da:39:02:af:07:aa]
RSSI: -74 [da:3e:a5:98:02:dc]
RSSI: -76 [da:39:02:bc:07:da]
RSSI: -76 [da:3e:a5:a8:03:0c]
RSSI: -80 [da:3e:a5:b7:03:3c]
RSSI: -78 [da:39:02:c9:07:fa]
RSSI: -75 [da:3e:a5:b7:03:3c]
RSSI: -77 [da:39:02:d5:08:1a]
RSSI: -71 [da:3e:a5:c4:03:6c]
RSSI: -77 [da:3e:a5:c4:03:6c]
RSSI: -81 [da:39:02:e2:08:4a]
RSSI: -73 [da:3e:a5:d4:03:9c]
RSSI: -83 [da:39:02:ef:08:6a]
RSSI: -77 [da:3e:a5:e3:03:cc]
RSSI: -81 [da:39:02:fc:08:8a]
RSSI: -80 [da:3e:a5:f0:03:ec]
RSSI: -81 [da:3e:a5:f0:03:ec]
RSSI: -84 [da:39:03:09:08:ba]
RSSI: -82 [da:3e:a5:f0:03:ec]
RSSI: -84 [da:39:03:16:08:da]
RSSI: -83 [da:39:03:16:08:da]
RSSI: -73 [da:3e:a6:0f:04:4c]
RSSI: -79 [da:39:03:22:08:fa]
RSSI: -75 [da:3e:a6:1c:04:7c]
RSSI: -82 [da:39:03:30:09:2a]
RSSI: -75 [da:3e:a6:1c:04:7c]
RSSI: -83 [da:39:03:3c:09:4a]
RSSI: -78 [da:3e:a6:2c:04:ac]
RSSI: -83 [da:39:03:3c:09:4a]
RSSI: -81 [da:39:03:3c:09:4a]
RSSI: -75 [da:3e:a6:2c:04:ac]
RSSI: -79 [da:39:03:49:09:6a]
RSSI: -81 [da:3e:a6:3b:04:dc]
RSSI: -85 [da:39:03:56:09:8a]
RSSI: -81 [da:3e:a6:48:04:fc]
RSSI: -87 [da:39:03:63:09:ba]
RSSI: -80 [da:3e:a6:57:05:3c]
RSSI: -88 [da:39:03:70:09:da]
RSSI: -76 [da:3e:a6:57:05:3c]
RSSI: -82 [da:3e:a6:67:05:6c]
RSSI: -78 [da:3e:a6:67:05:6c]
RSSI: -79 [da:3e:a6:74:05:8c]
RSSI: -79 [da:3e:a6:74:05:8c]
RSSI: -84 [da:39:03:96:0a:4a]
RSSI: -77 [da:3e:a6:83:05:bc]
RSSI: -85 [da:39:03:96:0a:4a]
RSSI: -90 [da:39:03:96:0a:4a]
RSSI: -78 [da:3e:a6:83:05:bc]
RSSI: -83 [da:3e:a6:93:05:ec]
RSSI: -83 [da:3e:a6:a0:06:1c]
RSSI: -79 [da:3e:a6:a0:06:1c]
RSSI: -78 [da:3e:a6:a0:06:1c]
RSSI: -83 [da:3e:a6:af:06:4c]
RSSI: -82 [da:3e:a6:bf:06:7c]
RSSI: -80 [da:3e:a6:cb:06:ac]
RSSI: -80 [da:3e:a6:cb:06:ac]
RSSI: -95 [da:37:1f:e4:15:4b]
RSSI: -92 [da:3e:a6:db:06:dc]
RSSI: -86 [da:3e:a6:eb:07:0c]
RSSI: -89 [da:3e:a6:eb:07:0c]
RSSI: -78 [da:3e:a7:07:07:5c]
RSSI: -89 [da:39:04:31:0c:0a]
RSSI: -81 [da:3e:a7:23:07:bc]
RSSI: -75 [da:3e:a7:23:07:bc]
RSSI: -76 [da:3e:a7:23:07:bc]
RSSI: -78 [da:3e:a7:33:07:ec]
RSSI: -70 [da:3e:a7:43:08:1c]
RSSI: -74 [da:3e:a7:4f:08:3c]
RSSI: -70 [da:3e:a7:4f:08:3c]
RSSI: -76 [da:3e:a7:5f:08:6c]
RSSI: -73 [da:3e:a7:5f:08:6c]
RSSI: -86 [da:39:04:7f:0c:ea]
RSSI: -76 [da:3e:a7:6f:08:9c]
RSSI: -85 [da:39:04:7f:0c:ea]
RSSI: -86 [da:39:04:8c:0d:1a]
RSSI: -71 [da:3e:a7:7b:08:cc]
RSSI: -76 [da:3e:a7:7b:08:cc]
RSSI: -88 [da:39:04:99:0d:3a]
RSSI: -74 [da:3e:a7:8b:08:fc]
RSSI: -71 [da:3e:a7:8b:08:fc]
RSSI: -88 [da:39:04:a6:0d:6a]
RSSI: -91 [da:37:20:a1:01:0b]
RSSI: -88 [da:39:04:a6:0d:6a]
RSSI: -75 [da:3e:a7:9b:09:2c]
RSSI: -87 [da:39:04:b3:0d:8a]
RSSI: -84 [da:39:04:b3:0d:8a]
RSSI: -90 [da:37:20:b1:01:2b]
RSSI: -83 [da:3e:a7:a7:09:5c]
RSSI: -87 [da:39:04:c0:0d:aa]
RSSI: -91 [da:37:20:b1:01:2b]
RSSI: -75 [da:3e:a7:a7:09:5c]
RSSI: -91 [da:37:20:bd:01:5b]
RSSI: -73 [da:3e:a7:b7:09:8c]
RSSI: -87 [da:39:04:cd:0d:da]
RSSI: -75 [da:3e:a7:c7:09:bc]
RSSI: -85 [da:39:04:da:0d:fa]
RSSI: -89 [da:37:20:cd:01:8b]
RSSI: -84 [da:39:04:da:0d:fa]
RSSI: -84 [da:39:04:e7:0e:2a]
RSSI: -87 [da:37:20:dc:01:ab]
RSSI: -75 [da:3e:a7:d3:09:ec]
RSSI: -85 [da:39:04:e7:0e:2a]
RSSI: -87 [da:37:20:dc:01:ab]
RSSI: -84 [da:39:04:f3:0e:4a]
RSSI: -85 [da:37:20:e9:01:db]
RSSI: -76 [da:3e:a7:e3:0a:1c]
RSSI: -76 [da:3e:a7:e3:0a:1c]
RSSI: -74 [da:3e:a7:f3:0a:4c]
RSSI: -85 [da:37:20:f8:02:0b]
RSSI: -87 [da:3e:a7:f3:0a:4c]
RSSI: -85 [da:39:05:0e:0e:9a]
RSSI: -73 [da:3e:a8:00:0a:6c]
RSSI: -84 [da:37:21:14:02:5b]
RSSI: -75 [da:3e:a8:0f:0a:9c]
RSSI: -86 [da:37:21:14:02:5b]
RSSI: -73 [da:3e:a8:0f:0a:9c]
RSSI: -86 [da:39:05:27:0e:da]
RSSI: -73 [da:3e:a8:1f:0a:cc]
RSSI: -82 [da:37:21:24:02:8b]
RSSI: -71 [da:3e:a8:1f:0a:cc]
RSSI: -87 [da:37:21:33:02:bb]
RSSI: -71 [da:3e:a8:2c:0a:fc]
RSSI: -84 [da:37:21:40:02:db]
RSSI: -70 [da:3e:a8:3b:0b:2c]
RSSI: -85 [da:37:21:4f:03:0b]
RSSI: -88 [da:39:05:5b:0f:7a]
RSSI: -89 [da:39:05:5b:0f:7a]
RSSI: -71 [da:3e:a8:58:0b:8c]
RSSI: -67 [da:3e:a8:58:0b:8c]
RSSI: -85 [da:37:21:6b:03:5b]
RSSI: -89 [da:39:05:75:0f:ca]
RSSI: -85 [da:37:21:6b:03:5b]
RSSI: -71 [da:3e:a8:67:0b:bc]
RSSI: -69 [da:3e:a8:67:0b:bc]
RSSI: -85 [da:37:21:7b:03:8b]
RSSI: -69 [da:3e:a8:77:0b:ec]
RSSI: -82 [da:37:21:8a:03:bb]
RSSI: -84 [da:37:21:8a:03:bb]
RSSI: -69 [da:3e:a8:84:0c:0c]
RSSI: -70 [da:3e:a8:84:0c:0c]
RSSI: -84 [da:37:21:97:03:db]
RSSI: -69 [da:3e:a8:94:0c:3c]
RSSI: -86 [da:37:21:a6:04:0b]
RSSI: -72 [da:3e:a8:a3:0c:7c]
RSSI: -68 [da:3e:a8:b0:0c:9c]
RSSI: -72 [da:3e:a8:b0:0c:9c]
RSSI: -70 [da:3e:a8:c0:0c:cc]
RSSI: -75 [da:3e:a8:cf:0c:fc]
RSSI: -72 [da:3e:a8:cf:0c:fc]
RSSI: -72 [da:3e:a8:cf:0c:fc]
RSSI: -87 [da:39:05:ea:11:1a]
RSSI: -91 [da:37:21:e1:04:bb]
RSSI: -75 [da:3e:a8:dc:0d:2c]
RSSI: -74 [da:3e:a8:dc:0d:2c]
RSSI: -76 [da:3e:a8:ec:0d:5c]
RSSI: -74 [da:3e:a8:fc:0d:8c]
RSSI: -86 [da:39:06:11:11:8a]
RSSI: -74 [da:3e:a8:fc:0d:8c]
RSSI: -76 [da:3e:a9:08:0d:bc]
RSSI: -82 [da:3e:a9:18:0d:ec]
RSSI: -81 [da:3e:a9:18:0d:ec]
RSSI: -82 [da:3e:a9:44:0e:7c]
RSSI: -83 [da:3e:a9:44:0e:7c]
RSSI: -86 [da:3e:a9:54:0e:ac]
RSSI: -88 [da:3e:a9:54:0e:ac]
RSSI: -87 [da:3e:a9:61:0e:cc]
RSSI: -86 [da:3e:a9:61:0e:cc]
RSSI: -81 [da:3e:a9:61:0e:cc]
RSSI: -78 [da:3e:a9:70:0f:0c]
RSSI: -81 [da:3e:a9:70:0f:0c]
RSSI: -82 [da:3e:a9:80:0f:3c]
RSSI: -75 [da:3e:a9:80:0f:3c]
RSSI: -80 [da:3e:a9:8d:0f:5c]
RSSI: -78 [da:3e:a9:9d:0f:8c]
RSSI: -78 [da:3e:a9:9d:0f:8c]
RSSI: -76 [da:3e:a9:9d:0f:8c]
RSSI: -74 [da:3e:a9:ac:0f:cc]
RSSI: -75 [da:3e:a9:ac:0f:cc]
RSSI: -91 [da:39:06:c7:13:9a]
RSSI: -73 [da:3e:a9:b9:0f:ec]
RSSI: -74 [da:3e:a9:c9:10:1c]
RSSI: -73 [da:3e:a9:c9:10:1c]
RSSI: -76 [da:3e:a9:d9:10:4c]
RSSI: -75 [da:3e:a9:d9:10:4c]
RSSI: -76 [da:3e:a9:e5:10:7c]
RSSI: -75 [da:3e:a9:f5:10:ac]
RSSI: -73 [da:3e:a9:f5:10:ac]
RSSI: -72 [da:3e:aa:05:10:dc]
RSSI: -71 [da:3e:aa:11:11:0c]
RSSI: -72 [da:3e:aa:21:11:3c]
RSSI: -71 [da:3e:aa:21:11:3c]
RSSI: -71 [da:3e:aa:31:11:6c]
RSSI: -71 [da:3e:aa:31:11:6c]
RSSI: -88 [da:39:07:49:15:0a]
RSSI: -74 [da:3e:aa:3e:11:8c]
RSSI: -73 [da:3e:aa:3e:11:8c]
RSSI: -89 [da:39:07:56:15:2a]
RSSI: -79 [da:3e:aa:4e:11:bc]
RSSI: -88 [da:39:07:63:15:4a]
RSSI: -79 [da:3e:aa:5e:11:fc]
RSSI: -77 [da:3e:aa:5e:11:fc]
RSSI: -89 [da:39:07:7e:15:9a]
RSSI: -74 [da:3e:aa:6a:12:1c]
RSSI: -73 [da:3e:aa:7a:12:4c]
RSSI: -67 [da:3e:aa:8a:12:7c]
RSSI: -65 [da:3e:aa:96:12:9c]
RSSI: -65 [da:3e:aa:96:12:9c]
RSSI: -64 [da:3e:aa:96:12:9c]
RSSI: -62 [da:3e:aa:a6:12:dc]
RSSI: -62 [da:3e:aa:b6:13:0c]
RSSI: -61 [da:3e:aa:c3:13:2c]
RSSI: -60 [da:3e:aa:c3:13:2c]
RSSI: -87 [da:39:07:d8:00:6a]
RSSI: -60 [da:3e:aa:d3:13:5c]
RSSI: -60 [da:3e:aa:d3:13:5c]
RSSI: -60 [da:3e:aa:d3:13:5c]
RSSI: -94 [da:37:23:e4:0a:cb]
RSSI: -59 [da:3e:aa:e2:13:8c]
RSSI: -88 [da:39:08:00:00:da]
RSSI: -58 [da:3e:aa:ef:13:bc]
RSSI: -60 [da:3e:aa:ef:13:bc]
RSSI: -88 [da:39:08:0d:01:0a]
RSSI: -59 [da:3e:aa:ff:13:ec]
RSSI: -86 [da:39:08:1a:01:2a]
RSSI: -60 [da:3e:ab:0f:14:1c]
RSSI: -60 [da:3e:ab:0f:14:1c]
RSSI: -83 [da:39:08:27:01:4a]
RSSI: -84 [da:39:08:27:01:4a]
RSSI: -60 [da:3e:ab:1b:14:4c]
RSSI: -84 [da:39:08:34:01:7a]
RSSI: -60 [da:3e:ab:1b:14:4c]
RSSI: -86 [da:39:08:34:01:7a]
RSSI: -61 [da:3e:ab:2b:14:7c]
RSSI: -62 [da:3e:ab:3b:14:ac]
RSSI: -86 [da:39:08:4e:01:ba]
RSSI: -62 [da:3e:ab:3b:14:ac]
RSSI: -85 [da:39:08:5b:01:ea]
RSSI: -64 [da:3e:ab:48:14:cc]
RSSI: -65 [da:3e:ab:58:15:0c]
RSSI: -83 [da:39:08:75:02:2a]
RSSI: -70 [da:3e:ab:68:15:3c]
RSSI: -88 [da:3e:ab:74:15:5c]
RSSI: -85 [da:3e:ab:74:15:5c]
RSSI: -86 [da:39:08:90:02:7a]
RSSI: -86 [da:3e:ab:84:15:8c]
RSSI: -72 [da:3e:ab:84:15:8c]
RSSI: -83 [da:39:08:9c:02:9a]
RSSI: -76 [da:3e:ab:94:15:bc]
RSSI: -74 [da:3e:ab:94:15:bc]
RSSI: -85 [da:39:08:aa:02:ba]
RSSI: -72 [da:3e:ab:a1:15:ec]
RSSI: -85 [da:39:08:b7:02:ea]
RSSI: -71 [da:3e:ab:a1:15:ec]
RSSI: -85 [da:39:08:b7:02:ea]
RSSI: -84 [da:39:08:c4:03:0a]
RSSI: -68 [da:3e:ab:b1:16:1c]
RSSI: -85 [da:39:08:c4:03:0a]
RSSI: -71 [da:3e:ab:b1:16:1c]
RSSI: -85 [da:39:08:d1:03:2a]
RSSI: -71 [da:3e:ab:c0:16:4c]
RSSI: -85 [da:39:08:d1:03:2a]
RSSI: -69 [da:3e:ab:c0:16:4c]
RSSI: -83 [da:39:08:de:03:5a]
RSSI: -74 [da:3e:ab:cd:16:7c]
RSSI: -81 [da:39:08:eb:03:7a]
RSSI: -77 [da:3e:ab:dd:00:3c]
RSSI: -82 [da:39:08:eb:03:7a]
RSSI: -79 [da:3e:ab:dd:00:3c]
RSSI: -81 [da:39:08:f8:03:9a]
RSSI: -80 [da:3e:ab:dd:00:3c]
RSSI: -80 [da:39:08:f8:03:9a]
RSSI: -73 [da:3e:ab:ed:00:6c]
RSSI: -81 [da:39:09:06:03:ba]
RSSI: -79 [da:3e:ab:ed:00:6c]
RSSI: -80 [da:39:09:06:03:ba]
RSSI: -80 [da:39:09:06:03:ba]
RSSI: -71 [da:3e:ab:f9:00:8c]
RSSI: -79 [da:39:09:12:03:ea]
RSSI: -80 [da:39:09:12:03:ea]
RSSI: -76 [da:3e:ac:09:00:bc]
RSSI: -80 [da:39:09:20:04:0a]
RSSI: -70 [da:3e:ac:09:00:bc]
RSSI: -79 [da:39:09:20:04:0a]
RSSI: -76 [da:3e:ac:19:00:fc]
RSSI: -81 [da:39:09:2d:04:2a]
RSSI: -76 [da:3e:ac:19:00:fc]
RSSI: -80 [da:39:09:2d:04:2a]
RSSI: -75 [da:3e:ac:19:00:fc]
RSSI: -81 [da:39:09:39:04:5a]
RSSI: -75 [da:3e:ac:26:01:1c]
RSSI: -81 [da:39:09:47:04:7a]
RSSI: -81 [da:39:09:47:04:7a]
RSSI: -76 [da:3e:ac:36:01:4c]
RSSI: -84 [da:39:09:54:04:9a]
RSSI: -76 [da:3e:ac:46:01:7c]
RSSI: -82 [da:39:09:54:04:9a]
RSSI: -74 [da:3e:ac:46:01:7c]
RSSI: -83 [da:39:09:61:04:ba]
RSSI: -74 [da:3e:ac:52:01:ac]
RSSI: -74 [da:3e:ac:52:01:ac]
RSSI: -80 [da:39:09:6e:04:ea]
RSSI: -73 [da:3e:ac:62:01:dc]
RSSI: -81 [da:39:09:7b:05:0a]
RSSI: -79 [da:39:09:7b:05:0a]
RSSI: -74 [da:3e:ac:62:01:dc]
RSSI: -79 [da:39:09:7b:05:0a]
RSSI: -73 [da:3e:ac:72:02:0c]
RSSI: -73 [da:3e:ac:72:02:0c]
RSSI: -89 [da:3c:12:85:0b:ce]
RSSI: -78 [da:39:09:88:05:2a]
RSSI: -74 [da:3e:ac:7f:02:3c]
RSSI: -74 [da:39:09:96:05:5a]
RSSI: -89 [da:3c:12:91:0b:ee]
RSSI: -73 [da:3e:ac:8f:02:6c]
RSSI: -73 [da:3e:ac:8f:02:6c]
RSSI: -76 [da:39:09:af:05:9a]
RSSI: -73 [da:3e:ac:9f:02:9c]
RSSI: -88 [da:3c:12:af:0c:4e]
RSSI: -75 [da:39:09:af:05:9a]
RSSI: -72 [da:3e:ac:9f:02:9c]
RSSI: -71 [da:39:09:bd:05:ca]
RSSI: -90 [da:3c:12:bb:0c:6e]
RSSI: -71 [da:39:09:bd:05:ca]
RSSI: -74 [da:39:09:bd:05:ca]
RSSI: -72 [da:3e:ac:ab:02:bc]
RSSI: -72 [da:39:09:ca:05:ea]
RSSI: -71 [da:3e:ac:bb:02:fc]
RSSI: -74 [da:3e:ac:bb:02:fc]
RSSI: -72 [da:39:09:d7:06:0a]
RSSI: -72 [da:39:09:d7:06:0a]
RSSI: -72 [da:3e:ac:cb:03:2c]
RSSI: -69 [da:39:09:e4:06:3a]
RSSI: -72 [da:39:09:e4:06:3a]
RSSI: -77 [da:3e:ac:d8:03:4c]
RSSI: -71 [da:39:09:f2:06:5a]
RSSI: -75 [da:3e:ac:d8:03:4c]
RSSI: -71 [da:39:09:f2:06:5a]
RSSI: -72 [da:39:09:fe:06:7a]
RSSI: -79 [da:3e:ac:e8:03:7c]
RSSI: -71 [da:39:09:fe:06:7a]
RSSI: -76 [da:3e:ac:e8:03:7c]
RSSI: -71 [da:39:09:fe:06:7a]
RSSI: -71 [da:3e:ac:f8:03:ac]
RSSI: -68 [da:39:0a:0c:06:aa]
RSSI: -71 [da:3e:ac:f8:03:ac]
RSSI: -71 [da:39:0a:0c:06:aa]
RSSI: -75 [da:3e:ad:04:03:dc]
RSSI: -68 [da:39:0a:19:06:ca]
RSSI: -72 [da:3e:ad:04:03:dc]
RSSI: -71 [da:39:0a:19:06:ca]
RSSI: -76 [da:3e:ad:14:04:0c]
RSSI: -68 [da:39:0a:2b:06:fa]
RSSI: -78 [da:3e:ad:24:04:3c]
RSSI: -70 [da:39:0a:3b:07:2a]
RSSI: -83 [da:3e:ad:31:04:5c]
RSSI: -71 [da:39:0a:49:07:5a]
RSSI: -85 [da:3e:ad:31:04:5c]
RSSI: -69 [da:39:0a:55:07:7a]
RSSI: -75 [da:3e:ad:41:04:8c]
RSSI: -74 [da:39:0a:63:07:9a]
RSSI: -73 [da:39:0a:70:07:ca]
RSSI: -80 [da:3e:ad:5d:04:ec]
RSSI: -74 [da:39:0a:70:07:ca]
RSSI: -75 [da:3e:ad:5d:04:ec]
RSSI: -72 [da:39:0a:7d:07:ea]
RSSI: -72 [da:39:0a:7d:07:ea]
RSSI: -80 [da:3e:ad:6d:05:1c]
RSSI: -77 [da:3e:ad:6d:05:1c]
RSSI: -76 [da:39:0a:8a:08:0a]
RSSI: -80 [da:3e:ad:7d:05:4c]
RSSI: -78 [da:39:0a:97:08:3a]
RSSI: -77 [da:39:0a:97:08:3a]
RSSI: -78 [da:39:0a:a4:08:5a]
RSSI: -78 [da:3e:ad:8a:05:7c]
RSSI: -82 [da:39:0a:a4:08:5a]
RSSI: -81 [da:39:0a:b2:08:7a]
RSSI: -81 [da:39:0a:b2:08:7a]
RSSI: -83 [da:3e:ad:aa:05:dc]
RSSI: -84 [da:39:0a:bf:08:aa]
RSSI: -78 [da:39:0a:cc:08:ca]
RSSI: -82 [da:39:0a:cc:08:ca]
RSSI: -81 [da:39:0a:d9:08:fa]
RSSI: -82 [da:39:0a:e6:09:1a]
RSSI: -85 [da:3e:ad:e3:06:8c]
RSSI: -81 [da:39:0b:01:09:6a]
RSSI: -81 [da:39:0b:01:09:6a]
RSSI: -85 [da:39:0b:0e:09:8a]
RSSI: -85 [da:3e:ad:f3:06:bc]
RSSI: -86 [da:39:0b:0e:09:8a]
RSSI: -89 [da:39:0b:1b:09:ba]
RSSI: -85 [da:3e:ae:10:07:1c]
RSSI: -83 [da:3e:ae:10:07:1c]
RSSI: -90 [da:39:0b:42:0a:2a]
RSSI: -91 [da:39:0b:42:0a:2a]
RSSI: -79 [da:3e:ae:3c:07:ac]
RSSI: -86 [da:39:0b:50:0a:4a]
RSSI: -86 [da:3e:ae:3c:07:ac]
RSSI: -77 [da:3e:ae:4d:07:dc]
RSSI: -78 [da:3e:ae:5c:08:0c]
RSSI: -77 [da:3e:ae:5c:08:0c]
RSSI: -77 [da:3e:ae:69:08:3c]
RSSI: -77 [da:3e:ae:69:08:3c]
RSSI: -75 [da:3e:ae:69:08:3c]
RSSI: -76 [da:3e:ae:79:08:6c]
RSSI: -74 [da:3e:ae:89:08:9c]
RSSI: -73 [da:3e:ae:96:08:cc]
RSSI: -74 [da:3e:ae:96:08:cc]
RSSI: -73 [da:3e:ae:a6:08:fc]
RSSI: -73 [da:3e:ae:a6:08:fc]
RSSI: -77 [da:3e:ae:b6:09:2c]
RSSI: -75 [da:3e:ae:c2:09:5c]
RSSI: -79 [da:3e:ae:c2:09:5c]
RSSI: -90 [da:39:0b:e0:0b:fa]
RSSI: -73 [da:3e:ae:d3:09:8c]
RSSI: -82 [da:3e:ae:e3:09:bc]
RSSI: -76 [da:3e:ae:e3:09:bc]
RSSI: -76 [da:3e:ae:e3:09:bc]
RSSI: -90 [da:37:27:f3:00:5b]
RSSI: -76 [da:3e:ae:ef:09:ec]
RSSI: -82 [da:3e:ae:ff:0a:1c]
RSSI: -89 [da:39:0c:16:0c:8a]
RSSI: -70 [da:3e:af:0f:0a:4c]
RSSI: -87 [da:39:0c:23:0c:ba]
RSSI: -75 [da:3e:af:1c:0a:6c]
RSSI: -86 [da:39:0c:30:0c:da]
RSSI: -72 [da:3e:af:1c:0a:6c]
RSSI: -81 [da:3e:af:2c:0a:ac]
RSSI: -74 [da:3e:af:2c:0a:ac]
RSSI: -85 [da:39:0c:3d:0d:0a]
RSSI: -85 [da:39:0c:4b:0d:2a]
RSSI: -79 [da:3e:af:3c:0a:dc]
RSSI: -87 [da:39:0c:57:0d:4a]
RSSI: -87 [da:39:0c:57:0d:4a]
RSSI: -86 [da:39:0c:57:0d:4a]
RSSI: -72 [da:3e:af:49:0a:fc]
RSSI: -86 [da:39:0c:65:0d:7a]
RSSI: -70 [da:3e:af:59:0b:2c]
RSSI: -85 [da:39:0c:72:0d:9a]
RSSI: -86 [da:39:0c:72:0d:9a]
RSSI: -86 [da:37:28:6a:01:bb]
RSSI: -68 [da:3e:af:69:0b:6c]
RSSI: -84 [da:39:0c:7f:0d:ca]
RSSI: -85 [da:37:28:77:01:eb]
RSSI: -85 [da:39:0c:8c:0d:ea]
RSSI: -71 [da:3e:af:75:0b:8c]
RSSI: -86 [da:39:0c:8c:0d:ea]
RSSI: -68 [da:3e:af:75:0b:8c]
RSSI: -84 [da:37:28:87:02:1b]
RSSI: -82 [da:39:0c:9a:0e:1a]
RSSI: -71 [da:3e:af:86:0b:bc]
RSSI: -83 [da:39:0c:9a:0e:1a]
RSSI: -83 [da:39:0c:a7:0e:3a]
RSSI: -67 [da:3e:af:96:0b:fc]
RSSI: -83 [da:39:0c:a7:0e:3a]
RSSI: -84 [da:39:0c:b4:0e:6a]
RSSI: -68 [da:3e:af:a2:0c:1c]
RSSI: -86 [da:39:0c:b4:0e:6a]
RSSI: -68 [da:3e:af:a2:0c:1c]
RSSI: -83 [da:37:28:b3:02:9b]
RSSI: -72 [da:3e:af:b2:0c:4c]
RSSI: -85 [da:37:28:c3:02:cb]
RSSI: -67 [da:3e:af:b2:0c:4c]
RSSI: -82 [da:37:28:c3:02:cb]
RSSI: -72 [da:3e:af:c2:0c:7c]
RSSI: -86 [da:37:28:cf:02:eb]
RSSI: -89 [da:39:0c:dc:0e:da]
RSSI: -84 [da:37:28:cf:02:eb]
RSSI: -70 [da:3e:af:cf:0c:ac]
RSSI: -71 [da:3e:af:cf:0c:ac]
RSSI: -88 [da:37:28:df:03:1b]
RSSI: -85 [da:37:28:df:03:1b]
RSSI: -69 [da:3e:af:df:0c:dc]
RSSI: -85 [da:39:0c:f6:0f:2a]
RSSI: -88 [da:37:28:ef:03:4b]
RSSI: -69 [da:3e:af:ef:0d:0c]
RSSI: -84 [da:37:28:fc:03:6b]
RSSI: -83 [da:37:28:fc:03:6b]
RSSI: -86 [da:39:0d:11:0f:7a]
RSSI: -71 [da:3e:af:fc:0d:3c]
RSSI: -86 [da:39:0d:11:0f:7a]
RSSI: -69 [da:3e:af:fc:0d:3c]
RSSI: -84 [da:39:0d:1e:0f:9a]
RSSI: -74 [da:3e:b0:0c:0d:6c]
RSSI: -71 [da:3e:b0:1c:0d:9c]
RSSI: -85 [da:39:0d:39:0f:ea]
RSSI: -85 [da:39:0d:39:0f:ea]
RSSI: -73 [da:3e:b0:29:0d:cc]
RSSI: -73 [da:3e:b0:29:0d:cc]
RSSI: -70 [da:3e:b0:39:0d:fc]
RSSI: -74 [da:3e:b0:39:0d:fc]
RSSI: -87 [da:37:29:47:04:5b]
RSSI: -87 [da:39:0d:60:10:5a]
RSSI: -87 [da:39:0d:60:10:5a]
RSSI: -76 [da:3e:b0:55:0e:4c]
RSSI: -80 [da:3e:b0:66:0e:8c]
RSSI: -79 [da:3e:b0:82:0e:dc]
RSSI: -81 [da:3e:b0:82:0e:dc]
RSSI: -86 [da:3e:b0:92:0f:1c]
RSSI: -78 [da:3e:b0:a3:0f:4c]
RSSI: -76 [da:3e:b0:af:0f:6c]
RSSI: -77 [da:3e:b0:af:0f:6c]
RSSI: -76 [da:3e:b0:bf:0f:ac]
RSSI: -77 [da:3e:b0:bf:0f:ac]
RSSI: -77 [da:3e:b0:cf:0f:dc]
RSSI: -76 [da:3e:b0:dc:0f:fc]
RSSI: -87 [da:39:0d:f2:11:fa]
RSSI: -74 [da:3e:b0:dc:0f:fc]
RSSI: -75 [da:3e:b0:ec:10:2c]
RSSI: -73 [da:3e:b0:fc:10:6c]
RSSI: -95 [da:39:0e:27:12:9a]
RSSI: -73 [da:3e:b1:09:10:8c]
RSSI: -73 [da:3e:b1:09:10:8c]
RSSI: -74 [da:3e:b1:22:10:dc]
RSSI: -75 [da:3e:b1:22:10:dc]
RSSI: -73 [da:3e:b1:22:10:dc]
RSSI: -73 [da:3e:b1:32:11:0c]
RSSI: -88 [da:39:0e:42:12:da]
RSSI: -73 [da:3e:b1:32:11:0c]
RSSI: -71 [da:3e:b1:3f:11:3c]
RSSI: -72 [da:3e:b1:4f:11:6c]
RSSI: -70 [da:3e:b1:4f:11:6c]
RSSI: -70 [da:3e:b1:5f:11:9c]
RSSI: -70 [da:3e:b1:6b:11:cc]
RSSI: -69 [da:3e:b1:6b:11:cc]
RSSI: -72 [da:3e:b1:7b:11:fc]
RSSI: -78 [da:3e:b1:88:12:1c]
RSSI: -79 [da:3e:b1:88:12:1c]
RSSI: -76 [da:3e:b1:95:12:4c]
RSSI: -91 [da:39:0e:ac:14:1a]
RSSI: -75 [da:3e:b1:a1:12:6c]
RSSI: -79 [da:3e:b1:ae:12:9c]
RSSI: -71 [da:3e:b1:ae:12:9c]
RSSI: -74 [da:3e:b1:bb:12:bc]
RSSI: -87 [da:39:0e:d4:14:8a]
RSSI: -67 [da:3e:b1:c8:12:ec]
RSSI: -68 [da:3e:b1:d4:13:0c]
RSSI: -63 [da:3e:b1:d4:13:0c]
RSSI: -64 [da:3e:b1:e1:13:3c]
RSSI: -65 [da:3e:b1:e1:13:3c]
RSSI: -61 [da:3e:b1:ee:13:5c]
RSSI: -63 [da:3e:b1:ee:13:5c]
RSSI: -63 [da:3e:b1:ee:13:5c]
RSSI: -61 [da:3e:b1:fa:13:8c]
RSSI: -61 [da:3e:b1:fa:13:8c]
RSSI: -87 [da:39:0f:17:15:4a]
RSSI: -86 [da:39:0f:17:15:4a]
RSSI: -86 [da:39:0f:24:15:6a]
RSSI: -60 [da:3e:b2:14:13:dc]
RSSI: -60 [da:3e:b2:14:13:dc]
RSSI: -59 [da:3e:b2:20:13:fc]
RSSI: -86 [da:39:0f:31:15:8a]
RSSI: -62 [da:3e:b2:20:13:fc]
RSSI: -60 [da:3e:b2:2d:14:2c]
RSSI: -59 [da:3e:b2:2d:14:2c]
RSSI: -63 [da:3e:b2:3a:14:4c]
RSSI: -59 [da:3e:b2:3a:14:4c]
RSSI: -59 [da:3e:b2:46:14:7c]
RSSI: -63 [da:3e:b2:46:14:7c]
RSSI: -60 [da:3e:b2:53:14:9c]
RSSI: -59 [da:3e:b2:53:14:9c]
RSSI: -60 [da:3e:b2:53:14:9c]
RSSI: -60 [da:3e:b2:53:14:9c]
RSSI: -63 [da:3e:b2:60:14:bc]
RSSI: -60 [da:3e:b2:60:14:bc]
RSSI: -60 [da:3e:b2:6c:14:ec]
RSSI: -62 [da:3e:b2:79:15:0c]
RSSI: -62 [da:3e:b2:79:15:0c]
RSSI: -61 [da:3e:b2:79:15:0c]
RSSI: -67 [da:3e:b2:86:15:3c]
RSSI: -64 [da:3e:b2:86:15:3c]
RSSI: -63 [da:3e:b2:93:15:5c]
RSSI: -71 [da:3e:b2:93:15:5c]
RSSI: -89 [da:39:0f:a9:00:9a]
RSSI: -67 [da:3e:b2:9f:15:8c]
RSSI: -69 [da:3e:b2:9f:15:8c]
RSSI: -77 [da:3e:b2:ac:15:ac]
RSSI: -72 [da:3e:b2:ac:15:ac]
RSSI: -76 [da:3e:b2:b9:15:dc]
RSSI: -86 [da:39:0f:c3:00:ea]
RSSI: -87 [da:3e:b2:b9:15:dc]
RSSI: -85 [da:39:0f:d1:01:0a]
RSSI: -85 [da:39:0f:df:01:2a]
RSSI: -83 [da:39:0f:df:01:2a]
RSSI: -75 [da:3e:b2:d2:16:2c]
RSSI: -85 [da:39:0f:eb:01:5a]
RSSI: -76 [da:3e:b2:d2:16:2c]
RSSI: -72 [da:3e:b2:df:16:4c]
RSSI: -72 [da:3e:b2:df:16:4c]
RSSI: -70 [da:3e:b2:df:16:4c]
RSSI: -84 [da:39:0f:f9:01:7a]
RSSI: -72 [da:3e:b2:ec:16:7c]
RSSI: -85 [da:39:0f:f9:01:7a]
RSSI: -70 [da:3e:b2:ec:16:7c]
RSSI: -84 [da:39:10:07:01:aa]
RSSI: -70 [da:3e:b2:f8:00:0c]
RSSI: -85 [da:39:10:07:01:aa]
RSSI: -71 [da:3e:b2:f8:00:0c]
RSSI: -84 [da:39:10:13:01:ca]
RSSI: -70 [da:3e:b3:05:00:2c]
RSSI: -84 [da:39:10:13:01:ca]
RSSI: -70 [da:3e:b3:05:00:2c]
RSSI: -71 [da:3e:b3:12:00:4c]
RSSI: -73 [da:3e:b3:12:00:4c]
RSSI: -74 [da:3e:b3:1f:00:7c]
RSSI: -74 [da:3e:b3:1f:00:7c]
RSSI: -84 [da:39:10:3b:02:3a]
RSSI: -77 [da:3e:b3:2b:00:9c]
RSSI: -84 [da:39:10:49:02:5a]
RSSI: -76 [da:3e:b3:38:00:cc]
RSSI: -86 [da:39:10:49:02:5a]
RSSI: -76 [da:3e:b3:38:00:cc]
RSSI: -72 [da:3e:b3:45:00:ec]
RSSI: -82 [da:39:10:57:02:8a]
RSSI: -75 [da:3e:b3:45:00:ec]
RSSI: -73 [da:3e:b3:51:01:1c]
RSSI: -74 [da:3e:b3:5e:01:3c]
RSSI: -86 [da:39:10:71:02:ca]
RSSI: -73 [da:3e:b3:5e:01:3c]
RSSI: -85 [da:39:10:71:02:ca]
RSSI: -73 [da:3e:b3:6b:01:6c]
RSSI: -83 [da:39:10:7f:02:fa]
RSSI: -73 [da:3e:b3:6b:01:6c]
RSSI: -75 [da:3e:b3:6b:01:6c]
RSSI: -86 [da:39:10:7f:02:fa]
RSSI: -84 [da:39:10:8c:03:1a]
RSSI: -74 [da:3e:b3:78:01:8c]
RSSI: -83 [da:39:10:8c:03:1a]
RSSI: -76 [da:3e:b3:84:01:bc]
RSSI: -84 [da:39:10:99:03:3a]
RSSI: -73 [da:3e:b3:84:01:bc]
RSSI: -83 [da:39:10:99:03:3a]
RSSI: -78 [da:3e:b3:91:01:dc]
RSSI: -78 [da:3e:b3:91:01:dc]
RSSI: -84 [da:39:10:a7:03:6a]
RSSI: -83 [da:39:10:a7:03:6a]
RSSI: -81 [da:39:10:b4:03:8a]
RSSI: -88 [da:3c:19:b8:09:be]
RSSI: -74 [da:3e:b3:ab:02:2c]
RSSI: -81 [da:39:10:c2:03:aa]
RSSI: -74 [da:3e:b3:ab:02:2c]
RSSI: -77 [da:3e:b3:b7:02:5c]
RSSI: -81 [da:39:10:cf:03:da]
RSSI: -87 [da:3c:19:d6:0a:1e]
RSSI: -74 [da:3e:b3:c4:02:7c]
RSSI: -79 [da:39:10:dc:03:fa]
RSSI: -75 [da:3e:b3:d1:02:ac]
RSSI: -73 [da:3e:b3:d1:02:ac]
RSSI: -76 [da:3e:b3:de:02:cc]
RSSI: -81 [da:39:10:f7:04:4a]
RSSI: -81 [da:39:10:f7:04:4a]
RSSI: -72 [da:3e:b3:ea:02:fc]
RSSI: -81 [da:39:11:04:04:6a]
RSSI: -74 [da:3e:b3:f7:03:1c]
RSSI: -73 [da:3e:b3:f7:03:1c]
RSSI: -80 [da:39:11:12:04:9a]
RSSI: -76 [da:3e:b4:04:03:4c]
RSSI: -80 [da:39:11:1f:04:ba]
RSSI: -80 [da:39:11:1f:04:ba]
RSSI: -75 [da:3e:b4:11:03:6c]
RSSI: -79 [da:39:11:1f:04:ba]
RSSI: -86 [da:3c:1a:2b:0b:0e]
RSSI: -77 [da:39:11:2c:04:da]
RSSI: -78 [da:39:11:2c:04:da]
RSSI: -80 [da:3e:b4:1e:03:9c]
RSSI: -77 [da:39:11:2c:04:da]
RSSI: -75 [da:3e:b4:1e:03:9c]
RSSI: -77 [da:3e:b4:2a:03:cc]
RSSI: -75 [da:39:11:48:05:2a]
RSSI: -88 [da:3c:1a:56:0b:8e]
RSSI: -73 [da:39:11:54:05:4a]
RSSI: -89 [da:3c:1a:56:0b:8e]
RSSI: -87 [da:3c:1a:56:0b:8e]
RSSI: -76 [da:3e:b4:51:04:3c]
RSSI: -71 [da:39:11:70:05:9a]
RSSI: -79 [da:3e:b4:5d:04:6c]
RSSI: -87 [da:3c:1a:72:0b:de]
RSSI: -89 [da:3c:1a:72:0b:de]
RSSI: -83 [da:3e:b4:6a:04:8c]
RSSI: -70 [da:39:11:7c:05:ca]
RSSI: -79 [da:3e:b4:6a:04:8c]
RSSI: -70 [da:39:11:7c:05:ca]
RSSI: -93 [da:3c:1a:81:0b:fe]
RSSI: -68 [da:39:11:8a:05:ea]
RSSI: -78 [da:3e:b4:77:04:bc]
RSSI: -70 [da:39:11:8a:05:ea]
RSSI: -81 [da:3e:b4:84:04:dc]
RSSI: -69 [da:39:11:98:06:0a]
RSSI: -69 [da:39:11:a5:06:3a]
RSSI: -84 [da:3e:b4:90:05:0c]
RSSI: -69 [da:39:11:a5:06:3a]
RSSI: -81 [da:3e:b4:90:05:0c]
RSSI: -69 [da:39:11:a5:06:3a]
RSSI: -81 [da:3e:b4:9d:05:2c]
RSSI: -66 [da:39:11:b2:06:5a]
RSSI: -69 [da:39:11:b2:06:5a]
RSSI: -81 [da:3e:b4:aa:05:5c]
RSSI: -68 [da:39:11:c0:06:8a]
RSSI: -66 [da:39:11:c0:06:8a]
RSSI: -69 [da:39:11:cd:06:aa]
RSSI: -80 [da:3e:b4:b7:05:7c]
RSSI: -68 [da:39:11:cd:06:aa]
RSSI: -85 [da:3e:b4:c4:05:ac]
RSSI: -79 [da:3e:b4:d0:05:cc]
RSSI: -67 [da:39:11:e8:06:fa]
RSSI: -80 [da:3e:b4:dd:05:fc]
RSSI: -69 [da:39:11:f5:07:1a]
RSSI: -84 [da:3e:b4:ea:06:1c]
RSSI: -69 [da:39:12:03:07:3a]
RSSI: -69 [da:39:12:03:07:3a]
RSSI: -79 [da:3e:b4:f7:06:4c]
RSSI: -68 [da:39:12:11:07:5a]
RSSI: -81 [da:3e:b5:04:06:6c]
RSSI: -81 [da:3e:b5:04:06:6c]
RSSI: -70 [da:39:12:1d:07:8a]
RSSI: -70 [da:39:12:1d:07:8a]
RSSI: -87 [da:3e:b5:10:06:9c]
RSSI: -72 [da:39:12:2b:07:aa]
RSSI: -71 [da:39:12:2b:07:aa]
RSSI: -80 [da:3e:b5:1d:06:bc]
RSSI: -72 [da:39:12:2b:07:aa]
RSSI: -70 [da:39:12:39:07:da]
RSSI: -85 [da:3e:b5:2a:06:ec]
RSSI: -73 [da:39:12:39:07:da]
RSSI: -85 [da:3e:b5:2a:06:ec]
RSSI: -83 [da:3e:b5:2a:06:ec]
RSSI: -74 [da:39:12:46:07:fa]
RSSI: -73 [da:39:12:46:07:fa]
RSSI: -76 [da:39:12:53:08:1a]
RSSI: -87 [da:3e:b5:43:07:3c]
RSSI: -77 [da:39:12:53:08:1a]
RSSI: -79 [da:39:12:61:08:4a]
RSSI: -80 [da:39:12:6e:08:6a]
RSSI: -91 [da:3e:b5:5d:07:8c]
RSSI: -83 [da:39:12:7c:08:8a]
RSSI: -83 [da:39:12:89:08:ba]
RSSI: -79 [da:39:12:96:08:da]
RSSI: -83 [da:3e:b5:84:08:0c]
RSSI: -79 [da:39:12:96:08:da]
RSSI: -82 [da:39:12:a4:09:0a]
RSSI: -82 [da:3e:b5:90:08:2c]
RSSI: -82 [da:39:12:a4:09:0a]
RSSI: -79 [da:39:12:a4:09:0a]
RSSI: -82 [da:3e:b5:9d:08:5c]
RSSI: -83 [da:39:12:b2:09:2a]
RSSI: -80 [da:3e:b5:9d:08:5c]
RSSI: -83 [da:39:12:b2:09:2a]
RSSI: -86 [da:39:12:be:09:5a]
RSSI: -78 [da:3e:b5:b7:08:ac]
RSSI: -86 [da:39:12:cc:09:7a]
RSSI: -83 [da:3e:b5:c4:08:cc]
RSSI: -76 [da:3e:b5:c4:08:cc]
RSSI: -90 [da:39:12:da:09:9a]
RSSI: -78 [da:3e:b5:d1:08:fc]
RSSI: -75 [da:3e:b5:dd:09:1c]
RSSI: -82 [da:3e:b5:ea:09:4c]
RSSI: -74 [da:3e:b5:ea:09:4c]
RSSI: -91 [da:39:13:02:0a:0a]
RSSI: -78 [da:3e:b5:f7:09:6c]
RSSI: -75 [da:3e:b6:04:09:9c]
RSSI: -83 [da:3e:b6:11:09:bc]
RSSI: -76 [da:3e:b6:11:09:bc]
RSSI: -78 [da:3e:b6:1e:09:ec]
RSSI: -80 [da:3e:b6:2a:0a:0c]
RSSI: -97 [da:39:13:53:0a:fa]
RSSI: -75 [da:3e:b6:44:0a:5c]
RSSI: -85 [da:3e:b6:51:0a:8c]
RSSI: -84 [da:3e:b6:5e:0a:ac]
RSSI: -80 [da:3e:b6:5e:0a:ac]
RSSI: -75 [da:3e:b6:6b:0a:dc]
RSSI: -76 [da:3e:b6:77:0b:0c]
RSSI: -79 [da:3e:b6:84:0b:2c]
RSSI: -74 [da:3e:b6:84:0b:2c]
RSSI: -76 [da:3e:b6:91:0b:5c]
RSSI: -75 [da:3e:b6:91:0b:5c]
RSSI: -74 [da:3e:b6:9e:0b:7c]
RSSI: -77 [da:3e:b6:ab:0b:ac]
RSSI: -74 [da:3e:b6:ab:0b:ac]
RSSI: -75 [da:3e:b6:b8:0b:cc]
RSSI: -74 [da:3e:b6:b8:0b:cc]
RSSI: -77 [da:3e:b6:b8:0b:cc]
RSSI: -73 [da:3e:b6:c4:0b:fc]
RSSI: -77 [da:3e:b6:d1:0c:2c]
RSSI: -72 [da:3e:b6:d1:0c:2c]
RSSI: -71 [da:3e:b6:de:0c:4c]
RSSI: -92 [da:37:2f:e5:01:9b]
RSSI: -76 [da:3e:b6:de:0c:4c]
RSSI: -73 [da:3e:b6:eb:0c:7c]
RSSI: -76 [da:3e:b6:f8:0c:9c]
RSSI: -73 [da:3e:b6:f8:0c:9c]
RSSI: -73 [da:3e:b7:05:0c:cc]
RSSI: -76 [da:3e:b7:05:0c:cc]
RSSI: -74 [da:3e:b7:12:0c:ec]
RSSI: -74 [da:3e:b7:12:0c:ec]
RSSI: -84 [da:37:30:1e:02:3b]
RSSI: -83 [da:37:30:1e:02:3b]
RSSI: -84 [da:37:30:1e:02:3b]
RSSI: -79 [da:3e:b7:1f:0d:1c]
RSSI: -73 [da:3e:b7:1f:0d:1c]
RSSI: -85 [da:37:30:2e:02:6b]
RSSI: -73 [da:3e:b7:2c:0d:4c]
RSSI: -82 [da:37:30:2e:02:6b]
RSSI: -79 [da:3e:b7:2c:0d:4c]
RSSI: -83 [da:37:30:3e:02:9b]
RSSI: -74 [da:3e:b7:38:0d:6c]
RSSI: -83 [da:37:30:3e:02:9b]
RSSI: -73 [da:3e:b7:38:0d:6c]
RSSI: -88 [da:39:14:52:0d:da]
RSSI: -82 [da:37:30:4b:02:bb]
RSSI: -77 [da:3e:b7:45:0d:9c]
RSSI: -89 [da:39:14:52:0d:da]
RSSI: -81 [da:37:30:4b:02:bb]
RSSI: -76 [da:3e:b7:45:0d:9c]
RSSI: -87 [da:39:14:60:0d:fa]
RSSI: -74 [da:3e:b7:52:0d:bc]
RSSI: -80 [da:37:30:6b:03:1b]
RSSI: -75 [da:3e:b7:5f:0d:ec]
RSSI: -80 [da:37:30:6b:03:1b]
RSSI: -86 [da:3e:b7:6c:0e:0c]
RSSI: -76 [da:3e:b7:79:0e:3c]
RSSI: -87 [da:3e:b7:79:0e:3c]
RSSI: -80 [da:37:30:88:03:7b]
RSSI: -80 [da:3e:b7:85:0e:6c]
RSSI: -81 [da:37:30:88:03:7b]
RSSI: -75 [da:3e:b7:85:0e:6c]
RSSI: -84 [da:3e:b7:93:0e:8c]
RSSI: -81 [da:37:30:98:03:ab]
RSSI: -84 [da:3e:b7:93:0e:8c]
RSSI: -81 [da:3e:b7:93:0e:8c]
RSSI: -80 [da:37:30:a5:03:cb]
RSSI: -76 [da:3e:b7:9f:0e:bc]
RSSI: -81 [da:37:30:a5:03:cb]
RSSI: -80 [da:3e:b7:ac:0e:dc]
RSSI: -82 [da:37:30:b5:03:fb]
RSSI: -81 [da:37:30:b5:03:fb]
RSSI: -77 [da:3e:b7:ac:0e:dc]
RSSI: -81 [da:37:30:b5:03:fb]
RSSI: -87 [da:3e:b7:b9:0f:0c]
RSSI: -85 [da:3e:b7:b9:0f:0c]
RSSI: -84 [da:3e:b7:b9:0f:0c]
RSSI: -80 [da:3e:b7:c6:0f:2c]
RSSI: -82 [da:3e:b7:d3:0f:5c]
RSSI: -83 [da:37:30:db:04:6b]
RSSI: -78 [da:3e:b7:d3:0f:5c]
RSSI: -84 [da:37:30:db:04:6b]
RSSI: -87 [da:3e:b7:e0:0f:8c]
RSSI: -86 [da:37:30:eb:04:9b]
RSSI: -80 [da:3e:b7:e0:0f:8c]
RSSI: -74 [da:3e:b7:ed:0f:ac]
RSSI: -88 [da:37:30:fb:04:cb]
RSSI: -80 [da:3e:b7:ed:0f:ac]
RSSI: -88 [da:37:30:fb:04:cb]
RSSI: -76 [da:3e:b7:f9:0f:dc]
RSSI: -73 [da:3e:b7:f9:0f:dc]
RSSI: -76 [da:3e:b8:07:0f:fc]
RSSI: -75 [da:3e:b8:07:0f:fc]
RSSI: -71 [da:3e:b8:14:10:2c]
RSSI: -75 [da:3e:b8:14:10:2c]
RSSI: -74 [da:3e:b8:20:10:4c]
RSSI: -71 [da:3e:b8:20:10:4c]
RSSI: -74 [da:3e:b8:2d:10:7c]
RSSI: -72 [da:3e:b8:2d:10:7c]
RSSI: -70 [da:3e:b8:3a:10:9c]
RSSI: -72 [da:3e:b8:3a:10:9c]
RSSI: -70 [da:3e:b8:47:10:cc]
RSSI: -69 [da:3e:b8:47:10:cc]
RSSI: -72 [da:3e:b8:54:10:ec]
RSSI: -69 [da:3e:b8:54:10:ec]
RSSI: -71 [da:3e:b8:61:11:1c]
RSSI: -71 [da:3e:b8:61:11:1c]
RSSI: -70 [da:3e:b8:6e:11:3c]
RSSI: -70 [da:3e:b8:6e:11:3c]
RSSI: -72 [da:3e:b8:7b:11:6c]
RSSI: -70 [da:3e:b8:7b:11:6c]
RSSI: -91 [da:39:15:97:11:7a]
RSSI: -69 [da:3e:b8:88:11:8c]
RSSI: -67 [da:3e:b8:94:11:bc]
RSSI: -68 [da:3e:b8:94:11:bc]
RSSI: -68 [da:3e:b8:94:11:bc]
RSSI: -67 [da:3e:b8:a2:11:ec]
RSSI: -66 [da:3e:b8:a2:11:ec]
RSSI: -67 [da:3e:b8:af:12:0c]
RSSI: -69 [da:3e:b8:c8:12:5c]
RSSI: -68 [da:3e:b8:c8:12:5c]
RSSI: -72 [da:3e:b8:d5:12:8c]
RSSI: -72 [da:3e:b8:e2:12:ac]
RSSI: -76 [da:3e:b8:ef:12:dc]
RSSI: -77 [da:3e:b8:ef:12:dc]
RSSI: -72 [da:3e:b8:fc:13:0c]
RSSI: -73 [da:3e:b9:09:13:2c]
RSSI: -88 [da:39:16:1f:13:0a]
RSSI: -69 [da:3e:b9:16:13:5c]
RSSI: -67 [da:3e:b9:23:13:7c]
RSSI: -72 [da:3e:b9:30:13:ac]
RSSI: -89 [da:39:16:47:13:7a]
RSSI: -64 [da:3e:b9:3d:13:cc]
RSSI: -66 [da:3e:b9:4a:13:fc]
RSSI: -66 [da:3e:b9:4a:13:fc]
RSSI: -69 [da:3e:b9:56:14:1c]
RSSI: -94 [da:37:32:69:09:1b]
RSSI: -67 [da:3e:b9:71:14:6c]
RSSI: -63 [da:3e:b9:71:14:6c]
RSSI: -71 [da:3e:b9:7d:14:9c]
RSSI: -71 [da:3e:b9:7d:14:9c]
RSSI: -64 [da:3e:b9:8b:14:bc]
RSSI: -68 [da:3e:b9:98:14:ec]
RSSI: -64 [da:3e:b9:98:14:ec]
RSSI: -77 [da:3e:b9:a4:15:0c]
RSSI: -70 [da:3e:b9:a4:15:0c]
RSSI: -68 [da:3e:b9:b1:15:3c]
RSSI: -73 [da:3e:b9:be:15:6c]
RSSI: -72 [da:3e:b9:be:15:6c]
RSSI: -86 [da:3e:b9:cb:15:8c]
RSSI: -75 [da:3e:b9:cb:15:8c]
RSSI: -94 [da:39:16:ea:15:4a]
RSSI: -75 [da:3e:b9:d8:15:bc]
RSSI: -76 [da:3e:b9:d8:15:bc]
RSSI: -94 [da:37:32:e8:0a:9b]
RSSI: -83 [da:3e:b9:e5:15:dc]
RSSI: -79 [da:3e:b9:e5:15:dc]
RSSI: -86 [da:3e:b9:f2:16:0c]
RSSI: -85 [da:3e:b9:f2:16:0c]
RSSI: -79 [da:3e:b9:ff:16:2c]
RSSI: -81 [da:3e:b9:ff:16:2c]
RSSI: -76 [da:3e:ba:0c:16:5c]
RSSI: -75 [da:3e:ba:19:16:7c]
RSSI: -79 [da:3e:ba:19:16:7c]
RSSI: -73 [da:3e:ba:26:00:2c]
RSSI: -71 [da:3e:ba:26:00:2c]
RSSI: -75 [da:3e:ba:33:00:5c]
RSSI: -75 [da:3e:ba:33:00:5c]
RSSI: -72 [da:3e:ba:33:00:5c]
RSSI: -72 [da:3e:ba:33:00:5c]
RSSI: -70 [da:3e:ba:40:00:7c]
RSSI: -72 [da:3e:ba:4d:00:ac]
RSSI: -73 [da:3e:ba:5a:00:cc]
RSSI: -74 [da:3e:ba:5a:00:cc]
RSSI: -75 [da:3e:ba:67:00:fc]
RSSI: -76 [da:3e:ba:67:00:fc]
RSSI: -76 [da:3e:ba:74:01:1c]
RSSI: -78 [da:3e:ba:74:01:1c]
RSSI: -77 [da:3e:ba:81:01:4c]
RSSI: -77 [da:3e:ba:81:01:4c]
RSSI: -77 [da:3e:ba:8e:01:6c]
RSSI: -92 [da:37:33:9a:0c:ab]
RSSI: -75 [da:3e:ba:9b:01:9c]
RSSI: -75 [da:3e:ba:9b:01:9c]
RSSI: -75 [da:3e:ba:a8:01:cc]
RSSI: -73 [da:3e:ba:a8:01:cc]
RSSI: -75 [da:3e:ba:b5:01:ec]
RSSI: -75 [da:3e:ba:c2:02:1c]
RSSI: -89 [da:39:17:d8:01:ea]
RSSI: -75 [da:3e:ba:cf:02:3c]
RSSI: -74 [da:3e:ba:cf:02:3c]
RSSI: -87 [da:39:17:f4:02:3a]
RSSI: -77 [da:3e:ba:dc:02:6c]
RSSI: -76 [da:3e:ba:e9:02:8c]
RSSI: -75 [da:3e:ba:f6:02:bc]
RSSI: -74 [da:3e:bb:03:02:dc]
RSSI: -74 [da:3e:bb:03:02:dc]
RSSI: -74 [da:3e:bb:10:03:0c]
RSSI: -73 [da:3e:bb:1d:03:3c]
RSSI: -74 [da:3e:bb:2a:03:5c]
RSSI: -92 [da:39:18:46:03:1a]
RSSI: -73 [da:3e:bb:37:03:8c]
RSSI: -72 [da:3e:bb:37:03:8c]
RSSI: -90 [da:39:18:53:03:3a]
RSSI: -74 [da:3e:bb:44:03:ac]
RSSI: -77 [da:3e:bb:51:03:dc]
RSSI: -73 [da:3e:bb:51:03:dc]
RSSI: -71 [da:3e:bb:5e:03:fc]
RSSI: -88 [da:39:18:7c:03:ba]
RSSI: -73 [da:3e:bb:6b:04:2c]
RSSI: -88 [da:39:18:8a:03:da]
RSSI: -89 [da:39:18:8a:03:da]
RSSI: -76 [da:3e:bb:85:04:7c]
RSSI: -83 [da:3e:bb:85:04:7c]
RSSI: -81 [da:3e:bb:92:04:9c]
RSSI: -78 [da:3e:bb:9f:04:cc]
RSSI: -77 [da:3e:bb:ac:04:ec]
RSSI: -80 [da:3e:bb:ac:04:ec]
RSSI: -77 [da:3e:bb:b9:05:1c]
RSSI: -81 [da:3e:bb:b9:05:1c]
RSSI: -80 [da:3e:bb:c6:05:3c]
RSSI: -79 [da:3e:bb:c6:05:3c]
RSSI: -91 [da:39:18:dc:04:ca]
RSSI: -80 [da:3e:bb:d3:05:6c]
RSSI: -78 [da:3e:bb:d3:05:6c]
RSSI: -78 [da:3e:bb:d3:05:6c]
RSSI: -89 [da:39:18:ea:04:ea]
RSSI: -79 [da:3e:bb:e1:05:9c]
RSSI: -86 [da:39:18:f7:05:0a]
RSSI: -83 [da:3e:bb:e1:05:9c]
RSSI: -86 [da:39:18:f7:05:0a]
RSSI: -78 [da:3e:bb:ed:05:bc]
RSSI: -82 [da:39:19:05:05:3a]
RSSI: -82 [da:39:19:13:05:5a]
RSSI: -83 [da:3e:bb:fb:05:ec]
RSSI: -82 [da:39:19:13:05:5a]
RSSI: -89 [da:3c:22:1f:0b:4e]
RSSI: -80 [da:3e:bc:08:06:0c]
RSSI: -81 [da:39:19:20:05:7a]
RSSI: -84 [da:3e:bc:14:06:3c]
RSSI: -82 [da:3e:bc:14:06:3c]
RSSI: -78 [da:39:19:2e:05:aa]
RSSI: -81 [da:3e:bc:22:06:6c]
RSSI: -79 [da:39:19:3c:05:ca]
RSSI: -78 [da:39:19:3c:05:ca]
RSSI: -75 [da:3e:bc:2f:06:8c]
RSSI: -78 [da:39:19:49:05:fa]
RSSI: -76 [da:39:19:57:06:1a]
RSSI: -92 [da:3c:22:57:0b:ee]
RSSI: -78 [da:39:19:57:06:1a]
RSSI: -76 [da:39:19:65:06:4a]
RSSI: -81 [da:3e:bc:56:07:0c]
RSSI: -77 [da:39:19:72:06:6a]
RSSI: -76 [da:39:19:72:06:6a]
RSSI: -88 [da:3e:bc:63:07:3c]
RSSI: -76 [da:39:19:72:06:6a]
RSSI: -76 [da:39:19:8e:06:ba]
RSSI: -76 [da:39:19:9b:06:da]
RSSI: -76 [da:39:19:9b:06:da]
RSSI: -77 [da:39:19:a9:07:0a]
RSSI: -88 [da:3e:bc:97:07:dc]
RSSI: -77 [da:39:19:a9:07:0a]
RSSI: -86 [da:3e:bc:97:07:dc]
RSSI: -76 [da:39:19:b7:07:2a]
RSSI: -78 [da:39:19:c4:07:4a]
RSSI: -79 [da:39:19:d2:07:7a]
RSSI: -79 [da:39:19:d2:07:7a]
RSSI: -86 [da:3e:bc:bf:08:5c]
RSSI: -80 [da:39:19:d2:07:7a]
RSSI: -79 [da:39:19:e0:07:9a]
RSSI: -88 [da:3e:bc:d8:08:ac]
RSSI: -81 [da:39:19:ed:07:ca]
RSSI: -83 [da:39:19:ed:07:ca]
RSSI: -84 [da:3e:bd:00:09:2c]
RSSI: -84 [da:3e:bd:0d:09:4c]
RSSI: -82 [da:3e:bd:0d:09:4c]
RSSI: -84 [da:3e:bd:1a:09:7c]
RSSI: -84 [da:3e:bd:1a:09:7c]
RSSI: -83 [da:3e:bd:1a:09:7c]
RSSI: -81 [da:3e:bd:27:09:9c]
RSSI: -83 [da:3e:bd:27:09:9c]
RSSI: -81 [da:3e:bd:34:09:cc]
RSSI: -89 [da:39:1a:4d:08:da]
RSSI: -89 [da:39:1a:4d:08:da]
RSSI: -84 [da:3e:bd:42:09:fc]
RSSI: -81 [da:3e:bd:4e:0a:1c]
RSSI: -83 [da:3e:bd:5c:0a:4c]
RSSI: -83 [da:3e:bd:5c:0a:4c]
RSSI: -93 [da:39:1a:84:09:6a]
RSSI: -85 [da:3e:bd:76:0a:9c]
RSSI: -95 [da:39:1a:91:09:9a]
RSSI: -93 [da:39:1a:ae:09:ea]
RSSI: -90 [da:39:1a:ba:0a:0a]
RSSI: -90 [da:39:1a:ba:0a:0a]
RSSI: -88 [da:39:1a:c9:0a:3a]
RSSI: -82 [da:3e:bd:c4:0b:9c]
RSSI: -86 [da:3e:bd:d2:0b:bc]
RSSI: -81 [da:3e:bd:d2:0b:bc]
RSSI: -78 [da:3e:bd:df:0b:ec]
RSSI: -79 [da:3e:bd:df:0b:ec]
RSSI: -80 [da:3e:bd:eb:0c:1c]
RSSI: -77 [da:3e:bd:eb:0c:1c]
RSSI: -77 [da:3e:bd:f9:0c:3c]
RSSI: -78 [da:3e:bd:f9:0c:3c]
RSSI: -89 [da:39:1b:0d:0a:fa]
RSSI: -77 [da:3e:be:06:0c:6c]
RSSI: -83 [da:3e:be:18:0c:9c]
RSSI: -78 [da:3e:be:18:0c:9c]
RSSI: -86 [da:3e:be:28:0c:dc]
RSSI: -89 [da:3e:be:36:0c:fc]
RSSI: -80 [da:3e:be:42:0d:2c]
RSSI: -83 [da:3e:be:50:0d:4c]
RSSI: -83 [da:3e:be:50:0d:4c]
RSSI: -79 [da:3e:be:5d:0d:7c]
RSSI: -86 [da:37:37:76:01:cb]
RSSI: -81 [da:3e:be:6a:0d:9c]
RSSI: -91 [da:39:1b:7b:0c:4a]
RSSI: -88 [da:37:37:76:01:cb]
RSSI: -89 [da:3e:be:77:0d:cc]
RSSI: -84 [da:37:37:83:01:fb]
RSSI: -82 [da:3e:be:84:0d:fc]
RSSI: -90 [da:39:1b:96:0c:9a]
RSSI: -86 [da:37:37:90:02:1b]
RSSI: -83 [da:3e:be:84:0d:fc]
RSSI: -84 [da:37:37:90:02:1b]
RSSI: -83 [da:37:37:9d:02:4b]
RSSI: -85 [da:37:37:9d:02:4b]
RSSI: -82 [da:37:37:aa:02:6b]
RSSI: -86 [da:3e:be:9f:0e:4c]
RSSI: -82 [da:37:37:aa:02:6b]
RSSI: -88 [da:3e:be:9f:0e:4c]
RSSI: -83 [da:37:37:aa:02:6b]
RSSI: -81 [da:3e:be:ac:0e:7c]
RSSI: -82 [da:37:37:b7:02:8b]
RSSI: -81 [da:37:37:b7:02:8b]
RSSI: -80 [da:3e:be:b8:0e:9c]
RSSI: -82 [da:37:37:c4:02:bb]
RSSI: -89 [da:39:1b:ce:0d:3a]
RSSI: -80 [da:3e:be:b8:0e:9c]
RSSI: -82 [da:37:37:c4:02:bb]
RSSI: -87 [da:3e:be:c6:0e:cc]
RSSI: -82 [da:37:37:d1:02:db]
RSSI: -80 [da:3e:be:d3:0e:ec]
RSSI: -88 [da:3e:be:d3:0e:ec]
RSSI: -88 [da:39:1b:e9:0d:8a]
RSSI: -82 [da:37:37:eb:03:2b]
RSSI: -82 [da:37:37:f8:03:5b]
RSSI: -87 [da:3e:be:ed:0f:4c]
RSSI: -89 [da:39:1c:04:0d:ca]
RSSI: -82 [da:37:37:f8:03:5b]
RSSI: -83 [da:37:38:05:03:7b]
RSSI: -85 [da:3e:be:fb:0f:6c]
RSSI: -83 [da:37:38:05:03:7b]
RSSI: -82 [da:37:38:11:03:9b]
RSSI: -79 [da:3e:bf:07:0f:9c]
RSSI: -84 [da:37:38:11:03:9b]
RSSI: -79 [da:3e:bf:07:0f:9c]
RSSI: -83 [da:37:38:1e:03:cb]
RSSI: -84 [da:37:38:1e:03:cb]
RSSI: -81 [da:37:38:2b:03:eb]
RSSI: -82 [da:37:38:2b:03:eb]
RSSI: -84 [da:37:38:38:04:1b]
RSSI: -83 [da:3e:bf:2f:10:1c]
RSSI: -82 [da:37:38:38:04:1b]
RSSI: -82 [da:37:38:45:04:3b]
RSSI: -83 [da:37:38:52:04:6b]
RSSI: -86 [da:3e:bf:4a:10:6c]
RSSI: -85 [da:37:38:5f:04:8b]
RSSI: -78 [da:3e:bf:56:10:8c]
RSSI: -87 [da:37:38:5f:04:8b]
RSSI: -88 [da:37:38:6c:04:ab]
RSSI: -77 [da:3e:bf:64:10:bc]
RSSI: -79 [da:3e:bf:71:10:ec]
RSSI: -76 [da:3e:bf:7e:11:0c]
RSSI: -82 [da:3e:bf:7e:11:0c]
RSSI: -75 [da:3e:bf:8b:11:3c]
RSSI: -86 [da:3e:bf:99:11:6c]
RSSI: -84 [da:3e:bf:99:11:6c]
RSSI: -74 [da:3e:bf:a5:11:8c]
RSSI: -88 [da:3e:bf:a5:11:8c]
RSSI: -83 [da:3e:bf:b3:11:bc]
RSSI: -74 [da:3e:bf:b3:11:bc]
RSSI: -85 [da:3e:bf:c0:11:ec]
RSSI: -82 [da:3e:bf:c0:11:ec]
RSSI: -98 [da:37:38:d3:05:eb]
RSSI: -77 [da:3e:bf:cd:12:0c]
RSSI: -77 [da:3e:bf:cd:12:0c]
RSSI: -83 [da:3e:bf:da:12:3c]
RSSI: -75 [da:3e:bf:da:12:3c]
RSSI: -77 [da:3e:bf:e8:12:5c]
RSSI: -86 [da:3e:bf:e8:12:5c]
RSSI: -79 [da:3e:bf:f4:12:8c]
RSSI: -79 [da:3e:c0:02:12:bc]
RSSI: -82 [da:3e:c0:0f:12:dc]
RSSI: -85 [da:3e:c0:0f:12:dc]
RSSI: -86 [da:3e:c0:0f:12:dc]
RSSI: -81 [da:3e:c0:1c:13:0c]
RSSI: -81 [da:3e:c0:2a:13:2c]
RSSI: -77 [da:3e:c0:37:13:5c]
RSSI: -74 [da:3e:c0:44:13:8c]
RSSI: -75 [da:3e:c0:44:13:8c]
RSSI: -88 [da:3e:c0:51:13:ac]
RSSI: -74 [da:3e:c0:51:13:ac]
RSSI: -71 [da:3e:c0:5f:13:dc]
RSSI: -69 [da:3e:c0:6b:13:fc]
RSSI: -73 [da:3e:c0:6b:13:fc]
RSSI: -73 [da:3e:c0:79:14:2c]
RSSI: -69 [da:3e:c0:79:14:2c]
RSSI: -75 [da:3e:c0:86:14:5c]
RSSI: -71 [da:3e:c0:86:14:5c]
RSSI: -71 [da:3e:c0:93:14:7c]
RSSI: -75 [da:3e:c0:93:14:7c]
RSSI: -71 [da:3e:c0:a0:14:ac]
RSSI: -79 [da:3e:c0:ae:14:cc]
RSSI: -62 [da:3e:c0:ae:14:cc]
RSSI: -77 [da:3e:c0:ba:14:fc]
RSSI: -67 [da:3e:c0:ba:14:fc]
RSSI: -73 [da:3e:c0:c8:15:2c]
RSSI: -59 [da:3e:c0:d5:15:4c]
RSSI: -61 [da:3e:c0:e2:15:7c]
RSSI: -65 [da:3e:c0:f0:15:9c]
RSSI: -65 [da:3e:c0:f0:15:9c]
RSSI: -61 [da:3e:c0:f0:15:9c]
RSSI: -60 [da:3e:c0:fd:15:cc]
RSSI: -94 [da:39:1e:1e:13:ea]
RSSI: -62 [da:3e:c1:0a:15:ec]
RSSI: -66 [da:3e:c1:17:16:1c]
RSSI: -65 [da:3e:c1:17:16:1c]
RSSI: -65 [da:3e:c1:25:16:4c]
RSSI: -68 [da:3e:c1:25:16:4c]
RSSI: -70 [da:3e:c1:31:16:6c]
RSSI: -75 [da:3e:c1:31:16:6c]
RSSI: -74 [da:3e:c1:3f:00:0c]
RSSI: -76 [da:3e:c1:3f:00:0c]
RSSI: -80 [da:3e:c1:3f:00:0c]
RSSI: -81 [da:3e:c1:3f:00:0c]
RSSI: -75 [da:3e:c1:4d:00:2c]
RSSI: -76 [da:3e:c1:4d:00:2c]
RSSI: -70 [da:3e:c1:59:00:5c]
RSSI: -68 [da:3e:c1:59:00:5c]
RSSI: -69 [da:3e:c1:67:00:7c]
RSSI: -65 [da:3e:c1:67:00:7c]
RSSI: -67 [da:3e:c1:74:00:ac]
RSSI: -67 [da:3e:c1:74:00:ac]
RSSI: -64 [da:3e:c1:81:00:cc]
RSSI: -67 [da:3e:c1:8f:00:fc]
RSSI: -65 [da:3e:c1:8f:00:fc]
RSSI: -65 [da:3e:c1:8f:00:fc]
RSSI: -88 [da:39:1e:a9:15:7a]
RSSI: -69 [da:3e:c1:9c:01:2c]
RSSI: -70 [da:3e:c1:a9:01:4c]
RSSI: -74 [da:3e:c1:b6:01:7c]
RSSI: -79 [da:3e:c1:c4:01:ac]
RSSI: -80 [da:3e:c1:c4:01:ac]
RSSI: -77 [da:3e:c1:c4:01:ac]
RSSI: -72 [da:3e:c1:d0:01:cc]
RSSI: -72 [da:3e:c1:d0:01:cc]
RSSI: -77 [da:3e:c1:d0:01:cc]
RSSI: -73 [da:3e:c1:de:01:fc]
RSSI: -73 [da:3e:c1:de:01:fc]
RSSI: -88 [da:39:1e:fc:00:2a]
RSSI: -74 [da:3e:c1:eb:02:2c]
RSSI: -89 [da:39:1e:fc:00:2a]
RSSI: -70 [da:3e:c1:eb:02:2c]
RSSI: -70 [da:3e:c1:f8:02:4c]
RSSI: -74 [da:3e:c1:f8:02:4c]
RSSI: -90 [da:39:1f:17:00:7a]
RSSI: -71 [da:3e:c2:06:02:7c]
RSSI: -89 [da:39:1f:17:00:7a]
RSSI: -72 [da:3e:c2:06:02:7c]
RSSI: -77 [da:3e:c2:13:02:9c]
RSSI: -88 [da:39:1f:26:00:9a]
RSSI: -73 [da:3e:c2:13:02:9c]
RSSI: -89 [da:39:1f:26:00:9a]
RSSI: -74 [da:3e:c2:13:02:9c]
RSSI: -76 [da:3e:c2:2e:02:fc]
RSSI: -73 [da:3e:c2:2e:02:fc]
RSSI: -88 [da:39:1f:41:00:ea]
RSSI: -72 [da:3e:c2:2e:02:fc]
RSSI: -81 [da:3e:c2:3b:03:1c]
RSSI: -75 [da:3e:c2:3b:03:1c]
RSSI: -88 [da:39:1f:5e:01:3a]
RSSI: -80 [da:3e:c2:48:03:4c]
RSSI: -73 [da:3e:c2:55:03:6c]
RSSI: -77 [da:3e:c2:63:03:9c]
RSSI: -89 [da:39:1f:79:01:8a]
RSSI: -78 [da:3e:c2:63:03:9c]
RSSI: -86 [da:3e:c2:70:03:cc]
RSSI: -87 [da:3e:c2:70:03:cc]
RSSI: -81 [da:3e:c2:70:03:cc]
RSSI: -74 [da:3e:c2:7d:03:ec]
RSSI: -74 [da:3e:c2:7d:03:ec]
RSSI: -79 [da:3e:c2:8b:04:1c]
RSSI: -82 [da:3e:c2:97:04:3c]
RSSI: -72 [da:3e:c2:a5:04:6c]
RSSI: -76 [da:3e:c2:a5:04:6c]
RSSI: -73 [da:3e:c2:b3:04:9c]
RSSI: -77 [da:3e:c2:bf:04:bc]
RSSI: -77 [da:3e:c2:bf:04:bc]
RSSI: -81 [da:3e:c2:cd:04:ec]
RSSI: -77 [da:3e:c2:db:05:1c]
RSSI: -74 [da:3e:c2:db:05:1c]
RSSI: -83 [da:3e:c2:e7:05:3c]
RSSI: -76 [da:3e:c2:e7:05:3c]
RSSI: -81 [da:3e:c2:f5:05:6c]
RSSI: -81 [da:3e:c3:02:05:9c]
RSSI: -84 [da:3e:c3:0f:05:bc]
RSSI: -84 [da:3e:c3:1d:05:ec]
RSSI: -82 [da:3e:c3:1d:05:ec]
RSSI: -81 [da:3e:c3:2a:06:0c]
RSSI: -91 [da:3c:29:53:09:5e]
RSSI: -81 [da:3e:c3:45:06:6c]
RSSI: -87 [da:3e:c3:45:06:6c]
RSSI: -77 [da:3e:c3:52:06:8c]
RSSI: -82 [da:3e:c3:52:06:8c]
RSSI: -81 [da:3e:c3:6d:06:ec]
RSSI: -79 [da:3e:c3:6d:06:ec]
RSSI: -76 [da:3e:c3:7a:07:0c]
RSSI: -79 [da:3e:c3:7a:07:0c]
RSSI: -84 [da:3c:29:9c:0a:2e]
RSSI: -76 [da:3e:c3:87:07:3c]
RSSI: -75 [da:3e:c3:95:07:5c]
RSSI: -88 [da:3c:29:ac:0a:4e]
RSSI: -87 [da:3c:29:ac:0a:4e]
RSSI: -83 [da:3c:29:ac:0a:4e]
RSSI: -75 [da:3e:c3:a2:07:8c]
RSSI: -87 [da:3c:29:b8:0a:7e]
RSSI: -81 [da:3e:c3:af:07:bc]
RSSI: -78 [da:3e:c3:bc:07:dc]
RSSI: -82 [da:3c:29:d8:0a:ce]
RSSI: -90 [da:39:20:d5:05:6a]
RSSI: -78 [da:3e:c3:ca:08:0c]
RSSI: -79 [da:3e:c3:ca:08:0c]
RSSI: -79 [da:3e:c3:d7:08:2c]
RSSI: -84 [da:3c:29:e4:0a:fe]
RSSI: -78 [da:3e:c3:d7:08:2c]
RSSI: -82 [da:3e:c3:d7:08:2c]
RSSI: -77 [da:3e:c3:e4:08:5c]
RSSI: -84 [da:3e:c3:f2:08:8c]
RSSI: -77 [da:3e:c3:ff:08:ac]
RSSI: -87 [da:3c:2a:11:0b:6e]
RSSI: -88 [da:3e:c3:ff:08:ac]
RSSI: -87 [da:3c:2a:11:0b:6e]
RSSI: -87 [da:3e:c4:0c:08:dc]
RSSI: -80 [da:3e:c4:0c:08:dc]
RSSI: -88 [da:3c:2a:21:0b:9e]
RSSI: -82 [da:3e:c4:1a:09:0c]
RSSI: -85 [da:3e:c4:27:09:2c]
RSSI: -76 [da:3e:c4:34:09:5c]
RSSI: -80 [da:3e:c4:42:09:8c]
RSSI: -88 [da:3c:2a:4d:0c:1e]
RSSI: -79 [da:3e:c4:42:09:8c]
RSSI: -80 [da:3e:c4:4f:09:ac]
RSSI: -73 [da:3e:c4:5c:09:dc]
RSSI: -78 [da:3e:c4:6a:0a:0c]
RSSI: -80 [da:3e:c4:77:0a:2c]
RSSI: -77 [da:3e:c4:77:0a:2c]
RSSI: -74 [da:3e:c4:84:0a:5c]
RSSI: -81 [da:3e:c4:84:0a:5c]
RSSI: -78 [da:3e:c4:92:0a:7c]
RSSI: -78 [da:3e:c4:92:0a:7c]
RSSI: -81 [da:3e:c4:9f:0a:ac]
RSSI: -81 [da:3e:c4:9f:0a:ac]
RSSI: -80 [da:3e:c4:9f:0a:ac]
RSSI: -80 [da:3e:c4:9f:0a:ac]
RSSI: -79 [da:3e:c4:ad:0a:dc]
RSSI: -81 [da:3e:c4:ad:0a:dc]
RSSI: -81 [da:3e:c4:ba:0a:fc]
RSSI: -79 [da:3e:c4:ba:0a:fc]
RSSI: -80 [da:3e:c4:c7:0b:2c]
RSSI: -81 [da:3e:c4:c7:0b:2c]
RSSI: -79 [da:3e:c4:d5:0b:5c]
RSSI: -79 [da:3e:c4:e2:0b:7c]
RSSI: -77 [da:3e:c4:ef:0b:ac]
RSSI: -79 [da:3e:c4:fd:0b:dc]
RSSI: -75 [da:3e:c4:fd:0b:dc]
RSSI: -80 [da:3e:c5:0a:0b:fc]
RSSI: -72 [da:3e:c5:17:0c:2c]
RSSI: -75 [da:3e:c5:25:0c:4c]
RSSI: -73 [da:3e:c5:25:0c:4c]
RSSI: -74 [da:3e:c5:32:0c:7c]
RSSI: -74 [da:3e:c5:32:0c:7c]
RSSI: -75 [da:3e:c5:3f:0c:ac]
RSSI: -71 [da:3e:c5:3f:0c:ac]
RSSI: -76 [da:3e:c5:4d:0c:dc]
RSSI: -75 [da:3e:c5:4d:0c:dc]
RSSI: -77 [da:3e:c5:5b:0c:fc]
RSSI: -77 [da:3e:c5:5b:0c:fc]
RSSI: -75 [da:3e:c5:67:0d:2c]
RSSI: -75 [da:3e:c5:67:0d:2c]
RSSI: -72 [da:3e:c5:75:0d:4c]
RSSI: -72 [da:3e:c5:75:0d:4c]
RSSI: -74 [da:3e:c5:83:0d:7c]
RSSI: -75 [da:3e:c5:8f:0d:ac]
RSSI: -72 [da:3e:c5:9d:0d:dc]
RSSI: -74 [da:3e:c5:ab:0d:fc]
RSSI: -75 [da:3e:c5:ab:0d:fc]
RSSI: -71 [da:3e:c5:b7:0e:2c]
RSSI: -90 [da:39:22:cc:0b:0a]
RSSI: -76 [da:3e:c5:b7:0e:2c]
RSSI: -79 [da:3e:c5:c5:0e:5c]
RSSI: -74 [da:3e:c5:c5:0e:5c]
RSSI: -91 [da:39:22:d8:0b:3a]
RSSI: -93 [da:3c:2b:dd:10:8e]
RSSI: -77 [da:3e:c5:d3:0e:7c]
RSSI: -76 [da:3e:c5:d3:0e:7c]
RSSI: -79 [da:3e:c5:d3:0e:7c]
RSSI: -78 [da:3e:c5:d3:0e:7c]
RSSI: -75 [da:3e:c5:e0:0e:ac]
RSSI: -75 [da:3e:c5:e0:0e:ac]
RSSI: -73 [da:3e:c5:ee:0e:dc]
RSSI: -73 [da:3e:c5:ee:0e:dc]
RSSI: -73 [da:3e:c5:fb:0e:fc]
RSSI: -73 [da:3e:c5:fb:0e:fc]
RSSI: -75 [da:3e:c6:08:0f:2c]
RSSI: -91 [da:39:23:20:0b:fa]
RSSI: -73 [da:3e:c6:16:0f:5c]
RSSI: -74 [da:3e:c6:23:0f:7c]
RSSI: -81 [da:3e:c6:30:0f:ac]
RSSI: -89 [da:37:3f:3d:02:7b]
RSSI: -75 [da:3e:c6:30:0f:ac]
RSSI: -88 [da:37:3f:3d:02:7b]
RSSI: -78 [da:3e:c6:3e:0f:dc]
RSSI: -78 [da:3e:c6:3e:0f:dc]
RSSI: -74 [da:3e:c6:4c:0f:fc]
RSSI: -86 [da:37:3f:57:02:cb]
RSSI: -73 [da:3e:c6:4c:0f:fc]
RSSI: -86 [da:37:3f:57:02:cb]
RSSI: -91 [da:39:23:65:0c:ca]
RSSI: -76 [da:3e:c6:58:10:2c]
RSSI: -77 [da:3e:c6:58:10:2c]
RSSI: -73 [da:3e:c6:58:10:2c]
RSSI: -91 [da:39:23:74:0c:fa]
RSSI: -73 [da:3e:c6:58:10:2c]
RSSI: -77 [da:3e:c6:66:10:5c]
RSSI: -76 [da:3e:c6:74:10:7c]
RSSI: -89 [da:39:23:80:0d:1a]
RSSI: -84 [da:37:3f:7e:03:3b]
RSSI: -75 [da:3e:c6:74:10:7c]
RSSI: -84 [da:37:3f:7e:03:3b]
RSSI: -89 [da:39:23:8f:0d:4a]
RSSI: -85 [da:37:3f:8c:03:5b]
RSSI: -83 [da:3e:c6:81:10:ac]
RSSI: -89 [da:39:23:8f:0d:4a]
RSSI: -84 [da:37:3f:8c:03:5b]
RSSI: -80 [da:3e:c6:81:10:ac]
RSSI: -84 [da:37:3f:98:03:8b]
RSSI: -80 [da:3e:c6:8e:10:dc]
RSSI: -89 [da:39:23:aa:0d:8a]
RSSI: -87 [da:39:23:b9:0d:ba]
RSSI: -84 [da:37:3f:b3:03:db]
RSSI: -76 [da:3e:c6:a9:11:2c]
RSSI: -84 [da:37:3f:b3:03:db]
RSSI: -77 [da:3e:c6:b7:11:5c]
RSSI: -83 [da:37:3f:c0:03:fb]
RSSI: -87 [da:39:23:c8:0d:ea]
RSSI: -82 [da:3e:c6:b7:11:5c]
RSSI: -84 [da:37:3f:ce:04:2b]
RSSI: -82 [da:3e:c6:c4:11:7c]
RSSI: -80 [da:3e:c6:d1:11:ac]
RSSI: -83 [da:37:3f:db:04:4b]
RSSI: -79 [da:3e:c6:d1:11:ac]
RSSI: -86 [da:3e:c6:d1:11:ac]
RSSI: -75 [da:3e:c6:df:11:cc]
RSSI: -84 [da:37:3f:e8:04:7b]
RSSI: -77 [da:3e:c6:df:11:cc]
RSSI: -83 [da:37:3f:e8:04:7b]
RSSI: -77 [da:3e:c6:df:11:cc]
RSSI: -85 [da:37:3f:f5:04:9b]
RSSI: -85 [da:3e:c6:ed:11:fc]
RSSI: -86 [da:37:3f:f5:04:9b]
RSSI: -75 [da:3e:c6:ed:11:fc]
RSSI: -81 [da:3e:c6:f9:12:1c]
RSSI: -82 [da:3e:c6:f9:12:1c]
RSSI: -79 [da:3e:c7:07:12:4c]
RSSI: -77 [da:3e:c7:15:12:7c]
RSSI: -87 [da:37:40:1d:05:1b]
RSSI: -75 [da:3e:c7:22:12:9c]
RSSI: -73 [da:3e:c7:30:12:cc]
RSSI: -70 [da:3e:c7:3d:12:fc]
RSSI: -91 [da:37:40:52:05:bb]
RSSI: -75 [da:3e:c7:4a:13:1c]
RSSI: -91 [da:37:40:52:05:bb]
RSSI: -69 [da:3e:c7:4a:13:1c]
RSSI: -88 [da:37:40:5f:05:db]
RSSI: -69 [da:3e:c7:58:13:4c]
RSSI: -75 [da:3e:c7:58:13:4c]
RSSI: -70 [da:3e:c7:66:13:7c]
RSSI: -71 [da:3e:c7:66:13:7c]
RSSI: -77 [da:3e:c7:72:13:9c]
RSSI: -78 [da:3e:c7:72:13:9c]
RSSI: -77 [da:3e:c7:80:13:cc]
RSSI: -85 [da:3e:c7:80:13:cc]
RSSI: -77 [da:3e:c7:8e:13:fc]
RSSI: -75 [da:3e:c7:8e:13:fc]
RSSI: -65 [da:3e:c7:9b:14:1c]
RSSI: -68 [da:3e:c7:a9:14:4c]
RSSI: -59 [da:3e:c7:b6:14:7c]
RSSI: -58 [da:3e:c7:c3:14:9c]
RSSI: -57 [da:3e:c7:c3:14:9c]
RSSI: -59 [da:3e:c7:d1:14:cc]
RSSI: -56 [da:3e:c7:d1:14:cc]
RSSI: -55 [da:3e:c7:df:14:fc]
RSSI: -54 [da:3e:c7:eb:15:1c]
RSSI: -54 [da:3e:c7:eb:15:1c]
RSSI: -54 [da:3e:c7:eb:15:1c]
RSSI: -56 [da:3e:c7:f9:15:4c]
RSSI: -53 [da:3e:c7:f9:15:4c]
RSSI: -53 [da:3e:c7:f9:15:4c]
RSSI: -53 [da:3e:c8:07:15:7c]
RSSI: -55 [da:3e:c8:07:15:7c]
RSSI: -53 [da:3e:c8:14:15:9c]
RSSI: -52 [da:3e:c8:14:15:9c]
RSSI: -53 [da:3e:c8:22:15:cc]
RSSI: -55 [da:3e:c8:30:15:ec]
RSSI: -53 [da:3e:c8:3c:16:1c]
RSSI: -54 [da:3e:c8:4a:16:4c]
RSSI: -54 [da:3e:c8:4a:16:4c]
RSSI: -56 [da:3e:c8:58:16:6c]
RSSI: -56 [da:3e:c8:58:16:6c]
RSSI: -56 [da:3e:c8:65:00:2c]
RSSI: -59 [da:3e:c8:65:00:2c]
RSSI: -59 [da:3e:c8:73:00:5c]
RSSI: -59 [da:3e:c8:73:00:5c]
RSSI: -63 [da:3e:c8:80:00:7c]
RSSI: -64 [da:3e:c8:80:00:7c]
RSSI: -65 [da:3e:c8:8d:00:ac]
RSSI: -69 [da:3e:c8:8d:00:ac]
RSSI: -71 [da:3e:c8:9b:00:dc]
RSSI: -71 [da:3e:c8:9b:00:dc]
RSSI: -69 [da:3e:c8:a9:00:fc]
RSSI: -63 [da:3e:c8:b5:01:2c]
RSSI: -62 [da:3e:c8:c3:01:5c]
RSSI: -63 [da:3e:c8:d1:01:8c]
RSSI: -61 [da:3e:c8:d1:01:8c]
RSSI: -62 [da:3e:c8:de:01:ac]
RSSI: -63 [da:3e:c8:de:01:ac]
RSSI: -62 [da:3e:c8:ec:01:dc]
RSSI: -64 [da:3e:c8:ec:01:dc]
RSSI: -64 [da:3e:c8:fa:02:0c]
RSSI: -65 [da:3e:c8:fa:02:0c]
RSSI: -65 [da:3e:c8:fa:02:0c]
RSSI: -68 [da:3e:c9:06:02:2c]
RSSI: -69 [da:3e:c9:14:02:5c]
RSSI: -72 [da:3e:c9:22:02:8c]
RSSI: -69 [da:3e:c9:22:02:8c]
RSSI: -70 [da:3e:c9:2f:02:ac]
RSSI: -70 [da:3e:c9:2f:02:ac]
RSSI: -68 [da:3e:c9:3d:02:dc]
RSSI: -68 [da:3e:c9:3d:02:dc]
RSSI: -68 [da:3e:c9:3d:02:dc]
RSSI: -93 [da:39:26:54:15:4a]
RSSI: -66 [da:3e:c9:4b:02:fc]
RSSI: -88 [da:39:26:63:15:7a]
RSSI: -89 [da:39:26:63:15:7a]
RSSI: -92 [da:39:26:63:15:7a]
RSSI: -68 [da:3e:c9:57:03:2c]
RSSI: -69 [da:3e:c9:66:03:5c]
RSSI: -69 [da:3e:c9:66:03:5c]
RSSI: -68 [da:3e:c9:73:03:7c]
RSSI: -69 [da:3e:c9:73:03:7c]
RSSI: -70 [da:3e:c9:80:03:ac]
RSSI: -68 [da:3e:c9:80:03:ac]
RSSI: -90 [da:39:26:9c:16:1a]
RSSI: -69 [da:3e:c9:8e:03:cc]
RSSI: -89 [da:39:26:a9:00:2a]
RSSI: -66 [da:3e:c9:9c:03:fc]
RSSI: -89 [da:39:26:b8:00:4a]
RSSI: -66 [da:3e:c9:a9:04:2c]
RSSI: -69 [da:3e:c9:b7:04:4c]
RSSI: -67 [da:3e:c9:b7:04:4c]
RSSI: -67 [da:3e:c9:c5:04:7c]
RSSI: -71 [da:3e:c9:c5:04:7c]
RSSI: -67 [da:3e:c9:d1:04:ac]
RSSI: -87 [da:39:26:e2:00:ca]
RSSI: -67 [da:3e:c9:d1:04:ac]
RSSI: -72 [da:3e:c9:df:04:cc]
RSSI: -88 [da:39:26:f1:00:fa]
RSSI: -67 [da:3e:c9:df:04:cc]
RSSI: -89 [da:39:26:fd:01:1a]
RSSI: -65 [da:3e:c9:ed:04:fc]
RSSI: -72 [da:3e:c9:ed:04:fc]
RSSI: -87 [da:39:27:0c:01:4a]
RSSI: -67 [da:3e:c9:fa:05:1c]
RSSI: -66 [da:3e:c9:fa:05:1c]
RSSI: -69 [da:3e:ca:08:05:4c]
RSSI: -69 [da:3e:ca:08:05:4c]
RSSI: -75 [da:3e:ca:16:05:7c]
RSSI: -69 [da:3e:ca:22:05:9c]
RSSI: -72 [da:3e:ca:30:05:cc]
RSSI: -76 [da:3e:ca:3e:05:fc]
RSSI: -72 [da:3e:ca:3e:05:fc]
RSSI: -73 [da:3e:ca:4b:06:1c]
RSSI: -74 [da:3e:ca:4b:06:1c]
RSSI: -76 [da:3e:ca:59:06:4c]
RSSI: -85 [da:3e:ca:59:06:4c]
RSSI: -78 [da:3e:ca:67:06:7c]
RSSI: -83 [da:3e:ca:67:06:7c]
RSSI: -84 [da:3e:ca:82:06:cc]
RSSI: -81 [da:3e:ca:90:06:fc]
RSSI: -81 [da:3e:ca:90:06:fc]
RSSI: -81 [da:3e:ca:9c:07:1c]
RSSI: -83 [da:3e:ca:9c:07:1c]
RSSI: -78 [da:3e:ca:aa:07:4c]
RSSI: -80 [da:3e:ca:aa:07:4c]
RSSI: -76 [da:3e:ca:b8:07:7c]
RSSI: -77 [da:3e:ca:c5:07:9c]
RSSI: -92 [da:3c:30:db:08:7e]
RSSI: -73 [da:3e:ca:c5:07:9c]
RSSI: -74 [da:3e:ca:c5:07:9c]
RSSI: -78 [da:3e:ca:d3:07:cc]
RSSI: -74 [da:3e:ca:e1:07:fc]
RSSI: -77 [da:3e:ca:ee:08:2c]
RSSI: -82 [da:3e:ca:fc:08:4c]
RSSI: -82 [da:3e:ca:fc:08:4c]
RSSI: -80 [da:3e:cb:0a:08:7c]
RSSI: -98 [da:37:44:29:11:3b]
RSSI: -79 [da:3e:cb:24:08:cc]
RSSI: -77 [da:3e:cb:32:08:fc]
RSSI: -81 [da:3e:cb:32:08:fc]
RSSI: -88 [da:3c:31:4e:09:be]
RSSI: -82 [da:3e:cb:3f:09:2c]
RSSI: -77 [da:3e:cb:3f:09:2c]
RSSI: -89 [da:3c:31:5a:09:de]
RSSI: -81 [da:3e:cb:5b:09:7c]
RSSI: -84 [da:3c:31:80:0a:4e]
RSSI: -80 [da:3e:cb:6d:09:bc]
RSSI: -80 [da:3e:cb:6d:09:bc]
RSSI: -88 [da:39:28:8a:05:8a]
RSSI: -87 [da:3c:31:8d:0a:6e]
RSSI: -87 [da:39:28:8a:05:8a]
RSSI: -80 [da:3e:cb:7d:09:ec]
RSSI: -83 [da:3c:31:8d:0a:6e]
RSSI: -84 [da:3c:31:9a:0a:8e]
RSSI: -86 [da:39:28:99:05:ba]
RSSI: -80 [da:3e:cb:8b:0a:1c]
RSSI: -84 [da:3c:31:9a:0a:8e]
RSSI: -81 [da:3c:31:a6:0a:be]
RSSI: -77 [da:3e:cb:98:0a:3c]
RSSI: -85 [da:3c:31:a6:0a:be]
RSSI: -77 [da:3e:cb:98:0a:3c]
RSSI: -83 [da:3e:cb:98:0a:3c]
RSSI: -82 [da:3c:31:b3:0a:de]
RSSI: -82 [da:3e:cb:98:0a:3c]
RSSI: -82 [da:3c:31:b3:0a:de]
RSSI: -85 [da:39:28:b5:06:0a]
RSSI: -82 [da:3c:31:c0:0a:fe]
RSSI: -86 [da:39:28:c4:06:2a]
RSSI: -81 [da:3e:cb:b4:0a:9c]
RSSI: -82 [da:3c:31:c0:0a:fe]
RSSI: -82 [da:3c:31:cd:0b:1e]
RSSI: -84 [da:3c:31:cd:0b:1e]
RSSI: -77 [da:3e:cb:c1:0a:bc]
RSSI: -83 [da:3c:31:d9:0b:4e]
RSSI: -80 [da:3e:cb:c1:0a:bc]
RSSI: -84 [da:3c:31:d9:0b:4e]
RSSI: -85 [da:39:28:ee:06:aa]
RSSI: -85 [da:3c:31:f3:0b:8e]
RSSI: -80 [da:3e:cb:ea:0b:4c]
RSSI: -85 [da:3c:31:ff:0b:be]
RSSI: -85 [da:3c:32:0c:0b:de]
RSSI: -87 [da:39:29:0a:06:fa]
RSSI: -85 [da:3c:32:19:0b:fe]
RSSI: -87 [da:3c:32:19:0b:fe]
RSSI: -89 [da:3c:32:26:0c:2e]
RSSI: -82 [da:3e:cc:12:0b:cc]
RSSI: -86 [da:3c:32:26:0c:2e]
RSSI: -92 [da:39:29:35:07:6a]
RSSI: -90 [da:3c:32:3f:0c:6e]
RSSI: -91 [da:39:29:44:07:9a]
RSSI: -88 [da:39:29:50:07:ca]
RSSI: -80 [da:3e:cc:3b:0c:4c]
RSSI: -87 [da:3e:cc:49:0c:7c]
RSSI: -86 [da:39:29:5f:07:ea]
RSSI: -83 [da:3e:cc:58:0c:9c]
RSSI: -84 [da:3e:cc:64:0c:cc]
RSSI: -82 [da:3e:cc:64:0c:cc]
RSSI: -89 [da:3e:cc:72:0c:fc]
RSSI: -76 [da:3e:cc:80:0d:1c]
RSSI: -80 [da:3e:cc:80:0d:1c]
RSSI: -74 [da:3e:cc:8d:0d:4c]
RSSI: -88 [da:3c:32:a5:0d:8e]
RSSI: -80 [da:3e:cc:9b:0d:7c]
RSSI: -72 [da:3e:cc:a9:0d:ac]
RSSI: -89 [da:3c:32:be:0d:de]
RSSI: -71 [da:3e:cc:a9:0d:ac]
RSSI: -80 [da:3e:cc:b6:0d:cc]
RSSI: -73 [da:3e:cc:b6:0d:cc]
RSSI: -80 [da:3e:cc:c4:0d:fc]
RSSI: -83 [da:3e:cc:c4:0d:fc]
RSSI: -77 [da:3e:cc:d2:0e:2c]
RSSI: -77 [da:3e:cc:d2:0e:2c]
RSSI: -78 [da:3e:cc:df:0e:4c]
RSSI: -90 [da:3c:32:f1:0e:6e]
RSSI: -80 [da:3e:cc:df:0e:4c]
RSSI: -88 [da:3c:32:f1:0e:6e]
RSSI: -74 [da:3e:cc:ed:0e:7c]
RSSI: -91 [da:3c:33:0b:0e:ae]
RSSI: -78 [da:3e:cc:fb:0e:ac]
RSSI: -78 [da:3e:cd:08:0e:cc]
RSSI: -91 [da:3c:33:18:0e:ce]
RSSI: -78 [da:3e:cd:08:0e:cc]
RSSI: -90 [da:3c:33:24:0e:fe]
RSSI: -91 [da:3c:33:24:0e:fe]
RSSI: -78 [da:3e:cd:16:0e:fc]
RSSI: -82 [da:3e:cd:16:0e:fc]
RSSI: -84 [da:3e:cd:24:0f:2c]
RSSI: -85 [da:3e:cd:31:0f:4c]
RSSI: -86 [da:3e:cd:31:0f:4c]
RSSI: -86 [da:3e:cd:3f:0f:7c]
RSSI: -86 [da:3e:cd:3f:0f:7c]
RSSI: -78 [da:3e:cd:4d:0f:ac]
RSSI: -70 [da:3e:cd:5a:0f:cc]
RSSI: -78 [da:3e:cd:68:0f:fc]
RSSI: -78 [da:3e:cd:68:0f:fc]
RSSI: -93 [da:39:2a:8a:0b:4a]
RSSI: -92 [da:37:46:83:01:bb]
RSSI: -91 [da:39:2a:99:0b:7a]
RSSI: -71 [da:3e:cd:83:10:5c]
RSSI: -82 [da:3e:cd:91:10:7c]
RSSI: -91 [da:39:2a:a6:0b:9a]
RSSI: -73 [da:3e:cd:91:10:7c]
RSSI: -79 [da:3e:cd:9f:10:ac]
RSSI: -91 [da:39:2a:b5:0b:ca]
RSSI: -74 [da:3e:cd:9f:10:ac]
RSSI: -90 [da:37:46:ac:02:3b]
RSSI: -70 [da:3e:cd:ac:10:dc]
RSSI: -76 [da:3e:cd:ac:10:dc]
RSSI: -69 [da:3e:cd:ba:11:0c]
RSSI: -69 [da:3e:cd:ba:11:0c]
RSSI: -79 [da:3e:cd:c8:11:2c]
RSSI: -86 [da:37:46:d4:02:ab]
RSSI: -74 [da:3e:cd:c8:11:2c]
RSSI: -82 [da:3e:cd:d5:11:5c]
RSSI: -86 [da:37:46:e2:02:db]
RSSI: -75 [da:3e:cd:e3:11:8c]
RSSI: -89 [da:37:46:ee:02:fb]
RSSI: -76 [da:3e:cd:e3:11:8c]
RSSI: -87 [da:37:46:ee:02:fb]
RSSI: -91 [da:39:2a:fb:0c:9a]
RSSI: -87 [da:37:46:fc:03:2b]
RSSI: -72 [da:3e:cd:f1:11:bc]
RSSI: -87 [da:37:46:fc:03:2b]
RSSI: -86 [da:37:47:17:03:7b]
RSSI: -70 [da:3e:ce:0c:12:0c]
RSSI: -86 [da:37:47:17:03:7b]
RSSI: -76 [da:3e:ce:0c:12:0c]
RSSI: -72 [da:3e:ce:1a:12:3c]
RSSI: -71 [da:3e:ce:1a:12:3c]
RSSI: -89 [da:39:2b:35:0d:3a]
RSSI: -78 [da:3e:ce:27:12:5c]
RSSI: -73 [da:3e:ce:27:12:5c]
RSSI: -89 [da:39:2b:44:0d:6a]
RSSI: -78 [da:3e:ce:35:12:8c]
RSSI: -70 [da:3e:ce:43:12:bc]
RSSI: -88 [da:37:47:5b:04:3b]
RSSI: -71 [da:3e:ce:50:12:dc]
RSSI: -76 [da:3e:ce:5e:13:0c]
RSSI: -88 [da:37:47:68:04:6b]
RSSI: -72 [da:3e:ce:5e:13:0c]
RSSI: -68 [da:3e:ce:6c:13:3c]
RSSI: -86 [da:37:47:75:04:8b]
RSSI: -80 [da:3e:ce:6c:13:3c]
RSSI: -77 [da:3e:ce:79:13:5c]
RSSI: -88 [da:37:47:83:04:bb]
RSSI: -70 [da:3e:ce:79:13:5c]
RSSI: -88 [da:37:47:90:04:db]
RSSI: -89 [da:37:47:9e:05:0b]
RSSI: -92 [da:39:2b:a6:0e:8a]
RSSI: -66 [da:3e:ce:a2:13:ec]
RSSI: -66 [da:3e:ce:b0:14:0c]
RSSI: -69 [da:3e:ce:be:14:3c]
RSSI: -66 [da:3e:ce:be:14:3c]
RSSI: -63 [da:3e:ce:cb:14:6c]
RSSI: -71 [da:3e:ce:cb:14:6c]
RSSI: -70 [da:3e:ce:d9:14:8c]
RSSI: -67 [da:3e:ce:d9:14:8c]
RSSI: -74 [da:3e:ce:e8:14:bc]
RSSI: -76 [da:3e:ce:e8:14:bc]
RSSI: -70 [da:3e:ce:f4:14:dc]
RSSI: -65 [da:3e:cf:02:15:0c]
RSSI: -62 [da:3e:cf:11:15:3c]
RSSI: -60 [da:3e:cf:1d:15:5c]
RSSI: -58 [da:3e:cf:1d:15:5c]
RSSI: -57 [da:3e:cf:2c:15:8c]
RSSI: -57 [da:3e:cf:2c:15:8c]
RSSI: -55 [da:3e:cf:3a:15:bc]
RSSI: -55 [da:3e:cf:3a:15:bc]
RSSI: -55 [da:3e:cf:46:15:dc]
RSSI: -54 [da:3e:cf:46:15:dc]
RSSI: -54 [da:3e:cf:63:16:3c]
RSSI: -52 [da:3e:cf:70:16:6c]
RSSI: -54 [da:3e:cf:7e:00:0c]
RSSI: -53 [da:3e:cf:7e:00:0c]
RSSI: -54 [da:3e:cf:8c:00:2c]
RSSI: -54 [da:3e:cf:8c:00:2c]
RSSI: -53 [da:3e:cf:99:00:5c]
RSSI: -56 [da:3e:cf:99:00:5c]
RSSI: -54 [da:3e:cf:a7:00:8c]
RSSI: -54 [da:3e:cf:a7:00:8c]
RSSI: -56 [da:3e:cf:b5:00:ac]
RSSI: -58 [da:3e:cf:c2:00:dc]
RSSI: -58 [da:3e:cf:d0:01:0c]
RSSI: -60 [da:3e:cf:df:01:2c]
RSSI: -60 [da:3e:cf:df:01:2c]
RSSI: -62 [da:3e:cf:eb:01:5c]
RSSI: -65 [da:3e:cf:eb:01:5c]
RSSI: -64 [da:3e:cf:fa:01:8c]
RSSI: -64 [da:3e:cf:fa:01:8c]
RSSI: -64 [da:3e:d0:08:01:bc]
RSSI: -65 [da:3e:d0:14:01:dc]
RSSI: -66 [da:3e:d0:23:02:0c]
RSSI: -66 [da:3e:d0:23:02:0c]
RSSI: -62 [da:3e:d0:31:02:3c]
RSSI: -63 [da:3e:d0:3e:02:5c]
RSSI: -62 [da:3e:d0:3e:02:5c]
RSSI: -66 [da:3e:d0:4c:02:8c]
RSSI: -64 [da:3e:d0:4c:02:8c]
RSSI: -64 [da:3e:d0:4c:02:8c]
RSSI: -64 [da:3e:d0:5a:02:bc]
RSSI: -67 [da:3e:d0:5a:02:bc]
RSSI: -67 [da:3e:d0:67:02:dc]
RSSI: -71 [da:3e:d0:75:03:0c]
RSSI: -71 [da:3e:d0:75:03:0c]
RSSI: -70 [da:3e:d0:84:03:3c]
RSSI: -69 [da:3e:d0:90:03:5c]
RSSI: -70 [da:3e:d0:9f:03:8c]
RSSI: -67 [da:3e:d0:9f:03:8c]
RSSI: -67 [da:3e:d0:9f:03:8c]
RSSI: -67 [da:3e:d0:ad:03:bc]
RSSI: -68 [da:3e:d0:ad:03:bc]
RSSI: -67 [da:3e:d0:b9:03:ec]
RSSI: -68 [da:3e:d0:b9:03:ec]
RSSI: -67 [da:3e:d0:c8:04:0c]
RSSI: -70 [da:3e:d0:d6:04:3c]
RSSI: -68 [da:3e:d0:e3:04:6c]
RSSI: -67 [da:3e:d0:e3:04:6c]
RSSI: -72 [da:3e:d0:e3:04:6c]
RSSI: -69 [da:3e:d0:f1:04:8c]
RSSI: -66 [da:3e:d0:f1:04:8c]
RSSI: -70 [da:3e:d0:ff:04:bc]
RSSI: -67 [da:3e:d0:ff:04:bc]
RSSI: -90 [da:39:2e:1e:15:aa]
RSSI: -69 [da:3e:d1:0c:04:ec]
RSSI: -67 [da:3e:d1:1a:05:1c]
RSSI: -72 [da:3e:d1:29:05:3c]
RSSI: -69 [da:3e:d1:29:05:3c]
RSSI: -73 [da:3e:d1:35:05:6c]
RSSI: -69 [da:3e:d1:35:05:6c]
RSSI: -65 [da:3e:d1:44:05:9c]
RSSI: -90 [da:39:2e:56:16:4a]
RSSI: -71 [da:3e:d1:44:05:9c]
RSSI: -68 [da:3e:d1:52:05:cc]
RSSI: -71 [da:3e:d1:5f:05:ec]
RSSI: -68 [da:3e:d1:5f:05:ec]
RSSI: -71 [da:3e:d1:6d:06:1c]
RSSI: -90 [da:39:2e:81:00:7a]
RSSI: -69 [da:3e:d1:7c:06:4c]
RSSI: -70 [da:3e:d1:7c:06:4c]
RSSI: -90 [da:39:2e:a0:00:da]
RSSI: -72 [da:3e:d1:88:06:6c]
RSSI: -78 [da:3e:d1:97:06:9c]
RSSI: -71 [da:3e:d1:97:06:9c]
RSSI: -71 [da:3e:d1:a5:06:cc]
RSSI: -71 [da:3e:d1:b2:06:ec]
RSSI: -73 [da:3e:d1:b2:06:ec]
RSSI: -73 [da:3e:d1:c0:07:1c]
RSSI: -74 [da:3e:d1:c0:07:1c]
RSSI: -77 [da:3e:d1:ce:07:4c]
RSSI: -79 [da:3e:d1:e9:07:ac]
RSSI: -76 [da:3e:d1:f8:07:cc]
RSSI: -80 [da:3e:d1:f8:07:cc]
RSSI: -75 [da:3e:d2:04:07:fc]
RSSI: -79 [da:3e:d2:04:07:fc]
RSSI: -80 [da:3e:d2:13:08:2c]
RSSI: -71 [da:3e:d2:13:08:2c]
RSSI: -78 [da:3e:d2:21:08:5c]
RSSI: -92 [da:39:2f:2e:02:6a]
RSSI: -74 [da:3e:d2:21:08:5c]
RSSI: -74 [da:3e:d2:2e:08:7c]
RSSI: -71 [da:3e:d2:3c:08:ac]
RSSI: -72 [da:3e:d2:3c:08:ac]
RSSI: -70 [da:3e:d2:4b:08:dc]
RSSI: -93 [da:39:2f:68:03:0a]
RSSI: -71 [da:3e:d2:57:08:fc]
RSSI: -71 [da:3e:d2:57:08:fc]
RSSI: -72 [da:3e:d2:66:09:2c]
RSSI: -72 [da:3e:d2:66:09:2c]
RSSI: -73 [da:3e:d2:74:09:5c]
RSSI: -88 [da:3e:d2:74:09:5c]
RSSI: -76 [da:3e:d2:81:09:7c]
RSSI: -77 [da:3e:d2:81:09:7c]
RSSI: -81 [da:3e:d2:8f:09:ac]
RSSI: -79 [da:3e:d2:8f:09:ac]
RSSI: -78 [da:3e:d2:9d:09:dc]
RSSI: -77 [da:3e:d2:aa:09:fc]
RSSI: -76 [da:3e:d2:aa:09:fc]
RSSI: -75 [da:3e:d2:aa:09:fc]
RSSI: -76 [da:3e:d2:b9:0a:2c]
RSSI: -73 [da:3e:d2:c7:0a:5c]
RSSI: -82 [da:3e:d2:c7:0a:5c]
RSSI: -72 [da:3e:d2:d4:0a:8c]
RSSI: -75 [da:3e:d2:e2:0a:bc]
RSSI: -79 [da:3e:d2:f0:0a:dc]
RSSI: -78 [da:3e:d2:f0:0a:dc]
RSSI: -70 [da:3e:d2:fd:0b:0c]
RSSI: -78 [da:3e:d2:fd:0b:0c]
RSSI: -88 [da:3c:39:13:09:4e]
RSSI: -90 [da:39:30:15:04:fa]
RSSI: -89 [da:3c:39:20:09:7e]
RSSI: -72 [da:3e:d3:0c:0b:3c]
RSSI: -70 [da:3e:d3:0c:0b:3c]
RSSI: -91 [da:39:30:24:05:1a]
RSSI: -84 [da:3c:39:2d:09:9e]
RSSI: -78 [da:3e:d3:1a:0b:6c]
RSSI: -84 [da:3c:39:2d:09:9e]
RSSI: -88 [da:3c:39:2d:09:9e]
RSSI: -71 [da:3e:d3:1a:0b:6c]
RSSI: -88 [da:39:30:31:05:4a]
RSSI: -87 [da:3c:39:2d:09:9e]
RSSI: -77 [da:3e:d3:27:0b:8c]
RSSI: -82 [da:3c:39:3a:09:be]
RSSI: -85 [da:39:30:40:05:6a]
RSSI: -86 [da:3c:39:47:09:ee]
RSSI: -85 [da:39:30:40:05:6a]
RSSI: -71 [da:3e:d3:35:0b:bc]
RSSI: -82 [da:3c:39:54:0a:0e]
RSSI: -85 [da:39:30:50:05:9a]
RSSI: -84 [da:3c:39:54:0a:0e]
RSSI: -70 [da:3e:d3:43:0b:ec]
RSSI: -86 [da:39:30:5c:05:ba]
RSSI: -81 [da:3e:d3:50:0c:1c]
RSSI: -84 [da:3c:39:61:0a:2e]
RSSI: -72 [da:3e:d3:50:0c:1c]
RSSI: -84 [da:39:30:6c:05:ea]
RSSI: -85 [da:3c:39:6e:0a:5e]
RSSI: -87 [da:39:30:6c:05:ea]
RSSI: -87 [da:3c:39:6e:0a:5e]
RSSI: -73 [da:3e:d3:5f:0c:4c]
RSSI: -83 [da:39:30:7b:06:1a]
RSSI: -86 [da:3c:39:7b:0a:7e]
RSSI: -85 [da:39:30:7b:06:1a]
RSSI: -86 [da:3c:39:7b:0a:7e]
RSSI: -73 [da:3e:d3:6d:0c:6c]
RSSI: -74 [da:3e:d3:6d:0c:6c]
RSSI: -85 [da:3c:39:87:0a:9e]
RSSI: -77 [da:3e:d3:7a:0c:9c]
RSSI: -87 [da:3c:39:95:0a:ce]
RSSI: -83 [da:3c:39:95:0a:ce]
RSSI: -86 [da:39:30:97:06:6a]
RSSI: -81 [da:3e:d3:88:0c:cc]
RSSI: -83 [da:39:30:97:06:6a]
RSSI: -80 [da:3e:d3:88:0c:cc]
RSSI: -82 [da:39:30:a6:06:9a]
RSSI: -83 [da:39:30:a6:06:9a]
RSSI: -75 [da:3e:d3:97:0c:fc]
RSSI: -85 [da:3c:39:ae:0b:0e]
RSSI: -84 [da:39:30:b3:06:ba]
RSSI: -81 [da:3e:d3:a3:0d:1c]
RSSI: -85 [da:39:30:b3:06:ba]
RSSI: -81 [da:3e:d3:a3:0d:1c]
RSSI: -86 [da:3c:39:bc:0b:3e]
RSSI: -85 [da:3c:39:c9:0b:5e]
RSSI: -89 [da:3c:39:c9:0b:5e]
RSSI: -89 [da:3c:39:d5:0b:7e]
RSSI: -87 [da:39:30:ee:07:5a]
RSSI: -75 [da:3e:d3:db:0d:dc]
RSSI: -70 [da:3e:d3:ea:0d:fc]
RSSI: -87 [da:39:30:fd:07:8a]
RSSI: -90 [da:3c:39:fc:0b:ee]
RSSI: -70 [da:3e:d4:05:0e:5c]
RSSI: -73 [da:3e:d4:05:0e:5c]
RSSI: -88 [da:39:31:19:07:da]
RSSI: -71 [da:3e:d4:14:0e:8c]
RSSI: -73 [da:3e:d4:20:0e:ac]
RSSI: -90 [da:39:31:44:08:5a]
RSSI: -74 [da:3e:d4:3d:0f:0c]
RSSI: -71 [da:3e:d4:4a:0f:3c]
RSSI: -71 [da:3e:d4:4a:0f:3c]
RSSI: -82 [da:3e:d4:58:0f:5c]
RSSI: -68 [da:3e:d4:58:0f:5c]
RSSI: -68 [da:3e:d4:67:0f:8c]
RSSI: -83 [da:3e:d4:67:0f:8c]
RSSI: -69 [da:3e:d4:73:0f:bc]
RSSI: -69 [da:3e:d4:73:0f:bc]
RSSI: -72 [da:3e:d4:82:0f:ec]
RSSI: -72 [da:3e:d4:82:0f:ec]
RSSI: -94 [da:3c:3a:a6:0d:ce]
RSSI: -73 [da:3e:d4:9d:10:3c]
RSSI: -73 [da:3e:d4:9d:10:3c]
RSSI: -74 [da:3e:d4:9d:10:3c]
RSSI: -70 [da:3e:d4:ac:10:6c]
RSSI: -70 [da:3e:d4:ac:10:6c]
RSSI: -68 [da:3e:d4:c7:10:bc]
RSSI: -91 [da:3c:3a:da:0e:5e]
RSSI: -69 [da:3e:d4:d5:10:ec]
RSSI: -91 [da:39:31:f2:0a:4a]
RSSI: -74 [da:3e:d4:e4:11:1c]
RSSI: -88 [da:39:31:f2:0a:4a]
RSSI: -70 [da:3e:d4:e4:11:1c]
RSSI: -93 [da:39:32:01:0a:7a]
RSSI: -70 [da:3e:d4:f0:11:3c]
RSSI: -76 [da:3e:d4:f0:11:3c]
RSSI: -70 [da:3e:d4:ff:11:6c]
RSSI: -69 [da:3e:d4:ff:11:6c]
RSSI: -70 [da:3e:d5:0e:11:9c]
RSSI: -68 [da:3e:d5:0e:11:9c]
RSSI: -90 [da:39:32:2d:0a:fa]
RSSI: -69 [da:3e:d5:1a:11:cc]
RSSI: -69 [da:3e:d5:29:11:ec]
RSSI: -69 [da:3e:d5:29:11:ec]
RSSI: -89 [da:37:4e:3a:02:3b]
RSSI: -90 [da:3c:3b:42:0f:8e]
RSSI: -69 [da:3e:d5:37:12:1c]
RSSI: -91 [da:37:4e:47:02:5b]
RSSI: -71 [da:3e:d5:44:12:4c]
RSSI: -70 [da:3e:d5:44:12:4c]
RSSI: -92 [da:39:32:65:0b:9a]
RSSI: -70 [da:3e:d5:53:12:7c]
RSSI: -86 [da:37:4e:63:02:bb]
RSSI: -71 [da:3e:d5:61:12:ac]
RSSI: -91 [da:39:32:74:0b:ca]
RSSI: -69 [da:3e:d5:61:12:ac]
RSSI: -85 [da:37:4e:70:02:db]
RSSI: -71 [da:3e:d5:6e:12:cc]
RSSI: -84 [da:37:4e:7e:03:0b]
RSSI: -71 [da:3e:d5:6e:12:cc]
RSSI: -87 [da:37:4e:7e:03:0b]
RSSI: -71 [da:3e:d5:7c:12:fc]
RSSI: -85 [da:37:4e:8c:03:2b]
RSSI: -71 [da:3e:d5:7c:12:fc]
RSSI: -86 [da:37:4e:8c:03:2b]
RSSI: -73 [da:3e:d5:8b:13:2c]
RSSI: -73 [da:3e:d5:8b:13:2c]
RSSI: -83 [da:37:4e:99:03:5b]
RSSI: -70 [da:3e:d5:97:13:4c]
RSSI: -73 [da:3e:d5:97:13:4c]
RSSI: -83 [da:37:4e:a7:03:7b]
RSSI: -69 [da:3e:d5:a6:13:7c]
RSSI: -69 [da:3e:d5:a6:13:7c]
RSSI: -70 [da:3e:d5:b5:13:ac]
RSSI: -84 [da:37:4e:c2:03:db]
RSSI: -85 [da:37:4e:c2:03:db]
RSSI: -67 [da:3e:d5:c1:13:cc]
RSSI: -85 [da:37:4e:d1:03:fb]
RSSI: -85 [da:37:4e:df:04:2b]
RSSI: -76 [da:3e:d5:d0:13:fc]
RSSI: -92 [da:3c:3b:ec:11:6e]
RSSI: -85 [da:37:4e:eb:04:4b]
RSSI: -78 [da:3e:d5:de:14:2c]
RSSI: -85 [da:37:4e:eb:04:4b]
RSSI: -68 [da:3e:d5:eb:14:4c]
RSSI: -68 [da:3e:d5:eb:14:4c]
RSSI: -86 [da:37:4e:fa:04:7b]
RSSI: -65 [da:3e:d5:fa:14:7c]
RSSI: -65 [da:3e:d5:fa:14:7c]
RSSI: -67 [da:3e:d6:08:14:ac]
RSSI: -68 [da:3e:d6:08:14:ac]
RSSI: -70 [da:3e:d6:15:14:dc]
RSSI: -68 [da:3e:d6:15:14:dc]
RSSI: -92 [da:39:33:32:0d:ea]
RSSI: -90 [da:37:4f:23:04:fb]
RSSI: -61 [da:3e:d6:24:15:0c]
RSSI: -76 [da:3e:d6:24:15:0c]
RSSI: -69 [da:3e:d6:32:15:3c]
RSSI: -69 [da:3e:d6:32:15:3c]
RSSI: -75 [da:3e:d6:3f:15:5c]
RSSI: -71 [da:3e:d6:3f:15:5c]
RSSI: -67 [da:3e:d6:4d:15:8c]
RSSI: -71 [da:3e:d6:5c:15:bc]
RSSI: -61 [da:3e:d6:69:15:dc]
RSSI: -59 [da:3e:d6:77:16:0c]
RSSI: -59 [da:3e:d6:77:16:0c]
RSSI: -60 [da:3e:d6:86:16:3c]
RSSI: -57 [da:3e:d6:86:16:3c]
RSSI: -56 [da:3e:d6:92:16:6c]
RSSI: -56 [da:3e:d6:92:16:6c]
RSSI: -55 [da:3e:d6:a1:00:2c]
RSSI: -54 [da:3e:d6:b0:00:5c]
RSSI: -53 [da:3e:d6:bc:00:8c]
RSSI: -52 [da:3e:d6:cb:00:bc]
RSSI: -54 [da:3e:d6:cb:00:bc]
RSSI: -53 [da:3e:d6:da:00:dc]
RSSI: -53 [da:3e:d6:da:00:dc]
RSSI: -52 [da:3e:d6:da:00:dc]
RSSI: -52 [da:3e:d6:da:00:dc]
RSSI: -53 [da:3e:d6:e6:01:0c]
RSSI: -53 [da:3e:d6:f5:01:3c]
RSSI: -53 [da:3e:d7:03:01:6c]
RSSI: -54 [da:3e:d7:10:01:8c]
RSSI: -53 [da:3e:d7:10:01:8c]
RSSI: -55 [da:3e:d7:1f:01:bc]
RSSI: -55 [da:3e:d7:1f:01:bc]
RSSI: -55 [da:3e:d7:1f:01:bc]
RSSI: -54 [da:3e:d7:2d:01:ec]
RSSI: -57 [da:3e:d7:2d:01:ec]
RSSI: -56 [da:3e:d7:3a:02:0c]
RSSI: -56 [da:3e:d7:3a:02:0c]
RSSI: -58 [da:3e:d7:49:02:3c]
RSSI: -58 [da:3e:d7:49:02:3c]
RSSI: -64 [da:3e:d7:57:02:6c]
RSSI: -63 [da:3e:d7:64:02:9c]
RSSI: -70 [da:3e:d7:64:02:9c]
RSSI: -71 [da:3e:d7:73:02:cc]
RSSI: -77 [da:3e:d7:73:02:cc]
RSSI: -66 [da:3e:d7:8e:03:1c]
RSSI: -65 [da:3e:d7:9d:03:4c]
RSSI: -65 [da:3e:d7:ab:03:7c]
RSSI: -64 [da:3e:d7:ab:03:7c]
RSSI: -63 [da:3e:d7:b8:03:9c]
RSSI: -65 [da:3e:d7:b8:03:9c]
RSSI: -66 [da:3e:d7:c7:03:cc]
RSSI: -67 [da:3e:d7:d5:03:fc]
RSSI: -69 [da:3e:d7:d5:03:fc]
RSSI: -72 [da:3e:d7:e2:04:1c]
RSSI: -76 [da:3e:d7:e2:04:1c]
RSSI: -72 [da:3e:d7:f1:04:4c]
RSSI: -75 [da:3e:d7:f1:04:4c]
RSSI: -77 [da:3e:d7:ff:04:7c]
RSSI: -70 [da:3e:d7:ff:04:7c]
RSSI: -73 [da:3e:d8:0c:04:9c]
RSSI: -73 [da:3e:d8:0c:04:9c]
RSSI: -71 [da:3e:d8:1b:04:cc]
RSSI: -69 [da:3e:d8:29:04:fc]
RSSI: -93 [da:39:35:45:13:ea]
RSSI: -70 [da:3e:d8:36:05:2c]
RSSI: -72 [da:3e:d8:45:05:4c]
RSSI: -71 [da:3e:d8:45:05:4c]
RSSI: -69 [da:3e:d8:53:05:7c]
RSSI: -72 [da:3e:d8:53:05:7c]
RSSI: -67 [da:3e:d8:60:05:ac]
RSSI: -71 [da:3e:d8:6f:05:dc]
RSSI: -73 [da:3e:d8:7d:06:0c]
RSSI: -71 [da:3e:d8:7d:06:0c]
RSSI: -67 [da:3e:d8:8a:06:2c]
RSSI: -75 [da:3e:d8:8a:06:2c]
RSSI: -71 [da:3e:d8:99:06:5c]
RSSI: -69 [da:3e:d8:99:06:5c]
RSSI: -73 [da:3e:d8:a7:06:8c]
RSSI: -72 [da:3e:d8:a7:06:8c]
RSSI: -70 [da:3e:d8:b4:06:bc]
RSSI: -67 [da:3e:d8:c3:06:dc]
RSSI: -89 [da:39:35:d5:15:7a]
RSSI: -72 [da:3e:d8:c3:06:dc]
RSSI: -69 [da:3e:d8:d2:07:0c]
RSSI: -78 [da:3e:d8:de:07:3c]
RSSI: -89 [da:39:35:f4:15:da]
RSSI: -72 [da:3e:d8:de:07:3c]
RSSI: -90 [da:39:35:f4:15:da]
RSSI: -78 [da:3e:d8:ed:07:6c]
RSSI: -71 [da:3e:d8:fc:07:9c]
RSSI: -87 [da:39:36:10:00:2a]
RSSI: -71 [da:3e:d9:08:07:bc]
RSSI: -89 [da:39:36:20:00:5a]
RSSI: -88 [da:39:36:2c:00:7a]
RSSI: -72 [da:3e:d9:17:07:ec]
RSSI: -88 [da:39:36:2c:00:7a]
RSSI: -71 [da:3e:d9:17:07:ec]
RSSI: -87 [da:39:36:3c:00:aa]
RSSI: -77 [da:3e:d9:26:08:1c]
RSSI: -88 [da:39:36:3c:00:aa]
RSSI: -76 [da:3e:d9:26:08:1c]
RSSI: -88 [da:3e:d9:38:08:5c]
RSSI: -90 [da:39:36:58:00:fa]
RSSI: -90 [da:39:36:68:01:2a]
RSSI: -85 [da:3e:d9:63:08:dc]
RSSI: -89 [da:3e:d9:63:08:dc]
RSSI: -89 [da:39:36:84:01:7a]
RSSI: -92 [da:3e:d9:72:09:0c]
RSSI: -85 [da:3e:d9:81:09:3c]
RSSI: -75 [da:3e:d9:81:09:3c]
RSSI: -76 [da:3e:d9:8e:09:6c]
RSSI: -81 [da:3e:d9:9c:09:9c]
RSSI: -74 [da:3e:d9:9c:09:9c]
RSSI: -70 [da:3e:d9:ab:09:cc]
RSSI: -84 [da:3e:d9:ab:09:cc]
RSSI: -76 [da:3e:d9:b8:09:ec]
RSSI: -72 [da:3e:d9:b8:09:ec]
RSSI: -84 [da:3e:d9:c7:0a:1c]
RSSI: -81 [da:3e:d9:c7:0a:1c]
RSSI: -79 [da:3e:d9:d5:0a:4c]
RSSI: -74 [da:3e:d9:e2:0a:7c]
RSSI: -91 [da:3e:d9:f1:0a:ac]
RSSI: -72 [da:3e:d9:f1:0a:ac]
RSSI: -82 [da:3e:d9:ff:0a:cc]
RSSI: -86 [da:3e:d9:ff:0a:cc]
RSSI: -72 [da:3e:da:1b:0b:2c]
RSSI: -84 [da:3e:da:2a:0b:5c]
RSSI: -84 [da:3e:da:36:0b:7c]
RSSI: -84 [da:3e:da:54:0b:dc]
RSSI: -76 [da:3e:da:54:0b:dc]
RSSI: -79 [da:3e:da:61:0c:0c]
RSSI: -79 [da:3e:da:61:0c:0c]
RSSI: -75 [da:3e:da:6f:0c:3c]
RSSI: -75 [da:3e:da:6f:0c:3c]
RSSI: -74 [da:3e:da:7e:0c:6c]
RSSI: -75 [da:3e:da:7e:0c:6c]
RSSI: -74 [da:3e:da:7e:0c:6c]
RSSI: -73 [da:3e:da:8b:0c:8c]
RSSI: -73 [da:3e:da:8b:0c:8c]
RSSI: -73 [da:3e:da:9a:0c:bc]
RSSI: -72 [da:3e:da:9a:0c:bc]
RSSI: -74 [da:3e:da:a9:0c:ec]
RSSI: -71 [da:3e:da:b5:0d:1c]
RSSI: -72 [da:3e:da:c4:0d:3c]
RSSI: -71 [da:3e:da:c4:0d:3c]
RSSI: -79 [da:3e:da:d3:0d:6c]
RSSI: -91 [da:39:37:e4:05:5a]
RSSI: -73 [da:3e:da:d3:0d:6c]
RSSI: -82 [da:3e:da:df:0d:9c]
RSSI: -87 [da:39:37:f3:05:8a]
RSSI: -88 [da:39:38:03:05:ba]
RSSI: -75 [da:3e:da:ee:0d:cc]
RSSI: -87 [da:3c:41:0c:09:8e]
RSSI: -75 [da:3e:da:fd:0d:fc]
RSSI: -89 [da:39:38:10:05:da]
RSSI: -89 [da:3c:41:18:09:ae]
RSSI: -86 [da:39:38:1f:06:0a]
RSSI: -81 [da:3e:db:0a:0e:1c]
RSSI: -74 [da:3e:db:0a:0e:1c]
RSSI: -72 [da:3e:db:27:0e:7c]
RSSI: -88 [da:3c:41:34:09:fe]
RSSI: -84 [da:3e:db:27:0e:7c]
RSSI: -91 [da:39:38:3c:06:5a]
RSSI: -84 [da:3c:41:40:0a:1e]
RSSI: -70 [da:3e:db:34:0e:ac]
RSSI: -88 [da:39:38:4c:06:8a]
RSSI: -85 [da:3c:41:4e:0a:3e]
RSSI: -87 [da:39:38:5b:06:ba]
RSSI: -89 [da:39:38:5b:06:ba]
RSSI: -72 [da:3e:db:52:0f:0c]
RSSI: -86 [da:39:38:68:06:da]
RSSI: -70 [da:3e:db:52:0f:0c]
RSSI: -85 [da:3c:41:68:0a:8e]
RSSI: -85 [da:39:38:68:06:da]
RSSI: -69 [da:3e:db:5e:0f:2c]
RSSI: -85 [da:3c:41:76:0a:be]
RSSI: -71 [da:3e:db:5e:0f:2c]
RSSI: -84 [da:39:38:78:07:0a]
RSSI: -86 [da:39:38:87:07:3a]
RSSI: -83 [da:3c:41:90:0a:fe]
RSSI: -69 [da:3e:db:7c:0f:8c]
RSSI: -84 [da:3c:41:90:0a:fe]
RSSI: -86 [da:39:38:94:07:5a]
RSSI: -70 [da:3e:db:89:0f:ac]
RSSI: -70 [da:3e:db:89:0f:ac]
RSSI: -69 [da:3e:db:98:0f:dc]
RSSI: -84 [da:39:38:b3:07:aa]
RSSI: -72 [da:3e:db:a7:10:0c]
RSSI: -87 [da:3c:41:b8:0b:6e]
RSSI: -70 [da:3e:db:a7:10:0c]
RSSI: -70 [da:3e:db:a7:10:0c]
RSSI: -88 [da:3c:41:c5:0b:9e]
RSSI: -72 [da:3e:db:b3:10:3c]
RSSI: -90 [da:3c:41:d3:0b:be]
RSSI: -73 [da:3e:db:c2:10:6c]
RSSI: -72 [da:3e:db:c2:10:6c]
RSSI: -67 [da:3e:db:d1:10:9c]
RSSI: -69 [da:3e:db:de:10:bc]
RSSI: -69 [da:3e:db:de:10:bc]
RSSI: -67 [da:3e:db:de:10:bc]
RSSI: -70 [da:3e:db:ed:10:ec]
RSSI: -66 [da:3e:db:fb:11:1c]
RSSI: -66 [da:3e:db:fb:11:1c]
RSSI: -71 [da:3e:dc:08:11:4c]
RSSI: -70 [da:3e:dc:17:11:7c]
RSSI: -69 [da:3e:dc:17:11:7c]
RSSI: -68 [da:3e:dc:26:11:ac]
RSSI: -69 [da:3e:dc:26:11:ac]
RSSI: -92 [da:39:39:45:09:5a]
RSSI: -92 [da:37:55:3e:00:cb]
RSSI: -68 [da:3e:dc:32:11:cc]
RSSI: -68 [da:3e:dc:41:11:fc]
RSSI: -90 [da:37:55:4c:00:fb]
RSSI: -71 [da:3e:dc:50:12:2c]
RSSI: -71 [da:3e:dc:50:12:2c]
RSSI: -70 [da:3e:dc:5d:12:5c]
RSSI: -72 [da:3e:dc:6c:12:8c]
RSSI: -72 [da:3e:dc:6c:12:8c]
RSSI: -72 [da:3e:dc:7b:12:ac]
RSSI: -70 [da:3e:dc:7b:12:ac]
RSSI: -86 [da:37:55:91:01:cb]
RSSI: -71 [da:3e:dc:87:12:dc]
RSSI: -74 [da:3e:dc:96:13:0c]
RSSI: -71 [da:3e:dc:96:13:0c]
RSSI: -70 [da:3e:dc:a5:13:3c]
RSSI: -71 [da:3e:dc:a5:13:3c]
RSSI: -93 [da:39:39:c9:0a:da]
RSSI: -80 [da:37:55:ca:02:6b]
RSSI: -81 [da:37:55:ca:02:6b]
RSSI: -74 [da:3e:dc:c1:13:8c]
RSSI: -80 [da:37:55:d8:02:9b]
RSSI: -78 [da:37:55:d8:02:9b]
RSSI: -87 [da:3e:dc:d0:13:bc]
RSSI: -80 [da:37:55:e5:02:cb]
RSSI: -79 [da:37:55:e5:02:cb]
RSSI: -77 [da:3e:dc:dc:13:ec]
RSSI: -92 [da:39:39:f5:0b:5a]
RSSI: -79 [da:37:55:f4:02:eb]
RSSI: -76 [da:3e:dc:eb:14:1c]
RSSI: -79 [da:37:55:f4:02:eb]
RSSI: -81 [da:3e:dc:eb:14:1c]
RSSI: -80 [da:3e:dc:fa:14:3c]
RSSI: -78 [da:3e:dc:fa:14:3c]
RSSI: -79 [da:37:56:0f:03:3b]
RSSI: -79 [da:3e:dd:07:14:6c]
RSSI: -79 [da:37:56:1d:03:6b]
RSSI: -78 [da:37:56:1d:03:6b]
RSSI: -82 [da:3e:dd:16:14:9c]
RSSI: -76 [da:37:56:2c:03:9b]
RSSI: -79 [da:3e:dd:25:14:cc]
RSSI: -79 [da:37:56:2c:03:9b]
RSSI: -78 [da:3e:dd:25:14:cc]
RSSI: -77 [da:37:56:39:03:bb]
RSSI: -71 [da:3e:dd:31:14:ec]
RSSI: -81 [da:3e:dd:31:14:ec]
RSSI: -79 [da:37:56:47:03:eb]
RSSI: -68 [da:3e:dd:40:15:1c]
RSSI: -79 [da:37:56:56:04:1b]
RSSI: -78 [da:3e:dd:4f:15:4c]
RSSI: -79 [da:3e:dd:4f:15:4c]
RSSI: -78 [da:37:56:62:04:3b]
RSSI: -88 [da:3e:dd:5c:15:7c]
RSSI: -80 [da:37:56:71:04:6b]
RSSI: -79 [da:37:56:71:04:6b]
RSSI: -72 [da:3e:dd:6b:15:ac]
RSSI: -80 [da:37:56:80:04:9b]
RSSI: -75 [da:3e:dd:6b:15:ac]
RSSI: -80 [da:37:56:80:04:9b]
RSSI: -76 [da:3e:dd:7a:15:dc]
RSSI: -71 [da:3e:dd:7a:15:dc]
RSSI: -82 [da:37:56:8c:04:bb]
RSSI: -78 [da:3e:dd:87:15:fc]
RSSI: -75 [da:3e:dd:87:15:fc]
RSSI: -75 [da:3e:dd:87:15:fc]
RSSI: -81 [da:37:56:9b:04:eb]
RSSI: -84 [da:37:56:9b:04:eb]
RSSI: -82 [da:3e:dd:96:16:2c]
RSSI: -72 [da:3e:dd:96:16:2c]
RSSI: -84 [da:37:56:aa:05:0b]
RSSI: -65 [da:3e:dd:a4:16:5c]
RSSI: -65 [da:3e:dd:a4:16:5c]
RSSI: -85 [da:37:56:b6:05:3b]
RSSI: -87 [da:37:56:b6:05:3b]
RSSI: -72 [da:3e:dd:b1:16:7c]
RSSI: -88 [da:37:56:b6:05:3b]
RSSI: -66 [da:3e:dd:b1:16:7c]
RSSI: -69 [da:3e:dd:c0:00:0c]
RSSI: -64 [da:3e:dd:cf:00:2c]
RSSI: -68 [da:3e:dd:dc:00:5c]
RSSI: -96 [da:39:3a:f2:0e:3a]
RSSI: -61 [da:3e:dd:eb:00:8c]
RSSI: -62 [da:3e:dd:eb:00:8c]
RSSI: -59 [da:3e:dd:fa:00:bc]
RSSI: -58 [da:3e:dd:fa:00:bc]
RSSI: -87 [da:37:57:0a:06:2b]
RSSI: -58 [da:3e:dd:fa:00:bc]
RSSI: -58 [da:3e:de:06:00:dc]
RSSI: -58 [da:3e:de:15:01:0c]
RSSI: -57 [da:3e:de:15:01:0c]
RSSI: -55 [da:3e:de:24:01:3c]
RSSI: -56 [da:3e:de:31:01:6c]
RSSI: -56 [da:3e:de:31:01:6c]
RSSI: -57 [da:3e:de:40:01:9c]
RSSI: -55 [da:3e:de:4f:01:cc]
RSSI: -56 [da:3e:de:5c:01:ec]
RSSI: -57 [da:3e:de:6b:02:1c]
RSSI: -56 [da:3e:de:6b:02:1c]
RSSI: -56 [da:3e:de:6b:02:1c]
RSSI: -55 [da:3e:de:7a:02:4c]
RSSI: -58 [da:3e:de:7a:02:4c]
RSSI: -56 [da:3e:de:86:02:7c]
RSSI: -57 [da:3e:de:95:02:ac]
RSSI: -59 [da:3e:de:a4:02:dc]
RSSI: -59 [da:3e:de:a4:02:dc]
RSSI: -61 [da:3e:de:b1:02:fc]
RSSI: -61 [da:3e:de:b1:02:fc]
RSSI: -67 [da:3e:de:c0:03:2c]
RSSI: -64 [da:3e:de:cf:03:5c]
RSSI: -67 [da:3e:de:cf:03:5c]
RSSI: -69 [da:3e:de:dc:03:7c]
RSSI: -76 [da:3e:de:dc:03:7c]
RSSI: -68 [da:3e:de:eb:03:ac]
RSSI: -79 [da:3e:de:eb:03:ac]
RSSI: -69 [da:3e:de:fa:03:dc]
RSSI: -63 [da:3e:de:fa:03:dc]
RSSI: -73 [da:3e:df:06:04:0c]
RSSI: -66 [da:3e:df:06:04:0c]
RSSI: -70 [da:3e:df:15:04:3c]
RSSI: -66 [da:3e:df:15:04:3c]
RSSI: -62 [da:3e:df:24:04:6c]
RSSI: -62 [da:3e:df:24:04:6c]
RSSI: -69 [da:3e:df:31:04:8c]
RSSI: -65 [da:3e:df:31:04:8c]
RSSI: -70 [da:3e:df:40:04:bc]
RSSI: -72 [da:3e:df:40:04:bc]
RSSI: -72 [da:3e:df:40:04:bc]
RSSI: -70 [da:3e:df:4f:04:ec]
RSSI: -71 [da:3e:df:5c:05:1c]
RSSI: -72 [da:3e:df:5c:05:1c]
RSSI: -80 [da:3e:df:6b:05:4c]
RSSI: -71 [da:3e:df:6b:05:4c]
RSSI: -72 [da:3e:df:7a:05:7c]
RSSI: -77 [da:3e:df:7a:05:7c]
RSSI: -70 [da:3e:df:87:05:9c]
RSSI: -74 [da:3e:df:96:05:cc]
RSSI: -69 [da:3e:df:96:05:cc]
RSSI: -70 [da:3e:df:a5:05:fc]
RSSI: -69 [da:3e:df:b1:06:2c]
RSSI: -69 [da:3e:df:b1:06:2c]
RSSI: -68 [da:3e:df:c0:06:5c]
RSSI: -74 [da:3e:df:cf:06:8c]
RSSI: -67 [da:3e:df:dc:06:ac]
RSSI: -68 [da:3e:df:eb:06:dc]
RSSI: -68 [da:3e:df:eb:06:dc]
RSSI: -68 [da:3e:df:fa:07:0c]
RSSI: -71 [da:3e:df:fa:07:0c]
RSSI: -67 [da:3e:e0:07:07:2c]
RSSI: -68 [da:3e:e0:16:07:5c]
RSSI: -67 [da:3e:e0:16:07:5c]
RSSI: -71 [da:3e:e0:25:07:8c]
RSSI: -67 [da:3e:e0:25:07:8c]
RSSI: -71 [da:3e:e0:32:07:bc]
RSSI: -71 [da:3e:e0:32:07:bc]
RSSI: -72 [da:3e:e0:41:07:ec]
RSSI: -72 [da:3e:e0:50:08:1c]
RSSI: -82 [da:3e:e0:5d:08:3c]
RSSI: -73 [da:3e:e0:5d:08:3c]
RSSI: -94 [da:3c:46:78:02:ae]
RSSI: -80 [da:3e:e0:6c:08:6c]
RSSI: -72 [da:3e:e0:7b:08:9c]
RSSI: -72 [da:3e:e0:87:08:cc]
RSSI: -93 [da:39:3d:aa:15:fa]
RSSI: -78 [da:3e:e0:97:08:fc]
RSSI: -75 [da:3e:e0:a6:09:2c]
RSSI: -81 [da:3e:e0:a6:09:2c]
RSSI: -84 [da:3e:e0:b2:09:4c]
RSSI: -74 [da:3e:e0:b2:09:4c]
RSSI: -74 [da:3e:e0:b2:09:4c]
RSSI: -78 [da:3e:e0:c1:09:7c]
RSSI: -82 [da:3e:e0:d1:09:ac]
RSSI: -81 [da:3e:e0:d1:09:ac]
RSSI: -76 [da:3e:e0:d1:09:ac]
RSSI: -78 [da:3e:e0:dd:09:dc]
RSSI: -77 [da:3e:e0:dd:09:dc]
RSSI: -76 [da:3e:e0:fb:0a:3c]
RSSI: -75 [da:3e:e0:fb:0a:3c]
RSSI: -80 [da:3e:e1:08:0a:5c]
RSSI: -76 [da:3e:e1:08:0a:5c]
RSSI: -73 [da:3e:e1:17:0a:8c]
RSSI: -91 [da:39:3e:2f:01:2a]
RSSI: -77 [da:3e:e1:26:0a:bc]
RSSI: -70 [da:3e:e1:26:0a:bc]
RSSI: -74 [da:3e:e1:33:0a:ec]
RSSI: -81 [da:3e:e1:42:0b:1c]
RSSI: -72 [da:3e:e1:42:0b:1c]
RSSI: -72 [da:3e:e1:51:0b:4c]
RSSI: -73 [da:3e:e1:51:0b:4c]
RSSI: -77 [da:3e:e1:51:0b:4c]
RSSI: -72 [da:3e:e1:5e:0b:6c]
RSSI: -76 [da:3e:e1:5e:0b:6c]
RSSI: -75 [da:3e:e1:6d:0b:9c]
RSSI: -80 [da:3e:e1:7c:0b:cc]
RSSI: -77 [da:3e:e1:89:0b:fc]
RSSI: -86 [da:3e:e1:89:0b:fc]
RSSI: -77 [da:3e:e1:98:0c:2c]
RSSI: -75 [da:3e:e1:98:0c:2c]
RSSI: -79 [da:3e:e1:a7:0c:5c]
RSSI: -75 [da:3e:e1:a7:0c:5c]
RSSI: -75 [da:3e:e1:b4:0c:7c]
RSSI: -72 [da:3e:e1:c3:0c:ac]
RSSI: -72 [da:3e:e1:c3:0c:ac]
RSSI: -71 [da:3e:e1:d2:0c:ec]
RSSI: -71 [da:3e:e1:d2:0c:ec]
RSSI: -72 [da:3e:e1:d2:0c:ec]
RSSI: -70 [da:3e:e1:df:0d:0c]
RSSI: -69 [da:3e:e1:df:0d:0c]
RSSI: -69 [da:3e:e1:ee:0d:3c]
RSSI: -68 [da:3e:e1:ee:0d:3c]
RSSI: -71 [da:3e:e1:fd:0d:6c]
RSSI: -68 [da:3e:e2:0a:0d:9c]
RSSI: -71 [da:3e:e2:0a:0d:9c]
RSSI: -69 [da:3e:e2:19:0d:cc]
RSSI: -88 [da:39:3f:2b:03:fa]
RSSI: -68 [da:3e:e2:19:0d:cc]
RSSI: -70 [da:3e:e2:28:0d:fc]
RSSI: -72 [da:3e:e2:35:0e:1c]
RSSI: -72 [da:3e:e2:35:0e:1c]
RSSI: -72 [da:3e:e2:44:0e:4c]
RSSI: -74 [da:3e:e2:44:0e:4c]
RSSI: -78 [da:3e:e2:53:0e:7c]
RSSI: -74 [da:3e:e2:53:0e:7c]
RSSI: -74 [da:3e:e2:53:0e:7c]
RSSI: -88 [da:39:3f:78:04:ca]
RSSI: -73 [da:3e:e2:6f:0e:dc]
RSSI: -87 [da:39:3f:85:04:fa]
RSSI: -81 [da:3e:e2:6f:0e:dc]
RSSI: -84 [da:39:3f:85:04:fa]
RSSI: -83 [da:39:3f:95:05:2a]
RSSI: -76 [da:3e:e2:8b:0f:2c]
RSSI: -82 [da:39:3f:b1:05:7a]
RSSI: -77 [da:3e:e2:9a:0f:5c]
RSSI: -79 [da:39:3f:b1:05:7a]
RSSI: -80 [da:39:3f:b1:05:7a]
RSSI: -91 [da:3c:48:bc:09:2e]
RSSI: -72 [da:3e:e2:a9:0f:8c]
RSSI: -89 [da:3c:48:bc:09:2e]
RSSI: -80 [da:39:3f:c2:05:aa]
RSSI: -80 [da:39:3f:c2:05:aa]
RSSI: -72 [da:3e:e2:b6:0f:bc]
RSSI: -79 [da:39:3f:d2:05:da]
RSSI: -82 [da:3e:e2:c5:0f:ec]
RSSI: -88 [da:3c:48:d7:09:7e]
RSSI: -76 [da:39:3f:de:05:fa]
RSSI: -76 [da:3e:e2:d4:10:1c]
RSSI: -78 [da:39:3f:ee:06:2a]
RSSI: -87 [da:3c:48:f1:09:ce]
RSSI: -74 [da:3e:e2:e1:10:4c]
RSSI: -87 [da:3c:48:ff:09:ee]
RSSI: -78 [da:39:3f:fe:06:5a]
RSSI: -71 [da:3e:e2:f0:10:7c]
RSSI: -85 [da:3c:48:ff:09:ee]
RSSI: -73 [da:3e:e2:f0:10:7c]
RSSI: -76 [da:39:40:0b:06:7a]
RSSI: -85 [da:3c:49:0d:0a:1e]
RSSI: -78 [da:39:40:0b:06:7a]
RSSI: -73 [da:3e:e3:00:10:ac]
RSSI: -85 [da:3c:49:1a:0a:3e]
RSSI: -75 [da:3e:e3:0c:10:cc]
RSSI: -86 [da:3c:49:28:0a:5e]
RSSI: -78 [da:39:40:2b:06:da]
RSSI: -85 [da:3c:49:28:0a:5e]
RSSI: -74 [da:3e:e3:1c:10:fc]
RSSI: -74 [da:3e:e3:1c:10:fc]
RSSI: -78 [da:39:40:38:06:fa]
RSSI: -78 [da:39:40:38:06:fa]
RSSI: -74 [da:3e:e3:2b:11:2c]
RSSI: -78 [da:39:40:38:06:fa]
RSSI: -83 [da:3c:49:42:0a:ae]
RSSI: -78 [da:39:40:48:07:2a]
RSSI: -75 [da:3e:e3:37:11:5c]
RSSI: -79 [da:39:40:48:07:2a]
RSSI: -72 [da:3e:e3:37:11:5c]
RSSI: -84 [da:3c:49:51:0a:ce]
RSSI: -76 [da:39:40:58:07:5a]
RSSI: -85 [da:3c:49:5e:0a:fe]
RSSI: -74 [da:3e:e3:47:11:7c]
RSSI: -88 [da:3c:49:5e:0a:fe]
RSSI: -79 [da:39:40:65:07:7a]
RSSI: -78 [da:39:40:65:07:7a]
RSSI: -88 [da:3c:49:6b:0b:1e]
RSSI: -80 [da:39:40:75:07:aa]
RSSI: -73 [da:3e:e3:62:11:dc]
RSSI: -83 [da:3c:49:79:0b:3e]
RSSI: -79 [da:3e:e3:72:12:0c]
RSSI: -83 [da:39:40:85:07:da]
RSSI: -78 [da:3e:e3:72:12:0c]
RSSI: -82 [da:39:40:91:07:fa]
RSSI: -78 [da:3e:e3:81:12:3c]
RSSI: -84 [da:39:40:91:07:fa]
RSSI: -78 [da:3e:e3:81:12:3c]
RSSI: -76 [da:3e:e3:8e:12:5c]
RSSI: -73 [da:3e:e3:9d:12:8c]
RSSI: -78 [da:3e:e3:9d:12:8c]
RSSI: -72 [da:3e:e3:ac:12:bc]
RSSI: -71 [da:3e:e3:ac:12:bc]
RSSI: -74 [da:3e:e3:b9:12:ec]
RSSI: -72 [da:3e:e3:c8:13:1c]
RSSI: -72 [da:3e:e3:c8:13:1c]
RSSI: -78 [da:3e:e3:d7:13:4c]
RSSI: -83 [da:39:40:eb:08:fa]
RSSI: -78 [da:3e:e3:e4:13:6c]
RSSI: -76 [da:3e:e3:e4:13:6c]
RSSI: -87 [da:39:40:fb:09:2a]
RSSI: -76 [da:3e:e3:e4:13:6c]
RSSI: -74 [da:3e:e3:f3:13:9c]
RSSI: -88 [da:39:41:0b:09:5a]
RSSI: -75 [da:3e:e4:02:13:cc]
RSSI: -87 [da:39:41:18:09:7a]
RSSI: -74 [da:3e:e4:0f:13:fc]
RSSI: -90 [da:37:5d:1e:01:cb]
RSSI: -76 [da:3e:e4:1e:14:2c]
RSSI: -77 [da:3e:e4:1e:14:2c]
RSSI: -86 [da:37:5d:2d:01:fb]
RSSI: -79 [da:3e:e4:2e:14:5c]
RSSI: -79 [da:3e:e4:2e:14:5c]
RSSI: -78 [da:3e:e4:2e:14:5c]
RSSI: -86 [da:37:5d:3a:02:1b]
RSSI: -87 [da:37:5d:49:02:4b]
RSSI: -82 [da:3e:e4:3a:14:7c]
RSSI: -90 [da:39:41:55:0a:2a]
RSSI: -85 [da:37:5d:49:02:4b]
RSSI: -85 [da:37:5d:58:02:7b]
RSSI: -83 [da:37:5d:58:02:7b]
RSSI: -88 [da:39:41:65:0a:5a]
RSSI: -84 [da:37:5d:64:02:9b]
RSSI: -75 [da:3e:e4:59:14:dc]
RSSI: -84 [da:37:5d:64:02:9b]
RSSI: -83 [da:37:5d:74:02:cb]
RSSI: -76 [da:3e:e4:66:15:0c]
RSSI: -83 [da:37:5d:74:02:cb]
RSSI: -84 [da:37:5d:74:02:cb]
RSSI: -83 [da:3e:e4:75:15:3c]
RSSI: -81 [da:37:5d:83:02:fb]
RSSI: -85 [da:3e:e4:75:15:3c]
RSSI: -82 [da:37:5d:8f:03:1b]
RSSI: -81 [da:3e:e4:84:15:6c]
RSSI: -82 [da:37:5d:8f:03:1b]
RSSI: -78 [da:3e:e4:91:15:8c]
RSSI: -82 [da:37:5d:9e:03:4b]
RSSI: -76 [da:3e:e4:91:15:8c]
RSSI: -82 [da:37:5d:ad:03:7b]
RSSI: -75 [da:3e:e4:a0:15:bc]
RSSI: -81 [da:3e:e4:af:15:ec]
RSSI: -83 [da:37:5d:ba:03:9b]
RSSI: -78 [da:3e:e4:bc:16:1c]
RSSI: -83 [da:37:5d:c9:03:cb]
RSSI: -79 [da:3e:e4:bc:16:1c]
RSSI: -83 [da:37:5d:c9:03:cb]
RSSI: -83 [da:3e:e4:cb:16:4c]
RSSI: -82 [da:37:5d:d8:03:fb]
RSSI: -83 [da:37:5d:d8:03:fb]
RSSI: -77 [da:3e:e4:db:16:7c]
RSSI: -83 [da:37:5d:e4:04:1b]
RSSI: -76 [da:3e:e4:db:16:7c]
RSSI: -73 [da:3e:e4:e7:00:2c]
RSSI: -71 [da:3e:e4:f7:00:5c]
RSSI: -86 [da:37:5e:0f:04:9b]
RSSI: -85 [da:37:5e:0f:04:9b]
RSSI: -86 [da:37:5e:1e:04:cb]
RSSI: -68 [da:3e:e5:13:00:bc]
RSSI: -86 [da:37:5e:2d:04:fb]
RSSI: -65 [da:3e:e5:22:00:ec]
RSSI: -87 [da:37:5e:2d:04:fb]
RSSI: -65 [da:3e:e5:22:00:ec]
RSSI: -68 [da:3e:e5:22:00:ec]
RSSI: -88 [da:37:5e:3a:05:1b]
RSSI: -66 [da:3e:e5:31:01:1c]
RSSI: -71 [da:3e:e5:3e:01:3c]
RSSI: -67 [da:3e:e5:3e:01:3c]
RSSI: -92 [da:37:5e:49:05:4b]
RSSI: -81 [da:3e:e5:4d:01:6c]
RSSI: -61 [da:3e:e5:5d:01:9c]
RSSI: -71 [da:3e:e5:69:01:cc]
RSSI: -61 [da:3e:e5:69:01:cc]
RSSI: -69 [da:3e:e5:79:01:fc]
RSSI: -76 [da:3e:e5:79:01:fc]
RSSI: -91 [da:37:5e:8f:06:1b]
RSSI: -88 [da:39:42:98:0d:da]
RSSI: -63 [da:3e:e5:88:02:2c]
RSSI: -89 [da:39:42:a5:0d:fa]
RSSI: -64 [da:3e:e5:95:02:4c]
RSSI: -97 [da:3c:4b:ad:11:8e]
RSSI: -61 [da:3e:e5:a4:02:7c]
RSSI: -67 [da:3e:e5:a4:02:7c]
RSSI: -58 [da:3e:e5:b3:02:ac]
RSSI: -60 [da:3e:e5:b3:02:ac]
RSSI: -60 [da:3e:e5:b3:02:ac]
RSSI: -57 [da:3e:e5:c0:02:dc]
RSSI: -93 [da:39:42:db:0e:9a]
RSSI: -70 [da:3e:e5:cf:03:0c]
RSSI: -56 [da:3e:e5:cf:03:0c]
RSSI: -89 [da:39:42:e8:0e:ca]
RSSI: -90 [da:3c:4b:f2:12:4e]
RSSI: -56 [da:3e:e5:df:03:3c]
RSSI: -57 [da:3e:e5:eb:03:5c]
RSSI: -57 [da:3e:e5:eb:03:5c]
RSSI: -57 [da:3e:e5:fb:03:8c]
RSSI: -89 [da:39:43:0e:0f:3a]
RSSI: -92 [da:3c:4c:0d:12:9e]
RSSI: -58 [da:3e:e5:fb:03:8c]
RSSI: -61 [da:3e:e6:0a:03:bc]
RSSI: -60 [da:3e:e6:17:03:ec]
RSSI: -60 [da:3e:e6:17:03:ec]
RSSI: -63 [da:3e:e6:26:04:1c]
RSSI: -65 [da:3e:e6:26:04:1c]
RSSI: -68 [da:3e:e6:35:04:4c]
RSSI: -62 [da:3e:e6:42:04:6c]
RSSI: -74 [da:3e:e6:42:04:6c]
RSSI: -67 [da:3e:e6:51:04:9c]
RSSI: -63 [da:3e:e6:51:04:9c]
RSSI: -68 [da:3e:e6:61:04:cc]
RSSI: -63 [da:3e:e6:61:04:cc]
RSSI: -64 [da:3e:e6:6d:04:fc]
RSSI: -64 [da:3e:e6:6d:04:fc]
RSSI: -61 [da:3e:e6:7d:05:2c]
RSSI: -63 [da:3e:e6:7d:05:2c]
RSSI: -60 [da:3e:e6:8c:05:5c]
RSSI: -62 [da:3e:e6:8c:05:5c]
RSSI: -63 [da:3e:e6:99:05:7c]
RSSI: -62 [da:3e:e6:99:05:7c]
RSSI: -65 [da:3e:e6:a8:05:ac]
RSSI: -66 [da:3e:e6:a8:05:ac]
RSSI: -66 [da:3e:e6:b8:05:dc]
RSSI: -66 [da:3e:e6:b8:05:dc]
RSSI: -72 [da:3e:e6:c4:06:0c]
RSSI: -67 [da:3e:e6:c4:06:0c]
RSSI: -72 [da:3e:e6:d4:06:3c]
RSSI: -71 [da:3e:e6:e3:06:6c]
RSSI: -67 [da:3e:e6:f0:06:8c]
RSSI: -67 [da:3e:e6:f0:06:8c]
RSSI: -68 [da:3e:e6:ff:06:bc]
RSSI: -67 [da:3e:e6:ff:06:bc]
RSSI: -68 [da:3e:e7:0f:06:ec]
RSSI: -66 [da:3e:e7:0f:06:ec]
RSSI: -69 [da:3e:e7:1b:07:1c]
RSSI: -69 [da:3e:e7:1b:07:1c]
RSSI: -65 [da:3e:e7:2b:07:4c]
RSSI: -71 [da:3e:e7:2b:07:4c]
RSSI: -67 [da:3e:e7:3a:07:7c]
RSSI: -64 [da:3e:e7:3a:07:7c]
RSSI: -65 [da:3e:e7:47:07:ac]
RSSI: -67 [da:3e:e7:56:07:dc]
RSSI: -65 [da:3e:e7:56:07:dc]
RSSI: -70 [da:3e:e7:66:08:0c]
RSSI: -68 [da:3e:e7:66:08:0c]
RSSI: -75 [da:3e:e7:78:08:3c]
RSSI: -64 [da:3e:e7:88:08:6c]
RSSI: -68 [da:3e:e7:97:08:9c]
RSSI: -71 [da:3e:e7:a4:08:cc]
RSSI: -67 [da:3e:e7:a4:08:cc]
RSSI: -69 [da:3e:e7:b3:08:fc]
RSSI: -67 [da:3e:e7:c3:09:2c]
RSSI: -77 [da:3e:e7:cf:09:5c]
RSSI: -78 [da:3e:e7:cf:09:5c]
RSSI: -68 [da:3e:e7:cf:09:5c]
RSSI: -77 [da:3e:e7:df:09:8c]
RSSI: -77 [da:3e:e7:df:09:8c]
RSSI: -91 [da:3c:4e:07:01:be]
RSSI: -82 [da:3e:e7:ee:09:bc]
RSSI: -89 [da:3c:4e:07:01:be]
RSSI: -70 [da:3e:e7:fb:09:dc]
RSSI: -68 [da:3e:e8:0b:0a:1c]
RSSI: -77 [da:3e:e8:0b:0a:1c]
RSSI: -73 [da:3e:e8:1a:0a:4c]
RSSI: -72 [da:3e:e8:1a:0a:4c]
RSSI: -75 [da:3e:e8:27:0a:6c]
RSSI: -77 [da:3e:e8:27:0a:6c]
RSSI: -89 [da:3c:4e:3d:02:4e]
RSSI: -77 [da:3e:e8:36:0a:9c]
RSSI: -83 [da:3e:e8:36:0a:9c]
RSSI: -80 [da:3e:e8:46:0a:cc]
RSSI: -81 [da:3e:e8:46:0a:cc]
RSSI: -93 [da:3c:4e:66:02:ce]
RSSI: -78 [da:3e:e8:53:0a:fc]
RSSI: -78 [da:3e:e8:53:0a:fc]
RSSI: -93 [da:3c:4e:74:02:ee]
RSSI: -76 [da:3e:e8:62:0b:2c]
RSSI: -78 [da:3e:e8:62:0b:2c]
RSSI: -82 [da:3e:e8:72:0b:5c]
RSSI: -76 [da:3e:e8:72:0b:5c]
RSSI: -77 [da:3e:e8:7e:0b:7c]
RSSI: -74 [da:3e:e8:7e:0b:7c]
RSSI: -74 [da:3e:e8:8e:0b:bc]
RSSI: -76 [da:3e:e8:9d:0b:ec]
RSSI: -76 [da:3e:e8:9d:0b:ec]
RSSI: -95 [da:3c:4e:b8:03:ae]
RSSI: -73 [da:3e:e8:aa:0c:0c]
RSSI: -76 [da:3e:e8:aa:0c:0c]
RSSI: -77 [da:3e:e8:b9:0c:3c]
RSSI: -75 [da:3e:e8:c9:0c:6c]
RSSI: -73 [da:3e:e8:c9:0c:6c]
RSSI: -75 [da:3e:e8:d5:0c:9c]
RSSI: -74 [da:3e:e8:d5:0c:9c]
RSSI: -77 [da:3e:e8:e5:0c:cc]
RSSI: -77 [da:3e:e8:f5:0c:fc]
RSSI: -80 [da:3e:e8:f5:0c:fc]
RSSI: -85 [da:3e:e9:01:0d:1c]
RSSI: -85 [da:3e:e9:11:0d:5c]
RSSI: -88 [da:39:46:25:01:da]
RSSI: -87 [da:39:46:31:02:0a]
RSSI: -76 [da:3e:e9:20:0d:8c]
RSSI: -94 [da:3c:4f:34:05:0e]
RSSI: -74 [da:3e:e9:2d:0d:ac]
RSSI: -75 [da:3e:e9:3c:0d:dc]
RSSI: -86 [da:39:46:58:02:6a]
RSSI: -93 [da:3c:4f:7a:05:de]
RSSI: -85 [da:3e:e9:68:0e:6c]
RSSI: -87 [da:39:46:7e:02:da]
RSSI: -83 [da:3e:e9:68:0e:6c]
RSSI: -81 [da:3e:e9:68:0e:6c]
RSSI: -74 [da:3e:e9:78:0e:9c]
RSSI: -76 [da:3e:e9:84:0e:bc]
RSSI: -71 [da:3e:e9:84:0e:bc]
RSSI: -88 [da:39:46:a5:03:4a]
RSSI: -74 [da:3e:e9:94:0e:ec]
RSSI: -74 [da:3e:e9:94:0e:ec]
RSSI: -89 [da:39:46:b1:03:7a]
RSSI: -71 [da:3e:e9:a3:0f:1c]
RSSI: -90 [da:3c:4f:be:06:9e]
RSSI: -90 [da:39:46:be:03:9a]
RSSI: -70 [da:3e:e9:b0:0f:4c]
RSSI: -72 [da:3e:e9:b0:0f:4c]
RSSI: -85 [da:39:46:cb:03:ba]
RSSI: -75 [da:3e:e9:c0:0f:7c]
RSSI: -71 [da:3e:e9:c0:0f:7c]
RSSI: -87 [da:39:46:d8:03:da]
RSSI: -72 [da:3e:e9:c0:0f:7c]
RSSI: -78 [da:3e:e9:cf:0f:ac]
RSSI: -86 [da:39:46:e5:04:0a]
RSSI: -75 [da:3e:e9:dc:0f:dc]
RSSI: -85 [da:39:46:f2:04:2a]
RSSI: -80 [da:3e:e9:dc:0f:dc]
RSSI: -86 [da:39:46:fe:04:4a]
RSSI: -82 [da:3e:e9:eb:10:0c]
RSSI: -75 [da:3e:e9:eb:10:0c]
RSSI: -77 [da:3e:e9:fb:10:3c]
RSSI: -86 [da:39:47:18:04:9a]
RSSI: -74 [da:3e:ea:08:10:5c]
RSSI: -80 [da:3e:ea:08:10:5c]
RSSI: -86 [da:39:47:25:04:ba]
RSSI: -79 [da:3e:ea:17:10:9c]
RSSI: -86 [da:39:47:32:04:da]
RSSI: -71 [da:3e:ea:17:10:9c]
RSSI: -85 [da:39:47:32:04:da]
RSSI: -74 [da:3e:ea:27:10:cc]
RSSI: -84 [da:3e:ea:27:10:cc]
RSSI: -83 [da:39:47:3f:04:fa]
RSSI: -71 [da:3e:ea:33:10:ec]
RSSI: -82 [da:39:47:4b:05:2a]
RSSI: -81 [da:39:47:58:05:4a]
RSSI: -68 [da:3e:ea:43:11:1c]
RSSI: -81 [da:39:47:58:05:4a]
RSSI: -81 [da:39:47:58:05:4a]
RSSI: -67 [da:3e:ea:43:11:1c]
RSSI: -73 [da:3e:ea:53:11:4c]
RSSI: -80 [da:39:47:65:05:7a]
RSSI: -67 [da:3e:ea:53:11:4c]
RSSI: -79 [da:39:47:72:05:9a]
RSSI: -69 [da:3e:ea:5f:11:7c]
RSSI: -78 [da:39:47:7f:05:ba]
RSSI: -66 [da:3e:ea:6f:11:ac]
RSSI: -77 [da:39:47:8c:05:da]
RSSI: -86 [da:3c:50:8d:08:ee]
RSSI: -70 [da:3e:ea:7e:11:dc]
RSSI: -67 [da:3e:ea:7e:11:dc]
RSSI: -74 [da:3e:ea:8b:12:0c]
RSSI: -77 [da:39:47:a6:06:2a]
RSSI: -87 [da:3c:50:a8:09:2e]
RSSI: -65 [da:3e:ea:9b:12:3c]
RSSI: -72 [da:3e:ea:aa:12:6c]
RSSI: -76 [da:39:47:bf:06:6a]
RSSI: -83 [da:3c:50:c4:09:8e]
RSSI: -74 [da:3e:ea:b7:12:8c]
RSSI: -70 [da:3e:ea:b7:12:8c]
RSSI: -84 [da:3c:50:d1:09:ae]
RSSI: -70 [da:3e:ea:b7:12:8c]
RSSI: -76 [da:39:47:d9:06:ba]
RSSI: -84 [da:3c:50:df:09:ce]
RSSI: -70 [da:3e:ea:c6:12:bc]
RSSI: -85 [da:3c:50:df:09:ce]
RSSI: -78 [da:39:47:e6:06:da]
RSSI: -83 [da:3c:50:df:09:ce]
RSSI: -67 [da:3e:ea:d6:12:ec]
RSSI: -81 [da:3c:50:ee:09:fe]
RSSI: -77 [da:39:47:f3:07:0a]
RSSI: -82 [da:3c:50:ee:09:fe]
RSSI: -65 [da:3e:ea:e3:13:1c]
RSSI: -83 [da:3c:50:fa:0a:1e]
RSSI: -77 [da:39:48:00:07:2a]
RSSI: -83 [da:3c:50:fa:0a:1e]
RSSI: -77 [da:39:48:00:07:2a]
RSSI: -71 [da:3e:ea:f2:13:4c]
RSSI: -82 [da:3c:51:09:0a:4e]
RSSI: -74 [da:3e:eb:02:13:7c]
RSSI: -85 [da:3c:51:17:0a:6e]
RSSI: -79 [da:39:48:19:07:7a]
RSSI: -66 [da:3e:eb:0f:13:ac]
RSSI: -74 [da:3e:eb:0f:13:ac]
RSSI: -82 [da:3c:51:32:0a:be]
RSSI: -83 [da:3c:51:32:0a:be]
RSSI: -66 [da:3e:eb:1e:13:dc]
RSSI: -70 [da:3e:eb:2e:14:0c]
RSSI: -87 [da:3c:51:41:0a:ee]
RSSI: -68 [da:3e:eb:2e:14:0c]
RSSI: -87 [da:3c:51:41:0a:ee]
RSSI: -83 [da:39:48:4d:08:0a]
RSSI: -69 [da:3e:eb:3a:14:2c]
RSSI: -86 [da:3c:51:4d:0b:0e]
RSSI: -67 [da:3e:eb:3a:14:2c]
RSSI: -87 [da:39:48:5a:08:2a]
RSSI: -66 [da:3e:eb:4a:14:5c]
RSSI: -87 [da:39:48:67:08:4a]
RSSI: -87 [da:3c:51:6a:0b:5e]
RSSI: -69 [da:3e:eb:5a:14:8c]
RSSI: -87 [da:3c:51:6a:0b:5e]
RSSI: -90 [da:39:48:74:08:7a]
RSSI: -71 [da:3e:eb:66:14:bc]
RSSI: -90 [da:3c:51:93:0b:de]
RSSI: -90 [da:3c:51:93:0b:de]
RSSI: -71 [da:3e:eb:86:15:1c]
RSSI: -90 [da:39:48:a7:09:0a]
RSSI: -92 [da:3c:51:a0:0b:fe]
RSSI: -69 [da:3e:eb:92:15:3c]
RSSI: -88 [da:39:48:b4:09:2a]
RSSI: -88 [da:39:48:c1:09:4a]
RSSI: -93 [da:39:48:ce:09:7a]
RSSI: -72 [da:3e:eb:b2:15:9c]
RSSI: -90 [da:39:48:ce:09:7a]
RSSI: -74 [da:3e:eb:be:15:cc]
RSSI: -88 [da:37:64:d6:02:5b]
RSSI: -87 [da:37:64:d6:02:5b]
RSSI: -92 [da:39:48:e8:09:ba]
RSSI: -75 [da:3e:eb:ce:15:fc]
RSSI: -87 [da:37:64:e5:02:8b]
RSSI: -87 [da:37:64:e5:02:8b]
RSSI: -86 [da:37:64:e5:02:8b]
RSSI: -74 [da:3e:eb:ea:16:4c]
RSSI: -86 [da:37:64:f2:02:ab]
RSSI: -88 [da:3c:52:02:0d:0e]
RSSI: -73 [da:3e:eb:ea:16:4c]
RSSI: -83 [da:37:65:01:02:db]
RSSI: -87 [da:37:65:01:02:db]
RSSI: -89 [da:3c:52:10:0d:3e]
RSSI: -75 [da:3e:eb:fa:00:0c]
RSSI: -92 [da:39:49:1b:0a:5a]
RSSI: -85 [da:37:65:1d:03:2b]
RSSI: -73 [da:3e:ec:16:00:5c]
RSSI: -71 [da:3e:ec:16:00:5c]
RSSI: -84 [da:37:65:2d:03:5b]
RSSI: -68 [da:3e:ec:26:00:8c]
RSSI: -84 [da:37:65:3c:03:8b]
RSSI: -71 [da:3e:ec:35:00:bc]
RSSI: -82 [da:37:65:49:03:bb]
RSSI: -91 [da:3c:52:55:0d:fe]
RSSI: -64 [da:3e:ec:42:00:ec]
RSSI: -90 [da:3c:52:55:0d:fe]
RSSI: -71 [da:3e:ec:42:00:ec]
RSSI: -68 [da:3e:ec:52:01:1c]
RSSI: -64 [da:3e:ec:52:01:1c]
RSSI: -88 [da:3c:52:70:0e:3e]
RSSI: -84 [da:37:65:68:04:0b]
RSSI: -78 [da:3e:ec:61:01:4c]
RSSI: -76 [da:3e:ec:61:01:4c]
RSSI: -83 [da:37:65:74:04:3b]
RSSI: -83 [da:37:65:74:04:3b]
RSSI: -79 [da:3e:ec:6e:01:6c]
RSSI: -73 [da:3e:ec:6e:01:6c]
RSSI: -85 [da:37:65:84:04:6b]
RSSI: -89 [da:3c:52:8d:0e:9e]
RSSI: -84 [da:37:65:84:04:6b]
RSSI: -65 [da:3e:ec:7e:01:9c]
RSSI: -70 [da:3e:ec:7e:01:9c]
RSSI: -70 [da:3e:ec:7e:01:9c]
RSSI: -89 [da:3c:52:99:0e:be]
RSSI: -65 [da:3e:ec:8d:01:cc]
RSSI: -87 [da:3c:52:99:0e:be]
RSSI: -61 [da:3e:ec:8d:01:cc]
RSSI: -86 [da:37:65:a0:04:bb]
RSSI: -61 [da:3e:ec:9a:01:fc]
RSSI: -85 [da:37:65:af:04:eb]
RSSI: -61 [da:3e:ec:aa:02:2c]
RSSI: -87 [da:37:65:af:04:eb]
RSSI: -61 [da:3e:ec:aa:02:2c]
RSSI: -60 [da:3e:ec:aa:02:2c]
RSSI: -88 [da:3c:52:c3:0f:2e]
RSSI: -60 [da:3e:ec:aa:02:2c]
RSSI: -86 [da:37:65:be:05:1b]
RSSI: -59 [da:3e:ec:b9:02:5c]
RSSI: -61 [da:3e:ec:b9:02:5c]
RSSI: -91 [da:3c:52:d1:0f:5e]
RSSI: -60 [da:3e:ec:c6:02:8c]
RSSI: -91 [da:37:65:da:05:6b]
RSSI: -61 [da:3e:ec:d6:02:bc]
RSSI: -62 [da:3e:ec:d6:02:bc]
RSSI: -89 [da:3c:52:ec:0f:ae]
RSSI: -61 [da:3e:ec:e5:02:ec]
RSSI: -64 [da:3e:ec:e5:02:ec]
RSSI: -91 [da:39:4a:04:0c:fa]
RSSI: -62 [da:3e:ec:f2:03:0c]
RSSI: -92 [da:39:4a:11:0d:1a]
RSSI: -90 [da:39:4a:11:0d:1a]
RSSI: -66 [da:3e:ed:02:03:3c]
RSSI: -62 [da:3e:ed:02:03:3c]
RSSI: -89 [da:39:4a:1e:0d:4a]
RSSI: -66 [da:3e:ed:12:03:6c]
RSSI: -89 [da:3c:53:33:10:6e]
RSSI: -63 [da:3e:ed:1e:03:9c]
RSSI: -60 [da:3e:ed:2e:03:cc]
RSSI: -95 [da:37:66:41:06:9b]
RSSI: -58 [da:3e:ed:2e:03:cc]
RSSI: -87 [da:39:4a:51:0d:da]
RSSI: -56 [da:3e:ed:3e:03:fc]
RSSI: -89 [da:3c:53:5d:10:de]
RSSI: -56 [da:3e:ed:4a:04:2c]
RSSI: -55 [da:3e:ed:5a:04:5c]
RSSI: -88 [da:39:4a:78:0e:4a]
RSSI: -55 [da:3e:ed:6a:04:8c]
RSSI: -54 [da:3e:ed:76:04:ac]
RSSI: -55 [da:3e:ed:76:04:ac]
RSSI: -54 [da:3e:ed:86:04:dc]
RSSI: -92 [da:3c:53:a1:11:9e]
RSSI: -56 [da:3e:ed:96:05:1c]
RSSI: -56 [da:3e:ed:96:05:1c]
RSSI: -56 [da:3e:ed:96:05:1c]
RSSI: -57 [da:3e:ed:a2:05:3c]
RSSI: -57 [da:3e:ed:a2:05:3c]
RSSI: -89 [da:39:4a:c6:0f:2a]
RSSI: -59 [da:3e:ed:b2:05:6c]
RSSI: -57 [da:3e:ed:c2:05:9c]
RSSI: -57 [da:3e:ed:c2:05:9c]
RSSI: -60 [da:3e:ed:cf:05:cc]
RSSI: -66 [da:3e:ed:de:05:fc]
RSSI: -62 [da:3e:ed:de:05:fc]
RSSI: -65 [da:3e:ed:ee:06:2c]
RSSI: -63 [da:3e:ed:fb:06:4c]
RSSI: -89 [da:39:4b:14:10:0a]
RSSI: -63 [da:3e:ed:fb:06:4c]
RSSI: -60 [da:3e:ee:0b:06:7c]
RSSI: -65 [da:3e:ee:0b:06:7c]
RSSI: -62 [da:3e:ee:1a:06:ac]
RSSI: -61 [da:3e:ee:1a:06:ac]
RSSI: -62 [da:3e:ee:27:06:dc]
RSSI: -62 [da:3e:ee:27:06:dc]
RSSI: -63 [da:3e:ee:27:06:dc]
RSSI: -67 [da:3e:ee:37:07:0c]
RSSI: -64 [da:3e:ee:37:07:0c]
RSSI: -67 [da:3e:ee:46:07:3c]
RSSI: -67 [da:3e:ee:46:07:3c]
RSSI: -91 [da:39:4b:62:10:ea]
RSSI: -71 [da:3e:ee:53:07:6c]
RSSI: -68 [da:3e:ee:63:07:9c]
RSSI: -66 [da:3e:ee:73:07:cc]
RSSI: -72 [da:3e:ee:73:07:cc]
RSSI: -64 [da:3e:ee:7f:07:fc]
RSSI: -91 [da:39:4b:96:11:7a]
RSSI: -66 [da:3e:ee:8f:08:2c]
RSSI: -66 [da:3e:ee:8f:08:2c]
RSSI: -64 [da:3e:ee:8f:08:2c]
RSSI: -75 [da:3e:ee:9f:08:5c]
RSSI: -69 [da:3e:ee:9f:08:5c]
RSSI: -81 [da:3e:ee:ab:08:7c]
RSSI: -68 [da:3e:ee:bb:08:ac]
RSSI: -75 [da:3e:ee:cb:08:dc]
RSSI: -80 [da:3e:ee:d8:09:0c]
RSSI: -74 [da:3e:ee:e8:09:3c]
RSSI: -73 [da:3e:ee:e8:09:3c]
RSSI: -70 [da:3e:ee:f7:09:6c]
RSSI: -73 [da:3e:ef:04:09:9c]
RSSI: -69 [da:3e:ef:04:09:9c]
RSSI: -73 [da:3e:ef:14:09:cc]
RSSI: -74 [da:3e:ef:24:09:fc]
RSSI: -75 [da:3e:ef:24:09:fc]
RSSI: -66 [da:3e:ef:30:0a:1c]
RSSI: -76 [da:3e:ef:30:0a:1c]
RSSI: -67 [da:3e:ef:40:0a:4c]
RSSI: -70 [da:3e:ef:50:0a:8c]
RSSI: -76 [da:3e:ef:5c:0a:ac]
RSSI: -75 [da:3e:ef:5c:0a:ac]
RSSI: -76 [da:3e:ef:5c:0a:ac]
RSSI: -80 [da:3e:ef:6c:0a:dc]
RSSI: -67 [da:3e:ef:7c:0b:0c]
RSSI: -71 [da:3e:ef:89:0b:3c]
RSSI: -71 [da:3e:ef:89:0b:3c]
RSSI: -75 [da:3e:ef:99:0b:6c]
RSSI: -72 [da:3e:ef:99:0b:6c]
RSSI: -77 [da:3e:ef:b5:0b:cc]
RSSI: -93 [da:3c:55:cf:01:6e]
RSSI: -79 [da:3e:ef:b5:0b:cc]
RSSI: -77 [da:3e:ef:c5:0b:fc]
RSSI: -77 [da:3e:ef:c5:0b:fc]
RSSI: -77 [da:3e:ef:c5:0b:fc]
RSSI: -82 [da:3e:ef:d5:0c:2c]
RSSI: -73 [da:3e:ef:d5:0c:2c]
RSSI: -75 [da:3e:ef:e1:0c:5c]
RSSI: -76 [da:3e:ef:e1:0c:5c]
RSSI: -77 [da:3e:ef:f1:0c:8c]
RSSI: -85 [da:3e:f0:01:0c:bc]
RSSI: -72 [da:3e:f0:01:0c:bc]
RSSI: -90 [da:3c:56:23:02:5e]
RSSI: -80 [da:3e:f0:1e:0d:1c]
RSSI: -80 [da:3e:f0:1e:0d:1c]
RSSI: -73 [da:3e:f0:2d:0d:4c]
RSSI: -77 [da:3e:f0:2d:0d:4c]
RSSI: -93 [da:39:4d:51:00:4a]
RSSI: -71 [da:3e:f0:3a:0d:6c]
RSSI: -80 [da:3e:f0:4a:0d:9c]
RSSI: -70 [da:3e:f0:4a:0d:9c]
RSSI: -79 [da:3e:f0:5a:0d:dc]
RSSI: -80 [da:3e:f0:5a:0d:dc]
RSSI: -79 [da:3e:f0:5a:0d:dc]
RSSI: -83 [da:3e:f0:66:0d:fc]
RSSI: -72 [da:3e:f0:76:0e:2c]
RSSI: -79 [da:3e:f0:86:0e:5c]
RSSI: -74 [da:3e:f0:86:0e:5c]
RSSI: -78 [da:3e:f0:93:0e:8c]
RSSI: -76 [da:3e:f0:93:0e:8c]
RSSI: -83 [da:3e:f0:a3:0e:bc]
RSSI: -89 [da:3c:56:bc:04:0e]
RSSI: -76 [da:3e:f0:a3:0e:bc]
RSSI: -89 [da:39:4d:c7:01:9a]
RSSI: -74 [da:3e:f0:b3:0e:ec]
RSSI: -85 [da:3e:f0:b3:0e:ec]
RSSI: -73 [da:3e:f0:bf:0f:1c]
RSSI: -89 [da:39:4d:e1:01:ea]
RSSI: -75 [da:3e:f0:cf:0f:4c]
RSSI: -74 [da:3e:f0:cf:0f:4c]
RSSI: -72 [da:3e:f0:cf:0f:4c]
RSSI: -89 [da:39:4d:ee:02:0a]
RSSI: -90 [da:3c:56:f4:04:ae]
RSSI: -89 [da:39:4d:ee:02:0a]
RSSI: -80 [da:3e:f0:df:0f:7c]
RSSI: -73 [da:3e:f0:df:0f:7c]
RSSI: -89 [da:39:4d:fb:02:3a]
RSSI: -89 [da:39:4e:08:02:5a]
RSSI: -71 [da:3e:f0:fc:0f:dc]
RSSI: -76 [da:3e:f0:fc:0f:dc]
RSSI: -89 [da:39:4e:22:02:9a]
RSSI: -74 [da:3e:f1:0b:10:0c]
RSSI: -75 [da:3e:f1:18:10:2c]
RSSI: -75 [da:3e:f1:18:10:2c]
RSSI: -76 [da:3e:f1:28:10:6c]
RSSI: -92 [da:39:4e:3d:02:ea]
RSSI: -75 [da:3e:f1:28:10:6c]
RSSI: -73 [da:3e:f1:38:10:9c]
RSSI: -90 [da:39:4e:49:03:0a]
RSSI: -73 [da:3e:f1:38:10:9c]
RSSI: -76 [da:3e:f1:38:10:9c]
RSSI: -92 [da:39:4e:57:03:3a]
RSSI: -76 [da:3e:f1:44:10:bc]
RSSI: -74 [da:3e:f1:44:10:bc]
RSSI: -76 [da:3e:f1:54:10:ec]
RSSI: -88 [da:39:4e:71:03:7a]
RSSI: -93 [da:3c:57:72:06:0e]
RSSI: -76 [da:3e:f1:64:11:1c]
RSSI: -77 [da:3e:f1:71:11:4c]
RSSI: -76 [da:3e:f1:71:11:4c]
RSSI: -86 [da:39:4e:98:03:ea]
RSSI: -76 [da:3e:f1:81:11:7c]
RSSI: -78 [da:3e:f1:91:11:ac]
RSSI: -87 [da:39:4e:b3:04:3a]
RSSI: -76 [da:3e:f1:9d:11:dc]
RSSI: -87 [da:39:4e:b3:04:3a]
RSSI: -78 [da:3e:f1:9d:11:dc]
RSSI: -86 [da:39:4e:bf:04:5a]
RSSI: -77 [da:3e:f1:ad:12:0c]
RSSI: -77 [da:3e:f1:ad:12:0c]
RSSI: -89 [da:39:4e:cd:04:8a]
RSSI: -75 [da:3e:f1:bd:12:3c]
RSSI: -87 [da:39:4e:da:04:aa]
RSSI: -75 [da:3e:f1:ca:12:5c]
RSSI: -86 [da:39:4e:e7:04:da]
RSSI: -74 [da:3e:f1:ca:12:5c]
RSSI: -86 [da:39:4e:e7:04:da]
RSSI: -85 [da:39:4e:f4:04:fa]
RSSI: -85 [da:39:4e:f4:04:fa]
RSSI: -83 [da:39:4f:01:05:2a]
RSSI: -82 [da:39:4f:01:05:2a]
RSSI: -82 [da:39:4f:0e:05:4a]
RSSI: -81 [da:39:4f:0e:05:4a]
RSSI: -81 [da:39:4f:1b:05:6a]
RSSI: -79 [da:39:4f:29:05:9a]
RSSI: -65 [da:3e:f2:23:13:7c]
RSSI: -67 [da:3e:f2:33:13:ac]
RSSI: -73 [da:3e:f2:43:13:dc]
RSSI: -88 [da:3c:58:57:08:9e]
RSSI: -66 [da:3e:f2:50:14:0c]
RSSI: -70 [da:3e:f2:50:14:0c]
RSSI: -76 [da:39:4f:72:06:6a]
RSSI: -66 [da:3e:f2:60:14:3c]
RSSI: -77 [da:39:4f:72:06:6a]
RSSI: -66 [da:3e:f2:60:14:3c]
RSSI: -75 [da:39:4f:80:06:9a]
RSSI: -67 [da:3e:f2:6f:14:6c]
RSSI: -90 [da:3c:58:82:09:1e]
RSSI: -76 [da:39:4f:8c:06:ba]
RSSI: -87 [da:3c:58:91:09:3e]
RSSI: -67 [da:3e:f2:7c:14:8c]
RSSI: -84 [da:3c:58:91:09:3e]
RSSI: -67 [da:3e:f2:7c:14:8c]
RSSI: -75 [da:39:4f:9a:06:da]
RSSI: -76 [da:39:4f:9a:06:da]
RSSI: -83 [da:3c:58:a0:09:6e]
RSSI: -76 [da:39:4f:a7:07:0a]
RSSI: -69 [da:3e:f2:9c:14:fc]
RSSI: -76 [da:39:4f:b4:07:2a]
RSSI: -67 [da:3e:f2:9c:14:fc]
RSSI: -75 [da:39:4f:b4:07:2a]
RSSI: -76 [da:39:4f:c1:07:4a]
RSSI: -84 [da:3c:58:bb:09:ae]
RSSI: -68 [da:3e:f2:a9:15:1c]
RSSI: -75 [da:39:4f:c1:07:4a]
RSSI: -76 [da:39:4f:c1:07:4a]
RSSI: -66 [da:3e:f2:a9:15:1c]
RSSI: -76 [da:39:4f:c1:07:4a]
RSSI: -85 [da:3c:58:ca:09:de]
RSSI: -76 [da:39:4f:cf:07:7a]
RSSI: -70 [da:3e:f2:c9:15:7c]
RSSI: -76 [da:39:4f:db:07:9a]
RSSI: -79 [da:3c:58:e6:0a:2e]
RSSI: -76 [da:39:4f:e9:07:ba]
RSSI: -80 [da:3c:58:e6:0a:2e]
RSSI: -67 [da:3e:f2:d5:15:ac]
RSSI: -77 [da:39:4f:e9:07:ba]
RSSI: -79 [da:3c:58:e6:0a:2e]
RSSI: -67 [da:3e:f2:d5:15:ac]
RSSI: -80 [da:3c:58:f4:0a:5e]
RSSI: -76 [da:39:4f:f6:07:ea]
RSSI: -79 [da:39:4f:f6:07:ea]
RSSI: -80 [da:3c:58:f4:0a:5e]
RSSI: -68 [da:3e:f2:e5:15:dc]
RSSI: -67 [da:3e:f2:e5:15:dc]
RSSI: -79 [da:39:50:03:08:0a]
RSSI: -80 [da:3c:59:01:0a:7e]
RSSI: -78 [da:39:50:03:08:0a]
RSSI: -67 [da:3e:f2:f5:16:0c]
RSSI: -82 [da:39:50:10:08:2a]
RSSI: -81 [da:3c:59:10:0a:ae]
RSSI: -82 [da:39:50:10:08:2a]
RSSI: -77 [da:3e:f3:02:16:3c]
RSSI: -80 [da:3c:59:1f:0a:ce]
RSSI: -80 [da:3c:59:1f:0a:ce]
RSSI: -73 [da:3e:f3:12:16:6c]
RSSI: -85 [da:39:50:2a:08:7a]
RSSI: -79 [da:3c:59:2b:0a:fe]
RSSI: -67 [da:3e:f3:22:00:0c]
RSSI: -87 [da:39:50:38:08:aa]
RSSI: -68 [da:3e:f3:22:00:0c]
RSSI: -81 [da:3c:59:3a:0b:1e]
RSSI: -79 [da:3c:59:3a:0b:1e]
RSSI: -82 [da:3c:59:49:0b:4e]
RSSI: -69 [da:3e:f3:2f:00:2c]
RSSI: -88 [da:39:50:45:08:ca]
RSSI: -84 [da:3c:59:49:0b:4e]
RSSI: -71 [da:3e:f3:2f:00:2c]
RSSI: -85 [da:39:50:52:08:ea]
RSSI: -72 [da:3e:f3:3f:00:5c]
RSSI: -85 [da:3c:59:55:0b:6e]
RSSI: -78 [da:3e:f3:4f:00:8c]
RSSI: -82 [da:3c:59:64:0b:9e]
RSSI: -78 [da:3e:f3:4f:00:8c]
RSSI: -86 [da:39:50:6d:09:3a]
RSSI: -87 [da:39:50:6d:09:3a]
RSSI: -85 [da:3c:59:73:0b:be]
RSSI: -76 [da:3e:f3:5b:00:bc]
RSSI: -85 [da:39:50:79:09:5a]
RSSI: -87 [da:39:50:79:09:5a]
RSSI: -74 [da:3e:f3:6b:00:ec]
RSSI: -77 [da:3e:f3:6b:00:ec]
RSSI: -84 [da:39:50:87:09:8a]
RSSI: -77 [da:3e:f3:7b:01:1c]
RSSI: -91 [da:3c:59:8f:0c:0e]
RSSI: -89 [da:39:50:94:09:aa]
RSSI: -89 [da:37:6c:8b:02:eb]
RSSI: -89 [da:39:50:a1:09:da]
RSSI: -77 [da:3e:f3:88:01:3c]
RSSI: -71 [da:3e:f3:98:01:7c]
RSSI: -70 [da:3e:f3:98:01:7c]
RSSI: -78 [da:3e:f3:a8:01:ac]
RSSI: -74 [da:3e:f3:a8:01:ac]
RSSI: -88 [da:37:6c:b7:03:6b]
RSSI: -91 [da:39:50:d6:0a:6a]
RSSI: -92 [da:3c:59:d4:0c:de]
RSSI: -86 [da:37:6c:d4:03:bb]
RSSI: -86 [da:37:6c:d4:03:bb]
RSSI: -74 [da:3e:f3:d5:02:3c]
RSSI: -65 [da:3e:f3:d5:02:3c]
RSSI: -87 [da:3c:59:f2:0d:2e]
RSSI: -86 [da:37:6c:f3:04:1b]
RSSI: -81 [da:3e:f3:e1:02:5c]
RSSI: -78 [da:3e:f3:f1:02:8c]
RSSI: -81 [da:3e:f3:f1:02:8c]
RSSI: -89 [da:3c:5a:0d:0d:7e]
RSSI: -91 [da:3c:5a:0d:0d:7e]
RSSI: -81 [da:3e:f4:01:02:bc]
RSSI: -67 [da:3e:f4:0e:02:ec]
RSSI: -81 [da:3e:f4:0e:02:ec]
RSSI: -87 [da:3c:5a:29:0d:ce]
RSSI: -82 [da:3e:f4:1e:03:1c]
RSSI: -66 [da:3e:f4:1e:03:1c]
RSSI: -86 [da:3c:5a:38:0d:ee]
RSSI: -86 [da:3e:f4:2e:03:4c]
RSSI: -74 [da:3e:f4:2e:03:4c]
RSSI: -89 [da:3c:5a:47:0e:1e]
RSSI: -68 [da:3e:f4:4b:03:ac]
RSSI: -86 [da:3c:5a:62:0e:6e]
RSSI: -63 [da:3e:f4:5b:03:dc]
RSSI: -87 [da:3c:5a:71:0e:8e]
RSSI: -62 [da:3e:f4:5b:03:dc]
RSSI: -61 [da:3e:f4:67:03:fc]
RSSI: -90 [da:3c:5a:8c:0e:de]
RSSI: -61 [da:3e:f4:78:04:2c]
RSSI: -59 [da:3e:f4:78:04:2c]
RSSI: -60 [da:3e:f4:88:04:5c]
RSSI: -59 [da:3e:f4:94:04:8c]
RSSI: -89 [da:3c:5a:a8:0f:2e]
RSSI: -59 [da:3e:f4:94:04:8c]
RSSI: -88 [da:3c:5a:b7:0f:5e]
RSSI: -57 [da:3e:f4:a4:04:bc]
RSSI: -57 [da:3e:f4:a4:04:bc]
RSSI: -57 [da:3e:f4:b4:04:ec]
RSSI: -90 [da:3c:5a:c6:0f:8e]
RSSI: -56 [da:3e:f4:b4:04:ec]
RSSI: -56 [da:3e:f4:c1:05:0c]
RSSI: -56 [da:3e:f4:c1:05:0c]
RSSI: -57 [da:3e:f4:d1:05:4c]
RSSI: -56 [da:3e:f4:e1:05:7c]
RSSI: -56 [da:3e:f4:e1:05:7c]
RSSI: -56 [da:3e:f4:ee:05:9c]
RSSI: -91 [da:3c:5b:0c:10:4e]
RSSI: -57 [da:3e:f4:fe:05:cc]
RSSI: -57 [da:3e:f4:fe:05:cc]
RSSI: -90 [da:3c:5b:1a:10:7e]
RSSI: -90 [da:39:52:21:0e:2a]
RSSI: -57 [da:3e:f5:0e:06:0c]
RSSI: -54 [da:3e:f5:1b:06:2c]
RSSI: -90 [da:39:52:2e:0e:5a]
RSSI: -54 [da:3e:f5:1b:06:2c]
RSSI: -57 [da:3e:f5:2b:06:5c]
RSSI: -55 [da:3e:f5:2b:06:5c]
RSSI: -57 [da:3e:f5:3b:06:9c]
RSSI: -57 [da:3e:f5:3b:06:9c]
RSSI: -59 [da:3e:f5:47:06:bc]
RSSI: -59 [da:3e:f5:47:06:bc]
RSSI: -61 [da:3e:f5:58:06:ec]
RSSI: -62 [da:3e:f5:68:07:2c]
RSSI: -60 [da:3e:f5:68:07:2c]
RSSI: -67 [da:3e:f5:74:07:4c]
RSSI: -66 [da:3e:f5:84:07:7c]
RSSI: -67 [da:3e:f5:84:07:7c]
RSSI: -64 [da:3e:f5:94:07:bc]
RSSI: -61 [da:3e:f5:a1:07:dc]
RSSI: -61 [da:3e:f5:a1:07:dc]
RSSI: -61 [da:3e:f5:a1:07:dc]
RSSI: -59 [da:3e:f5:b1:08:0c]
RSSI: -59 [da:3e:f5:b1:08:0c]
RSSI: -60 [da:3e:f5:c1:08:3c]
RSSI: -59 [da:3e:f5:c1:08:3c]
RSSI: -60 [da:3e:f5:ce:08:6c]
RSSI: -60 [da:3e:f5:ce:08:6c]
RSSI: -62 [da:3e:f5:de:08:9c]
RSSI: -63 [da:3e:f5:ee:08:cc]
RSSI: -70 [da:3e:f5:ee:08:cc]
RSSI: -66 [da:3e:f5:fb:08:fc]
RSSI: -65 [da:3e:f6:0b:09:2c]
RSSI: -66 [da:3e:f6:0b:09:2c]
RSSI: -65 [da:3e:f6:1b:09:5c]
RSSI: -64 [da:3e:f6:30:09:9c]
RSSI: -64 [da:3e:f6:30:09:9c]
RSSI: -65 [da:3e:f6:40:09:dc]
RSSI: -65 [da:3e:f6:40:09:dc]
RSSI: -65 [da:3e:f6:50:0a:0c]
RSSI: -65 [da:3e:f6:5d:0a:2c]
RSSI: -64 [da:3e:f6:5d:0a:2c]
RSSI: -67 [da:3e:f6:6d:0a:6c]
RSSI: -64 [da:3e:f6:6d:0a:6c]
RSSI: -67 [da:3e:f6:7a:0a:8c]
RSSI: -64 [da:3e:f6:7a:0a:8c]
RSSI: -62 [da:3e:f6:8a:0a:bc]
RSSI: -65 [da:3e:f6:97:0a:ec]
RSSI: -70 [da:3e:f6:a3:0b:0c]
RSSI: -70 [da:3e:f6:a3:0b:0c]
RSSI: -63 [da:3e:f6:b0:0b:3c]
RSSI: -64 [da:3e:f6:bd:0b:5c]
RSSI: -68 [da:3e:f6:c9:0b:8c]
RSSI: -62 [da:3e:f6:d6:0b:ac]
RSSI: -67 [da:3e:f6:e3:0b:dc]
RSSI: -67 [da:3e:f6:e3:0b:dc]
RSSI: -70 [da:3e:f6:f0:0b:fc]
RSSI: -65 [da:3e:f6:fc:0c:2c]
RSSI: -74 [da:3e:f7:09:0c:5c]
RSSI: -78 [da:3e:f7:09:0c:5c]
RSSI: -78 [da:3e:f7:09:0c:5c]
RSSI: -94 [da:3c:5d:25:16:3e]
RSSI: -82 [da:3e:f7:16:0c:7c]
RSSI: -64 [da:3e:f7:22:0c:ac]
RSSI: -79 [da:3e:f7:2f:0c:cc]
RSSI: -73 [da:3e:f7:2f:0c:cc]
RSSI: -78 [da:3e:f7:48:0d:1c]
RSSI: -72 [da:3e:f7:55:0d:4c]
RSSI: -75 [da:3e:f7:55:0d:4c]
RSSI: -73 [da:3e:f7:62:0d:6c]
RSSI: -73 [da:3e:f7:6f:0d:9c]
RSSI: -73 [da:3e:f7:6f:0d:9c]
RSSI: -74 [da:3e:f7:7b:0d:bc]
RSSI: -71 [da:3e:f7:7b:0d:bc]
RSSI: -73 [da:3e:f7:88:0d:ec]
RSSI: -70 [da:3e:f7:95:0e:0c]
RSSI: -67 [da:3e:f7:95:0e:0c]
RSSI: -71 [da:3e:f7:a1:0e:3c]
RSSI: -67 [da:3e:f7:a1:0e:3c]
RSSI: -64 [da:3e:f7:bb:0e:8c]
RSSI: -63 [da:3e:f7:bb:0e:8c]
RSSI: -69 [da:3e:f7:c7:0e:ac]
RSSI: -87 [da:3c:5d:df:01:ee]
RSSI: -64 [da:3e:f7:c7:0e:ac]
RSSI: -69 [da:3e:f7:d4:0e:dc]
RSSI: -88 [da:3c:5d:ee:02:0e]
RSSI: -69 [da:3e:f7:d4:0e:dc]
RSSI: -90 [da:3c:5d:ee:02:0e]
RSSI: -65 [da:3e:f7:e1:0e:fc]
RSSI: -68 [da:3e:f7:e1:0e:fc]
RSSI: -69 [da:3e:f7:ee:0f:2c]
RSSI: -68 [da:3e:f7:ee:0f:2c]
RSSI: -74 [da:3e:f7:fa:0f:4c]
RSSI: -71 [da:3e:f7:fa:0f:4c]
RSSI: -71 [da:3e:f7:fa:0f:4c]
RSSI: -75 [da:3e:f8:07:0f:7c]
RSSI: -70 [da:3e:f8:07:0f:7c]
RSSI: -73 [da:3e:f8:14:0f:9c]
RSSI: -90 [da:3c:5e:25:02:ae]
RSSI: -79 [da:3e:f8:14:0f:9c]
RSSI: -66 [da:3e:f8:20:0f:cc]
RSSI: -90 [da:3c:5e:34:02:de]
RSSI: -73 [da:3e:f8:20:0f:cc]
RSSI: -77 [da:3e:f8:2d:0f:ec]
RSSI: -66 [da:3e:f8:2d:0f:ec]
RSSI: -91 [da:3c:5e:43:03:0e]
RSSI: -74 [da:3e:f8:3a:10:1c]
RSSI: -76 [da:3e:f8:3a:10:1c]
RSSI: -67 [da:3e:f8:47:10:3c]
RSSI: -79 [da:3e:f8:47:10:3c]
RSSI: -81 [da:3e:f8:54:10:6c]
RSSI: -68 [da:3e:f8:54:10:6c]
RSSI: -84 [da:3e:f8:60:10:8c]
RSSI: -92 [da:39:55:73:01:aa]
RSSI: -75 [da:3e:f8:60:10:8c]
RSSI: -89 [da:39:55:81:01:da]
RSSI: -70 [da:3e:f8:6d:10:bc]
RSSI: -73 [da:3e:f8:6d:10:bc]
RSSI: -70 [da:3e:f8:7a:10:dc]
RSSI: -66 [da:3e:f8:86:11:0c]
RSSI: -90 [da:39:55:9b:02:1a]
RSSI: -66 [da:3e:f8:86:11:0c]
RSSI: -69 [da:3e:f8:93:11:3c]
RSSI: -91 [da:3c:5e:a5:04:1e]
RSSI: -66 [da:3e:f8:93:11:3c]
RSSI: -64 [da:3e:f8:a0:11:5c]
RSSI: -89 [da:39:55:b7:02:6a]
RSSI: -68 [da:3e:f8:a0:11:5c]
RSSI: -65 [da:3e:f8:ad:11:8c]
RSSI: -87 [da:39:55:c3:02:8a]
RSSI: -63 [da:3e:f8:ad:11:8c]
RSSI: -67 [da:3e:f8:b9:11:ac]
RSSI: -64 [da:3e:f8:b9:11:ac]
RSSI: -63 [da:3e:f8:c6:11:dc]
RSSI: -67 [da:3e:f8:c6:11:dc]
RSSI: -65 [da:3e:f8:d3:11:fc]
RSSI: -65 [da:3e:f8:d3:11:fc]
RSSI: -63 [da:3e:f8:d3:11:fc]
RSSI: -68 [da:3e:f8:e0:12:2c]
RSSI: -64 [da:3e:f8:ec:12:4c]
RSSI: -89 [da:39:56:07:03:4a]
RSSI: -69 [da:3e:f8:ec:12:4c]
RSSI: -66 [da:3e:f8:f9:12:7c]
RSSI: -67 [da:3e:f8:f9:12:7c]
RSSI: -65 [da:3e:f8:f9:12:7c]
RSSI: -70 [da:3e:f9:06:12:9c]
RSSI: -89 [da:39:56:22:03:9a]
RSSI: -69 [da:3e:f9:06:12:9c]
RSSI: -67 [da:3e:f9:13:12:cc]
RSSI: -70 [da:3e:f9:13:12:cc]
RSSI: -86 [da:39:56:2f:03:ba]
RSSI: -88 [da:39:56:2f:03:ba]
RSSI: -73 [da:3e:f9:20:12:ec]
RSSI: -68 [da:3e:f9:20:12:ec]
RSSI: -70 [da:3e:f9:2c:13:1c]
RSSI: -77 [da:3e:f9:2c:13:1c]
RSSI: -85 [da:39:56:4a:04:0a]
RSSI: -71 [da:3e:f9:39:13:3c]
RSSI: -85 [da:39:56:4a:04:0a]
RSSI: -69 [da:3e:f9:39:13:3c]
RSSI: -84 [da:3e:f9:46:13:6c]
RSSI: -76 [da:3e:f9:46:13:6c]
RSSI: -69 [da:3e:f9:52:13:8c]
RSSI: -81 [da:3e:f9:52:13:8c]
RSSI: -81 [da:3e:f9:5f:13:bc]
RSSI: -87 [da:39:56:72:04:7a]
RSSI: -70 [da:3e:f9:5f:13:bc]
RSSI: -76 [da:3e:f9:6c:13:dc]
RSSI: -79 [da:3e:f9:6c:13:dc]
RSSI: -74 [da:3e:f9:79:14:0c]
RSSI: -72 [da:3e:f9:79:14:0c]
RSSI: -71 [da:3e:f9:86:14:2c]
RSSI: -93 [da:3c:5f:99:06:de]
RSSI: -90 [da:39:56:9a:04:ea]
RSSI: -83 [da:3e:f9:86:14:2c]
RSSI: -68 [da:3e:f9:92:14:5c]
RSSI: -67 [da:3e:f9:92:14:5c]
RSSI: -77 [da:3e:f9:9f:14:7c]
RSSI: -87 [da:39:56:b4:05:3a]
RSSI: -66 [da:3e:f9:9f:14:7c]
RSSI: -66 [da:3e:f9:ac:14:ac]
RSSI: -88 [da:39:56:c2:05:5a]
RSSI: -73 [da:3e:f9:ac:14:ac]
RSSI: -84 [da:39:56:c2:05:5a]
RSSI: -86 [da:39:56:d0:05:7a]
RSSI: -67 [da:3e:f9:b9:14:cc]
RSSI: -86 [da:39:56:d0:05:7a]
RSSI: -68 [da:3e:f9:b9:14:cc]
RSSI: -74 [da:3e:f9:c5:14:fc]
RSSI: -70 [da:3e:f9:c5:14:fc]
RSSI: -73 [da:3e:f9:d2:15:1c]
RSSI: -75 [da:3e:f9:d2:15:1c]
RSSI: -80 [da:39:56:ea:05:ca]
RSSI: -72 [da:3e:f9:df:15:4c]
RSSI: -81 [da:39:56:f8:05:fa]
RSSI: -75 [da:3e:f9:df:15:4c]
RSSI: -81 [da:39:56:f8:05:fa]
RSSI: -79 [da:39:57:05:06:1a]
RSSI: -70 [da:3e:f9:ec:15:6c]
RSSI: -80 [da:39:57:05:06:1a]
RSSI: -71 [da:3e:f9:f9:15:9c]
RSSI: -79 [da:39:57:13:06:3a]
RSSI: -78 [da:39:57:13:06:3a]
RSSI: -68 [da:3e:fa:06:15:bc]
RSSI: -81 [da:3e:fa:12:15:ec]
RSSI: -68 [da:3e:fa:12:15:ec]
RSSI: -79 [da:39:57:2d:06:8a]
RSSI: -68 [da:3e:fa:1f:16:0c]
RSSI: -79 [da:39:57:2d:06:8a]
RSSI: -72 [da:3e:fa:1f:16:0c]
RSSI: -79 [da:39:57:3b:06:aa]
RSSI: -70 [da:3e:fa:2c:16:3c]
RSSI: -79 [da:39:57:49:06:da]
RSSI: -77 [da:39:57:49:06:da]
RSSI: -69 [da:3e:fa:39:16:5c]
RSSI: -85 [da:3c:60:51:08:ee]
RSSI: -73 [da:3e:fa:46:00:0c]
RSSI: -71 [da:3e:fa:46:00:0c]
RSSI: -85 [da:3c:60:61:09:0e]
RSSI: -78 [da:39:57:63:07:2a]
RSSI: -71 [da:3e:fa:52:00:2c]
RSSI: -70 [da:3e:fa:52:00:2c]
RSSI: -85 [da:3c:60:70:09:3e]
RSSI: -78 [da:39:57:71:07:4a]
RSSI: -72 [da:3e:fa:5f:00:4c]
RSSI: -82 [da:3c:60:70:09:3e]
RSSI: -76 [da:39:57:71:07:4a]
RSSI: -70 [da:3e:fa:5f:00:4c]
RSSI: -78 [da:39:57:7d:07:6a]
RSSI: -79 [da:39:57:7d:07:6a]
RSSI: -67 [da:3e:fa:6c:00:7c]
RSSI: -82 [da:3c:60:7c:09:5e]
RSSI: -80 [da:39:57:7d:07:6a]
RSSI: -68 [da:3e:fa:6c:00:7c]
RSSI: -79 [da:39:57:8b:07:9a]
RSSI: -71 [da:3e:fa:79:00:9c]
RSSI: -79 [da:39:57:8b:07:9a]
RSSI: -67 [da:3e:fa:79:00:9c]
RSSI: -82 [da:3c:60:9b:09:be]
RSSI: -81 [da:3c:60:9b:09:be]
RSSI: -69 [da:3e:fa:93:00:fc]
RSSI: -79 [da:39:57:a6:07:da]
RSSI: -81 [da:3c:60:a7:09:de]
RSSI: -82 [da:3c:60:a7:09:de]
RSSI: -66 [da:3e:fa:93:00:fc]
RSSI: -82 [da:3c:60:a7:09:de]
RSSI: -81 [da:39:57:b4:08:0a]
RSSI: -74 [da:3e:fa:9f:01:1c]
RSSI: -81 [da:3c:60:b6:0a:0e]
RSSI: -81 [da:39:57:b4:08:0a]
RSSI: -70 [da:3e:fa:9f:01:1c]
RSSI: -81 [da:39:57:c1:08:2a]
RSSI: -68 [da:3e:fa:ac:01:4c]
RSSI: -84 [da:3c:60:c6:0a:2e]
RSSI: -83 [da:39:57:c1:08:2a]
RSSI: -71 [da:3e:fa:ac:01:4c]
RSSI: -81 [da:3c:60:c6:0a:2e]
RSSI: -67 [da:3e:fa:b9:01:6c]
RSSI: -83 [da:39:57:ce:08:5a]
RSSI: -66 [da:3e:fa:b9:01:6c]
RSSI: -83 [da:39:57:ce:08:5a]
RSSI: -82 [da:3c:60:d2:0a:5e]
RSSI: -85 [da:39:57:dc:08:7a]
RSSI: -67 [da:3e:fa:c6:01:9c]
RSSI: -67 [da:3e:fa:c6:01:9c]
RSSI: -82 [da:3c:60:e1:0a:8e]
RSSI: -63 [da:3e:fa:d2:01:bc]
RSSI: -67 [da:3e:fa:d2:01:bc]
RSSI: -81 [da:3c:60:f1:0a:ae]
RSSI: -88 [da:39:57:ea:08:aa]
RSSI: -68 [da:3e:fa:df:01:ec]
RSSI: -83 [da:3c:60:f1:0a:ae]
RSSI: -64 [da:3e:fa:df:01:ec]
RSSI: -79 [da:3c:60:fd:0a:de]
RSSI: -70 [da:3e:fa:ec:02:0c]
RSSI: -71 [da:3e:fa:ec:02:0c]
RSSI: -67 [da:3e:fa:f9:02:3c]
RSSI: -79 [da:3c:61:0c:0a:fe]
RSSI: -73 [da:3e:fa:f9:02:3c]
RSSI: -72 [da:3e:fb:06:02:5c]
RSSI: -66 [da:3e:fb:06:02:5c]
RSSI: -85 [da:39:58:1f:09:3a]
RSSI: -73 [da:3e:fb:13:02:8c]
RSSI: -81 [da:3c:61:28:0b:4e]
RSSI: -83 [da:3c:61:28:0b:4e]
RSSI: -93 [da:37:74:1e:03:2b]
RSSI: -82 [da:3c:61:28:0b:4e]
RSSI: -65 [da:3e:fb:1f:02:bc]
RSSI: -81 [da:3c:61:37:0b:7e]
RSSI: -83 [da:3c:61:46:0b:9e]
RSSI: -86 [da:39:58:47:09:ba]
RSSI: -72 [da:3e:fb:39:03:0c]
RSSI: -72 [da:3e:fb:39:03:0c]
RSSI: -93 [da:39:58:55:09:da]
RSSI: -71 [da:3e:fb:39:03:0c]
RSSI: -90 [da:39:58:55:09:da]
RSSI: -66 [da:3e:fb:46:03:2c]
RSSI: -72 [da:3e:fb:46:03:2c]
RSSI: -71 [da:3e:fb:53:03:5c]
RSSI: -66 [da:3e:fb:53:03:5c]
RSSI: -72 [da:3e:fb:60:03:7c]
RSSI: -88 [da:37:74:6b:04:0b]
RSSI: -85 [da:3c:61:71:0c:1e]
RSSI: -72 [da:3e:fb:60:03:7c]
RSSI: -69 [da:3e:fb:60:03:7c]
RSSI: -68 [da:3e:fb:60:03:7c]
RSSI: -87 [da:3c:61:7e:0c:3e]
RSSI: -63 [da:3e:fb:6d:03:ac]
RSSI: -86 [da:3c:61:7e:0c:3e]
RSSI: -89 [da:37:74:78:04:3b]
RSSI: -76 [da:3e:fb:6d:03:ac]
RSSI: -67 [da:3e:fb:7a:03:cc]
RSSI: -88 [da:3c:61:8d:0c:6e]
RSSI: -60 [da:3e:fb:7a:03:cc]
RSSI: -87 [da:3c:61:8d:0c:6e]
RSSI: -87 [da:3e:fb:86:03:fc]
RSSI: -88 [da:37:74:88:04:6b]
RSSI: -87 [da:3c:61:9d:0c:9e]
RSSI: -69 [da:3e:fb:86:03:fc]
RSSI: -70 [da:3e:fb:86:03:fc]
RSSI: -60 [da:3e:fb:93:04:1c]
RSSI: -88 [da:3c:61:a9:0c:be]
RSSI: -74 [da:3e:fb:93:04:1c]
RSSI: -88 [da:3c:61:a9:0c:be]
RSSI: -82 [da:3e:fb:a0:04:4c]
RSSI: -63 [da:3e:fb:a0:04:4c]
RSSI: -67 [da:3e:fb:ad:04:6c]
RSSI: -87 [da:3c:61:b8:0c:ee]
RSSI: -73 [da:3e:fb:ad:04:6c]
RSSI: -71 [da:3e:fb:ad:04:6c]
RSSI: -67 [da:3e:fb:ba:04:9c]
RSSI: -66 [da:3e:fb:ba:04:9c]
RSSI: -64 [da:3e:fb:c7:04:bc]
RSSI: -63 [da:3e:fb:c7:04:bc]
RSSI: -67 [da:3e:fb:d4:04:ec]
RSSI: -61 [da:3e:fb:d4:04:ec]
RSSI: -91 [da:3c:61:f3:0d:9e]
RSSI: -59 [da:3e:fb:e0:05:0c]
RSSI: -60 [da:3e:fb:ed:05:3c]
RSSI: -58 [da:3e:fb:ed:05:3c]
RSSI: -64 [da:3e:fb:fa:05:6c]
RSSI: -61 [da:3e:fb:fa:05:6c]
RSSI: -58 [da:3e:fc:07:05:8c]
RSSI: -61 [da:3e:fc:07:05:8c]
RSSI: -61 [da:3e:fc:07:05:8c]
RSSI: -60 [da:3e:fc:14:05:bc]
RSSI: -61 [da:3e:fc:14:05:bc]
RSSI: -58 [da:3e:fc:21:05:dc]
RSSI: -58 [da:3e:fc:21:05:dc]
RSSI: -55 [da:3e:fc:2d:06:0c]
RSSI: -87 [da:3c:62:49:0e:8e]
RSSI: -55 [da:3e:fc:3b:06:2c]
RSSI: -64 [da:3e:fc:3b:06:2c]
RSSI: -54 [da:3e:fc:48:06:5c]
RSSI: -55 [da:3e:fc:48:06:5c]
RSSI: -54 [da:3e:fc:54:06:7c]
RSSI: -55 [da:3e:fc:61:06:ac]
RSSI: -53 [da:3e:fc:61:06:ac]
RSSI: -53 [da:3e:fc:6e:06:dc]
RSSI: -55 [da:3e:fc:6e:06:dc]
RSSI: -54 [da:3e:fc:7b:06:fc]
RSSI: -49 [da:3e:fc:88:07:2c]
RSSI: -49 [da:3e:fc:88:07:2c]
RSSI: -54 [da:3e:fc:95:07:4c]
RSSI: -52 [da:3e:fc:95:07:4c]
RSSI: -53 [da:3e:fc:a2:07:7c]
RSSI: -48 [da:3e:fc:af:07:9c]
RSSI: -53 [da:3e:fc:bc:07:cc]
RSSI: -51 [da:3e:fc:bc:07:cc]
RSSI: -53 [da:3e:fc:c8:07:ec]
RSSI: -48 [da:3e:fc:d5:08:1c]
RSSI: -53 [da:3e:fc:e2:08:3c]
RSSI: -51 [da:3e:fc:e2:08:3c]
RSSI: -54 [da:3e:fc:ef:08:6c]
RSSI: -57 [da:3e:fd:09:08:bc]
RSSI: -54 [da:3e:fd:09:08:bc]
RSSI: -59 [da:3e:fd:16:08:ec]
RSSI: -60 [da:3e:fd:23:09:0c]
RSSI: -61 [da:3e:fd:30:09:3c]
RSSI: -63 [da:3e:fd:3c:09:5c]
RSSI: -70 [da:3e:fd:49:09:8c]
RSSI: -60 [da:3e:fd:56:09:bc]
RSSI: -60 [da:3e:fd:63:09:dc]
RSSI: -60 [da:3e:fd:63:09:dc]
RSSI: -63 [da:3e:fd:70:0a:0c]
RSSI: -60 [da:3e:fd:7d:0a:2c]
RSSI: -61 [da:3e:fd:8a:0a:5c]
RSSI: -62 [da:3e:fd:8a:0a:5c]
RSSI: -65 [da:3e:fd:97:0a:7c]
RSSI: -67 [da:3e:fd:a4:0a:ac]
RSSI: -67 [da:3e:fd:b1:0a:cc]
RSSI: -68 [da:3e:fd:b1:0a:cc]
RSSI: -66 [da:3e:fd:be:0a:fc]
RSSI: -65 [da:3e:fd:be:0a:fc]
RSSI: -64 [da:3e:fd:cb:0b:2c]
RSSI: -64 [da:3e:fd:d7:0b:4c]
RSSI: -90 [da:3c:63:e9:13:2e]
RSSI: -94 [da:3c:63:e9:13:2e]
RSSI: -63 [da:3e:fd:d7:0b:4c]
RSSI: -64 [da:3e:fd:e5:0b:7c]
RSSI: -64 [da:3e:fd:e5:0b:7c]
RSSI: -63 [da:3e:fd:f2:0b:9c]
RSSI: -65 [da:3e:fd:fe:0b:cc]
RSSI: -64 [da:3e:fd:fe:0b:cc]
RSSI: -64 [da:3e:fe:0b:0b:ec]
RSSI: -67 [da:3e:fe:0b:0b:ec]
RSSI: -64 [da:3e:fe:18:0c:1c]
RSSI: -64 [da:3e:fe:18:0c:1c]
RSSI: -68 [da:3e:fe:25:0c:3c]
RSSI: -62 [da:3e:fe:25:0c:3c]
RSSI: -60 [da:3e:fe:32:0c:6c]
RSSI: -68 [da:3e:fe:32:0c:6c]
RSSI: -62 [da:3e:fe:3f:0c:9c]
RSSI: -62 [da:3e:fe:3f:0c:9c]
RSSI: -67 [da:3e:fe:4c:0c:bc]
RSSI: -63 [da:3e:fe:4c:0c:bc]
RSSI: -64 [da:3e:fe:59:0c:ec]
RSSI: -67 [da:3e:fe:59:0c:ec]
RSSI: -64 [da:3e:fe:66:0d:0c]
RSSI: -63 [da:3e:fe:66:0d:0c]
RSSI: -67 [da:3e:fe:73:0d:3c]
RSSI: -64 [da:3e:fe:73:0d:3c]
RSSI: -64 [da:3e:fe:73:0d:3c]
RSSI: -61 [da:3e:fe:80:0d:6c]
RSSI: -66 [da:3e:fe:80:0d:6c]
RSSI: -63 [da:3e:fe:8d:0d:8c]
RSSI: -62 [da:3e:fe:8d:0d:8c]
RSSI: -65 [da:3e:fe:9a:0d:bc]
RSSI: -64 [da:3e:fe:9a:0d:bc]
RSSI: -68 [da:3e:fe:a7:0d:dc]
RSSI: -67 [da:3e:fe:a7:0d:dc]
RSSI: -67 [da:3e:fe:a7:0d:dc]
RSSI: -67 [da:3e:fe:b4:0e:0c]
RSSI: -71 [da:3e:fe:b4:0e:0c]
RSSI: -72 [da:3e:fe:c0:0e:2c]
RSSI: -70 [da:3e:fe:c0:0e:2c]
RSSI: -76 [da:3e:fe:ce:0e:5c]
RSSI: -69 [da:3e:fe:db:0e:8c]
RSSI: -66 [da:3e:fe:db:0e:8c]
RSSI: -73 [da:3e:fe:e7:0e:ac]
RSSI: -68 [da:3e:fe:e7:0e:ac]
RSSI: -71 [da:3e:fe:f5:0e:dc]
RSSI: -72 [da:3e:ff:02:0f:0c]
RSSI: -74 [da:3e:ff:02:0f:0c]
RSSI: -71 [da:3e:ff:0e:0f:2c]
RSSI: -72 [da:3e:ff:0e:0f:2c]
RSSI: -72 [da:3e:ff:1b:0f:5c]
RSSI: -76 [da:3e:ff:29:0f:7c]
RSSI: -73 [da:3e:ff:35:0f:ac]
RSSI: -72 [da:3e:ff:35:0f:ac]
RSSI: -72 [da:3e:ff:35:0f:ac]
RSSI: -73 [da:3e:ff:42:0f:cc]
RSSI: -66 [da:3e:ff:4f:0f:fc]
RSSI: -95 [da:39:5c:66:15:9a]
RSSI: -67 [da:3e:ff:5c:10:2c]
RSSI: -67 [da:3e:ff:69:10:4c]
RSSI: -66 [da:3e:ff:69:10:4c]
RSSI: -66 [da:3e:ff:76:10:7c]
RSSI: -64 [da:3e:ff:83:10:9c]
RSSI: -68 [da:3e:ff:90:10:cc]
RSSI: -71 [da:3e:ff:9d:10:fc]
RSSI: -69 [da:3e:ff:aa:11:1c]
RSSI: -80 [da:3e:ff:b7:11:4c]
RSSI: -92 [da:3c:65:c6:02:1e]
RSSI: -73 [da:3e:ff:b7:11:4c]
RSSI: -70 [da:3e:ff:c4:11:6c]
RSSI: -70 [da:3e:ff:c4:11:6c]
RSSI: -72 [da:3e:ff:d1:11:9c]
RSSI: -93 [da:39:5c:f6:00:fa]
RSSI: -77 [da:3e:ff:de:11:bc]
RSSI: -71 [da:3e:ff:de:11:bc]
RSSI: -70 [da:3e:ff:eb:11:ec]
RSSI: -79 [da:3e:ff:eb:11:ec]
RSSI: -74 [da:3e:ff:f8:12:0c]
RSSI: -71 [da:3e:ff:f8:12:0c]
RSSI: -80 [da:3f:00:05:12:3c]
RSSI: -80 [da:3f:00:05:12:3c]
RSSI: -71 [da:3f:00:13:12:5c]
RSSI: -73 [da:3f:00:13:12:5c]
RSSI: -73 [da:3f:00:1f:12:8c]
RSSI: -67 [da:3f:00:1f:12:8c]
RSSI: -67 [da:3f:00:2c:12:ac]
RSSI: -91 [da:39:5d:47:01:da]
RSSI: -66 [da:3f:00:2c:12:ac]
RSSI: -65 [da:3f:00:3a:12:dc]
RSSI: -67 [da:3f:00:3a:12:dc]
RSSI: -64 [da:3f:00:46:12:fc]
RSSI: -64 [da:3f:00:46:12:fc]
RSSI: -66 [da:3f:00:53:13:2c]
RSSI: -63 [da:3f:00:53:13:2c]
RSSI: -63 [da:3f:00:61:13:5c]
RSSI: -65 [da:3f:00:61:13:5c]
RSSI: -62 [da:3f:00:6d:13:7c]
RSSI: -63 [da:3f:00:6d:13:7c]
RSSI: -66 [da:3f:00:7b:13:ac]
RSSI: -62 [da:3f:00:7b:13:ac]
RSSI: -66 [da:3f:00:88:13:cc]
RSSI: -64 [da:3f:00:94:13:fc]
RSSI: -65 [da:3f:00:94:13:fc]
RSSI: -67 [da:3f:00:a2:14:1c]
RSSI: -64 [da:3f:00:a2:14:1c]
RSSI: -68 [da:3f:00:af:14:4c]
RSSI: -66 [da:3f:00:bb:14:7c]
RSSI: -65 [da:3f:00:c9:14:9c]
RSSI: -74 [da:3f:00:d6:14:cc]
RSSI: -69 [da:3f:00:e3:14:ec]
RSSI: -67 [da:3f:00:f0:15:1c]
RSSI: -82 [da:3f:00:fd:15:4c]
RSSI: -90 [da:39:5e:14:04:1a]
RSSI: -91 [da:3c:67:19:05:de]
RSSI: -88 [da:39:5e:22:04:4a]
RSSI: -74 [da:3f:01:0a:15:6c]
RSSI: -89 [da:39:5e:22:04:4a]
RSSI: -71 [da:3f:01:17:15:9c]
RSSI: -87 [da:39:5e:2f:04:6a]
RSSI: -75 [da:3f:01:24:15:bc]
RSSI: -69 [da:3f:01:24:15:bc]
RSSI: -89 [da:39:5e:3d:04:9a]
RSSI: -78 [da:3f:01:31:15:ec]
RSSI: -91 [da:3c:67:44:06:5e]
RSSI: -69 [da:3f:01:31:15:ec]
RSSI: -89 [da:3c:67:44:06:5e]
RSSI: -65 [da:3f:01:3e:16:0c]
RSSI: -65 [da:3f:01:4b:16:3c]
RSSI: -64 [da:3f:01:4b:16:3c]
RSSI: -69 [da:3f:01:58:16:5c]
RSSI: -65 [da:3f:01:58:16:5c]
RSSI: -89 [da:3c:67:70:06:de]
RSSI: -63 [da:3f:01:65:00:2c]
RSSI: -67 [da:3f:01:65:00:2c]
RSSI: -89 [da:39:5e:81:05:5a]
RSSI: -87 [da:39:5e:81:05:5a]
RSSI: -65 [da:3f:01:73:00:5c]
RSSI: -86 [da:39:5e:9d:05:aa]
RSSI: -67 [da:3f:01:7f:00:7c]
RSSI: -87 [da:39:5e:9d:05:aa]
RSSI: -68 [da:3f:01:8d:00:ac]
RSSI: -66 [da:3f:01:8d:00:ac]
RSSI: -71 [da:3f:01:9a:00:cc]
RSSI: -87 [da:39:5e:aa:05:ca]
RSSI: -72 [da:3f:01:9a:00:cc]
RSSI: -72 [da:3f:01:9a:00:cc]
RSSI: -91 [da:3c:67:bb:07:ae]
RSSI: -83 [da:39:5e:b8:05:fa]
RSSI: -67 [da:3f:01:a6:00:fc]
RSSI: -91 [da:3c:67:bb:07:ae]
RSSI: -75 [da:3f:01:a6:00:fc]
RSSI: -73 [da:3f:01:b4:01:2c]
RSSI: -90 [da:3c:67:c7:07:ce]
RSSI: -69 [da:3f:01:b4:01:2c]
RSSI: -90 [da:3c:67:c7:07:ce]
RSSI: -75 [da:3f:01:c1:01:4c]
RSSI: -70 [da:3f:01:c1:01:4c]
RSSI: -89 [da:3c:67:d7:07:fe]
RSSI: -78 [da:39:5e:e1:06:6a]
RSSI: -76 [da:3f:01:ce:01:7c]
RSSI: -81 [da:39:5e:e1:06:6a]
RSSI: -61 [da:3f:01:db:01:9c]
RSSI: -92 [da:3c:67:f3:08:4e]
RSSI: -80 [da:39:5e:fc:06:ba]
RSSI: -80 [da:39:5e:fc:06:ba]
RSSI: -79 [da:3f:01:e8:01:cc]
RSSI: -75 [da:3f:01:f5:01:fc]
RSSI: -78 [da:39:5f:18:07:0a]
RSSI: -63 [da:3f:02:02:02:1c]
RSSI: -72 [da:3f:02:0f:02:4c]
RSSI: -74 [da:3f:02:0f:02:4c]
RSSI: -80 [da:39:5f:25:07:2a]
RSSI: -75 [da:3f:02:0f:02:4c]
RSSI: -79 [da:39:5f:33:07:5a]
RSSI: -80 [da:39:5f:41:07:7a]
RSSI: -66 [da:3f:02:29:02:9c]
RSSI: -88 [da:3c:68:3e:09:1e]
RSSI: -81 [da:39:5f:41:07:7a]
RSSI: -72 [da:3f:02:37:02:cc]
RSSI: -80 [da:39:5f:4e:07:aa]
RSSI: -76 [da:3f:02:43:02:ec]
RSSI: -82 [da:3c:68:5a:09:6e]
RSSI: -70 [da:3f:02:43:02:ec]
RSSI: -83 [da:3c:68:5a:09:6e]
RSSI: -61 [da:3f:02:51:03:1c]
RSSI: -61 [da:3f:02:51:03:1c]
RSSI: -74 [da:3f:02:51:03:1c]
RSSI: -85 [da:39:5f:6a:07:fa]
RSSI: -81 [da:3c:68:69:09:9e]
RSSI: -71 [da:3f:02:5e:03:3c]
RSSI: -83 [da:39:5f:77:08:1a]
RSSI: -79 [da:3c:68:76:09:be]
RSSI: -70 [da:3f:02:6b:03:6c]
RSSI: -91 [da:37:7b:81:02:ab]
RSSI: -78 [da:3c:68:85:09:ee]
RSSI: -90 [da:37:7b:81:02:ab]
RSSI: -81 [da:3c:68:95:0a:1e]
RSSI: -86 [da:39:5f:93:08:6a]
RSSI: -69 [da:3f:02:78:03:8c]
RSSI: -81 [da:3c:68:95:0a:1e]
RSSI: -72 [da:3f:02:85:03:bc]
RSSI: -79 [da:3c:68:95:0a:1e]
RSSI: -87 [da:37:7b:9b:02:fb]
RSSI: -79 [da:3c:68:a2:0a:3e]
RSSI: -75 [da:3f:02:92:03:dc]
RSSI: -90 [da:39:5f:ae:08:ba]
RSSI: -72 [da:3f:02:92:03:dc]
RSSI: -86 [da:37:7b:a8:03:2b]
RSSI: -80 [da:3c:68:b2:0a:6e]
RSSI: -60 [da:3f:02:9f:04:0c]
RSSI: -86 [da:37:7b:a8:03:2b]
RSSI: -81 [da:3c:68:b2:0a:6e]
RSSI: -78 [da:3c:68:c1:0a:9e]
RSSI: -72 [da:3f:02:ad:04:2c]
RSSI: -78 [da:3c:68:c1:0a:9e]
RSSI: -61 [da:3f:02:ad:04:2c]
RSSI: -78 [da:3c:68:ce:0a:be]
RSSI: -75 [da:3f:02:b9:04:5c]
RSSI: -80 [da:3c:68:ce:0a:be]
RSSI: -85 [da:37:7b:ce:03:9b]
RSSI: -85 [da:37:7b:ce:03:9b]
RSSI: -76 [da:3f:02:c7:04:8c]
RSSI: -80 [da:3c:68:dd:0a:ee]
RSSI: -86 [da:37:7b:db:03:bb]
RSSI: -75 [da:3f:02:c7:04:8c]
RSSI: -80 [da:3c:68:dd:0a:ee]
RSSI: -73 [da:3f:02:d4:04:ac]
RSSI: -78 [da:3c:68:ed:0b:0e]
RSSI: -60 [da:3f:02:d4:04:ac]
RSSI: -79 [da:3c:68:ed:0b:0e]
RSSI: -85 [da:37:7b:e8:03:eb]
RSSI: -74 [da:3f:02:e0:04:dc]
RSSI: -69 [da:3f:02:e0:04:dc]
RSSI: -82 [da:3c:68:f9:0b:2e]
RSSI: -82 [da:37:7b:f5:04:0b]
RSSI: -88 [da:39:60:01:09:aa]
RSSI: -82 [da:37:7b:f5:04:0b]
RSSI: -71 [da:3f:02:ee:04:fc]
RSSI: -84 [da:37:7c:02:04:2b]
RSSI: -80 [da:3c:69:09:0b:5e]
RSSI: -87 [da:37:7c:02:04:2b]
RSSI: -67 [da:3f:02:fb:05:2c]
RSSI: -62 [da:3f:02:fb:05:2c]
RSSI: -83 [da:3c:69:18:0b:8e]
RSSI: -64 [da:3f:03:08:05:4c]
RSSI: -85 [da:37:7c:1b:04:7b]
RSSI: -82 [da:3c:69:25:0b:ae]
RSSI: -85 [da:3c:69:25:0b:ae]
RSSI: -85 [da:37:7c:28:04:ab]
RSSI: -61 [da:3f:03:1a:05:8c]
RSSI: -87 [da:37:7c:28:04:ab]
RSSI: -84 [da:3c:69:35:0b:de]
RSSI: -65 [da:3f:03:2b:05:bc]
RSSI: -87 [da:37:7c:35:04:cb]
RSSI: -86 [da:3c:69:44:0c:0e]
RSSI: -60 [da:3f:03:2b:05:bc]
RSSI: -59 [da:3f:03:37:05:dc]
RSSI: -66 [da:3f:03:37:05:dc]
RSSI: -87 [da:37:7c:4f:05:1b]
RSSI: -61 [da:3f:03:45:06:0c]
RSSI: -61 [da:3f:03:45:06:0c]
RSSI: -58 [da:3f:03:45:06:0c]
RSSI: -72 [da:3f:03:52:06:3c]
RSSI: -63 [da:3f:03:52:06:3c]
RSSI: -58 [da:3f:03:5f:06:5c]
RSSI: -91 [da:3c:69:70:0c:7e]
RSSI: -80 [da:3f:03:5f:06:5c]
RSSI: -65 [da:3f:03:6c:06:8c]
RSSI: -58 [da:3f:03:6c:06:8c]
RSSI: -67 [da:3f:03:7a:06:bc]
RSSI: -65 [da:3f:03:7a:06:bc]
RSSI: -61 [da:3f:03:7a:06:bc]
RSSI: -60 [da:3f:03:7a:06:bc]
RSSI: -56 [da:3f:03:86:06:dc]
RSSI: -60 [da:3f:03:86:06:dc]
RSSI: -57 [da:3f:03:94:07:0c]
RSSI: -91 [da:3c:69:a8:0d:2e]
RSSI: -55 [da:3f:03:94:07:0c]
RSSI: -59 [da:3f:03:a1:07:2c]
RSSI: -56 [da:3f:03:a1:07:2c]
RSSI: -60 [da:3f:03:ae:07:5c]
RSSI: -58 [da:3f:03:bb:07:8c]
RSSI: -63 [da:3f:03:c8:07:ac]
RSSI: -62 [da:3f:03:c8:07:ac]
RSSI: -59 [da:3f:03:d5:07:dc]
RSSI: -63 [da:3f:03:e3:07:fc]
RSSI: -55 [da:3f:03:f0:08:2c]
RSSI: -53 [da:3f:03:fd:08:5c]
RSSI: -51 [da:3f:03:fd:08:5c]
RSSI: -50 [da:3f:04:0a:08:7c]
RSSI: -50 [da:3f:04:0a:08:7c]
RSSI: -48 [da:3f:04:17:08:ac]
RSSI: -89 [da:3c:6a:2c:0e:9e]
RSSI: -49 [da:3f:04:24:08:cc]
RSSI: -47 [da:3f:04:24:08:cc]
RSSI: -46 [da:3f:04:32:08:fc]
RSSI: -48 [da:3f:04:32:08:fc]
RSSI: -47 [da:3f:04:3f:09:2c]
RSSI: -47 [da:3f:04:3f:09:2c]
RSSI: -47 [da:3f:04:4c:09:4c]
RSSI: -46 [da:3f:04:4c:09:4c]
RSSI: -45 [da:3f:04:59:09:7c]
RSSI: -46 [da:3f:04:59:09:7c]
RSSI: -46 [da:3f:04:66:09:ac]
RSSI: -45 [da:3f:04:66:09:ac]
RSSI: -46 [da:3f:04:73:09:cc]
RSSI: -47 [da:3f:04:73:09:cc]
RSSI: -47 [da:3f:04:81:09:fc]
RSSI: -47 [da:3f:04:8e:0a:2c]
RSSI: -46 [da:3f:04:8e:0a:2c]
RSSI: -48 [da:3f:04:9b:0a:4c]
RSSI: -50 [da:3f:04:a8:0a:7c]
RSSI: -48 [da:3f:04:b5:0a:ac]
RSSI: -52 [da:3f:04:c2:0a:cc]
RSSI: -56 [da:3f:04:d0:0a:fc]
RSSI: -57 [da:3f:04:d0:0a:fc]
RSSI: -52 [da:3f:04:dd:0b:2c]
RSSI: -60 [da:3f:04:ea:0b:4c]
RSSI: -70 [da:3f:04:f7:0b:7c]
RSSI: -62 [da:3f:04:f7:0b:7c]
RSSI: -69 [da:3f:05:05:0b:9c]
RSSI: -73 [da:3f:05:05:0b:9c]
RSSI: -64 [da:3f:05:05:0b:9c]
RSSI: -61 [da:3f:05:11:0b:cc]
RSSI: -61 [da:3f:05:11:0b:cc]
RSSI: -60 [da:3f:05:1f:0b:fc]
RSSI: -57 [da:3f:05:1f:0b:fc]
RSSI: -59 [da:3f:05:2c:0c:1c]
RSSI: -59 [da:3f:05:2c:0c:1c]
RSSI: -57 [da:3f:05:39:0c:4c]
RSSI: -58 [da:3f:05:39:0c:4c]
RSSI: -59 [da:3f:05:46:0c:6c]
RSSI: -58 [da:3f:05:46:0c:6c]
RSSI: -60 [da:3f:05:54:0c:9c]
RSSI: -62 [da:3f:05:54:0c:9c]
RSSI: -61 [da:3f:05:60:0c:cc]
RSSI: -64 [da:3f:05:60:0c:cc]
RSSI: -66 [da:3f:05:6e:0c:ec]
RSSI: -65 [da:3f:05:6e:0c:ec]
RSSI: -67 [da:3f:05:7b:0d:1c]
RSSI: -62 [da:3f:05:96:0d:6c]
RSSI: -97 [da:37:7e:a1:0c:1b]
RSSI: -91 [da:3c:6b:ab:12:de]
RSSI: -90 [da:3c:6b:b7:12:fe]
RSSI: -61 [da:3f:05:a3:0d:9c]
RSSI: -61 [da:3f:05:b0:0d:bc]
RSSI: -60 [da:3f:05:bd:0d:ec]
RSSI: -87 [da:3c:6b:d7:13:5e]
RSSI: -62 [da:3f:05:cb:0e:1c]
RSSI: -61 [da:3f:05:cb:0e:1c]
RSSI: -61 [da:3f:05:d7:0e:3c]
RSSI: -64 [da:3f:05:d7:0e:3c]
RSSI: -91 [da:3c:6b:f3:13:ae]
RSSI: -63 [da:3f:05:e5:0e:6c]
RSSI: -59 [da:3f:05:e5:0e:6c]
RSSI: -86 [da:3c:6c:03:13:de]
RSSI: -65 [da:3f:05:f2:0e:8c]
RSSI: -62 [da:3f:05:f2:0e:8c]
RSSI: -67 [da:3f:05:ff:0e:bc]
RSSI: -62 [da:3f:06:0d:0e:ec]
RSSI: -59 [da:3f:06:0d:0e:ec]
RSSI: -71 [da:3f:06:1a:0f:0c]
RSSI: -63 [da:3f:06:1a:0f:0c]
RSSI: -73 [da:3f:06:27:0f:3c]
RSSI: -60 [da:3f:06:34:0f:5c]
RSSI: -60 [da:3f:06:34:0f:5c]
RSSI: -73 [da:3f:06:42:0f:8c]
RSSI: -65 [da:3f:06:42:0f:8c]
RSSI: -71 [da:3f:06:4e:0f:bc]
RSSI: -60 [da:3f:06:5c:0f:dc]
RSSI: -74 [da:3f:06:69:10:0c]
RSSI: -71 [da:3f:06:76:10:3c]
RSSI: -80 [da:3f:06:76:10:3c]
RSSI: -62 [da:3f:06:84:10:5c]
RSSI: -62 [da:3f:06:84:10:5c]
RSSI: -85 [da:3f:06:84:10:5c]
RSSI: -70 [da:3f:06:91:10:8c]
RSSI: -72 [da:3f:06:9e:10:bc]
RSSI: -66 [da:3f:06:9e:10:bc]
RSSI: -65 [da:3f:06:ab:10:dc]
RSSI: -70 [da:3f:06:ab:10:dc]
RSSI: -67 [da:3f:06:b9:11:0c]
RSSI: -71 [da:3f:06:b9:11:0c]
RSSI: -74 [da:3f:06:c6:11:2c]
RSSI: -72 [da:3f:06:c6:11:2c]
RSSI: -73 [da:3f:06:c6:11:2c]
RSSI: -74 [da:3f:06:d3:11:5c]
RSSI: -76 [da:3f:06:d3:11:5c]
RSSI: -75 [da:3f:06:d3:11:5c]
RSSI: -78 [da:3f:06:e1:11:8c]
RSSI: -72 [da:3f:06:e1:11:8c]
RSSI: -74 [da:3f:06:ed:11:ac]
RSSI: -84 [da:3f:06:ed:11:ac]
RSSI: -77 [da:3f:06:fb:11:dc]
RSSI: -62 [da:3f:07:08:12:0c]
RSSI: -70 [da:3f:07:15:12:2c]
RSSI: -73 [da:3f:07:23:12:5c]
RSSI: -72 [da:3f:07:23:12:5c]
RSSI: -60 [da:3f:07:30:12:8c]
RSSI: -64 [da:3f:07:3d:12:ac]
RSSI: -68 [da:3f:07:4b:12:dc]
RSSI: -66 [da:3f:07:4b:12:dc]
RSSI: -64 [da:3f:07:58:12:fc]
RSSI: -71 [da:3f:07:58:12:fc]
RSSI: -71 [da:3f:07:65:13:2c]
RSSI: -66 [da:3f:07:65:13:2c]
RSSI: -76 [da:3f:07:72:13:5c]
RSSI: -81 [da:3f:07:72:13:5c]
RSSI: -81 [da:3f:07:72:13:5c]
RSSI: -65 [da:3f:07:80:13:7c]
RSSI: -78 [da:3f:07:80:13:7c]
RSSI: -76 [da:3f:07:8d:13:ac]
RSSI: -63 [da:3f:07:8d:13:ac]
RSSI: -76 [da:3f:07:9a:13:cc]
RSSI: -73 [da:3f:07:9a:13:cc]
RSSI: -76 [da:3f:07:a8:13:fc]
RSSI: -63 [da:3f:07:b4:14:2c]
RSSI: -75 [da:3f:07:c2:14:4c]
RSSI: -87 [da:3f:07:d0:14:7c]
RSSI: -68 [da:3f:07:dc:14:9c]
RSSI: -76 [da:3f:07:ea:14:cc]
RSSI: -72 [da:3f:07:f7:14:fc]
RSSI: -70 [da:3f:07:f7:14:fc]
RSSI: -70 [da:3f:08:04:15:1c]
RSSI: -67 [da:3f:08:12:15:4c]
RSSI: -69 [da:3f:08:12:15:4c]
RSSI: -68 [da:3f:08:1f:15:6c]
RSSI: -66 [da:3f:08:1f:15:6c]
RSSI: -68 [da:3f:08:2c:15:9c]
RSSI: -68 [da:3f:08:2c:15:9c]
RSSI: -65 [da:3f:08:3a:15:cc]
RSSI: -68 [da:3f:08:3a:15:cc]
RSSI: -69 [da:3f:08:47:15:ec]
RSSI: -66 [da:3f:08:47:15:ec]
RSSI: -69 [da:3f:08:54:16:1c]
RSSI: -70 [da:3f:08:62:16:3c]
RSSI: -72 [da:3f:08:6f:16:6c]
RSSI: -68 [da:3f:08:6f:16:6c]
RSSI: -75 [da:3f:08:7c:00:0c]
RSSI: -77 [da:3f:08:8a:00:2c]
RSSI: -72 [da:3f:08:97:00:5c]
RSSI: -82 [da:3f:08:a4:00:7c]
RSSI: -75 [da:3f:08:a4:00:7c]
RSSI: -76 [da:3f:08:b2:00:ac]
RSSI: -85 [da:3f:08:b2:00:ac]
RSSI: -79 [da:3f:08:bf:00:dc]
RSSI: -79 [da:3f:08:bf:00:dc]
RSSI: -77 [da:3f:08:bf:00:dc]
RSSI: -82 [da:3f:08:cc:00:fc]
RSSI: -84 [da:3f:08:d9:01:2c]
RSSI: -81 [da:3f:08:d9:01:2c]
RSSI: -82 [da:3f:08:d9:01:2c]
RSSI: -76 [da:3f:08:e7:01:5c]
RSSI: -75 [da:3f:08:f4:01:7c]
RSSI: -71 [da:3f:08:f4:01:7c]
RSSI: -71 [da:3f:09:02:01:ac]
RSSI: -90 [da:3c:6f:1e:06:3e]
RSSI: -73 [da:3f:09:0f:01:dc]
RSSI: -72 [da:3f:09:1c:01:fc]
RSSI: -89 [da:3c:6f:2b:06:6e]
RSSI: -77 [da:3f:09:2a:02:2c]
RSSI: -80 [da:3f:09:2a:02:2c]
RSSI: -89 [da:3c:6f:4a:06:be]
RSSI: -71 [da:3f:09:37:02:4c]
RSSI: -93 [da:39:66:52:05:9a]
RSSI: -80 [da:3f:09:44:02:7c]
RSSI: -88 [da:39:66:60:05:ca]
RSSI: -72 [da:3f:09:52:02:ac]
RSSI: -73 [da:3f:09:52:02:ac]
RSSI: -88 [da:39:66:6d:05:ea]
RSSI: -67 [da:3f:09:5f:02:cc]
RSSI: -72 [da:3f:09:5f:02:cc]
RSSI: -71 [da:3f:09:6c:02:fc]
RSSI: -75 [da:3f:09:6c:02:fc]
RSSI: -91 [da:39:66:8a:06:3a]
RSSI: -74 [da:3f:09:7a:03:1c]
RSSI: -72 [da:3f:09:7a:03:1c]
RSSI: -73 [da:3f:09:87:03:4c]
RSSI: -75 [da:3f:09:87:03:4c]
RSSI: -76 [da:3f:09:87:03:4c]
RSSI: -85 [da:39:66:a6:06:8a]
RSSI: -66 [da:3f:09:94:03:7c]
RSSI: -73 [da:3f:09:a2:03:9c]
RSSI: -76 [da:3f:09:a2:03:9c]
RSSI: -88 [da:39:66:b4:06:ba]
RSSI: -91 [da:37:82:b4:01:bb]
RSSI: -75 [da:3f:09:a2:03:9c]
RSSI: -88 [da:3c:6f:c0:08:0e]
RSSI: -69 [da:3f:09:af:03:cc]
RSSI: -85 [da:3c:6f:c0:08:0e]
RSSI: -89 [da:37:82:c1:01:db]
RSSI: -86 [da:3c:6f:d0:08:3e]
RSSI: -70 [da:3f:09:bc:03:fc]
RSSI: -82 [da:39:66:d0:06:fa]
RSSI: -88 [da:39:66:de:07:2a]
RSSI: -87 [da:3c:6f:dc:08:5e]
RSSI: -87 [da:37:82:db:02:2b]
RSSI: -86 [da:37:82:e9:02:4b]
RSSI: -90 [da:39:66:eb:07:4a]
RSSI: -87 [da:37:82:e9:02:4b]
RSSI: -67 [da:3f:09:e4:04:7c]
RSSI: -91 [da:3c:6f:fc:08:be]
RSSI: -77 [da:3f:09:e4:04:7c]
RSSI: -85 [da:37:82:f5:02:7b]
RSSI: -74 [da:3f:09:f2:04:9c]
RSSI: -66 [da:3f:09:f2:04:9c]
RSSI: -84 [da:37:83:03:02:9b]
RSSI: -87 [da:39:67:15:07:ca]
RSSI: -80 [da:3f:09:ff:04:cc]
RSSI: -83 [da:37:83:10:02:cb]
RSSI: -83 [da:37:83:10:02:cb]
RSSI: -88 [da:39:67:15:07:ca]
RSSI: -85 [da:3c:70:18:09:0e]
RSSI: -85 [da:3f:09:ff:04:cc]
RSSI: -83 [da:37:83:10:02:cb]
RSSI: -88 [da:3c:70:18:09:0e]
RSSI: -66 [da:3f:0a:0c:04:ec]
RSSI: -72 [da:3f:0a:0c:04:ec]
RSSI: -74 [da:3f:0a:1a:05:1c]
RSSI: -85 [da:39:67:32:08:1a]
RSSI: -69 [da:3f:0a:1a:05:1c]
RSSI: -85 [da:39:67:32:08:1a]
RSSI: -67 [da:3f:0a:28:05:4c]
RSSI: -69 [da:3f:0a:28:05:4c]
RSSI: -83 [da:37:83:2f:03:2b]
RSSI: -82 [da:37:83:3f:03:5b]
RSSI: -79 [da:3c:70:45:09:8e]
RSSI: -82 [da:37:83:3f:03:5b]
RSSI: -80 [da:3c:70:55:09:be]
RSSI: -82 [da:37:83:4c:03:7b]
RSSI: -77 [da:3c:70:55:09:be]
RSSI: -81 [da:37:83:4c:03:7b]
RSSI: -83 [da:37:83:59:03:9b]
RSSI: -79 [da:3c:70:61:09:de]
RSSI: -80 [da:3c:70:61:09:de]
RSSI: -70 [da:3f:0a:50:05:cc]
RSSI: -84 [da:37:83:67:03:cb]
RSSI: -67 [da:3f:0a:5c:05:ec]
RSSI: -84 [da:37:83:67:03:cb]
RSSI: -79 [da:3c:70:71:0a:0e]
RSSI: -69 [da:3f:0a:5c:05:ec]
RSSI: -80 [da:3c:70:71:0a:0e]
RSSI: -72 [da:3f:0a:6a:06:1c]
RSSI: -78 [da:3c:70:81:0a:3e]
RSSI: -66 [da:3f:0a:6a:06:1c]
RSSI: -79 [da:3c:70:81:0a:3e]
RSSI: -84 [da:37:83:81:04:1b]
RSSI: -67 [da:3f:0a:78:06:4c]
RSSI: -78 [da:3c:70:8e:0a:5e]
RSSI: -64 [da:3f:0a:84:06:6c]
RSSI: -83 [da:37:83:8e:04:3b]
RSSI: -66 [da:3f:0a:84:06:6c]
RSSI: -77 [da:3c:70:9e:0a:8e]
RSSI: -83 [da:3f:0a:92:06:9c]
RSSI: -82 [da:37:83:9b:04:6b]
RSSI: -78 [da:3c:70:ae:0a:be]
RSSI: -64 [da:3f:0a:92:06:9c]
RSSI: -83 [da:37:83:a8:04:8b]
RSSI: -65 [da:3f:0a:a0:06:cc]
RSSI: -85 [da:37:83:a8:04:8b]
RSSI: -66 [da:3f:0a:ad:06:ec]
RSSI: -65 [da:3f:0a:ad:06:ec]
RSSI: -77 [da:3c:70:ca:0b:0e]
RSSI: -84 [da:37:83:c2:04:db]
RSSI: -78 [da:3c:70:ca:0b:0e]
RSSI: -66 [da:3f:0a:ba:07:1c]
RSSI: -79 [da:3c:70:da:0b:3e]
RSSI: -68 [da:3f:0a:c8:07:4c]
RSSI: -71 [da:3f:0a:c8:07:4c]
RSSI: -71 [da:3f:0a:c8:07:4c]
RSSI: -77 [da:3c:70:e7:0b:5e]
RSSI: -86 [da:37:83:dd:05:2b]
RSSI: -69 [da:3f:0a:d5:07:6c]
RSSI: -81 [da:3c:70:e7:0b:5e]
RSSI: -69 [da:3f:0a:d5:07:6c]
RSSI: -89 [da:37:83:ea:05:5b]
RSSI: -64 [da:3f:0a:e3:07:9c]
RSSI: -64 [da:3f:0a:e3:07:9c]
RSSI: -81 [da:3c:70:f7:0b:8e]
RSSI: -90 [da:37:83:f7:05:7b]
RSSI: -77 [da:3c:71:07:0b:be]
RSSI: -69 [da:3f:0a:f0:07:cc]
RSSI: -77 [da:3c:71:07:0b:be]
RSSI: -91 [da:37:84:04:05:ab]
RSSI: -92 [da:37:84:04:05:ab]
RSSI: -66 [da:3f:0a:fd:07:ec]
RSSI: -81 [da:3c:71:13:0b:de]
RSSI: -79 [da:3c:71:13:0b:de]
RSSI: -67 [da:3f:0b:0b:08:1c]
RSSI: -91 [da:37:84:1f:05:fb]
RSSI: -93 [da:37:84:1f:05:fb]
RSSI: -78 [da:3f:0b:18:08:4c]
RSSI: -84 [da:3c:71:33:0c:3e]
RSSI: -65 [da:3f:0b:25:08:6c]
RSSI: -69 [da:3f:0b:25:08:6c]
RSSI: -85 [da:3c:71:40:0c:5e]
RSSI: -67 [da:3f:0b:33:08:9c]
RSSI: -85 [da:3c:71:40:0c:5e]
RSSI: -87 [da:3c:71:50:0c:8e]
RSSI: -66 [da:3f:0b:41:08:cc]
RSSI: -67 [da:3f:0b:41:08:cc]
RSSI: -65 [da:3f:0b:4d:08:ec]
RSSI: -63 [da:3f:0b:4d:08:ec]
RSSI: -88 [da:37:84:60:06:bb]
RSSI: -70 [da:3f:0b:5b:09:1c]
RSSI: -71 [da:3f:0b:5b:09:1c]
RSSI: -72 [da:3f:0b:69:09:4c]
RSSI: -89 [da:3c:71:99:0d:5e]
RSSI: -61 [da:3f:0b:83:09:9c]
RSSI: -61 [da:3f:0b:91:09:bc]
RSSI: -56 [da:3f:0b:91:09:bc]
RSSI: -57 [da:3f:0b:9e:09:ec]
RSSI: -58 [da:3f:0b:9e:09:ec]
RSSI: -90 [da:3c:71:b9:0d:be]
RSSI: -54 [da:3f:0b:ac:0a:1c]
RSSI: -54 [da:3f:0b:ac:0a:1c]
RSSI: -56 [da:3f:0b:b9:0a:3c]
RSSI: -91 [da:3c:71:c5:0d:de]
RSSI: -55 [da:3f:0b:b9:0a:3c]
RSSI: -51 [da:3f:0b:b9:0a:3c]
RSSI: -54 [da:3f:0b:c6:0a:6c]
RSSI: -54 [da:3f:0b:c6:0a:6c]
RSSI: -51 [da:3f:0b:d4:0a:9c]
RSSI: -93 [da:3c:71:f2:0e:5e]
RSSI: -53 [da:3f:0b:e2:0a:cc]
RSSI: -50 [da:3f:0b:e2:0a:cc]
RSSI: -53 [da:3f:0b:ee:0a:ec]
RSSI: -51 [da:3f:0b:fc:0b:1c]
RSSI: -94 [da:3c:72:1f:0e:ce]
RSSI: -96 [da:39:69:2a:0d:da]
RSSI: -53 [da:3f:0c:17:0b:6c]
RSSI: -51 [da:3f:0c:17:0b:6c]
RSSI: -90 [da:3c:72:2f:0e:fe]
RSSI: -50 [da:3f:0c:25:0b:9c]
RSSI: -53 [da:3f:0c:25:0b:9c]
RSSI: -91 [da:3c:72:3f:0f:2e]
RSSI: -51 [da:3f:0c:32:0b:cc]
RSSI: -50 [da:3f:0c:32:0b:cc]
RSSI: -54 [da:3f:0c:3f:0b:ec]
RSSI: -53 [da:3f:0c:3f:0b:ec]
RSSI: -53 [da:3f:0c:3f:0b:ec]
RSSI: -55 [da:3f:0c:5b:0c:4c]
RSSI: -54 [da:3f:0c:5b:0c:4c]
RSSI: -59 [da:3f:0c:67:0c:6c]
RSSI: -58 [da:3f:0c:67:0c:6c]
RSSI: -62 [da:3f:0c:75:0c:9c]
RSSI: -64 [da:3f:0c:83:0c:cc]
RSSI: -75 [da:3f:0c:90:0c:ec]
RSSI: -78 [da:3f:0c:9e:0d:1c]
RSSI: -72 [da:3f:0c:9e:0d:1c]
RSSI: -66 [da:3f:0c:ab:0d:4c]
RSSI: -69 [da:3f:0c:ab:0d:4c]
RSSI: -67 [da:3f:0c:b8:0d:6c]
RSSI: -62 [da:3f:0c:b8:0d:6c]
RSSI: -63 [da:3f:0c:c6:0d:9c]
RSSI: -62 [da:3f:0c:c6:0d:9c]
RSSI: -64 [da:3f:0c:d4:0d:cc]
RSSI: -63 [da:3f:0c:d4:0d:cc]
RSSI: -61 [da:3f:0c:e0:0d:fc]
RSSI: -65 [da:3f:0c:e0:0d:fc]
RSSI: -65 [da:3f:0c:e0:0d:fc]
RSSI: -63 [da:3f:0c:ee:0e:1c]
RSSI: -63 [da:3f:0c:ee:0e:1c]
RSSI: -64 [da:3f:0c:fc:0e:4c]
RSSI: -92 [da:37:86:13:0b:db]
RSSI: -82 [da:3f:0d:09:0e:7c]
RSSI: -70 [da:3f:0d:17:0e:9c]
RSSI: -67 [da:3f:0d:25:0e:cc]
RSSI: -66 [da:3f:0d:25:0e:cc]
RSSI: -70 [da:3f:0d:31:0e:fc]
RSSI: -65 [da:3f:0d:31:0e:fc]
RSSI: -61 [da:3f:0d:3f:0f:1c]
RSSI: -65 [da:3f:0d:3f:0f:1c]
RSSI: -60 [da:3f:0d:4d:0f:4c]
RSSI: -60 [da:3f:0d:4d:0f:4c]
RSSI: -90 [da:3c:73:67:12:7e]
RSSI: -90 [da:3c:73:67:12:7e]
RSSI: -61 [da:3f:0d:5a:0f:7c]
RSSI: -69 [da:3f:0d:68:0f:ac]
RSSI: -63 [da:3f:0d:75:0f:cc]
RSSI: -96 [da:37:86:7e:0d:1b]
RSSI: -65 [da:3f:0d:82:0f:fc]
RSSI: -90 [da:3c:73:94:12:fe]
RSSI: -65 [da:3f:0d:82:0f:fc]
RSSI: -64 [da:3f:0d:90:10:2c]
RSSI: -64 [da:3f:0d:90:10:2c]
RSSI: -61 [da:3f:0d:9e:10:4c]
RSSI: -65 [da:3f:0d:ab:10:7c]
RSSI: -62 [da:3f:0d:ab:10:7c]
RSSI: -62 [da:3f:0d:b9:10:9c]
RSSI: -65 [da:3f:0d:b9:10:9c]
RSSI: -63 [da:3f:0d:c6:10:cc]
RSSI: -64 [da:3f:0d:c6:10:cc]
RSSI: -64 [da:3f:0d:d3:10:fc]
RSSI: -63 [da:3f:0d:d3:10:fc]
RSSI: -64 [da:3f:0d:e1:11:1c]
RSSI: -62 [da:3f:0d:ef:11:4c]
RSSI: -62 [da:3f:0d:fc:11:7c]
RSSI: -65 [da:3f:0e:0a:11:9c]
RSSI: -62 [da:3f:0e:0a:11:9c]
RSSI: -63 [da:3f:0e:17:11:cc]
RSSI: -63 [da:3f:0e:24:11:fc]
RSSI: -64 [da:3f:0e:24:11:fc]
RSSI: -66 [da:3f:0e:32:12:1c]
RSSI: -64 [da:3f:0e:32:12:1c]
RSSI: -64 [da:3f:0e:32:12:1c]
RSSI: -68 [da:3f:0e:40:12:4c]
RSSI: -65 [da:3f:0e:40:12:4c]
RSSI: -64 [da:3f:0e:4d:12:7c]
RSSI: -68 [da:3f:0e:4d:12:7c]
RSSI: -64 [da:3f:0e:5b:12:9c]
RSSI: -64 [da:3f:0e:5b:12:9c]
RSSI: -64 [da:3f:0e:68:12:cc]
RSSI: -68 [da:3f:0e:75:12:fc]
RSSI: -74 [da:3f:0e:91:13:4c]
RSSI: -68 [da:3f:0e:91:13:4c]
RSSI: -64 [da:3f:0e:9e:13:6c]
RSSI: -79 [da:3f:0e:9e:13:6c]
RSSI: -67 [da:3f:0e:ac:13:9c]
RSSI: -60 [da:3f:0e:ac:13:9c]
RSSI: -74 [da:3f:0e:ba:13:cc]
RSSI: -65 [da:3f:0e:ba:13:cc]
RSSI: -65 [da:3f:0e:ba:13:cc]
RSSI: -69 [da:3f:0e:c6:13:ec]
RSSI: -59 [da:3f:0e:d4:14:1c]
RSSI: -67 [da:3f:0e:e2:14:4c]
RSSI: -63 [da:3f:0e:e2:14:4c]
RSSI: -68 [da:3f:0e:ef:14:6c]
RSSI: -68 [da:3f:0e:ef:14:6c]
RSSI: -64 [da:3f:0e:fd:14:9c]
RSSI: -71 [da:3f:0e:fd:14:9c]
RSSI: -69 [da:3f:0f:0b:14:cc]
RSSI: -81 [da:3f:0f:18:14:ec]
RSSI: -74 [da:3f:0f:18:14:ec]
RSSI: -65 [da:3f:0f:26:15:1c]
RSSI: -80 [da:3f:0f:26:15:1c]
RSSI: -72 [da:3f:0f:34:15:4c]
RSSI: -76 [da:3f:0f:40:15:6c]
RSSI: -96 [da:3c:75:4d:01:6e]
RSSI: -71 [da:3f:0f:40:15:6c]
RSSI: -74 [da:3f:0f:4e:15:9c]
RSSI: -64 [da:3f:0f:5c:15:cc]
RSSI: -71 [da:3f:0f:69:15:ec]
RSSI: -71 [da:3f:0f:77:16:1c]
RSSI: -66 [da:3f:0f:85:16:4c]
RSSI: -81 [da:3f:0f:85:16:4c]
RSSI: -69 [da:3f:0f:91:16:6c]
RSSI: -66 [da:3f:0f:91:16:6c]
RSSI: -74 [da:3f:0f:9f:00:2c]
RSSI: -68 [da:3f:0f:9f:00:2c]
RSSI: -66 [da:3f:0f:ad:00:5c]
RSSI: -70 [da:3f:0f:ad:00:5c]
RSSI: -65 [da:3f:0f:ba:00:8c]
RSSI: -65 [da:3f:0f:ba:00:8c]
RSSI: -65 [da:3f:0f:c8:00:ac]
RSSI: -68 [da:3f:0f:d6:00:dc]
RSSI: -66 [da:3f:0f:e3:00:fc]
RSSI: -65 [da:3f:0f:f1:01:2c]
RSSI: -66 [da:3f:0f:f1:01:2c]
RSSI: -70 [da:3f:0f:ff:01:5c]
RSSI: -67 [da:3f:0f:ff:01:5c]
RSSI: -67 [da:3f:10:0b:01:7c]
RSSI: -73 [da:3f:10:0b:01:7c]
RSSI: -69 [da:3f:10:1a:01:ac]
RSSI: -92 [da:39:6d:34:03:4a]
RSSI: -66 [da:3f:10:1a:01:ac]
RSSI: -77 [da:3f:10:28:01:dc]
RSSI: -71 [da:3f:10:28:01:dc]
RSSI: -91 [da:39:6d:43:03:7a]
RSSI: -81 [da:3f:10:34:01:fc]
RSSI: -63 [da:3f:10:42:02:2c]
RSSI: -77 [da:3f:10:50:02:5c]
RSSI: -91 [da:39:6d:7c:04:1a]
RSSI: -75 [da:3f:10:70:02:bc]
RSSI: -76 [da:3f:10:70:02:bc]
RSSI: -90 [da:39:6d:89:04:3a]
RSSI: -67 [da:3f:10:80:02:ec]
RSSI: -71 [da:3f:10:80:02:ec]
RSSI: -92 [da:39:6d:98:04:6a]
RSSI: -68 [da:3f:10:8d:03:1c]
RSSI: -89 [da:39:6d:a7:04:8a]
RSSI: -68 [da:3f:10:8d:03:1c]
RSSI: -64 [da:3f:10:9b:03:4c]
RSSI: -88 [da:39:6d:b3:04:ba]
RSSI: -67 [da:3f:10:a9:03:6c]
RSSI: -67 [da:3f:10:b6:03:9c]
RSSI: -63 [da:3f:10:c4:03:cc]
RSSI: -64 [da:3f:10:c4:03:cc]
RSSI: -67 [da:3f:10:c4:03:cc]
RSSI: -91 [da:39:6d:de:05:2a]
RSSI: -68 [da:3f:10:d2:03:ec]
RSSI: -65 [da:3f:10:d2:03:ec]
RSSI: -93 [da:39:6d:ed:05:5a]
RSSI: -91 [da:39:6d:ed:05:5a]
RSSI: -64 [da:3f:10:df:04:1c]
RSSI: -71 [da:3f:10:df:04:1c]
RSSI: -89 [da:3c:76:fd:06:3e]
RSSI: -66 [da:3f:10:ed:04:3c]
RSSI: -61 [da:3f:10:ed:04:3c]
RSSI: -74 [da:3f:10:fb:04:6c]
RSSI: -68 [da:3f:10:fb:04:6c]
RSSI: -90 [da:3c:77:23:06:ae]
RSSI: -74 [da:3f:11:07:04:9c]
RSSI: -67 [da:3f:11:16:04:bc]
RSSI: -91 [da:3c:77:30:06:ce]
RSSI: -85 [da:39:6e:33:06:2a]
RSSI: -91 [da:3c:77:30:06:ce]
RSSI: -75 [da:3f:11:24:04:ec]
RSSI: -86 [da:39:6e:42:06:4a]
RSSI: -68 [da:3f:11:30:05:1c]
RSSI: -85 [da:39:6e:42:06:4a]
RSSI: -67 [da:3f:11:30:05:1c]
RSSI: -83 [da:39:6e:51:06:7a]
RSSI: -89 [da:3c:77:56:07:3e]
RSSI: -90 [da:3c:77:56:07:3e]
RSSI: -84 [da:39:6e:5e:06:9a]
RSSI: -64 [da:3f:11:4c:05:6c]
RSSI: -63 [da:3f:11:4c:05:6c]
RSSI: -88 [da:3c:77:63:07:5e]
RSSI: -91 [da:3c:77:70:07:7e]
RSSI: -64 [da:3f:11:59:05:9c]
RSSI: -81 [da:39:6e:6d:06:ca]
RSSI: -64 [da:3f:11:59:05:9c]
RSSI: -83 [da:39:6e:6d:06:ca]
RSSI: -79 [da:39:6e:7c:06:fa]
RSSI: -83 [da:39:6e:7c:06:fa]
RSSI: -66 [da:3f:11:67:05:bc]
RSSI: -84 [da:39:6e:88:07:1a]
RSSI: -88 [da:37:8a:7f:02:7b]
RSSI: -72 [da:3f:11:75:05:ec]
RSSI: -81 [da:39:6e:88:07:1a]
RSSI: -85 [da:39:6e:97:07:4a]
RSSI: -75 [da:3f:11:82:06:1c]
RSSI: -72 [da:3f:11:90:06:3c]
RSSI: -82 [da:39:6e:a6:07:6a]
RSSI: -76 [da:3f:11:90:06:3c]
RSSI: -86 [da:37:8a:a7:02:fb]
RSSI: -67 [da:3f:11:9e:06:6c]
RSSI: -66 [da:3f:11:9e:06:6c]
RSSI: -70 [da:3f:11:9e:06:6c]
RSSI: -94 [da:3c:77:bc:08:5e]
RSSI: -85 [da:37:8a:b4:03:1b]
RSSI: -70 [da:3f:11:ab:06:9c]
RSSI: -81 [da:39:6e:c2:07:ba]
RSSI: -70 [da:3f:11:ab:06:9c]
RSSI: -87 [da:37:8a:c1:03:3b]
RSSI: -71 [da:3f:11:b9:06:cc]
RSSI: -69 [da:3f:11:b9:06:cc]
RSSI: -85 [da:37:8a:cf:03:6b]
RSSI: -82 [da:3f:11:c7:06:ec]
RSSI: -85 [da:39:6e:de:08:0a]
RSSI: -88 [da:37:8a:dd:03:9b]
RSSI: -69 [da:3f:11:d4:07:1c]
RSSI: -82 [da:39:6e:ed:08:3a]
RSSI: -85 [da:39:6e:ed:08:3a]
RSSI: -92 [da:3c:77:ef:08:ee]
RSSI: -87 [da:37:8a:e9:03:bb]
RSSI: -68 [da:3f:11:e2:07:4c]
RSSI: -84 [da:39:6e:fc:08:5a]
RSSI: -81 [da:37:8a:f7:03:eb]
RSSI: -73 [da:3f:11:f0:07:7c]
RSSI: -87 [da:39:6f:08:08:8a]
RSSI: -85 [da:37:8b:05:04:0b]
RSSI: -66 [da:3f:11:fd:07:9c]
RSSI: -66 [da:3f:11:fd:07:9c]
RSSI: -73 [da:3f:11:fd:07:9c]
RSSI: -89 [da:3c:78:15:09:5e]
RSSI: -86 [da:37:8b:11:04:3b]
RSSI: -77 [da:3f:12:0b:07:cc]
RSSI: -83 [da:37:8b:11:04:3b]
RSSI: -70 [da:3f:12:0b:07:cc]
RSSI: -88 [da:39:6f:26:08:da]
RSSI: -81 [da:37:8b:1f:04:5b]
RSSI: -88 [da:37:8b:1f:04:5b]
RSSI: -71 [da:3f:12:19:07:fc]
RSSI: -85 [da:37:8b:2d:04:8b]
RSSI: -70 [da:3f:12:19:07:fc]
RSSI: -91 [da:39:6f:33:08:fa]
RSSI: -82 [da:37:8b:2d:04:8b]
RSSI: -83 [da:3c:78:3c:09:be]
RSSI: -69 [da:3f:12:26:08:1c]
RSSI: -68 [da:3f:12:26:08:1c]
RSSI: -88 [da:37:8b:3a:04:ab]
RSSI: -83 [da:3c:78:3c:09:be]
RSSI: -67 [da:3f:12:26:08:1c]
RSSI: -92 [da:39:6f:42:09:2a]
RSSI: -67 [da:3f:12:34:08:4c]
RSSI: -66 [da:3f:12:42:08:7c]
RSSI: -66 [da:3f:12:42:08:7c]
RSSI: -89 [da:37:8b:55:05:0b]
RSSI: -87 [da:37:8b:55:05:0b]
RSSI: -80 [da:3c:78:62:0a:2e]
RSSI: -67 [da:3f:12:4f:08:9c]
RSSI: -92 [da:39:6f:6d:09:aa]
RSSI: -82 [da:3c:78:6e:0a:4e]
RSSI: -65 [da:3f:12:5d:08:cc]
RSSI: -65 [da:3f:12:5d:08:cc]
RSSI: -66 [da:3f:12:5d:08:cc]
RSSI: -83 [da:3c:78:7b:0a:7e]
RSSI: -67 [da:3f:12:6b:08:fc]
RSSI: -80 [da:3c:78:88:0a:9e]
RSSI: -94 [da:39:6f:88:09:fa]
RSSI: -84 [da:3c:78:88:0a:9e]
RSSI: -65 [da:3f:12:77:09:2c]
RSSI: -83 [da:3c:78:95:0a:be]
RSSI: -66 [da:3f:12:77:09:2c]
RSSI: -80 [da:3c:78:95:0a:be]
RSSI: -64 [da:3f:12:86:09:4c]
RSSI: -65 [da:3f:12:86:09:4c]
RSSI: -65 [da:3f:12:94:09:7c]
RSSI: -82 [da:3c:78:af:0b:0e]
RSSI: -64 [da:3f:12:94:09:7c]
RSSI: -83 [da:3c:78:af:0b:0e]
RSSI: -67 [da:3f:12:a0:09:ac]
RSSI: -83 [da:3c:78:bb:0b:2e]
RSSI: -92 [da:37:8b:b2:06:1b]
RSSI: -67 [da:3f:12:a0:09:ac]
RSSI: -83 [da:3c:78:bb:0b:2e]
RSSI: -82 [da:3c:78:c8:0b:4e]
RSSI: -68 [da:3f:12:af:09:dc]
RSSI: -83 [da:3c:78:c8:0b:4e]
RSSI: -81 [da:3c:78:d5:0b:7e]
RSSI: -62 [da:3f:12:bd:09:fc]
RSSI: -82 [da:3c:78:d5:0b:7e]
RSSI: -84 [da:3c:78:e1:0b:9e]
RSSI: -66 [da:3f:12:c9:0a:2c]
RSSI: -80 [da:3c:78:e1:0b:9e]
RSSI: -83 [da:3c:78:ee:0b:be]
RSSI: -63 [da:3f:12:d8:0a:5c]
RSSI: -85 [da:3c:78:ee:0b:be]
RSSI: -62 [da:3f:12:d8:0a:5c]
RSSI: -81 [da:3c:78:fb:0b:de]
RSSI: -59 [da:3f:12:e6:0a:8c]
RSSI: -84 [da:3c:78:fb:0b:de]
RSSI: -63 [da:3f:12:e6:0a:8c]
RSSI: -87 [da:3c:79:08:0c:0e]
RSSI: -61 [da:3f:12:f2:0a:ac]
RSSI: -87 [da:3c:79:08:0c:0e]
RSSI: -81 [da:3c:79:08:0c:0e]
RSSI: -60 [da:3f:12:f2:0a:ac]
RSSI: -65 [da:3f:13:01:0a:dc]
RSSI: -64 [da:3f:13:01:0a:dc]
RSSI: -83 [da:3c:79:22:0c:4e]
RSSI: -69 [da:3f:13:0f:0b:0c]
RSSI: -89 [da:3c:79:2e:0c:6e]
RSSI: -89 [da:3c:79:2e:0c:6e]
RSSI: -87 [da:3c:79:2e:0c:6e]
RSSI: -70 [da:3f:13:1b:0b:2c]
RSSI: -90 [da:3c:79:3b:0c:9e]
RSSI: -67 [da:3f:13:2a:0b:5c]
RSSI: -62 [da:3f:13:38:0b:8c]
RSSI: -59 [da:3f:13:38:0b:8c]
RSSI: -90 [da:3c:79:55:0c:de]
RSSI: -60 [da:3f:13:44:0b:bc]
RSSI: -56 [da:3f:13:44:0b:bc]
RSSI: -90 [da:3c:79:62:0d:0e]
RSSI: -54 [da:3f:13:53:0b:dc]
RSSI: -55 [da:3f:13:53:0b:dc]
RSSI: -53 [da:3f:13:61:0c:0c]
RSSI: -52 [da:3f:13:61:0c:0c]
RSSI: -52 [da:3f:13:6d:0c:3c]
RSSI: -89 [da:3c:79:88:0d:6e]
RSSI: -91 [da:3c:79:88:0d:6e]
RSSI: -90 [da:3c:79:95:0d:9e]
RSSI: -51 [da:3f:13:7c:0c:6c]
RSSI: -89 [da:3c:79:95:0d:9e]
RSSI: -50 [da:3f:13:8a:0c:8c]
RSSI: -50 [da:3f:13:97:0c:bc]
RSSI: -89 [da:3c:79:ae:0d:de]
RSSI: -49 [da:3f:13:97:0c:bc]
RSSI: -49 [da:3f:13:a5:0c:ec]
RSSI: -89 [da:3c:79:bb:0e:0e]
RSSI: -50 [da:3f:13:a5:0c:ec]
RSSI: -49 [da:3f:13:b3:0d:1c]
RSSI: -49 [da:3f:13:b3:0d:1c]
RSSI: -51 [da:3f:13:c0:0d:3c]
RSSI: -50 [da:3f:13:c0:0d:3c]
RSSI: -90 [da:39:70:df:0d:da]
RSSI: -51 [da:3f:13:ce:0d:6c]
RSSI: -50 [da:3f:13:dc:0d:9c]
RSSI: -51 [da:3f:13:e9:0d:bc]
RSSI: -52 [da:3f:13:f7:0d:ec]
RSSI: -52 [da:3f:13:f7:0d:ec]
RSSI: -53 [da:3f:14:05:0e:1c]
RSSI: -54 [da:3f:14:05:0e:1c]
RSSI: -54 [da:3f:14:12:0e:3c]
RSSI: -57 [da:3f:14:12:0e:3c]
RSSI: -58 [da:3f:14:20:0e:6c]
RSSI: -59 [da:3f:14:20:0e:6c]
RSSI: -63 [da:3f:14:2e:0e:9c]
RSSI: -69 [da:3f:14:49:0e:ec]
RSSI: -92 [da:37:8d:61:0b:2b]
RSSI: -70 [da:3f:14:58:0f:1c]
RSSI: -63 [da:3f:14:58:0f:1c]
RSSI: -58 [da:3f:14:64:0f:4c]
RSSI: -90 [da:37:8d:6e:0b:4b]
RSSI: -65 [da:3f:14:64:0f:4c]
RSSI: -91 [da:37:8d:7c:0b:7b]
RSSI: -61 [da:3f:14:73:0f:6c]
RSSI: -91 [da:37:8d:7c:0b:7b]
RSSI: -58 [da:3f:14:73:0f:6c]
RSSI: -64 [da:3f:14:81:0f:9c]
RSSI: -61 [da:3f:14:81:0f:9c]
RSSI: -64 [da:3f:14:8d:0f:cc]
RSSI: -63 [da:3f:14:9c:0f:ec]
RSSI: -91 [da:37:8d:bf:0c:4b]
RSSI: -73 [da:3f:14:b7:10:4c]
RSSI: -83 [da:3f:14:b7:10:4c]
RSSI: -63 [da:3f:14:c5:10:7c]
RSSI: -74 [da:3f:14:c5:10:7c]
RSSI: -73 [da:3f:14:d3:10:9c]
RSSI: -64 [da:3f:14:d3:10:9c]
RSSI: -71 [da:3f:14:e0:10:cc]
RSSI: -70 [da:3f:14:ee:10:fc]
RSSI: -94 [da:3c:7b:09:11:be]
RSSI: -72 [da:3f:14:fc:11:2c]
RSSI: -93 [da:37:8e:1e:0d:5b]
RSSI: -71 [da:3f:15:17:11:7c]
RSSI: -69 [da:3f:15:17:11:7c]
RSSI: -68 [da:3f:15:26:11:ac]
RSSI: -67 [da:3f:15:26:11:ac]
RSSI: -67 [da:3f:15:32:11:cc]
RSSI: -67 [da:3f:15:32:11:cc]
RSSI: -66 [da:3f:15:41:11:fc]
RSSI: -66 [da:3f:15:41:11:fc]
RSSI: -66 [da:3f:15:4f:12:2c]
RSSI: -67 [da:3f:15:5b:12:5c]
RSSI: -66 [da:3f:15:6a:12:8c]
RSSI: -72 [da:3f:15:78:12:ac]
RSSI: -64 [da:3f:15:78:12:ac]
RSSI: -69 [da:3f:15:85:12:dc]
RSSI: -63 [da:3f:15:93:13:0c]
RSSI: -61 [da:3f:15:93:13:0c]
RSSI: -65 [da:3f:15:a1:13:2c]
RSSI: -64 [da:3f:15:a1:13:2c]
RSSI: -89 [da:3c:7b:bd:13:be]
RSSI: -65 [da:3f:15:ae:13:5c]
RSSI: -91 [da:3c:7b:ca:13:de]
RSSI: -66 [da:3f:15:bc:13:8c]
RSSI: -66 [da:3f:15:bc:13:8c]
RSSI: -92 [da:3c:7b:d7:13:fe]
RSSI: -69 [da:3f:15:cb:13:bc]
RSSI: -91 [da:3c:7b:e4:14:1e]
RSSI: -68 [da:3f:15:d7:13:dc]
RSSI: -68 [da:3f:15:d7:13:dc]
RSSI: -67 [da:3f:15:e6:14:0c]
RSSI: -67 [da:3f:15:e6:14:0c]
RSSI: -67 [da:3f:15:f4:14:3c]
RSSI: -71 [da:3f:15:f4:14:3c]
RSSI: -68 [da:3f:16:01:14:5c]
RSSI: -67 [da:3f:16:01:14:5c]
RSSI: -69 [da:3f:16:0f:14:8c]
RSSI: -68 [da:3f:16:0f:14:8c]
RSSI: -71 [da:3f:16:1d:14:bc]
RSSI: -70 [da:3f:16:2a:14:dc]
RSSI: -70 [da:3f:16:2a:14:dc]
RSSI: -74 [da:3f:16:38:15:0c]
RSSI: -65 [da:3f:16:47:15:3c]
RSSI: -72 [da:3f:16:47:15:3c]
RSSI: -63 [da:3f:16:53:15:5c]
RSSI: -63 [da:3f:16:53:15:5c]
RSSI: -64 [da:3f:16:62:15:8c]
RSSI: -66 [da:3f:16:70:15:bc]
RSSI: -63 [da:3f:16:7d:15:dc]
RSSI: -66 [da:3f:16:7d:15:dc]
RSSI: -65 [da:3f:16:8b:16:0c]
RSSI: -65 [da:3f:16:8b:16:0c]
RSSI: -68 [da:3f:16:99:16:3c]
RSSI: -68 [da:3f:16:99:16:3c]
RSSI: -68 [da:3f:16:99:16:3c]
RSSI: -71 [da:3f:16:a6:16:5c]
RSSI: -67 [da:3f:16:b4:00:0c]
RSSI: -70 [da:3f:16:c3:00:2c]
RSSI: -81 [da:3f:16:cf:00:5c]
RSSI: -68 [da:3f:16:cf:00:5c]
RSSI: -76 [da:3f:16:de:00:8c]
RSSI: -66 [da:3f:16:ec:00:ac]
RSSI: -66 [da:3f:16:ec:00:ac]
RSSI: -73 [da:3f:16:f9:00:dc]
RSSI: -71 [da:3f:17:07:01:0c]
RSSI: -64 [da:3f:17:16:01:2c]
RSSI: -67 [da:3f:17:22:01:5c]
RSSI: -93 [da:37:90:3c:13:bb]
RSSI: -70 [da:3f:17:31:01:8c]
RSSI: -66 [da:3f:17:31:01:8c]
RSSI: -63 [da:3f:17:3f:01:bc]
RSSI: -70 [da:3f:17:3f:01:bc]
RSSI: -66 [da:3f:17:4c:01:dc]
RSSI: -63 [da:3f:17:4c:01:dc]
RSSI: -70 [da:3f:17:5a:02:0c]
RSSI: -66 [da:3f:17:5a:02:0c]
RSSI: -92 [da:3c:7d:74:02:2e]
RSSI: -71 [da:3f:17:68:02:3c]
RSSI: -92 [da:3c:7d:81:02:4e]
RSSI: -64 [da:3f:17:75:02:5c]
RSSI: -67 [da:3f:17:84:02:8c]
RSSI: -67 [da:3f:17:84:02:8c]
RSSI: -77 [da:3f:17:92:02:bc]
RSSI: -65 [da:3f:17:9f:02:ec]
RSSI: -82 [da:3f:17:9f:02:ec]
RSSI: -64 [da:3f:17:ad:03:1c]
RSSI: -88 [da:3f:17:bb:03:3c]
RSSI: -73 [da:3f:17:bb:03:3c]
RSSI: -83 [da:3f:17:c8:03:6c]
RSSI: -81 [da:3f:17:c8:03:6c]
RSSI: -62 [da:3f:17:d7:03:9c]
RSSI: -77 [da:3f:17:d7:03:9c]
RSSI: -74 [da:3f:17:f2:03:ec]
RSSI: -79 [da:3f:17:f2:03:ec]
RSSI: -73 [da:3f:18:00:04:1c]
RSSI: -93 [da:39:75:22:03:da]
RSSI: -72 [da:3f:18:0f:04:4c]
RSSI: -71 [da:3f:18:0f:04:4c]
RSSI: -73 [da:3f:18:0f:04:4c]
RSSI: -68 [da:3f:18:1b:04:6c]
RSSI: -71 [da:3f:18:2a:04:9c]
RSSI: -68 [da:3f:18:2a:04:9c]
RSSI: -72 [da:3f:18:38:04:cc]
RSSI: -71 [da:3f:18:38:04:cc]
RSSI: -90 [da:39:75:5d:04:8a]
RSSI: -69 [da:3f:18:45:04:ec]
RSSI: -70 [da:3f:18:45:04:ec]
RSSI: -73 [da:3f:18:53:05:1c]
RSSI: -71 [da:3f:18:53:05:1c]
RSSI: -77 [da:3f:18:62:05:4c]
RSSI: -90 [da:37:91:7c:00:fb]
RSSI: -75 [da:3f:18:7d:05:9c]
RSSI: -90 [da:39:75:94:05:2a]
RSSI: -85 [da:3f:18:8b:05:cc]
RSSI: -87 [da:39:75:a4:05:4a]
RSSI: -80 [da:3f:18:8b:05:cc]
RSSI: -88 [da:39:75:a4:05:4a]
RSSI: -94 [da:37:91:a5:01:6b]
RSSI: -68 [da:3f:18:98:05:fc]
RSSI: -82 [da:3f:18:98:05:fc]
RSSI: -79 [da:3f:18:a6:06:2c]
RSSI: -84 [da:39:75:c0:05:9a]
RSSI: -82 [da:3f:18:a6:06:2c]
RSSI: -78 [da:3f:18:b5:06:5c]
RSSI: -84 [da:3f:18:b5:06:5c]
RSSI: -85 [da:39:75:cf:05:ca]
RSSI: -82 [da:39:75:cf:05:ca]
RSSI: -88 [da:37:91:ce:01:eb]
RSSI: -85 [da:39:75:de:05:fa]
RSSI: -72 [da:3f:18:c1:06:7c]
RSSI: -83 [da:39:75:de:05:fa]
RSSI: -74 [da:3f:18:d0:06:ac]
RSSI: -89 [da:37:91:dc:02:1b]
RSSI: -71 [da:3f:18:d0:06:ac]
RSSI: -87 [da:37:91:e9:02:3b]
RSSI: -69 [da:3f:18:de:06:dc]
RSSI: -81 [da:39:75:fb:06:4a]
RSSI: -71 [da:3f:18:eb:06:fc]
RSSI: -84 [da:37:91:f7:02:6b]
RSSI: -81 [da:39:75:fb:06:4a]
RSSI: -70 [da:3f:18:eb:06:fc]
RSSI: -85 [da:37:91:f7:02:6b]
RSSI: -81 [da:39:76:0a:06:6a]
RSSI: -71 [da:3f:18:eb:06:fc]
RSSI: -77 [da:39:76:0a:06:6a]
RSSI: -84 [da:37:92:05:02:8b]
RSSI: -77 [da:3f:18:fa:07:2c]
RSSI: -81 [da:39:76:16:06:9a]
RSSI: -84 [da:37:92:12:02:bb]
RSSI: -82 [da:39:76:16:06:9a]
RSSI: -74 [da:3f:19:08:07:5c]
RSSI: -68 [da:3f:19:08:07:5c]
RSSI: -92 [da:3c:7f:21:06:ee]
RSSI: -83 [da:37:92:20:02:db]
RSSI: -80 [da:39:76:26:06:ba]
RSSI: -84 [da:37:92:20:02:db]
RSSI: -73 [da:3f:19:15:07:8c]
RSSI: -81 [da:39:76:26:06:ba]
RSSI: -79 [da:39:76:35:06:ea]
RSSI: -82 [da:37:92:2e:03:0b]
RSSI: -80 [da:39:76:35:06:ea]
RSSI: -77 [da:3f:19:23:07:bc]
RSSI: -81 [da:37:92:2e:03:0b]
RSSI: -79 [da:3f:19:23:07:bc]
RSSI: -80 [da:39:76:42:07:0a]
RSSI: -82 [da:37:92:3b:03:2b]
RSSI: -70 [da:3f:19:32:07:dc]
RSSI: -77 [da:39:76:42:07:0a]
RSSI: -81 [da:37:92:3b:03:2b]
RSSI: -80 [da:3f:19:32:07:dc]
RSSI: -81 [da:37:92:49:03:5b]
RSSI: -81 [da:39:76:51:07:3a]
RSSI: -79 [da:3f:19:3e:08:0c]
RSSI: -81 [da:37:92:49:03:5b]
RSSI: -75 [da:3f:19:3e:08:0c]
RSSI: -81 [da:37:92:57:03:8b]
RSSI: -83 [da:39:76:61:07:6a]
RSSI: -70 [da:3f:19:4d:08:3c]
RSSI: -82 [da:39:76:6d:07:8a]
RSSI: -81 [da:37:92:64:03:ab]
RSSI: -70 [da:3f:19:5b:08:6c]
RSSI: -83 [da:39:76:6d:07:8a]
RSSI: -80 [da:37:92:72:03:db]
RSSI: -81 [da:37:92:72:03:db]
RSSI: -80 [da:37:92:72:03:db]
RSSI: -64 [da:3f:19:68:08:8c]
RSSI: -84 [da:39:76:7d:07:ba]
RSSI: -81 [da:37:92:80:03:fb]
RSSI: -85 [da:39:76:8c:07:ea]
RSSI: -80 [da:37:92:80:03:fb]
RSSI: -83 [da:39:76:8c:07:ea]
RSSI: -67 [da:3f:19:76:08:bc]
RSSI: -79 [da:37:92:8c:04:2b]
RSSI: -86 [da:39:76:99:08:0a]
RSSI: -71 [da:3f:19:85:08:ec]
RSSI: -86 [da:39:76:99:08:0a]
RSSI: -68 [da:3f:19:85:08:ec]
RSSI: -81 [da:37:92:9b:04:4b]
RSSI: -68 [da:3f:19:92:09:0c]
RSSI: -89 [da:3c:7f:b0:08:8e]
RSSI: -84 [da:37:92:a9:04:7b]
RSSI: -68 [da:3f:19:92:09:0c]
RSSI: -65 [da:3f:19:a0:09:3c]
RSSI: -84 [da:39:76:b7:08:6a]
RSSI: -65 [da:3f:19:a0:09:3c]
RSSI: -93 [da:3c:7f:bd:08:ae]
RSSI: -64 [da:3f:19:af:09:6c]
RSSI: -84 [da:37:92:c4:04:cb]
RSSI: -66 [da:3f:19:bb:09:9c]
RSSI: -66 [da:3f:19:bb:09:9c]
RSSI: -61 [da:3f:19:ca:09:cc]
RSSI: -66 [da:3f:19:ca:09:cc]
RSSI: -84 [da:37:92:de:05:1b]
RSSI: -90 [da:37:92:de:05:1b]
RSSI: -63 [da:3f:19:d8:09:fc]
RSSI: -65 [da:3f:19:e5:0a:1c]
RSSI: -62 [da:3f:19:e5:0a:1c]
RSSI: -88 [da:37:92:fb:05:6b]
RSSI: -85 [da:3c:7f:fe:09:5e]
RSSI: -63 [da:3f:19:f4:0a:4c]
RSSI: -90 [da:37:93:07:05:9b]
RSSI: -59 [da:3f:1a:02:0a:7c]
RSSI: -81 [da:3c:80:25:09:ce]
RSSI: -61 [da:3f:1a:0f:0a:9c]
RSSI: -81 [da:3c:80:25:09:ce]
RSSI: -65 [da:3f:1a:1d:0a:cc]
RSSI: -63 [da:3f:1a:1d:0a:cc]
RSSI: -61 [da:3f:1a:2c:0a:fc]
RSSI: -64 [da:3f:1a:2c:0a:fc]
RSSI: -90 [da:37:93:3f:06:3b]
RSSI: -78 [da:3c:80:4c:0a:3e]
RSSI: -89 [da:37:93:4d:06:5b]
RSSI: -60 [da:3f:1a:38:0b:2c]
RSSI: -78 [da:3c:80:59:0a:6e]
RSSI: -62 [da:3f:1a:47:0b:4c]
RSSI: -77 [da:3c:80:59:0a:6e]
RSSI: -60 [da:3f:1a:47:0b:4c]
RSSI: -77 [da:3c:80:67:0a:8e]
RSSI: -61 [da:3f:1a:56:0b:7c]
RSSI: -54 [da:3f:1a:62:0b:ac]
RSSI: -76 [da:3c:80:81:0a:de]
RSSI: -59 [da:3f:1a:71:0b:dc]
RSSI: -77 [da:3c:80:8e:0a:fe]
RSSI: -54 [da:3f:1a:71:0b:dc]
RSSI: -89 [da:37:93:83:07:0b]
RSSI: -90 [da:39:77:91:0a:da]
RSSI: -77 [da:3c:80:8e:0a:fe]
RSSI: -65 [da:3f:1a:7f:0c:0c]
RSSI: -61 [da:3f:1a:7f:0c:0c]
RSSI: -76 [da:3c:80:9a:0b:2e]
RSSI: -74 [da:3f:1a:8c:0c:2c]
RSSI: -76 [da:3c:80:a8:0b:4e]
RSSI: -76 [da:3f:1a:8c:0c:2c]
RSSI: -92 [da:37:93:9f:07:5b]
RSSI: -76 [da:3c:80:a8:0b:4e]
RSSI: -76 [da:3c:80:b5:0b:6e]
RSSI: -76 [da:3c:80:b5:0b:6e]
RSSI: -90 [da:37:93:ac:07:7b]
RSSI: -65 [da:3f:1a:a9:0c:8c]
RSSI: -64 [da:3f:1a:a9:0c:8c]
RSSI: -77 [da:3c:80:c2:0b:8e]
RSSI: -62 [da:3f:1a:a9:0c:8c]
RSSI: -76 [da:3c:80:c2:0b:8e]
RSSI: -76 [da:3c:80:cf:0b:be]
RSSI: -76 [da:3c:80:cf:0b:be]
RSSI: -77 [da:3c:80:cf:0b:be]
RSSI: -76 [da:3c:80:dc:0b:de]
RSSI: -78 [da:3c:80:dc:0b:de]
RSSI: -53 [da:3f:1a:d3:0d:0c]
RSSI: -77 [da:3c:80:e9:0b:fe]
RSSI: -53 [da:3f:1a:d3:0d:0c]
RSSI: -78 [da:3c:80:e9:0b:fe]
RSSI: -80 [da:3c:80:f6:0c:2e]
RSSI: -53 [da:3f:1a:df:0d:3c]
RSSI: -79 [da:3c:80:f6:0c:2e]
RSSI: -52 [da:3f:1a:df:0d:3c]
RSSI: -81 [da:3c:81:03:0c:4e]
RSSI: -82 [da:3c:81:03:0c:4e]
RSSI: -82 [da:3c:81:10:0c:6e]
RSSI: -50 [da:3f:1a:fd:0d:9c]
RSSI: -84 [da:3c:81:10:0c:6e]
RSSI: -83 [da:3c:81:1d:0c:9e]
RSSI: -86 [da:3c:81:1d:0c:9e]
RSSI: -49 [da:3f:1b:09:0d:bc]
RSSI: -86 [da:3c:81:2b:0c:be]
RSSI: -49 [da:3f:1b:18:0d:ec]
RSSI: -49 [da:3f:1b:18:0d:ec]
RSSI: -49 [da:3f:1b:26:0e:1c]
RSSI: -50 [da:3f:1b:26:0e:1c]
RSSI: -50 [da:3f:1b:33:0e:4c]
RSSI: -50 [da:3f:1b:33:0e:4c]
RSSI: -49 [da:3f:1b:42:0e:6c]
RSSI: -51 [da:3f:1b:50:0e:9c]
RSSI: -51 [da:3f:1b:50:0e:9c]
RSSI: -94 [da:37:94:6d:09:bb]
RSSI: -52 [da:3f:1b:5d:0e:cc]
RSSI: -51 [da:3f:1b:6c:0e:fc]
RSSI: -52 [da:3f:1b:6c:0e:fc]
RSSI: -52 [da:3f:1b:7a:0f:2c]
RSSI: -90 [da:3c:81:93:0d:ee]
RSSI: -54 [da:3f:1b:87:0f:4c]
RSSI: -56 [da:3f:1b:95:0f:7c]
RSSI: -56 [da:3f:1b:a4:0f:ac]
RSSI: -92 [da:37:94:b1:0a:8b]
RSSI: -60 [da:3f:1b:b1:0f:dc]
RSSI: -61 [da:3f:1b:b1:0f:dc]
RSSI: -64 [da:3f:1b:bf:10:0c]
RSSI: -71 [da:3f:1b:ce:10:3c]
RSSI: -69 [da:3f:1b:ce:10:3c]
RSSI: -92 [da:39:78:f3:0e:ca]
RSSI: -70 [da:3f:1b:db:10:5c]
RSSI: -92 [da:39:78:f3:0e:ca]
RSSI: -65 [da:3f:1b:e9:10:8c]
RSSI: -63 [da:3f:1b:e9:10:8c]
RSSI: -64 [da:3f:1b:f8:10:bc]
RSSI: -64 [da:3f:1b:f8:10:bc]
RSSI: -61 [da:3f:1b:f8:10:bc]
RSSI: -59 [da:3f:1c:04:10:dc]
RSSI: -63 [da:3f:1c:04:10:dc]
RSSI: -92 [da:37:95:1e:0b:db]
RSSI: -61 [da:3f:1c:13:11:0c]
RSSI: -90 [da:37:95:1e:0b:db]
RSSI: -64 [da:3f:1c:22:11:3c]
RSSI: -91 [da:37:95:3b:0c:2b]
RSSI: -70 [da:3f:1c:2e:11:6c]
RSSI: -67 [da:3f:1c:3d:11:8c]
RSSI: -95 [da:3c:82:52:10:0e]
RSSI: -93 [da:37:95:47:0c:5b]
RSSI: -68 [da:3f:1c:3d:11:8c]
RSSI: -75 [da:3f:1c:3d:11:8c]
RSSI: -95 [da:39:79:57:0f:ea]
RSSI: -70 [da:3f:1c:4c:11:bc]
RSSI: -68 [da:3f:1c:4c:11:bc]
RSSI: -69 [da:3f:1c:58:11:ec]
RSSI: -67 [da:3f:1c:58:11:ec]
RSSI: -67 [da:3f:1c:58:11:ec]
RSSI: -66 [da:3f:1c:67:12:0c]
RSSI: -66 [da:3f:1c:76:12:3c]
RSSI: -64 [da:3f:1c:76:12:3c]
RSSI: -67 [da:3f:1c:82:12:6c]
RSSI: -66 [da:3f:1c:82:12:6c]
RSSI: -70 [da:3f:1c:91:12:8c]
RSSI: -92 [da:37:95:a8:0d:7b]
RSSI: -67 [da:3f:1c:a0:12:bc]
RSSI: -65 [da:3f:1c:a0:12:bc]
RSSI: -70 [da:3f:1c:ac:12:ec]
RSSI: -65 [da:3f:1c:ac:12:ec]
RSSI: -70 [da:3f:1c:bb:13:1c]
RSSI: -70 [da:3f:1c:bb:13:1c]
RSSI: -66 [da:3f:1c:ca:13:4c]
RSSI: -70 [da:3f:1c:d6:13:6c]
RSSI: -70 [da:3f:1c:d6:13:6c]
RSSI: -72 [da:3f:1c:e5:13:9c]
RSSI: -72 [da:3f:1c:e5:13:9c]
RSSI: -68 [da:3f:1c:f4:13:cc]
RSSI: -74 [da:3f:1c:f4:13:cc]
RSSI: -65 [da:3f:1d:00:13:ec]
RSSI: -67 [da:3f:1d:0f:14:1c]
RSSI: -70 [da:3f:1d:1e:14:4c]
RSSI: -67 [da:3f:1d:1e:14:4c]
RSSI: -66 [da:3f:1d:2a:14:7c]
RSSI: -69 [da:3f:1d:2a:14:7c]
RSSI: -68 [da:3f:1d:39:14:ac]
RSSI: -69 [da:3f:1d:39:14:ac]
RSSI: -71 [da:3f:1d:48:14:dc]
RSSI: -72 [da:3f:1d:48:14:dc]
RSSI: -68 [da:3f:1d:63:15:2c]
RSSI: -74 [da:3f:1d:63:15:2c]
RSSI: -69 [da:3f:1d:72:15:5c]
RSSI: -71 [da:3f:1d:7e:15:7c]
RSSI: -70 [da:3f:1d:7e:15:7c]
RSSI: -72 [da:3f:1d:8d:15:ac]
RSSI: -74 [da:3f:1d:9c:15:dc]
RSSI: -72 [da:3f:1d:a8:15:fc]
RSSI: -73 [da:3f:1d:b7:16:2c]
RSSI: -73 [da:3f:1d:b7:16:2c]
RSSI: -72 [da:3f:1d:b7:16:2c]
RSSI: -69 [da:3f:1d:c6:16:5c]
RSSI: -74 [da:3f:1d:c6:16:5c]
RSSI: -69 [da:3f:1d:d3:00:0c]
RSSI: -65 [da:3f:1d:d3:00:0c]
RSSI: -90 [da:37:96:e4:11:2b]
RSSI: -66 [da:3f:1d:e1:00:2c]
RSSI: -89 [da:37:97:01:11:7b]
RSSI: -69 [da:3f:1d:f0:00:5c]
RSSI: -89 [da:37:97:01:11:7b]
RSSI: -63 [da:3f:1d:fd:00:8c]
RSSI: -69 [da:3f:1d:fd:00:8c]
RSSI: -65 [da:3f:1e:0b:00:bc]
RSSI: -65 [da:3f:1e:0b:00:bc]
RSSI: -71 [da:3f:1e:1a:00:ec]
RSSI: -67 [da:3f:1e:1a:00:ec]
RSSI: -91 [da:37:97:37:12:2b]
RSSI: -79 [da:3f:1e:3b:01:4c]
RSSI: -92 [da:37:97:46:12:4b]
RSSI: -69 [da:3f:1e:4b:01:7c]
RSSI: -69 [da:3f:1e:4b:01:7c]
RSSI: -75 [da:3f:1e:58:01:ac]
RSSI: -69 [da:3f:1e:58:01:ac]
RSSI: -86 [da:3f:1e:66:01:dc]
RSSI: -73 [da:3f:1e:66:01:dc]
RSSI: -91 [da:37:97:7e:12:fb]
RSSI: -82 [da:3f:1e:75:02:0c]
RSSI: -69 [da:3f:1e:82:02:2c]
RSSI: -72 [da:3f:1e:91:02:5c]
RSSI: -69 [da:3f:1e:91:02:5c]
RSSI: -91 [da:39:7b:af:00:7a]
RSSI: -77 [da:3f:1e:9f:02:8c]
RSSI: -70 [da:3f:1e:9f:02:8c]
RSSI: -74 [da:3f:1e:ac:02:ac]
RSSI: -69 [da:3f:1e:bb:02:dc]
RSSI: -68 [da:3f:1e:ca:03:0c]
RSSI: -73 [da:3f:1e:d6:03:3c]
RSSI: -68 [da:3f:1e:d6:03:3c]
RSSI: -70 [da:3f:1e:e5:03:5c]
RSSI: -72 [da:3f:1e:e5:03:5c]
RSSI: -72 [da:3f:1e:e5:03:5c]
RSSI: -68 [da:3f:1e:f4:03:8c]
RSSI: -70 [da:3f:1e:f4:03:8c]
RSSI: -67 [da:3f:1f:00:03:bc]
RSSI: -67 [da:3f:1f:00:03:bc]
RSSI: -72 [da:3f:1f:0f:03:ec]
RSSI: -68 [da:3f:1f:0f:03:ec]
RSSI: -73 [da:3f:1f:1e:04:1c]
RSSI: -73 [da:3f:1f:1e:04:1c]
RSSI: -69 [da:3f:1f:2b:04:3c]
RSSI: -73 [da:3f:1f:2b:04:3c]
RSSI: -75 [da:3f:1f:3a:04:6c]
RSSI: -71 [da:3f:1f:3a:04:6c]
RSSI: -77 [da:3f:1f:48:04:9c]
RSSI: -93 [da:37:98:5a:15:8b]
RSSI: -71 [da:3f:1f:55:04:bc]
RSSI: -76 [da:3f:1f:64:04:ec]
RSSI: -96 [da:39:7c:8b:02:ea]
RSSI: -93 [da:37:98:83:15:fb]
RSSI: -84 [da:3f:1f:73:05:1c]
RSSI: -79 [da:3f:1f:7f:05:4c]
RSSI: -90 [da:37:98:a0:16:5b]
RSSI: -92 [da:39:7c:a7:03:3a]
RSSI: -73 [da:3f:1f:9d:05:ac]
RSSI: -92 [da:39:7c:b7:03:6a]
RSSI: -91 [da:37:98:ad:16:7b]
RSSI: -72 [da:3f:1f:a9:05:cc]
RSSI: -69 [da:3f:1f:a9:05:cc]
RSSI: -71 [da:3f:1f:b8:05:fc]
RSSI: -70 [da:3f:1f:b8:05:fc]
RSSI: -67 [da:3f:1f:c7:06:2c]
RSSI: -75 [da:3f:1f:c7:06:2c]
RSSI: -68 [da:3f:1f:d4:06:4c]
RSSI: -68 [da:3f:1f:d4:06:4c]
RSSI: -74 [da:3f:1f:e3:06:7c]
RSSI: -72 [da:3f:1f:e3:06:7c]
RSSI: -90 [da:37:98:f3:00:db]
RSSI: -72 [da:3f:1f:f1:06:ac]
RSSI: -91 [da:39:7d:0f:04:6a]
RSSI: -79 [da:3f:1f:fe:06:dc]
RSSI: -89 [da:37:99:0f:01:2b]
RSSI: -73 [da:3f:1f:fe:06:dc]
RSSI: -75 [da:3f:20:1c:07:3c]
RSSI: -88 [da:37:99:2a:01:7b]
RSSI: -72 [da:3f:20:28:07:5c]
RSSI: -86 [da:37:99:38:01:9b]
RSSI: -71 [da:3f:20:28:07:5c]
RSSI: -91 [da:39:7d:48:05:0a]
RSSI: -70 [da:3f:20:37:07:8c]
RSSI: -85 [da:37:99:47:01:cb]
RSSI: -85 [da:37:99:47:01:cb]
RSSI: -67 [da:3f:20:37:07:8c]
RSSI: -73 [da:3f:20:46:07:bc]
RSSI: -84 [da:37:99:53:01:eb]
RSSI: -72 [da:3f:20:46:07:bc]
RSSI: -86 [da:39:7d:67:05:6a]
RSSI: -78 [da:3f:20:53:07:ec]
RSSI: -83 [da:37:99:62:02:1b]
RSSI: -73 [da:3f:20:62:08:1c]
RSSI: -85 [da:39:7d:84:05:ba]
RSSI: -72 [da:3f:20:71:08:4c]
RSSI: -84 [da:39:7d:84:05:ba]
RSSI: -83 [da:39:7d:93:05:ea]
RSSI: -79 [da:3f:20:8c:08:9c]
RSSI: -77 [da:37:99:9a:02:bb]
RSSI: -77 [da:37:99:a7:02:eb]
RSSI: -71 [da:3f:20:9b:08:cc]
RSSI: -79 [da:39:7d:b0:06:3a]
RSSI: -76 [da:37:99:a7:02:eb]
RSSI: -79 [da:39:7d:b0:06:3a]
RSSI: -82 [da:39:7d:bf:06:5a]
RSSI: -77 [da:37:99:b5:03:1b]
RSSI: -76 [da:37:99:b5:03:1b]
RSSI: -75 [da:3f:20:a8:08:fc]
RSSI: -81 [da:39:7d:bf:06:5a]
RSSI: -82 [da:39:7d:cc:06:8a]
RSSI: -76 [da:37:99:c4:03:3b]
RSSI: -82 [da:39:7d:cc:06:8a]
RSSI: -73 [da:3f:20:b6:09:1c]
RSSI: -75 [da:37:99:d0:03:6b]
RSSI: -74 [da:3f:20:c5:09:4c]
RSSI: -76 [da:37:99:d0:03:6b]
RSSI: -81 [da:39:7d:dc:06:ba]
RSSI: -77 [da:3f:20:c5:09:4c]
RSSI: -81 [da:39:7d:dc:06:ba]
RSSI: -76 [da:37:99:df:03:8b]
RSSI: -76 [da:37:99:df:03:8b]
RSSI: -76 [da:37:99:ee:03:bb]
RSSI: -74 [da:3f:20:e1:09:ac]
RSSI: -80 [da:39:7d:f8:07:0a]
RSSI: -76 [da:37:99:ee:03:bb]
RSSI: -76 [da:37:99:fa:03:db]
RSSI: -77 [da:3f:20:f0:09:dc]
RSSI: -79 [da:39:7e:08:07:3a]
RSSI: -71 [da:3f:20:fc:09:fc]
RSSI: -75 [da:37:9a:09:04:0b]
RSSI: -77 [da:39:7e:17:07:5a]
RSSI: -74 [da:3f:20:fc:09:fc]
RSSI: -79 [da:39:7e:17:07:5a]
RSSI: -77 [da:3f:21:0b:0a:2c]
RSSI: -72 [da:3f:21:1a:0a:5c]
RSSI: -76 [da:37:9a:24:04:5b]
RSSI: -71 [da:3f:21:1a:0a:5c]
RSSI: -78 [da:39:7e:34:07:ba]
RSSI: -79 [da:37:9a:33:04:8b]
RSSI: -80 [da:39:7e:44:07:da]
RSSI: -78 [da:37:9a:41:04:bb]
RSSI: -75 [da:3f:21:36:0a:bc]
RSSI: -70 [da:3f:21:36:0a:bc]
RSSI: -90 [da:3c:87:54:07:ce]
RSSI: -80 [da:37:9a:4e:04:db]
RSSI: -70 [da:3f:21:45:0a:ec]
RSSI: -83 [da:39:7e:60:08:2a]
RSSI: -90 [da:3c:87:62:07:ee]
RSSI: -68 [da:3f:21:51:0b:0c]
RSSI: -83 [da:37:9a:5c:05:0b]
RSSI: -87 [da:39:7e:70:08:5a]
RSSI: -67 [da:3f:21:51:0b:0c]
RSSI: -87 [da:39:7e:70:08:5a]
RSSI: -81 [da:37:9a:6b:05:2b]
RSSI: -86 [da:3c:87:7c:08:3e]
RSSI: -67 [da:3f:21:60:0b:3c]
RSSI: -85 [da:39:7e:7c:08:7a]
RSSI: -84 [da:39:7e:7c:08:7a]
RSSI: -84 [da:37:9a:77:05:5b]
RSSI: -70 [da:3f:21:6f:0b:6c]
RSSI: -87 [da:37:9a:86:05:8b]
RSSI: -87 [da:39:7e:8c:08:aa]
RSSI: -65 [da:3f:21:7c:0b:9c]
RSSI: -90 [da:37:9a:95:05:ab]
RSSI: -89 [da:39:7e:9c:08:da]
RSSI: -68 [da:3f:21:8b:0b:cc]
RSSI: -66 [da:3f:21:8b:0b:cc]
RSSI: -67 [da:3f:21:9a:0b:fc]
RSSI: -71 [da:3f:21:9a:0b:fc]
RSSI: -68 [da:3f:21:a6:0c:1c]
RSSI: -69 [da:3f:21:b5:0c:4c]
RSSI: -88 [da:39:7e:d5:09:7a]
RSSI: -65 [da:3f:21:c4:0c:7c]
RSSI: -88 [da:39:7e:d5:09:7a]
RSSI: -65 [da:3f:21:c4:0c:7c]
RSSI: -87 [da:37:9a:da:06:7b]
RSSI: -66 [da:3f:21:d1:0c:ac]
RSSI: -63 [da:3f:21:d1:0c:ac]
RSSI: -88 [da:37:9a:e8:06:ab]
RSSI: -65 [da:3f:21:e0:0c:dc]
RSSI: -65 [da:3f:21:e0:0c:dc]
RSSI: -82 [da:3c:88:01:09:be]
RSSI: -63 [da:3f:21:ef:0d:0c]
RSSI: -92 [da:39:7f:01:09:fa]
RSSI: -86 [da:3c:88:01:09:be]
RSSI: -63 [da:3f:21:ef:0d:0c]
RSSI: -66 [da:3f:21:fb:0d:2c]
RSSI: -80 [da:3c:88:0e:09:de]
RSSI: -92 [da:39:7f:11:0a:2a]
RSSI: -67 [da:3f:21:fb:0d:2c]
RSSI: -82 [da:3c:88:1c:09:fe]
RSSI: -71 [da:3f:22:0a:0d:5c]
RSSI: -76 [da:3f:22:0a:0d:5c]
RSSI: -92 [da:37:9b:1f:07:4b]
RSSI: -80 [da:3c:88:29:0a:2e]
RSSI: -79 [da:3f:22:19:0d:8c]
RSSI: -84 [da:3c:88:29:0a:2e]
RSSI: -82 [da:3c:88:36:0a:4e]
RSSI: -71 [da:3f:22:26:0d:ac]
RSSI: -79 [da:3c:88:36:0a:4e]
RSSI: -68 [da:3f:22:26:0d:ac]
RSSI: -81 [da:3c:88:44:0a:6e]
RSSI: -80 [da:3c:88:44:0a:6e]
RSSI: -63 [da:3f:22:35:0d:dc]
RSSI: -78 [da:3c:88:51:0a:9e]
RSSI: -62 [da:3f:22:35:0d:dc]
RSSI: -80 [da:3c:88:51:0a:9e]
RSSI: -91 [da:37:9b:48:07:cb]
RSSI: -89 [da:39:7f:59:0a:fa]
RSSI: -62 [da:3f:22:44:0e:0c]
RSSI: -78 [da:3c:88:5e:0a:be]
RSSI: -59 [da:3f:22:50:0e:3c]
RSSI: -80 [da:3c:88:6c:0a:de]
RSSI: -56 [da:3f:22:5f:0e:6c]
RSSI: -82 [da:3c:88:79:0b:0e]
RSSI: -92 [da:37:9b:72:08:4b]
RSSI: -56 [da:3f:22:5f:0e:6c]
RSSI: -81 [da:3c:88:79:0b:0e]
RSSI: -91 [da:37:9b:81:08:7b]
RSSI: -81 [da:3c:88:86:0b:2e]
RSSI: -80 [da:3c:88:86:0b:2e]
RSSI: -82 [da:3c:88:94:0b:4e]
RSSI: -51 [da:3f:22:7b:0e:bc]
RSSI: -82 [da:3c:88:94:0b:4e]
RSSI: -83 [da:3c:88:94:0b:4e]
RSSI: -51 [da:3f:22:8a:0e:ec]
RSSI: -80 [da:3c:88:a1:0b:7e]
RSSI: -50 [da:3f:22:8a:0e:ec]
RSSI: -82 [da:3c:88:bc:0b:be]
RSSI: -50 [da:3f:22:a5:0f:4c]
RSSI: -88 [da:3c:88:bc:0b:be]
RSSI: -82 [da:3c:88:c9:0b:ee]
RSSI: -48 [da:3f:22:b4:0f:7c]
RSSI: -48 [da:3f:22:c3:0f:ac]
RSSI: -96 [da:39:7f:ee:0c:aa]
RSSI: -48 [da:3f:22:d0:0f:cc]
RSSI: -50 [da:3f:22:ee:10:2c]
RSSI: -51 [da:3f:22:ee:10:2c]
RSSI: -53 [da:3f:22:fb:10:5c]
RSSI: -55 [da:3f:23:0a:10:8c]
RSSI: -57 [da:3f:23:0a:10:8c]
RSSI: -62 [da:3f:23:19:10:bc]
RSSI: -59 [da:3f:23:19:10:bc]
RSSI: -63 [da:3f:23:25:10:dc]
RSSI: -68 [da:3f:23:25:10:dc]
RSSI: -67 [da:3f:23:34:11:0c]
RSSI: -91 [da:39:80:56:0d:da]
RSSI: -68 [da:3f:23:43:11:3c]
RSSI: -57 [da:3f:23:50:11:5c]
RSSI: -66 [da:3f:23:50:11:5c]
RSSI: -61 [da:3f:23:5f:11:8c]
RSSI: -57 [da:3f:23:5f:11:8c]
RSSI: -90 [da:37:9c:6e:0b:3b]
RSSI: -65 [da:3f:23:6e:11:bc]
RSSI: -91 [da:37:9c:7c:0b:6b]
RSSI: -67 [da:3f:23:7b:11:ec]
RSSI: -91 [da:39:80:9f:0e:aa]
RSSI: -64 [da:3f:23:8a:12:1c]
RSSI: -91 [da:37:9c:98:0b:bb]
RSSI: -71 [da:3f:23:8a:12:1c]
RSSI: -75 [da:3f:23:99:12:4c]
RSSI: -89 [da:37:9c:a6:0b:eb]
RSSI: -78 [da:3f:23:99:12:4c]
RSSI: -76 [da:3f:23:a5:12:6c]
RSSI: -77 [da:3f:23:b4:12:9c]
RSSI: -64 [da:3f:23:c3:12:cc]
RSSI: -89 [da:3c:89:e2:0f:0e]
RSSI: -81 [da:3f:23:d0:12:fc]
RSSI: -68 [da:3f:23:d0:12:fc]
RSSI: -77 [da:3f:23:df:13:2c]
RSSI: -78 [da:3f:23:df:13:2c]
RSSI: -74 [da:3f:23:ee:13:5c]
RSSI: -93 [da:37:9d:09:0d:0b]
RSSI: -85 [da:3f:23:fb:13:7c]
RSSI: -78 [da:3f:24:0a:13:ac]
RSSI: -78 [da:3f:24:0a:13:ac]
RSSI: -80 [da:3f:24:19:13:dc]
RSSI: -75 [da:3f:24:19:13:dc]
RSSI: -76 [da:3f:24:25:13:fc]
RSSI: -73 [da:3f:24:34:14:2c]
RSSI: -74 [da:3f:24:43:14:5c]
RSSI: -76 [da:3f:24:50:14:8c]
RSSI: -79 [da:3f:24:50:14:8c]
RSSI: -83 [da:3f:24:5f:14:bc]
RSSI: -78 [da:3f:24:6e:14:ec]
RSSI: -69 [da:3f:24:6e:14:ec]
RSSI: -70 [da:3f:24:7b:15:0c]
RSSI: -73 [da:3f:24:8a:15:3c]
RSSI: -68 [da:3f:24:8a:15:3c]
RSSI: -69 [da:3f:24:99:15:6c]
RSSI: -73 [da:3f:24:99:15:6c]
RSSI: -73 [da:3f:24:a6:15:8c]
RSSI: -75 [da:3f:24:a6:15:8c]
RSSI: -74 [da:3f:24:a6:15:8c]
RSSI: -80 [da:3f:24:b5:15:bc]
RSSI: -87 [da:3f:24:c4:15:ec]
RSSI: -84 [da:3f:24:c4:15:ec]
RSSI: -72 [da:3f:24:c4:15:ec]
RSSI: -68 [da:3f:24:d0:16:1c]
RSSI: -75 [da:3f:24:d0:16:1c]
RSSI: -74 [da:3f:24:e0:16:4c]
RSSI: -76 [da:3f:24:e0:16:4c]
RSSI: -74 [da:3f:24:ef:16:7c]
RSSI: -79 [da:3f:24:ef:16:7c]
RSSI: -74 [da:3f:24:fb:00:0c]
RSSI: -94 [da:3c:8b:16:12:6e]
RSSI: -74 [da:3f:24:fb:00:0c]
RSSI: -74 [da:3f:25:0a:00:3c]
RSSI: -72 [da:3f:25:0a:00:3c]
RSSI: -72 [da:3f:25:19:00:5c]
RSSI: -79 [da:3f:25:19:00:5c]
RSSI: -91 [da:3c:8b:30:12:be]
RSSI: -75 [da:3f:25:26:00:8c]
RSSI: -90 [da:3c:8b:3e:12:ee]
RSSI: -77 [da:3f:25:26:00:8c]
RSSI: -82 [da:3f:25:35:00:bc]
RSSI: -90 [da:3c:8b:4c:13:0e]
RSSI: -73 [da:3f:25:35:00:bc]
RSSI: -68 [da:3f:25:44:00:ec]
RSSI: -68 [da:3f:25:51:01:0c]
RSSI: -68 [da:3f:25:51:01:0c]
RSSI: -69 [da:3f:25:60:01:3c]
RSSI: -67 [da:3f:25:60:01:3c]
RSSI: -69 [da:3f:25:6f:01:6c]
RSSI: -77 [da:3f:25:7c:01:9c]
RSSI: -78 [da:3f:25:7c:01:9c]
RSSI: -71 [da:3f:25:7c:01:9c]
RSSI: -71 [da:3f:25:8b:01:cc]
RSSI: -74 [da:3f:25:9a:01:fc]
RSSI: -78 [da:3f:25:9a:01:fc]
RSSI: -76 [da:3f:25:a7:02:1c]
RSSI: -76 [da:3f:25:b6:02:4c]
RSSI: -77 [da:3f:25:b6:02:4c]
RSSI: -78 [da:3f:25:c5:02:7c]
RSSI: -79 [da:3f:25:d1:02:ac]
RSSI: -76 [da:3f:25:d1:02:ac]
RSSI: -79 [da:3f:25:f0:03:0c]
RSSI: -78 [da:3f:25:fc:03:2c]
RSSI: -95 [da:37:9f:07:13:0b]
RSSI: -78 [da:3f:25:fc:03:2c]
RSSI: -79 [da:3f:26:0c:03:5c]
RSSI: -83 [da:3f:26:1b:03:8c]
RSSI: -83 [da:3f:26:1b:03:8c]
RSSI: -82 [da:3f:26:37:03:ec]
RSSI: -85 [da:3f:26:46:04:1c]
RSSI: -91 [da:37:9f:4d:13:db]
RSSI: -86 [da:3f:26:61:04:6c]
RSSI: -95 [da:3c:8c:8f:00:2e]
RSSI: -87 [da:3f:26:7d:04:cc]
RSSI: -93 [da:39:83:c0:01:8a]
RSSI: -85 [da:3f:26:a8:05:4c]
RSSI: -86 [da:3f:26:b7:05:7c]
RSSI: -82 [da:3f:26:c7:05:ac]
RSSI: -82 [da:3f:26:c7:05:ac]
RSSI: -80 [da:3f:26:e2:06:0c]
RSSI: -92 [da:39:83:fd:02:3a]
RSSI: -74 [da:3f:26:f2:06:3c]
RSSI: -75 [da:3f:26:f2:06:3c]
RSSI: -92 [da:3c:8d:09:01:7e]
RSSI: -78 [da:3f:26:fe:06:5c]
RSSI: -73 [da:3f:26:fe:06:5c]
RSSI: -73 [da:3f:26:fe:06:5c]
RSSI: -74 [da:3f:27:0d:06:8c]
RSSI: -90 [da:3c:8d:31:01:fe]
RSSI: -71 [da:3f:27:1d:06:bc]
RSSI: -89 [da:3c:8d:31:01:fe]
RSSI: -92 [da:3c:8d:3e:02:1e]
RSSI: -76 [da:3f:27:29:06:ec]
RSSI: -76 [da:3f:27:29:06:ec]
RSSI: -81 [da:3f:27:38:07:1c]
RSSI: -84 [da:3f:27:48:07:4c]
RSSI: -75 [da:3f:27:48:07:4c]
RSSI: -92 [da:3c:8d:66:02:8e]
RSSI: -85 [da:3f:27:54:07:6c]
RSSI: -94 [da:39:84:73:03:7a]
RSSI: -82 [da:3f:27:63:07:9c]
RSSI: -76 [da:3f:27:73:07:cc]
RSSI: -89 [da:39:84:90:03:da]
RSSI: -76 [da:3f:27:7f:07:fc]
RSSI: -74 [da:3f:27:7f:07:fc]
RSSI: -79 [da:3f:27:8f:08:2c]
RSSI: -82 [da:3f:27:9e:08:5c]
RSSI: -91 [da:37:a0:ae:01:5b]
RSSI: -83 [da:3f:27:9e:08:5c]
RSSI: -91 [da:39:84:bd:04:4a]
RSSI: -71 [da:3f:27:aa:08:7c]
RSSI: -76 [da:3f:27:aa:08:7c]
RSSI: -89 [da:39:84:cd:04:7a]
RSSI: -78 [da:3f:27:ba:08:ac]
RSSI: -75 [da:3f:27:c9:08:dc]
RSSI: -87 [da:37:a0:d9:01:db]
RSSI: -79 [da:3f:27:c9:08:dc]
RSSI: -87 [da:3f:27:d5:09:0c]
RSSI: -85 [da:37:a0:e7:01:fb]
RSSI: -73 [da:3f:27:e5:09:3c]
RSSI: -80 [da:3f:27:e5:09:3c]
RSSI: -83 [da:37:a0:f4:02:2b]
RSSI: -79 [da:3f:27:e5:09:3c]
RSSI: -89 [da:39:85:09:05:2a]
RSSI: -81 [da:3f:27:f4:09:6c]
RSSI: -73 [da:3f:27:f4:09:6c]
RSSI: -85 [da:37:a1:03:02:4b]
RSSI: -83 [da:3f:28:00:09:8c]
RSSI: -82 [da:37:a1:12:02:7b]
RSSI: -80 [da:37:a1:2d:02:cb]
RSSI: -76 [da:3f:28:1f:09:ec]
RSSI: -81 [da:37:a1:3c:02:fb]
RSSI: -76 [da:3f:28:2c:0a:1c]
RSSI: -84 [da:39:85:43:05:da]
RSSI: -80 [da:37:a1:3c:02:fb]
RSSI: -70 [da:3f:28:2c:0a:1c]
RSSI: -84 [da:39:85:53:05:fa]
RSSI: -81 [da:37:a1:49:03:1b]
RSSI: -78 [da:3f:28:3b:0a:4c]
RSSI: -84 [da:39:85:53:05:fa]
RSSI: -81 [da:3f:28:4a:0a:7c]
RSSI: -81 [da:3f:28:4a:0a:7c]
RSSI: -78 [da:37:a1:67:03:7b]
RSSI: -72 [da:3f:28:57:0a:9c]
RSSI: -82 [da:37:a1:67:03:7b]
RSSI: -81 [da:39:85:70:06:5a]
RSSI: -76 [da:3f:28:57:0a:9c]
RSSI: -81 [da:37:a1:73:03:9b]
RSSI: -73 [da:3f:28:66:0a:cc]
RSSI: -79 [da:39:85:80:06:7a]
RSSI: -79 [da:37:a1:73:03:9b]
RSSI: -79 [da:39:85:80:06:7a]
RSSI: -74 [da:3f:28:75:0b:0c]
RSSI: -82 [da:37:a1:82:03:cb]
RSSI: -70 [da:3f:28:75:0b:0c]
RSSI: -79 [da:39:85:90:06:aa]
RSSI: -73 [da:3f:28:82:0b:2c]
RSSI: -82 [da:37:a1:91:03:fb]
RSSI: -77 [da:39:85:9c:06:da]
RSSI: -71 [da:3f:28:82:0b:2c]
RSSI: -77 [da:39:85:9c:06:da]
RSSI: -81 [da:37:a1:9e:04:1b]
RSSI: -69 [da:3f:28:91:0b:5c]
RSSI: -84 [da:37:a1:9e:04:1b]
RSSI: -78 [da:39:85:ad:06:fa]
RSSI: -72 [da:3f:28:91:0b:5c]
RSSI: -78 [da:39:85:bd:07:2a]
RSSI: -71 [da:3f:28:a0:0b:8c]
RSSI: -78 [da:39:85:bd:07:2a]
RSSI: -69 [da:3f:28:ad:0b:bc]
RSSI: -68 [da:3f:28:ad:0b:bc]
RSSI: -75 [da:39:85:c9:07:5a]
RSSI: -68 [da:3f:28:bc:0b:ec]
RSSI: -80 [da:39:85:d9:07:7a]
RSSI: -66 [da:3f:28:bc:0b:ec]
RSSI: -79 [da:39:85:d9:07:7a]
RSSI: -85 [da:37:a1:d7:04:cb]
RSSI: -66 [da:3f:28:cc:0c:1c]
RSSI: -86 [da:37:a1:d7:04:cb]
RSSI: -67 [da:3f:28:cc:0c:1c]
RSSI: -88 [da:3c:8e:e2:06:be]
RSSI: -78 [da:39:85:e9:07:aa]
RSSI: -92 [da:3c:8e:ef:06:de]
RSSI: -77 [da:39:85:e9:07:aa]
RSSI: -85 [da:37:a1:e6:04:fb]
RSSI: -67 [da:3f:28:d8:0c:3c]
RSSI: -93 [da:3c:8e:ef:06:de]
RSSI: -65 [da:3f:28:d8:0c:3c]
RSSI: -78 [da:39:85:f6:07:da]
RSSI: -71 [da:3f:28:e8:0c:6c]
RSSI: -76 [da:39:86:06:07:fa]
RSSI: -76 [da:3f:28:f7:0c:9c]
RSSI: -77 [da:39:86:06:07:fa]
RSSI: -75 [da:3f:28:f7:0c:9c]
RSSI: -79 [da:39:86:16:08:2a]
RSSI: -80 [da:39:86:16:08:2a]
RSSI: -66 [da:3f:29:03:0c:cc]
RSSI: -89 [da:3c:8f:18:07:4e]
RSSI: -67 [da:3f:29:03:0c:cc]
RSSI: -79 [da:39:86:23:08:5a]
RSSI: -81 [da:39:86:23:08:5a]
RSSI: -63 [da:3f:29:13:0c:fc]
RSSI: -81 [da:39:86:33:08:8a]
RSSI: -82 [da:39:86:33:08:8a]
RSSI: -81 [da:39:86:43:08:aa]
RSSI: -89 [da:37:a2:3b:05:fb]
RSSI: -84 [da:39:86:43:08:aa]
RSSI: -63 [da:3f:29:2f:0d:5c]
RSSI: -89 [da:37:a2:3b:05:fb]
RSSI: -60 [da:3f:29:2f:0d:5c]
RSSI: -83 [da:39:86:50:08:da]
RSSI: -61 [da:3f:29:3e:0d:8c]
RSSI: -63 [da:3f:29:3e:0d:8c]
RSSI: -61 [da:3f:29:4d:0d:bc]
RSSI: -88 [da:3c:8f:5c:08:1e]
RSSI: -89 [da:39:86:60:09:0a]
RSSI: -62 [da:3f:29:4d:0d:bc]
RSSI: -90 [da:3c:8f:6a:08:3e]
RSSI: -87 [da:37:a2:66:06:7b]
RSSI: -67 [da:3f:29:5a:0d:dc]
RSSI: -87 [da:39:86:70:09:3a]
RSSI: -71 [da:3f:29:69:0e:0c]
RSSI: -78 [da:3f:29:69:0e:0c]
RSSI: -71 [da:3f:29:78:0e:3c]
RSSI: -76 [da:3f:29:78:0e:3c]
RSSI: -86 [da:39:86:8d:09:8a]
RSSI: -69 [da:3f:29:85:0e:6c]
RSSI: -86 [da:39:86:9d:09:ba]
RSSI: -64 [da:3f:29:85:0e:6c]
RSSI: -87 [da:39:86:aa:09:da]
RSSI: -94 [da:3c:8f:a6:08:ee]
RSSI: -64 [da:3f:29:94:0e:9c]
RSSI: -67 [da:3f:29:a4:0e:cc]
RSSI: -66 [da:3f:29:a4:0e:cc]
RSSI: -63 [da:3f:29:a4:0e:cc]
RSSI: -61 [da:3f:29:b0:0e:fc]
RSSI: -89 [da:3c:8f:cf:09:5e]
RSSI: -65 [da:3f:29:b0:0e:fc]
RSSI: -86 [da:3c:8f:cf:09:5e]
RSSI: -61 [da:3f:29:c0:0f:2c]
RSSI: -68 [da:3f:29:cf:0f:5c]
RSSI: -63 [da:3f:29:cf:0f:5c]
RSSI: -81 [da:3c:8f:eb:09:ae]
RSSI: -82 [da:3c:8f:eb:09:ae]
RSSI: -68 [da:3f:29:dc:0f:7c]
RSSI: -81 [da:3c:8f:f8:09:ce]
RSSI: -82 [da:3c:8f:f8:09:ce]
RSSI: -63 [da:3f:29:eb:0f:ac]
RSSI: -66 [da:3f:29:eb:0f:ac]
RSSI: -82 [da:3c:90:06:09:fe]
RSSI: -66 [da:3f:29:eb:0f:ac]
RSSI: -82 [da:3c:90:06:09:fe]
RSSI: -65 [da:3f:29:fa:0f:dc]
RSSI: -63 [da:3f:29:fa:0f:dc]
RSSI: -63 [da:3f:2a:07:10:0c]
RSSI: -81 [da:3c:90:21:0a:4e]
RSSI: -80 [da:3c:90:2f:0a:6e]
RSSI: -66 [da:3f:2a:16:10:3c]
RSSI: -80 [da:3c:90:2f:0a:6e]
RSSI: -80 [da:3c:90:2f:0a:6e]
RSSI: -65 [da:3f:2a:16:10:3c]
RSSI: -80 [da:3c:90:2f:0a:6e]
RSSI: -62 [da:3f:2a:26:10:6c]
RSSI: -79 [da:3c:90:3d:0a:9e]
RSSI: -62 [da:3f:2a:26:10:6c]
RSSI: -79 [da:3c:90:3d:0a:9e]
RSSI: -62 [da:3f:2a:32:10:8c]
RSSI: -61 [da:3f:2a:32:10:8c]
RSSI: -62 [da:3f:2a:32:10:8c]
RSSI: -78 [da:3c:90:58:0a:de]
RSSI: -60 [da:3f:2a:42:10:bc]
RSSI: -80 [da:3c:90:58:0a:de]
RSSI: -61 [da:3f:2a:51:10:ec]
RSSI: -78 [da:3c:90:66:0b:0e]
RSSI: -61 [da:3f:2a:51:10:ec]
RSSI: -78 [da:3c:90:72:0b:2e]
RSSI: -62 [da:3f:2a:5e:11:1c]
RSSI: -95 [da:39:87:77:0c:2a]
RSSI: -62 [da:3f:2a:5e:11:1c]
RSSI: -77 [da:3c:90:81:0b:5e]
RSSI: -64 [da:3f:2a:6d:11:4c]
RSSI: -78 [da:3c:90:8f:0b:7e]
RSSI: -65 [da:3f:2a:7d:11:7c]
RSSI: -77 [da:3c:90:8f:0b:7e]
RSSI: -80 [da:3c:90:9b:0b:9e]
RSSI: -78 [da:3c:90:9b:0b:9e]
RSSI: -69 [da:3f:2a:89:11:9c]
RSSI: -71 [da:3f:2a:89:11:9c]
RSSI: -79 [da:3c:90:a9:0b:ce]
RSSI: -74 [da:3f:2a:99:11:cc]
RSSI: -81 [da:3c:90:b7:0b:fe]
RSSI: -91 [da:37:a3:ac:0a:4b]
RSSI: -88 [da:3f:2a:a8:11:fc]
RSSI: -65 [da:3f:2a:a8:11:fc]
RSSI: -79 [da:3c:90:c4:0c:1e]
RSSI: -79 [da:3f:2a:b5:12:2c]
RSSI: -80 [da:3c:90:d2:0c:4e]
RSSI: -73 [da:3f:2a:c4:12:5c]
RSSI: -74 [da:3f:2a:c4:12:5c]
RSSI: -81 [da:3c:90:e0:0c:6e]
RSSI: -92 [da:37:a3:d6:0a:cb]
RSSI: -73 [da:3f:2a:c4:12:5c]
RSSI: -70 [da:3f:2a:d3:12:8c]
RSSI: -80 [da:3c:90:ed:0c:8e]
RSSI: -72 [da:3f:2a:d3:12:8c]
RSSI: -81 [da:3c:90:ed:0c:8e]
RSSI: -84 [da:3f:2a:e0:12:ac]
RSSI: -85 [da:3c:90:fb:0c:be]
RSSI: -81 [da:3c:90:fb:0c:be]
RSSI: -72 [da:3f:2a:ef:12:dc]
RSSI: -82 [da:3c:91:09:0c:de]
RSSI: -71 [da:3f:2a:ef:12:dc]
RSSI: -87 [da:3c:91:09:0c:de]
RSSI: -89 [da:39:88:10:0d:ea]
RSSI: -84 [da:3c:91:16:0d:0e]
RSSI: -70 [da:3f:2a:ff:13:0c]
RSSI: -85 [da:3c:91:16:0d:0e]
RSSI: -70 [da:3f:2a:ff:13:0c]
RSSI: -86 [da:3c:91:24:0d:2e]
RSSI: -91 [da:39:88:29:0e:2a]
RSSI: -86 [da:3c:91:32:0d:5e]
RSSI: -92 [da:39:88:36:0e:5a]
RSSI: -88 [da:3c:91:32:0d:5e]
RSSI: -67 [da:3f:2b:2a:13:9c]
RSSI: -68 [da:3f:2b:37:13:bc]
RSSI: -69 [da:3f:2b:37:13:bc]
RSSI: -87 [da:3c:91:4d:0d:9e]
RSSI: -67 [da:3f:2b:37:13:bc]
RSSI: -87 [da:3c:91:5b:0d:ce]
RSSI: -91 [da:39:88:5c:0e:ca]
RSSI: -68 [da:3f:2b:46:13:ec]
RSSI: -92 [da:39:88:69:0e:ea]
RSSI: -88 [da:3c:91:68:0d:ee]
RSSI: -65 [da:3f:2b:62:14:4c]
RSSI: -67 [da:3f:2b:72:14:7c]
RSSI: -67 [da:3f:2b:72:14:7c]
RSSI: -93 [da:39:88:8f:0f:5a]
RSSI: -72 [da:3f:2b:81:14:ac]
RSSI: -72 [da:3f:2b:81:14:ac]
RSSI: -69 [da:3f:2b:8e:14:cc]
RSSI: -69 [da:3f:2b:9d:14:fc]
RSSI: -67 [da:3f:2b:9d:14:fc]
RSSI: -72 [da:3f:2b:ac:15:2c]
RSSI: -89 [da:3c:91:c8:0e:fe]
RSSI: -68 [da:3f:2b:ac:15:2c]
RSSI: -72 [da:3f:2b:b9:15:5c]
RSSI: -69 [da:3f:2b:c8:15:8c]
RSSI: -90 [da:3c:91:e3:0f:4e]
RSSI: -74 [da:3f:2b:c8:15:8c]
RSSI: -80 [da:3f:2b:d8:15:bc]
RSSI: -81 [da:3f:2b:e4:15:dc]
RSSI: -82 [da:3f:2b:e4:15:dc]
RSSI: -84 [da:3f:2b:f4:16:0c]
RSSI: -83 [da:3f:2b:f4:16:0c]
RSSI: -69 [da:3f:2c:03:16:3c]
RSSI: -73 [da:3f:2c:10:16:6c]
RSSI: -95 [da:3c:92:28:10:0e]
RSSI: -75 [da:3f:2c:10:16:6c]
RSSI: -75 [da:3f:2c:1f:00:3c]
RSSI: -74 [da:3f:2c:1f:00:3c]
RSSI: -76 [da:3f:2c:2f:00:6c]
RSSI: -74 [da:3f:2c:3b:00:8c]
RSSI: -74 [da:3f:2c:3b:00:8c]
RSSI: -73 [da:3f:2c:4b:00:bc]
RSSI: -75 [da:3f:2c:4b:00:bc]
RSSI: -73 [da:3f:2c:5a:00:ec]
RSSI: -72 [da:3f:2c:5a:00:ec]
RSSI: -76 [da:3f:2c:67:01:1c]
RSSI: -78 [da:3f:2c:67:01:1c]
RSSI: -78 [da:3f:2c:7c:01:5c]
RSSI: -73 [da:3f:2c:7c:01:5c]
RSSI: -67 [da:3f:2c:8c:01:7c]
RSSI: -73 [da:3f:2c:8c:01:7c]
RSSI: -66 [da:3f:2c:99:01:ac]
RSSI: -66 [da:3f:2c:99:01:ac]
RSSI: -66 [da:3f:2c:a8:01:dc]
RSSI: -69 [da:3f:2c:b7:02:0c]
RSSI: -67 [da:3f:2c:b7:02:0c]
RSSI: -73 [da:3f:2c:c4:02:2c]
RSSI: -72 [da:3f:2c:c4:02:2c]
RSSI: -81 [da:3f:2c:d4:02:6c]
RSSI: -82 [da:3f:2c:e3:02:9c]
RSSI: -79 [da:3f:2c:f0:02:bc]
RSSI: -86 [da:3f:2c:f0:02:bc]
RSSI: -79 [da:3f:2c:ff:02:ec]
RSSI: -70 [da:3f:2d:0f:03:1c]
RSSI: -90 [da:37:a6:1e:11:9b]
RSSI: -71 [da:3f:2d:0f:03:1c]
RSSI: -90 [da:3c:93:2b:12:ee]
RSSI: -77 [da:3f:2d:1b:03:4c]
RSSI: -90 [da:37:a6:2e:11:cb]
RSSI: -88 [da:3f:2d:2b:03:7c]
RSSI: -77 [da:3f:2d:2b:03:7c]
RSSI: -72 [da:3f:2d:3a:03:ac]
RSSI: -80 [da:3f:2d:3a:03:ac]
RSSI: -72 [da:3f:2d:47:03:cc]
RSSI: -73 [da:3f:2d:57:03:fc]
RSSI: -70 [da:3f:2d:57:03:fc]
RSSI: -75 [da:3f:2d:66:04:2c]
RSSI: -92 [da:3c:93:7d:13:ce]
RSSI: -75 [da:3f:2d:66:04:2c]
RSSI: -70 [da:3f:2d:66:04:2c]
RSSI: -74 [da:3f:2d:73:04:5c]
RSSI: -68 [da:3f:2d:82:04:8c]
RSSI: -75 [da:3f:2d:82:04:8c]
RSSI: -91 [da:3c:93:a6:14:3e]
RSSI: -69 [da:3f:2d:92:04:bc]
RSSI: -75 [da:3f:2d:9e:04:dc]
RSSI: -70 [da:3f:2d:9e:04:dc]
RSSI: -76 [da:3f:2d:ae:05:0c]
RSSI: -70 [da:3f:2d:ae:05:0c]
RSSI: -70 [da:3f:2d:bd:05:3c]
RSSI: -72 [da:3f:2d:ca:05:6c]
RSSI: -70 [da:3f:2d:ca:05:6c]
RSSI: -74 [da:3f:2d:da:05:9c]
RSSI: -74 [da:3f:2d:da:05:9c]
RSSI: -80 [da:3f:2d:e9:05:cc]
RSSI: -71 [da:3f:2d:f6:05:ec]
RSSI: -79 [da:3f:2d:f6:05:ec]
RSSI: -75 [da:3f:2e:05:06:1c]
RSSI: -71 [da:3f:2e:05:06:1c]
RSSI: -72 [da:3f:2e:05:06:1c]
RSSI: -77 [da:3f:2e:15:06:4c]
RSSI: -76 [da:3f:2e:15:06:4c]
RSSI: -75 [da:3f:2e:21:06:7c]
RSSI: -74 [da:3f:2e:21:06:7c]
RSSI: -76 [da:3f:2e:31:06:ac]
RSSI: -72 [da:3f:2e:31:06:ac]
RSSI: -71 [da:3f:2e:40:06:dc]
RSSI: -74 [da:3f:2e:40:06:dc]
RSSI: -70 [da:3f:2e:4d:07:0c]
RSSI: -70 [da:3f:2e:5d:07:3c]
RSSI: -68 [da:3f:2e:5d:07:3c]
RSSI: -70 [da:3f:2e:6c:07:6c]
RSSI: -70 [da:3f:2e:6c:07:6c]
RSSI: -69 [da:3f:2e:79:07:8c]
RSSI: -71 [da:3f:2e:88:07:cc]
RSSI: -73 [da:3f:2e:98:07:fc]
RSSI: -72 [da:3f:2e:98:07:fc]
RSSI: -94 [da:37:a7:b1:16:4b]
RSSI: -73 [da:3f:2e:a5:08:1c]
RSSI: -94 [da:39:8b:c0:02:2a]
RSSI: -73 [da:3f:2e:a5:08:1c]
RSSI: -92 [da:39:8b:cd:02:4a]
RSSI: -73 [da:3f:2e:b4:08:4c]
RSSI: -69 [da:3f:2e:c4:08:7c]
RSSI: -73 [da:3f:2e:d0:08:ac]
RSSI: -69 [da:3f:2e:d0:08:ac]
RSSI: -69 [da:3f:2e:d0:08:ac]
RSSI: -75 [da:3f:2e:e0:08:dc]
RSSI: -73 [da:3f:2e:ef:09:0c]
RSSI: -73 [da:3f:2e:fc:09:3c]
RSSI: -73 [da:3f:2e:fc:09:3c]
RSSI: -74 [da:3f:2e:fc:09:3c]
RSSI: -90 [da:37:a8:16:01:0b]
RSSI: -75 [da:3f:2f:0c:09:6c]
RSSI: -71 [da:3f:2f:0c:09:6c]
RSSI: -74 [da:3f:2f:1b:09:9c]
RSSI: -71 [da:3f:2f:28:09:bc]
RSSI: -72 [da:3f:2f:28:09:bc]
RSSI: -74 [da:3f:2f:37:09:ec]
RSSI: -75 [da:3f:2f:37:09:ec]
RSSI: -77 [da:3f:2f:47:0a:2c]
RSSI: -76 [da:3f:2f:47:0a:2c]
RSSI: -87 [da:37:a8:5d:01:db]
RSSI: -75 [da:3f:2f:54:0a:4c]
RSSI: -74 [da:3f:2f:54:0a:4c]
RSSI: -86 [da:37:a8:6c:01:fb]
RSSI: -88 [da:39:8c:74:04:2a]
RSSI: -76 [da:3f:2f:63:0a:7c]
RSSI: -84 [da:37:a8:79:02:2b]
RSSI: -75 [da:3f:2f:63:0a:7c]
RSSI: -84 [da:37:a8:79:02:2b]
RSSI: -72 [da:3f:2f:73:0a:ac]
RSSI: -83 [da:37:a8:79:02:2b]
RSSI: -73 [da:3f:2f:73:0a:ac]
RSSI: -88 [da:39:8c:8d:04:6a]
RSSI: -83 [da:37:a8:88:02:5b]
RSSI: -81 [da:3f:2f:7f:0a:dc]
RSSI: -76 [da:3f:2f:7f:0a:dc]
RSSI: -82 [da:37:a8:97:02:7b]
RSSI: -79 [da:3f:2f:8f:0b:0c]
RSSI: -81 [da:37:a8:a4:02:ab]
RSSI: -76 [da:3f:2f:9f:0b:3c]
RSSI: -83 [da:3f:2f:9f:0b:3c]
RSSI: -80 [da:37:a8:b3:02:db]
RSSI: -90 [da:39:8c:c1:05:0a]
RSSI: -80 [da:37:a8:b3:02:db]
RSSI: -77 [da:3f:2f:ab:0b:6c]
RSSI: -75 [da:3f:2f:ab:0b:6c]
RSSI: -88 [da:39:8c:cd:05:2a]
RSSI: -79 [da:37:a8:c2:02:fb]
RSSI: -77 [da:3f:2f:bb:0b:9c]
RSSI: -81 [da:3f:2f:ca:0b:cc]
RSSI: -81 [da:37:a8:de:03:5b]
RSSI: -70 [da:3f:2f:d7:0b:ec]
RSSI: -81 [da:37:a8:ee:03:7b]
RSSI: -77 [da:3f:2f:d7:0b:ec]
RSSI: -79 [da:37:a8:ee:03:7b]
RSSI: -71 [da:3f:2f:e7:0c:1c]
RSSI: -81 [da:37:a8:fa:03:ab]
RSSI: -73 [da:3f:2f:f6:0c:5c]
RSSI: -78 [da:37:a9:0a:03:db]
RSSI: -74 [da:3f:30:03:0c:7c]
RSSI: -76 [da:3f:30:03:0c:7c]
RSSI: -82 [da:37:a9:19:04:0b]
RSSI: -71 [da:3f:30:03:0c:7c]
RSSI: -84 [da:39:8d:28:06:2a]
RSSI: -83 [da:37:a9:25:04:2b]
RSSI: -75 [da:3f:30:13:0c:ac]
RSSI: -82 [da:37:a9:25:04:2b]
RSSI: -81 [da:37:a9:25:04:2b]
RSSI: -84 [da:39:8d:35:06:5a]
RSSI: -82 [da:37:a9:25:04:2b]
RSSI: -69 [da:3f:30:22:0c:dc]
RSSI: -84 [da:39:8d:41:06:7a]
RSSI: -83 [da:37:a9:35:04:5b]
RSSI: -84 [da:39:8d:41:06:7a]
RSSI: -72 [da:3f:30:2f:0d:0c]
RSSI: -80 [da:37:a9:44:04:8b]
RSSI: -84 [da:39:8d:4e:06:9a]
RSSI: -72 [da:3f:30:3f:0d:3c]
RSSI: -84 [da:39:8d:5b:06:ca]
RSSI: -69 [da:3f:30:3f:0d:3c]
RSSI: -83 [da:37:a9:51:04:ab]
RSSI: -71 [da:3f:30:4e:0d:6c]
RSSI: -84 [da:37:a9:60:04:db]
RSSI: -81 [da:39:8d:68:06:ea]
RSSI: -83 [da:37:a9:60:04:db]
RSSI: -85 [da:37:a9:6f:05:0b]
RSSI: -67 [da:3f:30:6a:0d:cc]
RSSI: -84 [da:39:8d:9c:07:7a]
RSSI: -84 [da:39:8d:9c:07:7a]
RSSI: -82 [da:39:8d:a9:07:9a]
RSSI: -80 [da:39:8d:b5:07:ba]
RSSI: -78 [da:3f:30:96:0e:4c]
RSSI: -81 [da:39:8d:c2:07:ea]
RSSI: -81 [da:39:8d:c2:07:ea]
RSSI: -80 [da:39:8d:c2:07:ea]
RSSI: -79 [da:3f:30:b3:0e:ac]
RSSI: -83 [da:39:8d:cf:08:0a]
RSSI: -69 [da:3f:30:b3:0e:ac]
RSSI: -81 [da:39:8d:dc:08:2a]
RSSI: -69 [da:3f:30:c2:0e:dc]
RSSI: -83 [da:39:8d:dc:08:2a]
RSSI: -64 [da:3f:30:c2:0e:dc]
RSSI: -84 [da:39:8d:e9:08:5a]
RSSI: -83 [da:39:8d:e9:08:5a]
RSSI: -88 [da:3c:96:ef:07:2e]
RSSI: -83 [da:39:8d:f6:08:7a]
RSSI: -61 [da:3f:30:df:0f:2c]
RSSI: -59 [da:3f:30:df:0f:2c]
RSSI: -59 [da:3f:30:df:0f:2c]
RSSI: -85 [da:39:8e:03:08:9a]
RSSI: -87 [da:3c:96:fe:07:5e]
RSSI: -85 [da:39:8e:03:08:9a]
RSSI: -58 [da:3f:30:ee:0f:6c]
RSSI: -85 [da:39:8e:10:08:ca]
RSSI: -92 [da:3c:97:0a:07:7e]
RSSI: -59 [da:3f:30:fe:0f:9c]
RSSI: -57 [da:3f:30:fe:0f:9c]
RSSI: -90 [da:3c:97:19:07:ae]
RSSI: -56 [da:3f:31:0a:0f:bc]
RSSI: -59 [da:3f:31:0a:0f:bc]
RSSI: -90 [da:39:8e:29:09:0a]
RSSI: -56 [da:3f:31:1a:0f:ec]
RSSI: -87 [da:3c:97:34:07:fe]
RSSI: -57 [da:3f:31:2a:10:1c]
RSSI: -89 [da:3c:97:42:08:1e]
RSSI: -88 [da:39:8e:44:09:5a]
RSSI: -59 [da:3f:31:36:10:4c]
RSSI: -59 [da:3f:31:36:10:4c]
RSSI: -57 [da:3f:31:36:10:4c]
RSSI: -57 [da:3f:31:36:10:4c]
RSSI: -88 [da:39:8e:5d:09:aa]
RSSI: -85 [da:3c:97:5d:08:6e]
RSSI: -59 [da:3f:31:46:10:7c]
RSSI: -89 [da:39:8e:6a:09:ca]
RSSI: -88 [da:39:8e:6a:09:ca]
RSSI: -58 [da:3f:31:56:10:ac]
RSSI: -87 [da:3c:97:6c:08:9e]
RSSI: -60 [da:3f:31:62:10:dc]
RSSI: -60 [da:3f:31:62:10:dc]
RSSI: -62 [da:3f:31:72:11:0c]
RSSI: -61 [da:3f:31:72:11:0c]
RSSI: -64 [da:3f:31:82:11:3c]
RSSI: -91 [da:3c:97:95:09:0e]
RSSI: -66 [da:3f:31:8e:11:5c]
RSSI: -69 [da:3f:31:8e:11:5c]
RSSI: -89 [da:3c:97:b0:09:5e]
RSSI: -70 [da:3f:31:9e:11:8c]
RSSI: -72 [da:3f:31:9e:11:8c]
RSSI: -76 [da:3f:31:ae:11:bc]
RSSI: -86 [da:3c:97:bf:09:7e]
RSSI: -77 [da:3f:31:ae:11:bc]
RSSI: -92 [da:37:aa:ba:08:eb]
RSSI: -92 [da:3c:97:cd:09:ae]
RSSI: -86 [da:3f:31:bb:11:ec]
RSSI: -79 [da:3f:31:bb:11:ec]
RSSI: -84 [da:3c:97:da:09:ce]
RSSI: -72 [da:3f:31:ca:12:1c]
RSSI: -82 [da:3c:97:e8:09:fe]
RSSI: -83 [da:3c:97:e8:09:fe]
RSSI: -82 [da:3c:97:e8:09:fe]
RSSI: -72 [da:3f:31:da:12:4c]
RSSI: -83 [da:3c:97:e8:09:fe]
RSSI: -69 [da:3f:31:da:12:4c]
RSSI: -81 [da:3c:97:f7:0a:1e]
RSSI: -81 [da:3c:97:f7:0a:1e]
RSSI: -69 [da:3f:31:e7:12:7c]
RSSI: -80 [da:3c:98:03:0a:3e]
RSSI: -71 [da:3f:31:f6:12:ac]
RSSI: -71 [da:3f:31:f6:12:ac]
RSSI: -79 [da:3c:98:12:0a:6e]
RSSI: -69 [da:3f:31:f6:12:ac]
RSSI: -69 [da:3f:32:06:12:dc]
RSSI: -71 [da:3f:32:06:12:dc]
RSSI: -79 [da:3c:98:20:0a:9e]
RSSI: -93 [da:37:ab:21:0a:1b]
RSSI: -79 [da:3c:98:2d:0a:be]
RSSI: -73 [da:3f:32:13:12:fc]
RSSI: -79 [da:3c:98:2d:0a:be]
RSSI: -75 [da:3f:32:22:13:2c]
RSSI: -80 [da:3c:98:3c:0a:ee]
RSSI: -75 [da:3f:32:22:13:2c]
RSSI: -80 [da:3f:32:22:13:2c]
RSSI: -78 [da:3c:98:3c:0a:ee]
RSSI: -79 [da:3c:98:4a:0b:0e]
RSSI: -76 [da:3f:32:32:13:5c]
RSSI: -79 [da:3c:98:4a:0b:0e]
RSSI: -78 [da:3f:32:32:13:5c]
RSSI: -82 [da:3c:98:4a:0b:0e]
RSSI: -79 [da:3c:98:57:0b:2e]
RSSI: -77 [da:3f:32:3f:13:8c]
RSSI: -78 [da:3c:98:65:0b:5e]
RSSI: -75 [da:3f:32:4f:13:bc]
RSSI: -81 [da:3c:98:74:0b:8e]
RSSI: -73 [da:3f:32:5e:13:ec]
RSSI: -94 [da:39:8f:87:0c:fa]
RSSI: -79 [da:3c:98:8f:0b:ce]
RSSI: -75 [da:3f:32:7b:14:4c]
RSSI: -80 [da:3c:98:8f:0b:ce]
RSSI: -72 [da:3f:32:7b:14:4c]
RSSI: -80 [da:3c:98:9d:0b:fe]
RSSI: -80 [da:3c:98:9d:0b:fe]
RSSI: -74 [da:3f:32:8a:14:7c]
RSSI: -81 [da:3c:98:aa:0c:1e]
RSSI: -92 [da:39:8f:ae:0d:6a]
RSSI: -72 [da:3f:32:97:14:9c]
RSSI: -73 [da:3f:32:97:14:9c]
RSSI: -82 [da:3c:98:b9:0c:4e]
RSSI: -72 [da:3f:32:a7:14:cc]
RSSI: -83 [da:3c:98:c7:0c:6e]
RSSI: -74 [da:3f:32:b7:14:fc]
RSSI: -86 [da:3c:98:d4:0c:8e]
RSSI: -73 [da:3f:32:c3:15:2c]
RSSI: -75 [da:3f:32:c3:15:2c]
RSSI: -74 [da:3f:32:d3:15:5c]
RSSI: -87 [da:3c:98:f1:0c:ee]
RSSI: -72 [da:3f:32:e3:15:8c]
RSSI: -72 [da:3f:32:e3:15:8c]
RSSI: -77 [da:3f:32:ef:15:ac]
RSSI: -73 [da:3f:32:ef:15:ac]
RSSI: -77 [da:3f:32:ff:15:dc]
RSSI: -71 [da:3f:33:0f:16:0c]
RSSI: -92 [da:3c:99:27:0d:7e]
RSSI: -91 [da:39:90:30:0e:ea]
RSSI: -76 [da:3f:33:1b:16:3c]
RSSI: -92 [da:39:90:3d:0f:0a]
RSSI: -89 [da:3c:99:36:0d:ae]
RSSI: -81 [da:3f:33:2b:16:6c]
RSSI: -78 [da:3f:33:2b:16:6c]
RSSI: -81 [da:3f:33:3b:00:0c]
RSSI: -89 [da:3c:99:51:0d:fe]
RSSI: -75 [da:3f:33:48:00:2c]
RSSI: -75 [da:3f:33:48:00:2c]
RSSI: -79 [da:3f:33:58:00:5c]
RSSI: -84 [da:3f:33:67:00:8c]
RSSI: -82 [da:3f:33:67:00:8c]
RSSI: -84 [da:3f:33:74:00:bc]
RSSI: -87 [da:3f:33:93:01:1c]
RSSI: -96 [da:3c:99:b3:0f:0e]
RSSI: -85 [da:3f:33:a0:01:3c]
RSSI: -82 [da:3f:33:b0:01:6c]
RSSI: -82 [da:3f:33:b0:01:6c]
RSSI: -81 [da:3f:33:b0:01:6c]
RSSI: -81 [da:3f:33:c0:01:ac]
RSSI: -76 [da:3f:33:cc:01:cc]
RSSI: -77 [da:3f:33:dc:01:fc]
RSSI: -82 [da:3f:33:ec:02:2c]
RSSI: -89 [da:3f:33:ec:02:2c]
RSSI: -84 [da:3f:33:f9:02:5c]
RSSI: -80 [da:3f:34:08:02:8c]
RSSI: -80 [da:3f:34:08:02:8c]
RSSI: -82 [da:3f:34:18:02:bc]
RSSI: -79 [da:3f:34:25:02:ec]
RSSI: -78 [da:3f:34:35:03:1c]
RSSI: -78 [da:3f:34:35:03:1c]
RSSI: -77 [da:3f:34:44:03:4c]
RSSI: -78 [da:3f:34:44:03:4c]
RSSI: -81 [da:3f:34:51:03:6c]
RSSI: -80 [da:3f:34:51:03:6c]
RSSI: -89 [da:3f:34:71:03:cc]
RSSI: -84 [da:3f:34:71:03:cc]
RSSI: -78 [da:3f:34:7d:03:fc]
RSSI: -81 [da:3f:34:7d:03:fc]
RSSI: -77 [da:3f:34:8d:04:2c]
RSSI: -74 [da:3f:34:9d:04:5c]
RSSI: -76 [da:3f:34:aa:04:8c]
RSSI: -74 [da:3f:34:aa:04:8c]
RSSI: -76 [da:3f:34:ba:04:bc]
RSSI: -75 [da:3f:34:c9:04:ec]
RSSI: -74 [da:3f:34:d6:05:0c]
RSSI: -74 [da:3f:34:d6:05:0c]
RSSI: -77 [da:3f:34:e6:05:4c]
RSSI: -75 [da:3f:34:e6:05:4c]
RSSI: -75 [da:3f:34:e6:05:4c]
RSSI: -80 [da:3f:34:f6:05:7c]
RSSI: -79 [da:3f:35:02:05:9c]
RSSI: -83 [da:3f:35:02:05:9c]
RSSI: -78 [da:3f:35:12:05:cc]
RSSI: -77 [da:3f:35:22:06:0c]
RSSI: -89 [da:3f:35:2f:06:2c]
RSSI: -81 [da:3f:35:2f:06:2c]
RSSI: -81 [da:3f:35:4e:06:8c]
RSSI: -74 [da:3f:35:4e:06:8c]
RSSI: -84 [da:3f:35:5b:06:bc]
RSSI: -90 [da:37:ae:6f:14:0b]
RSSI: -79 [da:3f:35:6b:06:ec]
RSSI: -76 [da:3f:35:6b:06:ec]
RSSI: -92 [da:37:ae:7f:14:3b]
RSSI: -74 [da:3f:35:7b:07:1c]
RSSI: -74 [da:3f:35:87:07:4c]
RSSI: -74 [da:3f:35:87:07:4c]
RSSI: -71 [da:3f:35:97:07:7c]
RSSI: -73 [da:3f:35:97:07:7c]
RSSI: -72 [da:3f:35:a7:07:ac]
RSSI: -71 [da:3f:35:a7:07:ac]
RSSI: -73 [da:3f:35:b4:07:cc]
RSSI: -72 [da:3f:35:b4:07:cc]
RSSI: -72 [da:3f:35:c4:08:0c]
RSSI: -75 [da:3f:35:c4:08:0c]
RSSI: -74 [da:3f:35:d4:08:3c]
RSSI: -74 [da:3f:35:d4:08:3c]
RSSI: -74 [da:3f:35:e0:08:5c]
RSSI: -93 [da:37:ae:f2:15:8b]
RSSI: -73 [da:3f:35:f0:08:8c]
RSSI: -72 [da:3f:35:f0:08:8c]
RSSI: -71 [da:3f:35:f0:08:8c]
RSSI: -74 [da:3f:36:00:08:cc]
RSSI: -74 [da:3f:36:00:08:cc]
RSSI: -93 [da:39:93:24:01:5a]
RSSI: -73 [da:3f:36:0d:08:ec]
RSSI: -74 [da:3f:36:1d:09:1c]
RSSI: -92 [da:39:93:31:01:7a]
RSSI: -72 [da:3f:36:1d:09:1c]
RSSI: -81 [da:3f:36:2d:09:4c]
RSSI: -81 [da:3f:36:2d:09:4c]
RSSI: -90 [da:37:af:3d:16:6b]
RSSI: -75 [da:3f:36:2d:09:4c]
RSSI: -77 [da:3f:36:39:09:7c]
RSSI: -93 [da:39:93:58:01:ea]
RSSI: -76 [da:3f:36:49:09:ac]
RSSI: -74 [da:3f:36:49:09:ac]
RSSI: -72 [da:3f:36:59:09:dc]
RSSI: -73 [da:3f:36:59:09:dc]
RSSI: -75 [da:3f:36:66:0a:0c]
RSSI: -74 [da:3f:36:66:0a:0c]
RSSI: -74 [da:3f:36:66:0a:0c]
RSSI: -89 [da:37:af:86:00:bb]
RSSI: -80 [da:3f:36:76:0a:3c]
RSSI: -82 [da:3f:36:76:0a:3c]
RSSI: -92 [da:39:93:9a:02:aa]
RSSI: -78 [da:3f:36:85:0a:6c]
RSSI: -90 [da:37:af:95:00:eb]
RSSI: -90 [da:39:93:9a:02:aa]
RSSI: -80 [da:3f:36:85:0a:6c]
RSSI: -84 [da:3f:36:92:0a:9c]
RSSI: -76 [da:3f:36:a2:0a:cc]
RSSI: -76 [da:3f:36:a2:0a:cc]
RSSI: -78 [da:3f:36:b2:0a:fc]
RSSI: -86 [da:3f:36:cf:0b:5c]
RSSI: -86 [da:37:af:dd:01:bb]
RSSI: -84 [da:37:af:ed:01:eb]
RSSI: -84 [da:37:af:f9:02:0b]
RSSI: -82 [da:37:af:f9:02:0b]
RSSI: -76 [da:3f:36:eb:0b:ac]
RSSI: -82 [da:37:b0:09:02:3b]
RSSI: -84 [da:3f:36:fb:0b:dc]
RSSI: -82 [da:37:b0:09:02:3b]
RSSI: -76 [da:3f:36:fb:0b:dc]
RSSI: -81 [da:37:b0:19:02:6b]
RSSI: -88 [da:3f:37:0b:0c:1c]
RSSI: -80 [da:3f:37:0b:0c:1c]
RSSI: -80 [da:37:b0:25:02:8b]
RSSI: -74 [da:3f:37:18:0c:3c]
RSSI: -80 [da:37:b0:25:02:8b]
RSSI: -86 [da:3f:37:18:0c:3c]
RSSI: -80 [da:37:b0:35:02:bb]
RSSI: -79 [da:37:b0:35:02:bb]
RSSI: -72 [da:3f:37:28:0c:6c]
RSSI: -79 [da:37:b0:35:02:bb]
RSSI: -76 [da:3f:37:38:0c:9c]
RSSI: -79 [da:37:b0:45:02:eb]
RSSI: -71 [da:3f:37:38:0c:9c]
RSSI: -78 [da:37:b0:51:03:1b]
RSSI: -81 [da:3f:37:44:0c:cc]
RSSI: -80 [da:37:b0:51:03:1b]
RSSI: -79 [da:37:b0:61:03:4b]
RSSI: -80 [da:37:b0:70:03:7b]
RSSI: -79 [da:37:b0:7d:03:9b]
RSSI: -71 [da:3f:37:71:0d:5c]
RSSI: -71 [da:3f:37:71:0d:5c]
RSSI: -79 [da:37:b0:8d:03:cb]
RSSI: -71 [da:3f:37:81:0d:8c]
RSSI: -79 [da:37:b0:8d:03:cb]
RSSI: -68 [da:3f:37:81:0d:8c]
RSSI: -78 [da:37:b0:9d:03:fb]
RSSI: -77 [da:37:b0:9d:03:fb]
RSSI: -67 [da:3f:37:91:0d:bc]
RSSI: -88 [da:39:94:a8:05:aa]
RSSI: -80 [da:37:b0:a9:04:1b]
RSSI: -67 [da:3f:37:9d:0d:ec]
RSSI: -65 [da:3f:37:9d:0d:ec]
RSSI: -81 [da:37:b0:b9:04:4b]
RSSI: -83 [da:37:b0:b9:04:4b]
RSSI: -88 [da:39:94:c2:05:fa]
RSSI: -82 [da:37:b0:b9:04:4b]
RSSI: -84 [da:39:94:d0:06:1a]
RSSI: -79 [da:37:b0:c9:04:7b]
RSSI: -81 [da:3f:37:bd:0e:4c]
RSSI: -83 [da:37:b0:c9:04:7b]
RSSI: -82 [da:3f:37:bd:0e:4c]
RSSI: -83 [da:39:94:dd:06:4a]
RSSI: -80 [da:37:b0:d5:04:ab]
RSSI: -76 [da:3f:37:ca:0e:7c]
RSSI: -88 [da:39:94:ea:06:6a]
RSSI: -81 [da:37:b0:e5:04:cb]
RSSI: -86 [da:39:94:ea:06:6a]
RSSI: -81 [da:37:b0:e5:04:cb]
RSSI: -86 [da:39:94:f7:06:9a]
RSSI: -85 [da:37:b0:f4:04:fb]
RSSI: -81 [da:39:95:05:06:ba]
RSSI: -86 [da:37:b1:01:05:2b]
RSSI: -58 [da:3f:38:07:0f:3c]
RSSI: -57 [da:3f:38:07:0f:3c]
RSSI: -56 [da:3f:38:07:0f:3c]
RSSI: -56 [da:3f:38:17:0f:6c]
RSSI: -87 [da:39:95:39:07:4a]
RSSI: -54 [da:3f:38:23:0f:9c]
RSSI: -54 [da:3f:38:23:0f:9c]
RSSI: -90 [da:37:b1:3d:05:db]
RSSI: -83 [da:39:95:46:07:7a]
RSSI: -90 [da:3c:9e:42:05:8e]
RSSI: -87 [da:37:b1:3d:05:db]
RSSI: -53 [da:3f:38:33:0f:cc]
RSSI: -80 [da:39:95:54:07:9a]
RSSI: -84 [da:37:b1:4c:06:0b]
RSSI: -81 [da:39:95:54:07:9a]
RSSI: -53 [da:3f:38:43:0f:fc]
RSSI: -87 [da:39:95:60:07:ba]
RSSI: -86 [da:37:b1:59:06:2b]
RSSI: -83 [da:37:b1:59:06:2b]
RSSI: -53 [da:3f:38:50:10:2c]
RSSI: -86 [da:37:b1:69:06:5b]
RSSI: -83 [da:39:95:7b:08:0a]
RSSI: -84 [da:37:b1:78:06:8b]
RSSI: -51 [da:3f:38:70:10:8c]
RSSI: -88 [da:39:95:88:08:2a]
RSSI: -53 [da:3f:38:7d:10:bc]
RSSI: -52 [da:3f:38:7d:10:bc]
RSSI: -52 [da:3f:38:7d:10:bc]
RSSI: -54 [da:3f:38:8d:10:ec]
RSSI: -88 [da:37:b1:a4:07:0b]
RSSI: -54 [da:3f:38:9d:11:1c]
RSSI: -55 [da:3f:38:a9:11:3c]
RSSI: -89 [da:37:b1:b1:07:3b]
RSSI: -56 [da:3f:38:a9:11:3c]
RSSI: -57 [da:3f:38:b9:11:7c]
RSSI: -61 [da:3f:38:c9:11:ac]
RSSI: -66 [da:3f:38:d6:11:cc]
RSSI: -66 [da:3f:38:d6:11:cc]
RSSI: -73 [da:3f:38:e6:11:fc]
RSSI: -90 [da:3f:38:f6:12:2c]
RSSI: -87 [da:37:b2:09:08:3b]
RSSI: -71 [da:3f:39:03:12:5c]
RSSI: -70 [da:3f:39:03:12:5c]
RSSI: -65 [da:3f:39:03:12:5c]
RSSI: -88 [da:37:b2:19:08:6b]
RSSI: -65 [da:3f:39:13:12:8c]
RSSI: -62 [da:3f:39:23:12:bc]
RSSI: -63 [da:3f:39:2f:12:dc]
RSSI: -65 [da:3f:39:2f:12:dc]
RSSI: -67 [da:3f:39:40:13:0c]
RSSI: -93 [da:39:96:69:0a:ba]
RSSI: -89 [da:39:96:75:0a:da]
RSSI: -76 [da:3f:39:5c:13:6c]
RSSI: -82 [da:3f:39:5c:13:6c]
RSSI: -73 [da:3f:39:6c:13:9c]
RSSI: -75 [da:3f:39:7c:13:cc]
RSSI: -74 [da:3f:39:7c:13:cc]
RSSI: -73 [da:3f:39:89:13:fc]
RSSI: -72 [da:3f:39:89:13:fc]
RSSI: -76 [da:3f:39:99:14:2c]
RSSI: -73 [da:3f:39:a9:14:5c]
RSSI: -93 [da:3c:9f:bf:09:be]
RSSI: -91 [da:39:96:d2:0b:ea]
RSSI: -75 [da:3f:39:b6:14:8c]
RSSI: -81 [da:3f:39:c6:14:bc]
RSSI: -90 [da:3c:9f:dd:0a:1e]
RSSI: -80 [da:3f:39:c6:14:bc]
RSSI: -84 [da:3f:39:d6:14:ec]
RSSI: -72 [da:3f:39:e2:15:1c]
RSSI: -80 [da:3f:39:e2:15:1c]
RSSI: -73 [da:3f:39:f3:15:4c]
RSSI: -87 [da:3c:a0:14:0a:be]
RSSI: -78 [da:3f:3a:03:15:7c]
RSSI: -82 [da:3c:a0:14:0a:be]
RSSI: -77 [da:3f:3a:03:15:7c]
RSSI: -92 [da:37:b3:12:0b:5b]
RSSI: -82 [da:3c:a0:23:0a:de]
RSSI: -82 [da:3f:3a:0f:15:9c]
RSSI: -80 [da:3c:a0:32:0b:0e]
RSSI: -78 [da:3f:3a:0f:15:9c]
RSSI: -80 [da:3c:a0:32:0b:0e]
RSSI: -82 [da:3f:3a:1f:15:cc]
RSSI: -78 [da:3c:a0:3e:0b:2e]
RSSI: -76 [da:3c:a0:4d:0b:5e]
RSSI: -75 [da:3f:3a:3c:16:2c]
RSSI: -77 [da:3c:a0:4d:0b:5e]
RSSI: -76 [da:3c:a0:5c:0b:7e]
RSSI: -76 [da:3f:3a:4c:16:5c]
RSSI: -77 [da:3c:a0:69:0b:ae]
RSSI: -76 [da:3f:3a:4c:16:5c]
RSSI: -81 [da:3f:3a:5c:00:3c]
RSSI: -77 [da:3c:a0:78:0b:ce]
RSSI: -78 [da:3c:a0:78:0b:ce]
RSSI: -79 [da:3c:a0:78:0b:ce]
RSSI: -77 [da:3f:3a:69:00:5c]
RSSI: -81 [da:3c:a0:93:0c:1e]
RSSI: -78 [da:3f:3a:79:00:8c]
RSSI: -80 [da:3c:a0:93:0c:1e]
RSSI: -77 [da:3f:3a:89:00:bc]
RSSI: -82 [da:3c:a0:a2:0c:4e]
RSSI: -91 [da:39:97:a6:0e:5a]
RSSI: -77 [da:3f:3a:89:00:bc]
RSSI: -79 [da:3f:3a:96:00:ec]
RSSI: -84 [da:3c:a0:b1:0c:6e]
RSSI: -88 [da:39:97:b3:0e:7a]
RSSI: -80 [da:3f:3a:96:00:ec]
RSSI: -78 [da:3f:3a:96:00:ec]
RSSI: -87 [da:3c:a0:b1:0c:6e]
RSSI: -89 [da:3c:a0:be:0c:9e]
RSSI: -91 [da:39:97:c0:0e:9a]
RSSI: -90 [da:3c:a0:cd:0c:be]
RSSI: -90 [da:3c:a0:cd:0c:be]
RSSI: -79 [da:3f:3a:c3:01:7c]
RSSI: -92 [da:39:97:f6:0f:3a]
RSSI: -81 [da:3f:3a:e3:01:dc]
RSSI: -88 [da:39:98:02:0f:5a]
RSSI: -74 [da:3f:3a:f0:02:0c]
RSSI: -77 [da:3f:3a:f0:02:0c]
RSSI: -88 [da:39:98:10:0f:7a]
RSSI: -73 [da:3f:3b:00:02:3c]
RSSI: -72 [da:3f:3b:10:02:6c]
RSSI: -92 [da:39:98:2a:0f:ca]
RSSI: -75 [da:3f:3b:1c:02:9c]
RSSI: -78 [da:3f:3b:35:02:dc]
RSSI: -90 [da:3c:a1:4c:0e:2e]
RSSI: -77 [da:3f:3b:35:02:dc]
RSSI: -92 [da:3f:3b:46:03:1c]
RSSI: -84 [da:3f:3b:46:03:1c]
RSSI: -93 [da:3c:a1:77:0e:ae]
RSSI: -83 [da:3f:3b:62:03:6c]
RSSI: -79 [da:3f:3b:72:03:9c]
RSSI: -80 [da:3f:3b:72:03:9c]
RSSI: -84 [da:3f:3b:7f:03:cc]
RSSI: -84 [da:3f:3b:8f:03:fc]
RSSI: -83 [da:3f:3b:a8:04:3c]
RSSI: -86 [da:3f:3b:c2:04:8c]
RSSI: -84 [da:3f:3b:c2:04:8c]
RSSI: -86 [da:3f:3b:c2:04:8c]
RSSI: -81 [da:3f:3b:ce:04:bc]
RSSI: -85 [da:3f:3b:db:04:dc]
RSSI: -82 [da:3f:3b:e8:05:0c]
RSSI: -82 [da:3f:3b:f4:05:2c]
RSSI: -82 [da:3f:3c:01:05:5c]
RSSI: -79 [da:3f:3c:0e:05:7c]
RSSI: -83 [da:3f:3c:1b:05:ac]
RSSI: -92 [da:37:b5:25:11:8b]
RSSI: -79 [da:3f:3c:1b:05:ac]
RSSI: -83 [da:3f:3c:27:05:cc]
RSSI: -83 [da:3f:3c:27:05:cc]
RSSI: -80 [da:3f:3c:34:05:fc]
RSSI: -87 [da:3f:3c:41:06:2c]
RSSI: -79 [da:3f:3c:4d:06:4c]
RSSI: -80 [da:3f:3c:5a:06:6c]
RSSI: -76 [da:3f:3c:5a:06:6c]
RSSI: -85 [da:3f:3c:67:06:9c]
RSSI: -79 [da:3f:3c:67:06:9c]
RSSI: -75 [da:3f:3c:73:06:cc]
RSSI: -95 [da:39:99:91:13:ca]
RSSI: -80 [da:3f:3c:73:06:cc]
RSSI: -80 [da:3f:3c:80:06:ec]
RSSI: -75 [da:3f:3c:80:06:ec]
RSSI: -78 [da:3f:3c:8d:07:1c]
RSSI: -85 [da:3f:3c:8d:07:1c]
RSSI: -76 [da:3f:3c:99:07:3c]
RSSI: -77 [da:3f:3c:99:07:3c]
RSSI: -75 [da:3f:3c:a6:07:6c]
RSSI: -96 [da:3c:a2:bc:12:3e]
RSSI: -78 [da:3f:3c:b3:07:8c]
RSSI: -78 [da:3f:3c:b3:07:8c]
RSSI: -77 [da:3f:3c:c0:07:bc]
RSSI: -84 [da:3f:3c:c0:07:bc]
RSSI: -90 [da:3c:a2:da:12:9e]
RSSI: -90 [da:37:b5:d6:13:ab]
RSSI: -78 [da:3f:3c:cc:07:dc]
RSSI: -80 [da:3f:3c:d9:08:0c]
RSSI: -74 [da:3f:3c:e6:08:2c]
RSSI: -85 [da:3f:3c:f2:08:5c]
RSSI: -72 [da:3f:3c:f2:08:5c]
RSSI: -73 [da:3f:3c:ff:08:7c]
RSSI: -78 [da:3f:3c:ff:08:7c]
RSSI: -89 [da:3c:a3:21:13:5e]
RSSI: -73 [da:3f:3d:0c:08:ac]
RSSI: -73 [da:3f:3d:0c:08:ac]
RSSI: -81 [da:3f:3d:19:08:cc]
RSSI: -77 [da:3f:3d:19:08:cc]
RSSI: -75 [da:3f:3d:25:08:fc]
RSSI: -81 [da:3f:3d:32:09:2c]
RSSI: -75 [da:3f:3d:32:09:2c]
RSSI: -84 [da:3f:3d:3f:09:4c]
RSSI: -84 [da:3f:3d:3f:09:4c]
RSSI: -78 [da:3f:3d:3f:09:4c]
RSSI: -90 [da:3c:a3:5a:13:fe]
RSSI: -72 [da:3f:3d:4c:09:7c]
RSSI: -78 [da:3f:3d:4c:09:7c]
RSSI: -76 [da:3f:3d:58:09:9c]
RSSI: -71 [da:3f:3d:58:09:9c]
RSSI: -76 [da:3f:3d:65:09:cc]
RSSI: -76 [da:3f:3d:65:09:cc]
RSSI: -73 [da:3f:3d:72:09:ec]
RSSI: -78 [da:3f:3d:72:09:ec]
RSSI: -76 [da:3f:3d:7f:0a:1c]
RSSI: -81 [da:3f:3d:8b:0a:3c]
RSSI: -89 [da:39:9a:a9:00:9a]
RSSI: -74 [da:3f:3d:98:0a:6c]
RSSI: -93 [da:39:9a:b7:00:ba]
RSSI: -73 [da:3f:3d:a5:0a:9c]
RSSI: -90 [da:39:9a:c5:00:ea]
RSSI: -78 [da:3f:3d:b1:0a:bc]
RSSI: -75 [da:3f:3d:be:0a:ec]
RSSI: -82 [da:3f:3d:be:0a:ec]
RSSI: -77 [da:3f:3d:cb:0b:0c]
RSSI: -77 [da:3f:3d:cb:0b:0c]
RSSI: -78 [da:3f:3d:cb:0b:0c]
RSSI: -89 [da:3f:3d:d8:0b:3c]
RSSI: -79 [da:3f:3d:e5:0b:5c]
RSSI: -79 [da:3f:3d:f1:0b:8c]
RSSI: -80 [da:3f:3d:f1:0b:8c]
RSSI: -83 [da:3f:3d:fe:0b:ac]
RSSI: -94 [da:39:9b:22:01:ea]
RSSI: -83 [da:3f:3e:0b:0b:dc]
RSSI: -93 [da:37:b7:1e:01:0b]
RSSI: -86 [da:3f:3e:18:0b:fc]
RSSI: -89 [da:3f:3e:18:0b:fc]
RSSI: -82 [da:3f:3e:24:0c:2c]
RSSI: -81 [da:3f:3e:31:0c:5c]
RSSI: -82 [da:3f:3e:31:0c:5c]
RSSI: -78 [da:3f:3e:4a:0c:ac]
RSSI: -92 [da:39:9b:65:02:aa]
RSSI: -76 [da:3f:3e:57:0c:cc]
RSSI: -75 [da:3f:3e:57:0c:cc]
RSSI: -75 [da:3f:3e:64:0c:fc]
RSSI: -75 [da:3f:3e:71:0d:1c]
RSSI: -90 [da:39:9b:9a:03:3a]
RSSI: -91 [da:37:b7:93:02:6b]
RSSI: -91 [da:39:9b:9a:03:3a]
RSSI: -78 [da:3f:3e:8a:0d:6c]
RSSI: -79 [da:3f:3e:97:0d:9c]
RSSI: -70 [da:3f:3e:b1:0d:ec]
RSSI: -88 [da:37:b7:c0:02:eb]
RSSI: -90 [da:37:b7:c0:02:eb]
RSSI: -72 [da:3f:3e:bd:0e:0c]
RSSI: -87 [da:37:b7:d0:03:1b]
RSSI: -73 [da:3f:3e:ca:0e:3c]
RSSI: -72 [da:3f:3e:ca:0e:3c]
RSSI: -86 [da:39:9b:ea:04:1a]
RSSI: -72 [da:3f:3e:d7:0e:6c]
RSSI: -87 [da:39:9b:f8:04:4a]
RSSI: -74 [da:3f:3e:e4:0e:8c]
RSSI: -86 [da:39:9c:06:04:6a]
RSSI: -76 [da:3f:3e:f1:0e:bc]
RSSI: -77 [da:3f:3e:f1:0e:bc]
RSSI: -84 [da:39:9c:13:04:9a]
RSSI: -86 [da:37:b8:0c:03:cb]
RSSI: -85 [da:39:9c:13:04:9a]
RSSI: -85 [da:39:9c:20:04:ba]
RSSI: -73 [da:3f:3f:0a:0f:0c]
RSSI: -84 [da:39:9c:20:04:ba]
RSSI: -88 [da:37:b8:19:03:fb]
RSSI: -73 [da:3f:3f:17:0f:2c]
RSSI: -71 [da:3f:3f:17:0f:2c]
RSSI: -83 [da:39:9c:3b:05:0a]
RSSI: -70 [da:3f:3f:31:0f:7c]
RSSI: -85 [da:39:9c:49:05:2a]
RSSI: -67 [da:3f:3f:3d:0f:ac]
RSSI: -84 [da:39:9c:56:05:5a]
RSSI: -68 [da:3f:3f:3d:0f:ac]
RSSI: -83 [da:39:9c:56:05:5a]
RSSI: -82 [da:39:9c:63:05:7a]
RSSI: -89 [da:37:b8:56:04:ab]
RSSI: -71 [da:3f:3f:4a:0f:cc]
RSSI: -82 [da:39:9c:63:05:7a]
RSSI: -81 [da:39:9c:71:05:aa]
RSSI: -77 [da:39:9c:71:05:aa]
RSSI: -80 [da:39:9c:7f:05:ca]
RSSI: -79 [da:39:9c:7f:05:ca]
RSSI: -68 [da:3f:3f:64:10:1c]
RSSI: -78 [da:39:9c:7f:05:ca]
RSSI: -67 [da:3f:3f:71:10:4c]
RSSI: -79 [da:39:9c:8b:05:ea]
RSSI: -78 [da:39:9c:8b:05:ea]
RSSI: -69 [da:3f:3f:7d:10:6c]
RSSI: -74 [da:39:9c:99:06:1a]
RSSI: -74 [da:39:9c:99:06:1a]
RSSI: -68 [da:3f:3f:8a:10:9c]
RSSI: -76 [da:39:9c:a7:06:3a]
RSSI: -70 [da:3f:3f:8a:10:9c]
RSSI: -75 [da:39:9c:a7:06:3a]
RSSI: -62 [da:3f:3f:97:10:cc]
RSSI: -76 [da:39:9c:b3:06:6a]
RSSI: -89 [da:37:b8:af:05:bb]
RSSI: -67 [da:3f:3f:a4:10:ec]
RSSI: -73 [da:39:9c:c1:06:8a]
RSSI: -67 [da:3f:3f:b1:11:1c]
RSSI: -65 [da:3f:3f:b1:11:1c]
RSSI: -74 [da:39:9c:cf:06:ba]
RSSI: -62 [da:3f:3f:be:11:3c]
RSSI: -75 [da:39:9c:dc:06:da]
RSSI: -74 [da:39:9c:dc:06:da]
RSSI: -64 [da:3f:3f:ca:11:6c]
RSSI: -75 [da:39:9c:ea:07:0a]
RSSI: -66 [da:3f:3f:d7:11:8c]
RSSI: -75 [da:39:9c:ea:07:0a]
RSSI: -74 [da:39:9c:f7:07:2a]
RSSI: -74 [da:39:9c:f7:07:2a]
RSSI: -77 [da:39:9c:f7:07:2a]
RSSI: -66 [da:3f:3f:e4:11:bc]
RSSI: -75 [da:39:9d:04:07:4a]
RSSI: -89 [da:37:b8:f8:06:9b]
RSSI: -77 [da:39:9d:04:07:4a]
RSSI: -67 [da:3f:3f:f1:11:dc]
RSSI: -87 [da:37:b8:f8:06:9b]
RSSI: -77 [da:39:9d:04:07:4a]
RSSI: -77 [da:39:9d:12:07:7a]
RSSI: -69 [da:3f:3f:fe:12:0c]
RSSI: -89 [da:37:b9:08:06:cb]
RSSI: -69 [da:3f:3f:fe:12:0c]
RSSI: -77 [da:39:9d:20:07:9a]
RSSI: -79 [da:39:9d:20:07:9a]
RSSI: -74 [da:3f:40:0b:12:2c]
RSSI: -78 [da:39:9d:2c:07:ca]
RSSI: -74 [da:3f:40:17:12:5c]
RSSI: -78 [da:39:9d:2c:07:ca]
RSSI: -78 [da:3f:40:24:12:8c]
RSSI: -79 [da:39:9d:3a:07:ea]
RSSI: -77 [da:3f:40:24:12:8c]
RSSI: -80 [da:39:9d:48:08:1a]
RSSI: -70 [da:3f:40:31:12:ac]
RSSI: -82 [da:39:9d:55:08:3a]
RSSI: -77 [da:3f:40:3e:12:dc]
RSSI: -76 [da:3f:40:4b:12:fc]
RSSI: -74 [da:3f:40:4b:12:fc]
RSSI: -84 [da:39:9d:63:08:5a]
RSSI: -71 [da:3f:40:58:13:2c]
RSSI: -84 [da:39:9d:70:08:8a]
RSSI: -72 [da:3f:40:58:13:2c]
RSSI: -85 [da:39:9d:70:08:8a]
RSSI: -84 [da:39:9d:7d:08:aa]
RSSI: -74 [da:3f:40:64:13:4c]
RSSI: -87 [da:39:9d:7d:08:aa]
RSSI: -89 [da:39:9d:8b:08:da]
RSSI: -89 [da:37:b9:7f:08:2b]
RSSI: -88 [da:37:b9:8f:08:5b]
RSSI: -90 [da:3c:a6:96:06:ce]
RSSI: -86 [da:3f:40:98:13:ec]
RSSI: -78 [da:3f:40:a5:14:1c]
RSSI: -79 [da:3f:40:a5:14:1c]
RSSI: -86 [da:3f:40:a5:14:1c]
RSSI: -89 [da:3c:a6:c1:07:3e]
RSSI: -88 [da:3f:40:b1:14:3c]
RSSI: -89 [da:3c:a6:d0:07:6e]
RSSI: -79 [da:3f:40:be:14:6c]
RSSI: -88 [da:39:9d:dc:09:ba]
RSSI: -81 [da:3f:40:cb:14:8c]
RSSI: -88 [da:39:9d:ea:09:ea]
RSSI: -93 [da:3c:a6:ec:07:be]
RSSI: -78 [da:3f:40:d8:14:bc]
RSSI: -81 [da:3f:40:e5:14:dc]
RSSI: -80 [da:3f:40:e5:14:dc]
RSSI: -90 [da:37:b9:f8:09:9b]
RSSI: -79 [da:3f:40:f2:15:0c]
RSSI: -79 [da:3f:40:fe:15:2c]
RSSI: -89 [da:37:ba:05:09:bb]
RSSI: -79 [da:3f:40:fe:15:2c]
RSSI: -88 [da:39:9e:1f:0a:7a]
RSSI: -81 [da:3f:41:0b:15:5c]
RSSI: -78 [da:3f:41:0b:15:5c]
RSSI: -89 [da:39:9e:2d:0a:aa]
RSSI: -83 [da:3f:41:18:15:7c]
RSSI: -87 [da:39:9e:3a:0a:ca]
RSSI: -83 [da:3f:41:25:15:ac]
RSSI: -83 [da:3f:41:25:15:ac]
RSSI: -78 [da:3f:41:25:15:ac]
RSSI: -87 [da:39:9e:47:0a:fa]
RSSI: -86 [da:39:9e:55:0b:1a]
RSSI: -87 [da:39:9e:55:0b:1a]
RSSI: -75 [da:3f:41:4c:16:1c]
RSSI: -89 [da:37:ba:5f:0a:cb]
RSSI: -90 [da:39:9e:70:0b:6a]
RSSI: -89 [da:39:9e:7e:0b:8a]
RSSI: -82 [da:3f:41:66:16:6c]
RSSI: -78 [da:3f:41:72:00:0c]
RSSI: -79 [da:3f:41:72:00:0c]
RSSI: -83 [da:3f:41:7f:00:2c]
RSSI: -82 [da:3f:41:7f:00:2c]
RSSI: -90 [da:39:9e:98:0b:da]
RSSI: -82 [da:3f:41:7f:00:2c]
RSSI: -87 [da:3c:a7:a7:09:ce]
RSSI: -81 [da:3f:41:99:00:7c]
RSSI: -87 [da:3c:a7:b7:09:fe]
RSSI: -83 [da:3f:41:a6:00:ac]
RSSI: -84 [da:3f:41:a6:00:ac]
RSSI: -80 [da:3f:41:b3:00:cc]
RSSI: -79 [da:3c:a7:c3:0a:1e]
RSSI: -85 [da:3f:41:b3:00:cc]
RSSI: -79 [da:3f:41:c0:00:fc]
RSSI: -80 [da:3f:41:cd:01:1c]
RSSI: -79 [da:3f:41:e6:01:6c]
RSSI: -91 [da:39:9e:f7:0c:ea]
RSSI: -77 [da:3c:a7:fe:0a:ce]
RSSI: -82 [da:3f:41:e6:01:6c]
RSSI: -83 [da:3f:41:f3:01:9c]
RSSI: -78 [da:3c:a8:0d:0a:ee]
RSSI: -79 [da:3f:41:f3:01:9c]
RSSI: -91 [da:39:9f:12:0d:3a]
RSSI: -81 [da:3f:42:00:01:bc]
RSSI: -79 [da:3c:a8:1a:0b:1e]
RSSI: -82 [da:3f:42:00:01:bc]
RSSI: -78 [da:3c:a8:1a:0b:1e]
RSSI: -80 [da:3f:42:0d:01:ec]
RSSI: -77 [da:3f:42:0d:01:ec]
RSSI: -78 [da:3c:a8:29:0b:3e]
RSSI: -81 [da:3f:42:1a:02:0c]
RSSI: -79 [da:3c:a8:29:0b:3e]
RSSI: -76 [da:3f:42:1a:02:0c]
RSSI: -79 [da:3c:a8:38:0b:6e]
RSSI: -79 [da:3c:a8:38:0b:6e]
RSSI: -73 [da:3f:42:27:02:3c]
RSSI: -79 [da:3f:42:27:02:3c]
RSSI: -80 [da:3c:a8:45:0b:8e]
RSSI: -74 [da:3f:42:34:02:5c]
RSSI: -74 [da:3f:42:34:02:5c]
RSSI: -90 [da:39:9f:56:0d:fa]
RSSI: -78 [da:3f:42:41:02:8c]
RSSI: -79 [da:3c:a8:54:0b:be]
RSSI: -75 [da:3f:42:41:02:8c]
RSSI: -80 [da:3c:a8:54:0b:be]
RSSI: -80 [da:3c:a8:63:0b:ee]
RSSI: -80 [da:3f:42:4e:02:ac]
RSSI: -79 [da:3c:a8:63:0b:ee]
RSSI: -80 [da:3f:42:4e:02:ac]
RSSI: -79 [da:3f:42:5a:02:dc]
RSSI: -78 [da:3f:42:5a:02:dc]
RSSI: -85 [da:3f:42:68:03:0c]
RSSI: -90 [da:39:9f:7f:0e:7a]
RSSI: -81 [da:3c:a8:7f:0c:3e]
RSSI: -83 [da:3c:a8:8f:0c:5e]
RSSI: -83 [da:3c:a8:8f:0c:5e]
RSSI: -81 [da:3c:a8:8f:0c:5e]
RSSI: -83 [da:3f:42:81:03:5c]
RSSI: -84 [da:3c:a8:9b:0c:8e]
RSSI: -78 [da:3f:42:81:03:5c]
RSSI: -82 [da:3f:42:8e:03:7c]
RSSI: -88 [da:3c:a8:aa:0c:ae]
RSSI: -85 [da:3c:a8:ba:0c:de]
RSSI: -79 [da:3f:42:a8:03:cc]
RSSI: -87 [da:3f:42:b5:03:fc]
RSSI: -89 [da:3c:a8:c6:0c:fe]
RSSI: -83 [da:3f:42:b5:03:fc]
RSSI: -88 [da:3f:42:cf:04:4c]
RSSI: -92 [da:39:a0:21:10:4a]
RSSI: -91 [da:3f:43:10:05:1c]
RSSI: -91 [da:3f:43:1c:05:3c]
RSSI: -84 [da:3f:43:29:05:6c]
RSSI: -88 [da:3f:43:36:05:9c]
RSSI: -83 [da:3f:43:50:05:ec]
RSSI: -92 [da:3f:43:5d:06:0c]
RSSI: -85 [da:3f:43:5d:06:0c]
RSSI: -91 [da:3f:43:77:06:5c]
RSSI: -90 [da:3c:a9:92:0f:3e]
RSSI: -89 [da:3f:43:84:06:8c]
RSSI: -90 [da:3c:a9:bd:0f:be]
RSSI: -85 [da:3f:43:ab:07:0c]
RSSI: -83 [da:3f:43:c5:07:5c]
RSSI: -83 [da:3f:43:c5:07:5c]
RSSI: -85 [da:3f:43:d2:07:7c]
RSSI: -82 [da:3f:43:d2:07:7c]
RSSI: -86 [da:3f:43:df:07:ac]
RSSI: -82 [da:3f:43:df:07:ac]
RSSI: -82 [da:3f:43:ec:07:dc]
RSSI: -83 [da:3f:43:ec:07:dc]
RSSI: -81 [da:3f:43:f9:07:fc]
RSSI: -82 [da:3f:43:f9:07:fc]
RSSI: -80 [da:3f:44:05:08:2c]
RSSI: -82 [da:3f:44:05:08:2c]
RSSI: -82 [da:3f:44:13:08:4c]
RSSI: -80 [da:3f:44:13:08:4c]
RSSI: -80 [da:3f:44:20:08:7c]
RSSI: -91 [da:3c:aa:30:11:0e]
RSSI: -80 [da:3f:44:20:08:7c]
RSSI: -80 [da:3f:44:20:08:7c]
RSSI: -78 [da:3f:44:20:08:7c]
RSSI: -81 [da:3f:44:2d:08:9c]
RSSI: -79 [da:3f:44:2d:08:9c]
RSSI: -76 [da:3f:44:3a:08:cc]
RSSI: -80 [da:3f:44:3a:08:cc]
RSSI: -78 [da:3f:44:47:08:fc]
RSSI: -75 [da:3f:44:47:08:fc]
RSSI: -91 [da:3c:aa:6b:11:ae]
RSSI: -80 [da:3f:44:53:09:1c]
RSSI: -77 [da:3f:44:53:09:1c]
RSSI: -77 [da:3f:44:53:09:1c]
RSSI: -76 [da:3f:44:61:09:4c]
RSSI: -78 [da:3f:44:61:09:4c]
RSSI: -77 [da:3f:44:6e:09:6c]
RSSI: -77 [da:3f:44:6e:09:6c]
RSSI: -77 [da:3f:44:7a:09:9c]
RSSI: -78 [da:3f:44:88:09:bc]
RSSI: -77 [da:3f:44:88:09:bc]
RSSI: -76 [da:3f:44:95:09:ec]
RSSI: -78 [da:3f:44:95:09:ec]
RSSI: -76 [da:3f:44:a1:0a:1c]
RSSI: -75 [da:3f:44:af:0a:3c]
RSSI: -75 [da:3f:44:bc:0a:6c]
RSSI: -77 [da:3f:44:bc:0a:6c]
RSSI: -94 [da:3c:aa:de:12:fe]
RSSI: -77 [da:3f:44:d6:0a:bc]
RSSI: -83 [da:3f:44:e3:0a:ec]
RSSI: -96 [da:3c:aa:fa:13:4e]
RSSI: -86 [da:3f:44:e3:0a:ec]
RSSI: -94 [da:37:bd:fb:15:8b]
RSSI: -80 [da:3f:44:ef:0b:0c]
RSSI: -83 [da:3f:44:fd:0b:3c]
RSSI: -79 [da:3f:45:16:0b:8c]
RSSI: -87 [da:39:a2:3b:00:2a]
RSSI: -91 [da:39:a2:47:00:4a]
RSSI: -85 [da:3f:45:31:0b:dc]
RSSI: -92 [da:3c:ab:44:14:1e]
RSSI: -80 [da:3f:45:3d:0c:0c]
RSSI: -95 [da:37:be:54:00:0b]
RSSI: -81 [da:3f:45:3d:0c:0c]
RSSI: -88 [da:39:a2:64:00:9a]
RSSI: -82 [da:3f:45:4b:0c:2c]
RSSI: -90 [da:39:a2:64:00:9a]
RSSI: -83 [da:3f:45:4b:0c:2c]
RSSI: -82 [da:3f:45:58:0c:5c]
RSSI: -87 [da:3f:45:65:0c:7c]
RSSI: -81 [da:3f:45:65:0c:7c]
RSSI: -80 [da:3f:45:72:0c:ac]
RSSI: -85 [da:39:a2:8d:01:1a]
RSSI: -85 [da:3f:45:72:0c:ac]
RSSI: -93 [da:37:be:88:00:9b]
RSSI: -87 [da:39:a2:8d:01:1a]
RSSI: -81 [da:3f:45:7f:0c:dc]
RSSI: -81 [da:3f:45:7f:0c:dc]
RSSI: -89 [da:39:a2:a7:01:5a]
RSSI: -75 [da:3f:45:99:0d:2c]
RSSI: -92 [da:3f:45:a6:0d:5c]
RSSI: -76 [da:3f:45:a6:0d:5c]
RSSI: -83 [da:3f:45:b3:0d:7c]
RSSI: -86 [da:3f:45:b3:0d:7c]
RSSI: -81 [da:3f:45:c0:0d:ac]
RSSI: -82 [da:3f:45:c0:0d:ac]
RSSI: -83 [da:3f:45:cd:0d:cc]
RSSI: -86 [da:3f:45:cd:0d:cc]
RSSI: -82 [da:3f:45:da:0d:fc]
RSSI: -81 [da:3f:45:da:0d:fc]
RSSI: -90 [da:39:a2:f9:02:4a]
RSSI: -82 [da:3f:45:e7:0e:2c]
RSSI: -83 [da:3f:45:f4:0e:4c]
RSSI: -75 [da:3f:45:f4:0e:4c]
RSSI: -87 [da:37:bf:07:02:1b]
RSSI: -84 [da:3f:46:01:0e:7c]
RSSI: -84 [da:3f:46:01:0e:7c]
RSSI: -87 [da:37:bf:14:02:4b]
RSSI: -91 [da:39:a3:22:02:ba]
RSSI: -84 [da:3f:46:0e:0e:9c]
RSSI: -74 [da:3f:46:1b:0e:cc]
RSSI: -75 [da:3f:46:1b:0e:cc]
RSSI: -85 [da:37:bf:2e:02:8b]
RSSI: -78 [da:3f:46:28:0e:fc]
RSSI: -85 [da:37:bf:47:02:db]
RSSI: -74 [da:3f:46:35:0f:1c]
RSSI: -83 [da:37:bf:47:02:db]
RSSI: -84 [da:37:bf:54:02:fb]
RSSI: -76 [da:3f:46:43:0f:4c]
RSSI: -87 [da:37:bf:54:02:fb]
RSSI: -71 [da:3f:46:4f:0f:6c]
RSSI: -84 [da:37:bf:61:03:2b]
RSSI: -69 [da:3f:46:5d:0f:9c]
RSSI: -83 [da:37:bf:6e:03:4b]
RSSI: -68 [da:3f:46:5d:0f:9c]
RSSI: -83 [da:37:bf:7b:03:7b]
RSSI: -70 [da:3f:46:6a:0f:cc]
RSSI: -83 [da:37:bf:7b:03:7b]
RSSI: -65 [da:3f:46:76:0f:ec]
RSSI: -83 [da:37:bf:87:03:9b]
RSSI: -65 [da:3f:46:84:10:1c]
RSSI: -82 [da:37:bf:94:03:bb]
RSSI: -92 [da:39:a3:9d:04:1a]
RSSI: -64 [da:3f:46:84:10:1c]
RSSI: -82 [da:37:bf:94:03:bb]
RSSI: -67 [da:3f:46:91:10:3c]
RSSI: -82 [da:37:bf:a1:03:eb]
RSSI: -90 [da:39:a3:ab:04:4a]
RSSI: -85 [da:37:bf:ae:04:0b]
RSSI: -90 [da:39:a3:c6:04:9a]
RSSI: -66 [da:3f:46:ab:10:8c]
RSSI: -66 [da:3f:46:c5:10:ec]
RSSI: -66 [da:3f:46:c5:10:ec]
RSSI: -71 [da:3f:46:c5:10:ec]
RSSI: -67 [da:3f:46:d2:11:0c]
RSSI: -68 [da:3f:46:d2:11:0c]
RSSI: -86 [da:37:bf:ee:04:cb]
RSSI: -71 [da:3f:46:df:11:3c]
RSSI: -69 [da:3f:46:df:11:3c]
RSSI: -88 [da:37:bf:fb:04:fb]
RSSI: -72 [da:3f:46:ec:11:5c]
RSSI: -84 [da:39:a4:0a:05:5a]
RSSI: -70 [da:3f:46:f9:11:8c]
RSSI: -70 [da:3f:46:f9:11:8c]
RSSI: -85 [da:39:a4:18:05:7a]
RSSI: -83 [da:39:a4:18:05:7a]
RSSI: -88 [da:37:c0:14:05:4b]
RSSI: -84 [da:39:a4:26:05:aa]
RSSI: -72 [da:3f:47:07:11:ac]
RSSI: -82 [da:39:a4:26:05:aa]
RSSI: -72 [da:3f:47:13:11:dc]
RSSI: -78 [da:3f:47:13:11:dc]
RSSI: -73 [da:3f:47:21:11:fc]
RSSI: -75 [da:3f:47:21:11:fc]
RSSI: -80 [da:39:a4:41:05:fa]
RSSI: -76 [da:3f:47:2e:12:2c]
RSSI: -76 [da:3f:47:2e:12:2c]
RSSI: -80 [da:39:a4:4f:06:1a]
RSSI: -78 [da:3f:47:3a:12:5c]
RSSI: -85 [da:3f:47:3a:12:5c]
RSSI: -80 [da:39:a4:5c:06:4a]
RSSI: -78 [da:3f:47:48:12:7c]
RSSI: -78 [da:39:a4:5c:06:4a]
RSSI: -79 [da:3f:47:48:12:7c]
RSSI: -89 [da:39:a4:6a:06:6a]
RSSI: -79 [da:3f:47:55:12:ac]
RSSI: -79 [da:39:a4:6a:06:6a]
RSSI: -78 [da:39:a4:78:06:9a]
RSSI: -77 [da:39:a4:85:06:ba]
RSSI: -77 [da:3f:47:6f:12:fc]
RSSI: -78 [da:39:a4:85:06:ba]
RSSI: -75 [da:39:a4:a2:07:0a]
RSSI: -78 [da:3f:47:89:13:4c]
RSSI: -81 [da:3f:47:a4:13:9c]
RSSI: -91 [da:3c:ad:b9:04:ae]
RSSI: -77 [da:39:a4:bd:07:5a]
RSSI: -81 [da:3f:47:a4:13:9c]
RSSI: -81 [da:3f:47:a4:13:9c]
RSSI: -76 [da:39:a4:bd:07:5a]
RSSI: -80 [da:3f:47:b0:13:cc]
RSSI: -76 [da:39:a4:cb:07:7a]
RSSI: -80 [da:3f:47:b0:13:cc]
RSSI: -76 [da:39:a4:cb:07:7a]
RSSI: -76 [da:39:a4:d7:07:aa]
RSSI: -79 [da:3f:47:be:13:ec]
RSSI: -75 [da:39:a4:d7:07:aa]
RSSI: -78 [da:3f:47:cb:14:1c]
RSSI: -78 [da:39:a4:e6:07:ca]
RSSI: -77 [da:3f:47:cb:14:1c]
RSSI: -78 [da:39:a4:e6:07:ca]
RSSI: -76 [da:3f:47:d8:14:3c]
RSSI: -91 [da:3c:ad:f5:05:5e]
RSSI: -76 [da:3f:47:e5:14:6c]
RSSI: -77 [da:3f:47:e5:14:6c]
RSSI: -79 [da:39:a5:00:08:1a]
RSSI: -77 [da:3f:47:f2:14:8c]
RSSI: -76 [da:3f:47:ff:14:bc]
RSSI: -82 [da:39:a5:1d:08:6a]
RSSI: -80 [da:3f:47:ff:14:bc]
RSSI: -82 [da:39:a5:1d:08:6a]
RSSI: -77 [da:3f:48:0c:14:ec]
RSSI: -76 [da:3f:48:0c:14:ec]
RSSI: -83 [da:39:a5:2a:08:8a]
RSSI: -78 [da:3f:48:1a:15:0c]
RSSI: -86 [da:39:a5:38:08:ba]
RSSI: -78 [da:3f:48:1a:15:0c]
RSSI: -85 [da:39:a5:38:08:ba]
RSSI: -84 [da:39:a5:46:08:da]
RSSI: -79 [da:3f:48:2c:15:4c]
RSSI: -89 [da:39:a5:46:08:da]
RSSI: -80 [da:3f:48:3c:15:7c]
RSSI: -77 [da:3f:48:49:15:ac]
RSSI: -92 [da:37:c1:62:09:2b]
RSSI: -76 [da:3f:48:56:15:cc]
RSSI: -78 [da:3f:48:63:15:fc]
RSSI: -77 [da:3f:48:63:15:fc]
RSSI: -75 [da:3f:48:71:16:1c]
RSSI: -91 [da:39:a5:8a:09:aa]
RSSI: -90 [da:39:a5:99:09:ca]
RSSI: -77 [da:3f:48:7d:16:4c]
RSSI: -91 [da:37:c1:96:09:cb]
RSSI: -80 [da:3f:48:8b:16:6c]
RSSI: -78 [da:3f:48:8b:16:6c]
RSSI: -81 [da:3f:48:98:00:0c]
RSSI: -81 [da:3f:48:a5:00:2c]
RSSI: -82 [da:3f:48:a5:00:2c]
RSSI: -76 [da:3f:48:a5:00:2c]
RSSI: -85 [da:3f:48:b2:00:5c]
RSSI: -91 [da:3f:48:bf:00:7c]
RSSI: -88 [da:39:a5:dd:0a:9a]
RSSI: -83 [da:3f:48:cc:00:ac]
RSSI: -90 [da:39:a5:dd:0a:9a]
RSSI: -79 [da:3f:48:cc:00:ac]
RSSI: -89 [da:3c:ae:ec:08:0e]
RSSI: -82 [da:3f:48:da:00:cc]
RSSI: -89 [da:39:a5:f8:0a:ea]
RSSI: -84 [da:3f:48:e7:00:fc]
RSSI: -92 [da:37:c2:0a:0b:2b]
RSSI: -84 [da:3f:49:01:01:4c]
RSSI: -83 [da:3f:49:01:01:4c]
RSSI: -91 [da:37:c2:17:0b:4b]
RSSI: -83 [da:3f:49:0e:01:7c]
RSSI: -84 [da:3f:49:1b:01:9c]
RSSI: -84 [da:3f:49:29:01:cc]
RSSI: -84 [da:3f:49:29:01:cc]
RSSI: -88 [da:39:a6:59:0b:fa]
RSSI: -84 [da:3f:49:42:02:1c]
RSSI: -85 [da:3f:49:5d:02:6c]
RSSI: -93 [da:3c:af:6f:09:8e]
RSSI: -86 [da:3f:49:5d:02:6c]
RSSI: -83 [da:3f:49:5d:02:6c]
RSSI: -93 [da:37:c2:71:0c:5b]
RSSI: -83 [da:3f:49:6a:02:9c]
RSSI: -83 [da:3f:49:77:02:bc]
RSSI: -87 [da:3f:49:91:03:0c]
RSSI: -84 [da:3f:49:9f:03:3c]
RSSI: -92 [da:39:a6:b9:0d:1a]
RSSI: -84 [da:3f:49:ac:03:6c]
RSSI: -82 [da:3f:49:b9:03:8c]
RSSI: -83 [da:3f:49:c7:03:bc]
RSSI: -83 [da:3c:af:f3:0a:fe]
RSSI: -83 [da:3c:af:f3:0a:fe]
RSSI: -87 [da:3c:b0:12:0b:5e]
RSSI: -88 [da:3f:49:fb:04:5c]
RSSI: -90 [da:3f:49:fb:04:5c]
RSSI: -87 [da:3c:b0:1f:0b:7e]
RSSI: -87 [da:3c:b0:1f:0b:7e]
RSSI: -88 [da:3c:b0:2f:0b:ae]
RSSI: -86 [da:3f:4a:23:04:dc]
RSSI: -86 [da:3f:4a:30:04:fc]
RSSI: -85 [da:3c:b0:4b:0b:fe]
RSSI: -84 [da:3f:4a:3d:05:2c]
RSSI: -83 [da:3f:4a:3d:05:2c]
RSSI: -86 [da:3c:b0:5b:0c:2e]
RSSI: -85 [da:3c:b0:6a:0c:5e]
RSSI: -86 [da:3f:4a:57:05:7c]
RSSI: -87 [da:3c:b0:86:0c:ae]
RSSI: -92 [da:39:a7:95:0f:8a]
RSSI: -85 [da:3f:4a:8c:06:1c]
RSSI: -86 [da:3c:b0:a3:0c:fe]
RSSI: -88 [da:3f:4a:9a:06:4c]
RSSI: -91 [da:3c:b0:b2:0d:2e]
RSSI: -83 [da:3f:4a:b4:06:9c]
RSSI: -85 [da:3f:4a:c1:06:cc]
RSSI: -83 [da:3f:4a:ce:06:fc]
RSSI: -87 [da:3f:4a:ce:06:fc]
RSSI: -84 [da:3f:4a:dc:07:1c]
RSSI: -83 [da:3f:4a:e9:07:4c]
RSSI: -83 [da:3f:4b:11:07:cc]
RSSI: -86 [da:3f:4b:1d:07:ec]
RSSI: -93 [da:3c:b1:37:0e:9e]
RSSI: -80 [da:3f:4b:38:08:4c]
RSSI: -77 [da:3f:4b:38:08:4c]
RSSI: -75 [da:3f:4b:45:08:6c]
RSSI: -77 [da:3f:4b:45:08:6c]
RSSI: -76 [da:3f:4b:53:08:9c]
RSSI: -90 [da:3c:b1:63:0f:1e]
RSSI: -75 [da:3f:4b:53:08:9c]
RSSI: -77 [da:3f:4b:60:08:cc]
RSSI: -76 [da:3f:4b:60:08:cc]
RSSI: -90 [da:3c:b1:7f:0f:6e]
RSSI: -76 [da:3f:4b:6d:08:ec]
RSSI: -78 [da:3f:4b:6d:08:ec]
RSSI: -76 [da:3f:4b:7a:09:1c]
RSSI: -77 [da:3f:4b:7a:09:1c]
RSSI: -89 [da:3c:b1:9e:0f:be]
RSSI: -77 [da:3f:4b:88:09:4c]
RSSI: -77 [da:3f:4b:95:09:6c]
RSSI: -89 [da:3c:b1:ab:0f:ee]
RSSI: -79 [da:3f:4b:a2:09:9c]
RSSI: -78 [da:3f:4b:b0:09:cc]
RSSI: -76 [da:3f:4b:bc:09:ec]
RSSI: -81 [da:3f:4b:ca:0a:1c]
RSSI: -91 [da:3c:b1:f7:10:be]
RSSI: -79 [da:3f:4b:e4:0a:6c]
RSSI: -84 [da:3f:4b:f2:0a:9c]
RSSI: -83 [da:3f:4b:f2:0a:9c]
RSSI: -89 [da:3c:b2:13:11:0e]
RSSI: -77 [da:3f:4b:ff:0a:bc]
RSSI: -81 [da:3f:4c:0c:0a:ec]
RSSI: -91 [da:39:a9:27:14:1a]
RSSI: -82 [da:3f:4c:0c:0a:ec]
RSSI: -76 [da:3f:4c:19:0b:1c]
RSSI: -80 [da:3f:4c:19:0b:1c]
RSSI: -82 [da:3f:4c:27:0b:3c]
RSSI: -78 [da:3f:4c:27:0b:3c]
RSSI: -86 [da:3f:4c:34:0b:6c]
RSSI: -92 [da:39:a9:51:14:8a]
RSSI: -83 [da:3f:4c:41:0b:9c]
RSSI: -81 [da:3f:4c:4f:0b:bc]
RSSI: -92 [da:37:c5:88:15:8b]
RSSI: -81 [da:3f:4c:77:0c:3c]
RSSI: -93 [da:3c:b2:88:12:4e]
RSSI: -92 [da:37:c5:88:15:8b]
RSSI: -83 [da:3f:4c:83:0c:6c]
RSSI: -79 [da:3f:4c:83:0c:6c]
RSSI: -81 [da:3f:4c:91:0c:8c]
RSSI: -75 [da:3f:4c:9e:0c:bc]
RSSI: -77 [da:3f:4c:ab:0c:ec]
RSSI: -74 [da:3f:4c:ab:0c:ec]
RSSI: -81 [da:3f:4c:b9:0d:0c]
RSSI: -76 [da:3f:4c:b9:0d:0c]
RSSI: -93 [da:39:a9:da:16:1a]
RSSI: -75 [da:3f:4c:c6:0d:3c]
RSSI: -77 [da:3f:4c:c6:0d:3c]
RSSI: -78 [da:3f:4c:d3:0d:6c]
RSSI: -76 [da:3f:4c:d3:0d:6c]
RSSI: -76 [da:3f:4c:e1:0d:8c]
RSSI: -80 [da:3f:4c:ee:0d:bc]
RSSI: -76 [da:3f:4c:fb:0d:ec]
RSSI: -76 [da:3f:4c:fb:0d:ec]
RSSI: -87 [da:39:aa:21:00:9a]
RSSI: -79 [da:3f:4d:08:0e:0c]
RSSI: -76 [da:3f:4d:16:0e:3c]
RSSI: -80 [da:3f:4d:30:0e:8c]
RSSI: -88 [da:39:aa:4b:01:1a]
RSSI: -90 [da:37:c6:3f:01:3b]
RSSI: -74 [da:3f:4d:30:0e:8c]
RSSI: -91 [da:39:aa:57:01:3a]
RSSI: -79 [da:3f:4d:4a:0e:dc]
RSSI: -80 [da:3f:4d:4a:0e:dc]
RSSI: -88 [da:39:aa:66:01:6a]
RSSI: -76 [da:3f:4d:58:0f:0c]
RSSI: -94 [da:39:aa:74:01:8a]
RSSI: -78 [da:3f:4d:58:0f:0c]
RSSI: -76 [da:3f:4d:66:0f:3c]
RSSI: -87 [da:37:c6:80:01:fb]
RSSI: -73 [da:3f:4d:72:0f:5c]
RSSI: -82 [da:3f:4d:72:0f:5c]
RSSI: -73 [da:3f:4d:80:0f:8c]
RSSI: -84 [da:37:c6:8d:02:1b]
RSSI: -71 [da:3f:4d:80:0f:8c]
RSSI: -85 [da:37:c6:9a:02:4b]
RSSI: -71 [da:3f:4d:8e:0f:ac]
RSSI: -71 [da:3f:4d:8e:0f:ac]
RSSI: -82 [da:37:c6:a7:02:6b]
RSSI: -73 [da:3f:4d:9a:0f:dc]
RSSI: -74 [da:3f:4d:9a:0f:dc]
RSSI: -80 [da:37:c6:b4:02:9b]
RSSI: -69 [da:3f:4d:a8:10:0c]
RSSI: -69 [da:3f:4d:a8:10:0c]
RSSI: -81 [da:37:c6:b4:02:9b]
RSSI: -69 [da:3f:4d:a8:10:0c]
RSSI: -80 [da:37:c6:c1:02:bb]
RSSI: -67 [da:3f:4d:b6:10:2c]
RSSI: -81 [da:37:c6:ce:02:db]
RSSI: -80 [da:37:c6:ce:02:db]
RSSI: -73 [da:3f:4d:c2:10:5c]
RSSI: -79 [da:37:c6:db:03:0b]
RSSI: -66 [da:3f:4d:d0:10:8c]
RSSI: -79 [da:37:c6:db:03:0b]
RSSI: -79 [da:37:c6:e9:03:2b]
RSSI: -66 [da:3f:4d:de:10:ac]
RSSI: -77 [da:37:c6:e9:03:2b]
RSSI: -66 [da:3f:4d:de:10:ac]
RSSI: -79 [da:37:c6:f5:03:5b]
RSSI: -72 [da:3f:4d:ea:10:dc]
RSSI: -66 [da:3f:4d:ea:10:dc]
RSSI: -80 [da:37:c7:03:03:7b]
RSSI: -66 [da:3f:4d:f8:11:0c]
RSSI: -79 [da:37:c7:03:03:7b]
RSSI: -70 [da:3f:4d:f8:11:0c]
RSSI: -79 [da:37:c7:10:03:ab]
RSSI: -80 [da:37:c7:10:03:ab]
RSSI: -66 [da:3f:4e:06:11:2c]
RSSI: -79 [da:37:c7:1c:03:cb]
RSSI: -70 [da:3f:4e:12:11:5c]
RSSI: -79 [da:37:c7:2a:03:fb]
RSSI: -67 [da:3f:4e:12:11:5c]
RSSI: -79 [da:37:c7:2a:03:fb]
RSSI: -67 [da:3f:4e:20:11:7c]
RSSI: -71 [da:3f:4e:20:11:7c]
RSSI: -80 [da:37:c7:37:04:1b]
RSSI: -79 [da:37:c7:37:04:1b]
RSSI: -68 [da:3f:4e:2e:11:ac]
RSSI: -90 [da:39:ab:45:03:da]
RSSI: -79 [da:37:c7:37:04:1b]
RSSI: -68 [da:3f:4e:2e:11:ac]
RSSI: -79 [da:37:c7:44:04:4b]
RSSI: -70 [da:3f:4e:3a:11:dc]
RSSI: -81 [da:37:c7:51:04:6b]
RSSI: -88 [da:39:ab:52:03:fa]
RSSI: -81 [da:37:c7:51:04:6b]
RSSI: -74 [da:3f:4e:48:11:fc]
RSSI: -81 [da:37:c7:5e:04:9b]
RSSI: -73 [da:3f:4e:56:12:2c]
RSSI: -73 [da:3f:4e:56:12:2c]
RSSI: -84 [da:37:c7:6b:04:bb]
RSSI: -90 [da:39:ab:7b:04:7a]
RSSI: -78 [da:3f:4e:62:12:5c]
RSSI: -82 [da:37:c7:78:04:db]
RSSI: -82 [da:37:c7:78:04:db]
RSSI: -87 [da:39:ab:8a:04:9a]
RSSI: -82 [da:3f:4e:70:12:7c]
RSSI: -88 [da:39:ab:99:04:ca]
RSSI: -89 [da:37:c7:92:05:2b]
RSSI: -89 [da:37:c7:a0:05:5b]
RSSI: -86 [da:39:ab:a5:04:ea]
RSSI: -83 [da:3f:4e:a6:13:2c]
RSSI: -86 [da:39:ab:c2:05:3a]
RSSI: -84 [da:3f:4e:b2:13:4c]
RSSI: -85 [da:39:ab:cf:05:6a]
RSSI: -83 [da:3f:4e:b2:13:4c]
RSSI: -84 [da:39:ab:de:05:8a]
RSSI: -83 [da:3f:4e:ce:13:ac]
RSSI: -84 [da:39:ab:de:05:8a]
RSSI: -83 [da:3f:4e:ce:13:ac]
RSSI: -83 [da:39:ab:ec:05:ba]
RSSI: -86 [da:3f:4e:da:13:cc]
RSSI: -80 [da:39:ab:f9:05:da]
RSSI: -80 [da:39:ab:f9:05:da]
RSSI: -84 [da:3f:4e:e8:13:fc]
RSSI: -83 [da:39:ac:07:06:0a]
RSSI: -80 [da:3f:4e:f6:14:1c]
RSSI: -81 [da:39:ac:16:06:2a]
RSSI: -80 [da:39:ac:16:06:2a]
RSSI: -79 [da:39:ac:23:06:5a]
RSSI: -82 [da:3f:4f:10:14:6c]
RSSI: -80 [da:39:ac:31:06:7a]
RSSI: -76 [da:39:ac:31:06:7a]
RSSI: -79 [da:3f:4f:1e:14:9c]
RSSI: -78 [da:39:ac:40:06:aa]
RSSI: -84 [da:3f:4f:2a:14:cc]
RSSI: -76 [da:39:ac:40:06:aa]
RSSI: -85 [da:3f:4f:2a:14:cc]
RSSI: -77 [da:39:ac:4c:06:ca]
RSSI: -86 [da:3f:4f:38:14:ec]
RSSI: -81 [da:3f:4f:38:14:ec]
RSSI: -83 [da:3f:4f:46:15:1c]
RSSI: -75 [da:39:ac:5b:06:ea]
RSSI: -82 [da:3f:4f:46:15:1c]
RSSI: -76 [da:39:ac:6a:07:1a]
RSSI: -83 [da:3f:4f:53:15:4c]
RSSI: -83 [da:3f:4f:53:15:4c]
RSSI: -81 [da:3f:4f:60:15:6c]
RSSI: -78 [da:39:ac:76:07:3a]
RSSI: -80 [da:3f:4f:60:15:6c]
RSSI: -77 [da:39:ac:76:07:3a]
RSSI: -78 [da:39:ac:94:07:9a]
RSSI: -78 [da:3f:4f:7b:15:bc]
RSSI: -76 [da:39:ac:94:07:9a]
RSSI: -78 [da:39:ac:a0:07:ba]
RSSI: -78 [da:39:ac:af:07:ea]
RSSI: -78 [da:3f:4f:96:16:1c]
RSSI: -79 [da:39:ac:af:07:ea]
RSSI: -76 [da:39:ac:be:08:0a]
RSSI: -78 [da:3f:4f:a3:16:3c]
RSSI: -76 [da:39:ac:be:08:0a]
RSSI: -81 [da:39:ac:be:08:0a]
RSSI: -79 [da:39:ac:ca:08:2a]
RSSI: -78 [da:3f:4f:b1:16:6c]
RSSI: -82 [da:3f:4f:be:00:0c]
RSSI: -81 [da:39:ac:d9:08:5a]
RSSI: -78 [da:3f:4f:be:00:0c]
RSSI: -82 [da:39:ac:d9:08:5a]
RSSI: -76 [da:3f:4f:cb:00:2c]
RSSI: -82 [da:39:ac:e7:08:8a]
RSSI: -83 [da:3f:4f:cb:00:2c]
RSSI: -80 [da:3f:4f:d9:00:5c]
RSSI: -78 [da:3f:4f:d9:00:5c]
RSSI: -81 [da:3f:4f:e7:00:7c]
RSSI: -89 [da:37:c8:fc:09:6b]
RSSI: -81 [da:3f:4f:e7:00:7c]
RSSI: -83 [da:3f:4f:f3:00:ac]
RSSI: -90 [da:39:ad:11:08:fa]
RSSI: -81 [da:3f:50:01:00:dc]
RSSI: -86 [da:3f:50:0f:00:fc]
RSSI: -82 [da:3f:50:0f:00:fc]
RSSI: -86 [da:3f:50:1b:01:2c]
RSSI: -83 [da:3f:50:29:01:4c]
RSSI: -89 [da:39:ad:48:09:9a]
RSSI: -82 [da:3f:50:37:01:7c]
RSSI: -85 [da:39:ad:57:09:ca]
RSSI: -86 [da:3f:50:44:01:ac]
RSSI: -82 [da:3f:50:44:01:ac]
RSSI: -86 [da:39:ad:65:09:fa]
RSSI: -83 [da:3f:50:5f:01:fc]
RSSI: -91 [da:39:ad:72:0a:1a]
RSSI: -85 [da:3f:50:5f:01:fc]
RSSI: -83 [da:3f:50:6c:02:2c]
RSSI: -81 [da:3f:50:6c:02:2c]
RSSI: -86 [da:3f:50:7a:02:4c]
RSSI: -80 [da:3f:50:87:02:7c]
RSSI: -90 [da:39:ad:9c:0a:9a]
RSSI: -90 [da:37:c9:9a:0b:4b]
RSSI: -79 [da:3f:50:87:02:7c]
RSSI: -86 [da:3f:50:94:02:ac]
RSSI: -88 [da:39:ad:ab:0a:ba]
RSSI: -79 [da:3f:50:94:02:ac]
RSSI: -90 [da:37:c9:a8:0b:6b]
RSSI: -87 [da:39:ad:b9:0a:ea]
RSSI: -90 [da:37:c9:b5:0b:9b]
RSSI: -86 [da:39:ad:c6:0b:0a]
RSSI: -81 [da:3f:50:b0:02:fc]
RSSI: -89 [da:39:ad:e3:0b:6a]
RSSI: -91 [da:3f:50:ca:03:4c]
RSSI: -92 [da:37:c9:dd:0c:0b]
RSSI: -82 [da:3f:50:d8:03:7c]
RSSI: -89 [da:39:ad:f0:0b:8a]
RSSI: -88 [da:37:c9:f7:0c:5b]
RSSI: -84 [da:3f:50:e5:03:ac]
RSSI: -85 [da:3f:51:00:03:fc]
RSSI: -84 [da:3f:51:0d:04:1c]
RSSI: -90 [da:39:ae:29:0c:2a]
RSSI: -94 [da:39:ae:53:0c:aa]
RSSI: -86 [da:3f:51:43:04:cc]
RSSI: -91 [da:3f:51:5d:05:1c]
RSSI: -93 [da:39:ae:7d:0d:1a]
RSSI: -85 [da:3f:51:6b:05:4c]
RSSI: -88 [da:3f:51:79:05:7c]
RSSI: -86 [da:3f:51:79:05:7c]
RSSI: -88 [da:3f:51:86:05:9c]
RSSI: -84 [da:3f:51:94:05:cc]
RSSI: -88 [da:3f:51:94:05:cc]
RSSI: -82 [da:3f:51:a1:05:fc]
RSSI: -91 [da:3c:b7:cc:0a:de]
RSSI: -90 [da:39:ae:d1:0e:1a]
RSSI: -82 [da:3f:51:bc:06:4c]
RSSI: -86 [da:3f:51:ca:06:7c]
RSSI: -88 [da:3c:b7:e9:0b:2e]
RSSI: -83 [da:3f:51:d6:06:9c]
RSSI: -80 [da:3f:51:e4:06:cc]
RSSI: -88 [da:3c:b7:f9:0b:5e]
RSSI: -88 [da:3f:51:e4:06:cc]
RSSI: -83 [da:3f:51:f2:06:fc]
RSSI: -82 [da:3f:51:f2:06:fc]
RSSI: -90 [da:39:af:17:0e:da]
RSSI: -80 [da:3f:51:ff:07:1c]
RSSI: -81 [da:3f:51:ff:07:1c]
RSSI: -81 [da:3f:52:0d:07:4c]
RSSI: -80 [da:3f:52:1b:07:7c]
RSSI: -88 [da:39:af:34:0f:3a]
RSSI: -79 [da:3f:52:27:07:9c]
RSSI: -90 [da:39:af:41:0f:5a]
RSSI: -79 [da:3f:52:27:07:9c]
RSSI: -77 [da:3f:52:43:07:fc]
RSSI: -90 [da:3c:b8:62:0c:8e]
RSSI: -91 [da:39:af:5e:0f:ba]
RSSI: -76 [da:3f:52:50:08:1c]
RSSI: -77 [da:3f:52:5e:08:4c]
RSSI: -93 [da:3c:b8:6f:0c:ae]
RSSI: -74 [da:3f:52:5e:08:4c]
RSSI: -75 [da:3f:52:6b:08:7c]
RSSI: -77 [da:3f:52:6b:08:7c]
RSSI: -74 [da:3f:52:78:08:9c]
RSSI: -75 [da:3f:52:78:08:9c]
RSSI: -77 [da:3f:52:86:08:cc]
RSSI: -74 [da:3f:52:86:08:cc]
RSSI: -78 [da:3f:52:94:08:fc]
RSSI: -74 [da:3f:52:94:08:fc]
RSSI: -78 [da:3f:52:a0:09:1c]
RSSI: -78 [da:3f:52:a0:09:1c]
RSSI: -73 [da:3f:52:ae:09:4c]
RSSI: -72 [da:3f:52:bc:09:7c]
RSSI: -76 [da:3f:52:c9:09:9c]
RSSI: -75 [da:3f:52:d7:09:cc]
RSSI: -76 [da:3f:52:e5:09:fc]
RSSI: -94 [da:39:af:ff:11:7a]
RSSI: -77 [da:3f:52:e5:09:fc]
RSSI: -80 [da:3f:52:f1:0a:1c]
RSSI: -77 [da:3f:52:f1:0a:1c]
RSSI: -78 [da:3f:52:ff:0a:4c]
RSSI: -78 [da:3f:52:ff:0a:4c]
RSSI: -77 [da:3f:53:0d:0a:7c]
RSSI: -77 [da:3f:53:0d:0a:7c]
RSSI: -77 [da:3f:53:1a:0a:9c]
RSSI: -79 [da:3f:53:28:0a:cc]
RSSI: -78 [da:3f:53:36:0a:fc]
RSSI: -76 [da:3f:53:36:0a:fc]
RSSI: -76 [da:3f:53:36:0a:fc]
RSSI: -79 [da:3f:53:42:0b:1c]
RSSI: -79 [da:3f:53:42:0b:1c]
RSSI: -76 [da:3f:53:42:0b:1c]
RSSI: -83 [da:3f:53:50:0b:4c]
RSSI: -80 [da:3f:53:50:0b:4c]
RSSI: -76 [da:3f:53:5e:0b:7c]
RSSI: -85 [da:3f:53:6b:0b:9c]
RSSI: -81 [da:3f:53:79:0b:cc]
RSSI: -79 [da:3f:53:87:0b:fc]
RSSI: -84 [da:3f:53:87:0b:fc]
RSSI: -91 [da:3c:b9:a8:10:2e]
RSSI: -77 [da:3f:53:93:0c:1c]
RSSI: -90 [da:3c:b9:a8:10:2e]
RSSI: -79 [da:3f:53:af:0c:7c]
RSSI: -79 [da:3f:53:bc:0c:ac]
RSSI: -79 [da:3f:53:ca:0c:cc]
RSSI: -76 [da:3f:53:d8:0c:fc]
RSSI: -81 [da:3f:53:e5:0d:2c]
RSSI: -75 [da:3f:53:e5:0d:2c]
RSSI: -79 [da:3f:53:f3:0d:4c]
RSSI: -75 [da:3f:54:00:0d:7c]
RSSI: -79 [da:3f:54:0d:0d:ac]
RSSI: -76 [da:3f:54:0d:0d:ac]
RSSI: -91 [da:39:b1:28:14:ca]
RSSI: -76 [da:3f:54:0d:0d:ac]
RSSI: -79 [da:3f:54:1b:0d:dc]
RSSI: -79 [da:3f:54:1b:0d:dc]
RSSI: -78 [da:3f:54:36:0e:2c]
RSSI: -91 [da:3c:ba:57:12:1e]
RSSI: -79 [da:3f:54:52:0e:7c]
RSSI: -80 [da:3f:54:5e:0e:ac]
RSSI: -87 [da:3f:54:5e:0e:ac]
RSSI: -80 [da:3f:54:6c:0e:dc]
RSSI: -78 [da:3f:54:6c:0e:dc]
RSSI: -90 [da:37:cd:89:00:7b]
RSSI: -91 [da:39:b1:8b:15:da]
RSSI: -82 [da:3f:54:7a:0f:0c]
RSSI: -80 [da:3f:54:7a:0f:0c]
RSSI: -77 [da:3f:54:87:0f:2c]
RSSI: -78 [da:3f:54:95:0f:5c]
RSSI: -72 [da:3f:54:a3:0f:8c]
RSSI: -87 [da:39:b1:c2:00:7a]
RSSI: -71 [da:3f:54:b0:0f:ac]
RSSI: -70 [da:3f:54:b0:0f:ac]
RSSI: -69 [da:3f:54:be:0f:dc]
RSSI: -68 [da:3f:54:cc:10:0c]
RSSI: -69 [da:3f:54:cc:10:0c]
RSSI: -67 [da:3f:54:d8:10:2c]
RSSI: -66 [da:3f:54:d8:10:2c]
RSSI: -66 [da:3f:54:d8:10:2c]
RSSI: -87 [da:39:b1:fc:01:1a]
RSSI: -67 [da:3f:54:f4:10:8c]
RSSI: -65 [da:3f:55:01:10:ac]
RSSI: -64 [da:3f:55:01:10:ac]
RSSI: -92 [da:37:ce:1b:02:2b]
RSSI: -65 [da:3f:55:0f:10:dc]
RSSI: -87 [da:37:ce:1b:02:2b]
RSSI: -88 [da:39:b2:26:01:9a]
RSSI: -65 [da:3f:55:0f:10:dc]
RSSI: -64 [da:3f:55:0f:10:dc]
RSSI: -66 [da:3f:55:1d:11:0c]
RSSI: -64 [da:3f:55:2a:11:2c]
RSSI: -85 [da:37:ce:43:02:ab]
RSSI: -85 [da:37:ce:43:02:ab]
RSSI: -64 [da:3f:55:38:11:5c]
RSSI: -89 [da:39:b2:51:02:0a]
RSSI: -66 [da:3f:55:46:11:8c]
RSSI: -64 [da:3f:55:46:11:8c]
RSSI: -90 [da:39:b2:60:02:3a]
RSSI: -84 [da:37:ce:5e:02:fb]
RSSI: -67 [da:3f:55:52:11:ac]
RSSI: -83 [da:37:ce:6b:03:1b]
RSSI: -65 [da:3f:55:60:11:dc]
RSSI: -66 [da:3f:55:60:11:dc]
RSSI: -82 [da:37:ce:78:03:4b]
RSSI: -67 [da:3f:55:6e:11:fc]
RSSI: -82 [da:37:ce:86:03:6b]
RSSI: -81 [da:37:ce:86:03:6b]
RSSI: -68 [da:3f:55:6e:11:fc]
RSSI: -82 [da:37:ce:86:03:6b]
RSSI: -81 [da:37:ce:93:03:9b]
RSSI: -72 [da:3f:55:80:12:3c]
RSSI: -82 [da:37:ce:93:03:9b]
RSSI: -75 [da:3f:55:80:12:3c]
RSSI: -80 [da:37:ce:a0:03:bb]
RSSI: -80 [da:37:ce:a0:03:bb]
RSSI: -79 [da:3f:55:91:12:6c]
RSSI: -81 [da:37:ce:ae:03:eb]
RSSI: -75 [da:3f:55:9f:12:9c]
RSSI: -73 [da:3f:55:ab:12:bc]
RSSI: -82 [da:37:ce:bb:04:0b]
RSSI: -69 [da:3f:55:ab:12:bc]
RSSI: -82 [da:37:ce:bb:04:0b]
RSSI: -69 [da:3f:55:ab:12:bc]
RSSI: -81 [da:37:ce:c8:04:3b]
RSSI: -68 [da:3f:55:b9:12:ec]
RSSI: -83 [da:37:ce:c8:04:3b]
RSSI: -83 [da:37:ce:d6:04:6b]
RSSI: -66 [da:3f:55:c7:13:0c]
RSSI: -81 [da:37:ce:d6:04:6b]
RSSI: -66 [da:3f:55:c7:13:0c]
RSSI: -83 [da:37:ce:e3:04:8b]
RSSI: -67 [da:3f:55:d4:13:3c]
RSSI: -83 [da:37:ce:e3:04:8b]
RSSI: -66 [da:3f:55:d4:13:3c]
RSSI: -68 [da:3f:55:e2:13:6c]
RSSI: -68 [da:3f:55:e2:13:6c]
RSSI: -86 [da:37:ce:fe:04:db]
RSSI: -71 [da:3f:55:f0:13:9c]
RSSI: -86 [da:37:cf:0b:04:fb]
RSSI: -92 [da:39:b3:16:04:3a]
RSSI: -74 [da:3f:56:0b:13:ec]
RSSI: -75 [da:3f:56:0b:13:ec]
RSSI: -75 [da:3f:56:0b:13:ec]
RSSI: -73 [da:3f:56:19:14:1c]
RSSI: -87 [da:39:b3:34:04:9a]
RSSI: -74 [da:3f:56:19:14:1c]
RSSI: -72 [da:3f:56:26:14:3c]
RSSI: -73 [da:3f:56:26:14:3c]
RSSI: -71 [da:3f:56:34:14:6c]
RSSI: -71 [da:3f:56:34:14:6c]
RSSI: -85 [da:39:b3:50:04:ea]
RSSI: -72 [da:3f:56:42:14:9c]
RSSI: -87 [da:39:b3:5f:05:0a]
RSSI: -88 [da:39:b3:5f:05:0a]
RSSI: -89 [da:37:cf:5b:05:eb]
RSSI: -73 [da:3f:56:4f:14:bc]
RSSI: -73 [da:3f:56:5d:14:ec]
RSSI: -75 [da:3f:56:6b:15:1c]
RSSI: -73 [da:3f:56:6b:15:1c]
RSSI: -72 [da:3f:56:77:15:3c]
RSSI: -74 [da:3f:56:77:15:3c]
RSSI: -71 [da:3f:56:86:15:6c]
RSSI: -73 [da:3f:56:86:15:6c]
RSSI: -72 [da:3f:56:94:15:9c]
RSSI: -81 [da:39:b3:b4:05:fa]
RSSI: -78 [da:39:b3:b4:05:fa]
RSSI: -74 [da:3f:56:a0:15:bc]
RSSI: -73 [da:3f:56:ae:15:ec]
RSSI: -79 [da:39:b3:d0:06:4a]
RSSI: -74 [da:3f:56:bd:16:1c]
RSSI: -77 [da:39:b3:d0:06:4a]
RSSI: -75 [da:39:b3:df:06:7a]
RSSI: -74 [da:3f:56:c9:16:3c]
RSSI: -77 [da:39:b3:eb:06:9a]
RSSI: -72 [da:3f:56:d7:16:6c]
RSSI: -74 [da:39:b3:eb:06:9a]
RSSI: -78 [da:3f:56:d7:16:6c]
RSSI: -75 [da:3f:56:e5:00:2c]
RSSI: -76 [da:39:b3:fb:06:ca]
RSSI: -75 [da:3f:56:e5:00:2c]
RSSI: -73 [da:3f:56:e5:00:2c]
RSSI: -80 [da:3f:56:f2:00:5c]
RSSI: -76 [da:39:b4:09:06:fa]
RSSI: -76 [da:3f:56:f2:00:5c]
RSSI: -73 [da:39:b4:16:07:1a]
RSSI: -76 [da:39:b4:25:07:4a]
RSSI: -74 [da:39:b4:25:07:4a]
RSSI: -77 [da:39:b4:34:07:6a]
RSSI: -78 [da:3f:57:1b:00:dc]
RSSI: -77 [da:39:b4:34:07:6a]
RSSI: -78 [da:39:b4:41:07:9a]
RSSI: -81 [da:3f:57:29:01:0c]
RSSI: -89 [da:37:d0:3f:08:9b]
RSSI: -78 [da:39:b4:41:07:9a]
RSSI: -77 [da:3f:57:29:01:0c]
RSSI: -75 [da:39:b4:50:07:ba]
RSSI: -77 [da:3f:57:37:01:2c]
RSSI: -77 [da:39:b4:50:07:ba]
RSSI: -89 [da:37:d0:4c:08:bb]
RSSI: -75 [da:39:b4:5f:07:ea]
RSSI: -83 [da:3f:57:52:01:8c]
RSSI: -78 [da:39:b4:6b:08:0a]
RSSI: -83 [da:3f:57:52:01:8c]
RSSI: -77 [da:39:b4:6b:08:0a]
RSSI: -87 [da:3f:57:60:01:bc]
RSSI: -81 [da:39:b4:7b:08:3a]
RSSI: -88 [da:37:d0:74:09:3b]
RSSI: -88 [da:3f:57:60:01:bc]
RSSI: -80 [da:39:b4:7b:08:3a]
RSSI: -87 [da:3f:57:6d:01:dc]
RSSI: -90 [da:37:d0:82:09:5b]
RSSI: -89 [da:3f:57:6d:01:dc]
RSSI: -88 [da:37:d0:9c:09:ab]
RSSI: -82 [da:39:b4:a5:08:ba]
RSSI: -89 [da:37:d0:9c:09:ab]
RSSI: -82 [da:3f:57:96:02:5c]
RSSI: -83 [da:3f:57:96:02:5c]
RSSI: -82 [da:3f:57:a4:02:8c]
RSSI: -82 [da:3f:57:b2:02:bc]
RSSI: -89 [da:37:d0:c4:0a:2b]
RSSI: -83 [da:3f:57:b2:02:bc]
RSSI: -82 [da:3f:57:bf:02:dc]
RSSI: -85 [da:3f:57:cd:03:0c]
RSSI: -86 [da:3f:57:cd:03:0c]
RSSI: -83 [da:3f:57:db:03:3c]
RSSI: -86 [da:3f:57:db:03:3c]
RSSI: -86 [da:39:b4:fb:09:aa]
RSSI: -84 [da:3f:57:e8:03:5c]
RSSI: -89 [da:3f:57:f6:03:8c]
RSSI: -87 [da:39:b5:16:09:fa]
RSSI: -87 [da:3f:58:11:03:dc]
RSSI: -82 [da:3f:58:1f:04:0c]
RSSI: -85 [da:3f:58:2d:04:3c]
RSSI: -90 [da:37:d1:3d:0b:9b]
RSSI: -87 [da:39:b5:5f:0a:ca]
RSSI: -91 [da:3c:be:5c:06:ee]
RSSI: -88 [da:39:b5:6c:0a:ea]
RSSI: -87 [da:3f:58:56:04:bc]
RSSI: -88 [da:39:b5:6c:0a:ea]
RSSI: -88 [da:39:b5:7b:0b:1a]
RSSI: -83 [da:3f:58:63:04:dc]
RSSI: -89 [da:3c:be:83:07:5e]
RSSI: -89 [da:39:b5:8a:0b:4a]
RSSI: -82 [da:3f:58:71:05:0c]
RSSI: -88 [da:39:b5:8a:0b:4a]
RSSI: -80 [da:3f:58:71:05:0c]
RSSI: -90 [da:37:d1:8e:0c:8b]
RSSI: -81 [da:3f:58:7f:05:3c]
RSSI: -81 [da:3f:58:7f:05:3c]
RSSI: -77 [da:3f:58:8c:05:5c]
RSSI: -79 [da:3f:58:8c:05:5c]
RSSI: -92 [da:37:d1:b6:0c:fb]
RSSI: -92 [da:3c:be:c3:08:1e]
RSSI: -80 [da:3f:58:a8:05:bc]
RSSI: -93 [da:37:d1:b6:0c:fb]
RSSI: -79 [da:3f:58:b5:05:dc]
RSSI: -77 [da:3f:58:c3:06:0c]
RSSI: -89 [da:39:b5:e0:0c:3a]
RSSI: -83 [da:3f:58:d1:06:3c]
RSSI: -79 [da:3f:58:d1:06:3c]
RSSI: -82 [da:3f:58:de:06:5c]
RSSI: -87 [da:3f:58:de:06:5c]
RSSI: -81 [da:3f:58:ec:06:8c]
RSSI: -83 [da:3f:58:fb:06:bc]
RSSI: -94 [da:39:b6:17:0c:ea]
RSSI: -86 [da:3f:59:07:06:ec]
RSSI: -86 [da:3f:59:16:07:0c]
RSSI: -93 [da:39:b6:42:0d:5a]
RSSI: -82 [da:3f:59:30:07:6c]
RSSI: -83 [da:3f:59:3f:07:9c]
RSSI: -79 [da:3f:59:3f:07:9c]
RSSI: -80 [da:3f:59:4d:07:bc]
RSSI: -78 [da:3f:59:4d:07:bc]
RSSI: -75 [da:3f:59:5a:07:ec]
RSSI: -75 [da:3f:59:5a:07:ec]
RSSI: -73 [da:3f:59:68:08:1c]
RSSI: -89 [da:39:b6:8b:0e:2a]
RSSI: -72 [da:3f:59:76:08:4c]
RSSI: -89 [da:39:b6:98:0e:5a]
RSSI: -89 [da:39:b6:98:0e:5a]
RSSI: -71 [da:3f:59:83:08:6c]
RSSI: -74 [da:3f:59:91:08:9c]
RSSI: -72 [da:3f:59:91:08:9c]
RSSI: -73 [da:3f:59:9f:08:cc]
RSSI: -76 [da:3f:59:9f:08:cc]
RSSI: -89 [da:39:b6:c3:0e:ca]
RSSI: -74 [da:3f:59:ac:08:ec]
RSSI: -75 [da:3f:59:ac:08:ec]
RSSI: -86 [da:3c:bf:d0:0b:1e]
RSSI: -74 [da:3f:59:ba:09:1c]
RSSI: -73 [da:3f:59:ba:09:1c]
RSSI: -73 [da:3f:59:d5:09:7c]
RSSI: -88 [da:39:b6:fd:0f:7a]
RSSI: -72 [da:3f:59:e3:09:9c]
RSSI: -78 [da:3f:59:f2:09:cc]
RSSI: -74 [da:3f:59:f2:09:cc]
RSSI: -86 [da:3c:c0:10:0b:ce]
RSSI: -73 [da:3f:59:fe:09:fc]
RSSI: -77 [da:3f:5a:0d:0a:2c]
RSSI: -85 [da:3c:c0:2a:0c:0e]
RSSI: -80 [da:3f:5a:1b:0a:4c]
RSSI: -89 [da:3c:c0:37:0c:3e]
RSSI: -77 [da:3f:5a:1b:0a:4c]
RSSI: -89 [da:3c:c0:37:0c:3e]
RSSI: -80 [da:3f:5a:27:0a:7c]
RSSI: -72 [da:3f:5a:36:0a:ac]
RSSI: -97 [da:3c:c0:5e:0c:ae]
RSSI: -76 [da:3f:5a:44:0a:dc]
RSSI: -82 [da:3f:5a:51:0a:fc]
RSSI: -77 [da:3f:5a:51:0a:fc]
RSSI: -75 [da:3f:5a:5f:0b:2c]
RSSI: -81 [da:3f:5a:5f:0b:2c]
RSSI: -75 [da:3f:5a:6d:0b:5c]
RSSI: -90 [da:3c:c0:84:0d:1e]
RSSI: -75 [da:3f:5a:6d:0b:5c]
RSSI: -78 [da:3f:5a:7a:0b:7c]
RSSI: -73 [da:3f:5a:7a:0b:7c]
RSSI: -91 [da:3c:c0:9e:0d:5e]
RSSI: -78 [da:3f:5a:88:0b:ac]
RSSI: -79 [da:3f:5a:88:0b:ac]
RSSI: -76 [da:3f:5a:97:0b:dc]
RSSI: -75 [da:3f:5a:a3:0c:0c]
RSSI: -83 [da:3f:5a:b2:0c:3c]
RSSI: -82 [da:3f:5a:b2:0c:3c]
RSSI: -75 [da:3f:5a:b2:0c:3c]
RSSI: -76 [da:3f:5a:b2:0c:3c]
RSSI: -80 [da:3f:5a:c0:0c:5c]
RSSI: -81 [da:3f:5a:c0:0c:5c]
RSSI: -76 [da:3f:5a:cc:0c:8c]
RSSI: -78 [da:3f:5a:cc:0c:8c]
RSSI: -76 [da:3f:5a:db:0c:bc]
RSSI: -77 [da:3f:5a:e9:0c:ec]
RSSI: -75 [da:3f:5a:f6:0d:0c]
RSSI: -75 [da:3f:5a:f6:0d:0c]
RSSI: -77 [da:3f:5b:04:0d:3c]
RSSI: -75 [da:3f:5b:04:0d:3c]
RSSI: -76 [da:3f:5b:12:0d:6c]
RSSI: -76 [da:3f:5b:12:0d:6c]
RSSI: -76 [da:3f:5b:1f:0d:8c]
RSSI: -76 [da:3f:5b:1f:0d:8c]
RSSI: -74 [da:3f:5b:2e:0d:bc]
RSSI: -79 [da:3f:5b:3c:0d:ec]
RSSI: -77 [da:3f:5b:3c:0d:ec]
RSSI: -78 [da:3f:5b:48:0e:0c]
RSSI: -94 [da:39:b8:64:13:7a]
RSSI: -75 [da:3f:5b:57:0e:3c]
RSSI: -81 [da:3f:5b:57:0e:3c]
RSSI: -77 [da:3f:5b:65:0e:6c]
RSSI: -77 [da:3f:5b:65:0e:6c]
RSSI: -79 [da:3f:5b:72:0e:8c]
RSSI: -74 [da:3f:5b:72:0e:8c]
RSSI: -77 [da:3f:5b:80:0e:bc]
RSSI: -90 [da:39:b8:9c:14:1a]
RSSI: -74 [da:3f:5b:8f:0e:ec]
RSSI: -71 [da:3f:5b:8f:0e:ec]
RSSI: -72 [da:3f:5b:8f:0e:ec]
RSSI: -75 [da:3f:5b:9b:0f:0c]
RSSI: -78 [da:3f:5b:aa:0f:3c]
RSSI: -76 [da:3f:5b:aa:0f:3c]
RSSI: -77 [da:3f:5b:b8:0f:6c]
RSSI: -74 [da:3f:5b:b8:0f:6c]
RSSI: -73 [da:3f:5b:c5:0f:9c]
RSSI: -75 [da:3f:5b:c5:0f:9c]
RSSI: -89 [da:39:b8:e5:14:ea]
RSSI: -68 [da:3f:5b:d3:0f:cc]
RSSI: -68 [da:3f:5b:d3:0f:cc]
RSSI: -91 [da:39:b8:f2:15:1a]
RSSI: -66 [da:3f:5b:e1:0f:ec]
RSSI: -66 [da:3f:5b:ee:10:1c]
RSSI: -91 [da:37:d5:09:00:7b]
RSSI: -62 [da:3f:5b:fc:10:4c]
RSSI: -95 [da:3c:c2:15:11:8e]
RSSI: -62 [da:3f:5c:0b:10:6c]
RSSI: -61 [da:3f:5c:0b:10:6c]
RSSI: -62 [da:3f:5c:17:10:9c]
RSSI: -61 [da:3f:5c:17:10:9c]
RSSI: -89 [da:37:d5:32:00:eb]
RSSI: -60 [da:3f:5c:26:10:cc]
RSSI: -61 [da:3f:5c:26:10:cc]
RSSI: -92 [da:37:d5:40:01:1b]
RSSI: -60 [da:3f:5c:34:10:fc]
RSSI: -59 [da:3f:5c:34:10:fc]
RSSI: -87 [da:39:b9:58:16:3a]
RSSI: -60 [da:3f:5c:41:11:1c]
RSSI: -91 [da:39:b9:58:16:3a]
RSSI: -88 [da:39:b9:67:00:2a]
RSSI: -87 [da:39:b9:67:00:2a]
RSSI: -60 [da:3f:5c:4f:11:4c]
RSSI: -87 [da:39:b9:74:00:4a]
RSSI: -59 [da:3f:5c:5e:11:7c]
RSSI: -87 [da:37:d5:83:01:eb]
RSSI: -86 [da:39:b9:92:00:aa]
RSSI: -61 [da:3f:5c:79:11:cc]
RSSI: -61 [da:3f:5c:79:11:cc]
RSSI: -89 [da:39:b9:92:00:aa]
RSSI: -61 [da:3f:5c:87:11:fc]
RSSI: -86 [da:37:d5:91:02:0b]
RSSI: -62 [da:3f:5c:87:11:fc]
RSSI: -88 [da:39:b9:9f:00:ca]
RSSI: -84 [da:37:d5:9f:02:3b]
RSSI: -63 [da:3f:5c:94:12:1c]
RSSI: -89 [da:39:b9:ae:00:fa]
RSSI: -63 [da:3f:5c:94:12:1c]
RSSI: -86 [da:37:d5:ac:02:5b]
RSSI: -66 [da:3f:5c:a2:12:4c]
RSSI: -82 [da:37:d5:ba:02:8b]
RSSI: -81 [da:37:d5:c8:02:ab]
RSSI: -86 [da:39:b9:ca:01:4a]
RSSI: -71 [da:3f:5c:bd:12:ac]
RSSI: -80 [da:37:d5:c8:02:ab]
RSSI: -73 [da:3f:5c:bd:12:ac]
RSSI: -77 [da:3f:5c:bd:12:ac]
RSSI: -78 [da:3f:5c:cc:12:cc]
RSSI: -81 [da:37:d5:d5:02:db]
RSSI: -78 [da:3f:5c:cc:12:cc]
RSSI: -81 [da:37:d5:d5:02:db]
RSSI: -76 [da:3f:5c:da:12:fc]
RSSI: -80 [da:37:d5:e8:03:0b]
RSSI: -76 [da:3f:5c:da:12:fc]
RSSI: -81 [da:37:d5:f8:03:3b]
RSSI: -71 [da:3f:5c:e7:13:2c]
RSSI: -81 [da:37:d5:f8:03:3b]
RSSI: -80 [da:37:d6:05:03:6b]
RSSI: -69 [da:3f:5c:f5:13:5c]
RSSI: -70 [da:3f:5d:04:13:7c]
RSSI: -80 [da:37:d6:13:03:8b]
RSSI: -70 [da:3f:5d:04:13:7c]
RSSI: -79 [da:37:d6:13:03:8b]
RSSI: -69 [da:3f:5d:10:13:ac]
RSSI: -82 [da:37:d6:21:03:bb]
RSSI: -70 [da:3f:5d:10:13:ac]
RSSI: -82 [da:37:d6:2e:03:db]
RSSI: -70 [da:3f:5d:1f:13:dc]
RSSI: -83 [da:37:d6:2e:03:db]
RSSI: -71 [da:3f:5d:1f:13:dc]
RSSI: -82 [da:37:d6:4a:04:3b]
RSSI: -77 [da:3f:5d:3a:14:2c]
RSSI: -81 [da:37:d6:4a:04:3b]
RSSI: -81 [da:37:d6:57:04:5b]
RSSI: -76 [da:3f:5d:48:14:5c]
RSSI: -84 [da:37:d6:57:04:5b]
RSSI: -81 [da:37:d6:65:04:8b]
RSSI: -81 [da:37:d6:65:04:8b]
RSSI: -76 [da:3f:5d:57:14:7c]
RSSI: -82 [da:37:d6:65:04:8b]
RSSI: -74 [da:3f:5d:63:14:ac]
RSSI: -89 [da:37:d6:7f:04:db]
RSSI: -73 [da:3f:5d:72:14:dc]
RSSI: -75 [da:3f:5d:72:14:dc]
RSSI: -92 [da:39:ba:95:03:8a]
RSSI: -73 [da:3f:5d:80:14:fc]
RSSI: -73 [da:3f:5d:80:14:fc]
RSSI: -75 [da:3f:5d:8d:15:2c]
RSSI: -74 [da:3f:5d:8d:15:2c]
RSSI: -79 [da:3f:5d:9b:15:5c]
RSSI: -78 [da:3f:5d:9b:15:5c]
RSSI: -74 [da:3f:5d:aa:15:7c]
RSSI: -74 [da:3f:5d:b6:15:ac]
RSSI: -76 [da:3f:5d:c5:15:dc]
RSSI: -74 [da:3f:5d:c5:15:dc]
RSSI: -90 [da:39:ba:dd:04:5a]
RSSI: -85 [da:39:ba:ec:04:7a]
RSSI: -73 [da:3f:5d:d3:15:fc]
RSSI: -77 [da:3f:5d:d3:15:fc]
RSSI: -74 [da:3f:5d:e0:16:2c]
RSSI: -74 [da:3f:5d:e0:16:2c]
RSSI: -76 [da:3f:5d:ef:16:5c]
RSSI: -88 [da:39:bb:17:04:fa]
RSSI: -79 [da:3f:5d:fd:00:0c]
RSSI: -72 [da:3f:5e:0a:00:2c]
RSSI: -87 [da:39:bb:24:05:1a]
RSSI: -80 [da:3f:5e:0a:00:2c]
RSSI: -87 [da:39:bb:24:05:1a]
RSSI: -75 [da:3f:5e:18:00:5c]
RSSI: -73 [da:3f:5e:18:00:5c]
RSSI: -80 [da:3f:5e:27:00:8c]
RSSI: -76 [da:3f:5e:27:00:8c]
RSSI: -76 [da:3f:5e:27:00:8c]
RSSI: -95 [da:37:d7:3f:07:1b]
RSSI: -81 [da:3f:5e:33:00:ac]
RSSI: -82 [da:39:bb:4f:05:9a]
RSSI: -78 [da:3f:5e:42:00:dc]
RSSI: -82 [da:39:bb:5f:05:ca]
RSSI: -81 [da:3f:5e:50:01:0c]
RSSI: -81 [da:39:bb:6e:05:fa]
RSSI: -79 [da:39:bb:6e:05:fa]
RSSI: -86 [da:3f:5e:5d:01:2c]
RSSI: -91 [da:37:d7:75:07:bb]
RSSI: -79 [da:3f:5e:6b:01:5c]
RSSI: -79 [da:39:bb:8a:06:4a]
RSSI: -84 [da:3f:5e:6b:01:5c]
RSSI: -78 [da:39:bb:8a:06:4a]
RSSI: -82 [da:3f:5e:7a:01:8c]
RSSI: -78 [da:39:bb:8a:06:4a]
RSSI: -81 [da:3f:5e:7a:01:8c]
RSSI: -76 [da:39:bb:9a:06:6a]
RSSI: -78 [da:39:bb:9a:06:6a]
RSSI: -85 [da:3f:5e:86:01:ac]
RSSI: -76 [da:39:bb:a6:06:9a]
RSSI: -86 [da:3f:5e:95:01:dc]
RSSI: -86 [da:3f:5e:95:01:dc]
RSSI: -77 [da:39:bb:b6:06:ca]
RSSI: -82 [da:3f:5e:a4:02:0c]
RSSI: -77 [da:39:bb:c5:06:ea]
RSSI: -87 [da:3f:5e:b0:02:3c]
RSSI: -75 [da:39:bb:c5:06:ea]
RSSI: -78 [da:39:bb:d2:07:1a]
RSSI: -84 [da:3f:5e:bf:02:5c]
RSSI: -73 [da:39:bb:e1:07:3a]
RSSI: -78 [da:3f:5e:cd:02:8c]
RSSI: -76 [da:39:bb:f0:07:6a]
RSSI: -76 [da:3f:5e:da:02:bc]
RSSI: -76 [da:39:bb:fd:07:8a]
RSSI: -77 [da:39:bb:fd:07:8a]
RSSI: -81 [da:3f:5e:e8:02:ec]
RSSI: -76 [da:39:bb:fd:07:8a]
RSSI: -90 [da:37:d7:fe:09:5b]
RSSI: -83 [da:3f:5e:f7:03:0c]
RSSI: -83 [da:3f:5e:f7:03:0c]
RSSI: -80 [da:3f:5e:f7:03:0c]
RSSI: -74 [da:39:bc:1c:07:ea]
RSSI: -80 [da:3f:5f:04:03:3c]
RSSI: -83 [da:3f:5f:04:03:3c]
RSSI: -81 [da:3f:5f:12:03:6c]
RSSI: -83 [da:3f:5f:12:03:6c]
RSSI: -83 [da:3f:5f:21:03:9c]
RSSI: -78 [da:39:bc:38:08:3a]
RSSI: -84 [da:3f:5f:21:03:9c]
RSSI: -80 [da:39:bc:38:08:3a]
RSSI: -79 [da:39:bc:47:08:6a]
RSSI: -84 [da:3f:5f:2d:03:bc]
RSSI: -80 [da:39:bc:47:08:6a]
RSSI: -79 [da:39:bc:54:08:8a]
RSSI: -84 [da:3f:5f:3c:03:ec]
RSSI: -82 [da:39:bc:64:08:ba]
RSSI: -80 [da:39:bc:64:08:ba]
RSSI: -83 [da:39:bc:73:08:da]
RSSI: -85 [da:39:bc:73:08:da]
RSSI: -87 [da:3f:5f:57:04:3c]
RSSI: -84 [da:3f:5f:74:04:9c]
RSSI: -89 [da:37:d8:87:0a:eb]
RSSI: -84 [da:3f:5f:81:04:cc]
RSSI: -85 [da:3f:5f:8f:04:fc]
RSSI: -89 [da:37:d8:a2:0b:3b]
RSSI: -81 [da:3f:5f:9e:05:1c]
RSSI: -81 [da:3f:5f:9e:05:1c]
RSSI: -89 [da:37:d8:b0:0b:6b]
RSSI: -87 [da:3f:5f:ab:05:4c]
RSSI: -89 [da:37:d8:bd:0b:8b]
RSSI: -82 [da:3f:5f:ab:05:4c]
RSSI: -87 [da:39:bc:ca:09:da]
RSSI: -87 [da:3f:5f:b9:05:7c]
RSSI: -85 [da:3f:5f:b9:05:7c]
RSSI: -86 [da:3f:5f:c8:05:ac]
RSSI: -90 [da:39:bc:e6:0a:2a]
RSSI: -87 [da:3f:5f:d4:05:cc]
RSSI: -89 [da:37:d8:e6:0c:0b]
RSSI: -88 [da:39:bc:f5:0a:5a]
RSSI: -83 [da:3f:5f:e3:05:fc]
RSSI: -84 [da:3f:5f:f2:06:2c]
RSSI: -90 [da:39:bd:12:0a:aa]
RSSI: -91 [da:39:bd:21:0a:da]
RSSI: -83 [da:3f:60:0d:06:7c]
RSSI: -84 [da:3f:60:0d:06:7c]
RSSI: -84 [da:3f:60:1b:06:ac]
RSSI: -85 [da:39:bd:3d:0b:2a]
RSSI: -88 [da:3f:60:28:06:dc]
RSSI: -87 [da:39:bd:4c:0b:5a]
RSSI: -92 [da:3c:c6:4c:07:0e]
RSSI: -82 [da:3f:60:45:07:3c]
RSSI: -88 [da:39:bd:59:0b:7a]
RSSI: -85 [da:3f:60:52:07:5c]
RSSI: -80 [da:3f:60:52:07:5c]
RSSI: -84 [da:3f:60:60:07:8c]
RSSI: -92 [da:3c:c6:81:07:ae]
RSSI: -85 [da:3f:60:6f:07:bc]
RSSI: -88 [da:39:bd:85:0b:fa]
RSSI: -79 [da:3f:60:7c:07:dc]
RSSI: -88 [da:39:bd:a4:0c:4a]
RSSI: -88 [da:39:bd:a4:0c:4a]
RSSI: -80 [da:3f:60:8a:08:0c]
RSSI: -81 [da:3f:60:99:08:3c]
RSSI: -87 [da:3f:60:a6:08:6c]
RSSI: -93 [da:39:bd:cf:0c:ca]
RSSI: -93 [da:39:bd:e1:0c:fa]
RSSI: -94 [da:39:bd:f1:0d:2a]
RSSI: -83 [da:3f:60:ed:09:3c]
RSSI: -82 [da:3f:60:ed:09:3c]
RSSI: -82 [da:3f:60:f9:09:6c]
RSSI: -96 [da:39:be:2d:0d:da]
RSSI: -93 [da:39:be:49:0e:2a]
RSSI: -84 [da:3f:61:32:0a:1c]
RSSI: -83 [da:3f:61:41:0a:4c]
RSSI: -85 [da:3f:61:4d:0a:7c]
RSSI: -84 [da:3f:61:5c:0a:9c]
RSSI: -81 [da:3f:61:6a:0a:cc]
RSSI: -86 [da:3f:61:77:0a:fc]
RSSI: -92 [da:3c:c7:8f:0a:ae]
RSSI: -95 [da:37:da:81:10:db]
RSSI: -83 [da:3f:61:77:0a:fc]
RSSI: -88 [da:3f:61:86:0b:2c]
RSSI: -90 [da:39:be:a0:0f:2a]
RSSI: -87 [da:3f:61:94:0b:5c]
RSSI: -89 [da:39:be:b0:0f:5a]
RSSI: -81 [da:3f:61:a1:0b:7c]
RSSI: -90 [da:39:be:bc:0f:7a]
RSSI: -78 [da:3f:61:b0:0b:ac]
RSSI: -86 [da:3c:c7:d1:0b:5e]
RSSI: -89 [da:3c:c7:d1:0b:5e]
RSSI: -91 [da:39:be:db:0f:da]
RSSI: -87 [da:3c:c7:de:0b:7e]
RSSI: -82 [da:3f:61:cb:0c:0c]
RSSI: -80 [da:3f:61:da:0c:3c]
RSSI: -90 [da:3c:c7:f8:0b:ce]
RSSI: -82 [da:3f:61:e8:0c:5c]
RSSI: -80 [da:3f:61:e8:0c:5c]
RSSI: -82 [da:3f:61:f5:0c:8c]
RSSI: -79 [da:3f:61:f5:0c:8c]
RSSI: -75 [da:3f:62:04:0c:bc]
RSSI: -84 [da:3f:62:04:0c:bc]
RSSI: -78 [da:3f:62:12:0c:ec]
RSSI: -75 [da:3f:62:12:0c:ec]
RSSI: -76 [da:3f:62:1f:0d:0c]
RSSI: -77 [da:3f:62:3c:0d:6c]
RSSI: -76 [da:3f:62:49:0d:9c]
RSSI: -86 [da:3f:62:58:0d:cc]
RSSI: -78 [da:3f:62:58:0d:cc]
RSSI: -78 [da:3f:62:67:0d:fc]
RSSI: -85 [da:3f:62:67:0d:fc]
RSSI: -77 [da:3f:62:73:0e:1c]
RSSI: -86 [da:3f:62:91:0e:7c]
RSSI: -85 [da:3f:62:91:0e:7c]
RSSI: -83 [da:3f:62:ac:0e:cc]
RSSI: -76 [da:3f:62:ac:0e:cc]
RSSI: -82 [da:3f:62:bb:0e:fc]
RSSI: -81 [da:3f:62:bb:0e:fc]
RSSI: -82 [da:3f:62:c7:0f:2c]
RSSI: -96 [da:39:bf:ee:12:ea]
RSSI: -83 [da:3f:62:d6:0f:5c]
RSSI: -80 [da:3f:62:e5:0f:8c]
RSSI: -82 [da:3f:62:f1:0f:ac]
RSSI: -80 [da:3f:62:f1:0f:ac]
RSSI: -80 [da:3f:63:00:0f:dc]
RSSI: -77 [da:3f:63:0f:10:0c]
RSSI: -92 [da:37:dc:1f:15:ab]
RSSI: -76 [da:3f:63:1b:10:2c]
RSSI: -77 [da:3f:63:2a:10:5c]
RSSI: -74 [da:3f:63:2a:10:5c]
RSSI: -78 [da:3f:63:39:10:8c]
RSSI: -90 [da:37:dc:56:16:4b]
RSSI: -88 [da:37:dc:56:16:4b]
RSSI: -77 [da:3f:63:4b:10:cc]
RSSI: -88 [da:37:dc:65:16:7b]
RSSI: -87 [da:3c:c9:76:10:0e]
RSSI: -70 [da:3f:63:5b:10:fc]
RSSI: -88 [da:3c:c9:76:10:0e]
RSSI: -87 [da:37:dc:71:00:2b]
RSSI: -75 [da:3f:63:6a:11:2c]
RSSI: -86 [da:37:dc:80:00:5b]
RSSI: -80 [da:3f:63:77:11:4c]
RSSI: -76 [da:3f:63:77:11:4c]
RSSI: -81 [da:3f:63:85:11:7c]
RSSI: -80 [da:3f:63:85:11:7c]
RSSI: -78 [da:3f:63:94:11:ac]
RSSI: -72 [da:3f:63:94:11:ac]
RSSI: -79 [da:3f:63:a1:11:cc]
RSSI: -87 [da:37:dc:b8:00:fb]
RSSI: -88 [da:37:dc:b8:00:fb]
RSSI: -91 [da:39:c0:ca:15:5a]
RSSI: -82 [da:3f:63:b0:11:fc]
RSSI: -75 [da:3f:63:be:12:2c]
RSSI: -75 [da:3f:63:be:12:2c]
RSSI: -86 [da:37:dc:d3:01:4b]
RSSI: -86 [da:37:dc:d3:01:4b]
RSSI: -77 [da:3f:63:cb:12:5c]
RSSI: -89 [da:37:dc:e1:01:7b]
RSSI: -93 [da:3c:c9:fb:11:8e]
RSSI: -83 [da:37:dc:fc:01:cb]
RSSI: -83 [da:37:dc:fc:01:cb]
RSSI: -84 [da:37:dd:0b:01:fb]
RSSI: -82 [da:37:dd:0b:01:fb]
RSSI: -85 [da:3f:64:04:13:0c]
RSSI: -86 [da:39:c1:22:00:2a]
RSSI: -84 [da:39:c1:22:00:2a]
RSSI: -84 [da:3f:64:13:13:3c]
RSSI: -81 [da:37:dd:26:02:4b]
RSSI: -84 [da:39:c1:31:00:5a]
RSSI: -80 [da:37:dd:34:02:7b]
RSSI: -81 [da:3f:64:1f:13:5c]
RSSI: -80 [da:37:dd:34:02:7b]
RSSI: -88 [da:39:c1:41:00:7a]
RSSI: -82 [da:37:dd:41:02:9b]
RSSI: -79 [da:3f:64:2e:13:8c]
RSSI: -80 [da:37:dd:41:02:9b]
RSSI: -87 [da:39:c1:4d:00:aa]
RSSI: -82 [da:3f:64:3d:13:bc]
RSSI: -80 [da:37:dd:4f:02:cb]
RSSI: -80 [da:37:dd:4f:02:cb]
RSSI: -80 [da:37:dd:5e:02:eb]
RSSI: -80 [da:37:dd:5e:02:eb]
RSSI: -88 [da:39:c1:6d:00:fa]
RSSI: -85 [da:3f:64:4a:13:dc]
RSSI: -81 [da:37:dd:6a:03:1b]
RSSI: -87 [da:39:c1:79:01:1a]
RSSI: -85 [da:39:c1:89:01:4a]
RSSI: -88 [da:39:c1:89:01:4a]
RSSI: -87 [da:3f:64:83:14:8c]
RSSI: -81 [da:37:dd:94:03:8b]
RSSI: -80 [da:37:dd:94:03:8b]
RSSI: -81 [da:37:dd:a2:03:bb]
RSSI: -80 [da:37:dd:a2:03:bb]
RSSI: -81 [da:37:dd:b1:03:eb]
RSSI: -82 [da:37:dd:b1:03:eb]
RSSI: -81 [da:37:dd:bd:04:0b]
RSSI: -83 [da:37:dd:bd:04:0b]
RSSI: -86 [da:3f:64:ad:15:1c]
RSSI: -82 [da:37:dd:cc:04:3b]
RSSI: -83 [da:37:dd:cc:04:3b]
RSSI: -83 [da:37:dd:da:04:6b]
RSSI: -91 [da:39:c1:e1:02:4a]
RSSI: -82 [da:37:dd:e7:04:8b]
RSSI: -90 [da:3f:64:d7:15:9c]
RSSI: -84 [da:37:dd:f6:04:bb]
RSSI: -85 [da:3f:64:e6:15:cc]
RSSI: -85 [da:37:de:04:04:db]
RSSI: -89 [da:3f:65:1d:16:7c]
RSSI: -91 [da:37:de:3a:05:8b]
RSSI: -94 [da:39:c2:55:03:9a]
RSSI: -87 [da:3f:65:3b:00:5c]
RSSI: -92 [da:3f:65:65:00:ec]
RSSI: -92 [da:37:de:72:06:2b]
RSSI: -85 [da:3f:65:65:00:ec]
RSSI: -90 [da:39:c2:ae:04:8a]
RSSI: -96 [da:37:de:aa:06:db]
RSSI: -86 [da:3f:65:9c:01:8c]
RSSI: -85 [da:3f:65:ab:01:bc]
RSSI: -88 [da:39:c2:bd:04:ba]
RSSI: -84 [da:3f:65:ba:01:ec]
RSSI: -86 [da:39:c2:da:05:0a]
RSSI: -83 [da:3f:65:c6:02:0c]
RSSI: -86 [da:39:c2:e9:05:3a]
RSSI: -92 [da:3f:65:d5:02:3c]
RSSI: -86 [da:3f:65:f1:02:9c]
RSSI: -86 [da:39:c3:06:05:8a]
RSSI: -86 [da:3f:65:f1:02:9c]
RSSI: -83 [da:3f:65:f1:02:9c]
RSSI: -82 [da:3f:65:f1:02:9c]
RSSI: -84 [da:39:c3:16:05:ba]
RSSI: -83 [da:39:c3:16:05:ba]
RSSI: -84 [da:3f:66:00:02:cc]
RSSI: -83 [da:39:c3:25:05:ea]
RSSI: -81 [da:3f:66:0f:02:fc]
RSSI: -80 [da:3f:66:0f:02:fc]
RSSI: -81 [da:39:c3:32:06:0a]
RSSI: -82 [da:3f:66:2a:03:4c]
RSSI: -79 [da:39:c3:42:06:3a]
RSSI: -81 [da:3f:66:2a:03:4c]
RSSI: -80 [da:39:c3:42:06:3a]
RSSI: -93 [da:37:df:43:08:9b]
RSSI: -80 [da:3f:66:2a:03:4c]
RSSI: -83 [da:3f:66:39:03:7c]
RSSI: -78 [da:39:c3:51:06:6a]
RSSI: -84 [da:3f:66:39:03:7c]
RSSI: -90 [da:37:df:51:08:cb]
RSSI: -78 [da:39:c3:5e:06:8a]
RSSI: -82 [da:3f:66:46:03:9c]
RSSI: -78 [da:39:c3:5e:06:8a]
RSSI: -86 [da:3f:66:46:03:9c]
RSSI: -79 [da:39:c3:6e:06:ba]
RSSI: -76 [da:39:c3:7d:06:ea]
RSSI: -76 [da:39:c3:7d:06:ea]
RSSI: -76 [da:39:c3:8a:07:0a]
RSSI: -78 [da:39:c3:8a:07:0a]
RSSI: -76 [da:39:c3:9a:07:3a]
RSSI: -78 [da:39:c3:aa:07:5a]
RSSI: -78 [da:39:c3:aa:07:5a]
RSSI: -78 [da:39:c3:b6:07:8a]
RSSI: -77 [da:39:c3:b6:07:8a]
RSSI: -85 [da:3f:66:aa:04:dc]
RSSI: -77 [da:39:c3:c6:07:aa]
RSSI: -84 [da:3f:66:b9:05:0c]
RSSI: -94 [da:37:df:c0:0a:1b]
RSSI: -83 [da:3f:66:b9:05:0c]
RSSI: -76 [da:39:c3:d6:07:da]
RSSI: -80 [da:39:c3:e2:07:fa]
RSSI: -82 [da:3f:66:c5:05:2c]
RSSI: -80 [da:39:c3:e2:07:fa]
RSSI: -79 [da:39:c3:f2:08:2a]
RSSI: -79 [da:39:c3:f2:08:2a]
RSSI: -84 [da:3f:66:e3:05:8c]
RSSI: -79 [da:39:c4:02:08:5a]
RSSI: -82 [da:3f:66:f0:05:ac]
RSSI: -82 [da:3f:66:f0:05:ac]
RSSI: -81 [da:39:c4:0f:08:7a]
RSSI: -90 [da:37:e0:05:0a:eb]
RSSI: -82 [da:39:c4:0f:08:7a]
RSSI: -85 [da:39:c4:1e:08:aa]
RSSI: -86 [da:3f:67:0e:06:0c]
RSSI: -84 [da:39:c4:2e:08:da]
RSSI: -86 [da:3f:67:0e:06:0c]
RSSI: -90 [da:3f:67:1a:06:3c]
RSSI: -86 [da:3f:67:38:06:9c]
RSSI: -82 [da:3f:67:38:06:9c]
RSSI: -93 [da:3c:cd:59:04:8e]
RSSI: -87 [da:3f:67:45:06:bc]
RSSI: -84 [da:3f:67:63:07:1c]
RSSI: -87 [da:3f:67:63:07:1c]
RSSI: -82 [da:3f:67:6f:07:4c]
RSSI: -88 [da:3f:67:6f:07:4c]
RSSI: -85 [da:3f:67:7e:07:7c]
RSSI: -82 [da:3f:67:7e:07:7c]
RSSI: -87 [da:39:c4:a3:0a:2a]
RSSI: -84 [da:3f:67:8d:07:ac]
RSSI: -88 [da:39:c4:b3:0a:5a]
RSSI: -82 [da:3f:67:9a:07:cc]
RSSI: -83 [da:3f:67:a9:07:fc]
RSSI: -88 [da:39:c4:c0:0a:8a]
RSSI: -86 [da:3f:67:b8:08:2c]
RSSI: -87 [da:39:c4:d0:0a:ba]
RSSI: -85 [da:3f:67:b8:08:2c]
RSSI: -87 [da:39:c4:df:0a:da]
RSSI: -86 [da:3f:67:c4:08:5c]
RSSI: -87 [da:39:c4:df:0a:da]
RSSI: -85 [da:3f:67:c4:08:5c]
RSSI: -81 [da:3f:67:d3:08:8c]
RSSI: -86 [da:39:c4:ec:0b:0a]
RSSI: -81 [da:3f:67:d3:08:8c]
RSSI: -87 [da:39:c4:fc:0b:3a]
RSSI: -82 [da:3f:67:ef:08:dc]
RSSI: -81 [da:3f:67:ef:08:dc]
RSSI: -80 [da:3f:67:ef:08:dc]
RSSI: -81 [da:3f:67:fe:09:0c]
RSSI: -89 [da:39:c5:18:0b:8a]
RSSI: -80 [da:3f:67:fe:09:0c]
RSSI: -86 [da:39:c5:18:0b:8a]
RSSI: -81 [da:3f:68:0d:09:3c]
RSSI: -83 [da:3f:68:0d:09:3c]
RSSI: -90 [da:39:c5:28:0b:ba]
RSSI: -83 [da:3f:68:0d:09:3c]
RSSI: -89 [da:39:c5:38:0b:da]
RSSI: -82 [da:3f:68:1a:09:5c]
RSSI: -89 [da:3f:68:29:09:9c]
RSSI: -87 [da:39:c5:45:0c:0a]
RSSI: -87 [da:39:c5:45:0c:0a]
RSSI: -87 [da:39:c5:54:0c:3a]
RSSI: -82 [da:3f:68:44:09:ec]
RSSI: -92 [da:3c:ce:64:07:8e]
RSSI: -89 [da:39:c5:64:0c:6a]
RSSI: -82 [da:3f:68:44:09:ec]
RSSI: -93 [da:3c:ce:80:07:de]
RSSI: -80 [da:3f:68:6f:0a:6c]
RSSI: -93 [da:3c:ce:8c:07:fe]
RSSI: -81 [da:3f:68:7e:0a:9c]
RSSI: -84 [da:3f:68:7e:0a:9c]
RSSI: -90 [da:39:c5:9d:0d:0a]
RSSI: -86 [da:3f:68:7e:0a:9c]
RSSI: -80 [da:3f:68:8d:0a:cc]
RSSI: -84 [da:3f:68:99:0a:fc]
RSSI: -79 [da:3f:68:b8:0b:5c]
RSSI: -93 [da:39:c5:ca:0d:8a]
RSSI: -84 [da:3f:68:c4:0b:7c]
RSSI: -80 [da:3f:68:c4:0b:7c]
RSSI: -83 [da:3f:68:d3:0b:ac]
RSSI: -82 [da:3f:68:e2:0b:dc]
RSSI: -84 [da:3f:68:e2:0b:dc]
RSSI: -82 [da:3f:68:ef:0c:0c]
RSSI: -89 [da:39:c6:16:0e:6a]
RSSI: -90 [da:3f:68:fe:0c:3c]
RSSI: -88 [da:39:c6:22:0e:8a]
RSSI: -86 [da:3f:69:0d:0c:6c]
RSSI: -94 [da:3f:69:0d:0c:6c]
RSSI: -90 [da:39:c6:32:0e:ba]
RSSI: -83 [da:3f:69:1a:0c:8c]
RSSI: -82 [da:3f:69:29:0c:bc]
RSSI: -79 [da:3f:69:38:0c:ec]
RSSI: -79 [da:3f:69:38:0c:ec]
RSSI: -82 [da:3f:69:44:0d:1c]
RSSI: -90 [da:39:c6:5f:0f:3a]
RSSI: -78 [da:3f:69:44:0d:1c]
RSSI: -84 [da:3f:69:53:0d:4c]
RSSI: -81 [da:3f:69:53:0d:4c]
RSSI: -80 [da:3f:69:53:0d:4c]
RSSI: -87 [da:39:c6:7b:0f:8a]
RSSI: -78 [da:3f:69:62:0d:7c]
RSSI: -83 [da:3c:cf:7d:0a:ae]
RSSI: -83 [da:3c:cf:7d:0a:ae]
RSSI: -76 [da:3f:69:6f:0d:9c]
RSSI: -89 [da:3c:cf:8b:0a:ce]
RSSI: -76 [da:3f:69:6f:0d:9c]
RSSI: -82 [da:3c:cf:8b:0a:ce]
RSSI: -85 [da:3c:cf:99:0a:fe]
RSSI: -75 [da:3f:69:7e:0d:cc]
RSSI: -90 [da:39:c6:9b:0f:da]
RSSI: -87 [da:3c:cf:99:0a:fe]
RSSI: -75 [da:3f:69:7e:0d:cc]
RSSI: -76 [da:3f:69:8d:0d:fc]
RSSI: -82 [da:3c:cf:a5:0b:1e]
RSSI: -76 [da:3f:69:8d:0d:fc]
RSSI: -83 [da:3c:cf:a5:0b:1e]
RSSI: -80 [da:3c:cf:b3:0b:3e]
RSSI: -79 [da:3f:69:9a:0e:2c]
RSSI: -80 [da:3c:cf:c1:0b:6e]
RSSI: -77 [da:3f:69:a9:0e:5c]
RSSI: -81 [da:3c:cf:c1:0b:6e]
RSSI: -77 [da:3f:69:a9:0e:5c]
RSSI: -78 [da:3f:69:b8:0e:8c]
RSSI: -80 [da:3c:cf:ce:0b:8e]
RSSI: -80 [da:3c:cf:dc:0b:ae]
RSSI: -76 [da:3f:69:c4:0e:ac]
RSSI: -80 [da:3c:cf:dc:0b:ae]
RSSI: -76 [da:3f:69:c4:0e:ac]
RSSI: -81 [da:3c:cf:e9:0b:de]
RSSI: -75 [da:3f:69:d4:0e:dc]
RSSI: -80 [da:3c:cf:f6:0b:fe]
RSSI: -71 [da:3f:69:e3:0f:0c]
RSSI: -80 [da:3c:d0:04:0c:2e]
RSSI: -81 [da:3c:d0:04:0c:2e]
RSSI: -77 [da:3f:69:ef:0f:3c]
RSSI: -79 [da:3c:d0:12:0c:4e]
RSSI: -81 [da:3c:d0:12:0c:4e]
RSSI: -82 [da:3f:69:fe:0f:6c]
RSSI: -81 [da:3f:69:fe:0f:6c]
RSSI: -81 [da:3c:d0:1e:0c:6e]
RSSI: -80 [da:3c:d0:1e:0c:6e]
RSSI: -78 [da:3f:6a:0d:0f:9c]
RSSI: -82 [da:3f:6a:0d:0f:9c]
RSSI: -82 [da:3c:d0:2c:0c:9e]
RSSI: -81 [da:3c:d0:3a:0c:be]
RSSI: -84 [da:3c:d0:3a:0c:be]
RSSI: -85 [da:3c:d0:3a:0c:be]
RSSI: -76 [da:3f:6a:29:0f:ec]
RSSI: -75 [da:3f:6a:29:0f:ec]
RSSI: -81 [da:3c:d0:47:0c:ee]
RSSI: -81 [da:3c:d0:47:0c:ee]
RSSI: -74 [da:3f:6a:38:10:1c]
RSSI: -86 [da:3c:d0:54:0d:0e]
RSSI: -72 [da:3f:6a:38:10:1c]
RSSI: -72 [da:3f:6a:45:10:3c]
RSSI: -73 [da:3f:6a:45:10:3c]
RSSI: -69 [da:3f:6a:54:10:6c]
RSSI: -95 [da:37:e3:76:15:2b]
RSSI: -73 [da:3f:6a:70:10:cc]
RSSI: -71 [da:3f:6a:70:10:cc]
RSSI: -76 [da:3f:6a:7f:10:fc]
RSSI: -73 [da:3f:6a:8e:11:2c]
RSSI: -70 [da:3f:6a:8e:11:2c]
RSSI: -77 [da:3f:6a:9b:11:4c]
RSSI: -80 [da:3f:6a:aa:11:7c]
RSSI: -83 [da:3f:6a:aa:11:7c]
RSSI: -77 [da:3f:6a:b9:11:ac]
RSSI: -89 [da:37:e3:c4:16:1b]
RSSI: -89 [da:37:e3:d4:16:4b]
RSSI: -76 [da:3f:6a:c5:11:dc]
RSSI: -79 [da:3f:6a:c5:11:dc]
RSSI: -89 [da:37:e3:d4:16:4b]
RSSI: -79 [da:3f:6a:c5:11:dc]
RSSI: -74 [da:3f:6a:d5:12:0c]
RSSI: -73 [da:3f:6a:e4:12:3c]
RSSI: -73 [da:3f:6a:e4:12:3c]
RSSI: -73 [da:3f:6a:e4:12:3c]
RSSI: -74 [da:3f:6a:f0:12:5c]
RSSI: -74 [da:3f:6a:f0:12:5c]
RSSI: -88 [da:37:e4:01:00:3b]
RSSI: -87 [da:37:e4:11:00:6b]
RSSI: -74 [da:3f:6b:00:12:8c]
RSSI: -74 [da:3f:6b:00:12:8c]
RSSI: -76 [da:3f:6b:0f:12:bc]
RSSI: -87 [da:37:e4:1e:00:8b]
RSSI: -75 [da:3f:6b:0f:12:bc]
RSSI: -93 [da:39:c8:2c:14:6a]
RSSI: -78 [da:3f:6b:1b:12:ec]
RSSI: -78 [da:3f:6b:2a:13:1c]
RSSI: -87 [da:39:c8:49:14:ba]
RSSI: -81 [da:3f:6b:2a:13:1c]
RSSI: -79 [da:3f:6b:3a:13:4c]
RSSI: -88 [da:39:c8:58:14:ea]
RSSI: -81 [da:3f:6b:3a:13:4c]
RSSI: -87 [da:39:c8:58:14:ea]
RSSI: -80 [da:3f:6b:46:13:6c]
RSSI: -91 [da:37:e4:5b:01:3b]
RSSI: -79 [da:3f:6b:46:13:6c]
RSSI: -87 [da:39:c8:65:15:0a]
RSSI: -79 [da:3f:6b:55:13:9c]
RSSI: -77 [da:3f:6b:55:13:9c]
RSSI: -76 [da:3f:6b:64:13:cc]
RSSI: -88 [da:3c:d1:7d:10:4e]
RSSI: -76 [da:3f:6b:64:13:cc]
RSSI: -91 [da:39:c8:85:15:6a]
RSSI: -75 [da:3f:6b:71:13:ec]
RSSI: -75 [da:3f:6b:71:13:ec]
RSSI: -76 [da:3f:6b:80:14:1c]
RSSI: -90 [da:37:e4:94:01:eb]
RSSI: -91 [da:3c:d1:97:10:9e]
RSSI: -76 [da:3f:6b:80:14:1c]
RSSI: -75 [da:3f:6b:8f:14:4c]
RSSI: -88 [da:37:e4:a5:02:1b]
RSSI: -77 [da:3f:6b:9c:14:7c]
RSSI: -78 [da:3f:6b:9c:14:7c]
RSSI: -91 [da:3c:d1:c0:11:0e]
RSSI: -78 [da:3f:6b:ab:14:ac]
RSSI: -78 [da:3f:6b:ab:14:ac]
RSSI: -87 [da:37:e4:c0:02:6b]
RSSI: -77 [da:3f:6b:ba:14:dc]
RSSI: -84 [da:37:e4:cf:02:8b]
RSSI: -84 [da:37:e4:db:02:bb]
RSSI: -76 [da:3f:6b:c7:14:fc]
RSSI: -85 [da:37:e4:db:02:bb]
RSSI: -83 [da:37:e4:db:02:bb]
RSSI: -89 [da:39:c8:eb:00:5a]
RSSI: -83 [da:37:e4:db:02:bb]
RSSI: -74 [da:3f:6b:d6:15:2c]
RSSI: -84 [da:39:c8:eb:00:5a]
RSSI: -92 [da:3c:d1:f6:11:ae]
RSSI: -77 [da:3f:6b:d6:15:2c]
RSSI: -75 [da:3f:6b:e6:15:5c]
RSSI: -90 [da:39:c8:fb:00:7a]
RSSI: -74 [da:3f:6b:e6:15:5c]
RSSI: -76 [da:3f:6b:e6:15:5c]
RSSI: -90 [da:3c:d2:03:11:ce]
RSSI: -83 [da:37:e4:f9:03:0b]
RSSI: -76 [da:3f:6b:f2:15:8c]
RSSI: -83 [da:37:e5:06:03:3b]
RSSI: -74 [da:3f:6b:f2:15:8c]
RSSI: -76 [da:3f:6c:02:15:bc]
RSSI: -83 [da:37:e5:15:03:6b]
RSSI: -75 [da:3f:6c:02:15:bc]
RSSI: -85 [da:37:e5:23:03:8b]
RSSI: -76 [da:3f:6c:11:15:dc]
RSSI: -86 [da:37:e5:23:03:8b]
RSSI: -89 [da:3c:d2:2b:12:3e]
RSSI: -75 [da:3f:6c:1d:16:0c]
RSSI: -82 [da:37:e5:30:03:bb]
RSSI: -76 [da:3f:6c:1d:16:0c]
RSSI: -82 [da:37:e5:30:03:bb]
RSSI: -87 [da:39:c9:44:01:5a]
RSSI: -76 [da:3f:6c:2d:16:3c]
RSSI: -82 [da:37:e5:3f:03:eb]
RSSI: -92 [da:3c:d2:47:12:8e]
RSSI: -74 [da:3f:6c:2d:16:3c]
RSSI: -77 [da:3f:6c:3c:16:6c]
RSSI: -82 [da:37:e5:4e:04:0b]
RSSI: -89 [da:39:c9:54:01:7a]
RSSI: -76 [da:3f:6c:48:00:0c]
RSSI: -85 [da:37:e5:5a:04:3b]
RSSI: -77 [da:3f:6c:48:00:0c]
RSSI: -85 [da:37:e5:5a:04:3b]
RSSI: -76 [da:3f:6c:58:00:2c]
RSSI: -85 [da:37:e5:69:04:6b]
RSSI: -76 [da:3f:6c:58:00:2c]
RSSI: -83 [da:37:e5:69:04:6b]
RSSI: -79 [da:3f:6c:67:00:5c]
RSSI: -76 [da:3f:6c:67:00:5c]
RSSI: -83 [da:37:e5:78:04:8b]
RSSI: -77 [da:3f:6c:67:00:5c]
RSSI: -79 [da:3f:6c:73:00:8c]
RSSI: -89 [da:39:c9:9e:02:5a]
RSSI: -81 [da:3f:6c:83:00:bc]
RSSI: -79 [da:3f:6c:92:00:ec]
RSSI: -87 [da:39:c9:ae:02:7a]
RSSI: -82 [da:3f:6c:9e:01:0c]
RSSI: -80 [da:3f:6c:9e:01:0c]
RSSI: -89 [da:3c:d2:c1:13:ee]
RSSI: -84 [da:3f:6c:ae:01:3c]
RSSI: -86 [da:37:e5:cd:05:8b]
RSSI: -77 [da:3f:6c:bd:01:6c]
RSSI: -79 [da:3f:6c:c9:01:9c]
RSSI: -81 [da:3f:6c:c9:01:9c]
RSSI: -89 [da:3c:d2:e9:14:5e]
RSSI: -81 [da:3f:6c:d9:01:cc]
RSSI: -89 [da:37:e5:e8:05:db]
RSSI: -80 [da:3f:6c:d9:01:cc]
RSSI: -88 [da:37:e5:e8:05:db]
RSSI: -89 [da:37:e5:f7:06:0b]
RSSI: -81 [da:3f:6c:e8:01:fc]
RSSI: -90 [da:3c:d3:12:14:ce]
RSSI: -92 [da:3f:6d:04:02:4c]
RSSI: -91 [da:3c:d3:1f:14:ee]
RSSI: -90 [da:3f:6d:13:02:7c]
RSSI: -78 [da:3f:6d:2f:02:dc]
RSSI: -88 [da:37:e6:3d:06:db]
RSSI: -78 [da:3f:6d:2f:02:dc]
RSSI: -83 [da:3f:6d:2f:02:dc]
RSSI: -77 [da:3f:6d:3e:03:0c]
RSSI: -80 [da:3f:6d:4b:03:2c]
RSSI: -91 [da:39:ca:61:04:7a]
RSSI: -76 [da:3f:6d:4b:03:2c]
RSSI: -79 [da:3f:6d:5a:03:5c]
RSSI: -78 [da:3f:6d:69:03:8c]
RSSI: -82 [da:3f:6d:76:03:bc]
RSSI: -83 [da:3f:6d:76:03:bc]
RSSI: -84 [da:3f:6d:85:03:ec]
RSSI: -92 [da:39:ca:9e:05:2a]
RSSI: -91 [da:39:ca:9e:05:2a]
RSSI: -86 [da:3f:6d:94:04:1c]
RSSI: -89 [da:39:ca:aa:05:4a]
RSSI: -85 [da:3f:6d:94:04:1c]
RSSI: -78 [da:3f:6d:a1:04:3c]
RSSI: -83 [da:3f:6d:b0:04:6c]
RSSI: -78 [da:3f:6d:b0:04:6c]
RSSI: -85 [da:3f:6d:bf:04:9c]
RSSI: -83 [da:39:ca:d7:05:da]
RSSI: -88 [da:3f:6d:bf:04:9c]
RSSI: -83 [da:39:ca:e7:06:0a]
RSSI: -84 [da:39:ca:e7:06:0a]
RSSI: -82 [da:39:ca:f8:06:3a]
RSSI: -80 [da:3f:6d:db:04:fc]
RSSI: -92 [da:37:e6:f6:09:0b]
RSSI: -83 [da:3f:6d:eb:05:1c]
RSSI: -81 [da:39:cb:04:06:5a]
RSSI: -82 [da:3f:6d:f7:05:4c]
RSSI: -78 [da:3f:6d:f7:05:4c]
RSSI: -80 [da:39:cb:14:06:8a]
RSSI: -80 [da:39:cb:24:06:ba]
RSSI: -75 [da:3f:6e:16:05:ac]
RSSI: -79 [da:39:cb:31:06:da]
RSSI: -78 [da:39:cb:31:06:da]
RSSI: -78 [da:39:cb:31:06:da]
RSSI: -75 [da:3f:6e:22:05:dc]
RSSI: -75 [da:3f:6e:22:05:dc]
RSSI: -78 [da:39:cb:41:07:0a]
RSSI: -77 [da:3f:6e:32:06:0c]
RSSI: -77 [da:3f:6e:41:06:3c]
RSSI: -77 [da:39:cb:5e:07:5a]
RSSI: -77 [da:39:cb:5e:07:5a]
RSSI: -75 [da:3f:6e:4e:06:5c]
RSSI: -78 [da:39:cb:6e:07:8a]
RSSI: -77 [da:39:cb:6e:07:8a]
RSSI: -77 [da:3f:6e:5d:06:8c]
RSSI: -76 [da:3f:6e:5d:06:8c]
RSSI: -78 [da:39:cb:7e:07:ba]
RSSI: -81 [da:3f:6e:6c:06:bc]
RSSI: -95 [da:37:e7:82:0a:bb]
RSSI: -77 [da:39:cb:8b:07:da]
RSSI: -85 [da:3f:6e:79:06:ec]
RSSI: -78 [da:39:cb:9b:08:0a]
RSSI: -78 [da:3f:6e:88:07:1c]
RSSI: -79 [da:3f:6e:88:07:1c]
RSSI: -77 [da:39:cb:ab:08:3a]
RSSI: -78 [da:39:cb:ab:08:3a]
RSSI: -85 [da:3f:6e:97:07:4c]
RSSI: -79 [da:39:cb:b8:08:5a]
RSSI: -90 [da:3f:6e:a4:07:6c]
RSSI: -79 [da:39:cb:b8:08:5a]
RSSI: -87 [da:3f:6e:a4:07:6c]
RSSI: -88 [da:3f:6e:b3:07:9c]
RSSI: -82 [da:39:cb:d8:08:ba]
RSSI: -81 [da:3f:6e:c3:07:cc]
RSSI: -84 [da:39:cb:e5:08:da]
RSSI: -84 [da:39:cb:f5:09:0a]
RSSI: -83 [da:3f:6e:df:08:2c]
RSSI: -86 [da:39:cb:f5:09:0a]
RSSI: -80 [da:3f:6e:ee:08:5c]
RSSI: -83 [da:3f:6e:fb:08:7c]
RSSI: -81 [da:3f:6f:0a:08:ac]
RSSI: -82 [da:3f:6f:0a:08:ac]
RSSI: -77 [da:3f:6f:19:08:dc]
RSSI: -78 [da:3f:6f:19:08:dc]
RSSI: -88 [da:39:cc:32:09:ba]
RSSI: -79 [da:3f:6f:19:08:dc]
RSSI: -87 [da:39:cc:3f:09:da]
RSSI: -77 [da:3f:6f:26:09:0c]
RSSI: -78 [da:3f:6f:35:09:3c]
RSSI: -77 [da:3f:6f:35:09:3c]
RSSI: -76 [da:3f:6f:45:09:6c]
RSSI: -78 [da:3f:6f:51:09:9c]
RSSI: -85 [da:39:cc:6c:0a:5a]
RSSI: -76 [da:3f:6f:51:09:9c]
RSSI: -86 [da:39:cc:7c:0a:9a]
RSSI: -78 [da:3f:6f:61:09:cc]
RSSI: -79 [da:3f:6f:70:09:fc]
RSSI: -86 [da:39:cc:8c:0a:ba]
RSSI: -75 [da:3f:6f:7d:0a:1c]
RSSI: -78 [da:3f:6f:7d:0a:1c]
RSSI: -78 [da:3f:6f:8c:0a:4c]
RSSI: -86 [da:39:cc:a2:0a:fa]
RSSI: -76 [da:3f:6f:8c:0a:4c]
RSSI: -86 [da:39:cc:b2:0b:2a]
RSSI: -77 [da:3f:6f:9b:0a:7c]
RSSI: -85 [da:39:cc:c2:0b:5a]
RSSI: -85 [da:39:cc:c2:0b:5a]
RSSI: -77 [da:3f:6f:a8:0a:ac]
RSSI: -81 [da:3f:6f:b7:0a:dc]
RSSI: -81 [da:3f:6f:b7:0a:dc]
RSSI: -80 [da:3f:6f:c7:0b:0c]
RSSI: -85 [da:3f:6f:c7:0b:0c]
RSSI: -89 [da:39:cc:eb:0b:ca]
RSSI: -82 [da:3f:6f:d3:0b:2c]
RSSI: -88 [da:39:cc:fb:0b:fa]
RSSI: -88 [da:3f:6f:e3:0b:5c]
RSSI: -87 [da:39:cc:fb:0b:fa]
RSSI: -83 [da:3f:6f:e3:0b:5c]
RSSI: -88 [da:39:cd:08:0c:2a]
RSSI: -81 [da:3f:6f:f2:0b:8c]
RSSI: -89 [da:39:cd:15:0c:4a]
RSSI: -89 [da:39:cd:15:0c:4a]
RSSI: -81 [da:3f:6f:ff:0b:bc]
RSSI: -89 [da:39:cd:15:0c:4a]
RSSI: -78 [da:3f:6f:ff:0b:bc]
RSSI: -91 [da:39:cd:21:0c:6a]
RSSI: -79 [da:3f:70:0e:0b:ec]
RSSI: -78 [da:3f:70:0e:0b:ec]
RSSI: -77 [da:3f:70:1d:0c:1c]
RSSI: -79 [da:3f:70:2a:0c:3c]
RSSI: -78 [da:3f:70:2a:0c:3c]
RSSI: -80 [da:3f:70:39:0c:7c]
RSSI: -77 [da:3f:70:39:0c:7c]
RSSI: -79 [da:3f:70:49:0c:ac]
RSSI: -74 [da:3f:70:55:0c:cc]
RSSI: -78 [da:3f:70:55:0c:cc]
RSSI: -75 [da:3f:70:65:0c:fc]
RSSI: -73 [da:3f:70:65:0c:fc]
RSSI: -79 [da:3f:70:74:0d:2c]
RSSI: -90 [da:37:e9:82:10:bb]
RSSI: -77 [da:3f:70:81:0d:5c]
RSSI: -92 [da:39:cd:a0:0d:da]
RSSI: -77 [da:3f:70:81:0d:5c]
RSSI: -72 [da:3f:70:90:0d:8c]
RSSI: -91 [da:37:e9:a0:11:0b]
RSSI: -75 [da:3f:70:90:0d:8c]
RSSI: -89 [da:37:e9:ac:11:3b]
RSSI: -89 [da:39:cd:c6:0e:4a]
RSSI: -74 [da:3f:70:ac:0d:dc]
RSSI: -89 [da:39:cd:c6:0e:4a]
RSSI: -74 [da:3f:70:ac:0d:dc]
RSSI: -90 [da:37:e9:bc:11:6b]
RSSI: -91 [da:37:e9:cb:11:8b]
RSSI: -76 [da:3f:70:bc:0e:1c]
RSSI: -89 [da:39:cd:e0:0e:9a]
RSSI: -76 [da:3f:70:bc:0e:1c]
RSSI: -73 [da:3f:70:cb:0e:4c]
RSSI: -74 [da:3f:70:cb:0e:4c]
RSSI: -77 [da:3f:70:cb:0e:4c]
RSSI: -75 [da:3f:70:d8:0e:6c]
RSSI: -74 [da:3f:70:d8:0e:6c]
RSSI: -89 [da:37:e9:f5:12:0b]
RSSI: -89 [da:37:ea:02:12:3b]
RSSI: -72 [da:3f:70:f7:0e:cc]
RSSI: -92 [da:39:ce:13:0f:2a]
RSSI: -67 [da:3f:71:03:0e:fc]
RSSI: -73 [da:3f:71:03:0e:fc]
RSSI: -89 [da:37:ea:20:12:9b]
RSSI: -67 [da:3f:71:13:0f:2c]
RSSI: -77 [da:3f:71:22:0f:5c]
RSSI: -72 [da:3f:71:22:0f:5c]
RSSI: -89 [da:37:ea:3c:12:eb]
RSSI: -83 [da:3f:71:2f:0f:7c]
RSSI: -88 [da:37:ea:3c:12:eb]
RSSI: -79 [da:3f:71:2f:0f:7c]
RSSI: -87 [da:37:ea:4b:13:0b]
RSSI: -77 [da:3f:71:3e:0f:bc]
RSSI: -78 [da:3f:71:3e:0f:bc]
RSSI: -76 [da:3f:71:3e:0f:bc]
RSSI: -87 [da:37:ea:58:13:3b]
RSSI: -76 [da:3f:71:4e:0f:ec]
RSSI: -85 [da:37:ea:58:13:3b]
RSSI: -80 [da:3f:71:4e:0f:ec]
RSSI: -87 [da:3c:d7:68:0a:de]
RSSI: -69 [da:3f:71:5a:10:0c]
RSSI: -89 [da:37:ea:76:13:8b]
RSSI: -67 [da:3f:71:6a:10:3c]
RSSI: -65 [da:3f:71:6a:10:3c]
RSSI: -87 [da:3c:d7:91:0b:4e]
RSSI: -65 [da:3f:71:79:10:6c]
RSSI: -63 [da:3f:71:79:10:6c]
RSSI: -83 [da:3c:d7:9d:0b:6e]
RSSI: -63 [da:3f:71:8b:10:ac]
RSSI: -90 [da:37:ea:a1:14:0b]
RSSI: -61 [da:3f:71:9b:10:dc]
RSSI: -82 [da:3c:d7:ba:0b:be]
RSSI: -60 [da:3f:71:9b:10:dc]
RSSI: -60 [da:3f:71:ab:11:0c]
RSSI: -86 [da:3c:d7:c6:0b:de]
RSSI: -86 [da:3c:d7:c6:0b:de]
RSSI: -59 [da:3f:71:b7:11:2c]
RSSI: -60 [da:3f:71:c7:11:5c]
RSSI: -84 [da:3c:d7:ef:0c:5e]
RSSI: -59 [da:3f:71:d6:11:8c]
RSSI: -86 [da:3c:d7:ef:0c:5e]
RSSI: -58 [da:3f:71:e3:11:bc]
RSSI: -59 [da:3f:71:e3:11:bc]
RSSI: -59 [da:3f:71:f2:11:ec]
RSSI: -58 [da:3f:71:f2:11:ec]
RSSI: -60 [da:3f:72:02:12:1c]
RSSI: -60 [da:3f:72:0e:12:3c]
RSSI: -90 [da:37:eb:21:15:8b]
RSSI: -60 [da:3f:72:0e:12:3c]
RSSI: -60 [da:3f:72:1e:12:6c]
RSSI: -61 [da:3f:72:1e:12:6c]
RSSI: -62 [da:3f:72:2d:12:9c]
RSSI: -89 [da:37:eb:3d:15:db]
RSSI: -61 [da:3f:72:2d:12:9c]
RSSI: -90 [da:37:eb:3d:15:db]
RSSI: -88 [da:37:eb:4c:16:0b]
RSSI: -65 [da:3f:72:3a:12:bc]
RSSI: -68 [da:3f:72:49:12:ec]
RSSI: -70 [da:3f:72:49:12:ec]
RSSI: -71 [da:3f:72:59:13:1c]
RSSI: -78 [da:3f:72:59:13:1c]
RSSI: -87 [da:37:eb:68:16:5b]
RSSI: -72 [da:3f:72:75:13:7c]
RSSI: -70 [da:3f:72:85:13:ac]
RSSI: -86 [da:37:eb:93:00:8b]
RSSI: -69 [da:3f:72:85:13:ac]
RSSI: -71 [da:3f:72:85:13:ac]
RSSI: -69 [da:3f:72:91:13:dc]
RSSI: -68 [da:3f:72:91:13:dc]
RSSI: -85 [da:37:eb:af:00:db]
RSSI: -87 [da:37:eb:af:00:db]
RSSI: -69 [da:3f:72:a1:14:0c]
RSSI: -86 [da:37:eb:af:00:db]
RSSI: -83 [da:37:eb:be:01:0b]
RSSI: -71 [da:3f:72:b0:14:3c]
RSSI: -84 [da:37:eb:cd:01:2b]
RSSI: -77 [da:3f:72:bd:14:5c]
RSSI: -74 [da:3f:72:bd:14:5c]
RSSI: -81 [da:37:eb:da:01:5b]
RSSI: -83 [da:3f:72:cd:14:8c]
RSSI: -80 [da:37:eb:e9:01:8b]
RSSI: -79 [da:3f:72:dc:14:bc]
RSSI: -78 [da:37:eb:e9:01:8b]
RSSI: -80 [da:3f:72:dc:14:bc]
RSSI: -78 [da:37:eb:f8:01:ab]
RSSI: -78 [da:3f:72:e9:14:ec]
RSSI: -91 [da:39:d0:04:14:ca]
RSSI: -77 [da:3f:72:e9:14:ec]
RSSI: -76 [da:37:ec:05:01:db]
RSSI: -90 [da:39:d0:11:14:ea]
RSSI: -76 [da:3f:72:f8:15:1c]
RSSI: -78 [da:3f:73:08:15:4c]
RSSI: -75 [da:37:ec:23:02:3b]
RSSI: -74 [da:37:ec:23:02:3b]
RSSI: -76 [da:3f:73:24:15:9c]
RSSI: -75 [da:37:ec:30:02:5b]
RSSI: -76 [da:3f:73:24:15:9c]
RSSI: -73 [da:37:ec:3f:02:8b]
RSSI: -80 [da:3f:73:33:15:cc]
RSSI: -79 [da:3f:73:33:15:cc]
RSSI: -73 [da:37:ec:4e:02:bb]
RSSI: -76 [da:3f:73:40:15:fc]
RSSI: -74 [da:37:ec:5b:02:db]
RSSI: -76 [da:3f:73:50:16:2c]
RSSI: -74 [da:37:ec:5b:02:db]
RSSI: -77 [da:3f:73:50:16:2c]
RSSI: -74 [da:37:ec:6a:03:0b]
RSSI: -77 [da:3f:73:5f:16:5c]
RSSI: -76 [da:3f:73:5f:16:5c]
RSSI: -80 [da:3f:73:6c:16:7c]
RSSI: -91 [da:39:d0:91:00:2a]
RSSI: -79 [da:3f:73:7b:00:3c]
RSSI: -78 [da:3f:73:7b:00:3c]
RSSI: -75 [da:37:ec:95:03:8b]
RSSI: -79 [da:3f:73:8b:00:6c]
RSSI: -73 [da:37:ec:95:03:8b]
RSSI: -73 [da:37:ec:a4:03:bb]
RSSI: -82 [da:3f:73:97:00:8c]
RSSI: -76 [da:37:ec:a4:03:bb]
RSSI: -77 [da:3f:73:97:00:8c]
RSSI: -73 [da:37:ec:b1:03:db]
RSSI: -81 [da:3f:73:a7:00:bc]
RSSI: -76 [da:37:ec:c0:04:0b]
RSSI: -78 [da:3f:73:b7:00:ec]
RSSI: -88 [da:39:d0:d1:00:da]
RSSI: -77 [da:37:ec:cf:04:3b]
RSSI: -77 [da:37:ec:cf:04:3b]
RSSI: -82 [da:3f:73:c3:01:1c]
RSSI: -76 [da:37:ec:dc:04:5b]
RSSI: -77 [da:37:ec:dc:04:5b]
RSSI: -86 [da:3f:73:d3:01:4c]
RSSI: -78 [da:37:ec:eb:04:8b]
RSSI: -87 [da:39:d0:f7:01:4a]
RSSI: -87 [da:3f:73:e2:01:7c]
RSSI: -80 [da:37:ec:fa:04:bb]
RSSI: -81 [da:37:ec:fa:04:bb]
RSSI: -80 [da:3f:73:ef:01:9c]
RSSI: -83 [da:3f:73:ef:01:9c]
RSSI: -84 [da:37:ed:07:04:db]
RSSI: -82 [da:37:ed:07:04:db]
RSSI: -81 [da:3f:73:ff:01:dc]
RSSI: -86 [da:37:ed:16:05:0b]
RSSI: -82 [da:3f:74:0e:02:0c]
RSSI: -87 [da:37:ed:16:05:0b]
RSSI: -82 [da:3f:74:0e:02:0c]
RSSI: -88 [da:37:ed:25:05:3b]
RSSI: -85 [da:3f:74:1b:02:2c]
RSSI: -86 [da:3f:74:2a:02:5c]
RSSI: -82 [da:37:ed:41:05:8b]
RSSI: -82 [da:37:ed:50:05:bb]
RSSI: -83 [da:37:ed:50:05:bb]
RSSI: -89 [da:3f:74:47:02:bc]
RSSI: -81 [da:37:ed:5d:05:db]
RSSI: -82 [da:37:ed:5d:05:db]
RSSI: -83 [da:37:ed:6c:06:0b]
RSSI: -85 [da:3f:74:56:02:ec]
RSSI: -78 [da:3f:74:66:03:1c]
RSSI: -84 [da:3f:74:66:03:1c]
RSSI: -75 [da:3f:74:72:03:3c]
RSSI: -86 [da:37:ed:88:06:6b]
RSSI: -79 [da:3f:74:82:03:6c]
RSSI: -83 [da:3f:74:92:03:9c]
RSSI: -79 [da:3f:74:92:03:9c]
RSSI: -87 [da:37:ed:a7:06:bb]
RSSI: -87 [da:3f:74:9e:03:cc]
RSSI: -87 [da:37:ed:b3:06:eb]
RSSI: -84 [da:3f:74:ae:03:fc]
RSSI: -84 [da:37:ed:c2:07:1b]
RSSI: -86 [da:37:ed:d2:07:3b]
RSSI: -88 [da:3f:74:da:04:7c]
RSSI: -88 [da:37:ed:ee:07:9b]
RSSI: -87 [da:37:ed:fd:07:cb]
RSSI: -81 [da:3f:74:e9:04:ac]
RSSI: -84 [da:3f:74:f6:04:dc]
RSSI: -83 [da:3f:74:f6:04:dc]
RSSI: -86 [da:37:ee:09:07:eb]
RSSI: -87 [da:3f:75:06:05:0c]
RSSI: -81 [da:3f:75:22:05:5c]
RSSI: -83 [da:3f:75:31:05:9c]
RSSI: -79 [da:3f:75:31:05:9c]
RSSI: -84 [da:3f:75:41:05:cc]
RSSI: -80 [da:3f:75:41:05:cc]
RSSI: -81 [da:3f:75:4e:05:ec]
RSSI: -79 [da:3f:75:4e:05:ec]
RSSI: -77 [da:3f:75:5d:06:1c]
RSSI: -80 [da:3f:75:5d:06:1c]
RSSI: -77 [da:3f:75:6d:06:4c]
RSSI: -77 [da:3f:75:6d:06:4c]
RSSI: -87 [da:39:d2:9f:05:fa]
RSSI: -82 [da:3f:75:89:06:ac]
RSSI: -87 [da:39:d2:ad:06:2a]
RSSI: -78 [da:3f:75:89:06:ac]
RSSI: -84 [da:39:d2:ad:06:2a]
RSSI: -89 [da:37:ee:aa:09:cb]
RSSI: -78 [da:3f:75:99:06:dc]
RSSI: -88 [da:37:ee:aa:09:cb]
RSSI: -84 [da:3f:75:99:06:dc]
RSSI: -86 [da:39:d2:b9:06:4a]
RSSI: -87 [da:37:ee:b6:09:eb]
RSSI: -79 [da:3f:75:a6:06:fc]
RSSI: -84 [da:39:d2:c6:06:6a]
RSSI: -86 [da:37:ee:b6:09:eb]
RSSI: -91 [da:39:d2:c6:06:6a]
RSSI: -85 [da:39:d2:d3:06:9a]
RSSI: -87 [da:37:ee:c6:0a:1b]
RSSI: -81 [da:3f:75:b5:07:2c]
RSSI: -83 [da:39:d2:d3:06:9a]
RSSI: -86 [da:39:d2:e0:06:ba]
RSSI: -87 [da:37:ee:d5:0a:4b]
RSSI: -83 [da:3f:75:c5:07:6c]
RSSI: -83 [da:39:d2:e0:06:ba]
RSSI: -82 [da:39:d2:ed:06:da]
RSSI: -89 [da:3f:75:d1:07:8c]
RSSI: -86 [da:39:d2:ed:06:da]
RSSI: -84 [da:39:d2:fa:07:0a]
RSSI: -80 [da:3f:75:e1:07:bc]
RSSI: -81 [da:39:d3:13:07:4a]
RSSI: -89 [da:3f:75:fd:08:1c]
RSSI: -85 [da:37:ef:0d:0a:fb]
RSSI: -84 [da:39:d3:13:07:4a]
RSSI: -86 [da:37:ef:0d:0a:fb]
RSSI: -82 [da:39:d3:21:07:7a]
RSSI: -89 [da:37:ef:1c:0b:2b]
RSSI: -84 [da:39:d3:2e:07:9a]
RSSI: -84 [da:39:d3:2e:07:9a]
RSSI: -86 [da:37:ef:2b:0b:4b]
RSSI: -83 [da:39:d3:2e:07:9a]
RSSI: -80 [da:39:d3:3a:07:ba]
RSSI: -79 [da:3f:76:29:08:ac]
RSSI: -82 [da:39:d3:47:07:ea]
RSSI: -87 [da:39:d3:54:08:0a]
RSSI: -78 [da:3f:76:39:08:dc]
RSSI: -89 [da:37:ef:47:0b:ab]
RSSI: -74 [da:3f:76:39:08:dc]
RSSI: -90 [da:39:d3:54:08:0a]
RSSI: -89 [da:37:ef:57:0b:db]
RSSI: -85 [da:39:d3:61:08:2a]
RSSI: -78 [da:3f:76:49:09:0c]
RSSI: -85 [da:39:d3:61:08:2a]
RSSI: -91 [da:37:ef:63:0b:fb]
RSSI: -76 [da:3f:76:55:09:2c]
RSSI: -81 [da:39:d3:6e:08:4a]
RSSI: -79 [da:3f:76:55:09:2c]
RSSI: -89 [da:39:d3:7b:08:7a]
RSSI: -88 [da:37:ef:73:0c:2b]
RSSI: -77 [da:3f:76:65:09:6c]
RSSI: -78 [da:3f:76:65:09:6c]
RSSI: -78 [da:3f:76:65:09:6c]
RSSI: -85 [da:39:d3:88:08:9a]
RSSI: -80 [da:3f:76:75:09:9c]
RSSI: -85 [da:39:d3:88:08:9a]
RSSI: -87 [da:37:ef:82:0c:5b]
RSSI: -80 [da:3f:76:75:09:9c]
RSSI: -89 [da:39:d3:95:08:ba]
RSSI: -78 [da:3f:76:81:09:bc]
RSSI: -78 [da:3f:76:81:09:bc]
RSSI: -82 [da:3f:76:91:09:ec]
RSSI: -75 [da:3f:76:91:09:ec]
RSSI: -76 [da:3f:76:91:09:ec]
RSSI: -76 [da:3f:76:a1:0a:1c]
RSSI: -76 [da:3f:76:ad:0a:4c]
RSSI: -79 [da:3f:76:bd:0a:7c]
RSSI: -79 [da:3f:76:bd:0a:7c]
RSSI: -80 [da:3f:76:cd:0a:ac]
RSSI: -82 [da:3f:76:cd:0a:ac]
RSSI: -82 [da:3f:76:d9:0a:dc]
RSSI: -78 [da:3f:76:e9:0b:0c]
RSSI: -79 [da:3f:76:e9:0b:0c]
RSSI: -81 [da:3f:76:f9:0b:3c]
RSSI: -77 [da:3f:76:f9:0b:3c]
RSSI: -84 [da:3f:77:05:0b:6c]
RSSI: -82 [da:3f:77:15:0b:9c]
RSSI: -84 [da:3f:77:32:0b:ec]
RSSI: -93 [da:37:f0:3c:0e:8b]
RSSI: -83 [da:3f:77:32:0b:ec]
RSSI: -80 [da:3f:77:41:0c:1c]
RSSI: -84 [da:3f:77:41:0c:1c]
RSSI: -86 [da:3f:77:5e:0c:7c]
RSSI: -89 [da:3f:77:6d:0c:ac]
RSSI: -81 [da:3f:77:7d:0c:dc]
RSSI: -87 [da:37:f0:93:0f:8b]
RSSI: -82 [da:3f:77:8a:0d:0c]
RSSI: -90 [da:37:f0:b2:0f:eb]
RSSI: -84 [da:3f:77:a9:0d:6c]
RSSI: -87 [da:37:f0:ce:10:3b]
RSSI: -82 [da:3f:77:b6:0d:9c]
RSSI: -87 [da:37:f0:ce:10:3b]
RSSI: -92 [da:37:f0:ce:10:3b]
RSSI: -88 [da:37:f0:dd:10:6b]
RSSI: -87 [da:37:f0:dd:10:6b]
RSSI: -81 [da:3f:77:d5:0d:fc]
RSSI: -80 [da:3f:77:e2:0e:1c]
RSSI: -85 [da:37:f0:f9:10:bb]
RSSI: -85 [da:37:f1:08:10:eb]
RSSI: -84 [da:3f:77:f2:0e:4c]
RSSI: -86 [da:37:f1:15:11:0b]
RSSI: -81 [da:3f:78:0e:0e:ac]
RSSI: -82 [da:3f:78:0e:0e:ac]
RSSI: -79 [da:3f:78:1e:0e:dc]
RSSI: -77 [da:3f:78:2e:0f:0c]
RSSI: -76 [da:3f:78:2e:0f:0c]
RSSI: -89 [da:37:f1:41:11:8b]
RSSI: -78 [da:3f:78:3a:0f:3c]
RSSI: -75 [da:3f:78:3a:0f:3c]
RSSI: -88 [da:37:f1:50:11:bb]
RSSI: -87 [da:37:f1:5f:11:eb]
RSSI: -82 [da:3f:78:4a:0f:6c]
RSSI: -78 [da:3f:78:5a:0f:9c]
RSSI: -88 [da:37:f1:7c:12:3b]
RSSI: -89 [da:39:d5:8e:0e:7a]
RSSI: -76 [da:3f:78:76:0f:ec]
RSSI: -75 [da:3f:78:76:0f:ec]
RSSI: -73 [da:3f:78:76:0f:ec]
RSSI: -70 [da:3f:78:86:10:2c]
RSSI: -69 [da:3f:78:93:10:4c]
RSSI: -64 [da:3f:78:a2:10:7c]
RSSI: -86 [da:37:f1:b6:12:fb]
RSSI: -64 [da:3f:78:a2:10:7c]
RSSI: -65 [da:3f:78:a2:10:7c]
RSSI: -88 [da:39:d5:c2:0f:1a]
RSSI: -86 [da:37:f1:d3:13:4b]
RSSI: -88 [da:3c:de:e5:09:7e]
RSSI: -90 [da:39:d5:e9:0f:8a]
RSSI: -60 [da:3f:78:cf:11:0c]
RSSI: -89 [da:3c:de:e5:09:7e]
RSSI: -85 [da:37:f1:e2:13:7b]
RSSI: -61 [da:3f:78:cf:11:0c]
RSSI: -59 [da:3f:78:de:11:3c]
RSSI: -60 [da:3f:78:eb:11:6c]
RSSI: -59 [da:3f:78:eb:11:6c]
RSSI: -87 [da:3c:df:0f:09:fe]
RSSI: -60 [da:3f:78:fb:11:9c]
RSSI: -59 [da:3f:78:fb:11:9c]
RSSI: -58 [da:3f:79:0b:11:cc]
RSSI: -91 [da:3c:df:2c:0a:4e]
RSSI: -58 [da:3f:79:17:11:ec]
RSSI: -59 [da:3f:79:17:11:ec]
RSSI: -86 [da:3c:df:38:0a:6e]
RSSI: -59 [da:3f:79:27:12:1c]
RSSI: -86 [da:3c:df:47:0a:9e]
RSSI: -61 [da:3f:79:37:12:4c]
RSSI: -85 [da:3c:df:56:0a:be]
RSSI: -60 [da:3f:79:37:12:4c]
RSSI: -84 [da:3c:df:56:0a:be]
RSSI: -60 [da:3f:79:44:12:7c]
RSSI: -62 [da:3f:79:44:12:7c]
RSSI: -63 [da:3f:79:53:12:ac]
RSSI: -81 [da:3c:df:71:0b:0e]
RSSI: -64 [da:3f:79:63:12:dc]
RSSI: -84 [da:3c:df:7f:0b:3e]
RSSI: -67 [da:3f:79:70:13:0c]
RSSI: -82 [da:3c:df:8c:0b:5e]
RSSI: -68 [da:3f:79:70:13:0c]
RSSI: -82 [da:3c:df:8c:0b:5e]
RSSI: -68 [da:3f:79:70:13:0c]
RSSI: -74 [da:3f:79:80:13:3c]
RSSI: -82 [da:3c:df:a9:0b:ae]
RSSI: -88 [da:37:f2:a3:15:ab]
RSSI: -84 [da:3f:79:9c:13:8c]
RSSI: -80 [da:3c:df:b6:0b:ce]
RSSI: -76 [da:3f:79:9c:13:8c]
RSSI: -89 [da:37:f2:b3:15:db]
RSSI: -80 [da:3c:df:c5:0b:fe]
RSSI: -75 [da:3f:79:ac:13:bc]
RSSI: -81 [da:3c:df:c5:0b:fe]
RSSI: -86 [da:37:f2:c2:16:0b]
RSSI: -72 [da:3f:79:ac:13:bc]
RSSI: -81 [da:3c:df:c5:0b:fe]
RSSI: -80 [da:3c:df:d3:0c:2e]
RSSI: -72 [da:3f:79:bc:13:fc]
RSSI: -81 [da:3c:df:d3:0c:2e]
RSSI: -80 [da:3c:df:e0:0c:4e]
RSSI: -70 [da:3f:79:c8:14:1c]
RSSI: -80 [da:3c:df:e0:0c:4e]
RSSI: -70 [da:3f:79:c8:14:1c]
RSSI: -81 [da:3c:df:ee:0c:6e]
RSSI: -70 [da:3f:79:d8:14:4c]
RSSI: -88 [da:37:f2:ee:00:0b]
RSSI: -71 [da:3f:79:d8:14:4c]
RSSI: -73 [da:3f:79:e8:14:7c]
RSSI: -81 [da:3c:df:fd:0c:9e]
RSSI: -86 [da:37:f2:fb:00:2b]
RSSI: -72 [da:3f:79:e8:14:7c]
RSSI: -81 [da:3c:e0:0a:0c:be]
RSSI: -82 [da:3c:e0:0a:0c:be]
RSSI: -75 [da:3f:79:f5:14:ac]
RSSI: -84 [da:37:f3:0a:00:2b]
RSSI: -78 [da:3f:79:f5:14:ac]
RSSI: -83 [da:3c:e0:18:0c:ee]
RSSI: -82 [da:3c:e0:18:0c:ee]
RSSI: -80 [da:3f:7a:05:14:dc]
RSSI: -84 [da:37:f3:1a:00:5b]
RSSI: -84 [da:3c:e0:27:0d:1e]
RSSI: -80 [da:3f:7a:14:15:0c]
RSSI: -84 [da:37:f3:26:00:8b]
RSSI: -77 [da:3f:7a:14:15:0c]
RSSI: -84 [da:37:f3:26:00:8b]
RSSI: -84 [da:3c:e0:34:0d:3e]
RSSI: -77 [da:3f:7a:21:15:2c]
RSSI: -84 [da:37:f3:36:00:ab]
RSSI: -83 [da:37:f3:36:00:ab]
RSSI: -86 [da:3c:e0:42:0d:6e]
RSSI: -86 [da:3c:e0:51:0d:8e]
RSSI: -79 [da:3f:7a:41:15:8c]
RSSI: -77 [da:3f:7a:41:15:8c]
RSSI: -80 [da:37:f3:52:01:0b]
RSSI: -80 [da:37:f3:62:01:3b]
RSSI: -87 [da:3c:e0:6c:0d:de]
RSSI: -78 [da:37:f3:62:01:3b]
RSSI: -78 [da:37:f3:71:01:5b]
RSSI: -78 [da:37:f3:71:01:5b]
RSSI: -81 [da:3f:7a:5d:15:ec]
RSSI: -79 [da:3f:7a:6d:16:1c]
RSSI: -77 [da:37:f3:7e:01:8b]
RSSI: -77 [da:3f:7a:6d:16:1c]
RSSI: -77 [da:37:f3:7e:01:8b]
RSSI: -78 [da:3f:7a:7a:16:3c]
RSSI: -78 [da:3f:7a:7a:16:3c]
RSSI: -75 [da:37:f3:8d:01:bb]
RSSI: -75 [da:37:f3:9d:01:eb]
RSSI: -78 [da:3f:7a:8a:16:6c]
RSSI: -74 [da:37:f3:9d:01:eb]
RSSI: -77 [da:3f:7a:9a:00:0c]
RSSI: -75 [da:37:f3:a9:02:0b]
RSSI: -78 [da:3f:7a:9a:00:0c]
RSSI: -74 [da:37:f3:a9:02:0b]
RSSI: -90 [da:3c:e0:c0:0e:ce]
RSSI: -80 [da:3f:7a:a6:00:2c]
RSSI: -74 [da:37:f3:b9:02:3b]
RSSI: -85 [da:3f:7a:b6:00:5c]
RSSI: -74 [da:37:f3:c9:02:6b]
RSSI: -92 [da:3c:e0:cf:0e:ee]
RSSI: -85 [da:3f:7a:b6:00:5c]
RSSI: -74 [da:37:f3:c9:02:6b]
RSSI: -81 [da:3f:7a:b6:00:5c]
RSSI: -77 [da:3f:7a:c6:00:8c]
RSSI: -73 [da:37:f3:d5:02:8b]
RSSI: -74 [da:37:f3:d5:02:8b]
RSSI: -93 [da:3c:e0:ea:0f:3e]
RSSI: -77 [da:3f:7a:d3:00:bc]
RSSI: -73 [da:37:f3:e5:02:bb]
RSSI: -93 [da:3c:e0:f9:0f:6e]
RSSI: -73 [da:37:f3:f4:02:eb]
RSSI: -94 [da:3c:e0:f9:0f:6e]
RSSI: -74 [da:37:f3:f4:02:eb]
RSSI: -78 [da:3f:7a:e2:00:ec]
RSSI: -74 [da:37:f4:11:03:3b]
RSSI: -94 [da:3c:e1:23:0f:de]
RSSI: -74 [da:37:f4:20:03:6b]
RSSI: -79 [da:3f:7b:0f:01:6c]
RSSI: -74 [da:37:f4:20:03:6b]
RSSI: -82 [da:3f:7b:1f:01:ac]
RSSI: -91 [da:3c:e1:2f:0f:fe]
RSSI: -75 [da:37:f4:2d:03:8b]
RSSI: -83 [da:3f:7b:2b:01:cc]
RSSI: -76 [da:37:f4:3c:03:bb]
RSSI: -81 [da:3f:7b:2b:01:cc]
RSSI: -76 [da:37:f4:4c:03:eb]
RSSI: -77 [da:37:f4:4c:03:eb]
RSSI: -83 [da:3f:7b:3b:01:fc]
RSSI: -78 [da:37:f4:4c:03:eb]
RSSI: -82 [da:3f:7b:3b:01:fc]
RSSI: -78 [da:37:f4:59:04:1b]
RSSI: -79 [da:37:f4:68:04:4b]
RSSI: -83 [da:37:f4:68:04:4b]
RSSI: -80 [da:37:f4:78:04:7b]
RSSI: -80 [da:37:f4:78:04:7b]
RSSI: -82 [da:37:f4:78:04:7b]
RSSI: -87 [da:37:f4:84:04:9b]
RSSI: -88 [da:37:f4:a4:04:fb]
RSSI: -83 [da:3f:7b:94:03:0c]
RSSI: -82 [da:3f:7b:94:03:0c]
RSSI: -84 [da:37:f4:b0:05:1b]
RSSI: -82 [da:3f:7b:a4:03:4c]
RSSI: -84 [da:37:f4:c0:05:4b]
RSSI: -84 [da:37:f4:c0:05:4b]
RSSI: -83 [da:37:f4:cf:05:7b]
RSSI: -85 [da:37:f4:dc:05:9b]
RSSI: -85 [da:37:f4:dc:05:9b]
RSSI: -81 [da:3f:7b:d1:03:cc]
RSSI: -88 [da:37:f4:ec:05:cb]
RSSI: -91 [da:39:d8:f9:02:0a]
RSSI: -92 [da:39:d9:05:02:2a]
RSSI: -87 [da:37:f4:fb:05:fb]
RSSI: -90 [da:37:f5:08:06:2b]
RSSI: -89 [da:3f:7b:fd:04:5c]
RSSI: -81 [da:3f:7c:0a:04:8c]
RSSI: -91 [da:37:f5:27:06:8b]
RSSI: -86 [da:37:f5:27:06:8b]
RSSI: -81 [da:3f:7c:1a:04:bc]
RSSI: -84 [da:3f:7c:2a:04:ec]
RSSI: -91 [da:39:d9:47:02:ea]
RSSI: -83 [da:3f:7c:36:05:0c]
RSSI: -83 [da:3f:7c:36:05:0c]
RSSI: -83 [da:3f:7c:56:05:7c]
RSSI: -82 [da:3f:7c:63:05:9c]
RSSI: -93 [da:39:d9:7b:03:7a]
RSSI: -82 [da:3f:7c:63:05:9c]
RSSI: -80 [da:3f:7c:73:05:cc]
RSSI: -91 [da:39:d9:8e:03:ba]
RSSI: -78 [da:3f:7c:83:06:0c]
RSSI: -78 [da:3f:7c:90:06:2c]
RSSI: -78 [da:3f:7c:90:06:2c]
RSSI: -78 [da:3f:7c:a0:06:5c]
RSSI: -78 [da:3f:7c:af:06:8c]
RSSI: -78 [da:3f:7c:af:06:8c]
RSSI: -79 [da:3f:7c:af:06:8c]
RSSI: -78 [da:3f:7c:bc:06:bc]
RSSI: -79 [da:3f:7c:bc:06:bc]
RSSI: -89 [da:39:d9:e0:04:9a]
RSSI: -80 [da:3f:7c:cc:06:ec]
RSSI: -80 [da:3f:7c:e9:07:4c]
RSSI: -94 [da:39:da:07:05:0a]
RSSI: -92 [da:3c:e3:05:15:2e]
RSSI: -81 [da:3f:7c:e9:07:4c]
RSSI: -86 [da:3f:7c:f9:07:7c]
RSSI: -79 [da:3f:7c:f9:07:7c]
RSSI: -90 [da:3f:7d:09:07:ac]
RSSI: -84 [da:3f:7d:15:07:dc]
RSSI: -86 [da:39:da:2f:05:7a]
RSSI: -85 [da:3f:7d:25:08:0c]
RSSI: -93 [da:37:f6:3b:09:cb]
RSSI: -88 [da:3f:7d:35:08:3c]
RSSI: -80 [da:3f:7d:35:08:3c]
RSSI: -85 [da:39:da:56:05:ea]
RSSI: -82 [da:3f:7d:42:08:5c]
RSSI: -78 [da:3f:7d:42:08:5c]
RSSI: -79 [da:3f:7d:52:08:9c]
RSSI: -83 [da:39:da:7e:06:6a]
RSSI: -84 [da:3f:7d:62:08:cc]
RSSI: -76 [da:3f:7d:6f:08:ec]
RSSI: -75 [da:3f:7d:6f:08:ec]
RSSI: -77 [da:3f:7d:7f:09:1c]
RSSI: -75 [da:3f:7d:7f:09:1c]
RSSI: -81 [da:39:da:a5:06:da]
RSSI: -78 [da:3f:7d:8f:09:4c]
RSSI: -88 [da:39:da:b3:06:fa]
RSSI: -79 [da:3f:7d:9b:09:7c]
RSSI: -80 [da:3f:7d:9b:09:7c]
RSSI: -89 [da:39:da:bf:07:2a]
RSSI: -79 [da:3f:7d:ab:09:ac]
RSSI: -79 [da:3f:7d:ab:09:ac]
RSSI: -81 [da:3f:7d:bb:09:dc]
RSSI: -79 [da:3f:7d:bb:09:dc]
RSSI: -81 [da:39:da:da:07:6a]
RSSI: -80 [da:3f:7d:c8:0a:0c]
RSSI: -78 [da:3f:7d:c8:0a:0c]
RSSI: -78 [da:39:da:f4:07:ba]
RSSI: -81 [da:3f:7d:d8:0a:3c]
RSSI: -86 [da:39:db:02:07:da]
RSSI: -80 [da:3f:7d:e8:0a:6c]
RSSI: -83 [da:39:db:02:07:da]
RSSI: -78 [da:3f:7d:e8:0a:6c]
RSSI: -85 [da:39:db:0e:07:fa]
RSSI: -86 [da:39:db:0e:07:fa]
RSSI: -86 [da:3f:7d:f5:0a:9c]
RSSI: -88 [da:37:f7:0a:0c:2b]
RSSI: -87 [da:3f:7e:05:0a:cc]
RSSI: -88 [da:39:db:29:08:4a]
RSSI: -84 [da:39:db:29:08:4a]
RSSI: -90 [da:3f:7e:15:0a:fc]
RSSI: -83 [da:3f:7e:21:0b:2c]
RSSI: -84 [da:3f:7e:21:0b:2c]
RSSI: -83 [da:3f:7e:31:0b:5c]
RSSI: -87 [da:39:db:51:08:ba]
RSSI: -79 [da:3f:7e:31:0b:5c]
RSSI: -82 [da:3f:7e:41:0b:8c]
RSSI: -90 [da:39:db:5d:08:ea]
RSSI: -87 [da:3f:7e:41:0b:8c]
RSSI: -87 [da:39:db:6b:09:0a]
RSSI: -89 [da:3f:7e:5e:0b:ec]
RSSI: -92 [da:37:f7:6f:0d:5b]
RSSI: -84 [da:3f:7e:6e:0c:1c]
RSSI: -93 [da:39:db:ba:09:ea]
RSSI: -88 [da:3f:7e:a8:0c:cc]
RSSI: -87 [da:3f:7e:a8:0c:cc]
RSSI: -83 [da:3f:7e:b8:0c:fc]
RSSI: -87 [da:3f:7e:c8:0d:3c]
RSSI: -85 [da:3f:7e:c8:0d:3c]
RSSI: -84 [da:3f:7e:d4:0d:5c]
RSSI: -89 [da:3f:7e:e4:0d:8c]
RSSI: -81 [da:3f:7e:f4:0d:cc]
RSSI: -80 [da:3f:7f:01:0d:ec]
RSSI: -92 [da:37:f8:20:0f:6b]
RSSI: -83 [da:3f:7f:11:0e:1c]
RSSI: -94 [da:37:f8:3f:0f:cb]
RSSI: -78 [da:3f:7f:3e:0e:ac]
RSSI: -89 [da:3f:7f:3e:0e:ac]
RSSI: -79 [da:3f:7f:4e:0e:dc]
RSSI: -80 [da:3f:7f:4e:0e:dc]
RSSI: -87 [da:37:f8:6b:10:5b]
RSSI: -78 [da:3f:7f:5b:0f:0c]
RSSI: -81 [da:3f:7f:5b:0f:0c]
RSSI: -87 [da:37:f8:78:10:7b]
RSSI: -78 [da:3f:7f:6b:0f:3c]
RSSI: -80 [da:3f:7f:7b:0f:6c]
RSSI: -88 [da:37:f8:88:10:ab]
RSSI: -78 [da:3f:7f:7b:0f:6c]
RSSI: -87 [da:37:f8:97:10:db]
RSSI: -89 [da:37:f8:b4:11:2b]
RSSI: -81 [da:3f:7f:a8:0f:fc]
RSSI: -78 [da:3f:7f:b4:10:2c]
RSSI: -75 [da:3f:7f:b4:10:2c]
RSSI: -73 [da:3f:7f:c5:10:5c]
RSSI: -70 [da:3f:7f:d5:10:8c]
RSSI: -69 [da:3f:7f:d5:10:8c]
RSSI: -87 [da:37:f8:f0:11:db]
RSSI: -87 [da:37:f8:f0:11:db]
RSSI: -90 [da:37:f8:f0:11:db]
RSSI: -68 [da:3f:7f:e1:10:bc]
RSSI: -66 [da:3f:7f:e1:10:bc]
RSSI: -89 [da:37:f8:fc:12:0b]
RSSI: -66 [da:3f:7f:f1:10:ec]
RSSI: -89 [da:39:dd:12:0d:ca]
RSSI: -90 [da:39:dd:12:0d:ca]
RSSI: -89 [da:37:f9:0c:12:3b]
RSSI: -65 [da:3f:80:02:11:1c]
RSSI: -65 [da:3f:80:02:11:1c]
RSSI: -90 [da:37:f9:1c:12:6b]
RSSI: -64 [da:3f:80:0e:11:3c]
RSSI: -87 [da:37:f9:29:12:8b]
RSSI: -64 [da:3f:80:1e:11:7c]
RSSI: -63 [da:3f:80:1e:11:7c]
RSSI: -86 [da:37:f9:39:12:bb]
RSSI: -89 [da:39:dd:47:0e:6a]
RSSI: -92 [da:3c:e6:48:07:fe]
RSSI: -63 [da:3f:80:2f:11:ac]
RSSI: -86 [da:37:f9:55:13:0b]
RSSI: -64 [da:3f:80:44:11:ec]
RSSI: -89 [da:39:dd:61:0e:ba]
RSSI: -63 [da:3f:80:44:11:ec]
RSSI: -88 [da:39:dd:61:0e:ba]
RSSI: -64 [da:3f:80:54:12:1c]
RSSI: -63 [da:3f:80:54:12:1c]
RSSI: -89 [da:3c:e6:72:08:7e]
RSSI: -89 [da:39:dd:7d:0f:0a]
RSSI: -88 [da:37:f9:75:13:6b]
RSSI: -64 [da:3f:80:64:12:4c]
RSSI: -88 [da:39:dd:7d:0f:0a]
RSSI: -64 [da:3f:80:71:12:6c]
RSSI: -88 [da:39:dd:89:0f:2a]
RSSI: -64 [da:3f:80:71:12:6c]
RSSI: -66 [da:3f:80:81:12:ac]
RSSI: -66 [da:3f:80:81:12:ac]
RSSI: -68 [da:3f:80:8d:12:cc]
RSSI: -91 [da:3c:e6:a9:09:0e]
RSSI: -69 [da:3f:80:8d:12:cc]
RSSI: -70 [da:3f:80:9e:12:fc]
RSSI: -90 [da:3c:e6:b8:09:3e]
RSSI: -89 [da:3c:e6:b8:09:3e]
RSSI: -74 [da:3f:80:aa:13:2c]
RSSI: -79 [da:3f:80:b7:13:4c]
RSSI: -88 [da:3f:80:c4:13:7c]
RSSI: -81 [da:3f:80:d0:13:9c]
RSSI: -89 [da:39:dd:f4:10:5a]
RSSI: -77 [da:3f:80:dd:13:bc]
RSSI: -78 [da:3f:80:dd:13:bc]
RSSI: -73 [da:3f:80:ea:13:ec]
RSSI: -74 [da:3f:80:f6:14:0c]
RSSI: -88 [da:3c:e7:0e:0a:2e]
RSSI: -76 [da:3f:81:03:14:3c]
RSSI: -88 [da:37:fa:16:15:4b]
RSSI: -76 [da:3f:81:10:14:5c]
RSSI: -78 [da:3f:81:1d:14:8c]
RSSI: -87 [da:3c:e7:38:0a:ae]
RSSI: -88 [da:37:fa:33:15:9b]
RSSI: -85 [da:3c:e7:38:0a:ae]
RSSI: -89 [da:37:fa:33:15:9b]
RSSI: -85 [da:3c:e7:47:0a:ce]
RSSI: -84 [da:3f:81:29:14:ac]
RSSI: -87 [da:3c:e7:47:0a:ce]
RSSI: -87 [da:37:fa:43:15:cb]
RSSI: -81 [da:3c:e7:54:0a:fe]
RSSI: -84 [da:3f:81:43:14:fc]
RSSI: -85 [da:3f:81:43:14:fc]
RSSI: -87 [da:37:fa:53:15:fb]
RSSI: -84 [da:3f:81:43:14:fc]
RSSI: -80 [da:3c:e7:63:0b:1e]
RSSI: -79 [da:3c:e7:63:0b:1e]
RSSI: -88 [da:37:fa:5f:16:1b]
RSSI: -86 [da:3f:81:4f:15:2c]
RSSI: -88 [da:37:fa:5f:16:1b]
RSSI: -79 [da:3c:e7:72:0b:4e]
RSSI: -80 [da:3f:81:5c:15:4c]
RSSI: -88 [da:37:fa:6f:16:4b]
RSSI: -80 [da:3c:e7:7e:0b:6e]
RSSI: -79 [da:3c:e7:7e:0b:6e]
RSSI: -89 [da:37:fa:7f:00:2b]
RSSI: -83 [da:3f:81:69:15:7c]
RSSI: -91 [da:37:fa:8b:00:5b]
RSSI: -89 [da:37:fa:9b:00:8b]
RSSI: -77 [da:3c:e7:a9:0b:ee]
RSSI: -88 [da:37:fa:ab:00:bb]
RSSI: -78 [da:3c:e7:b8:0c:0e]
RSSI: -84 [da:3f:81:9b:16:1c]
RSSI: -77 [da:3c:e7:b8:0c:0e]
RSSI: -82 [da:3f:81:a8:16:3c]
RSSI: -86 [da:37:fa:b8:00:db]
RSSI: -77 [da:3c:e7:c7:0c:3e]
RSSI: -82 [da:3f:81:a8:16:3c]
RSSI: -77 [da:3c:e7:c7:0c:3e]
RSSI: -85 [da:37:fa:c8:01:0b]
RSSI: -82 [da:3f:81:b5:16:6c]
RSSI: -84 [da:37:fa:c8:01:0b]
RSSI: -85 [da:3f:81:c2:00:0c]
RSSI: -84 [da:37:fa:d8:01:3b]
RSSI: -85 [da:3f:81:ce:00:2c]
RSSI: -83 [da:3f:81:ce:00:2c]
RSSI: -83 [da:3f:81:ce:00:2c]
RSSI: -77 [da:3c:e7:f2:0c:be]
RSSI: -82 [da:37:fa:e4:01:5b]
RSSI: -77 [da:3c:e7:f2:0c:be]
RSSI: -86 [da:3f:81:db:00:5c]
RSSI: -79 [da:37:fa:f4:01:9b]
RSSI: -78 [da:3c:e7:fe:0c:de]
RSSI: -88 [da:3f:81:e8:00:7c]
RSSI: -81 [da:37:fa:f4:01:9b]
RSSI: -78 [da:3c:e7:fe:0c:de]
RSSI: -79 [da:37:fb:04:01:cb]
RSSI: -85 [da:3f:81:f5:00:9c]
RSSI: -77 [da:37:fb:04:01:cb]
RSSI: -80 [da:3c:e8:0d:0d:0e]
RSSI: -81 [da:3f:81:f5:00:9c]
RSSI: -86 [da:3f:82:01:00:cc]
RSSI: -86 [da:3f:82:01:00:cc]
RSSI: -77 [da:37:fb:11:01:eb]
RSSI: -88 [da:3f:82:0e:00:ec]
RSSI: -82 [da:3c:e8:29:0d:5e]
RSSI: -78 [da:37:fb:21:02:1b]
RSSI: -83 [da:3c:e8:29:0d:5e]
RSSI: -76 [da:37:fb:21:02:1b]
RSSI: -88 [da:3f:82:1b:01:1c]
RSSI: -74 [da:37:fb:30:02:4b]
RSSI: -83 [da:3f:82:1b:01:1c]
RSSI: -77 [da:37:fb:30:02:4b]
RSSI: -81 [da:3c:e8:38:0d:7e]
RSSI: -73 [da:37:fb:3d:02:6b]
RSSI: -85 [da:3c:e8:47:0d:ae]
RSSI: -72 [da:37:fb:3d:02:6b]
RSSI: -84 [da:3c:e8:54:0d:ce]
RSSI: -86 [da:3c:e8:54:0d:ce]
RSSI: -82 [da:3f:82:41:01:8c]
RSSI: -92 [da:3c:e8:72:0e:1e]
RSSI: -76 [da:37:fb:6a:02:fb]
RSSI: -88 [da:3c:e8:7e:0e:3e]
RSSI: -85 [da:3f:82:67:02:0c]
RSSI: -71 [da:37:fb:79:03:2b]
RSSI: -71 [da:37:fb:79:03:2b]
RSSI: -76 [da:37:fb:79:03:2b]
RSSI: -75 [da:37:fb:89:03:4b]
RSSI: -76 [da:37:fb:96:03:7b]
RSSI: -75 [da:37:fb:96:03:7b]
RSSI: -88 [da:3c:e8:a9:0e:be]
RSSI: -77 [da:37:fb:a6:03:ab]
RSSI: -76 [da:37:fb:a6:03:ab]
RSSI: -74 [da:37:fb:b6:03:db]
RSSI: -90 [da:3f:82:b4:02:fc]
RSSI: -81 [da:37:fb:d2:04:2b]
RSSI: -86 [da:3f:82:cd:03:4c]
RSSI: -83 [da:37:fb:e2:04:5b]
RSSI: -82 [da:37:fb:e2:04:5b]
RSSI: -84 [da:37:fb:e2:04:5b]
RSSI: -86 [da:3f:82:da:03:6c]
RSSI: -83 [da:3f:82:da:03:6c]
RSSI: -83 [da:37:fb:ef:04:8b]
RSSI: -85 [da:37:fb:ef:04:8b]
RSSI: -83 [da:3f:82:e7:03:9c]
RSSI: -84 [da:3f:82:e7:03:9c]
RSSI: -85 [da:3f:82:f3:03:bc]
RSSI: -83 [da:3f:83:00:03:ec]
RSSI: -86 [da:3f:83:0d:04:0c]
RSSI: -86 [da:3f:83:0d:04:0c]
RSSI: -90 [da:37:fc:2b:05:3b]
RSSI: -90 [da:3f:83:26:04:5c]
RSSI: -86 [da:37:fc:3b:05:6b]
RSSI: -87 [da:37:fc:48:05:8b]
RSSI: -85 [da:37:fc:48:05:8b]
RSSI: -88 [da:3f:83:40:04:ac]
RSSI: -86 [da:37:fc:58:05:bb]
RSSI: -90 [da:3f:83:4d:04:dc]
RSSI: -94 [da:39:e0:74:01:5a]
RSSI: -88 [da:37:fc:68:05:eb]
RSSI: -87 [da:3f:83:5a:04:fc]
RSSI: -88 [da:3f:83:5a:04:fc]
RSSI: -87 [da:37:fc:75:06:1b]
RSSI: -87 [da:37:fc:75:06:1b]
RSSI: -90 [da:39:e0:8f:01:aa]
RSSI: -91 [da:39:e0:9d:01:ca]
RSSI: -91 [da:3f:83:99:05:cc]
RSSI: -94 [da:37:fc:a1:06:9b]
RSSI: -85 [da:3f:83:99:05:cc]
RSSI: -91 [da:3f:83:a6:05:ec]
RSSI: -87 [da:3f:83:a6:05:ec]
RSSI: -88 [da:37:fc:c1:06:fb]
RSSI: -83 [da:3f:83:b3:06:1c]
RSSI: -84 [da:3f:83:c0:06:3c]
RSSI: -87 [da:3f:83:cd:06:6c]
RSSI: -81 [da:3f:83:d9:06:8c]
RSSI: -85 [da:3f:83:d9:06:8c]
RSSI: -90 [da:39:e0:fa:02:da]
RSSI: -82 [da:3f:83:e6:06:bc]
RSSI: -81 [da:3f:83:e6:06:bc]
RSSI: -90 [da:39:e1:07:03:0a]
RSSI: -85 [da:3f:83:f3:06:dc]
RSSI: -85 [da:3f:83:f3:06:dc]
RSSI: -83 [da:3f:84:00:07:0c]
RSSI: -83 [da:3f:84:0d:07:3c]
RSSI: -84 [da:3f:84:0d:07:3c]
RSSI: -88 [da:3f:84:19:07:5c]
RSSI: -93 [da:39:e1:3d:03:9a]
RSSI: -84 [da:3f:84:26:07:8c]
RSSI: -86 [da:3f:84:26:07:8c]
RSSI: -90 [da:3f:84:33:07:ac]
RSSI: -84 [da:3f:84:33:07:ac]
RSSI: -86 [da:3f:84:40:07:dc]
RSSI: -86 [da:3f:84:40:07:dc]
RSSI: -83 [da:3f:84:4c:07:fc]
RSSI: -86 [da:3f:84:4c:07:fc]
RSSI: -87 [da:3f:84:59:08:2c]
RSSI: -87 [da:3f:84:59:08:2c]
RSSI: -90 [da:39:e1:80:04:5a]
RSSI: -89 [da:39:e1:80:04:5a]
RSSI: -90 [da:39:e1:8e:04:7a]
RSSI: -85 [da:3f:84:73:08:7c]
RSSI: -89 [da:39:e1:8e:04:7a]
RSSI: -82 [da:3f:84:73:08:7c]
RSSI: -80 [da:3f:84:80:08:ac]
RSSI: -83 [da:3f:84:80:08:ac]
RSSI: -80 [da:3f:84:8d:08:cc]
RSSI: -80 [da:3f:84:8d:08:cc]
RSSI: -79 [da:3f:84:8d:08:cc]
RSSI: -78 [da:3f:84:8d:08:cc]
RSSI: -81 [da:3f:84:99:08:fc]
RSSI: -79 [da:3f:84:99:08:fc]
RSSI: -90 [da:37:fd:ad:09:bb]
RSSI: -76 [da:3f:84:a6:09:1c]
RSSI: -88 [da:39:e1:c3:05:0a]
RSSI: -78 [da:3f:84:a6:09:1c]
RSSI: -79 [da:3f:84:b3:09:4c]
RSSI: -78 [da:3f:84:b3:09:4c]
RSSI: -76 [da:3f:84:b3:09:4c]
RSSI: -78 [da:3f:84:c0:09:6c]
RSSI: -81 [da:3f:84:c0:09:6c]
RSSI: -89 [da:39:e1:de:05:5a]
RSSI: -78 [da:3f:84:cd:09:9c]
RSSI: -80 [da:3f:84:cd:09:9c]
RSSI: -86 [da:39:e1:eb:05:8a]
RSSI: -83 [da:3f:84:da:09:bc]
RSSI: -78 [da:3f:84:da:09:bc]
RSSI: -87 [da:37:fd:ea:0a:7b]
RSSI: -78 [da:3f:84:da:09:bc]
RSSI: -82 [da:3f:84:e6:09:ec]
RSSI: -87 [da:37:fd:fa:0a:ab]
RSSI: -87 [da:39:e2:07:05:da]
RSSI: -82 [da:3f:84:e6:09:ec]
RSSI: -90 [da:37:fe:06:0a:cb]
RSSI: -81 [da:3f:84:f3:0a:1c]
RSSI: -83 [da:39:e2:13:05:fa]
RSSI: -90 [da:37:fe:06:0a:cb]
RSSI: -86 [da:37:fe:06:0a:cb]
RSSI: -80 [da:3f:85:00:0a:3c]
RSSI: -83 [da:39:e2:13:05:fa]
RSSI: -80 [da:3f:85:00:0a:3c]
RSSI: -81 [da:39:e2:21:06:2a]
RSSI: -81 [da:3f:85:0d:0a:6c]
RSSI: -84 [da:39:e2:2f:06:4a]
RSSI: -87 [da:37:fe:26:0b:2b]
RSSI: -82 [da:3f:85:0d:0a:6c]
RSSI: -83 [da:39:e2:2f:06:4a]
RSSI: -88 [da:37:fe:26:0b:2b]
RSSI: -82 [da:3f:85:1a:0a:8c]
RSSI: -81 [da:3f:85:1a:0a:8c]
RSSI: -85 [da:3f:85:27:0a:bc]
RSSI: -84 [da:3f:85:27:0a:bc]
RSSI: -85 [da:3f:85:27:0a:bc]
RSSI: -82 [da:39:e2:57:06:ba]
RSSI: -86 [da:3f:85:40:0b:0c]
RSSI: -84 [da:3f:85:40:0b:0c]
RSSI: -83 [da:39:e2:64:06:ea]
RSSI: -83 [da:39:e2:64:06:ea]
RSSI: -83 [da:3f:85:4d:0b:2c]
RSSI: -91 [da:37:fe:60:0b:db]
RSSI: -78 [da:39:e2:72:07:0a]
RSSI: -82 [da:3f:85:5a:0b:5c]
RSSI: -84 [da:39:e2:72:07:0a]
RSSI: -83 [da:3f:85:5a:0b:5c]
RSSI: -94 [da:37:fe:70:0c:0b]
RSSI: -81 [da:3f:85:67:0b:8c]
RSSI: -84 [da:39:e2:8c:07:5a]
RSSI: -85 [da:3f:85:74:0b:ac]
RSSI: -82 [da:39:e2:8c:07:5a]
RSSI: -79 [da:39:e2:9a:07:8a]
RSSI: -82 [da:3f:85:80:0b:dc]
RSSI: -83 [da:39:e2:9a:07:8a]
RSSI: -89 [da:3f:85:80:0b:dc]
RSSI: -83 [da:39:e2:a8:07:aa]
RSSI: -88 [da:3f:85:8d:0b:fc]
RSSI: -80 [da:39:e2:a8:07:aa]
RSSI: -83 [da:3f:85:8d:0b:fc]
RSSI: -87 [da:3f:85:9a:0c:2c]
RSSI: -84 [da:3f:85:9a:0c:2c]
RSSI: -84 [da:3f:85:a7:0c:4c]
RSSI: -86 [da:39:e2:c2:07:fa]
RSSI: -82 [da:3f:85:b4:0c:7c]
RSSI: -83 [da:39:e2:d0:08:1a]
RSSI: -87 [da:3f:85:b4:0c:7c]
RSSI: -82 [da:39:e2:d0:08:1a]
RSSI: -86 [da:39:e2:dd:08:4a]
RSSI: -83 [da:3f:85:c1:0c:ac]
RSSI: -86 [da:39:e2:eb:08:6a]
RSSI: -88 [da:39:e2:eb:08:6a]
RSSI: -84 [da:3f:85:da:0c:fc]
RSSI: -85 [da:39:e2:f9:08:9a]
RSSI: -84 [da:3f:85:e7:0d:1c]
RSSI: -90 [da:39:e3:14:08:da]
RSSI: -91 [da:3f:86:1b:0d:bc]
RSSI: -92 [da:39:e3:56:09:aa]
RSSI: -85 [da:3f:86:4e:0e:6c]
RSSI: -85 [da:3f:86:4e:0e:6c]
RSSI: -94 [da:39:e3:72:09:fa]
RSSI: -94 [da:39:e3:8d:0a:4a]
RSSI: -89 [da:3f:86:75:0e:dc]
RSSI: -80 [da:3f:86:82:0f:0c]
RSSI: -81 [da:3f:86:82:0f:0c]
RSSI: -78 [da:3f:86:8e:0f:2c]
RSSI: -91 [da:37:ff:a9:0f:ab]
RSSI: -80 [da:3f:86:9c:0f:5c]
RSSI: -81 [da:3f:86:a9:0f:7c]
RSSI: -90 [da:37:ff:b9:0f:db]
RSSI: -82 [da:3f:86:a9:0f:7c]
RSSI: -89 [da:37:ff:c6:10:0b]
RSSI: -82 [da:3f:86:c2:0f:cc]
RSSI: -89 [da:37:ff:d6:10:3b]
RSSI: -84 [da:3f:86:cf:0f:fc]
RSSI: -81 [da:3f:86:cf:0f:fc]
RSSI: -88 [da:37:ff:e6:10:6b]
RSSI: -76 [da:3f:86:dc:10:1c]
RSSI: -87 [da:37:ff:f3:10:8b]
RSSI: -74 [da:3f:86:e9:10:4c]
RSSI: -89 [da:38:00:03:10:bb]
RSSI: -70 [da:3f:86:f6:10:6c]
RSSI: -86 [da:38:00:03:10:bb]
RSSI: -70 [da:3f:86:f6:10:6c]
RSSI: -89 [da:38:00:13:10:eb]
RSSI: -69 [da:3f:87:03:10:9c]
RSSI: -68 [da:3f:87:10:10:cc]
RSSI: -65 [da:3f:87:1d:10:ec]
RSSI: -88 [da:38:00:30:11:4b]
RSSI: -89 [da:38:00:40:11:7b]
RSSI: -65 [da:3f:87:29:11:1c]
RSSI: -66 [da:3f:87:36:11:3c]
RSSI: -63 [da:3f:87:43:11:6c]
RSSI: -64 [da:3f:87:50:11:8c]
RSSI: -88 [da:38:00:5d:11:cb]
RSSI: -64 [da:3f:87:50:11:8c]
RSSI: -64 [da:3f:87:50:11:8c]
RSSI: -90 [da:38:00:6d:11:fb]
RSSI: -66 [da:3f:87:5d:11:bc]
RSSI: -64 [da:3f:87:6a:11:ec]
RSSI: -65 [da:3f:87:77:12:0c]
RSSI: -90 [da:38:00:8a:12:4b]
RSSI: -64 [da:3f:87:77:12:0c]
RSSI: -66 [da:3f:87:84:12:3c]
RSSI: -88 [da:38:00:9a:12:7b]
RSSI: -66 [da:3f:87:91:12:5c]
RSSI: -88 [da:38:00:a6:12:ab]
RSSI: -67 [da:3f:87:9d:12:8c]
RSSI: -67 [da:3f:87:9d:12:8c]
RSSI: -87 [da:38:00:b7:12:db]
RSSI: -87 [da:38:00:b7:12:db]
RSSI: -68 [da:3f:87:ab:12:ac]
RSSI: -87 [da:38:00:c7:13:0b]
RSSI: -92 [da:39:e4:d1:0d:ea]
RSSI: -87 [da:38:00:c7:13:0b]
RSSI: -71 [da:3f:87:c4:12:fc]
RSSI: -89 [da:39:e4:df:0e:1a]
RSSI: -72 [da:3f:87:c4:12:fc]
RSSI: -87 [da:39:e4:fa:0e:6a]
RSSI: -77 [da:3f:87:de:13:4c]
RSSI: -82 [da:3f:87:eb:13:7c]
RSSI: -88 [da:39:e5:07:0e:8a]
RSSI: -84 [da:3f:87:f8:13:9c]
RSSI: -88 [da:39:e5:14:0e:ba]
RSSI: -83 [da:3f:88:05:13:cc]
RSSI: -82 [da:3f:88:05:13:cc]
RSSI: -92 [da:39:e5:22:0e:da]
RSSI: -76 [da:3f:88:1f:14:1c]
RSSI: -76 [da:3f:88:2c:14:3c]
RSSI: -89 [da:39:e5:4b:0f:4a]
RSSI: -77 [da:3f:88:39:14:6c]
RSSI: -77 [da:3f:88:39:14:6c]
RSSI: -88 [da:39:e5:59:0f:7a]
RSSI: -78 [da:3f:88:39:14:6c]
RSSI: -79 [da:3f:88:46:14:8c]
RSSI: -82 [da:3f:88:46:14:8c]
RSSI: -81 [da:3f:88:53:14:bc]
RSSI: -89 [da:39:e5:65:0f:9a]
RSSI: -87 [da:3f:88:53:14:bc]
RSSI: -87 [da:3f:88:60:14:dc]
RSSI: -89 [da:38:01:73:14:fb]
RSSI: -85 [da:3f:88:6d:15:0c]
RSSI: -89 [da:3f:88:6d:15:0c]
RSSI: -89 [da:38:01:7f:15:2b]
RSSI: -89 [da:38:01:8c:15:4b]
RSSI: -85 [da:3f:88:7a:15:3c]
RSSI: -88 [da:38:01:a6:15:9b]
RSSI: -83 [da:3f:88:94:15:8c]
RSSI: -87 [da:38:01:a6:15:9b]
RSSI: -82 [da:3f:88:94:15:8c]
RSSI: -88 [da:38:01:b2:15:bb]
RSSI: -89 [da:38:01:b2:15:bb]
RSSI: -89 [da:38:01:bf:15:db]
RSSI: -86 [da:3f:88:ad:15:dc]
RSSI: -89 [da:38:01:bf:15:db]
RSSI: -84 [da:3f:88:ad:15:dc]
RSSI: -89 [da:38:01:bf:15:db]
RSSI: -89 [da:38:01:cc:16:0b]
RSSI: -89 [da:3f:88:ba:15:fc]
RSSI: -85 [da:38:01:cc:16:0b]
RSSI: -87 [da:38:01:d8:16:2b]
RSSI: -87 [da:3f:88:c8:16:2c]
RSSI: -88 [da:38:01:d8:16:2b]
RSSI: -86 [da:3f:88:c8:16:2c]
RSSI: -85 [da:38:01:e5:16:5b]
RSSI: -84 [da:38:01:e5:16:5b]
RSSI: -84 [da:3f:88:d4:16:4c]
RSSI: -85 [da:38:01:e5:16:5b]
RSSI: -87 [da:38:01:f2:16:7b]
RSSI: -85 [da:3f:88:e1:16:7c]
RSSI: -84 [da:38:01:f2:16:7b]
RSSI: -85 [da:38:01:fe:00:0b]
RSSI: -84 [da:3f:88:ee:00:2c]
RSSI: -86 [da:38:01:fe:00:0b]
RSSI: -84 [da:3f:88:ee:00:2c]
RSSI: -86 [da:38:02:18:00:4b]
RSSI: -84 [da:38:02:18:00:4b]
RSSI: -86 [da:38:02:25:00:7b]
RSSI: -84 [da:38:02:31:00:9b]
RSSI: -86 [da:3f:89:22:00:cc]
RSSI: -83 [da:38:02:31:00:9b]
RSSI: -85 [da:3f:89:22:00:cc]
RSSI: -86 [da:38:02:3e:00:bb]
RSSI: -82 [da:38:02:3e:00:bb]
RSSI: -82 [da:38:02:4b:00:eb]
RSSI: -83 [da:38:02:4b:00:eb]
RSSI: -83 [da:38:02:4b:00:eb]
RSSI: -81 [da:3f:89:3c:01:1c]
RSSI: -81 [da:38:02:57:01:0b]
RSSI: -83 [da:3f:89:49:01:4c]
RSSI: -81 [da:38:02:57:01:0b]
RSSI: -82 [da:38:02:64:01:2b]
RSSI: -78 [da:38:02:64:01:2b]
RSSI: -79 [da:38:02:71:01:5b]
RSSI: -90 [da:3f:89:70:01:bc]
RSSI: -78 [da:38:02:8a:01:ab]
RSSI: -86 [da:3f:89:7d:01:ec]
RSSI: -76 [da:38:02:a4:01:eb]
RSSI: -86 [da:3c:ef:ae:0c:5e]
RSSI: -88 [da:3f:89:97:02:3c]
RSSI: -76 [da:38:02:b0:02:1b]
RSSI: -75 [da:38:02:b0:02:1b]
RSSI: -85 [da:3c:ef:bb:0c:7e]
RSSI: -74 [da:38:02:bd:02:3b]
RSSI: -75 [da:38:02:ca:02:5b]
RSSI: -86 [da:3c:ef:ca:0c:ae]
RSSI: -91 [da:3c:ef:da:0c:de]
RSSI: -74 [da:38:02:d6:02:8b]
RSSI: -74 [da:38:02:d6:02:8b]
RSSI: -90 [da:3f:89:cb:02:dc]
RSSI: -86 [da:3c:ef:e6:0c:fe]
RSSI: -91 [da:3f:89:cb:02:dc]
RSSI: -75 [da:38:02:e3:02:ab]
RSSI: -76 [da:38:02:f0:02:cb]
RSSI: -76 [da:38:02:f0:02:cb]
RSSI: -73 [da:38:02:fd:02:fb]
RSSI: -74 [da:38:02:fd:02:fb]
RSSI: -76 [da:38:03:09:03:1b]
RSSI: -83 [da:3f:89:ff:03:8c]
RSSI: -78 [da:38:03:16:03:3b]
RSSI: -77 [da:38:03:16:03:3b]
RSSI: -84 [da:3f:8a:0c:03:ac]
RSSI: -83 [da:3f:8a:0c:03:ac]
RSSI: -92 [da:39:e7:2d:14:ba]
RSSI: -76 [da:38:03:23:03:6b]
RSSI: -86 [da:3f:8a:19:03:dc]
RSSI: -82 [da:3f:8a:19:03:dc]
RSSI: -79 [da:38:03:30:03:8b]
RSSI: -85 [da:3f:8a:26:03:fc]
RSSI: -80 [da:38:03:3c:03:bb]
RSSI: -89 [da:3f:8a:26:03:fc]
RSSI: -82 [da:38:03:3c:03:bb]
RSSI: -84 [da:3f:8a:33:04:2c]
RSSI: -79 [da:38:03:49:03:db]
RSSI: -84 [da:38:03:56:03:fb]
RSSI: -86 [da:38:03:62:04:2b]
RSSI: -86 [da:38:03:62:04:2b]
RSSI: -89 [da:38:03:89:04:9b]
RSSI: -89 [da:39:e7:c4:00:4a]
RSSI: -85 [da:38:03:bc:05:3b]
RSSI: -84 [da:3f:8a:b5:05:bc]
RSSI: -85 [da:38:03:c8:05:5b]
RSSI: -85 [da:3f:8a:b5:05:bc]
RSSI: -91 [da:39:e7:df:00:9a]
RSSI: -87 [da:39:e7:ed:00:ca]
RSSI: -80 [da:3f:8a:cf:06:1c]
RSSI: -88 [da:39:e7:ed:00:ca]
RSSI: -87 [da:39:e7:ed:00:ca]
RSSI: -88 [da:39:e8:08:01:0a]
RSSI: -85 [da:38:04:08:06:1b]
RSSI: -80 [da:3f:8a:f6:06:8c]
RSSI: -88 [da:39:e8:16:01:3a]
RSSI: -87 [da:38:04:15:06:4b]
RSSI: -80 [da:3f:8b:04:06:bc]
RSSI: -89 [da:39:e8:22:01:5a]
RSSI: -88 [da:3f:8b:11:06:ec]
RSSI: -88 [da:38:04:22:06:6b]
RSSI: -81 [da:3f:8b:11:06:ec]
RSSI: -82 [da:3f:8b:1d:07:0c]
RSSI: -84 [da:38:04:2e:06:8b]
RSSI: -82 [da:3f:8b:1d:07:0c]
RSSI: -82 [da:3f:8b:2b:07:3c]
RSSI: -89 [da:39:e8:4b:01:ca]
RSSI: -89 [da:3f:8b:38:07:5c]
RSSI: -82 [da:3f:8b:45:07:8c]
RSSI: -88 [da:38:04:55:07:0b]
RSSI: -88 [da:3f:8b:45:07:8c]
RSSI: -82 [da:3f:8b:52:07:ac]
RSSI: -92 [da:39:e8:74:02:4a]
RSSI: -88 [da:3f:8b:5f:07:dc]
RSSI: -87 [da:38:04:7b:07:7b]
RSSI: -90 [da:38:04:88:07:9b]
RSSI: -90 [da:3f:8b:79:08:2c]
RSSI: -89 [da:39:e8:91:02:9a]
RSSI: -85 [da:3f:8b:79:08:2c]
RSSI: -88 [da:3f:8b:86:08:5c]
RSSI: -86 [da:39:e8:ab:02:ea]
RSSI: -86 [da:3f:8b:93:08:7c]
RSSI: -92 [da:38:04:ae:08:1b]
RSSI: -84 [da:3f:8b:ad:08:cc]
RSSI: -92 [da:38:04:bb:08:3b]
RSSI: -90 [da:39:e8:c6:03:2a]
RSSI: -90 [da:39:e8:e3:03:7a]
RSSI: -87 [da:3f:8b:d5:09:4c]
RSSI: -91 [da:39:e8:fd:03:ca]
RSSI: -81 [da:3f:8b:ef:09:9c]
RSSI: -91 [da:3f:8c:08:09:fc]
RSSI: -92 [da:39:e9:26:04:3a]
RSSI: -89 [da:38:05:22:09:6b]
RSSI: -89 [da:38:05:2e:09:9b]
RSSI: -87 [da:38:05:3b:09:bb]
RSSI: -88 [da:39:e9:41:04:8a]
RSSI: -81 [da:3f:8c:3d:0a:9c]
RSSI: -89 [da:38:05:55:0a:0b]
RSSI: -87 [da:38:05:62:0a:2b]
RSSI: -88 [da:39:e9:6a:04:fa]
RSSI: -91 [da:3f:8c:72:0b:3c]
RSSI: -88 [da:38:05:88:0a:9b]
RSSI: -86 [da:39:e9:93:05:7a]
RSSI: -86 [da:38:05:95:0a:cb]
RSSI: -86 [da:3f:8c:7e:0b:6c]
RSSI: -87 [da:39:e9:a2:05:9a]
RSSI: -86 [da:38:05:a2:0a:eb]
RSSI: -86 [da:3f:8c:99:0b:bc]
RSSI: -87 [da:3f:8c:99:0b:bc]
RSSI: -88 [da:38:05:ae:0b:1b]
RSSI: -88 [da:3f:8c:a6:0b:ec]
RSSI: -89 [da:3f:8c:a6:0b:ec]
RSSI: -89 [da:38:05:bb:0b:3b]
RSSI: -89 [da:3f:8c:a6:0b:ec]
RSSI: -83 [da:39:e9:cb:06:1a]
RSSI: -83 [da:3f:8c:cd:0c:6c]
RSSI: -82 [da:39:e9:f4:06:8a]
RSSI: -89 [da:3f:8c:e8:0c:bc]
RSSI: -82 [da:39:ea:02:06:ba]
RSSI: -86 [da:38:05:fb:0b:fb]
RSSI: -91 [da:3f:8c:e8:0c:bc]
RSSI: -87 [da:3f:8d:02:0d:0c]
RSSI: -86 [da:3f:8d:0f:0d:3c]
RSSI: -80 [da:39:ea:2b:07:2a]
RSSI: -90 [da:38:06:22:0c:6b]
RSSI: -88 [da:39:ea:38:07:5a]
RSSI: -82 [da:3f:8d:1c:0d:5c]
RSSI: -89 [da:39:ea:46:07:7a]
RSSI: -80 [da:39:ea:54:07:aa]
RSSI: -84 [da:3f:8d:3e:0d:cc]
RSSI: -85 [da:39:ea:61:07:ca]
RSSI: -86 [da:3f:8d:4b:0d:fc]
RSSI: -79 [da:39:ea:61:07:ca]
RSSI: -82 [da:3f:8d:4b:0d:fc]
RSSI: -88 [da:39:ea:6f:07:fa]
RSSI: -84 [da:3f:8d:58:0e:1c]
RSSI: -85 [da:39:ea:6f:07:fa]
RSSI: -85 [da:3f:8d:58:0e:1c]
RSSI: -83 [da:3f:8d:66:0e:4c]
RSSI: -80 [da:39:ea:8a:08:3a]
RSSI: -86 [da:3f:8d:72:0e:6c]
RSSI: -87 [da:3f:8d:80:0e:9c]
RSSI: -86 [da:39:ea:98:08:6a]
RSSI: -84 [da:3f:8d:8d:0e:cc]
RSSI: -85 [da:39:ea:a7:08:8a]
RSSI: -86 [da:3f:8d:8d:0e:cc]
RSSI: -85 [da:39:ea:a7:08:8a]
RSSI: -82 [da:3f:8d:9a:0e:ec]
RSSI: -82 [da:3f:8d:9a:0e:ec]
RSSI: -81 [da:3f:8d:c1:0f:6c]
RSSI: -91 [da:39:ea:dd:09:2a]
RSSI: -90 [da:38:06:d6:0e:8b]
RSSI: -77 [da:3f:8d:cf:0f:9c]
RSSI: -83 [da:3f:8d:dc:0f:bc]
RSSI: -81 [da:3f:8d:dc:0f:bc]
RSSI: -82 [da:3f:8d:f6:10:1c]
RSSI: -93 [da:39:eb:22:09:fa]
RSSI: -79 [da:3f:8e:10:10:6c]
RSSI: -77 [da:3f:8e:10:10:6c]
RSSI: -77 [da:3f:8e:1e:10:8c]
RSSI: -75 [da:3f:8e:1e:10:8c]
RSSI: -74 [da:3f:8e:2b:10:bc]
RSSI: -89 [da:38:07:3d:0f:cb]
RSSI: -89 [da:38:07:4a:0f:eb]
RSSI: -74 [da:3f:8e:38:10:ec]
RSSI: -88 [da:38:07:4a:0f:eb]
RSSI: -71 [da:3f:8e:38:10:ec]
RSSI: -88 [da:38:07:57:10:0b]
RSSI: -71 [da:3f:8e:45:11:0c]
RSSI: -87 [da:38:07:57:10:0b]
RSSI: -72 [da:3f:8e:45:11:0c]
RSSI: -70 [da:3f:8e:53:11:3c]
RSSI: -87 [da:38:07:64:10:3b]
RSSI: -70 [da:3f:8e:53:11:3c]
RSSI: -71 [da:3f:8e:5f:11:5c]
RSSI: -69 [da:3f:8e:5f:11:5c]
RSSI: -86 [da:38:07:71:10:5b]
RSSI: -69 [da:3f:8e:5f:11:5c]
RSSI: -84 [da:38:07:7d:10:8b]
RSSI: -69 [da:3f:8e:6d:11:8c]
RSSI: -87 [da:38:07:7d:10:8b]
RSSI: -70 [da:3f:8e:6d:11:8c]
RSSI: -68 [da:3f:8e:7a:11:ac]
RSSI: -86 [da:38:07:8a:10:ab]
RSSI: -84 [da:38:07:8a:10:ab]
RSSI: -69 [da:3f:8e:7a:11:ac]
RSSI: -70 [da:3f:8e:87:11:dc]
RSSI: -69 [da:3f:8e:87:11:dc]
RSSI: -86 [da:38:07:a4:10:fb]
RSSI: -70 [da:3f:8e:94:11:fc]
RSSI: -69 [da:3f:8e:a2:12:2c]
RSSI: -70 [da:3f:8e:a2:12:2c]
RSSI: -72 [da:3f:8e:ae:12:4c]
RSSI: -70 [da:3f:8e:ae:12:4c]
RSSI: -89 [da:38:07:cb:11:6b]
RSSI: -72 [da:3f:8e:bc:12:7c]
RSSI: -91 [da:38:07:d8:11:9b]
RSSI: -71 [da:3f:8e:c9:12:ac]
RSSI: -72 [da:3f:8e:d6:12:cc]
RSSI: -87 [da:38:07:f1:11:db]
RSSI: -74 [da:3f:8e:e3:12:fc]
RSSI: -74 [da:3f:8e:e3:12:fc]
RSSI: -76 [da:3f:8e:f1:13:1c]
RSSI: -79 [da:3f:8e:fd:13:4c]
RSSI: -90 [da:39:ec:27:0c:ea]
RSSI: -82 [da:3f:8f:0b:13:6c]
RSSI: -91 [da:39:ec:27:0c:ea]
RSSI: -89 [da:38:08:25:12:7b]
RSSI: -87 [da:38:08:25:12:7b]
RSSI: -87 [da:38:08:32:12:ab]
RSSI: -90 [da:3f:8f:25:13:cc]
RSSI: -82 [da:3f:8f:25:13:cc]
RSSI: -83 [da:38:08:3f:12:cb]
RSSI: -84 [da:3f:8f:33:13:ec]
RSSI: -86 [da:38:08:3f:12:cb]
RSSI: -83 [da:3f:8f:33:13:ec]
RSSI: -82 [da:3f:8f:33:13:ec]
RSSI: -85 [da:38:08:4c:12:eb]
RSSI: -79 [da:3f:8f:40:14:1c]
RSSI: -87 [da:38:08:59:13:1b]
RSSI: -89 [da:39:ec:5e:0d:8a]
RSSI: -80 [da:3f:8f:40:14:1c]
RSSI: -88 [da:38:08:59:13:1b]
RSSI: -88 [da:39:ec:5e:0d:8a]
RSSI: -79 [da:3f:8f:4d:14:3c]
RSSI: -91 [da:39:ec:6d:0d:ba]
RSSI: -78 [da:3f:8f:4d:14:3c]
RSSI: -81 [da:3f:8f:5a:14:6c]
RSSI: -88 [da:39:ec:79:0d:da]
RSSI: -80 [da:3f:8f:5a:14:6c]
RSSI: -91 [da:38:08:73:13:6b]
RSSI: -83 [da:3f:8f:68:14:9c]
RSSI: -87 [da:39:ec:88:0e:0a]
RSSI: -84 [da:3f:8f:74:14:bc]
RSSI: -84 [da:3f:8f:74:14:bc]
RSSI: -90 [da:3f:8f:82:14:ec]
RSSI: -96 [da:38:08:a7:13:fb]
RSSI: -85 [da:3f:8f:9c:15:3c]
RSSI: -87 [da:39:ec:bf:0e:aa]
RSSI: -87 [da:3f:8f:a9:15:6c]
RSSI: -87 [da:3f:8f:b7:15:8c]
RSSI: -86 [da:39:ec:cc:0e:ca]
RSSI: -87 [da:3f:8f:b7:15:8c]
RSSI: -89 [da:3f:8f:c3:15:bc]
RSSI: -88 [da:39:ec:e9:0f:2a]
RSSI: -89 [da:39:ec:e9:0f:2a]
RSSI: -88 [da:38:08:e7:14:bb]
RSSI: -91 [da:3f:8f:eb:16:2c]
RSSI: -90 [da:39:ed:04:0f:7a]
RSSI: -92 [da:39:ed:1f:0f:ca]
RSSI: -93 [da:3c:f6:32:08:4e]
RSSI: -88 [da:3f:90:20:00:5c]
RSSI: -87 [da:3f:90:20:00:5c]
RSSI: -86 [da:38:09:4f:15:eb]
RSSI: -86 [da:3f:90:48:00:cc]
RSSI: -86 [da:38:09:69:16:3b]
RSSI: -85 [da:38:09:75:16:6b]
RSSI: -92 [da:3f:90:62:01:2c]
RSSI: -85 [da:38:09:75:16:6b]
RSSI: -86 [da:38:09:75:16:6b]
RSSI: -86 [da:38:09:90:00:2b]
RSSI: -84 [da:38:09:9c:00:4b]
RSSI: -85 [da:38:09:aa:00:7b]
RSSI: -90 [da:3f:90:97:01:cc]
RSSI: -85 [da:38:09:aa:00:7b]
RSSI: -83 [da:38:09:aa:00:7b]
RSSI: -83 [da:38:09:b7:00:9b]
RSSI: -88 [da:3c:f6:c3:09:de]
RSSI: -82 [da:38:09:c3:00:cb]
RSSI: -82 [da:38:09:c3:00:cb]
RSSI: -90 [da:3c:f6:d3:0a:0e]
RSSI: -81 [da:38:09:d0:00:eb]
RSSI: -80 [da:38:09:d0:00:eb]
RSSI: -80 [da:38:09:de:01:1b]
RSSI: -89 [da:3c:f6:ef:0a:5e]
RSSI: -79 [da:38:09:ea:01:3b]
RSSI: -78 [da:38:09:ea:01:3b]
RSSI: -76 [da:38:09:f7:01:5b]
RSSI: -77 [da:38:09:f7:01:5b]
RSSI: -76 [da:38:0a:05:01:8b]
RSSI: -77 [da:38:0a:05:01:8b]
RSSI: -76 [da:38:0a:05:01:8b]
RSSI: -76 [da:38:0a:11:01:ab]
RSSI: -76 [da:38:0a:11:01:ab]
RSSI: -75 [da:38:0a:1e:01:db]
RSSI: -86 [da:3c:f7:2b:0b:0e]
RSSI: -77 [da:38:0a:1e:01:db]
RSSI: -76 [da:38:0a:2b:01:fb]
RSSI: -73 [da:38:0a:2b:01:fb]
RSSI: -85 [da:3c:f7:3b:0b:3e]
RSSI: -76 [da:38:0a:38:02:1b]
RSSI: -84 [da:3c:f7:3b:0b:3e]
RSSI: -76 [da:38:0a:38:02:1b]
RSSI: -76 [da:38:0a:38:02:1b]
RSSI: -76 [da:38:0a:38:02:1b]
RSSI: -83 [da:3c:f7:48:0b:5e]
RSSI: -74 [da:38:0a:45:02:4b]
RSSI: -76 [da:38:0a:45:02:4b]
RSSI: -87 [da:3f:91:37:03:bc]
RSSI: -80 [da:3c:f7:67:0b:be]
RSSI: -76 [da:38:0a:5f:02:9b]
RSSI: -80 [da:3c:f7:67:0b:be]
RSSI: -75 [da:38:0a:5f:02:9b]
RSSI: -88 [da:3f:91:51:04:0c]
RSSI: -76 [da:38:0a:6c:02:bb]
RSSI: -80 [da:3c:f7:74:0b:de]
RSSI: -76 [da:38:0a:6c:02:bb]
RSSI: -79 [da:3c:f7:84:0b:fe]
RSSI: -80 [da:3c:f7:84:0b:fe]
RSSI: -79 [da:3c:f7:93:0c:2e]
RSSI: -77 [da:38:0a:86:03:0b]
RSSI: -79 [da:3c:f7:93:0c:2e]
RSSI: -77 [da:38:0a:93:03:3b]
RSSI: -79 [da:3c:f7:a0:0c:4e]
RSSI: -79 [da:3c:f7:a0:0c:4e]
RSSI: -76 [da:38:0a:a0:03:5b]
RSSI: -78 [da:3c:f7:b0:0c:7e]
RSSI: -78 [da:38:0a:ad:03:7b]
RSSI: -79 [da:3c:f7:b0:0c:7e]
RSSI: -78 [da:38:0a:ad:03:7b]
RSSI: -79 [da:3c:f7:c0:0c:ae]
RSSI: -78 [da:3c:f7:c0:0c:ae]
RSSI: -80 [da:38:0a:ba:03:ab]
RSSI: -88 [da:3f:91:ae:05:2c]
RSSI: -79 [da:3c:f7:cc:0c:ce]
RSSI: -79 [da:3c:f7:cc:0c:ce]
RSSI: -79 [da:38:0a:c8:03:db]
RSSI: -79 [da:3c:f7:cc:0c:ce]
RSSI: -79 [da:38:0a:c8:03:db]
RSSI: -81 [da:38:0a:d4:03:fb]
RSSI: -80 [da:3c:f7:dc:0c:fe]
RSSI: -82 [da:38:0a:d4:03:fb]
RSSI: -80 [da:3c:f7:ec:0d:2e]
RSSI: -85 [da:38:0a:e1:04:1b]
RSSI: -80 [da:3c:f7:ec:0d:2e]
RSSI: -87 [da:38:0a:ef:04:4b]
RSSI: -80 [da:3c:f7:f9:0d:4e]
RSSI: -89 [da:38:0a:fb:04:6b]
RSSI: -79 [da:3c:f8:08:0d:7e]
RSSI: -87 [da:38:0b:08:04:9b]
RSSI: -88 [da:38:0b:08:04:9b]
RSSI: -82 [da:3c:f8:18:0d:ae]
RSSI: -81 [da:3c:f8:25:0d:ce]
RSSI: -82 [da:3f:92:18:06:7c]
RSSI: -84 [da:3c:f8:35:0d:fe]
RSSI: -86 [da:38:0b:30:05:0b]
RSSI: -85 [da:3c:f8:35:0d:fe]
RSSI: -86 [da:38:0b:30:05:0b]
RSSI: -82 [da:3f:92:26:06:ac]
RSSI: -84 [da:38:0b:3d:05:2b]
RSSI: -87 [da:3c:f8:51:0e:4e]
RSSI: -85 [da:38:0b:49:05:5b]
RSSI: -83 [da:3f:92:40:06:fc]
RSSI: -87 [da:38:0b:57:05:7b]
RSSI: -85 [da:38:0b:57:05:7b]
RSSI: -86 [da:38:0b:64:05:ab]
RSSI: -88 [da:38:0b:64:05:ab]
RSSI: -87 [da:38:0b:7e:05:fb]
RSSI: -90 [da:3c:f8:9d:0f:1e]
RSSI: -87 [da:38:0b:97:06:3b]
RSSI: -87 [da:38:0b:a5:06:6b]
RSSI: -88 [da:3f:92:90:07:fc]
RSSI: -87 [da:38:0b:a5:06:6b]
RSSI: -90 [da:3f:92:90:07:fc]
RSSI: -89 [da:3c:f8:a9:0f:4e]
RSSI: -89 [da:38:0b:a5:06:6b]
RSSI: -89 [da:3f:92:9d:08:2c]
RSSI: -88 [da:3c:f8:c9:0f:9e]
RSSI: -88 [da:3f:92:b8:08:7c]
RSSI: -93 [da:38:0b:cc:06:db]
RSSI: -88 [da:38:0b:d9:07:0b]
RSSI: -91 [da:3f:92:d3:08:dc]
RSSI: -88 [da:38:0b:e6:07:2b]
RSSI: -83 [da:3f:92:e0:08:fc]
RSSI: -89 [da:3f:92:e0:08:fc]
RSSI: -88 [da:38:0b:f3:07:5b]
RSSI: -93 [da:3c:f9:02:10:3e]
RSSI: -83 [da:3f:92:ed:09:2c]
RSSI: -89 [da:39:f0:0b:01:da]
RSSI: -88 [da:38:0c:0d:07:ab]
RSSI: -91 [da:39:f0:1a:02:0a]
RSSI: -91 [da:38:0c:1a:07:cb]
RSSI: -83 [da:3f:93:08:09:7c]
RSSI: -90 [da:38:0c:1a:07:cb]
RSSI: -87 [da:3f:93:08:09:7c]
RSSI: -90 [da:39:f0:28:02:2a]
RSSI: -83 [da:3f:93:15:09:ac]
RSSI: -90 [da:39:f0:44:02:7a]
RSSI: -88 [da:38:0c:41:08:3b]
RSSI: -87 [da:38:0c:41:08:3b]
RSSI: -85 [da:3f:93:3d:0a:2c]
RSSI: -84 [da:3f:93:3d:0a:2c]
RSSI: -84 [da:3f:93:4b:0a:4c]
RSSI: -83 [da:3f:93:4b:0a:4c]
RSSI: -84 [da:3f:93:4b:0a:4c]
RSSI: -83 [da:3f:93:58:0a:7c]
RSSI: -87 [da:39:f0:7c:03:1a]
RSSI: -86 [da:3f:93:65:0a:ac]
RSSI: -87 [da:38:0c:76:08:db]
RSSI: -86 [da:3f:93:65:0a:ac]
RSSI: -85 [da:3f:93:65:0a:ac]
RSSI: -88 [da:39:f0:89:03:3a]
RSSI: -83 [da:3f:93:73:0a:cc]
RSSI: -89 [da:3f:93:73:0a:cc]
RSSI: -83 [da:3f:93:80:0a:fc]
RSSI: -87 [da:38:0c:9d:09:4b]
RSSI: -85 [da:3f:93:8d:0b:2c]
RSSI: -90 [da:39:f0:b2:03:ba]
RSSI: -87 [da:38:0c:b7:09:9b]
RSSI: -86 [da:38:0c:b7:09:9b]
RSSI: -88 [da:3f:93:a8:0b:7c]
RSSI: -89 [da:38:0c:c4:09:cb]
RSSI: -82 [da:3f:93:b5:0b:ac]
RSSI: -88 [da:38:0c:c4:09:cb]
RSSI: -90 [da:38:0c:de:0a:1b]
RSSI: -85 [da:39:f0:eb:04:5a]
RSSI: -86 [da:39:f0:f9:04:7a]
RSSI: -89 [da:3f:93:eb:0c:4c]
RSSI: -89 [da:38:0c:f8:0a:6b]
RSSI: -87 [da:39:f1:06:04:9a]
RSSI: -86 [da:39:f1:15:04:ca]
RSSI: -94 [da:3f:94:06:0c:ac]
RSSI: -87 [da:39:f1:23:04:fa]
RSSI: -88 [da:38:0d:1f:0a:db]
RSSI: -92 [da:3f:94:20:0c:fc]
RSSI: -91 [da:3f:94:3b:0d:4c]
RSSI: -88 [da:39:f1:5a:05:8a]
RSSI: -90 [da:3c:fa:65:14:1e]
RSSI: -92 [da:3c:fa:65:14:1e]
RSSI: -85 [da:39:f1:68:05:ba]
RSSI: -90 [da:3c:fa:75:14:4e]
RSSI: -90 [da:3f:94:63:0d:cc]
RSSI: -88 [da:3c:fa:85:14:7e]
RSSI: -84 [da:3f:94:70:0d:fc]
RSSI: -86 [da:3f:94:70:0d:fc]
RSSI: -90 [da:3c:fa:92:14:9e]
RSSI: -81 [da:39:f1:92:06:3a]
RSSI: -90 [da:3c:fa:92:14:9e]
RSSI: -84 [da:3f:94:7e:0e:1c]
RSSI: -79 [da:39:f1:a1:06:5a]
RSSI: -85 [da:3f:94:8c:0e:4c]
RSSI: -85 [da:3f:94:98:0e:7c]
RSSI: -79 [da:39:f1:ad:06:7a]
RSSI: -85 [da:3f:94:98:0e:7c]
RSSI: -84 [da:3f:94:98:0e:7c]
RSSI: -77 [da:39:f1:bc:06:aa]
RSSI: -87 [da:3c:fa:be:15:1e]
RSSI: -86 [da:3f:94:a6:0e:9c]
RSSI: -85 [da:3f:94:b4:0e:cc]
RSSI: -77 [da:39:f1:cb:06:da]
RSSI: -84 [da:3f:94:b4:0e:cc]
RSSI: -88 [da:3c:fa:ce:15:4e]
RSSI: -77 [da:39:f1:d7:06:fa]
RSSI: -90 [da:3c:fa:de:15:6e]
RSSI: -86 [da:3f:94:c0:0e:ec]
RSSI: -76 [da:39:f1:e6:07:2a]
RSSI: -76 [da:39:f1:e6:07:2a]
RSSI: -91 [da:3c:fa:eb:15:9e]
RSSI: -77 [da:39:f1:f5:07:4a]
RSSI: -87 [da:3f:94:dc:0f:4c]
RSSI: -76 [da:39:f2:01:07:6a]
RSSI: -89 [da:3f:94:e9:0f:6c]
RSSI: -76 [da:39:f2:10:07:9a]
RSSI: -76 [da:39:f2:1e:07:ca]
RSSI: -85 [da:3f:95:11:0f:ec]
RSSI: -77 [da:39:f2:2b:07:ea]
RSSI: -85 [da:3f:95:11:0f:ec]
RSSI: -85 [da:3f:95:1f:10:1c]
RSSI: -86 [da:3f:95:1f:10:1c]
RSSI: -78 [da:39:f2:3a:08:1a]
RSSI: -84 [da:3f:95:1f:10:1c]
RSSI: -90 [da:3f:95:2c:10:4c]
RSSI: -77 [da:39:f2:48:08:3a]
RSSI: -84 [da:3f:95:39:10:6c]
RSSI: -78 [da:39:f2:55:08:5a]
RSSI: -90 [da:3f:95:39:10:6c]
RSSI: -78 [da:39:f2:55:08:5a]
RSSI: -86 [da:3f:95:47:10:9c]
RSSI: -80 [da:39:f2:64:08:8a]
RSSI: -84 [da:3f:95:47:10:9c]
RSSI: -81 [da:39:f2:72:08:ba]
RSSI: -81 [da:39:f2:72:08:ba]
RSSI: -82 [da:39:f2:7f:08:da]
RSSI: -84 [da:39:f2:7f:08:da]
RSSI: -85 [da:3f:95:6f:11:1c]
RSSI: -85 [da:39:f2:8e:09:0a]
RSSI: -84 [da:39:f2:8e:09:0a]
RSSI: -84 [da:3f:95:7d:11:4c]
RSSI: -87 [da:39:f2:9c:09:2a]
RSSI: -81 [da:3f:95:8a:11:6c]
RSSI: -82 [da:3f:95:8a:11:6c]
RSSI: -80 [da:3f:95:97:11:9c]
RSSI: -80 [da:3f:95:97:11:9c]
RSSI: -85 [da:39:f2:b8:09:7a]
RSSI: -81 [da:3f:95:a5:11:cc]
RSSI: -91 [da:38:0e:bf:0f:bb]
RSSI: -93 [da:38:0e:bf:0f:bb]
RSSI: -80 [da:3f:95:b2:11:ec]
RSSI: -80 [da:3f:95:b2:11:ec]
RSSI: -77 [da:3f:95:c0:12:1c]
RSSI: -82 [da:3f:95:c0:12:1c]
RSSI: -88 [da:38:0e:d9:10:0b]
RSSI: -87 [da:39:f2:e2:09:fa]
RSSI: -87 [da:38:0e:d9:10:0b]
RSSI: -79 [da:3f:95:cd:12:3c]
RSSI: -86 [da:38:0e:e6:10:2b]
RSSI: -86 [da:38:0e:e6:10:2b]
RSSI: -80 [da:3f:95:da:12:6c]
RSSI: -86 [da:38:0e:f3:10:5b]
RSSI: -81 [da:3f:95:e8:12:9c]
RSSI: -82 [da:3f:95:f6:12:bc]
RSSI: -80 [da:3f:95:f6:12:bc]
RSSI: -81 [da:3f:96:02:12:ec]
RSSI: -88 [da:38:0f:1b:10:cb]
RSSI: -82 [da:3f:96:02:12:ec]
RSSI: -91 [da:38:0f:1b:10:cb]
RSSI: -82 [da:3f:96:10:13:1c]
RSSI: -89 [da:39:f3:27:0a:ba]
RSSI: -83 [da:3f:96:10:13:1c]
RSSI: -85 [da:3f:96:10:13:1c]
RSSI: -88 [da:38:0f:27:10:fb]
RSSI: -85 [da:3f:96:1e:13:3c]
RSSI: -90 [da:38:0f:42:11:4b]
RSSI: -87 [da:38:0f:4f:11:6b]
RSSI: -89 [da:38:0f:4f:11:6b]
RSSI: -88 [da:38:0f:5c:11:9b]
RSSI: -88 [da:3f:96:46:13:bc]
RSSI: -87 [da:38:0f:5c:11:9b]
RSSI: -84 [da:3f:96:53:13:ec]
RSSI: -84 [da:3f:96:61:14:0c]
RSSI: -89 [da:38:0f:76:11:eb]
RSSI: -81 [da:3f:96:6f:14:3c]
RSSI: -88 [da:38:0f:84:12:0b]
RSSI: -81 [da:3f:96:6f:14:3c]
RSSI: -82 [da:3f:96:7b:14:5c]
RSSI: -83 [da:3f:96:89:14:8c]
RSSI: -87 [da:3f:96:89:14:8c]
RSSI: -87 [da:38:0f:9e:12:5b]
RSSI: -85 [da:3f:96:97:14:bc]
RSSI: -86 [da:38:0f:b9:12:ab]
RSSI: -89 [da:3f:96:a4:14:dc]
RSSI: -86 [da:38:0f:b9:12:ab]
RSSI: -87 [da:38:0f:c6:12:cb]
RSSI: -87 [da:38:0f:c6:12:cb]
RSSI: -85 [da:3f:96:bf:15:2c]
RSSI: -95 [da:3f:96:cc:15:5c]
RSSI: -89 [da:38:0f:e1:13:1b]
RSSI: -87 [da:3f:96:cc:15:5c]
RSSI: -87 [da:3f:96:da:15:8c]
RSSI: -87 [da:3f:97:10:16:2c]
RSSI: -88 [da:3f:97:1d:16:5c]
RSSI: -88 [da:3f:97:1d:16:5c]
RSSI: -83 [da:3f:97:2b:16:7c]
RSSI: -84 [da:3f:97:2b:16:7c]
RSSI: -86 [da:3f:97:2b:16:7c]
RSSI: -84 [da:3f:97:39:00:2c]
RSSI: -84 [da:3f:97:39:00:2c]
RSSI: -86 [da:3f:97:45:00:5c]
RSSI: -86 [da:3f:97:45:00:5c]
RSSI: -85 [da:3f:97:53:00:7c]
RSSI: -86 [da:3f:97:6e:00:dc]
RSSI: -80 [da:3f:97:7c:00:fc]
RSSI: -83 [da:3f:97:89:01:2c]
RSSI: -89 [da:39:f4:a2:0f:0a]
RSSI: -88 [da:3f:97:96:01:4c]
RSSI: -84 [da:3f:97:a4:01:7c]
RSSI: -89 [da:38:10:c1:15:bb]
RSSI: -91 [da:3f:97:be:01:cc]
RSSI: -90 [da:39:f4:e2:0f:ca]
RSSI: -89 [da:38:10:db:16:0b]
RSSI: -91 [da:3c:fd:e1:07:be]
RSSI: -90 [da:39:f4:e2:0f:ca]
RSSI: -87 [da:3f:97:cc:01:fc]
RSSI: -89 [da:38:10:e8:16:2b]
RSSI: -88 [da:3c:fd:f1:07:ee]
RSSI: -88 [da:3c:fe:01:08:1e]
RSSI: -88 [da:3f:97:e7:02:4c]
RSSI: -87 [da:38:10:f6:16:5b]
RSSI: -89 [da:3f:97:e7:02:4c]
RSSI: -90 [da:3c:fe:01:08:1e]
RSSI: -87 [da:38:11:03:16:7b]
RSSI: -88 [da:3c:fe:0e:08:3e]
RSSI: -88 [da:3c:fe:0e:08:3e]
RSSI: -88 [da:38:11:10:00:2b]
RSSI: -90 [da:3c:fe:1e:08:6e]
RSSI: -87 [da:38:11:1e:00:5b]
RSSI: -86 [da:38:11:2a:00:7b]
RSSI: -87 [da:3c:fe:4b:08:ee]
RSSI: -83 [da:38:11:45:00:cb]
RSSI: -83 [da:38:11:45:00:cb]
RSSI: -90 [da:3c:fe:5b:09:0e]
RSSI: -88 [da:3c:fe:5b:09:0e]
RSSI: -80 [da:38:11:60:01:1b]
RSSI: -80 [da:38:11:6d:01:3b]
RSSI: -79 [da:38:11:6d:01:3b]
RSSI: -90 [da:3c:fe:78:09:5e]
RSSI: -90 [da:3c:fe:78:09:5e]
RSSI: -79 [da:38:11:7a:01:6b]
RSSI: -87 [da:3c:fe:88:09:8e]
RSSI: -75 [da:38:11:87:01:8b]
RSSI: -78 [da:38:11:95:01:bb]
RSSI: -77 [da:38:11:95:01:bb]
RSSI: -88 [da:3c:fe:b5:0a:1e]
RSSI: -86 [da:3c:fe:b5:0a:1e]
RSSI: -74 [da:38:11:af:02:0b]
RSSI: -90 [da:3f:98:b2:04:cc]
RSSI: -87 [da:3c:fe:d1:0a:6e]
RSSI: -88 [da:3c:fe:d1:0a:6e]
RSSI: -86 [da:3c:fe:e1:0a:9e]
RSSI: -78 [da:38:11:d7:02:7b]
RSSI: -87 [da:3c:fe:e1:0a:9e]
RSSI: -77 [da:38:11:e4:02:9b]
RSSI: -89 [da:3c:fe:ee:0a:be]
RSSI: -79 [da:38:11:f1:02:cb]
RSSI: -77 [da:38:11:f1:02:cb]
RSSI: -75 [da:38:11:ff:02:eb]
RSSI: -84 [da:3c:ff:0e:0b:1e]
RSSI: -80 [da:38:11:ff:02:eb]
RSSI: -77 [da:38:12:0c:03:1b]
RSSI: -75 [da:38:12:0c:03:1b]
RSSI: -83 [da:3c:ff:1b:0b:3e]
RSSI: -80 [da:38:12:19:03:3b]
RSSI: -82 [da:3c:ff:1b:0b:3e]
RSSI: -86 [da:3f:99:03:05:cc]
RSSI: -80 [da:38:12:19:03:3b]
RSSI: -90 [da:3f:99:11:05:fc]
RSSI: -81 [da:3c:ff:2b:0b:6e]
RSSI: -80 [da:38:12:26:03:6b]
RSSI: -82 [da:3c:ff:2b:0b:6e]
RSSI: -86 [da:3f:99:1f:06:2c]
RSSI: -76 [da:38:12:34:03:8b]
RSSI: -79 [da:3c:ff:3b:0b:9e]
RSSI: -81 [da:38:12:41:03:bb]
RSSI: -85 [da:3f:99:2b:06:4c]
RSSI: -82 [da:38:12:41:03:bb]
RSSI: -85 [da:3f:99:2b:06:4c]
RSSI: -79 [da:3c:ff:51:0b:ce]
RSSI: -78 [da:3c:ff:51:0b:ce]
RSSI: -83 [da:38:12:4e:03:db]
RSSI: -86 [da:3f:99:47:06:ac]
RSSI: -79 [da:3c:ff:71:0c:2e]
RSSI: -79 [da:3c:ff:71:0c:2e]
RSSI: -78 [da:3c:ff:71:0c:2e]
RSSI: -90 [da:38:12:76:04:5b]
RSSI: -79 [da:3c:ff:7d:0c:4e]
RSSI: -79 [da:3c:ff:7d:0c:4e]
RSSI: -77 [da:3c:ff:8d:0c:7e]
RSSI: -87 [da:38:12:84:04:7b]
RSSI: -79 [da:3c:ff:8d:0c:7e]
RSSI: -88 [da:3f:99:7d:07:4c]
RSSI: -78 [da:3c:ff:9a:0c:ae]
RSSI: -79 [da:3c:ff:aa:0c:ce]
RSSI: -85 [da:38:12:9e:04:cb]
RSSI: -79 [da:3c:ff:aa:0c:ce]
RSSI: -86 [da:38:12:ac:04:fb]
RSSI: -86 [da:38:12:ac:04:fb]
RSSI: -79 [da:3c:ff:b7:0c:fe]
RSSI: -77 [da:3c:ff:c4:0d:1e]
RSSI: -84 [da:38:12:b8:05:1b]
RSSI: -80 [da:3c:ff:d0:0d:3e]
RSSI: -86 [da:38:12:c6:05:4b]
RSSI: -79 [da:3c:ff:d0:0d:3e]
RSSI: -85 [da:38:12:d3:05:6b]
RSSI: -80 [da:3c:ff:dd:0d:6e]
RSSI: -89 [da:38:12:d3:05:6b]
RSSI: -78 [da:3c:ff:ea:0d:8e]
RSSI: -87 [da:38:12:e0:05:9b]
RSSI: -81 [da:3c:ff:f6:0d:ae]
RSSI: -87 [da:38:12:ee:05:bb]
RSSI: -81 [da:3c:ff:f6:0d:ae]
RSSI: -82 [da:3d:00:03:0d:ce]
RSSI: -82 [da:3d:00:10:0d:fe]
RSSI: -79 [da:3d:00:10:0d:fe]
RSSI: -87 [da:38:13:08:06:0b]
RSSI: -80 [da:3d:00:10:0d:fe]
RSSI: -82 [da:3d:00:1c:0e:1e]
RSSI: -84 [da:3d:00:29:0e:3e]
RSSI: -87 [da:3f:9a:13:09:2c]
RSSI: -89 [da:38:13:23:06:5b]
RSSI: -90 [da:3f:9a:13:09:2c]
RSSI: -84 [da:3d:00:36:0e:5e]
RSSI: -83 [da:3d:00:36:0e:5e]
RSSI: -85 [da:3f:9a:1f:09:4c]
RSSI: -85 [da:3f:9a:1f:09:4c]
RSSI: -86 [da:3d:00:42:0e:8e]
RSSI: -84 [da:3f:9a:3b:09:ac]
RSSI: -89 [da:38:13:4b:06:db]
RSSI: -88 [da:38:13:58:06:fb]
RSSI: -85 [da:3f:9a:48:09:cc]
RSSI: -87 [da:3f:9a:56:09:fc]
RSSI: -86 [da:38:13:66:07:2b]
RSSI: -88 [da:3f:9a:56:09:fc]
RSSI: -87 [da:38:13:73:07:5b]
RSSI: -87 [da:38:13:73:07:5b]
RSSI: -83 [da:3f:9a:64:0a:2c]
RSSI: -86 [da:3d:00:82:0f:3e]
RSSI: -87 [da:3d:00:8f:0f:5e]
RSSI: -82 [da:3f:9a:71:0a:4c]
RSSI: -89 [da:38:13:8d:07:ab]
RSSI: -85 [da:3d:00:9b:0f:7e]
RSSI: -86 [da:3f:9a:84:0a:8c]
RSSI: -81 [da:3f:9a:84:0a:8c]
RSSI: -85 [da:3d:00:a8:0f:9e]
RSSI: -85 [da:3f:9a:94:0a:bc]
RSSI: -89 [da:3d:00:b5:0f:ce]
RSSI: -85 [da:3f:9a:94:0a:bc]
RSSI: -87 [da:38:13:b5:08:1b]
RSSI: -92 [da:39:f7:c1:01:ba]
RSSI: -89 [da:39:f7:ce:01:ea]
RSSI: -88 [da:3d:00:ce:10:0e]
RSSI: -90 [da:39:f7:ce:01:ea]
RSSI: -84 [da:3f:9a:bd:0b:3c]
RSSI: -88 [da:38:13:d0:08:6b]
RSSI: -86 [da:39:f7:dd:02:0a]
RSSI: -89 [da:3f:9a:ca:0b:6c]
RSSI: -90 [da:38:13:dd:08:8b]
RSSI: -89 [da:3d:00:e8:10:5e]
RSSI: -85 [da:3f:9a:ca:0b:6c]
RSSI: -88 [da:38:13:dd:08:8b]
RSSI: -88 [da:38:13:eb:08:bb]
RSSI: -84 [da:3f:9a:d8:0b:9c]
RSSI: -86 [da:38:13:eb:08:bb]
RSSI: -87 [da:39:f8:07:02:8a]
RSSI: -83 [da:3f:9a:e6:0b:cc]
RSSI: -87 [da:39:f8:16:02:aa]
RSSI: -89 [da:38:14:13:09:3b]
RSSI: -89 [da:38:14:20:09:5b]
RSSI: -86 [da:3f:9b:0f:0c:4c]
RSSI: -87 [da:39:f8:4d:03:4a]
RSSI: -90 [da:38:14:55:09:fb]
RSSI: -86 [da:39:f8:5c:03:7a]
RSSI: -91 [da:3f:9b:44:0c:ec]
RSSI: -85 [da:39:f8:6b:03:aa]
RSSI: -89 [da:38:14:63:0a:2b]
RSSI: -90 [da:3f:9b:52:0d:1c]
RSSI: -90 [da:3f:9b:60:0d:4c]
RSSI: -88 [da:3f:9b:60:0d:4c]
RSSI: -87 [da:39:f8:87:03:fa]
RSSI: -87 [da:39:f8:87:03:fa]
RSSI: -87 [da:39:f8:87:03:fa]
RSSI: -90 [da:38:14:8b:0a:9b]
RSSI: -89 [da:39:f8:96:04:1a]
RSSI: -86 [da:38:14:8b:0a:9b]
RSSI: -85 [da:39:f8:96:04:1a]
RSSI: -86 [da:3f:9b:7b:0d:9c]
RSSI: -88 [da:3f:9b:89:0d:cc]
RSSI: -90 [da:38:14:a6:0a:eb]
RSSI: -84 [da:3f:9b:96:0d:fc]
RSSI: -84 [da:39:f8:b1:04:6a]
RSSI: -93 [da:3d:01:b3:12:9e]
RSSI: -84 [da:39:f8:c0:04:9a]
RSSI: -82 [da:3f:9b:a4:0e:1c]
RSSI: -82 [da:3f:9b:a4:0e:1c]
RSSI: -87 [da:3f:9b:b2:0e:4c]
RSSI: -84 [da:39:f8:cd:04:ba]
RSSI: -82 [da:3f:9b:b2:0e:4c]
RSSI: -84 [da:39:f8:cd:04:ba]
RSSI: -83 [da:3f:9b:bf:0e:7c]
RSSI: -84 [da:39:f8:dc:04:da]
RSSI: -84 [da:3f:9b:bf:0e:7c]
RSSI: -90 [da:38:14:db:0b:8b]
RSSI: -84 [da:3f:9b:cd:0e:ac]
RSSI: -86 [da:39:f8:eb:05:0a]
RSSI: -84 [da:39:f8:eb:05:0a]
RSSI: -88 [da:38:14:e8:0b:ab]
RSSI: -91 [da:3d:01:f3:13:4e]
RSSI: -85 [da:39:f8:f8:05:2a]
RSSI: -84 [da:39:f8:f8:05:2a]
RSSI: -91 [da:3d:02:00:13:6e]
RSSI: -82 [da:3f:9b:e8:0e:fc]
RSSI: -86 [da:39:f9:07:05:5a]
RSSI: -86 [da:39:f9:16:05:8a]
RSSI: -84 [da:39:f9:16:05:8a]
RSSI: -82 [da:39:f9:22:05:aa]
RSSI: -88 [da:3f:9c:04:0f:5c]
RSSI: -91 [da:38:15:1e:0c:5b]
RSSI: -81 [da:39:f9:22:05:aa]
RSSI: -86 [da:3f:9c:11:0f:7c]
RSSI: -87 [da:3f:9c:11:0f:7c]
RSSI: -80 [da:39:f9:31:05:da]
RSSI: -91 [da:3d:02:40:14:1e]
RSSI: -80 [da:39:f9:40:05:fa]
RSSI: -89 [da:3d:02:40:14:1e]
RSSI: -87 [da:3f:9c:2d:0f:dc]
RSSI: -87 [da:3f:9c:2d:0f:dc]
RSSI: -79 [da:39:f9:4d:06:2a]
RSSI: -90 [da:3d:02:4c:14:4e]
RSSI: -88 [da:3f:9c:2d:0f:dc]
RSSI: -77 [da:39:f9:4d:06:2a]
RSSI: -88 [da:3d:02:59:14:6e]
RSSI: -77 [da:39:f9:5c:06:4a]
RSSI: -77 [da:39:f9:5c:06:4a]
RSSI: -86 [da:3d:02:66:14:8e]
RSSI: -88 [da:3f:9c:48:10:2c]
RSSI: -76 [da:39:f9:6b:06:7a]
RSSI: -86 [da:3f:9c:56:10:5c]
RSSI: -76 [da:39:f9:78:06:9a]
RSSI: -76 [da:39:f9:78:06:9a]
RSSI: -86 [da:3f:9c:62:10:7c]
RSSI: -87 [da:3d:02:7f:14:de]
RSSI: -87 [da:3d:02:7f:14:de]
RSSI: -76 [da:39:f9:87:06:ca]
RSSI: -88 [da:3d:02:8c:14:fe]
RSSI: -74 [da:39:f9:96:06:fa]
RSSI: -84 [da:3f:9c:71:10:ac]
RSSI: -74 [da:39:f9:96:06:fa]
RSSI: -76 [da:39:f9:96:06:fa]
RSSI: -82 [da:3f:9c:8b:10:fc]
RSSI: -74 [da:39:f9:a2:07:1a]
RSSI: -82 [da:3f:9c:8b:10:fc]
RSSI: -82 [da:3f:9c:8b:10:fc]
RSSI: -82 [da:3f:9c:9a:11:2c]
RSSI: -75 [da:39:f9:c0:07:6a]
RSSI: -80 [da:3f:9c:a8:11:5c]
RSSI: -82 [da:3f:9c:a8:11:5c]
RSSI: -74 [da:39:f9:cd:07:9a]
RSSI: -75 [da:39:f9:cd:07:9a]
RSSI: -89 [da:3d:02:cc:15:ae]
RSSI: -88 [da:3d:02:d9:15:ce]
RSSI: -81 [da:3f:9c:c3:11:ac]
RSSI: -75 [da:39:f9:dc:07:ba]
RSSI: -78 [da:3f:9c:c3:11:ac]
RSSI: -92 [da:3d:02:e5:15:ee]
RSSI: -76 [da:39:f9:eb:07:ea]
RSSI: -80 [da:3f:9c:d1:11:dc]
RSSI: -78 [da:3f:9c:dd:11:fc]
RSSI: -76 [da:39:f9:f8:08:0a]
RSSI: -79 [da:3f:9c:dd:11:fc]
RSSI: -90 [da:38:16:0f:0f:2b]
RSSI: -90 [da:38:16:0f:0f:2b]
RSSI: -77 [da:3f:9d:06:12:7c]
RSSI: -81 [da:39:fa:22:08:8a]
RSSI: -78 [da:3f:9d:06:12:7c]
RSSI: -78 [da:3f:9d:15:12:ac]
RSSI: -78 [da:3f:9d:15:12:ac]
RSSI: -82 [da:39:fa:41:08:ea]
RSSI: -81 [da:3f:9d:23:12:dc]
RSSI: -84 [da:39:fa:41:08:ea]
RSSI: -88 [da:38:16:37:0f:9b]
RSSI: -91 [da:38:16:45:0f:cb]
RSSI: -86 [da:39:fa:4d:09:0a]
RSSI: -81 [da:3f:9d:3e:13:2c]
RSSI: -87 [da:38:16:52:0f:eb]
RSSI: -81 [da:3f:9d:3e:13:2c]
RSSI: -86 [da:3f:9d:3e:13:2c]
RSSI: -88 [da:38:16:5f:10:1b]
RSSI: -85 [da:3f:9d:4c:13:5c]
RSSI: -87 [da:39:fa:6b:09:5a]
RSSI: -87 [da:38:16:5f:10:1b]
RSSI: -87 [da:3f:9d:4c:13:5c]
RSSI: -89 [da:39:fa:6b:09:5a]
RSSI: -87 [da:38:16:6d:10:4b]
RSSI: -87 [da:38:16:6d:10:4b]
RSSI: -86 [da:39:fa:78:09:8a]
RSSI: -85 [da:39:fa:78:09:8a]
RSSI: -87 [da:39:fa:87:09:aa]
RSSI: -88 [da:38:16:88:10:9b]
RSSI: -86 [da:39:fa:96:09:da]
RSSI: -82 [da:3f:9d:81:13:fc]
RSSI: -90 [da:39:fa:a3:09:fa]
RSSI: -80 [da:3f:9d:90:14:2c]
RSSI: -80 [da:3f:9d:90:14:2c]
RSSI: -87 [da:39:fa:b2:0a:2a]
RSSI: -80 [da:3f:9d:9e:14:5c]
RSSI: -93 [da:39:fa:c1:0a:5a]
RSSI: -90 [da:38:16:be:11:3b]
RSSI: -81 [da:3f:9d:ab:14:7c]
RSSI: -83 [da:3f:9d:ab:14:7c]
RSSI: -88 [da:38:16:ca:11:5b]
RSSI: -81 [da:3f:9d:b9:14:ac]
RSSI: -83 [da:3f:9d:b9:14:ac]
RSSI: -83 [da:3f:9d:b9:14:ac]
RSSI: -82 [da:3f:9d:c7:14:dc]
RSSI: -83 [da:3f:9d:c7:14:dc]
RSSI: -86 [da:3f:9d:d4:14:fc]
RSSI: -87 [da:3f:9d:e2:15:2c]
RSSI: -88 [da:3f:9d:e2:15:2c]
RSSI: -87 [da:38:17:01:11:fb]
RSSI: -82 [da:3f:9d:f0:15:5c]
RSSI: -82 [da:3f:9d:fd:15:7c]
RSSI: -84 [da:3f:9e:0b:15:ac]
RSSI: -89 [da:38:17:1b:12:4b]
RSSI: -84 [da:3f:9e:0b:15:ac]
RSSI: -83 [da:3f:9e:0b:15:ac]
RSSI: -93 [da:39:fb:32:0b:9a]
RSSI: -86 [da:3f:9e:19:15:dc]
RSSI: -86 [da:38:17:29:12:7b]
RSSI: -86 [da:3f:9e:19:15:dc]
RSSI: -85 [da:3f:9e:26:15:fc]
RSSI: -87 [da:3f:9e:34:16:2c]
RSSI: -83 [da:3f:9e:34:16:2c]
RSSI: -83 [da:3f:9e:34:16:2c]
RSSI: -87 [da:38:17:51:12:eb]
RSSI: -89 [da:38:17:5f:13:1b]
RSSI: -85 [da:3f:9e:4f:00:0c]
RSSI: -86 [da:3f:9e:5d:00:2c]
RSSI: -86 [da:3f:9e:5d:00:2c]
RSSI: -94 [da:38:17:87:13:8b]
RSSI: -84 [da:3f:9e:78:00:8c]
RSSI: -84 [da:3f:9e:78:00:8c]
RSSI: -84 [da:3f:9e:87:00:ac]
RSSI: -84 [da:3f:9e:87:00:ac]
RSSI: -83 [da:3f:9e:87:00:ac]
RSSI: -83 [da:3f:9e:95:00:dc]
RSSI: -86 [da:3f:9e:a1:01:0c]
RSSI: -94 [da:38:17:bc:14:2b]
RSSI: -82 [da:3f:9e:b0:01:2c]
RSSI: -83 [da:3f:9e:b0:01:2c]
RSSI: -85 [da:3f:9e:be:01:5c]
RSSI: -91 [da:39:fb:de:0d:8a]
RSSI: -85 [da:3f:9e:cb:01:8c]
RSSI: -90 [da:38:17:f3:14:cb]
RSSI: -84 [da:3f:9e:e7:01:dc]
RSSI: -87 [da:3f:9e:e7:01:dc]
RSSI: -85 [da:3f:9e:f4:02:0c]
RSSI: -85 [da:3f:9f:02:02:2c]
RSSI: -89 [da:38:18:1b:15:3b]
RSSI: -89 [da:39:fc:24:0e:5a]
RSSI: -89 [da:3f:9f:10:02:5c]
RSSI: -86 [da:3f:9f:1d:02:8c]
RSSI: -86 [da:3f:9f:1d:02:8c]
RSSI: -88 [da:39:fc:43:0e:ba]
RSSI: -88 [da:38:18:44:15:bb]
RSSI: -88 [da:38:18:44:15:bb]
RSSI: -88 [da:38:18:51:15:db]
RSSI: -87 [da:39:fc:5f:0f:0a]
RSSI: -88 [da:3f:9f:46:03:0c]
RSSI: -88 [da:38:18:5e:16:0b]
RSSI: -88 [da:3f:9f:46:03:0c]
RSSI: -87 [da:39:fc:6e:0f:2a]
RSSI: -87 [da:38:18:5e:16:0b]
RSSI: -86 [da:38:18:6c:16:2b]
RSSI: -90 [da:39:fc:7a:0f:5a]
RSSI: -87 [da:38:18:7a:16:5b]
RSSI: -88 [da:38:18:7a:16:5b]
RSSI: -86 [da:38:18:87:16:7b]
RSSI: -90 [da:39:fc:99:0f:aa]
RSSI: -87 [da:38:18:95:00:2b]
RSSI: -87 [da:38:18:a2:00:5b]
RSSI: -87 [da:38:18:a2:00:5b]
RSSI: -85 [da:38:18:af:00:7b]
RSSI: -84 [da:38:18:af:00:7b]
RSSI: -83 [da:38:18:bd:00:ab]
RSSI: -89 [da:39:fc:c4:10:2a]
RSSI: -81 [da:38:18:bd:00:ab]
RSSI: -81 [da:38:18:cb:00:cb]
RSSI: -90 [da:3d:05:db:07:de]
RSSI: -80 [da:38:18:d8:00:fb]
RSSI: -91 [da:3d:05:e8:07:fe]
RSSI: -79 [da:38:18:e6:01:1b]
RSSI: -79 [da:38:18:e6:01:1b]
RSSI: -79 [da:38:18:f3:01:4b]
RSSI: -77 [da:38:18:f3:01:4b]
RSSI: -89 [da:3d:06:02:08:4e]
RSSI: -77 [da:38:19:00:01:6b]
RSSI: -86 [da:3d:06:1b:08:8e]
RSSI: -78 [da:38:19:0e:01:9b]
RSSI: -88 [da:3d:06:1b:08:8e]
RSSI: -76 [da:38:19:1c:01:cb]
RSSI: -87 [da:3d:06:28:08:be]
RSSI: -76 [da:38:19:29:01:eb]
RSSI: -89 [da:3d:06:35:08:de]
RSSI: -89 [da:3d:06:35:08:de]
RSSI: -77 [da:38:19:37:02:1b]
RSSI: -77 [da:38:19:37:02:1b]
RSSI: -74 [da:38:19:44:02:3b]
RSSI: -77 [da:38:19:44:02:3b]
RSSI: -76 [da:38:19:51:02:6b]
RSSI: -86 [da:3d:06:5c:09:4e]
RSSI: -75 [da:38:19:51:02:6b]
RSSI: -88 [da:3f:a0:3e:06:0c]
RSSI: -77 [da:38:19:5f:02:8b]
RSSI: -77 [da:38:19:5f:02:8b]
RSSI: -89 [da:3d:06:69:09:6e]
RSSI: -75 [da:38:19:6d:02:bb]
RSSI: -78 [da:38:19:6d:02:bb]
RSSI: -88 [da:3d:06:76:09:9e]
RSSI: -75 [da:38:19:7a:02:db]
RSSI: -87 [da:3f:a0:68:06:8c]
RSSI: -75 [da:38:19:7a:02:db]
RSSI: -78 [da:38:19:88:03:0b]
RSSI: -85 [da:3d:06:8f:09:de]
RSSI: -86 [da:3f:a0:76:06:bc]
RSSI: -77 [da:38:19:88:03:0b]
RSSI: -86 [da:3d:06:9c:09:fe]
RSSI: -79 [da:38:19:96:03:2b]
RSSI: -85 [da:3f:a0:84:06:ec]
RSSI: -85 [da:3d:06:a9:0a:2e]
RSSI: -77 [da:38:19:a2:03:5b]
RSSI: -86 [da:3d:06:b6:0a:4e]
RSSI: -86 [da:3f:a0:9f:07:3c]
RSSI: -89 [da:3f:a0:9f:07:3c]
RSSI: -89 [da:3d:06:c3:0a:6e]
RSSI: -82 [da:38:19:be:03:ab]
RSSI: -89 [da:3f:a0:ae:07:6c]
RSSI: -88 [da:3d:06:d0:0a:9e]
RSSI: -81 [da:38:19:cb:03:cb]
RSSI: -88 [da:3d:06:d0:0a:9e]
RSSI: -81 [da:38:19:cb:03:cb]
RSSI: -86 [da:3d:06:dd:0a:be]
RSSI: -84 [da:38:19:d9:03:fb]
RSSI: -85 [da:38:19:e7:04:2b]
RSSI: -91 [da:3f:a0:d7:07:ec]
RSSI: -89 [da:3d:06:f7:0a:fe]
RSSI: -84 [da:3d:07:04:0b:2e]
RSSI: -87 [da:3d:07:04:0b:2e]
RSSI: -90 [da:3f:a0:e4:08:1c]
RSSI: -86 [da:3d:07:04:0b:2e]
RSSI: -87 [da:38:1a:02:04:7b]
RSSI: -88 [da:3f:a0:f2:08:4c]
RSSI: -84 [da:3d:07:11:0b:4e]
RSSI: -88 [da:3f:a1:01:08:7c]
RSSI: -81 [da:3d:07:1d:0b:6e]
RSSI: -88 [da:3f:a1:01:08:7c]
RSSI: -79 [da:3d:07:2b:0b:8e]
RSSI: -85 [da:38:1a:2a:04:eb]
RSSI: -86 [da:38:1a:2a:04:eb]
RSSI: -78 [da:3d:07:38:0b:be]
RSSI: -83 [da:38:1a:38:05:1b]
RSSI: -82 [da:38:1a:38:05:1b]
RSSI: -78 [da:3d:07:44:0b:de]
RSSI: -87 [da:3f:a1:2a:08:fc]
RSSI: -87 [da:38:1a:45:05:3b]
RSSI: -79 [da:3d:07:51:0b:fe]
RSSI: -88 [da:38:1a:53:05:6b]
RSSI: -84 [da:3f:a1:45:09:4c]
RSSI: -78 [da:3d:07:5e:0c:2e]
RSSI: -82 [da:3f:a1:45:09:4c]
RSSI: -89 [da:38:1a:61:05:9b]
RSSI: -75 [da:3d:07:6b:0c:4e]
RSSI: -82 [da:3f:a1:53:09:7c]
RSSI: -82 [da:3f:a1:53:09:7c]
RSSI: -93 [da:38:1a:6d:05:bb]
RSSI: -76 [da:3d:07:78:0c:6e]
RSSI: -79 [da:3f:a1:60:09:ac]
RSSI: -79 [da:3f:a1:60:09:ac]
RSSI: -76 [da:3d:07:85:0c:9e]
RSSI: -77 [da:3d:07:85:0c:9e]
RSSI: -79 [da:3f:a1:6f:09:dc]
RSSI: -89 [da:38:1a:89:06:0b]
RSSI: -75 [da:3d:07:92:0c:be]
RSSI: -82 [da:3f:a1:7d:09:fc]
RSSI: -76 [da:3d:07:9f:0c:de]
RSSI: -80 [da:3f:a1:89:0a:2c]
RSSI: -82 [da:3f:a1:89:0a:2c]
RSSI: -92 [da:38:1a:a4:06:5b]
RSSI: -76 [da:3d:07:ac:0d:0e]
RSSI: -81 [da:3f:a1:98:0a:5c]
RSSI: -89 [da:38:1a:a4:06:5b]
RSSI: -75 [da:3d:07:b9:0d:2e]
RSSI: -81 [da:3f:a1:98:0a:5c]
RSSI: -82 [da:3f:a1:a6:0a:8c]
RSSI: -81 [da:3f:a1:a6:0a:8c]
RSSI: -82 [da:3f:a1:a6:0a:8c]
RSSI: -78 [da:3d:07:c6:0d:4e]
RSSI: -82 [da:3f:a1:a6:0a:8c]
RSSI: -80 [da:3f:a1:b3:0a:ac]
RSSI: -78 [da:3d:07:d3:0d:7e]
RSSI: -77 [da:3d:07:e0:0d:9e]
RSSI: -79 [da:3f:a1:c1:0a:dc]
RSSI: -79 [da:3d:07:e0:0d:9e]
RSSI: -78 [da:3d:07:ed:0d:be]
RSSI: -82 [da:3f:a1:d0:0b:0c]
RSSI: -79 [da:3d:07:ed:0d:be]
RSSI: -88 [da:38:1a:e8:07:2b]
RSSI: -83 [da:3f:a1:dc:0b:2c]
RSSI: -83 [da:3f:a1:dc:0b:2c]
RSSI: -81 [da:3d:07:fa:0d:de]
RSSI: -80 [da:3d:08:06:0e:0e]
RSSI: -80 [da:3d:08:06:0e:0e]
RSSI: -85 [da:3f:a1:eb:0b:5c]
RSSI: -83 [da:3d:08:14:0e:2e]
RSSI: -83 [da:3f:a1:f9:0b:8c]
RSSI: -81 [da:3d:08:14:0e:2e]
RSSI: -83 [da:3f:a1:f9:0b:8c]
RSSI: -90 [da:38:1b:10:07:9b]
RSSI: -84 [da:3d:08:21:0e:4e]
RSSI: -83 [da:3f:a2:06:0b:bc]
RSSI: -85 [da:3d:08:21:0e:4e]
RSSI: -84 [da:3d:08:2d:0e:6e]
RSSI: -86 [da:3d:08:2d:0e:6e]
RSSI: -82 [da:3f:a2:14:0b:ec]
RSSI: -86 [da:3f:a2:23:0c:0c]
RSSI: -88 [da:3d:08:48:0e:be]
RSSI: -88 [da:3d:08:48:0e:be]
RSSI: -93 [da:3f:a2:2f:0c:3c]
RSSI: -88 [da:3d:08:48:0e:be]
RSSI: -89 [da:3d:08:54:0e:de]
RSSI: -88 [da:3d:08:61:0e:fe]
RSSI: -88 [da:3f:a2:3e:0c:6c]
RSSI: -90 [da:3d:08:6f:0f:2e]
RSSI: -88 [da:3d:08:6f:0f:2e]
RSSI: -89 [da:3f:a2:59:0c:bc]
RSSI: -91 [da:39:ff:76:01:ca]
RSSI: -87 [da:3d:08:7b:0f:4e]
RSSI: -89 [da:39:ff:83:01:ea]
RSSI: -87 [da:3d:08:88:0f:6e]
RSSI: -92 [da:39:ff:a1:02:4a]
RSSI: -89 [da:38:1b:92:09:1b]
RSSI: -95 [da:3f:a2:83:0d:3c]
RSSI: -88 [da:38:1b:a0:09:4b]
RSSI: -87 [da:3f:a2:91:0d:6c]
RSSI: -86 [da:3f:a2:9f:0d:9c]
RSSI: -86 [da:3f:a2:ac:0d:cc]
RSSI: -91 [da:3d:08:c9:10:2e]
RSSI: -91 [da:39:ff:cc:02:ca]
RSSI: -89 [da:38:1b:c9:09:cb]
RSSI: -83 [da:3f:a2:bb:0d:fc]
RSSI: -89 [da:39:ff:d9:02:ea]
RSSI: -90 [da:38:1b:d7:09:fb]
RSSI: -90 [da:3d:08:e3:10:7e]
RSSI: -86 [da:3f:a2:c9:0e:1c]
RSSI: -90 [da:3f:a2:c9:0e:1c]
RSSI: -88 [da:38:1b:d7:09:fb]
RSSI: -89 [da:3f:a2:c9:0e:1c]
RSSI: -90 [da:38:1b:e4:0a:1b]
RSSI: -87 [da:3f:a2:d6:0e:4c]
RSSI: -88 [da:38:1b:f2:0a:4b]
RSSI: -92 [da:39:ff:f8:03:3a]
RSSI: -96 [da:3d:08:fd:10:be]
RSSI: -91 [da:38:1b:f2:0a:4b]
RSSI: -85 [da:3f:a2:e4:0e:7c]
RSSI: -87 [da:38:1c:00:0a:6b]
RSSI: -85 [da:3f:a2:e4:0e:7c]
RSSI: -86 [da:38:1c:00:0a:6b]
RSSI: -86 [da:3f:a2:f3:0e:ac]
RSSI: -87 [da:38:1c:00:0a:6b]
RSSI: -88 [da:3f:a2:f3:0e:ac]
RSSI: -93 [da:3a:00:14:03:8a]
RSSI: -87 [da:38:1c:0d:0a:9b]
RSSI: -87 [da:3f:a2:ff:0e:cc]
RSSI: -96 [da:3d:09:17:11:0e]
RSSI: -87 [da:3f:a2:ff:0e:cc]
RSSI: -86 [da:3f:a3:0e:0e:fc]
RSSI: -88 [da:38:1c:29:0a:eb]
RSSI: -89 [da:38:1c:29:0a:eb]
RSSI: -90 [da:38:1c:29:0a:eb]
RSSI: -87 [da:3f:a3:1c:0f:2c]
RSSI: -89 [da:38:1c:35:0b:0b]
RSSI: -91 [da:3a:00:3f:04:0a]
RSSI: -89 [da:38:1c:35:0b:0b]
RSSI: -96 [da:3d:09:4b:11:9e]
RSSI: -82 [da:3f:a3:37:0f:7c]
RSSI: -82 [da:3f:a3:37:0f:7c]
RSSI: -96 [da:3d:09:58:11:be]
RSSI: -84 [da:3f:a3:37:0f:7c]
RSSI: -93 [da:3a:00:5b:04:5a]
RSSI: -92 [da:3a:00:5b:04:5a]
RSSI: -91 [da:38:1c:5e:0b:8b]
RSSI: -89 [da:38:1c:5e:0b:8b]
RSSI: -94 [da:3a:00:6a:04:7a]
RSSI: -83 [da:3f:a3:53:0f:cc]
RSSI: -83 [da:3f:a3:53:0f:cc]
RSSI: -91 [da:3a:00:7a:04:aa]
RSSI: -90 [da:38:1c:7b:0b:db]
RSSI: -91 [da:38:1c:87:0c:0b]
RSSI: -90 [da:38:1c:87:0c:0b]
RSSI: -91 [da:38:1c:87:0c:0b]
RSSI: -89 [da:3f:a3:7c:10:5c]
RSSI: -89 [da:3a:00:96:04:fa]
RSSI: -90 [da:3f:a3:7c:10:5c]
RSSI: -81 [da:3f:a3:7c:10:5c]
RSSI: -91 [da:38:1c:95:0c:2b]
RSSI: -93 [da:3a:00:a5:05:1a]
RSSI: -91 [da:38:1c:95:0c:2b]
RSSI: -80 [da:3f:a3:8b:10:7c]
RSSI: -91 [da:3a:00:a5:05:1a]
RSSI: -84 [da:3f:a3:8b:10:7c]
RSSI: -76 [da:3f:a3:99:10:ac]
RSSI: -93 [da:3a:00:b2:05:4a]
RSSI: -76 [da:3f:a3:99:10:ac]
RSSI: -89 [da:3a:00:b2:05:4a]
RSSI: -74 [da:3f:a3:a6:10:dc]
RSSI: -91 [da:3a:00:d1:05:9a]
RSSI: -76 [da:3f:a3:b4:11:0c]
RSSI: -89 [da:3a:00:d1:05:9a]
RSSI: -91 [da:38:1c:cc:0c:db]
RSSI: -70 [da:3f:a3:c3:11:3c]
RSSI: -90 [da:3a:00:dd:05:ca]
RSSI: -70 [da:3f:a3:d0:11:5c]
RSSI: -69 [da:3f:a3:d0:11:5c]
RSSI: -85 [da:3a:00:ed:05:ea]
RSSI: -85 [da:3a:00:fc:06:1a]
RSSI: -71 [da:3f:a3:de:11:8c]
RSSI: -68 [da:3f:a3:de:11:8c]
RSSI: -68 [da:3f:a3:ed:11:bc]
RSSI: -68 [da:3f:a3:f9:11:ec]
RSSI: -67 [da:3f:a3:f9:11:ec]
RSSI: -87 [da:3a:01:18:06:6a]
RSSI: -87 [da:3a:01:27:06:9a]
RSSI: -68 [da:3f:a4:08:12:0c]
RSSI: -69 [da:3f:a4:16:12:3c]
RSSI: -85 [da:3a:01:34:06:ba]
RSSI: -96 [da:38:1d:2b:0d:eb]
RSSI: -85 [da:3a:01:34:06:ba]
RSSI: -67 [da:3f:a4:32:12:9c]
RSSI: -67 [da:3f:a4:32:12:9c]
RSSI: -88 [da:3a:01:53:07:1a]
RSSI: -95 [da:3d:0a:50:14:7e]
RSSI: -70 [da:3f:a4:40:12:bc]
RSSI: -68 [da:3f:a4:40:12:bc]
RSSI: -84 [da:3a:01:5f:07:3a]
RSSI: -88 [da:3a:01:5f:07:3a]
RSSI: -71 [da:3f:a4:4d:12:ec]
RSSI: -94 [da:38:1d:62:0e:9b]
RSSI: -84 [da:3a:01:6f:07:5a]
RSSI: -94 [da:3d:0a:77:14:de]
RSSI: -69 [da:3f:a4:5b:13:1c]
RSSI: -82 [da:3a:01:7e:07:8a]
RSSI: -83 [da:3a:01:7e:07:8a]
RSSI: -70 [da:3f:a4:6a:13:4c]
RSSI: -93 [da:38:1d:7d:0e:eb]
RSSI: -71 [da:3f:a4:6a:13:4c]
RSSI: -92 [da:38:1d:7d:0e:eb]
RSSI: -88 [da:3a:01:8b:07:ba]
RSSI: -76 [da:3f:a4:77:13:6c]
RSSI: -74 [da:3f:a4:77:13:6c]
RSSI: -76 [da:3f:a4:85:13:9c]
RSSI: -83 [da:3f:a4:85:13:9c]
RSSI: -88 [da:3a:01:aa:08:0a]
RSSI: -80 [da:3f:a4:94:13:cc]
RSSI: -92 [da:38:1d:a6:0f:5b]
RSSI: -90 [da:3a:01:aa:08:0a]
RSSI: -97 [da:3d:0a:ab:15:6e]
RSSI: -84 [da:3f:a4:94:13:cc]
RSSI: -92 [da:38:1d:a6:0f:5b]
RSSI: -88 [da:3a:01:c6:08:5a]
RSSI: -85 [da:3a:01:c6:08:5a]
RSSI: -80 [da:3f:a4:af:14:1c]
RSSI: -90 [da:3a:01:d5:08:7a]
RSSI: -79 [da:3f:a4:be:14:4c]
RSSI: -87 [da:3a:01:d5:08:7a]
RSSI: -87 [da:3a:01:e2:08:aa]
RSSI: -88 [da:38:1d:dd:10:0b]
RSSI: -79 [da:3f:a4:ca:14:6c]
RSSI: -89 [da:38:1d:dd:10:0b]
RSSI: -77 [da:3f:a4:ca:14:6c]
RSSI: -85 [da:3a:01:f1:08:da]
RSSI: -90 [da:38:1d:eb:10:2b]
RSSI: -85 [da:3a:01:f1:08:da]
RSSI: -78 [da:3f:a4:d9:14:9c]
RSSI: -78 [da:3f:a4:d9:14:9c]
RSSI: -90 [da:38:1d:f8:10:5b]
RSSI: -77 [da:3f:a4:e7:14:cc]
RSSI: -90 [da:38:1d:f8:10:5b]
RSSI: -81 [da:3f:a4:e7:14:cc]
RSSI: -89 [da:3a:02:0d:09:2a]
RSSI: -89 [da:38:1e:06:10:7b]
RSSI: -81 [da:3f:a4:f4:14:fc]
RSSI: -93 [da:3a:02:0d:09:2a]
RSSI: -91 [da:38:1e:06:10:7b]
RSSI: -82 [da:3f:a4:f4:14:fc]
RSSI: -82 [da:3f:a5:03:15:1c]
RSSI: -90 [da:38:1e:14:10:ab]
RSSI: -86 [da:3f:a5:03:15:1c]
RSSI: -88 [da:3f:a5:11:15:4c]
RSSI: -92 [da:38:1e:21:10:cb]
RSSI: -94 [da:3a:02:2c:09:7a]
RSSI: -88 [da:3f:a5:11:15:4c]
RSSI: -91 [da:3a:02:39:09:9a]
RSSI: -93 [da:3f:a5:1e:15:7c]
RSSI: -90 [da:38:1e:2f:10:fb]
RSSI: -92 [da:3a:02:39:09:9a]
RSSI: -92 [da:3f:a5:1e:15:7c]
RSSI: -89 [da:38:1e:3d:11:2b]
RSSI: -88 [da:3f:a5:2c:15:ac]
RSSI: -90 [da:3a:02:48:09:ca]
RSSI: -91 [da:38:1e:3d:11:2b]
RSSI: -94 [da:3a:02:48:09:ca]
RSSI: -94 [da:38:1e:4a:11:4b]
RSSI: -83 [da:3f:a5:3b:15:cc]
RSSI: -93 [da:38:1e:58:11:7b]
RSSI: -92 [da:38:1e:58:11:7b]
RSSI: -96 [da:3f:a5:48:15:fc]
RSSI: -85 [da:3f:a5:56:16:2c]
RSSI: -85 [da:3f:a5:56:16:2c]
RSSI: -86 [da:3f:a5:65:16:4c]
RSSI: -84 [da:3f:a5:65:16:4c]
RSSI: -90 [da:38:1e:81:11:eb]
RSSI: -89 [da:3f:a5:72:16:7c]
RSSI: -84 [da:3f:a5:72:16:7c]
RSSI: -91 [da:38:1e:8f:12:1b]
RSSI: -89 [da:38:1e:8f:12:1b]
RSSI: -88 [da:3f:a5:80:00:0c]
RSSI: -95 [da:3a:02:9f:0a:ca]
RSSI: -88 [da:38:1e:9c:12:3b]
RSSI: -92 [da:3a:02:9f:0a:ca]
RSSI: -83 [da:3f:a5:8f:00:2c]
RSSI: -82 [da:3f:a5:8f:00:2c]
RSSI: -88 [da:38:1e:aa:12:6b]
RSSI: -85 [da:3f:a5:9b:00:5c]
RSSI: -87 [da:38:1e:aa:12:6b]
RSSI: -91 [da:3a:02:bb:0b:1a]
RSSI: -87 [da:38:1e:b9:12:9b]
RSSI: -87 [da:38:1e:b9:12:9b]
RSSI: -88 [da:3f:a5:aa:00:8c]
RSSI: -88 [da:38:1e:c5:12:bb]
RSSI: -87 [da:3f:a5:b9:00:ac]
RSSI: -90 [da:38:1e:c5:12:bb]
RSSI: -87 [da:3f:a5:b9:00:ac]
RSSI: -92 [da:3a:02:da:0b:7a]
RSSI: -85 [da:3f:a5:c5:00:dc]
RSSI: -90 [da:3a:02:e7:0b:9a]
RSSI: -93 [da:3a:02:e7:0b:9a]
RSSI: -87 [da:3f:a5:d4:01:0c]
RSSI: -87 [da:3f:a5:e3:01:3c]
RSSI: -88 [da:3a:02:fc:0b:da]
RSSI: -90 [da:3f:a5:ef:01:5c]
RSSI: -93 [da:3a:03:19:0c:2a]
RSSI: -87 [da:3f:a6:0d:01:bc]
RSSI: -92 [da:3a:03:28:0c:5a]
RSSI: -95 [da:38:1f:41:14:2b]
RSSI: -92 [da:38:1f:4f:14:5b]
RSSI: -91 [da:38:1f:5d:14:7b]
RSSI: -91 [da:38:1f:5d:14:7b]
RSSI: -90 [da:38:1f:6a:14:ab]
RSSI: -92 [da:3f:a6:60:02:cc]
RSSI: -92 [da:38:1f:78:14:cb]
RSSI: -93 [da:3a:03:80:0d:5a]
RSSI: -89 [da:38:1f:86:14:fb]
RSSI: -90 [da:38:1f:86:14:fb]
RSSI: -89 [da:38:1f:86:14:fb]
RSSI: -90 [da:38:1f:86:14:fb]
RSSI: -87 [da:3f:a6:7c:03:1c]
RSSI: -90 [da:3a:03:ab:0d:da]
RSSI: -90 [da:38:1f:a1:15:4b]
RSSI: -90 [da:3a:03:ab:0d:da]
RSSI: -89 [da:38:1f:b0:15:6b]
RSSI: -86 [da:38:1f:cb:15:bb]
RSSI: -88 [da:3a:03:d7:0e:4a]
RSSI: -86 [da:38:1f:f4:16:3b]
RSSI: -89 [da:3a:04:03:0e:ca]
RSSI: -88 [da:3a:04:1f:0f:1a]
RSSI: -88 [da:3a:04:1f:0f:1a]
RSSI: -87 [da:38:20:1d:00:2b]
RSSI: -84 [da:3f:a7:15:04:fc]
RSSI: -86 [da:38:20:2b:00:5b]
RSSI: -90 [da:3a:04:4a:0f:9a]
RSSI: -84 [da:38:20:46:00:ab]
RSSI: -85 [da:38:20:46:00:ab]
RSSI: -82 [da:38:20:55:00:db]
RSSI: -83 [da:38:20:70:01:2b]
RSSI: -82 [da:38:20:7e:01:4b]
RSSI: -91 [da:3f:a7:69:06:0c]
RSSI: -84 [da:38:20:7e:01:4b]
RSSI: -90 [da:38:20:8a:01:7b]
RSSI: -90 [da:38:20:8a:01:7b]
RSSI: -82 [da:38:20:99:01:9b]
RSSI: -92 [da:3a:04:a2:10:9a]
RSSI: -88 [da:38:20:99:01:9b]
RSSI: -83 [da:38:20:a7:01:cb]
RSSI: -84 [da:38:20:a7:01:cb]
RSSI: -92 [da:3f:a7:a2:06:bc]
RSSI: -82 [da:38:20:b4:01:eb]
RSSI: -94 [da:3a:04:ce:11:1a]
RSSI: -92 [da:3f:a7:bd:07:0c]
RSSI: -83 [da:38:20:d0:02:3b]
RSSI: -92 [da:3f:a7:cc:07:3c]
RSSI: -88 [da:38:20:eb:02:8b]
RSSI: -86 [da:38:20:eb:02:8b]
RSSI: -87 [da:38:20:fa:02:bb]
RSSI: -89 [da:38:20:fa:02:bb]
RSSI: -90 [da:38:21:06:02:db]
RSSI: -88 [da:38:21:15:03:0b]
RSSI: -92 [da:3f:a8:05:07:ec]
RSSI: -90 [da:3f:a8:11:08:1c]
RSSI: -90 [da:38:21:30:03:5b]
RSSI: -95 [da:38:21:3e:03:8b]
RSSI: -92 [da:3f:a8:50:08:dc]
RSSI: -90 [da:3a:05:70:12:ea]
RSSI: -89 [da:3f:a8:60:09:0c]
RSSI: -90 [da:3a:05:7d:13:1a]
RSSI: -87 [da:3f:a8:60:09:0c]
RSSI: -87 [da:3f:a8:8a:09:9c]
RSSI: -89 [da:3f:a8:97:09:bc]
RSSI: -88 [da:3f:a8:a6:09:ec]
RSSI: -88 [da:3f:a8:b4:0a:1c]
RSSI: -90 [da:3f:a8:b4:0a:1c]
RSSI: -88 [da:3f:a8:c1:0a:4c]
RSSI: -90 [da:3f:a8:d0:0a:7c]
RSSI: -84 [da:3f:a8:de:0a:ac]
RSSI: -88 [da:3a:06:01:14:8a]
RSSI: -92 [da:3a:06:01:14:8a]
RSSI: -85 [da:3f:a8:eb:0a:cc]
RSSI: -87 [da:3a:06:10:14:ba]
RSSI: -88 [da:3a:06:20:14:ea]
RSSI: -90 [da:3d:0f:1d:0b:be]
RSSI: -88 [da:3d:0f:2a:0b:ee]
RSSI: -86 [da:3f:a9:15:0b:5c]
RSSI: -88 [da:3a:06:2c:15:0a]
RSSI: -84 [da:3d:0f:38:0c:0e]
RSSI: -88 [da:3d:0f:44:0c:2e]
RSSI: -87 [da:3d:0f:52:0c:5e]
RSSI: -84 [da:3d:0f:52:0c:5e]
RSSI: -85 [da:3d:0f:60:0c:7e]
RSSI: -89 [da:3f:a9:4e:0c:0c]
RSSI: -86 [da:3d:0f:6c:0c:9e]
RSSI: -89 [da:3f:a9:5d:0c:3c]
RSSI: -87 [da:3d:0f:7a:0c:ce]
RSSI: -88 [da:3f:a9:5d:0c:3c]
RSSI: -89 [da:3d:0f:7a:0c:ce]
RSSI: -90 [da:3a:06:84:16:0a]
RSSI: -87 [da:3d:0f:87:0c:ee]
RSSI: -89 [da:3a:06:84:16:0a]
RSSI: -90 [da:3d:0f:87:0c:ee]
RSSI: -91 [da:3d:0f:94:0d:1e]
RSSI: -88 [da:3a:06:94:16:3a]
RSSI: -86 [da:3f:a9:79:0c:8c]
RSSI: -86 [da:3a:06:94:16:3a]
RSSI: -80 [da:3f:a9:79:0c:8c]
RSSI: -88 [da:3a:06:a4:00:2a]
RSSI: -87 [da:3a:06:a4:00:2a]
RSSI: -88 [da:3d:0f:af:0d:5e]
RSSI: -87 [da:3a:06:b0:00:4a]
RSSI: -86 [da:3a:06:b0:00:4a]
RSSI: -85 [da:3f:a9:a3:0d:1c]
RSSI: -86 [da:3f:a9:a3:0d:1c]
RSSI: -87 [da:3a:06:d0:00:aa]
RSSI: -89 [da:3d:0f:c9:0d:ae]
RSSI: -92 [da:3f:a9:b2:0d:4c]
RSSI: -85 [da:3a:06:d0:00:aa]
RSSI: -95 [da:38:22:dd:08:6b]
RSSI: -83 [da:3f:a9:cd:0d:9c]
RSSI: -84 [da:3a:06:ec:00:fa]
RSSI: -78 [da:3f:a9:dc:0d:cc]
RSSI: -84 [da:3a:06:fc:01:2a]
RSSI: -86 [da:3d:0f:fe:0e:3e]
RSSI: -76 [da:3f:a9:e9:0d:fc]
RSSI: -84 [da:3a:07:09:01:4a]
RSSI: -85 [da:3d:10:0b:0e:5e]
RSSI: -82 [da:3f:a9:f8:0e:2c]
RSSI: -75 [da:3f:a9:f8:0e:2c]
RSSI: -87 [da:3d:10:19:0e:8e]
RSSI: -75 [da:3f:aa:06:0e:5c]
RSSI: -87 [da:3a:07:28:01:aa]
RSSI: -91 [da:3a:07:28:01:aa]
RSSI: -75 [da:3f:aa:13:0e:7c]
RSSI: -75 [da:3f:aa:13:0e:7c]
RSSI: -78 [da:3f:aa:22:0e:ac]
RSSI: -79 [da:3f:aa:31:0e:dc]
RSSI: -80 [da:3f:aa:31:0e:dc]
RSSI: -90 [da:3d:10:4e:0f:1e]
RSSI: -80 [da:3f:aa:3d:0f:0c]
RSSI: -88 [da:3a:07:61:02:4a]
RSSI: -76 [da:3f:aa:3d:0f:0c]
RSSI: -76 [da:3f:aa:4c:0f:3c]
RSSI: -74 [da:3f:aa:4c:0f:3c]
RSSI: -73 [da:3f:aa:5b:0f:6c]
RSSI: -73 [da:3f:aa:5b:0f:6c]
RSSI: -87 [da:3a:07:80:02:9a]
RSSI: -73 [da:3f:aa:68:0f:8c]
RSSI: -73 [da:3f:aa:68:0f:8c]
RSSI: -70 [da:3f:aa:77:0f:bc]
RSSI: -75 [da:3f:aa:77:0f:bc]
RSSI: -73 [da:3f:aa:85:0f:ec]
RSSI: -75 [da:3f:aa:85:0f:ec]
RSSI: -82 [da:3f:aa:92:10:1c]
RSSI: -78 [da:3f:aa:92:10:1c]
RSSI: -93 [da:3a:07:c8:03:6a]
RSSI: -86 [da:3f:aa:b0:10:7c]
RSSI: -73 [da:3f:aa:bc:10:9c]
RSSI: -69 [da:3f:aa:cb:10:cc]
RSSI: -67 [da:3f:aa:cb:10:cc]
RSSI: -68 [da:3f:aa:da:10:fc]
RSSI: -89 [da:3a:07:f5:03:ea]
RSSI: -65 [da:3f:aa:da:10:fc]
RSSI: -87 [da:3a:08:04:04:1a]
RSSI: -65 [da:3f:aa:e7:11:2c]
RSSI: -86 [da:3a:08:04:04:1a]
RSSI: -85 [da:3a:08:11:04:3a]
RSSI: -62 [da:3f:aa:f6:11:4c]
RSSI: -94 [da:38:24:0e:0c:0b]
RSSI: -61 [da:3f:ab:11:11:ac]
RSSI: -62 [da:3f:ab:11:11:ac]
RSSI: -61 [da:3f:ab:20:11:dc]
RSSI: -80 [da:3a:08:3d:04:ba]
RSSI: -62 [da:3f:ab:2f:11:fc]
RSSI: -81 [da:3a:08:4d:04:ea]
RSSI: -61 [da:3f:ab:2f:11:fc]
RSSI: -80 [da:3a:08:4d:04:ea]
RSSI: -83 [da:3a:08:5c:05:1a]
RSSI: -62 [da:3f:ab:3c:12:2c]
RSSI: -84 [da:3a:08:5c:05:1a]
RSSI: -61 [da:3f:ab:3c:12:2c]
RSSI: -81 [da:3a:08:5c:05:1a]
RSSI: -62 [da:3f:ab:4b:12:5c]
RSSI: -63 [da:3f:ab:4b:12:5c]
RSSI: -62 [da:3f:ab:59:12:8c]
RSSI: -63 [da:3f:ab:59:12:8c]
RSSI: -78 [da:3a:08:79:05:6a]
RSSI: -82 [da:3a:08:79:05:6a]
RSSI: -64 [da:3f:ab:66:12:ac]
RSSI: -80 [da:3a:08:89:05:9a]
RSSI: -64 [da:3f:ab:66:12:ac]
RSSI: -79 [da:3a:08:89:05:9a]
RSSI: -76 [da:3a:08:89:05:9a]
RSSI: -96 [da:3d:11:8d:12:ae]
RSSI: -66 [da:3f:ab:75:12:dc]
RSSI: -80 [da:3a:08:95:05:ba]
RSSI: -79 [da:3a:08:95:05:ba]
RSSI: -68 [da:3f:ab:84:13:0c]
RSSI: -95 [da:3d:11:a7:12:ee]
RSSI: -77 [da:3a:08:a5:05:ea]
RSSI: -94 [da:3d:11:a7:12:ee]
RSSI: -68 [da:3f:ab:91:13:2c]
RSSI: -77 [da:3a:08:a5:05:ea]
RSSI: -76 [da:3a:08:b5:06:1a]
RSSI: -72 [da:3f:ab:a0:13:5c]
RSSI: -75 [da:3a:08:c1:06:3a]
RSSI: -72 [da:3a:08:c1:06:3a]
RSSI: -76 [da:3f:ab:ae:13:8c]
RSSI: -96 [da:3d:11:cf:13:6e]
RSSI: -97 [da:3d:11:cf:13:6e]
RSSI: -74 [da:3a:08:d1:06:6a]
RSSI: -82 [da:3f:ab:bb:13:bc]
RSSI: -73 [da:3a:08:e1:06:8a]
RSSI: -92 [da:38:24:df:0e:7b]
RSSI: -70 [da:3a:08:ed:06:ba]
RSSI: -74 [da:3a:08:ed:06:ba]
RSSI: -73 [da:3a:08:ed:06:ba]
RSSI: -69 [da:3a:08:fd:06:ea]
RSSI: -72 [da:3a:09:0d:07:0a]
RSSI: -87 [da:3f:ab:f5:14:6c]
RSSI: -74 [da:3a:09:1a:07:3a]
RSSI: -73 [da:3a:09:1a:07:3a]
RSSI: -73 [da:3a:09:1a:07:3a]
RSSI: -73 [da:3a:09:2a:07:5a]
RSSI: -89 [da:3f:ac:10:14:cc]
RSSI: -70 [da:3a:09:39:07:8a]
RSSI: -73 [da:3a:09:46:07:aa]
RSSI: -70 [da:3a:09:46:07:aa]
RSSI: -73 [da:3a:09:56:07:da]
RSSI: -73 [da:3a:09:56:07:da]
RSSI: -87 [da:3f:ac:3b:15:4c]
RSSI: -73 [da:3a:09:56:07:da]
RSSI: -73 [da:3a:09:65:08:0a]
RSSI: -81 [da:3f:ac:4a:15:7c]
RSSI: -81 [da:3f:ac:65:15:cc]
RSSI: -76 [da:3a:09:82:08:5a]
RSSI: -81 [da:3f:ac:65:15:cc]
RSSI: -76 [da:3a:09:82:08:5a]
RSSI: -76 [da:3a:09:92:08:8a]
RSSI: -82 [da:3f:ac:74:15:fc]
RSSI: -77 [da:3a:09:92:08:8a]
RSSI: -78 [da:3a:09:9e:08:aa]
RSSI: -86 [da:3f:ac:83:16:2c]
RSSI: -79 [da:3a:09:9e:08:aa]
RSSI: -82 [da:3f:ac:90:16:4c]
RSSI: -84 [da:3f:ac:9f:16:7c]
RSSI: -82 [da:3f:ac:9f:16:7c]
RSSI: -83 [da:3f:ac:ae:00:2c]
RSSI: -82 [da:3f:ac:ae:00:2c]
RSSI: -85 [da:3a:09:da:09:5a]
RSSI: -82 [da:3f:ac:ba:00:5c]
RSSI: -81 [da:3f:ac:c9:00:8c]
RSSI: -82 [da:3f:ac:c9:00:8c]
RSSI: -84 [da:3a:09:ea:09:8a]
RSSI: -81 [da:3f:ac:d8:00:bc]
RSSI: -83 [da:3a:09:f7:09:aa]
RSSI: -82 [da:3f:ac:e5:00:dc]
RSSI: -80 [da:3f:ac:e5:00:dc]
RSSI: -82 [da:3a:0a:07:09:da]
RSSI: -82 [da:3a:0a:07:09:da]
RSSI: -81 [da:3a:0a:16:0a:0a]
RSSI: -83 [da:3f:ac:f4:01:0c]
RSSI: -82 [da:3a:0a:16:0a:0a]
RSSI: -82 [da:3a:0a:16:0a:0a]
RSSI: -79 [da:3f:ad:03:01:3c]
RSSI: -82 [da:3a:0a:23:0a:2a]
RSSI: -79 [da:3f:ad:0f:01:6c]
RSSI: -84 [da:3a:0a:33:0a:5a]
RSSI: -83 [da:3f:ad:1f:01:9c]
RSSI: -82 [da:3a:0a:33:0a:5a]
RSSI: -84 [da:3a:0a:43:0a:8a]
RSSI: -80 [da:3f:ad:2d:01:cc]
RSSI: -83 [da:3f:ad:2d:01:cc]
RSSI: -84 [da:3a:0a:4f:0a:aa]
RSSI: -84 [da:3a:0a:4f:0a:aa]
RSSI: -82 [da:3f:ad:3a:01:ec]
RSSI: -83 [da:3a:0a:5f:0a:da]
RSSI: -83 [da:3a:0a:5f:0a:da]
RSSI: -83 [da:3f:ad:49:02:1c]
RSSI: -84 [da:3a:0a:6f:0b:0a]
RSSI: -86 [da:3f:ad:58:02:4c]
RSSI: -84 [da:3f:ad:58:02:4c]
RSSI: -83 [da:3a:0a:7c:0b:2a]
RSSI: -83 [da:3f:ad:65:02:7c]
RSSI: -85 [da:3f:ad:65:02:7c]
RSSI: -85 [da:3a:0a:8c:0b:5a]
RSSI: -86 [da:3a:0a:8c:0b:5a]
RSSI: -82 [da:3f:ad:74:02:ac]
RSSI: -86 [da:3a:0a:9b:0b:8a]
RSSI: -82 [da:3f:ad:83:02:dc]
RSSI: -82 [da:3f:ad:83:02:dc]
RSSI: -84 [da:3f:ad:8f:02:fc]
RSSI: -82 [da:3f:ad:8f:02:fc]
RSSI: -85 [da:3a:0a:b8:0b:da]
RSSI: -85 [da:3f:ad:9e:03:2c]
RSSI: -86 [da:3f:ad:9e:03:2c]
RSSI: -87 [da:3f:ad:9e:03:2c]
RSSI: -84 [da:3f:ad:ad:03:5c]
RSSI: -86 [da:3f:ad:ad:03:5c]
RSSI: -84 [da:3a:0a:d4:0c:2a]
RSSI: -84 [da:3f:ad:ba:03:7c]
RSSI: -88 [da:3a:0a:d4:0c:2a]
RSSI: -89 [da:3a:0a:e4:0c:5a]
RSSI: -83 [da:3f:ad:c9:03:ac]
RSSI: -82 [da:3f:ad:d8:03:dc]
RSSI: -83 [da:3f:ad:e5:03:fc]
RSSI: -82 [da:3f:ad:e5:03:fc]
RSSI: -85 [da:3f:ad:f4:04:2c]
RSSI: -91 [da:3a:0b:21:0c:fa]
RSSI: -95 [da:3d:14:28:03:8e]
RSSI: -86 [da:3f:ae:0f:04:8c]
RSSI: -85 [da:3f:ae:1f:04:bc]
RSSI: -96 [da:3d:14:50:03:fe]
RSSI: -86 [da:3f:ae:49:05:3c]
RSSI: -93 [da:38:27:7c:16:4b]
RSSI: -93 [da:38:27:89:16:6b]
RSSI: -88 [da:38:27:98:00:2b]
RSSI: -87 [da:3f:ae:90:06:1c]
RSSI: -86 [da:3f:ae:90:06:1c]
RSSI: -86 [da:38:27:b3:00:7b]
RSSI: -86 [da:3f:ae:9f:06:4c]
RSSI: -87 [da:38:27:b3:00:7b]
RSSI: -81 [da:38:27:dd:00:fb]
RSSI: -88 [da:3a:0b:df:0f:2a]
RSSI: -81 [da:38:27:dd:00:fb]
RSSI: -81 [da:38:27:ec:01:2b]
RSSI: -83 [da:3f:ae:d9:06:fc]
RSSI: -80 [da:38:27:ec:01:2b]
RSSI: -78 [da:38:27:fb:01:5b]
RSSI: -85 [da:3f:ae:e5:07:2c]
RSSI: -80 [da:38:27:fb:01:5b]
RSSI: -77 [da:38:28:07:01:7b]
RSSI: -83 [da:3f:ae:f4:07:5c]
RSSI: -87 [da:3f:af:03:07:8c]
RSSI: -78 [da:38:28:25:01:db]
RSSI: -78 [da:38:28:25:01:db]
RSSI: -88 [da:3f:af:10:07:bc]
RSSI: -77 [da:38:28:31:01:fb]
RSSI: -92 [da:3a:0c:38:10:2a]
RSSI: -79 [da:38:28:31:01:fb]
RSSI: -78 [da:38:28:40:02:2b]
RSSI: -87 [da:3f:af:2e:08:1c]
RSSI: -77 [da:38:28:40:02:2b]
RSSI: -79 [da:38:28:4f:02:4b]
RSSI: -92 [da:3f:af:3b:08:3c]
RSSI: -79 [da:38:28:4f:02:4b]
RSSI: -79 [da:38:28:5b:02:7b]
RSSI: -79 [da:38:28:5b:02:7b]
RSSI: -88 [da:3f:af:4a:08:6c]
RSSI: -77 [da:38:28:6a:02:ab]
RSSI: -79 [da:38:28:6a:02:ab]
RSSI: -79 [da:38:28:79:02:cb]
RSSI: -80 [da:38:28:79:02:cb]
RSSI: -86 [da:3f:af:66:08:cc]
RSSI: -80 [da:38:28:85:02:fb]
RSSI: -80 [da:38:28:85:02:fb]
RSSI: -80 [da:3f:af:75:08:fc]
RSSI: -82 [da:3f:af:84:09:2c]
RSSI: -80 [da:38:28:94:03:1b]
RSSI: -78 [da:3f:af:84:09:2c]
RSSI: -79 [da:38:28:a3:03:4b]
RSSI: -79 [da:3f:af:91:09:4c]
RSSI: -81 [da:3f:af:91:09:4c]
RSSI: -82 [da:38:28:b0:03:7b]
RSSI: -78 [da:3f:af:a0:09:7c]
RSSI: -83 [da:38:28:be:03:9b]
RSSI: -80 [da:3f:af:af:09:ac]
RSSI: -83 [da:38:28:be:03:9b]
RSSI: -78 [da:3f:af:af:09:ac]
RSSI: -84 [da:38:28:be:03:9b]
RSSI: -85 [da:38:28:cd:03:cb]
RSSI: -79 [da:3f:af:bb:09:dc]
RSSI: -85 [da:38:28:cd:03:cb]
RSSI: -78 [da:3f:af:bb:09:dc]
RSSI: -79 [da:3f:af:cb:0a:0c]
RSSI: -77 [da:3f:af:da:0a:3c]
RSSI: -93 [da:3d:15:f0:08:9e]
RSSI: -80 [da:3f:af:da:0a:3c]
RSSI: -89 [da:3d:15:fd:08:ce]
RSSI: -78 [da:3f:af:e6:0a:5c]
RSSI: -76 [da:3f:af:e6:0a:5c]
RSSI: -77 [da:3f:af:f5:0a:8c]
RSSI: -89 [da:38:29:04:04:7b]
RSSI: -75 [da:3f:af:f5:0a:8c]
RSSI: -79 [da:3f:b0:05:0a:bc]
RSSI: -79 [da:3f:b0:05:0a:bc]
RSSI: -87 [da:38:29:1b:04:bb]
RSSI: -88 [da:38:29:1b:04:bb]
RSSI: -76 [da:3f:b0:11:0a:ec]
RSSI: -89 [da:38:29:28:04:db]
RSSI: -78 [da:3f:b0:20:0b:1c]
RSSI: -89 [da:38:29:38:05:0b]
RSSI: -80 [da:3f:b0:30:0b:4c]
RSSI: -95 [da:3a:0d:63:13:8a]
RSSI: -78 [da:3f:b0:4c:0b:ac]
RSSI: -78 [da:3f:b0:4c:0b:ac]
RSSI: -80 [da:3f:b0:5b:0b:dc]
RSSI: -89 [da:3d:16:76:0a:1e]
RSSI: -79 [da:3f:b0:5b:0b:dc]
RSSI: -85 [da:3f:b0:76:0c:2c]
RSSI: -91 [da:38:29:91:06:1b]
RSSI: -83 [da:3f:b0:86:0c:5c]
RSSI: -84 [da:3f:b0:86:0c:5c]
RSSI: -80 [da:3f:b0:92:0c:8c]
RSSI: -89 [da:3d:16:bb:0a:de]
RSSI: -82 [da:3f:b0:a1:0c:bc]
RSSI: -82 [da:3f:b0:a1:0c:bc]
RSSI: -86 [da:3d:16:e3:0b:4e]
RSSI: -85 [da:3d:16:e3:0b:4e]
RSSI: -83 [da:3d:16:f0:0b:7e]
RSSI: -82 [da:3d:16:fe:0b:9e]
RSSI: -81 [da:3d:17:0b:0b:ce]
RSSI: -86 [da:3f:b0:f7:0d:cc]
RSSI: -79 [da:3d:17:18:0b:ee]
RSSI: -90 [da:3a:0e:22:15:aa]
RSSI: -80 [da:3d:17:26:0c:0e]
RSSI: -80 [da:3d:17:26:0c:0e]
RSSI: -80 [da:3d:17:34:0c:3e]
RSSI: -78 [da:3d:17:34:0c:3e]
RSSI: -85 [da:3f:b1:22:0e:4c]
RSSI: -77 [da:3d:17:41:0c:5e]
RSSI: -79 [da:3d:17:41:0c:5e]
RSSI: -78 [da:3d:17:4f:0c:7e]
RSSI: -76 [da:3d:17:4f:0c:7e]
RSSI: -79 [da:3d:17:5c:0c:ae]
RSSI: -78 [da:3d:17:5c:0c:ae]
RSSI: -91 [da:3a:0e:5f:00:2a]
RSSI: -78 [da:3d:17:69:0c:ce]
RSSI: -76 [da:3d:17:77:0c:fe]
RSSI: -78 [da:3d:17:85:0d:1e]
RSSI: -78 [da:3d:17:85:0d:1e]
RSSI: -83 [da:3f:b1:69:0f:2c]
RSSI: -78 [da:3d:17:92:0d:3e]
RSSI: -91 [da:3a:0e:9c:00:da]
RSSI: -75 [da:3d:17:a0:0d:6e]
RSSI: -77 [da:3d:17:a0:0d:6e]
RSSI: -81 [da:3f:b1:94:0f:ac]
RSSI: -79 [da:3d:17:ba:0d:ae]
RSSI: -79 [da:3d:17:ba:0d:ae]
RSSI: -83 [da:3f:b1:a4:0f:dc]
RSSI: -90 [da:3a:0e:b9:01:2a]
RSSI: -79 [da:3d:17:ba:0d:ae]
RSSI: -79 [da:3f:b1:a4:0f:dc]
RSSI: -77 [da:3d:17:c8:0d:de]
RSSI: -80 [da:3d:17:c8:0d:de]
RSSI: -84 [da:3f:b1:b3:10:1c]
RSSI: -80 [da:3d:17:d6:0d:fe]
RSSI: -82 [da:3f:b1:b3:10:1c]
RSSI: -78 [da:3d:17:d6:0d:fe]
RSSI: -81 [da:3f:b1:bf:10:3c]
RSSI: -80 [da:3d:17:e3:0e:2e]
RSSI: -81 [da:3d:17:e3:0e:2e]
RSSI: -81 [da:3f:b1:cf:10:6c]
RSSI: -80 [da:3f:b1:cf:10:6c]
RSSI: -82 [da:3d:17:f1:0e:4e]
RSSI: -82 [da:3d:17:ff:0e:7e]
RSSI: -75 [da:3f:b1:ea:10:cc]
RSSI: -73 [da:3f:b1:ea:10:cc]
RSSI: -85 [da:3d:18:0b:0e:9e]
RSSI: -89 [da:3a:0f:12:02:3a]
RSSI: -88 [da:3d:18:19:0e:be]
RSSI: -90 [da:3a:0f:22:02:5a]
RSSI: -90 [da:3a:0f:2f:02:7a]
RSSI: -68 [da:3f:b2:25:11:7c]
RSSI: -67 [da:3f:b2:25:11:7c]
RSSI: -91 [da:3a:0f:3f:02:aa]
RSSI: -67 [da:3f:b2:34:11:ac]
RSSI: -67 [da:3f:b2:34:11:ac]
RSSI: -66 [da:3f:b2:41:11:dc]
RSSI: -92 [da:3a:0f:6c:03:2a]
RSSI: -65 [da:3f:b2:50:12:0c]
RSSI: -65 [da:3f:b2:50:12:0c]
RSSI: -65 [da:3f:b2:5f:12:3c]
RSSI: -64 [da:3f:b2:5f:12:3c]
RSSI: -86 [da:3d:18:85:0f:fe]
RSSI: -65 [da:3f:b2:6c:12:5c]
RSSI: -65 [da:3f:b2:7b:12:8c]
RSSI: -65 [da:3f:b2:8a:12:bc]
RSSI: -65 [da:3f:b2:97:12:ec]
RSSI: -65 [da:3f:b2:97:12:ec]
RSSI: -65 [da:3f:b2:97:12:ec]
RSSI: -89 [da:3d:18:bc:10:8e]
RSSI: -67 [da:3f:b2:a6:13:1c]
RSSI: -68 [da:3f:b2:b6:13:4c]
RSSI: -70 [da:3f:b2:c2:13:6c]
RSSI: -73 [da:3f:b2:d2:13:9c]
RSSI: -90 [da:3a:0f:f2:04:ba]
RSSI: -98 [da:3d:18:f2:11:2e]
RSSI: -90 [da:3a:0f:f2:04:ba]
RSSI: -80 [da:3f:b2:e1:13:cc]
RSSI: -79 [da:3f:b2:e1:13:cc]
RSSI: -85 [da:3f:b2:ed:13:fc]
RSSI: -88 [da:3a:10:0f:05:0a]
RSSI: -78 [da:3f:b2:fd:14:2c]
RSSI: -92 [da:3a:10:1f:05:3a]
RSSI: -76 [da:3f:b3:0c:14:4c]
RSSI: -87 [da:3a:10:2f:05:6a]
RSSI: -74 [da:3f:b3:0c:14:4c]
RSSI: -86 [da:3a:10:2f:05:6a]
RSSI: -74 [da:3f:b3:19:14:7c]
RSSI: -84 [da:3a:10:3c:05:8a]
RSSI: -83 [da:3a:10:3c:05:8a]
RSSI: -74 [da:3f:b3:28:14:ac]
RSSI: -80 [da:3a:10:4c:05:ba]
RSSI: -73 [da:3f:b3:37:14:dc]
RSSI: -81 [da:3a:10:4c:05:ba]
RSSI: -82 [da:3a:10:5c:05:ea]
RSSI: -76 [da:3f:b3:44:14:fc]
RSSI: -76 [da:3f:b3:44:14:fc]
RSSI: -77 [da:3f:b3:44:14:fc]
RSSI: -82 [da:3a:10:68:06:0a]
RSSI: -80 [da:3f:b3:53:15:2c]
RSSI: -79 [da:3a:10:79:06:3a]
RSSI: -81 [da:3a:10:79:06:3a]
RSSI: -81 [da:3f:b3:62:15:5c]
RSSI: -77 [da:3a:10:89:06:6a]
RSSI: -78 [da:3a:10:89:06:6a]
RSSI: -79 [da:3f:b3:6f:15:8c]
RSSI: -77 [da:3a:10:95:06:8a]
RSSI: -77 [da:3f:b3:7e:15:bc]
RSSI: -80 [da:3a:10:a6:06:ba]
RSSI: -78 [da:3f:b3:8e:15:ec]
RSSI: -75 [da:3a:10:a6:06:ba]
RSSI: -79 [da:3f:b3:8e:15:ec]
RSSI: -77 [da:3a:10:b6:06:ea]
RSSI: -76 [da:3a:10:b6:06:ea]
RSSI: -81 [da:3a:10:b6:06:ea]
RSSI: -76 [da:3f:b3:9a:16:0c]
RSSI: -76 [da:3a:10:c2:07:0a]
RSSI: -76 [da:3f:b3:aa:16:3c]
RSSI: -77 [da:3a:10:c2:07:0a]
RSSI: -78 [da:3f:b3:aa:16:3c]
RSSI: -81 [da:3a:10:e3:07:6a]
RSSI: -75 [da:3a:10:e3:07:6a]
RSSI: -91 [da:3d:19:ee:13:ee]
RSSI: -77 [da:3f:b3:d5:00:5c]
RSSI: -81 [da:3a:10:ef:07:8a]
RSSI: -76 [da:3f:b3:d5:00:5c]
RSSI: -77 [da:3f:b3:e4:00:8c]
RSSI: -81 [da:3a:10:ff:07:ba]
RSSI: -79 [da:3f:b3:f1:00:ac]
RSSI: -76 [da:3a:11:0f:07:ea]
RSSI: -77 [da:3f:b3:f1:00:ac]
RSSI: -78 [da:3a:11:0f:07:ea]
RSSI: -77 [da:3a:11:1c:08:1a]
RSSI: -77 [da:3f:b4:0f:01:1c]
RSSI: -78 [da:3a:11:2c:08:4a]
RSSI: -78 [da:3f:b4:1c:01:3c]
RSSI: -88 [da:3d:1a:32:14:9e]
RSSI: -77 [da:3f:b4:1c:01:3c]
RSSI: -80 [da:3f:b4:2c:01:6c]
RSSI: -77 [da:3f:b4:2c:01:6c]
RSSI: -89 [da:3d:1a:4c:14:ee]
RSSI: -83 [da:3a:11:59:08:ca]
RSSI: -82 [da:3f:b4:3b:01:9c]
RSSI: -84 [da:3a:11:59:08:ca]
RSSI: -78 [da:3f:b4:47:01:bc]
RSSI: -81 [da:3f:b4:57:01:ec]
RSSI: -90 [da:3d:1a:75:15:5e]
RSSI: -79 [da:3f:b4:57:01:ec]
RSSI: -85 [da:3f:b4:66:02:1c]
RSSI: -81 [da:3f:b4:66:02:1c]
RSSI: -80 [da:3f:b4:82:02:7c]
RSSI: -83 [da:3f:b4:82:02:7c]
