RSSI: -98 [da:07:0e:d1:02:5b]
RSSI: -94 [da:07:0f:09:02:fb]
RSSI: -93 [da:07:0f:32:03:6b]
RSSI: -91 [da:0e:98:2e:0c:ec]
RSSI: -89 [da:0e:98:59:0d:7c]
RSSI: -89 [da:0e:98:65:0d:9c]
RSSI: -90 [da:0e:98:65:0d:9c]
RSSI: -85 [da:0e:98:74:0d:cc]
RSSI: -92 [da:0e:98:83:0d:fc]
RSSI: -91 [da:0e:98:83:0d:fc]
RSSI: -90 [da:0e:98:83:0d:fc]
RSSI: -83 [da:0e:98:9f:0e:5c]
RSSI: -87 [da:0e:98:ae:0e:8c]
RSSI: -86 [da:0e:98:ba:0e:ac]
RSSI: -87 [da:0e:98:ba:0e:ac]
RSSI: -82 [da:0e:98:d8:0f:0c]
RSSI: -82 [da:0e:98:d8:0f:0c]
RSSI: -87 [da:0e:98:e5:0f:3c]
RSSI: -89 [da:0e:98:f4:0f:6c]
RSSI: -89 [da:0e:98:f4:0f:6c]
RSSI: -88 [da:0e:98:f4:0f:6c]
RSSI: -89 [da:0e:98:f4:0f:6c]
RSSI: -84 [da:0e:99:03:0f:9c]
RSSI: -89 [da:0e:99:03:0f:9c]
RSSI: -87 [da:0e:99:0f:0f:bc]
RSSI: -87 [da:0e:99:0f:0f:bc]
RSSI: -93 [da:0e:99:3a:10:4c]
RSSI: -95 [da:0e:99:64:10:cc]
RSSI: -94 [da:0e:99:73:10:fc]
RSSI: -95 [da:0e:99:82:11:2c]
RSSI: -92 [da:0e:99:82:11:2c]
RSSI: -99 [da:0e:99:9e:11:8c]
RSSI: -95 [da:0e:99:ad:11:bc]
RSSI: -97 [da:0e:99:e4:12:6c]
RSSI: -96 [da:0e:99:f3:12:9c]
RSSI: -99 [da:0e:9a:0f:12:ec]
RSSI: -95 [da:0e:9a:2d:13:4c]
RSSI: -95 [da:0e:9a:3a:13:7c]
RSSI: -96 [da:0e:9a:58:13:dc]
RSSI: -94 [da:0e:9a:64:13:fc]
RSSI: -94 [da:0e:9a:73:14:2c]
RSSI: -94 [da:0e:9a:8f:14:8c]
RSSI: -95 [da:0e:9a:8f:14:8c]
RSSI: -95 [da:0e:9a:8f:14:8c]
RSSI: -95 [da:0e:9a:9e:14:ac]
RSSI: -97 [da:0e:9a:ad:14:dc]
RSSI: -97 [da:0e:9a:ad:14:dc]
RSSI: -99 [da:0e:9a:ba:15:0c]
RSSI: -96 [da:0e:9b:0f:16:1c]
RSSI: -93 [da:0e:9b:65:00:bc]
RSSI: -93 [da:0e:9b:65:00:bc]
RSSI: -91 [da:0e:9b:74:00:ec]
RSSI: -95 [da:0e:9b:d8:02:1c]
RSSI: -88 [da:0e:9c:a0:04:9c]
RSSI: -88 [da:0e:9c:af:04:cc]
RSSI: -94 [da:07:13:f1:11:4b]
RSSI: -88 [da:0e:9c:bb:04:ec]
RSSI: -88 [da:0e:9c:bb:04:ec]
RSSI: -87 [da:0e:9c:cb:05:1c]
RSSI: -91 [da:07:13:fe:11:7b]
RSSI: -92 [da:07:14:0c:11:9b]
RSSI: -93 [da:07:14:0c:11:9b]
RSSI: -87 [da:0e:9c:da:05:4c]
RSSI: -90 [da:07:14:1b:11:cb]
RSSI: -83 [da:0e:9c:e6:05:7c]
RSSI: -92 [da:07:14:28:11:eb]
RSSI: -91 [da:07:14:28:11:eb]
RSSI: -86 [da:0e:9c:f6:05:ac]
RSSI: -86 [da:0e:9c:f6:05:ac]
RSSI: -92 [da:07:14:36:12:1b]
RSSI: -92 [da:07:14:36:12:1b]
RSSI: -89 [da:0e:9d:05:05:dc]
RSSI: -90 [da:07:14:45:12:3b]
RSSI: -92 [da:0e:9d:11:05:fc]
RSSI: -93 [da:07:14:51:12:6b]
RSSI: -87 [da:0e:9d:21:06:2c]
RSSI: -82 [da:0e:9d:30:06:5c]
RSSI: -82 [da:0e:9d:30:06:5c]
RSSI: -86 [da:0e:9d:3c:06:8c]
RSSI: -81 [da:0e:9d:3c:06:8c]
RSSI: -92 [da:07:14:7b:12:db]
RSSI: -86 [da:0e:9d:4c:06:bc]
RSSI: -81 [da:0e:9d:4c:06:bc]
RSSI: -77 [da:0e:9d:5b:06:ec]
RSSI: -77 [da:0e:9d:5b:06:ec]
RSSI: -86 [da:0e:9d:5b:06:ec]
RSSI: -82 [da:0e:9d:67:07:1c]
RSSI: -82 [da:0e:9d:77:07:4c]
RSSI: -83 [da:0e:9d:77:07:4c]
RSSI: -89 [da:0e:9d:86:07:7c]
RSSI: -92 [da:07:14:c2:13:ab]
RSSI: -82 [da:0e:9d:92:07:9c]
RSSI: -87 [da:0e:9d:92:07:9c]
RSSI: -82 [da:0e:9d:a1:07:cc]
RSSI: -82 [da:0e:9d:a1:07:cc]
RSSI: -92 [da:07:14:dd:13:fb]
RSSI: -86 [da:0e:9d:b1:07:fc]
RSSI: -83 [da:0e:9d:b1:07:fc]
RSSI: -91 [da:07:14:eb:14:2b]
RSSI: -88 [da:0e:9d:bd:08:2c]
RSSI: -90 [da:07:14:f8:14:4b]
RSSI: -84 [da:0e:9d:cd:08:5c]
RSSI: -88 [da:0e:9d:cd:08:5c]
RSSI: -85 [da:0e:9d:dc:08:8c]
RSSI: -94 [da:07:15:15:14:9b]
RSSI: -88 [da:0e:9d:dc:08:8c]
RSSI: -94 [da:07:15:15:14:9b]
RSSI: -90 [da:0e:9d:e8:08:ac]
RSSI: -86 [da:0e:9d:e8:08:ac]
RSSI: -86 [da:0e:9d:f8:08:dc]
RSSI: -90 [da:0e:9e:23:09:6c]
RSSI: -92 [da:0e:9e:3e:09:cc]
RSSI: -90 [da:0e:9e:4e:09:fc]
RSSI: -90 [da:07:15:93:15:fb]
RSSI: -87 [da:0e:9e:5d:0a:2c]
RSSI: -92 [da:07:15:93:15:fb]
RSSI: -88 [da:0e:9e:5d:0a:2c]
RSSI: -91 [da:0e:9e:69:0a:4c]
RSSI: -90 [da:0e:9e:79:0a:7c]
RSSI: -90 [da:07:15:bc:16:7b]
RSSI: -91 [da:07:15:bc:16:7b]
RSSI: -95 [da:0e:9e:88:0a:ac]
RSSI: -89 [da:07:15:c9:00:2b]
RSSI: -92 [da:0e:9e:94:0a:dc]
RSSI: -88 [da:07:15:c9:00:2b]
RSSI: -90 [da:07:15:c9:00:2b]
RSSI: -94 [da:0e:9e:94:0a:dc]
RSSI: -92 [da:07:15:d8:00:4b]
RSSI: -93 [da:0e:9e:a4:0b:0c]
RSSI: -89 [da:07:15:d8:00:4b]
RSSI: -90 [da:07:15:e6:00:7b]
RSSI: -91 [da:07:15:e6:00:7b]
RSSI: -87 [da:0e:9e:b3:0b:3c]
RSSI: -90 [da:07:15:f3:00:9b]
RSSI: -90 [da:0e:9e:c0:0b:5c]
RSSI: -92 [da:07:15:f3:00:9b]
RSSI: -89 [da:0e:9e:de:0b:cc]
RSSI: -95 [da:07:16:1d:01:1b]
RSSI: -98 [da:0c:03:35:08:de]
RSSI: -85 [da:0e:9e:eb:0b:ec]
RSSI: -89 [da:07:16:2b:01:4b]
RSSI: -89 [da:07:16:2b:01:4b]
RSSI: -97 [da:08:fa:21:13:6a]
RSSI: -83 [da:0e:9e:fa:0c:1c]
RSSI: -92 [da:07:16:2b:01:4b]
RSSI: -84 [da:0e:9e:fa:0c:1c]
RSSI: -90 [da:07:16:3a:01:6b]
RSSI: -85 [da:0e:9f:09:0c:4c]
RSSI: -87 [da:07:16:3a:01:6b]
RSSI: -84 [da:0e:9f:09:0c:4c]
RSSI: -83 [da:0e:9f:16:0c:7c]
RSSI: -87 [da:07:16:55:01:cb]
RSSI: -83 [da:0e:9f:25:0c:ac]
RSSI: -82 [da:0e:9f:25:0c:ac]
RSSI: -84 [da:07:16:64:01:eb]
RSSI: -87 [da:0e:9f:34:0c:dc]
RSSI: -84 [da:07:16:70:02:0b]
RSSI: -82 [da:07:16:70:02:0b]
RSSI: -90 [da:0e:9f:41:0d:0c]
RSSI: -83 [da:07:16:7f:02:3b]
RSSI: -82 [da:07:16:7f:02:3b]
RSSI: -82 [da:07:16:8e:02:6b]
RSSI: -88 [da:0e:9f:50:0d:3c]
RSSI: -81 [da:07:16:8e:02:6b]
RSSI: -81 [da:07:16:8e:02:6b]
RSSI: -81 [da:07:16:8e:02:6b]
RSSI: -85 [da:0e:9f:60:0d:6c]
RSSI: -81 [da:07:16:9a:02:8b]
RSSI: -89 [da:0e:9f:6c:0d:8c]
RSSI: -89 [da:0e:9f:6c:0d:8c]
RSSI: -79 [da:0e:9f:6c:0d:8c]
RSSI: -78 [da:07:16:a9:02:bb]
RSSI: -89 [da:0e:9f:7b:0d:bc]
RSSI: -79 [da:07:16:b8:02:db]
RSSI: -84 [da:0e:9f:7b:0d:bc]
RSSI: -87 [da:0e:9f:8b:0d:ec]
RSSI: -95 [da:0c:03:d7:0a:ae]
RSSI: -80 [da:07:16:c4:03:0b]
RSSI: -79 [da:07:16:c4:03:0b]
RSSI: -85 [da:0c:03:e4:0a:ce]
RSSI: -70 [da:0e:9f:97:0e:1c]
RSSI: -77 [da:07:16:d3:03:2b]
RSSI: -79 [da:07:16:d3:03:2b]
RSSI: -78 [da:07:16:d3:03:2b]
RSSI: -73 [da:0e:9f:a7:0e:4c]
RSSI: -79 [da:07:16:e2:03:5b]
RSSI: -69 [da:0e:9f:a7:0e:4c]
RSSI: -78 [da:07:16:e2:03:5b]
RSSI: -75 [da:0e:9f:b6:0e:7c]
RSSI: -75 [da:0e:9f:b6:0e:7c]
RSSI: -70 [da:0e:9f:b6:0e:7c]
RSSI: -75 [da:07:16:fd:03:ab]
RSSI: -75 [da:07:16:fd:03:ab]
RSSI: -70 [da:0e:9f:d2:0e:dc]
RSSI: -84 [da:0c:04:1a:0b:6e]
RSSI: -74 [da:07:17:0c:03:db]
RSSI: -73 [da:0e:9f:d2:0e:dc]
RSSI: -86 [da:0c:04:28:0b:9e]
RSSI: -73 [da:07:17:18:03:fb]
RSSI: -69 [da:0e:9f:e1:0f:0c]
RSSI: -72 [da:07:17:18:03:fb]
RSSI: -88 [da:0c:04:34:0b:be]
RSSI: -72 [da:0e:9f:ee:0f:2c]
RSSI: -73 [da:07:17:27:04:2b]
RSSI: -85 [da:0c:04:34:0b:be]
RSSI: -70 [da:0e:9f:ee:0f:2c]
RSSI: -73 [da:07:17:27:04:2b]
RSSI: -85 [da:0c:04:42:0b:de]
RSSI: -85 [da:0c:04:50:0c:0e]
RSSI: -75 [da:0e:a0:0c:0f:9c]
RSSI: -88 [da:0c:04:5d:0c:2e]
RSSI: -88 [da:0c:04:5d:0c:2e]
RSSI: -73 [da:07:17:51:04:9b]
RSSI: -70 [da:0e:a0:19:0f:bc]
RSSI: -85 [da:0c:04:5d:0c:2e]
RSSI: -75 [da:0e:a0:19:0f:bc]
RSSI: -86 [da:0c:04:6b:0c:5e]
RSSI: -73 [da:07:17:60:04:cb]
RSSI: -74 [da:0e:a0:28:0f:ec]
RSSI: -86 [da:0c:04:6b:0c:5e]
RSSI: -75 [da:07:17:60:04:cb]
RSSI: -71 [da:0e:a0:28:0f:ec]
RSSI: -75 [da:07:17:6c:04:eb]
RSSI: -74 [da:0e:a0:38:10:1c]
RSSI: -85 [da:0c:04:86:0c:9e]
RSSI: -77 [da:07:17:7b:05:1b]
RSSI: -80 [da:0e:a0:44:10:4c]
RSSI: -89 [da:0c:04:94:0c:ce]
RSSI: -75 [da:07:17:8a:05:4b]
RSSI: -76 [da:0e:a0:54:10:7c]
RSSI: -78 [da:07:17:8a:05:4b]
RSSI: -82 [da:0e:a0:63:10:ac]
RSSI: -76 [da:07:17:96:05:6b]
RSSI: -83 [da:0e:a0:63:10:ac]
RSSI: -82 [da:0e:a0:63:10:ac]
RSSI: -78 [da:07:17:96:05:6b]
RSSI: -86 [da:0c:04:ae:0d:1e]
RSSI: -82 [da:0e:a0:63:10:ac]
RSSI: -80 [da:07:17:a5:05:9b]
RSSI: -77 [da:07:17:a5:05:9b]
RSSI: -80 [da:07:17:b4:05:bb]
RSSI: -89 [da:0c:04:bc:0d:3e]
RSSI: -84 [da:07:17:b4:05:bb]
RSSI: -80 [da:07:17:c0:05:eb]
RSSI: -91 [da:0c:04:d7:0d:8e]
RSSI: -83 [da:07:17:c0:05:eb]
RSSI: -85 [da:0e:a0:8e:11:2c]
RSSI: -82 [da:0e:a0:9b:11:5c]
RSSI: -81 [da:07:17:cf:06:0b]
RSSI: -81 [da:0e:a0:9b:11:5c]
RSSI: -82 [da:0e:a0:aa:11:8c]
RSSI: -82 [da:0e:a0:aa:11:8c]
RSSI: -84 [da:07:17:ea:06:5b]
RSSI: -82 [da:07:17:f9:06:8b]
RSSI: -83 [da:07:18:08:06:bb]
RSSI: -81 [da:07:18:08:06:bb]
RSSI: -84 [da:07:18:14:06:db]
RSSI: -83 [da:07:18:23:07:0b]
RSSI: -95 [da:0c:05:36:0e:9e]
RSSI: -86 [da:07:18:32:07:2b]
RSSI: -96 [da:0c:05:44:0e:be]
RSSI: -92 [da:0e:a1:01:12:9c]
RSSI: -88 [da:07:18:3e:07:5b]
RSSI: -90 [da:0e:a1:10:12:cc]
RSSI: -90 [da:07:18:4d:07:7b]
RSSI: -88 [da:07:18:5c:07:ab]
RSSI: -89 [da:07:18:5c:07:ab]
RSSI: -90 [da:07:18:77:07:fb]
RSSI: -93 [da:0e:a1:ae:14:bc]
RSSI: -91 [da:08:fc:ed:04:fa]
RSSI: -91 [da:08:fd:15:05:6a]
RSSI: -93 [da:0e:a2:21:16:2c]
RSSI: -91 [da:08:fd:73:06:7a]
RSSI: -9RSSI: -84 [da:07:7c:18:05:bb]
RSSI: -87 [da:07:7c:45:06:3b]
RSSI: -89 [da:07:7c:52:06:5b]
RSSI: -92 [da:07:7c:84:06:fb]
RSSI: -90 [da:0c:69:97:0a:fe]
RSSI: -88 [da:0c:69:97:0a:fe]
RSSI: -88 [da:0c:69:b3:0b:4e]
RSSI: -88 [da:0c:69:b3:0b:4e]
RSSI: -86 [da:0c:69:c3:0b:7e]
RSSI: -87 [da:0c:69:c3:0b:7e]
RSSI: -86 [da:0f:05:81:00:fc]
RSSI: -86 [da:0f:05:81:00:fc]
RSSI: -84 [da:0c:69:cf:0b:9e]
RSSI: -91 [da:0f:05:8e:01:2c]
RSSI: -87 [da:0c:69:df:0b:ce]
RSSI: -88 [da:0f:05:8e:01:2c]
RSSI: -86 [da:0c:69:df:0b:ce]
RSSI: -86 [da:0c:69:ee:0b:fe]
RSSI: -85 [da:0c:6a:0b:0c:4e]
RSSI: -85 [da:0c:6a:0b:0c:4e]
RSSI: -86 [da:0c:6a:0b:0c:4e]
RSSI: -87 [da:0c:6a:1a:0c:7e]
RSSI: -89 [da:0c:6a:27:0c:9e]
RSSI: -88 [da:0c:6a:36:0c:ce]
RSSI: -90 [da:0c:6a:53:0d:1e]
RSSI: -88 [da:0c:6a:53:0d:1e]
RSSI: -90 [da:0c:6a:62:0d:4e]
RSSI: -98 [da:09:61:72:16:6a]
RSSI: -88 [da:0f:06:47:03:6c]
RSSI: -87 [da:0f:06:54:03:9c]
RSSI: -87 [da:0f:06:61:03:cc]
RSSI: -87 [da:0f:06:61:03:cc]
RSSI: -87 [da:0f:06:7c:04:1c]
RSSI: -92 [da:0c:6a:e6:0e:be]
RSSI: -93 [da:0f:06:96:04:6c]
RSSI: -93 [da:0c:6b:21:0f:6e]
RSSI: -92 [da:07:7e:35:0b:eb]
RSSI: -92 [da:07:7e:4e:0c:3b]
RSSI: -90 [da:07:7e:5b:0c:5b]
RSSI: -88 [da:0f:07:35:06:6c]
RSSI: -88 [da:0f:07:35:06:6c]
RSSI: -88 [da:0f:07:35:06:6c]
RSSI: -87 [da:0f:07:35:06:6c]
RSSI: -89 [da:0f:07:43:06:8c]
RSSI: -91 [da:07:7e:81:0c:cb]
RSSI: -88 [da:0f:07:4f:06:bc]
RSSI: -93 [da:07:7e:8e:0c:eb]
RSSI: -91 [da:0f:07:5d:06:dc]
RSSI: -93 [da:07:7e:b4:0d:5b]
RSSI: -97 [da:07:7e:db:0d:cb]
RSSI: -91 [da:0f:07:ad:07:ec]
RSSI: -95 [da:07:7e:e8:0d:fb]
RSSI: -95 [da:0f:07:ba:08:0c]
RSSI: -93 [da:0f:07:ee:08:bc]
RSSI: -89 [da:0f:07:fc:08:ec]
RSSI: -92 [da:0f:08:0a:09:0c]
RSSI: -93 [da:09:63:4d:05:3a]
RSSI: -94 [da:07:7f:74:0f:9b]
RSSI: -88 [da:0f:08:3e:09:bc]
RSSI: -92 [da:0f:08:59:0a:0c]
RSSI: -93 [da:09:63:85:05:da]
RSSI: -89 [da:0f:08:74:0a:6c]
RSSI: -91 [da:09:63:b0:06:5a]
RSSI: -91 [da:0f:08:9c:0a:ec]
RSSI: -88 [da:09:63:cf:06:aa]
RSSI: -86 [da:09:63:dc:06:da]
RSSI: -85 [da:09:63:dc:06:da]
RSSI: -83 [da:09:63:eb:06:fa]
RSSI: -85 [da:09:63:fa:07:2a]
RSSI: -87 [da:0f:08:d1:0b:8c]
RSSI: -85 [da:09:64:07:07:4a]
RSSI: -84 [da:09:64:16:07:7a]
RSSI: -88 [da:07:80:27:11:ab]
RSSI: -84 [da:09:64:26:07:aa]
RSSI: -81 [da:09:64:26:07:aa]
RSSI: -81 [da:09:64:26:07:aa]
RSSI: -84 [da:09:64:32:07:ca]
RSSI: -84 [da:09:64:42:07:fa]
RSSI: -88 [da:07:80:4e:12:1b]
RSSI: -84 [da:09:64:42:07:fa]
RSSI: -82 [da:0f:09:21:0c:9c]
RSSI: -81 [da:09:64:51:08:1a]
RSSI: -84 [da:09:64:51:08:1a]
RSSI: -81 [da:09:64:5e:08:4a]
RSSI: -84 [da:09:64:6d:08:7a]
RSSI: -84 [da:09:64:6d:08:7a]
RSSI: -82 [da:09:64:6d:08:7a]
RSSI: -78 [da:0f:09:49:0d:1c]
RSSI: -84 [da:09:64:7c:08:9a]
RSSI: -84 [da:09:64:7c:08:9a]
RSSI: -79 [da:0f:09:56:0d:3c]
RSSI: -85 [da:09:64:89:08:ba]
RSSI: -86 [da:0f:09:63:0d:6c]
RSSI: -83 [da:09:64:98:08:ea]
RSSI: -85 [da:0f:09:71:0d:9c]
RSSI: -84 [da:0f:09:71:0d:9c]
RSSI: -84 [da:09:64:a8:09:1a]
RSSI: -87 [da:09:64:b4:09:3a]
RSSI: -75 [da:0f:09:99:0e:0c]
RSSI: -78 [da:0f:09:a5:0e:3c]
RSSI: -73 [da:0f:09:c1:0e:8c]
RSSI: -93 [da:09:64:ef:09:da]
RSSI: -76 [da:0f:09:c1:0e:8c]
RSSI: -91 [da:09:64:ef:09:da]
RSSI: -72 [da:0f:09:cd:0e:bc]
RSSI: -72 [da:0f:09:cd:0e:bc]
RSSI: -75 [da:0f:09:db:0e:ec]
RSSI: -72 [da:0f:09:db:0e:ec]
RSSI: -71 [da:0f:09:e9:0f:0c]
RSSI: -73 [da:0f:09:e9:0f:0c]
RSSI: -72 [da:0f:09:f6:0f:3c]
RSSI: -92 [da:09:65:2a:0a:8a]
RSSI: -71 [da:0f:09:f6:0f:3c]
RSSI: -73 [da:0f:0a:03:0f:6c]
RSSI: -73 [da:0f:0a:03:0f:6c]
RSSI: -71 [da:0f:0a:11:0f:8c]
RSSI: -72 [da:0f:0a:11:0f:8c]
RSSI: -91 [da:09:65:46:0a:da]
RSSI: -72 [da:0f:0a:1e:0f:bc]
RSSI: -78 [da:0f:0a:2b:0f:ec]
RSSI: -93 [da:09:65:62:0b:2a]
RSSI: -75 [da:0f:0a:39:10:0c]
RSSI: -75 [da:0f:0a:39:10:0c]
RSSI: -75 [da:0f:0a:46:10:3c]
RSSI: -79 [da:0f:0a:46:10:3c]
RSSI: -90 [da:0f:0a:53:10:6c]
RSSI: -92 [da:0f:0a:53:10:6c]
RSSI: -79 [da:0f:0a:53:10:6c]
RSSI: -84 [da:0f:0a:61:10:8c]
RSSI: -93 [da:0f:0a:7b:10:ec]
RSSI: -91 [da:0f:0a:89:11:0c]
RSSI: -85 [da:0f:0a:96:11:3c]
RSSI: -86 [da:0f:0a:a4:11:6c]
RSSI: -85 [da:0f:0a:b2:11:8c]
RSSI: -91 [da:07:81:f6:00:7b]
RSSI: -83 [da:0f:0a:be:11:bc]
RSSI: -92 [da:07:81:f6:00:7b]
RSSI: -86 [da:0f:0a:cc:11:ec]
RSSI: -85 [da:0f:0a:cc:11:ec]
RSSI: -93 [da:07:82:1d:00:eb]
RSSI: -89 [da:07:82:29:01:0b]
RSSI: -89 [da:0f:0a:f4:12:6c]
RSSI: -87 [da:0f:0a:f4:12:6c]
RSSI: -89 [da:0f:0b:02:12:8c]
RSSI: -90 [da:07:82:44:01:5b]
RSSI: -93 [da:09:66:3c:0d:8a]
RSSI: -87 [da:07:82:5d:01:9b]
RSSI: -86 [da:0f:0b:1c:12:ec]
RSSI: -86 [da:07:82:5d:01:9b]
RSSI: -87 [da:0f:0b:2a:13:1c]
RSSI: -86 [da:07:82:6a:01:cb]
RSSI: -87 [da:0f:0b:2a:13:1c]
RSSI: -85 [da:07:82:6a:01:cb]
RSSI: -87 [da:0f:0b:37:13:3c]
RSSI: -84 [da:07:82:77:01:eb]
RSSI: -83 [da:07:82:77:01:eb]
RSSI: -87 [da:0f:0b:44:13:6c]
RSSI: -85 [da:0f:0b:44:13:6c]
RSSI: -83 [da:07:82:84:02:0b]
RSSI: -86 [da:0f:0b:44:13:6c]
RSSI: -83 [da:07:82:84:02:0b]
RSSI: -87 [da:0f:0b:52:13:9c]
RSSI: -80 [da:07:82:91:02:3b]
RSSI: -81 [da:07:82:91:02:3b]
RSSI: -82 [da:07:82:9e:02:5b]
RSSI: -80 [da:07:82:9e:02:5b]
RSSI: -80 [da:07:82:ab:02:7b]
RSSI: -83 [da:0f:0b:6d:13:ec]
RSSI: -81 [da:07:82:ab:02:7b]
RSSI: -86 [da:0f:0b:7a:14:0c]
RSSI: -78 [da:07:82:b8:02:ab]
RSSI: -84 [da:0f:0b:7a:14:0c]
RSSI: -78 [da:07:82:b8:02:ab]
RSSI: -83 [da:0f:0b:87:14:3c]
RSSI: -77 [da:07:82:c4:02:cb]
RSSI: -85 [da:0f:0b:87:14:3c]
RSSI: -77 [da:07:82:c4:02:cb]
RSSI: -75 [da:07:82:de:03:1b]
RSSI: -76 [da:07:82:eb:03:3b]
RSSI: -80 [da:0f:0b:af:14:bc]
RSSI: -74 [da:07:82:eb:03:3b]
RSSI: -87 [da:0f:0b:af:14:bc]
RSSI: -74 [da:07:82:f8:03:6b]
RSSI: -83 [da:0f:0b:bd:14:dc]
RSSI: -77 [da:07:82:f8:03:6b]
RSSI: -80 [da:0f:0b:bd:14:dc]
RSSI: -73 [da:07:83:05:03:8b]
RSSI: -87 [da:0f:0b:cb:15:0c]
RSSI: -74 [da:07:83:05:03:8b]
RSSI: -85 [da:0f:0b:cb:15:0c]
RSSI: -75 [da:07:83:05:03:8b]
RSSI: -91 [da:0f:0b:d7:15:3c]
RSSI: -73 [da:07:83:12:03:ab]
RSSI: -75 [da:07:83:1f:03:db]
RSSI: -75 [da:07:83:1f:03:db]
RSSI: -74 [da:07:83:2c:03:fb]
RSSI: -75 [da:07:83:2c:03:fb]
RSSI: -74 [da:07:83:39:04:2b]
RSSI: -74 [da:07:83:39:04:2b]
RSSI: -87 [da:0f:0c:00:15:ac]
RSSI: -74 [da:07:83:39:04:2b]
RSSI: -86 [da:0f:0c:00:15:ac]
RSSI: -74 [da:07:83:46:04:4b]
RSSI: -83 [da:0f:0c:0d:15:dc]
RSSI: -74 [da:07:83:46:04:4b]
RSSI: -87 [da:0f:0c:0d:15:dc]
RSSI: -74 [da:07:83:53:04:6b]
RSSI: -74 [da:07:83:53:04:6b]
RSSI: -86 [da:0f:0c:1b:16:0c]
RSSI: -89 [da:0f:0c:28:16:2c]
RSSI: -75 [da:07:83:5f:04:9b]
RSSI: -88 [da:0f:0c:28:16:2c]
RSSI: -78 [da:07:83:6c:04:bb]
RSSI: -89 [da:0f:0c:36:16:5c]
RSSI: -75 [da:07:83:7a:04:db]
RSSI: -77 [da:07:83:7a:04:db]
RSSI: -89 [da:0f:0c:43:00:0c]
RSSI: -89 [da:0f:0c:43:00:0c]
RSSI: -76 [da:07:83:86:05:0b]
RSSI: -84 [da:0f:0c:6c:00:8c]
RSSI: -78 [da:07:83:ad:05:7b]
RSSI: -82 [da:07:83:ba:05:9b]
RSSI: -96 [da:0c:70:d1:09:4e]
RSSI: -81 [da:07:83:c7:05:bb]
RSSI: -89 [da:0f:0c:86:00:dc]
RSSI: -83 [da:07:83:c7:05:bb]
RSSI: -81 [da:0f:0c:94:00:fc]
RSSI: -94 [da:0c:70:de:09:6e]
RSSI: -81 [da:0f:0c:94:00:fc]
RSSI: -84 [da:07:83:d4:05:eb]
RSSI: -89 [da:0f:0c:a1:01:2c]
RSSI: -82 [da:0f:0c:a1:01:2c]
RSSI: -85 [da:07:83:ee:06:2b]
RSSI: -85 [da:07:83:ee:06:2b]
RSSI: -84 [da:0f:0c:bc:01:7c]
RSSI: -95 [da:0c:71:0a:09:ee]
RSSI: -85 [da:07:83:fb:06:5b]
RSSI: -90 [da:0f:0c:c9:01:ac]
RSSI: -88 [da:07:84:08:06:7b]
RSSI: -85 [da:0f:0c:c9:01:ac]
RSSI: -91 [da:0c:71:1a:0a:1e]
RSSI: -86 [da:07:84:15:06:ab]
RSSI: -88 [da:0c:71:2a:0a:4e]
RSSI: -87 [da:0c:71:37:0a:6e]
RSSI: -83 [da:0f:0c:f1:02:2c]
RSSI: -87 [da:0f:0c:ff:02:5c]
RSSI: -85 [da:0c:71:57:0a:ce]
RSSI: -84 [da:0c:71:63:0a:ee]
RSSI: -92 [da:0f:0d:28:02:dc]
RSSI: -82 [da:0c:71:73:0b:1e]
RSSI: -82 [da:0c:71:83:0b:4e]
RSSI: -82 [da:0c:71:83:0b:4e]
RSSI: -83 [da:0c:71:83:0b:4e]
RSSI: -84 [da:0c:71:90:0b:6e]
RSSI: -89 [da:0f:0d:50:03:5c]
RSSI: -83 [da:0c:71:a0:0b:9e]
RSSI: -89 [da:0f:0d:50:03:5c]
RSSI: -84 [da:0f:0d:5e:03:7c]
RSSI: -83 [da:0c:71:af:0b:ce]
RSSI: -84 [da:0c:71:bc:0b:ee]
RSSI: -83 [da:0c:71:cc:0c:1e]
RSSI: -83 [da:0c:71:cc:0c:1e]
RSSI: -83 [da:0f:0d:86:03:fc]
RSSI: -81 [da:0c:71:cc:0c:1e]
RSSI: -85 [da:0c:71:dc:0c:4e]
RSSI: -90 [da:0f:0d:93:04:2c]
RSSI: -84 [da:0c:71:dc:0c:4e]
RSSI: -87 [da:0f:0d:93:04:2c]
RSSI: -83 [da:0c:71:f9:0c:9e]
RSSI: -88 [da:0f:0d:af:04:7c]
RSSI: -84 [da:0c:71:f9:0c:9e]
RSSI: -86 [da:0c:72:08:0c:ce]
RSSI: -90 [da:0f:0d:bb:04:ac]
RSSI: -84 [da:0c:72:08:0c:ce]
RSSI: -91 [da:0f:0d:bb:04:ac]
RSSI: -86 [da:0c:72:15:0c:fe]
RSSI: -85 [da:0c:72:25:0d:2e]
RSSI: -87 [da:0f:0d:d7:05:0c]
RSSI: -85 [da:0c:72:25:0d:2e]
RSSI: -87 [da:0c:72:35:0d:5e]
RSSI: -88 [da:0f:0d:e4:05:2c]
RSSI: -86 [da:0c:72:35:0d:5e]
RSSI: -89 [da:07:85:32:09:eb]
RSSI: -88 [da:0c:72:42:0d:7e]
RSSI: -84 [da:0f:0e:00:05:8c]
RSSI: -89 [da:07:85:3f:0a:0b]
RSSI: -88 [da:07:85:3f:0a:0b]
RSSI: -91 [da:07:85:4d:0a:3b]
RSSI: -95 [da:0c:72:6e:0d:ee]
RSSI: -85 [da:0f:0e:28:06:0c]
RSSI: -93 [da:0c:72:6e:0d:ee]
RSSI: -82 [da:0f:0e:28:06:0c]
RSSI: -78 [da:0f:0e:35:06:2c]
RSSI: -91 [da:07:85:74:0a:ab]
RSSI: -81 [da:0f:0e:35:06:2c]
RSSI: -79 [da:0f:0e:43:06:5c]
RSSI: -76 [da:0f:0e:43:06:5c]
RSSI: -91 [da:07:85:80:0a:cb]
RSSI: -77 [da:0f:0e:51:06:8c]
RSSI: -80 [da:0f:0e:51:06:8c]
RSSI: -91 [da:0c:72:9b:0e:6e]
RSSI: -79 [da:0f:0e:51:06:8c]
RSSI: -78 [da:0f:0e:5d:06:ac]
RSSI: -78 [da:0f:0e:5d:06:ac]
RSSI: -90 [da:0c:72:ab:0e:9e]
RSSI: -78 [da:0f:0e:6b:06:dc]
RSSI: -91 [da:0c:72:c7:0e:ee]
RSSI: -81 [da:0f:0e:79:07:0c]
RSSI: -84 [da:0f:0e:86:07:2c]
RSSI: -91 [da:0c:72:d7:0f:1e]
RSSI: -78 [da:0f:0e:94:07:5c]
RSSI: -77 [da:0f:0e:94:07:5c]
RSSI: -79 [da:0f:0e:a2:07:8c]
RSSI: -76 [da:0f:0e:a2:07:8c]
RSSI: -79 [da:0f:0e:ae:07:ac]
RSSI: -77 [da:0f:0e:bc:07:dc]
RSSI: -77 [da:0f:0e:bc:07:dc]
RSSI: -80 [da:0f:0e:ca:08:0c]
RSSI: -78 [da:0f:0e:ca:08:0c]
RSSI: -82 [da:0f:0e:d7:08:3c]
RSSI: -81 [da:0f:0e:e5:08:5c]
RSSI: -81 [da:0f:0e:f3:08:8c]
RSSI: -81 [da:0f:0e:f3:08:8c]
RSSI: -80 [da:0f:0e:ff:08:bc]
RSSI: -81 [da:0f:0e:ff:08:bc]
RSSI: -83 [da:0f:0f:0d:08:dc]
RSSI: -83 [da:0f:0f:0d:08:dc]
RSSI: -82 [da:0f:0f:1b:09:0c]
RSSI: -87 [da:0f:0f:28:09:3c]
RSSI: -94 [da:07:86:5e:0d:5b]
RSSI: -89 [da:0f:0f:28:09:3c]
RSSI: -89 [da:0f:0f:36:09:5c]
RSSI: -90 [da:0f:0f:36:09:5c]
RSSI: -89 [da:0f:0f:44:09:8c]
RSSI: -86 [da:0f:0f:50:09:bc]
RSSI: -83 [da:0f:0f:50:09:bc]
RSSI: -89 [da:0f:0f:79:0a:3c]
RSSI: -89 [da:0f:0f:87:0a:6c]
RSSI: -86 [da:0f:0f:95:0a:9c]
RSSI: -98 [da:09:6a:c4:04:0a]
RSSI: -88 [da:0f:0f:a2:0a:bc]
RSSI: -87 [da:0f:0f:b0:0a:ec]
RSSI: -91 [da:0f:0f:be:0b:1c]
RSSI: -93 [da:0f:0f:be:0b:1c]
RSSI: -92 [da:09:6b:0c:04:da]
RSSI: -92 [da:09:6b:1c:05:0a]
RSSI: -90 [da:0f:0f:f3:0b:bc]
RSSI: -94 [da:0f:0f:f3:0b:bc]
RSSI: -93 [da:09:6b:2c:05:2a]
RSSI: -86 [da:0f:10:01:0b:ec]
RSSI: -91 [da:0f:10:0f:0c:1c]
RSSI: -86 [da:0f:10:1c:0c:4c]
RSSI: -94 [da:07:87:63:10:5b]
RSSI: -89 [da:0f:10:2a:0c:6c]
RSSI: -87 [da:0f:10:38:0c:9c]
RSSI: -85 [da:0f:10:44:0c:cc]
RSSI: -95 [da:09:6b:74:05:fa]
RSSI: -91 [da:09:6b:74:05:fa]
RSSI: -90 [da:09:6b:90:06:4a]
RSSI: -93 [da:07:87:a4:11:1b]
RSSI: -89 [da:09:6b:a0:06:7a]
RSSI: -87 [da:09:6b:a0:06:7a]
RSSI: -90 [da:07:87:b2:11:3b]
RSSI: -93 [da:0c:74:c3:14:9e]
RSSI: -87 [da:0f:10:7b:0d:7c]
RSSI: -88 [da:09:6b:b0:06:aa]
RSSI: -88 [da:07:87:bf:11:5b]
RSSI: -78 [da:0f:10:89:0d:ac]
RSSI: -87 [da:09:6b:b0:06:aa]
RSSI: -88 [da:07:87:bf:11:5b]
RSSI: -89 [da:07:87:cb:11:8b]
RSSI: -89 [da:07:87:cb:11:8b]
RSSI: -79 [da:0f:10:96:0d:cc]
RSSI: -88 [da:07:87:d9:11:ab]
RSSI: -84 [da:09:6b:cc:06:fa]
RSSI: -89 [da:07:87:e6:11:db]
RSSI: -81 [da:09:6b:dc:07:2a]
RSSI: -89 [da:07:87:f3:11:fb]
RSSI: -83 [da:09:6b:e9:07:4a]
RSSI: -84 [da:0f:10:b9:0e:3c]
RSSI: -83 [da:09:6b:e9:07:4a]
RSSI: -76 [da:0f:10:c6:0e:6c]
RSSI: -76 [da:0f:10:c6:0e:6c]
RSSI: -82 [da:09:6b:f8:07:7a]
RSSI: -91 [da:07:88:0d:12:4b]
RSSI: -74 [da:0f:10:d4:0e:9c]
RSSI: -74 [da:0f:10:d4:0e:9c]
RSSI: -77 [da:0f:10:d4:0e:9c]
RSSI: -82 [da:09:6c:08:07:9a]
RSSI: -92 [da:07:88:1a:12:6b]
RSSI: -78 [da:0f:10:e2:0e:bc]
RSSI: -73 [da:0f:10:e2:0e:bc]
RSSI: -81 [da:09:6c:15:07:ca]
RSSI: -77 [da:0f:10:ef:0e:ec]
RSSI: -80 [da:0f:10:ef:0e:ec]
RSSI: -80 [da:09:6c:25:07:ea]
RSSI: -75 [da:0f:10:fd:0f:1c]
RSSI: -76 [da:0f:10:fd:0f:1c]
RSSI: -83 [da:0f:11:0b:0f:4c]
RSSI: -80 [da:09:6c:34:08:1a]
RSSI: -78 [da:0f:11:0b:0f:4c]
RSSI: -81 [da:09:6c:41:08:3a]
RSSI: -79 [da:09:6c:41:08:3a]
RSSI: -82 [da:09:6c:51:08:6a]
RSSI: -80 [da:0f:11:25:0f:9c]
RSSI: -91 [da:07:88:69:13:5b]
RSSI: -82 [da:09:6c:60:08:9a]
RSSI: -80 [da:09:6c:60:08:9a]
RSSI: -88 [da:0f:11:34:0f:cc]
RSSI: -80 [da:09:6c:60:08:9a]
RSSI: -88 [da:0f:11:40:0f:ec]
RSSI: -82 [da:09:6c:6d:08:ba]
RSSI: -80 [da:0f:11:40:0f:ec]
RSSI: -80 [da:0f:11:4e:10:1c]
RSSI: -81 [da:09:6c:7d:08:ea]
RSSI: -79 [da:0f:11:5c:10:4c]
RSSI: -90 [da:07:88:90:13:cb]
RSSI: -84 [da:09:6c:8d:09:1a]
RSSI: -78 [da:0f:11:5c:10:4c]
RSSI: -85 [da:09:6c:8d:09:1a]
RSSI: -86 [da:07:88:9d:13:eb]
RSSI: -89 [da:0f:11:69:10:6c]
RSSI: -82 [da:0f:11:69:10:6c]
RSSI: -89 [da:07:88:ab:14:1b]
RSSI: -89 [da:09:6c:a9:09:6a]
RSSI: -86 [da:09:6c:a9:09:6a]
RSSI: -89 [da:07:88:b7:14:3b]
RSSI: -87 [da:0f:11:85:10:cc]
RSSI: -87 [da:09:6c:b9:09:8a]
RSSI: -86 [da:07:88:ca:14:6b]
RSSI: -84 [da:0f:11:92:10:ec]
RSSI: -88 [da:07:88:ca:14:6b]
RSSI: -89 [da:07:88:e7:14:bb]
RSSI: -90 [da:07:88:f4:14:eb]
RSSI: -90 [da:07:88:f4:14:eb]
RSSI: -85 [da:0f:11:bb:11:7c]
RSSI: -93 [da:07:89:0e:15:2b]
RSSI: -87 [da:0f:11:d7:11:cc]
RSSI: -93 [da:09:6d:01:0a:5a]
RSSI: -84 [da:0f:11:e4:11:fc]
RSSI: -89 [da:0f:11:f2:12:1c]
RSSI: -91 [da:07:89:36:15:ab]
RSSI: -91 [da:0f:12:0d:12:7c]
RSSI: -84 [da:0f:12:1b:12:ac]
RSSI: -89 [da:07:89:5d:16:1b]
RSSI: -90 [da:07:89:5d:16:1b]
RSSI: -92 [da:09:6d:5a:0b:5a]
RSSI: -90 [da:07:89:6b:16:3b]
RSSI: -84 [da:0f:12:29:12:cc]
RSSI: -91 [da:0c:76:8c:03:3e]
RSSI: -90 [da:07:89:85:00:0b]
RSSI: -89 [da:0f:12:52:13:4c]
RSSI: -90 [da:09:6d:86:0b:da]
RSSI: -85 [da:0f:12:6d:13:ac]
RSSI: -89 [da:0f:12:7b:13:cc]
RSSI: -88 [da:07:89:ba:00:9b]
RSSI: -88 [da:0f:12:87:13:fc]
RSSI: -88 [da:07:89:c7:00:bb]
RSSI: -88 [da:0f:12:87:13:fc]
RSSI: -87 [da:07:89:c7:00:bb]
RSSI: -89 [da:0f:12:87:13:fc]
RSSI: -87 [da:0f:12:96:14:2c]
RSSI: -88 [da:07:89:d4:00:eb]
RSSI: -88 [da:0f:12:96:14:2c]
RSSI: -89 [da:0f:12:a4:14:4c]
RSSI: -88 [da:0f:12:a4:14:4c]
RSSI: -89 [da:0f:12:b0:14:7c]
RSSI: -87 [da:07:89:ee:01:3b]
RSSI: -87 [da:0f:12:b0:14:7c]
RSSI: -86 [da:07:89:ee:01:3b]
RSSI: -93 [da:0c:77:08:04:ae]
RSSI: -90 [da:0f:12:bf:14:ac]
RSSI: -87 [da:07:89:fb:01:5b]
RSSI: -90 [da:0f:12:d9:14:fc]
RSSI: -87 [da:07:8a:23:01:cb]
RSSI: -87 [da:0f:12:f6:15:5c]
RSSI: -91 [da:0f:12:f6:15:5c]
RSSI: -89 [da:0f:13:11:15:ac]
RSSI: -92 [da:0c:77:61:05:ae]
RSSI: -87 [da:0f:13:11:15:ac]
RSSI: -96 [da:0c:77:6e:05:ce]
RSSI: -89 [da:07:8a:65:02:8b]
RSSI: -89 [da:07:8a:65:02:8b]
RSSI: -87 [da:07:8a:72:02:bb]
RSSI: -87 [da:07:8a:72:02:bb]
RSSI: -85 [da:07:8a:7f:02:db]
RSSI: -85 [da:07:8a:7f:02:db]
RSSI: -85 [da:07:8a:8d:02:fb]
RSSI: -87 [da:07:8a:99:03:2b]
RSSI: -85 [da:07:8a:99:03:2b]
RSSI: -90 [da:0f:13:63:00:2c]
RSSI: -89 [da:0f:13:63:00:2c]
RSSI: -83 [da:07:8a:b4:03:7b]
RSSI: -82 [da:07:8a:b4:03:7b]
RSSI: -81 [da:07:8a:c1:03:9b]
RSSI: -81 [da:07:8a:c1:03:9b]
RSSI: -91 [da:0f:13:8c:00:ac]
RSSI: -81 [da:07:8a:ce:03:bb]
RSSI: -90 [da:0c:77:f9:07:5e]
RSSI: -79 [da:07:8a:e8:04:0b]
RSSI: -87 [da:0f:13:b5:01:2c]
RSSI: -80 [da:07:8a:f6:04:3b]
RSSI: -80 [da:07:8a:f6:04:3b]
RSSI: -79 [da:07:8b:03:04:5b]
RSSI: -79 [da:07:8b:03:04:5b]
RSSI: -82 [da:07:8b:10:04:7b]
RSSI: -86 [da:0f:13:cf:01:8c]
RSSI: -82 [da:07:8b:10:04:7b]
RSSI: -77 [da:07:8b:1e:04:ab]
RSSI: -80 [da:07:8b:1e:04:ab]
RSSI: -77 [da:07:8b:2b:04:cb]
RSSI: -77 [da:07:8b:2b:04:cb]
RSSI: -95 [da:0c:78:46:08:3e]
RSSI: -78 [da:07:8b:38:04:fb]
RSSI: -79 [da:07:8b:38:04:fb]
RSSI: -79 [da:07:8b:45:05:1b]
RSSI: -78 [da:07:8b:45:05:1b]
RSSI: -80 [da:07:8b:53:05:4b]
RSSI: -84 [da:07:8b:53:05:4b]
RSSI: -80 [da:07:8b:5f:05:6b]
RSSI: -90 [da:0f:14:22:02:8c]
RSSI: -83 [da:07:8b:5f:05:6b]
RSSI: -96 [da:0c:78:85:08:fe]
RSSI: -87 [da:0f:14:4b:03:0c]
RSSI: -95 [da:0f:14:59:03:3c]
RSSI: -95 [da:0f:14:67:03:6c]
RSSI: -86 [da:0f:14:74:03:8c]
RSSI: -91 [da:0f:14:74:03:8c]
RSSI: -88 [da:0f:14:82:03:bc]
RSSI: -89 [da:07:8b:d6:06:cb]
RSSI: -91 [da:07:8b:e4:06:fb]
RSSI: -86 [da:0f:14:ab:04:3c]
RSSI: -91 [da:0c:78:f8:0a:3e]
RSSI: -86 [da:0c:79:05:0a:6e]
RSSI: -87 [da:0c:79:05:0a:6e]
RSSI: -87 [da:0c:79:11:0a:8e]
RSSI: -89 [da:0c:79:1e:0a:ae]
RSSI: -84 [da:0c:79:1e:0a:ae]
RSSI: -90 [da:0c:79:2b:0a:de]
RSSI: -88 [da:0f:14:e3:04:ec]
RSSI: -90 [da:0c:79:2b:0a:de]
RSSI: -84 [da:0c:79:38:0a:fe]
RSSI: -88 [da:0f:14:ef:05:0c]
RSSI: -84 [da:0c:79:44:0b:1e]
RSSI: -83 [da:0c:79:51:0b:4e]
RSSI: -83 [da:0c:79:51:0b:4e]
RSSI: -86 [da:0f:15:0c:05:6c]
RSSI: -82 [da:0c:79:5e:0b:6e]
RSSI: -92 [da:07:8c:4e:08:2b]
RSSI: -86 [da:0c:79:6b:0b:8e]
RSSI: -81 [da:0c:79:6b:0b:8e]
RSSI: -84 [da:0c:79:77:0b:be]
RSSI: -89 [da:0f:15:27:05:bc]
RSSI: -87 [da:0c:79:77:0b:be]
RSSI: -84 [da:0f:15:35:05:ec]
RSSI: -83 [da:0c:79:84:0b:de]
RSSI: -83 [da:0c:79:91:0b:fe]
RSSI: -85 [da:0f:15:42:06:1c]
RSSI: -81 [da:0c:79:91:0b:fe]
RSSI: -83 [da:0c:79:9e:0c:1e]
RSSI: -84 [da:0c:79:9e:0c:1e]
RSSI: -82 [da:0c:79:ab:0c:4e]
RSSI: -84 [da:0f:15:5e:06:6c]
RSSI: -91 [da:07:8c:9d:09:0b]
RSSI: -83 [da:0c:79:ab:0c:4e]
RSSI: -91 [da:07:8c:9d:09:0b]
RSSI: -87 [da:0c:79:b7:0c:6e]
RSSI: -82 [da:0c:79:b7:0c:6e]
RSSI: -90 [da:07:8c:b8:09:5b]
RSSI: -87 [da:0c:79:c4:0c:8e]
RSSI: -84 [da:0f:15:79:06:cc]
RSSI: -85 [da:0c:79:d1:0c:ae]
RSSI: -89 [da:07:8c:c5:09:8b]
RSSI: -90 [da:07:8c:c5:09:8b]
RSSI: -88 [da:0c:79:de:0c:de]
RSSI: -85 [da:0f:15:94:07:1c]
RSSI: -88 [da:0c:79:ea:0c:fe]
RSSI: -86 [da:0f:15:b1:07:7c]
RSSI: -90 [da:07:8c:ed:09:fb]
RSSI: -87 [da:0c:79:f7:0d:1e]
RSSI: -84 [da:0f:15:b1:07:7c]
RSSI: -89 [da:07:8c:ed:09:fb]
RSSI: -89 [da:07:8c:fa:0a:2b]
RSSI: -91 [da:0c:7a:11:0d:6e]
RSSI: -88 [da:07:8d:08:0a:4b]
RSSI: -89 [da:0f:15:cc:07:cc]
RSSI: -94 [da:09:70:ff:15:9a]
RSSI: -96 [da:09:70:ff:15:9a]
RSSI: -80 [da:0f:15:da:07:fc]
RSSI: -89 [da:07:8d:22:0a:9b]
RSSI: -84 [da:0f:15:e6:08:2c]
RSSI: -81 [da:0f:15:e6:08:2c]
RSSI: -83 [da:0f:15:f5:08:5c]
RSSI: -84 [da:0f:16:03:08:8c]
RSSI: -90 [da:07:8d:3c:0a:eb]
RSSI: -91 [da:0c:7a:5d:0e:4e]
RSSI: -84 [da:0f:16:10:08:ac]
RSSI: -89 [da:07:8d:58:0b:3b]
RSSI: -84 [da:0f:16:1e:08:dc]
RSSI: -89 [da:07:8d:64:0b:5b]
RSSI: -90 [da:07:8d:72:0b:7b]
RSSI: -89 [da:07:8d:72:0b:7b]
RSSI: -88 [da:0f:16:47:09:5c]
RSSI: -89 [da:07:8d:7f:0b:ab]
RSSI: -89 [da:0f:16:47:09:5c]
RSSI: -88 [da:07:8d:8c:0b:cb]
RSSI: -89 [da:07:8d:9a:0b:fb]
RSSI: -95 [da:09:71:95:01:2a]
RSSI: -93 [da:0c:7a:c4:0f:6e]
RSSI: -87 [da:07:8d:cf:0c:8b]
RSSI: -88 [da:0c:7a:eb:0f:de]
RSSI: -95 [da:0f:16:a8:0a:9c]
RSSI: -90 [da:07:8d:ea:0c:db]
RSSI: -85 [da:0f:16:b5:0a:bc]
RSSI: -88 [da:07:8d:f7:0d:0b]
RSSI: -86 [da:0f:16:c3:0a:ec]
RSSI: -89 [da:07:8e:04:0d:2b]
RSSI: -86 [da:0f:16:d2:0b:1c]
RSSI: -95 [da:07:8e:12:0d:4b]
RSSI: -94 [da:0f:16:ed:0b:7c]
RSSI: -87 [da:0c:7b:37:10:be]
RSSI: -90 [da:07:8e:2c:0d:9b]
RSSI: -92 [da:0c:7b:44:10:de]
RSSI: -90 [da:07:8e:2c:0d:9b]
RSSI: -82 [da:0f:16:fb:0b:9c]
RSSI: -83 [da:0f:17:08:0b:cc]
RSSI: -83 [da:0f:17:08:0b:cc]
RSSI: -90 [da:0c:7b:5e:11:2e]
RSSI: -87 [da:0f:17:16:0b:fc]
RSSI: -85 [da:0f:17:24:0c:2c]
RSSI: -87 [da:0f:17:24:0c:2c]
RSSI: -90 [da:0c:7b:78:11:6e]
RSSI: -87 [da:0f:17:31:0c:4c]
RSSI: -89 [da:0c:7b:84:11:9e]
RSSI: -83 [da:0f:17:40:0c:7c]
RSSI: -83 [da:0f:17:40:0c:7c]
RSSI: -86 [da:0f:17:4e:0c:ac]
RSSI: -85 [da:0f:17:4e:0c:ac]
RSSI: -92 [da:0c:7b:9e:11:de]
RSSI: -79 [da:0f:17:5b:0c:dc]
RSSI: -79 [da:0f:17:5b:0c:dc]
RSSI: -80 [da:0f:17:69:0d:0c]
RSSI: -85 [da:0f:17:77:0d:2c]
RSSI: -85 [da:0f:17:84:0d:5c]
RSSI: -84 [da:0f:17:a1:0d:bc]
RSSI: -92 [da:0f:17:ad:0d:dc]
RSSI: -84 [da:0f:17:ad:0d:dc]
RSSI: -87 [da:0f:17:bc:0e:0c]
RSSI: -82 [da:0f:17:bc:0e:0c]
RSSI: -79 [da:0f:17:ca:0e:3c]
RSSI: -79 [da:0f:17:ca:0e:3c]
RSSI: -76 [da:0f:17:d7:0e:5c]
RSSI: -73 [da:0f:17:e5:0e:8c]
RSSI: -77 [da:0f:17:f4:0e:bc]
RSSI: -77 [da:0f:18:00:0e:ec]
RSSI: -78 [da:0f:18:00:0e:ec]
RSSI: -72 [da:0f:18:0f:0f:1c]
RSSI: -78 [da:0f:18:0f:0f:1c]
RSSI: -79 [da:0f:18:1d:0f:3c]
RSSI: -73 [da:0f:18:1d:0f:3c]
RSSI: -77 [da:0f:18:2a:0f:6c]
RSSI: -79 [da:0f:18:2a:0f:6c]
RSSI: -90 [da:09:73:61:06:3a]
RSSI: -75 [da:0f:18:38:0f:9c]
RSSI: -80 [da:0f:18:38:0f:9c]
RSSI: -89 [da:09:73:71:06:6a]
RSSI: -79 [da:0f:18:47:0f:cc]
RSSI: -79 [da:0f:18:62:10:1c]
RSSI: -88 [da:09:73:8d:06:ba]
RSSI: -80 [da:0f:18:62:10:1c]
RSSI: -90 [da:09:73:8d:06:ba]
RSSI: -82 [da:0f:18:70:10:4c]
RSSI: -88 [da:09:73:9d:06:ea]
RSSI: -87 [da:0f:18:7d:10:6c]
RSSI: -83 [da:09:73:ae:07:0a]
RSSI: -92 [da:07:8f:ca:12:5b]
RSSI: -84 [da:09:73:ba:07:3a]
RSSI: -80 [da:0f:18:8b:10:9c]
RSSI: -92 [da:07:8f:ca:12:5b]
RSSI: -83 [da:09:73:ba:07:3a]
RSSI: -90 [da:07:8f:d8:12:8b]
RSSI: -86 [da:0f:18:9a:10:cc]
RSSI: -84 [da:09:73:ca:07:6a]
RSSI: -89 [da:07:8f:e4:12:ab]
RSSI: -83 [da:09:73:e7:07:ba]
RSSI: -92 [da:07:90:00:12:fb]
RSSI: -82 [da:09:73:e7:07:ba]
RSSI: -82 [da:09:73:f7:07:da]
RSSI: -81 [da:09:74:07:08:0a]
RSSI: -82 [da:09:74:07:08:0a]
RSSI: -83 [da:0f:18:de:11:ac]
RSSI: -81 [da:09:74:14:08:3a]
RSSI: -81 [da:09:74:14:08:3a]
RSSI: -91 [da:0f:18:ed:11:dc]
RSSI: -88 [da:0f:18:f9:12:0c]
RSSI: -81 [da:09:74:24:08:5a]
RSSI: -79 [da:09:74:34:08:8a]
RSSI: -83 [da:09:74:41:08:aa]
RSSI: -81 [da:09:74:41:08:aa]
RSSI: -82 [da:09:74:51:08:da]
RSSI: -97 [da:07:90:5d:14:0b]
RSSI: -92 [da:0f:19:23:12:8c]
RSSI: -88 [da:07:90:6b:14:2b]
RSSI: -82 [da:09:74:61:09:0a]
RSSI: -90 [da:0f:19:31:12:bc]
RSSI: -85 [da:09:74:6e:09:2a]
RSSI: -85 [da:09:74:6e:09:2a]
RSSI: -86 [da:09:74:7e:09:5a]
RSSI: -90 [da:09:74:9b:09:aa]
RSSI: -88 [da:09:74:9b:09:aa]
RSSI: -89 [da:0f:19:76:13:8c]
RSSI: -88 [da:0f:19:a0:14:0c]
RSSI: -88 [da:0f:19:ae:14:3c]
RSSI: -88 [da:0f:19:bd:14:6c]
RSSI: -90 [da:09:74:e8:0a:8a]
RSSI: -89 [da:0f:19:bd:14:6c]
RSSI: -89 [da:0f:19:c9:14:9c]
RSSI: -85 [da:0f:1a:02:15:4c]
RSSI: -89 [da:0f:1a:10:15:7c]
RSSI: -88 [da:0f:1a:10:15:7c]
RSSI: -89 [da:0f:1a:1d:15:9c]
RSSI: -94 [da:0f:1a:2b:15:cc]
RSSI: -90 [da:0f:1a:2b:15:cc]
RSSI: -92 [da:09:75:67:0b:fa]
RSSI: -91 [da:0f:1a:46:16:1c]
RSSI: -94 [da:09:75:78:0c:2a]
RSSI: -91 [da:0f:1a:46:16:1c]
RSSI: -93 [da:09:75:78:0c:2a]
RSSI: -96 [da:09:75:84:0c:4a]
RSSI: -90 [da:0f:1a:55:16:4c]
RSSI: -96 [da:09:75:94:0c:7a]
RSSI: -93 [da:0f:1a:8d:00:8c]
RSSI: -92 [da:07:91:c7:01:bb]
RSSI: -97 [da:0f:1a:8d:00:8c]
RSSI: -89 [da:0f:1a:9a:00:ac]
RSSI: -88 [da:07:91:d5:01:db]
RSSI: -94 [da:0f:1a:9a:00:ac]
RSSI: -87 [da:07:91:e3:02:0b]
RSSI: -90 [da:0f:1a:a8:00:dc]
RSSI: -85 [da:07:91:ef:02:2b]
RSSI: -82 [da:07:91:ef:02:2b]
RSSI: -80 [da:07:91:fd:02:5b]
RSSI: -81 [da:07:91:fd:02:5b]
RSSI: -80 [da:07:92:0b:02:7b]
RSSI: -80 [da:07:92:0b:02:7b]
RSSI: -87 [da:0f:1a:d2:01:5c]
RSSI: -78 [da:07:92:18:02:9b]
RSSI: -76 [da:07:92:18:02:9b]
RSSI: -87 [da:0f:1a:e1:01:8c]
RSSI: -76 [da:07:92:18:02:9b]
RSSI: -76 [da:07:92:26:02:cb]
RSSI: -76 [da:07:92:26:02:cb]
RSSI: -75 [da:07:92:33:02:eb]
RSSI: -73 [da:07:92:33:02:eb]
RSSI: -75 [da:07:92:40:03:1b]
RSSI: -74 [da:07:92:40:03:1b]
RSSI: -74 [da:07:92:4e:03:3b]
RSSI: -71 [da:07:92:5c:03:6b]
RSSI: -72 [da:07:92:68:03:8b]
RSSI: -72 [da:07:92:76:03:bb]
RSSI: -70 [da:07:92:76:03:bb]
RSSI: -70 [da:07:92:84:03:db]
RSSI: -72 [da:07:92:84:03:db]
RSSI: -71 [da:07:92:91:03:fb]
RSSI: -69 [da:07:92:91:03:fb]
RSSI: -72 [da:07:92:9f:04:2b]
RSSI: -72 [da:07:92:9f:04:2b]
RSSI: -69 [da:07:92:ad:04:5b]
RSSI: -73 [da:07:92:ad:04:5b]
RSSI: -73 [da:07:92:b9:04:7b]
RSSI: -70 [da:07:92:b9:04:7b]
RSSI: -70 [da:07:92:b9:04:7b]
RSSI: -73 [da:07:92:c7:04:9b]
RSSI: -94 [da:0f:1b:88:03:9c]
RSSI: -91 [da:0c:7f:db:07:ae]
RSSI: -73 [da:07:92:c7:04:9b]
RSSI: -74 [da:07:92:d5:04:cb]
RSSI: -95 [da:0c:7f:f5:07:fe]
RSSI: -73 [da:07:92:e2:04:eb]
RSSI: -73 [da:07:92:f0:05:1b]
RSSI: -78 [da:07:92:fe:05:3b]
RSSI: -92 [da:0c:80:0f:08:4e]
RSSI: -76 [da:07:92:fe:05:3b]
RSSI: -75 [da:07:93:0a:05:6b]
RSSI: -79 [da:07:93:0a:05:6b]
RSSI: -80 [da:07:93:18:05:8b]
RSSI: -78 [da:07:93:18:05:8b]
RSSI: -80 [da:07:93:26:05:bb]
RSSI: -83 [da:07:93:26:05:bb]
RSSI: -84 [da:07:93:26:05:bb]
RSSI: -84 [da:07:93:33:05:db]
RSSI: -93 [da:0c:80:50:08:fe]
RSSI: -88 [da:07:93:4e:06:2b]
RSSI: -85 [da:07:93:4e:06:2b]
RSSI: -92 [da:0c:80:6a:09:4e]
RSSI: -81 [da:07:93:69:06:7b]
RSSI: -86 [da:0f:1c:2f:05:ac]
RSSI: -92 [da:0c:80:77:09:6e]
RSSI: -80 [da:07:93:69:06:7b]
RSSI: -86 [da:07:93:69:06:7b]
RSSI: -83 [da:07:93:77:06:ab]
RSSI: -84 [da:07:93:84:06:cb]
RSSI: -85 [da:07:93:84:06:cb]
RSSI: -82 [da:07:93:92:06:eb]
RSSI: -86 [da:07:93:9f:07:1b]
RSSI: -90 [da:0c:80:ab:0a:0e]
RSSI: -86 [da:07:93:9f:07:1b]
RSSI: -85 [da:0c:80:b8:0a:2e]
RSSI: -87 [da:07:93:ac:07:3b]
RSSI: -91 [da:0f:1c:74:06:8c]
RSSI: -89 [da:0c:80:d2:0a:7e]
RSSI: -86 [da:0c:80:d2:0a:7e]
RSSI: -83 [da:07:93:c8:07:8b]
RSSI: -83 [da:0c:80:df:0a:9e]
RSSI: -87 [da:07:93:d5:07:bb]
RSSI: -90 [da:07:93:e3:07:db]
RSSI: -82 [da:0c:80:fa:0a:ee]
RSSI: -86 [da:07:93:f1:08:0b]
RSSI: -86 [da:07:93:f1:08:0b]
RSSI: -80 [da:0c:81:06:0b:0e]
RSSI: -88 [da:0f:1c:ba:07:6c]
RSSI: -80 [da:0c:81:06:0b:0e]
RSSI: -82 [da:0f:1c:ba:07:6c]
RSSI: -84 [da:0c:81:14:0b:3e]
RSSI: -87 [da:0f:1c:c8:07:9c]
RSSI: -88 [da:0f:1c:c8:07:9c]
RSSI: -80 [da:0c:81:21:0b:5e]
RSSI: -82 [da:0f:1c:d7:07:cc]
RSSI: -79 [da:0c:81:2d:0b:8e]
RSSI: -89 [da:0f:1c:e3:07:ec]
RSSI: -84 [da:0f:1c:e3:07:ec]
RSSI: -81 [da:0c:81:2d:0b:8e]
RSSI: -85 [da:0f:1c:e3:07:ec]
RSSI: -82 [da:0c:81:3b:0b:ae]
RSSI: -81 [da:0c:81:3b:0b:ae]
RSSI: -85 [da:0f:1c:f2:08:1c]
RSSI: -84 [da:0c:81:48:0b:ce]
RSSI: -81 [da:0c:81:54:0b:ee]
RSSI: -82 [da:0c:81:54:0b:ee]
RSSI: -83 [da:0c:81:62:0c:1e]
RSSI: -80 [da:0c:81:62:0c:1e]
RSSI: -92 [da:07:94:5c:09:4b]
RSSI: -81 [da:0c:81:6f:0c:3e]
RSSI: -80 [da:0c:81:7c:0c:6e]
RSSI: -89 [da:07:94:6a:09:6b]
RSSI: -82 [da:0c:81:7c:0c:6e]
RSSI: -80 [da:0c:81:89:0c:8e]
RSSI: -79 [da:0c:81:89:0c:8e]
RSSI: -83 [da:0c:81:96:0c:ae]
RSSI: -82 [da:0c:81:96:0c:ae]
RSSI: -80 [da:0c:81:a3:0c:de]
RSSI: -80 [da:0c:81:a3:0c:de]
RSSI: -82 [da:0c:81:a3:0c:de]
RSSI: -87 [da:0f:1d:55:09:5c]
RSSI: -83 [da:0c:81:a3:0c:de]
RSSI: -82 [da:0c:81:b0:0c:fe]
RSSI: -81 [da:0c:81:b0:0c:fe]
RSSI: -82 [da:0c:81:bd:0d:1e]
RSSI: -81 [da:0c:81:ca:0d:4e]
RSSI: -93 [da:0f:1d:7f:09:dc]
RSSI: -93 [da:07:94:bc:0a:5b]
RSSI: -83 [da:0c:81:ca:0d:4e]
RSSI: -82 [da:0c:81:d7:0d:6e]
RSSI: -84 [da:0c:81:e4:0d:9e]
RSSI: -87 [da:0f:1d:9a:0a:3c]
RSSI: -84 [da:0c:81:f1:0d:be]
RSSI: -86 [da:0c:81:f1:0d:be]
RSSI: -85 [da:0c:81:fe:0d:de]
RSSI: -92 [da:0c:82:0c:0e:0e]
RSSI: -91 [da:0c:82:18:0e:2e]
RSSI: -88 [da:0c:82:33:0e:7e]
RSSI: -87 [da:0f:1d:ee:0b:4c]
RSSI: -95 [da:07:95:36:0b:cb]
RSSI: -89 [da:0f:1d:fd:0b:7c]
RSSI: -88 [da:0c:82:4d:0e:be]
RSSI: -89 [da:0c:82:4d:0e:be]
RSSI: -88 [da:0f:1e:09:0b:9c]
RSSI: -87 [da:0c:82:5a:0e:ee]
RSSI: -95 [da:07:95:50:0c:1b]
RSSI: -90 [da:07:95:5e:0c:3b]
RSSI: -88 [da:0f:1e:27:0b:fc]
RSSI: -82 [da:0f:1e:27:0b:fc]
RSSI: -89 [da:0c:82:81:0f:5e]
RSSI: -87 [da:07:95:6b:0c:5b]
RSSI: -89 [da:0c:82:81:0f:5e]
RSSI: -83 [da:0f:1e:42:0c:5c]
RSSI: -91 [da:09:79:71:00:fa]
RSSI: -84 [da:0f:1e:51:0c:8c]
RSSI: -91 [da:0c:82:9b:0f:9e]
RSSI: -88 [da:0f:1e:5e:0c:ac]
RSSI: -89 [da:0f:1e:72:0c:ec]
RSSI: -89 [da:07:95:b0:0d:2b]
RSSI: -84 [da:0f:1e:72:0c:ec]
RSSI: -88 [da:0f:1e:82:0d:1c]
RSSI: -84 [da:0f:1e:8f:0d:4c]
RSSI: -85 [da:0f:1e:8f:0d:4c]
RSSI: -86 [da:0f:1e:9d:0d:7c]
RSSI: -95 [da:0c:82:ea:10:8e]
RSSI: -86 [da:0f:1e:9d:0d:7c]
RSSI: -94 [da:09:79:d7:02:2a]
RSSI: -84 [da:0f:1e:ac:0d:ac]
RSSI: -85 [da:0f:1e:b9:0d:cc]
RSSI: -89 [da:0c:83:11:10:fe]
RSSI: -94 [da:09:79:f1:02:6a]
RSSI: -86 [da:0f:1e:d6:0e:2c]
RSSI: -85 [da:0f:1e:d6:0e:2c]
RSSI: -87 [da:0f:1e:d6:0e:2c]
RSSI: -86 [da:0f:1e:d6:0e:2c]
RSSI: -87 [da:0f:1e:e3:0e:5c]
RSSI: -87 [da:0f:1e:f2:0e:8c]
RSSI: -85 [da:0f:1f:00:0e:bc]
RSSI: -86 [da:0f:1f:0d:0e:dc]
RSSI: -89 [da:0f:1f:0d:0e:dc]
RSSI: -84 [da:0f:1f:1c:0f:0c]
RSSI: -91 [da:0f:1f:2b:0f:3c]
RSSI: -81 [da:0f:1f:2b:0f:3c]
RSSI: -94 [da:0c:83:82:12:3e]
RSSI: -84 [da:0f:1f:37:0f:6c]
RSSI: -84 [da:0f:1f:46:0f:9c]
RSSI: -81 [da:0f:1f:46:0f:9c]
RSSI: -82 [da:0f:1f:55:0f:cc]
RSSI: -84 [da:0f:1f:55:0f:cc]
RSSI: -82 [da:0f:1f:61:0f:ec]
RSSI: -85 [da:0f:1f:61:0f:ec]
RSSI: -86 [da:0f:1f:70:10:1c]
RSSI: -85 [da:0f:1f:70:10:1c]
RSSI: -92 [da:0c:83:c4:12:ee]
RSSI: -92 [da:07:96:ac:10:0b]
RSSI: -86 [da:0f:1f:70:10:1c]
RSSI: -86 [da:0f:1f:8c:10:7c]
RSSI: -96 [da:09:7a:be:04:aa]
RSSI: -91 [da:07:96:d5:10:7b]
RSSI: -87 [da:0f:1f:9a:10:ac]
RSSI: -92 [da:07:96:f0:10:cb]
RSSI: -93 [da:0f:1f:b6:10:fc]
RSSI: -92 [da:0c:84:06:13:ae]
RSSI: -90 [da:0f:1f:d3:11:5c]
RSSI: -90 [da:0c:84:2d:14:0e]
RSSI: -88 [da:0f:1f:e0:11:7c]
RSSI: -87 [da:07:97:27:11:6b]
RSSI: -86 [da:0f:1f:ef:11:ac]
RSSI: -91 [da:07:97:33:11:8b]
RSSI: -87 [da:0f:20:0a:12:0c]
RSSI: -90 [da:09:7b:3f:06:1a]
RSSI: -93 [da:0c:84:62:14:ae]
RSSI: -85 [da:0f:20:19:12:2c]
RSSI: -89 [da:09:7b:4c:06:4a]
RSSI: -90 [da:0f:20:19:12:2c]
RSSI: -93 [da:0c:84:6f:14:ce]
RSSI: -87 [da:09:7b:66:06:8a]
RSSI: -83 [da:09:7b:66:06:8a]
RSSI: -83 [da:09:7b:73:06:aa]
RSSI: -83 [da:09:7b:73:06:aa]
RSSI: -90 [da:07:97:85:12:8b]
RSSI: -88 [da:07:97:85:12:8b]
RSSI: -85 [da:09:7b:80:06:da]
RSSI: -82 [da:09:7b:8d:06:fa]
RSSI: -82 [da:09:7b:8d:06:fa]
RSSI: -81 [da:09:7b:8d:06:fa]
RSSI: -90 [da:0f:20:5f:13:0c]
RSSI: -83 [da:09:7b:9a:07:1a]
RSSI: -88 [da:0f:20:6e:13:3c]
RSSI: -88 [da:0f:20:6e:13:3c]
RSSI: -91 [da:0f:20:7d:13:6c]
RSSI: -82 [da:09:7b:a6:07:4a]
RSSI: -91 [da:0f:20:7d:13:6c]
RSSI: -87 [da:0f:20:7d:13:6c]
RSSI: -79 [da:09:7b:b3:07:6a]
RSSI: -79 [da:09:7b:b3:07:6a]
RSSI: -81 [da:09:7b:c0:07:8a]
RSSI: -81 [da:09:7b:c0:07:8a]
RSSI: -81 [da:09:7b:cd:07:aa]
RSSI: -78 [da:09:7b:da:07:da]
RSSI: -95 [da:07:97:e5:13:9b]
RSSI: -82 [da:09:7b:e7:07:fa]
RSSI: -92 [da:07:97:f4:13:cb]
RSSI: -81 [da:09:7b:e7:07:fa]
RSSI: -80 [da:09:7b:f4:08:1a]
RSSI: -78 [da:09:7c:01:08:3a]
RSSI: -81 [da:09:7c:0e:08:6a]
RSSI: -80 [da:09:7c:0e:08:6a]
RSSI: -88 [da:07:98:29:14:6b]
RSSI: -81 [da:09:7c:1a:08:8a]
RSSI: -78 [da:09:7c:27:08:aa]
RSSI: -88 [da:0f:20:fc:14:fc]
RSSI: -86 [da:07:98:37:14:8b]
RSSI: -83 [da:09:7c:34:08:da]
RSSI: -83 [da:09:7c:34:08:da]
RSSI: -83 [da:09:7c:41:08:fa]
RSSI: -82 [da:09:7c:4e:09:1a]
RSSI: -83 [da:09:7c:5b:09:3a]
RSSI: -92 [da:09:7c:82:09:aa]
RSSI: -92 [da:09:7c:8f:09:ca]
RSSI: -92 [da:0f:21:7b:00:0c]
RSSI: -95 [da:07:98:dc:16:6b]
RSSI: -91 [da:07:98:f6:00:2b]
RSSI: -90 [da:07:99:05:00:4b]
RSSI: -90 [da:07:99:13:00:7b]
RSSI: -90 [da:07:99:13:00:7b]
RSSI: -85 [da:0f:21:eb:01:6c]
RSSI: -96 [da:09:7d:1d:0b:6a]
RSSI: -88 [da:0f:21:fa:01:9c]
RSSI: -88 [da:07:99:3c:00:fb]
RSSI: -90 [da:09:7d:37:0b:aa]
RSSI: -89 [da:07:99:48:01:1b]
RSSI: -89 [da:0f:22:07:01:bc]
RSSI: -89 [da:07:99:57:01:3b]
RSSI: -90 [da:09:7d:51:0b:fa]
RSSI: -87 [da:07:99:65:01:6b]
RSSI: -92 [da:09:7d:51:0b:fa]
RSSI: -89 [da:07:99:65:01:6b]
RSSI: -91 [da:07:99:65:01:6b]
RSSI: -89 [da:09:7d:5e:0c:1a]
RSSI: -89 [da:07:99:72:01:8b]
RSSI: -88 [da:07:99:72:01:8b]
RSSI: -90 [da:07:99:80:01:bb]
RSSI: -94 [da:09:7d:85:0c:8a]
RSSI: -91 [da:09:7d:9f:0c:ca]
RSSI: -89 [da:0f:22:7a:03:2c]
RSSI: -89 [da:07:99:c4:02:7b]
RSSI: -88 [da:0f:22:86:03:4c]
RSSI: -84 [da:07:99:d2:02:ab]
RSSI: -85 [da:07:99:d2:02:ab]
RSSI: -91 [da:0f:22:95:03:7c]
RSSI: -82 [da:07:99:e0:02:cb]
RSSI: -83 [da:07:99:e0:02:cb]
RSSI: -94 [da:0c:87:03:05:be]
RSSI: -87 [da:0f:22:c0:04:0c]
RSSI: -82 [da:07:99:fb:03:1b]
RSSI: -87 [da:0f:22:c0:04:0c]
RSSI: -82 [da:07:9a:0a:03:4b]
RSSI: -81 [da:07:9a:0a:03:4b]
RSSI: -93 [da:07:9a:16:03:6b]
RSSI: -79 [da:07:9a:16:03:6b]
RSSI: -82 [da:07:9a:25:03:9b]
RSSI: -88 [da:0f:22:ea:04:8c]
RSSI: -79 [da:07:9a:33:03:bb]
RSSI: -80 [da:07:9a:33:03:bb]
RSSI: -81 [da:07:9a:33:03:bb]
RSSI: -81 [da:07:9a:33:03:bb]
RSSI: -80 [da:07:9a:3f:03:eb]
RSSI: -92 [da:07:9a:4e:04:0b]
RSSI: -85 [da:07:9a:5c:04:3b]
RSSI: -84 [da:07:9a:5c:04:3b]
RSSI: -83 [da:07:9a:69:04:5b]
RSSI: -83 [da:07:9a:77:04:8b]
RSSI: -80 [da:07:9a:77:04:8b]
RSSI: -80 [da:07:9a:85:04:bb]
RSSI: -82 [da:07:9a:85:04:bb]
RSSI: -78 [da:07:9a:92:04:db]
RSSI: -81 [da:07:9a:92:04:db]
RSSI: -87 [da:0f:23:5b:05:ec]
RSSI: -81 [da:07:9a:a0:05:0b]
RSSI: -92 [da:0c:87:ca:07:fe]
RSSI: -90 [da:0f:23:79:06:4c]
RSSI: -84 [da:0f:23:86:06:7c]
RSSI: -91 [da:07:9a:c9:05:7b]
RSSI: -91 [da:0c:87:d7:08:2e]
RSSI: -86 [da:0f:23:95:06:ac]
RSSI: -84 [da:0f:23:95:06:ac]
RSSI: -89 [da:07:9a:d8:05:ab]
RSSI: -81 [da:0f:23:bf:07:2c]
RSSI: -86 [da:0f:23:bf:07:2c]
RSSI: -87 [da:0f:23:ce:07:5c]
RSSI: -81 [da:0f:23:db:07:8c]
RSSI: -85 [da:0f:23:db:07:8c]
RSSI: -81 [da:0f:23:ea:07:bc]
RSSI: -85 [da:0f:23:f9:07:ec]
RSSI: -82 [da:0f:24:06:08:0c]
RSSI: -93 [da:09:7f:32:11:3a]
RSSI: -82 [da:0f:24:06:08:0c]
RSSI: -85 [da:0f:24:15:08:4c]
RSSI: -82 [da:0f:24:15:08:4c]
RSSI: -82 [da:0f:24:24:08:7c]
RSSI: -86 [da:0f:24:24:08:7c]
RSSI: -81 [da:0f:24:30:08:9c]
RSSI: -85 [da:0f:24:3f:08:cc]
RSSI: -86 [da:0f:24:3f:08:cc]
RSSI: -83 [da:0f:24:4e:08:fc]
RSSI: -85 [da:0f:24:4e:08:fc]
RSSI: -84 [da:0f:24:5b:09:2c]
RSSI: -83 [da:0f:24:5b:09:2c]
RSSI: -87 [da:07:9b:b3:08:2b]
RSSI: -80 [da:0f:24:79:09:8c]
RSSI: -89 [da:07:9b:b3:08:2b]
RSSI: -80 [da:0f:24:79:09:8c]
RSSI: -86 [da:0c:88:d4:0a:fe]
RSSI: -86 [da:0f:24:86:09:ac]
RSSI: -87 [da:07:9b:c1:08:5b]
RSSI: -90 [da:0c:88:d4:0a:fe]
RSSI: -83 [da:0f:24:86:09:ac]
RSSI: -86 [da:0c:88:e2:0b:2e]
RSSI: -89 [da:0f:24:95:09:dc]
RSSI: -87 [da:0f:24:a4:0a:0c]
RSSI: -86 [da:07:9b:eb:08:cb]
RSSI: -92 [da:0c:88:fc:0b:7e]
RSSI: -87 [da:07:9b:eb:08:cb]
RSSI: -85 [da:0f:24:b0:0a:3c]
RSSI: -90 [da:07:9b:eb:08:cb]
RSSI: -87 [da:07:9b:f9:08:fb]
RSSI: -86 [da:0c:89:16:0b:be]
RSSI: -87 [da:07:9c:06:09:1b]
RSSI: -86 [da:0f:24:cf:0a:9c]
RSSI: -86 [da:0c:89:16:0b:be]
RSSI: -87 [da:07:9c:14:09:4b]
RSSI: -85 [da:0c:89:24:0b:ee]
RSSI: -88 [da:07:9c:14:09:4b]
RSSI: -84 [da:0f:24:db:0a:cc]
RSSI: -81 [da:0c:89:31:0c:0e]
RSSI: -88 [da:07:9c:22:09:7b]
RSSI: -84 [da:0c:89:31:0c:0e]
RSSI: -82 [da:0c:89:4c:0c:5e]
RSSI: -89 [da:07:9c:3d:09:cb]
RSSI: -82 [da:0c:89:4c:0c:5e]
RSSI: -89 [da:07:9c:3d:09:cb]
RSSI: -90 [da:0f:25:06:0b:4c]
RSSI: -81 [da:0c:89:59:0c:8e]
RSSI: -85 [da:0f:25:15:0b:7c]
RSSI: -81 [da:0c:89:66:0c:ae]
RSSI: -85 [da:0f:25:15:0b:7c]
RSSI: -88 [da:07:9c:58:0a:0b]
RSSI: -85 [da:0f:25:24:0b:ac]
RSSI: -81 [da:0c:89:74:0c:ce]
RSSI: -87 [da:07:9c:67:0a:3b]
RSSI: -81 [da:0c:89:81:0c:fe]
RSSI: -88 [da:07:9c:75:0a:6b]
RSSI: -81 [da:0c:89:81:0c:fe]
RSSI: -82 [da:0c:89:8e:0d:1e]
RSSI: -82 [da:0f:25:40:0c:0c]
RSSI: -81 [da:0c:89:8e:0d:1e]
RSSI: -83 [da:0c:89:9c:0d:4e]
RSSI: -84 [da:0f:25:4f:0c:3c]
RSSI: -82 [da:0c:89:9c:0d:4e]
RSSI: -88 [da:07:9c:90:0a:bb]
RSSI: -84 [da:0f:25:5b:0c:5c]
RSSI: -83 [da:0c:89:a9:0d:6e]
RSSI: -85 [da:0f:25:5b:0c:5c]
RSSI: -83 [da:0f:25:6b:0c:8c]
RSSI: -85 [da:0c:89:b6:0d:8e]
RSSI: -82 [da:0f:25:6b:0c:8c]
RSSI: -86 [da:0f:25:7a:0c:bc]
RSSI: -91 [da:0c:89:c4:0d:be]
RSSI: -87 [da:0f:25:86:0c:ec]
RSSI: -87 [da:07:9c:c8:0b:5b]
RSSI: -89 [da:07:9c:d5:0b:7b]
RSSI: -92 [da:0c:89:ec:0e:2e]
RSSI: -86 [da:0f:25:a4:0d:4c]
RSSI: -81 [da:0f:25:b1:0d:6c]
RSSI: -83 [da:0f:25:c0:0d:9c]
RSSI: -91 [da:07:9c:fe:0b:fb]
RSSI: -86 [da:0c:8a:14:0e:9e]
RSSI: -83 [da:0f:25:c0:0d:9c]
RSSI: -89 [da:07:9c:fe:0b:fb]
RSSI: -85 [da:0c:8a:14:0e:9e]
RSSI: -92 [da:0c:8a:3c:0f:0e]
RSSI: -88 [da:0f:25:fa:0e:5c]
RSSI: -89 [da:07:9d:36:0c:9b]
RSSI: -90 [da:0c:8a:4a:0f:3e]
RSSI: -90 [da:0f:26:07:0e:7c]
RSSI: -86 [da:07:9d:44:0c:cb]
RSSI: -88 [da:0f:26:07:0e:7c]
RSSI: -80 [da:0f:26:07:0e:7c]
RSSI: -90 [da:07:9d:44:0c:cb]
RSSI: -79 [da:0f:26:07:0e:7c]
RSSI: -92 [da:07:9d:51:0c:eb]
RSSI: -80 [da:0f:26:16:0e:ac]
RSSI: -87 [da:07:9d:51:0c:eb]
RSSI: -91 [da:0c:8a:72:0f:ae]
RSSI: -93 [da:09:81:56:01:0a]
RSSI: -89 [da:0c:8a:72:0f:ae]
RSSI: -86 [da:07:9d:6e:0d:3b]
RSSI: -75 [da:0f:26:32:0f:0c]
RSSI: -76 [da:0f:26:41:0f:3c]
RSSI: -90 [da:09:81:70:01:5a]
RSSI: -76 [da:0f:26:41:0f:3c]
RSSI: -72 [da:0f:26:50:0f:6c]
RSSI: -89 [da:07:9d:89:0d:8b]
RSSI: -89 [da:09:81:7d:01:7a]
RSSI: -76 [da:0f:26:50:0f:6c]
RSSI: -71 [da:0f:26:5d:0f:9c]
RSSI: -92 [da:0c:8a:b4:10:6e]
RSSI: -89 [da:0c:8a:b4:10:6e]
RSSI: -73 [da:0f:26:6c:0f:cc]
RSSI: -91 [da:0c:8a:c2:10:9e]
RSSI: -78 [da:0f:26:7b:0f:fc]
RSSI: -90 [da:09:81:a5:01:ea]
RSSI: -73 [da:0f:26:7b:0f:fc]
RSSI: -71 [da:0f:26:87:10:1c]
RSSI: -89 [da:0c:8a:dd:10:ee]
RSSI: -91 [da:09:81:bf:02:2a]
RSSI: -78 [da:0f:26:87:10:1c]
RSSI: -71 [da:0f:26:97:10:4c]
RSSI: -90 [da:0c:8a:ea:11:0e]
RSSI: -73 [da:0f:26:a6:10:7c]
RSSI: -73 [da:0f:26:a6:10:7c]
RSSI: -79 [da:0f:26:b2:10:ac]
RSSI: -76 [da:0f:26:b2:10:ac]
RSSI: -84 [da:0f:26:c2:10:dc]
RSSI: -85 [da:0f:26:c2:10:dc]
RSSI: -80 [da:0f:26:d1:11:0c]
RSSI: -90 [da:0c:8b:1f:11:9e]
RSSI: -83 [da:0f:26:d1:11:0c]
RSSI: -88 [da:0f:26:dd:11:2c]
RSSI: -92 [da:0c:8b:2d:11:ce]
RSSI: -86 [da:0f:26:ed:11:5c]
RSSI: -89 [da:0c:8b:47:12:0e]
RSSI: -85 [da:0f:26:fc:11:8c]
RSSI: -83 [da:0f:27:08:11:bc]
RSSI: -86 [da:0f:27:08:11:bc]
RSSI: -83 [da:0f:27:17:11:ec]
RSSI: -84 [da:0f:27:27:12:1c]
RSSI: -92 [da:0c:8b:6f:12:8e]
RSSI: -84 [da:0f:27:27:12:1c]
RSSI: -87 [da:0f:27:33:12:4c]
RSSI: -92 [da:0c:8b:a5:13:1e]
RSSI: -94 [da:0c:8b:c0:13:6e]
RSSI: -91 [da:0f:27:7d:13:2c]
RSSI: -90 [da:0f:27:89:13:5c]
RSSI: -94 [da:0c:8b:db:13:be]
RSSI: -92 [da:0f:27:89:13:5c]
RSSI: -91 [da:0c:8b:f6:14:0e]
RSSI: -91 [da:09:82:e8:05:7a]
RSSI: -91 [da:07:9f:00:11:db]
RSSI: -91 [da:0f:27:df:14:6c]
RSSI: -92 [da:09:83:2a:06:2a]
RSSI: -87 [da:0f:28:1a:15:1c]
RSSI: -86 [da:09:83:51:06:9a]
RSSI: -84 [da:09:83:5f:06:ca]
RSSI: -82 [da:09:83:5f:06:ca]
RSSI: -81 [da:09:83:6c:06:ea]
RSSI: -82 [da:09:83:79:07:0a]
RSSI: -83 [da:09:83:79:07:0a]
RSSI: -82 [da:09:83:94:07:5a]
RSSI: -81 [da:09:83:94:07:5a]
RSSI: -81 [da:09:83:94:07:5a]
RSSI: -80 [da:09:83:a0:07:7a]
RSSI: -81 [da:09:83:a0:07:7a]
RSSI: -88 [da:0f:28:8b:00:0c]
RSSI: -79 [da:09:83:bb:07:ca]
RSSI: -88 [da:07:9f:d0:14:3b]
RSSI: -79 [da:09:83:c8:07:ea]
RSSI: -78 [da:09:83:d5:08:1a]
RSSI: -79 [da:09:83:d5:08:1a]
RSSI: -79 [da:09:83:e3:08:3a]
RSSI: -82 [da:09:83:ef:08:5a]
RSSI: -89 [da:0f:28:c6:00:bc]
RSSI: -79 [da:09:83:fd:08:8a]
RSSI: -79 [da:09:83:fd:08:8a]
RSSI: -80 [da:09:84:0a:08:aa]
RSSI: -79 [da:09:84:0a:08:aa]
RSSI: -79 [da:09:84:17:08:ca]
RSSI: -79 [da:09:84:17:08:ca]
RSSI: -83 [da:09:84:24:08:fa]
RSSI: -82 [da:09:84:32:09:1a]
RSSI: -82 [da:09:84:3f:09:3a]
RSSI: -89 [da:0f:29:0d:01:9c]
RSSI: -92 [da:07:a0:4e:15:9b]
RSSI: -87 [da:09:84:3f:09:3a]
RSSI: -84 [da:09:84:4c:09:6a]
RSSI: -91 [da:09:84:74:09:da]
RSSI: -91 [da:0f:29:47:02:5c]
RSSI: -90 [da:0f:29:57:02:8c]
RSSI: -94 [da:07:a0:93:16:6b]
RSSI: -93 [da:09:84:a9:0a:6a]
RSSI: -94 [da:09:84:a9:0a:6a]
RSSI: -90 [da:0c:8d:f5:03:4e]
RSSI: -91 [da:0f:29:ad:03:9c]
RSSI: -91 [da:07:a0:f5:01:1b]
RSSI: -88 [da:0c:8e:03:03:7e]
RSSI: -90 [da:0c:8e:10:03:9e]
RSSI: -89 [da:07:a1:04:01:4b]
RSSI: -87 [da:07:a1:10:01:6b]
RSSI: -96 [da:09:85:12:0b:9a]
RSSI: -88 [da:07:a1:1f:01:9b]
RSSI: -88 [da:07:a1:2d:01:cb]
RSSI: -91 [da:0f:29:f4:04:7c]
RSSI: -85 [da:07:a1:3a:01:eb]
RSSI: -82 [da:07:a1:49:02:1b]
RSSI: -81 [da:07:a1:49:02:1b]
RSSI: -93 [da:0c:8e:61:04:8e]
RSSI: -80 [da:07:a1:57:02:3b]
RSSI: -79 [da:07:a1:64:02:6b]
RSSI: -79 [da:07:a1:64:02:6b]
RSSI: -78 [da:07:a1:64:02:6b]
RSSI: -90 [da:0c:8e:7c:04:de]
RSSI: -78 [da:07:a1:73:02:8b]
RSSI: -87 [da:0f:2a:3b:05:5c]
RSSI: -77 [da:07:a1:81:02:bb]
RSSI: -75 [da:07:a1:81:02:bb]
RSSI: -75 [da:07:a1:8e:02:db]
RSSI: -92 [da:09:85:8a:0c:ea]
RSSI: -75 [da:07:a1:9d:03:0b]
RSSI: -75 [da:07:a1:9d:03:0b]
RSSI: -73 [da:07:a1:ab:03:3b]
RSSI: -76 [da:07:a1:ab:03:3b]
RSSI: -76 [da:07:a1:b8:03:5b]
RSSI: -73 [da:07:a1:b8:03:5b]
RSSI: -75 [da:07:a1:c7:03:8b]
RSSI: -76 [da:07:a1:c7:03:8b]
RSSI: -75 [da:07:a1:d5:03:ab]
RSSI: -74 [da:07:a1:e2:03:db]
RSSI: -75 [da:07:a1:f0:04:0b]
RSSI: -74 [da:07:a1:f0:04:0b]
RSSI: -90 [da:09:85:e7:0d:fa]
RSSI: -76 [da:07:a1:ff:04:2b]
RSSI: -92 [da:0f:2a:bd:06:fc]
RSSI: -75 [da:07:a1:ff:04:2b]
RSSI: -77 [da:07:a2:0c:04:5b]
RSSI: -88 [da:0f:2a:cc:07:2c]
RSSI: -77 [da:07:a2:0c:04:5b]
RSSI: -95 [da:0f:2a:dc:07:5c]
RSSI: -76 [da:07:a2:1a:04:7b]
RSSI: -87 [da:0f:2a:e8:07:8c]
RSSI: -76 [da:07:a2:29:04:ab]
RSSI: -76 [da:07:a2:29:04:ab]
RSSI: -87 [da:0f:2a:f8:07:bc]
RSSI: -77 [da:07:a2:36:04:cb]
RSSI: -91 [da:0f:2a:f8:07:bc]
RSSI: -78 [da:07:a2:36:04:cb]
RSSI: -75 [da:07:a2:44:04:fb]
RSSI: -78 [da:07:a2:44:04:fb]
RSSI: -80 [da:07:a2:53:05:1b]
RSSI: -77 [da:07:a2:53:05:1b]
RSSI: -88 [da:0f:2b:14:08:0c]
RSSI: -81 [da:07:a2:60:05:4b]
RSSI: -92 [da:0c:8f:6f:07:9e]
RSSI: -81 [da:07:a2:60:05:4b]
RSSI: -83 [da:07:a2:6e:05:6b]
RSSI: -87 [da:0f:2b:32:08:6c]
RSSI: -84 [da:07:a2:6e:05:6b]
RSSI: -82 [da:07:a2:6e:05:6b]
RSSI: -91 [da:0c:8f:8a:07:ee]
RSSI: -84 [da:0f:2b:3f:08:9c]
RSSI: -83 [da:07:a2:8a:05:bb]
RSSI: -85 [da:07:a2:8a:05:bb]
RSSI: -86 [da:0f:2b:4f:08:cc]
RSSI: -85 [da:07:a2:98:05:eb]
RSSI: -83 [da:07:a2:a7:06:1b]
RSSI: -85 [da:07:a2:a7:06:1b]
RSSI: -82 [da:07:a2:b4:06:3b]
RSSI: -84 [da:07:a2:c3:06:6b]
RSSI: -86 [da:07:a2:d1:06:8b]
RSSI: -91 [da:0f:2b:96:09:ac]
RSSI: -85 [da:07:a2:d1:06:8b]
RSSI: -83 [da:07:a2:de:06:bb]
RSSI: -88 [da:0c:8f:f7:09:1e]
RSSI: -91 [da:0f:2b:a5:09:dc]
RSSI: -86 [da:07:a2:de:06:bb]
RSSI: -85 [da:07:a2:ed:06:db]
RSSI: -86 [da:07:a2:ed:06:db]
RSSI: -89 [da:0c:90:04:09:4e]
RSSI: -88 [da:07:a2:fb:07:0b]
RSSI: -88 [da:07:a2:fb:07:0b]
RSSI: -91 [da:0f:2b:c1:0a:3c]
RSSI: -89 [da:07:a3:08:07:2b]
RSSI: -90 [da:07:a3:08:07:2b]
RSSI: -90 [da:07:a3:17:07:5b]
RSSI: -89 [da:0c:90:3b:09:ee]
RSSI: -90 [da:07:a3:32:07:ab]
RSSI: -93 [da:0c:90:63:0a:5e]
RSSI: -86 [da:0c:90:71:0a:7e]
RSSI: -87 [da:0c:90:71:0a:7e]
RSSI: -85 [da:0c:90:7e:0a:ae]
RSSI: -83 [da:0c:90:8c:0a:ce]
RSSI: -86 [da:0f:2c:44:0b:dc]
RSSI: -81 [da:0c:90:9a:0a:fe]
RSSI: -90 [da:07:a3:86:08:9b]
RSSI: -89 [da:0f:2c:53:0c:0c]
RSSI: -92 [da:07:a3:95:08:cb]
RSSI: -86 [da:0f:2c:53:0c:0c]
RSSI: -79 [da:0c:90:a7:0b:1e]
RSSI: -87 [da:0f:2c:62:0c:3c]
RSSI: -92 [da:07:a3:a4:08:fb]
RSSI: -81 [da:0c:90:ba:0b:4e]
RSSI: -85 [da:0f:2c:6f:0c:6c]
RSSI: -78 [da:0c:90:ba:0b:4e]
RSSI: -80 [da:0c:90:ca:0b:7e]
RSSI: -87 [da:07:a3:b0:09:1b]
RSSI: -80 [da:0c:90:ca:0b:7e]
RSSI: -79 [da:0c:90:ca:0b:7e]
RSSI: -79 [da:0c:90:d7:0b:9e]
RSSI: -84 [da:0f:2c:8e:0c:cc]
RSSI: -78 [da:0c:90:e5:0b:ce]
RSSI: -85 [da:0f:2c:9b:0c:fc]
RSSI: -77 [da:0c:90:f3:0b:ee]
RSSI: -87 [da:07:a3:da:09:9b]
RSSI: -78 [da:0c:90:f3:0b:ee]
RSSI: -87 [da:07:a3:da:09:9b]
RSSI: -78 [da:0c:91:00:0c:1e]
RSSI: -88 [da:07:a3:f2:09:db]
RSSI: -79 [da:0c:91:00:0c:1e]
RSSI: -87 [da:07:a3:f2:09:db]
RSSI: -80 [da:0c:91:0e:0c:3e]
RSSI: -80 [da:0c:91:0e:0c:3e]
RSSI: -82 [da:0f:2c:cc:0d:8c]
RSSI: -80 [da:0c:91:1c:0c:6e]
RSSI: -85 [da:0f:2c:cc:0d:8c]
RSSI: -87 [da:07:a4:0e:0a:3b]
RSSI: -83 [da:0f:2c:dc:0d:bc]
RSSI: -80 [da:0c:91:29:0c:8e]
RSSI: -85 [da:0f:2c:dc:0d:bc]
RSSI: -80 [da:0c:91:29:0c:8e]
RSSI: -79 [da:0c:91:37:0c:be]
RSSI: -80 [da:0c:91:37:0c:be]
RSSI: -80 [da:0f:2c:eb:0d:fc]
RSSI: -80 [da:0c:91:37:0c:be]
RSSI: -81 [da:0c:91:45:0c:de]
RSSI: -80 [da:0c:91:45:0c:de]
RSSI: -82 [da:0c:91:51:0d:0e]
RSSI: -86 [da:0f:2d:07:0e:4c]
RSSI: -82 [da:0c:91:51:0d:0e]
RSSI: -86 [da:0f:2d:07:0e:4c]
RSSI: -83 [da:0f:2d:17:0e:7c]
RSSI: -84 [da:0c:91:5f:0d:2e]
RSSI: -81 [da:0c:91:6e:0d:5e]
RSSI: -85 [da:0c:91:7a:0d:7e]
RSSI: -75 [da:0f:2d:33:0e:dc]
RSSI: -84 [da:0f:2d:33:0e:dc]
RSSI: -90 [da:0f:2d:42:0f:0c]
RSSI: -75 [da:0f:2d:42:0f:0c]
RSSI: -87 [da:0c:91:96:0d:ce]
RSSI: -82 [da:0f:2d:4f:0f:3c]
RSSI: -85 [da:0f:2d:4f:0f:3c]
RSSI: -91 [da:0c:91:a3:0d:ee]
RSSI: -80 [da:0f:2d:5e:0f:6c]
RSSI: -85 [da:0f:2d:5e:0f:6c]
RSSI: -76 [da:0f:2d:6e:0f:9c]
RSSI: -85 [da:0f:2d:7a:0f:bc]
RSSI: -95 [da:07:a4:b2:0c:1b]
RSSI: -76 [da:0f:2d:7a:0f:bc]
RSSI: -82 [da:0f:2d:8a:0f:fc]
RSSI: -94 [da:0c:91:da:0e:8e]
RSSI: -86 [da:07:a4:ce:0c:6b]
RSSI: -77 [da:0f:2d:99:10:2c]
RSSI: -87 [da:07:a4:df:0c:9b]
RSSI: -87 [da:0c:91:f5:0e:de]
RSSI: -80 [da:0f:2d:a6:10:4c]
RSSI: -86 [da:07:a4:eb:0c:bb]
RSSI: -82 [da:0f:2d:b5:10:7c]
RSSI: -86 [da:07:a4:fa:0c:eb]
RSSI: -88 [da:0c:92:11:0f:2e]
RSSI: -78 [da:0f:2d:c5:10:ac]
RSSI: -94 [da:0c:92:1e:0f:4e]
RSSI: -80 [da:0f:2d:d1:10:dc]
RSSI: -90 [da:07:a5:16:0d:3b]
RSSI: -88 [da:0f:2d:e1:11:0c]
RSSI: -81 [da:0f:2d:e1:11:0c]
RSSI: -89 [da:07:a5:24:0d:5b]
RSSI: -83 [da:0f:2d:e1:11:0c]
RSSI: -90 [da:07:a5:24:0d:5b]
RSSI: -83 [da:0f:2d:f0:11:3c]
RSSI: -87 [da:0c:92:3a:0f:9e]
RSSI: -87 [da:0f:2d:fd:11:5c]
RSSI: -90 [da:0c:92:6f:10:3e]
RSSI: -89 [da:0c:92:6f:10:3e]
RSSI: -88 [da:0c:92:7e:10:5e]
RSSI: -95 [da:07:a5:79:0e:5b]
RSSI: -86 [da:0f:2e:48:12:4c]
RSSI: -85 [da:0f:2e:48:12:4c]
RSSI: -95 [da:07:a5:a3:0e:db]
RSSI: -87 [da:0c:92:b5:10:fe]
RSSI: -89 [da:0c:92:de:11:6e]
RSSI: -90 [da:0c:92:de:11:6e]
RSSI: -91 [da:07:a5:f8:0f:cb]
RSSI: -85 [da:0f:2e:bb:13:bc]
RSSI: -92 [da:07:a5:f8:0f:cb]
RSSI: -89 [da:0f:2e:bb:13:bc]
RSSI: -89 [da:0c:93:13:12:0e]
RSSI: -92 [da:0c:93:21:12:2e]
RSSI: -92 [da:0c:93:30:12:5e]
RSSI: -92 [da:0f:2e:f7:14:7c]
RSSI: -91 [da:07:a6:31:10:6b]
RSSI: -90 [da:0c:93:3c:12:7e]
RSSI: -90 [da:07:a6:4d:10:bb]
RSSI: -89 [da:0f:2f:22:14:fc]
RSSI: -90 [da:0c:93:73:13:1e]
RSSI: -92 [da:0c:93:82:13:4e]
RSSI: -92 [da:0f:2f:2f:15:2c]
RSSI: -92 [da:0c:93:ab:13:be]
RSSI: -94 [da:07:a6:93:11:8b]
RSSI: -87 [da:0f:2f:6a:15:ec]
RSSI: -91 [da:0c:93:c6:14:0e]
RSSI: -95 [da:09:8a:c0:05:4a]
RSSI: -92 [da:07:a6:db:12:6b]
RSSI: -88 [da:07:a6:f7:12:bb]
RSSI: -92 [da:0c:94:09:14:be]
RSSI: -91 [da:07:a7:06:12:db]
RSSI: -91 [da:07:a7:12:13:0b]
RSSI: -92 [da:0f:2f:de:00:ec]
RSSI: -91 [da:09:8b:11:06:3a]
RSSI: -86 [da:09:8b:1e:06:5a]
RSSI: -88 [da:09:8b:1e:06:5a]
RSSI: -88 [da:09:8b:2b:06:8a]
RSSI: -88 [da:09:8b:2b:06:8a]
RSSI: -89 [da:07:a7:3d:13:7b]
RSSI: -86 [da:09:8b:39:06:aa]
RSSI: -84 [da:09:8b:46:06:ca]
RSSI: -83 [da:09:8b:46:06:ca]
RSSI: -90 [da:0f:30:19:01:9c]
RSSI: -82 [da:09:8b:54:06:fa]
RSSI: -82 [da:09:8b:62:07:1a]
RSSI: -82 [da:09:8b:6e:07:3a]
RSSI: -80 [da:09:8b:7c:07:6a]
RSSI: -80 [da:09:8b:7c:07:6a]
RSSI: -80 [da:09:8b:8a:07:8a]
RSSI: -81 [da:09:8b:8a:07:8a]
RSSI: -79 [da:09:8b:97:07:aa]
RSSI: -94 [da:0f:30:61:02:8c]
RSSI: -80 [da:09:8b:97:07:aa]
RSSI: -81 [da:09:8b:a5:07:da]
RSSI: -80 [da:09:8b:a5:07:da]
RSSI: -80 [da:09:8b:a5:07:da]
RSSI: -77 [da:09:8b:b2:07:fa]
RSSI: -80 [da:09:8b:b2:07:fa]
RSSI: -79 [da:09:8b:bf:08:2a]
RSSI: -78 [da:09:8b:bf:08:2a]
RSSI: -79 [da:09:8b:cd:08:4a]
RSSI: -79 [da:09:8b:cd:08:4a]
RSSI: -82 [da:09:8b:db:08:6a]
RSSI: -81 [da:09:8b:f5:08:ba]
RSSI: -80 [da:09:8c:03:08:ea]
RSSI: -81 [da:09:8c:03:08:ea]
RSSI: -83 [da:09:8c:10:09:0a]
RSSI: -85 [da:09:8c:10:09:0a]
RSSI: -87 [da:09:8c:1e:09:2a]
RSSI: -85 [da:09:8c:1e:09:2a]
RSSI: -87 [da:09:8c:2c:09:5a]
RSSI: -87 [da:09:8c:38:09:7a]
RSSI: -94 [da:0f:31:4d:05:6c]
RSSI: -88 [da:07:a8:91:00:cb]
RSSI: -88 [da:07:a8:a0:00:fb]
RSSI: -91 [da:09:8c:97:0a:8a]
RSSI: -91 [da:07:a8:af:01:2b]
RSSI: -90 [da:0f:31:79:05:fc]
RSSI: -92 [da:0c:95:ce:03:7e]
RSSI: -90 [da:0f:31:88:06:2c]
RSSI: -89 [da:07:a8:cb:01:7b]
RSSI: -91 [da:07:a8:da:01:9b]
RSSI: -91 [da:0f:31:95:06:4c]
RSSI: -90 [da:0f:31:a5:06:7c]
RSSI: -88 [da:07:a8:e7:01:cb]
RSSI: -87 [da:07:a8:e7:01:cb]
RSSI: -92 [da:0f:31:b4:06:bc]
RSSI: -84 [da:07:a8:f6:01:eb]
RSSI: -81 [da:07:a9:05:02:1b]
RSSI: -93 [da:0f:31:c1:06:dc]
RSSI: -81 [da:07:a9:05:02:1b]
RSSI: -81 [da:07:a9:11:02:3b]
RSSI: -79 [da:07:a9:11:02:3b]
RSSI: -92 [da:09:8d:1f:0c:0a]
RSSI: -90 [da:0f:31:ed:07:6c]
RSSI: -89 [da:0f:31:ed:07:6c]
RSSI: -76 [da:07:a9:3c:02:bb]
RSSI: -88 [da:0f:31:fc:07:9c]
RSSI: -94 [da:09:8d:2b:0c:2a]
RSSI: -76 [da:07:a9:3c:02:bb]
RSSI: -77 [da:07:a9:3c:02:bb]
RSSI: -87 [da:0f:32:0c:07:cc]
RSSI: -76 [da:07:a9:4b:02:eb]
RSSI: -86 [da:0f:32:0c:07:cc]
RSSI: -75 [da:07:a9:4b:02:eb]
RSSI: -76 [da:07:a9:5a:03:1b]
RSSI: -88 [da:0f:32:19:07:fc]
RSSI: -75 [da:07:a9:5a:03:1b]
RSSI: -85 [da:0f:32:19:07:fc]
RSSI: -75 [da:07:a9:5a:03:1b]
RSSI: -89 [da:0f:32:28:08:2c]
RSSI: -75 [da:07:a9:67:03:3b]
RSSI: -75 [da:07:a9:76:03:6b]
RSSI: -76 [da:07:a9:85:03:8b]
RSSI: -75 [da:07:a9:91:03:bb]
RSSI: -93 [da:0c:96:9d:05:ce]
RSSI: -75 [da:07:a9:91:03:bb]
RSSI: -92 [da:0f:32:55:08:bc]
RSSI: -90 [da:0f:32:64:08:ec]
RSSI: -75 [da:07:a9:a0:03:eb]
RSSI: -75 [da:07:a9:af:04:0b]
RSSI: -85 [da:0f:32:71:09:0c]
RSSI: -90 [da:0f:32:81:09:4c]
RSSI: -86 [da:0f:32:81:09:4c]
RSSI: -77 [da:07:a9:da:04:8b]
RSSI: -86 [da:0f:32:9d:09:9c]
RSSI: -77 [da:07:a9:da:04:8b]
RSSI: -87 [da:0f:32:9d:09:9c]
RSSI: -78 [da:07:a9:e7:04:ab]
RSSI: -88 [da:0f:32:ad:09:dc]
RSSI: -89 [da:0f:32:bc:0a:0c]
RSSI: -79 [da:07:a9:f6:04:db]
RSSI: -81 [da:07:aa:05:05:0b]
RSSI: -83 [da:07:aa:12:05:2b]
RSSI: -84 [da:07:aa:12:05:2b]
RSSI: -90 [da:0c:97:28:07:5e]
RSSI: -85 [da:07:aa:21:05:5b]
RSSI: -90 [da:0c:97:36:07:8e]
RSSI: -88 [da:07:aa:30:05:8b]
RSSI: -92 [da:07:aa:3c:05:ab]
RSSI: -87 [da:07:aa:4b:05:db]
RSSI: -88 [da:0c:97:5f:08:0e]
RSSI: -87 [da:07:aa:4b:05:db]
RSSI: -92 [da:0c:97:7a:08:5e]
RSSI: -90 [da:0c:97:89:08:7e]
RSSI: -89 [da:0f:33:41:0b:ac]
RSSI: -86 [da:07:aa:85:06:8b]
RSSI: -96 [da:09:8e:8c:10:1a]
RSSI: -88 [da:0f:33:5d:0c:0c]
RSSI: -86 [da:0f:33:5d:0c:0c]
RSSI: -91 [da:0f:33:79:0c:6c]
RSSI: -87 [da:0f:33:89:0c:9c]
RSSI: -93 [da:0c:97:dc:09:6e]
RSSI: -91 [da:07:aa:cc:07:5b]
RSSI: -87 [da:0f:33:89:0c:9c]
RSSI: -83 [da:0f:33:a5:0c:fc]
RSSI: -86 [da:0f:33:b5:0d:2c]
RSSI: -94 [da:07:aa:f7:07:cb]
RSSI: -86 [da:0f:33:c5:0d:5c]
RSSI: -88 [da:0c:98:20:0a:2e]
RSSI: -84 [da:0f:33:d2:0d:7c]
RSSI: -84 [da:0f:33:d2:0d:7c]
RSSI: -92 [da:0c:98:2f:0a:5e]
RSSI: -84 [da:0f:33:e1:0d:bc]
RSSI: -77 [da:0f:33:f1:0d:ec]
RSSI: -86 [da:0c:98:3b:0a:7e]
RSSI: -77 [da:0f:33:f1:0d:ec]
RSSI: -87 [da:0c:98:4a:0a:ae]
RSSI: -76 [da:0f:33:fe:0e:0c]
RSSI: -84 [da:0f:34:0e:0e:3c]
RSSI: -89 [da:07:ab:4d:08:cb]
RSSI: -83 [da:0c:98:65:0a:fe]
RSSI: -88 [da:0f:34:1d:0e:7c]
RSSI: -88 [da:0f:34:1d:0e:7c]
RSSI: -83 [da:0c:98:73:0b:2e]
RSSI: -87 [da:0f:34:2a:0e:9c]
RSSI: -83 [da:0c:98:82:0b:4e]
RSSI: -82 [da:0c:98:82:0b:4e]
RSSI: -81 [da:0c:98:82:0b:4e]
RSSI: -79 [da:0f:34:3a:0e:cc]
RSSI: -88 [da:07:ab:86:09:7b]
RSSI: -82 [da:0f:34:4a:0e:fc]
RSSI: -83 [da:0c:98:8e:0b:7e]
RSSI: -88 [da:0f:34:4a:0e:fc]
RSSI: -79 [da:0c:98:9d:0b:9e]
RSSI: -82 [da:0c:98:9d:0b:9e]
RSSI: -81 [da:0c:98:ab:0b:ce]
RSSI: -82 [da:0f:34:56:0f:2c]
RSSI: -79 [da:0c:98:ab:0b:ce]
RSSI: -88 [da:07:ab:a2:09:cb]
RSSI: -71 [da:0f:34:66:0f:5c]
RSSI: -88 [da:07:ab:a2:09:cb]
RSSI: -80 [da:0c:98:b8:0b:ee]
RSSI: -77 [da:0f:34:76:0f:8c]
RSSI: -70 [da:0f:34:76:0f:8c]
RSSI: -81 [da:0c:98:c6:0c:1e]
RSSI: -76 [da:0f:34:82:0f:bc]
RSSI: -79 [da:0c:98:d5:0c:3e]
RSSI: -76 [da:0f:34:82:0f:bc]
RSSI: -79 [da:0f:34:92:0f:ec]
RSSI: -80 [da:0c:98:e1:0c:5e]
RSSI: -90 [da:07:ab:dc:0a:7b]
RSSI: -70 [da:0f:34:a2:10:1c]
RSSI: -79 [da:0c:98:f0:0c:8e]
RSSI: -78 [da:0f:34:a2:10:1c]
RSSI: -78 [da:0c:98:f0:0c:8e]
RSSI: -83 [da:0c:98:fe:0c:be]
RSSI: -70 [da:0f:34:af:10:3c]
RSSI: -79 [da:0c:98:fe:0c:be]
RSSI: -80 [da:0c:99:0b:0c:de]
RSSI: -82 [da:0c:99:0b:0c:de]
RSSI: -81 [da:0c:99:1a:0d:0e]
RSSI: -76 [da:0f:34:ce:10:ac]
RSSI: -85 [da:0c:99:1a:0d:0e]
RSSI: -72 [da:0f:34:ce:10:ac]
RSSI: -80 [da:0c:99:28:0d:2e]
RSSI: -76 [da:0f:34:db:10:cc]
RSSI: -74 [da:0f:34:eb:10:fc]
RSSI: -74 [da:0f:34:eb:10:fc]
RSSI: -76 [da:0f:34:eb:10:fc]
RSSI: -85 [da:0c:99:43:0d:7e]
RSSI: -86 [da:0c:99:43:0d:7e]
RSSI: -75 [da:0f:34:fb:11:3c]
RSSI: -84 [da:0c:99:52:0d:ae]
RSSI: -79 [da:0f:35:07:11:5c]
RSSI: -77 [da:0f:35:07:11:5c]
RSSI: -87 [da:0c:99:5e:0d:ce]
RSSI: -89 [da:07:ac:4e:0b:bb]
RSSI: -82 [da:0f:35:17:11:8c]
RSSI: -80 [da:0f:35:17:11:8c]
RSSI: -94 [da:09:90:61:15:3a]
RSSI: -88 [da:0f:35:33:11:ec]
RSSI: -90 [da:07:ac:6a:0c:0b]
RSSI: -92 [da:0c:99:88:0e:3e]
RSSI: -89 [da:07:ac:88:0c:6b]
RSSI: -84 [da:0f:35:53:12:4c]
RSSI: -83 [da:0f:35:60:12:7c]
RSSI: -90 [da:07:ac:a4:0c:bb]
RSSI: -82 [da:0f:35:60:12:7c]
RSSI: -92 [da:07:ac:a4:0c:bb]
RSSI: -84 [da:0f:35:70:12:ac]
RSSI: -88 [da:0c:99:c0:0e:ee]
RSSI: -89 [da:07:ac:b3:0c:eb]
RSSI: -85 [da:0f:35:7f:12:dc]
RSSI: -84 [da:0f:35:7f:12:dc]
RSSI: -86 [da:0f:35:8c:13:0c]
RSSI: -87 [da:0f:35:8c:13:0c]
RSSI: -89 [da:0c:99:ea:0f:5e]
RSSI: -89 [da:0c:99:f8:0f:8e]
RSSI: -93 [da:0c:9a:05:0f:ae]
RSSI: -88 [da:0c:9a:22:0f:fe]
RSSI: -90 [da:09:91:05:00:ea]
RSSI: -94 [da:0c:9a:3d:10:4e]
RSSI: -90 [da:0c:9a:3d:10:4e]
RSSI: -91 [da:0c:9a:4c:10:6e]
RSSI: -89 [da:0c:9a:58:10:9e]
RSSI: -88 [da:0c:9a:75:10:ee]
RSSI: -89 [da:0c:9a:82:11:0e]
RSSI: -89 [da:0f:36:31:15:0c]
RSSI: -88 [da:0c:9a:82:11:0e]
RSSI: -88 [da:0c:9a:91:11:3e]
RSSI: -89 [da:0c:9a:9f:11:5e]
RSSI: -92 [da:0c:9a:ba:11:ae]
RSSI: -91 [da:0c:9a:ba:11:ae]
RSSI: -89 [da:0c:9a:ba:11:ae]
RSSI: -89 [da:0c:9a:d5:11:fe]
RSSI: -89 [da:0c:9a:d5:11:fe]
RSSI: -90 [da:0c:9a:d5:11:fe]
RSSI: -90 [da:0c:9a:e4:12:2e]
RSSI: -94 [da:0f:36:a6:16:7c]
RSSI: -90 [da:0c:9b:1c:12:ce]
RSSI: -90 [da:07:ae:0c:10:db]
RSSI: -88 [da:0c:9b:29:12:ee]
RSSI: -88 [da:07:ae:19:10:fb]
RSSI: -96 [da:0f:36:ef:00:ec]
RSSI: -100 [da:09:92:24:04:1a]
RSSI: -91 [da:0f:37:0f:01:4c]
RSSI: -91 [da:0c:9b:61:13:8e]
RSSI: -92 [da:0c:9b:70:13:be]
RSSI: -91 [da:0f:37:2c:01:ac]
RSSI: -88 [da:0c:9b:7d:13:de]
RSSI: -87 [da:0c:9b:8b:14:0e]
RSSI: -91 [da:0c:9b:a6:14:4e]
RSSI: -91 [da:0c:9b:b5:14:7e]
RSSI: -91 [da:0f:37:75:02:9c]
RSSI: -92 [da:09:92:bc:05:ba]
RSSI: -90 [da:0c:9b:ee:15:1e]
RSSI: -94 [da:0c:9b:fa:15:3e]
RSSI: -91 [da:0f:37:b1:03:5c]
RSSI: -93 [da:0c:9c:09:15:5e]
RSSI: -89 [da:09:92:f1:06:5a]
RSSI: -95 [da:07:af:10:13:cb]
RSSI: -87 [da:09:93:1a:06:ca]
RSSI: -93 [da:0f:37:ee:04:0c]
RSSI: -93 [da:0c:9c:41:15:fe]
RSSI: -86 [da:09:93:29:06:fa]
RSSI: -86 [da:09:93:37:07:1a]
RSSI: -85 [da:09:93:37:07:1a]
RSSI: -83 [da:09:93:44:07:3a]
RSSI: -88 [da:09:93:44:07:3a]
RSSI: -83 [da:09:93:52:07:6a]
RSSI: -85 [da:0f:38:27:04:cc]
RSSI: -87 [da:09:93:60:07:8a]
RSSI: -83 [da:09:93:60:07:8a]
RSSI: -85 [da:09:93:6d:07:aa]
RSSI: -79 [da:09:93:7b:07:da]
RSSI: -85 [da:09:93:89:07:fa]
RSSI: -87 [da:09:93:96:08:2a]
RSSI: -91 [da:0f:38:63:05:8c]
RSSI: -92 [da:0f:38:63:05:8c]
RSSI: -84 [da:09:93:96:08:2a]
RSSI: -80 [da:09:93:a4:08:4a]
RSSI: -86 [da:09:93:a4:08:4a]
RSSI: -85 [da:09:93:b3:08:7a]
RSSI: -78 [da:09:93:b3:08:7a]
RSSI: -86 [da:09:93:bf:08:9a]
RSSI: -84 [da:09:93:bf:08:9a]
RSSI: -94 [da:0c:9c:e9:01:8e]
RSSI: -87 [da:09:93:ce:08:ba]
RSSI: -90 [da:0f:38:ad:06:6c]
RSSI: -87 [da:09:93:e8:09:0a]
RSSI: -86 [da:0f:38:bd:06:ac]
RSSI: -88 [da:09:93:f7:09:3a]
RSSI: -86 [da:09:93:f7:09:3a]
RSSI: -87 [da:09:94:05:09:5a]
RSSI: -89 [da:09:94:12:09:8a]
RSSI: -88 [da:09:94:12:09:8a]
RSSI: -85 [da:0f:38:f9:07:6c]
RSSI: -90 [da:0f:39:16:07:bc]
RSSI: -93 [da:0c:9d:74:03:1e]
RSSI: -83 [da:0f:39:26:07:fc]
RSSI: -83 [da:0f:39:32:08:1c]
RSSI: -89 [da:09:94:64:0a:6a]
RSSI: -83 [da:0f:39:32:08:1c]
RSSI: -92 [da:0c:9d:91:03:7e]
RSSI: -90 [da:09:94:73:0a:9a]
RSSI: -90 [da:09:94:73:0a:9a]
RSSI: -83 [da:0f:39:43:08:4c]
RSSI: -90 [da:09:94:73:0a:9a]
RSSI: -82 [da:0f:39:53:08:7c]
RSSI: -89 [da:09:94:81:0a:ba]
RSSI: -82 [da:0f:39:53:08:7c]
RSSI: -86 [da:07:b0:a2:01:db]
RSSI: -84 [da:07:b0:b2:01:fb]
RSSI: -87 [da:0f:39:6f:08:dc]
RSSI: -89 [da:0f:39:7f:09:0c]
RSSI: -82 [da:07:b0:c1:02:2b]
RSSI: -89 [da:0c:9d:d7:04:3e]
RSSI: -82 [da:07:b0:c1:02:2b]
RSSI: -86 [da:0f:39:8c:09:3c]
RSSI: -88 [da:0f:39:8c:09:3c]
RSSI: -80 [da:07:b0:ce:02:4b]
RSSI: -88 [da:0f:39:9c:09:6c]
RSSI: -79 [da:07:b0:dd:02:7b]
RSSI: -87 [da:0f:39:9c:09:6c]
RSSI: -78 [da:07:b0:dd:02:7b]
RSSI: -78 [da:07:b0:ed:02:ab]
RSSI: -92 [da:0f:39:b9:09:cc]
RSSI: -78 [da:07:b0:f9:02:cb]
RSSI: -76 [da:07:b1:09:02:fb]
RSSI: -75 [da:07:b1:09:02:fb]
RSSI: -77 [da:07:b1:09:02:fb]
RSSI: -76 [da:07:b1:18:03:2b]
RSSI: -91 [da:0c:9e:2b:05:2e]
RSSI: -76 [da:07:b1:25:03:4b]
RSSI: -91 [da:0c:9e:39:05:4e]
RSSI: -98 [da:09:95:33:0c:ba]
RSSI: -92 [da:0f:3a:05:0a:bc]
RSSI: -93 [da:0c:9e:63:05:ce]
RSSI: -74 [da:07:b1:50:03:cb]
RSSI: -73 [da:07:b1:50:03:cb]
RSSI: -74 [da:07:b1:60:03:fb]
RSSI: -75 [da:07:b1:60:03:fb]
RSSI: -75 [da:07:b1:6f:04:2b]
RSSI: -74 [da:07:b1:7c:04:4b]
RSSI: -74 [da:07:b1:7c:04:4b]
RSSI: -75 [da:07:b1:8b:04:7b]
RSSI: -76 [da:07:b1:9a:04:ab]
RSSI: -92 [da:0f:3a:5f:0b:dc]
RSSI: -76 [da:07:b1:9a:04:ab]
RSSI: -89 [da:0f:3a:5f:0b:dc]
RSSI: -78 [da:07:b1:b7:04:fb]
RSSI: -79 [da:07:b1:b7:04:fb]
RSSI: -84 [da:0f:3a:7c:0c:3c]
RSSI: -81 [da:07:b1:c6:05:2b]
RSSI: -79 [da:07:b1:c6:05:2b]
RSSI: -87 [da:0f:3a:8c:0c:6c]
RSSI: -82 [da:07:b1:d3:05:4b]
RSSI: -84 [da:0f:3a:98:0c:9c]
RSSI: -84 [da:07:b1:d3:05:4b]
RSSI: -93 [da:0f:3a:98:0c:9c]
RSSI: -85 [da:07:b1:e2:05:7b]
RSSI: -84 [da:07:b1:e2:05:7b]
RSSI: -87 [da:07:b1:f2:05:ab]
RSSI: -93 [da:0f:3a:b8:0c:fc]
RSSI: -84 [da:07:b1:fe:05:cb]
RSSI: -84 [da:07:b2:0e:05:fb]
RSSI: -92 [da:0c:9f:20:07:ee]
RSSI: -88 [da:0f:3a:d5:0d:5c]
RSSI: -88 [da:0f:3a:e5:0d:8c]
RSSI: -83 [da:07:b2:2a:06:4b]
RSSI: -85 [da:07:b2:2a:06:4b]
RSSI: -88 [da:0f:3a:f2:0d:bc]
RSSI: -88 [da:0f:3a:f2:0d:bc]
RSSI: -85 [da:07:b2:39:06:7b]
RSSI: -85 [da:07:b2:39:06:7b]
RSSI: -87 [da:07:b2:49:06:ab]
RSSI: -80 [da:0f:3b:12:0e:1c]
RSSI: -88 [da:07:b2:55:06:cb]
RSSI: -81 [da:0f:3b:1f:0e:4c]
RSSI: -90 [da:07:b2:55:06:cb]
RSSI: -89 [da:07:b2:6e:07:0b]
RSSI: -87 [da:07:b2:6e:07:0b]
RSSI: -87 [da:07:b2:7a:07:3b]
RSSI: -86 [da:07:b2:87:07:5b]
RSSI: -84 [da:0f:3b:4c:0e:dc]
RSSI: -83 [da:0f:3b:4c:0e:dc]
RSSI: -85 [da:07:b2:97:07:8b]
RSSI: -85 [da:0f:3b:64:0f:2c]
RSSI: -84 [da:0f:3b:64:0f:2c]
RSSI: -87 [da:0f:3b:75:0f:5c]
RSSI: -90 [da:0c:9f:c9:09:ce]
RSSI: -77 [da:0f:3b:81:0f:8c]
RSSI: -90 [da:07:b2:c3:08:0b]
RSSI: -82 [da:0f:3b:81:0f:8c]
RSSI: -76 [da:0f:3b:91:0f:bc]
RSSI: -78 [da:0f:3b:a1:0f:ec]
RSSI: -77 [da:0f:3b:a1:0f:ec]
RSSI: -76 [da:0f:3b:ae:10:1c]
RSSI: -83 [da:0c:a0:02:0a:7e]
RSSI: -85 [da:0c:a0:02:0a:7e]
RSSI: -75 [da:0f:3b:be:10:4c]
RSSI: -82 [da:0c:a0:10:0a:9e]
RSSI: -87 [da:0f:3b:be:10:4c]
RSSI: -80 [da:0c:a0:10:0a:9e]
RSSI: -73 [da:0f:3b:cb:10:6c]
RSSI: -90 [da:07:b3:0a:08:db]
RSSI: -75 [da:0f:3b:cb:10:6c]
RSSI: -82 [da:0c:a0:1d:0a:ce]
RSSI: -81 [da:0c:a0:1d:0a:ce]
RSSI: -73 [da:0f:3b:d7:10:9c]
RSSI: -89 [da:07:b3:1a:09:0b]
RSSI: -79 [da:0c:a0:2c:0a:ee]
RSSI: -76 [da:0f:3b:e4:10:cc]
RSSI: -89 [da:07:b3:1a:09:0b]
RSSI: -78 [da:0f:3b:e4:10:cc]
RSSI: -74 [da:0f:3b:f1:10:ec]
RSSI: -77 [da:0c:a0:3b:0b:1e]
RSSI: -79 [da:0f:3b:f1:10:ec]
RSSI: -79 [da:0c:a0:47:0b:3e]
RSSI: -76 [da:0f:3b:fd:11:1c]
RSSI: -78 [da:0f:3b:fd:11:1c]
RSSI: -77 [da:0c:a0:47:0b:3e]
RSSI: -79 [da:0f:3b:fd:11:1c]
RSSI: -78 [da:0c:a0:56:0b:6e]
RSSI: -86 [da:07:b3:46:09:8b]
RSSI: -76 [da:0f:3c:0a:11:3c]
RSSI: -90 [da:07:b3:46:09:8b]
RSSI: -77 [da:0c:a0:65:0b:8e]
RSSI: -89 [da:07:b3:55:09:bb]
RSSI: -77 [da:0c:a0:65:0b:8e]
RSSI: -77 [da:0f:3c:23:11:8c]
RSSI: -77 [da:0c:a0:72:0b:be]
RSSI: -78 [da:0c:a0:81:0b:de]
RSSI: -82 [da:0f:3c:30:11:bc]
RSSI: -90 [da:07:b3:71:0a:0b]
RSSI: -78 [da:0c:a0:81:0b:de]
RSSI: -77 [da:0c:a0:81:0b:de]
RSSI: -88 [da:0f:3c:3d:11:dc]
RSSI: -82 [da:0c:a0:8f:0c:0e]
RSSI: -90 [da:07:b3:81:0a:3b]
RSSI: -78 [da:0c:a0:9c:0c:2e]
RSSI: -79 [da:0c:a0:9c:0c:2e]
RSSI: -87 [da:0f:3c:56:12:2c]
RSSI: -79 [da:0c:a0:9c:0c:2e]
RSSI: -87 [da:0f:3c:56:12:2c]
RSSI: -78 [da:0c:a0:ab:0c:5e]
RSSI: -76 [da:0c:a0:ba:0c:7e]
RSSI: -84 [da:0f:3c:70:12:7c]
RSSI: -76 [da:0c:a0:ba:0c:7e]
RSSI: -88 [da:0f:3c:7c:12:9c]
RSSI: -79 [da:0c:a0:c6:0c:ae]
RSSI: -83 [da:0f:3c:7c:12:9c]
RSSI: -78 [da:0c:a0:d5:0c:ce]
RSSI: -79 [da:0c:a0:d5:0c:ce]
RSSI: -79 [da:0c:a0:e4:0c:fe]
RSSI: -80 [da:0c:a0:f1:0d:1e]
RSSI: -77 [da:0c:a0:f1:0d:1e]
RSSI: -77 [da:0c:a0:f1:0d:1e]
RSSI: -81 [da:0c:a1:00:0d:4e]
RSSI: -79 [da:0c:a1:0f:0d:7e]
RSSI: -79 [da:0c:a1:0f:0d:7e]
RSSI: -80 [da:0c:a1:1b:0d:9e]
RSSI: -81 [da:0c:a1:1b:0d:9e]
RSSI: -84 [da:0c:a1:2a:0d:ce]
RSSI: -85 [da:0f:3c:e2:13:dc]
RSSI: -83 [da:0c:a1:2a:0d:ce]
RSSI: -84 [da:0c:a1:39:0d:fe]
RSSI: -87 [da:0c:a1:39:0d:fe]
RSSI: -87 [da:0c:a1:46:0e:1e]
RSSI: -88 [da:0f:3d:08:14:5c]
RSSI: -96 [da:0c:a1:55:0e:4e]
RSSI: -89 [da:0f:3d:15:14:8c]
RSSI: -88 [da:0c:a1:70:0e:9e]
RSSI: -87 [da:0f:3d:2e:14:dc]
RSSI: -87 [da:0c:a1:7f:0e:be]
RSSI: -89 [da:0c:a1:8e:0e:ee]
RSSI: -87 [da:0c:a1:9a:0f:0e]
RSSI: -90 [da:0c:a1:a9:0f:3e]
RSSI: -89 [da:0c:a1:b8:0f:5e]
RSSI: -87 [da:0f:3d:6d:15:9c]
RSSI: -90 [da:0c:a1:c5:0f:8e]
RSSI: -92 [da:0c:a1:d4:0f:ae]
RSSI: -94 [da:0c:a1:e3:0f:de]
RSSI: -94 [da:0f:3d:ba:00:0c]
RSSI: -91 [da:0c:a2:0d:10:5e]
RSSI: -92 [da:09:98:ef:00:ea]
RSSI: -91 [da:0c:a2:0d:10:5e]
RSSI: -87 [da:0f:3d:c7:00:2c]
RSSI: -92 [da:09:98:fd:01:1a]
RSSI: -90 [da:0c:a2:1a:10:7e]
RSSI: -89 [da:0c:a2:1a:10:7e]
RSSI: -89 [da:0c:a2:38:10:ce]
RSSI: -88 [da:0c:a2:45:10:fe]
RSSI: -89 [da:0c:a2:45:10:fe]
RSSI: -86 [da:0c:a2:54:11:1e]
RSSI: -92 [da:09:99:42:01:da]
RSSI: -94 [da:0f:3e:13:01:1c]
RSSI: -90 [da:0c:a2:62:11:4e]
RSSI: -88 [da:0f:3e:20:01:4c]
RSSI: -91 [da:07:b5:6f:0f:db]
RSSI: -94 [da:09:99:5f:02:2a]
RSSI: -90 [da:0c:a2:a9:12:1e]
RSSI: -88 [da:0c:a2:b8:12:3e]
RSSI: -95 [da:09:99:96:02:ba]
RSSI: -88 [da:0c:a2:b8:12:3e]
RSSI: -92 [da:0f:3e:6c:02:3c]
RSSI: -91 [da:07:b5:aa:10:8b]
RSSI: -90 [da:0c:a2:c4:12:6e]
RSSI: -94 [da:07:b5:c7:10:db]
RSSI: -91 [da:0c:a2:e2:12:be]
RSSI: -90 [da:07:b5:e6:11:3b]
RSSI: -90 [da:07:b5:f3:11:5b]
RSSI: -90 [da:0c:a3:0d:13:2e]
RSSI: -89 [da:0c:a3:19:13:5e]
RSSI: -94 [da:0c:a3:37:13:ae]
RSSI: -91 [da:0c:a3:44:13:ce]
RSSI: -86 [da:0c:a3:44:13:ce]
RSSI: -91 [da:0c:a3:62:14:2e]
RSSI: -91 [da:0c:a3:62:14:2e]
RSSI: -87 [da:0c:a3:6f:14:4e]
RSSI: -89 [da:0c:a3:7e:14:7e]
RSSI: -95 [da:09:9a:76:05:2a]
RSSI: -92 [da:0f:3f:46:04:ec]
RSSI: -92 [da:07:b6:96:13:3b]
RSSI: -91 [da:0c:a3:a8:14:ee]
RSSI: -91 [da:07:b6:96:13:3b]
RSSI: -92 [da:0c:a3:b7:15:1e]
RSSI: -92 [da:0c:a3:c4:15:3e]
RSSI: -92 [da:0c:a3:d3:15:6e]
RSSI: -93 [da:0f:3f:9f:05:fc]
RSSI: -90 [da:07:b6:de:14:0b]
RSSI: -88 [da:09:9a:e5:06:6a]
RSSI: -89 [da:09:9a:f4:06:9a]
RSSI: -85 [da:09:9b:0f:06:da]
RSSI: -90 [da:07:b7:1a:14:bb]
RSSI: -84 [da:09:9b:0f:06:da]
RSSI: -90 [da:09:9b:1e:07:0a]
RSSI: -81 [da:09:9b:1e:07:0a]
RSSI: -91 [da:09:9b:2c:07:3a]
RSSI: -91 [da:09:9b:39:07:5a]
RSSI: -86 [da:0f:40:12:07:6c]
RSSI: -86 [da:0f:40:12:07:6c]
RSSI: -81 [da:09:9b:48:07:7a]
RSSI: -87 [da:0f:40:1f:07:9c]
RSSI: -94 [da:09:9b:63:07:ca]
RSSI: -86 [da:0f:40:39:07:ec]
RSSI: -84 [da:0f:40:39:07:ec]
RSSI: -84 [da:0f:40:39:07:ec]
RSSI: -86 [da:0f:40:45:08:0c]
RSSI: -92 [da:09:9b:8d:08:4a]
RSSI: -85 [da:09:9b:8d:08:4a]
RSSI: -88 [da:09:9b:9c:08:6a]
RSSI: -78 [da:09:9b:aa:08:9a]
RSSI: -87 [da:0f:40:86:08:dc]
RSSI: -84 [da:09:9b:b7:08:ba]
RSSI: -87 [da:0f:40:86:08:dc]
RSSI: -78 [da:09:9b:b7:08:ba]
RSSI: -82 [da:09:9b:c6:08:ea]
RSSI: -84 [da:0f:40:9f:09:3c]
RSSI: -85 [da:09:9b:d4:09:0a]
RSSI: -85 [da:0f:40:ac:09:5c]
RSSI: -85 [da:0f:40:ac:09:5c]
RSSI: -88 [da:0f:40:b9:09:8c]
RSSI: -86 [da:09:9b:f0:09:5a]
RSSI: -89 [da:09:9b:fe:09:8a]
RSSI: -90 [da:09:9b:fe:09:8a]
RSSI: -95 [da:07:b8:2f:01:5b]
RSSI: -93 [da:07:b8:3f:01:8b]
RSSI: -90 [da:0c:a5:63:03:7e]
RSSI: -89 [da:09:9c:52:0a:7a]
RSSI: -88 [da:0c:a5:6f:03:9e]
RSSI: -88 [da:07:b8:6b:02:0b]
RSSI: -91 [da:09:9c:5f:0a:9a]
RSSI: -83 [da:07:b8:7b:02:2b]
RSSI: -86 [da:07:b8:7b:02:2b]
RSSI: -81 [da:07:b8:87:02:5b]
RSSI: -85 [da:07:b8:97:02:7b]
RSSI: -94 [da:09:9c:89:0b:0a]
RSSI: -82 [da:07:b8:97:02:7b]
RSSI: -86 [da:07:b8:a7:02:ab]
RSSI: -88 [da:0f:41:6d:0b:cc]
RSSI: -84 [da:07:b8:a7:02:ab]
RSSI: -83 [da:07:b8:c3:02:fb]
RSSI: -91 [da:0f:41:87:0c:1c]
RSSI: -83 [da:07:b8:c3:02:fb]
RSSI: -83 [da:07:b8:d3:03:2b]
RSSI: -83 [da:07:b8:d3:03:2b]
RSSI: -82 [da:07:b8:e0:03:5b]
RSSI: -83 [da:07:b8:e0:03:5b]
RSSI: -82 [da:07:b8:ef:03:8b]
RSSI: -82 [da:07:b8:ef:03:8b]
RSSI: -96 [da:09:9c:ec:0c:2a]
RSSI: -83 [da:07:b8:ff:03:bb]
RSSI: -82 [da:07:b8:ff:03:bb]
RSSI: -84 [da:0f:41:c7:0c:ec]
RSSI: -82 [da:07:b9:0c:03:db]
RSSI: -93 [da:0c:a6:2a:05:be]
RSSI: -82 [da:07:b9:2b:04:3b]
RSSI: -82 [da:07:b9:2b:04:3b]
RSSI: -85 [da:0f:41:ee:0d:6c]
RSSI: -84 [da:07:b9:38:04:5b]
RSSI: -83 [da:07:b9:38:04:5b]
RSSI: -81 [da:0f:42:08:0d:bc]
RSSI: -84 [da:0f:42:14:0d:dc]
RSSI: -80 [da:0f:42:21:0e:0c]
RSSI: -94 [da:0c:a6:80:06:ae]
RSSI: -84 [da:0f:42:48:0e:8c]
RSSI: -90 [da:07:b9:84:05:3b]
RSSI: -90 [da:0f:42:62:0e:dc]
RSSI: -87 [da:0f:42:6f:0e:fc]
RSSI: -85 [da:0f:42:7c:0f:2c]
RSSI: -82 [da:0f:42:88:0f:4c]
RSSI: -82 [da:0f:42:88:0f:4c]
RSSI: -83 [da:0f:42:95:0f:7c]
RSSI: -80 [da:0f:42:95:0f:7c]
RSSI: -81 [da:0f:42:a2:0f:ac]
RSSI: -78 [da:0f:42:af:0f:cc]
RSSI: -78 [da:0f:42:af:0f:cc]
RSSI: -78 [da:0f:42:af:0f:cc]
RSSI: -83 [da:0f:42:bc:0f:fc]
RSSI: -76 [da:0f:42:bc:0f:fc]
RSSI: -81 [da:0f:42:c9:10:2c]
RSSI: -75 [da:0f:42:d6:10:4c]
RSSI: -75 [da:0f:42:d6:10:4c]
RSSI: -75 [da:0f:42:d6:10:4c]
RSSI: -74 [da:0f:42:d6:10:4c]
RSSI: -80 [da:0f:42:e3:10:7c]
RSSI: -75 [da:0f:42:e3:10:7c]
RSSI: -75 [da:0f:42:f0:10:9c]
RSSI: -79 [da:0f:42:f0:10:9c]
RSSI: -75 [da:0f:42:fc:10:cc]
RSSI: -75 [da:0f:42:fc:10:cc]
RSSI: -77 [da:0f:43:09:10:ec]
RSSI: -75 [da:0f:43:09:10:ec]
RSSI: -77 [da:0f:43:16:11:1c]
RSSI: -78 [da:0f:43:16:11:1c]
RSSI: -76 [da:0f:43:23:11:4c]
RSSI: -82 [da:0f:43:30:11:6c]
RSSI: -77 [da:0f:43:30:11:6c]
RSSI: -77 [da:0f:43:30:11:6c]
RSSI: -80 [da:0f:43:3d:11:9c]
RSSI: -88 [da:0c:a7:91:09:ce]
RSSI: -86 [da:0f:43:3d:11:9c]
RSSI: -80 [da:0f:43:4a:11:bc]
RSSI: -89 [da:0c:a7:9d:09:ee]
RSSI: -86 [da:0f:43:57:11:ec]
RSSI: -90 [da:0f:43:64:12:0c]
RSSI: -93 [da:0f:43:71:12:3c]
RSSI: -90 [da:07:ba:aa:08:9b]
RSSI: -90 [da:0c:a7:d8:0a:9e]
RSSI: -90 [da:07:ba:c7:08:eb]
RSSI: -86 [da:0f:43:8b:12:8c]
RSSI: -90 [da:0c:a7:d8:0a:9e]
RSSI: -84 [da:0c:a7:e7:0a:be]
RSSI: -88 [da:07:ba:d7:09:1b]
RSSI: -84 [da:0c:a7:e7:0a:be]
RSSI: -88 [da:07:ba:d7:09:1b]
RSSI: -83 [da:0c:a7:f3:0a:ee]
RSSI: -82 [da:0c:a7:f3:0a:ee]
RSSI: -87 [da:07:ba:e6:09:4b]
RSSI: -82 [da:0c:a8:03:0b:0e]
RSSI: -88 [da:07:ba:f3:09:6b]
RSSI: -81 [da:0c:a8:03:0b:0e]
RSSI: -89 [da:0f:43:be:13:2c]
RSSI: -79 [da:0c:a8:12:0b:3e]
RSSI: -80 [da:0c:a8:12:0b:3e]
RSSI: -89 [da:07:bb:03:09:9b]
RSSI: -79 [da:0c:a8:1e:0b:5e]
RSSI: -78 [da:0c:a8:1e:0b:5e]
RSSI: -78 [da:0c:a8:2e:0b:8e]
RSSI: -78 [da:0c:a8:2e:0b:8e]
RSSI: -78 [da:0c:a8:3d:0b:be]
RSSI: -77 [da:0c:a8:3d:0b:be]
RSSI: -78 [da:0c:a8:3d:0b:be]
RSSI: -78 [da:0c:a8:49:0b:de]
RSSI: -90 [da:07:bb:3f:0a:4b]
RSSI: -76 [da:0c:a8:49:0b:de]
RSSI: -77 [da:0c:a8:59:0c:0e]
RSSI: -91 [da:07:bb:4c:0a:7b]
RSSI: -77 [da:0c:a8:68:0c:2e]
RSSI: -75 [da:0c:a8:74:0c:5e]
RSSI: -92 [da:0f:44:26:14:7c]
RSSI: -76 [da:0c:a8:74:0c:5e]
RSSI: -78 [da:0c:a8:84:0c:7e]
RSSI: -75 [da:0c:a8:84:0c:7e]
RSSI: -77 [da:0c:a8:93:0c:ae]
RSSI: -77 [da:0c:a8:93:0c:ae]
RSSI: -78 [da:0c:a8:a0:0c:de]
RSSI: -78 [da:0c:a8:a0:0c:de]
RSSI: -78 [da:0c:a8:a0:0c:de]
RSSI: -76 [da:0c:a8:af:0c:fe]
RSSI: -78 [da:0c:a8:af:0c:fe]
RSSI: -78 [da:0c:a8:be:0d:2e]
RSSI: -87 [da:0f:44:74:15:6c]
RSSI: -76 [da:0c:a8:be:0d:2e]
RSSI: -79 [da:0c:a8:cb:0d:5e]
RSSI: -79 [da:0c:a8:cb:0d:5e]
RSSI: -81 [da:0c:a8:da:0d:7e]
RSSI: -80 [da:0c:a8:da:0d:7e]
RSSI: -80 [da:0c:a8:e9:0d:ae]
RSSI: -80 [da:0c:a8:e9:0d:ae]
RSSI: -82 [da:0c:a8:f6:0d:ce]
RSSI: -83 [da:0c:a8:f6:0d:ce]
RSSI: -86 [da:0c:a9:05:0d:fe]
RSSI: -86 [da:0c:a9:05:0d:fe]
RSSI: -85 [da:0f:44:c2:16:5c]
RSSI: -85 [da:0f:44:cf:00:0c]
RSSI: -91 [da:0c:a9:21:0e:4e]
RSSI: -88 [da:0c:a9:40:0e:9e]
RSSI: -93 [da:07:bc:2a:0c:fb]
RSSI: -87 [da:0c:a9:4c:0e:be]
RSSI: -88 [da:0c:a9:4c:0e:be]
RSSI: -86 [da:0c:a9:5c:0e:ee]
RSSI: -86 [da:0c:a9:5c:0e:ee]
RSSI: -85 [da:0c:a9:6b:0f:1e]
RSSI: -86 [da:0c:a9:77:0f:3e]
RSSI: -88 [da:0c:a9:87:0f:6e]
RSSI: -91 [da:0c:a9:87:0f:6e]
RSSI: -89 [da:0f:45:44:01:7c]
RSSI: -87 [da:0c:a9:96:0f:9e]
RSSI: -87 [da:0c:a9:a3:0f:be]
RSSI: -99 [da:09:a0:88:00:2a]
RSSI: -87 [da:0c:a9:b2:0f:ee]
RSSI: -88 [da:0f:45:6b:01:ec]
RSSI: -88 [da:0f:45:78:02:1c]
RSSI: -86 [da:0c:a9:ce:10:3e]
RSSI: -87 [da:0c:a9:dd:10:6e]
RSSI: -85 [da:0f:45:92:02:6c]
RSSI: -87 [da:0c:a9:dd:10:6e]
RSSI: -87 [da:0c:a9:ec:10:9e]
RSSI: -86 [da:0f:45:9f:02:9c]
RSSI: -88 [da:0c:a9:ec:10:9e]
RSSI: -87 [da:0c:a9:f9:10:be]
RSSI: -88 [da:0c:a9:f9:10:be]
RSSI: -87 [da:0c:aa:08:10:ee]
RSSI: -86 [da:0c:aa:18:11:0e]
RSSI: -86 [da:0c:aa:24:11:3e]
RSSI: -90 [da:0f:45:e0:03:5c]
RSSI: -88 [da:0c:aa:34:11:5e]
RSSI: -86 [da:0c:aa:34:11:5e]
RSSI: -93 [da:0c:aa:43:11:8e]
RSSI: -87 [da:0c:aa:50:11:ae]
RSSI: -93 [da:09:a1:32:02:0a]
RSSI: -88 [da:0c:aa:5f:11:de]
RSSI: -90 [da:0f:46:14:04:0c]
RSSI: -89 [da:0f:46:21:04:2c]
RSSI: -93 [da:0f:46:3b:04:7c]
RSSI: -87 [da:0c:aa:8a:12:5e]
RSSI: -90 [da:0c:aa:9a:12:7e]
RSSI: -92 [da:0f:46:55:04:dc]
RSSI: -90 [da:0c:aa:a6:12:ae]
RSSI: -90 [da:0f:46:55:04:dc]
RSSI: -90 [da:0c:aa:c5:12:fe]
RSSI: -91 [da:0f:46:7c:05:4c]
RSSI: -90 [da:0f:46:89:05:7c]
RSSI: -91 [da:0c:aa:e1:13:4e]
RSSI: -90 [da:0c:aa:f0:13:7e]
RSSI: -91 [da:0c:aa:fd:13:9e]
RSSI: -89 [da:0c:aa:fd:13:9e]
RSSI: -91 [da:0f:46:b1:05:fc]
RSSI: -89 [da:0f:46:d8:06:6c]
RSSI: -90 [da:0c:ab:28:14:1e]
RSSI: -90 [da:0c:ab:28:14:1e]
RSSI: -88 [da:0c:ab:38:14:4e]
RSSI: -91 [da:0c:ab:47:14:7e]
RSSI: -84 [da:0f:46:ff:06:ec]
RSSI: -88 [da:0f:47:0c:07:1c]
RSSI: -92 [da:09:a2:50:05:2a]
RSSI: -86 [da:0f:47:26:07:6c]
RSSI: -88 [da:0f:47:33:07:9c]
RSSI: -92 [da:09:a2:5c:05:5a]
RSSI: -90 [da:0f:47:40:07:bc]
RSSI: -95 [da:0c:ab:8e:15:3e]
RSSI: -87 [da:0f:47:4d:07:ec]
RSSI: -90 [da:0f:47:5b:08:1c]
RSSI: -90 [da:07:be:9b:14:2b]
RSSI: -91 [da:0c:ab:aa:15:8e]
RSSI: -85 [da:0f:47:75:08:6c]
RSSI: -89 [da:07:be:ab:14:4b]
RSSI: -89 [da:0f:47:75:08:6c]
RSSI: -92 [da:09:a2:b2:06:4a]
RSSI: -90 [da:0f:47:9c:08:ec]
RSSI: -91 [da:07:be:d8:14:cb]
RSSI: -85 [da:09:a2:d0:06:9a]
RSSI: -83 [da:09:a2:dd:06:ba]
RSSI: -89 [da:0f:47:b6:09:3c]
RSSI: -86 [da:09:a2:ec:06:ea]
RSSI: -87 [da:09:a2:ec:06:ea]
RSSI: -84 [da:09:a2:fb:07:0a]
RSSI: -85 [da:09:a2:fb:07:0a]
RSSI: -86 [da:0f:47:d1:09:8c]
RSSI: -84 [da:09:a3:07:07:3a]
RSSI: -84 [da:09:a3:07:07:3a]
RSSI: -86 [da:0f:47:dd:09:ac]
RSSI: -84 [da:09:a3:17:07:5a]
RSSI: -94 [da:07:bf:31:15:db]
RSSI: -80 [da:09:a3:26:07:8a]
RSSI: -89 [da:09:a3:32:07:aa]
RSSI: -86 [da:09:a3:32:07:aa]
RSSI: -83 [da:09:a3:41:07:da]
RSSI: -78 [da:09:a3:50:08:0a]
RSSI: -85 [da:09:a3:5d:08:2a]
RSSI: -76 [da:09:a3:5d:08:2a]
RSSI: -81 [da:09:a3:6c:08:5a]
RSSI: -85 [da:09:a3:7b:08:7a]
RSSI: -77 [da:09:a3:88:08:aa]
RSSI: -83 [da:09:a3:97:08:ca]
RSSI: -77 [da:09:a3:97:08:ca]
RSSI: -86 [da:09:a3:a6:08:fa]
RSSI: -85 [da:09:a3:a6:08:fa]
RSSI: -86 [da:09:a3:b3:09:1a]
RSSI: -93 [da:0f:48:9d:0c:1c]
RSSI: -91 [da:07:bf:e5:01:5b]
RSSI: -87 [da:0f:48:aa:0c:4c]
RSSI: -90 [da:07:bf:e5:01:5b]
RSSI: -87 [da:07:bf:f5:01:8b]
RSSI: -86 [da:07:bf:f5:01:8b]
RSSI: -92 [da:0c:ad:0c:03:1e]
RSSI: -84 [da:0f:48:c5:0c:9c]
RSSI: -84 [da:07:c0:01:01:ab]
RSSI: -84 [da:07:c0:11:01:db]
RSSI: -82 [da:0f:48:d1:0c:bc]
RSSI: -82 [da:07:c0:11:01:db]
RSSI: -90 [da:0c:ad:2b:03:7e]
RSSI: -80 [da:07:c0:21:02:0b]
RSSI: -82 [da:07:c0:21:02:0b]
RSSI: -86 [da:0c:ad:38:03:9e]
RSSI: -80 [da:07:c0:2e:02:3b]
RSSI: -88 [da:0c:ad:47:03:ce]
RSSI: -80 [da:07:c0:3e:02:6b]
RSSI: -77 [da:07:c0:3e:02:6b]
RSSI: -85 [da:0f:49:06:0d:6c]
RSSI: -79 [da:07:c0:4e:02:9b]
RSSI: -80 [da:07:c0:4e:02:9b]
RSSI: -89 [da:0c:ad:63:04:1e]
RSSI: -78 [da:07:c0:5b:02:bb]
RSSI: -79 [da:07:c0:5b:02:bb]
RSSI: -81 [da:0f:49:20:0d:bc]
RSSI: -91 [da:0c:ad:73:04:4e]
RSSI: -91 [da:0f:49:2e:0d:ec]
RSSI: -76 [da:07:c0:6b:02:eb]
RSSI: -77 [da:07:c0:6b:02:eb]
RSSI: -90 [da:0c:ad:82:04:6e]
RSSI: -78 [da:07:c0:7b:03:1b]
RSSI: -83 [da:0f:49:3b:0e:1c]
RSSI: -76 [da:07:c0:7b:03:1b]
RSSI: -77 [da:07:c0:88:03:3b]
RSSI: -88 [da:0f:49:55:0e:6c]
RSSI: -77 [da:07:c0:98:03:6b]
RSSI: -76 [da:07:c0:98:03:6b]
RSSI: -83 [da:0f:49:62:0e:9c]
RSSI: -75 [da:07:c0:a8:03:9b]
RSSI: -77 [da:07:c0:a8:03:9b]
RSSI: -89 [da:0c:ad:bb:05:1e]
RSSI: -75 [da:07:c0:b5:03:bb]
RSSI: -86 [da:0f:49:8a:0f:1c]
RSSI: -76 [da:07:c0:c5:03:eb]
RSSI: -89 [da:0c:ad:da:05:6e]
RSSI: -94 [da:0f:49:8a:0f:1c]
RSSI: -75 [da:07:c0:c5:03:eb]
RSSI: -90 [da:0c:ad:da:05:6e]
RSSI: -79 [da:07:c0:d5:04:1b]
RSSI: -76 [da:07:c0:d5:04:1b]
RSSI: -77 [da:0f:49:b1:0f:8c]
RSSI: -80 [da:0f:49:b1:0f:8c]
RSSI: -81 [da:07:c0:f2:04:7b]
RSSI: -87 [da:0c:ae:05:05:ee]
RSSI: -78 [da:0f:49:be:0f:bc]
RSSI: -81 [da:07:c0:f2:04:7b]
RSSI: -81 [da:07:c1:02:04:ab]
RSSI: -75 [da:0f:49:cb:0f:ec]
RSSI: -80 [da:0f:49:d9:10:0c]
RSSI: -85 [da:07:c1:1f:04:fb]
RSSI: -93 [da:0c:ae:31:06:6e]
RSSI: -74 [da:0f:49:e5:10:3c]
RSSI: -72 [da:0f:49:f3:10:6c]
RSSI: -72 [da:0f:49:f3:10:6c]
RSSI: -75 [da:0f:49:f3:10:6c]
RSSI: -77 [da:0f:4a:00:10:8c]
RSSI: -79 [da:0f:4a:0d:10:bc]
RSSI: -76 [da:0f:4a:1a:10:dc]
RSSI: -79 [da:0f:4a:1a:10:dc]
RSSI: -77 [da:0f:4a:28:11:0c]
RSSI: -88 [da:07:c1:65:05:bb]
RSSI: -76 [da:0f:4a:28:11:0c]
RSSI: -79 [da:0f:4a:34:11:2c]
RSSI: -90 [da:07:c1:71:05:eb]
RSSI: -78 [da:0f:4a:34:11:2c]
RSSI: -80 [da:0f:4a:34:11:2c]
RSSI: -77 [da:0f:4a:42:11:5c]
RSSI: -76 [da:0f:4a:42:11:5c]
RSSI: -90 [da:07:c1:81:06:1b]
RSSI: -79 [da:0f:4a:42:11:5c]
RSSI: -85 [da:0f:4a:4f:11:8c]
RSSI: -78 [da:0f:4a:4f:11:8c]
RSSI: -80 [da:0f:4a:5c:11:ac]
RSSI: -89 [da:0c:ae:a5:07:be]
RSSI: -89 [da:07:c1:9e:06:6b]
RSSI: -79 [da:0f:4a:69:11:dc]
RSSI: -92 [da:07:c1:9e:06:6b]
RSSI: -82 [da:0f:4a:69:11:dc]
RSSI: -88 [da:0c:ae:c1:08:0e]
RSSI: -81 [da:0f:4a:77:12:0c]
RSSI: -88 [da:0c:ae:e0:08:6e]
RSSI: -85 [da:0f:4a:91:12:5c]
RSSI: -88 [da:0f:4a:91:12:5c]
RSSI: -92 [da:09:a5:c5:0e:fa]
RSSI: -91 [da:07:c1:e1:07:2b]
RSSI: -89 [da:0f:4a:ab:12:ac]
RSSI: -90 [da:07:c1:ee:07:4b]
RSSI: -84 [da:0f:4a:b9:12:cc]
RSSI: -90 [da:0c:af:0c:08:de]
RSSI: -83 [da:0f:4a:c6:12:fc]
RSSI: -95 [da:07:c2:07:07:9b]
RSSI: -90 [da:0c:af:28:09:3e]
RSSI: -83 [da:0f:4a:e0:13:4c]
RSSI: -81 [da:0f:4a:ee:13:7c]
RSSI: -85 [da:0f:4a:ee:13:7c]
RSSI: -86 [da:0c:af:44:09:8e]
RSSI: -88 [da:0c:af:44:09:8e]
RSSI: -86 [da:0f:4a:fa:13:9c]
RSSI: -88 [da:0f:4b:08:13:cc]
RSSI: -91 [da:09:a6:37:10:3a]
RSSI: -88 [da:0c:af:63:09:de]
RSSI: -88 [da:0f:4b:22:14:1c]
RSSI: -89 [da:0c:af:70:0a:0e]
RSSI: -85 [da:0f:4b:22:14:1c]
RSSI: -90 [da:0c:af:70:0a:0e]
RSSI: -83 [da:0f:4b:2f:14:4c]
RSSI: -87 [da:0f:4b:2f:14:4c]
RSSI: -91 [da:0c:af:7f:0a:2e]
RSSI: -83 [da:0f:4b:3d:14:6c]
RSSI: -83 [da:0f:4b:3d:14:6c]
RSSI: -85 [da:0f:4b:3d:14:6c]
RSSI: -86 [da:0f:4b:57:14:cc]
RSSI: -85 [da:0f:4b:57:14:cc]
RSSI: -85 [da:0f:4b:57:14:cc]
RSSI: -83 [da:0f:4b:64:14:ec]
RSSI: -81 [da:0c:af:bb:0a:de]
RSSI: -88 [da:0f:4b:71:15:1c]
RSSI: -80 [da:0c:af:c7:0a:fe]
RSSI: -86 [da:0f:4b:7f:15:4c]
RSSI: -79 [da:0c:af:d7:0b:2e]
RSSI: -85 [da:0f:4b:8c:15:6c]
RSSI: -80 [da:0c:af:d7:0b:2e]
RSSI: -85 [da:0f:4b:8c:15:6c]
RSSI: -78 [da:0c:af:e6:0b:5e]
RSSI: -75 [da:0c:af:f3:0b:7e]
RSSI: -76 [da:0c:b0:03:0b:ae]
RSSI: -75 [da:0c:b0:03:0b:ae]
RSSI: -76 [da:0c:b0:12:0b:de]
RSSI: -77 [da:0c:b0:12:0b:de]
RSSI: -86 [da:0f:4b:ce:16:3c]
RSSI: -75 [da:0c:b0:1f:0c:0e]
RSSI: -75 [da:0c:b0:2f:0c:2e]
RSSI: -76 [da:0c:b0:2f:0c:2e]
RSSI: -76 [da:0c:b0:3e:0c:5e]
RSSI: -91 [da:0f:4b:e8:00:0c]
RSSI: -75 [da:0c:b0:3e:0c:5e]
RSSI: -90 [da:0f:4b:f6:00:2c]
RSSI: -77 [da:0c:b0:4b:0c:8e]
RSSI: -76 [da:0c:b0:4b:0c:8e]
RSSI: -76 [da:0c:b0:5b:0c:be]
RSSI: -76 [da:0c:b0:5b:0c:be]
RSSI: -75 [da:0c:b0:6a:0c:de]
RSSI: -76 [da:0c:b0:6a:0c:de]
RSSI: -77 [da:0c:b0:77:0d:0e]
RSSI: -75 [da:0c:b0:77:0d:0e]
RSSI: -79 [da:0c:b0:86:0d:2e]
RSSI: -78 [da:0c:b0:96:0d:5e]
RSSI: -79 [da:0c:b0:96:0d:5e]
RSSI: -91 [da:07:c3:91:0c:1b]
RSSI: -77 [da:0c:b0:a3:0d:7e]
RSSI: -79 [da:0c:b0:a3:0d:7e]
RSSI: -79 [da:0c:b0:b2:0d:ae]
RSSI: -81 [da:0c:b0:c2:0d:de]
RSSI: -82 [da:0c:b0:ce:0d:fe]
RSSI: -85 [da:0c:b0:ce:0d:fe]
RSSI: -86 [da:0c:b0:de:0e:2e]
RSSI: -90 [da:0c:b0:ee:0e:5e]
RSSI: -88 [da:0f:4c:af:02:7c]
RSSI: -86 [da:0f:4c:af:02:7c]
RSSI: -86 [da:0f:4c:bd:02:9c]
RSSI: -86 [da:0f:4c:ca:02:cc]
RSSI: -86 [da:0c:b1:1a:0e:de]
RSSI: -92 [da:0f:4c:e4:03:1c]
RSSI: -87 [da:0c:b1:36:0f:2e]
RSSI: -85 [da:0c:b1:36:0f:2e]
RSSI: -86 [da:0c:b1:46:0f:5e]
RSSI: -86 [da:0c:b1:46:0f:5e]
RSSI: -94 [da:09:a8:3d:15:fa]
RSSI: -89 [da:0c:b1:62:0f:ae]
RSSI: -88 [da:0c:b1:72:0f:de]
RSSI: -88 [da:0f:4d:26:03:ec]
RSSI: -89 [da:0c:b1:7e:0f:fe]
RSSI: -89 [da:0c:b1:7e:0f:fe]
RSSI: -88 [da:0c:b1:8e:10:2e]
RSSI: -88 [da:0c:b1:9e:10:5e]
RSSI: -88 [da:0c:b1:9e:10:5e]
RSSI: -89 [da:0c:b1:aa:10:7e]
RSSI: -88 [da:0c:b1:aa:10:7e]
RSSI: -90 [da:0c:b1:aa:10:7e]
RSSI: -90 [da:0f:4d:76:04:ec]
RSSI: -88 [da:0c:b1:ca:10:ce]
RSSI: -91 [da:0f:4d:76:04:ec]
RSSI: -87 [da:0c:b1:d6:10:fe]
RSSI: -86 [da:0c:b1:d6:10:fe]
RSSI: -86 [da:0c:b1:d6:10:fe]
RSSI: -89 [da:0f:4d:91:05:3c]
RSSI: -87 [da:0c:b1:e6:11:1e]
RSSI: -89 [da:0c:b1:f6:11:4e]
RSSI: -89 [da:0c:b2:02:11:6e]
RSSI: -89 [da:0c:b2:02:11:6e]
RSSI: -88 [da:0c:b2:12:11:9e]
RSSI: -88 [da:0c:b2:22:11:ce]
RSSI: -91 [da:09:a9:16:01:ea]
RSSI: -88 [da:0c:b2:3e:12:1e]
RSSI: -91 [da:0f:4d:fb:06:8c]
RSSI: -91 [da:09:a9:41:02:5a]
RSSI: -89 [da:0f:4e:16:06:dc]
RSSI: -95 [da:0c:b2:6a:12:9e]
RSSI: -92 [da:0c:b2:7a:12:ce]
RSSI: -83 [da:0f:4e:31:07:3c]
RSSI: -86 [da:0f:4e:3d:07:5c]
RSSI: -91 [da:0c:b2:96:13:1e]
RSSI: -90 [da:0c:b2:a6:13:4e]
RSSI: -87 [da:0f:4e:59:07:bc]
RSSI: -99 [da:09:a9:8b:03:2a]
RSSI: -90 [da:0c:b2:c2:13:9e]
RSSI: -88 [da:0f:4e:73:08:0c]
RSSI: -92 [da:0c:b2:c2:13:9e]
RSSI: -92 [da:0c:b2:c2:13:9e]
RSSI: -87 [da:0f:4e:73:08:0c]
RSSI: -92 [da:0c:b2:c2:13:9e]
RSSI: -85 [da:0f:4e:81:08:3c]
RSSI: -93 [da:0c:b2:d2:13:ce]
RSSI: -83 [da:0f:4e:8d:08:5c]
RSSI: -88 [da:0f:4e:9b:08:8c]
RSSI: -90 [da:0c:b2:ee:14:1e]
RSSI: -80 [da:0f:4e:9b:08:8c]
RSSI: -83 [da:0f:4e:a9:08:bc]
RSSI: -87 [da:0f:4e:a9:08:bc]
RSSI: -90 [da:0c:b2:fe:14:4e]
RSSI: -80 [da:0f:4e:b5:08:dc]
RSSI: -84 [da:0f:4e:b5:08:dc]
RSSI: -79 [da:0f:4e:c3:09:0c]
RSSI: -90 [da:0c:b3:1b:14:9e]
RSSI: -82 [da:0f:4e:d1:09:3c]
RSSI: -82 [da:0f:4e:d1:09:3c]
RSSI: -82 [da:0f:4e:dd:09:5c]
RSSI: -82 [da:0f:4e:dd:09:5c]
RSSI: -84 [da:0f:4e:f9:09:bc]
RSSI: -92 [da:0c:b3:47:15:0e]
RSSI: -91 [da:09:aa:2a:04:ea]
RSSI: -89 [da:09:aa:39:05:1a]
RSSI: -89 [da:09:aa:45:05:3a]
RSSI: -94 [da:0c:b3:73:15:8e]
RSSI: -90 [da:09:aa:55:05:6a]
RSSI: -91 [da:09:aa:64:05:8a]
RSSI: -91 [da:0f:4f:3b:0a:8c]
RSSI: -91 [da:0f:4f:49:0a:bc]
RSSI: -92 [da:0f:4f:56:0a:dc]
RSSI: -87 [da:09:aa:90:06:0a]
RSSI: -87 [da:09:aa:90:06:0a]
RSSI: -86 [da:0f:4f:63:0b:0c]
RSSI: -85 [da:09:aa:9c:06:2a]
RSSI: -85 [da:09:aa:9c:06:2a]
RSSI: -83 [da:09:aa:ac:06:5a]
RSSI: -83 [da:09:aa:bb:06:8a]
RSSI: -84 [da:0f:4f:8b:0b:8c]
RSSI: -81 [da:09:aa:bb:06:8a]
RSSI: -86 [da:0f:4f:99:0b:bc]
RSSI: -82 [da:09:aa:c8:06:aa]
RSSI: -85 [da:0f:4f:99:0b:bc]
RSSI: -81 [da:09:aa:d7:06:da]
RSSI: -79 [da:09:aa:e7:06:fa]
RSSI: -86 [da:0f:4f:b3:0c:0c]
RSSI: -81 [da:09:aa:e7:06:fa]
RSSI: -83 [da:0f:4f:c1:0c:3c]
RSSI: -77 [da:09:aa:f3:07:2a]
RSSI: -84 [da:0f:4f:ce:0c:6c]
RSSI: -81 [da:09:ab:03:07:4a]
RSSI: -81 [da:09:ab:03:07:4a]
RSSI: -86 [da:0f:4f:dc:0c:8c]
RSSI: -86 [da:0f:4f:e9:0c:bc]
RSSI: -80 [da:09:ab:12:07:7a]
RSSI: -88 [da:0f:4f:e9:0c:bc]
RSSI: -81 [da:09:ab:1f:07:9a]
RSSI: -80 [da:0f:4f:f6:0c:ec]
RSSI: -81 [da:0f:4f:f6:0c:ec]
RSSI: -78 [da:09:ab:2e:07:ca]
RSSI: -79 [da:0f:50:04:0d:0c]
RSSI: -80 [da:09:ab:3e:07:fa]
RSSI: -81 [da:0f:50:11:0d:3c]
RSSI: -80 [da:0f:50:11:0d:3c]
RSSI: -80 [da:09:ab:4a:08:1a]
RSSI: -81 [da:0f:50:1e:0d:6c]
RSSI: -83 [da:0f:50:1e:0d:6c]
RSSI: -83 [da:0f:50:1e:0d:6c]
RSSI: -84 [da:0f:50:2c:0d:8c]
RSSI: -80 [da:09:ab:5a:08:4a]
RSSI: -85 [da:0f:50:2c:0d:8c]
RSSI: -78 [da:09:ab:69:08:6a]
RSSI: -78 [da:0f:50:3a:0d:bc]
RSSI: -79 [da:09:ab:76:08:8a]
RSSI: -80 [da:0f:50:46:0d:ec]
RSSI: -80 [da:09:ab:76:08:8a]
RSSI: -77 [da:09:ab:76:08:8a]
RSSI: -77 [da:0f:50:62:0e:3c]
RSSI: -77 [da:0f:50:6e:0e:6c]
RSSI: -77 [da:0f:50:6e:0e:6c]
RSSI: -82 [da:09:ab:a2:09:0a]
RSSI: -81 [da:0f:50:7c:0e:8c]
RSSI: -79 [da:0f:50:7c:0e:8c]
RSSI: -84 [da:09:ab:b1:09:3a]
RSSI: -90 [da:07:c7:c6:01:eb]
RSSI: -82 [da:09:ab:b1:09:3a]
RSSI: -76 [da:0f:50:8a:0e:bc]
RSSI: -89 [da:0f:50:97:0e:ec]
RSSI: -87 [da:09:ab:c1:09:6a]
RSSI: -79 [da:0f:50:97:0e:ec]
RSSI: -85 [da:0f:50:a4:0f:0c]
RSSI: -83 [da:0f:50:a4:0f:0c]
RSSI: -78 [da:0f:50:b2:0f:3c]
RSSI: -89 [da:0c:b5:01:03:ae]
RSSI: -77 [da:0f:50:bf:0f:6c]
RSSI: -72 [da:0f:50:cd:0f:8c]
RSSI: -89 [da:07:c8:13:02:cb]
RSSI: -73 [da:0f:50:da:0f:bc]
RSSI: -92 [da:07:c8:20:02:eb]
RSSI: -90 [da:09:ac:0f:0a:3a]
RSSI: -90 [da:07:c8:20:02:eb]
RSSI: -85 [da:07:c8:20:02:eb]
RSSI: -71 [da:0f:50:e7:0f:ec]
RSSI: -88 [da:09:ac:1e:0a:6a]
RSSI: -72 [da:0f:50:e7:0f:ec]
RSSI: -92 [da:07:c8:2d:03:1b]
RSSI: -88 [da:09:ac:1e:0a:6a]
RSSI: -71 [da:0f:50:f5:10:0c]
RSSI: -87 [da:07:c8:2d:03:1b]
RSSI: -70 [da:0f:50:f5:10:0c]
RSSI: -83 [da:07:c8:3a:03:3b]
RSSI: -87 [da:09:ac:2b:0a:8a]
RSSI: -71 [da:0f:51:03:10:3c]
RSSI: -88 [da:09:ac:2b:0a:8a]
RSSI: -71 [da:0f:51:03:10:3c]
RSSI: -86 [da:07:c8:47:03:5b]
RSSI: -70 [da:0f:51:03:10:3c]
RSSI: -82 [da:07:c8:47:03:5b]
RSSI: -91 [da:09:ac:3a:0a:ba]
RSSI: -71 [da:0f:51:0f:10:6c]
RSSI: -84 [da:07:c8:54:03:8b]
RSSI: -72 [da:0f:51:1d:10:8c]
RSSI: -81 [da:07:c8:61:03:ab]
RSSI: -72 [da:0f:51:1d:10:8c]
RSSI: -83 [da:07:c8:61:03:ab]
RSSI: -70 [da:0f:51:2b:10:bc]
RSSI: -80 [da:07:c8:6e:03:db]
RSSI: -82 [da:07:c8:7a:03:fb]
RSSI: -93 [da:09:ac:66:0b:3a]
RSSI: -71 [da:0f:51:38:10:ec]
RSSI: -83 [da:07:c8:7a:03:fb]
RSSI: -82 [da:07:c8:7a:03:fb]
RSSI: -83 [da:07:c8:7a:03:fb]
RSSI: -91 [da:09:ac:75:0b:6a]
RSSI: -80 [da:07:c8:88:04:1b]
RSSI: -71 [da:0f:51:53:11:3c]
RSSI: -89 [da:09:ac:82:0b:8a]
RSSI: -81 [da:07:c8:95:04:4b]
RSSI: -87 [da:07:c8:a1:04:6b]
RSSI: -86 [da:07:c8:a1:04:6b]
RSSI: -72 [da:0f:51:60:11:6c]
RSSI: -75 [da:0f:51:6e:11:9c]
RSSI: -81 [da:07:c8:ae:04:8b]
RSSI: -73 [da:0f:51:6e:11:9c]
RSSI: -74 [da:0f:51:7c:11:bc]
RSSI: -89 [da:07:c8:bb:04:bb]
RSSI: -74 [da:0f:51:7c:11:bc]
RSSI: -77 [da:0f:51:7c:11:bc]
RSSI: -83 [da:07:c8:bb:04:bb]
RSSI: -74 [da:0f:51:88:11:ec]
RSSI: -90 [da:07:c8:c8:04:db]
RSSI: -89 [da:0c:b5:cf:05:fe]
RSSI: -74 [da:0f:51:88:11:ec]
RSSI: -74 [da:0f:51:88:11:ec]
RSSI: -76 [da:0f:51:96:12:1c]
RSSI: -78 [da:0f:51:a4:12:3c]
RSSI: -93 [da:0c:b5:fb:06:7e]
RSSI: -82 [da:0f:51:b1:12:6c]
RSSI: -88 [da:0f:51:b1:12:6c]
RSSI: -88 [da:0f:51:cc:12:cc]
RSSI: -87 [da:07:c9:09:05:9b]
RSSI: -83 [da:0f:51:e7:13:1c]
RSSI: -82 [da:0f:51:e7:13:1c]
RSSI: -88 [da:07:c9:30:06:0b]
RSSI: -84 [da:0f:51:f5:13:4c]
RSSI: -82 [da:0f:51:f5:13:4c]
RSSI: -82 [da:0f:52:01:13:6c]
RSSI: -89 [da:07:c9:3c:06:2b]
RSSI: -86 [da:0f:52:01:13:6c]
RSSI: -86 [da:0f:52:0f:13:9c]
RSSI: -91 [da:0c:b6:74:07:de]
RSSI: -92 [da:07:c9:63:06:ab]
RSSI: -91 [da:09:ad:5d:0d:fa]
RSSI: -89 [da:0c:b6:81:07:fe]
RSSI: -90 [da:0f:52:38:14:1c]
RSSI: -88 [da:0c:b6:91:08:2e]
RSSI: -89 [da:0f:52:45:14:3c]
RSSI: -88 [da:0c:b6:a1:08:5e]
RSSI: -91 [da:0f:52:52:14:6c]
RSSI: -93 [da:09:ad:98:0e:9a]
RSSI: -91 [da:0f:52:6e:14:bc]
RSSI: -93 [da:0c:b6:bd:08:ae]
RSSI: -86 [da:0f:52:7a:14:ec]
RSSI: -91 [da:09:ad:b4:0e:ea]
RSSI: -87 [da:0f:52:88:15:1c]
RSSI: -88 [da:0f:52:88:15:1c]
RSSI: -90 [da:0c:b6:ea:09:2e]
RSSI: -92 [da:07:c9:e5:08:1b]
RSSI: -87 [da:0c:b7:06:09:7e]
RSSI: -88 [da:0f:52:bf:15:bc]
RSSI: -87 [da:0c:b7:06:09:7e]
RSSI: -87 [da:0f:52:bf:15:bc]
RSSI: -90 [da:0c:b7:16:09:ae]
RSSI: -91 [da:0c:b7:26:09:de]
RSSI: -96 [da:07:ca:19:08:bb]
RSSI: -95 [da:09:ae:1b:10:1a]
RSSI: -96 [da:09:ae:1b:10:1a]
RSSI: -89 [da:0c:b7:43:0a:2e]
RSSI: -91 [da:07:ca:4d:09:4b]
RSSI: -91 [da:07:ca:4d:09:4b]
RSSI: -90 [da:07:ca:4d:09:4b]
RSSI: -89 [da:0c:b7:5f:0a:7e]
RSSI: -92 [da:07:ca:5a:09:7b]
RSSI: -87 [da:0c:b7:6f:0a:ae]
RSSI: -84 [da:0c:b7:7f:0a:de]
RSSI: -83 [da:0c:b7:7f:0a:de]
RSSI: -86 [da:0c:b7:7f:0a:de]
RSSI: -85 [da:0c:b7:7f:0a:de]
RSSI: -80 [da:0c:b7:8c:0b:0e]
RSSI: -81 [da:0c:b7:9c:0b:3e]
RSSI: -80 [da:0c:b7:9c:0b:3e]
RSSI: -78 [da:0c:b7:ac:0b:6e]
RSSI: -79 [da:0c:b7:ac:0b:6e]
RSSI: -79 [da:0c:b7:b8:0b:8e]
RSSI: -79 [da:0c:b7:b8:0b:8e]
RSSI: -92 [da:0f:53:7b:01:ac]
RSSI: -77 [da:0c:b7:c8:0b:be]
RSSI: -80 [da:0c:b7:c8:0b:be]
RSSI: -76 [da:0c:b7:d8:0b:ee]
RSSI: -77 [da:0c:b7:d8:0b:ee]
RSSI: -89 [da:0f:53:96:02:0c]
RSSI: -75 [da:0c:b7:e5:0c:0e]
RSSI: -77 [da:0c:b7:f5:0c:3e]
RSSI: -91 [da:0f:53:a4:02:2c]
RSSI: -76 [da:0c:b7:f5:0c:3e]
RSSI: -78 [da:0c:b8:05:0c:6e]
RSSI: -78 [da:0c:b8:05:0c:6e]
RSSI: -84 [da:0f:53:be:02:8c]
RSSI: -78 [da:0c:b8:11:0c:8e]
RSSI: -87 [da:0f:53:cc:02:ac]
RSSI: -77 [da:0c:b8:21:0c:be]
RSSI: -88 [da:0f:53:da:02:dc]
RSSI: -78 [da:0c:b8:21:0c:be]
RSSI: -77 [da:0c:b8:31:0c:ee]
RSSI: -77 [da:0c:b8:31:0c:ee]
RSSI: -82 [da:0f:53:e7:03:0c]
RSSI: -88 [da:0f:53:e7:03:0c]
RSSI: -78 [da:0c:b8:3e:0d:0e]
RSSI: -85 [da:0f:53:f5:03:3c]
RSSI: -78 [da:0c:b8:3e:0d:0e]
RSSI: -86 [da:0f:53:f5:03:3c]
RSSI: -78 [da:0c:b8:4e:0d:3e]
RSSI: -79 [da:0c:b8:4e:0d:3e]
RSSI: -79 [da:0c:b8:5e:0d:6e]
RSSI: -79 [da:0c:b8:5e:0d:6e]
RSSI: -81 [da:0c:b8:6b:0d:8e]
RSSI: -81 [da:0c:b8:7b:0d:be]
RSSI: -81 [da:0c:b8:7b:0d:be]
RSSI: -82 [da:0c:b8:8b:0d:ee]
RSSI: -84 [da:0c:b8:8b:0d:ee]
RSSI: -84 [da:0c:b8:97:0e:0e]
RSSI: -91 [da:0c:b8:a7:0e:3e]
RSSI: -90 [da:0c:b8:b7:0e:6e]
RSSI: -91 [da:0c:b8:c4:0e:8e]
RSSI: -91 [da:0c:b8:e4:0e:ee]
RSSI: -90 [da:0c:b8:e4:0e:ee]
RSSI: -88 [da:0c:b8:e4:0e:ee]
RSSI: -88 [da:0c:b8:f0:0f:0e]
RSSI: -88 [da:0c:b8:f0:0f:0e]
RSSI: -88 [da:0f:54:a5:05:5c]
RSSI: -87 [da:0c:b9:01:0f:3e]
RSSI: -87 [da:0c:b9:10:0f:6e]
RSSI: -88 [da:0f:54:cd:05:dc]
RSSI: -89 [da:0c:b9:2d:0f:be]
RSSI: -93 [da:09:b0:0e:15:9a]
RSSI: -88 [da:0c:b9:2d:0f:be]
RSSI: -87 [da:0c:b9:2d:0f:be]
RSSI: -92 [da:09:b0:1b:15:ba]
RSSI: -88 [da:0c:b9:3d:0f:ee]
RSSI: -89 [da:0f:54:f6:06:5c]
RSSI: -88 [da:0c:b9:4a:10:0e]
RSSI: -88 [da:0f:55:03:06:8c]
RSSI: -89 [da:0c:b9:5a:10:3e]
RSSI: -94 [da:0f:55:11:06:bc]
RSSI: -87 [da:0c:b9:6a:10:6e]
RSSI: -87 [da:0c:b9:77:10:8e]
RSSI: -82 [da:0f:55:2b:07:0c]
RSSI: -89 [da:0c:b9:77:10:8e]
RSSI: -88 [da:0c:b9:97:10:ee]
RSSI: -84 [da:0f:55:54:07:8c]
RSSI: -87 [da:0c:b9:a3:11:0e]
RSSI: -88 [da:0c:b9:b3:11:3e]
RSSI: -87 [da:0f:55:62:07:bc]
RSSI: -87 [da:0c:b9:b3:11:3e]
RSSI: -93 [da:0f:55:70:07:ec]
RSSI: -88 [da:0c:b9:c3:11:6e]
RSSI: -88 [da:0c:b9:d0:11:9e]
RSSI: -93 [da:09:b0:af:01:2a]
RSSI: -90 [da:0c:b9:e0:11:be]
RSSI: -88 [da:09:b0:db:01:aa]
RSSI: -91 [da:0c:b9:fd:12:1e]
RSSI: -88 [da:0c:b9:fd:12:1e]
RSSI: -89 [da:09:b0:eb:01:da]
RSSI: -88 [da:09:b0:f7:01:fa]
RSSI: -89 [da:09:b0:f7:01:fa]
RSSI: -93 [da:0c:ba:2a:12:9e]
RSSI: -89 [da:0f:55:e4:09:5c]
RSSI: -93 [da:0c:ba:2a:12:9e]
RSSI: -88 [da:0f:55:f2:09:8c]
RSSI: -92 [da:0c:ba:4a:12:fe]
RSSI: -88 [da:0f:55:fe:09:ac]
RSSI: -93 [da:0c:ba:56:13:1e]
RSSI: -84 [da:0f:56:0d:09:dc]
RSSI: -92 [da:09:b1:50:02:ea]
RSSI: -86 [da:0f:56:1b:0a:0c]
RSSI: -92 [da:09:b1:50:02:ea]
RSSI: -91 [da:09:b1:50:02:ea]
RSSI: -83 [da:0f:56:27:0a:2c]
RSSI: -87 [da:0f:56:27:0a:2c]
RSSI: -85 [da:0f:56:35:0a:5c]
RSSI: -90 [da:0c:ba:83:13:9e]
RSSI: -85 [da:0f:56:43:0a:8c]
RSSI: -91 [da:07:cd:82:12:bb]
RSSI: -91 [da:0c:ba:a3:13:fe]
RSSI: -89 [da:0f:56:5e:0a:dc]
RSSI: -90 [da:0c:ba:b0:14:1e]
RSSI: -87 [da:0f:56:6c:0b:0c]
RSSI: -87 [da:0f:56:6c:0b:0c]
RSSI: -87 [da:0c:ba:c0:14:4e]
RSSI: -89 [da:0c:ba:dd:14:8e]
RSSI: -93 [da:09:b1:b8:04:1a]
RSSI: -91 [da:0c:ba:ed:14:be]
RSSI: -90 [da:0f:56:a2:0b:bc]
RSSI: -89 [da:0f:56:a2:0b:bc]
RSSI: -91 [da:0c:ba:fd:14:ee]
RSSI: -89 [da:0f:56:ca:0c:3c]
RSSI: -89 [da:0f:56:ca:0c:3c]
RSSI: -93 [da:09:b2:20:05:3a]
RSSI: -90 [da:0c:bb:47:15:be]
RSSI: -90 [da:0c:bb:47:15:be]
RSSI: -88 [da:0f:57:10:0d:1c]
RSSI: -87 [da:0f:57:1c:0d:3c]
RSSI: -85 [da:0f:57:1c:0d:3c]
RSSI: -87 [da:0f:57:2a:0d:6c]
RSSI: -87 [da:09:b2:69:06:0a]
RSSI: -94 [da:0c:bb:8c:00:0e]
RSSI: -84 [da:09:b2:78:06:2a]
RSSI: -85 [da:0f:57:53:0d:ec]
RSSI: -84 [da:09:b2:85:06:5a]
RSSI: -88 [da:0f:57:61:0e:1c]
RSSI: -81 [da:0f:57:61:0e:1c]
RSSI: -82 [da:09:b2:95:06:7a]
RSSI: -78 [da:0f:57:6e:0e:4c]
RSSI: -82 [da:09:b2:a5:06:aa]
RSSI: -83 [da:0f:57:6e:0e:4c]
RSSI: -80 [da:09:b2:a5:06:aa]
RSSI: -79 [da:0f:57:7c:0e:7c]
RSSI: -78 [da:0f:57:7c:0e:7c]
RSSI: -83 [da:09:b2:b1:06:ca]
RSSI: -83 [da:0f:57:8a:0e:ac]
RSSI: -80 [da:09:b2:b1:06:ca]
RSSI: -86 [da:0f:57:97:0e:cc]
RSSI: -80 [da:09:b2:d1:07:2a]
RSSI: -85 [da:0f:57:a5:0e:fc]
RSSI: -80 [da:09:b2:de:07:4a]
RSSI: -79 [da:09:b2:de:07:4a]
RSSI: -79 [da:09:b2:de:07:4a]
RSSI: -80 [da:09:b2:ed:07:7a]
RSSI: -92 [da:07:cf:07:00:9b]
RSSI: -78 [da:09:b2:fd:07:aa]
RSSI: -89 [da:0f:57:ce:0f:7c]
RSSI: -88 [da:0f:57:ce:0f:7c]
RSSI: -85 [da:0f:57:dc:0f:ac]
RSSI: -86 [da:0f:57:dc:0f:ac]
RSSI: -82 [da:0f:57:e9:0f:cc]
RSSI: -78 [da:09:b3:1a:07:fa]
RSSI: -80 [da:0f:57:e9:0f:cc]
RSSI: -78 [da:09:b3:1a:07:fa]
RSSI: -78 [da:0f:57:f7:0f:fc]
RSSI: -82 [da:09:b3:2a:08:2a]
RSSI: -77 [da:0f:58:05:10:2c]
RSSI: -75 [da:09:b3:36:08:4a]
RSSI: -76 [da:0f:58:05:10:2c]
RSSI: -77 [da:0f:58:12:10:5c]
RSSI: -86 [da:07:cf:56:01:8b]
RSSI: -75 [da:09:b3:46:08:7a]
RSSI: -83 [da:07:cf:56:01:8b]
RSSI: -75 [da:0f:58:20:10:8c]
RSSI: -79 [da:09:b3:56:08:9a]
RSSI: -77 [da:0f:58:20:10:8c]
RSSI: -77 [da:09:b3:56:08:9a]
RSSI: -71 [da:0f:58:2e:10:ac]
RSSI: -71 [da:0f:58:2e:10:ac]
RSSI: -80 [da:09:b3:62:08:ca]
RSSI: -85 [da:07:cf:70:01:db]
RSSI: -75 [da:0f:58:3b:10:dc]
RSSI: -78 [da:09:b3:62:08:ca]
RSSI: -70 [da:0f:58:3b:10:dc]
RSSI: -79 [da:07:cf:7e:01:fb]
RSSI: -83 [da:09:b3:72:08:ea]
RSSI: -75 [da:0f:58:49:11:0c]
RSSI: -84 [da:07:cf:8a:02:1b]
RSSI: -80 [da:09:b3:82:09:1a]
RSSI: -77 [da:09:b3:82:09:1a]
RSSI: -85 [da:07:cf:98:02:4b]
RSSI: -75 [da:0f:58:57:11:3c]
RSSI: -82 [da:07:cf:98:02:4b]
RSSI: -82 [da:09:b3:8f:09:3a]
RSSI: -70 [da:0f:58:64:11:5c]
RSSI: -78 [da:07:cf:a5:02:6b]
RSSI: -87 [da:09:b3:9f:09:6a]
RSSI: -73 [da:0f:58:72:11:8c]
RSSI: -85 [da:09:b3:9f:09:6a]
RSSI: -82 [da:07:cf:b2:02:9b]
RSSI: -88 [da:0c:bc:c7:03:8e]
RSSI: -89 [da:0c:bc:c7:03:8e]
RSSI: -78 [da:0f:58:80:11:bc]
RSSI: -85 [da:09:b3:bb:09:ba]
RSSI: -71 [da:0f:58:8c:11:dc]
RSSI: -85 [da:09:b3:bb:09:ba]
RSSI: -78 [da:0f:58:8c:11:dc]
RSSI: -83 [da:07:cf:da:03:0b]
RSSI: -74 [da:0f:58:9b:12:0c]
RSSI: -88 [da:09:b3:cb:09:ea]
RSSI: -78 [da:07:cf:da:03:0b]
RSSI: -73 [da:0f:58:9b:12:0c]
RSSI: -83 [da:09:b3:cb:09:ea]
RSSI: -83 [da:07:cf:e7:03:2b]
RSSI: -79 [da:0f:58:a9:12:3c]
RSSI: -87 [da:09:b3:db:0a:1a]
RSSI: -77 [da:0f:58:a9:12:3c]
RSSI: -79 [da:07:cf:f4:03:5b]
RSSI: -87 [da:09:b3:e8:0a:3a]
RSSI: -84 [da:07:cf:f4:03:5b]
RSSI: -86 [da:09:b3:e8:0a:3a]
RSSI: -84 [da:07:d0:01:03:7b]
RSSI: -89 [da:0c:bd:13:04:6e]
RSSI: -85 [da:0f:58:c4:12:8c]
RSSI: -79 [da:07:d0:01:03:7b]
RSSI: -82 [da:09:b3:f8:0a:6a]
RSSI: -85 [da:09:b4:07:0a:9a]
RSSI: -81 [da:07:d0:1c:03:cb]
RSSI: -88 [da:09:b4:14:0a:ba]
RSSI: -85 [da:0f:58:ed:13:0c]
RSSI: -93 [da:0c:bd:39:04:ce]
RSSI: -81 [da:07:d0:29:03:eb]
RSSI: -89 [da:0c:bd:46:04:fe]
RSSI: -88 [da:07:d0:36:04:1b]
RSSI: -90 [da:09:b4:24:0a:ea]
RSSI: -89 [da:0c:bd:53:05:1e]
RSSI: -85 [da:0f:59:08:13:5c]
RSSI: -83 [da:0f:59:08:13:5c]
RSSI: -82 [da:0f:59:08:13:5c]
RSSI: -90 [da:0c:bd:60:05:3e]
RSSI: -82 [da:0f:59:08:13:5c]
RSSI: -85 [da:07:d0:50:04:5b]
RSSI: -84 [da:0f:59:16:13:8c]
RSSI: -87 [da:07:d0:5e:04:8b]
RSSI: -83 [da:0f:59:24:13:bc]
RSSI: -84 [da:0f:59:24:13:bc]
RSSI: -91 [da:0c:bd:86:05:ae]
RSSI: -92 [da:0c:bd:86:05:ae]
RSSI: -92 [da:09:b4:6d:0b:ba]
RSSI: -92 [da:07:d0:93:05:2b]
RSSI: -89 [da:0c:bd:9f:05:fe]
RSSI: -90 [da:0c:bd:ac:06:1e]
RSSI: -91 [da:0c:bd:b9:06:3e]
RSSI: -89 [da:0f:59:68:14:8c]
RSSI: -89 [da:07:d0:ad:05:7b]
RSSI: -89 [da:07:d0:c7:05:bb]
RSSI: -92 [da:0f:59:83:14:ec]
RSSI: -93 [da:09:b4:d6:0c:ea]
RSSI: -91 [da:0f:59:ba:15:9c]
RSSI: -91 [da:09:b4:e6:0d:1a]
RSSI: -94 [da:0c:be:05:07:1e]
RSSI: -93 [da:07:d0:fc:06:5b]
RSSI: -93 [da:0c:be:12:07:3e]
RSSI: -90 [da:0c:be:1f:07:6e]
RSSI: -93 [da:09:b5:12:0d:8a]
RSSI: -91 [da:0c:be:38:07:ae]
RSSI: -91 [da:0f:59:f2:16:4c]
RSSI: -90 [da:0c:be:52:07:fe]
RSSI: -87 [da:0f:59:fe:16:6c]
RSSI: -90 [da:09:b5:2f:0d:ea]
RSSI: -89 [da:0c:be:5f:08:1e]
RSSI: -89 [da:0c:be:78:08:6e]
RSSI: -89 [da:09:b5:5b:0e:5a]
RSSI: -90 [da:0c:be:78:08:6e]
RSSI: -90 [da:0c:be:9e:08:ce]
RSSI: -93 [da:0c:be:ab:08:fe]
RSSI: -90 [da:09:b5:98:0f:0a]
RSSI: -94 [da:07:d1:b5:08:7b]
RSSI: -90 [da:0c:be:c5:09:3e]
RSSI: -88 [da:0c:be:de:09:8e]
RSSI: -90 [da:0f:5a:97:01:bc]
RSSI: -90 [da:07:d1:dd:08:eb]
RSSI: -87 [da:0c:be:eb:09:ae]
RSSI: -88 [da:0c:be:f8:09:de]
RSSI: -92 [da:0f:5a:a3:01:dc]
RSSI: -88 [da:0c:be:f8:09:de]
RSSI: -95 [da:07:d1:eb:09:0b]
RSSI: -88 [da:0c:bf:05:09:fe]
RSSI: -86 [da:0f:5a:b2:02:0c]
RSSI: -87 [da:0c:bf:05:09:fe]
RSSI: -90 [da:0c:bf:05:09:fe]
RSSI: -90 [da:07:d1:f8:09:3b]
RSSI: -89 [da:0c:bf:11:0a:1e]
RSSI: -88 [da:0f:5a:c0:02:3c]
RSSI: -89 [da:0c:bf:11:0a:1e]
RSSI: -90 [da:0f:5a:cc:02:6c]
RSSI: -91 [da:0f:5a:cc:02:6c]
RSSI: -87 [da:0c:bf:1e:0a:4e]
RSSI: -89 [da:0c:bf:2b:0a:6e]
RSSI: -88 [da:0c:bf:2b:0a:6e]
RSSI: -90 [da:0c:bf:2b:0a:6e]
RSSI: -88 [da:0f:5a:db:02:8c]
RSSI: -90 [da:07:d2:20:09:ab]
RSSI: -84 [da:0c:bf:38:0a:9e]
RSSI: -85 [da:0c:bf:38:0a:9e]
RSSI: -85 [da:0f:5a:e9:02:bc]
RSSI: -89 [da:07:d2:2d:09:db]
RSSI: -85 [da:0c:bf:45:0a:be]
RSSI: -81 [da:0c:bf:45:0a:be]
RSSI: -81 [da:0c:bf:51:0a:de]
RSSI: -81 [da:0c:bf:51:0a:de]
RSSI: -87 [da:0f:5b:04:03:0c]
RSSI: -80 [da:0c:bf:5e:0b:0e]
RSSI: -89 [da:0f:5b:12:03:3c]
RSSI: -85 [da:0f:5b:12:03:3c]
RSSI: -80 [da:0c:bf:6b:0b:2e]
RSSI: -77 [da:0c:bf:6b:0b:2e]
RSSI: -78 [da:0c:bf:78:0b:4e]
RSSI: -96 [da:07:d2:62:0a:7b]
RSSI: -78 [da:0c:bf:78:0b:4e]
RSSI: -90 [da:0f:5b:2d:03:8c]
RSSI: -77 [da:0c:bf:85:0b:6e]
RSSI: -77 [da:0c:bf:85:0b:6e]
RSSI: -75 [da:0c:bf:91:0b:9e]
RSSI: -76 [da:0c:bf:91:0b:9e]
RSSI: -75 [da:0c:bf:9e:0b:be]
RSSI: -76 [da:0c:bf:9e:0b:be]
RSSI: -74 [da:0c:bf:9e:0b:be]
RSSI: -75 [da:0c:bf:ab:0b:de]
RSSI: -75 [da:0c:bf:ab:0b:de]
RSSI: -92 [da:0f:5b:65:04:3c]
RSSI: -74 [da:0c:bf:b8:0c:0e]
RSSI: -90 [da:0f:5b:65:04:3c]
RSSI: -75 [da:0c:bf:b8:0c:0e]
RSSI: -75 [da:0c:bf:c5:0c:2e]
RSSI: -73 [da:0c:bf:c5:0c:2e]
RSSI: -74 [da:0c:bf:d2:0c:4e]
RSSI: -75 [da:0c:bf:d2:0c:4e]
RSSI: -73 [da:0c:bf:de:0c:7e]
RSSI: -74 [da:0c:bf:de:0c:7e]
RSSI: -75 [da:0c:bf:eb:0c:9e]
RSSI: -91 [da:0f:5b:9b:04:ec]
RSSI: -75 [da:0c:bf:f8:0c:be]
RSSI: -77 [da:0c:bf:f8:0c:be]
RSSI: -73 [da:0c:c0:05:0c:ee]
RSSI: -76 [da:0c:c0:05:0c:ee]
RSSI: -77 [da:0c:c0:11:0d:0e]
RSSI: -73 [da:0c:c0:11:0d:0e]
RSSI: -89 [da:0f:5b:c4:05:6c]
RSSI: -77 [da:0c:c0:1e:0d:2e]
RSSI: -74 [da:0c:c0:2b:0d:5e]
RSSI: -78 [da:0c:c0:2b:0d:5e]
RSSI: -78 [da:0c:c0:38:0d:7e]
RSSI: -76 [da:0c:c0:38:0d:7e]
RSSI: -87 [da:0f:5b:ee:05:ec]
RSSI: -78 [da:0c:c0:45:0d:9e]
RSSI: -79 [da:0c:c0:52:0d:ce]
RSSI: -87 [da:0f:5b:fc:06:1c]
RSSI: -81 [da:0c:c0:52:0d:ce]
RSSI: -80 [da:0c:c0:5e:0d:ee]
RSSI: -87 [da:0f:5c:0a:06:4c]
RSSI: -82 [da:0c:c0:5e:0d:ee]
RSSI: -82 [da:0c:c0:6b:0e:0e]
RSSI: -82 [da:0c:c0:6b:0e:0e]
RSSI: -89 [da:0c:c0:78:0e:3e]
RSSI: -87 [da:0f:5c:25:06:9c]
RSSI: -85 [da:0c:c0:85:0e:5e]
RSSI: -87 [da:0f:5c:34:06:cc]
RSSI: -85 [da:0c:c0:92:0e:7e]
RSSI: -89 [da:0c:c0:92:0e:7e]
RSSI: -86 [da:0f:5c:4f:07:2c]
RSSI: -87 [da:0c:c0:9f:0e:9e]
RSSI: -88 [da:0c:c0:ab:0e:ce]
RSSI: -88 [da:0c:c0:ab:0e:ce]
RSSI: -85 [da:0f:5c:5d:07:5c]
RSSI: -86 [da:0c:c0:b8:0e:ee]
RSSI: -87 [da:0c:c0:c5:0f:0e]
RSSI: -87 [da:0c:c0:c5:0f:0e]
RSSI: -86 [da:0c:c0:d2:0f:3e]
RSSI: -88 [da:0f:5c:87:07:dc]
RSSI: -89 [da:0c:c0:df:0f:5e]
RSSI: -85 [da:0c:c0:df:0f:5e]
RSSI: -88 [da:0c:c0:ec:0f:7e]
RSSI: -87 [da:0f:5c:a2:08:2c]
RSSI: -86 [da:0c:c0:f9:0f:ae]
RSSI: -88 [da:0c:c0:f9:0f:ae]
RSSI: -90 [da:0f:5c:b0:08:5c]
RSSI: -93 [da:09:b7:dc:15:7a]
RSSI: -87 [da:0c:c1:06:0f:ce]
RSSI: -85 [da:0c:c1:06:0f:ce]
RSSI: -89 [da:0f:5c:bd:08:8c]
RSSI: -86 [da:0c:c1:12:0f:ee]
RSSI: -88 [da:0f:5c:bd:08:8c]
RSSI: -85 [da:0c:c1:12:0f:ee]
RSSI: -82 [da:0f:5c:cb:08:bc]
RSSI: -84 [da:0c:c1:1f:10:0e]
RSSI: -84 [da:0c:c1:1f:10:0e]
RSSI: -83 [da:0c:c1:2c:10:3e]
RSSI: -85 [da:0c:c1:2c:10:3e]
RSSI: -85 [da:0c:c1:2c:10:3e]
RSSI: -85 [da:0f:5c:e6:09:0c]
RSSI: -84 [da:0c:c1:39:10:5e]
RSSI: -87 [da:0f:5c:f5:09:3c]
RSSI: -86 [da:0f:5c:f5:09:3c]
RSSI: -86 [da:0c:c1:53:10:ae]
RSSI: -85 [da:0f:5d:03:09:6c]
RSSI: -88 [da:0c:c1:53:10:ae]
RSSI: -88 [da:0f:5d:03:09:6c]
RSSI: -88 [da:0c:c1:60:10:ce]
RSSI: -86 [da:0f:5d:0f:09:9c]
RSSI: -89 [da:0c:c1:6c:10:ee]
RSSI: -87 [da:0c:c1:79:11:1e]
RSSI: -95 [da:07:d4:77:10:8b]
RSSI: -88 [da:0c:c1:93:11:5e]
RSSI: -88 [da:0c:c1:93:11:5e]
RSSI: -93 [da:0f:5d:56:0a:7c]
RSSI: -90 [da:0c:c1:ad:11:ae]
RSSI: -90 [da:0c:c1:ba:11:ce]
RSSI: -90 [da:0c:c1:c7:11:fe]
RSSI: -88 [da:0c:c1:c7:11:fe]
RSSI: -90 [da:09:b8:ac:01:7a]
RSSI: -89 [da:0c:c1:d4:12:1e]
RSSI: -88 [da:09:b8:bc:01:aa]
RSSI: -89 [da:0c:c1:e0:12:3e]
RSSI: -90 [da:0c:c1:e0:12:3e]
RSSI: -89 [da:0c:c1:ed:12:5e]
RSSI: -90 [da:09:b8:c9:01:ca]
RSSI: -89 [da:0f:5d:a9:0b:7c]
RSSI: -91 [da:0f:5d:b5:0b:ac]
RSSI: -96 [da:07:d5:09:12:3b]
RSSI: -89 [da:09:b9:06:02:7a]
RSSI: -90 [da:0c:c2:3b:13:3e]
RSSI: -94 [da:07:d5:3f:12:cb]
RSSI: -92 [da:09:b9:43:03:1a]
RSSI: -87 [da:0f:5e:17:0c:ec]
RSSI: -93 [da:09:b9:4f:03:4a]
RSSI: -86 [da:0f:5e:25:0d:0c]
RSSI: -88 [da:0c:c2:7b:13:fe]
RSSI: -88 [da:0c:c2:88:14:1e]
RSSI: -84 [da:0f:5e:32:0d:3c]
RSSI: -85 [da:0f:5e:41:0d:6c]
RSSI: -89 [da:0f:5e:41:0d:6c]
RSSI: -90 [da:0c:c2:95:14:3e]
RSSI: -84 [da:0f:5e:4f:0d:9c]
RSSI: -84 [da:0f:5e:4f:0d:9c]
RSSI: -87 [da:0c:c2:a2:14:6e]
RSSI: -87 [da:0f:5e:5c:0d:bc]
RSSI: -90 [da:0c:c2:c9:14:de]
RSSI: -88 [da:0f:5e:85:0e:3c]
RSSI: -92 [da:09:b9:b9:04:6a]
RSSI: -85 [da:0f:5e:a2:0e:9c]
RSSI: -83 [da:0f:5e:a2:0e:9c]
RSSI: -89 [da:09:b9:d6:04:ba]
RSSI: -81 [da:0f:5e:af:0e:cc]
RSSI: -82 [da:0f:5e:af:0e:cc]
RSSI: -83 [da:0f:5e:be:0e:fc]
RSSI: -96 [da:07:d5:fa:14:eb]
RSSI: -87 [da:09:b9:f6:05:1a]
RSSI: -92 [da:0c:c3:16:15:be]
RSSI: -88 [da:09:ba:03:05:3a]
RSSI: -94 [da:0c:c3:30:15:fe]
RSSI: -89 [da:09:ba:13:05:6a]
RSSI: -96 [da:07:d6:30:15:8b]
RSSI: -91 [da:09:ba:23:05:9a]
RSSI: -81 [da:0f:5e:f6:0f:ac]
RSSI: -90 [da:09:ba:30:05:ba]
RSSI: -76 [da:0f:5f:02:0f:cc]
RSSI: -91 [da:09:ba:30:05:ba]
RSSI: -89 [da:09:ba:40:05:ea]
RSSI: -74 [da:0f:5f:2c:10:5c]
RSSI: -85 [da:09:ba:5d:06:3a]
RSSI: -71 [da:0f:5f:2c:10:5c]
RSSI: -72 [da:0f:5f:3b:10:8c]
RSSI: -74 [da:0f:5f:3b:10:8c]
RSSI: -82 [da:09:ba:6d:06:6a]
RSSI: -71 [da:0f:5f:49:10:bc]
RSSI: -71 [da:0f:5f:49:10:bc]
RSSI: -73 [da:0f:5f:56:10:dc]
RSSI: -80 [da:09:ba:93:06:da]
RSSI: -78 [da:0f:5f:64:11:0c]
RSSI: -79 [da:09:ba:a3:07:0a]
RSSI: -76 [da:0f:5f:7f:11:6c]
RSSI: -77 [da:09:ba:b3:07:2a]
RSSI: -76 [da:0f:5f:8e:11:9c]
RSSI: -78 [da:09:ba:c0:07:5a]
RSSI: -75 [da:0f:5f:8e:11:9c]
RSSI: -77 [da:0f:5f:8e:11:9c]
RSSI: -76 [da:09:ba:c0:07:5a]
RSSI: -77 [da:0f:5f:8e:11:9c]
RSSI: -77 [da:0f:5f:9c:11:bc]
RSSI: -77 [da:09:ba:d0:07:7a]
RSSI: -74 [da:0f:5f:9c:11:bc]
RSSI: -74 [da:0f:5f:a9:11:ec]
RSSI: -73 [da:09:ba:dc:07:aa]
RSSI: -77 [da:09:ba:dc:07:aa]
RSSI: -76 [da:09:ba:ed:07:ca]
RSSI: -74 [da:0f:5f:b8:12:1c]
RSSI: -85 [da:07:d6:f9:01:6b]
RSSI: -75 [da:09:ba:ed:07:ca]
RSSI: -77 [da:09:ba:f9:07:fa]
RSSI: -76 [da:0f:5f:c6:12:4c]
RSSI: -76 [da:09:ba:f9:07:fa]
RSSI: -81 [da:07:d7:14:01:ab]
RSSI: -80 [da:07:d7:14:01:ab]
RSSI: -79 [da:07:d7:21:01:db]
RSSI: -80 [da:0f:5f:e1:12:9c]
RSSI: -79 [da:07:d7:21:01:db]
RSSI: -83 [da:0f:5f:e1:12:9c]
RSSI: -83 [da:0f:5f:f0:12:cc]
RSSI: -79 [da:07:d7:2e:01:fb]
RSSI: -86 [da:0f:5f:f0:12:cc]
RSSI: -78 [da:07:d7:2e:01:fb]
RSSI: -87 [da:0f:5f:f0:12:cc]
RSSI: -72 [da:09:bb:2c:08:8a]
RSSI: -79 [da:09:bb:2c:08:8a]
RSSI: -78 [da:07:d7:3c:02:2b]
RSSI: -91 [da:0f:5f:fd:12:fc]
RSSI: -78 [da:09:bb:39:08:aa]
RSSI: -77 [da:07:d7:4a:02:4b]
RSSI: -89 [da:0f:60:0b:13:2c]
RSSI: -76 [da:07:d7:4a:02:4b]
RSSI: -81 [da:09:bb:45:08:ca]
RSSI: -77 [da:07:d7:56:02:6b]
RSSI: -77 [da:07:d7:56:02:6b]
RSSI: -79 [da:09:bb:45:08:ca]
RSSI: -76 [da:07:d7:56:02:6b]
RSSI: -74 [da:09:bb:52:08:ea]
RSSI: -74 [da:09:bb:52:08:ea]
RSSI: -77 [da:07:d7:64:02:9b]
RSSI: -92 [da:0c:c4:74:03:5e]
RSSI: -90 [da:0f:60:26:13:7c]
RSSI: -77 [da:07:d7:64:02:9b]
RSSI: -75 [da:07:d7:72:02:bb]
RSSI: -83 [da:0f:60:35:13:ac]
RSSI: -85 [da:09:bb:6c:09:3a]
RSSI: -83 [da:09:bb:6c:09:3a]
RSSI: -86 [da:0f:60:44:13:dc]
RSSI: -79 [da:09:bb:78:09:5a]
RSSI: -77 [da:07:d7:8d:03:0b]
RSSI: -85 [da:09:bb:85:09:7a]
RSSI: -86 [da:0f:60:50:13:fc]
RSSI: -77 [da:07:d7:9a:03:3b]
RSSI: -88 [da:09:bb:92:09:aa]
RSSI: -89 [da:09:bb:92:09:aa]
RSSI: -77 [da:07:d7:a7:03:5b]
RSSI: -89 [da:0c:c4:b5:04:0e]
RSSI: -76 [da:07:d7:a7:03:5b]
RSSI: -79 [da:07:d7:b5:03:8b]
RSSI: -78 [da:07:d7:b5:03:8b]
RSSI: -91 [da:0c:c4:cf:04:5e]
RSSI: -77 [da:07:d7:c3:03:ab]
RSSI: -80 [da:07:d7:c3:03:ab]
RSSI: -80 [da:07:d7:c3:03:ab]
RSSI: -78 [da:07:d7:cf:03:cb]
RSSI: -83 [da:09:bb:c4:0a:3a]
RSSI: -78 [da:07:d7:cf:03:cb]
RSSI: -80 [da:07:d7:dd:03:fb]
RSSI: -88 [da:09:bb:d1:0a:5a]
RSSI: -82 [da:07:d7:eb:04:2b]
RSSI: -88 [da:09:bb:de:0a:7a]
RSSI: -88 [da:0c:c5:03:04:ee]
RSSI: -89 [da:0f:60:b2:15:2c]
RSSI: -81 [da:09:bb:eb:0a:aa]
RSSI: -79 [da:07:d7:f8:04:4b]
RSSI: -88 [da:0c:c5:10:05:1e]
RSSI: -83 [da:07:d8:06:04:7b]
RSSI: -90 [da:0c:c5:1d:05:3e]
RSSI: -89 [da:0c:c5:1d:05:3e]
RSSI: -85 [da:07:d8:14:04:9b]
RSSI: -86 [da:07:d8:14:04:9b]
RSSI: -86 [da:0f:60:dc:15:bc]
RSSI: -85 [da:0f:60:dc:15:bc]
RSSI: -86 [da:0f:60:eb:15:ec]
RSSI: -91 [da:09:bc:1e:0b:3a]
RSSI: -87 [da:0f:60:eb:15:ec]
RSSI: -90 [da:0c:c5:44:05:ae]
RSSI: -90 [da:07:d8:2e:04:eb]
RSSI: -88 [da:07:d8:3c:05:0b]
RSSI: -85 [da:09:bc:37:0b:7a]
RSSI: -90 [da:09:bc:44:0b:9a]
RSSI: -92 [da:0c:c5:5e:05:fe]
RSSI: -84 [da:07:d8:57:05:5b]
RSSI: -89 [da:0c:c5:6b:06:1e]
RSSI: -89 [da:09:bc:51:0b:ca]
RSSI: -86 [da:07:d8:64:05:8b]
RSSI: -85 [da:07:d8:64:05:8b]
RSSI: -88 [da:09:bc:5d:0b:ea]
RSSI: -86 [da:07:d8:71:05:ab]
RSSI: -86 [da:07:d8:71:05:ab]
RSSI: -85 [da:07:d8:71:05:ab]
RSSI: -93 [da:0c:c5:9f:06:be]
RSSI: -90 [da:0f:61:69:00:ec]
RSSI: -90 [da:07:d8:a8:06:4b]
RSSI: -89 [da:07:d8:b5:06:7b]
RSSI: -93 [da:0c:c5:d3:07:4e]
RSSI: -90 [da:0c:c5:ee:07:9e]
RSSI: -89 [da:0c:c5:fa:07:be]
RSSI: -96 [da:0f:61:bc:01:ec]
RSSI: -90 [da:09:bc:f6:0d:9a]
RSSI: -89 [da:0c:c6:21:08:2e]
RSSI: -87 [da:0c:c6:21:08:2e]
RSSI: -93 [da:09:bd:10:0d:ea]
RSSI: -87 [da:0c:c6:2f:08:5e]
RSSI: -89 [da:09:bd:1c:0e:0a]
RSSI: -88 [da:0c:c6:48:08:9e]
RSSI: -92 [da:09:bd:36:0e:4a]
RSSI: -92 [da:09:bd:43:0e:7a]
RSSI: -89 [da:0f:62:10:02:fc]
RSSI: -92 [da:09:bd:43:0e:7a]
RSSI: -88 [da:0f:62:1d:03:1c]
RSSI: -88 [da:09:bd:83:0f:2a]
RSSI: -85 [da:0c:c6:a4:09:ae]
RSSI: -87 [da:0c:c6:a4:09:ae]
RSSI: -86 [da:0c:c6:b1:09:ce]
RSSI: -90 [da:0c:c6:be:09:fe]
RSSI: -86 [da:0c:c6:cb:0a:1e]
RSSI: -90 [da:0c:c6:cb:0a:1e]
RSSI: -91 [da:0c:c6:d9:0a:4e]
RSSI: -87 [da:0c:c6:d9:0a:4e]
RSSI: -94 [da:0c:c6:e5:0a:6e]
RSSI: -91 [da:0f:62:9b:04:ac]
RSSI: -86 [da:0c:c6:f3:0a:8e]
RSSI: -90 [da:0c:c7:00:0a:be]
RSSI: -90 [da:07:d9:ec:0a:0b]
RSSI: -84 [da:0c:c7:00:0a:be]
RSSI: -86 [da:0c:c7:0c:0a:de]
RSSI: -84 [da:0c:c7:0c:0a:de]
RSSI: -82 [da:0c:c7:1a:0a:fe]
RSSI: -84 [da:0c:c7:1a:0a:fe]
RSSI: -79 [da:0c:c7:27:0b:2e]
RSSI: -80 [da:0c:c7:27:0b:2e]
RSSI: -81 [da:0c:c7:34:0b:4e]
RSSI: -91 [da:0f:62:e2:05:8c]
RSSI: -79 [da:0c:c7:34:0b:4e]
RSSI: -79 [da:0c:c7:41:0b:6e]
RSSI: -81 [da:0c:c7:41:0b:6e]
RSSI: -78 [da:0c:c7:4e:0b:8e]
RSSI: -78 [da:0c:c7:5b:0b:be]
RSSI: -87 [da:0f:63:0c:06:1c]
RSSI: -79 [da:0c:c7:68:0b:de]
RSSI: -91 [da:0f:63:19:06:3c]
RSSI: -80 [da:0c:c7:68:0b:de]
RSSI: -77 [da:0c:c7:76:0c:0e]
RSSI: -91 [da:0f:63:28:06:6c]
RSSI: -81 [da:0c:c7:82:0c:2e]
RSSI: -76 [da:0c:c7:90:0c:4e]
RSSI: -76 [da:0c:c7:9d:0c:7e]
RSSI: -76 [da:0c:c7:9d:0c:7e]
RSSI: -81 [da:0c:c7:a9:0c:9e]
RSSI: -76 [da:0c:c7:b7:0c:ce]
RSSI: -78 [da:0c:c7:c4:0c:ee]
RSSI: -76 [da:0c:c7:c4:0c:ee]
RSSI: -77 [da:0c:c7:d1:0d:0e]
RSSI: -79 [da:0c:c7:d1:0d:0e]
RSSI: -77 [da:0c:c7:de:0d:3e]
RSSI: -78 [da:0c:c7:de:0d:3e]
RSSI: -80 [da:0c:c7:eb:0d:5e]
RSSI: -90 [da:0f:63:9e:07:ec]
RSSI: -79 [da:0c:c7:eb:0d:5e]
RSSI: -79 [da:0c:c7:f8:0d:7e]
RSSI: -82 [da:0c:c7:f8:0d:7e]
RSSI: -91 [da:0f:63:ad:08:1c]
RSSI: -81 [da:0c:c8:05:0d:ae]
RSSI: -87 [da:0f:63:ad:08:1c]
RSSI: -80 [da:0c:c8:05:0d:ae]
RSSI: -83 [da:0c:c8:13:0d:ce]
RSSI: -87 [da:0f:63:bb:08:4c]
RSSI: -83 [da:0c:c8:13:0d:ce]
RSSI: -84 [da:0f:63:c8:08:7c]
RSSI: -81 [da:0c:c8:13:0d:ce]
RSSI: -82 [da:0c:c8:1f:0d:ee]
RSSI: -88 [da:0c:c8:1f:0d:ee]
RSSI: -82 [da:0f:63:d7:08:9c]
RSSI: -84 [da:0c:c8:2d:0e:1e]
RSSI: -83 [da:0f:63:d7:08:9c]
RSSI: -85 [da:0c:c8:2d:0e:1e]
RSSI: -87 [da:0c:c8:3a:0e:3e]
RSSI: -86 [da:0f:63:f2:08:fc]
RSSI: -82 [da:0f:63:f2:08:fc]
RSSI: -81 [da:0f:64:01:09:2c]
RSSI: -86 [da:0f:64:01:09:2c]
RSSI: -82 [da:0f:64:10:09:5c]
RSSI: -82 [da:0f:64:10:09:5c]
RSSI: -81 [da:0f:64:10:09:5c]
RSSI: -89 [da:0c:c8:61:0e:ae]
RSSI: -81 [da:0f:64:10:09:5c]
RSSI: -83 [da:0f:64:1c:09:7c]
RSSI: -89 [da:0c:c8:73:0e:de]
RSSI: -91 [da:0c:c8:84:0f:0e]
RSSI: -86 [da:0c:c8:84:0f:0e]
RSSI: -83 [da:0f:64:3a:09:dc]
RSSI: -87 [da:0c:c8:91:0f:2e]
RSSI: -88 [da:0c:c8:91:0f:2e]
RSSI: -85 [da:0f:64:47:0a:0c]
RSSI: -84 [da:0f:64:47:0a:0c]
RSSI: -86 [da:0f:64:55:0a:3c]
RSSI: -97 [da:07:db:98:0e:eb]
RSSI: -93 [da:09:bf:90:14:ea]
RSSI: -91 [da:0c:c8:ab:0f:7e]
RSSI: -89 [da:0c:c8:b8:0f:ae]
RSSI: -86 [da:0f:64:64:0a:6c]
RSSI: -89 [da:0c:c8:b8:0f:ae]
RSSI: -89 [da:0f:64:8e:0a:ec]
RSSI: -91 [da:0c:c8:e0:10:1e]
RSSI: -90 [da:0c:c9:07:10:8e]
RSSI: -90 [da:0c:c9:07:10:8e]
RSSI: -93 [da:0c:c9:14:10:ae]
RSSI: -91 [da:0c:c9:14:10:ae]
RSSI: -90 [da:0c:c9:21:10:de]
RSSI: -90 [da:09:c0:04:16:3a]
RSSI: -90 [da:09:c0:04:16:3a]
RSSI: -92 [da:0f:64:d4:0b:cc]
RSSI: -93 [da:07:dc:2d:10:ab]
RSSI: -93 [da:07:dc:48:10:eb]
RSSI: -89 [da:09:c0:37:00:6a]
RSSI: -88 [da:0f:65:0d:0c:8c]
RSSI: -84 [da:09:c0:44:00:9a]
RSSI: -85 [da:09:c0:51:00:ba]
RSSI: -89 [da:0c:c9:70:11:be]
RSSI: -91 [da:0f:65:1a:0c:ac]
RSSI: -92 [da:07:dc:64:11:4b]
RSSI: -93 [da:07:dc:64:11:4b]
RSSI: -88 [da:09:c0:5e:00:da]
RSSI: -89 [da:0c:c9:7e:11:de]
RSSI: -91 [da:0c:c9:8a:11:fe]
RSSI: -83 [da:09:c0:6a:00:fa]
RSSI: -89 [da:0c:c9:98:12:2e]
RSSI: -87 [da:09:c0:84:01:4a]
RSSI: -83 [da:0f:65:62:0d:9c]
RSSI: -84 [da:0f:65:62:0d:9c]
RSSI: -84 [da:09:c0:9e:01:9a]
RSSI: -83 [da:0f:65:6e:0d:bc]
RSSI: -83 [da:0f:65:6e:0d:bc]
RSSI: -86 [da:09:c0:ab:01:ba]
RSSI: -85 [da:09:c0:ab:01:ba]
RSSI: -85 [da:0f:65:7d:0d:ec]
RSSI: -86 [da:09:c0:b8:01:da]
RSSI: -86 [da:0f:65:8c:0e:1c]
RSSI: -91 [da:0c:c9:d9:12:de]
RSSI: -84 [da:09:c0:c5:02:0a]
RSSI: -90 [da:0c:c9:e7:13:0e]
RSSI: -90 [da:0c:c9:f4:13:2e]
RSSI: -85 [da:09:c0:d2:02:2a]
RSSI: -92 [da:07:dc:eb:12:cb]
RSSI: -87 [da:0f:65:a8:0e:7c]
RSSI: -88 [da:09:c0:de:02:4a]
RSSI: -85 [da:09:c0:eb:02:6a]
RSSI: -86 [da:09:c0:f8:02:9a]
RSSI: -89 [da:0f:65:c3:0e:dc]
RSSI: -85 [da:09:c0:f8:02:9a]
RSSI: -88 [da:0f:65:e1:0f:3c]
RSSI: -87 [da:09:c1:12:02:da]
RSSI: -89 [da:09:c1:1f:02:fa]
RSSI: -88 [da:09:c1:1f:02:fa]
RSSI: -95 [da:09:c1:2c:03:2a]
RSSI: -87 [da:0f:66:0b:0f:bc]
RSSI: -94 [da:09:c1:52:03:8a]
RSSI: -81 [da:0f:66:27:10:1c]
RSSI: -79 [da:0f:66:27:10:1c]
RSSI: -91 [da:09:c1:60:03:ba]
RSSI: -76 [da:0f:66:35:10:4c]
RSSI: -79 [da:0f:66:35:10:4c]
RSSI: -75 [da:0f:66:42:10:6c]
RSSI: -75 [da:0f:66:42:10:6c]
RSSI: -74 [da:0f:66:51:10:9c]
RSSI: -75 [da:0f:66:6c:10:fc]
RSSI: -74 [da:0f:66:6c:10:fc]
RSSI: -73 [da:0f:66:7b:11:2c]
RSSI: -77 [da:0f:66:7b:11:2c]
RSSI: -74 [da:0f:66:8a:11:4c]
RSSI: -75 [da:0f:66:8a:11:4c]
RSSI: -75 [da:0f:66:97:11:7c]
RSSI: -96 [da:09:c1:e1:05:2a]
RSSI: -76 [da:0f:66:a6:11:ac]
RSSI: -79 [da:0f:66:b5:11:dc]
RSSI: -78 [da:0f:66:c1:11:fc]
RSSI: -81 [da:0f:66:c1:11:fc]
RSSI: -80 [da:0f:66:d0:12:2c]
RSSI: -87 [da:0f:66:df:12:5c]
RSSI: -89 [da:09:c2:14:05:ba]
RSSI: -88 [da:09:c2:14:05:ba]
RSSI: -88 [da:09:c2:21:05:da]
RSSI: -83 [da:0f:66:ec:12:8c]
RSSI: -87 [da:09:c2:21:05:da]
RSSI: -86 [da:0f:67:0a:12:ec]
RSSI: -84 [da:09:c2:3b:06:1a]
RSSI: -81 [da:09:c2:3b:06:1a]
RSSI: -81 [da:09:c2:3b:06:1a]
RSSI: -80 [da:09:c2:48:06:4a]
RSSI: -82 [da:09:c2:48:06:4a]
RSSI: -80 [da:09:c2:55:06:6a]
RSSI: -80 [da:09:c2:55:06:6a]
RSSI: -90 [da:0f:67:25:13:3c]
RSSI: -78 [da:09:c2:62:06:8a]
RSSI: -79 [da:09:c2:6f:06:ba]
RSSI: -79 [da:09:c2:6f:06:ba]
RSSI: -77 [da:09:c2:7c:06:da]
RSSI: -87 [da:0f:67:50:13:bc]
RSSI: -77 [da:09:c2:89:06:fa]
RSSI: -91 [da:07:de:a2:01:4b]
RSSI: -78 [da:09:c2:96:07:2a]
RSSI: -79 [da:09:c2:96:07:2a]
RSSI: -89 [da:0f:67:6b:14:1c]
RSSI: -76 [da:09:c2:a3:07:4a]
RSSI: -76 [da:09:c2:a3:07:4a]
RSSI: -77 [da:09:c2:b0:07:6a]
RSSI: -77 [da:09:c2:bd:07:8a]
RSSI: -77 [da:09:c2:ca:07:ba]
RSSI: -87 [da:07:de:d8:01:db]
RSSI: -75 [da:09:c2:d7:07:da]
RSSI: -86 [da:07:de:e6:02:0b]
RSSI: -84 [da:07:de:f4:02:3b]
RSSI: -76 [da:09:c2:e4:07:fa]
RSSI: -90 [da:0f:67:b4:14:fc]
RSSI: -85 [da:07:de:f4:02:3b]
RSSI: -75 [da:09:c2:f1:08:2a]
RSSI: -85 [da:07:df:01:02:5b]
RSSI: -75 [da:09:c2:f1:08:2a]
RSSI: -86 [da:0f:67:c0:15:2c]
RSSI: -84 [da:07:df:01:02:5b]
RSSI: -85 [da:07:df:0f:02:8b]
RSSI: -77 [da:09:c2:fd:08:4a]
RSSI: -85 [da:07:df:0f:02:8b]
RSSI: -77 [da:09:c3:0b:08:6a]
RSSI: -85 [da:07:df:1d:02:ab]
RSSI: -77 [da:09:c3:18:08:9a]
RSSI: -84 [da:07:df:2a:02:db]
RSSI: -88 [da:0f:67:eb:15:ac]
RSSI: -78 [da:09:c3:24:08:ba]
RSSI: -79 [da:09:c3:24:08:ba]
RSSI: -78 [da:09:c3:24:08:ba]
RSSI: -85 [da:07:df:38:02:fb]
RSSI: -84 [da:09:c3:32:08:da]
RSSI: -86 [da:07:df:46:03:2b]
RSSI: -86 [da:07:df:46:03:2b]
RSSI: -82 [da:09:c3:3f:08:fa]
RSSI: -88 [da:0f:68:09:16:0c]
RSSI: -84 [da:07:df:53:03:4b]
RSSI: -83 [da:09:c3:4b:09:1a]
RSSI: -85 [da:07:df:53:03:4b]
RSSI: -89 [da:0c:cc:6f:04:0e]
RSSI: -85 [da:09:c3:4b:09:1a]
RSSI: -86 [da:07:df:61:03:7b]
RSSI: -84 [da:07:df:61:03:7b]
RSSI: -87 [da:0f:68:24:16:6c]
RSSI: -85 [da:07:df:70:03:9b]
RSSI: -92 [da:0c:cc:97:04:7e]
RSSI: -93 [da:0f:68:40:00:5c]
RSSI: -86 [da:07:df:8b:03:eb]
RSSI: -87 [da:0f:68:5e:00:bc]
RSSI: -93 [da:07:df:b4:04:6b]
RSSI: -84 [da:09:c3:b4:0a:4a]
RSSI: -90 [da:0c:cc:d9:05:3e]
RSSI: -89 [da:0f:68:95:01:6c]
RSSI: -90 [da:0c:cc:e6:05:5e]
RSSI: -85 [da:09:c3:cd:0a:9a]
RSSI: -86 [da:09:c3:db:0a:ba]
RSSI: -92 [da:0f:68:b3:01:cc]
RSSI: -91 [da:0c:cd:0e:05:de]
RSSI: -93 [da:07:e0:06:05:5b]
RSSI: -90 [da:0f:68:cf:02:1c]
RSSI: -88 [da:09:c4:0e:0b:4a]
RSSI: -87 [da:09:c4:0e:0b:4a]
RSSI: -88 [da:0f:68:de:02:4c]
RSSI: -88 [da:0f:68:ea:02:7c]
RSSI: -89 [da:0f:68:ea:02:7c]
RSSI: -83 [da:09:c4:29:0b:9a]
RSSI: -87 [da:09:c4:35:0b:ba]
RSSI: -85 [da:09:c4:35:0b:ba]
RSSI: -88 [da:09:c4:43:0b:da]
RSSI: -88 [da:0f:69:15:02:fc]
RSSI: -91 [da:07:e0:59:06:4b]
RSSI: -87 [da:09:c4:50:0c:0a]
RSSI: -91 [da:07:e0:67:06:7b]
RSSI: -89 [da:09:c4:5c:0c:2a]
RSSI: -90 [da:09:c4:5c:0c:2a]
RSSI: -85 [da:0f:69:40:03:8c]
RSSI: -86 [da:0f:69:40:03:8c]
RSSI: -92 [da:0c:cd:92:07:4e]
RSSI: -88 [da:09:c4:83:0c:9a]
RSSI: -87 [da:0f:69:4f:03:bc]
RSSI: -88 [da:09:c4:91:0c:ba]
RSSI: -91 [da:0c:cd:ae:07:9e]
RSSI: -88 [da:0c:cd:ba:07:ce]
RSSI: -88 [da:09:c4:9e:0c:ea]
RSSI: -89 [da:0c:cd:ba:07:ce]
RSSI: -89 [da:0c:cd:c8:07:ee]
RSSI: -90 [da:0c:cd:c8:07:ee]
RSSI: -90 [da:0c:cd:d6:08:1e]
RSSI: -90 [da:07:e0:c6:07:8b]
RSSI: -89 [da:07:e0:d4:07:bb]
RSSI: -89 [da:0f:69:a4:04:bc]
RSSI: -87 [da:0c:cd:fe:08:8e]
RSSI: -90 [da:07:e0:ef:08:0b]
RSSI: -89 [da:0c:cd:fe:08:8e]
RSSI: -88 [da:09:c4:ec:0d:ba]
RSSI: -90 [da:0c:ce:0a:08:be]
RSSI: -88 [da:09:c4:ec:0d:ba]
RSSI: -88 [da:0c:ce:0a:08:be]
RSSI: -90 [da:0c:ce:18:08:de]
RSSI: -91 [da:07:e1:0c:08:5b]
RSSI: -89 [da:07:e1:19:08:7b]
RSSI: -92 [da:09:c5:13:0e:2a]
RSSI: -89 [da:0c:ce:32:09:2e]
RSSI: -92 [da:0c:ce:40:09:4e]
RSSI: -90 [da:09:c5:20:0e:5a]
RSSI: -89 [da:0c:ce:4e:09:7e]
RSSI: -91 [da:07:e1:42:08:fb]
RSSI: -90 [da:07:e1:50:09:1b]
RSSI: -90 [da:09:c5:47:0e:ca]
RSSI: -93 [da:07:e1:5f:09:4b]
RSSI: -90 [da:0c:ce:76:09:ee]
RSSI: -89 [da:09:c5:54:0e:ea]
RSSI: -91 [da:0c:ce:76:09:ee]
RSSI: -87 [da:0f:6a:34:06:8c]
RSSI: -88 [da:09:c5:62:0f:0a]
RSSI: -89 [da:0c:ce:82:0a:0e]
RSSI: -93 [da:0f:6a:34:06:8c]
RSSI: -91 [da:07:e1:7a:09:9b]
RSSI: -89 [da:0f:6a:40:06:ac]
RSSI: -85 [da:0f:6a:4f:06:dc]
RSSI: -85 [da:0f:6a:4f:06:dc]
RSSI: -90 [da:09:c5:89:0f:7a]
RSSI: -89 [da:09:c5:89:0f:7a]
RSSI: -89 [da:09:c5:95:0f:9a]
RSSI: -91 [da:0c:ce:b8:0a:ae]
RSSI: -87 [da:09:c5:a3:0f:ca]
RSSI: -91 [da:0c:ce:c6:0a:ce]
RSSI: -82 [da:0f:6a:7a:07:6c]
RSSI: -88 [da:0f:6a:89:07:9c]
RSSI: -83 [da:0f:6a:89:07:9c]
RSSI: -82 [da:0c:ce:ee:0b:4e]
RSSI: -87 [da:0c:ce:fa:0b:6e]
RSSI: -93 [da:07:e1:f6:0b:0b]
RSSI: -86 [da:0c:cf:08:0b:9e]
RSSI: -88 [da:0f:6a:c1:08:4c]
RSSI: -91 [da:07:e2:04:0b:3b]
RSSI: -78 [da:0c:cf:16:0b:be]
RSSI: -86 [da:0c:cf:22:0b:ee]
RSSI: -84 [da:0f:6a:d0:08:7c]
RSSI: -87 [da:0f:6a:df:08:ac]
RSSI: -83 [da:0c:cf:30:0c:0e]
RSSI: -83 [da:0f:6a:eb:08:dc]
RSSI: -78 [da:0c:cf:3e:0c:3e]
RSSI: -84 [da:0f:6a:eb:08:dc]
RSSI: -84 [da:0f:6a:eb:08:dc]
RSSI: -81 [da:0c:cf:4b:0c:5e]
RSSI: -81 [da:0f:6a:fb:09:0c]
RSSI: -83 [da:0c:cf:58:0c:7e]
RSSI: -86 [da:0f:6b:0a:09:3c]
RSSI: -83 [da:0c:cf:58:0c:7e]
RSSI: -80 [da:0c:cf:58:0c:7e]
RSSI: -83 [da:0c:cf:66:0c:ae]
RSSI: -81 [da:0c:cf:73:0c:ce]
RSSI: -85 [da:0c:cf:73:0c:ce]
RSSI: -84 [da:0c:cf:80:0c:fe]
RSSI: -82 [da:0c:cf:80:0c:fe]
RSSI: -83 [da:0c:cf:8e:0d:1e]
RSSI: -84 [da:0c:cf:9b:0d:3e]
RSSI: -88 [da:0f:6b:50:0a:1c]
RSSI: -87 [da:0c:cf:a9:0d:6e]
RSSI: -87 [da:0f:6b:5f:0a:4c]
RSSI: -86 [da:0f:6b:6c:0a:7c]
RSSI: -83 [da:0c:cf:c3:0d:be]
RSSI: -84 [da:0f:6b:7b:0a:ac]
RSSI: -84 [da:0f:6b:7b:0a:ac]
RSSI: -92 [da:0c:cf:de:0d:fe]
RSSI: -94 [da:09:c6:c3:12:fa]
RSSI: -90 [da:0f:6b:8a:0a:dc]
RSSI: -84 [da:0f:6b:a6:0b:2c]
RSSI: -85 [da:0f:6b:b5:0b:5c]
RSSI: -90 [da:0f:6b:c2:0b:8c]
RSSI: -95 [da:0c:d0:2f:0e:ee]
RSSI: -89 [da:0f:6b:ed:0c:1c]
RSSI: -89 [da:0c:d0:57:0f:5e]
RSSI: -90 [da:0f:6c:0b:0c:7c]
RSSI: -89 [da:0f:6c:0b:0c:7c]
RSSI: -86 [da:0f:6c:18:0c:9c]
RSSI: -89 [da:09:c7:53:14:8a]
RSSI: -89 [da:0c:d0:71:0f:ae]
RSSI: -81 [da:0f:6c:27:0c:cc]
RSSI: -91 [da:0c:d0:7f:0f:de]
RSSI: -83 [da:0f:6c:36:0c:fc]
RSSI: -86 [da:0c:d0:8c:0f:fe]
RSSI: -90 [da:09:c7:6d:14:da]
RSSI: -87 [da:0c:d0:8c:0f:fe]
RSSI: -86 [da:0f:6c:43:0d:2c]
RSSI: -83 [da:0f:6c:52:0d:5c]
RSSI: -86 [da:0c:d0:a7:10:4e]
RSSI: -84 [da:0f:6c:61:0d:8c]
RSSI: -88 [da:0c:d0:b4:10:6e]
RSSI: -80 [da:0f:6c:61:0d:8c]
RSSI: -85 [da:0c:d0:b4:10:6e]
RSSI: -86 [da:09:c7:9c:15:5a]
RSSI: -85 [da:0f:6c:6e:0d:ac]
RSSI: -87 [da:0c:d0:c2:10:9e]
RSSI: -85 [da:09:c7:aa:15:7a]
RSSI: -86 [da:09:c7:aa:15:7a]
RSSI: -87 [da:09:c7:b7:15:9a]
RSSI: -81 [da:0f:6c:8c:0e:1c]
RSSI: -83 [da:0f:6c:8c:0e:1c]
RSSI: -86 [da:0c:d0:dc:10:de]
RSSI: -83 [da:0f:6c:8c:0e:1c]
RSSI: -82 [da:0f:6c:99:0e:3c]
RSSI: -83 [da:0f:6c:99:0e:3c]
RSSI: -85 [da:0c:d0:f8:11:2e]
RSSI: -83 [da:0f:6c:a8:0e:6c]
RSSI: -86 [da:0c:d1:05:11:4e]
RSSI: -83 [da:0f:6c:b7:0e:9c]
RSSI: -85 [da:0c:d1:05:11:4e]
RSSI: -81 [da:0f:6c:b7:0e:9c]
RSSI: -87 [da:0c:d1:12:11:7e]
RSSI: -79 [da:0f:6c:c4:0e:cc]
RSSI: -86 [da:0c:d1:12:11:7e]
RSSI: -85 [da:0c:d1:20:11:9e]
RSSI: -83 [da:0f:6c:d3:0e:fc]
RSSI: -78 [da:0f:6c:d3:0e:fc]
RSSI: -88 [da:09:c8:13:00:6a]
RSSI: -88 [da:0c:d1:2d:11:ce]
RSSI: -84 [da:0f:6c:e2:0f:2c]
RSSI: -79 [da:0f:6c:ef:0f:4c]
RSSI: -87 [da:09:c8:20:00:9a]
RSSI: -80 [da:0f:6c:ef:0f:4c]
RSSI: -83 [da:0f:6c:fe:0f:7c]
RSSI: -89 [da:09:c8:2e:00:ba]
RSSI: -84 [da:09:c8:3a:00:da]
RSSI: -88 [da:0f:6d:0d:0f:ac]
RSSI: -84 [da:09:c8:48:01:0a]
RSSI: -87 [da:0f:6d:1a:0f:dc]
RSSI: -90 [da:0c:d1:71:12:8e]
RSSI: -87 [da:09:c8:55:01:2a]
RSSI: -81 [da:0f:6d:38:10:3c]
RSSI: -91 [da:0c:d1:8b:12:de]
RSSI: -80 [da:0f:6d:38:10:3c]
RSSI: -85 [da:09:c8:6f:01:7a]
RSSI: -85 [da:09:c8:6f:01:7a]
RSSI: -85 [da:09:c8:6f:01:7a]
RSSI: -77 [da:0f:6d:45:10:5c]
RSSI: -83 [da:09:c8:7d:01:9a]
RSSI: -76 [da:0f:6d:45:10:5c]
RSSI: -85 [da:09:c8:7d:01:9a]
RSSI: -82 [da:0f:6d:54:10:8c]
RSSI: -83 [da:09:c8:89:01:ba]
RSSI: -72 [da:0f:6d:54:10:8c]
RSSI: -73 [da:0f:6d:63:10:bc]
RSSI: -92 [da:0c:d1:b4:13:4e]
RSSI: -71 [da:0f:6d:7f:11:1c]
RSSI: -70 [da:0f:6d:7f:11:1c]
RSSI: -73 [da:0f:6d:8e:11:4c]
RSSI: -70 [da:0f:6d:8e:11:4c]
RSSI: -90 [da:0c:d1:ea:13:ee]
RSSI: -70 [da:0f:6d:9b:11:7c]
RSSI: -71 [da:0f:6d:9b:11:7c]
RSSI: -94 [da:09:c8:e6:02:ca]
RSSI: -74 [da:0f:6d:b9:11:dc]
RSSI: -89 [da:09:c8:f3:02:ea]
RSSI: -72 [da:0f:6d:c6:11:fc]
RSSI: -75 [da:0f:6d:c6:11:fc]
RSSI: -73 [da:0f:6d:d5:12:2c]
RSSI: -90 [da:09:c9:0d:03:3a]
RSSI: -73 [da:0f:6d:d5:12:2c]
RSSI: -92 [da:0c:d2:2d:14:ae]
RSSI: -92 [da:09:c9:0d:03:3a]
RSSI: -79 [da:0f:6d:e5:12:6c]
RSSI: -81 [da:0f:6d:f1:12:8c]
RSSI: -82 [da:0f:6d:f1:12:8c]
RSSI: -84 [da:0f:6e:01:12:bc]
RSSI: -87 [da:0f:6e:01:12:bc]
RSSI: -88 [da:0f:6e:1c:13:1c]
RSSI: -87 [da:0f:6e:2c:13:4c]
RSSI: -93 [da:09:c9:77:04:5a]
RSSI: -91 [da:0f:6e:73:14:2c]
RSSI: -90 [da:0f:6e:82:14:5c]
RSSI: -90 [da:0f:6e:82:14:5c]
RSSI: -90 [da:09:c9:c6:05:3a]
RSSI: -87 [da:0f:6e:9e:14:ac]
RSSI: -92 [da:09:c9:d4:05:5a]
RSSI: -89 [da:0f:6e:ad:14:dc]
RSSI: -88 [da:0f:6e:bc:15:0c]
RSSI: -89 [da:09:c9:ee:05:aa]
RSSI: -91 [da:0f:6e:bc:15:0c]
RSSI: -89 [da:09:c9:fb:05:ca]
RSSI: -88 [da:09:c9:fb:05:ca]
RSSI: -86 [da:09:ca:09:05:fa]
RSSI: -85 [da:0f:6e:d9:15:6c]
RSSI: -84 [da:09:ca:15:06:1a]
RSSI: -89 [da:0f:6e:e8:15:9c]
RSSI: -82 [da:09:ca:23:06:3a]
RSSI: -86 [da:0f:6e:f4:15:bc]
RSSI: -81 [da:09:ca:30:06:6a]
RSSI: -91 [da:07:e6:3f:00:fb]
RSSI: -90 [da:07:e6:4b:01:1b]
RSSI: -81 [da:09:ca:3d:06:8a]
RSSI: -89 [da:07:e6:4b:01:1b]
RSSI: -90 [da:07:e6:4b:01:1b]
RSSI: -80 [da:09:ca:4b:06:ba]
RSSI: -88 [da:0f:6f:20:16:4c]
RSSI: -92 [da:0c:d3:70:01:ce]
RSSI: -88 [da:07:e6:69:01:6b]
RSSI: -79 [da:09:ca:58:06:da]
RSSI: -88 [da:07:e6:69:01:6b]
RSSI: -86 [da:0f:6f:2f:16:7c]
RSSI: -78 [da:09:ca:65:06:fa]
RSSI: -86 [da:0f:6f:2f:16:7c]
RSSI: -79 [da:09:ca:72:07:1a]
RSSI: -88 [da:07:e6:84:01:bb]
RSSI: -94 [da:0c:d3:99:02:4e]
RSSI: -79 [da:09:ca:80:07:4a]
RSSI: -78 [da:09:ca:80:07:4a]
RSSI: -77 [da:09:ca:8c:07:6a]
RSSI: -86 [da:0f:6f:5a:00:5c]
RSSI: -78 [da:09:ca:8c:07:6a]
RSSI: -87 [da:07:e6:9f:02:0b]
RSSI: -79 [da:09:ca:9a:07:8a]
RSSI: -76 [da:09:ca:9a:07:8a]
RSSI: -84 [da:0f:6f:6a:00:8c]
RSSI: -85 [da:07:e6:ae:02:3b]
RSSI: -87 [da:0f:6f:76:00:ac]
RSSI: -86 [da:07:e6:bc:02:6b]
RSSI: -79 [da:09:ca:a7:07:ba]
RSSI: -87 [da:0f:6f:76:00:ac]
RSSI: -85 [da:07:e6:bc:02:6b]
RSSI: -76 [da:09:ca:b4:07:da]
RSSI: -80 [da:09:ca:b4:07:da]
RSSI: -88 [da:07:e6:c9:02:8b]
RSSI: -78 [da:09:ca:c2:07:fa]
RSSI: -84 [da:0f:6f:95:01:1c]
RSSI: -77 [da:09:ca:c2:07:fa]
RSSI: -80 [da:09:ca:cf:08:2a]
RSSI: -87 [da:07:e6:d8:02:bb]
RSSI: -78 [da:09:ca:cf:08:2a]
RSSI: -86 [da:07:e6:e6:02:db]
RSSI: -80 [da:09:ca:dc:08:4a]
RSSI: -77 [da:09:ca:e9:08:7a]
RSSI: -87 [da:0c:d4:13:03:ae]
RSSI: -80 [da:09:ca:f7:08:9a]
RSSI: -88 [da:0c:d4:13:03:ae]
RSSI: -90 [da:07:e7:02:03:2b]
RSSI: -79 [da:09:ca:f7:08:9a]
RSSI: -90 [da:0c:d4:20:03:ce]
RSSI: -88 [da:0c:d4:2d:03:ee]
RSSI: -90 [da:07:e7:1d:03:7b]
RSSI: -79 [da:09:cb:11:08:da]
RSSI: -89 [da:0c:d4:2d:03:ee]
RSSI: -87 [da:0c:d4:3b:04:1e]
RSSI: -88 [da:0c:d4:3b:04:1e]
RSSI: -83 [da:09:cb:1f:09:0a]
RSSI: -90 [da:0c:d4:3b:04:1e]
RSSI: -87 [da:09:cb:2b:09:2a]
RSSI: -89 [da:0f:6f:f8:02:4c]
RSSI: -85 [da:09:cb:39:09:5a]
RSSI: -87 [da:0f:70:08:02:8c]
RSSI: -90 [da:0f:70:08:02:8c]
RSSI: -86 [da:0f:70:17:02:bc]
RSSI: -90 [da:0c:d4:72:04:be]
RSSI: -86 [da:09:cb:61:09:ca]
RSSI: -89 [da:09:cb:6e:09:ea]
RSSI: -86 [da:0f:70:33:03:0c]
RSSI: -84 [da:09:cb:6e:09:ea]
RSSI: -82 [da:0f:70:42:03:3c]
RSSI: -82 [da:0f:70:4f:03:6c]
RSSI: -83 [da:0f:70:4f:03:6c]
RSSI: -86 [da:0f:70:5e:03:9c]
RSSI: -90 [da:09:cb:96:0a:5a]
RSSI: -88 [da:0c:d4:b5:05:7e]
RSSI: -82 [da:09:cb:96:0a:5a]
RSSI: -96 [da:0f:70:6e:03:cc]
RSSI: -90 [da:09:cb:a3:0a:7a]
RSSI: -86 [da:0f:70:7a:03:ec]
RSSI: -91 [da:0c:d4:de:05:ee]
RSSI: -92 [da:09:cb:d8:0b:1a]
RSSI: -86 [da:09:cb:e6:0b:3a]
RSSI: -87 [da:0f:70:c4:04:dc]
RSSI: -85 [da:09:cc:0e:0b:aa]
RSSI: -89 [da:0f:70:e0:05:2c]
RSSI: -88 [da:09:cc:1a:0b:da]
RSSI: -90 [da:0f:70:f0:05:5c]
RSSI: -91 [da:0f:70:fc:05:8c]
RSSI: -89 [da:09:cc:36:0c:1a]
RSSI: -89 [da:09:cc:42:0c:4a]
RSSI: -90 [da:09:cc:50:0c:6a]
RSSI: -92 [da:0c:d5:80:07:ce]
RSSI: -91 [da:0f:71:47:06:7c]
RSSI: -90 [da:09:cc:78:0c:da]
RSSI: -92 [da:0c:d5:a9:08:4e]
RSSI: -89 [da:0f:71:53:06:9c]
RSSI: -94 [da:09:cc:a0:0d:4a]
RSSI: -85 [da:0f:71:72:07:0c]
RSSI: -92 [da:0c:d5:c9:08:9e]
RSSI: -92 [da:0c:d5:d9:08:ce]
RSSI: -84 [da:0f:71:8e:07:5c]
RSSI: -91 [da:0f:71:9e:07:8c]
RSSI: -91 [da:09:cc:d5:0d:ea]
RSSI: -84 [da:0f:71:9e:07:8c]
RSSI: -83 [da:0f:71:9e:07:8c]
RSSI: -92 [da:0f:71:c0:07:fc]
RSSI: -92 [da:0f:71:cf:08:2c]
RSSI: -89 [da:0f:71:dc:08:5c]
RSSI: -92 [da:09:cd:18:0e:aa]
RSSI: -91 [da:0c:d6:46:09:fe]
RSSI: -90 [da:0f:71:fb:08:bc]
RSSI: -86 [da:09:cd:32:0e:ea]
RSSI: -87 [da:09:cd:32:0e:ea]
RSSI: -89 [da:09:cd:4d:0f:3a]
RSSI: -88 [da:09:cd:5a:0f:5a]
RSSI: -87 [da:09:cd:5a:0f:5a]
RSSI: -88 [da:0f:72:33:09:6c]
RSSI: -91 [da:0c:d6:8b:0a:ce]
RSSI: -88 [da:0f:72:42:09:9c]
RSSI: -86 [da:0c:d6:97:0a:ee]
RSSI: -92 [da:0c:d6:a5:0b:1e]
RSSI: -85 [da:0c:d6:b3:0b:4e]
RSSI: -84 [da:0c:d6:b3:0b:4e]
RSSI: -90 [da:07:e9:bc:0b:3b]
RSSI: -85 [da:0c:d6:dc:0b:be]
RSSI: -88 [da:0f:72:8a:0a:8c]
RSSI: -82 [da:0c:d6:dc:0b:be]
RSSI: -90 [da:07:e9:cd:0b:5b]
RSSI: -85 [da:0c:d6:e9:0b:de]
RSSI: -84 [da:0c:d6:f7:0c:0e]
RSSI: -82 [da:0c:d6:f7:0c:0e]
RSSI: -83 [da:0c:d7:05:0c:2e]
RSSI: -90 [da:0f:72:b6:0b:0c]
RSSI: -83 [da:0c:d7:12:0c:5e]
RSSI: -82 [da:0c:d7:20:0c:7e]
RSSI: -82 [da:0c:d7:20:0c:7e]
RSSI: -83 [da:0c:d7:2e:0c:ae]
RSSI: -82 [da:0c:d7:2e:0c:ae]
RSSI: -82 [da:0c:d7:3b:0c:ce]
RSSI: -84 [da:0c:d7:3b:0c:ce]
RSSI: -89 [da:0f:72:f1:0b:cc]
RSSI: -82 [da:0c:d7:49:0c:ee]
RSSI: -82 [da:0c:d7:49:0c:ee]
RSSI: -81 [da:0c:d7:57:0d:1e]
RSSI: -84 [da:0c:d7:64:0d:3e]
RSSI: -83 [da:0c:d7:72:0d:6e]
RSSI: -83 [da:0c:d7:72:0d:6e]
RSSI: -84 [da:0c:d7:72:0d:6e]
RSSI: -83 [da:0c:d7:80:0d:8e]
RSSI: -83 [da:0c:d7:80:0d:8e]
RSSI: -86 [da:0c:d7:8c:0d:be]
RSSI: -85 [da:0c:d7:8c:0d:be]
RSSI: -85 [da:0c:d7:9b:0d:de]
RSSI: -88 [da:0c:d7:a9:0e:0e]
RSSI: -92 [da:09:ce:a9:13:0a]
RSSI: -93 [da:0c:d7:de:0e:ae]
RSSI: -85 [da:0f:73:90:0d:cc]
RSSI: -85 [da:0f:73:af:0e:3c]
RSSI: -94 [da:0c:d7:fb:0e:fe]
RSSI: -85 [da:0f:73:af:0e:3c]
RSSI: -86 [da:0f:73:bc:0e:5c]
RSSI: -84 [da:0f:73:bc:0e:5c]
RSSI: -93 [da:0c:d8:16:0f:4e]
RSSI: -84 [da:0f:73:db:0e:bc]
RSSI: -86 [da:0f:73:db:0e:bc]
RSSI: -90 [da:0c:d8:30:0f:8e]
RSSI: -82 [da:0f:73:e7:0e:ec]
RSSI: -84 [da:0f:73:e7:0e:ec]
RSSI: -90 [da:09:cf:21:14:6a]
RSSI: -87 [da:0f:73:f7:0f:1c]
RSSI: -89 [da:0f:74:07:0f:4c]
RSSI: -91 [da:09:cf:3b:14:aa]
RSSI: -87 [da:0f:74:13:0f:7c]
RSSI: -90 [da:09:cf:57:14:fa]
RSSI: -91 [da:09:cf:71:15:4a]
RSSI: -90 [da:09:cf:7f:15:6a]
RSSI: -93 [da:09:cf:8c:15:8a]
RSSI: -88 [da:0c:d8:ab:10:ee]
RSSI: -87 [da:0f:74:5e:10:6c]
RSSI: -84 [da:0f:74:6b:10:8c]
RSSI: -91 [da:09:cf:a7:15:da]
RSSI: -84 [da:0f:74:7a:10:cc]
RSSI: -82 [da:0f:74:7a:10:cc]
RSSI: -92 [da:09:cf:b4:15:fa]
RSSI: -86 [da:0c:d8:d5:11:6e]
RSSI: -91 [da:09:cf:b4:15:fa]
RSSI: -79 [da:0f:74:8a:10:fc]
RSSI: -89 [da:09:cf:c2:16:2a]
RSSI: -81 [da:0f:74:8a:10:fc]
RSSI: -76 [da:0f:74:96:11:1c]
RSSI: -76 [da:0f:74:a6:11:4c]
RSSI: -75 [da:0f:74:a6:11:4c]
RSSI: -89 [da:0c:d8:fe:11:de]
RSSI: -78 [da:0f:74:b6:11:7c]
RSSI: -76 [da:0f:74:b6:11:7c]
RSSI: -77 [da:0f:74:c2:11:ac]
RSSI: -89 [da:09:cf:f8:00:7a]
RSSI: -72 [da:0f:74:d2:11:dc]
RSSI: -86 [da:09:d0:05:00:9a]
RSSI: -77 [da:0f:74:d2:11:dc]
RSSI: -74 [da:0f:74:e1:12:0c]
RSSI: -89 [da:09:d0:20:00:ea]
RSSI: -89 [da:09:d0:20:00:ea]
RSSI: -88 [da:09:d0:2d:01:0a]
RSSI: -79 [da:0f:74:fe:12:5c]
RSSI: -88 [da:09:d0:2d:01:0a]
RSSI: -77 [da:0f:74:fe:12:5c]
RSSI: -78 [da:0f:75:0d:12:8c]
RSSI: -79 [da:0f:75:1a:12:bc]
RSSI: -82 [da:0f:75:1a:12:bc]
RSSI: -87 [da:09:d0:55:01:7a]
RSSI: -83 [da:0f:75:2a:12:ec]
RSSI: -87 [da:09:d0:63:01:9a]
RSSI: -85 [da:0f:75:39:13:1c]
RSSI: -87 [da:0f:75:46:13:3c]
RSSI: -85 [da:09:d0:7e:01:ea]
RSSI: -85 [da:09:d0:7e:01:ea]
RSSI: -90 [da:09:d0:8c:02:1a]
RSSI: -90 [da:09:d0:99:02:3a]
RSSI: -86 [da:09:d0:a6:02:5a]
RSSI: -87 [da:0f:75:81:13:fc]
RSSI: -88 [da:0f:75:91:14:2c]
RSSI: -85 [da:0f:75:9e:14:5c]
RSSI: -91 [da:0f:75:ad:14:8c]
RSSI: -87 [da:09:d0:ea:03:1a]
RSSI: -88 [da:09:d0:ea:03:1a]
RSSI: -89 [da:0f:75:c9:14:ec]
RSSI: -89 [da:0f:75:d9:15:1c]
RSSI: -90 [da:0f:75:e9:15:4c]
RSSI: -84 [da:0f:75:e9:15:4c]
RSSI: -89 [da:09:d1:1f:03:ba]
RSSI: -95 [da:07:ed:2f:15:4b]
RSSI: -91 [da:09:d1:2d:03:da]
RSSI: -88 [da:0f:75:f5:15:6c]
RSSI: -88 [da:09:d1:2d:03:da]
RSSI: -88 [da:09:d1:48:04:2a]
RSSI: -87 [da:09:d1:48:04:2a]
RSSI: -88 [da:09:d1:56:04:4a]
RSSI: -88 [da:0f:76:21:15:fc]
RSSI: -89 [da:09:d1:56:04:4a]
RSSI: -86 [da:0f:76:31:16:2c]
RSSI: -81 [da:09:d1:70:04:9a]
RSSI: -83 [da:09:d1:7e:04:ba]
RSSI: -89 [da:0f:76:4d:00:0c]
RSSI: -83 [da:09:d1:8c:04:da]
RSSI: -83 [da:09:d1:8c:04:da]
RSSI: -90 [da:07:ed:a0:00:2b]
RSSI: -82 [da:09:d1:98:05:0a]
RSSI: -82 [da:09:d1:98:05:0a]
RSSI: -81 [da:09:d1:a6:05:2a]
RSSI: -83 [da:09:d1:a6:05:2a]
RSSI: -86 [da:0f:76:79:00:8c]
RSSI: -88 [da:07:ed:be:00:7b]
RSSI: -83 [da:09:d1:b4:05:5a]
RSSI: -85 [da:0f:76:89:00:bc]
RSSI: -84 [da:09:d1:c1:05:7a]
RSSI: -86 [da:07:ed:da:00:cb]
RSSI: -84 [da:09:d1:cf:05:9a]
RSSI: -85 [da:09:d1:cf:05:9a]
RSSI: -85 [da:07:ed:e9:00:fb]
RSSI: -86 [da:09:d1:dd:05:ca]
RSSI: -86 [da:07:ed:e9:00:fb]
RSSI: -85 [da:09:d1:e9:05:ea]
RSSI: -80 [da:09:d1:f7:06:1a]
RSSI: -84 [da:09:d2:05:06:3a]
RSSI: -84 [da:07:ee:20:01:9b]
RSSI: -81 [da:09:d2:12:06:5a]
RSSI: -84 [da:07:ee:20:01:9b]
RSSI: -74 [da:09:d2:20:06:8a]
RSSI: -90 [da:0f:76:f0:02:0c]
RSSI: -83 [da:07:ee:2f:01:cb]
RSSI: -79 [da:09:d2:2e:06:aa]
RSSI: -84 [da:07:ee:3e:01:fb]
RSSI: -79 [da:09:d2:2e:06:aa]
RSSI: -73 [da:09:d2:2e:06:aa]
RSSI: -90 [da:0f:76:fd:02:3c]
RSSI: -88 [da:07:ee:3e:01:fb]
RSSI: -81 [da:09:d2:3a:06:ca]
RSSI: -77 [da:09:d2:3a:06:ca]
RSSI: -89 [da:0f:77:0d:02:6c]
RSSI: -80 [da:09:d2:48:06:fa]
RSSI: -84 [da:07:ee:5a:02:4b]
RSSI: -84 [da:07:ee:5a:02:4b]
RSSI: -89 [da:07:ee:68:02:7b]
RSSI: -70 [da:09:d2:56:07:1a]
RSSI: -81 [da:09:d2:63:07:3a]
RSSI: -76 [da:09:d2:63:07:3a]
RSSI: -89 [da:0f:77:39:02:ec]
RSSI: -79 [da:09:d2:71:07:6a]
RSSI: -80 [da:09:d2:71:07:6a]
RSSI: -86 [da:07:ee:84:02:cb]
RSSI: -70 [da:09:d2:7f:07:8a]
RSSI: -85 [da:07:ee:93:02:fb]
RSSI: -86 [da:09:d2:9a:07:da]
RSSI: -86 [da:0f:77:65:03:7c]
RSSI: -79 [da:09:d2:9a:07:da]
RSSI: -86 [da:0f:77:74:03:ac]
RSSI: -72 [da:09:d2:a7:08:0a]
RSSI: -86 [da:0f:77:74:03:ac]
RSSI: -86 [da:0f:77:74:03:ac]
RSSI: -88 [da:09:d2:a7:08:0a]
RSSI: -87 [da:07:ee:be:03:6b]
RSSI: -81 [da:09:d2:b4:08:2a]
RSSI: -87 [da:0f:77:81:03:cc]
RSSI: -72 [da:09:d2:b4:08:2a]
RSSI: -90 [da:0f:77:81:03:cc]
RSSI: -88 [da:07:ee:ca:03:9b]
RSSI: -89 [da:07:ee:ca:03:9b]
RSSI: -90 [da:0c:db:f2:04:3e]
RSSI: -77 [da:09:d2:dd:08:9a]
RSSI: -93 [da:0c:dc:0d:04:8e]
RSSI: -91 [da:0f:77:bd:04:8c]
RSSI: -87 [da:09:d2:f9:08:ea]
RSSI: -87 [da:0f:77:cc:04:bc]
RSSI: -85 [da:09:d3:05:09:0a]
RSSI: -87 [da:0f:77:d9:04:ec]
RSSI: -89 [da:0f:77:f9:05:4c]
RSSI: -89 [da:0f:78:05:05:6c]
RSSI: -91 [da:0f:78:15:05:ac]
RSSI: -88 [da:0f:78:25:05:dc]
RSSI: -94 [da:07:ef:69:05:6b]
RSSI: -91 [da:0f:78:31:05:fc]
RSSI: -86 [da:09:d3:65:0a:1a]
RSSI: -88 [da:0f:78:31:05:fc]
RSSI: -89 [da:09:d3:73:0a:4a]
RSSI: -87 [da:09:d3:7f:0a:6a]
RSSI: -88 [da:0f:78:51:06:5c]
RSSI: -88 [da:09:d3:7f:0a:6a]
RSSI: -89 [da:09:d3:8d:0a:8a]
RSSI: -88 [da:0f:78:5d:06:8c]
RSSI: -90 [da:09:d3:9b:0a:ba]
RSSI: -90 [da:07:ef:a0:06:0b]
RSSI: -90 [da:09:d3:9b:0a:ba]
RSSI: -87 [da:0f:78:6d:06:bc]
RSSI: -90 [da:09:d3:a8:0a:da]
RSSI: -89 [da:0f:78:7d:06:ec]
RSSI: -88 [da:0f:78:7d:06:ec]
RSSI: -88 [da:09:d3:c4:0b:2a]
RSSI: -88 [da:09:d3:c4:0b:2a]
RSSI: -87 [da:09:d3:d1:0b:4a]
RSSI: -83 [da:0f:78:a9:07:7c]
RSSI: -86 [da:09:d3:df:0b:7a]
RSSI: -87 [da:09:d3:ed:0b:9a]
RSSI: -90 [da:07:ef:f6:06:fb]
RSSI: -82 [da:0f:78:b6:07:ac]
RSSI: -93 [da:0c:dd:06:07:5e]
RSSI: -87 [da:09:d3:ed:0b:9a]
RSSI: -88 [da:09:d4:07:0b:ea]
RSSI: -92 [da:0c:dd:3e:07:fe]
RSSI: -88 [da:09:d4:22:0c:3a]
RSSI: -89 [da:09:d4:30:0c:6a]
RSSI: -87 [da:0f:79:0e:08:bc]
RSSI: -89 [da:09:d4:4b:0c:aa]
RSSI: -90 [da:07:f0:5b:08:2b]
RSSI: -85 [da:0f:79:1e:08:fc]
RSSI: -89 [da:07:f0:6a:08:5b]
RSSI: -82 [da:0f:79:3a:09:4c]
RSSI: -83 [da:0f:79:3a:09:4c]
RSSI: -89 [da:07:f0:94:08:cb]
RSSI: -91 [da:09:d4:82:0d:4a]
RSSI: -81 [da:0f:79:5a:09:bc]
RSSI: -92 [da:0c:dd:ac:09:2e]
RSSI: -82 [da:0f:79:5a:09:bc]
RSSI: -85 [da:0f:79:5a:09:bc]
RSSI: -89 [da:07:f0:a1:08:fb]
RSSI: -83 [da:0f:79:67:09:dc]
RSSI: -82 [da:0f:79:67:09:dc]
RSSI: -93 [da:07:f0:cc:09:7b]
RSSI: -83 [da:0f:79:93:0a:6c]
RSSI: -90 [da:0c:dd:e4:09:de]
RSSI: -83 [da:0f:79:93:0a:6c]
RSSI: -90 [da:09:d4:c5:0e:0a]
RSSI: -96 [da:0c:dd:e4:09:de]
RSSI: -83 [da:0f:79:93:0a:6c]
RSSI: -85 [da:0f:79:a3:0a:9c]
RSSI: -89 [da:09:d4:d8:0e:3a]
RSSI: -87 [da:09:d4:e9:0e:6a]
RSSI: -87 [da:09:d4:e9:0e:6a]
RSSI: -89 [da:0f:79:bf:0a:fc]
RSSI: -87 [da:09:d4:f5:0e:8a]
RSSI: -85 [da:09:d5:03:0e:ba]
RSSI: -84 [da:09:d5:03:0e:ba]
RSSI: -86 [da:09:d5:11:0e:da]
RSSI: -90 [da:09:d5:1e:0e:fa]
RSSI: -86 [da:09:d5:2c:0f:2a]
RSSI: -87 [da:09:d5:2c:0f:2a]
RSSI: -86 [da:09:d5:3a:0f:4a]
RSSI: -89 [da:09:d5:47:0f:7a]
RSSI: -86 [da:09:d5:47:0f:7a]
RSSI: -91 [da:0c:de:6f:0b:6e]
RSSI: -89 [da:0c:de:6f:0b:6e]
RSSI: -86 [da:09:d5:55:0f:9a]
RSSI: -84 [da:09:d5:63:0f:ca]
RSSI: -86 [da:0c:de:7c:0b:9e]
RSSI: -85 [da:09:d5:63:0f:ca]
RSSI: -84 [da:0c:de:8b:0b:be]
RSSI: -86 [da:0c:de:99:0b:ee]
RSSI: -89 [da:0f:7a:44:0c:ac]
RSSI: -86 [da:0c:de:99:0b:ee]
RSSI: -85 [da:0c:de:a6:0c:0e]
RSSI: -89 [da:09:d5:8c:10:3a]
RSSI: -82 [da:0c:de:b4:0c:3e]
RSSI: -88 [da:0f:7a:64:0d:0c]
RSSI: -89 [da:09:d5:99:10:5a]
RSSI: -79 [da:0c:de:c3:0c:5e]
RSSI: -88 [da:09:d5:a7:10:8a]
RSSI: -89 [da:0f:7a:80:0d:6c]
RSSI: -90 [da:09:d5:c2:10:ca]
RSSI: -81 [da:0c:de:de:0c:ae]
RSSI: -83 [da:0c:de:de:0c:ae]
RSSI: -87 [da:0f:7a:90:0d:9c]
RSSI: -81 [da:0c:de:ec:0c:de]
RSSI: -80 [da:0c:de:ec:0c:de]
RSSI: -81 [da:0c:de:f9:0c:fe]
RSSI: -84 [da:0c:de:f9:0c:fe]
RSSI: -79 [da:0c:df:08:0d:2e]
RSSI: -86 [da:0f:7a:bc:0e:2c]
RSSI: -80 [da:0c:df:08:0d:2e]
RSSI: -85 [da:0f:7a:bc:0e:2c]
RSSI: -79 [da:0c:df:16:0d:5e]
RSSI: -91 [da:0f:7a:d9:0e:8c]
RSSI: -80 [da:0c:df:31:0d:ae]
RSSI: -87 [da:0f:7a:e9:0e:bc]
RSSI: -81 [da:0c:df:40:0d:ce]
RSSI: -81 [da:0c:df:40:0d:ce]
RSSI: -87 [da:0f:7a:f5:0e:dc]
RSSI: -82 [da:0c:df:4c:0d:fe]
RSSI: -90 [da:0f:7b:15:0f:4c]
RSSI: -86 [da:0c:df:6a:0e:4e]
RSSI: -85 [da:0c:df:6a:0e:4e]
RSSI: -96 [da:09:d6:59:12:7a]
RSSI: -90 [da:0c:df:76:0e:6e]
RSSI: -96 [da:09:d6:59:12:7a]
RSSI: -87 [da:0c:df:76:0e:6e]
RSSI: -87 [da:0f:7b:32:0f:9c]
RSSI: -86 [da:0f:7b:5e:10:2c]
RSSI: -93 [da:09:d6:8e:13:0a]
RSSI: -89 [da:0f:7b:5e:10:2c]
RSSI: -87 [da:0f:7b:6e:10:5c]
RSSI: -88 [da:0f:7b:6e:10:5c]
RSSI: -89 [da:09:d6:b7:13:8a]
RSSI: -90 [da:09:d6:b7:13:8a]
RSSI: -83 [da:0f:7b:8a:10:bc]
RSSI: -89 [da:0c:df:e7:0f:ae]
RSSI: -81 [da:0f:7b:9a:10:ec]
RSSI: -83 [da:0f:7b:9a:10:ec]
RSSI: -90 [da:0c:df:f3:0f:de]
RSSI: -81 [da:0f:7b:a7:11:1c]
RSSI: -81 [da:0f:7b:a7:11:1c]
RSSI: -86 [da:0f:7b:b7:11:4c]
RSSI: -84 [da:0f:7b:c7:11:7c]
RSSI: -89 [da:0c:e0:1d:10:4e]
RSSI: -80 [da:0f:7b:d3:11:ac]
RSSI: -82 [da:0f:7b:d3:11:ac]
RSSI: -89 [da:09:d7:09:14:6a]
RSSI: -80 [da:0f:7b:e3:11:dc]
RSSI: -81 [da:0f:7b:e3:11:dc]
RSSI: -83 [da:0f:7c:00:12:3c]
RSSI: -90 [da:09:d7:32:14:da]
RSSI: -89 [da:09:d7:41:15:0a]
RSSI: -91 [da:09:d7:41:15:0a]
RSSI: -85 [da:0f:7c:10:12:6c]
RSSI: -92 [da:09:d7:41:15:0a]
RSSI: -88 [da:09:d7:4f:15:2a]
RSSI: -83 [da:0f:7c:20:12:9c]
RSSI: -90 [da:0c:e0:71:11:3e]
RSSI: -87 [da:09:d7:5b:15:4a]
RSSI: -84 [da:0f:7c:2c:12:cc]
RSSI: -87 [da:0c:e0:80:11:6e]
RSSI: -89 [da:0c:e0:8e:11:9e]
RSSI: -86 [da:0c:e0:9b:11:be]
RSSI: -92 [da:0f:7c:59:13:5c]
RSSI: -88 [da:0c:e0:a9:11:ee]
RSSI: -93 [da:0f:7c:59:13:5c]
RSSI: -90 [da:09:d7:93:15:ea]
RSSI: -89 [da:09:d7:a1:16:0a]
RSSI: -88 [da:09:d7:ae:16:3a]
RSSI: -88 [da:0c:e0:d3:12:5e]
RSSI: -86 [da:09:d7:bc:16:5a]
RSSI: -85 [da:09:d7:bc:16:5a]
RSSI: -88 [da:09:d7:d7:00:4a]
RSSI: -85 [da:09:d7:e5:00:7a]
RSSI: -85 [da:09:d7:e5:00:7a]
RSSI: -87 [da:09:d7:f3:00:9a]
RSSI: -86 [da:09:d8:00:00:ba]
RSSI: -84 [da:09:d8:0e:00:ea]
RSSI: -88 [da:09:d8:1c:01:0a]
RSSI: -90 [da:0c:e1:42:13:9e]
RSSI: -85 [da:0f:7c:ef:15:2c]
RSSI: -84 [da:09:d8:29:01:3a]
RSSI: -86 [da:09:d8:29:01:3a]
RSSI: -84 [da:09:d8:37:01:5a]
RSSI: -91 [da:0c:e1:51:13:ce]
RSSI: -83 [da:09:d8:37:01:5a]
RSSI: -87 [da:0f:7d:0b:15:7c]
RSSI: -88 [da:09:d8:45:01:8a]
RSSI: -85 [da:0f:7d:1b:15:bc]
RSSI: -88 [da:09:d8:52:01:aa]
RSSI: -85 [da:09:d8:60:01:da]
RSSI: -85 [da:09:d8:60:01:da]
RSSI: -92 [da:09:d8:7b:02:1a]
RSSI: -88 [da:0f:7d:48:16:3c]
RSSI: -87 [da:09:d8:8a:02:4a]
RSSI: -87 [da:0f:7d:58:16:7c]
RSSI: -92 [da:09:d8:8a:02:4a]
RSSI: -87 [da:0f:7d:64:00:2c]
RSSI: -89 [da:0f:7d:74:00:5c]
RSSI: -88 [da:0f:7d:84:00:8c]
RSSI: -95 [da:09:d8:c1:02:da]
RSSI: -87 [da:0f:7d:91:00:bc]
RSSI: -89 [da:09:d8:ce:02:fa]
RSSI: -88 [da:0f:7d:a1:00:ec]
RSSI: -90 [da:0f:7d:b1:01:1c]
RSSI: -87 [da:0f:7d:bd:01:4c]
RSSI: -87 [da:0f:7d:bd:01:4c]
RSSI: -94 [da:09:d9:05:03:9a]
RSSI: -86 [da:0f:7d:dd:01:ac]
RSSI: -93 [da:07:f5:3c:16:6b]
RSSI: -90 [da:0f:7e:0a:02:3c]
RSSI: -91 [da:07:f5:4b:00:0b]
RSSI: -87 [da:0f:7e:17:02:5c]
RSSI: -89 [da:09:d9:58:04:8a]
RSSI: -91 [da:09:d9:66:04:aa]
RSSI: -89 [da:0f:7e:43:02:ec]
RSSI: -86 [da:0f:7e:54:03:1c]
RSSI: -86 [da:07:f5:93:00:db]
RSSI: -85 [da:0f:7e:54:03:1c]
RSSI: -85 [da:09:d9:8f:05:1a]
RSSI: -85 [da:0f:7e:63:03:4c]
RSSI: -84 [da:07:f5:a2:00:fb]
RSSI: -83 [da:09:d9:9c:05:4a]
RSSI: -83 [da:09:d9:9c:05:4a]
RSSI: -86 [da:0f:7e:70:03:7c]
RSSI: -83 [da:07:f5:af:01:2b]
RSSI: -86 [da:0f:7e:70:03:7c]
RSSI: -82 [da:0f:7e:70:03:7c]
RSSI: -86 [da:09:d9:aa:05:6a]
RSSI: -79 [da:09:d9:c5:05:ba]
RSSI: -84 [da:0f:7e:90:03:dc]
RSSI: -81 [da:09:d9:c5:05:ba]
RSSI: -81 [da:07:f5:da:01:ab]
RSSI: -81 [da:07:f5:da:01:ab]
RSSI: -80 [da:09:d9:d4:05:ea]
RSSI: -81 [da:07:f5:da:01:ab]
RSSI: -77 [da:09:d9:d4:05:ea]
RSSI: -81 [da:07:f5:ea:01:cb]
RSSI: -78 [da:09:d9:e2:06:0a]
RSSI: -77 [da:09:d9:e2:06:0a]
RSSI: -81 [da:07:f5:f9:01:fb]
RSSI: -77 [da:09:d9:ee:06:2a]
RSSI: -81 [da:07:f6:06:02:1b]
RSSI: -80 [da:07:f6:06:02:1b]
RSSI: -73 [da:09:d9:fd:06:5a]
RSSI: -89 [da:0f:7e:ca:04:9c]
RSSI: -81 [da:07:f6:15:02:4b]
RSSI: -76 [da:09:da:0b:06:7a]
RSSI: -74 [da:09:da:0b:06:7a]
RSSI: -82 [da:07:f6:15:02:4b]
RSSI: -75 [da:09:da:0b:06:7a]
RSSI: -88 [da:0f:7e:da:04:cc]
RSSI: -83 [da:07:f6:24:02:7b]
RSSI: -75 [da:09:da:18:06:aa]
RSSI: -83 [da:07:f6:24:02:7b]
RSSI: -72 [da:09:da:26:06:ca]
RSSI: -80 [da:07:f6:31:02:9b]
RSSI: -76 [da:09:da:26:06:ca]
RSSI: -74 [da:09:da:34:06:fa]
RSSI: -86 [da:07:f6:40:02:cb]
RSSI: -74 [da:09:da:34:06:fa]
RSSI: -72 [da:09:da:34:06:fa]
RSSI: -81 [da:07:f6:40:02:cb]
RSSI: -75 [da:09:da:41:07:1a]
RSSI: -86 [da:07:f6:50:02:fb]
RSSI: -75 [da:09:da:41:07:1a]
RSSI: -87 [da:07:f6:50:02:fb]
RSSI: -75 [da:09:da:50:07:4a]
RSSI: -73 [da:09:da:5e:07:6a]
RSSI: -73 [da:09:da:5e:07:6a]
RSSI: -73 [da:09:da:6a:07:8a]
RSSI: -93 [da:0c:e3:94:03:de]
RSSI: -74 [da:09:da:79:07:ba]
RSSI: -92 [da:0c:e3:94:03:de]
RSSI: -74 [da:09:da:79:07:ba]
RSSI: -73 [da:09:da:87:07:ea]
RSSI: -91 [da:07:f6:97:03:cb]
RSSI: -74 [da:09:da:94:08:0a]
RSSI: -75 [da:09:da:94:08:0a]
RSSI: -90 [da:0f:7f:70:06:ac]
RSSI: -74 [da:09:da:a2:08:2a]
RSSI: -88 [da:0f:7f:70:06:ac]
RSSI: -75 [da:09:da:a2:08:2a]
RSSI: -89 [da:0f:7f:70:06:ac]
RSSI: -76 [da:09:da:b1:08:5a]
RSSI: -95 [da:0c:e3:dd:04:ae]
RSSI: -87 [da:09:da:bd:08:7a]
RSSI: -90 [da:0f:7f:8d:07:0c]
RSSI: -83 [da:09:da:cc:08:aa]
RSSI: -83 [da:09:da:da:08:ca]
RSSI: -82 [da:09:da:e7:08:fa]
RSSI: -93 [da:07:f7:0a:05:1b]
RSSI: -96 [da:0f:7f:ca:07:cc]
RSSI: -92 [da:07:f7:0a:05:1b]
RSSI: -96 [da:09:db:03:09:4a]
RSSI: -87 [da:09:db:1f:09:8a]
RSSI: -89 [da:0f:7f:e6:08:2c]
RSSI: -86 [da:09:db:1f:09:8a]
RSSI: -97 [da:0f:7f:f6:08:5c]
RSSI: -94 [da:0c:e4:3e:05:ce]
RSSI: -87 [da:09:db:2d:09:ba]
RSSI: -84 [da:09:db:39:09:da]
RSSI: -87 [da:09:db:48:0a:0a]
RSSI: -84 [da:09:db:56:0a:2a]
RSSI: -87 [da:09:db:56:0a:2a]
RSSI: -86 [da:09:db:63:0a:5a]
RSSI: -84 [da:09:db:63:0a:5a]
RSSI: -84 [da:09:db:63:0a:5a]
RSSI: -88 [da:09:db:71:0a:7a]
RSSI: -91 [da:0f:80:50:09:7c]
RSSI: -94 [da:09:db:8c:0a:ca]
RSSI: -90 [da:09:db:8c:0a:ca]
RSSI: -89 [da:09:db:9b:0a:fa]
RSSI: -88 [da:09:db:a9:0b:1a]
RSSI: -89 [da:0f:80:75:09:ec]
RSSI: -87 [da:09:db:a9:0b:1a]
RSSI: -88 [da:09:db:b6:0b:3a]
RSSI: -88 [da:09:db:d3:0b:8a]
RSSI: -90 [da:09:db:df:0b:ba]
RSSI: -93 [da:0f:80:bf:0a:dc]
RSSI: -91 [da:09:db:ee:0b:da]
RSSI: -89 [da:09:db:fc:0c:0a]
RSSI: -90 [da:09:db:fc:0c:0a]
RSSI: -83 [da:0f:80:cc:0a:fc]
RSSI: -87 [da:09:dc:09:0c:2a]
RSSI: -89 [da:09:dc:17:0c:5a]
RSSI: -88 [da:09:dc:26:0c:7a]
RSSI: -85 [da:0f:80:f2:0b:7c]
RSSI: -89 [da:09:dc:32:0c:9a]
RSSI: -88 [da:0f:81:18:0b:fc]
RSSI: -90 [da:09:dc:41:0c:ca]
RSSI: -90 [da:09:dc:4f:0c:ea]
RSSI: -89 [da:0f:81:24:0c:1c]
RSSI: -88 [da:09:dc:5c:0d:0a]
RSSI: -87 [da:09:dc:6b:0d:3a]
RSSI: -93 [da:0f:81:3e:0c:6c]
RSSI: -89 [da:09:dc:86:0d:8a]
RSSI: -89 [da:0f:81:57:0c:bc]
RSSI: -89 [da:09:dc:86:0d:8a]
RSSI: -84 [da:0f:81:57:0c:bc]
RSSI: -91 [da:0f:81:64:0c:ec]
RSSI: -90 [da:09:dc:94:0d:ba]
RSSI: -83 [da:0f:81:64:0c:ec]
RSSI: -86 [da:0f:81:71:0d:1c]
RSSI: -89 [da:09:dc:a3:0d:da]
RSSI: -87 [da:0f:81:71:0d:1c]
RSSI: -82 [da:0f:81:7d:0d:3c]
RSSI: -86 [da:09:dc:af:0d:fa]
RSSI: -82 [da:0f:81:7d:0d:3c]
RSSI: -86 [da:0f:81:8a:0d:6c]
RSSI: -81 [da:0f:81:8a:0d:6c]
RSSI: -86 [da:09:dc:be:0e:2a]
RSSI: -83 [da:0f:81:97:0d:8c]
RSSI: -85 [da:09:dc:cc:0e:5a]
RSSI: -85 [da:09:dc:cc:0e:5a]
RSSI: -80 [da:0f:81:a3:0d:bc]
RSSI: -85 [da:09:dc:d9:0e:7a]
RSSI: -83 [da:0f:81:a3:0d:bc]
RSSI: -80 [da:0f:81:b0:0d:dc]
RSSI: -86 [da:09:dc:e7:0e:9a]
RSSI: -82 [da:0f:81:bd:0e:0c]
RSSI: -86 [da:09:dc:f6:0e:ca]
RSSI: -82 [da:0f:81:bd:0e:0c]
RSSI: -85 [da:09:dc:f6:0e:ca]
RSSI: -80 [da:0f:81:ca:0e:3c]
RSSI: -81 [da:0f:81:ca:0e:3c]
RSSI: -83 [da:0f:81:d6:0e:5c]
RSSI: -85 [da:09:dd:02:0e:ea]
RSSI: -81 [da:0f:81:d6:0e:5c]
RSSI: -89 [da:0c:e6:2d:0b:6e]
RSSI: -81 [da:0f:81:d6:0e:5c]
RSSI: -84 [da:0f:81:e3:0e:8c]
RSSI: -87 [da:0c:e6:3a:0b:8e]
RSSI: -83 [da:0f:81:f0:0e:ac]
RSSI: -85 [da:0f:81:fc:0e:dc]
RSSI: -88 [da:0c:e6:49:0b:be]
RSSI: -85 [da:09:dd:2c:0f:6a]
RSSI: -84 [da:0f:81:fc:0e:dc]
RSSI: -84 [da:0c:e6:49:0b:be]
RSSI: -85 [da:09:dd:2c:0f:6a]
RSSI: -80 [da:0f:81:fc:0e:dc]
RSSI: -85 [da:09:dd:3b:0f:8a]
RSSI: -85 [da:0c:e6:64:0c:0e]
RSSI: -85 [da:09:dd:49:0f:ba]
RSSI: -87 [da:0c:e6:64:0c:0e]
RSSI: -85 [da:0f:82:2f:0f:7c]
RSSI: -87 [da:09:dd:64:10:0a]
RSSI: -85 [da:0f:82:3c:0f:ac]
RSSI: -88 [da:0f:82:3c:0f:ac]
RSSI: -86 [da:0c:e6:8f:0c:8e]
RSSI: -85 [da:0f:82:49:0f:cc]
RSSI: -83 [da:0c:e6:9e:0c:be]
RSSI: -90 [da:0f:82:55:0f:fc]
RSSI: -89 [da:0c:e6:ad:0c:de]
RSSI: -87 [da:0f:82:62:10:1c]
RSSI: -89 [da:0c:e6:b9:0d:0e]
RSSI: -86 [da:0f:82:7c:10:6c]
RSSI: -89 [da:09:dd:b8:10:ea]
RSSI: -91 [da:0f:82:88:10:9c]
RSSI: -84 [da:0f:82:88:10:9c]
RSSI: -86 [da:0c:e6:e4:0d:7e]
RSSI: -87 [da:0f:82:a2:10:ec]
RSSI: -85 [da:0c:e6:f3:0d:ae]
RSSI: -87 [da:0c:e7:02:0d:de]
RSSI: -87 [da:0c:e7:02:0d:de]
RSSI: -90 [da:0f:82:bb:11:3c]
RSSI: -87 [da:0c:e7:0e:0d:fe]
RSSI: -88 [da:0f:82:bb:11:3c]
RSSI: -88 [da:0f:82:c8:11:5c]
RSSI: -83 [da:0f:82:c8:11:5c]
RSSI: -89 [da:0c:e7:1d:0e:2e]
RSSI: -88 [da:0c:e7:1d:0e:2e]
RSSI: -82 [da:0f:82:d5:11:8c]
RSSI: -85 [da:0c:e7:2c:0e:4e]
RSSI: -80 [da:0f:82:e2:11:ac]
RSSI: -79 [da:0f:82:e2:11:ac]
RSSI: -84 [da:0f:82:ee:11:dc]
RSSI: -87 [da:0c:e7:39:0e:7e]
RSSI: -78 [da:0f:82:ee:11:dc]
RSSI: -91 [da:09:de:26:12:2a]
RSSI: -76 [da:0f:82:fb:11:fc]
RSSI: -91 [da:09:de:35:12:4a]
RSSI: -76 [da:0f:83:08:12:2c]
RSSI: -75 [da:0f:83:08:12:2c]
RSSI: -75 [da:0f:83:14:12:4c]
RSSI: -75 [da:0f:83:21:12:7c]
RSSI: -90 [da:0c:e7:72:0f:1e]
RSSI: -76 [da:0f:83:2e:12:9c]
RSSI: -82 [da:0f:83:3b:12:cc]
RSSI: -78 [da:0f:83:3b:12:cc]
RSSI: -80 [da:0f:83:48:12:fc]
RSSI: -82 [da:0f:83:54:13:1c]
RSSI: -91 [da:09:de:89:13:3a]
RSSI: -85 [da:0f:83:54:13:1c]
RSSI: -86 [da:0f:83:61:13:4c]
RSSI: -89 [da:0c:e7:b8:0f:ee]
RSSI: -85 [da:0f:83:6e:13:6c]
RSSI: -90 [da:0f:83:87:13:bc]
RSSI: -95 [da:07:fa:c5:10:0b]
RSSI: -96 [da:0c:e7:f2:10:8e]
RSSI: -88 [da:0f:83:a1:14:0c]
RSSI: -81 [da:0f:83:a1:14:0c]
RSSI: -85 [da:0f:83:ae:14:3c]
RSSI: -92 [da:09:de:dc:14:2a]
RSSI: -84 [da:0f:83:ae:14:3c]
RSSI: -86 [da:0f:83:ba:14:5c]
RSSI: -86 [da:0f:83:c7:14:8c]
RSSI: -89 [da:09:de:f7:14:6a]
RSSI: -85 [da:0f:83:c7:14:8c]
RSSI: -88 [da:09:df:06:14:9a]
RSSI: -87 [da:0f:83:e1:14:dc]
RSSI: -87 [da:09:df:15:14:ca]
RSSI: -86 [da:09:df:21:14:ea]
RSSI: -88 [da:09:df:30:15:0a]
RSSI: -94 [da:0c:e8:56:11:ae]
RSSI: -87 [da:09:df:3e:15:3a]
RSSI: -87 [da:09:df:4b:15:5a]
RSSI: -86 [da:0f:84:21:15:9c]
RSSI: -89 [da:09:df:5a:15:8a]
RSSI: -88 [da:0f:84:2d:15:cc]
RSSI: -87 [da:09:df:68:15:aa]
RSSI: -87 [da:09:df:75:15:ca]
RSSI: -88 [da:09:df:75:15:ca]
RSSI: -86 [da:09:df:84:15:fa]
RSSI: -93 [da:0f:84:61:16:6c]
RSSI: -96 [da:0c:e8:b8:12:ce]
RSSI: -86 [da:09:df:9f:00:2a]
RSSI: -89 [da:09:df:9f:00:2a]
RSSI: -86 [da:09:df:ae:00:4a]
RSSI: -84 [da:09:df:ae:00:4a]
RSSI: -86 [da:09:df:bc:00:7a]
RSSI: -85 [da:09:df:bc:00:7a]
RSSI: -85 [da:09:df:c9:00:9a]
RSSI: -82 [da:09:df:d7:00:ca]
RSSI: -89 [da:0f:84:ae:00:cc]
RSSI: -94 [da:0c:e9:01:13:9e]
RSSI: -86 [da:09:df:e6:00:ea]
RSSI: -89 [da:0f:84:ba:00:fc]
RSSI: -84 [da:09:df:f3:01:0a]
RSSI: -86 [da:09:df:f3:01:0a]
RSSI: -82 [da:09:e0:01:01:3a]
RSSI: -84 [da:09:e0:01:01:3a]
RSSI: -93 [da:0f:84:d4:01:4c]
RSSI: -84 [da:09:e0:01:01:3a]
RSSI: -90 [da:0f:84:d4:01:4c]
RSSI: -86 [da:09:e0:10:01:6a]
RSSI: -82 [da:09:e0:10:01:6a]
RSSI: -83 [da:09:e0:1d:01:8a]
RSSI: -86 [da:09:e0:1d:01:8a]
RSSI: -85 [da:09:e0:1d:01:8a]
RSSI: -85 [da:09:e0:2b:01:aa]
RSSI: -81 [da:09:e0:3a:01:da]
RSSI: -89 [da:09:e0:47:01:fa]
RSSI: -83 [da:09:e0:47:01:fa]
RSSI: -87 [da:09:e0:55:02:2a]
RSSI: -89 [da:09:e0:55:02:2a]
RSSI: -88 [da:09:e0:64:02:4a]
RSSI: -85 [da:09:e0:70:02:7a]
RSSI: -88 [da:09:e0:7f:02:9a]
RSSI: -87 [da:09:e0:7f:02:9a]
RSSI: -86 [da:09:e0:8e:02:ca]
RSSI: -88 [da:09:e0:8e:02:ca]
RSSI: -87 [da:09:e0:9a:02:ea]
RSSI: -87 [da:09:e0:9a:02:ea]
RSSI: -90 [da:0f:85:7a:03:5c]
RSSI: -90 [da:0f:85:7a:03:5c]
RSSI: -86 [da:09:e0:b8:03:3a]
RSSI: -91 [da:09:e0:e2:03:ba]
RSSI: -97 [da:0f:85:ae:03:fc]
RSSI: -90 [da:09:e0:ee:03:da]
RSSI: -89 [da:09:e0:fd:03:fa]
RSSI: -91 [da:07:fd:0d:00:5b]
RSSI: -86 [da:09:e1:0c:04:2a]
RSSI: -89 [da:09:e1:19:04:4a]
RSSI: -87 [da:09:e1:27:04:7a]
RSSI: -84 [da:09:e1:36:04:9a]
RSSI: -83 [da:09:e1:43:04:ca]
RSSI: -83 [da:09:e1:51:04:ea]
RSSI: -90 [da:07:fd:65:01:5b]
RSSI: -82 [da:09:e1:60:05:1a]
RSSI: -82 [da:09:e1:6d:05:3a]
RSSI: -87 [da:07:fd:75:01:8b]
RSSI: -82 [da:09:e1:6d:05:3a]
RSSI: -83 [da:09:e1:7b:05:6a]
RSSI: -82 [da:09:e1:7b:05:6a]
RSSI: -83 [da:09:e1:8a:05:8a]
RSSI: -87 [da:07:fd:91:01:db]
RSSI: -83 [da:09:e1:8a:05:8a]
RSSI: -83 [da:07:fd:a1:02:0b]
RSSI: -87 [da:07:fd:a1:02:0b]
RSSI: -82 [da:09:e1:97:05:aa]
RSSI: -85 [da:07:fd:b1:02:3b]
RSSI: -81 [da:09:e1:a6:05:da]
RSSI: -81 [da:07:fd:b1:02:3b]
RSSI: -80 [da:09:e1:a6:05:da]
RSSI: -83 [da:07:fd:bd:02:5b]
RSSI: -78 [da:09:e1:b4:06:0a]
RSSI: -82 [da:07:fd:cd:02:8b]
RSSI: -78 [da:09:e1:c1:06:2a]
RSSI: -82 [da:07:fd:cd:02:8b]
RSSI: -79 [da:09:e1:c1:06:2a]
RSSI: -82 [da:07:fd:cd:02:8b]
RSSI: -80 [da:07:fd:dd:02:bb]
RSSI: -78 [da:09:e1:d0:06:4a]
RSSI: -82 [da:09:e1:de:06:7a]
RSSI: -80 [da:07:fd:ea:02:db]
RSSI: -80 [da:07:fd:f9:03:0b]
RSSI: -81 [da:09:e1:eb:06:9a]
RSSI: -80 [da:07:fd:f9:03:0b]
RSSI: -80 [da:07:fe:09:03:3b]
RSSI: -82 [da:09:e1:fa:06:ca]
RSSI: -81 [da:07:fe:09:03:3b]
RSSI: -82 [da:09:e1:fa:06:ca]
RSSI: -83 [da:09:e2:08:06:fa]
RSSI: -83 [da:09:e2:08:06:fa]
RSSI: -82 [da:09:e2:15:07:1a]
RSSI: -82 [da:07:fe:26:03:8b]
RSSI: -83 [da:09:e2:15:07:1a]
RSSI: -82 [da:07:fe:26:03:8b]
RSSI: -82 [da:09:e2:24:07:4a]
RSSI: -83 [da:07:fe:35:03:bb]
RSSI: -84 [da:09:e2:33:07:6a]
RSSI: -83 [da:07:fe:42:03:db]
RSSI: -84 [da:09:e2:33:07:6a]
RSSI: -85 [da:07:fe:42:03:db]
RSSI: -81 [da:09:e2:3f:07:8a]
RSSI: -85 [da:09:e2:3f:07:8a]
RSSI: -87 [da:07:fe:52:04:0b]
RSSI: -83 [da:09:e2:4e:07:ba]
RSSI: -94 [da:0f:87:16:08:6c]
RSSI: -88 [da:07:fe:61:04:3b]
RSSI: -83 [da:09:e2:4e:07:ba]
RSSI: -92 [da:0f:87:23:08:9c]
RSSI: -89 [da:07:fe:61:04:3b]
RSSI: -85 [da:09:e2:5d:07:ea]
RSSI: -90 [da:0f:87:30:08:bc]
RSSI: -89 [da:07:fe:6e:04:5b]
RSSI: -87 [da:0f:87:30:08:bc]
RSSI: -90 [da:07:fe:6e:04:5b]
RSSI: -84 [da:09:e2:6a:08:0a]
RSSI: -87 [da:0f:87:3d:08:ec]
RSSI: -88 [da:07:fe:7e:04:8b]
RSSI: -82 [da:09:e2:79:08:2a]
RSSI: -84 [da:0f:87:4a:09:1c]
RSSI: -83 [da:09:e2:79:08:2a]
RSSI: -89 [da:0f:87:4a:09:1c]
RSSI: -83 [da:0f:87:57:09:3c]
RSSI: -88 [da:07:fe:9a:04:db]
RSSI: -86 [da:0f:87:64:09:6c]
RSSI: -82 [da:09:e2:94:08:7a]
RSSI: -84 [da:0f:87:64:09:6c]
RSSI: -84 [da:0f:87:70:09:8c]
RSSI: -81 [da:09:e2:a8:08:ba]
RSSI: -86 [da:07:fe:ba:05:3b]
RSSI: -83 [da:0f:87:7d:09:bc]
RSSI: -81 [da:09:e2:a8:08:ba]
RSSI: -82 [da:0f:87:7d:09:bc]
RSSI: -89 [da:07:fe:c7:05:5b]
RSSI: -83 [da:0f:87:8a:09:ec]
RSSI: -84 [da:09:e2:b8:08:ea]
RSSI: -89 [da:07:fe:c7:05:5b]
RSSI: -83 [da:0f:87:8a:09:ec]
RSSI: -88 [da:07:fe:c7:05:5b]
RSSI: -86 [da:09:e2:c5:09:0a]
RSSI: -86 [da:09:e2:c5:09:0a]
RSSI: -86 [da:09:e2:c5:09:0a]
RSSI: -83 [da:0f:87:97:0a:0c]
RSSI: -86 [da:09:e2:d4:09:2a]
RSSI: -83 [da:0f:87:a4:0a:3c]
RSSI: -85 [da:0f:87:a4:0a:3c]
RSSI: -85 [da:09:e2:e3:09:5a]
RSSI: -82 [da:0f:87:b1:0a:5c]
RSSI: -86 [da:09:e2:e3:09:5a]
RSSI: -83 [da:0f:87:b1:0a:5c]
RSSI: -84 [da:0f:87:be:0a:8c]
RSSI: -86 [da:0f:87:cb:0a:bc]
RSSI: -93 [da:09:e2:fe:09:aa]
RSSI: -86 [da:0f:87:cb:0a:bc]
RSSI: -94 [da:0c:ec:20:06:4e]
RSSI: -85 [da:0f:87:d8:0a:dc]
RSSI: -85 [da:0f:87:d8:0a:dc]
RSSI: -85 [da:0f:87:e4:0b:0c]
RSSI: -85 [da:09:e3:19:09:fa]
RSSI: -86 [da:09:e3:19:09:fa]
RSSI: -86 [da:0f:87:f2:0b:2c]
RSSI: -85 [da:09:e3:28:0a:1a]
RSSI: -89 [da:0f:87:ff:0b:5c]
RSSI: -88 [da:09:e3:37:0a:4a]
RSSI: -87 [da:0f:88:0b:0b:8c]
RSSI: -87 [da:09:e3:44:0a:6a]
RSSI: -86 [da:0f:88:18:0b:ac]
RSSI: -87 [da:09:e3:53:0a:9a]
RSSI: -87 [da:09:e3:53:0a:9a]
RSSI: -89 [da:0f:88:25:0b:dc]
RSSI: -89 [da:09:e3:61:0a:ca]
RSSI: -86 [da:09:e3:61:0a:ca]
RSSI: -88 [da:09:e3:6e:0a:ea]
RSSI: -87 [da:0f:88:3f:0c:2c]
RSSI: -88 [da:09:e3:6e:0a:ea]
RSSI: -86 [da:09:e3:7d:0b:1a]
RSSI: -83 [da:09:e3:8c:0b:3a]
RSSI: -83 [da:09:e3:98:0b:5a]
RSSI: -82 [da:09:e3:98:0b:5a]
RSSI: -85 [da:09:e3:a7:0b:8a]
RSSI: -83 [da:09:e3:a7:0b:8a]
RSSI: -83 [da:09:e3:b6:0b:ba]
RSSI: -86 [da:09:e3:b6:0b:ba]
RSSI: -86 [da:09:e3:b6:0b:ba]
RSSI: -89 [da:0f:88:8d:0d:2c]
RSSI: -83 [da:09:e3:d1:0c:0a]
RSSI: -90 [da:0f:88:a7:0d:7c]
RSSI: -91 [da:0f:88:b4:0d:9c]
RSSI: -85 [da:09:e3:ed:0c:4a]
RSSI: -85 [da:09:e3:ed:0c:4a]
RSSI: -88 [da:0f:88:c1:0d:cc]
RSSI: -86 [da:09:e3:ed:0c:4a]
RSSI: -87 [da:09:e3:fc:0c:7a]
RSSI: -86 [da:0f:88:db:0e:1c]
RSSI: -90 [da:08:00:1c:09:4b]
RSSI: -86 [da:09:e4:0b:0c:aa]
RSSI: -95 [da:0c:ed:31:09:6e]
RSSI: -87 [da:09:e4:17:0c:ca]
RSSI: -89 [da:08:00:29:09:6b]
RSSI: -92 [da:0f:88:f4:0e:6c]
RSSI: -85 [da:0f:89:01:0e:9c]
RSSI: -90 [da:09:e4:35:0d:1a]
RSSI: -97 [da:09:e4:42:0d:4a]
RSSI: -92 [da:09:e4:50:0d:6a]
RSSI: -93 [da:08:00:65:0a:1b]
RSSI: -86 [da:0f:89:28:0f:1c]
RSSI: -85 [da:0f:89:35:0f:3c]
RSSI: -90 [da:09:e4:6c:0d:ba]
RSSI: -94 [da:09:e4:7b:0d:ea]
RSSI: -90 [da:09:e4:7b:0d:ea]
RSSI: -84 [da:0f:89:5c:0f:bc]
RSSI: -88 [da:0f:89:69:0f:dc]
RSSI: -89 [da:0c:ed:bf:0b:0e]
RSSI: -87 [da:0f:89:69:0f:dc]
RSSI: -88 [da:09:e4:a5:0e:5a]
RSSI: -87 [da:0f:89:76:10:0c]
RSSI: -87 [da:09:e4:a5:0e:5a]
RSSI: -86 [da:0f:89:76:10:0c]
RSSI: -87 [da:09:e4:b4:0e:8a]
RSSI: -90 [da:0f:89:83:10:3c]
RSSI: -86 [da:09:e4:c1:0e:aa]
RSSI: -85 [da:0c:ed:de:0b:5e]
RSSI: -86 [da:09:e4:c1:0e:aa]
RSSI: -80 [da:0f:89:9d:10:8c]
RSSI: -85 [da:0c:ed:ea:0b:8e]
RSSI: -86 [da:09:e4:d0:0e:da]
RSSI: -81 [da:0f:89:9d:10:8c]
RSSI: -85 [da:0f:89:aa:10:ac]
RSSI: -83 [da:0c:ed:f9:0b:ae]
RSSI: -83 [da:0f:89:aa:10:ac]
RSSI: -89 [da:0c:ed:f9:0b:ae]
RSSI: -82 [da:0c:ee:09:0b:de]
RSSI: -86 [da:09:e4:eb:0f:1a]
RSSI: -80 [da:0c:ee:15:0c:0e]
RSSI: -86 [da:09:e4:fa:0f:4a]
RSSI: -84 [da:0c:ee:25:0c:2e]
RSSI: -79 [da:0f:89:d1:11:2c]
RSSI: -80 [da:0c:ee:25:0c:2e]
RSSI: -90 [da:0f:89:de:11:5c]
RSSI: -86 [da:0c:ee:34:0c:5e]
RSSI: -80 [da:0f:89:de:11:5c]
RSSI: -79 [da:0c:ee:34:0c:5e]
RSSI: -82 [da:0f:89:eb:11:7c]
RSSI: -81 [da:0c:ee:40:0c:7e]
RSSI: -87 [da:09:e5:25:0f:ca]
RSSI: -75 [da:0f:89:f8:11:ac]
RSSI: -76 [da:0f:89:f8:11:ac]
RSSI: -86 [da:09:e5:33:0f:ea]
RSSI: -83 [da:0c:ee:50:0c:ae]
RSSI: -77 [da:0f:8a:05:11:dc]
RSSI: -89 [da:09:e5:33:0f:ea]
RSSI: -75 [da:0f:8a:05:11:dc]
RSSI: -92 [da:09:e5:40:10:0a]
RSSI: -79 [da:0c:ee:5f:0c:de]
RSSI: -88 [da:09:e5:40:10:0a]
RSSI: -80 [da:0f:8a:12:11:fc]
RSSI: -84 [da:0c:ee:6c:0c:fe]
RSSI: -88 [da:09:e5:4f:10:3a]
RSSI: -84 [da:0c:ee:6c:0c:fe]
RSSI: -81 [da:0c:ee:7b:0d:2e]
RSSI: -82 [da:0c:ee:7b:0d:2e]
RSSI: -83 [da:0c:ee:8a:0d:5e]
RSSI: -91 [da:09:e5:6a:10:8a]
RSSI: -86 [da:0c:ee:97:0d:7e]
RSSI: -82 [da:0f:8a:46:12:ac]
RSSI: -83 [da:0c:ee:97:0d:7e]
RSSI: -89 [da:09:e5:88:10:da]
RSSI: -78 [da:0f:8a:53:12:cc]
RSSI: -87 [da:0c:ee:a6:0d:ae]
RSSI: -84 [da:0c:ee:a6:0d:ae]
RSSI: -80 [da:0f:8a:60:12:fc]
RSSI: -83 [da:0c:ee:b6:0d:de]
RSSI: -79 [da:0f:8a:60:12:fc]
RSSI: -87 [da:0c:ee:b6:0d:de]
RSSI: -85 [da:0f:8a:6d:13:1c]
RSSI: -86 [da:0c:ee:c2:0d:fe]
RSSI: -88 [da:0c:ee:c2:0d:fe]
RSSI: -82 [da:0f:8a:7a:13:4c]
RSSI: -84 [da:0f:8a:87:13:6c]
RSSI: -87 [da:0c:ee:d2:0e:2e]
RSSI: -90 [da:0c:ee:ed:0e:7e]
RSSI: -86 [da:0f:8a:a1:13:cc]
RSSI: -92 [da:0c:ee:fd:0e:9e]
RSSI: -84 [da:0f:8a:ae:13:ec]
RSSI: -82 [da:0f:8a:ae:13:ec]
RSSI: -85 [da:0f:8a:bb:14:1c]
RSSI: -81 [da:0f:8a:bb:14:1c]
RSSI: -80 [da:0f:8a:c8:14:3c]
RSSI: -84 [da:0f:8a:c8:14:3c]
RSSI: -81 [da:0f:8a:d5:14:6c]
RSSI: -82 [da:0f:8a:d5:14:6c]
RSSI: -84 [da:0f:8a:e2:14:8c]
RSSI: -81 [da:0f:8a:e2:14:8c]
RSSI: -83 [da:0f:8a:ef:14:bc]
RSSI: -88 [da:0f:8a:ef:14:bc]
RSSI: -85 [da:0f:8a:fc:14:ec]
RSSI: -86 [da:0f:8a:fc:14:ec]
RSSI: -88 [da:0c:ef:53:0f:9e]
RSSI: -87 [da:0f:8b:09:15:0c]
RSSI: -88 [da:0f:8b:16:15:3c]
RSSI: -85 [da:0c:ef:6f:0f:ee]
RSSI: -85 [da:0f:8b:23:15:5c]
RSSI: -91 [da:0c:ef:6f:0f:ee]
RSSI: -85 [da:0f:8b:23:15:5c]
RSSI: -85 [da:0f:8b:31:15:8c]
RSSI: -87 [da:0c:ef:7f:10:1e]
RSSI: -86 [da:0f:8b:31:15:8c]
RSSI: -93 [da:0c:ef:8e:10:4e]
RSSI: -92 [da:0c:ef:8e:10:4e]
RSSI: -87 [da:0f:8b:4a:15:dc]
RSSI: -88 [da:0c:ef:9b:10:6e]
RSSI: -89 [da:0f:8b:58:16:0c]
RSSI: -87 [da:0c:ef:aa:10:9e]
RSSI: -86 [da:0f:8b:72:16:5c]
RSSI: -88 [da:0c:ef:c6:10:ee]
RSSI: -85 [da:0f:8b:8b:00:2c]
RSSI: -87 [da:0f:8b:99:00:5c]
RSSI: -88 [da:0f:8b:a6:00:7c]
RSSI: -85 [da:0f:8b:b3:00:ac]
RSSI: -91 [da:09:e6:e9:14:ca]
RSSI: -87 [da:0f:8b:c0:00:cc]
RSSI: -88 [da:0c:f0:10:11:be]
RSSI: -88 [da:0f:8b:cd:00:fc]
RSSI: -83 [da:0f:8b:da:01:1c]
RSSI: -86 [da:0f:8b:e7:01:4c]
RSSI: -87 [da:0c:f0:3b:12:3e]
RSSI: -88 [da:0f:8b:f4:01:7c]
RSSI: -87 [da:0f:8b:f4:01:7c]
RSSI: -89 [da:0f:8c:01:01:9c]
RSSI: -88 [da:0f:8c:0e:01:cc]
RSSI: -89 [da:0c:f0:57:12:8e]
RSSI: -89 [da:09:e7:3f:15:aa]
RSSI: -88 [da:0f:8c:0e:01:cc]
RSSI: -89 [da:09:e7:4e:15:da]
RSSI: -88 [da:0c:f0:73:12:de]
RSSI: -86 [da:09:e7:5d:16:0a]
RSSI: -89 [da:0f:8c:43:02:6c]
RSSI: -90 [da:0f:8c:43:02:6c]
RSSI: -91 [da:0c:f0:92:13:3e]
RSSI: -89 [da:09:e7:78:16:4a]
RSSI: -85 [da:09:e7:87:00:2a]
RSSI: -88 [da:09:e7:87:00:2a]
RSSI: -91 [da:0f:8c:5d:02:cc]
RSSI: -91 [da:0f:8c:5d:02:cc]
RSSI: -84 [da:09:e7:94:00:4a]
RSSI: -84 [da:09:e7:94:00:4a]
RSSI: -83 [da:09:e7:a3:00:7a]
RSSI: -83 [da:09:e7:b2:00:9a]
RSSI: -85 [da:09:e7:b2:00:9a]
RSSI: -95 [da:0c:f0:da:14:0e]
RSSI: -83 [da:09:e7:bf:00:ca]
RSSI: -86 [da:09:e7:bf:00:ca]
RSSI: -84 [da:09:e7:ce:00:ea]
RSSI: -84 [da:09:e7:ce:00:ea]
RSSI: -90 [da:0f:8c:ab:03:bc]
RSSI: -84 [da:09:e7:dd:01:1a]
RSSI: -93 [da:0c:f1:14:14:ae]
RSSI: -82 [da:09:e7:f9:01:6a]
RSSI: -87 [da:09:e8:08:01:8a]
RSSI: -92 [da:0c:f1:21:14:ce]
RSSI: -83 [da:09:e8:08:01:8a]
RSSI: -88 [da:09:e8:14:01:ba]
RSSI: -89 [da:09:e8:14:01:ba]
RSSI: -90 [da:09:e8:32:02:0a]
RSSI: -90 [da:09:e8:3f:02:2a]
RSSI: -91 [da:0c:f1:5c:15:7e]
RSSI: -90 [da:09:e8:3f:02:2a]
RSSI: -87 [da:09:e8:4e:02:5a]
RSSI: -93 [da:08:04:93:16:5b]
RSSI: -94 [da:08:04:a3:00:0b]
RSSI: -93 [da:08:04:d0:00:5b]
RSSI: -93 [da:08:04:dc:00:8b]
RSSI: -92 [da:09:e8:ce:03:ba]
RSSI: -91 [da:08:04:fd:00:db]
RSSI: -93 [da:09:e8:f9:04:3a]
RSSI: -89 [da:08:05:09:01:0b]
RSSI: -90 [da:08:05:19:01:3b]
RSSI: -94 [da:08:05:29:01:6b]
RSSI: -85 [da:09:e9:33:04:da]
RSSI: -83 [da:09:e9:40:04:fa]
RSSI: -85 [da:09:e9:4f:05:2a]
RSSI: -82 [da:09:e9:5e:05:5a]
RSSI: -81 [da:09:e9:5e:05:5a]
RSSI: -81 [da:09:e9:6b:05:7a]
RSSI: -81 [da:09:e9:7a:05:9a]
RSSI: -80 [da:09:e9:7a:05:9a]
RSSI: -79 [da:09:e9:7a:05:9a]
RSSI: -87 [da:08:05:90:02:8b]
RSSI: -78 [da:09:e9:89:05:ca]
RSSI: -78 [da:09:e9:89:05:ca]
RSSI: -86 [da:08:05:a0:02:bb]
RSSI: -76 [da:09:e9:95:05:ea]
RSSI: -75 [da:09:e9:95:05:ea]
RSSI: -75 [da:09:e9:a5:06:1a]
RSSI: -75 [da:09:e9:b4:06:4a]
RSSI: -73 [da:09:e9:b4:06:4a]
RSSI: -71 [da:09:e9:c0:06:6a]
RSSI: -85 [da:08:05:cd:03:3b]
RSSI: -74 [da:09:e9:c0:06:6a]
RSSI: -88 [da:0f:8e:a6:0a:0c]
RSSI: -74 [da:09:e9:df:06:ba]
RSSI: -72 [da:09:e9:df:06:ba]
RSSI: -89 [da:08:05:fa:03:cb]
RSSI: -74 [da:09:e9:eb:06:ea]
RSSI: -73 [da:09:e9:eb:06:ea]
RSSI: -89 [da:0f:8e:c1:0a:5c]
RSSI: -89 [da:08:05:fa:03:cb]
RSSI: -90 [da:08:06:0a:03:fb]
RSSI: -73 [da:09:e9:fa:07:0a]
RSSI: -74 [da:09:ea:0a:07:3a]
RSSI: -87 [da:0c:f3:32:04:4e]
RSSI: -74 [da:09:ea:16:07:5a]
RSSI: -75 [da:09:ea:16:07:5a]
RSSI: -74 [da:09:ea:25:07:8a]
RSSI: -76 [da:09:ea:25:07:8a]
RSSI: -79 [da:09:ea:35:07:ba]
RSSI: -75 [da:09:ea:35:07:ba]
RSSI: -77 [da:09:ea:41:07:da]
RSSI: -90 [da:0f:8f:10:0b:5c]
RSSI: -81 [da:09:ea:41:07:da]
RSSI: -78 [da:09:ea:50:08:0a]
RSSI: -80 [da:09:ea:5f:08:2a]
RSSI: -83 [da:09:ea:6c:08:4a]
RSSI: -81 [da:09:ea:6c:08:4a]
RSSI: -89 [da:0f:8f:44:0b:fc]
RSSI: -83 [da:09:ea:7b:08:7a]
RSSI: -85 [da:09:ea:7b:08:7a]
RSSI: -82 [da:09:ea:8a:08:aa]
RSSI: -85 [da:09:ea:8a:08:aa]
RSSI: -89 [da:0f:8f:5f:0c:5c]
RSSI: -83 [da:09:ea:97:08:ca]
RSSI: -90 [da:0f:8f:79:0c:ac]
RSSI: -90 [da:0f:8f:87:0c:dc]
RSSI: -92 [da:0c:f3:e1:06:4e]
RSSI: -89 [da:0c:f3:e1:06:4e]
RSSI: -87 [da:09:ea:e0:09:9a]
RSSI: -89 [da:0f:8f:bb:0d:7c]
RSSI: -91 [da:09:ea:ed:09:ba]
RSSI: -93 [da:0f:8f:bb:0d:7c]
RSSI: -86 [da:09:ea:ed:09:ba]
RSSI: -91 [da:0c:f4:0c:06:ce]
RSSI: -87 [da:09:eb:0b:0a:1a]
RSSI: -85 [da:0f:8f:e2:0d:fc]
RSSI: -86 [da:09:eb:18:0a:3a]
RSSI: -87 [da:09:eb:18:0a:3a]
RSSI: -85 [da:09:eb:18:0a:3a]
RSSI: -86 [da:0f:8f:f0:0e:2c]
RSSI: -87 [da:09:eb:27:0a:6a]
RSSI: -86 [da:0f:8f:fd:0e:5c]
RSSI: -89 [da:09:eb:36:0a:8a]
RSSI: -84 [da:0f:90:0a:0e:7c]
RSSI: -89 [da:0f:90:18:0e:ac]
RSSI: -87 [da:09:eb:52:0a:da]
RSSI: -87 [da:09:eb:62:0b:0a]
RSSI: -86 [da:0f:90:32:0e:fc]
RSSI: -87 [da:09:eb:6e:0b:2a]
RSSI: -86 [da:09:eb:6e:0b:2a]
RSSI: -92 [da:0c:f4:9f:08:7e]
RSSI: -85 [da:09:eb:8d:0b:8a]
RSSI: -86 [da:0f:90:59:0f:7c]
RSSI: -87 [da:09:eb:99:0b:aa]
RSSI: -88 [da:0f:90:74:0f:cc]
RSSI: -93 [da:09:eb:a9:0b:da]
RSSI: -86 [da:0f:90:81:0f:fc]
RSSI: -89 [da:0f:90:8f:10:2c]
RSSI: -92 [da:0c:f4:db:09:1e]
RSSI: -87 [da:0f:90:8f:10:2c]
RSSI: -86 [da:09:eb:c4:0c:1a]
RSSI: -90 [da:09:eb:d4:0c:4a]
RSSI: -86 [da:09:eb:d4:0c:4a]
RSSI: -90 [da:0f:90:a9:10:7c]
RSSI: -88 [da:09:eb:e3:0c:7a]
RSSI: -86 [da:0f:90:b6:10:ac]
RSSI: -89 [da:09:eb:ef:0c:9a]
RSSI: -84 [da:0f:90:c4:10:cc]
RSSI: -90 [da:09:eb:ff:0c:ca]
RSSI: -89 [da:09:eb:ff:0c:ca]
RSSI: -82 [da:0f:90:d0:10:fc]
RSSI: -77 [da:0f:90:de:11:2c]
RSSI: -78 [da:0f:90:eb:11:4c]
RSSI: -75 [da:0f:90:f8:11:7c]
RSSI: -74 [da:0f:91:06:11:9c]
RSSI: -92 [da:0c:f5:5e:0a:9e]
RSSI: -71 [da:0f:91:13:11:cc]
RSSI: -86 [da:09:ec:46:0d:9a]
RSSI: -74 [da:0f:91:20:11:fc]
RSSI: -72 [da:0f:91:20:11:fc]
RSSI: -88 [da:09:ec:55:0d:ba]
RSSI: -71 [da:0f:91:2d:12:1c]
RSSI: -73 [da:0f:91:2d:12:1c]
RSSI: -72 [da:0f:91:3b:12:4c]
RSSI: -87 [da:0c:f5:97:0b:3e]
RSSI: -73 [da:0f:91:55:12:9c]
RSSI: -86 [da:09:ec:8f:0e:6a]
RSSI: -86 [da:0c:f5:a7:0b:6e]
RSSI: -72 [da:0f:91:55:12:9c]
RSSI: -86 [da:09:ec:8f:0e:6a]
RSSI: -72 [da:0f:91:63:12:bc]
RSSI: -73 [da:0f:91:63:12:bc]
RSSI: -74 [da:0f:91:6f:12:ec]
RSSI: -87 [da:09:ec:9c:0e:8a]
RSSI: -74 [da:0f:91:6f:12:ec]
RSSI: -83 [da:0c:f5:c3:0b:be]
RSSI: -89 [da:09:ec:ab:0e:ba]
RSSI: -75 [da:0f:91:7d:13:1c]
RSSI: -82 [da:0c:f5:d3:0b:ee]
RSSI: -75 [da:0f:91:8b:13:3c]
RSSI: -78 [da:0f:91:8b:13:3c]
RSSI: -79 [da:0f:91:97:13:6c]
RSSI: -79 [da:0f:91:97:13:6c]
RSSI: -83 [da:0f:91:a5:13:9c]
RSSI: -82 [da:0c:f5:fe:0c:6e]
RSSI: -86 [da:0c:f5:fe:0c:6e]
RSSI: -84 [da:0c:f6:0e:0c:9e]
RSSI: -84 [da:0c:f6:0e:0c:9e]
RSSI: -85 [da:0c:f6:0e:0c:9e]
RSSI: -90 [da:09:ec:f3:0f:7a]
RSSI: -86 [da:0f:91:cd:14:1c]
RSSI: -82 [da:0c:f6:1b:0c:be]
RSSI: -83 [da:0f:91:cd:14:1c]
RSSI: -82 [da:0c:f6:2a:0c:ee]
RSSI: -85 [da:0f:91:da:14:3c]
RSSI: -79 [da:0c:f6:2a:0c:ee]
RSSI: -83 [da:0c:f6:3a:0d:1e]
RSSI: -82 [da:0f:91:e7:14:6c]
RSSI: -83 [da:0c:f6:3a:0d:1e]
RSSI: -77 [da:0c:f6:47:0d:3e]
RSSI: -84 [da:0f:92:02:14:bc]
RSSI: -77 [da:0c:f6:56:0d:6e]
RSSI: -79 [da:0c:f6:56:0d:6e]
RSSI: -86 [da:0c:f6:66:0d:9e]
RSSI: -86 [da:0c:f6:66:0d:9e]
RSSI: -85 [da:0f:92:1c:15:0c]
RSSI: -89 [da:0f:92:1c:15:0c]
RSSI: -79 [da:0c:f6:73:0d:be]
RSSI: -84 [da:0c:f6:73:0d:be]
RSSI: -80 [da:0c:f6:82:0d:ee]
RSSI: -93 [da:0f:92:36:15:6c]
RSSI: -81 [da:0c:f6:92:0e:1e]
RSSI: -82 [da:0c:f6:92:0e:1e]
RSSI: -86 [da:0f:92:44:15:8c]
RSSI: -84 [da:0c:f6:9f:0e:3e]
RSSI: -84 [da:0c:f6:9f:0e:3e]
RSSI: -86 [da:0f:92:5e:15:dc]
RSSI: -92 [da:0c:f6:be:0e:9e]
RSSI: -85 [da:0f:92:6c:16:0c]
RSSI: -86 [da:0f:92:86:16:5c]
RSSI: -92 [da:0c:f6:ea:0f:1e]
RSSI: -85 [da:0f:92:ae:00:5c]
RSSI: -85 [da:0f:92:bc:00:7c]
RSSI: -89 [da:0f:92:c9:00:ac]
RSSI: -87 [da:0f:92:c9:00:ac]
RSSI: -87 [da:0f:92:c9:00:ac]
RSSI: -87 [da:0f:92:d6:00:dc]
RSSI: -89 [da:0f:92:d6:00:dc]
RSSI: -84 [da:0f:92:e4:00:fc]
RSSI: -84 [da:0f:92:e4:00:fc]
RSSI: -91 [da:0c:f7:4f:10:3e]
RSSI: -89 [da:0f:92:fe:01:5c]
RSSI: -92 [da:0c:f7:4f:10:3e]
RSSI: -86 [da:0f:93:0c:01:7c]
RSSI: -90 [da:0f:93:26:01:dc]
RSSI: -94 [da:09:ee:5c:13:7a]
RSSI: -87 [da:0f:93:34:01:fc]
RSSI: -91 [da:09:ee:6c:13:aa]
RSSI: -90 [da:0f:93:4e:02:4c]
RSSI: -90 [da:09:ee:97:14:2a]
RSSI: -95 [da:0f:93:69:02:ac]
RSSI: -89 [da:0f:93:76:02:cc]
RSSI: -91 [da:09:ee:c2:14:9a]
RSSI: -91 [da:0f:93:91:03:2c]
RSSI: -91 [da:09:ee:cf:14:ca]
RSSI: -85 [da:0f:93:b9:03:9c]
RSSI: -89 [da:09:ee:ee:15:1a]
RSSI: -89 [da:0c:f8:0f:12:6e]
RSSI: -86 [da:0f:93:c6:03:cc]
RSSI: -88 [da:09:ee:fa:15:3a]
RSSI: -88 [da:0c:f8:1f:12:8e]
RSSI: -92 [da:09:ef:0a:15:6a]
RSSI: -86 [da:0f:93:e1:04:1c]
RSSI: -88 [da:0c:f8:2b:12:be]
RSSI: -86 [da:0f:93:e1:04:1c]
RSSI: -88 [da:0f:93:ee:04:4c]
RSSI: -89 [da:09:ef:26:15:ba]
RSSI: -89 [da:09:ef:26:15:ba]
RSSI: -90 [da:0c:f8:4b:13:0e]
RSSI: -87 [da:09:ef:35:15:ea]
RSSI: -88 [da:09:ef:45:16:0a]
RSSI: -89 [da:0f:94:16:04:cc]
RSSI: -87 [da:09:ef:51:16:3a]
RSSI: -89 [da:09:ef:51:16:3a]
RSSI: -90 [da:0c:f8:77:13:8e]
RSSI: -84 [da:09:ef:61:00:2a]
RSSI: -87 [da:09:ef:61:00:2a]
RSSI: -90 [da:09:ef:70:00:5a]
RSSI: -84 [da:09:ef:70:00:5a]
RSSI: -90 [da:0c:f8:a3:14:0e]
RSSI: -88 [da:09:ef:8c:00:aa]
RSSI: -90 [da:09:ef:8c:00:aa]
RSSI: -88 [da:09:ef:9b:00:da]
RSSI: -86 [da:09:ef:9b:00:da]
RSSI: -91 [da:0c:f8:c0:14:5e]
RSSI: -87 [da:09:ef:a8:00:fa]
RSSI: -88 [da:09:ef:b8:01:2a]
RSSI: -86 [da:09:ef:d4:01:7a]
RSSI: -87 [da:0f:94:aa:06:9c]
RSSI: -87 [da:09:ef:e3:01:aa]
RSSI: -89 [da:09:ef:f2:01:ca]
RSSI: -88 [da:0f:94:d2:07:1c]
RSSI: -86 [da:0f:94:d2:07:1c]
RSSI: -87 [da:09:f0:0f:02:1a]
RSSI: -90 [da:0f:94:de:07:3c]
RSSI: -96 [da:08:0c:33:15:eb]
RSSI: -87 [da:09:f0:3a:02:9a]
RSSI: -94 [da:0c:f9:54:15:fe]
RSSI: -85 [da:0f:95:14:07:ec]
RSSI: -85 [da:0f:95:22:08:1c]
RSSI: -92 [da:09:f0:56:02:ea]
RSSI: -94 [da:08:0c:67:00:2b]
RSSI: -92 [da:0f:95:2f:08:3c]
RSSI: -90 [da:08:0c:74:00:4b]
RSSI: -89 [da:08:0c:81:00:7b]
RSSI: -92 [da:09:f0:75:03:3a]
RSSI: -86 [da:08:0c:9b:00:bb]
RSSI: -85 [da:08:0c:a7:00:eb]
RSSI: -91 [da:0f:95:65:08:ec]
RSSI: -85 [da:08:0c:a7:00:eb]
RSSI: -86 [da:0f:95:72:09:1c]
RSSI: -82 [da:08:0c:b4:01:0b]
RSSI: -81 [da:08:0c:c1:01:2b]
RSSI: -85 [da:08:0c:ce:01:5b]
RSSI: -87 [da:0f:95:8d:09:6c]
RSSI: -83 [da:08:0c:ce:01:5b]
RSSI: -86 [da:0f:95:8d:09:6c]
RSSI: -83 [da:0f:95:9b:09:9c]
RSSI: -81 [da:08:0c:db:01:7b]
RSSI: -83 [da:0f:95:9b:09:9c]
RSSI: -85 [da:0f:95:a7:09:cc]
RSSI: -83 [da:08:0c:e8:01:ab]
RSSI: -84 [da:0f:95:a7:09:cc]
RSSI: -81 [da:0f:95:a7:09:cc]
RSSI: -85 [da:0f:95:b5:09:ec]
RSSI: -84 [da:08:0c:f4:01:cb]
RSSI: -85 [da:0f:95:b5:09:ec]
RSSI: -83 [da:0f:95:b5:09:ec]
RSSI: -86 [da:0f:95:b5:09:ec]
RSSI: -82 [da:08:0d:02:01:eb]
RSSI: -82 [da:0f:95:c3:0a:1c]
RSSI: -83 [da:08:0d:02:01:eb]
RSSI: -86 [da:0f:95:c3:0a:1c]
RSSI: -83 [da:08:0d:0f:02:1b]
RSSI: -84 [da:0f:95:cf:0a:4c]
RSSI: -86 [da:0f:95:cf:0a:4c]
RSSI: -86 [da:0f:95:dd:0a:7c]
RSSI: -85 [da:08:0d:1b:02:3b]
RSSI: -83 [da:0f:95:dd:0a:7c]
RSSI: -85 [da:08:0d:28:02:5b]
RSSI: -88 [da:09:f1:1a:05:0a]
RSSI: -86 [da:08:0d:28:02:5b]
RSSI: -86 [da:0f:95:eb:0a:9c]
RSSI: -88 [da:08:0d:35:02:8b]
RSSI: -90 [da:08:0d:42:02:ab]
RSSI: -89 [da:08:0d:4f:02:db]
RSSI: -87 [da:0f:96:13:0b:1c]
RSSI: -93 [da:08:0d:4f:02:db]
RSSI: -90 [da:09:f1:46:05:8a]
RSSI: -87 [da:0f:96:13:0b:1c]
RSSI: -87 [da:09:f1:55:05:aa]
RSSI: -89 [da:0f:96:20:0b:4c]
RSSI: -88 [da:09:f1:62:05:da]
RSSI: -84 [da:09:f1:62:05:da]
RSSI: -90 [da:0f:96:48:0b:cc]
RSSI: -80 [da:09:f1:81:06:2a]
RSSI: -82 [da:09:f1:81:06:2a]
RSSI: -95 [da:08:0d:9c:03:bb]
RSSI: -92 [da:0f:96:56:0b:fc]
RSSI: -81 [da:09:f1:8d:06:4a]
RSSI: -78 [da:09:f1:8d:06:4a]
RSSI: -81 [da:09:f1:9d:06:7a]
RSSI: -79 [da:09:f1:ac:06:aa]
RSSI: -91 [da:0c:fa:c3:03:de]
RSSI: -79 [da:09:f1:ac:06:aa]
RSSI: -86 [da:0f:96:7e:0c:7c]
RSSI: -76 [da:09:f1:b9:06:ca]
RSSI: -91 [da:0f:96:8c:0c:ac]
RSSI: -77 [da:09:f1:b9:06:ca]
RSSI: -90 [da:0c:fa:e3:04:2e]
RSSI: -90 [da:0c:fa:e3:04:2e]
RSSI: -76 [da:09:f1:c9:06:fa]
RSSI: -76 [da:09:f1:d8:07:2a]
RSSI: -86 [da:09:f1:d8:07:2a]
RSSI: -84 [da:0f:96:a7:0c:fc]
RSSI: -86 [da:09:f1:d8:07:2a]
RSSI: -87 [da:0f:96:a7:0c:fc]
RSSI: -75 [da:09:f1:e5:07:4a]
RSSI: -74 [da:09:f1:f4:07:7a]
RSSI: -75 [da:09:f1:f4:07:7a]
RSSI: -89 [da:0f:96:c1:0d:4c]
RSSI: -83 [da:0f:96:cf:0d:7c]
RSSI: -86 [da:09:f2:04:07:9a]
RSSI: -75 [da:09:f2:04:07:9a]
RSSI: -89 [da:0f:96:dd:0d:ac]
RSSI: -83 [da:0f:96:dd:0d:ac]
RSSI: -81 [da:09:f2:10:07:ca]
RSSI: -75 [da:09:f2:20:07:ea]
RSSI: -88 [da:0f:96:e9:0d:cc]
RSSI: -76 [da:09:f2:20:07:ea]
RSSI: -76 [da:09:f2:30:08:1a]
RSSI: -74 [da:09:f2:30:08:1a]
RSSI: -87 [da:0f:97:05:0e:2c]
RSSI: -78 [da:09:f2:3c:08:3a]
RSSI: -84 [da:0f:97:12:0e:4c]
RSSI: -76 [da:09:f2:4c:08:6a]
RSSI: -80 [da:09:f2:4c:08:6a]
RSSI: -84 [da:0f:97:20:0e:7c]
RSSI: -79 [da:09:f2:5b:08:9a]
RSSI: -83 [da:0f:97:2d:0e:ac]
RSSI: -82 [da:09:f2:68:08:ba]
RSSI: -88 [da:0f:97:3a:0e:cc]
RSSI: -82 [da:09:f2:68:08:ba]
RSSI: -87 [da:0f:97:48:0e:fc]
RSSI: -87 [da:09:f2:78:08:ea]
RSSI: -86 [da:0f:97:48:0e:fc]
RSSI: -86 [da:0f:97:48:0e:fc]
RSSI: -83 [da:0f:97:56:0f:2c]
RSSI: -88 [da:09:f2:87:09:1a]
RSSI: -84 [da:0f:97:56:0f:2c]
RSSI: -83 [da:0f:97:62:0f:4c]
RSSI: -87 [da:09:f2:94:09:3a]
RSSI: -80 [da:0f:97:62:0f:4c]
RSSI: -81 [da:0f:97:70:0f:7c]
RSSI: -81 [da:0f:97:70:0f:7c]
RSSI: -83 [da:0f:97:7e:0f:ac]
RSSI: -77 [da:0f:97:8b:0f:cc]
RSSI: -82 [da:0f:97:99:0f:fc]
RSSI: -85 [da:09:f2:df:0a:0a]
RSSI: -85 [da:09:f2:df:0a:0a]
RSSI: -89 [da:0f:97:b3:10:5c]
RSSI: -83 [da:09:f2:eb:0a:3a]
RSSI: -88 [da:0f:97:c1:10:7c]
RSSI: -84 [da:09:f2:eb:0a:3a]
RSSI: -83 [da:09:f2:fb:0a:5a]
RSSI: -81 [da:0f:97:cf:10:ac]
RSSI: -82 [da:09:f2:fb:0a:5a]
RSSI: -78 [da:0f:97:cf:10:ac]
RSSI: -79 [da:0f:97:dc:10:dc]
RSSI: -78 [da:0f:97:dc:10:dc]
RSSI: -85 [da:09:f3:17:0a:aa]
RSSI: -84 [da:09:f3:27:0a:da]
RSSI: -83 [da:09:f3:27:0a:da]
RSSI: -84 [da:09:f3:27:0a:da]
RSSI: -84 [da:09:f3:27:0a:da]
RSSI: -87 [da:09:f3:36:0b:0a]
RSSI: -92 [da:0c:fc:53:08:5e]
RSSI: -86 [da:09:f3:43:0b:2a]
RSSI: -73 [da:0f:98:12:11:8c]
RSSI: -84 [da:09:f3:52:0b:5a]
RSSI: -73 [da:0f:98:20:11:ac]
RSSI: -83 [da:09:f3:52:0b:5a]
RSSI: -75 [da:0f:98:2d:11:dc]
RSSI: -72 [da:0f:98:2d:11:dc]
RSSI: -70 [da:0f:98:3b:12:0c]
RSSI: -71 [da:0f:98:48:12:2c]
RSSI: -89 [da:0c:fc:90:08:fe]
RSSI: -71 [da:0f:98:48:12:2c]
RSSI: -74 [da:0f:98:55:12:5c]
RSSI: -73 [da:0f:98:55:12:5c]
RSSI: -90 [da:09:f3:8e:0c:0a]
RSSI: -89 [da:0c:fc:ac:09:4e]
RSSI: -73 [da:0f:98:55:12:5c]
RSSI: -76 [da:0f:98:63:12:8c]
RSSI: -86 [da:09:f3:9b:0c:2a]
RSSI: -90 [da:09:f3:9b:0c:2a]
RSSI: -74 [da:0f:98:71:12:ac]
RSSI: -74 [da:0f:98:71:12:ac]
RSSI: -87 [da:09:f3:aa:0c:5a]
RSSI: -76 [da:0f:98:7e:12:dc]
RSSI: -76 [da:0f:98:7e:12:dc]
RSSI: -78 [da:0f:98:8c:13:0c]
RSSI: -93 [da:09:f3:c6:0c:aa]
RSSI: -78 [da:0f:98:99:13:3c]
RSSI: -96 [da:0c:fc:e9:0a:0e]
RSSI: -90 [da:0c:fc:f9:0a:3e]
RSSI: -80 [da:0f:98:a6:13:5c]
RSSI: -90 [da:09:f3:d6:0c:da]
RSSI: -82 [da:0f:98:b4:13:8c]
RSSI: -90 [da:0c:fd:05:0a:5e]
RSSI: -83 [da:0f:98:b4:13:8c]
RSSI: -94 [da:0c:fd:15:0a:8e]
RSSI: -88 [da:0f:98:cf:13:dc]
RSSI: -88 [da:09:f4:02:0d:4a]
RSSI: -90 [da:09:f4:02:0d:4a]
RSSI: -88 [da:0f:98:cf:13:dc]
RSSI: -88 [da:0f:98:dd:14:0c]
RSSI: -87 [da:09:f4:1e:0d:9a]
RSSI: -90 [da:0c:fd:42:0b:0e]
RSSI: -89 [da:0f:99:05:14:8c]
RSSI: -87 [da:09:f4:3d:0d:fa]
RSSI: -85 [da:0c:fd:5f:0b:5e]
RSSI: -89 [da:09:f4:4a:0e:1a]
RSSI: -87 [da:0f:99:20:14:dc]
RSSI: -87 [da:09:f4:5a:0e:4a]
RSSI: -87 [da:09:f4:5a:0e:4a]
RSSI: -88 [da:0f:99:2e:15:0c]
RSSI: -87 [da:0f:99:2e:15:0c]
RSSI: -85 [da:09:f4:69:0e:6a]
RSSI: -82 [da:0c:fd:8b:0b:de]
RSSI: -87 [da:0f:99:3c:15:2c]
RSSI: -82 [da:0c:fd:8b:0b:de]
RSSI: -82 [da:0c:fd:8b:0b:de]
RSSI: -86 [da:09:f4:76:0e:9a]
RSSI: -86 [da:0f:99:48:15:5c]
RSSI: -81 [da:0c:fd:9b:0c:0e]
RSSI: -85 [da:09:f4:86:0e:ba]
RSSI: -89 [da:09:f4:86:0e:ba]
RSSI: -81 [da:0c:fd:ab:0c:3e]
RSSI: -86 [da:0f:99:56:15:8c]
RSSI: -87 [da:0f:99:64:15:ac]
RSSI: -86 [da:09:f4:95:0e:ea]
RSSI: -80 [da:0c:fd:b8:0c:5e]
RSSI: -87 [da:09:f4:a2:0f:0a]
RSSI: -81 [da:0c:fd:c8:0c:8e]
RSSI: -85 [da:0f:99:7f:16:0c]
RSSI: -79 [da:0c:fd:d8:0c:be]
RSSI: -90 [da:09:f4:c1:0f:6a]
RSSI: -80 [da:0c:fd:e5:0c:ee]
RSSI: -79 [da:0c:fd:e5:0c:ee]
RSSI: -80 [da:0c:fd:f5:0d:1e]
RSSI: -90 [da:09:f4:de:0f:ba]
RSSI: -79 [da:0c:fe:05:0d:4e]
RSSI: -79 [da:0c:fe:05:0d:4e]
RSSI: -85 [da:0f:99:b5:00:2c]
RSSI: -79 [da:0c:fe:11:0d:6e]
RSSI: -79 [da:0c:fe:11:0d:6e]
RSSI: -79 [da:0c:fe:11:0d:6e]
RSSI: -88 [da:0f:99:d0:00:8c]
RSSI: -81 [da:0c:fe:21:0d:9e]
RSSI: -82 [da:0c:fe:31:0d:ce]
RSSI: -86 [da:0f:99:eb:00:dc]
RSSI: -81 [da:0c:fe:3e:0d:ee]
RSSI: -87 [da:0f:99:eb:00:dc]
RSSI: -82 [da:0c:fe:3e:0d:ee]
RSSI: -87 [da:0f:99:f9:01:0c]
RSSI: -81 [da:0c:fe:4e:0e:1e]
RSSI: -81 [da:0c:fe:4e:0e:1e]
RSSI: -83 [da:0c:fe:5e:0e:4e]
RSSI: -84 [da:0c:fe:6b:0e:6e]
RSSI: -87 [da:0f:9a:21:01:8c]
RSSI: -87 [da:0f:9a:21:01:8c]
RSSI: -93 [da:09:f5:52:11:0a]
RSSI: -86 [da:0f:9a:21:01:8c]
RSSI: -86 [da:0c:fe:7b:0e:9e]
RSSI: -85 [da:0f:9a:2f:01:ac]
RSSI: -87 [da:0f:9a:2f:01:ac]
RSSI: -90 [da:0c:fe:8b:0e:ce]
RSSI: -90 [da:0c:fe:a8:0f:1e]
RSSI: -90 [da:0f:9a:65:02:5c]
RSSI: -91 [da:0f:9a:73:02:8c]
RSSI: -87 [da:0f:9a:81:02:ac]
RSSI: -88 [da:0f:9a:81:02:ac]
RSSI: -88 [da:0f:9a:8d:02:dc]
RSSI: -86 [da:0f:9a:8d:02:dc]
RSSI: -89 [da:0f:9a:b1:03:4c]
RSSI: -90 [da:0f:9a:be:03:6c]
RSSI: -89 [da:0f:9a:cc:03:9c]
RSSI: -87 [da:0f:9a:da:03:cc]
RSSI: -91 [da:0c:ff:2e:10:9e]
RSSI: -88 [da:0f:9a:e6:03:fc]
RSSI: -88 [da:0f:9a:f4:04:1c]
RSSI: -87 [da:0f:9b:02:04:4c]
RSSI: -89 [da:0f:9b:0f:04:7c]
RSSI: -95 [da:0c:ff:77:11:7e]
RSSI: -93 [da:0c:ff:88:11:9e]
RSSI: -92 [da:0c:ff:98:11:ce]
RSSI: -93 [da:0c:ff:a4:11:fe]
RSSI: -90 [da:09:f6:87:14:7a]
RSSI: -87 [da:09:f6:97:14:9a]
RSSI: -88 [da:09:f6:c3:15:1a]
RSSI: -91 [da:0c:ff:e1:12:ae]
RSSI: -88 [da:09:f6:c3:15:1a]
RSSI: -91 [da:0c:ff:e1:12:ae]
RSSI: -94 [da:0f:9b:98:06:2c]
RSSI: -88 [da:09:f6:d2:15:4a]
RSSI: -89 [da:0c:ff:f1:12:ce]
RSSI: -90 [da:09:f6:df:15:6a]
RSSI: -90 [da:09:f6:ef:15:9a]
RSSI: -88 [da:0f:9b:c1:06:ac]
RSSI: -87 [da:09:f6:ff:15:ca]
RSSI: -89 [da:09:f6:ff:15:ca]
RSSI: -90 [da:09:f7:0b:15:ea]
RSSI: -89 [da:09:f7:0b:15:ea]
RSSI: -93 [da:0f:9b:db:06:fc]
RSSI: -89 [da:0d:00:3b:13:ae]
RSSI: -87 [da:09:f7:2b:16:3a]
RSSI: -85 [da:09:f7:37:16:5a]
RSSI: -85 [da:09:f7:47:00:2a]
RSSI: -83 [da:09:f7:47:00:2a]
RSSI: -88 [da:0f:9c:20:07:dc]
RSSI: -83 [da:09:f7:57:00:5a]
RSSI: -84 [da:09:f7:57:00:5a]
RSSI: -82 [da:09:f7:73:00:aa]
RSSI: -86 [da:09:f7:73:00:aa]
RSSI: -83 [da:0f:9c:49:08:5c]
RSSI: -82 [da:09:f7:83:00:da]
RSSI: -82 [da:09:f7:83:00:da]
RSSI: -83 [da:09:f7:83:00:da]
RSSI: -91 [da:0d:00:ae:14:ee]
RSSI: -83 [da:0f:9c:56:08:8c]
RSSI: -91 [da:0f:9c:64:08:ac]
RSSI: -87 [da:09:f7:a0:01:2a]
RSSI: -82 [da:09:f7:a0:01:2a]
RSSI: -82 [da:09:f7:af:01:4a]
RSSI: -86 [da:09:f7:af:01:4a]
RSSI: -87 [da:0f:9c:7f:09:0c]
RSSI: -82 [da:09:f7:bc:01:7a]
RSSI: -90 [da:0d:00:e7:15:8e]
RSSI: -84 [da:09:f7:cc:01:9a]
RSSI: -93 [da:0f:9c:9b:09:5c]
RSSI: -86 [da:09:f7:cc:01:9a]
RSSI: -88 [da:09:f7:dc:01:ca]
RSSI: -87 [da:0f:9c:a8:09:8c]
RSSI: -83 [da:09:f7:dc:01:ca]
RSSI: -85 [da:0f:9c:a8:09:8c]
RSSI: -88 [da:0f:9c:b6:09:bc]
RSSI: -88 [da:09:f7:e8:01:ea]
RSSI: -83 [da:0f:9c:b6:09:bc]
RSSI: -83 [da:0f:9c:c4:09:ec]
RSSI: -84 [da:0f:9c:c4:09:ec]
RSSI: -84 [da:09:f8:08:02:4a]
RSSI: -83 [da:0f:9c:d1:0a:0c]
RSSI: -89 [da:09:f8:08:02:4a]
RSSI: -84 [da:0f:9c:df:0a:3c]
RSSI: -86 [da:09:f8:15:02:6a]
RSSI: -81 [da:0f:9c:ed:0a:6c]
RSSI: -89 [da:09:f8:25:02:9a]
RSSI: -89 [da:09:f8:25:02:9a]
RSSI: -82 [da:0f:9c:fa:0a:8c]
RSSI: -80 [da:0f:9c:fa:0a:8c]
RSSI: -86 [da:0f:9d:08:0a:bc]
RSSI: -82 [da:0f:9d:08:0a:bc]
RSSI: -80 [da:0f:9d:16:0a:ec]
RSSI: -89 [da:08:14:50:00:9b]
RSSI: -89 [da:08:14:5d:00:cb]
RSSI: -91 [da:09:f8:51:03:1a]
RSSI: -81 [da:0f:9d:23:0b:1c]
RSSI: -92 [da:09:f8:51:03:1a]
RSSI: -84 [da:08:14:6b:00:eb]
RSSI: -88 [da:08:14:77:01:0b]
RSSI: -83 [da:0f:9d:31:0b:4c]
RSSI: -86 [da:08:14:77:01:0b]
RSSI: -86 [da:0f:9d:3f:0b:6c]
RSSI: -90 [da:09:f8:6d:03:6a]
RSSI: -86 [da:08:14:85:01:3b]
RSSI: -86 [da:08:14:85:01:3b]
RSSI: -85 [da:0f:9d:4c:0b:9c]
RSSI: -84 [da:08:14:92:01:5b]
RSSI: -83 [da:08:14:92:01:5b]
RSSI: -87 [da:0f:9d:5a:0b:cc]
RSSI: -89 [da:09:f8:8d:03:ba]
RSSI: -84 [da:0f:9d:5a:0b:cc]
RSSI: -90 [da:09:f8:9a:03:da]
RSSI: -90 [da:0f:9d:68:0b:fc]
RSSI: -84 [da:0f:9d:75:0c:1c]
RSSI: -81 [da:08:14:ba:01:cb]
RSSI: -90 [da:0f:9d:75:0c:1c]
RSSI: -81 [da:08:14:ba:01:cb]
RSSI: -82 [da:08:14:c6:01:eb]
RSSI: -88 [da:0f:9d:83:0c:4c]
RSSI: -82 [da:08:14:c6:01:eb]
RSSI: -90 [da:0f:9d:91:0c:7c]
RSSI: -80 [da:0f:9d:9e:0c:9c]
RSSI: -81 [da:08:14:e1:02:3b]
RSSI: -82 [da:08:14:ee:02:6b]
RSSI: -89 [da:09:f8:e6:04:ba]
RSSI: -84 [da:08:14:fb:02:8b]
RSSI: -82 [da:0f:9d:ba:0c:fc]
RSSI: -83 [da:08:14:fb:02:8b]
RSSI: -88 [da:09:f8:f2:04:da]
RSSI: -80 [da:0f:9d:c7:0d:2c]
RSSI: -82 [da:08:15:09:02:ab]
RSSI: -84 [da:0f:9d:c7:0d:2c]
RSSI: -89 [da:09:f9:02:05:0a]
RSSI: -81 [da:0f:9d:d5:0d:5c]
RSSI: -87 [da:09:f9:02:05:0a]
RSSI: -81 [da:0f:9d:d5:0d:5c]
RSSI: -83 [da:0f:9d:e3:0d:7c]
RSSI: -89 [da:09:f9:12:05:3a]
RSSI: -87 [da:08:15:23:02:fb]
RSSI: -81 [da:0f:9d:e3:0d:7c]
RSSI: -87 [da:08:15:23:02:fb]
RSSI: -82 [da:0f:9d:e3:0d:7c]
RSSI: -83 [da:09:f9:1f:05:5a]
RSSI: -86 [da:08:15:30:03:2b]
RSSI: -85 [da:09:f9:1f:05:5a]
RSSI: -84 [da:09:f9:2f:05:8a]
RSSI: -87 [da:08:15:3d:03:4b]
RSSI: -82 [da:0f:9d:fe:0d:dc]
RSSI: -82 [da:09:f9:2f:05:8a]
RSSI: -92 [da:08:15:4a:03:6b]
RSSI: -83 [da:09:f9:3e:05:ba]
RSSI: -79 [da:0f:9e:0c:0e:0c]
RSSI: -82 [da:09:f9:3e:05:ba]
RSSI: -79 [da:0f:9e:0c:0e:0c]
RSSI: -90 [da:08:15:58:03:9b]
RSSI: -82 [da:0f:9e:19:0e:2c]
RSSI: -80 [da:09:f9:4b:05:da]
RSSI: -78 [da:0f:9e:19:0e:2c]
RSSI: -80 [da:09:f9:4b:05:da]
RSSI: -78 [da:0f:9e:27:0e:5c]
RSSI: -77 [da:09:f9:5b:06:0a]
RSSI: -81 [da:0f:9e:27:0e:5c]
RSSI: -78 [da:0f:9e:35:0e:8c]
RSSI: -78 [da:09:f9:6b:06:3a]
RSSI: -78 [da:0f:9e:35:0e:8c]
RSSI: -78 [da:0f:9e:35:0e:8c]
RSSI: -78 [da:09:f9:6b:06:3a]
RSSI: -82 [da:0f:9e:42:0e:bc]
RSSI: -78 [da:0f:9e:42:0e:bc]
RSSI: -77 [da:09:f9:78:06:5a]
RSSI: -76 [da:09:f9:87:06:8a]
RSSI: -78 [da:0f:9e:5e:0f:0c]
RSSI: -79 [da:0f:9e:5e:0f:0c]
RSSI: -75 [da:09:f9:97:06:ba]
RSSI: -78 [da:0f:9e:6b:0f:3c]
RSSI: -78 [da:0f:9e:79:0f:6c]
RSSI: -76 [da:0f:9e:79:0f:6c]
RSSI: -74 [da:09:f9:b4:07:0a]
RSSI: -74 [da:0f:9e:87:0f:9c]
RSSI: -73 [da:09:f9:b4:07:0a]
RSSI: -74 [da:0f:9e:87:0f:9c]
RSSI: -74 [da:09:f9:c4:07:3a]
RSSI: -73 [da:09:f9:c4:07:3a]
RSSI: -76 [da:0f:9e:94:0f:bc]
RSSI: -74 [da:0f:9e:94:0f:bc]
RSSI: -74 [da:09:f9:d0:07:5a]
RSSI: -80 [da:0f:9e:a2:0f:ec]
RSSI: -74 [da:09:f9:d0:07:5a]
RSSI: -77 [da:0f:9e:a2:0f:ec]
RSSI: -73 [da:09:f9:e0:07:8a]
RSSI: -75 [da:0f:9e:b1:10:1c]
RSSI: -74 [da:09:f9:e0:07:8a]
RSSI: -84 [da:0f:9e:b1:10:1c]
RSSI: -73 [da:09:f9:f0:07:ba]
RSSI: -79 [da:0f:9e:bd:10:3c]
RSSI: -74 [da:09:f9:fd:07:da]
RSSI: -72 [da:09:fa:0d:08:0a]
RSSI: -74 [da:09:fa:0d:08:0a]
RSSI: -79 [da:0f:9e:e6:10:cc]
RSSI: -76 [da:09:fa:1d:08:2a]
RSSI: -74 [da:0f:9e:e6:10:cc]
RSSI: -74 [da:09:fa:1d:08:2a]
RSSI: -71 [da:0f:9e:f5:10:ec]
RSSI: -72 [da:0f:9e:f5:10:ec]
RSSI: -71 [da:0f:9f:03:11:1c]
RSSI: -94 [da:0d:03:56:06:1e]
RSSI: -70 [da:0f:9f:03:11:1c]
RSSI: -76 [da:09:fa:39:08:8a]
RSSI: -69 [da:0f:9f:03:11:1c]
RSSI: -82 [da:09:fa:39:08:8a]
RSSI: -69 [da:0f:9f:0f:11:4c]
RSSI: -77 [da:09:fa:49:08:aa]
RSSI: -78 [da:09:fa:49:08:aa]
RSSI: -67 [da:0f:9f:1e:11:7c]
RSSI: -80 [da:09:fa:56:08:da]
RSSI: -69 [da:0f:9f:2c:11:9c]
RSSI: -67 [da:0f:9f:2c:11:9c]
RSSI: -67 [da:0f:9f:2c:11:9c]
RSSI: -68 [da:0f:9f:39:11:cc]
RSSI: -87 [da:09:fa:76:09:2a]
RSSI: -66 [da:0f:9f:39:11:cc]
RSSI: -88 [da:09:fa:76:09:2a]
RSSI: -66 [da:0f:9f:47:11:fc]
RSSI: -69 [da:0f:9f:47:11:fc]
RSSI: -87 [da:09:fa:82:09:5a]
RSSI: -67 [da:0f:9f:55:12:1c]
RSSI: -67 [da:0f:9f:55:12:1c]
RSSI: -70 [da:0f:9f:62:12:4c]
RSSI: -69 [da:0f:9f:62:12:4c]
RSSI: -72 [da:0f:9f:70:12:7c]
RSSI: -68 [da:0f:9f:7e:12:ac]
RSSI: -69 [da:0f:9f:7e:12:ac]
RSSI: -72 [da:0f:9f:8b:12:cc]
RSSI: -93 [da:09:fa:bf:09:fa]
RSSI: -73 [da:0f:9f:a8:13:2c]
RSSI: -73 [da:0f:9f:a8:13:2c]
RSSI: -79 [da:0f:9f:a8:13:2c]
RSSI: -76 [da:0f:9f:b4:13:4c]
RSSI: -76 [da:0f:9f:b4:13:4c]
RSSI: -83 [da:0f:9f:c3:13:7c]
RSSI: -81 [da:0f:9f:c3:13:7c]
RSSI: -85 [da:0f:9f:d1:13:ac]
RSSI: -86 [da:0f:9f:d1:13:ac]
RSSI: -87 [da:09:fb:08:0a:ca]
RSSI: -86 [da:0f:9f:de:13:cc]
RSSI: -83 [da:09:fb:18:0a:fa]
RSSI: -87 [da:09:fb:18:0a:fa]
RSSI: -88 [da:0f:9f:ec:13:fc]
RSSI: -90 [da:09:fb:28:0b:2a]
RSSI: -89 [da:0d:04:56:09:0e]
RSSI: -87 [da:09:fb:34:0b:4a]
RSSI: -89 [da:09:fb:45:0b:7a]
RSSI: -86 [da:09:fb:54:0b:aa]
RSSI: -87 [da:09:fb:54:0b:aa]
RSSI: -85 [da:09:fb:61:0b:ca]
RSSI: -89 [da:0f:a0:30:14:dc]
RSSI: -85 [da:09:fb:61:0b:ca]
RSSI: -83 [da:0f:a0:3f:15:0c]
RSSI: -85 [da:09:fb:71:0b:fa]
RSSI: -86 [da:09:fb:81:0c:1a]
RSSI: -86 [da:09:fb:8e:0c:4a]
RSSI: -86 [da:0f:a0:59:15:5c]
RSSI: -87 [da:09:fb:8e:0c:4a]
RSSI: -85 [da:0f:a0:76:15:bc]
RSSI: -89 [da:09:fb:ae:0c:9a]
RSSI: -90 [da:0d:04:d6:0a:7e]
RSSI: -92 [da:0f:a0:83:15:dc]
RSSI: -88 [da:09:fb:ba:0c:ca]
RSSI: -87 [da:0f:a0:91:16:0c]
RSSI: -88 [da:09:fb:ca:0c:ea]
RSSI: -82 [da:0f:a0:9f:16:3c]
RSSI: -89 [da:09:fb:da:0d:1a]
RSSI: -88 [da:0f:a0:ac:16:6c]
RSSI: -89 [da:09:fb:e7:0d:4a]
RSSI: -90 [da:0f:a0:bb:00:2c]
RSSI: -84 [da:0f:a0:c9:00:5c]
RSSI: -90 [da:09:fb:f7:0d:6a]
RSSI: -89 [da:0d:05:22:0b:5e]
RSSI: -85 [da:0f:a0:d5:00:8c]
RSSI: -87 [da:0d:05:2f:0b:7e]
RSSI: -88 [da:09:fc:14:0d:ba]
RSSI: -89 [da:0d:05:2f:0b:7e]
RSSI: -85 [da:0f:a0:e4:00:bc]
RSSI: -84 [da:0f:a0:e4:00:bc]
RSSI: -84 [da:0d:05:3c:0b:ae]
RSSI: -83 [da:0f:a0:e4:00:bc]
RSSI: -83 [da:0d:05:3c:0b:ae]
RSSI: -84 [da:0d:05:49:0b:ce]
RSSI: -83 [da:0f:a0:f2:00:dc]
RSSI: -85 [da:09:fc:24:0d:ea]
RSSI: -82 [da:0d:05:49:0b:ce]
RSSI: -88 [da:09:fc:34:0e:1a]
RSSI: -81 [da:0f:a0:ff:01:0c]
RSSI: -81 [da:0d:05:56:0b:ee]
RSSI: -82 [da:0d:05:56:0b:ee]
RSSI: -83 [da:0f:a1:0d:01:3c]
RSSI: -86 [da:09:fc:40:0e:4a]
RSSI: -80 [da:0d:05:63:0c:1e]
RSSI: -82 [da:0f:a1:0d:01:3c]
RSSI: -88 [da:09:fc:40:0e:4a]
RSSI: -81 [da:0d:05:63:0c:1e]
RSSI: -87 [da:0f:a1:1c:01:6c]
RSSI: -84 [da:0f:a1:1c:01:6c]
RSSI: -80 [da:0d:05:7c:0c:5e]
RSSI: -84 [da:09:fc:60:0e:9a]
RSSI: -80 [da:0d:05:7c:0c:5e]
RSSI: -81 [da:0d:05:89:0c:8e]
RSSI: -81 [da:0f:a1:37:01:bc]
RSSI: -80 [da:0d:05:89:0c:8e]
RSSI: -82 [da:0d:05:96:0c:ae]
RSSI: -85 [da:09:fc:6d:0e:ca]
RSSI: -84 [da:0f:a1:45:01:ec]
RSSI: -85 [da:0d:05:96:0c:ae]
RSSI: -82 [da:0f:a1:45:01:ec]
RSSI: -90 [da:0f:a1:60:02:3c]
RSSI: -83 [da:0d:05:b0:0c:fe]
RSSI: -85 [da:09:fc:9a:0f:4a]
RSSI: -86 [da:0f:a1:60:02:3c]
RSSI: -84 [da:09:fc:9a:0f:4a]
RSSI: -86 [da:0d:05:bc:0d:1e]
RSSI: -87 [da:0d:05:c9:0d:4e]
RSSI: -88 [da:0f:a1:7b:02:8c]
RSSI: -85 [da:09:fc:aa:0f:6a]
RSSI: -86 [da:0d:05:c9:0d:4e]
RSSI: -87 [da:0f:a1:7b:02:8c]
RSSI: -81 [da:0d:05:d6:0d:6e]
RSSI: -87 [da:0f:a1:7b:02:8c]
RSSI: -91 [da:09:fc:ba:0f:9a]
RSSI: -86 [da:0d:05:d6:0d:6e]
RSSI: -81 [da:0d:05:e3:0d:8e]
RSSI: -80 [da:0d:05:e3:0d:8e]
RSSI: -86 [da:0f:a1:98:02:ec]
RSSI: -90 [da:09:fc:c7:0f:ca]
RSSI: -87 [da:0f:a1:98:02:ec]
RSSI: -80 [da:0d:05:f0:0d:be]
RSSI: -81 [da:0d:05:fd:0d:de]
RSSI: -83 [da:0d:05:fd:0d:de]
RSSI: -87 [da:0f:a1:c1:03:6c]
RSSI: -86 [da:0f:a1:c1:03:6c]
RSSI: -82 [da:0d:06:16:0e:1e]
RSSI: -89 [da:0f:a1:ce:03:9c]
RSSI: -86 [da:0f:a1:ce:03:9c]
RSSI: -81 [da:0d:06:23:0e:4e]
RSSI: -84 [da:0d:06:30:0e:6e]
RSSI: -85 [da:0d:06:30:0e:6e]
RSSI: -80 [da:0f:a1:f7:04:1c]
RSSI: -86 [da:0d:06:4a:0e:be]
RSSI: -83 [da:0f:a2:06:04:4c]
RSSI: -82 [da:0f:a2:14:04:6c]
RSSI: -81 [da:0f:a2:21:04:9c]
RSSI: -86 [da:0f:a2:21:04:9c]
RSSI: -87 [da:0f:a2:2f:04:cc]
RSSI: -85 [da:0f:a2:2f:04:cc]
RSSI: -88 [da:0d:06:8a:0f:6e]
RSSI: -94 [da:0d:06:97:0f:9e]
RSSI: -93 [da:0d:06:97:0f:9e]
RSSI: -88 [da:0f:a2:59:05:4c]
RSSI: -88 [da:0f:a2:59:05:4c]
RSSI: -92 [da:0d:06:d7:10:5e]
RSSI: -91 [da:0f:a2:91:05:fc]
RSSI: -83 [da:0f:a2:91:05:fc]
RSSI: -88 [da:0f:a2:9d:06:1c]
RSSI: -89 [da:0d:06:fe:10:ce]
RSSI: -85 [da:0f:a2:ac:06:4c]
RSSI: -86 [da:0d:07:0b:10:ee]
RSSI: -81 [da:0f:a2:ba:06:7c]
RSSI: -89 [da:0d:07:18:11:0e]
RSSI: -92 [da:0d:07:18:11:0e]
RSSI: -83 [da:0f:a2:c7:06:ac]
RSSI: -81 [da:0f:a2:c7:06:ac]
RSSI: -86 [da:0f:a2:d5:06:dc]
RSSI: -83 [da:0f:a2:d5:06:dc]
RSSI: -86 [da:0d:07:32:11:5e]
RSSI: -82 [da:0f:a2:e4:07:0c]
RSSI: -83 [da:0f:a2:f0:07:2c]
RSSI: -89 [da:0d:07:4b:11:ae]
RSSI: -81 [da:0f:a2:ff:07:5c]
RSSI: -82 [da:0f:a3:0e:07:8c]
RSSI: -85 [da:0f:a3:1a:07:bc]
RSSI: -88 [da:0d:07:72:12:0e]
RSSI: -83 [da:0f:a3:29:07:ec]
RSSI: -90 [da:09:fe:6a:14:6a]
RSSI: -89 [da:0d:07:99:12:7e]
RSSI: -86 [da:0f:a3:52:08:6c]
RSSI: -86 [da:09:fe:87:14:ba]
RSSI: -89 [da:09:fe:97:14:ea]
RSSI: -89 [da:0d:07:bf:12:ee]
RSSI: -95 [da:0f:a3:6e:08:bc]
RSSI: -90 [da:0d:07:da:13:3e]
RSSI: -91 [da:09:fe:b3:15:3a]
RSSI: -84 [da:0f:a3:8b:09:1c]
RSSI: -94 [da:0d:07:f3:13:8e]
RSSI: -90 [da:09:fe:e0:15:ba]
RSSI: -93 [da:0d:08:00:13:ae]
RSSI: -83 [da:0f:a3:b4:09:ac]
RSSI: -84 [da:0f:a3:b4:09:ac]
RSSI: -84 [da:0f:a3:c1:09:cc]
RSSI: -87 [da:0f:a3:cf:09:fc]
RSSI: -88 [da:09:ff:01:16:0a]
RSSI: -81 [da:0f:a3:cf:09:fc]
RSSI: -85 [da:09:ff:0d:16:3a]
RSSI: -86 [da:0f:a3:de:0a:2c]
RSSI: -87 [da:09:ff:0d:16:3a]
RSSI: -84 [da:09:ff:1d:00:2a]
RSSI: -84 [da:09:ff:2e:00:5a]
RSSI: -83 [da:0f:a3:f9:0a:7c]
RSSI: -85 [da:09:ff:3a:00:7a]
RSSI: -86 [da:09:ff:3a:00:7a]
RSSI: -82 [da:0f:a4:14:0a:dc]
RSSI: -86 [da:0f:a4:14:0a:dc]
RSSI: -85 [da:09:ff:4a:00:aa]
RSSI: -86 [da:09:ff:4a:00:aa]
RSSI: -83 [da:0f:a4:23:0b:0c]
RSSI: -91 [da:0d:08:75:14:ee]
RSSI: -89 [da:09:ff:5b:00:da]
RSSI: -85 [da:0f:a4:23:0b:0c]
RSSI: -87 [da:0f:a4:31:0b:3c]
RSSI: -85 [da:0f:a4:31:0b:3c]
RSSI: -86 [da:09:ff:67:01:0a]
RSSI: -89 [da:09:ff:67:01:0a]
RSSI: -86 [da:09:ff:77:01:2a]
RSSI: -83 [da:09:ff:87:01:5a]
RSSI: -87 [da:09:ff:87:01:5a]
RSSI: -86 [da:0f:a4:5b:0b:bc]
RSSI: -87 [da:0f:a4:68:0b:ec]
RSSI: -88 [da:0f:a4:68:0b:ec]
RSSI: -87 [da:09:ff:94:01:8a]
RSSI: -93 [da:0d:08:c2:15:ce]
RSSI: -85 [da:09:ff:ad:01:ca]
RSSI: -84 [da:09:ff:ad:01:ca]
RSSI: -88 [da:09:ff:ad:01:ca]
RSSI: -89 [da:09:ff:bd:01:fa]
RSSI: -89 [da:0f:a4:85:0c:4c]
RSSI: -85 [da:09:ff:bd:01:fa]
RSSI: -87 [da:09:ff:ca:02:1a]
RSSI: -89 [da:0f:a4:a0:0c:9c]
RSSI: -88 [da:0f:a4:ae:0c:cc]
RSSI: -88 [da:0f:a4:ae:0c:cc]
RSSI: -88 [da:0f:a4:bb:0c:fc]
RSSI: -89 [da:0f:a4:bb:0c:fc]
RSSI: -92 [da:08:1c:0d:00:cb]
RSSI: -89 [da:08:1c:0d:00:cb]
RSSI: -87 [da:0f:a4:d8:0d:4c]
RSSI: -90 [da:0a:00:20:03:0a]
RSSI: -93 [da:0f:a4:f3:0d:ac]
RSSI: -92 [da:0f:a4:f3:0d:ac]
RSSI: -90 [da:08:1c:42:01:5b]
RSSI: -86 [da:08:1c:50:01:8b]
RSSI: -89 [da:0f:a5:0f:0d:fc]
RSSI: -87 [da:08:1c:5d:01:bb]
RSSI: -85 [da:0f:a5:2c:0e:5c]
RSSI: -89 [da:08:1c:78:01:fb]
RSSI: -82 [da:0f:a5:38:0e:8c]
RSSI: -89 [da:08:1c:86:02:2b]
RSSI: -79 [da:0f:a5:47:0e:bc]
RSSI: -85 [da:08:1c:86:02:2b]
RSSI: -82 [da:0f:a5:47:0e:bc]
RSSI: -82 [da:0f:a5:56:0e:ec]
RSSI: -78 [da:0f:a5:56:0e:ec]
RSSI: -82 [da:0f:a5:62:0f:0c]
RSSI: -82 [da:0f:a5:62:0f:0c]
RSSI: -86 [da:08:1c:ae:02:9b]
RSSI: -82 [da:0f:a5:71:0f:3c]
RSSI: -89 [da:08:1c:bb:02:cb]
RSSI: -79 [da:0f:a5:80:0f:6c]
RSSI: -89 [da:08:1c:c9:02:eb]
RSSI: -81 [da:0f:a5:8c:0f:8c]
RSSI: -88 [da:0a:00:c5:04:da]
RSSI: -80 [da:0f:a5:9b:0f:bc]
RSSI: -80 [da:0f:a5:9b:0f:bc]
RSSI: -77 [da:0f:a5:a9:0f:ec]
RSSI: -82 [da:0f:a5:a9:0f:ec]
RSSI: -79 [da:0f:a5:b6:10:1c]
RSSI: -86 [da:0a:00:eb:05:4a]
RSSI: -79 [da:0f:a5:b6:10:1c]
RSSI: -88 [da:0a:00:f8:05:6a]
RSSI: -84 [da:0f:a5:c5:10:4c]
RSSI: -85 [da:0a:00:f8:05:6a]
RSSI: -86 [da:0a:01:05:05:8a]
RSSI: -84 [da:0a:01:12:05:aa]
RSSI: -83 [da:0a:01:1e:05:da]
RSSI: -88 [da:0f:a5:ef:10:cc]
RSSI: -84 [da:0a:01:2b:05:fa]
RSSI: -84 [da:0a:01:2b:05:fa]
RSSI: -82 [da:0f:a5:fd:10:fc]
RSSI: -83 [da:0a:01:38:06:1a]
RSSI: -92 [da:0d:0a:55:04:1e]
RSSI: -80 [da:0a:01:38:06:1a]
RSSI: -84 [da:0a:01:44:06:3a]
RSSI: -80 [da:0f:a6:0a:11:2c]
RSSI: -89 [da:0d:0a:62:04:3e]
RSSI: -89 [da:0d:0a:62:04:3e]
RSSI: -76 [da:0f:a6:19:11:5c]
RSSI: -88 [da:0d:0a:7c:04:8e]
RSSI: -73 [da:0f:a6:34:11:ac]
RSSI: -73 [da:0f:a6:34:11:ac]
RSSI: -71 [da:0f:a6:34:11:ac]
RSSI: -79 [da:0a:01:77:06:da]
RSSI: -89 [da:0d:0a:a3:04:fe]
RSSI: -82 [da:0a:01:84:06:fa]
RSSI: -83 [da:0a:01:91:07:1a]
RSSI: -88 [da:0a:01:9e:07:3a]
RSSI: -90 [da:0d:0a:bd:05:4e]
RSSI: -69 [da:0f:a6:6c:12:5c]
RSSI: -82 [da:0a:01:9e:07:3a]
RSSI: -68 [da:0f:a6:6c:12:5c]
RSSI: -68 [da:0f:a6:7b:12:8c]
RSSI: -69 [da:0f:a6:7b:12:8c]
RSSI: -80 [da:0a:01:b7:07:8a]
RSSI: -83 [da:0a:01:b7:07:8a]
RSSI: -68 [da:0f:a6:88:12:bc]
RSSI: -69 [da:0f:a6:88:12:bc]
RSSI: -87 [da:0a:01:c4:07:aa]
RSSI: -80 [da:0a:01:c4:07:aa]
RSSI: -70 [da:0f:a6:96:12:ec]
RSSI: -81 [da:0a:01:d1:07:ca]
RSSI: -68 [da:0f:a6:96:12:ec]
RSSI: -88 [da:0d:0a:f1:05:de]
RSSI: -81 [da:0a:01:dd:07:fa]
RSSI: -70 [da:0f:a6:a5:13:1c]
RSSI: -81 [da:0a:01:dd:07:fa]
RSSI: -71 [da:0f:a6:b2:13:3c]
RSSI: -81 [da:0a:01:ea:08:1a]
RSSI: -71 [da:0f:a6:c0:13:6c]
RSSI: -82 [da:0a:01:f7:08:3a]
RSSI: -73 [da:0f:a6:c0:13:6c]
RSSI: -83 [da:0a:02:04:08:5a]
RSSI: -74 [da:0f:a6:cf:13:9c]
RSSI: -83 [da:0a:02:04:08:5a]
RSSI: -74 [da:0f:a6:cf:13:9c]
RSSI: -83 [da:0a:02:04:08:5a]
RSSI: -77 [da:0f:a6:db:13:cc]
RSSI: -83 [da:0a:02:11:08:8a]
RSSI: -90 [da:0d:0b:32:06:9e]
RSSI: -78 [da:0f:a6:db:13:cc]
RSSI: -80 [da:0f:a6:ea:13:ec]
RSSI: -88 [da:0a:02:2a:08:ca]
RSSI: -84 [da:0f:a6:f9:14:1c]
RSSI: -84 [da:0f:a6:f9:14:1c]
RSSI: -88 [da:0d:0b:59:07:0e]
RSSI: -92 [da:0d:0b:66:07:2e]
RSSI: -88 [da:0a:02:44:09:1a]
RSSI: -92 [da:0d:0b:66:07:2e]
RSSI: -83 [da:0f:a7:23:14:ac]
RSSI: -85 [da:0f:a7:23:14:ac]
RSSI: -89 [da:0a:02:5d:09:5a]
RSSI: -85 [da:0f:a7:2f:14:cc]
RSSI: -84 [da:0f:a7:2f:14:cc]
RSSI: -86 [da:0a:02:6a:09:8a]
RSSI: -85 [da:0f:a7:3e:14:fc]
RSSI: -84 [da:0f:a7:3e:14:fc]
RSSI: -85 [da:0a:02:84:09:ca]
RSSI: -90 [da:0f:a7:59:15:4c]
RSSI: -92 [da:0f:a7:59:15:4c]
RSSI: -85 [da:0a:02:90:09:fa]
RSSI: -92 [da:0a:02:9d:0a:1a]
RSSI: -91 [da:0f:a7:68:15:7c]
RSSI: -86 [da:0a:02:aa:0a:3a]
RSSI: -88 [da:0f:a7:77:15:ac]
RSSI: -88 [da:0a:02:b7:0a:5a]
RSSI: -89 [da:0f:a7:83:15:dc]
RSSI: -91 [da:0a:02:c3:0a:8a]
RSSI: -87 [da:0a:02:dd:0a:ca]
RSSI: -85 [da:0f:a7:ad:16:5c]
RSSI: -91 [da:0f:a7:ad:16:5c]
RSSI: -86 [da:0a:02:ea:0a:ea]
RSSI: -89 [da:0a:02:ea:0a:ea]
RSSI: -87 [da:0a:02:f7:0b:1a]
RSSI: -86 [da:0a:02:f7:0b:1a]
RSSI: -87 [da:0a:03:03:0b:3a]
RSSI: -86 [da:0a:03:03:0b:3a]
RSSI: -88 [da:0a:03:10:0b:5a]
RSSI: -92 [da:0f:a7:e6:00:8c]
RSSI: -86 [da:0a:03:1d:0b:8a]
RSSI: -88 [da:0a:03:1d:0b:8a]
RSSI: -88 [da:0f:a8:02:00:dc]
RSSI: -90 [da:0d:0c:51:09:de]
RSSI: -89 [da:0a:03:36:0b:ca]
RSSI: -88 [da:0f:a8:02:00:dc]
RSSI: -87 [da:0a:03:43:0b:fa]
RSSI: -89 [da:0a:03:43:0b:fa]
RSSI: -85 [da:0a:03:50:0c:1a]
RSSI: -88 [da:0a:03:5d:0c:3a]
RSSI: -88 [da:0f:a8:2c:01:6c]
RSSI: -89 [da:0a:03:5d:0c:3a]
RSSI: -86 [da:0a:03:6a:0c:5a]
RSSI: -88 [da:0a:03:77:0c:8a]
RSSI: -85 [da:0f:a8:3a:01:9c]
RSSI: -89 [da:0a:03:77:0c:8a]
RSSI: -83 [da:0f:a8:49:01:bc]
RSSI: -88 [da:0a:03:83:0c:aa]
RSSI: -91 [da:0d:0c:a0:0a:be]
RSSI: -89 [da:0a:03:83:0c:aa]
RSSI: -85 [da:0f:a8:56:01:ec]
RSSI: -88 [da:0d:0c:ad:0a:ee]
RSSI: -90 [da:0a:03:90:0c:ca]
RSSI: -89 [da:0a:03:9d:0c:ea]
RSSI: -91 [da:0a:03:9d:0c:ea]
RSSI: -89 [da:0a:03:aa:0d:1a]
RSSI: -89 [da:0d:0c:c7:0b:3e]
RSSI: -88 [da:0d:0c:d4:0b:5e]
RSSI: -90 [da:0f:a8:87:02:8c]
RSSI: -87 [da:0d:0c:e2:0b:7e]
RSSI: -88 [da:0d:0c:e2:0b:7e]
RSSI: -82 [da:0d:0c:ee:0b:ae]
RSSI: -84 [da:0d:0c:fc:0b:ce]
RSSI: -88 [da:0a:03:dd:0d:aa]
RSSI: -82 [da:0d:0c:fc:0b:ce]
RSSI: -89 [da:0f:a8:b1:03:0c]
RSSI: -88 [da:0a:03:ea:0d:ca]
RSSI: -83 [da:0d:0d:09:0b:fe]
RSSI: -89 [da:0a:03:ea:0d:ca]
RSSI: -83 [da:0d:0d:09:0b:fe]
RSSI: -88 [da:0a:03:f7:0d:ea]
RSSI: -81 [da:0d:0d:16:0c:1e]
RSSI: -92 [da:0f:a8:c0:03:3c]
RSSI: -88 [da:0a:03:f7:0d:ea]
RSSI: -88 [da:0a:03:f7:0d:ea]
RSSI: -82 [da:0d:0d:16:0c:1e]
RSSI: -90 [da:0f:a8:c0:03:3c]
RSSI: -87 [da:0a:03:f7:0d:ea]
RSSI: -81 [da:0d:0d:23:0c:3e]
RSSI: -87 [da:0a:04:11:0e:3a]
RSSI: -91 [da:0f:a8:db:03:8c]
RSSI: -81 [da:0d:0d:30:0c:6e]
RSSI: -90 [da:0a:04:11:0e:3a]
RSSI: -91 [da:0f:a8:db:03:8c]
RSSI: -81 [da:0d:0d:30:0c:6e]
RSSI: -80 [da:0d:0d:3d:0c:8e]
RSSI: -87 [da:0a:04:1d:0e:5a]
RSSI: -81 [da:0d:0d:3d:0c:8e]
RSSI: -88 [da:0f:a8:ea:03:bc]
RSSI: -89 [da:0a:04:2a:0e:8a]
RSSI: -80 [da:0d:0d:4a:0c:be]
RSSI: -85 [da:0a:04:2a:0e:8a]
RSSI: -87 [da:0a:04:37:0e:aa]
RSSI: -86 [da:0f:a9:05:04:1c]
RSSI: -83 [da:0d:0d:58:0c:de]
RSSI: -88 [da:0a:04:37:0e:aa]
RSSI: -86 [da:0f:a9:05:04:1c]
RSSI: -86 [da:0a:04:44:0e:ca]
RSSI: -88 [da:0a:04:44:0e:ca]
RSSI: -86 [da:0f:a9:14:04:4c]
RSSI: -81 [da:0d:0d:64:0c:fe]
RSSI: -87 [da:0f:a9:14:04:4c]
RSSI: -89 [da:0f:a9:23:04:6c]
RSSI: -88 [da:0a:04:5e:0f:1a]
RSSI: -87 [da:0a:04:6a:0f:3a]
RSSI: -85 [da:0d:0d:87:0d:5e]
RSSI: -86 [da:0a:04:6a:0f:3a]
RSSI: -81 [da:0d:0d:87:0d:5e]
RSSI: -86 [da:0a:04:6a:0f:3a]
RSSI: -80 [da:0d:0d:94:0d:8e]
RSSI: -88 [da:0f:a9:3e:04:cc]
RSSI: -85 [da:0d:0d:94:0d:8e]
RSSI: -85 [da:0a:04:77:0f:5a]
RSSI: -83 [da:0d:0d:a1:0d:ae]
RSSI: -86 [da:0a:04:84:0f:8a]
RSSI: -81 [da:0d:0d:a1:0d:ae]
RSSI: -91 [da:0a:04:84:0f:8a]
RSSI: -85 [da:0a:04:91:0f:aa]
RSSI: -85 [da:0d:0d:ae:0d:ce]
RSSI: -86 [da:0a:04:91:0f:aa]
RSSI: -84 [da:0d:0d:ae:0d:ce]
RSSI: -82 [da:0d:0d:bb:0d:fe]
RSSI: -93 [da:0a:04:9e:0f:ca]
RSSI: -91 [da:0f:a9:77:05:7c]
RSSI: -88 [da:0d:0d:d6:0e:3e]
RSSI: -86 [da:0d:0d:d6:0e:3e]
RSSI: -84 [da:0d:0d:d6:0e:3e]
RSSI: -86 [da:0d:0d:e2:0e:5e]
RSSI: -85 [da:0d:0d:e2:0e:5e]
RSSI: -86 [da:0d:0d:f0:0e:8e]
RSSI: -93 [da:0f:a9:a1:06:0c]
RSSI: -86 [da:0d:0d:f0:0e:8e]
RSSI: -86 [da:0d:0d:fd:0e:ae]
RSSI: -86 [da:0d:0d:fd:0e:ae]
RSSI: -88 [da:0d:0e:0a:0e:de]
RSSI: -91 [da:0f:a9:bd:06:5c]
RSSI: -92 [da:0d:0e:25:0f:2e]
RSSI: -90 [da:0f:a9:d8:06:bc]
RSSI: -86 [da:0f:a9:e7:06:ec]
RSSI: -89 [da:0f:a9:e7:06:ec]
RSSI: -84 [da:0f:a9:f6:07:1c]
RSSI: -92 [da:0d:0e:59:0f:be]
RSSI: -96 [da:0d:0e:66:0f:ee]
RSSI: -85 [da:0f:aa:20:07:9c]
RSSI: -90 [da:0d:0e:74:10:0e]
RSSI: -91 [da:0f:aa:2d:07:bc]
RSSI: -89 [da:0f:aa:2d:07:bc]
RSSI: -94 [da:0f:aa:4a:08:1c]
RSSI: -88 [da:0f:aa:4a:08:1c]
RSSI: -90 [da:0d:0e:b5:10:ce]
RSSI: -92 [da:0f:aa:66:08:7c]
RSSI: -86 [da:0f:aa:75:08:ac]
RSSI: -87 [da:0d:0e:c3:10:ee]
RSSI: -84 [da:0f:aa:81:08:cc]
RSSI: -88 [da:0d:0e:ea:11:5e]
RSSI: -91 [da:0f:aa:ac:09:5c]
RSSI: -91 [da:0f:aa:ac:09:5c]
RSSI: -88 [da:0d:0f:12:11:ce]
RSSI: -92 [da:0f:aa:bb:09:8c]
RSSI: -88 [da:0f:aa:c9:09:bc]
RSSI: -87 [da:0f:aa:c9:09:bc]
RSSI: -86 [da:0f:aa:d6:09:dc]
RSSI: -82 [da:0f:aa:e5:0a:0c]
RSSI: -83 [da:0f:aa:f4:0a:3c]
RSSI: -90 [da:0d:0f:46:12:6e]
RSSI: -85 [da:0f:ab:00:0a:6c]
RSSI: -85 [da:0f:ab:00:0a:6c]
RSSI: -92 [da:0a:06:3a:14:5a]
RSSI: -90 [da:0d:0f:53:12:8e]
RSSI: -86 [da:0f:ab:0f:0a:9c]
RSSI: -90 [da:0a:06:47:14:8a]
RSSI: -82 [da:0f:ab:1e:0a:cc]
RSSI: -89 [da:0d:0f:6d:12:de]
RSSI: -85 [da:0f:ab:1e:0a:cc]
RSSI: -93 [da:0d:0f:7b:12:fe]
RSSI: -81 [da:0f:ab:2b:0a:ec]
RSSI: -90 [da:0d:0f:88:13:2e]
RSSI: -82 [da:0f:ab:3a:0b:1c]
RSSI: -80 [da:0f:ab:3a:0b:1c]
RSSI: -81 [da:0f:ab:49:0b:4c]
RSSI: -83 [da:0f:ab:49:0b:4c]
RSSI: -83 [da:0f:ab:55:0b:7c]
RSSI: -82 [da:0f:ab:55:0b:7c]
RSSI: -90 [da:0d:0f:b0:13:9e]
RSSI: -89 [da:0a:06:94:15:5a]
RSSI: -89 [da:0a:06:94:15:5a]
RSSI: -91 [da:0a:06:94:15:5a]
RSSI: -89 [da:0f:ab:64:0b:ac]
RSSI: -90 [da:0d:0f:bd:13:be]
RSSI: -92 [da:0a:06:ae:15:aa]
RSSI: -89 [da:0d:0f:ca:13:de]
RSSI: -88 [da:0f:ab:8f:0c:2c]
RSSI: -91 [da:0d:0f:e4:14:2e]
RSSI: -91 [da:0f:ab:8f:0c:2c]
RSSI: -87 [da:0f:ab:9d:0c:5c]
RSSI: -88 [da:0a:06:e2:16:3a]
RSSI: -87 [da:0a:06:ef:16:5a]
RSSI: -83 [da:0f:ab:b9:0c:bc]
RSSI: -87 [da:0a:06:ef:16:5a]
RSSI: -85 [da:0a:07:16:00:4a]
RSSI: -92 [da:0d:10:33:15:0e]
RSSI: -92 [da:0a:07:22:00:6a]
RSSI: -84 [da:0f:ab:f2:0d:7c]
RSSI: -90 [da:0a:07:2f:00:9a]
RSSI: -82 [da:0f:ab:ff:0d:9c]
RSSI: -85 [da:0a:07:3c:00:ba]
RSSI: -84 [da:0a:07:49:00:da]
RSSI: -82 [da:0f:ac:1d:0d:fc]
RSSI: -86 [da:0f:ac:1d:0d:fc]
RSSI: -87 [da:0a:07:56:00:fa]
RSSI: -86 [da:0a:07:56:00:fa]
RSSI: -84 [da:0a:07:63:01:2a]
RSSI: -86 [da:0a:07:63:01:2a]
RSSI: -85 [da:0a:07:70:01:4a]
RSSI: -80 [da:0f:ac:38:0e:5c]
RSSI: -84 [da:0a:07:70:01:4a]
RSSI: -86 [da:0a:07:7d:01:6a]
RSSI: -82 [da:0f:ac:47:0e:8c]
RSSI: -80 [da:0f:ac:47:0e:8c]
RSSI: -84 [da:0a:07:7d:01:6a]
RSSI: -87 [da:0a:07:8a:01:9a]
RSSI: -80 [da:0f:ac:54:0e:ac]
RSSI: -82 [da:0f:ac:54:0e:ac]
RSSI: -83 [da:0a:07:97:01:ba]
RSSI: -81 [da:0f:ac:63:0e:dc]
RSSI: -87 [da:0a:07:97:01:ba]
RSSI: -84 [da:0a:07:a4:01:da]
RSSI: -82 [da:0f:ac:72:0f:0c]
RSSI: -90 [da:0a:07:b1:01:fa]
RSSI: -84 [da:0f:ac:7e:0f:3c]
RSSI: -83 [da:0a:07:b1:01:fa]
RSSI: -83 [da:0f:ac:7e:0f:3c]
RSSI: -85 [da:0a:07:be:02:2a]
RSSI: -82 [da:0f:ac:8d:0f:6c]
RSSI: -85 [da:0a:07:cb:02:4a]
RSSI: -81 [da:0f:ac:9c:0f:9c]
RSSI: -83 [da:0f:ac:a9:0f:bc]
RSSI: -85 [da:0f:ac:b8:0f:ec]
RSSI: -83 [da:0f:ac:c7:10:1c]
RSSI: -88 [da:0f:ac:e2:10:7c]
RSSI: -87 [da:0f:ac:f1:10:ac]
RSSI: -89 [da:0f:ac:fe:10:dc]
RSSI: -85 [da:0f:ad:0d:11:0c]
RSSI: -83 [da:0f:ad:1c:11:3c]
RSSI: -83 [da:0f:ad:1c:11:3c]
RSSI: -79 [da:0f:ad:29:11:5c]
RSSI: -77 [da:0f:ad:47:11:bc]
RSSI: -75 [da:0f:ad:53:11:dc]
RSSI: -75 [da:0f:ad:53:11:dc]
RSSI: -74 [da:0f:ad:62:12:0c]
RSSI: -73 [da:0f:ad:71:12:3c]
RSSI: -79 [da:0f:ad:71:12:3c]
RSSI: -72 [da:0f:ad:7e:12:6c]
RSSI: -74 [da:0f:ad:8d:12:9c]
RSSI: -89 [da:0a:08:c1:05:0a]
RSSI: -73 [da:0f:ad:8d:12:9c]
RSSI: -76 [da:0f:ad:9c:12:cc]
RSSI: -75 [da:0f:ad:9c:12:cc]
RSSI: -74 [da:0f:ad:a8:12:ec]
RSSI: -77 [da:0f:ad:a8:12:ec]
RSSI: -84 [da:0a:08:e8:05:6a]
RSSI: -82 [da:0a:08:e8:05:6a]
RSSI: -75 [da:0f:ad:b7:13:1c]
RSSI: -83 [da:0a:08:f5:05:9a]
RSSI: -76 [da:0f:ad:c6:13:4c]
RSSI: -77 [da:0f:ad:c6:13:4c]
RSSI: -81 [da:0a:09:02:05:ba]
RSSI: -81 [da:0f:ad:d3:13:6c]
RSSI: -79 [da:0f:ad:d3:13:6c]
RSSI: -80 [da:0a:09:0f:05:da]
RSSI: -80 [da:0a:09:0f:05:da]
RSSI: -78 [da:0f:ad:e2:13:9c]
RSSI: -78 [da:0a:09:1c:06:0a]
RSSI: -82 [da:0f:ad:e2:13:9c]
RSSI: -79 [da:0a:09:1c:06:0a]
RSSI: -81 [da:0f:ad:f1:13:cc]
RSSI: -78 [da:0a:09:29:06:2a]
RSSI: -80 [da:0f:ad:f1:13:cc]
RSSI: -78 [da:0a:09:29:06:2a]
RSSI: -83 [da:0f:ad:fe:13:fc]
RSSI: -78 [da:0a:09:36:06:4a]
RSSI: -84 [da:0f:ad:fe:13:fc]
RSSI: -77 [da:0a:09:36:06:4a]
RSSI: -86 [da:0f:ae:1c:14:5c]
RSSI: -76 [da:0a:09:50:06:9a]
RSSI: -86 [da:0f:ae:1c:14:5c]
RSSI: -76 [da:0a:09:50:06:9a]
RSSI: -75 [da:0a:09:5e:06:ba]
RSSI: -75 [da:0a:09:5e:06:ba]
RSSI: -84 [da:0f:ae:28:14:8c]
RSSI: -75 [da:0a:09:5e:06:ba]
RSSI: -75 [da:0a:09:6a:06:ea]
RSSI: -90 [da:0f:ae:37:14:bc]
RSSI: -74 [da:0a:09:6a:06:ea]
RSSI: -74 [da:0a:09:77:07:0a]
RSSI: -75 [da:0a:09:77:07:0a]
RSSI: -74 [da:0a:09:85:07:2a]
RSSI: -75 [da:0a:09:85:07:2a]
RSSI: -74 [da:0a:09:91:07:5a]
RSSI: -74 [da:0a:09:91:07:5a]
RSSI: -85 [da:0f:ae:62:15:3c]
RSSI: -74 [da:0a:09:9e:07:7a]
RSSI: -91 [da:0d:12:be:05:fe]
RSSI: -74 [da:0a:09:9e:07:7a]
RSSI: -85 [da:0f:ae:71:15:6c]
RSSI: -75 [da:0a:09:ac:07:9a]
RSSI: -75 [da:0a:09:ac:07:9a]
RSSI: -76 [da:0a:09:b8:07:ba]
RSSI: -84 [da:0f:ae:8d:15:cc]
RSSI: -75 [da:0a:09:c6:07:ea]
RSSI: -75 [da:0a:09:c6:07:ea]
RSSI: -78 [da:0a:09:d3:08:0a]
RSSI: -78 [da:0a:09:d3:08:0a]
RSSI: -87 [da:0f:ae:a9:16:1c]
RSSI: -89 [da:0d:13:00:06:be]
RSSI: -81 [da:0a:09:ed:08:5a]
RSSI: -86 [da:0f:ae:b8:16:4c]
RSSI: -82 [da:0a:09:fa:08:7a]
RSSI: -83 [da:0a:09:fa:08:7a]
RSSI: -87 [da:0f:ae:c7:16:7c]
RSSI: -84 [da:0a:09:fa:08:7a]
RSSI: -88 [da:0f:ae:d3:00:0c]
RSSI: -87 [da:0f:ae:d3:00:0c]
RSSI: -95 [da:0a:0a:14:08:ba]
RSSI: -87 [da:0f:ae:f1:00:6c]
RSSI: -89 [da:0f:ae:f1:00:6c]
RSSI: -90 [da:0f:ae:fe:00:8c]
RSSI: -89 [da:0f:af:0d:00:bc]
RSSI: -89 [da:0f:af:0d:00:bc]
RSSI: -88 [da:0f:af:0d:00:bc]
RSSI: -88 [da:0f:af:1c:00:ec]
RSSI: -89 [da:0f:af:29:01:1c]
RSSI: -90 [da:0f:af:29:01:1c]
RSSI: -86 [da:0f:af:38:01:4c]
RSSI: -89 [da:0a:0a:7c:09:ea]
RSSI: -91 [da:0a:0a:89:0a:0a]
RSSI: -84 [da:0f:af:54:01:9c]
RSSI: -93 [da:0a:0a:97:0a:3a]
RSSI: -84 [da:0f:af:63:01:cc]
RSSI: -89 [da:0d:13:bb:08:de]
RSSI: -85 [da:0f:af:72:01:fc]
RSSI: -92 [da:0a:0a:be:0a:aa]
RSSI: -91 [da:0f:af:8e:02:5c]
RSSI: -89 [da:0a:0a:ca:0a:ca]
RSSI: -90 [da:0a:0a:e5:0b:0a]
RSSI: -90 [da:0a:0a:f2:0b:3a]
RSSI: -87 [da:0f:af:c8:03:0c]
RSSI: -87 [da:0f:af:c8:03:0c]
RSSI: -86 [da:0f:af:d4:03:2c]
RSSI: -85 [da:0f:af:d4:03:2c]
RSSI: -86 [da:0f:af:e3:03:5c]
RSSI: -84 [da:0f:af:ff:03:bc]
RSSI: -90 [da:0a:0b:40:0c:1a]
RSSI: -91 [da:0d:14:5b:0a:ae]
RSSI: -81 [da:0f:b0:0e:03:ec]
RSSI: -82 [da:0f:b0:1d:04:1c]
RSSI: -87 [da:0f:b0:2a:04:3c]
RSSI: -81 [da:0f:b0:39:04:6c]
RSSI: -91 [da:0a:0b:75:0c:aa]
RSSI: -81 [da:0f:b0:48:04:9c]
RSSI: -83 [da:0f:b0:55:04:cc]
RSSI: -90 [da:0a:0b:8f:0c:ea]
RSSI: -85 [da:0d:14:ac:0b:9e]
RSSI: -84 [da:0d:14:b8:0b:be]
RSSI: -82 [da:0d:14:b8:0b:be]
RSSI: -91 [da:0d:14:c6:0b:de]
RSSI: -93 [da:0a:0b:a9:0d:3a]
RSSI: -84 [da:0f:b0:73:05:2c]
RSSI: -83 [da:0d:14:d4:0c:0e]
RSSI: -88 [da:0a:0b:c3:0d:8a]
RSSI: -80 [da:0d:14:e0:0c:2e]
RSSI: -88 [da:0a:0b:c3:0d:8a]
RSSI: -83 [da:0d:14:e0:0c:2e]
RSSI: -83 [da:0d:14:fc:0c:7e]
RSSI: -88 [da:0a:0b:dd:0d:ca]
RSSI: -81 [da:0d:14:fc:0c:7e]
RSSI: -87 [da:0a:0b:dd:0d:ca]
RSSI: -85 [da:0f:b0:ab:05:dc]
RSSI: -87 [da:0f:b0:ba:06:0c]
RSSI: -87 [da:0a:0b:f8:0e:1a]
RSSI: -79 [da:0d:15:16:0c:ce]
RSSI: -86 [da:0d:15:24:0c:ee]
RSSI: -89 [da:0a:0c:05:0e:3a]
RSSI: -87 [da:0a:0c:12:0e:6a]
RSSI: -79 [da:0d:15:31:0d:0e]
RSSI: -90 [da:0a:0c:12:0e:6a]
RSSI: -84 [da:0d:15:31:0d:0e]
RSSI: -90 [da:0a:0c:1f:0e:8a]
RSSI: -79 [da:0d:15:3e:0d:3e]
RSSI: -82 [da:0d:15:4c:0d:5e]
RSSI: -83 [da:0d:15:59:0d:8e]
RSSI: -82 [da:0d:15:67:0d:ae]
RSSI: -92 [da:0a:0c:53:0f:1a]
RSSI: -81 [da:0d:15:74:0d:de]
RSSI: -81 [da:0d:15:81:0d:fe]
RSSI: -88 [da:0f:b1:2c:07:6c]
RSSI: -87 [da:0d:15:81:0d:fe]
RSSI: -85 [da:0d:15:8f:0e:2e]
RSSI: -82 [da:0d:15:8f:0e:2e]
RSSI: -86 [da:0d:15:9d:0e:4e]
RSSI: -83 [da:0d:15:a9:0e:6e]
RSSI: -85 [da:0d:15:a9:0e:6e]
RSSI: -85 [da:0d:15:b7:0e:9e]
RSSI: -92 [da:0f:b1:82:08:8c]
RSSI: -91 [da:0d:15:df:0f:0e]
RSSI: -92 [da:0d:15:ed:0f:3e]
RSSI: -95 [da:0f:b1:a0:08:ec]
RSSI: -95 [da:0d:16:08:0f:7e]
RSSI: -95 [da:0d:16:15:0f:ae]
RSSI: -89 [da:0f:b1:cb:09:6c]
RSSI: -96 [da:0d:16:30:0f:fe]
RSSI: -88 [da:0f:b2:03:0a:2c]
RSSI: -89 [da:0f:b2:2e:0a:ac]
RSSI: -88 [da:0f:b2:4c:0b:0c]
RSSI: -86 [da:0f:b2:59:0b:3c]
RSSI: -87 [da:0f:b2:59:0b:3c]
RSSI: -87 [da:0f:b2:68:0b:6c]
RSSI: -90 [da:0f:b2:84:0b:cc]
RSSI: -89 [da:0f:b2:cd:0c:bc]
RSSI: -91 [da:0a:0e:01:13:ca]
RSSI: -92 [da:0d:17:3c:12:fe]
RSSI: -92 [da:0a:0e:28:14:3a]
RSSI: -95 [da:0a:0e:35:14:6a]
RSSI: -92 [da:0d:17:58:13:4e]
RSSI: -92 [da:0d:17:65:13:6e]
RSSI: -88 [da:0f:b3:24:0d:cc]
RSSI: -89 [da:0d:17:80:13:be]
RSSI: -90 [da:0d:17:80:13:be]
RSSI: -88 [da:0f:b3:30:0d:ec]
RSSI: -90 [da:0f:b3:4f:0e:4c]
RSSI: -88 [da:0d:17:a9:14:2e]
RSSI: -89 [da:0d:17:a9:14:2e]
RSSI: -87 [da:0f:b3:5c:0e:7c]
RSSI: -86 [da:0f:b3:5c:0e:7c]
RSSI: -88 [da:0d:17:b5:14:4e]
RSSI: -88 [da:0d:17:b5:14:4e]
RSSI: -94 [da:0d:17:d1:14:9e]
RSSI: -93 [da:0a:0e:b9:15:da]
RSSI: -83 [da:0f:b3:87:0e:fc]
RSSI: -85 [da:0f:b3:96:0f:3c]
RSSI: -85 [da:0f:b3:a5:0f:6c]
RSSI: -83 [da:0f:b3:b2:0f:8c]
RSSI: -90 [da:0d:18:14:15:5e]
RSSI: -84 [da:0f:b3:c1:0f:bc]
RSSI: -91 [da:0a:0e:fb:00:6a]
RSSI: -84 [da:0f:b3:c1:0f:bc]
RSSI: -82 [da:0f:b3:d1:0f:ec]
RSSI: -80 [da:0f:b3:d1:0f:ec]
RSSI: -83 [da:0f:b3:dd:10:1c]
RSSI: -90 [da:0a:0f:16:00:ba]
RSSI: -84 [da:0f:b3:fc:10:7c]
RSSI: -87 [da:0a:0f:30:01:0a]
RSSI: -87 [da:0a:0f:30:01:0a]
RSSI: -91 [da:0a:0f:3e:01:2a]
RSSI: -87 [da:0a:0f:3e:01:2a]
RSSI: -90 [da:0f:b4:08:10:ac]
RSSI: -89 [da:0a:0f:4b:01:4a]
RSSI: -94 [da:0d:18:65:16:3e]
RSSI: -87 [da:0f:b4:18:10:dc]
RSSI: -87 [da:0f:b4:27:11:0c]
RSSI: -87 [da:08:2b:88:01:1b]
RSSI: -81 [da:0f:b4:43:11:5c]
RSSI: -88 [da:0a:0f:80:01:ea]
RSSI: -87 [da:0f:b4:53:11:8c]
RSSI: -86 [da:08:2b:97:01:4b]
RSSI: -89 [da:08:2b:a5:01:7b]
RSSI: -88 [da:0f:b4:5f:11:bc]
RSSI: -78 [da:0f:b4:5f:11:bc]
RSSI: -87 [da:08:2b:a5:01:7b]
RSSI: -81 [da:0f:b4:6f:11:ec]
RSSI: -73 [da:0f:b4:7e:12:1c]
RSSI: -90 [da:08:2b:cf:01:eb]
RSSI: -73 [da:0f:b4:9a:12:7c]
RSSI: -73 [da:0f:b4:9a:12:7c]
RSSI: -70 [da:0f:b4:9a:12:7c]
RSSI: -70 [da:0f:b4:9a:12:7c]
RSSI: -69 [da:0f:b4:a9:12:ac]
RSSI: -88 [da:08:2b:ea:02:3b]
RSSI: -72 [da:0f:b4:a9:12:ac]
RSSI: -69 [da:0f:b4:b6:12:cc]
RSSI: -89 [da:08:2b:f9:02:6b]
RSSI: -70 [da:0f:b4:c5:12:fc]
RSSI: -73 [da:0f:b4:d4:13:2c]
RSSI: -72 [da:0f:b4:d4:13:2c]
RSSI: -75 [da:0f:b4:e1:13:5c]
RSSI: -76 [da:0f:b4:e1:13:5c]
RSSI: -75 [da:0f:b4:f1:13:8c]
RSSI: -76 [da:0f:b5:00:13:bc]
RSSI: -81 [da:0f:b5:0c:13:dc]
RSSI: -80 [da:0f:b5:0c:13:dc]
RSSI: -88 [da:0f:b5:1c:14:0c]
RSSI: -87 [da:0f:b5:2b:14:3c]
RSSI: -85 [da:0f:b5:2b:14:3c]
RSSI: -86 [da:0f:b5:47:14:9c]
RSSI: -81 [da:0f:b5:57:14:cc]
RSSI: -85 [da:0f:b5:63:14:ec]
RSSI: -90 [da:0f:b5:73:15:1c]
RSSI: -86 [da:0a:10:b0:05:3a]
RSSI: -86 [da:0a:10:be:05:6a]
RSSI: -83 [da:0a:10:be:05:6a]
RSSI: -85 [da:0a:10:cc:05:8a]
RSSI: -83 [da:0a:10:cc:05:8a]
RSSI: -80 [da:0a:10:d8:05:aa]
RSSI: -88 [da:0f:b5:ad:15:dc]
RSSI: -91 [da:0d:19:fb:04:8e]
RSSI: -79 [da:0a:10:e6:05:da]
RSSI: -86 [da:0f:b5:ba:15:fc]
RSSI: -91 [da:0d:1a:09:04:be]
RSSI: -78 [da:0a:10:f4:05:fa]
RSSI: -90 [da:0f:b5:ba:15:fc]
RSSI: -80 [da:0a:10:f4:05:fa]
RSSI: -90 [da:0f:b5:ba:15:fc]
RSSI: -90 [da:0f:b5:c9:16:2c]
RSSI: -79 [da:0a:11:00:06:1a]
RSSI: -86 [da:0f:b5:d9:16:6c]
RSSI: -79 [da:0a:11:0e:06:4a]
RSSI: -89 [da:0f:b5:e5:00:0c]
RSSI: -83 [da:0a:11:1b:06:6a]
RSSI: -87 [da:0f:b5:e5:00:0c]
RSSI: -82 [da:0a:11:28:06:8a]
RSSI: -88 [da:0f:b5:f5:00:3c]
RSSI: -89 [da:0f:b5:f5:00:3c]
RSSI: -82 [da:0a:11:36:06:ba]
RSSI: -89 [da:0f:b6:04:00:6c]
RSSI: -84 [da:0a:11:36:06:ba]
RSSI: -92 [da:0d:1a:5b:05:9e]
RSSI: -89 [da:0a:11:43:06:da]
RSSI: -87 [da:0f:b6:11:00:8c]
RSSI: -86 [da:0a:11:50:06:fa]
RSSI: -86 [da:0a:11:50:06:fa]
RSSI: -87 [da:0a:11:50:06:fa]
RSSI: -85 [da:0f:b6:20:00:bc]
RSSI: -93 [da:0d:1a:75:05:ee]
RSSI: -79 [da:0a:11:5e:07:2a]
RSSI: -87 [da:0a:11:5e:07:2a]
RSSI: -84 [da:0a:11:6b:07:4a]
RSSI: -85 [da:0f:b6:30:00:ec]
RSSI: -82 [da:0a:11:78:07:6a]
RSSI: -80 [da:0a:11:78:07:6a]
RSSI: -90 [da:0f:b6:4c:01:4c]
RSSI: -80 [da:0a:11:86:07:9a]
RSSI: -87 [da:0f:b6:5b:01:7c]
RSSI: -78 [da:0a:11:93:07:ba]
RSSI: -78 [da:0a:11:93:07:ba]
RSSI: -89 [da:0f:b6:68:01:9c]
RSSI: -79 [da:0a:11:a0:07:da]
RSSI: -80 [da:0a:11:a0:07:da]
RSSI: -79 [da:0a:11:ae:08:0a]
RSSI: -79 [da:0a:11:ae:08:0a]
RSSI: -94 [da:0d:1a:dc:07:1e]
RSSI: -85 [da:0a:11:c8:08:4a]
RSSI: -88 [da:0a:11:d5:08:7a]
RSSI: -89 [da:0f:b6:c5:02:bc]
RSSI: -92 [da:0f:b6:d4:02:ec]
RSSI: -95 [da:0d:1b:2e:08:0e]
RSSI: -92 [da:0f:b6:d4:02:ec]
RSSI: -90 [da:0f:b6:e4:03:2c]
RSSI: -91 [da:0a:12:18:09:2a]
RSSI: -85 [da:0a:12:18:09:2a]
RSSI: -91 [da:0a:12:25:09:5a]
RSSI: -89 [da:0f:b6:f0:03:4c]
RSSI: -85 [da:0a:12:40:09:aa]
RSSI: -91 [da:0f:b7:0f:03:ac]
RSSI: -87 [da:0f:b7:1c:03:dc]
RSSI: -86 [da:0f:b7:2b:04:0c]
RSSI: -86 [da:0f:b7:3b:04:3c]
RSSI: -92 [da:0a:12:75:0a:3a]
RSSI: -87 [da:0d:1b:9a:09:3e]
RSSI: -88 [da:0a:12:83:0a:6a]
RSSI: -88 [da:0d:1b:a8:09:6e]
RSSI: -89 [da:0a:12:83:0a:6a]
RSSI: -88 [da:0d:1b:a8:09:6e]
RSSI: -85 [da:0a:12:90:0a:8a]
RSSI: -85 [da:0a:12:9e:0a:aa]
RSSI: -85 [da:0a:12:ab:0a:da]
RSSI: -90 [da:0f:b7:73:04:ec]
RSSI: -90 [da:0d:1b:de:0a:0e]
RSSI: -90 [da:0d:1b:de:0a:0e]
RSSI: -88 [da:0d:1b:ec:0a:2e]
RSSI: -86 [da:0a:12:d3:0b:4a]
RSSI: -90 [da:0d:1b:ec:0a:2e]
RSSI: -86 [da:0a:12:d3:0b:4a]
RSSI: -88 [da:0a:12:e0:0b:6a]
RSSI: -91 [da:0f:b7:ae:05:ac]
RSSI: -86 [da:0d:1c:15:0a:ae]
RSSI: -92 [da:0d:1c:15:0a:ae]
RSSI: -87 [da:0d:1c:23:0a:ce]
RSSI: -89 [da:0a:13:08:0b:da]
RSSI: -89 [da:0a:13:16:0c:0a]
RSSI: -92 [da:0a:13:16:0c:0a]
RSSI: -91 [da:0f:b7:e9:06:5c]
RSSI: -92 [da:0a:13:30:0c:4a]
RSSI: -88 [da:0d:1c:4c:0b:4e]
RSSI: -90 [da:0a:13:30:0c:4a]
RSSI: -89 [da:0d:1c:67:0b:9e]
RSSI: -90 [da:0a:13:4b:0c:9a]
RSSI: -91 [da:0f:b8:15:06:ec]
RSSI: -86 [da:0d:1c:75:0b:be]
RSSI: -85 [da:0d:1c:81:0b:de]
RSSI: -90 [da:0f:b8:31:07:4c]
RSSI: -87 [da:0d:1c:90:0c:0e]
RSSI: -93 [da:0a:13:74:0d:0a]
RSSI: -81 [da:0d:1c:90:0c:0e]
RSSI: -82 [da:0d:1c:9e:0c:3e]
RSSI: -87 [da:0a:13:80:0d:3a]
RSSI: -86 [da:0d:1c:9e:0c:3e]
RSSI: -89 [da:0a:13:8e:0d:5a]
RSSI: -82 [da:0d:1c:aa:0c:5e]
RSSI: -77 [da:0d:1c:b9:0c:7e]
RSSI: -83 [da:0d:1c:c7:0c:ae]
RSSI: -88 [da:0a:13:a8:0d:aa]
RSSI: -82 [da:0d:1c:d3:0c:ce]
RSSI: -87 [da:0a:13:b6:0d:ca]
RSSI: -82 [da:0d:1c:d3:0c:ce]
RSSI: -86 [da:0a:13:b6:0d:ca]
RSSI: -90 [da:0a:13:c4:0d:fa]
RSSI: -75 [da:0d:1c:e2:0c:fe]
RSSI: -87 [da:0a:13:c4:0d:fa]
RSSI: -82 [da:0d:1c:e2:0c:fe]
RSSI: -82 [da:0d:1c:f0:0d:1e]
RSSI: -86 [da:0a:13:d1:0e:1a]
RSSI: -74 [da:0d:1c:f0:0d:1e]
RSSI: -89 [da:0a:13:d1:0e:1a]
RSSI: -92 [da:0f:b8:b4:08:ec]
RSSI: -86 [da:0a:13:ec:0e:6a]
RSSI: -82 [da:0d:1d:0b:0d:7e]
RSSI: -86 [da:0a:13:ec:0e:6a]
RSSI: -90 [da:0a:13:f9:0e:8a]
RSSI: -75 [da:0d:1d:19:0d:9e]
RSSI: -92 [da:0f:b8:c4:09:1c]
RSSI: -88 [da:0a:14:07:0e:aa]
RSSI: -83 [da:0d:1d:25:0d:be]
RSSI: -81 [da:0d:1d:34:0d:ee]
RSSI: -84 [da:0d:1d:34:0d:ee]
RSSI: -78 [da:0d:1d:42:0e:1e]
RSSI: -91 [da:0f:b8:ef:09:ac]
RSSI: -83 [da:0d:1d:42:0e:1e]
RSSI: -87 [da:0d:1d:4e:0e:3e]
RSSI: -88 [da:0a:14:2f:0f:1a]
RSSI: -81 [da:0d:1d:4e:0e:3e]
RSSI: -88 [da:0a:14:3c:0f:4a]
RSSI: -82 [da:0d:1d:5d:0e:5e]
RSSI: -88 [da:0a:14:3c:0f:4a]
RSSI: -87 [da:0d:1d:5d:0e:5e]
RSSI: -83 [da:0d:1d:6b:0e:8e]
RSSI: -87 [da:0d:1d:86:0e:de]
RSSI: -85 [da:0d:1d:94:0e:fe]
RSSI: -88 [da:0d:1d:94:0e:fe]
RSSI: -90 [da:0d:1d:af:0f:4e]
RSSI: -93 [da:0a:14:8d:10:2a]
RSSI: -89 [da:0d:1d:af:0f:4e]
RSSI: -89 [da:0f:b9:63:0b:1c]
RSSI: -90 [da:0f:b9:73:0b:4c]
RSSI: -86 [da:0d:1d:d8:0f:be]
RSSI: -89 [da:0d:1d:f2:10:0e]
RSSI: -85 [da:0d:1e:01:10:3e]
RSSI: -88 [da:0d:1e:0f:10:5e]
RSSI: -86 [da:0d:1e:0f:10:5e]
RSSI: -93 [da:0f:b9:d7:0c:9c]
RSSI: -89 [da:0d:1e:45:10:fe]
RSSI: -88 [da:0d:1e:53:11:2e]
RSSI: -91 [da:0f:ba:03:0d:1c]
RSSI: -91 [da:0d:1e:53:11:2e]
RSSI: -90 [da:0d:1e:61:11:4e]
RSSI: -95 [da:0f:ba:22:0d:8c]
RSSI: -90 [da:0d:1e:7c:11:9e]
RSSI: -91 [da:0d:1e:8a:11:ce]
RSSI: -90 [da:0d:1e:a5:12:1e]
RSSI: -88 [da:0d:1e:b3:12:3e]
RSSI: -90 [da:0d:1e:c0:12:6e]
RSSI: -87 [da:0f:ba:7a:0e:9c]
RSSI: -90 [da:0d:1e:dd:12:be]
RSSI: -89 [da:0d:1e:e9:12:de]
RSSI: -93 [da:0f:ba:96:0e:fc]
RSSI: -94 [da:0a:15:f8:14:2a]
RSSI: -88 [da:0d:1f:12:13:4e]
RSSI: -91 [da:0f:ba:c2:0f:8c]
RSSI: -90 [da:0a:15:f8:14:2a]
RSSI: -88 [da:0f:ba:d1:0f:bc]
RSSI: -89 [da:0d:1f:21:13:7e]
RSSI: -90 [da:0d:1f:2f:13:9e]
RSSI: -85 [da:0f:ba:de:0f:ec]
RSSI: -84 [da:0f:ba:de:0f:ec]
RSSI: -89 [da:0d:1f:3c:13:be]
RSSI: -84 [da:0f:ba:ee:10:1c]
RSSI: -82 [da:0f:ba:ee:10:1c]
RSSI: -86 [da:0f:ba:fd:10:4c]
RSSI: -87 [da:0d:1f:58:14:1e]
RSSI: -88 [da:0d:1f:65:14:3e]
RSSI: -91 [da:0d:1f:73:14:5e]
RSSI: -93 [da:0d:1f:81:14:8e]
RSSI: -93 [da:0a:16:63:15:5a]
RSSI: -82 [da:0f:bb:36:10:fc]
RSSI: -84 [da:0f:bb:36:10:fc]
RSSI: -82 [da:0f:bb:36:10:fc]
RSSI: -92 [da:0d:1f:9c:14:de]
RSSI: -80 [da:0f:bb:45:11:2c]
RSSI: -90 [da:0a:16:7e:15:9a]
RSSI: -80 [da:0f:bb:45:11:2c]
RSSI: -80 [da:0f:bb:55:11:5c]
RSSI: -90 [da:0d:1f:ab:14:fe]
RSSI: -80 [da:0f:bb:55:11:5c]
RSSI: -87 [da:0a:16:8c:15:ca]
RSSI: -89 [da:0d:1f:ab:14:fe]
RSSI: -78 [da:0f:bb:62:11:8c]
RSSI: -78 [da:0f:bb:62:11:8c]
RSSI: -87 [da:0d:1f:b7:15:2e]
RSSI: -77 [da:0f:bb:62:11:8c]
RSSI: -76 [da:0f:bb:71:11:bc]
RSSI: -78 [da:0f:bb:81:11:ec]
RSSI: -77 [da:0f:bb:81:11:ec]
RSSI: -89 [da:0d:1f:e0:15:9e]
RSSI: -88 [da:0a:16:c2:00:2a]
RSSI: -79 [da:0f:bb:8e:12:0c]
RSSI: -79 [da:0f:bb:8e:12:0c]
RSSI: -87 [da:0a:16:cf:00:4a]
RSSI: -87 [da:0d:1f:ef:15:ce]
RSSI: -77 [da:0f:bb:9d:12:4c]
RSSI: -83 [da:0a:16:dd:00:7a]
RSSI: -83 [da:0a:16:dd:00:7a]
RSSI: -78 [da:0f:bb:ad:12:7c]
RSSI: -86 [da:0a:16:dd:00:7a]
RSSI: -87 [da:0a:16:eb:00:9a]
RSSI: -79 [da:0f:bb:ba:12:9c]
RSSI: -81 [da:0a:16:eb:00:9a]
RSSI: -77 [da:0f:bb:ba:12:9c]
RSSI: -86 [da:0a:16:f7:00:ba]
RSSI: -78 [da:0f:bb:ba:12:9c]
RSSI: -88 [da:0d:20:26:16:5e]
RSSI: -86 [da:0a:17:05:00:ea]
RSSI: -76 [da:0f:bb:d9:12:fc]
RSSI: -82 [da:0a:17:13:01:0a]
RSSI: -89 [da:0d:20:33:00:2e]
RSSI: -78 [da:0f:bb:e6:13:2c]
RSSI: -78 [da:0f:bb:e6:13:2c]
RSSI: -85 [da:0a:17:20:01:2a]
RSSI: -82 [da:0f:bb:f5:13:5c]
RSSI: -86 [da:0a:17:2e:01:5a]
RSSI: -81 [da:0f:bb:f5:13:5c]
RSSI: -83 [da:0a:17:3c:01:7a]
RSSI: -88 [da:0f:bc:05:13:8c]
RSSI: -85 [da:0a:17:3c:01:7a]
RSSI: -86 [da:0a:17:3c:01:7a]
RSSI: -87 [da:0a:17:56:01:ca]
RSSI: -87 [da:0a:17:56:01:ca]
RSSI: -87 [da:0a:17:64:01:fa]
RSSI: -87 [da:0a:17:71:02:1a]
RSSI: -88 [da:0f:bc:3e:14:3c]
RSSI: -87 [da:0f:bc:3e:14:3c]
RSSI: -90 [da:0a:17:8d:02:6a]
RSSI: -86 [da:0f:bc:5d:14:9c]
RSSI: -88 [da:0f:bc:7a:14:fc]
RSSI: -89 [da:0f:bc:7a:14:fc]
RSSI: -90 [da:0f:bc:96:15:5c]
RSSI: -93 [da:0f:bc:a6:15:8c]
RSSI: -94 [da:0a:18:06:03:ba]
RSSI: -93 [da:0f:bc:e1:16:4c]
RSSI: -94 [da:0f:bc:ee:16:6c]
RSSI: -89 [da:0f:bd:1a:00:8c]
RSSI: -90 [da:0f:bd:2a:00:bc]
RSSI: -90 [da:0a:18:72:04:ea]
RSSI: -88 [da:0f:bd:46:01:1c]
RSSI: -89 [da:0f:bd:46:01:1c]
RSSI: -87 [da:0f:bd:56:01:4c]
RSSI: -83 [da:0a:18:8d:05:3a]
RSSI: -90 [da:0f:bd:66:01:7c]
RSSI: -83 [da:0a:18:9b:05:5a]
RSSI: -86 [da:0a:18:a9:05:8a]
RSSI: -82 [da:0a:18:a9:05:8a]
RSSI: -89 [da:0f:bd:72:01:ac]
RSSI: -77 [da:0a:18:b6:05:aa]
RSSI: -85 [da:0a:18:b6:05:aa]
RSSI: -90 [da:0f:bd:82:01:dc]
RSSI: -82 [da:0a:18:c4:05:ca]
RSSI: -87 [da:0f:bd:92:02:0c]
RSSI: -76 [da:0a:18:c4:05:ca]
RSSI: -85 [da:0a:18:d2:05:fa]
RSSI: -82 [da:0a:18:d2:05:fa]
RSSI: -88 [da:0f:bd:9e:02:2c]
RSSI: -82 [da:0a:18:d2:05:fa]
RSSI: -82 [da:0a:18:de:06:1a]
RSSI: -93 [da:0f:bd:ae:02:5c]
RSSI: -76 [da:0a:18:ec:06:4a]
RSSI: -94 [da:0f:bd:be:02:9c]
RSSI: -79 [da:0a:18:fa:06:6a]
RSSI: -82 [da:0a:18:fa:06:6a]
RSSI: -77 [da:0a:19:07:06:8a]
RSSI: -77 [da:0a:19:07:06:8a]
RSSI: -80 [da:0a:19:07:06:8a]
RSSI: -90 [da:0f:bd:da:02:ec]
RSSI: -82 [da:0a:19:15:06:ba]
RSSI: -91 [da:0f:bd:da:02:ec]
RSSI: -86 [da:0f:bd:ea:03:1c]
RSSI: -76 [da:0a:19:23:06:da]
RSSI: -74 [da:0a:19:30:06:fa]
RSSI: -90 [da:0f:bd:f7:03:4c]
RSSI: -75 [da:0a:19:30:06:fa]
RSSI: -79 [da:0a:19:3e:07:2a]
RSSI: -74 [da:0a:19:3e:07:2a]
RSSI: -74 [da:0a:19:3e:07:2a]
RSSI: -74 [da:0a:19:4c:07:4a]
RSSI: -77 [da:0a:19:4c:07:4a]
RSSI: -75 [da:0a:19:58:07:7a]
RSSI: -91 [da:0f:be:23:03:dc]
RSSI: -74 [da:0a:19:58:07:7a]
RSSI: -75 [da:0a:19:67:07:9a]
RSSI: -76 [da:0a:19:75:07:ca]
RSSI: -87 [da:0f:be:43:04:3c]
RSSI: -76 [da:0a:19:81:07:ea]
RSSI: -86 [da:0f:be:4f:04:5c]
RSSI: -78 [da:0a:19:8f:08:0a]
RSSI: -77 [da:0a:19:8f:08:0a]
RSSI: -88 [da:0f:be:5f:04:8c]
RSSI: -80 [da:0a:19:9d:08:3a]
RSSI: -80 [da:0a:19:9d:08:3a]
RSSI: -80 [da:0a:19:aa:08:5a]
RSSI: -83 [da:0a:19:b8:08:8a]
RSSI: -83 [da:0a:19:b8:08:8a]
RSSI: -88 [da:0a:19:c6:08:aa]
RSSI: -90 [da:0d:23:10:08:6e]
RSSI: -89 [da:0a:19:ef:09:1a]
RSSI: -91 [da:0d:23:10:08:6e]
RSSI: -89 [da:0a:19:ef:09:1a]
RSSI: -91 [da:0a:1a:01:09:4a]
RSSI: -91 [da:0d:23:2c:08:be]
RSSI: -91 [da:0a:1a:1f:09:aa]
RSSI: -87 [da:0d:23:47:09:0e]
RSSI: -87 [da:0d:23:47:09:0e]
RSSI: -89 [da:0a:1a:2c:09:ca]
RSSI: -86 [da:0d:23:64:09:5e]
RSSI: -90 [da:0f:bf:20:06:fc]
RSSI: -87 [da:0a:1a:63:0a:6a]
RSSI: -88 [da:0a:1a:63:0a:6a]
RSSI: -85 [da:0a:1a:71:0a:8a]
RSSI: -88 [da:0d:23:9a:09:fe]
RSSI: -86 [da:0a:1a:7e:0a:aa]
RSSI: -88 [da:0d:23:9a:09:fe]
RSSI: -87 [da:0d:23:a8:0a:2e]
RSSI: -85 [da:0a:1a:8c:0a:da]
RSSI: -86 [da:0a:1a:8c:0a:da]
RSSI: -86 [da:0a:1a:9a:0a:fa]
RSSI: -91 [da:0d:23:c4:0a:7e]
RSSI: -89 [da:0a:1a:a6:0b:2a]
RSSI: -91 [da:0f:bf:85:08:3c]
RSSI: -85 [da:0d:23:e1:0a:ce]
RSSI: -87 [da:0d:23:e1:0a:ce]
RSSI: -89 [da:0f:bf:95:08:6c]
RSSI: -88 [da:0a:1a:de:0b:ba]
RSSI: -89 [da:0d:23:fc:0b:1e]
RSSI: -89 [da:0a:1a:de:0b:ba]
RSSI: -87 [da:0a:1a:ec:0b:ea]
RSSI: -87 [da:0d:24:0a:0b:3e]
RSSI: -86 [da:0a:1a:f8:0c:0a]
RSSI: -87 [da:0d:24:17:0b:5e]
RSSI: -88 [da:0a:1b:15:0c:5a]
RSSI: -85 [da:0d:24:34:0b:be]
RSSI: -97 [da:0f:bf:de:09:5c]
RSSI: -87 [da:0a:1b:15:0c:5a]
RSSI: -82 [da:0d:24:41:0b:de]
RSSI: -87 [da:0a:1b:21:0c:7a]
RSSI: -92 [da:0f:bf:ee:09:8c]
RSSI: -82 [da:0d:24:41:0b:de]
RSSI: -88 [da:0a:1b:2f:0c:aa]
RSSI: -81 [da:0d:24:5e:0c:2e]
RSSI: -81 [da:0d:24:5e:0c:2e]
RSSI: -90 [da:0f:c0:0a:09:ec]
RSSI: -87 [da:0a:1b:4a:0c:fa]
RSSI: -79 [da:0d:24:6a:0c:5e]
RSSI: -79 [da:0d:24:6a:0c:5e]
RSSI: -87 [da:0f:c0:1a:0a:1c]
RSSI: -78 [da:0d:24:87:0c:ae]
RSSI: -89 [da:0f:c0:37:0a:7c]
RSSI: -79 [da:0d:24:94:0c:ce]
RSSI: -78 [da:0d:24:94:0c:ce]
RSSI: -89 [da:0f:c0:47:0a:ac]
RSSI: -88 [da:0a:1b:81:0d:8a]
RSSI: -79 [da:0d:24:a3:0c:fe]
RSSI: -87 [da:0f:c0:47:0a:ac]
RSSI: -86 [da:0a:1b:81:0d:8a]
RSSI: -78 [da:0d:24:a3:0c:fe]
RSSI: -89 [da:0f:c0:56:0a:dc]
RSSI: -87 [da:0a:1b:8f:0d:ba]
RSSI: -78 [da:0d:24:b1:0d:2e]
RSSI: -86 [da:0a:1b:9c:0d:da]
RSSI: -88 [da:0f:c0:63:0b:0c]
RSSI: -87 [da:0a:1b:9c:0d:da]
RSSI: -77 [da:0d:24:be:0d:4e]
RSSI: -88 [da:0f:c0:73:0b:3c]
RSSI: -86 [da:0a:1b:aa:0e:0a]
RSSI: -77 [da:0d:24:cc:0d:7e]
RSSI: -88 [da:0f:c0:73:0b:3c]
RSSI: -75 [da:0d:24:db:0d:9e]
RSSI: -86 [da:0a:1b:b8:0e:2a]
RSSI: -76 [da:0d:24:db:0d:9e]
RSSI: -88 [da:0a:1b:c5:0e:4a]
RSSI: -89 [da:0a:1b:c5:0e:4a]
RSSI: -88 [da:0f:c0:8f:0b:9c]
RSSI: -78 [da:0d:24:e8:0d:ce]
RSSI: -74 [da:0d:24:e8:0d:ce]
RSSI: -88 [da:0a:1b:d3:0e:7a]
RSSI: -91 [da:0f:c0:9f:0b:cc]
RSSI: -76 [da:0d:24:f6:0d:ee]
RSSI: -80 [da:0d:24:f6:0d:ee]
RSSI: -80 [da:0d:24:f6:0d:ee]
RSSI: -75 [da:0d:25:05:0e:1e]
RSSI: -77 [da:0d:25:05:0e:1e]
RSSI: -77 [da:0d:25:11:0e:3e]
RSSI: -85 [da:0d:25:20:0e:6e]
RSSI: -80 [da:0d:25:20:0e:6e]
RSSI: -83 [da:0d:25:2f:0e:8e]
RSSI: -89 [da:0a:1c:17:0f:3a]
RSSI: -87 [da:0d:25:3b:0e:ae]
RSSI: -87 [da:0d:25:58:0f:0e]
RSSI: -89 [da:0f:c1:08:0d:1c]
RSSI: -88 [da:0d:25:58:0f:0e]
RSSI: -90 [da:0d:25:65:0f:2e]
RSSI: -92 [da:0d:25:74:0f:5e]
RSSI: -90 [da:0f:c1:25:0d:7c]
RSSI: -87 [da:0f:c1:35:0d:ac]
RSSI: -89 [da:0f:c1:51:0d:fc]
RSSI: -90 [da:0f:c1:51:0d:fc]
RSSI: -90 [da:0d:25:b9:10:1e]
RSSI: -89 [da:0d:25:c7:10:4e]
RSSI: -86 [da:0f:c1:8e:0e:bc]
RSSI: -85 [da:0f:c1:8e:0e:bc]
RSSI: -84 [da:0f:c1:9a:0e:ec]
RSSI: -84 [da:0f:c1:9a:0e:ec]
RSSI: -84 [da:0f:c1:ab:0f:1c]
RSSI: -89 [da:0d:26:00:10:ee]
RSSI: -88 [da:0f:c1:ba:0f:4c]
RSSI: -83 [da:0f:c1:ba:0f:4c]
RSSI: -89 [da:0d:26:0c:11:1e]
RSSI: -85 [da:0f:c1:c7:0f:7c]
RSSI: -85 [da:0f:c1:c7:0f:7c]
RSSI: -86 [da:0d:26:2a:11:6e]
RSSI: -80 [da:0f:c1:d7:0f:ac]
RSSI: -80 [da:0f:c1:e7:0f:dc]
RSSI: -92 [da:0d:26:45:11:be]
RSSI: -82 [da:0f:c1:f4:10:0c]
RSSI: -93 [da:0d:26:45:11:be]
RSSI: -79 [da:0f:c1:f4:10:0c]
RSSI: -87 [da:0d:26:54:11:de]
RSSI: -82 [da:0f:c2:04:10:3c]
RSSI: -80 [da:0f:c2:04:10:3c]
RSSI: -77 [da:0f:c2:14:10:6c]
RSSI: -87 [da:0f:c2:20:10:9c]
RSSI: -82 [da:0f:c2:20:10:9c]
RSSI: -91 [da:0d:26:8a:12:7e]
RSSI: -83 [da:0f:c2:40:10:fc]
RSSI: -82 [da:0f:c2:40:10:fc]
RSSI: -83 [da:0f:c2:4d:11:2c]
RSSI: -77 [da:0f:c2:4d:11:2c]
RSSI: -74 [da:0f:c2:6d:11:8c]
RSSI: -73 [da:0f:c2:79:11:bc]
RSSI: -91 [da:0d:26:d1:13:4e]
RSSI: -90 [da:0a:1d:b2:13:ca]
RSSI: -72 [da:0f:c2:79:11:bc]
RSSI: -72 [da:0f:c2:79:11:bc]
RSSI: -93 [da:0d:26:ed:13:9e]
RSSI: -73 [da:0f:c2:99:12:1c]
RSSI: -70 [da:0f:c2:a6:12:4c]
RSSI: -93 [da:0d:26:fb:13:ce]
RSSI: -73 [da:0f:c2:a6:12:4c]
RSSI: -91 [da:0a:1d:ea:14:6a]
RSSI: -91 [da:0d:27:17:14:1e]
RSSI: -71 [da:0f:c2:c6:12:ac]
RSSI: -73 [da:0f:c2:d3:12:dc]
RSSI: -72 [da:0f:c2:d3:12:dc]
RSSI: -90 [da:0d:27:32:14:5e]
RSSI: -73 [da:0f:c2:e3:13:0c]
RSSI: -72 [da:0f:c2:f3:13:3c]
RSSI: -72 [da:0f:c2:f3:13:3c]
RSSI: -74 [da:0f:c2:ff:13:5c]
RSSI: -74 [da:0f:c2:ff:13:5c]
RSSI: -92 [da:0a:1e:3c:15:4a]
RSSI: -73 [da:0f:c2:ff:13:5c]
RSSI: -75 [da:0f:c3:0f:13:9c]
RSSI: -78 [da:0f:c3:1f:13:cc]
RSSI: -87 [da:0a:1e:57:15:9a]
RSSI: -78 [da:0f:c3:2c:13:ec]
RSSI: -90 [da:0d:27:86:15:4e]
RSSI: -82 [da:0f:c3:3c:14:1c]
RSSI: -82 [da:0f:c3:3c:14:1c]
RSSI: -91 [da:0d:27:a3:15:9e]
RSSI: -90 [da:0d:27:a3:15:9e]
RSSI: -87 [da:0a:1e:8f:16:3a]
RSSI: -86 [da:0a:1e:8f:16:3a]
RSSI: -88 [da:0a:1e:9d:00:2a]
RSSI: -87 [da:0f:c3:69:14:ac]
RSSI: -85 [da:0a:1e:aa:00:4a]
RSSI: -88 [da:0a:1e:aa:00:4a]
RSSI: -91 [da:0d:27:cd:16:1e]
RSSI: -88 [da:0a:1e:aa:00:4a]
RSSI: -86 [da:0a:1e:b8:00:7a]
RSSI: -90 [da:0a:1e:c6:00:9a]
RSSI: -89 [da:08:3a:d0:00:ab]
RSSI: -88 [da:0a:1e:c6:00:9a]
RSSI: -86 [da:0a:1e:e1:00:ea]
RSSI: -94 [da:08:3a:ec:00:fb]
RSSI: -90 [da:0a:1e:f0:01:1a]
RSSI: -94 [da:0d:28:22:00:ce]
RSSI: -87 [da:0a:1f:0b:01:6a]
RSSI: -89 [da:08:3b:36:01:db]
RSSI: -92 [da:08:3b:42:01:fb]
RSSI: -89 [da:0a:1f:34:01:da]
RSSI: -91 [da:08:3b:42:01:fb]
RSSI: -90 [da:0a:1f:42:01:fa]
RSSI: -88 [da:0a:1f:42:01:fa]
RSSI: -87 [da:0a:1f:42:01:fa]
RSSI: -89 [da:0a:1f:4f:02:2a]
RSSI: -89 [da:0a:1f:5d:02:4a]
RSSI: -89 [da:0a:1f:5d:02:4a]
RSSI: -89 [da:0a:1f:6c:02:7a]
RSSI: -92 [da:0f:c4:59:01:1c]
RSSI: -90 [da:0f:c4:65:01:4c]
RSSI: -92 [da:0f:c4:75:01:7c]
RSSI: -96 [da:0a:1f:b0:03:3a]
RSSI: -90 [da:0f:c4:a2:02:0c]
RSSI: -93 [da:0f:c4:bf:02:6c]
RSSI: -93 [da:0f:c4:ec:02:fc]
RSSI: -89 [da:0a:20:2c:04:9a]
RSSI: -88 [da:0a:20:3b:04:ba]
RSSI: -94 [da:0a:20:47:04:da]
RSSI: -92 [da:0a:20:56:05:0a]
RSSI: -85 [da:0a:20:64:05:3a]
RSSI: -89 [da:0a:20:64:05:3a]
RSSI: -86 [da:0a:20:71:05:5a]
RSSI: -86 [da:0a:20:71:05:5a]
RSSI: -87 [da:0a:20:8e:05:aa]
RSSI: -89 [da:0a:20:9a:05:ca]
RSSI: -87 [da:0f:c5:6e:04:8c]
RSSI: -86 [da:0a:20:a9:05:fa]
RSSI: -92 [da:0a:20:c4:06:4a]
RSSI: -95 [da:0f:c5:8b:04:ec]
RSSI: -97 [da:0d:29:db:05:ce]
RSSI: -94 [da:0f:c5:a8:05:4c]
RSSI: -93 [da:0f:c5:a8:05:4c]
RSSI: -85 [da:0a:20:ed:06:ba]
RSSI: -83 [da:0a:20:fc:06:da]
RSSI: -84 [da:0a:20:fc:06:da]
RSSI: -83 [da:0a:21:0a:07:0a]
RSSI: -84 [da:0a:21:0a:07:0a]
RSSI: -82 [da:0a:21:17:07:2a]
RSSI: -86 [da:0a:21:25:07:5a]
RSSI: -86 [da:0a:21:25:07:5a]
RSSI: -93 [da:0f:c5:f7:06:3c]
RSSI: -86 [da:0a:21:34:07:7a]
RSSI: -92 [da:0d:2a:5a:07:3e]
RSSI: -85 [da:0a:21:40:07:aa]
RSSI: -89 [da:0d:2a:69:07:6e]
RSSI: -90 [da:0d:2a:77:07:8e]
RSSI: -92 [da:0f:c6:2a:06:dc]
RSSI: -97 [da:0a:21:5d:07:fa]
RSSI: -91 [da:0d:2a:77:07:8e]
RSSI: -88 [da:0a:21:78:08:4a]
RSSI: -92 [da:0f:c6:43:07:2c]
RSSI: -89 [da:0a:21:78:08:4a]
RSSI: -88 [da:0f:c6:50:07:5c]
RSSI: -89 [da:0f:c6:50:07:5c]
RSSI: -90 [da:0f:c6:50:07:5c]
RSSI: -86 [da:0f:c6:5c:07:7c]
RSSI: -89 [da:0f:c6:69:07:ac]
RSSI: -94 [da:0a:21:cc:09:2a]
RSSI: -89 [da:0d:2a:e8:08:de]
RSSI: -89 [da:0d:2a:f7:09:0e]
RSSI: -87 [da:0a:21:da:09:5a]
RSSI: -88 [da:0d:2a:f7:09:0e]
RSSI: -91 [da:0f:c6:a9:08:7c]
RSSI: -86 [da:0a:21:da:09:5a]
RSSI: -88 [da:0d:2b:12:09:5e]
RSSI: -87 [da:0d:2b:12:09:5e]
RSSI: -88 [da:0a:22:04:09:ca]
RSSI: -89 [da:0f:c6:cf:08:ec]
RSSI: -88 [da:0d:2b:21:09:7e]
RSSI: -92 [da:0a:22:04:09:ca]
RSSI: -89 [da:0d:2b:2e:09:ae]
RSSI: -93 [da:0d:2b:67:0a:4e]
RSSI: -92 [da:0d:2b:76:0a:6e]
RSSI: -91 [da:0f:c7:28:0a:0c]
RSSI: -89 [da:0f:c7:34:0a:3c]
RSSI: -93 [da:0a:22:81:0b:2a]
RSSI: -93 [da:0d:2b:ad:0b:1e]
RSSI: -94 [da:0a:22:8d:0b:4a]
RSSI: -94 [da:0d:2b:bc:0b:3e]
RSSI: -92 [da:0a:22:9c:0b:7a]
RSSI: -89 [da:0d:2c:02:0c:0e]
RSSI: -84 [da:0d:2c:02:0c:0e]
RSSI: -85 [da:0d:2c:11:0c:3e]
RSSI: -85 [da:0d:2c:11:0c:3e]
RSSI: -91 [da:0a:22:fe:0c:8a]
RSSI: -86 [da:0d:2c:20:0c:6e]
RSSI: -80 [da:0d:2c:2c:0c:8e]
RSSI: -79 [da:0d:2c:2c:0c:8e]
RSSI: -84 [da:0d:2c:2c:0c:8e]
RSSI: -83 [da:0d:2c:3b:0c:be]
RSSI: -87 [da:0a:23:19:0c:da]
RSSI: -77 [da:0d:2c:3b:0c:be]
RSSI: -82 [da:0d:2c:4a:0c:ee]
RSSI: -90 [da:0a:23:27:0d:0a]
RSSI: -82 [da:0d:2c:4a:0c:ee]
RSSI: -82 [da:0d:2c:4a:0c:ee]
RSSI: -88 [da:0a:23:34:0d:2a]
RSSI: -80 [da:0d:2c:57:0d:0e]
RSSI: -88 [da:0a:23:43:0d:5a]
RSSI: -74 [da:0d:2c:66:0d:2e]
RSSI: -74 [da:0d:2c:66:0d:2e]
RSSI: -80 [da:0d:2c:75:0d:5e]
RSSI: -79 [da:0d:2c:81:0d:7e]
RSSI: -79 [da:0d:2c:81:0d:7e]
RSSI: -78 [da:0d:2c:81:0d:7e]
RSSI: -78 [da:0d:2c:90:0d:ae]
RSSI: -88 [da:0a:23:7b:0d:fa]
RSSI: -73 [da:0d:2c:9f:0d:de]
RSSI: -80 [da:0d:2c:ac:0d:fe]
RSSI: -78 [da:0d:2c:bb:0e:2e]
RSSI: -78 [da:0d:2c:bb:0e:2e]
RSSI: -81 [da:0d:2c:bb:0e:2e]
RSSI: -80 [da:0d:2c:bb:0e:2e]
RSSI: -76 [da:0d:2c:ca:0e:4e]
RSSI: -78 [da:0d:2c:ca:0e:4e]
RSSI: -78 [da:0d:2c:d6:0e:7e]
RSSI: -78 [da:0d:2c:d6:0e:7e]
RSSI: -80 [da:0d:2c:e5:0e:9e]
RSSI: -79 [da:0d:2c:f4:0e:ce]
RSSI: -80 [da:0d:2c:f4:0e:ce]
RSSI: -91 [da:0a:23:db:0e:fa]
RSSI: -82 [da:0d:2d:01:0e:ee]
RSSI: -80 [da:0d:2d:01:0e:ee]
RSSI: -90 [da:0f:c8:b3:0f:0c]
RSSI: -84 [da:0d:2d:10:0f:1e]
RSSI: -86 [da:0f:c8:bf:0f:2c]
RSSI: -85 [da:0d:2d:10:0f:1e]
RSSI: -81 [da:0d:2d:1f:0f:4e]
RSSI: -83 [da:0d:2d:1f:0f:4e]
RSSI: -83 [da:0d:2d:2b:0f:6e]
RSSI: -88 [da:0f:c8:d9:0f:7c]
RSSI: -86 [da:0d:2d:2b:0f:6e]
RSSI: -85 [da:0f:c8:e6:0f:ac]
RSSI: -90 [da:0d:2d:3a:0f:9e]
RSSI: -86 [da:0d:2d:3a:0f:9e]
RSSI: -85 [da:0f:c8:f3:0f:cc]
RSSI: -88 [da:0d:2d:49:0f:ce]
RSSI: -80 [da:0f:c9:0c:10:2c]
RSSI: -94 [da:0a:24:3d:10:1a]
RSSI: -86 [da:0d:2d:65:10:1e]
RSSI: -84 [da:0f:c9:19:10:4c]
RSSI: -87 [da:0d:2d:74:10:3e]
RSSI: -88 [da:0f:c9:26:10:7c]
RSSI: -86 [da:0d:2d:81:10:6e]
RSSI: -87 [da:0d:2d:81:10:6e]
RSSI: -82 [da:0f:c9:32:10:9c]
RSSI: -84 [da:0d:2d:90:10:8e]
RSSI: -87 [da:0d:2d:90:10:8e]
RSSI: -94 [da:0f:c9:3f:10:cc]
RSSI: -86 [da:0d:2d:9f:10:be]
RSSI: -91 [da:0d:2d:ab:10:de]
RSSI: -85 [da:0f:c9:66:11:3c]
RSSI: -82 [da:0f:c9:72:11:6c]
RSSI: -88 [da:0d:2d:c9:11:3e]
RSSI: -79 [da:0f:c9:7f:11:8c]
RSSI: -89 [da:0d:2d:d6:11:5e]
RSSI: -77 [da:0f:c9:8c:11:bc]
RSSI: -76 [da:0f:c9:8c:11:bc]
RSSI: -76 [da:0f:c9:99:11:dc]
RSSI: -75 [da:0f:c9:a5:12:0c]
RSSI: -73 [da:0f:c9:b2:12:2c]
RSSI: -73 [da:0f:c9:b2:12:2c]
RSSI: -75 [da:0f:c9:bf:12:5c]
RSSI: -73 [da:0f:c9:cc:12:7c]
RSSI: -73 [da:0f:c9:d9:12:ac]
RSSI: -73 [da:0f:c9:d9:12:ac]
RSSI: -75 [da:0f:c9:e6:12:cc]
RSSI: -73 [da:0f:c9:f2:12:fc]
RSSI: -73 [da:0f:c9:ff:13:1c]
RSSI: -73 [da:0f:c9:ff:13:1c]
RSSI: -76 [da:0f:ca:0c:13:4c]
RSSI: -75 [da:0f:ca:19:13:6c]
RSSI: -76 [da:0f:ca:26:13:9c]
RSSI: -76 [da:0f:ca:26:13:9c]
RSSI: -80 [da:0f:ca:33:13:cc]
RSSI: -81 [da:0f:ca:3f:13:ec]
RSSI: -82 [da:0f:ca:4c:14:1c]
RSSI: -93 [da:0f:ca:59:14:3c]
RSSI: -91 [da:0d:2e:ca:14:1e]
RSSI: -88 [da:0d:2e:e5:14:6e]
RSSI: -90 [da:0d:2f:01:14:be]
RSSI: -90 [da:0f:ca:b3:15:5c]
RSSI: -88 [da:0d:2f:10:14:ee]
RSSI: -87 [da:0d:2f:2c:15:2e]
RSSI: -87 [da:0d:2f:3b:15:5e]
RSSI: -87 [da:0d:2f:3b:15:5e]
RSSI: -88 [da:0d:2f:4a:15:8e]
RSSI: -88 [da:0d:2f:4a:15:8e]
RSSI: -87 [da:0d:2f:4a:15:8e]
RSSI: -89 [da:0d:2f:66:15:de]
RSSI: -88 [da:0d:2f:66:15:de]
RSSI: -90 [da:0d:2f:75:16:0e]
RSSI: -91 [da:0d:2f:81:16:2e]
RSSI: -91 [da:0d:2f:90:16:5e]
RSSI: -87 [da:0d:2f:a0:00:2e]
RSSI: -93 [da:0f:cb:5a:00:fc]
RSSI: -89 [da:0f:cb:67:01:1c]
RSSI: -90 [da:0d:2f:bb:00:7e]
RSSI: -87 [da:0f:cb:81:01:7c]
RSSI: -89 [da:0f:cb:8d:01:9c]
RSSI: -91 [da:0f:cb:9a:01:cc]
RSSI: -88 [da:0f:cb:a7:01:ec]
RSSI: -94 [da:0a:26:ec:01:3a]
RSSI: -89 [da:0f:cb:b4:02:1c]
RSSI: -94 [da:0a:26:ec:01:3a]
RSSI: -87 [da:0f:cb:c1:02:3c]
RSSI: -87 [da:0f:cb:c1:02:3c]
RSSI: -92 [da:0f:cb:ce:02:6c]
RSSI: -92 [da:0a:27:16:01:aa]
RSSI: -94 [da:0a:27:23:01:da]
RSSI: -91 [da:0f:cc:1b:03:5c]
RSSI: -95 [da:0f:cc:28:03:7c]
RSSI: -90 [da:0a:27:6a:02:9a]
RSSI: -88 [da:0f:cc:42:03:dc]
RSSI: -90 [da:0a:27:77:02:ba]
RSSI: -90 [da:0f:cc:42:03:dc]
RSSI: -93 [da:0f:cc:42:03:dc]
RSSI: -93 [da:0a:27:77:02:ba]
RSSI: -92 [da:0a:27:86:02:ea]
RSSI: -91 [da:0f:cc:4f:03:fc]
RSSI: -88 [da:0f:cc:5b:04:2c]
RSSI: -90 [da:0f:cc:68:04:4c]
RSSI: -86 [da:0f:cc:68:04:4c]
RSSI: -86 [da:0f:cc:82:04:9c]
RSSI: -88 [da:0f:cc:8f:04:cc]
RSSI: -87 [da:0a:27:e1:03:ea]
RSSI: -87 [da:0a:27:e1:03:ea]
RSSI: -89 [da:0a:27:fc:04:3a]
RSSI: -92 [da:0d:31:3e:04:de]
RSSI: -93 [da:0d:31:3e:04:de]
RSSI: -90 [da:0a:28:27:04:aa]
RSSI: -89 [da:0a:28:36:04:da]
RSSI: -94 [da:0d:31:69:05:4e]
RSSI: -88 [da:0a:28:60:05:4a]
RSSI: -87 [da:0a:28:6f:05:7a]
RSSI: -94 [da:0f:cd:37:06:dc]
RSSI: -87 [da:0a:28:6f:05:7a]
RSSI: -86 [da:0a:28:7b:05:9a]
RSSI: -83 [da:0a:28:7b:05:9a]
RSSI: -84 [da:0a:28:8a:05:ca]
RSSI: -82 [da:0a:28:8a:05:ca]
RSSI: -81 [da:0a:28:99:05:ea]
RSSI: -80 [da:0a:28:a5:06:1a]
RSSI: -80 [da:0a:28:a5:06:1a]
RSSI: -92 [da:0d:31:ce:06:7e]
RSSI: -78 [da:0a:28:b4:06:3a]
RSSI: -80 [da:0a:28:b4:06:3a]
RSSI: -91 [da:0f:cd:85:07:dc]
RSSI: -84 [da:0a:28:c3:06:6a]
RSSI: -79 [da:0a:28:df:06:ba]
RSSI: -81 [da:0a:28:df:06:ba]
RSSI: -80 [da:0a:28:ed:06:ea]
RSSI: -78 [da:0a:28:fa:07:0a]
RSSI: -90 [da:0d:32:24:07:6e]
RSSI: -80 [da:0a:29:09:07:3a]
RSSI: -77 [da:0a:29:09:07:3a]
RSSI: -92 [da:0d:32:30:07:9e]
RSSI: -82 [da:0a:29:18:07:5a]
RSSI: -79 [da:0a:29:18:07:5a]
RSSI: -90 [da:0f:cd:ec:09:2c]
RSSI: -83 [da:0a:29:24:07:7a]
RSSI: -91 [da:0f:cd:f9:09:4c]
RSSI: -80 [da:0a:29:33:07:aa]
RSSI: -87 [da:0a:29:42:07:ca]
RSSI: -92 [da:0f:ce:13:09:9c]
RSSI: -87 [da:0a:29:4f:07:fa]
RSSI: -86 [da:0a:29:4f:07:fa]
RSSI: -86 [da:0f:ce:2d:09:fc]
RSSI: -85 [da:0a:29:6d:08:4a]
RSSI: -89 [da:0a:29:79:08:6a]
RSSI: -89 [da:0a:29:79:08:6a]
RSSI: -87 [da:0f:ce:54:0a:6c]
RSSI: -86 [da:0a:29:97:08:ba]
RSSI: -89 [da:0d:32:c1:09:3e]
RSSI: -86 [da:0f:ce:6e:0a:cc]
RSSI: -91 [da:0d:32:c1:09:3e]
RSSI: -84 [da:0a:29:a4:08:ea]
RSSI: -86 [da:0d:32:d0:09:6e]
RSSI: -93 [da:0f:ce:7b:0a:ec]
RSSI: -87 [da:0d:32:d0:09:6e]
RSSI: -87 [da:0f:ce:7b:0a:ec]
RSSI: -86 [da:0d:32:dd:09:8e]
RSSI: -87 [da:0f:ce:95:0b:4c]
RSSI: -88 [da:0f:ce:95:0b:4c]
RSSI: -84 [da:0d:32:ec:09:be]
RSSI: -85 [da:0d:33:08:0a:0e]
RSSI: -86 [da:0d:33:17:0a:2e]
RSSI: -90 [da:0d:33:27:0a:5e]
RSSI: -87 [da:0d:33:33:0a:8e]
RSSI: -84 [da:0d:33:43:0a:ae]
RSSI: -86 [da:0d:33:43:0a:ae]
RSSI: -84 [da:0d:33:52:0a:de]
RSSI: -88 [da:0d:33:6e:0b:2e]
RSSI: -95 [da:0f:cf:24:0d:0c]
RSSI: -86 [da:0d:33:7d:0b:5e]
RSSI: -86 [da:0d:33:8a:0b:7e]
RSSI: -90 [da:0f:cf:58:0d:bc]
RSSI: -91 [da:0f:cf:58:0d:bc]
RSSI: -87 [da:0d:33:b5:0b:fe]
RSSI: -90 [da:0d:33:b5:0b:fe]
RSSI: -87 [da:0d:33:c4:0c:2e]
RSSI: -85 [da:0d:33:e0:0c:7e]
RSSI: -85 [da:0d:33:e0:0c:7e]
RSSI: -85 [da:0d:33:ef:0c:ae]
RSSI: -88 [da:0f:cf:99:0e:7c]
RSSI: -83 [da:0d:33:ef:0c:ae]
RSSI: -83 [da:0d:33:ff:0c:de]
RSSI: -89 [da:0d:34:0b:0c:fe]
RSSI: -88 [da:0f:cf:c0:0e:fc]
RSSI: -86 [da:0f:cf:c0:0e:fc]
RSSI: -81 [da:0d:34:1b:0d:2e]
RSSI: -84 [da:0f:cf:cd:0f:2c]
RSSI: -81 [da:0d:34:2a:0d:4e]
RSSI: -80 [da:0d:34:2a:0d:4e]
RSSI: -87 [da:0f:cf:da:0f:4c]
RSSI: -80 [da:0d:34:2a:0d:4e]
RSSI: -81 [da:0d:34:37:0d:7e]
RSSI: -87 [da:0f:cf:e7:0f:7c]
RSSI: -85 [da:0f:cf:f4:0f:ac]
RSSI: -94 [da:0d:34:46:0d:9e]
RSSI: -86 [da:0f:cf:f4:0f:ac]
RSSI: -80 [da:0d:34:46:0d:9e]
RSSI: -91 [da:0a:2b:31:0d:4a]
RSSI: -84 [da:0d:34:55:0d:ce]
RSSI: -85 [da:0f:d0:01:0f:cc]
RSSI: -81 [da:0d:34:62:0d:fe]
RSSI: -85 [da:0f:d0:0e:0f:fc]
RSSI: -86 [da:0d:34:62:0d:fe]
RSSI: -83 [da:0f:d0:0e:0f:fc]
RSSI: -82 [da:0f:d0:1b:10:1c]
RSSI: -84 [da:0f:d0:1b:10:1c]
RSSI: -81 [da:0d:34:71:0e:1e]
RSSI: -83 [da:0f:d0:28:10:4c]
RSSI: -91 [da:0a:2b:5b:0d:ca]
RSSI: -82 [da:0f:d0:28:10:4c]
RSSI: -85 [da:0d:34:80:0e:4e]
RSSI: -85 [da:0f:d0:35:10:7c]
RSSI: -86 [da:0f:d0:35:10:7c]
RSSI: -88 [da:0d:34:8d:0e:6e]
RSSI: -83 [da:0f:d0:35:10:7c]
RSSI: -82 [da:0d:34:8d:0e:6e]
RSSI: -83 [da:0f:d0:43:10:9c]
RSSI: -89 [da:0f:d0:43:10:9c]
RSSI: -84 [da:0d:34:9d:0e:9e]
RSSI: -86 [da:0f:d0:4f:10:cc]
RSSI: -87 [da:0d:34:9d:0e:9e]
RSSI: -86 [da:0f:d0:4f:10:cc]
RSSI: -85 [da:0d:34:ac:0e:ce]
RSSI: -82 [da:0d:34:b8:0e:ee]
RSSI: -83 [da:0d:34:c8:0f:1e]
RSSI: -90 [da:0f:d0:76:11:4c]
RSSI: -82 [da:0d:34:c8:0f:1e]
RSSI: -84 [da:0d:34:d7:0f:4e]
RSSI: -83 [da:0d:34:d7:0f:4e]
RSSI: -85 [da:0f:d0:84:11:6c]
RSSI: -84 [da:0d:34:d7:0f:4e]
RSSI: -82 [da:0f:d0:91:11:9c]
RSSI: -80 [da:0f:d0:9e:11:cc]
RSSI: -88 [da:0d:34:f3:0f:9e]
RSSI: -80 [da:0f:d0:9e:11:cc]
RSSI: -86 [da:0d:34:f3:0f:9e]
RSSI: -81 [da:0f:d0:ab:11:ec]
RSSI: -79 [da:0f:d0:ab:11:ec]
RSSI: -78 [da:0f:d0:b8:12:1c]
RSSI: -90 [da:0d:35:0f:0f:ee]
RSSI: -77 [da:0f:d0:c5:12:3c]
RSSI: -87 [da:0d:35:1f:10:1e]
RSSI: -75 [da:0f:d0:d2:12:6c]
RSSI: -76 [da:0f:d0:e0:12:9c]
RSSI: -89 [da:0d:35:3a:10:6e]
RSSI: -74 [da:0f:d0:ec:12:bc]
RSSI: -89 [da:0d:35:4a:10:9e]
RSSI: -75 [da:0f:d0:fa:12:ec]
RSSI: -89 [da:0d:35:4a:10:9e]
RSSI: -96 [da:0a:2c:30:10:2a]
RSSI: -77 [da:0f:d1:07:13:1c]
RSSI: -88 [da:0d:35:59:10:be]
RSSI: -77 [da:0f:d1:07:13:1c]
RSSI: -75 [da:0f:d1:07:13:1c]
RSSI: -75 [da:0f:d1:13:13:3c]
RSSI: -91 [da:0d:35:66:10:ee]
RSSI: -75 [da:0f:d1:13:13:3c]
RSSI: -77 [da:0f:d1:21:13:6c]
RSSI: -83 [da:0f:d1:2e:13:8c]
RSSI: -81 [da:0f:d1:2e:13:8c]
RSSI: -84 [da:0f:d1:3b:13:bc]
RSSI: -88 [da:0d:35:91:11:6e]
RSSI: -89 [da:0f:d1:48:13:dc]
RSSI: -84 [da:0f:d1:48:13:dc]
RSSI: -88 [da:0d:35:a1:11:8e]
RSSI: -89 [da:0d:35:bd:11:de]
RSSI: -88 [da:0f:d1:6f:14:5c]
RSSI: -90 [da:0d:35:cc:12:0e]
RSSI: -93 [da:0f:d1:7c:14:8c]
RSSI: -84 [da:0f:d1:89:14:ac]
RSSI: -87 [da:0f:d1:96:14:dc]
RSSI: -87 [da:0f:d1:a4:14:fc]
RSSI: -90 [da:0d:36:07:12:be]
RSSI: -87 [da:0f:d1:be:15:4c]
RSSI: -92 [da:0f:d1:cb:15:7c]
RSSI: -90 [da:0d:36:32:13:3e]
RSSI: -91 [da:0d:36:32:13:3e]
RSSI: -88 [da:0d:36:3f:13:5e]
RSSI: -93 [da:0f:d1:f2:15:fc]
RSSI: -87 [da:0d:36:5e:13:ae]
RSSI: -95 [da:0f:d2:26:00:0c]
RSSI: -89 [da:0d:36:7a:13:fe]
RSSI: -89 [da:0d:36:7a:13:fe]
RSSI: -90 [da:0f:d2:33:00:2c]
RSSI: -94 [da:0d:36:89:14:2e]
RSSI: -89 [da:0d:36:89:14:2e]
RSSI: -88 [da:0d:36:96:14:4e]
RSSI: -87 [da:0d:36:a5:14:7e]
RSSI: -88 [da:0d:36:b5:14:ae]
RSSI: -89 [da:0a:2d:a2:14:3a]
RSSI: -91 [da:0d:36:c1:14:ce]
RSSI: -91 [da:0f:d2:7d:01:1c]
RSSI: -89 [da:0f:d2:8a:01:3c]
RSSI: -89 [da:0d:36:e6:15:2e]
RSSI: -89 [da:0d:36:f3:15:5e]
RSSI: -89 [da:0d:36:f3:15:5e]
RSSI: -89 [da:0d:37:03:15:7e]
RSSI: -91 [da:0f:d2:b2:01:bc]
RSSI: -89 [da:0d:37:03:15:7e]
RSSI: -90 [da:0d:37:12:15:ae]
RSSI: -91 [da:0f:d2:cc:02:0c]
RSSI: -89 [da:0d:37:1f:15:ce]
RSSI: -89 [da:0d:37:2e:15:fe]
RSSI: -90 [da:0a:2e:16:15:7a]
RSSI: -90 [da:0a:2e:31:15:ca]
RSSI: -92 [da:0f:d3:00:02:ac]
RSSI: -90 [da:0d:37:5a:16:7e]
RSSI: -90 [da:0d:37:69:00:2e]
RSSI: -90 [da:0d:37:69:00:2e]
RSSI: -90 [da:0d:37:76:00:5e]
RSSI: -93 [da:0a:2e:5c:00:2a]
RSSI: -92 [da:0d:37:76:00:5e]
RSSI: -91 [da:0a:2e:78:00:7a]
RSSI: -96 [da:08:4a:83:01:8b]
RSSI: -90 [da:0a:2e:a3:00:fa]
RSSI: -96 [da:08:4a:b0:02:1b]
RSSI: -91 [da:0a:2e:c1:01:4a]
RSSI: -91 [da:0a:2e:ce:01:6a]
RSSI: -86 [da:0f:d3:9e:04:ac]
RSSI: -90 [da:0a:2e:dd:01:9a]
RSSI: -89 [da:0f:d3:ed:05:9c]
RSSI: -93 [da:0a:2f:23:02:5a]
RSSI: -88 [da:0f:d3:ed:05:9c]
RSSI: -86 [da:0f:d4:15:06:1c]
RSSI: -91 [da:0f:d4:22:06:4c]
RSSI: -87 [da:0f:d4:22:06:4c]
RSSI: -87 [da:0f:d4:4a:06:cc]
RSSI: -89 [da:0f:d4:56:06:ec]
RSSI: -87 [da:0f:d4:56:06:ec]
RSSI: -86 [da:0f:d4:7e:07:6c]
RSSI: -86 [da:0f:d4:7e:07:6c]
RSSI: -90 [da:0a:2f:c3:04:1a]
RSSI: -87 [da:0f:d4:8b:07:9c]
RSSI: -94 [da:0a:2f:cf:04:3a]
RSSI: -94 [da:0a:2f:df:04:6a]
RSSI: -95 [da:0a:2f:df:04:6a]
RSSI: -90 [da:0f:d4:b3:08:1c]
RSSI: -96 [da:0f:d4:cd:08:6c]
RSSI: -90 [da:0a:30:25:05:3a]
RSSI: -87 [da:0a:30:35:05:5a]
RSSI: -87 [da:0a:30:35:05:5a]
RSSI: -85 [da:0a:30:44:05:8a]
RSSI: -84 [da:0a:30:44:05:8a]
RSSI: -80 [da:0a:30:50:05:aa]
RSSI: -84 [da:0a:30:60:05:da]
RSSI: -81 [da:0a:30:6f:05:fa]
RSSI: -73 [da:0a:30:7b:06:2a]
RSSI: -78 [da:0a:30:7b:06:2a]
RSSI: -75 [da:0a:30:8b:06:4a]
RSSI: -71 [da:0a:30:8b:06:4a]
RSSI: -76 [da:0a:30:9a:06:7a]
RSSI: -74 [da:0a:30:9a:06:7a]
RSSI: -83 [da:0f:d5:6c:0a:6c]
RSSI: -74 [da:0a:30:a7:06:9a]
RSSI: -74 [da:0a:30:a7:06:9a]
RSSI: -86 [da:0f:d5:79:0a:8c]
RSSI: -70 [da:0a:30:b6:06:ca]
RSSI: -89 [da:0f:d5:87:0a:bc]
RSSI: -73 [da:0a:30:b6:06:ca]
RSSI: -73 [da:0a:30:c5:06:fa]
RSSI: -86 [da:0f:d5:93:0a:ec]
RSSI: -73 [da:0a:30:d2:07:1a]
RSSI: -73 [da:0a:30:d2:07:1a]
RSSI: -86 [da:0f:d5:a1:0b:0c]
RSSI: -74 [da:0a:30:e1:07:4a]
RSSI: -87 [da:0f:d5:ae:0b:3c]
RSSI: -74 [da:0a:30:e1:07:4a]
RSSI: -86 [da:0f:d5:ae:0b:3c]
RSSI: -86 [da:0f:d5:bb:0b:6c]
RSSI: -74 [da:0a:30:f0:07:6a]
RSSI: -86 [da:0f:d5:bb:0b:6c]
RSSI: -89 [da:0f:d5:d6:0b:bc]
RSSI: -90 [da:0f:d5:e3:0b:ec]
RSSI: -81 [da:0a:31:1b:07:ea]
RSSI: -76 [da:0a:31:28:08:0a]
RSSI: -83 [da:0a:31:28:08:0a]
RSSI: -92 [da:0f:d5:fe:0c:3c]
RSSI: -82 [da:0a:31:37:08:3a]
RSSI: -78 [da:0a:31:37:08:3a]
RSSI: -87 [da:0a:31:46:08:6a]
RSSI: -90 [da:0d:3a:5d:08:be]
RSSI: -83 [da:0a:31:46:08:6a]
RSSI: -87 [da:0d:3a:6d:08:ee]
RSSI: -89 [da:0a:31:53:08:8a]
RSSI: -84 [da:0a:31:62:08:aa]
RSSI: -88 [da:0a:31:62:08:aa]
RSSI: -86 [da:0d:3a:89:09:3e]
RSSI: -87 [da:0a:31:72:08:da]
RSSI: -86 [da:0d:3a:99:09:5e]
RSSI: -88 [da:0a:31:7e:08:fa]
RSSI: -86 [da:0d:3a:99:09:5e]
RSSI: -90 [da:0f:d6:4d:0d:3c]
RSSI: -86 [da:0a:31:7e:08:fa]
RSSI: -87 [da:0d:3a:a8:09:8e]
RSSI: -84 [da:0a:31:8d:09:2a]
RSSI: -88 [da:0f:d6:5a:0d:6c]
RSSI: -85 [da:0d:3a:b5:09:be]
RSSI: -88 [da:0f:d6:67:0d:8c]
RSSI: -87 [da:0d:3a:b5:09:be]
RSSI: -82 [da:0a:31:9d:09:5a]
RSSI: -85 [da:0a:31:a9:09:7a]
RSSI: -86 [da:0a:31:b9:09:aa]
RSSI: -89 [da:0d:3a:e1:0a:3e]
RSSI: -88 [da:0f:d6:8f:0e:0c]
RSSI: -87 [da:0a:31:c8:09:da]
RSSI: -90 [da:0d:3a:e1:0a:3e]
RSSI: -89 [da:0f:d6:8f:0e:0c]
RSSI: -88 [da:0f:d6:a9:0e:6c]
RSSI: -89 [da:0d:3b:00:0a:8e]
RSSI: -88 [da:0a:31:e4:0a:2a]
RSSI: -88 [da:0d:3b:00:0a:8e]
RSSI: -87 [da:0d:3b:0d:0a:be]
RSSI: -88 [da:0a:31:f3:0a:4a]
RSSI: -86 [da:0d:3b:0d:0a:be]
RSSI: -91 [da:0f:d6:c5:0e:bc]
RSSI: -86 [da:0f:d6:c5:0e:bc]
RSSI: -87 [da:0d:3b:1d:0a:ee]
RSSI: -88 [da:0a:32:00:0a:7a]
RSSI: -87 [da:0f:d6:d1:0e:ec]
RSSI: -87 [da:0f:d6:d1:0e:ec]
RSSI: -87 [da:0d:3b:2c:0b:0e]
RSSI: -87 [da:0a:32:0f:0a:9a]
RSSI: -86 [da:0d:3b:2c:0b:0e]
RSSI: -90 [da:0a:32:1e:0a:ca]
RSSI: -88 [da:0d:3b:39:0b:3e]
RSSI: -84 [da:0f:d6:ec:0f:3c]
RSSI: -88 [da:0d:3b:48:0b:6e]
RSSI: -93 [da:0a:32:2b:0a:ea]
RSSI: -87 [da:0d:3b:58:0b:8e]
RSSI: -90 [da:0f:d7:07:0f:8c]
RSSI: -88 [da:0d:3b:58:0b:8e]
RSSI: -85 [da:0f:d7:07:0f:8c]
RSSI: -84 [da:0f:d7:14:0f:bc]
RSSI: -84 [da:0f:d7:14:0f:bc]
RSSI: -83 [da:0f:d7:21:0f:ec]
RSSI: -82 [da:0f:d7:21:0f:ec]
RSSI: -82 [da:0d:3b:84:0c:0e]
RSSI: -85 [da:0f:d7:2f:10:0c]
RSSI: -82 [da:0d:3b:84:0c:0e]
RSSI: -82 [da:0f:d7:2f:10:0c]
RSSI: -81 [da:0f:d7:3c:10:3c]
RSSI: -86 [da:0f:d7:3c:10:3c]
RSSI: -79 [da:0d:3b:91:0c:3e]
RSSI: -83 [da:0f:d7:49:10:5c]
RSSI: -77 [da:0d:3b:a0:0c:5e]
RSSI: -88 [da:0f:d7:56:10:8c]
RSSI: -76 [da:0d:3b:b0:0c:8e]
RSSI: -76 [da:0d:3b:b0:0c:8e]
RSSI: -77 [da:0d:3b:b0:0c:8e]
RSSI: -76 [da:0d:3b:bd:0c:be]
RSSI: -75 [da:0d:3b:bd:0c:be]
RSSI: -90 [da:0f:d7:71:10:dc]
RSSI: -75 [da:0d:3b:cc:0c:de]
RSSI: -75 [da:0d:3b:cc:0c:de]
RSSI: -77 [da:0d:3b:dc:0d:0e]
RSSI: -76 [da:0d:3b:dc:0d:0e]
RSSI: -75 [da:0d:3b:e9:0d:3e]
RSSI: -77 [da:0d:3b:e9:0d:3e]
RSSI: -76 [da:0d:3b:f8:0d:6e]
RSSI: -75 [da:0d:3c:08:0d:8e]
RSSI: -76 [da:0d:3c:15:0d:be]
RSSI: -87 [da:0f:d7:c0:11:dc]
RSSI: -76 [da:0d:3c:15:0d:be]
RSSI: -87 [da:0f:d7:ce:12:0c]
RSSI: -89 [da:0f:d7:ce:12:0c]
RSSI: -76 [da:0d:3c:24:0d:ee]
RSSI: -87 [da:0f:d7:dc:12:3c]
RSSI: -77 [da:0d:3c:34:0e:0e]
RSSI: -85 [da:0f:d7:dc:12:3c]
RSSI: -76 [da:0d:3c:41:0e:3e]
RSSI: -83 [da:0f:d7:e8:12:5c]
RSSI: -76 [da:0d:3c:41:0e:3e]
RSSI: -82 [da:0f:d7:f6:12:8c]
RSSI: -77 [da:0d:3c:41:0e:3e]
RSSI: -84 [da:0f:d7:f6:12:8c]
RSSI: -82 [da:0f:d8:04:12:ac]
RSSI: -76 [da:0d:3c:51:0e:6e]
RSSI: -81 [da:0f:d8:04:12:ac]
RSSI: -76 [da:0d:3c:60:0e:8e]
RSSI: -82 [da:0f:d8:10:12:dc]
RSSI: -78 [da:0d:3c:6d:0e:be]
RSSI: -78 [da:0d:3c:6d:0e:be]
RSSI: -76 [da:0d:3c:6d:0e:be]
RSSI: -84 [da:0f:d8:1e:13:0c]
RSSI: -77 [da:0d:3c:7d:0e:de]
RSSI: -79 [da:0d:3c:7d:0e:de]
RSSI: -91 [da:0a:33:69:0e:7a]
RSSI: -78 [da:0d:3c:8c:0f:0e]
RSSI: -80 [da:0f:d8:38:13:5c]
RSSI: -79 [da:0d:3c:99:0f:2e]
RSSI: -82 [da:0f:d8:46:13:8c]
RSSI: -80 [da:0d:3c:99:0f:2e]
RSSI: -81 [da:0f:d8:53:13:ac]
RSSI: -83 [da:0d:3c:a9:0f:5e]
RSSI: -82 [da:0d:3c:a9:0f:5e]
RSSI: -82 [da:0f:d8:60:13:dc]
RSSI: -88 [da:0f:d8:6e:13:fc]
RSSI: -85 [da:0d:3c:c5:0f:ae]
RSSI: -85 [da:0f:d8:6e:13:fc]
RSSI: -83 [da:0f:d8:7b:14:2c]
RSSI: -84 [da:0f:d8:7b:14:2c]
RSSI: -86 [da:0d:3c:d5:0f:de]
RSSI: -89 [da:0d:3c:e4:10:0e]
RSSI: -86 [da:0d:3d:01:10:5e]
RSSI: -85 [da:0d:3d:01:10:5e]
RSSI: -89 [da:0f:d8:b0:14:cc]
RSSI: -86 [da:0d:3d:01:10:5e]
RSSI: -93 [da:0f:d8:cb:15:2c]
RSSI: -89 [da:0d:3d:1d:10:ae]
RSSI: -91 [da:0f:d8:cb:15:2c]
RSSI: -87 [da:0d:3d:59:11:5e]
RSSI: -92 [da:0d:3d:69:11:8e]
RSSI: -90 [da:0f:d9:28:16:4c]
RSSI: -90 [da:0f:d9:28:16:4c]
RSSI: -86 [da:0f:d9:36:16:7c]
RSSI: -95 [da:0f:d9:44:00:2c]
RSSI: -89 [da:0f:d9:50:00:5c]
RSSI: -94 [da:0d:3d:c1:12:8e]
RSSI: -88 [da:0f:d9:78:00:dc]
RSSI: -95 [da:0d:3d:ce:12:ae]
RSSI: -95 [da:0d:3d:de:12:de]
RSSI: -88 [da:0f:d9:a0:01:4c]
RSSI: -90 [da:0f:d9:a0:01:4c]
RSSI: -90 [da:0f:d9:ae:01:7c]
RSSI: -94 [da:0d:3d:fa:13:2e]
RSSI: -91 [da:0f:d9:ae:01:7c]
RSSI: -89 [da:0f:d9:bc:01:ac]
RSSI: -95 [da:0d:3e:36:13:de]
RSSI: -90 [da:0a:35:1c:13:4a]
RSSI: -86 [da:0f:d9:e4:02:2c]
RSSI: -89 [da:0a:35:2b:13:6a]
RSSI: -90 [da:0a:35:38:13:8a]
RSSI: -89 [da:0d:3e:72:14:7e]
RSSI: -92 [da:0a:35:63:14:0a]
RSSI: -92 [da:0a:35:63:14:0a]
RSSI: -89 [da:0d:3e:8f:14:de]
RSSI: -89 [da:0d:3e:8f:14:de]
RSSI: -89 [da:0d:3e:9e:14:fe]
RSSI: -91 [da:0a:35:8f:14:8a]
RSSI: -91 [da:0f:da:5c:03:ac]
RSSI: -89 [da:0d:3e:bb:15:5e]
RSSI: -89 [da:0d:3e:bb:15:5e]
RSSI: -85 [da:0d:3e:cb:15:7e]
RSSI: -87 [da:0d:3e:cb:15:7e]
RSSI: -86 [da:0d:3e:d7:15:ae]
RSSI: -88 [da:0d:3e:e7:15:ce]
RSSI: -90 [da:0f:da:b9:04:cc]
RSSI: -90 [da:0d:3f:23:00:2e]
RSSI: -90 [da:0d:3f:23:00:2e]
RSSI: -95 [da:0f:da:e2:05:3c]
RSSI: -89 [da:0d:3f:30:00:4e]
RSSI: -93 [da:0a:36:17:16:0a]
RSSI: -91 [da:0d:3f:40:00:7e]
RSSI: -91 [da:0d:3f:50:00:ae]
RSSI: -92 [da:0a:36:43:00:2a]
RSSI: -89 [da:0a:36:43:00:2a]
RSSI: -89 [da:0a:36:53:00:4a]
RSSI: -86 [da:0a:36:62:00:7a]
RSSI: -86 [da:0a:36:62:00:7a]
RSSI: -86 [da:0a:36:6f:00:9a]
RSSI: -92 [da:0f:db:4e:06:9c]
RSSI: -89 [da:0a:36:8e:00:fa]
RSSI: -88 [da:0f:db:5a:06:cc]
RSSI: -89 [da:0f:db:68:06:ec]
RSSI: -89 [da:0a:36:9b:01:1a]
RSSI: -87 [da:0f:db:68:06:ec]
RSSI: -88 [da:0f:db:76:07:1c]
RSSI: -91 [da:0a:36:d6:01:ca]
RSSI: -90 [da:0f:db:ab:07:cc]
RSSI: -96 [da:0a:36:f2:02:0a]
RSSI: -94 [da:0a:37:02:02:3a]
RSSI: -90 [da:0f:db:e1:08:7c]
RSSI: -89 [da:0a:37:2d:02:ba]
RSSI: -91 [da:0a:37:49:02:fa]
RSSI: -89 [da:0a:37:49:02:fa]
RSSI: -89 [da:0a:37:68:03:5a]
RSSI: -90 [da:0a:37:85:03:aa]
RSSI: -86 [da:0a:37:85:03:aa]
RSSI: -91 [da:0a:37:a1:03:fa]
RSSI: -84 [da:0a:37:b0:04:2a]
RSSI: -84 [da:0a:37:c0:04:4a]
RSSI: -89 [da:0a:37:cd:04:6a]
RSSI: -91 [da:0a:37:dc:04:9a]
RSSI: -87 [da:0a:37:dc:04:9a]
RSSI: -83 [da:0a:37:ec:04:ca]
RSSI: -87 [da:0a:37:ec:04:ca]
RSSI: -79 [da:0a:37:f8:04:ea]
RSSI: -81 [da:0a:38:08:05:1a]
RSSI: -83 [da:0a:38:18:05:4a]
RSSI: -81 [da:0a:38:24:05:6a]
RSSI: -99 [da:0f:dc:ee:0b:dc]
RSSI: -74 [da:0a:38:34:05:9a]
RSSI: -78 [da:0a:38:43:05:ca]
RSSI: -77 [da:0a:38:50:05:ea]
RSSI: -76 [da:0a:38:50:05:ea]
RSSI: -76 [da:0a:38:50:05:ea]
RSSI: -75 [da:0a:38:60:06:1a]
RSSI: -75 [da:0a:38:6f:06:4a]
RSSI: -74 [da:0a:38:7c:06:6a]
RSSI: -75 [da:0a:38:7c:06:6a]
RSSI: -74 [da:0a:38:8c:06:9a]
RSSI: -91 [da:0d:41:ae:07:7e]
RSSI: -75 [da:0a:38:8c:06:9a]
RSSI: -76 [da:0a:38:9b:06:ba]
RSSI: -92 [da:0d:41:be:07:ae]
RSSI: -92 [da:0d:41:be:07:ae]
RSSI: -76 [da:0a:38:a8:06:ea]
RSSI: -91 [da:0f:dd:76:0d:8c]
RSSI: -76 [da:0a:38:a8:06:ea]
RSSI: -76 [da:0a:38:b7:07:0a]
RSSI: -75 [da:0a:38:b7:07:0a]
RSSI: -76 [da:0a:38:c7:07:3a]
RSSI: -77 [da:0a:38:d4:07:5a]
RSSI: -75 [da:0a:38:d4:07:5a]
RSSI: -87 [da:0f:dd:ac:0e:3c]
RSSI: -74 [da:0a:38:e3:07:8a]
RSSI: -78 [da:0a:38:e3:07:8a]
RSSI: -77 [da:0a:38:f3:07:ba]
RSSI: -74 [da:0a:38:f3:07:ba]
RSSI: -78 [da:0a:38:ff:07:da]
RSSI: -87 [da:0f:dd:c7:0e:8c]
RSSI: -78 [da:0a:38:ff:07:da]
RSSI: -88 [da:0f:dd:d4:0e:bc]
RSSI: -89 [da:0d:42:24:08:de]
RSSI: -88 [da:0f:dd:d4:0e:bc]
RSSI: -82 [da:0a:39:0f:08:0a]
RSSI: -80 [da:0a:39:0f:08:0a]
RSSI: -78 [da:0a:39:1f:08:3a]
RSSI: -87 [da:0d:42:44:09:2e]
RSSI: -81 [da:0f:dd:ef:0f:0c]
RSSI: -87 [da:0d:42:44:09:2e]
RSSI: -82 [da:0a:39:2b:08:5a]
RSSI: -83 [da:0f:dd:fd:0f:3c]
RSSI: -82 [da:0a:39:2b:08:5a]
RSSI: -86 [da:0f:dd:fd:0f:3c]
RSSI: -83 [da:0f:de:0a:0f:5c]
RSSI: -84 [da:0a:39:4b:08:aa]
RSSI: -91 [da:0d:42:70:09:ae]
RSSI: -86 [da:0a:39:57:08:da]
RSSI: -84 [da:0f:de:26:0f:bc]
RSSI: -86 [da:0d:42:7d:09:de]
RSSI: -85 [da:0a:39:57:08:da]
RSSI: -83 [da:0a:39:77:09:2a]
RSSI: -89 [da:0d:42:8d:0a:0e]
RSSI: -79 [da:0f:de:40:10:0c]
RSSI: -81 [da:0f:de:4e:10:3c]
RSSI: -78 [da:0f:de:4e:10:3c]
RSSI: -84 [da:0a:39:83:09:4a]
RSSI: -77 [da:0f:de:5b:10:5c]
RSSI: -81 [da:0f:de:5b:10:5c]
RSSI: -89 [da:0d:42:ba:0a:8e]
RSSI: -80 [da:0f:de:69:10:8c]
RSSI: -88 [da:0d:42:ba:0a:8e]
RSSI: -84 [da:0a:39:a3:09:aa]
RSSI: -79 [da:0f:de:69:10:8c]
RSSI: -88 [da:0f:de:77:10:bc]
RSSI: -88 [da:0a:39:bf:09:fa]
RSSI: -87 [da:0d:42:e6:0b:0e]
RSSI: -81 [da:0f:de:9f:11:3c]
RSSI: -80 [da:0f:de:9f:11:3c]
RSSI: -84 [da:0a:39:db:0a:4a]
RSSI: -76 [da:0f:de:ac:11:6c]
RSSI: -85 [da:0a:39:eb:0a:7a]
RSSI: -76 [da:0f:de:ba:11:9c]
RSSI: -85 [da:0a:39:eb:0a:7a]
RSSI: -74 [da:0f:de:ba:11:9c]
RSSI: -72 [da:0f:de:c8:11:bc]
RSSI: -91 [da:0d:43:23:0b:ae]
RSSI: -72 [da:0f:de:d5:11:ec]
RSSI: -72 [da:0f:de:d5:11:ec]
RSSI: -70 [da:0f:de:d5:11:ec]
RSSI: -70 [da:0f:de:e3:12:1c]
RSSI: -91 [da:0a:3a:26:0b:1a]
RSSI: -69 [da:0f:de:f1:12:4c]
RSSI: -87 [da:0a:3a:26:0b:1a]
RSSI: -70 [da:0f:de:f1:12:4c]
RSSI: -84 [da:0d:43:50:0c:3e]
RSSI: -70 [da:0f:de:fe:12:6c]
RSSI: -83 [da:0d:43:50:0c:3e]
RSSI: -69 [da:0f:de:fe:12:6c]
RSSI: -70 [da:0f:df:0c:12:9c]
RSSI: -82 [da:0d:43:5c:0c:5e]
RSSI: -70 [da:0f:df:0c:12:9c]
RSSI: -79 [da:0d:43:6c:0c:8e]
RSSI: -68 [da:0f:df:1a:12:cc]
RSSI: -82 [da:0d:43:6c:0c:8e]
RSSI: -69 [da:0f:df:26:12:ec]
RSSI: -79 [da:0d:43:89:0c:de]
RSSI: -71 [da:0f:df:34:13:1c]
RSSI: -79 [da:0d:43:89:0c:de]
RSSI: -70 [da:0f:df:34:13:1c]
RSSI: -70 [da:0f:df:42:13:4c]
RSSI: -72 [da:0f:df:42:13:4c]
RSSI: -78 [da:0d:43:99:0d:0e]
RSSI: -71 [da:0f:df:4f:13:6c]
RSSI: -75 [da:0d:43:a9:0d:3e]
RSSI: -71 [da:0f:df:4f:13:6c]
RSSI: -75 [da:0d:43:a9:0d:3e]
RSSI: -76 [da:0d:43:a9:0d:3e]
RSSI: -74 [da:0f:df:5d:13:9c]
RSSI: -73 [da:0f:df:5d:13:9c]
RSSI: -77 [da:0d:43:b6:0d:5e]
RSSI: -75 [da:0d:43:b6:0d:5e]
RSSI: -75 [da:0f:df:6b:13:cc]
RSSI: -76 [da:0d:43:c6:0d:8e]
RSSI: -75 [da:0f:df:78:13:ec]
RSSI: -74 [da:0d:43:d6:0d:be]
RSSI: -76 [da:0d:43:d6:0d:be]
RSSI: -77 [da:0f:df:86:14:1c]
RSSI: -73 [da:0d:43:e2:0d:de]
RSSI: -82 [da:0f:df:94:14:4c]
RSSI: -83 [da:0f:df:94:14:4c]
RSSI: -77 [da:0d:43:f3:0e:0e]
RSSI: -73 [da:0d:43:f3:0e:0e]
RSSI: -87 [da:0f:df:a6:14:7c]
RSSI: -75 [da:0d:44:03:0e:3e]
RSSI: -87 [da:0f:df:a6:14:7c]
RSSI: -73 [da:0d:44:0f:0e:5e]
RSSI: -75 [da:0d:44:0f:0e:5e]
RSSI: -87 [da:0f:df:c4:14:dc]
RSSI: -86 [da:0f:df:c4:14:dc]
RSSI: -74 [da:0d:44:1f:0e:8e]
RSSI: -76 [da:0d:44:1f:0e:8e]
RSSI: -84 [da:0f:df:d0:15:0c]
RSSI: -79 [da:0d:44:2f:0e:be]
RSSI: -80 [da:0d:44:2f:0e:be]
RSSI: -76 [da:0d:44:2f:0e:be]
RSSI: -88 [da:0f:df:df:15:2c]
RSSI: -77 [da:0d:44:3c:0e:de]
RSSI: -84 [da:0f:df:ed:15:5c]
RSSI: -80 [da:0d:44:3c:0e:de]
RSSI: -82 [da:0f:df:f9:15:8c]
RSSI: -78 [da:0d:44:5c:0f:3e]
RSSI: -81 [da:0d:44:5c:0f:3e]
RSSI: -89 [da:0f:e0:07:15:ac]
RSSI: -92 [da:0f:e0:15:15:dc]
RSSI: -80 [da:0d:44:69:0f:5e]
RSSI: -87 [da:0a:3b:5b:0e:8a]
RSSI: -85 [da:0d:44:79:0f:8e]
RSSI: -82 [da:0d:44:79:0f:8e]
RSSI: -85 [da:0d:44:96:0f:ee]
RSSI: -87 [da:0a:3b:77:0e:da]
RSSI: -90 [da:0f:e0:4b:00:0c]
RSSI: -85 [da:0d:44:a6:10:1e]
RSSI: -90 [da:0a:3b:87:0f:0a]
RSSI: -86 [da:0d:44:a6:10:1e]
RSSI: -87 [da:0f:e0:59:00:2c]
RSSI: -90 [da:0a:3b:94:0f:2a]
RSSI: -88 [da:0d:44:b6:10:4e]
RSSI: -85 [da:0d:44:b6:10:4e]
RSSI: -91 [da:0f:e0:67:00:5c]
RSSI: -86 [da:0d:44:c2:10:6e]
RSSI: -89 [da:0f:e0:74:00:7c]
RSSI: -88 [da:0a:3b:a4:0f:5a]
RSSI: -88 [da:0d:44:c2:10:6e]
RSSI: -86 [da:0d:44:d3:10:9e]
RSSI: -87 [da:0d:44:e3:10:ce]
RSSI: -89 [da:0a:3b:c0:0f:aa]
RSSI: -88 [da:0d:44:e3:10:ce]
RSSI: -89 [da:0f:e0:90:00:dc]
RSSI: -92 [da:0a:3b:d0:0f:da]
RSSI: -87 [da:0d:44:ef:10:ee]
RSSI: -89 [da:0f:e0:b9:01:5c]
RSSI: -91 [da:0a:3b:ec:10:2a]
RSSI: -92 [da:0a:3b:ec:10:2a]
RSSI: -88 [da:0d:45:1c:11:6e]
RSSI: -86 [da:0f:e0:c5:01:8c]
RSSI: -89 [da:0d:45:1c:11:6e]
RSSI: -88 [da:0f:e0:d3:01:bc]
RSSI: -88 [da:0d:45:2c:11:9e]
RSSI: -88 [da:0f:e0:e1:01:dc]
RSSI: -88 [da:0f:e0:fc:02:3c]
RSSI: -87 [da:0f:e0:fc:02:3c]
RSSI: -86 [da:0f:e1:0a:02:5c]
RSSI: -89 [da:0d:45:69:12:4e]
RSSI: -87 [da:0f:e1:17:02:8c]
RSSI: -87 [da:0f:e1:17:02:8c]
RSSI: -88 [da:0f:e1:25:02:bc]
RSSI: -99 [da:08:58:69:13:bb]
RSSI: -89 [da:0f:e1:25:02:bc]
RSSI: -90 [da:0d:45:76:12:6e]
RSSI: -91 [da:0f:e1:4e:03:3c]
RSSI: -88 [da:0f:e1:5c:03:6c]
RSSI: -92 [da:0f:e1:77:03:bc]
RSSI: -92 [da:0d:45:d8:13:8e]
RSSI: -89 [da:0f:e1:92:04:0c]
RSSI: -90 [da:0d:46:02:14:0e]
RSSI: -85 [da:0f:e1:ba:04:8c]
RSSI: -89 [da:0a:3c:f5:13:1a]
RSSI: -86 [da:0f:e1:c9:04:bc]
RSSI: -89 [da:0d:46:28:14:7e]
RSSI: -87 [da:0f:e1:d7:04:ec]
RSSI: -92 [da:0a:3d:15:13:7a]
RSSI: -90 [da:0d:46:35:14:9e]
RSSI: -91 [da:0a:3d:15:13:7a]
RSSI: -86 [da:0a:3d:31:13:ca]
RSSI: -89 [da:0d:46:5b:14:fe]
RSSI: -85 [da:0a:3d:41:13:ea]
RSSI: -83 [da:0a:3d:4e:14:1a]
RSSI: -84 [da:0a:3d:4e:14:1a]
RSSI: -85 [da:0a:3d:4e:14:1a]
RSSI: -89 [da:0d:46:74:15:4e]
RSSI: -87 [da:0a:3d:5e:14:3a]
RSSI: -88 [da:0f:e2:29:05:ec]
RSSI: -88 [da:0d:46:81:15:6e]
RSSI: -83 [da:0a:3d:5e:14:3a]
RSSI: -88 [da:0d:46:8d:15:8e]
RSSI: -88 [da:0a:3d:7a:14:8a]
RSSI: -86 [da:0d:46:9a:15:be]
RSSI: -86 [da:0a:3d:7a:14:8a]
RSSI: -88 [da:08:59:9f:00:bb]
RSSI: -86 [da:0a:3d:9a:14:ea]
RSSI: -88 [da:0d:46:b3:15:fe]
RSSI: -89 [da:0d:46:cd:16:4e]
RSSI: -88 [da:08:59:b9:01:0b]
RSSI: -89 [da:0d:46:cd:16:4e]
RSSI: -84 [da:0a:3d:b6:15:3a]
RSSI: -88 [da:0f:e2:87:07:1c]
RSSI: -84 [da:0a:3d:b6:15:3a]
RSSI: -83 [da:0a:3d:c6:15:6a]
RSSI: -85 [da:0a:3d:c6:15:6a]
RSSI: -88 [da:0f:e2:96:07:4c]
RSSI: -88 [da:08:59:e1:01:7b]
RSSI: -80 [da:0a:3d:d3:15:8a]
RSSI: -83 [da:0a:3d:e3:15:ba]
RSSI: -79 [da:0a:3d:e3:15:ba]
RSSI: -82 [da:0a:3d:f3:15:ea]
RSSI: -89 [da:0f:e2:bf:07:cc]
RSSI: -82 [da:0a:3d:f3:15:ea]
RSSI: -82 [da:0a:3d:ff:16:0a]
RSSI: -81 [da:0a:3e:0f:16:3a]
RSSI: -80 [da:0a:3e:0f:16:3a]
RSSI: -81 [da:0a:3e:1f:00:2a]
RSSI: -81 [da:0a:3e:1f:00:2a]
RSSI: -81 [da:0a:3e:1f:00:2a]
RSSI: -79 [da:0a:3e:2c:00:4a]
RSSI: -79 [da:0a:3e:3c:00:7a]
RSSI: -80 [da:0a:3e:3c:00:7a]
RSSI: -80 [da:0a:3e:4b:00:aa]
RSSI: -81 [da:0a:3e:58:00:ca]
RSSI: -81 [da:0a:3e:58:00:ca]
RSSI: -89 [da:0a:3e:68:00:fa]
RSSI: -84 [da:0a:3e:78:01:2a]
RSSI: -93 [da:0f:e3:55:09:ac]
RSSI: -88 [da:0a:3e:84:01:4a]
RSSI: -84 [da:0a:3e:94:01:7a]
RSSI: -83 [da:0a:3e:94:01:7a]
RSSI: -86 [da:0a:3e:a4:01:aa]
RSSI: -86 [da:0a:3e:b1:01:ca]
RSSI: -85 [da:0f:e3:7e:0a:2c]
RSSI: -86 [da:0a:3e:b1:01:ca]
RSSI: -86 [da:0f:e3:7e:0a:2c]
RSSI: -86 [da:0f:e3:a7:0a:bc]
RSSI: -89 [da:0a:3e:dd:02:4a]
RSSI: -87 [da:0f:e3:a7:0a:bc]
RSSI: -86 [da:0f:e3:b5:0a:dc]
RSSI: -89 [da:0f:e3:c3:0b:0c]
RSSI: -90 [da:0f:e3:d0:0b:3c]
RSSI: -88 [da:0a:3f:0a:02:ca]
RSSI: -89 [da:0a:3f:2a:03:1a]
RSSI: -88 [da:0a:3f:36:03:4a]
RSSI: -89 [da:0a:3f:56:03:9a]
RSSI: -88 [da:0f:e4:22:0c:3c]
RSSI: -90 [da:0a:3f:63:03:ba]
RSSI: -84 [da:0a:3f:73:03:ea]
RSSI: -83 [da:0a:3f:83:04:1a]
RSSI: -81 [da:0a:3f:8f:04:3a]
RSSI: -95 [da:0d:48:b1:05:7e]
RSSI: -81 [da:0a:3f:8f:04:3a]
RSSI: -78 [da:0a:3f:9f:04:6a]
RSSI: -80 [da:0a:3f:af:04:9a]
RSSI: -88 [da:0f:e4:75:0d:4c]
RSSI: -78 [da:0a:3f:af:04:9a]
RSSI: -88 [da:0f:e4:75:0d:4c]
RSSI: -78 [da:0a:3f:bc:04:ba]
RSSI: -76 [da:0a:3f:bc:04:ba]
RSSI: -76 [da:0a:3f:cc:04:ea]
RSSI: -92 [da:0f:e4:9e:0d:cc]
RSSI: -70 [da:0a:3f:dc:05:1a]
RSSI: -71 [da:0a:3f:e8:05:3a]
RSSI: -71 [da:0a:3f:e8:05:3a]
RSSI: -71 [da:0a:3f:f8:05:6a]
RSSI: -70 [da:0a:40:08:05:9a]
RSSI: -65 [da:0a:40:15:05:ba]
RSSI: -70 [da:0a:40:15:05:ba]
RSSI: -68 [da:0a:40:25:05:ea]
RSSI: -64 [da:0a:40:25:05:ea]
RSSI: -64 [da:0a:40:25:05:ea]
RSSI: -69 [da:0a:40:35:06:0a]
RSSI: -68 [da:0a:40:35:06:0a]
RSSI: -69 [da:0a:40:41:06:3a]
RSSI: -67 [da:0a:40:41:06:3a]
RSSI: -69 [da:0a:40:51:06:6a]
RSSI: -93 [da:0d:49:71:07:9e]
RSSI: -68 [da:0a:40:61:06:8a]
RSSI: -63 [da:0a:40:61:06:8a]
RSSI: -68 [da:0a:40:6e:06:ba]
RSSI: -69 [da:0a:40:7e:06:da]
RSSI: -68 [da:0a:40:7e:06:da]
RSSI: -90 [da:0f:e5:51:10:0c]
RSSI: -70 [da:0a:40:8e:07:0a]
RSSI: -70 [da:0a:40:8e:07:0a]
RSSI: -65 [da:0a:40:9a:07:3a]
RSSI: -65 [da:0a:40:9a:07:3a]
RSSI: -69 [da:0a:40:ab:07:5a]
RSSI: -86 [da:0f:e5:7b:10:9c]
RSSI: -66 [da:0a:40:ab:07:5a]
RSSI: -72 [da:0a:40:ba:07:8a]
RSSI: -85 [da:0f:e5:89:10:cc]
RSSI: -70 [da:0a:40:ba:07:8a]
RSSI: -87 [da:0f:e5:89:10:cc]
RSSI: -72 [da:0a:40:c7:07:aa]
RSSI: -72 [da:0a:40:c7:07:aa]
RSSI: -87 [da:0f:e5:95:10:ec]
RSSI: -90 [da:0f:e5:a4:11:1c]
RSSI: -74 [da:0a:40:e7:08:0a]
RSSI: -92 [da:0d:49:fe:09:3e]
RSSI: -73 [da:0a:40:e7:08:0a]
RSSI: -91 [da:0d:4a:0b:09:5e]
RSSI: -90 [da:0d:4a:17:09:8e]
RSSI: -77 [da:0a:40:f4:08:2a]
RSSI: -88 [da:0d:4a:17:09:8e]
RSSI: -80 [da:0a:41:04:08:5a]
RSSI: -88 [da:0f:e5:cd:11:9c]
RSSI: -82 [da:0a:41:04:08:5a]
RSSI: -84 [da:0f:e5:dc:11:cc]
RSSI: -88 [da:0d:4a:31:09:ce]
RSSI: -88 [da:0a:41:14:08:8a]
RSSI: -88 [da:0d:4a:31:09:ce]
RSSI: -83 [da:0a:41:14:08:8a]
RSSI: -85 [da:0d:4a:3e:09:ee]
RSSI: -89 [da:0f:e5:e8:11:ec]
RSSI: -88 [da:0d:4a:3e:09:ee]
RSSI: -78 [da:0f:e5:e8:11:ec]
RSSI: -81 [da:0a:41:20:08:aa]
RSSI: -87 [da:0d:4a:4b:0a:1e]
RSSI: -86 [da:0f:e5:f7:12:1c]
RSSI: -86 [da:0d:4a:4b:0a:1e]
RSSI: -80 [da:0a:41:30:08:da]
RSSI: -87 [da:0d:4a:4b:0a:1e]
RSSI: -78 [da:0a:41:30:08:da]
RSSI: -89 [da:0d:4a:58:0a:3e]
RSSI: -79 [da:0a:41:40:09:0a]
RSSI: -78 [da:0a:41:40:09:0a]
RSSI: -90 [da:0d:4a:64:0a:5e]
RSSI: -78 [da:0a:41:4d:09:2a]
RSSI: -78 [da:0a:41:4d:09:2a]
RSSI: -77 [da:0a:41:4d:09:2a]
RSSI: -71 [da:0f:e6:20:12:9c]
RSSI: -79 [da:0a:41:5d:09:5a]
RSSI: -73 [da:0f:e6:2e:12:cc]
RSSI: -79 [da:0a:41:5d:09:5a]
RSSI: -80 [da:0a:41:6d:09:8a]
RSSI: -80 [da:0a:41:6d:09:8a]
RSSI: -69 [da:0f:e6:3b:12:ec]
RSSI: -88 [da:0d:4a:98:0a:ee]
RSSI: -72 [da:0f:e6:3b:12:ec]
RSSI: -89 [da:0d:4a:98:0a:ee]
RSSI: -82 [da:0a:41:7a:09:aa]
RSSI: -69 [da:0f:e6:49:13:1c]
RSSI: -69 [da:0f:e6:49:13:1c]
RSSI: -80 [da:0a:41:8a:09:da]
RSSI: -71 [da:0f:e6:58:13:4c]
RSSI: -82 [da:0a:41:8a:09:da]
RSSI: -91 [da:0d:4a:b1:0b:3e]
RSSI: -78 [da:0a:41:9a:0a:0a]
RSSI: -87 [da:0d:4a:be:0b:5e]
RSSI: -80 [da:0a:41:9a:0a:0a]
RSSI: -90 [da:0d:4a:be:0b:5e]
RSSI: -71 [da:0f:e6:73:13:9c]
RSSI: -77 [da:0a:41:a6:0a:2a]
RSSI: -71 [da:0f:e6:73:13:9c]
RSSI: -72 [da:0f:e6:73:13:9c]
RSSI: -71 [da:0f:e6:81:13:cc]
RSSI: -77 [da:0a:41:b7:0a:5a]
RSSI: -74 [da:0f:e6:8e:13:fc]
RSSI: -81 [da:0a:41:c6:0a:8a]
RSSI: -74 [da:0f:e6:8e:13:fc]
RSSI: -81 [da:0a:41:c6:0a:8a]
RSSI: -73 [da:0f:e6:8e:13:fc]
RSSI: -82 [da:0a:41:c6:0a:8a]
RSSI: -81 [da:0a:41:d3:0a:aa]
RSSI: -77 [da:0f:e6:9c:14:2c]
RSSI: -82 [da:0a:41:d3:0a:aa]
RSSI: -92 [da:0d:4a:ff:0c:1e]
RSSI: -80 [da:0f:e6:ab:14:5c]
RSSI: -86 [da:0f:e6:ab:14:5c]
RSSI: -83 [da:0a:41:e3:0a:da]
RSSI: -87 [da:0f:e6:b7:14:7c]
RSSI: -83 [da:0a:41:f3:0b:0a]
RSSI: -87 [da:0f:e6:b7:14:7c]
RSSI: -80 [da:0a:41:f3:0b:0a]
RSSI: -86 [da:0d:4b:18:0c:6e]
RSSI: -89 [da:0d:4b:25:0c:9e]
RSSI: -85 [da:0a:42:10:0b:5a]
RSSI: -84 [da:0d:4b:32:0c:be]
RSSI: -84 [da:0a:42:10:0b:5a]
RSSI: -80 [da:0f:e6:e1:14:fc]
RSSI: -85 [da:0a:42:10:0b:5a]
RSSI: -80 [da:0f:e6:e1:14:fc]
RSSI: -82 [da:0a:42:20:0b:8a]
RSSI: -86 [da:0d:4b:3f:0c:de]
RSSI: -83 [da:0d:4b:3f:0c:de]
RSSI: -82 [da:0f:e6:ef:15:2c]
RSSI: -86 [da:0a:42:20:0b:8a]
RSSI: -83 [da:0d:4b:3f:0c:de]
RSSI: -81 [da:0f:e6:ef:15:2c]
RSSI: -87 [da:0d:4b:4c:0d:0e]
RSSI: -83 [da:0f:e6:fd:15:5c]
RSSI: -83 [da:0f:e6:fd:15:5c]
RSSI: -82 [da:0d:4b:58:0d:2e]
RSSI: -84 [da:0f:e6:fd:15:5c]
RSSI: -87 [da:0d:4b:58:0d:2e]
RSSI: -87 [da:0a:42:3d:0b:da]
RSSI: -85 [da:0f:e7:0a:15:8c]
RSSI: -82 [da:0d:4b:65:0d:4e]
RSSI: -87 [da:0a:42:4d:0c:0a]
RSSI: -82 [da:0f:e7:19:15:ac]
RSSI: -86 [da:0d:4b:72:0d:6e]
RSSI: -88 [da:0a:42:4d:0c:0a]
RSSI: -84 [da:0d:4b:72:0d:6e]
RSSI: -88 [da:0f:e7:27:15:dc]
RSSI: -81 [da:0d:4b:7f:0d:9e]
RSSI: -87 [da:0a:42:59:0c:2a]
RSSI: -86 [da:0d:4b:7f:0d:9e]
RSSI: -85 [da:0a:42:6a:0c:5a]
RSSI: -82 [da:0d:4b:8c:0d:be]
RSSI: -87 [da:0a:42:6a:0c:5a]
RSSI: -85 [da:0a:42:7a:0c:8a]
RSSI: -93 [da:0f:e7:42:16:3c]
RSSI: -87 [da:0d:4b:99:0d:de]
RSSI: -85 [da:0a:42:7a:0c:8a]
RSSI: -82 [da:0d:4b:99:0d:de]
RSSI: -82 [da:0d:4b:a6:0e:0e]
RSSI: -88 [da:0d:4b:a6:0e:0e]
RSSI: -87 [da:0f:e7:5d:00:0c]
RSSI: -84 [da:0a:42:96:0c:da]
RSSI: -90 [da:0d:4b:c0:0e:4e]
RSSI: -84 [da:0a:42:a6:0c:fa]
RSSI: -86 [da:0f:e7:7a:00:5c]
RSSI: -91 [da:0d:4b:cc:0e:6e]
RSSI: -84 [da:0a:42:b3:0d:2a]
RSSI: -90 [da:0d:4b:d9:0e:9e]
RSSI: -83 [da:0a:42:c3:0d:5a]
RSSI: -93 [da:0f:e7:87:00:8c]
RSSI: -83 [da:0a:42:c3:0d:5a]
RSSI: -81 [da:0d:4b:e6:0e:be]
RSSI: -84 [da:0a:42:d3:0d:7a]
RSSI: -84 [da:0a:42:d3:0d:7a]
RSSI: -83 [da:0a:42:d3:0d:7a]
RSSI: -83 [da:0a:42:d3:0d:7a]
RSSI: -86 [da:0f:e7:a3:00:dc]
RSSI: -83 [da:0a:42:e0:0d:aa]
RSSI: -87 [da:0f:e7:b0:01:0c]
RSSI: -83 [da:0d:4c:0d:0f:2e]
RSSI: -85 [da:0a:42:f0:0d:ca]
RSSI: -84 [da:0d:4c:0d:0f:2e]
RSSI: -92 [da:0f:e7:bf:01:3c]
RSSI: -84 [da:0a:42:f0:0d:ca]
RSSI: -88 [da:0f:e7:bf:01:3c]
RSSI: -83 [da:0a:43:00:0d:fa]
RSSI: -89 [da:0a:43:00:0d:fa]
RSSI: -85 [da:0f:e7:cd:01:6c]
RSSI: -83 [da:0a:43:0d:0e:2a]
RSSI: -91 [da:0f:e7:da:01:8c]
RSSI: -89 [da:0d:4c:34:0f:9e]
RSSI: -83 [da:0a:43:1d:0e:4a]
RSSI: -85 [da:0a:43:1d:0e:4a]
RSSI: -85 [da:0a:43:1d:0e:4a]
RSSI: -88 [da:0a:43:2d:0e:7a]
RSSI: -84 [da:0a:43:2d:0e:7a]
RSSI: -83 [da:0f:e8:03:02:1c]
RSSI: -92 [da:0d:4c:5a:10:0e]
RSSI: -87 [da:0f:e8:12:02:3c]
RSSI: -85 [da:0a:43:4a:0e:ca]
RSSI: -87 [da:0a:43:5a:0e:fa]
RSSI: -87 [da:0f:e8:20:02:6c]
RSSI: -87 [da:0a:43:5a:0e:fa]
RSSI: -91 [da:0f:e8:2d:02:9c]
RSSI: -86 [da:0a:43:76:0f:4a]
RSSI: -89 [da:0a:43:76:0f:4a]
RSSI: -86 [da:0a:43:87:0f:7a]
RSSI: -86 [da:0a:43:87:0f:7a]
RSSI: -83 [da:0a:43:93:0f:aa]
RSSI: -88 [da:0f:e8:65:03:4c]
RSSI: -87 [da:0a:43:a3:0f:ca]
RSSI: -85 [da:0a:43:a3:0f:ca]
RSSI: -87 [da:0a:43:b3:0f:fa]
RSSI: -88 [da:0a:43:c0:10:1a]
RSSI: -91 [da:0f:e8:8e:03:cc]
RSSI: -90 [da:0a:43:d0:10:4a]
RSSI: -91 [da:0f:e8:9d:03:fc]
RSSI: -86 [da:0a:43:e0:10:7a]
RSSI: -91 [da:0a:43:e0:10:7a]
RSSI: -84 [da:0a:43:ed:10:9a]
RSSI: -85 [da:0a:43:ed:10:9a]
RSSI: -87 [da:0f:e8:c7:04:7c]
RSSI: -85 [da:0a:43:fd:10:ca]
RSSI: -89 [da:0f:e8:d3:04:9c]
RSSI: -89 [da:0f:e8:d3:04:9c]
RSSI: -89 [da:0f:e8:e2:04:cc]
RSSI: -88 [da:0f:e8:e2:04:cc]
RSSI: -90 [da:0f:e8:f0:04:fc]
RSSI: -86 [da:0a:44:2a:11:4a]
RSSI: -90 [da:0f:e8:f0:04:fc]
RSSI: -92 [da:0d:4d:50:12:ce]
RSSI: -90 [da:0a:44:47:11:9a]
RSSI: -92 [da:0d:4d:76:13:4e]
RSSI: -88 [da:0f:e9:26:05:ac]
RSSI: -89 [da:0a:44:57:11:ca]
RSSI: -88 [da:0a:44:67:11:fa]
RSSI: -90 [da:0d:4d:91:13:8e]
RSSI: -88 [da:0f:e9:35:05:dc]
RSSI: -91 [da:0d:4d:aa:13:de]
RSSI: -90 [da:0d:4d:aa:13:de]
RSSI: -89 [da:0a:44:94:12:7a]
RSSI: -90 [da:0d:4d:aa:13:de]
RSSI: -87 [da:0a:44:a1:12:9a]
RSSI: -94 [da:0f:e9:7a:06:ac]
RSSI: -91 [da:0d:4d:de:14:6e]
RSSI: -94 [da:0f:e9:88:06:dc]
RSSI: -86 [da:0a:44:c1:12:fa]
RSSI: -92 [da:0f:e9:97:07:0c]
RSSI: -84 [da:0a:44:d7:13:3a]
RSSI: -87 [da:0f:e9:a4:07:3c]
RSSI: -92 [da:0d:4e:05:14:de]
RSSI: -81 [da:0a:44:e7:13:6a]
RSSI: -83 [da:0a:44:e7:13:6a]
RSSI: -90 [da:0f:e9:c1:07:8c]
RSSI: -86 [da:0f:e9:cd:07:bc]
RSSI: -82 [da:0a:45:04:13:ba]
RSSI: -83 [da:0a:45:04:13:ba]
RSSI: -79 [da:0a:45:14:13:da]
RSSI: -82 [da:0a:45:14:13:da]
RSSI: -85 [da:0f:e9:dc:07:ec]
RSSI: -91 [da:0d:4e:39:15:6e]
RSSI: -88 [da:0d:4e:39:15:6e]
RSSI: -80 [da:0a:45:20:14:0a]
RSSI: -88 [da:08:61:31:00:4b]
RSSI: -90 [da:0d:4e:46:15:8e]
RSSI: -81 [da:0a:45:20:14:0a]
RSSI: -90 [da:08:61:31:00:4b]
RSSI: -90 [da:0d:4e:46:15:8e]
RSSI: -90 [da:0f:e9:f7:08:3c]
RSSI: -90 [da:08:61:3f:00:7b]
RSSI: -81 [da:0a:45:31:14:2a]
RSSI: -90 [da:0d:4e:53:15:be]
RSSI: -87 [da:08:61:3f:00:7b]
RSSI: -88 [da:08:61:4d:00:9b]
RSSI: -82 [da:0a:45:3d:14:5a]
RSSI: -88 [da:0d:4e:60:15:de]
RSSI: -81 [da:0a:45:4a:14:7a]
RSSI: -87 [da:08:61:5a:00:cb]
RSSI: -90 [da:0d:4e:6d:15:fe]
RSSI: -82 [da:0a:45:57:14:9a]
RSSI: -90 [da:08:61:68:00:eb]
RSSI: -90 [da:0d:4e:7a:16:2e]
RSSI: -88 [da:0d:4e:87:16:4e]
RSSI: -86 [da:08:61:75:01:1b]
RSSI: -82 [da:0a:45:70:14:da]
RSSI: -90 [da:0d:4e:94:00:2e]
RSSI: -87 [da:08:61:82:01:3b]
RSSI: -90 [da:0d:4e:94:00:2e]
RSSI: -87 [da:0a:45:7d:15:0a]
RSSI: -86 [da:0a:45:89:15:2a]
RSSI: -85 [da:0a:45:89:15:2a]
RSSI: -83 [da:0a:45:96:15:4a]
RSSI: -87 [da:08:61:aa:01:ab]
RSSI: -90 [da:0f:ea:68:09:ac]
RSSI: -83 [da:0a:45:a3:15:6a]
RSSI: -90 [da:0f:ea:74:09:dc]
RSSI: -87 [da:08:61:b8:01:db]
RSSI: -82 [da:0a:45:af:15:9a]
RSSI: -82 [da:0a:45:af:15:9a]
RSSI: -87 [da:08:61:b8:01:db]
RSSI: -82 [da:0a:45:af:15:9a]
RSSI: -87 [da:08:61:c6:01:fb]
RSSI: -89 [da:08:61:c6:01:fb]
RSSI: -90 [da:0f:ea:83:0a:0c]
RSSI: -81 [da:0a:45:bc:15:ba]
RSSI: -90 [da:08:61:d2:02:2b]
RSSI: -90 [da:08:61:e0:02:4b]
RSSI: -92 [da:08:61:e0:02:4b]
RSSI: -81 [da:0a:45:d6:15:fa]
RSSI: -90 [da:08:61:ee:02:7b]
RSSI: -80 [da:0a:45:e2:16:2a]
RSSI: -81 [da:0a:45:ef:16:4a]
RSSI: -90 [da:0f:ea:bb:0a:bc]
RSSI: -79 [da:0a:45:fc:16:6a]
RSSI: -89 [da:0f:ea:c8:0a:dc]
RSSI: -80 [da:0a:45:fc:16:6a]
RSSI: -77 [da:0a:46:08:00:2a]
RSSI: -88 [da:0f:ea:d7:0b:0c]
RSSI: -81 [da:0a:46:15:00:4a]
RSSI: -81 [da:0a:46:15:00:4a]
RSSI: -77 [da:0a:46:22:00:6a]
RSSI: -81 [da:0a:46:22:00:6a]
RSSI: -78 [da:0a:46:2f:00:8a]
RSSI: -82 [da:0a:46:3b:00:ba]
RSSI: -79 [da:0a:46:3b:00:ba]
RSSI: -79 [da:0a:46:3b:00:ba]
RSSI: -81 [da:0a:46:48:00:da]
RSSI: -82 [da:0a:46:48:00:da]
RSSI: -88 [da:0f:eb:1c:0b:ec]
RSSI: -81 [da:0a:46:55:00:fa]
RSSI: -88 [da:0f:eb:1c:0b:ec]
RSSI: -89 [da:0f:eb:2a:0c:1c]
RSSI: -81 [da:0a:46:62:01:1a]
RSSI: -80 [da:0a:46:6e:01:3a]
RSSI: -89 [da:0f:eb:39:0c:4c]
RSSI: -82 [da:0a:46:6e:01:3a]
RSSI: -89 [da:0f:eb:39:0c:4c]
RSSI: -81 [da:0a:46:7b:01:6a]
RSSI: -81 [da:0a:46:88:01:8a]
RSSI: -79 [da:0a:46:88:01:8a]
RSSI: -81 [da:0a:46:95:01:aa]
RSSI: -81 [da:0a:46:95:01:aa]
RSSI: -82 [da:0a:46:a1:01:ca]
RSSI: -88 [da:0f:eb:6f:0c:fc]
RSSI: -81 [da:0a:46:ae:01:fa]
RSSI: -85 [da:0f:eb:7e:0d:2c]
RSSI: -83 [da:0a:46:bb:02:1a]
RSSI: -86 [da:0f:eb:7e:0d:2c]
RSSI: -81 [da:0a:46:bb:02:1a]
RSSI: -84 [da:0f:eb:8d:0d:5c]
RSSI: -82 [da:0a:46:c7:02:3a]
RSSI: -83 [da:0a:46:c7:02:3a]
RSSI: -85 [da:0f:eb:99:0d:8c]
RSSI: -81 [da:0a:46:d4:02:5a]
RSSI: -86 [da:0f:eb:99:0d:8c]
RSSI: -81 [da:0a:46:d4:02:5a]
RSSI: -86 [da:0f:eb:b7:0d:dc]
RSSI: -81 [da:0a:46:ee:02:aa]
RSSI: -85 [da:0f:eb:b7:0d:dc]
RSSI: -82 [da:0a:46:ee:02:aa]
RSSI: -81 [da:0a:46:fa:02:ca]
RSSI: -84 [da:0f:eb:c3:0e:0c]
RSSI: -80 [da:0a:46:fa:02:ca]
RSSI: -80 [da:0a:47:07:02:ea]
RSSI: -81 [da:0a:47:07:02:ea]
RSSI: -88 [da:0f:eb:d2:0e:3c]
RSSI: -79 [da:0a:47:14:03:0a]
RSSI: -90 [da:0f:eb:e1:0e:6c]
RSSI: -80 [da:0a:47:14:03:0a]
RSSI: -87 [da:0f:eb:e1:0e:6c]
RSSI: -81 [da:0a:47:21:03:3a]
RSSI: -79 [da:0a:47:2d:03:5a]
RSSI: -90 [da:0f:eb:ed:0e:8c]
RSSI: -78 [da:0a:47:2d:03:5a]
RSSI: -85 [da:0f:eb:fc:0e:bc]
RSSI: -88 [da:0f:eb:fc:0e:bc]
RSSI: -77 [da:0a:47:3a:03:7a]
RSSI: -79 [da:0a:47:3a:03:7a]
RSSI: -83 [da:0f:ec:0b:0e:ec]
RSSI: -77 [da:0a:47:47:03:9a]
RSSI: -77 [da:0a:47:47:03:9a]
RSSI: -79 [da:0a:47:54:03:ba]
RSSI: -83 [da:0f:ec:17:0f:0c]
RSSI: -78 [da:0a:47:54:03:ba]
RSSI: -81 [da:0f:ec:26:0f:3c]
RSSI: -78 [da:0a:47:60:03:ea]
RSSI: -85 [da:0f:ec:26:0f:3c]
RSSI: -78 [da:0a:47:60:03:ea]
RSSI: -77 [da:0a:47:6d:04:0a]
RSSI: -83 [da:0f:ec:34:0f:6c]
RSSI: -79 [da:0a:47:6d:04:0a]
RSSI: -78 [da:0a:47:7a:04:2a]
RSSI: -77 [da:0a:47:7a:04:2a]
RSSI: -77 [da:0a:47:7a:04:2a]
RSSI: -79 [da:0a:47:87:04:4a]
RSSI: -85 [da:0f:ec:50:0f:cc]
RSSI: -76 [da:0a:47:87:04:4a]
RSSI: -76 [da:0a:47:94:04:7a]
RSSI: -80 [da:0f:ec:5e:0f:fc]
RSSI: -78 [da:0a:47:94:04:7a]
RSSI: -80 [da:0f:ec:5e:0f:fc]
RSSI: -73 [da:0a:47:a0:04:9a]
RSSI: -74 [da:0a:47:a0:04:9a]
RSSI: -78 [da:0f:ec:6b:10:1c]
RSSI: -73 [da:0a:47:a0:04:9a]
RSSI: -76 [da:0a:47:ad:04:ba]
RSSI: -71 [da:0a:47:ad:04:ba]
RSSI: -72 [da:0a:47:ba:04:ea]
RSSI: -77 [da:0f:ec:7a:10:4c]
RSSI: -70 [da:0a:47:c7:05:0a]
RSSI: -80 [da:0f:ec:88:10:7c]
RSSI: -69 [da:0a:47:c7:05:0a]
RSSI: -70 [da:0a:47:c7:05:0a]
RSSI: -78 [da:0f:ec:95:10:ac]
RSSI: -70 [da:0a:47:c7:05:0a]
RSSI: -68 [da:0a:47:d3:05:2a]
RSSI: -83 [da:0f:ec:a4:10:dc]
RSSI: -69 [da:0a:47:e0:05:4a]
RSSI: -85 [da:0f:ec:a4:10:dc]
RSSI: -71 [da:0a:47:e0:05:4a]
RSSI: -67 [da:0a:47:ed:05:7a]
RSSI: -66 [da:0a:47:ed:05:7a]
RSSI: -68 [da:0a:47:ed:05:7a]
RSSI: -84 [da:0f:ec:bf:11:2c]
RSSI: -71 [da:0a:47:fa:05:9a]
RSSI: -83 [da:0f:ec:bf:11:2c]
RSSI: -77 [da:0f:ec:bf:11:2c]
RSSI: -66 [da:0a:47:fa:05:9a]
RSSI: -67 [da:0a:48:06:05:ba]
RSSI: -65 [da:0a:48:13:05:ea]
RSSI: -66 [da:0a:48:13:05:ea]
RSSI: -70 [da:0a:48:20:06:0a]
RSSI: -69 [da:0f:ec:e9:11:ac]
RSSI: -65 [da:0a:48:20:06:0a]
RSSI: -67 [da:0a:48:2d:06:2a]
RSSI: -71 [da:0a:48:2d:06:2a]
RSSI: -65 [da:0f:ec:f8:11:dc]
RSSI: -65 [da:0a:48:3a:06:4a]
RSSI: -66 [da:0a:48:3a:06:4a]
RSSI: -65 [da:0f:ed:07:12:0c]
RSSI: -67 [da:0a:48:3a:06:4a]
RSSI: -71 [da:0a:48:46:06:7a]
RSSI: -66 [da:0a:48:46:06:7a]
RSSI: -67 [da:0f:ed:13:12:3c]
RSSI: -67 [da:0a:48:53:06:9a]
RSSI: -64 [da:0f:ed:13:12:3c]
RSSI: -71 [da:0a:48:53:06:9a]
RSSI: -64 [da:0f:ed:31:12:9c]
RSSI: -67 [da:0a:48:60:06:ba]
RSSI: -72 [da:0a:48:6d:06:da]
RSSI: -66 [da:0a:48:6d:06:da]
RSSI: -64 [da:0f:ed:3d:12:bc]
RSSI: -67 [da:0a:48:7a:07:0a]
RSSI: -64 [da:0f:ed:3d:12:bc]
RSSI: -72 [da:0a:48:7a:07:0a]
RSSI: -67 [da:0a:48:86:07:2a]
RSSI: -67 [da:0f:ed:4c:12:ec]
RSSI: -67 [da:0a:48:86:07:2a]
RSSI: -65 [da:0f:ed:4c:12:ec]
RSSI: -68 [da:0a:48:86:07:2a]
RSSI: -74 [da:0a:48:93:07:4a]
RSSI: -91 [da:0d:51:af:09:1e]
RSSI: -68 [da:0a:48:93:07:4a]
RSSI: -68 [da:0f:ed:5b:13:1c]
RSSI: -90 [da:0d:51:bc:09:3e]
RSSI: -74 [da:0a:48:a0:07:6a]
RSSI: -65 [da:0f:ed:6d:13:5c]
RSSI: -69 [da:0a:48:ad:07:9a]
RSSI: -88 [da:0d:51:c9:09:6e]
RSSI: -70 [da:0f:ed:6d:13:5c]
RSSI: -69 [da:0a:48:ad:07:9a]
RSSI: -89 [da:0d:51:c9:09:6e]
RSSI: -71 [da:0a:48:ad:07:9a]
RSSI: -67 [da:0f:ed:7d:13:8c]
RSSI: -76 [da:0a:48:b9:07:ba]
RSSI: -87 [da:0d:51:d7:09:8e]
RSSI: -71 [da:0a:48:b9:07:ba]
RSSI: -71 [da:0f:ed:8c:13:bc]
RSSI: -88 [da:0d:51:e3:09:ae]
RSSI: -73 [da:0a:48:c6:07:da]
RSSI: -69 [da:0f:ed:8c:13:bc]
RSSI: -87 [da:0d:51:e3:09:ae]
RSSI: -79 [da:0a:48:c6:07:da]
RSSI: -73 [da:0f:ed:98:13:dc]
RSSI: -72 [da:0f:ed:98:13:dc]
RSSI: -72 [da:0f:ed:a7:14:0c]
RSSI: -77 [da:0a:48:e0:08:2a]
RSSI: -75 [da:0f:ed:b6:14:3c]
RSSI: -81 [da:0a:48:ed:08:4a]
RSSI: -77 [da:0f:ed:b6:14:3c]
RSSI: -78 [da:0a:48:fa:08:6a]
RSSI: -87 [da:0d:52:18:0a:4e]
RSSI: -80 [da:0f:ed:c2:14:5c]
RSSI: -78 [da:0a:48:fa:08:6a]
RSSI: -89 [da:0d:52:18:0a:4e]
RSSI: -80 [da:0f:ed:c2:14:5c]
RSSI: -79 [da:0a:48:fa:08:6a]
RSSI: -79 [da:0a:49:06:08:9a]
RSSI: -91 [da:0d:52:25:0a:6e]
RSSI: -86 [da:0f:ed:d1:14:8c]
RSSI: -76 [da:0a:49:06:08:9a]
RSSI: -76 [da:0a:49:13:08:ba]
RSSI: -77 [da:0a:49:13:08:ba]
RSSI: -86 [da:0f:ed:e0:14:bc]
RSSI: -74 [da:0a:49:20:08:da]
RSSI: -75 [da:0a:49:20:08:da]
RSSI: -76 [da:0a:49:2d:08:fa]
RSSI: -93 [da:0d:52:4d:0a:ee]
RSSI: -80 [da:0f:ed:fb:15:0c]
RSSI: -74 [da:0a:49:2d:08:fa]
RSSI: -80 [da:0f:ed:fb:15:0c]
RSSI: -75 [da:0a:49:3a:09:2a]
RSSI: -94 [da:0d:52:59:0b:0e]
RSSI: -77 [da:0a:49:3a:09:2a]
RSSI: -78 [da:0f:ee:0a:15:3c]
RSSI: -75 [da:0a:49:47:09:4a]
RSSI: -80 [da:0f:ee:0a:15:3c]
RSSI: -77 [da:0a:49:47:09:4a]
RSSI: -78 [da:0f:ee:17:15:6c]
RSSI: -79 [da:0a:49:53:09:6a]
RSSI: -76 [da:0a:49:53:09:6a]
RSSI: -81 [da:0f:ee:25:15:9c]
RSSI: -77 [da:0a:49:60:09:9a]
RSSI: -77 [da:0a:49:6d:09:ba]
RSSI: -85 [da:0f:ee:34:15:cc]
RSSI: -77 [da:0a:49:6d:09:ba]
RSSI: -87 [da:0f:ee:34:15:cc]
RSSI: -76 [da:0a:49:6d:09:ba]
RSSI: -92 [da:0d:52:96:0b:be]
RSSI: -76 [da:0a:49:87:09:fa]
RSSI: -89 [da:0f:ee:50:16:1c]
RSSI: -75 [da:0a:49:87:09:fa]
RSSI: -76 [da:0a:49:94:0a:2a]
RSSI: -77 [da:0a:49:94:0a:2a]
RSSI: -77 [da:0a:49:94:0a:2a]
RSSI: -78 [da:0a:49:a0:0a:4a]
RSSI: -77 [da:0a:49:a0:0a:4a]
RSSI: -86 [da:0f:ee:6b:16:6c]
RSSI: -79 [da:0a:49:ad:0a:6a]
RSSI: -89 [da:0d:52:cb:0c:4e]
RSSI: -79 [da:0a:49:ad:0a:6a]
RSSI: -79 [da:0a:49:ba:0a:9a]
RSSI: -84 [da:0f:ee:7a:00:2c]
RSSI: -85 [da:0f:ee:89:00:5c]
RSSI: -78 [da:0a:49:c7:0a:ba]
RSSI: -83 [da:0d:52:e5:0c:9e]
RSSI: -83 [da:0d:52:e5:0c:9e]
RSSI: -87 [da:0f:ee:95:00:8c]
RSSI: -78 [da:0a:49:c7:0a:ba]
RSSI: -83 [da:0d:52:e5:0c:9e]
RSSI: -86 [da:0f:ee:95:00:8c]
RSSI: -77 [da:0a:49:e1:0a:fa]
RSSI: -81 [da:0d:52:ff:0c:ee]
RSSI: -89 [da:0f:ee:a4:00:bc]
RSSI: -79 [da:0a:49:e1:0a:fa]
RSSI: -80 [da:0d:52:ff:0c:ee]
RSSI: -82 [da:0a:49:ed:0b:2a]
RSSI: -79 [da:0d:53:0d:0d:0e]
RSSI: -79 [da:0a:49:ed:0b:2a]
RSSI: -84 [da:0f:ee:c0:01:0c]
RSSI: -81 [da:0a:49:fa:0b:4a]
RSSI: -84 [da:0f:ee:c0:01:0c]
RSSI: -76 [da:0d:53:1a:0d:3e]
RSSI: -84 [da:0a:49:fa:0b:4a]
RSSI: -76 [da:0d:53:1a:0d:3e]
RSSI: -81 [da:0a:4a:07:0b:6a]
RSSI: -77 [da:0d:53:26:0d:5e]
RSSI: -82 [da:0a:4a:07:0b:6a]
RSSI: -77 [da:0d:53:26:0d:5e]
RSSI: -76 [da:0d:53:34:0d:7e]
RSSI: -81 [da:0a:4a:21:0b:ba]
RSSI: -78 [da:0d:53:41:0d:ae]
RSSI: -83 [da:0a:4a:21:0b:ba]
RSSI: -81 [da:0a:4a:2e:0b:da]
RSSI: -83 [da:0a:4a:3a:0b:fa]
RSSI: -76 [da:0d:53:5b:0d:ee]
RSSI: -83 [da:0a:4a:3a:0b:fa]
RSSI: -80 [da:0d:53:5b:0d:ee]
RSSI: -90 [da:0f:ef:07:01:ec]
RSSI: -83 [da:0a:4a:47:0c:2a]
RSSI: -84 [da:0a:4a:54:0c:4a]
RSSI: -87 [da:0f:ef:14:02:1c]
RSSI: -82 [da:0a:4a:54:0c:4a]
RSSI: -85 [da:0d:53:75:0e:3e]
RSSI: -83 [da:0f:ef:23:02:4c]
RSSI: -83 [da:0d:53:83:0e:6e]
RSSI: -84 [da:0f:ef:32:02:7c]
RSSI: -83 [da:0a:4a:61:0c:6a]
RSSI: -85 [da:0d:53:83:0e:6e]
RSSI: -86 [da:0f:ef:32:02:7c]
RSSI: -82 [da:0a:4a:6e:0c:9a]
RSSI: -76 [da:0d:53:90:0e:8e]
RSSI: -81 [da:0a:4a:6e:0c:9a]
RSSI: -85 [da:0d:53:90:0e:8e]
RSSI: -81 [da:0a:4a:7b:0c:ba]
RSSI: -82 [da:0d:53:9d:0e:ae]
RSSI: -81 [da:0a:4a:7b:0c:ba]
RSSI: -81 [da:0d:53:9d:0e:ae]
RSSI: -77 [da:0d:53:9d:0e:ae]
RSSI: -87 [da:0f:ef:4d:02:cc]
RSSI: -83 [da:0d:53:aa:0e:de]
RSSI: -81 [da:0a:4a:88:0c:da]
RSSI: -90 [da:0f:ef:4d:02:cc]
RSSI: -83 [da:0d:53:aa:0e:de]
RSSI: -90 [da:0f:ef:5c:02:fc]
RSSI: -80 [da:0d:53:aa:0e:de]
RSSI: -84 [da:0f:ef:5c:02:fc]
RSSI: -79 [da:0d:53:b8:0e:fe]
RSSI: -80 [da:0a:4a:95:0c:fa]
RSSI: -81 [da:0d:53:b8:0e:fe]
RSSI: -81 [da:0d:53:c4:0f:2e]
RSSI: -89 [da:0f:ef:78:03:4c]
RSSI: -79 [da:0a:4a:ae:0d:4a]
RSSI: -82 [da:0d:53:d2:0f:4e]
RSSI: -89 [da:0f:ef:78:03:4c]
RSSI: -81 [da:0d:53:d2:0f:4e]
RSSI: -80 [da:0a:4a:bb:0d:6a]
RSSI: -80 [da:0a:4a:bb:0d:6a]
RSSI: -90 [da:0f:ef:86:03:7c]
RSSI: -80 [da:0a:4a:c8:0d:9a]
RSSI: -83 [da:0d:53:df:0f:6e]
RSSI: -85 [da:0f:ef:93:03:ac]
RSSI: -80 [da:0a:4a:c8:0d:9a]
RSSI: -83 [da:0d:53:ec:0f:9e]
RSSI: -86 [da:0f:ef:93:03:ac]
RSSI: -86 [da:0f:ef:93:03:ac]
RSSI: -85 [da:0d:53:ec:0f:9e]
RSSI: -86 [da:0d:53:f9:0f:be]
RSSI: -90 [da:0f:ef:a2:03:dc]
RSSI: -88 [da:0d:53:f9:0f:be]
RSSI: -79 [da:0a:4a:e2:0d:da]
RSSI: -79 [da:0a:4a:e2:0d:da]
RSSI: -78 [da:0a:4a:ef:0d:fa]
RSSI: -79 [da:0a:4a:ef:0d:fa]
RSSI: -88 [da:0d:54:13:10:0e]
RSSI: -84 [da:0f:ef:bd:04:2c]
RSSI: -79 [da:0a:4a:fc:0e:2a]
RSSI: -87 [da:0f:ef:cc:04:5c]
RSSI: -81 [da:0a:4b:09:0e:4a]
RSSI: -87 [da:0f:ef:db:04:8c]
RSSI: -80 [da:0a:4b:16:0e:6a]
RSSI: -82 [da:0f:ef:db:04:8c]
RSSI: -82 [da:0a:4b:16:0e:6a]
RSSI: -79 [da:0f:ef:e8:04:bc]
RSSI: -82 [da:0a:4b:22:0e:8a]
RSSI: -86 [da:0f:ef:e8:04:bc]
RSSI: -95 [da:0d:54:63:10:ee]
RSSI: -87 [da:0f:f0:12:05:3c]
RSSI: -84 [da:0a:4b:49:0e:fa]
RSSI: -87 [da:0f:f0:12:05:3c]
RSSI: -83 [da:0a:4b:56:0f:2a]
RSSI: -86 [da:0f:f0:21:05:6c]
RSSI: -83 [da:0a:4b:63:0f:4a]
RSSI: -83 [da:0a:4b:63:0f:4a]
RSSI: -86 [da:0f:f0:30:05:9c]
RSSI: -84 [da:0a:4b:70:0f:6a]
RSSI: -85 [da:0a:4b:7d:0f:9a]
RSSI: -85 [da:0f:f0:5a:06:2c]
RSSI: -95 [da:0d:54:b2:11:de]
RSSI: -85 [da:0f:f0:67:06:4c]
RSSI: -89 [da:0a:4b:a4:0f:fa]
RSSI: -90 [da:0a:4b:bd:10:4a]
RSSI: -85 [da:0f:f0:a0:07:0c]
RSSI: -86 [da:0f:f0:a0:07:0c]
RSSI: -89 [da:0f:f0:af:07:3c]
RSSI: -83 [da:0f:f0:af:07:3c]
RSSI: -89 [da:0f:f0:bc:07:5c]
RSSI: -85 [da:0f:f0:cb:07:8c]
RSSI: -82 [da:0f:f0:d9:07:bc]
RSSI: -86 [da:0a:4c:18:11:4a]
RSSI: -92 [da:0d:55:44:13:7e]
RSSI: -87 [da:0f:f0:f5:08:1c]
RSSI: -89 [da:0a:4c:31:11:9a]
RSSI: -88 [da:0d:55:50:13:ae]
RSSI: -87 [da:0f:f0:f5:08:1c]
RSSI: -90 [da:0a:4c:31:11:9a]
RSSI: -89 [da:0a:4c:3f:11:ba]
RSSI: -87 [da:0a:4c:3f:11:ba]
RSSI: -86 [da:0f:f1:11:08:6c]
RSSI: -88 [da:0a:4c:4c:11:da]
RSSI: -90 [da:0f:f1:2e:08:cc]
RSSI: -87 [da:0a:4c:65:12:2a]
RSSI: -87 [da:0a:4c:72:12:4a]
RSSI: -89 [da:0f:f1:3b:08:fc]
RSSI: -88 [da:0a:4c:72:12:4a]
RSSI: -85 [da:0f:f1:3b:08:fc]
RSSI: -93 [da:08:68:a1:16:0b]
RSSI: -86 [da:0a:4c:8c:12:8a]
RSSI: -89 [da:0d:55:ad:14:ae]
RSSI: -91 [da:0a:4c:99:12:ba]
RSSI: -85 [da:0f:f1:66:09:7c]
RSSI: -85 [da:0a:4c:a6:12:da]
RSSI: -85 [da:0a:4c:a6:12:da]
RSSI: -89 [da:0a:4c:a6:12:da]
RSSI: -89 [da:08:68:bc:16:4b]
RSSI: -89 [da:0a:4c:b3:12:fa]
RSSI: -88 [da:0d:55:d5:15:1e]
RSSI: -82 [da:0a:4c:b3:12:fa]
RSSI: -87 [da:0a:4c:c0:13:2a]
RSSI: -89 [da:0a:4c:c0:13:2a]
RSSI: -91 [da:0d:55:e2:15:3e]
RSSI: -82 [da:0a:4c:cd:13:4a]
RSSI: -84 [da:0a:4c:cd:13:4a]
RSSI: -83 [da:0a:4c:cd:13:4a]
RSSI: -90 [da:0f:f1:9f:0a:2c]
RSSI: -89 [da:08:68:e5:00:4b]
RSSI: -87 [da:0a:4c:da:13:6a]
RSSI: -80 [da:0a:4c:da:13:6a]
RSSI: -82 [da:0a:4c:e7:13:8a]
RSSI: -92 [da:08:68:f3:00:7b]
RSSI: -89 [da:08:68:f3:00:7b]
RSSI: -88 [da:0d:56:0a:15:be]
RSSI: -85 [da:0a:4c:e7:13:8a]
RSSI: -89 [da:0d:56:0a:15:be]
RSSI: -82 [da:0a:4c:f4:13:ba]
RSSI: -87 [da:0d:56:17:15:de]
RSSI: -86 [da:0a:4d:01:13:da]
RSSI: -81 [da:0a:4d:01:13:da]
RSSI: -87 [da:0d:56:24:15:fe]
RSSI: -81 [da:0a:4d:01:13:da]
RSSI: -87 [da:0d:56:24:15:fe]
RSSI: -82 [da:0a:4d:0e:13:fa]
RSSI: -89 [da:08:69:1c:00:fb]
RSSI: -88 [da:0a:4d:0e:13:fa]
RSSI: -87 [da:0d:56:32:16:2e]
RSSI: -88 [da:08:69:1c:00:fb]
RSSI: -81 [da:0a:4d:1a:14:2a]
RSSI: -88 [da:0d:56:32:16:2e]
RSSI: -82 [da:0a:4d:1a:14:2a]
RSSI: -86 [da:0d:56:3f:16:4e]
RSSI: -82 [da:0a:4d:28:14:4a]
RSSI: -84 [da:0a:4d:35:14:6a]
RSSI: -90 [da:08:69:45:01:6b]
RSSI: -90 [da:08:69:45:01:6b]
RSSI: -84 [da:0a:4d:41:14:8a]
RSSI: -84 [da:0a:4d:41:14:8a]
RSSI: -85 [da:0a:4d:4f:14:ba]
RSSI: -91 [da:0d:56:74:00:7e]
RSSI: -83 [da:0a:4d:5c:14:da]
RSSI: -82 [da:0a:4d:5c:14:da]
RSSI: -82 [da:0a:4d:68:14:fa]
RSSI: -84 [da:0a:4d:76:15:2a]
RSSI: -91 [da:0d:56:9c:00:de]
RSSI: -78 [da:0a:4d:83:15:4a]
RSSI: -82 [da:0a:4d:8f:15:6a]
RSSI: -79 [da:0a:4d:8f:15:6a]
RSSI: -92 [da:0f:f2:58:0c:8c]
RSSI: -80 [da:0a:4d:8f:15:6a]
RSSI: -81 [da:0a:4d:9c:15:9a]
RSSI: -78 [da:0a:4d:aa:15:ba]
RSSI: -79 [da:0a:4d:b6:15:da]
RSSI: -79 [da:0a:4d:c3:15:fa]
RSSI: -96 [da:0d:56:de:01:9e]
RSSI: -79 [da:0a:4d:c3:15:fa]
RSSI: -87 [da:0f:f2:8f:0d:3c]
RSSI: -80 [da:0a:4d:d1:16:2a]
RSSI: -88 [da:0f:f2:9e:0d:6c]
RSSI: -79 [da:0a:4d:dd:00:2a]
RSSI: -78 [da:0a:4d:ea:00:4a]
RSSI: -80 [da:0a:4d:ea:00:4a]
RSSI: -91 [da:0f:f2:ba:0d:cc]
RSSI: -80 [da:0a:4d:f8:00:6a]
RSSI: -82 [da:0a:4e:04:00:9a]
RSSI: -90 [da:0f:f2:c9:0d:fc]
RSSI: -82 [da:0a:4e:11:00:ba]
RSSI: -83 [da:0a:4e:11:00:ba]
RSSI: -80 [da:0a:4e:1f:00:da]
RSSI: -86 [da:0f:f2:e5:0e:4c]
RSSI: -80 [da:0a:4e:1f:00:da]
RSSI: -91 [da:0f:f2:f4:0e:7c]
RSSI: -83 [da:0a:4e:2b:01:0a]
RSSI: -85 [da:0f:f2:f4:0e:7c]
RSSI: -90 [da:0f:f3:03:0e:ac]
RSSI: -82 [da:0a:4e:38:01:2a]
RSSI: -87 [da:0f:f3:03:0e:ac]
RSSI: -82 [da:0a:4e:38:01:2a]
RSSI: -80 [da:0a:4e:46:01:4a]
RSSI: -81 [da:0a:4e:46:01:4a]
RSSI: -87 [da:0f:f3:0f:0e:dc]
RSSI: -81 [da:0a:4e:52:01:6a]
RSSI: -79 [da:0a:4e:52:01:6a]
RSSI: -83 [da:0f:f3:1e:0f:0c]
RSSI: -82 [da:0a:4e:5f:01:9a]
RSSI: -86 [da:0f:f3:2d:0f:3c]
RSSI: -81 [da:0a:4e:5f:01:9a]
RSSI: -80 [da:0a:4e:6d:01:ba]
RSSI: -87 [da:0f:f3:3a:0f:5c]
RSSI: -82 [da:0a:4e:6d:01:ba]
RSSI: -85 [da:0f:f3:3a:0f:5c]
RSSI: -82 [da:0a:4e:79:01:da]
RSSI: -85 [da:0f:f3:3a:0f:5c]
RSSI: -81 [da:0a:4e:79:01:da]
RSSI: -82 [da:0a:4e:87:01:fa]
RSSI: -87 [da:0f:f3:49:0f:8c]
RSSI: -82 [da:0a:4e:87:01:fa]
RSSI: -83 [da:0f:f3:58:0f:bc]
RSSI: -82 [da:0a:4e:94:02:2a]
RSSI: -84 [da:0f:f3:58:0f:bc]
RSSI: -83 [da:0a:4e:94:02:2a]
RSSI: -83 [da:0a:4e:a0:02:4a]
RSSI: -86 [da:0f:f3:74:10:1c]
RSSI: -84 [da:0a:4e:ae:02:6a]
RSSI: -86 [da:0f:f3:74:10:1c]
RSSI: -84 [da:0f:f3:74:10:1c]
RSSI: -84 [da:0a:4e:ae:02:6a]
RSSI: -84 [da:0f:f3:74:10:1c]
RSSI: -81 [da:0f:f3:83:10:4c]
RSSI: -84 [da:0a:4e:bb:02:9a]
RSSI: -86 [da:0f:f3:83:10:4c]
RSSI: -85 [da:0a:4e:bb:02:9a]
RSSI: -87 [da:0a:4e:c7:02:ba]
RSSI: -80 [da:0f:f3:8f:10:7c]
RSSI: -87 [da:0a:4e:c7:02:ba]
RSSI: -86 [da:0a:4e:d5:02:da]
RSSI: -84 [da:0f:f3:9f:10:ac]
RSSI: -87 [da:0a:4e:e2:02:fa]
RSSI: -86 [da:0a:4e:ee:03:2a]
RSSI: -83 [da:0f:f3:ba:10:fc]
RSSI: -86 [da:0a:4e:ee:03:2a]
RSSI: -92 [da:0f:f3:ba:10:fc]
RSSI: -88 [da:0a:4e:fc:03:4a]
RSSI: -90 [da:0f:f3:c9:11:2c]
RSSI: -87 [da:0a:4f:16:03:8a]
RSSI: -86 [da:0f:f3:e5:11:7c]
RSSI: -82 [da:0f:f3:e5:11:7c]
RSSI: -80 [da:0f:f3:f4:11:ac]
RSSI: -78 [da:0f:f4:03:11:dc]
RSSI: -77 [da:0f:f4:03:11:dc]
RSSI: -77 [da:0f:f4:10:12:0c]
RSSI: -92 [da:0a:4f:4a:04:1a]
RSSI: -75 [da:0f:f4:10:12:0c]
RSSI: -76 [da:0f:f4:1f:12:3c]
RSSI: -72 [da:0f:f4:2e:12:6c]
RSSI: -84 [da:0a:4f:64:04:6a]
RSSI: -73 [da:0f:f4:2e:12:6c]
RSSI: -72 [da:0f:f4:3a:12:8c]
RSSI: -72 [da:0f:f4:3a:12:8c]
RSSI: -82 [da:0a:4f:7e:04:ba]
RSSI: -73 [da:0f:f4:4a:12:bc]
RSSI: -72 [da:0f:f4:4a:12:bc]
RSSI: -81 [da:0a:4f:7e:04:ba]
RSSI: -77 [da:0a:4f:8b:04:da]
RSSI: -79 [da:0a:4f:8b:04:da]
RSSI: -73 [da:0f:f4:59:12:ec]
RSSI: -77 [da:0a:4f:98:04:fa]
RSSI: -73 [da:0f:f4:65:13:1c]
RSSI: -73 [da:0f:f4:65:13:1c]
RSSI: -77 [da:0a:4f:a5:05:1a]
RSSI: -76 [da:0a:4f:a5:05:1a]
RSSI: -72 [da:0f:f4:74:13:4c]
RSSI: -73 [da:0a:4f:b2:05:4a]
RSSI: -73 [da:0f:f4:74:13:4c]
RSSI: -74 [da:0f:f4:83:13:7c]
RSSI: -73 [da:0f:f4:83:13:7c]
RSSI: -71 [da:0a:4f:bf:05:6a]
RSSI: -75 [da:0f:f4:90:13:9c]
RSSI: -74 [da:0a:4f:cd:05:8a]
RSSI: -75 [da:0f:f4:9f:13:cc]
RSSI: -70 [da:0a:4f:d9:05:ba]
RSSI: -75 [da:0f:f4:9f:13:cc]
RSSI: -75 [da:0a:4f:d9:05:ba]
RSSI: -73 [da:0a:4f:e7:05:da]
RSSI: -74 [da:0f:f4:ae:13:fc]
RSSI: -70 [da:0a:4f:e7:05:da]
RSSI: -74 [da:0a:4f:f4:05:fa]
RSSI: -78 [da:0f:f4:bb:14:2c]
RSSI: -73 [da:0a:4f:f4:05:fa]
RSSI: -78 [da:0f:f4:bb:14:2c]
RSSI: -73 [da:0a:4f:f4:05:fa]
RSSI: -70 [da:0a:50:00:06:2a]
RSSI: -82 [da:0f:f4:ca:14:5c]
RSSI: -74 [da:0a:50:0e:06:4a]
RSSI: -84 [da:0f:f4:d9:14:8c]
RSSI: -70 [da:0a:50:0e:06:4a]
RSSI: -76 [da:0a:50:1b:06:6a]
RSSI: -86 [da:0f:f4:e6:14:ac]
RSSI: -74 [da:0a:50:1b:06:6a]
RSSI: -76 [da:0a:50:28:06:9a]
RSSI: -70 [da:0a:50:35:06:ba]
RSSI: -70 [da:0a:50:35:06:ba]
RSSI: -79 [da:0a:50:42:06:da]
RSSI: -76 [da:0a:50:42:06:da]
RSSI: -85 [da:0f:f5:11:15:3c]
RSSI: -83 [da:0a:50:4f:07:0a]
RSSI: -88 [da:0f:f5:20:15:6c]
RSSI: -73 [da:0a:50:5c:07:2a]
RSSI: -90 [da:0d:59:85:09:4e]
RSSI: -81 [da:0a:50:6a:07:4a]
RSSI: -90 [da:0d:59:85:09:4e]
RSSI: -82 [da:0a:50:6a:07:4a]
RSSI: -78 [da:0a:50:84:07:9a]
RSSI: -88 [da:0d:59:a1:09:9e]
RSSI: -86 [da:0d:59:ad:09:be]
RSSI: -87 [da:0a:50:91:07:ba]
RSSI: -85 [da:0d:59:bb:09:de]
RSSI: -86 [da:0d:59:bb:09:de]
RSSI: -80 [da:0a:50:ab:08:0a]
RSSI: -86 [da:0d:59:c9:0a:0e]
RSSI: -80 [da:0a:50:ab:08:0a]
RSSI: -83 [da:0a:50:b8:08:2a]
RSSI: -89 [da:0f:f5:85:00:0c]
RSSI: -88 [da:0a:50:c5:08:4a]
RSSI: -85 [da:0d:59:e3:0a:5e]
RSSI: -82 [da:0a:50:c5:08:4a]
RSSI: -86 [da:0d:59:e3:0a:5e]
RSSI: -75 [da:0a:50:d2:08:7a]
RSSI: -89 [da:0f:f5:a0:00:5c]
RSSI: -79 [da:0a:50:df:08:9a]
RSSI: -88 [da:0d:59:fe:0a:ae]
RSSI: -80 [da:0a:50:df:08:9a]
RSSI: -89 [da:0d:59:fe:0a:ae]
RSSI: -90 [da:0f:f5:b0:00:8c]
RSSI: -82 [da:0a:50:ec:08:ba]
RSSI: -79 [da:0a:50:ec:08:ba]
RSSI: -75 [da:0a:50:f9:08:ea]
RSSI: -89 [da:0d:5a:19:0a:fe]
RSSI: -81 [da:0a:50:f9:08:ea]
RSSI: -79 [da:0a:51:07:09:0a]
RSSI: -87 [da:0d:5a:26:0b:1e]
RSSI: -89 [da:0d:5a:26:0b:1e]
RSSI: -77 [da:0a:51:07:09:0a]
RSSI: -80 [da:0a:51:13:09:2a]
RSSI: -86 [da:0d:5a:34:0b:4e]
RSSI: -86 [da:0d:5a:34:0b:4e]
RSSI: -89 [da:0f:f5:e7:01:3c]
RSSI: -80 [da:0a:51:21:09:5a]
RSSI: -81 [da:0a:51:21:09:5a]
RSSI: -80 [da:0a:51:21:09:5a]
RSSI: -82 [da:0a:51:2e:09:7a]
RSSI: -89 [da:0f:f5:f6:01:6c]
RSSI: -80 [da:0a:51:2e:09:7a]
RSSI: -87 [da:0d:5a:4e:0b:8e]
RSSI: -80 [da:0a:51:3b:09:9a]
RSSI: -80 [da:0a:51:3b:09:9a]
RSSI: -85 [da:0d:5a:5c:0b:be]
RSSI: -87 [da:0d:5a:6a:0b:de]
RSSI: -78 [da:0a:51:55:09:ea]
RSSI: -88 [da:0d:5a:76:0c:0e]
RSSI: -78 [da:0a:51:55:09:ea]
RSSI: -85 [da:0d:5a:76:0c:0e]
RSSI: -78 [da:0a:51:62:0a:0a]
RSSI: -87 [da:0d:5a:84:0c:2e]
RSSI: -78 [da:0a:51:62:0a:0a]
RSSI: -87 [da:0d:5a:84:0c:2e]
RSSI: -84 [da:0d:5a:92:0c:5e]
RSSI: -79 [da:0a:51:6f:0a:3a]
RSSI: -83 [da:0d:5a:92:0c:5e]
RSSI: -84 [da:0d:5a:92:0c:5e]
RSSI: -81 [da:0a:51:7d:0a:5a]
RSSI: -82 [da:0d:5a:9e:0c:7e]
RSSI: -83 [da:0d:5a:9e:0c:7e]
RSSI: -82 [da:0d:5a:9e:0c:7e]
RSSI: -81 [da:0a:51:89:0a:7a]
RSSI: -81 [da:0d:5a:ac:0c:9e]
RSSI: -80 [da:0d:5a:ac:0c:9e]
RSSI: -81 [da:0d:5a:ac:0c:9e]
RSSI: -81 [da:0a:51:97:0a:aa]
RSSI: -80 [da:0d:5a:ba:0c:ce]
RSSI: -80 [da:0a:51:97:0a:aa]
RSSI: -80 [da:0a:51:97:0a:aa]
RSSI: -79 [da:0d:5a:ba:0c:ce]
RSSI: -80 [da:0a:51:a4:0a:ca]
RSSI: -78 [da:0d:5a:c7:0c:ee]
RSSI: -80 [da:0a:51:b1:0a:fa]
RSSI: -79 [da:0d:5a:d5:0d:1e]
RSSI: -76 [da:0d:5a:e2:0d:3e]
RSSI: -80 [da:0a:51:c3:0b:2a]
RSSI: -84 [da:0a:51:c3:0b:2a]
RSSI: -80 [da:0a:51:d4:0b:4a]
RSSI: -76 [da:0d:5a:ef:0d:6e]
RSSI: -81 [da:0a:51:d4:0b:4a]
RSSI: -83 [da:0a:51:d4:0b:4a]
RSSI: -75 [da:0d:5a:ef:0d:6e]
RSSI: -82 [da:0a:51:d4:0b:4a]
RSSI: -75 [da:0d:5a:fd:0d:8e]
RSSI: -85 [da:0a:51:e0:0b:7a]
RSSI: -76 [da:0d:5a:fd:0d:8e]
RSSI: -83 [da:0a:51:e0:0b:7a]
RSSI: -76 [da:0d:5b:0b:0d:be]
RSSI: -83 [da:0a:51:ee:0b:9a]
RSSI: -75 [da:0d:5b:0b:0d:be]
RSSI: -84 [da:0a:51:ee:0b:9a]
RSSI: -78 [da:0d:5b:17:0d:de]
RSSI: -84 [da:0a:51:fb:0b:ca]
RSSI: -79 [da:0d:5b:17:0d:de]
RSSI: -77 [da:0d:5b:17:0d:de]
RSSI: -84 [da:0a:51:fb:0b:ca]
RSSI: -77 [da:0d:5b:17:0d:de]
RSSI: -73 [da:0d:5b:25:0e:0e]
RSSI: -80 [da:0d:5b:25:0e:0e]
RSSI: -83 [da:0a:52:08:0b:ea]
RSSI: -80 [da:0d:5b:25:0e:0e]
RSSI: -78 [da:0d:5b:33:0e:2e]
RSSI: -81 [da:0a:52:15:0c:0a]
RSSI: -73 [da:0d:5b:33:0e:2e]
RSSI: -90 [da:0f:f6:e9:04:6c]
RSSI: -91 [da:0f:f6:f8:04:9c]
RSSI: -76 [da:0d:5b:5b:0e:9e]
RSSI: -88 [da:0a:52:3d:0c:7a]
RSSI: -83 [da:0a:52:4a:0c:aa]
RSSI: -81 [da:0d:5b:68:0e:ce]
RSSI: -84 [da:0a:52:57:0c:ca]
RSSI: -80 [da:0d:5b:76:0e:ee]
RSSI: -84 [da:0a:52:57:0c:ca]
RSSI: -82 [da:0a:52:57:0c:ca]
RSSI: -81 [da:0d:5b:76:0e:ee]
RSSI: -79 [da:0d:5b:83:0f:1e]
RSSI: -81 [da:0a:52:64:0c:ea]
RSSI: -80 [da:0d:5b:90:0f:3e]
RSSI: -81 [da:0d:5b:90:0f:3e]
RSSI: -92 [da:0f:f7:3f:05:7c]
RSSI: -78 [da:0d:5b:9e:0f:5e]
RSSI: -82 [da:0a:52:7e:0d:3a]
RSSI: -80 [da:0d:5b:9e:0f:5e]
RSSI: -81 [da:0a:52:7e:0d:3a]
RSSI: -81 [da:0d:5b:9e:0f:5e]
RSSI: -84 [da:0a:52:8c:0d:5a]
RSSI: -82 [da:0a:52:8c:0d:5a]
RSSI: -79 [da:0d:5b:ac:0f:8e]
RSSI: -81 [da:0d:5b:b8:0f:ae]
RSSI: -83 [da:0d:5b:b8:0f:ae]
RSSI: -90 [da:0a:52:b3:0d:ca]
RSSI: -85 [da:0d:5b:d4:0f:fe]
RSSI: -88 [da:0a:52:c0:0d:fa]
RSSI: -89 [da:0d:5b:e1:10:1e]
RSSI: -89 [da:0a:52:cd:0e:1a]
RSSI: -91 [da:0d:5b:ef:10:4e]
RSSI: -91 [da:0d:5b:fc:10:6e]
RSSI: -88 [da:0d:5c:09:10:9e]
RSSI: -82 [da:0a:52:e8:0e:6a]
RSSI: -89 [da:0d:5c:09:10:9e]
RSSI: -87 [da:0a:52:f5:0e:8a]
RSSI: -89 [da:0d:5c:17:10:be]
RSSI: -83 [da:0d:5c:17:10:be]
RSSI: -86 [da:0a:53:02:0e:ba]
RSSI: -89 [da:0d:5c:25:10:ee]
RSSI: -80 [da:0a:53:10:0e:da]
RSSI: -84 [da:0d:5c:31:11:0e]
RSSI: -84 [da:0a:53:1c:0e:fa]
RSSI: -85 [da:0d:5c:3f:11:3e]
RSSI: -85 [da:0a:53:2a:0f:2a]
RSSI: -85 [da:0a:53:37:0f:4a]
RSSI: -82 [da:0a:53:44:0f:6a]
RSSI: -87 [da:0d:5c:68:11:ae]
RSSI: -85 [da:0a:53:51:0f:9a]
RSSI: -83 [da:0a:53:51:0f:9a]
RSSI: -89 [da:0d:5c:82:11:fe]
RSSI: -86 [da:0a:53:6b:0f:da]
RSSI: -89 [da:0a:53:79:10:0a]
RSSI: -89 [da:0d:5c:9e:12:4e]
RSSI: -90 [da:0a:53:79:10:0a]
RSSI: -92 [da:0a:53:93:10:4a]
RSSI: -89 [da:0a:53:93:10:4a]
RSSI: -96 [da:0a:53:ae:10:9a]
RSSI: -91 [da:0a:53:ba:10:ba]
RSSI: -89 [da:0d:5c:e1:13:0e]
RSSI: -98 [da:0d:5d:24:13:ce]
RSSI: -90 [da:0f:f8:e2:0a:bc]
RSSI: -89 [da:0d:5d:40:14:1e]
RSSI: -87 [da:0f:f8:ef:0a:ec]
RSSI: -88 [da:0a:54:3f:12:2a]
RSSI: -88 [da:0a:54:4c:12:5a]
RSSI: -89 [da:0d:5d:68:14:8e]
RSSI: -86 [da:0a:54:59:12:7a]
RSSI: -91 [da:0f:f9:29:0b:9c]
RSSI: -85 [da:0a:54:67:12:9a]
RSSI: -86 [da:08:70:71:16:5b]
RSSI: -88 [da:0a:54:67:12:9a]
RSSI: -87 [da:0f:f9:38:0b:dc]
RSSI: -87 [da:0a:54:81:12:ea]
RSSI: -85 [da:0a:54:8e:13:0a]
RSSI: -84 [da:0a:54:8e:13:0a]
RSSI: -90 [da:0d:5d:ac:15:4e]
RSSI: -84 [da:0a:54:8e:13:0a]
RSSI: -88 [da:0d:5d:b9:15:6e]
RSSI: -88 [da:0a:54:9c:13:2a]
RSSI: -86 [da:08:70:aa:00:7b]
RSSI: -86 [da:0a:54:9c:13:2a]
RSSI: -85 [da:08:70:b8:00:ab]
RSSI: -87 [da:0d:5d:c6:15:9e]
RSSI: -85 [da:08:70:b8:00:ab]
RSSI: -83 [da:08:70:c5:00:cb]
RSSI: -86 [da:08:70:c5:00:cb]
RSSI: -85 [da:08:70:d3:00:fb]
RSSI: -84 [da:08:70:d3:00:fb]
RSSI: -91 [da:0a:54:d0:13:ca]
RSSI: -92 [da:0a:54:d0:13:ca]
RSSI: -86 [da:0a:54:de:13:ea]
RSSI: -86 [da:0a:54:de:13:ea]
RSSI: -87 [da:0d:5d:fd:16:2e]
RSSI: -87 [da:08:70:ef:01:4b]
RSSI: -88 [da:0d:5e:17:00:2e]
RSSI: -88 [da:0a:54:f8:14:3a]
RSSI: -89 [da:0d:5e:17:00:2e]
RSSI: -86 [da:0a:55:06:14:5a]
RSSI: -84 [da:0a:55:13:14:7a]
RSSI: -84 [da:0a:55:13:14:7a]
RSSI: -84 [da:0a:55:13:14:7a]
RSSI: -89 [da:0d:5e:33:00:7e]
RSSI: -84 [da:0a:55:20:14:aa]
RSSI: -82 [da:0a:55:20:14:aa]
RSSI: -82 [da:0a:55:20:14:aa]
RSSI: -86 [da:0f:f9:f2:0e:2c]
RSSI: -90 [da:08:71:36:02:1b]
RSSI: -81 [da:0a:55:2d:14:ca]
RSSI: -88 [da:0f:f9:f2:0e:2c]
RSSI: -80 [da:0a:55:3b:14:fa]
RSSI: -91 [da:0f:fa:02:0e:5c]
RSSI: -81 [da:0a:55:47:15:1a]
RSSI: -88 [da:0d:5e:68:01:0e]
RSSI: -88 [da:0f:fa:1e:0e:ac]
RSSI: -81 [da:0a:55:55:15:3a]
RSSI: -91 [da:0d:5e:76:01:3e]
RSSI: -88 [da:0f:fa:1e:0e:ac]
RSSI: -82 [da:0a:55:63:15:6a]
RSSI: -84 [da:0f:fa:2d:0e:ec]
RSSI: -82 [da:0a:55:63:15:6a]
RSSI: -87 [da:0f:fa:2d:0e:ec]
RSSI: -82 [da:0a:55:6f:15:8a]
RSSI: -83 [da:0a:55:6f:15:8a]
RSSI: -85 [da:0f:fa:3d:0f:1c]
RSSI: -83 [da:0a:55:6f:15:8a]
RSSI: -83 [da:0f:fa:3d:0f:1c]
RSSI: -82 [da:0a:55:7d:15:aa]
RSSI: -84 [da:0f:fa:49:0f:3c]
RSSI: -84 [da:0a:55:8a:15:ca]
RSSI: -89 [da:0f:fa:59:0f:6c]
RSSI: -86 [da:0f:fa:68:0f:9c]
RSSI: -87 [da:0f:fa:68:0f:9c]
RSSI: -81 [da:0a:55:a5:16:1a]
RSSI: -80 [da:0a:55:a5:16:1a]
RSSI: -86 [da:0f:fa:74:0f:cc]
RSSI: -82 [da:0a:55:b2:16:3a]
RSSI: -87 [da:0f:fa:74:0f:cc]
RSSI: -82 [da:0a:55:b2:16:3a]
RSSI: -81 [da:0a:55:bf:16:6a]
RSSI: -86 [da:0f:fa:84:0f:fc]
RSSI: -81 [da:0a:55:bf:16:6a]
RSSI: -82 [da:0a:55:bf:16:6a]
RSSI: -81 [da:0a:55:cc:00:2a]
RSSI: -82 [da:0a:55:da:00:4a]
RSSI: -81 [da:0a:55:e7:00:6a]
RSSI: -80 [da:0a:55:e7:00:6a]
RSSI: -81 [da:0a:55:f4:00:9a]
RSSI: -81 [da:0a:55:f4:00:9a]
RSSI: -90 [da:0f:fa:bf:10:bc]
RSSI: -81 [da:0a:56:02:00:ba]
RSSI: -81 [da:0a:56:02:00:ba]
RSSI: -80 [da:0a:56:0f:00:da]
RSSI: -79 [da:0a:56:0f:00:da]
RSSI: -90 [da:0f:fa:db:11:0c]
RSSI: -83 [da:0a:56:1c:01:0a]
RSSI: -82 [da:0a:56:1c:01:0a]
RSSI: -83 [da:0a:56:2a:01:2a]
RSSI: -89 [da:0f:fa:f7:11:6c]
RSSI: -82 [da:0a:56:36:01:4a]
RSSI: -83 [da:0f:fb:06:11:9c]
RSSI: -86 [da:0a:56:44:01:7a]
RSSI: -81 [da:0f:fb:06:11:9c]
RSSI: -83 [da:0f:fb:16:11:cc]
RSSI: -82 [da:0a:56:52:01:9a]
RSSI: -78 [da:0f:fb:16:11:cc]
RSSI: -86 [da:0a:56:52:01:9a]
RSSI: -79 [da:0f:fb:22:11:fc]
RSSI: -84 [da:0a:56:5e:01:ba]
RSSI: -79 [da:0f:fb:22:11:fc]
RSSI: -86 [da:0a:56:6c:01:ea]
RSSI: -83 [da:0a:56:6c:01:ea]
RSSI: -74 [da:0f:fb:41:12:5c]
RSSI: -83 [da:0a:56:7a:02:0a]
RSSI: -73 [da:0f:fb:41:12:5c]
RSSI: -87 [da:0a:56:7a:02:0a]
RSSI: -83 [da:0a:56:86:02:2a]
RSSI: -75 [da:0f:fb:4e:12:7c]
RSSI: -86 [da:0a:56:86:02:2a]
RSSI: -73 [da:0f:fb:4e:12:7c]
RSSI: -91 [da:0a:56:94:02:5a]
RSSI: -74 [da:0f:fb:5d:12:ac]
RSSI: -72 [da:0f:fb:6c:12:dc]
RSSI: -73 [da:0f:fb:79:13:0c]
RSSI: -72 [da:0f:fb:79:13:0c]
RSSI: -88 [da:0a:56:bc:02:ba]
RSSI: -73 [da:0f:fb:89:13:3c]
RSSI: -90 [da:0a:56:c9:02:ea]
RSSI: -77 [da:0f:fb:98:13:6c]
RSSI: -76 [da:0f:fb:ba:13:dc]
RSSI: -79 [da:0f:fb:ba:13:dc]
RSSI: -77 [da:0f:fb:c9:14:0c]
RSSI: -78 [da:0f:fb:c9:14:0c]
RSSI: -78 [da:0f:fb:c9:14:0c]
RSSI: -84 [da:0a:57:0c:03:9a]
RSSI: -87 [da:0a:57:19:03:ba]
RSSI: -86 [da:0a:57:19:03:ba]
RSSI: -86 [da:0a:57:26:03:ea]
RSSI: -86 [da:0a:57:26:03:ea]
RSSI: -81 [da:0a:57:34:04:0a]
RSSI: -86 [da:0f:fc:02:14:bc]
RSSI: -82 [da:0a:57:34:04:0a]
RSSI: -78 [da:0a:57:41:04:2a]
RSSI: -80 [da:0a:57:4e:04:5a]
RSSI: -86 [da:0f:fc:11:14:ec]
RSSI: -77 [da:0a:57:4e:04:5a]
RSSI: -84 [da:0f:fc:21:15:1c]
RSSI: -76 [da:0a:57:5c:04:7a]
RSSI: -85 [da:0f:fc:2d:15:3c]
RSSI: -77 [da:0a:57:69:04:9a]
RSSI: -90 [da:0f:fc:2d:15:3c]
RSSI: -73 [da:0a:57:84:04:ea]
RSSI: -85 [da:0f:fc:4c:15:9c]
RSSI: -72 [da:0a:57:84:04:ea]
RSSI: -92 [da:0d:60:aa:07:8e]
RSSI: -76 [da:0a:57:91:05:1a]
RSSI: -71 [da:0a:57:9e:05:3a]
RSSI: -91 [da:0f:fc:68:15:fc]
RSSI: -70 [da:0a:57:ac:05:5a]
RSSI: -88 [da:0d:60:c6:07:de]
RSSI: -74 [da:0a:57:b9:05:8a]
RSSI: -70 [da:0a:57:b9:05:8a]
RSSI: -70 [da:0a:57:c6:05:aa]
RSSI: -72 [da:0a:57:c6:05:aa]
RSSI: -69 [da:0a:57:d4:05:ca]
RSSI: -70 [da:0a:57:d4:05:ca]
RSSI: -70 [da:0a:57:e1:05:fa]
RSSI: -69 [da:0a:57:e1:05:fa]
RSSI: -69 [da:0a:57:ee:06:1a]
RSSI: -69 [da:0a:57:fc:06:4a]
RSSI: -68 [da:0a:57:fc:06:4a]
RSSI: -93 [da:0f:fc:cf:00:bc]
RSSI: -69 [da:0a:58:09:06:6a]
RSSI: -70 [da:0a:58:16:06:8a]
RSSI: -69 [da:0a:58:24:06:ba]
RSSI: -70 [da:0a:58:31:06:da]
RSSI: -70 [da:0a:58:31:06:da]
RSSI: -89 [da:0f:fc:fb:01:4c]
RSSI: -88 [da:0d:61:5c:09:8e]
RSSI: -72 [da:0a:58:3e:06:fa]
RSSI: -71 [da:0a:58:3e:06:fa]
RSSI: -72 [da:0a:58:4c:07:2a]
RSSI: -90 [da:0d:61:6a:09:be]
RSSI: -74 [da:0a:58:4c:07:2a]
RSSI: -75 [da:0a:58:5a:07:4a]
RSSI: -91 [da:0f:fd:26:01:cc]
RSSI: -76 [da:0a:58:5a:07:4a]
RSSI: -78 [da:0a:58:66:07:7a]
RSSI: -88 [da:0d:61:85:0a:0e]
RSSI: -78 [da:0a:58:66:07:7a]
RSSI: -78 [da:0a:58:74:07:9a]
RSSI: -78 [da:0a:58:74:07:9a]
RSSI: -79 [da:0a:58:82:07:ba]
RSSI: -87 [da:0d:61:9f:0a:5e]
RSSI: -79 [da:0a:58:82:07:ba]
RSSI: -88 [da:0f:fd:52:02:5c]
RSSI: -79 [da:0a:58:8e:07:ea]
RSSI: -86 [da:0d:61:ae:0a:7e]
RSSI: -88 [da:0f:fd:5e:02:8c]
RSSI: -75 [da:0a:58:9c:08:0a]
RSSI: -79 [da:0a:58:aa:08:3a]
RSSI: -78 [da:0a:58:aa:08:3a]
RSSI: -88 [da:0d:61:c8:0a:ce]
RSSI: -78 [da:0a:58:aa:08:3a]
RSSI: -79 [da:0a:58:b6:08:5a]
RSSI: -86 [da:0d:61:d7:0a:fe]
RSSI: -89 [da:0d:61:d7:0a:fe]
RSSI: -78 [da:0a:58:c4:08:7a]
RSSI: -92 [da:0d:61:e5:0b:1e]
RSSI: -78 [da:0a:58:c4:08:7a]
RSSI: -85 [da:0d:61:e5:0b:1e]
RSSI: -91 [da:0f:fd:9a:03:3c]
RSSI: -87 [da:0a:58:df:08:ca]
RSSI: -85 [da:0d:62:00:0b:6e]
RSSI: -89 [da:0f:fd:a9:03:6c]
RSSI: -84 [da:0d:62:0e:0b:8e]
RSSI: -88 [da:0f:fd:c5:03:cc]
RSSI: -87 [da:0d:62:29:0b:de]
RSSI: -85 [da:0d:62:37:0c:0e]
RSSI: -94 [da:0f:fd:e1:04:1c]
RSSI: -90 [da:0f:fd:e1:04:1c]
RSSI: -89 [da:0a:59:22:09:8a]
RSSI: -85 [da:0d:62:43:0c:2e]
RSSI: -90 [da:0f:fd:f1:04:5c]
RSSI: -87 [da:0d:62:52:0c:5e]
RSSI: -87 [da:0a:59:2f:09:aa]
RSSI: -83 [da:0f:fe:01:04:8c]
RSSI: -82 [da:0d:62:60:0c:7e]
RSSI: -86 [da:0a:59:3d:09:da]
RSSI: -84 [da:0d:62:60:0c:7e]
RSSI: -87 [da:0f:fe:0d:04:ac]
RSSI: -83 [da:0f:fe:0d:04:ac]
RSSI: -80 [da:0d:62:6c:0c:ae]
RSSI: -88 [da:0f:fe:1d:04:dc]
RSSI: -84 [da:0a:59:57:0a:2a]
RSSI: -84 [da:0d:62:7b:0c:ce]
RSSI: -82 [da:0a:59:65:0a:4a]
RSSI: -77 [da:0d:62:89:0c:fe]
RSSI: -83 [da:0a:59:65:0a:4a]
RSSI: -84 [da:0a:59:73:0a:7a]
RSSI: -82 [da:0a:59:73:0a:7a]
RSSI: -77 [da:0d:62:95:0d:1e]
RSSI: -82 [da:0a:59:7f:0a:9a]
RSSI: -77 [da:0d:62:a4:0d:4e]
RSSI: -81 [da:0a:59:8d:0a:ba]
RSSI: -76 [da:0d:62:a4:0d:4e]
RSSI: -74 [da:0d:62:b2:0d:6e]
RSSI: -82 [da:0a:59:9b:0a:ea]
RSSI: -80 [da:0a:59:9b:0a:ea]
RSSI: -81 [da:0a:59:a8:0b:0a]
RSSI: -84 [da:0a:59:a8:0b:0a]
RSSI: -78 [da:0d:62:cd:0d:be]
RSSI: -80 [da:0a:59:b5:0b:2a]
RSSI: -82 [da:0a:59:b5:0b:2a]
RSSI: -72 [da:0d:62:db:0d:ee]
RSSI: -82 [da:0a:59:c3:0b:5a]
RSSI: -79 [da:0d:62:e8:0e:0e]
RSSI: -85 [da:0a:59:d0:0b:7a]
RSSI: -77 [da:0d:62:f6:0e:2e]
RSSI: -78 [da:0d:62:f6:0e:2e]
RSSI: -85 [da:0a:59:de:0b:9a]
RSSI: -75 [da:0d:63:04:0e:5e]
RSSI: -75 [da:0d:63:04:0e:5e]
RSSI: -83 [da:0a:59:eb:0b:ca]
RSSI: -84 [da:0a:59:eb:0b:ca]
RSSI: -76 [da:0d:63:11:0e:7e]
RSSI: -82 [da:0a:59:f8:0b:ea]
RSSI: -74 [da:0d:63:1f:0e:ae]
RSSI: -83 [da:0a:5a:06:0c:1a]
RSSI: -80 [da:0a:5a:06:0c:1a]
RSSI: -75 [da:0d:63:2d:0e:ce]
RSSI: -82 [da:0a:5a:14:0c:3a]
RSSI: -75 [da:0d:63:2d:0e:ce]
RSSI: -89 [da:0f:fe:db:07:3c]
RSSI: -82 [da:0a:5a:14:0c:3a]
RSSI: -76 [da:0d:63:3a:0e:ee]
RSSI: -79 [da:0a:5a:20:0c:5a]
RSSI: -82 [da:0a:5a:20:0c:5a]
RSSI: -76 [da:0d:63:48:0f:1e]
RSSI: -81 [da:0a:5a:2e:0c:8a]
RSSI: -79 [da:0a:5a:2e:0c:8a]
RSSI: -79 [da:0d:63:56:0f:4e]
RSSI: -81 [da:0a:5a:3c:0c:aa]
RSSI: -79 [da:0d:63:56:0f:4e]
RSSI: -78 [da:0d:63:56:0f:4e]
RSSI: -80 [da:0a:5a:3c:0c:aa]
RSSI: -75 [da:0d:63:63:0f:6e]
RSSI: -84 [da:0d:63:63:0f:6e]
RSSI: -79 [da:0a:5a:49:0c:da]
RSSI: -82 [da:0d:63:71:0f:8e]
RSSI: -77 [da:0d:63:71:0f:8e]
RSSI: -80 [da:0a:5a:56:0c:fa]
RSSI: -85 [da:0d:63:7f:0f:be]
RSSI: -85 [da:0d:63:7f:0f:be]
RSSI: -80 [da:0a:5a:64:0d:1a]
RSSI: -85 [da:0d:63:7f:0f:be]
RSSI: -81 [da:0a:5a:71:0d:4a]
RSSI: -84 [da:0a:5a:7f:0d:6a]
RSSI: -81 [da:0a:5a:7f:0d:6a]
RSSI: -82 [da:0a:5a:8d:0d:9a]
RSSI: -82 [da:0a:5a:8d:0d:9a]
RSSI: -82 [da:0a:5a:99:0d:ba]
RSSI: -83 [da:0a:5a:99:0d:ba]
RSSI: -84 [da:0a:5a:99:0d:ba]
RSSI: -87 [da:0d:63:b5:10:5e]
RSSI: -85 [da:0a:5a:99:0d:ba]
RSSI: -89 [da:0d:63:c3:10:8e]
RSSI: -86 [da:0a:5a:a7:0d:da]
RSSI: -85 [da:0a:5a:a7:0d:da]
RSSI: -86 [da:0a:5a:a7:0d:da]
RSSI: -85 [da:0d:63:d2:10:ae]
RSSI: -86 [da:0a:5a:b5:0e:0a]
RSSI: -85 [da:0d:63:d2:10:ae]
RSSI: -87 [da:0a:5a:b5:0e:0a]
RSSI: -89 [da:0d:63:de:10:de]
RSSI: -90 [da:0a:5a:c2:0e:2a]
RSSI: -85 [da:0d:63:de:10:de]
RSSI: -88 [da:0d:63:ed:10:fe]
RSSI: -86 [da:0d:63:fb:11:2e]
RSSI: -91 [da:0a:5a:dd:0e:7a]
RSSI: -86 [da:0d:63:fb:11:2e]
RSSI: -88 [da:0d:64:07:11:4e]
RSSI: -89 [da:0f:ff:b7:09:fc]
RSSI: -92 [da:0a:5b:12:0f:1a]
RSSI: -87 [da:0d:64:31:11:be]
RSSI: -92 [da:0f:ff:e2:0a:8c]
RSSI: -92 [da:0d:64:4d:12:1e]
RSSI: -91 [da:0f:ff:ff:0a:ec]
RSSI: -93 [da:0a:5b:49:0f:aa]
RSSI: -91 [da:0d:64:76:12:8e]
RSSI: -91 [da:0a:5b:57:0f:da]
RSSI: -91 [da:0d:64:76:12:8e]
RSSI: -90 [da:10:00:2b:0b:7c]
RSSI: -90 [da:0d:64:91:12:de]
RSSI: -88 [da:0d:64:a0:12:fe]
RSSI: -90 [da:0a:5b:8c:10:6a]
RSSI: -96 [da:08:77:99:14:bb]
RSSI: -88 [da:0a:5b:9a:10:8a]
RSSI: -90 [da:0a:5b:a7:10:ba]
RSSI: -90 [da:0d:64:c9:13:7e]
RSSI: -89 [da:0d:64:d6:13:9e]
RSSI: -91 [da:0d:64:d6:13:9e]
RSSI: -91 [da:0d:64:f2:13:ee]
RSSI: -90 [da:0a:5b:d0:11:2a]
RSSI: -89 [da:10:00:9f:0c:ec]
RSSI: -89 [da:0d:64:ff:14:1e]
RSSI: -93 [da:08:77:fd:15:db]
RSSI: -89 [da:10:00:cb:0d:7c]
RSSI: -89 [da:0a:5c:13:11:ea]
RSSI: -91 [da:0d:65:37:14:ae]
RSSI: -86 [da:08:78:27:16:5b]
RSSI: -88 [da:0a:5c:21:12:0a]
RSSI: -86 [da:10:00:ea:0d:dc]
RSSI: -88 [da:08:78:36:00:0b]
RSSI: -90 [da:0d:65:45:14:de]
RSSI: -87 [da:10:00:f7:0e:0c]
RSSI: -85 [da:10:01:16:0e:6c]
RSSI: -87 [da:0a:5c:49:12:8a]
RSSI: -86 [da:08:78:61:00:7b]
RSSI: -85 [da:10:01:23:0e:9c]
RSSI: -87 [da:08:78:6d:00:ab]
RSSI: -83 [da:10:01:33:0e:cc]
RSSI: -84 [da:08:78:7c:00:cb]
RSSI: -85 [da:10:01:42:0e:fc]
RSSI: -85 [da:08:78:8b:00:fb]
RSSI: -90 [da:0d:65:98:15:be]
RSSI: -84 [da:10:01:42:0e:fc]
RSSI: -85 [da:10:01:4f:0f:1c]
RSSI: -86 [da:08:78:98:01:1b]
RSSI: -87 [da:0d:65:b3:16:0e]
RSSI: -80 [da:10:01:5f:0f:5c]
RSSI: -88 [da:0d:65:b3:16:0e]
RSSI: -86 [da:08:78:a7:01:4b]
RSSI: -89 [da:0d:65:c1:16:3e]
RSSI: -87 [da:08:78:a7:01:4b]
RSSI: -86 [da:10:01:6e:0f:8c]
RSSI: -88 [da:10:01:7b:0f:ac]
RSSI: -90 [da:0d:65:dc:00:2e]
RSSI: -90 [da:08:78:d2:01:cb]
RSSI: -86 [da:10:01:8b:0f:dc]
RSSI: -81 [da:10:01:9a:10:1c]
RSSI: -90 [da:0d:65:f7:00:7e]
RSSI: -81 [da:10:01:a7:10:3c]
RSSI: -88 [da:0d:65:f7:00:7e]
RSSI: -78 [da:10:01:a7:10:3c]
RSSI: -79 [da:10:01:b7:10:6c]
RSSI: -90 [da:0d:66:14:00:ce]
RSSI: -92 [da:0d:66:14:00:ce]
RSSI: -82 [da:10:01:c7:10:ac]
RSSI: -81 [da:10:01:c7:10:ac]
RSSI: -89 [da:0d:66:20:00:fe]
RSSI: -92 [da:0a:5d:06:14:9a]
RSSI: -76 [da:10:01:d3:10:cc]
RSSI: -84 [da:10:01:d3:10:cc]
RSSI: -92 [da:0d:66:2f:01:1e]
RSSI: -89 [da:0a:5d:14:14:ba]
RSSI: -79 [da:10:01:e3:10:fc]
RSSI: -85 [da:10:01:f3:11:2c]
RSSI: -84 [da:10:01:f3:11:2c]
RSSI: -88 [da:0a:5d:2f:15:0a]
RSSI: -77 [da:10:02:0f:11:8c]
RSSI: -75 [da:10:02:1f:11:bc]
RSSI: -89 [da:0a:5d:57:15:7a]
RSSI: -74 [da:10:02:2b:11:dc]
RSSI: -86 [da:0a:5d:65:15:9a]
RSSI: -73 [da:10:02:2b:11:dc]
RSSI: -73 [da:10:02:3b:12:0c]
RSSI: -69 [da:10:02:3b:12:0c]
RSSI: -71 [da:10:02:4b:12:3c]
RSSI: -84 [da:0a:5d:80:15:ea]
RSSI: -85 [da:0a:5d:8e:16:0a]
RSSI: -67 [da:10:02:58:12:6c]
RSSI: -85 [da:0a:5d:8e:16:0a]
RSSI: -66 [da:10:02:58:12:6c]
RSSI: -69 [da:10:02:58:12:6c]
RSSI: -85 [da:0a:5d:9b:16:3a]
RSSI: -84 [da:0a:5d:9b:16:3a]
RSSI: -67 [da:10:02:67:12:9c]
RSSI: -65 [da:10:02:67:12:9c]
RSSI: -69 [da:10:02:77:12:cc]
RSSI: -85 [da:0a:5d:a9:00:2a]
RSSI: -66 [da:10:02:77:12:cc]
RSSI: -68 [da:10:02:84:12:fc]
RSSI: -83 [da:0a:5d:c3:00:7a]
RSSI: -65 [da:10:02:94:13:2c]
RSSI: -84 [da:0a:5d:d1:00:9a]
RSSI: -68 [da:10:02:94:13:2c]
RSSI: -82 [da:0a:5d:d1:00:9a]
RSSI: -66 [da:10:02:a3:13:5c]
RSSI: -86 [da:0a:5d:df:00:ca]
RSSI: -65 [da:10:02:a3:13:5c]
RSSI: -86 [da:0a:5d:df:00:ca]
RSSI: -86 [da:0a:5d:df:00:ca]
RSSI: -85 [da:0a:5d:ec:00:ea]
RSSI: -69 [da:10:02:c0:13:bc]
RSSI: -70 [da:10:02:c0:13:bc]
RSSI: -87 [da:0a:5d:fa:01:0a]
RSSI: -68 [da:10:02:c0:13:bc]
RSSI: -67 [da:10:02:cf:13:ec]
RSSI: -85 [da:0a:5e:08:01:3a]
RSSI: -91 [da:0a:5e:15:01:5a]
RSSI: -85 [da:0a:5e:15:01:5a]
RSSI: -71 [da:10:02:dc:14:0c]
RSSI: -85 [da:0a:5e:15:01:5a]
RSSI: -72 [da:10:02:ec:14:3c]
RSSI: -75 [da:10:02:ec:14:3c]
RSSI: -81 [da:10:02:fc:14:7c]
RSSI: -81 [da:10:02:fc:14:7c]
RSSI: -86 [da:0a:5e:3d:01:ca]
RSSI: -88 [da:10:03:08:14:9c]
RSSI: -81 [da:10:03:18:14:cc]
RSSI: -98 [da:0d:67:7a:04:de]
RSSI: -82 [da:10:03:28:14:fc]
RSSI: -92 [da:0a:5e:66:02:4a]
RSSI: -82 [da:10:03:34:15:2c]
RSSI: -77 [da:10:03:34:15:2c]
RSSI: -94 [da:0a:5e:74:02:6a]
RSSI: -80 [da:10:03:44:15:5c]
RSSI: -78 [da:10:03:44:15:5c]
RSSI: -78 [da:10:03:54:15:8c]
RSSI: -84 [da:10:03:61:15:bc]
RSSI: -85 [da:10:03:61:15:bc]
RSSI: -95 [da:0a:5e:c6:03:4a]
RSSI: -88 [da:10:03:8d:16:3c]
RSSI: -95 [da:0a:5e:d4:03:7a]
RSSI: -86 [da:10:03:b9:00:5c]
RSSI: -86 [da:10:03:b9:00:5c]
RSSI: -86 [da:0a:5e:fc:03:ea]
RSSI: -87 [da:10:03:c9:00:8c]
RSSI: -82 [da:0a:5f:09:04:0a]
RSSI: -85 [da:10:03:d9:00:bc]
RSSI: -82 [da:0a:5f:09:04:0a]
RSSI: -82 [da:0a:5f:1c:04:3a]
RSSI: -82 [da:0a:5f:1c:04:3a]
RSSI: -82 [da:0a:5f:2d:04:6a]
RSSI: -81 [da:0a:5f:2d:04:6a]
RSSI: -88 [da:10:03:f5:01:1c]
RSSI: -81 [da:0a:5f:39:04:9a]
RSSI: -86 [da:10:04:05:01:4c]
RSSI: -82 [da:0a:5f:39:04:9a]
RSSI: -81 [da:0a:5f:47:04:ba]
RSSI: -84 [da:10:04:12:01:7c]
RSSI: -80 [da:0a:5f:47:04:ba]
RSSI: -88 [da:10:04:12:01:7c]
RSSI: -80 [da:0a:5f:55:04:ea]
RSSI: -79 [da:0a:5f:55:04:ea]
RSSI: -86 [da:10:04:22:01:ac]
RSSI: -86 [da:10:04:22:01:ac]
RSSI: -79 [da:0a:5f:62:05:0a]
RSSI: -86 [da:10:04:32:01:dc]
RSSI: -76 [da:0a:5f:70:05:2a]
RSSI: -80 [da:0a:5f:7e:05:5a]
RSSI: -89 [da:10:04:4e:02:3c]
RSSI: -81 [da:0a:5f:8b:05:7a]
RSSI: -82 [da:0a:5f:8b:05:7a]
RSSI: -84 [da:10:04:5e:02:6c]
RSSI: -76 [da:0a:5f:99:05:aa]
RSSI: -82 [da:10:04:5e:02:6c]
RSSI: -84 [da:0a:5f:99:05:aa]
RSSI: -84 [da:0a:5f:a7:05:ca]
RSSI: -87 [da:10:04:6a:02:8c]
RSSI: -76 [da:0a:5f:a7:05:ca]
RSSI: -88 [da:10:04:8a:02:fc]
RSSI: -77 [da:0a:5f:d0:06:3a]
RSSI: -84 [da:0a:5f:dd:06:6a]
RSSI: -87 [da:10:04:a7:03:4c]
RSSI: -87 [da:10:04:a7:03:4c]
RSSI: -85 [da:0a:5f:eb:06:8a]
RSSI: -88 [da:10:04:b7:03:7c]
RSSI: -82 [da:0a:5f:eb:06:8a]
RSSI: -90 [da:0d:69:0c:09:5e]
RSSI: -80 [da:0a:5f:f9:06:ba]
RSSI: -80 [da:0a:5f:f9:06:ba]
RSSI: -82 [da:0a:60:06:06:da]
RSSI: -83 [da:0a:60:06:06:da]
RSSI: -87 [da:10:04:d3:03:dc]
RSSI: -84 [da:0a:60:14:06:fa]
RSSI: -90 [da:10:04:d3:03:dc]
RSSI: -83 [da:0a:60:14:06:fa]
RSSI: -88 [da:0d:69:36:09:ce]
RSSI: -87 [da:10:04:e3:04:0c]
RSSI: -85 [da:0a:60:22:07:2a]
RSSI: -85 [da:0a:60:22:07:2a]
RSSI: -86 [da:0a:60:2e:07:4a]
RSSI: -91 [da:0d:69:53:0a:2e]
RSSI: -86 [da:0a:60:2e:07:4a]
RSSI: -88 [da:0d:69:53:0a:2e]
RSSI: -83 [da:0a:60:3d:07:7a]
RSSI: -85 [da:10:04:ff:04:5c]
RSSI: -89 [da:0d:69:5f:0a:4e]
RSSI: -87 [da:10:05:0f:04:9c]
RSSI: -86 [da:0a:60:4b:07:9a]
RSSI: -87 [da:0d:69:6e:0a:7e]
RSSI: -85 [da:0a:60:57:07:ba]
RSSI: -79 [da:10:05:1c:04:bc]
RSSI: -85 [da:0a:60:57:07:ba]
RSSI: -89 [da:0d:69:7c:0a:9e]
RSSI: -83 [da:10:05:2c:04:ec]
RSSI: -80 [da:10:05:2c:04:ec]
RSSI: -91 [da:0d:69:89:0a:ce]
RSSI: -86 [da:10:05:3c:05:1c]
RSSI: -84 [da:10:05:3c:05:1c]
RSSI: -85 [da:0a:60:80:08:2a]
RSSI: -89 [da:0d:69:a6:0b:1e]
RSSI: -90 [da:0d:69:a6:0b:1e]
RSSI: -85 [da:0a:60:8f:08:5a]
RSSI: -86 [da:10:05:58:05:7c]
RSSI: -85 [da:0a:60:8f:08:5a]
RSSI: -89 [da:0a:60:9d:08:7a]
RSSI: -86 [da:0a:60:a9:08:aa]
RSSI: -91 [da:0a:60:b8:08:ca]
RSSI: -91 [da:10:05:85:06:0c]
RSSI: -86 [da:0d:69:dd:0b:be]
RSSI: -84 [da:10:05:95:06:3c]
RSSI: -86 [da:0d:69:eb:0b:de]
RSSI: -90 [da:0a:60:d2:09:1a]
RSSI: -87 [da:0d:69:fa:0c:0e]
RSSI: -88 [da:10:05:a1:06:6c]
RSSI: -86 [da:0a:60:e1:09:3a]
RSSI: -89 [da:0d:6a:15:0c:5e]
RSSI: -85 [da:0a:60:fb:09:8a]
RSSI: -90 [da:0a:60:fb:09:8a]
RSSI: -89 [da:0d:6a:30:0c:ae]
RSSI: -90 [da:10:05:de:07:2c]
RSSI: -85 [da:0d:6a:3f:0c:de]
RSSI: -87 [da:0d:6a:3f:0c:de]
RSSI: -84 [da:0d:6a:4d:0d:0e]
RSSI: -86 [da:0a:61:33:0a:2a]
RSSI: -85 [da:0d:6a:5a:0d:2e]
RSSI: -86 [da:0a:61:41:0a:5a]
RSSI: -88 [da:10:06:0a:07:bc]
RSSI: -85 [da:0d:6a:77:0d:7e]
RSSI: -84 [da:0d:6a:77:0d:7e]
RSSI: -87 [da:10:06:27:08:0c]
RSSI: -93 [da:0a:61:5c:0a:9a]
RSSI: -87 [da:0a:61:6a:0a:ca]
RSSI: -82 [da:0d:6a:84:0d:9e]
RSSI: -82 [da:0d:6a:92:0d:ce]
RSSI: -84 [da:0d:6a:92:0d:ce]
RSSI: -81 [da:0d:6a:a1:0d:ee]
RSSI: -80 [da:0d:6a:a1:0d:ee]
RSSI: -92 [da:10:06:53:08:9c]
RSSI: -79 [da:0d:6a:ae:0e:1e]
RSSI: -90 [da:10:06:63:08:cc]
RSSI: -79 [da:0d:6a:bc:0e:3e]
RSSI: -81 [da:0d:6a:cb:0e:6e]
RSSI: -80 [da:0d:6a:d7:0e:8e]
RSSI: -83 [da:0d:6a:d7:0e:8e]
RSSI: -89 [da:0a:61:bc:0b:ba]
RSSI: -80 [da:0d:6a:e6:0e:be]
RSSI: -86 [da:0a:61:c8:0b:da]
RSSI: -86 [da:10:06:90:09:6c]
RSSI: -85 [da:0d:6a:f5:0e:ee]
RSSI: -84 [da:0d:6a:f5:0e:ee]
RSSI: -90 [da:0a:61:f2:0c:4a]
RSSI: -87 [da:0d:6b:10:0f:3e]
RSSI: -86 [da:10:06:bc:09:ec]
RSSI: -91 [da:0a:61:f2:0c:4a]
RSSI: -82 [da:0d:6b:1f:0f:5e]
RSSI: -90 [da:0a:62:00:0c:7a]
RSSI: -90 [da:0d:6b:1f:0f:5e]
RSSI: -90 [da:0a:62:0e:0c:9a]
RSSI: -90 [da:0a:62:0e:0c:9a]
RSSI: -85 [da:0d:6b:2b:0f:8e]
RSSI: -89 [da:0a:62:1b:0c:ba]
RSSI: -90 [da:0a:62:1b:0c:ba]
RSSI: -85 [da:0a:62:29:0c:ea]
RSSI: -89 [da:10:06:f9:0a:bc]
RSSI: -85 [da:10:06:f9:0a:bc]
RSSI: -86 [da:10:06:f9:0a:bc]
RSSI: -87 [da:0d:6b:55:0f:fe]
RSSI: -88 [da:0d:6b:55:0f:fe]
RSSI: -85 [da:10:07:05:0a:dc]
RSSI: -88 [da:0a:62:44:0d:2a]
RSSI: -84 [da:10:07:05:0a:dc]
RSSI: -83 [da:10:07:16:0b:0c]
RSSI: -90 [da:0a:62:52:0d:5a]
RSSI: -90 [da:0a:62:60:0d:7a]
RSSI: -85 [da:0a:62:60:0d:7a]
RSSI: -86 [da:10:07:32:0b:6c]
RSSI: -89 [da:0a:62:7b:0d:ca]
RSSI: -88 [da:10:07:42:0b:9c]
RSSI: -89 [da:0a:62:7b:0d:ca]
RSSI: -90 [da:10:07:42:0b:9c]
RSSI: -90 [da:0a:62:89:0d:ea]
RSSI: -88 [da:10:07:52:0b:dc]
RSSI: -92 [da:0d:6b:a9:10:ee]
RSSI: -89 [da:10:07:5f:0b:fc]
RSSI: -89 [da:0a:62:b3:0e:6a]
RSSI: -92 [da:10:07:7f:0c:6c]
RSSI: -85 [da:10:07:7f:0c:6c]
RSSI: -89 [da:10:07:8b:0c:8c]
RSSI: -86 [da:10:07:8b:0c:8c]
RSSI: -88 [da:10:07:ab:0c:fc]
RSSI: -87 [da:10:07:ab:0c:fc]
RSSI: -83 [da:10:07:b8:0d:1c]
RSSI: -83 [da:10:07:b8:0d:1c]
RSSI: -86 [da:10:07:c8:0d:4c]
RSSI: -81 [da:10:07:c8:0d:4c]
RSSI: -86 [da:10:07:d8:0d:8c]
RSSI: -83 [da:10:07:e5:0d:ac]
RSSI: -85 [da:10:07:f5:0d:dc]
RSSI: -87 [da:10:07:f5:0d:dc]
RSSI: -88 [da:10:08:05:0e:0c]
RSSI: -83 [da:10:08:05:0e:0c]
RSSI: -87 [da:10:08:11:0e:3c]
RSSI: -84 [da:10:08:31:0e:9c]
RSSI: -92 [da:0d:6c:98:13:ae]
RSSI: -95 [da:08:7f:87:15:6b]
RSSI: -95 [da:0d:6c:98:13:ae]
RSSI: -93 [da:0a:63:81:10:aa]
RSSI: -88 [da:10:08:4e:0e:fc]
RSSI: -87 [da:10:08:4e:0e:fc]
RSSI: -92 [da:0a:63:8d:10:ca]
RSSI: -92 [da:08:7f:a3:15:bb]
RSSI: -82 [da:10:08:6b:0f:5c]
RSSI: -86 [da:10:08:6b:0f:5c]
RSSI: -88 [da:08:7f:b3:15:eb]
RSSI: -91 [da:08:7f:c2:16:0b]
RSSI: -84 [da:10:08:7b:0f:8c]
RSSI: -80 [da:10:08:7b:0f:8c]
RSSI: -89 [da:08:7f:ce:16:3b]
RSSI: -84 [da:10:08:8b:0f:bc]
RSSI: -87 [da:08:7f:ce:16:3b]
RSSI: -86 [da:10:08:97:0f:ec]
RSSI: -84 [da:10:08:97:0f:ec]
RSSI: -87 [da:08:7f:ed:00:0b]
RSSI: -86 [da:08:7f:ed:00:0b]
RSSI: -85 [da:10:08:a8:10:1c]
RSSI: -87 [da:08:7f:fa:00:2b]
RSSI: -81 [da:10:08:b8:10:4c]
RSSI: -86 [da:08:7f:fa:00:2b]
RSSI: -78 [da:10:08:b8:10:4c]
RSSI: -88 [da:0d:6d:17:15:0e]
RSSI: -88 [da:0a:63:fc:12:0a]
RSSI: -90 [da:0d:6d:17:15:0e]
RSSI: -87 [da:08:80:09:00:5b]
RSSI: -79 [da:10:08:c4:10:7c]
RSSI: -82 [da:10:08:d4:10:ac]
RSSI: -80 [da:10:08:d4:10:ac]
RSSI: -90 [da:0d:6d:32:15:5e]
RSSI: -89 [da:0a:64:18:12:4a]
RSSI: -85 [da:08:80:25:00:ab]
RSSI: -85 [da:0a:64:18:12:4a]
RSSI: -84 [da:10:08:e4:10:dc]
RSSI: -91 [da:0d:6d:41:15:8e]
RSSI: -89 [da:0a:64:26:12:7a]
RSSI: -79 [da:10:08:f1:11:0c]
RSSI: -80 [da:10:08:f1:11:0c]
RSSI: -86 [da:0a:64:32:12:9a]
RSSI: -85 [da:08:80:44:00:fb]
RSSI: -88 [da:0a:64:32:12:9a]
RSSI: -88 [da:0d:6d:5c:15:de]
RSSI: -87 [da:08:80:51:01:1b]
RSSI: -86 [da:08:80:51:01:1b]
RSSI: -87 [da:10:09:11:11:6c]
RSSI: -90 [da:0a:64:4f:12:ea]
RSSI: -87 [da:08:80:60:01:4b]
RSSI: -87 [da:0d:6d:77:16:2e]
RSSI: -85 [da:10:09:1e:11:9c]
RSSI: -89 [da:08:80:60:01:4b]
RSSI: -89 [da:0a:64:5c:13:1a]
RSSI: -92 [da:0a:64:5c:13:1a]
RSSI: -80 [da:10:09:1e:11:9c]
RSSI: -88 [da:08:80:6f:01:7b]
RSSI: -81 [da:10:09:2e:11:cc]
RSSI: -89 [da:0d:6d:86:16:4e]
RSSI: -78 [da:10:09:3e:11:fc]
RSSI: -72 [da:10:09:3e:11:fc]
RSSI: -89 [da:0d:6d:95:16:7e]
RSSI: -89 [da:0d:6d:95:16:7e]
RSSI: -76 [da:10:09:4a:12:2c]
RSSI: -76 [da:10:09:5b:12:5c]
RSSI: -93 [da:0d:6d:c6:00:8e]
RSSI: -71 [da:10:09:77:12:bc]
RSSI: -71 [da:10:09:77:12:bc]
RSSI: -72 [da:10:09:77:12:bc]
RSSI: -72 [da:10:09:87:12:ec]
RSSI: -85 [da:0a:64:cb:14:4a]
RSSI: -71 [da:10:09:97:13:1c]
RSSI: -85 [da:0a:64:cb:14:4a]
RSSI: -71 [da:10:09:97:13:1c]
RSSI: -83 [da:0a:64:d8:14:7a]
RSSI: -84 [da:0a:64:d8:14:7a]
RSSI: -70 [da:10:09:a4:13:4c]
RSSI: -72 [da:10:09:a4:13:4c]
RSSI: -82 [da:0a:64:e6:14:9a]
RSSI: -94 [da:0d:6d:fd:01:2e]
RSSI: -81 [da:0a:64:e6:14:9a]
RSSI: -83 [da:0a:64:f5:14:ca]
RSSI: -81 [da:0a:64:f5:14:ca]
RSSI: -81 [da:0a:64:f5:14:ca]
RSSI: -73 [da:10:09:c4:13:ac]
RSSI: -82 [da:0a:65:01:14:ea]
RSSI: -72 [da:10:09:d1:13:dc]
RSSI: -81 [da:0a:65:10:15:0a]
RSSI: -73 [da:10:09:e1:14:0c]
RSSI: -82 [da:0a:65:1e:15:3a]
RSSI: -76 [da:10:09:e1:14:0c]
RSSI: -75 [da:10:09:f1:14:3c]
RSSI: -81 [da:0a:65:2b:15:5a]
RSSI: -81 [da:0a:65:2b:15:5a]
RSSI: -78 [da:10:09:fe:14:5c]
RSSI: -84 [da:0a:65:39:15:8a]
RSSI: -79 [da:10:09:fe:14:5c]
RSSI: -80 [da:0a:65:39:15:8a]
RSSI: -80 [da:0a:65:47:15:aa]
RSSI: -78 [da:10:0a:0e:14:9c]
RSSI: -82 [da:0a:65:47:15:aa]
RSSI: -81 [da:10:0a:0e:14:9c]
RSSI: -81 [da:0a:65:63:15:fa]
RSSI: -79 [da:0a:65:71:16:2a]
RSSI: -83 [da:10:0a:3b:15:1c]
RSSI: -79 [da:0a:65:7e:16:4a]
RSSI: -82 [da:10:0a:4b:15:4c]
RSSI: -79 [da:0a:65:8c:00:2a]
RSSI: -81 [da:10:0a:4b:15:4c]
RSSI: -78 [da:10:0a:4b:15:4c]
RSSI: -78 [da:0a:65:8c:00:2a]
RSSI: -78 [da:0a:65:9a:00:4a]
RSSI: -80 [da:10:0a:60:15:9c]
RSSI: -77 [da:0a:65:9a:00:4a]
RSSI: -81 [da:10:0a:60:15:9c]
RSSI: -76 [da:0a:65:a7:00:7a]
RSSI: -76 [da:0a:65:a7:00:7a]
RSSI: -75 [da:0a:65:b5:00:9a]
RSSI: -75 [da:0a:65:b5:00:9a]
RSSI: -84 [da:10:0a:80:15:fc]
RSSI: -84 [da:10:0a:8d:16:1c]
RSSI: -74 [da:0a:65:c4:00:ca]
RSSI: -74 [da:0a:65:d0:00:ea]
RSSI: -86 [da:10:0a:9d:16:5c]
RSSI: -75 [da:0a:65:df:01:0a]
RSSI: -75 [da:0a:65:df:01:0a]
RSSI: -90 [da:10:0a:aa:16:7c]
RSSI: -93 [da:08:81:f6:05:fb]
RSSI: -74 [da:0a:65:ed:01:3a]
RSSI: -85 [da:10:0a:ba:00:3c]
RSSI: -76 [da:0a:65:ed:01:3a]
RSSI: -95 [da:08:82:03:06:1b]
RSSI: -75 [da:0a:65:fa:01:5a]
RSSI: -75 [da:0a:65:fa:01:5a]
RSSI: -74 [da:0a:65:fa:01:5a]
RSSI: -76 [da:0a:66:08:01:7a]
RSSI: -82 [da:10:0a:d3:00:8c]
RSSI: -75 [da:0a:66:17:01:aa]
RSSI: -83 [da:10:0a:e0:00:ac]
RSSI: -77 [da:0a:66:17:01:aa]
RSSI: -76 [da:0a:66:23:01:ca]
RSSI: -91 [da:10:0a:ed:00:dc]
RSSI: -77 [da:0a:66:23:01:ca]
RSSI: -76 [da:0a:66:32:01:fa]
RSSI: -76 [da:0a:66:32:01:fa]
RSSI: -76 [da:0a:66:40:02:1a]
RSSI: -86 [da:10:0b:06:01:2c]
RSSI: -75 [da:0a:66:40:02:1a]
RSSI: -75 [da:0a:66:4d:02:4a]
RSSI: -86 [da:10:0b:13:01:4c]
RSSI: -74 [da:0a:66:4d:02:4a]
RSSI: -83 [da:10:0b:1f:01:7c]
RSSI: -74 [da:0a:66:5c:02:6a]
RSSI: -82 [da:10:0b:2c:01:9c]
RSSI: -82 [da:10:0b:2c:01:9c]
RSSI: -75 [da:0a:66:6a:02:9a]
RSSI: -74 [da:0a:66:77:02:ba]
RSSI: -85 [da:10:0b:45:01:ec]
RSSI: -74 [da:0a:66:85:02:da]
RSSI: -89 [da:10:0b:52:02:1c]
RSSI: -77 [da:0a:66:93:03:0a]
RSSI: -75 [da:0a:66:93:03:0a]
RSSI: -88 [da:10:0b:5f:02:3c]
RSSI: -84 [da:10:0b:6b:02:6c]
RSSI: -78 [da:0a:66:a0:03:2a]
RSSI: -95 [da:0d:6f:eb:06:be]
RSSI: -78 [da:0a:66:ca:03:9a]
RSSI: -89 [da:10:0b:9e:03:0c]
RSSI: -72 [da:0a:66:d8:03:ca]
RSSI: -72 [da:0a:66:d8:03:ca]
RSSI: -69 [da:0a:66:e7:03:ea]
RSSI: -87 [da:10:0b:c4:03:7c]
RSSI: -76 [da:0a:67:02:04:3a]
RSSI: -66 [da:0a:67:10:04:6a]
RSSI: -68 [da:0a:67:10:04:6a]
RSSI: -89 [da:10:0b:de:03:cc]
RSSI: -90 [da:10:0b:de:03:cc]
RSSI: -66 [da:0a:67:1d:04:8a]
RSSI: -66 [da:0a:67:1d:04:8a]
RSSI: -68 [da:0a:67:1d:04:8a]
RSSI: -76 [da:0a:67:2b:04:aa]
RSSI: -66 [da:0a:67:2b:04:aa]
RSSI: -91 [da:10:0b:f7:04:2c]
RSSI: -68 [da:0a:67:3a:04:da]
RSSI: -88 [da:10:0c:04:04:4c]
RSSI: -69 [da:0a:67:3a:04:da]
RSSI: -87 [da:10:0c:04:04:4c]
RSSI: -67 [da:0a:67:46:04:fa]
RSSI: -69 [da:0a:67:46:04:fa]
RSSI: -86 [da:10:0c:11:04:7c]
RSSI: -85 [da:10:0c:1d:04:9c]
RSSI: -68 [da:0a:67:55:05:2a]
RSSI: -90 [da:10:0c:1d:04:9c]
RSSI: -83 [da:10:0c:2a:04:cc]
RSSI: -78 [da:0a:67:63:05:4a]
RSSI: -78 [da:0a:67:63:05:4a]
RSSI: -87 [da:10:0c:37:04:ec]
RSSI: -83 [da:10:0c:37:04:ec]
RSSI: -72 [da:0a:67:70:05:7a]
RSSI: -86 [da:10:0c:44:05:1c]
RSSI: -70 [da:0a:67:7f:05:9a]
RSSI: -87 [da:10:0c:44:05:1c]
RSSI: -73 [da:0a:67:7f:05:9a]
RSSI: -78 [da:0a:67:8d:05:ca]
RSSI: -88 [da:10:0c:50:05:3c]
RSSI: -95 [da:0d:70:b1:08:fe]
RSSI: -89 [da:10:0c:5d:05:6c]
RSSI: -74 [da:0a:67:9a:05:ea]
RSSI: -80 [da:0a:67:9a:05:ea]
RSSI: -73 [da:0a:67:a8:06:1a]
RSSI: -76 [da:0a:67:a8:06:1a]
RSSI: -90 [da:0d:70:cc:09:4e]
RSSI: -89 [da:10:0c:76:05:bc]
RSSI: -75 [da:0a:67:b7:06:3a]
RSSI: -84 [da:0a:67:d2:06:8a]
RSSI: -85 [da:10:0c:9d:06:2c]
RSSI: -89 [da:0d:70:f7:09:ce]
RSSI: -80 [da:0a:67:e1:06:ba]
RSSI: -89 [da:10:0c:aa:06:5c]
RSSI: -86 [da:0a:67:e1:06:ba]
RSSI: -85 [da:10:0c:b6:06:8c]
RSSI: -81 [da:0a:67:ed:06:da]
RSSI: -82 [da:0a:67:ed:06:da]
RSSI: -86 [da:10:0c:c3:06:ac]
RSSI: -83 [da:0a:68:0a:07:2a]
RSSI: -91 [da:0d:71:21:0a:3e]
RSSI: -89 [da:0d:71:30:0a:6e]
RSSI: -86 [da:0a:68:17:07:4a]
RSSI: -88 [da:10:0c:dc:06:fc]
RSSI: -81 [da:0a:68:25:07:7a]
RSSI: -89 [da:0a:68:25:07:7a]
RSSI: -92 [da:0d:71:4c:0a:be]
RSSI: -89 [da:10:0c:f6:07:4c]
RSSI: -79 [da:0a:68:34:07:9a]
RSSI: -90 [da:0a:68:41:07:ca]
RSSI: -93 [da:10:0d:1c:07:cc]
RSSI: -79 [da:0a:68:5e:08:1a]
RSSI: -89 [da:0d:71:85:0b:6e]
RSSI: -94 [da:0a:68:6a:08:3a]
RSSI: -82 [da:0a:68:87:08:8a]
RSSI: -89 [da:0a:68:94:08:ba]
RSSI: -79 [da:0a:68:94:08:ba]
RSSI: -86 [da:0a:68:a3:08:da]
RSSI: -91 [da:0d:71:cb:0c:2e]
RSSI: -89 [da:0a:68:b1:09:0a]
RSSI: -91 [da:0a:68:be:09:2a]
RSSI: -92 [da:0d:71:e9:0c:8e]
RSSI: -91 [da:0a:68:cd:09:5a]
RSSI: -88 [da:0a:68:cd:09:5a]
RSSI: -87 [da:10:0d:a8:09:8c]
RSSI: -87 [da:0d:72:05:0c:de]
RSSI: -93 [da:10:0d:c2:09:dc]
RSSI: -86 [da:0d:72:20:0d:2e]
RSSI: -84 [da:0d:72:30:0d:4e]
RSSI: -83 [da:0d:72:30:0d:4e]
RSSI: -82 [da:0d:72:3e:0d:7e]
RSSI: -90 [da:10:0d:e9:0a:5c]
RSSI: -89 [da:0a:69:20:0a:3a]
RSSI: -82 [da:0d:72:4b:0d:9e]
RSSI: -89 [da:0a:69:2f:0a:6a]
RSSI: -80 [da:0d:72:4b:0d:9e]
RSSI: -89 [da:0a:69:3b:0a:8a]
RSSI: -81 [da:0d:72:5a:0d:ce]
RSSI: -89 [da:10:0e:0f:0a:dc]
RSSI: -89 [da:10:0e:0f:0a:dc]
RSSI: -88 [da:10:0e:1c:0a:fc]
RSSI: -87 [da:10:0e:1c:0a:fc]
RSSI: -78 [da:0d:72:76:0e:1e]
RSSI: -87 [da:0d:72:76:0e:1e]
RSSI: -89 [da:10:0e:28:0b:2c]
RSSI: -78 [da:0d:72:85:0e:4e]
RSSI: -89 [da:10:0e:35:0b:4c]
RSSI: -83 [da:10:0e:42:0b:7c]
RSSI: -85 [da:0d:72:94:0e:7e]
RSSI: -85 [da:10:0e:4f:0b:ac]
RSSI: -78 [da:0d:72:af:0e:ce]
RSSI: -84 [da:10:0e:68:0b:fc]
RSSI: -88 [da:0d:72:be:0e:fe]
RSSI: -89 [da:10:0e:68:0b:fc]
RSSI: -87 [da:0d:72:cb:0f:1e]
RSSI: -87 [da:10:0e:75:0c:1c]
RSSI: -84 [da:10:0e:75:0c:1c]
RSSI: -87 [da:10:0e:82:0c:4c]
RSSI: -84 [da:0a:69:b9:0b:ea]
RSSI: -85 [da:10:0e:82:0c:4c]
RSSI: -85 [da:0d:72:da:0f:4e]
RSSI: -87 [da:10:0e:8f:0c:7c]
RSSI: -91 [da:0a:69:c8:0c:1a]
RSSI: -82 [da:0d:72:e9:0f:6e]
RSSI: -85 [da:0a:69:c8:0c:1a]
RSSI: -86 [da:10:0e:9c:0c:9c]
RSSI: -90 [da:10:0e:a9:0c:cc]
RSSI: -87 [da:10:0e:b5:0c:ec]
RSSI: -82 [da:0a:69:f1:0c:9a]
RSSI: -87 [da:0d:73:14:0f:ee]
RSSI: -83 [da:10:0e:c2:0d:1c]
RSSI: -88 [da:0a:6a:0d:0c:da]
RSSI: -82 [da:10:0e:cf:0d:4c]
RSSI: -84 [da:0a:6a:0d:0c:da]
RSSI: -85 [da:0a:6a:1b:0d:0a]
RSSI: -83 [da:10:0e:e9:0d:9c]
RSSI: -91 [da:10:0e:e9:0d:9c]
RSSI: -82 [da:0a:6a:2a:0d:3a]
RSSI: -89 [da:10:0e:f6:0d:bc]
RSSI: -81 [da:0a:6a:2a:0d:3a]
RSSI: -83 [da:0a:6a:37:0d:5a]
RSSI: -84 [da:0a:6a:45:0d:7a]
RSSI: -85 [da:10:0f:0f:0e:0c]
RSSI: -82 [da:0a:6a:45:0d:7a]
RSSI: -81 [da:0a:6a:54:0d:aa]
RSSI: -83 [da:0a:6a:54:0d:aa]
RSSI: -91 [da:10:0f:29:0e:6c]
RSSI: -82 [da:10:0f:29:0e:6c]
RSSI: -79 [da:0a:6a:61:0d:ca]
RSSI: -81 [da:0a:6a:6f:0d:fa]
RSSI: -81 [da:0a:6a:6f:0d:fa]
RSSI: -82 [da:10:0f:43:0e:bc]
RSSI: -83 [da:0a:6a:7e:0e:2a]
RSSI: -87 [da:10:0f:4f:0e:dc]
RSSI: -79 [da:0a:6a:8a:0e:4a]
RSSI: -83 [da:10:0f:4f:0e:dc]
RSSI: -79 [da:0a:6a:8a:0e:4a]
RSSI: -83 [da:0a:6a:8a:0e:4a]
RSSI: -82 [da:0a:6a:99:0e:6a]
RSSI: -85 [da:10:0f:5c:0f:0c]
RSSI: -80 [da:0a:6a:99:0e:6a]
RSSI: -83 [da:10:0f:69:0f:3c]
RSSI: -83 [da:0a:6a:a8:0e:9a]
RSSI: -83 [da:0a:6a:a8:0e:9a]
RSSI: -83 [da:10:0f:76:0f:5c]
RSSI: -81 [da:10:0f:76:0f:5c]
RSSI: -84 [da:0a:6a:b4:0e:ba]
RSSI: -84 [da:10:0f:83:0f:8c]
RSSI: -84 [da:10:0f:83:0f:8c]
RSSI: -87 [da:10:0f:90:0f:ac]
RSSI: -84 [da:0a:6a:d2:0f:1a]
RSSI: -85 [da:10:0f:9c:0f:dc]
RSSI: -80 [da:10:0f:9c:0f:dc]
RSSI: -84 [da:0a:6a:de:0f:3a]
RSSI: -84 [da:10:0f:a9:10:0c]
RSSI: -83 [da:0a:6a:de:0f:3a]
RSSI: -85 [da:10:0f:a9:10:0c]
RSSI: -81 [da:10:0f:b6:10:2c]
RSSI: -83 [da:0a:6a:ed:0f:5a]
RSSI: -84 [da:0a:6a:ed:0f:5a]
RSSI: -83 [da:10:0f:c3:10:5c]
RSSI: -83 [da:0a:6a:fc:0f:8a]
RSSI: -79 [da:10:0f:c3:10:5c]
RSSI: -84 [da:0a:6a:fc:0f:8a]
RSSI: -87 [da:10:0f:d0:10:7c]
RSSI: -84 [da:0a:6b:08:0f:aa]
RSSI: -84 [da:0a:6b:08:0f:aa]
RSSI: -82 [da:10:0f:d0:10:7c]
RSSI: -84 [da:0a:6b:08:0f:aa]
RSSI: -83 [da:10:0f:d0:10:7c]
RSSI: -77 [da:10:0f:dd:10:ac]
RSSI: -84 [da:0a:6b:17:0f:da]
RSSI: -86 [da:10:0f:dd:10:ac]
RSSI: -85 [da:0a:6b:17:0f:da]
RSSI: -82 [da:10:0f:e9:10:cc]
RSSI: -79 [da:10:0f:e9:10:cc]
RSSI: -85 [da:0a:6b:26:10:0a]
RSSI: -85 [da:10:0f:f6:10:fc]
RSSI: -91 [da:08:87:3a:15:5b]
RSSI: -83 [da:10:0f:f6:10:fc]
RSSI: -86 [da:0a:6b:32:10:2a]
RSSI: -82 [da:10:10:03:11:1c]
RSSI: -88 [da:08:87:49:15:7b]
RSSI: -84 [da:0a:6b:41:10:4a]
RSSI: -87 [da:08:87:49:15:7b]
RSSI: -87 [da:10:10:10:11:4c]
RSSI: -84 [da:08:87:56:15:ab]
RSSI: -85 [da:0a:6b:50:10:7a]
RSSI: -90 [da:10:10:1d:11:7c]
RSSI: -83 [da:08:87:66:15:db]
RSSI: -84 [da:08:87:66:15:db]
RSSI: -88 [da:0a:6b:5d:10:9a]
RSSI: -87 [da:10:10:2a:11:9c]
RSSI: -84 [da:08:87:75:15:fb]
RSSI: -88 [da:10:10:36:11:cc]
RSSI: -87 [da:10:10:36:11:cc]
RSSI: -81 [da:10:10:44:11:ec]
RSSI: -87 [da:0a:6b:7a:10:ea]
RSSI: -83 [da:08:87:82:16:2b]
RSSI: -82 [da:10:10:44:11:ec]
RSSI: -85 [da:0a:6b:7a:10:ea]
RSSI: -81 [da:08:87:92:16:5b]
RSSI: -80 [da:10:10:50:12:1c]
RSSI: -81 [da:08:87:92:16:5b]
RSSI: -79 [da:10:10:50:12:1c]
RSSI: -82 [da:08:87:a1:16:7b]
RSSI: -78 [da:10:10:5d:12:3c]
RSSI: -81 [da:08:87:a1:16:7b]
RSSI: -80 [da:10:10:5d:12:3c]
RSSI: -77 [da:10:10:6a:12:6c]
RSSI: -82 [da:08:87:ae:00:2b]
RSSI: -76 [da:10:10:6a:12:6c]
RSSI: -82 [da:08:87:ae:00:2b]
RSSI: -77 [da:10:10:77:12:8c]
RSSI: -75 [da:10:10:77:12:8c]
RSSI: -85 [da:0a:6b:b1:11:8a]
RSSI: -81 [da:08:87:be:00:5b]
RSSI: -75 [da:10:10:77:12:8c]
RSSI: -86 [da:0a:6b:b1:11:8a]
RSSI: -81 [da:08:87:be:00:5b]
RSSI: -74 [da:10:10:84:12:bc]
RSSI: -81 [da:08:87:ce:00:8b]
RSSI: -78 [da:10:10:84:12:bc]
RSSI: -82 [da:08:87:ce:00:8b]
RSSI: -74 [da:10:10:91:12:dc]
RSSI: -85 [da:0a:6b:ce:11:da]
RSSI: -74 [da:10:10:91:12:dc]
RSSI: -82 [da:08:87:da:00:ab]
RSSI: -80 [da:08:87:da:00:ab]
RSSI: -74 [da:10:10:9e:13:0c]
RSSI: -82 [da:0a:6b:db:12:0a]
RSSI: -74 [da:10:10:9e:13:0c]
RSSI: -74 [da:10:10:aa:13:2c]
RSSI: -77 [da:10:10:aa:13:2c]
RSSI: -81 [da:0a:6b:ea:12:2a]
RSSI: -82 [da:08:87:fa:01:0b]
RSSI: -74 [da:10:10:b7:13:5c]
RSSI: -81 [da:0a:6b:ea:12:2a]
RSSI: -81 [da:08:87:fa:01:0b]
RSSI: -74 [da:10:10:b7:13:5c]
RSSI: -86 [da:0a:6b:f8:12:5a]
RSSI: -81 [da:08:88:06:01:2b]
RSSI: -74 [da:10:10:c5:13:8c]
RSSI: -81 [da:08:88:06:01:2b]
RSSI: -82 [da:0a:6c:05:12:7a]
RSSI: -77 [da:10:10:d1:13:ac]
RSSI: -81 [da:08:88:16:01:5b]
RSSI: -78 [da:10:10:d1:13:ac]
RSSI: -82 [da:0a:6c:14:12:aa]
RSSI: -75 [da:10:10:de:13:dc]
RSSI: -93 [da:0d:75:31:15:fe]
RSSI: -75 [da:10:10:de:13:dc]
RSSI: -83 [da:0a:6c:22:12:ca]
RSSI: -84 [da:08:88:32:01:ab]
RSSI: -76 [da:10:10:eb:13:fc]
RSSI: -91 [da:0d:75:40:16:2e]
RSSI: -85 [da:0a:6c:22:12:ca]
RSSI: -85 [da:08:88:32:01:ab]
RSSI: -84 [da:08:88:32:01:ab]
RSSI: -84 [da:08:88:32:01:ab]
RSSI: -78 [da:10:10:f8:14:2c]
RSSI: -86 [da:08:88:42:01:db]
RSSI: -79 [da:10:11:05:14:4c]
RSSI: -89 [da:08:88:5e:02:2b]
RSSI: -85 [da:10:11:1f:14:9c]
RSSI: -91 [da:08:88:6e:02:5b]
RSSI: -84 [da:10:11:2c:14:cc]
RSSI: -84 [da:10:11:2c:14:cc]
RSSI: -83 [da:10:11:2c:14:cc]
RSSI: -90 [da:0a:6c:68:13:8a]
RSSI: -92 [da:0d:75:87:00:ae]
RSSI: -90 [da:0a:6c:68:13:8a]
RSSI: -88 [da:0a:6c:77:13:ba]
RSSI: -83 [da:10:11:52:15:4c]
RSSI: -84 [da:0a:6c:92:14:0a]
RSSI: -83 [da:0a:6c:92:14:0a]
RSSI: -80 [da:10:11:5f:15:6c]
RSSI: -82 [da:0a:6c:a1:14:2a]
RSSI: -81 [da:0a:6c:a1:14:2a]
RSSI: -80 [da:0a:6c:a1:14:2a]
RSSI: -81 [da:10:11:6c:15:9c]
RSSI: -82 [da:0a:6c:ad:14:5a]
RSSI: -81 [da:10:11:79:15:bc]
RSSI: -81 [da:0a:6c:ad:14:5a]
RSSI: -81 [da:0a:6c:cb:14:aa]
RSSI: -91 [da:10:11:a0:16:3c]
RSSI: -85 [da:0a:6c:d8:14:ca]
RSSI: -89 [da:10:11:ad:16:6c]
RSSI: -83 [da:0a:6c:ec:15:0a]
RSSI: -86 [da:0a:6c:ec:15:0a]
RSSI: -81 [da:0a:6c:fc:15:2a]
RSSI: -82 [da:0a:6c:fc:15:2a]
RSSI: -85 [da:10:11:c7:00:2c]
RSSI: -84 [da:10:11:d4:00:5c]
RSSI: -82 [da:0a:6d:09:15:5a]
RSSI: -82 [da:10:11:d4:00:5c]
RSSI: -81 [da:0a:6d:18:15:7a]
RSSI: -82 [da:10:11:e0:00:7c]
RSSI: -84 [da:0a:6d:18:15:7a]
RSSI: -84 [da:10:11:ed:00:ac]
RSSI: -81 [da:0a:6d:33:15:ca]
RSSI: -81 [da:0a:6d:33:15:ca]
RSSI: -85 [da:10:12:07:00:fc]
RSSI: -84 [da:10:12:07:00:fc]
RSSI: -85 [da:0a:6d:42:15:fa]
RSSI: -85 [da:10:12:14:01:1c]
RSSI: -79 [da:0a:6d:51:16:1a]
RSSI: -79 [da:0a:6d:51:16:1a]
RSSI: -87 [da:10:12:21:01:4c]
RSSI: -83 [da:10:12:21:01:4c]
RSSI: -80 [da:0a:6d:5d:00:2a]
RSSI: -84 [da:10:12:2e:01:6c]
RSSI: -84 [da:10:12:2e:01:6c]
RSSI: -80 [da:0a:6d:6c:00:4a]
RSSI: -78 [da:0a:6d:6c:00:4a]
RSSI: -76 [da:0a:6d:7b:00:7a]
RSSI: -79 [da:0a:6d:7b:00:7a]
RSSI: -84 [da:10:12:48:01:cc]
RSSI: -76 [da:0a:6d:87:00:9a]
RSSI: -83 [da:10:12:55:01:ec]
RSSI: -75 [da:0a:6d:87:00:9a]
RSSI: -87 [da:10:12:55:01:ec]
RSSI: -85 [da:10:12:62:02:1c]
RSSI: -76 [da:0a:6d:96:00:ca]
RSSI: -83 [da:10:12:62:02:1c]
RSSI: -81 [da:10:12:62:02:1c]
RSSI: -86 [da:10:12:6f:02:3c]
RSSI: -78 [da:0a:6d:a5:00:ea]
RSSI: -83 [da:10:12:6f:02:3c]
RSSI: -76 [da:0a:6d:b2:01:1a]
RSSI: -78 [da:0a:6d:b2:01:1a]
RSSI: -83 [da:10:12:89:02:8c]
RSSI: -77 [da:0a:6d:c1:01:3a]
RSSI: -76 [da:0a:6d:c1:01:3a]
RSSI: -77 [da:0a:6d:cf:01:6a]
RSSI: -86 [da:10:12:96:02:bc]
RSSI: -76 [da:0a:6d:cf:01:6a]
RSSI: -86 [da:10:12:96:02:bc]
RSSI: -77 [da:0a:6d:dc:01:8a]
RSSI: -87 [da:10:12:af:03:0c]
RSSI: -74 [da:0a:6d:eb:01:ba]
RSSI: -89 [da:10:12:af:03:0c]
RSSI: -76 [da:0a:6d:eb:01:ba]
RSSI: -75 [da:0a:6d:fa:01:da]
RSSI: -87 [da:10:12:bc:03:3c]
RSSI: -75 [da:0a:6e:06:02:0a]
RSSI: -91 [da:10:12:c9:03:5c]
RSSI: -75 [da:0a:6e:06:02:0a]
RSSI: -88 [da:10:12:d6:03:8c]
RSSI: -75 [da:0a:6e:15:02:2a]
RSSI: -87 [da:10:12:e3:03:ac]
RSSI: -88 [da:10:12:f0:03:dc]
RSSI: -74 [da:0a:6e:31:02:7a]
RSSI: -91 [da:10:12:fd:03:fc]
RSSI: -74 [da:0a:6e:40:02:aa]
RSSI: -91 [da:10:13:0a:04:2c]
RSSI: -74 [da:0a:6e:40:02:aa]
RSSI: -75 [da:0a:6e:40:02:aa]
RSSI: -74 [da:0a:6e:40:02:aa]
RSSI: -74 [da:0a:6e:4e:02:ca]
RSSI: -74 [da:0a:6e:5b:02:ea]
RSSI: -74 [da:0a:6e:5b:02:ea]
RSSI: -89 [da:10:13:31:04:ac]
RSSI: -73 [da:0a:6e:79:03:4a]
RSSI: -73 [da:0a:6e:79:03:4a]
RSSI: -72 [da:0a:6e:79:03:4a]
RSSI: -84 [da:10:13:4b:04:fc]
RSSI: -72 [da:0a:6e:85:03:6a]
RSSI: -84 [da:10:13:4b:04:fc]
RSSI: -70 [da:0a:6e:85:03:6a]
RSSI: -88 [da:10:13:58:05:1c]
RSSI: -69 [da:0a:6e:94:03:8a]
RSSI: -68 [da:0a:6e:94:03:8a]
RSSI: -67 [da:0a:6e:a3:03:ba]
RSSI: -67 [da:0a:6e:a3:03:ba]
RSSI: -66 [da:0a:6e:b0:03:da]
RSSI: -65 [da:0a:6e:b0:03:da]
RSSI: -64 [da:0a:6e:bf:03:fa]
RSSI: -64 [da:0a:6e:bf:03:fa]
RSSI: -64 [da:0a:6e:cd:04:2a]
RSSI: -64 [da:0a:6e:cd:04:2a]
RSSI: -63 [da:0a:6e:da:04:4a]
RSSI: -62 [da:0a:6e:da:04:4a]
RSSI: -86 [da:10:13:a6:06:1c]
RSSI: -62 [da:0a:6e:e9:04:6a]
RSSI: -61 [da:0a:6e:f8:04:9a]
RSSI: -88 [da:10:13:c0:06:6c]
RSSI: -62 [da:0a:6f:04:04:ba]
RSSI: -62 [da:0a:6f:13:04:ea]
RSSI: -62 [da:0a:6f:13:04:ea]
RSSI: -61 [da:0a:6f:22:05:0a]
RSSI: -61 [da:0a:6f:22:05:0a]
RSSI: -61 [da:0a:6f:2f:05:3a]
RSSI: -62 [da:0a:6f:3e:05:5a]
RSSI: -62 [da:0a:6f:4d:05:8a]
RSSI: -62 [da:0a:6f:4d:05:8a]
RSSI: -62 [da:0a:6f:59:05:aa]
RSSI: -63 [da:0a:6f:59:05:aa]
RSSI: -63 [da:0a:6f:68:05:da]
RSSI: -65 [da:0a:6f:77:05:fa]
RSSI: -65 [da:0a:6f:77:05:fa]
RSSI: -66 [da:0a:6f:84:06:2a]
RSSI: -67 [da:0a:6f:84:06:2a]
RSSI: -69 [da:0a:6f:93:06:4a]
RSSI: -69 [da:0a:6f:a2:06:7a]
RSSI: -70 [da:0a:6f:a2:06:7a]
RSSI: -72 [da:0a:6f:ae:06:9a]
RSSI: -73 [da:0a:6f:ae:06:9a]
RSSI: -75 [da:0a:6f:bd:06:ca]
RSSI: -76 [da:0a:6f:bd:06:ca]
RSSI: -87 [da:0d:78:e4:0a:5e]
RSSI: -76 [da:0a:6f:cc:06:fa]
RSSI: -91 [da:0d:78:f4:0a:8e]
RSSI: -89 [da:0d:78:f4:0a:8e]
RSSI: -76 [da:0a:6f:d9:07:1a]
RSSI: -73 [da:0a:6f:d9:07:1a]
RSSI: -74 [da:0a:6f:e8:07:4a]
RSSI: -74 [da:0a:6f:e8:07:4a]
RSSI: -91 [da:10:14:b7:09:8c]
RSSI: -73 [da:0a:70:03:07:8a]
RSSI: -75 [da:0a:70:12:07:ba]
RSSI: -91 [da:0d:79:2c:0b:2e]
RSSI: -87 [da:10:14:de:0a:0c]
RSSI: -76 [da:0a:70:12:07:ba]
RSSI: -90 [da:0d:79:3b:0b:5e]
RSSI: -81 [da:0a:70:2e:08:0a]
RSSI: -79 [da:0a:70:3d:08:2a]
RSSI: -90 [da:10:15:12:0a:ac]
RSSI: -80 [da:0a:70:4c:08:5a]
RSSI: -90 [da:10:15:12:0a:ac]
RSSI: -79 [da:0a:70:58:08:7a]
RSSI: -80 [da:0a:70:58:08:7a]
RSSI: -81 [da:0a:70:67:08:aa]
RSSI: -85 [da:10:15:39:0b:2c]
RSSI: -82 [da:0a:70:76:08:da]
RSSI: -84 [da:0a:70:76:08:da]
RSSI: -85 [da:10:15:46:0b:5c]
RSSI: -86 [da:0a:70:83:08:fa]
RSSI: -87 [da:0a:70:92:09:2a]
RSSI: -88 [da:10:15:60:0b:ac]
RSSI: -84 [da:0a:70:92:09:2a]
RSSI: -78 [da:0a:70:a1:09:4a]
RSSI: -83 [da:0a:70:a1:09:4a]
RSSI: -88 [da:10:15:6d:0b:dc]
RSSI: -81 [da:0a:70:ae:09:7a]
RSSI: -80 [da:0a:70:ae:09:7a]
RSSI: -86 [da:0d:79:d9:0d:1e]
RSSI: -82 [da:0a:70:bd:09:9a]
RSSI: -86 [da:0d:79:d9:0d:1e]
RSSI: -88 [da:10:15:87:0c:2c]
RSSI: -85 [da:0d:79:e8:0d:4e]
RSSI: -88 [da:10:15:95:0c:5c]
RSSI: -85 [da:0a:70:cc:09:ca]
RSSI: -85 [da:0d:79:e8:0d:4e]
RSSI: -90 [da:10:15:95:0c:5c]
RSSI: -86 [da:10:15:a2:0c:7c]
RSSI: -90 [da:10:15:a2:0c:7c]
RSSI: -90 [da:10:15:af:0c:ac]
RSSI: -85 [da:0d:7a:04:0d:9e]
RSSI: -81 [da:0a:70:e7:0a:1a]
RSSI: -85 [da:10:15:af:0c:ac]
RSSI: -80 [da:0a:70:e7:0a:1a]
RSSI: -80 [da:0a:70:f6:0a:3a]
RSSI: -84 [da:0d:7a:13:0d:ce]
RSSI: -89 [da:10:15:bc:0c:cc]
RSSI: -84 [da:0d:7a:13:0d:ce]
RSSI: -85 [da:10:15:c9:0c:fc]
RSSI: -82 [da:0d:7a:23:0d:fe]
RSSI: -79 [da:0a:71:03:0a:6a]
RSSI: -86 [da:10:15:e3:0d:4c]
RSSI: -88 [da:10:15:f0:0d:7c]
RSSI: -84 [da:10:15:fd:0d:9c]
RSSI: -80 [da:10:15:fd:0d:9c]
RSSI: -83 [da:0d:7a:5b:0e:9e]
RSSI: -80 [da:0a:71:3c:0b:0a]
RSSI: -82 [da:0d:7a:5b:0e:9e]
RSSI: -86 [da:10:16:0a:0d:cc]
RSSI: -75 [da:0a:71:4b:0b:3a]
RSSI: -88 [da:0d:7a:6a:0e:ce]
RSSI: -84 [da:0d:7a:6a:0e:ce]
RSSI: -77 [da:0a:71:58:0b:5a]
RSSI: -85 [da:0d:7a:7a:0e:fe]
RSSI: -77 [da:0a:71:58:0b:5a]
RSSI: -82 [da:10:16:24:0e:1c]
RSSI: -89 [da:0d:7a:7a:0e:fe]
RSSI: -83 [da:10:16:24:0e:1c]
RSSI: -76 [da:0a:71:67:0b:8a]
RSSI: -89 [da:10:16:32:0e:4c]
RSSI: -86 [da:0d:7a:86:0f:1e]
RSSI: -76 [da:0a:71:67:0b:8a]
RSSI: -87 [da:10:16:32:0e:4c]
RSSI: -76 [da:0a:71:76:0b:aa]
RSSI: -76 [da:0a:71:76:0b:aa]
RSSI: -87 [da:0d:7a:96:0f:4e]
RSSI: -83 [da:10:16:4b:0e:9c]
RSSI: -77 [da:0a:71:83:0b:da]
RSSI: -86 [da:0d:7a:a5:0f:6e]
RSSI: -77 [da:0a:71:92:0b:fa]
RSSI: -88 [da:10:16:59:0e:cc]
RSSI: -77 [da:0a:71:92:0b:fa]
RSSI: -76 [da:0a:71:a1:0c:2a]
RSSI: -88 [da:10:16:66:0e:ec]
RSSI: -88 [da:0d:7a:c1:0f:ce]
RSSI: -76 [da:0a:71:a1:0c:2a]
RSSI: -83 [da:10:16:73:0f:1c]
RSSI: -89 [da:0d:7a:d0:0f:ee]
RSSI: -89 [da:0d:7a:d0:0f:ee]
RSSI: -82 [da:10:16:80:0f:4c]
RSSI: -73 [da:0a:71:bc:0c:7a]
RSSI: -85 [da:10:16:8d:0f:6c]
RSSI: -82 [da:10:16:8d:0f:6c]
RSSI: -74 [da:0a:71:cb:0c:aa]
RSSI: -80 [da:10:16:9a:0f:9c]
RSSI: -91 [da:0d:7a:ec:10:3e]
RSSI: -80 [da:10:16:9a:0f:9c]
RSSI: -74 [da:0a:71:d8:0c:ca]
RSSI: -75 [da:0a:71:d8:0c:ca]
RSSI: -82 [da:10:16:a7:0f:bc]
RSSI: -75 [da:0a:71:e7:0c:ea]
RSSI: -76 [da:0a:71:f6:0d:1a]
RSSI: -83 [da:10:16:c1:10:0c]
RSSI: -77 [da:0a:71:f6:0d:1a]
RSSI: -85 [da:10:16:c1:10:0c]
RSSI: -81 [da:10:16:cf:10:3c]
RSSI: -79 [da:10:16:cf:10:3c]
RSSI: -76 [da:0a:72:21:0d:9a]
RSSI: -76 [da:10:16:e8:10:8c]
RSSI: -78 [da:0a:72:21:0d:9a]
RSSI: -81 [da:10:16:e8:10:8c]
RSSI: -77 [da:10:16:f6:10:bc]
RSSI: -75 [da:10:16:f6:10:bc]
RSSI: -76 [da:0a:72:2d:0d:ba]
RSSI: -82 [da:10:17:03:10:ec]
RSSI: -78 [da:10:17:03:10:ec]
RSSI: -79 [da:0a:72:3d:0d:ea]
RSSI: -79 [da:10:17:03:10:ec]
RSSI: -77 [da:10:17:10:11:0c]
RSSI: -78 [da:0a:72:4c:0e:0a]
RSSI: -84 [da:10:17:1d:11:3c]
RSSI: -78 [da:0a:72:58:0e:2a]
RSSI: -84 [da:10:17:1d:11:3c]
RSSI: -78 [da:0a:72:58:0e:2a]
RSSI: -86 [da:10:17:2a:11:6c]
RSSI: -83 [da:10:17:2a:11:6c]
RSSI: -80 [da:0a:72:67:0e:5a]
RSSI: -79 [da:10:17:37:11:8c]
RSSI: -79 [da:0a:72:76:0e:8a]
RSSI: -76 [da:10:17:37:11:8c]
RSSI: -81 [da:0a:72:76:0e:8a]
RSSI: -80 [da:0a:72:83:0e:aa]
RSSI: -73 [da:10:17:4a:11:cc]
RSSI: -80 [da:0a:72:83:0e:aa]
RSSI: -72 [da:10:17:4a:11:cc]
RSSI: -71 [da:10:17:5a:11:fc]
RSSI: -80 [da:0a:72:92:0e:da]
RSSI: -81 [da:0a:72:a1:0e:fa]
RSSI: -69 [da:10:17:67:12:2c]
RSSI: -82 [da:0a:72:a1:0e:fa]
RSSI: -84 [da:0a:72:a1:0e:fa]
RSSI: -70 [da:10:17:74:12:4c]
RSSI: -81 [da:0a:72:ae:0f:2a]
RSSI: -67 [da:10:17:74:12:4c]
RSSI: -83 [da:0a:72:ae:0f:2a]
RSSI: -68 [da:10:17:81:12:7c]
RSSI: -68 [da:10:17:81:12:7c]
RSSI: -68 [da:10:17:81:12:7c]
RSSI: -82 [da:0a:72:bd:0f:4a]
RSSI: -66 [da:10:17:8e:12:ac]
RSSI: -83 [da:0a:72:cc:0f:7a]
RSSI: -67 [da:10:17:9b:12:cc]
RSSI: -67 [da:10:17:9b:12:cc]
RSSI: -82 [da:0a:72:d8:0f:9a]
RSSI: -68 [da:10:17:a9:12:fc]
RSSI: -67 [da:10:17:a9:12:fc]
RSSI: -85 [da:0a:72:e8:0f:ca]
RSSI: -66 [da:10:17:b5:13:1c]
RSSI: -68 [da:10:17:b5:13:1c]
RSSI: -67 [da:10:17:c3:13:4c]
RSSI: -86 [da:08:8f:07:15:9b]
RSSI: -66 [da:10:17:c3:13:4c]
RSSI: -85 [da:08:8f:07:15:9b]
RSSI: -85 [da:08:8f:17:15:cb]
RSSI: -67 [da:10:17:d0:13:7c]
RSSI: -84 [da:08:8f:17:15:cb]
RSSI: -86 [da:0a:73:12:10:4a]
RSSI: -68 [da:10:17:dd:13:9c]
RSSI: -81 [da:0a:73:12:10:4a]
RSSI: -70 [da:10:17:dd:13:9c]
RSSI: -82 [da:08:8f:23:15:fb]
RSSI: -69 [da:10:17:ea:13:cc]
RSSI: -68 [da:10:17:ea:13:cc]
RSSI: -80 [da:08:8f:33:16:2b]
RSSI: -70 [da:10:17:f7:13:ec]
RSSI: -81 [da:08:8f:43:16:5b]
RSSI: -73 [da:10:18:04:14:1c]
RSSI: -73 [da:10:18:04:14:1c]
RSSI: -81 [da:08:8f:50:16:7b]
RSSI: -72 [da:10:18:12:14:4c]
RSSI: -81 [da:08:8f:50:16:7b]
RSSI: -75 [da:10:18:1f:14:6c]
RSSI: -80 [da:08:8f:70:00:5b]
RSSI: -80 [da:10:18:2b:14:9c]
RSSI: -79 [da:08:8f:70:00:5b]
RSSI: -85 [da:0a:73:68:11:3a]
RSSI: -87 [da:10:18:39:14:bc]
RSSI: -79 [da:08:8f:7d:00:8b]
RSSI: -80 [da:08:8f:8d:00:bb]
RSSI: -80 [da:08:8f:8d:00:bb]
RSSI: -78 [da:08:8f:9d:00:eb]
RSSI: -80 [da:08:8f:9d:00:eb]
RSSI: -84 [da:0a:73:93:11:ba]
RSSI: -80 [da:08:8f:9d:00:eb]
RSSI: -81 [da:10:18:60:15:3c]
RSSI: -87 [da:0a:73:93:11:ba]
RSSI: -79 [da:08:8f:aa:01:0b]
RSSI: -83 [da:10:18:6e:15:6c]
RSSI: -79 [da:10:18:6e:15:6c]
RSSI: -79 [da:08:8f:ba:01:3b]
RSSI: -78 [da:08:8f:ba:01:3b]
RSSI: -80 [da:08:8f:ca:01:6b]
RSSI: -82 [da:10:18:88:15:bc]
RSSI: -80 [da:08:8f:ca:01:6b]
RSSI: -84 [da:0a:73:be:12:2a]
RSSI: -84 [da:10:18:88:15:bc]
RSSI: -81 [da:08:8f:d6:01:8b]
RSSI: -82 [da:0a:73:cd:12:5a]
RSSI: -82 [da:10:18:95:15:ec]
RSSI: -82 [da:08:8f:d6:01:8b]
RSSI: -84 [da:0a:73:cd:12:5a]
RSSI: -82 [da:10:18:95:15:ec]
RSSI: -83 [da:0a:73:d9:12:7a]
RSSI: -83 [da:08:8f:e7:01:bb]
RSSI: -82 [da:0a:73:d9:12:7a]
RSSI: -83 [da:08:8f:e7:01:bb]
RSSI: -85 [da:10:18:af:16:3c]
RSSI: -83 [da:08:8f:f7:01:eb]
RSSI: -83 [da:0a:73:e9:12:aa]
RSSI: -83 [da:08:8f:f7:01:eb]
RSSI: -85 [da:0a:73:f8:12:ca]
RSSI: -85 [da:0a:73:f8:12:ca]
RSSI: -85 [da:08:90:03:02:0b]
RSSI: -87 [da:0a:73:f8:12:ca]
RSSI: -88 [da:10:18:c9:00:0c]
RSSI: -86 [da:10:18:d7:00:2c]
RSSI: -86 [da:10:18:e4:00:5c]
RSSI: -83 [da:10:18:e4:00:5c]
RSSI: -84 [da:10:18:f1:00:7c]
RSSI: -86 [da:10:18:ff:00:ac]
RSSI: -91 [da:08:90:40:02:bb]
RSSI: -88 [da:10:19:0c:00:dc]
RSSI: -87 [da:10:19:0c:00:dc]
RSSI: -89 [da:0a:74:4e:13:ca]
RSSI: -84 [da:0a:74:4e:13:ca]
RSSI: -89 [da:10:19:19:00:fc]
RSSI: -84 [da:0a:74:5a:13:ea]
RSSI: -92 [da:08:90:6d:03:3b]
RSSI: -81 [da:0a:74:69:14:1a]
RSSI: -92 [da:08:90:7d:03:6b]
RSSI: -85 [da:10:19:40:01:7c]
RSSI: -80 [da:0a:74:79:14:3a]
RSSI: -84 [da:10:19:40:01:7c]
RSSI: -83 [da:10:19:4e:01:ac]
RSSI: -82 [da:0a:74:85:14:6a]
RSSI: -86 [da:10:19:4e:01:ac]
RSSI: -82 [da:0a:74:85:14:6a]
RSSI: -86 [da:10:19:5b:01:cc]
RSSI: -83 [da:0a:74:94:14:8a]
RSSI: -85 [da:0a:74:94:14:8a]
RSSI: -86 [da:0a:74:94:14:8a]
RSSI: -84 [da:0a:74:a4:14:ba]
RSSI: -86 [da:0a:74:a4:14:ba]
RSSI: -82 [da:10:19:75:02:2c]
RSSI: -83 [da:0a:74:b0:14:da]
RSSI: -88 [da:10:19:75:02:2c]
RSSI: -85 [da:0a:74:b0:14:da]
RSSI: -86 [da:10:19:83:02:4c]
RSSI: -82 [da:10:19:83:02:4c]
RSSI: -89 [da:0a:74:bf:15:0a]
RSSI: -86 [da:10:19:8f:02:7c]
RSSI: -83 [da:0a:74:bf:15:0a]
RSSI: -85 [da:10:19:8f:02:7c]
RSSI: -82 [da:0a:74:cf:15:3a]
RSSI: -83 [da:0a:74:cf:15:3a]
RSSI: -87 [da:10:19:9d:02:9c]
RSSI: -84 [da:0a:74:db:15:5a]
RSSI: -85 [da:10:19:aa:02:cc]
RSSI: -85 [da:10:19:aa:02:cc]
RSSI: -85 [da:0a:74:ea:15:8a]
RSSI: -88 [da:10:19:b7:02:fc]
RSSI: -77 [da:0a:74:fa:15:aa]
RSSI: -77 [da:0a:74:fa:15:aa]
RSSI: -80 [da:0a:75:06:15:da]
RSSI: -89 [da:10:19:d2:03:4c]
RSSI: -77 [da:0a:75:06:15:da]
RSSI: -79 [da:0a:75:15:15:fa]
RSSI: -78 [da:0a:75:15:15:fa]
RSSI: -89 [da:10:19:ec:03:9c]
RSSI: -78 [da:0a:75:25:16:2a]
RSSI: -75 [da:0a:75:31:16:4a]
RSSI: -77 [da:0a:75:31:16:4a]
RSSI: -75 [da:0a:75:40:00:2a]
RSSI: -74 [da:0a:75:40:00:2a]
RSSI: -75 [da:0a:75:50:00:5a]
RSSI: -88 [da:10:1a:21:04:4c]
RSSI: -88 [da:10:1a:21:04:4c]
RSSI: -76 [da:0a:75:5c:00:7a]
RSSI: -91 [da:10:1a:2e:04:6c]
RSSI: -76 [da:0a:75:6b:00:aa]
RSSI: -75 [da:0a:75:6b:00:aa]
RSSI: -76 [da:0a:75:7b:00:ca]
RSSI: -83 [da:10:1a:3b:04:9c]
RSSI: -76 [da:0a:75:7b:00:ca]
RSSI: -80 [da:10:1a:49:04:bc]
RSSI: -86 [da:10:1a:49:04:bc]
RSSI: -76 [da:0a:75:87:00:ea]
RSSI: -80 [da:10:1a:55:04:ec]
RSSI: -77 [da:0a:75:96:01:1a]
RSSI: -86 [da:10:1a:63:05:1c]
RSSI: -77 [da:0a:75:96:01:1a]
RSSI: -77 [da:0a:75:96:01:1a]
RSSI: -81 [da:10:1a:63:05:1c]
RSSI: -77 [da:0a:75:a6:01:4a]
RSSI: -80 [da:10:1a:70:05:3c]
RSSI: -76 [da:0a:75:b2:01:6a]
RSSI: -84 [da:10:1a:7d:05:6c]
RSSI: -77 [da:0a:75:b2:01:6a]
RSSI: -76 [da:0a:75:c2:01:9a]
RSSI: -75 [da:0a:75:c2:01:9a]
RSSI: -75 [da:0a:75:d1:01:ba]
RSSI: -74 [da:0a:75:dd:01:ea]
RSSI: -83 [da:10:1a:a5:05:ec]
RSSI: -75 [da:0a:75:dd:01:ea]
RSSI: -73 [da:0a:75:ed:02:0a]
RSSI: -74 [da:0a:75:ed:02:0a]
RSSI: -74 [da:0a:75:fc:02:3a]
RSSI: -73 [da:0a:75:fc:02:3a]
RSSI: -72 [da:0a:75:fc:02:3a]
RSSI: -82 [da:10:1a:cc:06:6c]
RSSI: -74 [da:0a:76:08:02:5a]
RSSI: -75 [da:0a:76:18:02:8a]
RSSI: -75 [da:0a:76:18:02:8a]
RSSI: -74 [da:0a:76:27:02:ba]
RSSI: -85 [da:10:1a:f4:06:ec]
RSSI: -85 [da:10:1a:f4:06:ec]
RSSI: -74 [da:0a:76:34:02:da]
RSSI: -85 [da:10:1b:02:07:0c]
RSSI: -71 [da:0a:76:43:02:fa]
RSSI: -80 [da:10:1b:0f:07:3c]
RSSI: -73 [da:0a:76:52:03:2a]
RSSI: -86 [da:10:1b:1c:07:6c]
RSSI: -82 [da:10:1b:1c:07:6c]
RSSI: -69 [da:0a:76:5f:03:4a]
RSSI: -79 [da:10:1b:2a:07:8c]
RSSI: -71 [da:0a:76:5f:03:4a]
RSSI: -86 [da:10:1b:2a:07:8c]
RSSI: -82 [da:10:1b:37:07:bc]
RSSI: -67 [da:0a:76:6e:03:7a]
RSSI: -78 [da:10:1b:37:07:bc]
RSSI: -66 [da:0a:76:6e:03:7a]
RSSI: -65 [da:0a:76:7d:03:9a]
RSSI: -87 [da:10:1b:51:08:0c]
RSSI: -67 [da:0a:76:8a:03:ca]
RSSI: -83 [da:10:1b:5f:08:3c]
RSSI: -64 [da:0a:76:99:03:ea]
RSSI: -80 [da:10:1b:5f:08:3c]
RSSI: -66 [da:0a:76:99:03:ea]
RSSI: -63 [da:0a:76:a8:04:1a]
RSSI: -85 [da:10:1b:6c:08:5c]
RSSI: -63 [da:0a:76:a8:04:1a]
RSSI: -63 [da:0a:76:a8:04:1a]
RSSI: -87 [da:10:1b:79:08:8c]
RSSI: -62 [da:0a:76:b5:04:3a]
RSSI: -85 [da:10:1b:87:08:bc]
RSSI: -65 [da:0a:76:c4:04:6a]
RSSI: -62 [da:0a:76:c4:04:6a]
RSSI: -88 [da:10:1b:93:08:dc]
RSSI: -62 [da:0a:76:d3:04:9a]
RSSI: -82 [da:10:1b:a1:09:0c]
RSSI: -62 [da:0a:76:e0:04:ba]
RSSI: -89 [da:10:1b:af:09:3c]
RSSI: -63 [da:0a:76:e0:04:ba]
RSSI: -94 [da:10:1b:bb:09:5c]
RSSI: -62 [da:0a:76:ef:04:ea]
RSSI: -92 [da:10:1b:bb:09:5c]
RSSI: -64 [da:0a:76:ff:05:0a]
RSSI: -85 [da:10:1b:c9:09:8c]
RSSI: -86 [da:10:1b:c9:09:8c]
RSSI: -64 [da:0a:77:0b:05:2a]
RSSI: -64 [da:0a:77:0b:05:2a]
RSSI: -90 [da:10:1b:d7:09:bc]
RSSI: -85 [da:10:1b:e3:09:dc]
RSSI: -64 [da:0a:77:1b:05:5a]
RSSI: -65 [da:0a:77:1b:05:5a]
RSSI: -67 [da:0a:77:37:05:aa]
RSSI: -87 [da:10:1c:0b:0a:5c]
RSSI: -88 [da:10:1c:0b:0a:5c]
RSSI: -68 [da:0a:77:46:05:da]
RSSI: -87 [da:10:1c:0b:0a:5c]
RSSI: -69 [da:0a:77:46:05:da]
RSSI: -68 [da:0a:77:55:06:0a]
RSSI: -68 [da:0a:77:55:06:0a]
RSSI: -70 [da:0a:77:55:06:0a]
RSSI: -70 [da:0a:77:55:06:0a]
RSSI: -83 [da:10:1c:26:0a:bc]
RSSI: -75 [da:0a:77:71:06:5a]
RSSI: -74 [da:0a:77:71:06:5a]
RSSI: -86 [da:10:1c:41:0b:0c]
RSSI: -84 [da:10:1c:41:0b:0c]
RSSI: -75 [da:0a:77:80:06:7a]
RSSI: -81 [da:10:1c:4e:0b:3c]
RSSI: -75 [da:0a:77:8d:06:aa]
RSSI: -86 [da:10:1c:5b:0b:5c]
RSSI: -76 [da:0a:77:8d:06:aa]
RSSI: -92 [da:0d:80:b2:0a:7e]
RSSI: -86 [da:10:1c:5b:0b:5c]
RSSI: -73 [da:0a:77:9c:06:ca]
RSSI: -89 [da:10:1c:68:0b:8c]
RSSI: -89 [da:10:1c:68:0b:8c]
RSSI: -74 [da:0a:77:ac:06:fa]
RSSI: -89 [da:10:1c:76:0b:bc]
RSSI: -75 [da:0a:77:b9:07:1a]
RSSI: -87 [da:10:1c:83:0b:dc]
RSSI: -74 [da:0a:77:b9:07:1a]
RSSI: -84 [da:10:1c:90:0c:0c]
RSSI: -75 [da:0a:77:c8:07:4a]
RSSI: -83 [da:10:1c:90:0c:0c]
RSSI: -77 [da:0a:77:c8:07:4a]
RSSI: -79 [da:0a:77:d7:07:7a]
RSSI: -81 [da:0a:77:e4:07:9a]
RSSI: -91 [da:10:1c:ab:0c:5c]
RSSI: -81 [da:0a:77:e4:07:9a]
RSSI: -83 [da:0a:77:f3:07:ca]
RSSI: -82 [da:0a:77:f3:07:ca]
RSSI: -81 [da:0a:78:02:07:ea]
RSSI: -82 [da:0a:78:02:07:ea]
RSSI: -86 [da:10:1c:d2:0c:dc]
RSSI: -81 [da:0a:78:0f:08:0a]
RSSI: -89 [da:10:1c:e0:0d:0c]
RSSI: -84 [da:0a:78:1f:08:3a]
RSSI: -82 [da:0a:78:1f:08:3a]
RSSI: -85 [da:0a:78:2e:08:6a]
RSSI: -83 [da:10:1c:ee:0d:3c]
RSSI: -86 [da:0a:78:2e:08:6a]
RSSI: -82 [da:10:1c:fb:0d:6c]
RSSI: -84 [da:10:1c:fb:0d:6c]
RSSI: -87 [da:0a:78:3a:08:8a]
RSSI: -82 [da:10:1d:08:0d:8c]
RSSI: -81 [da:10:1d:08:0d:8c]
RSSI: -84 [da:0a:78:4a:08:ba]
RSSI: -85 [da:10:1d:16:0d:bc]
RSSI: -84 [da:0a:78:4a:08:ba]
RSSI: -85 [da:10:1d:16:0d:bc]
RSSI: -84 [da:0a:78:59:08:da]
RSSI: -83 [da:10:1d:22:0d:ec]
RSSI: -89 [da:0d:81:81:0c:de]
RSSI: -86 [da:10:1d:22:0d:ec]
RSSI: -82 [da:0a:78:66:09:0a]
RSSI: -89 [da:10:1d:30:0e:0c]
RSSI: -84 [da:0a:78:66:09:0a]
RSSI: -84 [da:10:1d:30:0e:0c]
RSSI: -88 [da:0d:81:8e:0c:fe]
RSSI: -85 [da:10:1d:3e:0e:3c]
RSSI: -80 [da:0a:78:75:09:2a]
RSSI: -82 [da:0a:78:75:09:2a]
RSSI: -87 [da:0d:81:9e:0d:2e]
RSSI: -87 [da:0d:81:ad:0d:5e]
RSSI: -85 [da:0a:78:91:09:7a]
RSSI: -86 [da:10:1d:58:0e:8c]
RSSI: -83 [da:0a:78:91:09:7a]
RSSI: -86 [da:10:1d:66:0e:bc]
RSSI: -87 [da:0d:81:ba:0d:7e]
RSSI: -83 [da:0a:78:a1:09:aa]
RSSI: -85 [da:10:1d:66:0e:bc]
RSSI: -82 [da:0a:78:a1:09:aa]
RSSI: -80 [da:0a:78:b0:09:da]
RSSI: -86 [da:0d:81:ca:0d:ae]
RSSI: -84 [da:10:1d:72:0e:ec]
RSSI: -80 [da:0a:78:b0:09:da]
RSSI: -86 [da:0d:81:ca:0d:ae]
RSSI: -85 [da:10:1d:80:0f:0c]
RSSI: -85 [da:0d:81:da:0d:de]
RSSI: -78 [da:0a:78:bc:09:fa]
RSSI: -82 [da:10:1d:8e:0f:3c]
RSSI: -85 [da:0a:78:cc:0a:2a]
RSSI: -79 [da:0a:78:cc:0a:2a]
RSSI: -84 [da:10:1d:9a:0f:6c]
RSSI: -87 [da:0d:81:f6:0e:2e]
RSSI: -82 [da:10:1d:9a:0f:6c]
RSSI: -86 [da:0d:81:f6:0e:2e]
RSSI: -87 [da:0a:78:db:0a:5a]
RSSI: -81 [da:10:1d:a8:0f:8c]
RSSI: -87 [da:10:1d:a8:0f:8c]
RSSI: -85 [da:0d:82:06:0e:5e]
RSSI: -81 [da:0a:78:e8:0a:7a]
RSSI: -83 [da:10:1d:b6:0f:bc]
RSSI: -87 [da:0d:82:06:0e:5e]
RSSI: -82 [da:0a:78:e8:0a:7a]
RSSI: -85 [da:10:1d:c2:0f:ec]
RSSI: -79 [da:0a:79:07:0a:ca]
RSSI: -78 [da:0a:79:07:0a:ca]
RSSI: -86 [da:0d:82:22:0e:ae]
RSSI: -78 [da:0a:79:13:0a:ea]
RSSI: -84 [da:10:1d:de:10:3c]
RSSI: -78 [da:0a:79:13:0a:ea]
RSSI: -82 [da:10:1d:de:10:3c]
RSSI: -85 [da:0d:82:3e:0e:fe]
RSSI: -84 [da:10:1d:ea:10:6c]
RSSI: -77 [da:0a:79:23:0b:1a]
RSSI: -88 [da:0d:82:3e:0e:fe]
RSSI: -80 [da:10:1d:ea:10:6c]
RSSI: -87 [da:0d:82:4e:0f:2e]
RSSI: -86 [da:0d:82:4e:0f:2e]
RSSI: -77 [da:0a:79:3f:0b:6a]
RSSI: -79 [da:10:1e:12:10:ec]
RSSI: -87 [da:0d:82:6b:0f:7e]
RSSI: -79 [da:0a:79:4e:0b:9a]
RSSI: -78 [da:0a:79:4e:0b:9a]
RSSI: -78 [da:0a:79:4e:0b:9a]
RSSI: -83 [da:10:1e:20:11:1c]
RSSI: -77 [da:0a:79:5d:0b:ca]
RSSI: -77 [da:0a:79:5d:0b:ca]
RSSI: -79 [da:10:1e:2e:11:3c]
RSSI: -80 [da:10:1e:2e:11:3c]
RSSI: -76 [da:0a:79:6a:0b:ea]
RSSI: -87 [da:0d:82:8a:0f:de]
RSSI: -87 [da:10:1e:3b:11:6c]
RSSI: -87 [da:10:1e:3b:11:6c]
RSSI: -76 [da:0a:79:79:0c:1a]
RSSI: -83 [da:10:1e:48:11:8c]
RSSI: -74 [da:0a:79:79:0c:1a]
RSSI: -82 [da:10:1e:48:11:8c]
RSSI: -79 [da:10:1e:48:11:8c]
RSSI: -75 [da:0a:79:89:0c:3a]
RSSI: -78 [da:10:1e:48:11:8c]
RSSI: -78 [da:0a:79:89:0c:3a]
RSSI: -81 [da:10:1e:56:11:bc]
RSSI: -77 [da:10:1e:56:11:bc]
RSSI: -77 [da:0a:79:95:0c:6a]
RSSI: -73 [da:10:1e:63:11:ec]
RSSI: -77 [da:0a:79:95:0c:6a]
RSSI: -75 [da:10:1e:63:11:ec]
RSSI: -72 [da:10:1e:70:12:0c]
RSSI: -79 [da:0a:79:b4:0c:ba]
RSSI: -70 [da:10:1e:7e:12:3c]
RSSI: -79 [da:0a:79:c1:0c:da]
RSSI: -69 [da:10:1e:8b:12:5c]
RSSI: -79 [da:0a:79:c1:0c:da]
RSSI: -67 [da:10:1e:99:12:8c]
RSSI: -79 [da:0a:79:d0:0d:0a]
RSSI: -78 [da:0a:79:e0:0d:3a]
RSSI: -67 [da:10:1e:a6:12:bc]
RSSI: -80 [da:0a:79:e0:0d:3a]
RSSI: -80 [da:0a:79:ec:0d:5a]
RSSI: -78 [da:0a:79:ec:0d:5a]
RSSI: -65 [da:10:1e:c1:13:0c]
RSSI: -82 [da:0a:79:fc:0d:8a]
RSSI: -66 [da:10:1e:ce:13:3c]
RSSI: -80 [da:0a:7a:0b:0d:ba]
RSSI: -81 [da:0a:7a:0b:0d:ba]
RSSI: -95 [da:08:96:19:13:eb]
RSSI: -64 [da:10:1e:ce:13:3c]
RSSI: -81 [da:0a:7a:0b:0d:ba]
RSSI: -65 [da:10:1e:db:13:5c]
RSSI: -65 [da:10:1e:db:13:5c]
RSSI: -80 [da:0a:7a:18:0d:da]
RSSI: -82 [da:0a:7a:18:0d:da]
RSSI: -64 [da:10:1e:e9:13:8c]
RSSI: -65 [da:10:1e:e9:13:8c]
RSSI: -81 [da:0a:7a:27:0e:0a]
RSSI: -65 [da:10:1e:f7:13:bc]
RSSI: -82 [da:0a:7a:37:0e:2a]
RSSI: -90 [da:0a:7a:37:0e:2a]
RSSI: -67 [da:10:1f:03:13:dc]
RSSI: -83 [da:0a:7a:43:0e:5a]
RSSI: -68 [da:10:1f:11:14:0c]
RSSI: -83 [da:0a:7a:53:0e:7a]
RSSI: -69 [da:10:1f:1f:14:3c]
RSSI: -85 [da:0a:7a:53:0e:7a]
RSSI: -69 [da:10:1f:1f:14:3c]
RSSI: -85 [da:0a:7a:53:0e:7a]
RSSI: -84 [da:0a:7a:62:0e:aa]
RSSI: -71 [da:10:1f:2c:14:5c]
RSSI: -76 [da:10:1f:39:14:8c]
RSSI: -76 [da:10:1f:39:14:8c]
RSSI: -92 [da:08:96:8d:15:2b]
RSSI: -89 [da:08:96:9a:15:5b]
RSSI: -86 [da:10:1f:62:15:0c]
RSSI: -89 [da:10:1f:62:15:0c]
RSSI: -86 [da:10:1f:6f:15:3c]
RSSI: -88 [da:08:96:b3:15:9b]
RSSI: -77 [da:10:1f:6f:15:3c]
RSSI: -86 [da:0a:7a:aa:0f:7a]
RSSI: -86 [da:08:96:c0:15:cb]
RSSI: -80 [da:10:1f:7c:15:5c]
RSSI: -86 [da:08:96:c0:15:cb]
RSSI: -78 [da:10:1f:7c:15:5c]
RSSI: -87 [da:0a:7a:b9:0f:aa]
RSSI: -87 [da:08:96:cd:15:eb]
RSSI: -79 [da:10:1f:8a:15:8c]
RSSI: -84 [da:08:96:da:16:0b]
RSSI: -77 [da:10:1f:98:15:bc]
RSSI: -79 [da:10:1f:98:15:bc]
RSSI: -86 [da:08:96:e7:16:3b]
RSSI: -79 [da:10:1f:a4:15:dc]
RSSI: -84 [da:08:96:e7:16:3b]
RSSI: -79 [da:10:1f:a4:15:dc]
RSSI: -87 [da:0a:7a:e5:10:1a]
RSSI: -83 [da:08:96:f4:16:5b]
RSSI: -83 [da:10:1f:b2:16:0c]
RSSI: -83 [da:08:97:00:16:7b]
RSSI: -90 [da:0a:7a:f1:10:4a]
RSSI: -84 [da:08:97:0d:00:2b]
RSSI: -83 [da:08:97:0d:00:2b]
RSSI: -82 [da:08:97:1a:00:4b]
RSSI: -82 [da:08:97:1a:00:4b]
RSSI: -88 [da:10:1f:da:00:0c]
RSSI: -88 [da:10:1f:da:00:0c]
RSSI: -85 [da:08:97:27:00:7b]
RSSI: -85 [da:10:1f:e8:00:2c]
RSSI: -84 [da:08:97:34:00:9b]
RSSI: -82 [da:08:97:41:00:bb]
RSSI: -84 [da:10:1f:f5:00:5c]
RSSI: -86 [da:0a:7b:32:10:fa]
RSSI: -82 [da:08:97:41:00:bb]
RSSI: -84 [da:08:97:41:00:bb]
RSSI: -84 [da:10:20:03:00:8c]
RSSI: -91 [da:0a:7b:32:10:fa]
RSSI: -83 [da:10:20:03:00:8c]
RSSI: -85 [da:0a:7b:42:11:1a]
RSSI: -83 [da:10:20:10:00:ac]
RSSI: -84 [da:08:97:5b:01:0b]
RSSI: -86 [da:10:20:10:00:ac]
RSSI: -87 [da:0a:7b:4f:11:4a]
RSSI: -84 [da:08:97:68:01:2b]
RSSI: -85 [da:10:20:1d:00:dc]
RSSI: -84 [da:08:97:68:01:2b]
RSSI: -90 [da:10:20:2b:01:0c]
RSSI: -88 [da:10:20:2b:01:0c]
RSSI: -89 [da:0a:7b:5e:11:6a]
RSSI: -86 [da:08:97:81:01:7b]
RSSI: -89 [da:0a:7b:7a:11:ba]
RSSI: -85 [da:08:97:8e:01:9b]
RSSI: -81 [da:10:20:45:01:5c]
RSSI: -87 [da:08:97:9b:01:cb]
RSSI: -84 [da:10:20:53:01:8c]
RSSI: -87 [da:08:97:9b:01:cb]
RSSI: -89 [da:0a:7b:99:12:1a]
RSSI: -85 [da:10:20:61:01:ac]
RSSI: -89 [da:08:97:a8:01:eb]
RSSI: -86 [da:0a:7b:99:12:1a]
RSSI: -88 [da:08:97:a8:01:eb]
RSSI: -91 [da:08:97:c2:02:3b]
RSSI: -86 [da:10:20:7b:02:0c]
RSSI: -82 [da:10:20:7b:02:0c]
RSSI: -90 [da:10:20:89:02:2c]
RSSI: -87 [da:10:20:89:02:2c]
RSSI: -90 [da:0a:7b:c5:12:8a]
RSSI: -84 [da:10:20:89:02:2c]
RSSI: -85 [da:10:20:96:02:5c]
RSSI: -86 [da:10:20:96:02:5c]
RSSI: -81 [da:10:20:a4:02:8c]
RSSI: -81 [da:10:20:a4:02:8c]
RSSI: -84 [da:10:20:b2:02:ac]
RSSI: -82 [da:10:20:b2:02:ac]
RSSI: -84 [da:0a:7b:f1:13:0a]
RSSI: -88 [da:10:20:cc:02:fc]
RSSI: -87 [da:0a:7c:0d:13:5a]
RSSI: -85 [da:10:20:da:03:2c]
RSSI: -84 [da:0a:7c:1c:13:8a]
RSSI: -84 [da:10:20:e7:03:5c]
RSSI: -88 [da:10:21:02:03:ac]
RSSI: -84 [da:10:21:0f:03:dc]
RSSI: -82 [da:0a:7c:48:14:0a]
RSSI: -86 [da:10:21:0f:03:dc]
RSSI: -85 [da:0a:7c:48:14:0a]
RSSI: -85 [da:10:21:1d:03:fc]
RSSI: -82 [da:0a:7c:55:14:2a]
RSSI: -85 [da:10:21:2b:04:2c]
RSSI: -86 [da:0a:7c:64:14:5a]
RSSI: -83 [da:0a:7c:64:14:5a]
RSSI: -86 [da:0a:7c:74:14:7a]
RSSI: -82 [da:0a:7c:80:14:aa]
RSSI: -84 [da:0a:7c:80:14:aa]
RSSI: -81 [da:10:21:53:04:ac]
RSSI: -83 [da:0a:7c:90:14:ca]
RSSI: -82 [da:0a:7c:90:14:ca]
RSSI: -81 [da:10:21:60:04:cc]
RSSI: -80 [da:0a:7c:a0:14:fa]
RSSI: -85 [da:10:21:6e:04:fc]
RSSI: -80 [da:0a:7c:ac:15:1a]
RSSI: -80 [da:0a:7c:bc:15:4a]
RSSI: -83 [da:10:21:88:05:5c]
RSSI: -80 [da:0a:7c:bc:15:4a]
RSSI: -84 [da:10:21:88:05:5c]
RSSI: -80 [da:0a:7c:cb:15:7a]
RSSI: -80 [da:0a:7c:d8:15:9a]
RSSI: -79 [da:0a:7c:d8:15:9a]
RSSI: -78 [da:0a:7c:e8:15:ca]
RSSI: -80 [da:0a:7c:e8:15:ca]
RSSI: -86 [da:10:21:b1:05:dc]
RSSI: -81 [da:0a:7c:e8:15:ca]
RSSI: -78 [da:0a:7c:f7:15:ea]
RSSI: -78 [da:0a:7c:f7:15:ea]
RSSI: -77 [da:0a:7d:04:16:0a]
RSSI: -79 [da:0a:7d:04:16:0a]
RSSI: -85 [da:10:21:d9:06:5c]
RSSI: -78 [da:0a:7d:13:16:3a]
RSSI: -80 [da:0a:7d:23:00:2a]
RSSI: -86 [da:10:21:e7:06:7c]
RSSI: -84 [da:0a:7d:23:00:2a]
RSSI: -81 [da:0a:7d:2f:00:5a]
RSSI: -84 [da:10:21:f5:06:ac]
RSSI: -79 [da:0a:7d:3f:00:7a]
RSSI: -86 [da:0a:7d:4f:00:aa]
RSSI: -78 [da:0a:7d:4f:00:aa]
RSSI: -84 [da:10:22:1d:07:2c]
RSSI: -80 [da:0a:7d:6b:00:fa]
RSSI: -77 [da:0a:7d:7a:01:2a]
RSSI: -82 [da:10:22:46:07:ac]
RSSI: -79 [da:0a:7d:7a:01:2a]
RSSI: -82 [da:10:22:46:07:ac]
RSSI: -76 [da:0a:7d:87:01:4a]
RSSI: -83 [da:10:22:52:07:dc]
RSSI: -79 [da:0a:7d:97:01:7a]
RSSI: -74 [da:0a:7d:b3:01:ca]
RSSI: -87 [da:10:22:7b:08:5c]
RSSI: -75 [da:0a:7d:b3:01:ca]
RSSI: -84 [da:10:22:7b:08:5c]
RSSI: -74 [da:0a:7d:c3:01:fa]
RSSI: -84 [da:10:22:97:08:bc]
RSSI: -75 [da:0a:7d:d2:02:1a]
RSSI: -73 [da:0a:7d:df:02:4a]
RSSI: -75 [da:0a:7d:df:02:4a]
RSSI: -72 [da:0a:7d:ee:02:6a]
RSSI: -72 [da:0a:7d:ee:02:6a]
RSSI: -84 [da:10:22:c0:09:3c]
RSSI: -70 [da:0a:7d:fe:02:9a]
RSSI: -73 [da:0a:7e:0b:02:ba]
RSSI: -68 [da:0a:7e:1a:02:ea]
RSSI: -71 [da:0a:7e:1a:02:ea]
RSSI: -66 [da:0a:7e:2a:03:1a]
RSSI: -65 [da:0a:7e:37:03:3a]
RSSI: -90 [da:10:23:03:0a:0c]
RSSI: -65 [da:0a:7e:37:03:3a]
RSSI: -83 [da:10:23:03:0a:0c]
RSSI: -67 [da:0a:7e:46:03:6a]
RSSI: -86 [da:10:23:11:0a:3c]
RSSI: -85 [da:10:23:11:0a:3c]
RSSI: -64 [da:0a:7e:46:03:6a]
RSSI: -85 [da:10:23:11:0a:3c]
RSSI: -64 [da:0a:7e:56:03:9a]
RSSI: -85 [da:10:23:1d:0a:6c]
RSSI: -66 [da:0a:7e:56:03:9a]
RSSI: -63 [da:0a:7e:62:03:ba]
RSSI: -87 [da:10:23:39:0a:bc]
RSSI: -65 [da:0a:7e:82:04:0a]
RSSI: -90 [da:10:23:46:0a:ec]
RSSI: -63 [da:0a:7e:82:04:0a]
RSSI: -85 [da:10:23:54:0b:1c]
RSSI: -66 [da:0a:7e:8e:04:3a]
RSSI: -86 [da:10:23:62:0b:4c]
RSSI: -82 [da:10:23:62:0b:4c]
RSSI: -64 [da:0a:7e:9e:04:5a]
RSSI: -63 [da:0a:7e:ae:04:8a]
RSSI: -87 [da:10:23:6f:0b:6c]
RSSI: -64 [da:0a:7e:ae:04:8a]
RSSI: -83 [da:10:23:7d:0b:9c]
RSSI: -63 [da:0a:7e:ba:04:aa]
RSSI: -69 [da:0a:7e:ca:04:da]
RSSI: -88 [da:10:23:97:0b:ec]
RSSI: -66 [da:0a:7e:da:05:0a]
RSSI: -86 [da:10:23:a5:0c:1c]
RSSI: -66 [da:0a:7e:e6:05:2a]
RSSI: -67 [da:0a:7e:e6:05:2a]
RSSI: -84 [da:10:23:c0:0c:6c]
RSSI: -68 [da:0a:7e:f6:05:5a]
RSSI: -86 [da:10:23:c0:0c:6c]
RSSI: -74 [da:0a:7f:06:05:7a]
RSSI: -72 [da:0a:7f:12:05:aa]
RSSI: -88 [da:10:23:dc:0c:cc]
RSSI: -76 [da:0a:7f:12:05:aa]
RSSI: -86 [da:10:23:e8:0c:fc]
RSSI: -73 [da:0a:7f:22:05:ca]
RSSI: -75 [da:0a:7f:22:05:ca]
RSSI: -74 [da:0a:7f:32:05:fa]
RSSI: -91 [da:10:24:05:0d:4c]
RSSI: -77 [da:0a:7f:3e:06:2a]
RSSI: -91 [da:10:24:05:0d:4c]
RSSI: -75 [da:0a:7f:3e:06:2a]
RSSI: -86 [da:10:24:11:0d:7c]
RSSI: -75 [da:0a:7f:4e:06:4a]
RSSI: -77 [da:0a:7f:4e:06:4a]
RSSI: -77 [da:0a:7f:4e:06:4a]
RSSI: -73 [da:0a:7f:5e:06:7a]
RSSI: -86 [da:10:24:1f:0d:ac]
RSSI: -75 [da:0a:7f:5e:06:7a]
RSSI: -81 [da:10:24:2d:0d:cc]
RSSI: -74 [da:0a:7f:6a:06:9a]
RSSI: -75 [da:0a:7f:6a:06:9a]
RSSI: -86 [da:10:24:3a:0d:fc]
RSSI: -78 [da:0a:7f:7a:06:ca]
RSSI: -76 [da:0a:7f:7a:06:ca]
RSSI: -76 [da:0a:7f:7a:06:ca]
RSSI: -78 [da:0a:7f:8a:06:fa]
RSSI: -84 [da:10:24:48:0e:2c]
RSSI: -88 [da:10:24:56:0e:4c]
RSSI: -81 [da:0a:7f:96:07:1a]
RSSI: -82 [da:10:24:63:0e:7c]
RSSI: -81 [da:10:24:63:0e:7c]
RSSI: -80 [da:0a:7f:a6:07:4a]
RSSI: -86 [da:10:24:71:0e:ac]
RSSI: -82 [da:0a:7f:a6:07:4a]
RSSI: -82 [da:10:24:71:0e:ac]
RSSI: -82 [da:0a:7f:a6:07:4a]
RSSI: -82 [da:0a:7f:b6:07:7a]
RSSI: -84 [da:10:24:7f:0e:cc]
RSSI: -78 [da:0a:7f:b6:07:7a]
RSSI: -82 [da:0a:7f:c2:07:9a]
RSSI: -81 [da:10:24:8b:0e:fc]
RSSI: -79 [da:0a:7f:d2:07:ca]
RSSI: -84 [da:0a:7f:d2:07:ca]
RSSI: -80 [da:10:24:9f:0f:3c]
RSSI: -80 [da:10:24:9f:0f:3c]
RSSI: -78 [da:0a:7f:e2:07:ea]
RSSI: -78 [da:10:24:af:0f:6c]
RSSI: -80 [da:0a:7f:e2:07:ea]
RSSI: -79 [da:10:24:af:0f:6c]
RSSI: -82 [da:10:24:bb:0f:9c]
RSSI: -81 [da:0a:7f:ee:08:1a]
RSSI: -81 [da:0a:80:0e:08:6a]
RSSI: -81 [da:10:24:d8:0f:ec]
RSSI: -78 [da:0a:80:1a:08:8a]
RSSI: -81 [da:10:24:e4:10:1c]
RSSI: -79 [da:0a:80:1a:08:8a]
RSSI: -80 [da:10:24:e4:10:1c]
RSSI: -79 [da:10:24:f2:10:4c]
RSSI: -77 [da:0a:80:2a:08:ba]
RSSI: -77 [da:10:24:f2:10:4c]
RSSI: -80 [da:0a:80:2a:08:ba]
RSSI: -75 [da:10:25:00:10:6c]
RSSI: -88 [da:0d:89:5e:0d:4e]
RSSI: -84 [da:0a:80:46:09:0a]
RSSI: -76 [da:10:25:0d:10:9c]
RSSI: -78 [da:10:25:1b:10:cc]
RSSI: -78 [da:10:25:1b:10:cc]
RSSI: -76 [da:10:25:1b:10:cc]
RSSI: -87 [da:0d:89:6e:0d:7e]
RSSI: -80 [da:0a:80:56:09:3a]
RSSI: -76 [da:10:25:1b:10:cc]
RSSI: -74 [da:10:25:29:10:fc]
RSSI: -85 [da:0d:89:7e:0d:9e]
RSSI: -79 [da:0a:80:66:09:6a]
RSSI: -82 [da:10:25:29:10:fc]
RSSI: -78 [da:0a:80:66:09:6a]
RSSI: -87 [da:0d:89:8b:0d:ce]
RSSI: -84 [da:0d:89:8b:0d:ce]
RSSI: -78 [da:0a:80:73:09:8a]
RSSI: -86 [da:0d:89:9b:0d:fe]
RSSI: -84 [da:0a:80:82:09:ba]
RSSI: -86 [da:0d:89:ab:0e:1e]
RSSI: -81 [da:10:25:52:11:7c]
RSSI: -82 [da:0a:80:92:09:ea]
RSSI: -78 [da:10:25:5f:11:9c]
RSSI: -83 [da:0d:89:b7:0e:4e]
RSSI: -85 [da:0d:89:b7:0e:4e]
RSSI: -80 [da:0a:80:9f:0a:0a]
RSSI: -72 [da:10:25:6d:11:cc]
RSSI: -82 [da:0d:89:c8:0e:6e]
RSSI: -71 [da:10:25:7b:11:fc]
RSSI: -79 [da:0a:80:af:0a:3a]
RSSI: -70 [da:10:25:7b:11:fc]
RSSI: -85 [da:0d:89:d8:0e:9e]
RSSI: -78 [da:0a:80:be:0a:6a]
RSSI: -69 [da:10:25:87:12:1c]
RSSI: -77 [da:0a:80:cb:0a:8a]
RSSI: -85 [da:0d:89:e4:0e:ce]
RSSI: -68 [da:10:25:96:12:4c]
RSSI: -77 [da:0a:80:cb:0a:8a]
RSSI: -67 [da:10:25:96:12:4c]
RSSI: -86 [da:0d:89:f5:0e:fe]
RSSI: -77 [da:0a:80:db:0a:ba]
RSSI: -85 [da:0d:89:f5:0e:fe]
RSSI: -78 [da:0a:80:db:0a:ba]
RSSI: -84 [da:0d:8a:05:0f:1e]
RSSI: -79 [da:0a:80:ea:0a:ea]
RSSI: -67 [da:10:25:b0:12:ac]
RSSI: -87 [da:0d:8a:11:0f:4e]
RSSI: -80 [da:0a:80:f7:0b:0a]
RSSI: -66 [da:10:25:be:12:cc]
RSSI: -84 [da:0d:8a:11:0f:4e]
RSSI: -80 [da:0a:80:f7:0b:0a]
RSSI: -80 [da:0a:80:f7:0b:0a]
RSSI: -65 [da:10:25:cc:12:fc]
RSSI: -88 [da:0d:8a:21:0f:7e]
RSSI: -80 [da:0a:81:07:0b:3a]
RSSI: -78 [da:0a:81:07:0b:3a]
RSSI: -88 [da:0d:8a:31:0f:ae]
RSSI: -67 [da:10:25:d9:13:2c]
RSSI: -65 [da:10:25:d9:13:2c]
RSSI: -66 [da:10:25:e7:13:5c]
RSSI: -87 [da:0d:8a:3e:0f:ce]
RSSI: -67 [da:10:25:e7:13:5c]
RSSI: -87 [da:0d:8a:3e:0f:ce]
RSSI: -66 [da:10:25:f5:13:7c]
RSSI: -66 [da:10:25:f5:13:7c]
RSSI: -79 [da:0a:81:33:0b:aa]
RSSI: -67 [da:10:26:02:13:ac]
RSSI: -77 [da:0a:81:33:0b:aa]
RSSI: -67 [da:10:26:02:13:ac]
RSSI: -78 [da:0a:81:43:0b:da]
RSSI: -81 [da:0a:81:43:0b:da]
RSSI: -68 [da:10:26:10:13:dc]
RSSI: -90 [da:0d:8a:6b:10:4e]
RSSI: -80 [da:0a:81:4f:0b:fa]
RSSI: -68 [da:10:26:1e:13:fc]
RSSI: -69 [da:10:26:1e:13:fc]
RSSI: -79 [da:0a:81:5f:0c:2a]
RSSI: -80 [da:0a:81:5f:0c:2a]
RSSI: -69 [da:10:26:2b:14:2c]
RSSI: -82 [da:0a:81:5f:0c:2a]
RSSI: -83 [da:0a:81:6f:0c:5a]
RSSI: -72 [da:10:26:39:14:5c]
RSSI: -81 [da:0a:81:6f:0c:5a]
RSSI: -72 [da:10:26:39:14:5c]
RSSI: -82 [da:0a:81:7c:0c:7a]
RSSI: -74 [da:10:26:47:14:7c]
RSSI: -79 [da:10:26:62:14:dc]
RSSI: -83 [da:0a:81:9b:0c:da]
RSSI: -85 [da:10:26:62:14:dc]
RSSI: -83 [da:0a:81:9b:0c:da]
RSSI: -87 [da:10:26:70:14:fc]
RSSI: -82 [da:0a:81:a8:0c:fa]
RSSI: -86 [da:10:26:70:14:fc]
RSSI: -84 [da:10:26:7d:15:2c]
RSSI: -81 [da:10:26:7d:15:2c]
RSSI: -85 [da:0a:81:b8:0d:2a]
RSSI: -81 [da:10:26:7d:15:2c]
RSSI: -82 [da:0a:81:b8:0d:2a]
RSSI: -79 [da:10:26:8b:15:5c]
RSSI: -87 [da:0a:81:c7:0d:5a]
RSSI: -92 [da:08:9d:d9:14:0b]
RSSI: -79 [da:10:26:a6:15:ac]
RSSI: -84 [da:0a:81:e4:0d:aa]
RSSI: -79 [da:10:26:b4:15:dc]
RSSI: -79 [da:10:26:b4:15:dc]
RSSI: -90 [da:0a:81:f4:0d:da]
RSSI: -81 [da:10:26:c2:15:fc]
RSSI: -83 [da:10:26:c2:15:fc]
RSSI: -91 [da:0a:82:00:0d:fa]
RSSI: -88 [da:10:26:cf:16:2c]
RSSI: -83 [da:10:26:cf:16:2c]
RSSI: -86 [da:0a:82:20:0e:5a]
RSSI: -89 [da:08:9e:28:14:eb]
RSSI: -85 [da:10:26:eb:00:0c]
RSSI: -87 [da:0a:82:20:0e:5a]
RSSI: -91 [da:08:9e:35:15:1b]
RSSI: -89 [da:10:26:eb:00:0c]
RSSI: -88 [da:08:9e:43:15:3b]
RSSI: -83 [da:10:27:06:00:5c]
RSSI: -83 [da:10:27:06:00:5c]
RSSI: -82 [da:10:27:14:00:8c]
RSSI: -88 [da:08:9e:62:15:9b]
RSSI: -85 [da:10:27:21:00:ac]
RSSI: -82 [da:10:27:21:00:ac]
RSSI: -88 [da:08:9e:72:15:cb]
RSSI: -82 [da:10:27:2f:00:dc]
RSSI: -87 [da:10:27:2f:00:dc]
RSSI: -85 [da:08:9e:7f:15:eb]
RSSI: -84 [da:10:27:3d:01:0c]
RSSI: -84 [da:0a:82:78:0f:5a]
RSSI: -87 [da:10:27:4a:01:2c]
RSSI: -85 [da:08:9e:8c:16:1b]
RSSI: -82 [da:10:27:4a:01:2c]
RSSI: -83 [da:08:9e:9a:16:3b]
RSSI: -85 [da:10:27:58:01:5c]
RSSI: -86 [da:08:9e:a6:16:5b]
RSSI: -83 [da:10:27:66:01:8c]
RSSI: -85 [da:08:9e:b4:00:0b]
RSSI: -86 [da:08:9e:b4:00:0b]
RSSI: -84 [da:10:27:73:01:ac]
RSSI: -87 [da:10:27:81:01:dc]
RSSI: -85 [da:08:9e:ce:00:4b]
RSSI: -84 [da:10:27:8f:02:0c]
RSSI: -91 [da:10:27:8f:02:0c]
RSSI: -82 [da:0a:82:d1:10:4a]
RSSI: -85 [da:08:9e:e9:00:9b]
RSSI: -80 [da:10:27:9c:02:2c]
RSSI: -82 [da:0a:82:de:10:6a]
RSSI: -85 [da:10:27:aa:02:5c]
RSSI: -83 [da:10:27:aa:02:5c]
RSSI: -86 [da:08:9e:f5:00:bb]
RSSI: -83 [da:10:27:b8:02:8c]
RSSI: -88 [da:08:9f:03:00:eb]
RSSI: -90 [da:0a:82:fd:10:ca]
RSSI: -86 [da:10:27:c5:02:bc]
RSSI: -88 [da:08:9f:10:01:0b]
RSSI: -90 [da:08:9f:2a:01:5b]
RSSI: -86 [da:10:27:ee:03:3c]
RSSI: -92 [da:0a:83:2a:11:4a]
RSSI: -92 [da:08:9f:38:01:7b]
RSSI: -91 [da:10:27:ee:03:3c]
RSSI: -84 [da:0a:83:2a:11:4a]
RSSI: -86 [da:10:27:fc:03:6c]
RSSI: -88 [da:10:27:fc:03:6c]
RSSI: -88 [da:10:28:0a:03:8c]
RSSI: -87 [da:10:28:0a:03:8c]
RSSI: -84 [da:0a:83:46:11:9a]
RSSI: -87 [da:0a:83:46:11:9a]
RSSI: -83 [da:0a:83:56:11:ca]
RSSI: -86 [da:0a:83:56:11:ca]
RSSI: -83 [da:10:28:25:03:ec]
RSSI: -87 [da:0a:83:63:11:ea]
RSSI: -83 [da:10:28:33:04:0c]
RSSI: -85 [da:10:28:40:04:3c]
RSSI: -83 [da:10:28:40:04:3c]
RSSI: -82 [da:10:28:4e:04:6c]
RSSI: -86 [da:10:28:4e:04:6c]
RSSI: -82 [da:10:28:5d:04:9c]
RSSI: -79 [da:10:28:5d:04:9c]
RSSI: -85 [da:10:28:69:04:bc]
RSSI: -78 [da:10:28:69:04:bc]
RSSI: -86 [da:0a:83:af:12:ca]
RSSI: -83 [da:10:28:77:04:ec]
RSSI: -75 [da:10:28:86:05:1c]
RSSI: -87 [da:0a:83:cb:13:1a]
RSSI: -78 [da:10:28:92:05:3c]
RSSI: -86 [da:0a:83:cb:13:1a]
RSSI: -83 [da:10:28:af:05:9c]
RSSI: -84 [da:0a:83:e8:13:6a]
RSSI: -89 [da:10:28:bb:05:bc]
RSSI: -87 [da:0a:83:f8:13:9a]
RSSI: -83 [da:10:28:bb:05:bc]
RSSI: -85 [da:0a:83:f8:13:9a]
RSSI: -90 [da:10:28:ca:05:ec]
RSSI: -85 [da:0a:84:08:13:ba]
RSSI: -84 [da:0a:84:14:13:ea]
RSSI: -86 [da:0a:84:14:13:ea]
RSSI: -80 [da:10:28:e5:06:4c]
RSSI: -82 [da:0a:84:24:14:0a]
RSSI: -87 [da:0a:84:24:14:0a]
RSSI: -86 [da:10:28:f3:06:7c]
RSSI: -90 [da:0a:84:34:14:3a]
RSSI: -83 [da:0a:84:34:14:3a]
RSSI: -87 [da:10:29:01:06:9c]
RSSI: -87 [da:0a:84:41:14:5a]
RSSI: -81 [da:10:29:0e:06:cc]
RSSI: -86 [da:0a:84:41:14:5a]
RSSI: -86 [da:0a:84:51:14:8a]
RSSI: -82 [da:10:29:1c:06:fc]
RSSI: -84 [da:0a:84:61:14:ba]
RSSI: -86 [da:10:29:2a:07:2c]
RSSI: -84 [da:0a:84:61:14:ba]
RSSI: -82 [da:10:29:2a:07:2c]
RSSI: -82 [da:0a:84:6d:14:da]
RSSI: -84 [da:10:29:37:07:4c]
RSSI: -83 [da:0a:84:7d:15:0a]
RSSI: -80 [da:10:29:45:07:7c]
RSSI: -81 [da:10:29:54:07:ac]
RSSI: -78 [da:0a:84:9a:15:5a]
RSSI: -83 [da:10:29:60:07:dc]
RSSI: -79 [da:0a:84:9a:15:5a]
RSSI: -79 [da:10:29:60:07:dc]
RSSI: -81 [da:10:29:6f:07:fc]
RSSI: -78 [da:0a:84:aa:15:8a]
RSSI: -83 [da:10:29:6f:07:fc]
RSSI: -79 [da:0a:84:aa:15:8a]
RSSI: -78 [da:10:29:7d:08:2c]
RSSI: -82 [da:10:29:7d:08:2c]
RSSI: -81 [da:0a:84:ba:15:ba]
RSSI: -84 [da:10:29:8a:08:5c]
RSSI: -81 [da:0a:84:c6:15:da]
RSSI: -86 [da:10:29:98:08:8c]
RSSI: -79 [da:0a:84:d6:16:0a]
RSSI: -81 [da:10:29:a6:08:ac]
RSSI: -78 [da:0a:84:e6:16:2a]
RSSI: -79 [da:0a:84:e6:16:2a]
RSSI: -84 [da:10:29:b3:08:dc]
RSSI: -82 [da:0a:84:f3:16:5a]
RSSI: -79 [da:0a:84:f3:16:5a]
RSSI: -89 [da:10:29:c1:09:0c]
RSSI: -82 [da:0a:85:13:00:5a]
RSSI: -95 [da:10:29:dc:09:5c]
RSSI: -82 [da:10:29:dc:09:5c]
RSSI: -80 [da:0a:85:1f:00:7a]
RSSI: -82 [da:0a:85:1f:00:7a]
RSSI: -81 [da:0a:85:2f:00:aa]
RSSI: -84 [da:0a:85:3f:00:da]
RSSI: -89 [da:10:2a:14:0a:0c]
RSSI: -79 [da:0a:85:4c:00:fa]
RSSI: -85 [da:10:2a:22:0a:3c]
RSSI: -79 [da:0a:85:5c:01:2a]
RSSI: -88 [da:10:2a:22:0a:3c]
RSSI: -79 [da:0a:85:6c:01:5a]
RSSI: -85 [da:10:2a:2f:0a:6c]
RSSI: -89 [da:0a:85:78:01:7a]
RSSI: -78 [da:0a:85:78:01:7a]
RSSI: -89 [da:10:2a:4b:0a:bc]
RSSI: -88 [da:0a:85:89:01:aa]
RSSI: -79 [da:0a:85:98:01:ca]
RSSI: -84 [da:10:2a:66:0b:1c]
RSSI: -85 [da:10:2a:66:0b:1c]
RSSI: -79 [da:0a:85:a5:01:ea]
RSSI: -84 [da:10:2a:81:0b:6c]
RSSI: -77 [da:0a:85:b5:02:1a]
RSSI: -84 [da:10:2a:81:0b:6c]
RSSI: -84 [da:10:2a:81:0b:6c]
RSSI: -81 [da:0a:85:c5:02:4a]
RSSI: -76 [da:0a:85:d2:02:6a]
RSSI: -88 [da:10:2a:9e:0b:cc]
RSSI: -81 [da:0a:85:d2:02:6a]
RSSI: -73 [da:0a:85:e2:02:9a]
RSSI: -87 [da:10:2a:ab:0b:fc]
RSSI: -75 [da:0a:85:e2:02:9a]
RSSI: -88 [da:10:2a:b9:0c:2c]
RSSI: -89 [da:10:2a:c7:0c:4c]
RSSI: -79 [da:0a:85:fe:02:ea]
RSSI: -88 [da:10:2a:c7:0c:4c]
RSSI: -71 [da:0a:85:fe:02:ea]
RSSI: -78 [da:0a:86:0e:03:1a]
RSSI: -70 [da:0a:86:1e:03:4a]
RSSI: -88 [da:10:2a:e2:0c:ac]
RSSI: -72 [da:0a:86:1e:03:4a]
RSSI: -70 [da:0a:86:2b:03:6a]
RSSI: -72 [da:0a:86:2b:03:6a]
RSSI: -69 [da:0a:86:3b:03:9a]
RSSI: -84 [da:10:2b:0c:0d:2c]
RSSI: -77 [da:0a:86:4b:03:ca]
RSSI: -78 [da:0a:86:4b:03:ca]
RSSI: -85 [da:10:2b:1a:0d:5c]
RSSI: -83 [da:10:2b:1a:0d:5c]
RSSI: -70 [da:0a:86:58:03:ea]
RSSI: -85 [da:10:2b:27:0d:8c]
RSSI: -83 [da:10:2b:27:0d:8c]
RSSI: -68 [da:0a:86:68:04:1a]
RSSI: -69 [da:0a:86:68:04:1a]
RSSI: -69 [da:0a:86:78:04:3a]
RSSI: -88 [da:10:2b:44:0d:dc]
RSSI: -74 [da:0a:86:84:04:6a]
RSSI: -69 [da:0a:86:84:04:6a]
RSSI: -84 [da:10:2b:50:0e:0c]
RSSI: -70 [da:0a:86:94:04:9a]
RSSI: -70 [da:0a:86:a4:04:ba]
RSSI: -84 [da:10:2b:6d:0e:6c]
RSSI: -71 [da:0a:86:a4:04:ba]
RSSI: -70 [da:0a:86:b1:04:ea]
RSSI: -87 [da:10:2b:7a:0e:8c]
RSSI: -72 [da:0a:86:b1:04:ea]
RSSI: -82 [da:10:2b:7a:0e:8c]
RSSI: -82 [da:10:2b:88:0e:bc]
RSSI: -72 [da:0a:86:c1:05:0a]
RSSI: -87 [da:10:2b:88:0e:bc]
RSSI: -73 [da:0a:86:d1:05:3a]
RSSI: -82 [da:10:2b:96:0e:ec]
RSSI: -74 [da:0a:86:d1:05:3a]
RSSI: -85 [da:10:2b:a3:0f:1c]
RSSI: -80 [da:10:2b:a3:0f:1c]
RSSI: -76 [da:0a:86:ee:05:8a]
RSSI: -83 [da:10:2b:b2:0f:4c]
RSSI: -76 [da:0a:86:ee:05:8a]
RSSI: -80 [da:10:2b:c0:0f:6c]
RSSI: -75 [da:0a:86:fe:05:ba]
RSSI: -77 [da:0a:87:0a:05:ea]
RSSI: -77 [da:0a:87:0a:05:ea]
RSSI: -75 [da:0a:87:0a:05:ea]
RSSI: -84 [da:10:2b:db:0f:cc]
RSSI: -82 [da:10:2b:db:0f:cc]
RSSI: -76 [da:0a:87:1b:06:0a]
RSSI: -80 [da:10:2b:e9:0f:fc]
RSSI: -77 [da:0a:87:1b:06:0a]
RSSI: -75 [da:0a:87:2b:06:3a]
RSSI: -76 [da:0a:87:2b:06:3a]
RSSI: -82 [da:10:2b:f6:10:1c]
RSSI: -81 [da:10:2b:f6:10:1c]
RSSI: -76 [da:0a:87:37:06:6a]
RSSI: -79 [da:10:2c:04:10:4c]
RSSI: -78 [da:0a:87:37:06:6a]
RSSI: -79 [da:0a:87:47:06:8a]
RSSI: -79 [da:10:2c:13:10:7c]
RSSI: -80 [da:0a:87:57:06:ba]
RSSI: -75 [da:10:2c:1f:10:ac]
RSSI: -82 [da:0a:87:57:06:ba]
RSSI: -78 [da:10:2c:1f:10:ac]
RSSI: -82 [da:0a:87:64:06:ea]
RSSI: -73 [da:10:2c:2e:10:cc]
RSSI: -81 [da:10:2c:3c:10:fc]
RSSI: -80 [da:0a:87:74:07:0a]
RSSI: -82 [da:10:2c:3c:10:fc]
RSSI: -81 [da:0a:87:74:07:0a]
RSSI: -78 [da:10:2c:3c:10:fc]
RSSI: -79 [da:0a:87:84:07:3a]
RSSI: -84 [da:0a:87:91:07:6a]
RSSI: -79 [da:10:2c:58:11:5c]
RSSI: -85 [da:0a:87:91:07:6a]
RSSI: -79 [da:0a:87:91:07:6a]
RSSI: -81 [da:10:2c:66:11:7c]
RSSI: -82 [da:0a:87:a1:07:8a]
RSSI: -79 [da:10:2c:66:11:7c]
RSSI: -76 [da:10:2c:73:11:ac]
RSSI: -83 [da:0a:87:b1:07:ba]
RSSI: -74 [da:10:2c:73:11:ac]
RSSI: -85 [da:0a:87:b1:07:ba]
RSSI: -74 [da:10:2c:81:11:dc]
RSSI: -82 [da:0a:87:bd:07:da]
RSSI: -71 [da:10:2c:81:11:dc]
RSSI: -69 [da:10:2c:8f:12:0c]
RSSI: -68 [da:10:2c:8f:12:0c]
RSSI: -80 [da:0a:87:ce:08:0a]
RSSI: -68 [da:10:2c:9c:12:2c]
RSSI: -66 [da:10:2c:9c:12:2c]
RSSI: -80 [da:0a:87:de:08:3a]
RSSI: -87 [da:0a:87:de:08:3a]
RSSI: -66 [da:10:2c:ab:12:5c]
RSSI: -81 [da:0a:87:ea:08:5a]
RSSI: -64 [da:10:2c:b9:12:8c]
RSSI: -81 [da:0a:87:fa:08:8a]
RSSI: -63 [da:10:2c:c6:12:ac]
RSSI: -64 [da:10:2c:d4:12:dc]
RSSI: -82 [da:0a:88:0a:08:ba]
RSSI: -64 [da:10:2c:d4:12:dc]
RSSI: -62 [da:10:2c:d4:12:dc]
RSSI: -86 [da:0a:88:17:08:da]
RSSI: -62 [da:10:2c:e3:13:0c]
RSSI: -86 [da:0a:88:17:08:da]
RSSI: -80 [da:0a:88:17:08:da]
RSSI: -64 [da:10:2c:e3:13:0c]
RSSI: -62 [da:10:2c:ef:13:2c]
RSSI: -62 [da:10:2c:ef:13:2c]
RSSI: -80 [da:0a:88:37:09:3a]
RSSI: -62 [da:10:2c:fe:13:5c]
RSSI: -80 [da:0a:88:37:09:3a]
RSSI: -81 [da:0a:88:44:09:5a]
RSSI: -64 [da:10:2d:0c:13:8c]
RSSI: -83 [da:0a:88:44:09:5a]
RSSI: -62 [da:10:2d:19:13:bc]
RSSI: -63 [da:10:2d:19:13:bc]
RSSI: -83 [da:0a:88:54:09:8a]
RSSI: -64 [da:10:2d:27:13:ec]
RSSI: -83 [da:0a:88:64:09:ba]
RSSI: -64 [da:10:2d:27:13:ec]
RSSI: -83 [da:0a:88:64:09:ba]
RSSI: -67 [da:10:2d:36:14:0c]
RSSI: -92 [da:0d:91:93:0e:7e]
RSSI: -68 [da:10:2d:42:14:3c]
RSSI: -71 [da:10:2d:51:14:6c]
RSSI: -78 [da:0a:88:91:0a:3a]
RSSI: -91 [da:0d:91:ac:0e:be]
RSSI: -72 [da:10:2d:5f:14:9c]
RSSI: -73 [da:10:2d:5f:14:9c]
RSSI: -79 [da:0a:88:9e:0a:5a]
RSSI: -79 [da:10:2d:6c:14:bc]
RSSI: -81 [da:10:2d:6c:14:bc]
RSSI: -90 [da:0d:91:c6:0f:0e]
RSSI: -82 [da:0a:88:ae:0a:8a]
RSSI: -89 [da:0d:91:d3:0f:3e]
RSSI: -89 [da:10:2d:7b:14:ec]
RSSI: -80 [da:0a:88:ae:0a:8a]
RSSI: -81 [da:0a:88:be:0a:ba]
RSSI: -82 [da:0a:88:be:0a:ba]
RSSI: -79 [da:0a:88:ca:0a:da]
RSSI: -80 [da:10:2d:96:15:3c]
RSSI: -81 [da:0a:88:ca:0a:da]
RSSI: -77 [da:10:2d:96:15:3c]
RSSI: -87 [da:0d:91:fa:0f:ae]
RSSI: -77 [da:0a:88:db:0b:0a]
RSSI: -79 [da:10:2d:a4:15:6c]
RSSI: -90 [da:0d:92:07:0f:ce]
RSSI: -78 [da:0a:88:eb:0b:3a]
RSSI: -88 [da:0d:92:07:0f:ce]
RSSI: -74 [da:10:2d:b3:15:9c]
RSSI: -80 [da:0a:88:eb:0b:3a]
RSSI: -89 [da:0d:92:21:10:1e]
RSSI: -80 [da:10:2d:ce:15:fc]
RSSI: -77 [da:0a:89:08:0b:8a]
RSSI: -81 [da:10:2d:ce:15:fc]
RSSI: -79 [da:0a:89:08:0b:8a]
RSSI: -82 [da:10:2d:ce:15:fc]
RSSI: -90 [da:0d:92:2e:10:3e]
RSSI: -89 [da:10:2d:dd:16:2c]
RSSI: -79 [da:0a:89:18:0b:ba]
RSSI: -84 [da:10:2d:dd:16:2c]
RSSI: -85 [da:10:2d:e9:16:4c]
RSSI: -83 [da:0a:89:24:0b:da]
RSSI: -85 [da:10:2d:e9:16:4c]
RSSI: -81 [da:0a:89:24:0b:da]
RSSI: -82 [da:0a:89:34:0c:0a]
RSSI: -82 [da:0a:89:34:0c:0a]
RSSI: -82 [da:0a:89:45:0c:3a]
RSSI: -82 [da:0a:89:45:0c:3a]
RSSI: -90 [da:10:2e:13:00:5c]
RSSI: -80 [da:0a:89:51:0c:5a]
RSSI: -85 [da:10:2e:21:00:8c]
RSSI: -84 [da:10:2e:30:00:bc]
RSSI: -80 [da:0a:89:61:0c:8a]
RSSI: -84 [da:10:2e:30:00:bc]
RSSI: -84 [da:10:2e:30:00:bc]
RSSI: -83 [da:0a:89:72:0c:aa]
RSSI: -83 [da:0a:89:72:0c:aa]
RSSI: -87 [da:10:2e:3d:00:dc]
RSSI: -91 [da:08:a5:8a:13:fb]
RSSI: -82 [da:0a:89:7e:0c:da]
RSSI: -92 [da:08:a5:8a:13:fb]
RSSI: -82 [da:0a:89:7e:0c:da]
RSSI: -85 [da:10:2e:4b:01:0c]
RSSI: -81 [da:0a:89:8e:0d:0a]
RSSI: -89 [da:10:2e:5a:01:3c]
RSSI: -82 [da:0a:89:8e:0d:0a]
RSSI: -82 [da:0a:89:9e:0d:2a]
RSSI: -89 [da:10:2e:66:01:5c]
RSSI: -86 [da:10:2e:66:01:5c]
RSSI: -80 [da:10:2e:75:01:8c]
RSSI: -82 [da:0a:89:ab:0d:5a]
RSSI: -84 [da:10:2e:83:01:bc]
RSSI: -83 [da:10:2e:83:01:bc]
RSSI: -90 [da:10:2e:9f:02:0c]
RSSI: -88 [da:10:2e:9f:02:0c]
RSSI: -92 [da:0a:89:d8:0d:da]
RSSI: -87 [da:08:a5:f5:15:3b]
RSSI: -81 [da:10:2e:ad:02:3c]
RSSI: -84 [da:10:2e:ba:02:6c]
RSSI: -90 [da:08:a6:03:15:5b]
RSSI: -83 [da:10:2e:ba:02:6c]
RSSI: -81 [da:10:2e:ba:02:6c]
RSSI: -87 [da:08:a6:03:15:5b]
RSSI: -82 [da:10:2e:c8:02:9c]
RSSI: -89 [da:08:a6:10:15:7b]
RSSI: -84 [da:10:2e:d7:02:cc]
RSSI: -87 [da:08:a6:1d:15:ab]
RSSI: -85 [da:10:2e:d7:02:cc]
RSSI: -85 [da:08:a6:39:15:fb]
RSSI: -88 [da:10:2e:f2:03:1c]
RSSI: -86 [da:08:a6:39:15:fb]
RSSI: -92 [da:10:2f:01:03:4c]
RSSI: -88 [da:10:2f:0d:03:6c]
RSSI: -84 [da:08:a6:61:16:6b]
RSSI: -89 [da:10:2f:1c:03:9c]
RSSI: -86 [da:10:2f:1c:03:9c]
RSSI: -84 [da:08:a6:7b:00:2b]
RSSI: -82 [da:08:a6:7b:00:2b]
RSSI: -84 [da:10:2f:37:03:fc]
RSSI: -85 [da:08:a6:89:00:5b]
RSSI: -86 [da:10:2f:46:04:1c]
RSSI: -87 [da:10:2f:46:04:1c]
RSSI: -83 [da:08:a6:96:00:7b]
RSSI: -83 [da:08:a6:96:00:7b]
RSSI: -87 [da:10:2f:54:04:4c]
RSSI: -84 [da:08:a6:a4:00:9b]
RSSI: -87 [da:10:2f:61:04:7c]
RSSI: -87 [da:10:2f:61:04:7c]
RSSI: -87 [da:08:a6:be:00:eb]
RSSI: -90 [da:0a:8a:b1:10:3a]
RSSI: -84 [da:08:a6:be:00:eb]
RSSI: -82 [da:10:2f:7e:04:cc]
RSSI: -86 [da:0a:8a:bd:10:5a]
RSSI: -88 [da:08:a6:cc:01:1b]
RSSI: -80 [da:10:2f:8b:04:fc]
RSSI: -88 [da:0a:8a:ca:10:7a]
RSSI: -85 [da:10:2f:99:05:2c]
RSSI: -82 [da:10:2f:a8:05:5c]
RSSI: -91 [da:0a:8a:e3:10:ca]
RSSI: -86 [da:10:2f:a8:05:5c]
RSSI: -89 [da:08:a6:f4:01:8b]
RSSI: -82 [da:10:2f:b5:05:7c]
RSSI: -86 [da:10:2f:b5:05:7c]
RSSI: -89 [da:0a:8a:fd:11:1a]
RSSI: -89 [da:0a:8a:fd:11:1a]
RSSI: -88 [da:10:2f:c3:05:ac]
RSSI: -92 [da:0a:8b:09:11:3a]
RSSI: -86 [da:0a:8b:09:11:3a]
RSSI: -87 [da:0a:8b:16:11:5a]
RSSI: -85 [da:10:2f:de:05:fc]
RSSI: -87 [da:0a:8b:23:11:7a]
RSSI: -90 [da:10:2f:ed:06:2c]
RSSI: -83 [da:10:2f:ed:06:2c]
RSSI: -92 [da:0a:8b:30:11:aa]
RSSI: -89 [da:10:2f:fc:06:5c]
RSSI: -89 [da:0a:8b:3c:11:ca]
RSSI: -86 [da:10:30:17:06:bc]
RSSI: -88 [da:10:30:26:06:ec]
RSSI: -83 [da:0a:8b:62:12:3a]
RSSI: -86 [da:10:30:32:07:0c]
RSSI: -86 [da:0a:8b:7c:12:7a]
RSSI: -87 [da:10:30:41:07:3c]
RSSI: -90 [da:0a:8b:7c:12:7a]
RSSI: -89 [da:10:30:41:07:3c]
RSSI: -84 [da:0a:8b:89:12:9a]
RSSI: -87 [da:0a:8b:89:12:9a]
RSSI: -88 [da:10:30:5c:07:9c]
RSSI: -86 [da:0a:8b:95:12:ca]
RSSI: -87 [da:10:30:5c:07:9c]
RSSI: -83 [da:0a:8b:95:12:ca]
RSSI: -84 [da:0a:8b:a2:12:ea]
RSSI: -87 [da:10:30:6b:07:cc]
RSSI: -85 [da:0a:8b:a2:12:ea]
RSSI: -89 [da:10:30:6b:07:cc]
RSSI: -83 [da:0a:8b:af:13:0a]
RSSI: -83 [da:0a:8b:af:13:0a]
RSSI: -86 [da:10:30:79:07:fc]
RSSI: -84 [da:0a:8b:bc:13:2a]
RSSI: -88 [da:10:30:86:08:1c]
RSSI: -85 [da:0a:8b:bc:13:2a]
RSSI: -88 [da:10:30:86:08:1c]
RSSI: -84 [da:0a:8b:c8:13:4a]
RSSI: -86 [da:0a:8b:d5:13:7a]
RSSI: -87 [da:10:30:95:08:4c]
RSSI: -86 [da:0a:8b:d5:13:7a]
RSSI: -84 [da:0a:8b:d5:13:7a]
RSSI: -84 [da:0a:8b:e2:13:9a]
RSSI: -86 [da:0a:8b:e2:13:9a]
RSSI: -83 [da:0a:8b:ef:13:ba]
RSSI: -85 [da:0a:8b:fb:13:ea]
RSSI: -89 [da:10:30:bf:08:cc]
RSSI: -84 [da:0a:8b:fb:13:ea]
RSSI: -82 [da:0a:8c:08:14:0a]
RSSI: -84 [da:0a:8c:08:14:0a]
RSSI: -82 [da:0a:8c:15:14:2a]
RSSI: -85 [da:10:30:da:09:2c]
RSSI: -81 [da:0a:8c:15:14:2a]
RSSI: -91 [da:10:30:da:09:2c]
RSSI: -81 [da:0a:8c:21:14:4a]
RSSI: -87 [da:10:30:f7:09:8c]
RSSI: -90 [da:10:30:f7:09:8c]
RSSI: -82 [da:0a:8c:3b:14:8a]
RSSI: -80 [da:0a:8c:3b:14:8a]
RSSI: -80 [da:0a:8c:48:14:ba]
RSSI: -88 [da:10:31:13:09:dc]
RSSI: -79 [da:0a:8c:55:14:da]
RSSI: -80 [da:0a:8c:55:14:da]
RSSI: -91 [da:10:31:21:0a:0c]
RSSI: -87 [da:0a:8c:61:14:fa]
RSSI: -78 [da:0a:8c:61:14:fa]
RSSI: -87 [da:10:31:2e:0a:3c]
RSSI: -79 [da:0a:8c:6e:15:2a]
RSSI: -86 [da:10:31:2e:0a:3c]
RSSI: -78 [da:0a:8c:7b:15:4a]
RSSI: -79 [da:0a:8c:7b:15:4a]
RSSI: -78 [da:0a:8c:88:15:6a]
RSSI: -79 [da:0a:8c:94:15:8a]
RSSI: -79 [da:0a:8c:a1:15:aa]
RSSI: -79 [da:0a:8c:a1:15:aa]
RSSI: -79 [da:0a:8c:ae:15:da]
RSSI: -88 [da:10:31:75:0b:1c]
RSSI: -80 [da:0a:8c:c8:16:1a]
RSSI: -87 [da:10:31:91:0b:7c]
RSSI: -82 [da:0a:8c:c8:16:1a]
RSSI: -87 [da:10:31:91:0b:7c]
RSSI: -81 [da:0a:8c:d4:16:3a]
RSSI: -83 [da:0a:8c:e1:00:2a]
RSSI: -89 [da:10:31:ac:0b:cc]
RSSI: -81 [da:0a:8c:ee:00:4a]
RSSI: -83 [da:0a:8c:ee:00:4a]
RSSI: -91 [da:0a:8c:fb:00:6a]
RSSI: -93 [da:10:31:bb:0b:fc]
RSSI: -82 [da:0a:8d:07:00:8a]
RSSI: -90 [da:10:31:c9:0c:2c]
RSSI: -81 [da:0a:8d:14:00:ba]
RSSI: -83 [da:0a:8d:21:00:da]
RSSI: -86 [da:10:31:e5:0c:8c]
RSSI: -85 [da:10:31:f3:0c:bc]
RSSI: -79 [da:0a:8d:2e:00:fa]
RSSI: -79 [da:0a:8d:3b:01:2a]
RSSI: -78 [da:0a:8d:3b:01:2a]
RSSI: -86 [da:10:32:00:0c:dc]
RSSI: -84 [da:0a:8d:47:01:4a]
RSSI: -85 [da:0a:8d:47:01:4a]
RSSI: -78 [da:0a:8d:54:01:6a]
RSSI: -78 [da:0a:8d:61:01:8a]
RSSI: -86 [da:10:32:2a:0d:6c]
RSSI: -79 [da:0a:8d:61:01:8a]
RSSI: -84 [da:10:32:2a:0d:6c]
RSSI: -85 [da:0a:8d:6e:01:ba]
RSSI: -85 [da:0a:8d:6e:01:ba]
RSSI: -83 [da:10:32:39:0d:8c]
RSSI: -78 [da:0a:8d:7a:01:da]
RSSI: -84 [da:10:32:48:0d:bc]
RSSI: -85 [da:10:32:48:0d:bc]
RSSI: -73 [da:0a:8d:87:01:fa]
RSSI: -75 [da:0a:8d:87:01:fa]
RSSI: -81 [da:0a:8d:94:02:1a]
RSSI: -85 [da:10:32:54:0d:ec]
RSSI: -81 [da:0a:8d:94:02:1a]
RSSI: -72 [da:0a:8d:a1:02:4a]
RSSI: -86 [da:10:32:68:0e:2c]
RSSI: -68 [da:0a:8d:ae:02:6a]
RSSI: -88 [da:10:32:79:0e:5c]
RSSI: -70 [da:0a:8d:ae:02:6a]
RSSI: -87 [da:10:32:79:0e:5c]
RSSI: -74 [da:0a:8d:bb:02:8a]
RSSI: -74 [da:0a:8d:bb:02:8a]
RSSI: -86 [da:10:32:85:0e:8c]
RSSI: -86 [da:10:32:85:0e:8c]
RSSI: -68 [da:0a:8d:c7:02:aa]
RSSI: -81 [da:10:32:94:0e:bc]
RSSI: -65 [da:0a:8d:d4:02:ca]
RSSI: -84 [da:10:32:94:0e:bc]
RSSI: -66 [da:0a:8d:d4:02:ca]
RSSI: -70 [da:0a:8d:e1:02:fa]
RSSI: -81 [da:10:32:a3:0e:ec]
RSSI: -69 [da:0a:8d:e1:02:fa]
RSSI: -81 [da:10:32:be:0f:3c]
RSSI: -65 [da:0a:8d:fb:03:3a]
RSSI: -82 [da:10:32:be:0f:3c]
RSSI: -82 [da:10:32:be:0f:3c]
RSSI: -66 [da:0a:8d:fb:03:3a]
RSSI: -68 [da:0a:8e:07:03:5a]
RSSI: -79 [da:10:32:cd:0f:6c]
RSSI: -67 [da:0a:8e:07:03:5a]
RSSI: -80 [da:10:32:da:0f:8c]
RSSI: -66 [da:0a:8e:14:03:8a]
RSSI: -80 [da:10:32:da:0f:8c]
RSSI: -78 [da:10:32:da:0f:8c]
RSSI: -65 [da:0a:8e:21:03:aa]
RSSI: -66 [da:0a:8e:21:03:aa]
RSSI: -68 [da:0a:8e:2e:03:ca]
RSSI: -66 [da:0a:8e:3a:03:ea]
RSSI: -81 [da:10:33:04:10:1c]
RSSI: -67 [da:0a:8e:47:04:1a]
RSSI: -67 [da:0a:8e:47:04:1a]
RSSI: -83 [da:10:33:13:10:4c]
RSSI: -69 [da:0a:8e:54:04:3a]
RSSI: -69 [da:0a:8e:54:04:3a]
RSSI: -68 [da:0a:8e:54:04:3a]
RSSI: -80 [da:10:33:21:10:7c]
RSSI: -79 [da:10:33:21:10:7c]
RSSI: -69 [da:0a:8e:61:04:5a]
RSSI: -75 [da:10:33:2e:10:9c]
RSSI: -71 [da:0a:8e:6e:04:7a]
RSSI: -80 [da:10:33:2e:10:9c]
RSSI: -71 [da:0a:8e:6e:04:7a]
RSSI: -75 [da:10:33:3d:10:cc]
RSSI: -72 [da:0a:8e:7b:04:aa]
RSSI: -74 [da:0a:8e:7b:04:aa]
RSSI: -82 [da:10:33:4c:10:fc]
RSSI: -88 [da:10:33:58:11:2c]
RSSI: -78 [da:0a:8e:94:04:ea]
RSSI: -84 [da:10:33:58:11:2c]
RSSI: -77 [da:0a:8e:94:04:ea]
RSSI: -79 [da:0a:8e:a1:05:0a]
RSSI: -82 [da:10:33:67:11:5c]
RSSI: -80 [da:0a:8e:a1:05:0a]
RSSI: -88 [da:10:33:76:11:8c]
RSSI: -80 [da:0a:8e:ae:05:3a]
RSSI: -79 [da:0a:8e:bb:05:5a]
RSSI: -81 [da:10:33:82:11:ac]
RSSI: -79 [da:0a:8e:bb:05:5a]
RSSI: -81 [da:10:33:82:11:ac]
RSSI: -78 [da:0a:8e:c8:05:7a]
RSSI: -77 [da:10:33:91:11:dc]
RSSI: -79 [da:0a:8e:c8:05:7a]
RSSI: -77 [da:10:33:91:11:dc]
RSSI: -78 [da:0a:8e:d5:05:9a]
RSSI: -77 [da:10:33:a0:12:0c]
RSSI: -80 [da:0a:8e:e2:05:ca]
RSSI: -73 [da:10:33:ad:12:3c]
RSSI: -79 [da:0a:8e:e2:05:ca]
RSSI: -73 [da:10:33:ad:12:3c]
RSSI: -74 [da:10:33:ad:12:3c]
RSSI: -78 [da:0a:8e:ef:05:ea]
RSSI: -81 [da:0a:8e:ef:05:ea]
RSSI: -73 [da:10:33:bb:12:6c]
RSSI: -81 [da:0a:8e:fb:06:0a]
RSSI: -73 [da:10:33:bb:12:6c]
RSSI: -81 [da:0a:8e:fb:06:0a]
RSSI: -73 [da:10:33:ca:12:9c]
RSSI: -73 [da:10:33:ca:12:9c]
RSSI: -82 [da:0a:8f:08:06:3a]
RSSI: -73 [da:10:33:ca:12:9c]
RSSI: -83 [da:0a:8f:08:06:3a]
RSSI: -82 [da:0a:8f:15:06:5a]
RSSI: -86 [da:0a:8f:15:06:5a]
RSSI: -71 [da:10:33:e6:12:ec]
RSSI: -86 [da:0a:8f:22:06:7a]
RSSI: -84 [da:0a:8f:22:06:7a]
RSSI: -71 [da:10:33:f5:13:1c]
RSSI: -86 [da:0a:8f:2f:06:9a]
RSSI: -71 [da:10:33:f5:13:1c]
RSSI: -86 [da:0a:8f:2f:06:9a]
RSSI: -95 [da:0d:98:52:0b:8e]
RSSI: -83 [da:0a:8f:3c:06:ca]
RSSI: -73 [da:10:34:01:13:4c]
RSSI: -86 [da:0a:8f:3c:06:ca]
RSSI: -71 [da:10:34:01:13:4c]
RSSI: -85 [da:0a:8f:48:06:ea]
RSSI: -83 [da:0a:8f:48:06:ea]
RSSI: -86 [da:0a:8f:62:07:3a]
RSSI: -73 [da:10:34:2b:13:cc]
RSSI: -72 [da:10:34:2b:13:cc]
RSSI: -74 [da:10:34:3a:13:fc]
RSSI: -74 [da:10:34:3a:13:fc]
RSSI: -74 [da:10:34:49:14:2c]
RSSI: -75 [da:10:34:49:14:2c]
RSSI: -75 [da:10:34:56:14:4c]
RSSI: -75 [da:10:34:56:14:4c]
RSSI: -93 [da:0a:8f:a3:07:ea]
RSSI: -93 [da:0a:8f:a3:07:ea]
RSSI: -76 [da:10:34:65:14:7c]
RSSI: -81 [da:10:34:74:14:ac]
RSSI: -81 [da:10:34:80:14:dc]
RSSI: -87 [da:10:34:80:14:dc]
RSSI: -88 [da:10:34:8f:15:0c]
RSSI: -90 [da:0a:8f:d6:08:7a]
RSSI: -86 [da:0a:8f:d6:08:7a]
RSSI: -93 [da:0a:8f:e3:08:9a]
RSSI: -82 [da:10:34:ab:15:5c]
RSSI: -88 [da:0d:99:0a:0d:ae]
RSSI: -87 [da:0a:8f:f0:08:ca]
RSSI: -79 [da:10:34:b9:15:8c]
RSSI: -80 [da:10:34:b9:15:8c]
RSSI: -82 [da:10:34:b9:15:8c]
RSSI: -81 [da:10:34:c8:15:bc]
RSSI: -81 [da:10:34:d5:15:dc]
RSSI: -88 [da:0a:90:17:09:2a]
RSSI: -84 [da:0d:99:32:0e:1e]
RSSI: -82 [da:10:34:d5:15:dc]
RSSI: -86 [da:0a:90:17:09:2a]
RSSI: -85 [da:0d:99:32:0e:1e]
RSSI: -89 [da:0d:99:3f:0e:4e]
RSSI: -86 [da:0a:90:24:09:5a]
RSSI: -83 [da:0d:99:3f:0e:4e]
RSSI: -85 [da:0a:90:24:09:5a]
RSSI: -84 [da:10:34:f3:16:3c]
RSSI: -84 [da:0a:90:30:09:7a]
RSSI: -82 [da:0a:90:3d:09:9a]
RSSI: -82 [da:0d:99:59:0e:8e]
RSSI: -83 [da:0a:90:3d:09:9a]
RSSI: -83 [da:0d:99:59:0e:8e]
RSSI: -87 [da:0d:99:67:0e:be]
RSSI: -84 [da:0a:90:4a:09:ca]
RSSI: -81 [da:0d:99:67:0e:be]
RSSI: -82 [da:0d:99:74:0e:de]
RSSI: -85 [da:10:35:1d:00:2c]
RSSI: -84 [da:0d:99:74:0e:de]
RSSI: -88 [da:10:35:1d:00:2c]
RSSI: -85 [da:0a:90:57:09:ea]
RSSI: -81 [da:0d:99:81:0e:fe]
RSSI: -83 [da:0a:90:64:0a:0a]
RSSI: -86 [da:10:35:2a:00:5c]
RSSI: -84 [da:0a:90:71:0a:2a]
RSSI: -84 [da:10:35:39:00:8c]
RSSI: -85 [da:0a:90:71:0a:2a]
RSSI: -83 [da:10:35:39:00:8c]
RSSI: -82 [da:0d:99:9c:0f:4e]
RSSI: -83 [da:10:35:47:00:bc]
RSSI: -82 [da:0d:99:9c:0f:4e]
RSSI: -84 [da:10:35:47:00:bc]
RSSI: -82 [da:0a:90:8b:0a:7a]
RSSI: -85 [da:10:35:54:00:dc]
RSSI: -82 [da:0d:99:a9:0f:6e]
RSSI: -85 [da:10:35:54:00:dc]
RSSI: -81 [da:0a:90:98:0a:9a]
RSSI: -82 [da:0d:99:b6:0f:9e]
RSSI: -90 [da:10:35:63:01:0c]
RSSI: -85 [da:10:35:63:01:0c]
RSSI: -82 [da:0a:90:a4:0a:ba]
RSSI: -85 [da:0a:90:a4:0a:ba]
RSSI: -82 [da:0d:99:c3:0f:be]
RSSI: -85 [da:0a:90:a4:0a:ba]
RSSI: -80 [da:0a:90:b1:0a:da]
RSSI: -85 [da:0d:99:d0:0f:ee]
RSSI: -82 [da:0a:90:b1:0a:da]
RSSI: -81 [da:10:35:7e:01:6c]
RSSI: -86 [da:0d:99:de:10:0e]
RSSI: -81 [da:0a:90:be:0a:fa]
RSSI: -86 [da:0d:99:de:10:0e]
RSSI: -84 [da:0d:99:de:10:0e]
RSSI: -83 [da:10:35:8d:01:9c]
RSSI: -81 [da:10:35:8d:01:9c]
RSSI: -85 [da:0d:99:eb:10:2e]
RSSI: -87 [da:0a:90:cb:0b:1a]
RSSI: -83 [da:10:35:9c:01:cc]
RSSI: -85 [da:10:35:a9:01:ec]
RSSI: -86 [da:0d:9a:05:10:7e]
RSSI: -86 [da:0a:90:f2:0b:8a]
RSSI: -81 [da:10:35:b8:02:1c]
RSSI: -85 [da:0a:90:ff:0b:ba]
RSSI: -86 [da:0a:90:ff:0b:ba]
RSSI: -84 [da:10:35:c7:02:4c]
RSSI: -87 [da:0a:90:ff:0b:ba]
RSSI: -82 [da:10:35:d3:02:7c]
RSSI: -87 [da:0a:91:19:0b:fa]
RSSI: -84 [da:10:35:e2:02:ac]
RSSI: -86 [da:0a:91:26:0c:2a]
RSSI: -83 [da:10:35:f1:02:dc]
RSSI: -84 [da:10:35:f1:02:dc]
RSSI: -84 [da:0a:91:33:0c:4a]
RSSI: -88 [da:10:35:fe:02:fc]
RSSI: -84 [da:0a:91:4c:0c:8a]
RSSI: -87 [da:10:36:0d:03:2c]
RSSI: -84 [da:10:36:1c:03:5c]
RSSI: -91 [da:10:36:1c:03:5c]
RSSI: -83 [da:0a:91:5a:0c:aa]
RSSI: -87 [da:10:36:28:03:7c]
RSSI: -86 [da:10:36:37:03:ac]
RSSI: -84 [da:0a:91:80:0d:1a]
RSSI: -86 [da:10:36:46:03:dc]
RSSI: -84 [da:0a:91:80:0d:1a]
RSSI: -85 [da:10:36:53:04:0c]
RSSI: -89 [da:08:ad:a6:15:1b]
RSSI: -87 [da:10:36:62:04:3c]
RSSI: -83 [da:10:36:62:04:3c]
RSSI: -91 [da:0a:91:a7:0d:8a]
RSSI: -86 [da:10:36:71:04:6c]
RSSI: -87 [da:08:ad:c1:15:6b]
RSSI: -88 [da:08:ad:cf:15:9b]
RSSI: -78 [da:10:36:8c:04:bc]
RSSI: -85 [da:10:36:8c:04:bc]
RSSI: -80 [da:10:36:9b:04:ec]
RSSI: -83 [da:10:36:a8:05:1c]
RSSI: -80 [da:10:36:a8:05:1c]
RSSI: -89 [da:0a:91:e8:0e:4a]
RSSI: -86 [da:08:ad:f8:16:0b]
RSSI: -89 [da:0a:91:f5:0e:6a]
RSSI: -89 [da:08:ae:06:16:3b]
RSSI: -87 [da:10:36:d2:05:9c]
RSSI: -87 [da:08:ae:21:00:0b]
RSSI: -91 [da:10:36:e2:05:cc]
RSSI: -84 [da:10:36:f0:05:fc]
RSSI: -89 [da:08:ae:3c:00:4b]
RSSI: -83 [da:10:36:fd:06:2c]
RSSI: -87 [da:08:ae:4a:00:7b]
RSSI: -87 [da:08:ae:58:00:ab]
RSSI: -88 [da:08:ae:65:00:cb]
RSSI: -89 [da:08:ae:65:00:cb]
RSSI: -90 [da:0a:92:5c:0f:8a]
RSSI: -86 [da:10:37:28:06:ac]
RSSI: -87 [da:08:ae:73:00:fb]
RSSI: -88 [da:08:ae:73:00:fb]
RSSI: -87 [da:10:37:37:06:dc]
RSSI: -87 [da:10:37:46:07:0c]
RSSI: -83 [da:10:37:46:07:0c]
RSSI: -83 [da:10:37:46:07:0c]
RSSI: -87 [da:08:ae:8e:01:3b]
RSSI: -89 [da:08:ae:9c:01:6b]
RSSI: -84 [da:10:37:52:07:3c]
RSSI: -82 [da:10:37:52:07:3c]
RSSI: -82 [da:10:37:61:07:6c]
RSSI: -90 [da:08:ae:aa:01:8b]
RSSI: -83 [da:10:37:61:07:6c]
RSSI: -82 [da:10:37:70:07:9c]
RSSI: -89 [da:08:ae:b7:01:bb]
RSSI: -90 [da:08:ae:b7:01:bb]
RSSI: -82 [da:10:37:70:07:9c]
RSSI: -82 [da:10:37:7d:07:bc]
RSSI: -83 [da:10:37:7d:07:bc]
RSSI: -84 [da:10:37:8c:07:ec]
RSSI: -83 [da:10:37:8c:07:ec]
RSSI: -83 [da:10:37:9b:08:1c]
RSSI: -85 [da:10:37:9b:08:1c]
RSSI: -85 [da:10:37:a8:08:4c]
RSSI: -87 [da:10:37:b7:08:7c]
RSSI: -87 [da:10:37:b7:08:7c]
RSSI: -87 [da:0a:92:f8:11:4a]
RSSI: -88 [da:0a:93:05:11:6a]
RSSI: -90 [da:0a:93:12:11:9a]
RSSI: -86 [da:0a:93:1f:11:ba]
RSSI: -89 [da:0a:93:2c:11:da]
RSSI: -90 [da:10:37:fd:09:5c]
RSSI: -88 [da:10:38:0c:09:8c]
RSSI: -88 [da:0a:93:60:12:6a]
RSSI: -87 [da:10:38:28:09:dc]
RSSI: -86 [da:0a:93:60:12:6a]
RSSI: -89 [da:10:38:28:09:dc]
RSSI: -86 [da:0a:93:6d:12:9a]
RSSI: -86 [da:0a:93:7a:12:ba]
RSSI: -87 [da:10:38:46:0a:3c]
RSSI: -86 [da:0a:93:87:12:da]
RSSI: -87 [da:0a:93:87:12:da]
RSSI: -86 [da:10:38:52:0a:6c]
RSSI: -88 [da:0a:93:94:13:0a]
RSSI: -84 [da:0a:93:94:13:0a]
RSSI: -90 [da:10:38:61:0a:9c]
RSSI: -89 [da:0a:93:a1:13:2a]
RSSI: -83 [da:0a:93:ae:13:4a]
RSSI: -87 [da:10:38:70:0a:cc]
RSSI: -89 [da:0a:93:ae:13:4a]
RSSI: -82 [da:0a:93:bb:13:7a]
RSSI: -83 [da:0a:93:d5:13:ba]
RSSI: -84 [da:0a:93:d5:13:ba]
RSSI: -84 [da:0a:93:e2:13:ea]
RSSI: -86 [da:0a:93:e2:13:ea]
RSSI: -84 [da:0a:93:f0:14:0a]
RSSI: -84 [da:0a:93:f0:14:0a]
RSSI: -86 [da:0a:93:fc:14:2a]
RSSI: -86 [da:0a:93:fc:14:2a]
RSSI: -88 [da:0a:94:0a:14:5a]
RSSI: -89 [da:0a:94:17:14:7a]
RSSI: -84 [da:0a:94:23:14:9a]
RSSI: -86 [da:0a:94:23:14:9a]
RSSI: -86 [da:10:38:f1:0c:6c]
RSSI: -88 [da:10:38:f1:0c:6c]
RSSI: -83 [da:0a:94:31:14:ca]
RSSI: -83 [da:0a:94:31:14:ca]
RSSI: -85 [da:10:38:fd:0c:8c]
RSSI: -88 [da:0a:94:3e:14:ea]
RSSI: -83 [da:0a:94:4a:15:0a]
RSSI: -85 [da:0a:94:58:15:2a]
RSSI: -87 [da:10:39:28:0d:1c]
RSSI: -87 [da:0a:94:65:15:5a]
RSSI: -87 [da:0a:94:72:15:7a]
RSSI: -82 [da:10:39:37:0d:4c]
RSSI: -88 [da:0a:94:7f:15:9a]
RSSI: -88 [da:10:39:46:0d:7c]
RSSI: -87 [da:10:39:53:0d:9c]
RSSI: -89 [da:10:39:53:0d:9c]
RSSI: -86 [da:0a:94:99:15:da]
RSSI: -82 [da:10:39:62:0d:dc]
RSSI: -90 [da:10:39:62:0d:dc]
RSSI: -84 [da:0a:94:a6:16:0a]
RSSI: -84 [da:10:39:71:0e:0c]
RSSI: -86 [da:0a:94:b3:16:2a]
RSSI: -81 [da:0a:94:c0:16:4a]
RSSI: -88 [da:10:39:8d:0e:5c]
RSSI: -81 [da:0a:94:cd:00:2a]
RSSI: -85 [da:10:39:9c:0e:8c]
RSSI: -83 [da:0a:94:da:00:4a]
RSSI: -88 [da:10:39:a8:0e:bc]
RSSI: -81 [da:0a:94:f4:00:9a]
RSSI: -81 [da:0a:94:f4:00:9a]
RSSI: -85 [da:0a:95:02:00:ba]
RSSI: -82 [da:10:39:c7:0f:1c]
RSSI: -81 [da:0a:95:02:00:ba]
RSSI: -81 [da:0a:95:0e:00:da]
RSSI: -85 [da:10:39:d3:0f:3c]
RSSI: -81 [da:0a:95:0e:00:da]
RSSI: -80 [da:10:39:d3:0f:3c]
RSSI: -86 [da:0a:95:29:01:2a]
RSSI: -77 [da:0a:95:29:01:2a]
RSSI: -78 [da:0a:95:35:01:4a]
RSSI: -85 [da:0a:95:35:01:4a]
RSSI: -79 [da:10:39:fe:0f:cc]
RSSI: -76 [da:0a:95:43:01:7a]
RSSI: -76 [da:0a:95:43:01:7a]
RSSI: -84 [da:10:3a:0d:0f:fc]
RSSI: -76 [da:0a:95:43:01:7a]
RSSI: -80 [da:10:3a:0d:0f:fc]
RSSI: -84 [da:0a:95:50:01:9a]
RSSI: -84 [da:10:3a:1c:10:2c]
RSSI: -74 [da:0a:95:50:01:9a]
RSSI: -84 [da:10:3a:1c:10:2c]
RSSI: -75 [da:0a:95:5d:01:ba]
RSSI: -84 [da:10:3a:1c:10:2c]
RSSI: -83 [da:0a:95:5d:01:ba]
RSSI: -74 [da:0a:95:6a:01:da]
RSSI: -76 [da:0a:95:6a:01:da]
RSSI: -76 [da:10:3a:38:10:8c]
RSSI: -74 [da:0a:95:77:02:0a]
RSSI: -73 [da:0a:95:77:02:0a]
RSSI: -76 [da:10:3a:47:10:bc]
RSSI: -75 [da:0a:95:84:02:2a]
RSSI: -79 [da:0a:95:84:02:2a]
RSSI: -79 [da:10:3a:54:10:dc]
RSSI: -73 [da:0a:95:91:02:4a]
RSSI: -76 [da:10:3a:54:10:dc]
RSSI: -74 [da:0a:95:91:02:4a]
RSSI: -74 [da:0a:95:9f:02:7a]
RSSI: -82 [da:10:3a:63:11:0c]
RSSI: -75 [da:0a:95:ab:02:9a]
RSSI: -74 [da:0a:95:b9:02:ba]
RSSI: -88 [da:10:3a:7f:11:6c]
RSSI: -74 [da:0a:95:b9:02:ba]
RSSI: -82 [da:10:3a:8e:11:9c]
RSSI: -73 [da:0a:95:c6:02:da]
RSSI: -80 [da:10:3a:8e:11:9c]
RSSI: -78 [da:0a:95:d2:03:0a]
RSSI: -80 [da:10:3a:9d:11:cc]
RSSI: -75 [da:10:3a:9d:11:cc]
RSSI: -74 [da:0a:95:e0:03:2a]
RSSI: -73 [da:0a:95:ed:03:4a]
RSSI: -73 [da:0a:95:ed:03:4a]
RSSI: -71 [da:10:3a:b9:12:1c]
RSSI: -70 [da:10:3a:b9:12:1c]
RSSI: -80 [da:0a:95:fa:03:6a]
RSSI: -70 [da:10:3a:c8:12:4c]
RSSI: -68 [da:10:3a:c8:12:4c]
RSSI: -77 [da:0a:96:07:03:9a]
RSSI: -68 [da:10:3a:d5:12:6c]
RSSI: -76 [da:0a:96:14:03:ba]
RSSI: -79 [da:0a:96:14:03:ba]
RSSI: -83 [da:0a:96:21:03:da]
RSSI: -67 [da:10:3a:e4:12:9c]
RSSI: -79 [da:0a:96:21:03:da]
RSSI: -80 [da:0a:96:2e:04:0a]
RSSI: -66 [da:10:3a:f3:12:cc]
RSSI: -80 [da:0a:96:2e:04:0a]
RSSI: -83 [da:0a:96:3c:04:2a]
RSSI: -67 [da:10:3b:00:12:fc]
RSSI: -81 [da:0a:96:3c:04:2a]
RSSI: -65 [da:10:3b:00:12:fc]
RSSI: -84 [da:0a:96:48:04:4a]
RSSI: -66 [da:10:3b:0f:13:2c]
RSSI: -84 [da:0a:96:48:04:4a]
RSSI: -83 [da:0a:96:56:04:7a]
RSSI: -66 [da:10:3b:1e:13:5c]
RSSI: -83 [da:0a:96:56:04:7a]
RSSI: -66 [da:10:3b:1e:13:5c]
RSSI: -83 [da:0a:96:63:04:9a]
RSSI: -83 [da:0a:96:63:04:9a]
RSSI: -66 [da:10:3b:2b:13:7c]
RSSI: -83 [da:0a:96:63:04:9a]
RSSI: -79 [da:0a:96:70:04:ba]
RSSI: -67 [da:10:3b:3a:13:ac]
RSSI: -82 [da:0a:96:70:04:ba]
RSSI: -67 [da:10:3b:3a:13:ac]
RSSI: -83 [da:0a:96:7d:04:ea]
RSSI: -67 [da:10:3b:3a:13:ac]
RSSI: -67 [da:10:3b:49:13:dc]
RSSI: -83 [da:0a:96:8a:05:0a]
RSSI: -70 [da:10:3b:49:13:dc]
RSSI: -83 [da:0a:96:8a:05:0a]
RSSI: -69 [da:10:3b:56:14:0c]
RSSI: -84 [da:0a:96:97:05:2a]
RSSI: -70 [da:10:3b:65:14:3c]
RSSI: -84 [da:0a:96:a5:05:5a]
RSSI: -72 [da:10:3b:74:14:6c]
RSSI: -89 [da:0a:96:b2:05:7a]
RSSI: -73 [da:10:3b:74:14:6c]
RSSI: -89 [da:0a:96:b2:05:7a]
RSSI: -75 [da:10:3b:81:14:9c]
RSSI: -78 [da:10:3b:81:14:9c]
RSSI: -82 [da:10:3b:90:14:cc]
RSSI: -87 [da:10:3b:9f:14:fc]
RSSI: -88 [da:10:3b:ac:15:1c]
RSSI: -83 [da:10:3b:ac:15:1c]
RSSI: -87 [da:0a:96:fc:06:4a]
RSSI: -82 [da:10:3b:bb:15:4c]
RSSI: -88 [da:0a:97:09:06:6a]
RSSI: -77 [da:10:3b:ca:15:7c]
RSSI: -84 [da:0a:97:09:06:6a]
RSSI: -78 [da:10:3b:d7:15:ac]
RSSI: -85 [da:0a:97:15:06:9a]
RSSI: -83 [da:0a:97:23:06:ba]
RSSI: -80 [da:10:3b:e6:15:dc]
RSSI: -84 [da:0a:97:23:06:ba]
RSSI: -80 [da:10:3b:e6:15:dc]
RSSI: -87 [da:10:3b:f5:16:0c]
RSSI: -83 [da:0a:97:30:06:da]
RSSI: -82 [da:10:3b:f5:16:0c]
RSSI: -85 [da:0a:97:30:06:da]
RSSI: -84 [da:0a:97:3d:07:0a]
RSSI: -85 [da:10:3c:02:16:2c]
RSSI: -82 [da:0a:97:3d:07:0a]
RSSI: -86 [da:0a:97:4a:07:2a]
RSSI: -84 [da:0a:97:58:07:4a]
RSSI: -81 [da:0a:97:64:07:7a]
RSSI: -81 [da:0a:97:64:07:7a]
RSSI: -86 [da:10:3c:2d:00:2c]
RSSI: -83 [da:0a:97:72:07:9a]
RSSI: -85 [da:0a:97:72:07:9a]
RSSI: -85 [da:10:3c:3c:00:5c]
RSSI: -83 [da:0a:97:7f:07:ba]
RSSI: -86 [da:10:3c:4b:00:8c]
RSSI: -83 [da:10:3c:4b:00:8c]
RSSI: -84 [da:0a:97:8c:07:ea]
RSSI: -89 [da:10:3c:58:00:bc]
RSSI: -87 [da:10:3c:67:00:ec]
RSSI: -86 [da:0a:97:a7:08:2a]
RSSI: -91 [da:10:3c:77:01:1c]
RSSI: -86 [da:10:3c:77:01:1c]
RSSI: -90 [da:10:3c:83:01:3c]
RSSI: -83 [da:0a:97:c1:08:7a]
RSSI: -88 [da:10:3c:83:01:3c]
RSSI: -90 [da:0d:a0:e4:0d:fe]
RSSI: -85 [da:0a:97:ce:08:aa]
RSSI: -83 [da:0a:97:ce:08:aa]
RSSI: -85 [da:0a:97:e8:08:ea]
RSSI: -85 [da:0a:97:e8:08:ea]
RSSI: -88 [da:0d:a1:0d:0e:6e]
RSSI: -85 [da:10:3c:ae:01:cc]
RSSI: -90 [da:0a:97:f6:09:1a]
RSSI: -92 [da:0d:a1:1b:0e:8e]
RSSI: -86 [da:0a:97:f6:09:1a]
RSSI: -89 [da:0d:a1:1b:0e:8e]
RSSI: -84 [da:0a:98:02:09:3a]
RSSI: -88 [da:0a:98:02:09:3a]
RSSI: -89 [da:10:3c:cd:02:2c]
RSSI: -91 [da:0d:a1:27:0e:ae]
RSSI: -84 [da:0a:98:10:09:5a]
RSSI: -83 [da:0a:98:10:09:5a]
RSSI: -86 [da:0a:98:1d:09:7a]
RSSI: -88 [da:0d:a1:35:0e:de]
RSSI: -87 [da:10:3c:d9:02:4c]
RSSI: -84 [da:0a:98:1d:09:7a]
RSSI: -88 [da:0d:a1:43:0e:fe]
RSSI: -84 [da:10:3c:e9:02:7c]
RSSI: -86 [da:0d:a1:43:0e:fe]
RSSI: -86 [da:0a:98:2a:09:aa]
RSSI: -86 [da:0a:98:2a:09:aa]
RSSI: -88 [da:0d:a1:50:0f:2e]
RSSI: -85 [da:10:3c:f8:02:ac]
RSSI: -88 [da:0a:98:37:09:ca]
RSSI: -88 [da:0d:a1:5e:0f:4e]
RSSI: -90 [da:10:3d:05:02:dc]
RSSI: -88 [da:0d:a1:5e:0f:4e]
RSSI: -86 [da:0d:a1:6b:0f:7e]
RSSI: -91 [da:10:3d:14:03:0c]
RSSI: -87 [da:0d:a1:78:0f:9e]
RSSI: -88 [da:0d:a1:86:0f:ce]
RSSI: -87 [da:0d:a1:86:0f:ce]
RSSI: -88 [da:0d:a1:94:0f:ee]
RSSI: -95 [da:08:b4:89:12:cb]
RSSI: -95 [da:08:b4:89:12:cb]
RSSI: -86 [da:10:3d:4e:03:bc]
RSSI: -88 [da:0a:98:87:0a:aa]
RSSI: -93 [da:0a:98:94:0a:ca]
RSSI: -92 [da:0d:a1:bc:10:6e]
RSSI: -96 [da:08:b4:c1:13:6b]
RSSI: -89 [da:10:3d:79:04:4c]
RSSI: -85 [da:10:3d:86:04:6c]
RSSI: -83 [da:10:3d:95:04:9c]
RSSI: -83 [da:10:3d:a5:04:cc]
RSSI: -81 [da:10:3d:b1:04:fc]
RSSI: -82 [da:10:3d:c1:05:2c]
RSSI: -86 [da:10:3d:c1:05:2c]
RSSI: -82 [da:10:3d:d0:05:5c]
RSSI: -91 [da:08:b5:14:14:5b]
RSSI: -86 [da:10:3d:d0:05:5c]
RSSI: -85 [da:10:3d:dd:05:7c]
RSSI: -85 [da:10:3d:dd:05:7c]
RSSI: -89 [da:10:3d:ec:05:ac]
RSSI: -87 [da:10:3e:08:06:0c]
RSSI: -89 [da:08:b5:59:15:1b]
RSSI: -87 [da:10:3e:17:06:3c]
RSSI: -84 [da:08:b5:68:15:4b]
RSSI: -90 [da:08:b5:76:15:7b]
RSSI: -84 [da:08:b5:76:15:7b]
RSSI: -89 [da:10:3e:33:06:9c]
RSSI: -84 [da:08:b5:83:15:9b]
RSSI: -86 [da:08:b5:83:15:9b]
RSSI: -86 [da:08:b5:92:15:cb]
RSSI: -89 [da:10:3e:52:06:fc]
RSSI: -91 [da:10:3e:52:06:fc]
RSSI: -85 [da:08:b5:a0:15:eb]
RSSI: -85 [da:10:3e:5e:07:1c]
RSSI: -89 [da:10:3e:5e:07:1c]
RSSI: -85 [da:08:b5:ad:16:1b]
RSSI: -86 [da:10:3e:6e:07:4c]
RSSI: -86 [da:10:3e:7d:07:7c]
RSSI: -85 [da:08:b5:bb:16:3b]
RSSI: -83 [da:08:b5:ca:16:6b]
RSSI: -86 [da:10:3e:8a:07:ac]
RSSI: -83 [da:08:b5:d7:00:2b]
RSSI: -82 [da:08:b5:d7:00:2b]
RSSI: -85 [da:10:3e:99:07:dc]
RSSI: -82 [da:08:b5:e5:00:5b]
RSSI: -83 [da:10:3e:a8:08:0c]
RSSI: -85 [da:10:3e:a8:08:0c]
RSSI: -85 [da:08:b5:f4:00:7b]
RSSI: -93 [da:0a:99:eb:0e:aa]
RSSI: -86 [da:08:b6:00:00:9b]
RSSI: -86 [da:10:3e:b5:08:3c]
RSSI: -85 [da:08:b6:00:00:9b]
RSSI: -91 [da:0a:99:f9:0e:ca]
RSSI: -87 [da:08:b6:0f:00:cb]
RSSI: -86 [da:08:b6:0f:00:cb]
RSSI: -86 [da:08:b6:1e:00:fb]
RSSI: -87 [da:08:b6:1e:00:fb]
RSSI: -90 [da:10:3e:e0:08:bc]
RSSI: -88 [da:0a:9a:21:0f:3a]
RSSI: -87 [da:0a:9a:2d:0f:6a]
RSSI: -92 [da:10:3e:f0:08:ec]
RSSI: -88 [da:08:b6:39:01:4b]
RSSI: -87 [da:0a:9a:2d:0f:6a]
RSSI: -87 [da:0a:9a:48:0f:aa]
RSSI: -89 [da:0a:9a:48:0f:aa]
RSSI: -84 [da:0a:9a:55:0f:da]
RSSI: -90 [da:08:b6:63:01:bb]
RSSI: -87 [da:0a:9a:55:0f:da]
RSSI: -86 [da:0a:9a:63:0f:fa]
RSSI: -84 [da:0a:9a:63:0f:fa]
RSSI: -86 [da:0a:9a:70:10:2a]
RSSI: -84 [da:0a:9a:70:10:2a]
RSSI: -89 [da:10:3f:37:09:dc]
RSSI: -84 [da:0a:9a:70:10:2a]
RSSI: -85 [da:0a:9a:7d:10:4a]
RSSI: -83 [da:0a:9a:7d:10:4a]
RSSI: -84 [da:10:3f:47:0a:0c]
RSSI: -88 [da:10:3f:56:0a:3c]
RSSI: -85 [da:0a:9a:8b:10:6a]
RSSI: -85 [da:0a:9a:98:10:9a]
RSSI: -87 [da:10:3f:62:0a:6c]
RSSI: -84 [da:0a:9a:a5:10:ba]
RSSI: -83 [da:10:3f:72:0a:9c]
RSSI: -84 [da:0a:9a:b2:10:da]
RSSI: -84 [da:0a:9a:c0:11:0a]
RSSI: -84 [da:0a:9a:c0:11:0a]
RSSI: -94 [da:08:b6:e0:03:2b]
RSSI: -80 [da:0a:9a:da:11:4a]
RSSI: -86 [da:10:3f:9d:0b:1c]
RSSI: -80 [da:0a:9a:da:11:4a]
RSSI: -84 [da:0a:9a:e8:11:7a]
RSSI: -90 [da:0a:9a:f4:11:9a]
RSSI: -88 [da:10:3f:b9:0b:7c]
RSSI: -86 [da:0a:9a:f4:11:9a]
RSSI: -87 [da:10:3f:b9:0b:7c]
RSSI: -86 [da:0a:9b:1c:12:0a]
RSSI: -88 [da:0a:9b:1c:12:0a]
RSSI: -85 [da:0a:9b:2a:12:2a]
RSSI: -86 [da:10:3f:f4:0c:3c]
RSSI: -86 [da:0a:9b:2a:12:2a]
RSSI: -85 [da:0a:9b:37:12:5a]
RSSI: -82 [da:0a:9b:37:12:5a]
RSSI: -85 [da:10:40:04:0c:6c]
RSSI: -87 [da:0a:9b:44:12:7a]
RSSI: -83 [da:0a:9b:44:12:7a]
RSSI: -86 [da:0a:9b:52:12:9a]
RSSI: -85 [da:0a:9b:5f:12:ca]
RSSI: -90 [da:10:40:2f:0c:fc]
RSSI: -82 [da:0a:9b:6c:12:ea]
RSSI: -84 [da:0a:9b:7a:13:0a]
RSSI: -89 [da:10:40:3c:0d:1c]
RSSI: -83 [da:0a:9b:7a:13:0a]
RSSI: -81 [da:0a:9b:87:13:3a]
RSSI: -89 [da:10:40:5a:0d:7c]
RSSI: -84 [da:0a:9b:94:13:5a]
RSSI: -84 [da:0a:9b:a2:13:7a]
RSSI: -86 [da:0a:9b:a2:13:7a]
RSSI: -86 [da:0a:9b:af:13:aa]
RSSI: -95 [da:10:40:77:0d:dc]
RSSI: -84 [da:0a:9b:bc:13:ca]
RSSI: -82 [da:0a:9b:bc:13:ca]
RSSI: -86 [da:10:40:86:0e:0c]
RSSI: -84 [da:0a:9b:c9:13:fa]
RSSI: -81 [da:0a:9b:c9:13:fa]
RSSI: -86 [da:10:40:93:0e:2c]
RSSI: -84 [da:0a:9b:d7:14:1a]
RSSI: -87 [da:10:40:93:0e:2c]
RSSI: -82 [da:0a:9b:d7:14:1a]
RSSI: -81 [da:0a:9b:e4:14:3a]
RSSI: -86 [da:0a:9b:e4:14:3a]
RSSI: -82 [da:0a:9b:f1:14:6a]
RSSI: -85 [da:10:40:b8:0e:ac]
RSSI: -82 [da:0a:9b:f1:14:6a]
RSSI: -84 [da:0a:9b:ff:14:8a]
RSSI: -85 [da:10:40:c4:0e:cc]
RSSI: -86 [da:10:40:d4:0e:fc]
RSSI: -87 [da:10:40:d4:0e:fc]
RSSI: -87 [da:0a:9c:19:14:da]
RSSI: -82 [da:10:40:e3:0f:2c]
RSSI: -85 [da:0a:9c:27:14:fa]
RSSI: -82 [da:10:40:f0:0f:5c]
RSSI: -82 [da:10:40:f0:0f:5c]
RSSI: -84 [da:0a:9c:34:15:1a]
RSSI: -83 [da:0a:9c:34:15:1a]
RSSI: -84 [da:10:40:ff:0f:8c]
RSSI: -82 [da:10:40:ff:0f:8c]
RSSI: -82 [da:0a:9c:41:15:4a]
RSSI: -80 [da:10:41:0f:0f:bc]
RSSI: -86 [da:10:41:0f:0f:bc]
RSSI: -81 [da:0a:9c:4f:15:6a]
RSSI: -81 [da:0a:9c:4f:15:6a]
RSSI: -84 [da:10:41:1b:0f:dc]
RSSI: -79 [da:0a:9c:5c:15:8a]
RSSI: -81 [da:10:41:1b:0f:dc]
RSSI: -80 [da:0a:9c:5c:15:8a]
RSSI: -79 [da:0a:9c:69:15:ba]
RSSI: -79 [da:0a:9c:77:15:da]
RSSI: -79 [da:0a:9c:77:15:da]
RSSI: -78 [da:10:41:47:10:6c]
RSSI: -80 [da:0a:9c:84:15:fa]
RSSI: -85 [da:10:41:47:10:6c]
RSSI: -80 [da:0a:9c:84:15:fa]
RSSI: -79 [da:0a:9c:91:16:2a]
RSSI: -77 [da:10:41:56:10:9c]
RSSI: -80 [da:0a:9c:9f:00:2a]
RSSI: -81 [da:10:41:66:10:cc]
RSSI: -81 [da:10:41:66:10:cc]
RSSI: -79 [da:0a:9c:ac:00:4a]
RSSI: -82 [da:10:41:72:10:fc]
RSSI: -77 [da:0a:9c:b9:00:6a]
RSSI: -76 [da:0a:9c:c7:00:9a]
RSSI: -89 [da:10:41:91:11:5c]
RSSI: -74 [da:0a:9c:d4:00:ba]
RSSI: -73 [da:0a:9c:d4:00:ba]
RSSI: -72 [da:0a:9c:e1:00:ea]
RSSI: -72 [da:0a:9c:e1:00:ea]
RSSI: -84 [da:10:41:ae:11:bc]
RSSI: -71 [da:0a:9c:ef:01:0a]
RSSI: -81 [da:10:41:bd:11:ec]
RSSI: -70 [da:0a:9c:fc:01:2a]
RSSI: -79 [da:10:41:bd:11:ec]
RSSI: -69 [da:0a:9c:fc:01:2a]
RSSI: -77 [da:10:41:ca:12:0c]
RSSI: -68 [da:0a:9d:09:01:5a]
RSSI: -76 [da:10:41:d9:12:3c]
RSSI: -67 [da:0a:9d:17:01:7a]
RSSI: -75 [da:10:41:d9:12:3c]
RSSI: -67 [da:0a:9d:17:01:7a]
RSSI: -66 [da:0a:9d:24:01:9a]
RSSI: -75 [da:10:41:e9:12:7c]
RSSI: -66 [da:0a:9d:24:01:9a]
RSSI: -73 [da:10:41:e9:12:7c]
RSSI: -64 [da:0a:9d:3f:01:ea]
RSSI: -65 [da:0a:9d:3f:01:ea]
RSSI: -73 [da:10:42:05:12:cc]
RSSI: -64 [da:0a:9d:4c:02:0a]
RSSI: -72 [da:10:42:14:12:fc]
RSSI: -64 [da:0a:9d:5a:02:3a]
RSSI: -73 [da:10:42:21:13:2c]
RSSI: -63 [da:0a:9d:5a:02:3a]
RSSI: -72 [da:10:42:21:13:2c]
RSSI: -63 [da:0a:9d:67:02:5a]
RSSI: -72 [da:10:42:31:13:5c]
RSSI: -72 [da:10:42:31:13:5c]
RSSI: -63 [da:0a:9d:74:02:7a]
RSSI: -72 [da:10:42:40:13:8c]
RSSI: -65 [da:0a:9d:82:02:aa]
RSSI: -72 [da:10:42:4d:13:bc]
RSSI: -64 [da:0a:9d:82:02:aa]
RSSI: -72 [da:10:42:4d:13:bc]
RSSI: -63 [da:0a:9d:8f:02:ca]
RSSI: -66 [da:0a:9d:8f:02:ca]
RSSI: -73 [da:10:42:5c:13:ec]
RSSI: -65 [da:0a:9d:9c:02:ea]
RSSI: -75 [da:10:42:5c:13:ec]
RSSI: -64 [da:0a:9d:9c:02:ea]
RSSI: -67 [da:0a:9d:aa:03:1a]
RSSI: -66 [da:0a:9d:aa:03:1a]
RSSI: -76 [da:10:42:78:14:3c]
RSSI: -65 [da:0a:9d:b8:03:3a]
RSSI: -77 [da:10:42:78:14:3c]
RSSI: -69 [da:0a:9d:b8:03:3a]
RSSI: -76 [da:10:42:88:14:6c]
RSSI: -68 [da:0a:9d:c4:03:5a]
RSSI: -67 [da:0a:9d:c4:03:5a]
RSSI: -77 [da:10:42:88:14:6c]
RSSI: -68 [da:0a:9d:c4:03:5a]
RSSI: -78 [da:10:42:97:14:9c]
RSSI: -71 [da:0a:9d:d2:03:8a]
RSSI: -70 [da:0a:9d:d2:03:8a]
RSSI: -79 [da:10:42:97:14:9c]
RSSI: -71 [da:0a:9d:d2:03:8a]
RSSI: -81 [da:10:42:a4:14:cc]
RSSI: -73 [da:0a:9d:e0:03:aa]
RSSI: -84 [da:10:42:a4:14:cc]
RSSI: -75 [da:0a:9d:ec:03:ca]
RSSI: -88 [da:10:42:b4:14:fc]
RSSI: -83 [da:10:42:c3:15:2c]
RSSI: -78 [da:0a:9d:fa:03:fa]
RSSI: -78 [da:0a:9e:08:04:1a]
RSSI: -80 [da:10:42:d0:15:4c]
RSSI: -78 [da:0a:9e:14:04:3a]
RSSI: -79 [da:0a:9e:14:04:3a]
RSSI: -80 [da:10:42:df:15:7c]
RSSI: -79 [da:0a:9e:22:04:6a]
RSSI: -80 [da:10:42:df:15:7c]
RSSI: -76 [da:0a:9e:22:04:6a]
RSSI: -81 [da:10:42:ef:15:ac]
RSSI: -79 [da:10:42:ef:15:ac]
RSSI: -79 [da:0a:9e:30:04:8a]
RSSI: -78 [da:0a:9e:30:04:8a]
RSSI: -82 [da:10:42:fb:15:dc]
RSSI: -76 [da:0a:9e:3d:04:ba]
RSSI: -79 [da:0a:9e:3d:04:ba]
RSSI: -82 [da:10:43:0b:16:0c]
RSSI: -79 [da:0a:9e:4a:04:da]
RSSI: -77 [da:0a:9e:4a:04:da]
RSSI: -86 [da:10:43:1b:16:3c]
RSSI: -81 [da:0a:9e:58:04:fa]
RSSI: -85 [da:10:43:1b:16:3c]
RSSI: -81 [da:0a:9e:58:04:fa]
RSSI: -82 [da:0a:9e:65:05:2a]
RSSI: -84 [da:0a:9e:73:05:4a]
RSSI: -86 [da:0a:9e:80:05:7a]
RSSI: -83 [da:10:43:53:00:5c]
RSSI: -82 [da:10:43:53:00:5c]
RSSI: -85 [da:0a:9e:8d:05:9a]
RSSI: -82 [da:10:43:53:00:5c]
RSSI: -81 [da:0a:9e:9b:05:ba]
RSSI: -83 [da:0a:9e:9b:05:ba]
RSSI: -84 [da:10:43:63:00:8c]
RSSI: -84 [da:0a:9e:a9:05:ea]
RSSI: -83 [da:10:43:72:00:bc]
RSSI: -82 [da:0a:9e:b5:06:0a]
RSSI: -86 [da:10:43:7f:00:ec]
RSSI: -82 [da:0a:9e:b5:06:0a]
RSSI: -80 [da:0a:9e:c3:06:2a]
RSSI: -88 [da:10:43:8e:01:1c]
RSSI: -83 [da:0a:9e:c3:06:2a]
RSSI: -81 [da:0a:9e:d1:06:5a]
RSSI: -86 [da:10:43:9e:01:4c]
RSSI: -85 [da:0a:9e:dd:06:7a]
RSSI: -83 [da:0a:9e:dd:06:7a]
RSSI: -81 [da:10:43:ab:01:6c]
RSSI: -85 [da:0a:9e:eb:06:9a]
RSSI: -82 [da:10:43:ba:01:ac]
RSSI: -80 [da:0a:9e:f9:06:ca]
RSSI: -81 [da:10:43:ba:01:ac]
RSSI: -86 [da:10:43:ca:01:dc]
RSSI: -85 [da:10:43:ca:01:dc]
RSSI: -82 [da:0a:9f:06:06:ea]
RSSI: -82 [da:0a:9f:14:07:1a]
RSSI: -88 [da:10:43:d6:01:fc]
RSSI: -80 [da:10:43:e6:02:2c]
RSSI: -80 [da:0a:9f:21:07:3a]
RSSI: -85 [da:10:43:e6:02:2c]
RSSI: -83 [da:0a:9f:2e:07:5a]
RSSI: -82 [da:10:43:f6:02:5c]
RSSI: -83 [da:0a:9f:2e:07:5a]
RSSI: -80 [da:10:43:f6:02:5c]
RSSI: -84 [da:0a:9f:3c:07:8a]
RSSI: -83 [da:0a:9f:4a:07:aa]
RSSI: -84 [da:0a:9f:4a:07:aa]
RSSI: -86 [da:10:44:12:02:bc]
RSSI: -86 [da:10:44:12:02:bc]
RSSI: -83 [da:0a:9f:56:07:ca]
RSSI: -89 [da:10:44:22:02:ec]
RSSI: -81 [da:0a:9f:56:07:ca]
RSSI: -86 [da:0a:9f:64:07:fa]
RSSI: -84 [da:0a:9f:64:07:fa]
RSSI: -90 [da:10:44:2e:03:0c]
RSSI: -86 [da:10:44:2e:03:0c]
RSSI: -86 [da:0a:9f:72:08:1a]
RSSI: -87 [da:10:44:3e:03:4c]
RSSI: -79 [da:0a:9f:7f:08:4a]
RSSI: -87 [da:10:44:4d:03:7c]
RSSI: -85 [da:10:44:5a:03:9c]
RSSI: -90 [da:0d:a8:b8:0e:3e]
RSSI: -81 [da:0a:9f:a7:08:ba]
RSSI: -89 [da:0d:a8:c7:0e:5e]
RSSI: -84 [da:10:44:6a:03:cc]
RSSI: -81 [da:0a:9f:a7:08:ba]
RSSI: -89 [da:0d:a8:c7:0e:5e]
RSSI: -83 [da:0a:9f:b5:08:da]
RSSI: -83 [da:0a:9f:b5:08:da]
RSSI: -81 [da:0a:9f:b5:08:da]
RSSI: -85 [da:10:44:86:04:2c]
RSSI: -83 [da:10:44:86:04:2c]
RSSI: -81 [da:0a:9f:cf:09:2a]
RSSI: -88 [da:10:44:96:04:5c]
RSSI: -85 [da:0a:9f:cf:09:2a]
RSSI: -83 [da:0a:9f:dd:09:4a]
RSSI: -80 [da:10:44:a5:04:8c]
RSSI: -89 [da:0d:a8:fc:0e:fe]
RSSI: -82 [da:0a:9f:dd:09:4a]
RSSI: -85 [da:0a:9f:eb:09:7a]
RSSI: -85 [da:0a:9f:eb:09:7a]
RSSI: -80 [da:10:44:b2:04:bc]
RSSI: -86 [da:0a:9f:f8:09:9a]
RSSI: -85 [da:10:44:c2:04:ec]
RSSI: -79 [da:10:44:c2:04:ec]
RSSI: -86 [da:10:44:d1:05:1c]
RSSI: -91 [da:0d:a9:26:0f:6e]
RSSI: -87 [da:0a:a0:13:09:ea]
RSSI: -82 [da:10:44:de:05:3c]
RSSI: -91 [da:0a:a0:20:0a:0a]
RSSI: -89 [da:0a:a0:20:0a:0a]
RSSI: -82 [da:10:44:ed:05:6c]
RSSI: -87 [da:0a:a0:2e:0a:3a]
RSSI: -87 [da:10:44:ed:05:6c]
RSSI: -87 [da:10:44:fd:05:ac]
RSSI: -87 [da:10:44:fd:05:ac]
RSSI: -88 [da:10:45:0a:05:cc]
RSSI: -90 [da:0a:a0:56:0a:aa]
RSSI: -87 [da:10:45:29:06:2c]
RSSI: -88 [da:10:45:29:06:2c]
RSSI: -87 [da:0a:a0:64:0a:ca]
RSSI: -89 [da:10:45:55:06:bc]
RSSI: -86 [da:10:45:62:06:ec]
RSSI: -92 [da:08:bc:aa:14:2b]
RSSI: -86 [da:10:45:62:06:ec]
RSSI: -88 [da:0a:a0:a7:0b:9a]
RSSI: -86 [da:10:45:81:07:4c]
RSSI: -85 [da:10:45:8e:07:6c]
RSSI: -85 [da:10:45:8e:07:6c]
RSSI: -86 [da:10:45:8e:07:6c]
RSSI: -82 [da:10:45:9d:07:ac]
RSSI: -86 [da:10:45:ba:07:fc]
RSSI: -90 [da:08:bc:ff:15:1b]
RSSI: -88 [da:10:45:ba:07:fc]
RSSI: -86 [da:10:45:ba:07:fc]
RSSI: -87 [da:10:45:c9:08:2c]
RSSI: -86 [da:08:bd:29:15:9b]
RSSI: -88 [da:10:45:e6:08:8c]
RSSI: -86 [da:08:bd:29:15:9b]
RSSI: -87 [da:10:45:e6:08:8c]
RSSI: -92 [da:0a:a1:2f:0d:1a]
RSSI: -87 [da:08:bd:38:15:cb]
RSSI: -85 [da:08:bd:47:15:eb]
RSSI: -85 [da:08:bd:54:16:1b]
RSSI: -85 [da:08:bd:63:16:3b]
RSSI: -85 [da:08:bd:63:16:3b]
RSSI: -86 [da:08:bd:72:16:6b]
RSSI: -84 [da:08:bd:72:16:6b]
RSSI: -92 [da:0a:a1:72:0d:da]
RSSI: -84 [da:08:bd:7e:00:0b]
RSSI: -90 [da:10:46:3e:09:ac]
RSSI: -85 [da:08:bd:9c:00:5b]
RSSI: -85 [da:08:bd:9c:00:5b]
RSSI: -84 [da:10:46:5d:0a:0c]
RSSI: -88 [da:0a:a1:9a:0e:4a]
RSSI: -83 [da:08:bd:a9:00:7b]
RSSI: -86 [da:0a:a1:9a:0e:4a]
RSSI: -84 [da:08:bd:a9:00:7b]
RSSI: -83 [da:10:46:6a:0a:2c]
RSSI: -85 [da:0a:a1:a8:0e:6a]
RSSI: -84 [da:08:bd:b8:00:ab]
RSSI: -83 [da:0a:a1:b5:0e:9a]
RSSI: -83 [da:0a:a1:b5:0e:9a]
RSSI: -82 [da:0a:a1:c3:0e:ba]
RSSI: -86 [da:08:bd:d4:00:fb]
RSSI: -83 [da:0a:a1:c3:0e:ba]
RSSI: -88 [da:08:bd:d4:00:fb]
RSSI: -82 [da:0a:a1:d1:0e:ea]
RSSI: -84 [da:0a:a1:dd:0f:0a]
RSSI: -89 [da:10:46:a6:0a:ec]
RSSI: -88 [da:08:bd:f1:01:4b]
RSSI: -83 [da:0a:a1:eb:0f:2a]
RSSI: -88 [da:08:bd:fe:01:7b]
RSSI: -88 [da:08:bd:fe:01:7b]
RSSI: -81 [da:0a:a1:f9:0f:5a]
RSSI: -93 [da:08:be:1c:01:cb]
RSSI: -88 [da:10:46:d2:0b:7c]
RSSI: -88 [da:0a:a2:14:0f:aa]
RSSI: -84 [da:0a:a2:22:0f:ca]
RSSI: -90 [da:0a:a2:2e:0f:ea]
RSSI: -85 [da:0a:a2:2e:0f:ea]
RSSI: -89 [da:0a:a2:4a:10:3a]
RSSI: -84 [da:0a:a2:57:10:6a]
RSSI: -84 [da:0a:a2:57:10:6a]
RSSI: -85 [da:0a:a2:65:10:8a]
RSSI: -90 [da:10:47:2a:0c:9c]
RSSI: -84 [da:0a:a2:65:10:8a]
RSSI: -81 [da:0a:a2:80:10:da]
RSSI: -91 [da:10:47:56:0d:2c]
RSSI: -88 [da:0a:a2:9c:11:2a]
RSSI: -86 [da:10:47:66:0d:5c]
RSSI: -87 [da:10:47:66:0d:5c]
RSSI: -87 [da:0a:a2:a8:11:4a]
RSSI: -86 [da:0a:a2:a8:11:4a]
RSSI: -85 [da:0a:a2:b6:11:6a]
RSSI: -86 [da:0a:a2:c4:11:9a]
RSSI: -85 [da:0a:a2:c4:11:9a]
RSSI: -82 [da:10:47:92:0d:ec]
RSSI: -91 [da:0a:a2:d1:11:ba]
RSSI: -86 [da:10:47:9f:0e:1c]
RSSI: -83 [da:0a:a2:df:11:ea]
RSSI: -84 [da:10:47:ae:0e:4c]
RSSI: -84 [da:10:47:be:0e:7c]
RSSI: -84 [da:0a:a2:fa:12:2a]
RSSI: -81 [da:10:47:cb:0e:ac]
RSSI: -85 [da:0a:a3:08:12:5a]
RSSI: -81 [da:10:47:cb:0e:ac]
RSSI: -82 [da:10:47:db:0e:dc]
RSSI: -87 [da:0a:a3:16:12:7a]
RSSI: -85 [da:0a:a3:22:12:aa]
RSSI: -83 [da:10:47:ea:0f:0c]
RSSI: -84 [da:0a:a3:22:12:aa]
RSSI: -81 [da:10:47:ea:0f:0c]
RSSI: -87 [da:0a:a3:22:12:aa]
RSSI: -80 [da:10:47:f7:0f:2c]
RSSI: -86 [da:0a:a3:3e:12:fa]
RSSI: -82 [da:0a:a3:3e:12:fa]
RSSI: -77 [da:10:48:07:0f:6c]
RSSI: -81 [da:10:48:07:0f:6c]
RSSI: -87 [da:0a:a3:4b:13:1a]
RSSI: -79 [da:10:48:16:0f:9c]
RSSI: -85 [da:0a:a3:4b:13:1a]
RSSI: -76 [da:10:48:16:0f:9c]
RSSI: -88 [da:0a:a3:59:13:3a]
RSSI: -88 [da:0a:a3:59:13:3a]
RSSI: -82 [da:10:48:23:0f:bc]
RSSI: -83 [da:0a:a3:67:13:6a]
RSSI: -83 [da:10:48:33:0f:ec]
RSSI: -83 [da:10:48:33:0f:ec]
RSSI: -84 [da:0a:a3:74:13:8a]
RSSI: -82 [da:10:48:33:0f:ec]
RSSI: -78 [da:10:48:43:10:2c]
RSSI: -80 [da:10:48:43:10:2c]
RSSI: -84 [da:0a:a3:82:13:ba]
RSSI: -85 [da:0a:a3:82:13:ba]
RSSI: -76 [da:10:48:4f:10:4c]
RSSI: -84 [da:0a:a3:90:13:da]
RSSI: -75 [da:10:48:5f:10:7c]
RSSI: -86 [da:0a:a3:9d:13:fa]
RSSI: -73 [da:10:48:5f:10:7c]
RSSI: -76 [da:10:48:6f:10:ac]
RSSI: -74 [da:10:48:6f:10:ac]
RSSI: -87 [da:0a:a3:b9:14:4a]
RSSI: -79 [da:10:48:7c:10:dc]
RSSI: -73 [da:10:48:8b:11:0c]
RSSI: -82 [da:0a:a3:c5:14:6a]
RSSI: -84 [da:10:48:8b:11:0c]
RSSI: -88 [da:0a:a3:d3:14:9a]
RSSI: -84 [da:10:48:9b:11:3c]
RSSI: -85 [da:10:48:a8:11:6c]
RSSI: -88 [da:0a:a3:e1:14:ba]
RSSI: -82 [da:10:48:a8:11:6c]
RSSI: -83 [da:0a:a3:ee:14:ea]
RSSI: -86 [da:0a:a3:ee:14:ea]
RSSI: -76 [da:10:48:b8:11:9c]
RSSI: -75 [da:10:48:b8:11:9c]
RSSI: -74 [da:10:48:c8:11:cc]
RSSI: -82 [da:0a:a3:fc:15:0a]
RSSI: -73 [da:10:48:c8:11:cc]
RSSI: -89 [da:0a:a4:0a:15:3a]
RSSI: -70 [da:10:48:d4:11:ec]
RSSI: -69 [da:10:48:d4:11:ec]
RSSI: -67 [da:10:48:e4:12:1c]
RSSI: -86 [da:0a:a4:25:15:7a]
RSSI: -67 [da:10:48:f4:12:5c]
RSSI: -66 [da:10:48:f4:12:5c]
RSSI: -65 [da:10:49:00:12:7c]
RSSI: -66 [da:10:49:00:12:7c]
RSSI: -92 [da:0a:a4:45:15:da]
RSSI: -64 [da:10:49:10:12:ac]
RSSI: -90 [da:0a:a4:55:16:0a]
RSSI: -64 [da:10:49:20:12:dc]
RSSI: -86 [da:0a:a4:55:16:0a]
RSSI: -85 [da:0a:a4:63:16:2a]
RSSI: -66 [da:10:49:2d:13:0c]
RSSI: -86 [da:0a:a4:63:16:2a]
RSSI: -64 [da:10:49:2d:13:0c]
RSSI: -83 [da:0a:a4:70:16:4a]
RSSI: -64 [da:10:49:2d:13:0c]
RSSI: -81 [da:0a:a4:70:16:4a]
RSSI: -80 [da:0a:a4:7e:16:7a]
RSSI: -64 [da:10:49:4c:13:6c]
RSSI: -79 [da:0a:a4:8c:00:2a]
RSSI: -65 [da:10:49:59:13:9c]
RSSI: -65 [da:10:49:59:13:9c]
RSSI: -67 [da:10:49:69:13:cc]
RSSI: -76 [da:0a:a4:a7:00:7a]
RSSI: -67 [da:10:49:69:13:cc]
RSSI: -74 [da:0a:a4:b5:00:9a]
RSSI: -70 [da:10:49:79:13:fc]
RSSI: -71 [da:0a:a4:d0:00:ea]
RSSI: -73 [da:10:49:95:14:4c]
RSSI: -70 [da:0a:a4:d0:00:ea]
RSSI: -75 [da:10:49:a5:14:8c]
RSSI: -70 [da:0a:a4:de:01:0a]
RSSI: -75 [da:10:49:a5:14:8c]
RSSI: -70 [da:0a:a4:eb:01:2a]
RSSI: -79 [da:10:49:b2:14:ac]
RSSI: -82 [da:10:49:b2:14:ac]
RSSI: -67 [da:0a:a4:f9:01:5a]
RSSI: -86 [da:10:49:c2:14:dc]
RSSI: -68 [da:0a:a5:07:01:7a]
RSSI: -68 [da:0a:a5:07:01:7a]
RSSI: -86 [da:10:49:d2:15:0c]
RSSI: -85 [da:10:49:d2:15:0c]
RSSI: -68 [da:0a:a5:13:01:9a]
RSSI: -67 [da:0a:a5:13:01:9a]
RSSI: -79 [da:10:49:de:15:3c]
RSSI: -65 [da:0a:a5:22:01:ca]
RSSI: -67 [da:0a:a5:22:01:ca]
RSSI: -82 [da:10:49:ee:15:6c]
RSSI: -66 [da:0a:a5:30:01:ea]
RSSI: -77 [da:10:49:ee:15:6c]
RSSI: -66 [da:0a:a5:30:01:ea]
RSSI: -65 [da:0a:a5:3c:02:1a]
RSSI: -81 [da:10:4a:0b:15:cc]
RSSI: -82 [da:10:4a:0b:15:cc]
RSSI: -66 [da:0a:a5:4b:02:3a]
RSSI: -86 [da:10:4a:1b:15:fc]
RSSI: -66 [da:0a:a5:59:02:6a]
RSSI: -90 [da:10:4a:1b:15:fc]
RSSI: -65 [da:0a:a5:59:02:6a]
RSSI: -87 [da:10:4a:2b:16:2c]
RSSI: -66 [da:0a:a5:65:02:8a]
RSSI: -88 [da:10:4a:2b:16:2c]
RSSI: -66 [da:0a:a5:65:02:8a]
RSSI: -67 [da:0a:a5:73:02:aa]
RSSI: -68 [da:0a:a5:73:02:aa]
RSSI: -67 [da:0a:a5:82:02:da]
RSSI: -88 [da:10:4a:47:00:3c]
RSSI: -70 [da:0a:a5:8e:02:fa]
RSSI: -89 [da:10:4a:57:00:6c]
RSSI: -71 [da:0a:a5:8e:02:fa]
RSSI: -71 [da:0a:a5:8e:02:fa]
RSSI: -90 [da:10:4a:57:00:6c]
RSSI: -72 [da:0a:a5:9c:03:1a]
RSSI: -73 [da:0a:a5:9c:03:1a]
RSSI: -85 [da:10:4a:64:00:8c]
RSSI: -75 [da:0a:a5:aa:03:4a]
RSSI: -86 [da:10:4a:74:00:bc]
RSSI: -75 [da:0a:a5:aa:03:4a]
RSSI: -85 [da:10:4a:74:00:bc]
RSSI: -75 [da:0a:a5:b7:03:6a]
RSSI: -75 [da:0a:a5:b7:03:6a]
RSSI: -74 [da:0a:a5:c5:03:9a]
RSSI: -74 [da:0a:a5:c5:03:9a]
RSSI: -87 [da:10:4a:90:01:1c]
RSSI: -73 [da:0a:a5:d3:03:ba]
RSSI: -85 [da:10:4a:a0:01:4c]
RSSI: -70 [da:0a:a5:e0:03:da]
RSSI: -91 [da:10:4a:b0:01:7c]
RSSI: -70 [da:0a:a5:ee:04:0a]
RSSI: -73 [da:0a:a5:fc:04:2a]
RSSI: -86 [da:10:4a:bd:01:ac]
RSSI: -73 [da:0a:a5:fc:04:2a]
RSSI: -84 [da:10:4a:cd:01:dc]
RSSI: -72 [da:0a:a6:09:04:5a]
RSSI: -75 [da:0a:a6:09:04:5a]
RSSI: -86 [da:10:4a:dc:02:0c]
RSSI: -75 [da:0a:a6:17:04:7a]
RSSI: -75 [da:0a:a6:17:04:7a]
RSSI: -86 [da:10:4a:dc:02:0c]
RSSI: -75 [da:0a:a6:17:04:7a]
RSSI: -77 [da:0a:a6:25:04:aa]
RSSI: -88 [da:10:4a:e9:02:3c]
RSSI: -77 [da:0a:a6:25:04:aa]
RSSI: -78 [da:0a:a6:32:04:ca]
RSSI: -87 [da:10:4a:f9:02:6c]
RSSI: -87 [da:10:4a:f9:02:6c]
RSSI: -82 [da:10:4b:09:02:9c]
RSSI: -75 [da:0a:a6:40:04:ea]
RSSI: -87 [da:10:4b:09:02:9c]
RSSI: -76 [da:0a:a6:4e:05:1a]
RSSI: -84 [da:10:4b:16:02:cc]
RSSI: -78 [da:0a:a6:5b:05:3a]
RSSI: -75 [da:0a:a6:69:05:6a]
RSSI: -78 [da:0a:a6:77:05:8a]
RSSI: -78 [da:0a:a6:77:05:8a]
RSSI: -83 [da:0a:a6:84:05:aa]
RSSI: -83 [da:0a:a6:84:05:aa]
RSSI: -85 [da:10:4b:52:03:7c]
RSSI: -85 [da:0a:a6:92:05:da]
RSSI: -88 [da:10:4b:62:03:bc]
RSSI: -88 [da:10:4b:62:03:bc]
RSSI: -80 [da:0a:a6:a1:05:fa]
RSSI: -85 [da:0a:a6:ad:06:2a]
RSSI: -89 [da:10:4b:6f:03:dc]
RSSI: -85 [da:0a:a6:bb:06:4a]
RSSI: -89 [da:10:4b:7f:04:0c]
RSSI: -86 [da:0a:a6:bb:06:4a]
RSSI: -89 [da:10:4b:8f:04:3c]
RSSI: -80 [da:0a:a6:ca:06:7a]
RSSI: -85 [da:0a:a6:ca:06:7a]
RSSI: -86 [da:0a:a6:d6:06:9a]
RSSI: -89 [da:10:4b:9b:04:6c]
RSSI: -83 [da:0a:a6:d6:06:9a]
RSSI: -88 [da:0a:a6:e5:06:ba]
RSSI: -90 [da:0a:a6:e5:06:ba]
RSSI: -90 [da:10:4b:ab:04:9c]
RSSI: -89 [da:10:4b:bb:04:cc]
RSSI: -87 [da:10:4b:bb:04:cc]
RSSI: -86 [da:0a:a6:ff:07:0a]
RSSI: -86 [da:10:4b:c8:04:ec]
RSSI: -80 [da:10:4b:d8:05:2c]
RSSI: -84 [da:10:4b:d8:05:2c]
RSSI: -82 [da:10:4b:e8:05:5c]
RSSI: -83 [da:0a:a7:28:07:7a]
RSSI: -91 [da:0a:a7:28:07:7a]
RSSI: -85 [da:10:4b:f4:05:7c]
RSSI: -87 [da:0a:a7:37:07:aa]
RSSI: -86 [da:0a:a7:37:07:aa]
RSSI: -86 [da:10:4c:14:05:ec]
RSSI: -86 [da:10:4c:14:05:ec]
RSSI: -85 [da:0a:a7:52:07:fa]
RSSI: -88 [da:0a:a7:6e:08:4a]
RSSI: -89 [da:0d:b0:91:0e:6e]
RSSI: -90 [da:0d:b0:91:0e:6e]
RSSI: -87 [da:0a:a7:7b:08:6a]
RSSI: -83 [da:0a:a7:89:08:9a]
RSSI: -87 [da:0a:a7:89:08:9a]
RSSI: -86 [da:0a:a7:97:08:ba]
RSSI: -84 [da:0a:a7:97:08:ba]
RSSI: -81 [da:10:4c:5e:06:cc]
RSSI: -86 [da:0a:a7:a4:08:da]
RSSI: -93 [da:10:4c:7a:07:2c]
RSSI: -88 [da:0a:a7:b2:09:0a]
RSSI: -82 [da:10:4c:7a:07:2c]
RSSI: -88 [da:10:4c:8a:07:5c]
RSSI: -92 [da:0d:b0:e5:0f:6e]
RSSI: -80 [da:10:4c:8a:07:5c]
RSSI: -90 [da:0d:b1:00:0f:be]
RSSI: -79 [da:10:4c:a7:07:bc]
RSSI: -90 [da:0a:a7:ea:09:aa]
RSSI: -79 [da:10:4c:a7:07:bc]
RSSI: -80 [da:10:4c:b7:07:ec]
RSSI: -87 [da:0a:a7:f6:09:ca]
RSSI: -84 [da:10:4c:c7:08:1c]
RSSI: -85 [da:10:4c:c7:08:1c]
RSSI: -79 [da:10:4c:c7:08:1c]
RSSI: -80 [da:10:4c:d3:08:4c]
RSSI: -85 [da:10:4c:d3:08:4c]
RSSI: -82 [da:10:4c:e3:08:7c]
RSSI: -84 [da:10:4c:f3:08:ac]
RSSI: -91 [da:0d:b1:45:10:7e]
RSSI: -91 [da:0a:a8:2e:0a:6a]
RSSI: -91 [da:0a:a8:3c:0a:8a]
RSSI: -92 [da:0a:a8:49:0a:ba]
RSSI: -81 [da:10:4d:20:09:3c]
RSSI: -80 [da:10:4d:2d:09:6c]
RSSI: -96 [da:0a:a8:80:0b:5a]
RSSI: -87 [da:10:4d:59:09:fc]
RSSI: -86 [da:10:4d:7a:0a:5c]
RSSI: -90 [da:10:4d:86:0a:8c]
RSSI: -91 [da:08:c4:d2:15:6b]
RSSI: -90 [da:10:4d:86:0a:8c]
RSSI: -84 [da:10:4d:a6:0a:ec]
RSSI: -91 [da:08:c4:ee:15:bb]
RSSI: -88 [da:08:c4:fd:15:eb]
RSSI: -90 [da:08:c4:fd:15:eb]
RSSI: -90 [da:08:c4:fd:15:eb]
RSSI: -82 [da:10:4d:b3:0b:1c]
RSSI: -92 [da:08:c5:0a:16:0b]
RSSI: -90 [da:08:c5:19:16:3b]
RSSI: -85 [da:10:4d:d3:0b:7c]
RSSI: -88 [da:10:4d:e0:0b:ac]
RSSI: -88 [da:08:c5:35:00:0b]
RSSI: -88 [da:08:c5:35:00:0b]
RSSI: -85 [da:10:4d:f0:0b:dc]
RSSI: -89 [da:08:c5:45:00:2b]
RSSI: -87 [da:10:4e:0c:0c:3c]
RSSI: -86 [da:08:c5:54:00:5b]
RSSI: -90 [da:10:4e:0c:0c:3c]
RSSI: -85 [da:08:c5:61:00:7b]
RSSI: -84 [da:10:4e:1d:0c:6c]
RSSI: -87 [da:08:c5:70:00:ab]
RSSI: -87 [da:0a:a9:6a:0d:ea]
RSSI: -87 [da:08:c5:7f:00:db]
RSSI: -88 [da:08:c5:7f:00:db]
RSSI: -86 [da:0a:a9:78:0e:0a]
RSSI: -90 [da:0a:a9:86:0e:3a]
RSSI: -88 [da:08:c5:8c:00:fb]
RSSI: -88 [da:08:c5:9b:01:2b]
RSSI: -90 [da:0a:a9:93:0e:5a]
RSSI: -89 [da:08:c5:9b:01:2b]
RSSI: -87 [da:0a:a9:93:0e:5a]
RSSI: -89 [da:08:c5:ab:01:5b]
RSSI: -89 [da:08:c5:ab:01:5b]
RSSI: -82 [da:0a:a9:a1:0e:8a]
RSSI: -91 [da:10:4e:66:0d:5c]
RSSI: -85 [da:10:4e:76:0d:8c]
RSSI: -85 [da:0a:a9:cb:0e:fa]
RSSI: -85 [da:10:4e:93:0d:ec]
RSSI: -83 [da:0a:a9:d9:0f:2a]
RSSI: -83 [da:0a:a9:d9:0f:2a]
RSSI: -84 [da:0a:a9:e6:0f:4a]
RSSI: -84 [da:10:4e:b3:0e:4c]
RSSI: -84 [da:0a:a9:f4:0f:7a]
RSSI: -85 [da:0a:a9:f4:0f:7a]
RSSI: -84 [da:0a:aa:02:0f:9a]
RSSI: -84 [da:10:4e:c0:0e:7c]
RSSI: -95 [da:08:c6:0e:02:7b]
RSSI: -83 [da:0a:aa:02:0f:9a]
RSSI: -88 [da:10:4e:d0:0e:ac]
RSSI: -83 [da:0a:aa:0f:0f:ca]
RSSI: -82 [da:0a:aa:0f:0f:ca]
RSSI: -83 [da:0a:aa:1e:0f:ea]
RSSI: -86 [da:10:4e:e0:0e:dc]
RSSI: -84 [da:0a:aa:1e:0f:ea]
RSSI: -85 [da:10:4e:ed:0f:0c]
RSSI: -85 [da:0a:aa:2c:10:1a]
RSSI: -85 [da:10:4e:ed:0f:0c]
RSSI: -79 [da:0a:aa:38:10:3a]
RSSI: -86 [da:10:4e:fd:0f:3c]
RSSI: -83 [da:10:4f:0d:0f:6c]
RSSI: -88 [da:0a:aa:47:10:6a]
RSSI: -83 [da:10:4f:19:0f:9c]
RSSI: -81 [da:0a:aa:62:10:aa]
RSSI: -84 [da:10:4f:2a:0f:cc]
RSSI: -84 [da:0a:aa:62:10:aa]
RSSI: -85 [da:10:4f:2a:0f:cc]
RSSI: -82 [da:0a:aa:70:10:da]
RSSI: -80 [da:10:4f:3a:0f:fc]
RSSI: -83 [da:0a:aa:7f:10:fa]
RSSI: -80 [da:10:4f:5f:10:6c]
RSSI: -79 [da:0a:aa:9a:11:4a]
RSSI: -83 [da:10:4f:5f:10:6c]
RSSI: -80 [da:10:4f:6f:10:ac]
RSSI: -83 [da:0a:aa:a8:11:7a]
RSSI: -84 [da:0a:aa:b5:11:9a]
RSSI: -79 [da:10:4f:7c:10:cc]
RSSI: -83 [da:0a:aa:b5:11:9a]
RSSI: -79 [da:10:4f:7c:10:cc]
RSSI: -81 [da:0a:aa:c3:11:ca]
RSSI: -82 [da:0a:aa:d2:11:ea]
RSSI: -81 [da:10:4f:8c:10:fc]
RSSI: -78 [da:10:4f:9c:11:3c]
RSSI: -88 [da:10:4f:9c:11:3c]
RSSI: -82 [da:0a:aa:de:12:0a]
RSSI: -82 [da:0a:aa:de:12:0a]
RSSI: -82 [da:10:4f:a9:11:5c]
RSSI: -82 [da:0a:aa:ed:12:3a]
RSSI: -83 [da:0a:aa:ed:12:3a]
RSSI: -88 [da:10:4f:b9:11:8c]
RSSI: -78 [da:0a:aa:fb:12:5a]
RSSI: -81 [da:10:4f:c5:11:bc]
RSSI: -83 [da:0a:ab:08:12:8a]
RSSI: -83 [da:0a:ab:08:12:8a]
RSSI: -81 [da:0a:ab:08:12:8a]
RSSI: -78 [da:10:4f:d2:11:dc]
RSSI: -84 [da:0a:ab:16:12:aa]
RSSI: -76 [da:10:4f:df:12:0c]
RSSI: -82 [da:0a:ab:16:12:aa]
RSSI: -74 [da:10:4f:df:12:0c]
RSSI: -86 [da:0a:ab:25:12:da]
RSSI: -74 [da:10:4f:eb:12:2c]
RSSI: -82 [da:0a:ab:25:12:da]
RSSI: -72 [da:10:4f:f8:12:5c]
RSSI: -81 [da:0a:ab:31:12:fa]
RSSI: -71 [da:10:4f:f8:12:5c]
RSSI: -71 [da:10:50:05:12:8c]
RSSI: -85 [da:0a:ab:40:13:1a]
RSSI: -70 [da:10:50:05:12:8c]
RSSI: -84 [da:0a:ab:4e:13:4a]
RSSI: -70 [da:10:50:11:12:ac]
RSSI: -85 [da:0a:ab:4e:13:4a]
RSSI: -68 [da:10:50:1e:12:dc]
RSSI: -80 [da:0a:ab:5b:13:6a]
RSSI: -68 [da:10:50:1e:12:dc]
RSSI: -84 [da:0a:ab:5b:13:6a]
RSSI: -69 [da:10:50:2b:12:fc]
RSSI: -67 [da:10:50:2b:12:fc]
RSSI: -68 [da:10:50:37:13:2c]
RSSI: -84 [da:0a:ab:78:13:ba]
RSSI: -67 [da:10:50:44:13:4c]
RSSI: -68 [da:10:50:44:13:4c]
RSSI: -67 [da:10:50:51:13:7c]
RSSI: -82 [da:0a:ab:93:14:0a]
RSSI: -68 [da:10:50:5d:13:9c]
RSSI: -69 [da:10:50:5d:13:9c]
RSSI: -84 [da:0a:ab:a1:14:3a]
RSSI: -68 [da:10:50:6a:13:cc]
RSSI: -68 [da:10:50:6a:13:cc]
RSSI: -69 [da:10:50:77:13:ec]
RSSI: -84 [da:0a:ab:ae:14:5a]
RSSI: -68 [da:10:50:77:13:ec]
RSSI: -83 [da:0a:ab:ae:14:5a]
RSSI: -83 [da:0a:ab:bc:14:7a]
RSSI: -83 [da:0a:ab:cb:14:aa]
RSSI: -86 [da:0a:ab:cb:14:aa]
RSSI: -71 [da:10:50:9d:14:6c]
RSSI: -83 [da:0a:ab:d7:14:ca]
RSSI: -71 [da:10:50:9d:14:6c]
RSSI: -84 [da:0a:ab:d7:14:ca]
RSSI: -73 [da:10:50:aa:14:8c]
RSSI: -83 [da:0a:ab:e6:14:fa]
RSSI: -75 [da:10:50:aa:14:8c]
RSSI: -84 [da:0a:ab:e6:14:fa]
RSSI: -74 [da:10:50:b6:14:bc]
RSSI: -78 [da:10:50:b6:14:bc]
RSSI: -83 [da:0a:ab:f4:15:1a]
RSSI: -78 [da:10:50:c3:14:dc]
RSSI: -83 [da:10:50:d0:15:0c]
RSSI: -88 [da:0a:ac:10:15:6a]
RSSI: -86 [da:0a:ac:1e:15:9a]
RSSI: -80 [da:0a:ac:1e:15:9a]
RSSI: -86 [da:10:50:e9:15:5c]
RSSI: -81 [da:10:50:e9:15:5c]
RSSI: -78 [da:0a:ac:2b:15:ba]
RSSI: -80 [da:10:50:f6:15:7c]
RSSI: -77 [da:0a:ac:2b:15:ba]
RSSI: -79 [da:10:50:f6:15:7c]
RSSI: -77 [da:10:51:03:15:ac]
RSSI: -72 [da:0a:ac:48:16:0a]
RSSI: -77 [da:10:51:0f:15:cc]
RSSI: -72 [da:0a:ac:54:16:2a]
RSSI: -77 [da:10:51:1c:15:fc]
RSSI: -73 [da:0a:ac:54:16:2a]
RSSI: -81 [da:10:51:1c:15:fc]
RSSI: -80 [da:10:51:29:16:1c]
RSSI: -71 [da:0a:ac:63:00:2a]
RSSI: -83 [da:10:51:29:16:1c]
RSSI: -70 [da:0a:ac:63:00:2a]
RSSI: -72 [da:0a:ac:71:00:5a]
RSSI: -84 [da:10:51:36:16:4c]
RSSI: -70 [da:0a:ac:71:00:5a]
RSSI: -87 [da:10:51:36:16:4c]
RSSI: -93 [da:10:51:4f:00:0c]
RSSI: -66 [da:0a:ac:8d:00:9a]
RSSI: -70 [da:0a:ac:9b:00:ca]
RSSI: -88 [da:10:51:5c:00:2c]
RSSI: -85 [da:10:51:68:00:4c]
RSSI: -70 [da:0a:ac:a8:00:ea]
RSSI: -85 [da:10:51:75:00:7c]
RSSI: -70 [da:0a:ac:a8:00:ea]
RSSI: -85 [da:10:51:75:00:7c]
RSSI: -85 [da:10:51:75:00:7c]
RSSI: -66 [da:0a:ac:b6:01:1a]
RSSI: -84 [da:10:51:82:00:9c]
RSSI: -70 [da:0a:ac:b6:01:1a]
RSSI: -69 [da:0a:ac:c5:01:3a]
RSSI: -84 [da:10:51:8f:00:cc]
RSSI: -66 [da:0a:ac:c5:01:3a]
RSSI: -88 [da:10:51:8f:00:cc]
RSSI: -70 [da:0a:ac:d1:01:6a]
RSSI: -86 [da:10:51:9b:00:fc]
RSSI: -69 [da:0a:ac:d1:01:6a]
RSSI: -86 [da:10:51:9b:00:fc]
RSSI: -70 [da:0a:ac:e0:01:8a]
RSSI: -69 [da:0a:ac:e0:01:8a]
RSSI: -87 [da:10:51:a8:01:1c]
RSSI: -84 [da:10:51:b5:01:4c]
RSSI: -68 [da:0a:ac:ee:01:ba]
RSSI: -88 [da:10:51:b5:01:4c]
RSSI: -70 [da:0a:ac:fb:01:da]
RSSI: -86 [da:10:51:c2:01:6c]
RSSI: -70 [da:0a:ac:fb:01:da]
RSSI: -68 [da:0a:ac:fb:01:da]
RSSI: -71 [da:0a:ad:0a:02:0a]
RSSI: -86 [da:10:51:ce:01:9c]
RSSI: -71 [da:0a:ad:0a:02:0a]
RSSI: -83 [da:10:51:db:01:bc]
RSSI: -70 [da:0a:ad:18:02:2a]
RSSI: -72 [da:0a:ad:18:02:2a]
RSSI: -85 [da:10:51:e8:01:ec]
RSSI: -71 [da:0a:ad:25:02:4a]
RSSI: -87 [da:10:51:f5:02:0c]
RSSI: -76 [da:0a:ad:33:02:7a]
RSSI: -83 [da:10:52:01:02:3c]
RSSI: -78 [da:0a:ad:42:02:9a]
RSSI: -80 [da:0a:ad:42:02:9a]
RSSI: -85 [da:10:52:0e:02:5c]
RSSI: -81 [da:0a:ad:4e:02:ca]
RSSI: -84 [da:10:52:1b:02:8c]
RSSI: -86 [da:0a:ad:5d:02:ea]
RSSI: -83 [da:10:52:27:02:bc]
RSSI: -86 [da:0a:ad:5d:02:ea]
RSSI: -83 [da:10:52:27:02:bc]
RSSI: -85 [da:10:52:27:02:bc]
RSSI: -88 [da:10:52:41:03:0c]
RSSI: -89 [da:0a:ad:78:03:3a]
RSSI: -78 [da:0a:ad:87:03:5a]
RSSI: -77 [da:0a:ad:87:03:5a]
RSSI: -80 [da:0a:ad:95:03:8a]
RSSI: -83 [da:0a:ad:a2:03:aa]
RSSI: -83 [da:0a:ad:a2:03:aa]
RSSI: -85 [da:10:52:67:03:7c]
RSSI: -80 [da:0a:ad:a2:03:aa]
RSSI: -90 [da:10:52:74:03:ac]
RSSI: -90 [da:10:52:74:03:ac]
RSSI: -84 [da:0a:ad:b1:03:da]
RSSI: -90 [da:10:52:81:03:cc]
RSSI: -82 [da:0a:ad:bf:03:fa]
RSSI: -78 [da:0a:ad:bf:03:fa]
RSSI: -90 [da:10:52:8e:03:fc]
RSSI: -85 [da:10:52:9a:04:1c]
RSSI: -90 [da:10:52:a7:04:4c]
RSSI: -84 [da:0a:ad:e9:04:7a]
RSSI: -85 [da:0a:ad:e9:04:7a]
RSSI: -89 [da:10:52:b4:04:6c]
RSSI: -87 [da:0a:ad:f5:04:9a]
RSSI: -82 [da:0a:ad:f5:04:9a]
RSSI: -83 [da:10:52:c1:04:9c]
RSSI: -83 [da:0a:ae:04:04:ba]
RSSI: -82 [da:0a:ae:13:04:ea]
RSSI: -82 [da:10:52:da:04:ec]
RSSI: -81 [da:0a:ae:1f:05:0a]
RSSI: -81 [da:10:52:e7:05:0c]
RSSI: -81 [da:10:52:f4:05:3c]
RSSI: -83 [da:0a:ae:2e:05:3a]
RSSI: -84 [da:0a:ae:3c:05:5a]
RSSI: -82 [da:10:53:01:05:5c]
RSSI: -87 [da:0a:ae:3c:05:5a]
RSSI: -85 [da:0a:ae:49:05:8a]
RSSI: -85 [da:10:53:1a:05:bc]
RSSI: -85 [da:0a:ae:66:05:da]
RSSI: -88 [da:10:53:34:06:0c]
RSSI: -89 [da:0a:ae:73:05:fa]
RSSI: -89 [da:0a:ae:73:05:fa]
RSSI: -89 [da:0a:ae:82:06:2a]
RSSI: -89 [da:10:53:4d:06:5c]
RSSI: -84 [da:10:53:5a:06:7c]
RSSI: -91 [da:10:53:74:06:dc]
RSSI: -88 [da:10:53:80:06:fc]
RSSI: -88 [da:10:53:8d:07:2c]
RSSI: -86 [da:10:53:9a:07:4c]
RSSI: -87 [da:0a:ae:e4:07:3a]
RSSI: -86 [da:10:53:b4:07:9c]
RSSI: -91 [da:10:53:c1:07:cc]
RSSI: -87 [da:10:53:c1:07:cc]
RSSI: -91 [da:10:53:cd:07:ec]
RSSI: -89 [da:0a:af:0e:07:aa]
RSSI: -89 [da:10:53:e7:08:3c]
RSSI: -90 [da:0a:af:29:07:fa]
RSSI: -91 [da:10:53:f4:08:6c]
RSSI: -87 [da:0a:af:53:08:7a]
RSSI: -85 [da:0a:af:62:08:9a]
RSSI: -85 [da:0a:af:6e:08:ca]
RSSI: -84 [da:0a:af:6e:08:ca]
RSSI: -91 [da:10:54:41:09:5c]
RSSI: -84 [da:0a:af:7d:08:ea]
RSSI: -85 [da:0a:af:7d:08:ea]
RSSI: -86 [da:0a:af:8c:09:1a]
RSSI: -91 [da:0a:af:8c:09:1a]
RSSI: -86 [da:0a:af:98:09:3a]
RSSI: -87 [da:0a:af:98:09:3a]
RSSI: -88 [da:0d:b8:bf:0f:ae]
RSSI: -86 [da:0a:af:a7:09:6a]
RSSI: -91 [da:10:54:74:0a:0c]
RSSI: -91 [da:0d:b8:ce:0f:de]
RSSI: -84 [da:0a:af:b6:09:8a]
RSSI: -88 [da:0d:b8:ce:0f:de]
RSSI: -84 [da:0a:af:b6:09:8a]
RSSI: -87 [da:10:54:81:0a:2c]
RSSI: -86 [da:0a:af:c2:09:ba]
RSSI: -82 [da:0a:af:c2:09:ba]
RSSI: -90 [da:10:54:8e:0a:5c]
RSSI: -85 [da:0a:af:d1:09:da]
RSSI: -87 [da:0d:b8:f9:10:5e]
RSSI: -83 [da:10:54:a7:0a:ac]
RSSI: -85 [da:0a:af:ec:0a:2a]
RSSI: -87 [da:10:54:b4:0a:dc]
RSSI: -88 [da:0a:af:fb:0a:5a]
RSSI: -82 [da:10:54:c1:0a:fc]
RSSI: -89 [da:0a:af:fb:0a:5a]
RSSI: -81 [da:10:54:ce:0b:2c]
RSSI: -91 [da:0d:b9:32:10:fe]
RSSI: -87 [da:10:54:db:0b:4c]
RSSI: -81 [da:10:54:e8:0b:7c]
RSSI: -89 [da:0a:b0:25:0a:da]
RSSI: -83 [da:10:55:01:0b:cc]
RSSI: -87 [da:10:55:01:0b:cc]
RSSI: -83 [da:10:55:0e:0b:fc]
RSSI: -85 [da:10:55:1b:0c:1c]
RSSI: -86 [da:10:55:35:0c:6c]
RSSI: -87 [da:10:55:35:0c:6c]
RSSI: -89 [da:10:55:42:0c:9c]
RSSI: -95 [da:0a:b0:94:0c:1a]
RSSI: -98 [da:08:cc:a1:15:bb]
RSSI: -95 [da:0a:b0:94:0c:1a]
RSSI: -90 [da:10:55:75:0d:3c]
RSSI: -86 [da:0a:b0:b2:0c:6a]
RSSI: -90 [da:10:55:82:0d:6c]
RSSI: -85 [da:0a:b0:be:0c:8a]
RSSI: -93 [da:08:cc:cd:16:3b]
RSSI: -91 [da:10:55:9c:0d:bc]
RSSI: -92 [da:10:55:a9:0d:ec]
RSSI: -91 [da:08:cc:ea:00:0b]
RSSI: -92 [da:08:cc:f9:00:2b]
RSSI: -92 [da:10:55:b6:0e:0c]
RSSI: -93 [da:10:55:cf:0e:6c]
RSSI: -91 [da:08:cd:16:00:8b]
RSSI: -91 [da:08:cd:26:00:ab]
RSSI: -95 [da:10:55:f6:0e:dc]
RSSI: -96 [da:0a:b1:30:0d:da]
RSSI: -94 [da:0a:b1:5a:0e:4a]
RSSI: -93 [da:10:56:2a:0f:8c]
RSSI: -89 [da:10:56:36:0f:ac]
RSSI: -94 [da:0a:b1:76:0e:aa]
RSSI: -87 [da:10:56:43:0f:dc]
RSSI: -96 [da:0a:b1:a0:0f:1a]
RSSI: -95 [da:10:56:77:10:7c]
RSSI: -84 [da:0a:b1:ca:0f:8a]
RSSI: -90 [da:10:56:aa:11:2c]
RSSI: -93 [da:0a:b1:e5:0f:da]
RSSI: -87 [da:10:56:b8:11:4c]
RSSI: -88 [da:10:56:b8:11:4c]
RSSI: -82 [da:0a:b1:f4:10:0a]
RSSI: -88 [da:10:56:b8:11:4c]
RSSI: -89 [da:10:56:c5:11:7c]
RSSI: -89 [da:10:56:c5:11:7c]
RSSI: -87 [da:10:56:d1:11:9c]
RSSI: -87 [da:0a:b2:15:10:6a]
RSSI: -82 [da:0a:b2:15:10:6a]
RSSI: -87 [da:10:56:eb:11:ec]
RSSI: -86 [da:0a:b2:25:10:9a]
RSSI: -87 [da:10:56:eb:11:ec]
RSSI: -86 [da:0a:b2:25:10:9a]
RSSI: -86 [da:10:56:f8:12:1c]
RSSI: -85 [da:0a:b2:34:10:ca]
RSSI: -83 [da:0a:b2:40:10:ea]
RSSI: -89 [da:10:57:05:12:3c]
RSSI: -86 [da:0a:b2:40:10:ea]
RSSI: -85 [da:10:57:12:12:6c]
RSSI: -86 [da:0a:b2:4f:11:0a]
RSSI: -81 [da:10:57:12:12:6c]
RSSI: -85 [da:0a:b2:4f:11:0a]
RSSI: -86 [da:0a:b2:5e:11:3a]
RSSI: -83 [da:10:57:1f:12:8c]
RSSI: -87 [da:0a:b2:5e:11:3a]
RSSI: -86 [da:10:57:2c:12:bc]
RSSI: -87 [da:0a:b2:6b:11:5a]
RSSI: -83 [da:10:57:39:12:dc]
RSSI: -80 [da:10:57:39:12:dc]
RSSI: -80 [da:10:57:39:12:dc]
RSSI: -82 [da:10:57:45:13:0c]
RSSI: -89 [da:0a:b2:88:11:aa]
RSSI: -83 [da:10:57:53:13:3c]
RSSI: -89 [da:0a:b2:95:11:ca]
RSSI: -80 [da:10:57:60:13:5c]
RSSI: -88 [da:0a:b2:95:11:ca]
RSSI: -88 [da:0a:b2:a4:11:fa]
RSSI: -82 [da:10:57:6c:13:8c]
RSSI: -80 [da:10:57:79:13:ac]
RSSI: -93 [da:0a:b2:b3:12:2a]
RSSI: -82 [da:10:57:86:13:dc]
RSSI: -83 [da:10:57:93:13:fc]
RSSI: -88 [da:0a:b2:ce:12:6a]
RSSI: -82 [da:10:57:93:13:fc]
RSSI: -80 [da:10:57:a0:14:2c]
RSSI: -82 [da:10:57:ad:14:5c]
RSSI: -90 [da:0a:b2:ea:12:ba]
RSSI: -91 [da:0a:b2:ea:12:ba]
RSSI: -86 [da:10:57:ba:14:7c]
RSSI: -90 [da:0a:b2:f8:12:ea]
RSSI: -84 [da:10:57:c7:14:ac]
RSSI: -84 [da:10:57:c7:14:ac]
RSSI: -83 [da:10:57:d4:14:cc]
RSSI: -90 [da:0a:b3:14:13:3a]
RSSI: -92 [da:10:57:e1:14:fc]
RSSI: -87 [da:10:57:e1:14:fc]
RSSI: -91 [da:10:57:fb:15:4c]
RSSI: -91 [da:10:58:08:15:7c]
RSSI: -91 [da:0a:b3:4d:13:da]
RSSI: -89 [da:10:58:15:15:9c]
RSSI: -90 [da:0a:b3:4d:13:da]
RSSI: -93 [da:0a:b3:69:14:2a]
RSSI: -91 [da:10:58:2f:15:ec]
RSSI: -92 [da:0a:b3:69:14:2a]
RSSI: -89 [da:0a:b3:77:14:4a]
RSSI: -84 [da:0a:b3:86:14:7a]
RSSI: -84 [da:0a:b3:86:14:7a]
RSSI: -90 [da:0a:b3:93:14:9a]
RSSI: -94 [da:10:58:63:00:0c]
RSSI: -86 [da:0a:b3:a2:14:ca]
RSSI: -88 [da:0a:b3:a2:14:ca]
RSSI: -85 [da:0a:b3:b1:14:fa]
RSSI: -89 [da:0a:b3:bd:15:1a]
RSSI: -83 [da:0a:b3:bd:15:1a]
RSSI: -89 [da:10:58:8a:00:7c]
RSSI: -94 [da:10:58:8a:00:7c]
RSSI: -91 [da:0a:b3:cc:15:4a]
RSSI: -90 [da:10:58:97:00:ac]
RSSI: -87 [da:0a:b3:db:15:6a]
RSSI: -84 [da:0a:b3:e8:15:8a]
RSSI: -84 [da:0a:b3:e8:15:8a]
RSSI: -81 [da:0a:b3:f7:15:ba]
RSSI: -81 [da:0a:b4:05:15:da]
RSSI: -81 [da:0a:b4:05:15:da]
RSSI: -89 [da:10:58:ca:01:4c]
RSSI: -79 [da:0a:b4:12:16:0a]
RSSI: -85 [da:10:58:e5:01:ac]
RSSI: -75 [da:0a:b4:21:16:2a]
RSSI: -87 [da:10:58:e5:01:ac]
RSSI: -77 [da:0a:b4:21:16:2a]
RSSI: -89 [da:10:58:f1:01:cc]
RSSI: -75 [da:0a:b4:3d:00:2a]
RSSI: -89 [da:10:58:ff:01:fc]
RSSI: -74 [da:0a:b4:3d:00:2a]
RSSI: -73 [da:0a:b4:4b:00:4a]
RSSI: -71 [da:0a:b4:5a:00:7a]
RSSI: -90 [da:10:59:26:02:6c]
RSSI: -72 [da:0a:b4:67:00:9a]
RSSI: -72 [da:0a:b4:76:00:ca]
RSSI: -71 [da:0a:b4:76:00:ca]
RSSI: -90 [da:10:59:3f:02:bc]
RSSI: -71 [da:0a:b4:85:00:ea]
RSSI: -92 [da:10:59:4d:02:ec]
RSSI: -69 [da:0a:b4:91:01:1a]
RSSI: -70 [da:0a:b4:a0:01:3a]
RSSI: -70 [da:0a:b4:af:01:6a]
RSSI: -70 [da:0a:b4:af:01:6a]
RSSI: -69 [da:0a:b4:bc:01:8a]
RSSI: -70 [da:0a:b4:bc:01:8a]
RSSI: -70 [da:0a:b4:cb:01:ba]
RSSI: -70 [da:0a:b4:da:01:da]
RSSI: -71 [da:0a:b4:da:01:da]
RSSI: -71 [da:0a:b4:e6:01:fa]
RSSI: -72 [da:0a:b4:e6:01:fa]
RSSI: -71 [da:0a:b4:f5:02:2a]
RSSI: -72 [da:0a:b4:f5:02:2a]
RSSI: -73 [da:0a:b5:04:02:5a]
RSSI: -74 [da:0a:b5:04:02:5a]
RSSI: -74 [da:0a:b5:11:02:7a]
RSSI: -75 [da:0a:b5:11:02:7a]
RSSI: -90 [da:10:59:dc:04:ac]
RSSI: -76 [da:0a:b5:20:02:9a]
RSSI: -81 [da:0a:b5:3b:02:ea]
RSSI: -92 [da:10:5a:03:05:2c]
RSSI: -87 [da:0a:b5:3b:02:ea]
RSSI: -81 [da:0a:b5:4a:03:1a]
RSSI: -81 [da:0a:b5:4a:03:1a]
RSSI: -81 [da:0a:b5:59:03:3a]
RSSI: -79 [da:0a:b5:66:03:6a]
RSSI: -79 [da:0a:b5:75:03:8a]
RSSI: -80 [da:0a:b5:75:03:8a]
RSSI: -81 [da:0a:b5:84:03:ba]
RSSI: -81 [da:0a:b5:84:03:ba]
RSSI: -84 [da:0a:b5:90:03:da]
RSSI: -90 [da:0a:b5:9f:04:0a]
RSSI: -88 [da:0a:b5:bb:04:5a]
RSSI: -86 [da:0a:b5:d9:04:aa]
RSSI: -84 [da:0a:b5:d9:04:aa]
RSSI: -86 [da:0a:b5:e6:04:ca]
RSSI: -92 [da:0a:b5:f5:04:fa]
RSSI: -88 [da:0a:b6:10:05:4a]
RSSI: -88 [da:0a:b6:1f:05:6a]
RSSI: -86 [da:0a:b6:2e:05:9a]
RSSI: -90 [da:0a:b6:3b:05:ba]
RSSI: -97 [da:0a:b6:4a:05:ea]
RSSI: -88 [da:0a:b6:65:06:3a]
RSSI: -89 [da:0a:b6:75:06:6a]
RSSI: -85 [da:0a:b6:75:06:6a]
RSSI: -87 [da:0a:b6:83:06:8a]
RSSI: -87 [da:0a:b6:83:06:8a]
RSSI: -86 [da:0a:b6:90:06:ba]
RSSI: -89 [da:0a:b6:90:06:ba]
RSSI: -89 [da:0a:b6:9f:06:da]
RSSI: -90 [da:0a:b6:bb:07:2a]
RSSI: -88 [da:0a:b6:bb:07:2a]
RSSI: -86 [da:0a:b6:ca:07:5a]
RSSI: -85 [da:0a:b6:d9:07:8a]
RSSI: -85 [da:0a:b6:d9:07:8a]
RSSI: -85 [da:0a:b6:e5:07:aa]
RSSI: -95 [da:10:5b:b2:0a:8c]
RSSI: -88 [da:0a:b6:f5:07:ca]
RSSI: -87 [da:0a:b6:f5:07:ca]
RSSI: -89 [da:0d:c0:1a:0e:7e]
RSSI: -86 [da:0a:b7:04:07:fa]
RSSI: -90 [da:0d:c0:27:0e:ae]
RSSI: -84 [da:0a:b7:1f:08:4a]
RSSI: -91 [da:0d:c0:46:0e:fe]
RSSI: -86 [da:0a:b7:2e:08:7a]
RSSI: -88 [da:10:5b:f4:0b:6c]
RSSI: -87 [da:0d:c0:52:0f:2e]
RSSI: -83 [da:0a:b7:3b:08:9a]
RSSI: -88 [da:10:5c:00:0b:8c]
RSSI: -82 [da:0a:b7:3b:08:9a]
RSSI: -87 [da:0d:c0:62:0f:4e]
RSSI: -86 [da:0d:c0:62:0f:4e]
RSSI: -92 [da:0d:c0:71:0f:7e]
RSSI: -91 [da:0d:c0:71:0f:7e]
RSSI: -84 [da:0a:b7:59:08:ea]
RSSI: -90 [da:10:5c:28:0c:0c]
RSSI: -87 [da:0d:c0:8d:0f:ce]
RSSI: -86 [da:0a:b7:75:09:3a]
RSSI: -89 [da:0a:b7:84:09:6a]
RSSI: -85 [da:0a:b7:84:09:6a]
RSSI: -88 [da:0a:b7:90:09:8a]
RSSI: -89 [da:0d:c0:c8:10:7e]
RSSI: -85 [da:0a:b7:ae:09:da]
RSSI: -85 [da:0a:b7:bb:0a:0a]
RSSI: -92 [da:0d:c0:d5:10:ae]
RSSI: -85 [da:0a:b7:bb:0a:0a]
RSSI: -85 [da:0a:b7:d9:0a:5a]
RSSI: -86 [da:0a:b7:e6:0a:7a]
RSSI: -85 [da:0a:b7:e6:0a:7a]
RSSI: -87 [da:0a:b7:f5:0a:aa]
RSSI: -90 [da:08:d4:05:14:db]
RSSI: -87 [da:0a:b7:f5:0a:aa]
RSSI: -91 [da:08:d4:05:14:db]
RSSI: -87 [da:0a:b8:04:0a:ca]
RSSI: -88 [da:0a:b8:11:0a:fa]
RSSI: -88 [da:0a:b8:11:0a:fa]
RSSI: -90 [da:08:d4:25:15:2b]
RSSI: -92 [da:08:d4:32:15:5b]
RSSI: -91 [da:08:d4:42:15:8b]
RSSI: -89 [da:08:d4:52:15:bb]
RSSI: -88 [da:08:d4:5f:15:db]
RSSI: -89 [da:08:d4:6f:16:0b]
RSSI: -89 [da:08:d4:6f:16:0b]
RSSI: -87 [da:08:d4:7f:16:3b]
RSSI: -89 [da:08:d4:7f:16:3b]
RSSI: -86 [da:08:d4:8c:16:5b]
RSSI: -87 [da:08:d4:8c:16:5b]
RSSI: -87 [da:08:d4:9c:00:2b]
RSSI: -88 [da:08:d4:9c:00:2b]
RSSI: -91 [da:0a:b8:a0:0c:8a]
RSSI: -92 [da:0a:b8:a0:0c:8a]
RSSI: -89 [da:08:d4:d8:00:eb]
RSSI: -92 [da:0a:b8:e7:0d:5a]
RSSI: -93 [da:08:d5:05:01:6b]
RSSI: -92 [da:0a:b8:f6:0d:7a]
RSSI: -92 [da:0a:b8:f6:0d:7a]
RSSI: -96 [da:08:d5:22:01:bb]
RSSI: -91 [da:0a:b9:30:0e:2a]
RSSI: -89 [da:0a:b9:3d:0e:4a]
RSSI: -88 [da:0a:b9:3d:0e:4a]
RSSI: -89 [da:0a:b9:4c:0e:7a]
RSSI: -87 [da:0a:b9:5b:0e:aa]
RSSI: -87 [da:0a:b9:68:0e:ca]
RSSI: -86 [da:0a:b9:68:0e:ca]
RSSI: -87 [da:0a:b9:77:0e:fa]
RSSI: -87 [da:0a:b9:86:0f:1a]
RSSI: -87 [da:0a:b9:93:0f:3a]
RSSI: -87 [da:0a:b9:b1:0f:9a]
RSSI: -90 [da:0a:b9:be:0f:ba]
RSSI: -87 [da:0a:b9:cd:0f:ea]
RSSI: -89 [da:0a:b9:dc:10:1a]
RSSI: -90 [da:10:5e:a7:14:0c]
RSSI: -86 [da:0a:b9:e9:10:3a]
RSSI: -85 [da:0a:b9:f8:10:6a]
RSSI: -94 [da:10:5e:c2:14:5c]
RSSI: -90 [da:0a:ba:07:10:8a]
RSSI: -93 [da:10:5e:dd:14:ac]
RSSI: -90 [da:0a:ba:14:10:ba]
RSSI: -88 [da:0a:ba:32:11:0a]
RSSI: -97 [da:10:5e:f7:14:fc]
RSSI: -87 [da:0a:ba:3f:11:2a]
RSSI: -88 [da:0a:ba:3f:11:2a]
RSSI: -86 [da:0a:ba:4e:11:5a]
RSSI: -88 [da:0a:ba:4e:11:5a]
RSSI: -89 [da:0a:ba:5d:11:7a]
RSSI: -94 [da:0a:ba:6a:11:aa]
RSSI: -93 [da:10:5f:46:15:fc]
RSSI: -90 [da:0a:ba:95:12:1a]
RSSI: -91 [da:0a:ba:a4:12:4a]
RSSI: -86 [da:0a:ba:a4:12:4a]
RSSI: -91 [da:0a:ba:b3:12:6a]
RSSI: -87 [da:0a:ba:b3:12:6a]
RSSI: -88 [da:0a:ba:c0:12:9a]
RSSI: -83 [da:0a:ba:cf:12:ba]
RSSI: -86 [da:0a:ba:cf:12:ba]
RSSI: -84 [da:0a:ba:de:12:ea]
RSSI: -83 [da:0a:ba:de:12:ea]
RSSI: -85 [da:0a:ba:eb:13:0a]
RSSI: -84 [da:0a:ba:eb:13:0a]
RSSI: -85 [da:0a:ba:fa:13:3a]
RSSI: -84 [da:0a:ba:fa:13:3a]
RSSI: -84 [da:0a:bb:09:13:5a]
RSSI: -84 [da:0a:bb:09:13:5a]
RSSI: -84 [da:0a:bb:16:13:8a]
RSSI: -84 [da:0a:bb:16:13:8a]
RSSI: -85 [da:0a:bb:25:13:aa]
RSSI: -87 [da:0a:bb:34:13:da]
RSSI: -90 [da:10:60:00:01:cc]
RSSI: -87 [da:0a:bb:41:13:fa]
RSSI: -89 [da:0a:bb:50:14:2a]
RSSI: -89 [da:0a:bb:60:14:5a]
RSSI: -86 [da:0a:bb:6c:14:7a]
RSSI: -87 [da:0a:bb:6c:14:7a]
RSSI: -87 [da:0a:bb:6c:14:7a]
RSSI: -85 [da:0a:bb:7c:14:aa]
RSSI: -83 [da:0a:bb:7c:14:aa]
RSSI: -84 [da:0a:bb:8b:14:ca]
RSSI: -82 [da:0a:bb:97:14:ea]
RSSI: -83 [da:0a:bb:97:14:ea]
RSSI: -82 [da:0a:bb:a7:15:1a]
RSSI: -81 [da:0a:bb:a7:15:1a]
RSSI: -81 [da:0a:bb:b6:15:3a]
RSSI: -79 [da:0a:bb:c2:15:6a]
RSSI: -79 [da:0a:bb:c2:15:6a]
RSSI: -77 [da:0a:bb:d2:15:8a]
RSSI: -77 [da:0a:bb:d2:15:8a]
RSSI: -76 [da:0a:bb:e1:15:ba]
RSSI: -75 [da:0a:bb:ee:15:da]
RSSI: -75 [da:0a:bb:ee:15:da]
RSSI: -73 [da:0a:bb:fd:16:0a]
RSSI: -74 [da:0a:bb:fd:16:0a]
RSSI: -73 [da:0a:bc:0c:16:2a]
RSSI: -72 [da:0a:bc:0c:16:2a]
RSSI: -72 [da:0a:bc:19:00:2a]
RSSI: -72 [da:0a:bc:19:00:2a]
RSSI: -72 [da:0a:bc:28:00:4a]
RSSI: -71 [da:0a:bc:28:00:4a]
RSSI: -71 [da:0a:bc:37:00:7a]
RSSI: -72 [da:0a:bc:37:00:7a]
RSSI: -70 [da:0a:bc:44:00:9a]
RSSI: -70 [da:0a:bc:44:00:9a]
RSSI: -70 [da:0a:bc:53:00:ca]
RSSI: -71 [da:0a:bc:53:00:ca]
RSSI: -72 [da:0a:bc:63:00:fa]
RSSI: -70 [da:0a:bc:6f:01:1a]
RSSI: -72 [da:0a:bc:6f:01:1a]
RSSI: -71 [da:0a:bc:7f:01:4a]
RSSI: -71 [da:0a:bc:7f:01:4a]
RSSI: -70 [da:0a:bc:8e:01:6a]
RSSI: -73 [da:0a:bc:9b:01:8a]
RSSI: -70 [da:0a:bc:9b:01:8a]
RSSI: -71 [da:0a:bc:aa:01:ba]
RSSI: -74 [da:0a:bc:aa:01:ba]
RSSI: -72 [da:0a:bc:b9:01:ea]
RSSI: -72 [da:0a:bc:c6:02:0a]
RSSI: -72 [da:0a:bc:c6:02:0a]
RSSI: -75 [da:0a:bc:d5:02:3a]
RSSI: -74 [da:0a:bc:d5:02:3a]
RSSI: -75 [da:0a:bc:e4:02:5a]
RSSI: -77 [da:0a:bc:e4:02:5a]
RSSI: -75 [da:0a:bc:f1:02:7a]
RSSI: -77 [da:0a:bc:f1:02:7a]
RSSI: -78 [da:0a:bd:00:02:aa]
RSSI: -80 [da:0a:bd:00:02:aa]
RSSI: -83 [da:0a:bd:10:02:da]
RSSI: -84 [da:0a:bd:10:02:da]
RSSI: -83 [da:0a:bd:1c:02:fa]
RSSI: -83 [da:0a:bd:2c:03:2a]
RSSI: -80 [da:0a:bd:3b:03:4a]
RSSI: -85 [da:0a:bd:48:03:6a]
RSSI: -81 [da:0a:bd:57:03:9a]
RSSI: -83 [da:0a:bd:57:03:9a]
RSSI: -79 [da:0a:bd:66:03:ca]
RSSI: -81 [da:0a:bd:66:03:ca]
RSSI: -81 [da:0a:bd:73:03:ea]
RSSI: -83 [da:0a:bd:73:03:ea]
RSSI: -88 [da:0a:bd:82:04:0a]
RSSI: -83 [da:0a:bd:82:04:0a]
RSSI: -85 [da:0a:bd:92:04:3a]
RSSI: -89 [da:0a:bd:92:04:3a]
RSSI: -83 [da:0a:bd:9e:04:5a]
RSSI: -85 [da:0a:bd:9e:04:5a]
RSSI: -85 [da:0a:bd:9e:04:5a]
RSSI: -82 [da:0a:bd:ae:04:8a]
RSSI: -83 [da:0a:bd:ae:04:8a]
RSSI: -85 [da:0a:bd:bd:04:ba]
RSSI: -80 [da:0a:bd:bd:04:ba]
RSSI: -83 [da:0a:bd:ca:04:da]
RSSI: -85 [da:0a:bd:d9:05:0a]
RSSI: -86 [da:0a:bd:e8:05:2a]
RSSI: -86 [da:0a:bd:e8:05:2a]
RSSI: -89 [da:0a:bd:f5:05:4a]
RSSI: -87 [da:0a:bd:f5:05:4a]
RSSI: -86 [da:0a:be:04:05:7a]
RSSI: -85 [da:0a:be:14:05:aa]
RSSI: -92 [da:10:62:da:0a:ec]
RSSI: -85 [da:0a:be:14:05:aa]
RSSI: -87 [da:0a:be:20:05:ca]
RSSI: -87 [da:0a:be:20:05:ca]
RSSI: -92 [da:10:62:f6:0b:4c]
RSSI: -92 [da:0a:be:30:05:fa]
RSSI: -94 [da:0a:be:4c:06:4a]
RSSI: -91 [da:10:63:10:0b:9c]
RSSI: -90 [da:0a:be:5b:06:6a]
RSSI: -89 [da:0a:be:5b:06:6a]
RSSI: -88 [da:0a:be:6b:06:9a]
RSSI: -89 [da:0a:be:6b:06:9a]
RSSI: -88 [da:0a:be:77:06:ba]
RSSI: -89 [da:0a:be:77:06:ba]
RSSI: -87 [da:0d:c7:a9:0e:1e]
RSSI: -97 [da:10:63:53:0c:6c]
RSSI: -93 [da:0a:be:a3:07:3a]
RSSI: -84 [da:0d:c7:d5:0e:9e]
RSSI: -86 [da:0a:be:b2:07:6a]
RSSI: -88 [da:0a:be:c1:07:8a]
RSSI: -84 [da:0d:c7:e1:0e:be]
RSSI: -83 [da:0d:c7:e1:0e:be]
RSSI: -86 [da:0a:be:ce:07:ba]
RSSI: -88 [da:0d:c8:01:0f:1e]
RSSI: -87 [da:0a:be:ed:08:0a]
RSSI: -87 [da:0d:c8:0e:0f:3e]
RSSI: -87 [da:0d:c8:0e:0f:3e]
RSSI: -91 [da:0a:be:fa:08:2a]
RSSI: -83 [da:0d:c8:1e:0f:6e]
RSSI: -88 [da:0a:bf:09:08:5a]
RSSI: -89 [da:0a:bf:09:08:5a]
RSSI: -87 [da:0d:c8:3a:0f:be]
RSSI: -84 [da:0a:bf:18:08:8a]
RSSI: -84 [da:0a:bf:25:08:aa]
RSSI: -90 [da:0d:c8:4a:0f:ee]
RSSI: -83 [da:0a:bf:35:08:da]
RSSI: -82 [da:0a:bf:35:08:da]
RSSI: -84 [da:0a:bf:35:08:da]
RSSI: -84 [da:0d:c8:59:10:1e]
RSSI: -83 [da:0a:bf:44:08:fa]
RSSI: -83 [da:0a:bf:51:09:2a]
RSSI: -94 [da:0a:bf:60:09:4a]
RSSI: -90 [da:0a:bf:6f:09:7a]
RSSI: -87 [da:0a:bf:7c:09:9a]
RSSI: -88 [da:0a:bf:7c:09:9a]
RSSI: -87 [da:0a:bf:8c:09:ca]
RSSI: -87 [da:0a:bf:a8:0a:1a]
RSSI: -87 [da:0a:bf:a8:0a:1a]
RSSI: -84 [da:0a:bf:a8:0a:1a]
RSSI: -85 [da:0a:bf:b7:0a:4a]
RSSI: -86 [da:0a:bf:b7:0a:4a]
RSSI: -91 [da:08:db:cf:15:4b]
RSSI: -85 [da:0a:bf:c7:0a:7a]
RSSI: -86 [da:0a:bf:d3:0a:9a]
RSSI: -86 [da:0a:bf:e3:0a:ca]
RSSI: -85 [da:0a:bf:f2:0a:ea]
RSSI: -87 [da:0a:bf:f2:0a:ea]
RSSI: -86 [da:0a:bf:f2:0a:ea]
RSSI: -86 [da:0a:bf:ff:0b:1a]
RSSI: -86 [da:0a:c0:0e:0b:3a]
RSSI: -89 [da:0a:c0:1e:0b:6a]
RSSI: -89 [da:0a:c0:1e:0b:6a]
RSSI: -87 [da:0a:c0:2a:0b:9a]
RSSI: -92 [da:08:dc:36:16:6b]
RSSI: -89 [da:08:dc:42:00:0b]
RSSI: -88 [da:0a:c0:3a:0b:ba]
RSSI: -93 [da:10:65:0d:11:fc]
RSSI: -89 [da:0a:c0:49:0b:ea]
RSSI: -93 [da:08:dc:5c:00:4b]
RSSI: -89 [da:08:dc:69:00:6b]
RSSI: -87 [da:10:65:28:12:4c]
RSSI: -92 [da:08:dc:76:00:9b]
RSSI: -85 [da:10:65:35:12:7c]
RSSI: -85 [da:10:65:43:12:ac]
RSSI: -89 [da:10:65:43:12:ac]
RSSI: -91 [da:08:dc:8f:00:db]
RSSI: -85 [da:10:65:51:12:cc]
RSSI: -85 [da:10:65:51:12:cc]
RSSI: -95 [da:0a:c0:a7:0c:ea]
RSSI: -85 [da:10:65:79:13:4c]
RSSI: -86 [da:10:65:79:13:4c]
RSSI: -85 [da:0a:c0:c3:0d:3a]
RSSI: -87 [da:10:65:86:13:7c]
RSSI: -87 [da:0a:c0:c3:0d:3a]
RSSI: -87 [da:10:65:93:13:9c]
RSSI: -90 [da:10:65:93:13:9c]
RSSI: -85 [da:0a:c0:d2:0d:6a]
RSSI: -89 [da:10:65:a1:13:cc]
RSSI: -85 [da:0a:c0:ef:0d:ba]
RSSI: -89 [da:10:65:bc:14:1c]
RSSI: -84 [da:0a:c0:fe:0d:ea]
RSSI: -85 [da:0a:c0:fe:0d:ea]
RSSI: -90 [da:10:65:ca:14:4c]
RSSI: -90 [da:0a:c1:2a:0e:6a]
RSSI: -93 [da:10:65:f2:14:cc]
RSSI: -90 [da:0a:c1:46:0e:ba]
RSSI: -89 [da:0a:c1:46:0e:ba]
RSSI: -89 [da:0a:c1:56:0e:ea]
RSSI: -97 [da:10:66:27:15:7c]
RSSI: -89 [da:0a:c1:62:0f:0a]
RSSI: -96 [da:10:66:27:15:7c]
RSSI: -92 [da:0a:c1:62:0f:0a]
RSSI: -89 [da:0a:c1:81:0f:5a]
RSSI: -88 [da:0a:c1:8e:0f:8a]
RSSI: -87 [da:0a:c1:ad:0f:da]
RSSI: -87 [da:0a:c1:ad:0f:da]
RSSI: -88 [da:0a:c1:ba:0f:fa]
RSSI: -88 [da:0a:c1:c9:10:2a]
RSSI: -90 [da:0a:c1:d9:10:5a]
RSSI: -87 [da:0a:c1:d9:10:5a]
RSSI: -94 [da:0a:c1:f5:10:aa]
RSSI: -90 [da:0a:c2:05:10:da]
RSSI: -91 [da:0a:c2:21:11:2a]
RSSI: -91 [da:0a:c2:30:11:4a]
RSSI: -91 [da:0a:c2:4d:11:9a]
RSSI: -94 [da:0a:c2:5c:11:ca]
RSSI: -85 [da:0a:c2:88:12:4a]
RSSI: -86 [da:0a:c2:95:12:6a]
RSSI: -83 [da:0a:c2:95:12:6a]
RSSI: -83 [da:0a:c2:a4:12:9a]
RSSI: -84 [da:0a:c2:a4:12:9a]
RSSI: -81 [da:0a:c2:b4:12:ca]
RSSI: -81 [da:0a:c2:c0:12:ea]
RSSI: -80 [da:0a:c2:c0:12:ea]
RSSI: -81 [da:0a:c2:d0:13:1a]
RSSI: -81 [da:0a:c2:d0:13:1a]
RSSI: -80 [da:0a:c2:e0:13:3a]
RSSI: -81 [da:0a:c2:e0:13:3a]
