:68:6e:01:ce]
RSSI: -81 [da:18:68:6e:01:ce]
RSSI: -78 [da:1b:03:b5:02:fc]
RSSI: -87 [da:18:68:7b:01:ee]
RSSI: -79 [da:1b:03:b5:02:fc]
RSSI: -77 [da:18:68:7b:01:ee]
RSSI: -77 [da:1b:03:c5:03:2c]
RSSI: -80 [da:18:68:88:02:1e]
RSSI: -85 [da:18:68:88:02:1e]
RSSI: -79 [da:1b:03:d4:03:5c]
RSSI: -77 [da:18:68:96:02:3e]
RSSI: -79 [da:1b:03:d4:03:5c]
RSSI: -79 [da:1b:03:d4:03:5c]
RSSI: -79 [da:18:68:96:02:3e]
RSSI: -84 [da:1b:03:e0:03:8c]
RSSI: -77 [da:18:68:a3:02:6e]
RSSI: -82 [da:1b:03:e0:03:8c]
RSSI: -87 [da:1b:03:ff:03:ec]
RSSI: -80 [da:18:68:be:02:ae]
RSSI: -89 [da:1b:03:ff:03:ec]
RSSI: -89 [da:1b:04:0b:04:0c]
RSSI: -76 [da:18:68:cc:02:de]
RSSI: -89 [da:1b:04:0b:04:0c]
RSSI: -84 [da:18:68:d8:02:fe]
RSSI: -95 [da:13:7b:cf:00:eb]
RSSI: -86 [da:1b:04:1b:04:3c]
RSSI: -85 [da:1b:04:2a:04:6c]
RSSI: -78 [da:18:68:e6:03:1e]
RSSI: -94 [da:1b:04:2a:04:6c]
RSSI: -74 [da:18:68:f4:03:4e]
RSSI: -85 [da:1b:04:36:04:9c]
RSSI: -84 [da:1b:04:36:04:9c]
RSSI: -77 [da:18:68:f4:03:4e]
RSSI: -84 [da:1b:04:36:04:9c]
RSSI: -78 [da:18:69:00:03:6e]
RSSI: -94 [da:13:7b:f7:01:6b]
RSSI: -74 [da:18:69:00:03:6e]
RSSI: -85 [da:1b:04:46:04:bc]
RSSI: -89 [da:1b:04:55:04:ec]
RSSI: -75 [da:18:69:0e:03:8e]
RSSI: -77 [da:18:69:1c:03:be]
RSSI: -85 [da:1b:04:61:05:1c]
RSSI: -77 [da:18:69:1c:03:be]
RSSI: -95 [da:13:7c:12:01:ab]
RSSI: -86 [da:1b:04:61:05:1c]
RSSI: -76 [da:18:69:29:03:de]
RSSI: -83 [da:1b:04:71:05:4c]
RSSI: -72 [da:18:69:37:03:fe]
RSSI: -93 [da:13:7c:2c:01:fb]
RSSI: -76 [da:18:69:44:04:2e]
RSSI: -76 [da:18:69:44:04:2e]
RSSI: -86 [da:1b:04:8c:05:9c]
RSSI: -77 [da:18:69:51:04:4e]
RSSI: -97 [da:13:7c:47:02:4b]
RSSI: -89 [da:1b:04:9c:05:cc]
RSSI: -70 [da:18:69:5f:04:7e]
RSSI: -93 [da:13:7c:54:02:7b]
RSSI: -76 [da:18:69:6d:04:9e]
RSSI: -94 [da:1b:04:b8:06:2c]
RSSI: -78 [da:18:69:79:04:be]
RSSI: -86 [da:1b:04:b8:06:2c]
RSSI: -75 [da:18:69:79:04:be]
RSSI: -70 [da:18:69:87:04:ee]
RSSI: -95 [da:13:7c:7c:02:eb]
RSSI: -78 [da:18:69:87:04:ee]
RSSI: -97 [da:13:7c:7c:02:eb]
RSSI: -75 [da:18:69:95:05:0e]
RSSI: -70 [da:18:69:95:05:0e]
RSSI: -77 [da:18:69:a1:05:3e]
RSSI: -75 [da:18:69:a1:05:3e]
RSSI: -90 [da:1b:04:e3:06:bc]
RSSI: -77 [da:18:69:af:05:5e]
RSSI: -89 [da:1b:04:f2:06:ec]
RSSI: -97 [da:15:60:9d:02:2a]
RSSI: -91 [da:1b:04:f2:06:ec]
RSSI: -87 [da:1b:05:01:07:1c]
RSSI: -72 [da:18:69:bd:05:8e]
RSSI: -86 [da:1b:05:01:07:1c]
RSSI: -93 [da:15:60:aa:02:5a]
RSSI: -77 [da:18:69:ca:05:ae]
RSSI: -96 [da:15:60:b7:02:7a]
RSSI: -86 [da:1b:05:0e:07:3c]
RSSI: -75 [da:18:69:ca:05:ae]
RSSI: -84 [da:1b:05:0e:07:3c]
RSSI: -92 [da:15:60:c4:02:9a]
RSSI: -77 [da:18:69:d8:05:de]
RSSI: -85 [da:1b:05:1d:07:6c]
RSSI: -85 [da:1b:05:1d:07:6c]
RSSI: -76 [da:18:69:e5:05:fe]
RSSI: -86 [da:1b:05:2c:07:9c]
RSSI: -78 [da:18:69:f2:06:1e]
RSSI: -94 [da:15:60:de:02:ea]
RSSI: -90 [da:15:60:eb:03:0a]
RSSI: -81 [da:18:6a:00:06:4e]
RSSI: -93 [da:15:60:eb:03:0a]
RSSI: -80 [da:18:6a:00:06:4e]
RSSI: -89 [da:18:6a:0e:06:6e]
RSSI: -91 [da:1b:05:48:07:fc]
RSSI: -84 [da:18:6a:0e:06:6e]
RSSI: -91 [da:1b:05:57:08:2c]
RSSI: -89 [da:15:60:f9:03:2a]
RSSI: -82 [da:18:6a:1a:06:9e]
RSSI: -92 [da:15:61:05:03:5a]
RSSI: -83 [da:18:6a:1a:06:9e]
RSSI: -92 [da:15:61:05:03:5a]
RSSI: -88 [da:1b:05:64:08:5c]
RSSI: -82 [da:18:6a:28:06:be]
RSSI: -90 [da:15:61:12:03:7a]
RSSI: -87 [da:1b:05:64:08:5c]
RSSI: -79 [da:18:6a:28:06:be]
RSSI: -80 [da:18:6a:36:06:ee]
RSSI: -79 [da:18:6a:36:06:ee]
RSSI: -77 [da:18:6a:43:07:0e]
RSSI: -78 [da:18:6a:43:07:0e]
RSSI: -78 [da:18:6a:43:07:0e]
RSSI: -77 [da:18:6a:51:07:3e]
RSSI: -77 [da:18:6a:51:07:3e]
RSSI: -87 [da:1b:05:9e:09:0c]
RSSI: -78 [da:18:6a:5e:07:5e]
RSSI: -84 [da:1b:05:9e:09:0c]
RSSI: -80 [da:18:6a:6b:07:7e]
RSSI: -82 [da:1b:05:ae:09:3c]
RSSI: -83 [da:1b:05:ba:09:6c]
RSSI: -78 [da:18:6a:79:07:ae]
RSSI: -89 [da:1b:05:ba:09:6c]
RSSI: -79 [da:18:6a:87:07:ce]
RSSI: -85 [da:1b:05:ca:09:9c]
RSSI: -85 [da:1b:05:ca:09:9c]
RSSI: -78 [da:18:6a:87:07:ce]
RSSI: -78 [da:18:6a:93:07:fe]
RSSI: -78 [da:18:6a:93:07:fe]
RSSI: -85 [da:1b:05:d9:09:cc]
RSSI: -78 [da:18:6a:a1:08:1e]
RSSI: -78 [da:18:6a:a1:08:1e]
RSSI: -77 [da:18:6a:af:08:4e]
RSSI: -78 [da:18:6a:af:08:4e]
RSSI: -78 [da:18:6a:af:08:4e]
RSSI: -89 [da:1b:05:f5:0a:2c]
RSSI: -92 [da:15:61:a2:05:0a]
RSSI: -79 [da:18:6a:bc:08:6e]
RSSI: -89 [da:1b:06:04:0a:5c]
RSSI: -92 [da:1b:06:04:0a:5c]
RSSI: -94 [da:15:61:af:05:2a]
RSSI: -82 [da:18:6a:ca:08:9e]
RSSI: -95 [da:1b:06:11:0a:7c]
RSSI: -96 [da:15:61:bc:05:5a]
RSSI: -81 [da:18:6a:d8:08:be]
RSSI: -80 [da:18:6a:d8:08:be]
RSSI: -98 [da:15:61:c9:05:7a]
RSSI: -84 [da:1b:06:20:0a:ac]
RSSI: -94 [da:1b:06:20:0a:ac]
RSSI: -80 [da:18:6a:e4:08:ee]
RSSI: -86 [da:1b:06:2f:0a:dc]
RSSI: -81 [da:18:6a:f2:09:0e]
RSSI: -81 [da:18:6a:f2:09:0e]
RSSI: -90 [da:1b:06:3c:0b:0c]
RSSI: -79 [da:18:6b:00:09:3e]
RSSI: -88 [da:1b:06:4b:0b:3c]
RSSI: -81 [da:18:6b:0d:09:5e]
RSSI: -81 [da:1b:06:4b:0b:3c]
RSSI: -80 [da:18:6b:0d:09:5e]
RSSI: -81 [da:18:6b:1b:09:8e]
RSSI: -82 [da:1b:06:5a:0b:6c]
RSSI: -82 [da:18:6b:1b:09:8e]
RSSI: -78 [da:1b:06:67:0b:9c]
RSSI: -82 [da:18:6b:29:09:ae]
RSSI: -81 [da:1b:06:67:0b:9c]
RSSI: -82 [da:18:6b:35:09:ce]
RSSI: -77 [da:1b:06:76:0b:cc]
RSSI: -81 [da:18:6b:35:09:ce]
RSSI: -78 [da:1b:06:76:0b:cc]
RSSI: -80 [da:18:6b:43:09:fe]
RSSI: -85 [da:1b:06:86:0b:fc]
RSSI: -78 [da:18:6b:51:0a:1e]
RSSI: -81 [da:1b:06:92:0c:1c]
RSSI: -78 [da:18:6b:51:0a:1e]
RSSI: -85 [da:1b:06:92:0c:1c]
RSSI: -78 [da:18:6b:5e:0a:4e]
RSSI: -78 [da:1b:06:a2:0c:4c]
RSSI: -83 [da:1b:06:a2:0c:4c]
RSSI: -79 [da:18:6b:6c:0a:6e]
RSSI: -86 [da:1b:06:b1:0c:7c]
RSSI: -80 [da:18:6b:6c:0a:6e]
RSSI: -79 [da:1b:06:b1:0c:7c]
RSSI: -81 [da:18:6b:79:0a:9e]
RSSI: -87 [da:1b:06:be:0c:ac]
RSSI: -88 [da:1b:06:be:0c:ac]
RSSI: -81 [da:18:6b:86:0a:be]
RSSI: -85 [da:1b:06:cd:0c:dc]
RSSI: -81 [da:18:6b:94:0a:de]
RSSI: -91 [da:1b:06:cd:0c:dc]
RSSI: -81 [da:18:6b:94:0a:de]
RSSI: -82 [da:1b:06:dc:0d:0c]
RSSI: -80 [da:18:6b:94:0a:de]
RSSI: -84 [da:1b:06:dc:0d:0c]
RSSI: -79 [da:18:6b:a2:0b:0e]
RSSI: -79 [da:18:6b:a2:0b:0e]
RSSI: -78 [da:18:6b:af:0b:2e]
RSSI: -79 [da:18:6b:af:0b:2e]
RSSI: -98 [da:1b:06:f8:0d:6c]
RSSI: -80 [da:18:6b:bd:0b:5e]
RSSI: -88 [da:1b:06:f8:0d:6c]
RSSI: -80 [da:18:6b:bd:0b:5e]
RSSI: -86 [da:1b:07:08:0d:9c]
RSSI: -83 [da:18:6b:ca:0b:7e]
RSSI: -87 [da:18:6b:d7:0b:9e]
RSSI: -87 [da:1b:07:14:0d:bc]
RSSI: -88 [da:1b:07:24:0d:ec]
RSSI: -86 [da:18:6b:e5:0b:ce]
RSSI: -87 [da:18:6b:f3:0b:ee]
RSSI: -88 [da:1b:07:33:0e:1c]
RSSI: -87 [da:18:6b:f3:0b:ee]
RSSI: -83 [da:18:6c:00:0c:1e]
RSSI: -89 [da:1b:07:3f:0e:4c]
RSSI: -85 [da:18:6c:00:0c:1e]
RSSI: -82 [da:1b:07:3f:0e:4c]
RSSI: -84 [da:18:6c:0e:0c:3e]
RSSI: -81 [da:1b:07:4f:0e:7c]
RSSI: -85 [da:18:6c:0e:0c:3e]
RSSI: -84 [da:1b:07:4f:0e:7c]
RSSI: -82 [da:1b:07:5e:0e:ac]
RSSI: -86 [da:18:6c:1b:0c:6e]
RSSI: -82 [da:1b:07:5e:0e:ac]
RSSI: -89 [da:18:6c:1b:0c:6e]
RSSI: -92 [da:18:6c:28:0c:8e]
RSSI: -82 [da:1b:07:6b:0e:dc]
RSSI: -82 [da:1b:07:6b:0e:dc]
RSSI: -82 [da:1b:07:7a:0f:0c]
RSSI: -85 [da:1b:07:8a:0f:3c]
RSSI: -93 [da:18:6c:44:0c:de]
RSSI: -83 [da:1b:07:8a:0f:3c]
RSSI: -87 [da:1b:07:96:0f:5c]
RSSI: -86 [da:1b:07:96:0f:5c]
RSSI: -86 [da:1b:07:96:0f:5c]
RSSI: -87 [da:18:6c:5f:0d:2e]
RSSI: -86 [da:1b:07:a6:0f:8c]
RSSI: -87 [da:18:6c:6d:0d:5e]
RSSI: -85 [da:1b:07:b5:0f:bc]
RSSI: -84 [da:1b:07:b5:0f:bc]
RSSI: -86 [da:18:6c:79:0d:7e]
RSSI: -87 [da:18:6c:87:0d:ae]
RSSI: -83 [da:1b:07:c2:0f:ec]
RSSI: -88 [da:18:6c:87:0d:ae]
RSSI: -85 [da:18:6c:95:0d:ce]
RSSI: -86 [da:18:6c:95:0d:ce]
RSSI: -91 [da:1b:07:e0:10:4c]
RSSI: -85 [da:18:6c:a2:0d:ee]
RSSI: -86 [da:18:6c:a2:0d:ee]
RSSI: -89 [da:1b:07:ed:10:6c]
RSSI: -84 [da:18:6c:b0:0e:1e]
RSSI: -88 [da:18:6c:be:0e:3e]
RSSI: -93 [da:18:6c:be:0e:3e]
RSSI: -90 [da:1b:07:fc:10:9c]
RSSI: -94 [da:18:6c:be:0e:3e]
RSSI: -88 [da:1b:08:0c:10:cc]
RSSI: -86 [da:1b:08:0c:10:cc]
RSSI: -86 [da:18:6c:d8:0e:8e]
RSSI: -87 [da:1b:08:18:10:fc]
RSSI: -88 [da:1b:08:18:10:fc]
RSSI: -89 [da:1b:08:28:11:2c]
RSSI: -90 [da:1b:08:28:11:2c]
RSSI: -87 [da:18:6c:f3:0e:de]
RSSI: -87 [da:18:6c:f3:0e:de]
RSSI: -85 [da:18:6d:01:0e:fe]
RSSI: -84 [da:18:6d:01:0e:fe]
RSSI: -84 [da:18:6d:01:0e:fe]
RSSI: -84 [da:18:6d:01:0e:fe]
RSSI: -80 [da:18:6d:0f:0f:2e]
RSSI: -85 [da:18:6d:0f:0f:2e]
RSSI: -94 [da:1b:08:53:11:bc]
RSSI: -82 [da:18:6d:1c:0f:4e]
RSSI: -90 [da:1b:08:63:11:ec]
RSSI: -79 [da:18:6d:1c:0f:4e]
RSSI: -85 [da:18:6d:2a:0f:7e]
RSSI: -83 [da:18:6d:2a:0f:7e]
RSSI: -85 [da:RSSI: -83 [da:19:0a:be:15:ce]
RSSI: -77 [da:1b:a6:01:00:ac]
RSSI: -79 [da:19:0a:cd:15:fe]
RSSI: -76 [da:1b:a6:0e:00:cc]
RSSI: -79 [da:19:0a:cd:15:fe]
RSSI: -76 [da:1b:a6:0e:00:cc]
RSSI: -79 [da:19:0a:dc:16:1e]
RSSI: -75 [da:19:0a:dc:16:1e]
RSSI: -76 [da:19:0a:e8:16:4e]
RSSI: -75 [da:19:0a:e8:16:4e]
RSSI: -77 [da:1b:a6:27:01:1c]
RSSI: -74 [da:19:0a:e8:16:4e]
RSSI: -78 [da:1b:a6:34:01:4c]
RSSI: -74 [da:19:0a:f7:16:7e]
RSSI: -78 [da:1b:a6:34:01:4c]
RSSI: -73 [da:19:0a:f7:16:7e]
RSSI: -72 [da:19:0b:06:00:2e]
RSSI: -72 [da:19:0b:06:00:2e]
RSSI: -72 [da:19:0b:13:00:4e]
RSSI: -80 [da:1b:a6:5a:01:bc]
RSSI: -71 [da:19:0b:22:00:7e]
RSSI: -84 [da:1b:a6:5a:01:bc]
RSSI: -71 [da:19:0b:22:00:7e]
RSSI: -70 [da:19:0b:31:00:ae]
RSSI: -70 [da:19:0b:3e:00:ce]
RSSI: -69 [da:19:0b:3e:00:ce]
RSSI: -70 [da:19:0b:4d:00:fe]
RSSI: -70 [da:19:0b:4d:00:fe]
RSSI: -70 [da:19:0b:5c:01:2e]
RSSI: -70 [da:19:0b:5c:01:2e]
RSSI: -70 [da:19:0b:5c:01:2e]
RSSI: -70 [da:19:0b:68:01:4e]
RSSI: -90 [da:1b:a6:a7:02:ac]
RSSI: -69 [da:19:0b:77:01:7e]
RSSI: -91 [da:1b:a6:b4:02:dc]
RSSI: -68 [da:19:0b:77:01:7e]
RSSI: -69 [da:19:0b:77:01:7e]
RSSI: -67 [da:19:0b:93:01:ce]
RSSI: -90 [da:1b:a6:ce:03:2c]
RSSI: -66 [da:19:0b:93:01:ce]
RSSI: -91 [da:1b:a6:db:03:4c]
RSSI: -90 [da:1b:a6:db:03:4c]
RSSI: -66 [da:19:0b:a2:01:ee]
RSSI: -65 [da:19:0b:b1:02:1e]
RSSI: -65 [da:19:0b:be:02:3e]
RSSI: -65 [da:19:0b:cd:02:6e]
RSSI: -65 [da:19:0b:cd:02:6e]
RSSI: -66 [da:19:0b:dc:02:9e]
RSSI: -65 [da:19:0b:dc:02:9e]
RSSI: -91 [da:1b:a7:1b:04:1c]
RSSI: -65 [da:19:0b:e8:02:be]
RSSI: -63 [da:19:0b:f8:02:ee]
RSSI: -61 [da:19:0c:07:03:0e]
RSSI: -61 [da:19:0c:07:03:0e]
RSSI: -60 [da:19:0c:13:03:2e]
RSSI: -92 [da:1b:a7:4e:04:bc]
RSSI: -59 [da:19:0c:13:03:2e]
RSSI: -58 [da:19:0c:22:03:5e]
RSSI: -57 [da:19:0c:31:03:8e]
RSSI: -57 [da:19:0c:31:03:8e]
RSSI: -57 [da:19:0c:31:03:8e]
RSSI: -92 [da:1b:a7:75:05:3c]
RSSI: -56 [da:19:0c:3e:03:ae]
RSSI: -55 [da:19:0c:3e:03:ae]
RSSI: -55 [da:19:0c:4d:03:de]
RSSI: -55 [da:19:0c:4d:03:de]
RSSI: -55 [da:19:0c:5c:03:fe]
RSSI: -55 [da:19:0c:5c:03:fe]
RSSI: -54 [da:19:0c:69:04:2e]
RSSI: -54 [da:19:0c:69:04:2e]
RSSI: -54 [da:19:0c:78:04:5e]
RSSI: -54 [da:19:0c:78:04:5e]
RSSI: -55 [da:19:0c:87:04:7e]
RSSI: -54 [da:19:0c:87:04:7e]
RSSI: -54 [da:19:0c:93:04:ae]
RSSI: -55 [da:19:0c:93:04:ae]
RSSI: -54 [da:19:0c:a3:04:ce]
RSSI: -90 [da:1b:a7:e8:06:ac]
RSSI: -55 [da:19:0c:b2:04:fe]
RSSI: -56 [da:19:0c:be:05:2e]
RSSI: -56 [da:19:0c:be:05:2e]
RSSI: -56 [da:19:0c:cd:05:4e]
RSSI: -57 [da:19:0c:cd:05:4e]
RSSI: -57 [da:19:0c:dc:05:7e]
RSSI: -59 [da:19:0c:e9:05:9e]
RSSI: -61 [da:19:0c:f8:05:ce]
RSSI: -61 [da:19:0c:f8:05:ce]
RSSI: -62 [da:19:0d:07:05:fe]
RSSI: -62 [da:19:0d:07:05:fe]
RSSI: -64 [da:19:0d:14:06:1e]
RSSI: -65 [da:19:0d:14:06:1e]
RSSI: -67 [da:19:0d:23:06:4e]
RSSI: -67 [da:19:0d:23:06:4e]
RSSI: -68 [da:19:0d:32:06:6e]
RSSI: -68 [da:19:0d:3f:06:9e]
RSSI: -67 [da:19:0d:3f:06:9e]
RSSI: -67 [da:19:0d:4e:06:be]
RSSI: -67 [da:19:0d:4e:06:be]
RSSI: -68 [da:19:0d:5d:06:ee]
RSSI: -65 [da:19:0d:6a:07:0e]
RSSI: -68 [da:19:0d:79:07:3e]
RSSI: -66 [da:19:0d:79:07:3e]
RSSI: -94 [da:1b:a8:b6:09:3c]
RSSI: -70 [da:19:0d:88:07:6e]
RSSI: -69 [da:19:0d:88:07:6e]
RSSI: -71 [da:19:0d:94:07:8e]
RSSI: -68 [da:19:0d:a4:07:be]
RSSI: -70 [da:19:0d:b3:07:de]
RSSI: -72 [da:19:0d:bf:08:0e]
RSSI: -72 [da:19:0d:bf:08:0e]
RSSI: -71 [da:19:0d:bf:08:0e]
RSSI: -73 [da:19:0d:ce:08:2e]
RSSI: -71 [da:19:0d:de:08:5e]
RSSI: -72 [da:19:0d:de:08:5e]
RSSI: -75 [da:19:0d:ea:08:8e]
RSSI: -76 [da:19:0d:f9:08:ae]
RSSI: -75 [da:19:0d:f9:08:ae]
RSSI: -74 [da:19:0d:f9:08:ae]
RSSI: -71 [da:19:0e:08:08:de]
RSSI: -74 [da:19:0e:08:08:de]
RSSI: -94 [da:16:04:fb:01:da]
RSSI: -72 [da:19:0e:15:08:fe]
RSSI: -75 [da:19:0e:24:09:2e]
RSSI: -77 [da:19:0e:33:09:5e]
RSSI: -90 [da:16:05:16:02:2a]
RSSI: -77 [da:19:0e:33:09:5e]
RSSI: -78 [da:19:0e:40:09:7e]
RSSI: -89 [da:16:05:33:02:7a]
RSSI: -79 [da:19:0e:40:09:7e]
RSSI: -88 [da:16:05:33:02:7a]
RSSI: -76 [da:19:0e:4f:09:ae]
RSSI: -87 [da:16:05:40:02:9a]
RSSI: -76 [da:19:0e:5e:09:ce]
RSSI: -76 [da:19:0e:5e:09:ce]
RSSI: -86 [da:16:05:4e:02:ba]
RSSI: -76 [da:19:0e:6b:09:fe]
RSSI: -76 [da:19:0e:6b:09:fe]
RSSI: -85 [da:16:05:5d:02:ea]
RSSI: -77 [da:19:0e:7a:0a:2e]
RSSI: -85 [da:16:05:6a:03:0a]
RSSI: -80 [da:19:0e:89:0a:4e]
RSSI: -83 [da:19:0e:89:0a:4e]
RSSI: -83 [da:16:05:78:03:2a]
RSSI: -83 [da:19:0e:96:0a:7e]
RSSI: -78 [da:19:0e:a5:0a:9e]
RSSI: -74 [da:19:0e:b4:0a:ce]
RSSI: -76 [da:19:0e:b4:0a:ce]
RSSI: -85 [da:16:05:a2:03:aa]
RSSI: -86 [da:16:05:a2:03:aa]
RSSI: -76 [da:19:0e:c1:0a:ee]
RSSI: -73 [da:19:0e:c1:0a:ee]
RSSI: -73 [da:19:0e:c1:0a:ee]
RSSI: -85 [da:16:05:b1:03:ca]
RSSI: -76 [da:19:0e:d0:0b:1e]
RSSI: -88 [da:16:05:bd:03:fa]
RSSI: -77 [da:19:0e:df:0b:4e]
RSSI: -87 [da:16:05:cc:04:1a]
RSSI: -75 [da:19:0e:ec:0b:6e]
RSSI: -73 [da:19:0e:fb:0b:9e]
RSSI: -79 [da:19:0f:0a:0b:ce]
RSSI: -88 [da:16:05:f6:04:9a]
RSSI: -76 [da:19:0f:0a:0b:ce]
RSSI: -76 [da:19:0f:17:0b:ee]
RSSI: -89 [da:16:06:04:04:ba]
RSSI: -74 [da:19:0f:17:0b:ee]
RSSI: -70 [da:19:0f:26:0c:1e]
RSSI: -90 [da:16:06:11:04:da]
RSSI: -75 [da:19:0f:26:0c:1e]
RSSI: -73 [da:19:0f:35:0c:4e]
RSSI: -72 [da:19:0f:35:0c:4e]
RSSI: -74 [da:19:0f:42:0c:6e]
RSSI: -75 [da:19:0f:42:0c:6e]
RSSI: -79 [da:19:0f:51:0c:9e]
RSSI: -91 [da:1b:aa:95:0f:3c]
RSSI: -74 [da:19:0f:61:0c:ce]
RSSI: -82 [da:19:0f:61:0c:ce]
RSSI: -78 [da:19:0f:6d:0c:ee]
RSSI: -73 [da:19:0f:6d:0c:ee]
RSSI: -76 [da:19:0f:7c:0d:1e]
RSSI: -79 [da:19:0f:8c:0d:4e]
RSSI: -74 [da:19:0f:98:0d:6e]
RSSI: -77 [da:19:0f:98:0d:6e]
RSSI: -76 [da:19:0f:a8:0d:8e]
RSSI: -75 [da:19:0f:a8:0d:8e]
RSSI: -77 [da:19:0f:b7:0d:be]
RSSI: -76 [da:19:0f:b7:0d:be]
RSSI: -93 [da:1b:aa:f0:10:5c]
RSSI: -77 [da:19:0f:c3:0d:de]
RSSI: -77 [da:19:0f:c3:0d:de]
RSSI: -77 [da:19:0f:d3:0e:0e]
RSSI: -78 [da:19:0f:d3:0e:0e]
RSSI: -78 [da:19:0f:e2:0e:3e]
RSSI: -78 [da:19:0f:e2:0e:3e]
RSSI: -79 [da:19:0f:ee:0e:5e]
RSSI: -79 [da:19:0f:ee:0e:5e]
RSSI: -82 [da:19:0f:fe:0e:8e]
RSSI: -81 [da:19:0f:fe:0e:8e]
RSSI: -84 [da:19:10:0d:0e:be]
RSSI: -84 [da:19:10:0d:0e:be]
RSSI: -83 [da:19:10:19:0e:de]
RSSI: -83 [da:19:10:19:0e:de]
RSSI: -86 [da:19:10:29:0f:0e]
RSSI: -92 [da:14:23:20:01:7b]
RSSI: -76 [da:19:10:45:0f:5e]
RSSI: -92 [da:14:23:4a:01:fb]
RSSI: -88 [da:19:10:63:0f:ae]
RSSI: -94 [da:14:23:59:02:2b]
RSSI: -90 [da:1b:ab:a5:12:9c]
RSSI: -87 [da:19:10:70:0f:de]
RSSI: -87 [da:19:10:70:0f:de]
RSSI: -74 [da:19:10:7f:0f:fe]
RSSI: -75 [da:19:10:8e:10:2e]
RSSI: -90 [da:1b:ab:cc:13:0c]
RSSI: -85 [da:19:10:9b:10:5e]
RSSI: -82 [da:19:10:aa:10:7e]
RSSI: -79 [da:19:10:c6:10:ce]
RSSI: -87 [da:19:10:c6:10:ce]
RSSI: -78 [da:19:10:d5:10:fe]
RSSI: -88 [da:1b:ac:1b:14:0c]
RSSI: -80 [da:19:10:e5:11:1e]
RSSI: -78 [da:19:10:f1:11:4e]
RSSI: -90 [da:1b:ac:34:14:5c]
RSSI: -79 [da:19:11:01:11:6e]
RSSI: -86 [da:1b:ac:42:14:7c]
RSSI: -90 [da:19:11:01:11:6e]
RSSI: -88 [da:1b:ac:42:14:7c]
RSSI: -76 [da:19:11:10:11:9e]
RSSI: -80 [da:19:11:10:11:9e]
RSSI: -76 [da:19:11:1c:11:be]
RSSI: -89 [da:1b:ac:5b:14:cc]
RSSI: -75 [da:19:11:1c:11:be]
RSSI: -91 [da:1b:ac:5b:14:cc]
RSSI: -78 [da:19:11:2c:11:ee]
RSSI: -75 [da:19:11:2c:11:ee]
RSSI: -78 [da:19:11:3b:12:1e]
RSSI: -75 [da:19:11:3b:12:1e]
RSSI: -75 [da:19:11:48:12:3e]
RSSI: -90 [da:1b:ac:82:15:4c]
RSSI: -77 [da:19:11:48:12:3e]
RSSI: -90 [da:1b:ac:82:15:4c]
RSSI: -76 [da:19:11:57:12:6e]
RSSI: -87 [da:1b:ac:90:15:7c]
RSSI: -78 [da:19:11:57:12:6e]
RSSI: -88 [da:1b:ac:9d:15:9c]
RSSI: -76 [da:19:11:66:12:9e]
RSSI: -86 [da:1b:ac:aa:15:cc]
RSSI: -91 [da:1b:ac:aa:15:cc]
RSSI: -79 [da:19:11:73:12:be]
RSSI: -79 [da:19:11:73:12:be]
RSSI: -87 [da:1b:ac:b7:15:fc]
RSSI: -87 [da:1b:ac:b7:15:fc]
RSSI: -80 [da:19:11:82:12:ee]
RSSI: -80 [da:19:11:82:12:ee]
RSSI: -77 [da:1b:ac:c4:16:1c]
RSSI: -89 [da:19:11:9e:13:3e]
RSSI: -79 [da:19:11:9e:13:3e]
RSSI: -80 [da:19:11:ae:13:6e]
RSSI: -86 [da:1b:ac:eb:00:0c]
RSSI: -74 [da:1b:ac:eb:00:0c]
RSSI: -84 [da:19:11:ae:13:6e]
RSSI: -74 [da:1b:ac:eb:00:0c]
RSSI: -83 [da:19:11:bd:13:9e]
RSSI: -80 [da:19:11:bd:13:9e]
RSSI: -85 [da:1b:ac:f8:00:2c]
RSSI: -86 [da:19:11:ca:13:be]
RSSI: -86 [da:19:11:ca:13:be]
RSSI: -81 [da:19:11:ca:13:be]
RSSI: -72 [da:1b:ad:12:00:7c]
RSSI: -78 [da:19:11:d9:13:ee]
RSSI: -85 [da:19:11:d9:13:ee]
RSSI: -81 [da:1b:ad:1f:00:ac]
RSSI: -83 [da:19:11:e8:14:1e]
RSSI: -79 [da:19:11:e8:14:1e]
RSSI: -84 [da:19:11:f5:14:3e]
RSSI: -85 [da:19:11:f5:14:3e]
RSSI: -73 [da:1b:ad:3a:00:fc]
RSSI: -84 [da:19:12:04:14:6e]
RSSI: -89 [da:19:12:14:14:8e]
RSSI: -81 [da:19:12:14:14:8e]
RSSI: -79 [da:1b:ad:54:01:4c]
RSSI: -80 [da:19:12:20:14:ae]
RSSI: -85 [da:19:12:20:14:ae]
RSSI: -75 [da:1b:ad:61:01:7c]
RSSI: -80 [da:19:12:30:14:de]
RSSI: -79 [da:1b:ad:6d:01:9c]
RSSI: -87 [da:1b:ad:7b:01:cc]
RSSI: -82 [da:19:12:3f:15:0e]
RSSI: -79 [da:1b:ad:7b:01:cc]
RSSI: -81 [da:1b:ad:88:01:ec]
RSSI: -87 [da:19:12:4c:15:2e]
RSSI: -82 [da:1b:ad:95:02:1c]
RSSI: -82 [da:1b:ad:95:02:1c]
RSSI: -83 [da:19:12:5b:15:5e]
RSSI: -82 [da:19:12:5b:15:5e]
RSSI: -88 [da:19:12:77:15:ae]
RSSI: -88 [da:1b:ad:bc:02:9c]
RSSI: -79 [da:19:12:86:15:ce]
RSSI: -82 [da:19:12:86:15:ce]
RSSI: -89 [da:1b:ad:c9:02:bc]
RSSI: -80 [da:19:12:96:15:fe]
RSSI: -88 [da:1b:ad:c9:02:bc]
RSSI: -75 [da:19:12:96:15:fe]
RSSI: -86 [da:1b:ad:d6:02:ec]
RSSI: -76 [da:19:12:a2:16:2e]
RSSI: -86 [da:1b:ad:e3:03:0c]
RSSI: -76 [da:19:12:a2:16:2e]
RSSI: -88 [da:1b:ad:f0:03:3c]
RSSI: -75 [da:19:12:b2:16:4e]
RSSI: -88 [da:1b:ad:f0:03:3c]
RSSI: -75 [da:19:12:b2:16:4e]
RSSI: -72 [da:19:12:c1:00:2e]
RSSI: -75 [da:19:12:c1:00:2e]
RSSI: -74 [da:19:12:ce:00:5e]
RSSI: -73 [da:19:12:dd:00:7e]
RSSI: -71 [da:19:12:ec:00:ae]
RSSI: -71 [da:19:12:ec:00:ae]
RSSI: -87 [da:1b:ae:31:04:0c]
RSSI: -69 [da:19:12:f9:00:ce]
RSSI: -70 [da:19:12:f9:00:ce]
RSSI: -94 [da:1b:ae:3f:04:2c]
RSSI: -69 [da:19:13:08:00:fe]
RSSI: -71 [da:19:13:18:01:2e]
RSSI: -71 [da:19:13:18:01:2e]
RSSI: -72 [da:19:13:24:01:4e]
RSSI: -90 [da:1b:ae:66:04:ac]
RSSI: -71 [da:19:13:24:01:4e]
RSSI: -70 [da:19:13:34:01:7e]
RSSI: -69 [da:19:13:43:01:9e]
RSSI: -67 [da:19:13:43:01:9e]
RSSI: -66 [da:19:13:50:01:ce]
RSSI: -66 [da:19:13:5f:01:ee]
RSSI: -66 [da:19:13:5f:01:ee]
RSSI: -65 [da:19:13:5f:01:ee]
RSSI: -64 [da:19:13:6f:02:1e]
RSSI: -91 [da:1b:ae:a7:05:7c]
RSSI: -66 [da:19:13:6f:02:1e]
RSSI: -64 [da:19:13:7b:02:3e]
RSSI: -67 [da:19:13:8b:02:6e]
RSSI: -70 [da:19:13:9a:02:9e]
RSSI: -69 [da:19:13:9a:02:9e]
RSSI: -67 [da:19:13:b6:02:ee]
RSSI: -85 [da:1b:ae:f6:06:6c]
RSSI: -65 [da:19:13:c6:03:1e]
RSSI: -88 [da:1b:af:03:06:9c]
RSSI: -62 [da:19:13:d2:03:3e]
RSSI: -62 [da:19:13:d2:03:3e]
RSSI: -60 [da:19:13:e2:03:6e]
RSSI: -58 [da:19:13:f1:03:8e]
RSSI: -57 [da:19:13:f1:03:8e]
RSSI: -58 [da:19:13:fe:03:be]
RSSI: -91 [da:1b:af:40:07:5c]
RSSI: -57 [da:19:14:0d:03:de]
RSSI: -57 [da:19:14:0d:03:de]
RSSI: -55 [da:19:14:1d:04:0e]
RSSI: -57 [da:19:14:1d:04:0e]
RSSI: -88 [da:1b:af:68:07:dc]
RSSI: -88 [da:1b:af:68:07:dc]
RSSI: -56 [da:19:14:29:04:2e]
RSSI: -54 [da:19:14:3e:04:6e]
RSSI: -56 [da:19:14:3e:04:6e]
RSSI: -56 [da:19:14:4e:04:9e]
RSSI: -56 [da:19:14:4e:04:9e]
RSSI: -54 [da:19:14:4e:04:9e]
RSSI: -89 [da:1b:af:8f:08:5c]
RSSI: -55 [da:19:14:5b:04:be]
RSSI: -56 [da:19:14:5b:04:be]
RSSI: -87 [da:1b:af:9c:08:7c]
RSSI: -56 [da:19:14:6a:04:ee]
RSSI: -56 [da:19:14:6a:04:ee]
RSSI: -55 [da:19:14:7a:05:1e]
RSSI: -57 [da:19:14:86:05:3e]
RSSI: -55 [da:19:14:86:05:3e]
RSSI: -58 [da:19:14:96:05:6e]
RSSI: -88 [da:1b:af:d0:09:2c]
RSSI: -58 [da:19:14:a5:05:9e]
RSSI: -89 [da:1b:af:ea:09:7c]
RSSI: -58 [da:19:14:b2:05:be]
RSSI: -92 [da:1b:af:ea:09:7c]
RSSI: -60 [da:19:14:b2:05:be]
RSSI: -61 [da:19:14:c1:05:ee]
RSSI: -61 [da:19:14:c1:05:ee]
RSSI: -63 [da:19:14:d1:06:0e]
RSSI: -64 [da:19:14:d1:06:0e]
RSSI: -66 [da:19:14:dd:06:3e]
RSSI: -67 [da:19:14:ed:06:5e]
RSSI: -68 [da:19:14:ed:06:5e]
RSSI: -68 [da:19:14:fc:06:8e]
RSSI: -66 [da:19:14:fc:06:8e]
RSSI: -85 [da:1b:b0:39:0a:7c]
RSSI: -67 [da:19:15:09:06:ae]
RSSI: -90 [da:1b:b0:47:0a:ac]
RSSI: -66 [da:19:15:19:06:de]
RSSI: -88 [da:1b:b0:54:0a:dc]
RSSI: -66 [da:19:15:19:06:de]
RSSI: -86 [da:1b:b0:61:0a:fc]
RSSI: -64 [da:19:15:28:07:0e]
RSSI: -66 [da:19:15:28:07:0e]
RSSI: -86 [da:1b:b0:6e:0b:2c]
RSSI: -85 [da:1b:b0:6e:0b:2c]
RSSI: -84 [da:1b:b0:6e:0b:2c]
RSSI: -64 [da:19:15:35:07:2e]
RSSI: -83 [da:1b:b0:88:0b:7c]
RSSI: -68 [da:19:15:54:07:8e]
RSSI: -68 [da:19:15:54:07:8e]
RSSI: -84 [da:1b:b0:96:0b:ac]
RSSI: -83 [da:1b:b0:96:0b:ac]
RSSI: -69 [da:19:15:60:07:ae]
RSSI: -69 [da:19:15:60:07:ae]
RSSI: -84 [da:1b:b0:a3:0b:cc]
RSSI: -84 [da:1b:b0:a3:0b:cc]
RSSI: -66 [da:19:15:70:07:de]
RSSI: -84 [da:1b:b0:b0:0b:fc]
RSSI: -69 [da:19:15:7f:08:0e]
RSSI: -83 [da:1b:b0:bd:0c:2c]
RSSI: -84 [da:1b:b0:bd:0c:2c]
RSSI: -69 [da:19:15:8c:08:2e]
RSSI: -70 [da:19:15:8c:08:2e]
RSSI: -84 [da:1b:b0:cb:0c:4c]
RSSI: -69 [da:19:15:8c:08:2e]
RSSI: -71 [da:19:15:9c:08:5e]
RSSI: -68 [da:19:15:ab:08:8e]
RSSI: -71 [da:19:15:b8:08:ae]
RSSI: -72 [da:19:15:c7:08:de]
RSSI: -71 [da:19:15:c7:08:de]
RSSI: -82 [da:1b:b1:0d:0d:1c]
RSSI: -71 [da:19:15:d7:09:0e]
RSSI: -71 [da:19:15:d7:09:0e]
RSSI: -69 [da:19:15:e3:09:2e]
RSSI: -70 [da:19:15:f3:09:5e]
RSSI: -87 [da:1b:b1:34:0d:9c]
RSSI: -71 [da:19:15:f3:09:5e]
RSSI: -72 [da:19:16:02:09:7e]
RSSI: -74 [da:19:16:02:09:7e]
RSSI: -74 [da:19:16:02:09:7e]
RSSI: -75 [da:19:16:0f:09:ae]
RSSI: -89 [da:1b:b1:4e:0d:fc]
RSSI: -71 [da:19:16:1f:09:de]
RSSI: -88 [da:1b:b1:5c:0e:1c]
RSSI: -74 [da:19:16:1f:09:de]
RSSI: -74 [da:19:16:2e:09:fe]
RSSI: -86 [da:1b:b1:69:0e:4c]
RSSI: -73 [da:19:16:2e:09:fe]
RSSI: -88 [da:1b:b1:69:0e:4c]
RSSI: -72 [da:19:16:3b:0a:2e]
RSSI: -90 [da:16:0d:22:02:da]
RSSI: -86 [da:1b:b1:76:0e:6c]
RSSI: -73 [da:19:16:3b:0a:2e]
RSSI: -72 [da:19:16:4a:0a:5e]
RSSI: -75 [da:19:16:4a:0a:5e]
RSSI: -87 [da:1b:b1:91:0e:cc]
RSSI: -76 [da:19:16:5a:0a:7e]
RSSI: -90 [da:16:0d:4d:03:4a]
RSSI: -79 [da:19:16:66:0a:ae]
RSSI: -76 [da:19:16:66:0a:ae]
RSSI: -92 [da:16:0d:59:03:6a]
RSSI: -76 [da:19:16:76:0a:de]
RSSI: -88 [da:16:0d:68:03:9a]
RSSI: -74 [da:19:16:86:0a:fe]
RSSI: -87 [da:16:0d:77:03:ca]
RSSI: -71 [da:19:16:92:0b:2e]
RSSI: -72 [da:19:16:92:0b:2e]
RSSI: -71 [da:19:16:a2:0b:5e]
RSSI: -74 [da:19:16:b1:0b:7e]
RSSI: -93 [da:1b:b1:ed:0f:ec]
RSSI: -74 [da:19:16:b1:0b:7e]
RSSI: -87 [da:16:0d:a2:04:3a]
RSSI: -78 [da:19:16:be:0b:ae]
RSSI: -79 [da:19:16:be:0b:ae]
RSSI: -81 [da:19:16:ce:0b:ce]
RSSI: -77 [da:19:16:dd:0b:fe]
RSSI: -70 [da:19:16:dd:0b:fe]
RSSI: -74 [da:19:16:ea:0c:1e]
RSSI: -75 [da:19:16:f9:0c:4e]
RSSI: -73 [da:19:16:f9:0c:4e]
RSSI: -73 [da:19:16:f9:0c:4e]
RSSI: -89 [da:16:0d:e8:04:fa]
RSSI: -71 [da:19:17:09:0c:7e]
RSSI: -74 [da:19:17:09:0c:7e]
RSSI: -76 [da:19:17:15:0c:9e]
RSSI: -77 [da:19:17:25:0c:ce]
RSSI: -77 [da:19:17:25:0c:ce]
RSSI: -79 [da:19:17:35:0c:fe]
RSSI: -80 [da:19:17:35:0c:fe]
RSSI: -81 [da:19:17:41:0d:1e]
RSSI: -74 [da:19:17:51:0d:4e]
RSSI: -80 [da:19:17:51:0d:4e]
RSSI: -77 [da:19:17:60:0d:6e]
RSSI: -77 [da:19:17:6d:0d:9e]
RSSI: -75 [da:19:17:6d:0d:9e]
RSSI: -76 [da:19:17:7d:0d:be]
RSSI: -75 [da:19:17:7d:0d:be]
RSSI: -74 [da:19:17:7d:0d:be]
RSSI: -92 [da:1b:b2:c1:12:9c]
RSSI: -76 [da:19:17:8c:0d:ee]
RSSI: -76 [da:19:17:99:0e:1e]
RSSI: -73 [da:19:17:a9:0e:3e]
RSSI: -75 [da:19:17:b8:0e:6e]
RSSI: -81 [da:19:17:c5:0e:9e]
RSSI: -94 [da:1b:b3:03:13:6c]
RSSI: -76 [da:19:17:c5:0e:9e]
RSSI: -92 [da:1b:b3:10:13:8c]
RSSI: -87 [da:19:17:d4:0e:be]
RSSI: -93 [da:1b:b3:1e:13:bc]
RSSI: -79 [da:19:17:e4:0e:ee]
RSSI: -80 [da:19:17:e4:0e:ee]
RSSI: -81 [da:19:17:f1:0f:1e]
RSSI: -85 [da:19:17:f1:0f:1e]
RSSI: -91 [da:1b:b3:46:14:3c]
RSSI: -78 [da:19:18:10:0f:6e]
RSSI: -85 [da:1b:b3:60:14:8c]
RSSI: -84 [da:19:18:2c:0f:be]
RSSI: -84 [da:19:18:2c:0f:be]
RSSI: -88 [da:1b:b3:6e:14:bc]
RSSI: -75 [da:19:18:3c:0f:ee]
RSSI: -86 [da:19:18:3c:0f:ee]
RSSI: -87 [da:1b:b3:7a:14:dc]
RSSI: -75 [da:19:18:48:10:0e]
RSSI: -86 [da:1b:b3:95:15:2c]
RSSI: -76 [da:19:18:58:10:3e]
RSSI: -86 [da:1b:b3:a2:15:5c]
RSSI: -86 [da:1b:b3:bd:15:ac]
RSSI: -83 [da:19:18:84:10:be]
RSSI: -81 [da:19:18:84:10:be]
RSSI: -86 [da:1b:b3:ca:15:dc]
RSSI: -85 [da:1b:b3:ca:15:dc]
RSSI: -88 [da:19:18:94:10:ee]
RSSI: -86 [da:19:18:a0:11:0e]
RSSI: -77 [da:1b:b3:e5:16:2c]
RSSI: -76 [da:1b:b3:e5:16:2c]
RSSI: -80 [da:19:18:b0:11:3e]
RSSI: -81 [da:1b:b3:f2:16:5c]
RSSI: -82 [da:1b:b3:f2:16:5c]
RSSI: -84 [da:19:18:c0:11:6e]
RSSI: -78 [da:1b:b4:00:16:7c]
RSSI: -78 [da:1b:b4:00:16:7c]
RSSI: -80 [da:1b:b4:00:16:7c]
RSSI: -82 [da:19:18:cc:11:8e]
RSSI: -73 [da:1b:b4:0d:00:2c]
RSSI: -79 [da:1b:b4:1a:00:5c]
RSSI: -76 [da:1b:b4:27:00:7c]
RSSI: -76 [da:1b:b4:27:00:7c]
RSSI: -71 [da:1b:b4:35:00:ac]
RSSI: -77 [da:19:18:f8:12:0e]
RSSI: -77 [da:1b:b4:35:00:ac]
RSSI: -80 [da:19:18:f8:12:0e]
RSSI: -75 [da:1b:b4:42:00:cc]
RSSI: -77 [da:1b:b4:4f:00:fc]
RSSI: -76 [da:19:19:18:12:6e]
RSSI: -73 [da:1b:b4:4f:00:fc]
RSSI: -75 [da:19:19:18:12:6e]
RSSI: -74 [da:1b:b4:4f:00:fc]
RSSI: -71 [da:1b:b4:5d:01:2c]
RSSI: -74 [da:19:19:24:12:8e]
RSSI: -76 [da:1b:b4:5d:01:2c]
RSSI: -74 [da:19:19:24:12:8e]
RSSI: -73 [da:1b:b4:69:01:4c]
RSSI: -72 [da:1b:b4:69:01:4c]
RSSI: -75 [da:19:19:34:12:be]
RSSI: -77 [da:1b:b4:77:01:7c]
RSSI: -74 [da:1b:b4:77:01:7c]
RSSI: -75 [da:19:19:44:12:ee]
RSSI: -76 [da:19:19:44:12:ee]
RSSI: -78 [da:1b:b4:85:01:ac]
RSSI: -78 [da:19:19:50:13:0e]
RSSI: -76 [da:1b:b4:91:01:cc]
RSSI: -78 [da:19:19:60:13:3e]
RSSI: -80 [da:19:19:70:13:6e]
RSSI: -79 [da:19:19:7c:13:8e]
RSSI: -87 [da:19:19:8c:13:ae]
RSSI: -76 [da:19:19:8c:13:ae]
RSSI: -84 [da:19:19:9c:13:de]
RSSI: -85 [da:19:19:9c:13:de]
RSSI: -84 [da:1b:b4:d5:02:ac]
RSSI: -82 [da:19:19:9c:13:de]
RSSI: -80 [da:1b:b4:e1:02:cc]
RSSI: -83 [da:1b:b4:e1:02:cc]
RSSI: -84 [da:19:19:a8:13:fe]
RSSI: -82 [da:1b:b4:ef:02:fc]
RSSI: -84 [da:1b:b4:fd:03:2c]
RSSI: -80 [da:19:19:b8:14:2e]
RSSI: -83 [da:1b:b4:fd:03:2c]
RSSI: -81 [da:1b:b5:09:03:4c]
RSSI: -85 [da:1b:b5:09:03:4c]
RSSI: -78 [da:19:19:d4:14:7e]
RSSI: -86 [da:1b:b5:09:03:4c]
RSSI: -75 [da:19:19:d4:14:7e]
RSSI: -85 [da:1b:b5:17:03:7c]
RSSI: -84 [da:1b:b5:17:03:7c]
RSSI: -85 [da:1b:b5:17:03:7c]
RSSI: -77 [da:19:19:e4:14:ae]
RSSI: -76 [da:19:19:e4:14:ae]
RSSI: -75 [da:19:19:f4:14:de]
RSSI: -75 [da:19:19:f4:14:de]
RSSI: -76 [da:19:1a:00:14:fe]
RSSI: -76 [da:19:1a:00:14:fe]
RSSI: -76 [da:19:1a:10:15:2e]
RSSI: -75 [da:19:1a:20:15:5e]
RSSI: -76 [da:19:1a:20:15:5e]
RSSI: -78 [da:19:1a:20:15:5e]
RSSI: -88 [da:1b:b5:67:04:6c]
RSSI: -78 [da:19:1a:2c:15:7e]
RSSI: -87 [da:1b:b5:67:04:6c]
RSSI: -79 [da:19:1a:2c:15:7e]
RSSI: -85 [da:1b:b5:75:04:9c]
RSSI: -80 [da:19:1a:3c:15:ae]
RSSI: -82 [da:19:1a:4c:15:ce]
RSSI: -88 [da:1b:b5:81:04:cc]
RSSI: -80 [da:19:1a:59:15:fe]
RSSI: -87 [da:1b:b5:8f:04:ec]
RSSI: -80 [da:19:1a:59:15:fe]
RSSI: -89 [da:1b:b5:9d:05:1c]
RSSI: -79 [da:19:1a:59:15:fe]
RSSI: -87 [da:1b:b5:9d:05:1c]
RSSI: -85 [da:1b:b5:a9:05:4c]
RSSI: -78 [da:19:1a:68:16:1e]
RSSI: -92 [da:1b:b5:a9:05:4c]
RSSI: -79 [da:19:1a:78:16:4e]
RSSI: -85 [da:1b:b5:b7:05:6c]
RSSI: -75 [da:19:1a:85:00:2e]
RSSI: -75 [da:19:1a:85:00:2e]
RSSI: -86 [da:1b:b5:c5:05:9c]
RSSI: -75 [da:19:1a:94:00:4e]
RSSI: -88 [da:1b:b5:d1:05:cc]
RSSI: -74 [da:19:1a:94:00:4e]
RSSI: -73 [da:19:1a:a4:00:7e]
RSSI: -84 [da:19:1a:b1:00:9e]
RSSI: -88 [da:1b:b5:ed:06:1c]
RSSI: -72 [da:19:1a:b1:00:9e]
RSSI: -76 [da:19:1a:c1:00:ce]
RSSI: -77 [da:19:1a:c1:00:ce]
RSSI: -74 [da:19:1a:d0:00:fe]
RSSI: -77 [da:19:1a:d0:00:fe]
RSSI: -86 [da:1b:b6:15:06:9c]
RSSI: -76 [da:19:1a:dd:01:1e]
RSSI: -74 [da:19:1a:dd:01:1e]
RSSI: -90 [da:1b:b6:22:06:cc]
RSSI: -72 [da:19:1a:ed:01:4e]
RSSI: -74 [da:19:1a:ed:01:4e]
RSSI: -88 [da:1b:b6:2f:06:ec]
RSSI: -72 [da:19:1a:fc:01:7e]
RSSI: -72 [da:19:1a:fc:01:7e]
RSSI: -86 [da:1b:b6:3d:07:1c]
RSSI: -71 [da:19:1b:09:01:9e]
RSSI: -86 [da:1b:b6:4a:07:4c]
RSSI: -69 [da:19:1b:19:01:ce]
RSSI: -69 [da:19:1b:19:01:ce]
RSSI: -68 [da:19:1b:19:01:ce]
RSSI: -86 [da:1b:b6:57:07:6c]
RSSI: -68 [da:19:1b:19:01:ce]
RSSI: -67 [da:19:1b:29:01:fe]
RSSI: -87 [da:1b:b6:65:07:9c]
RSSI: -67 [da:19:1b:29:01:fe]
RSSI: -65 [da:19:1b:35:02:1e]
RSSI: -64 [da:19:1b:45:02:4e]
RSSI: -65 [da:19:1b:45:02:4e]
RSSI: -64 [da:19:1b:55:02:7e]
RSSI: -64 [da:19:1b:55:02:7e]
RSSI: -65 [da:19:1b:61:02:9e]
RSSI: -67 [da:19:1b:71:02:ce]
RSSI: -65 [da:19:1b:71:02:ce]
RSSI: -65 [da:19:1b:81:02:fe]
RSSI: -64 [da:19:1b:8e:03:1e]
RSSI: -63 [da:19:1b:8e:03:1e]
RSSI: -90 [da:1b:b6:d0:08:ec]
RSSI: -62 [da:19:1b:9e:03:4e]
RSSI: -62 [da:19:1b:9e:03:4e]
RSSI: -65 [da:19:1b:ad:03:7e]
RSSI: -65 [da:19:1b:ad:03:7e]
RSSI: -62 [da:19:1b:ba:03:9e]
RSSI: -65 [da:19:1b:ba:03:9e]
RSSI: -91 [da:1b:b7:06:09:9c]
RSSI: -62 [da:19:1b:ca:03:ce]
RSSI: -61 [da:19:1b:d9:03:fe]
RSSI: -62 [da:19:1b:d9:03:fe]
RSSI: -60 [da:19:1b:e6:04:1e]
RSSI: -62 [da:19:1b:e6:04:1e]
RSSI: -58 [da:19:1b:f6:04:4e]
RSSI: -62 [da:19:1c:06:04:7e]
RSSI: -63 [da:19:1c:12:04:9e]
RSSI: -63 [da:19:1c:12:04:9e]
RSSI: -61 [da:19:1c:12:04:9e]
RSSI: -61 [da:19:1c:12:04:9e]
RSSI: -62 [da:19:1c:22:04:ce]
RSSI: -56 [da:19:1c:32:04:fe]
RSSI: -59 [da:19:1c:3f:05:1e]
RSSI: -88 [da:1b:b7:7f:0b:1c]
RSSI: -61 [da:19:1c:4f:05:4e]
RSSI: -59 [da:19:1c:4f:05:4e]
RSSI: -61 [da:19:1c:5e:05:7e]
RSSI: -57 [da:19:1c:6b:05:9e]
RSSI: -61 [da:19:1c:6b:05:9e]
RSSI: -89 [da:1b:b7:b3:0b:cc]
RSSI: -58 [da:19:1c:7b:05:ce]
RSSI: -58 [da:19:1c:7b:05:ce]
RSSI: -62 [da:19:1c:8b:05:fe]
RSSI: -61 [da:19:1c:8b:05:fe]
RSSI: -63 [da:19:1c:97:06:1e]
RSSI: -63 [da:19:1c:97:06:1e]
RSSI: -90 [da:1b:b7:dc:0c:4c]
RSSI: -65 [da:19:1c:a7:06:4e]
RSSI: -89 [da:1b:b7:ea:0c:7c]
RSSI: -66 [da:19:1c:b7:06:7e]
RSSI: -65 [da:19:1c:b7:06:7e]
RSSI: -69 [da:19:1c:c4:06:9e]
RSSI: -70 [da:19:1c:d4:06:ce]
RSSI: -72 [da:19:1c:d4:06:ce]
RSSI: -70 [da:19:1c:e3:06:fe]
RSSI: -72 [da:19:1c:e3:06:fe]
RSSI: -70 [da:19:1c:f0:07:1e]
RSSI: -70 [da:19:1d:00:07:4e]
RSSI: -90 [da:1b:b8:3a:0d:7c]
RSSI: -69 [da:19:1d:00:07:4e]
RSSI: -68 [da:19:1d:10:07:7e]
RSSI: -89 [da:1b:b8:48:0d:ac]
RSSI: -69 [da:19:1d:10:07:7e]
RSSI: -90 [da:1b:b8:48:0d:ac]
RSSI: -85 [da:1b:b8:55:0d:cc]
RSSI: -68 [da:19:1d:1c:07:9e]
RSSI: -86 [da:1b:b8:55:0d:cc]
RSSI: -69 [da:19:1d:1c:07:9e]
RSSI: -84 [da:1b:b8:63:0d:fc]
RSSI: -70 [da:19:1d:2c:07:ce]
RSSI: -86 [da:1b:b8:70:0e:2c]
RSSI: -70 [da:19:1d:2c:07:ce]
RSSI: -86 [da:1b:b8:70:0e:2c]
RSSI: -71 [da:19:1d:3c:07:fe]
RSSI: -72 [da:19:1d:3c:07:fe]
RSSI: -85 [da:1b:b8:7d:0e:4c]
RSSI: -72 [da:19:1d:49:08:1e]
RSSI: -85 [da:1b:b8:8b:0e:7c]
RSSI: -73 [da:19:1d:59:08:4e]
RSSI: -73 [da:19:1d:59:08:4e]
RSSI: -70 [da:19:1d:68:08:7e]
RSSI: -88 [da:1b:b8:a5:0e:cc]
RSSI: -87 [da:1b:b8:a5:0e:cc]
RSSI: -92 [da:1b:b8:b3:0e:fc]
RSSI: -70 [da:19:1d:75:08:9e]
RSSI: -93 [da:1b:b8:b3:0e:fc]
RSSI: -88 [da:1b:b8:b3:0e:fc]
RSSI: -72 [da:19:1d:85:08:ce]
RSSI: -87 [da:1b:b8:c1:0f:2c]
RSSI: -71 [da:19:1d:85:08:ce]
RSSI: -76 [da:19:1d:95:08:ee]
RSSI: -72 [da:19:1d:95:08:ee]
RSSI: -90 [da:1b:b8:dc:0f:7c]
RSSI: -94 [da:16:14:90:01:8a]
RSSI: -76 [da:19:1d:a1:09:1e]
RSSI: -86 [da:1b:b8:dc:0f:7c]
RSSI: -85 [da:1b:b8:ea:0f:ac]
RSSI: -75 [da:19:1d:b1:09:4e]
RSSI: -86 [da:1b:b8:f6:0f:dc]
RSSI: -93 [da:16:14:9f:01:ba]
RSSI: -86 [da:1b:b8:f6:0f:dc]
RSSI: -73 [da:19:1d:c1:09:7e]
RSSI: -88 [da:1b:b9:04:10:0c]
RSSI: -74 [da:19:1d:ce:09:9e]
RSSI: -73 [da:19:1d:ce:09:9e]
RSSI: -86 [da:1b:b9:12:10:2c]
RSSI: -75 [da:19:1d:de:09:ce]
RSSI: -89 [da:1b:b9:1f:10:5c]
RSSI: -74 [da:19:1d:de:09:ce]
RSSI: -74 [da:19:1d:ee:09:fe]
RSSI: -74 [da:19:1d:ee:09:fe]
RSSI: -89 [da:1b:b9:2d:10:8c]
RSSI: -89 [da:16:14:d9:02:5a]
RSSI: -87 [da:1b:b9:2d:10:8c]
RSSI: -74 [da:19:1d:fa:0a:1e]
RSSI: -91 [da:16:14:e6:02:8a]
RSSI: -87 [da:1b:b9:3a:10:ac]
RSSI: -94 [da:16:14:f6:02:aa]
RSSI: -73 [da:19:1e:0a:0a:4e]
RSSI: -87 [da:1b:b9:47:10:dc]
RSSI: -90 [da:1b:b9:55:11:0c]
RSSI: -89 [da:16:15:05:02:da]
RSSI: -90 [da:1b:b9:55:11:0c]
RSSI: -71 [da:19:1e:1a:0a:7e]
RSSI: -89 [da:1b:b9:55:11:0c]
RSSI: -89 [da:1b:b9:63:11:2c]
RSSI: -70 [da:19:1e:27:0a:9e]
RSSI: -89 [da:16:15:11:02:fa]
RSSI: -90 [da:1b:b9:6f:11:5c]
RSSI: -87 [da:16:15:21:03:2a]
RSSI: -94 [da:1b:b9:6f:11:5c]
RSSI: -74 [da:19:1e:37:0a:ce]
RSSI: -73 [da:19:1e:47:0a:fe]
RSSI: -74 [da:19:1e:53:0b:1e]
RSSI: -92 [da:16:15:3d:03:7a]
RSSI: -85 [da:1b:b9:98:11:dc]
RSSI: -73 [da:19:1e:63:0b:4e]
RSSI: -90 [da:16:15:4c:03:9a]
RSSI: -72 [da:19:1e:63:0b:4e]
RSSI: -90 [da:1b:b9:a6:12:0c]
RSSI: -86 [da:16:15:5b:03:ca]
RSSI: -70 [da:19:1e:73:0b:7e]
RSSI: -91 [da:1b:b9:b4:12:2c]
RSSI: -91 [da:16:15:68:03:ea]
RSSI: -71 [da:19:1e:80:0b:ae]
RSSI: -90 [da:1b:b9:c0:12:5c]
RSSI: -69 [da:19:1e:80:0b:ae]
RSSI: -91 [da:1b:b9:c0:12:5c]
RSSI: -91 [da:16:15:78:04:1a]
RSSI: -88 [da:1b:b9:ce:12:7c]
RSSI: -71 [da:19:1e:90:0b:ce]
RSSI: -90 [da:16:15:78:04:1a]
RSSI: -86 [da:1b:b9:ce:12:7c]
RSSI: -74 [da:19:1e:a0:0b:fe]
RSSI: -91 [da:16:15:87:04:4a]
RSSI: -89 [da:1b:b9:dc:12:ac]
RSSI: -73 [da:19:1e:a0:0b:fe]
RSSI: -88 [da:1b:b9:dc:12:ac]
RSSI: -72 [da:19:1e:ac:0c:2e]
RSSI: -75 [da:19:1e:ac:0c:2e]
RSSI: -92 [da:16:15:a3:04:9a]
RSSI: -89 [da:1b:b9:f7:12:fc]
RSSI: -89 [da:16:15:a3:04:9a]
RSSI: -73 [da:19:1e:bc:0c:4e]
RSSI: -92 [da:1b:b9:f7:12:fc]
RSSI: -91 [da:16:15:b2:04:ba]
RSSI: -86 [da:1b:ba:05:13:2c]
RSSI: -91 [da:16:15:b2:04:ba]
RSSI: -74 [da:19:1e:cc:0c:7e]
RSSI: -87 [da:1b:ba:05:13:2c]
RSSI: -92 [da:16:15:b2:04:ba]
RSSI: -74 [da:19:1e:d9:0c:ae]
RSSI: -85 [da:1b:ba:11:13:4c]
RSSI: -73 [da:19:1e:d9:0c:ae]
RSSI: -73 [da:19:1e:d9:0c:ae]
RSSI: -92 [da:16:15:ce:05:0a]
RSSI: -87 [da:1b:ba:1f:13:7c]
RSSI: -93 [da:16:15:ce:05:0a]
RSSI: -73 [da:19:1e:e9:0c:de]
RSSI: -89 [da:1b:ba:2d:13:ac]
RSSI: -95 [da:16:15:de:05:3a]
RSSI: -73 [da:19:1e:f9:0c:fe]
RSSI: -88 [da:1b:ba:3a:13:dc]
RSSI: -98 [da:16:15:ea:05:5a]
RSSI: -75 [da:19:1f:05:0d:2e]
RSSI: -97 [da:16:15:ea:05:5a]
RSSI: -75 [da:19:1f:05:0d:2e]
RSSI: -89 [da:1b:ba:48:13:fc]
RSSI: -84 [da:1b:ba:48:13:fc]
RSSI: -78 [da:19:1f:15:0d:5e]
RSSI: -78 [da:19:1f:15:0d:5e]
RSSI: -83 [da:1b:ba:56:14:2c]
RSSI: -81 [da:1b:ba:62:14:5c]
RSSI: -78 [da:19:1f:25:0d:8e]
RSSI: -80 [da:1b:ba:62:14:5c]
RSSI: -76 [da:19:1f:32:0d:ae]
RSSI: -81 [da:1b:ba:70:14:7c]
RSSI: -79 [da:19:1f:32:0d:ae]
RSSI: -79 [da:1b:ba:7e:14:ac]
RSSI: -75 [da:19:1f:42:0d:de]
RSSI: -76 [da:1b:ba:7e:14:ac]
RSSI: -96 [da:16:16:35:06:3a]
RSSI: -79 [da:19:1f:52:0e:0e]
RSSI: -80 [da:1b:ba:8b:14:dc]
RSSI: -77 [da:19:1f:52:0e:0e]
RSSI: -80 [da:1b:ba:8b:14:dc]
RSSI: -93 [da:16:16:41:06:5a]
RSSI: -79 [da:19:1f:5f:0e:2e]
RSSI: -86 [da:1b:ba:99:15:0c]
RSSI: -77 [da:19:1f:5f:0e:2e]
RSSI: -83 [da:1b:ba:a7:15:2c]
RSSI: -79 [da:19:1f:6f:0e:5e]
RSSI: -87 [da:1b:ba:b4:15:5c]
RSSI: -74 [da:19:1f:7f:0e:8e]
RSSI: -80 [da:1b:ba:c2:15:8c]
RSSI: -78 [da:1b:ba:c2:15:8c]
RSSI: -77 [da:19:1f:8b:0e:ae]
RSSI: -76 [da:1b:ba:c2:15:8c]
RSSI: -76 [da:19:1f:8b:0e:ae]
RSSI: -76 [da:1b:ba:cf:15:ac]
RSSI: -74 [da:1b:ba:cf:15:ac]
RSSI: -78 [da:19:1f:9b:0e:de]
RSSI: -72 [da:1b:ba:dc:15:dc]
RSSI: -78 [da:19:1f:9b:0e:de]
RSSI: -95 [da:16:16:8b:07:2a]
RSSI: -72 [da:1b:ba:dc:15:dc]
RSSI: -78 [da:19:1f:ab:0f:0e]
RSSI: -71 [da:1b:ba:ea:16:0c]
RSSI: -69 [da:1b:ba:ea:16:0c]
RSSI: -96 [da:16:16:98:07:4a]
RSSI: -80 [da:19:1f:b8:0f:2e]
RSSI: -68 [da:1b:ba:f8:16:2c]
RSSI: -67 [da:1b:bb:05:16:5c]
RSSI: -79 [da:19:1f:d8:0f:8e]
RSSI: -66 [da:1b:bb:13:00:0c]
RSSI: -79 [da:19:1f:d8:0f:8e]
RSSI: -68 [da:1b:bb:21:00:2c]
RSSI: -81 [da:19:1f:e4:0f:ae]
RSSI: -66 [da:1b:bb:21:00:2c]
RSSI: -81 [da:19:1f:e4:0f:ae]
RSSI: -67 [da:1b:bb:2d:00:5c]
RSSI: -68 [da:1b:bb:2d:00:5c]
RSSI: -83 [da:19:1f:f5:0f:de]
RSSI: -67 [da:1b:bb:3b:00:8c]
RSSI: -81 [da:19:20:04:10:0e]
RSSI: -66 [da:1b:bb:3b:00:8c]
RSSI: -80 [da:19:20:04:10:0e]
RSSI: -68 [da:1b:bb:49:00:ac]
RSSI: -68 [da:1b:bb:49:00:ac]
RSSI: -67 [da:1b:bb:49:00:ac]
RSSI: -94 [da:16:16:ff:08:7a]
RSSI: -69 [da:1b:bb:56:00:dc]
RSSI: -83 [da:19:20:21:10:5e]
RSSI: -69 [da:1b:bb:56:00:dc]
RSSI: -66 [da:1b:bb:64:01:0c]
RSSI: -83 [da:19:20:31:10:8e]
RSSI: -69 [da:1b:bb:72:01:2c]
RSSI: -68 [da:1b:bb:72:01:2c]
RSSI: -75 [da:19:20:3e:10:ae]
RSSI: -85 [da:19:20:3e:10:ae]
RSSI: -71 [da:1b:bb:7f:01:5c]
RSSI: -91 [da:19:20:4e:10:de]
RSSI: -69 [da:1b:bb:8d:01:8c]
RSSI: -69 [da:1b:bb:8d:01:8c]
RSSI: -88 [da:19:20:5e:11:0e]
RSSI: -71 [da:1b:bb:9b:01:bc]
RSSI: -92 [da:19:20:6a:11:2e]
RSSI: -74 [da:1b:bb:a7:01:dc]
RSSI: -89 [da:19:20:6a:11:2e]
RSSI: -74 [da:1b:bb:a7:01:dc]
RSSI: -76 [da:1b:bb:b5:02:0c]
RSSI: -87 [da:19:20:7b:11:5e]
RSSI: -79 [da:1b:bb:b5:02:0c]
RSSI: -78 [da:1b:bb:c3:02:3c]
RSSI: -80 [da:19:20:8a:11:8e]
RSSI: -83 [da:1b:bb:c3:02:3c]
RSSI: -83 [da:19:20:8a:11:8e]
RSSI: -85 [da:1b:bb:d0:02:5c]
RSSI: -92 [da:1b:bb:d0:02:5c]
RSSI: -81 [da:19:20:97:11:be]
RSSI: -80 [da:19:20:a7:11:de]
RSSI: -81 [da:1b:bb:ec:02:bc]
RSSI: -77 [da:19:20:b7:12:0e]
RSSI: -78 [da:1b:bb:f9:02:dc]
RSSI: -85 [da:19:20:c4:12:3e]
RSSI: -85 [da:19:20:c4:12:3e]
RSSI: -77 [da:19:20:c4:12:3e]
RSSI: -79 [da:1b:bc:07:03:0c]
RSSI: -77 [da:1b:bc:07:03:0c]
RSSI: -78 [da:19:20:d4:12:6e]
RSSI: -78 [da:1b:bc:15:03:2c]
RSSI: -78 [da:1b:bc:15:03:2c]
RSSI: -79 [da:1b:bc:15:03:2c]
RSSI: -77 [da:19:20:e4:12:8e]
RSSI: -79 [da:1b:bc:21:03:5c]
RSSI: -78 [da:19:20:e4:12:8e]
RSSI: -83 [da:1b:bc:21:03:5c]
RSSI: -88 [da:1b:bc:3d:03:ac]
RSSI: -76 [da:19:21:01:12:de]
RSSI: -86 [da:1b:bc:3d:03:ac]
RSSI: -78 [da:19:21:11:13:0e]
RSSI: -87 [da:1b:bc:4a:03:dc]
RSSI: -83 [da:19:21:11:13:0e]
RSSI: -86 [da:1b:bc:4a:03:dc]
RSSI: -90 [da:1b:bc:58:04:0c]
RSSI: -77 [da:19:21:1d:13:2e]
RSSI: -76 [da:19:21:2d:13:5e]
RSSI: -84 [da:1b:bc:66:04:2c]
RSSI: -76 [da:19:21:2d:13:5e]
RSSI: -83 [da:1b:bc:66:04:2c]
RSSI: -75 [da:19:21:3d:13:8e]
RSSI: -83 [da:1b:bc:78:04:6c]
RSSI: -76 [da:19:21:3d:13:8e]
RSSI: -83 [da:1b:bc:78:04:6c]
RSSI: -77 [da:19:21:4a:13:ae]
RSSI: -88 [da:1b:bc:88:04:9c]
RSSI: -77 [da:19:21:4a:13:ae]
RSSI: -85 [da:1b:bc:88:04:9c]
RSSI: -84 [da:1b:bc:96:04:cc]
RSSI: -78 [da:19:21:5a:13:de]
RSSI: -90 [da:1b:bc:96:04:cc]
RSSI: -80 [da:19:21:5a:13:de]
RSSI: -77 [da:19:21:6a:14:0e]
RSSI: -81 [da:19:21:6a:14:0e]
RSSI: -76 [da:19:21:77:14:2e]
RSSI: -86 [da:1b:bc:b1:05:1c]
RSSI: -81 [da:19:21:77:14:2e]
RSSI: -82 [da:1b:bc:bf:05:4c]
RSSI: -77 [da:19:21:87:14:5e]
RSSI: -77 [da:19:21:87:14:5e]
RSSI: -82 [da:1b:bc:cc:05:7c]
RSSI: -82 [da:19:21:97:14:8e]
RSSI: -81 [da:19:21:97:14:8e]
RSSI: -84 [da:1b:bc:da:05:9c]
RSSI: -81 [da:19:21:a4:14:ae]
RSSI: -85 [da:1b:bc:e8:05:cc]
RSSI: -90 [da:1b:bc:e8:05:cc]
RSSI: -81 [da:19:21:b4:14:de]
RSSI: -85 [da:1b:bc:f5:05:fc]
RSSI: -79 [da:19:21:b4:14:de]
RSSI: -84 [da:1b:bc:f5:05:fc]
RSSI: -81 [da:19:21:c4:15:0e]
RSSI: -81 [da:19:21:c4:15:0e]
RSSI: -82 [da:1b:bd:03:06:1c]
RSSI: -75 [da:19:21:d0:15:2e]
RSSI: -76 [da:19:21:d0:15:2e]
RSSI: -78 [da:19:21:e0:15:5e]
RSSI: -85 [da:1b:bd:1d:06:7c]
RSSI: -76 [da:19:21:e0:15:5e]
RSSI: -80 [da:19:21:f1:15:8e]
RSSI: -85 [da:1b:bd:2b:06:9c]
RSSI: -77 [da:19:21:fd:15:ae]
RSSI: -76 [da:19:21:fd:15:ae]
RSSI: -87 [da:1b:bd:46:06:fc]
RSSI: -86 [da:1b:SI: -80 [da:16:1d:87:04:da]
RSSI: -76 [da:1b:c1:e1:15:ac]
RSSI: -69 [da:19:26:a5:0c:be]
RSSI: -73 [da:1b:c1:e1:15:ac]
RSSI: -82 [da:16:1d:97:05:0a]
RSSI: -70 [da:19:26:b2:0c:de]
RSSI: -72 [da:1b:c1:ed:15:cc]
RSSI: -73 [da:1b:c1:ed:15:cc]
RSSI: -68 [da:19:26:bf:0d:0e]
RSSI: -84 [da:16:1d:a3:05:2a]
RSSI: -68 [da:1b:c1:fc:15:fc]
RSSI: -86 [da:16:1d:b3:05:5a]
RSSI: -69 [da:1b:c2:0a:16:2c]
RSSI: -71 [da:19:26:cb:0d:2e]
RSSI: -86 [da:16:1d:b3:05:5a]
RSSI: -67 [da:1b:c2:0a:16:2c]
RSSI: -70 [da:19:26:d8:0d:4e]
RSSI: -88 [da:16:1d:c3:05:8a]
RSSI: -67 [da:1b:c2:17:16:5c]
RSSI: -75 [da:19:26:e5:0d:7e]
RSSI: -75 [da:19:26:e5:0d:7e]
RSSI: -65 [da:1b:c2:25:16:7c]
RSSI: -76 [da:19:26:f1:0d:9e]
RSSI: -64 [da:1b:c2:33:00:2c]
RSSI: -68 [da:19:26:fe:0d:be]
RSSI: -66 [da:1b:c2:40:00:5c]
RSSI: -72 [da:19:27:0b:0d:ee]
RSSI: -64 [da:1b:c2:40:00:5c]
RSSI: -69 [da:19:27:0b:0d:ee]
RSSI: -64 [da:1b:c2:4f:00:8c]
RSSI: -69 [da:1b:c2:4f:00:8c]
RSSI: -64 [da:1b:c2:5d:00:bc]
RSSI: -69 [da:19:27:25:0e:2e]
RSSI: -64 [da:1b:c2:5d:00:bc]
RSSI: -66 [da:1b:c2:69:00:dc]
RSSI: -71 [da:19:27:32:0e:4e]
RSSI: -64 [da:1b:c2:69:00:dc]
RSSI: -72 [da:19:27:32:0e:4e]
RSSI: -73 [da:19:27:3e:0e:7e]
RSSI: -66 [da:1b:c2:78:01:0c]
RSSI: -71 [da:19:27:4b:0e:9e]
RSSI: -64 [da:1b:c2:86:01:3c]
RSSI: -78 [da:19:27:58:0e:be]
RSSI: -66 [da:1b:c2:93:01:5c]
RSSI: -93 [da:16:1e:47:07:0a]
RSSI: -68 [da:1b:c2:a1:01:8c]
RSSI: -78 [da:19:27:65:0e:de]
RSSI: -69 [da:1b:c2:a1:01:8c]
RSSI: -68 [da:1b:c2:a1:01:8c]
RSSI: -69 [da:1b:c2:b0:01:bc]
RSSI: -71 [da:1b:c2:b0:01:bc]
RSSI: -77 [da:19:27:7f:0f:2e]
RSSI: -75 [da:19:27:7f:0f:2e]
RSSI: -71 [da:1b:c2:bc:01:dc]
RSSI: -72 [da:1b:c2:bc:01:dc]
RSSI: -74 [da:19:27:8b:0f:4e]
RSSI: -75 [da:1b:c2:cb:02:0c]
RSSI: -75 [da:1b:c2:cb:02:0c]
RSSI: -73 [da:19:27:98:0f:7e]
RSSI: -84 [da:1b:c2:d9:02:3c]
RSSI: -73 [da:19:27:a5:0f:9e]
RSSI: -72 [da:19:27:a5:0f:9e]
RSSI: -81 [da:1b:c2:e6:02:5c]
RSSI: -73 [da:19:27:b2:0f:ce]
RSSI: -75 [da:1b:c2:f4:02:8c]
RSSI: -76 [da:19:27:bf:0f:ee]
RSSI: -81 [da:1b:c3:02:02:bc]
RSSI: -74 [da:19:27:cc:10:0e]
RSSI: -77 [da:1b:c3:02:02:bc]
RSSI: -72 [da:19:27:cc:10:0e]
RSSI: -79 [da:1b:c3:0f:02:ec]
RSSI: -75 [da:19:27:d8:10:3e]
RSSI: -79 [da:1b:c3:0f:02:ec]
RSSI: -75 [da:1b:c3:1e:03:1c]
RSSI: -81 [da:1b:c3:38:03:6c]
RSSI: -79 [da:19:27:ff:10:ae]
RSSI: -83 [da:1b:c3:38:03:6c]
RSSI: -84 [da:19:28:0c:10:ce]
RSSI: -80 [da:19:28:19:10:ee]
RSSI: -88 [da:19:28:19:10:ee]
RSSI: -82 [da:19:28:25:11:1e]
RSSI: -90 [da:1b:c3:62:03:ec]
RSSI: -77 [da:19:28:32:11:3e]
RSSI: -89 [da:1b:c3:70:04:1c]
RSSI: -83 [da:19:28:3f:11:6e]
RSSI: -86 [da:19:28:3f:11:6e]
RSSI: -84 [da:1b:c3:7f:04:4c]
RSSI: -86 [da:1b:c3:7f:04:4c]
RSSI: -84 [da:19:28:4c:11:8e]
RSSI: -84 [da:1b:c3:8b:04:6c]
RSSI: -75 [da:19:28:59:11:ae]
RSSI: -87 [da:1b:c3:9a:04:9c]
RSSI: -85 [da:19:28:66:11:de]
RSSI: -84 [da:1b:c3:9a:04:9c]
RSSI: -92 [da:1b:c3:b5:04:fc]
RSSI: -74 [da:19:28:80:12:1e]
RSSI: -86 [da:19:28:8d:12:3e]
RSSI: -84 [da:1b:c3:c3:05:1c]
RSSI: -87 [da:1b:c3:d2:05:4c]
RSSI: -87 [da:19:28:b3:12:ae]
RSSI: -89 [da:1b:c3:ed:05:ac]
RSSI: -93 [da:19:28:c0:12:ce]
RSSI: -86 [da:1b:c3:fb:05:cc]
RSSI: -92 [da:19:28:c0:12:ce]
RSSI: -88 [da:19:28:c0:12:ce]
RSSI: -92 [da:1b:c3:fb:05:cc]
RSSI: -83 [da:1b:c4:08:05:fc]
RSSI: -86 [da:19:28:da:13:1e]
RSSI: -86 [da:1b:c4:16:06:2c]
RSSI: -82 [da:1b:c4:16:06:2c]
RSSI: -82 [da:1b:c4:16:06:2c]
RSSI: -84 [da:19:28:e6:13:3e]
RSSI: -82 [da:1b:c4:25:06:5c]
RSSI: -82 [da:19:28:e6:13:3e]
RSSI: -85 [da:1b:c4:25:06:5c]
RSSI: -88 [da:19:28:f3:13:6e]
RSSI: -84 [da:1b:c4:31:06:7c]
RSSI: -78 [da:19:29:00:13:8e]
RSSI: -76 [da:19:29:0d:13:ae]
RSSI: -78 [da:19:29:1a:13:de]
RSSI: -86 [da:1b:c4:5b:07:0c]
RSSI: -87 [da:1b:c4:5b:07:0c]
RSSI: -76 [da:19:29:27:13:fe]
RSSI: -88 [da:1b:c4:5b:07:0c]
RSSI: -75 [da:19:29:34:14:1e]
RSSI: -86 [da:1b:c4:78:07:5c]
RSSI: -97 [da:16:20:1f:0c:4a]
RSSI: -81 [da:19:29:41:14:4e]
RSSI: -81 [da:19:29:41:14:4e]
RSSI: -88 [da:1b:c4:84:07:8c]
RSSI: -76 [da:19:29:4e:14:6e]
RSSI: -74 [da:19:29:5a:14:8e]
RSSI: -76 [da:19:29:5a:14:8e]
RSSI: -97 [da:16:20:5b:0c:fa]
RSSI: -89 [da:1b:c4:ae:08:0c]
RSSI: -76 [da:19:29:74:14:de]
RSSI: -76 [da:19:29:81:14:fe]
RSSI: -88 [da:1b:c4:bd:08:3c]
RSSI: -78 [da:19:29:81:14:fe]
RSSI: -74 [da:19:29:8e:15:1e]
RSSI: -77 [da:19:29:8e:15:1e]
RSSI: -95 [da:16:20:78:0d:4a]
RSSI: -81 [da:19:29:9b:15:3e]
RSSI: -82 [da:1b:c4:d8:08:9c]
RSSI: -76 [da:19:29:a8:15:5e]
RSSI: -81 [da:19:29:a8:15:5e]
RSSI: -83 [da:1b:c4:e6:08:cc]
RSSI: -85 [da:19:29:b5:15:8e]
RSSI: -75 [da:19:29:b5:15:8e]
RSSI: -84 [da:1b:c4:f5:08:ec]
RSSI: -80 [da:19:29:c2:15:ae]
RSSI: -80 [da:1b:c4:f5:08:ec]
RSSI: -79 [da:19:29:c2:15:ae]
RSSI: -79 [da:1b:c5:01:09:1c]
RSSI: -83 [da:1b:c5:01:09:1c]
RSSI: -81 [da:19:29:ce:15:ce]
RSSI: -81 [da:1b:c5:10:09:4c]
RSSI: -82 [da:19:29:dc:15:ee]
RSSI: -82 [da:1b:c5:10:09:4c]
RSSI: -84 [da:19:29:dc:15:ee]
RSSI: -84 [da:1b:c5:1e:09:7c]
RSSI: -81 [da:19:29:e9:16:1e]
RSSI: -84 [da:1b:c5:1e:09:7c]
RSSI: -81 [da:19:29:e9:16:1e]
RSSI: -79 [da:19:29:e9:16:1e]
RSSI: -78 [da:19:29:f5:16:3e]
RSSI: -86 [da:1b:c5:39:09:cc]
RSSI: -76 [da:19:2a:02:16:5e]
RSSI: -93 [da:1b:c5:39:09:cc]
RSSI: -77 [da:19:2a:02:16:5e]
RSSI: -75 [da:19:2a:0f:00:2e]
RSSI: -75 [da:19:2a:0f:00:2e]
RSSI: -75 [da:19:2a:1c:00:4e]
RSSI: -74 [da:19:2a:1c:00:4e]
RSSI: -83 [da:1b:c5:54:0a:2c]
RSSI: -74 [da:19:2a:1c:00:4e]
RSSI: -76 [da:19:2a:29:00:6e]
RSSI: -73 [da:19:2a:29:00:6e]
RSSI: -74 [da:19:2a:36:00:9e]
RSSI: -84 [da:1b:c5:71:0a:7c]
RSSI: -77 [da:19:2a:36:00:9e]
RSSI: -81 [da:1b:c5:71:0a:7c]
RSSI: -73 [da:19:2a:43:00:be]
RSSI: -74 [da:19:2a:43:00:be]
RSSI: -86 [da:1b:c5:7e:0a:ac]
RSSI: -75 [da:19:2a:43:00:be]
RSSI: -78 [da:19:2a:50:00:de]
RSSI: -73 [da:19:2a:50:00:de]
RSSI: -86 [da:1b:c5:9b:0b:0c]
RSSI: -78 [da:19:2a:5d:01:0e]
RSSI: -90 [da:1b:c5:9b:0b:0c]
RSSI: -75 [da:19:2a:69:01:2e]
RSSI: -77 [da:19:2a:69:01:2e]
RSSI: -92 [da:1b:c5:a8:0b:2c]
RSSI: -86 [da:1b:c5:a8:0b:2c]
RSSI: -82 [da:19:2a:77:01:4e]
RSSI: -91 [da:1b:c5:b6:0b:5c]
RSSI: -78 [da:19:2a:77:01:4e]
RSSI: -82 [da:19:2a:84:01:7e]
RSSI: -85 [da:19:2a:84:01:7e]
RSSI: -92 [da:1b:c5:c5:0b:8c]
RSSI: -85 [da:19:2a:90:01:9e]
RSSI: -93 [da:19:2a:90:01:9e]
RSSI: -87 [da:1b:c5:d1:0b:bc]
RSSI: -92 [da:19:2a:9d:01:be]
RSSI: -92 [da:19:2a:9d:01:be]
RSSI: -81 [da:19:2a:aa:01:ee]
RSSI: -91 [da:1b:c5:fb:0c:3c]
RSSI: -79 [da:19:2a:c4:02:3e]
RSSI: -90 [da:1b:c5:fb:0c:3c]
RSSI: -80 [da:19:2a:d1:02:5e]
RSSI: -94 [da:1b:c6:0a:0c:6c]
RSSI: -76 [da:19:2a:d1:02:5e]
RSSI: -95 [da:1b:c6:0a:0c:6c]
RSSI: -77 [da:19:2a:de:02:7e]
RSSI: -75 [da:19:2a:de:02:7e]
RSSI: -74 [da:19:2a:eb:02:ae]
RSSI: -71 [da:19:2a:f8:02:ce]
RSSI: -90 [da:1b:c6:33:0c:ec]
RSSI: -72 [da:19:2a:f8:02:ce]
RSSI: -71 [da:19:2b:05:02:ee]
RSSI: -95 [da:1b:c6:42:0d:1c]
RSSI: -71 [da:19:2b:05:02:ee]
RSSI: -96 [da:1b:c6:42:0d:1c]
RSSI: -69 [da:19:2b:12:03:1e]
RSSI: -95 [da:16:21:f8:11:9a]
RSSI: -73 [da:19:2b:1f:03:3e]
RSSI: -68 [da:19:2b:2c:03:5e]
RSSI: -69 [da:19:2b:2c:03:5e]
RSSI: -98 [da:16:22:18:11:ea]
RSSI: -69 [da:19:2b:2c:03:5e]
RSSI: -91 [da:1b:c6:6c:0d:ac]
RSSI: -69 [da:19:2b:39:03:7e]
RSSI: -88 [da:1b:c6:78:0d:cc]
RSSI: -75 [da:19:2b:46:03:ae]
RSSI: -74 [da:19:2b:52:03:ce]
RSSI: -88 [da:1b:c6:87:0d:fc]
RSSI: -89 [da:1b:c6:95:0e:2c]
RSSI: -86 [da:1b:c6:95:0e:2c]
RSSI: -74 [da:19:2b:60:03:ee]
RSSI: -85 [da:1b:c6:a2:0e:5c]
RSSI: -70 [da:19:2b:6d:04:1e]
RSSI: -87 [da:1b:c6:a2:0e:5c]
RSSI: -85 [da:1b:c6:b1:0e:8c]
RSSI: -84 [da:1b:c6:b1:0e:8c]
RSSI: -71 [da:19:2b:79:04:3e]
RSSI: -85 [da:1b:c6:b1:0e:8c]
RSSI: -70 [da:19:2b:87:04:6e]
RSSI: -84 [da:1b:c6:bf:0e:bc]
RSSI: -68 [da:19:2b:87:04:6e]
RSSI: -86 [da:1b:c6:cc:0e:dc]
RSSI: -67 [da:19:2b:94:04:8e]
RSSI: -87 [da:1b:c6:cc:0e:dc]
RSSI: -86 [da:1b:c6:db:0f:0c]
RSSI: -67 [da:19:2b:a0:04:ae]
RSSI: -89 [da:1b:c6:db:0f:0c]
RSSI: -94 [da:16:22:8e:13:3a]
RSSI: -67 [da:19:2b:ad:04:de]
RSSI: -88 [da:1b:c6:e9:0f:3c]
RSSI: -68 [da:19:2b:ad:04:de]
RSSI: -85 [da:1b:c6:e9:0f:3c]
RSSI: -97 [da:16:22:9e:13:6a]
RSSI: -88 [da:1b:c6:f6:0f:6c]
RSSI: -70 [da:19:2b:c7:05:1e]
RSSI: -87 [da:1b:c7:04:0f:9c]
RSSI: -69 [da:19:2b:d4:05:4e]
RSSI: -87 [da:1b:c7:13:0f:cc]
RSSI: -71 [da:19:2b:d4:05:4e]
RSSI: -87 [da:1b:c7:13:0f:cc]
RSSI: -77 [da:19:2b:e1:05:6e]
RSSI: -69 [da:19:2b:e1:05:6e]
RSSI: -91 [da:1b:c7:20:0f:ec]
RSSI: -70 [da:19:2b:ee:05:8e]
RSSI: -70 [da:19:2b:ee:05:8e]
RSSI: -94 [da:16:22:d7:14:1a]
RSSI: -85 [da:1b:c7:2e:10:1c]
RSSI: -93 [da:16:22:d7:14:1a]
RSSI: -67 [da:19:2b:fb:05:be]
RSSI: -91 [da:1b:c7:3d:10:4c]
RSSI: -68 [da:19:2b:fb:05:be]
RSSI: -68 [da:19:2c:08:05:de]
RSSI: -66 [da:19:2c:08:05:de]
RSSI: -66 [da:19:2c:15:05:fe]
RSSI: -89 [da:1b:c7:49:10:6c]
RSSI: -64 [da:19:2c:15:05:fe]
RSSI: -64 [da:19:2c:22:06:2e]
RSSI: -61 [da:19:2c:2f:06:4e]
RSSI: -62 [da:19:2c:2f:06:4e]
RSSI: -89 [da:1b:c7:73:10:fc]
RSSI: -61 [da:19:2c:3c:06:6e]
RSSI: -89 [da:1b:c7:73:10:fc]
RSSI: -60 [da:19:2c:3c:06:6e]
RSSI: -61 [da:19:2c:49:06:9e]
RSSI: -93 [da:1b:c7:82:11:2c]
RSSI: -98 [da:16:23:31:15:0a]
RSSI: -60 [da:19:2c:49:06:9e]
RSSI: -60 [da:19:2c:49:06:9e]
RSSI: -59 [da:19:2c:56:06:be]
RSSI: -60 [da:19:2c:56:06:be]
RSSI: -95 [da:1b:c7:90:11:4c]
RSSI: -60 [da:19:2c:63:06:de]
RSSI: -94 [da:16:23:51:15:6a]
RSSI: -58 [da:19:2c:63:06:de]
RSSI: -95 [da:16:23:51:15:6a]
RSSI: -60 [da:19:2c:70:07:0e]
RSSI: -59 [da:19:2c:70:07:0e]
RSSI: -94 [da:1b:c7:ac:11:ac]
RSSI: -95 [da:16:23:5d:15:8a]
RSSI: -60 [da:19:2c:7d:07:2e]
RSSI: -59 [da:19:2c:8a:07:4e]
RSSI: -97 [da:1b:c7:c7:11:fc]
RSSI: -60 [da:19:2c:97:07:7e]
RSSI: -60 [da:19:2c:97:07:7e]
RSSI: -60 [da:19:2c:a4:07:9e]
RSSI: -60 [da:19:2c:b1:07:ce]
RSSI: -59 [da:19:2c:b1:07:ce]
RSSI: -61 [da:19:2c:be:07:ee]
RSSI: -91 [da:1b:c8:00:12:ac]
RSSI: -61 [da:19:2c:cb:08:0e]
RSSI: -92 [da:1b:c8:0e:12:dc]
RSSI: -60 [da:19:2c:d8:08:3e]
RSSI: -96 [da:1b:c8:1b:13:0c]
RSSI: -62 [da:19:2c:e5:08:5e]
RSSI: -62 [da:19:2c:e5:08:5e]
RSSI: -62 [da:19:2c:e5:08:5e]
RSSI: -92 [da:1b:c8:2a:13:3c]
RSSI: -64 [da:19:2c:f2:08:8e]
RSSI: -87 [da:1b:c8:38:13:5c]
RSSI: -88 [da:1b:c8:38:13:5c]
RSSI: -63 [da:19:2c:ff:08:ae]
RSSI: -90 [da:1b:c8:38:13:5c]
RSSI: -66 [da:19:2d:0c:08:ce]
RSSI: -88 [da:1b:c8:45:13:8c]
RSSI: -97 [da:16:24:04:01:2a]
RSSI: -90 [da:1b:c8:53:13:bc]
RSSI: -67 [da:19:2d:19:08:fe]
RSSI: -95 [da:16:24:04:01:2a]
RSSI: -90 [da:1b:c8:53:13:bc]
RSSI: -91 [da:1b:c8:62:13:ec]
RSSI: -67 [da:19:2d:26:09:1e]
RSSI: -95 [da:16:24:10:01:4a]
RSSI: -88 [da:1b:c8:62:13:ec]
RSSI: -94 [da:16:24:10:01:4a]
RSSI: -68 [da:19:2d:33:09:4e]
RSSI: -89 [da:1b:c8:6f:14:0c]
RSSI: -90 [da:16:24:21:01:7a]
RSSI: -89 [da:1b:c8:6f:14:0c]
RSSI: -90 [da:16:24:21:01:7a]
RSSI: -68 [da:19:2d:41:09:6e]
RSSI: -69 [da:19:2d:41:09:6e]
RSSI: -69 [da:19:2d:41:09:6e]
RSSI: -85 [da:1b:c8:7d:14:3c]
RSSI: -70 [da:19:2d:4d:09:8e]
RSSI: -93 [da:16:24:3d:01:ca]
RSSI: -68 [da:19:2d:5a:09:ae]
RSSI: -87 [da:1b:c8:99:14:8c]
RSSI: -87 [da:1b:c8:99:14:8c]
RSSI: -69 [da:19:2d:74:09:fe]
RSSI: -70 [da:19:2d:74:09:fe]
RSSI: -87 [da:1b:c8:b6:14:ec]
RSSI: -71 [da:19:2d:82:0a:1e]
RSSI: -71 [da:19:2d:82:0a:1e]
RSSI: -88 [da:16:24:6a:02:4a]
RSSI: -87 [da:1b:c8:c3:15:1c]
RSSI: -72 [da:19:2d:8f:0a:4e]
RSSI: -73 [da:19:2d:8f:0a:4e]
RSSI: -86 [da:16:24:7a:02:7a]
RSSI: -70 [da:19:2d:9b:0a:6e]
RSSI: -94 [da:1b:c8:d1:15:4c]
RSSI: -85 [da:16:24:8a:02:aa]
RSSI: -73 [da:19:2d:9b:0a:6e]
RSSI: -74 [da:19:2d:a9:0a:9e]
RSSI: -72 [da:19:2d:a9:0a:9e]
RSSI: -85 [da:16:24:97:02:ca]
RSSI: -82 [da:1b:c8:ed:15:9c]
RSSI: -75 [da:19:2d:b6:0a:be]
RSSI: -84 [da:16:24:97:02:ca]
RSSI: -79 [da:1b:c8:ed:15:9c]
RSSI: -75 [da:19:2d:b6:0a:be]
RSSI: -85 [da:16:24:a7:02:fa]
RSSI: -74 [da:19:2d:c2:0a:de]
RSSI: -75 [da:19:2d:c2:0a:de]
RSSI: -80 [da:1b:c8:fb:15:cc]
RSSI: -74 [da:19:2d:d0:0b:0e]
RSSI: -82 [da:16:24:c4:03:4a]
RSSI: -80 [da:1b:c9:17:16:2c]
RSSI: -75 [da:19:2d:dd:0b:2e]
RSSI: -81 [da:16:24:c4:03:4a]
RSSI: -80 [da:1b:c9:17:16:2c]
RSSI: -75 [da:19:2d:dd:0b:2e]
RSSI: -75 [da:19:2d:ea:0b:4e]
RSSI: -76 [da:19:2d:ea:0b:4e]
RSSI: -76 [da:19:2d:f7:0b:7e]
RSSI: -76 [da:19:2d:f7:0b:7e]
RSSI: -76 [da:19:2e:04:0b:9e]
RSSI: -80 [da:1b:c9:41:00:2c]
RSSI: -81 [da:16:24:f0:03:ba]
RSSI: -84 [da:1b:c9:41:00:2c]
RSSI: -80 [da:16:24:f0:03:ba]
RSSI: -76 [da:19:2e:11:0b:ce]
RSSI: -81 [da:1b:c9:4f:00:5c]
RSSI: -81 [da:1b:c9:4f:00:5c]
RSSI: -73 [da:19:2e:1e:0b:ee]
RSSI: -73 [da:19:2e:1e:0b:ee]
RSSI: -80 [da:1b:c9:5e:00:8c]
RSSI: -75 [da:19:2e:2b:0c:0e]
RSSI: -94 [da:14:41:18:00:4b]
RSSI: -81 [da:16:25:11:04:1a]
RSSI: -74 [da:19:2e:2b:0c:0e]
RSSI: -83 [da:1b:c9:6b:00:ac]
RSSI: -81 [da:16:25:1d:04:3a]
RSSI: -74 [da:19:2e:38:0c:3e]
RSSI: -93 [da:14:41:32:00:9b]
RSSI: -81 [da:1b:c9:79:00:dc]
RSSI: -84 [da:16:25:2d:04:6a]
RSSI: -74 [da:19:2e:45:0c:5e]
RSSI: -84 [da:16:25:2d:04:6a]
RSSI: -80 [da:1b:c9:88:01:0c]
RSSI: -73 [da:19:2e:53:0c:8e]
RSSI: -92 [da:14:41:3f:00:bb]
RSSI: -82 [da:1b:c9:88:01:0c]
RSSI: -84 [da:16:25:3d:04:9a]
RSSI: -7RSSI: -75 [da:19:3f:4c:10:be]
RSSI: -86 [da:19:3f:59:10:ee]
RSSI: -88 [da:16:36:4b:08:8a]
RSSI: -91 [da:16:36:4b:08:8a]
RSSI: -81 [da:19:3f:67:11:0e]
RSSI: -85 [da:19:3f:67:11:0e]
RSSI: -80 [da:19:3f:75:11:3e]
RSSI: -83 [da:19:3f:82:11:5e]
RSSI: -84 [da:19:3f:82:11:5e]
RSSI: -78 [da:19:3f:90:11:8e]
RSSI: -85 [da:19:3f:90:11:8e]
RSSI: -94 [da:16:36:80:09:1a]
RSSI: -94 [da:16:36:8d:09:4a]
RSSI: -81 [da:19:3f:ab:11:ce]
RSSI: -90 [da:1b:da:e6:0b:4c]
RSSI: -79 [da:19:3f:b9:11:fe]
RSSI: -77 [da:19:3f:c7:12:2e]
RSSI: -94 [da:16:36:b4:09:ba]
RSSI: -76 [da:19:3f:c7:12:2e]
RSSI: -78 [da:19:3f:d4:12:4e]
RSSI: -75 [da:19:3f:d4:12:4e]
RSSI: -74 [da:19:3f:e2:12:6e]
RSSI: -76 [da:19:3f:e2:12:6e]
RSSI: -75 [da:19:3f:f1:12:9e]
RSSI: -75 [da:19:3f:f1:12:9e]
RSSI: -75 [da:19:3f:f1:12:9e]
RSSI: -75 [da:19:3f:f1:12:9e]
RSSI: -75 [da:19:3f:fd:12:be]
RSSI: -77 [da:19:40:0b:12:ee]
RSSI: -77 [da:19:40:1a:13:0e]
RSSI: -76 [da:19:40:1a:13:0e]
RSSI: -93 [da:16:37:04:0a:9a]
RSSI: -76 [da:19:40:1a:13:0e]
RSSI: -78 [da:19:40:26:13:3e]
RSSI: -76 [da:19:40:26:13:3e]
RSSI: -74 [da:19:40:35:13:5e]
RSSI: -78 [da:19:40:35:13:5e]
RSSI: -77 [da:19:40:43:13:8e]
RSSI: -77 [da:19:40:43:13:8e]
RSSI: -78 [da:19:40:4f:13:ae]
RSSI: -78 [da:19:40:4f:13:ae]
RSSI: -79 [da:19:40:5e:13:ce]
RSSI: -93 [da:1b:db:96:0d:7c]
RSSI: -95 [da:16:37:47:0b:5a]
RSSI: -81 [da:19:40:6c:13:fe]
RSSI: -81 [da:19:40:6c:13:fe]
RSSI: -90 [da:1b:db:a5:0d:ac]
RSSI: -82 [da:19:40:78:14:1e]
RSSI: -87 [da:1b:db:b5:0d:dc]
RSSI: -83 [da:19:40:87:14:4e]
RSSI: -85 [da:19:40:87:14:4e]
RSSI: -85 [da:1b:db:c2:0d:fc]
RSSI: -95 [da:19:40:a1:14:9e]
RSSI: -89 [da:1b:db:e1:0e:5c]
RSSI: -85 [da:19:40:b0:14:be]
RSSI: -91 [da:19:40:b0:14:be]
RSSI: -87 [da:1b:db:ed:0e:8c]
RSSI: -90 [da:19:40:be:14:ee]
RSSI: -84 [da:19:40:be:14:ee]
RSSI: -89 [da:19:40:cb:15:0e]
RSSI: -86 [da:1b:dc:19:0f:1c]
RSSI: -84 [da:19:40:e7:15:5e]
RSSI: -85 [da:19:40:f4:15:8e]
RSSI: -86 [da:1b:dc:38:0f:7c]
RSSI: -90 [da:1b:dc:38:0f:7c]
RSSI: -86 [da:19:41:10:15:de]
RSSI: -89 [da:1b:dc:45:0f:9c]
RSSI: -88 [da:19:41:1d:15:fe]
RSSI: -87 [da:19:41:1d:15:fe]
RSSI: -88 [da:19:41:2b:16:1e]
RSSI: -87 [da:19:41:39:16:4e]
RSSI: -87 [da:19:41:46:16:6e]
RSSI: -90 [da:1b:dc:81:10:5c]
RSSI: -88 [da:19:41:46:16:6e]
RSSI: -90 [da:1b:dc:90:10:8c]
RSSI: -88 [da:19:41:54:00:2e]
RSSI: -86 [da:19:41:63:00:4e]
RSSI: -87 [da:19:41:6f:00:7e]
RSSI: -85 [da:19:41:6f:00:7e]
RSSI: -84 [da:19:41:7e:00:9e]
RSSI: -93 [da:1b:dc:bc:11:1c]
RSSI: -84 [da:19:41:8c:00:ce]
RSSI: -85 [da:19:41:8c:00:ce]
RSSI: -81 [da:19:41:98:00:ee]
RSSI: -80 [da:19:41:a7:01:0e]
RSSI: -80 [da:19:41:a7:01:0e]
RSSI: -80 [da:19:41:b5:01:3e]
RSSI: -79 [da:19:41:c2:01:5e]
RSSI: -79 [da:19:41:c2:01:5e]
RSSI: -81 [da:19:41:d0:01:8e]
RSSI: -80 [da:19:41:d0:01:8e]
RSSI: -78 [da:19:41:de:01:ae]
RSSI: -83 [da:19:41:de:01:ae]
RSSI: -80 [da:19:41:eb:01:de]
RSSI: -89 [da:19:42:07:02:2e]
RSSI: -88 [da:19:42:07:02:2e]
RSSI: -86 [da:19:42:14:02:4e]
RSSI: -84 [da:19:42:14:02:4e]
RSSI: -85 [da:19:42:22:02:7e]
RSSI: -81 [da:19:42:31:02:ae]
RSSI: -81 [da:19:42:31:02:ae]
RSSI: -83 [da:19:42:3d:02:ce]
RSSI: -86 [da:19:42:4c:02:ee]
RSSI: -86 [da:19:42:5a:03:1e]
RSSI: -84 [da:19:42:67:03:3e]
RSSI: -86 [da:1b:dd:a5:13:fc]
RSSI: -85 [da:19:42:75:03:6e]
RSSI: -85 [da:19:42:75:03:6e]
RSSI: -86 [da:1b:dd:b5:14:2c]
RSSI: -85 [da:19:42:90:03:ae]
RSSI: -85 [da:1b:dd:c4:14:5c]
RSSI: -87 [da:19:42:90:03:ae]
RSSI: -83 [da:19:42:9e:03:de]
RSSI: -86 [da:19:42:ad:03:fe]
RSSI: -87 [da:1b:dd:e1:14:bc]
RSSI: -86 [da:1b:dd:f0:14:ec]
RSSI: -86 [da:1b:dd:f0:14:ec]
RSSI: -83 [da:19:42:b9:04:2e]
RSSI: -86 [da:1b:dd:f0:14:ec]
RSSI: -81 [da:19:42:c8:04:4e]
RSSI: -85 [da:1b:dd:fd:15:1c]
RSSI: -84 [da:19:42:c8:04:4e]
RSSI: -84 [da:19:42:d6:04:7e]
RSSI: -82 [da:1b:de:0d:15:4c]
RSSI: -82 [da:19:42:d6:04:7e]
RSSI: -84 [da:1b:de:0d:15:4c]
RSSI: -83 [da:1b:de:1c:15:7c]
RSSI: -84 [da:19:42:e2:04:9e]
RSSI: -81 [da:1b:de:1c:15:7c]
RSSI: -89 [da:19:42:e2:04:9e]
RSSI: -80 [da:19:42:f1:04:ce]
RSSI: -82 [da:1b:de:29:15:9c]
RSSI: -84 [da:19:42:f1:04:ce]
RSSI: -82 [da:1b:de:29:15:9c]
RSSI: -79 [da:19:42:ff:04:ee]
RSSI: -79 [da:1b:de:39:15:cc]
RSSI: -81 [da:1b:de:39:15:cc]
RSSI: -85 [da:1b:de:48:15:fc]
RSSI: -83 [da:19:43:0c:05:1e]
RSSI: -78 [da:1b:de:48:15:fc]
RSSI: -82 [da:19:43:1a:05:3e]
RSSI: -84 [da:1b:de:55:16:2c]
RSSI: -84 [da:1b:de:55:16:2c]
RSSI: -82 [da:19:43:29:05:6e]
RSSI: -81 [da:19:43:29:05:6e]
RSSI: -79 [da:1b:de:65:16:5c]
RSSI: -80 [da:19:43:35:05:8e]
RSSI: -79 [da:1b:de:74:00:0c]
RSSI: -81 [da:19:43:35:05:8e]
RSSI: -78 [da:1b:de:74:00:0c]
RSSI: -81 [da:19:43:44:05:be]
RSSI: -91 [da:16:3a:30:13:aa]
RSSI: -79 [da:19:43:44:05:be]
RSSI: -81 [da:1b:de:81:00:2c]
RSSI: -78 [da:19:43:52:05:de]
RSSI: -81 [da:1b:de:81:00:2c]
RSSI: -78 [da:19:43:52:05:de]
RSSI: -82 [da:1b:de:91:00:5c]
RSSI: -79 [da:1b:de:a1:00:8c]
RSSI: -75 [da:19:43:6d:06:2e]
RSSI: -79 [da:1b:de:ad:00:bc]
RSSI: -80 [da:1b:de:ad:00:bc]
RSSI: -73 [da:19:43:7b:06:5e]
RSSI: -73 [da:19:43:88:06:7e]
RSSI: -73 [da:19:43:88:06:7e]
RSSI: -85 [da:1b:de:cd:01:1c]
RSSI: -76 [da:19:43:96:06:ae]
RSSI: -72 [da:19:43:96:06:ae]
RSSI: -72 [da:19:43:96:06:ae]
RSSI: -84 [da:1b:de:d9:01:3c]
RSSI: -72 [da:19:43:a5:06:ce]
RSSI: -88 [da:1b:de:d9:01:3c]
RSSI: -76 [da:19:43:a5:06:ce]
RSSI: -70 [da:19:43:b1:06:fe]
RSSI: -89 [da:1b:de:e9:01:7c]
RSSI: -70 [da:19:43:c0:07:1e]
RSSI: -91 [da:1b:de:f9:01:ac]
RSSI: -71 [da:19:43:c0:07:1e]
RSSI: -75 [da:19:43:ce:07:4e]
RSSI: -72 [da:19:43:db:07:6e]
RSSI: -72 [da:19:43:db:07:6e]
RSSI: -70 [da:19:43:e9:07:9e]
RSSI: -72 [da:19:43:e9:07:9e]
RSSI: -88 [da:1b:df:25:02:2c]
RSSI: -92 [da:16:3a:df:15:8a]
RSSI: -77 [da:19:43:f8:07:be]
RSSI: -92 [da:16:3a:df:15:8a]
RSSI: -85 [da:1b:df:32:02:5c]
RSSI: -70 [da:19:43:f8:07:be]
RSSI: -85 [da:1b:df:32:02:5c]
RSSI: -75 [da:19:44:04:07:ee]
RSSI: -83 [da:1b:df:42:02:8c]
RSSI: -70 [da:19:44:13:08:0e]
RSSI: -84 [da:1b:df:51:02:bc]
RSSI: -87 [da:1b:df:51:02:bc]
RSSI: -68 [da:19:44:21:08:3e]
RSSI: -86 [da:1b:df:5e:02:dc]
RSSI: -71 [da:19:44:2e:08:5e]
RSSI: -68 [da:19:44:2e:08:5e]
RSSI: -80 [da:19:44:3c:08:8e]
RSSI: -72 [da:19:44:3c:08:8e]
RSSI: -84 [da:1b:df:7d:03:4c]
RSSI: -71 [da:19:44:4a:08:be]
RSSI: -71 [da:19:44:4a:08:be]
RSSI: -86 [da:1b:df:8a:03:6c]
RSSI: -69 [da:19:44:57:08:de]
RSSI: -86 [da:1b:df:9a:03:9c]
RSSI: -76 [da:19:44:66:09:0e]
RSSI: -91 [da:1b:df:aa:03:cc]
RSSI: -69 [da:19:44:74:09:2e]
RSSI: -86 [da:1b:df:aa:03:cc]
RSSI: -66 [da:19:44:81:09:4e]
RSSI: -88 [da:1b:df:b6:03:fc]
RSSI: -67 [da:19:44:81:09:4e]
RSSI: -88 [da:1b:df:c6:04:2c]
RSSI: -87 [da:1b:df:c6:04:2c]
RSSI: -86 [da:1b:df:d6:04:5c]
RSSI: -88 [da:1b:df:d6:04:5c]
RSSI: -61 [da:19:44:aa:09:ce]
RSSI: -86 [da:1b:df:e3:04:8c]
RSSI: -61 [da:19:44:aa:09:ce]
RSSI: -93 [da:16:3b:9a:01:7a]
RSSI: -86 [da:1b:df:f2:04:bc]
RSSI: -58 [da:19:44:d4:0a:4e]
RSSI: -86 [da:1b:e0:0f:05:0c]
RSSI: -91 [da:16:3b:c2:01:ea]
RSSI: -57 [da:19:44:e2:0a:6e]
RSSI: -57 [da:19:44:e2:0a:6e]
RSSI: -58 [da:19:44:f1:0a:9e]
RSSI: -56 [da:19:44:f1:0a:9e]
RSSI: -86 [da:1b:e0:2e:05:7c]
RSSI: -56 [da:19:44:fd:0a:be]
RSSI: -86 [da:16:3b:eb:02:6a]
RSSI: -58 [da:19:44:fd:0a:be]
RSSI: -88 [da:16:3b:eb:02:6a]
RSSI: -90 [da:1b:e0:3b:05:9c]
RSSI: -56 [da:19:45:0c:0a:ee]
RSSI: -84 [da:1b:e0:4b:05:cc]
RSSI: -84 [da:1b:e0:4b:05:cc]
RSSI: -55 [da:19:45:1a:0b:0e]
RSSI: -86 [da:16:3c:05:02:aa]
RSSI: -57 [da:19:45:27:0b:3e]
RSSI: -85 [da:16:3c:13:02:da]
RSSI: -57 [da:19:45:27:0b:3e]
RSSI: -55 [da:19:45:27:0b:3e]
RSSI: -87 [da:16:3c:13:02:da]
RSSI: -56 [da:19:45:35:0b:5e]
RSSI: -84 [da:16:3c:21:02:fa]
RSSI: -57 [da:19:45:35:0b:5e]
RSSI: -83 [da:16:3c:21:02:fa]
RSSI: -56 [da:19:45:44:0b:8e]
RSSI: -86 [da:1b:e0:77:06:5c]
RSSI: -83 [da:16:3c:2d:03:1a]
RSSI: -57 [da:19:45:44:0b:8e]
RSSI: -82 [da:1b:e0:87:06:8c]
RSSI: -56 [da:19:45:50:0b:ae]
RSSI: -85 [da:16:3c:3b:03:4a]
RSSI: -89 [da:1b:e0:94:06:bc]
RSSI: -81 [da:16:3c:49:03:6a]
RSSI: -59 [da:19:45:5f:0b:de]
RSSI: -58 [da:19:45:6d:0b:fe]
RSSI: -82 [da:16:3c:56:03:9a]
RSSI: -58 [da:19:45:6d:0b:fe]
RSSI: -82 [da:16:3c:64:03:ba]
RSSI: -81 [da:16:3c:64:03:ba]
RSSI: -61 [da:19:45:88:0c:4e]
RSSI: -79 [da:16:3c:71:03:da]
RSSI: -59 [da:19:45:88:0c:4e]
RSSI: -61 [da:19:45:97:0c:7e]
RSSI: -81 [da:16:3c:7e:04:0a]
RSSI: -63 [da:19:45:97:0c:7e]
RSSI: -81 [da:16:3c:8c:04:2a]
RSSI: -61 [da:19:45:a4:0c:9e]
RSSI: -81 [da:16:3c:8c:04:2a]
RSSI: -63 [da:19:45:a4:0c:9e]
RSSI: -81 [da:16:3c:8c:04:2a]
RSSI: -80 [da:16:3c:9a:04:4a]
RSSI: -82 [da:16:3c:9a:04:4a]
RSSI: -64 [da:19:45:b2:0c:ce]
RSSI: -81 [da:16:3c:a6:04:7a]
RSSI: -67 [da:19:45:c1:0c:fe]
RSSI: -81 [da:16:3c:a6:04:7a]
RSSI: -83 [da:16:3c:b4:04:9a]
RSSI: -67 [da:19:45:cd:0d:1e]
RSSI: -67 [da:19:45:dc:0d:4e]
RSSI: -83 [da:16:3c:c2:04:ba]
RSSI: -67 [da:19:45:dc:0d:4e]
RSSI: -67 [da:19:45:dc:0d:4e]
RSSI: -67 [da:19:45:ea:0d:6e]
RSSI: -85 [da:16:3c:dd:05:0a]
RSSI: -90 [da:1b:e1:29:08:8c]
RSSI: -67 [da:19:45:f7:0d:8e]
RSSI: -68 [da:19:45:f7:0d:8e]
RSSI: -84 [da:16:3c:eb:05:3a]
RSSI: -84 [da:16:3c:eb:05:3a]
RSSI: -67 [da:19:46:05:0d:be]
RSSI: -87 [da:16:3c:f7:05:5a]
RSSI: -87 [da:16:3c:f7:05:5a]
RSSI: -67 [da:19:46:14:0d:de]
RSSI: -89 [da:16:3d:05:05:7a]
RSSI: -88 [da:1b:e1:55:09:1c]
RSSI: -71 [da:19:46:20:0e:0e]
RSSI: -69 [da:19:46:20:0e:0e]
RSSI: -93 [da:1b:e1:65:09:4c]
RSSI: -69 [da:19:46:2f:0e:2e]
RSSI: -72 [da:19:46:2f:0e:2e]
RSSI: -71 [da:19:46:3d:0e:5e]
RSSI: -72 [da:19:46:3d:0e:5e]
RSSI: -71 [da:19:46:4a:0e:7e]
RSSI: -73 [da:19:46:59:0e:ae]
RSSI: -71 [da:19:46:67:0e:ce]
RSSI: -73 [da:19:46:74:0e:fe]
RSSI: -78 [da:19:46:82:0f:1e]
RSSI: -88 [da:1b:e1:bd:0a:6c]
RSSI: -75 [da:19:46:82:0f:1e]
RSSI: -79 [da:19:46:91:0f:4e]
RSSI: -80 [da:19:46:91:0f:4e]
RSSI: -86 [da:1b:e1:ca:0a:9c]
RSSI: -83 [da:19:46:9d:0f:6e]
RSSI: -86 [da:1b:e1:da:0a:cc]
RSSI: -81 [da:19:46:ac:0f:9e]
RSSI: -83 [da:1b:e1:ea:0a:fc]
RSSI: -77 [da:19:46:bb:0f:be]
RSSI: -83 [da:19:46:c7:0f:ee]
RSSI: -85 [da:19:46:d6:10:1e]
RSSI: -89 [da:1b:e2:07:0b:5c]
RSSI: -90 [da:16:3d:c1:07:9a]
RSSI: -85 [da:19:46:d6:10:1e]
RSSI: -84 [da:1b:e2:16:0b:8c]
RSSI: -88 [da:1b:e2:16:0b:8c]
RSSI: -88 [da:19:46:e4:10:3e]
RSSI: -86 [da:19:46:e4:10:3e]
RSSI: -91 [da:16:3d:cf:07:ba]
RSSI: -83 [da:1b:e2:23:0b:ac]
RSSI: -80 [da:19:46:f1:10:5e]
RSSI: -89 [da:16:3d:dd:07:ea]
RSSI: -80 [da:19:46:f1:10:5e]
RSSI: -91 [da:1b:e2:33:0b:ec]
RSSI: -83 [da:19:46:ff:10:8e]
RSSI: -91 [da:16:3d:ea:08:0a]
RSSI: -87 [da:1b:e2:33:0b:ec]
RSSI: -79 [da:19:47:0e:10:be]
RSSI: -79 [da:19:47:0e:10:be]
RSSI: -90 [da:16:3e:06:08:5a]
RSSI: -82 [da:19:47:1b:10:de]
RSSI: -82 [da:19:47:29:11:0e]
RSSI: -93 [da:1b:e2:5f:0c:7c]
RSSI: -82 [da:19:47:29:11:0e]
RSSI: -83 [da:19:47:38:11:2e]
RSSI: -90 [da:16:3e:20:08:aa]
RSSI: -86 [da:19:47:38:11:2e]
RSSI: -89 [da:16:3e:20:08:aa]
RSSI: -77 [da:19:47:44:11:5e]
RSSI: -78 [da:19:47:53:11:7e]
RSSI: -89 [da:1b:e2:8c:0c:fc]
RSSI: -89 [da:1b:e2:9c:0d:3c]
RSSI: -73 [da:19:47:61:11:ae]
RSSI: -89 [da:1b:e2:9c:0d:3c]
RSSI: -86 [da:1b:e2:a8:0d:5c]
RSSI: -73 [da:19:47:6e:11:ce]
RSSI: -76 [da:19:47:7d:11:fe]
RSSI: -74 [da:19:47:7d:11:fe]
RSSI: -74 [da:19:47:7d:11:fe]
RSSI: -89 [da:1b:e2:b8:0d:8c]
RSSI: -75 [da:19:47:8b:12:1e]
RSSI: -88 [da:1b:e2:c8:0d:cc]
RSSI: -78 [da:19:47:8b:12:1e]
RSSI: -83 [da:1b:e2:c8:0d:cc]
RSSI: -75 [da:19:47:98:12:4e]
RSSI: -74 [da:19:47:98:12:4e]
RSSI: -85 [da:1b:e2:d5:0d:ec]
RSSI: -92 [da:16:3e:8c:09:da]
RSSI: -85 [da:1b:e2:d5:0d:ec]
RSSI: -72 [da:19:47:a7:12:6e]
RSSI: -71 [da:19:47:a7:12:6e]
RSSI: -85 [da:1b:e2:e5:0e:1c]
RSSI: -68 [da:19:47:b5:12:9e]
RSSI: -69 [da:19:47:c2:12:be]
RSSI: -83 [da:1b:e2:f5:0e:5c]
RSSI: -66 [da:19:47:c2:12:be]
RSSI: -70 [da:19:47:d0:12:ee]
RSSI: -69 [da:19:47:d0:12:ee]
RSSI: -86 [da:1b:e3:11:0e:ac]
RSSI: -91 [da:1b:e3:11:0e:ac]
RSSI: -70 [da:19:47:df:13:1e]
RSSI: -85 [da:1b:e3:21:0e:ec]
RSSI: -93 [da:16:3e:d0:0a:9a]
RSSI: -68 [da:19:47:ec:13:3e]
RSSI: -86 [da:1b:e3:2e:0f:0c]
RSSI: -70 [da:19:47:fa:13:6e]
RSSI: -87 [da:1b:e3:4e:0f:6c]
RSSI: -66 [da:19:48:15:13:be]
RSSI: -89 [da:1b:e3:4e:0f:6c]
RSSI: -93 [da:16:3f:05:0b:3a]
RSSI: -74 [da:19:48:15:13:be]
RSSI: -85 [da:1b:e3:5a:0f:9c]
RSSI: -66 [da:19:48:24:13:de]
RSSI: -66 [da:19:48:24:13:de]
RSSI: -75 [da:19:48:33:14:0e]
RSSI: -75 [da:19:48:3f:14:2e]
RSSI: -74 [da:19:48:3f:14:2e]
RSSI: -87 [da:1b:e3:7a:0f:fc]
RSSI: -69 [da:19:48:4e:14:5e]
RSSI: -75 [da:19:48:4e:14:5e]
RSSI: -74 [da:19:48:5c:14:7e]
RSSI: -91 [da:1b:e3:97:10:5c]
RSSI: -77 [da:19:48:69:14:9e]
RSSI: -77 [da:19:48:69:14:9e]
RSSI: -87 [da:1b:e3:a7:10:8c]
RSSI: -81 [da:19:48:78:14:ce]
RSSI: -86 [da:1b:e3:b4:10:bc]
RSSI: -88 [da:1b:e3:c4:10:ec]
RSSI: -84 [da:19:48:a2:15:3e]
RSSI: -89 [da:1b:e3:e0:11:4c]
RSSI: -86 [da:19:48:a2:15:3e]
RSSI: -90 [da:19:48:bd:15:8e]
RSSI: -84 [da:19:48:cc:15:be]
RSSI: -86 [da:19:48:da:15:de]
RSSI: -86 [da:19:48:e7:15:fe]
RSSI: -95 [da:1b:e4:1d:11:fc]
RSSI: -84 [da:19:48:f6:16:2e]
RSSI: -83 [da:19:48:f6:16:2e]
RSSI: -88 [da:19:49:04:16:5e]
RSSI: -83 [da:19:49:04:16:5e]
RSSI: -90 [da:1b:e4:3a:12:5c]
RSSI: -83 [da:19:49:04:16:5e]
RSSI: -88 [da:19:49:11:00:2e]
RSSI: -82 [da:19:49:20:00:4e]
RSSI: -85 [da:19:49:2e:00:7e]
RSSI: -88 [da:1b:e4:66:12:ec]
RSSI: -85 [da:1b:e4:66:12:ec]
RSSI: -88 [da:1b:e4:76:13:1c]
RSSI: -87 [da:19:49:3b:00:9e]
RSSI: -86 [da:19:49:49:00:ce]
RSSI: -87 [da:19:49:49:00:ce]
RSSI: -88 [da:19:49:58:00:ee]
RSSI: -89 [da:1b:e4:93:13:7c]
RSSI: -83 [da:19:49:65:01:1e]
RSSI: -86 [da:19:49:65:01:1e]
RSSI: -86 [da:19:49:65:01:1e]
RSSI: -85 [da:1b:e4:a3:13:ac]
RSSI: -81 [da:19:49:73:01:3e]
RSSI: -85 [da:1b:e4:b3:13:dc]
RSSI: -88 [da:19:49:82:01:6e]
RSSI: -85 [da:1b:e4:c0:13:fc]
RSSI: -84 [da:1b:e4:c0:13:fc]
RSSI: -83 [da:1b:e4:c0:13:fc]
RSSI: -81 [da:19:49:8f:01:8e]
RSSI: -83 [da:1b:e4:c0:13:fc]
RSSI: -84 [da:19:49:8f:01:8e]
RSSI: -77 [da:19:49:9d:01:be]
RSSI: -78 [da:19:49:9d:01:be]
RSSI: -87 [da:1b:e4:e0:14:6c]
RSSI: -76 [da:19:49:ac:01:de]
RSSI: -87 [da:1b:e4:ec:14:8c]
RSSI: -89 [da:19:49:b9:02:0e]
RSSI: -78 [da:19:49:c7:02:2e]
RSSI: -90 [da:1b:e4:fc:14:bc]
RSSI: -78 [da:19:49:c7:02:2e]
RSSI: -79 [da:19:49:d6:02:5e]
RSSI: -79 [da:19:49:d6:02:5e]
RSSI: -87 [da:19:49:e3:02:7e]
RSSI: -89 [da:1b:e5:19:15:1c]
RSSI: -81 [da:19:49:e3:02:7e]
RSSI: -87 [da:19:49:f1:02:ae]
RSSI: -86 [da:19:4a:00:02:ce]
RSSI: -79 [da:1b:e5:39:15:7c]
RSSI: -86 [da:19:4a:00:02:ce]
RSSI: -79 [da:1b:e5:39:15:7c]
RSSI: -79 [da:1b:e5:46:15:ac]
RSSI: -78 [da:1b:e5:46:15:ac]
RSSI: -91 [da:1b:e5:46:15:ac]
RSSI: -86 [da:19:4a:1b:03:1e]
RSSI: -76 [da:1b:e5:56:15:dc]
RSSI: -85 [da:19:4a:2a:03:4e]
RSSI: -86 [da:19:4a:2a:03:4e]
RSSI: -82 [da:1b:e5:66:16:0c]
RSSI: -84 [da:19:4a:37:03:6e]
RSSI: -77 [da:1b:e5:73:16:3c]
RSSI: -85 [da:19:4a:37:03:6e]
RSSI: -80 [da:1b:e5:73:16:3c]
RSSI: -85 [da:19:4a:46:03:8e]
RSSI: -76 [da:1b:e5:83:16:6c]
RSSI: -93 [da:16:41:3a:11:7a]
RSSI: -76 [da:1b:e5:83:16:6c]
RSSI: -84 [da:19:4a:54:03:be]
RSSI: -87 [da:1b:e5:9f:00:5c]
RSSI: -77 [da:1b:e5:9f:00:5c]
RSSI: -84 [da:1b:e5:af:00:8c]
RSSI: -84 [da:19:4a:7e:04:3e]
RSSI: -81 [da:1b:e5:bf:00:bc]
RSSI: -82 [da:1b:e5:bf:00:bc]
RSSI: -90 [da:19:4a:8b:04:5e]
RSSI: -82 [da:1b:e5:cc:00:ec]
RSSI: -82 [da:1b:e5:cc:00:ec]
RSSI: -83 [da:19:4a:9a:04:8e]
RSSI: -82 [da:1b:e5:cc:00:ec]
RSSI: -81 [da:19:4a:a8:04:ae]
RSSI: -83 [da:1b:e5:dc:01:1c]
RSSI: -83 [da:19:4a:a8:04:ae]
RSSI: -88 [da:1b:e5:ec:01:4c]
RSSI: -81 [da:19:4a:b5:04:de]
RSSI: -90 [da:1b:e5:f9:01:7c]
RSSI: -86 [da:19:4a:c4:04:fe]
RSSI: -84 [da:19:4a:c4:04:fe]
RSSI: -81 [da:19:4a:d2:05:2e]
RSSI: -86 [da:19:4a:d2:05:2e]
RSSI: -90 [da:16:41:c1:12:fa]
RSSI: -80 [da:19:4a:df:05:4e]
RSSI: -80 [da:19:4a:df:05:4e]
RSSI: -83 [da:19:4a:ee:05:7e]
RSSI: -79 [da:19:4a:ee:05:7e]
RSSI: -91 [da:1b:e6:26:02:0c]
RSSI: -91 [da:16:41:ea:13:7a]
RSSI: -79 [da:19:4a:fd:05:ae]
RSSI: -89 [da:1b:e6:46:02:6c]
RSSI: -79 [da:19:4b:0e:05:de]
RSSI: -76 [da:19:4b:0e:05:de]
RSSI: -88 [da:1b:e6:53:02:8c]
RSSI: -88 [da:1b:e6:53:02:8c]
RSSI: -78 [da:19:4b:1f:06:0e]
RSSI: -77 [da:19:4b:2d:06:3e]
RSSI: -74 [da:19:4b:3a:06:5e]
RSSI: -76 [da:19:4b:3a:06:5e]
RSSI: -74 [da:19:4b:49:06:7e]
RSSI: -72 [da:19:4b:49:06:7e]
RSSI: -73 [da:19:4b:58:06:ae]
RSSI: -72 [da:19:4b:58:06:ae]
RSSI: -72 [da:19:4b:58:06:ae]
RSSI: -72 [da:19:4b:64:06:ce]
RSSI: -90 [da:1b:e6:ac:03:ac]
RSSI: -71 [da:19:4b:73:06:fe]
RSSI: -73 [da:19:4b:82:07:2e]
RSSI: -87 [da:1b:e6:bc:03:dc]
RSSI: -72 [da:19:4b:8e:07:4e]
RSSI: -72 [da:19:4b:8e:07:4e]
RSSI: -87 [da:1b:e6:cd:04:0c]
RSSI: -71 [da:19:4b:8e:07:4e]
RSSI: -72 [da:19:4b:9d:07:7e]
RSSI: -86 [da:1b:e6:d9:04:3c]
RSSI: -71 [da:19:4b:ac:07:9e]
RSSI: -70 [da:19:4b:ac:07:9e]
RSSI: -72 [da:19:4b:b9:07:ce]
RSSI: -72 [da:19:4b:c8:07:ee]
RSSI: -87 [da:1b:e7:06:04:cc]
RSSI: -72 [da:19:4b:c8:07:ee]
RSSI: -71 [da:19:4b:d6:08:1e]
RSSI: -72 [da:19:4b:d6:08:1e]
RSSI: -89 [da:1b:e7:16:04:fc]
RSSI: -72 [da:19:4b:e3:08:3e]
RSSI: -70 [da:19:4b:e3:08:3e]
RSSI: -95 [da:16:42:e0:16:2a]
RSSI: -69 [da:19:4c:01:08:9e]
RSSI: -66 [da:19:4c:0d:08:be]
RSSI: -68 [da:19:4c:0d:08:be]
RSSI: -88 [da:1b:e7:4c:05:9c]
RSSI: -68 [da:19:4c:1c:08:ee]
RSSI: -86 [da:1b:e7:5c:05:cc]
RSSI: -66 [da:19:4c:1c:08:ee]
RSSI: -70 [da:19:4c:2b:09:0e]
RSSI: -70 [da:19:4c:2b:09:0e]
RSSI: -70 [da:19:4c:2b:09:0e]
RSSI: -85 [da:1b:e7:68:05:fc]
RSSI: -72 [da:19:4c:37:09:3e]
RSSI: -92 [da:16:43:32:00:ea]
RSSI: -70 [da:19:4c:46:09:5e]
RSSI: -92 [da:16:43:32:00:ea]
RSSI: -92 [da:1b:e7:85:06:5c]
RSSI: -72 [da:19:4c:55:09:8e]
RSSI: -89 [da:1b:e7:95:06:8c]
RSSI: -70 [da:19:4c:62:09:ae]
RSSI: -94 [da:1b:e7:95:06:8c]
RSSI: -92 [da:16:43:4e:01:3a]
RSSI: -70 [da:19:4c:62:09:ae]
RSSI: -88 [da:1b:e7:a2:06:ac]
RSSI: -68 [da:19:4c:62:09:ae]
RSSI: -94 [da:16:43:5b:01:5a]
RSSI: -89 [da:1b:e7:af:06:dc]
RSSI: -66 [da:19:4c:7f:0a:0e]
RSSI: -90 [da:1b:e7:bb:06:fc]
RSSI: -62 [da:19:4c:7f:0a:0e]
RSSI: -91 [da:1b:e7:c8:07:2c]
RSSI: -63 [da:19:4c:9b:0a:5e]
RSSI: -87 [da:1b:e7:d5:07:5c]
RSSI: -62 [da:19:4c:9b:0a:5e]
RSSI: -90 [da:1b:e7:e1:07:7c]
RSSI: -58 [da:19:4c:aa:0a:8e]
RSSI: -88 [da:1b:e7:e1:07:7c]
RSSI: -62 [da:19:4c:aa:0a:8e]
RSSI: -89 [da:16:43:a1:02:1a]
RSSI: -87 [da:1b:e7:ee:07:ac]
RSSI: -61 [da:19:4c:b6:0a:ae]
RSSI: -57 [da:19:4c:b6:0a:ae]
RSSI: -61 [da:19:4c:c5:0a:de]
RSSI: -89 [da:16:43:bb:02:6a]
RSSI: -56 [da:19:4c:e1:0b:2e]
RSSI: -89 [da:14:5f:d3:01:7b]
RSSI: -61 [da:19:4c:e1:0b:2e]
RSSI: -85 [da:16:43:d6:02:ba]
RSSI: -60 [da:19:4c:f0:0b:4e]
RSSI: -90 [da:14:5f:e2:01:9b]
RSSI: -57 [da:19:4c:f0:0b:4e]
RSSI: -62 [da:19:4c:fe:0b:7e]
RSSI: -61 [da:19:4c:fe:0b:7e]
RSSI: -83 [da:16:43:e5:02:da]
RSSI: -83 [da:16:43:f3:02:fa]
RSSI: -63 [da:19:4d:0b:0b:9e]
RSSI: -91 [da:1b:e8:47:08:bc]
RSSI: -82 [da:16:43:ff:03:2a]
RSSI: -57 [da:19:4d:1a:0b:ce]
RSSI: -57 [da:19:4d:1a:0b:ce]
RSSI: -63 [da:19:4d:1a:0b:ce]
RSSI: -80 [da:16:44:0e:03:4a]
RSSI: -64 [da:19:4d:35:0c:1e]
RSSI: -63 [da:19:4d:35:0c:1e]
RSSI: -64 [da:19:4d:35:0c:1e]
RSSI: -79 [da:16:44:28:03:9a]
RSSI: -65 [da:19:4d:44:0c:4e]
RSSI: -82 [da:16:44:37:03:ba]
RSSI: -60 [da:19:4d:53:0c:7e]
RSSI: -60 [da:19:4d:53:0c:7e]
RSSI: -81 [da:16:44:45:03:ea]
RSSI: -81 [da:16:44:45:03:ea]
RSSI: -93 [da:14:60:51:02:eb]
RSSI: -66 [da:19:4d:60:0c:9e]
RSSI: -79 [da:16:44:52:04:0a]
RSSI: -68 [da:19:4d:6f:0c:ce]
RSSI: -80 [da:16:44:52:04:0a]
RSSI: -68 [da:19:4d:6f:0c:ce]
RSSI: -68 [da:19:4d:6f:0c:ce]
RSSI: -64 [da:19:4d:7d:0c:fe]
RSSI: -82 [da:16:44:6e:04:5a]
RSSI: -70 [da:19:4d:8a:0d:1e]
RSSI: -66 [da:19:4d:8a:0d:1e]
RSSI: -66 [da:19:4d:8a:0d:1e]
RSSI: -82 [da:16:44:7b:04:8a]
RSSI: -73 [da:19:4d:99:0d:4e]
RSSI: -82 [da:16:44:89:04:aa]
RSSI: -75 [da:19:4d:a8:0d:6e]
RSSI: -75 [da:19:4d:a8:0d:6e]
RSSI: -82 [da:16:44:97:04:da]
RSSI: -90 [da:1b:e8:ec:0a:cc]
RSSI: -72 [da:19:4d:b5:0d:9e]
RSSI: -77 [da:19:4d:b5:0d:9e]
RSSI: -84 [da:16:44:a4:04:fa]
RSSI: -84 [da:16:44:a4:04:fa]
RSSI: -77 [da:19:4d:c3:0d:be]
RSSI: -84 [da:16:44:b2:05:1a]
RSSI: -77 [da:19:4d:d2:0d:ee]
RSSI: -85 [da:16:44:c1:05:4a]
RSSI: -87 [da:16:44:cd:05:6a]
RSSI: -78 [da:19:4d:df:0e:0e]
RSSI: -86 [da:16:44:cd:05:6a]
RSSI: -84 [da:1b:e9:1f:0b:7c]
RSSI: -70 [da:19:4d:ee:0e:3e]
RSSI: -80 [da:19:4d:ee:0e:3e]
RSSI: -88 [da:1b:e9:2c:0b:9c]
RSSI: -87 [da:16:44:dc:05:9a]
RSSI: -77 [da:19:4d:fd:0e:5e]
RSSI: -77 [da:19:4d:fd:0e:5e]
RSSI: -82 [da:19:4e:09:0e:8e]
RSSI: -89 [da:1b:e9:45:0b:ec]
RSSI: -82 [da:19:4e:09:0e:8e]
RSSI: -86 [da:1b:e9:45:0b:ec]
RSSI: -88 [da:1b:e9:52:0c:1c]
RSSI: -76 [da:19:4e:27:0e:de]
RSSI: -87 [da:1b:e9:6c:0c:6c]
RSSI: -85 [da:19:4e:34:0e:fe]
RSSI: -86 [da:1b:e9:78:0c:9c]
RSSI: -76 [da:19:4e:52:0f:5e]
RSSI: -92 [da:1b:e9:85:0c:bc]
RSSI: -86 [da:1b:e9:92:0c:ec]
RSSI: -79 [da:19:4e:5e:0f:7e]
RSSI: -93 [da:16:45:49:06:ca]
RSSI: -87 [da:1b:e9:9e:0d:0c]
RSSI: -90 [da:1b:e9:ab:0d:3c]
RSSI: -88 [da:1b:e9:ab:0d:3c]
RSSI: -88 [da:1b:e9:b8:0d:5c]
RSSI: -85 [da:19:4e:89:0f:fe]
RSSI: -86 [da:1b:e9:c5:0d:8c]
RSSI: -88 [da:1b:e9:d2:0d:bc]
RSSI: -82 [da:19:4e:98:10:2e]
RSSI: -87 [da:1b:e9:d2:0d:bc]
RSSI: -85 [da:1b:e9:de:0d:dc]
RSSI: -87 [da:19:4e:a7:10:4e]
RSSI: -92 [da:1b:e9:de:0d:dc]
RSSI: -91 [da:16:45:9b:07:ba]
RSSI: -88 [da:1b:e9:f8:0e:2c]
RSSI: -84 [da:1b:e9:f8:0e:2c]
RSSI: -85 [da:19:4e:c2:10:9e]
RSSI: -84 [da:1b:e9:f8:0e:2c]
RSSI: -84 [da:19:4e:d1:10:ce]
RSSI: -85 [da:1b:ea:05:0e:5c]
RSSI: -86 [da:19:4e:d1:10:ce]
RSSI: -84 [da:1b:ea:11:0e:7c]
RSSI: -80 [da:19:4e:de:10:ee]
RSSI: -92 [da:16:45:c5:08:2a]
RSSI: -80 [da:19:4e:de:10:ee]
RSSI: -85 [da:1b:ea:1e:0e:ac]
RSSI: -83 [da:1b:ea:1e:0e:ac]
RSSI: -82 [da:19:4e:ed:11:1e]
RSSI: -84 [da:19:4e:ed:11:1e]
RSSI: -86 [da:1b:ea:2b:0e:cc]
RSSI: -79 [da:19:4e:fc:11:4e]
RSSI: -85 [da:19:4f:08:11:6e]
RSSI: -86 [da:1b:ea:45:0f:1c]
RSSI: -85 [da:1b:ea:45:0f:1c]
RSSI: -81 [da:19:4f:17:11:9e]
RSSI: -85 [da:1b:ea:51:0f:4c]
RSSI: -80 [da:19:4f:17:11:9e]
RSSI: -86 [da:1b:ea:5e:0f:6c]
RSSI: -77 [da:19:4f:26:11:be]
RSSI: -91 [da:16:46:17:09:1a]
RSSI: -86 [da:1b:ea:78:0f:cc]
RSSI: -81 [da:19:4f:42:12:0e]
RSSI: -87 [da:1b:ea:78:0f:cc]
RSSI: -82 [da:19:4f:42:12:0e]
RSSI: -88 [da:1b:ea:84:0f:ec]
RSSI: -76 [da:19:4f:51:12:3e]
RSSI: -79 [da:19:4f:51:12:3e]
RSSI: -77 [da:19:4f:5d:12:5e]
RSSI: -90 [da:1b:ea:9e:10:3c]
RSSI: -86 [da:1b:ea:9e:10:3c]
RSSI: -89 [da:19:4f:6c:12:8e]
RSSI: -91 [da:1b:ea:ab:10:6c]
RSSI: -79 [da:19:4f:7b:12:be]
RSSI: -84 [da:1b:ea:b8:10:8c]
RSSI: -89 [da:1b:ea:b8:10:8c]
RSSI: -75 [da:19:4f:88:12:de]
RSSI: -85 [da:1b:ea:c4:10:bc]
RSSI: -76 [da:19:4f:88:12:de]
RSSI: -90 [da:1b:ea:d1:10:dc]
RSSI: -74 [da:19:4f:97:13:0e]
RSSI: -74 [da:19:4f:a6:13:3e]
RSSI: -74 [da:19:4f:a6:13:3e]
RSSI: -74 [da:19:4f:a6:13:3e]
RSSI: -74 [da:19:4f:c2:13:8e]
RSSI: -74 [da:19:4f:c2:13:8e]
RSSI: -75 [da:19:4f:c2:13:8e]
RSSI: -74 [da:19:4f:d1:13:ae]
RSSI: -74 [da:19:4f:d1:13:ae]
RSSI: -75 [da:19:4f:dd:13:de]
RSSI: -73 [da:19:4f:dd:13:de]
RSSI: -72 [da:19:4f:dd:13:de]
RSSI: -74 [da:19:4f:ec:13:fe]
RSSI: -90 [da:1b:eb:2b:11:fc]
RSSI: -76 [da:19:4f:fb:14:2e]
RSSI: -76 [da:19:4f:fb:14:2e]
RSSI: -74 [da:19:4f:fb:14:2e]
RSSI: -72 [da:19:50:08:14:4e]
RSSI: -92 [da:1b:eb:51:12:7c]
RSSI: -74 [da:19:50:17:14:7e]
RSSI: -89 [da:1b:eb:51:12:7c]
RSSI: -75 [da:19:50:26:14:9e]
RSSI: -76 [da:19:50:26:14:9e]
RSSI: -78 [da:19:50:33:14:ce]
RSSI: -78 [da:19:50:33:14:ce]
RSSI: -90 [da:1b:eb:78:12:fc]
RSSI: -83 [da:19:50:42:14:ee]
RSSI: -79 [da:19:50:42:14:ee]
RSSI: -82 [da:19:50:51:15:1e]
RSSI: -79 [da:19:50:5d:15:3e]
RSSI: -82 [da:19:50:5d:15:3e]
RSSI: -79 [da:19:50:6c:15:6e]
RSSI: -82 [da:19:50:6c:15:6e]
RSSI: -88 [da:1b:eb:ab:13:9c]
RSSI: -88 [da:19:50:7b:15:8e]
RSSI: -83 [da:19:50:88:15:be]
RSSI: -87 [da:1b:eb:c5:13:ec]
RSSI: -88 [da:1b:eb:c5:13:ec]
RSSI: -86 [da:1b:eb:d1:14:0c]
RSSI: -81 [da:19:50:97:15:de]
RSSI: -87 [da:1b:eb:d1:14:0c]
RSSI: -86 [da:19:50:97:15:de]
RSSI: -87 [da:1b:eb:eb:14:5c]
RSSI: -89 [da:19:50:b3:16:2e]
RSSI: -87 [da:1b:eb:f8:14:8c]
RSSI: -86 [da:19:50:c2:16:5e]
RSSI: -85 [da:19:50:d1:00:2e]
RSSI: -87 [da:19:50:dd:00:4e]
RSSI: -91 [da:1b:ec:1e:14:fc]
RSSI: -85 [da:1b:ec:1e:14:fc]
RSSI: -84 [da:19:50:ed:00:7e]
RSSI: -89 [da:1b:ec:38:15:5c]
RSSI: -89 [da:19:51:08:00:ce]
RSSI: -90 [da:19:51:08:00:ce]
RSSI: -86 [da:19:51:26:01:1e]
RSSI: -86 [da:1b:ec:5f:15:cc]
RSSI: -86 [da:19:51:26:01:1e]
RSSI: -81 [da:1b:ec:6b:15:fc]
RSSI: -81 [da:1b:ec:6b:15:fc]
RSSI: -84 [da:19:51:42:01:6e]
RSSI: -79 [da:1b:ec:78:16:1c]
RSSI: -83 [da:19:51:42:01:6e]
RSSI: -84 [da:19:51:42:01:6e]
RSSI: -79 [da:1b:ec:85:16:4c]
RSSI: -82 [da:19:51:51:01:9e]
RSSI: -77 [da:1b:ec:92:16:6c]
RSSI: -76 [da:1b:ec:92:16:6c]
RSSI: -87 [da:19:51:5e:01:be]
RSSI: -76 [da:1b:ec:9f:00:0c]
RSSI: -80 [da:19:51:6d:01:ee]
RSSI: -80 [da:1b:ec:ac:00:2c]
RSSI: -80 [da:19:51:7c:02:0e]
RSSI: -77 [da:1b:ec:b9:00:5c]
RSSI: -79 [da:19:51:7c:02:0e]
RSSI: -75 [da:1b:ec:b9:00:5c]
RSSI: -83 [da:19:51:88:02:3e]
RSSI: -77 [da:1b:ec:c5:00:7c]
RSSI: -83 [da:19:51:98:02:5e]
RSSI: -80 [da:1b:ec:d2:00:ac]
RSSI: -80 [da:19:51:a7:02:8e]
RSSI: -77 [da:1b:ec:df:00:cc]
RSSI: -81 [da:19:51:a7:02:8e]
RSSI: -77 [da:1b:ec:df:00:cc]
RSSI: -83 [da:19:51:b3:02:ae]
RSSI: -78 [da:1b:ec:ec:00:fc]
RSSI: -82 [da:19:51:b3:02:ae]
RSSI: -82 [da:1b:ec:f9:01:1c]
RSSI: -81 [da:19:51:c2:02:de]
RSSI: -88 [da:19:51:c2:02:de]
RSSI: -80 [da:1b:ed:06:01:4c]
RSSI: -80 [da:1b:ed:06:01:4c]
RSSI: -86 [da:19:51:d1:03:0e]
RSSI: -81 [da:1b:ed:06:01:4c]
RSSI: -81 [da:19:51:d1:03:0e]
RSSI: -83 [da:1b:ed:12:01:6c]
RSSI: -88 [da:19:51:fc:03:7e]
RSSI: -90 [da:19:51:fc:03:7e]
RSSI: -88 [da:19:52:09:03:9e]
RSSI: -94 [da:16:48:f5:11:5a]
RSSI: -87 [da:19:52:18:03:ce]
RSSI: -82 [da:1b:ed:53:02:3c]
RSSI: -87 [da:19:52:18:03:ce]
RSSI: -84 [da:1b:ed:60:02:6c]
RSSI: -83 [da:19:52:34:04:1e]
RSSI: -84 [da:1b:ed:6d:02:8c]
RSSI: -82 [da:1b:ed:7a:02:bc]
RSSI: -84 [da:19:52:43:04:4e]
RSSI: -84 [da:1b:ed:86:02:dc]
RSSI: -84 [da:1b:ed:86:02:dc]
RSSI: -91 [da:1b:ed:93:03:0c]
RSSI: -90 [da:1b:ed:ad:03:5c]
RSSI: -90 [da:1b:ed:ba:03:8c]
RSSI: -90 [da:1b:ed:d4:03:dc]
RSSI: -91 [da:1b:ed:d4:03:dc]
RSSI: -86 [da:1b:ed:e1:03:fc]
RSSI: -86 [da:19:52:a8:05:6e]
RSSI: -87 [da:1b:ed:e1:03:fc]
RSSI: -86 [da:19:52:c3:05:be]
RSSI: -89 [da:1b:ed:fa:04:4c]
RSSI: -86 [da:19:52:c3:05:be]
RSSI: -85 [da:19:52:d3:05:ee]
RSSI: -79 [da:19:52:df:06:0e]
RSSI: -92 [da:16:49:d2:13:ca]
RSSI: -92 [da:16:49:d2:13:ca]
RSSI: -81 [da:19:52:ee:06:3e]
RSSI: -77 [da:19:52:ee:06:3e]
RSSI: -81 [da:19:52:fd:06:6e]
RSSI: -81 [da:19:52:fd:06:6e]
RSSI: -78 [da:19:53:0a:06:8e]
RSSI: -88 [da:1b:ee:48:05:3c]
RSSI: -84 [da:1b:ee:55:05:6c]
RSSI: -75 [da:19:53:19:06:be]
RSSI: -75 [da:19:53:28:06:ee]
RSSI: -90 [da:1b:ee:62:05:9c]
RSSI: -90 [da:16:4a:19:14:9a]
RSSI: -90 [da:16:4a:19:14:9a]
RSSI: -90 [da:1b:ee:6f:05:bc]
RSSI: -75 [da:19:53:35:07:0e]
RSSI: -89 [da:1b:ee:6f:05:bc]
RSSI: -75 [da:19:53:35:07:0e]
RSSI: -92 [da:16:4a:25:14:ba]
RSSI: -84 [da:1b:ee:7c:05:ec]
RSSI: -75 [da:19:53:44:07:3e]
RSSI: -85 [da:1b:ee:89:06:0c]
RSSI: -72 [da:19:53:53:07:5e]
RSSI: -74 [da:19:53:60:07:8e]
RSSI: -91 [da:1b:ee:95:06:3c]
RSSI: -73 [da:19:53:6f:07:be]
RSSI: -74 [da:19:53:6f:07:be]
RSSI: -91 [da:1b:ee:af:06:8c]
RSSI: -72 [da:19:53:7e:07:ee]
RSSI: -74 [da:19:53:7e:07:ee]
RSSI: -73 [da:19:53:8b:08:0e]
RSSI: -91 [da:1b:ee:c9:06:dc]
RSSI: -90 [da:1b:ee:d6:07:0c]
RSSI: -77 [da:19:53:a9:08:6e]
RSSI: -77 [da:19:53:a9:08:6e]
RSSI: -89 [da:1b:ee:f0:07:5c]
RSSI: -95 [da:16:4a:b1:16:4a]
RSSI: -73 [da:19:53:c5:08:be]
RSSI: -89 [da:1b:ef:0a:07:ac]
RSSI: -74 [da:19:53:d4:08:de]
RSSI: -74 [da:19:53:d4:08:de]
RSSI: -88 [da:1b:ef:17:07:dc]
RSSI: -74 [da:19:53:e1:09:0e]
RSSI: -88 [da:1b:ef:17:07:dc]
RSSI: -73 [da:19:53:e1:09:0e]
RSSI: -74 [da:19:53:f0:09:2e]
RSSI: -73 [da:19:53:ff:09:5e]
RSSI: -71 [da:19:53:ff:09:5e]
RSSI: -75 [da:19:54:0c:09:7e]
RSSI: -91 [da:1b:ef:4b:08:7c]
RSSI: -90 [da:1b:ef:57:08:9c]
RSSI: -75 [da:19:54:1b:09:ae]
RSSI: -74 [da:19:54:1b:09:ae]
RSSI: -91 [da:16:4b:20:01:3a]
RSSI: -90 [da:16:4b:2f:01:6a]
RSSI: -69 [da:19:54:46:0a:2e]
RSSI: -94 [da:1b:ef:7e:09:1c]
RSSI: -90 [da:16:4b:2f:01:6a]
RSSI: -92 [da:14:67:3d:00:fb]
RSSI: -68 [da:19:54:55:0a:4e]
RSSI: -66 [da:19:54:55:0a:4e]
RSSI: -89 [da:16:4b:4a:01:ba]
RSSI: -93 [da:1b:ef:99:09:7c]
RSSI: -63 [da:19:54:62:0a:7e]
RSSI: -89 [da:16:4b:4a:01:ba]
RSSI: -65 [da:19:54:62:0a:7e]
RSSI: -89 [da:16:4b:59:01:da]
RSSI: -64 [da:19:54:80:0a:ce]
RSSI: -62 [da:19:54:80:0a:ce]
RSSI: -62 [da:19:54:8d:0a:fe]
RSSI: -61 [da:19:54:8d:0a:fe]
RSSI: -58 [da:19:54:9c:0b:1e]
RSSI: -62 [da:19:54:9c:0b:1e]
RSSI: -86 [da:16:4b:91:02:7a]
RSSI: -61 [da:19:54:ac:0b:4e]
RSSI: -58 [da:19:54:ac:0b:4e]
RSSI: -85 [da:16:4b:9e:02:aa]
RSSI: -60 [da:19:54:b8:0b:7e]
RSSI: -84 [da:16:4b:9e:02:aa]
RSSI: -84 [da:16:4b:ac:02:ca]
RSSI: -62 [da:19:54:c7:0b:9e]
RSSI: -82 [da:16:4b:bb:02:fa]
RSSI: -57 [da:19:54:d7:0b:ce]
RSSI: -83 [da:16:4b:bb:02:fa]
RSSI: -62 [da:19:54:d7:0b:ce]
RSSI: -81 [da:16:4b:c8:03:1a]
RSSI: -81 [da:16:4b:c8:03:1a]
RSSI: -61 [da:19:54:e3:0b:ee]
RSSI: -58 [da:19:54:e3:0b:ee]
RSSI: -79 [da:16:4b:d6:03:4a]
RSSI: -80 [da:16:4b:d6:03:4a]
RSSI: -61 [da:19:54:f3:0c:1e]
RSSI: -78 [da:16:4b:e5:03:6a]
RSSI: -63 [da:19:55:02:0c:4e]
RSSI: -63 [da:19:55:02:0c:4e]
RSSI: -78 [da:16:4b:f1:03:8a]
RSSI: -59 [da:19:55:0e:0c:6e]
RSSI: -80 [da:16:4c:00:03:ba]
RSSI: -60 [da:19:55:1e:0c:9e]
RSSI: -59 [da:19:55:1e:0c:9e]
RSSI: -79 [da:16:4c:0f:03:ea]
RSSI: -65 [da:19:55:2d:0c:ce]
RSSI: -79 [da:16:4c:0f:03:ea]
RSSI: -91 [da:1b:f0:68:0c:0c]
RSSI: -64 [da:19:55:2d:0c:ce]
RSSI: -77 [da:16:4c:1b:04:0a]
RSSI: -66 [da:19:55:39:0c:ee]
RSSI: -66 [da:19:55:39:0c:ee]
RSSI: -63 [da:19:55:49:0d:1e]
RSSI: -78 [da:16:4c:39:04:5a]
RSSI: -68 [da:19:55:49:0d:1e]
RSSI: -68 [da:19:55:58:0d:4e]
RSSI: -91 [da:1b:f0:8f:0c:8c]
RSSI: -65 [da:19:55:58:0d:4e]
RSSI: -78 [da:16:4c:45:04:7a]
RSSI: -79 [da:16:4c:45:04:7a]
RSSI: -70 [da:19:55:65:0d:6e]
RSSI: -85 [da:1b:f0:9c:0c:ac]
RSSI: -71 [da:19:55:65:0d:6e]
RSSI: -78 [da:16:4c:54:04:aa]
RSSI: -90 [da:1b:f0:a9:0c:dc]
RSSI: -78 [da:16:4c:54:04:aa]
RSSI: -73 [da:19:55:74:0d:9e]
RSSI: -85 [da:1b:f0:b6:0d:0c]
RSSI: -81 [da:16:4c:63:04:da]
RSSI: -72 [da:19:55:83:0d:ce]
RSSI: -81 [da:16:4c:6f:04:fa]
RSSI: -75 [da:19:55:83:0d:ce]
RSSI: -81 [da:16:4c:6f:04:fa]
RSSI: -85 [da:1b:f0:c3:0d:2c]
RSSI: -76 [da:19:55:90:0d:ee]
RSSI: -86 [da:1b:f0:c3:0d:2c]
RSSI: -80 [da:16:4c:7e:05:1a]
RSSI: -71 [da:19:55:90:0d:ee]
RSSI: -82 [da:16:4c:7e:05:1a]
RSSI: -76 [da:19:55:9f:0e:1e]
RSSI: -87 [da:1b:f0:dd:0d:8c]
RSSI: -82 [da:16:4c:8d:05:4a]
RSSI: -84 [da:16:4c:99:05:6a]
RSSI: -79 [da:19:55:ae:0e:3e]
RSSI: -85 [da:1b:f0:ea:0d:ac]
RSSI: -70 [da:19:55:bb:0e:6e]
RSSI: -78 [da:19:55:bb:0e:6e]
RSSI: -85 [da:16:4c:a8:05:9a]
RSSI: -87 [da:1b:f0:f7:0d:dc]
RSSI: -83 [da:1b:f1:04:0d:fc]
RSSI: -71 [da:19:55:ca:0e:9e]
RSSI: -71 [da:19:55:ca:0e:9e]
RSSI: -94 [da:16:4c:d2:06:0a]
RSSI: -82 [da:19:55:e6:0e:ee]
RSSI: -87 [da:1b:f1:2b:0e:7c]
RSSI: -76 [da:19:55:f5:0f:0e]
RSSI: -88 [da:19:55:f5:0f:0e]
RSSI: -85 [da:1b:f1:38:0e:ac]
RSSI: -82 [da:19:56:05:0f:3e]
RSSI: -84 [da:1b:f1:38:0e:ac]
RSSI: -77 [da:19:56:05:0f:3e]
RSSI: -84 [da:1b:f1:45:0e:dc]
RSSI: -83 [da:19:56:11:0f:6e]
RSSI: -83 [da:19:56:11:0f:6e]
RSSI: -86 [da:19:56:21:0f:8e]
RSSI: -85 [da:1b:f1:5f:0f:2c]
RSSI: -82 [da:19:56:21:0f:8e]
RSSI: -86 [da:1b:f1:5f:0f:2c]
RSSI: -82 [da:1b:f1:6c:0f:4c]
RSSI: -90 [da:16:4d:26:06:fa]
RSSI: -84 [da:19:56:3d:0f:de]
RSSI: -86 [da:1b:f1:79:0f:7c]
RSSI: -89 [da:16:4d:35:07:2a]
RSSI: -88 [da:19:56:4c:10:0e]
RSSI: -84 [da:1b:f1:94:0f:cc]
RSSI: -88 [da:16:4d:41:07:4a]
RSSI: -85 [da:19:56:5b:10:3e]
RSSI: -80 [da:19:56:68:10:5e]
RSSI: -94 [da:16:4d:5f:07:aa]
RSSI: -86 [da:1b:f1:ad:10:2c]
RSSI: -81 [da:19:56:77:10:8e]
RSSI: -81 [da:19:56:77:10:8e]
RSSI: -87 [da:1b:f1:bb:10:4c]
RSSI: -85 [da:1b:f1:bb:10:4c]
RSSI: -86 [da:19:56:86:10:be]
RSSI: -89 [da:1b:f1:c7:10:7c]
RSSI: -88 [da:1b:f1:c7:10:7c]
RSSI: -88 [da:16:4d:7a:07:ea]
RSSI: -87 [da:1b:f1:d5:10:9c]
RSSI: -89 [da:19:56:93:10:de]
RSSI: -90 [da:16:4d:89:08:1a]
RSSI: -82 [da:19:56:a2:11:0e]
RSSI: -81 [da:19:56:be:11:5e]
RSSI: -89 [da:1b:f1:fc:11:1c]
RSSI: -81 [da:19:56:be:11:5e]
RSSI: -93 [da:16:4d:b3:08:8a]
RSSI: -84 [da:19:56:ce:11:8e]
RSSI: -81 [da:19:56:ce:11:8e]
RSSI: -83 [da:19:56:dd:11:ae]
RSSI: -91 [da:16:4d:c0:08:ba]
RSSI: -83 [da:19:56:dd:11:ae]
RSSI: -91 [da:16:4d:dd:09:0a]
RSSI: -82 [da:19:56:f9:12:0e]
RSSI: -79 [da:19:57:08:12:2e]
RSSI: -79 [da:19:57:08:12:2e]
RSSI: -82 [da:19:57:15:12:5e]
RSSI: -77 [da:19:57:15:12:5e]
RSSI: -81 [da:19:57:24:12:7e]
RSSI: -79 [da:19:57:34:12:ae]
RSSI: -80 [da:19:57:34:12:ae]
RSSI: -94 [da:1b:f2:71:12:8c]
RSSI: -80 [da:19:57:40:12:ce]
RSSI: -82 [da:19:57:40:12:ce]
RSSI: -81 [da:19:57:50:12:fe]
RSSI: -80 [da:19:57:50:12:fe]
RSSI: -80 [da:19:57:50:12:fe]
RSSI: -81 [da:19:57:5f:13:2e]
RSSI: -89 [da:1b:f2:98:13:0c]
RSSI: -80 [da:19:57:5f:13:2e]
RSSI: -80 [da:19:57:6c:13:4e]
RSSI: -92 [da:16:4e:5b:0a:7a]
RSSI: -78 [da:19:57:7b:13:7e]
RSSI: -78 [da:19:57:7b:13:7e]
RSSI: -78 [da:19:57:8a:13:ae]
RSSI: -78 [da:19:57:8a:13:ae]
RSSI: -87 [da:1b:f2:cd:13:ac]
RSSI: -89 [da:16:4e:86:0a:ea]
RSSI: -89 [da:1b:f2:d9:13:dc]
RSSI: -87 [da:1b:f2:d9:13:dc]
RSSI: -79 [da:19:57:a6:13:ee]
RSSI: -93 [da:1b:f2:e7:13:fc]
RSSI: -82 [da:19:57:b6:14:1e]
RSSI: -79 [da:19:57:b6:14:1e]
RSSI: -87 [da:1b:f2:f4:14:2c]
RSSI: -79 [da:19:57:c2:14:3e]
RSSI: -83 [da:19:57:c2:14:3e]
RSSI: -86 [da:1b:f3:01:14:4c]
RSSI: -79 [da:19:57:d2:14:6e]
RSSI: -87 [da:1b:f3:0e:14:7c]
RSSI: -81 [da:19:57:e1:14:9e]
RSSI: -87 [da:1b:f3:1b:14:ac]
RSSI: -81 [da:19:57:e1:14:9e]
RSSI: -81 [da:19:57:ee:14:be]
RSSI: -83 [da:19:57:fd:14:de]
RSSI: -83 [da:1b:f3:35:14:fc]
RSSI: -93 [da:16:4e:ed:0c:1a]
RSSI: -93 [da:1b:f3:43:15:2c]
RSSI: -91 [da:16:4e:ed:0c:1a]
RSSI: -83 [da:19:58:0d:15:0e]
RSSI: -85 [da:1b:f3:4f:15:4c]
RSSI: -89 [da:1b:f3:4f:15:4c]
RSSI: -89 [da:1b:f3:4f:15:4c]
RSSI: -91 [da:19:58:29:15:5e]
RSSI: -86 [da:1b:f3:5d:15:7c]
RSSI: -85 [da:1b:f3:6a:15:9c]
RSSI: -84 [da:1b:f3:76:15:cc]
RSSI: -90 [da:1b:f3:84:15:ec]
RSSI: -85 [da:1b:f3:91:16:1c]
RSSI: -83 [da:1b:f3:91:16:1c]
RSSI: -87 [da:1b:f3:9e:16:4c]
RSSI: -92 [da:19:58:70:16:2e]
RSSI: -87 [da:1b:f3:ab:16:6c]
RSSI: -87 [da:1b:f3:b8:00:0c]
RSSI: -85 [da:1b:f3:c5:00:2c]
RSSI: -83 [da:1b:f3:e0:00:7c]
RSSI: -91 [da:1b:f3:ec:00:ac]
RSSI: -86 [da:1b:f3:fa:00:cc]
RSSI: -83 [da:1b:f4:07:00:fc]
RSSI: -85 [da:1b:f4:14:01:2c]
RSSI: -84 [da:1b:f4:26:01:5c]
RSSI: -86 [da:1b:f4:26:01:5c]
RSSI: -87 [da:1b:f4:37:01:9c]
RSSI: -90 [da:1b:f4:43:01:bc]
RSSI: -87 [da:1b:f4:6b:02:3c]
RSSI: -85 [da:1b:f4:78:02:6c]
RSSI: -92 [da:19:59:3d:01:ee]
RSSI: -86 [da:19:59:4f:02:1e]
RSSI: -90 [da:19:59:4f:02:1e]
RSSI: -86 [da:19:59:5f:02:4e]
RSSI: -92 [da:1b:f4:a0:02:dc]
RSSI: -87 [da:19:59:6e:02:7e]
RSSI: -86 [da:1b:f4:ad:03:0c]
RSSI: -88 [da:19:59:7b:02:9e]
RSSI: -86 [da:1b:f4:b9:03:2c]
RSSI: -88 [da:19:59:7b:02:9e]
RSSI: -86 [da:1b:f4:b9:03:2c]
RSSI: -89 [da:19:59:9a:02:fe]
RSSI: -89 [da:19:59:9a:02:fe]
RSSI: -89 [da:19:59:a7:03:1e]
RSSI: -87 [da:19:59:a7:03:1e]
RSSI: -87 [da:19:59:b6:03:4e]
RSSI: -87 [da:19:59:c6:03:6e]
RSSI: -85 [da:1b:f4:fc:03:fc]
RSSI: -93 [da:19:59:c6:03:6e]
RSSI: -85 [da:19:59:d2:03:9e]
RSSI: -86 [da:1b:f5:08:04:2c]
RSSI: -86 [da:1b:f5:16:04:4c]
RSSI: -86 [da:19:59:e2:03:be]
RSSI: -85 [da:19:59:e2:03:be]
RSSI: -89 [da:1b:f5:23:04:7c]
RSSI: -84 [da:19:59:e2:03:be]
RSSI: -88 [da:1b:f5:30:04:9c]
RSSI: -93 [da:16:50:f8:11:ea]
RSSI: -87 [da:19:5a:1d:04:6e]
RSSI: -86 [da:1b:f5:57:05:1c]
RSSI: -90 [da:19:5a:29:04:8e]
RSSI: -88 [da:1b:f5:65:05:4c]
RSSI: -86 [da:1b:f5:72:05:7c]
RSSI: -86 [da:1b:f5:7f:05:9c]
RSSI: -88 [da:19:5a:55:05:0e]
RSSI: -89 [da:19:5a:55:05:0e]
RSSI: -86 [da:1b:f5:9a:05:ec]
RSSI: -86 [da:1b:f5:a6:06:1c]
RSSI: -84 [da:19:5a:74:05:5e]
RSSI: -90 [da:19:5a:81:05:7e]
RSSI: -89 [da:19:5a:81:05:7e]
RSSI: -86 [da:1b:f5:c1:06:6c]
RSSI: -89 [da:19:5a:91:05:ae]
RSSI: -86 [da:19:5a:91:05:ae]
RSSI: -89 [da:1b:f5:ce:06:9c]
RSSI: -87 [da:19:5a:a0:05:de]
RSSI: -92 [da:1b:f5:db:06:bc]
RSSI: -84 [da:19:5a:ad:05:fe]
RSSI: -85 [da:19:5a:ad:05:fe]
RSSI: -85 [da:19:5a:bc:06:2e]
RSSI: -84 [da:19:5a:bc:06:2e]
RSSI: -84 [da:19:5a:cc:06:5e]
RSSI: -90 [da:16:51:be:14:1a]
RSSI: -85 [da:19:5a:d8:06:7e]
RSSI: -87 [da:1b:f6:1d:07:8c]
RSSI: -83 [da:19:5a:e8:06:ae]
RSSI: -81 [da:19:5a:f8:06:de]
RSSI: -79 [da:19:5b:04:06:fe]
RSSI: -80 [da:19:5b:04:06:fe]
RSSI: -78 [da:19:5b:14:07:2e]
RSSI: -79 [da:19:5b:14:07:2e]
RSSI: -81 [da:19:5b:23:07:4e]
RSSI: -78 [da:19:5b:23:07:4e]
RSSI: -79 [da:19:5b:30:07:7e]
RSSI: -87 [da:1b:f6:6c:08:8c]
RSSI: -78 [da:19:5b:3f:07:9e]
RSSI: -77 [da:19:5b:4f:07:ce]
RSSI: -78 [da:19:5b:4f:07:ce]
RSSI: -87 [da:1b:f6:94:09:0c]
RSSI: -82 [da:19:5b:5c:07:ee]
RSSI: -77 [da:19:5b:5c:07:ee]
RSSI: -84 [da:19:5b:6b:08:1e]
RSSI: -78 [da:19:5b:7b:08:4e]
RSSI: -80 [da:19:5b:7b:08:4e]
RSSI: -80 [da:19:5b:7b:08:4e]
RSSI: -88 [da:1b:f6:bb:09:8c]
RSSI: -79 [da:19:5b:87:08:6e]
RSSI: -80 [da:19:5b:87:08:6e]
RSSI: -79 [da:19:5b:97:08:9e]
RSSI: -81 [da:19:5b:a6:08:ce]
RSSI: -85 [da:19:5b:a6:08:ce]
RSSI: -80 [da:19:5b:b3:08:ee]
RSSI: -77 [da:19:5b:c3:09:1e]
RSSI: -80 [da:19:5b:c3:09:1e]
RSSI: -87 [da:19:5b:d2:09:3e]
RSSI: -78 [da:19:5b:d2:09:3e]
RSSI: -95 [da:16:52:bd:00:ca]
RSSI: -89 [da:16:52:cc:00:ea]
RSSI: -83 [da:19:5b:ef:09:9e]
RSSI: -82 [da:19:5b:fe:09:be]
RSSI: -94 [da:14:6e:fb:01:5b]
RSSI: -92 [da:16:52:f6:01:6a]
RSSI: -78 [da:19:5c:0b:09:ee]
RSSI: -83 [da:19:5c:1a:0a:1e]
RSSI: -76 [da:19:5c:1a:0a:1e]
RSSI: -76 [da:19:5c:2a:0a:4e]
RSSI: -87 [da:16:53:12:01:ba]
RSSI: -73 [da:19:5c:36:0a:6e]
RSSI: -75 [da:19:5c:36:0a:6e]
RSSI: -88 [da:16:53:21:01:da]
RSSI: -71 [da:19:5c:46:0a:9e]
RSSI: -92 [da:14:6f:33:01:fb]
RSSI: -72 [da:19:5c:46:0a:9e]
RSSI: -90 [da:1b:f7:82:0c:0c]
RSSI: -74 [da:19:5c:56:0a:ce]
RSSI: -93 [da:14:6f:52:02:5b]
RSSI: -87 [da:16:53:4c:02:5a]
RSSI: -89 [da:1b:f7:9d:0c:6c]
RSSI: -73 [da:19:5c:62:0a:ee]
RSSI: -87 [da:16:53:5b:02:8a]
RSSI: -87 [da:16:53:5b:02:8a]
RSSI: -70 [da:19:5c:72:0b:1e]
RSSI: -91 [da:1b:f7:aa:0c:8c]
RSSI: -85 [da:16:53:5b:02:8a]
RSSI: -68 [da:19:5c:81:0b:4e]
RSSI: -71 [da:19:5c:8e:0b:6e]
RSSI: -82 [da:16:53:76:02:da]
RSSI: -68 [da:19:5c:8e:0b:6e]
RSSI: -81 [da:16:53:85:02:fa]
RSSI: -70 [da:19:5c:9e:0b:9e]
RSSI: -81 [da:16:53:92:03:1a]
RSSI: -80 [da:16:53:92:03:1a]
RSSI: -68 [da:19:5c:ad:0b:ce]
RSSI: -80 [da:16:53:92:03:1a]
RSSI: -80 [da:16:53:a1:03:4a]
RSSI: -79 [da:16:53:b0:03:7a]
RSSI: -79 [da:16:53:b0:03:7a]
RSSI: -68 [da:19:5c:ca:0c:1e]
RSSI: -87 [da:1b:f8:07:0d:bc]
RSSI: -80 [da:16:53:bd:03:9a]
RSSI: -69 [da:19:5c:d9:0c:4e]
RSSI: -71 [da:19:5c:d9:0c:4e]
RSSI: -79 [da:16:53:cc:03:ca]
RSSI: -79 [da:16:53:cc:03:ca]
RSSI: -70 [da:19:5c:e6:0c:6e]
RSSI: -77 [da:16:53:db:03:ea]
RSSI: -70 [da:19:5c:f6:0c:9e]
RSSI: -80 [da:16:53:db:03:ea]
RSSI: -89 [da:1b:f8:2f:0e:3c]
RSSI: -71 [da:19:5c:f6:0c:9e]
RSSI: -85 [da:1b:f8:2f:0e:3c]
RSSI: -77 [da:16:53:e7:04:1a]
RSSI: -73 [da:19:5d:05:0c:ce]
RSSI: -76 [da:16:53:e7:04:1a]
RSSI: -87 [da:1b:f8:3c:0e:5c]
RSSI: -71 [da:19:5d:05:0c:ce]
RSSI: -86 [da:1b:f8:49:0e:8c]
RSSI: -75 [da:19:5d:12:0c:ee]
RSSI: -79 [da:16:54:05:04:6a]
RSSI: -86 [da:1b:f8:56:0e:ac]
RSSI: -80 [da:16:54:05:04:6a]
RSSI: -75 [da:19:5d:21:0d:1e]
RSSI: -76 [da:19:5d:21:0d:1e]
RSSI: -77 [da:16:54:12:04:8a]
RSSI: -88 [da:1b:f8:64:0e:dc]
RSSI: -80 [da:16:54:12:04:8a]
RSSI: -73 [da:19:5d:31:0d:4e]
RSSI: -88 [da:1b:f8:70:0f:0c]
RSSI: -77 [da:16:54:21:04:ba]
RSSI: -87 [da:1b:f8:70:0f:0c]
RSSI: -75 [da:19:5d:3e:0d:6e]
RSSI: -80 [da:16:54:30:04:ea]
RSSI: -79 [da:19:5d:4d:0d:9e]
RSSI: -78 [da:19:5d:4d:0d:9e]
RSSI: -81 [da:16:54:3d:05:0a]
RSSI: -86 [da:1b:f8:8c:0f:5c]
RSSI: -81 [da:16:54:3d:05:0a]
RSSI: -81 [da:19:5d:5d:0d:ce]
RSSI: -86 [da:1b:f8:98:0f:8c]
RSSI: -80 [da:16:54:4c:05:3a]
RSSI: -77 [da:19:5d:6a:0d:ee]
RSSI: -82 [da:16:54:4c:05:3a]
RSSI: -79 [da:19:5d:6a:0d:ee]
RSSI: -81 [da:16:54:5b:05:5a]
RSSI: -76 [da:19:5d:79:0e:1e]
RSSI: -82 [da:16:54:68:05:8a]
RSSI: -78 [da:19:5d:79:0e:1e]
RSSI: -83 [da:16:54:68:05:8a]
RSSI: -81 [da:19:5d:89:0e:4e]
RSSI: -86 [da:16:54:77:05:aa]
RSSI: -87 [da:16:54:77:05:aa]
RSSI: -79 [da:19:5d:96:0e:6e]
RSSI: -89 [da:1b:f8:ce:10:2c]
RSSI: -86 [da:16:54:86:05:da]
RSSI: -80 [da:19:5d:96:0e:6e]
RSSI: -86 [da:1b:f8:db:10:5c]
RSSI: -79 [da:19:5d:a5:0e:9e]
RSSI: -88 [da:1b:f8:e8:10:8c]
RSSI: -80 [da:19:5d:b5:0e:ce]
RSSI: -92 [da:16:54:a2:06:2a]
RSSI: -89 [da:1b:f8:f6:10:bc]
RSSI: -91 [da:16:54:a2:06:2a]
RSSI: -81 [da:19:5d:c1:0e:ee]
RSSI: -88 [da:1b:f9:03:10:dc]
RSSI: -89 [da:1b:f9:03:10:dc]
RSSI: -87 [da:19:5d:d1:0f:1e]
RSSI: -82 [da:19:5d:e1:0f:4e]
RSSI: -80 [da:19:5d:e1:0f:4e]
RSSI: -81 [da:19:5d:ed:0f:6e]
RSSI: -85 [da:19:5d:fd:0f:9e]
RSSI: -91 [da:19:5e:0d:0f:ce]
RSSI: -86 [da:16:54:f7:07:1a]
RSSI: -85 [da:19:5e:19:0f:ee]
RSSI: -90 [da:16:55:06:07:4a]
RSSI: -94 [da:1b:f9:60:12:0c]
RSSI: -84 [da:19:5e:39:10:4e]
RSSI: -91 [da:16:55:22:07:9a]
RSSI: -89 [da:19:5e:39:10:4e]
RSSI: -86 [da:1b:f9:95:12:ac]
RSSI: -91 [da:19:5e:65:10:ce]
RSSI: -88 [da:19:5e:65:10:ce]
RSSI: -86 [da:1b:f9:a3:12:dc]
RSSI: -87 [da:16:55:5c:08:3a]
RSSI: -86 [da:1b:f9:b0:13:0c]
RSSI: -88 [da:19:5e:81:11:1e]
RSSI: -87 [da:1b:f9:cb:13:5c]
RSSI: -86 [da:19:5e:9e:11:6e]
RSSI: -92 [da:16:55:87:08:ba]
RSSI: -83 [da:19:5e:ad:11:9e]
RSSI: -88 [da:19:5e:bd:11:ce]
RSSI: -82 [da:19:5e:bd:11:ce]
RSSI: -88 [da:1b:f9:ff:13:fc]
RSSI: -85 [da:19:5e:ca:11:ee]
RSSI: -88 [da:1b:fa:0d:14:2c]
RSSI: -88 [da:1b:fa:1b:14:5c]
RSSI: -81 [da:19:5e:e9:12:4e]
RSSI: -88 [da:1b:fa:27:14:7c]
RSSI: -87 [da:19:5e:f6:12:6e]
RSSI: -86 [da:1b:fa:35:14:ac]
RSSI: -78 [da:19:5e:f6:12:6e]
RSSI: -85 [da:1b:fa:35:14:ac]
RSSI: -87 [da:1b:fa:43:14:cc]
RSSI: -82 [da:19:5f:15:12:ce]
RSSI: -80 [da:19:5f:22:12:ee]
RSSI: -86 [da:1b:fa:5d:15:2c]
RSSI: -79 [da:19:5f:22:12:ee]
RSSI: -91 [da:1b:fa:5d:15:2c]
RSSI: -81 [da:19:5f:22:12:ee]
RSSI: -92 [da:16:56:14:0a:4a]
RSSI: -79 [da:19:5f:31:13:1e]
RSSI: -84 [da:1b:fa:77:15:7c]
RSSI: -77 [da:19:5f:4e:13:6e]
RSSI: -77 [da:19:5f:4e:13:6e]
RSSI: -77 [da:19:5f:4e:13:6e]
RSSI: -77 [da:19:5f:5e:13:9e]
RSSI: -78 [da:1b:fa:a0:15:fc]
RSSI: -76 [da:19:5f:6d:13:ce]
RSSI: -76 [da:1b:fa:ad:16:1c]
RSSI: -78 [da:19:5f:7a:13:ee]
RSSI: -79 [da:19:5f:7a:13:ee]
RSSI: -78 [da:1b:fa:bb:16:4c]
RSSI: -79 [da:19:5f:8a:14:1e]
RSSI: -76 [da:1b:fa:c8:16:7c]
RSSI: -77 [da:19:5f:8a:14:1e]
RSSI: -80 [da:1b:fa:c8:16:7c]
RSSI: -81 [da:19:5f:99:14:4e]
RSSI: -74 [da:1b:fa:d5:00:2c]
RSSI: -78 [da:1b:fa:e3:00:5c]
RSSI: -81 [da:19:5f:a6:14:6e]
RSSI: -78 [da:1b:fa:e3:00:5c]
RSSI: -80 [da:19:5f:a6:14:6e]
RSSI: -76 [da:1b:fa:e3:00:5c]
RSSI: -75 [da:1b:fa:f0:00:7c]
RSSI: -78 [da:1b:fa:f0:00:7c]
RSSI: -80 [da:19:5f:b6:14:9e]
RSSI: -75 [da:1b:fa:fd:00:ac]
RSSI: -77 [da:1b:fa:fd:00:ac]
RSSI: -78 [da:19:5f:c6:14:be]
RSSI: -77 [da:1b:fa:fd:00:ac]
RSSI: -79 [da:1b:fb:0b:00:dc]
RSSI: -81 [da:19:5f:d2:14:ee]
RSSI: -76 [da:1b:fb:0b:00:dc]
RSSI: -81 [da:19:5f:e2:15:0e]
RSSI: -79 [da:1b:fb:18:00:fc]
RSSI: -81 [da:19:5f:e2:15:0e]
RSSI: -82 [da:19:5f:e2:15:0e]
RSSI: -93 [da:16:56:cf:0c:6a]
RSSI: -81 [da:19:5f:e2:15:0e]
RSSI: -81 [da:1b:fb:26:01:2c]
RSSI: -82 [da:19:5f:f2:15:3e]
RSSI: -87 [da:1b:fb:40:01:7c]
RSSI: -89 [da:1b:fb:4e:01:ac]
RSSI: -84 [da:19:60:1e:15:be]
RSSI: -85 [da:19:60:1e:15:be]
RSSI: -89 [da:1b:fb:5b:01:dc]
RSSI: -83 [da:19:60:2a:15:de]
RSSI: -89 [da:1b:fb:68:01:fc]
RSSI: -83 [da:1b:fb:68:01:fc]
RSSI: -82 [da:1b:fb:76:02:2c]
RSSI: -85 [da:19:60:3a:16:0e]
RSSI: -85 [da:1b:fb:76:02:2c]
RSSI: -83 [da:1b:fb:84:02:5c]
RSSI: -87 [da:19:60:4a:16:2e]
RSSI: -84 [da:1b:fb:84:02:5c]
RSSI: -83 [da:1b:fb:90:02:7c]
RSSI: -86 [da:19:60:57:16:5e]
RSSI: -82 [da:1b:fb:90:02:7c]
RSSI: -88 [da:19:60:67:00:2e]
RSSI: -88 [da:19:60:76:00:5e]
RSSI: -87 [da:19:60:76:00:5e]
RSSI: -84 [da:1b:fb:b8:02:fc]
RSSI: -85 [da:19:60:83:00:7e]
RSSI: -94 [da:16:57:7b:0e:5a]
RSSI: -87 [da:1b:fb:e0:03:7c]
RSSI: -85 [da:19:60:af:00:fe]
RSSI: -85 [da:1b:fb:ee:03:ac]
RSSI: -84 [da:1b:fb:ee:03:ac]
RSSI: -88 [da:1b:fb:fc:03:cc]
RSSI: -86 [da:19:60:bf:01:1e]
RSSI: -84 [da:1b:fc:09:03:fc]
RSSI: -84 [da:1b:fc:09:03:fc]
RSSI: -84 [da:1b:fc:16:04:2c]
RSSI: -85 [da:1b:fc:16:04:2c]
RSSI: -86 [da:1b:fc:31:04:7c]
RSSI: -84 [da:1b:fc:3f:04:ac]
RSSI: -86 [da:1b:fc:4c:04:cc]
RSSI: -87 [da:19:61:18:02:1e]
RSSI: -84 [da:1b:fc:59:04:fc]
RSSI: -83 [da:1b:fc:67:05:2c]
RSSI: -88 [da:19:61:34:02:6e]
RSSI: -89 [da:19:61:34:02:6e]
RSSI: -85 [da:1b:fc:75:05:4c]
RSSI: -83 [da:1b:fc:75:05:4c]
RSSI: -87 [da:1b:fc:81:05:7c]
RSSI: -84 [da:1b:fc:8f:05:ac]
RSSI: -86 [da:1b:fc:8f:05:ac]
RSSI: -90 [da:1b:fc:9d:05:cc]
RSSI: -88 [da:19:61:60:02:ee]
RSSI: -84 [da:1b:fc:9d:05:cc]
RSSI: -86 [da:19:61:60:02:ee]
RSSI: -85 [da:1b:fc:9d:05:cc]
RSSI: -88 [da:19:61:80:03:3e]
RSSI: -88 [da:1b:fc:c5:06:4c]
RSSI: -94 [da:19:61:9c:03:8e]
RSSI: -94 [da:1b:fc:fa:06:fc]
RSSI: -90 [da:16:58:a9:11:ba]
RSSI: -92 [da:19:61:c9:03:fe]
RSSI: -92 [da:1b:fd:30:07:ac]
RSSI: -94 [da:16:58:e3:12:5a]
RSSI: -89 [da:19:61:f5:04:7e]
RSSI: -90 [da:19:62:05:04:ae]
RSSI: -91 [da:1b:fd:3e:07:dc]
RSSI: -88 [da:19:62:11:04:ce]
RSSI: -95 [da:16:59:0f:12:da]
RSSI: -87 [da:19:62:21:04:fe]
RSSI: -89 [da:19:62:31:05:2e]
RSSI: -88 [da:1b:fd:67:08:5c]
RSSI: -87 [da:19:62:3e:05:4e]
RSSI: -94 [da:19:62:4e:05:7e]
RSSI: -94 [da:16:59:3a:13:4a]
RSSI: -86 [da:19:62:4e:05:7e]
RSSI: -94 [da:16:59:56:13:9a]
RSSI: -86 [da:19:62:6a:05:ce]
RSSI: -94 [da:16:59:56:13:9a]
RSSI: -95 [da:16:59:56:13:9a]
RSSI: -89 [da:16:59:65:13:ca]
RSSI: -85 [da:19:62:7a:05:fe]
RSSI: -87 [da:19:62:97:06:4e]
RSSI: -91 [da:16:59:81:14:1a]
RSSI: -84 [da:19:62:97:06:4e]
RSSI: -84 [da:19:62:a7:06:7e]
RSSI: -81 [da:19:62:b6:06:ae]
RSSI: -81 [da:19:62:b6:06:ae]
RSSI: -81 [da:19:62:c3:06:ce]
RSSI: -79 [da:19:62:c3:06:ce]
RSSI: -78 [da:19:62:d3:06:fe]
RSSI: -77 [da:19:62:e3:07:2e]
RSSI: -76 [da:19:62:e3:07:2e]
RSSI: -74 [da:19:62:ef:07:4e]
RSSI: -77 [da:19:62:ef:07:4e]
RSSI: -74 [da:19:62:ff:07:7e]
RSSI: -75 [da:19:63:0f:07:ae]
RSSI: -74 [da:19:63:1c:07:ce]
RSSI: -74 [da:19:63:1c:07:ce]
RSSI: -73 [da:19:63:2c:07:fe]
RSSI: -73 [da:19:63:2c:07:fe]
RSSI: -88 [da:1b:fe:74:0b:ac]
RSSI: -72 [da:19:63:3c:08:2e]
RSSI: -74 [da:19:63:48:08:4e]
RSSI: -94 [da:16:5a:2e:16:0a]
RSSI: -71 [da:19:63:48:08:4e]
RSSI: -74 [da:19:63:58:08:7e]
RSSI: -88 [da:1b:fe:9c:0c:2c]
RSSI: -74 [da:19:63:68:08:ae]
RSSI: -86 [da:1b:fe:aa:0c:5c]
RSSI: -73 [da:19:63:75:08:de]
RSSI: -72 [da:19:63:75:08:de]
RSSI: -70 [da:19:63:85:09:0e]
RSSI: -71 [da:19:63:95:09:2e]
RSSI: -95 [da:14:76:8b:01:6b]
RSSI: -71 [da:19:63:a1:09:5e]
RSSI: -71 [da:19:63:a1:09:5e]
RSSI: -71 [da:19:63:b1:09:8e]
RSSI: -94 [da:16:5a:a1:00:fa]
RSSI: -70 [da:19:63:c1:09:be]
RSSI: -92 [da:14:76:c4:02:0b]
RSSI: -90 [da:16:5a:c0:01:5a]
RSSI: -86 [da:1b:ff:15:0d:bc]
RSSI: -73 [da:19:63:de:0a:0e]
RSSI: -83 [da:1b:ff:15:0d:bc]
RSSI: -73 [da:19:63:de:0a:0e]
RSSI: -83 [da:1b:ff:15:0d:bc]
RSSI: -87 [da:1b:ff:23:0d:ec]
RSSI: -71 [da:19:63:ee:0a:3e]
RSSI: -85 [da:1b:ff:23:0d:ec]
RSSI: -84 [da:1b:ff:30:0e:0c]
RSSI: -69 [da:19:63:fa:0a:5e]
RSSI: -85 [da:1b:ff:30:0e:0c]
RSSI: -68 [da:19:63:fa:0a:5e]
RSSI: -84 [da:1b:ff:3e:0e:3c]
RSSI: -84 [da:1b:ff:3e:0e:3c]
RSSI: -65 [da:19:64:0a:0a:8e]
RSSI: -88 [da:16:5a:f8:01:fa]
RSSI: -85 [da:1b:ff:4c:0e:6c]
RSSI: -65 [da:19:64:1a:0a:be]
RSSI: -65 [da:19:64:1a:0a:be]
RSSI: -88 [da:16:5b:07:02:1a]
RSSI: -89 [da:16:5b:07:02:1a]
RSSI: -64 [da:19:64:27:0a:de]
RSSI: -63 [da:19:64:27:0a:de]
RSSI: -83 [da:1b:ff:66:0e:bc]
RSSI: -62 [da:19:64:37:0b:0e]
RSSI: -61 [da:19:64:47:0b:3e]
RSSI: -60 [da:19:64:47:0b:3e]
RSSI: -87 [da:16:5b:33:02:9a]
RSSI: -59 [da:19:64:47:0b:3e]
RSSI: -86 [da:1b:ff:81:0f:0c]
RSSI: -84 [da:16:5b:33:02:9a]
RSSI: -83 [da:16:5b:42:02:ca]
RSSI: -61 [da:19:64:54:0b:5e]
RSSI: -84 [da:16:5b:42:02:ca]
RSSI: -88 [da:1b:ff:9d:0f:6c]
RSSI: -61 [da:19:64:64:0b:8e]
RSSI: -60 [da:19:64:64:0b:8e]
RSSI: -88 [da:16:5b:5e:03:1a]
RSSI: -81 [da:16:5b:5e:03:1a]
RSSI: -58 [da:19:64:80:0b:de]
RSSI: -81 [da:16:5b:6d:03:4a]
RSSI: -61 [da:19:64:80:0b:de]
RSSI: -80 [da:16:5b:6d:03:4a]
RSSI: -86 [da:1b:ff:c5:0f:ec]
RSSI: -58 [da:19:64:90:0c:0e]
RSSI: -89 [da:1b:ff:d2:10:1c]
RSSI: -61 [da:19:64:a0:0c:3e]
RSSI: -61 [da:19:64:a0:0c:3e]
RSSI: -86 [da:1b:ff:e0:10:3c]
RSSI: -87 [da:1b:ff:e0:10:3c]
RSSI: -87 [da:1b:ff:e0:10:3c]
RSSI: -62 [da:19:64:ad:0c:5e]
RSSI: -78 [da:16:5b:99:03:ba]
RSSI: -79 [da:16:5b:99:03:ba]
RSSI: -61 [da:19:64:ad:0c:5e]
RSSI: -86 [da:1b:ff:ee:10:6c]
RSSI: -77 [da:16:5b:a5:03:da]
RSSI: -63 [da:19:64:bd:0c:8e]
RSSI: -79 [da:16:5b:a5:03:da]
RSSI: -88 [da:1b:ff:fb:10:9c]
RSSI: -63 [da:19:64:cd:0c:be]
RSSI: -77 [da:16:5b:b5:04:0a]
RSSI: -61 [da:19:64:cd:0c:be]
RSSI: -90 [da:1c:00:09:10:bc]
RSSI: -78 [da:16:5b:c4:04:3a]
RSSI: -64 [da:19:64:d9:0c:ee]
RSSI: -78 [da:16:5b:c4:04:3a]
RSSI: -66 [da:19:64:e9:0d:1e]
RSSI: -66 [da:19:64:e9:0d:1e]
RSSI: -68 [da:19:64:f9:0d:4e]
RSSI: -78 [da:16:5b:e0:04:8a]
RSSI: -89 [da:1c:00:31:11:3c]
RSSI: -68 [da:19:64:f9:0d:4e]
RSSI: -78 [da:16:5b:f0:04:aa]
RSSI: -65 [da:19:65:06:0d:6e]
RSSI: -78 [da:16:5b:f0:04:aa]
RSSI: -66 [da:19:65:06:0d:6e]
RSSI: -69 [da:19:65:16:0d:9e]
RSSI: -69 [da:19:65:16:0d:9e]
RSSI: -79 [da:16:5c:0c:04:fa]
RSSI: -72 [da:19:65:26:0d:ce]
RSSI: -79 [da:16:5c:0c:04:fa]
RSSI: -79 [da:16:5c:0c:04:fa]
RSSI: -72 [da:19:65:26:0d:ce]
RSSI: -79 [da:16:5c:0c:04:fa]
RSSI: -80 [da:16:5c:1b:05:2a]
RSSI: -75 [da:19:65:33:0d:ee]
RSSI: -81 [da:16:5c:1b:05:2a]
RSSI: -76 [da:19:65:33:0d:ee]
RSSI: -81 [da:16:5c:28:05:4a]
RSSI: -76 [da:19:65:43:0e:1e]
RSSI: -76 [da:19:65:43:0e:1e]
RSSI: -76 [da:19:65:53:0e:4e]
RSSI: -82 [da:16:5c:37:05:7a]
RSSI: -73 [da:19:65:53:0e:4e]
RSSI: -84 [da:16:5c:47:05:aa]
RSSI: -85 [da:16:5c:47:05:aa]
RSSI: -88 [da:1c:00:9d:12:9c]
RSSI: -88 [da:1c:00:9d:12:9c]
RSSI: -85 [da:16:5c:53:05:ca]
RSSI: -76 [da:19:65:70:0e:9e]
RSSI: -75 [da:19:65:70:0e:9e]
RSSI: -77 [da:19:65:80:0e:ce]
RSSI: -73 [da:19:65:8c:0e:ee]
RSSI: -91 [da:16:5c:7f:06:4a]
RSSI: -81 [da:19:65:9c:0f:1e]
RSSI: -76 [da:19:65:9c:0f:1e]
RSSI: -81 [da:19:65:ac:0f:4e]
RSSI: -81 [da:19:65:ac:0f:4e]
RSSI: -89 [da:1c:00:ef:13:9c]
RSSI: -86 [da:19:65:b9:0f:6e]
RSSI: -80 [da:19:65:b9:0f:6e]
RSSI: -77 [da:19:65:c9:0f:9e]
RSSI: -83 [da:19:65:c9:0f:9e]
RSSI: -82 [da:19:65:d9:0f:ce]
RSSI: -88 [da:16:5c:c9:07:1a]
RSSI: -88 [da:16:5c:c9:07:1a]
RSSI: -82 [da:19:65:f6:10:2e]
RSSI: -84 [da:19:65:f6:10:2e]
RSSI: -78 [da:19:66:06:10:5e]
RSSI: -87 [da:1c:01:40:14:9c]
RSSI: -82 [da:19:66:06:10:5e]
RSSI: -85 [da:1c:01:40:14:9c]
RSSI: -86 [da:1c:01:4e:14:cc]
RSSI: -77 [da:19:66:12:10:7e]
RSSI: -87 [da:1c:01:4e:14:cc]
RSSI: -81 [da:1c:01:5c:14:ec]
RSSI: -80 [da:19:66:22:10:ae]
RSSI: -78 [da:19:66:32:10:de]
RSSI: -79 [da:19:66:32:10:de]
RSSI: -80 [da:1c:01:69:15:1c]
RSSI: -79 [da:1c:01:69:15:1c]
RSSI: -80 [da:19:66:3f:11:0e]
RSSI: -81 [da:19:66:3f:11:0e]
RSSI: -80 [da:1c:01:7c:15:5c]
RSSI: -90 [da:16:5d:33:08:4a]
RSSI: -80 [da:19:66:4f:11:3e]
RSSI: -82 [da:1c:01:8c:15:8c]
RSSI: -82 [da:19:66:4f:11:3e]
RSSI: -80 [da:19:66:5f:11:5e]
RSSI: -78 [da:19:66:5f:11:5e]
RSSI: -76 [da:1c:01:99:15:ac]
RSSI: -92 [da:16:5d:52:08:9a]
RSSI: -74 [da:1c:01:a7:15:dc]
RSSI: -77 [da:19:66:6c:11:8e]
RSSI: -74 [da:1c:01:a7:15:dc]
RSSI: -77 [da:19:66:7c:11:be]
RSSI: -74 [da:1c:01:b5:16:0c]
RSSI: -76 [da:19:66:7c:11:be]
RSSI: -74 [da:1c:01:b5:16:0c]
RSSI: -75 [da:1c:01:c2:16:2c]
RSSI: -79 [da:19:66:8c:11:ee]
RSSI: -76 [da:1c:01:c2:16:2c]
RSSI: -77 [da:19:66:8c:11:ee]
RSSI: -76 [da:1c:01:de:00:0c]
RSSI: -75 [da:1c:01:de:00:0c]
RSSI: -82 [da:19:66:a9:12:3e]
RSSI: -82 [da:19:66:a9:12:3e]
RSSI: -75 [da:1c:01:eb:00:2c]
RSSI: -78 [da:19:66:b9:12:5e]
RSSI: -78 [da:19:66:c6:12:8e]
RSSI: -76 [da:19:66:c6:12:8e]
RSSI: -73 [da:1c:02:07:00:8c]
RSSI: -77 [da:19:66:d6:12:be]
RSSI: -76 [da:1c:02:13:00:ac]
RSSI: -75 [da:19:66:d6:12:be]
RSSI: -75 [da:1c:02:13:00:ac]
RSSI: -76 [da:19:66:e6:12:ee]
RSSI: -77 [da:19:66:e6:12:ee]
RSSI: -76 [da:1c:02:22:00:dc]
RSSI: -77 [da:1c:02:22:00:dc]
RSSI: -77 [da:1c:02:30:01:0c]
RSSI: -77 [da:19:66:f2:13:0e]
RSSI: -78 [da:1c:02:30:01:0c]
RSSI: -77 [da:19:67:03:13:3e]
RSSI: -79 [da:1c:02:3c:01:2c]
RSSI: -77 [da:19:67:03:13:3e]
RSSI: -79 [da:1c:02:3c:01:2c]
RSSI: -76 [da:19:67:13:13:6e]
RSSI: -82 [da:1c:02:4a:01:5c]
RSSI: -78 [da:19:67:13:13:6e]
RSSI: -73 [da:19:67:1f:13:8e]
RSSI: -88 [da:1c:02:65:01:ac]
RSSI: -75 [da:19:67:2f:13:be]
RSSI: -72 [da:19:67:2f:13:be]
RSSI: -76 [da:19:67:3f:13:ee]
RSSI: -89 [da:1c:02:73:01:dc]
RSSI: -75 [da:19:67:3f:13:ee]
RSSI: -85 [da:1c:02:73:01:dc]
RSSI: -82 [da:1c:02:81:02:0c]
RSSI: -82 [da:1c:02:81:02:0c]
RSSI: -84 [da:1c:02:81:02:0c]
RSSI: -76 [da:19:67:4c:14:0e]
RSSI: -75 [da:19:67:4c:14:0e]
RSSI: -80 [da:1c:02:8e:02:2c]
RSSI: -81 [da:1c:02:8e:02:2c]
RSSI: -75 [da:19:67:5c:14:3e]
RSSI: -77 [da:19:67:5c:14:3e]
RSSI: -82 [da:1c:02:9c:02:5c]
RSSI: -77 [da:19:67:5c:14:3e]
RSSI: -81 [da:1c:02:9c:02:5c]
RSSI: -77 [da:19:67:6c:14:6e]
RSSI: -75 [da:19:67:6c:14:6e]
RSSI: -80 [da:1c:02:aa:02:8c]
RSSI: -84 [da:1c:02:aa:02:8c]
RSSI: -78 [da:19:67:79:14:8e]
RSSI: -83 [da:1c:02:b7:02:ac]
RSSI: -80 [da:19:67:89:14:be]
RSSI: -84 [da:1c:02:c5:02:dc]
RSSI: -74 [da:19:67:99:14:ee]
RSSI: -86 [da:1c:02:d3:03:0c]
RSSI: -86 [da:1c:02:e0:03:2c]
RSSI: -94 [da:16:5e:91:0c:3a]
RSSI: -74 [da:19:67:a6:15:0e]
RSSI: -87 [da:1c:02:e0:03:2c]
RSSI: -85 [da:1c:02:ee:03:5c]
RSSI: -77 [da:19:67:b6:15:3e]
RSSI: -85 [da:1c:02:ee:03:5c]
RSSI: -76 [da:19:67:b6:15:3e]
RSSI: -82 [da:19:67:c6:15:5e]
RSSI: -92 [da:16:5e:b0:0c:8a]
RSSI: -84 [da:1c:02:fc:03:8c]
RSSI: -79 [da:19:67:c6:15:5e]
RSSI: -82 [da:1c:02:fc:03:8c]
RSSI: -82 [da:1c:03:09:03:bc]
RSSI: -85 [da:1c:03:09:03:bc]
RSSI: -86 [da:1c:03:17:03:dc]
RSSI: -93 [da:16:5e:cc:0c:da]
RSSI: -87 [da:1c:03:17:03:dc]
RSSI: -81 [da:19:67:e3:15:ae]
RSSI: -81 [da:19:67:e3:15:ae]
RSSI: -83 [da:1c:03:25:04:0c]
RSSI: -83 [da:19:68:08:16:1e]
RSSI: -84 [da:1c:03:4e:04:8c]
RSSI: -87 [da:19:68:29:00:2e]
RSSI: -84 [da:1c:03:5b:04:ac]
RSSI: -82 [da:1c:03:69:04:dc]
RSSI: -82 [da:19:68:35:00:5e]
RSSI: -87 [da:1c:03:69:04:dc]
RSSI: -83 [da:19:68:35:00:5e]
RSSI: -85 [da:1c:03:77:05:0c]
RSSI: -83 [da:1c:03:77:05:0c]
RSSI: -83 [da:19:68:45:00:7e]
RSSI: -84 [da:19:68:45:00:7e]
RSSI: -85 [da:1c:03:83:05:2c]
RSSI: -85 [da:1c:03:83:05:2c]
RSSI: -81 [da:19:68:52:00:ae]
RSSI: -87 [da:1c:03:92:05:5c]
RSSI: -82 [da:1c:03:a0:05:8c]
RSSI: -89 [da:19:68:6f:00:fe]
RSSI: -83 [da:1c:03:ac:05:ac]
RSSI: -78 [da:19:68:7b:01:1e]
RSSI: -84 [da:1c:03:bb:05:dc]
RSSI: -84 [da:1c:03:c9:06:0c]
RSSI: -86 [da:1c:03:d5:06:3c]
RSSI: -82 [da:19:68:a1:01:8e]
RSSI: -82 [da:1c:03:d5:06:3c]
RSSI: -88 [da:19:68:bb:01:ce]
RSSI: -90 [da:19:68:c7:01:fe]
RSSI: -83 [da:1c:03:fe:06:bc]
RSSI: -87 [da:19:68:d4:02:1e]
RSSI: -90 [da:19:68:ed:02:5e]
RSSI: -86 [da:19:68:fa:02:8e]
RSSI: -84 [da:19:68:fa:02:8e]
RSSI: -86 [da:19:69:07:02:ae]
RSSI: -86 [da:19:69:14:02:ce]
RSSI: -87 [da:19:69:14:02:ce]
RSSI: -87 [da:1c:04:5f:07:ec]
RSSI: -91 [da:19:69:3a:03:3e]
RSSI: -92 [da:19:69:60:03:9e]
RSSI: -91 [da:1c:04:96:08:9c]
RSSI: -87 [da:19:69:60:03:9e]
RSSI: -89 [da:19:69:6d:03:ce]
RSSI: -92 [da:1c:04:b1:08:fc]
RSSI: -90 [da:19:69:86:04:0e]
RSSI: -92 [da:16:60:92:11:fa]
RSSI: -94 [da:16:60:9f:12:1a]
RSSI: -95 [da:16:60:be:12:7a]
RSSI: -88 [da:19:69:df:05:0e]
RSSI: -88 [da:19:69:ec:05:3e]
RSSI: -89 [da:19:69:f8:05:5e]
RSSI: -87 [da:19:69:f8:05:5e]
RSSI: -88 [da:19:6a:05:05:7e]
RSSI: -89 [da:19:6a:05:05:7e]
RSSI: -87 [da:1c:05:47:0a:dc]
RSSI: -86 [da:19:6a:12:05:9e]
RSSI: -87 [da:19:6a:12:05:9e]
RSSI: -87 [da:19:6a:2b:05:ee]
RSSI: -85 [da:19:6a:38:06:0e]
RSSI: -87 [da:19:6a:45:06:2e]
RSSI: -86 [da:19:6a:45:06:2e]
RSSI: -87 [da:1c:05:7f:0b:8c]
RSSI: -91 [da:16:61:32:13:ca]
RSSI: -93 [da:16:61:32:13:ca]
RSSI: -85 [da:19:6a:52:06:5e]
RSSI: -84 [da:19:6a:5e:06:7e]
RSSI: -86 [da:19:6a:6b:06:9e]
RSSI: -81 [da:19:6a:6b:06:9e]
RSSI: -88 [da:1c:05:a8:0c:0c]
RSSI: -84 [da:19:6a:78:06:be]
RSSI: -89 [da:1c:05:b6:0c:3c]
RSSI: -80 [da:19:6a:85:06:de]
RSSI: -82 [da:19:6a:85:06:de]
RSSI: -83 [da:19:6a:91:07:0e]
RSSI: -79 [da:19:6a:91:07:0e]
RSSI: -91 [da:16:61:7b:14:9a]
RSSI: -80 [da:19:6a:9e:07:2e]
RSSI: -79 [da:19:6a:9e:07:2e]
RSSI: -89 [da:1c:05:df:0c:bc]
RSSI: -78 [da:19:6a:ab:07:4e]
RSSI: -78 [da:19:6a:b7:07:6e]
RSSI: -77 [da:19:6a:b7:07:6e]
RSSI: -75 [da:19:6a:b7:07:6e]
RSSI: -77 [da:19:6a:c4:07:9e]
RSSI: -77 [da:19:6a:c4:07:9e]
RSSI: -75 [da:19:6a:d1:07:be]
RSSI: -77 [da:19:6a:d1:07:be]
RSSI: -76 [da:19:6a:de:07:de]
RSSI: -86 [da:1c:06:15:0d:6c]
RSSI: -76 [da:19:6a:de:07:de]
RSSI: -83 [da:1c:06:15:0d:6c]
RSSI: -76 [da:19:6a:eb:08:0e]
RSSI: -87 [da:1c:06:23:0d:9c]
RSSI: -76 [da:19:6a:eb:08:0e]
RSSI: -84 [da:1c:06:23:0d:9c]
RSSI: -75 [da:19:6a:f7:08:2e]
RSSI: -75 [da:19:6a:f7:08:2e]
RSSI: -74 [da:19:6b:04:08:4e]
RSSI: -75 [da:19:6b:04:08:4e]
RSSI: -81 [da:1c:06:3e:0d:ec]
RSSI: -76 [da:19:6b:11:08:7e]
RSSI: -83 [da:1c:06:4d:0e:1c]
RSSI: -74 [da:19:6b:1e:08:9e]
RSSI: -77 [da:19:6b:1e:08:9e]
RSSI: -85 [da:1c:06:5b:0e:4c]
RSSI: -84 [da:1c:06:5b:0e:4c]
RSSI: -77 [da:19:6b:2a:08:be]
RSSI: -85 [da:1c:06:68:0e:6c]
RSSI: -77 [da:19:6b:37:08:ee]
RSSI: -76 [da:19:6b:37:08:ee]
RSSI: -84 [da:1c:06:76:0e:9c]
RSSI: -74 [da:19:6b:44:09:0e]
RSSI: -85 [da:1c:06:76:0e:9c]
RSSI: -75 [da:19:6b:44:09:0e]
RSSI: -85 [da:1c:06:84:0e:cc]
RSSI: -84 [da:1c:06:84:0e:cc]
RSSI: -75 [da:19:6b:51:09:2e]
RSSI: -74 [da:19:6b:5d:09:5e]
RSSI: -85 [da:1c:06:91:0e:fc]
RSSI: -74 [da:19:6b:5d:09:5e]
RSSI: -71 [da:19:6b:6a:09:7e]
RSSI: -74 [da:19:6b:6a:09:7e]
RSSI: -83 [da:1c:06:ad:0f:4c]
RSSI: -73 [da:19:6b:77:09:9e]
RSSI: -90 [da:14:7e:6d:02:0b]
RSSI: -74 [da:19:6b:84:09:be]
RSSI: -86 [da:1c:06:ba:0f:7c]
RSSI: -74 [da:19:6b:84:09:be]
RSSI: -84 [da:1c:06:ba:0f:7c]
RSSI: -71 [da:19:6b:91:09:ee]
RSSI: -92 [da:14:7e:7d:02:3b]
RSSI: -87 [da:1c:06:c9:0f:ac]
RSSI: -75 [da:19:6b:91:09:ee]
RSSI: -86 [da:1c:06:c9:0f:ac]
RSSI: -87 [da:1c:06:d7:0f:cc]
RSSI: -76 [da:19:6b:9d:0a:0e]
RSSI: -85 [da:1c:06:d7:0f:cc]
RSSI: -76 [da:19:6b:aa:0a:2e]
RSSI: -94 [da:16:62:93:01:7a]
RSSI: -89 [da:1c:06:e3:0f:fc]
RSSI: -75 [da:19:6b:b7:0a:5e]
RSSI: -76 [da:19:6b:b7:0a:5e]
RSSI: -74 [da:19:6b:c4:0a:7e]
RSSI: -86 [da:1c:07:00:10:5c]
RSSI: -73 [da:19:6b:d1:0a:9e]
RSSI: -72 [da:19:6b:d1:0a:9e]
RSSI: -89 [da:1c:07:0d:10:7c]
RSSI: -68 [da:19:6b:dd:0a:ce]
RSSI: -88 [da:16:62:bf:01:fa]
RSSI: -68 [da:19:6b:dd:0a:ce]
RSSI: -70 [da:19:6b:dd:0a:ce]
RSSI: -88 [da:16:62:cf:02:1a]
RSSI: -68 [da:19:6b:ea:0a:ee]
RSSI: -88 [da:1c:07:2a:10:dc]
RSSI: -68 [da:19:6b:f7:0b:0e]
RSSI: -88 [da:1c:07:2a:10:dc]
RSSI: -67 [da:19:6b:f7:0b:0e]
RSSI: -63 [da:19:6c:04:0b:3e]
RSSI: -87 [da:16:62:eb:02:6a]
RSSI: -63 [da:19:6c:04:0b:3e]
RSSI: -67 [da:19:6c:04:0b:3e]
RSSI: -90 [da:16:62:eb:02:6a]
RSSI: -65 [da:19:6c:10:0b:5e]
RSSI: -87 [da:16:62:fb:02:9a]
RSSI: -66 [da:19:6c:1d:0b:7e]
RSSI: -86 [da:16:63:08:02:ba]
RSSI: -65 [da:19:6c:1d:0b:7e]
RSSI: -60 [da:19:6c:2a:0b:ae]
RSSI: -65 [da:19:6c:2a:0b:ae]
RSSI: -85 [da:16:63:17:02:ea]
RSSI: -83 [da:16:63:17:02:ea]
RSSI: -64 [da:19:6c:37:0b:ce]
RSSI: -82 [da:16:63:27:03:1a]
RSSI: -81 [da:16:63:27:03:1a]
RSSI: -64 [da:19:6c:44:0b:fe]
RSSI: -63 [da:19:6c:44:0b:fe]
RSSI: -82 [da:16:63:34:03:3a]
RSSI: -81 [da:16:63:34:03:3a]
RSSI: -59 [da:19:6c:51:0c:1e]
RSSI: -81 [da:16:63:34:03:3a]
RSSI: -65 [da:19:6c:51:0c:1e]
RSSI: -82 [da:16:63:44:03:6a]
RSSI: -79 [da:16:63:53:03:9a]
RSSI: -65 [da:19:6c:6a:0c:6e]
RSSI: -81 [da:16:63:53:03:9a]
RSSI: -64 [da:19:6c:6a:0c:6e]
RSSI: -89 [da:1c:07:a6:12:6c]
RSSI: -60 [da:19:6c:77:0c:8e]
RSSI: -65 [da:19:6c:77:0c:8e]
RSSI: -78 [da:16:63:60:03:ba]
RSSI: -88 [da:1c:07:b2:12:8c]
RSSI: -64 [da:19:6c:84:0c:ae]
RSSI: -66 [da:19:6c:91:0c:de]
RSSI: -87 [da:1c:07:cf:12:ec]
RSSI: -65 [da:19:6c:91:0c:de]
RSSI: -87 [da:1c:07:cf:12:ec]
RSSI: -87 [da:1c:07:cf:12:ec]
RSSI: -61 [da:19:6c:9e:0c:fe]
RSSI: -67 [da:19:6c:9e:0c:fe]
RSSI: -79 [da:16:63:8c:04:3a]
RSSI: -66 [da:19:6c:aa:0d:1e]
RSSI: -78 [da:16:63:9c:04:6a]
RSSI: -68 [da:19:6c:b7:0d:4e]
RSSI: -78 [da:16:63:9c:04:6a]
RSSI: -67 [da:19:6c:b7:0d:4e]
RSSI: -86 [da:1c:07:f8:13:6c]
RSSI: -78 [da:16:63:ac:04:8a]
RSSI: -70 [da:19:6c:c4:0d:6e]
RSSI: -79 [da:16:63:b8:04:ba]
RSSI: -70 [da:19:6c:d1:0d:8e]
RSSI: -78 [da:16:63:b8:04:ba]
RSSI: -72 [da:19:6c:de:0d:be]
RSSI: -79 [da:16:63:c8:04:da]
RSSI: -69 [da:19:6c:eb:0d:de]
RSSI: -75 [da:19:6c:eb:0d:de]
RSSI: -79 [da:16:63:d8:05:0a]
RSSI: -74 [da:19:6c:f7:0d:fe]
RSSI: -89 [da:1c:08:2e:14:1c]
RSSI: -75 [da:19:6c:f7:0d:fe]
RSSI: -84 [da:1c:08:2e:14:1c]
RSSI: -80 [da:16:63:e5:05:3a]
RSSI: -80 [da:19:6d:04:0e:2e]
RSSI: -78 [da:19:6d:04:0e:2e]
RSSI: -85 [da:1c:08:3d:14:3c]
RSSI: -76 [da:19:6d:11:0e:4e]
RSSI: -81 [da:19:6d:11:0e:4e]
RSSI: -84 [da:1c:08:4b:14:6c]
RSSI: -81 [da:16:64:04:05:8a]
RSSI: -82 [da:19:6d:1e:0e:6e]
RSSI: -84 [da:16:64:04:05:8a]
RSSI: -82 [da:19:6d:1e:0e:6e]
RSSI: -86 [da:1c:08:58:14:9c]
RSSI: -81 [da:19:6d:2b:0e:8e]
RSSI: -88 [da:1c:08:66:14:cc]
RSSI: -74 [da:19:6d:38:0e:be]
RSSI: -81 [da:19:6d:38:0e:be]
RSSI: -85 [da:16:64:21:05:da]
RSSI: -78 [da:19:6d:44:0e:de]
RSSI: -78 [da:19:6d:44:0e:de]
RSSI: -73 [da:19:6d:44:0e:de]
RSSI: -82 [da:1c:08:81:15:1c]
RSSI: -81 [da:19:6d:51:0e:fe]
RSSI: -80 [da:19:6d:51:0e:fe]
RSSI: -74 [da:19:6d:5e:0f:2e]
RSSI: -82 [da:1c:08:90:15:4c]
RSSI: -85 [da:19:6d:5e:0f:2e]
RSSI: -80 [da:19:6d:6b:0f:4e]
RSSI: -79 [da:1c:08:9e:15:7c]
RSSI: -76 [da:19:6d:6b:0f:4e]
RSSI: -82 [da:19:6d:78:0f:7e]
RSSI: -82 [da:1c:08:b9:15:cc]
RSSI: -80 [da:19:6d:85:0f:9e]
RSSI: -82 [da:19:6d:85:0f:9e]
RSSI: -83 [da:19:6d:91:0f:be]
RSSI: -78 [da:1c:08:c8:15:fc]
RSSI: -80 [da:19:6d:91:0f:be]
RSSI: -78 [da:1c:08:d4:16:1c]
RSSI: -88 [da:16:64:89:07:0a]
RSSI: -88 [da:19:6d:9e:0f:ee]
RSSI: -79 [da:1c:08:d4:16:1c]
RSSI: -90 [da:16:64:89:07:0a]
RSSI: -81 [da:19:6d:9e:0f:ee]
RSSI: -79 [da:19:6d:ab:10:0e]
RSSI: -81 [da:1c:08:e3:16:4c]
RSSI: -87 [da:19:6d:b8:10:2e]
RSSI: -79 [da:1c:08:f1:16:7c]
RSSI: -80 [da:19:6d:b8:10:2e]
RSSI: -76 [da:1c:08:f1:16:7c]
RSSI: -90 [da:16:64:a6:07:5a]
RSSI: -89 [da:19:6d:c5:10:5e]
RSSI: -75 [da:1c:08:fe:00:2c]
RSSI: -87 [da:19:6d:d2:10:7e]
RSSI: -77 [da:1c:09:0c:00:5c]
RSSI: -76 [da:1c:09:1b:00:8c]
RSSI: -87 [da:19:6d:de:10:9e]
RSSI: -76 [da:1c:09:1b:00:8c]
RSSI: -90 [da:16:64:d2:07:da]
RSSI: -76 [da:1c:09:27:00:ac]
RSSI: -76 [da:1c:09:27:00:ac]
RSSI: -80 [da:19:6e:05:11:0e]
RSSI: -84 [da:19:6e:05:11:0e]
RSSI: -89 [da:16:64:ee:08:2a]
RSSI: -78 [da:1c:09:44:01:0c]
RSSI: -79 [da:1c:09:44:01:0c]
RSSI: -83 [da:19:6e:12:11:2e]
RSSI: -84 [da:19:6e:12:11:2e]
RSSI: -91 [da:16:64:fe:08:5a]
RSSI: -81 [da:1c:09:51:01:2c]
RSSI: -84 [da:19:6e:1f:11:5e]
RSSI: -87 [da:19:6e:2c:11:7e]
RSSI: -82 [da:1c:09:5f:01:5c]
RSSI: -87 [da:19:6e:2c:11:7e]
RSSI: -85 [da:19:6e:39:11:9e]
RSSI: -80 [da:19:6e:46:11:ce]
RSSI: -83 [da:19:6e:46:11:ce]
RSSI: -81 [da:19:6e:52:11:ee]
RSSI: -86 [da:1c:09:89:01:dc]
RSSI: -80 [da:19:6e:52:11:ee]
RSSI: -84 [da:1c:09:89:01:dc]
RSSI: -82 [da:19:6e:5f:12:0e]
RSSI: -85 [da:1c:09:97:02:0c]
RSSI: -82 [da:19:6e:5f:12:0e]
RSSI: -83 [da:1c:09:97:02:0c]
RSSI: -84 [da:19:6e:6c:12:2e]
RSSI: -84 [da:1c:09:a4:02:3c]
RSSI: -83 [da:19:6e:79:12:5e]
RSSI: -82 [da:1c:09:b3:02:6c]
RSSI: -83 [da:19:6e:79:12:5e]
RSSI: -82 [da:1c:09:b3:02:6c]
RSSI: -84 [da:19:6e:86:12:7e]
RSSI: -82 [da:19:6e:86:12:7e]
RSSI: -79 [da:19:6e:93:12:ae]
RSSI: -80 [da:19:6e:a0:12:ce]
RSSI: -78 [da:19:6e:a0:12:ce]
RSSI: -85 [da:1c:09:dc:02:ec]
RSSI: -79 [da:19:6e:ad:12:ee]
RSSI: -79 [da:19:6e:ad:12:ee]
RSSI: -89 [da:1c:09:eb:03:1c]
RSSI: -90 [da:1c:09:eb:03:1c]
RSSI: -79 [da:19:6e:ba:13:1e]
RSSI: -79 [da:19:6e:ba:13:1e]
RSSI: -87 [da:1c:09:f7:03:3c]
RSSI: -79 [da:19:6e:c6:13:3e]
RSSI: -87 [da:1c:09:f7:03:3c]
RSSI: -80 [da:19:6e:c6:13:3e]
RSSI: -79 [da:19:6e:d3:13:5e]
RSSI: -85 [da:1c:0a:06:03:6c]
RSSI: -79 [da:19:6e:d3:13:5e]
RSSI: -85 [da:1c:0a:14:03:9c]
RSSI: -87 [da:1c:0a:14:03:9c]
RSSI: -80 [da:19:6e:e0:13:8e]
RSSI: -79 [da:19:6e:ed:13:ae]
RSSI: -75 [da:19:6e:ed:13:ae]
RSSI: -83 [da:1c:0a:30:03:ec]
RSSI: -79 [da:19:6e:fa:13:de]
RSSI: -84 [da:1c:0a:30:03:ec]
RSSI: -78 [da:19:6e:fa:13:de]
RSSI: -78 [da:19:6f:07:13:fe]
RSSI: -74 [da:19:6f:14:14:1e]
RSSI: -74 [da:19:6f:14:14:1e]
RSSI: -78 [da:19:6f:21:14:3e]
RSSI: -95 [da:16:66:19:0b:7a]
RSSI: -83 [da:1c:0a:68:04:9c]
RSSI: -76 [da:19:6f:3b:14:8e]
RSSI: -85 [da:1c:0a:74:04:cc]
RSSI: -85 [da:1c:0a:74:04:cc]
RSSI: -80 [da:19:6f:48:14:ae]
RSSI: -84 [da:1c:0a:83:04:fc]
RSSI: -82 [da:19:6f:55:14:de]
RSSI: -82 [da:1c:0a:91:05:1c]
RSSI: -74 [da:19:6f:61:14:fe]
RSSI: -84 [da:1c:0a:9e:05:4c]
RSSI: -78 [da:19:6f:6e:15:1e]
RSSI: -84 [da:1c:0a:ad:05:7c]
RSSI: -86 [da:1c:0a:ad:05:7c]
RSSI: -80 [da:19:6f:7b:15:3e]
RSSI: -83 [da:1c:0a:bb:05:ac]
RSSI: -75 [da:19:6f:88:15:6e]
RSSI: -87 [da:1c:0a:c8:05:cc]
RSSI: -86 [da:1c:0a:c8:05:cc]
RSSI: -83 [da:1c:0a:c8:05:cc]
RSSI: -79 [da:19:6f:95:15:8e]
RSSI: -84 [da:1c:0a:c8:05:cc]
RSSI: -86 [da:1c:0a:d6:05:fc]
RSSI: -81 [da:19:6f:a2:15:ae]
RSSI: -93 [da:16:66:8e:0c:ca]
RSSI: -82 [da:19:6f:af:15:de]
RSSI: -87 [da:1c:0a:e5:06:2c]
RSSI: -85 [da:1c:0a:f1:06:5c]
RSSI: -93 [da:16:66:ab:0d:1a]
RSSI: -93 [da:1c:0b:00:06:8c]
RSSI: -83 [da:19:6f:c9:16:1e]
RSSI: -86 [da:1c:0b:00:06:8c]
RSSI: -89 [da:1c:0b:1b:06:dc]
RSSI: -84 [da:19:6f:f0:00:2e]
RSSI: -85 [da:19:6f:f0:00:2e]
RSSI: -88 [da:1c:0b:2a:07:0c]
RSSI: -89 [da:19:6f:fc:00:4e]
RSSI: -90 [da:19:70:0a:00:7e]
RSSI: -91 [da:1c:0b:53:07:8c]
RSSI: -93 [da:19:70:17:00:9e]
RSSI: -90 [da:1c:0b:53:07:8c]
RSSI: -84 [da:19:70:23:00:be]
RSSI: -84 [da:19:70:23:00:be]
RSSI: -89 [da:19:70:3e:01:0e]
RSSI: -89 [da:19:70:4a:01:2e]
RSSI: -88 [da:1c:0b:8c:08:3c]
RSSI: -91 [da:19:70:64:01:6e]
RSSI: -83 [da:19:70:71:01:9e]
RSSI: -88 [da:1c:0b:b5:08:bc]
RSSI: -85 [da:19:70:7e:01:be]
RSSI: -91 [da:19:70:98:02:0e]
RSSI: -89 [da:19:70:98:02:0e]
RSSI: -89 [da:19:70:b2:02:4e]
RSSI: -88 [da:19:70:b2:02:4e]
RSSI: -89 [da:19:70:bf:02:6e]
RSSI: -86 [da:19:70:cc:02:9e]
RSSI: -91 [da:19:70:d9:02:be]
RSSI: -87 [da:19:70:d9:02:be]
RSSI: -93 [da:19:71:00:03:2e]
RSSI: -90 [da:19:71:0d:03:4e]
RSSI: -90 [da:1c:0c:4e:0a:ac]
RSSI: -86 [da:1c:0c:4e:0a:ac]
RSSI: -89 [da:19:71:1a:03:6e]
RSSI: -89 [da:1c:0c:5d:0a:dc]
RSSI: -87 [da:19:71:41:03:de]
RSSI: -90 [da:19:71:4e:04:0e]
RSSI: -87 [da:1c:0c:93:0b:8c]
RSSI: -95 [da:16:68:5c:11:ea]
RSSI: -88 [da:1c:0c:b0:0b:ec]
RSSI: -91 [da:1c:0c:b0:0b:ec]
RSSI: -94 [da:16:68:79:12:4a]
RSSI: -89 [da:1c:0c:da:0c:6c]
RSSI: -85 [da:1c:0c:e7:0c:9c]
RSSI: -95 [da:16:68:a6:12:ba]
RSSI: -91 [da:19:71:c3:05:5e]
RSSI: -86 [da:19:71:dd:05:9e]
RSSI: -89 [da:1c:0d:11:0d:1c]
RSSI: -97 [da:16:68:c2:13:0a]
RSSI: -85 [da:19:71:dd:05:9e]
RSSI: -88 [da:19:71:ea:05:ce]
RSSI: -83 [da:1c:0d:20:0d:4c]
RSSI: -82 [da:1c:0d:2e:0d:7c]
RSSI: -84 [da:1c:0d:3b:0d:9c]
RSSI: -85 [da:19:72:04:06:0e]
RSSI: -85 [da:1c:0d:3b:0d:9c]
RSSI: -86 [da:19:72:11:06:3e]
RSSI: -85 [da:1c:0d:4a:0d:cc]
RSSI: -92 [da:16:69:0f:13:ea]
RSSI: -84 [da:19:72:2b:06:7e]
RSSI: -86 [da:1c:0d:65:0e:2c]
RSSI: -83 [da:19:72:2b:06:7e]
RSSI: -87 [da:1c:0d:65:0e:2c]
RSSI: -82 [da:1c:0d:65:0e:2c]
RSSI: -87 [da:19:72:38:06:ae]
RSSI: -83 [da:19:72:38:06:ae]
RSSI: -87 [da:1c:0d:74:0e:5c]
RSSI: -86 [da:19:72:45:06:ce]
RSSI: -86 [da:1c:0d:74:0e:5c]
RSSI: -86 [da:19:72:45:06:ce]
RSSI: -81 [da:1c:0d:82:0e:8c]
RSSI: -85 [da:19:72:45:06:ce]
RSSI: -82 [da:1c:0d:82:0e:8c]
RSSI: -83 [da:1c:0d:8f:0e:ac]
RSSI: -82 [da:19:72:5f:07:1e]
RSSI: -91 [da:16:69:48:14:8a]
RSSI: -83 [da:19:72:6c:07:3e]
RSSI: -82 [da:1c:0d:9d:0e:dc]
RSSI: -82 [da:19:72:6c:07:3e]
RSSI: -85 [da:1c:0d:ac:0f:0c]
RSSI: -79 [da:19:72:79:07:5e]
RSSI: -81 [da:19:72:79:07:5e]
RSSI: -77 [da:19:72:86:07:8e]
RSSI: -83 [da:1c:0d:c7:0f:6c]
RSSI: -80 [da:19:72:93:07:ae]
RSSI: -84 [da:1c:0d:c7:0f:6c]
RSSI: -79 [da:19:72:93:07:ae]
RSSI: -84 [da:1c:0d:c7:0f:6c]
RSSI: -83 [da:1c:0d:d6:0f:9c]
RSSI: -80 [da:19:72:a0:07:de]
RSSI: -85 [da:1c:0d:d6:0f:9c]
RSSI: -79 [da:19:72:ad:07:fe]
RSSI: -85 [da:1c:0d:e3:0f:bc]
RSSI: -86 [da:1c:0d:e3:0f:bc]
RSSI: -77 [da:19:72:ad:07:fe]
RSSI: -79 [da:19:72:ba:08:1e]
RSSI: -85 [da:1c:0d:f1:0f:ec]
RSSI: -78 [da:19:72:ba:08:1e]
RSSI: -78 [da:19:72:c7:08:4e]
RSSI: -86 [da:1c:0e:00:10:1c]
RSSI: -76 [da:19:72:d5:08:6e]
RSSI: -76 [da:19:72:d5:08:6e]
RSSI: -88 [da:1c:0e:0d:10:4c]
RSSI: -79 [da:19:72:e1:08:9e]
RSSI: -88 [da:1c:0e:1b:10:7c]
RSSI: -79 [da:19:72:e1:08:9e]
RSSI: -80 [da:19:72:ee:08:be]
RSSI: -86 [da:1c:0e:2a:10:ac]
RSSI: -76 [da:19:72:fc:08:de]
RSSI: -86 [da:1c:0e:37:10:cc]
RSSI: -80 [da:19:73:08:08:fe]
RSSI: -86 [da:1c:0e:45:10:fc]
RSSI: -86 [da:1c:0e:45:10:fc]
RSSI: -80 [da:19:73:16:09:2e]
RSSI: -79 [da:19:73:16:09:2e]
RSSI: -79 [da:19:73:16:09:2e]
RSSI: -87 [da:1c:0e:54:11:2c]
RSSI: -75 [da:19:73:23:09:4e]
RSSI: -92 [da:1c:0e:61:11:4c]
RSSI: -93 [da:14:86:21:02:6b]
RSSI: -77 [da:19:73:2f:09:6e]
RSSI: -90 [da:1c:0e:61:11:4c]
RSSI: -76 [da:19:73:3d:09:9e]
RSSI: -73 [da:19:73:4a:09:be]
RSSI: -73 [da:19:73:4a:09:be]
RSSI: -77 [da:19:73:57:09:de]
RSSI: -80 [da:19:73:64:0a:0e]
RSSI: -79 [da:19:73:64:0a:0e]
RSSI: -75 [da:19:73:71:0a:2e]
RSSI: -80 [da:19:73:71:0a:2e]
RSSI: -80 [da:19:73:7e:0a:5e]
RSSI: -87 [da:1c:0e:b5:12:5c]
RSSI: -77 [da:19:73:7e:0a:5e]
RSSI: -89 [da:1c:0e:b5:12:5c]
RSSI: -78 [da:19:73:8b:0a:7e]
RSSI: -77 [da:19:73:8b:0a:7e]
RSSI: -74 [da:19:73:98:0a:ae]
RSSI: -76 [da:19:73:98:0a:ae]
RSSI: -75 [da:19:73:a5:0a:ce]
RSSI: -86 [da:1c:0e:df:12:dc]
RSSI: -71 [da:19:73:a5:0a:ce]
RSSI: -86 [da:1c:0e:df:12:dc]
RSSI: -73 [da:19:73:b3:0a:ee]
RSSI: -89 [da:16:6a:92:01:fa]
RSSI: -72 [da:19:73:b3:0a:ee]
RSSI: -87 [da:1c:0e:ee:13:0c]
RSSI: -84 [da:1c:0e:ee:13:0c]
RSSI: -67 [da:19:73:c0:0b:1e]
RSSI: -88 [da:1c:0e:fc:13:3c]
RSSI: -72 [da:19:73:c0:0b:1e]
RSSI: -89 [da:1c:0e:fc:13:3c]
RSSI: -70 [da:19:73:cc:0b:3e]
RSSI: -65 [da:19:73:cc:0b:3e]
RSSI: -88 [da:16:6a:bf:02:7a]
RSSI: -71 [da:19:73:da:0b:6e]
RSSI: -87 [da:16:6a:bf:02:7a]
RSSI: -69 [da:19:73:da:0b:6e]
RSSI: -87 [da:16:6a:cf:02:aa]
RSSI: -69 [da:19:73:e7:0b:8e]
RSSI: -85 [da:1c:0f:27:13:bc]
RSSI: -67 [da:19:73:f4:0b:ae]
RSSI: -63 [da:19:73:f4:0b:ae]
RSSI: -84 [da:16:6a:dc:02:ca]
RSSI: -63 [da:19:73:f4:0b:ae]
RSSI: -68 [da:19:74:01:0b:de]
RSSI: -67 [da:19:74:01:0b:de]
RSSI: -81 [da:16:6a:ec:02:fa]
RSSI: -82 [da:16:6a:fc:03:2a]
RSSI: -68 [da:19:74:0e:0b:fe]
RSSI: -88 [da:1c:0f:47:14:2c]
RSSI: -82 [da:16:6a:fc:03:2a]
RSSI: -86 [da:1c:0f:47:14:2c]
RSSI: -62 [da:19:74:1b:0c:1e]
RSSI: -80 [da:16:6b:09:03:4a]
RSSI: -80 [da:16:6b:09:03:4a]
RSSI: -79 [da:16:6b:09:03:4a]
RSSI: -67 [da:19:74:28:0c:4e]
RSSI: -82 [da:1c:0f:64:14:7c]
RSSI: -79 [da:16:6b:19:03:7a]
RSSI: -68 [da:19:74:36:0c:6e]
RSSI: -78 [da:16:6b:19:03:7a]
RSSI: -86 [da:1c:0f:73:14:ac]
RSSI: -79 [da:16:6b:29:03:aa]
RSSI: -86 [da:1c:0f:73:14:ac]
RSSI: -79 [da:16:6b:29:03:aa]
RSSI: -63 [da:19:74:42:0c:8e]
RSSI: -82 [da:1c:0f:8e:15:0c]
RSSI: -69 [da:19:74:5d:0c:de]
RSSI: -79 [da:16:6b:46:03:fa]
RSSI: -84 [da:1c:0f:8e:15:0c]
RSSI: -70 [da:19:74:5d:0c:de]
RSSI: -68 [da:19:74:5d:0c:de]
RSSI: -78 [da:16:6b:46:03:fa]
RSSI: -64 [da:19:74:69:0c:fe]
RSSI: -79 [da:1c:0f:9d:15:2c]
RSSI: -63 [da:19:74:69:0c:fe]
RSSI: -78 [da:16:6b:56:04:2a]
RSSI: -69 [da:19:74:77:0d:2e]
RSSI: -77 [da:16:6b:63:04:4a]
RSSI: -80 [da:1c:0f:b9:15:8c]
RSSI: -75 [da:1c:0f:b9:15:8c]
RSSI: -77 [da:16:6b:73:04:7a]
RSSI: -66 [da:19:74:91:0d:6e]
RSSI: -73 [da:19:74:91:0d:6e]
RSSI: -77 [da:16:6b:83:04:aa]
RSSI: -79 [da:1c:0f:c7:15:bc]
RSSI: -72 [da:19:74:9e:0d:9e]
RSSI: -68 [da:19:74:9e:0d:9e]
RSSI: -72 [da:1c:0f:d6:15:ec]
RSSI: -78 [da:16:6b:90:04:ca]
RSSI: -78 [da:16:6b:90:04:ca]
RSSI: -71 [da:19:74:b8:0d:ee]
RSSI: -77 [da:19:74:b8:0d:ee]
RSSI: -72 [da:1c:0f:f2:16:3c]
RSSI: -77 [da:19:74:c5:0e:0e]
RSSI: -79 [da:16:6b:b0:05:2a]
RSSI: -75 [da:19:74:c5:0e:0e]
RSSI: -73 [da:1c:10:00:16:6c]
RSSI: -78 [da:19:74:d3:0e:2e]
RSSI: -83 [da:19:74:d3:0e:2e]
RSSI: -71 [da:1c:10:0d:00:0c]
RSSI: -84 [da:19:74:d3:0e:2e]
RSSI: -73 [da:1c:10:0d:00:0c]
RSSI: -81 [da:16:6b:bd:05:4a]
RSSI: -74 [da:1c:10:1c:00:2c]
RSSI: -80 [da:16:6b:bd:05:4a]
RSSI: -72 [da:1c:10:1c:00:2c]
RSSI: -83 [da:19:74:df:0e:5e]
RSSI: -81 [da:16:6b:d6:05:9a]
RSSI: -73 [da:1c:10:2b:00:5c]
RSSI: -85 [da:19:74:f2:0e:8e]
RSSI: -73 [da:1c:10:2b:00:5c]
RSSI: -83 [da:16:6b:e6:05:ba]
RSSI: -78 [da:19:75:02:0e:be]
RSSI: -73 [da:1c:10:37:00:8c]
RSSI: -83 [da:16:6b:f2:05:ea]
RSSI: -87 [da:16:6b:f2:05:ea]
RSSI: -83 [da:19:75:0f:0e:de]
RSSI: -73 [da:1c:10:46:00:bc]
RSSI: -85 [da:16:6b:f2:05:ea]
RSSI: -85 [da:16:6c:02:06:0a]
RSSI: -86 [da:19:75:1c:0f:0e]
RSSI: -87 [da:19:75:1c:0f:0e]
RSSI: -74 [da:1c:10:55:00:ec]
RSSI: -78 [da:1c:10:62:01:0c]
RSSI: -78 [da:1c:10:62:01:0c]
RSSI: -83 [da:1c:10:70:01:3c]
RSSI: -92 [da:16:6c:30:06:8a]
RSSI: -81 [da:1c:10:7f:01:6c]
RSSI: -89 [da:19:75:44:0f:7e]
RSSI: -84 [da:1c:10:7f:01:6c]
RSSI: -87 [da:1c:10:8c:01:9c]
RSSI: -88 [da:19:75:5e:0f:ce]
RSSI: -83 [da:1c:10:8c:01:9c]
RSSI: -88 [da:19:75:5e:0f:ce]
RSSI: -86 [da:19:75:5e:0f:ce]
RSSI: -88 [da:16:6c:49:06:da]
RSSI: -80 [da:1c:10:9b:01:cc]
RSSI: -89 [da:16:6c:56:06:fa]
RSSI: -83 [da:1c:10:9b:01:cc]
RSSI: -88 [da:19:75:6b:0f:ee]
RSSI: -80 [da:1c:10:a9:01:fc]
RSSI: -88 [da:19:75:6b:0f:ee]
RSSI: -78 [da:1c:10:a9:01:fc]
RSSI: -84 [da:19:75:78:10:0e]
RSSI: -86 [da:16:6c:62:07:1a]
RSSI: -88 [da:16:6c:62:07:1a]
RSSI: -80 [da:1c:10:b6:02:1c]
RSSI: -78 [da:1c:10:b6:02:1c]
RSSI: -79 [da:1c:10:c5:02:4c]
RSSI: -78 [da:1c:10:c5:02:4c]
RSSI: -90 [da:19:75:93:10:5e]
RSSI: -90 [da:16:6c:7c:07:6a]
RSSI: -82 [da:1c:10:e0:02:9c]
RSSI: -84 [da:1c:10:ef:02:cc]
RSSI: -86 [da:1c:10:ef:02:cc]
RSSI: -88 [da:16:6c:ae:07:fa]
RSSI: -85 [da:1c:10:fe:02:fc]
RSSI: -89 [da:16:6c:ae:07:fa]
RSSI: -87 [da:16:6c:bb:08:1a]
RSSI: -83 [da:1c:11:0b:03:2c]
RSSI: -91 [da:16:6c:c8:08:3a]
RSSI: -87 [da:16:6c:d5:08:6a]
RSSI: -84 [da:1c:11:28:03:7c]
RSSI: -82 [da:1c:11:28:03:7c]
RSSI: -83 [da:1c:11:35:03:ac]
RSSI: -82 [da:1c:11:35:03:ac]
RSSI: -89 [da:16:6c:fb:08:ca]
RSSI: -85 [da:1c:11:44:03:dc]
RSSI: -83 [da:1c:11:53:04:0c]
RSSI: -84 [da:1c:11:53:04:0c]
RSSI: -86 [da:19:76:23:11:fe]
RSSI: -82 [da:1c:11:5f:04:2c]
RSSI: -88 [da:16:6d:21:09:3a]
RSSI: -87 [da:19:76:3e:12:4e]
RSSI: -86 [da:1c:11:6e:04:5c]
RSSI: -90 [da:19:76:3e:12:4e]
RSSI: -79 [da:1c:11:7d:04:8c]
RSSI: -81 [da:1c:11:7d:04:8c]
RSSI: -88 [da:19:76:4a:12:7e]
RSSI: -84 [da:1c:11:8a:04:ac]
RSSI: -80 [da:1c:11:8a:04:ac]
RSSI: -83 [da:19:76:58:12:9e]
RSSI: -84 [da:1c:11:99:04:dc]
RSSI: -87 [da:19:76:65:12:ce]
RSSI: -82 [da:1c:11:99:04:dc]
RSSI: -80 [da:19:76:72:12:ee]
RSSI: -82 [da:1c:11:a7:05:0c]
RSSI: -86 [da:19:76:72:12:ee]
RSSI: -93 [da:16:6d:61:09:ea]
RSSI: -82 [da:1c:11:b4:05:3c]
RSSI: -84 [da:19:76:7f:13:0e]
RSSI: -93 [da:16:6d:6d:0a:1a]
RSSI: -81 [da:1c:11:b4:05:3c]
RSSI: -82 [da:19:76:7f:13:0e]
RSSI: -83 [da:19:76:8d:13:3e]
RSSI: -84 [da:1c:11:c3:05:6c]
RSSI: -82 [da:19:76:8d:13:3e]
RSSI: -83 [da:19:76:99:13:5e]
RSSI: -85 [da:1c:11:d2:05:9c]
RSSI: -82 [da:19:76:a7:13:7e]
RSSI: -82 [da:1c:11:de:05:bc]
RSSI: -82 [da:19:76:a7:13:7e]
RSSI: -83 [da:19:76:b4:13:ae]
RSSI: -86 [da:1c:11:ed:05:ec]
RSSI: -83 [da:19:76:b4:13:ae]
RSSI: -85 [da:1c:11:ed:05:ec]
RSSI: -82 [da:19:76:c1:13:ce]
RSSI: -77 [da:19:76:ce:13:ee]
RSSI: -78 [da:19:76:dc:14:0e]
RSSI: -79 [da:19:76:dc:14:0e]
RSSI: -80 [da:19:76:e8:14:3e]
RSSI: -80 [da:19:76:e8:14:3e]
RSSI: -76 [da:19:76:f6:14:5e]
RSSI: -90 [da:1c:12:33:06:cc]
RSSI: -78 [da:19:77:03:14:7e]
RSSI: -81 [da:19:77:10:14:ae]
RSSI: -80 [da:19:77:10:14:ae]
RSSI: -77 [da:19:77:1e:14:ce]
RSSI: -87 [da:1c:12:51:07:2c]
RSSI: -82 [da:19:77:1e:14:ce]
RSSI: -81 [da:19:77:2b:14:ee]
RSSI: -82 [da:19:77:38:15:0e]
RSSI: -81 [da:19:77:38:15:0e]
RSSI: -89 [da:1c:12:7c:07:ac]
RSSI: -76 [da:19:77:45:15:3e]
RSSI: -82 [da:19:77:45:15:3e]
RSSI: -81 [da:19:77:53:15:5e]
RSSI: -76 [da:19:77:53:15:5e]
RSSI: -83 [da:19:77:5f:15:7e]
RSSI: -81 [da:19:77:5f:15:7e]
RSSI: -83 [da:19:77:6d:15:ae]
RSSI: -81 [da:19:77:7a:15:ce]
RSSI: -84 [da:19:77:7a:15:ce]
RSSI: -85 [da:19:77:87:15:fe]
RSSI: -84 [da:19:77:87:15:fe]
RSSI: -85 [da:19:77:94:16:1e]
RSSI: -87 [da:19:77:af:16:6e]
RSSI: -87 [da:1c:12:ec:09:1c]
RSSI: -85 [da:19:77:bc:00:2e]
RSSI: -85 [da:19:77:bc:00:2e]
RSSI: -93 [da:19:77:e4:00:9e]
RSSI: -86 [da:19:77:f1:00:be]
RSSI: -90 [da:1c:13:32:09:fc]
RSSI: -85 [da:19:77:fe:00:ee]
RSSI: -90 [da:1c:13:41:0a:2c]
RSSI: -83 [da:19:78:19:01:2e]
RSSI: -89 [da:19:78:19:01:2e]
RSSI: -85 [da:19:78:26:01:5e]
RSSI: -89 [da:19:78:33:01:7e]
RSSI: -90 [da:19:78:41:01:9e]
RSSI: -89 [da:19:78:4d:01:ce]
RSSI: -92 [da:1c:13:87:0b:0c]
RSSI: -91 [da:19:78:4d:01:ce]
RSSI: -89 [da:1c:13:96:0b:3c]
RSSI: -90 [da:1c:13:b2:0b:9c]
RSSI: -89 [da:19:78:90:02:8e]
RSSI: -88 [da:19:78:90:02:8e]
RSSI: -89 [da:19:78:9d:02:ae]
RSSI: -89 [da:19:78:9d:02:ae]
RSSI: -88 [da:19:78:aa:02:de]
RSSI: -87 [da:19:78:aa:02:de]
RSSI: -91 [da:19:78:c4:03:1e]
RSSI: -94 [da:1c:13:fa:0c:7c]
RSSI: -96 [da:19:78:e0:03:6e]
RSSI: -94 [da:1c:14:16:0c:dc]
RSSI: -86 [da:1c:14:32:0d:2c]
RSSI: -85 [da:1c:14:41:0d:5c]
RSSI: -93 [da:19:79:07:03:de]
RSSI: -85 [da:1c:14:41:0d:5c]
RSSI: -86 [da:1c:14:50:0d:8c]
RSSI: -87 [da:1c:14:50:0d:8c]
RSSI: -87 [da:1c:14:50:0d:8c]
RSSI: -93 [da:16:70:13:11:aa]
RSSI: -85 [da:1c:14:6b:0d:ec]
RSSI: -90 [da:16:70:2c:11:ea]
RSSI: -95 [da:1c:14:7a:0e:1c]
RSSI: -90 [da:19:79:49:04:9e]
RSSI: -86 [da:1c:14:87:0e:3c]
RSSI: -91 [da:16:70:46:12:3a]
RSSI: -84 [da:1c:14:96:0e:6c]
RSSI: -84 [da:1c:14:a5:0e:9c]
RSSI: -83 [da:1c:14:a5:0e:9c]
RSSI: -85 [da:1c:14:b2:0e:cc]
RSSI: -86 [da:1c:14:c1:0e:fc]
RSSI: -87 [da:1c:14:c1:0e:fc]
RSSI: -86 [da:1c:14:c1:0e:fc]
RSSI: -82 [da:1c:14:d0:0f:2c]
RSSI: -85 [da:1c:14:d0:0f:2c]
RSSI: -87 [da:19:79:a7:05:ae]
RSSI: -85 [da:1c:14:dc:0f:4c]
RSSI: -89 [da:19:79:a7:05:ae]
RSSI: -91 [da:1c:14:fa:0f:ac]
RSSI: -87 [da:1c:14:fa:0f:ac]
RSSI: -92 [da:19:79:cf:06:1e]
RSSI: -83 [da:1c:15:07:0f:dc]
RSSI: -89 [da:19:79:db:06:3e]
RSSI: -85 [da:1c:15:16:10:0c]
RSSI: -91 [da:1c:15:25:10:3c]
RSSI: -89 [da:16:70:e0:13:fa]
RSSI: -89 [da:1c:15:32:10:5c]
RSSI: -85 [da:1c:15:32:10:5c]
RSSI: -86 [da:1c:15:41:10:8c]
RSSI: -86 [da:1c:15:50:10:bc]
RSSI: -85 [da:19:7a:1e:06:fe]
RSSI: -90 [da:16:71:06:14:6a]
RSSI: -85 [da:19:7a:2b:07:2e]
RSSI: -88 [da:1c:15:5d:10:ec]
RSSI: -84 [da:19:7a:2b:07:2e]
RSSI: -82 [da:19:7a:39:07:4e]
RSSI: -82 [da:19:7a:46:07:7e]
RSSI: -84 [da:19:7a:46:07:7e]
RSSI: -82 [da:19:7a:53:07:9e]
RSSI: -81 [da:19:7a:53:07:9e]
RSSI: -82 [da:19:7a:61:07:be]
RSSI: -87 [da:1c:15:97:11:9c]
RSSI: -82 [da:19:7a:61:07:be]
RSSI: -89 [da:1c:15:97:11:9c]
RSSI: -82 [da:19:7a:6e:07:ee]
RSSI: -80 [da:19:7a:7b:08:0e]
RSSI: -81 [da:19:7a:89:08:3e]
RSSI: -87 [da:1c:15:c1:12:2c]
RSSI: -88 [da:1c:15:c1:12:2c]
RSSI: -88 [da:14:8d:81:01:db]
RSSI: -85 [da:1c:15:d0:12:5c]
RSSI: -80 [da:19:7a:96:08:5e]
RSSI: -85 [da:1c:15:d0:12:5c]
RSSI: -77 [da:19:7a:a3:08:7e]
RSSI: -86 [da:1c:15:dd:12:7c]
RSSI: -79 [da:19:7a:b1:08:ae]
RSSI: -86 [da:1c:15:ec:12:ac]
RSSI: -78 [da:19:7a:be:08:ce]
RSSI: -80 [da:19:7a:be:08:ce]
RSSI: -88 [da:1c:15:fb:12:dc]
RSSI: -78 [da:19:7a:cb:08:ee]
RSSI: -89 [da:1c:16:08:13:0c]
RSSI: -79 [da:19:7a:e6:09:3e]
RSSI: -87 [da:1c:16:17:13:3c]
RSSI: -78 [da:19:7a:e6:09:3e]
RSSI: -78 [da:19:7a:e6:09:3e]
RSSI: -78 [da:19:7a:f3:09:6e]
RSSI: -78 [da:19:7a:f3:09:6e]
RSSI: -87 [da:1c:16:33:13:9c]
RSSI: -75 [da:19:7b:00:09:8e]
RSSI: -74 [da:19:7b:00:09:8e]
RSSI: -86 [da:1c:16:42:13:bc]
RSSI: -78 [da:19:7b:0e:09:be]
RSSI: -84 [da:1c:16:42:13:bc]
RSSI: -76 [da:19:7b:0e:09:be]
RSSI: -77 [da:19:7b:1b:09:de]
RSSI: -81 [da:1c:16:5d:14:1c]
RSSI: -83 [da:1c:16:6d:14:4c]
RSSI: -78 [da:19:7b:36:0a:2e]
RSSI: -83 [da:1c:16:6d:14:4c]
RSSI: -84 [da:1c:16:6d:14:4c]
RSSI: -91 [da:16:72:22:01:2a]
RSSI: -79 [da:19:7b:43:0a:4e]
RSSI: -84 [da:1c:16:7c:14:7c]
RSSI: -79 [da:19:7b:43:0a:4e]
RSSI: -84 [da:1c:16:7c:14:7c]
RSSI: -77 [da:19:7b:51:0a:7e]
RSSI: -88 [da:16:72:3b:01:6a]
RSSI: -79 [da:19:7b:51:0a:7e]
RSSI: -90 [da:16:72:49:01:8a]
RSSI: -76 [da:19:7b:5e:0a:9e]
RSSI: -88 [da:16:72:49:01:8a]
RSSI: -79 [da:1c:16:97:14:cc]
RSSI: -91 [da:16:72:56:01:ba]
RSSI: -75 [da:19:7b:6b:0a:ce]
RSSI: -77 [da:1c:16:a7:14:fc]
RSSI: -73 [da:19:7b:6b:0a:ce]
RSSI: -71 [da:19:7b:79:0a:ee]
RSSI: -88 [da:16:72:62:01:da]
RSSI: -72 [da:19:7b:79:0a:ee]
RSSI: -71 [da:19:7b:86:0b:1e]
RSSI: -76 [da:1c:16:b3:15:2c]
RSSI: -68 [da:19:7b:86:0b:1e]
RSSI: -88 [da:16:72:7c:02:1a]
RSSI: -76 [da:1c:16:c2:15:5c]
RSSI: -71 [da:19:7b:93:0b:3e]
RSSI: -89 [da:16:72:7c:02:1a]
RSSI: -69 [da:19:7b:93:0b:3e]
RSSI: -77 [da:1c:16:d1:15:8c]
RSSI: -75 [da:1c:16:d1:15:8c]
RSSI: -70 [da:19:7b:a1:0b:5e]
RSSI: -89 [da:16:72:89:02:4a]
RSSI: -73 [da:1c:16:de:15:ac]
RSSI: -88 [da:16:72:96:02:6a]
RSSI: -64 [da:19:7b:ae:0b:8e]
RSSI: -87 [da:16:72:96:02:6a]
RSSI: -64 [da:19:7b:ae:0b:8e]
RSSI: -76 [da:1c:16:ed:15:dc]
RSSI: -87 [da:16:72:a3:02:8a]
RSSI: -67 [da:19:7b:bb:0b:ae]
RSSI: -72 [da:1c:16:ed:15:dc]
RSSI: -67 [da:19:7b:bb:0b:ae]
RSSI: -73 [da:1c:16:fc:16:0c]
RSSI: -84 [da:16:72:b0:02:aa]
RSSI: -68 [da:19:7b:c9:0b:de]
RSSI: -75 [da:1c:16:fc:16:0c]
RSSI: -84 [da:16:72:b0:02:aa]
RSSI: -68 [da:19:7b:c9:0b:de]
RSSI: -85 [da:16:72:bd:02:da]
RSSI: -71 [da:1c:17:09:16:2c]
RSSI: -62 [da:19:7b:d6:0b:fe]
RSSI: -72 [da:1c:17:09:16:2c]
RSSI: -83 [da:16:72:ca:02:fa]
RSSI: -81 [da:16:72:ca:02:fa]
RSSI: -72 [da:1c:17:18:16:5c]
RSSI: -82 [da:16:72:d6:03:1a]
RSSI: -67 [da:19:7b:f1:0c:4e]
RSSI: -82 [da:16:72:d6:03:1a]
RSSI: -73 [da:1c:17:27:00:0c]
RSSI: -65 [da:19:7b:f1:0c:4e]
RSSI: -80 [da:16:72:e4:03:3a]
RSSI: -61 [da:19:7b:fe:0c:6e]
RSSI: -73 [da:1c:17:34:00:2c]
RSSI: -67 [da:19:7b:fe:0c:6e]
RSSI: -81 [da:16:72:f1:03:6a]
RSSI: -75 [da:1c:17:34:00:2c]
RSSI: -66 [da:19:7c:0b:0c:9e]
RSSI: -62 [da:19:7c:0b:0c:9e]
RSSI: -79 [da:16:72:fd:03:8a]
RSSI: -76 [da:1c:17:52:00:8c]
RSSI: -66 [da:19:7c:19:0c:be]
RSSI: -75 [da:1c:17:52:00:8c]
RSSI: -78 [da:16:73:0a:03:aa]
RSSI: -78 [da:16:73:0a:03:aa]
RSSI: -62 [da:19:7c:27:0c:ee]
RSSI: -77 [da:1c:17:5f:00:bc]
RSSI: -77 [da:16:73:17:03:da]
RSSI: -68 [da:19:7c:27:0c:ee]
RSSI: -77 [da:1c:17:5f:00:bc]
RSSI: -78 [da:16:73:17:03:da]
RSSI: -66 [da:19:7c:33:0d:0e]
RSSI: -62 [da:19:7c:33:0d:0e]
RSSI: -77 [da:16:73:24:03:fa]
RSSI: -68 [da:19:7c:41:0d:3e]
RSSI: -79 [da:1c:17:7d:01:0c]
RSSI: -66 [da:19:7c:41:0d:3e]
RSSI: -76 [da:16:73:31:04:1a]
RSSI: -69 [da:19:7c:4f:0d:5e]
RSSI: -77 [da:16:73:3e:04:3a]
RSSI: -84 [da:1c:17:8a:01:3c]
RSSI: -77 [da:16:73:3e:04:3a]
RSSI: -85 [da:1c:17:8a:01:3c]
RSSI: -64 [da:19:7c:5b:0d:8e]
RSSI: -77 [da:16:73:4b:04:6a]
RSSI: -76 [da:16:73:58:04:8a]
RSSI: -77 [da:16:73:65:04:aa]
RSSI: -71 [da:19:7c:77:0d:de]
RSSI: -82 [da:1c:17:b5:01:bc]
RSSI: -77 [da:16:73:65:04:aa]
RSSI: -69 [da:19:7c:83:0d:fe]
RSSI: -80 [da:1c:17:b5:01:bc]
RSSI: -74 [da:19:7c:83:0d:fe]
RSSI: -77 [da:16:73:72:04:da]
RSSI: -73 [da:19:7c:91:0e:1e]
RSSI: -71 [da:19:7c:91:0e:1e]
RSSI: -77 [da:16:73:7f:04:fa]
RSSI: -77 [da:19:7c:9f:0e:4e]
RSSI: -80 [da:16:73:8c:05:1a]
RSSI: -77 [da:19:7c:9f:0e:4e]
RSSI: -80 [da:16:73:8c:05:1a]
RSSI: -82 [da:1c:17:e0:02:4c]
RSSI: -77 [da:19:7c:ac:0e:6e]
RSSI: -83 [da:1c:17:e0:02:4c]
RSSI: -79 [da:19:7c:ac:0e:6e]
RSSI: -79 [da:19:7c:b9:0e:9e]
RSSI: -80 [da:16:73:a6:05:6a]
RSSI: -77 [da:19:7c:b9:0e:9e]
RSSI: -80 [da:19:7c:c7:0e:be]
RSSI: -81 [da:16:73:b3:05:8a]
RSSI: -81 [da:19:7c:c7:0e:be]
RSSI: -80 [da:16:73:bf:05:aa]
RSSI: -81 [da:19:7c:d4:0e:de]
RSSI: -80 [da:16:73:bf:05:aa]
RSSI: -73 [da:19:7c:e2:0f:0e]
RSSI: -88 [da:1c:18:1a:02:fc]
RSSI: -85 [da:16:73:cd:05:da]
RSSI: -86 [da:1c:18:1a:02:fc]
RSSI: -79 [da:19:7c:ef:0f:2e]
RSSI: -84 [da:16:73:da:05:fa]
RSSI: -79 [da:19:7c:ef:0f:2e]
RSSI: -85 [da:1c:18:29:03:2c]
RSSI: -84 [da:19:7c:fc:0f:5e]
RSSI: -81 [da:1c:18:36:03:5c]
RSSI: -78 [da:19:7c:fc:0f:5e]
RSSI: -80 [da:1c:18:36:03:5c]
RSSI: -76 [da:19:7d:0a:0f:7e]
RSSI: -85 [da:19:7d:0a:0f:7e]
RSSI: -82 [da:1c:18:45:03:8c]
RSSI: -83 [da:1c:18:45:03:8c]
RSSI: -82 [da:19:7d:18:0f:ae]
RSSI: -84 [da:1c:18:54:03:bc]
RSSI: -88 [da:19:7d:24:0f:ce]
RSSI: -83 [da:1c:18:61:03:dc]
RSSI: -83 [da:1c:18:61:03:dc]
RSSI: -83 [da:19:7d:32:0f:ee]
RSSI: -85 [da:19:7d:32:0f:ee]
RSSI: -84 [da:1c:18:70:04:0c]
RSSI: -81 [da:1c:18:70:04:0c]
RSSI: -85 [da:19:7d:40:10:1e]
RSSI: -89 [da:16:74:27:06:da]
RSSI: -80 [da:1c:18:70:04:0c]
RSSI: -81 [da:19:7d:40:10:1e]
RSSI: -86 [da:19:7d:4c:10:3e]
RSSI: -87 [da:19:7d:4c:10:3e]
RSSI: -81 [da:1c:18:8c:04:6c]
RSSI: -83 [da:1c:18:8c:04:6c]
RSSI: -87 [da:16:74:4e:07:4a]
RSSI: -80 [da:1c:18:9b:04:9c]
RSSI: -87 [da:16:74:4e:07:4a]
RSSI: -82 [da:1c:18:9b:04:9c]
RSSI: -84 [da:1c:18:aa:04:cc]
RSSI: -92 [da:19:7d:75:10:ae]
RSSI: -80 [da:1c:18:aa:04:cc]
RSSI: -87 [da:16:74:68:07:9a]
RSSI: -90 [da:16:74:68:07:9a]
RSSI: -87 [da:1c:18:b7:04:ec]
RSSI: -79 [da:1c:18:c6:05:1c]
RSSI: -86 [da:19:7d:90:10:fe]
RSSI: -86 [da:1c:18:c6:05:1c]
RSSI: -79 [da:1c:18:d5:05:4c]
RSSI: -79 [da:1c:18:d5:05:4c]
RSSI: -88 [da:16:74:8f:07:fa]
RSSI: -84 [da:1c:18:e2:05:7c]
RSSI: -88 [da:16:74:9c:08:2a]
RSSI: -82 [da:1c:18:e2:05:7c]
RSSI: -87 [da:16:74:9c:08:2a]
RSSI: -89 [da:19:7d:b8:11:6e]
RSSI: -85 [da:1c:18:f1:05:ac]
RSSI: -86 [da:1c:18:f1:05:ac]
RSSI: -85 [da:1c:18:f1:05:ac]
RSSI: -88 [da:16:74:a9:08:4a]
RSSI: -87 [da:19:7d:c5:11:9e]
RSSI: -84 [da:1c:19:00:05:dc]
RSSI: -87 [da:16:74:b6:08:6a]
RSSI: -86 [da:1c:19:0d:05:fc]
RSSI: -83 [da:1c:19:0d:05:fc]
RSSI: -89 [da:16:74:c3:08:9a]
RSSI: -85 [da:19:7d:e1:11:ee]
RSSI: -89 [da:16:74:d0:08:ba]
RSSI: -86 [da:1c:19:1c:06:2c]
RSSI: -88 [da:1c:19:1c:06:2c]
RSSI: -85 [da:19:7d:ed:12:0e]
RSSI: -88 [da:16:74:dd:08:da]
RSSI: -86 [da:1c:19:2c:06:5c]
RSSI: -84 [da:19:7d:fb:12:2e]
RSSI: -90 [da:1c:19:38:06:8c]
RSSI: -88 [da:16:74:f7:09:2a]
RSSI: -86 [da:19:7e:16:12:7e]
RSSI: -87 [da:16:75:04:09:4a]
RSSI: -85 [da:1c:19:57:06:ec]
RSSI: -89 [da:1c:19:63:07:1c]
RSSI: -91 [da:16:75:1e:09:9a]
RSSI: -86 [da:19:7e:31:12:ce]
RSSI: -91 [da:1c:19:73:07:4c]
RSSI: -82 [da:19:7e:3e:12:ee]
RSSI: -88 [da:1c:19:73:07:4c]
RSSI: -83 [da:19:7e:3e:12:ee]
RSSI: -92 [da:16:75:2b:09:ba]
RSSI: -83 [da:19:7e:4c:13:1e]
RSSI: -85 [da:1c:19:82:07:7c]
RSSI: -91 [da:16:75:38:09:ea]
RSSI: -84 [da:19:7e:4c:13:1e]
RSSI: -83 [da:19:7e:5a:13:3e]
RSSI: -87 [da:1c:19:9e:07:cc]
RSSI: -83 [da:19:7e:66:13:6e]
RSSI: -86 [da:1c:19:9e:07:cc]
RSSI: -83 [da:19:7e:74:13:8e]
RSSI: -86 [da:1c:19:ad:07:fc]
RSSI: -82 [da:19:7e:82:13:be]
RSSI: -82 [da:19:7e:82:13:be]
RSSI: -77 [da:19:7e:9d:13:fe]
RSSI: -91 [da:16:75:86:0a:ca]
RSSI: -77 [da:19:7e:9d:13:fe]
RSSI: -89 [da:1c:19:e5:08:ac]
RSSI: -89 [da:16:75:a0:0b:0a]
RSSI: -80 [da:19:7e:b7:14:4e]
RSSI: -78 [da:19:7e:b7:14:4e]
RSSI: -86 [da:1c:19:f4:08:ec]
RSSI: -77 [da:19:7e:c5:14:6e]
RSSI: -90 [da:1c:1a:03:09:0c]
RSSI: -81 [da:19:7e:c5:14:6e]
RSSI: -81 [da:19:7e:d3:14:9e]
RSSI: -92 [da:16:75:ba:0b:5a]
RSSI: -79 [da:19:7e:d3:14:9e]
RSSI: -82 [da:19:7e:df:14:be]
RSSI: -92 [da:16:75:c7:0b:7a]
RSSI: -82 [da:19:7e:df:14:be]
RSSI: -89 [da:1c:1a:1f:09:6c]
RSSI: -84 [da:19:7e:ed:14:ee]
RSSI: -76 [da:19:7e:fb:15:0e]
RSSI: -76 [da:19:7e:fb:15:0e]
RSSI: -80 [da:19:7f:08:15:3e]
RSSI: -84 [da:19:7f:16:15:5e]
RSSI: -80 [da:19:7f:16:15:5e]
RSSI: -89 [da:16:76:08:0c:3a]
RSSI: -77 [da:19:7f:24:15:8e]
RSSI: -80 [da:19:7f:30:15:ae]
RSSI: -88 [da:16:76:16:0c:6a]
RSSI: -82 [da:19:7f:3e:15:ce]
RSSI: -83 [da:19:7f:3e:15:ce]
RSSI: -88 [da:16:76:2f:0c:aa]
RSSI: -82 [da:19:7f:3e:15:ce]
RSSI: -83 [da:19:7f:4c:15:fe]
RSSI: -84 [da:19:7f:4c:15:fe]
RSSI: -83 [da:19:7f:59:16:1e]
RSSI: -89 [da:1c:1a:92:0a:dc]
RSSI: -89 [da:19:7f:59:16:1e]
RSSI: -84 [da:19:7f:67:16:3e]
RSSI: -86 [da:19:7f:67:16:3e]
RSSI: -85 [da:19:7f:75:16:6e]
RSSI: -91 [da:19:7f:8f:00:4e]
RSSI: -87 [da:19:7f:9d:00:7e]
RSSI: -87 [da:19:7f:aa:00:9e]
RSSI: -88 [da:19:7f:aa:00:9e]
RSSI: -83 [da:19:7f:b8:00:be]
RSSI: -88 [da:19:7f:c6:00:ee]
RSSI: -82 [da:19:7f:d2:01:0e]
RSSI: -91 [da:1c:1b:14:0c:7c]
RSSI: -82 [da:19:7f:e0:01:2e]
RSSI: -94 [da:16:76:e7:0e:ba]
RSSI: -90 [da:1c:1b:32:0c:dc]
RSSI: -91 [da:19:7f:fb:01:7e]
RSSI: -95 [da:16:76:e7:0e:ba]
RSSI: -85 [da:1c:1b:3f:0d:0c]
RSSI: -83 [da:19:80:09:01:ae]
RSSI: -87 [da:1c:1b:3f:0d:0c]
RSSI: -87 [da:1c:1b:4e:0d:3c]
RSSI: -83 [da:1c:1b:4e:0d:3c]
RSSI: -86 [da:1c:1b:5e:0d:6c]
RSSI: -88 [da:19:80:31:02:1e]
RSSI: -89 [da:1c:1b:6a:0d:8c]
RSSI: -88 [da:19:80:31:02:1e]
RSSI: -89 [da:1c:1b:6a:0d:8c]
RSSI: -92 [da:19:80:3f:02:4e]
RSSI: -87 [da:1c:1b:7a:0d:cc]
RSSI: -85 [da:1c:1b:89:0d:fc]
RSSI: -85 [da:19:80:5a:02:8e]
RSSI: -87 [da:1c:1b:96:0e:1c]
RSSI: -83 [da:1c:1b:96:0e:1c]
RSSI: -86 [da:19:80:68:02:be]
RSSI: -89 [da:19:80:68:02:be]
RSSI: -85 [da:1c:1b:a5:0e:4c]
RSSI: -86 [da:19:80:74:02:de]
RSSI: -86 [da:19:80:74:02:de]
RSSI: -83 [da:1c:1b:a5:0e:4c]
RSSI: -87 [da:19:80:74:02:de]
RSSI: -86 [da:1c:1b:b4:0e:7c]
RSSI: -87 [da:19:80:82:02:fe]
RSSI: -87 [da:19:80:82:02:fe]
RSSI: -86 [da:1c:1b:c1:0e:ac]
RSSI: -85 [da:1c:1b:c1:0e:ac]
RSSI: -86 [da:1c:1b:d0:0e:dc]
RSSI: -91 [da:19:80:ab:03:6e]
RSSI: -87 [da:1c:1b:ec:0f:3c]
RSSI: -90 [da:19:80:c5:03:be]
RSSI: -86 [da:1c:1b:fc:0f:6c]
RSSI: -86 [da:19:80:c5:03:be]
RSSI: -84 [da:1c:1b:fc:0f:6c]
RSSI: -87 [da:1c:1c:0b:0f:9c]
RSSI: -90 [da:1c:1c:18:0f:bc]
RSSI: -94 [da:16:77:d2:11:5a]
RSSI: -90 [da:1c:1c:37:10:1c]
RSSI: -94 [da:19:81:0a:04:7e]
RSSI: -90 [da:1c:1c:53:10:7c]
RSSI: -87 [da:1c:1c:53:10:7c]
RSSI: -86 [da:1c:1c:62:10:ac]
RSSI: -90 [da:16:78:13:12:1a]
RSSI: -91 [da:19:81:4d:05:3e]
RSSI: -93 [da:16:78:3b:12:8a]
RSSI: -91 [da:19:81:4d:05:3e]
RSSI: -89 [da:1c:1c:8d:11:3c]
RSSI: -88 [da:1c:1c:9a:11:5c]
RSSI: -90 [da:1c:1c:9a:11:5c]
RSSI: -93 [da:16:78:55:12:ca]
RSSI: -88 [da:1c:1c:aa:11:8c]
RSSI: -88 [da:19:81:76:05:be]
RSSI: -92 [da:19:81:84:05:de]
RSSI: -88 [da:1c:1c:b9:11:bc]
RSSI: -91 [da:16:78:7c:13:3a]
RSSI: -85 [da:1c:1c:c6:11:ec]
RSSI: -91 [da:16:78:89:13:5a]
RSSI: -85 [da:1c:1c:d5:12:1c]
RSSI: -88 [da:19:81:9f:06:2e]
RSSI: -88 [da:19:81:ad:06:5e]
RSSI: -82 [da:1c:1c:e4:12:4c]
RSSI: -82 [da:1c:1c:e4:12:4c]
RSSI: -90 [da:1c:1d:01:12:9c]
RSSI: -86 [da:19:81:c7:06:9e]
RSSI: -95 [da:14:94:bc:00:cb]
RSSI: -83 [da:1c:1d:01:12:9c]
RSSI: -83 [da:1c:1d:01:12:9c]
RSSI: -89 [da:19:81:d5:06:ce]
RSSI: -81 [da:1c:1d:10:12:cc]
RSSI: -89 [da:1c:1d:10:12:cc]
RSSI: -81 [da:1c:1d:1d:12:fc]
RSSI: -90 [da:16:78:d0:14:2a]
RSSI: -86 [da:19:81:f0:07:1e]
RSSI: -82 [da:1c:1d:2c:13:2c]
RSSI: -87 [da:19:81:f0:07:1e]
RSSI: -92 [da:14:94:e5:01:3b]
RSSI: -89 [da:16:78:e0:14:5a]
RSSI: -81 [da:1c:1d:2c:13:2c]
RSSI: -85 [da:19:81:fe:07:3e]
RSSI: -85 [da:19:81:fe:07:3e]
RSSI: -88 [da:16:78:ee:14:7a]
RSSI: -81 [da:1c:1d:3b:13:5c]
RSSI: -84 [da:19:82:0b:07:5e]
RSSI: -79 [da:1c:1d:3b:13:5c]
RSSI: -82 [da:19:82:0b:07:5e]
RSSI: -79 [da:1c:1d:48:13:7c]
RSSI: -90 [da:16:79:08:14:ca]
RSSI: -79 [da:1c:1d:58:13:ac]
RSSI: -80 [da:1c:1d:67:13:dc]
RSSI: -88 [da:16:79:22:15:0a]
RSSI: -80 [da:19:82:33:07:de]
RSSI: -82 [da:19:82:33:07:de]
RSSI: -85 [da:1c:1d:74:14:0c]
RSSI: -88 [da:1c:1d:74:14:0c]
RSSI: -90 [da:16:79:2f:15:3a]
RSSI: -78 [da:19:82:47:08:0e]
RSSI: -90 [da:1c:1d:88:14:4c]
RSSI: -87 [da:1c:1d:88:14:4c]
RSSI: -81 [da:1c:1d:99:14:7c]
RSSI: -81 [da:19:82:64:08:6e]
RSSI: -92 [da:16:79:49:15:7a]
RSSI: -80 [da:19:82:64:08:6e]
RSSI: -83 [da:1c:1d:a5:14:9c]
RSSI: -77 [da:19:82:72:08:8e]
RSSI: -91 [da:16:79:57:15:aa]
RSSI: -74 [da:1c:1d:a5:14:9c]
RSSI: -80 [da:19:82:80:08:be]
RSSI: -78 [da:19:82:80:08:be]
RSSI: -77 [da:1c:1d:b5:14:dc]
RSSI: -72 [da:1c:1d:c4:15:0c]
RSSI: -73 [da:1c:1d:c4:15:0c]
RSSI: -72 [da:1c:1d:d1:15:2c]
RSSI: -81 [da:19:82:9a:08:fe]
RSSI: -72 [da:1c:1d:d1:15:2c]
RSSI: -78 [da:19:82:a8:09:2e]
RSSI: -74 [da:1c:1d:e0:15:5c]
RSSI: -73 [da:1c:1d:e0:15:5c]
RSSI: -73 [da:1c:1d:f0:15:8c]
RSSI: -75 [da:1c:1d:f0:15:8c]
RSSI: -81 [da:19:82:c3:09:7e]
RSSI: -72 [da:1c:1d:fc:15:bc]
RSSI: -80 [da:19:82:c3:09:7e]
RSSI: -70 [da:1c:1d:fc:15:bc]
RSSI: -77 [da:19:82:d1:09:ae]
RSSI: -77 [da:19:82:d1:09:ae]
RSSI: -71 [da:1c:1e:0c:15:ec]
RSSI: -69 [da:1c:1e:0c:15:ec]
RSSI: -72 [da:1c:1e:1b:16:1c]
RSSI: -81 [da:19:82:ec:09:ee]
RSSI: -80 [da:19:82:ec:09:ee]
RSSI: -71 [da:1c:1e:28:16:3c]
RSSI: -72 [da:1c:1e:28:16:3c]
RSSI: -77 [da:19:82:fa:0a:1e]
RSSI: -92 [da:16:79:e7:01:0a]
RSSI: -82 [da:19:82:fa:0a:1e]
RSSI: -71 [da:1c:1e:37:16:7c]
RSSI: -78 [da:19:83:07:0a:3e]
RSSI: -78 [da:19:83:07:0a:3e]
RSSI: -72 [da:1c:1e:47:00:3c]
RSSI: -72 [da:1c:1e:47:00:3c]
RSSI: -71 [da:1c:1e:47:00:3c]
RSSI: -89 [da:16:7a:02:01:4a]
RSSI: -73 [da:1c:1e:53:00:5c]
RSSI: -73 [da:1c:1e:53:00:5c]
RSSI: -82 [da:19:83:23:0a:8e]
RSSI: -89 [da:16:7a:0f:01:7a]
RSSI: -88 [da:16:7a:0f:01:7a]
RSSI: -77 [da:19:83:30:0a:ae]
RSSI: -74 [da:1c:1e:63:00:8c]
RSSI: -75 [da:1c:1e:72:00:bc]
RSSI: -77 [da:19:83:3e:0a:de]
RSSI: -89 [da:16:7a:2a:01:ba]
RSSI: -74 [da:1c:1e:72:00:bc]
RSSI: -73 [da:19:83:3e:0a:de]
RSSI: -88 [da:16:7a:2a:01:ba]
RSSI: -77 [da:1c:1e:7f:00:ec]
RSSI: -91 [da:16:7a:36:01:ea]
RSSI: -77 [da:1c:1e:7f:00:ec]
RSSI: -69 [da:19:83:58:0b:2e]
RSSI: -81 [da:1c:1e:8f:01:1c]
RSSI: -74 [da:19:83:58:0b:2e]
RSSI: -84 [da:1c:1e:9e:01:4c]
RSSI: -72 [da:19:83:67:0b:4e]
RSSI: -68 [da:19:83:67:0b:4e]
RSSI: -72 [da:19:83:75:0b:7e]
RSSI: -87 [da:16:7a:5e:02:5a]
RSSI: -70 [da:19:83:75:0b:7e]
RSSI: -72 [da:19:83:81:0b:9e]
RSSI: -84 [da:1c:1e:ba:01:9c]
RSSI: -82 [da:1c:1e:ca:01:cc]
RSSI: -84 [da:1c:1e:ca:01:cc]
RSSI: -85 [da:16:7a:86:02:ca]
RSSI: -68 [da:19:83:9e:0b:ee]
RSSI: -81 [da:1c:1e:d6:01:fc]
RSSI: -83 [da:16:7a:93:02:ea]
RSSI: -71 [da:19:83:aa:0c:0e]
RSSI: -69 [da:19:83:aa:0c:0e]
RSSI: -84 [da:1c:1e:e6:02:2c]
RSSI: -68 [da:19:83:c7:0c:6e]
RSSI: -86 [da:1c:1e:f5:02:5c]
RSSI: -79 [da:16:7a:ad:03:2a]
RSSI: -63 [da:19:83:c7:0c:6e]
RSSI: -86 [da:1c:1f:02:02:7c]
RSSI: -71 [da:19:83:d3:0c:8e]
RSSI: -68 [da:19:83:d3:0c:8e]
RSSI: -78 [da:16:7a:c8:03:7a]
RSSI: -87 [da:1c:1f:12:02:bc]
RSSI: -79 [da:16:7a:c8:03:7a]
RSSI: -71 [da:19:83:e1:0c:be]
RSSI: -79 [da:16:7a:d5:03:9a]
RSSI: -85 [da:1c:1f:21:02:ec]
RSSI: -77 [da:16:7a:d5:03:9a]
RSSI: -63 [da:19:83:f0:0c:de]
RSSI: -79 [da:16:7a:e2:03:ca]
RSSI: -79 [da:16:7a:e2:03:ca]
RSSI: -88 [da:1c:1f:2e:03:0c]
RSSI: -68 [da:19:83:fc:0d:0e]
RSSI: -78 [da:16:7a:e2:03:ca]
RSSI: -77 [da:16:7a:f0:03:ea]
RSSI: -84 [da:1c:1f:3d:03:3c]
RSSI: -84 [da:1c:1f:3d:03:3c]
RSSI: -70 [da:19:84:0a:0d:2e]
RSSI: -64 [da:19:84:18:0d:5e]
RSSI: -72 [da:19:84:18:0d:5e]
RSSI: -76 [da:16:7b:0a:04:3a]
RSSI: -82 [da:1c:1f:59:03:9c]
RSSI: -69 [da:19:84:25:0d:7e]
RSSI: -87 [da:1c:1f:59:03:9c]
RSSI: -66 [da:19:84:25:0d:7e]
RSSI: -76 [da:16:7b:17:04:5a]
RSSI: -73 [da:19:84:33:0d:ae]
RSSI: -90 [da:1c:1f:69:03:cc]
RSSI: -72 [da:19:84:33:0d:ae]
RSSI: -77 [da:16:7b:24:04:7a]
RSSI: -75 [da:19:84:41:0d:ce]
RSSI: -78 [da:16:7b:32:04:aa]
RSSI: -78 [da:16:7b:32:04:aa]
RSSI: -84 [da:1c:1f:85:04:1c]
RSSI: -71 [da:19:84:4e:0d:ee]
RSSI: -77 [da:16:7b:3f:04:ca]
RSSI: -77 [da:19:84:5c:0e:1e]
RSSI: -83 [da:1c:1f:95:04:4c]
RSSI: -77 [da:16:7b:4c:04:ea]
RSSI: -82 [da:1c:1f:95:04:4c]
RSSI: -83 [da:19:84:6a:0e:3e]
RSSI: -85 [da:1c:1f:a4:04:7c]
RSSI: -79 [da:19:84:6a:0e:3e]
RSSI: -76 [da:19:84:77:0e:6e]
RSSI: -79 [da:16:7b:67:05:3a]
RSSI: -87 [da:19:84:77:0e:6e]
RSSI: -79 [da:16:7b:67:05:3a]
RSSI: -79 [da:16:7b:67:05:3a]
RSSI: -80 [da:19:84:85:0e:8e]
RSSI: -77 [da:19:84:85:0e:8e]
RSSI: -84 [da:1c:1f:c1:04:dc]
RSSI: -79 [da:16:7b:73:05:5a]
RSSI: -78 [da:16:7b:73:05:5a]
RSSI: -88 [da:19:84:93:0e:be]
RSSI: -88 [da:1c:1f:c1:04:dc]
RSSI: -80 [da:16:7b:81:05:8a]
RSSI: -83 [da:1c:1f:d0:05:0c]
RSSI: -85 [da:1c:1f:d0:05:0c]
RSSI: -80 [da:16:7b:8e:05:aa]
RSSI: -83 [da:1c:1f:dd:05:2c]
RSSI: -81 [da:16:7b:8e:05:aa]
RSSI: -77 [da:19:84:ae:0f:0e]
RSSI: -83 [da:16:7b:9b:05:ca]
RSSI: -81 [da:16:7b:9b:05:ca]
RSSI: -81 [da:19:84:bc:0f:2e]
RSSI: -84 [da:16:7b:a9:05:fa]
RSSI: -85 [da:1c:1f:ec:05:5c]
RSSI: -81 [da:19:84:bc:0f:2e]
RSSI: -84 [da:16:7b:b6:06:1a]
RSSI: -80 [da:19:84:c9:0f:4e]
RSSI: -84 [da:16:7b:b6:06:1a]
RSSI: -86 [da:16:7b:b6:06:1a]
RSSI: -84 [da:19:84:c9:0f:4e]
RSSI: -85 [da:16:7b:b6:06:1a]
RSSI: -82 [da:1c:20:09:05:bc]
RSSI: -79 [da:19:84:d7:0f:7e]
RSSI: -86 [da:19:84:d7:0f:7e]
RSSI: -87 [da:16:7b:c3:06:3a]
RSSI: -89 [da:1c:20:18:05:ec]
RSSI: -82 [da:19:84:e5:0f:ae]
RSSI: -88 [da:19:84:f2:0f:ce]
RSSI: -88 [da:19:85:0f:10:1e]
RSSI: -82 [da:19:85:0f:10:1e]
RSSI: -93 [da:19:85:1b:10:4e]
RSSI: -89 [da:16:7c:06:06:fa]
RSSI: -87 [da:16:7c:12:07:1a]
RSSI: -91 [da:19:85:29:10:6e]
RSSI: -86 [da:16:7c:12:07:1a]
RSSI: -86 [da:1c:20:60:06:cc]
RSSI: -89 [da:19:85:29:10:6e]
RSSI: -87 [da:1c:20:60:06:cc]
RSSI: -89 [da:19:85:44:10:be]
RSSI: -90 [da:1c:20:8c:07:5c]
RSSI: -87 [da:1c:20:8c:07:5c]
RSSI: -85 [da:1c:20:8c:07:5c]
RSSI: -90 [da:16:7c:48:07:ba]
RSSI: -84 [da:19:85:61:11:1e]
RSSI: -89 [da:16:7c:48:07:ba]
RSSI: -85 [da:19:85:6d:11:3e]
RSSI: -88 [da:16:7c:62:07:fa]
RSSI: -86 [da:16:7c:62:07:fa]
RSSI: -89 [da:19:85:7c:11:6e]
RSSI: -89 [da:16:7c:62:07:fa]
RSSI: -82 [da:1c:20:b8:07:ec]
RSSI: -84 [da:1c:20:c7:08:1c]
RSSI: -87 [da:16:7c:7d:08:4a]
RSSI: -87 [da:1c:20:c7:08:1c]
RSSI: -88 [da:1c:20:d7:08:4c]
RSSI: -89 [da:16:7c:8a:08:6a]
RSSI: -91 [da:16:7c:97:08:9a]
RSSI: -86 [da:1c:20:f3:08:ac]
RSSI: -89 [da:16:7c:a5:08:ba]
RSSI: -90 [da:16:7c:b1:08:da]
RSSI: -90 [da:1c:21:10:09:0c]
RSSI: -91 [da:1c:21:10:09:0c]
RSSI: -89 [da:19:85:e9:12:9e]
RSSI: -91 [da:16:7c:e7:09:7a]
RSSI: -91 [da:16:7c:e7:09:7a]
RSSI: -87 [da:19:86:05:12:ee]
RSSI: -91 [da:1c:21:3b:09:8c]
RSSI: -89 [da:1c:21:3b:09:8c]
RSSI: -90 [da:1c:21:3b:09:8c]
RSSI: -89 [da:1c:21:4b:09:bc]
RSSI: -87 [da:19:86:12:13:0e]
RSSI: -86 [da:1c:21:5b:09:fc]
RSSI: -86 [da:19:86:2e:13:5e]
RSSI: -89 [da:16:7d:1c:0a:0a]
RSSI: -87 [da:19:86:2e:13:5e]
RSSI: -89 [da:19:86:3b:13:8e]
RSSI: -89 [da:19:86:3b:13:8e]
RSSI: -90 [da:19:86:49:13:ae]
RSSI: -92 [da:16:7d:37:0a:5a]
RSSI: -83 [da:19:86:57:13:de]
RSSI: -85 [da:1c:21:93:0a:ac]
RSSI: -87 [da:19:86:64:13:fe]
RSSI: -86 [da:1c:21:93:0a:ac]
RSSI: -82 [da:19:86:64:13:fe]
RSSI: -88 [da:19:86:72:14:2e]
RSSI: -89 [da:1c:21:a3:0a:dc]
RSSI: -85 [da:19:86:72:14:2e]
RSSI: -81 [da:19:86:81:14:4e]
RSSI: -89 [da:19:86:81:14:4e]
RSSI: -82 [da:19:86:8d:14:7e]
RSSI: -89 [da:16:7d:79:0b:1a]
RSSI: -82 [da:19:86:8d:14:7e]
RSSI: -88 [da:1c:21:cf:0b:6c]
RSSI: -85 [da:19:86:9c:14:9e]
RSSI: -91 [da:16:7d:86:0b:3a]
RSSI: -86 [da:19:86:aa:14:ce]
RSSI: -86 [da:19:86:c5:15:0e]
RSSI: -92 [da:16:7d:ae:0b:ba]
RSSI: -80 [da:19:86:c5:15:0e]
RSSI: -88 [da:1c:22:0a:0c:2c]
RSSI: -93 [da:16:7d:bc:0b:da]
RSSI: -84 [da:19:86:d3:15:3e]
RSSI: -90 [da:16:7d:d6:0c:2a]
RSSI: -81 [da:19:86:ee:15:8e]
RSSI: -90 [da:16:7d:d6:0c:2a]
RSSI: -91 [da:1c:22:27:0c:8c]
RSSI: -88 [da:1c:22:27:0c:8c]
RSSI: -87 [da:19:86:fc:15:ae]
RSSI: -91 [da:16:7d:e4:0c:4a]
RSSI: -85 [da:19:86:fc:15:ae]
RSSI: -86 [da:19:87:09:15:ce]
RSSI: -88 [da:19:87:17:15:fe]
RSSI: -90 [da:16:7e:0c:0c:ca]
RSSI: -90 [da:19:87:32:16:4e]
RSSI: -94 [da:16:7e:18:0c:ea]
RSSI: -90 [da:19:87:40:00:2e]
RSSI: -88 [da:1c:22:7f:0d:9c]
RSSI: -84 [da:1c:22:8e:0d:cc]
RSSI: -87 [da:1c:22:9b:0d:fc]
RSSI: -87 [da:19:87:78:00:ce]
RSSI: -87 [da:19:87:78:00:ce]
RSSI: -86 [da:1c:22:ba:0e:5c]
RSSI: -87 [da:19:87:85:00:ee]
RSSI: -89 [da:1c:22:d7:0e:bc]
RSSI: -92 [da:16:7e:90:0e:3a]
RSSI: -89 [da:1c:22:d7:0e:bc]
RSSI: -85 [da:19:87:ae:01:6e]
RSSI: -89 [da:19:87:cb:01:be]
RSSI: -84 [da:19:87:d7:01:ee]
RSSI: -88 [da:19:87:d7:01:ee]
RSSI: -85 [da:1c:23:1f:0f:9c]
RSSI: -87 [da:19:87:e6:02:0e]
RSSI: -88 [da:1c:23:2f:0f:cc]
RSSI: -88 [da:19:88:01:02:5e]
RSSI: -90 [da:1c:23:3f:0f:fc]
RSSI: -90 [da:19:88:1d:02:ae]
RSSI: -86 [da:1c:23:5b:10:5c]
RSSI: -88 [da:19:88:2a:02:ce]
RSSI: -89 [da:19:88:2a:02:ce]
RSSI: -91 [da:1c:23:6b:10:8c]
RSSI: -89 [da:19:88:38:02:fe]
RSSI: -88 [da:19:88:47:03:2e]
RSSI: -91 [da:1c:23:77:10:bc]
RSSI: -90 [da:19:88:53:03:4e]
RSSI: -89 [da:19:88:53:03:4e]
RSSI: -88 [da:19:88:70:03:9e]
RSSI: -91 [da:1c:23:a3:11:4c]
RSSI: -89 [da:1c:23:b3:11:7c]
RSSI: -89 [da:19:88:7d:03:be]
RSSI: -89 [da:1c:23:b3:11:7c]
RSSI: -83 [da:19:88:99:04:0e]
RSSI: -86 [da:1c:23:d0:11:cc]
RSSI: -90 [da:1c:23:df:12:0c]
RSSI: -84 [da:1c:23:df:12:0c]
RSSI: -91 [da:16:7f:9d:11:3a]
RSSI: -90 [da:16:7f:a9:11:5a]
RSSI: -93 [da:19:88:c3:04:8e]
RSSI: -86 [da:1c:23:fc:12:5c]
RSSI: -87 [da:1c:24:0c:12:8c]
RSSI: -86 [da:1c:24:0c:12:8c]
RSSI: -87 [da:1c:24:1b:12:cc]
RSSI: -90 [da:16:7f:d1:11:ca]
RSSI: -89 [da:19:88:ec:05:0e]
RSSI: -90 [da:1c:24:28:12:ec]
RSSI: -85 [da:1c:24:28:12:ec]
RSSI: -86 [da:1c:24:38:13:1c]
RSSI: -81 [da:1c:24:47:13:4c]
RSSI: -89 [da:16:80:07:12:6a]
RSSI: -84 [da:1c:24:54:13:7c]
RSSI: -85 [da:1c:24:54:13:7c]
RSSI: -82 [da:1c:24:64:13:ac]
RSSI: -92 [da:16:80:22:12:ba]
RSSI: -82 [da:1c:24:74:13:dc]
RSSI: -91 [da:16:80:22:12:ba]
RSSI: -85 [da:1c:24:80:13:fc]
RSSI: -91 [da:16:80:4a:13:2a]
RSSI: -91 [da:16:80:58:13:4a]
RSSI: -80 [da:1c:24:bc:14:bc]
RSSI: -89 [da:19:89:84:06:be]
RSSI: -80 [da:1c:24:bc:14:bc]
RSSI: -84 [da:19:89:92:06:de]
RSSI: -89 [da:19:89:92:06:de]
RSSI: -89 [da:16:80:80:13:ba]
RSSI: -77 [da:1c:24:cc:14:ec]
RSSI: -89 [da:16:80:80:13:ba]
RSSI: -92 [da:14:9c:90:01:6b]
RSSI: -89 [da:14:9c:90:01:6b]
RSSI: -87 [da:16:80:8e:13:ea]
RSSI: -75 [da:1c:24:d9:15:1c]
RSSI: -95 [da:14:9c:9e:01:9b]
RSSI: -89 [da:19:89:ad:07:2e]
RSSI: -91 [da:16:80:9a:14:0a]
RSSI: -74 [da:1c:24:e9:15:4c]
RSSI: -74 [da:1c:24:f8:15:7c]
RSSI: -89 [da:16:80:a8:14:3a]
RSSI: -74 [da:1c:24:f8:15:7c]
RSSI: -91 [da:14:9c:b9:01:eb]
RSSI: -75 [da:1c:25:05:15:ac]
RSSI: -73 [da:1c:25:05:15:ac]
RSSI: -83 [da:19:89:d7:07:ae]
RSSI: -91 [da:16:80:c3:14:7a]
RSSI: -75 [da:1c:25:15:15:dc]
RSSI: -84 [da:19:89:e5:07:ce]
RSSI: -91 [da:14:9c:d5:02:3b]
RSSI: -82 [da:19:89:e5:07:ce]
RSSI: -90 [da:16:80:d0:14:aa]
RSSI: -75 [da:1c:25:25:16:0c]
RSSI: -89 [da:16:80:de:14:ca]
RSSI: -86 [da:19:89:f2:07:fe]
RSSI: -74 [da:1c:25:31:16:2c]
RSSI: -82 [da:19:8a:00:08:1e]
RSSI: -80 [da:19:8a:00:08:1e]
RSSI: -80 [da:19:8a:00:08:1e]
RSSI: -72 [da:1c:25:41:16:5c]
RSSI: -73 [da:1c:25:41:16:5c]
RSSI: -81 [da:19:8a:0f:08:4e]
RSSI: -75 [da:1c:25:51:00:0c]
RSSI: -72 [da:1c:25:51:00:0c]
RSSI: -85 [da:19:8a:1b:08:6e]
RSSI: -90 [da:16:81:13:15:6a]
RSSI: -78 [da:19:8a:2a:08:9e]
RSSI: -75 [da:1c:25:5d:00:2c]
RSSI: -83 [da:19:8a:2a:08:9e]
RSSI: -74 [da:1c:25:6d:00:5c]
RSSI: -82 [da:19:8a:38:08:be]
RSSI: -76 [da:1c:25:6d:00:5c]
RSSI: -84 [da:19:8a:45:08:ee]
RSSI: -76 [da:1c:25:7d:00:8c]
RSSI: -84 [da:19:8a:45:08:ee]
RSSI: -83 [da:19:8a:45:08:ee]
RSSI: -77 [da:1c:25:7d:00:8c]
RSSI: -83 [da:19:8a:45:08:ee]
RSSI: -88 [da:16:81:3b:15:da]
RSSI: -80 [da:1c:25:8a:00:bc]
RSSI: -84 [da:19:8a:53:09:0e]
RSSI: -81 [da:1c:25:8a:00:bc]
RSSI: -83 [da:19:8a:62:09:3e]
RSSI: -88 [da:16:81:49:15:fa]
RSSI: -84 [da:1c:25:9a:00:ec]
RSSI: -86 [da:1c:25:9a:00:ec]
RSSI: -83 [da:19:8a:6e:09:5e]
RSSI: -88 [da:1c:25:a9:01:1c]
RSSI: -95 [da:1c:25:a9:01:1c]
RSSI: -83 [da:19:8a:7d:09:7e]
RSSI: -91 [da:1c:25:b6:01:3c]
RSSI: -81 [da:19:8a:7d:09:7e]
RSSI: -78 [da:19:8a:8b:09:ae]
RSSI: -78 [da:19:8a:8b:09:ae]
RSSI: -84 [da:19:8a:8b:09:ae]
RSSI: -77 [da:19:8a:98:09:ce]
RSSI: -89 [da:1c:25:d6:01:ac]
RSSI: -87 [da:1c:25:d6:01:ac]
RSSI: -83 [da:19:8a:a6:09:fe]
RSSI: -82 [da:19:8a:a6:09:fe]
RSSI: -92 [da:16:81:9a:00:ba]
RSSI: -83 [da:1c:25:f2:02:0c]
RSSI: -86 [da:1c:25:f2:02:0c]
RSSI: -80 [da:19:8a:c1:0a:4e]
RSSI: -84 [da:1c:26:02:02:3c]
RSSI: -87 [da:1c:26:02:02:3c]
RSSI: -85 [da:19:8a:d0:0a:7e]
RSSI: -84 [da:19:8a:de:0a:9e]
RSSI: -82 [da:19:8a:eb:0a:ce]
RSSI: -86 [da:19:8a:eb:0a:ce]
RSSI: -83 [da:19:8a:fa:0a:ee]
RSSI: -78 [da:19:8a:fa:0a:ee]
RSSI: -85 [da:19:8b:08:0b:1e]
RSSI: -81 [da:19:8b:08:0b:1e]
RSSI: -86 [da:16:81:f8:01:ca]
RSSI: -85 [da:16:81:f8:01:ca]
RSSI: -87 [da:1c:26:4b:03:1c]
RSSI: -85 [da:19:8b:15:0b:3e]
RSSI: -84 [da:1c:26:4b:03:1c]
RSSI: -86 [da:1c:26:5b:03:4c]
RSSI: -86 [da:19:8b:23:0b:6e]
RSSI: -87 [da:16:82:13:02:0a]
RSSI: -80 [da:19:8b:32:0b:9e]
RSSI: -84 [da:19:8b:3e:0b:be]
RSSI: -80 [da:19:8b:3e:0b:be]
RSSI: -80 [da:19:8b:3e:0b:be]
RSSI: -82 [da:19:8b:4d:0b:ee]
RSSI: -88 [da:16:82:3b:02:8a]
RSSI: -84 [da:1c:26:87:03:dc]
RSSI: -85 [da:16:82:3b:02:8a]
RSSI: -78 [da:19:8b:5b:0c:0e]
RSSI: -85 [da:16:82:49:02:aa]
RSSI: -71 [da:19:8b:5b:0c:0e]
RSSI: -84 [da:1c:26:94:03:fc]
RSSI: -85 [da:16:82:49:02:aa]
RSSI: -90 [da:1c:26:94:03:fc]
RSSI: -77 [da:19:8b:68:0c:3e]
RSSI: -84 [da:16:82:56:02:ca]
RSSI: -82 [da:16:82:56:02:ca]
RSSI: -84 [da:1c:26:a4:04:3c]
RSSI: -82 [da:19:8b:77:0c:5e]
RSSI: -82 [da:16:82:64:02:fa]
RSSI: -86 [da:1c:26:b4:04:6c]
RSSI: -82 [da:16:82:64:02:fa]
RSSI: -70 [da:19:8b:85:0c:8e]
RSSI: -80 [da:19:8b:85:0c:8e]
RSSI: -87 [da:1c:26:c0:04:8c]
RSSI: -76 [da:19:8b:92:0c:ae]
RSSI: -79 [da:16:82:7e:03:3a]
RSSI: -79 [da:19:8b:a0:0c:de]
RSSI: -80 [da:16:82:8c:03:6a]
RSSI: -76 [da:19:8b:a0:0c:de]
RSSI: -79 [da:16:82:9a:03:8a]
RSSI: -78 [da:19:8b:af:0d:0e]
RSSI: -79 [da:16:82:9a:03:8a]
RSSI: -86 [da:1c:26:ed:05:1c]
RSSI: -77 [da:16:82:a7:03:aa]
RSSI: -82 [da:1c:26:ed:05:1c]
RSSI: -69 [da:19:8b:bb:0d:2e]
RSSI: -76 [da:16:82:a7:03:aa]
RSSI: -77 [da:16:82:a7:03:aa]
RSSI: -75 [da:19:8b:ca:0d:5e]
RSSI: -78 [da:16:82:b5:03:da]
RSSI: -75 [da:19:8b:ca:0d:5e]
RSSI: -76 [da:16:82:b5:03:da]
RSSI: -76 [da:16:82:c2:03:fa]
RSSI: -75 [da:19:8b:d9:0d:7e]
RSSI: -76 [da:16:82:c2:03:fa]
RSSI: -76 [da:16:82:cf:04:2a]
RSSI: -76 [da:16:82:dd:04:4a]
RSSI: -71 [da:19:8b:f4:0d:ce]
RSSI: -91 [da:1c:27:29:05:dc]
RSSI: -75 [da:16:82:dd:04:4a]
RSSI: -76 [da:16:82:eb:04:6a]
RSSI: -79 [da:19:8c:02:0d:fe]
RSSI: -87 [da:1c:27:39:06:0c]
RSSI: -76 [da:16:82:eb:04:6a]
RSSI: -77 [da:19:8c:02:0d:fe]
RSSI: -82 [da:19:8c:0f:0e:1e]
RSSI: -76 [da:16:82:f8:04:9a]
RSSI: -79 [da:19:8c:0f:0e:1e]
RSSI: -75 [da:19:8c:1e:0e:4e]
RSSI: -76 [da:16:83:06:04:ba]
RSSI: -84 [da:19:8c:1e:0e:4e]
RSSI: -80 [da:19:8c:2c:0e:6e]
RSSI: -76 [da:16:83:13:04:ea]
RSSI: -81 [da:19:8c:2c:0e:6e]
RSSI: -89 [da:1c:27:65:06:9c]
RSSI: -76 [da:16:83:20:05:0a]
RSSI: -76 [da:16:83:20:05:0a]
RSSI: -89 [da:1c:27:72:06:cc]
RSSI: -76 [da:16:83:2e:05:2a]
RSSI: -77 [da:16:83:2e:05:2a]
RSSI: -77 [da:16:83:3c:05:5a]
RSSI: -92 [da:1c:27:82:06:fc]
RSSI: -77 [da:16:83:3c:05:5a]
RSSI: -78 [da:19:8c:56:0e:ee]
RSSI: -78 [da:16:83:49:05:7a]
RSSI: -78 [da:16:83:49:05:7a]
RSSI: -79 [da:16:83:49:05:7a]
RSSI: -85 [da:1c:27:9f:07:5c]
RSSI: -79 [da:16:83:57:05:aa]
RSSI: -83 [da:19:8c:71:0f:3e]
RSSI: -83 [da:1c:27:af:07:8c]
RSSI: -77 [da:19:8c:80:0f:6e]
RSSI: -80 [da:16:83:64:05:ca]
RSSI: -83 [da:1c:27:af:07:8c]
RSSI: -83 [da:19:8c:80:0f:6e]
RSSI: -81 [da:16:83:71:05:ea]
RSSI: -82 [da:1c:27:be:07:bc]
RSSI: -78 [da:19:8c:8c:0f:8e]
RSSI: -83 [da:16:83:7f:06:1a]
RSSI: -86 [da:19:8c:9b:0f:be]
RSSI: -84 [da:1c:27:cb:07:dc]
RSSI: -86 [da:19:8c:9b:0f:be]
RSSI: -87 [da:16:83:8d:06:3a]
RSSI: -88 [da:16:83:9a:06:6a]
RSSI: -87 [da:1c:27:eb:08:4c]
RSSI: -82 [da:19:8c:b6:10:0e]
RSSI: -83 [da:19:8c:b6:10:0e]
RSSI: -89 [da:1c:27:f8:08:6c]
RSSI: -85 [da:19:8c:c5:10:2e]
RSSI: -87 [da:19:8c:d3:10:5e]
RSSI: -87 [da:19:8c:d3:10:5e]
RSSI: -89 [da:19:8c:d3:10:5e]
RSSI: -90 [da:16:83:c2:06:da]
RSSI: -88 [da:19:8c:e0:10:7e]
RSSI: -90 [da:16:83:d0:06:fa]
RSSI: -89 [da:16:83:d0:06:fa]
RSSI: -87 [da:1c:28:24:08:fc]
RSSI: -89 [da:19:8c:ee:10:ae]
RSSI: -87 [da:1c:28:24:08:fc]
RSSI: -89 [da:16:83:de:07:2a]
RSSI: -91 [da:1c:28:34:09:2c]
RSSI: -86 [da:16:83:eb:07:4a]
RSSI: -88 [da:1c:28:44:09:6c]
RSSI: -89 [da:16:83:f9:07:6a]
RSSI: -90 [da:19:8d:0a:10:fe]
RSSI: -87 [da:19:8d:18:11:1e]
RSSI: -90 [da:1c:28:51:09:8c]
RSSI: -91 [da:16:84:13:07:ba]
RSSI: -88 [da:1c:28:71:09:fc]
RSSI: -90 [da:19:8d:42:11:9e]
RSSI: -89 [da:16:84:2f:08:0a]
RSSI: -89 [da:16:84:2f:08:0a]
RSSI: -88 [da:16:84:3c:08:2a]
RSSI: -89 [da:16:84:3c:08:2a]
RSSI: -88 [da:16:84:4a:08:5a]
RSSI: -89 [da:19:8d:5d:11:ee]
RSSI: -86 [da:16:84:4a:08:5a]
RSSI: -89 [da:16:84:58:08:7a]
RSSI: -90 [da:16:84:80:08:fa]
RSSI: -89 [da:16:84:8d:09:1a]
RSSI: -87 [da:16:84:9b:09:3a]
RSSI: -92 [da:1c:28:e7:0b:6c]
RSSI: -88 [da:16:84:a9:09:6a]
RSSI: -91 [da:1c:28:f7:0b:9c]
RSSI: -85 [da:19:8d:c0:13:0e]
RSSI: -88 [da:16:84:b6:09:8a]
RSSI: -91 [da:19:8d:ce:13:3e]
RSSI: -86 [da:19:8d:ce:13:3e]
RSSI: -89 [da:16:84:c4:09:ba]
RSSI: -85 [da:19:8d:ea:13:7e]
RSSI: -92 [da:16:84:d2:09:da]
RSSI: -87 [da:19:8d:f8:13:ae]
RSSI: -86 [da:1c:29:40:0c:8c]
RSSI: -86 [da:19:8e:05:13:ce]
RSSI: -86 [da:1c:29:50:0c:bc]
RSSI: -86 [da:19:8e:14:13:fe]
RSSI: -86 [da:1c:29:50:0c:bc]
RSSI: -83 [da:1c:29:50:0c:bc]
RSSI: -78 [da:19:8e:22:14:2e]
RSSI: -78 [da:19:8e:22:14:2e]
RSSI: -85 [da:1c:29:5d:0c:ec]
RSSI: -81 [da:19:8e:2f:14:4e]
RSSI: -90 [da:16:85:23:0a:ca]
RSSI: -83 [da:19:8e:3e:14:6e]
RSSI: -85 [da:1c:29:7d:0d:4c]
RSSI: -82 [da:19:8e:3e:14:6e]
RSSI: -81 [da:19:8e:4c:14:9e]
RSSI: -89 [da:16:85:30:0a:ea]
RSSI: -85 [da:19:8e:4c:14:9e]
RSSI: -85 [da:1c:29:89:0d:7c]
RSSI: -84 [da:19:8e:59:14:be]
RSSI: -82 [da:19:8e:59:14:be]
RSSI: -89 [da:1c:29:99:0d:ac]
RSSI: -88 [da:16:85:4c:0b:3a]
RSSI: -89 [da:1c:29:99:0d:ac]
RSSI: -84 [da:1c:29:99:0d:ac]
RSSI: -90 [da:16:85:67:0b:8a]
RSSI: -78 [da:19:8e:83:15:3e]
RSSI: -87 [da:1c:29:b6:0e:0c]
RSSI: -78 [da:19:8e:83:15:3e]
RSSI: -85 [da:19:8e:a0:15:8e]
RSSI: -85 [da:19:8e:a0:15:8e]
RSSI: -90 [da:16:85:9d:0c:2a]
RSSI: -89 [da:1c:29:e3:0e:9c]
RSSI: -90 [da:16:85:aa:0c:4a]
RSSI: -87 [da:1c:2a:03:0e:fc]
RSSI: -84 [da:19:8e:d7:16:2e]
RSSI: -85 [da:19:8e:d7:16:2e]
RSSI: -89 [da:19:8e:e6:16:5e]
RSSI: -89 [da:16:85:d3:0c:ba]
RSSI: -86 [da:19:8e:f4:00:2e]
RSSI: -86 [da:1c:2a:2f:0f:8c]
RSSI: -91 [da:16:85:e1:0c:da]
RSSI: -88 [da:1c:2a:2f:0f:8c]
RSSI: -87 [da:19:8f:01:00:4e]
RSSI: -87 [da:19:8f:10:00:7e]
RSSI: -89 [da:19:8f:1e:00:ae]
RSSI: -89 [da:1c:2a:5c:10:1c]
RSSI: -85 [da:19:8f:2b:00:ce]
RSSI: -90 [da:1c:2a:79:10:7c]
RSSI: -89 [da:1c:2a:89:10:ac]
RSSI: -93 [da:16:86:3a:0d:da]
RSSI: -81 [da:19:8f:55:01:3e]
RSSI: -90 [da:19:8f:72:01:8e]
RSSI: -92 [da:1c:2a:b6:11:3c]
RSSI: -81 [da:19:8f:7f:01:be]
RSSI: -83 [da:19:8f:8e:01:de]
RSSI: -94 [da:19:8f:9c:02:0e]
RSSI: -87 [da:19:8f:a9:02:2e]
RSSI: -89 [da:19:8f:b8:02:5e]
RSSI: -87 [da:19:8f:c7:02:7e]
RSSI: -84 [da:1c:2a:ff:12:2c]
RSSI: -84 [da:19:8f:d3:02:ae]
RSSI: -86 [da:19:8f:d3:02:ae]
RSSI: -85 [da:1c:2b:0f:12:5c]
RSSI: -83 [da:19:8f:e2:02:ce]
RSSI: -84 [da:19:8f:e2:02:ce]
RSSI: -96 [da:16:86:dd:0f:ba]
RSSI: -90 [da:1c:2b:2c:12:ac]
RSSI: -86 [da:1c:2b:2c:12:ac]
RSSI: -83 [da:1c:2b:3c:12:dc]
RSSI: -88 [da:19:8f:fd:03:1e]
RSSI: -90 [da:1c:2b:3c:12:dc]
RSSI: -83 [da:19:90:11:03:5e]
RSSI: -81 [da:1c:2b:49:13:0c]
RSSI: -83 [da:19:90:22:03:7e]
RSSI: -83 [da:19:90:22:03:7e]
RSSI: -81 [da:1c:2b:59:13:3c]
RSSI: -86 [da:1c:2b:69:13:6c]
RSSI: -83 [da:19:90:3d:03:ce]
RSSI: -86 [da:19:90:3d:03:ce]
RSSI: -86 [da:19:90:4c:03:fe]
RSSI: -83 [da:1c:2b:86:13:cc]
RSSI: -87 [da:19:90:58:04:1e]
RSSI: -86 [da:1c:2b:96:13:fc]
RSSI: -88 [da:19:90:67:04:4e]
RSSI: -85 [da:1c:2b:a2:14:2c]
RSSI: -79 [da:1c:2b:b3:14:5c]
RSSI: -79 [da:1c:2b:b3:14:5c]
RSSI: -78 [da:1c:2b:b3:14:5c]
RSSI: -79 [da:1c:2b:c3:14:8c]
RSSI: -88 [da:19:90:91:04:ce]
RSSI: -77 [da:1c:2b:c3:14:8c]
RSSI: -86 [da:19:90:91:04:ce]
RSSI: -88 [da:19:90:91:04:ce]
RSSI: -76 [da:1c:2b:cf:14:bc]
RSSI: -88 [da:19:90:a0:04:ee]
RSSI: -72 [da:1c:2b:df:14:ec]
RSSI: -89 [da:19:90:ad:05:1e]
RSSI: -75 [da:1c:2b:df:14:ec]
RSSI: -90 [da:16:87:9c:11:ca]
RSSI: -75 [da:1c:2b:f0:15:1c]
RSSI: -73 [da:1c:2b:f0:15:1c]
RSSI: -89 [da:16:87:aa:11:fa]
RSSI: -75 [da:1c:2b:fc:15:3c]
RSSI: -89 [da:16:87:b8:12:1a]
RSSI: -76 [da:1c:2c:0c:15:7c]
RSSI: -75 [da:1c:2c:0c:15:7c]
RSSI: -74 [da:1c:2c:1c:15:ac]
RSSI: -75 [da:1c:2c:1c:15:ac]
RSSI: -75 [da:1c:2c:29:15:cc]
RSSI: -74 [da:1c:2c:29:15:cc]
RSSI: -91 [da:16:87:ee:12:ba]
RSSI: -86 [da:19:91:10:06:2e]
RSSI: -92 [da:16:88:0a:13:0a]
RSSI: -96 [da:14:a4:22:01:4b]
RSSI: -79 [da:1c:2c:6f:00:3c]
RSSI: -88 [da:16:88:33:13:7a]
RSSI: -89 [da:1c:2c:8b:00:8c]
RSSI: -89 [da:14:a4:4c:01:cb]
RSSI: -89 [da:1c:2c:9c:00:bc]
RSSI: -90 [da:16:88:4e:13:ca]
RSSI: -92 [da:19:91:64:07:2e]
RSSI: -92 [da:14:a4:59:01:eb]
RSSI: -86 [da:19:91:73:07:4e]
RSSI: -88 [da:19:91:73:07:4e]
RSSI: -87 [da:19:91:80:07:7e]
RSSI: -86 [da:16:88:69:14:1a]
RSSI: -84 [da:19:91:80:07:7e]
RSSI: -86 [da:1c:2c:c2:01:3c]
RSSI: -87 [da:16:88:77:14:3a]
RSSI: -83 [da:19:91:8f:07:9e]
RSSI: -90 [da:16:88:77:14:3a]
RSSI: -81 [da:19:91:9e:07:ce]
RSSI: -85 [da:1c:2c:ce:01:5c]
RSSI: -86 [da:16:88:85:14:6a]
RSSI: -82 [da:19:91:9e:07:ce]
RSSI: -79 [da:19:91:aa:07:ee]
RSSI: -82 [da:19:91:aa:07:ee]
RSSI: -82 [da:19:91:b9:08:1e]
RSSI: -78 [da:19:91:b9:08:1e]
RSSI: -88 [da:16:88:ae:14:da]
RSSI: -80 [da:19:91:c8:08:4e]
RSSI: -80 [da:19:91:c8:08:4e]
RSSI: -87 [da:16:88:bb:14:fa]
RSSI: -89 [da:16:88:bb:14:fa]
RSSI: -78 [da:19:91:d4:08:6e]
RSSI: -87 [da:16:88:c9:15:2a]
RSSI: -76 [da:19:91:e3:08:8e]
RSSI: -87 [da:16:88:c9:15:2a]
RSSI: -77 [da:19:91:e3:08:8e]
RSSI: -88 [da:16:88:d7:15:4a]
RSSI: -89 [da:16:88:d7:15:4a]
RSSI: -88 [da:1c:2d:27:02:7c]
RSSI: -76 [da:19:91:f2:08:be]
RSSI: -77 [da:19:91:ff:08:de]
RSSI: -89 [da:16:88:e4:15:6a]
RSSI: -87 [da:1c:2d:34:02:9c]
RSSI: -76 [da:19:91:ff:08:de]
RSSI: -88 [da:16:88:f2:15:9a]
RSSI: -86 [da:1c:2d:41:02:cc]
RSSI: -77 [da:19:92:0e:09:0e]
RSSI: -88 [da:16:89:00:15:ba]
RSSI: -86 [da:1c:2d:4d:02:ec]
RSSI: -74 [da:19:92:1c:09:3e]
RSSI: -89 [da:16:89:0d:15:ea]
RSSI: -74 [da:19:92:29:09:5e]
RSSI: -74 [da:19:92:38:09:8e]
RSSI: -73 [da:19:92:38:09:8e]
RSSI: -73 [da:19:92:38:09:8e]
RSSI: -87 [da:16:89:2a:16:3a]
RSSI: -71 [da:19:92:47:09:ae]
RSSI: -90 [da:16:89:36:00:2a]
RSSI: -72 [da:19:92:47:09:ae]
RSSI: -91 [da:16:89:36:00:2a]
RSSI: -70 [da:19:92:53:09:de]
RSSI: -91 [da:16:89:44:00:4a]
RSSI: -72 [da:19:92:62:09:fe]
RSSI: -92 [da:16:89:53:00:7a]
RSSI: -74 [da:19:92:71:0a:2e]
RSSI: -74 [da:19:92:71:0a:2e]
RSSI: -73 [da:19:92:7e:0a:5e]
RSSI: -75 [da:19:92:7e:0a:5e]
RSSI: -75 [da:19:92:8d:0a:7e]
RSSI: -89 [da:16:89:7c:00:ea]
RSSI: -74 [da:19:92:8d:0a:7e]
RSSI: -74 [da:19:92:9c:0a:ae]
RSSI: -74 [da:19:92:9c:0a:ae]
RSSI: -73 [da:19:92:a8:0a:ce]
RSSI: -72 [da:19:92:a8:0a:ce]
RSSI: -68 [da:19:92:b7:0a:fe]
RSSI: -70 [da:19:92:b7:0a:fe]
RSSI: -69 [da:19:92:c6:0b:2e]
RSSI: -68 [da:19:92:c6:0b:2e]
RSSI: -66 [da:19:92:c6:0b:2e]
RSSI: -83 [da:1c:2d:ff:05:1c]
RSSI: -68 [da:19:92:d3:0b:4e]
RSSI: -67 [da:19:92:d3:0b:4e]
RSSI: -67 [da:19:92:e2:0b:7e]
RSSI: -63 [da:19:92:f0:0b:9e]
RSSI: -65 [da:19:92:fd:0b:ce]
RSSI: -88 [da:16:89:e9:02:2a]
RSSI: -65 [da:19:92:fd:0b:ce]
RSSI: -92 [da:16:89:e9:02:2a]
RSSI: -66 [da:19:93:0c:0b:ee]
RSSI: -65 [da:19:93:0c:0b:ee]
RSSI: -62 [da:19:93:1b:0c:1e]
RSSI: -62 [da:19:93:27:0c:3e]
RSSI: -87 [da:16:8a:12:02:9a]
RSSI: -85 [da:1c:2e:65:06:5c]
RSSI: -88 [da:16:8a:20:02:ba]
RSSI: -65 [da:19:93:36:0c:6e]
RSSI: -89 [da:1c:2e:72:06:8c]
RSSI: -66 [da:19:93:45:0c:9e]
RSSI: -84 [da:1c:2e:7f:06:ac]
RSSI: -66 [da:19:93:45:0c:9e]
RSSI: -86 [da:1c:2e:7f:06:ac]
RSSI: -86 [da:16:8a:3b:03:0a]
RSSI: -62 [da:19:93:52:0c:be]
RSSI: -84 [da:16:8a:3b:03:0a]
RSSI: -67 [da:19:93:52:0c:be]
RSSI: -87 [da:16:8a:4a:03:3a]
RSSI: -88 [da:1c:2e:98:06:fc]
RSSI: -82 [da:16:8a:4a:03:3a]
RSSI: -90 [da:1c:2e:98:06:fc]
RSSI: -83 [da:16:8a:56:03:5a]
RSSI: -67 [da:19:93:70:0d:0e]
RSSI: -83 [da:16:8a:56:03:5a]
RSSI: -85 [da:1c:2e:a5:07:2c]
RSSI: -66 [da:19:93:70:0d:0e]
RSSI: -67 [da:19:93:7c:0d:3e]
RSSI: -83 [da:16:8a:65:03:7a]
RSSI: -67 [da:19:93:7c:0d:3e]
RSSI: -84 [da:1c:2e:be:07:7c]
RSSI: -81 [da:16:8a:73:03:aa]
RSSI: -64 [da:19:93:8b:0d:6e]
RSSI: -68 [da:19:93:8b:0d:6e]
RSSI: -67 [da:19:93:9a:0d:8e]
RSSI: -64 [da:19:93:9a:0d:8e]
RSSI: -81 [da:16:8a:8e:03:fa]
RSSI: -69 [da:19:93:a7:0d:ae]
RSSI: -81 [da:16:8a:8e:03:fa]
RSSI: -77 [da:16:8a:9c:04:1a]
RSSI: -69 [da:19:93:b6:0d:de]
RSSI: -69 [da:19:93:b6:0d:de]
RSSI: -85 [da:1c:2e:f1:08:1c]
RSSI: -80 [da:16:8a:a9:04:3a]
RSSI: -78 [da:16:8a:a9:04:3a]
RSSI: -67 [da:19:93:c5:0e:0e]
RSSI: -80 [da:16:8a:b7:04:6a]
RSSI: -72 [da:19:93:d1:0e:2e]
RSSI: -80 [da:16:8a:b7:04:6a]
RSSI: -88 [da:1c:2f:0b:08:6c]
RSSI: -70 [da:19:93:d1:0e:2e]
RSSI: -81 [da:16:8a:c5:04:9a]
RSSI: -93 [da:1c:2f:17:08:9c]
RSSI: -74 [da:19:93:e0:0e:5e]
RSSI: -91 [da:1c:2f:17:08:9c]
RSSI: -74 [da:19:93:e0:0e:5e]
RSSI: -79 [da:16:8a:d2:04:ba]
RSSI: -76 [da:19:93:ef:0e:8e]
RSSI: -82 [da:16:8a:e1:04:da]
RSSI: -73 [da:19:93:fc:0e:ae]
RSSI: -84 [da:16:8a:ef:05:0a]
RSSI: -76 [da:19:94:0b:0e:de]
RSSI: -71 [da:19:94:0b:0e:de]
RSSI: -82 [da:16:8a:fb:05:2a]
RSSI: -84 [da:16:8a:fb:05:2a]
RSSI: -75 [da:19:94:1a:0e:fe]
RSSI: -74 [da:19:94:1a:0e:fe]
RSSI: -74 [da:19:94:26:0f:2e]
RSSI: -84 [da:16:8b:18:05:7a]
RSSI: -87 [da:16:8b:18:05:7a]
RSSI: -70 [da:19:94:35:0f:5e]
RSSI: -84 [da:16:8b:25:05:9a]
RSSI: -73 [da:19:94:44:0f:7e]
RSSI: -89 [da:1c:2f:7e:09:ec]
RSSI: -90 [da:16:8b:33:05:ca]
RSSI: -74 [da:19:94:51:0f:ae]
RSSI: -87 [da:1c:2f:97:0a:3c]
RSSI: -77 [da:19:94:60:0f:ce]
RSSI: -88 [da:16:8b:4e:06:1a]
RSSI: -77 [da:19:94:6f:0f:fe]
RSSI: -76 [da:19:94:6f:0f:fe]
RSSI: -91 [da:16:8b:5c:06:3a]
RSSI: -96 [da:1c:2f:b1:0a:8c]
RSSI: -78 [da:19:94:7b:10:1e]
RSSI: -87 [da:16:8b:6b:06:6a]
RSSI: -89 [da:1c:2f:be:0a:ac]
RSSI: -75 [da:19:94:8b:10:4e]
RSSI: -77 [da:19:94:8b:10:4e]
RSSI: -74 [da:19:94:99:10:7e]
RSSI: -75 [da:19:94:99:10:7e]
RSSI: -78 [da:19:94:a6:10:9e]
RSSI: -76 [da:19:94:a6:10:9e]
RSSI: -80 [da:19:94:b5:10:ce]
RSSI: -81 [da:19:94:c4:10:ee]
RSSI: -81 [da:19:94:c4:10:ee]
RSSI: -78 [da:19:94:d1:11:1e]
RSSI: -81 [da:19:94:d1:11:1e]
RSSI: -78 [da:19:94:e0:11:3e]
RSSI: -90 [da:1c:30:17:0b:cc]
RSSI: -76 [da:19:94:e0:11:3e]
RSSI: -80 [da:19:94:ef:11:6e]
RSSI: -79 [da:19:94:ef:11:6e]
RSSI: -88 [da:1c:30:31:0c:1c]
RSSI: -81 [da:19:94:fb:11:8e]
RSSI: -82 [da:19:94:fb:11:8e]
RSSI: -88 [da:1c:30:3d:0c:4c]
RSSI: -94 [da:16:8c:02:08:1a]
RSSI: -92 [da:19:95:19:11:ee]
RSSI: -89 [da:19:95:19:11:ee]
RSSI: -88 [da:1c:30:57:0c:9c]
RSSI: -89 [da:19:95:26:12:0e]
RSSI: -84 [da:1c:30:64:0c:cc]
RSSI: -85 [da:1c:30:64:0c:cc]
RSSI: -86 [da:19:95:35:12:3e]
RSSI: -85 [da:1c:30:71:0c:ec]
RSSI: -81 [da:1c:30:71:0c:ec]
RSSI: -87 [da:19:95:44:12:6e]
RSSI: -83 [da:1c:30:7d:0d:1c]
RSSI: -84 [da:1c:30:7d:0d:1c]
RSSI: -85 [da:19:95:51:12:8e]
RSSI: -78 [da:1c:30:8a:0d:3c]
RSSI: -85 [da:19:95:51:12:8e]
RSSI: -82 [da:1c:30:8a:0d:3c]
RSSI: -81 [da:1c:30:a4:0d:8c]
RSSI: -88 [da:16:8c:55:08:fa]
RSSI: -83 [da:1c:30:a4:0d:8c]
RSSI: -79 [da:1c:30:b1:0d:bc]
RSSI: -88 [da:16:8c:63:09:2a]
RSSI: -83 [da:1c:30:be:0d:dc]
RSSI: -86 [da:19:95:8a:13:2e]
RSSI: -80 [da:1c:30:be:0d:dc]
RSSI: -85 [da:19:95:8a:13:2e]
RSSI: -85 [da:1c:30:ca:0e:0c]
RSSI: -82 [da:1c:30:ca:0e:0c]
RSSI: -82 [da:1c:30:ca:0e:0c]
RSSI: -80 [da:1c:30:d7:0e:3c]
RSSI: -84 [da:1c:30:d7:0e:3c]
RSSI: -81 [da:1c:30:e4:0e:5c]
RSSI: -81 [da:1c:30:e4:0e:5c]
RSSI: -88 [da:16:8c:99:09:ca]
RSSI: -83 [da:1c:30:f1:0e:8c]
RSSI: -91 [da:16:8c:b6:0a:1a]
RSSI: -83 [da:1c:30:fd:0e:ac]
RSSI: -81 [da:1c:31:0a:0e:dc]
RSSI: -84 [da:1c:31:0a:0e:dc]
RSSI: -86 [da:19:95:d1:13:fe]
RSSI: -82 [da:1c:31:17:0e:fc]
RSSI: -86 [da:19:95:e0:14:1e]
RSSI: -82 [da:1c:31:17:0e:fc]
RSSI: -77 [da:19:95:ef:14:4e]
RSSI: -83 [da:19:95:fb:14:6e]
RSSI: -84 [da:1c:31:31:0f:5c]
RSSI: -84 [da:1c:31:3e:0f:7c]
RSSI: -86 [da:19:96:0a:14:9e]
RSSI: -85 [da:19:96:0a:14:9e]
RSSI: -84 [da:1c:31:4b:0f:ac]
RSSI: -82 [da:19:96:19:14:ce]
RSSI: -85 [da:1c:31:4b:0f:ac]
RSSI: -88 [da:19:96:19:14:ce]
RSSI: -87 [da:1c:31:58:0f:cc]
RSSI: -87 [da:19:96:26:14:ee]
RSSI: -79 [da:19:96:26:14:ee]
RSSI: -89 [da:16:8d:16:0b:2a]
RSSI: -86 [da:1c:31:64:0f:fc]
RSSI: -88 [da:16:8d:16:0b:2a]
RSSI: -86 [da:19:96:35:15:1e]
RSSI: -86 [da:16:8d:24:0b:5a]
RSSI: -88 [da:19:96:44:15:3e]
RSSI: -88 [da:16:8d:33:0b:7a]
RSSI: -78 [da:19:96:51:15:6e]
RSSI: -84 [da:19:96:51:15:6e]
RSSI: -88 [da:16:8d:3f:0b:aa]
RSSI: -80 [da:19:96:60:15:8e]
RSSI: -79 [da:19:96:60:15:8e]
RSSI: -82 [da:19:96:6f:15:be]
RSSI: -90 [da:16:8d:5c:0b:fa]
RSSI: -81 [da:19:96:6f:15:be]
RSSI: -89 [da:16:8d:5c:0b:fa]
RSSI: -83 [da:19:96:7b:15:de]
RSSI: -82 [da:19:96:7b:15:de]
RSSI: -82 [da:19:96:7b:15:de]
RSSI: -85 [da:19:96:8b:16:0e]
RSSI: -82 [da:19:96:8b:16:0e]
RSSI: -83 [da:19:96:9a:16:3e]
RSSI: -83 [da:19:96:a6:00:2e]
RSSI: -90 [da:16:8d:92:0c:9a]
RSSI: -86 [da:19:96:a6:00:2e]
RSSI: -86 [da:1c:31:e5:11:8c]
RSSI: -86 [da:19:96:b5:00:4e]
RSSI: -88 [da:16:8d:a1:0c:ba]
RSSI: -90 [da:16:8d:af:0c:ea]
RSSI: -90 [da:19:96:d1:00:9e]
RSSI: -90 [da:16:8d:bc:0d:0a]
RSSI: -84 [da:1c:32:0b:12:0c]
RSSI: -88 [da:1c:32:32:12:8c]
RSSI: -95 [da:16:8d:e6:0d:8a]
RSSI: -81 [da:19:96:fc:01:1e]
RSSI: -87 [da:1c:32:3f:12:ac]
RSSI: -84 [da:1c:32:3f:12:ac]
RSSI: -80 [da:19:97:0b:01:4e]
RSSI: -85 [da:1c:32:4c:12:dc]
RSSI: -85 [da:1c:32:59:13:0c]
RSSI: -90 [da:19:97:27:01:9e]
RSSI: -83 [da:1c:32:66:13:2c]
RSSI: -83 [da:1c:32:66:13:2c]
RSSI: -86 [da:1c:32:73:13:5c]
RSSI: -87 [da:1c:32:7f:13:7c]
RSSI: -88 [da:19:97:52:02:1e]
RSSI: -85 [da:19:97:61:02:3e]
RSSI: -90 [da:1c:32:99:13:cc]
RSSI: -84 [da:1c:32:b3:14:1c]
RSSI: -86 [da:19:97:7c:02:9e]
RSSI: -82 [da:19:97:8c:02:be]
RSSI: -85 [da:1c:32:c0:14:4c]
RSSI: -84 [da:19:97:8c:02:be]
RSSI: -86 [da:1c:32:cc:14:6c]
RSSI: -90 [da:19:97:9b:02:ee]
RSSI: -81 [da:19:97:9b:02:ee]
RSSI: -81 [da:1c:32:da:14:9c]
RSSI: -83 [da:1c:32:e7:14:cc]
RSSI: -81 [da:19:97:b6:03:3e]
RSSI: -85 [da:1c:32:f3:14:ec]
RSSI: -81 [da:19:97:c6:03:6e]
RSSI: -83 [da:19:97:d2:03:8e]
RSSI: -83 [da:19:97:d2:03:8e]
RSSI: -83 [da:19:97:d2:03:8e]
RSSI: -80 [da:19:97:e1:03:be]
RSSI: -81 [da:1c:33:1a:15:6c]
RSSI: -81 [da:19:97:f0:03:ee]
RSSI: -81 [da:19:97:f0:03:ee]
RSSI: -86 [da:1c:33:34:15:bc]
RSSI: -84 [da:19:97:fd:04:0e]
RSSI: -89 [da:1c:33:34:15:bc]
RSSI: -81 [da:19:97:fd:04:0e]
RSSI: -86 [da:1c:33:41:15:dc]
RSSI: -85 [da:19:98:0c:04:3e]
RSSI: -84 [da:19:98:1b:04:5e]
RSSI: -80 [da:19:98:1b:04:5e]
RSSI: -85 [da:19:98:28:04:8e]
RSSI: -83 [da:19:98:37:04:ae]
RSSI: -83 [da:19:98:37:04:ae]
RSSI: -85 [da:19:98:46:04:de]
RSSI: -89 [da:1c:33:81:00:2c]
RSSI: -82 [da:19:98:53:04:fe]
RSSI: -82 [da:19:98:53:04:fe]
RSSI: -82 [da:19:98:62:05:2e]
RSSI: -90 [da:1c:33:9b:00:7c]
RSSI: -87 [da:19:98:71:05:5e]
RSSI: -80 [da:19:98:7e:05:7e]
RSSI: -91 [da:16:8f:6b:11:da]
RSSI: -83 [da:19:98:8d:05:ae]
RSSI: -85 [da:19:98:8d:05:ae]
RSSI: -92 [da:14:ab:95:00:fb]
RSSI: -93 [da:1c:33:dc:01:4c]
RSSI: -86 [da:19:98:b8:06:2e]
RSSI: -87 [da:19:98:c7:06:5e]
RSSI: -85 [da:19:98:c7:06:5e]
RSSI: -93 [da:19:98:d4:06:7e]
RSSI: -89 [da:19:98:ff:06:fe]
RSSI: -93 [da:16:8f:f7:13:6a]
RSSI: -83 [da:19:99:2a:07:7e]
RSSI: -87 [da:16:90:12:13:ba]
RSSI: -89 [da:19:99:39:07:ae]
RSSI: -84 [da:19:99:39:07:ae]
RSSI: -85 [da:19:99:48:07:ce]
RSSI: -91 [da:14:ac:40:02:eb]
RSSI: -85 [da:16:90:3c:14:2a]
RSSI: -82 [da:19:99:64:08:1e]
RSSI: -87 [da:16:90:57:14:7a]
RSSI: -82 [da:19:99:73:08:4e]
RSSI: -88 [da:16:90:57:14:7a]
RSSI: -82 [da:19:99:73:08:4e]
RSSI: -86 [da:16:90:66:14:9a]
RSSI: -88 [da:16:90:66:14:9a]
RSSI: -81 [da:19:99:80:08:6e]
RSSI: -87 [da:16:90:75:14:ca]
RSSI: -79 [da:19:99:8f:08:9e]
RSSI: -80 [da:19:99:8f:08:9e]
RSSI: -88 [da:16:90:81:14:ea]
RSSI: -78 [da:19:99:9e:08:ce]
RSSI: -86 [da:16:90:90:15:1a]
RSSI: -78 [da:19:99:ab:08:ee]
RSSI: -77 [da:19:99:ab:08:ee]
RSSI: -89 [da:16:90:9f:15:3a]
RSSI: -79 [da:19:99:ba:09:1e]
RSSI: -78 [da:19:99:ba:09:1e]
RSSI: -88 [da:16:90:ab:15:6a]
RSSI: -79 [da:19:99:c9:09:3e]
RSSI: -77 [da:19:99:d6:09:6e]
RSSI: -76 [da:19:99:d6:09:6e]
RSSI: -87 [da:16:90:c8:15:ba]
RSSI: -76 [da:19:99:e5:09:9e]
RSSI: -75 [da:19:99:e5:09:9e]
RSSI: -89 [da:16:90:d5:15:da]
RSSI: -75 [da:19:99:f5:09:ce]
RSSI: -88 [da:16:90:d5:15:da]
RSSI: -74 [da:19:99:f5:09:ce]
RSSI: -88 [da:16:90:e4:15:fa]
RSSI: -88 [da:16:90:e4:15:fa]
RSSI: -73 [da:19:9a:01:09:ee]
RSSI: -88 [da:16:90:f2:16:2a]
RSSI: -71 [da:19:9a:10:0a:1e]
RSSI: -72 [da:19:9a:10:0a:1e]
RSSI: -90 [da:16:90:ff:16:4a]
RSSI: -73 [da:19:9a:20:0a:4e]
RSSI: -73 [da:19:9a:20:0a:4e]
RSSI: -73 [da:19:9a:2c:0a:6e]
RSSI: -74 [da:19:9a:2c:0a:6e]
RSSI: -74 [da:19:9a:3c:0a:9e]
RSSI: -92 [da:16:91:29:00:7a]
RSSI: -74 [da:19:9a:3c:0a:9e]
RSSI: -74 [da:19:9a:3c:0a:9e]
RSSI: -90 [da:16:91:29:00:7a]
RSSI: -74 [da:19:9a:4b:0a:be]
RSSI: -71 [da:19:9a:57:0a:ee]
RSSI: -70 [da:19:9a:67:0b:1e]
RSSI: -69 [da:19:9a:67:0b:1e]
RSSI: -67 [da:19:9a:76:0b:3e]
RSSI: -64 [da:19:9a:83:0b:6e]
RSSI: -90 [da:1c:35:bb:07:3c]
RSSI: -64 [da:19:9a:83:0b:6e]
RSSI: -64 [da:19:9a:92:0b:8e]
RSSI: -62 [da:19:9a:92:0b:8e]
RSSI: -90 [da:16:91:7d:01:5a]
RSSI: -63 [da:19:9a:a1:0b:be]
RSSI: -63 [da:19:9a:a1:0b:be]
RSSI: -62 [da:19:9a:a1:0b:be]
RSSI: -62 [da:19:9a:ae:0b:de]
RSSI: -59 [da:19:9a:bd:0c:0e]
RSSI: -62 [da:19:9a:bd:0c:0e]
RSSI: -93 [da:16:91:b5:01:fa]
RSSI: -61 [da:19:9a:cc:0c:3e]
RSSI: -62 [da:19:9a:d9:0c:5e]
RSSI: -89 [da:16:91:c4:02:2a]
RSSI: -61 [da:19:9a:d9:0c:5e]
RSSI: -90 [da:16:91:c4:02:2a]
RSSI: -61 [da:19:9a:e8:0c:8e]
RSSI: -89 [da:16:91:d1:02:4a]
RSSI: -61 [da:19:9a:e8:0c:8e]
RSSI: -58 [da:19:9a:f7:0c:be]
RSSI: -88 [da:16:91:df:02:7a]
RSSI: -61 [da:19:9b:04:0c:de]
RSSI: -87 [da:16:91:ee:02:9a]
RSSI: -58 [da:19:9b:04:0c:de]
RSSI: -61 [da:19:9b:13:0d:0e]
RSSI: -87 [da:1c:36:4a:08:fc]
RSSI: -61 [da:19:9b:13:0d:0e]
RSSI: -62 [da:19:9b:23:0d:3e]
RSSI: -87 [da:16:92:09:02:ea]
RSSI: -86 [da:16:92:18:03:1a]
RSSI: -58 [da:19:9b:2f:0d:5e]
RSSI: -85 [da:16:92:18:03:1a]
RSSI: -84 [da:16:92:25:03:3a]
RSSI: -62 [da:19:9b:3f:0d:8e]
RSSI: -59 [da:19:9b:3f:0d:8e]
RSSI: -64 [da:19:9b:4e:0d:be]
RSSI: -81 [da:16:92:33:03:6a]
RSSI: -63 [da:19:9b:4e:0d:be]
RSSI: -81 [da:16:92:33:03:6a]
RSSI: -63 [da:19:9b:4e:0d:be]
RSSI: -80 [da:16:92:42:03:8a]
RSSI: -79 [da:16:92:42:03:8a]
RSSI: -81 [da:16:92:42:03:8a]
RSSI: -65 [da:19:9b:5b:0d:de]
RSSI: -81 [da:16:92:4f:03:ba]
RSSI: -62 [da:19:9b:6a:0e:0e]
RSSI: -66 [da:19:9b:6a:0e:0e]
RSSI: -80 [da:16:92:5e:03:da]
RSSI: -78 [da:16:92:5e:03:da]
RSSI: -66 [da:19:9b:79:0e:3e]
RSSI: -93 [da:1c:36:b3:0a:4c]
RSSI: -78 [da:16:92:6c:04:0a]
RSSI: -68 [da:19:9b:86:0e:5e]
RSSI: -77 [da:16:92:79:04:2a]
RSSI: -71 [da:19:9b:95:0e:8e]
RSSI: -73 [da:19:9b:95:0e:8e]
RSSI: -77 [da:16:92:88:04:5a]
RSSI: -77 [da:16:92:88:04:5a]
RSSI: -72 [da:19:9b:a4:0e:be]
RSSI: -77 [da:16:92:96:04:7a]
RSSI: -76 [da:19:9b:b1:0e:de]
RSSI: -77 [da:16:92:96:04:7a]
RSSI: -72 [da:19:9b:b1:0e:de]
RSSI: -77 [da:16:92:a3:04:9a]
RSSI: -77 [da:19:9b:c0:0f:0e]
RSSI: -77 [da:16:92:a3:04:9a]
RSSI: -76 [da:19:9b:c0:0f:0e]
RSSI: -76 [da:16:92:b2:04:ca]
RSSI: -77 [da:19:9b:d0:0f:2e]
RSSI: -77 [da:16:92:c0:04:fa]
RSSI: -77 [da:16:92:c0:04:fa]
RSSI: -69 [da:19:9b:dc:0f:5e]
RSSI: -69 [da:19:9b:dc:0f:5e]
RSSI: -76 [da:19:9b:dc:0f:5e]
RSSI: -77 [da:16:92:cd:05:1a]
RSSI: -77 [da:16:92:cd:05:1a]
RSSI: -75 [da:19:9b:ec:0f:8e]
RSSI: -70 [da:19:9b:ec:0f:8e]
RSSI: -77 [da:16:92:dc:05:4a]
RSSI: -75 [da:19:9b:fb:0f:ae]
RSSI: -77 [da:16:92:dc:05:4a]
RSSI: -76 [da:19:9b:fb:0f:ae]
RSSI: -78 [da:16:92:ea:05:6a]
RSSI: -79 [da:16:92:ea:05:6a]
RSSI: -78 [da:16:92:f7:05:9a]
RSSI: -75 [da:19:9c:17:0f:fe]
RSSI: -79 [da:16:93:06:05:ba]
RSSI: -80 [da:19:9c:17:0f:fe]
RSSI: -78 [da:19:9c:26:10:2e]
RSSI: -82 [da:16:93:15:05:ea]
RSSI: -90 [da:1c:37:69:0c:9c]
RSSI: -81 [da:19:9c:33:10:4e]
RSSI: -82 [da:16:93:21:06:0a]
RSSI: -78 [da:19:9c:33:10:4e]
RSSI: -84 [da:16:93:21:06:0a]
RSSI: -90 [da:1c:37:76:0c:bc]
RSSI: -82 [da:19:9c:42:10:7e]
RSSI: -83 [da:16:93:30:06:3a]
RSSI: -80 [da:19:9c:42:10:7e]
RSSI: -84 [da:16:93:30:06:3a]
RSSI: -90 [da:1c:37:83:0c:ec]
RSSI: -91 [da:1c:37:83:0c:ec]
RSSI: -77 [da:19:9c:52:10:ae]
RSSI: -85 [da:16:93:3f:06:5a]
RSSI: -85 [da:16:93:3f:06:5a]
RSSI: -89 [da:1c:37:90:0d:1c]
RSSI: -92 [da:16:93:4b:06:8a]
RSSI: -86 [da:19:9c:6e:10:fe]
RSSI: -91 [da:1c:37:b8:0d:9c]
RSSI: -90 [da:16:93:69:06:da]
RSSI: -81 [da:19:9c:8a:11:4e]
RSSI: -82 [da:19:9c:8a:11:4e]
RSSI: -88 [da:1c:37:c5:0d:bc]
RSSI: -90 [da:16:93:75:06:fa]
RSSI: -81 [da:19:9c:99:11:7e]
RSSI: -89 [da:1c:37:d1:0d:ec]
RSSI: -81 [da:19:9c:99:11:7e]
RSSI: -81 [da:19:9c:a8:11:ae]
RSSI: -86 [da:1c:37:df:0e:0c]
RSSI: -83 [da:19:9c:a8:11:ae]
RSSI: -84 [da:19:9c:b5:11:ce]
RSSI: -87 [da:16:93:a0:07:6a]
RSSI: -84 [da:19:9c:b5:11:ce]
RSSI: -84 [da:1c:37:f9:0e:6c]
RSSI: -81 [da:19:9c:d4:12:2e]
RSSI: -88 [da:16:93:ca:07:ea]
RSSI: -81 [da:19:9c:e0:12:4e]
RSSI: -85 [da:1c:38:20:0e:ec]
RSSI: -81 [da:19:9c:f0:12:7e]
RSSI: -82 [da:19:9c:f0:12:7e]
RSSI: -89 [da:19:9c:ff:12:ae]
RSSI: -92 [da:19:9c:ff:12:ae]
RSSI: -88 [da:1c:38:3b:0f:3c]
RSSI: -87 [da:16:93:e7:08:3a]
RSSI: -86 [da:19:9d:0c:12:ce]
RSSI: -89 [da:1c:38:47:0f:6c]
RSSI: -88 [da:16:93:f9:08:6a]
RSSI: -85 [da:19:9d:1b:12:fe]
RSSI: -86 [da:16:94:0a:08:9a]
RSSI: -80 [da:19:9d:2a:13:2e]
RSSI: -91 [da:16:94:25:08:ea]
RSSI: -79 [da:19:9d:47:13:7e]
RSSI: -88 [da:1c:38:7c:10:0c]
RSSI: -80 [da:19:9d:47:13:7e]
RSSI: -91 [da:16:94:34:09:0a]
RSSI: -78 [da:19:9d:56:13:9e]
RSSI: -79 [da:19:9d:56:13:9e]
RSSI: -89 [da:1c:38:89:10:3c]
RSSI: -87 [da:1c:38:96:10:5c]
RSSI: -80 [da:19:9d:62:13:ce]
RSSI: -92 [da:1c:38:a3:10:8c]
RSSI: -79 [da:19:9d:72:13:ee]
RSSI: -79 [da:19:9d:72:13:ee]
RSSI: -78 [da:19:9d:81:14:1e]
RSSI: -91 [da:16:94:6d:09:ba]
RSSI: -75 [da:19:9d:81:14:1e]
RSSI: -76 [da:19:9d:8e:14:4e]
RSSI: -87 [da:1c:38:ca:11:0c]
RSSI: -92 [da:16:94:88:0a:0a]
RSSI: -76 [da:19:9d:9d:14:6e]
RSSI: -93 [da:16:94:88:0a:0a]
RSSI: -75 [da:19:9d:9d:14:6e]
RSSI: -73 [da:19:9d:ad:14:9e]
RSSI: -76 [da:19:9d:ad:14:9e]
RSSI: -87 [da:1c:38:e4:11:5c]
RSSI: -76 [da:19:9d:b9:14:be]
RSSI: -74 [da:19:9d:b9:14:be]
RSSI: -75 [da:19:9d:b9:14:be]
RSSI: -85 [da:1c:38:ff:11:ac]
RSSI: -86 [da:1c:38:ff:11:ac]
RSSI: -85 [da:1c:39:0c:11:cc]
RSSI: -74 [da:19:9d:e5:15:3e]
RSSI: -82 [da:19:9d:e5:15:3e]
RSSI: -88 [da:1c:39:26:12:2c]
RSSI: -73 [da:19:9d:f4:15:6e]
RSSI: -90 [da:1c:39:26:12:2c]
RSSI: -93 [da:16:94:ec:0b:1a]
RSSI: -77 [da:19:9e:04:15:9e]
RSSI: -77 [da:19:9e:04:15:9e]
RSSI: -84 [da:1c:39:49:12:8c]
RSSI: -78 [da:19:9e:10:15:be]
RSSI: -76 [da:19:9e:10:15:be]
RSSI: -83 [da:1c:39:49:12:8c]
RSSI: -89 [da:16:95:07:0b:6a]
RSSI: -86 [da:1c:39:56:12:bc]
RSSI: -79 [da:19:9e:20:15:ee]
RSSI: -84 [da:1c:39:56:12:bc]
RSSI: -89 [da:16:95:16:0b:9a]
RSSI: -81 [da:1c:39:62:12:ec]
RSSI: -78 [da:19:9e:2f:16:1e]
RSSI: -83 [da:1c:39:62:12:ec]
RSSI: -80 [da:19:9e:2f:16:1e]
RSSI: -83 [da:1c:39:70:13:0c]
RSSI: -81 [da:1c:39:70:13:0c]
RSSI: -90 [da:16:95:23:0b:ba]
RSSI: -84 [da:19:9e:3c:16:3e]
RSSI: -80 [da:19:9e:51:16:7e]
RSSI: -82 [da:1c:39:8a:13:5c]
RSSI: -81 [da:1c:39:8a:13:5c]
RSSI: -80 [da:19:9e:61:00:2e]
RSSI: -81 [da:19:9e:61:00:2e]
RSSI: -83 [da:19:9e:61:00:2e]
RSSI: -81 [da:19:9e:6d:00:4e]
RSSI: -83 [da:19:9e:7d:00:7e]
RSSI: -90 [da:16:95:6b:0c:8a]
RSSI: -85 [da:1c:39:bf:14:0c]
RSSI: -87 [da:19:9e:8c:00:ae]
RSSI: -83 [da:1c:39:bf:14:0c]
RSSI: -91 [da:16:95:86:0c:da]
RSSI: -83 [da:1c:39:d9:14:5c]
RSSI: -91 [da:16:95:95:0d:0a]
RSSI: -74 [da:1c:39:e6:14:8c]
RSSI: -80 [da:19:9e:b8:01:2e]
RSSI: -74 [da:1c:39:f4:14:ac]
RSSI: -73 [da:1c:39:f4:14:ac]
RSSI: -79 [da:19:9e:c5:01:4e]
RSSI: -73 [da:1c:3a:00:14:dc]
RSSI: -70 [da:1c:3a:0e:14:fc]
RSSI: -70 [da:1c:3a:1b:15:2c]
RSSI: -70 [da:1c:3a:1b:15:2c]
RSSI: -69 [da:1c:3a:35:15:7c]
RSSI: -94 [da:19:9f:00:01:fe]
RSSI: -72 [da:1c:3a:35:15:7c]
RSSI: -81 [da:19:9f:00:01:fe]
RSSI: -87 [da:19:9f:0f:02:2e]
RSSI: -70 [da:1c:3a:42:15:ac]
RSSI: -91 [da:19:9f:0f:02:2e]
RSSI: -70 [da:1c:3a:42:15:ac]
RSSI: -71 [da:1c:3a:4f:15:cc]
RSSI: -85 [da:19:9f:1c:02:4e]
RSSI: -70 [da:1c:3a:4f:15:cc]
RSSI: -71 [da:1c:3a:5d:15:fc]
RSSI: -72 [da:1c:3a:5d:15:fc]
RSSI: -71 [da:1c:3a:6a:16:2c]
RSSI: -83 [da:19:9f:2b:02:7e]
RSSI: -72 [da:1c:3a:6a:16:2c]
RSSI: -85 [da:19:9f:3b:02:ae]
RSSI: -72 [da:1c:3a:77:16:4c]
RSSI: -73 [da:1c:3a:77:16:4c]
RSSI: -83 [da:19:9f:47:02:ce]
RSSI: -73 [da:1c:3a:84:16:7c]
RSSI: -75 [da:1c:3a:84:16:7c]
RSSI: -76 [da:1c:3a:84:16:7c]
RSSI: -75 [da:1c:3a:91:00:2c]
RSSI: -74 [da:1c:3a:91:00:2c]
RSSI: -86 [da:19:9f:66:03:1e]
RSSI: -82 [da:19:9f:66:03:1e]
RSSI: -78 [da:1c:3a:9e:00:5c]
RSSI: -82 [da:19:9f:73:03:4e]
RSSI: -85 [da:19:9f:73:03:4e]
RSSI: -82 [da:1c:3a:ac:00:7c]
RSSI: -86 [da:19:9f:73:03:4e]
RSSI: -82 [da:1c:3a:b9:00:ac]
RSSI: -84 [da:1c:3a:b9:00:ac]
RSSI: -83 [da:19:9f:83:03:6e]
RSSI: -85 [da:1c:3a:b9:00:ac]
RSSI: -85 [da:19:9f:92:03:9e]
RSSI: -84 [da:19:9f:92:03:9e]
RSSI: -84 [da:19:9f:9f:03:be]
RSSI: -88 [da:19:9f:9f:03:be]
RSSI: -90 [da:1c:3a:e1:01:2c]
RSSI: -83 [da:19:9f:ae:03:ee]
RSSI: -86 [da:1c:3a:ed:01:4c]
RSSI: -85 [da:1c:3a:ed:01:4c]
RSSI: -85 [da:1c:3a:fb:01:7c]
RSSI: -90 [da:19:9f:e9:04:9e]
RSSI: -92 [da:1c:3b:22:01:fc]
RSSI: -88 [da:19:9f:e9:04:9e]
RSSI: -87 [da:19:a0:15:05:1e]
RSSI: -92 [da:1c:3b:64:02:cc]
RSSI: -91 [da:19:a0:41:05:9e]
RSSI: -90 [da:1c:3b:7f:03:1c]
RSSI: -85 [da:19:a0:5d:05:ee]
RSSI: -90 [da:14:b3:4f:01:5b]
RSSI: -88 [da:19:a0:6c:06:1e]
RSSI: -89 [da:1c:3b:a6:03:9c]
RSSI: -89 [da:19:a0:98:06:9e]
RSSI: -85 [da:1c:3b:db:04:3c]
RSSI: -87 [da:19:a0:a5:06:be]
RSSI: -85 [da:1c:3b:db:04:3c]
RSSI: -86 [da:19:a0:b4:06:ee]
RSSI: -86 [da:1c:3b:e8:04:6c]
RSSI: -85 [da:19:a0:c4:07:1e]
RSSI: -87 [da:1c:3c:10:04:dc]
RSSI: -88 [da:1c:3c:1d:05:0c]
RSSI: -88 [da:1c:3c:2a:05:3c]
RSSI: -81 [da:19:a0:fc:07:be]
RSSI: -87 [da:1c:3c:38:05:5c]
RSSI: -89 [da:16:97:e8:13:aa]
RSSI: -82 [da:19:a0:fc:07:be]
RSSI: -88 [da:1c:3c:38:05:5c]
RSSI: -80 [da:19:a1:0c:07:ee]
RSSI: -80 [da:19:a1:0c:07:ee]
RSSI: -80 [da:19:a1:1b:08:1e]
RSSI: -87 [da:16:98:04:13:fa]
RSSI: -77 [da:19:a1:1b:08:1e]
RSSI: -93 [da:16:98:13:14:2a]
RSSI: -79 [da:19:a1:28:08:3e]
RSSI: -80 [da:19:a1:38:08:6e]
RSSI: -79 [da:19:a1:38:08:6e]
RSSI: -78 [da:19:a1:38:08:6e]
RSSI: -78 [da:19:a1:38:08:6e]
RSSI: -77 [da:19:a1:47:08:9e]
RSSI: -83 [da:1c:3c:79:06:2c]
RSSI: -78 [da:19:a1:47:08:9e]
RSSI: -90 [da:16:98:3d:14:9a]
RSSI: -86 [da:1c:3c:87:06:5c]
RSSI: -76 [da:19:a1:54:08:be]
RSSI: -88 [da:16:98:4a:14:ca]
RSSI: -77 [da:19:a1:64:08:ee]
RSSI: -87 [da:1c:3c:95:06:8c]
RSSI: -77 [da:19:a1:64:08:ee]
RSSI: -84 [da:1c:3c:a1:06:ac]
RSSI: -77 [da:19:a1:73:09:1e]
RSSI: -88 [da:1c:3c:af:06:dc]
RSSI: -78 [da:19:a1:73:09:1e]
RSSI: -85 [da:1c:3c:af:06:dc]
RSSI: -77 [da:19:a1:80:09:3e]
RSSI: -92 [da:1c:3c:bc:07:0c]
RSSI: -77 [da:19:a1:8f:09:6e]
RSSI: -90 [da:16:98:75:15:3a]
RSSI: -81 [da:1c:3c:c9:07:2c]
RSSI: -77 [da:19:a1:8f:09:6e]
RSSI: -76 [da:19:a1:9f:09:9e]
RSSI: -84 [da:1c:3c:d7:07:5c]
RSSI: -80 [da:1c:3c:d7:07:5c]
RSSI: -74 [da:19:a1:ac:09:be]
RSSI: -91 [da:16:98:9f:15:ba]
RSSI: -74 [da:19:a1:bb:09:ee]
RSSI: -73 [da:19:a1:bb:09:ee]
RSSI: -73 [da:19:a1:cb:0a:1e]
RSSI: -74 [da:19:a1:d7:0a:3e]
RSSI: -73 [da:19:a1:d7:0a:3e]
RSSI: -75 [da:19:a1:e7:0a:6e]
RSSI: -75 [da:19:a1:e7:0a:6e]
RSSI: -76 [da:19:a1:e7:0a:6e]
RSSI: -89 [da:1c:3d:26:08:5c]
RSSI: -75 [da:19:a1:f7:0a:9e]
RSSI: -93 [da:1c:3d:34:08:8c]
RSSI: -76 [da:19:a2:03:0a:be]
RSSI: -75 [da:19:a2:03:0a:be]
RSSI: -92 [da:1c:3d:40:08:ac]
RSSI: -74 [da:19:a2:13:0a:ee]
RSSI: -73 [da:19:a2:13:0a:ee]
RSSI: -72 [da:19:a2:13:0a:ee]
RSSI: -71 [da:19:a2:23:0b:0e]
RSSI: -71 [da:19:a2:23:0b:0e]
RSSI: -69 [da:19:a2:2f:0b:3e]
RSSI: -68 [da:19:a2:2f:0b:3e]
RSSI: -89 [da:1c:3d:76:09:5c]
RSSI: -65 [da:19:a2:3f:0b:5e]
RSSI: -67 [da:19:a2:3f:0b:5e]
RSSI: -67 [da:19:a2:3f:0b:5e]
RSSI: -66 [da:19:a2:4f:0b:8e]
RSSI: -89 [da:1c:3d:83:09:8c]
RSSI: -63 [da:19:a2:4f:0b:8e]
RSSI: -65 [da:19:a2:5b:0b:be]
RSSI: -65 [da:19:a2:6b:0b:de]
RSSI: -84 [da:1c:3d:9d:09:dc]
RSSI: -65 [da:19:a2:6b:0b:de]
RSSI: -64 [da:19:a2:6b:0b:de]
RSSI: -64 [da:19:a2:6b:0b:de]
RSSI: -61 [da:19:a2:7a:0c:0e]
RSSI: -88 [da:1c:3d:ab:0a:0c]
RSSI: -64 [da:19:a2:7a:0c:0e]
RSSI: -84 [da:1c:3d:b8:0a:2c]
RSSI: -93 [da:16:99:68:01:ca]
RSSI: -61 [da:19:a2:87:0c:3e]
RSSI: -85 [da:1c:3d:c5:0a:5c]
RSSI: -63 [da:19:a2:97:0c:6e]
RSSI: -63 [da:19:a2:97:0c:6e]
RSSI: -60 [da:19:a2:97:0c:6e]
RSSI: -86 [da:16:99:84:02:1a]
RSSI: -63 [da:19:a2:a6:0c:8e]
RSSI: -88 [da:1c:3d:df:0a:ac]
RSSI: -63 [da:19:a2:a6:0c:8e]
RSSI: -64 [da:19:a2:b3:0c:be]
RSSI: -60 [da:19:a2:c3:0c:ee]
RSSI: -86 [da:16:99:af:02:9a]
RSSI: -64 [da:19:a2:c3:0c:ee]
RSSI: -88 [da:16:99:af:02:9a]
RSSI: -63 [da:19:a2:d2:0d:1e]
RSSI: -84 [da:16:99:be:02:ba]
RSSI: -64 [da:19:a2:df:0d:3e]
RSSI: -86 [da:1c:3e:15:0b:5c]
RSSI: -86 [da:16:99:cb:02:da]
RSSI: -92 [da:1c:3e:23:0b:8c]
RSSI: -65 [da:19:a2:ef:0d:6e]
RSSI: -65 [da:19:a2:ef:0d:6e]
RSSI: -64 [da:19:a2:ef:0d:6e]
RSSI: -83 [da:16:99:da:03:0a]
RSSI: -79 [da:16:99:e9:03:3a]
RSSI: -61 [da:19:a2:fe:0d:8e]
RSSI: -79 [da:16:99:e9:03:3a]
RSSI: -81 [da:16:99:f5:03:5a]
RSSI: -63 [da:19:a3:0b:0d:be]
RSSI: -80 [da:16:99:f5:03:5a]
RSSI: -79 [da:16:9a:04:03:8a]
RSSI: -79 [da:16:9a:04:03:8a]
RSSI: -90 [da:1c:3e:57:0c:2c]
RSSI: -79 [da:16:9a:14:03:aa]
RSSI: -89 [da:1c:3e:65:0c:5c]
RSSI: -89 [da:1c:3e:65:0c:5c]
RSSI: -76 [da:16:9a:20:03:da]
RSSI: -67 [da:19:a3:37:0e:3e]
RSSI: -79 [da:16:9a:20:03:da]
RSSI: -72 [da:19:a3:37:0e:3e]
RSSI: -91 [da:1c:3e:72:0c:8c]
RSSI: -78 [da:16:9a:2f:03:fa]
RSSI: -71 [da:19:a3:47:0e:5e]
RSSI: -76 [da:16:9a:2f:03:fa]
RSSI: -77 [da:16:9a:3e:04:2a]
RSSI: -74 [da:19:a3:56:0e:8e]
RSSI: -76 [da:16:9a:3e:04:2a]
RSSI: -86 [da:1c:3e:8d:0c:dc]
RSSI: -75 [da:19:a3:56:0e:8e]
RSSI: -89 [da:1c:3e:9a:0d:0c]
RSSI: -76 [da:19:a3:63:0e:ae]
RSSI: -76 [da:16:9a:4b:04:4a]
RSSI: -83 [da:1c:3e:9a:0d:0c]
RSSI: -76 [da:19:a3:63:0e:ae]
RSSI: -86 [da:1c:3e:a7:0d:2c]
RSSI: -85 [da:1c:3e:b5:0d:5c]
RSSI: -74 [da:19:a3:82:0f:0e]
RSSI: -76 [da:16:9a:76:04:ca]
RSSI: -85 [da:1c:3e:c2:0d:8c]
RSSI: -75 [da:16:9a:76:04:ca]
RSSI: -77 [da:19:a3:8f:0f:3e]
RSSI: -89 [da:1c:3e:cf:0d:ac]
RSSI: -79 [da:19:a3:9f:0f:5e]
RSSI: -86 [da:1c:3e:cf:0d:ac]
RSSI: -76 [da:16:9a:85:04:ea]
RSSI: -78 [da:19:a3:9f:0f:5e]
RSSI: -75 [da:16:9a:94:05:1a]
RSSI: -75 [da:19:a3:ae:0f:8e]
RSSI: -83 [da:19:a3:ae:0f:8e]
RSSI: -76 [da:16:9a:a1:05:3a]
RSSI: -90 [da:1c:3e:ea:0e:0c]
RSSI: -76 [da:16:9a:a1:05:3a]
RSSI: -78 [da:19:a3:bb:0f:be]
RSSI: -90 [da:1c:3e:f7:0e:2c]
RSSI: -76 [da:16:9a:b0:05:6a]
RSSI: -76 [da:16:9a:b0:05:6a]
RSSI: -80 [da:19:a3:cb:0f:ee]
RSSI: -76 [da:16:9a:bf:05:9a]
RSSI: -76 [da:16:9a:bf:05:9a]
RSSI: -78 [da:16:9a:cc:05:ba]
RSSI: -88 [da:1c:3f:1f:0e:ac]
RSSI: -79 [da:16:9a:db:05:ea]
RSSI: -79 [da:16:9a:db:05:ea]
RSSI: -84 [da:19:a3:f7:10:6e]
RSSI: -85 [da:1c:3f:2d:0e:dc]
RSSI: -91 [da:19:a3:f7:10:6e]
RSSI: -78 [da:16:9a:ea:06:1a]
RSSI: -90 [da:19:a4:07:10:9e]
RSSI: -80 [da:16:9a:ea:06:1a]
RSSI: -90 [da:19:a4:07:10:9e]
RSSI: -81 [da:16:9a:f6:06:3a]
RSSI: -91 [da:19:a4:13:10:be]
RSSI: -87 [da:1c:3f:55:0f:5c]
RSSI: -86 [da:16:9b:06:06:6a]
RSSI: -83 [da:16:9b:15:06:8a]
RSSI: -90 [da:1c:3f:62:0f:8c]
RSSI: -88 [da:19:a4:33:11:0e]
RSSI: -89 [da:1c:3f:6f:0f:ac]
RSSI: -87 [da:16:9b:21:06:ba]
RSSI: -87 [da:1c:3f:7d:0f:dc]
RSSI: -91 [da:16:9b:31:06:da]
RSSI: -88 [da:1c:3f:7d:0f:dc]
RSSI: -88 [da:19:a4:4f:11:6e]
RSSI: -89 [da:1c:3f:8a:10:0c]
RSSI: -92 [da:16:9b:40:07:0a]
RSSI: -88 [da:19:a4:5f:11:8e]
RSSI: -86 [da:16:9b:5b:07:5a]
RSSI: -90 [da:1c:3f:a5:10:5c]
RSSI: -90 [da:19:a4:6b:11:be]
RSSI: -86 [da:16:9b:5b:07:5a]
RSSI: -85 [da:1c:3f:b2:10:8c]
RSSI: -86 [da:16:9b:6b:07:8a]
RSSI: -86 [da:16:9b:6b:07:8a]
RSSI: -85 [da:16:9b:77:07:aa]
RSSI: -86 [da:19:a4:97:12:3e]
RSSI: -89 [da:1c:3f:cd:10:dc]
RSSI: -85 [da:19:a4:97:12:3e]
RSSI: -83 [da:1c:3f:cd:10:dc]
RSSI: -84 [da:19:a4:97:12:3e]
RSSI: -84 [da:1c:3f:da:11:0c]
RSSI: -89 [da:16:9b:95:07:fa]
RSSI: -85 [da:19:a4:a7:12:6e]
RSSI: -90 [da:16:9b:95:07:fa]
RSSI: -82 [da:1c:3f:e7:11:2c]
RSSI: -89 [da:16:9b:a2:08:1a]
RSSI: -81 [da:1c:3f:f5:11:5c]
RSSI: -88 [da:19:a4:c4:12:be]
RSSI: -86 [da:16:9b:b1:08:4a]
RSSI: -83 [da:1c:40:02:11:8c]
RSSI: -83 [da:1c:40:02:11:8c]
RSSI: -87 [da:16:9b:c0:08:7a]
RSSI: -81 [da:1c:40:0f:11:ac]
RSSI: -84 [da:19:a4:d3:12:ee]
RSSI: -86 [da:16:9b:c0:08:7a]
RSSI: -81 [da:1c:40:0f:11:ac]
RSSI: -82 [da:19:a4:e3:13:1e]
RSSI: -81 [da:19:a4:f0:13:3e]
RSSI: -81 [da:1c:40:2b:12:0c]
RSSI: -90 [da:16:9b:eb:08:fa]
RSSI: -79 [da:19:a5:00:13:6e]
RSSI: -83 [da:1c:40:37:12:2c]
RSSI: -82 [da:19:a5:00:13:6e]
RSSI: -82 [da:1c:40:37:12:2c]
RSSI: -80 [da:19:a5:0f:13:9e]
RSSI: -81 [da:1c:40:45:12:5c]
RSSI: -80 [da:19:a5:0f:13:9e]
RSSI: -80 [da:1c:40:45:12:5c]
RSSI: -81 [da:19:a5:1c:13:be]
RSSI: -80 [da:1c:40:53:12:8c]
RSSI: -82 [da:19:a5:1c:13:be]
RSSI: -88 [da:16:9c:16:09:6a]
RSSI: -79 [da:1c:40:5f:12:ac]
RSSI: -80 [da:19:a5:2c:13:ee]
RSSI: -82 [da:19:a5:2c:13:ee]
RSSI: -80 [da:19:a5:3b:14:1e]
RSSI: -79 [da:1c:40:6d:12:dc]
RSSI: -89 [da:16:9c:23:09:9a]
RSSI: -76 [da:19:a5:3b:14:1e]
RSSI: -80 [da:1c:40:7b:13:0c]
RSSI: -79 [da:1c:40:7b:13:0c]
RSSI: -77 [da:1c:40:88:13:2c]
RSSI: -83 [da:1c:40:88:13:2c]
RSSI: -81 [da:1c:40:95:13:5c]
RSSI: -76 [da:19:a5:58:14:6e]
RSSI: -80 [da:1c:40:95:13:5c]
RSSI: -74 [da:19:a5:68:14:9e]
RSSI: -77 [da:19:a5:68:14:9e]
RSSI: -92 [da:16:9c:5d:0a:3a]
RSSI: -76 [da:19:a5:74:14:be]
RSSI: -90 [da:16:9c:6d:0a:6a]
RSSI: -86 [da:1c:40:b0:13:ac]
RSSI: -78 [da:19:a5:84:14:ee]
RSSI: -91 [da:16:9c:6d:0a:6a]
RSSI: -76 [da:19:a5:84:14:ee]
RSSI: -89 [da:16:9c:79:0a:8a]
RSSI: -81 [da:1c:40:cb:14:0c]
RSSI: -81 [da:19:a5:94:15:0e]
RSSI: -90 [da:16:9c:79:0a:8a]
RSSI: -82 [da:1c:40:cb:14:0c]
RSSI: -79 [da:19:a5:94:15:0e]
RSSI: -81 [da:19:a5:a0:15:3e]
RSSI: -89 [da:16:9c:89:0a:ba]
RSSI: -91 [da:16:9c:98:0a:ea]
RSSI: -74 [da:19:a5:b0:15:5e]
RSSI: -80 [da:1c:40:e6:14:5c]
RSSI: -81 [da:19:a5:b0:15:5e]
RSSI: -78 [da:19:a5:c0:15:8e]
RSSI: -76 [da:1c:40:f3:14:8c]
RSSI: -77 [da:19:a5:c0:15:8e]
RSSI: -74 [da:1c:41:00:14:ac]
RSSI: -81 [da:19:a5:cd:15:ae]
RSSI: -74 [da:1c:41:00:14:ac]
RSSI: -78 [da:19:a5:cd:15:ae]
RSSI: -88 [da:16:9c:c3:0b:5a]
RSSI: -76 [da:1c:41:0e:14:dc]
RSSI: -90 [da:16:9c:c3:0b:5a]
RSSI: -73 [da:1c:41:0e:14:dc]
RSSI: -80 [da:19:a5:dd:15:de]
RSSI: -72 [da:1c:41:1c:15:0c]
RSSI: -79 [da:19:a5:dd:15:de]
RSSI: -89 [da:16:9c:cf:0b:8a]
RSSI: -72 [da:1c:41:1c:15:0c]
RSSI: -81 [da:19:a5:ec:16:0e]
RSSI: -87 [da:16:9c:cf:0b:8a]
RSSI: -81 [da:19:a5:ec:16:0e]
RSSI: -72 [da:1c:41:28:15:2c]
RSSI: -72 [da:1c:41:28:15:2c]
RSSI: -85 [da:19:a5:f9:16:2e]
RSSI: -74 [da:1c:41:36:15:5c]
RSSI: -72 [da:1c:41:36:15:5c]
RSSI: -86 [da:16:9c:ee:0b:da]
RSSI: -72 [da:1c:41:36:15:5c]
RSSI: -89 [da:16:9c:fa:0b:fa]
RSSI: -84 [da:19:a6:19:00:5e]
RSSI: -73 [da:1c:41:50:15:ac]
RSSI: -85 [da:19:a6:19:00:5e]
RSSI: -72 [da:1c:41:50:15:ac]
RSSI: -89 [da:16:9d:0a:0c:2a]
RSSI: -86 [da:19:a6:25:00:8e]
RSSI: -75 [da:1c:41:5e:15:dc]
RSSI: -86 [da:19:a6:25:00:8e]
RSSI: -89 [da:16:9d:19:0c:5a]
RSSI: -75 [da:1c:41:6c:15:fc]
RSSI: -88 [da:16:9d:26:0c:7a]
RSSI: -88 [da:16:9d:26:0c:7a]
RSSI: -75 [da:1c:41:79:16:2c]
RSSI: -87 [da:16:9d:35:0c:aa]
RSSI: -87 [da:19:a6:51:01:0e]
RSSI: -75 [da:1c:41:86:16:5c]
RSSI: -87 [da:16:9d:35:0c:aa]
RSSI: -77 [da:1c:41:86:16:5c]
RSSI: -88 [da:16:9d:44:0c:da]
RSSI: -77 [da:1c:41:94:16:7c]
RSSI: -78 [da:1c:41:a1:00:2c]
RSSI: -87 [da:16:9d:51:0c:fa]
RSSI: -78 [da:1c:41:a1:00:2c]
RSSI: -83 [da:19:a6:71:01:5e]
RSSI: -81 [da:1c:41:af:00:5c]
RSSI: -83 [da:19:a6:7e:01:8e]
RSSI: -82 [da:1c:41:bc:00:7c]
RSSI: -83 [da:1c:41:bc:00:7c]
RSSI: -91 [da:16:9d:7c:0d:7a]
RSSI: -91 [da:16:9d:8b:0d:9a]
RSSI: -85 [da:19:a6:aa:02:0e]
RSSI: -92 [da:16:9d:a7:0d:ea]
RSSI: -83 [da:1c:41:ff:01:5c]
RSSI: -92 [da:16:9d:b6:0e:1a]
RSSI: -86 [da:1c:42:0d:01:7c]
RSSI: -92 [da:16:9d:c5:0e:4a]
RSSI: -88 [da:1c:42:0d:01:7c]
RSSI: -93 [da:16:9d:c5:0e:4a]
RSSI: -85 [da:1c:42:1a:01:ac]
RSSI: -83 [da:1c:42:1a:01:ac]
RSSI: -93 [da:16:9d:d2:0e:6a]
RSSI: -83 [da:1c:42:28:01:dc]
RSSI: -88 [da:1c:42:28:01:dc]
RSSI: -88 [da:1c:42:35:01:fc]
RSSI: -93 [da:16:9d:f1:0e:ca]
RSSI: -91 [da:1c:42:42:02:2c]
RSSI: -87 [da:1c:42:50:02:5c]
RSSI: -86 [da:1c:42:6a:02:ac]
RSSI: -84 [da:1c:42:78:02:dc]
RSSI: -83 [da:1c:42:a0:03:5c]
RSSI: -91 [da:19:a7:6b:04:3e]
RSSI: -87 [da:1c:42:ae:03:8c]
RSSI: -87 [da:1c:42:bb:03:ac]
RSSI: -85 [da:1c:42:bb:03:ac]
RSSI: -84 [da:1c:42:c9:03:dc]
RSSI: -87 [da:1c:42:c9:03:dc]
RSSI: -85 [da:1c:42:d7:03:fc]
RSSI: -86 [da:1c:42:d7:03:fc]
RSSI: -87 [da:1c:42:e3:04:2c]
RSSI: -82 [da:1c:42:ff:04:7c]
RSSI: -85 [da:1c:43:0c:04:ac]
RSSI: -91 [da:14:ba:cb:01:0b]
RSSI: -90 [da:14:ba:cb:01:0b]
RSSI: -85 [da:1c:43:1a:04:dc]
RSSI: -86 [da:1c:43:1a:04:dc]
RSSI: -84 [da:1c:43:27:04:fc]
RSSI: -91 [da:1c:43:42:05:5c]
RSSI: -88 [da:1c:43:50:05:7c]
RSSI: -88 [da:14:bb:07:01:bb]
RSSI: -89 [da:16:9f:01:11:da]
RSSI: -93 [da:19:a8:1d:06:3e]
RSSI: -89 [da:1c:43:5c:05:ac]
RSSI: -89 [da:19:a8:2d:06:6e]
RSSI: -88 [da:1c:43:5c:05:ac]
RSSI: -89 [da:16:9f:11:11:fa]
RSSI: -88 [da:16:9f:20:12:2a]
RSSI: -90 [da:16:9f:20:12:2a]
RSSI: -92 [da:19:a8:39:06:8e]
RSSI: -88 [da:16:9f:3c:12:7a]
RSSI: -91 [da:14:bb:4f:02:8b]
RSSI: -93 [da:16:9f:4b:12:aa]
RSSI: -90 [da:1c:43:a1:06:8c]
RSSI: -91 [da:1c:43:ad:06:ac]
RSSI: -89 [da:1c:43:c9:07:0c]
RSSI: -85 [da:1c:43:d6:07:2c]
RSSI: -88 [da:1c:43:d6:07:2c]
RSSI: -89 [da:1c:43:d6:07:2c]
RSSI: -85 [da:1c:43:e4:07:5c]
RSSI: -85 [da:19:a8:b2:07:ee]
RSSI: -85 [da:1c:43:e4:07:5c]
RSSI: -91 [da:16:9f:a2:13:aa]
RSSI: -89 [da:1c:43:fe:07:ac]
RSSI: -88 [da:19:a8:cf:08:3e]
RSSI: -89 [da:16:9f:be:13:fa]
RSSI: -89 [da:19:a8:df:08:6e]
RSSI: -85 [da:19:a8:df:08:6e]
RSSI: -90 [da:16:9f:cd:14:1a]
RSSI: -82 [da:19:a8:eb:08:9e]
RSSI: -86 [da:19:a8:eb:08:9e]
RSSI: -81 [da:19:a8:fb:08:ce]
RSSI: -83 [da:19:a9:0b:08:ee]
RSSI: -88 [da:16:9f:f9:14:9a]
RSSI: -84 [da:19:a9:18:09:1e]
RSSI: -83 [da:19:a9:18:09:1e]
RSSI: -89 [da:16:a0:05:14:ca]
RSSI: -84 [da:19:a9:28:09:4e]
RSSI: -88 [da:16:a0:24:15:1a]
RSSI: -87 [da:1c:44:78:09:2c]
RSSI: -83 [da:19:a9:45:09:9e]
RSSI: -87 [da:1c:44:78:09:2c]
RSSI: -82 [da:19:a9:45:09:9e]
RSSI: -84 [da:1c:44:86:09:5c]
RSSI: -83 [da:19:a9:55:09:be]
RSSI: -91 [da:16:a0:40:15:6a]
RSSI: -93 [da:1c:44:94:09:8c]
RSSI: -82 [da:19:a9:64:09:ee]
RSSI: -85 [da:1c:44:a0:09:bc]
RSSI: -80 [da:19:a9:71:0a:1e]
RSSI: -89 [da:16:a0:5c:15:ba]
RSSI: -83 [da:19:a9:71:0a:1e]
RSSI: -86 [da:1c:44:ae:09:dc]
RSSI: -78 [da:19:a9:81:0a:4e]
RSSI: -88 [da:1c:44:bc:0a:0c]
RSSI: -81 [da:19:a9:91:0a:6e]
RSSI: -84 [da:1c:44:c9:0a:3c]
RSSI: -81 [da:19:a9:91:0a:6e]
RSSI: -82 [da:19:a9:9e:0a:9e]
RSSI: -83 [da:19:a9:9e:0a:9e]
RSSI: -83 [da:1c:44:d7:0a:6c]
RSSI: -83 [da:19:a9:9e:0a:9e]
RSSI: -84 [da:19:a9:ae:0a:ce]
RSSI: -81 [da:19:a9:be:0a:fe]
RSSI: -80 [da:19:a9:ca:0b:1e]
RSSI: -88 [da:1c:44:ff:0a:ec]
RSSI: -95 [da:16:a0:b3:00:7a]
RSSI: -77 [da:19:a9:ca:0b:1e]
RSSI: -92 [da:16:a0:c2:00:aa]
RSSI: -81 [da:19:a9:da:0b:4e]
RSSI: -79 [da:19:a9:ea:0b:7e]
RSSI: -72 [da:19:a9:f7:0b:9e]
RSSI: -77 [da:19:a9:f7:0b:9e]
RSSI: -90 [da:16:a0:ee:01:2a]
RSSI: -71 [da:19:aa:07:0b:ce]
RSSI: -87 [da:1c:45:43:0b:bc]
RSSI: -94 [da:1c:45:43:0b:bc]
RSSI: -77 [da:19:aa:17:0b:fe]
RSSI: -75 [da:19:aa:17:0b:fe]
RSSI: -77 [da:19:aa:24:0c:2e]
RSSI: -75 [da:19:aa:24:0c:2e]
RSSI: -90 [da:16:a1:19:01:9a]
RSSI: -78 [da:19:aa:34:0c:5e]
RSSI: -90 [da:16:a1:29:01:ca]
RSSI: -70 [da:19:aa:44:0c:8e]
RSSI: -77 [da:19:aa:50:0c:ae]
RSSI: -89 [da:16:a1:35:01:ea]
RSSI: -77 [da:19:aa:50:0c:ae]
RSSI: -87 [da:16:a1:45:02:1a]
RSSI: -77 [da:19:aa:60:0c:de]
RSSI: -85 [da:16:a1:54:02:4a]
RSSI: -81 [da:19:aa:70:0d:0e]
RSSI: -84 [da:16:a1:61:02:6a]
RSSI: -84 [da:16:a1:61:02:6a]
RSSI: -70 [da:19:aa:7d:0d:2e]
RSSI: -82 [da:19:aa:7d:0d:2e]
RSSI: -89 [da:1c:45:bd:0d:4c]
RSSI: -86 [da:16:a1:70:02:9a]
RSSI: -70 [da:19:aa:8d:0d:5e]
RSSI: -86 [da:16:a1:80:02:ba]
RSSI: -82 [da:19:aa:9d:0d:8e]
RSSI: -78 [da:19:aa:9d:0d:8e]
RSSI: -83 [da:16:a1:8c:02:ea]
RSSI: -83 [da:16:a1:8c:02:ea]
RSSI: -83 [da:19:aa:aa:0d:ae]
RSSI: -78 [da:19:aa:aa:0d:ae]
RSSI: -85 [da:16:a1:9c:03:0a]
RSSI: -83 [da:16:a1:ab:03:3a]
RSSI: -83 [da:16:a1:ab:03:3a]
RSSI: -79 [da:19:aa:ca:0e:0e]
RSSI: -73 [da:19:aa:ca:0e:0e]
RSSI: -73 [da:19:aa:ca:0e:0e]
RSSI: -84 [da:16:a1:b8:03:5a]
RSSI: -80 [da:19:aa:d6:0e:2e]
RSSI: -79 [da:16:a1:c7:03:8a]
RSSI: -84 [da:1c:46:1c:0e:7c]
RSSI: -84 [da:19:aa:e6:0e:5e]
RSSI: -80 [da:16:a1:d7:03:ba]
RSSI: -82 [da:19:aa:e6:0e:5e]
RSSI: -80 [da:16:a1:d7:03:ba]
RSSI: -78 [da:16:a1:d7:03:ba]
RSSI: -85 [da:19:aa:f6:0e:8e]
RSSI: -79 [da:16:a1:e3:03:da]
RSSI: -79 [da:16:a1:e3:03:da]
RSSI: -81 [da:19:ab:03:0e:ae]
RSSI: -89 [da:1c:46:37:0e:cc]
RSSI: -88 [da:19:ab:03:0e:ae]
RSSI: -79 [da:16:a1:f3:04:0a]
RSSI: -91 [da:1c:46:45:0e:fc]
RSSI: -79 [da:16:a1:f3:04:0a]
RSSI: -77 [da:16:a2:02:04:3a]
RSSI: -86 [da:19:ab:23:0f:0e]
RSSI: -76 [da:16:a2:0f:04:5a]
RSSI: -90 [da:1c:46:5f:0f:4c]
RSSI: -86 [da:19:ab:30:0f:2e]
RSSI: -78 [da:16:a2:1f:04:8a]
RSSI: -89 [da:1c:46:6d:0f:7c]
RSSI: -84 [da:19:ab:40:0f:5e]
RSSI: -79 [da:16:a2:2e:04:aa]
RSSI: -86 [da:1c:46:7b:0f:ac]
RSSI: -81 [da:16:a2:2e:04:aa]
RSSI: -83 [da:19:ab:50:0f:8e]
RSSI: -78 [da:19:ab:50:0f:8e]
RSSI: -80 [da:16:a2:40:04:ea]
RSSI: -87 [da:1c:46:8d:0f:ec]
RSSI: -80 [da:16:a2:40:04:ea]
RSSI: -85 [da:19:ab:5c:0f:be]
RSSI: -81 [da:16:a2:50:05:1a]
RSSI: -86 [da:1c:46:9e:10:1c]
RSSI: -84 [da:19:ab:6d:0f:ee]
RSSI: -87 [da:19:ab:6d:0f:ee]
RSSI: -81 [da:16:a2:60:05:3a]
RSSI: -79 [da:16:a2:60:05:3a]
RSSI: -85 [da:19:ab:7d:10:1e]
RSSI: -81 [da:16:a2:6c:05:6a]
RSSI: -82 [da:16:a2:7c:05:9a]
RSSI: -86 [da:1c:46:c6:10:9c]
RSSI: -81 [da:16:a2:7c:05:9a]
RSSI: -85 [da:1c:46:c6:10:9c]
RSSI: -89 [da:19:ab:99:10:6e]
RSSI: -80 [da:16:a2:8b:05:ba]
RSSI: -85 [da:1c:46:d4:10:cc]
RSSI: -81 [da:16:a2:8b:05:ba]
RSSI: -85 [da:1c:46:e1:10:fc]
RSSI: -90 [da:19:ab:a9:10:8e]
RSSI: -83 [da:1c:46:e1:10:fc]
RSSI: -82 [da:16:a2:98:05:ea]
RSSI: -88 [da:1c:46:ef:11:1c]
RSSI: -82 [da:16:a2:a8:06:0a]
RSSI: -84 [da:1c:46:fd:11:4c]
RSSI: -85 [da:16:a2:b7:06:3a]
RSSI: -83 [da:1c:47:0a:11:7c]
RSSI: -87 [da:19:ab:d6:11:0e]
RSSI: -84 [da:1c:47:0a:11:7c]
RSSI: -87 [da:16:a2:c4:06:6a]
RSSI: -84 [da:1c:47:18:11:9c]
RSSI: -90 [da:16:a2:d3:06:8a]
RSSI: -86 [da:1c:47:26:11:cc]
RSSI: -81 [da:1c:47:33:11:fc]
RSSI: -81 [da:1c:47:33:11:fc]
RSSI: -84 [da:1c:47:41:12:1c]
RSSI: -84 [da:1c:47:41:12:1c]
RSSI: -82 [da:1c:47:41:12:1c]
RSSI: -85 [da:1c:47:4f:12:4c]
RSSI: -83 [da:1c:47:5c:12:7c]
RSSI: -84 [da:1c:47:5c:12:7c]
RSSI: -82 [da:1c:47:6a:12:9c]
RSSI: -88 [da:16:a3:1b:07:5a]
RSSI: -82 [da:1c:47:6a:12:9c]
RSSI: -91 [da:19:ac:3c:12:3e]
RSSI: -82 [da:1c:47:78:12:cc]
RSSI: -90 [da:16:a3:2b:07:8a]
RSSI: -81 [da:1c:47:78:12:cc]
RSSI: -88 [da:16:a3:3a:07:ba]
RSSI: -83 [da:1c:47:84:12:ec]
RSSI: -90 [da:16:a3:47:07:da]
RSSI: -80 [da:1c:47:93:13:1c]
RSSI: -86 [da:1c:47:a1:13:4c]
RSSI: -90 [da:16:a3:56:08:0a]
RSSI: -91 [da:1c:47:bb:13:9c]
RSSI: -86 [da:1c:47:bb:13:9c]
RSSI: -85 [da:1c:47:ca:13:cc]
RSSI: -85 [da:1c:47:ca:13:cc]
RSSI: -89 [da:16:a3:82:08:8a]
RSSI: -81 [da:1c:47:d6:13:fc]
RSSI: -88 [da:16:a3:92:08:aa]
RSSI: -78 [da:1c:47:e4:14:2c]
RSSI: -87 [da:16:a3:9e:08:da]
RSSI: -77 [da:1c:47:f2:14:4c]
RSSI: -88 [da:16:a3:ae:08:fa]
RSSI: -75 [da:1c:47:ff:14:7c]
RSSI: -88 [da:16:a3:ae:08:fa]
RSSI: -75 [da:1c:48:0d:14:ac]
RSSI: -74 [da:1c:48:0d:14:ac]
RSSI: -75 [da:1c:48:1b:14:dc]
RSSI: -75 [da:1c:48:1b:14:dc]
RSSI: -74 [da:1c:48:28:14:fc]
RSSI: -92 [da:16:a3:da:09:7a]
RSSI: -74 [da:1c:48:28:14:fc]
RSSI: -91 [da:19:ac:f0:14:3e]
RSSI: -88 [da:16:a3:e9:09:aa]
RSSI: -75 [da:1c:48:36:15:2c]
RSSI: -91 [da:19:ac:f0:14:3e]
RSSI: -88 [da:16:a3:e9:09:aa]
RSSI: -73 [da:1c:48:36:15:2c]
RSSI: -88 [da:16:a3:f6:09:ca]
RSSI: -73 [da:1c:48:44:15:5c]
RSSI: -73 [da:1c:48:51:15:7c]
RSSI: -90 [da:16:a4:05:09:fa]
RSSI: -72 [da:1c:48:5f:15:ac]
RSSI: -74 [da:1c:48:6d:15:dc]
RSSI: -74 [da:1c:48:7a:15:fc]
RSSI: -87 [da:19:ad:45:15:3e]
RSSI: -75 [da:1c:48:7a:15:fc]
RSSI: -74 [da:1c:48:88:16:2c]
RSSI: -76 [da:1c:48:88:16:2c]
RSSI: -85 [da:19:ad:52:15:5e]
RSSI: -76 [da:1c:48:96:16:5c]
RSSI: -76 [da:1c:48:96:16:5c]
RSSI: -92 [da:16:a4:4d:0a:ca]
RSSI: -77 [da:1c:48:96:16:5c]
RSSI: -83 [da:19:ad:6f:15:ae]
RSSI: -78 [da:1c:48:a3:16:7c]
RSSI: -83 [da:1c:48:b1:00:2c]
RSSI: -83 [da:19:ad:7c:15:ce]
RSSI: -81 [da:1c:48:bf:00:5c]
RSSI: -88 [da:19:ad:88:15:fe]
RSSI: -82 [da:1c:48:bf:00:5c]
RSSI: -88 [da:19:ad:88:15:fe]
RSSI: -85 [da:19:ad:95:16:1e]
RSSI: -93 [da:1c:48:cc:00:8c]
RSSI: -89 [da:1c:48:cc:00:8c]
RSSI: -87 [da:19:ad:a2:16:3e]
RSSI: -89 [da:19:ad:ae:16:5e]
RSSI: -87 [da:19:ad:ae:16:5e]
RSSI: -90 [da:19:ad:bb:00:2e]
RSSI: -86 [da:1c:48:f5:01:0c]
RSSI: -86 [da:1c:48:f5:01:0c]
RSSI: -90 [da:16:a4:b5:0b:ea]
RSSI: -86 [da:1c:49:03:01:3c]
RSSI: -92 [da:16:a4:c4:0c:1a]
RSSI: -84 [da:1c:49:1e:01:8c]
RSSI: -83 [da:1c:49:1e:01:8c]
RSSI: -83 [da:1c:49:1e:01:8c]
RSSI: -85 [da:1c:49:2c:01:bc]
RSSI: -90 [da:19:ae:07:00:fe]
RSSI: -90 [da:1c:49:3a:01:ec]
RSSI: -87 [da:19:ae:14:01:2e]
RSSI: -89 [da:16:a5:0c:0c:ea]
RSSI: -85 [da:19:ae:2d:01:6e]
RSSI: -87 [da:1c:49:63:02:6c]
RSSI: -89 [da:1c:49:70:02:8c]
RSSI: -96 [da:19:ae:47:01:be]
RSSI: -86 [da:1c:49:7e:02:bc]
RSSI: -85 [da:19:ae:53:01:de]
RSSI: -90 [da:1c:49:99:03:0c]
RSSI: -88 [da:1c:49:a7:03:3c]
RSSI: -88 [da:1c:49:b5:03:6c]
RSSI: -85 [da:1c:49:c2:03:8c]
RSSI: -87 [da:1c:49:c2:03:8c]
RSSI: -83 [da:1c:49:d0:03:bc]
RSSI: -84 [da:1c:49:d0:03:bc]
RSSI: -86 [da:1c:49:de:03:ec]
RSSI: -83 [da:1c:49:de:03:ec]
RSSI: -89 [da:1c:49:eb:04:0c]
RSSI: -83 [da:1c:49:f9:04:3c]
RSSI: -82 [da:1c:49:f9:04:3c]
RSSI: -90 [da:1c:49:f9:04:3c]
RSSI: -85 [da:1c:4a:08:04:6c]
RSSI: -85 [da:1c:4a:14:04:8c]
RSSI: -84 [da:1c:4a:23:04:bc]
RSSI: -87 [da:1c:4a:31:04:ec]
RSSI: -85 [da:1c:4a:31:04:ec]
RSSI: -92 [da:1c:4a:75:05:bc]
RSSI: -89 [da:1c:4a:83:05:ec]
RSSI: -91 [da:1c:4a:83:05:ec]
RSSI: -87 [da:1c:4a:90:06:1c]
RSSI: -88 [da:1c:4a:90:06:1c]
RSSI: -89 [da:1c:4a:9e:06:4c]
RSSI: -90 [da:14:c2:6f:01:2b]
RSSI: -88 [da:1c:4a:b9:06:9c]
RSSI: -89 [da:14:c2:7f:01:5b]
RSSI: -89 [da:14:c2:7f:01:5b]
RSSI: -86 [da:1c:4a:c7:06:cc]
RSSI: -87 [da:1c:4a:d5:06:fc]
RSSI: -84 [da:1c:4a:e2:07:1c]
RSSI: -86 [da:1c:4a:f0:07:4c]
RSSI: -88 [da:14:c2:ac:01:eb]
RSSI: -86 [da:1c:4a:f0:07:4c]
RSSI: -89 [da:14:c2:bc:02:1b]
RSSI: -88 [da:14:c2:bc:02:1b]
RSSI: -88 [da:1c:4a:ff:07:7c]
RSSI: -89 [da:14:c2:bc:02:1b]
RSSI: -89 [da:1c:4b:1a:07:cc]
RSSI: -91 [da:14:c2:d9:02:6b]
RSSI: -90 [da:1c:4b:34:08:2c]
RSSI: -93 [da:16:a6:e0:12:2a]
RSSI: -90 [da:1c:4b:34:08:2c]
RSSI: -92 [da:16:a7:00:12:8a]
RSSI: -93 [da:14:c3:06:02:eb]
RSSI: -86 [da:1c:4b:51:08:7c]
RSSI: -92 [da:16:a7:1c:12:da]
RSSI: -87 [da:19:b0:44:07:7e]
RSSI: -91 [da:19:b0:5e:07:ce]
RSSI: -83 [da:19:b0:6a:07:ee]
RSSI: -90 [da:1c:4b:a4:09:8c]
RSSI: -86 [da:19:b0:77:08:0e]
RSSI: -87 [da:19:b0:84:08:3e]
RSSI: -91 [da:16:a7:74:13:da]
RSSI: -83 [da:19:b0:91:08:5e]
RSSI: -84 [da:19:b0:9e:08:7e]
RSSI: -85 [da:19:b0:9e:08:7e]
RSSI: -92 [da:14:c3:a9:04:db]
RSSI: -84 [da:19:b0:c4:08:ee]
RSSI: -84 [da:19:b0:c4:08:ee]
RSSI: -92 [da:16:a7:bd:14:aa]
RSSI: -81 [da:19:b0:de:09:3e]
RSSI: -89 [da:16:a7:cd:14:da]
RSSI: -86 [da:19:b0:eb:09:5e]
RSSI: -90 [da:16:a7:cd:14:da]
RSSI: -87 [da:19:b0:f7:09:7e]
RSSI: -83 [da:19:b1:04:09:9e]
RSSI: -86 [da:1c:4c:3b:0b:6c]
RSSI: -88 [da:16:a7:e9:15:2a]
RSSI: -90 [da:1c:4c:3b:0b:6c]
RSSI: -85 [da:19:b1:11:09:ce]
RSSI: -87 [da:1c:4c:49:0b:9c]
RSSI: -88 [da:16:a7:f9:15:5a]
RSSI: -85 [da:19:b1:11:09:ce]
RSSI: -89 [da:1c:4c:49:0b:9c]
RSSI: -88 [da:16:a8:08:15:7a]
RSSI: -86 [da:19:b1:1e:09:ee]
RSSI: -89 [da:16:a8:08:15:7a]
RSSI: -81 [da:19:b1:2a:0a:0e]
RSSI: -92 [da:16:a8:15:15:aa]
RSSI: -91 [da:1c:4c:64:0b:fc]
RSSI: -89 [da:16:a8:15:15:aa]
RSSI: -89 [da:1c:4c:72:0c:2c]
RSSI: -88 [da:1c:4c:7f:0c:4c]
RSSI: -83 [da:19:b1:51:0a:8e]
RSSI: -86 [da:19:b1:5e:0a:ae]
RSSI: -89 [da:1c:4c:8d:0c:7c]
RSSI: -86 [da:19:b1:5e:0a:ae]
RSSI: -89 [da:1c:4c:9c:0c:ac]
RSSI: -88 [da:1c:4c:9c:0c:ac]
RSSI: -84 [da:19:b1:77:0a:fe]
RSSI: -85 [da:1c:4c:b7:0c:fc]
RSSI: -85 [da:19:b1:84:0b:1e]
RSSI: -87 [da:1c:4c:b7:0c:fc]
RSSI: -86 [da:19:b1:84:0b:1e]
RSSI: -85 [da:1c:4c:c5:0d:2c]
RSSI: -86 [da:19:b1:91:0b:3e]
RSSI: -78 [da:19:b1:9e:0b:6e]
RSSI: -88 [da:1c:4c:d2:0d:5c]
RSSI: -80 [da:19:b1:ab:0b:8e]
RSSI: -80 [da:19:b1:ab:0b:8e]
RSSI: -85 [da:1c:4c:ee:0d:ac]
RSSI: -80 [da:19:b1:b8:0b:ae]
RSSI: -89 [da:1c:4c:ee:0d:ac]
RSSI: -72 [da:19:b1:c4:0b:de]
RSSI: -76 [da:19:b1:d1:0b:fe]
RSSI: -87 [da:1c:4d:09:0e:0c]
RSSI: -93 [da:16:a8:c6:01:4a]
RSSI: -86 [da:1c:4d:18:0e:3c]
RSSI: -78 [da:19:b1:de:0c:1e]
RSSI: -87 [da:1c:4d:18:0e:3c]
RSSI: -70 [da:19:b1:eb:0c:3e]
RSSI: -87 [da:1c:4d:24:0e:5c]
RSSI: -75 [da:19:b1:f8:0c:6e]
RSSI: -95 [da:16:a8:e5:01:aa]
RSSI: -91 [da:1c:4d:33:0e:8c]
RSSI: -90 [da:1c:4d:33:0e:8c]
RSSI: -78 [da:19:b2:05:0c:8e]
RSSI: -85 [da:1c:4d:41:0e:bc]
RSSI: -69 [da:19:b2:11:0c:ae]
RSSI: -91 [da:16:a9:02:01:fa]
RSSI: -74 [da:19:b2:1e:0c:de]
RSSI: -87 [da:1c:4d:4e:0e:dc]
RSSI: -95 [da:14:c5:15:09:0b]
RSSI: -77 [da:19:b2:2b:0c:fe]
RSSI: -86 [da:1c:4d:6b:0f:3c]
RSSI: -84 [da:1c:4d:77:0f:6c]
RSSI: -76 [da:19:b2:45:0d:4e]
RSSI: -84 [da:1c:4d:77:0f:6c]
RSSI: -77 [da:19:b2:52:0d:6e]
RSSI: -84 [da:1c:4d:86:0f:9c]
RSSI: -87 [da:16:a9:3e:02:aa]
RSSI: -69 [da:19:b2:5e:0d:9e]
RSSI: -86 [da:16:a9:4b:02:ca]
RSSI: -85 [da:1c:4d:a1:0f:ec]
RSSI: -77 [da:19:b2:6b:0d:be]
RSSI: -85 [da:1c:4d:a1:0f:ec]
RSSI: -87 [da:16:a9:5a:02:fa]
RSSI: -79 [da:19:b2:78:0d:de]
RSSI: -85 [da:16:a9:5a:02:fa]
RSSI: -80 [da:19:b2:78:0d:de]
RSSI: -85 [da:16:a9:6a:03:2a]
RSSI: -85 [da:1c:4d:af:10:1c]
RSSI: -85 [da:16:a9:6a:03:2a]
RSSI: -72 [da:19:b2:85:0e:0e]
RSSI: -84 [da:1c:4d:be:10:4c]
RSSI: -83 [da:16:a9:77:03:4a]
RSSI: -78 [da:19:b2:92:0e:2e]
RSSI: -83 [da:16:a9:77:03:4a]
RSSI: -85 [da:1c:4d:ca:10:6c]
RSSI: -84 [da:19:b2:9f:0e:4e]
RSSI: -81 [da:16:a9:87:03:7a]
RSSI: -86 [da:19:b2:9f:0e:4e]
RSSI: -82 [da:16:a9:97:03:aa]
RSSI: -77 [da:19:b2:ac:0e:7e]
RSSI: -83 [da:1c:4d:e7:10:cc]
RSSI: -85 [da:19:b2:b9:0e:9e]
RSSI: -79 [da:16:a9:a3:03:ca]
RSSI: -85 [da:1c:4d:f4:10:fc]
RSSI: -81 [da:16:a9:a3:03:ca]
RSSI: -89 [da:19:b2:c6:0e:be]
RSSI: -84 [da:1c:4e:02:11:2c]
RSSI: -84 [da:19:b2:d2:0e:ee]
RSSI: -76 [da:16:a9:cf:04:4a]
RSSI: -84 [da:1c:4e:1d:11:7c]
RSSI: -76 [da:16:a9:cf:04:4a]
RSSI: -81 [da:1c:4e:2c:11:ac]
RSSI: -85 [da:1c:4e:3a:11:dc]
RSSI: -94 [da:19:b3:13:0f:ae]
RSSI: -82 [da:1c:4e:47:11:fc]
RSSI: -75 [da:16:a9:fc:04:ca]
RSSI: -83 [da:1c:4e:47:11:fc]
RSSI: -85 [da:19:b3:1f:0f:ce]
RSSI: -76 [da:16:aa:0c:04:ea]
RSSI: -81 [da:1c:4e:55:12:2c]
RSSI: -75 [da:16:aa:0c:04:ea]
RSSI: -76 [da:16:aa:0c:04:ea]
RSSI: -80 [da:1c:4e:64:12:5c]
RSSI: -80 [da:1c:4e:64:12:5c]
RSSI: -77 [da:16:aa:1c:05:1a]
RSSI: -80 [da:1c:4e:70:12:8c]
RSSI: -76 [da:16:aa:28:05:3a]
RSSI: -79 [da:1c:4e:70:12:8c]
RSSI: -90 [da:19:b3:46:10:3e]
RSSI: -76 [da:16:aa:28:05:3a]
RSSI: -80 [da:1c:4e:7f:12:ac]
RSSI: -80 [da:1c:4e:7f:12:ac]
RSSI: -78 [da:1c:4e:7f:12:ac]
RSSI: -76 [da:16:aa:38:05:6a]
RSSI: -77 [da:1c:4e:8d:12:dc]
RSSI: -77 [da:16:aa:48:05:9a]
RSSI: -79 [da:1c:4e:9a:13:0c]
RSSI: -80 [da:1c:4e:9a:13:0c]
RSSI: -87 [da:19:b3:6d:10:ae]
RSSI: -78 [da:16:aa:55:05:ba]
RSSI: -77 [da:16:aa:55:05:ba]
RSSI: -84 [da:1c:4e:a8:13:3c]
RSSI: -80 [da:16:aa:65:05:ea]
RSSI: -82 [da:1c:4e:b7:13:6c]
RSSI: -89 [da:1c:4e:b7:13:6c]
RSSI: -78 [da:16:aa:74:06:1a]
RSSI: -79 [da:16:aa:74:06:1a]
RSSI: -79 [da:16:aa:74:06:1a]
RSSI: -79 [da:16:aa:81:06:3a]
RSSI: -79 [da:1c:4e:d2:13:bc]
RSSI: -81 [da:16:aa:81:06:3a]
RSSI: -75 [da:1c:4e:e0:13:ec]
RSSI: -81 [da:16:aa:91:06:6a]
RSSI: -75 [da:1c:4e:e0:13:ec]
RSSI: -88 [da:16:aa:a1:06:9a]
RSSI: -76 [da:1c:4e:ed:14:0c]
RSSI: -73 [da:1c:4e:ed:14:0c]
RSSI: -86 [da:16:aa:ad:06:ba]
RSSI: -72 [da:1c:4e:fc:14:3c]
RSSI: -74 [da:1c:4e:fc:14:3c]
RSSI: -72 [da:1c:4f:0a:14:6c]
RSSI: -90 [da:16:aa:bd:06:ea]
RSSI: -71 [da:1c:4f:17:14:8c]
RSSI: -73 [da:1c:4f:25:14:bc]
RSSI: -90 [da:16:aa:da:07:3a]
RSSI: -70 [da:1c:4f:34:14:ec]
RSSI: -89 [da:16:aa:ea:07:6a]
RSSI: -96 [da:19:b4:15:12:8e]
RSSI: -70 [da:1c:4f:40:15:1c]
RSSI: -72 [da:1c:4f:4f:15:3c]
RSSI: -86 [da:16:ab:06:07:ba]
RSSI: -72 [da:1c:4f:4f:15:3c]
RSSI: -70 [da:1c:4f:5d:15:6c]
RSSI: -87 [da:1c:4f:5d:15:6c]
RSSI: -86 [da:16:ab:16:07:ea]
RSSI: -72 [da:1c:4f:6a:15:9c]
RSSI: -72 [da:1c:4f:6a:15:9c]
RSSI: -90 [da:16:ab:26:08:1a]
RSSI: -72 [da:1c:4f:78:15:cc]
RSSI: -73 [da:1c:4f:78:15:cc]
RSSI: -89 [da:16:ab:33:08:3a]
RSSI: -75 [da:1c:4f:87:15:fc]
RSSI: -74 [da:1c:4f:94:16:1c]
RSSI: -73 [da:1c:4f:94:16:1c]
RSSI: -75 [da:1c:4f:94:16:1c]
RSSI: -87 [da:16:ab:53:08:9a]
RSSI: -76 [da:1c:4f:a2:16:4c]
RSSI: -87 [da:16:ab:53:08:9a]
RSSI: -75 [da:1c:4f:a2:16:4c]
RSSI: -81 [da:1c:4f:b1:16:7c]
RSSI: -87 [da:16:ab:6f:08:ea]
RSSI: -86 [da:1c:4f:bd:00:0c]
RSSI: -86 [da:16:ab:6f:08:ea]
RSSI: -86 [da:16:ab:7f:09:1a]
RSSI: -88 [da:16:ab:7f:09:1a]
RSSI: -83 [da:1c:4f:e7:00:8c]
RSSI: -88 [da:16:ab:9c:09:6a]
RSSI: -87 [da:1c:4f:e7:00:8c]
RSSI: -87 [da:16:ab:9c:09:6a]
RSSI: -89 [da:16:ab:ac:09:9a]
RSSI: -83 [da:1c:4f:f5:00:bc]
RSSI: -87 [da:16:ab:ac:09:9a]
RSSI: -80 [da:1c:4f:f5:00:bc]
RSSI: -85 [da:1c:50:04:00:ec]
RSSI: -81 [da:1c:50:04:00:ec]
RSSI: -87 [da:16:ab:c8:09:ea]
RSSI: -83 [da:1c:50:11:01:0c]
RSSI: -89 [da:16:ab:c8:09:ea]
RSSI: -82 [da:1c:50:1f:01:3c]
RSSI: -81 [da:1c:50:1f:01:3c]
RSSI: -90 [da:16:ab:d8:0a:1a]
RSSI: -85 [da:1c:50:2e:01:6c]
RSSI: -93 [da:16:ab:f5:0a:6a]
RSSI: -84 [da:1c:50:57:01:ec]
RSSI: -85 [da:1c:50:73:02:3c]
RSSI: -92 [da:19:b5:3e:15:ee]
RSSI: -83 [da:1c:50:81:02:6c]
RSSI: -87 [da:19:b5:4b:16:0e]
RSSI: -82 [da:1c:50:81:02:6c]
RSSI: -82 [da:1c:50:8e:02:9c]
RSSI: -84 [da:1c:50:8e:02:9c]
RSSI: -91 [da:1c:50:9c:02:cc]
RSSI: -86 [da:1c:50:9c:02:cc]
RSSI: -88 [da:16:ac:5e:0b:9a]
RSSI: -89 [da:16:ac:5e:0b:9a]
RSSI: -88 [da:16:ac:6a:0b:ba]
RSSI: -83 [da:1c:50:b8:03:1c]
RSSI: -89 [da:16:ac:7a:0b:ea]
RSSI: -83 [da:1c:50:c6:03:4c]
RSSI: -89 [da:16:ac:7a:0b:ea]
RSSI: -88 [da:1c:50:d5:03:7c]
RSSI: -87 [da:16:ac:8a:0c:1a]
RSSI: -82 [da:1c:50:d5:03:7c]
RSSI: -84 [da:1c:50:e1:03:9c]
RSSI: -88 [da:16:ac:97:0c:3a]
RSSI: -83 [da:1c:50:f0:03:cc]
RSSI: -83 [da:1c:50:f0:03:cc]
RSSI: -88 [da:16:ac:a7:0c:6a]
RSSI: -88 [da:1c:50:ff:03:fc]
RSSI: -87 [da:16:ac:b7:0c:9a]
RSSI: -85 [da:1c:50:ff:03:fc]
RSSI: -87 [da:16:ac:b7:0c:9a]
RSSI: -88 [da:16:ac:c4:0c:ba]
RSSI: -81 [da:1c:51:1a:04:5c]
RSSI: -87 [da:16:ac:d4:0c:ea]
RSSI: -87 [da:16:ac:d4:0c:ea]
RSSI: -87 [da:16:ac:e4:0d:1a]
RSSI: -91 [da:1c:51:35:04:ac]
RSSI: -89 [da:1c:51:35:04:ac]
RSSI: -90 [da:1c:51:44:04:dc]
RSSI: -88 [da:1c:51:5f:05:2c]
RSSI: -90 [da:1c:51:6d:05:5c]
RSSI: -92 [da:16:ad:4a:0e:3a]
RSSI: -90 [da:1c:51:c1:06:6c]
RSSI: -87 [da:1c:51:c1:06:6c]
RSSI: -89 [da:1c:51:d0:06:9c]
RSSI: -94 [da:19:b6:b7:03:ce]
RSSI: -84 [da:1c:51:eb:06:ec]
RSSI: -95 [da:19:b6:b7:03:ce]
RSSI: -93 [da:19:b6:de:04:3e]
RSSI: -93 [da:14:c9:d2:00:9b]
RSSI: -88 [da:1c:52:15:07:6c]
RSSI: -90 [da:14:c9:d2:00:9b]
RSSI: -92 [da:14:c9:f9:01:0b]
RSSI: -90 [da:14:ca:06:01:2b]
RSSI: -86 [da:14:ca:06:01:2b]
RSSI: -89 [da:14:ca:12:01:5b]
RSSI: -89 [da:14:ca:12:01:5b]
RSSI: -89 [da:14:ca:20:01:7b]
RSSI: -90 [da:14:ca:20:01:7b]
RSSI: -89 [da:14:ca:2c:01:ab]
RSSI: -91 [da:1c:52:69:08:7c]
RSSI: -88 [da:14:ca:2c:01:ab]
RSSI: -90 [da:14:ca:39:01:cb]
RSSI: -90 [da:19:b7:46:05:6e]
RSSI: -89 [da:14:ca:39:01:cb]
RSSI: -86 [da:14:ca:46:01:eb]
RSSI: -86 [da:14:ca:53:02:1b]
RSSI: -88 [da:14:ca:60:02:3b]
RSSI: -86 [da:1c:52:a1:09:2c]
RSSI: -91 [da:14:ca:60:02:3b]
RSSI: -94 [da:16:ae:66:11:6a]
RSSI: -88 [da:1c:52:bd:09:8c]
RSSI: -86 [da:1c:52:cb:09:bc]
RSSI: -87 [da:14:ca:93:02:db]
RSSI: -88 [da:1c:52:d8:09:dc]
RSSI: -86 [da:1c:52:d8:09:dc]
RSSI: -89 [da:16:ae:a3:12:1a]
RSSI: -85 [da:1c:52:f5:0a:3c]
RSSI: -88 [da:16:ae:af:12:4a]
RSSI: -88 [da:1c:53:02:0a:6c]
RSSI: -91 [da:16:ae:d0:12:9a]
RSSI: -91 [da:19:b7:ef:07:5e]
RSSI: -86 [da:1c:53:2c:0a:ec]
RSSI: -87 [da:1c:53:3b:0b:1c]
RSSI: -90 [da:16:ae:ec:12:fa]
RSSI: -88 [da:19:b8:17:07:ce]
RSSI: -88 [da:1c:53:56:0b:6c]
RSSI: -87 [da:19:b8:31:08:0e]
RSSI: -87 [da:1c:53:65:0b:9c]
RSSI: -91 [da:16:af:19:13:7a]
RSSI: -86 [da:19:b8:3e:08:3e]
RSSI: -91 [da:1c:53:74:0b:cc]
RSSI: -90 [da:16:af:36:13:ca]
RSSI: -92 [da:1c:53:80:0b:fc]
RSSI: -90 [da:16:af:46:13:fa]
RSSI: -87 [da:19:b8:65:08:ae]
RSSI: -89 [da:1c:53:9e:0c:5c]
RSSI: -86 [da:19:b8:72:08:ce]
RSSI: -89 [da:16:af:63:14:4a]
RSSI: -92 [da:16:af:63:14:4a]
RSSI: -89 [da:1c:53:b9:0c:ac]
RSSI: -89 [da:1c:53:b9:0c:ac]
RSSI: -89 [da:16:af:73:14:7a]
RSSI: -83 [da:1c:53:c8:0c:dc]
RSSI: -83 [da:19:b8:99:09:3e]
RSSI: -88 [da:16:af:83:14:aa]
RSSI: -83 [da:1c:53:d4:0d:0c]
RSSI: -82 [da:1c:53:d4:0d:0c]
RSSI: -90 [da:16:af:a0:14:fa]
RSSI: -84 [da:1c:53:f2:0d:6c]
RSSI: -84 [da:19:b8:c0:09:ae]
RSSI: -88 [da:1c:53:f2:0d:6c]
RSSI: -83 [da:1c:53:fe:0d:8c]
RSSI: -82 [da:19:b8:cd:09:de]
RSSI: -87 [da:16:af:bc:15:4a]
RSSI: -87 [da:16:af:cd:15:7a]
RSSI: -87 [da:1c:54:1c:0d:ec]
RSSI: -80 [da:19:b8:e7:0a:1e]
RSSI: -88 [da:16:af:cd:15:7a]
RSSI: -87 [da:19:b8:e7:0a:1e]
RSSI: -86 [da:19:b8:f5:0a:4e]
RSSI: -89 [da:16:af:dd:15:aa]
RSSI: -82 [da:1c:54:28:0e:1c]
RSSI: -80 [da:19:b8:f5:0a:4e]
RSSI: -83 [da:1c:54:28:0e:1c]
RSSI: -84 [da:19:b9:02:0a:6e]
RSSI: -86 [da:19:b9:02:0a:6e]
RSSI: -84 [da:19:b9:02:0a:6e]
RSSI: -82 [da:1c:54:37:0e:4c]
RSSI: -84 [da:19:b9:02:0a:6e]
RSSI: -80 [da:19:b9:0f:0a:9e]
RSSI: -84 [da:1c:54:46:0e:7c]
RSSI: -86 [da:19:b9:1c:0a:be]
RSSI: -89 [da:16:b0:0a:16:2a]
RSSI: -82 [da:19:b9:1c:0a:be]
RSSI: -89 [da:16:b0:0a:16:2a]
RSSI: -89 [da:19:b9:29:0a:ee]
RSSI: -86 [da:1c:54:58:0e:ac]
RSSI: -89 [da:16:b0:16:16:4a]
RSSI: -87 [da:1c:54:68:0e:ec]
RSSI: -87 [da:19:b9:36:0b:0e]
RSSI: -85 [da:1c:54:77:0f:1c]
RSSI: -88 [da:16:b0:26:00:2a]
RSSI: -82 [da:19:b9:43:0b:2e]
RSSI: -87 [da:1c:54:77:0f:1c]
RSSI: -81 [da:19:b9:43:0b:2e]
RSSI: -83 [da:19:b9:50:0b:5e]
RSSI: -88 [da:1c:54:83:0f:3c]
RSSI: -84 [da:1c:54:83:0f:3c]
RSSI: -81 [da:19:b9:50:0b:5e]
RSSI: -84 [da:1c:54:83:0f:3c]
RSSI: -80 [da:19:b9:5d:0b:7e]
RSSI: -87 [da:1c:54:92:0f:6c]
RSSI: -91 [da:16:b0:53:00:aa]
RSSI: -74 [da:19:b9:6a:0b:9e]
RSSI: -78 [da:19:b9:78:0b:ce]
RSSI: -77 [da:19:b9:78:0b:ce]
RSSI: -76 [da:19:b9:78:0b:ce]
RSSI: -86 [da:1c:54:ae:0f:cc]
RSSI: -76 [da:19:b9:84:0b:ee]
RSSI: -70 [da:19:b9:92:0c:1e]
RSSI: -90 [da:1c:54:cb:10:1c]
RSSI: -75 [da:19:b9:9f:0c:3e]
RSSI: -84 [da:1c:54:d8:10:4c]
RSSI: -75 [da:19:b9:ac:0c:5e]
RSSI: -75 [da:19:b9:b9:0c:8e]
RSSI: -84 [da:1c:54:f5:10:ac]
RSSI: -85 [da:1c:55:02:10:cc]
RSSI: -75 [da:19:b9:d3:0c:de]
RSSI: -85 [da:1c:55:02:10:cc]
RSSI: -72 [da:19:b9:d3:0c:de]
RSSI: -67 [da:19:b9:e0:0c:fe]
RSSI: -74 [da:19:b9:e0:0c:fe]
RSSI: -84 [da:1c:55:20:11:2c]
RSSI: -84 [da:1c:55:20:11:2c]
RSSI: -68 [da:19:b9:ee:0d:1e]
RSSI: -84 [da:1c:55:2c:11:5c]
RSSI: -84 [da:1c:55:2c:11:5c]
RSSI: -72 [da:19:ba:00:0d:5e]
RSSI: -67 [da:19:ba:00:0d:5e]
RSSI: -90 [da:16:b0:ea:02:5a]
RSSI: -74 [da:19:ba:10:0d:8e]
RSSI: -84 [da:1c:55:4a:11:ac]
RSSI: -72 [da:19:ba:10:0d:8e]
RSSI: -84 [da:1c:55:4a:11:ac]
RSSI: -89 [da:16:b1:00:02:8a]
RSSI: -74 [da:19:ba:1d:0d:ae]
RSSI: -84 [da:1c:55:56:11:dc]
RSSI: -83 [da:1c:55:56:11:dc]
RSSI: -69 [da:19:ba:2a:0d:ce]
RSSI: -88 [da:16:b1:10:02:ba]
RSSI: -82 [da:1c:55:65:12:0c]
RSSI: -73 [da:19:ba:37:0d:fe]
RSSI: -81 [da:1c:55:65:12:0c]
RSSI: -74 [da:19:ba:37:0d:fe]
RSSI: -81 [da:1c:55:74:12:3c]
RSSI: -88 [da:16:b1:2d:03:0a]
RSSI: -76 [da:19:ba:45:0e:1e]
RSSI: -89 [da:16:b1:2d:03:0a]
RSSI: -87 [da:16:b1:3d:03:3a]
RSSI: -79 [da:1c:55:81:12:5c]
RSSI: -72 [da:19:ba:51:0e:3e]
RSSI: -87 [da:16:b1:3d:03:3a]
RSSI: -81 [da:1c:55:90:12:8c]
RSSI: -76 [da:19:ba:5f:0e:6e]
RSSI: -79 [da:1c:55:90:12:8c]
RSSI: -89 [da:16:b1:49:03:5a]
RSSI: -88 [da:16:b1:49:03:5a]
RSSI: -78 [da:19:ba:6c:0e:8e]
RSSI: -84 [da:1c:55:9e:12:bc]
RSSI: -85 [da:16:b1:5a:03:8a]
RSSI: -79 [da:19:ba:6c:0e:8e]
RSSI: -78 [da:19:ba:79:0e:be]
RSSI: -83 [da:1c:55:ab:12:ec]
RSSI: -78 [da:19:ba:79:0e:be]
RSSI: -84 [da:16:b1:66:03:aa]
RSSI: -83 [da:16:b1:66:03:aa]
RSSI: -89 [da:1c:55:ba:13:0c]
RSSI: -86 [da:1c:55:ba:13:0c]
RSSI: -84 [da:16:b1:73:03:da]
RSSI: -89 [da:1c:55:c9:13:3c]
RSSI: -88 [da:1c:55:c9:13:3c]
RSSI: -81 [da:19:ba:a0:0f:2e]
RSSI: -83 [da:16:b1:8c:04:1a]
RSSI: -81 [da:1c:55:d5:13:6c]
RSSI: -83 [da:19:ba:a0:0f:2e]
RSSI: -81 [da:16:b1:8c:04:1a]
RSSI: -82 [da:16:b1:99:04:3a]
RSSI: -79 [da:19:ba:ae:0f:4e]
RSSI: -79 [da:16:b1:a6:04:6a]
RSSI: -83 [da:19:ba:bb:0f:7e]
RSSI: -76 [da:1c:55:f3:13:cc]
RSSI: -83 [da:19:ba:bb:0f:7e]
RSSI: -80 [da:19:ba:c8:0f:9e]
RSSI: -82 [da:16:b1:b2:04:8a]
RSSI: -75 [da:1c:56:00:13:ec]
RSSI: -80 [da:16:b1:b2:04:8a]
RSSI: -73 [da:1c:56:00:13:ec]
RSSI: -83 [da:19:ba:d5:0f:be]
RSSI: -83 [da:16:b1:bf:04:aa]
RSSI: -80 [da:16:b1:cc:04:ca]
RSSI: -73 [da:1c:56:0f:14:1c]
RSSI: -80 [da:16:b1:cc:04:ca]
RSSI: -73 [da:1c:56:1d:14:4c]
RSSI: -80 [da:16:b1:cc:04:ca]
RSSI: -73 [da:1c:56:1d:14:4c]
RSSI: -81 [da:16:b1:d8:04:fa]
RSSI: -79 [da:16:b1:d8:04:fa]
RSSI: -73 [da:1c:56:2a:14:6c]
RSSI: -73 [da:1c:56:2a:14:6c]
RSSI: -81 [da:16:b1:e5:05:1a]
RSSI: -73 [da:1c:56:2a:14:6c]
RSSI: -85 [da:19:ba:fd:10:2e]
RSSI: -83 [da:16:b1:e5:05:1a]
RSSI: -86 [da:19:ba:fd:10:2e]
RSSI: -79 [da:16:b1:f2:05:3a]
RSSI: -73 [da:1c:56:39:14:9c]
RSSI: -79 [da:16:b1:f2:05:3a]
RSSI: -73 [da:1c:56:39:14:9c]
RSSI: -80 [da:16:b1:f2:05:3a]
RSSI: -74 [da:1c:56:48:14:cc]
RSSI: -82 [da:16:b1:ff:05:5a]
RSSI: -73 [da:1c:56:48:14:cc]
RSSI: -79 [da:16:b1:ff:05:5a]
RSSI: -81 [da:16:b2:0b:05:8a]
RSSI: -72 [da:1c:56:54:14:fc]
RSSI: -83 [da:16:b2:0b:05:8a]
RSSI: -75 [da:1c:56:54:14:fc]
RSSI: -80 [da:16:b2:18:05:aa]
RSSI: -75 [da:1c:56:63:15:2c]
RSSI: -73 [da:1c:56:63:15:2c]
RSSI: -84 [da:16:b2:25:05:ca]
RSSI: -76 [da:1c:56:72:15:5c]
RSSI: -86 [da:16:b2:31:05:fa]
RSSI: -91 [da:19:bb:4c:11:1e]
RSSI: -81 [da:16:b2:3e:06:1a]
RSSI: -75 [da:1c:56:8e:15:ac]
RSSI: -84 [da:16:b2:3e:06:1a]
RSSI: -75 [da:1c:56:8e:15:ac]
RSSI: -88 [da:16:b2:4b:06:3a]
RSSI: -82 [da:16:b2:4b:06:3a]
RSSI: -76 [da:1c:56:9c:15:dc]
RSSI: -85 [da:16:b2:57:06:5a]
RSSI: -76 [da:1c:56:9c:15:dc]
RSSI: -88 [da:19:bb:73:11:8e]
RSSI: -78 [da:1c:56:a9:16:0c]
RSSI: -84 [da:16:b2:64:06:8a]
RSSI: -86 [da:16:b2:64:06:8a]
RSSI: -82 [da:1c:56:b8:16:3c]
RSSI: -86 [da:16:b2:71:06:aa]
RSSI: -84 [da:1c:56:c7:16:6c]
RSSI: -89 [da:16:b2:8a:06:fa]
RSSI: -91 [da:1c:56:d3:00:0c]
RSSI: -93 [da:19:bb:b5:12:4e]
RSSI: -88 [da:1c:56:f1:00:5c]
RSSI: -88 [da:1c:56:fe:00:8c]
RSSI: -90 [da:19:bb:d0:12:9e]
RSSI: -90 [da:19:bb:d0:12:9e]
RSSI: -85 [da:1c:57:1c:00:ec]
RSSI: -86 [da:1c:57:28:01:0c]
RSSI: -87 [da:1c:57:28:01:0c]
RSSI: -89 [da:16:b2:f0:08:1a]
RSSI: -91 [da:19:bc:04:13:2e]
RSSI: -88 [da:16:b2:fd:08:3a]
RSSI: -91 [da:16:b2:fd:08:3a]
RSSI: -92 [da:19:bc:1f:13:7e]
RSSI: -88 [da:19:bc:2b:13:9e]
RSSI: -91 [da:16:b3:16:08:7a]
RSSI: -88 [da:16:b3:3d:08:ea]
RSSI: -90 [da:19:bc:53:14:0e]
RSSI: -86 [da:1c:57:8c:02:4c]
RSSI: -88 [da:16:b3:4a:09:0a]
RSSI: -89 [da:19:bc:61:14:3e]
RSSI: -88 [da:16:b3:4a:09:0a]
RSSI: -86 [da:19:bc:6e:14:5e]
RSSI: -87 [da:16:b3:56:09:3a]
RSSI: -88 [da:19:bc:6e:14:5e]
RSSI: -87 [da:19:bc:7b:14:8e]
RSSI: -83 [da:19:bc:7b:14:8e]
RSSI: -88 [da:1c:57:c5:02:fc]
RSSI: -88 [da:19:bc:96:14:ce]
RSSI: -88 [da:16:b3:89:09:ca]
RSSI: -86 [da:19:bc:a2:14:fe]
RSSI: -87 [da:19:bc:b0:15:1e]
RSSI: -89 [da:1c:57:e1:03:5c]
RSSI: -84 [da:1c:57:f0:03:8c]
RSSI: -87 [da:1c:57:fd:03:ac]
RSSI: -89 [da:19:bd:0d:16:2e]
RSSI: -89 [da:16:b3:fc:0b:1a]
RSSI: -90 [da:16:b4:2f:0b:aa]
RSSI: -86 [da:16:b4:3c:0b:ca]
RSSI: -89 [da:16:b4:49:0b:ea]
RSSI: -90 [da:1c:58:9a:05:9c]
RSSI: -87 [da:16:b4:56:0c:1a]
RSSI: -88 [da:16:b4:56:0c:1a]
RSSI: -89 [da:16:b4:6f:0c:5a]
RSSI: -88 [da:16:b4:7c:0c:7a]
RSSI: -88 [da:16:b4:7c:0c:7a]
RSSI: -88 [da:16:b4:7c:0c:7a]
RSSI: -91 [da:1c:58:e0:06:7c]
RSSI: -87 [da:16:b4:95:0c:ca]
RSSI: -87 [da:16:b4:a2:0c:ea]
RSSI: -88 [da:16:b4:a2:0c:ea]
RSSI: -89 [da:16:b4:af:0d:0a]
RSSI: -95 [da:19:bd:c6:01:ce]
RSSI: -86 [da:16:b4:bc:0d:3a]
RSSI: -88 [da:1c:59:0b:06:fc]
RSSI: -89 [da:16:b4:c9:0d:5a]
RSSI: -92 [da:1c:59:1a:07:2c]
RSSI: -91 [da:16:b4:e2:0d:aa]
RSSI: -91 [da:16:b4:ef:0d:ca]
RSSI: -89 [da:1c:59:8b:08:9c]
RSSI: -93 [da:1c:59:9a:08:cc]
RSSI: -95 [da:1c:59:a6:08:fc]
RSSI: -91 [da:14:d1:78:00:fb]
RSSI: -92 [da:14:d1:85:01:1b]
RSSI: -93 [da:1c:59:d1:09:7c]
RSSI: -90 [da:14:d1:92:01:4b]
RSSI: -89 [da:14:d1:a0:01:6b]
RSSI: -90 [da:14:d1:ad:01:9b]
RSSI: -88 [da:14:d1:ad:01:9b]
RSSI: -88 [da:1c:59:fc:0a:0c]
RSSI: -90 [da:14:d1:ba:01:bb]
RSSI: -88 [da:14:d1:d4:02:0b]
RSSI: -89 [da:14:d1:fc:02:7b]
RSSI: -88 [da:14:d1:fc:02:7b]
RSSI: -91 [da:14:d2:16:02:cb]
RSSI: -89 [da:1c:5a:6f:0b:7c]
RSSI: -88 [da:16:b6:70:12:1a]
RSSI: -93 [da:16:b6:70:12:1a]
RSSI: -92 [da:1c:5a:c5:0c:8c]
RSSI: -92 [da:16:b6:7d:12:3a]
RSSI: -88 [da:16:b6:7d:12:3a]
RSSI: -91 [da:1c:5a:d1:0c:bc]
RSSI: -91 [da:16:b6:8a:12:5a]
RSSI: -90 [da:16:b6:97:12:8a]
RSSI: -95 [da:14:d2:a6:04:7b]
RSSI: -89 [da:1c:5a:e1:0c:ec]
RSSI: -92 [da:16:b6:a4:12:aa]
RSSI: -96 [da:16:b6:ca:13:1a]
RSSI: -94 [da:16:b6:e4:13:5a]
RSSI: -88 [da:1c:5b:45:0e:2c]
RSSI: -89 [da:1c:5b:52:0e:4c]
RSSI: -92 [da:16:b7:18:13:fa]
RSSI: -91 [da:1c:5b:61:0e:7c]
RSSI: -89 [da:16:b7:24:14:1a]
RSSI: -89 [da:1c:5b:7d:0e:dc]
RSSI: -87 [da:16:b7:3e:14:6a]
RSSI: -87 [da:16:b7:4b:14:8a]
RSSI: -90 [da:16:b7:58:14:aa]
RSSI: -92 [da:16:b7:58:14:aa]
RSSI: -91 [da:1c:5b:a8:0f:5c]
RSSI: -90 [da:16:b7:58:14:aa]
RSSI: -89 [da:16:b7:65:14:da]
RSSI: -90 [da:16:b7:72:14:fa]
RSSI: -89 [da:16:b7:7f:15:1a]
RSSI: -89 [da:16:b7:98:15:6a]
RSSI: -89 [da:16:b7:b3:15:aa]
RSSI: -88 [da:16:b7:b3:15:aa]
RSSI: -87 [da:1c:5c:0c:10:9c]
RSSI: -93 [da:16:b7:bf:15:da]
RSSI: -91 [da:1c:5c:0c:10:9c]
RSSI: -89 [da:1c:5c:1c:10:cc]
RSSI: -90 [da:16:b7:d9:16:1a]
RSSI: -89 [da:1c:5c:28:10:fc]
RSSI: -84 [da:1c:5c:46:11:5c]
RSSI: -89 [da:16:b8:00:00:6a]
RSSI: -86 [da:1c:5c:53:11:8c]
RSSI: -91 [da:16:b8:0d:00:9a]
RSSI: -85 [da:1c:5c:53:11:8c]
RSSI: -87 [da:19:c1:27:0b:9e]
RSSI: -92 [da:16:b8:0d:00:9a]
RSSI: -86 [da:19:c1:27:0b:9e]
RSSI: -85 [da:19:c1:35:0b:ce]
RSSI: -89 [da:19:c1:42:0b:ee]
RSSI: -86 [da:1c:5c:7e:12:0c]
RSSI: -84 [da:19:c1:4f:0c:0e]
RSSI: -87 [da:1c:5c:8d:12:3c]
RSSI: -83 [da:19:c1:5d:0c:3e]
RSSI: -84 [da:1c:5c:8d:12:3c]
RSSI: -88 [da:1c:5c:9d:12:6c]
RSSI: -83 [da:19:c1:6b:0c:5e]
RSSI: -88 [da:1c:5c:9d:12:6c]
RSSI: -85 [da:19:c1:6b:0c:5e]
RSSI: -87 [da:1c:5c:9d:12:6c]
RSSI: -91 [da:16:b8:5a:01:7a]
RSSI: -89 [da:1c:5c:a9:12:9c]
RSSI: -81 [da:19:c1:77:0c:8e]
RSSI: -89 [da:16:b8:67:01:9a]
RSSI: -82 [da:19:c1:85:0c:ae]
RSSI: -90 [da:1c:5c:b8:12:cc]
RSSI: -83 [da:19:c1:93:0c:de]
RSSI: -94 [da:16:b8:81:01:ea]
RSSI: -81 [da:19:c1:9f:0c:fe]
RSSI: -83 [da:19:c1:9f:0c:fe]
RSSI: -82 [da:19:c1:ad:0d:2e]
RSSI: -81 [da:19:c1:ad:0d:2e]
RSSI: -83 [da:19:c1:bb:0d:4e]
RSSI: -83 [da:19:c1:bb:0d:4e]
RSSI: -85 [da:1c:5c:f2:13:7c]
RSSI: -81 [da:19:c1:c7:0d:7e]
RSSI: -81 [da:19:c1:c7:0d:7e]
RSSI: -84 [da:19:c1:c7:0d:7e]
RSSI: -85 [da:1c:5c:ff:13:ac]
RSSI: -85 [da:19:c1:c7:0d:7e]
RSSI: -82 [da:19:c1:d5:0d:9e]
RSSI: -87 [da:1c:5d:0e:13:dc]
RSSI: -92 [da:16:b8:c2:02:9a]
RSSI: -83 [da:19:c1:d5:0d:9e]
RSSI: -82 [da:1c:5d:0e:13:dc]
RSSI: -82 [da:1c:5d:1d:14:0c]
RSSI: -84 [da:19:c1:f0:0d:ee]
RSSI: -88 [da:1c:5d:1d:14:0c]
RSSI: -90 [da:16:b8:dc:02:ea]
RSSI: -89 [da:19:c1:f0:0d:ee]
RSSI: -81 [da:1c:5d:2a:14:2c]
RSSI: -89 [da:16:b8:e9:03:0a]
RSSI: -87 [da:19:c1:fe:0e:0e]
RSSI: -88 [da:16:b8:e9:03:0a]
RSSI: -84 [da:1c:5d:39:14:5c]
RSSI: -82 [da:1c:5d:39:14:5c]
RSSI: -80 [da:1c:5d:39:14:5c]
RSSI: -90 [da:19:c2:0b:0e:3e]
RSSI: -86 [da:16:b8:f6:03:2a]
RSSI: -86 [da:1c:5d:48:14:8c]
RSSI: -88 [da:19:c2:18:0e:5e]
RSSI: -83 [da:1c:5d:48:14:8c]
RSSI: -83 [da:16:b9:10:03:7a]
RSSI: -90 [da:19:c2:26:0e:7e]
RSSI: -83 [da:16:b9:1c:03:9a]
RSSI: -83 [da:1c:5d:64:14:ec]
RSSI: -83 [da:16:b9:1c:03:9a]
RSSI: -82 [da:1c:5d:74:15:1c]
RSSI: -82 [da:16:b9:2a:03:ba]
RSSI: -81 [da:16:b9:37:03:ea]
RSSI: -84 [da:1c:5d:80:15:3c]
RSSI: -81 [da:16:b9:37:03:ea]
RSSI: -81 [da:1c:5d:80:15:3c]
RSSI: -89 [da:19:c2:4e:0e:ee]
RSSI: -81 [da:16:b9:43:04:0a]
RSSI: -80 [da:16:b9:43:04:0a]
RSSI: -86 [da:1c:5d:8f:15:6c]
RSSI: -90 [da:19:c2:68:0f:3e]
RSSI: -78 [da:16:b9:51:04:2a]
RSSI: -78 [da:16:b9:5e:04:4a]
RSSI: -78 [da:16:b9:5e:04:4a]
RSSI: -88 [da:1c:5d:ab:15:cc]
RSSI: -77 [da:16:b9:6a:04:7a]
RSSI: -77 [da:16:b9:77:04:9a]
RSSI: -76 [da:16:b9:77:04:9a]
RSSI: -85 [da:1c:5d:ca:16:2c]
RSSI: -77 [da:16:b9:85:04:ba]
RSSI: -90 [da:1c:5d:d6:16:4c]
RSSI: -75 [da:16:b9:91:04:da]
RSSI: -92 [da:19:c2:ac:10:0e]
RSSI: -77 [da:16:b9:91:04:da]
RSSI: -76 [da:16:b9:9e:05:0a]
RSSI: -76 [da:16:b9:9e:05:0a]
RSSI: -77 [da:16:b9:ab:05:2a]
RSSI: -75 [da:16:b9:b8:05:4a]
RSSI: -88 [da:1c:5e:01:00:5c]
RSSI: -77 [da:16:b9:b8:05:4a]
RSSI: -77 [da:16:b9:c5:05:7a]
RSSI: -75 [da:16:b9:c5:05:7a]
RSSI: -77 [da:16:b9:d2:05:9a]
RSSI: -77 [da:16:b9:d2:05:9a]
RSSI: -77 [da:16:b9:d2:05:9a]
RSSI: -76 [da:16:b9:df:05:ba]
RSSI: -78 [da:16:b9:df:05:ba]
RSSI: -77 [da:16:b9:ec:05:ea]
RSSI: -78 [da:16:b9:f9:06:0a]
RSSI: -79 [da:16:b9:f9:06:0a]
RSSI: -79 [da:16:ba:06:06:2a]
RSSI: -79 [da:16:ba:06:06:2a]
RSSI: -80 [da:16:ba:13:06:5a]
RSSI: -80 [da:16:ba:13:06:5a]
RSSI: -80 [da:16:ba:20:06:7a]
RSSI: -82 [da:16:ba:2d:06:9a]
RSSI: -84 [da:16:ba:3a:06:ba]
RSSI: -90 [da:16:ba:88:07:9a]
RSSI: -91 [da:16:ba:95:07:ca]
RSSI: -94 [da:1c:5e:d9:03:0c]
RSSI: -86 [da:16:ba:a2:07:ea]
RSSI: -86 [da:16:ba:a2:07:ea]
RSSI: -94 [da:19:c3:e1:13:8e]
RSSI: -86 [da:16:ba:c9:08:5a]
RSSI: -90 [da:16:ba:d6:08:7a]
RSSI: -89 [da:16:ba:d6:08:7a]
RSSI: -90 [da:1c:5f:2f:04:1c]
RSSI: -86 [da:16:ba:f0:08:ca]
RSSI: -86 [da:16:ba:f0:08:ca]
RSSI: -85 [da:16:ba:fd:08:ea]
RSSI: -85 [da:16:ba:fd:08:ea]
RSSI: -85 [da:16:bb:0b:09:0a]
RSSI: -86 [da:16:bb:17:09:3a]
RSSI: -86 [da:16:bb:17:09:3a]
RSSI: -85 [da:16:bb:25:09:5a]
RSSI: -88 [da:16:bb:25:09:5a]
RSSI: -86 [da:16:bb:32:09:8a]
RSSI: -86 [da:16:bb:32:09:8a]
RSSI: -86 [da:16:bb:3e:09:aa]
RSSI: -85 [da:16:bb:4c:09:ca]
RSSI: -86 [da:16:bb:4c:09:ca]
RSSI: -86 [da:16:bb:59:09:fa]
RSSI: -85 [da:16:bb:66:0a:1a]
RSSI: -86 [da:16:bb:66:0a:1a]
RSSI: -95 [da:19:c4:91:15:7e]
RSSI: -87 [da:16:bb:80:0a:6a]
RSSI: -93 [da:1c:5f:dc:06:3c]
RSSI: -89 [da:16:bb:a7:0a:da]
RSSI: -88 [da:16:bb:a7:0a:da]
RSSI: -88 [da:16:bb:b4:0a:fa]
RSSI: -88 [da:16:bb:c1:0b:2a]
RSSI: -89 [da:16:bb:ce:0b:4a]
RSSI: -90 [da:16:bb:e8:0b:9a]
RSSI: -90 [da:16:bb:e8:0b:9a]
RSSI: -89 [da:16:bb:f6:0b:ba]
RSSI: -94 [da:1c:60:52:07:ac]
RSSI: -88 [da:16:bc:10:0c:0a]
RSSI: -85 [da:16:bc:1d:0c:2a]
RSSI: -86 [da:16:bc:29:0c:4a]
RSSI: -88 [da:16:bc:37:0c:7a]
RSSI: -89 [da:16:bc:51:0c:ca]
RSSI: -89 [da:16:bc:51:0c:ca]
RSSI: -96 [da:1c:60:a8:08:cc]
RSSI: -88 [da:16:bc:5e:0c:ea]
RSSI: -86 [da:16:bc:6b:0d:0a]
RSSI: -87 [da:16:bc:78:0d:3a]
RSSI: -88 [da:16:bc:78:0d:3a]
RSSI: -86 [da:16:bc:85:0d:5a]
RSSI: -86 [da:16:bc:85:0d:5a]
RSSI: -90 [da:1c:60:d4:09:4c]
RSSI: -86 [da:16:bc:85:0d:5a]
RSSI: -87 [da:16:bc:92:0d:7a]
RSSI: -87 [da:16:bc:9f:0d:aa]
RSSI: -89 [da:16:bc:9f:0d:aa]
RSSI: -92 [da:16:bc:d4:0e:3a]
RSSI: -92 [da:14:d8:ef:00:7b]
RSSI: -94 [da:14:d8:fc:00:ab]
RSSI: -98 [da:1c:61:62:0b:1c]
RSSI: -93 [da:1c:61:72:0b:4c]
RSSI: -90 [da:14:d9:31:01:3b]
RSSI: -92 [da:1c:61:72:0b:4c]
RSSI: -91 [da:14:d9:31:01:3b]
RSSI: -89 [da:14:d9:4d:01:8b]
RSSI: -88 [da:14:d9:59:01:bb]
RSSI: -92 [da:14:d9:67:01:db]
RSSI: -89 [da:14:d9:75:02:0b]
RSSI: -89 [da:14:d9:8f:02:5b]
RSSI: -90 [da:14:d9:9d:02:7b]
RSSI: -91 [da:14:d9:aa:02:9b]
RSSI: -98 [da:16:bd:b2:10:ba]
RSSI: -93 [da:14:d9:e0:03:3b]
RSSI: -86 [da:1c:62:20:0d:7c]
RSSI: -86 [da:1c:62:3c:0d:dc]
RSSI: -87 [da:1c:62:4b:0e:0c]
RSSI: -88 [da:1c:62:5b:0e:3c]
RSSI: -91 [da:16:be:24:11:fa]
RSSI: -94 [da:1c:62:86:0e:cc]
RSSI: -91 [da:16:be:3e:12:3a]
RSSI: -93 [da:19:c7:65:07:6e]
RSSI: -90 [da:16:be:4b:12:6a]
RSSI: -88 [da:16:be:66:12:aa]
RSSI: -89 [da:16:be:66:12:aa]
RSSI: -91 [da:19:c7:80:07:be]
RSSI: -91 [da:16:be:73:12:da]
RSSI: -91 [da:19:c7:8e:07:ee]
RSSI: -89 [da:16:be:80:12:fa]
RSSI: -89 [da:19:c7:a9:08:3e]
RSSI: -88 [da:19:c7:a9:08:3e]
RSSI: -87 [da:19:c7:b7:08:5e]
RSSI: -86 [da:19:c7:b7:08:5e]
RSSI: -85 [da:19:c7:c5:08:8e]
RSSI: -94 [da:14:da:c4:05:eb]
RSSI: -85 [da:19:c7:e0:08:de]
RSSI: -83 [da:19:c7:ee:08:fe]
RSSI: -84 [da:19:c7:ee:08:fe]
RSSI: -86 [da:19:c7:fa:09:2e]
RSSI: -85 [da:19:c7:fa:09:2e]
RSSI: -91 [da:16:be:e9:14:2a]
RSSI: -86 [da:19:c8:09:09:4e]
RSSI: -87 [da:16:be:f6:14:4a]
RSSI: -88 [da:19:c8:09:09:4e]
RSSI: -88 [da:16:be:f6:14:4a]
RSSI: -86 [da:19:c8:17:09:7e]
RSSI: -89 [da:16:bf:04:14:7a]
RSSI: -90 [da:16:bf:11:14:9a]
RSSI: -87 [da:19:c8:32:09:ce]
RSSI: -87 [da:1c:63:73:11:bc]
RSSI: -85 [da:19:c8:4c:0a:0e]
RSSI: -82 [da:19:c8:4c:0a:0e]
RSSI: -88 [da:16:bf:38:15:0a]
RSSI: -84 [da:19:c8:5a:0a:3e]
RSSI: -88 [da:16:bf:45:15:3a]
RSSI: -82 [da:19:c8:5a:0a:3e]
RSSI: -88 [da:16:bf:45:15:3a]
RSSI: -82 [da:19:c8:68:0a:6e]
RSSI: -88 [da:1c:63:9e:12:3c]
RSSI: -85 [da:19:c8:68:0a:6e]
RSSI: -88 [da:16:bf:53:15:5a]
RSSI: -88 [da:1c:63:9e:12:3c]
RSSI: -89 [da:1c:63:ae:12:6c]
RSSI: -85 [da:19:c8:83:0a:be]
RSSI: -85 [da:19:c8:9e:0b:0e]
RSSI: -88 [da:16:bf:88:15:ea]
RSSI: -83 [da:19:c8:ac:0b:2e]
RSSI: -82 [da:19:c8:ac:0b:2e]
RSSI: -82 [da:19:c8:ba:0b:5e]
RSSI: -86 [da:16:bf:a2:16:3a]
RSSI: -82 [da:19:c8:ba:0b:5e]
RSSI: -80 [da:19:c8:c7:0b:7e]
RSSI: -92 [da:16:bf:bc:00:2a]
RSSI: -78 [da:19:c8:d5:0b:ae]
RSSI: -88 [da:16:bf:bc:00:2a]
RSSI: -79 [da:19:c8:d5:0b:ae]
RSSI: -79 [da:19:c8:e3:0b:ce]
RSSI: -77 [da:19:c8:e3:0b:ce]
RSSI: -89 [da:16:bf:d7:00:6a]
RSSI: -88 [da:1c:64:21:13:dc]
RSSI: -78 [da:19:c8:f0:0b:fe]
RSSI: -86 [da:1c:64:21:13:dc]
RSSI: -78 [da:19:c8:f0:0b:fe]
RSSI: -88 [da:16:bf:e3:00:9a]
RSSI: -77 [da:19:c8:fe:0c:1e]
RSSI: -85 [da:1c:64:41:14:3c]
RSSI: -77 [da:19:c9:0c:0c:4e]
RSSI: -83 [da:1c:64:41:14:3c]
RSSI: -78 [da:19:c9:19:0c:6e]
RSSI: -76 [da:19:c9:19:0c:6e]
RSSI: -77 [da:19:c9:27:0c:9e]
RSSI: -78 [da:19:c9:27:0c:9e]
RSSI: -89 [da:16:c0:19:01:2a]
RSSI: -77 [da:19:c9:35:0c:be]
RSSI: -83 [da:1c:64:6c:14:cc]
RSSI: -77 [da:19:c9:35:0c:be]
RSSI: -83 [da:1c:64:6c:14:cc]
RSSI: -79 [da:19:c9:42:0c:ee]
RSSI: -92 [da:16:c0:33:01:7a]
RSSI: -77 [da:19:c9:42:0c:ee]
RSSI: -86 [da:1c:64:79:14:fc]
RSSI: -80 [da:19:c9:50:0d:0e]
RSSI: -78 [da:19:c9:5e:0d:3e]
RSSI: -79 [da:19:c9:5e:0d:3e]
RSSI: -89 [da:16:c0:4e:01:ca]
RSSI: -78 [da:19:c9:6b:0d:5e]
RSSI: -79 [da:19:c9:79:0d:8e]
RSSI: -79 [da:19:c9:79:0d:8e]
RSSI: -79 [da:19:c9:79:0d:8e]
RSSI: -82 [da:1c:64:b4:15:ac]
RSSI: -84 [da:1c:64:b4:15:ac]
RSSI: -81 [da:19:c9:87:0d:ae]
RSSI: -90 [da:16:c0:82:02:5a]
RSSI: -80 [da:19:c9:94:0d:ce]
RSSI: -78 [da:19:c9:a2:0d:fe]
RSSI: -81 [da:19:c9:a2:0d:fe]
RSSI: -81 [da:19:c9:a2:0d:fe]
RSSI: -91 [da:16:c0:90:02:7a]
RSSI: -81 [da:19:c9:b0:0e:1e]
RSSI: -80 [da:19:c9:b0:0e:1e]
RSSI: -87 [da:16:c0:9d:02:aa]
RSSI: -82 [da:19:c9:bd:0e:4e]
RSSI: -84 [da:19:c9:cb:0e:6e]
RSSI: -86 [da:1c:64:fc:00:2c]
RSSI: -91 [da:16:c0:b7:02:ea]
RSSI: -84 [da:19:c9:cb:0e:6e]
RSSI: -83 [da:19:c9:d9:0e:9e]
RSSI: -89 [da:1c:65:0c:00:5c]
RSSI: -88 [da:16:c0:c5:03:1a]
RSSI: -88 [da:16:c0:d1:03:3a]
RSSI: -86 [da:16:c0:d1:03:3a]
RSSI: -87 [da:19:c9:f4:0e:ee]
RSSI: -85 [da:16:c0:df:03:5a]
RSSI: -86 [da:19:c9:f4:0e:ee]
RSSI: -87 [da:16:c0:df:03:5a]
RSSI: -90 [da:19:c9:f4:0e:ee]
RSSI: -87 [da:19:ca:02:0f:0e]
RSSI: -87 [da:16:c0:ed:03:7a]
RSSI: -86 [da:19:ca:02:0f:0e]
RSSI: -86 [da:16:c0:ed:03:7a]
RSSI: -89 [da:19:ca:0f:0f:3e]
RSSI: -84 [da:16:c1:07:03:ca]
RSSI: -86 [da:19:ca:1d:0f:5e]
RSSI: -88 [da:19:ca:1d:0f:5e]
RSSI: -82 [da:16:c1:14:03:fa]
RSSI: -85 [da:16:c1:21:04:1a]
RSSI: -82 [da:19:ca:38:0f:ae]
RSSI: -81 [da:16:c1:2f:04:3a]
RSSI: -84 [da:19:ca:46:0f:de]
RSSI: -79 [da:16:c1:3c:04:6a]
RSSI: -86 [da:19:ca:61:10:2e]
RSSI: -87 [da:19:ca:61:10:2e]
RSSI: -80 [da:16:c1:56:04:aa]
RSSI: -86 [da:19:ca:6f:10:4e]
RSSI: -86 [da:19:ca:6f:10:4e]
RSSI: -77 [da:16:c1:64:04:da]
RSSI: -79 [da:16:c1:64:04:da]
RSSI: -80 [da:16:c1:70:04:fa]
RSSI: -77 [da:16:c1:70:04:fa]
RSSI: -78 [da:16:c1:7e:05:2a]
RSSI: -89 [da:1c:65:cb:02:bc]
RSSI: -80 [da:16:c1:7e:05:2a]
RSSI: -89 [da:1c:65:cb:02:bc]
RSSI: -77 [da:16:c1:8c:05:4a]
RSSI: -87 [da:19:ca:a6:10:ee]
RSSI: -78 [da:16:c1:8c:05:4a]
RSSI: -80 [da:16:c1:98:05:6a]
RSSI: -91 [da:19:ca:b3:11:0e]
RSSI: -88 [da:1c:65:e7:03:1c]
RSSI: -89 [da:19:ca:b3:11:0e]
RSSI: -78 [da:16:c1:a6:05:9a]
RSSI: -81 [da:16:c1:a6:05:9a]
RSSI: -78 [da:16:c1:b3:05:ba]
RSSI: -79 [da:16:c1:b3:05:ba]
RSSI: -78 [da:16:c1:c0:05:ea]
RSSI: -91 [da:1c:66:13:03:9c]
RSSI: -83 [da:16:c1:ce:06:0a]
RSSI: -79 [da:16:c1:db:06:2a]
RSSI: -80 [da:16:c1:db:06:2a]
RSSI: -80 [da:16:c1:e8:06:4a]
RSSI: -86 [da:16:c1:f5:06:7a]
RSSI: -84 [da:16:c2:03:06:9a]
RSSI: -82 [da:16:c2:10:06:ca]
RSSI: -85 [da:16:c2:10:06:ca]
RSSI: -88 [da:16:c2:1d:06:ea]
RSSI: -85 [da:16:c2:1d:06:ea]
RSSI: -90 [da:16:c2:2b:07:1a]
RSSI: -91 [da:16:c2:37:07:3a]
RSSI: -91 [da:16:c2:45:07:5a]
RSSI: -93 [da:16:c2:53:07:8a]
RSSI: -90 [da:16:c2:6d:07:ca]
RSSI: -90 [da:19:cb:81:13:6e]
RSSI: -89 [da:19:cb:9d:13:be]
RSSI: -89 [da:16:c2:87:08:1a]
RSSI: -87 [da:1c:66:fe:06:8c]
RSSI: -92 [da:1c:66:fe:06:8c]
RSSI: -91 [da:16:c2:bd:08:ba]
RSSI: -91 [da:16:c2:d7:08:fa]
RSSI: -88 [da:19:cb:f0:14:ae]
RSSI: -91 [da:16:c2:d7:08:fa]
RSSI: -86 [da:19:cb:f0:14:ae]
RSSI: -90 [da:16:c2:e5:09:1a]
RSSI: -86 [da:19:cb:fc:14:ce]
RSSI: -89 [da:16:c2:e5:09:1a]
RSSI: -87 [da:19:cb:fc:14:ce]
RSSI: -87 [da:19:cc:0b:14:ee]
RSSI: -89 [da:1c:67:46:07:6c]
RSSI: -87 [da:19:cc:19:15:1e]
RSSI: -90 [da:19:cc:26:15:3e]
RSSI: -91 [da:1c:67:63:07:cc]
RSSI: -88 [da:19:cc:34:15:6e]
RSSI: -88 [da:19:cc:34:15:6e]
RSSI: -90 [da:16:c3:27:09:da]
RSSI: -85 [da:19:cc:42:15:8e]
RSSI: -91 [da:16:c3:35:0a:0a]
RSSI: -90 [da:16:c3:35:0a:0a]
RSSI: -84 [da:19:cc:4f:15:be]
RSSI: -87 [da:19:cc:5d:15:de]
RSSI: -90 [da:16:c3:4f:0a:4a]
RSSI: -89 [da:19:cc:6b:16:0e]
RSSI: -90 [da:16:c3:5d:0a:7a]
RSSI: -93 [da:1c:67:ae:08:bc]
RSSI: -90 [da:16:c3:6a:0a:9a]
RSSI: -89 [da:1c:67:bb:08:dc]
RSSI: -92 [da:19:cc:86:16:5e]
RSSI: -90 [da:16:c3:85:0a:ea]
RSSI: -89 [da:1c:67:ca:09:1c]
RSSI: -89 [da:1c:67:e7:09:6c]
RSSI: -91 [da:16:c3:ad:0b:5a]
RSSI: -91 [da:16:c3:ba:0b:7a]
RSSI: -86 [da:1c:68:06:09:dc]
RSSI: -92 [da:19:cc:d9:00:ee]
RSSI: -92 [da:16:c3:c7:0b:aa]
RSSI: -88 [da:16:c3:d5:0b:ca]
RSSI: -89 [da:16:c3:e2:0b:fa]
RSSI: -87 [da:1c:68:32:0a:6c]
RSSI: -89 [da:16:c3:ef:0c:1a]
RSSI: -88 [da:16:c3:fd:0c:3a]
RSSI: -87 [da:16:c4:0a:0c:6a]
RSSI: -88 [da:16:c4:17:0c:8a]
RSSI: -89 [da:16:c4:17:0c:8a]
RSSI: -88 [da:16:c4:25:0c:aa]
RSSI: -89 [da:16:c4:32:0c:da]
RSSI: -87 [da:16:c4:4d:0d:2a]
RSSI: -96 [da:14:e0:5b:00:0b]
RSSI: -91 [da:1c:68:97:0b:ac]
RSSI: -89 [da:1c:68:97:0b:ac]
RSSI: -87 [da:16:c4:5a:0d:4a]
RSSI: -89 [da:16:c4:67:0d:6a]
RSSI: -93 [da:14:e0:84:00:7b]
RSSI: -93 [da:16:c4:8f:0d:ea]
RSSI: -90 [da:19:cd:b6:03:6e]
RSSI: -87 [da:14:e0:ad:00:fb]
RSSI: -89 [da:14:e0:bb:01:1b]
RSSI: -89 [da:14:e0:bb:01:1b]
RSSI: -89 [da:19:cd:e0:03:de]
RSSI: -96 [da:1c:69:0f:0d:2c]
RSSI: -89 [da:19:cd:ec:03:fe]
RSSI: -89 [da:19:cd:fb:04:2e]
RSSI: -96 [da:1c:69:2b:0d:8c]
RSSI: -92 [da:1c:69:2b:0d:8c]
RSSI: -91 [da:19:cd:fb:04:2e]
RSSI: -88 [da:1c:69:3b:0d:bc]
RSSI: -89 [da:19:ce:09:04:5e]
RSSI: -88 [da:14:e0:ff:01:eb]
RSSI: -93 [da:1c:69:47:0d:dc]
RSSI: -86 [da:14:e1:0d:02:0b]
RSSI: -90 [da:1c:69:57:0e:0c]
RSSI: -89 [da:14:e1:1b:02:3b]
RSSI: -86 [da:1c:69:67:0e:3c]
RSSI: -89 [da:1c:69:74:0e:6c]
RSSI: -87 [da:14:e1:36:02:8b]
RSSI: -92 [da:19:ce:4e:05:1e]
RSSI: -97 [da:16:c5:3d:0f:da]
RSSI: -92 [da:14:e1:51:02:db]
RSSI: -96 [da:19:ce:69:05:6e]
RSSI: -94 [da:14:e1:6d:03:2b]
RSSI: -95 [da:19:ce:92:05:de]
RSSI: -91 [da:19:ce:bc:06:5e]
RSSI: -94 [da:19:ce:ca:06:7e]
RSSI: -88 [da:1c:6a:35:10:dc]
RSSI: -90 [da:1c:6a:44:11:0c]
RSSI: -93 [da:19:cf:1d:07:7e]
RSSI: -89 [da:1c:6a:61:11:5c]
RSSI: -88 [da:1c:6a:71:11:9c]
RSSI: -90 [da:16:c6:2f:12:8a]
RSSI: -87 [da:1c:6a:8d:11:ec]
RSSI: -90 [da:19:cf:55:08:1e]
RSSI: -86 [da:1c:6a:8d:11:ec]
RSSI: -87 [da:1c:6a:8d:11:ec]
RSSI: -86 [da:1c:6a:9d:12:1c]
RSSI: -88 [da:1c:6a:9d:12:1c]
RSSI: -87 [da:19:cf:70:08:6e]
RSSI: -88 [da:16:c6:57:12:fa]
RSSI: -91 [da:19:cf:70:08:6e]
RSSI: -91 [da:1c:6a:b9:12:7c]
RSSI: -89 [da:16:c6:72:13:4a]
RSSI: -89 [da:16:c6:80:13:6a]
RSSI: -92 [da:16:c6:8d:13:9a]
RSSI: -91 [da:16:c6:8d:13:9a]
RSSI: -89 [da:19:cf:a8:09:0e]
RSSI: -86 [da:19:cf:b5:09:2e]
RSSI: -86 [da:19:cf:b5:09:2e]
RSSI: -84 [da:1c:6a:f5:13:3c]
RSSI: -85 [da:1c:6a:f5:13:3c]
RSSI: -85 [da:1c:6a:f5:13:3c]
RSSI: -87 [da:19:cf:c3:09:5e]
RSSI: -92 [da:16:c6:b6:14:0a]
RSSI: -81 [da:1c:6b:02:13:6c]
RSSI: -86 [da:19:cf:df:09:ae]
RSSI: -80 [da:1c:6b:12:13:9c]
RSSI: -88 [da:19:cf:df:09:ae]
RSSI: -78 [da:1c:6b:12:13:9c]
RSSI: -81 [da:1c:6b:22:13:cc]
RSSI: -85 [da:19:cf:ed:09:ce]
RSSI: -79 [da:1c:6b:22:13:cc]
RSSI: -84 [da:19:cf:ed:09:ce]
RSSI: -87 [da:16:c6:de:14:7a]
RSSI: -77 [da:1c:6b:2e:13:ec]
RSSI: -86 [da:16:c6:eb:14:9a]
RSSI: -81 [da:1c:6b:2e:13:ec]
RSSI: -83 [da:19:d0:08:0a:1e]
RSSI: -83 [da:19:d0:08:0a:1e]
RSSI: -88 [da:16:c6:f9:14:ca]
RSSI: -76 [da:1c:6b:3e:14:1c]
RSSI: -78 [da:1c:6b:4e:14:5c]
RSSI: -82 [da:19:d0:17:0a:4e]
RSSI: -87 [da:16:c7:06:14:ea]
RSSI: -77 [da:1c:6b:4e:14:5c]
RSSI: -82 [da:19:d0:25:0a:7e]
RSSI: -78 [da:1c:6b:5b:14:7c]
RSSI: -83 [da:19:d0:32:0a:9e]
RSSI: -80 [da:1c:6b:6b:14:ac]
RSSI: -88 [da:16:c7:21:15:3a]
RSSI: -80 [da:1c:6b:6b:14:ac]
RSSI: -84 [da:19:d0:40:0a:ce]
RSSI: -85 [da:16:c7:2f:15:5a]
RSSI: -81 [da:1c:6b:7b:14:dc]
RSSI: -83 [da:19:d0:40:0a:ce]
RSSI: -87 [da:16:c7:2f:15:5a]
RSSI: -86 [da:19:d0:4f:0a:fe]
RSSI: -85 [da:16:c7:3b:15:7a]
RSSI: -85 [da:16:c7:3b:15:7a]
RSSI: -81 [da:1c:6b:87:15:0c]
RSSI: -83 [da:19:d0:5b:0b:1e]
RSSI: -86 [da:16:c7:49:15:aa]
RSSI: -85 [da:19:d0:5b:0b:1e]
RSSI: -86 [da:16:c7:49:15:aa]
RSSI: -79 [da:1c:6b:97:15:3c]
RSSI: -87 [da:16:c7:57:15:ca]
RSSI: -82 [da:19:d0:6a:0b:4e]
RSSI: -83 [da:1c:6b:a7:15:6c]
RSSI: -78 [da:19:d0:79:0b:6e]
RSSI: -78 [da:1c:6b:b4:15:8c]
RSSI: -83 [da:1c:6b:b4:15:8c]
RSSI: -88 [da:16:c7:72:16:1a]
RSSI: -76 [da:19:d0:85:0b:8e]
RSSI: -75 [da:19:d0:94:0b:be]
RSSI: -74 [da:19:d0:94:0b:be]
RSSI: -87 [da:16:c7:80:00:2a]
RSSI: -86 [da:16:c7:8c:00:4a]
RSSI: -73 [da:19:d0:a2:0b:ee]
RSSI: -88 [da:16:c7:8c:00:4a]
RSSI: -73 [da:19:d0:a2:0b:ee]
RSSI: -72 [da:19:d0:af:0c:0e]
RSSI: -87 [da:16:c7:9a:00:7a]
RSSI: -87 [da:16:c7:a8:00:9a]
RSSI: -70 [da:19:d0:bd:0c:2e]
RSSI: -87 [da:16:c7:a8:00:9a]
RSSI: -71 [da:19:d0:cc:0c:5e]
RSSI: -71 [da:19:d0:cc:0c:5e]
RSSI: -85 [da:1c:6c:0c:00:0c]
RSSI: -91 [da:16:c7:c3:00:ea]
RSSI: -70 [da:19:d0:d9:0c:7e]
RSSI: -86 [da:1c:6c:0c:00:0c]
RSSI: -70 [da:19:d0:d9:0c:7e]
RSSI: -82 [da:1c:6c:0c:00:0c]
RSSI: -69 [da:19:d0:e7:0c:ae]
RSSI: -88 [da:16:c7:d0:01:1a]
RSSI: -70 [da:19:d0:e7:0c:ae]
RSSI: -70 [da:19:d0:f6:0c:de]
RSSI: -69 [da:19:d0:f6:0c:de]
RSSI: -88 [da:1c:6c:2c:00:6c]
RSSI: -70 [da:19:d1:02:0c:fe]
RSSI: -85 [da:1c:6c:39:00:8c]
RSSI: -70 [da:19:d1:02:0c:fe]
RSSI: -89 [da:16:c7:f9:01:8a]
RSSI: -70 [da:19:d1:11:0d:1e]
RSSI: -69 [da:19:d1:1f:0d:4e]
RSSI: -71 [da:19:d1:2c:0d:6e]
RSSI: -70 [da:19:d1:3b:0d:9e]
RSSI: -71 [da:19:d1:3b:0d:9e]
RSSI: -71 [da:19:d1:3b:0d:9e]
RSSI: -89 [da:16:c8:2e:02:1a]
RSSI: -69 [da:19:d1:49:0d:ce]
RSSI: -72 [da:19:d1:49:0d:ce]
RSSI: -71 [da:19:d1:56:0d:ee]
RSSI: -70 [da:19:d1:56:0d:ee]
RSSI: -70 [da:19:d1:56:0d:ee]
RSSI: -88 [da:1c:6c:92:01:ac]
RSSI: -72 [da:19:d1:64:0e:1e]
RSSI: -89 [da:1c:6c:92:01:ac]
RSSI: -75 [da:19:d1:73:0e:3e]
RSSI: -87 [da:16:c8:64:02:ba]
RSSI: -76 [da:19:d1:80:0e:5e]
RSSI: -76 [da:19:d1:8e:0e:8e]
RSSI: -77 [da:19:d1:8e:0e:8e]
RSSI: -89 [da:16:c8:7f:03:0a]
RSSI: -78 [da:19:d1:9d:0e:be]
RSSI: -78 [da:19:d1:9d:0e:be]
RSSI: -85 [da:1c:6c:ce:02:6c]
RSSI: -86 [da:16:c8:8d:03:2a]
RSSI: -80 [da:19:d1:a9:0e:de]
RSSI: -87 [da:16:c8:9b:03:5a]
RSSI: -82 [da:19:d1:b8:0f:0e]
RSSI: -88 [da:1c:6c:eb:02:bc]
RSSI: -82 [da:19:d1:c7:0f:2e]
RSSI: -82 [da:19:d1:d3:0f:5e]
RSSI: -82 [da:19:d1:d3:0f:5e]
RSSI: -78 [da:19:d1:e2:0f:7e]
RSSI: -82 [da:19:d1:e2:0f:7e]
RSSI: -83 [da:16:c8:d0:03:ea]
RSSI: -82 [da:19:d1:e2:0f:7e]
RSSI: -90 [da:1c:6d:17:03:4c]
RSSI: -85 [da:16:c8:d0:03:ea]
RSSI: -82 [da:19:d1:f0:0f:ae]
RSSI: -78 [da:19:d1:f0:0f:ae]
RSSI: -87 [da:1c:6d:27:03:7c]
RSSI: -82 [da:16:c8:de:04:0a]
RSSI: -91 [da:1c:6d:27:03:7c]
RSSI: -83 [da:19:d1:fd:0f:ce]
RSSI: -81 [da:16:c8:ec:04:3a]
RSSI: -86 [da:1c:6d:37:03:bc]
RSSI: -83 [da:19:d1:fd:0f:ce]
RSSI: -81 [da:16:c8:ec:04:3a]
RSSI: -88 [da:1c:6d:37:03:bc]
RSSI: -79 [da:16:c8:f8:04:5a]
RSSI: -89 [da:1c:6d:44:03:dc]
RSSI: -82 [da:19:d2:1a:10:2e]
RSSI: -78 [da:16:c9:06:04:8a]
RSSI: -84 [da:19:d2:27:10:4e]
RSSI: -78 [da:16:c9:14:04:aa]
RSSI: -81 [da:19:d2:27:10:4e]
RSSI: -79 [da:16:c9:14:04:aa]
RSSI: -84 [da:19:d2:36:10:6e]
RSSI: -78 [da:16:c9:21:04:ca]
RSSI: -86 [da:19:d2:36:10:6e]
RSSI: -78 [da:16:c9:21:04:ca]
RSSI: -87 [da:1c:6d:70:04:6c]
RSSI: -82 [da:19:d2:51:10:be]
RSSI: -78 [da:16:c9:3d:05:1a]
RSSI: -87 [da:19:d2:6e:11:0e]
RSSI: -76 [da:16:c9:58:05:6a]
RSSI: -89 [da:19:d2:6e:11:0e]
RSSI: -77 [da:16:c9:58:05:6a]
RSSI: -79 [da:16:c9:66:05:9a]
RSSI: -78 [da:16:c9:66:05:9a]
RSSI: -78 [da:16:c9:72:05:ba]
RSSI: -81 [da:16:c9:72:05:ba]
RSSI: -90 [da:19:d2:89:11:5e]
RSSI: -92 [da:1c:6d:c9:05:8c]
RSSI: -79 [da:16:c9:8e:06:0a]
RSSI: -86 [da:1c:6d:d9:05:bc]
RSSI: -85 [da:1c:6d:e9:05:ec]
RSSI: -88 [da:19:d2:b3:11:de]
RSSI: -81 [da:16:c9:a9:06:4a]
RSSI: -82 [da:1c:6d:f6:06:0c]
RSSI: -80 [da:16:c9:b7:06:7a]
RSSI: -82 [da:16:c9:b7:06:7a]
RSSI: -82 [da:1c:6e:06:06:4c]
RSSI: -83 [da:16:c9:c3:06:9a]
RSSI: -85 [da:16:c9:d1:06:ca]
RSSI: -83 [da:16:c9:df:06:ea]
RSSI: -83 [da:16:c9:df:06:ea]
RSSI: -90 [da:19:d2:f8:12:9e]
RSSI: -86 [da:16:c9:df:06:ea]
RSSI: -86 [da:1c:6e:33:06:dc]
RSSI: -89 [da:19:d3:07:12:ce]
RSSI: -89 [da:19:d3:07:12:ce]
RSSI: -92 [da:19:d3:07:12:ce]
RSSI: -89 [da:16:ca:08:07:5a]
RSSI: -93 [da:19:d3:31:13:4e]
RSSI: -87 [da:1c:6e:6f:07:9c]
RSSI: -87 [da:19:d3:40:13:6e]
RSSI: -86 [da:1c:6e:7c:07:bc]
RSSI: -85 [da:19:d3:4c:13:9e]
RSSI: -89 [da:16:ca:3d:07:fa]
RSSI: -85 [da:19:d3:69:13:ee]
RSSI: -89 [da:16:ca:4b:08:1a]
RSSI: -87 [da:19:d3:69:13:ee]
RSSI: -87 [da:19:d3:69:13:ee]
RSSI: -86 [da:19:d3:76:14:0e]
RSSI: -89 [da:16:ca:66:08:6a]
RSSI: -90 [da:16:ca:66:08:6a]
RSSI: -88 [da:19:d3:85:14:2e]
RSSI: -89 [da:16:ca:74:08:8a]
RSSI: -86 [da:19:d3:93:14:5e]
RSSI: -83 [da:19:d3:a0:14:7e]
RSSI: -91 [da:16:ca:8f:08:da]
RSSI: -84 [da:19:d3:a0:14:7e]
RSSI: -82 [da:19:d3:af:14:ae]
RSSI: -88 [da:16:ca:9d:09:0a]
RSSI: -82 [da:19:d3:af:14:ae]
RSSI: -88 [da:16:ca:9d:09:0a]
RSSI: -82 [da:19:d3:bd:14:ce]
RSSI: -81 [da:19:d3:bd:14:ce]
RSSI: -82 [da:19:d3:ca:14:fe]
RSSI: -90 [da:16:ca:b7:09:5a]
RSSI: -82 [da:19:d3:ca:14:fe]
RSSI: -82 [da:19:d3:e7:15:4e]
RSSI: -84 [da:19:d3:f4:15:6e]
RSSI: -88 [da:16:ca:e0:09:ca]
RSSI: -81 [da:19:d3:f4:15:6e]
RSSI: -89 [da:16:ca:e0:09:ca]
RSSI: -86 [da:19:d4:03:15:9e]
RSSI: -84 [da:19:d4:03:15:9e]
RSSI: -84 [da:1c:6f:3f:0a:2c]
RSSI: -85 [da:19:d4:12:15:ce]
RSSI: -89 [da:16:cb:09:0a:3a]
RSSI: -82 [da:19:d4:1e:15:ee]
RSSI: -88 [da:16:cb:09:0a:3a]
RSSI: -89 [da:1c:6f:7b:0a:ec]
RSSI: -90 [da:16:cb:32:0a:ba]
RSSI: -89 [da:19:d4:66:00:5e]
RSSI: -90 [da:19:d4:72:00:7e]
RSSI: -89 [da:16:cb:70:0b:6a]
RSSI: -91 [da:19:d4:81:00:ae]
RSSI: -89 [da:16:cb:7e:0b:8a]
RSSI: -92 [da:19:d4:9c:00:ee]
RSSI: -91 [da:16:cb:8b:0b:ba]
RSSI: -95 [da:19:d4:ba:01:4e]
RSSI: -88 [da:16:cb:a7:0c:0a]
RSSI: -86 [da:1c:6f:f2:0c:6c]
RSSI: -84 [da:1c:6f:f2:0c:6c]
RSSI: -90 [da:19:d4:c6:01:6e]
RSSI: -87 [da:16:cb:c2:0c:5a]
RSSI: -86 [da:1c:70:0e:0c:cc]
RSSI: -86 [da:1c:70:0e:0c:cc]
RSSI: -87 [da:16:cb:d0:0c:7a]
RSSI: -87 [da:1c:70:1e:0c:fc]
RSSI: -88 [da:19:d4:f1:01:ee]
RSSI: -87 [da:1c:70:2f:0d:2c]
RSSI: -89 [da:16:cb:eb:0c:ca]
RSSI: -88 [da:16:cb:eb:0c:ca]
RSSI: -87 [da:1c:70:3b:0d:5c]
RSSI: -88 [da:16:cb:f9:0c:ea]
RSSI: -87 [da:16:cc:05:0d:1a]
RSSI: -90 [da:1c:70:4b:0d:8c]
RSSI: -87 [da:16:cc:05:0d:1a]
RSSI: -94 [da:19:d5:30:02:9e]
RSSI: -86 [da:16:cc:22:0d:6a]
RSSI: -91 [da:14:e8:39:00:cb]
RSSI: -91 [da:1c:70:78:0e:1c]
RSSI: -85 [da:16:cc:2e:0d:8a]
RSSI: -90 [da:14:e8:39:00:cb]
RSSI: -90 [da:1c:70:78:0e:1c]
RSSI: -90 [da:16:cc:3d:0d:aa]
RSSI: -89 [da:16:cc:3d:0d:aa]
RSSI: -91 [da:19:d5:5a:03:1e]
RSSI: -89 [da:16:cc:4b:0d:da]
RSSI: -89 [da:1c:70:95:0e:7c]
RSSI: -87 [da:16:cc:57:0d:fa]
RSSI: -87 [da:1c:70:a5:0e:ac]
RSSI: -90 [da:14:e8:62:01:4b]
RSSI: -89 [da:16:cc:57:0d:fa]
RSSI: -87 [da:1c:70:a5:0e:ac]
RSSI: -89 [da:14:e8:6f:01:6b]
RSSI: -86 [da:14:e8:7e:01:9b]
RSSI: -87 [da:14:e8:99:01:eb]
RSSI: -90 [da:1c:70:d2:0f:3c]
RSSI: -88 [da:14:e8:99:01:eb]
RSSI: -86 [da:14:e8:99:01:eb]
RSSI: -91 [da:19:d5:af:04:0e]
RSSI: -88 [da:14:e8:99:01:eb]
RSSI: -90 [da:14:e8:a7:02:1b]
RSSI: -90 [da:19:d5:be:04:3e]
RSSI: -87 [da:14:e8:b6:02:4b]
RSSI: -89 [da:14:e8:c3:02:6b]
RSSI: -91 [da:1c:71:0f:0f:fc]
RSSI: -91 [da:1c:71:2c:10:5c]
RSSI: -90 [da:14:e8:ec:02:eb]
RSSI: -88 [da:1c:71:3c:10:8c]
RSSI: -89 [da:1c:71:3c:10:8c]
RSSI: -95 [da:19:d6:49:05:ce]
RSSI: -88 [da:1c:71:7e:11:5c]
RSSI: -86 [da:1c:71:8e:11:8c]
RSSI: -86 [da:1c:71:9b:11:bc]
RSSI: -84 [da:1c:71:9b:11:bc]
RSSI: -86 [da:1c:71:ab:11:ec]
RSSI: -85 [da:1c:71:b8:12:0c]
RSSI: -89 [da:1c:71:c4:12:3c]
RSSI: -88 [da:1c:71:c4:12:3c]
RSSI: -95 [da:1c:71:de:12:8c]
RSSI: -88 [da:1c:71:f7:12:dc]
RSSI: -85 [da:1c:71:f7:12:dc]
RSSI: -83 [da:1c:72:04:12:fc]
RSSI: -84 [da:1c:72:04:12:fc]
RSSI: -82 [da:1c:72:10:13:2c]
RSSI: -82 [da:1c:72:10:13:2c]
RSSI: -82 [da:1c:72:1d:13:4c]
RSSI: -81 [da:1c:72:1d:13:4c]
RSSI: -81 [da:1c:72:2a:13:7c]
RSSI: -81 [da:1c:72:2a:13:7c]
RSSI: -92 [da:16:cd:f1:12:8a]
RSSI: -83 [da:1c:72:50:13:ec]
RSSI: -84 [da:19:d7:1c:08:3e]
RSSI: -86 [da:1c:72:50:13:ec]
RSSI: -84 [da:19:d7:1c:08:3e]
RSSI: -84 [da:1c:72:5c:14:1c]
RSSI: -84 [da:1c:72:5c:14:1c]
RSSI: -86 [da:19:d7:2b:08:5e]
RSSI: -83 [da:1c:72:5c:14:1c]
RSSI: -84 [da:19:d7:3a:08:8e]
RSSI: -85 [da:1c:72:69:14:3c]
RSSI: -85 [da:19:d7:3a:08:8e]
RSSI: -84 [da:1c:72:76:14:6c]
RSSI: -83 [da:19:d7:47:08:ae]
RSSI: -82 [da:1c:72:82:14:8c]
RSSI: -84 [da:19:d7:56:08:de]
RSSI: -82 [da:19:d7:56:08:de]
RSSI: -82 [da:1c:72:8f:14:bc]
RSSI: -82 [da:19:d7:64:08:fe]
RSSI: -81 [da:1c:72:9c:14:dc]
RSSI: -83 [da:19:d7:64:08:fe]
RSSI: -81 [da:1c:72:9c:14:dc]
RSSI: -87 [da:1c:72:9c:14:dc]
RSSI: -81 [da:19:d7:71:09:2e]
RSSI: -82 [da:1c:72:a9:15:0c]
RSSI: -81 [da:19:d7:71:09:2e]
RSSI: -83 [da:1c:72:a9:15:0c]
RSSI: -83 [da:19:d7:9b:09:9e]
RSSI: -86 [da:1c:72:cf:15:8c]
RSSI: -83 [da:19:d7:9b:09:9e]
RSSI: -82 [da:19:d7:aa:09:ce]
RSSI: -86 [da:1c:72:f5:15:fc]
RSSI: -81 [da:19:d7:c6:0a:1e]
RSSI: -92 [da:16:ce:b2:14:ba]
RSSI: -88 [da:16:ce:b2:14:ba]
RSSI: -85 [da:1c:73:02:16:2c]
RSSI: -86 [da:1c:73:0e:16:4c]
RSSI: -79 [da:19:d7:e4:0a:7e]
RSSI: -90 [da:16:ce:cd:15:0a]
RSSI: -80 [da:19:d7:e4:0a:7e]
RSSI: -86 [da:16:ce:db:15:2a]
RSSI: -81 [da:19:d7:f0:0a:9e]
RSSI: -85 [da:16:ce:db:15:2a]
RSSI: -88 [da:16:ce:e8:15:4a]
RSSI: -82 [da:19:d7:ff:0a:ce]
RSSI: -84 [da:19:d8:0e:0a:fe]
RSSI: -84 [da:19:d8:0e:0a:fe]
RSSI: -84 [da:19:d8:1b:0b:1e]
RSSI: -85 [da:16:cf:05:15:9a]
RSSI: -81 [da:19:d8:1b:0b:1e]
RSSI: -88 [da:16:cf:11:15:ca]
RSSI: -92 [da:1c:73:5b:00:cc]
RSSI: -81 [da:19:d8:2a:0b:4e]
RSSI: -87 [da:16:cf:20:15:ea]
RSSI: -80 [da:19:d8:39:0b:6e]
RSSI: -79 [da:19:d8:39:0b:6e]
RSSI: -87 [da:16:cf:2e:16:1a]
RSSI: -78 [da:19:d8:45:0b:9e]
RSSI: -78 [da:19:d8:45:0b:9e]
RSSI: -86 [da:1c:73:81:01:4c]
RSSI: -86 [da:16:cf:3a:16:3a]
RSSI: -75 [da:19:d8:54:0b:be]
RSSI: -76 [da:19:d8:54:0b:be]
RSSI: -75 [da:19:d8:63:0b:ee]
RSSI: -73 [da:19:d8:63:0b:ee]
RSSI: -86 [da:1c:73:9a:01:9c]
RSSI: -89 [da:16:cf:57:00:2a]
RSSI: -74 [da:19:d8:70:0c:0e]
RSSI: -91 [da:16:cf:57:00:2a]
RSSI: -88 [da:1c:73:a7:01:bc]
RSSI: -74 [da:19:d8:70:0c:0e]
RSSI: -89 [da:16:cf:64:00:4a]
RSSI: -73 [da:19:d8:7f:0c:3e]
RSSI: -89 [da:16:cf:72:00:7a]
RSSI: -89 [da:16:cf:80:00:9a]
RSSI: -73 [da:19:d8:9a:0c:8e]
RSSI: -89 [da:1c:73:cd:02:3c]
RSSI: -71 [da:19:d8:9a:0c:8e]
RSSI: -89 [da:16:cf:8d:00:ba]
RSSI: -72 [da:19:d8:a9:0c:be]
RSSI: -87 [da:1c:73:da:02:5c]
RSSI: -72 [da:19:d8:a9:0c:be]
RSSI: -89 [da:16:cf:9b:00:ea]
RSSI: -85 [da:1c:73:e7:02:8c]
RSSI: -72 [da:19:d8:b8:0c:ee]
RSSI: -71 [da:19:d8:c5:0d:0e]
RSSI: -88 [da:1c:74:00:02:dc]
RSSI: -84 [da:1c:74:00:02:dc]
RSSI: -72 [da:19:d8:d4:0d:3e]
RSSI: -71 [da:19:d8:d4:0d:3e]
RSSI: -87 [da:16:cf:c4:01:5a]
RSSI: -90 [da:16:cf:c4:01:5a]
RSSI: -72 [da:19:d8:e3:0d:6e]
RSSI: -86 [da:1c:74:1a:03:2c]
RSSI: -72 [da:19:d8:e3:0d:6e]
RSSI: -90 [da:16:cf:d3:01:8a]
RSSI: -73 [da:19:d8:ef:0d:8e]
RSSI: -91 [da:16:cf:df:01:aa]
RSSI: -87 [da:1c:74:27:03:4c]
RSSI: -83 [da:1c:74:27:03:4c]
RSSI: -91 [da:16:cf:df:01:aa]
RSSI: -70 [da:19:d8:fe:0d:be]
RSSI: -91 [da:16:cf:ee:01:ca]
RSSI: -72 [da:19:d9:0d:0d:de]
RSSI: -87 [da:16:cf:fc:01:fa]
RSSI: -73 [da:19:d9:1a:0e:0e]
RSSI: -88 [da:1c:74:4d:03:cc]
RSSI: -73 [da:19:d9:1a:0e:0e]
RSSI: -84 [da:1c:74:5a:03:ec]
RSSI: -74 [da:19:d9:29:0e:2e]
RSSI: -91 [da:16:d0:17:02:4a]
RSSI: -89 [da:1c:74:67:04:1c]
RSSI: -89 [da:16:d0:17:02:4a]
RSSI: -75 [da:19:d9:38:0e:5e]
RSSI: -76 [da:19:d9:38:0e:5e]
RSSI: -90 [da:16:d0:25:02:6a]
RSSI: -76 [da:19:d9:44:0e:7e]
RSSI: -89 [da:16:d0:32:02:8a]
RSSI: -86 [da:16:d0:32:02:8a]
RSSI: -77 [da:19:d9:53:0e:ae]
RSSI: -78 [da:19:d9:53:0e:ae]
RSSI: -81 [da:19:d9:62:0e:de]
RSSI: -90 [da:1c:74:9a:04:bc]
RSSI: -80 [da:19:d9:62:0e:de]
RSSI: -91 [da:1c:74:9a:04:bc]
RSSI: -80 [da:19:d9:6f:0e:fe]
RSSI: -86 [da:16:d0:5b:03:0a]
RSSI: -84 [da:19:d9:6f:0e:fe]
RSSI: -82 [da:19:d9:7e:0f:2e]
RSSI: -85 [da:16:d0:6a:03:2a]
RSSI: -88 [da:16:d0:78:03:5a]
RSSI: -83 [da:19:d9:8d:0f:4e]
RSSI: -86 [da:16:d0:78:03:5a]
RSSI: -83 [da:19:d9:99:0f:7e]
RSSI: -86 [da:1c:74:cd:05:5c]
RSSI: -83 [da:16:d0:85:03:7a]
RSSI: -83 [da:19:d9:99:0f:7e]
RSSI: -86 [da:16:d0:85:03:7a]
RSSI: -82 [da:19:d9:a8:0f:9e]
RSSI: -80 [da:19:d9:a8:0f:9e]
RSSI: -82 [da:16:d0:93:03:9a]
RSSI: -82 [da:19:d9:b7:0f:ce]
RSSI: -83 [da:16:d0:a1:03:ca]
RSSI: -82 [da:19:d9:b7:0f:ce]
RSSI: -82 [da:16:d0:a1:03:ca]
RSSI: -83 [da:1c:74:f3:05:cc]
RSSI: -85 [da:1c:75:00:05:fc]
RSSI: -81 [da:19:d9:d3:10:1e]
RSSI: -78 [da:16:d0:bd:04:1a]
RSSI: -80 [da:16:d0:bd:04:1a]
RSSI: -83 [da:19:d9:d3:10:1e]
RSSI: -89 [da:1c:75:0d:06:2c]
RSSI: -87 [da:19:d9:e2:10:4e]
RSSI: -78 [da:16:d0:cb:04:3a]
RSSI: -86 [da:19:d9:e2:10:4e]
RSSI: -83 [da:1c:75:1a:06:4c]
RSSI: -77 [da:16:d0:d7:04:5a]
RSSI: -85 [da:19:d9:ef:10:6e]
RSSI: -77 [da:16:d0:d7:04:5a]
RSSI: -76 [da:16:d0:d7:04:5a]
RSSI: -76 [da:16:d0:e6:04:8a]
RSSI: -86 [da:19:d9:fe:10:9e]
RSSI: -75 [da:16:d0:f4:04:aa]
RSSI: -85 [da:19:da:0d:10:ce]
RSSI: -87 [da:1c:75:40:06:cc]
RSSI: -75 [da:16:d1:01:04:da]
RSSI: -74 [da:16:d1:01:04:da]
RSSI: -74 [da:16:d1:01:04:da]
RSSI: -74 [da:16:d1:0f:04:fa]
RSSI: -74 [da:16:d1:0f:04:fa]
RSSI: -86 [da:1c:75:66:07:4c]
RSSI: -73 [da:16:d1:1e:05:2a]
RSSI: -73 [da:16:d1:2a:05:4a]
RSSI: -73 [da:16:d1:2a:05:4a]
RSSI: -74 [da:16:d1:39:05:7a]
RSSI: -73 [da:16:d1:39:05:7a]
RSSI: -73 [da:16:d1:47:05:9a]
RSSI: -73 [da:16:d1:47:05:9a]
RSSI: -92 [da:1c:75:9a:07:ec]
RSSI: -74 [da:16:d1:62:05:ea]
RSSI: -74 [da:16:d1:70:06:1a]
RSSI: -73 [da:16:d1:70:06:1a]
RSSI: -87 [da:1c:75:c0:08:5c]
RSSI: -75 [da:16:d1:7d:06:3a]
RSSI: -91 [da:1c:75:cd:08:8c]
RSSI: -75 [da:16:d1:7d:06:3a]
RSSI: -91 [da:1c:75:cd:08:8c]
RSSI: -75 [da:16:d1:8c:06:5a]
RSSI: -75 [da:16:d1:8c:06:5a]
RSSI: -89 [da:1c:75:da:08:bc]
RSSI: -75 [da:16:d1:9a:06:8a]
RSSI: -75 [da:16:d1:9a:06:8a]
RSSI: -76 [da:16:d1:9a:06:8a]
RSSI: -76 [da:16:d1:a7:06:aa]
RSSI: -79 [da:16:d1:b5:06:da]
RSSI: -79 [da:16:d1:c3:06:fa]
RSSI: -79 [da:16:d1:d0:07:2a]
RSSI: -82 [da:16:d1:d0:07:2a]
RSSI: -85 [da:16:d1:de:07:4a]
RSSI: -82 [da:16:d1:de:07:4a]
RSSI: -89 [da:19:da:fe:13:7e]
RSSI: -87 [da:16:d1:ed:07:7a]
RSSI: -89 [da:16:d1:ed:07:7a]
RSSI: -85 [da:16:d1:f9:07:9a]
RSSI: -90 [da:16:d1:f9:07:9a]
RSSI: -90 [da:16:d2:16:07:ea]
RSSI: -87 [da:19:db:37:14:1e]
RSSI: -92 [da:19:db:37:14:1e]
RSSI: -86 [da:16:d2:23:08:0a]
RSSI: -87 [da:1c:76:74:0a:ac]
RSSI: -85 [da:16:d2:31:08:3a]
RSSI: -86 [da:19:db:44:14:4e]
RSSI: -84 [da:16:d2:31:08:3a]
RSSI: -86 [da:16:d2:31:08:3a]
RSSI: -86 [da:16:d2:31:08:3a]
RSSI: -88 [da:16:d2:40:08:5a]
RSSI: -84 [da:16:d2:40:08:5a]
RSSI: -85 [da:19:db:62:14:9e]
RSSI: -84 [da:19:db:6f:14:be]
RSSI: -88 [da:16:d2:5b:08:aa]
RSSI: -84 [da:19:db:7e:14:ee]
RSSI: -84 [da:19:db:7e:14:ee]
RSSI: -86 [da:16:d2:76:08:fa]
RSSI: -87 [da:19:db:9a:15:3e]
RSSI: -88 [da:16:d2:84:09:2a]
RSSI: -87 [da:1c:76:da:0b:ec]
RSSI: -86 [da:19:db:a9:15:6e]
RSSI: -88 [da:19:db:a9:15:6e]
RSSI: -88 [da:16:d2:ae:09:9a]
RSSI: -84 [da:19:db:c4:15:be]
RSSI: -86 [da:1c:77:01:0c:6c]
RSSI: -90 [da:16:d2:bc:09:ba]
RSSI: -87 [da:19:db:d4:15:de]
RSSI: -86 [da:19:db:d4:15:de]
RSSI: -87 [da:1c:77:0e:0c:9c]
RSSI: -89 [da:16:d2:c9:09:ea]
RSSI: -87 [da:19:db:e3:16:0e]
RSSI: -87 [da:16:d2:d8:0a:0a]
RSSI: -88 [da:1c:77:28:0c:ec]
RSSI: -87 [da:16:d2:e6:0a:3a]
RSSI: -86 [da:1c:77:35:0d:0c]
RSSI: -87 [da:16:d2:f3:0a:5a]
RSSI: -94 [da:19:dc:0d:00:2e]
RSSI: -86 [da:1c:77:42:0d:3c]
RSSI: -86 [da:1c:77:4e:0d:5c]
RSSI: -87 [da:16:d3:01:0a:8a]
RSSI: -87 [da:1c:77:4e:0d:5c]
RSSI: -89 [da:1c:77:5b:0d:8c]
RSSI: -88 [da:16:d3:1c:0a:da]
RSSI: -94 [da:19:dc:38:00:ae]
RSSI: -89 [da:16:d3:2b:0a:fa]
RSSI: -88 [da:16:d3:39:0b:2a]
RSSI: -90 [da:1c:77:82:0e:0c]
RSSI: -84 [da:1c:77:8f:0e:2c]
RSSI: -89 [da:16:d3:46:0b:4a]
RSSI: -88 [da:1c:77:9b:0e:5c]
RSSI: -89 [da:16:d3:54:0b:6a]
RSSI: -85 [da:1c:77:9b:0e:5c]
RSSI: -88 [da:1c:77:b6:0e:ac]
RSSI: -88 [da:16:d3:6f:0b:ba]
RSSI: -88 [da:1c:77:c2:0e:dc]
RSSI: -87 [da:16:d3:7e:0b:ea]
RSSI: -90 [da:1c:77:cf:0e:fc]
RSSI: -90 [da:19:dc:9b:01:be]
RSSI: -92 [da:1c:77:dc:0f:2c]
RSSI: -87 [da:16:d3:8c:0c:1a]
RSSI: -89 [da:1c:77:dc:0f:2c]
RSSI: -89 [da:19:dc:aa:01:ee]
RSSI: -85 [da:16:d3:99:0c:3a]
RSSI: -85 [da:16:d3:a8:0c:5a]
RSSI: -86 [da:16:d3:b6:0c:8a]
RSSI: -89 [da:1c:78:03:0f:9c]
RSSI: -86 [da:16:d3:b6:0c:8a]
RSSI: -84 [da:1c:78:03:0f:9c]
RSSI: -85 [da:16:d3:c3:0c:aa]
RSSI: -87 [da:1c:78:10:0f:cc]
RSSI: -83 [da:1c:78:1d:0f:fc]
RSSI: -86 [da:16:d3:d1:0c:da]
RSSI: -87 [da:1c:78:1d:0f:fc]
RSSI: -92 [da:14:ef:de:01:2b]
RSSI: -86 [da:1c:78:36:10:4c]
RSSI: -82 [da:1c:78:36:10:4c]
RSSI: -86 [da:16:d3:ed:0d:2a]
RSSI: -80 [da:1c:78:43:10:6c]
RSSI: -88 [da:14:f0:09:01:ab]
RSSI: -81 [da:1c:78:50:10:9c]
RSSI: -78 [da:1c:78:50:10:9c]
RSSI: -85 [da:1c:78:5d:10:bc]
RSSI: -82 [da:1c:78:5d:10:bc]
RSSI: -87 [da:16:d4:16:0d:9a]
RSSI: -87 [da:14:f0:25:01:fb]
RSSI: -79 [da:1c:78:6a:10:ec]
RSSI: -85 [da:1c:78:6a:10:ec]
RSSI: -84 [da:1c:78:6a:10:ec]
RSSI: -88 [da:16:d4:25:0d:ca]
RSSI: -83 [da:1c:78:77:11:1c]
RSSI: -89 [da:14:f0:33:02:2b]
RSSI: -89 [da:16:d4:25:0d:ca]
RSSI: -80 [da:1c:78:77:11:1c]
RSSI: -90 [da:16:d4:33:0d:fa]
RSSI: -89 [da:19:dd:55:03:de]
RSSI: -90 [da:16:d4:40:0e:1a]
RSSI: -82 [da:1c:78:91:11:6c]
RSSI: -93 [da:16:d4:4f:0e:4a]
RSSI: -89 [da:19:dd:65:03:fe]
RSSI: -79 [da:1c:78:9e:11:8c]
RSSI: -87 [da:14:f0:5e:02:ab]
RSSI: -76 [da:1c:78:9e:11:8c]
RSSI: -81 [da:1c:78:aa:11:bc]
RSSI: -89 [da:19:dd:71:04:2e]
RSSI: -78 [da:1c:78:aa:11:bc]
RSSI: -90 [da:19:dd:80:04:4e]
RSSI: -82 [da:1c:78:b8:11:ec]
RSSI: -80 [da:1c:78:c5:12:0c]
RSSI: -78 [da:1c:78:c5:12:0c]
RSSI: -82 [da:1c:78:d1:12:3c]
RSSI: -85 [da:1c:78:de:12:5c]
RSSI: -85 [da:1c:78:eb:12:8c]
RSSI: -84 [da:1c:78:eb:12:8c]
RSSI: -80 [da:1c:78:f8:12:ac]
RSSI: -77 [da:1c:78:f8:12:ac]
RSSI: -76 [da:1c:79:05:12:dc]
RSSI: -73 [da:1c:79:12:13:0c]
RSSI: -73 [da:1c:79:1f:13:2c]
RSSI: -71 [da:1c:79:1f:13:2c]
RSSI: -71 [da:1c:79:1f:13:2c]
RSSI: -89 [da:19:dd:f2:05:9e]
RSSI: -71 [da:1c:79:2c:13:5c]
RSSI: -69 [da:1c:79:39:13:7c]
RSSI: -90 [da:19:de:01:05:ce]
RSSI: -68 [da:1c:79:46:13:ac]
RSSI: -91 [da:19:de:1d:06:1e]
RSSI: -69 [da:1c:79:53:13:cc]
RSSI: -67 [da:1c:79:60:13:fc]
RSSI: -89 [da:19:de:2c:06:4e]
RSSI: -66 [da:1c:79:6d:14:1c]
RSSI: -68 [da:1c:79:7a:14:4c]
RSSI: -89 [da:19:de:48:06:9e]
RSSI: -68 [da:1c:79:7a:14:4c]
RSSI: -66 [da:1c:79:7a:14:4c]
RSSI: -67 [da:1c:79:87:14:7c]
RSSI: -67 [da:1c:79:93:14:9c]
RSSI: -69 [da:1c:79:a1:14:cc]
RSSI: -69 [da:1c:79:a1:14:cc]
RSSI: -71 [da:1c:79:ae:14:ec]
RSSI: -72 [da:1c:79:c7:15:3c]
RSSI: -74 [da:1c:79:c7:15:3c]
RSSI: -74 [da:1c:79:d5:15:6c]
RSSI: -75 [da:1c:79:d5:15:6c]
RSSI: -76 [da:1c:79:d5:15:6c]
RSSI: -76 [da:1c:79:e1:15:8c]
RSSI: -95 [da:19:de:bd:07:ee]
RSSI: -86 [da:1c:79:ee:15:bc]
RSSI: -94 [da:19:de:bd:07:ee]
RSSI: -81 [da:1c:79:ee:15:bc]
RSSI: -86 [da:1c:79:fb:15:ec]
RSSI: -88 [da:1c:7a:08:16:0c]
RSSI: -87 [da:1c:7a:08:16:0c]
RSSI: -80 [da:1c:7a:08:16:0c]
RSSI: -81 [da:1c:7a:15:16:3c]
RSSI: -76 [da:1c:7a:22:16:5c]
RSSI: -76 [da:1c:7a:2f:00:0c]
RSSI: -80 [da:1c:7a:3c:00:2c]
RSSI: -81 [da:1c:7a:3c:00:2c]
RSSI: -78 [da:1c:7a:3c:00:2c]
RSSI: -78 [da:1c:7a:3c:00:2c]
RSSI: -81 [da:1c:7a:49:00:5c]
RSSI: -83 [da:1c:7a:49:00:5c]
RSSI: -90 [da:19:df:20:09:0e]
RSSI: -81 [da:1c:7a:56:00:7c]
RSSI: -86 [da:1c:7a:63:00:ac]
RSSI: -88 [da:19:df:2f:09:3e]
RSSI: -87 [da:19:df:3e:09:6e]
RSSI: -92 [da:16:d6:29:13:8a]
RSSI: -88 [da:19:df:3e:09:6e]
RSSI: -84 [da:1c:7a:7d:00:fc]
RSSI: -83 [da:1c:7a:7d:00:fc]
RSSI: -84 [da:1c:7a:8a:01:1c]
RSSI: -88 [da:19:df:5a:09:be]
RSSI: -81 [da:1c:7a:97:01:4c]
RSSI: -82 [da:1c:7a:97:01:4c]
RSSI: -85 [da:19:df:69:09:ee]
RSSI: -84 [da:1c:7a:97:01:4c]
RSSI: -85 [da:19:df:69:09:ee]
RSSI: -80 [da:1c:7a:a4:01:7c]
RSSI: -82 [da:1c:7a:a4:01:7c]
RSSI: -85 [da:19:df:76:0a:0e]
RSSI: -85 [da:1c:7a:b1:01:9c]
RSSI: -82 [da:1c:7a:b1:01:9c]
RSSI: -83 [da:19:df:85:0a:3e]
RSSI: -91 [da:16:d6:6f:14:4a]
RSSI: -83 [da:19:df:85:0a:3e]
RSSI: -87 [da:1c:7a:be:01:cc]
RSSI: -84 [da:19:df:94:0a:6e]
RSSI: -80 [da:1c:7a:cb:01:ec]
RSSI: -80 [da:1c:7a:cb:01:ec]
RSSI: -84 [da:19:df:a1:0a:8e]
RSSI: -89 [da:16:d6:8a:14:9a]
RSSI: -82 [da:1c:7a:d8:02:1c]
RSSI: -85 [da:16:d6:98:14:ca]
RSSI: -83 [da:1c:7a:e5:02:4c]
RSSI: -83 [da:19:df:b0:0a:be]
RSSI: -86 [da:16:d6:a7:14:ea]
RSSI: -84 [da:16:d6:a7:14:ea]
RSSI: -87 [da:16:d6:b4:15:1a]
RSSI: -81 [da:1c:7a:ff:02:9c]
RSSI: -80 [da:1c:7a:ff:02:9c]
RSSI: -85 [da:16:d6:c2:15:3a]
RSSI: -82 [da:19:df:dc:0b:2e]
RSSI: -83 [da:1c:7b:0c:02:bc]
RSSI: -86 [da:16:d6:c2:15:3a]
RSSI: -83 [da:19:df:dc:0b:2e]
RSSI: -79 [da:1c:7b:19:02:ec]
RSSI: -86 [da:16:d6:d1:15:6a]
RSSI: -79 [da:19:df:eb:0b:5e]
RSSI: -79 [da:19:df:eb:0b:5e]
RSSI: -85 [da:16:d6:ec:15:ba]
RSSI: -85 [da:1c:7b:33:03:3c]
RSSI: -78 [da:19:e0:07:0b:ae]
RSSI: -85 [da:16:d6:ec:15:ba]
RSSI: -77 [da:19:e0:07:0b:ae]
RSSI: -79 [da:1c:7b:40:03:6c]
RSSI: -85 [da:16:d6:fb:15:da]
RSSI: -83 [da:1c:7b:4d:03:8c]
RSSI: -76 [da:19:e0:16:0b:de]
RSSI: -86 [da:16:d7:08:16:0a]
RSSI: -85 [da:1c:7b:5a:03:bc]
RSSI: -74 [da:19:e0:23:0b:fe]
RSSI: -85 [da:1c:7b:5a:03:bc]
RSSI: -88 [da:16:d7:16:16:2a]
RSSI: -74 [da:19:e0:32:0c:2e]
RSSI: -74 [da:19:e0:32:0c:2e]
RSSI: -87 [da:16:d7:25:00:2a]
RSSI: -86 [da:16:d7:25:00:2a]
RSSI: -74 [da:19:e0:41:0c:5e]
RSSI: -87 [da:1c:7b:74:04:0c]
RSSI: -86 [da:16:d7:32:00:4a]
RSSI: -73 [da:19:e0:4e:0c:7e]
RSSI: -86 [da:1c:7b:81:04:2c]
RSSI: -87 [da:16:d7:32:00:4a]
RSSI: -73 [da:19:e0:4e:0c:7e]
RSSI: -89 [da:1c:7b:8e:04:5c]
RSSI: -73 [da:19:e0:5d:0c:ae]
RSSI: -86 [da:16:d7:4f:00:aa]
RSSI: -89 [da:1c:7b:9b:04:8c]
RSSI: -87 [da:16:d7:4f:00:aa]
RSSI: -88 [da:1c:7b:9b:04:8c]
RSSI: -89 [da:1c:7b:9b:04:8c]
RSSI: -72 [da:19:e0:6c:0c:de]
RSSI: -87 [da:16:d7:5c:00:ca]
RSSI: -87 [da:16:d7:5c:00:ca]
RSSI: -87 [da:1c:7b:a8:04:ac]
RSSI: -74 [da:19:e0:79:0c:fe]
RSSI: -73 [da:19:e0:88:0d:2e]
RSSI: -86 [da:1c:7b:c2:04:fc]
RSSI: -86 [da:16:d7:79:01:1a]
RSSI: -92 [da:1c:7b:c2:04:fc]
RSSI: -74 [da:19:e0:98:0d:5e]
RSSI: -88 [da:16:d7:86:01:3a]
RSSI: -88 [da:1c:7b:d0:05:2c]
RSSI: -73 [da:19:e0:a4:0d:7e]
RSSI: -87 [da:1c:7b:dc:05:4c]
RSSI: -74 [da:19:e0:b4:0d:ae]
RSSI: -87 [da:1c:7b:ea:05:7c]
RSSI: -74 [da:19:e0:b4:0d:ae]
RSSI: -84 [da:1c:7b:ea:05:7c]
RSSI: -76 [da:19:e0:c3:0d:de]
RSSI: -84 [da:1c:7b:f7:05:ac]
RSSI: -74 [da:19:e0:c3:0d:de]
RSSI: -83 [da:1c:7c:03:05:cc]
RSSI: -77 [da:19:e0:d0:0d:fe]
RSSI: -86 [da:1c:7c:03:05:cc]
RSSI: -90 [da:16:d7:be:01:da]
RSSI: -84 [da:1c:7c:11:05:fc]
RSSI: -76 [da:19:e0:df:0e:1e]
RSSI: -77 [da:19:e0:df:0e:1e]
RSSI: -78 [da:19:e0:df:0e:1e]
RSSI: -87 [da:1c:7c:1e:06:2c]
RSSI: -86 [da:1c:7c:1e:06:2c]
RSSI: -77 [da:19:e0:ee:0e:4e]
RSSI: -79 [da:19:e0:fb:0e:6e]
RSSI: -80 [da:19:e0:fb:0e:6e]
RSSI: -86 [da:1c:7c:38:06:7c]
RSSI: -86 [da:1c:7c:38:06:7c]
RSSI: -92 [da:16:d7:f7:02:7a]
RSSI: -84 [da:19:e1:1a:0e:ce]
RSSI: -85 [da:19:e1:26:0e:ee]
RSSI: -84 [da:19:e1:26:0e:ee]
RSSI: -87 [da:19:e1:26:0e:ee]
RSSI: -87 [da:1c:7c:5f:06:fc]
RSSI: -87 [da:19:e1:36:0f:1e]
RSSI: -90 [da:1c:7c:6c:07:1c]
RSSI: -86 [da:19:e1:36:0f:1e]
RSSI: -88 [da:1c:7c:6c:07:1c]
RSSI: -88 [da:19:e1:45:0f:4e]
RSSI: -85 [da:19:e1:51:0f:6e]
RSSI: -86 [da:19:e1:61:0f:9e]
RSSI: -84 [da:19:e1:61:0f:9e]
RSSI: -86 [da:19:e1:70:0f:ce]
RSSI: -85 [da:19:e1:70:0f:ce]
RSSI: -87 [da:19:e1:70:0f:ce]
RSSI: -86 [da:19:e1:7d:0f:ee]
RSSI: -86 [da:19:e1:8c:10:1e]
RSSI: -87 [da:19:e1:8c:10:1e]
RSSI: -90 [da:16:d8:82:04:0a]
RSSI: -87 [da:19:e1:9c:10:4e]
RSSI: -88 [da:19:e1:a8:10:6e]
RSSI: -87 [da:16:d8:91:04:3a]
RSSI: -87 [da:19:e1:a8:10:6e]
RSSI: -84 [da:16:d8:a0:04:5a]
RSSI: -89 [da:19:e1:b8:10:9e]
RSSI: -87 [da:19:e1:b8:10:9e]
RSSI: -87 [da:19:e1:c7:10:ce]
RSSI: -86 [da:16:d8:ac:04:7a]
RSSI: -83 [da:16:d8:d7:04:fa]
RSSI: -87 [da:16:d8:e5:05:1a]
RSSI: -84 [da:16:d8:e5:05:1a]
RSSI: -88 [da:16:d8:f4:05:4a]
RSSI: -89 [da:16:d9:01:05:6a]
RSSI: -95 [da:1c:7d:58:0a:0c]
RSSI: -90 [da:16:d9:15:05:aa]
RSSI: -90 [da:16:d9:15:05:aa]
RSSI: -87 [da:16:d9:25:05:ca]
RSSI: -86 [da:16:d9:32:05:fa]
RSSI: -87 [da:1c:7d:99:0a:dc]
RSSI: -89 [da:16:d9:5c:06:6a]
RSSI: -91 [da:16:d9:6b:06:9a]
RSSI: -87 [da:1c:7d:da:0b:ac]
RSSI: -86 [da:1c:7d:e8:0b:dc]
RSSI: -84 [da:1c:7e:01:0c:2c]
RSSI: -93 [da:16:d9:b0:07:5a]
RSSI: -84 [da:1c:7e:01:0c:2c]
RSSI: -84 [da:1c:7e:0f:0c:5c]
RSSI: -85 [da:1c:7e:1c:0c:8c]
RSSI: -89 [da:16:d9:ce:07:aa]
RSSI: -84 [da:1c:7e:29:0c:ac]
RSSI: -88 [da:1c:7e:29:0c:ac]
RSSI: -89 [da:1c:7e:3b:0c:ec]
RSSI: -90 [da:19:e3:22:14:be]
RSSI: -87 [da:1c:7e:58:0d:4c]
RSSI: -91 [da:19:e3:2f:14:de]
RSSI: -90 [da:19:e3:2f:14:de]
RSSI: -86 [da:1c:7e:66:0d:6c]
RSSI: -90 [da:19:e3:2f:14:de]
RSSI: -90 [da:19:e3:3f:15:0e]
RSSI: -87 [da:1c:7e:80:0d:bc]
RSSI: -87 [da:1c:7e:80:0d:bc]
RSSI: -93 [da:1c:7e:9a:0e:1c]
RSSI: -86 [da:19:e3:80:15:be]
RSSI: -88 [da:1c:7e:b5:0e:6c]
RSSI: -88 [da:19:e3:9c:16:0e]
RSSI: -91 [da:19:e3:ab:16:3e]
RSSI: -88 [da:16:da:93:09:da]
RSSI: -89 [da:1c:7e:dc:0e:ec]
RSSI: -91 [da:1c:7e:e9:0f:1c]
RSSI: -87 [da:1c:7e:e9:0f:1c]
RSSI: -91 [da:1c:7e:f6:0f:3c]
RSSI: -87 [da:16:da:ae:0a:2a]
RSSI: -94 [da:19:e3:c7:00:5e]
RSSI: -93 [da:19:e3:d7:00:7e]
RSSI: -87 [da:16:da:cc:0a:7a]
RSSI: -85 [da:1c:7f:11:0f:9c]
RSSI: -88 [da:16:da:cc:0a:7a]
RSSI: -86 [da:1c:7f:1d:0f:bc]
RSSI: -88 [da:16:da:d9:0a:aa]
RSSI: -86 [da:1c:7f:2b:0f:ec]
RSSI: -87 [da:16:da:e8:0a:ca]
RSSI: -82 [da:1c:7f:38:10:1c]
RSSI: -81 [da:1c:7f:38:10:1c]
RSSI: -86 [da:16:da:f7:0a:fa]
RSSI: -86 [da:1c:7f:45:10:3c]
RSSI: -84 [da:1c:7f:45:10:3c]
RSSI: -89 [da:16:db:03:0b:1a]
RSSI: -86 [da:1c:7f:52:10:6c]
RSSI: -88 [da:16:db:12:0b:4a]
RSSI: -81 [da:1c:7f:60:10:9c]
RSSI: -90 [da:16:db:12:0b:4a]
RSSI: -87 [da:16:db:21:0b:7a]
RSSI: -85 [da:1c:7f:6c:10:bc]
RSSI: -94 [da:14:f7:2d:00:2b]
RSSI: -85 [da:1c:7f:7a:10:ec]
RSSI: -89 [da:16:db:3c:0b:ca]
RSSI: -80 [da:1c:7f:87:11:0c]
RSSI: -89 [da:16:db:3c:0b:ca]
RSSI: -87 [da:16:db:3c:0b:ca]
RSSI: -90 [da:14:f7:59:00:ab]
RSSI: -86 [da:16:db:58:0c:1a]
RSSI: -81 [da:1c:7f:a1:11:6c]
RSSI: -79 [da:1c:7f:a1:11:6c]
RSSI: -82 [da:1c:7f:af:11:8c]
RSSI: -86 [da:16:db:67:0c:3a]
RSSI: -90 [da:14:f7:75:01:0b]
RSSI: -80 [da:1c:7f:bb:11:bc]
RSSI: -88 [da:14:f7:75:01:0b]
RSSI: -79 [da:1c:7f:bb:11:bc]
RSSI: -85 [da:1c:7f:c9:11:dc]
RSSI: -88 [da:14:f7:84:01:2b]
RSSI: -84 [da:1c:7f:c9:11:dc]
RSSI: -88 [da:14:f7:84:01:2b]
RSSI: -85 [da:16:db:82:0c:8a]
RSSI: -84 [da:1c:7f:c9:11:dc]
RSSI: -83 [da:1c:7f:d6:12:0c]
RSSI: -86 [da:14:f7:93:01:5b]
RSSI: -89 [da:14:f7:93:01:5b]
RSSI: -85 [da:16:db:91:0c:ba]
RSSI: -85 [da:16:db:91:0c:ba]
RSSI: -87 [da:14:f7:a0:01:7b]
RSSI: -86 [da:16:db:91:0c:ba]
RSSI: -88 [da:16:db:a0:0c:ea]
RSSI: -88 [da:14:f7:af:01:ab]
RSSI: -84 [da:1c:7f:fe:12:8c]
RSSI: -89 [da:14:f7:be:01:db]
RSSI: -83 [da:1c:7f:fe:12:8c]
RSSI: -87 [da:16:db:bc:0d:2a]
RSSI: -84 [da:1c:80:0a:12:ac]
RSSI: -86 [da:14:f7:cb:01:fb]
RSSI: -83 [da:1c:80:0a:12:ac]
RSSI: -86 [da:16:db:cb:0d:5a]
RSSI: -87 [da:14:f7:cb:01:fb]
RSSI: -81 [da:1c:80:18:12:dc]
RSSI: -87 [da:16:db:cb:0d:5a]
RSSI: -79 [da:1c:80:18:12:dc]
RSSI: -89 [da:16:db:d7:0d:7a]
RSSI: -87 [da:14:f7:da:02:2b]
RSSI: -79 [da:1c:80:25:12:fc]
RSSI: -90 [da:19:e4:f9:03:ce]
RSSI: -89 [da:16:db:e6:0d:aa]
RSSI: -78 [da:1c:80:32:13:2c]
RSSI: -88 [da:16:db:e6:0d:aa]
RSSI: -87 [da:14:f7:f6:02:7b]
RSSI: -89 [da:19:e5:08:03:fe]
RSSI: -87 [da:16:db:f5:0d:da]
RSSI: -90 [da:14:f7:f6:02:7b]
RSSI: -87 [da:16:db:f5:0d:da]
RSSI: -87 [da:14:f8:06:02:ab]
RSSI: -77 [da:1c:80:4d:13:7c]
RSSI: -77 [da:1c:80:4d:13:7c]
RSSI: -88 [da:16:dc:02:0d:fa]
RSSI: -89 [da:14:f8:15:02:db]
RSSI: -78 [da:1c:80:5a:13:ac]
RSSI: -89 [da:16:dc:11:0e:1a]
RSSI: -90 [da:14:f8:22:02:fb]
RSSI: -89 [da:16:dc:20:0e:4a]
RSSI: -89 [da:19:e5:34:04:7e]
RSSI: -76 [da:1c:80:67:13:cc]
RSSI: -76 [da:1c:80:75:13:fc]
RSSI: -91 [da:19:e5:41:04:9e]
RSSI: -76 [da:1c:80:75:13:fc]
RSSI: -76 [da:1c:80:81:14:2c]
RSSI: -76 [da:1c:80:81:14:2c]
RSSI: -92 [da:19:e5:50:04:ce]
RSSI: -75 [da:1c:80:8f:14:4c]
RSSI: -76 [da:1c:80:8f:14:4c]
RSSI: -76 [da:1c:80:9c:14:7c]
RSSI: -75 [da:1c:80:9c:14:7c]
RSSI: -77 [da:1c:80:a9:14:9c]
RSSI: -76 [da:1c:80:b6:14:cc]
RSSI: -76 [da:1c:80:b6:14:cc]
RSSI: -78 [da:1c:80:c4:14:fc]
RSSI: -76 [da:1c:80:c4:14:fc]
RSSI: -79 [da:1c:80:d0:15:1c]
RSSI: -78 [da:1c:80:de:15:4c]
RSSI: -90 [da:19:e5:a8:05:ce]
RSSI: -93 [da:19:e5:b7:05:fe]
RSSI: -81 [da:1c:80:ec:15:7c]
RSSI: -88 [da:1c:80:f8:15:9c]
RSSI: -94 [da:19:e5:e3:06:6e]
RSSI: -82 [da:1c:81:20:16:1c]
RSSI: -78 [da:1c:81:20:16:1c]
RSSI: -77 [da:1c:81:2d:16:4c]
RSSI: -77 [da:1c:81:2d:16:4c]
RSSI: -81 [da:1c:81:2d:16:4c]
RSSI: -77 [da:1c:81:3b:16:6c]
RSSI: -81 [da:1c:81:47:00:2c]
RSSI: -79 [da:1c:81:47:00:2c]
RSSI: -86 [da:1c:81:55:00:5c]
RSSI: -84 [da:1c:81:55:00:5c]
RSSI: -86 [da:1c:81:63:00:7c]
RSSI: -85 [da:1c:81:63:00:7c]
RSSI: -85 [da:1c:81:6f:00:ac]
RSSI: -88 [da:1c:81:6f:00:ac]
RSSI: -85 [da:1c:81:7d:00:dc]
RSSI: -84 [da:1c:81:7d:00:dc]
RSSI: -82 [da:1c:81:8a:00:fc]
RSSI: -81 [da:1c:81:8a:00:fc]
RSSI: -84 [da:1c:81:97:01:2c]
RSSI: -79 [da:1c:81:97:01:2c]
RSSI: -84 [da:1c:81:a5:01:5c]
RSSI: -80 [da:1c:81:b2:01:7c]
RSSI: -82 [da:1c:81:bf:01:ac]
RSSI: -81 [da:1c:81:bf:01:ac]
RSSI: -91 [da:19:e6:92:08:6e]
RSSI: -90 [da:19:e6:92:08:6e]
RSSI: -87 [da:1c:81:cc:01:cc]
RSSI: -87 [da:1c:81:cc:01:cc]
RSSI: -92 [da:19:e6:9f:08:9e]
RSSI: -80 [da:1c:81:da:01:fc]
RSSI: -92 [da:19:e6:af:08:be]
RSSI: -82 [da:1c:81:e7:02:2c]
RSSI: -81 [da:1c:81:f4:02:4c]
RSSI: -82 [da:1c:81:f4:02:4c]
RSSI: -80 [da:1c:82:02:02:7c]
RSSI: -89 [da:19:e6:cb:09:1e]
RSSI: -82 [da:1c:82:02:02:7c]
RSSI: -82 [da:1c:82:0e:02:ac]
RSSI: -87 [da:19:e6:da:09:3e]
RSSI: -80 [da:1c:82:0e:02:ac]
RSSI: -79 [da:1c:82:29:02:fc]
RSSI: -86 [da:1c:82:29:02:fc]
RSSI: -89 [da:19:e6:f7:09:9e]
RSSI: -81 [da:1c:82:36:03:1c]
RSSI: -80 [da:1c:82:36:03:1c]
RSSI: -88 [da:19:e7:06:09:be]
RSSI: -86 [da:1c:82:44:03:4c]
RSSI: -88 [da:19:e7:16:09:ee]
RSSI: -81 [da:1c:82:44:03:4c]
RSSI: -87 [da:19:e7:16:09:ee]
RSSI: -88 [da:1c:82:51:03:7c]
RSSI: -85 [da:19:e7:22:0a:0e]
RSSI: -85 [da:19:e7:22:0a:0e]
RSSI: -85 [da:1c:82:5e:03:9c]
RSSI: -83 [da:19:e7:32:0a:3e]
RSSI: -85 [da:19:e7:32:0a:3e]
RSSI: -83 [da:19:e7:42:0a:6e]
RSSI: -83 [da:19:e7:42:0a:6e]
RSSI: -84 [da:19:e7:4e:0a:8e]
RSSI: -91 [da:16:de:3b:14:4a]
RSSI: -85 [da:19:e7:5e:0a:be]
RSSI: -89 [da:1c:82:93:04:4c]
RSSI: -86 [da:19:e7:6e:0a:ee]
RSSI: -91 [da:1c:82:a1:04:6c]
RSSI: -85 [da:19:e7:6e:0a:ee]
RSSI: -88 [da:1c:82:a1:04:6c]
RSSI: -92 [da:1c:82:ad:04:9c]
RSSI: -85 [da:19:e7:7a:0b:0e]
RSSI: -91 [da:1c:82:ad:04:9c]
RSSI: -85 [da:19:e7:7a:0b:0e]
RSSI: -88 [da:1c:82:bb:04:bc]
RSSI: -87 [da:19:e7:8a:0b:3e]
RSSI: -90 [da:1c:82:c9:04:ec]
RSSI: -81 [da:19:e7:9a:0b:6e]
RSSI: -93 [da:16:de:81:15:0a]
RSSI: -89 [da:1c:82:c9:04:ec]
RSSI: -81 [da:19:e7:9a:0b:6e]
RSSI: -86 [da:1c:82:d5:05:1c]
RSSI: -79 [da:19:e7:a6:0b:8e]
RSSI: -79 [da:19:e7:a6:0b:8e]
RSSI: -91 [da:16:de:9f:15:5a]
RSSI: -84 [da:1c:82:e3:05:3c]
RSSI: -84 [da:1c:82:f1:05:6c]
RSSI: -76 [da:19:e7:c6:0b:ee]
RSSI: -75 [da:19:e7:c6:0b:ee]
RSSI: -74 [da:19:e7:d2:0c:0e]
RSSI: -85 [da:1c:83:0b:05:bc]
RSSI: -73 [da:19:e7:e2:0c:3e]
RSSI: -73 [da:19:e7:e2:0c:3e]
RSSI: -86 [da:1c:83:18:05:ec]
RSSI: -72 [da:19:e7:f1:0c:6e]
RSSI: -73 [da:19:e7:f1:0c:6e]
RSSI: -72 [da:19:e8:0e:0c:ce]
RSSI: -71 [da:19:e8:0e:0c:ce]
RSSI: -72 [da:19:e8:1d:0c:ee]
RSSI: -71 [da:19:e8:1d:0c:ee]
RSSI: -89 [da:1c:83:4d:06:8c]
RSSI: -71 [da:19:e8:1d:0c:ee]
RSSI: -88 [da:1c:83:5b:06:bc]
RSSI: -89 [da:16:df:11:00:4a]
RSSI: -90 [da:16:df:11:00:4a]
RSSI: -71 [da:19:e8:2a:0d:1e]
RSSI: -71 [da:19:e8:3a:0d:4e]
RSSI: -72 [da:19:e8:3a:0d:4e]
RSSI: -88 [da:16:df:2c:00:9a]
RSSI: -71 [da:19:e8:49:0d:6e]
RSSI: -71 [da:19:e8:49:0d:6e]
RSSI: -72 [da:19:e8:56:0d:9e]
RSSI: -71 [da:19:e8:56:0d:9e]
RSSI: -89 [da:16:df:4a:00:fa]
RSSI: -72 [da:19:e8:66:0d:be]
RSSI: -93 [da:16:df:57:01:1a]
RSSI: -88 [da:16:df:57:01:1a]
RSSI: -72 [da:19:e8:75:0d:ee]
RSSI: -89 [da:16:df:66:01:4a]
RSSI: -74 [da:19:e8:82:0e:0e]
RSSI: -74 [da:19:e8:82:0e:0e]
RSSI: -74 [da:19:e8:92:0e:3e]
RSSI: -90 [da:16:df:82:01:8a]
RSSI: -75 [da:19:e8:a2:0e:6e]
RSSI: -75 [da:19:e8:a2:0e:6e]
RSSI: -87 [da:16:df:91:01:ba]
RSSI: -78 [da:19:e8:ae:0e:8e]
RSSI: -80 [da:19:e8:be:0e:be]
RSSI: -81 [da:19:e8:ce:0e:ee]
RSSI: -87 [da:1c:84:08:08:ec]
RSSI: -82 [da:19:e8:da:0f:0e]
RSSI: -82 [da:19:e8:da:0f:0e]
RSSI: -83 [da:19:e8:da:0f:0e]
RSSI: -83 [da:19:e8:da:0f:0e]
RSSI: -87 [da:1c:84:15:09:0c]
RSSI: -84 [da:19:e8:ea:0f:3e]
RSSI: -86 [da:19:e8:fa:0f:6e]
RSSI: -90 [da:16:df:e7:02:aa]
RSSI: -83 [da:19:e9:06:0f:8e]
RSSI: -85 [da:19:e9:06:0f:8e]
RSSI: -88 [da:1c:84:3d:09:8c]
RSSI: -82 [da:19:e9:16:0f:be]
RSSI: -82 [da:19:e9:16:0f:be]
RSSI: -82 [da:19:e9:26:0f:ee]
RSSI: -83 [da:19:e9:32:10:0e]
RSSI: -88 [da:1c:84:65:0a:0c]
RSSI: -90 [da:16:e0:21:03:4a]
RSSI: -81 [da:19:e9:32:10:0e]
RSSI: -85 [da:1c:84:72:0a:3c]
RSSI: -84 [da:19:e9:42:10:3e]
RSSI: -91 [da:16:e0:2d:03:6a]
RSSI: -82 [da:19:e9:42:10:3e]
RSSI: -82 [da:19:e9:52:10:6e]
RSSI: -87 [da:19:e9:52:10:6e]
RSSI: -90 [da:16:e0:3d:03:9a]
RSSI: -84 [da:1c:84:8d:0a:9c]
RSSI: -84 [da:1c:84:8d:0a:9c]
RSSI: -82 [da:19:e9:5e:10:8e]
RSSI: -87 [da:19:e9:5e:10:8e]
RSSI: -83 [da:1c:84:9a:0a:bc]
RSSI: -83 [da:1c:84:a8:0a:ec]
RSSI: -85 [da:19:e9:7e:10:ee]
RSSI: -87 [da:16:e0:68:04:1a]
RSSI: -89 [da:1c:84:b5:0b:1c]
RSSI: -83 [da:19:e9:8b:11:0e]
RSSI: -82 [da:1c:84:c3:0b:3c]
RSSI: -80 [da:1c:84:c3:0b:3c]
RSSI: -83 [da:19:e9:9a:11:3e]
RSSI: -87 [da:16:e0:83:04:6a]
RSSI: -85 [da:19:e9:aa:11:6e]
RSSI: -85 [da:19:e9:aa:11:6e]
RSSI: -86 [da:16:e0:a2:04:ba]
RSSI: -81 [da:1c:84:eb:0b:bc]
RSSI: -86 [da:19:e9:b7:11:8e]
RSSI: -83 [da:16:e0:a2:04:ba]
RSSI: -86 [da:1c:84:f8:0b:ec]
RSSI: -85 [da:19:e9:c6:11:be]
RSSI: -81 [da:1c:84:f8:0b:ec]
RSSI: -85 [da:19:e9:c6:11:be]
RSSI: -82 [da:16:e0:cd:05:3a]
RSSI: -82 [da:1c:85:13:0c:3c]
RSSI: -86 [da:16:e0:cd:05:3a]
RSSI: -81 [da:1c:85:20:0c:6c]
RSSI: -87 [da:16:e0:d9:05:5a]
RSSI: -87 [da:19:e9:f3:12:3e]
RSSI: -83 [da:16:e0:d9:05:5a]
RSSI: -87 [da:19:e9:f3:12:3e]
RSSI: -82 [da:1c:85:2d:0c:9c]
RSSI: -81 [da:1c:85:2d:0c:9c]
RSSI: -86 [da:16:e0:e8:05:8a]
RSSI: -79 [da:1c:85:3b:0c:cc]
RSSI: -88 [da:16:e0:f7:05:aa]
RSSI: -81 [da:1c:85:3b:0c:cc]
RSSI: -88 [da:16:e0:f7:05:aa]
RSSI: -82 [da:1c:85:48:0c:ec]
RSSI: -86 [da:16:e1:04:05:da]
RSSI: -81 [da:1c:85:55:0d:1c]
RSSI: -87 [da:19:ea:1f:12:be]
RSSI: -87 [da:16:e1:04:05:da]
RSSI: -81 [da:1c:85:55:0d:1c]
RSSI: -82 [da:1c:85:55:0d:1c]
RSSI: -81 [da:1c:85:55:0d:1c]
RSSI: -90 [da:19:ea:2e:12:ee]
RSSI: -85 [da:16:e1:13:05:fa]
RSSI: -82 [da:1c:85:63:0d:4c]
RSSI: -87 [da:16:e1:22:06:2a]
RSSI: -82 [da:1c:85:63:0d:4c]
RSSI: -83 [da:1c:85:71:0d:6c]
RSSI: -90 [da:19:ea:3b:13:1e]
RSSI: -89 [da:16:e1:2f:06:4a]
RSSI: -83 [da:1c:85:7d:0d:9c]
RSSI: -86 [da:16:e1:2f:06:4a]
RSSI: -86 [da:1c:85:7d:0d:9c]
RSSI: -88 [da:16:e1:3e:06:7a]
RSSI: -85 [da:1c:85:8b:0d:cc]
RSSI: -87 [da:16:e1:3e:06:7a]
RSSI: -88 [da:1c:85:99:0d:ec]
RSSI: -91 [da:19:ea:67:13:9e]
RSSI: -86 [da:16:e1:5a:06:ca]
RSSI: -85 [da:1c:85:a5:0e:1c]
RSSI: -88 [da:16:e1:5a:06:ca]
RSSI: -89 [da:19:ea:77:13:ce]
RSSI: -84 [da:1c:85:b3:0e:4c]
RSSI: -87 [da:16:e1:69:06:fa]
RSSI: -87 [da:16:e1:69:06:fa]
RSSI: -87 [da:1c:85:c1:0e:6c]
RSSI: -86 [da:16:e1:78:07:1a]
RSSI: -87 [da:16:e1:85:07:4a]
RSSI: -86 [da:16:e1:85:07:4a]
RSSI: -86 [da:1c:85:db:0e:bc]
RSSI: -88 [da:1c:85:e9:0e:ec]
RSSI: -88 [da:16:e1:a4:07:9a]
RSSI: -88 [da:16:e1:b0:07:ba]
RSSI: -87 [da:1c:85:f6:0f:1c]
RSSI: -87 [da:1c:86:03:0f:3c]
RSSI: -88 [da:19:ea:d0:14:be]
RSSI: -87 [da:1c:86:03:0f:3c]
RSSI: -90 [da:19:ea:d0:14:be]
RSSI: -88 [da:16:e1:bf:07:ea]
RSSI: -85 [da:1c:86:11:0f:6c]
RSSI: -89 [da:16:e1:cf:08:1a]
RSSI: -83 [da:1c:86:2c:0f:cc]
RSSI: -96 [da:19:ea:fc:15:3e]
RSSI: -82 [da:1c:86:39:0f:ec]
RSSI: -80 [da:1c:86:46:10:1c]
RSSI: -91 [da:19:eb:18:15:8e]
RSSI: -82 [da:1c:86:62:10:6c]
RSSI: -91 [da:19:eb:28:15:be]
RSSI: -82 [da:1c:86:62:10:6c]
RSSI: -82 [da:1c:86:6e:10:9c]
RSSI: -82 [da:1c:86:6e:10:9c]
RSSI: -89 [da:19:eb:44:16:0e]
RSSI: -81 [da:1c:86:7c:10:cc]
RSSI: -81 [da:1c:86:8a:10:ec]
RSSI: -79 [da:1c:86:8a:10:ec]
RSSI: -81 [da:1c:86:96:11:1c]
RSSI: -90 [da:19:eb:64:16:6e]
RSSI: -82 [da:1c:86:b2:11:6c]
RSSI: -81 [da:1c:86:b2:11:6c]
RSSI: -89 [da:16:e2:6c:09:da]
RSSI: -84 [da:1c:86:bf:11:9c]
RSSI: -87 [da:1c:86:cd:11:cc]
RSSI: -90 [da:1c:86:da:11:ec]
RSSI: -85 [da:1c:86:e7:12:1c]
RSSI: -87 [da:1c:86:e7:12:1c]
RSSI: -91 [da:16:e2:a6:0a:7a]
RSSI: -87 [da:1c:86:f5:12:4c]
RSSI: -80 [da:1c:87:03:12:6c]
RSSI: -90 [da:16:e2:b3:0a:9a]
RSSI: -80 [da:1c:87:03:12:6c]
RSSI: -89 [da:16:e2:c2:0a:ca]
RSSI: -77 [da:1c:87:0f:12:9c]
RSSI: -90 [da:16:e2:c2:0a:ca]
RSSI: -76 [da:1c:87:0f:12:9c]
RSSI: -75 [da:1c:87:1d:12:cc]
RSSI: -74 [da:1c:87:2b:12:fc]
RSSI: -74 [da:1c:87:2b:12:fc]
RSSI: -91 [da:19:eb:f6:01:ae]
RSSI: -91 [da:14:fe:fa:01:0b]
RSSI: -73 [da:1c:87:45:13:4c]
RSSI: -73 [da:1c:87:45:13:4c]
RSSI: -72 [da:1c:87:53:13:7c]
RSSI: -88 [da:16:e3:09:0b:9a]
RSSI: -73 [da:1c:87:60:13:9c]
RSSI: -91 [da:19:ec:32:02:5e]
RSSI: -90 [da:19:ec:32:02:5e]
RSSI: -89 [da:16:e3:28:0b:ea]
RSSI: -75 [da:1c:87:6e:13:cc]
RSSI: -88 [da:16:e3:28:0b:ea]
RSSI: -73 [da:1c:87:6e:13:cc]
RSSI: -72 [da:1c:87:7c:13:fc]
RSSI: -76 [da:1c:87:7c:13:fc]
RSSI: -75 [da:1c:87:88:14:1c]
RSSI: -72 [da:1c:87:88:14:1c]
RSSI: -88 [da:16:e3:44:0c:3a]
RSSI: -77 [da:1c:87:96:14:4c]
RSSI: -88 [da:16:e3:53:0c:6a]
RSSI: -77 [da:1c:87:96:14:4c]
RSSI: -73 [da:1c:87:a4:14:6c]
RSSI: -88 [da:16:e3:5f:0c:8a]
RSSI: -80 [da:1c:87:a4:14:6c]
RSSI: -86 [da:16:e3:5f:0c:8a]
RSSI: -74 [da:1c:87:b1:14:9c]
RSSI: -75 [da:1c:87:b1:14:9c]
RSSI: -87 [da:16:e3:6f:0c:ba]
RSSI: -82 [da:1c:87:be:14:cc]
RSSI: -82 [da:1c:87:be:14:cc]
RSSI: -84 [da:1c:87:cc:14:ec]
RSSI: -87 [da:16:e3:8b:0d:0a]
RSSI: -91 [da:1c:87:d9:15:1c]
RSSI: -89 [da:19:ec:b7:03:de]
RSSI: -88 [da:19:ec:c7:03:fe]
RSSI: -88 [da:16:e3:b6:0d:8a]
RSSI: -84 [da:1c:88:01:15:9c]
RSSI: -88 [da:19:ec:d4:04:2e]
RSSI: -87 [da:19:ec:d4:04:2e]
RSSI: -87 [da:1c:88:0f:15:bc]
RSSI: -91 [da:16:e3:c5:0d:aa]
RSSI: -87 [da:19:ec:d4:04:2e]
RSSI: -84 [da:1c:88:0f:15:bc]
RSSI: -92 [da:1c:88:1d:15:ec]
RSSI: -90 [da:16:e3:d5:0d:da]
RSSI: -87 [da:19:ec:e4:04:5e]
RSSI: -89 [da:16:e3:d5:0d:da]
RSSI: -88 [da:19:ec:f3:04:8e]
RSSI: -89 [da:19:ed:00:04:ae]
RSSI: -89 [da:19:ed:00:04:ae]
RSSI: -90 [da:16:e3:f1:0e:2a]
RSSI: -91 [da:19:ed:10:04:de]
RSSI: -90 [da:16:e4:00:0e:5a]
RSSI: -92 [da:16:e4:0c:0e:7a]
RSSI: -91 [da:1c:88:52:00:0c]
RSSI: -87 [da:1c:88:60:00:2c]
RSSI: -87 [da:1c:88:60:00:2c]
RSSI: -93 [da:16:e4:1c:0e:aa]
RSSI: -91 [da:19:ed:2d:05:2e]
RSSI: -87 [da:1c:88:6e:00:5c]
RSSI: -87 [da:1c:88:7b:00:8c]
RSSI: -89 [da:19:ed:4c:05:8e]
RSSI: -90 [da:16:e4:38:0e:fa]
RSSI: -83 [da:1c:88:89:00:ac]
RSSI: -87 [da:1c:88:96:00:dc]
RSSI: -83 [da:1c:88:96:00:dc]
RSSI: -86 [da:1c:88:a3:01:0c]
RSSI: -85 [da:1c:88:bf:01:5c]
RSSI: -85 [da:1c:88:bf:01:5c]
RSSI: -89 [da:1c:88:cb:01:8c]
RSSI: -90 [da:19:ed:a5:06:8e]
RSSI: -87 [da:1c:88:d9:01:ac]
RSSI: -84 [da:1c:88:e7:01:dc]
RSSI: -91 [da:19:ed:b2:06:ae]
RSSI: -83 [da:1c:88:f4:01:fc]
RSSI: -85 [da:1c:89:02:02:2c]
RSSI: -85 [da:1c:89:02:02:2c]
RSSI: -81 [da:1c:89:02:02:2c]
RSSI: -82 [da:1c:89:02:02:2c]
RSSI: -82 [da:1c:89:10:02:5c]
RSSI: -84 [da:1c:89:10:02:5c]
RSSI: -82 [da:1c:89:1c:02:7c]
RSSI: -94 [da:16:e4:d8:10:ba]
RSSI: -82 [da:1c:89:1c:02:7c]
RSSI: -84 [da:1c:89:2a:02:ac]
RSSI: -84 [da:1c:89:2a:02:ac]
RSSI: -87 [da:1c:89:38:02:dc]
RSSI: -82 [da:1c:89:45:02:fc]
RSSI: -83 [da:1c:89:53:03:2c]
RSSI: -86 [da:1c:89:61:03:5c]
RSSI: -85 [da:1c:89:61:03:5c]
RSSI: -91 [da:1c:89:6d:03:8c]
RSSI: -89 [da:1c:89:7b:03:ac]
RSSI: -88 [da:1c:89:7b:03:ac]
RSSI: -89 [da:1c:89:89:03:dc]
RSSI: -90 [da:1c:89:a4:04:2c]
RSSI: -90 [da:19:ee:84:09:0e]
RSSI: -85 [da:1c:89:b2:04:5c]
RSSI: -90 [da:19:ee:84:09:0e]
RSSI: -88 [da:1c:89:bf:04:8c]
RSSI: -89 [da:19:ee:91:09:2e]
RSSI: -92 [da:1c:89:cd:04:ac]
RSSI: -94 [da:16:e5:86:12:aa]
RSSI: -91 [da:1c:89:cd:04:ac]
RSSI: -88 [da:1c:89:db:04:dc]
RSSI: -90 [da:19:ee:a1:09:5e]
RSSI: -87 [da:1c:89:e7:05:0c]
RSSI: -86 [da:1c:89:f5:05:3c]
RSSI: -90 [da:1c:89:f5:05:3c]
RSSI: -85 [da:19:ee:dd:0a:0e]
RSSI: -88 [da:1c:8a:10:05:8c]
RSSI: -86 [da:19:ee:dd:0a:0e]
RSSI: -81 [da:1c:8a:10:05:8c]
RSSI: -88 [da:1c:8a:1e:05:bc]
RSSI: -85 [da:19:ee:ea:0a:3e]
RSSI: -87 [da:1c:8a:2c:05:dc]
RSSI: -85 [da:19:ee:fa:0a:6e]
RSSI: -85 [da:19:ee:fa:0a:6e]
RSSI: -84 [da:19:ef:0a:0a:8e]
RSSI: -87 [da:19:ef:16:0a:be]
RSSI: -85 [da:19:ef:27:0a:ee]
RSSI: -88 [da:19:ef:27:0a:ee]
RSSI: -87 [da:1c:8a:61:06:8c]
RSSI: -88 [da:19:ef:36:0b:1e]
RSSI: -91 [da:16:e6:24:14:6a]
RSSI: -90 [da:16:e6:24:14:6a]
RSSI: -84 [da:19:ef:43:0b:3e]
RSSI: -85 [da:1c:8a:7d:06:ec]
RSSI: -91 [da:16:e6:34:14:8a]
RSSI: -81 [da:19:ef:53:0b:6e]
RSSI: -87 [da:1c:8a:8a:07:0c]
RSSI: -82 [da:19:ef:53:0b:6e]
RSSI: -87 [da:16:e6:40:14:aa]
RSSI: -79 [da:19:ef:63:0b:9e]
RSSI: -86 [da:1c:8a:98:07:3c]
RSSI: -78 [da:19:ef:63:0b:9e]
RSSI: -85 [da:1c:8a:98:07:3c]
RSSI: -88 [da:16:e6:5f:15:0a]
RSSI: -88 [da:16:e6:5f:15:0a]
RSSI: -75 [da:19:ef:80:0b:ee]
RSSI: -88 [da:16:e6:6c:15:2a]
RSSI: -75 [da:19:ef:80:0b:ee]
RSSI: -89 [da:16:e6:6c:15:2a]
RSSI: -74 [da:19:ef:90:0c:1e]
RSSI: -74 [da:19:ef:90:0c:1e]
RSSI: -87 [da:16:e6:7b:15:5a]
RSSI: -87 [da:1c:8a:ce:07:ec]
RSSI: -73 [da:19:ef:9c:0c:3e]
RSSI: -73 [da:19:ef:9c:0c:3e]
RSSI: -88 [da:16:e6:97:15:aa]
RSSI: -87 [da:1c:8a:db:08:0c]
RSSI: -73 [da:19:ef:ad:0c:6e]
RSSI: -87 [da:16:e6:97:15:aa]
RSSI: -72 [da:19:ef:ad:0c:6e]
RSSI: -71 [da:19:ef:bc:0c:9e]
RSSI: -72 [da:19:ef:bc:0c:9e]
RSSI: -89 [da:1c:8a:f7:08:6c]
RSSI: -70 [da:19:ef:c9:0c:be]
RSSI: -71 [da:19:ef:d9:0c:ee]
RSSI: -88 [da:16:e6:c3:16:1a]
RSSI: -71 [da:19:ef:d9:0c:ee]
RSSI: -92 [da:1c:8b:12:08:bc]
RSSI: -87 [da:16:e6:d2:00:2a]
RSSI: -88 [da:16:e6:d2:00:2a]
RSSI: -88 [da:16:e6:e2:00:5a]
RSSI: -71 [da:19:ef:f6:0d:3e]
RSSI: -70 [da:19:f0:06:0d:6e]
RSSI: -90 [da:16:e6:ee:00:7a]
RSSI: -71 [da:19:f0:06:0d:6e]
RSSI: -88 [da:16:e6:fe:00:aa]
RSSI: -71 [da:19:f0:16:0d:9e]
RSSI: -87 [da:16:e6:fe:00:aa]
RSSI: -87 [da:16:e7:0d:00:da]
RSSI: -72 [da:19:f0:23:0d:be]
RSSI: -87 [da:16:e7:0d:00:da]
RSSI: -71 [da:19:f0:23:0d:be]
RSSI: -72 [da:19:f0:33:0d:ee]
RSSI: -74 [da:19:f0:43:0e:1e]
RSSI: -92 [da:1c:8b:71:09:ec]
RSSI: -74 [da:19:f0:43:0e:1e]
RSSI: -88 [da:16:e7:39:01:4a]
RSSI: -75 [da:19:f0:4f:0e:4e]
RSSI: -90 [da:1c:8b:7e:0a:1c]
RSSI: -75 [da:19:f0:4f:0e:4e]
RSSI: -75 [da:19:f0:5f:0e:7e]
RSSI: -92 [da:16:e7:46:01:7a]
RSSI: -85 [da:1c:8b:91:0a:5c]
RSSI: -75 [da:19:f0:5f:0e:7e]
RSSI: -88 [da:16:e7:46:01:7a]
RSSI: -78 [da:19:f0:6f:0e:9e]
RSSI: -83 [da:1c:8b:a1:0a:8c]
RSSI: -77 [da:19:f0:6f:0e:9e]
RSSI: -87 [da:1c:8b:ae:0a:ac]
RSSI: -80 [da:19:f0:7c:0e:ce]
RSSI: -82 [da:1c:8b:bc:0a:dc]
RSSI: -86 [da:19:f0:8c:0e:fe]
RSSI: -82 [da:19:f0:8c:0e:fe]
RSSI: -84 [da:1c:8b:ca:0b:0c]
RSSI: -92 [da:16:e7:77:01:fa]
RSSI: -81 [da:1c:8b:ca:0b:0c]
RSSI: -82 [da:19:f0:9c:0f:2e]
RSSI: -88 [da:16:e7:87:02:2a]
RSSI: -83 [da:1c:8b:d7:0b:3c]
RSSI: -81 [da:19:f0:a9:0f:4e]
RSSI: -82 [da:19:f0:a9:0f:4e]
RSSI: -81 [da:1c:8b:f3:0b:8c]
RSSI: -85 [da:1c:8c:00:0b:bc]
RSSI: -81 [da:1c:8c:00:0b:bc]
RSSI: -90 [da:16:e7:c2:02:da]
RSSI: -81 [da:19:f0:d6:0f:ce]
RSSI: -85 [da:1c:8c:0e:0b:ec]
RSSI: -89 [da:16:e7:c2:02:da]
RSSI: -82 [da:19:f0:d6:0f:ce]
RSSI: -87 [da:1c:8c:0e:0b:ec]
RSSI: -83 [da:1c:8c:1c:0c:0c]
RSSI: -82 [da:19:f0:f6:10:2e]
RSSI: -81 [da:1c:8c:28:0c:3c]
RSSI: -83 [da:19:f0:f6:10:2e]
RSSI: -90 [da:16:e7:de:03:1a]
RSSI: -88 [da:16:e7:ee:03:4a]
RSSI: -90 [da:1c:8c:37:0c:6c]
RSSI: -83 [da:19:f1:03:10:4e]
RSSI: -89 [da:16:e7:ee:03:4a]
RSSI: -82 [da:1c:8c:45:0c:9c]
RSSI: -81 [da:1c:8c:45:0c:9c]
RSSI: -85 [da:19:f1:13:10:7e]
RSSI: -86 [da:1c:8c:51:0c:bc]
RSSI: -84 [da:19:f1:23:10:ae]
RSSI: -85 [da:1c:8c:51:0c:bc]
RSSI: -89 [da:1c:8c:5f:0c:ec]
RSSI: -85 [da:19:f1:2f:10:ce]
RSSI: -85 [da:1c:8c:5f:0c:ec]
RSSI: -85 [da:19:f1:2f:10:ce]
RSSI: -81 [da:1c:8c:6e:0d:1c]
RSSI: -85 [da:19:f1:40:10:fe]
RSSI: -83 [da:1c:8c:7a:0d:4c]
RSSI: -87 [da:19:f1:40:10:fe]
RSSI: -84 [da:1c:8c:7a:0d:4c]
RSSI: -86 [da:19:f1:50:11:2e]
RSSI: -85 [da:16:e8:36:04:1a]
RSSI: -83 [da:1c:8c:88:0d:6c]
RSSI: -85 [da:16:e8:45:04:3a]
RSSI: -83 [da:1c:8c:88:0d:6c]
RSSI: -88 [da:19:f1:5c:11:4e]
RSSI: -84 [da:1c:8c:96:0d:9c]
RSSI: -87 [da:16:e8:52:04:6a]
RSSI: -84 [da:1c:8c:96:0d:9c]
RSSI: -85 [da:16:e8:52:04:6a]
RSSI: -86 [da:1c:8c:a3:0d:cc]
RSSI: -86 [da:19:f1:7c:11:ae]
RSSI: -84 [da:16:e8:61:04:8a]
RSSI: -86 [da:1c:8c:b1:0d:fc]
RSSI: -87 [da:1c:8c:b1:0d:fc]
RSSI: -80 [da:16:e8:71:04:ba]
RSSI: -86 [da:19:f1:89:11:de]
RSSI: -81 [da:16:e8:7d:04:da]
RSSI: -78 [da:16:e8:7d:04:da]
RSSI: -86 [da:19:f1:99:12:0e]
RSSI: -87 [da:1c:8c:cc:0e:4c]
RSSI: -86 [da:19:f1:99:12:0e]
RSSI: -82 [da:16:e8:8d:05:0a]
RSSI: -81 [da:16:e8:8d:05:0a]
RSSI: -81 [da:16:e8:9c:05:3a]
RSSI: -88 [da:19:f1:b6:12:5e]
RSSI: -77 [da:16:e8:a9:05:5a]
RSSI: -85 [da:1c:8c:f5:0e:cc]
RSSI: -77 [da:16:e8:a9:05:5a]
RSSI: -82 [da:16:e8:a9:05:5a]
RSSI: -93 [da:19:f1:c6:12:8e]
RSSI: -77 [da:16:e8:b9:05:8a]
RSSI: -86 [da:1c:8d:03:0e:fc]
RSSI: -91 [da:19:f1:d6:12:be]
RSSI: -83 [da:16:e8:c8:05:ba]
RSSI: -86 [da:1c:8d:11:0f:2c]
RSSI: -82 [da:16:e8:c8:05:ba]
RSSI: -84 [da:1c:8d:1e:0f:4c]
RSSI: -84 [da:16:e8:d5:05:da]
RSSI: -93 [da:19:f1:f3:13:0e]
RSSI: -78 [da:16:e8:e4:06:0a]
RSSI: -84 [da:16:e8:e4:06:0a]
RSSI: -79 [da:16:e8:f4:06:2a]
RSSI: -81 [da:1c:8d:47:0f:dc]
RSSI: -83 [da:16:e9:01:06:5a]
RSSI: -82 [da:1c:8d:47:0f:dc]
RSSI: -82 [da:16:e9:01:06:5a]
RSSI: -82 [da:1c:8d:55:10:0c]
RSSI: -82 [da:1c:8d:63:10:2c]
RSSI: -85 [da:16:e9:10:06:7a]
RSSI: -82 [da:1c:8d:70:10:5c]
RSSI: -81 [da:1c:8d:70:10:5c]
RSSI: -81 [da:1c:8d:7e:10:8c]
RSSI: -80 [da:1c:8d:8c:10:ac]
RSSI: -78 [da:1c:8d:99:10:dc]
RSSI: -89 [da:16:e9:58:07:4a]
RSSI: -79 [da:1c:8d:a7:11:0c]
RSSI: -77 [da:1c:8d:a7:11:0c]
RSSI: -79 [da:1c:8d:b5:11:3c]
RSSI: -81 [da:1c:8d:b5:11:3c]
RSSI: -90 [da:19:f2:8b:14:be]
RSSI: -79 [da:1c:8d:c2:11:5c]
RSSI: -89 [da:19:f2:98:14:de]
RSSI: -85 [da:1c:8d:d0:11:8c]
RSSI: -88 [da:19:f2:98:14:de]
RSSI: -83 [da:1c:8d:d0:11:8c]
RSSI: -90 [da:19:f2:a5:14:fe]
RSSI: -89 [da:19:f2:b1:15:2e]
RSSI: -87 [da:1c:8d:eb:11:dc]
RSSI: -91 [da:19:f2:cb:15:6e]
RSSI: -82 [da:1c:8e:07:12:3c]
RSSI: -82 [da:1c:8e:07:12:3c]
RSSI: -82 [da:1c:8e:07:12:3c]
RSSI: -78 [da:1c:8e:14:12:5c]
RSSI: -89 [da:19:f2:e4:15:be]
RSSI: -77 [da:1c:8e:30:12:bc]
RSSI: -74 [da:1c:8e:30:12:bc]
RSSI: -76 [da:1c:8e:30:12:bc]
RSSI: -77 [da:1c:8e:30:12:bc]
RSSI: -88 [da:19:f3:0a:16:2e]
RSSI: -74 [da:1c:8e:3d:12:dc]
RSSI: -77 [da:1c:8e:4b:13:0c]
RSSI: -90 [da:19:f3:24:00:2e]
RSSI: -73 [da:1c:8e:59:13:3c]
RSSI: -74 [da:1c:8e:59:13:3c]
RSSI: -74 [da:1c:8e:59:13:3c]
RSSI: -73 [da:1c:8e:66:13:5c]
RSSI: -74 [da:1c:8e:66:13:5c]
RSSI: -75 [da:1c:8e:74:13:8c]
RSSI: -72 [da:1c:8e:74:13:8c]
RSSI: -73 [da:1c:8e:82:13:bc]
RSSI: -74 [da:1c:8e:82:13:bc]
RSSI: -73 [da:1c:8e:8f:13:ec]
RSSI: -93 [da:16:ea:43:09:ea]
RSSI: -92 [da:16:ea:52:0a:1a]
RSSI: -74 [da:1c:8e:9d:14:0c]
RSSI: -75 [da:1c:8e:ab:14:3c]
RSSI: -88 [da:16:ea:5f:0a:3a]
RSSI: -78 [da:1c:8e:ab:14:3c]
RSSI: -77 [da:1c:8e:b8:14:6c]
RSSI: -80 [da:1c:8e:c6:14:9c]
RSSI: -80 [da:1c:8e:c6:14:9c]
RSSI: -89 [da:15:06:8c:00:eb]
RSSI: -88 [da:15:06:98:01:0b]
RSSI: -89 [da:15:06:98:01:0b]
RSSI: -85 [da:1c:8e:e1:14:ec]
RSSI: -88 [da:16:ea:9b:0a:ea]
RSSI: -86 [da:1c:8e:ef:15:1c]
RSSI: -85 [da:1c:8e:ef:15:1c]
RSSI: -89 [da:16:ea:aa:0b:0a]
RSSI: -88 [da:16:ea:b7:0b:3a]
RSSI: -88 [da:16:ea:c7:0b:5a]
RSSI: -82 [da:1c:8f:18:15:9c]
RSSI: -91 [da:16:ea:e3:0b:ba]
RSSI: -90 [da:1c:8f:33:15:ec]
RSSI: -86 [da:1c:8f:41:16:1c]
RSSI: -91 [da:1c:8f:50:16:4c]
RSSI: -86 [da:16:eb:0f:0c:2a]
RSSI: -87 [da:16:eb:1f:0c:5a]
RSSI: -94 [da:15:07:1e:02:9b]
RSSI: -89 [da:1c:8f:6b:00:2c]
RSSI: -86 [da:16:eb:1f:0c:5a]
RSSI: -87 [da:1c:8f:79:00:5c]
RSSI: -87 [da:16:eb:2e:0c:8a]
RSSI: -87 [da:1c:8f:85:00:8c]
RSSI: -86 [da:16:eb:3b:0c:aa]
RSSI: -86 [da:1c:8f:85:00:8c]
RSSI: -86 [da:1c:8f:94:00:ac]
RSSI: -87 [da:16:eb:4b:0c:ca]
RSSI: -86 [da:16:eb:4b:0c:ca]
RSSI: -88 [da:16:eb:5a:0c:fa]
RSSI: -88 [da:19:f4:6e:03:ee]
RSSI: -88 [da:1c:8f:a2:00:dc]
RSSI: -87 [da:16:eb:5a:0c:fa]
RSSI: -87 [da:16:eb:67:0d:1a]
RSSI: -87 [da:16:eb:67:0d:1a]
RSSI: -89 [da:19:f4:88:04:2e]
RSSI: -88 [da:16:eb:77:0d:4a]
RSSI: -87 [da:16:eb:86:0d:7a]
RSSI: -88 [da:19:f4:a1:04:7e]
RSSI: -87 [da:19:f4:a1:04:7e]
RSSI: -84 [da:1c:8f:d8:01:8c]
RSSI: -89 [da:16:eb:93:0d:9a]
RSSI: -89 [da:16:eb:93:0d:9a]
RSSI: -87 [da:1c:8f:e6:01:bc]
RSSI: -85 [da:1c:8f:e6:01:bc]
RSSI: -88 [da:16:eb:a3:0d:ca]
RSSI: -86 [da:1c:8f:f4:01:ec]
RSSI: -91 [da:19:f4:c8:04:ee]
RSSI: -90 [da:16:eb:b2:0d:fa]
RSSI: -82 [da:1c:90:01:02:0c]
RSSI: -83 [da:1c:90:0f:02:3c]
RSSI: -89 [da:16:eb:bf:0e:1a]
RSSI: -89 [da:16:eb:cf:0e:4a]
RSSI: -81 [da:1c:90:1e:02:6c]
RSSI: -83 [da:1c:90:1e:02:6c]
RSSI: -92 [da:16:eb:eb:0e:9a]
RSSI: -82 [da:1c:90:39:02:bc]
RSSI: -85 [da:1c:90:47:02:ec]
RSSI: -82 [da:1c:90:53:03:0c]
RSSI: -91 [da:19:f5:21:05:ee]
RSSI: -85 [da:1c:90:53:03:0c]
RSSI: -81 [da:1c:90:62:03:3c]
RSSI: -84 [da:1c:90:62:03:3c]
RSSI: -86 [da:1c:90:70:03:6c]
RSSI: -83 [da:1c:90:70:03:6c]
RSSI: -84 [da:1c:90:70:03:6c]
RSSI: -94 [da:19:f5:47:06:5e]
RSSI: -88 [da:1c:90:7d:03:9c]
RSSI: -85 [da:1c:90:8b:03:bc]
RSSI: -90 [da:19:f5:61:06:ae]
RSSI: -89 [da:1c:90:99:03:ec]
RSSI: -90 [da:1c:90:a6:04:1c]
RSSI: -89 [da:1c:90:a6:04:1c]
RSSI: -90 [da:1c:90:b4:04:3c]
RSSI: -87 [da:1c:90:c3:04:6c]
RSSI: -87 [da:1c:90:cf:04:9c]
RSSI: -89 [da:1c:90:de:04:bc]
RSSI: -86 [da:1c:90:ec:04:ec]
RSSI: -85 [da:1c:90:f9:05:1c]
RSSI: -83 [da:1c:91:07:05:3c]
RSSI: -82 [da:1c:91:15:05:6c]
RSSI: -88 [da:1c:91:15:05:6c]
RSSI: -83 [da:1c:91:22:05:9c]
RSSI: -83 [da:1c:91:22:05:9c]
RSSI: -93 [da:19:f6:14:08:ae]
RSSI: -89 [da:1c:91:5a:06:4c]
RSSI: -89 [da:1c:91:68:06:7c]
RSSI: -86 [da:1c:91:68:06:7c]
RSSI: -84 [da:1c:91:83:06:cc]
RSSI: -90 [da:19:f6:54:09:5e]
RSSI: -88 [da:1c:91:83:06:cc]
RSSI: -84 [da:1c:91:91:06:fc]
RSSI: -90 [da:1c:91:ac:07:5c]
RSSI: -89 [da:19:f6:7a:09:ce]
RSSI: -89 [da:19:f6:87:09:fe]
RSSI: -88 [da:1c:91:bb:07:7c]
RSSI: -89 [da:19:f6:87:09:fe]
RSSI: -86 [da:19:f6:94:0a:1e]
RSSI: -89 [da:1c:91:c7:07:ac]
RSSI: -87 [da:19:f6:a1:0a:3e]
RSSI: -86 [da:19:f6:ae:0a:6e]
RSSI: -85 [da:19:f6:ba:0a:8e]
RSSI: -82 [da:19:f6:c7:0a:be]
RSSI: -87 [da:19:f6:e1:0a:fe]
RSSI: -88 [da:19:f6:ee:0b:2e]
RSSI: -86 [da:19:f6:fb:0b:4e]
RSSI: -83 [da:19:f7:07:0b:6e]
RSSI: -81 [da:19:f7:14:0b:8e]
RSSI: -80 [da:19:f7:21:0b:be]
RSSI: -93 [da:1c:92:52:09:6c]
RSSI: -95 [da:16:ee:0c:14:9a]
RSSI: -76 [da:19:f7:2e:0b:de]
RSSI: -76 [da:19:f7:2e:0b:de]
RSSI: -76 [da:19:f7:3b:0b:fe]
RSSI: -91 [da:1c:92:6d:09:bc]
RSSI: -75 [da:19:f7:48:0c:2e]
RSSI: -88 [da:1c:92:7b:09:ec]
RSSI: -74 [da:19:f7:54:0c:4e]
RSSI: -74 [da:19:f7:54:0c:4e]
RSSI: -88 [da:1c:92:8a:0a:1c]
RSSI: -91 [da:16:ee:48:15:4a]
RSSI: -88 [da:1c:92:8a:0a:1c]
RSSI: -73 [da:19:f7:6e:0c:9e]
RSSI: -90 [da:16:ee:55:15:6a]
RSSI: -89 [da:1c:92:a5:0a:7c]
RSSI: -72 [da:19:f7:7b:0c:be]
RSSI: -72 [da:19:f7:7b:0c:be]
RSSI: -73 [da:19:f7:7b:0c:be]
RSSI: -71 [da:19:f7:88:0c:de]
RSSI: -72 [da:19:f7:95:0d:0e]
RSSI: -84 [da:1c:92:ce:0a:fc]
RSSI: -71 [da:19:f7:a1:0d:2e]
RSSI: -72 [da:19:f7:a1:0d:2e]
RSSI: -83 [da:1c:92:dd:0b:2c]
RSSI: -85 [da:1c:92:dd:0b:2c]
RSSI: -71 [da:19:f7:ae:0d:5e]
RSSI: -90 [da:16:ee:a1:16:4a]
RSSI: -87 [da:1c:92:e9:0b:4c]
RSSI: -90 [da:16:ee:a1:16:4a]
RSSI: -93 [da:16:ee:a1:16:4a]
RSSI: -72 [da:19:f7:bb:0d:7e]
RSSI: -84 [da:1c:92:e9:0b:4c]
RSSI: -92 [da:16:ee:a1:16:4a]
RSSI: -72 [da:19:f7:c8:0d:9e]
RSSI: -89 [da:16:ee:ae:00:2a]
RSSI: -73 [da:19:f7:c8:0d:9e]
RSSI: -86 [da:1c:93:06:0b:ac]
RSSI: -72 [da:19:f7:d5:0d:ce]
RSSI: -74 [da:19:f7:e2:0d:ee]
RSSI: -81 [da:1c:93:13:0b:dc]
RSSI: -89 [da:16:ee:cd:00:7a]
RSSI: -83 [da:1c:93:21:0c:0c]
RSSI: -74 [da:19:f7:ee:0e:0e]
RSSI: -81 [da:1c:93:21:0c:0c]
RSSI: -75 [da:19:f7:ee:0e:0e]
RSSI: -75 [da:19:f7:fc:0e:3e]
RSSI: -80 [da:1c:93:30:0c:2c]
RSSI: -74 [da:19:f7:fc:0e:3e]
RSSI: -84 [da:1c:93:30:0c:2c]
RSSI: -89 [da:16:ee:ea:00:ca]
RSSI: -76 [da:19:f8:08:0e:5e]
RSSI: -82 [da:1c:93:3c:0c:5c]
RSSI: -89 [da:16:ee:fa:00:fa]
RSSI: -79 [da:1c:93:3c:0c:5c]
RSSI: -87 [da:16:ee:fa:00:fa]
RSSI: -78 [da:19:f8:22:0e:ae]
RSSI: -78 [da:19:f8:22:0e:ae]
RSSI: -77 [da:19:f8:22:0e:ae]
RSSI: -80 [da:1c:93:59:0c:bc]
RSSI: -79 [da:19:f8:2f:0e:ce]
RSSI: -80 [da:1c:93:66:0c:dc]
RSSI: -80 [da:1c:93:66:0c:dc]
RSSI: -79 [da:19:f8:3c:0e:ee]
RSSI: -81 [da:19:f8:3c:0e:ee]
RSSI: -83 [da:19:f8:49:0f:1e]
RSSI: -80 [da:1c:93:75:0d:0c]
RSSI: -84 [da:1c:93:83:0d:3c]
RSSI: -86 [da:19:f8:56:0f:3e]
RSSI: -85 [da:1c:93:90:0d:6c]
RSSI: -83 [da:19:f8:62:0f:5e]
RSSI: -86 [da:19:f8:62:0f:5e]
RSSI: -83 [da:19:f8:6f:0f:8e]
RSSI: -80 [da:1c:93:9e:0d:9c]
RSSI: -81 [da:19:f8:6f:0f:8e]
RSSI: -88 [da:1c:93:ad:0d:bc]
RSSI: -88 [da:16:ef:5f:02:1a]
RSSI: -83 [da:1c:93:b9:0d:ec]
RSSI: -82 [da:19:f8:89:0f:ce]
RSSI: -83 [da:1c:93:b9:0d:ec]
RSSI: -83 [da:19:f8:89:0f:ce]
RSSI: -83 [da:19:f8:96:0f:ee]
RSSI: -81 [da:1c:93:c8:0e:1c]
RSSI: -82 [da:19:f8:96:0f:ee]
RSSI: -84 [da:1c:93:c8:0e:1c]
RSSI: -82 [da:1c:93:d6:0e:4c]
RSSI: -91 [da:16:ef:8b:02:8a]
RSSI: -83 [da:19:f8:a3:10:1e]
RSSI: -83 [da:1c:93:d6:0e:4c]
RSSI: -86 [da:16:ef:9b:02:ba]
RSSI: -86 [da:19:f8:bd:10:6e]
RSSI: -89 [da:16:ef:ab:02:ea]
RSSI: -85 [da:19:f8:bd:10:6e]
RSSI: -82 [da:1c:93:f1:0e:9c]
RSSI: -86 [da:19:f8:ca:10:8e]
RSSI: -85 [da:19:f8:ca:10:8e]
RSSI: -84 [da:1c:94:00:0e:cc]
RSSI: -85 [da:19:f8:d6:10:ae]
RSSI: -82 [da:1c:94:1b:0f:1c]
RSSI: -87 [da:19:f8:e3:10:de]
RSSI: -81 [da:1c:94:1b:0f:1c]
RSSI: -92 [da:1c:94:1b:0f:1c]
RSSI: -85 [da:19:f8:f0:10:fe]
RSSI: -84 [da:1c:94:29:0f:4c]
RSSI: -83 [da:1c:94:29:0f:4c]
RSSI: -85 [da:19:f8:fd:11:1e]
RSSI: -84 [da:19:f8:fd:11:1e]
RSSI: -85 [da:1c:94:36:0f:7c]
RSSI: -88 [da:19:f9:0a:11:4e]
RSSI: -84 [da:1c:94:36:0f:7c]
RSSI: -86 [da:19:f9:0a:11:4e]
RSSI: -83 [da:16:ef:f4:03:ba]
RSSI: -83 [da:1c:94:45:0f:ac]
RSSI: -91 [da:19:f9:17:11:6e]
RSSI: -88 [da:16:f0:04:03:da]
RSSI: -87 [da:19:f9:24:11:8e]
RSSI: -85 [da:1c:94:53:0f:dc]
RSSI: -88 [da:19:f9:24:11:8e]
RSSI: -86 [da:1c:94:60:0f:fc]
RSSI: -87 [da:19:f9:31:11:be]
RSSI: -90 [da:16:f0:21:04:2a]
RSSI: -89 [da:16:f0:21:04:2a]
RSSI: -86 [da:1c:94:7d:10:5c]
RSSI: -87 [da:19:f9:4b:11:fe]
RSSI: -85 [da:16:f0:30:04:5a]
RSSI: -86 [da:1c:94:7d:10:5c]
RSSI: -85 [da:1c:94:7d:10:5c]
RSSI: -89 [da:19:f9:4b:11:fe]
RSSI: -84 [da:1c:94:7d:10:5c]
RSSI: -87 [da:19:f9:4b:11:fe]
RSSI: -85 [da:16:f0:3d:04:7a]
RSSI: -91 [da:19:f9:58:12:2e]
RSSI: -88 [da:19:f9:58:12:2e]
RSSI: -88 [da:19:f9:65:12:4e]
RSSI: -82 [da:16:f0:4d:04:aa]
RSSI: -80 [da:1c:94:98:10:ac]
RSSI: -83 [da:16:f0:5d:04:da]
RSSI: -79 [da:1c:94:a6:10:dc]
RSSI: -82 [da:16:f0:5d:04:da]
RSSI: -77 [da:1c:94:c2:11:3c]
RSSI: -79 [da:16:f0:79:05:2a]
RSSI: -83 [da:1c:94:c2:11:3c]
RSSI: -79 [da:1c:94:d0:11:6c]
RSSI: -78 [da:16:f0:89:05:5a]
RSSI: -78 [da:1c:94:d0:11:6c]
RSSI: -76 [da:16:f0:89:05:5a]
RSSI: -86 [da:1c:94:dd:11:8c]
RSSI: -83 [da:1c:94:dd:11:8c]
RSSI: -77 [da:16:f0:a6:05:aa]
RSSI: -91 [da:1c:94:eb:11:bc]
RSSI: -76 [da:16:f0:a6:05:aa]
RSSI: -87 [da:1c:94:fa:11:ec]
RSSI: -76 [da:16:f0:b6:05:da]
RSSI: -83 [da:1c:95:06:12:1c]
RSSI: -82 [da:1c:95:06:12:1c]
RSSI: -74 [da:16:f0:c2:05:fa]
RSSI: -74 [da:16:f0:c2:05:fa]
RSSI: -78 [da:1c:95:15:12:3c]
RSSI: -78 [da:1c:95:15:12:3c]
RSSI: -75 [da:16:f0:d2:06:2a]
RSSI: -74 [da:16:f0:d2:06:2a]
RSSI: -77 [da:1c:95:24:12:6c]
RSSI: -75 [da:1c:95:24:12:6c]
RSSI: -75 [da:16:f0:e2:06:5a]
RSSI: -76 [da:16:f0:ef:06:7a]
RSSI: -75 [da:16:f0:ef:06:7a]
RSSI: -73 [da:1c:95:3f:12:cc]
RSSI: -72 [da:1c:95:4d:12:fc]
RSSI: -76 [da:16:f1:0f:06:ca]
RSSI: -72 [da:1c:95:5a:13:1c]
RSSI: -74 [da:16:f1:0f:06:ca]
RSSI: -71 [da:1c:95:5a:13:1c]
RSSI: -77 [da:16:f1:1c:06:fa]
RSSI: -71 [da:1c:95:69:13:4c]
RSSI: -92 [da:19:fa:33:14:9e]
RSSI: -72 [da:1c:95:69:13:4c]
RSSI: -71 [da:1c:95:77:13:7c]
RSSI: -89 [da:19:fa:40:14:ce]
RSSI: -71 [da:1c:95:77:13:7c]
RSSI: -89 [da:19:fa:4e:14:ee]
RSSI: -76 [da:16:f1:3b:07:4a]
RSSI: -72 [da:1c:95:84:13:9c]
RSSI: -78 [da:16:f1:3b:07:4a]
RSSI: -89 [da:19:fa:5a:15:0e]
RSSI: -78 [da:16:f1:48:07:6a]
RSSI: -72 [da:1c:95:92:13:cc]
RSSI: -72 [da:1c:95:a1:13:fc]
RSSI: -80 [da:16:f1:58:07:9a]
RSSI: -83 [da:16:f1:68:07:ca]
RSSI: -73 [da:1c:95:ad:14:2c]
RSSI: -85 [da:16:f1:68:07:ca]
RSSI: -90 [da:19:fa:81:15:7e]
RSSI: -72 [da:1c:95:ad:14:2c]
RSSI: -84 [da:16:f1:75:07:ea]
RSSI: -84 [da:16:f1:75:07:ea]
RSSI: -89 [da:19:fa:8e:15:ae]
RSSI: -73 [da:1c:95:cb:14:7c]
RSSI: -75 [da:1c:95:cb:14:7c]
RSSI: -86 [da:16:f1:85:08:1a]
RSSI: -89 [da:16:f1:85:08:1a]
RSSI: -76 [da:1c:95:d7:14:ac]
RSSI: -88 [da:16:f1:95:08:4a]
RSSI: -76 [da:1c:95:d7:14:ac]
RSSI: -87 [da:16:f1:95:08:4a]
RSSI: -87 [da:19:fa:b5:16:1e]
RSSI: -81 [da:1c:95:f4:15:0c]
RSSI: -87 [da:19:fa:c2:16:3e]
RSSI: -87 [da:16:f1:b1:08:9a]
RSSI: -89 [da:16:f1:b1:08:9a]
RSSI: -87 [da:1c:96:01:15:2c]
RSSI: -90 [da:19:fa:cf:16:5e]
RSSI: -89 [da:16:f1:b1:08:9a]
RSSI: -87 [da:16:f1:c1:08:ca]
RSSI: -87 [da:16:f1:c1:08:ca]
RSSI: -86 [da:1c:96:10:15:5c]
RSSI: -89 [da:16:f1:ce:08:ea]
RSSI: -91 [da:16:f1:de:09:1a]
RSSI: -92 [da:16:f1:de:09:1a]
RSSI: -79 [da:1c:96:2b:15:ac]
RSSI: -89 [da:15:0d:f4:00:7b]
RSSI: -81 [da:1c:96:39:15:dc]
RSSI: -90 [da:15:0e:01:00:9b]
RSSI: -92 [da:19:fb:10:00:be]
RSSI: -84 [da:1c:96:48:16:0c]
RSSI: -82 [da:1c:96:48:16:0c]
RSSI: -89 [da:15:0e:0e:00:bb]
RSSI: -91 [da:16:f2:0b:09:9a]
RSSI: -80 [da:1c:96:55:16:3c]
RSSI: -83 [da:1c:96:55:16:3c]
RSSI: -88 [da:15:0e:1a:00:eb]
RSSI: -93 [da:19:fb:2a:01:0e]
RSSI: -87 [da:15:0e:27:01:0b]
RSSI: -85 [da:1c:96:72:00:0c]
RSSI: -87 [da:15:0e:34:01:3b]
RSSI: -89 [da:1c:96:7e:00:2c]
RSSI: -87 [da:15:0e:41:01:5b]
RSSI: -88 [da:1c:96:8d:00:5c]
RSSI: -87 [da:15:0e:4e:01:7b]
RSSI: -90 [da:1c:96:8d:00:5c]
RSSI: -84 [da:1c:96:9c:00:8c]
RSSI: -88 [da:15:0e:5b:01:ab]
RSSI: -82 [da:1c:96:9c:00:8c]
RSSI: -83 [da:1c:96:a8:00:ac]
RSSI: -81 [da:1c:96:a8:00:ac]
RSSI: -85 [da:15:0e:67:01:cb]
RSSI: -87 [da:15:0e:74:01:fb]
RSSI: -83 [da:1c:96:b7:00:dc]
RSSI: -88 [da:15:0e:81:02:1b]
RSSI: -81 [da:1c:96:c6:01:0c]
RSSI: -89 [da:19:fb:92:02:3e]
RSSI: -86 [da:15:0e:9b:02:6b]
RSSI: -89 [da:15:0e:9b:02:6b]
RSSI: -90 [da:16:f2:90:0b:0a]
RSSI: -81 [da:1c:96:ef:01:8c]
RSSI: -93 [da:19:fb:b9:02:ae]
RSSI: -86 [da:1c:96:ef:01:8c]
RSSI: -87 [da:15:0e:b4:02:ab]
RSSI: -89 [da:15:0e:b4:02:ab]
RSSI: -91 [da:16:f2:ad:0b:5a]
RSSI: -88 [da:15:0e:c1:02:db]
RSSI: -80 [da:1c:96:fc:01:bc]
RSSI: -82 [da:1c:97:0b:01:ec]
RSSI: -90 [da:15:0e:ce:02:fb]
RSSI: -93 [da:16:f2:cd:0b:ba]
RSSI: -93 [da:15:0e:db:03:1b]
RSSI: -82 [da:1c:97:26:02:3c]
RSSI: -88 [da:1c:97:26:02:3c]
RSSI: -83 [da:1c:97:35:02:6c]
RSSI: -81 [da:1c:97:35:02:6c]
RSSI: -88 [da:1c:97:43:02:9c]
RSSI: -93 [da:16:f2:fa:0c:3a]
RSSI: -83 [da:1c:97:43:02:9c]
RSSI: -83 [da:1c:97:43:02:9c]
RSSI: -85 [da:1c:97:5f:02:fc]
RSSI: -88 [da:16:f3:17:0c:8a]
RSSI: -88 [da:16:f3:26:0c:ba]
RSSI: -88 [da:19:fc:48:04:3e]
RSSI: -89 [da:16:f3:33:0c:da]
RSSI: -87 [da:19:fc:55:04:5e]
RSSI: -87 [da:16:f3:43:0d:0a]
RSSI: -89 [da:16:f3:43:0d:0a]
RSSI: -89 [da:1c:97:a4:03:cc]
RSSI: -88 [da:1c:97:a4:03:cc]
RSSI: -87 [da:1c:97:b3:03:fc]
RSSI: -90 [da:1c:97:dd:04:8c]
RSSI: -89 [da:1c:97:dd:04:8c]
RSSI: -87 [da:16:f3:9d:0e:0a]
RSSI: -88 [da:16:f3:ad:0e:3a]
RSSI: -92 [da:19:fc:ca:05:be]
RSSI: -88 [da:16:f3:b9:0e:5a]
RSSI: -85 [da:1c:98:07:05:0c]
RSSI: -90 [da:19:fc:d7:05:de]
RSSI: -84 [da:1c:98:07:05:0c]
RSSI: -91 [da:19:fc:e4:06:0e]
RSSI: -91 [da:19:fc:e4:06:0e]
RSSI: -90 [da:16:f3:da:0e:ba]
RSSI: -91 [da:19:fc:f1:06:2e]
RSSI: -86 [da:1c:98:22:05:5c]
RSSI: -86 [da:1c:98:22:05:5c]
RSSI: -91 [da:16:f3:e6:0e:da]
RSSI: -90 [da:1c:98:31:05:8c]
RSSI: -90 [da:16:f4:06:0f:3a]
RSSI: -89 [da:1c:98:5b:06:1c]
RSSI: -90 [da:16:f4:13:0f:5a]
RSSI: -91 [da:16:f4:23:0f:8a]
RSSI: -94 [da:16:f4:40:0f:ea]
RSSI: -96 [da:16:f4:50:10:1a]
RSSI: -93 [da:1c:98:bd:07:5c]
RSSI: -92 [da:1c:98:ca:07:7c]
RSSI: -88 [da:19:fd:c2:08:8e]
RSSI: -90 [da:19:fd:d0:08:ae]
RSSI: -89 [da:19:fd:dc:08:ce]
RSSI: -89 [da:19:fd:ea:08:fe]
RSSI: -85 [da:19:fd:ea:08:fe]
RSSI: -87 [da:19:fd:f7:09:1e]
RSSI: -88 [da:19:fd:f7:09:1e]
RSSI: -85 [da:19:fe:03:09:3e]
RSSI: -93 [da:1c:99:2d:08:bc]
RSSI: -85 [da:19:fe:03:09:3e]
RSSI: -90 [da:1c:99:3c:08:ec]
RSSI: -88 [da:19:fe:11:09:6e]
RSSI: -84 [da:19:fe:11:09:6e]
RSSI: -86 [da:19:fe:2b:09:be]
RSSI: -85 [da:19:fe:38:09:de]
RSSI: -85 [da:19:fe:38:09:de]
RSSI: -87 [da:19:fe:45:09:fe]
RSSI: -90 [da:1c:99:79:09:ac]
RSSI: -86 [da:19:fe:45:09:fe]
RSSI: -83 [da:19:fe:52:0a:2e]
RSSI: -85 [da:19:fe:52:0a:2e]
RSSI: -93 [da:1c:99:88:09:dc]
RSSI: -81 [da:19:fe:5f:0a:4e]
RSSI: -82 [da:19:fe:6d:0a:7e]
RSSI: -82 [da:19:fe:6d:0a:7e]
RSSI: -82 [da:19:fe:6d:0a:7e]
RSSI: -93 [da:1c:99:a3:0a:2c]
RSSI: -80 [da:19:fe:79:0a:9e]
RSSI: -81 [da:19:fe:79:0a:9e]
RSSI: -80 [da:19:fe:87:0a:be]
RSSI: -81 [da:19:fe:94:0a:ee]
RSSI: -84 [da:19:fe:a1:0b:0e]
RSSI: -89 [da:1c:99:ce:0a:bc]
RSSI: -82 [da:19:fe:ae:0b:2e]
RSSI: -81 [da:19:fe:ae:0b:2e]
RSSI: -83 [da:19:fe:ae:0b:2e]
RSSI: -87 [da:1c:99:eb:0b:1c]
RSSI: -82 [da:19:fe:bb:0b:5e]
RSSI: -87 [da:1c:99:f8:0b:3c]
RSSI: -79 [da:19:fe:c8:0b:7e]
RSSI: -76 [da:19:fe:d5:0b:9e]
RSSI: -88 [da:1c:9a:07:0b:6c]
RSSI: -76 [da:19:fe:d5:0b:9e]
RSSI: -87 [da:1c:9a:07:0b:6c]
RSSI: -76 [da:19:fe:e3:0b:ce]
RSSI: -76 [da:19:fe:e3:0b:ce]
RSSI: -90 [da:1c:9a:15:0b:9c]
RSSI: -88 [da:1c:9a:22:0b:cc]
RSSI: -74 [da:19:fe:ef:0b:ee]
RSSI: -88 [da:1c:9a:31:0b:fc]
RSSI: -72 [da:19:ff:02:0c:1e]
RSSI: -94 [da:16:f5:e4:14:7a]
RSSI: -72 [da:19:ff:02:0c:1e]
RSSI: -71 [da:19:ff:12:0c:4e]
RSSI: -71 [da:19:ff:12:0c:4e]
RSSI: -88 [da:1c:9a:4c:0c:4c]
RSSI: -71 [da:19:ff:1f:0c:6e]
RSSI: -83 [da:1c:9a:5b:0c:7c]
RSSI: -70 [da:19:ff:2c:0c:9e]
RSSI: -70 [da:19:ff:2c:0c:9e]
RSSI: -86 [da:1c:9a:5b:0c:7c]
RSSI: -89 [da:1c:9a:6a:0c:ac]
RSSI: -70 [da:19:ff:39:0c:be]
RSSI: -83 [da:1c:9a:6a:0c:ac]
RSSI: -70 [da:19:ff:39:0c:be]
RSSI: -91 [da:16:f6:2a:15:4a]
RSSI: -91 [da:16:f6:2a:15:4a]
RSSI: -70 [da:19:ff:46:0c:ee]
RSSI: -87 [da:1c:9a:85:0d:0c]
RSSI: -69 [da:19:ff:53:0d:0e]
RSSI: -87 [da:1c:9a:85:0d:0c]
RSSI: -90 [da:16:f6:46:15:9a]
RSSI: -71 [da:19:ff:61:0d:2e]
RSSI: -70 [da:19:ff:61:0d:2e]
RSSI: -84 [da:1c:9a:94:0d:3c]
RSSI: -90 [da:16:f6:46:15:9a]
RSSI: -70 [da:19:ff:61:0d:2e]
RSSI: -71 [da:19:ff:6d:0d:5e]
RSSI: -83 [da:1c:9a:a1:0d:5c]
RSSI: -83 [da:1c:9a:a1:0d:5c]
RSSI: -91 [da:16:f6:63:15:ea]
RSSI: -69 [da:19:ff:7b:0d:7e]
RSSI: -92 [da:16:f6:74:16:0a]
RSSI: -71 [da:19:ff:88:0d:ae]
RSSI: -87 [da:1c:9a:be:0d:bc]
RSSI: -72 [da:19:ff:95:0d:ce]
RSSI: -91 [da:16:f6:80:16:3a]
RSSI: -72 [da:19:ff:95:0d:ce]
RSSI: -83 [da:1c:9a:cb:0d:ec]
RSSI: -71 [da:19:ff:a2:0d:ee]
RSSI: -73 [da:19:ff:a2:0d:ee]
RSSI: -91 [da:16:f6:8d:00:2a]
RSSI: -90 [da:1c:9a:da:0e:1c]
RSSI: -73 [da:19:ff:b0:0e:1e]
RSSI: -89 [da:1c:9a:e9:0e:4c]
RSSI: -74 [da:19:ff:bc:0e:3e]
RSSI: -75 [da:19:ff:bc:0e:3e]
RSSI: -84 [da:1c:9a:f5:0e:6c]
RSSI: -74 [da:19:ff:ca:0e:5e]
RSSI: -92 [da:16:f6:b3:00:8a]
RSSI: -76 [da:19:ff:ca:0e:5e]
RSSI: -76 [da:19:ff:d7:0e:8e]
RSSI: -76 [da:19:ff:d7:0e:8e]
RSSI: -78 [da:19:ff:e4:0e:ae]
RSSI: -78 [da:19:ff:e4:0e:ae]
RSSI: -78 [da:19:ff:e4:0e:ae]
RSSI: -87 [da:1c:9b:20:0e:fc]
RSSI: -79 [da:19:ff:f1:0e:ce]
RSSI: -87 [da:1c:9b:20:0e:fc]
RSSI: -81 [da:19:ff:f1:0e:ce]
RSSI: -81 [da:19:ff:ff:0e:fe]
RSSI: -85 [da:1c:9b:2f:0f:2c]
RSSI: -84 [da:19:ff:ff:0e:fe]
RSSI: -84 [da:1c:9b:2f:0f:2c]
RSSI: -89 [da:16:f6:f2:01:3a]
RSSI: -91 [da:16:f6:f2:01:3a]
RSSI: -89 [da:16:f6:ff:01:6a]
RSSI: -84 [da:1a:00:19:0f:4e]
RSSI: -82 [da:1a:00:26:0f:6e]
RSSI: -85 [da:1a:00:26:0f:6e]
RSSI: -85 [da:1c:9b:59:0f:ac]
RSSI: -83 [da:1a:00:33:0f:8e]
RSSI: -91 [da:16:f7:19:01:aa]
RSSI: -85 [da:1c:9b:75:10:0c]
RSSI: -81 [da:1a:00:40:0f:be]
RSSI: -85 [da:1c:9b:75:10:0c]
RSSI: -88 [da:16:f7:32:01:fa]
RSSI: -84 [da:1a:00:4d:0f:de]
RSSI: -85 [da:1c:9b:84:10:3c]
RSSI: -81 [da:1a:00:5a:10:0e]
RSSI: -84 [da:1c:9b:92:10:6c]
RSSI: -85 [da:16:f7:4c:02:3a]
RSSI: -82 [da:1a:00:68:10:2e]
RSSI: -81 [da:1a:00:68:10:2e]
RSSI: -82 [da:1a:00:68:10:2e]
RSSI: -80 [da:1c:9b:9f:10:8c]
RSSI: -85 [da:1a:00:75:10:5e]
RSSI: -81 [da:1c:9b:ae:10:bc]
RSSI: -79 [da:1c:9b:ae:10:bc]
RSSI: -83 [da:1a:00:82:10:7e]
RSSI: -79 [da:1c:9b:ae:10:bc]
RSSI: -79 [da:1c:9b:bd:10:ec]
RSSI: -83 [da:1a:00:8f:10:ae]
RSSI: -82 [da:1c:9b:bd:10:ec]
RSSI: -90 [da:16:f7:7f:02:ca]
RSSI: -84 [da:1a:00:8f:10:ae]
RSSI: -84 [da:1a:00:a9:10:ee]
RSSI: -83 [da:1c:9b:d8:11:4c]
RSSI: -83 [da:1a:00:a9:10:ee]
RSSI: -83 [da:1a:00:a9:10:ee]
RSSI: -86 [da:16:f7:98:03:0a]
RSSI: -84 [da:1a:00:b7:11:1e]
RSSI: -91 [da:16:f7:a5:03:3a]
RSSI: -85 [da:1a:00:b7:11:1e]
RSSI: -83 [da:1a:00:c4:11:3e]
RSSI: -89 [da:1c:9b:f4:11:9c]
RSSI: -84 [da:1a:00:c4:11:3e]
RSSI: -89 [da:1c:9c:03:11:cc]
RSSI: -84 [da:1a:00:d1:11:6e]
RSSI: -86 [da:16:f7:be:03:7a]
RSSI: -87 [da:1c:9c:03:11:cc]
RSSI: -86 [da:1a:00:de:11:8e]
RSSI: -82 [da:1c:9c:12:11:fc]
RSSI: -91 [da:16:f7:cb:03:9a]
RSSI: -87 [da:1a:00:de:11:8e]
RSSI: -81 [da:1c:9c:12:11:fc]
RSSI: -85 [da:1a:00:ec:11:be]
RSSI: -79 [da:1c:9c:1e:12:1c]
RSSI: -88 [da:16:f7:d8:03:ba]
RSSI: -78 [da:1c:9c:1e:12:1c]
RSSI: -84 [da:1a:00:f8:11:de]
RSSI: -77 [da:1c:9c:2d:12:4c]
RSSI: -86 [da:1a:01:06:11:fe]
RSSI: -76 [da:1c:9c:3c:12:7c]
RSSI: -85 [da:1a:01:06:11:fe]
RSSI: -76 [da:1c:9c:3c:12:7c]
RSSI: -86 [da:1a:01:13:12:2e]
RSSI: -75 [da:1c:9c:49:12:ac]
RSSI: -74 [da:1c:9c:49:12:ac]
RSSI: -86 [da:1a:01:20:12:4e]
RSSI: -74 [da:1c:9c:58:12:dc]
RSSI: -74 [da:1c:9c:58:12:dc]
RSSI: -90 [da:16:f8:17:04:7a]
RSSI: -73 [da:1c:9c:67:13:0c]
RSSI: -89 [da:16:f8:24:04:9a]
RSSI: -73 [da:1c:9c:73:13:2c]
RSSI: -72 [da:1c:9c:73:13:2c]
RSSI: -91 [da:16:f8:31:04:ba]
RSSI: -88 [da:1a:01:47:12:be]
RSSI: -73 [da:1c:9c:82:13:5c]
RSSI: -72 [da:1c:9c:82:13:5c]
RSSI: -87 [da:16:f8:3e:04:da]
RSSI: -73 [da:1c:9c:91:13:8c]
RSSI: -86 [da:16:f8:4a:04:fa]
RSSI: -73 [da:1c:9c:9e:13:ac]
RSSI: -84 [da:16:f8:64:05:4a]
RSSI: -73 [da:1c:9c:ad:13:dc]
RSSI: -84 [da:16:f8:64:05:4a]
RSSI: -74 [da:1c:9c:ad:13:dc]
RSSI: -75 [da:1c:9c:ad:13:dc]
RSSI: -83 [da:16:f8:70:05:6a]
RSSI: -74 [da:1c:9c:bc:14:0c]
RSSI: -75 [da:1c:9c:bc:14:0c]
RSSI: -82 [da:16:f8:7d:05:9a]
RSSI: -75 [da:1c:9c:c8:14:3c]
RSSI: -92 [da:1a:01:97:13:9e]
RSSI: -83 [da:16:f8:8a:05:ba]
RSSI: -75 [da:1c:9c:c8:14:3c]
RSSI: -82 [da:16:f8:8a:05:ba]
RSSI: -81 [da:1c:9c:d7:14:6c]
RSSI: -90 [da:1a:01:b2:13:ee]
RSSI: -82 [da:16:f8:97:05:da]
RSSI: -91 [da:1a:01:b2:13:ee]
RSSI: -81 [da:16:f8:a4:05:fa]
RSSI: -79 [da:1c:9c:f3:14:cc]
RSSI: -82 [da:16:f8:b1:06:2a]
RSSI: -90 [da:1a:01:be:14:1e]
RSSI: -84 [da:1c:9c:f3:14:cc]
RSSI: -82 [da:16:f8:b1:06:2a]
RSSI: -92 [da:1a:01:cc:14:3e]
RSSI: -84 [da:1c:9d:02:14:fc]
RSSI: -83 [da:1c:9d:02:14:fc]
RSSI: -82 [da:16:f8:bd:06:4a]
RSSI: -83 [da:1c:9d:02:14:fc]
RSSI: -84 [da:1c:9d:11:15:1c]
RSSI: -80 [da:16:f8:ca:06:6a]
RSSI: -79 [da:1c:9d:11:15:1c]
RSSI: -82 [da:16:f8:d7:06:9a]
RSSI: -82 [da:1c:9d:1d:15:4c]
RSSI: -82 [da:16:f8:d7:06:9a]
RSSI: -81 [da:16:f8:e3:06:ba]
RSSI: -91 [da:1a:02:01:14:de]
RSSI: -83 [da:1c:9d:2c:15:7c]
RSSI: -89 [da:1a:02:01:14:de]
RSSI: -89 [da:1a:02:0e:14:fe]
RSSI: -88 [da:1a:02:0e:14:fe]
RSSI: -84 [da:1c:9d:48:15:cc]
RSSI: -89 [da:1a:02:1b:15:1e]
RSSI: -81 [da:16:f9:0a:07:2a]
RSSI: -86 [da:1c:9d:57:15:fc]
RSSI: -85 [da:16:f9:17:07:4a]
RSSI: -92 [da:1a:02:35:15:6e]
RSSI: -83 [da:1c:9d:66:16:2c]
RSSI: -82 [da:16:f9:23:07:6a]
RSSI: -83 [da:16:f9:23:07:6a]
RSSI: -87 [da:1c:9d:72:16:5c]
RSSI: -84 [da:1c:9d:72:16:5c]
RSSI: -92 [da:1a:02:43:15:8e]
RSSI: -83 [da:16:f9:30:07:8a]
RSSI: -92 [da:1a:02:50:15:ae]
RSSI: -86 [da:1c:9d:81:00:0c]
RSSI: -84 [da:16:f9:3d:07:ba]
RSSI: -84 [da:1c:9d:81:00:0c]
RSSI: -85 [da:16:f9:3d:07:ba]
RSSI: -86 [da:16:f9:4a:07:da]
RSSI: -85 [da:1c:9d:90:00:2c]
RSSI: -86 [da:16:f9:4a:07:da]
RSSI: -85 [da:1c:9d:9d:00:5c]
RSSI: -89 [da:1a:02:78:16:1e]
RSSI: -84 [da:1c:9d:ac:00:8c]
RSSI: -86 [da:1c:9d:c8:00:dc]
RSSI: -94 [da:16:f9:7d:08:6a]
RSSI: -92 [da:15:15:8b:00:4b]
RSSI: -94 [da:15:15:8b:00:4b]
RSSI: -88 [da:16:f9:8a:08:8a]
RSSI: -90 [da:1c:9d:d7:01:1c]
RSSI: -84 [da:1c:9d:e5:01:3c]
RSSI: -84 [da:1c:9d:f2:01:6c]
RSSI: -90 [da:16:f9:b0:08:fa]
RSSI: -93 [da:16:f9:bd:09:1a]
RSSI: -84 [da:1c:9e:10:01:cc]
RSSI: -83 [da:1c:9e:1d:01:fc]
RSSI: -93 [da:16:f9:d7:09:6a]
RSSI: -88 [da:15:15:e7:01:5b]
RSSI: -87 [da:15:15:e7:01:5b]
RSSI: -89 [da:15:15:f4:01:8b]
RSSI: -86 [da:1c:9e:3b:02:4c]
RSSI: -84 [da:1c:9e:3b:02:4c]
RSSI: -91 [da:15:16:01:01:ab]
RSSI: -93 [da:1a:03:17:01:8e]
RSSI: -82 [da:1c:9e:47:02:7c]
RSSI: -85 [da:1c:9e:47:02:7c]
RSSI: -86 [da:15:16:0e:01:cb]
RSSI: -84 [da:1c:9e:65:02:dc]
RSSI: -89 [da:15:16:28:02:1b]
RSSI: -89 [da:1a:03:3f:01:fe]
RSSI: -89 [da:15:16:36:02:3b]
RSSI: -87 [da:1c:9e:72:02:fc]
RSSI: -88 [da:15:16:36:02:3b]
RSSI: -87 [da:1c:9e:72:02:fc]
RSSI: -88 [da:1c:9e:90:03:5c]
RSSI: -87 [da:1c:9e:90:03:5c]
RSSI: -94 [da:16:fa:57:0a:da]
RSSI: -93 [da:15:16:6a:02:db]
RSSI: -89 [da:1c:9e:ac:03:bc]
RSSI: -90 [da:1c:9e:ac:03:bc]
RSSI: -92 [da:16:fa:a4:0b:ba]
RSSI: -94 [da:1a:03:c3:03:6e]
RSSI: -92 [da:16:fa:ca:0c:2a]
RSSI: -93 [da:1a:03:eb:03:ee]
RSSI: -89 [da:1a:03:f9:04:0e]
RSSI: -89 [da:1a:03:f9:04:0e]
RSSI: -89 [da:1c:9f:2c:05:4c]
RSSI: -90 [da:1a:04:06:04:2e]
RSSI: -92 [da:16:fa:f1:0c:9a]
RSSI: -90 [da:1a:04:06:04:2e]
RSSI: -95 [da:15:17:03:04:9b]
RSSI: -94 [da:1c:9f:47:05:ac]
RSSI: -87 [da:16:fb:0a:0c:da]
RSSI: -91 [da:16:fb:17:0d:0a]
RSSI: -95 [da:1a:04:3b:04:ce]
RSSI: -93 [da:15:17:38:05:3b]
RSSI: -90 [da:16:fb:3e:0d:7a]
RSSI: -91 [da:1c:9f:81:06:5c]
RSSI: -88 [da:16:fb:58:0d:ba]
RSSI: -88 [da:16:fb:64:0d:ea]
RSSI: -91 [da:1a:04:7e:05:8e]
RSSI: -92 [da:1c:9f:bb:07:0c]
RSSI: -86 [da:16:fb:71:0e:0a]
RSSI: -88 [da:1c:9f:bb:07:0c]
RSSI: -86 [da:16:fb:7e:0e:2a]
RSSI: -88 [da:1c:9f:c8:07:3c]
RSSI: -89 [da:16:fb:8b:0e:4a]
RSSI: -87 [da:1c:9f:d7:07:6c]
RSSI: -86 [da:1c:9f:e6:07:9c]
RSSI: -90 [da:16:fb:a5:0e:9a]
RSSI: -91 [da:1c:9f:f2:07:cc]
RSSI: -90 [da:16:fb:b2:0e:ba]
RSSI: -89 [da:1c:9f:f2:07:cc]
RSSI: -92 [da:16:fb:e5:0f:4a]
RSSI: -91 [da:1c:a0:2c:08:7c]
RSSI: -91 [da:16:fb:e5:0f:4a]
RSSI: -87 [da:1c:a0:3b:08:ac]
RSSI: -90 [da:16:fb:f2:0f:7a]
RSSI: -90 [da:16:fc:0c:0f:ba]
RSSI: -96 [da:15:18:25:08:0b]
RSSI: -97 [da:1a:05:38:07:ae]
RSSI: -86 [da:1c:a0:73:09:6c]
RSSI: -94 [da:1a:05:52:07:ee]
RSSI: -89 [da:1c:a0:91:09:cc]
RSSI: -95 [da:1c:a0:9e:09:ec]
RSSI: -83 [da:1c:a0:ad:0a:1c]
RSSI: -93 [da:1c:a0:ad:0a:1c]
RSSI: -82 [da:1c:a0:bc:0a:4c]
RSSI: -87 [da:1c:a0:c9:0a:7c]
RSSI: -87 [da:1c:a0:d8:0a:ac]
RSSI: -89 [da:1a:05:b0:09:0e]
RSSI: -83 [da:1c:a0:e7:0a:dc]
RSSI: -91 [da:1a:05:be:09:2e]
RSSI: -86 [da:1c:a0:f4:0a:fc]
RSSI: -87 [da:1c:a0:f4:0a:fc]
RSSI: -83 [da:1c:a1:03:0b:3c]
RSSI: -90 [da:1a:05:d8:09:7e]
RSSI: -85 [da:1c:a1:12:0b:6c]
RSSI: -90 [da:1a:05:e6:09:9e]
RSSI: -86 [da:1c:a1:1e:0b:8c]
RSSI: -86 [da:1c:a1:1e:0b:8c]
RSSI: -84 [da:1c:a1:2e:0b:bc]
RSSI: -84 [da:1c:a1:2e:0b:bc]
RSSI: -82 [da:1c:a1:3d:0b:ec]
RSSI: -81 [da:1c:a1:3d:0b:ec]
RSSI: -84 [da:1c:a1:3d:0b:ec]
RSSI: -84 [da:1c:a1:3d:0b:ec]
RSSI: -80 [da:1c:a1:49:0c:1c]
RSSI: -86 [da:1a:06:1b:0a:3e]
RSSI: -86 [da:1c:a1:74:0c:9c]
RSSI: -85 [da:1a:06:43:0a:ae]
RSSI: -83 [da:1c:a1:74:0c:9c]
RSSI: -85 [da:1a:06:43:0a:ae]
RSSI: -85 [da:1a:06:51:0a:de]
RSSI: -87 [da:1a:06:5e:0a:fe]
RSSI: -87 [da:1a:06:6b:0b:1e]
RSSI: -87 [da:1a:06:6b:0b:1e]
RSSI: -83 [da:1c:a1:9f:0d:2c]
RSSI: -84 [da:1a:06:79:0b:4e]
RSSI: -85 [da:1c:a1:ae:0d:5c]
RSSI: -83 [da:1a:06:87:0b:6e]
RSSI: -82 [da:1a:06:87:0b:6e]
RSSI: -82 [da:1a:06:87:0b:6e]
RSSI: -82 [da:1a:06:93:0b:9e]
RSSI: -81 [da:1a:06:93:0b:9e]
RSSI: -79 [da:1a:06:a1:0b:be]
RSSI: -79 [da:1a:06:a1:0b:be]
RSSI: -83 [da:1c:a1:d9:0d:ec]
RSSI: -76 [da:1a:06:af:0b:ee]
RSSI: -88 [da:1c:a1:f5:0e:3c]
RSSI: -76 [da:1a:06:c9:0c:3e]
RSSI: -75 [da:1a:06:c9:0c:3e]
RSSI: -74 [da:1a:06:d7:0c:5e]
RSSI: -88 [da:1c:a2:04:0e:6c]
RSSI: -75 [da:1a:06:d7:0c:5e]
RSSI: -74 [da:1a:06:e3:0c:8e]
RSSI: -73 [da:1a:06:e3:0c:8e]
RSSI: -75 [da:1a:06:f1:0c:ae]
RSSI: -86 [da:1c:a2:20:0e:cc]
RSSI: -74 [da:1a:06:f1:0c:ae]
RSSI: -72 [da:1a:06:ff:0c:de]
RSSI: -74 [da:1a:06:ff:0c:de]
RSSI: -74 [da:1a:07:0c:0c:fe]
RSSI: -84 [da:1c:a2:3f:0f:2c]
RSSI: -72 [da:1a:07:0c:0c:fe]
RSSI: -74 [da:1a:07:1a:0d:1e]
RSSI: -74 [da:1a:07:1a:0d:1e]
RSSI: -73 [da:1a:07:1a:0d:1e]
RSSI: -75 [da:1a:07:27:0d:4e]
RSSI: -87 [da:1c:a2:5a:0f:7c]
RSSI: -87 [da:1c:a2:5a:0f:7c]
RSSI: -92 [da:16:fe:1e:15:9a]
RSSI: -72 [da:1a:07:34:0d:6e]
RSSI: -82 [da:1c:a2:6a:0f:ac]
RSSI: -86 [da:1c:a2:6a:0f:ac]
RSSI: -74 [da:1a:07:42:0d:9e]
RSSI: -83 [da:1c:a2:76:0f:dc]
RSSI: -75 [da:1a:07:4f:0d:be]
RSSI: -74 [da:1a:07:4f:0d:be]
RSSI: -85 [da:1c:a2:86:10:0c]
RSSI: -73 [da:1a:07:5c:0d:de]
RSSI: -75 [da:1a:07:5c:0d:de]
RSSI: -83 [da:1c:a2:95:10:3c]
RSSI: -76 [da:1a:07:6a:0e:0e]
RSSI: -74 [da:1a:07:6a:0e:0e]
RSSI: -84 [da:1c:a2:a1:10:5c]
RSSI: -76 [da:1a:07:78:0e:2e]
RSSI: -83 [da:1c:a2:b1:10:9c]
RSSI: -75 [da:1a:07:84:0e:4e]
RSSI: -79 [da:1a:07:84:0e:4e]
RSSI: -82 [da:1c:a2:c0:10:cc]
RSSI: -79 [da:1a:07:92:0e:7e]
RSSI: -77 [da:1a:07:92:0e:7e]
RSSI: -81 [da:1a:07:a0:0e:9e]
RSSI: -81 [da:1a:07:a0:0e:9e]
RSSI: -92 [da:1c:a2:dc:11:1c]
RSSI: -85 [da:1a:07:ad:0e:ce]
RSSI: -86 [da:1c:a2:eb:11:4c]
RSSI: -84 [da:1a:07:ba:0e:ee]
RSSI: -89 [da:1c:a2:eb:11:4c]
RSSI: -87 [da:1a:07:d5:0f:3e]
RSSI: -87 [da:1a:07:e3:0f:6e]
RSSI: -89 [da:1c:a3:16:11:dc]
RSSI: -85 [da:1a:07:f1:0f:8e]
RSSI: -89 [da:16:fe:d3:01:4a]
RSSI: -85 [da:1a:07:f1:0f:8e]
RSSI: -85 [da:1a:07:fd:0f:ae]
RSSI: -86 [da:1a:07:fd:0f:ae]
RSSI: -84 [da:1a:08:0b:0f:de]
RSSI: -85 [da:1a:08:0b:0f:de]
RSSI: -88 [da:1c:a3:41:12:5c]
RSSI: -88 [da:16:fe:fa:01:ba]
RSSI: -85 [da:1a:08:0b:0f:de]
RSSI: -86 [da:16:ff:07:01:da]
RSSI: -84 [da:1a:08:19:10:0e]
RSSI: -79 [da:1c:a3:4e:12:8c]
RSSI: -88 [da:16:ff:07:01:da]
RSSI: -85 [da:1a:08:25:10:2e]
RSSI: -88 [da:16:ff:14:01:fa]
RSSI: -79 [da:1c:a3:5d:12:bc]
RSSI: -91 [da:16:ff:21:02:2a]
RSSI: -85 [da:1a:08:33:10:4e]
RSSI: -85 [da:1c:a3:6c:12:ec]
RSSI: -85 [da:16:ff:21:02:2a]
RSSI: -86 [da:1a:08:41:10:7e]
RSSI: -88 [da:16:ff:2e:02:4a]
RSSI: -83 [da:1c:a3:79:13:1c]
RSSI: -83 [da:1c:a3:79:13:1c]
RSSI: -87 [da:16:ff:3b:02:6a]
RSSI: -82 [da:1c:a3:88:13:4c]
RSSI: -87 [da:16:ff:48:02:8a]
RSSI: -85 [da:1a:08:5c:10:be]
RSSI: -82 [da:1c:a3:88:13:4c]
RSSI: -94 [da:16:ff:48:02:8a]
RSSI: -89 [da:1a:08:5c:10:be]
RSSI: -82 [da:1c:a3:97:13:7c]
RSSI: -85 [da:1a:08:69:10:ee]
RSSI: -79 [da:1c:a3:97:13:7c]
RSSI: -84 [da:16:ff:55:02:ba]
RSSI: -86 [da:1a:08:69:10:ee]
RSSI: -91 [da:16:ff:55:02:ba]
RSSI: -90 [da:1a:08:76:11:0e]
RSSI: -80 [da:1c:a3:a4:13:9c]
RSSI: -86 [da:16:ff:62:02:da]
RSSI: -87 [da:1a:08:76:11:0e]
RSSI: -85 [da:16:ff:62:02:da]
RSSI: -87 [da:16:ff:6f:02:fa]
RSSI: -79 [da:1c:a3:b3:13:cc]
RSSI: -85 [da:16:ff:6f:02:fa]
RSSI: -78 [da:1c:a3:b3:13:cc]
RSSI: -81 [da:1c:a3:c2:13:fc]
RSSI: -88 [da:16:ff:7c:03:2a]
RSSI: -78 [da:1c:a3:c2:13:fc]
RSSI: -87 [da:1a:08:92:11:5e]
RSSI: -85 [da:16:ff:7c:03:2a]
RSSI: -89 [da:16:ff:89:03:4a]
RSSI: -81 [da:1c:a3:cf:14:2c]
RSSI: -79 [da:16:ff:89:03:4a]
RSSI: -82 [da:1c:a3:cf:14:2c]
RSSI: -87 [da:16:ff:96:03:6a]
RSSI: -78 [da:1c:a3:ee:14:8c]
RSSI: -87 [da:1a:08:ba:11:ce]
RSSI: -80 [da:1c:a3:ee:14:8c]
RSSI: -86 [da:16:ff:b0:03:ba]
RSSI: -89 [da:1a:08:c7:11:fe]
RSSI: -88 [da:1c:a3:fa:14:ac]
RSSI: -86 [da:16:ff:b0:03:ba]
RSSI: -83 [da:1c:a3:fa:14:ac]
RSSI: -84 [da:16:ff:bd:03:da]
RSSI: -83 [da:1c:a4:0a:14:dc]
RSSI: -90 [da:1a:08:e3:12:4e]
RSSI: -85 [da:16:ff:ca:03:fa]
RSSI: -82 [da:16:ff:d7:04:2a]
RSSI: -83 [da:16:ff:e4:04:4a]
RSSI: -87 [da:1c:a4:25:15:3c]
RSSI: -84 [da:16:ff:e4:04:4a]
RSSI: -92 [da:1a:09:0b:12:be]
RSSI: -84 [da:1c:a4:44:15:9c]
RSSI: -83 [da:16:ff:fe:04:9a]
RSSI: -85 [da:1c:a4:44:15:9c]
RSSI: -92 [da:1a:09:18:12:de]
RSSI: -87 [da:1c:a4:60:15:ec]
RSSI: -79 [da:17:00:25:05:0a]
RSSI: -83 [da:1c:a4:6f:16:1c]
RSSI: -78 [da:17:00:32:05:2a]
RSSI: -84 [da:1c:a4:7c:16:4c]
RSSI: -84 [da:1c:a4:7c:16:4c]
RSSI: -77 [da:17:00:40:05:4a]
RSSI: -76 [da:17:00:40:05:4a]
RSSI: -74 [da:17:00:4c:05:7a]
RSSI: -74 [da:17:00:4c:05:7a]
RSSI: -76 [da:17:00:4c:05:7a]
RSSI: -91 [da:1c:a4:9a:00:3c]
RSSI: -84 [da:1c:a4:9a:00:3c]
RSSI: -75 [da:17:00:59:05:9a]
RSSI: -83 [da:1c:a4:a7:00:5c]
RSSI: -74 [da:17:00:67:05:ba]
RSSI: -74 [da:17:00:67:05:ba]
RSSI: -74 [da:17:00:73:05:da]
RSSI: -74 [da:17:00:73:05:da]
RSSI: -89 [da:1c:a4:c6:00:bc]
RSSI: -85 [da:1c:a4:c6:00:bc]
RSSI: -74 [da:17:00:81:06:0a]
RSSI: -87 [da:1c:a4:c6:00:bc]
RSSI: -73 [da:17:00:81:06:0a]
RSSI: -91 [da:1a:09:9f:14:6e]
RSSI: -74 [da:17:00:8e:06:2a]
RSSI: -74 [da:17:00:8e:06:2a]
RSSI: -73 [da:17:00:9a:06:4a]
RSSI: -74 [da:17:00:9a:06:4a]
RSSI: -74 [da:17:00:a8:06:7a]
RSSI: -88 [da:1c:a4:f1:01:4c]
RSSI: -74 [da:17:00:a8:06:7a]
RSSI: -85 [da:1c:a4:f1:01:4c]
RSSI: -74 [da:17:00:b5:06:9a]
RSSI: -74 [da:17:00:b5:06:9a]
RSSI: -85 [da:1c:a4:fe:01:6c]
RSSI: -74 [da:17:00:b5:06:9a]
RSSI: -75 [da:17:00:c2:06:ba]
RSSI: -85 [da:1c:a5:0d:01:9c]
RSSI: -75 [da:17:00:c2:06:ba]
RSSI: -84 [da:1c:a5:0d:01:9c]
RSSI: -75 [da:17:00:cf:06:ea]
RSSI: -84 [da:1c:a5:0d:01:9c]
RSSI: -76 [da:17:00:cf:06:ea]
RSSI: -75 [da:17:00:dc:07:0a]
RSSI: -84 [da:1c:a5:1c:01:cc]
RSSI: -90 [da:1a:09:f0:15:4e]
RSSI: -76 [da:17:00:dc:07:0a]
RSSI: -86 [da:1c:a5:29:01:fc]
RSSI: -76 [da:17:00:e9:07:2a]
RSSI: -76 [da:17:00:e9:07:2a]
RSSI: -85 [da:1c:a5:38:02:2c]
RSSI: -77 [da:17:00:f6:07:5a]
RSSI: -87 [da:1a:0a:0a:15:9e]
RSSI: -80 [da:17:00:f6:07:5a]
RSSI: -86 [da:1c:a5:48:02:5c]
RSSI: -78 [da:17:01:03:07:7a]
RSSI: -83 [da:1c:a5:48:02:5c]
RSSI: -79 [da:17:01:03:07:7a]
RSSI: -81 [da:1c:a5:54:02:7c]
RSSI: -79 [da:17:01:10:07:9a]
RSSI: -90 [da:15:1d:1f:00:5b]
RSSI: -84 [da:17:01:1d:07:ca]
RSSI: -84 [da:1c:a5:64:02:ac]
RSSI: -81 [da:17:01:2a:07:ea]
RSSI: -84 [da:1c:a5:73:02:dc]
RSSI: -90 [da:1a:0a:41:16:3e]
RSSI: -83 [da:17:01:2a:07:ea]
RSSI: -85 [da:17:01:37:08:0a]
RSSI: -87 [da:15:1d:47:00:cb]
RSSI: -87 [da:1c:a5:80:03:0c]
RSSI: -87 [da:17:01:44:08:3a]
RSSI: -92 [da:1c:a5:8f:03:3c]
RSSI: -88 [da:15:1d:54:00:eb]
RSSI: -85 [da:1c:a5:9e:03:6c]
RSSI: -86 [da:15:1d:62:01:1b]
RSSI: -87 [da:1c:a5:9e:03:6c]
RSSI: -87 [da:15:1d:62:01:1b]
RSSI: -89 [da:15:1d:6f:01:3b]
RSSI: -85 [da:1c:a5:ab:03:9c]
RSSI: -92 [da:1a:0a:84:00:9e]
RSSI: -86 [da:1c:a5:ca:03:fc]
RSSI: -86 [da:15:1d:8a:01:8b]
RSSI: -87 [da:1c:a5:ca:03:fc]
RSSI: -88 [da:15:1d:97:01:bb]
RSSI: -88 [da:1c:a5:d6:04:1c]
RSSI: -89 [da:15:1d:97:01:bb]
RSSI: -84 [da:1c:a5:e6:04:4c]
RSSI: -85 [da:1c:a5:e6:04:4c]
RSSI: -87 [da:15:1d:b2:02:0b]
RSSI: -84 [da:1c:a5:f5:04:7c]
RSSI: -87 [da:15:1d:c0:02:2b]
RSSI: -89 [da:1c:a6:02:04:ac]
RSSI: -90 [da:1a:0a:e3:01:ae]
RSSI: -81 [da:1c:a6:11:04:dc]
RSSI: -96 [da:17:01:d4:09:ca]
RSSI: -88 [da:15:1d:e8:02:ab]
RSSI: -88 [da:1c:a6:2d:05:2c]
RSSI: -83 [da:1c:a6:2d:05:2c]
RSSI: -83 [da:1c:a6:2d:05:2c]
RSSI: -90 [da:15:1e:02:02:fb]
RSSI: -88 [da:1c:a6:4c:05:8c]
RSSI: -90 [da:1c:a6:68:05:ec]
RSSI: -94 [da:15:1e:2a:03:6b]
RSSI: -93 [da:1a:0b:42:02:be]
RSSI: -91 [da:17:02:3d:0a:fa]
RSSI: -89 [da:1c:a6:84:06:4c]
RSSI: -92 [da:17:02:3d:0a:fa]
RSSI: -92 [da:1c:a6:93:06:7c]
RSSI: -94 [da:15:1e:6d:04:3b]
RSSI: -95 [da:17:02:65:0b:6a]
RSSI: -89 [da:1c:a6:af:06:cc]
RSSI: -95 [da:1a:0b:86:03:7e]
RSSI: -94 [da:17:02:7f:0b:ba]
RSSI: -95 [da:15:1e:89:04:8b]
RSSI: -86 [da:1c:a6:ce:07:2c]
RSSI: -89 [da:1c:a6:db:07:5c]
RSSI: -91 [da:15:1e:95:04:ab]
RSSI: -89 [da:1c:a6:ea:07:8c]
RSSI: -88 [da:1a:0b:bc:04:1e]
RSSI: -88 [da:1c:a6:ea:07:8c]
RSSI: -88 [da:1a:0b:c9:04:3e]
RSSI: -85 [da:1c:a7:06:07:ec]
RSSI: -89 [da:1a:0b:d7:04:6e]
RSSI: -89 [da:1a:0b:e5:04:8e]
RSSI: -84 [da:1c:a7:16:08:1c]
RSSI: -92 [da:15:1e:e6:05:9b]
RSSI: -92 [da:17:02:e7:0c:da]
RSSI: -91 [da:15:1f:01:05:eb]
RSSI: -91 [da:17:02:f5:0d:0a]
RSSI: -90 [da:17:03:02:0d:2a]
RSSI: -91 [da:1a:0c:1a:05:2e]
RSSI: -88 [da:1c:a7:51:08:dc]
RSSI: -91 [da:17:03:14:0d:5a]
RSSI: -92 [da:1a:0c:36:05:7e]
RSSI: -88 [da:1c:a7:6d:09:2c]
RSSI: -88 [da:1c:a7:7c:09:5c]
RSSI: -95 [da:1a:0c:56:05:ce]
RSSI: -93 [da:17:03:3e:0d:da]
RSSI: -91 [da:1c:a7:89:09:8c]
RSSI: -89 [da:17:03:66:0e:4a]
RSSI: -89 [da:17:03:66:0e:4a]
RSSI: -92 [da:17:03:73:0e:6a]
RSSI: -88 [da:1c:a7:ba:0a:1c]
RSSI: -88 [da:1c:a7:d9:0a:8c]
RSSI: -96 [da:15:1f:95:07:ab]
RSSI: -84 [da:1c:a7:e6:0a:ac]
RSSI: -95 [da:17:03:b5:0f:2a]
RSSI: -84 [da:1c:a8:05:0b:0c]
RSSI: -85 [da:1c:a8:05:0b:0c]
RSSI: -85 [da:1c:a8:05:0b:0c]
RSSI: -85 [da:1c:a8:31:0b:9c]
RSSI: -84 [da:1c:a8:3d:0b:cc]
RSSI: -85 [da:1c:a8:4d:0b:fc]
RSSI: -85 [da:1c:a8:4d:0b:fc]
RSSI: -96 [da:17:04:39:10:aa]
RSSI: -89 [da:1c:a8:88:0c:bc]
RSSI: -90 [da:1c:a8:94:0c:dc]
RSSI: -96 [da:1a:0d:68:08:ee]
RSSI: -91 [da:1c:a8:a4:0d:0c]
RSSI: -90 [da:1a:0d:76:09:1e]
RSSI: -87 [da:1c:a8:b3:0d:4c]
RSSI: -95 [da:1a:0d:9f:09:8e]
RSSI: -92 [da:1c:a8:d0:0d:9c]
RSSI: -90 [da:1a:0d:ad:09:ae]
RSSI: -92 [da:1a:0d:ba:09:de]
RSSI: -89 [da:1a:0d:c8:09:fe]
RSSI: -87 [da:1a:0d:d6:0a:2e]
RSSI: -89 [da:1c:a9:0b:0e:5c]
RSSI: -84 [da:1a:0d:e3:0a:4e]
RSSI: -91 [da:1c:a9:17:0e:8c]
RSSI: -86 [da:1a:0d:f1:0a:7e]
RSSI: -85 [da:1a:0d:f1:0a:7e]
RSSI: -87 [da:1a:0d:ff:0a:ae]
RSSI: -88 [da:1a:0d:ff:0a:ae]
RSSI: -86 [da:1c:a9:36:0e:ec]
RSSI: -87 [da:1c:a9:43:0f:0c]
RSSI: -86 [da:1c:a9:43:0f:0c]
RSSI: -88 [da:1a:0e:1a:0a:fe]
RSSI: -84 [da:1c:a9:53:0f:4c]
RSSI: -90 [da:1a:0e:28:0b:1e]
RSSI: -87 [da:1a:0e:35:0b:3e]
RSSI: -85 [da:1c:a9:6f:0f:9c]
RSSI: -85 [da:1a:0e:43:0b:6e]
RSSI: -84 [da:1c:a9:6f:0f:9c]
RSSI: -85 [da:1a:0e:43:0b:6e]
RSSI: -82 [da:1a:0e:51:0b:9e]
RSSI: -86 [da:1c:a9:7e:0f:cc]
RSSI: -82 [da:1a:0e:51:0b:9e]
RSSI: -81 [da:1a:0e:5e:0b:be]
RSSI: -81 [da:1a:0e:5e:0b:be]
RSSI: -83 [da:1c:a9:9b:10:2c]
RSSI: -80 [da:1a:0e:6c:0b:de]
RSSI: -80 [da:1a:0e:7a:0c:0e]
RSSI: -83 [da:1c:a9:aa:10:5c]
RSSI: -79 [da:1a:0e:7a:0c:0e]
RSSI: -78 [da:1a:0e:87:0c:2e]
RSSI: -87 [da:1c:a9:c6:10:bc]
RSSI: -77 [da:1a:0e:95:0c:5e]
RSSI: -86 [da:1c:a9:c6:10:bc]
RSSI: -75 [da:1a:0e:a3:0c:7e]
RSSI: -90 [da:1c:a9:d6:10:ec]
RSSI: -77 [da:1a:0e:b0:0c:ae]
RSSI: -76 [da:1a:0e:b0:0c:ae]
RSSI: -79 [da:1a:0e:be:0c:ce]
RSSI: -77 [da:1a:0e:be:0c:ce]
RSSI: -90 [da:1c:a9:f2:11:3c]
RSSI: -76 [da:1a:0e:cc:0c:fe]
RSSI: -86 [da:1c:aa:02:11:7c]
RSSI: -77 [da:1a:0e:cc:0c:fe]
RSSI: -86 [da:1c:aa:02:11:7c]
RSSI: -77 [da:1a:0e:d9:0d:1e]
RSSI: -76 [da:1a:0e:d9:0d:1e]
RSSI: -76 [da:1a:0e:d9:0d:1e]
RSSI: -82 [da:1c:aa:11:11:ac]
RSSI: -78 [da:1a:0e:e7:0d:4e]
RSSI: -81 [da:1c:aa:1e:11:cc]
RSSI: -79 [da:1a:0e:f5:0d:6e]
RSSI: -91 [da:17:05:df:15:5a]
RSSI: -78 [da:1c:aa:2d:11:fc]
RSSI: -77 [da:1a:0f:02:0d:8e]
RSSI: -91 [da:17:05:ed:15:8a]
RSSI: -78 [da:1c:aa:2d:11:fc]
RSSI: -78 [da:1a:0f:02:0d:8e]
RSSI: -76 [da:1c:aa:3d:12:2c]
RSSI: -75 [da:1c:aa:3d:12:2c]
RSSI: -78 [da:1a:0f:10:0d:be]
RSSI: -81 [da:1a:0f:1e:0d:ee]
RSSI: -75 [da:1c:aa:59:12:8c]
RSSI: -80 [da:1a:0f:2b:0e:0e]
RSSI: -76 [da:1c:aa:59:12:8c]
RSSI: -82 [da:1a:0f:2b:0e:0e]
RSSI: -74 [da:1c:aa:69:12:bc]
RSSI: -92 [da:17:06:22:16:1a]
RSSI: -74 [da:1c:aa:69:12:bc]
RSSI: -82 [da:1a:0f:39:0e:3e]
RSSI: -83 [da:1a:0f:47:0e:5e]
RSSI: -83 [da:1a:0f:47:0e:5e]
RSSI: -74 [da:1c:aa:85:13:0c]
RSSI: -84 [da:1a:0f:54:0e:8e]
RSSI: -73 [da:1c:aa:85:13:0c]
RSSI: -75 [da:1c:aa:95:13:3c]
RSSI: -75 [da:1c:aa:95:13:3c]
RSSI: -75 [da:1c:aa:95:13:3c]
RSSI: -74 [da:1c:aa:a1:13:6c]
RSSI: -76 [da:1c:aa:a1:13:6c]
RSSI: -75 [da:1c:aa:b1:13:9c]
RSSI: -90 [da:1a:0f:7d:0e:fe]
RSSI: -78 [da:1c:aa:c0:13:cc]
RSSI: -90 [da:1a:0f:99:0f:4e]
RSSI: -88 [da:1a:0f:99:0f:4e]
RSSI: -83 [da:1c:aa:cd:13:fc]
RSSI: -84 [da:1c:aa:cd:13:fc]
RSSI: -89 [da:1a:0f:a6:0f:7e]
RSSI: -89 [da:1a:0f:a6:0f:7e]
RSSI: -89 [da:1a:0f:b4:0f:9e]
RSSI: -85 [da:1c:aa:ec:14:5c]
RSSI: -85 [da:1c:aa:ec:14:5c]
RSSI: -87 [da:1a:0f:c2:0f:ce]
RSSI: -87 [da:1c:aa:f9:14:7c]
RSSI: -89 [da:17:06:b3:01:7a]
RSSI: -87 [da:1a:0f:cf:0f:ee]
RSSI: -88 [da:1a:0f:dd:10:1e]
RSSI: -91 [da:17:06:c1:01:aa]
RSSI: -85 [da:1c:ab:09:14:ac]
RSSI: -87 [da:1a:0f:dd:10:1e]
RSSI: -88 [da:1a:0f:dd:10:1e]
RSSI: -88 [da:1a:0f:dd:10:1e]
RSSI: -81 [da:1c:ab:18:14:dc]
RSSI: -89 [da:1a:0f:eb:10:3e]
RSSI: -82 [da:1c:ab:18:14:dc]
RSSI: -88 [da:1a:0f:eb:10:3e]
RSSI: -83 [da:1c:ab:25:15:0c]
RSSI: -88 [da:1a:10:06:10:8e]
RSSI: -89 [da:1a:10:06:10:8e]
RSSI: -88 [da:1a:10:14:10:be]
RSSI: -84 [da:1c:ab:51:15:9c]
RSSI: -85 [da:1c:ab:60:15:cc]
RSSI: -84 [da:1c:ab:60:15:cc]
RSSI: -85 [da:1c:ab:70:15:fc]
RSSI: -92 [da:17:07:2b:02:ca]
RSSI: -90 [da:1a:10:59:11:7e]
RSSI: -92 [da:17:07:45:03:1a]
RSSI: -87 [da:1c:ab:9c:00:0c]
RSSI: -94 [da:17:07:60:03:6a]
RSSI: -93 [da:1c:ab:c8:00:6c]
RSSI: -89 [da:1c:ab:d4:00:8c]
RSSI: -91 [da:17:07:95:03:fa]
RSSI: -92 [da:1c:ab:e4:00:bc]
RSSI: -88 [da:1c:ab:f4:00:ec]
RSSI: -90 [da:17:07:b0:04:3a]
RSSI: -89 [da:1c:ac:00:01:1c]
RSSI: -93 [da:17:07:ca:04:8a]
RSSI: -88 [da:1c:ac:10:01:4c]
RSSI: -87 [da:1c:ac:20:01:7c]
RSSI: -86 [da:1c:ac:2c:01:ac]
RSSI: -88 [da:1c:ac:3c:01:dc]
RSSI: -88 [da:1c:ac:4c:02:0c]
RSSI: -91 [da:17:08:0d:05:4a]
RSSI: -84 [da:1c:ac:58:02:2c]
RSSI: -85 [da:1c:ac:58:02:2c]
RSSI: -89 [da:17:08:1a:05:6a]
RSSI: -86 [da:1c:ac:68:02:5c]
RSSI: -86 [da:1c:ac:68:02:5c]
RSSI: -87 [da:17:08:34:05:ba]
RSSI: -87 [da:17:08:34:05:ba]
RSSI: -93 [da:1c:ac:84:02:bc]
RSSI: -88 [da:17:08:42:05:da]
RSSI: -88 [da:17:08:42:05:da]
RSSI: -86 [da:17:08:50:06:0a]
RSSI: -83 [da:17:08:50:06:0a]
RSSI: -86 [da:17:08:5c:06:2a]
RSSI: -85 [da:17:08:6a:06:4a]
RSSI: -88 [da:1c:ac:b0:03:4c]
RSSI: -87 [da:1c:ac:b0:03:4c]
RSSI: -83 [da:17:08:78:06:7a]
RSSI: -91 [da:1c:ac:c0:03:7c]
RSSI: -87 [da:1c:ac:c0:03:7c]
RSSI: -86 [da:1c:ac:d0:03:ac]
RSSI: -89 [da:1c:ac:d0:03:ac]
RSSI: -85 [da:17:08:92:06:ba]
RSSI: -82 [da:17:08:a0:06:ea]
RSSI: -94 [da:1a:11:bd:15:7e]
RSSI: -86 [da:15:24:af:00:4b]
RSSI: -87 [da:1c:ac:ec:03:fc]
RSSI: -87 [da:1c:ac:fc:04:2c]
RSSI: -94 [da:1a:11:cc:15:ae]
RSSI: -87 [da:15:24:bd:00:7b]
RSSI: -85 [da:17:08:ba:07:2a]
RSSI: -87 [da:15:24:ca:00:9b]
RSSI: -85 [da:1c:ad:09:04:5c]
RSSI: -84 [da:17:08:c8:07:5a]
RSSI: -85 [da:15:24:d8:00:cb]
RSSI: -88 [da:17:08:d4:07:7a]
RSSI: -84 [da:1c:ad:18:04:8c]
RSSI: -87 [da:17:08:d4:07:7a]
RSSI: -85 [da:15:24:e6:00:eb]
RSSI: -85 [da:1c:ad:28:04:bc]
RSSI: -83 [da:15:24:f3:01:1b]
RSSI: -87 [da:17:08:f0:07:ca]
RSSI: -83 [da:15:25:01:01:3b]
RSSI: -95 [da:1a:12:10:00:2e]
RSSI: -82 [da:15:25:01:01:3b]
RSSI: -83 [da:15:25:0f:01:6b]
RSSI: -91 [da:17:09:0a:08:0a]
RSSI: -92 [da:17:09:0a:08:0a]
RSSI: -84 [da:15:25:0f:01:6b]
RSSI: -81 [da:15:25:1c:01:8b]
RSSI: -84 [da:15:25:1c:01:8b]
RSSI: -82 [da:15:25:2a:01:bb]
RSSI: -80 [da:15:25:2a:01:bb]
RSSI: -82 [da:15:25:38:01:eb]
RSSI: -84 [da:15:25:38:01:eb]
RSSI: -84 [da:15:25:45:02:0b]
RSSI: -81 [da:15:25:53:02:3b]
RSSI: -92 [da:17:09:5a:08:fa]
RSSI: -81 [da:15:25:7c:02:ab]
RSSI: -86 [da:15:25:7c:02:ab]
RSSI: -85 [da:15:25:8a:02:db]
RSSI: -82 [da:15:25:8a:02:db]
RSSI: -87 [da:15:25:97:02:fb]
RSSI: -86 [da:15:25:97:02:fb]
RSSI: -91 [da:1c:ad:d8:06:ec]
RSSI: -92 [da:15:25:c0:03:7b]
RSSI: -96 [da:1c:ae:05:07:7c]
RSSI: -93 [da:15:25:dc:03:cb]
RSSI: -90 [da:1c:ae:21:07:dc]
RSSI: -89 [da:15:25:e9:03:eb]
RSSI: -89 [da:1c:ae:3e:08:3c]
RSSI: -88 [da:15:26:12:04:6b]
RSSI: -88 [da:1c:ae:4d:08:6c]
RSSI: -89 [da:15:26:3b:04:db]
RSSI: -94 [da:1c:ae:89:09:2c]
RSSI: -91 [da:1a:13:69:04:0e]
RSSI: -89 [da:1a:13:78:04:2e]
RSSI: -88 [da:1a:13:84:04:5e]
RSSI: -89 [da:1a:13:84:04:5e]
RSSI: -90 [da:1a:13:a1:04:ae]
RSSI: -91 [da:1a:13:ae:04:ce]
RSSI: -95 [da:1c:ae:e2:0a:4c]
RSSI: -91 [da:15:26:d2:06:ab]
RSSI: -93 [da:15:26:df:06:cb]
RSSI: -92 [da:1c:af:2b:0b:2c]
RSSI: -92 [da:17:0a:fa:0d:9a]
RSSI: -94 [da:15:27:31:07:cb]
RSSI: -92 [da:1c:af:73:0c:1c]
RSSI: -94 [da:1a:14:9a:07:7e]
RSSI: -91 [da:1c:af:cc:0d:3c]
RSSI: -89 [da:1c:af:f8:0d:bc]
RSSI: -89 [da:1c:b0:08:0d:fc]
RSSI: -94 [da:1c:b0:18:0e:2c]
RSSI: -94 [da:1a:15:17:08:ee]
RSSI: -88 [da:1c:b0:61:0f:0c]
RSSI: -94 [da:1a:15:32:09:3e]
RSSI: -89 [da:1c:b0:61:0f:0c]
RSSI: -92 [da:1a:15:32:09:3e]
RSSI: -93 [da:1c:b0:71:0f:3c]
RSSI: -89 [da:1c:b0:9d:0f:cc]
RSSI: -90 [da:1a:15:6b:09:de]
RSSI: -87 [da:1c:b0:9d:0f:cc]
RSSI: -91 [da:1a:15:77:09:fe]
RSSI: -88 [da:1a:15:86:0a:2e]
RSSI: -83 [da:1c:b0:b9:10:2c]
RSSI: -86 [da:1c:b0:b9:10:2c]
RSSI: -85 [da:1a:15:94:0a:5e]
RSSI: -84 [da:1c:b0:c9:10:5c]
RSSI: -87 [da:1a:15:94:0a:5e]
RSSI: -83 [da:1c:b0:c9:10:5c]
RSSI: -87 [da:1a:15:a1:0a:7e]
RSSI: -87 [da:1a:15:a1:0a:7e]
RSSI: -87 [da:1a:15:a1:0a:7e]
RSSI: -85 [da:1c:b0:d6:10:8c]
RSSI: -88 [da:1a:15:af:0a:ae]
RSSI: -88 [da:1a:15:be:0a:ce]
RSSI: -89 [da:1c:b0:e6:10:bc]
RSSI: -88 [da:1a:15:be:0a:ce]
RSSI: -87 [da:1a:15:d9:0b:1e]
RSSI: -80 [da:1c:b1:22:11:7c]
RSSI: -77 [da:1c:b1:2f:11:9c]
RSSI: -82 [da:1a:16:03:0b:9e]
RSSI: -82 [da:1a:16:03:0b:9e]
RSSI: -78 [da:1c:b1:3f:11:dc]
RSSI: -82 [da:1a:16:11:0b:be]
RSSI: -76 [da:1c:b1:3f:11:dc]
RSSI: -80 [da:1a:16:11:0b:be]
RSSI: -80 [da:1a:16:1e:0b:ee]
RSSI: -80 [da:1a:16:1e:0b:ee]
RSSI: -75 [da:1c:b1:5b:12:2c]
RSSI: -78 [da:1a:16:2d:0c:0e]
RSSI: -74 [da:1c:b1:5b:12:2c]
RSSI: -75 [da:1c:b1:6b:12:6c]
RSSI: -77 [da:1a:16:3b:0c:3e]
RSSI: -75 [da:1c:b1:6b:12:6c]
RSSI: -77 [da:1a:16:48:0c:5e]
RSSI: -76 [da:1c:b1:7b:12:9c]
RSSI: -77 [da:1a:16:48:0c:5e]
RSSI: -75 [da:1c:b1:7b:12:9c]
RSSI: -76 [da:1a:16:56:0c:8e]
RSSI: -75 [da:1c:b1:88:12:bc]
RSSI: -75 [da:1a:16:56:0c:8e]
RSSI: -76 [da:1c:b1:88:12:bc]
RSSI: -75 [da:1a:16:65:0c:be]
RSSI: -75 [da:1c:b1:98:12:ec]
RSSI: -74 [da:1a:16:72:0c:de]
RSSI: -76 [da:1c:b1:a8:13:1c]
RSSI: -76 [da:1c:b1:a8:13:1c]
RSSI: -75 [da:1a:16:80:0d:0e]
RSSI: -77 [da:1c:b1:b4:13:4c]
RSSI: -79 [da:1c:b1:c4:13:7c]
RSSI: -74 [da:1a:16:9b:0d:5e]
RSSI: -75 [da:1a:16:9b:0d:5e]
RSSI: -79 [da:1c:b1:d4:13:ac]
RSSI: -75 [da:1a:16:aa:0d:7e]
RSSI: -79 [da:1c:b1:e1:13:dc]
RSSI: -74 [da:1a:16:aa:0d:7e]
RSSI: -75 [da:1a:16:b9:0d:ae]
RSSI: -81 [da:1c:b1:f1:14:0c]
RSSI: -75 [da:1a:16:c5:0d:ce]
RSSI: -75 [da:1a:16:d4:0d:fe]
RSSI: -92 [da:15:29:c5:0f:7b]
RSSI: -75 [da:1a:16:d4:0d:fe]
RSSI: -89 [da:15:29:d3:0f:ab]
RSSI: -86 [da:1c:b2:1d:14:9c]
RSSI: -91 [da:15:29:e2:0f:cb]
RSSI: -78 [da:1a:16:ef:0e:4e]
RSSI: -78 [da:1a:16:fe:0e:6e]
RSSI: -80 [da:1a:16:fe:0e:6e]
RSSI: -80 [da:1a:17:0c:0e:9e]
RSSI: -84 [da:1a:17:19:0e:be]
RSSI: -87 [da:1a:17:27:0e:ee]
RSSI: -84 [da:1a:17:36:0f:1e]
RSSI: -92 [da:15:2a:26:10:9b]
RSSI: -94 [da:17:0e:22:00:7a]
RSSI: -84 [da:1a:17:36:0f:1e]
RSSI: -88 [da:1a:17:43:0f:3e]
RSSI: -84 [da:1a:17:43:0f:3e]
RSSI: -88 [da:1c:b2:86:15:dc]
RSSI: -85 [da:1a:17:51:0f:6e]
RSSI: -95 [da:17:0e:3d:00:ba]
RSSI: -82 [da:1a:17:60:0f:8e]
RSSI: -87 [da:1c:b2:93:16:0c]
RSSI: -82 [da:1a:17:6c:0f:ae]
RSSI: -84 [da:1a:17:7b:0f:de]
RSSI: -91 [da:15:2a:6b:11:6b]
RSSI: -84 [da:1a:17:7b:0f:de]
RSSI: -91 [da:1c:b2:b3:16:6c]
RSSI: -87 [da:1a:17:8a:10:0e]
RSSI: -90 [da:1c:b2:bf:00:2c]
RSSI: -84 [da:1a:17:96:10:2e]
RSSI: -84 [da:1a:17:96:10:2e]
RSSI: -87 [da:1a:17:96:10:2e]
RSSI: -86 [da:1a:17:a5:10:5e]
RSSI: -92 [da:17:0e:9c:01:ca]
RSSI: -92 [da:15:2a:a3:12:0b]
RSSI: -90 [da:1a:17:b4:10:7e]
RSSI: -91 [da:17:0e:a8:01:ea]
RSSI: -92 [da:1c:b2:fc:00:ec]
RSSI: -89 [da:1c:b3:0c:01:1c]
RSSI: -86 [da:1a:17:dd:10:fe]
RSSI: -86 [da:1a:17:ea:11:1e]
RSSI: -87 [da:1c:b3:19:01:4c]
RSSI: -87 [da:1a:17:ea:11:1e]
RSSI: -88 [da:1a:17:f9:11:4e]
RSSI: -87 [da:1a:17:f9:11:4e]
RSSI: -88 [da:1c:b3:29:01:7c]
RSSI: -89 [da:1a:18:07:11:7e]
RSSI: -89 [da:1c:b3:39:01:ac]
RSSI: -88 [da:1c:b3:55:02:0c]
RSSI: -86 [da:1a:18:31:11:ee]
RSSI: -90 [da:1c:b3:65:02:3c]
RSSI: -90 [da:17:0f:22:03:3a]
RSSI: -95 [da:1a:18:5b:12:6e]
RSSI: -94 [da:15:2b:64:14:4b]
RSSI: -95 [da:1a:18:85:12:de]
RSSI: -95 [da:1c:b3:db:03:ac]
RSSI: -96 [da:15:2b:9c:14:eb]
RSSI: -93 [da:1c:b3:f8:04:0c]
RSSI: -93 [da:1a:18:d9:13:ce]
RSSI: -92 [da:15:2b:e0:15:ab]
RSSI: -90 [da:17:0f:ee:05:7a]
RSSI: -96 [da:1a:19:03:14:4e]
RSSI: -91 [da:15:2b:fd:16:0b]
RSSI: -92 [da:17:0f:fc:05:aa]
RSSI: -91 [da:17:10:0a:05:ca]
RSSI: -90 [da:17:10:0a:05:ca]
RSSI: -91 [da:1c:b4:61:05:5c]
RSSI: -88 [da:15:2c:27:16:7b]
RSSI: -91 [da:1c:b4:61:05:5c]
RSSI: -88 [da:17:10:25:06:1a]
RSSI: -87 [da:15:2c:34:00:2b]
RSSI: -86 [da:15:2c:42:00:5b]
RSSI: -86 [da:15:2c:42:00:5b]
RSSI: -86 [da:15:2c:42:00:5b]
RSSI: -84 [da:15:2c:51:00:7b]
RSSI: -84 [da:15:2c:51:00:7b]
RSSI: -85 [da:17:10:4d:06:9a]
RSSI: -92 [da:1a:19:64:15:5e]
RSSI: -86 [da:17:10:4d:06:9a]
RSSI: -82 [da:15:2c:5d:00:ab]
RSSI: -84 [da:17:10:5b:06:ba]
RSSI: -84 [da:15:2c:6c:00:cb]
RSSI: -88 [da:1c:b4:ab:06:4c]
RSSI: -89 [da:1a:19:81:15:be]
RSSI: -84 [da:17:10:6d:06:ea]
RSSI: -92 [da:1c:b4:bb:06:7c]
RSSI: -80 [da:15:2c:87:01:1b]
RSSI: -83 [da:17:10:7e:07:1a]
RSSI: -82 [da:15:2c:87:01:1b]
RSSI: -90 [da:1a:19:9d:16:0e]
RSSI: -83 [da:17:10:8c:07:4a]
RSSI: -82 [da:15:2c:95:01:4b]
RSSI: -84 [da:17:10:8c:07:4a]
RSSI: -79 [da:15:2c:95:01:4b]
RSSI: -82 [da:15:2c:a4:01:7b]
RSSI: -82 [da:17:10:98:07:6a]
RSSI: -91 [da:1a:19:ab:16:2e]
RSSI: -81 [da:15:2c:a4:01:7b]
RSSI: -82 [da:17:10:98:07:6a]
RSSI: -81 [da:17:10:a7:07:8a]
RSSI: -82 [da:17:10:b5:07:ba]
RSSI: -88 [da:1c:b4:f8:07:3c]
RSSI: -82 [da:17:10:b5:07:ba]
RSSI: -79 [da:15:2c:bf:01:cb]
RSSI: -82 [da:17:10:c1:07:da]
RSSI: -83 [da:17:10:c1:07:da]
RSSI: -80 [da:15:2c:ce:01:fb]
RSSI: -84 [da:17:10:d0:07:fa]
RSSI: -81 [da:15:2c:da:02:1b]
RSSI: -81 [da:15:2c:da:02:1b]
RSSI: -83 [da:17:10:de:08:2a]
RSSI: -82 [da:15:2c:e9:02:4b]
RSSI: -85 [da:17:10:ea:08:4a]
RSSI: -81 [da:15:2c:f7:02:6b]
RSSI: -86 [da:17:10:ea:08:4a]
RSSI: -78 [da:15:2c:f7:02:6b]
RSSI: -83 [da:15:2d:04:02:9b]
RSSI: -88 [da:17:10:f8:08:7a]
RSSI: -95 [da:1a:1a:0c:00:fe]
RSSI: -82 [da:15:2d:04:02:9b]
RSSI: -85 [da:17:11:06:08:9a]
RSSI: -83 [da:15:2d:12:02:bb]
RSSI: -84 [da:15:2d:12:02:bb]
RSSI: -82 [da:15:2d:12:02:bb]
RSSI: -80 [da:15:2d:21:02:eb]
RSSI: -89 [da:17:11:21:08:ea]
RSSI: -85 [da:15:2d:2e:03:0b]
RSSI: -92 [da:1a:1a:3d:01:7e]
RSSI: -87 [da:17:11:2f:09:0a]
RSSI: -86 [da:15:2d:3c:03:3b]
RSSI: -86 [da:15:2d:3c:03:3b]
RSSI: -89 [da:15:2d:4b:03:6b]
RSSI: -87 [da:17:11:4a:09:5a]
RSSI: -88 [da:17:11:4a:09:5a]
RSSI: -88 [da:17:11:4a:09:5a]
RSSI: -89 [da:15:2d:57:03:8b]
RSSI: -91 [da:1a:1a:67:01:fe]
RSSI: -87 [da:17:11:65:09:aa]
RSSI: -88 [da:1c:b5:b8:09:9c]
RSSI: -92 [da:15:2d:81:04:0b]
RSSI: -88 [da:15:2d:9e:04:5b]
RSSI: -88 [da:15:2d:ab:04:8b]
RSSI: -88 [da:15:2d:b9:04:ab]
RSSI: -91 [da:1c:b6:05:0a:9c]
RSSI: -90 [da:1c:b6:12:0a:bc]
RSSI: -89 [da:1c:b6:12:0a:bc]
RSSI: -98 [da:1a:1b:04:03:be]
RSSI: -92 [da:1a:1b:10:03:de]
RSSI: -93 [da:15:2e:0d:05:ab]
RSSI: -91 [da:1a:1b:1f:04:0e]
RSSI: -93 [da:15:2e:28:05:fb]
RSSI: -95 [da:1a:1b:49:04:8e]
RSSI: -87 [da:1c:b6:74:0b:fc]
RSSI: -95 [da:15:2e:52:06:6b]
RSSI: -87 [da:1c:b6:b1:0c:bc]
RSSI: -94 [da:15:2e:7c:06:eb]
RSSI: -88 [da:1c:b6:ca:0d:0c]
RSSI: -90 [da:1c:b6:ca:0d:0c]
RSSI: -90 [da:1c:b6:d7:0d:3c]
RSSI: -93 [da:1c:b6:f1:0d:8c]
RSSI: -99 [da:1a:1b:c8:05:fe]
RSSI: -91 [da:17:12:bb:0d:7a]
RSSI: -95 [da:15:2e:c3:07:bb]
RSSI: -92 [da:17:12:bb:0d:7a]
RSSI: -89 [da:17:12:c9:0d:aa]
RSSI: -87 [da:1c:b7:0a:0d:dc]
RSSI: -87 [da:1c:b7:23:0e:2c]
RSSI: -87 [da:1c:b7:23:0e:2c]
RSSI: -86 [da:1c:b7:23:0e:2c]
RSSI: -86 [da:1c:b7:23:0e:2c]
RSSI: -88 [da:17:12:e4:0d:fa]
RSSI: -88 [da:1c:b7:30:0e:4c]
RSSI: -86 [da:1c:b7:3d:0e:7c]
RSSI: -92 [da:17:12:ff:0e:4a]
RSSI: -90 [da:17:12:ff:0e:4a]
RSSI: -89 [da:17:13:0d:0e:6a]
RSSI: -92 [da:1c:b7:56:0e:cc]
RSSI: -90 [da:17:13:1b:0e:9a]
RSSI: -89 [da:1c:b7:63:0e:fc]
RSSI: -90 [da:17:13:1b:0e:9a]
RSSI: -92 [da:1c:b7:63:0e:fc]
RSSI: -89 [da:1c:b7:6f:0f:1c]
RSSI: -91 [da:1c:b7:89:0f:6c]
RSSI: -89 [da:1c:b7:89:0f:6c]
RSSI: -88 [da:1c:b7:a2:0f:bc]
RSSI: -89 [da:1c:b7:af:0f:ec]
RSSI: -95 [da:17:13:5f:0f:5a]
RSSI: -86 [da:1c:b7:af:0f:ec]
RSSI: -91 [da:15:2f:77:09:db]
RSSI: -87 [da:1c:b7:bc:10:1c]
RSSI: -85 [da:1c:b7:bc:10:1c]
RSSI: -88 [da:1c:b7:c8:10:3c]
RSSI: -84 [da:1c:b7:d5:10:6c]
RSSI: -91 [da:1a:1c:ab:08:9e]
RSSI: -89 [da:1c:b7:e2:10:8c]
RSSI: -87 [da:1c:b7:e2:10:8c]
RSSI: -86 [da:1c:b7:ee:10:bc]
RSSI: -89 [da:1c:b7:fb:10:dc]
RSSI: -90 [da:1a:1c:c6:08:ee]
RSSI: -84 [da:1c:b8:08:11:0c]
RSSI: -90 [da:1a:1c:d5:09:1e]
RSSI: -84 [da:1c:b8:08:11:0c]
RSSI: -79 [da:1c:b8:14:11:2c]
RSSI: -79 [da:1c:b8:21:11:5c]
RSSI: -89 [da:1a:1c:f1:09:6e]
RSSI: -77 [da:1c:b8:2e:11:7c]
RSSI: -76 [da:1c:b8:2e:11:7c]
RSSI: -79 [da:1c:b8:3b:11:ac]
RSSI: -78 [da:1c:b8:3b:11:ac]
RSSI: -75 [da:1c:b8:47:11:cc]
RSSI: -88 [da:1a:1d:1b:09:ee]
RSSI: -88 [da:1a:1d:1b:09:ee]
RSSI: -73 [da:1c:b8:54:11:fc]
RSSI: -73 [da:1c:b8:54:11:fc]
RSSI: -75 [da:1c:b8:61:12:1c]
RSSI: -86 [da:1a:1d:37:0a:2e]
RSSI: -86 [da:1a:1d:37:0a:2e]
RSSI: -87 [da:1a:1d:37:0a:2e]
RSSI: -86 [da:1a:1d:37:0a:2e]
RSSI: -72 [da:1c:b8:7a:12:6c]
RSSI: -85 [da:1a:1d:46:0a:5e]
RSSI: -72 [da:1c:b8:7a:12:6c]
RSSI: -85 [da:1a:1d:54:0a:8e]
RSSI: -75 [da:1c:b8:87:12:9c]
RSSI: -85 [da:1a:1d:54:0a:8e]
RSSI: -72 [da:1c:b8:94:12:bc]
RSSI: -73 [da:1c:b8:a1:12:ec]
RSSI: -88 [da:1a:1d:70:0a:de]
RSSI: -73 [da:1c:b8:a1:12:ec]
RSSI: -88 [da:1a:1d:7f:0b:0e]
RSSI: -76 [da:1c:b8:ad:13:0c]
RSSI: -88 [da:1a:1d:7f:0b:0e]
RSSI: -73 [da:1c:b8:ba:13:3c]
RSSI: -88 [da:1a:1d:8b:0b:2e]
RSSI: -87 [da:1a:1d:8b:0b:2e]
RSSI: -74 [da:1c:b8:c7:13:5c]
RSSI: -75 [da:1c:b8:c7:13:5c]
RSSI: -75 [da:1c:b8:c7:13:5c]
RSSI: -85 [da:1a:1d:9a:0b:4e]
RSSI: -79 [da:1c:b8:d3:13:8c]
RSSI: -81 [da:1a:1d:a9:0b:7e]
RSSI: -82 [da:1a:1d:a9:0b:7e]
RSSI: -76 [da:1c:b8:e0:13:ac]
RSSI: -79 [da:1a:1d:b6:0b:9e]
RSSI: -80 [da:1c:b8:ed:13:dc]
RSSI: -79 [da:1a:1d:b6:0b:9e]
RSSI: -80 [da:1c:b8:ed:13:dc]
RSSI: -79 [da:1a:1d:c5:0b:ce]
RSSI: -77 [da:1a:1d:c5:0b:ce]
RSSI: -77 [da:1a:1d:d4:0b:fe]
RSSI: -87 [da:1c:b9:07:14:2c]
RSSI: -77 [da:1a:1d:d4:0b:fe]
RSSI: -76 [da:1a:1d:e0:0c:1e]
RSSI: -76 [da:1a:1d:e0:0c:1e]
RSSI: -74 [da:1a:1d:ef:0c:4e]
RSSI: -86 [da:1c:b9:20:14:7c]
RSSI: -75 [da:1a:1d:fe:0c:7e]
RSSI: -85 [da:1c:b9:2d:14:ac]
RSSI: -75 [da:1a:1d:fe:0c:7e]
RSSI: -74 [da:1a:1d:fe:0c:7e]
RSSI: -75 [da:1a:1e:0b:0c:9e]
RSSI: -83 [da:1c:b9:3a:14:cc]
RSSI: -75 [da:1a:1e:0b:0c:9e]
RSSI: -75 [da:1a:1e:1a:0c:ce]
RSSI: -74 [da:1a:1e:29:0c:fe]
RSSI: -85 [da:1c:b9:60:15:4c]
RSSI: -75 [da:1a:1e:36:0d:1e]
RSSI: -75 [da:1a:1e:36:0d:1e]
RSSI: -85 [da:1c:b9:6d:15:6c]
RSSI: -75 [da:1a:1e:45:0d:4e]
RSSI: -75 [da:1a:1e:45:0d:4e]
RSSI: -76 [da:1a:1e:53:0d:6e]
RSSI: -76 [da:1a:1e:53:0d:6e]
RSSI: -93 [da:15:31:54:0f:6b]
RSSI: -96 [da:17:15:4e:14:da]
RSSI: -76 [da:1a:1e:6f:0d:be]
RSSI: -88 [da:1c:b9:a0:16:0c]
RSSI: -76 [da:1a:1e:6f:0d:be]
RSSI: -92 [da:15:31:63:0f:9b]
RSSI: -84 [da:1c:b9:ad:16:3c]
RSSI: -77 [da:1a:1e:7e:0d:ee]
RSSI: -89 [da:1c:b9:b9:16:5c]
RSSI: -76 [da:1a:1e:8b:0e:0e]
RSSI: -77 [da:1a:1e:8b:0e:0e]
RSSI: -77 [da:1a:1e:8b:0e:0e]
RSSI: -88 [da:1c:b9:c6:00:0c]
RSSI: -76 [da:1a:1e:9a:0e:3e]
RSSI: -80 [da:1a:1e:a9:0e:6e]
RSSI: -79 [da:1a:1e:a9:0e:6e]
RSSI: -91 [da:1c:b9:e0:00:5c]
RSSI: -80 [da:1a:1e:b5:0e:8e]
RSSI: -81 [da:1a:1e:b5:0e:8e]
RSSI: -81 [da:1a:1e:c4:0e:be]
RSSI: -81 [da:1a:1e:c4:0e:be]
RSSI: -82 [da:1a:1e:c4:0e:be]
RSSI: -85 [da:1a:1e:d3:0e:de]
RSSI: -88 [da:17:15:bc:16:0a]
RSSI: -86 [da:1a:1e:e0:0f:0e]
RSSI: -84 [da:1a:1e:ef:0f:2e]
RSSI: -87 [da:1a:1e:ef:0f:2e]
RSSI: -84 [da:1a:1e:fe:0f:5e]
RSSI: -84 [da:1a:1e:fe:0f:5e]
RSSI: -86 [da:1a:1f:0a:0f:7e]
RSSI: -86 [da:1c:ba:53:01:bc]
RSSI: -89 [da:17:16:0e:00:ca]
RSSI: -83 [da:1a:1f:28:0f:de]
RSSI: -88 [da:17:16:1d:00:ea]
RSSI: -90 [da:15:32:27:11:db]
RSSI: -89 [da:17:16:1d:00:ea]
RSSI: -85 [da:1a:1f:35:0f:fe]
RSSI: -90 [da:15:32:38:12:0b]
RSSI: -89 [da:17:16:38:01:3a]
RSSI: -86 [da:1a:1f:53:10:5e]
RSSI: -90 [da:17:16:46:01:6a]
RSSI: -87 [da:1a:1f:60:10:7e]
RSSI: -88 [da:1a:1f:6f:10:ae]
RSSI: -92 [da:15:32:64:12:8b]
RSSI: -91 [da:1c:ba:b9:03:0c]
RSSI: -96 [da:15:32:8e:13:0b]
RSSI: -91 [da:1a:1f:99:11:2e]
RSSI: -93 [da:17:16:99:02:4a]
RSSI: -94 [da:17:16:a7:02:7a]
RSSI: -93 [da:1a:1f:d3:11:ce]
RSSI: -91 [da:1a:1f:e0:11:ee]
RSSI: -85 [da:1c:bb:13:04:1c]
RSSI: -89 [da:1c:bb:2d:04:6c]
RSSI: -88 [da:1c:bb:39:04:9c]
RSSI: -89 [da:1c:bb:46:04:bc]
RSSI: -92 [da:1c:bb:60:05:0c]
RSSI: -87 [da:1c:bb:86:05:8c]
RSSI: -92 [da:15:33:63:15:7b]
RSSI: -93 [da:17:17:5a:04:6a]
RSSI: -95 [da:15:33:8d:15:fb]
RSSI: -91 [da:15:33:9c:16:2b]
RSSI: -94 [da:1c:bb:e1:06:ac]
RSSI: -90 [da:15:33:b7:16:7b]
RSSI: -90 [da:15:33:c6:00:2b]
RSSI: -87 [da:15:33:c6:00:2b]
RSSI: -92 [da:17:17:ca:05:aa]
RSSI: -87 [da:1c:bc:14:07:4c]
RSSI: -86 [da:15:33:d3:00:5b]
RSSI: -89 [da:17:17:d7:05:ca]
RSSI: -85 [da:15:33:e2:00:7b]
RSSI: -83 [da:15:33:f1:00:ab]
RSSI: -83 [da:15:33:fd:00:cb]
RSSI: -92 [da:17:17:f4:06:2a]
RSSI: -83 [da:15:33:fd:00:cb]
RSSI: -87 [da:17:18:00:06:4a]
RSSI: -83 [da:15:34:0c:00:fb]
RSSI: -88 [da:17:18:00:06:4a]
RSSI: -82 [da:15:34:0c:00:fb]
RSSI: -90 [da:1a:21:29:15:ae]
RSSI: -91 [da:1a:21:36:15:ce]
RSSI: -89 [da:1a:21:36:15:ce]
RSSI: -81 [da:15:34:37:01:7b]
RSSI: -84 [da:17:18:38:06:ea]
RSSI: -81 [da:15:34:45:01:ab]
RSSI: -86 [da:17:18:47:07:0a]
RSSI: -78 [da:15:34:52:01:cb]
RSSI: -91 [da:1c:bc:95:08:ec]
RSSI: -83 [da:17:18:54:07:2a]
RSSI: -79 [da:15:34:61:01:fb]
RSSI: -84 [da:17:18:54:07:2a]
RSSI: -78 [da:15:34:61:01:fb]
RSSI: -85 [da:17:18:62:07:5a]
RSSI: -81 [da:15:34:70:02:1b]
RSSI: -84 [da:17:18:62:07:5a]
RSSI: -80 [da:15:34:70:02:1b]
RSSI: -84 [da:17:18:71:07:8a]
RSSI: -89 [da:1c:bc:bb:09:6c]
RSSI: -83 [da:17:18:71:07:8a]
RSSI: -81 [da:15:34:7d:02:4b]
RSSI: -87 [da:1c:bc:bb:09:6c]
RSSI: -85 [da:17:18:7d:07:aa]
RSSI: -85 [da:17:18:7d:07:aa]
RSSI: -91 [da:1c:bc:c8:09:8c]
RSSI: -79 [da:15:34:8b:02:6b]
RSSI: -86 [da:17:18:9a:07:fa]
RSSI: -81 [da:15:34:a7:02:bb]
RSSI: -82 [da:15:34:a7:02:bb]
RSSI: -81 [da:15:34:b6:02:eb]
RSSI: -83 [da:15:34:b6:02:eb]
RSSI: -82 [da:15:34:b6:02:eb]
RSSI: -87 [da:17:18:b5:08:4a]
RSSI: -90 [da:17:18:c4:08:6a]
RSSI: -88 [da:17:18:c4:08:6a]
RSSI: -85 [da:15:34:d1:03:3b]
RSSI: -85 [da:1c:bd:16:0a:8c]
RSSI: -86 [da:15:34:d1:03:3b]
RSSI: -88 [da:17:18:d0:08:9a]
RSSI: -86 [da:15:34:e0:03:6b]
RSSI: -91 [da:1c:bd:23:0a:bc]
RSSI: -86 [da:15:34:e0:03:6b]
RSSI: -90 [da:17:18:df:08:ba]
RSSI: -84 [da:1c:bd:23:0a:bc]
RSSI: -90 [da:15:34:ef:03:9b]
RSSI: -91 [da:17:18:ed:08:ea]
RSSI: -85 [da:1c:bd:3c:0b:0c]
RSSI: -91 [da:17:18:fa:09:0a]
RSSI: -85 [da:1c:bd:63:0b:8c]
RSSI: -91 [da:15:35:26:04:3b]
RSSI: -87 [da:17:19:33:09:aa]
RSSI: -90 [da:15:35:44:04:9b]
RSSI: -85 [da:1c:bd:8a:0b:fc]
RSSI: -92 [da:17:19:41:09:da]
RSSI: -90 [da:15:35:60:04:eb]
RSSI: -93 [da:15:35:7c:05:3b]
RSSI: -93 [da:1c:bd:be:0c:ac]
RSSI: -90 [da:1c:bd:ca:0c:cc]
RSSI: -94 [da:15:35:8b:05:6b]
RSSI: -90 [da:1c:bd:ca:0c:cc]
RSSI: -84 [da:1c:bd:d7:0c:fc]
RSSI: -87 [da:1c:bd:d7:0c:fc]
RSSI: -86 [da:1c:bd:e4:0d:2c]
RSSI: -93 [da:15:35:b5:05:eb]
RSSI: -91 [da:1a:22:c7:04:0e]
RSSI: -87 [da:1c:bd:fe:0d:7c]
RSSI: -87 [da:1c:bd:fe:0d:7c]
RSSI: -91 [da:1a:22:d6:04:3e]
RSSI: -91 [da:15:35:d1:06:3b]
RSSI: -89 [da:1a:22:e3:04:5e]
RSSI: -88 [da:1c:be:18:0d:cc]
RSSI: -89 [da:15:35:fb:06:bb]
RSSI: -84 [da:1c:be:3f:0e:3c]
RSSI: -90 [da:15:36:0a:06:eb]
RSSI: -84 [da:1c:be:65:0e:bc]
RSSI: -85 [da:1c:be:73:0e:ec]
RSSI: -91 [da:17:1a:2d:0c:8a]
RSSI: -86 [da:1c:be:80:0f:0c]
RSSI: -87 [da:1c:be:80:0f:0c]
RSSI: -93 [da:17:1a:48:0c:da]
RSSI: -84 [da:1c:be:a6:0f:8c]
RSSI: -84 [da:1c:be:b3:0f:bc]
RSSI: -85 [da:1c:be:b3:0f:bc]
RSSI: -82 [da:1c:be:b3:0f:bc]
RSSI: -93 [da:17:1a:72:0d:4a]
RSSI: -82 [da:1c:be:c0:0f:dc]
RSSI: -91 [da:17:1a:81:0d:7a]
RSSI: -91 [da:17:1a:81:0d:7a]
RSSI: -82 [da:1c:be:cd:10:0c]
RSSI: -89 [da:17:1a:90:0d:9a]
RSSI: -88 [da:1c:be:da:10:3c]
RSSI: -90 [da:17:1a:90:0d:9a]
RSSI: -83 [da:1c:be:da:10:3c]
RSSI: -86 [da:1c:be:f4:10:8c]
RSSI: -89 [da:1c:bf:01:10:ac]
RSSI: -88 [da:1c:bf:01:10:ac]
RSSI: -93 [da:15:36:c4:09:1b]
RSSI: -85 [da:1c:bf:0e:10:dc]
RSSI: -90 [da:17:1a:d5:0e:6a]
RSSI: -83 [da:1c:bf:1b:11:0c]
RSSI: -88 [da:17:1a:e3:0e:8a]
RSSI: -80 [da:1c:bf:28:11:2c]
RSSI: -78 [da:1c:bf:28:11:2c]
RSSI: -81 [da:1c:bf:35:11:5c]
RSSI: -75 [da:1c:bf:35:11:5c]
RSSI: -87 [da:17:1a:f0:0e:aa]
RSSI: -76 [da:1c:bf:42:11:7c]
RSSI: -78 [da:1c:bf:42:11:7c]
RSSI: -73 [da:1c:bf:4f:11:ac]
RSSI: -74 [da:1c:bf:4f:11:ac]
RSSI: -76 [da:1c:bf:5c:11:dc]
RSSI: -72 [da:1c:bf:5c:11:dc]
RSSI: -88 [da:17:1b:1a:0f:2a]
RSSI: -72 [da:1c:bf:69:11:fc]
RSSI: -90 [da:17:1b:1a:0f:2a]
RSSI: -74 [da:1c:bf:69:11:fc]
RSSI: -71 [da:1c:bf:76:12:2c]
RSSI: -71 [da:1c:bf:76:12:2c]
RSSI: -73 [da:1c:bf:83:12:4c]
RSSI: -71 [da:1c:bf:83:12:4c]
RSSI: -71 [da:1c:bf:90:12:7c]
RSSI: -73 [da:1c:bf:90:12:7c]
RSSI: -71 [da:1c:bf:9d:12:9c]
RSSI: -71 [da:1c:bf:9d:12:9c]
RSSI: -94 [da:17:1b:61:0f:fa]
RSSI: -72 [da:1c:bf:aa:12:cc]
RSSI: -72 [da:1c:bf:aa:12:cc]
RSSI: -71 [da:1c:bf:b7:12:fc]
RSSI: -94 [da:17:1b:6e:10:1a]
RSSI: -73 [da:1c:bf:b7:12:fc]
RSSI: -72 [da:1c:bf:c4:13:1c]
RSSI: -72 [da:1c:bf:c4:13:1c]
RSSI: -73 [da:1c:bf:d1:13:4c]
RSSI: -74 [da:1c:bf:de:13:6c]
RSSI: -76 [da:1c:bf:de:13:6c]
RSSI: -76 [da:1c:bf:eb:13:9c]
RSSI: -76 [da:1c:bf:eb:13:9c]
RSSI: -78 [da:1c:bf:f8:13:cc]
RSSI: -90 [da:1a:24:cc:09:ee]
RSSI: -92 [da:1a:24:cc:09:ee]
RSSI: -83 [da:1c:c0:05:13:ec]
RSSI: -89 [da:1a:24:db:0a:1e]
RSSI: -84 [da:1c:c0:12:14:1c]
RSSI: -82 [da:1c:c0:12:14:1c]
RSSI: -83 [da:1c:c0:12:14:1c]
RSSI: -90 [da:1a:24:e8:0a:3e]
RSSI: -88 [da:1a:24:e8:0a:3e]
RSSI: -89 [da:1c:c0:2c:14:6c]
RSSI: -87 [da:1a:24:f7:0a:6e]
RSSI: -96 [da:17:1b:fa:11:aa]
RSSI: -85 [da:1c:c0:46:14:bc]
RSSI: -85 [da:1c:c0:46:14:bc]
RSSI: -89 [da:1a:25:23:0a:ee]
RSSI: -81 [da:1c:c0:53:14:dc]
RSSI: -90 [da:1a:25:32:0b:1e]
RSSI: -83 [da:1c:c0:60:15:0c]
RSSI: -90 [da:1a:25:32:0b:1e]
RSSI: -86 [da:1c:c0:6d:15:3c]
RSSI: -88 [da:1a:25:3e:0b:3e]
RSSI: -86 [da:1c:c0:6d:15:3c]
RSSI: -92 [da:1a:25:3e:0b:3e]
RSSI: -83 [da:1c:c0:7a:15:5c]
RSSI: -84 [da:1a:25:4e:0b:6e]
RSSI: -86 [da:1a:25:4e:0b:6e]
RSSI: -89 [da:1c:c0:87:15:8c]
RSSI: -84 [da:1a:25:5d:0b:9e]
RSSI: -81 [da:1a:25:6a:0b:be]
RSSI: -81 [da:1a:25:79:0b:ee]
RSSI: -80 [da:1a:25:79:0b:ee]
RSSI: -79 [da:1a:25:88:0c:1e]
RSSI: -90 [da:1c:c0:bb:16:2c]
RSSI: -78 [da:1a:25:95:0c:3e]
RSSI: -87 [da:1c:c0:c9:16:5c]
RSSI: -78 [da:1a:25:95:0c:3e]
RSSI: -79 [da:1a:25:a4:0c:6e]
RSSI: -86 [da:1c:c0:d5:16:7c]
RSSI: -77 [da:1a:25:a4:0c:6e]
RSSI: -78 [da:1a:25:b4:0c:9e]
RSSI: -79 [da:1a:25:b4:0c:9e]
RSSI: -88 [da:1c:c0:f0:00:5c]
RSSI: -78 [da:1a:25:c0:0c:be]
RSSI: -89 [da:1c:c0:fc:00:7c]
RSSI: -77 [da:1a:25:d0:0c:ee]
RSSI: -77 [da:1a:25:d0:0c:ee]
RSSI: -78 [da:1a:25:df:0d:1e]
RSSI: -77 [da:1a:25:df:0d:1e]
RSSI: -88 [da:1c:c1:17:00:dc]
RSSI: -77 [da:1a:25:eb:0d:3e]
RSSI: -78 [da:1a:25:eb:0d:3e]
RSSI: -93 [da:15:38:e1:0f:6b]
RSSI: -87 [da:1c:c1:23:00:fc]
RSSI: -78 [da:1a:25:fb:0d:6e]
RSSI: -79 [da:1a:25:fb:0d:6e]
RSSI: -77 [da:1a:26:0a:0d:9e]
RSSI: -79 [da:1a:26:17:0d:be]
RSSI: -88 [da:1c:c1:4b:01:7c]
RSSI: -84 [da:1c:c1:4b:01:7c]
RSSI: -78 [da:1a:26:17:0d:be]
RSSI: -84 [da:1c:c1:4b:01:7c]
RSSI: -79 [da:1a:26:26:0d:ee]
RSSI: -86 [da:1c:c1:58:01:9c]
RSSI: -80 [da:1a:26:26:0d:ee]
RSSI: -87 [da:1c:c1:65:01:cc]
RSSI: -80 [da:1a:26:35:0e:0e]
RSSI: -80 [da:1a:26:42:0e:3e]
RSSI: -86 [da:1c:c1:7f:02:1c]
RSSI: -81 [da:1a:26:51:0e:5e]
RSSI: -87 [da:1c:c1:7f:02:1c]
RSSI: -81 [da:1a:26:51:0e:5e]
RSSI: -82 [da:1a:26:61:0e:8e]
RSSI: -84 [da:1a:26:61:0e:8e]
RSSI: -89 [da:1c:c1:99:02:6c]
RSSI: -83 [da:1a:26:6d:0e:ae]
RSSI: -83 [da:1a:26:6d:0e:ae]
RSSI: -87 [da:1c:c1:a6:02:9c]
RSSI: -94 [da:15:39:71:11:0b]
RSSI: -85 [da:1a:26:7d:0e:de]
RSSI: -89 [da:1c:c1:b3:02:bc]
RSSI: -86 [da:1a:26:8c:0f:0e]
RSSI: -89 [da:1a:26:8c:0f:0e]
RSSI: -88 [da:1c:c1:c0:02:ec]
RSSI: -87 [da:1a:26:99:0f:2e]
RSSI: -89 [da:1c:c1:db:03:3c]
RSSI: -86 [da:1a:26:a8:0f:5e]
RSSI: -87 [da:1c:c1:db:03:3c]
RSSI: -88 [da:1a:26:b7:0f:8e]
RSSI: -90 [da:17:1d:9f:16:4a]
RSSI: -87 [da:1a:26:b7:0f:8e]
RSSI: -87 [da:1a:26:b7:0f:8e]
RSSI: -86 [da:1a:26:c4:0f:ae]
RSSI: -85 [da:1a:26:c4:0f:ae]
RSSI: -90 [da:17:1d:ba:00:4a]
RSSI: -91 [da:1c:c2:02:03:bc]
RSSI: -90 [da:15:39:c6:12:0b]
RSSI: -87 [da:1c:c2:02:03:bc]
RSSI: -92 [da:15:39:c6:12:0b]
RSSI: -85 [da:1c:c2:0e:03:ec]
RSSI: -89 [da:17:1d:c9:00:7a]
RSSI: -85 [da:1a:26:e3:10:0e]
RSSI: -83 [da:1c:c2:1c:04:0c]
RSSI: -94 [da:17:1d:d8:00:aa]
RSSI: -83 [da:1c:c2:1c:04:0c]
RSSI: -87 [da:1a:26:ef:10:2e]
RSSI: -87 [da:1a:26:ef:10:2e]
RSSI: -81 [da:1c:c2:29:04:3c]
RSSI: -87 [da:1a:26:ff:10:5e]
RSSI: -85 [da:1c:c2:36:04:5c]
RSSI: -88 [da:1a:26:ff:10:5e]
RSSI: -87 [da:17:1e:02:01:1a]
RSSI: -90 [da:1c:c2:43:04:8c]
RSSI: -89 [da:1a:27:1b:10:ae]
RSSI: -90 [da:1c:c2:50:04:bc]
RSSI: -88 [da:1a:27:1b:10:ae]
RSSI: -94 [da:17:1e:0f:01:3a]
RSSI: -91 [da:17:1e:0f:01:3a]
RSSI: -88 [da:1a:27:2a:10:de]
RSSI: -88 [da:1a:27:2a:10:de]
RSSI: -88 [da:1a:27:3a:11:0e]
RSSI: -88 [da:1a:27:3a:11:0e]
RSSI: -89 [da:1a:27:46:11:2e]
RSSI: -93 [da:1c:c2:78:05:2c]
RSSI: -90 [da:1c:c2:92:05:8c]
RSSI: -91 [da:1a:27:65:11:7e]
RSSI: -85 [da:17:1e:4e:01:ea]
RSSI: -90 [da:1a:27:65:11:7e]
RSSI: -88 [da:17:1e:6a:02:3a]
RSSI: -91 [da:1a:27:81:11:ce]
RSSI: -89 [da:1a:27:91:11:fe]
RSSI: -86 [da:17:1e:87:02:8a]
RSSI: -96 [da:15:3a:8e:14:5b]
RSSI: -91 [da:1a:27:9d:12:1e]
RSSI: -84 [da:17:1e:94:02:aa]
RSSI: -87 [da:1c:c2:e0:06:7c]
RSSI: -92 [da:1c:c2:ed:06:ac]
RSSI: -88 [da:17:1e:a3:02:da]
RSSI: -94 [da:1a:27:c9:12:9e]
RSSI: -87 [da:1c:c3:08:06:fc]
RSSI: -90 [da:17:1e:be:03:2a]
RSSI: -86 [da:17:1e:cd:03:4a]
RSSI: -90 [da:1c:c3:2f:07:7c]
RSSI: -86 [da:17:1e:e9:03:9a]
RSSI: -91 [da:15:3a:f4:15:8b]
RSSI: -90 [da:1c:c3:3c:07:ac]
RSSI: -91 [da:15:3b:10:15:db]
RSSI: -91 [da:1c:c3:4e:07:dc]
RSSI: -91 [da:1c:c3:4e:07:dc]
RSSI: -89 [da:1c:c3:5e:08:1c]
RSSI: -86 [da:17:1f:22:04:3a]
RSSI: -91 [da:1a:28:3e:13:fe]
RSSI: -86 [da:17:1f:31:04:6a]
RSSI: -89 [da:15:3b:3b:16:5b]
RSSI: -91 [da:1c:c3:86:08:8c]
RSSI: -91 [da:15:3b:4a:00:0b]
RSSI: -88 [da:17:1f:4c:04:ba]
RSSI: -87 [da:15:3b:56:00:2b]
RSSI: -86 [da:17:1f:4c:04:ba]
RSSI: -87 [da:15:3b:56:00:2b]
RSSI: -87 [da:17:1f:5b:04:da]
RSSI: -86 [da:17:1f:5b:04:da]
RSSI: -86 [da:15:3b:66:00:5b]
RSSI: -84 [da:15:3b:66:00:5b]
RSSI: -92 [da:1a:28:7d:14:ae]
RSSI: -88 [da:17:1f:67:05:0a]
RSSI: -88 [da:17:1f:67:05:0a]
RSSI: -86 [da:15:3b:75:00:8b]
RSSI: -88 [da:1a:28:8c:14:de]
RSSI: -84 [da:15:3b:82:00:ab]
RSSI: -87 [da:17:1f:76:05:2a]
RSSI: -82 [da:15:3b:82:00:ab]
RSSI: -87 [da:17:1f:85:05:5a]
RSSI: -83 [da:15:3b:91:00:db]
RSSI: -81 [da:15:3b:91:00:db]
RSSI: -90 [da:1a:28:a8:15:2e]
RSSI: -90 [da:17:1f:92:05:7a]
RSSI: -90 [da:1a:28:a8:15:2e]
RSSI: -81 [da:15:3b:a0:01:0b]
RSSI: -86 [da:17:1f:a1:05:aa]
RSSI: -81 [da:15:3b:ad:01:2b]
RSSI: -86 [da:17:1f:a1:05:aa]
RSSI: -90 [da:1a:28:b8:15:4e]
RSSI: -80 [da:15:3b:ad:01:2b]
RSSI: -85 [da:17:1f:b0:05:da]
RSSI: -80 [da:15:3b:bc:01:5b]
RSSI: -84 [da:17:1f:b0:05:da]
RSSI: -79 [da:15:3b:bc:01:5b]
RSSI: -80 [da:15:3b:cb:01:8b]
RSSI: -86 [da:1c:c4:09:0a:3c]
RSSI: -80 [da:15:3b:cb:01:8b]
RSSI: -81 [da:15:3b:d8:01:ab]
RSSI: -79 [da:17:1f:da:06:4a]
RSSI: -92 [da:1c:c4:23:0a:8c]
RSSI: -89 [da:1a:28:f3:15:fe]
RSSI: -78 [da:15:3b:e7:01:db]
RSSI: -90 [da:1c:c4:23:0a:8c]
RSSI: -80 [da:15:3b:e7:01:db]
RSSI: -86 [da:1c:c4:31:0a:bc]
RSSI: -80 [da:17:1f:e7:06:6a]
RSSI: -91 [da:1a:28:ff:16:1e]
RSSI: -80 [da:15:3b:f6:02:0b]
RSSI: -91 [da:1c:c4:31:0a:bc]
RSSI: -80 [da:17:1f:e7:06:6a]
RSSI: -81 [da:15:3b:f6:02:0b]
RSSI: -80 [da:17:1f:f6:06:9a]
RSSI: -81 [da:15:3c:03:02:2b]
RSSI: -80 [da:15:3c:03:02:2b]
RSSI: -80 [da:17:20:04:06:ca]
RSSI: -80 [da:17:20:04:06:ca]
RSSI: -82 [da:15:3c:12:02:5b]
RSSI: -86 [da:1c:c4:58:0b:3c]
RSSI: -81 [da:15:3c:12:02:5b]
RSSI: -80 [da:15:3c:12:02:5b]
RSSI: -79 [da:17:20:11:06:ea]
RSSI: -80 [da:15:3c:22:02:8b]
RSSI: -82 [da:15:3c:2e:02:ab]
RSSI: -79 [da:17:20:20:07:0a]
RSSI: -80 [da:15:3c:2e:02:ab]
RSSI: -80 [da:17:20:2f:07:3a]
RSSI: -83 [da:15:3c:3e:02:db]
RSSI: -89 [da:1c:c4:80:0b:ac]
RSSI: -80 [da:17:20:3b:07:5a]
RSSI: -84 [da:15:3c:4d:03:0b]
RSSI: -93 [da:1a:29:57:00:ae]
RSSI: -80 [da:17:20:4a:07:8a]
RSSI: -90 [da:1c:c4:9a:0c:0c]
RSSI: -85 [da:15:3c:59:03:2b]
RSSI: -80 [da:17:20:59:07:ba]
RSSI: -80 [da:17:20:66:07:da]
RSSI: -86 [da:15:3c:69:03:5b]
RSSI: -80 [da:17:20:66:07:da]
RSSI: -86 [da:15:3c:78:03:8b]
RSSI: -87 [da:1c:c4:b4:0c:5c]
RSSI: -81 [da:17:20:75:08:0a]
RSSI: -89 [da:1c:c4:c1:0c:8c]
RSSI: -80 [da:17:20:75:08:0a]
RSSI: -80 [da:17:20:84:08:2a]
RSSI: -88 [da:1c:c4:cf:0c:ac]
RSSI: -81 [da:17:20:84:08:2a]
RSSI: -87 [da:1c:c4:cf:0c:ac]
RSSI: -90 [da:15:3c:94:03:db]
RSSI: -81 [da:17:20:90:08:4a]
RSSI: -91 [da:1c:c4:db:0c:dc]
RSSI: -88 [da:1c:c4:db:0c:dc]
RSSI: -83 [da:17:20:9f:08:7a]
RSSI: -81 [da:17:20:9f:08:7a]
RSSI: -91 [da:15:3c:b0:04:2b]
RSSI: -87 [da:1c:c4:f6:0d:2c]
RSSI: -82 [da:17:20:ae:08:aa]
RSSI: -89 [da:15:3c:bf:04:5b]
RSSI: -84 [da:17:20:bb:08:ca]
RSSI: -90 [da:1c:c5:03:0d:5c]
RSSI: -93 [da:1a:29:da:02:1e]
RSSI: -88 [da:15:3c:ce:04:8b]
RSSI: -86 [da:1c:c5:11:0d:8c]
RSSI: -86 [da:17:20:ca:08:fa]
RSSI: -87 [da:15:3c:db:04:ab]
RSSI: -85 [da:1c:c5:1e:0d:ac]
RSSI: -87 [da:1c:c5:2b:0d:dc]
RSSI: -86 [da:15:3c:eb:04:db]
RSSI: -89 [da:17:20:e5:09:4a]
RSSI: -88 [da:15:3c:fa:05:0b]
RSSI: -87 [da:1c:c5:38:0e:0c]
RSSI: -90 [da:17:20:f4:09:7a]
RSSI: -86 [da:1c:c5:46:0e:2c]
RSSI: -85 [da:1c:c5:52:0e:5c]
RSSI: -86 [da:17:21:10:09:ba]
RSSI: -84 [da:1c:c5:60:0e:8c]
RSSI: -89 [da:15:3d:25:05:8b]
RSSI: -83 [da:1c:c5:60:0e:8c]
RSSI: -81 [da:1c:c5:60:0e:8c]
RSSI: -82 [da:1c:c5:6d:0e:ac]
RSSI: -91 [da:17:21:2e:0a:1a]
RSSI: -88 [da:15:3d:32:05:ab]
RSSI: -90 [da:17:21:2e:0a:1a]
RSSI: -81 [da:1c:c5:7a:0e:dc]
RSSI: -89 [da:15:3d:41:05:db]
RSSI: -89 [da:17:21:3a:0a:3a]
RSSI: -88 [da:15:3d:41:05:db]
RSSI: -90 [da:15:3d:50:06:0b]
RSSI: -85 [da:1c:c5:95:0f:2c]
RSSI: -87 [da:1c:c5:95:0f:2c]
RSSI: -82 [da:1c:c5:a1:0f:5c]
RSSI: -82 [da:1c:c5:a1:0f:5c]
RSSI: -85 [da:1c:c5:a1:0f:5c]
RSSI: -83 [da:1c:c5:af:0f:8c]
RSSI: -90 [da:15:3d:6c:06:5b]
RSSI: -84 [da:1c:c5:af:0f:8c]
RSSI: -90 [da:15:3d:6c:06:5b]
RSSI: -80 [da:1c:c5:af:0f:8c]
RSSI: -82 [da:1c:c5:bc:0f:ac]
RSSI: -82 [da:1c:c5:bc:0f:ac]
RSSI: -91 [da:1a:2a:98:04:3e]
RSSI: -81 [da:1c:c5:c9:0f:dc]
RSSI: -91 [da:1a:2a:98:04:3e]
RSSI: -83 [da:1c:c5:d7:10:0c]
RSSI: -89 [da:15:3d:98:06:db]
RSSI: -81 [da:1c:c5:d7:10:0c]
RSSI: -89 [da:15:3d:98:06:db]
RSSI: -82 [da:1c:c5:e4:10:2c]
RSSI: -86 [da:1c:c5:e4:10:2c]
RSSI: -89 [da:15:3d:a7:07:0b]
RSSI: -89 [da:1c:c5:e4:10:2c]
RSSI: -85 [da:1c:c5:f1:10:5c]
RSSI: -91 [da:15:3d:b4:07:2b]
RSSI: -95 [da:1a:2a:e0:05:0e]
RSSI: -92 [da:1c:c6:18:10:dc]
RSSI: -81 [da:1c:c6:26:10:fc]
RSSI: -77 [da:1c:c6:33:11:2c]
RSSI: -78 [da:1c:c6:40:11:5c]
RSSI: -92 [da:1a:2b:0c:05:8e]
RSSI: -93 [da:17:22:02:0c:7a]
RSSI: -74 [da:1c:c6:5b:11:ac]
RSSI: -72 [da:1c:c6:5b:11:ac]
RSSI: -75 [da:1c:c6:68:11:cc]
RSSI: -73 [da:1c:c6:68:11:cc]
RSSI: -74 [da:1c:c6:75:11:fc]
RSSI: -72 [da:1c:c6:83:12:2c]
RSSI: -90 [da:15:3e:45:08:db]
RSSI: -71 [da:1c:c6:83:12:2c]
RSSI: -73 [da:1c:c6:8f:12:4c]
RSSI: -72 [da:1c:c6:8f:12:4c]
RSSI: -71 [da:1c:c6:9d:12:7c]
RSSI: -73 [da:1c:c6:9d:12:7c]
RSSI: -71 [da:1c:c6:aa:12:9c]
RSSI: -94 [da:15:3e:71:09:5b]
RSSI: -72 [da:1c:c6:b7:12:cc]
RSSI: -74 [da:1c:c6:c5:12:fc]
RSSI: -88 [da:17:22:82:0d:ea]
RSSI: -94 [da:15:3e:8d:09:bb]
RSSI: -73 [da:1c:c6:d2:13:1c]
RSSI: -75 [da:1c:c6:d2:13:1c]
RSSI: -90 [da:17:22:8f:0e:0a]
RSSI: -75 [da:1c:c6:df:13:4c]
RSSI: -95 [da:15:3e:ab:0a:0b]
RSSI: -78 [da:1c:c6:ec:13:6c]
RSSI: -79 [da:1c:c6:fa:13:9c]
RSSI: -88 [da:17:22:b9:0e:8a]
RSSI: -85 [da:1c:c7:07:13:cc]
RSSI: -90 [da:17:22:c8:0e:aa]
RSSI: -86 [da:1c:c7:14:13:ec]
RSSI: -87 [da:17:22:c8:0e:aa]
RSSI: -89 [da:17:22:d7:0e:da]
RSSI: -88 [da:17:22:e4:0e:fa]
RSSI: -92 [da:1a:2c:06:08:6e]
RSSI: -88 [da:1c:c7:2e:14:3c]
RSSI: -90 [da:17:22:f3:0f:2a]
RSSI: -88 [da:17:22:f3:0f:2a]
RSSI: -88 [da:1c:c7:3c:14:6c]
RSSI: -86 [da:1c:c7:49:14:9c]
RSSI: -88 [da:1c:c7:49:14:9c]
RSSI: -87 [da:1c:c7:56:14:bc]
RSSI: -87 [da:1c:c7:56:14:bc]
RSSI: -93 [da:15:3f:1e:0b:6b]
RSSI: -91 [da:17:23:1e:0f:aa]
RSSI: -90 [da:1c:c7:71:15:1c]
RSSI: -92 [da:1a:2c:3f:09:0e]
RSSI: -90 [da:1c:c7:99:15:9c]
RSSI: -92 [da:1a:2c:6a:09:8e]
RSSI: -90 [da:1c:c7:b3:15:ec]
RSSI: -86 [da:1c:c7:b3:15:ec]
RSSI: -93 [da:1a:2c:8a:09:de]
RSSI: -85 [da:1c:c7:c1:16:1c]
RSSI: -87 [da:1a:2c:96:0a:0e]
RSSI: -89 [da:1a:2c:96:0a:0e]
RSSI: -86 [da:1a:2c:a6:0a:3e]
RSSI: -88 [da:1a:2c:b6:0a:5e]
RSSI: -90 [da:1c:c7:e9:00:0c]
RSSI: -87 [da:1a:2c:c2:0a:8e]
RSSI: -88 [da:1a:2c:c2:0a:8e]
RSSI: -93 [da:1c:c7:f5:00:2c]
RSSI: -86 [da:1a:2c:d2:0a:be]
RSSI: -93 [da:1c:c8:03:00:5c]
RSSI: -89 [da:1c:c8:1d:00:ac]
RSSI: -91 [da:1a:2c:ee:0b:0e]
RSSI: -88 [da:1c:c8:1d:00:ac]
RSSI: -89 [da:1a:2c:fe:0b:3e]
RSSI: -84 [da:1a:2d:0e:0b:6e]
RSSI: -85 [da:1a:2d:0e:0b:6e]
RSSI: -82 [da:1a:2d:1a:0b:8e]
RSSI: -83 [da:1a:2d:1a:0b:8e]
RSSI: -86 [da:1c:c8:53:01:4c]
RSSI: -80 [da:1a:2d:2a:0b:be]
RSSI: -81 [da:1a:2d:2a:0b:be]
RSSI: -80 [da:1a:2d:3a:0b:ee]
RSSI: -87 [da:1c:c8:6d:01:ac]
RSSI: -79 [da:1a:2d:3a:0b:ee]
RSSI: -78 [da:1a:2d:46:0c:0e]
RSSI: -77 [da:1a:2d:56:0c:3e]
RSSI: -77 [da:1a:2d:56:0c:3e]
RSSI: -76 [da:1a:2d:66:0c:6e]
RSSI: -77 [da:1a:2d:66:0c:6e]
RSSI: -75 [da:1a:2d:72:0c:8e]
RSSI: -76 [da:1a:2d:82:0c:be]
RSSI: -90 [da:1c:c8:b0:02:7c]
RSSI: -76 [da:1a:2d:92:0c:de]
RSSI: -75 [da:1a:2d:92:0c:de]
RSSI: -88 [da:15:40:81:0f:8b]
RSSI: -91 [da:15:40:91:0f:bb]
RSSI: -75 [da:1a:2d:9e:0d:0e]
RSSI: -89 [da:15:40:91:0f:bb]
RSSI: -88 [da:1c:c8:d8:02:fc]
RSSI: -75 [da:1a:2d:ae:0d:3e]
RSSI: -88 [da:15:40:9d:0f:db]
RSSI: -74 [da:1a:2d:ae:0d:3e]
RSSI: -88 [da:15:40:9d:0f:db]
RSSI: -92 [da:1c:c8:e5:03:1c]
RSSI: -76 [da:1a:2d:be:0d:5e]
RSSI: -77 [da:1a:2d:ca:0d:8e]
RSSI: -76 [da:1a:2d:ca:0d:8e]
RSSI: -89 [da:1c:c9:0d:03:9c]
RSSI: -87 [da:1c:c9:1a:03:cc]
RSSI: -76 [da:1a:2d:ea:0d:ee]
RSSI: -92 [da:1c:c9:1a:03:cc]
RSSI: -90 [da:15:40:e8:10:bb]
RSSI: -78 [da:1a:2d:f6:0e:0e]
RSSI: -85 [da:1c:c9:28:03:ec]
RSSI: -77 [da:1a:2d:f6:0e:0e]
RSSI: -88 [da:1c:c9:35:04:1c]
RSSI: -79 [da:1a:2e:06:0e:3e]
RSSI: -87 [da:1c:c9:35:04:1c]
RSSI: -79 [da:1a:2e:06:0e:3e]
RSSI: -81 [da:1a:2e:16:0e:5e]
RSSI: -88 [da:1c:c9:50:04:6c]
RSSI: -89 [da:1c:c9:50:04:6c]
RSSI: -83 [da:1a:2e:22:0e:8e]
RSSI: -84 [da:1a:2e:32:0e:be]
RSSI: -86 [da:1a:2e:42:0e:ee]
RSSI: -89 [da:15:41:30:11:8b]
RSSI: -86 [da:1a:2e:42:0e:ee]
RSSI: -89 [da:15:41:3f:11:bb]
RSSI: -88 [da:1a:2e:4e:0f:0e]
RSSI: -88 [da:1a:2e:4e:0f:0e]
RSSI: -90 [da:15:41:4c:11:eb]
RSSI: -89 [da:1a:2e:5e:0f:3e]
RSSI: -88 [da:15:41:5b:12:1b]
RSSI: -86 [da:1a:2e:6e:0f:5e]
RSSI: -89 [da:15:41:5b:12:1b]
RSSI: -85 [da:1a:2e:6e:0f:5e]
RSSI: -87 [da:15:41:6b:12:4b]
RSSI: -88 [da:15:41:6b:12:4b]
RSSI: -85 [da:1a:2e:7b:0f:8e]
RSSI: -87 [da:1a:2e:8a:0f:be]
RSSI: -90 [da:15:41:78:12:6b]
RSSI: -84 [da:1a:2e:8a:0f:be]
RSSI: -85 [da:1a:2e:9a:0f:de]
RSSI: -87 [da:1a:2e:9a:0f:de]
RSSI: -91 [da:15:41:97:12:cb]
RSSI: -93 [da:1c:c9:e3:06:3c]
RSSI: -88 [da:1a:2e:b7:10:3e]
RSSI: -88 [da:1a:2e:b7:10:3e]
RSSI: -91 [da:1c:c9:f0:06:6c]
RSSI: -90 [da:1c:c9:fd:06:8c]
RSSI: -90 [da:1a:2e:d3:10:8e]
RSSI: -89 [da:1c:ca:0b:06:bc]
RSSI: -87 [da:1a:2e:e3:10:ae]
RSSI: -90 [da:1a:2e:f2:10:de]
RSSI: -88 [da:1a:2e:f2:10:de]
RSSI: -89 [da:1c:ca:33:07:3c]
RSSI: -93 [da:1a:2f:0f:11:2e]
RSSI: -92 [da:1a:2f:1f:11:5e]
RSSI: -93 [da:15:42:1a:14:4b]
RSSI: -90 [da:1a:2f:2b:11:8e]
RSSI: -88 [da:1a:2f:4b:11:de]
RSSI: -89 [da:15:42:46:14:cb]
RSSI: -87 [da:17:26:5b:02:ba]
RSSI: -94 [da:1c:ca:ab:08:bc]
RSSI: -88 [da:15:42:71:15:4b]
RSSI: -90 [da:1c:ca:d3:09:3c]
RSSI: -96 [da:1a:2f:b0:13:0e]
RSSI: -88 [da:15:42:aa:15:fb]
RSSI: -89 [da:1c:ca:ed:09:9c]
RSSI: -90 [da:17:26:b1:03:aa]
RSSI: -89 [da:15:42:ba:16:1b]
RSSI: -86 [da:15:42:ba:16:1b]
RSSI: -87 [da:1c:ca:fb:09:cc]
RSSI: -93 [da:1c:cb:09:09:ec]
RSSI: -86 [da:15:42:c9:16:4b]
RSSI: -88 [da:1c:cb:16:0a:1c]
RSSI: -87 [da:15:42:d6:16:7b]
RSSI: -83 [da:15:42:e5:00:2b]
RSSI: -93 [da:1a:2f:fc:13:de]
RSSI: -84 [da:15:42:e5:00:2b]
RSSI: -84 [da:15:42:e5:00:2b]
RSSI: -92 [da:1a:2f:fc:13:de]
RSSI: -90 [da:17:26:e9:04:4a]
RSSI: -82 [da:15:43:02:00:8b]
RSSI: -89 [da:17:26:f8:04:7a]
RSSI: -81 [da:15:43:02:00:8b]
RSSI: -88 [da:17:27:07:04:9a]
RSSI: -80 [da:15:43:11:00:ab]
RSSI: -80 [da:15:43:21:00:db]
RSSI: -90 [da:1a:30:34:14:7e]
RSSI: -79 [da:15:43:2d:01:0b]
RSSI: -78 [da:15:43:2d:01:0b]
RSSI: -87 [da:17:27:32:05:1a]
RSSI: -88 [da:17:27:32:05:1a]
RSSI: -77 [da:15:43:3d:01:2b]
RSSI: -78 [da:15:43:3d:01:2b]
RSSI: -78 [da:15:43:4d:01:5b]
RSSI: -89 [da:1a:30:54:14:de]
RSSI: -77 [da:15:43:4d:01:5b]
RSSI: -90 [da:17:27:4e:05:6a]
RSSI: -77 [da:15:43:69:01:bb]
RSSI: -77 [da:15:43:69:01:bb]
RSSI: -77 [da:15:43:69:01:bb]
RSSI: -77 [da:15:43:79:01:db]
RSSI: -90 [da:1c:cb:b7:0c:1c]
RSSI: -77 [da:15:43:79:01:db]
RSSI: -77 [da:15:43:85:02:0b]
RSSI: -88 [da:17:27:7a:05:da]
RSSI: -88 [da:1a:30:9d:15:ae]
RSSI: -77 [da:15:43:95:02:3b]
RSSI: -77 [da:15:43:95:02:3b]
RSSI: -88 [da:1a:30:ad:15:de]
RSSI: -89 [da:1a:30:ad:15:de]
RSSI: -77 [da:15:43:a5:02:5b]
RSSI: -78 [da:15:43:a5:02:5b]
RSSI: -89 [da:1a:30:b9:15:fe]
RSSI: -82 [da:17:27:a5:06:5a]
RSSI: -77 [da:15:43:b1:02:8b]
RSSI: -82 [da:17:27:b4:06:8a]
RSSI: -89 [da:1c:cb:fb:0c:fc]
RSSI: -78 [da:15:43:c1:02:bb]
RSSI: -78 [da:15:43:c1:02:bb]
RSSI: -83 [da:17:27:c0:06:aa]
RSSI: -93 [da:1a:30:d9:00:2e]
RSSI: -81 [da:17:27:c0:06:aa]
RSSI: -79 [da:15:43:d0:02:eb]
RSSI: -89 [da:1c:cc:15:0d:4c]
RSSI: -79 [da:15:43:d0:02:eb]
RSSI: -82 [da:17:27:d0:06:da]
RSSI: -80 [da:15:43:dd:03:0b]
RSSI: -79 [da:17:27:df:06:fa]
RSSI: -89 [da:1c:cc:23:0d:7c]
RSSI: -79 [da:17:27:df:06:fa]
RSSI: -81 [da:15:43:ed:03:3b]
RSSI: -81 [da:15:43:ed:03:3b]
RSSI: -77 [da:17:27:ec:07:2a]
RSSI: -87 [da:1c:cc:2f:0d:ac]
RSSI: -78 [da:17:27:ec:07:2a]
RSSI: -82 [da:15:43:fc:03:6b]
RSSI: -90 [da:1c:cc:3d:0d:cc]
RSSI: -80 [da:17:27:fb:07:4a]
RSSI: -77 [da:17:27:fb:07:4a]
RSSI: -85 [da:15:44:09:03:8b]
RSSI: -77 [da:17:28:0a:07:7a]
RSSI: -78 [da:17:28:0a:07:7a]
RSSI: -84 [da:1c:cc:58:0e:2c]
RSSI: -77 [da:17:28:17:07:9a]
RSSI: -83 [da:1c:cc:66:0e:4c]
RSSI: -77 [da:17:28:26:07:ca]
RSSI: -83 [da:1c:cc:73:0e:7c]
RSSI: -78 [da:17:28:26:07:ca]
RSSI: -79 [da:17:28:35:07:fa]
RSSI: -76 [da:17:28:35:07:fa]
RSSI: -85 [da:1c:cc:80:0e:ac]
RSSI: -83 [da:1c:cc:80:0e:ac]
RSSI: -78 [da:17:28:42:08:1a]
RSSI: -80 [da:1c:cc:8e:0e:cc]
RSSI: -79 [da:17:28:42:08:1a]
RSSI: -84 [da:1c:cc:8e:0e:cc]
RSSI: -85 [da:1c:cc:9c:0e:fc]
RSSI: -78 [da:17:28:51:08:4a]
RSSI: -86 [da:1c:cc:9c:0e:fc]
RSSI: -88 [da:15:44:61:04:8b]
RSSI: -78 [da:17:28:61:08:6a]
RSSI: -82 [da:1c:cc:a8:0f:2c]
RSSI: -86 [da:15:44:61:04:8b]
RSSI: -78 [da:17:28:61:08:6a]
RSSI: -87 [da:1c:cc:a8:0f:2c]
RSSI: -86 [da:1c:cc:a8:0f:2c]
RSSI: -88 [da:15:44:71:04:bb]
RSSI: -80 [da:17:28:6d:08:9a]
RSSI: -82 [da:1c:cc:b6:0f:4c]
RSSI: -79 [da:17:28:6d:08:9a]
RSSI: -88 [da:15:44:80:04:eb]
RSSI: -83 [da:1c:cc:b6:0f:4c]
RSSI: -82 [da:17:28:7d:08:ba]
RSSI: -81 [da:1c:cc:c4:0f:7c]
RSSI: -86 [da:15:44:8d:05:0b]
RSSI: -82 [da:17:28:98:09:0a]
RSSI: -84 [da:17:28:98:09:0a]
RSSI: -89 [da:15:44:ac:05:6b]
RSSI: -83 [da:1c:cc:ec:0f:fc]
RSSI: -91 [da:15:44:ac:05:6b]
RSSI: -85 [da:17:28:a8:09:3a]
RSSI: -83 [da:17:28:a8:09:3a]
RSSI: -88 [da:17:28:b7:09:6a]
RSSI: -89 [da:17:28:c4:09:8a]
RSSI: -88 [da:15:44:d8:05:fb]
RSSI: -86 [da:1c:cd:21:10:ac]
RSSI: -90 [da:17:28:d3:09:ba]
RSSI: -87 [da:15:44:e5:06:1b]
RSSI: -83 [da:1c:cd:2f:10:dc]
RSSI: -82 [da:1c:cd:2f:10:dc]
RSSI: -88 [da:15:44:f5:06:4b]
RSSI: -81 [da:1c:cd:4a:11:2c]
RSSI: -81 [da:1c:cd:4a:11:2c]
RSSI: -80 [da:1c:cd:4a:11:2c]
RSSI: -87 [da:17:29:0e:0a:6a]
RSSI: -80 [da:1c:cd:58:11:5c]
RSSI: -89 [da:17:29:1a:0a:8a]
RSSI: -88 [da:15:45:21:06:cb]
RSSI: -78 [da:1c:cd:66:11:7c]
RSSI: -77 [da:1c:cd:72:11:ac]
RSSI: -78 [da:1c:cd:80:11:dc]
RSSI: -77 [da:1c:cd:8e:12:0c]
RSSI: -78 [da:1c:cd:8e:12:0c]
RSSI: -89 [da:15:45:5d:07:7b]
RSSI: -78 [da:1c:cd:9b:12:2c]
RSSI: -77 [da:1c:cd:9b:12:2c]
RSSI: -77 [da:1c:cd:a9:12:5c]
RSSI: -78 [da:1c:cd:a9:12:5c]
RSSI: -78 [da:1c:cd:b7:12:8c]
RSSI: -77 [da:1c:cd:b7:12:8c]
RSSI: -79 [da:1c:cd:c3:12:ac]
RSSI: -89 [da:15:45:89:08:0b]
RSSI: -79 [da:1c:cd:d1:12:dc]
RSSI: -93 [da:15:45:95:08:2b]
RSSI: -79 [da:1c:cd:df:13:0c]
RSSI: -80 [da:1c:cd:df:13:0c]
RSSI: -80 [da:1c:cd:ec:13:2c]
RSSI: -79 [da:1c:cd:ec:13:2c]
RSSI: -86 [da:15:45:b5:08:8b]
RSSI: -82 [da:1c:cd:fa:13:5c]
RSSI: -83 [da:1c:cd:fa:13:5c]
RSSI: -81 [da:1c:cd:fa:13:5c]
RSSI: -83 [da:1c:ce:08:13:8c]
RSSI: -86 [da:15:45:c1:08:ab]
RSSI: -87 [da:1c:ce:14:13:ac]
RSSI: -90 [da:1c:ce:30:14:0c]
RSSI: -88 [da:15:45:fd:09:5b]
RSSI: -86 [da:15:45:fd:09:5b]
RSSI: -88 [da:1c:ce:65:14:ac]
RSSI: -94 [da:17:2a:1e:0d:6a]
RSSI: -87 [da:15:46:29:09:eb]
RSSI: -91 [da:15:46:29:09:eb]
RSSI: -85 [da:1c:ce:73:14:dc]
RSSI: -90 [da:1c:ce:73:14:dc]
RSSI: -87 [da:15:46:39:0a:0b]
RSSI: -90 [da:15:46:46:0a:3b]
RSSI: -91 [da:15:46:56:0a:6b]
RSSI: -92 [da:15:46:65:0a:9b]
RSSI: -86 [da:1c:ce:b6:15:ac]
RSSI: -90 [da:1c:ce:b6:15:ac]
RSSI: -87 [da:1c:ce:c4:15:dc]
RSSI: -91 [da:17:2a:94:0e:ba]
RSSI: -89 [da:15:46:9e:0b:3b]
RSSI: -89 [da:17:2a:a0:0e:da]
RSSI: -92 [da:1a:33:bd:08:8e]
RSSI: -91 [da:17:2a:a0:0e:da]
RSSI: -92 [da:1a:33:cd:08:be]
RSSI: -90 [da:17:2a:b0:0f:0a]
RSSI: -90 [da:1c:ce:fb:00:0c]
RSSI: -91 [da:1a:33:cd:08:be]
RSSI: -88 [da:17:2a:bf:0f:3a]
RSSI: -88 [da:1c:cf:07:00:2c]
RSSI: -89 [da:1a:33:da:08:de]
RSSI: -87 [da:1c:cf:16:00:5c]
RSSI: -87 [da:1c:cf:16:00:5c]
RSSI: -93 [da:1a:33:ea:09:0e]
RSSI: -87 [da:17:2a:db:0f:8a]
RSSI: -87 [da:1a:33:ea:09:0e]
RSSI: -89 [da:1c:cf:23:00:7c]
RSSI: -91 [da:1c:cf:30:00:ac]
RSSI: -89 [da:17:2a:eb:0f:ba]
RSSI: -86 [da:1c:cf:3e:00:dc]
RSSI: -92 [da:17:2a:f7:0f:da]
RSSI: -88 [da:1a:34:16:09:8e]
RSSI: -92 [da:17:2b:07:10:0a]
RSSI: -91 [da:17:2b:07:10:0a]
RSSI: -88 [da:1a:34:26:09:be]
RSSI: -88 [da:1c:cf:67:01:5c]
RSSI: -93 [da:1a:34:33:09:de]
RSSI: -87 [da:1a:34:43:0a:0e]
RSSI: -88 [da:1c:cf:75:01:8c]
RSSI: -92 [da:17:2b:32:10:8a]
RSSI: -89 [da:1a:34:43:0a:0e]
RSSI: -85 [da:1a:34:60:0a:6e]
RSSI: -87 [da:1a:34:70:0a:9e]
RSSI: -85 [da:1a:34:70:0a:9e]
RSSI: -86 [da:1a:34:80:0a:ce]
RSSI: -91 [da:1a:34:80:0a:ce]
RSSI: -90 [da:1c:cf:d3:02:ac]
RSSI: -88 [da:1a:34:9c:0b:1e]
RSSI: -91 [da:1a:34:b9:0b:6e]
RSSI: -83 [da:1a:34:c9:0b:9e]
RSSI: -84 [da:1a:34:c9:0b:9e]
RSSI: -79 [da:1a:34:d9:0b:ce]
RSSI: -80 [da:1a:34:d9:0b:ce]
RSSI: -78 [da:1a:34:e6:0b:ee]
RSSI: -79 [da:1a:34:f6:0c:1e]
RSSI: -78 [da:1a:34:f6:0c:1e]
RSSI: -90 [da:15:47:f4:0f:3b]
RSSI: -78 [da:1a:35:06:0c:4e]
RSSI: -91 [da:1c:d0:32:03:dc]
RSSI: -78 [da:1a:35:06:0c:4e]
RSSI: -78 [da:1a:35:06:0c:4e]
RSSI: -77 [da:1a:35:12:0c:6e]
RSSI: -88 [da:15:48:00:0f:5b]
RSSI: -77 [da:1a:35:12:0c:6e]
RSSI: -88 [da:15:48:10:0f:8b]
RSSI: -76 [da:1a:35:22:0c:9e]
RSSI: -77 [da:1a:35:22:0c:9e]
RSSI: -86 [da:15:48:20:0f:bb]
RSSI: -76 [da:1a:35:32:0c:ce]
RSSI: -85 [da:15:48:20:0f:bb]
RSSI: -76 [da:1a:35:32:0c:ce]
RSSI: -76 [da:1a:35:3f:0c:ee]
RSSI: -87 [da:15:48:3c:10:0b]
RSSI: -77 [da:1a:35:4f:0d:1e]
RSSI: -85 [da:15:48:3c:10:0b]
RSSI: -76 [da:1a:35:4f:0d:1e]
RSSI: -75 [da:1a:35:5f:0d:4e]
RSSI: -86 [da:15:48:4c:10:3b]
RSSI: -76 [da:1a:35:5f:0d:4e]
RSSI: -88 [da:15:48:59:10:6b]
RSSI: -76 [da:1a:35:6c:0d:7e]
RSSI: -87 [da:15:48:69:10:9b]
RSSI: -76 [da:1a:35:7c:0d:ae]
RSSI: -89 [da:15:48:69:10:9b]
RSSI: -75 [da:1a:35:7c:0d:ae]
RSSI: -76 [da:1a:35:8c:0d:de]
RSSI: -88 [da:15:48:79:10:cb]
RSSI: -76 [da:1a:35:8c:0d:de]
RSSI: -76 [da:1a:35:99:0d:fe]
RSSI: -88 [da:15:48:85:10:eb]
RSSI: -88 [da:15:48:85:10:eb]
RSSI: -77 [da:1a:35:99:0d:fe]
RSSI: -88 [da:15:48:95:11:1b]
RSSI: -76 [da:1a:35:a9:0e:2e]
RSSI: -89 [da:15:48:a5:11:4b]
RSSI: -78 [da:1a:35:a9:0e:2e]
RSSI: -79 [da:1a:35:b9:0e:5e]
RSSI: -77 [da:1a:35:b9:0e:5e]
RSSI: -82 [da:1a:35:c5:0e:7e]
RSSI: -80 [da:1a:35:d5:0e:ae]
RSSI: -83 [da:1a:35:d5:0e:ae]
RSSI: -87 [da:15:48:d1:11:cb]
RSSI: -89 [da:15:48:d1:11:cb]
RSSI: -83 [da:1a:35:e5:0e:de]
RSSI: -85 [da:15:48:de:11:eb]
RSSI: -83 [da:1a:35:f2:0e:fe]
RSSI: -86 [da:15:48:ee:12:1b]
RSSI: -83 [da:15:48:ee:12:1b]
RSSI: -84 [da:1a:36:02:0f:2e]
RSSI: -88 [da:1a:36:12:0f:5e]
RSSI: -86 [da:15:48:fe:12:4b]
RSSI: -87 [da:1a:36:12:0f:5e]
RSSI: -86 [da:15:49:0a:12:7b]
RSSI: -84 [da:1a:36:1f:0f:7e]
RSSI: -87 [da:15:49:1a:12:ab]
RSSI: -92 [da:1c:d1:57:07:8c]
RSSI: -88 [da:15:49:1a:12:ab]
RSSI: -84 [da:1a:36:2f:0f:ae]
RSSI: -87 [da:1a:36:2f:0f:ae]
RSSI: -90 [da:1a:36:3f:0f:de]
RSSI: -85 [da:1a:36:3f:0f:de]
RSSI: -89 [da:15:49:37:12:fb]
RSSI: -88 [da:1a:36:4c:0f:fe]
RSSI: -88 [da:15:49:47:13:2b]
RSSI: -90 [da:1a:36:5c:10:2e]
RSSI: -93 [da:15:49:57:13:5b]
RSSI: -86 [da:1a:36:6c:10:5e]
RSSI: -89 [da:1a:36:79:10:7e]
RSSI: -94 [da:17:2d:6f:00:7a]
RSSI: -88 [da:1a:36:a5:11:0e]
RSSI: -93 [da:15:49:a0:14:2b]
RSSI: -87 [da:1c:d1:e0:09:3c]
RSSI: -93 [da:15:49:bc:14:7b]
RSSI: -90 [da:1c:d1:fa:09:8c]
RSSI: -90 [da:15:49:bc:14:7b]
RSSI: -91 [da:1c:d1:fa:09:8c]
RSSI: -85 [da:1c:d2:08:09:bc]
RSSI: -88 [da:1c:d2:15:09:ec]
RSSI: -94 [da:1a:36:e2:11:be]
RSSI: -87 [da:15:49:dc:14:db]
RSSI: -88 [da:15:49:e9:14:fb]
RSSI: -87 [da:15:49:e9:14:fb]
RSSI: -88 [da:15:49:f9:15:2b]
RSSI: -94 [da:1c:d2:3e:0a:6c]
RSSI: -87 [da:15:4a:09:15:5b]
RSSI: -86 [da:15:4a:15:15:7b]
RSSI: -87 [da:15:4a:15:15:7b]
RSSI: -89 [da:1c:d2:75:0b:1c]
RSSI: -86 [da:15:4a:42:16:0b]
RSSI: -93 [da:1a:37:55:13:0e]
RSSI: -92 [da:17:2e:3a:02:ba]
RSSI: -85 [da:15:4a:42:16:0b]
RSSI: -87 [da:15:4a:52:16:3b]
RSSI: -88 [da:15:4a:62:16:6b]
RSSI: -85 [da:15:4a:6e:00:0b]
RSSI: -85 [da:15:4a:6e:00:0b]
RSSI: -82 [da:15:4a:7e:00:2b]
RSSI: -90 [da:1c:d2:c7:0c:1c]
RSSI: -81 [da:15:4a:8e:00:5b]
RSSI: -89 [da:17:2e:92:03:aa]
RSSI: -81 [da:15:4a:9b:00:8b]
RSSI: -90 [da:17:2e:92:03:aa]
RSSI: -80 [da:15:4a:9b:00:8b]
RSSI: -79 [da:15:4a:ab:00:bb]
RSSI: -78 [da:15:4a:bb:00:eb]
RSSI: -77 [da:15:4a:c7:01:0b]
RSSI: -77 [da:15:4a:c7:01:0b]
RSSI: -91 [da:1c:d3:0b:0c:fc]
RSSI: -93 [da:17:2e:cd:04:5a]
RSSI: -77 [da:15:4a:d8:01:3b]
RSSI: -90 [da:17:2e:dd:04:8a]
RSSI: -76 [da:15:4a:e7:01:6b]
RSSI: -90 [da:1c:d3:34:0d:7c]
RSSI: -91 [da:17:2e:e9:04:aa]
RSSI: -90 [da:1c:d3:34:0d:7c]
RSSI: -76 [da:15:4b:04:01:bb]
RSSI: -85 [da:1c:d3:42:0d:ac]
RSSI: -91 [da:17:2e:f9:04:da]
RSSI: -77 [da:15:4b:04:01:bb]
RSSI: -89 [da:17:2f:09:04:fa]
RSSI: -77 [da:15:4b:14:01:eb]
RSSI: -87 [da:1c:d3:5d:0e:0c]
RSSI: -75 [da:15:4b:21:02:1b]
RSSI: -86 [da:1c:d3:5d:0e:0c]
RSSI: -76 [da:15:4b:21:02:1b]
RSSI: -75 [da:15:4b:31:02:4b]
RSSI: -77 [da:15:4b:41:02:7b]
RSSI: -77 [da:15:4b:41:02:7b]
RSSI: -90 [da:1c:d3:86:0e:8c]
RSSI: -78 [da:15:4b:4d:02:9b]
RSSI: -90 [da:17:2f:41:05:aa]
RSSI: -77 [da:15:4b:4d:02:9b]
RSSI: -90 [da:1c:d3:94:0e:bc]
RSSI: -90 [da:17:2f:51:05:ca]
RSSI: -78 [da:15:4b:5d:02:cb]
RSSI: -86 [da:1c:d3:a2:0e:ec]
RSSI: -77 [da:15:4b:6d:02:fb]
RSSI: -79 [da:15:4b:7a:03:1b]
RSSI: -86 [da:17:2f:6d:06:1a]
RSSI: -80 [da:15:4b:7a:03:1b]
RSSI: -86 [da:17:2f:8c:06:7a]
RSSI: -83 [da:15:4b:9a:03:7b]
RSSI: -83 [da:17:2f:99:06:9a]
RSSI: -87 [da:1c:d3:e6:0f:bc]
RSSI: -86 [da:15:4b:a7:03:9b]
RSSI: -86 [da:15:4b:a7:03:9b]
RSSI: -82 [da:17:2f:a9:06:ca]
RSSI: -82 [da:17:2f:a9:06:ca]
RSSI: -82 [da:17:2f:b8:06:fa]
RSSI: -81 [da:17:2f:c5:07:1a]
RSSI: -91 [da:15:4b:d3:04:2b]
RSSI: -87 [da:15:4b:d3:04:2b]
RSSI: -82 [da:17:2f:d5:07:4a]
RSSI: -81 [da:17:2f:d5:07:4a]
RSSI: -81 [da:17:2f:e4:07:7a]
RSSI: -83 [da:17:2f:e4:07:7a]
RSSI: -86 [da:1c:d4:2a:10:9c]
RSSI: -84 [da:15:4b:f3:04:8b]
RSSI: -84 [da:15:4b:f3:04:8b]
RSSI: -88 [da:1c:d4:39:10:cc]
RSSI: -82 [da:17:2f:f1:07:9a]
RSSI: -85 [da:1c:d4:39:10:cc]
RSSI: -83 [da:15:4c:00:04:ab]
RSSI: -83 [da:17:30:01:07:ca]
RSSI: -83 [da:17:30:01:07:ca]
RSSI: -84 [da:15:4c:10:04:db]
RSSI: -82 [da:17:30:10:07:fa]
RSSI: -83 [da:15:4c:10:04:db]
RSSI: -82 [da:1c:d4:53:11:1c]
RSSI: -84 [da:17:30:10:07:fa]
RSSI: -83 [da:1c:d4:62:11:4c]
RSSI: -83 [da:17:30:1d:08:1a]
RSSI: -82 [da:1c:d4:62:11:4c]
RSSI: -83 [da:17:30:1d:08:1a]
RSSI: -85 [da:15:4c:2d:05:2b]
RSSI: -85 [da:1c:d4:70:11:7c]
RSSI: -84 [da:17:30:2d:08:4a]
RSSI: -81 [da:1c:d4:7d:11:9c]
RSSI: -86 [da:17:30:3c:08:6a]
RSSI: -85 [da:17:30:3c:08:6a]
RSSI: -80 [da:1c:d4:8b:11:cc]
RSSI: -88 [da:15:4c:4d:05:8b]
RSSI: -85 [da:17:30:49:08:9a]
RSSI: -86 [da:17:30:49:08:9a]
RSSI: -88 [da:15:4c:59:05:bb]
RSSI: -87 [da:15:4c:59:05:bb]
RSSI: -87 [da:17:30:58:08:ca]
RSSI: -80 [da:1c:d4:a6:12:1c]
RSSI: -78 [da:1c:d4:b4:12:4c]
RSSI: -81 [da:1c:d4:b4:12:4c]
RSSI: -84 [da:15:4c:79:06:1b]
RSSI: -89 [da:17:30:75:09:0a]
RSSI: -81 [da:1c:d4:c2:12:7c]
RSSI: -90 [da:17:30:75:09:0a]
RSSI: -78 [da:1c:d4:c2:12:7c]
RSSI: -81 [da:1c:d4:cf:12:9c]
RSSI: -81 [da:1c:d4:cf:12:9c]
RSSI: -87 [da:15:4c:96:06:6b]
RSSI: -82 [da:1c:d4:dd:12:cc]
RSSI: -82 [da:1c:d4:dd:12:cc]
RSSI: -82 [da:1c:d4:eb:12:fc]
RSSI: -80 [da:1c:d4:eb:12:fc]
RSSI: -84 [da:15:4c:b3:06:bb]
RSSI: -83 [da:15:4c:b3:06:bb]
RSSI: -88 [da:1c:d4:f8:13:1c]
RSSI: -84 [da:15:4c:c3:06:eb]
RSSI: -87 [da:1c:d5:06:13:4c]
RSSI: -84 [da:15:4c:c3:06:eb]
RSSI: -88 [da:1c:d5:06:13:4c]
RSSI: -86 [da:15:4c:d3:07:1b]
RSSI: -85 [da:15:4c:d3:07:1b]
RSSI: -88 [da:1c:d5:15:13:7c]
RSSI: -89 [da:17:30:cd:0a:0a]
RSSI: -86 [da:15:4c:e0:07:3b]
RSSI: -86 [da:15:4c:e0:07:3b]
RSSI: -93 [da:17:30:dd:0a:3a]
RSSI: -95 [da:1a:3a:07:04:4e]
RSSI: -94 [da:1a:3a:14:04:7e]
RSSI: -85 [da:1c:d5:4a:14:2c]
RSSI: -86 [da:15:4d:0c:07:cb]
RSSI: -85 [da:1c:d5:59:14:5c]
RSSI: -84 [da:1c:d5:59:14:5c]
RSSI: -84 [da:1c:d5:67:14:8c]
RSSI: -86 [da:15:4d:2d:08:2b]
RSSI: -87 [da:1c:d5:74:14:ac]
RSSI: -88 [da:1c:d5:82:14:dc]
RSSI: -89 [da:15:4d:49:08:7b]
RSSI: -87 [da:15:4d:59:08:ab]
RSSI: -89 [da:15:4d:59:08:ab]
RSSI: -87 [da:1c:d5:9d:15:2c]
RSSI: -88 [da:1c:d5:9d:15:2c]
RSSI: -87 [da:15:4d:66:08:db]
RSSI: -91 [da:1c:d5:ba:15:8c]
RSSI: -87 [da:15:4d:76:09:0b]
RSSI: -91 [da:1c:d5:ba:15:8c]
RSSI: -89 [da:15:4d:86:09:3b]
RSSI: -86 [da:1c:d5:c7:15:ac]
RSSI: -90 [da:1c:d5:c7:15:ac]
RSSI: -85 [da:1c:d5:d5:15:dc]
RSSI: -91 [da:1c:d5:e3:16:0c]
RSSI: -87 [da:15:4d:c0:09:db]
RSSI: -93 [da:17:31:b9:0c:aa]
RSSI: -86 [da:1c:d5:fe:16:5c]
RSSI: -87 [da:15:4d:c0:09:db]
RSSI: -87 [da:1c:d6:0c:00:0c]
RSSI: -89 [da:15:4d:d0:0a:0b]
RSSI: -87 [da:1c:d6:0c:00:0c]
RSSI: -86 [da:15:4d:d0:0a:0b]
RSSI: -88 [da:1c:d6:19:00:2c]
RSSI: -90 [da:1c:d6:28:00:5c]
RSSI: -90 [da:15:4d:ed:0a:6b]
RSSI: -90 [da:15:4d:ed:0a:6b]
RSSI: -89 [da:1c:d6:36:00:8c]
RSSI: -90 [da:15:4d:fd:0a:9b]
RSSI: -96 [da:17:32:01:0d:7a]
RSSI: -87 [da:15:4e:0d:0a:cb]
RSSI: -88 [da:1c:d6:5f:01:0c]
RSSI: -93 [da:17:32:2d:0d:fa]
RSSI: -88 [da:15:4e:46:0b:7b]
RSSI: -89 [da:15:4e:57:0b:ab]
RSSI: -91 [da:1c:d6:95:01:bc]
RSSI: -89 [da:15:4e:57:0b:ab]
RSSI: -91 [da:15:4e:67:0b:db]
RSSI: -95 [da:15:4e:73:0b:fb]
RSSI: -94 [da:1a:3b:a1:08:fe]
RSSI: -94 [da:15:4e:94:0c:5b]
RSSI: -92 [da:1c:d6:db:02:9c]
RSSI: -94 [da:1a:3b:ad:09:1e]
RSSI: -94 [da:1c:d6:db:02:9c]
RSSI: -90 [da:17:32:b2:0f:7a]
RSSI: -89 [da:17:32:c2:0f:aa]
RSSI: -92 [da:17:32:c2:0f:aa]
RSSI: -91 [da:17:32:d2:0f:da]
RSSI: -92 [da:17:32:d2:0f:da]
RSSI: -88 [da:1c:d7:20:03:6c]
RSSI: -88 [da:1c:d7:2e:03:9c]
RSSI: -89 [da:1c:d7:3b:03:bc]
RSSI: -90 [da:1a:3c:21:0a:6e]
RSSI: -92 [da:1c:d7:57:04:1c]
RSSI: -93 [da:1c:d7:57:04:1c]
RSSI: -92 [da:1a:3c:2e:0a:8e]
RSSI: -87 [da:1a:3c:2e:0a:8e]
RSSI: -90 [da:1a:3c:3b:0a:be]
RSSI: -89 [da:1a:3c:47:0a:de]
RSSI: -94 [da:1a:3c:54:0a:fe]
RSSI: -89 [da:1a:3c:61:0b:2e]
RSSI: -90 [da:1a:3c:6e:0b:4e]
RSSI: -93 [da:15:4f:5c:0e:ab]
RSSI: -85 [da:1a:3c:7b:0b:6e]
RSSI: -84 [da:1a:3c:7b:0b:6e]
RSSI: -86 [da:1a:3c:88:0b:8e]
RSSI: -90 [da:15:4f:79:0f:0b]
RSSI: -85 [da:1a:3c:88:0b:8e]
RSSI: -91 [da:1c:d7:c5:05:7c]
RSSI: -88 [da:15:4f:93:0f:4b]
RSSI: -83 [da:1a:3c:a1:0b:de]
RSSI: -88 [da:15:4f:93:0f:4b]
RSSI: -97 [da:1c:d7:d4:05:9c]
RSSI: -88 [da:15:4f:9f:0f:7b]
RSSI: -87 [da:1c:d7:e0:05:cc]
RSSI: -82 [da:1a:3c:ae:0b:fe]
RSSI: -79 [da:1a:3c:bb:0c:2e]
RSSI: -87 [da:15:4f:ac:0f:9b]
RSSI: -80 [da:1a:3c:bb:0c:2e]
RSSI: -89 [da:1c:d7:ef:05:fc]
RSSI: -88 [da:15:4f:b9:0f:bb]
RSSI: -80 [da:1a:3c:c8:0c:4e]
RSSI: -85 [da:15:4f:b9:0f:bb]
RSSI: -86 [da:15:4f:c5:0f:eb]
RSSI: -80 [da:1a:3c:d5:0c:6e]
RSSI: -86 [da:15:4f:c5:0f:eb]
RSSI: -78 [da:1a:3c:d5:0c:6e]
RSSI: -85 [da:15:4f:d2:10:0b]
RSSI: -86 [da:15:4f:d2:10:0b]
RSSI: -79 [da:1a:3c:e2:0c:9e]
RSSI: -86 [da:15:4f:df:10:3b]
RSSI: -85 [da:15:4f:df:10:3b]
RSSI: -87 [da:15:4f:ec:10:5b]
RSSI: -79 [da:1a:3c:fc:0c:de]
RSSI: -87 [da:15:4f:ec:10:5b]
RSSI: -79 [da:1a:3c:fc:0c:de]
RSSI: -93 [da:17:33:e8:12:ea]
RSSI: -86 [da:15:4f:f8:10:7b]
RSSI: -84 [da:15:4f:f8:10:7b]
RSSI: -87 [da:15:4f:f8:10:7b]
RSSI: -87 [da:15:4f:f8:10:7b]
RSSI: -89 [da:15:50:05:10:ab]
RSSI: -80 [da:1a:3d:15:0d:2e]
RSSI: -86 [da:15:50:05:10:ab]
RSSI: -79 [da:1a:3d:22:0d:4e]
RSSI: -80 [da:1a:3d:22:0d:4e]
RSSI: -89 [da:15:50:12:10:cb]
RSSI: -80 [da:1a:3d:22:0d:4e]
RSSI: -86 [da:15:50:1e:10:eb]
RSSI: -80 [da:1a:3d:2f:0d:7e]
RSSI: -80 [da:1a:3d:2f:0d:7e]
RSSI: -87 [da:15:50:1e:10:eb]
RSSI: -88 [da:15:50:2b:11:1b]
RSSI: -80 [da:1a:3d:3c:0d:9e]
RSSI: -87 [da:15:50:38:11:3b]
RSSI: -81 [da:1a:3d:49:0d:be]
RSSI: -87 [da:15:50:51:11:8b]
RSSI: -87 [da:15:50:51:11:8b]
RSSI: -81 [da:1a:3d:63:0e:0e]
RSSI: -86 [da:15:50:5e:11:ab]
RSSI: -80 [da:1a:3d:6f:0e:2e]
RSSI: -84 [da:1a:3d:7c:0e:4e]
RSSI: -86 [da:1a:3d:7c:0e:4e]
RSSI: -87 [da:15:50:78:11:fb]
RSSI: -86 [da:15:50:78:11:fb]
RSSI: -86 [da:1a:3d:89:0e:7e]
RSSI: -85 [da:15:50:84:12:1b]
RSSI: -85 [da:15:50:84:12:1b]
RSSI: -82 [da:1a:3d:96:0e:9e]
RSSI: -88 [da:1c:d8:cd:08:bc]
RSSI: -85 [da:15:50:91:12:3b]
RSSI: -85 [da:15:50:91:12:3b]
RSSI: -85 [da:15:50:9e:12:6b]
RSSI: -85 [da:15:50:aa:12:8b]
RSSI: -86 [da:15:50:aa:12:8b]
RSSI: -85 [da:1a:3d:bd:0f:0e]
RSSI: -86 [da:15:50:b7:12:bb]
RSSI: -89 [da:15:50:c4:12:db]
RSSI: -88 [da:15:50:c4:12:db]
RSSI: -89 [da:15:50:d1:12:fb]
RSSI: -83 [da:1a:3d:e4:0f:7e]
RSSI: -89 [da:15:50:dd:13:2b]
RSSI: -91 [da:15:50:dd:13:2b]
RSSI: -85 [da:1a:3e:0a:0f:ee]
RSSI: -93 [da:1c:d9:3b:0a:1c]
RSSI: -90 [da:1c:d9:4a:0a:4c]
RSSI: -88 [da:1a:3e:31:10:5e]
RSSI: -90 [da:1c:d9:65:0a:ac]
RSSI: -90 [da:1c:d9:65:0a:ac]
RSSI: -86 [da:1c:d9:65:0a:ac]
RSSI: -93 [da:15:51:2a:14:0b]
RSSI: -92 [da:1a:3e:4b:10:ae]
RSSI: -86 [da:1c:d9:80:0a:fc]
RSSI: -86 [da:1c:d9:80:0a:fc]
RSSI: -91 [da:1a:3e:58:10:ce]
RSSI: -92 [da:1c:d9:8f:0b:2c]
RSSI: -89 [da:15:51:5d:14:9b]
RSSI: -88 [da:15:51:5d:14:9b]
RSSI: -93 [da:1a:3e:72:11:1e]
RSSI: -90 [da:1c:d9:aa:0b:8c]
RSSI: -88 [da:15:51:76:14:eb]
RSSI: -93 [da:1a:3e:8b:11:5e]
RSSI: -88 [da:15:51:83:15:0b]
RSSI: -93 [da:1a:3e:98:11:8e]
RSSI: -89 [da:1c:d9:c7:0b:dc]
RSSI: -88 [da:15:51:90:15:2b]
RSSI: -87 [da:15:51:9d:15:5b]
RSSI: -87 [da:1c:d9:e2:0c:3c]
RSSI: -91 [da:1c:d9:f0:0c:6c]
RSSI: -85 [da:1c:d9:f0:0c:6c]
RSSI: -84 [da:15:51:c3:15:cb]
RSSI: -88 [da:1c:d9:fd:0c:8c]
RSSI: -86 [da:1c:da:1a:0c:ec]
RSSI: -84 [da:1c:da:27:0d:1c]
RSSI: -85 [da:1c:da:27:0d:1c]
RSSI: -90 [da:17:35:f0:02:aa]
RSSI: -84 [da:1c:da:35:0d:4c]
RSSI: -83 [da:1c:da:35:0d:4c]
RSSI: -86 [da:15:52:02:00:0b]
RSSI: -87 [da:1c:da:51:0d:9c]
RSSI: -90 [da:17:36:0d:02:fa]
RSSI: -86 [da:1c:da:51:0d:9c]
RSSI: -89 [da:15:52:1c:00:2b]
RSSI: -82 [da:1c:da:5f:0d:cc]
RSSI: -83 [da:1c:da:5f:0d:cc]
RSSI: -83 [da:15:52:29:00:4b]
RSSI: -85 [da:1c:da:6e:0d:fc]
RSSI: -82 [da:15:52:36:00:7b]
RSSI: -84 [da:15:52:36:00:7b]
RSSI: -85 [da:1c:da:7a:0e:1c]
RSSI: -89 [da:15:52:43:00:9b]
RSSI: -89 [da:17:36:39:03:7a]
RSSI: -81 [da:15:52:5c:00:eb]
RSSI: -85 [da:15:52:5c:00:eb]
RSSI: -89 [da:17:36:56:03:ca]
RSSI: -84 [da:15:52:69:01:0b]
RSSI: -84 [da:15:52:76:01:2b]
RSSI: -82 [da:1c:da:b3:0e:cc]
RSSI: -82 [da:15:52:82:01:5b]
RSSI: -83 [da:1c:da:c1:0e:fc]
RSSI: -82 [da:15:52:82:01:5b]
RSSI: -82 [da:1c:da:c1:0e:fc]
RSSI: -84 [da:1c:da:ce:0f:2c]
RSSI: -82 [da:15:52:9c:01:9b]
RSSI: -83 [da:1c:da:dc:0f:5c]
RSSI: -81 [da:1c:da:dc:0f:5c]
RSSI: -82 [da:15:52:a9:01:cb]
RSSI: -82 [da:15:52:a9:01:cb]
RSSI: -81 [da:15:52:a9:01:cb]
RSSI: -89 [da:17:36:a2:04:9a]
RSSI: -85 [da:1c:da:eb:0f:8c]
RSSI: -77 [da:15:52:b6:01:eb]
RSSI: -80 [da:15:52:c2:02:0b]
RSSI: -82 [da:15:52:cf:02:3b]
RSSI: -80 [da:15:52:cf:02:3b]
RSSI: -75 [da:15:52:dc:02:5b]
RSSI: -85 [da:1c:db:21:10:3c]
RSSI: -81 [da:1c:db:21:10:3c]
RSSI: -79 [da:15:52:e9:02:7b]
RSSI: -81 [da:15:52:f6:02:ab]
RSSI: -79 [da:1c:db:30:10:6c]
RSSI: -81 [da:15:52:f6:02:ab]
RSSI: -79 [da:15:52:f6:02:ab]
RSSI: -92 [da:1a:40:10:15:be]
RSSI: -76 [da:15:53:02:02:cb]
RSSI: -81 [da:15:53:1c:03:1b]
RSSI: -76 [da:1c:db:5a:10:ec]
RSSI: -81 [da:15:53:1c:03:1b]
RSSI: -82 [da:15:53:1c:03:1b]
RSSI: -75 [da:1c:db:5a:10:ec]
RSSI: -77 [da:1c:db:68:11:1c]
RSSI: -79 [da:15:53:29:03:3b]
RSSI: -74 [da:1c:db:68:11:1c]
RSSI: -94 [da:17:37:28:06:1a]
RSSI: -84 [da:15:53:35:03:6b]
RSSI: -74 [da:1c:db:75:11:3c]
RSSI: -76 [da:1c:db:75:11:3c]
RSSI: -73 [da:1c:db:84:11:6c]
RSSI: -73 [da:1c:db:84:11:6c]
RSSI: -88 [da:15:53:4f:03:ab]
RSSI: -73 [da:1c:db:92:11:9c]
RSSI: -88 [da:15:53:5c:03:db]
RSSI: -75 [da:1c:db:9f:11:cc]
RSSI: -89 [da:15:53:69:03:fb]
RSSI: -72 [da:1c:db:ae:11:fc]
RSSI: -75 [da:1c:db:ae:11:fc]
RSSI: -86 [da:15:53:76:04:2b]
RSSI: -88 [da:17:37:72:06:ea]
RSSI: -74 [da:1c:db:bc:12:2c]
RSSI: -86 [da:17:37:72:06:ea]
RSSI: -73 [da:1c:db:bc:12:2c]
RSSI: -84 [da:17:37:82:07:1a]
RSSI: -75 [da:1c:db:c9:12:4c]
RSSI: -83 [da:17:37:8e:07:3a]
RSSI: -78 [da:1c:db:d7:12:7c]
RSSI: -83 [da:17:37:8e:07:3a]
RSSI: -84 [da:15:53:9c:04:9b]
RSSI: -76 [da:1c:db:e6:12:ac]
RSSI: -76 [da:1c:db:e6:12:ac]
RSSI: -82 [da:17:37:ae:07:8a]
RSSI: -82 [da:15:53:b6:04:eb]
RSSI: -77 [da:1c:db:f3:12:cc]
RSSI: -82 [da:17:37:ae:07:8a]
RSSI: -82 [da:17:37:ae:07:8a]
RSSI: -85 [da:15:53:b6:04:eb]
RSSI: -81 [da:17:37:bb:07:ba]
RSSI: -79 [da:1c:dc:01:12:fc]
RSSI: -82 [da:17:37:bb:07:ba]
RSSI: -83 [da:1c:dc:10:13:2c]
RSSI: -81 [da:17:37:cb:07:da]
RSSI: -85 [da:15:53:dc:05:5b]
RSSI: -83 [da:1c:dc:1d:13:5c]
RSSI: -85 [da:15:53:dc:05:5b]
RSSI: -80 [da:17:37:db:08:0a]
RSSI: -85 [da:1c:dc:1d:13:5c]
RSSI: -81 [da:17:37:e7:08:3a]
RSSI: -89 [da:1c:dc:2b:13:8c]
RSSI: -80 [da:17:37:e7:08:3a]
RSSI: -85 [da:15:53:f6:05:9b]
RSSI: -81 [da:17:37:f8:08:5a]
RSSI: -82 [da:15:54:03:05:cb]
RSSI: -80 [da:17:37:f8:08:5a]
RSSI: -85 [da:15:54:03:05:cb]
RSSI: -78 [da:17:38:08:08:8a]
RSSI: -89 [da:15:54:10:05:eb]
RSSI: -89 [da:1c:dc:55:14:0c]
RSSI: -87 [da:1c:dc:55:14:0c]
RSSI: -78 [da:17:38:14:08:aa]
RSSI: -84 [da:15:54:29:06:3b]
RSSI: -86 [da:1c:dc:64:14:3c]
RSSI: -87 [da:15:54:29:06:3b]
RSSI: -81 [da:17:38:24:08:da]
RSSI: -88 [da:15:54:36:06:5b]
RSSI: -83 [da:17:38:34:09:0a]
RSSI: -81 [da:17:38:41:09:3a]
RSSI: -86 [da:15:54:50:06:ab]
RSSI: -83 [da:17:38:41:09:3a]
RSSI: -84 [da:15:54:50:06:ab]
RSSI: -86 [da:15:54:5d:06:db]
RSSI: -83 [da:17:38:51:09:6a]
RSSI: -86 [da:15:54:5d:06:db]
RSSI: -85 [da:15:54:6a:06:fb]
RSSI: -89 [da:17:38:6e:09:ba]
RSSI: -86 [da:15:54:77:07:1b]
RSSI: -88 [da:17:38:6e:09:ba]
RSSI: -89 [da:17:38:6e:09:ba]
RSSI: -86 [da:15:54:83:07:4b]
RSSI: -87 [da:15:54:83:07:4b]
RSSI: -87 [da:15:54:90:07:6b]
RSSI: -87 [da:1c:dc:d3:15:9c]
RSSI: -87 [da:17:38:8e:0a:0a]
RSSI: -88 [da:15:54:9d:07:9b]
RSSI: -85 [da:15:54:aa:07:bb]
RSSI: -84 [da:17:38:9a:0a:3a]
RSSI: -92 [da:1a:41:ca:04:6e]
RSSI: -87 [da:15:54:c4:08:0b]
RSSI: -88 [da:17:38:ba:0a:8a]
RSSI: -85 [da:15:54:c4:08:0b]
RSSI: -89 [da:1c:dd:0c:16:4c]
RSSI: -87 [da:17:38:c7:0a:ba]
RSSI: -88 [da:15:54:d1:08:2b]
RSSI: -85 [da:15:54:dd:08:5b]
RSSI: -85 [da:15:54:dd:08:5b]
RSSI: -89 [da:17:38:d7:0a:ea]
RSSI: -86 [da:15:54:ea:08:7b]
RSSI: -86 [da:15:54:ea:08:7b]
RSSI: -85 [da:15:54:f7:08:ab]
RSSI: -88 [da:1c:dd:36:00:5c]
RSSI: -86 [da:15:54:f7:08:ab]
RSSI: -86 [da:15:55:04:08:cb]
RSSI: -87 [da:15:55:04:08:cb]
RSSI: -85 [da:15:55:04:08:cb]
RSSI: -96 [da:1a:42:26:05:7e]
RSSI: -86 [da:15:55:1e:09:1b]
RSSI: -87 [da:15:55:1e:09:1b]
RSSI: -87 [da:15:55:2b:09:3b]
RSSI: -87 [da:15:55:2b:09:3b]
RSSI: -88 [da:15:55:38:09:6b]
RSSI: -88 [da:15:55:45:09:8b]
RSSI: -88 [da:15:55:5e:09:db]
RSSI: -95 [da:17:39:4e:0c:3a]
RSSI: -96 [da:1a:42:67:06:2e]
RSSI: -90 [da:15:55:78:0a:2b]
RSSI: -89 [da:15:55:85:0a:4b]
RSSI: -89 [da:15:55:85:0a:4b]
RSSI: -89 [da:15:55:85:0a:4b]
RSSI: -90 [da:15:55:92:0a:6b]
RSSI: -90 [da:15:55:92:0a:6b]
RSSI: -89 [da:15:55:9f:0a:9b]
RSSI: -91 [da:15:55:ac:0a:bb]
RSSI: -91 [da:15:55:ac:0a:bb]
RSSI: -90 [da:15:55:b9:0a:eb]
RSSI: -91 [da:15:55:b9:0a:eb]
RSSI: -93 [da:1c:de:15:03:1c]
RSSI: -93 [da:17:3a:01:0e:3a]
RSSI: -88 [da:17:3a:01:0e:3a]
RSSI: -91 [da:1c:de:4e:03:dc]
RSSI: -93 [da:15:56:13:0b:eb]
RSSI: -90 [da:17:3a:21:0e:9a]
RSSI: -91 [da:17:3a:2e:0e:ba]
RSSI: -93 [da:1a:43:52:08:de]
RSSI: -90 [da:17:3a:4e:0f:1a]
RSSI: -89 [da:1c:de:9a:04:cc]
RSSI: -93 [da:17:3a:5b:0f:3a]
RSSI: -92 [da:17:3a:98:0f:ea]
RSSI: -92 [da:17:3a:a8:10:1a]
RSSI: -90 [da:1c:de:fd:05:fc]
RSSI: -86 [da:1a:43:d6:0a:5e]
RSSI: -88 [da:1c:df:0c:06:2c]
RSSI: -90 [da:1a:43:e2:0a:7e]
RSSI: -86 [da:1c:df:18:06:5c]
RSSI: -90 [da:1a:43:f0:0a:9e]
RSSI: -88 [da:1c:df:27:06:8c]
RSSI: -86 [da:1c:df:27:06:8c]
RSSI: -90 [da:1a:43:fd:0a:ce]
RSSI: -89 [da:1c:df:36:06:bc]
RSSI: -90 [da:1a:44:1f:0b:2e]
RSSI: -89 [da:1a:44:2d:0b:4e]
RSSI: -86 [da:1a:44:39:0b:7e]
RSSI: -85 [da:1a:44:39:0b:7e]
RSSI: -86 [da:15:57:2f:0f:3b]
RSSI: -85 [da:1a:44:39:0b:7e]
RSSI: -84 [da:1a:44:47:0b:9e]
RSSI: -87 [da:15:57:3d:0f:6b]
RSSI: -86 [da:15:57:3d:0f:6b]
RSSI: -82 [da:1a:44:54:0b:ce]
RSSI: -89 [da:15:57:49:0f:8b]
RSSI: -82 [da:1a:44:61:0b:ee]
RSSI: -81 [da:1a:44:61:0b:ee]
RSSI: -85 [da:15:57:56:0f:bb]
RSSI: -80 [da:1a:44:6e:0c:1e]
RSSI: -85 [da:15:57:63:0f:db]
RSSI: -86 [da:15:57:70:10:0b]
RSSI: -79 [da:1a:44:7b:0c:3e]
RSSI: -83 [da:15:57:70:10:0b]
RSSI: -78 [da:1a:44:88:0c:5e]
RSSI: -79 [da:1a:44:88:0c:5e]
RSSI: -86 [da:15:57:7d:10:2b]
RSSI: -86 [da:15:57:8a:10:4b]
RSSI: -78 [da:1a:44:a3:0c:ae]
RSSI: -87 [da:15:57:97:10:7b]
RSSI: -85 [da:15:57:97:10:7b]
RSSI: -79 [da:1a:44:af:0c:de]
RSSI: -79 [da:1a:44:af:0c:de]
RSSI: -91 [da:1c:df:ec:08:fc]
RSSI: -86 [da:15:57:b1:10:cb]
RSSI: -78 [da:1a:44:bd:0c:fe]
RSSI: -87 [da:15:57:b1:10:cb]
RSSI: -78 [da:1a:44:ca:0d:2e]
RSSI: -87 [da:15:57:be:10:eb]
RSSI: -89 [da:1c:df:fa:09:2c]
RSSI: -77 [da:1a:44:d7:0d:4e]
RSSI: -78 [da:1a:44:e4:0d:6e]
RSSI: -88 [da:1c:e0:16:09:8c]
RSSI: -79 [da:1a:44:e4:0d:6e]
RSSI: -88 [da:15:57:e5:11:5b]
RSSI: -79 [da:1a:44:f2:0d:9e]
RSSI: -89 [da:1c:e0:25:09:bc]
RSSI: -87 [da:15:57:f2:11:8b]
RSSI: -79 [da:1a:44:fe:0d:be]
RSSI: -88 [da:15:57:f2:11:8b]
RSSI: -88 [da:15:57:ff:11:ab]
RSSI: -80 [da:1a:45:0c:0d:de]
RSSI: -89 [da:15:57:ff:11:ab]
RSSI: -86 [da:15:57:ff:11:ab]
RSSI: -88 [da:1c:e0:40:0a:0c]
RSSI: -81 [da:1a:45:0c:0d:de]
RSSI: -86 [da:15:57:ff:11:ab]
RSSI: -80 [da:1a:45:19:0e:0e]
RSSI: -88 [da:15:58:0c:11:cb]
RSSI: -81 [da:1a:45:19:0e:0e]
RSSI: -86 [da:15:58:0c:11:cb]
RSSI: -86 [da:1c:e0:4f:0a:3c]
RSSI: -85 [da:15:58:19:11:fb]
RSSI: -81 [da:1a:45:26:0e:2e]
RSSI: -86 [da:15:58:19:11:fb]
RSSI: -86 [da:15:58:26:12:1b]
RSSI: -83 [da:1a:45:33:0e:4e]
RSSI: -84 [da:15:58:26:12:1b]
RSSI: -83 [da:1a:45:33:0e:4e]
RSSI: -83 [da:1a:45:41:0e:7e]
RSSI: -85 [da:15:58:33:12:4b]
RSSI: -85 [da:15:58:33:12:4b]
RSSI: -85 [da:1c:e0:79:0a:bc]
RSSI: -86 [da:1c:e0:79:0a:bc]
RSSI: -86 [da:1a:45:4d:0e:9e]
RSSI: -85 [da:15:58:40:12:6b]
RSSI: -86 [da:15:58:5a:12:bb]
RSSI: -88 [da:15:58:74:13:0b]
RSSI: -88 [da:1c:e0:b3:0b:7c]
RSSI: -88 [da:1c:e0:b3:0b:7c]
RSSI: -92 [da:1c:e0:bf:0b:ac]
RSSI: -86 [da:1c:e0:ce:0b:dc]
RSSI: -88 [da:1c:e0:ea:0c:2c]
RSSI: -91 [da:1a:45:c4:0f:fe]
RSSI: -93 [da:15:58:c2:13:eb]
RSSI: -88 [da:1c:e0:f9:0c:5c]
RSSI: -92 [da:15:58:c2:13:eb]
RSSI: -91 [da:1a:45:df:10:4e]
RSSI: -85 [da:1c:e1:14:0c:bc]
RSSI: -91 [da:1c:e1:14:0c:bc]
RSSI: -86 [da:1c:e1:23:0c:ec]
RSSI: -83 [da:1c:e1:23:0c:ec]
RSSI: -90 [da:1a:45:f9:10:8e]
RSSI: -90 [da:15:58:f6:14:7b]
RSSI: -85 [da:1c:e1:32:0d:1c]
RSSI: -94 [da:1a:46:06:10:be]
RSSI: -90 [da:1a:46:13:10:de]
RSSI: -91 [da:15:59:03:14:ab]
RSSI: -85 [da:1c:e1:4e:0d:6c]
RSSI: -92 [da:15:59:10:14:cb]
RSSI: -87 [da:1c:e1:5c:0d:9c]
RSSI: -90 [da:15:59:1d:14:eb]
RSSI: -88 [da:1c:e1:5c:0d:9c]
RSSI: -88 [da:15:59:37:15:3b]
RSSI: -83 [da:1c:e1:78:0d:fc]
RSSI: -82 [da:1c:e1:87:0e:2c]
RSSI: -95 [da:17:3d:42:01:2a]
RSSI: -89 [da:15:59:51:15:8b]
RSSI: -87 [da:15:59:51:15:8b]
RSSI: -86 [da:1c:e1:94:0e:4c]
RSSI: -86 [da:1c:e1:94:0e:4c]
RSSI: -87 [da:15:59:5e:15:bb]
RSSI: -86 [da:15:59:5e:15:bb]
RSSI: -86 [da:1c:e1:a3:0e:7c]
RSSI: -86 [da:15:59:6b:15:db]
RSSI: -87 [da:15:59:6b:15:db]
RSSI: -85 [da:15:59:78:15:fb]
RSSI: -86 [da:15:59:85:16:2b]
RSSI: -85 [da:15:59:92:16:4b]
RSSI: -84 [da:1c:e1:cd:0f:0c]
RSSI: -86 [da:15:59:92:16:4b]
RSSI: -89 [da:1c:e1:dc:0f:3c]
RSSI: -88 [da:1c:e1:dc:0f:3c]
RSSI: -84 [da:15:59:9f:16:7b]
RSSI: -85 [da:15:59:ac:00:2b]
RSSI: -87 [da:15:59:ac:00:2b]
RSSI: -83 [da:15:59:b9:00:4b]
RSSI: -84 [da:15:59:b9:00:4b]
RSSI: -83 [da:15:59:c6:00:7b]
RSSI: -82 [da:15:59:d4:00:9b]
RSSI: -83 [da:15:59:d4:00:9b]
RSSI: -82 [da:15:59:e0:00:cb]
RSSI: -82 [da:15:59:e0:00:cb]
RSSI: -92 [da:17:3d:e8:02:fa]
RSSI: -90 [da:1c:e2:31:10:4c]
RSSI: -82 [da:15:59:fb:01:0b]
RSSI: -82 [da:15:59:fb:01:0b]
RSSI: -80 [da:15:5a:07:01:3b]
RSSI: -81 [da:15:5a:07:01:3b]
RSSI: -84 [da:1c:e2:4d:10:9c]
RSSI: -87 [da:1c:e2:4d:10:9c]
RSSI: -81 [da:15:5a:15:01:5b]
RSSI: -90 [da:17:3e:0e:03:6a]
RSSI: -86 [da:1c:e2:5b:10:cc]
RSSI: -82 [da:15:5a:22:01:8b]
RSSI: -86 [da:1c:e2:68:10:fc]
RSSI: -80 [da:15:5a:2e:01:ab]
RSSI: -81 [da:15:5a:3c:01:cb]
RSSI: -88 [da:15:5a:3c:01:cb]
RSSI: -81 [da:15:5a:3c:01:cb]
RSSI: -80 [da:1c:e2:86:11:5c]
RSSI: -82 [da:15:5a:56:02:1b]
RSSI: -83 [da:1c:e2:93:11:7c]
RSSI: -81 [da:15:5a:63:02:4b]
RSSI: -91 [da:1a:47:78:14:de]
RSSI: -82 [da:15:5a:70:02:6b]
RSSI: -94 [da:17:3e:74:04:8a]
RSSI: -94 [da:1a:47:86:15:0e]
RSSI: -81 [da:15:5a:7d:02:8b]
RSSI: -82 [da:1c:e2:bd:12:0c]
RSSI: -81 [da:15:5a:8a:02:bb]
RSSI: -82 [da:15:5a:8a:02:bb]
RSSI: -88 [da:1c:e2:cc:12:3c]
RSSI: -84 [da:15:5a:97:02:db]
RSSI: -91 [da:17:3e:8e:04:ca]
RSSI: -81 [da:15:5a:97:02:db]
RSSI: -83 [da:15:5a:a4:03:0b]
RSSI: -90 [da:1c:e2:db:12:6c]
RSSI: -86 [da:15:5a:a4:03:0b]
RSSI: -82 [da:15:5a:b1:03:2b]
RSSI: -82 [da:15:5a:b1:03:2b]
RSSI: -89 [da:15:5a:bf:03:5b]
RSSI: -93 [da:1a:47:c7:15:ce]
RSSI: -83 [da:15:5a:bf:03:5b]
RSSI: -92 [da:1a:47:d5:15:ee]
RSSI: -89 [da:1c:e3:12:13:0c]
RSSI: -90 [da:15:5a:d9:03:ab]
RSSI: -91 [da:1c:e3:30:13:6c]
RSSI: -94 [da:15:5a:f3:03:fb]
RSSI: -91 [da:1c:e3:3d:13:9c]
RSSI: -93 [da:15:5b:00:04:1b]
RSSI: -91 [da:1c:e3:3d:13:9c]
RSSI: -90 [da:15:5b:0d:04:3b]
RSSI: -94 [da:1a:48:32:00:9e]
RSSI: -87 [da:15:5b:27:04:8b]
RSSI: -94 [da:1a:48:3f:00:be]
RSSI: -86 [da:15:5b:34:04:bb]
RSSI: -90 [da:17:3f:34:06:aa]
RSSI: -95 [da:1a:48:4d:00:ee]
RSSI: -87 [da:17:3f:41:06:ca]
RSSI: -84 [da:15:5b:4f:04:fb]
RSSI: -90 [da:17:3f:4e:06:fa]
RSSI: -86 [da:15:5b:5c:05:2b]
RSSI: -88 [da:1c:e3:a1:14:dc]
RSSI: -86 [da:17:3f:67:07:3a]
RSSI: -86 [da:15:5b:76:05:7b]
RSSI: -85 [da:17:3f:74:07:5a]
RSSI: -86 [da:15:5b:83:05:9b]
RSSI: -85 [da:17:3f:81:07:8a]
RSSI: -86 [da:17:3f:8e:07:aa]
RSSI: -84 [da:15:5b:9d:05:eb]
RSSI: -82 [da:17:3f:9a:07:ca]
RSSI: -84 [da:17:3f:a7:07:fa]
RSSI: -85 [da:15:5b:aa:06:0b]
RSSI: -84 [da:17:3f:b4:08:1a]
RSSI: -86 [da:15:5b:c4:06:5b]
RSSI: -84 [da:17:3f:c1:08:3a]
RSSI: -82 [da:17:3f:ce:08:5a]
RSSI: -86 [da:15:5b:d2:06:8b]
RSSI: -88 [da:15:5b:de:06:ab]
RSSI: -84 [da:15:5b:de:06:ab]
RSSI: -81 [da:17:3f:e7:08:aa]
RSSI: -87 [da:15:5b:f1:06:eb]
RSSI: -84 [da:17:3f:f4:08:ca]
RSSI: -88 [da:15:5c:01:07:0b]
RSSI: -81 [da:17:40:01:08:fa]
RSSI: -86 [da:15:5c:0e:07:3b]
RSSI: -86 [da:15:5c:0e:07:3b]
RSSI: -82 [da:17:40:0e:09:1a]
RSSI: -87 [da:15:5c:1b:07:5b]
RSSI: -83 [da:17:40:1b:09:3a]
RSSI: -92 [da:1a:49:2e:03:7e]
RSSI: -88 [da:15:5c:29:07:8b]
RSSI: -85 [da:17:40:28:09:5a]
RSSI: -85 [da:17:40:28:09:5a]
RSSI: -84 [da:17:40:34:09:7a]
RSSI: -86 [da:15:5c:43:07:db]
RSSI: -86 [da:17:40:42:09:aa]
RSSI: -86 [da:15:5c:50:07:fb]
RSSI: -86 [da:15:5c:5d:08:1b]
RSSI: -90 [da:1a:49:71:04:3e]
RSSI: -86 [da:17:40:5b:09:ea]
RSSI: -86 [da:15:5c:6a:08:4b]
RSSI: -88 [da:17:40:68:0a:1a]
RSSI: -87 [da:15:5c:78:08:6b]
RSSI: -86 [da:17:40:75:0a:3a]
RSSI: -90 [da:1a:49:8c:04:7e]
RSSI: -86 [da:15:5c:84:08:9b]
RSSI: -91 [da:1a:49:99:04:ae]
RSSI: -86 [da:17:40:82:0a:5a]
RSSI: -87 [da:15:5c:92:08:bb]
RSSI: -87 [da:15:5c:92:08:bb]
RSSI: -87 [da:15:5c:92:08:bb]
RSSI: -88 [da:17:40:8f:0a:8a]
RSSI: -87 [da:15:5c:92:08:bb]
RSSI: -86 [da:15:5c:9f:08:db]
RSSI: -87 [da:15:5c:9f:08:db]
RSSI: -87 [da:15:5c:ac:09:0b]
RSSI: -88 [da:17:40:a8:0a:ca]
RSSI: -85 [da:15:5c:ac:09:0b]
RSSI: -87 [da:17:40:a8:0a:ca]
RSSI: -88 [da:15:5c:b9:09:2b]
RSSI: -88 [da:15:5c:b9:09:2b]
RSSI: -86 [da:15:5c:c6:09:5b]
RSSI: -89 [da:15:5c:d3:09:7b]
RSSI: -88 [da:15:5c:d3:09:7b]
RSSI: -87 [da:15:5d:08:0a:1b]
RSSI: -89 [da:15:5d:15:0a:4b]
RSSI: -86 [da:15:5d:22:0a:6b]
RSSI: -92 [da:1a:4a:39:06:7e]
RSSI: -87 [da:15:5d:30:0a:9b]
RSSI: -87 [da:15:5d:4a:0a:eb]
RSSI: -95 [da:1a:4a:54:06:be]
RSSI: -88 [da:15:5d:71:0b:5b]
RSSI: -87 [da:15:5d:7f:0b:8b]
RSSI: -92 [da:17:41:83:0d:3a]
RSSI: -89 [da:17:41:9d:0d:8a]
RSSI: -90 [da:17:41:aa:0d:aa]
RSSI: -90 [da:17:41:b7:0d:da]
RSSI: -93 [da:1a:4a:f4:08:9e]
RSSI: -88 [da:17:41:eb:0e:6a]
RSSI: -92 [da:1a:4b:01:08:be]
RSSI: -91 [da:17:41:eb:0e:6a]
RSSI: -94 [da:1a:4b:01:08:be]
RSSI: -89 [da:17:41:f8:0e:8a]
RSSI: -88 [da:17:41:f8:0e:8a]
RSSI: -90 [da:1a:4b:1c:09:0e]
RSSI: -87 [da:17:42:04:0e:ba]
RSSI: -90 [da:17:42:11:0e:da]
RSSI: -91 [da:17:42:1e:0e:fa]
RSSI: -86 [da:1c:e6:6a:07:0c]
RSSI: -90 [da:17:42:2b:0f:2a]
RSSI: -90 [da:1a:4b:44:09:7e]
RSSI: -85 [da:1c:e6:79:07:3c]
RSSI: -91 [da:1a:4b:52:09:ae]
RSSI: -89 [da:17:42:45:0f:6a]
RSSI: -84 [da:1c:e6:88:07:6c]
RSSI: -89 [da:1a:4b:5e:09:ce]
RSSI: -91 [da:15:5e:52:0d:fb]
RSSI: -85 [da:1a:4b:6c:09:fe]
RSSI: -89 [da:17:42:52:0f:9a]
RSSI: -86 [da:1a:4b:7a:0a:1e]
RSSI: -90 [da:17:42:5f:0f:ba]
RSSI: -92 [da:15:5e:6c:0e:4b]
RSSI: -91 [da:15:5e:6c:0e:4b]
RSSI: -85 [da:1a:4b:7a:0a:1e]
RSSI: -88 [da:1c:e6:b3:07:fc]
RSSI: -90 [da:17:42:6c:0f:da]
RSSI: -84 [da:1a:4b:86:0a:3e]
RSSI: -89 [da:15:5e:7a:0e:6b]
RSSI: -83 [da:1a:4b:86:0a:3e]
RSSI: -91 [da:15:5e:7a:0e:6b]
RSSI: -85 [da:1a:4b:94:0a:6e]
RSSI: -86 [da:1a:4b:94:0a:6e]
RSSI: -87 [da:15:5e:86:0e:9b]
RSSI: -90 [da:17:42:86:10:2a]
RSSI: -88 [da:17:42:86:10:2a]
RSSI: -85 [da:1a:4b:a2:0a:9e]
RSSI: -88 [da:17:42:93:10:4a]
RSSI: -86 [da:1a:4b:a2:0a:9e]
RSSI: -84 [da:1a:4b:af:0a:be]
RSSI: -87 [da:15:5e:ae:0f:0b]
RSSI: -87 [da:1a:4b:bd:0a:de]
RSSI: -87 [da:15:5e:ae:0f:0b]
RSSI: -88 [da:17:42:ac:10:9a]
RSSI: -88 [da:17:42:ac:10:9a]
RSSI: -88 [da:15:5e:bb:0f:2b]
RSSI: -84 [da:1a:4b:d7:0b:2e]
RSSI: -86 [da:15:5e:d6:0f:7b]
RSSI: -82 [da:1a:4b:e5:0b:5e]
RSSI: -93 [da:1c:e7:16:09:3c]
RSSI: -93 [da:17:42:d3:11:0a]
RSSI: -77 [da:1a:4b:f2:0b:7e]
RSSI: -85 [da:15:5e:f1:0f:cb]
RSSI: -78 [da:1a:4b:ff:0b:ae]
RSSI: -85 [da:15:5e:f1:0f:cb]
RSSI: -77 [da:1a:4b:ff:0b:ae]
RSSI: -83 [da:15:5e:fd:0f:fb]
RSSI: -77 [da:1a:4c:0d:0b:ce]
RSSI: -82 [da:15:5e:fd:0f:fb]
RSSI: -76 [da:1a:4c:1b:0b:ee]
RSSI: -84 [da:15:5f:0b:10:1b]
RSSI: -76 [da:1a:4c:1b:0b:ee]
RSSI: -77 [da:1a:4c:1b:0b:ee]
RSSI: -84 [da:15:5f:0b:10:1b]
RSSI: -76 [da:1a:4c:1b:0b:ee]
RSSI: -87 [da:15:5f:18:10:4b]
RSSI: -76 [da:1a:4c:27:0c:1e]
RSSI: -84 [da:15:5f:18:10:4b]
RSSI: -75 [da:1a:4c:27:0c:1e]
RSSI: -85 [da:15:5f:25:10:6b]
RSSI: -74 [da:1a:4c:35:0c:3e]
RSSI: -88 [da:15:5f:25:10:6b]
RSSI: -74 [da:1a:4c:43:0c:6e]
RSSI: -86 [da:15:5f:33:10:8b]
RSSI: -75 [da:1a:4c:43:0c:6e]
RSSI: -74 [da:1a:4c:50:0c:8e]
RSSI: -87 [da:15:5f:40:10:bb]
RSSI: -88 [da:15:5f:4d:10:db]
RSSI: -73 [da:1a:4c:5d:0c:be]
RSSI: -86 [da:15:5f:5a:11:0b]
RSSI: -74 [da:1a:4c:6b:0c:de]
RSSI: -91 [da:15:5f:5a:11:0b]
RSSI: -75 [da:1a:4c:78:0c:fe]
RSSI: -90 [da:1c:e7:a6:0b:0c]
RSSI: -86 [da:15:5f:74:11:5b]
RSSI: -75 [da:1a:4c:86:0d:2e]
RSSI: -75 [da:1a:4c:93:0d:4e]
RSSI: -73 [da:1a:4c:93:0d:4e]
RSSI: -75 [da:1a:4c:a0:0d:7e]
RSSI: -88 [da:15:5f:8f:11:ab]
RSSI: -75 [da:1a:4c:a0:0d:7e]
RSSI: -75 [da:1a:4c:a0:0d:7e]
RSSI: -75 [da:1a:4c:ae:0d:9e]
RSSI: -76 [da:1a:4c:bc:0d:ce]
RSSI: -74 [da:1a:4c:bc:0d:ce]
RSSI: -75 [da:1a:4c:c8:0d:ee]
RSSI: -77 [da:1a:4c:c8:0d:ee]
RSSI: -85 [da:15:5f:c4:12:4b]
RSSI: -88 [da:15:5f:c4:12:4b]
RSSI: -76 [da:1a:4c:d6:0e:1e]
RSSI: -86 [da:15:5f:d2:12:6b]
RSSI: -79 [da:1a:4c:e4:0e:3e]
RSSI: -80 [da:1a:4c:f1:0e:5e]
RSSI: -88 [da:15:5f:ec:12:bb]
RSSI: -79 [da:1a:4c:ff:0e:8e]
RSSI: -87 [da:15:5f:ec:12:bb]
RSSI: -88 [da:15:5f:f9:12:db]
RSSI: -84 [da:1a:4d:0c:0e:ae]
RSSI: -81 [da:1a:4d:0c:0e:ae]
RSSI: -86 [da:15:60:07:13:0b]
RSSI: -89 [da:1c:e8:43:0c:fc]
RSSI: -87 [da:1a:4d:19:0e:de]
RSSI: -88 [da:15:60:07:13:0b]
RSSI: -87 [da:1a:4d:19:0e:de]
RSSI: -83 [da:1a:4d:27:0e:fe]
RSSI: -85 [da:1c:e8:52:0d:2c]
RSSI: -89 [da:1c:e8:61:0d:5c]
RSSI: -90 [da:15:60:21:13:5b]
RSSI: -86 [da:1a:4d:35:0f:2e]
RSSI: -84 [da:1a:4d:35:0f:2e]
RSSI: -90 [da:15:60:2f:13:7b]
RSSI: -85 [da:1c:e8:6e:0d:8c]
RSSI: -85 [da:1a:4d:41:0f:4e]
RSSI: -83 [da:1a:4d:4f:0f:7e]
RSSI: -86 [da:1a:4d:4f:0f:7e]
RSSI: -82 [da:1a:4d:5d:0f:9e]
RSSI: -85 [da:1a:4d:6a:0f:ce]
RSSI: -88 [da:1c:e8:99:0e:1c]
RSSI: -85 [da:1a:4d:77:0f:ee]
RSSI: -84 [da:1a:4d:85:10:1e]
RSSI: -91 [da:15:60:7e:14:6b]
RSSI: -86 [da:1a:4d:85:10:1e]
RSSI: -90 [da:15:60:7e:14:6b]
RSSI: -86 [da:1a:4d:92:10:3e]
RSSI: -87 [da:1a:4d:a0:10:5e]
RSSI: -89 [da:15:60:a6:14:db]
RSSI: -86 [da:1a:4d:ba:10:ae]
RSSI: -91 [da:1c:e8:ef:0f:2c]
RSSI: -89 [da:1a:4d:c8:10:de]
RSSI: -88 [da:1a:4d:c8:10:de]
RSSI: -87 [da:1a:4d:d6:10:fe]
RSSI: -86 [da:15:60:db:15:7b]
RSSI: -87 [da:15:60:db:15:7b]
RSSI: -91 [da:17:44:db:00:9a]
RSSI: -87 [da:15:60:e8:15:9b]
RSSI: -87 [da:15:60:e8:15:9b]
RSSI: -91 [da:15:60:f6:15:cb]
RSSI: -91 [da:1a:4e:0b:11:9e]
RSSI: -86 [da:15:61:03:15:eb]
RSSI: -91 [da:1a:4e:27:11:ee]
RSSI: -86 [da:15:61:10:16:1b]
RSSI: -88 [da:1c:e9:55:10:6c]
RSSI: -87 [da:1c:e9:55:10:6c]
RSSI: -83 [da:15:61:1e:16:3b]
RSSI: -88 [da:1c:e9:64:10:9c]
RSSI: -85 [da:1c:e9:64:10:9c]
RSSI: -85 [da:15:61:2a:16:6b]
RSSI: -94 [da:17:45:29:01:7a]
RSSI: -82 [da:15:61:38:00:0b]
RSSI: -83 [da:1c:e9:80:10:fc]
RSSI: -96 [da:1a:4e:5c:12:8e]
RSSI: -80 [da:1c:e9:90:11:2c]
RSSI: -80 [da:15:61:52:00:4b]
RSSI: -80 [da:1c:e9:90:11:2c]
RSSI: -83 [da:15:61:52:00:4b]
RSSI: -79 [da:15:61:60:00:7b]
RSSI: -80 [da:1c:e9:9c:11:4c]
RSSI: -79 [da:15:61:60:00:7b]
RSSI: -77 [da:15:61:6e:00:9b]
RSSI: -79 [da:1c:e9:ac:11:7c]
RSSI: -77 [da:1c:e9:ac:11:7c]
RSSI: -77 [da:1c:e9:bb:11:ac]
RSSI: -79 [da:15:61:7a:00:cb]
RSSI: -77 [da:1c:e9:bb:11:ac]
RSSI: -76 [da:15:61:88:00:eb]
RSSI: -77 [da:1c:e9:c7:11:dc]
RSSI: -94 [da:17:45:84:02:7a]
RSSI: -77 [da:1c:e9:c7:11:dc]
RSSI: -76 [da:15:61:96:01:1b]
RSSI: -77 [da:1c:e9:d7:12:0c]
RSSI: -95 [da:17:45:91:02:9a]
RSSI: -76 [da:15:61:a2:01:3b]
RSSI: -80 [da:1c:e9:e6:12:3c]
RSSI: -75 [da:15:61:b0:01:5b]
RSSI: -80 [da:1c:e9:f3:12:6c]
RSSI: -81 [da:1c:e9:f3:12:6c]
RSSI: -80 [da:1c:ea:02:12:9c]
RSSI: -76 [da:15:61:ca:01:ab]
RSSI: -84 [da:1c:ea:11:12:cc]
RSSI: -90 [da:17:45:c5:03:3a]
RSSI: -75 [da:15:61:d8:01:db]
RSSI: -75 [da:15:61:d8:01:db]
RSSI: -88 [da:17:45:d2:03:5a]
RSSI: -76 [da:15:61:e6:01:fb]
RSSI: -88 [da:1c:ea:1e:12:ec]
RSSI: -89 [da:17:45:df:03:7a]
RSSI: -76 [da:15:61:e6:01:fb]
RSSI: -76 [da:15:61:e6:01:fb]
RSSI: -74 [da:15:61:f2:02:2b]
RSSI: -90 [da:17:45:ec:03:aa]
RSSI: -77 [da:15:61:f2:02:2b]
RSSI: -77 [da:15:62:00:02:4b]
RSSI: -88 [da:17:45:f9:03:ca]
RSSI: -73 [da:15:62:00:02:4b]
RSSI: -77 [da:15:62:0e:02:7b]
RSSI: -88 [da:17:46:06:03:ea]
RSSI: -90 [da:1c:ea:59:13:ac]
RSSI: -96 [da:1a:4f:34:14:ee]
RSSI: -88 [da:17:46:20:04:3a]
RSSI: -73 [da:15:62:28:02:cb]
RSSI: -75 [da:15:62:36:02:eb]
RSSI: -91 [da:1c:ea:75:13:fc]
RSSI: -78 [da:15:62:42:03:0b]
RSSI: -77 [da:15:62:42:03:0b]
RSSI: -77 [da:15:62:50:03:3b]
RSSI: -79 [da:15:62:50:03:3b]
RSSI: -89 [da:17:46:55:04:ca]
RSSI: -79 [da:15:62:5e:03:6b]
RSSI: -81 [da:15:62:6a:03:8b]
RSSI: -91 [da:17:46:62:04:fa]
RSSI: -81 [da:15:62:6a:03:8b]
RSSI: -92 [da:1a:4f:85:15:ce]
RSSI: -83 [da:15:62:78:03:ab]
RSSI: -90 [da:17:46:6f:05:1a]
RSSI: -82 [da:15:62:78:03:ab]
RSSI: -84 [da:15:62:86:03:db]
RSSI: -86 [da:15:62:86:03:db]
RSSI: -83 [da:15:62:92:03:fb]
RSSI: -88 [da:17:46:96:05:8a]
RSSI: -84 [da:15:62:a0:04:2b]
RSSI: -89 [da:17:46:a3:05:aa]
RSSI: -85 [da:15:62:ae:04:4b]
RSSI: -83 [da:15:62:bb:04:7b]
RSSI: -83 [da:15:62:bb:04:7b]
RSSI: -88 [da:17:46:b0:05:da]
RSSI: -82 [da:15:62:bb:04:7b]
RSSI: -89 [da:17:46:bd:05:fa]
RSSI: -82 [da:15:62:c8:04:9b]
RSSI: -82 [da:15:62:c8:04:9b]
RSSI: -89 [da:17:46:ca:06:1a]
RSSI: -82 [da:15:62:d6:04:cb]
RSSI: -81 [da:15:62:e3:04:eb]
RSSI: -88 [da:17:46:d8:06:4a]
RSSI: -93 [da:1c:eb:22:16:1c]
RSSI: -82 [da:15:62:f0:05:1b]
RSSI: -89 [da:17:46:e4:06:6a]
RSSI: -82 [da:15:62:f0:05:1b]
RSSI: -87 [da:17:46:f2:06:8a]
RSSI: -85 [da:15:62:fe:05:3b]
RSSI: -83 [da:15:62:fe:05:3b]
RSSI: -87 [da:17:46:ff:06:ba]
RSSI: -87 [da:17:46:ff:06:ba]
RSSI: -86 [da:15:63:0b:05:6b]
RSSI: -87 [da:17:47:0b:06:da]
RSSI: -84 [da:15:63:19:05:8b]
RSSI: -86 [da:17:47:0b:06:da]
RSSI: -84 [da:15:63:19:05:8b]
RSSI: -86 [da:17:47:19:06:fa]
RSSI: -86 [da:17:47:26:07:2a]
RSSI: -83 [da:15:63:26:05:bb]
RSSI: -85 [da:17:47:26:07:2a]
RSSI: -83 [da:15:63:33:05:db]
RSSI: -86 [da:15:63:33:05:db]
RSSI: -84 [da:17:47:33:07:4a]
RSSI: -83 [da:15:63:41:06:0b]
RSSI: -84 [da:15:63:41:06:0b]
RSSI: -84 [da:17:47:40:07:6a]
RSSI: -82 [da:17:47:4d:07:9a]
RSSI: -84 [da:17:47:4d:07:9a]
RSSI: -85 [da:15:63:5b:06:5b]
RSSI: -81 [da:17:47:5a:07:ba]
RSSI: -86 [da:15:63:69:06:7b]
RSSI: -82 [da:17:47:67:07:da]
RSSI: -83 [da:15:63:76:06:ab]
RSSI: -81 [da:17:47:75:08:0a]
RSSI: -83 [da:15:63:83:06:cb]
RSSI: -81 [da:17:47:81:08:2a]
RSSI: -86 [da:15:63:91:06:fb]
RSSI: -81 [da:17:47:8f:08:4a]
RSSI: -85 [da:15:63:91:06:fb]
RSSI: -81 [da:17:47:8f:08:4a]
RSSI: -83 [da:15:63:9f:07:1b]
RSSI: -80 [da:17:47:9c:08:7a]
RSSI: -86 [da:15:63:9f:07:1b]
RSSI: -87 [da:15:63:ab:07:4b]
RSSI: -84 [da:15:63:ab:07:4b]
RSSI: -79 [da:17:47:a9:08:9a]
RSSI: -90 [da:15:63:b9:07:6b]
RSSI: -82 [da:17:47:b6:08:ba]
RSSI: -89 [da:15:63:b9:07:6b]
RSSI: -79 [da:17:47:b6:08:ba]
RSSI: -86 [da:15:63:c7:07:9b]
RSSI: -91 [da:15:63:c7:07:9b]
RSSI: -80 [da:17:47:c3:08:ea]
RSSI: -86 [da:15:63:d3:07:bb]
RSSI: -80 [da:17:47:d0:09:0a]
RSSI: -81 [da:17:47:d0:09:0a]
RSSI: -89 [da:15:63:e1:07:eb]
RSSI: -83 [da:17:47:dd:09:2a]
RSSI: -81 [da:17:47:dd:09:2a]
RSSI: -87 [da:15:63:ef:08:0b]
RSSI: -82 [da:17:47:eb:09:5a]
RSSI: -88 [da:1c:ec:26:02:dc]
RSSI: -86 [da:15:63:ef:08:0b]
RSSI: -85 [da:17:47:eb:09:5a]
RSSI: -86 [da:15:63:fc:08:3b]
RSSI: -86 [da:15:63:fc:08:3b]
RSSI: -83 [da:17:47:f7:09:7a]
RSSI: -85 [da:17:48:05:09:aa]
RSSI: -82 [da:17:48:05:09:aa]
RSSI: -82 [da:17:48:05:09:aa]
RSSI: -88 [da:1c:ec:52:03:6c]
RSSI: -84 [da:17:48:12:09:ca]
RSSI: -88 [da:15:64:24:08:ab]
RSSI: -85 [da:15:64:24:08:ab]
RSSI: -86 [da:17:48:1f:09:ea]
RSSI: -87 [da:15:64:32:08:db]
RSSI: -88 [da:15:64:32:08:db]
RSSI: -87 [da:15:64:3f:08:fb]
RSSI: -85 [da:15:64:4c:09:2b]
RSSI: -88 [da:15:64:5a:09:4b]
RSSI: -90 [da:17:48:5c:0a:9a]
RSSI: -90 [da:15:64:68:09:7b]
RSSI: -90 [da:15:64:68:09:7b]
RSSI: -87 [da:17:48:69:0a:ba]
RSSI: -87 [da:15:64:74:09:9b]
RSSI: -86 [da:15:64:74:09:9b]
RSSI: -89 [da:17:48:76:0a:ea]
RSSI: -88 [da:17:48:83:0b:0a]
RSSI: -90 [da:15:64:90:09:eb]
RSSI: -87 [da:17:48:91:0b:2a]
RSSI: -86 [da:15:64:9d:0a:1b]
RSSI: -90 [da:17:48:9d:0b:5a]
RSSI: -88 [da:15:64:ab:0a:3b]
RSSI: -87 [da:15:64:ab:0a:3b]
RSSI: -89 [da:15:64:b8:0a:6b]
RSSI: -91 [da:1c:ec:f9:05:7c]
RSSI: -89 [da:15:64:c5:0a:8b]
RSSI: -90 [da:17:48:c5:0b:ca]
RSSI: -90 [da:1c:ed:06:05:9c]
RSSI: -93 [da:15:64:e1:0a:db]
RSSI: -89 [da:17:48:e0:0c:1a]
RSSI: -91 [da:1c:ed:25:05:fc]
RSSI: -92 [da:17:48:fa:0c:5a]
RSSI: -89 [da:15:65:16:0b:7b]
RSSI: -87 [da:17:49:21:0c:ca]
RSSI: -91 [da:17:49:2f:0c:fa]
RSSI: -88 [da:17:49:3b:0d:1a]
RSSI: -89 [da:17:49:49:0d:3a]
RSSI: -92 [da:15:65:66:0c:6b]
RSSI: -88 [da:17:49:70:0d:ba]
RSSI: -92 [da:15:65:82:0c:bb]
RSSI: -87 [da:17:49:7e:0d:da]
RSSI: -86 [da:17:49:7e:0d:da]
RSSI: -92 [da:1c:ed:c4:07:fc]
RSSI: -91 [da:17:49:8a:0d:fa]
RSSI: -90 [da:17:49:98:0e:2a]
RSSI: -88 [da:17:49:98:0e:2a]
RSSI: -90 [da:17:49:b2:0e:6a]
RSSI: -89 [da:1c:ed:ff:08:bc]
RSSI: -90 [da:15:65:d3:0d:ab]
RSSI: -91 [da:15:65:d3:0d:ab]
RSSI: -88 [da:17:49:cd:0e:ba]
RSSI: -90 [da:1c:ee:1b:09:0c]
RSSI: -90 [da:17:49:d9:0e:da]
RSSI: -89 [da:15:65:df:0d:cb]
RSSI: -88 [da:17:49:d9:0e:da]
RSSI: -85 [da:17:49:e7:0f:0a]
RSSI: -91 [da:15:65:fb:0e:2b]
RSSI: -86 [da:17:49:f4:0f:2a]
RSSI: -88 [da:1c:ee:37:09:6c]
RSSI: -88 [da:15:66:08:0e:4b]
RSSI: -89 [da:1c:ee:47:09:9c]
RSSI: -89 [da:1a:53:28:0a:1e]
RSSI: -89 [da:1c:ee:56:09:cc]
RSSI: -89 [da:1a:53:36:0a:3e]
RSSI: -87 [da:15:66:30:0e:bb]
RSSI: -88 [da:17:4a:29:0f:ba]
RSSI: -88 [da:15:66:30:0e:bb]
RSSI: -88 [da:15:66:3e:0e:eb]
RSSI: -88 [da:15:66:3e:0e:eb]
RSSI: -88 [da:15:66:3e:0e:eb]
RSSI: -84 [da:17:4a:44:10:0a]
RSSI: -86 [da:15:66:4c:0f:1b]
RSSI: -87 [da:17:4a:50:10:2a]
RSSI: -91 [da:15:66:59:0f:3b]
RSSI: -86 [da:17:4a:5e:10:5a]
RSSI: -86 [da:17:4a:5e:10:5a]
RSSI: -87 [da:17:4a:5e:10:5a]
RSSI: -88 [da:17:4a:6b:10:7a]
RSSI: -85 [da:15:66:75:0f:8b]
RSSI: -87 [da:17:4a:6b:10:7a]
RSSI: -87 [da:1a:53:96:0b:5e]
RSSI: -89 [da:17:4a:85:10:ca]
RSSI: -87 [da:1a:53:a3:0b:7e]
RSSI: -86 [da:15:66:9d:10:0b]
RSSI: -82 [da:1a:53:b1:0b:ae]
RSSI: -87 [da:15:66:aa:10:2b]
RSSI: -87 [da:17:4a:9f:11:1a]
RSSI: -87 [da:15:66:aa:10:2b]
RSSI: -81 [da:1a:53:bf:0b:ce]
RSSI: -88 [da:17:4a:ad:11:3a]
RSSI: -81 [da:1a:53:bf:0b:ce]
RSSI: -89 [da:17:4a:ad:11:3a]
RSSI: -81 [da:1a:53:cc:0b:fe]
RSSI: -80 [da:1a:53:cc:0b:fe]
RSSI: -89 [da:17:4a:ba:11:5a]
RSSI: -80 [da:1a:53:da:0c:1e]
RSSI: -88 [da:15:66:d2:10:ab]
RSSI: -79 [da:1a:53:e8:0c:4e]
RSSI: -91 [da:1c:ef:12:0c:2c]
RSSI: -80 [da:1a:53:e8:0c:4e]
RSSI: -87 [da:15:66:e0:10:cb]
RSSI: -87 [da:15:66:e0:10:cb]
RSSI: -80 [da:1a:53:f5:0c:6e]
RSSI: -87 [da:15:66:ee:10:fb]
RSSI: -89 [da:1c:ef:31:0c:8c]
RSSI: -90 [da:17:4a:ef:11:fa]
RSSI: -78 [da:1a:54:03:0c:9e]
RSSI: -88 [da:15:66:fb:11:1b]
RSSI: -79 [da:1a:54:11:0c:be]
RSSI: -86 [da:1c:ef:3e:0c:bc]
RSSI: -87 [da:15:67:09:11:4b]
RSSI: -79 [da:1a:54:1e:0c:ee]
RSSI: -88 [da:1c:ef:4d:0c:ec]
RSSI: -79 [da:1a:54:1e:0c:ee]
RSSI: -77 [da:1a:54:2c:0d:0e]
RSSI: -78 [da:1a:54:2c:0d:0e]
RSSI: -87 [da:1c:ef:5d:0d:1c]
RSSI: -78 [da:1a:54:3a:0d:3e]
RSSI: -88 [da:15:67:23:11:9b]
RSSI: -77 [da:1a:54:3a:0d:3e]
RSSI: -88 [da:15:67:31:11:bb]
RSSI: -78 [da:1a:54:47:0d:5e]
RSSI: -94 [da:17:4b:32:12:ba]
RSSI: -79 [da:1a:54:47:0d:5e]
RSSI: -84 [da:15:67:4c:12:0b]
RSSI: -79 [da:1a:54:55:0d:8e]
RSSI: -85 [da:1c:ef:89:0d:ac]
RSSI: -85 [da:15:67:4c:12:0b]
RSSI: -85 [da:1c:ef:89:0d:ac]
RSSI: -77 [da:1a:54:64:0d:be]
RSSI: -93 [da:17:4b:59:13:2a]
RSSI: -82 [da:1a:54:70:0d:de]
RSSI: -87 [da:15:67:68:12:6b]
RSSI: -84 [da:15:67:68:12:6b]
RSSI: -90 [da:1c:ef:a5:0d:fc]
RSSI: -84 [da:15:67:68:12:6b]
RSSI: -87 [da:1c:ef:a5:0d:fc]
RSSI: -80 [da:1a:54:7e:0d:fe]
RSSI: -86 [da:15:67:74:12:8b]
RSSI: -82 [da:1a:54:7e:0d:fe]
RSSI: -87 [da:1c:ef:b5:0e:3c]
RSSI: -85 [da:15:67:74:12:8b]
RSSI: -80 [da:1a:54:8d:0e:2e]
RSSI: -89 [da:17:4b:74:13:7a]
RSSI: -81 [da:1a:54:8d:0e:2e]
RSSI: -85 [da:1c:ef:c1:0e:5c]
RSSI: -86 [da:15:67:82:12:ab]
RSSI: -83 [da:1a:54:99:0e:4e]
RSSI: -88 [da:15:67:90:12:db]
RSSI: -82 [da:1a:54:a8:0e:7e]
RSSI: -83 [da:1c:ef:d1:0e:8c]
RSSI: -83 [da:1c:ef:d1:0e:8c]
RSSI: -88 [da:15:67:9d:12:fb]
RSSI: -81 [da:1c:ef:e0:0e:bc]
RSSI: -88 [da:15:67:ab:13:2b]
RSSI: -88 [da:15:67:ab:13:2b]
RSSI: -83 [da:1c:ef:ed:0e:ec]
RSSI: -90 [da:15:67:ab:13:2b]
RSSI: -79 [da:1c:ef:ed:0e:ec]
RSSI: -85 [da:1c:ef:fd:0f:1c]
RSSI: -84 [da:1c:ef:fd:0f:1c]
RSSI: -87 [da:1a:54:df:0f:1e]
RSSI: -92 [da:1c:f0:28:0f:ac]
RSSI: -79 [da:1c:f0:38:0f:dc]
RSSI: -78 [da:1c:f0:38:0f:dc]
RSSI: -87 [da:1a:55:15:0f:ae]
RSSI: -74 [da:1c:f0:45:10:0c]
RSSI: -89 [da:15:68:17:14:6b]
RSSI: -74 [da:1c:f0:54:10:3c]
RSSI: -74 [da:1c:f0:54:10:3c]
RSSI: -92 [da:1a:55:31:10:0e]
RSSI: -91 [da:15:68:25:14:8b]
RSSI: -73 [da:1c:f0:64:10:6c]
RSSI: -74 [da:1c:f0:64:10:6c]
RSSI: -72 [da:1c:f0:71:10:8c]
RSSI: -90 [da:15:68:33:14:bb]
RSSI: -71 [da:1c:f0:80:10:cc]
RSSI: -72 [da:1c:f0:80:10:cc]
RSSI: -71 [da:1c:f0:80:10:cc]
RSSI: -70 [da:1c:f0:80:10:cc]
RSSI: -70 [da:1c:f0:90:10:fc]
RSSI: -70 [da:1c:f0:90:10:fc]
RSSI: -91 [da:15:68:5b:15:2b]
RSSI: -91 [da:17:4c:55:15:ea]
RSSI: -90 [da:15:68:5b:15:2b]
RSSI: -70 [da:1c:f0:9c:11:1c]
RSSI: -90 [da:15:68:68:15:4b]
RSSI: -68 [da:1c:f0:ac:11:4c]
RSSI: -70 [da:1c:f0:ac:11:4c]
RSSI: -70 [da:1c:f0:bc:11:7c]
RSSI: -69 [da:1c:f0:bc:11:7c]
RSSI: -72 [da:1c:f0:c8:11:ac]
RSSI: -88 [da:15:68:91:15:cb]
RSSI: -91 [da:15:68:91:15:cb]
RSSI: -73 [da:1c:f0:d8:11:dc]
RSSI: -72 [da:1c:f0:d8:11:dc]
RSSI: -90 [da:15:68:ad:16:1b]
RSSI: -72 [da:1c:f0:e8:12:0c]
RSSI: -91 [da:15:68:ad:16:1b]
RSSI: -73 [da:1c:f0:f4:12:2c]
RSSI: -72 [da:1c:f0:f4:12:2c]
RSSI: -74 [da:1c:f1:04:12:5c]
RSSI: -86 [da:15:68:c7:16:6b]
RSSI: -74 [da:1c:f1:04:12:5c]
RSSI: -94 [da:17:4c:cc:01:0a]
RSSI: -78 [da:1c:f1:14:12:8c]
RSSI: -86 [da:1c:f1:20:12:bc]
RSSI: -86 [da:1c:f1:30:12:ec]
RSSI: -89 [da:15:68:f0:00:7b]
RSSI: -89 [da:15:68:fe:00:ab]
RSSI: -86 [da:15:69:0b:00:cb]
RSSI: -87 [da:15:69:0b:00:cb]
RSSI: -87 [da:1c:f1:4c:13:3c]
RSSI: -88 [da:15:69:19:00:fb]
RSSI: -85 [da:1c:f1:5c:13:7c]
RSSI: -90 [da:15:69:27:01:1b]
RSSI: -85 [da:15:69:27:01:1b]
RSSI: -93 [da:17:4d:1c:01:ea]
RSSI: -87 [da:1c:f1:6c:13:ac]
RSSI: -86 [da:1c:f1:6c:13:ac]
RSSI: -85 [da:15:69:34:01:4b]
RSSI: -86 [da:1c:f1:78:13:cc]
RSSI: -84 [da:15:69:34:01:4b]
RSSI: -86 [da:1c:f1:78:13:cc]
RSSI: -89 [da:15:69:47:01:7b]
RSSI: -89 [da:15:69:47:01:7b]
RSSI: -89 [da:15:69:57:01:ab]
RSSI: -91 [da:1c:f1:98:14:3c]
RSSI: -86 [da:17:4d:52:02:7a]
RSSI: -90 [da:17:4d:5f:02:aa]
RSSI: -86 [da:15:69:64:01:cb]
RSSI: -85 [da:15:69:72:01:fb]
RSSI: -86 [da:15:69:72:01:fb]
RSSI: -86 [da:15:69:80:02:2b]
RSSI: -87 [da:1c:f1:c4:14:bc]
RSSI: -87 [da:15:69:8d:02:4b]
RSSI: -90 [da:17:4d:87:03:1a]
RSSI: -86 [da:15:69:8d:02:4b]
RSSI: -90 [da:1c:f1:d0:14:ec]
RSSI: -86 [da:15:69:9b:02:7b]
RSSI: -89 [da:17:4d:94:03:3a]
RSSI: -88 [da:1c:f1:e0:15:1c]
RSSI: -90 [da:15:69:a9:02:9b]
RSSI: -87 [da:1c:f1:f0:15:4c]
RSSI: -87 [da:1c:f1:f0:15:4c]
RSSI: -88 [da:17:4d:bc:03:aa]
RSSI: -92 [da:15:69:d2:03:1b]
RSSI: -88 [da:1c:f2:0c:15:ac]
RSSI: -88 [da:1c:f2:1c:15:dc]
RSSI: -87 [da:1c:f2:1c:15:dc]
RSSI: -86 [da:17:4d:d7:03:fa]
RSSI: -87 [da:1c:f2:28:15:fc]
RSSI: -91 [da:17:4d:e4:04:1a]
RSSI: -87 [da:1c:f2:28:15:fc]
RSSI: -89 [da:1c:f2:38:16:2c]
RSSI: -90 [da:17:4d:f2:04:4a]
RSSI: -88 [da:1c:f2:38:16:2c]
RSSI: -89 [da:17:4d:ff:04:6a]
RSSI: -89 [da:1c:f2:48:16:5c]
RSSI: -88 [da:1c:f2:48:16:5c]
RSSI: -90 [da:17:4e:0c:04:8a]
RSSI: -89 [da:1c:f2:54:00:0c]
RSSI: -89 [da:1c:f2:54:00:0c]
RSSI: -88 [da:1c:f2:64:00:3c]
RSSI: -87 [da:1c:f2:74:00:6c]
RSSI: -86 [da:1c:f2:74:00:6c]
RSSI: -87 [da:1c:f2:80:00:8c]
RSSI: -92 [da:17:4e:42:05:2a]
RSSI: -90 [da:1c:f2:90:00:bc]
RSSI: -88 [da:15:6a:59:04:ab]
RSSI: -93 [da:17:4e:77:05:ca]
RSSI: -94 [da:17:4e:84:05:ea]
RSSI: -90 [da:15:6a:ab:05:9b]
RSSI: -88 [da:15:6a:b9:05:cb]
RSSI: -91 [da:1c:f2:f8:02:0c]
RSSI: -89 [da:15:6a:b9:05:cb]
RSSI: -86 [da:17:4e:ba:06:8a]
RSSI: -85 [da:17:4e:c8:06:aa]
RSSI: -88 [da:15:6a:d3:06:0b]
RSSI: -88 [da:1c:f3:15:02:6c]
RSSI: -89 [da:17:4e:d4:06:ca]
RSSI: -93 [da:1c:f3:15:02:6c]
RSSI: -89 [da:15:6a:e2:06:3b]
RSSI: -90 [da:1c:f3:24:02:9c]
RSSI: -85 [da:17:4e:e2:06:fa]
RSSI: -88 [da:1c:f3:41:02:ec]
RSSI: -83 [da:17:4e:fc:07:4a]
RSSI: -82 [da:17:4f:0a:07:6a]
RSSI: -83 [da:1c:f3:50:03:1c]
RSSI: -92 [da:15:6b:0b:06:bb]
RSSI: -90 [da:17:4f:0a:07:6a]
RSSI: -86 [da:1c:f3:50:03:1c]
RSSI: -82 [da:17:4f:18:07:9a]
RSSI: -82 [da:1c:f3:5d:03:4c]
RSSI: -83 [da:17:4f:18:07:9a]
RSSI: -88 [da:17:4f:24:07:ba]
RSSI: -81 [da:17:4f:24:07:ba]
RSSI: -86 [da:17:4f:32:07:da]
RSSI: -80 [da:17:4f:40:08:0a]
RSSI: -82 [da:17:4f:40:08:0a]
RSSI: -85 [da:1c:f3:89:03:cc]
RSSI: -81 [da:17:4f:4d:08:2a]
RSSI: -85 [da:1c:f3:99:04:0c]
RSSI: -88 [da:17:4f:5a:08:4a]
RSSI: -82 [da:17:4f:68:08:7a]
RSSI: -82 [da:17:4f:75:08:9a]
RSSI: -81 [da:17:4f:83:08:ca]
RSSI: -92 [da:15:6b:94:08:4b]
RSSI: -92 [da:15:6b:a0:08:6b]
RSSI: -81 [da:17:4f:9d:09:0a]
RSSI: -84 [da:17:4f:9d:09:0a]
RSSI: -81 [da:17:4f:ab:09:3a]
RSSI: -84 [da:17:4f:b9:09:5a]
RSSI: -87 [da:17:4f:b9:09:5a]
RSSI: -84 [da:17:4f:c5:09:7a]
RSSI: -88 [da:1c:f4:0e:05:7c]
RSSI: -87 [da:1c:f4:0e:05:7c]
RSSI: -82 [da:17:4f:d3:09:aa]
RSSI: -92 [da:15:6b:f2:09:6b]
RSSI: -83 [da:1c:f4:3a:05:fc]
RSSI: -85 [da:17:4f:fb:0a:1a]
RSSI: -92 [da:1c:f4:3a:05:fc]
RSSI: -87 [da:17:4f:fb:0a:1a]
RSSI: -89 [da:15:6c:0f:09:bb]
RSSI: -83 [da:1c:f4:4a:06:3c]
RSSI: -86 [da:17:50:09:0a:3a]
RSSI: -86 [da:1c:f4:5a:06:6c]
RSSI: -87 [da:17:50:16:0a:6a]
RSSI: -86 [da:17:50:23:0a:8a]
RSSI: -87 [da:1c:f4:66:06:8c]
RSSI: -87 [da:17:50:23:0a:8a]
RSSI: -89 [da:1c:f4:66:06:8c]
RSSI: -91 [da:15:6c:38:0a:3b]
RSSI: -88 [da:17:50:31:0a:ba]
RSSI: -89 [da:17:50:31:0a:ba]
RSSI: -86 [da:1c:f4:93:07:1c]
RSSI: -85 [da:1c:f4:93:07:1c]
RSSI: -88 [da:1c:f4:a3:07:4c]
RSSI: -88 [da:1c:f4:a3:07:4c]
RSSI: -91 [da:15:6c:6e:0a:db]
RSSI: -87 [da:1c:f4:bf:07:ac]
RSSI: -88 [da:1c:f4:cf:07:dc]
RSSI: -89 [da:1c:f4:df:08:0c]
RSSI: -88 [da:17:50:b7:0c:2a]
RSSI: -89 [da:17:50:c5:0c:5a]
RSSI: -86 [da:1c:f5:0b:08:9c]
RSSI: -89 [da:17:50:d2:0c:7a]
RSSI: -92 [da:17:50:d2:0c:7a]
RSSI: -89 [da:1c:f5:18:08:cc]
RSSI: -90 [da:17:50:ed:0c:ca]
RSSI: -90 [da:17:50:fb:0c:ea]
RSSI: -87 [da:1c:f5:54:09:8c]
RSSI: -96 [da:1a:5a:35:08:2e]
RSSI: -90 [da:1c:f5:64:09:bc]
RSSI: -91 [da:17:51:3d:0d:aa]
RSSI: -91 [da:17:51:58:0d:fa]
RSSI: -93 [da:1a:5a:6b:08:ce]
RSSI: -91 [da:1c:f5:9d:0a:7c]
RSSI: -89 [da:17:51:58:0d:fa]
RSSI: -89 [da:17:51:66:0e:2a]
RSSI: -90 [da:17:51:80:0e:7a]
RSSI: -91 [da:17:51:8e:0e:9a]
RSSI: -91 [da:1c:f5:d9:0b:3c]
RSSI: -89 [da:17:51:9c:0e:ca]
RSSI: -88 [da:1c:f5:e9:0b:6c]
RSSI: -87 [da:1c:f5:f5:0b:8c]
RSSI: -89 [da:17:51:b7:0f:0a]
RSSI: -87 [da:1c:f6:05:0b:cc]
RSSI: -87 [da:1c:f6:05:0b:cc]
RSSI: -90 [da:1c:f6:15:0b:fc]
RSSI: -87 [da:17:51:d1:0f:5a]
RSSI: -85 [da:17:51:df:0f:8a]
RSSI: -83 [da:1c:f6:22:0c:1c]
RSSI: -85 [da:17:51:df:0f:8a]
RSSI: -86 [da:17:51:ed:0f:aa]
RSSI: -83 [da:1c:f6:32:0c:5c]
RSSI: -95 [da:1a:5b:05:0a:8e]
RSSI: -88 [da:1c:f6:42:0c:8c]
RSSI: -84 [da:1c:f6:42:0c:8c]
RSSI: -90 [da:1c:f6:5e:0c:ec]
RSSI: -89 [da:17:52:22:10:4a]
RSSI: -90 [da:17:52:22:10:4a]
RSSI: -85 [da:1c:f6:6e:0d:1c]
RSSI: -87 [da:17:52:30:10:6a]
RSSI: -89 [da:17:52:30:10:6a]
RSSI: -84 [da:1c:f6:7b:0d:3c]
RSSI: -87 [da:17:52:3e:10:9a]
RSSI: -87 [da:17:52:3e:10:9a]
RSSI: -92 [da:17:52:4a:10:ba]
RSSI: -87 [da:1c:f6:8b:0d:7c]
RSSI: -90 [da:1a:5b:65:0b:9e]
RSSI: -88 [da:17:52:58:10:da]
RSSI: -91 [da:17:52:58:10:da]
RSSI: -90 [da:1a:5b:74:0b:ce]
RSSI: -89 [da:1a:5b:74:0b:ce]
RSSI: -88 [da:1a:5b:82:0b:ee]
RSSI: -88 [da:1a:5b:82:0b:ee]
RSSI: -86 [da:1c:f6:b7:0d:fc]
RSSI: -88 [da:1a:5b:8f:0c:1e]
RSSI: -92 [da:17:52:81:11:4a]
RSSI: -86 [da:1c:f6:c7:0e:2c]
RSSI: -87 [da:1a:5b:9e:0c:3e]
RSSI: -89 [da:1a:5b:ac:0c:6e]
RSSI: -89 [da:1c:f6:e4:0e:8c]
RSSI: -90 [da:1a:5b:b9:0c:8e]
RSSI: -90 [da:17:52:a9:11:ca]
RSSI: -89 [da:1a:5b:c8:0c:be]
RSSI: -92 [da:17:52:b7:11:ea]
RSSI: -86 [da:1c:f7:00:0e:ec]
RSSI: -87 [da:1c:f7:20:0f:4c]
RSSI: -91 [da:15:6e:e6:12:2b]
RSSI: -90 [da:1c:f7:2d:0f:7c]
RSSI: -86 [da:1c:f7:2d:0f:7c]
RSSI: -86 [da:1c:f7:2d:0f:7c]
RSSI: -83 [da:1c:f7:3d:0f:ac]
RSSI: -84 [da:1c:f7:4d:0f:dc]
RSSI: -77 [da:1c:f7:59:10:0c]
RSSI: -79 [da:1c:f7:59:10:0c]
RSSI: -75 [da:1c:f7:69:10:3c]
RSSI: -75 [da:1c:f7:79:10:6c]
RSSI: -76 [da:1c:f7:86:10:9c]
RSSI: -73 [da:1c:f7:86:10:9c]
RSSI: -74 [da:1c:f7:96:10:cc]
RSSI: -92 [da:17:53:59:13:ba]
RSSI: -73 [da:1c:f7:a6:10:fc]
RSSI: -71 [da:1c:f7:a6:10:fc]
RSSI: -71 [da:1c:f7:a6:10:fc]
RSSI: -72 [da:1c:f7:b2:11:2c]
RSSI: -71 [da:1c:f7:b2:11:2c]
RSSI: -72 [da:1c:f7:c2:11:5c]
RSSI: -73 [da:1c:f7:d2:11:8c]
RSSI: -71 [da:1c:f7:df:11:ac]
RSSI: -74 [da:1c:f7:df:11:ac]
RSSI: -72 [da:1c:f7:ef:11:ec]
RSSI: -72 [da:1c:f7:ef:11:ec]
RSSI: -74 [da:1c:f7:ff:12:1c]
RSSI: -78 [da:1c:f8:0c:12:3c]
RSSI: -76 [da:1c:f8:0c:12:3c]
RSSI: -81 [da:1c:f8:1c:12:7c]
RSSI: -79 [da:1c:f8:2c:12:ac]
RSSI: -81 [da:1c:f8:2c:12:ac]
RSSI: -85 [da:1c:f8:38:12:cc]
RSSI: -91 [da:1c:f8:38:12:cc]
RSSI: -89 [da:1c:f8:58:13:3c]
RSSI: -87 [da:1c:f8:58:13:3c]
RSSI: -87 [da:1c:f8:58:13:3c]
RSSI: -84 [da:1c:f8:65:13:5c]
RSSI: -83 [da:1c:f8:75:13:8c]
RSSI: -82 [da:1c:f8:75:13:8c]
RSSI: -82 [da:1c:f8:85:13:cc]
RSSI: -91 [da:15:70:4c:16:4b]
RSSI: -85 [da:1c:f8:91:13:ec]
RSSI: -89 [da:15:70:5b:16:7b]
RSSI: -90 [da:1c:f8:a1:14:1c]
RSSI: -92 [da:17:54:76:00:9a]
RSSI: -86 [da:1c:f8:eb:15:0c]
RSSI: -91 [da:17:54:b9:01:5a]
RSSI: -85 [da:1c:f8:fb:15:3c]
RSSI: -89 [da:17:54:b9:01:5a]
RSSI: -90 [da:17:54:c7:01:8a]
RSSI: -89 [da:15:70:d7:01:7b]
RSSI: -90 [da:1c:f9:17:15:8c]
RSSI: -85 [da:1c:f9:28:15:bc]
RSSI: -88 [da:1c:f9:28:15:bc]
RSSI: -88 [da:17:54:f0:01:fa]
RSSI: -86 [da:1c:f9:38:15:fc]
RSSI: -89 [da:15:70:f2:01:cb]
RSSI: -86 [da:1c:f9:38:15:fc]
RSSI: -91 [da:15:71:01:01:eb]
RSSI: -89 [da:17:55:19:02:6a]
RSSI: -96 [da:1a:5e:2e:13:ae]
RSSI: -92 [da:1c:f9:64:16:7c]
RSSI: -89 [da:17:55:19:02:6a]
RSSI: -88 [da:15:71:2b:02:6b]
RSSI: -88 [da:15:71:2b:02:6b]
RSSI: -89 [da:15:71:39:02:8b]
RSSI: -89 [da:17:55:33:02:ba]
RSSI: -89 [da:17:55:41:02:da]
RSSI: -89 [da:17:55:4e:03:0a]
RSSI: -89 [da:17:55:4e:03:0a]
RSSI: -89 [da:17:55:5c:03:2a]
RSSI: -95 [da:15:71:7e:03:5b]
RSSI: -87 [da:17:55:77:03:7a]
RSSI: -87 [da:17:55:77:03:7a]
RSSI: -87 [da:17:55:8a:03:aa]
RSSI: -91 [da:15:71:99:03:ab]
RSSI: -86 [da:17:55:9b:03:da]
RSSI: -86 [da:17:55:a7:03:fa]
RSSI: -87 [da:17:55:b5:04:2a]
RSSI: -92 [da:15:71:d1:04:5b]
RSSI: -86 [da:17:55:d0:04:6a]
RSSI: -88 [da:17:55:d0:04:6a]
RSSI: -89 [da:17:55:de:04:9a]
RSSI: -86 [da:17:55:ec:04:ba]
RSSI: -90 [da:15:71:fb:04:cb]
RSSI: -86 [da:17:55:f9:04:ea]
RSSI: -89 [da:1c:fa:44:02:cc]
RSSI: -87 [da:17:56:07:05:0a]
RSSI: -85 [da:17:56:15:05:3a]
RSSI: -92 [da:15:72:24:05:4b]
RSSI: -89 [da:1c:fa:61:03:2c]
RSSI: -86 [da:17:56:22:05:5a]
RSSI: -85 [da:17:56:22:05:5a]
RSSI: -87 [da:17:56:30:05:7a]
RSSI: -94 [da:15:72:3f:05:9b]
RSSI: -84 [da:17:56:3e:05:aa]
RSSI: -85 [da:17:56:3e:05:aa]
RSSI: -86 [da:17:56:3e:05:aa]
RSSI: -82 [da:17:56:4b:05:ca]
RSSI: -84 [da:17:56:4b:05:ca]
RSSI: -84 [da:17:56:59:05:fa]
RSSI: -84 [da:17:56:67:06:1a]
RSSI: -84 [da:17:56:67:06:1a]
RSSI: -84 [da:17:56:73:06:4a]
RSSI: -89 [da:1c:fa:bb:04:3c]
RSSI: -85 [da:17:56:82:06:6a]
RSSI: -85 [da:17:56:82:06:6a]
RSSI: -85 [da:17:56:90:06:9a]
RSSI: -84 [da:17:56:9c:06:ba]
RSSI: -85 [da:17:56:9c:06:ba]
RSSI: -85 [da:17:56:9c:06:ba]
RSSI: -83 [da:17:56:ab:06:da]
RSSI: -83 [da:17:56:ab:06:da]
RSSI: -82 [da:17:56:b9:07:0a]
RSSI: -82 [da:17:56:c5:07:2a]
RSSI: -81 [da:17:56:c5:07:2a]
RSSI: -81 [da:17:56:d4:07:4a]
RSSI: -81 [da:17:56:d4:07:4a]
RSSI: -80 [da:17:56:e2:07:7a]
RSSI: -85 [da:1c:fb:31:05:bc]
RSSI: -79 [da:17:56:ee:07:9a]
RSSI: -79 [da:17:56:fd:07:ca]
RSSI: -77 [da:17:56:fd:07:ca]
RSSI: -78 [da:17:56:fd:07:ca]
RSSI: -86 [da:1c:fb:41:05:ec]
RSSI: -78 [da:17:57:0b:07:ea]
RSSI: -78 [da:17:57:0b:07:ea]
RSSI: -77 [da:17:57:17:08:0a]
RSSI: -79 [da:17:57:17:08:0a]
RSSI: -88 [da:1c:fb:67:06:5c]
RSSI: -78 [da:17:57:25:08:3a]
RSSI: -77 [da:17:57:25:08:3a]
RSSI: -78 [da:17:57:34:08:5a]
RSSI: -78 [da:17:57:40:08:8a]
RSSI: -76 [da:17:57:4e:08:aa]
RSSI: -77 [da:17:57:5d:08:da]
RSSI: -85 [da:1c:fb:a4:07:2c]
RSSI: -77 [da:17:57:69:08:fa]
RSSI: -88 [da:1c:fb:b0:07:4c]
RSSI: -77 [da:17:57:69:08:fa]
RSSI: -78 [da:17:57:77:09:2a]
RSSI: -78 [da:17:57:77:09:2a]
RSSI: -79 [da:17:57:86:09:4a]
RSSI: -78 [da:17:57:86:09:4a]
RSSI: -86 [da:1c:fb:cd:07:ac]
RSSI: -79 [da:17:57:92:09:6a]
RSSI: -79 [da:17:57:92:09:6a]
RSSI: -79 [da:17:57:a1:09:9a]
RSSI: -80 [da:17:57:af:09:ba]
RSSI: -81 [da:17:57:bb:09:ea]
RSSI: -83 [da:17:57:ca:0a:0a]
RSSI: -83 [da:17:57:d8:0a:3a]
RSSI: -93 [da:15:73:e1:0a:7b]
RSSI: -86 [da:17:57:e4:0a:5a]
RSSI: -86 [da:1c:fc:33:08:ec]
RSSI: -87 [da:17:57:f3:0a:8a]
RSSI: -85 [da:1c:fc:3f:09:1c]
RSSI: -88 [da:1c:fc:4c:09:3c]
RSSI: -88 [da:17:58:0d:0a:da]
RSSI: -88 [da:1c:fc:65:09:8c]
RSSI: -88 [da:17:58:2a:0b:2a]
RSSI: -88 [da:17:58:2a:0b:2a]
RSSI: -86 [da:17:58:37:0b:4a]
RSSI: -88 [da:17:58:45:0b:6a]
RSSI: -86 [da:1c:fc:8c:0a:0c]
RSSI: -88 [da:17:58:45:0b:6a]
RSSI: -86 [da:1c:fc:8c:0a:0c]
RSSI: -85 [da:1c:fc:98:0a:2c]
RSSI: -91 [da:1c:fc:be:0a:ac]
RSSI: -91 [da:1c:fc:cb:0a:dc]
RSSI: -93 [da:17:58:89:0c:3a]
RSSI: -87 [da:1c:fc:d8:0a:fc]
RSSI: -85 [da:1c:fc:fe:0b:7c]
RSSI: -87 [da:1c:fd:0b:0b:ac]
RSSI: -92 [da:17:58:db:0d:2a]
RSSI: -87 [da:1c:fd:24:0b:fc]
RSSI: -87 [da:1c:fd:31:0c:1c]
RSSI: -92 [da:17:58:f7:0d:7a]
RSSI: -87 [da:1c:fd:3e:0c:4c]
RSSI: -89 [da:1c:fd:3e:0c:4c]
RSSI: -95 [da:1a:62:1e:08:be]
RSSI: -92 [da:17:59:04:0d:9a]
RSSI: -88 [da:1c:fd:4a:0c:6c]
RSSI: -93 [da:1a:62:39:09:0e]
RSSI: -90 [da:17:59:21:0d:ea]
RSSI: -86 [da:1c:fd:64:0c:bc]
RSSI: -90 [da:1a:62:39:09:0e]
RSSI: -88 [da:1c:fd:70:0c:ec]
RSSI: -84 [da:1c:fd:7d:0d:1c]
RSSI: -86 [da:17:59:3c:0e:3a]
RSSI: -92 [da:1c:fd:8a:0d:3c]
RSSI: -86 [da:17:59:4a:0e:5a]
RSSI: -82 [da:1c:fd:8a:0d:3c]
RSSI: -88 [da:17:59:4a:0e:5a]
RSSI: -85 [da:1c:fd:97:0d:6c]
RSSI: -92 [da:1c:fd:97:0d:6c]
RSSI: -91 [da:17:59:56:0e:8a]
RSSI: -91 [da:1a:62:73:09:ae]
RSSI: -89 [da:17:59:56:0e:8a]
RSSI: -88 [da:1c:fd:a3:0d:8c]
RSSI: -92 [da:17:59:65:0e:aa]
RSSI: -89 [da:17:59:73:0e:ca]
RSSI: -85 [da:1c:fd:b0:0d:bc]
RSSI: -90 [da:17:59:73:0e:ca]
RSSI: -91 [da:1c:fd:bd:0d:dc]
RSSI: -85 [da:1c:fd:ca:0e:0c]
RSSI: -89 [da:17:59:80:0e:fa]
RSSI: -88 [da:1c:fd:ca:0e:0c]
RSSI: -88 [da:1c:fd:ca:0e:0c]
RSSI: -83 [da:1c:fd:d6:0e:3c]
RSSI: -86 [da:17:59:9c:0f:4a]
RSSI: -86 [da:1c:fd:e3:0e:5c]
RSSI: -91 [da:1a:62:b9:0a:7e]
RSSI: -82 [da:1c:fd:f0:0e:8c]
RSSI: -85 [da:17:59:a9:0f:6a]
RSSI: -85 [da:1c:fd:f0:0e:8c]
RSSI: -87 [da:17:59:a9:0f:6a]
RSSI: -86 [da:1c:fd:f0:0e:8c]
RSSI: -90 [da:15:75:bd:10:0b]
RSSI: -82 [da:1c:fd:fd:0e:ac]
RSSI: -82 [da:1c:fe:09:0e:dc]
RSSI: -85 [da:17:59:d2:0f:da]
RSSI: -83 [da:1c:fe:23:0f:2c]
RSSI: -84 [da:17:59:e1:10:0a]
RSSI: -91 [da:1a:62:ff:0b:4e]
RSSI: -86 [da:17:59:ef:10:2a]
RSSI: -92 [da:15:75:f5:10:ab]
RSSI: -83 [da:1c:fe:3c:0f:7c]
RSSI: -88 [da:1a:63:0e:0b:6e]
RSSI: -82 [da:1c:fe:3c:0f:7c]
RSSI: -83 [da:1c:fe:3c:0f:7c]
RSSI: -85 [da:17:59:fb:10:5a]
RSSI: -82 [da:1c:fe:3c:0f:7c]
RSSI: -85 [da:1c:fe:49:0f:ac]
RSSI: -87 [da:1a:63:1d:0b:9e]
RSSI: -79 [da:1c:fe:49:0f:ac]
RSSI: -83 [da:17:5a:0a:10:7a]
RSSI: -78 [da:1c:fe:56:0f:cc]
RSSI: -85 [da:17:5a:0a:10:7a]
RSSI: -80 [da:1c:fe:56:0f:cc]
RSSI: -92 [da:15:76:1f:11:2b]
RSSI: -76 [da:1c:fe:63:0f:fc]
RSSI: -84 [da:17:5a:18:10:aa]
RSSI: -76 [da:1c:fe:63:0f:fc]
RSSI: -86 [da:1a:63:38:0b:ee]
RSSI: -86 [da:17:5a:25:10:ca]
RSSI: -74 [da:1c:fe:63:0f:fc]
RSSI: -85 [da:1a:63:38:0b:ee]
RSSI: -86 [da:1a:63:38:0b:ee]
RSSI: -75 [da:1c:fe:70:10:1c]
RSSI: -83 [da:1a:63:47:0c:1e]
RSSI: -86 [da:17:5a:33:10:fa]
RSSI: -72 [da:1c:fe:7c:10:4c]
RSSI: -83 [da:1a:63:47:0c:1e]
RSSI: -75 [da:1c:fe:7c:10:4c]
RSSI: -72 [da:1c:fe:89:10:7c]
RSSI: -87 [da:17:5a:41:11:1a]
RSSI: -72 [da:1c:fe:89:10:7c]
RSSI: -82 [da:1a:63:63:0c:6e]
RSSI: -86 [da:17:5a:4e:11:4a]
RSSI: -71 [da:1c:fe:96:10:9c]
RSSI: -89 [da:17:5a:5c:11:6a]
RSSI: -81 [da:1a:63:72:0c:9e]
RSSI: -88 [da:17:5a:5c:11:6a]
RSSI: -73 [da:1c:fe:a3:10:cc]
RSSI: -71 [da:1c:fe:af:10:ec]
RSSI: -71 [da:1c:fe:af:10:ec]
RSSI: -70 [da:1c:fe:af:10:ec]
RSSI: -72 [da:1c:fe:bc:11:1c]
RSSI: -81 [da:1a:63:8d:0c:ee]
RSSI: -70 [da:1c:fe:bc:11:1c]
RSSI: -81 [da:1a:63:8d:0c:ee]
RSSI: -70 [da:1c:fe:c9:11:3c]
RSSI: -82 [da:1a:63:9c:0d:1e]
RSSI: -92 [da:17:5a:86:11:ea]
RSSI: -72 [da:1c:fe:c9:11:3c]
RSSI: -81 [da:1a:63:9c:0d:1e]
RSSI: -89 [da:17:5a:94:12:0a]
RSSI: -70 [da:1c:fe:d6:11:6c]
RSSI: -81 [da:1a:63:a9:0d:3e]
RSSI: -70 [da:1c:fe:d6:11:6c]
RSSI: -73 [da:1c:fe:e3:11:8c]
RSSI: -71 [da:1c:fe:e3:11:8c]
RSSI: -71 [da:1c:fe:ef:11:bc]
RSSI: -81 [da:1a:63:b8:0d:6e]
RSSI: -73 [da:1c:fe:ef:11:bc]
RSSI: -72 [da:1c:fe:fc:11:dc]
RSSI: -72 [da:1c:fe:fc:11:dc]
RSSI: -74 [da:1c:ff:09:12:0c]
RSSI: -73 [da:1c:ff:09:12:0c]
RSSI: -76 [da:1c:ff:16:12:2c]
RSSI: -76 [da:1c:ff:23:12:5c]
RSSI: -84 [da:1a:63:f2:0e:0e]
RSSI: -76 [da:1c:ff:23:12:5c]
RSSI: -76 [da:1c:ff:23:12:5c]
RSSI: -85 [da:1a:63:fe:0e:2e]
RSSI: -79 [da:1c:ff:30:12:7c]
RSSI: -86 [da:1a:63:fe:0e:2e]
RSSI: -79 [da:1c:ff:30:12:7c]
RSSI: -80 [da:1c:ff:3c:12:ac]
RSSI: -85 [da:1a:64:0d:0e:5e]
RSSI: -87 [da:1a:64:0d:0e:5e]
RSSI: -86 [da:1c:ff:49:12:cc]
RSSI: -88 [da:1c:ff:49:12:cc]
RSSI: -94 [da:17:5b:10:13:6a]
RSSI: -84 [da:1c:ff:63:13:1c]
RSSI: -85 [da:1c:ff:6f:13:4c]
RSSI: -81 [da:1c:ff:7c:13:6c]
RSSI: -83 [da:1c:ff:7c:13:6c]
RSSI: -81 [da:1c:ff:89:13:9c]
RSSI: -82 [da:1c:ff:89:13:9c]
RSSI: -83 [da:1c:ff:96:13:bc]
RSSI: -84 [da:1c:ff:96:13:bc]
RSSI: -82 [da:1c:ff:96:13:bc]
RSSI: -86 [da:1c:ff:a3:13:ec]
RSSI: -88 [da:1c:ff:b0:14:1c]
RSSI: -91 [da:1c:ff:bc:14:3c]
RSSI: -88 [da:1c:ff:c9:14:6c]
RSSI: -90 [da:1c:ff:d6:14:8c]
RSSI: -87 [da:1c:ff:e3:14:bc]
RSSI: -95 [da:17:5b:99:14:ea]
RSSI: -87 [da:1c:ff:e3:14:bc]
RSSI: -87 [da:1c:ff:f0:14:dc]
RSSI: -88 [da:1d:00:09:15:2c]
RSSI: -87 [da:1d:00:09:15:2c]
RSSI: -88 [da:1d:00:16:15:5c]
RSSI: -92 [da:15:77:e6:16:6b]
RSSI: -87 [da:1d:00:23:15:8c]
RSSI: -86 [da:1d:00:3d:15:dc]
RSSI: -90 [da:15:78:03:00:3b]
RSSI: -88 [da:1d:00:4a:15:fc]
RSSI: -89 [da:15:78:0f:00:5b]
RSSI: -86 [da:15:78:1e:00:8b]
RSSI: -86 [da:15:78:1e:00:8b]
RSSI: -91 [da:1d:00:63:16:4c]
RSSI: -84 [da:15:78:2d:00:ab]
RSSI: -90 [da:1d:00:70:16:7c]
RSSI: -84 [da:15:78:2d:00:ab]
RSSI: -92 [da:1d:00:70:16:7c]
RSSI: -84 [da:15:78:3a:00:db]
RSSI: -92 [da:17:5c:32:00:5a]
RSSI: -88 [da:1d:00:7d:00:2c]
RSSI: -81 [da:15:78:48:00:fb]
RSSI: -81 [da:15:78:57:01:2b]
RSSI: -88 [da:1d:00:97:00:7c]
RSSI: -82 [da:15:78:64:01:5b]
RSSI: -80 [da:15:78:64:01:5b]
RSSI: -82 [da:15:78:73:01:7b]
RSSI: -79 [da:15:78:81:01:ab]
RSSI: -87 [da:1d:00:bd:00:fc]
RSSI: -77 [da:15:78:81:01:ab]
RSSI: -86 [da:1d:00:d7:01:4c]
RSSI: -90 [da:17:5c:92:01:5a]
RSSI: -80 [da:15:78:9d:01:fb]
RSSI: -88 [da:17:5c:92:01:5a]
RSSI: -78 [da:15:78:9d:01:fb]
RSSI: -76 [da:15:78:ac:02:2b]
RSSI: -81 [da:15:78:ac:02:2b]
RSSI: -88 [da:17:5c:ae:01:ba]
RSSI: -78 [da:15:78:b8:02:4b]
RSSI: -75 [da:15:78:b8:02:4b]
RSSI: -88 [da:17:5c:bb:01:da]
RSSI: -80 [da:15:78:c7:02:7b]
RSSI: -79 [da:15:78:c7:02:7b]
RSSI: -88 [da:17:5c:d8:02:2a]
RSSI: -90 [da:1d:01:17:02:0c]
RSSI: -82 [da:15:78:e3:02:cb]
RSSI: -88 [da:17:5c:e5:02:4a]
RSSI: -82 [da:15:78:f2:02:fb]
RSSI: -78 [da:15:78:f2:02:fb]
RSSI: -84 [da:15:79:00:03:2b]
RSSI: -82 [da:15:79:00:03:2b]
RSSI: -82 [da:15:79:00:03:2b]
RSSI: -88 [da:17:5d:02:02:9a]
RSSI: -90 [da:17:5d:0e:02:ba]
RSSI: -86 [da:1d:01:58:02:dc]
RSSI: -81 [da:15:79:1c:03:7b]
RSSI: -82 [da:15:79:1c:03:7b]
RSSI: -88 [da:1d:01:64:03:0c]
RSSI: -87 [da:17:5d:1d:02:ea]
RSSI: -92 [da:17:5d:1d:02:ea]
RSSI: -88 [da:17:5d:2b:03:0a]
RSSI: -86 [da:15:79:37:03:cb]
RSSI: -88 [da:1d:01:71:03:2c]
RSSI: -86 [da:15:79:37:03:cb]
RSSI: -95 [da:1d:01:8b:03:7c]
RSSI: -90 [da:17:5d:46:03:5a]
RSSI: -88 [da:17:5d:46:03:5a]
RSSI: -88 [da:17:5d:46:03:5a]
RSSI: -95 [da:1a:66:7f:15:6e]
RSSI: -90 [da:17:5d:70:03:ca]
RSSI: -87 [da:17:5d:70:03:ca]
RSSI: -88 [da:15:79:80:04:9b]
RSSI: -88 [da:15:79:8c:04:cb]
RSSI: -85 [da:15:79:8c:04:cb]
RSSI: -87 [da:15:79:9b:04:eb]
RSSI: -97 [da:1a:66:b9:16:0e]
RSSI: -89 [da:17:5d:a8:04:6a]
RSSI: -90 [da:17:5d:b5:04:8a]
RSSI: -93 [da:17:5d:d2:04:da]
RSSI: -89 [da:17:5d:de:05:0a]
RSSI: -87 [da:1d:02:25:05:5c]
RSSI: -88 [da:15:79:f0:05:eb]
RSSI: -89 [da:17:5d:fb:05:5a]
RSSI: -82 [da:1d:02:4c:05:dc]
RSSI: -91 [da:17:5e:17:05:aa]
RSSI: -86 [da:17:5e:25:05:da]
RSSI: -85 [da:1d:02:73:06:5c]
RSSI: -92 [da:17:5e:32:05:fa]
RSSI: -90 [da:1d:02:80:06:8c]
RSSI: -89 [da:1d:02:80:06:8c]
RSSI: -89 [da:17:5e:40:06:1a]
RSSI: -88 [da:15:7a:54:07:0b]
RSSI: -86 [da:17:5e:5b:06:6a]
RSSI: -91 [da:15:7a:60:07:3b]
RSSI: -86 [da:17:5e:5b:06:6a]
RSSI: -92 [da:1d:02:a7:06:fc]
RSSI: -83 [da:17:5e:6a:06:9a]
RSSI: -87 [da:1d:02:b4:07:2c]
RSSI: -88 [da:17:5e:78:06:ca]
RSSI: -87 [da:17:5e:78:06:ca]
RSSI: -92 [da:15:7a:9a:07:eb]
RSSI: -82 [da:17:5e:94:07:0a]
RSSI: -89 [da:1d:02:db:07:ac]
RSSI: -82 [da:17:5e:a2:07:3a]
RSSI: -79 [da:17:5e:af:07:5a]
RSSI: -80 [da:17:5e:af:07:5a]
RSSI: -80 [da:17:5e:bd:07:8a]
RSSI: -81 [da:17:5e:cc:07:aa]
RSSI: -87 [da:1d:03:0e:08:4c]
RSSI: -84 [da:1d:03:1b:08:7c]
RSSI: -79 [da:17:5e:d9:07:da]
RSSI: -85 [da:1d:03:1b:08:7c]
RSSI: -80 [da:17:5e:d9:07:da]
RSSI: -80 [da:17:5e:e7:07:fa]
RSSI: -86 [da:1d:03:35:08:cc]
RSSI: -87 [da:1d:03:35:08:cc]
RSSI: -78 [da:17:5e:f6:08:2a]
RSSI: -84 [da:1d:03:42:08:ec]
RSSI: -78 [da:17:5f:02:08:4a]
RSSI: -79 [da:17:5f:11:08:7a]
RSSI: -78 [da:17:5f:1f:08:9a]
RSSI: -80 [da:17:5f:1f:08:9a]
RSSI: -84 [da:1d:03:69:09:6c]
RSSI: -88 [da:1d:03:69:09:6c]
RSSI: -78 [da:17:5f:2c:08:ca]
RSSI: -78 [da:17:5f:2c:08:ca]
RSSI: -85 [da:1d:03:76:09:9c]
RSSI: -84 [da:17:5f:49:09:1a]
RSSI: -93 [da:15:7b:53:0a:0b]
RSSI: -81 [da:17:5f:56:09:3a]
RSSI: -87 [da:1d:03:9d:0a:1c]
RSSI: -87 [da:17:5f:64:09:6a]
RSSI: -84 [da:17:5f:64:09:6a]
RSSI: -92 [da:17:5f:8e:09:da]
RSSI: -94 [da:17:5f:9d:0a:0a]
RSSI: -89 [da:1d:03:ea:0b:0c]
RSSI: -88 [da:17:5f:a9:0a:2a]
RSSI: -85 [da:1d:04:04:0b:6c]
RSSI: -95 [da:15:7b:c4:0b:5b]
RSSI: -88 [da:1d:04:04:0b:6c]
RSSI: -89 [da:17:5f:c7:0a:7a]
RSSI: -84 [da:1d:04:11:0b:8c]
RSSI: -90 [da:17:5f:d3:0a:9a]
RSSI: -87 [da:1d:04:1e:0b:bc]
RSSI: -88 [da:1d:04:1e:0b:bc]
RSSI: -87 [da:17:5f:f1:0a:fa]
RSSI: -88 [da:17:5f:f1:0a:fa]
RSSI: -89 [da:1d:04:38:0c:0c]
RSSI: -92 [da:1d:04:45:0c:3c]
RSSI: -90 [da:17:60:0c:0b:4a]
RSSI: -92 [da:1d:04:52:0c:5c]
RSSI: -97 [da:15:7c:28:0c:8b]
RSSI: -92 [da:1d:04:6c:0c:ac]
RSSI: -92 [da:1d:04:79:0c:dc]
RSSI: -95 [da:17:60:51:0c:0a]
RSSI: -84 [da:1d:04:ba:0d:ac]
RSSI: -91 [da:1d:04:c7:0d:dc]
RSSI: -83 [da:1d:04:d4:0d:fc]
RSSI: -86 [da:1d:04:d4:0d:fc]
RSSI: -84 [da:1d:04:e1:0e:2c]
RSSI: -84 [da:1d:04:e1:0e:2c]
RSSI: -82 [da:1d:04:e1:0e:2c]
RSSI: -86 [da:1d:04:ee:0e:5c]
RSSI: -82 [da:1d:04:fb:0e:7c]
RSSI: -86 [da:1d:04:fb:0e:7c]
RSSI: -78 [da:1d:05:08:0e:ac]
RSSI: -86 [da:1d:05:08:0e:ac]
RSSI: -78 [da:1d:05:15:0e:cc]
RSSI: -89 [da:1d:05:22:0e:fc]
RSSI: -81 [da:1d:05:2f:0f:1c]
RSSI: -84 [da:1d:05:2f:0f:1c]
RSSI: -85 [da:1d:05:3c:0f:4c]
RSSI: -90 [da:17:60:f9:0d:ea]
RSSI: -80 [da:1d:05:49:0f:7c]
RSSI: -78 [da:1d:05:49:0f:7c]
RSSI: -79 [da:1d:05:49:0f:7c]
RSSI: -82 [da:1d:05:56:0f:9c]
RSSI: -76 [da:1d:05:56:0f:9c]
RSSI: -76 [da:1d:05:63:0f:cc]
RSSI: -90 [da:17:61:23:0e:5a]
RSSI: -76 [da:1d:05:63:0f:cc]
RSSI: -73 [da:1d:05:70:0f:ec]
RSSI: -71 [da:1d:05:7d:10:1c]
RSSI: -71 [da:1d:05:7d:10:1c]
RSSI: -89 [da:15:7d:44:0f:db]
RSSI: -86 [da:15:7d:53:0f:fb]
RSSI: -71 [da:1d:05:8a:10:3c]
RSSI: -89 [da:15:7d:53:0f:fb]
RSSI: -92 [da:17:61:4d:0e:da]
RSSI: -68 [da:1d:05:97:10:6c]
RSSI: -89 [da:15:7d:60:10:2b]
RSSI: -68 [da:1d:05:a4:10:9c]
RSSI: -91 [da:15:7d:6f:10:5b]
RSSI: -70 [da:1d:05:b1:10:bc]
RSSI: -70 [da:1d:05:b1:10:bc]
RSSI: -67 [da:1d:05:bf:10:ec]
RSSI: -88 [da:17:61:77:0f:5a]
RSSI: -67 [da:1d:05:bf:10:ec]
RSSI: -89 [da:15:7d:8a:10:ab]
RSSI: -68 [da:1d:05:cb:11:1c]
RSSI: -91 [da:15:7d:9a:10:cb]
RSSI: -69 [da:1d:05:d8:11:3c]
RSSI: -87 [da:17:61:94:0f:aa]
RSSI: -92 [da:15:7d:9a:10:cb]
RSSI: -68 [da:1d:05:e6:11:6c]
RSSI: -68 [da:1d:05:e6:11:6c]
RSSI: -88 [da:17:61:af:0f:fa]
RSSI: -68 [da:1d:05:f2:11:8c]
RSSI: -87 [da:17:61:be:10:1a]
RSSI: -71 [da:1d:06:00:11:bc]
RSSI: -70 [da:1d:06:0d:11:ec]
RSSI: -88 [da:17:61:cb:10:4a]
RSSI: -87 [da:17:61:cb:10:4a]
RSSI: -71 [da:1d:06:19:12:0c]
RSSI: -73 [da:1d:06:19:12:0c]
RSSI: -76 [da:1d:06:27:12:3c]
RSSI: -91 [da:1a:6a:fe:0c:0e]
RSSI: -86 [da:17:61:e8:10:9a]
RSSI: -76 [da:1d:06:34:12:6c]
RSSI: -86 [da:17:61:f5:10:ba]
RSSI: -87 [da:17:61:f5:10:ba]
RSSI: -93 [da:1a:6b:0a:0c:2e]
RSSI: -79 [da:1d:06:41:12:8c]
RSSI: -82 [da:1d:06:41:12:8c]
RSSI: -90 [da:15:7e:0b:12:2b]
RSSI: -89 [da:1a:6b:29:0c:8e]
RSSI: -85 [da:17:62:12:11:0a]
RSSI: -90 [da:1a:6b:29:0c:8e]
RSSI: -91 [da:1d:06:5b:12:dc]
RSSI: -86 [da:17:62:1f:11:3a]
RSSI: -82 [da:1d:06:68:13:0c]
RSSI: -90 [da:1a:6b:36:0c:ae]
RSSI: -80 [da:1d:06:68:13:0c]
RSSI: -89 [da:15:7e:36:12:ab]
RSSI: -78 [da:1d:06:75:13:3c]
RSSI: -87 [da:17:62:2e:11:5a]
RSSI: -90 [da:15:7e:36:12:ab]
RSSI: -78 [da:1d:06:75:13:3c]
RSSI: -77 [da:1d:06:82:13:5c]
RSSI: -90 [da:15:7e:45:12:cb]
RSSI: -77 [da:1d:06:8f:13:8c]
RSSI: -77 [da:1d:06:8f:13:8c]
RSSI: -79 [da:1d:06:9c:13:ac]
RSSI: -90 [da:17:62:58:11:da]
RSSI: -88 [da:1a:6b:70:0d:5e]
RSSI: -79 [da:1d:06:9c:13:ac]
RSSI: -89 [da:1a:6b:70:0d:5e]
RSSI: -80 [da:1d:06:a9:13:dc]
RSSI: -86 [da:1d:06:a9:13:dc]
RSSI: -84 [da:1d:06:b6:13:fc]
RSSI: -86 [da:1d:06:b6:13:fc]
RSSI: -87 [da:1a:6b:8c:0d:ae]
RSSI: -89 [da:1d:06:c3:14:2c]
RSSI: -94 [da:1d:06:c3:14:2c]
RSSI: -88 [da:1a:6b:9c:0d:de]
RSSI: -86 [da:1d:06:d1:14:5c]
RSSI: -90 [da:1d:06:dd:14:7c]
RSSI: -89 [da:1a:6b:b8:0e:2e]
RSSI: -95 [da:17:62:ac:12:ba]
RSSI: -95 [da:17:62:bb:12:ea]
RSSI: -91 [da:1a:6b:d6:0e:7e]
RSSI: -81 [da:1d:07:04:14:fc]
RSSI: -83 [da:1d:07:04:14:fc]
RSSI: -83 [da:1d:07:12:15:1c]
RSSI: -89 [da:1d:07:1f:15:4c]
RSSI: -92 [da:1a:6b:f3:0e:ce]
RSSI: -82 [da:1d:07:2c:15:7c]
RSSI: -82 [da:1d:07:2c:15:7c]
RSSI: -93 [da:1a:6c:02:0e:fe]
RSSI: -83 [da:1d:07:39:15:9c]
RSSI: -90 [da:1a:6c:1e:0f:4e]
RSSI: -83 [da:1d:07:53:15:ec]
RSSI: -89 [da:1d:07:60:16:1c]
RSSI: -85 [da:1d:07:60:16:1c]
RSSI: -95 [da:1a:6c:49:0f:ce]
RSSI: -84 [da:1d:07:7a:16:6c]
RSSI: -89 [da:1d:07:88:00:0c]
RSSI: -91 [da:1a:6c:59:0f:fe]
RSSI: -87 [da:1d:07:88:00:0c]
RSSI: -82 [da:1d:07:95:00:2c]
RSSI: -88 [da:1d:07:95:00:2c]
RSSI: -91 [da:1a:6c:65:10:2e]
RSSI: -87 [da:1d:07:a1:00:5c]
RSSI: -87 [da:1d:07:a1:00:5c]
RSSI: -86 [da:1d:07:a1:00:5c]
RSSI: -93 [da:17:63:6a:14:ca]
RSSI: -86 [da:1d:07:bc:00:ac]
RSSI: -93 [da:15:7f:8d:00:0b]
RSSI: -91 [da:1a:6c:a0:10:ce]
RSSI: -92 [da:1a:6c:a0:10:ce]
RSSI: -87 [da:1d:07:d6:00:fc]
RSSI: -92 [da:15:7f:ab:00:5b]
RSSI: -88 [da:1d:07:e3:01:2c]
RSSI: -93 [da:1d:07:f0:01:4c]
RSSI: -86 [da:15:7f:b8:00:7b]
RSSI: -89 [da:1d:07:fd:01:7c]
RSSI: -93 [da:1a:6c:cc:11:4e]
RSSI: -83 [da:15:7f:c7:00:ab]
RSSI: -86 [da:1d:08:0b:01:9c]
RSSI: -83 [da:15:7f:d6:00:db]
RSSI: -82 [da:15:7f:d6:00:db]
RSSI: -84 [da:15:7f:e3:00:fb]
RSSI: -81 [da:15:7f:e3:00:fb]
RSSI: -87 [da:1d:08:25:01:fc]
RSSI: -82 [da:15:7f:f2:01:2b]
RSSI: -86 [da:1d:08:32:02:1c]
RSSI: -81 [da:15:7f:f2:01:2b]
RSSI: -80 [da:15:80:01:01:5b]
RSSI: -77 [da:15:80:01:01:5b]
RSSI: -78 [da:15:80:0e:01:7b]
RSSI: -81 [da:1d:08:51:02:8c]
RSSI: -90 [da:1a:6d:23:12:4e]
RSSI: -79 [da:15:80:1d:01:ab]
RSSI: -78 [da:15:80:1d:01:ab]
RSSI: -79 [da:15:80:2d:01:db]
RSSI: -84 [da:1d:08:6e:02:dc]
RSSI: -81 [da:1d:08:6e:02:dc]
RSSI: -78 [da:15:80:39:01:fb]
RSSI: -85 [da:1d:08:7c:03:0c]
RSSI: -76 [da:15:80:39:01:fb]
RSSI: -82 [da:1d:08:89:03:2c]
RSSI: -78 [da:15:80:48:02:2b]
RSSI: -79 [da:15:80:58:02:5b]
RSSI: -79 [da:15:80:58:02:5b]
RSSI: -77 [da:15:80:64:02:7b]
RSSI: -90 [da:1d:08:a3:03:7c]
RSSI: -78 [da:15:80:64:02:7b]
RSSI: -95 [da:1a:6d:80:13:5e]
RSSI: -76 [da:15:80:74:02:ab]
RSSI: -87 [da:1d:08:b0:03:ac]
RSSI: -89 [da:15:80:83:02:db]
RSSI: -79 [da:15:80:83:02:db]
RSSI: -89 [da:17:64:83:01:ba]
RSSI: -80 [da:15:80:8f:02:fb]
RSSI: -93 [da:17:64:83:01:ba]
RSSI: -79 [da:15:80:8f:02:fb]
RSSI: -88 [da:17:64:92:01:da]
RSSI: -80 [da:15:80:9f:03:2b]
RSSI: -80 [da:15:80:ae:03:5b]
RSSI: -87 [da:1d:08:e4:04:4c]
RSSI: -78 [da:15:80:ae:03:5b]
RSSI: -81 [da:15:80:ba:03:7b]
RSSI: -81 [da:15:80:ba:03:7b]
RSSI: -91 [da:1d:08:ff:04:ac]
RSSI: -92 [da:17:64:bd:02:5a]
RSSI: -81 [da:15:80:ca:03:ab]
RSSI: -82 [da:15:80:ca:03:ab]
RSSI: -84 [da:15:80:d9:03:db]
RSSI: -83 [da:1d:09:1a:04:fc]
RSSI: -84 [da:15:80:e5:03:fb]
RSSI: -92 [da:1a:6e:02:14:be]
RSSI: -88 [da:15:80:f5:04:2b]
RSSI: -81 [da:1d:09:34:05:4c]
RSSI: -88 [da:17:64:f4:02:ea]
RSSI: -86 [da:1d:09:41:05:7c]
RSSI: -90 [da:15:81:04:04:5b]
RSSI: -80 [da:1d:09:41:05:7c]
RSSI: -82 [da:1d:09:4e:05:9c]
RSSI: -87 [da:15:81:11:04:7b]
RSSI: -89 [da:15:81:11:04:7b]
RSSI: -80 [da:1d:09:5b:05:cc]
RSSI: -81 [da:1d:09:5b:05:cc]
RSSI: -84 [da:1d:09:68:05:fc]
RSSI: -82 [da:1d:09:68:05:fc]
RSSI: -88 [da:17:65:2d:03:8a]
RSSI: -86 [da:1d:09:76:06:1c]
RSSI: -86 [da:15:81:3c:04:fb]
RSSI: -86 [da:1d:09:76:06:1c]
RSSI: -83 [da:1d:09:82:06:4c]
RSSI: -88 [da:1d:09:82:06:4c]
RSSI: -86 [da:15:81:4b:05:2b]
RSSI: -93 [da:1a:6e:5a:15:be]
RSSI: -86 [da:15:81:4b:05:2b]
RSSI: -84 [da:1d:09:90:06:7c]
RSSI: -88 [da:15:81:5a:05:5b]
RSSI: -90 [da:17:65:57:04:0a]
RSSI: -91 [da:15:81:67:05:7b]
RSSI: -88 [da:17:65:66:04:2a]
RSSI: -85 [da:1d:09:aa:06:cc]
RSSI: -87 [da:17:65:66:04:2a]
RSSI: -84 [da:1d:09:b8:06:ec]
RSSI: -88 [da:17:65:73:04:5a]
RSSI: -88 [da:15:81:85:05:db]
RSSI: -89 [da:17:65:82:04:7a]
RSSI: -83 [da:1d:09:d2:07:4c]
RSSI: -87 [da:15:81:92:05:fb]
RSSI: -85 [da:17:65:91:04:aa]
RSSI: -89 [da:1d:09:df:07:6c]
RSSI: -89 [da:17:65:9d:04:ca]
RSSI: -89 [da:15:81:bd:06:7b]
RSSI: -85 [da:1d:09:f9:07:bc]
RSSI: -81 [da:1d:0a:07:07:ec]
RSSI: -90 [da:15:81:cd:06:ab]
RSSI: -90 [da:15:81:cd:06:ab]
RSSI: -78 [da:1d:0a:14:08:1c]
RSSI: -84 [da:15:81:dc:06:db]
RSSI: -78 [da:1d:0a:14:08:1c]
RSSI: -89 [da:17:65:d7:05:6a]
RSSI: -81 [da:1d:0a:21:08:3c]
RSSI: -77 [da:1d:0a:21:08:3c]
RSSI: -86 [da:15:81:e8:06:fb]
RSSI: -78 [da:1d:0a:2e:08:6c]
RSSI: -88 [da:17:65:e5:05:9a]
RSSI: -78 [da:1d:0a:2e:08:6c]
RSSI: -90 [da:15:81:f8:07:2b]
RSSI: -78 [da:1d:0a:3c:08:9c]
RSSI: -79 [da:1d:0a:3c:08:9c]
RSSI: -90 [da:15:82:07:07:5b]
RSSI: -82 [da:1d:0a:48:08:bc]
RSSI: -87 [da:15:82:14:07:7b]
RSSI: -81 [da:1d:0a:56:08:ec]
RSSI: -82 [da:1d:0a:56:08:ec]
RSSI: -83 [da:1d:0a:63:09:1c]
RSSI: -87 [da:17:66:1d:06:3a]
RSSI: -83 [da:1d:0a:63:09:1c]
RSSI: -81 [da:1d:0a:63:09:1c]
RSSI: -87 [da:17:66:1d:06:3a]
RSSI: -89 [da:15:82:32:07:db]
RSSI: -84 [da:1d:0a:70:09:3c]
RSSI: -89 [da:15:82:32:07:db]
RSSI: -87 [da:17:66:2c:06:5a]
RSSI: -80 [da:1d:0a:70:09:3c]
RSSI: -83 [da:1d:0a:7d:09:6c]
RSSI: -81 [da:1d:0a:8b:09:9c]
RSSI: -80 [da:1d:0a:8b:09:9c]
RSSI: -84 [da:1d:0a:97:09:bc]
RSSI: -88 [da:17:66:56:06:da]
RSSI: -83 [da:1d:0a:a5:09:ec]
RSSI: -91 [da:15:82:6a:08:7b]
RSSI: -88 [da:17:66:65:07:0a]
RSSI: -87 [da:17:66:81:07:4a]
RSSI: -82 [da:1d:0a:cd:0a:6c]
RSSI: -88 [da:17:66:8f:07:7a]
RSSI: -81 [da:1d:0a:da:0a:9c]
RSSI: -90 [da:17:66:9c:07:9a]
RSSI: -89 [da:15:82:a5:09:2b]
RSSI: -87 [da:17:66:9c:07:9a]
RSSI: -85 [da:17:66:ab:07:ca]
RSSI: -82 [da:1d:0a:f4:0a:ec]
RSSI: -86 [da:17:66:ab:07:ca]
RSSI: -83 [da:17:66:ba:07:fa]
RSSI: -83 [da:17:66:ba:07:fa]
RSSI: -95 [da:15:82:d0:09:ab]
RSSI: -83 [da:17:66:c7:08:1a]
RSSI: -79 [da:17:66:d6:08:4a]
RSSI: -84 [da:1d:0b:1c:0b:6c]
RSSI: -80 [da:17:66:d6:08:4a]
RSSI: -88 [da:1d:0b:1c:0b:6c]
RSSI: -85 [da:1d:0b:29:0b:8c]
RSSI: -81 [da:17:66:e5:08:6a]
RSSI: -84 [da:1d:0b:29:0b:8c]
RSSI: -97 [da:15:83:0b:0a:5b]
RSSI: -87 [da:1d:0b:44:0b:ec]
RSSI: -82 [da:17:67:00:08:ba]
RSSI: -82 [da:1d:0b:51:0c:0c]
RSSI: -81 [da:17:67:0f:08:ea]
RSSI: -84 [da:1d:0b:51:0c:0c]
RSSI: -83 [da:1d:0b:5e:0c:3c]
RSSI: -82 [da:1d:0b:5e:0c:3c]
RSSI: -82 [da:17:67:1c:09:0a]
RSSI: -84 [da:1d:0b:6b:0c:6c]
RSSI: -83 [da:17:67:2b:09:3a]
RSSI: -85 [da:1d:0b:79:0c:8c]
RSSI: -82 [da:17:67:3a:09:6a]
RSSI: -83 [da:17:67:3a:09:6a]
RSSI: -81 [da:1d:0b:85:0c:bc]
RSSI: -83 [da:17:67:46:09:8a]
RSSI: -82 [da:1d:0b:93:0c:ec]
RSSI: -80 [da:1d:0b:93:0c:ec]
RSSI: -84 [da:17:67:55:09:ba]
RSSI: -82 [da:1d:0b:a0:0d:0c]
RSSI: -83 [da:17:67:64:09:da]
RSSI: -84 [da:17:67:64:09:da]
RSSI: -82 [da:1d:0b:ad:0d:3c]
RSSI: -84 [da:17:67:71:09:fa]
RSSI: -83 [da:1d:0b:bb:0d:6c]
RSSI: -82 [da:17:67:71:09:fa]
RSSI: -86 [da:1d:0b:bb:0d:6c]
RSSI: -84 [da:17:67:80:0a:2a]
RSSI: -80 [da:1d:0b:c8:0d:8c]
RSSI: -82 [da:17:67:8f:0a:5a]
RSSI: -90 [da:1d:0b:d5:0d:bc]
RSSI: -85 [da:17:67:8f:0a:5a]
RSSI: -83 [da:1d:0b:d5:0d:bc]
RSSI: -78 [da:1d:0b:e2:0d:ec]
RSSI: -86 [da:17:67:9b:0a:7a]
RSSI: -90 [da:1d:0b:e2:0d:ec]
RSSI: -83 [da:1d:0b:f0:0e:0c]
RSSI: -87 [da:17:67:ab:0a:aa]
RSSI: -79 [da:1d:0b:f0:0e:0c]
RSSI: -85 [da:17:67:ab:0a:aa]
RSSI: -88 [da:17:67:b9:0a:ca]
RSSI: -81 [da:1d:0b:fd:0e:3c]
RSSI: -76 [da:1d:0b:fd:0e:3c]
RSSI: -81 [da:1d:0c:0a:0e:6c]
RSSI: -89 [da:17:67:c6:0a:fa]
RSSI: -91 [da:17:67:c6:0a:fa]
RSSI: -78 [da:1d:0c:0a:0e:6c]
RSSI: -86 [da:1d:0c:18:0e:8c]
RSSI: -89 [da:17:67:d5:0b:2a]
RSSI: -76 [da:1d:0c:24:0e:bc]
RSSI: -83 [da:1d:0c:32:0e:ec]
RSSI: -84 [da:1d:0c:32:0e:ec]
RSSI: -78 [da:1d:0c:40:0f:1c]
RSSI: -91 [da:17:68:00:0b:9a]
RSSI: -87 [da:1d:0c:4c:0f:3c]
RSSI: -74 [da:1d:0c:5a:0f:6c]
RSSI: -95 [da:17:68:1b:0b:ea]
RSSI: -70 [da:1d:0c:67:0f:9c]
RSSI: -71 [da:1d:0c:74:0f:bc]
RSSI: -69 [da:1d:0c:74:0f:bc]
RSSI: -67 [da:1d:0c:82:0f:ec]
RSSI: -69 [da:1d:0c:82:0f:ec]
RSSI: -66 [da:1d:0c:8f:10:1c]
RSSI: -66 [da:1d:0c:8f:10:1c]
RSSI: -67 [da:1d:0c:9c:10:3c]
RSSI: -91 [da:17:68:55:0c:9a]
RSSI: -65 [da:1d:0c:9c:10:3c]
RSSI: -65 [da:1d:0c:a9:10:6c]
RSSI: -66 [da:1d:0c:a9:10:6c]
RSSI: -65 [da:1d:0c:b7:10:9c]
RSSI: -64 [da:1d:0c:b7:10:9c]
RSSI: -65 [da:1d:0c:c4:10:bc]
RSSI: -66 [da:1d:0c:d1:10:ec]
RSSI: -65 [da:1d:0c:df:11:1c]
RSSI: -90 [da:15:84:9e:0f:0b]
RSSI: -89 [da:15:84:9e:0f:0b]
RSSI: -64 [da:1d:0c:df:11:1c]
RSSI: -90 [da:17:68:ab:0d:8a]
RSSI: -65 [da:1d:0c:eb:11:3c]
RSSI: -89 [da:15:84:bd:0f:6b]
RSSI: -68 [da:1d:0c:f9:11:6c]
RSSI: -88 [da:17:68:ba:0d:ba]
RSSI: -66 [da:1d:0d:07:11:8c]
RSSI: -89 [da:15:84:c9:0f:8b]
RSSI: -67 [da:1d:0d:13:11:bc]
RSSI: -67 [da:1d:0d:13:11:bc]
RSSI: -70 [da:1d:0d:21:11:dc]
RSSI: -69 [da:1d:0d:21:11:dc]
RSSI: -70 [da:1d:0d:2f:12:0c]
RSSI: -86 [da:15:84:f5:10:0b]
RSSI: -90 [da:17:68:f1:0e:5a]
RSSI: -73 [da:1d:0d:3b:12:2c]
RSSI: -89 [da:15:85:04:10:3b]
RSSI: -73 [da:1d:0d:3b:12:2c]
RSSI: -88 [da:15:85:04:10:3b]
RSSI: -91 [da:17:69:00:0e:7a]
RSSI: -79 [da:1d:0d:49:12:5c]
RSSI: -78 [da:1d:0d:49:12:5c]
RSSI: -90 [da:15:85:14:10:6b]
RSSI: -87 [da:17:69:0f:0e:aa]
RSSI: -95 [da:1a:72:1e:0a:2e]
RSSI: -81 [da:1d:0d:56:12:8c]
RSSI: -88 [da:17:69:0f:0e:aa]
RSSI: -86 [da:1d:0d:63:12:ac]
RSSI: -90 [da:17:69:1c:0e:ca]
RSSI: -88 [da:15:85:30:10:bb]
RSSI: -82 [da:1d:0d:71:12:dc]
RSSI: -91 [da:17:69:2b:0e:fa]
RSSI: -77 [da:1d:0d:7e:13:0c]
RSSI: -89 [da:17:69:3a:0f:1a]
RSSI: -77 [da:1d:0d:7e:13:0c]
RSSI: -87 [da:15:85:4c:11:1b]
RSSI: -76 [da:1d:0d:8b:13:2c]
RSSI: -86 [da:15:85:4c:11:1b]
RSSI: -75 [da:1d:0d:8b:13:2c]
RSSI: -88 [da:15:85:5b:11:4b]
RSSI: -77 [da:1d:0d:99:13:5c]
RSSI: -87 [da:15:85:5b:11:4b]
RSSI: -87 [da:15:85:5b:11:4b]
RSSI: -88 [da:17:69:65:0f:9a]
RSSI: -78 [da:1d:0d:a6:13:8c]
RSSI: -86 [da:15:85:6b:11:6b]
RSSI: -88 [da:17:69:65:0f:9a]
RSSI: -80 [da:1d:0d:b3:13:ac]
RSSI: -87 [da:17:69:71:0f:ba]
RSSI: -95 [da:1a:72:85:0b:5e]
RSSI: -87 [da:17:69:71:0f:ba]
RSSI: -83 [da:1d:0d:c1:13:dc]
RSSI: -88 [da:17:69:81:0f:ea]
RSSI: -86 [da:1d:0d:c1:13:dc]
RSSI: -93 [da:1a:72:92:0b:7e]
RSSI: -88 [da:1d:0d:ce:14:0c]
RSSI: -86 [da:1d:0d:db:14:2c]
RSSI: -89 [da:15:85:9c:12:0b]
RSSI: -88 [da:17:69:9c:10:3a]
RSSI: -88 [da:1a:72:b1:0b:de]
RSSI: -84 [da:1d:0d:e9:14:5c]
RSSI: -87 [da:17:69:9c:10:3a]
RSSI: -90 [da:15:85:a9:12:2b]
RSSI: -83 [da:1d:0d:e9:14:5c]
RSSI: -81 [da:1d:0d:e9:14:5c]
RSSI: -87 [da:15:85:a9:12:2b]
RSSI: -92 [da:1a:72:be:0b:fe]
RSSI: -83 [da:1d:0d:f6:14:8c]
RSSI: -88 [da:17:69:ab:10:5a]
RSSI: -80 [da:1d:0e:03:14:ac]
RSSI: -88 [da:15:85:c8:12:8b]
RSSI: -84 [da:1d:0e:03:14:ac]
RSSI: -84 [da:15:85:c8:12:8b]
RSSI: -81 [da:1d:0e:11:14:dc]
RSSI: -86 [da:17:69:c7:10:aa]
RSSI: -89 [da:17:69:e5:11:0a]
RSSI: -86 [da:1d:0e:2b:15:2c]
RSSI: -91 [da:15:85:f4:13:0b]
RSSI: -80 [da:1d:0e:39:15:5c]
RSSI: -88 [da:17:69:f2:11:2a]
RSSI: -88 [da:17:6a:01:11:5a]
RSSI: -82 [da:1d:0e:46:15:7c]
RSSI: -92 [da:15:86:10:13:5b]
RSSI: -83 [da:1d:0e:53:15:ac]
RSSI: -88 [da:17:6a:1d:11:aa]
RSSI: -84 [da:1d:0e:61:15:dc]
RSSI: -87 [da:1d:0e:6e:15:fc]
RSSI: -88 [da:17:6a:2c:11:ca]
RSSI: -90 [da:15:86:3c:13:db]
RSSI: -83 [da:1d:0e:7b:16:2c]
RSSI: -82 [da:1d:0e:89:16:5c]
RSSI: -86 [da:1d:0e:96:16:7c]
RSSI: -86 [da:1d:0e:96:16:7c]
RSSI: -83 [da:1d:0e:96:16:7c]
RSSI: -83 [da:1d:0e:96:16:7c]
RSSI: -88 [da:1d:0e:a3:00:2c]
RSSI: -87 [da:1d:0e:b1:00:5c]
RSSI: -89 [da:1d:0e:b1:00:5c]
RSSI: -88 [da:1d:0e:b1:00:5c]
RSSI: -98 [da:15:86:93:14:db]
RSSI: -90 [da:15:86:93:14:db]
RSSI: -83 [da:1d:0e:d9:00:dc]
RSSI: -89 [da:1d:0e:e6:00:fc]
RSSI: -88 [da:1d:0e:f3:01:2c]
RSSI: -96 [da:1a:73:e6:0f:5e]
RSSI: -89 [da:1d:0f:29:01:dc]
RSSI: -91 [da:1d:0f:37:01:fc]
RSSI: -89 [da:15:86:fa:16:0b]
RSSI: -92 [da:1d:0f:37:01:fc]
RSSI: -89 [da:15:87:07:16:2b]
RSSI: -93 [da:1d:0f:51:02:5c]
RSSI: -88 [da:15:87:26:00:0b]
RSSI: -99 [da:1a:74:3e:10:5e]
RSSI: -84 [da:1d:0f:6b:02:ac]
RSSI: -88 [da:15:87:32:00:2b]
RSSI: -86 [da:1d:0f:79:02:dc]
RSSI: -84 [da:1d:0f:79:02:dc]
RSSI: -83 [da:1d:0f:87:02:fc]
RSSI: -84 [da:15:87:51:00:8b]
RSSI: -83 [da:15:87:51:00:8b]
RSSI: -88 [da:1d:0f:93:03:2c]
RSSI: -83 [da:15:87:5e:00:ab]
RSSI: -81 [da:15:87:5e:00:ab]
RSSI: -86 [da:1d:0f:af:03:7c]
RSSI: -80 [da:15:87:7d:01:0b]
RSSI: -80 [da:15:87:7d:01:0b]
RSSI: -85 [da:1d:0f:bc:03:9c]
RSSI: -94 [da:1d:0f:c9:03:cc]
RSSI: -79 [da:15:87:8a:01:2b]
RSSI: -86 [da:1d:0f:d7:03:fc]
RSSI: -78 [da:15:87:99:01:5b]
RSSI: -77 [da:15:87:a9:01:8b]
RSSI: -76 [da:15:87:a9:01:8b]
RSSI: -76 [da:15:87:a9:01:8b]
RSSI: -76 [da:15:87:b6:01:ab]
RSSI: -78 [da:15:87:c5:01:db]
RSSI: -90 [da:1d:0f:ff:04:7c]
RSSI: -76 [da:15:87:c5:01:db]
RSSI: -75 [da:15:87:d5:02:0b]
RSSI: -78 [da:15:87:d5:02:0b]
RSSI: -90 [da:17:6b:da:00:4a]
RSSI: -74 [da:15:87:e1:02:2b]
RSSI: -84 [da:1d:10:27:04:fc]
RSSI: -78 [da:15:87:f1:02:5b]
RSSI: -75 [da:15:87:f1:02:5b]
RSSI: -79 [da:15:88:01:02:8b]
RSSI: -95 [da:1a:75:0b:12:ae]
RSSI: -79 [da:15:88:01:02:8b]
RSSI: -78 [da:15:88:01:02:8b]
RSSI: -84 [da:1d:10:42:05:4c]
RSSI: -79 [da:15:88:0d:02:bb]
RSSI: -83 [da:1d:10:50:05:7c]
RSSI: -76 [da:15:88:1d:02:db]
RSSI: -84 [da:1d:10:5c:05:9c]
RSSI: -80 [da:15:88:1d:02:db]
RSSI: -80 [da:15:88:2c:03:0b]
RSSI: -84 [da:1d:10:6a:05:cc]
RSSI: -87 [da:1d:10:6a:05:cc]
RSSI: -87 [da:1d:10:6a:05:cc]
RSSI: -79 [da:15:88:39:03:3b]
RSSI: -84 [da:15:88:49:03:6b]
RSSI: -90 [da:1d:10:92:06:4c]
RSSI: -82 [da:15:88:58:03:8b]
RSSI: -92 [da:1a:75:64:13:ae]
RSSI: -86 [da:15:88:65:03:bb]
RSSI: -84 [da:15:88:65:03:bb]
RSSI: -88 [da:17:6c:6a:01:ea]
RSSI: -94 [da:1a:75:80:13:fe]
RSSI: -88 [da:1d:10:bb:06:cc]
RSSI: -87 [da:17:6c:77:02:0a]
RSSI: -88 [da:17:6c:86:02:3a]
RSSI: -93 [da:15:88:91:04:3b]
RSSI: -93 [da:1a:75:a0:14:5e]
RSSI: -89 [da:1d:10:d5:07:1c]
RSSI: -88 [da:17:6c:95:02:5a]
RSSI: -88 [da:15:88:a0:04:6b]
RSSI: -88 [da:1d:10:e3:07:4c]
RSSI: -85 [da:15:88:b0:04:9b]
RSSI: -87 [da:15:88:bd:04:bb]
RSSI: -89 [da:17:6c:b1:02:aa]
RSSI: -83 [da:15:88:bd:04:bb]
RSSI: -86 [da:15:88:cc:04:eb]
RSSI: -92 [da:17:6c:cd:02:fa]
RSSI: -87 [da:15:88:dc:05:1b]
RSSI: -85 [da:15:88:dc:05:1b]
RSSI: -87 [da:1d:11:26:08:1c]
RSSI: -88 [da:15:88:e8:05:3b]
RSSI: -88 [da:17:6c:eb:03:5a]
RSSI: -91 [da:17:6c:eb:03:5a]
RSSI: -91 [da:15:88:f8:05:6b]
RSSI: -87 [da:15:88:f8:05:6b]
RSSI: -87 [da:1d:11:34:08:4c]
RSSI: -92 [da:17:6c:f8:03:7a]
RSSI: -84 [da:1d:11:41:08:7c]
RSSI: -89 [da:17:6c:f8:03:7a]
RSSI: -84 [da:1d:11:41:08:7c]
RSSI: -90 [da:1d:11:4e:08:ac]
RSSI: -83 [da:1d:11:4e:08:ac]
RSSI: -86 [da:15:89:14:05:bb]
RSSI: -88 [da:1d:11:5c:08:cc]
RSSI: -84 [da:15:89:24:05:eb]
RSSI: -85 [da:15:89:24:05:eb]
RSSI: -87 [da:1d:11:6a:08:fc]
RSSI: -94 [da:17:6d:23:03:ea]
RSSI: -85 [da:1d:11:6a:08:fc]
RSSI: -86 [da:15:89:34:06:1b]
RSSI: -90 [da:17:6d:32:04:1a]
RSSI: -87 [da:15:89:40:06:3b]
RSSI: -89 [da:15:89:50:06:6b]
RSSI: -91 [da:15:89:60:06:9b]
RSSI: -91 [da:1d:11:9f:09:ac]
RSSI: -89 [da:15:89:6c:06:cb]
RSSI: -90 [da:17:6d:5e:04:9a]
RSSI: -85 [da:1d:11:ba:09:fc]
RSSI: -89 [da:15:89:7c:06:eb]
RSSI: -91 [da:17:6d:79:04:ea]
RSSI: -87 [da:15:89:8b:07:1b]
RSSI: -89 [da:15:89:98:07:4b]
RSSI: -88 [da:15:89:98:07:4b]
RSSI: -92 [da:17:6d:98:05:3a]
RSSI: -91 [da:17:6d:a5:05:5a]
RSSI: -90 [da:17:6d:a5:05:5a]
RSSI: -92 [da:1d:11:fd:0a:dc]
RSSI: -89 [da:1d:12:0b:0b:0c]
RSSI: -84 [da:1d:12:18:0b:2c]
RSSI: -89 [da:15:89:e3:08:2b]
RSSI: -85 [da:1d:12:26:0b:5c]
RSSI: -88 [da:1d:12:33:0b:8c]
RSSI: -88 [da:15:89:f0:08:4b]
RSSI: -86 [da:1d:12:40:0b:ac]
RSSI: -90 [da:1d:12:4e:0b:dc]
RSSI: -85 [da:1d:12:4e:0b:dc]
RSSI: -90 [da:17:6e:0b:06:7a]
RSSI: -82 [da:1d:12:5c:0c:0c]
RSSI: -91 [da:17:6e:1a:06:aa]
RSSI: -89 [da:15:8a:1c:08:cb]
RSSI: -83 [da:1d:12:5c:0c:0c]
RSSI: -88 [da:1d:12:5c:0c:0c]
RSSI: -87 [da:17:6e:1a:06:aa]
RSSI: -84 [da:1d:12:68:0c:3c]
RSSI: -94 [da:15:8a:2c:08:fb]
RSSI: -82 [da:1d:12:68:0c:3c]
RSSI: -81 [da:1d:12:68:0c:3c]
RSSI: -87 [da:15:8a:3b:09:2b]
RSSI: -92 [da:15:8a:3b:09:2b]
RSSI: -82 [da:1d:12:76:0c:5c]
RSSI: -88 [da:17:6e:36:06:fa]
RSSI: -81 [da:1d:12:84:0c:8c]
RSSI: -85 [da:17:6e:45:07:2a]
RSSI: -81 [da:1d:12:91:0c:bc]
RSSI: -80 [da:1d:12:91:0c:bc]
RSSI: -85 [da:17:6e:52:07:4a]
RSSI: -87 [da:15:8a:58:09:7b]
RSSI: -85 [da:17:6e:52:07:4a]
RSSI: -80 [da:1d:12:9f:0c:ec]
RSSI: -84 [da:17:6e:61:07:7a]
RSSI: -77 [da:1d:12:ad:0d:0c]
RSSI: -83 [da:17:6e:70:07:aa]
RSSI: -83 [da:17:6e:70:07:aa]
RSSI: -82 [da:17:6e:70:07:aa]
RSSI: -78 [da:1d:12:b9:0d:3c]
RSSI: -89 [da:15:8a:84:0a:0b]
RSSI: -83 [da:17:6e:7d:07:ca]
RSSI: -80 [da:1d:12:c7:0d:6c]
RSSI: -79 [da:1d:12:d5:0d:8c]
RSSI: -79 [da:17:6e:9c:08:1a]
RSSI: -82 [da:1d:12:e2:0d:bc]
RSSI: -81 [da:17:6e:9c:08:1a]
RSSI: -77 [da:1d:12:e2:0d:bc]
RSSI: -92 [da:15:8a:c0:0a:bb]
RSSI: -74 [da:1d:12:fe:0e:1c]
RSSI: -78 [da:17:6e:c7:08:9a]
RSSI: -73 [da:1d:13:0a:0e:3c]
RSSI: -78 [da:17:6e:c7:08:9a]
RSSI: -75 [da:1d:13:18:0e:6c]
RSSI: -80 [da:1d:13:26:0e:9c]
RSSI: -78 [da:17:6e:e3:08:ea]
RSSI: -77 [da:17:6e:f2:09:0a]
RSSI: -77 [da:1d:13:33:0e:bc]
RSSI: -78 [da:17:6e:f2:09:0a]
RSSI: -83 [da:1d:13:41:0e:ec]
RSSI: -83 [da:1d:13:41:0e:ec]
RSSI: -77 [da:17:6e:ff:09:3a]
RSSI: -77 [da:17:6e:ff:09:3a]
RSSI: -88 [da:1d:13:4f:0f:1c]
RSSI: -78 [da:17:6f:0e:09:6a]
RSSI: -85 [da:1d:13:5b:0f:3c]
RSSI: -79 [da:17:6f:1e:09:8a]
RSSI: -79 [da:1d:13:5b:0f:3c]
RSSI: -78 [da:17:6f:1e:09:8a]
RSSI: -79 [da:1d:13:69:0f:6c]
RSSI: -78 [da:1d:13:69:0f:6c]
RSSI: -77 [da:17:6f:2b:09:aa]
RSSI: -79 [da:1d:13:77:0f:9c]
RSSI: -78 [da:17:6f:2b:09:aa]
RSSI: -77 [da:1d:13:77:0f:9c]
RSSI: -78 [da:17:6f:3a:09:da]
RSSI: -77 [da:1d:13:84:0f:bc]
RSSI: -79 [da:17:6f:49:09:fa]
RSSI: -75 [da:1d:13:92:0f:ec]
RSSI: -81 [da:17:6f:56:0a:2a]
RSSI: -74 [da:1d:13:a0:10:1c]
RSSI: -81 [da:17:6f:56:0a:2a]
RSSI: -76 [da:1d:13:ac:10:3c]
RSSI: -82 [da:17:6f:65:0a:5a]
RSSI: -73 [da:1d:13:ac:10:3c]
RSSI: -84 [da:17:6f:75:0a:7a]
RSSI: -84 [da:17:6f:75:0a:7a]
RSSI: -72 [da:1d:13:ba:10:6c]
RSSI: -85 [da:17:6f:75:0a:7a]
RSSI: -74 [da:1d:13:ba:10:6c]
RSSI: -86 [da:17:6f:81:0a:aa]
RSSI: -73 [da:1d:13:c8:10:9c]
RSSI: -72 [da:1d:13:d5:10:bc]
RSSI: -87 [da:17:6f:91:0a:ca]
RSSI: -73 [da:1d:13:d5:10:bc]
RSSI: -71 [da:1d:13:d5:10:bc]
RSSI: -89 [da:17:6f:91:0a:ca]
RSSI: -71 [da:1d:13:d5:10:bc]
RSSI: -71 [da:1d:13:e3:10:ec]
RSSI: -71 [da:1d:13:e3:10:ec]
RSSI: -69 [da:1d:13:f1:11:1c]
RSSI: -69 [da:1d:13:f1:11:1c]
RSSI: -70 [da:1d:13:fd:11:4c]
RSSI: -93 [da:17:6f:cc:0b:7a]
RSSI: -70 [da:1d:14:0c:11:6c]
RSSI: -69 [da:1d:14:19:11:9c]
RSSI: -69 [da:1d:14:26:11:cc]
RSSI: -71 [da:1d:14:34:11:ec]
RSSI: -71 [da:1d:14:34:11:ec]
RSSI: -73 [da:1d:14:42:12:1c]
RSSI: -76 [da:1d:14:4f:12:4c]
RSSI: -80 [da:1d:14:4f:12:4c]
RSSI: -81 [da:1d:14:5d:12:7c]
RSSI: -87 [da:1d:14:5d:12:7c]
RSSI: -89 [da:1d:14:6b:12:9c]
RSSI: -88 [da:1d:14:6b:12:9c]
RSSI: -79 [da:1d:14:77:12:cc]
RSSI: -91 [da:15:8c:3d:0f:2b]
RSSI: -76 [da:1d:14:85:12:fc]
RSSI: -89 [da:15:8c:4d:0f:5b]
RSSI: -87 [da:15:8c:5a:0f:7b]
RSSI: -75 [da:1d:14:a0:13:4c]
RSSI: -75 [da:1d:14:a0:13:4c]
RSSI: -76 [da:1d:14:a0:13:4c]
RSSI: -88 [da:15:8c:69:0f:ab]
RSSI: -76 [da:1d:14:ae:13:7c]
RSSI: -79 [da:1d:14:ae:13:7c]
RSSI: -79 [da:1d:14:bc:13:ac]
RSSI: -80 [da:1d:14:bc:13:ac]
RSSI: -83 [da:1d:14:c9:13:cc]
RSSI: -89 [da:15:8c:96:10:2b]
RSSI: -87 [da:1d:14:d7:13:fc]
RSSI: -87 [da:1d:14:d7:13:fc]
RSSI: -91 [da:17:70:96:0d:ba]
RSSI: -85 [da:15:8c:a5:10:5b]
RSSI: -89 [da:15:8c:a5:10:5b]
RSSI: -89 [da:1d:14:e5:14:2c]
RSSI: -86 [da:15:8c:b2:10:8b]
RSSI: -82 [da:1d:14:f1:14:4c]
RSSI: -86 [da:15:8c:b2:10:8b]
RSSI: -90 [da:17:70:b2:0e:0a]
RSSI: -91 [da:17:70:c1:0e:3a]
RSSI: -87 [da:15:8c:de:11:0b]
RSSI: -82 [da:1d:15:1a:14:cc]
RSSI: -86 [da:15:8c:de:11:0b]
RSSI: -88 [da:1d:15:28:14:fc]
RSSI: -84 [da:1d:15:28:14:fc]
RSSI: -89 [da:15:8c:ee:11:3b]
RSSI: -81 [da:1d:15:36:15:2c]
RSSI: -90 [da:17:70:ed:0e:ba]
RSSI: -84 [da:1d:15:36:15:2c]
RSSI: -87 [da:15:8c:fe:11:6b]
RSSI: -82 [da:1d:15:43:15:4c]
RSSI: -79 [da:1d:15:43:15:4c]
RSSI: -94 [da:17:71:09:0f:0a]
RSSI: -81 [da:1d:15:51:15:7c]
RSSI: -89 [da:15:8d:1a:11:bb]
RSSI: -84 [da:1d:15:5f:15:ac]
RSSI: -86 [da:1d:15:6b:15:cc]
RSSI: -87 [da:15:8d:37:12:0b]
RSSI: -92 [da:17:71:34:0f:8a]
RSSI: -87 [da:1d:15:88:16:2c]
RSSI: -83 [da:15:8d:47:12:3b]
RSSI: -86 [da:17:71:44:0f:ba]
RSSI: -87 [da:1d:15:88:16:2c]
RSSI: -89 [da:17:71:44:0f:ba]
RSSI: -87 [da:17:71:53:0f:ea]
RSSI: -86 [da:15:8d:56:12:6b]
RSSI: -82 [da:1d:15:94:16:4c]
RSSI: -89 [da:17:71:53:0f:ea]
RSSI: -82 [da:1d:15:94:16:4c]
RSSI: -88 [da:1d:15:94:16:4c]
RSSI: -87 [da:15:8d:63:12:8b]
RSSI: -85 [da:1d:15:a8:00:0c]
RSSI: -88 [da:15:8d:73:12:bb]
RSSI: -89 [da:15:8d:83:12:eb]
RSSI: -91 [da:15:8d:83:12:eb]
RSSI: -87 [da:17:71:7f:10:6a]
RSSI: -88 [da:17:71:7f:10:6a]
RSSI: -87 [da:1d:15:c4:00:5c]
RSSI: -90 [da:1a:7a:9c:0c:5e]
RSSI: -88 [da:15:8d:8f:13:1b]
RSSI: -88 [da:1a:7a:9c:0c:5e]
RSSI: -87 [da:17:71:8b:10:8a]
RSSI: -88 [da:15:8d:9f:13:3b]
RSSI: -86 [da:1a:7a:b8:0c:be]
RSSI: -85 [da:17:71:a0:10:ca]
RSSI: -87 [da:1a:7a:b8:0c:be]
RSSI: -88 [da:17:71:b0:10:ea]
RSSI: -87 [da:15:8d:bc:13:9b]
RSSI: -89 [da:1a:7a:c9:0c:ee]
RSSI: -90 [da:1d:15:fb:01:0c]
RSSI: -87 [da:15:8d:bc:13:9b]
RSSI: -88 [da:17:71:bd:11:1a]
RSSI: -89 [da:1d:16:09:01:3c]
RSSI: -88 [da:1d:16:09:01:3c]
RSSI: -86 [da:1d:16:16:01:5c]
RSSI: -86 [da:1a:7a:e5:0d:3e]
RSSI: -84 [da:1d:16:16:01:5c]
RSSI: -87 [da:1a:7a:e5:0d:3e]
RSSI: -91 [da:17:71:dc:11:6a]
RSSI: -83 [da:1d:16:24:01:8c]
RSSI: -86 [da:1a:7a:f5:0d:6e]
RSSI: -88 [da:17:71:e9:11:8a]
RSSI: -84 [da:1d:16:32:01:bc]
RSSI: -85 [da:1a:7b:05:0d:9e]
RSSI: -88 [da:17:71:f8:11:ba]
RSSI: -87 [da:1a:7b:12:0d:be]
RSSI: -88 [da:15:8e:08:14:7b]
RSSI: -86 [da:1d:16:4d:02:0c]
RSSI: -85 [da:1d:16:4d:02:0c]
RSSI: -88 [da:1a:7b:22:0d:ee]
RSSI: -78 [da:1d:16:5b:02:3c]
RSSI: -77 [da:1d:16:5b:02:3c]
RSSI: -84 [da:1d:16:5b:02:3c]
RSSI: -89 [da:1a:7b:32:0e:1e]
RSSI: -79 [da:1d:16:68:02:5c]
RSSI: -75 [da:1d:16:68:02:5c]
RSSI: -88 [da:17:72:24:12:3a]
RSSI: -90 [da:1a:7b:3f:0e:3e]
RSSI: -81 [da:1d:16:76:02:8c]
RSSI: -77 [da:1d:16:76:02:8c]
RSSI: -77 [da:1d:16:84:02:bc]
RSSI: -81 [da:1d:16:84:02:bc]
RSSI: -93 [da:1a:7b:5f:0e:9e]
RSSI: -80 [da:1d:16:91:02:dc]
RSSI: -83 [da:1d:16:9f:03:0c]
RSSI: -85 [da:1d:16:ad:03:3c]
RSSI: -83 [da:1d:16:b9:03:5c]
RSSI: -82 [da:1d:16:b9:03:5c]
RSSI: -92 [da:1a:7b:99:0f:3e]
RSSI: -90 [da:15:8e:8d:15:fb]
RSSI: -80 [da:1d:16:c8:03:8c]
RSSI: -89 [da:1d:16:d6:03:bc]
RSSI: -92 [da:1a:7b:a9:0f:6e]
RSSI: -89 [da:15:8e:9a:16:2b]
RSSI: -89 [da:15:8e:aa:16:5b]
RSSI: -81 [da:1d:16:f1:04:0c]
RSSI: -82 [da:1d:16:f1:04:0c]
RSSI: -86 [da:1d:16:ff:04:3c]
RSSI: -93 [da:15:8e:c6:00:2b]
RSSI: -91 [da:1d:17:0b:04:6c]
RSSI: -86 [da:15:8e:d6:00:5b]
RSSI: -82 [da:1d:17:19:04:8c]
RSSI: -81 [da:1d:17:19:04:8c]
RSSI: -84 [da:15:8e:e6:00:8b]
RSSI: -84 [da:15:8e:e6:00:8b]
RSSI: -79 [da:1d:17:28:04:bc]
RSSI: -83 [da:15:8e:f3:00:ab]
RSSI: -81 [da:1d:17:34:04:ec]
RSSI: -78 [da:1d:17:34:04:ec]
RSSI: -83 [da:15:8f:03:00:db]
RSSI: -79 [da:1d:17:42:05:0c]
RSSI: -81 [da:15:8f:03:00:db]
RSSI: -80 [da:1d:17:42:05:0c]
RSSI: -78 [da:1d:17:50:05:3c]
RSSI: -78 [da:1d:17:50:05:3c]
RSSI: -80 [da:15:8f:1f:01:2b]
RSSI: -79 [da:1d:17:5d:05:6c]
RSSI: -79 [da:15:8f:1f:01:2b]
RSSI: -77 [da:1d:17:5d:05:6c]
RSSI: -91 [da:1a:7c:38:11:1e]
RSSI: -78 [da:15:8f:2f:01:5b]
RSSI: -79 [da:1d:17:6b:05:9c]
RSSI: -80 [da:15:8f:2f:01:5b]
RSSI: -78 [da:1d:17:79:05:bc]
RSSI: -79 [da:15:8f:3f:01:8b]
RSSI: -79 [da:1d:17:86:05:ec]
RSSI: -77 [da:15:8f:4b:01:bb]
RSSI: -84 [da:1d:17:94:06:1c]
RSSI: -79 [da:15:8f:5b:01:db]
RSSI: -81 [da:1d:17:94:06:1c]
RSSI: -80 [da:1d:17:a2:06:4c]
RSSI: -80 [da:15:8f:6b:02:0b]
RSSI: -86 [da:1d:17:a2:06:4c]
RSSI: -80 [da:15:8f:6b:02:0b]
RSSI: -77 [da:15:8f:6b:02:0b]
RSSI: -82 [da:1d:17:af:06:6c]
RSSI: -78 [da:1d:17:af:06:6c]
RSSI: -73 [da:15:8f:78:02:3b]
RSSI: -83 [da:1d:17:bd:06:9c]
RSSI: -73 [da:15:8f:88:02:6b]
RSSI: -75 [da:15:8f:98:02:8b]
RSSI: -78 [da:1d:17:d8:06:ec]
RSSI: -77 [da:15:8f:a4:02:bb]
RSSI: -75 [da:15:8f:a4:02:bb]
RSSI: -85 [da:1d:17:e6:07:1c]
RSSI: -77 [da:15:8f:b4:02:eb]
RSSI: -74 [da:15:8f:c4:03:1b]
RSSI: -77 [da:15:8f:d1:03:3b]
RSSI: -84 [da:1d:18:0f:07:9c]
RSSI: -75 [da:15:8f:d1:03:3b]
RSSI: -82 [da:1d:18:0f:07:9c]
RSSI: -85 [da:1d:18:1d:07:cc]
RSSI: -81 [da:1d:18:2a:07:fc]
RSSI: -79 [da:15:8f:f1:03:9b]
RSSI: -80 [da:15:8f:fe:03:bb]
RSSI: -78 [da:1d:18:46:08:4c]
RSSI: -81 [da:15:90:0e:03:eb]
RSSI: -83 [da:1d:18:53:08:7c]
RSSI: -82 [da:15:90:1d:04:1b]
RSSI: -81 [da:1d:18:53:08:7c]
RSSI: -85 [da:15:90:1d:04:1b]
RSSI: -75 [da:1d:18:61:08:ac]
RSSI: -89 [da:1d:18:61:08:ac]
RSSI: -84 [da:15:90:2a:04:4b]
RSSI: -88 [da:1d:18:6f:08:dc]
RSSI: -85 [da:15:90:2a:04:4b]
RSSI: -77 [da:1d:18:6f:08:dc]
RSSI: -92 [da:1d:18:7c:08:fc]
RSSI: -83 [da:15:90:3a:04:7b]
RSSI: -85 [da:1d:18:7c:08:fc]
RSSI: -82 [da:15:90:4a:04:ab]
RSSI: -80 [da:15:90:57:04:cb]
RSSI: -84 [da:1d:18:a5:09:7c]
RSSI: -93 [da:1a:7d:8c:14:de]
RSSI: -92 [da:1d:18:b3:09:ac]
RSSI: -82 [da:1d:18:c2:09:dc]
RSSI: -83 [da:15:90:83:05:4b]
RSSI: -84 [da:15:90:83:05:4b]
RSSI: -84 [da:15:90:93:05:7b]
RSSI: -85 [da:15:90:a3:05:ab]
RSSI: -83 [da:15:90:a3:05:ab]
RSSI: -92 [da:17:74:a5:03:3a]
RSSI: -88 [da:1d:18:eb:0a:5c]
RSSI: -85 [da:15:90:b0:05:db]
RSSI: -85 [da:1d:18:f7:0a:8c]
RSSI: -91 [da:17:74:b5:03:6a]
RSSI: -85 [da:15:90:c0:06:0b]
RSSI: -83 [da:15:90:d0:06:3b]
RSSI: -83 [da:15:90:d0:06:3b]
RSSI: -85 [da:1d:19:14:0a:dc]
RSSI: -83 [da:1d:19:14:0a:dc]
RSSI: -86 [da:1d:19:14:0a:dc]
RSSI: -88 [da:15:90:dc:06:5b]
RSSI: -82 [da:1d:19:20:0b:0c]
RSSI: -83 [da:1d:19:20:0b:0c]
RSSI: -86 [da:15:90:ed:06:8b]
RSSI: -85 [da:1d:19:2f:0b:3c]
RSSI: -89 [da:15:90:ed:06:8b]
RSSI: -82 [da:1d:19:2f:0b:3c]
RSSI: -91 [da:17:74:f0:04:0a]
RSSI: -82 [da:1d:19:3d:0b:6c]
RSSI: -87 [da:15:90:fc:06:bb]
RSSI: -86 [da:1d:19:3d:0b:6c]
RSSI: -85 [da:1d:19:3d:0b:6c]
RSSI: -80 [da:1d:19:4a:0b:8c]
RSSI: -92 [da:17:75:0c:04:5a]
RSSI: -86 [da:15:91:19:07:0b]
RSSI: -79 [da:1d:19:58:0b:bc]
RSSI: -86 [da:15:91:19:07:0b]
RSSI: -79 [da:1d:19:66:0b:ec]
RSSI: -90 [da:17:75:29:04:aa]
RSSI: -78 [da:1d:19:73:0c:1c]
RSSI: -90 [da:15:91:36:07:6b]
RSSI: -80 [da:1d:19:73:0c:1c]
RSSI: -88 [da:15:91:36:07:6b]
RSSI: -88 [da:17:75:38:04:da]
RSSI: -78 [da:1d:19:81:0c:4c]
RSSI: -78 [da:1d:19:81:0c:4c]
RSSI: -80 [da:1d:19:8f:0c:6c]
RSSI: -79 [da:1d:19:8f:0c:6c]
RSSI: -79 [da:1d:19:9c:0c:9c]
RSSI: -77 [da:1d:19:aa:0c:cc]
RSSI: -75 [da:1d:19:b8:0c:fc]
RSSI: -91 [da:17:75:74:05:8a]
RSSI: -75 [da:1d:19:c5:0d:1c]
RSSI: -93 [da:15:91:8f:08:6b]
RSSI: -89 [da:15:91:8f:08:6b]
RSSI: -80 [da:1d:19:d3:0d:4c]
RSSI: -89 [da:17:75:90:05:da]
RSSI: -77 [da:1d:19:d3:0d:4c]
RSSI: -90 [da:17:75:90:05:da]
RSSI: -79 [da:1d:19:e2:0d:7c]
RSSI: -87 [da:17:75:a0:06:0a]
RSSI: -78 [da:1d:19:e2:0d:7c]
RSSI: -74 [da:1d:19:ee:0d:9c]
RSSI: -75 [da:1d:19:ee:0d:9c]
RSSI: -74 [da:1d:19:fd:0d:cc]
RSSI: -88 [da:17:75:bc:06:5a]
RSSI: -72 [da:1d:19:fd:0d:cc]
RSSI: -86 [da:17:75:bc:06:5a]
RSSI: -73 [da:1d:1a:0b:0d:fc]
RSSI: -87 [da:17:75:cc:06:8a]
RSSI: -71 [da:1d:1a:17:0e:2c]
RSSI: -88 [da:15:91:dc:09:5b]
RSSI: -86 [da:17:75:d9:06:aa]
RSSI: -72 [da:1d:1a:26:0e:5c]
RSSI: -85 [da:17:75:e8:06:da]
RSSI: -86 [da:17:75:e8:06:da]
RSSI: -77 [da:1d:1a:34:0e:8c]
RSSI: -78 [da:1d:1a:34:0e:8c]
RSSI: -76 [da:1d:1a:41:0e:ac]
RSSI: -85 [da:17:76:05:07:2a]
RSSI: -86 [da:1d:1a:4f:0e:dc]
RSSI: -84 [da:1d:1a:4f:0e:dc]
RSSI: -75 [da:1d:1a:5d:0f:0c]
RSSI: -86 [da:17:76:14:07:5a]
RSSI: -89 [da:17:76:24:07:8a]
RSSI: -85 [da:17:76:31:07:aa]
RSSI: -85 [da:17:76:31:07:aa]
RSSI: -68 [da:1d:1a:78:0f:5c]
RSSI: -64 [da:1d:1a:93:0f:bc]
RSSI: -81 [da:17:76:50:07:fa]
RSSI: -63 [da:1d:1a:93:0f:bc]
RSSI: -79 [da:17:76:5d:08:2a]
RSSI: -62 [da:1d:1a:a2:0f:ec]
RSSI: -80 [da:17:76:5d:08:2a]
RSSI: -63 [da:1d:1a:a2:0f:ec]
RSSI: -61 [da:1d:1a:b0:10:1c]
RSSI: -61 [da:1d:1a:b0:10:1c]
RSSI: -62 [da:1d:1a:bc:10:3c]
RSSI: -79 [da:17:76:7c:08:7a]
RSSI: -60 [da:1d:1a:bc:10:3c]
RSSI: -78 [da:17:76:7c:08:7a]
RSSI: -79 [da:17:76:89:08:aa]
RSSI: -61 [da:1d:1a:d9:10:9c]
RSSI: -78 [da:17:76:99:08:ca]
RSSI: -60 [da:1d:1a:e6:10:bc]
RSSI: -80 [da:17:76:a8:08:fa]
RSSI: -77 [da:17:76:a8:08:fa]
RSSI: -62 [da:1d:1a:f4:10:ec]
RSSI: -61 [da:1d:1a:f4:10:ec]
RSSI: -62 [da:1d:1b:02:11:1c]
RSSI: -62 [da:1d:1b:02:11:1c]
RSSI: -79 [da:17:76:c5:09:4a]
RSSI: -79 [da:17:76:c5:09:4a]
RSSI: -62 [da:1d:1b:0f:11:3c]
RSSI: -63 [da:1d:1b:0f:11:3c]
RSSI: -80 [da:17:76:d4:09:7a]
RSSI: -64 [da:1d:1b:1d:11:6c]
RSSI: -64 [da:1d:1b:1d:11:6c]
RSSI: -77 [da:17:76:e1:09:9a]
RSSI: -66 [da:1d:1b:2c:11:9c]
RSSI: -81 [da:17:76:f1:09:ca]
RSSI: -79 [da:17:76:f1:09:ca]
RSSI: -67 [da:1d:1b:38:11:cc]
RSSI: -81 [da:17:77:00:09:fa]
RSSI: -68 [da:1d:1b:47:11:ec]
RSSI: -69 [da:1d:1b:47:11:ec]
RSSI: -72 [da:1d:1b:55:12:1c]
RSSI: -81 [da:17:77:0d:0a:1a]
RSSI: -74 [da:1d:1b:55:12:1c]
RSSI: -84 [da:17:77:1d:0a:4a]
RSSI: -78 [da:1d:1b:62:12:4c]
RSSI: -83 [da:17:77:1d:0a:4a]
RSSI: -79 [da:1d:1b:62:12:4c]
RSSI: -84 [da:17:77:2d:0a:7a]
RSSI: -89 [da:1d:1b:70:12:7c]
RSSI: -82 [da:1d:1b:70:12:7c]
RSSI: -87 [da:17:77:2d:0a:7a]
RSSI: -81 [da:1d:1b:70:12:7c]
RSSI: -83 [da:17:77:39:0a:9a]
RSSI: -86 [da:17:77:39:0a:9a]
RSSI: -85 [da:17:77:49:0a:ca]
RSSI: -80 [da:1d:1b:8b:12:cc]
RSSI: -86 [da:17:77:49:0a:ca]
RSSI: -76 [da:1d:1b:99:12:fc]
RSSI: -78 [da:1d:1b:99:12:fc]
RSSI: -94 [da:1a:80:70:06:de]
RSSI: -78 [da:1d:1b:b4:13:4c]
RSSI: -78 [da:1d:1b:b4:13:4c]
RSSI: -79 [da:1d:1b:b4:13:4c]
RSSI: -81 [da:1d:1b:c3:13:7c]
RSSI: -89 [da:15:93:8c:0e:5b]
RSSI: -87 [da:1d:1b:de:13:cc]
RSSI: -87 [da:1d:1b:de:13:cc]
RSSI: -88 [da:15:93:b9:0e:db]
RSSI: -91 [da:17:77:be:0c:1a]
RSSI: -88 [da:15:93:c9:0f:1b]
RSSI: -83 [da:1d:1c:07:14:4c]
RSSI: -87 [da:15:93:c9:0f:1b]
RSSI: -85 [da:1d:1c:07:14:4c]
RSSI: -80 [da:1d:1c:16:14:7c]
RSSI: -82 [da:1d:1c:24:14:ac]
RSSI: -85 [da:1d:1c:31:14:dc]
RSSI: -88 [da:15:93:f6:0f:9b]
RSSI: -94 [da:1a:81:0a:08:8e]
RSSI: -90 [da:1d:1c:3f:14:fc]
RSSI: -86 [da:1d:1c:4d:15:2c]
RSSI: -88 [da:15:94:13:0f:eb]
RSSI: -83 [da:1d:1c:5a:15:5c]
RSSI: -87 [da:1d:1c:68:15:8c]
RSSI: -84 [da:15:94:30:10:4b]
RSSI: -85 [da:1d:1c:68:15:8c]
RSSI: -87 [da:15:94:30:10:4b]
RSSI: -91 [da:1d:1c:77:15:bc]
RSSI: -93 [da:1a:81:4a:09:4e]
RSSI: -85 [da:15:94:40:10:7b]
RSSI: -86 [da:15:94:40:10:7b]
RSSI: -87 [da:1d:1c:92:16:0c]
RSSI: -84 [da:15:94:65:10:eb]
RSSI: -86 [da:15:94:65:10:eb]
RSSI: -91 [da:17:78:62:0d:fa]
RSSI: -85 [da:15:94:85:11:4b]
RSSI: -86 [da:15:94:85:11:4b]
RSSI: -86 [da:15:94:85:11:4b]
RSSI: -85 [da:1d:1c:ca:00:5c]
RSSI: -91 [da:1d:1c:ca:00:5c]
RSSI: -87 [da:15:94:92:11:6b]
RSSI: -86 [da:15:94:a2:11:9b]
RSSI: -87 [da:15:94:a2:11:9b]
RSSI: -88 [da:15:94:b2:11:cb]
RSSI: -85 [da:1d:1c:f3:00:dc]
RSSI: -87 [da:1d:1d:00:01:0c]
RSSI: -87 [da:15:94:cf:12:1b]
RSSI: -85 [da:1d:1d:0e:01:3c]
RSSI: -88 [da:15:94:cf:12:1b]
RSSI: -86 [da:1d:1d:0e:01:3c]
RSSI: -84 [da:15:94:dc:12:3b]
RSSI: -86 [da:1d:1d:0e:01:3c]
RSSI: -84 [da:15:94:dc:12:3b]
RSSI: -84 [da:15:94:e8:12:6b]
RSSI: -85 [da:1d:1d:1d:01:6c]
RSSI: -92 [da:17:78:d7:0f:3a]
RSSI: -85 [da:15:94:e8:12:6b]
RSSI: -83 [da:1d:1d:29:01:8c]
RSSI: -83 [da:15:94:f5:12:8b]
RSSI: -82 [da:1d:1d:38:01:bc]
RSSI: -84 [da:15:95:02:12:bb]
RSSI: -83 [da:15:95:02:12:bb]
RSSI: -91 [da:17:79:04:0f:ba]
RSSI: -85 [da:15:95:0f:12:db]
RSSI: -84 [da:1d:1d:53:02:0c]
RSSI: -83 [da:15:95:1b:12:fb]
RSSI: -86 [da:1d:1d:53:02:0c]
RSSI: -82 [da:1d:1d:61:02:3c]
RSSI: -78 [da:1d:1d:61:02:3c]
RSSI: -81 [da:1d:1d:70:02:6c]
RSSI: -80 [da:1d:1d:70:02:6c]
RSSI: -78 [da:1d:1d:70:02:6c]
RSSI: -78 [da:1d:1d:70:02:6c]
RSSI: -79 [da:1d:1d:7d:02:9c]
RSSI: -86 [da:15:95:41:13:6b]
RSSI: -89 [da:17:79:40:10:6a]
RSSI: -88 [da:15:95:4e:13:9b]
RSSI: -89 [da:15:95:4e:13:9b]
RSSI: -77 [da:1d:1d:8b:02:bc]
RSSI: -85 [da:15:95:5b:13:bb]
RSSI: -88 [da:17:79:4c:10:8a]
RSSI: -87 [da:15:95:5b:13:bb]
RSSI: -77 [da:1d:1d:99:02:ec]
RSSI: -87 [da:17:79:5c:10:ba]
RSSI: -89 [da:15:95:67:13:db]
RSSI: -87 [da:17:79:6c:10:ea]
RSSI: -96 [da:15:95:74:14:0b]
RSSI: -87 [da:17:79:6c:10:ea]
RSSI: -88 [da:17:79:6c:10:ea]
RSSI: -84 [da:1d:1d:b5:03:4c]
RSSI: -87 [da:17:79:79:11:0a]
RSSI: -83 [da:1d:1d:c3:03:7c]
RSSI: -87 [da:17:79:99:11:6a]
RSSI: -86 [da:17:79:99:11:6a]
RSSI: -83 [da:1d:1d:de:03:cc]
RSSI: -88 [da:17:79:a5:11:8a]
RSSI: -91 [da:15:95:b4:14:bb]
RSSI: -88 [da:17:79:a5:11:8a]
RSSI: -88 [da:15:95:c0:14:db]
RSSI: -89 [da:17:79:c5:11:da]
RSSI: -91 [da:17:79:c5:11:da]
RSSI: -87 [da:15:95:cd:15:0b]
RSSI: -89 [da:1d:1e:08:04:4c]
RSSI: -80 [da:1d:1e:16:04:7c]
RSSI: -88 [da:15:95:e6:15:4b]
RSSI: -80 [da:1d:1e:23:04:9c]
RSSI: -79 [da:1d:1e:31:04:cc]
RSSI: -90 [da:15:95:f3:15:7b]
RSSI: -86 [da:15:96:00:15:9b]
RSSI: -80 [da:1d:1e:40:04:fc]
RSSI: -88 [da:15:96:0d:15:cb]
RSSI: -79 [da:1d:1e:4c:05:1c]
RSSI: -80 [da:1d:1e:4c:05:1c]
RSSI: -86 [da:15:96:19:15:eb]
RSSI: -87 [da:15:96:26:16:0b]
RSSI: -79 [da:1d:1e:5b:05:4c]
RSSI: -91 [da:17:7a:1e:12:da]
RSSI: -79 [da:1d:1e:69:05:7c]
RSSI: -78 [da:1d:1e:69:05:7c]
RSSI: -85 [da:15:96:33:16:3b]
RSSI: -78 [da:1d:1e:69:05:7c]
RSSI: -80 [da:1d:1e:76:05:ac]
RSSI: -83 [da:15:96:40:16:5b]
RSSI: -83 [da:15:96:40:16:5b]
RSSI: -89 [da:15:96:4c:00:0b]
RSSI: -80 [da:1d:1e:85:05:dc]
RSSI: -88 [da:15:96:4c:00:0b]
RSSI: -81 [da:1d:1e:93:05:fc]
RSSI: -84 [da:15:96:59:00:2b]
RSSI: -82 [da:15:96:66:00:4b]
RSSI: -83 [da:1d:1e:a0:06:2c]
RSSI: -83 [da:15:96:66:00:4b]
RSSI: -81 [da:1d:1e:a0:06:2c]
RSSI: -84 [da:15:96:73:00:7b]
RSSI: -80 [da:1d:1e:ae:06:5c]
RSSI: -85 [da:15:96:73:00:7b]
RSSI: -90 [da:1d:1e:ae:06:5c]
RSSI: -81 [da:1d:1e:bd:06:8c]
RSSI: -81 [da:15:96:7f:00:9b]
RSSI: -80 [da:1d:1e:bd:06:8c]
RSSI: -80 [da:15:96:8c:00:bb]
RSSI: -82 [da:1d:1e:c9:06:ac]
RSSI: -80 [da:15:96:99:00:eb]
RSSI: -78 [da:15:96:a5:01:0b]
RSSI: -83 [da:1d:1e:e6:07:0c]
RSSI: -77 [da:15:96:b2:01:2b]
RSSI: -77 [da:15:96:b2:01:2b]
RSSI: -76 [da:15:96:bf:01:5b]
RSSI: -88 [da:1d:1f:02:07:6c]
RSSI: -86 [da:1d:1f:02:07:6c]
RSSI: -76 [da:15:96:cc:01:7b]
RSSI: -81 [da:1d:1f:10:07:9c]
RSSI: -74 [da:15:96:d9:01:ab]
RSSI: -87 [da:1d:1f:1d:07:bc]
RSSI: -73 [da:15:96:e5:01:cb]
RSSI: -74 [da:15:96:ff:02:1b]
RSSI: -79 [da:1d:1f:3a:08:1c]
RSSI: -74 [da:15:96:ff:02:1b]
RSSI: -83 [da:1d:1f:47:08:4c]
RSSI: -72 [da:15:97:0c:02:3b]
RSSI: -82 [da:1d:1f:47:08:4c]
RSSI: -74 [da:15:97:18:02:5b]
RSSI: -80 [da:1d:1f:55:08:7c]
RSSI: -83 [da:1d:1f:55:08:7c]
RSSI: -75 [da:15:97:25:02:8b]
RSSI: -87 [da:1d:1f:64:08:9c]
RSSI: -75 [da:15:97:25:02:8b]
RSSI: -74 [da:15:97:25:02:8b]
RSSI: -83 [da:1d:1f:64:08:9c]
RSSI: -73 [da:15:97:32:02:ab]
RSSI: -85 [da:1d:1f:70:08:cc]
RSSI: -75 [da:15:97:3e:02:db]
RSSI: -86 [da:1d:1f:7f:08:fc]
RSSI: -75 [da:15:97:4b:02:fb]
RSSI: -75 [da:15:97:4b:02:fb]
RSSI: -81 [da:1d:1f:8d:09:2c]
RSSI: -74 [da:15:97:58:03:1b]
RSSI: -87 [da:1d:1f:9a:09:4c]
RSSI: -86 [da:15:97:65:03:4b]
RSSI: -81 [da:1d:1f:9a:09:4c]
RSSI: -76 [da:15:97:72:03:6b]
RSSI: -75 [da:15:97:72:03:6b]
RSSI: -84 [da:1d:1f:b7:09:ac]
RSSI: -78 [da:15:97:7e:03:9b]
RSSI: -87 [da:1d:1f:c4:09:dc]
RSSI: -78 [da:15:97:8b:03:bb]
RSSI: -86 [da:1d:1f:c4:09:dc]
RSSI: -98 [da:1a:84:9e:13:0e]
RSSI: -79 [da:15:97:98:03:db]
RSSI: -83 [da:1d:1f:d2:0a:0c]
RSSI: -79 [da:15:97:98:03:db]
RSSI: -82 [da:1d:1f:d2:0a:0c]
RSSI: -82 [da:15:97:a5:04:0b]
RSSI: -87 [da:1d:1f:e1:0a:3c]
RSSI: -81 [da:1d:1f:ee:0a:5c]
RSSI: -84 [da:1d:1f:ee:0a:5c]
RSSI: -84 [da:15:97:be:04:5b]
RSSI: -85 [da:1d:1f:fc:0a:8c]
RSSI: -84 [da:15:97:be:04:5b]
RSSI: -85 [da:1d:1f:fc:0a:8c]
RSSI: -83 [da:15:97:d8:04:9b]
RSSI: -83 [da:15:97:e5:04:cb]
RSSI: -82 [da:15:97:e5:04:cb]
RSSI: -85 [da:1d:20:26:0b:1c]
RSSI: -82 [da:15:97:f2:04:eb]
RSSI: -84 [da:1d:20:35:0b:4c]
RSSI: -85 [da:1d:20:41:0b:6c]
RSSI: -81 [da:15:98:0b:05:3b]
RSSI: -87 [da:1d:20:50:0b:9c]
RSSI: -84 [da:15:98:18:05:5b]
RSSI: -87 [da:1d:20:50:0b:9c]
RSSI: -83 [da:1d:20:5e:0b:cc]
RSSI: -81 [da:15:98:25:05:7b]
RSSI: -83 [da:1d:20:5e:0b:cc]
RSSI: -91 [da:17:7c:24:02:4a]
RSSI: -82 [da:1d:20:7a:0c:2c]
RSSI: -89 [da:17:7c:34:02:7a]
RSSI: -83 [da:1d:20:7a:0c:2c]
RSSI: -81 [da:15:98:4b:05:eb]
RSSI: -80 [da:1d:20:88:0c:4c]
RSSI: -83 [da:15:98:58:06:1b]
RSSI: -84 [da:15:98:58:06:1b]
RSSI: -83 [da:15:98:65:06:3b]
RSSI: -84 [da:1d:20:a4:0c:ac]
RSSI: -83 [da:15:98:71:06:6b]
RSSI: -87 [da:1d:20:b2:0c:dc]
RSSI: -82 [da:15:98:7e:06:8b]
RSSI: -82 [da:15:98:7e:06:8b]
RSSI: -83 [da:15:98:8b:06:ab]
RSSI: -82 [da:1d:20:cd:0d:2c]
RSSI: -92 [da:17:7c:8d:03:6a]
RSSI: -83 [da:15:98:98:06:db]
RSSI: -83 [da:1d:20:cd:0d:2c]
RSSI: -85 [da:1d:20:dc:0d:5c]
RSSI: -81 [da:15:98:a5:06:fb]
RSSI: -85 [da:1d:20:e9:0d:8c]
RSSI: -83 [da:15:98:b2:07:2b]
RSSI: -81 [da:1d:20:f7:0d:bc]
RSSI: -80 [da:1d:20:f7:0d:bc]
RSSI: -82 [da:15:98:cb:07:6b]
RSSI: -76 [da:1d:21:06:0d:ec]
RSSI: -81 [da:15:98:cb:07:6b]
RSSI: -92 [da:17:7c:c6:04:0a]
RSSI: -77 [da:1d:21:13:0e:0c]
RSSI: -84 [da:15:98:d8:07:9b]
RSSI: -76 [da:1d:21:13:0e:0c]
RSSI: -76 [da:1d:21:13:0e:0c]
RSSI: -93 [da:17:7c:d7:04:3a]
RSSI: -74 [da:1d:21:21:0e:3c]
RSSI: -78 [da:1d:21:30:0e:6c]
RSSI: -90 [da:15:98:ff:08:0b]
RSSI: -88 [da:1d:21:3c:0e:9c]
RSSI: -76 [da:1d:21:4b:0e:cc]
RSSI: -87 [da:15:99:18:08:5b]
RSSI: -85 [da:15:99:18:08:5b]
RSSI: -85 [da:15:99:18:08:5b]
RSSI: -79 [da:1d:21:5a:0e:ec]
RSSI: -74 [da:1d:21:66:0f:1c]
RSSI: -85 [da:15:99:32:08:9b]
RSSI: -73 [da:1d:21:66:0f:1c]
RSSI: -92 [da:17:7d:30:05:3a]
RSSI: -76 [da:1d:21:75:0f:4c]
RSSI: -86 [da:15:99:3f:08:cb]
RSSI: -70 [da:1d:21:75:0f:4c]
RSSI: -86 [da:15:99:3f:08:cb]
RSSI: -69 [da:1d:21:84:0f:7c]
RSSI: -70 [da:1d:21:84:0f:7c]
RSSI: -83 [da:15:99:4c:08:eb]
RSSI: -67 [da:1d:21:90:0f:9c]
RSSI: -87 [da:15:99:58:09:1b]
RSSI: -66 [da:1d:21:90:0f:9c]
RSSI: -86 [da:15:99:65:09:3b]
RSSI: -85 [da:15:99:65:09:3b]
RSSI: -90 [da:17:7d:5d:05:ba]
RSSI: -65 [da:1d:21:ae:0f:fc]
RSSI: -63 [da:1d:21:ba:10:2c]
RSSI: -64 [da:1d:21:ba:10:2c]
RSSI: -85 [da:15:99:8c:09:ab]
RSSI: -63 [da:1d:21:c9:10:5c]
RSSI: -85 [da:15:99:8c:09:ab]
RSSI: -62 [da:1d:21:c9:10:5c]
RSSI: -88 [da:17:7d:89:06:3a]
RSSI: -84 [da:15:99:99:09:db]
RSSI: -63 [da:1d:21:d8:10:7c]
RSSI: -85 [da:15:99:a5:09:fb]
RSSI: -64 [da:1d:21:e4:10:ac]
RSSI: -85 [da:15:99:b2:0a:1b]
RSSI: -90 [da:17:7d:a6:06:8a]
RSSI: -86 [da:15:99:b2:0a:1b]
RSSI: -63 [da:1d:21:f3:10:dc]
RSSI: -87 [da:17:7d:b6:06:ba]
RSSI: -85 [da:15:99:bf:0a:4b]
RSSI: -86 [da:17:7d:c6:06:ea]
RSSI: -63 [da:1d:22:02:11:0c]
RSSI: -85 [da:15:99:cc:0a:6b]
RSSI: -87 [da:17:7d:c6:06:ea]
RSSI: -66 [da:1d:22:0e:11:2c]
RSSI: -84 [da:15:99:d9:0a:9b]
RSSI: -64 [da:1d:22:0e:11:2c]
RSSI: -86 [da:17:7d:d3:07:0a]
RSSI: -85 [da:15:99:d9:0a:9b]
RSSI: -86 [da:17:7d:d3:07:0a]
RSSI: -67 [da:1d:22:1d:11:5c]
RSSI: -85 [da:15:99:e6:0a:bb]
RSSI: -66 [da:1d:22:2c:11:8c]
RSSI: -87 [da:17:7d:f3:07:6a]
RSSI: -67 [da:1d:22:38:11:bc]
RSSI: -67 [da:1d:22:38:11:bc]
RSSI: -87 [da:15:9a:0c:0b:2b]
RSSI: -86 [da:17:7e:00:07:8a]
RSSI: -71 [da:1d:22:47:11:ec]
RSSI: -87 [da:15:9a:0c:0b:2b]
RSSI: -70 [da:1d:22:47:11:ec]
RSSI: -72 [da:1d:22:56:12:1c]
RSSI: -76 [da:1d:22:56:12:1c]
RSSI: -76 [da:1d:22:62:12:3c]
RSSI: -83 [da:17:7e:20:07:ea]
RSSI: -81 [da:17:7e:20:07:ea]
RSSI: -80 [da:17:7e:2c:08:0a]
RSSI: -78 [da:17:7e:3c:08:3a]
RSSI: -77 [da:17:7e:4c:08:6a]
RSSI: -75 [da:1d:22:8c:12:cc]
RSSI: -77 [da:17:7e:4c:08:6a]
RSSI: -88 [da:15:9a:5a:0c:1b]
RSSI: -75 [da:1d:22:9b:12:fc]
RSSI: -77 [da:17:7e:59:08:8a]
RSSI: -77 [da:17:7e:59:08:8a]
RSSI: -74 [da:1d:22:9b:12:fc]
RSSI: -76 [da:17:7e:59:08:8a]
RSSI: -73 [da:1d:22:aa:13:2c]
RSSI: -74 [da:1d:22:aa:13:2c]
RSSI: -76 [da:17:7e:69:08:ba]
RSSI: -76 [da:1d:22:b7:13:4c]
RSSI: -76 [da:17:7e:79:08:ea]
RSSI: -76 [da:17:7e:79:08:ea]
RSSI: -78 [da:1d:22:c5:13:7c]
RSSI: -75 [da:17:7e:86:09:0a]
RSSI: -80 [da:1d:22:d4:13:ac]
RSSI: -85 [da:1d:22:d4:13:ac]
RSSI: -75 [da:17:7e:96:09:3a]
RSSI: -84 [da:1d:22:e1:13:cc]
RSSI: -86 [da:1d:22:e1:13:cc]
RSSI: -76 [da:17:7e:a6:09:6a]
RSSI: -91 [da:15:9a:b4:0d:2b]
RSSI: -76 [da:17:7e:a6:09:6a]
RSSI: -85 [da:1d:22:ef:13:fc]
RSSI: -82 [da:1d:22:ef:13:fc]
RSSI: -81 [da:1d:22:fe:14:2c]
RSSI: -76 [da:17:7e:c3:09:ba]
RSSI: -77 [da:17:7e:c3:09:ba]
RSSI: -79 [da:1d:23:0b:14:5c]
RSSI: -77 [da:17:7e:d3:09:ea]
RSSI: -76 [da:17:7e:d3:09:ea]
RSSI: -85 [da:1d:23:19:14:8c]
RSSI: -79 [da:1d:23:19:14:8c]
RSSI: -78 [da:17:7e:e0:0a:0a]
RSSI: -81 [da:1d:23:28:14:bc]
RSSI: -78 [da:17:7e:e0:0a:0a]
RSSI: -82 [da:1d:23:35:14:dc]
RSSI: -78 [da:17:7e:f0:0a:3a]
RSSI: -82 [da:1d:23:35:14:dc]
RSSI: -80 [da:17:7e:f0:0a:3a]
RSSI: -78 [da:17:7f:00:0a:6a]
RSSI: -80 [da:17:7f:00:0a:6a]
RSSI: -83 [da:1d:23:44:15:0c]
RSSI: -79 [da:1d:23:52:15:3c]
RSSI: -80 [da:17:7f:0d:0a:9a]
RSSI: -82 [da:17:7f:1d:0a:ba]
RSSI: -90 [da:15:9b:28:0e:7b]
RSSI: -82 [da:17:7f:1d:0a:ba]
RSSI: -92 [da:15:9b:28:0e:7b]
RSSI: -88 [da:15:9b:35:0e:ab]
RSSI: -82 [da:1d:23:73:15:9c]
RSSI: -83 [da:1d:23:73:15:9c]
RSSI: -88 [da:1d:23:83:15:cc]
RSSI: -87 [da:15:9b:4e:0e:eb]
RSSI: -88 [da:1d:23:83:15:cc]
RSSI: -89 [da:17:7f:4a:0b:3a]
RSSI: -81 [da:1d:23:9f:16:2c]
RSSI: -86 [da:15:9b:69:0f:3b]
RSSI: -91 [da:17:7f:66:0b:8a]
RSSI: -82 [da:1d:23:ad:16:4c]
RSSI: -88 [da:15:9b:75:0f:6b]
RSSI: -85 [da:15:9b:82:0f:8b]
RSSI: -86 [da:1d:23:ba:16:7c]
RSSI: -92 [da:17:7f:77:0b:ba]
RSSI: -85 [da:15:9b:82:0f:8b]
RSSI: -82 [da:1d:23:ba:16:7c]
RSSI: -91 [da:17:7f:87:0b:ea]
RSSI: -86 [da:15:9b:8f:0f:ab]
RSSI: -84 [da:15:9b:8f:0f:ab]
RSSI: -85 [da:1d:23:c9:00:0c]
RSSI: -84 [da:15:9b:8f:0f:ab]
RSSI: -90 [da:17:7f:93:0c:1a]
RSSI: -83 [da:15:9b:a9:0f:fb]
RSSI: -83 [da:15:9b:a9:0f:fb]
RSSI: -95 [da:1a:88:be:08:4e]
RSSI: -83 [da:15:9b:b6:10:2b]
RSSI: -83 [da:15:9b:c3:10:4b]
RSSI: -83 [da:1d:24:02:00:bc]
RSSI: -83 [da:15:9b:c3:10:4b]
RSSI: -86 [da:1d:24:02:00:bc]
RSSI: -83 [da:15:9b:d0:10:6b]
RSSI: -84 [da:15:9b:dd:10:9b]
RSSI: -87 [da:1d:24:1d:01:0c]
RSSI: -86 [da:1d:24:1d:01:0c]
RSSI: -87 [da:1d:24:1d:01:0c]
RSSI: -87 [da:15:9b:e9:10:bb]
RSSI: -86 [da:15:9b:e9:10:bb]
RSSI: -84 [da:15:9b:f7:10:eb]
RSSI: -84 [da:15:9b:f7:10:eb]
RSSI: -83 [da:1d:24:39:01:6c]
RSSI: -84 [da:1d:24:39:01:6c]
RSSI: -84 [da:15:9c:04:11:0b]
RSSI: -85 [da:1d:24:48:01:8c]
RSSI: -85 [da:15:9c:10:11:2b]
RSSI: -85 [da:1d:24:48:01:8c]
RSSI: -88 [da:1d:24:56:01:bc]
RSSI: -86 [da:1d:24:63:01:ec]
RSSI: -84 [da:15:9c:2a:11:7b]
RSSI: -96 [da:1a:89:3c:09:ae]
RSSI: -83 [da:15:9c:37:11:ab]
RSSI: -77 [da:1d:24:72:02:1c]
RSSI: -84 [da:15:9c:44:11:cb]
RSSI: -78 [da:1d:24:81:02:4c]
RSSI: -85 [da:15:9c:51:11:fb]
RSSI: -78 [da:1d:24:8d:02:6c]
RSSI: -86 [da:15:9c:5e:12:1b]
RSSI: -83 [da:1d:24:9c:02:9c]
RSSI: -84 [da:15:9c:6b:12:3b]
RSSI: -81 [da:1d:24:ab:02:cc]
RSSI: -82 [da:1d:24:ab:02:cc]
RSSI: -84 [da:15:9c:78:12:6b]
RSSI: -88 [da:1d:24:b7:02:fc]
RSSI: -82 [da:15:9c:85:12:8b]
RSSI: -88 [da:1d:24:c6:03:2c]
RSSI: -82 [da:15:9c:92:12:bb]
RSSI: -81 [da:1d:24:d5:03:5c]
RSSI: -82 [da:1d:24:e2:03:7c]
RSSI: -84 [da:15:9c:ac:12:fb]
RSSI: -86 [da:15:9c:b9:13:2b]
RSSI: -91 [da:17:80:ba:0f:5a]
RSSI: -83 [da:15:9c:c6:13:4b]
RSSI: -86 [da:15:9c:d3:13:6b]
RSSI: -86 [da:1d:25:1b:04:2c]
RSSI: -92 [da:1a:89:f3:0b:ce]
RSSI: -86 [da:1d:25:2a:04:5c]
RSSI: -88 [da:15:9c:ed:13:bb]
RSSI: -86 [da:1d:25:2a:04:5c]
RSSI: -91 [da:17:80:ed:0f:ea]
RSSI: -89 [da:15:9c:fa:13:eb]
RSSI: -87 [da:1d:25:36:04:8c]
RSSI: -91 [da:17:80:f9:10:1a]
RSSI: -84 [da:1d:25:54:04:dc]
RSSI: -90 [da:17:81:13:10:5a]
RSSI: -89 [da:17:81:13:10:5a]
RSSI: -84 [da:1d:25:61:05:0c]
RSSI: -84 [da:1d:25:61:05:0c]
RSSI: -85 [da:1d:25:61:05:0c]
RSSI: -87 [da:1a:8a:42:0c:ae]
RSSI: -90 [da:17:81:2c:10:aa]
RSSI: -90 [da:17:81:39:10:ca]
RSSI: -85 [da:1d:25:7e:05:6c]
RSSI: -86 [da:1d:25:9a:05:cc]
RSSI: -86 [da:1d:25:a9:05:fc]
RSSI: -90 [da:17:81:78:11:7a]
RSSI: -91 [da:15:9d:7c:15:6b]
RSSI: -86 [da:1d:25:b6:06:1c]
RSSI: -90 [da:17:81:78:11:7a]
RSSI: -90 [da:17:81:78:11:7a]
RSSI: -91 [da:15:9d:89:15:8b]
RSSI: -90 [da:17:81:85:11:9a]
RSSI: -86 [da:1a:8a:9f:0d:be]
RSSI: -90 [da:17:81:92:11:ca]
RSSI: -83 [da:1d:25:e0:06:ac]
RSSI: -91 [da:15:9d:b0:15:fb]
RSSI: -89 [da:1d:25:ef:06:cc]
RSSI: -89 [da:15:9d:d7:16:7b]
RSSI: -93 [da:1a:8a:ee:0e:ae]
RSSI: -93 [da:17:81:eb:12:ba]
RSSI: -86 [da:1d:26:35:07:ac]
RSSI: -83 [da:1d:26:35:07:ac]
RSSI: -95 [da:1a:8b:23:0f:3e]
RSSI: -77 [da:1d:26:53:08:0c]
RSSI: -86 [da:15:9e:18:00:bb]
RSSI: -93 [da:17:82:11:13:2a]
RSSI: -78 [da:1d:26:5f:08:3c]
RSSI: -82 [da:15:9e:31:01:0b]
RSSI: -84 [da:1d:26:6e:08:6c]
RSSI: -82 [da:15:9e:31:01:0b]
RSSI: -78 [da:1d:26:6e:08:6c]
RSSI: -85 [da:1d:26:7d:08:9c]
RSSI: -77 [da:15:9e:4c:01:5b]
RSSI: -81 [da:1d:26:8a:08:bc]
RSSI: -77 [da:15:9e:59:01:7b]
RSSI: -75 [da:15:9e:59:01:7b]
RSSI: -79 [da:1d:26:99:08:ec]
RSSI: -75 [da:15:9e:66:01:ab]
RSSI: -75 [da:15:9e:66:01:ab]
RSSI: -81 [da:1d:26:a8:09:1c]
RSSI: -79 [da:1d:26:a8:09:1c]
RSSI: -75 [da:15:9e:73:01:cb]
RSSI: -82 [da:1d:26:b4:09:4c]
RSSI: -74 [da:15:9e:80:01:fb]
RSSI: -80 [da:1d:26:b4:09:4c]
RSSI: -73 [da:15:9e:80:01:fb]
RSSI: -80 [da:1d:26:c3:09:7c]
RSSI: -72 [da:15:9e:8d:02:1b]
RSSI: -74 [da:15:9e:8d:02:1b]
RSSI: -82 [da:1d:26:d2:09:ac]
RSSI: -73 [da:15:9e:9a:02:4b]
RSSI: -84 [da:1d:26:df:09:cc]
RSSI: -73 [da:15:9e:a7:02:6b]
RSSI: -84 [da:1d:26:df:09:cc]
RSSI: -73 [da:15:9e:a7:02:6b]
RSSI: -72 [da:15:9e:b4:02:8b]
RSSI: -73 [da:15:9e:b4:02:8b]
RSSI: -84 [da:1d:26:ee:09:fc]
RSSI: -72 [da:15:9e:c1:02:bb]
RSSI: -71 [da:15:9e:c1:02:bb]
RSSI: -73 [da:15:9e:ce:02:db]
RSSI: -87 [da:1d:27:09:0a:5c]
RSSI: -73 [da:15:9e:ce:02:db]
RSSI: -72 [da:15:9e:ce:02:db]
RSSI: -85 [da:1d:27:09:0a:5c]
RSSI: -72 [da:15:9e:ce:02:db]
RSSI: -72 [da:15:9e:db:03:0b]
RSSI: -74 [da:15:9e:db:03:0b]
RSSI: -87 [da:1d:27:18:0a:8c]
RSSI: -73 [da:15:9e:e8:03:2b]
RSSI: -72 [da:15:9e:e8:03:2b]
RSSI: -85 [da:1d:27:27:0a:bc]
RSSI: -74 [da:15:9e:f5:03:4b]
RSSI: -85 [da:1d:27:34:0a:dc]
RSSI: -74 [da:15:9f:02:03:7b]
RSSI: -74 [da:15:9f:02:03:7b]
RSSI: -75 [da:15:9f:0f:03:9b]
RSSI: -73 [da:15:9f:0f:03:9b]
RSSI: -75 [da:15:9f:1c:03:cb]
RSSI: -76 [da:15:9f:1c:03:cb]
RSSI: -86 [da:1d:27:5e:0b:6c]
RSSI: -76 [da:15:9f:29:03:eb]
RSSI: -77 [da:15:9f:37:04:1b]
RSSI: -76 [da:15:9f:37:04:1b]
RSSI: -82 [da:1d:27:6d:0b:9c]
RSSI: -77 [da:15:9f:37:04:1b]
RSSI: -87 [da:1d:27:7c:0b:cc]
RSSI: -78 [da:15:9f:43:04:3b]
RSSI: -82 [da:1d:27:7c:0b:cc]
RSSI: -78 [da:15:9f:43:04:3b]
RSSI: -83 [da:1d:27:89:0b:ec]
RSSI: -81 [da:15:9f:51:04:5b]
RSSI: -84 [da:15:9f:5e:04:8b]
RSSI: -79 [da:1d:27:98:0c:1c]
RSSI: -84 [da:15:9f:6a:04:ab]
RSSI: -81 [da:1d:27:a7:0c:4c]
RSSI: -82 [da:15:9f:78:04:db]
RSSI: -77 [da:1d:27:b3:0c:7c]
RSSI: -79 [da:1d:27:b3:0c:7c]
RSSI: -81 [da:15:9f:85:04:fb]
RSSI: -77 [da:1d:27:c2:0c:ac]
RSSI: -80 [da:15:9f:92:05:1b]
RSSI: -79 [da:1d:27:d1:0c:dc]
RSSI: -75 [da:1d:27:d1:0c:dc]
RSSI: -81 [da:15:9f:9f:05:4b]
RSSI: -80 [da:15:9f:9f:05:4b]
RSSI: -79 [da:1d:27:de:0c:fc]
RSSI: -79 [da:15:9f:ac:05:6b]
RSSI: -78 [da:1d:27:ed:0d:2c]
RSSI: -74 [da:1d:27:fc:0d:5c]
RSSI: -98 [da:1a:8c:ca:14:0e]
RSSI: -76 [da:1d:27:fc:0d:5c]
RSSI: -82 [da:15:9f:c6:05:bb]
RSSI: -82 [da:15:9f:c6:05:bb]
RSSI: -75 [da:1d:28:09:0d:8c]
RSSI: -82 [da:15:9f:d3:05:eb]
RSSI: -72 [da:1d:28:09:0d:8c]
RSSI: -85 [da:15:9f:d3:05:eb]
RSSI: -83 [da:15:9f:e0:06:0b]
RSSI: -73 [da:1d:28:18:0d:bc]
RSSI: -84 [da:15:9f:e0:06:0b]
RSSI: -84 [da:15:9f:ed:06:3b]
RSSI: -71 [da:1d:28:33:0e:1c]
RSSI: -79 [da:1d:28:33:0e:1c]
RSSI: -83 [da:15:a0:07:06:8b]
RSSI: -78 [da:1d:28:42:0e:4c]
RSSI: -73 [da:1d:28:42:0e:4c]
RSSI: -84 [da:15:a0:15:06:ab]
RSSI: -87 [da:1d:28:51:0e:7c]
RSSI: -84 [da:15:a0:15:06:ab]
RSSI: -90 [da:1d:28:51:0e:7c]
RSSI: -83 [da:15:a0:15:06:ab]
RSSI: -82 [da:15:a0:22:06:db]
RSSI: -84 [da:1d:28:5e:0e:9c]
RSSI: -82 [da:1d:28:5e:0e:9c]
RSSI: -84 [da:15:a0:2e:06:fb]
RSSI: -80 [da:1d:28:6d:0e:cc]
RSSI: -83 [da:15:a0:2e:06:fb]
RSSI: -75 [da:1d:28:6d:0e:cc]
RSSI: -85 [da:15:a0:3c:07:2b]
RSSI: -72 [da:1d:28:7c:0e:fc]
RSSI: -85 [da:15:a0:3c:07:2b]
RSSI: -71 [da:1d:28:7c:0e:fc]
RSSI: -85 [da:15:a0:49:07:4b]
RSSI: -71 [da:1d:28:88:0f:2c]
RSSI: -85 [da:15:a0:49:07:4b]
RSSI: -69 [da:1d:28:88:0f:2c]
RSSI: -85 [da:15:a0:56:07:6b]
RSSI: -69 [da:1d:28:97:0f:5c]
RSSI: -85 [da:15:a0:63:07:9b]
RSSI: -69 [da:1d:28:97:0f:5c]
RSSI: -86 [da:15:a0:63:07:9b]
RSSI: -66 [da:1d:28:a6:0f:8c]
RSSI: -84 [da:15:a0:70:07:bb]
RSSI: -65 [da:1d:28:b3:0f:ac]
RSSI: -65 [da:1d:28:b3:0f:ac]
RSSI: -66 [da:1d:28:b3:0f:ac]
RSSI: -67 [da:1d:28:c2:0f:dc]
RSSI: -88 [da:15:a0:8a:08:0b]
RSSI: -65 [da:1d:28:c2:0f:dc]
RSSI: -66 [da:1d:28:d1:10:0c]
RSSI: -86 [da:15:a0:98:08:3b]
RSSI: -66 [da:1d:28:d1:10:0c]
RSSI: -64 [da:1d:28:ed:10:6c]
RSSI: -85 [da:15:a0:b2:08:7b]
RSSI: -64 [da:1d:28:ed:10:6c]
RSSI: -83 [da:15:a0:bf:08:ab]
RSSI: -64 [da:1d:28:fc:10:9c]
RSSI: -83 [da:15:a0:cc:08:cb]
RSSI: -66 [da:1d:29:08:10:bc]
RSSI: -94 [da:17:84:d0:04:da]
RSSI: -83 [da:15:a0:d9:08:fb]
RSSI: -64 [da:1d:29:18:10:ec]
RSSI: -84 [da:15:a0:e6:09:1b]
RSSI: -65 [da:1d:29:26:11:1c]
RSSI: -83 [da:15:a0:f3:09:4b]
RSSI: -85 [da:15:a0:f3:09:4b]
RSSI: -68 [da:1d:29:33:11:4c]
RSSI: -86 [da:15:a1:00:09:6b]
RSSI: -67 [da:1d:29:33:11:4c]
RSSI: -82 [da:15:a1:00:09:6b]
RSSI: -70 [da:1d:29:42:11:7c]
RSSI: -86 [da:15:a1:0e:09:9b]
RSSI: -68 [da:1d:29:51:11:ac]
RSSI: -81 [da:15:a1:1a:09:bb]
RSSI: -70 [da:1d:29:51:11:ac]
RSSI: -85 [da:15:a1:1a:09:bb]
RSSI: -72 [da:1d:29:5e:11:cc]
RSSI: -84 [da:15:a1:28:09:eb]
RSSI: -87 [da:15:a1:35:0a:0b]
RSSI: -91 [da:17:85:2a:05:da]
RSSI: -87 [da:15:a1:35:0a:0b]
RSSI: -90 [da:15:a1:35:0a:0b]
RSSI: -78 [da:1d:29:6d:11:fc]
RSSI: -87 [da:1d:29:7c:12:2c]
RSSI: -89 [da:15:a1:42:0a:2b]
RSSI: -96 [da:15:a1:42:0a:2b]
RSSI: -86 [da:1d:29:89:12:4c]
RSSI: -78 [da:1d:29:89:12:4c]
RSSI: -80 [da:1d:29:98:12:7c]
RSSI: -80 [da:1d:29:a7:12:ac]
RSSI: -79 [da:1d:29:a7:12:ac]
RSSI: -91 [da:17:85:6a:06:8a]
RSSI: -76 [da:1d:29:b3:12:dc]
RSSI: -79 [da:1d:29:b3:12:dc]
RSSI: -92 [da:17:85:77:06:aa]
RSSI: -77 [da:1d:29:c2:13:0c]
RSSI: -78 [da:1d:29:c2:13:0c]
RSSI: -89 [da:15:a1:8c:0b:0b]
RSSI: -79 [da:1d:29:c2:13:0c]
RSSI: -82 [da:1d:29:d1:13:3c]
RSSI: -81 [da:1d:29:d1:13:3c]
RSSI: -88 [da:15:a1:99:0b:3b]
RSSI: -86 [da:1d:29:de:13:5c]
RSSI: -88 [da:15:a1:a6:0b:5b]
RSSI: -87 [da:15:a1:b3:0b:7b]
RSSI: -85 [da:1d:29:ed:13:8c]
RSSI: -89 [da:15:a1:c0:0b:ab]
RSSI: -90 [da:15:a1:c0:0b:ab]
RSSI: -86 [da:15:a1:c0:0b:ab]
RSSI: -86 [da:1d:2a:18:14:1c]
RSSI: -81 [da:1d:2a:18:14:1c]
RSSI: -90 [da:17:85:de:07:da]
RSSI: -87 [da:15:a1:e8:0c:1b]
RSSI: -83 [da:1d:2a:27:14:4c]
RSSI: -89 [da:17:85:eb:07:fa]
RSSI: -89 [da:17:85:eb:07:fa]
RSSI: -91 [da:15:a1:f5:0c:4b]
RSSI: -81 [da:1d:2a:34:14:6c]
RSSI: -83 [da:1d:2a:34:14:6c]
RSSI: -88 [da:17:85:f8:08:1a]
RSSI: -85 [da:1d:2a:43:14:9c]
RSSI: -89 [da:15:a2:1d:0c:bb]
RSSI: -82 [da:1d:2a:5f:14:fc]
RSSI: -81 [da:1d:2a:5f:14:fc]
RSSI: -85 [da:1d:2a:5f:14:fc]
RSSI: -89 [da:15:a2:2a:0c:db]
RSSI: -80 [da:1d:2a:6e:15:2c]
RSSI: -84 [da:1d:2a:7d:15:5c]
RSSI: -84 [da:1d:2a:7d:15:5c]
RSSI: -85 [da:17:86:45:08:fa]
RSSI: -89 [da:17:86:51:09:1a]
RSSI: -86 [da:1d:2a:99:15:ac]
RSSI: -88 [da:17:86:5f:09:4a]
RSSI: -89 [da:1d:2a:a8:15:dc]
RSSI: -85 [da:17:86:6b:09:6a]
RSSI: -87 [da:1d:2a:b5:16:0c]
RSSI: -84 [da:1d:2a:b5:16:0c]
RSSI: -87 [da:17:86:78:09:8a]
RSSI: -83 [da:1d:2a:c4:16:3c]
RSSI: -88 [da:17:86:85:09:aa]
RSSI: -85 [da:17:86:92:09:da]
RSSI: -82 [da:1d:2a:d3:16:6c]
RSSI: -84 [da:17:86:92:09:da]
RSSI: -85 [da:17:86:92:09:da]
RSSI: -81 [da:1d:2a:df:00:2c]
RSSI: -84 [da:17:86:9f:09:fa]
RSSI: -82 [da:1d:2a:df:00:2c]
RSSI: -84 [da:17:86:b9:0a:4a]
RSSI: -86 [da:17:86:b9:0a:4a]
RSSI: -87 [da:1d:2b:0a:00:ac]
RSSI: -92 [da:15:a2:d5:0e:db]
RSSI: -84 [da:17:86:d3:0a:8a]
RSSI: -87 [da:15:a2:d5:0e:db]
RSSI: -91 [da:1d:2b:19:00:dc]
RSSI: -86 [da:17:86:d3:0a:8a]
RSSI: -86 [da:15:a2:e2:0f:0b]
RSSI: -89 [da:1d:2b:19:00:dc]
RSSI: -85 [da:1d:2b:19:00:dc]
RSSI: -86 [da:17:86:e0:0a:ba]
RSSI: -85 [da:15:a2:f0:0f:2b]
RSSI: -84 [da:1d:2b:29:01:0c]
RSSI: -87 [da:17:86:ec:0a:da]
RSSI: -88 [da:17:86:ec:0a:da]
RSSI: -85 [da:1d:2b:35:01:3c]
RSSI: -87 [da:17:86:f9:0a:fa]
RSSI: -90 [da:15:a3:0a:0f:7b]
RSSI: -89 [da:17:87:06:0b:2a]
RSSI: -82 [da:1d:2b:44:01:6c]
RSSI: -88 [da:15:a3:17:0f:ab]
RSSI: -83 [da:1d:2b:53:01:9c]
RSSI: -85 [da:15:a3:17:0f:ab]
RSSI: -87 [da:15:a3:24:0f:cb]
RSSI: -84 [da:15:a3:31:0f:eb]
RSSI: -92 [da:1d:2b:6f:01:fc]
RSSI: -86 [da:15:a3:3f:10:1b]
RSSI: -83 [da:1d:2b:7e:02:2c]
RSSI: -80 [da:1d:2b:7e:02:2c]
RSSI: -85 [da:15:a3:4b:10:3b]
RSSI: -84 [da:15:a3:4b:10:3b]
RSSI: -82 [da:1d:2b:8b:02:4c]
RSSI: -85 [da:15:a3:59:10:6b]
RSSI: -84 [da:15:a3:59:10:6b]
RSSI: -87 [da:1d:2b:9a:02:7c]
RSSI: -82 [da:1d:2b:9a:02:7c]
RSSI: -83 [da:15:a3:66:10:8b]
RSSI: -82 [da:1d:2b:9a:02:7c]
RSSI: -92 [da:17:87:60:0c:2a]
RSSI: -80 [da:1d:2b:a9:02:ac]
RSSI: -87 [da:1d:2b:a9:02:ac]
RSSI: -83 [da:15:a3:73:10:bb]
RSSI: -82 [da:1d:2b:b6:02:cc]
RSSI: -87 [da:15:a3:81:10:db]
RSSI: -92 [da:17:87:7b:0c:7a]
RSSI: -83 [da:15:a3:81:10:db]
RSSI: -84 [da:15:a3:8e:11:0b]
RSSI: -85 [da:1d:2b:c5:02:fc]
RSSI: -86 [da:15:a3:8e:11:0b]
RSSI: -82 [da:15:a3:9b:11:2b]
RSSI: -83 [da:15:a3:9b:11:2b]
RSSI: -83 [da:15:a3:9b:11:2b]
RSSI: -87 [da:1d:2b:e1:03:5c]
RSSI: -84 [da:15:a3:a8:11:5b]
RSSI: -82 [da:15:a3:a8:11:5b]
RSSI: -85 [da:15:a3:b6:11:7b]
RSSI: -84 [da:1d:2b:f0:03:8c]
RSSI: -82 [da:15:a3:b6:11:7b]
RSSI: -83 [da:15:a3:c2:11:ab]
RSSI: -88 [da:1d:2b:ff:03:bc]
RSSI: -87 [da:15:a3:c2:11:ab]
RSSI: -84 [da:15:a3:d0:11:cb]
RSSI: -86 [da:15:a3:dd:11:fb]
RSSI: -85 [da:15:a3:dd:11:fb]
RSSI: -88 [da:15:a3:ea:12:1b]
RSSI: -84 [da:15:a3:ea:12:1b]
RSSI: -84 [da:15:a3:ea:12:1b]
RSSI: -83 [da:1d:2c:2a:04:3c]
RSSI: -87 [da:15:a3:f8:12:3b]
RSSI: -83 [da:15:a4:05:12:6b]
RSSI: -83 [da:15:a4:12:12:8b]
RSSI: -83 [da:1d:2c:46:04:9c]
RSSI: -80 [da:1d:2c:55:04:cc]
RSSI: -85 [da:1d:2c:55:04:cc]
RSSI: -81 [da:15:a4:1f:12:bb]
RSSI: -82 [da:1d:2c:62:04:ec]
RSSI: -83 [da:15:a4:2d:12:db]
RSSI: -80 [da:1d:2c:62:04:ec]
RSSI: -82 [da:1d:2c:71:05:1c]
RSSI: -81 [da:15:a4:39:12:fb]
RSSI: -85 [da:1d:2c:80:05:4c]
RSSI: -82 [da:15:a4:47:13:2b]
RSSI: -85 [da:1d:2c:80:05:4c]
RSSI: -83 [da:15:a4:47:13:2b]
RSSI: -81 [da:15:a4:54:13:4b]
RSSI: -83 [da:1d:2c:8d:05:7c]
RSSI: -83 [da:15:a4:54:13:4b]
RSSI: -85 [da:1d:2c:8d:05:7c]
RSSI: -86 [da:15:a4:61:13:7b]
RSSI: -93 [da:17:88:56:0e:ea]
RSSI: -85 [da:1d:2c:9c:05:ac]
RSSI: -85 [da:15:a4:61:13:7b]
RSSI: -84 [da:15:a4:6f:13:9b]
RSSI: -87 [da:1d:2c:ab:05:dc]
RSSI: -83 [da:1d:2c:ab:05:dc]
RSSI: -88 [da:15:a4:7c:13:cb]
RSSI: -90 [da:1d:2c:b8:05:fc]
RSSI: -84 [da:15:a4:7c:13:cb]
RSSI: -87 [da:15:a4:89:13:eb]
RSSI: -87 [da:1d:2c:d7:06:5c]
RSSI: -84 [da:1d:2c:d7:06:5c]
RSSI: -91 [da:15:a4:b0:14:5b]
RSSI: -85 [da:1d:2d:02:06:ec]
RSSI: -91 [da:17:88:be:10:0a]
RSSI: -93 [da:17:88:d8:10:5a]
RSSI: -90 [da:17:88:d8:10:5a]
RSSI: -86 [da:15:a4:e6:14:fb]
RSSI: -86 [da:15:a4:f3:15:1b]
RSSI: -84 [da:1d:2d:2d:07:6c]
RSSI: -85 [da:15:a4:f3:15:1b]
RSSI: -85 [da:15:a5:0e:15:6b]
RSSI: -81 [da:1d:2d:49:07:cc]
RSSI: -86 [da:15:a5:1b:15:9b]
RSSI: -86 [da:15:a5:1b:15:9b]
RSSI: -82 [da:1d:2d:58:07:fc]
RSSI: -84 [da:15:a5:1b:15:9b]
RSSI: -84 [da:15:a5:28:15:bb]
RSSI: -87 [da:1d:2d:64:08:1c]
RSSI: -89 [da:17:89:26:11:3a]
RSSI: -85 [da:15:a5:28:15:bb]
RSSI: -85 [da:1d:2d:64:08:1c]
RSSI: -89 [da:17:89:26:11:3a]
RSSI: -83 [da:15:a5:36:15:eb]
RSSI: -84 [da:1d:2d:74:08:4c]
RSSI: -90 [da:17:89:33:11:5a]
RSSI: -83 [da:15:a5:43:16:0b]
RSSI: -89 [da:17:89:40:11:8a]
RSSI: -83 [da:15:a5:43:16:0b]
RSSI: -89 [da:17:89:40:11:8a]
RSSI: -82 [da:15:a5:50:16:3b]
RSSI: -89 [da:17:89:4d:11:aa]
RSSI: -88 [da:17:89:4d:11:aa]
RSSI: -86 [da:15:a5:5d:16:5b]
RSSI: -82 [da:15:a5:6b:00:0b]
RSSI: -83 [da:15:a5:6b:00:0b]
RSSI: -84 [da:1d:2d:9f:08:dc]
RSSI: -89 [da:17:89:67:11:fa]
RSSI: -82 [da:15:a5:6b:00:0b]
RSSI: -86 [da:1d:2d:ae:09:0c]
RSSI: -95 [da:17:89:67:11:fa]
RSSI: -85 [da:1d:2d:ae:09:0c]
RSSI: -81 [da:15:a5:78:00:2b]
RSSI: -91 [da:17:89:74:12:1a]
RSSI: -88 [da:1d:2d:bb:09:3c]
RSSI: -83 [da:1d:2d:bb:09:3c]
RSSI: -84 [da:15:a5:85:00:4b]
RSSI: -93 [da:17:89:81:12:3a]
RSSI: -81 [da:15:a5:93:00:7b]
RSSI: -93 [da:17:89:9b:12:8a]
RSSI: -80 [da:15:a5:9f:00:9b]
RSSI: -89 [da:1d:2d:d9:09:9c]
RSSI: -79 [da:15:a5:9f:00:9b]
RSSI: -89 [da:1d:2d:e6:09:bc]
RSSI: -86 [da:1d:2d:e6:09:bc]
RSSI: -78 [da:15:a5:bb:00:eb]
RSSI: -84 [da:1d:2d:f5:09:fc]
RSSI: -81 [da:1d:2d:f5:09:fc]
RSSI: -77 [da:15:a5:c7:01:1b]
RSSI: -88 [da:1d:2e:04:0a:2c]
RSSI: -76 [da:15:a5:c7:01:1b]
RSSI: -77 [da:15:a5:c7:01:1b]
RSSI: -86 [da:1d:2e:04:0a:2c]
RSSI: -76 [da:15:a5:c7:01:1b]
RSSI: -76 [da:15:a5:d5:01:3b]
RSSI: -75 [da:15:a5:d5:01:3b]
RSSI: -74 [da:15:a5:e2:01:6b]
RSSI: -75 [da:15:a5:e2:01:6b]
RSSI: -84 [da:1d:2e:20:0a:7c]
RSSI: -92 [da:1d:2e:30:0a:ac]
RSSI: -73 [da:15:a5:ef:01:8b]
RSSI: -85 [da:1d:2e:30:0a:ac]
RSSI: -73 [da:15:a5:fd:01:bb]
RSSI: -83 [da:1d:2e:3c:0a:dc]
RSSI: -86 [da:1d:2e:3c:0a:dc]
RSSI: -74 [da:15:a6:0a:01:db]
RSSI: -73 [da:15:a6:0a:01:db]
RSSI: -84 [da:1d:2e:4c:0b:0c]
RSSI: -72 [da:15:a6:17:02:0b]
RSSI: -89 [da:1d:2e:4c:0b:0c]
RSSI: -72 [da:15:a6:17:02:0b]
RSSI: -73 [da:15:a6:25:02:2b]
RSSI: -73 [da:15:a6:25:02:2b]
RSSI: -86 [da:1d:2e:67:0b:5c]
RSSI: -88 [da:1d:2e:67:0b:5c]
RSSI: -81 [da:1d:2e:77:0b:9c]
RSSI: -73 [da:15:a6:3f:02:7b]
RSSI: -74 [da:15:a6:4d:02:ab]
RSSI: -73 [da:15:a6:4d:02:ab]
RSSI: -71 [da:15:a6:5a:02:cb]
RSSI: -74 [da:15:a6:5a:02:cb]
RSSI: -81 [da:1d:2e:93:0b:ec]
RSSI: -73 [da:15:a6:67:02:eb]
RSSI: -80 [da:1d:2e:a2:0c:1c]
RSSI: -70 [da:15:a6:67:02:eb]
RSSI: -75 [da:15:a6:75:03:1b]
RSSI: -82 [da:1d:2e:b1:0c:4c]
RSSI: -74 [da:15:a6:75:03:1b]
RSSI: -81 [da:1d:2e:b1:0c:4c]
RSSI: -73 [da:15:a6:75:03:1b]
RSSI: -71 [da:15:a6:82:03:3b]
RSSI: -82 [da:1d:2e:be:0c:7c]
RSSI: -83 [da:1d:2e:be:0c:7c]
RSSI: -79 [da:1d:2e:be:0c:7c]
RSSI: -74 [da:15:a6:8f:03:6b]
RSSI: -72 [da:15:a6:8f:03:6b]
RSSI: -83 [da:1d:2e:cd:0c:ac]
RSSI: -76 [da:15:a6:9c:03:8b]
RSSI: -79 [da:1d:2e:dc:0c:dc]
RSSI: -75 [da:15:a6:9c:03:8b]
RSSI: -82 [da:1d:2e:dc:0c:dc]
RSSI: -78 [da:15:a6:aa:03:bb]
RSSI: -84 [da:1d:2e:e9:0d:0c]
RSSI: -81 [da:1d:2e:e9:0d:0c]
RSSI: -74 [da:15:a6:b7:03:db]
RSSI: -85 [da:1d:2e:f8:0d:3c]
RSSI: -77 [da:15:a6:c4:04:0b]
RSSI: -87 [da:1d:2f:08:0d:6c]
RSSI: -89 [da:1d:2f:08:0d:6c]
RSSI: -79 [da:15:a6:d2:04:2b]
RSSI: -80 [da:1d:2f:14:0d:8c]
RSSI: -82 [da:1d:2f:14:0d:8c]
RSSI: -80 [da:15:a6:df:04:5b]
RSSI: -75 [da:1d:2f:24:0d:bc]
RSSI: -82 [da:15:a6:ec:04:7b]
RSSI: -82 [da:15:a6:fa:04:ab]
RSSI: -76 [da:1d:2f:33:0d:ec]
RSSI: -82 [da:15:a6:fa:04:ab]
RSSI: -74 [da:1d:2f:40:0e:1c]
RSSI: -81 [da:15:a7:14:04:fb]
RSSI: -75 [da:1d:2f:4f:0e:4c]
RSSI: -75 [da:1d:2f:4f:0e:4c]
RSSI: -81 [da:15:a7:14:04:fb]
RSSI: -75 [da:1d:2f:4f:0e:4c]
RSSI: -79 [da:15:a7:22:05:1b]
RSSI: -83 [da:1d:2f:5e:0e:7c]
RSSI: -79 [da:15:a7:22:05:1b]
RSSI: -80 [da:15:a7:22:05:1b]
RSSI: -85 [da:1d:2f:5e:0e:7c]
RSSI: -80 [da:15:a7:22:05:1b]
RSSI: -80 [da:15:a7:2f:05:4b]
RSSI: -79 [da:15:a7:2f:05:4b]
RSSI: -83 [da:1d:2f:6b:0e:9c]
RSSI: -79 [da:15:a7:2f:05:4b]
RSSI: -85 [da:1d:2f:6b:0e:9c]
RSSI: -79 [da:15:a7:3c:05:6b]
RSSI: -79 [da:15:a7:3c:05:6b]
RSSI: -81 [da:1d:2f:7a:0e:cc]
RSSI: -79 [da:15:a7:3c:05:6b]
RSSI: -73 [da:1d:2f:8a:0e:fc]
RSSI: -78 [da:15:a7:4a:05:9b]
RSSI: -74 [da:1d:2f:8a:0e:fc]
RSSI: -80 [da:15:a7:57:05:bb]
RSSI: -70 [da:1d:2f:96:0f:2c]
RSSI: -68 [da:1d:2f:96:0f:2c]
RSSI: -68 [da:1d:2f:96:0f:2c]
RSSI: -80 [da:15:a7:64:05:eb]
RSSI: -67 [da:1d:2f:a6:0f:5c]
RSSI: -82 [da:15:a7:72:06:0b]
RSSI: -65 [da:1d:2f:a6:0f:5c]
RSSI: -67 [da:1d:2f:b5:0f:8c]
RSSI: -65 [da:1d:2f:b5:0f:8c]
RSSI: -81 [da:15:a7:7f:06:3b]
RSSI: -64 [da:1d:2f:c2:0f:bc]
RSSI: -83 [da:15:a7:8c:06:5b]
RSSI: -65 [da:1d:2f:c2:0f:bc]
RSSI: -82 [da:15:a7:8c:06:5b]
RSSI: -63 [da:1d:2f:d1:0f:ec]
RSSI: -81 [da:15:a7:9a:06:8b]
RSSI: -63 [da:1d:2f:e0:10:1c]
RSSI: -81 [da:15:a7:a7:06:ab]
RSSI: -63 [da:1d:2f:e0:10:1c]
RSSI: -82 [da:15:a7:a7:06:ab]
RSSI: -63 [da:1d:2f:ed:10:3c]
RSSI: -80 [da:15:a7:b4:06:cb]
RSSI: -62 [da:1d:2f:ed:10:3c]
RSSI: -81 [da:15:a7:b4:06:cb]
RSSI: -83 [da:15:a7:c2:06:fb]
RSSI: -63 [da:1d:2f:fc:10:6c]
RSSI: -81 [da:15:a7:c2:06:fb]
RSSI: -81 [da:15:a7:cf:07:1b]
RSSI: -62 [da:1d:30:0c:10:9c]
RSSI: -83 [da:15:a7:cf:07:1b]
RSSI: -62 [da:1d:30:0c:10:9c]
RSSI: -81 [da:15:a7:dd:07:4b]
RSSI: -62 [da:1d:30:18:10:cc]
RSSI: -82 [da:15:a7:ea:07:6b]
RSSI: -80 [da:15:a7:ea:07:6b]
RSSI: -80 [da:15:a7:ea:07:6b]
RSSI: -64 [da:1d:30:28:10:fc]
RSSI: -64 [da:1d:30:28:10:fc]
RSSI: -64 [da:1d:30:28:10:fc]
RSSI: -82 [da:15:a7:f7:07:9b]
RSSI: -63 [da:1d:30:37:11:2c]
RSSI: -82 [da:15:a7:f7:07:9b]
RSSI: -65 [da:1d:30:37:11:2c]
RSSI: -81 [da:15:a8:05:07:bb]
RSSI: -81 [da:15:a8:05:07:bb]
RSSI: -65 [da:1d:30:44:11:5c]
RSSI: -83 [da:15:a8:12:07:eb]
RSSI: -67 [da:1d:30:53:11:8c]
RSSI: -68 [da:1d:30:53:11:8c]
RSSI: -69 [da:1d:30:63:11:bc]
RSSI: -70 [da:1d:30:63:11:bc]
RSSI: -84 [da:15:a8:2d:08:3b]
RSSI: -86 [da:15:a8:2d:08:3b]
RSSI: -75 [da:1d:30:6f:11:dc]
RSSI: -86 [da:15:a8:3a:08:5b]
RSSI: -83 [da:15:a8:3a:08:5b]
RSSI: -84 [da:15:a8:47:08:8b]
RSSI: -80 [da:1d:30:7f:12:0c]
RSSI: -84 [da:15:a8:47:08:8b]
RSSI: -84 [da:15:a8:55:08:ab]
RSSI: -84 [da:15:a8:55:08:ab]
RSSI: -84 [da:15:a8:63:08:db]
RSSI: -83 [da:15:a8:63:08:db]
RSSI: -83 [da:15:a8:6f:08:fb]
RSSI: -74 [da:1d:30:aa:12:9c]
RSSI: -83 [da:15:a8:6f:08:fb]
RSSI: -83 [da:15:a8:7d:09:2b]
RSSI: -74 [da:1d:30:b9:12:cc]
RSSI: -83 [da:15:a8:7d:09:2b]
RSSI: -83 [da:15:a8:8b:09:4b]
RSSI: -76 [da:1d:30:c6:12:ec]
RSSI: -75 [da:1d:30:c6:12:ec]
RSSI: -79 [da:15:a8:97:09:7b]
RSSI: -78 [da:1d:30:d6:13:2c]
RSSI: -81 [da:15:a8:a5:09:9b]
RSSI: -79 [da:1d:30:e5:13:5c]
RSSI: -83 [da:1d:30:e5:13:5c]
RSSI: -85 [da:1d:30:e5:13:5c]
RSSI: -83 [da:15:a8:b3:09:cb]
RSSI: -81 [da:15:a8:b3:09:cb]
RSSI: -80 [da:15:a8:bf:09:eb]
RSSI: -94 [da:17:8c:b7:05:0a]
RSSI: -84 [da:15:a8:bf:09:eb]
RSSI: -89 [da:1d:31:01:13:ac]
RSSI: -81 [da:15:a8:cd:0a:1b]
RSSI: -83 [da:1d:31:10:13:dc]
RSSI: -84 [da:15:a8:db:0a:3b]
RSSI: -88 [da:1d:31:1d:14:0c]
RSSI: -83 [da:15:a8:e8:0a:6b]
RSSI: -86 [da:15:a8:e8:0a:6b]
RSSI: -81 [da:1d:31:2c:14:3c]
RSSI: -85 [da:15:a8:f5:0a:8b]
RSSI: -86 [da:1d:31:2c:14:3c]
RSSI: -84 [da:15:a8:f5:0a:8b]
RSSI: -87 [da:15:a9:03:0a:bb]
RSSI: -82 [da:1d:31:3c:14:6c]
RSSI: -83 [da:15:a9:03:0a:bb]
RSSI: -82 [da:1d:31:3c:14:6c]
RSSI: -86 [da:1d:31:48:14:8c]
RSSI: -88 [da:1d:31:58:14:bc]
RSSI: -89 [da:15:a9:1e:0b:0b]
RSSI: -88 [da:1d:31:58:14:bc]
RSSI: -88 [da:15:a9:2b:0b:2b]
RSSI: -82 [da:1d:31:67:14:ec]
RSSI: -88 [da:15:a9:2b:0b:2b]
RSSI: -89 [da:15:a9:38:0b:5b]
RSSI: -84 [da:1d:31:74:15:1c]
RSSI: -81 [da:1d:31:74:15:1c]
RSSI: -87 [da:1d:31:83:15:4c]
RSSI: -85 [da:1d:31:93:15:7c]
RSSI: -87 [da:1d:31:9f:15:9c]
RSSI: -87 [da:15:a9:6e:0b:fb]
RSSI: -87 [da:1d:31:9f:15:9c]
RSSI: -95 [da:17:8d:6a:07:0a]
RSSI: -87 [da:15:a9:7c:0c:2b]
RSSI: -88 [da:17:8d:78:07:3a]
RSSI: -84 [da:1d:31:b4:15:dc]
RSSI: -87 [da:1d:31:d1:16:3c]
RSSI: -84 [da:1d:31:d1:16:3c]
RSSI: -92 [da:17:8d:92:07:7a]
RSSI: -88 [da:17:8d:9f:07:aa]
RSSI: -86 [da:1d:31:e1:16:6c]
RSSI: -90 [da:1d:31:f0:00:0c]
RSSI: -87 [da:1d:31:f0:00:0c]
RSSI: -89 [da:17:8d:b9:07:ea]
RSSI: -89 [da:17:8d:b9:07:ea]
RSSI: -89 [da:17:8d:c6:08:1a]
RSSI: -88 [da:17:8d:c6:08:1a]
RSSI: -85 [da:1d:32:0c:00:5c]
RSSI: -87 [da:17:8d:d3:08:3a]
RSSI: -91 [da:15:a9:e7:0d:5b]
RSSI: -83 [da:17:8d:e1:08:5a]
RSSI: -84 [da:1d:32:28:00:bc]
RSSI: -85 [da:17:8d:ee:08:8a]
RSSI: -86 [da:17:8d:ee:08:8a]
RSSI: -83 [da:17:8d:fb:08:aa]
RSSI: -84 [da:17:8d:fb:08:aa]
RSSI: -87 [da:1d:32:47:01:1c]
RSSI: -88 [da:1d:32:47:01:1c]
RSSI: -83 [da:17:8e:08:08:ca]
RSSI: -88 [da:1d:32:54:01:3c]
RSSI: -84 [da:17:8e:15:08:fa]
RSSI: -87 [da:1d:32:54:01:3c]
RSSI: -83 [da:17:8e:15:08:fa]
RSSI: -83 [da:17:8e:22:09:1a]
RSSI: -88 [da:15:aa:2a:0e:2b]
RSSI: -91 [da:1d:32:63:01:6c]
RSSI: -83 [da:17:8e:22:09:1a]
RSSI: -83 [da:17:8e:30:09:3a]
RSSI: -91 [da:1d:32:73:01:9c]
RSSI: -83 [da:17:8e:30:09:3a]
RSSI: -89 [da:1d:32:73:01:9c]
RSSI: -83 [da:17:8e:3d:09:6a]
RSSI: -89 [da:1d:32:7f:01:cc]
RSSI: -84 [da:1d:32:7f:01:cc]
RSSI: -81 [da:17:8e:4a:09:8a]
RSSI: -87 [da:15:aa:52:0e:9b]
RSSI: -84 [da:1d:32:8f:01:fc]
RSSI: -83 [da:17:8e:57:09:aa]
RSSI: -89 [da:15:aa:60:0e:cb]
RSSI: -80 [da:1d:32:9e:02:2c]
RSSI: -88 [da:15:aa:6e:0e:eb]
RSSI: -83 [da:17:8e:64:09:da]
RSSI: -87 [da:15:aa:6e:0e:eb]
RSSI: -82 [da:1d:32:ab:02:4c]
RSSI: -85 [da:15:aa:7a:0f:1b]
RSSI: -81 [da:17:8e:71:09:fa]
RSSI: -84 [da:1d:32:bb:02:7c]
RSSI: -86 [da:15:aa:7a:0f:1b]
RSSI: -86 [da:1d:32:bb:02:7c]
RSSI: -85 [da:15:aa:88:0f:3b]
RSSI: -86 [da:1d:32:ca:02:bc]
RSSI: -81 [da:17:8e:99:0a:6a]
RSSI: -87 [da:1d:32:d7:02:dc]
RSSI: -84 [da:17:8e:a6:0a:8a]
RSSI: -82 [da:17:8e:a6:0a:8a]
RSSI: -83 [da:15:aa:b0:0f:bb]
RSSI: -83 [da:17:8e:b4:0a:ba]
RSSI: -83 [da:15:aa:be:0f:db]
RSSI: -82 [da:15:aa:be:0f:db]
RSSI: -84 [da:17:8e:c0:0a:da]
RSSI: -82 [da:15:aa:cb:10:0b]
RSSI: -85 [da:17:8e:c0:0a:da]
RSSI: -81 [da:15:aa:cb:10:0b]
RSSI: -85 [da:17:8e:ce:0a:fa]
RSSI: -83 [da:17:8e:ce:0a:fa]
RSSI: -80 [da:15:aa:d9:10:2b]
RSSI: -86 [da:17:8e:db:0b:2a]
RSSI: -86 [da:17:8e:db:0b:2a]
RSSI: -80 [da:15:aa:e7:10:5b]
RSSI: -87 [da:17:8e:e8:0b:4a]
RSSI: -79 [da:15:aa:f3:10:7b]
RSSI: -87 [da:17:8e:e8:0b:4a]
RSSI: -90 [da:1d:33:2e:03:ec]
RSSI: -79 [da:15:aa:f3:10:7b]
RSSI: -92 [da:17:8e:f5:0b:6a]
RSSI: -80 [da:15:ab:01:10:ab]
RSSI: -89 [da:1d:33:3e:04:1c]
RSSI: -91 [da:17:8f:03:0b:9a]
RSSI: -88 [da:1d:33:3e:04:1c]
RSSI: -81 [da:15:ab:0f:10:cb]
RSSI: -82 [da:1d:33:4d:04:4c]
RSSI: -80 [da:1d:33:5a:04:7c]
RSSI: -88 [da:17:8f:1d:0b:da]
RSSI: -80 [da:15:ab:2a:11:1b]
RSSI: -81 [da:1d:33:69:04:ac]
RSSI: -79 [da:1d:33:69:04:ac]
RSSI: -83 [da:15:ab:38:11:4b]
RSSI: -92 [da:17:8f:37:0c:2a]
RSSI: -80 [da:1d:33:79:04:dc]
RSSI: -82 [da:15:ab:44:11:6b]
RSSI: -79 [da:1d:33:85:05:0c]
RSSI: -87 [da:17:8f:45:0c:4a]
RSSI: -79 [da:1d:33:85:05:0c]
RSSI: -82 [da:15:ab:52:11:9b]
RSSI: -78 [da:1d:33:95:05:3c]
RSSI: -80 [da:1d:33:a4:05:6c]
RSSI: -83 [da:15:ab:6d:11:eb]
RSSI: -79 [da:1d:33:a4:05:6c]
RSSI: -83 [da:15:ab:6d:11:eb]
RSSI: -82 [da:15:ab:7b:12:0b]
RSSI: -82 [da:1d:33:b1:05:8c]
RSSI: -83 [da:15:ab:7b:12:0b]
RSSI: -85 [da:15:ab:7b:12:0b]
RSSI: -81 [da:1d:33:b1:05:8c]
RSSI: -85 [da:15:ab:7b:12:0b]
RSSI: -81 [da:15:ab:88:12:3b]
RSSI: -81 [da:1d:33:c1:05:bc]
RSSI: -84 [da:15:ab:88:12:3b]
RSSI: -86 [da:1d:33:c1:05:bc]
RSSI: -83 [da:1d:33:d0:05:ec]
RSSI: -85 [da:15:ab:95:12:5b]
RSSI: -80 [da:1d:33:d0:05:ec]
RSSI: -83 [da:15:ab:95:12:5b]
RSSI: -83 [da:15:ab:a3:12:8b]
RSSI: -86 [da:1d:33:dd:06:1c]
RSSI: -92 [da:17:8f:a1:0d:5a]
RSSI: -81 [da:15:ab:b1:12:ab]
RSSI: -85 [da:1d:33:ec:06:4c]
RSSI: -79 [da:15:ab:cb:12:fb]
RSSI: -78 [da:1d:34:09:06:ac]
RSSI: -80 [da:15:ab:d9:13:2b]
RSSI: -82 [da:15:ab:d9:13:2b]
RSSI: -87 [da:1d:34:18:06:dc]
RSSI: -80 [da:15:ab:e6:13:4b]
RSSI: -86 [da:15:ab:f4:13:7b]
RSSI: -84 [da:15:ac:02:13:9b]
RSSI: -85 [da:1d:34:34:07:2c]
RSSI: -83 [da:1d:34:44:07:6c]
RSSI: -84 [da:15:ac:0e:13:cb]
RSSI: -83 [da:15:ac:0e:13:cb]
RSSI: -80 [da:1d:34:54:07:9c]
RSSI: -86 [da:15:ac:1c:13:eb]
RSSI: -87 [da:15:ac:1c:13:eb]
RSSI: -85 [da:1d:34:60:07:bc]
RSSI: -83 [da:15:ac:2a:14:1b]
RSSI: -86 [da:1d:34:60:07:bc]
RSSI: -80 [da:1d:34:60:07:bc]
RSSI: -86 [da:15:ac:2a:14:1b]
RSSI: -82 [da:1d:34:60:07:bc]
RSSI: -78 [da:1d:34:7f:08:1c]
RSSI: -85 [da:15:ac:45:14:6b]
RSSI: -80 [da:1d:34:8c:08:4c]
RSSI: -95 [da:1a:99:64:0b:7e]
RSSI: -91 [da:1d:34:9c:08:7c]
RSSI: -85 [da:15:ac:5f:14:bb]
RSSI: -88 [da:1d:34:9c:08:7c]
RSSI: -89 [da:15:ac:6d:14:db]
RSSI: -87 [da:1d:34:ab:08:ac]
RSSI: -85 [da:15:ac:6d:14:db]
RSSI: -83 [da:15:ac:7b:15:0b]
RSSI: -83 [da:1d:34:b8:08:dc]
RSSI: -82 [da:1d:34:b8:08:dc]
RSSI: -83 [da:15:ac:88:15:2b]
RSSI: -83 [da:15:ac:88:15:2b]
RSSI: -84 [da:1d:34:c7:09:0c]
RSSI: -82 [da:1d:34:c7:09:0c]
RSSI: -84 [da:15:ac:a4:15:7b]
RSSI: -86 [da:15:ac:a4:15:7b]
RSSI: -83 [da:15:ac:b1:15:9b]
RSSI: -89 [da:1d:34:f3:09:9c]
RSSI: -82 [da:15:ac:bf:15:cb]
RSSI: -92 [da:1d:34:f3:09:9c]
RSSI: -83 [da:15:ac:bf:15:cb]
RSSI: -86 [da:1d:35:03:09:cc]
RSSI: -82 [da:1d:35:03:09:cc]
RSSI: -85 [da:1d:35:10:09:ec]
RSSI: -82 [da:15:ac:d9:16:1b]
RSSI: -80 [da:15:ac:e7:16:3b]
RSSI: -80 [da:15:ac:e7:16:3b]
RSSI: -82 [da:15:ac:e7:16:3b]
RSSI: -85 [da:15:ac:f5:16:6b]
RSSI: -81 [da:15:ac:f5:16:6b]
RSSI: -82 [da:15:ad:02:00:0b]
RSSI: -85 [da:15:ad:02:00:0b]
RSSI: -90 [da:1d:35:3b:0a:7c]
RSSI: -79 [da:15:ad:10:00:2b]
RSSI: -89 [da:17:91:14:11:8a]
RSSI: -89 [da:17:91:21:11:aa]
RSSI: -85 [da:15:ad:2a:00:7b]
RSSI: -90 [da:17:91:21:11:aa]
RSSI: -86 [da:1d:35:67:0b:0c]
RSSI: -87 [da:1d:35:67:0b:0c]
RSSI: -80 [da:15:ad:46:00:cb]
RSSI: -80 [da:15:ad:46:00:cb]
RSSI: -85 [da:1d:35:87:0b:6c]
RSSI: -83 [da:15:ad:53:00:fb]
RSSI: -80 [da:1d:35:93:0b:9c]
RSSI: -77 [da:15:ad:53:00:fb]
RSSI: -80 [da:1d:35:93:0b:9c]
RSSI: -79 [da:15:ad:61:01:1b]
RSSI: -83 [da:1d:35:93:0b:9c]
RSSI: -82 [da:15:ad:61:01:1b]
RSSI: -77 [da:15:ad:6f:01:4b]
RSSI: -81 [da:1d:35:a3:0b:cc]
RSSI: -77 [da:15:ad:6f:01:4b]
RSSI: -78 [da:15:ad:6f:01:4b]
RSSI: -84 [da:1d:35:b2:0b:fc]
RSSI: -92 [da:17:91:71:12:8a]
RSSI: -77 [da:15:ad:7c:01:6b]
RSSI: -76 [da:15:ad:7c:01:6b]
RSSI: -81 [da:1d:35:bf:0c:1c]
RSSI: -82 [da:1d:35:bf:0c:1c]
RSSI: -79 [da:15:ad:8a:01:9b]
RSSI: -94 [da:17:91:8b:12:da]
RSSI: -81 [da:1d:35:cf:0c:5c]
RSSI: -80 [da:1d:35:cf:0c:5c]
RSSI: -82 [da:1d:35:de:0c:8c]
RSSI: -76 [da:15:ad:a4:01:eb]
RSSI: -76 [da:15:ad:c0:02:3b]
RSSI: -83 [da:1d:35:fb:0c:dc]
RSSI: -80 [da:1d:35:fb:0c:dc]
RSSI: -75 [da:15:ad:cd:02:5b]
RSSI: -92 [da:1d:36:0a:0d:1c]
RSSI: -76 [da:15:ad:cd:02:5b]
RSSI: -74 [da:15:ad:db:02:8b]
RSSI: -75 [da:15:ad:db:02:8b]
RSSI: -84 [da:1d:36:17:0d:3c]
RSSI: -85 [da:1d:36:17:0d:3c]
RSSI: -75 [da:15:ad:e9:02:ab]
RSSI: -74 [da:15:ad:e9:02:ab]
RSSI: -77 [da:1d:36:27:0d:6c]
RSSI: -80 [da:1d:36:36:0d:9c]
RSSI: -74 [da:15:ad:f6:02:cb]
RSSI: -73 [da:1d:36:36:0d:9c]
RSSI: -75 [da:15:ae:04:02:fb]
RSSI: -78 [da:1d:36:43:0d:cc]
RSSI: -78 [da:1d:36:43:0d:cc]
RSSI: -73 [da:15:ae:12:03:2b]
RSSI: -84 [da:1d:36:53:0d:fc]
RSSI: -75 [da:15:ae:1e:03:4b]
RSSI: -79 [da:1d:36:53:0d:fc]
RSSI: -74 [da:1d:36:62:0e:2c]
RSSI: -86 [da:1d:36:62:0e:2c]
RSSI: -77 [da:15:ae:2c:03:7b]
RSSI: -75 [da:15:ae:2c:03:7b]
RSSI: -77 [da:15:ae:3a:03:9b]
RSSI: -77 [da:15:ae:47:03:cb]
RSSI: -82 [da:1d:36:7f:0e:8c]
RSSI: -76 [da:15:ae:47:03:cb]
RSSI: -77 [da:15:ae:63:04:1b]
RSSI: -77 [da:1d:36:9b:0e:ec]
RSSI: -80 [da:15:ae:63:04:1b]
RSSI: -79 [da:15:ae:70:04:3b]
RSSI: -72 [da:1d:36:ab:0f:1c]
RSSI: -83 [da:15:ae:7e:04:6b]
RSSI: -71 [da:1d:36:ba:0f:4c]
RSSI: -72 [da:1d:36:c7:0f:6c]
RSSI: -84 [da:15:ae:8c:04:9b]
RSSI: -69 [da:1d:36:c7:0f:6c]
RSSI: -67 [da:1d:36:e6:0f:dc]
RSSI: -79 [da:15:ae:ac:04:fb]
RSSI: -68 [da:1d:36:f3:0f:fc]
RSSI: -85 [da:15:ae:bc:05:2b]
RSSI: -67 [da:1d:36:f3:0f:fc]
RSSI: -84 [da:15:ae:bc:05:2b]
RSSI: -79 [da:15:ae:c9:05:4b]
RSSI: -69 [da:1d:37:03:10:3c]
RSSI: -67 [da:1d:37:03:10:3c]
RSSI: -83 [da:15:ae:c9:05:4b]
RSSI: -67 [da:1d:37:03:10:3c]
RSSI: -68 [da:1d:37:12:10:6c]
RSSI: -80 [da:15:ae:d7:05:7b]
RSSI: -78 [da:15:ae:e5:05:9b]
RSSI: -68 [da:1d:37:1f:10:8c]
RSSI: -80 [da:15:ae:f2:05:cb]
RSSI: -66 [da:1d:37:2f:10:bc]
RSSI: -67 [da:1d:37:2f:10:bc]
RSSI: -81 [da:15:af:00:05:eb]
RSSI: -68 [da:1d:37:3e:10:ec]
RSSI: -81 [da:15:af:00:05:eb]
RSSI: -67 [da:1d:37:3e:10:ec]
RSSI: -81 [da:15:af:0e:06:1b]
RSSI: -79 [da:15:af:0e:06:1b]
RSSI: -69 [da:1d:37:4b:11:1c]
RSSI: -68 [da:1d:37:4b:11:1c]
RSSI: -82 [da:15:af:1a:06:3b]
RSSI: -70 [da:1d:37:5b:11:4c]
RSSI: -80 [da:15:af:29:06:6b]
RSSI: -71 [da:1d:37:5b:11:4c]
RSSI: -80 [da:15:af:29:06:6b]
RSSI: -70 [da:1d:37:6b:11:7c]
RSSI: -71 [da:1d:37:6b:11:7c]
RSSI: -81 [da:15:af:37:06:8b]
RSSI: -81 [da:15:af:37:06:8b]
RSSI: -73 [da:1d:37:77:11:ac]
RSSI: -81 [da:15:af:43:06:bb]
RSSI: -77 [da:1d:37:87:11:dc]
RSSI: -78 [da:1d:37:87:11:dc]
RSSI: -80 [da:15:af:51:06:db]
RSSI: -86 [da:1d:37:97:12:0c]
RSSI: -87 [da:1d:37:97:12:0c]
RSSI: -85 [da:15:af:5f:07:0b]
RSSI: -82 [da:15:af:6c:07:2b]
RSSI: -84 [da:1d:37:a3:12:2c]
RSSI: -84 [da:15:af:6c:07:2b]
RSSI: -81 [da:15:af:95:07:ab]
RSSI: -82 [da:15:af:95:07:ab]
RSSI: -79 [da:1d:37:cf:12:bc]
RSSI: -82 [da:15:af:95:07:ab]
RSSI: -81 [da:15:af:a3:07:db]
RSSI: -77 [da:1d:37:df:12:ec]
RSSI: -80 [da:1d:37:df:12:ec]
RSSI: -81 [da:15:af:b1:08:0b]
RSSI: -79 [da:1d:37:ef:13:1c]
RSSI: -82 [da:15:af:b1:08:0b]
RSSI: -80 [da:1d:37:ef:13:1c]
RSSI: -84 [da:1d:37:fc:13:3c]
RSSI: -87 [da:1d:37:fc:13:3c]
RSSI: -83 [da:15:af:cc:08:5b]
RSSI: -83 [da:15:af:cc:08:5b]
RSSI: -81 [da:15:af:cc:08:5b]
RSSI: -82 [da:15:af:da:08:7b]
RSSI: -83 [da:1d:38:1b:13:ac]
RSSI: -84 [da:1d:38:1b:13:ac]
RSSI: -90 [da:1d:38:1b:13:ac]
RSSI: -81 [da:15:af:e7:08:ab]
RSSI: -80 [da:15:af:e7:08:ab]
RSSI: -85 [da:1d:38:28:13:cc]
RSSI: -82 [da:15:af:f5:08:cb]
RSSI: -80 [da:15:af:f5:08:cb]
RSSI: -82 [da:15:b0:03:08:fb]
RSSI: -82 [da:1d:38:47:14:2c]
RSSI: -82 [da:15:b0:10:09:1b]
RSSI: -82 [da:1d:38:47:14:2c]
RSSI: -81 [da:15:b0:10:09:1b]
RSSI: -86 [da:1d:38:54:14:5c]
RSSI: -82 [da:15:b0:2c:09:6b]
RSSI: -86 [da:1d:38:64:14:8c]
RSSI: -84 [da:1d:38:73:14:bc]
RSSI: -81 [da:15:b0:39:09:9b]
RSSI: -87 [da:1d:38:80:14:ec]
RSSI: -83 [da:15:b0:47:09:bb]
RSSI: -81 [da:1d:38:80:14:ec]
RSSI: -82 [da:1d:38:80:14:ec]
RSSI: -83 [da:15:b0:55:09:eb]
RSSI: -84 [da:15:b0:61:0a:0b]
RSSI: -85 [da:1d:38:a0:15:4c]
RSSI: -82 [da:15:b0:61:0a:0b]
RSSI: -83 [da:15:b0:70:0a:3b]
RSSI: -88 [da:1d:38:ac:15:6c]
RSSI: -85 [da:15:b0:70:0a:3b]
RSSI: -86 [da:1d:38:ac:15:6c]
RSSI: -84 [da:15:b0:7e:0a:6b]
RSSI: -89 [da:1d:38:bc:15:ac]
RSSI: -90 [da:1d:38:cc:15:dc]
RSSI: -86 [da:15:b0:99:0a:bb]
RSSI: -81 [da:1d:38:d8:15:fc]
RSSI: -86 [da:1d:38:d8:15:fc]
RSSI: -82 [da:1d:38:e8:16:2c]
RSSI: -83 [da:15:b0:b3:0b:0b]
RSSI: -82 [da:1d:38:e8:16:2c]
RSSI: -84 [da:1d:38:f8:16:6c]
RSSI: -84 [da:1d:38:f8:16:6c]
RSSI: -84 [da:15:b0:c2:0b:2b]
RSSI: -86 [da:15:b0:d0:0b:5b]
RSSI: -89 [da:1d:39:05:00:0c]
RSSI: -86 [da:15:b0:d0:0b:5b]
RSSI: -87 [da:1d:39:05:00:0c]
RSSI: -94 [da:1d:39:15:00:3c]
RSSI: -89 [da:15:b0:dc:0b:7b]
RSSI: -83 [da:15:b0:eb:0b:ab]
RSSI: -87 [da:1d:39:24:00:6c]
RSSI: -86 [da:15:b1:14:0c:2b]
RSSI: -83 [da:1d:39:51:00:ec]
RSSI: -85 [da:1d:39:51:00:ec]
RSSI: -86 [da:15:b1:22:0c:4b]
RSSI: -83 [da:1d:39:5d:01:1c]
RSSI: -84 [da:1d:39:6d:01:4c]
RSSI: -84 [da:1d:39:6d:01:4c]
RSSI: -88 [da:1d:39:7d:01:7c]
RSSI: -85 [da:1d:39:7d:01:7c]
RSSI: -88 [da:1d:39:7d:01:7c]
RSSI: -93 [da:15:b1:58:0c:eb]
RSSI: -78 [da:1d:39:99:01:dc]
RSSI: -81 [da:1d:39:a9:02:0c]
RSSI: -77 [da:1d:39:a9:02:0c]
RSSI: -85 [da:1d:39:b6:02:2c]
RSSI: -81 [da:1d:39:b6:02:2c]
RSSI: -91 [da:17:95:75:07:ca]
RSSI: -80 [da:1d:39:b6:02:2c]
RSSI: -86 [da:1d:39:c6:02:5c]
RSSI: -82 [da:1d:39:c6:02:5c]
RSSI: -82 [da:1d:39:d5:02:9c]
RSSI: -88 [da:1d:39:d5:02:9c]
RSSI: -89 [da:17:95:9d:08:4a]
RSSI: -84 [da:1d:39:e2:02:bc]
RSSI: -88 [da:17:95:ab:08:6a]
RSSI: -87 [da:17:95:b8:08:8a]
RSSI: -87 [da:17:95:c5:08:ba]
RSSI: -84 [da:17:95:d3:08:da]
RSSI: -84 [da:17:95:d3:08:da]
RSSI: -84 [da:1d:3a:1e:03:7c]
RSSI: -90 [da:15:b1:e1:0e:8b]
RSSI: -84 [da:1d:3a:1e:03:7c]
RSSI: -83 [da:17:95:e1:09:0a]
RSSI: -88 [da:15:b1:ef:0e:ab]
RSSI: -82 [da:17:95:ed:09:2a]
RSSI: -86 [da:15:b1:ef:0e:ab]
RSSI: -84 [da:17:95:ed:09:2a]
RSSI: -82 [da:17:95:fb:09:4a]
RSSI: -88 [da:1d:3a:3b:03:cc]
RSSI: -87 [da:15:b2:0a:0e:fb]
RSSI: -81 [da:17:96:09:09:7a]
RSSI: -85 [da:15:b2:18:0f:2b]
RSSI: -86 [da:1d:3a:4b:04:0c]
RSSI: -84 [da:15:b2:18:0f:2b]
RSSI: -83 [da:1d:3a:5b:04:3c]
RSSI: -81 [da:17:96:16:09:9a]
RSSI: -83 [da:1d:3a:5b:04:3c]
RSSI: -87 [da:15:b2:25:0f:4b]
RSSI: -83 [da:15:b2:25:0f:4b]
RSSI: -83 [da:1d:3a:67:04:5c]
RSSI: -87 [da:15:b2:33:0f:7b]
RSSI: -81 [da:1d:3a:67:04:5c]
RSSI: -85 [da:15:b2:33:0f:7b]
RSSI: -80 [da:17:96:31:09:ea]
RSSI: -83 [da:15:b2:42:0f:ab]
RSSI: -83 [da:1d:3a:77:04:8c]
RSSI: -83 [da:15:b2:42:0f:ab]
RSSI: -80 [da:17:96:3e:0a:0a]
RSSI: -85 [da:1d:3a:87:04:bc]
RSSI: -83 [da:15:b2:4e:0f:cb]
RSSI: -83 [da:15:b2:4e:0f:cb]
RSSI: -80 [da:17:96:4c:0a:3a]
RSSI: -80 [da:1d:3a:94:04:ec]
RSSI: -82 [da:15:b2:5c:0f:fb]
RSSI: -82 [da:17:96:5a:0a:5a]
RSSI: -84 [da:1d:3a:94:04:ec]
RSSI: -81 [da:17:96:5a:0a:5a]
RSSI: -81 [da:15:b2:6b:10:2b]
RSSI: -85 [da:15:b2:6b:10:2b]
RSSI: -84 [da:15:b2:6b:10:2b]
RSSI: -82 [da:17:96:66:0a:8a]
RSSI: -82 [da:17:96:74:0a:aa]
RSSI: -81 [da:17:96:74:0a:aa]
RSSI: -85 [da:1d:3a:c0:05:6c]
RSSI: -83 [da:17:96:82:0a:da]
RSSI: -81 [da:1d:3a:c0:05:6c]
RSSI: -83 [da:17:96:82:0a:da]
RSSI: -82 [da:1d:3a:c0:05:6c]
RSSI: -81 [da:15:b2:94:10:9b]
RSSI: -81 [da:15:b2:94:10:9b]
RSSI: -79 [da:15:b2:94:10:9b]
RSSI: -84 [da:17:96:8f:0a:fa]
RSSI: -89 [da:1d:3a:d0:05:ac]
RSSI: -80 [da:15:b2:a0:10:cb]
RSSI: -80 [da:15:b2:a0:10:cb]
RSSI: -84 [da:17:96:9d:0b:1a]
RSSI: -79 [da:15:b2:af:10:eb]
RSSI: -85 [da:17:96:ab:0b:4a]
RSSI: -86 [da:17:96:ab:0b:4a]
RSSI: -87 [da:17:96:ab:0b:4a]
RSSI: -81 [da:1d:3a:ec:05:fc]
RSSI: -78 [da:15:b2:bd:11:1b]
RSSI: -78 [da:15:b2:bd:11:1b]
RSSI: -90 [da:17:96:b7:0b:6a]
RSSI: -89 [da:1d:3a:fc:06:2c]
RSSI: -88 [da:17:96:c5:0b:9a]
RSSI: -80 [da:15:b2:d8:11:6b]
RSSI: -82 [da:1d:3b:19:06:8c]
RSSI: -78 [da:15:b2:e6:11:8b]
RSSI: -92 [da:17:96:e0:0b:da]
RSSI: -79 [da:15:b2:e6:11:8b]
RSSI: -80 [da:15:b2:e6:11:8b]
RSSI: -79 [da:15:b2:f3:11:bb]
RSSI: -80 [da:15:b3:0f:12:0b]
RSSI: -80 [da:15:b3:0f:12:0b]
RSSI: -85 [da:1d:3b:45:07:1c]
RSSI: -80 [da:15:b3:0f:12:0b]
RSSI: -80 [da:15:b3:1c:12:3b]
RSSI: -86 [da:1d:3b:55:07:4c]
RSSI: -79 [da:15:b3:2a:12:5b]
RSSI: -86 [da:1d:3b:65:07:7c]
RSSI: -80 [da:15:b3:39:12:8b]
RSSI: -84 [da:1d:3b:72:07:ac]
RSSI: -79 [da:15:b3:45:12:ab]
RSSI: -86 [da:1d:3b:82:07:dc]
RSSI: -80 [da:15:b3:54:12:db]
RSSI: -77 [da:15:b3:54:12:db]
RSSI: -78 [da:15:b3:62:13:0b]
RSSI: -77 [da:15:b3:6f:13:2b]
RSSI: -78 [da:15:b3:6f:13:2b]
RSSI: -84 [da:1d:3b:ae:08:6c]
RSSI: -78 [da:15:b3:7d:13:5b]
RSSI: -87 [da:1d:3b:be:08:9c]
RSSI: -92 [da:17:97:81:0d:aa]
RSSI: -80 [da:15:b3:8b:13:7b]
RSSI: -85 [da:1d:3b:cb:08:cc]
RSSI: -83 [da:15:b3:98:13:9b]
RSSI: -82 [da:15:b3:a6:13:cb]
RSSI: -84 [da:15:b3:a6:13:cb]
RSSI: -86 [da:1d:3b:eb:09:2c]
RSSI: -84 [da:15:b3:b5:13:fb]
RSSI: -83 [da:1d:3b:eb:09:2c]
RSSI: -82 [da:15:b3:b5:13:fb]
RSSI: -87 [da:15:b3:c1:14:1b]
RSSI: -85 [da:15:b3:d0:14:4b]
RSSI: -86 [da:15:b3:d0:14:4b]
RSSI: -89 [da:15:b3:de:14:6b]
RSSI: -88 [da:1d:3c:17:09:bc]
RSSI: -82 [da:15:b3:ea:14:8b]
RSSI: -86 [da:15:b3:f9:14:bb]
RSSI: -87 [da:1d:3c:44:0a:4c]
RSSI: -85 [da:15:b4:07:14:eb]
RSSI: -88 [da:1d:3c:44:0a:4c]
RSSI: -83 [da:15:b4:07:14:eb]
RSSI: -84 [da:15:b4:14:15:0b]
RSSI: -83 [da:15:b4:14:15:0b]
RSSI: -80 [da:15:b4:22:15:3b]
RSSI: -88 [da:1d:3c:60:0a:ac]
RSSI: -88 [da:1a:a1:46:0b:ee]
RSSI: -81 [da:1d:3c:70:0a:dc]
RSSI: -88 [da:1a:a1:46:0b:ee]
RSSI: -82 [da:15:b4:3d:15:8b]
RSSI: -83 [da:1d:3c:7d:0b:0c]
RSSI: -88 [da:1a:a1:53:0c:0e]
RSSI: -82 [da:15:b4:4c:15:ab]
RSSI: -82 [da:1d:3c:8d:0b:3c]
RSSI: -86 [da:1a:a1:61:0c:3e]
RSSI: -83 [da:1d:3c:8d:0b:3c]
RSSI: -82 [da:15:b4:5a:15:db]
RSSI: -80 [da:1d:3c:8d:0b:3c]
RSSI: -87 [da:1a:a1:70:0c:6e]
RSSI: -79 [da:1d:3c:9d:0b:6c]
RSSI: -93 [da:17:98:5a:10:1a]
RSSI: -87 [da:1a:a1:70:0c:6e]
RSSI: -80 [da:1d:3c:9d:0b:6c]
RSSI: -79 [da:15:b4:66:15:fb]
RSSI: -79 [da:15:b4:66:15:fb]
RSSI: -94 [da:17:98:68:10:4a]
RSSI: -87 [da:1a:a1:7d:0c:8e]
RSSI: -81 [da:15:b4:75:16:2b]
RSSI: -79 [da:15:b4:75:16:2b]
RSSI: -79 [da:15:b4:75:16:2b]
RSSI: -89 [da:1a:a1:8b:0c:be]
RSSI: -78 [da:1d:3c:b9:0b:cc]
RSSI: -89 [da:1a:a1:8b:0c:be]
RSSI: -78 [da:1d:3c:b9:0b:cc]
RSSI: -81 [da:15:b4:83:16:5b]
RSSI: -88 [da:1a:a1:9a:0c:de]
RSSI: -86 [da:1a:a1:a7:0d:0e]
RSSI: -78 [da:15:b4:9e:00:2b]
RSSI: -77 [da:1d:3c:d6:0c:1c]
RSSI: -80 [da:15:b4:9e:00:2b]
RSSI: -93 [da:17:98:9d:10:da]
RSSI: -85 [da:1a:a1:b5:0d:2e]
RSSI: -77 [da:1d:3c:e6:0c:5c]
RSSI: -89 [da:1a:a1:c4:0d:5e]
RSSI: -75 [da:1d:3c:f6:0c:8c]
RSSI: -89 [da:1a:a1:c4:0d:5e]
RSSI: -81 [da:15:b4:b9:00:7b]
RSSI: -75 [da:1d:3d:02:0c:ac]
RSSI: -80 [da:15:b4:c8:00:ab]
RSSI: -75 [da:1d:3d:02:0c:ac]
RSSI: -93 [da:17:98:c6:11:5a]
RSSI: -80 [da:15:b4:d6:00:db]
RSSI: -79 [da:15:b4:d6:00:db]
RSSI: -80 [da:1d:3d:13:0c:ec]
RSSI: -77 [da:1d:3d:13:0c:ec]
RSSI: -79 [da:15:b4:e3:00:fb]
RSSI: -78 [da:1d:3d:22:0d:1c]
RSSI: -77 [da:1d:3d:22:0d:1c]
RSSI: -89 [da:1a:a1:fa:0d:ee]
RSSI: -77 [da:15:b4:f1:01:2b]
RSSI: -90 [da:1a:a1:fa:0d:ee]
RSSI: -95 [da:17:98:ef:11:ca]
RSSI: -76 [da:1d:3d:2f:0d:3c]
RSSI: -87 [da:1a:a2:09:0e:1e]
RSSI: -89 [da:1a:a2:09:0e:1e]
RSSI: -72 [da:1d:3d:3f:0d:7c]
RSSI: -71 [da:1d:3d:3f:0d:7c]
RSSI: -75 [da:15:b5:0c:01:7b]
RSSI: -88 [da:1a:a2:18:0e:4e]
RSSI: -74 [da:15:b5:0c:01:7b]
RSSI: -73 [da:1d:3d:4f:0d:ac]
RSSI: -74 [da:15:b5:1b:01:9b]
RSSI: -71 [da:1d:3d:4f:0d:ac]
RSSI: -74 [da:15:b5:1b:01:9b]
RSSI: -73 [da:15:b5:29:01:cb]
RSSI: -73 [da:1d:3d:5c:0d:cc]
RSSI: -73 [da:15:b5:29:01:cb]
RSSI: -73 [da:15:b5:29:01:cb]
RSSI: -69 [da:1d:3d:6c:0e:0c]
RSSI: -73 [da:15:b5:35:01:eb]
RSSI: -79 [da:1d:3d:6c:0e:0c]
RSSI: -74 [da:1d:3d:7c:0e:3c]
RSSI: -75 [da:1d:3d:7c:0e:3c]
RSSI: -73 [da:1d:3d:7c:0e:3c]
RSSI: -73 [da:15:b5:44:02:1b]
RSSI: -93 [da:17:99:40:12:aa]
RSSI: -72 [da:15:b5:52:02:4b]
RSSI: -93 [da:17:99:4e:12:da]
RSSI: -72 [da:15:b5:52:02:4b]
RSSI: -72 [da:15:b5:5f:02:6b]
RSSI: -76 [da:1d:3d:99:0e:8c]
RSSI: -71 [da:15:b5:5f:02:6b]
RSSI: -74 [da:1d:3d:99:0e:8c]
RSSI: -73 [da:1d:3d:a9:0e:cc]
RSSI: -72 [da:15:b5:6d:02:9b]
RSSI: -70 [da:1d:3d:a9:0e:cc]
RSSI: -72 [da:15:b5:6d:02:9b]
RSSI: -71 [da:15:b5:7c:02:bb]
RSSI: -71 [da:15:b5:88:02:eb]
RSSI: -65 [da:1d:3d:c5:0f:1c]
RSSI: -70 [da:15:b5:88:02:eb]
RSSI: -64 [da:1d:3d:c5:0f:1c]
RSSI: -95 [da:1a:a2:a2:0f:de]
RSSI: -65 [da:1d:3d:d5:0f:4c]
RSSI: -63 [da:1d:3d:d5:0f:4c]
RSSI: -71 [da:15:b5:a5:03:3b]
RSSI: -64 [da:1d:3d:e2:0f:7c]
RSSI: -71 [da:15:b5:b2:03:6b]
RSSI: -62 [da:1d:3d:f2:0f:ac]
RSSI: -64 [da:1d:3d:f2:0f:ac]
RSSI: -72 [da:15:b5:c0:03:8b]
RSSI: -73 [da:15:b5:c0:03:8b]
RSSI: -62 [da:1d:3e:02:0f:dc]
RSSI: -74 [da:15:b5:cf:03:bb]
RSSI: -73 [da:15:b5:cf:03:bb]
RSSI: -64 [da:1d:3e:0f:10:0c]
RSSI: -62 [da:1d:3e:0f:10:0c]
RSSI: -76 [da:15:b5:db:03:db]
RSSI: -76 [da:15:b5:ea:04:0b]
RSSI: -62 [da:1d:3e:1f:10:3c]
RSSI: -76 [da:15:b5:ea:04:0b]
RSSI: -62 [da:1d:3e:2f:10:6c]
RSSI: -64 [da:1d:3e:2f:10:6c]
RSSI: -77 [da:15:b5:f8:04:3b]
RSSI: -68 [da:1d:3e:3b:10:9c]
RSSI: -79 [da:15:b6:13:04:8b]
RSSI: -64 [da:1d:3e:4b:10:cc]
RSSI: -84 [da:15:b6:13:04:8b]
RSSI: -66 [da:1d:3e:5b:10:fc]
RSSI: -80 [da:15:b6:22:04:ab]
RSSI: -65 [da:1d:3e:5b:10:fc]
RSSI: -84 [da:15:b6:22:04:ab]
RSSI: -82 [da:15:b6:2e:04:db]
RSSI: -68 [da:1d:3e:68:11:2c]
RSSI: -82 [da:15:b6:2e:04:db]
RSSI: -69 [da:1d:3e:78:11:5c]
RSSI: -71 [da:1d:3e:78:11:5c]
RSSI: -80 [da:15:b6:4b:05:2b]
RSSI: -71 [da:1d:3e:88:11:8c]
RSSI: -78 [da:15:b6:58:05:4b]
RSSI: -76 [da:1d:3e:95:11:bc]
RSSI: -78 [da:15:b6:58:05:4b]
RSSI: -77 [da:1d:3e:95:11:bc]
RSSI: -80 [da:15:b6:67:05:7b]
RSSI: -77 [da:15:b6:67:05:7b]
RSSI: -77 [da:15:b6:75:05:ab]
RSSI: -78 [da:15:b6:75:05:ab]
RSSI: -78 [da:15:b6:75:05:ab]
RSSI: -80 [da:1d:3e:b5:12:1c]
RSSI: -88 [da:1d:3e:b5:12:1c]
RSSI: -77 [da:15:b6:82:05:cb]
RSSI: -77 [da:15:b6:82:05:cb]
RSSI: -79 [da:1d:3e:c1:12:4c]
RSSI: -75 [da:1d:3e:c1:12:4c]
RSSI: -75 [da:1d:3e:c1:12:4c]
RSSI: -78 [da:15:b6:90:05:fb]
RSSI: -76 [da:1d:3e:d2:12:7c]
RSSI: -81 [da:15:b6:9e:06:1b]
RSSI: -77 [da:1d:3e:e2:12:ac]
RSSI: -76 [da:1d:3e:e2:12:ac]
RSSI: -79 [da:15:b6:ab:06:4b]
RSSI: -78 [da:1d:3e:ee:12:cc]
RSSI: -80 [da:15:b6:ba:06:7b]
RSSI: -79 [da:15:b6:ba:06:7b]
RSSI: -83 [da:1d:3e:fe:13:0c]
RSSI: -80 [da:15:b6:c8:06:9b]
RSSI: -81 [da:1d:3e:fe:13:0c]
RSSI: -79 [da:15:b6:c8:06:9b]
RSSI: -80 [da:15:b6:d5:06:cb]
RSSI: -80 [da:15:b6:d5:06:cb]
RSSI: -88 [da:1d:3f:1b:13:5c]
RSSI: -80 [da:15:b6:e3:06:eb]
RSSI: -80 [da:15:b6:e3:06:eb]
RSSI: -81 [da:15:b6:f2:07:1b]
RSSI: -80 [da:15:b6:fe:07:3b]
RSSI: -84 [da:1d:3f:3b:13:cc]
RSSI: -80 [da:15:b7:0d:07:6b]
RSSI: -84 [da:1d:3f:48:13:ec]
RSSI: -79 [da:15:b7:1b:07:9b]
RSSI: -80 [da:15:b7:1b:07:9b]
RSSI: -82 [da:1d:3f:58:14:1c]
RSSI: -81 [da:15:b7:28:07:bb]
RSSI: -78 [da:15:b7:28:07:bb]
RSSI: -85 [da:1d:3f:68:14:4c]
RSSI: -78 [da:15:b7:28:07:bb]
RSSI: -84 [da:1d:3f:68:14:4c]
RSSI: -81 [da:15:b7:37:07:eb]
RSSI: -78 [da:15:b7:45:08:1b]
RSSI: -81 [da:15:b7:45:08:1b]
RSSI: -82 [da:1d:3f:85:14:ac]
RSSI: -87 [da:1d:3f:85:14:ac]
RSSI: -82 [da:15:b7:52:08:3b]
RSSI: -83 [da:1d:3f:95:14:dc]
RSSI: -80 [da:15:b7:60:08:6b]
RSSI: -85 [da:1d:3f:a1:15:0c]
RSSI: -82 [da:15:b7:6f:08:8b]
RSSI: -85 [da:1d:3f:a1:15:0c]
RSSI: -82 [da:15:b7:6f:08:8b]
RSSI: -80 [da:15:b7:7b:08:bb]
RSSI: -87 [da:1d:3f:b2:15:3c]
RSSI: -81 [da:15:b7:7b:08:bb]
RSSI: -88 [da:1d:3f:b2:15:3c]
RSSI: -85 [da:1d:3f:c2:15:6c]
RSSI: -89 [da:1d:3f:c2:15:6c]
RSSI: -82 [da:15:b7:8a:08:db]
RSSI: -84 [da:1d:3f:ce:15:9c]
RSSI: -81 [da:15:b7:98:09:0b]
RSSI: -80 [da:15:b7:a5:09:2b]
RSSI: -88 [da:1d:3f:de:15:cc]
RSSI: -88 [da:1d:3f:ee:15:fc]
RSSI: -83 [da:15:b7:b4:09:5b]
RSSI: -82 [da:1d:3f:ee:15:fc]
RSSI: -79 [da:15:b7:b4:09:5b]
RSSI: -81 [da:15:b7:c2:09:8b]
RSSI: -79 [da:15:b7:cf:09:ab]
RSSI: -88 [da:1d:40:0b:16:4c]
RSSI: -80 [da:15:b7:cf:09:ab]
RSSI: -85 [da:1d:40:0b:16:4c]
RSSI: -79 [da:15:b7:dd:09:db]
RSSI: -79 [da:15:b7:dd:09:db]
RSSI: -80 [da:15:b7:ec:0a:0b]
RSSI: -91 [da:1d:40:28:00:2c]
RSSI: -79 [da:15:b7:f8:0a:2b]
RSSI: -79 [da:15:b7:f8:0a:2b]
RSSI: -80 [da:15:b8:07:0a:5b]
RSSI: -85 [da:1d:40:38:00:5c]
RSSI: -80 [da:15:b8:07:0a:5b]
RSSI: -87 [da:1d:40:48:00:8c]
RSSI: -81 [da:15:b8:15:0a:7b]
RSSI: -81 [da:15:b8:15:0a:7b]
RSSI: -80 [da:15:b8:22:0a:ab]
RSSI: -85 [da:1d:40:55:00:bc]
RSSI: -82 [da:1d:40:55:00:bc]
RSSI: -79 [da:15:b8:31:0a:db]
RSSI: -85 [da:1d:40:6e:01:0c]
RSSI: -80 [da:15:b8:3f:0a:fb]
RSSI: -83 [da:1d:40:7e:01:3c]
RSSI: -80 [da:15:b8:3f:0a:fb]
RSSI: -84 [da:1d:40:7e:01:3c]
RSSI: -81 [da:15:b8:4c:0b:2b]
RSSI: -81 [da:15:b8:4c:0b:2b]
RSSI: -86 [da:1d:40:8a:01:5c]
RSSI: -81 [da:15:b8:5a:0b:4b]
RSSI: -89 [da:1d:40:9b:01:9c]
RSSI: -82 [da:15:b8:69:0b:7b]
RSSI: -83 [da:15:b8:76:0b:ab]
RSSI: -84 [da:15:b8:76:0b:ab]
RSSI: -76 [da:1d:40:b7:01:ec]
RSSI: -76 [da:1d:40:b7:01:ec]
RSSI: -84 [da:15:b8:84:0b:cb]
RSSI: -79 [da:1d:40:c7:02:1c]
RSSI: -81 [da:15:b8:93:0b:fb]
RSSI: -84 [da:1d:40:d4:02:4c]
RSSI: -81 [da:1d:40:d4:02:4c]
RSSI: -84 [da:15:b8:9f:0c:1b]
RSSI: -83 [da:1d:40:e1:02:6c]
RSSI: -85 [da:15:b8:ae:0c:4b]
RSSI: -85 [da:1d:40:ed:02:9c]
RSSI: -82 [da:15:b8:bc:0c:7b]
RSSI: -87 [da:15:b8:bc:0c:7b]
RSSI: -84 [da:15:b8:c9:0c:9b]
RSSI: -84 [da:1d:41:07:02:ec]
RSSI: -85 [da:15:b8:c9:0c:9b]
RSSI: -86 [da:15:b8:d8:0c:cb]
RSSI: -87 [da:15:b8:e6:0c:eb]
RSSI: -85 [da:1d:41:2d:03:5c]
RSSI: -86 [da:15:b8:f3:0d:1b]
RSSI: -85 [da:15:b9:02:0d:3b]
RSSI: -92 [da:17:9d:02:06:fa]
RSSI: -86 [da:15:b9:10:0d:6b]
RSSI: -85 [da:15:b9:10:0d:6b]
RSSI: -90 [da:17:9d:10:07:2a]
RSSI: -85 [da:1d:41:53:03:dc]
RSSI: -88 [da:1d:41:6c:04:2c]
RSSI: -91 [da:15:b9:3a:0d:eb]
RSSI: -83 [da:1d:41:79:04:4c]
RSSI: -90 [da:17:9d:45:07:ba]
RSSI: -89 [da:17:9d:45:07:ba]
RSSI: -90 [da:17:9d:54:07:ea]
RSSI: -93 [da:15:b9:64:0e:6b]
RSSI: -91 [da:17:9d:54:07:ea]
RSSI: -82 [da:1d:41:9f:04:cc]
RSSI: -90 [da:17:9d:62:08:1a]
RSSI: -86 [da:1d:41:ac:04:ec]
RSSI: -90 [da:15:b9:70:0e:8b]
RSSI: -83 [da:1d:41:ac:04:ec]
RSSI: -87 [da:17:9d:7d:08:5a]
RSSI: -87 [da:15:b9:7f:0e:bb]
RSSI: -85 [da:15:b9:8e:0e:eb]
RSSI: -85 [da:17:9d:8b:08:8a]
RSSI: -84 [da:15:b9:9a:0f:0b]
RSSI: -86 [da:1d:41:d2:05:6c]
RSSI: -84 [da:15:b9:9a:0f:0b]
RSSI: -85 [da:17:9d:98:08:aa]
RSSI: -84 [da:15:b9:a9:0f:3b]
RSSI: -84 [da:17:9d:a6:08:da]
RSSI: -86 [da:1d:41:eb:05:bc]
RSSI: -82 [da:15:b9:b8:0f:5b]
RSSI: -83 [da:17:9d:b4:08:fa]
RSSI: -83 [da:15:b9:c4:0f:8b]
RSSI: -82 [da:17:9d:c1:09:2a]
RSSI: -85 [da:17:9d:c1:09:2a]
RSSI: -82 [da:17:9d:cf:09:4a]
RSSI: -84 [da:1d:42:11:06:3c]
RSSI: -83 [da:17:9d:cf:09:4a]
RSSI: -83 [da:15:b9:e1:0f:db]
RSSI: -85 [da:17:9d:dd:09:7a]
RSSI: -84 [da:15:b9:ee:0f:fb]
RSSI: -80 [da:17:9d:f8:09:ca]
RSSI: -86 [da:15:b9:fd:10:2b]
RSSI: -88 [da:1d:42:38:06:ac]
RSSI: -82 [da:17:9d:f8:09:ca]
RSSI: -81 [da:15:ba:0b:10:5b]
RSSI: -90 [da:1d:42:44:06:dc]
RSSI: -82 [da:17:9e:06:09:ea]
RSSI: -80 [da:15:ba:0b:10:5b]
RSSI: -82 [da:17:9e:13:0a:0a]
RSSI: -86 [da:1d:42:51:06:fc]
RSSI: -80 [da:15:ba:18:10:7b]
RSSI: -82 [da:17:9e:13:0a:0a]
RSSI: -87 [da:1d:42:51:06:fc]
RSSI: -79 [da:15:ba:18:10:7b]
RSSI: -80 [da:15:ba:27:10:ab]
RSSI: -94 [da:1d:42:5e:07:2c]
RSSI: -83 [da:17:9e:21:0a:3a]
RSSI: -82 [da:17:9e:21:0a:3a]
RSSI: -78 [da:15:ba:35:10:db]
RSSI: -83 [da:1d:42:6a:07:4c]
RSSI: -82 [da:17:9e:2f:0a:5a]
RSSI: -79 [da:15:ba:35:10:db]
RSSI: -80 [da:17:9e:2f:0a:5a]
RSSI: -78 [da:15:ba:42:10:fb]
RSSI: -80 [da:17:9e:3c:0a:8a]
RSSI: -78 [da:15:ba:42:10:fb]
RSSI: -85 [da:1d:42:84:07:9c]
RSSI: -80 [da:17:9e:3c:0a:8a]
RSSI: -87 [da:1d:42:84:07:9c]
RSSI: -82 [da:17:9e:4a:0a:aa]
RSSI: -78 [da:15:ba:51:11:2b]
RSSI: -82 [da:17:9e:4a:0a:aa]
RSSI: -91 [da:1d:42:91:07:cc]
RSSI: -82 [da:15:ba:5f:11:4b]
RSSI: -81 [da:17:9e:59:0a:da]
RSSI: -84 [da:1d:42:9d:07:ec]
RSSI: -90 [da:1d:42:9d:07:ec]
RSSI: -83 [da:17:9e:65:0a:fa]
RSSI: -79 [da:15:ba:6c:11:7b]
RSSI: -84 [da:17:9e:65:0a:fa]
RSSI: -87 [da:1d:42:b7:08:3c]
RSSI: -89 [da:1d:42:c3:08:6c]
RSSI: -78 [da:15:ba:89:11:cb]
RSSI: -89 [da:1d:42:c3:08:6c]
RSSI: -83 [da:15:ba:96:11:fb]
RSSI: -85 [da:17:9e:8e:0b:6a]
RSSI: -83 [da:15:ba:96:11:fb]
RSSI: -82 [da:15:ba:a5:12:1b]
RSSI: -85 [da:1d:42:ea:08:ec]
RSSI: -81 [da:15:ba:b3:12:4b]
RSSI: -88 [da:17:9e:ab:0b:ca]
RSSI: -80 [da:15:ba:b3:12:4b]
RSSI: -81 [da:15:ba:b3:12:4b]
RSSI: -86 [da:1d:43:03:09:3c]
RSSI: -79 [da:15:ba:c0:12:6b]
RSSI: -84 [da:1d:43:03:09:3c]
RSSI: -91 [da:17:9e:c6:0c:0a]
RSSI: -81 [da:15:ba:cf:12:9b]
RSSI: -83 [da:1d:43:03:09:3c]
RSSI: -81 [da:15:ba:cf:12:9b]
RSSI: -78 [da:15:ba:dd:12:cb]
RSSI: -80 [da:15:ba:dd:12:cb]
RSSI: -86 [da:1d:43:1d:09:8c]
RSSI: -79 [da:15:ba:ea:12:eb]
RSSI: -91 [da:17:9e:e1:0c:5a]
RSSI: -78 [da:15:ba:f9:13:1b]
RSSI: -91 [da:17:9e:ef:0c:8a]
RSSI: -85 [da:1d:43:36:09:dc]
RSSI: -78 [da:15:ba:f9:13:1b]
RSSI: -76 [da:15:bb:07:13:4b]
RSSI: -76 [da:15:bb:14:13:6b]
RSSI: -78 [da:15:bb:14:13:6b]
RSSI: -89 [da:1d:43:5c:0a:5c]
RSSI: -78 [da:15:bb:23:13:9b]
RSSI: -91 [da:1d:43:5c:0a:5c]
RSSI: -83 [da:1d:43:69:0a:7c]
RSSI: -82 [da:15:bb:31:13:bb]
RSSI: -82 [da:15:bb:31:13:bb]
RSSI: -83 [da:1d:43:69:0a:7c]
RSSI: -82 [da:15:bb:31:13:bb]
RSSI: -90 [da:1d:43:76:0a:ac]
RSSI: -83 [da:15:bb:3e:13:eb]
RSSI: -83 [da:1d:43:83:0a:cc]
RSSI: -93 [da:1d:43:83:0a:cc]
RSSI: -83 [da:15:bb:4d:14:0b]
RSSI: -88 [da:1d:43:90:0a:fc]
RSSI: -83 [da:15:bb:4d:14:0b]
RSSI: -89 [da:1d:43:9c:0b:1c]
RSSI: -84 [da:15:bb:5b:14:3b]
RSSI: -89 [da:1d:43:9c:0b:1c]
RSSI: -84 [da:1d:43:a9:0b:4c]
RSSI: -84 [da:1d:43:b6:0b:6c]
RSSI: -90 [da:15:bb:77:14:8b]
RSSI: -82 [da:1d:43:b6:0b:6c]
RSSI: -87 [da:15:bb:85:14:bb]
RSSI: -83 [da:1d:43:c3:0b:9c]
RSSI: -83 [da:1d:43:c3:0b:9c]
RSSI: -84 [da:15:bb:92:14:db]
RSSI: -83 [da:1d:43:cf:0b:cc]
RSSI: -83 [da:15:bb:92:14:db]
RSSI: -87 [da:15:bb:92:14:db]
RSSI: -83 [da:1d:43:dc:0b:ec]
RSSI: -82 [da:15:bb:a1:15:0b]
RSSI: -83 [da:1d:43:dc:0b:ec]
RSSI: -83 [da:15:bb:a1:15:0b]
RSSI: -85 [da:15:bb:af:15:3b]
RSSI: -81 [da:1d:43:e9:0c:1c]
RSSI: -83 [da:15:bb:af:15:3b]
RSSI: -81 [da:1d:43:e9:0c:1c]
RSSI: -83 [da:15:bb:af:15:3b]
RSSI: -80 [da:1d:43:f6:0c:3c]
RSSI: -82 [da:15:bb:bc:15:5b]
RSSI: -81 [da:1d:43:f6:0c:3c]
RSSI: -80 [da:1d:44:03:0c:6c]
RSSI: -80 [da:1d:44:03:0c:6c]
RSSI: -82 [da:15:bb:cb:15:8b]
RSSI: -85 [da:1d:44:0f:0c:8c]
RSSI: -81 [da:15:bb:da:15:ab]
RSSI: -79 [da:1d:44:1c:0c:bc]
RSSI: -86 [da:1d:44:1c:0c:bc]
RSSI: -82 [da:15:bb:e6:15:db]
RSSI: -82 [da:1d:44:29:0c:ec]
RSSI: -80 [da:15:bb:e6:15:db]
RSSI: -82 [da:1d:44:29:0c:ec]
RSSI: -81 [da:15:bb:f5:15:fb]
RSSI: -80 [da:1d:44:36:0d:0c]
RSSI: -81 [da:15:bb:f5:15:fb]
RSSI: -77 [da:1d:44:42:0d:3c]
RSSI: -77 [da:1d:44:42:0d:3c]
RSSI: -80 [da:15:bc:10:16:5b]
RSSI: -76 [da:1d:44:4f:0d:5c]
RSSI: -73 [da:1d:44:4f:0d:5c]
RSSI: -79 [da:15:bc:1f:16:7b]
RSSI: -77 [da:1d:44:5c:0d:8c]
RSSI: -80 [da:15:bc:1f:16:7b]
RSSI: -75 [da:1d:44:5c:0d:8c]
RSSI: -71 [da:1d:44:69:0d:ac]
RSSI: -88 [da:1a:a9:39:0c:8e]
RSSI: -80 [da:1d:44:69:0d:ac]
RSSI: -79 [da:15:bc:3b:00:5b]
RSSI: -72 [da:1d:44:76:0d:dc]
RSSI: -81 [da:15:bc:3b:00:5b]
RSSI: -90 [da:1a:a9:54:0c:de]
RSSI: -90 [da:1a:a9:54:0c:de]
RSSI: -77 [da:1d:44:8f:0e:2c]
RSSI: -78 [da:15:bc:58:00:ab]
RSSI: -84 [da:1d:44:9c:0e:5c]
RSSI: -89 [da:1a:a9:70:0d:2e]
RSSI: -85 [da:1a:a9:70:0d:2e]
RSSI: -78 [da:15:bc:65:00:cb]
RSSI: -76 [da:1d:44:a9:0e:7c]
RSSI: -78 [da:15:bc:65:00:cb]
RSSI: -90 [da:1a:a9:7f:0d:5e]
RSSI: -76 [da:1d:44:a9:0e:7c]
RSSI: -80 [da:15:bc:65:00:cb]
RSSI: -93 [da:17:a0:71:10:ea]
RSSI: -71 [da:1d:44:c3:0e:cc]
RSSI: -70 [da:1d:44:c3:0e:cc]
RSSI: -70 [da:1d:44:d0:0e:fc]
RSSI: -90 [da:1a:a9:9b:0d:ae]
RSSI: -69 [da:1d:44:d0:0e:fc]
RSSI: -79 [da:15:bc:99:01:6b]
RSSI: -69 [da:1d:44:d0:0e:fc]
RSSI: -81 [da:15:bc:99:01:6b]
RSSI: -91 [da:17:a0:9b:11:5a]
RSSI: -67 [da:1d:44:dc:0f:2c]
RSSI: -67 [da:1d:44:dc:0f:2c]
RSSI: -76 [da:15:bc:a9:01:9b]
RSSI: -66 [da:1d:44:e9:0f:4c]
RSSI: -78 [da:15:bc:a9:01:9b]
RSSI: -65 [da:1d:44:e9:0f:4c]
RSSI: -66 [da:1d:44:f6:0f:7c]
RSSI: -77 [da:15:bc:b5:01:bb]
RSSI: -66 [da:1d:44:f6:0f:7c]
RSSI: -65 [da:1d:44:f6:0f:7c]
RSSI: -90 [da:1a:a9:d4:0e:5e]
RSSI: -81 [da:15:bc:c6:01:eb]
RSSI: -75 [da:15:bc:c6:01:eb]
RSSI: -76 [da:15:bc:d6:02:1b]
RSSI: -64 [da:1d:45:10:0f:cc]
RSSI: -81 [da:15:bc:d6:02:1b]
RSSI: -63 [da:1d:45:10:0f:cc]
RSSI: -65 [da:1d:45:1d:0f:fc]
RSSI: -65 [da:1d:45:1d:0f:fc]
RSSI: -76 [da:15:bc:e2:02:4b]
RSSI: -63 [da:1d:45:1d:0f:fc]
RSSI: -76 [da:15:bc:e2:02:4b]
RSSI: -63 [da:1d:45:29:10:1c]
RSSI: -75 [da:15:bc:f2:02:6b]
RSSI: -65 [da:1d:45:29:10:1c]
RSSI: -75 [da:15:bc:f2:02:6b]
RSSI: -64 [da:1d:45:36:10:4c]
RSSI: -93 [da:17:a0:ee:12:4a]
RSSI: -76 [da:15:bc:f2:02:6b]
RSSI: -63 [da:1d:45:36:10:4c]
RSSI: -80 [da:15:bd:02:02:9b]
RSSI: -65 [da:1d:45:43:10:6c]
RSSI: -75 [da:15:bd:02:02:9b]
RSSI: -64 [da:1d:45:43:10:6c]
RSSI: -64 [da:1d:45:43:10:6c]
RSSI: -79 [da:15:bd:0f:02:cb]
RSSI: -64 [da:1d:45:50:10:9c]
RSSI: -66 [da:1d:45:50:10:9c]
RSSI: -76 [da:15:bd:1f:02:fb]
RSSI: -64 [da:1d:45:5d:10:bc]
RSSI: -79 [da:15:bd:1f:02:fb]
RSSI: -64 [da:1d:45:5d:10:bc]
RSSI: -66 [da:1d:45:6a:10:ec]
RSSI: -75 [da:15:bd:2f:03:2b]
RSSI: -65 [da:1d:45:6a:10:ec]
RSSI: -76 [da:15:bd:2f:03:2b]
RSSI: -65 [da:1d:45:6a:10:ec]
RSSI: -66 [da:1d:45:76:11:1c]
RSSI: -67 [da:1d:45:83:11:3c]
RSSI: -78 [da:15:bd:4c:03:7b]
RSSI: -68 [da:1d:45:83:11:3c]
RSSI: -70 [da:1d:45:90:11:6c]
RSSI: -70 [da:1d:45:90:11:6c]
RSSI: -76 [da:15:bd:59:03:9b]
RSSI: -70 [da:1d:45:90:11:6c]
RSSI: -78 [da:15:bd:59:03:9b]
RSSI: -72 [da:1d:45:9d:11:8c]
RSSI: -74 [da:1d:45:aa:11:bc]
RSSI: -76 [da:15:bd:69:03:cb]
RSSI: -80 [da:1d:45:aa:11:bc]
RSSI: -81 [da:15:bd:84:04:2b]
RSSI: -82 [da:1d:45:c3:12:0c]
RSSI: -80 [da:15:bd:93:04:4b]
RSSI: -82 [da:1d:45:d0:12:2c]
RSSI: -76 [da:1d:45:d0:12:2c]
RSSI: -82 [da:1d:45:dd:12:5c]
RSSI: -78 [da:15:bd:a0:04:7b]
RSSI: -76 [da:1d:45:dd:12:5c]
RSSI: -82 [da:15:bd:a0:04:7b]
RSSI: -74 [da:1d:45:ea:12:7c]
RSSI: -78 [da:1d:45:ea:12:7c]
RSSI: -78 [da:1d:45:ea:12:7c]
RSSI: -75 [da:1d:45:f7:12:9c]
RSSI: -76 [da:1d:45:f7:12:9c]
RSSI: -78 [da:1d:46:04:12:cc]
RSSI: -82 [da:15:bd:ca:04:fb]
RSSI: -78 [da:1d:46:04:12:cc]
RSSI: -80 [da:1d:46:11:12:ec]
RSSI: -81 [da:15:bd:d9:05:1b]
RSSI: -81 [da:1d:46:11:12:ec]
RSSI: -83 [da:15:bd:d9:05:1b]
RSSI: -84 [da:1d:46:1e:13:1c]
RSSI: -83 [da:15:bd:e8:05:4b]
RSSI: -80 [da:15:bd:e8:05:4b]
RSSI: -87 [da:1d:46:2a:13:4c]
RSSI: -79 [da:15:bd:f4:05:6b]
RSSI: -79 [da:15:bd:f4:05:6b]
RSSI: -77 [da:15:be:03:05:9b]
RSSI: -79 [da:15:be:03:05:9b]
RSSI: -77 [da:15:be:12:05:cb]
RSSI: -82 [da:1d:46:51:13:bc]
RSSI: -80 [da:15:be:1f:05:eb]
RSSI: -79 [da:15:be:1f:05:eb]
RSSI: -83 [da:1d:46:5e:13:ec]
RSSI: -78 [da:15:be:2e:06:1b]
RSSI: -81 [da:1d:46:6b:14:0c]
RSSI: -80 [da:15:be:2e:06:1b]
RSSI: -84 [da:1d:46:6b:14:0c]
RSSI: -80 [da:15:be:3c:06:4b]
RSSI: -86 [da:1d:46:78:14:3c]
RSSI: -79 [da:15:be:3c:06:4b]
RSSI: -83 [da:1d:46:78:14:3c]
RSSI: -79 [da:15:be:3c:06:4b]
RSSI: -91 [da:1d:46:84:14:6c]
RSSI: -79 [da:15:be:49:06:6b]
RSSI: -85 [da:1d:46:91:14:8c]
RSSI: -83 [da:1d:46:91:14:8c]
RSSI: -82 [da:15:be:58:06:9b]
RSSI: -83 [da:1d:46:91:14:8c]
RSSI: -88 [da:1d:46:9e:14:bc]
RSSI: -80 [da:15:be:67:06:cb]
RSSI: -83 [da:1d:46:9e:14:bc]
RSSI: -87 [da:1d:46:ab:14:dc]
RSSI: -81 [da:15:be:73:06:eb]
RSSI: -81 [da:15:be:73:06:eb]
RSSI: -83 [da:1d:46:b8:15:0c]
RSSI: -83 [da:1d:46:b8:15:0c]
RSSI: -82 [da:15:be:82:07:1b]
RSSI: -88 [da:1d:46:c5:15:2c]
RSSI: -84 [da:1d:46:c5:15:2c]
RSSI: -81 [da:15:be:91:07:4b]
RSSI: -83 [da:15:be:91:07:4b]
RSSI: -80 [da:15:be:9e:07:6b]
RSSI: -82 [da:15:be:ad:07:9b]
RSSI: -80 [da:15:be:ad:07:9b]
RSSI: -85 [da:1d:46:ec:15:ac]
RSSI: -82 [da:15:be:bb:07:cb]
RSSI: -82 [da:15:be:bb:07:cb]
RSSI: -88 [da:1d:46:f8:15:cc]
RSSI: -81 [da:15:be:c8:07:eb]
RSSI: -81 [da:1d:47:05:15:fc]
RSSI: -87 [da:15:be:c8:07:eb]
RSSI: -85 [da:1d:47:12:16:2c]
RSSI: -82 [da:15:be:d7:08:1b]
RSSI: -84 [da:1d:47:12:16:2c]
RSSI: -87 [da:1d:47:1f:16:4c]
RSSI: -88 [da:15:be:f2:08:6b]
RSSI: -89 [da:1d:47:2c:16:7c]
RSSI: -81 [da:15:be:f2:08:6b]
RSSI: -82 [da:15:bf:01:08:9b]
RSSI: -90 [da:15:bf:01:08:9b]
RSSI: -80 [da:15:bf:10:08:cb]
RSSI: -82 [da:15:bf:10:08:cb]
RSSI: -86 [da:1d:47:53:00:7c]
RSSI: -80 [da:15:bf:1d:08:eb]
RSSI: -85 [da:1d:47:60:00:ac]
RSSI: -85 [da:15:bf:2c:09:1b]
RSSI: -80 [da:15:bf:2c:09:1b]
RSSI: -85 [da:1d:47:6c:00:cc]
RSSI: -81 [da:15:bf:3b:09:4b]
RSSI: -83 [da:1d:47:79:00:fc]
RSSI: -79 [da:15:bf:47:09:6b]
RSSI: -81 [da:15:bf:47:09:6b]
RSSI: -83 [da:1d:47:86:01:1c]
RSSI: -80 [da:15:bf:47:09:6b]
RSSI: -86 [da:1d:47:93:01:4c]
RSSI: -79 [da:15:bf:56:09:9b]
RSSI: -87 [da:1d:47:93:01:4c]
RSSI: -82 [da:15:bf:65:09:cb]
RSSI: -81 [da:1d:47:a0:01:7c]
RSSI: -82 [da:1d:47:ad:01:9c]
RSSI: -80 [da:15:bf:72:09:eb]
RSSI: -80 [da:15:bf:81:0a:1b]
RSSI: -80 [da:15:bf:81:0a:1b]
RSSI: -79 [da:15:bf:81:0a:1b]
RSSI: -79 [da:15:bf:81:0a:1b]
RSSI: -82 [da:15:bf:90:0a:4b]
RSSI: -76 [da:1d:47:c7:01:ec]
RSSI: -81 [da:15:bf:90:0a:4b]
RSSI: -79 [da:1d:47:d4:02:1c]
RSSI: -81 [da:15:bf:9c:0a:6b]
RSSI: -82 [da:15:bf:9c:0a:6b]
RSSI: -82 [da:1d:47:e1:02:3c]
RSSI: -81 [da:1d:47:e1:02:3c]
RSSI: -81 [da:15:bf:ab:0a:9b]
RSSI: -80 [da:1d:47:ee:02:6c]
RSSI: -81 [da:1d:47:ee:02:6c]
RSSI: -84 [da:15:bf:ba:0a:bb]
RSSI: -82 [da:15:bf:ba:0a:bb]
RSSI: -84 [da:1d:47:fb:02:8c]
RSSI: -81 [da:15:bf:c7:0a:eb]
RSSI: -83 [da:15:bf:c7:0a:eb]
RSSI: -83 [da:15:bf:d6:0b:1b]
RSSI: -81 [da:15:bf:d6:0b:1b]
RSSI: -82 [da:1d:48:15:02:dc]
RSSI: -81 [da:15:bf:d6:0b:1b]
RSSI: -83 [da:15:bf:e5:0b:3b]
RSSI: -82 [da:15:bf:e5:0b:3b]
RSSI: -84 [da:15:bf:f1:0b:6b]
RSSI: -84 [da:15:bf:f1:0b:6b]
RSSI: -83 [da:15:bf:f1:0b:6b]
RSSI: -89 [da:1d:48:2e:03:2c]
RSSI: -81 [da:1d:48:3b:03:5c]
RSSI: -81 [da:15:c0:00:0b:8b]
RSSI: -85 [da:15:c0:00:0b:8b]
RSSI: -84 [da:15:c0:0f:0b:bb]
RSSI: -81 [da:15:c0:0f:0b:bb]
RSSI: -83 [da:1d:48:62:03:dc]
RSSI: -90 [da:15:c0:2b:0c:0b]
RSSI: -88 [da:1d:48:6f:03:fc]
RSSI: -83 [da:1d:48:6f:03:fc]
RSSI: -84 [da:15:c0:3a:0c:3b]
RSSI: -83 [da:1d:48:7c:04:2c]
RSSI: -86 [da:15:c0:46:0c:5b]
RSSI: -83 [da:1d:48:89:04:4c]
RSSI: -82 [da:1d:48:96:04:7c]
RSSI: -83 [da:1d:48:96:04:7c]
RSSI: -81 [da:1d:48:a3:04:9c]
RSSI: -81 [da:1d:48:a3:04:9c]
RSSI: -84 [da:1d:48:b0:04:cc]
RSSI: -84 [da:1d:48:b0:04:cc]
RSSI: -81 [da:1d:48:bd:04:ec]
RSSI: -85 [da:1d:48:bd:04:ec]
RSSI: -85 [da:1d:48:c9:05:1c]
RSSI: -89 [da:15:c0:8f:0d:3b]
RSSI: -83 [da:1d:48:c9:05:1c]
RSSI: -84 [da:1d:48:d7:05:3c]
RSSI: -89 [da:15:c0:9b:0d:5b]
RSSI: -86 [da:1d:48:d7:05:3c]
RSSI: -88 [da:15:c0:9b:0d:5b]
RSSI: -84 [da:1d:48:e4:05:6c]
RSSI: -85 [da:1d:48:e4:05:6c]
RSSI: -88 [da:1d:48:f0:05:9c]
RSSI: -86 [da:1d:48:f0:05:9c]
RSSI: -90 [da:15:c0:c6:0d:db]
RSSI: -88 [da:1d:49:0b:05:ec]
RSSI: -85 [da:1d:49:0b:05:ec]
RSSI: -90 [da:1d:49:17:06:0c]
RSSI: -94 [da:15:c0:e4:0e:3b]
RSSI: -91 [da:1d:49:31:06:5c]
RSSI: -85 [da:1d:49:31:06:5c]
RSSI: -91 [da:17:a4:ff:07:9a]
RSSI: -91 [da:17:a5:0c:07:ba]
RSSI: -93 [da:17:a5:1a:07:ea]
RSSI: -88 [da:15:c1:2a:0f:0b]
RSSI: -89 [da:17:a5:29:08:0a]
RSSI: -84 [da:1d:49:65:07:0c]
RSSI: -87 [da:15:c1:46:0f:5b]
RSSI: -87 [da:15:c1:55:0f:8b]
RSSI: -91 [da:15:c1:55:0f:8b]
RSSI: -91 [da:17:a5:53:08:8a]
RSSI: -86 [da:15:c1:64:0f:bb]
RSSI: -88 [da:17:a5:60:08:aa]
RSSI: -85 [da:1d:49:a6:07:dc]
RSSI: -87 [da:17:a5:6e:08:da]
RSSI: -85 [da:15:c1:70:0f:db]
RSSI: -87 [da:17:a5:6e:08:da]
RSSI: -90 [da:15:c1:7f:10:0b]
RSSI: -85 [da:15:c1:8e:10:3b]
RSSI: -86 [da:17:a5:89:09:1a]
RSSI: -91 [da:1d:49:cd:08:5c]
RSSI: -85 [da:15:c1:9b:10:5b]
RSSI: -85 [da:17:a5:98:09:4a]
RSSI: -84 [da:17:a5:a7:09:7a]
RSSI: -84 [da:15:c1:aa:10:8b]
RSSI: -83 [da:17:a5:a7:09:7a]
RSSI: -86 [da:15:c1:b9:10:bb]
RSSI: -86 [da:17:a5:b3:09:9a]
RSSI: -88 [da:1d:49:f4:08:cc]
RSSI: -84 [da:17:a5:b3:09:9a]
RSSI: -81 [da:15:c1:c6:10:db]
RSSI: -84 [da:17:a5:c2:09:ba]
RSSI: -84 [da:17:a5:c2:09:ba]
RSSI: -82 [da:15:c1:d5:11:0b]
RSSI: -88 [da:1d:4a:0e:09:2c]
RSSI: -84 [da:17:a5:d1:09:ea]
RSSI: -80 [da:15:c1:d5:11:0b]
RSSI: -83 [da:17:a5:d1:09:ea]
RSSI: -83 [da:15:c1:e4:11:2b]
RSSI: -81 [da:15:c1:e4:11:2b]
RSSI: -84 [da:17:a5:dd:0a:0a]
RSSI: -82 [da:17:a5:dd:0a:0a]
RSSI: -92 [da:1d:4a:28:09:7c]
RSSI: -84 [da:17:a5:ec:0a:3a]
RSSI: -83 [da:17:a5:ec:0a:3a]
RSSI: -88 [da:1d:4a:42:09:cc]
RSSI: -82 [da:17:a6:07:0a:8a]
RSSI: -81 [da:15:c2:0f:11:ab]
RSSI: -84 [da:17:a6:07:0a:8a]
RSSI: -83 [da:15:c2:0f:11:ab]
RSSI: -81 [da:15:c2:1b:11:db]
RSSI: -84 [da:17:a6:16:0a:ba]
RSSI: -81 [da:15:c2:1b:11:db]
RSSI: -89 [da:1d:4a:5c:0a:1c]
RSSI: -83 [da:17:a6:25:0a:da]
RSSI: -83 [da:15:c2:2a:12:0b]
RSSI: -90 [da:1d:4a:69:0a:4c]
RSSI: -88 [da:1d:4a:69:0a:4c]
RSSI: -83 [da:15:c2:39:12:2b]
RSSI: -86 [da:1d:4a:76:0a:6c]
RSSI: -86 [da:17:a6:31:0b:0a]
RSSI: -84 [da:1d:4a:76:0a:6c]
RSSI: -83 [da:17:a6:40:0b:2a]
RSSI: -87 [da:1d:4a:83:0a:9c]
RSSI: -81 [da:15:c2:46:12:5b]
RSSI: -84 [da:17:a6:40:0b:2a]
RSSI: -86 [da:1d:4a:83:0a:9c]
RSSI: -82 [da:15:c2:46:12:5b]
RSSI: -84 [da:17:a6:40:0b:2a]
RSSI: -82 [da:1d:4a:90:0a:cc]
RSSI: -82 [da:15:c2:55:12:7b]
RSSI: -85 [da:17:a6:4f:0b:5a]
RSSI: -91 [da:1d:4a:90:0a:cc]
RSSI: -81 [da:15:c2:55:12:7b]
RSSI: -81 [da:15:c2:64:12:ab]
RSSI: -86 [da:17:a6:5b:0b:7a]
RSSI: -85 [da:17:a6:5b:0b:7a]
RSSI: -80 [da:15:c2:71:12:cb]
RSSI: -87 [da:1d:4a:aa:0b:1c]
RSSI: -86 [da:1d:4a:b8:0b:4c]
RSSI: -79 [da:15:c2:80:12:fb]
RSSI: -78 [da:15:c2:80:12:fb]
RSSI: -85 [da:1d:4a:c4:0b:6c]
RSSI: -82 [da:15:c2:8f:13:2b]
RSSI: -81 [da:1d:4a:c4:0b:6c]
RSSI: -78 [da:15:c2:8f:13:2b]
RSSI: -85 [da:1d:4a:d1:0b:9c]
RSSI: -77 [da:15:c2:9b:13:4b]
RSSI: -80 [da:15:c2:9b:13:4b]
RSSI: -78 [da:15:c2:ab:13:7b]
RSSI: -80 [da:1d:4a:eb:0b:ec]
RSSI: -79 [da:15:c2:ba:13:ab]
RSSI: -81 [da:1d:4a:f9:0c:1c]
RSSI: -81 [da:1d:4a:f9:0c:1c]
RSSI: -82 [da:15:c2:c6:13:cb]
RSSI: -90 [da:17:a6:be:0c:9a]
RSSI: -81 [da:15:c2:c6:13:cb]
RSSI: -81 [da:1d:4b:06:0c:3c]
RSSI: -81 [da:15:c2:d5:13:fb]
RSSI: -78 [da:1d:4b:12:0c:6c]
RSSI: -82 [da:15:c2:d5:13:fb]
RSSI: -82 [da:15:c2:e4:14:2b]
RSSI: -80 [da:1d:4b:20:0c:9c]
RSSI: -82 [da:15:c2:e4:14:2b]
RSSI: -83 [da:15:c2:f1:14:4b]
RSSI: -82 [da:1d:4b:2d:0c:bc]
RSSI: -83 [da:15:c2:f1:14:4b]
RSSI: -87 [da:15:c3:00:14:7b]
RSSI: -79 [da:1d:4b:39:0c:ec]
RSSI: -85 [da:15:c3:00:14:7b]
RSSI: -81 [da:1d:4b:47:0d:0c]
RSSI: -78 [da:1d:4b:54:0d:3c]
RSSI: -77 [da:1d:4b:54:0d:3c]
RSSI: -74 [da:1d:4b:61:0d:6c]
RSSI: -74 [da:1d:4b:61:0d:6c]
RSSI: -87 [da:15:c3:2b:14:eb]
RSSI: -75 [da:1d:4b:6e:0d:8c]
RSSI: -87 [da:15:c3:3a:15:1b]
RSSI: -77 [da:1d:4b:7b:0d:bc]
RSSI: -86 [da:15:c3:47:15:3b]
RSSI: -72 [da:1d:4b:88:0d:dc]
RSSI: -80 [da:1d:4b:88:0d:dc]
RSSI: -78 [da:1d:4b:95:0e:0c]
RSSI: -87 [da:15:c3:56:15:6b]
RSSI: -76 [da:1d:4b:95:0e:0c]
RSSI: -85 [da:15:c3:65:15:9b]
RSSI: -88 [da:1d:4b:a2:0e:3c]
RSSI: -93 [da:1a:b0:7e:0b:3e]
RSSI: -89 [da:1d:4b:af:0e:5c]
RSSI: -86 [da:15:c3:71:15:bb]
RSSI: -79 [da:1d:4b:af:0e:5c]
RSSI: -71 [da:1d:4b:d6:0e:dc]
RSSI: -83 [da:15:c3:9c:16:3b]
RSSI: -70 [da:1d:4b:d6:0e:dc]
RSSI: -68 [da:1d:4b:e3:0f:0c]
RSSI: -86 [da:15:c3:ac:16:6b]
RSSI: -89 [da:1a:b0:b8:0b:de]
RSSI: -67 [da:1d:4b:e3:0f:0c]
RSSI: -86 [da:15:c3:ac:16:6b]
RSSI: -68 [da:1d:4b:f1:0f:2c]
RSSI: -66 [da:1d:4b:f1:0f:2c]
RSSI: -83 [da:15:c3:bb:00:0b]
RSSI: -82 [da:15:c3:c7:00:2b]
RSSI: -64 [da:1d:4c:0b:0f:7c]
RSSI: -65 [da:1d:4c:0b:0f:7c]
RSSI: -64 [da:1d:4c:0b:0f:7c]
RSSI: -64 [da:1d:4c:18:0f:ac]
RSSI: -89 [da:1a:b0:f3:0c:8e]
RSSI: -65 [da:1d:4c:24:0f:dc]
RSSI: -82 [da:15:c3:f2:00:ab]
RSSI: -63 [da:1d:4c:32:0f:fc]
RSSI: -81 [da:15:c4:01:00:db]
RSSI: -65 [da:1d:4c:3f:10:2c]
RSSI: -92 [da:1a:b1:0f:0c:de]
RSSI: -82 [da:15:c4:01:00:db]
RSSI: -64 [da:1d:4c:3f:10:2c]
RSSI: -84 [da:15:c4:10:00:fb]
RSSI: -64 [da:1d:4c:59:10:7c]
RSSI: -65 [da:1d:4c:66:10:ac]
RSSI: -81 [da:15:c4:2c:01:5b]
RSSI: -67 [da:1d:4c:73:10:cc]
RSSI: -79 [da:15:c4:3b:01:8b]
RSSI: -67 [da:1d:4c:73:10:cc]
RSSI: -67 [da:1d:4c:73:10:cc]
RSSI: -96 [da:17:a8:39:10:ca]
RSSI: -80 [da:15:c4:3b:01:8b]
RSSI: -67 [da:1d:4c:80:10:fc]
RSSI: -79 [da:15:c4:48:01:ab]
RSSI: -78 [da:15:c4:48:01:ab]
RSSI: -69 [da:1d:4c:8e:11:2c]
RSSI: -82 [da:15:c4:57:01:db]
RSSI: -89 [da:1a:b1:66:0d:de]
RSSI: -72 [da:1d:4c:9a:11:4c]
RSSI: -78 [da:15:c4:66:02:0b]
RSSI: -74 [da:1d:4c:a8:11:7c]
RSSI: -75 [da:1d:4c:a8:11:7c]
RSSI: -77 [da:15:c4:73:02:2b]
RSSI: -79 [da:15:c4:73:02:2b]
RSSI: -76 [da:1d:4c:b5:11:9c]
RSSI: -78 [da:15:c4:82:02:5b]
RSSI: -83 [da:1d:4c:c1:11:cc]
RSSI: -87 [da:1d:4c:c1:11:cc]
RSSI: -79 [da:15:c4:91:02:8b]
RSSI: -86 [da:1d:4c:cf:11:ec]
RSSI: -79 [da:15:c4:91:02:8b]
RSSI: -89 [da:1d:4c:dc:12:1c]
RSSI: -79 [da:15:c4:9e:02:ab]
RSSI: -81 [da:1d:4c:dc:12:1c]
RSSI: -77 [da:15:c4:ad:02:db]
RSSI: -78 [da:15:c4:ad:02:db]
RSSI: -81 [da:1d:4c:e9:12:4c]
RSSI: -79 [da:15:c4:ad:02:db]
RSSI: -82 [da:15:c4:bc:03:0b]
RSSI: -79 [da:1d:4c:f6:12:6c]
RSSI: -80 [da:15:c4:bc:03:0b]
RSSI: -82 [da:1d:4c:f6:12:6c]
RSSI: -80 [da:1d:4d:03:12:9c]
RSSI: -80 [da:15:c4:c9:03:2b]
RSSI: -79 [da:1d:4d:03:12:9c]
RSSI: -81 [da:15:c4:c9:03:2b]
RSSI: -82 [da:1d:4d:10:12:bc]
RSSI: -82 [da:1d:4d:10:12:bc]
RSSI: -82 [da:15:c4:d8:03:5b]
RSSI: -87 [da:1d:4d:2b:13:1c]
RSSI: -84 [da:15:c4:f4:03:ab]
RSSI: -85 [da:15:c4:f4:03:ab]
RSSI: -85 [da:15:c5:03:03:db]
RSSI: -83 [da:15:c5:12:04:0b]
RSSI: -82 [da:15:c5:12:04:0b]
RSSI: -85 [da:15:c5:1f:04:2b]
RSSI: -89 [da:15:c5:2e:04:5b]
RSSI: -85 [da:15:c5:3d:04:8b]
RSSI: -85 [da:1d:4d:74:13:fc]
RSSI: -85 [da:15:c5:3d:04:8b]
RSSI: -86 [da:15:c5:4a:04:ab]
RSSI: -86 [da:1d:4d:82:14:2c]
RSSI: -86 [da:15:c5:59:04:db]
RSSI: -88 [da:1d:4d:9c:14:7c]
RSSI: -90 [da:15:c5:59:04:db]
RSSI: -85 [da:15:c5:68:05:0b]
RSSI: -91 [da:1d:4d:b6:14:cc]
RSSI: -85 [da:15:c5:84:05:5b]
RSSI: -87 [da:1d:4d:c3:14:fc]
RSSI: -84 [da:15:c5:a0:05:ab]
RSSI: -86 [da:15:c5:a0:05:ab]
RSSI: -84 [da:15:c5:cb:06:2b]
RSSI: -88 [da:1d:4e:05:15:bc]
RSSI: -82 [da:15:c5:cb:06:2b]
RSSI: -82 [da:1d:4e:12:15:ec]
RSSI: -85 [da:15:c5:db:06:5b]
RSSI: -86 [da:1d:4e:1f:16:1c]
RSSI: -83 [da:1d:4e:1f:16:1c]
RSSI: -81 [da:15:c5:ea:06:8b]
RSSI: -84 [da:1d:4e:1f:16:1c]
RSSI: -87 [da:1d:4e:2c:16:3c]
RSSI: -82 [da:15:c5:f7:06:ab]
RSSI: -83 [da:15:c5:f7:06:ab]
RSSI: -83 [da:15:c6:06:06:db]
RSSI: -92 [da:1d:4e:47:00:0c]
RSSI: -84 [da:15:c6:06:06:db]
RSSI: -88 [da:15:c6:15:07:0b]
RSSI: -82 [da:15:c6:15:07:0b]
RSSI: -84 [da:15:c6:22:07:2b]
RSSI: -88 [da:1d:4e:61:00:5c]
RSSI: -84 [da:15:c6:22:07:2b]
RSSI: -91 [da:1d:4e:61:00:5c]
RSSI: -85 [da:15:c6:31:07:5b]
RSSI: -86 [da:1d:4e:6e:00:7c]
RSSI: -85 [da:1d:4e:7b:00:ac]
RSSI: -84 [da:15:c6:4d:07:ab]
RSSI: -80 [da:15:c6:4d:07:ab]
RSSI: -84 [da:15:c6:5c:07:db]
RSSI: -83 [da:15:c6:5c:07:db]
RSSI: -88 [da:1d:4e:a2:01:2c]
RSSI: -80 [da:15:c6:6b:08:0b]
RSSI: -86 [da:1d:4e:a2:01:2c]
RSSI: -84 [da:15:c6:6b:08:0b]
RSSI: -86 [da:1d:4e:a2:01:2c]
RSSI: -84 [da:1d:4e:b0:01:4c]
RSSI: -81 [da:15:c6:78:08:2b]
RSSI: -83 [da:15:c6:78:08:2b]
RSSI: -85 [da:1d:4e:bd:01:7c]
RSSI: -81 [da:1d:4e:bd:01:7c]
RSSI: -82 [da:15:c6:87:08:5b]
RSSI: -89 [da:1d:4e:ca:01:9c]
RSSI: -82 [da:15:c6:87:08:5b]
RSSI: -83 [da:15:c6:96:08:8b]
RSSI: -86 [da:1d:4e:d7:01:cc]
RSSI: -83 [da:15:c6:a3:08:ab]
RSSI: -84 [da:15:c6:a3:08:ab]
RSSI: -84 [da:15:c6:a3:08:ab]
RSSI: -80 [da:1d:4e:e5:01:fc]
RSSI: -83 [da:15:c6:b2:08:db]
RSSI: -87 [da:1d:4e:f1:02:1c]
RSSI: -83 [da:15:c6:b2:08:db]
RSSI: -83 [da:1d:4e:f1:02:1c]
RSSI: -87 [da:15:c6:c2:09:0b]
RSSI: -84 [da:15:c6:c2:09:0b]
RSSI: -89 [da:1d:4e:ff:02:4c]
RSSI: -83 [da:15:c6:ce:09:2b]
RSSI: -86 [da:1d:4f:0c:02:6c]
RSSI: -88 [da:15:c6:ce:09:2b]
RSSI: -84 [da:15:c6:de:09:5b]
RSSI: -85 [da:15:c6:ed:09:8b]
RSSI: -85 [da:15:c6:f9:09:ab]
RSSI: -85 [da:1d:4f:34:02:ec]
RSSI: -83 [da:15:c6:f9:09:ab]
RSSI: -83 [da:15:c7:09:09:db]
RSSI: -85 [da:15:c7:09:09:db]
RSSI: -86 [da:15:c7:09:09:db]
RSSI: -84 [da:15:c7:18:0a:0b]
RSSI: -82 [da:15:c7:18:0a:0b]
RSSI: -85 [da:1d:4f:5c:03:6c]
RSSI: -84 [da:15:c7:25:0a:2b]
RSSI: -84 [da:15:c7:25:0a:2b]
RSSI: -86 [da:1d:4f:68:03:8c]
RSSI: -84 [da:15:c7:34:0a:5b]
RSSI: -89 [da:1d:4f:76:03:bc]
RSSI: -85 [da:15:c7:43:0a:8b]
RSSI: -88 [da:1d:4f:76:03:bc]
RSSI: -83 [da:15:c7:43:0a:8b]
RSSI: -87 [da:1d:4f:83:03:ec]
RSSI: -84 [da:15:c7:50:0a:bb]
RSSI: -84 [da:15:c7:50:0a:bb]
RSSI: -86 [da:1d:4f:90:04:0c]
RSSI: -85 [da:15:c7:50:0a:bb]
RSSI: -87 [da:1d:4f:90:04:0c]
RSSI: -84 [da:15:c7:5f:0a:db]
RSSI: -84 [da:15:c7:6e:0b:0b]
RSSI: -86 [da:15:c7:6e:0b:0b]
RSSI: -87 [da:1d:4f:ab:04:6c]
RSSI: -84 [da:15:c7:7b:0b:3b]
RSSI: -87 [da:1d:4f:b7:04:8c]
RSSI: -87 [da:15:c7:7b:0b:3b]
RSSI: -88 [da:1d:4f:b7:04:8c]
RSSI: -85 [da:15:c7:8a:0b:6b]
RSSI: -85 [da:1d:4f:c5:04:bc]
RSSI: -86 [da:1d:4f:d2:04:dc]
RSSI: -86 [da:15:c7:9a:0b:8b]
RSSI: -86 [da:1d:4f:ec:05:3c]
RSSI: -86 [da:15:c7:b6:0b:eb]
RSSI: -86 [da:15:c7:b6:0b:eb]
RSSI: -88 [da:1d:4f:fa:05:5c]
RSSI: -87 [da:15:c7:c5:0c:1b]
RSSI: -90 [da:1d:50:07:05:8c]
RSSI: -89 [da:15:c7:d2:0c:3b]
RSSI: -89 [da:1d:50:14:05:ac]
RSSI: -95 [da:1d:50:2e:06:0c]
RSSI: -92 [da:1d:50:3c:06:2c]
RSSI: -85 [da:1d:50:56:06:8c]
RSSI: -88 [da:1d:50:7e:06:fc]
RSSI: -89 [da:15:c8:47:0d:9b]
RSSI: -91 [da:15:c8:54:0d:bb]
RSSI: -87 [da:1d:50:99:07:5c]
RSSI: -89 [da:1d:50:a5:07:7c]
RSSI: -83 [da:1d:50:b3:07:ac]
RSSI: -89 [da:15:c8:8e:0e:6b]
RSSI: -84 [da:1d:50:db:08:2c]
RSSI: -90 [da:15:c8:9e:0e:9b]
RSSI: -89 [da:15:c8:c9:0f:1b]
RSSI: -90 [da:1d:51:02:08:ac]
RSSI: -92 [da:17:ac:c8:07:8a]
RSSI: -90 [da:15:c8:d6:0f:3b]
RSSI: -88 [da:1d:51:10:08:dc]
RSSI: -87 [da:1d:51:1c:08:fc]
RSSI: -87 [da:15:c8:e5:0f:6b]
RSSI: -88 [da:15:c8:f4:0f:9b]
RSSI: -94 [da:17:ac:f3:08:0a]
RSSI: -89 [da:1d:51:38:09:5c]
RSSI: -95 [da:1d:51:52:09:ac]
RSSI: -91 [da:15:c9:20:10:1b]
RSSI: -90 [da:15:c9:20:10:1b]
RSSI: -93 [da:17:ad:1d:08:7a]
RSSI: -91 [da:15:c9:2c:10:3b]
RSSI: -87 [da:1d:51:7a:0a:2c]
RSSI: -88 [da:17:ad:48:08:fa]
RSSI: -84 [da:1d:51:87:0a:4c]
RSSI: -88 [da:15:c9:58:10:bb]
RSSI: -86 [da:1d:51:94:0a:7c]
RSSI: -86 [da:17:ad:55:09:1a]
RSSI: -85 [da:17:ad:55:09:1a]
RSSI: -86 [da:15:c9:67:10:eb]
RSSI: -88 [da:15:c9:67:10:eb]
RSSI: -85 [da:17:ad:64:09:4a]
RSSI: -88 [da:15:c9:67:10:eb]
RSSI: -89 [da:17:ad:73:09:7a]
RSSI: -84 [da:15:c9:77:11:1b]
RSSI: -85 [da:1d:51:bc:0a:fc]
RSSI: -85 [da:1d:51:bc:0a:fc]
RSSI: -84 [da:17:ad:7f:09:9a]
RSSI: -89 [da:1d:51:c9:0b:2c]
RSSI: -87 [da:17:ad:7f:09:9a]
RSSI: -91 [da:15:c9:93:11:6b]
RSSI: -84 [da:1d:51:c9:0b:2c]
RSSI: -86 [da:1d:51:d7:0b:4c]
RSSI: -83 [da:1d:51:e3:0b:7c]
RSSI: -83 [da:1d:51:e3:0b:7c]
RSSI: -85 [da:17:ad:aa:0a:0a]
RSSI: -86 [da:15:c9:af:11:bb]
RSSI: -85 [da:17:ad:aa:0a:0a]
RSSI: -84 [da:17:ad:aa:0a:0a]
RSSI: -84 [da:1d:51:f1:0b:ac]
RSSI: -83 [da:17:ad:b9:0a:3a]
RSSI: -87 [da:1d:51:ff:0b:dc]
RSSI: -86 [da:17:ad:c8:0a:6a]
RSSI: -85 [da:17:ad:c8:0a:6a]
RSSI: -83 [da:1d:52:0b:0b:fc]
RSSI: -84 [da:17:ad:d5:0a:8a]
RSSI: -82 [da:1d:52:19:0c:2c]
RSSI: -87 [da:17:ad:d5:0a:8a]
RSSI: -86 [da:17:ad:e4:0a:ba]
RSSI: -85 [da:1d:52:26:0c:5c]
RSSI: -88 [da:17:ad:e4:0a:ba]
RSSI: -89 [da:17:ad:f3:0a:ea]
RSSI: -81 [da:1d:52:33:0c:7c]
RSSI: -87 [da:17:ad:ff:0b:0a]
RSSI: -85 [da:1d:52:4e:0c:dc]
RSSI: -82 [da:1d:52:4e:0c:dc]
RSSI: -89 [da:17:ae:0f:0b:2a]
RSSI: -81 [da:1d:52:5b:0c:fc]
RSSI: -92 [da:17:ae:1e:0b:5a]
RSSI: -85 [da:15:ca:24:13:1b]
RSSI: -81 [da:1d:52:69:0d:2c]
RSSI: -80 [da:1d:52:69:0d:2c]
RSSI: -84 [da:1d:52:76:0d:5c]
RSSI: -85 [da:1d:52:76:0d:5c]
RSSI: -79 [da:1d:52:76:0d:5c]
RSSI: -81 [da:1d:52:83:0d:7c]
RSSI: -84 [da:15:ca:50:13:9b]
RSSI: -82 [da:1d:52:91:0d:ac]
RSSI: -83 [da:1d:52:9e:0d:dc]
RSSI: -87 [da:15:ca:6c:13:eb]
RSSI: -84 [da:15:ca:6c:13:eb]
RSSI: -86 [da:15:ca:7b:14:1b]
RSSI: -93 [da:1d:52:c6:0e:5c]
RSSI: -88 [da:15:ca:88:14:3b]
RSSI: -81 [da:1d:52:d3:0e:7c]
RSSI: -86 [da:1d:52:e0:0e:ac]
RSSI: -84 [da:1d:52:e0:0e:ac]
RSSI: -79 [da:1d:52:ee:0e:dc]
RSSI: -79 [da:1d:52:fb:0e:fc]
RSSI: -78 [da:1d:52:fb:0e:fc]
RSSI: -90 [da:15:ca:c3:14:eb]
RSSI: -77 [da:1d:53:08:0f:2c]
RSSI: -78 [da:1d:53:08:0f:2c]
RSSI: -77 [da:1d:53:16:0f:5c]
RSSI: -75 [da:1d:53:16:0f:5c]
RSSI: -77 [da:1d:53:23:0f:7c]
RSSI: -76 [da:1d:53:23:0f:7c]
RSSI: -87 [da:15:ca:df:15:3b]
RSSI: -89 [da:15:ca:f7:15:8b]
RSSI: -75 [da:1d:53:30:0f:ac]
RSSI: -88 [da:15:ca:f7:15:8b]
RSSI: -85 [da:15:cb:04:15:ab]
RSSI: -74 [da:1d:53:3e:0f:dc]
RSSI: -88 [da:15:cb:04:15:ab]
RSSI: -73 [da:1d:53:3e:0f:dc]
RSSI: -75 [da:1d:53:4b:0f:fc]
RSSI: -86 [da:15:cb:11:15:cb]
RSSI: -73 [da:1d:53:4b:0f:fc]
RSSI: -87 [da:15:cb:21:15:fb]
RSSI: -74 [da:1d:53:58:10:2c]
RSSI: -88 [da:15:cb:21:15:fb]
RSSI: -73 [da:1d:53:66:10:5c]
RSSI: -87 [da:15:cb:30:16:2b]
RSSI: -86 [da:15:cb:30:16:2b]
RSSI: -74 [da:1d:53:73:10:7c]
RSSI: -89 [da:15:cb:3d:16:5b]
RSSI: -75 [da:1d:53:80:10:ac]
RSSI: -85 [da:15:cb:4d:16:7b]
RSSI: -73 [da:1d:53:80:10:ac]
RSSI: -85 [da:15:cb:4d:16:7b]
RSSI: -75 [da:1d:53:8e:10:dc]
RSSI: -75 [da:1d:53:8e:10:dc]
RSSI: -86 [da:15:cb:5c:00:2b]
RSSI: -76 [da:1d:53:9b:10:fc]
RSSI: -86 [da:15:cb:5c:00:2b]
RSSI: -76 [da:1d:53:9b:10:fc]
RSSI: -78 [da:1d:53:a8:11:2c]
RSSI: -85 [da:15:cb:69:00:5b]
RSSI: -78 [da:1d:53:a8:11:2c]
RSSI: -79 [da:1d:53:a8:11:2c]
RSSI: -85 [da:15:cb:78:00:8b]
RSSI: -79 [da:1d:53:b6:11:4c]
RSSI: -84 [da:15:cb:78:00:8b]
RSSI: -81 [da:1d:53:b6:11:4c]
RSSI: -83 [da:1d:53:c3:11:7c]
RSSI: -83 [da:15:cb:94:00:db]
RSSI: -84 [da:1d:53:d0:11:ac]
RSSI: -83 [da:15:cb:94:00:db]
RSSI: -86 [da:1d:53:d0:11:ac]
RSSI: -82 [da:15:cb:a4:01:0b]
RSSI: -86 [da:1d:53:eb:11:fc]
RSSI: -86 [da:15:cb:b3:01:3b]
RSSI: -89 [da:1a:b8:c7:0c:9e]
RSSI: -86 [da:1a:b8:d6:0c:ce]
RSSI: -87 [da:1a:b8:d6:0c:ce]
RSSI: -87 [da:1d:54:06:12:4c]
RSSI: -88 [da:15:cb:cf:01:8b]
RSSI: -88 [da:1a:b8:e3:0c:fe]
RSSI: -88 [da:15:cb:df:01:bb]
RSSI: -88 [da:1a:b8:f3:0d:2e]
RSSI: -87 [da:1d:54:20:12:9c]
RSSI: -81 [da:15:cb:ec:01:db]
RSSI: -81 [da:15:cb:ec:01:db]
RSSI: -82 [da:15:cb:fb:02:0b]
RSSI: -77 [da:15:cb:fb:02:0b]
RSSI: -87 [da:1a:b9:0f:0d:7e]
RSSI: -80 [da:15:cc:0b:02:3b]
RSSI: -82 [da:15:cc:17:02:5b]
RSSI: -82 [da:15:cc:17:02:5b]
RSSI: -74 [da:15:cc:27:02:8b]
RSSI: -81 [da:15:cc:27:02:8b]
RSSI: -78 [da:15:cc:36:02:bb]
RSSI: -73 [da:15:cc:36:02:bb]
RSSI: -93 [da:1d:54:71:13:9c]
RSSI: -79 [da:15:cc:43:02:db]
RSSI: -88 [da:1d:54:7e:13:cc]
RSSI: -77 [da:15:cc:43:02:db]
RSSI: -91 [da:1a:b9:5b:0e:4e]
RSSI: -78 [da:15:cc:53:03:0b]
RSSI: -77 [da:15:cc:53:03:0b]
RSSI: -73 [da:15:cc:62:03:3b]
RSSI: -86 [da:1d:54:99:14:1c]
RSSI: -78 [da:15:cc:62:03:3b]
RSSI: -78 [da:15:cc:6f:03:5b]
RSSI: -91 [da:17:b0:67:11:ea]
RSSI: -74 [da:15:cc:6f:03:5b]
RSSI: -76 [da:15:cc:7e:03:8b]
RSSI: -87 [da:1d:54:c1:14:9c]
RSSI: -78 [da:15:cc:8e:03:bb]
RSSI: -77 [da:15:cc:8e:03:bb]
RSSI: -86 [da:1d:54:cf:14:cc]
RSSI: -75 [da:15:cc:9a:03:db]
RSSI: -78 [da:15:cc:9a:03:db]
RSSI: -76 [da:15:cc:aa:04:0b]
RSSI: -88 [da:1d:54:e9:15:1c]
RSSI: -78 [da:15:cc:b9:04:3b]
RSSI: -79 [da:15:cc:b9:04:3b]
RSSI: -84 [da:15:cc:c6:04:5b]
RSSI: -88 [da:1d:55:03:15:6c]
RSSI: -81 [da:15:cc:c6:04:5b]
RSSI: -84 [da:15:cc:d6:04:8b]
RSSI: -79 [da:15:cc:e5:04:bb]
RSSI: -79 [da:15:cc:e5:04:bb]
RSSI: -84 [da:1d:55:2b:15:ec]
RSSI: -86 [da:1d:55:39:16:1c]
RSSI: -90 [da:15:cd:02:05:1b]
RSSI: -87 [da:1d:55:39:16:1c]
RSSI: -91 [da:15:cd:11:05:4b]
RSSI: -90 [da:15:cd:11:05:4b]
RSSI: -92 [da:1d:55:54:16:6c]
RSSI: -86 [da:15:cd:1e:05:6b]
RSSI: -88 [da:1d:55:62:00:2c]
RSSI: -86 [da:1d:55:7c:00:7c]
RSSI: -88 [da:1d:55:7c:00:7c]
RSSI: -86 [da:1d:55:8a:00:ac]
RSSI: -87 [da:1d:55:8a:00:ac]
RSSI: -88 [da:1d:55:97:00:dc]
RSSI: -87 [da:15:cd:59:06:1b]
RSSI: -86 [da:15:cd:69:06:4b]
RSSI: -85 [da:15:cd:69:06:4b]
RSSI: -85 [da:1d:55:a4:00:fc]
RSSI: -87 [da:1d:55:b2:01:2c]
RSSI: -86 [da:15:cd:75:06:6b]
RSSI: -91 [da:15:cd:85:06:9b]
RSSI: -94 [da:15:cd:95:06:cb]
RSSI: -81 [da:1d:55:cc:01:7c]
RSSI: -83 [da:1d:55:da:01:ac]
RSSI: -85 [da:1d:55:e8:01:dc]
RSSI: -81 [da:1d:55:e8:01:dc]
RSSI: -81 [da:1d:55:f5:01:fc]
RSSI: -84 [da:1d:55:f5:01:fc]
RSSI: -92 [da:15:cd:c0:07:4b]
RSSI: -82 [da:1d:56:03:02:2c]
RSSI: -83 [da:1d:56:03:02:2c]
RSSI: -87 [da:1d:56:10:02:5c]
RSSI: -90 [da:15:cd:cd:07:7b]
RSSI: -85 [da:1d:56:10:02:5c]
RSSI: -84 [da:1d:56:10:02:5c]
RSSI: -90 [da:15:cd:dd:07:ab]
RSSI: -89 [da:1d:56:1d:02:7c]
RSSI: -89 [da:15:cd:ec:07:db]
RSSI: -88 [da:1d:56:2b:02:ac]
RSSI: -88 [da:15:cd:f9:07:fb]
RSSI: -89 [da:15:ce:09:08:2b]
RSSI: -91 [da:15:ce:25:08:7b]
RSSI: -85 [da:15:ce:35:08:ab]
RSSI: -91 [da:15:ce:35:08:ab]
RSSI: -85 [da:15:ce:44:08:db]
RSSI: -89 [da:1d:56:89:03:dc]
RSSI: -86 [da:1d:56:89:03:dc]
RSSI: -86 [da:1d:56:96:03:fc]
RSSI: -91 [da:15:ce:60:09:2b]
RSSI: -86 [da:15:ce:70:09:5b]
RSSI: -90 [da:15:ce:70:09:5b]
RSSI: -83 [da:1d:56:b1:04:4c]
RSSI: -88 [da:15:ce:7d:09:8b]
RSSI: -87 [da:1d:56:be:04:7c]
RSSI: -83 [da:1d:56:be:04:7c]
RSSI: -83 [da:1d:56:be:04:7c]
RSSI: -86 [da:1d:56:cc:04:ac]
RSSI: -85 [da:1d:56:cc:04:ac]
RSSI: -86 [da:15:ce:9c:09:db]
RSSI: -83 [da:1d:56:da:04:cc]
RSSI: -87 [da:15:ce:a9:0a:0b]
RSSI: -86 [da:1d:56:f4:05:1c]
RSSI: -82 [da:1d:56:f4:05:1c]
RSSI: -84 [da:1d:57:02:05:4c]
RSSI: -84 [da:1d:57:0f:05:7c]
RSSI: -86 [da:1d:57:0f:05:7c]
RSSI: -89 [da:15:ce:f4:0a:eb]
RSSI: -84 [da:1d:57:37:05:fc]
RSSI: -88 [da:15:cf:00:0b:0b]
RSSI: -87 [da:15:cf:00:0b:0b]
RSSI: -89 [da:1d:57:45:06:1c]
RSSI: -89 [da:1d:57:53:06:4c]
RSSI: -86 [da:15:cf:20:0b:6b]
RSSI: -84 [da:1d:57:60:06:7c]
RSSI: -88 [da:15:cf:2c:0b:8b]
RSSI: -89 [da:15:cf:2c:0b:8b]
RSSI: -88 [da:15:cf:3c:0b:bb]
RSSI: -86 [da:15:cf:4c:0b:eb]
RSSI: -89 [da:1d:57:88:06:fc]
RSSI: -86 [da:15:cf:4c:0b:eb]
RSSI: -89 [da:1d:57:96:07:2c]
RSSI: -87 [da:1d:57:96:07:2c]
RSSI: -90 [da:1d:57:a4:07:4c]
RSSI: -90 [da:15:cf:68:0c:3b]
RSSI: -84 [da:1d:57:a4:07:4c]
RSSI: -91 [da:15:cf:78:0c:6b]
RSSI: -79 [da:1d:57:be:07:ac]
RSSI: -84 [da:1d:57:cc:07:dc]
RSSI: -85 [da:1d:57:cc:07:dc]
RSSI: -87 [da:1d:57:d9:07:fc]
RSSI: -81 [da:1d:57:e7:08:2c]
RSSI: -91 [da:15:cf:b0:0d:1b]
RSSI: -89 [da:15:cf:c0:0d:4b]
RSSI: -95 [da:1d:58:01:08:7c]
RSSI: -85 [da:1d:58:01:08:7c]
RSSI: -85 [da:1d:58:0f:08:ac]
RSSI: -88 [da:1d:58:0f:08:ac]
RSSI: -86 [da:1d:58:1d:08:dc]
RSSI: -85 [da:1d:58:1d:08:dc]
RSSI: -96 [da:17:b3:f1:05:ba]
RSSI: -98 [da:15:d0:18:0e:4b]
RSSI: -96 [da:1d:58:60:09:ac]
RSSI: -92 [da:17:b4:48:06:aa]
RSSI: -94 [da:1d:58:97:0a:5c]
RSSI: -87 [da:1d:58:a3:0a:8c]
RSSI: -92 [da:1d:58:a3:0a:8c]
RSSI: -86 [da:1d:58:b1:0a:bc]
RSSI: -87 [da:1d:58:b1:0a:bc]
RSSI: -91 [da:17:b4:82:07:4a]
RSSI: -88 [da:1d:58:cc:0b:0c]
RSSI: -84 [da:1d:58:da:0b:3c]
RSSI: -88 [da:1d:58:e8:0b:5c]
RSSI: -82 [da:1d:58:e8:0b:5c]
RSSI: -86 [da:1d:58:f4:0b:8c]
RSSI: -81 [da:1d:59:02:0b:bc]
RSSI: -91 [da:1d:59:02:0b:bc]
RSSI: -85 [da:1d:59:10:0b:ec]
RSSI: -81 [da:1d:59:10:0b:ec]
RSSI: -82 [da:1d:59:1d:0c:0c]
RSSI: -89 [da:17:b4:e6:08:6a]
RSSI: -85 [da:1d:59:2b:0c:3c]
RSSI: -82 [da:1d:59:39:0c:6c]
RSSI: -80 [da:1d:59:39:0c:6c]
RSSI: -80 [da:1d:59:39:0c:6c]
RSSI: -82 [da:1d:59:46:0c:8c]
RSSI: -82 [da:1d:59:46:0c:8c]
RSSI: -85 [da:1d:59:54:0c:bc]
RSSI: -90 [da:17:b5:11:08:ea]
RSSI: -83 [da:1d:59:54:0c:bc]
RSSI: -88 [da:17:b5:21:09:1a]
RSSI: -86 [da:17:b5:21:09:1a]
RSSI: -82 [da:1d:59:6e:0d:0c]
RSSI: -86 [da:17:b5:30:09:3a]
RSSI: -81 [da:1d:59:6e:0d:0c]
RSSI: -88 [da:17:b5:30:09:3a]
RSSI: -78 [da:1d:59:6e:0d:0c]
RSSI: -76 [da:1d:59:7c:0d:3c]
RSSI: -81 [da:1d:59:7c:0d:3c]
RSSI: -76 [da:1d:59:8a:0d:6c]
RSSI: -86 [da:17:b5:4c:09:9a]
RSSI: -81 [da:1d:59:97:0d:9c]
RSSI: -86 [da:17:b5:5c:09:ba]
RSSI: -75 [da:1d:59:97:0d:9c]
RSSI: -83 [da:17:b5:5c:09:ba]
RSSI: -84 [da:17:b5:68:09:ea]
RSSI: -78 [da:1d:59:b3:0d:ec]
RSSI: -84 [da:17:b5:78:0a:1a]
RSSI: -84 [da:17:b5:78:0a:1a]
RSSI: -82 [da:1d:59:bf:0e:1c]
RSSI: -84 [da:17:b5:87:0a:3a]
RSSI: -82 [da:1d:59:ce:0e:3c]
RSSI: -83 [da:17:b5:94:0a:6a]
RSSI: -90 [da:1d:59:db:0e:6c]
RSSI: -85 [da:17:b5:94:0a:6a]
RSSI: -79 [da:1d:59:db:0e:6c]
RSSI: -84 [da:17:b5:a3:0a:8a]
RSSI: -79 [da:1d:59:e8:0e:9c]
RSSI: -76 [da:1d:59:e8:0e:9c]
RSSI: -75 [da:1d:59:f6:0e:cc]
RSSI: -85 [da:17:b5:b2:0a:ba]
RSSI: -75 [da:1d:59:f6:0e:cc]
RSSI: -85 [da:17:b5:bf:0a:da]
RSSI: -74 [da:1d:5a:04:0e:ec]
RSSI: -85 [da:17:b5:bf:0a:da]
RSSI: -73 [da:1d:5a:04:0e:ec]
RSSI: -72 [da:1d:5a:11:0f:1c]
RSSI: -87 [da:17:b5:cf:0b:0a]
RSSI: -88 [da:15:d1:e2:13:9b]
RSSI: -84 [da:17:b5:de:0b:3a]
RSSI: -85 [da:17:b5:de:0b:3a]
RSSI: -87 [da:17:b5:eb:0b:5a]
RSSI: -73 [da:1d:5a:2d:0f:6c]
RSSI: -87 [da:17:b5:eb:0b:5a]
RSSI: -70 [da:1d:5a:39:0f:9c]
RSSI: -87 [da:17:b5:fa:0b:8a]
RSSI: -73 [da:1d:5a:39:0f:9c]
RSSI: -86 [da:17:b5:fa:0b:8a]
RSSI: -71 [da:1d:5a:48:0f:cc]
RSSI: -70 [da:1d:5a:48:0f:cc]
RSSI: -73 [da:1d:5a:56:0f:ec]
RSSI: -72 [da:1d:5a:56:0f:ec]
RSSI: -71 [da:1d:5a:62:10:1c]
RSSI: -72 [da:1d:5a:62:10:1c]
RSSI: -72 [da:1d:5a:70:10:4c]
RSSI: -72 [da:1d:5a:70:10:4c]
RSSI: -74 [da:1d:5a:7e:10:6c]
RSSI: -73 [da:1d:5a:7e:10:6c]
RSSI: -76 [da:1d:5a:8b:10:9c]
RSSI: -76 [da:1d:5a:99:10:cc]
RSSI: -79 [da:1d:5a:a7:10:fc]
RSSI: -82 [da:1d:5a:b9:11:2c]
RSSI: -87 [da:1d:5a:c9:11:6c]
RSSI: -87 [da:1d:5a:d7:11:8c]
RSSI: -84 [da:1d:5a:e4:11:bc]
RSSI: -86 [da:1d:5a:f2:11:ec]
RSSI: -92 [da:15:d2:bf:16:2b]
RSSI: -86 [da:1d:5b:00:12:1c]
RSSI: -88 [da:1d:5b:0d:12:3c]
RSSI: -88 [da:1d:5b:0d:12:3c]
RSSI: -88 [da:1d:5b:0d:12:3c]
RSSI: -87 [da:1d:5b:1b:12:6c]
RSSI: -89 [da:15:d2:f8:00:5b]
RSSI: -92 [da:1d:5b:44:12:ec]
RSSI: -88 [da:15:d3:08:00:8b]
RSSI: -89 [da:15:d3:18:00:bb]
RSSI: -90 [da:15:d3:24:00:db]
RSSI: -88 [da:15:d3:24:00:db]
RSSI: -97 [da:1a:c0:4f:0c:2e]
RSSI: -85 [da:15:d3:44:01:3b]
RSSI: -90 [da:1d:5b:95:13:ec]
RSSI: -88 [da:1d:5b:a3:14:1c]
RSSI: -96 [da:1a:c0:7c:0c:ae]
RSSI: -85 [da:15:d3:7d:01:db]
RSSI: -85 [da:15:d3:8d:02:0b]
RSSI: -87 [da:15:d3:9d:02:3b]
RSSI: -84 [da:15:d3:9d:02:3b]
RSSI: -83 [da:15:d3:a9:02:6b]
RSSI: -89 [da:1d:5b:e7:14:ec]
RSSI: -79 [da:15:d3:b9:02:9b]
RSSI: -82 [da:15:d3:b9:02:9b]
RSSI: -83 [da:15:d3:c9:02:cb]
RSSI: -82 [da:15:d3:c9:02:cb]
RSSI: -87 [da:1d:5c:02:15:3c]
RSSI: -85 [da:15:d3:d6:02:eb]
RSSI: -80 [da:15:d3:d6:02:eb]
RSSI: -82 [da:15:d3:e6:03:1b]
RSSI: -78 [da:15:d3:e6:03:1b]
RSSI: -72 [da:15:d3:f6:03:4b]
RSSI: -80 [da:15:d3:f6:03:4b]
RSSI: -75 [da:15:d4:02:03:6b]
RSSI: -71 [da:15:d4:02:03:6b]
RSSI: -70 [da:15:d4:02:03:6b]
RSSI: -75 [da:15:d4:12:03:9b]
RSSI: -88 [da:1d:5c:53:16:3c]
RSSI: -77 [da:15:d4:22:03:cb]
RSSI: -75 [da:15:d4:22:03:cb]
RSSI: -76 [da:15:d4:2f:03:fb]
RSSI: -72 [da:15:d4:3f:04:2b]
RSSI: -73 [da:15:d4:3f:04:2b]
RSSI: -76 [da:15:d4:3f:04:2b]
RSSI: -75 [da:15:d4:4f:04:5b]
RSSI: -76 [da:15:d4:5b:04:7b]
RSSI: -91 [da:1d:5c:99:00:8c]
RSSI: -79 [da:15:d4:6b:04:ab]
RSSI: -90 [da:1d:5c:a5:00:ac]
RSSI: -90 [da:1d:5c:b3:00:dc]
RSSI: -77 [da:15:d4:7b:04:db]
RSSI: -79 [da:15:d4:88:04:fb]
RSSI: -81 [da:15:d4:88:04:fb]
RSSI: -80 [da:15:d4:98:05:2b]
RSSI: -81 [da:15:d4:a8:05:5b]
RSSI: -82 [da:15:d4:a8:05:5b]
RSSI: -82 [da:15:d4:a8:05:5b]
RSSI: -87 [da:1d:5c:eb:01:8c]
RSSI: -84 [da:15:d4:b4:05:7b]
RSSI: -86 [da:15:d4:b4:05:7b]
RSSI: -84 [da:15:d4:c4:05:ab]
RSSI: -89 [da:1d:5d:05:01:dc]
RSSI: -88 [da:15:d4:e1:06:0b]
RSSI: -87 [da:15:d4:e1:06:0b]
RSSI: -84 [da:15:d5:01:06:6b]
RSSI: -86 [da:15:d5:0d:06:8b]
RSSI: -87 [da:15:d5:0d:06:8b]
RSSI: -87 [da:15:d5:1d:06:bb]
RSSI: -88 [da:15:d5:2d:06:eb]
RSSI: -86 [da:15:d5:3a:07:0b]
RSSI: -91 [da:1d:5d:72:03:3c]
RSSI: -87 [da:15:d5:3a:07:0b]
RSSI: -83 [da:15:d5:4a:07:3b]
RSSI: -87 [da:15:d5:5a:07:6b]
RSSI: -87 [da:1d:5d:9b:03:bc]
RSSI: -90 [da:15:d5:66:07:9b]
RSSI: -92 [da:1d:5d:aa:03:ec]
RSSI: -95 [da:1d:5d:b8:04:0c]
RSSI: -87 [da:15:d5:93:08:1b]
RSSI: -89 [da:15:d5:b3:08:7b]
RSSI: -91 [da:1d:5d:fc:04:ec]
RSSI: -87 [da:15:d5:bf:08:9b]
RSSI: -88 [da:1d:5e:0a:05:1c]
RSSI: -86 [da:15:d5:df:08:fb]
RSSI: -87 [da:15:d5:df:08:fb]
RSSI: -86 [da:15:d5:ec:09:1b]
RSSI: -89 [da:15:d5:ec:09:1b]
RSSI: -88 [da:1d:5e:33:05:9c]
RSSI: -86 [da:15:d5:fc:09:4b]
RSSI: -95 [da:1d:5e:40:05:bc]
RSSI: -86 [da:15:d6:0c:09:7b]
RSSI: -85 [da:15:d6:19:09:ab]
RSSI: -88 [da:1d:5e:5c:06:1c]
RSSI: -85 [da:15:d6:29:09:db]
RSSI: -85 [da:15:d6:29:09:db]
RSSI: -86 [da:15:d6:39:0a:0b]
RSSI: -89 [da:1d:5e:77:06:7c]
RSSI: -87 [da:15:d6:45:0a:2b]
RSSI: -90 [da:15:d6:55:0a:5b]
RSSI: -89 [da:15:d6:65:0a:8b]
RSSI: -88 [da:1d:5e:a0:06:fc]
RSSI: -87 [da:1d:5e:bb:07:4c]
RSSI: -91 [da:15:d6:9f:0b:3b]
RSSI: -91 [da:15:d6:af:0b:6b]
RSSI: -87 [da:1d:5e:f3:07:fc]
RSSI: -92 [da:1d:5f:01:08:2c]
RSSI: -88 [da:15:d6:cb:0b:bb]
RSSI: -91 [da:1d:5f:2a:08:ac]
RSSI: -87 [da:1d:5f:37:08:dc]
RSSI: -90 [da:1d:5f:37:08:dc]
RSSI: -92 [da:15:d7:35:0c:fb]
RSSI: -92 [da:15:d7:45:0d:2b]
RSSI: -89 [da:1d:5f:97:0a:0c]
RSSI: -89 [da:1d:5f:97:0a:0c]
RSSI: -84 [da:1d:5f:b2:0a:6c]
RSSI: -85 [da:1d:5f:c1:0a:8c]
RSSI: -90 [da:1d:5f:cf:0a:bc]
RSSI: -85 [da:1d:5f:dc:0a:ec]
RSSI: -83 [da:1d:5f:ea:0b:1c]
RSSI: -83 [da:1d:5f:ea:0b:1c]
RSSI: -85 [da:1d:5f:f8:0b:3c]
RSSI: -83 [da:1d:60:13:0b:9c]
RSSI: -85 [da:1d:60:13:0b:9c]
RSSI: -84 [da:1d:60:22:0b:cc]
RSSI: -85 [da:1d:60:2e:0b:ec]
RSSI: -92 [da:15:d7:f8:0f:3b]
RSSI: -84 [da:1d:60:2e:0b:ec]
RSSI: -82 [da:1d:60:2e:0b:ec]
RSSI: -82 [da:1d:60:2e:0b:ec]
RSSI: -83 [da:1d:60:4b:0c:4c]
RSSI: -81 [da:1d:60:4b:0c:4c]
RSSI: -91 [da:15:d8:15:0f:9b]
RSSI: -85 [da:1d:60:57:0c:7c]
RSSI: -85 [da:1d:60:57:0c:7c]
RSSI: -86 [da:1d:60:66:0c:9c]
RSSI: -83 [da:1d:60:66:0c:9c]
RSSI: -83 [da:1d:60:74:0c:cc]
RSSI: -80 [da:1d:60:81:0c:fc]
RSSI: -79 [da:1d:60:81:0c:fc]
RSSI: -80 [da:1d:60:8f:0d:2c]
RSSI: -79 [da:1d:60:8f:0d:2c]
RSSI: -92 [da:17:bc:56:07:5a]
RSSI: -77 [da:1d:60:9e:0d:5c]
RSSI: -79 [da:1d:60:9e:0d:5c]
RSSI: -78 [da:1d:60:aa:0d:7c]
RSSI: -84 [da:1d:60:b9:0d:ac]
RSSI: -89 [da:1d:60:c7:0d:dc]
RSSI: -92 [da:15:d8:8b:10:eb]
RSSI: -86 [da:1d:60:d4:0e:0c]
RSSI: -80 [da:1d:60:d4:0e:0c]
RSSI: -77 [da:1d:60:e2:0e:2c]
RSSI: -78 [da:1d:60:e2:0e:2c]
RSSI: -85 [da:15:d8:ab:11:4b]
RSSI: -76 [da:1d:60:f0:0e:5c]
RSSI: -72 [da:1d:60:f0:0e:5c]
RSSI: -89 [da:15:d8:b8:11:7b]
RSSI: -72 [da:1d:60:f0:0e:5c]
RSSI: -73 [da:1d:60:fd:0e:8c]
RSSI: -91 [da:15:d8:c8:11:ab]
RSSI: -71 [da:1d:61:0b:0e:bc]
RSSI: -69 [da:1d:61:1a:0e:ec]
RSSI: -69 [da:1d:61:26:0f:0c]
RSSI: -67 [da:1d:61:26:0f:0c]
RSSI: -69 [da:1d:61:35:0f:3c]
RSSI: -68 [da:1d:61:43:0f:6c]
RSSI: -68 [da:1d:61:43:0f:6c]
RSSI: -85 [da:17:bd:07:09:4a]
RSSI: -68 [da:1d:61:50:0f:9c]
RSSI: -85 [da:17:bd:07:09:4a]
RSSI: -94 [da:15:d9:12:12:7b]
RSSI: -67 [da:1d:61:50:0f:9c]
RSSI: -87 [da:17:bd:17:09:7a]
RSSI: -86 [da:17:bd:17:09:7a]
RSSI: -68 [da:1d:61:5e:0f:cc]
RSSI: -86 [da:17:bd:24:09:9a]
RSSI: -69 [da:1d:61:6d:0f:ec]
RSSI: -87 [da:17:bd:34:09:ca]
RSSI: -87 [da:17:bd:34:09:ca]
RSSI: -68 [da:1d:61:79:10:1c]
RSSI: -86 [da:17:bd:43:09:fa]
RSSI: -70 [da:1d:61:88:10:4c]
RSSI: -91 [da:15:d9:4f:13:3b]
RSSI: -70 [da:1d:61:88:10:4c]
RSSI: -69 [da:1d:61:88:10:4c]
RSSI: -70 [da:1d:61:96:10:7c]
RSSI: -88 [da:15:d9:5f:13:6b]
RSSI: -86 [da:17:bd:60:0a:4a]
RSSI: -71 [da:1d:61:a3:10:9c]
RSSI: -86 [da:17:bd:60:0a:4a]
RSSI: -72 [da:1d:61:a3:10:9c]
RSSI: -72 [da:1d:61:b1:10:cc]
RSSI: -90 [da:17:bd:6f:0a:7a]
RSSI: -73 [da:1d:61:b1:10:cc]
RSSI: -75 [da:1d:61:bf:10:fc]
RSSI: -86 [da:15:d9:8c:13:eb]
RSSI: -77 [da:1d:61:cc:11:2c]
RSSI: -86 [da:17:bd:8c:0a:ca]
RSSI: -77 [da:1d:61:cc:11:2c]
RSSI: -88 [da:17:bd:8c:0a:ca]
RSSI: -85 [da:15:d9:99:14:0b]
RSSI: -88 [da:17:bd:9c:0a:fa]
RSSI: -80 [da:1d:61:db:11:4c]
RSSI: -86 [da:15:d9:99:14:0b]
RSSI: -89 [da:17:bd:9c:0a:fa]
RSSI: -90 [da:17:bd:9c:0a:fa]
RSSI: -83 [da:1d:61:db:11:4c]
RSSI: -83 [da:15:d9:a9:14:3b]
RSSI: -89 [da:1d:61:e9:11:7c]
RSSI: -89 [da:17:bd:a8:0b:1a]
RSSI: -84 [da:15:d9:b9:14:6b]
RSSI: -86 [da:15:d9:b9:14:6b]
RSSI: -93 [da:17:bd:c8:0b:7a]
RSSI: -83 [da:1d:62:12:11:fc]
RSSI: -84 [da:1d:62:1f:12:2c]
RSSI: -82 [da:1d:62:2d:12:5c]
RSSI: -85 [da:1d:62:2d:12:5c]
RSSI: -84 [da:1d:62:3c:12:7c]
RSSI: -84 [da:1d:62:3c:12:7c]
RSSI: -85 [da:1d:62:3c:12:7c]
RSSI: -88 [da:1d:62:48:12:ac]
RSSI: -90 [da:1d:62:65:12:fc]
RSSI: -88 [da:1d:62:9c:13:ac]
RSSI: -90 [da:1d:62:9c:13:ac]
RSSI: -94 [da:15:da:84:00:2b]
RSSI: -89 [da:15:da:91:00:4b]
RSSI: -89 [da:15:da:9e:00:6b]
RSSI: -86 [da:1d:62:d4:14:5c]
RSSI: -88 [da:15:da:9e:00:6b]
RSSI: -88 [da:15:da:aa:00:9b]
RSSI: -86 [da:15:da:b7:00:bb]
RSSI: -90 [da:1d:62:ef:14:bc]
RSSI: -82 [da:15:da:dd:01:2b]
RSSI: -85 [da:15:da:dd:01:2b]
RSSI: -84 [da:15:da:ea:01:4b]
RSSI: -83 [da:15:da:ea:01:4b]
RSSI: -86 [da:1d:63:27:15:6c]
RSSI: -85 [da:15:da:f6:01:7b]
RSSI: -86 [da:1d:63:35:15:9c]
RSSI: -83 [da:15:da:f6:01:7b]
RSSI: -87 [da:1d:63:35:15:9c]
RSSI: -83 [da:15:db:03:01:9b]
RSSI: -81 [da:15:db:10:01:cb]
RSSI: -85 [da:1d:63:42:15:bc]
RSSI: -81 [da:15:db:10:01:cb]
RSSI: -81 [da:15:db:10:01:cb]
RSSI: -80 [da:15:db:1d:01:eb]
RSSI: -79 [da:15:db:1d:01:eb]
RSSI: -76 [da:15:db:29:02:0b]
RSSI: -77 [da:15:db:29:02:0b]
RSSI: -75 [da:15:db:36:02:3b]
RSSI: -75 [da:15:db:36:02:3b]
RSSI: -76 [da:15:db:43:02:5b]
RSSI: -73 [da:15:db:43:02:5b]
RSSI: -70 [da:15:db:4f:02:7b]
RSSI: -74 [da:15:db:4f:02:7b]
RSSI: -89 [da:1d:63:95:00:5c]
RSSI: -73 [da:15:db:69:02:cb]
RSSI: -88 [da:1d:63:a4:00:8c]
RSSI: -71 [da:15:db:69:02:cb]
RSSI: -85 [da:1d:63:a4:00:8c]
RSSI: -67 [da:15:db:75:02:eb]
RSSI: -72 [da:15:db:75:02:eb]
RSSI: -86 [da:1d:63:b2:00:bc]
RSSI: -70 [da:15:db:82:03:1b]
RSSI: -84 [da:1d:63:bf:00:dc]
RSSI: -71 [da:15:db:8f:03:3b]
RSSI: -94 [da:1a:c8:9b:0d:be]
RSSI: -86 [da:1d:63:cd:01:0c]
RSSI: -69 [da:15:db:8f:03:3b]
RSSI: -66 [da:15:db:9c:03:5b]
RSSI: -71 [da:15:db:9c:03:5b]
RSSI: -85 [da:1d:63:dc:01:3c]
RSSI: -80 [da:1d:63:e8:01:5c]
RSSI: -87 [da:1d:63:e8:01:5c]
RSSI: -70 [da:15:db:b5:03:ab]
RSSI: -69 [da:15:db:b5:03:ab]
RSSI: -66 [da:15:db:c2:03:db]
RSSI: -78 [da:1d:63:f7:01:8c]
RSSI: -91 [da:1a:c8:cf:0e:4e]
RSSI: -66 [da:15:db:c2:03:db]
RSSI: -84 [da:1d:64:06:01:bc]
RSSI: -69 [da:15:db:cf:03:fb]
RSSI: -80 [da:1d:64:06:01:bc]
RSSI: -70 [da:15:db:db:04:1b]
RSSI: -82 [da:1d:64:21:02:1c]
RSSI: -67 [da:15:db:e8:04:4b]
RSSI: -85 [da:1d:64:21:02:1c]
RSSI: -69 [da:15:db:f5:04:6b]
RSSI: -85 [da:1d:64:2f:02:3c]
RSSI: -70 [da:15:dc:02:04:8b]
RSSI: -69 [da:15:dc:02:04:8b]
RSSI: -90 [da:1d:64:3c:02:6c]
RSSI: -69 [da:15:dc:0e:04:bb]
RSSI: -70 [da:15:dc:1b:04:db]
RSSI: -86 [da:1d:64:59:02:cc]
RSSI: -73 [da:15:dc:28:05:0b]
RSSI: -73 [da:15:dc:28:05:0b]
RSSI: -73 [da:15:dc:28:05:0b]
RSSI: -73 [da:15:dc:34:05:2b]
RSSI: -76 [da:15:dc:41:05:4b]
RSSI: -86 [da:1d:64:83:03:4c]
RSSI: -82 [da:15:dc:4e:05:7b]
RSSI: -83 [da:15:dc:4e:05:7b]
RSSI: -82 [da:15:dc:5b:05:9b]
RSSI: -85 [da:1d:64:8f:03:6c]
RSSI: -82 [da:15:dc:68:05:bb]
RSSI: -88 [da:15:dc:74:05:eb]
RSSI: -85 [da:1d:64:b9:03:ec]
RSSI: -86 [da:1d:64:b9:03:ec]
RSSI: -80 [da:15:dc:8e:06:3b]
RSSI: -83 [da:1d:64:c8:04:1c]
RSSI: -83 [da:1d:64:c8:04:1c]
RSSI: -84 [da:1d:64:d6:04:4c]
RSSI: -85 [da:15:dc:9b:06:5b]
RSSI: -84 [da:1d:64:d6:04:4c]
RSSI: -81 [da:1d:64:d6:04:4c]
RSSI: -77 [da:15:dc:a7:06:7b]
RSSI: -84 [da:1d:64:e3:04:6c]
RSSI: -83 [da:15:dc:b4:06:ab]
RSSI: -88 [da:15:dc:c1:06:cb]
RSSI: -83 [da:1d:65:00:04:cc]
RSSI: -82 [da:15:dc:ce:06:fb]
RSSI: -86 [da:1d:65:0d:04:fc]
RSSI: -83 [da:1d:65:0d:04:fc]
RSSI: -85 [da:1d:65:1b:05:2c]
RSSI: -85 [da:1d:65:2a:05:4c]
RSSI: -85 [da:1d:65:2a:05:4c]
RSSI: -83 [da:15:dc:f4:07:6b]
RSSI: -83 [da:15:dd:01:07:8b]
RSSI: -94 [da:1d:65:45:05:ac]
RSSI: -90 [da:1d:65:45:05:ac]
RSSI: -80 [da:15:dd:1a:07:db]
RSSI: -84 [da:1d:65:54:05:dc]
RSSI: -90 [da:1d:65:60:05:fc]
RSSI: -82 [da:15:dd:27:07:fb]
RSSI: -85 [da:1d:65:60:05:fc]
RSSI: -79 [da:15:dd:41:08:4b]
RSSI: -84 [da:1d:65:7d:06:5c]
RSSI: -81 [da:15:dd:4d:08:7b]
RSSI: -87 [da:15:dd:5a:08:9b]
RSSI: -90 [da:1d:65:99:06:ac]
RSSI: -83 [da:15:dd:67:08:bb]
RSSI: -88 [da:1d:65:b4:07:0c]
RSSI: -87 [da:1d:65:b4:07:0c]
RSSI: -83 [da:1d:65:c3:07:3c]
RSSI: -81 [da:15:dd:8d:09:2b]
RSSI: -86 [da:1d:65:c3:07:3c]
RSSI: -90 [da:1d:65:d1:07:5c]
RSSI: -84 [da:1d:65:d1:07:5c]
RSSI: -84 [da:1d:65:ed:07:bc]
RSSI: -80 [da:15:dd:b4:09:ab]
RSSI: -90 [da:1d:65:fb:07:ec]
RSSI: -90 [da:1d:66:08:08:1c]
RSSI: -82 [da:15:dd:da:0a:1b]
RSSI: -86 [da:15:dd:e7:0a:3b]
RSSI: -85 [da:1d:66:25:08:6c]
RSSI: -91 [da:1d:66:32:08:9c]
RSSI: -87 [da:15:de:01:0a:8b]
RSSI: -85 [da:15:de:1a:0a:db]
RSSI: -84 [da:15:de:27:0a:fb]
RSSI: -86 [da:15:de:34:0b:2b]
RSSI: -90 [da:1d:66:86:09:ac]
RSSI: -82 [da:15:de:4d:0b:6b]
RSSI: -87 [da:15:de:5a:0b:9b]
RSSI: -87 [da:15:de:67:0b:bb]
RSSI: -82 [da:15:de:74:0b:db]
RSSI: -84 [da:15:de:81:0c:0b]
RSSI: -82 [da:15:de:8e:0c:2b]
RSSI: -93 [da:1d:66:cd:0a:8c]
RSSI: -85 [da:15:de:9a:0c:4b]
RSSI: -85 [da:15:de:a7:0c:7b]
RSSI: -90 [da:1d:66:f7:0b:1c]
RSSI: -83 [da:15:de:c1:0c:cb]
RSSI: -86 [da:15:de:ce:0c:eb]
RSSI: -87 [da:15:de:db:0d:0b]
RSSI: -87 [da:15:de:db:0d:0b]
RSSI: -90 [da:1d:67:21:0b:9c]
RSSI: -82 [da:15:de:e7:0d:3b]
RSSI: -92 [da:1d:67:21:0b:9c]
RSSI: -84 [da:15:df:01:0d:8b]
RSSI: -85 [da:15:df:01:0d:8b]
RSSI: -87 [da:1d:67:3d:0b:fc]
RSSI: -86 [da:15:df:0e:0d:ab]
RSSI: -89 [da:15:df:1b:0d:cb]
RSSI: -85 [da:15:df:28:0d:fb]
RSSI: -85 [da:15:df:28:0d:fb]
RSSI: -88 [da:15:df:28:0d:fb]
RSSI: -91 [da:1d:67:75:0c:ac]
RSSI: -88 [da:1d:67:82:0c:dc]
RSSI: -87 [da:15:df:4f:0e:6b]
RSSI: -88 [da:1d:67:82:0c:dc]
RSSI: -87 [da:15:df:4f:0e:6b]
RSSI: -84 [da:1d:67:91:0c:fc]
RSSI: -86 [da:1d:67:9f:0d:2c]
RSSI: -89 [da:15:df:68:0e:bb]
RSSI: -84 [da:1d:67:9f:0d:2c]
RSSI: -89 [da:15:df:75:0e:db]
RSSI: -84 [da:1d:67:ac:0d:5c]
RSSI: -83 [da:1d:67:ac:0d:5c]
RSSI: -88 [da:15:df:82:0f:0b]
RSSI: -96 [da:17:c3:76:05:9a]
RSSI: -88 [da:15:df:82:0f:0b]
RSSI: -86 [da:1d:67:c9:0d:bc]
RSSI: -81 [da:1d:67:c9:0d:bc]
RSSI: -85 [da:15:df:a8:0f:7b]
RSSI: -85 [da:15:df:a8:0f:7b]
RSSI: -86 [da:1d:67:e5:0e:0c]
RSSI: -90 [da:15:df:b5:0f:9b]
RSSI: -86 [da:1d:67:f3:0e:3c]
RSSI: -77 [da:1d:68:00:0e:6c]
RSSI: -88 [da:15:df:c2:0f:cb]
RSSI: -76 [da:1d:68:00:0e:6c]
RSSI: -86 [da:15:df:cf:0f:eb]
RSSI: -75 [da:1d:68:0f:0e:8c]
RSSI: -73 [da:1d:68:0f:0e:8c]
RSSI: -85 [da:15:df:dc:10:0b]
RSSI: -74 [da:1d:68:1e:0e:bc]
RSSI: -87 [da:15:df:e9:10:3b]
RSSI: -73 [da:1d:68:1e:0e:bc]
RSSI: -86 [da:15:df:e9:10:3b]
RSSI: -89 [da:15:df:f6:10:5b]
RSSI: -71 [da:1d:68:2a:0e:ec]
RSSI: -85 [da:15:df:f6:10:5b]
RSSI: -86 [da:15:e0:03:10:8b]
RSSI: -71 [da:1d:68:39:0f:1c]
RSSI: -86 [da:15:e0:03:10:8b]
RSSI: -71 [da:1d:68:48:0f:4c]
RSSI: -69 [da:1d:68:48:0f:4c]
RSSI: -86 [da:15:e0:10:10:ab]
RSSI: -89 [da:15:e0:1c:10:cb]
RSSI: -70 [da:1d:68:54:0f:6c]
RSSI: -86 [da:15:e0:1c:10:cb]
RSSI: -70 [da:1d:68:54:0f:6c]
RSSI: -87 [da:15:e0:29:10:fb]
RSSI: -69 [da:1d:68:63:0f:9c]
RSSI: -84 [da:15:e0:36:11:1b]
RSSI: -83 [da:15:e0:36:11:1b]
RSSI: -68 [da:1d:68:72:0f:cc]
RSSI: -85 [da:15:e0:43:11:4b]
RSSI: -69 [da:1d:68:72:0f:cc]
RSSI: -82 [da:15:e0:43:11:4b]
RSSI: -81 [da:15:e0:50:11:6b]
RSSI: -69 [da:1d:68:84:10:0c]
RSSI: -84 [da:15:e0:50:11:6b]
RSSI: -71 [da:1d:68:94:10:3c]
RSSI: -81 [da:15:e0:5d:11:8b]
RSSI: -71 [da:1d:68:94:10:3c]
RSSI: -81 [da:15:e0:5d:11:8b]
RSSI: -70 [da:1d:68:94:10:3c]
RSSI: -81 [da:15:e0:77:11:db]
RSSI: -72 [da:1d:68:af:10:8c]
RSSI: -79 [da:15:e0:77:11:db]
RSSI: -73 [da:1d:68:af:10:8c]
RSSI: -82 [da:15:e0:84:12:0b]
RSSI: -73 [da:1d:68:be:10:bc]
RSSI: -82 [da:15:e0:84:12:0b]
RSSI: -80 [da:15:e0:90:12:2b]
RSSI: -84 [da:15:e0:90:12:2b]
RSSI: -76 [da:1d:68:cd:10:ec]
RSSI: -84 [da:15:e0:aa:12:7b]
RSSI: -84 [da:15:e0:aa:12:7b]
RSSI: -81 [da:1d:68:e8:11:4c]
RSSI: -83 [da:15:e0:aa:12:7b]
RSSI: -86 [da:1d:68:e8:11:4c]
RSSI: -88 [da:15:e0:b7:12:9b]
RSSI: -83 [da:15:e0:b7:12:9b]
RSSI: -88 [da:15:e0:c4:12:bb]
RSSI: -85 [da:17:c4:c1:09:4a]
RSSI: -84 [da:15:e0:d1:12:eb]
RSSI: -85 [da:15:e0:d1:12:eb]
RSSI: -87 [da:17:c4:cd:09:6a]
RSSI: -86 [da:15:e0:d1:12:eb]
RSSI: -85 [da:1d:69:13:11:cc]
RSSI: -84 [da:17:c4:cd:09:6a]
RSSI: -83 [da:15:e0:de:13:0b]
RSSI: -84 [da:1d:69:13:11:cc]
RSSI: -88 [da:1d:69:13:11:cc]
RSSI: -84 [da:15:e0:de:13:0b]
RSSI: -85 [da:17:c4:dd:09:9a]
RSSI: -85 [da:15:e0:eb:13:3b]
RSSI: -85 [da:15:e0:f8:13:5b]
RSSI: -84 [da:15:e0:f8:13:5b]
RSSI: -84 [da:1d:69:2e:12:2c]
RSSI: -83 [da:15:e1:04:13:7b]
RSSI: -85 [da:17:c4:fa:09:da]
RSSI: -84 [da:1d:69:3d:12:5c]
RSSI: -83 [da:17:c4:fa:09:da]
RSSI: -83 [da:15:e1:12:13:ab]
RSSI: -83 [da:17:c5:0b:0a:0a]
RSSI: -81 [da:15:e1:12:13:ab]
RSSI: -83 [da:17:c5:0b:0a:0a]
RSSI: -82 [da:15:e1:1f:13:cb]
RSSI: -83 [da:15:e1:1f:13:cb]
RSSI: -84 [da:17:c5:1b:0a:3a]
RSSI: -82 [da:15:e1:2b:13:eb]
RSSI: -85 [da:17:c5:27:0a:5a]
RSSI: -94 [da:1d:69:67:12:dc]
RSSI: -82 [da:15:e1:2b:13:eb]
RSSI: -84 [da:17:c5:27:0a:5a]
RSSI: -83 [da:15:e1:38:14:1b]
RSSI: -85 [da:15:e1:38:14:1b]
RSSI: -85 [da:17:c5:38:0a:8a]
RSSI: -82 [da:15:e1:45:14:3b]
RSSI: -83 [da:17:c5:38:0a:8a]
RSSI: -80 [da:15:e1:45:14:3b]
RSSI: -81 [da:17:c5:48:0a:ba]
RSSI: -88 [da:1d:69:82:13:3c]
RSSI: -82 [da:15:e1:52:14:5b]
RSSI: -82 [da:15:e1:5f:14:8b]
RSSI: -82 [da:15:e1:5f:14:8b]
RSSI: -86 [da:17:c5:54:0a:ea]
RSSI: -82 [da:15:e1:5f:14:8b]
RSSI: -83 [da:15:e1:6c:14:ab]
RSSI: -85 [da:15:e1:6c:14:ab]
RSSI: -85 [da:17:c5:64:0b:1a]
RSSI: -91 [da:1d:69:ad:13:bc]
RSSI: -88 [da:1d:69:ad:13:bc]
RSSI: -87 [da:17:c5:75:0b:4a]
RSSI: -83 [da:17:c5:75:0b:4a]
RSSI: -87 [da:15:e1:93:15:1b]
RSSI: -89 [da:15:e1:93:15:1b]
RSSI: -87 [da:17:c5:9a:0b:aa]
RSSI: -88 [da:1d:69:e6:14:6c]
RSSI: -84 [da:15:e1:ad:15:6b]
RSSI: -86 [da:17:c5:aa:0b:da]
RSSI: -88 [da:17:c5:aa:0b:da]
RSSI: -83 [da:15:e1:ba:15:8b]
RSSI: -82 [da:15:e1:c6:15:bb]
RSSI: -80 [da:15:e1:d4:15:db]
RSSI: -88 [da:15:e1:e1:15:fb]
RSSI: -81 [da:15:e1:e1:15:fb]
RSSI: -89 [da:1d:6a:1f:15:1c]
RSSI: -81 [da:15:e1:ed:16:2b]
RSSI: -79 [da:15:e1:fb:16:4b]
RSSI: -80 [da:15:e2:08:16:7b]
RSSI: -80 [da:15:e2:14:00:2b]
RSSI: -80 [da:15:e2:14:00:2b]
RSSI: -80 [da:15:e2:14:00:2b]
RSSI: -78 [da:15:e2:21:00:4b]
RSSI: -80 [da:15:e2:2e:00:7b]
RSSI: -80 [da:15:e2:3b:00:9b]
RSSI: -79 [da:15:e2:3b:00:9b]
RSSI: -77 [da:15:e2:48:00:cb]
RSSI: -77 [da:15:e2:48:00:cb]
RSSI: -79 [da:15:e2:55:00:eb]
RSSI: -91 [da:1d:6a:8f:16:7c]
RSSI: -80 [da:15:e2:62:01:0b]
RSSI: -78 [da:15:e2:62:01:0b]
RSSI: -77 [da:15:e2:6f:01:3b]
RSSI: -93 [da:17:c6:7c:0e:3a]
RSSI: -92 [da:1a:cf:92:0b:6e]
RSSI: -80 [da:15:e2:89:01:8b]
RSSI: -79 [da:15:e2:89:01:8b]
RSSI: -78 [da:15:e2:96:01:ab]
RSSI: -80 [da:15:e2:96:01:ab]
RSSI: -80 [da:15:e2:a3:01:db]
RSSI: -91 [da:1a:cf:ad:0b:be]
RSSI: -80 [da:15:e2:a3:01:db]
RSSI: -87 [da:1a:cf:ba:0b:de]
RSSI: -81 [da:15:e2:b0:01:fb]
RSSI: -80 [da:15:e2:b0:01:fb]
RSSI: -87 [da:1a:cf:c7:0c:0e]
RSSI: -88 [da:1d:6a:f3:01:0c]
RSSI: -79 [da:15:e2:bd:02:1b]
RSSI: -88 [da:1a:cf:c7:0c:0e]
RSSI: -82 [da:15:e2:bd:02:1b]
RSSI: -88 [da:1a:cf:d4:0c:2e]
RSSI: -80 [da:15:e2:ca:02:4b]
RSSI: -78 [da:15:e2:ca:02:4b]
RSSI: -81 [da:15:e2:d7:02:6b]
RSSI: -86 [da:1a:cf:e2:0c:4e]
RSSI: -80 [da:15:e2:d7:02:6b]
RSSI: -78 [da:15:e2:d7:02:6b]
RSSI: -88 [da:1d:6b:0e:01:6c]
RSSI: -79 [da:15:e2:d7:02:6b]
RSSI: -86 [da:1a:cf:ef:0c:7e]
RSSI: -77 [da:15:e2:e4:02:9b]
RSSI: -80 [da:15:e2:e4:02:9b]
RSSI: -85 [da:1a:cf:fc:0c:9e]
RSSI: -78 [da:15:e2:f1:02:bb]
RSSI: -76 [da:15:e2:f1:02:bb]
RSSI: -87 [da:1a:d0:09:0c:ce]
RSSI: -84 [da:1a:d0:17:0c:ee]
RSSI: -75 [da:15:e3:0b:03:0b]
RSSI: -79 [da:15:e3:0b:03:0b]
RSSI: -77 [da:15:e3:18:03:2b]
RSSI: -75 [da:15:e3:18:03:2b]
RSSI: -94 [da:1d:6b:54:02:3c]
RSSI: -79 [da:15:e3:25:03:5b]
RSSI: -86 [da:1a:d0:31:0d:3e]
RSSI: -78 [da:15:e3:25:03:5b]
RSSI: -86 [da:1a:d0:4b:0d:8e]
RSSI: -78 [da:15:e3:3f:03:9b]
RSSI: -87 [da:1a:d0:4b:0d:8e]
RSSI: -74 [da:15:e3:3f:03:9b]
RSSI: -87 [da:1a:d0:58:0d:ae]
RSSI: -79 [da:15:e3:4c:03:cb]
RSSI: -86 [da:1a:d0:58:0d:ae]
RSSI: -87 [da:1a:d0:58:0d:ae]
RSSI: -78 [da:15:e3:4c:03:cb]
RSSI: -88 [da:1a:d0:58:0d:ae]
RSSI: -79 [da:15:e3:59:03:eb]
RSSI: -86 [da:1a:d0:66:0d:de]
RSSI: -88 [da:1a:d0:72:0d:fe]
RSSI: -80 [da:15:e3:66:04:1b]
RSSI: -74 [da:15:e3:66:04:1b]
RSSI: -73 [da:15:e3:66:04:1b]
RSSI: -87 [da:1a:d0:80:0e:2e]
RSSI: -82 [da:15:e3:73:04:3b]
RSSI: -89 [da:1a:d0:80:0e:2e]
RSSI: -80 [da:15:e3:73:04:3b]
RSSI: -92 [da:1a:d0:8d:0e:4e]
RSSI: -86 [da:15:e3:80:04:6b]
RSSI: -72 [da:15:e3:8d:04:8b]
RSSI: -91 [da:1d:6b:c7:03:ac]
RSSI: -83 [da:15:e3:9a:04:ab]
RSSI: -83 [da:15:e3:9a:04:ab]
RSSI: -90 [da:1d:6b:d4:03:dc]
RSSI: -88 [da:1d:6b:e3:04:0c]
RSSI: -73 [da:15:e3:b4:04:fb]
RSSI: -82 [da:15:e3:c1:05:2b]
RSSI: -89 [da:1d:6b:fe:04:5c]
RSSI: -87 [da:15:e3:ce:05:4b]
RSSI: -82 [da:15:e3:ce:05:4b]
RSSI: -85 [da:1d:6c:0d:04:8c]
RSSI: -89 [da:1d:6c:0d:04:8c]
RSSI: -78 [da:15:e3:db:05:7b]
RSSI: -84 [da:15:e3:e8:05:9b]
RSSI: -86 [da:1d:6c:1c:04:bc]
RSSI: -88 [da:1d:6c:38:05:0c]
RSSI: -82 [da:15:e4:02:05:eb]
RSSI: -90 [da:1d:6c:46:05:3c]
RSSI: -86 [da:15:e4:0f:06:0b]
RSSI: -84 [da:15:e4:1c:06:3b]
RSSI: -81 [da:15:e4:1c:06:3b]
RSSI: -80 [da:15:e4:29:06:5b]
RSSI: -80 [da:15:e4:29:06:5b]
RSSI: -80 [da:15:e4:36:06:7b]
RSSI: -80 [da:15:e4:36:06:7b]
RSSI: -79 [da:15:e4:36:06:7b]
RSSI: -87 [da:1d:6c:71:05:cc]
RSSI: -78 [da:15:e4:43:06:ab]
RSSI: -78 [da:15:e4:43:06:ab]
RSSI: -79 [da:15:e4:50:06:cb]
RSSI: -77 [da:15:e4:50:06:cb]
RSSI: -80 [da:15:e4:5d:06:fb]
RSSI: -78 [da:15:e4:5d:06:fb]
RSSI: -78 [da:15:e4:6a:07:1b]
RSSI: -81 [da:15:e4:6a:07:1b]
RSSI: -80 [da:15:e4:6a:07:1b]
RSSI: -79 [da:15:e4:78:07:4b]
RSSI: -79 [da:15:e4:78:07:4b]
RSSI: -79 [da:15:e4:84:07:6b]
RSSI: -79 [da:15:e4:84:07:6b]
RSSI: -79 [da:15:e4:91:07:8b]
RSSI: -88 [da:1d:6c:c6:06:dc]
RSSI: -78 [da:15:e4:91:07:8b]
RSSI: -88 [da:1d:6c:d3:06:fc]
RSSI: -79 [da:15:e4:9f:07:bb]
RSSI: -89 [da:1d:6c:d3:06:fc]
RSSI: -78 [da:15:e4:9f:07:bb]
RSSI: -87 [da:1d:6c:e2:07:2c]
RSSI: -77 [da:15:e4:ab:07:db]
RSSI: -86 [da:1d:6c:e2:07:2c]
RSSI: -78 [da:15:e4:ab:07:db]
RSSI: -89 [da:1d:6c:f1:07:5c]
RSSI: -78 [da:15:e4:b9:08:0b]
RSSI: -77 [da:15:e4:b9:08:0b]
RSSI: -78 [da:15:e4:c6:08:2b]
RSSI: -94 [da:1d:6c:fd:07:8c]
RSSI: -77 [da:15:e4:d2:08:4b]
RSSI: -89 [da:1d:6d:0c:07:bc]
RSSI: -77 [da:15:e4:d2:08:4b]
RSSI: -79 [da:15:e4:e0:08:7b]
RSSI: -78 [da:15:e4:e0:08:7b]
RSSI: -79 [da:15:e4:ed:08:9b]
RSSI: -89 [da:1d:6d:28:08:0c]
RSSI: -75 [da:15:e4:fa:08:cb]
RSSI: -78 [da:15:e5:07:08:eb]
RSSI: -86 [da:1d:6d:46:08:6c]
RSSI: -81 [da:15:e5:14:09:1b]
RSSI: -77 [da:15:e5:21:09:3b]
RSSI: -80 [da:15:e5:2e:09:6b]
RSSI: -78 [da:15:e5:3c:09:8b]
RSSI: -80 [da:15:e5:3c:09:8b]
RSSI: -82 [da:15:e5:48:09:bb]
RSSI: -91 [da:1d:6d:7d:09:1c]
RSSI: -83 [da:15:e5:48:09:bb]
RSSI: -77 [da:15:e5:48:09:bb]
RSSI: -80 [da:15:e5:56:09:db]
RSSI: -77 [da:15:e5:63:0a:0b]
RSSI: -80 [da:15:e5:63:0a:0b]
RSSI: -80 [da:15:e5:6f:0a:2b]
RSSI: -78 [da:15:e5:6f:0a:2b]
RSSI: -77 [da:15:e5:7d:0a:4b]
RSSI: -79 [da:15:e5:8a:0a:7b]
RSSI: -78 [da:15:e5:8a:0a:7b]
RSSI: -77 [da:15:e5:97:0a:9b]
RSSI: -77 [da:15:e5:a4:0a:cb]
RSSI: -76 [da:15:e5:a4:0a:cb]
RSSI: -81 [da:15:e5:b1:0a:eb]
RSSI: -77 [da:15:e5:b1:0a:eb]
RSSI: -77 [da:15:e5:b1:0a:eb]
RSSI: -77 [da:15:e5:be:0b:1b]
RSSI: -80 [da:15:e5:be:0b:1b]
RSSI: -90 [da:1d:6d:fd:0a:bc]
RSSI: -77 [da:15:e5:cb:0b:3b]
RSSI: -92 [da:1d:6d:fd:0a:bc]
RSSI: -78 [da:15:e5:cb:0b:3b]
RSSI: -79 [da:15:e5:d9:0b:6b]
RSSI: -77 [da:15:e5:d9:0b:6b]
RSSI: -78 [da:15:e5:e5:0b:8b]
RSSI: -78 [da:15:e5:f3:0b:ab]
RSSI: -77 [da:15:e5:f3:0b:ab]
RSSI: -77 [da:15:e6:00:0b:db]
RSSI: -78 [da:15:e6:00:0b:db]
RSSI: -78 [da:15:e6:0c:0b:fb]
RSSI: -76 [da:15:e6:1a:0c:2b]
RSSI: -79 [da:15:e6:27:0c:4b]
RSSI: -79 [da:15:e6:27:0c:4b]
RSSI: -81 [da:15:e6:34:0c:7b]
RSSI: -77 [da:15:e6:41:0c:9b]
RSSI: -80 [da:15:e6:4e:0c:cb]
RSSI: -84 [da:15:e6:5b:0c:eb]
RSSI: -81 [da:15:e6:5b:0c:eb]
RSSI: -90 [da:1d:6e:9b:0c:bc]
RSSI: -77 [da:15:e6:69:0d:0b]
RSSI: -83 [da:15:e6:69:0d:0b]
RSSI: -88 [da:1d:6e:a8:0c:dc]
RSSI: -82 [da:15:e6:76:0d:3b]
RSSI: -82 [da:15:e6:82:0d:5b]
RSSI: -89 [da:1d:6e:b7:0d:0c]
RSSI: -82 [da:15:e6:82:0d:5b]
RSSI: -80 [da:15:e6:90:0d:8b]
RSSI: -82 [da:15:e6:9d:0d:ab]
RSSI: -90 [da:1d:6e:d3:0d:6c]
RSSI: -81 [da:15:e6:9d:0d:ab]
RSSI: -81 [da:15:e6:9d:0d:ab]
RSSI: -83 [da:15:e6:aa:0d:cb]
RSSI: -87 [da:1d:6e:f1:0d:cc]
RSSI: -82 [da:15:e6:bc:0e:0b]
RSSI: -88 [da:1d:6e:f1:0d:cc]
RSSI: -83 [da:15:e6:bc:0e:0b]
RSSI: -84 [da:1d:6e:fe:0d:fc]
RSSI: -83 [da:15:e6:cd:0e:3b]
RSSI: -81 [da:1d:6f:0d:0e:2c]
RSSI: -81 [da:1d:6f:0d:0e:2c]
RSSI: -80 [da:1d:6f:0d:0e:2c]
RSSI: -89 [da:15:e6:d9:0e:5b]
RSSI: -78 [da:1d:6f:1c:0e:5c]
RSSI: -83 [da:15:e6:e7:0e:7b]
RSSI: -77 [da:1d:6f:1c:0e:5c]
RSSI: -75 [da:1d:6f:28:0e:7c]
RSSI: -87 [da:15:e6:f4:0e:ab]
RSSI: -73 [da:1d:6f:47:0e:dc]
RSSI: -86 [da:15:e7:0e:0e:fb]
RSSI: -74 [da:1d:6f:53:0f:0c]
RSSI: -92 [da:15:e7:1b:0f:1b]
RSSI: -88 [da:15:e7:1b:0f:1b]
RSSI: -71 [da:1d:6f:53:0f:0c]
RSSI: -73 [da:1d:6f:62:0f:3c]
RSSI: -71 [da:1d:6f:71:0f:6c]
RSSI: -71 [da:1d:6f:7e:0f:8c]
RSSI: -92 [da:15:e7:5d:0f:db]
RSSI: -70 [da:1d:6f:8d:0f:cc]
RSSI: -88 [da:15:e7:5d:0f:db]
RSSI: -72 [da:1d:6f:9c:0f:fc]
RSSI: -72 [da:1d:6f:9c:0f:fc]
RSSI: -89 [da:15:e7:6a:10:0b]
RSSI: -71 [da:1d:6f:a9:10:1c]
RSSI: -72 [da:1d:6f:a9:10:1c]
RSSI: -72 [da:1d:6f:a9:10:1c]
RSSI: -72 [da:1d:6f:b8:10:4c]
RSSI: -89 [da:15:e7:84:10:5b]
RSSI: -85 [da:15:e7:84:10:5b]
RSSI: -74 [da:1d:6f:c7:10:7c]
RSSI: -90 [da:15:e7:92:10:7b]
RSSI: -74 [da:1d:6f:c7:10:7c]
RSSI: -88 [da:15:e7:92:10:7b]
RSSI: -75 [da:1d:6f:d4:10:ac]
RSSI: -76 [da:1d:6f:d4:10:ac]
RSSI: -87 [da:15:e7:ac:10:cb]
RSSI: -86 [da:15:e7:ac:10:cb]
RSSI: -78 [da:1d:6f:e3:10:dc]
RSSI: -85 [da:15:e7:ac:10:cb]
RSSI: -88 [da:15:e7:b9:10:eb]
RSSI: -80 [da:1d:6f:f2:11:0c]
RSSI: -80 [da:1d:6f:f2:11:0c]
RSSI: -85 [da:1d:6f:ff:11:2c]
RSSI: -86 [da:15:e7:c6:11:1b]
RSSI: -87 [da:1d:6f:ff:11:2c]
RSSI: -86 [da:15:e7:d3:11:3b]
RSSI: -84 [da:15:e7:e1:11:6b]
RSSI: -83 [da:15:e7:e1:11:6b]
RSSI: -83 [da:15:e7:e1:11:6b]
RSSI: -87 [da:1d:70:1d:11:8c]
RSSI: -82 [da:15:e7:ed:11:8b]
RSSI: -84 [da:1d:70:29:11:bc]
RSSI: -80 [da:15:e7:fb:11:ab]
RSSI: -83 [da:1d:70:48:12:1c]
RSSI: -83 [da:1d:70:48:12:1c]
RSSI: -79 [da:15:e8:15:11:fb]
RSSI: -83 [da:1d:70:54:12:3c]
RSSI: -77 [da:15:e8:22:12:2b]
RSSI: -83 [da:1d:70:54:12:3c]
RSSI: -79 [da:15:e8:22:12:2b]
RSSI: -77 [da:15:e8:30:12:4b]
RSSI: -89 [da:1d:70:64:12:6c]
RSSI: -79 [da:15:e8:3c:12:7b]
RSSI: -77 [da:15:e8:3c:12:7b]
RSSI: -79 [da:15:e8:4a:12:9b]
RSSI: -78 [da:15:e8:4a:12:9b]
RSSI: -78 [da:15:e8:57:12:cb]
RSSI: -79 [da:15:e8:57:12:cb]
RSSI: -89 [da:1d:70:8e:12:ec]
RSSI: -78 [da:15:e8:64:12:eb]
RSSI: -78 [da:15:e8:64:12:eb]
RSSI: -79 [da:15:e8:72:13:1b]
RSSI: -92 [da:17:cc:70:08:ca]
RSSI: -79 [da:15:e8:72:13:1b]
RSSI: -91 [da:17:cc:70:08:ca]
RSSI: -79 [da:15:e8:7f:13:3b]
RSSI: -79 [da:15:e8:7f:13:3b]
RSSI: -89 [da:17:cc:7e:08:ea]
RSSI: -81 [da:15:e8:8c:13:5b]
RSSI: -88 [da:17:cc:7e:08:ea]
RSSI: -79 [da:15:e8:8c:13:5b]
RSSI: -88 [da:17:cc:8b:09:1a]
RSSI: -89 [da:17:cc:97:09:3a]
RSSI: -78 [da:15:e8:a6:13:ab]
RSSI: -78 [da:15:e8:a6:13:ab]
RSSI: -78 [da:15:e8:b3:13:db]
RSSI: -78 [da:15:e8:b3:13:db]
RSSI: -79 [da:15:e8:c1:13:fb]
RSSI: -86 [da:17:cc:be:09:aa]
RSSI: -78 [da:15:e8:c1:13:fb]
RSSI: -90 [da:1d:71:00:14:5c]
RSSI: -84 [da:17:cc:be:09:aa]
RSSI: -89 [da:1d:71:00:14:5c]
RSSI: -77 [da:15:e8:ce:14:2b]
RSSI: -86 [da:17:cc:cb:09:ca]
RSSI: -77 [da:15:e8:db:14:4b]
RSSI: -84 [da:17:cc:d8:09:fa]
RSSI: -83 [da:17:cc:d8:09:fa]
RSSI: -77 [da:15:e8:e8:14:6b]
RSSI: -85 [da:17:cc:e5:0a:1a]
RSSI: -77 [da:15:e8:e8:14:6b]
RSSI: -86 [da:17:cc:e5:0a:1a]
RSSI: -76 [da:15:e8:f6:14:9b]
RSSI: -89 [da:1d:71:2b:14:dc]
RSSI: -76 [da:15:e8:f6:14:9b]
RSSI: -84 [da:17:cc:f2:0a:3a]
RSSI: -78 [da:15:e9:02:14:bb]
RSSI: -78 [da:15:e9:02:14:bb]
RSSI: -81 [da:17:cc:ff:0a:6a]
RSSI: -88 [da:1d:71:3a:15:0c]
RSSI: -81 [da:17:cc:ff:0a:6a]
RSSI: -91 [da:1d:71:49:15:3c]
RSSI: -79 [da:15:e9:1d:15:0b]
RSSI: -79 [da:15:e9:1d:15:0b]
RSSI: -84 [da:17:cd:19:0a:aa]
RSSI: -82 [da:17:cd:26:0a:da]
RSSI: -81 [da:15:e9:2a:15:2b]
RSSI: -80 [da:15:e9:38:15:5b]
RSSI: -83 [da:17:cd:32:0a:fa]
RSSI: -82 [da:15:e9:38:15:5b]
RSSI: -83 [da:17:cd:32:0a:fa]
RSSI: -82 [da:15:e9:45:15:7b]
RSSI: -83 [da:17:cd:40:0b:1a]
RSSI: -82 [da:15:e9:45:15:7b]
RSSI: -84 [da:17:cd:4d:0b:3a]
RSSI: -81 [da:15:e9:52:15:ab]
RSSI: -82 [da:15:e9:5f:15:cb]
RSSI: -85 [da:17:cd:59:0b:6a]
RSSI: -86 [da:15:e9:5f:15:cb]
RSSI: -85 [da:17:cd:59:0b:6a]
RSSI: -82 [da:15:e9:6d:15:fb]
RSSI: -85 [da:17:cd:66:0b:8a]
RSSI: -81 [da:15:e9:79:16:1b]
RSSI: -89 [da:17:cd:8d:0b:fa]
RSSI: -82 [da:15:e9:95:16:6b]
RSSI: -89 [da:17:cd:8d:0b:fa]
RSSI: -81 [da:15:e9:a1:00:0b]
RSSI: -82 [da:15:e9:af:00:2b]
RSSI: -80 [da:15:e9:bc:00:5b]
RSSI: -80 [da:15:e9:bc:00:5b]
RSSI: -80 [da:15:e9:c9:00:7b]
RSSI: -80 [da:15:e9:c9:00:7b]
RSSI: -80 [da:15:e9:d6:00:9b]
RSSI: -80 [da:15:e9:d6:00:9b]
RSSI: -85 [da:1d:72:12:01:3c]
RSSI: -82 [da:15:e9:e4:00:cb]
RSSI: -87 [da:1d:72:21:01:6c]
RSSI: -80 [da:15:e9:e4:00:cb]
RSSI: -80 [da:15:e9:f1:00:eb]
RSSI: -89 [da:1d:72:2d:01:9c]
RSSI: -81 [da:15:e9:f1:00:eb]
RSSI: -87 [da:1d:72:2d:01:9c]
RSSI: -80 [da:15:e9:fe:01:1b]
RSSI: -86 [da:1d:72:2d:01:9c]
RSSI: -80 [da:15:e9:fe:01:1b]
RSSI: -80 [da:15:ea:0c:01:3b]
RSSI: -80 [da:15:ea:0c:01:3b]
RSSI: -79 [da:15:ea:18:01:6b]
RSSI: -79 [da:15:ea:26:01:8b]
RSSI: -79 [da:15:ea:33:01:bb]
RSSI: -79 [da:15:ea:33:01:bb]
RSSI: -91 [da:1d:72:77:02:7c]
RSSI: -80 [da:15:ea:40:01:db]
RSSI: -80 [da:15:ea:4e:01:fb]
RSSI: -91 [da:1a:d7:5f:0b:8e]
RSSI: -80 [da:15:ea:5b:02:2b]
RSSI: -92 [da:1a:d7:6d:0b:be]
RSSI: -81 [da:15:ea:68:02:4b]
RSSI: -90 [da:1a:d7:7a:0b:de]
RSSI: -81 [da:15:ea:68:02:4b]
RSSI: -82 [da:15:ea:75:02:7b]
RSSI: -82 [da:15:ea:75:02:7b]
RSSI: -82 [da:15:ea:8f:02:bb]
RSSI: -82 [da:15:ea:8f:02:bb]
RSSI: -82 [da:15:ea:9d:02:eb]
RSSI: -86 [da:1a:d7:b0:0c:7e]
RSSI: -82 [da:15:ea:9d:02:eb]
RSSI: -81 [da:15:ea:ab:03:0b]
RSSI: -87 [da:1a:d7:be:0c:9e]
RSSI: -82 [da:15:ea:ab:03:0b]
RSSI: -88 [da:1a:d7:be:0c:9e]
RSSI: -83 [da:15:ea:b7:03:3b]
RSSI: -87 [da:1a:d7:ca:0c:ce]
RSSI: -87 [da:1a:d7:ca:0c:ce]
RSSI: -88 [da:1a:d7:ca:0c:ce]
RSSI: -87 [da:1d:72:f8:04:1c]
RSSI: -89 [da:1a:d7:d8:0c:ee]
RSSI: -86 [da:1d:73:05:04:3c]
RSSI: -91 [da:1d:73:14:04:6c]
RSSI: -79 [da:15:ea:df:03:ab]
RSSI: -85 [da:1d:73:14:04:6c]
RSSI: -83 [da:15:ea:df:03:ab]
RSSI: -86 [da:1a:d7:f3:0d:3e]
RSSI: -87 [da:1d:73:24:04:9c]
RSSI: -79 [da:15:ea:ed:03:db]
RSSI: -88 [da:1a:d8:01:0d:6e]
RSSI: -87 [da:1d:73:30:04:cc]
RSSI: -88 [da:1d:73:40:04:fc]
RSSI: -89 [da:1a:d8:1b:0d:ae]
RSSI: -75 [da:15:eb:15:04:4b]
RSSI: -76 [da:15:eb:15:04:4b]
RSSI: -90 [da:1a:d8:37:0d:fe]
RSSI: -77 [da:15:eb:2f:04:9b]
RSSI: -76 [da:15:eb:3c:04:cb]
RSSI: -77 [da:15:eb:3c:04:cb]
RSSI: -87 [da:15:eb:4a:04:eb]
RSSI: -78 [da:15:eb:57:05:1b]
RSSI: -87 [da:15:eb:57:05:1b]
RSSI: -77 [da:15:eb:64:05:3b]
RSSI: -79 [da:15:eb:64:05:3b]
RSSI: -88 [da:1d:73:a5:06:3c]
RSSI: -85 [da:15:eb:72:05:6b]
RSSI: -79 [da:15:eb:72:05:6b]
RSSI: -79 [da:15:eb:7e:05:8b]
RSSI: -83 [da:15:eb:8c:05:bb]
RSSI: -88 [da:1d:73:c1:06:9c]
RSSI: -83 [da:15:eb:8c:05:bb]
RSSI: -87 [da:1d:73:d0:06:cc]
RSSI: -86 [da:1d:73:dd:06:ec]
RSSI: -86 [da:1d:73:ec:07:1c]
RSSI: -89 [da:15:eb:b4:06:2b]
RSSI: -86 [da:1d:73:ec:07:1c]
RSSI: -84 [da:1d:73:ec:07:1c]
RSSI: -87 [da:15:eb:c2:06:5b]
RSSI: -95 [da:17:cf:d6:12:7a]
RSSI: -82 [da:15:eb:dc:06:ab]
RSSI: -85 [da:1d:74:18:07:ac]
RSSI: -83 [da:15:eb:e9:06:cb]
RSSI: -81 [da:15:eb:e9:06:cb]
RSSI: -89 [da:15:eb:f6:06:eb]
RSSI: -81 [da:15:eb:f6:06:eb]
RSSI: -92 [da:1d:74:34:08:0c]
RSSI: -80 [da:15:ec:04:07:1b]
RSSI: -84 [da:15:ec:04:07:1b]
RSSI: -79 [da:15:ec:11:07:4b]
RSSI: -79 [da:15:ec:11:07:4b]
RSSI: -80 [da:15:ec:11:07:4b]
RSSI: -80 [da:15:ec:11:07:4b]
RSSI: -85 [da:1d:74:52:08:6c]
RSSI: -80 [da:15:ec:1e:07:6b]
RSSI: -78 [da:15:ec:1e:07:6b]
RSSI: -78 [da:15:ec:1e:07:6b]
RSSI: -81 [da:15:ec:2c:07:9b]
RSSI: -80 [da:15:ec:2c:07:9b]
RSSI: -78 [da:15:ec:39:07:bb]
RSSI: -77 [da:15:ec:46:07:eb]
RSSI: -79 [da:15:ec:54:08:0b]
RSSI: -81 [da:15:ec:61:08:3b]
RSSI: -77 [da:15:ec:6e:08:5b]
RSSI: -80 [da:15:ec:6e:08:5b]
RSSI: -78 [da:15:ec:7c:08:8b]
RSSI: -77 [da:15:ec:7c:08:8b]
RSSI: -80 [da:15:ec:89:08:ab]
RSSI: -78 [da:15:ec:96:08:db]
RSSI: -77 [da:15:ec:a4:08:fb]
RSSI: -77 [da:15:ec:a4:08:fb]
RSSI: -78 [da:15:ec:b1:09:2b]
RSSI: -76 [da:15:ec:b1:09:2b]
RSSI: -78 [da:15:ec:be:09:4b]
RSSI: -76 [da:15:ec:be:09:4b]
RSSI: -77 [da:15:ec:cc:09:7b]
RSSI: -87 [da:1d:75:0c:0a:bc]
RSSI: -77 [da:15:ec:d9:09:9b]
RSSI: -78 [da:15:ec:d9:09:9b]
RSSI: -87 [da:1d:75:1c:0a:ec]
RSSI: -77 [da:15:ec:e6:09:bb]
RSSI: -86 [da:1d:75:1c:0a:ec]
RSSI: -77 [da:15:ec:e6:09:bb]
RSSI: -86 [da:1d:75:2b:0b:1c]
RSSI: -77 [da:15:ec:f4:09:eb]
RSSI: -79 [da:15:ed:01:0a:0b]
RSSI: -86 [da:1d:75:47:0b:7c]
RSSI: -85 [da:1d:75:56:0b:ac]
RSSI: -77 [da:15:ed:1c:0a:5b]
RSSI: -85 [da:1d:75:56:0b:ac]
RSSI: -76 [da:15:ed:29:0a:8b]
RSSI: -76 [da:15:ed:29:0a:8b]
RSSI: -78 [da:15:ed:29:0a:8b]
RSSI: -84 [da:1d:75:63:0b:dc]
RSSI: -77 [da:15:ed:36:0a:ab]
RSSI: -76 [da:15:ed:36:0a:ab]
RSSI: -84 [da:1d:75:72:0c:0c]
RSSI: -78 [da:15:ed:44:0a:db]
RSSI: -77 [da:15:ed:44:0a:db]
RSSI: -87 [da:1d:75:82:0c:3c]
RSSI: -77 [da:15:ed:44:0a:db]
RSSI: -75 [da:15:ed:51:0a:fb]
RSSI: -76 [da:15:ed:5e:0b:2b]
RSSI: -75 [da:15:ed:5e:0b:2b]
RSSI: -77 [da:15:ed:6c:0b:4b]
RSSI: -86 [da:1d:75:9e:0c:8c]
RSSI: -84 [da:1d:75:9e:0c:8c]
RSSI: -76 [da:15:ed:6c:0b:4b]
RSSI: -83 [da:1d:75:ad:0c:bc]
RSSI: -77 [da:15:ed:79:0b:7b]
RSSI: -81 [da:1d:75:ba:0c:ec]
RSSI: -83 [da:1d:75:c9:0d:1c]
RSSI: -78 [da:15:ed:94:0b:cb]
RSSI: -80 [da:1d:75:c9:0d:1c]
RSSI: -85 [da:1d:75:d9:0d:4c]
RSSI: -78 [da:15:ed:a2:0b:eb]
RSSI: -79 [da:1d:75:e5:0d:7c]
RSSI: -76 [da:15:ed:ae:0c:1b]
RSSI: -91 [da:1d:75:e5:0d:7c]
RSSI: -77 [da:15:ed:bc:0c:3b]
RSSI: -82 [da:1d:75:f5:0d:ac]
RSSI: -85 [da:1d:76:04:0d:dc]
RSSI: -77 [da:15:ed:d6:0c:8b]
RSSI: -81 [da:1d:76:11:0d:fc]
RSSI: -77 [da:15:ed:d6:0c:8b]
RSSI: -80 [da:1d:76:11:0d:fc]
RSSI: -77 [da:15:ed:e4:0c:bb]
RSSI: -77 [da:15:ed:e4:0c:bb]
RSSI: -77 [da:1d:76:20:0e:2c]
RSSI: -78 [da:15:ed:f2:0c:db]
RSSI: -75 [da:1d:76:20:0e:2c]
RSSI: -77 [da:15:ed:f2:0c:db]
RSSI: -73 [da:1d:76:30:0e:5c]
RSSI: -77 [da:15:ed:f2:0c:db]
RSSI: -74 [da:1d:76:30:0e:5c]
RSSI: -79 [da:15:ed:fe:0c:fb]
RSSI: -73 [da:1d:76:3c:0e:8c]
RSSI: -70 [da:1d:76:3c:0e:8c]
RSSI: -77 [da:15:ee:0c:0d:2b]
RSSI: -71 [da:1d:76:4c:0e:bc]
RSSI: -80 [da:15:ee:1a:0d:5b]
RSSI: -70 [da:1d:76:4c:0e:bc]
RSSI: -78 [da:15:ee:1a:0d:5b]
RSSI: -69 [da:1d:76:5b:0e:ec]
RSSI: -70 [da:1d:76:5b:0e:ec]
RSSI: -79 [da:15:ee:27:0d:7b]
RSSI: -68 [da:1d:76:68:0f:1c]
RSSI: -69 [da:1d:76:68:0f:1c]
RSSI: -68 [da:1d:76:77:0f:4c]
RSSI: -79 [da:15:ee:4f:0d:eb]
RSSI: -69 [da:1d:76:87:0f:7c]
RSSI: -80 [da:15:ee:4f:0d:eb]
RSSI: -81 [da:15:ee:5d:0e:1b]
RSSI: -67 [da:1d:76:93:0f:9c]
RSSI: -80 [da:15:ee:5d:0e:1b]
RSSI: -70 [da:1d:76:93:0f:9c]
RSSI: -81 [da:15:ee:6a:0e:4b]
RSSI: -81 [da:15:ee:6a:0e:4b]
RSSI: -85 [da:15:ee:6a:0e:4b]
RSSI: -68 [da:1d:76:a3:0f:cc]
RSSI: -80 [da:15:ee:77:0e:6b]
RSSI: -82 [da:15:ee:77:0e:6b]
RSSI: -69 [da:1d:76:b2:0f:fc]
RSSI: -82 [da:15:ee:77:0e:6b]
RSSI: -81 [da:15:ee:85:0e:9b]
RSSI: -81 [da:15:ee:85:0e:9b]
RSSI: -69 [da:1d:76:c4:10:3c]
RSSI: -72 [da:1d:76:d4:10:6c]
RSSI: -81 [da:15:ee:9f:0e:eb]
RSSI: -71 [da:1d:76:d4:10:6c]
RSSI: -83 [da:15:ee:9f:0e:eb]
RSSI: -72 [da:1d:76:e4:10:9c]
RSSI: -83 [da:15:ee:ad:0f:0b]
RSSI: -74 [da:1d:76:e4:10:9c]
RSSI: -75 [da:1d:76:f0:10:cc]
RSSI: -77 [da:1d:77:00:10:fc]
RSSI: -86 [da:15:ee:c7:0f:5b]
RSSI: -82 [da:1d:77:00:10:fc]
RSSI: -86 [da:15:ee:d5:0f:8b]
RSSI: -83 [da:1d:77:0f:11:2c]
RSSI: -87 [da:15:ee:d5:0f:8b]
RSSI: -87 [da:15:ee:ef:0f:db]
RSSI: -82 [da:1d:77:2b:11:8c]
RSSI: -88 [da:1d:77:2b:11:8c]
RSSI: -88 [da:15:ee:fd:0f:fb]
RSSI: -81 [da:1d:77:3b:11:bc]
RSSI: -85 [da:15:ef:0b:10:2b]
RSSI: -82 [da:1d:77:47:11:dc]
RSSI: -80 [da:1d:77:47:11:dc]
RSSI: -86 [da:15:ef:18:10:4b]
RSSI: -84 [da:15:ef:18:10:4b]
RSSI: -82 [da:1d:77:57:12:0c]
RSSI: -84 [da:15:ef:26:10:7b]
RSSI: -81 [da:1d:77:66:12:4c]
RSSI: -84 [da:15:ef:33:10:9b]
RSSI: -83 [da:1d:77:73:12:6c]
RSSI: -87 [da:1d:77:73:12:6c]
RSSI: -84 [da:15:ef:40:10:cb]
RSSI: -82 [da:15:ef:4e:10:eb]
RSSI: -83 [da:15:ef:5c:11:1b]
RSSI: -83 [da:15:ef:68:11:3b]
RSSI: -82 [da:15:ef:76:11:6b]
RSSI: -87 [da:15:ef:76:11:6b]
RSSI: -88 [da:1d:77:ae:13:2c]
RSSI: -86 [da:1d:77:be:13:5c]
RSSI: -83 [da:15:ef:84:11:8b]
RSSI: -83 [da:15:ef:84:11:8b]
RSSI: -84 [da:15:ef:90:11:ab]
RSSI: -85 [da:1d:77:ca:13:7c]
RSSI: -82 [da:15:ef:90:11:ab]
RSSI: -87 [da:1d:77:ca:13:7c]
RSSI: -81 [da:15:ef:9e:11:db]
RSSI: -82 [da:15:ef:ac:12:0b]
RSSI: -81 [da:15:ef:b9:12:2b]
RSSI: -87 [da:1d:77:f6:14:0c]
RSSI: -79 [da:15:ef:d4:12:7b]
RSSI: -86 [da:1d:78:05:14:3c]
RSSI: -79 [da:15:ef:d4:12:7b]
RSSI: -79 [da:15:ef:e1:12:ab]
RSSI: -88 [da:1d:78:22:14:9c]
RSSI: -81 [da:15:ef:ef:12:cb]
RSSI: -79 [da:15:ef:ef:12:cb]
RSSI: -79 [da:15:ef:fd:12:fb]
RSSI: -78 [da:15:f0:09:13:1b]
RSSI: -79 [da:15:f0:09:13:1b]
RSSI: -88 [da:1d:78:4d:15:1c]
RSSI: -79 [da:15:f0:17:13:3b]
RSSI: -81 [da:15:f0:25:13:6b]
RSSI: -79 [da:15:f0:32:13:8b]
RSSI: -81 [da:15:f0:32:13:8b]
RSSI: -79 [da:15:f0:40:13:bb]
RSSI: -79 [da:15:f0:4e:13:db]
RSSI: -94 [da:17:d4:46:08:ba]
RSSI: -78 [da:15:f0:5a:14:0b]
RSSI: -77 [da:15:f0:68:14:2b]
RSSI: -89 [da:17:d4:61:09:0a]
RSSI: -76 [da:15:f0:68:14:2b]
RSSI: -78 [da:15:f0:76:14:5b]
RSSI: -78 [da:15:f0:76:14:5b]
RSSI: -90 [da:17:d4:6e:09:2a]
RSSI: -87 [da:17:d4:7c:09:5a]
RSSI: -90 [da:1d:78:b4:16:5c]
RSSI: -86 [da:17:d4:7c:09:5a]
RSSI: -77 [da:15:f0:83:14:7b]
RSSI: -75 [da:15:f0:91:14:9b]
RSSI: -86 [da:17:d4:89:09:7a]
RSSI: -76 [da:15:f0:91:14:9b]
RSSI: -88 [da:17:d4:89:09:7a]
RSSI: -76 [da:15:f0:91:14:9b]
RSSI: -84 [da:17:d4:96:09:9a]
RSSI: -85 [da:17:d4:96:09:9a]
RSSI: -75 [da:15:f0:9e:14:cb]
RSSI: -86 [da:17:d4:a3:09:ca]
RSSI: -76 [da:15:f0:ab:14:eb]
RSSI: -90 [da:1d:78:e0:00:5c]
RSSI: -83 [da:17:d4:a3:09:ca]
RSSI: -87 [da:17:d4:b1:09:ea]
RSSI: -76 [da:15:f0:b9:15:1b]
RSSI: -89 [da:17:d4:b1:09:ea]
RSSI: -77 [da:15:f0:b9:15:1b]
RSSI: -82 [da:17:d4:b1:09:ea]
RSSI: -81 [da:17:d4:bd:0a:1a]
RSSI: -77 [da:15:f0:c7:15:3b]
RSSI: -83 [da:17:d4:bd:0a:1a]
RSSI: -82 [da:17:d4:d8:0a:5a]
RSSI: -80 [da:15:f0:e1:15:8b]
RSSI: -79 [da:15:f0:ef:15:bb]
RSSI: -85 [da:17:d4:e5:0a:8a]
RSSI: -84 [da:1d:79:28:01:3c]
RSSI: -81 [da:15:f0:fc:15:db]
RSSI: -83 [da:17:d5:00:0a:da]
RSSI: -84 [da:1d:79:37:01:6c]
RSSI: -85 [da:15:f1:0a:16:0b]
RSSI: -84 [da:17:d5:00:0a:da]
RSSI: -84 [da:15:f1:0a:16:0b]
RSSI: -85 [da:1d:79:47:01:ac]
RSSI: -87 [da:1d:79:54:01:cc]
RSSI: -83 [da:17:d5:1a:0b:1a]
RSSI: -83 [da:15:f1:24:16:5b]
RSSI: -93 [da:1d:79:63:01:fc]
RSSI: -88 [da:17:d5:28:0b:4a]
RSSI: -81 [da:15:f1:32:16:7b]
RSSI: -84 [da:15:f1:32:16:7b]
RSSI: -84 [da:15:f1:32:16:7b]
RSSI: -86 [da:17:d5:34:0b:6a]
RSSI: -82 [da:15:f1:40:00:2b]
RSSI: -81 [da:15:f1:40:00:2b]
RSSI: -82 [da:17:d5:42:0b:8a]
RSSI: -82 [da:15:f1:4d:00:4b]
RSSI: -87 [da:17:d5:4f:0b:ba]
RSSI: -87 [da:1d:79:8f:02:8c]
RSSI: -82 [da:15:f1:5b:00:7b]
RSSI: -87 [da:1d:79:8f:02:8c]
RSSI: -85 [da:17:d5:5c:0b:da]
RSSI: -79 [da:15:f1:69:00:ab]
RSSI: -87 [da:17:d5:6a:0b:fa]
RSSI: -80 [da:15:f1:75:00:cb]
RSSI: -88 [da:17:d5:77:0c:2a]
RSSI: -81 [da:15:f1:83:00:eb]
RSSI: -80 [da:15:f1:83:00:eb]
RSSI: -80 [da:15:f1:91:01:1b]
RSSI: -88 [da:1d:79:ca:03:4c]
RSSI: -81 [da:15:f1:91:01:1b]
RSSI: -85 [da:1d:79:ca:03:4c]
RSSI: -79 [da:15:f1:9e:01:3b]
RSSI: -79 [da:15:f1:9e:01:3b]
RSSI: -86 [da:1d:79:d7:03:6c]
RSSI: -87 [da:1d:79:e7:03:9c]
RSSI: -79 [da:15:f1:ac:01:6b]
RSSI: -87 [da:1d:79:e7:03:9c]
RSSI: -84 [da:1d:79:e7:03:9c]
RSSI: -82 [da:1d:79:f6:03:cc]
RSSI: -79 [da:15:f1:ba:01:9b]
RSSI: -85 [da:1d:79:f6:03:cc]
RSSI: -77 [da:15:f1:c6:01:bb]
RSSI: -77 [da:15:f1:c6:01:bb]
RSSI: -84 [da:1d:7a:03:03:fc]
RSSI: -77 [da:15:f1:d4:01:db]
RSSI: -77 [da:15:f1:d4:01:db]
RSSI: -82 [da:1d:7a:13:04:2c]
RSSI: -84 [da:1d:7a:13:04:2c]
RSSI: -78 [da:15:f1:e2:02:0b]
RSSI: -86 [da:1d:7a:22:04:5c]
RSSI: -80 [da:1d:7a:22:04:5c]
RSSI: -77 [da:15:f1:ef:02:2b]
RSSI: -85 [da:1d:7a:2f:04:8c]
RSSI: -76 [da:15:f1:fd:02:5b]
RSSI: -78 [da:15:f1:fd:02:5b]
RSSI: -84 [da:1d:7a:3e:04:bc]
RSSI: -79 [da:15:f2:0b:02:8b]
RSSI: -84 [da:1d:7a:3e:04:bc]
RSSI: -76 [da:15:f2:0b:02:8b]
RSSI: -94 [da:17:d6:16:0d:ea]
RSSI: -80 [da:15:f2:17:02:ab]
RSSI: -77 [da:15:f2:25:02:db]
RSSI: -84 [da:1d:7a:5b:05:0c]
RSSI: -79 [da:15:f2:25:02:db]
RSSI: -77 [da:15:f2:33:02:fb]
RSSI: -91 [da:1a:df:4e:0c:1e]
RSSI: -83 [da:1d:7a:7a:05:7c]
RSSI: -88 [da:1d:7a:86:05:9c]
RSSI: -83 [da:1d:7a:86:05:9c]
RSSI: -76 [da:15:f2:5c:03:7b]
RSSI: -77 [da:15:f2:5c:03:7b]
RSSI: -79 [da:15:f2:5c:03:7b]
RSSI: -89 [da:1d:7a:96:05:cc]
RSSI: -78 [da:15:f2:68:03:9b]
RSSI: -77 [da:15:f2:68:03:9b]
RSSI: -79 [da:15:f2:77:03:cb]
RSSI: -87 [da:1a:df:85:0c:be]
RSSI: -77 [da:15:f2:77:03:cb]
RSSI: -86 [da:1d:7a:b2:06:2c]
RSSI: -88 [da:1a:df:93:0c:ee]
RSSI: -78 [da:15:f2:84:03:eb]
RSSI: -79 [da:15:f2:84:03:eb]
RSSI: -80 [da:15:f2:91:04:1b]
RSSI: -90 [da:1d:7a:d2:06:8c]
RSSI: -81 [da:15:f2:91:04:1b]
RSSI: -75 [da:15:f2:9f:04:3b]
RSSI: -88 [da:1a:df:ae:0d:3e]
RSSI: -76 [da:15:f2:9f:04:3b]
RSSI: -87 [da:1d:7a:de:06:bc]
RSSI: -82 [da:15:f2:ad:04:6b]
RSSI: -84 [da:1d:7a:de:06:bc]
RSSI: -81 [da:15:f2:ad:04:6b]
RSSI: -85 [da:1d:7a:ee:06:ec]
RSSI: -82 [da:15:f2:ba:04:8b]
RSSI: -86 [da:1d:7a:ee:06:ec]
RSSI: -84 [da:1d:7a:fe:07:1c]
RSSI: -75 [da:15:f2:c8:04:bb]
RSSI: -86 [da:1d:7b:0a:07:3c]
RSSI: -88 [da:1d:7b:1a:07:7c]
RSSI: -91 [da:1a:df:f3:0d:fe]
RSSI: -87 [da:15:f2:e2:05:0b]
RSSI: -89 [da:1d:7b:1a:07:7c]
RSSI: -85 [da:15:f2:fe:05:5b]
RSSI: -77 [da:15:f2:fe:05:5b]
RSSI: -81 [da:15:f3:0b:05:7b]
RSSI: -90 [da:1d:7b:46:07:fc]
RSSI: -83 [da:15:f3:0b:05:7b]
RSSI: -79 [da:15:f3:19:05:ab]
RSSI: -91 [da:1d:7b:55:08:2c]
RSSI: -90 [da:1d:7b:55:08:2c]
RSSI: -80 [da:15:f3:27:05:db]
RSSI: -80 [da:15:f3:27:05:db]
RSSI: -80 [da:15:f3:34:05:fb]
RSSI: -87 [da:1d:7b:72:08:8c]
RSSI: -82 [da:15:f3:42:06:1b]
RSSI: -80 [da:15:f3:42:06:1b]
RSSI: -80 [da:15:f3:50:06:4b]
RSSI: -82 [da:15:f3:5c:06:6b]
RSSI: -83 [da:15:f3:5c:06:6b]
RSSI: -88 [da:15:f3:85:06:eb]
RSSI: -83 [da:15:f3:93:07:1b]
RSSI: -86 [da:15:f3:93:07:1b]
RSSI: -81 [da:15:f3:a1:07:3b]
RSSI: -79 [da:15:f3:bc:07:8b]
RSSI: -78 [da:15:f3:ca:07:bb]
RSSI: -79 [da:15:f3:ca:07:bb]
RSSI: -82 [da:15:f3:d6:07:db]
RSSI: -76 [da:15:f3:d6:07:db]
RSSI: -77 [da:15:f3:e4:08:0b]
RSSI: -80 [da:15:f3:e4:08:0b]
RSSI: -76 [da:15:f3:f2:08:2b]
RSSI: -77 [da:15:f3:f2:08:2b]
RSSI: -92 [da:1d:7c:32:0a:fc]
RSSI: -93 [da:17:d7:f5:13:4a]
RSSI: -76 [da:15:f3:ff:08:5b]
RSSI: -77 [da:15:f3:ff:08:5b]
RSSI: -76 [da:15:f4:12:08:8b]
RSSI: -78 [da:15:f4:12:08:8b]
RSSI: -79 [da:15:f4:23:08:bb]
RSSI: -78 [da:15:f4:2f:08:db]
RSSI: -78 [da:15:f4:2f:08:db]
RSSI: -77 [da:15:f4:2f:08:db]
RSSI: -76 [da:15:f4:3d:09:0b]
RSSI: -79 [da:15:f4:3d:09:0b]
RSSI: -79 [da:15:f4:3d:09:0b]
RSSI: -77 [da:15:f4:4b:09:3b]
RSSI: -77 [da:15:f4:4b:09:3b]
RSSI: -78 [da:15:f4:58:09:5b]
RSSI: -77 [da:15:f4:58:09:5b]
RSSI: -77 [da:15:f4:66:09:8b]
RSSI: -77 [da:15:f4:66:09:8b]
RSSI: -89 [da:1d:7c:a6:0c:6c]
RSSI: -76 [da:15:f4:74:09:ab]
RSSI: -86 [da:1d:7c:b6:0c:9c]
RSSI: -82 [da:15:f4:81:09:db]
RSSI: -76 [da:15:f4:9d:0a:2b]
RSSI: -86 [da:1d:7c:d2:0c:fc]
RSSI: -75 [da:15:f4:9d:0a:2b]
RSSI: -86 [da:1d:7c:d2:0c:fc]
RSSI: -87 [da:1d:7c:e2:0d:2c]
RSSI: -76 [da:15:f4:aa:0a:4b]
RSSI: -77 [da:15:f4:b8:0a:7b]
RSSI: -86 [da:1d:7c:ee:0d:5c]
RSSI: -76 [da:15:f4:b8:0a:7b]
RSSI: -86 [da:1d:7c:ee:0d:5c]
RSSI: -76 [da:15:f4:c6:0a:ab]
RSSI: -77 [da:15:f4:c6:0a:ab]
RSSI: -77 [da:15:f4:d3:0a:cb]
RSSI: -83 [da:1d:7d:0e:0d:bc]
RSSI: -75 [da:15:f4:e1:0a:fb]
RSSI: -81 [da:1d:7d:1b:0d:dc]
RSSI: -81 [da:1d:7d:1b:0d:dc]
RSSI: -75 [da:15:f4:ef:0b:1b]
RSSI: -82 [da:1d:7d:2a:0e:1c]
RSSI: -77 [da:15:f4:fb:0b:4b]
RSSI: -76 [da:15:f5:0a:0b:7b]
RSSI: -77 [da:1d:7d:47:0e:6c]
RSSI: -78 [da:15:f5:0a:0b:7b]
RSSI: -74 [da:1d:7d:47:0e:6c]
RSSI: -77 [da:15:f5:18:0b:9b]
RSSI: -78 [da:15:f5:24:0b:cb]
RSSI: -75 [da:1d:7d:57:0e:ac]
RSSI: -82 [da:15:f5:24:0b:cb]
RSSI: -75 [da:1d:7d:66:0e:dc]
RSSI: -80 [da:15:f5:32:0b:eb]
RSSI: -72 [da:1d:7d:73:0e:fc]
RSSI: -78 [da:15:f5:41:0c:1b]
RSSI: -71 [da:1d:7d:73:0e:fc]
RSSI: -78 [da:15:f5:41:0c:1b]
RSSI: -74 [da:1d:7d:83:0f:3c]
RSSI: -79 [da:15:f5:4d:0c:3b]
RSSI: -74 [da:1d:7d:83:0f:3c]
RSSI: -79 [da:15:f5:5b:0c:6b]
RSSI: -75 [da:1d:7d:93:0f:6c]
RSSI: -77 [da:15:f5:5b:0c:6b]
RSSI: -77 [da:15:f5:69:0c:8b]
RSSI: -73 [da:1d:7d:9f:0f:8c]
RSSI: -77 [da:15:f5:69:0c:8b]
RSSI: -74 [da:1d:7d:9f:0f:8c]
RSSI: -77 [da:15:f5:76:0c:bb]
RSSI: -77 [da:15:f5:84:0c:db]
RSSI: -74 [da:1d:7d:bf:0f:fc]
RSSI: -77 [da:15:f5:84:0c:db]
RSSI: -73 [da:1d:7d:bf:0f:fc]
RSSI: -78 [da:15:f5:92:0d:0b]
RSSI: -74 [da:1d:7d:cb:10:1c]
RSSI: -77 [da:15:f5:92:0d:0b]
RSSI: -72 [da:1d:7d:cb:10:1c]
RSSI: -77 [da:15:f5:9f:0d:2b]
RSSI: -77 [da:15:f5:9f:0d:2b]
RSSI: -74 [da:1d:7d:db:10:4c]
RSSI: -78 [da:15:f5:ad:0d:5b]
RSSI: -73 [da:1d:7d:eb:10:7c]
RSSI: -75 [da:1d:7d:eb:10:7c]
RSSI: -79 [da:15:f5:bb:0d:7b]
RSSI: -75 [da:1d:7d:f8:10:ac]
RSSI: -76 [da:15:f5:c8:0d:ab]
RSSI: -76 [da:15:f5:c8:0d:ab]
RSSI: -78 [da:1d:7e:07:10:dc]
RSSI: -79 [da:15:f5:d6:0d:cb]
RSSI: -78 [da:1d:7e:07:10:dc]
RSSI: -77 [da:15:f5:d6:0d:cb]
RSSI: -81 [da:1d:7e:17:11:0c]
RSSI: -80 [da:15:f5:e4:0d:fb]
RSSI: -83 [da:1d:7e:17:11:0c]
RSSI: -80 [da:15:f5:e4:0d:fb]
RSSI: -78 [da:15:f5:f1:0e:1b]
RSSI: -79 [da:15:f5:f1:0e:1b]
RSSI: -81 [da:15:f5:ff:0e:4b]
RSSI: -85 [da:1d:7e:34:11:6c]
RSSI: -82 [da:15:f5:ff:0e:4b]
RSSI: -79 [da:15:f6:0d:0e:7b]
RSSI: -83 [da:1d:7e:43:11:9c]
RSSI: -82 [da:15:f6:0d:0e:7b]
RSSI: -83 [da:1d:7e:43:11:9c]
RSSI: -79 [da:15:f6:1a:0e:9b]
RSSI: -79 [da:1d:7e:60:11:ec]
RSSI: -83 [da:1d:7e:60:11:ec]
RSSI: -82 [da:1d:7e:70:12:1c]
RSSI: -85 [da:15:f6:36:0e:eb]
RSSI: -82 [da:1d:7e:70:12:1c]
RSSI: -81 [da:15:f6:43:0f:1b]
RSSI: -84 [da:1d:7e:7c:12:4c]
RSSI: -84 [da:15:f6:43:0f:1b]
RSSI: -85 [da:1d:7e:7c:12:4c]
RSSI: -89 [da:1d:7e:8c:12:7c]
RSSI: -85 [da:15:f6:5f:0f:6b]
RSSI: -90 [da:1d:7e:8c:12:7c]
RSSI: -85 [da:15:f6:6c:0f:8b]
RSSI: -89 [da:1d:7e:a9:12:dc]
RSSI: -87 [da:15:f6:7a:0f:bb]
RSSI: -89 [da:1d:7e:b8:13:0c]
RSSI: -90 [da:1d:7e:c8:13:3c]
RSSI: -90 [da:15:f6:95:10:0b]
RSSI: -92 [da:1d:7f:01:13:ec]
RSSI: -92 [da:15:f6:cc:10:ab]
RSSI: -90 [da:1d:7f:01:13:ec]
RSSI: -89 [da:15:f6:cc:10:ab]
RSSI: -94 [da:1d:7f:11:14:1c]
RSSI: -91 [da:15:f6:da:10:db]
RSSI: -91 [da:1d:7f:11:14:1c]
RSSI: -90 [da:1d:7f:21:14:5c]
RSSI: -94 [da:1d:7f:2d:14:7c]
RSSI: -84 [da:15:f7:03:11:4b]
RSSI: -84 [da:15:f7:03:11:4b]
RSSI: -83 [da:15:f7:10:11:7b]
RSSI: -85 [da:15:f7:1e:11:9b]
RSSI: -83 [da:15:f7:2c:11:cb]
RSSI: -85 [da:15:f7:2c:11:cb]
RSSI: -85 [da:15:f7:39:11:eb]
RSSI: -86 [da:15:f7:47:12:1b]
RSSI: -83 [da:15:f7:55:12:3b]
RSSI: -83 [da:15:f7:62:12:6b]
RSSI: -82 [da:15:f7:62:12:6b]
RSSI: -84 [da:15:f7:70:12:8b]
RSSI: -80 [da:15:f7:70:12:8b]
RSSI: -80 [da:15:f7:7f:12:bb]
RSSI: -83 [da:15:f7:7f:12:bb]
RSSI: -80 [da:15:f7:8b:12:db]
RSSI: -80 [da:15:f7:8b:12:db]
RSSI: -84 [da:15:f7:a8:13:3b]
RSSI: -81 [da:15:f7:b4:13:5b]
RSSI: -97 [da:17:db:ab:07:7a]
RSSI: -92 [da:1d:7f:ef:00:5c]
RSSI: -81 [da:15:f7:c3:13:8b]
RSSI: -81 [da:15:f7:c3:13:8b]
RSSI: -84 [da:15:f7:d1:13:ab]
RSSI: -81 [da:15:f7:d1:13:ab]
RSSI: -81 [da:15:f7:dd:13:cb]
RSSI: -85 [da:15:f7:dd:13:cb]
RSSI: -81 [da:15:f7:ec:13:fb]
RSSI: -80 [da:15:f7:ec:13:fb]
RSSI: -87 [da:1d:80:2b:01:1c]
RSSI: -80 [da:15:f7:fa:14:2b]
RSSI: -88 [da:1d:80:38:01:4c]
RSSI: -80 [da:15:f8:07:14:4b]
RSSI: -87 [da:1d:80:48:01:7c]
RSSI: -77 [da:15:f8:15:14:7b]
RSSI: -76 [da:15:f8:23:14:9b]
RSSI: -92 [da:1d:80:57:01:ac]
RSSI: -76 [da:15:f8:23:14:9b]
RSSI: -79 [da:15:f8:30:14:cb]
RSSI: -76 [da:15:f8:30:14:cb]
RSSI: -76 [da:15:f8:3e:14:eb]
RSSI: -80 [da:15:f8:3e:14:eb]
RSSI: -77 [da:15:f8:4c:15:1b]
RSSI: -76 [da:15:f8:4c:15:1b]
RSSI: -77 [da:15:f8:59:15:3b]
RSSI: -79 [da:15:f8:67:15:6b]
RSSI: -89 [da:17:dc:67:09:8a]
RSSI: -79 [da:15:f8:76:15:8b]
RSSI: -85 [da:17:dc:75:09:ba]
RSSI: -79 [da:15:f8:82:15:bb]
RSSI: -80 [da:15:f8:82:15:bb]
RSSI: -87 [da:17:dc:83:09:da]
RSSI: -83 [da:15:f8:91:15:db]
RSSI: -84 [da:17:dc:90:0a:0a]
RSSI: -79 [da:15:f8:91:15:db]
RSSI: -82 [da:15:f8:9f:16:0b]
RSSI: -84 [da:17:dc:90:0a:0a]
RSSI: -85 [da:15:f8:9f:16:0b]
RSSI: -86 [da:17:dc:9e:0a:2a]
RSSI: -81 [da:15:f8:ab:16:2b]
RSSI: -83 [da:15:f8:ab:16:2b]
RSSI: -82 [da:17:dc:ac:0a:5a]
RSSI: -90 [da:1d:80:ea:03:7c]
RSSI: -83 [da:17:dc:ac:0a:5a]
RSSI: -84 [da:15:f8:ba:16:5b]
RSSI: -84 [da:17:dc:b8:0a:7a]
RSSI: -85 [da:17:dc:b8:0a:7a]
RSSI: -84 [da:17:dc:c6:0a:9a]
RSSI: -88 [da:1d:81:09:03:dc]
RSSI: -83 [da:15:f8:e3:00:4b]
RSSI: -83 [da:17:dc:e1:0a:ea]
RSSI: -86 [da:15:f8:e3:00:4b]
RSSI: -82 [da:15:f8:f1:00:7b]
RSSI: -89 [da:1d:81:26:04:3c]
RSSI: -84 [da:15:f8:f1:00:7b]
RSSI: -83 [da:17:dc:ef:0b:0a]
RSSI: -89 [da:1d:81:36:04:6c]
RSSI: -85 [da:17:dc:ef:0b:0a]
RSSI: -87 [da:15:f8:fe:00:9b]
RSSI: -87 [da:1d:81:36:04:6c]
RSSI: -81 [da:17:dc:fd:0b:3a]
RSSI: -82 [da:15:f8:fe:00:9b]
RSSI: -83 [da:17:dc:fd:0b:3a]
RSSI: -84 [da:15:f9:0c:00:cb]
RSSI: -89 [da:1d:81:43:04:8c]
RSSI: -84 [da:17:dd:09:0b:5a]
RSSI: -88 [da:1d:81:43:04:8c]
RSSI: -84 [da:17:dd:09:0b:5a]
RSSI: -95 [da:1d:81:53:04:bc]
RSSI: -85 [da:17:dd:17:0b:8a]
RSSI: -83 [da:15:f9:27:01:1b]
RSSI: -86 [da:17:dd:25:0b:aa]
RSSI: -87 [da:17:dd:25:0b:aa]
RSSI: -85 [da:15:f9:36:01:4b]
RSSI: -87 [da:15:f9:36:01:4b]
RSSI: -83 [da:17:dd:32:0b:ca]
RSSI: -85 [da:15:f9:44:01:6b]
RSSI: -81 [da:15:f9:50:01:9b]
RSSI: -85 [da:15:f9:5f:01:bb]
RSSI: -92 [da:17:dd:68:0c:6a]
RSSI: -84 [da:15:f9:6d:01:eb]
RSSI: -93 [da:17:dd:68:0c:6a]
RSSI: -84 [da:15:f9:7a:02:0b]
RSSI: -79 [da:15:f9:88:02:3b]
RSSI: -80 [da:15:f9:88:02:3b]
RSSI: -82 [da:15:f9:88:02:3b]
RSSI: -79 [da:15:f9:96:02:6b]
RSSI: -93 [da:17:dd:9f:0d:0a]
RSSI: -79 [da:15:f9:a3:02:8b]
RSSI: -78 [da:15:f9:a3:02:8b]
RSSI: -78 [da:15:f9:b1:02:bb]
RSSI: -79 [da:15:f9:c0:02:db]
RSSI: -81 [da:15:f9:c0:02:db]
RSSI: -88 [da:1a:e6:d2:0b:6e]
RSSI: -79 [da:15:f9:cc:02:fb]
RSSI: -80 [da:15:f9:cc:02:fb]
RSSI: -79 [da:15:f9:db:03:2b]
RSSI: -80 [da:15:f9:db:03:2b]
RSSI: -80 [da:15:f9:e9:03:5b]
RSSI: -80 [da:15:f9:f6:03:7b]
RSSI: -80 [da:15:f9:f6:03:7b]
RSSI: -79 [da:15:f9:f6:03:7b]
RSSI: -88 [da:1a:e7:0b:0c:0e]
RSSI: -80 [da:15:fa:04:03:ab]
RSSI: -93 [da:1d:82:41:07:bc]
RSSI: -85 [da:1a:e7:17:0c:2e]
RSSI: -76 [da:15:fa:12:03:db]
RSSI: -77 [da:15:fa:12:03:db]
RSSI: -75 [da:15:fa:1f:03:fb]
RSSI: -86 [da:1a:e7:35:0c:7e]
RSSI: -86 [da:1a:e7:35:0c:7e]
RSSI: -86 [da:1a:e7:41:0c:ae]
RSSI: -75 [da:15:fa:3c:04:4b]
RSSI: -76 [da:15:fa:3c:04:4b]
RSSI: -87 [da:1a:e7:50:0c:ce]
RSSI: -72 [da:15:fa:48:04:7b]
RSSI: -86 [da:1a:e7:5f:0c:fe]
RSSI: -88 [da:1a:e7:5f:0c:fe]
RSSI: -75 [da:15:fa:57:04:9b]
RSSI: -72 [da:15:fa:57:04:9b]
RSSI: -87 [da:1a:e7:6b:0d:1e]
RSSI: -76 [da:15:fa:65:04:cb]
RSSI: -88 [da:1a:e7:6b:0d:1e]
RSSI: -76 [da:15:fa:65:04:cb]
RSSI: -76 [da:15:fa:65:04:cb]
RSSI: -85 [da:1a:e7:7a:0d:4e]
RSSI: -85 [da:1a:e7:7a:0d:4e]
RSSI: -77 [da:15:fa:72:04:eb]
RSSI: -89 [da:1a:e7:89:0d:7e]
RSSI: -92 [da:1d:82:b7:09:3c]
RSSI: -71 [da:15:fa:80:05:1b]
RSSI: -92 [da:1d:82:b7:09:3c]
RSSI: -77 [da:15:fa:8f:05:4b]
RSSI: -90 [da:1a:e7:a4:0d:ce]
RSSI: -89 [da:1a:e7:b3:0d:fe]
RSSI: -79 [da:15:fa:9b:05:6b]
RSSI: -89 [da:1a:e7:b3:0d:fe]
RSSI: -90 [da:1a:e7:bf:0e:1e]
RSSI: -81 [da:15:fa:aa:05:9b]
RSSI: -80 [da:15:fa:b8:05:bb]
RSSI: -73 [da:15:fa:b8:05:bb]
RSSI: -85 [da:15:fa:c5:05:eb]
RSSI: -81 [da:15:fa:c5:05:eb]
RSSI: -75 [da:15:fa:e2:06:3b]
RSSI: -95 [da:1d:83:2d:0a:bc]
RSSI: -87 [da:15:fa:fd:06:8b]
RSSI: -90 [da:15:fa:fd:06:8b]
RSSI: -80 [da:15:fb:0b:06:bb]
RSSI: -89 [da:15:fb:0b:06:bb]
RSSI: -83 [da:15:fb:18:06:db]
RSSI: -88 [da:15:fb:35:07:3b]
RSSI: -85 [da:15:fb:50:07:8b]
RSSI: -88 [da:15:fb:50:07:8b]
RSSI: -90 [da:1d:83:87:0b:dc]
RSSI: -80 [da:15:fb:5e:07:bb]
RSSI: -81 [da:15:fb:5e:07:bb]
RSSI: -84 [da:15:fb:6b:07:db]
RSSI: -80 [da:15:fb:6b:07:db]
RSSI: -79 [da:15:fb:6b:07:db]
RSSI: -85 [da:15:fb:79:08:0b]
RSSI: -79 [da:15:fb:88:08:2b]
RSSI: -79 [da:15:fb:94:08:5b]
RSSI: -79 [da:15:fb:94:08:5b]
RSSI: -85 [da:1d:83:d4:0c:cc]
RSSI: -80 [da:15:fb:b1:08:ab]
RSSI: -84 [da:1d:83:e0:0c:ec]
RSSI: -80 [da:15:fb:b1:08:ab]
RSSI: -85 [da:1d:83:f0:0d:2c]
RSSI: -81 [da:15:fb:be:08:cb]
RSSI: -85 [da:1d:83:f0:0d:2c]
RSSI: -85 [da:1d:83:f0:0d:2c]
RSSI: -81 [da:15:fb:be:08:cb]
RSSI: -84 [da:1d:84:00:0d:5c]
RSSI: -82 [da:15:fb:cc:08:fb]
RSSI: -82 [da:15:fb:f6:09:7b]
RSSI: -85 [da:1d:84:2d:0d:ec]
RSSI: -83 [da:15:fb:f6:09:7b]
RSSI: -79 [da:1d:84:3a:0e:0c]
RSSI: -81 [da:15:fc:04:09:9b]
RSSI: -82 [da:1d:84:3a:0e:0c]
RSSI: -80 [da:15:fc:11:09:cb]
RSSI: -76 [da:1d:84:4a:0e:3c]
RSSI: -80 [da:15:fc:1f:09:fb]
RSSI: -75 [da:1d:84:5a:0e:7c]
RSSI: -78 [da:15:fc:1f:09:fb]
RSSI: -74 [da:1d:84:67:0e:9c]
RSSI: -80 [da:15:fc:2e:0a:1b]
RSSI: -72 [da:1d:84:67:0e:9c]
RSSI: -88 [da:15:fc:3a:0a:4b]
RSSI: -73 [da:1d:84:77:0e:cc]
RSSI: -72 [da:1d:84:77:0e:cc]
RSSI: -71 [da:1d:84:77:0e:cc]
RSSI: -82 [da:15:fc:49:0a:6b]
RSSI: -85 [da:15:fc:49:0a:6b]
RSSI: -72 [da:1d:84:87:0e:fc]
RSSI: -79 [da:15:fc:57:0a:9b]
RSSI: -84 [da:15:fc:57:0a:9b]
RSSI: -71 [da:1d:84:93:0f:2c]
RSSI: -83 [da:15:fc:64:0a:bb]
RSSI: -79 [da:15:fc:64:0a:bb]
RSSI: -70 [da:1d:84:a4:0f:5c]
RSSI: -81 [da:15:fc:73:0a:eb]
RSSI: -72 [da:1d:84:b4:0f:8c]
RSSI: -79 [da:15:fc:81:0b:1b]
RSSI: -72 [da:1d:84:b4:0f:8c]
RSSI: -70 [da:1d:84:b4:0f:8c]
RSSI: -81 [da:15:fc:81:0b:1b]
RSSI: -70 [da:1d:84:c0:0f:bc]
RSSI: -79 [da:15:fc:8e:0b:3b]
RSSI: -72 [da:1d:84:c0:0f:bc]
RSSI: -79 [da:15:fc:8e:0b:3b]
RSSI: -81 [da:15:fc:9c:0b:6b]
RSSI: -71 [da:1d:84:d0:0f:ec]
RSSI: -77 [da:15:fc:ab:0b:8b]
RSSI: -71 [da:1d:84:e1:10:1c]
RSSI: -77 [da:15:fc:ab:0b:8b]
RSSI: -74 [da:1d:84:ed:10:4c]
RSSI: -75 [da:1d:84:fd:10:7c]
RSSI: -81 [da:15:fc:c6:0b:db]
RSSI: -75 [da:1d:84:fd:10:7c]
RSSI: -78 [da:15:fc:d4:0c:0b]
RSSI: -77 [da:1d:85:0d:10:ac]
RSSI: -81 [da:15:fc:e1:0c:2b]
RSSI: -79 [da:1d:85:1a:10:dc]
RSSI: -82 [da:1d:85:1a:10:dc]
RSSI: -83 [da:15:fc:ef:0c:5b]
RSSI: -86 [da:1d:85:2a:11:0c]
RSSI: -85 [da:15:fc:ef:0c:5b]
RSSI: -82 [da:15:fc:fe:0c:8b]
RSSI: -85 [da:15:fc:fe:0c:8b]
RSSI: -87 [da:15:fd:0b:0c:ab]
RSSI: -84 [da:15:fd:0b:0c:ab]
RSSI: -84 [da:1d:85:47:11:6c]
RSSI: -88 [da:1d:85:47:11:6c]
RSSI: -86 [da:15:fd:19:0c:db]
RSSI: -80 [da:1d:85:57:11:9c]
RSSI: -82 [da:15:fd:28:0d:0b]
RSSI: -80 [da:1d:85:67:11:cc]
RSSI: -82 [da:15:fd:34:0d:2b]
RSSI: -82 [da:1d:85:67:11:cc]
RSSI: -82 [da:15:fd:43:0d:5b]
RSSI: -81 [da:15:fd:43:0d:5b]
RSSI: -83 [da:1d:85:7c:12:1c]
RSSI: -81 [da:15:fd:51:0d:7b]
RSSI: -84 [da:1d:85:8c:12:4c]
RSSI: -83 [da:15:fd:51:0d:7b]
RSSI: -88 [da:1d:85:8c:12:4c]
RSSI: -80 [da:15:fd:5e:0d:ab]
RSSI: -88 [da:1d:85:9d:12:7c]
RSSI: -79 [da:15:fd:6d:0d:cb]
RSSI: -80 [da:15:fd:7b:0d:fb]
RSSI: -91 [da:1d:85:b9:12:dc]
RSSI: -80 [da:15:fd:88:0e:1b]
RSSI: -80 [da:15:fd:88:0e:1b]
RSSI: -80 [da:15:fd:96:0e:4b]
RSSI: -80 [da:15:fd:96:0e:4b]
RSSI: -81 [da:15:fd:a5:0e:7b]
RSSI: -82 [da:15:fd:a5:0e:7b]
RSSI: -79 [da:15:fd:b1:0e:9b]
RSSI: -90 [da:1d:85:ef:13:7c]
RSSI: -82 [da:15:fd:b1:0e:9b]
RSSI: -81 [da:15:fd:c0:0e:cb]
RSSI: -85 [da:15:fd:ce:0e:fb]
RSSI: -90 [da:1d:86:16:13:fc]
RSSI: -86 [da:15:fd:db:0f:1b]
RSSI: -83 [da:15:fd:ea:0f:4b]
RSSI: -84 [da:15:fd:ea:0f:4b]
RSSI: -90 [da:1d:86:22:14:1c]
RSSI: -89 [da:1d:86:2f:14:4c]
RSSI: -88 [da:15:fd:f8:0f:6b]
RSSI: -86 [da:15:fd:f8:0f:6b]
RSSI: -90 [da:15:fe:05:0f:9b]
RSSI: -88 [da:1d:86:55:14:bc]
RSSI: -87 [da:15:fe:22:0f:eb]
RSSI: -89 [da:1d:86:6e:15:0c]
RSSI: -87 [da:1d:86:7b:15:3c]
RSSI: -90 [da:15:fe:3d:10:3b]
RSSI: -89 [da:1d:86:88:15:5c]
RSSI: -90 [da:1d:86:95:15:7c]
RSSI: -94 [da:15:fe:76:10:eb]
RSSI: -93 [da:1d:86:c7:16:1c]
RSSI: -91 [da:15:fe:9f:11:6b]
RSSI: -92 [da:1d:86:ed:00:2c]
RSSI: -91 [da:1d:86:fa:00:5c]
RSSI: -92 [da:1d:87:07:00:7c]
RSSI: -89 [da:15:fe:d6:12:0b]
RSSI: -91 [da:15:fe:d6:12:0b]
RSSI: -89 [da:1d:87:14:00:ac]
RSSI: -82 [da:1d:87:3a:01:1c]
RSSI: -85 [da:1d:87:46:01:4c]
RSSI: -87 [da:15:ff:1d:12:db]
RSSI: -87 [da:1d:87:53:01:6c]
RSSI: -84 [da:1d:87:60:01:9c]
RSSI: -85 [da:15:ff:2a:12:fb]
RSSI: -85 [da:15:ff:38:13:2b]
RSSI: -85 [da:15:ff:38:13:2b]
RSSI: -84 [da:15:ff:47:13:4b]
RSSI: -83 [da:15:ff:47:13:4b]
RSSI: -91 [da:1d:87:86:02:0c]
RSSI: -83 [da:15:ff:53:13:7b]
RSSI: -83 [da:15:ff:62:13:ab]
RSSI: -84 [da:15:ff:62:13:ab]
RSSI: -84 [da:15:ff:71:13:cb]
RSSI: -87 [da:1d:87:ac:02:8c]
RSSI: -83 [da:15:ff:7d:13:fb]
RSSI: -83 [da:15:ff:8c:14:1b]
RSSI: -87 [da:1d:87:d3:02:fc]
RSSI: -83 [da:15:ff:a7:14:6b]
RSSI: -93 [da:1d:87:ec:03:4c]
RSSI: -85 [da:15:ff:b6:14:9b]
RSSI: -83 [da:15:ff:b6:14:9b]
RSSI: -86 [da:1d:87:f9:03:7c]
RSSI: -83 [da:15:ff:c5:14:bb]
RSSI: -82 [da:15:ff:c5:14:bb]
RSSI: -82 [da:15:ff:d1:14:eb]
RSSI: -84 [da:15:ff:d1:14:eb]
RSSI: -81 [da:15:ff:e0:15:0b]
RSSI: -86 [da:1d:88:1f:03:ec]
RSSI: -81 [da:15:ff:ef:15:3b]
RSSI: -88 [da:1d:88:2c:04:1c]
RSSI: -83 [da:1d:88:2c:04:1c]
RSSI: -88 [da:15:ff:fb:15:5b]
RSSI: -82 [da:15:ff:fb:15:5b]
RSSI: -82 [da:16:00:0a:15:8b]
RSSI: -87 [da:1d:88:45:04:6c]
RSSI: -89 [da:16:00:0a:15:8b]
RSSI: -87 [da:17:e4:0b:09:1a]
RSSI: -89 [da:1d:88:52:04:9c]
RSSI: -82 [da:16:00:19:15:bb]
RSSI: -83 [da:1d:88:52:04:9c]
RSSI: -88 [da:17:e4:17:09:3a]
RSSI: -83 [da:16:00:25:15:db]
RSSI: -89 [da:1d:88:5f:04:bc]
RSSI: -88 [da:17:e4:26:09:6a]
RSSI: -89 [da:17:e4:26:09:6a]
RSSI: -87 [da:17:e4:34:09:8a]
RSSI: -86 [da:1d:88:78:05:0c]
RSSI: -85 [da:17:e4:41:09:aa]
RSSI: -86 [da:16:00:4f:16:5b]
RSSI: -89 [da:16:00:5e:00:0b]
RSSI: -84 [da:17:e4:5d:0a:0a]
RSSI: -91 [da:16:00:5e:00:0b]
RSSI: -84 [da:17:e4:5d:0a:0a]
RSSI: -84 [da:16:00:6d:00:2b]
RSSI: -83 [da:17:e4:6a:0a:2a]
RSSI: -91 [da:16:00:79:00:5b]
RSSI: -89 [da:16:00:79:00:5b]
RSSI: -84 [da:1d:88:b8:05:dc]
RSSI: -89 [da:16:00:88:00:7b]
RSSI: -84 [da:17:e4:86:0a:7a]
RSSI: -84 [da:16:00:88:00:7b]
RSSI: -83 [da:17:e4:86:0a:7a]
RSSI: -80 [da:16:00:97:00:ab]
RSSI: -79 [da:16:00:97:00:ab]
RSSI: -82 [da:17:e4:93:0a:9a]
RSSI: -82 [da:17:e4:93:0a:9a]
RSSI: -82 [da:16:00:a3:00:cb]
RSSI: -89 [da:1d:88:df:06:5c]
RSSI: -82 [da:17:e4:a1:0a:ca]
RSSI: -84 [da:17:e4:a1:0a:ca]
RSSI: -84 [da:16:00:b2:00:fb]
RSSI: -81 [da:16:00:b2:00:fb]
RSSI: -82 [da:16:00:c1:01:2b]
RSSI: -89 [da:1d:88:f8:06:ac]
RSSI: -85 [da:17:e4:bc:0b:1a]
RSSI: -83 [da:17:e4:bc:0b:1a]
RSSI: -84 [da:17:e4:bc:0b:1a]
RSSI: -87 [da:1d:89:05:06:cc]
RSSI: -78 [da:16:00:cd:01:4b]
RSSI: -86 [da:1d:89:05:06:cc]
RSSI: -82 [da:17:e4:cb:0b:3a]
RSSI: -80 [da:16:00:dc:01:7b]
RSSI: -86 [da:1d:89:12:06:fc]
RSSI: -86 [da:17:e4:d9:0b:6a]
RSSI: -80 [da:16:00:dc:01:7b]
RSSI: -82 [da:17:e4:d9:0b:6a]
RSSI: -88 [da:1d:89:1f:07:1c]
RSSI: -80 [da:16:00:eb:01:ab]
RSSI: -84 [da:17:e4:e6:0b:8a]
RSSI: -78 [da:16:00:eb:01:ab]
RSSI: -84 [da:1d:89:2b:07:4c]
RSSI: -79 [da:16:00:f7:01:cb]
RSSI: -86 [da:17:e4:f4:0b:ba]
RSSI: -79 [da:16:00:f7:01:cb]
RSSI: -86 [da:17:e4:f4:0b:ba]
RSSI: -78 [da:16:01:06:01:fb]
RSSI: -85 [da:17:e5:02:0b:da]
RSSI: -79 [da:16:01:15:02:2b]
RSSI: -88 [da:17:e5:0f:0c:0a]
RSSI: -78 [da:16:01:15:02:2b]
RSSI: -90 [da:1d:89:52:07:cc]
RSSI: -86 [da:1d:89:52:07:cc]
RSSI: -86 [da:1d:89:52:07:cc]
RSSI: -78 [da:16:01:21:02:4b]
RSSI: -77 [da:16:01:21:02:4b]
RSSI: -76 [da:16:01:30:02:7b]
RSSI: -89 [da:17:e5:2c:0c:5a]
RSSI: -77 [da:16:01:30:02:7b]
RSSI: -76 [da:16:01:3f:02:9b]
RSSI: -87 [da:1d:89:78:08:3c]
RSSI: -75 [da:16:01:3f:02:9b]
RSSI: -77 [da:16:01:4b:02:cb]
RSSI: -76 [da:16:01:4b:02:cb]
RSSI: -77 [da:16:01:5a:02:eb]
RSSI: -77 [da:16:01:5a:02:eb]
RSSI: -90 [da:1d:89:9f:08:bc]
RSSI: -75 [da:16:01:69:03:1b]
RSSI: -90 [da:1d:89:9f:08:bc]
RSSI: -77 [da:16:01:76:03:3b]
RSSI: -76 [da:16:01:76:03:3b]
RSSI: -76 [da:16:01:76:03:3b]
RSSI: -78 [da:16:01:84:03:6b]
RSSI: -77 [da:16:01:84:03:6b]
RSSI: -88 [da:1d:89:c5:09:3c]
RSSI: -76 [da:16:01:93:03:9b]
RSSI: -92 [da:1a:ee:9d:0b:ae]
RSSI: -93 [da:17:e5:8b:0d:6a]
RSSI: -77 [da:16:01:93:03:9b]
RSSI: -75 [da:16:01:a0:03:bb]
RSSI: -92 [da:17:e5:9a:0d:9a]
RSSI: -87 [da:1a:ee:b8:0b:fe]
RSSI: -75 [da:16:01:ae:03:eb]
RSSI: -75 [da:16:01:bd:04:1b]
RSSI: -73 [da:16:01:bd:04:1b]
RSSI: -90 [da:1a:ee:d6:0c:5e]
RSSI: -74 [da:16:01:ca:04:3b]
RSSI: -72 [da:16:01:ca:04:3b]
RSSI: -88 [da:1a:ee:f2:0c:ae]
RSSI: -69 [da:16:01:ee:04:ab]
RSSI: -86 [da:1a:ef:01:0c:de]
RSSI: -72 [da:16:01:ee:04:ab]
RSSI: -88 [da:1a:ef:01:0c:de]
RSSI: -69 [da:16:01:fe:04:db]
RSSI: -87 [da:1a:ef:0e:0c:fe]
RSSI: -72 [da:16:02:0e:05:0b]
RSSI: -71 [da:16:02:0e:05:0b]
RSSI: -87 [da:1a:ef:2c:0d:5e]
RSSI: -89 [da:1a:ef:2c:0d:5e]
RSSI: -69 [da:16:02:1a:05:2b]
RSSI: -87 [da:1a:ef:38:0d:7e]
RSSI: -70 [da:16:02:2b:05:5b]
RSSI: -88 [da:1a:ef:38:0d:7e]
RSSI: -92 [da:1d:8a:6c:0b:4c]
RSSI: -69 [da:16:02:3b:05:8b]
RSSI: -66 [da:16:02:3b:05:8b]
RSSI: -93 [da:1a:ef:48:0d:ae]
RSSI: -66 [da:16:02:3b:05:8b]
RSSI: -68 [da:16:02:47:05:bb]
RSSI: -68 [da:16:02:57:05:eb]
RSSI: -89 [da:1a:ef:63:0d:fe]
RSSI: -67 [da:16:02:57:05:eb]
RSSI: -68 [da:16:02:67:06:1b]
RSSI: -95 [da:1d:8a:9f:0b:ec]
RSSI: -65 [da:16:02:74:06:3b]
RSSI: -68 [da:16:02:74:06:3b]
RSSI: -66 [da:16:02:84:06:6b]
RSSI: -68 [da:16:02:94:06:9b]
RSSI: -68 [da:16:02:94:06:9b]
RSSI: -88 [da:1d:8a:d3:0c:9c]
RSSI: -69 [da:16:02:a1:06:bb]
RSSI: -87 [da:1d:8a:df:0c:bc]
RSSI: -68 [da:16:02:b1:06:eb]
RSSI: -70 [da:16:02:b1:06:eb]
RSSI: -88 [da:1d:8a:ec:0c:ec]
RSSI: -70 [da:16:02:be:07:0b]
RSSI: -80 [da:1d:8a:f9:0d:0c]
RSSI: -71 [da:16:02:be:07:0b]
RSSI: -73 [da:16:02:ce:07:3b]
RSSI: -83 [da:1d:8b:06:0d:3c]
RSSI: -72 [da:16:02:ce:07:3b]
RSSI: -75 [da:16:02:da:07:6b]
RSSI: -76 [da:16:02:da:07:6b]
RSSI: -78 [da:16:02:e9:07:8b]
RSSI: -80 [da:16:02:f8:07:bb]
RSSI: -90 [da:1d:8b:2d:0d:bc]
RSSI: -86 [da:16:02:f8:07:bb]
RSSI: -86 [da:1d:8b:3a:0d:dc]
RSSI: -79 [da:16:03:05:07:db]
RSSI: -85 [da:1d:8b:3a:0d:dc]
RSSI: -80 [da:16:03:05:07:db]
RSSI: -84 [da:1d:8b:46:0e:0c]
RSSI: -78 [da:16:03:14:08:0b]
RSSI: -79 [da:1d:8b:53:0e:2c]
RSSI: -78 [da:16:03:22:08:3b]
RSSI: -76 [da:1d:8b:60:0e:5c]
RSSI: -76 [da:1d:8b:60:0e:5c]
RSSI: -73 [da:1d:8b:60:0e:5c]
RSSI: -80 [da:16:03:2f:08:5b]
RSSI: -73 [da:1d:8b:6d:0e:8c]
RSSI: -83 [da:16:03:3e:08:8b]
RSSI: -83 [da:16:03:3e:08:8b]
RSSI: -72 [da:1d:8b:7a:0e:ac]
RSSI: -86 [da:16:03:4d:08:bb]
RSSI: -90 [da:16:03:4d:08:bb]
RSSI: -71 [da:1d:8b:87:0e:dc]
RSSI: -71 [da:1d:8b:94:0e:fc]
RSSI: -70 [da:1d:8b:a0:0f:2c]
RSSI: -71 [da:1d:8b:ad:0f:5c]
RSSI: -70 [da:1d:8b:ad:0f:5c]
RSSI: -83 [da:16:03:77:09:3b]
RSSI: -70 [da:1d:8b:ba:0f:7c]
RSSI: -70 [da:1d:8b:c7:0f:ac]
RSSI: -70 [da:1d:8b:d4:0f:cc]
RSSI: -86 [da:16:03:a1:09:bb]
RSSI: -70 [da:1d:8b:d4:0f:cc]
RSSI: -70 [da:1d:8b:e1:0f:fc]
RSSI: -88 [da:16:03:ae:09:db]
RSSI: -71 [da:1d:8b:ee:10:1c]
RSSI: -73 [da:1d:8b:fb:10:4c]
RSSI: -74 [da:1d:8c:08:10:7c]
RSSI: -74 [da:1d:8c:08:10:7c]
RSSI: -83 [da:16:03:d8:0a:5b]
RSSI: -74 [da:1d:8c:14:10:9c]
RSSI: -85 [da:16:03:e7:0a:8b]
RSSI: -77 [da:1d:8c:21:10:cc]
RSSI: -85 [da:16:03:e7:0a:8b]
RSSI: -79 [da:1d:8c:2e:10:ec]
RSSI: -81 [da:1d:8c:2e:10:ec]
RSSI: -83 [da:1d:8c:3b:11:1c]
RSSI: -87 [da:16:04:03:0a:db]
RSSI: -90 [da:1d:8c:55:11:6c]
RSSI: -87 [da:16:04:20:0b:2b]
RSSI: -82 [da:1d:8c:62:11:8c]
RSSI: -82 [da:16:04:2d:0b:5b]
RSSI: -84 [da:1d:8c:6f:11:bc]
RSSI: -82 [da:16:04:3c:0b:8b]
RSSI: -81 [da:1d:8c:6f:11:bc]
RSSI: -82 [da:16:04:3c:0b:8b]
RSSI: -80 [da:1d:8c:7c:11:dc]
RSSI: -82 [da:1d:8c:7c:11:dc]
RSSI: -84 [da:16:04:4b:0b:ab]
RSSI: -79 [da:1d:8c:89:12:0c]
RSSI: -83 [da:16:04:4b:0b:ab]
RSSI: -84 [da:1d:8c:89:12:0c]
RSSI: -81 [da:16:04:57:0b:db]
RSSI: -84 [da:1d:8c:96:12:3c]
RSSI: -81 [da:16:04:66:0c:0b]
RSSI: -87 [da:1d:8c:a3:12:5c]
RSSI: -91 [da:1d:8c:a3:12:5c]
RSSI: -82 [da:16:04:75:0c:2b]
RSSI: -82 [da:16:04:75:0c:2b]
RSSI: -82 [da:16:04:75:0c:2b]
RSSI: -80 [da:16:04:82:0c:5b]
RSSI: -80 [da:16:04:82:0c:5b]
RSSI: -81 [da:16:04:91:0c:7b]
RSSI: -81 [da:16:04:91:0c:7b]
RSSI: -92 [da:1d:8c:e3:13:2c]
RSSI: -81 [da:16:04:ac:0c:db]
RSSI: -79 [da:16:04:ac:0c:db]
RSSI: -81 [da:16:04:bb:0c:fb]
RSSI: -79 [da:16:04:bb:0c:fb]
RSSI: -77 [da:16:04:ca:0d:2b]
RSSI: -77 [da:16:04:ca:0d:2b]
RSSI: -78 [da:16:04:d7:0d:4b]
RSSI: -78 [da:16:04:e6:0d:7b]
RSSI: -78 [da:16:04:e6:0d:7b]
RSSI: -77 [da:16:04:f4:0d:ab]
RSSI: -89 [da:1d:8d:31:14:1c]
RSSI: -75 [da:16:05:01:0d:cb]
RSSI: -78 [da:16:05:10:0d:fb]
RSSI: -76 [da:16:05:10:0d:fb]
RSSI: -78 [da:16:05:1f:0e:2b]
RSSI: -78 [da:16:05:1f:0e:2b]
RSSI: -78 [da:16:05:2b:0e:4b]
RSSI: -89 [da:1d:8d:71:14:ec]
RSSI: -75 [da:16:05:3a:0e:7b]
RSSI: -78 [da:16:05:49:0e:ab]
RSSI: -78 [da:16:05:56:0e:cb]
RSSI: -89 [da:1d:8d:98:15:6c]
RSSI: -78 [da:16:05:65:0e:fb]
RSSI: -78 [da:16:05:74:0f:1b]
RSSI: -77 [da:16:05:74:0f:1b]
RSSI: -78 [da:16:05:80:0f:4b]
RSSI: -79 [da:16:05:8f:0f:7b]
RSSI: -79 [da:16:05:8f:0f:7b]
RSSI: -83 [da:16:05:9e:0f:9b]
RSSI: -80 [da:16:05:9e:0f:9b]
RSSI: -80 [da:16:05:ab:0f:cb]
RSSI: -84 [da:16:05:ab:0f:cb]
RSSI: -81 [da:16:05:ba:0f:fb]
RSSI: -83 [da:16:05:c9:10:1b]
RSSI: -87 [da:16:05:d5:10:4b]
RSSI: -83 [da:16:05:d5:10:4b]
RSSI: -85 [da:16:05:e5:10:6b]
RSSI: -87 [da:16:05:e5:10:6b]
RSSI: -85 [da:16:05:f3:10:9b]
RSSI: -86 [da:16:05:f3:10:9b]
RSSI: -93 [da:1d:8e:34:00:cc]
RSSI: -88 [da:16:06:00:10:bb]
RSSI: -84 [da:16:06:0f:10:eb]
RSSI: -87 [da:1d:8e:5b:01:4c]
RSSI: -91 [da:16:06:2b:11:3b]
RSSI: -90 [da:1d:8e:68:01:6c]
RSSI: -92 [da:1d:8e:75:01:9c]
RSSI: -88 [da:16:06:55:11:bb]
RSSI: -89 [da:16:06:64:11:eb]
RSSI: -89 [da:16:06:73:12:1b]
RSSI: -86 [da:16:06:73:12:1b]
RSSI: -91 [da:16:06:80:12:3b]
RSSI: -86 [da:16:06:8f:12:6b]
RSSI: -85 [da:16:06:9e:12:9b]
RSSI: -87 [da:16:06:aa:12:bb]
RSSI: -88 [da:16:06:aa:12:bb]
RSSI: -88 [da:16:06:aa:12:bb]
RSSI: -87 [da:16:06:b9:12:eb]
RSSI: -97 [da:1d:8f:04:03:5c]
RSSI: -85 [da:16:06:d5:13:3b]
RSSI: -85 [da:16:06:e4:13:6b]
RSSI: -85 [da:16:06:e4:13:6b]
RSSI: -84 [da:16:06:f3:13:9b]
RSSI: -84 [da:16:06:f3:13:9b]
RSSI: -82 [da:16:07:00:13:bb]
RSSI: -81 [da:16:07:0f:13:eb]
RSSI: -82 [da:16:07:1e:14:0b]
RSSI: -82 [da:16:07:2b:14:3b]
RSSI: -83 [da:16:07:2b:14:3b]
RSSI: -84 [da:16:07:3a:14:5b]
RSSI: -92 [da:1d:8f:79:04:cc]
RSSI: -85 [da:16:07:49:14:8b]
RSSI: -86 [da:16:07:55:14:ab]
RSSI: -86 [da:16:07:64:14:db]
RSSI: -83 [da:16:07:73:15:0b]
RSSI: -83 [da:16:07:73:15:0b]
RSSI: -84 [da:16:07:8f:15:5b]
RSSI: -90 [da:1d:8f:c7:05:cc]
RSSI: -80 [da:16:07:8f:15:5b]
RSSI: -80 [da:16:07:9e:15:8b]
RSSI: -93 [da:17:eb:a0:08:4a]
RSSI: -80 [da:16:07:ab:15:ab]
RSSI: -80 [da:16:07:ab:15:ab]
RSSI: -92 [da:17:eb:af:08:7a]
RSSI: -79 [da:16:07:ba:15:db]
RSSI: -92 [da:17:eb:bc:08:9a]
RSSI: -82 [da:16:07:c9:16:0b]
RSSI: -80 [da:16:07:d5:16:2b]
RSSI: -88 [da:1d:90:08:06:9c]
RSSI: -80 [da:16:07:d5:16:2b]
RSSI: -88 [da:1d:90:15:06:bc]
RSSI: -87 [da:1d:90:22:06:ec]
RSSI: -79 [da:16:07:e4:16:5b]
RSSI: -83 [da:16:08:00:00:2b]
RSSI: -87 [da:1d:90:3c:07:3c]
RSSI: -90 [da:17:ec:03:09:6a]
RSSI: -86 [da:16:08:0f:00:5b]
RSSI: -88 [da:17:ec:03:09:6a]
RSSI: -85 [da:16:08:0f:00:5b]
RSSI: -83 [da:16:08:0f:00:5b]
RSSI: -87 [da:1d:90:4a:07:6c]
RSSI: -89 [da:17:ec:10:09:8a]
RSSI: -86 [da:16:08:1e:00:7b]
RSSI: -86 [da:17:ec:1f:09:aa]
RSSI: -88 [da:16:08:2b:00:ab]
RSSI: -88 [da:17:ec:2d:09:da]
RSSI: -85 [da:17:ec:3a:09:fa]
RSSI: -83 [da:16:08:49:00:fb]
RSSI: -90 [da:1d:90:7d:08:0c]
RSSI: -83 [da:17:ec:49:0a:2a]
RSSI: -81 [da:16:08:56:01:2b]
RSSI: -83 [da:17:ec:57:0a:4a]
RSSI: -80 [da:16:08:56:01:2b]
RSSI: -81 [da:17:ec:57:0a:4a]
RSSI: -88 [da:1d:90:98:08:5c]
RSSI: -80 [da:16:08:65:01:4b]
RSSI: -83 [da:17:ec:64:0a:7a]
RSSI: -78 [da:16:08:74:01:7b]
RSSI: -77 [da:16:08:74:01:7b]
RSSI: -83 [da:17:ec:73:0a:9a]
RSSI: -77 [da:16:08:80:01:ab]
RSSI: -82 [da:17:ec:81:0a:ca]
RSSI: -78 [da:16:08:90:01:cb]
RSSI: -77 [da:16:08:90:01:cb]
RSSI: -93 [da:1d:90:cc:09:0c]
RSSI: -77 [da:16:08:9f:01:fb]
RSSI: -82 [da:17:ec:9d:0b:0a]
RSSI: -78 [da:16:08:9f:01:fb]
RSSI: -81 [da:17:ec:9d:0b:0a]
RSSI: -77 [da:16:08:ab:02:1b]
RSSI: -89 [da:1d:90:e6:09:5c]
RSSI: -81 [da:17:ec:ab:0b:3a]
RSSI: -77 [da:16:08:ab:02:1b]
RSSI: -82 [da:17:ec:ab:0b:3a]
RSSI: -77 [da:16:08:ba:02:4b]
RSSI: -81 [da:17:ec:b8:0b:5a]
RSSI: -77 [da:16:08:c9:02:7b]
RSSI: -77 [da:16:08:c9:02:7b]
RSSI: -77 [da:16:08:c9:02:7b]
RSSI: -82 [da:17:ec:c7:0b:8a]
RSSI: -77 [da:16:08:d6:02:9b]
RSSI: -82 [da:17:ec:d6:0b:aa]
RSSI: -77 [da:16:08:d6:02:9b]
RSSI: -84 [da:17:ec:d6:0b:aa]
RSSI: -75 [da:16:08:e5:02:cb]
RSSI: -82 [da:17:ec:e2:0b:da]
RSSI: -75 [da:16:08:e5:02:cb]
RSSI: -85 [da:17:ec:e2:0b:da]
RSSI: -76 [da:16:08:f4:02:fb]
RSSI: -75 [da:16:08:f4:02:fb]
RSSI: -86 [da:17:ec:f1:0b:fa]
RSSI: -84 [da:17:ec:f1:0b:fa]
RSSI: -75 [da:16:09:01:03:1b]
RSSI: -87 [da:17:ed:00:0c:2a]
RSSI: -74 [da:16:09:01:03:1b]
RSSI: -87 [da:17:ed:00:0c:2a]
RSSI: -72 [da:16:09:10:03:4b]
RSSI: -74 [da:16:09:10:03:4b]
RSSI: -72 [da:16:09:1f:03:7b]
RSSI: -72 [da:16:09:1f:03:7b]
RSSI: -90 [da:1d:91:5c:0a:dc]
RSSI: -91 [da:1d:91:5c:0a:dc]
RSSI: -73 [da:16:09:2c:03:9b]
RSSI: -89 [da:1d:91:69:0a:fc]
RSSI: -73 [da:16:09:2c:03:9b]
RSSI: -91 [da:1d:91:76:0b:2c]
RSSI: -74 [da:16:09:3b:03:cb]
RSSI: -74 [da:16:09:3b:03:cb]
RSSI: -73 [da:16:09:4a:03:fb]
RSSI: -74 [da:16:09:57:04:1b]
RSSI: -74 [da:16:09:57:04:1b]
RSSI: -91 [da:1d:91:90:0b:7c]
RSSI: -73 [da:16:09:66:04:4b]
RSSI: -73 [da:16:09:66:04:4b]
RSSI: -73 [da:16:09:75:04:7b]
RSSI: -71 [da:16:09:81:04:9b]
RSSI: -89 [da:1d:91:b7:0b:fc]
RSSI: -71 [da:16:09:81:04:9b]
RSSI: -71 [da:16:09:81:04:9b]
RSSI: -71 [da:16:09:91:04:cb]
RSSI: -70 [da:16:09:91:04:cb]
RSSI: -70 [da:16:09:a0:04:fb]
RSSI: -89 [da:1d:91:d2:0c:4c]
RSSI: -70 [da:16:09:a0:04:fb]
RSSI: -70 [da:16:09:ac:05:1b]
RSSI: -84 [da:1d:91:ec:0c:ac]
RSSI: -70 [da:16:09:bc:05:4b]
RSSI: -69 [da:16:09:bc:05:4b]
RSSI: -83 [da:1d:91:f9:0c:cc]
RSSI: -68 [da:16:09:cb:05:7b]
RSSI: -78 [da:1d:92:06:0c:fc]
RSSI: -69 [da:16:09:d7:05:9b]
RSSI: -68 [da:16:09:d7:05:9b]
RSSI: -80 [da:1d:92:13:0d:2c]
RSSI: -85 [da:1d:92:20:0d:4c]
RSSI: -70 [da:16:09:e6:05:cb]
RSSI: -84 [da:1d:92:20:0d:4c]
RSSI: -81 [da:1d:92:20:0d:4c]
RSSI: -71 [da:16:09:f6:05:fb]
RSSI: -80 [da:1d:92:2d:0d:7c]
RSSI: -70 [da:16:0a:02:06:1b]
RSSI: -71 [da:16:0a:02:06:1b]
RSSI: -82 [da:1d:92:48:0d:cc]
RSSI: -71 [da:16:0a:11:06:4b]
RSSI: -83 [da:1d:92:48:0d:cc]
RSSI: -72 [da:16:0a:11:06:4b]
RSSI: -71 [da:16:0a:21:06:7b]
RSSI: -71 [da:16:0a:21:06:7b]
RSSI: -77 [da:1d:92:54:0d:fc]
RSSI: -76 [da:16:0a:2d:06:9b]
RSSI: -74 [da:1d:92:67:0e:2c]
RSSI: -73 [da:1d:92:67:0e:2c]
RSSI: -72 [da:16:0a:3c:06:cb]
RSSI: -73 [da:1d:92:77:0e:5c]
RSSI: -77 [da:16:0a:3c:06:cb]
RSSI: -73 [da:1d:92:77:0e:5c]
RSSI: -72 [da:1d:92:84:0e:8c]
RSSI: -72 [da:16:0a:4b:06:fb]
RSSI: -71 [da:1d:92:84:0e:8c]
RSSI: -75 [da:16:0a:4b:06:fb]
RSSI: -73 [da:16:0a:58:07:1b]
RSSI: -71 [da:1d:92:91:0e:ac]
RSSI: -69 [da:1d:92:9f:0e:dc]
RSSI: -85 [da:16:0a:67:07:4b]
RSSI: -69 [da:1d:92:9f:0e:dc]
RSSI: -74 [da:16:0a:77:07:7b]
RSSI: -67 [da:1d:92:ab:0f:0c]
RSSI: -75 [da:16:0a:83:07:9b]
RSSI: -68 [da:1d:92:b9:0f:2c]
RSSI: -75 [da:16:0a:83:07:9b]
RSSI: -75 [da:16:0a:83:07:9b]
RSSI: -75 [da:16:0a:83:07:9b]
RSSI: -67 [da:1d:92:c6:0f:5c]
RSSI: -78 [da:16:0a:92:07:cb]
RSSI: -67 [da:1d:92:d3:0f:7c]
RSSI: -77 [da:16:0a:a2:07:fb]
RSSI: -68 [da:1d:92:e0:0f:ac]
RSSI: -67 [da:1d:92:e0:0f:ac]
RSSI: -82 [da:16:0a:ae:08:2b]
RSSI: -67 [da:1d:92:ed:0f:dc]
RSSI: -83 [da:16:0a:bd:08:4b]
RSSI: -68 [da:1d:92:fa:0f:fc]
RSSI: -82 [da:16:0a:cd:08:7b]
RSSI: -70 [da:1d:93:08:10:2c]
RSSI: -69 [da:1d:93:08:10:2c]
RSSI: -70 [da:1d:93:15:10:5c]
RSSI: -88 [da:16:0a:d9:08:ab]
RSSI: -71 [da:1d:93:15:10:5c]
RSSI: -71 [da:1d:93:21:10:7c]
RSSI: -84 [da:16:0a:e8:08:cb]
RSSI: -71 [da:1d:93:21:10:7c]
RSSI: -72 [da:1d:93:21:10:7c]
RSSI: -73 [da:1d:93:2f:10:ac]
RSSI: -80 [da:16:0a:f8:08:fb]
RSSI: -74 [da:1d:93:2f:10:ac]
RSSI: -83 [da:16:0a:f8:08:fb]
RSSI: -75 [da:1d:93:2f:10:ac]
RSSI: -77 [da:1d:93:3c:10:cc]
RSSI: -78 [da:16:0b:04:09:2b]
RSSI: -79 [da:1d:93:3c:10:cc]
RSSI: -77 [da:16:0b:04:09:2b]
RSSI: -80 [da:1d:93:49:10:fc]
RSSI: -87 [da:1d:93:49:10:fc]
RSSI: -80 [da:16:0b:13:09:4b]
RSSI: -86 [da:1d:93:56:11:2c]
RSSI: -77 [da:16:0b:23:09:7b]
RSSI: -80 [da:16:0b:2f:09:ab]
RSSI: -77 [da:16:0b:2f:09:ab]
RSSI: -83 [da:1d:93:70:11:7c]
RSSI: -79 [da:1d:93:70:11:7c]
RSSI: -80 [da:16:0b:3f:09:cb]
RSSI: -79 [da:1d:93:7e:11:ac]
RSSI: -78 [da:16:0b:4e:09:fb]
RSSI: -82 [da:16:0b:4e:09:fb]
RSSI: -81 [da:1d:93:8b:11:cc]
RSSI: -82 [da:16:0b:5a:0a:2b]
RSSI: -79 [da:1d:93:98:11:fc]
RSSI: -79 [da:16:0b:6a:0a:4b]
RSSI: -80 [da:1d:93:a5:12:2c]
RSSI: -82 [da:16:0b:6a:0a:4b]
RSSI: -85 [da:16:0b:79:0a:7b]
RSSI: -79 [da:16:0b:79:0a:7b]
RSSI: -83 [da:1d:93:b3:12:4c]
RSSI: -78 [da:16:0b:95:0a:cb]
RSSI: -77 [da:16:0b:a4:0a:fb]
RSSI: -92 [da:1d:93:da:12:cc]
RSSI: -78 [da:16:0b:a4:0a:fb]
RSSI: -85 [da:1d:93:e7:12:fc]
RSSI: -79 [da:16:0b:b0:0b:2b]
RSSI: -87 [da:1d:93:e7:12:fc]
RSSI: -77 [da:16:0b:b0:0b:2b]
RSSI: -88 [da:1d:93:f4:13:1c]
RSSI: -81 [da:16:0b:c0:0b:4b]
RSSI: -86 [da:1d:94:02:13:4c]
RSSI: -80 [da:16:0b:cf:0b:7b]
RSSI: -81 [da:16:0b:cf:0b:7b]
RSSI: -94 [da:1d:94:0e:13:6c]
RSSI: -87 [da:1d:94:0e:13:6c]
RSSI: -79 [da:16:0b:dc:0b:ab]
RSSI: -86 [da:1d:94:1c:13:9c]
RSSI: -78 [da:16:0b:dc:0b:ab]
RSSI: -78 [da:16:0b:eb:0b:db]
RSSI: -78 [da:16:0b:fa:0b:fb]
RSSI: -88 [da:1d:94:29:13:cc]
RSSI: -81 [da:16:0b:fa:0b:fb]
RSSI: -90 [da:1d:94:36:13:ec]
RSSI: -89 [da:1d:94:36:13:ec]
RSSI: -78 [da:16:0c:07:0c:2b]
RSSI: -84 [da:1d:94:44:14:1c]
RSSI: -86 [da:1d:94:44:14:1c]
RSSI: -78 [da:16:0c:16:0c:5b]
RSSI: -84 [da:1d:94:51:14:3c]
RSSI: -79 [da:16:0c:16:0c:5b]
RSSI: -79 [da:16:0c:25:0c:7b]
RSSI: -89 [da:1d:94:5e:14:6c]
RSSI: -80 [da:16:0c:32:0c:ab]
RSSI: -80 [da:16:0c:32:0c:ab]
RSSI: -79 [da:16:0c:41:0c:cb]
RSSI: -81 [da:16:0c:50:0c:fb]
RSSI: -97 [da:1d:94:85:14:ec]
RSSI: -80 [da:16:0c:50:0c:fb]
RSSI: -82 [da:16:0c:5d:0d:2b]
RSSI: -79 [da:16:0c:5d:0d:2b]
RSSI: -89 [da:1d:94:a0:15:3c]
RSSI: -83 [da:16:0c:6c:0d:4b]
RSSI: -80 [da:16:0c:7c:0d:7b]
RSSI: -82 [da:16:0c:7c:0d:7b]
RSSI: -82 [da:16:0c:88:0d:ab]
RSSI: -81 [da:16:0c:88:0d:ab]
RSSI: -81 [da:16:0c:98:0d:cb]
RSSI: -81 [da:16:0c:98:0d:cb]
RSSI: -81 [da:16:0c:a7:0d:fb]
RSSI: -91 [da:1d:94:ef:16:3c]
RSSI: -79 [da:16:0c:c3:0e:5b]
RSSI: -80 [da:16:0c:c3:0e:5b]
RSSI: -80 [da:16:0c:d2:0e:7b]
RSSI: -90 [da:1d:95:0a:00:0c]
RSSI: -79 [da:16:0c:d2:0e:7b]
RSSI: -80 [da:16:0c:df:0e:ab]
RSSI: -79 [da:16:0c:df:0e:ab]
RSSI: -91 [da:1d:95:24:00:5c]
RSSI: -80 [da:16:0c:ee:0e:db]
RSSI: -79 [da:16:0c:fd:0f:0b]
RSSI: -91 [da:1d:95:31:00:7c]
RSSI: -80 [da:16:0c:fd:0f:0b]
RSSI: -89 [da:1d:95:3f:00:ac]
RSSI: -77 [da:16:0d:0a:0f:2b]
RSSI: -88 [da:1d:95:3f:00:ac]
RSSI: -81 [da:16:0d:0a:0f:2b]
RSSI: -89 [da:1d:95:4b:00:cc]
RSSI: -81 [da:16:0d:28:0f:8b]
RSSI: -80 [da:16:0d:28:0f:8b]
RSSI: -81 [da:16:0d:28:0f:8b]
RSSI: -82 [da:1d:95:66:01:2c]
RSSI: -81 [da:16:0d:35:0f:ab]
RSSI: -81 [da:16:0d:44:0f:db]
RSSI: -87 [da:1d:95:81:01:7c]
RSSI: -84 [da:1d:95:81:01:7c]
RSSI: -82 [da:16:0d:54:10:0b]
RSSI: -86 [da:1d:95:8e:01:ac]
RSSI: -87 [da:1d:95:8e:01:ac]
RSSI: -88 [da:1d:95:9b:01:cc]
RSSI: -83 [da:16:0d:60:10:2b]
RSSI: -89 [da:1d:95:9b:01:cc]
RSSI: -82 [da:16:0d:70:10:5b]
RSSI: -82 [da:16:0d:70:10:5b]
RSSI: -84 [da:16:0d:70:10:5b]
RSSI: -84 [da:16:0d:7f:10:8b]
RSSI: -88 [da:1d:95:c2:02:4c]
RSSI: -86 [da:1d:95:de:02:ac]
RSSI: -89 [da:16:0d:c6:11:5b]
RSSI: -92 [da:16:0d:d6:11:8b]
RSSI: -86 [da:1d:96:12:03:4c]
RSSI: -86 [da:1d:96:20:03:7c]
RSSI: -91 [da:16:0d:e2:11:ab]
RSSI: -85 [da:1d:96:2d:03:9c]
RSSI: -83 [da:1d:96:3a:03:cc]
RSSI: -81 [da:1d:96:47:03:ec]
RSSI: -84 [da:1d:96:55:04:1c]
RSSI: -82 [da:1d:96:55:04:1c]
RSSI: -83 [da:1d:96:61:04:3c]
RSSI: -88 [da:16:0e:2c:12:8b]
RSSI: -85 [da:1d:96:61:04:3c]
RSSI: -82 [da:1d:96:6f:04:6c]
RSSI: -86 [da:1d:96:7d:04:9c]
RSSI: -86 [da:1d:96:7d:04:9c]
RSSI: -85 [da:1d:96:89:04:bc]
RSSI: -89 [da:1d:96:89:04:bc]
RSSI: -87 [da:16:0e:58:13:0b]
RSSI: -85 [da:1d:96:97:04:ec]
RSSI: -84 [da:1d:96:97:04:ec]
RSSI: -85 [da:1d:96:a4:05:1c]
RSSI: -83 [da:1d:96:bf:05:6c]
RSSI: -86 [da:16:0e:90:13:ab]
RSSI: -88 [da:16:0e:90:13:ab]
RSSI: -85 [da:16:0e:9f:13:db]
RSSI: -84 [da:1d:96:e7:05:ec]
RSSI: -87 [da:16:0e:ae:14:0b]
RSSI: -83 [da:16:0e:cb:14:5b]
RSSI: -93 [da:1d:97:01:06:3c]
RSSI: -83 [da:16:0e:da:14:8b]
RSSI: -82 [da:16:0e:da:14:8b]
RSSI: -86 [da:1d:97:1c:06:9c]
RSSI: -85 [da:16:0e:e6:14:ab]
RSSI: -87 [da:1d:97:29:06:bc]
RSSI: -81 [da:16:0e:f6:14:db]
RSSI: -82 [da:1d:97:29:06:bc]
RSSI: -88 [da:16:0e:f6:14:db]
RSSI: -83 [da:1d:97:36:06:ec]
RSSI: -86 [da:1d:97:36:06:ec]
RSSI: -82 [da:16:0f:05:15:0b]
RSSI: -82 [da:1d:97:44:07:1c]
RSSI: -82 [da:16:0f:12:15:2b]
RSSI: -88 [da:1d:97:50:07:3c]
RSSI: -97 [da:17:f3:29:07:8a]
RSSI: -88 [da:1d:97:6c:07:9c]
RSSI: -82 [da:16:0f:3d:15:ab]
RSSI: -80 [da:16:0f:4d:15:db]
RSSI: -80 [da:16:0f:5c:16:0b]
RSSI: -86 [da:1d:97:94:08:0c]
RSSI: -78 [da:16:0f:69:16:2b]
RSSI: -91 [da:1d:97:a0:08:3c]
RSSI: -80 [da:16:0f:69:16:2b]
RSSI: -77 [da:16:0f:78:16:5b]
RSSI: -77 [da:16:0f:78:16:5b]
RSSI: -91 [da:1d:97:bc:08:8c]
RSSI: -76 [da:16:0f:88:00:2b]
RSSI: -94 [da:1d:97:c8:08:bc]
RSSI: -83 [da:16:0f:94:00:5b]
RSSI: -82 [da:16:0f:94:00:5b]
RSSI: -89 [da:1d:97:d6:08:ec]
RSSI: -77 [da:16:0f:a4:00:8b]
RSSI: -82 [da:16:0f:a4:00:8b]
RSSI: -77 [da:16:0f:b3:00:ab]
RSSI: -78 [da:16:0f:b3:00:ab]
RSSI: -91 [da:1d:97:f0:09:3c]
RSSI: -78 [da:16:0f:c0:00:db]
RSSI: -85 [da:16:0f:cf:01:0b]
RSSI: -79 [da:16:0f:cf:01:0b]
RSSI: -83 [da:16:0f:df:01:3b]
RSSI: -81 [da:16:0f:eb:01:5b]
RSSI: -86 [da:1d:98:26:09:ec]
RSSI: -86 [da:16:0f:eb:01:5b]
RSSI: -83 [da:16:0f:fb:01:8b]
RSSI: -87 [da:1d:98:40:0a:3c]
RSSI: -90 [da:16:10:0a:01:bb]
RSSI: -87 [da:1d:98:40:0a:3c]
RSSI: -90 [da:16:10:17:01:db]
RSSI: -83 [da:16:10:17:01:db]
RSSI: -86 [da:16:10:26:02:0b]
RSSI: -85 [da:1d:98:5b:0a:8c]
RSSI: -90 [da:17:f4:2a:0a:5a]
RSSI: -86 [da:1d:98:68:0a:bc]
RSSI: -89 [da:17:f4:2a:0a:5a]
RSSI: -84 [da:16:10:36:02:3b]
RSSI: -84 [da:1d:98:76:0a:ec]
RSSI: -90 [da:17:f4:37:0a:7a]
RSSI: -85 [da:1d:98:76:0a:ec]
RSSI: -86 [da:1d:98:83:0b:0c]
RSSI: -84 [da:16:10:42:02:5b]
RSSI: -81 [da:16:10:42:02:5b]
RSSI: -85 [da:1d:98:83:0b:0c]
RSSI: -83 [da:16:10:5b:02:ab]
RSSI: -83 [da:16:10:5b:02:ab]
RSSI: -88 [da:1d:98:9e:0b:6c]
RSSI: -84 [da:16:10:67:02:cb]
RSSI: -82 [da:1d:98:ac:0b:8c]
RSSI: -81 [da:16:10:74:02:eb]
RSSI: -82 [da:16:10:84:03:1b]
RSSI: -92 [da:17:f4:80:0b:5a]
RSSI: -84 [da:1d:98:b8:0b:bc]
RSSI: -81 [da:16:10:84:03:1b]
RSSI: -83 [da:1d:98:c6:0b:ec]
RSSI: -81 [da:16:10:93:03:4b]
RSSI: -82 [da:16:10:93:03:4b]
RSSI: -85 [da:1d:98:d4:0c:0c]
RSSI: -83 [da:1d:98:e0:0c:3c]
RSSI: -89 [da:17:f4:ab:0b:ca]
RSSI: -87 [da:1d:98:e0:0c:3c]
RSSI: -82 [da:1d:98:ee:0c:6c]
RSSI: -81 [da:1d:98:ee:0c:6c]
RSSI: -81 [da:16:10:bf:03:cb]
RSSI: -82 [da:1d:98:fc:0c:9c]
RSSI: -80 [da:16:10:bf:03:cb]
RSSI: -81 [da:1d:98:fc:0c:9c]
RSSI: -79 [da:1d:99:08:0c:bc]
RSSI: -79 [da:16:10:cc:03:fb]
RSSI: -80 [da:1d:99:08:0c:bc]
RSSI: -79 [da:1d:99:08:0c:bc]
RSSI: -79 [da:1d:99:08:0c:bc]
RSSI: -77 [da:16:10:db:04:1b]
RSSI: -82 [da:1d:99:16:0c:ec]
RSSI: -77 [da:1d:99:24:0d:1c]
RSSI: -77 [da:16:10:f7:04:7b]
RSSI: -91 [da:1d:99:30:0d:3c]
RSSI: -76 [da:16:10:f7:04:7b]
RSSI: -86 [da:1d:99:30:0d:3c]
RSSI: -77 [da:16:11:07:04:ab]
RSSI: -88 [da:1d:99:3e:0d:6c]
RSSI: -76 [da:16:11:07:04:ab]
RSSI: -92 [da:1a:fe:21:0b:de]
RSSI: -84 [da:1d:99:4c:0d:9c]
RSSI: -77 [da:16:11:16:04:cb]
RSSI: -75 [da:16:11:23:04:fb]
RSSI: -74 [da:1d:99:66:0d:ec]
RSSI: -76 [da:16:11:32:05:2b]
RSSI: -73 [da:1d:99:66:0d:ec]
RSSI: -77 [da:16:11:32:05:2b]
RSSI: -72 [da:1d:99:74:0e:1c]
RSSI: -75 [da:16:11:42:05:4b]
RSSI: -70 [da:1d:99:81:0e:3c]
RSSI: -71 [da:16:11:4e:05:7b]
RSSI: -75 [da:16:11:4e:05:7b]
RSSI: -69 [da:1d:99:8e:0e:6c]
RSSI: -68 [da:1d:99:8e:0e:6c]
RSSI: -89 [da:1a:fe:6a:0c:ae]
RSSI: -69 [da:1d:99:9c:0e:9c]
RSSI: -69 [da:16:11:5e:05:ab]
RSSI: -68 [da:1d:99:9c:0e:9c]
RSSI: -92 [da:1a:fe:7a:0c:de]
RSSI: -71 [da:16:11:6d:05:cb]
RSSI: -67 [da:1d:99:a9:0e:bc]
RSSI: -68 [da:1d:99:a9:0e:bc]
RSSI: -75 [da:16:11:7a:05:fb]
RSSI: -68 [da:1d:99:b7:0e:ec]
RSSI: -74 [da:16:11:7a:05:fb]
RSSI: -70 [da:16:11:7a:05:fb]
RSSI: -66 [da:1d:99:b7:0e:ec]
RSSI: -68 [da:16:11:8a:06:2b]
RSSI: -67 [da:1d:99:c4:0f:1c]
RSSI: -73 [da:16:11:8a:06:2b]
RSSI: -67 [da:1d:99:c4:0f:1c]
RSSI: -70 [da:16:11:99:06:5b]
RSSI: -66 [da:1d:99:d1:0f:3c]
RSSI: -68 [da:16:11:99:06:5b]
RSSI: -73 [da:16:11:a6:06:7b]
RSSI: -71 [da:16:11:a6:06:7b]
RSSI: -66 [da:1d:99:df:0f:6c]
RSSI: -72 [da:16:11:a6:06:7b]
RSSI: -72 [da:16:11:b5:06:ab]
RSSI: -66 [da:16:11:c5:06:db]
RSSI: -66 [da:1d:99:f9:0f:bc]
RSSI: -76 [da:16:11:c5:06:db]
RSSI: -70 [da:16:11:d1:06:fb]
RSSI: -66 [da:16:11:d1:06:fb]
RSSI: -67 [da:1d:9a:15:10:1c]
RSSI: -67 [da:1d:9a:15:10:1c]
RSSI: -70 [da:16:11:e1:07:2b]
RSSI: -68 [da:1d:9a:21:10:4c]
RSSI: -74 [da:16:11:f1:07:5b]
RSSI: -69 [da:1d:9a:21:10:4c]
RSSI: -70 [da:16:11:f1:07:5b]
RSSI: -68 [da:1d:9a:2f:10:6c]
RSSI: -70 [da:1d:9a:2f:10:6c]
RSSI: -68 [da:16:11:fd:07:7b]
RSSI: -70 [da:1d:9a:3d:10:9c]
RSSI: -73 [da:16:11:fd:07:7b]
RSSI: -70 [da:1d:9a:3d:10:9c]
RSSI: -71 [da:1d:9a:3d:10:9c]
RSSI: -69 [da:16:12:0d:07:ab]
RSSI: -73 [da:1d:9a:4a:10:cc]
RSSI: -74 [da:1d:9a:4a:10:cc]
RSSI: -75 [da:16:12:1c:07:db]
RSSI: -78 [da:1d:9a:57:10:ec]
RSSI: -76 [da:16:12:39:08:2b]
RSSI: -74 [da:16:12:48:08:5b]
RSSI: -81 [da:1d:9a:80:11:6c]
RSSI: -75 [da:16:12:48:08:5b]
RSSI: -80 [da:1d:9a:8d:11:9c]
RSSI: -80 [da:16:12:55:08:8b]
RSSI: -77 [da:1d:9a:9a:11:bc]
RSSI: -76 [da:1d:9a:a8:11:ec]
RSSI: -83 [da:16:12:74:08:db]
RSSI: -83 [da:16:12:74:08:db]
RSSI: -79 [da:1d:9a:a8:11:ec]
RSSI: -77 [da:1d:9a:b6:12:1c]
RSSI: -80 [da:1d:9a:b6:12:1c]
RSSI: -81 [da:16:12:80:09:0b]
RSSI: -81 [da:1d:9a:c2:12:3c]
RSSI: -82 [da:1d:9a:c2:12:3c]
RSSI: -83 [da:16:12:90:09:2b]
RSSI: -82 [da:1d:9a:c2:12:3c]
RSSI: -75 [da:16:12:90:09:2b]
RSSI: -78 [da:16:12:a0:09:5b]
RSSI: -77 [da:16:12:a0:09:5b]
RSSI: -75 [da:16:12:ac:09:8b]
RSSI: -90 [da:1d:9a:ea:12:bc]
RSSI: -77 [da:16:12:bc:09:bb]
RSSI: -75 [da:16:12:bc:09:bb]
RSSI: -88 [da:1d:9a:f8:12:ec]
RSSI: -76 [da:16:12:cb:09:eb]
RSSI: -77 [da:16:12:cb:09:eb]
RSSI: -87 [da:1d:9b:06:13:0c]
RSSI: -85 [da:1d:9b:13:13:3c]
RSSI: -78 [da:16:12:d8:0a:0b]
RSSI: -78 [da:16:12:e8:0a:3b]
RSSI: -86 [da:1d:9b:21:13:6c]
RSSI: -79 [da:16:12:e8:0a:3b]
RSSI: -86 [da:1d:9b:21:13:6c]
RSSI: -81 [da:16:12:f7:0a:6b]
RSSI: -88 [da:1d:9b:3b:13:bc]
RSSI: -79 [da:16:13:04:0a:8b]
RSSI: -79 [da:16:13:04:0a:8b]
RSSI: -89 [da:1d:9b:49:13:ec]
RSSI: -78 [da:16:13:13:0a:bb]
RSSI: -86 [da:1d:9b:57:14:1c]
RSSI: -87 [da:1d:9b:57:14:1c]
RSSI: -84 [da:1d:9b:63:14:3c]
RSSI: -85 [da:16:13:30:0b:0b]
RSSI: -87 [da:1d:9b:63:14:3c]
RSSI: -79 [da:16:13:30:0b:0b]
RSSI: -87 [da:16:13:3f:0b:3b]
RSSI: -79 [da:16:13:4f:0b:6b]
RSSI: -81 [da:16:13:4f:0b:6b]
RSSI: -79 [da:16:13:5b:0b:9b]
RSSI: -79 [da:16:13:5b:0b:9b]
RSSI: -89 [da:1d:9b:99:14:ec]
RSSI: -77 [da:16:13:6b:0b:cb]
RSSI: -88 [da:1d:9b:a7:15:1c]
RSSI: -79 [da:16:13:7b:0b:fb]
RSSI: -82 [da:16:13:7b:0b:fb]
RSSI: -88 [da:1d:9b:c2:15:6c]
RSSI: -80 [da:16:13:87:0c:1b]
RSSI: -90 [da:1d:9b:c2:15:6c]
RSSI: -87 [da:1d:9b:d0:15:9c]
RSSI: -78 [da:16:13:97:0c:4b]
RSSI: -80 [da:16:13:97:0c:4b]
RSSI: -82 [da:16:13:a7:0c:7b]
RSSI: -78 [da:16:13:a7:0c:7b]
RSSI: -87 [da:1d:9b:ea:15:ec]
RSSI: -77 [da:16:13:c3:0c:cb]
RSSI: -87 [da:1d:9b:f8:16:1c]
RSSI: -80 [da:16:13:c3:0c:cb]
RSSI: -79 [da:16:13:d3:0c:fb]
RSSI: -80 [da:16:13:df:0d:1b]
RSSI: -85 [da:16:13:ef:0d:4b]
RSSI: -80 [da:16:13:ef:0d:4b]
RSSI: -89 [da:1d:9c:2d:00:2c]
RSSI: -78 [da:16:13:fe:0d:7b]
RSSI: -90 [da:1d:9c:3b:00:5c]
RSSI: -78 [da:16:14:0b:0d:9b]
RSSI: -78 [da:16:14:0b:0d:9b]
RSSI: -78 [da:16:14:1b:0d:cb]
RSSI: -79 [da:16:14:1b:0d:cb]
RSSI: -81 [da:16:14:2a:0d:fb]
RSSI: -90 [da:1d:9c:64:00:dc]
RSSI: -80 [da:16:14:37:0e:2b]
RSSI: -84 [da:16:14:37:0e:2b]
RSSI: -81 [da:1d:9c:71:01:0c]
RSSI: -87 [da:1d:9c:7e:01:2c]
RSSI: -82 [da:1d:9c:7e:01:2c]
RSSI: -80 [da:16:14:47:0e:4b]
RSSI: -82 [da:1d:9c:7e:01:2c]
RSSI: -79 [da:16:14:56:0e:7b]
RSSI: -86 [da:1d:9c:8c:01:5c]
RSSI: -78 [da:16:14:63:0e:ab]
RSSI: -87 [da:1d:9c:a6:01:ac]
RSSI: -80 [da:16:14:73:0e:db]
RSSI: -78 [da:16:14:82:0f:0b]
RSSI: -80 [da:16:14:82:0f:0b]
RSSI: -88 [da:1d:9c:c2:02:0c]
RSSI: -77 [da:16:14:8f:0f:2b]
RSSI: -80 [da:16:14:8f:0f:2b]
RSSI: -87 [da:1d:9c:cf:02:2c]
RSSI: -78 [da:16:14:9f:0f:5b]
RSSI: -80 [da:16:14:ae:0f:8b]
RSSI: -83 [da:16:14:ae:0f:8b]
RSSI: -81 [da:16:14:bb:0f:ab]
RSSI: -80 [da:16:14:cb:0f:db]
RSSI: -94 [da:1d:9d:05:02:dc]
RSSI: -81 [da:16:14:da:10:0b]
RSSI: -79 [da:16:14:da:10:0b]
RSSI: -79 [da:16:14:da:10:0b]
RSSI: -89 [da:1d:9d:20:03:2c]
RSSI: -80 [da:16:14:e7:10:2b]
RSSI: -89 [da:1d:9d:20:03:2c]
RSSI: -81 [da:16:14:f7:10:5b]
RSSI: -86 [da:1d:9d:2e:03:5c]
RSSI: -81 [da:16:14:f7:10:5b]
RSSI: -80 [da:16:15:06:10:8b]
RSSI: -87 [da:1d:9d:3c:03:7c]
RSSI: -81 [da:16:15:06:10:8b]
RSSI: -82 [da:16:15:06:10:8b]
RSSI: -84 [da:1d:9d:3c:03:7c]
RSSI: -82 [da:16:15:06:10:8b]
RSSI: -84 [da:1d:9d:48:03:ac]
RSSI: -81 [da:1d:9d:56:03:dc]
RSSI: -84 [da:16:15:23:10:db]
RSSI: -82 [da:1d:9d:56:03:dc]
RSSI: -88 [da:16:15:32:11:0b]
RSSI: -80 [da:1d:9d:64:03:fc]
RSSI: -84 [da:16:15:32:11:0b]
RSSI: -82 [da:1d:9d:71:04:2c]
RSSI: -86 [da:16:15:3f:11:2b]
RSSI: -87 [da:16:15:3f:11:2b]
RSSI: -83 [da:1d:9d:7f:04:5c]
RSSI: -86 [da:16:15:4f:11:5b]
RSSI: -87 [da:16:15:4f:11:5b]
RSSI: -91 [da:16:15:5e:11:8b]
RSSI: -86 [da:16:15:5e:11:8b]
RSSI: -86 [da:1d:9d:99:04:ac]
RSSI: -84 [da:1d:9d:99:04:ac]
RSSI: -83 [da:1d:9d:a7:04:dc]
RSSI: -88 [da:1d:9d:a7:04:dc]
RSSI: -86 [da:1d:9d:b5:04:fc]
RSSI: -87 [da:1d:9d:b5:04:fc]
RSSI: -89 [da:1d:9d:c2:05:2c]
RSSI: -90 [da:16:15:97:12:3b]
RSSI: -92 [da:1d:9d:de:05:7c]
RSSI: -91 [da:16:15:c3:12:bb]
RSSI: -91 [da:16:15:c3:12:bb]
RSSI: -90 [da:1d:9e:06:05:fc]
RSSI: -91 [da:16:15:e2:13:1b]
RSSI: -86 [da:1d:9e:21:06:5c]
RSSI: -92 [da:16:15:ff:13:6b]
RSSI: -89 [da:16:16:0f:13:9b]
RSSI: -85 [da:1d:9e:4a:06:dc]
RSSI: -82 [da:1d:9e:64:07:2c]
RSSI: -87 [da:16:16:2b:13:eb]
RSSI: -88 [da:1d:9e:8d:07:ac]
RSSI: -86 [da:16:16:57:14:6b]
RSSI: -86 [da:16:16:57:14:6b]
RSSI: -83 [da:16:16:67:14:9b]
RSSI: -87 [da:1d:9e:9b:07:dc]
RSSI: -79 [da:16:16:73:14:cb]
RSSI: -87 [da:1d:9e:b6:08:2c]
RSSI: -77 [da:16:16:83:14:eb]
RSSI: -76 [da:16:16:83:14:eb]
RSSI: -77 [da:16:16:83:14:eb]
RSSI: -93 [da:1d:9e:c4:08:5c]
RSSI: -79 [da:16:16:93:15:1b]
RSSI: -76 [da:16:16:93:15:1b]
RSSI: -78 [da:16:16:a0:15:4b]
RSSI: -78 [da:16:16:af:15:7b]
RSSI: -79 [da:16:16:af:15:7b]
RSSI: -79 [da:16:16:bf:15:ab]
RSSI: -80 [da:16:16:bf:15:ab]
RSSI: -80 [da:16:16:cc:15:cb]
RSSI: -86 [da:16:16:dc:15:fb]
RSSI: -81 [da:16:16:dc:15:fb]
RSSI: -83 [da:16:16:eb:16:2b]
RSSI: -82 [da:16:16:f8:16:4b]
RSSI: -83 [da:16:16:f8:16:4b]
RSSI: -81 [da:16:17:08:16:7b]
RSSI: -80 [da:16:17:08:16:7b]
RSSI: -79 [da:16:17:18:00:0b]
RSSI: -80 [da:16:17:18:00:0b]
RSSI: -76 [da:16:17:24:00:2b]
RSSI: -78 [da:16:17:24:00:2b]
RSSI: -89 [da:1d:9f:66:0a:6c]
RSSI: -75 [da:16:17:34:00:5b]
RSSI: -89 [da:1d:9f:74:0a:9c]
RSSI: -88 [da:1d:9f:74:0a:9c]
RSSI: -74 [da:16:17:44:00:8b]
RSSI: -75 [da:16:17:44:00:8b]
RSSI: -88 [da:1d:9f:81:0a:bc]
RSSI: -86 [da:1d:9f:81:0a:bc]
RSSI: -77 [da:16:17:50:00:ab]
RSSI: -87 [da:1d:9f:8f:0a:ec]
RSSI: -74 [da:16:17:50:00:ab]
RSSI: -87 [da:1d:9f:8f:0a:ec]
RSSI: -77 [da:16:17:60:00:db]
RSSI: -86 [da:1d:9f:9d:0b:1c]
RSSI: -86 [da:1d:9f:9d:0b:1c]
RSSI: -76 [da:16:17:70:01:0b]
RSSI: -76 [da:16:17:7d:01:2b]
RSSI: -85 [da:1d:9f:aa:0b:4c]
RSSI: -76 [da:16:17:7d:01:2b]
RSSI: -76 [da:16:17:7d:01:2b]
RSSI: -77 [da:16:17:7d:01:2b]
RSSI: -86 [da:1d:9f:bd:0b:8c]
RSSI: -76 [da:16:17:8d:01:5b]
RSSI: -83 [da:1d:9f:cd:0b:bc]
RSSI: -81 [da:16:17:9c:01:8b]
RSSI: -85 [da:1d:9f:da:0b:dc]
RSSI: -80 [da:16:17:a9:01:ab]
RSSI: -83 [da:1d:9f:da:0b:dc]
RSSI: -85 [da:1d:9f:e8:0c:0c]
RSSI: -88 [da:1d:9f:e8:0c:0c]
RSSI: -80 [da:16:17:b9:01:db]
RSSI: -88 [da:1d:9f:f6:0c:3c]
RSSI: -83 [da:16:17:b9:01:db]
RSSI: -87 [da:1d:9f:f6:0c:3c]
RSSI: -89 [da:17:fb:c3:09:ca]
RSSI: -89 [da:17:fb:c3:09:ca]
RSSI: -88 [da:16:17:d5:02:2b]
RSSI: -83 [da:16:17:d5:02:2b]
RSSI: -81 [da:1d:a0:11:0c:8c]
RSSI: -87 [da:16:17:e5:02:5b]
RSSI: -87 [da:16:17:e5:02:5b]
RSSI: -83 [da:16:17:f5:02:8b]
RSSI: -82 [da:1d:a0:2c:0c:ec]
RSSI: -83 [da:16:17:f5:02:8b]
RSSI: -89 [da:17:fb:f5:0a:5a]
RSSI: -87 [da:17:fc:01:0a:7a]
RSSI: -80 [da:1d:a0:48:0d:3c]
RSSI: -81 [da:1d:a0:48:0d:3c]
RSSI: -82 [da:16:18:11:02:eb]
RSSI: -89 [da:1d:a0:55:0d:6c]
RSSI: -87 [da:17:fc:11:0a:aa]
RSSI: -83 [da:16:18:21:03:0b]
RSSI: -85 [da:1d:a0:55:0d:6c]
RSSI: -87 [da:16:18:21:03:0b]
RSSI: -87 [da:17:fc:20:0a:da]
RSSI: -87 [da:1d:a0:63:0d:8c]
RSSI: -88 [da:17:fc:20:0a:da]
RSSI: -80 [da:1d:a0:63:0d:8c]
RSSI: -83 [da:16:18:2e:03:3b]
RSSI: -88 [da:17:fc:2d:0a:fa]
RSSI: -84 [da:1d:a0:71:0d:bc]
RSSI: -80 [da:16:18:3e:03:6b]
RSSI: -80 [da:1d:a0:71:0d:bc]
RSSI: -85 [da:16:18:3e:03:6b]
RSSI: -78 [da:1d:a0:7d:0d:ec]
RSSI: -83 [da:17:fc:3c:0b:2a]
RSSI: -82 [da:16:18:4d:03:9b]
RSSI: -85 [da:17:fc:4c:0b:5a]
RSSI: -81 [da:16:18:4d:03:9b]
RSSI: -73 [da:1d:a0:8c:0e:1c]
RSSI: -87 [da:17:fc:4c:0b:5a]
RSSI: -81 [da:16:18:5a:03:bb]
RSSI: -90 [da:17:fc:58:0b:7a]
RSSI: -73 [da:1d:a0:9a:0e:3c]
RSSI: -80 [da:16:18:6a:03:eb]
RSSI: -71 [da:1d:a0:a6:0e:6c]
RSSI: -87 [da:17:fc:68:0b:aa]
RSSI: -80 [da:16:18:6a:03:eb]
RSSI: -70 [da:1d:a0:a6:0e:6c]
RSSI: -72 [da:1d:a0:a6:0e:6c]
RSSI: -83 [da:16:18:7a:04:1b]
RSSI: -80 [da:16:18:7a:04:1b]
RSSI: -69 [da:1d:a0:b4:0e:9c]
RSSI: -87 [da:17:fc:77:0b:ca]
RSSI: -80 [da:16:18:7a:04:1b]
RSSI: -68 [da:1d:a0:b4:0e:9c]
RSSI: -89 [da:17:fc:84:0b:fa]
RSSI: -69 [da:1d:a0:c2:0e:bc]
RSSI: -81 [da:16:18:86:04:3b]
RSSI: -68 [da:1d:a0:c2:0e:bc]
RSSI: -79 [da:16:18:96:04:6b]
RSSI: -68 [da:1d:a0:cf:0e:ec]
RSSI: -79 [da:16:18:96:04:6b]
RSSI: -70 [da:1d:a0:cf:0e:ec]
RSSI: -78 [da:16:18:a6:04:9b]
RSSI: -66 [da:1d:a0:dd:0f:1c]
RSSI: -78 [da:16:18:a6:04:9b]
RSSI: -66 [da:1d:a0:dd:0f:1c]
RSSI: -68 [da:1d:a0:eb:0f:4c]
RSSI: -77 [da:16:18:b3:04:cb]
RSSI: -92 [da:17:fc:b0:0c:7a]
RSSI: -78 [da:16:18:b3:04:cb]
RSSI: -68 [da:1d:a0:f8:0f:6c]
RSSI: -77 [da:16:18:c3:04:fb]
RSSI: -67 [da:1d:a1:06:0f:9c]
RSSI: -77 [da:16:18:d3:05:1b]
RSSI: -67 [da:1d:a1:06:0f:9c]
RSSI: -77 [da:16:18:d3:05:1b]
RSSI: -67 [da:1d:a1:14:0f:cc]
RSSI: -79 [da:16:18:df:05:4b]
RSSI: -69 [da:1d:a1:21:0f:ec]
RSSI: -79 [da:16:18:ef:05:7b]
RSSI: -68 [da:1d:a1:21:0f:ec]
RSSI: -79 [da:16:18:ef:05:7b]
RSSI: -79 [da:16:18:ef:05:7b]
RSSI: -75 [da:16:18:ff:05:ab]
RSSI: -71 [da:1d:a1:2f:10:1c]
RSSI: -70 [da:1d:a1:3d:10:4c]
RSSI: -71 [da:1d:a1:3d:10:4c]
RSSI: -76 [da:16:19:0c:05:cb]
RSSI: -73 [da:1d:a1:4a:10:7c]
RSSI: -72 [da:1d:a1:4a:10:7c]
RSSI: -75 [da:16:19:1b:05:fb]
RSSI: -92 [da:1b:06:22:0c:ae]
RSSI: -77 [da:16:19:1b:05:fb]
RSSI: -76 [da:1d:a1:58:10:9c]
RSSI: -74 [da:16:19:2b:06:2b]
RSSI: -77 [da:16:19:38:06:4b]
RSSI: -75 [da:16:19:48:06:8b]
RSSI: -73 [da:16:19:48:06:8b]
RSSI: -67 [da:16:19:58:06:bb]
RSSI: -84 [da:1d:a1:8f:11:4c]
RSSI: -67 [da:16:19:58:06:bb]
RSSI: -88 [da:1d:a1:8f:11:4c]
RSSI: -82 [da:1d:a1:9c:11:7c]
RSSI: -71 [da:16:19:64:06:db]
RSSI: -79 [da:1d:a1:9c:11:7c]
RSSI: -82 [da:1d:a1:aa:11:ac]
RSSI: -70 [da:16:19:74:07:0b]
RSSI: -74 [da:16:19:84:07:3b]
RSSI: -70 [da:16:19:84:07:3b]
RSSI: -64 [da:16:19:91:07:5b]
RSSI: -75 [da:16:19:91:07:5b]
RSSI: -75 [da:16:19:91:07:5b]
RSSI: -83 [da:1d:a1:d3:12:2c]
RSSI: -64 [da:16:19:a1:07:8b]
RSSI: -70 [da:16:19:b1:07:bb]
RSSI: -75 [da:16:19:bd:07:eb]
RSSI: -71 [da:16:19:bd:07:eb]
RSSI: -86 [da:1d:a1:fc:12:ac]
RSSI: -76 [da:16:19:cd:08:0b]
RSSI: -75 [da:16:19:cd:08:0b]
RSSI: -91 [da:1d:a2:0a:12:dc]
RSSI: -65 [da:16:19:dd:08:3b]
RSSI: -87 [da:1d:a2:16:12:fc]
RSSI: -75 [da:16:19:ea:08:6b]
RSSI: -66 [da:16:19:ea:08:6b]
RSSI: -76 [da:16:19:fa:08:9b]
RSSI: -86 [da:1d:a2:33:13:5c]
RSSI: -80 [da:16:1a:0a:08:cb]
RSSI: -89 [da:1d:a2:3f:13:8c]
RSSI: -71 [da:16:1a:16:08:eb]
RSSI: -81 [da:16:1a:16:08:eb]
RSSI: -91 [da:1d:a2:5c:13:dc]
RSSI: -78 [da:16:1a:26:09:1b]
RSSI: -80 [da:16:1a:36:09:4b]
RSSI: -87 [da:1d:a2:68:14:0c]
RSSI: -81 [da:16:1a:36:09:4b]
RSSI: -90 [da:1d:a2:77:14:2c]
RSSI: -87 [da:16:1a:43:09:6b]
RSSI: -83 [da:16:1a:43:09:6b]
RSSI: -91 [da:16:1a:53:09:9b]
RSSI: -80 [da:16:1a:63:09:cb]
RSSI: -81 [da:16:1a:6f:09:fb]
RSSI: -86 [da:1d:a2:ae:14:dc]
RSSI: -76 [da:16:1a:7f:0a:2b]
RSSI: -85 [da:1d:a2:bb:15:0c]
RSSI: -74 [da:16:1a:8f:0a:5b]
RSSI: -89 [da:1d:a2:c9:15:2c]
RSSI: -77 [da:16:1a:9c:0a:7b]
RSSI: -76 [da:16:1a:9c:0a:7b]
RSSI: -80 [da:16:1a:ac:0a:ab]
RSSI: -81 [da:16:1a:bc:0a:db]
RSSI: -82 [da:16:1a:bc:0a:db]
RSSI: -81 [da:16:1a:c8:0a:fb]
RSSI: -84 [da:16:1a:c8:0a:fb]
RSSI: -89 [da:1d:a3:0d:16:0c]
RSSI: -78 [da:16:1a:d8:0b:2b]
RSSI: -80 [da:16:1a:e8:0b:5b]
RSSI: -87 [da:16:1a:e8:0b:5b]
RSSI: -88 [da:16:1a:e8:0b:5b]
RSSI: -78 [da:16:1a:f5:0b:7b]
RSSI: -80 [da:16:1b:05:0b:ab]
RSSI: -81 [da:16:1b:05:0b:ab]
RSSI: -82 [da:16:1b:15:0b:db]
RSSI: -89 [da:1d:a3:52:00:8c]
RSSI: -90 [da:1d:a3:52:00:8c]
RSSI: -83 [da:16:1b:21:0c:0b]
RSSI: -80 [da:16:1b:21:0c:0b]
RSSI: -82 [da:16:1b:31:0c:3b]
RSSI: -87 [da:1d:a3:6d:00:dc]
RSSI: -86 [da:16:1b:31:0c:3b]
RSSI: -80 [da:16:1b:41:0c:6b]
RSSI: -90 [da:1d:a3:7c:01:0c]
RSSI: -82 [da:16:1b:41:0c:6b]
RSSI: -87 [da:1d:a3:7c:01:0c]
RSSI: -89 [da:1d:a3:88:01:2c]
RSSI: -82 [da:16:1b:4e:0c:8b]
RSSI: -84 [da:1d:a3:88:01:2c]
RSSI: -84 [da:16:1b:4e:0c:8b]
RSSI: -82 [da:16:1b:5e:0c:bb]
RSSI: -84 [da:1d:a3:a5:01:8c]
RSSI: -83 [da:16:1b:6e:0c:eb]
RSSI: -85 [da:1d:a3:a5:01:8c]
RSSI: -82 [da:16:1b:7b:0d:0b]
RSSI: -79 [da:16:1b:8b:0d:3b]
RSSI: -80 [da:16:1b:8b:0d:3b]
RSSI: -81 [da:16:1b:9b:0d:6b]
RSSI: -81 [da:16:1b:9b:0d:6b]
RSSI: -90 [da:1d:a3:db:02:3c]
RSSI: -85 [da:16:1b:a7:0d:9b]
RSSI: -83 [da:16:1b:b7:0d:cb]
RSSI: -80 [da:16:1b:b7:0d:cb]
RSSI: -90 [da:1d:a3:f7:02:8c]
RSSI: -81 [da:16:1b:c7:0d:fb]
RSSI: -81 [da:16:1b:c7:0d:fb]
RSSI: -80 [da:16:1b:d4:0e:1b]
RSSI: -79 [da:16:1b:d4:0e:1b]
RSSI: -81 [da:16:1b:e4:0e:4b]
RSSI: -87 [da:1d:a4:2d:03:3c]
RSSI: -80 [da:16:1b:f4:0e:7b]
RSSI: -86 [da:1d:a4:3b:03:6c]
RSSI: -84 [da:16:1c:11:0e:cb]
RSSI: -84 [da:1d:a4:4a:03:9c]
RSSI: -83 [da:16:1c:11:0e:cb]
RSSI: -84 [da:1d:a4:4a:03:9c]
RSSI: -78 [da:16:1c:21:0e:fb]
RSSI: -84 [da:1d:a4:56:03:bc]
RSSI: -83 [da:16:1c:21:0e:fb]
RSSI: -85 [da:1d:a4:65:03:ec]
RSSI: -78 [da:16:1c:2d:0f:2b]
RSSI: -83 [da:1d:a4:73:04:1c]
RSSI: -82 [da:16:1c:3d:0f:5b]
RSSI: -82 [da:1d:a4:73:04:1c]
RSSI: -78 [da:16:1c:3d:0f:5b]
RSSI: -84 [da:16:1c:4d:0f:8b]
RSSI: -86 [da:1d:a4:7f:04:3c]
RSSI: -83 [da:16:1c:4d:0f:8b]
RSSI: -82 [da:1d:a4:7f:04:3c]
RSSI: -83 [da:16:1c:4d:0f:8b]
RSSI: -85 [da:1d:a4:8e:04:6c]
RSSI: -85 [da:16:1c:5a:0f:ab]
RSSI: -85 [da:1d:a4:8e:04:6c]
RSSI: -85 [da:16:1c:5a:0f:ab]
RSSI: -87 [da:1d:a4:9c:04:9c]
RSSI: -79 [da:16:1c:6a:0f:db]
RSSI: -88 [da:1d:a4:a9:04:bc]
RSSI: -85 [da:1d:a4:a9:04:bc]
RSSI: -84 [da:16:1c:7a:10:0b]
RSSI: -82 [da:16:1c:86:10:2b]
RSSI: -86 [da:1d:a4:c5:05:1c]
RSSI: -80 [da:16:1c:97:10:5b]
RSSI: -81 [da:16:1c:97:10:5b]
RSSI: -89 [da:1d:a4:d2:05:4c]
RSSI: -81 [da:16:1c:97:10:5b]
RSSI: -82 [da:16:1c:a7:10:8b]
RSSI: -80 [da:16:1c:a7:10:8b]
RSSI: -90 [da:1d:a4:e0:05:6c]
RSSI: -84 [da:1d:a4:ef:05:9c]
RSSI: -81 [da:16:1c:b3:10:bb]
RSSI: -80 [da:16:1c:c3:10:eb]
RSSI: -80 [da:16:1c:d3:11:1b]
RSSI: -80 [da:16:1c:d3:11:1b]
RSSI: -82 [da:16:1c:d3:11:1b]
RSSI: -83 [da:16:1c:d3:11:1b]
RSSI: -81 [da:16:1c:e0:11:3b]
RSSI: -83 [da:16:1c:f0:11:6b]
RSSI: -83 [da:16:1c:f0:11:6b]
RSSI: -86 [da:16:1d:00:11:9b]
RSSI: -87 [da:1d:a5:33:06:7c]
RSSI: -85 [da:16:1d:00:11:9b]
RSSI: -86 [da:1d:a5:41:06:ac]
RSSI: -84 [da:1d:a5:4e:06:cc]
RSSI: -84 [da:1d:a5:4e:06:cc]
RSSI: -82 [da:1d:a5:5c:06:fc]
RSSI: -88 [da:16:1d:1d:11:eb]
RSSI: -85 [da:1d:a5:6b:07:2c]
RSSI: -88 [da:16:1d:2d:12:1b]
RSSI: -84 [da:1d:a5:6b:07:2c]
RSSI: -85 [da:16:1d:4a:12:7b]
RSSI: -84 [da:1d:a5:86:07:7c]
RSSI: -89 [da:1d:a5:94:07:ac]
RSSI: -86 [da:16:1d:5a:12:ab]
RSSI: -86 [da:1d:a5:a0:07:dc]
RSSI: -90 [da:16:1d:66:12:cb]
RSSI: -88 [da:1d:a5:a0:07:dc]
RSSI: -87 [da:1d:a5:af:08:0c]
RSSI: -87 [da:1d:a5:bd:08:3c]
RSSI: -83 [da:1d:a5:bd:08:3c]
RSSI: -93 [da:1d:a5:ca:08:5c]
RSSI: -87 [da:16:1d:a3:13:7b]
RSSI: -93 [da:16:1d:b3:13:ab]
RSSI: -89 [da:1d:a6:02:09:0c]
RSSI: -83 [da:16:1d:d0:13:fb]
RSSI: -89 [da:16:1d:d0:13:fb]
RSSI: -85 [da:16:1d:e0:14:2b]
RSSI: -85 [da:16:1d:e0:14:2b]
RSSI: -83 [da:16:1d:e0:14:2b]
RSSI: -89 [da:1d:a6:1d:09:6c]
RSSI: -83 [da:16:1d:ed:14:5b]
RSSI: -88 [da:16:1d:fd:14:8b]
RSSI: -83 [da:16:1e:0d:14:ab]
RSSI: -87 [da:1d:a6:46:09:ec]
RSSI: -86 [da:16:1e:1a:14:db]
RSSI: -87 [da:1d:a6:55:0a:1c]
RSSI: -86 [da:16:1e:2a:15:0b]
RSSI: -88 [da:16:1e:2a:15:0b]
RSSI: -88 [da:16:1e:2a:15:0b]
RSSI: -90 [da:16:1e:3a:15:3b]
RSSI: -88 [da:1d:a6:70:0a:6c]
RSSI: -86 [da:16:1e:3a:15:3b]
RSSI: -84 [da:16:1e:46:15:5b]
RSSI: -85 [da:1d:a6:8c:0a:cc]
RSSI: -83 [da:16:1e:57:15:8b]
RSSI: -85 [da:1d:a6:8c:0a:cc]
RSSI: -80 [da:16:1e:57:15:8b]
RSSI: -83 [da:16:1e:67:15:bb]
RSSI: -83 [da:1d:a6:99:0a:ec]
RSSI: -83 [da:16:1e:67:15:bb]
RSSI: -85 [da:1d:a6:99:0a:ec]
RSSI: -82 [da:16:1e:67:15:bb]
RSSI: -86 [da:1d:a6:a7:0b:1c]
RSSI: -82 [da:16:1e:73:15:db]
RSSI: -85 [da:1d:a6:a7:0b:1c]
RSSI: -85 [da:1d:a6:b6:0b:4c]
RSSI: -89 [da:1d:a6:b6:0b:4c]
RSSI: -80 [da:16:1e:83:16:0b]
RSSI: -83 [da:1d:a6:c2:0b:7c]
RSSI: -82 [da:16:1e:83:16:0b]
RSSI: -81 [da:16:1e:94:16:3b]
RSSI: -81 [da:1d:a6:d1:0b:ac]
RSSI: -81 [da:16:1e:a0:16:5b]
RSSI: -83 [da:1d:a6:df:0b:dc]
RSSI: -82 [da:16:1e:b0:00:2b]
RSSI: -81 [da:16:1e:b0:00:2b]
RSSI: -85 [da:1d:a6:ec:0b:fc]
RSSI: -83 [da:16:1e:c0:00:5b]
RSSI: -82 [da:16:1e:c0:00:5b]
RSSI: -85 [da:1d:a6:fa:0c:2c]
RSSI: -85 [da:1d:a7:09:0c:5c]
RSSI: -81 [da:16:1e:cd:00:8b]
RSSI: -83 [da:1d:a7:09:0c:5c]
RSSI: -79 [da:16:1e:dd:00:bb]
RSSI: -80 [da:16:1e:ed:00:eb]
RSSI: -81 [da:1d:a7:24:0c:ac]
RSSI: -79 [da:1d:a7:24:0c:ac]
RSSI: -79 [da:16:1e:ed:00:eb]
RSSI: -79 [da:1d:a7:24:0c:ac]
RSSI: -80 [da:16:1e:fa:01:0b]
RSSI: -82 [da:1d:a7:32:0c:dc]
RSSI: -80 [da:16:1e:fa:01:0b]
RSSI: -75 [da:1d:a7:3f:0d:0c]
RSSI: -79 [da:16:1f:0a:01:3b]
RSSI: -81 [da:1d:a7:4e:0d:3c]
RSSI: -76 [da:1d:a7:4e:0d:3c]
RSSI: -79 [da:16:1f:1a:01:6b]
RSSI: -87 [da:1d:a7:5c:0d:6c]
RSSI: -83 [da:16:1f:30:01:ab]
RSSI: -84 [da:1d:a7:69:0d:8c]
RSSI: -81 [da:1d:a7:69:0d:8c]
RSSI: -80 [da:16:1f:30:01:ab]
RSSI: -80 [da:1d:a7:69:0d:8c]
RSSI: -85 [da:1d:a7:77:0d:bc]
RSSI: -84 [da:16:1f:40:01:db]
RSSI: -74 [da:1d:a7:85:0d:ec]
RSSI: -81 [da:16:1f:50:02:0b]
RSSI: -82 [da:16:1f:50:02:0b]
RSSI: -74 [da:1d:a7:85:0d:ec]
RSSI: -84 [da:16:1f:50:02:0b]
RSSI: -83 [da:16:1f:5c:02:3b]
RSSI: -71 [da:1d:a7:92:0e:1c]
RSSI: -83 [da:16:1f:5c:02:3b]
RSSI: -70 [da:1d:a7:92:0e:1c]
RSSI: -86 [da:16:1f:5c:02:3b]
RSSI: -71 [da:1d:a7:a1:0e:3c]
RSSI: -69 [da:1d:a7:a1:0e:3c]
RSSI: -83 [da:16:1f:6d:02:6b]
RSSI: -67 [da:1d:a7:af:0e:6c]
RSSI: -67 [da:1d:a7:af:0e:6c]
RSSI: -84 [da:16:1f:7d:02:9b]
RSSI: -68 [da:1d:a7:bc:0e:9c]
RSSI: -66 [da:1d:a7:bc:0e:9c]
RSSI: -84 [da:16:1f:89:02:bb]
RSSI: -84 [da:16:1f:89:02:bb]
RSSI: -68 [da:1d:a7:ca:0e:cc]
RSSI: -66 [da:1d:a7:d9:0e:fc]
RSSI: -83 [da:16:1f:a6:03:0b]
RSSI: -82 [da:16:1f:b3:03:2b]
RSSI: -65 [da:1d:a7:e5:0f:1c]
RSSI: -79 [da:16:1f:b3:03:2b]
RSSI: -65 [da:1d:a7:f4:0f:4c]
RSSI: -65 [da:1d:a7:f4:0f:4c]
RSSI: -64 [da:1d:a8:02:0f:7c]
RSSI: -77 [da:16:1f:cc:03:7b]
RSSI: -66 [da:1d:a8:02:0f:7c]
RSSI: -81 [da:16:1f:cc:03:7b]
RSSI: -79 [da:16:1f:d9:03:9b]
RSSI: -64 [da:1d:a8:0f:0f:ac]
RSSI: -77 [da:16:1f:d9:03:9b]
RSSI: -65 [da:1d:a8:0f:0f:ac]
RSSI: -81 [da:16:1f:e6:03:cb]
RSSI: -66 [da:1d:a8:1e:0f:dc]
RSSI: -64 [da:1d:a8:1e:0f:dc]
RSSI: -79 [da:16:1f:e6:03:cb]
RSSI: -65 [da:1d:a8:1e:0f:dc]
RSSI: -76 [da:16:1f:f2:03:eb]
RSSI: -87 [da:18:03:e9:0a:ca]
RSSI: -81 [da:16:1f:f2:03:eb]
RSSI: -66 [da:1d:a8:2c:0f:fc]
RSSI: -78 [da:16:1f:ff:04:1b]
RSSI: -78 [da:16:1f:ff:04:1b]
RSSI: -86 [da:18:03:f9:0a:fa]
RSSI: -66 [da:1d:a8:39:10:2c]
RSSI: -79 [da:16:20:0c:04:3b]
RSSI: -85 [da:18:04:08:0b:2a]
RSSI: -66 [da:1d:a8:47:10:5c]
RSSI: -77 [da:16:20:0c:04:3b]
RSSI: -68 [da:1d:a8:47:10:5c]
RSSI: -74 [da:16:20:18:04:5b]
RSSI: -78 [da:16:20:18:04:5b]
RSSI: -69 [da:1d:a8:56:10:8c]
RSSI: -69 [da:1d:a8:56:10:8c]
RSSI: -76 [da:16:20:25:04:8b]
RSSI: -71 [da:1d:a8:62:10:ac]
RSSI: -76 [da:16:20:32:04:ab]
RSSI: -72 [da:1d:a8:62:10:ac]
RSSI: -75 [da:16:20:32:04:ab]
RSSI: -72 [da:16:20:3e:04:db]
RSSI: -75 [da:1d:a8:71:10:dc]
RSSI: -75 [da:16:20:3e:04:db]
RSSI: -76 [da:1d:a8:7f:11:0c]
RSSI: -75 [da:16:20:4b:04:fb]
RSSI: -77 [da:1d:a8:7f:11:0c]
RSSI: -83 [da:1d:a8:8c:11:2c]
RSSI: -74 [da:16:20:58:05:1b]
RSSI: -89 [da:18:04:51:0b:fa]
RSSI: -73 [da:16:20:65:05:4b]
RSSI: -83 [da:1d:a8:9a:11:5c]
RSSI: -73 [da:16:20:65:05:4b]
RSSI: -74 [da:16:20:65:05:4b]
RSSI: -86 [da:1d:a8:9a:11:5c]
RSSI: -81 [da:1d:a8:a9:11:8c]
RSSI: -74 [da:16:20:71:05:6b]
RSSI: -77 [da:1d:a8:a9:11:8c]
RSSI: -73 [da:16:20:7e:05:8b]
RSSI: -79 [da:1d:a8:b6:11:ac]
RSSI: -90 [da:1b:0d:91:0b:ce]
RSSI: -74 [da:16:20:7e:05:8b]
RSSI: -77 [da:1d:a8:b6:11:ac]
RSSI: -90 [da:1b:0d:91:0b:ce]
RSSI: -73 [da:16:20:8b:05:bb]
RSSI: -78 [da:1d:a8:c4:11:dc]
RSSI: -75 [da:16:20:98:05:db]
RSSI: -74 [da:16:20:a4:05:fb]
RSSI: -75 [da:16:20:a4:05:fb]
RSSI: -80 [da:1d:a8:df:12:3c]
RSSI: -72 [da:16:20:b1:06:2b]
RSSI: -85 [da:1d:a8:ee:12:6c]
RSSI: -73 [da:16:20:be:06:4b]
RSSI: -89 [da:1b:0d:d2:0c:8e]
RSSI: -75 [da:16:20:ca:06:6b]
RSSI: -75 [da:16:20:ca:06:6b]
RSSI: -72 [da:16:20:ca:06:6b]
RSSI: -71 [da:16:20:d7:06:9b]
RSSI: -89 [da:1d:a9:17:12:ec]
RSSI: -91 [da:1b:0d:f9:0c:fe]
RSSI: -71 [da:16:20:f1:06:db]
RSSI: -91 [da:1d:a9:33:13:3c]
RSSI: -69 [da:16:20:fd:07:0b]
RSSI: -92 [da:1d:a9:33:13:3c]
RSSI: -84 [da:1d:a9:33:13:3c]
RSSI: -88 [da:1b:0e:12:0d:4e]
RSSI: -68 [da:16:21:0a:07:2b]
RSSI: -92 [da:1d:a9:41:13:6c]
RSSI: -88 [da:1b:0e:1f:0d:7e]
RSSI: -69 [da:16:21:17:07:5b]
RSSI: -66 [da:16:21:23:07:7b]
RSSI: -67 [da:16:21:30:07:9b]
RSSI: -87 [da:1d:a9:6b:13:ec]
RSSI: -67 [da:16:21:3d:07:cb]
RSSI: -85 [da:1d:a9:79:14:1c]
RSSI: -65 [da:16:21:4a:07:eb]
RSSI: -65 [da:16:21:56:08:0b]
RSSI: -89 [da:1d:a9:95:14:7c]
RSSI: -66 [da:16:21:63:08:3b]
RSSI: -64 [da:16:21:70:08:5b]
RSSI: -66 [da:16:21:7d:08:8b]
RSSI: -69 [da:16:21:89:08:ab]
RSSI: -65 [da:16:21:96:08:cb]
RSSI: -84 [da:1d:a9:cd:15:2c]
RSSI: -67 [da:16:21:a3:08:fb]
RSSI: -88 [da:1d:a9:da:15:4c]
RSSI: -69 [da:16:21:b0:09:1b]
RSSI: -67 [da:16:21:bc:09:3b]
RSSI: -70 [da:16:21:c9:09:6b]
RSSI: -71 [da:16:21:c9:09:6b]
RSSI: -72 [da:16:21:c9:09:6b]
RSSI: -73 [da:16:21:d6:09:8b]
RSSI: -72 [da:16:21:e3:09:bb]
RSSI: -78 [da:16:21:ef:09:db]
RSSI: -76 [da:16:21:ef:09:db]
RSSI: -80 [da:16:21:fc:09:fb]
RSSI: -82 [da:16:22:09:0a:2b]
RSSI: -90 [da:1d:aa:3c:00:0c]
RSSI: -79 [da:16:22:16:0a:4b]
RSSI: -83 [da:16:22:16:0a:4b]
RSSI: -76 [da:16:22:23:0a:7b]
RSSI: -90 [da:1d:aa:66:00:8c]
RSSI: -77 [da:16:22:2f:0a:9b]
RSSI: -91 [da:1d:aa:66:00:8c]
RSSI: -77 [da:16:22:3c:0a:bb]
RSSI: -79 [da:16:22:3c:0a:bb]
RSSI: -79 [da:16:22:49:0a:eb]
RSSI: -87 [da:1d:aa:81:00:dc]
RSSI: -78 [da:16:22:55:0b:0b]
RSSI: -88 [da:1d:aa:8f:01:0c]
RSSI: -80 [da:16:22:62:0b:3b]
RSSI: -80 [da:1d:aa:9e:01:3c]
RSSI: -81 [da:16:22:6f:0b:5b]
RSSI: -81 [da:1d:aa:ab:01:5c]
RSSI: -82 [da:16:22:89:0b:ab]
RSSI: -82 [da:1d:aa:b9:01:8c]
RSSI: -88 [da:16:22:89:0b:ab]
RSSI: -83 [da:1d:aa:c8:01:bc]
RSSI: -88 [da:1d:aa:c8:01:bc]
RSSI: -83 [da:16:22:96:0b:cb]
RSSI: -86 [da:1d:aa:d4:01:ec]
RSSI: -83 [da:16:22:a2:0b:eb]
RSSI: -88 [da:1d:aa:d4:01:ec]
RSSI: -85 [da:16:22:af:0c:1b]
RSSI: -85 [da:16:22:c9:0c:6b]
RSSI: -84 [da:1d:aa:fe:02:6c]
RSSI: -82 [da:16:22:d5:0c:8b]
RSSI: -94 [da:1d:ab:1c:02:cc]
RSSI: -85 [da:16:22:ef:0c:db]
RSSI: -89 [da:16:22:fc:0c:fb]
RSSI: -88 [da:1d:ab:37:03:1c]
RSSI: -90 [da:16:23:09:0d:2b]
RSSI: -86 [da:1d:ab:46:03:4c]
RSSI: -87 [da:16:23:15:0d:4b]
RSSI: -89 [da:1d:ab:52:03:7c]
RSSI: -82 [da:1d:ab:52:03:7c]
RSSI: -89 [da:16:23:22:0d:6b]
RSSI: -83 [da:1d:ab:61:03:9c]
RSSI: -85 [da:1d:ab:61:03:9c]
RSSI: -81 [da:1d:ab:6f:03:cc]
RSSI: -85 [da:1d:ab:7c:03:fc]
RSSI: -81 [da:1d:ab:7c:03:fc]
RSSI: -83 [da:16:23:56:0e:0b]
RSSI: -83 [da:1d:ab:8b:04:2c]
RSSI: -84 [da:16:23:62:0e:2b]
RSSI: -83 [da:1d:ab:99:04:4c]
RSSI: -84 [da:16:23:6f:0e:4b]
RSSI: -86 [da:16:23:7c:0e:7b]
RSSI: -83 [da:1d:ab:b5:04:ac]
RSSI: -84 [da:16:23:89:0e:9b]
RSSI: -83 [da:1d:ab:c3:04:dc]
RSSI: -85 [da:16:23:96:0e:cb]
RSSI: -85 [da:16:23:96:0e:cb]
RSSI: -84 [da:1d:ab:d0:04:fc]
RSSI: -81 [da:16:23:a2:0e:eb]
RSSI: -86 [da:1d:ab:df:05:2c]
RSSI: -85 [da:16:23:af:0f:0b]
RSSI: -81 [da:16:23:bc:0f:3b]
RSSI: -82 [da:16:23:bc:0f:3b]
RSSI: -84 [da:1d:ab:fa:05:7c]
RSSI: -82 [da:16:23:c9:0f:5b]
RSSI: -82 [da:16:23:d6:0f:7b]
RSSI: -86 [da:1d:ac:09:05:ac]
RSSI: -86 [da:16:23:e3:0f:ab]
RSSI: -83 [da:16:23:e3:0f:ab]
RSSI: -88 [da:16:23:ef:0f:cb]
RSSI: -77 [da:16:23:fc:0f:fb]
RSSI: -91 [da:1d:ac:41:06:6c]
RSSI: -83 [da:16:24:09:10:1b]
RSSI: -83 [da:16:24:16:10:3b]
RSSI: -88 [da:1d:ac:4e:06:8c]
RSSI: -79 [da:16:24:23:10:6b]
RSSI: -90 [da:1d:ac:5d:06:bc]
RSSI: -81 [da:16:24:30:10:8b]
RSSI: -82 [da:16:24:30:10:8b]
RSSI: -81 [da:16:24:30:10:8b]
RSSI: -87 [da:1d:ac:6b:06:ec]
RSSI: -86 [da:1d:ac:6b:06:ec]
RSSI: -83 [da:16:24:3c:10:bb]
RSSI: -88 [da:1d:ac:78:07:1c]
RSSI: -82 [da:16:24:49:10:db]
RSSI: -83 [da:16:24:56:10:fb]
RSSI: -83 [da:16:24:56:10:fb]
RSSI: -85 [da:1d:ac:95:07:6c]
RSSI: -86 [da:16:24:63:11:2b]
RSSI: -79 [da:16:24:70:11:4b]
RSSI: -91 [da:1d:ac:a2:07:9c]
RSSI: -81 [da:16:24:7d:11:6b]
RSSI: -83 [da:16:24:8a:11:9b]
RSSI: -78 [da:16:24:96:11:bb]
RSSI: -80 [da:16:24:a3:11:db]
RSSI: -93 [da:1d:ac:db:08:4c]
RSSI: -81 [da:16:24:b0:12:0b]
RSSI: -81 [da:16:24:bd:12:2b]
RSSI: -82 [da:16:24:ca:12:5b]
RSSI: -82 [da:16:24:d7:12:7b]
RSSI: -85 [da:16:24:e3:12:9b]
RSSI: -84 [da:16:24:f0:12:cb]
RSSI: -82 [da:16:24:fd:12:eb]
RSSI: -81 [da:16:25:24:13:5b]
RSSI: -82 [da:16:25:24:13:5b]
RSSI: -85 [da:16:25:31:13:8b]
RSSI: -89 [da:1d:ad:75:0a:3c]
RSSI: -82 [da:16:25:4b:13:db]
RSSI: -89 [da:16:25:4b:13:db]
RSSI: -83 [da:16:25:57:13:fb]
RSSI: -82 [da:16:25:71:14:4b]
RSSI: -86 [da:16:25:7e:14:6b]
RSSI: -90 [da:1d:ad:b4:0b:0c]
RSSI: -87 [da:16:25:7e:14:6b]
RSSI: -92 [da:1d:ad:b4:0b:0c]
RSSI: -89 [da:16:25:8b:14:8b]
RSSI: -90 [da:1d:ad:d0:0b:6c]
RSSI: -87 [da:16:25:98:14:bb]
RSSI: -92 [da:1d:ad:d0:0b:6c]
RSSI: -88 [da:16:25:a5:14:db]
RSSI: -84 [da:16:25:b2:14:fb]
RSSI: -88 [da:1d:ad:ed:0b:cc]
RSSI: -84 [da:16:25:bf:15:2b]
RSSI: -92 [da:1d:ad:fa:0b:ec]
RSSI: -82 [da:16:25:bf:15:2b]
RSSI: -88 [da:1d:ad:fa:0b:ec]
RSSI: -85 [da:16:25:cb:15:4b]
RSSI: -84 [da:16:25:cb:15:4b]
RSSI: -82 [da:16:25:d8:15:6b]
RSSI: -85 [da:16:25:e5:15:9b]
RSSI: -91 [da:1d:ae:17:0c:4c]
RSSI: -84 [da:16:25:e5:15:9b]
RSSI: -88 [da:16:25:f2:15:bb]
RSSI: -91 [da:1d:ae:33:0c:ac]
RSSI: -88 [da:1d:ae:42:0c:dc]
RSSI: -92 [da:16:26:0c:16:0b]
RSSI: -88 [da:1d:ae:42:0c:dc]
RSSI: -84 [da:16:26:19:16:2b]
RSSI: -81 [da:1d:ae:4e:0c:fc]
RSSI: -90 [da:1d:ae:4e:0c:fc]
RSSI: -85 [da:16:26:26:16:5b]
RSSI: -81 [da:16:26:26:16:5b]
RSSI: -83 [da:1d:ae:5d:0d:2c]
RSSI: -91 [da:16:26:33:16:7b]
RSSI: -87 [da:16:26:33:16:7b]
RSSI: -80 [da:16:26:40:00:0b]
RSSI: -94 [da:16:26:4d:00:2b]
RSSI: -82 [da:16:26:4d:00:2b]
RSSI: -80 [da:1d:ae:87:0d:ac]
RSSI: -84 [da:1d:ae:96:0d:dc]
RSSI: -90 [da:16:26:5a:00:4b]
RSSI: -88 [da:1d:ae:96:0d:dc]
RSSI: -88 [da:16:26:66:00:7b]
RSSI: -77 [da:1d:ae:a3:0e:0c]
RSSI: -87 [da:16:26:73:00:9b]
RSSI: -77 [da:1d:ae:a3:0e:0c]
RSSI: -90 [da:16:26:73:00:9b]
RSSI: -74 [da:1d:ae:b2:0e:3c]
RSSI: -75 [da:1d:ae:b2:0e:3c]
RSSI: -73 [da:1d:ae:b2:0e:3c]
RSSI: -88 [da:16:26:80:00:cb]
RSSI: -74 [da:1d:ae:c0:0e:6c]
RSSI: -84 [da:16:26:8d:00:eb]
RSSI: -86 [da:16:26:8d:00:eb]
RSSI: -70 [da:1d:ae:cd:0e:8c]
RSSI: -86 [da:16:26:9a:01:0b]
RSSI: -72 [da:1d:ae:cd:0e:8c]
RSSI: -83 [da:16:26:9a:01:0b]
RSSI: -85 [da:16:26:a7:01:3b]
RSSI: -71 [da:1d:ae:dc:0e:bc]
RSSI: -85 [da:16:26:a7:01:3b]
RSSI: -69 [da:1d:ae:dc:0e:bc]
RSSI: -85 [da:16:26:b4:01:5b]
RSSI: -69 [da:1d:ae:eb:0e:ec]
RSSI: -69 [da:1d:ae:eb:0e:ec]
RSSI: -70 [da:1d:ae:f7:0f:1c]
RSSI: -89 [da:16:26:c1:01:8b]
RSSI: -91 [da:16:26:ce:01:ab]
RSSI: -68 [da:1d:af:06:0f:4c]
RSSI: -94 [da:16:26:db:01:cb]
RSSI: -68 [da:1d:af:15:0f:7c]
RSSI: -67 [da:1d:af:15:0f:7c]
RSSI: -68 [da:1d:af:21:0f:9c]
RSSI: -68 [da:1d:af:21:0f:9c]
RSSI: -89 [da:16:26:f5:02:1b]
RSSI: -69 [da:1d:af:30:0f:cc]
RSSI: -70 [da:1d:af:3f:0f:fc]
RSSI: -69 [da:1d:af:3f:0f:fc]
RSSI: -85 [da:16:27:0f:02:6b]
RSSI: -83 [da:16:27:0f:02:6b]
RSSI: -83 [da:16:27:0f:02:6b]
RSSI: -71 [da:1d:af:4c:10:2c]
RSSI: -83 [da:16:27:1c:02:8b]
RSSI: -70 [da:1d:af:4c:10:2c]
RSSI: -84 [da:16:27:1c:02:8b]
RSSI: -72 [da:1d:af:5b:10:5c]
RSSI: -84 [da:16:27:28:02:ab]
RSSI: -72 [da:1d:af:5b:10:5c]
RSSI: -72 [da:1d:af:69:10:8c]
RSSI: -79 [da:16:27:35:02:db]
RSSI: -74 [da:1d:af:69:10:8c]
RSSI: -75 [da:1d:af:76:10:ac]
RSSI: -75 [da:1d:af:76:10:ac]
RSSI: -79 [da:1d:af:85:10:dc]
RSSI: -83 [da:16:27:4f:03:2b]
RSSI: -80 [da:1d:af:85:10:dc]
RSSI: -78 [da:16:27:5c:03:4b]
RSSI: -80 [da:16:27:69:03:6b]
RSSI: -79 [da:16:27:69:03:6b]
RSSI: -88 [da:1d:af:a0:11:3c]
RSSI: -78 [da:16:27:76:03:9b]
RSSI: -75 [da:16:27:83:03:bb]
RSSI: -86 [da:1d:af:be:11:9c]
RSSI: -77 [da:16:27:90:03:eb]
RSSI: -77 [da:16:27:9d:04:0b]
RSSI: -82 [da:1d:af:da:11:ec]
RSSI: -82 [da:1d:af:da:11:ec]
RSSI: -84 [da:1d:af:da:11:ec]
RSSI: -88 [da:18:0b:a2:0a:7a]
RSSI: -78 [da:16:27:aa:04:3b]
RSSI: -77 [da:16:27:b7:04:5b]
RSSI: -86 [da:1d:af:e9:12:1c]
RSSI: -76 [da:16:27:c4:04:8b]
RSSI: -75 [da:16:27:de:04:cb]
RSSI: -74 [da:16:27:eb:04:fb]
RSSI: -75 [da:16:27:eb:04:fb]
RSSI: -73 [da:16:27:f8:05:1b]
RSSI: -74 [da:16:27:f8:05:1b]
RSSI: -73 [da:16:27:f8:05:1b]
RSSI: -74 [da:16:28:05:05:4b]
RSSI: -73 [da:16:28:12:05:6b]
RSSI: -74 [da:16:28:12:05:6b]
RSSI: -72 [da:16:28:1f:05:9b]
RSSI: -90 [da:18:0c:15:0b:ba]
RSSI: -73 [da:16:28:1f:05:9b]
RSSI: -72 [da:16:28:2c:05:bb]
RSSI: -92 [da:1d:b0:68:13:ac]
RSSI: -73 [da:16:28:39:05:db]
RSSI: -71 [da:16:28:39:05:db]
RSSI: -89 [da:18:0c:3b:0c:2a]
RSSI: -91 [da:18:0c:3b:0c:2a]
RSSI: -73 [da:16:28:46:06:0b]
RSSI: -72 [da:16:28:46:06:0b]
RSSI: -71 [da:16:28:53:06:2b]
RSSI: -89 [da:18:0c:48:0c:4a]
RSSI: -70 [da:16:28:53:06:2b]
RSSI: -74 [da:16:28:53:06:2b]
RSSI: -72 [da:16:28:60:06:5b]
RSSI: -71 [da:16:28:60:06:5b]
RSSI: -91 [da:18:0c:61:0c:9a]
RSSI: -75 [da:16:28:6d:06:7b]
RSSI: -71 [da:16:28:6d:06:7b]
RSSI: -72 [da:16:28:7a:06:ab]
RSSI: -75 [da:16:28:7a:06:ab]
RSSI: -74 [da:16:28:87:06:cb]
RSSI: -74 [da:16:28:87:06:cb]
RSSI: -74 [da:16:28:94:06:eb]
RSSI: -70 [da:16:28:94:06:eb]
RSSI: -72 [da:16:28:a1:07:1b]
RSSI: -89 [da:1d:b0:d8:15:1c]
RSSI: -69 [da:16:28:ae:07:3b]
RSSI: -69 [da:16:28:ae:07:3b]
RSSI: -92 [da:1d:b0:e7:15:4c]
RSSI: -67 [da:16:28:bb:07:6b]
RSSI: -67 [da:16:28:bb:07:6b]
RSSI: -66 [da:16:28:c8:07:8b]
RSSI: -66 [da:16:28:d5:07:bb]
RSSI: -65 [da:16:28:d5:07:bb]
RSSI: -92 [da:1d:b1:12:15:cc]
RSSI: -64 [da:16:28:e2:07:db]
RSSI: -64 [da:16:28:ef:08:0b]
RSSI: -65 [da:16:28:ef:08:0b]
RSSI: -63 [da:16:28:fc:08:2b]
RSSI: -63 [da:16:28:fc:08:2b]
RSSI: -62 [da:16:29:09:08:4b]
RSSI: -67 [da:16:29:16:08:7b]
RSSI: -62 [da:16:29:23:08:9b]
RSSI: -64 [da:16:29:23:08:9b]
RSSI: -91 [da:1d:b1:67:00:2c]
RSSI: -63 [da:16:29:30:08:cb]
RSSI: -71 [da:16:29:3d:08:eb]
RSSI: -65 [da:16:29:4a:09:1b]
RSSI: -65 [da:16:29:57:09:3b]
RSSI: -66 [da:16:29:57:09:3b]
RSSI: -66 [da:16:29:57:09:3b]
RSSI: -72 [da:16:29:64:09:5b]
RSSI: -68 [da:16:29:71:09:8b]
RSSI: -68 [da:16:29:7e:09:ab]
RSSI: -70 [da:16:29:7e:09:ab]
RSSI: -79 [da:16:29:8b:09:db]
RSSI: -73 [da:16:29:98:09:fb]
RSSI: -74 [da:16:29:a5:0a:2b]
RSSI: -77 [da:16:29:a5:0a:2b]
RSSI: -84 [da:16:29:b2:0a:4b]
RSSI: -76 [da:16:29:b2:0a:4b]
RSSI: -81 [da:16:29:bf:0a:6b]
RSSI: -81 [da:16:29:bf:0a:6b]
RSSI: -81 [da:16:29:bf:0a:6b]
RSSI: -76 [da:16:29:cc:0a:9b]
RSSI: -77 [da:16:29:cc:0a:9b]
RSSI: -77 [da:16:29:d9:0a:bb]
RSSI: -75 [da:16:29:d9:0a:bb]
RSSI: -75 [da:16:29:e6:0a:eb]
RSSI: -75 [da:16:29:e6:0a:eb]
RSSI: -75 [da:16:29:f3:0b:0b]
RSSI: -74 [da:16:29:f3:0b:0b]
RSSI: -74 [da:16:29:f3:0b:0b]
RSSI: -74 [da:16:2a:01:0b:3b]
RSSI: -75 [da:16:2a:01:0b:3b]
RSSI: -75 [da:16:2a:0d:0b:5b]
RSSI: -74 [da:16:2a:0d:0b:5b]
RSSI: -74 [da:16:2a:1b:0b:7b]
RSSI: -74 [da:16:2a:28:0b:ab]
RSSI: -76 [da:16:2a:28:0b:ab]
RSSI: -73 [da:16:2a:34:0b:cb]
RSSI: -73 [da:16:2a:34:0b:cb]
RSSI: -76 [da:16:2a:42:0b:fb]
RSSI: -73 [da:16:2a:42:0b:fb]
RSSI: -76 [da:16:2a:4f:0c:1b]
RSSI: -75 [da:16:2a:5c:0c:3b]
RSSI: -74 [da:16:2a:5c:0c:3b]
RSSI: -76 [da:16:2a:69:0c:6b]
RSSI: -76 [da:16:2a:69:0c:6b]
RSSI: -76 [da:16:2a:76:0c:8b]
RSSI: -92 [da:1d:b2:bc:04:6c]
RSSI: -76 [da:16:2a:90:0c:db]
RSSI: -74 [da:16:2a:9d:0d:0b]
RSSI: -74 [da:16:2a:aa:0d:2b]
RSSI: -76 [da:16:2a:b7:0d:4b]
RSSI: -77 [da:16:2a:c5:0d:7b]
RSSI: -76 [da:16:2a:c5:0d:7b]
RSSI: -74 [da:16:2a:d1:0d:9b]
RSSI: -75 [da:16:2a:d1:0d:9b]
RSSI: -77 [da:16:2a:df:0d:cb]
RSSI: -78 [da:16:2a:ec:0d:eb]
RSSI: -76 [da:16:2a:ec:0d:eb]
RSSI: -75 [da:16:2a:f9:0e:1b]
RSSI: -78 [da:16:2a:f9:0e:1b]
RSSI: -78 [da:16:2b:06:0e:3b]
RSSI: -76 [da:16:2b:06:0e:3b]
RSSI: -78 [da:16:2b:13:0e:6b]
RSSI: -78 [da:16:2b:13:0e:6b]
RSSI: -76 [da:16:2b:20:0e:8b]
RSSI: -76 [da:16:2b:2d:0e:ab]
RSSI: -76 [da:16:2b:3b:0e:db]
RSSI: -88 [da:1d:b3:73:06:bc]
RSSI: -88 [da:1d:b3:73:06:bc]
RSSI: -74 [da:16:2b:47:0e:fb]
RSSI: -74 [da:16:2b:47:0e:fb]
RSSI: -74 [da:16:2b:55:0f:2b]
RSSI: -89 [da:1d:b3:91:07:1c]
RSSI: -74 [da:16:2b:62:0f:4b]
RSSI: -74 [da:16:2b:62:0f:4b]
RSSI: -74 [da:16:2b:6f:0f:7b]
RSSI: -73 [da:16:2b:7c:0f:9b]
RSSI: -88 [da:1d:b3:bc:07:9c]
RSSI: -74 [da:16:2b:89:0f:cb]
RSSI: -89 [da:1d:b3:bc:07:9c]
RSSI: -73 [da:16:2b:89:0f:cb]
RSSI: -88 [da:1d:b3:c8:07:cc]
RSSI: -74 [da:16:2b:96:0f:eb]
RSSI: -73 [da:16:2b:a3:10:1b]
RSSI: -72 [da:16:2b:b1:10:3b]
RSSI: -72 [da:16:2b:bd:10:5b]
RSSI: -71 [da:16:2b:bd:10:5b]
RSSI: -72 [da:16:2b:bd:10:5b]
RSSI: -75 [da:16:2b:cb:10:8b]
RSSI: -74 [da:16:2b:d8:10:ab]
RSSI: -74 [da:16:2b:e5:10:db]
RSSI: -75 [da:16:2b:e5:10:db]
RSSI: -74 [da:16:2b:f2:10:fb]
RSSI: -75 [da:16:2b:f2:10:fb]
RSSI: -75 [da:16:2c:0c:11:4b]
RSSI: -75 [da:16:2c:1f:11:7b]
RSSI: -75 [da:16:2c:1f:11:7b]
RSSI: -75 [da:16:2c:2f:11:ab]
RSSI: -75 [da:16:2c:3b:11:db]
RSSI: -75 [da:16:2c:3b:11:db]
RSSI: -75 [da:16:2c:49:11:fb]
RSSI: -77 [da:16:2c:49:11:fb]
RSSI: -75 [da:16:2c:56:12:2b]
RSSI: -81 [da:16:2c:63:12:4b]
RSSI: -78 [da:16:2c:70:12:6b]
RSSI: -76 [da:16:2c:7e:12:9b]
RSSI: -79 [da:16:2c:98:12:eb]
RSSI: -76 [da:16:2c:a5:13:0b]
RSSI: -80 [da:16:2c:a5:13:0b]
RSSI: -86 [da:1d:b4:e8:0b:5c]
RSSI: -88 [da:16:2c:b2:13:3b]
RSSI: -86 [da:1d:b4:e8:0b:5c]
RSSI: -77 [da:16:2c:b2:13:3b]
RSSI: -81 [da:16:2c:bf:13:5b]
RSSI: -83 [da:16:2c:bf:13:5b]
RSSI: -84 [da:1d:b4:f4:0b:8c]
RSSI: -78 [da:16:2c:cd:13:7b]
RSSI: -83 [da:16:2c:cd:13:7b]
RSSI: -81 [da:16:2c:d9:13:ab]
RSSI: -80 [da:16:2c:d9:13:ab]
RSSI: -83 [da:16:2c:e7:13:cb]
RSSI: -86 [da:1d:b5:1f:0c:0c]
RSSI: -80 [da:16:2c:f4:13:fb]
RSSI: -82 [da:16:2c:f4:13:fb]
RSSI: -81 [da:16:2c:f4:13:fb]
RSSI: -86 [da:1d:b5:2e:0c:3c]
RSSI: -79 [da:16:2d:01:14:1b]
RSSI: -90 [da:1d:b5:3d:0c:6c]
RSSI: -79 [da:16:2d:01:14:1b]
RSSI: -86 [da:1d:b5:3d:0c:6c]
RSSI: -77 [da:16:2d:0e:14:3b]
RSSI: -77 [da:16:2d:1c:14:6b]
RSSI: -87 [da:1d:b5:4a:0c:9c]
RSSI: -78 [da:16:2d:1c:14:6b]
RSSI: -84 [da:1d:b5:59:0c:cc]
RSSI: -87 [da:1d:b5:59:0c:cc]
RSSI: -77 [da:16:2d:28:14:8b]
RSSI: -79 [da:16:2d:36:14:ab]
RSSI: -88 [da:1d:b5:75:0d:2c]
RSSI: -76 [da:16:2d:43:14:db]
RSSI: -87 [da:1d:b5:75:0d:2c]
RSSI: -77 [da:16:2d:43:14:db]
RSSI: -77 [da:16:2d:50:14:fb]
RSSI: -82 [da:16:2d:5d:15:2b]
RSSI: -88 [da:1d:b5:a0:0d:ac]
RSSI: -76 [da:16:2d:6b:15:4b]
RSSI: -89 [da:1d:b5:a0:0d:ac]
RSSI: -75 [da:16:2d:77:15:6b]
RSSI: -80 [da:1d:b5:af:0d:dc]
RSSI: -75 [da:16:2d:77:15:6b]
RSSI: -83 [da:1d:b5:af:0d:dc]
RSSI: -76 [da:16:2d:85:15:9b]
RSSI: -73 [da:16:2d:85:15:9b]
RSSI: -72 [da:16:2d:92:15:bb]
RSSI: -80 [da:1d:b5:cb:0e:3c]
RSSI: -72 [da:16:2d:9f:15:eb]
RSSI: -77 [da:1d:b5:da:0e:6c]
RSSI: -71 [da:16:2d:9f:15:eb]
RSSI: -78 [da:1d:b5:da:0e:6c]
RSSI: -71 [da:16:2d:ac:16:0b]
RSSI: -70 [da:16:2d:ac:16:0b]
RSSI: -75 [da:1d:b5:e9:0e:9c]
RSSI: -70 [da:16:2d:ba:16:3b]
RSSI: -70 [da:16:2d:ba:16:3b]
RSSI: -71 [da:16:2d:c6:16:5b]
RSSI: -74 [da:1d:b5:f6:0e:cc]
RSSI: -71 [da:16:2d:c6:16:5b]
RSSI: -70 [da:16:2d:c6:16:5b]
RSSI: -71 [da:16:2d:c6:16:5b]
RSSI: -72 [da:16:2d:e1:00:2b]
RSSI: -75 [da:1d:b6:21:0f:4c]
RSSI: -72 [da:16:2d:ee:00:4b]
RSSI: -72 [da:16:2d:ee:00:4b]
RSSI: -74 [da:1d:b6:21:0f:4c]
RSSI: -73 [da:16:2d:fb:00:7b]
RSSI: -75 [da:1d:b6:30:0f:7c]
RSSI: -73 [da:16:2e:09:00:9b]
RSSI: -74 [da:16:2e:15:00:cb]
RSSI: -75 [da:1d:b6:4c:0f:dc]
RSSI: -74 [da:16:2e:15:00:cb]
RSSI: -77 [da:1d:b6:5b:10:0c]
RSSI: -75 [da:16:2e:23:00:eb]
RSSI: -76 [da:1d:b6:5b:10:0c]
RSSI: -73 [da:16:2e:30:01:1b]
RSSI: -78 [da:1d:b6:6a:10:3c]
RSSI: -79 [da:1d:b6:6a:10:3c]
RSSI: -73 [da:16:2e:3d:01:3b]
RSSI: -81 [da:1d:b6:77:10:6c]
RSSI: -75 [da:16:2e:4b:01:6b]
RSSI: -81 [da:1d:b6:86:10:9c]
RSSI: -72 [da:16:2e:4b:01:6b]
RSSI: -81 [da:1d:b6:86:10:9c]
RSSI: -72 [da:16:2e:58:01:8b]
RSSI: -86 [da:1d:b6:95:10:cc]
RSSI: -87 [da:1d:b6:95:10:cc]
RSSI: -71 [da:16:2e:65:01:ab]
RSSI: -72 [da:16:2e:72:01:db]
RSSI: -71 [da:16:2e:72:01:db]
RSSI: -70 [da:16:2e:80:01:fb]
RSSI: -89 [da:1d:b6:b1:11:1c]
RSSI: -71 [da:16:2e:80:01:fb]
RSSI: -71 [da:16:2e:8c:02:2b]
RSSI: -70 [da:16:2e:8c:02:2b]
RSSI: -71 [da:16:2e:9a:02:4b]
RSSI: -72 [da:16:2e:a7:02:7b]
RSSI: -73 [da:16:2e:a7:02:7b]
RSSI: -75 [da:16:2e:b4:02:9b]
RSSI: -75 [da:16:2e:b4:02:9b]
RSSI: -88 [da:1d:b6:eb:11:dc]
RSSI: -75 [da:16:2e:c2:02:cb]
RSSI: -77 [da:16:2e:c2:02:cb]
RSSI: -76 [da:16:2e:cf:02:eb]
RSSI: -75 [da:16:2e:dc:03:1b]
RSSI: -79 [da:16:2e:e9:03:3b]
RSSI: -79 [da:16:2e:e9:03:3b]
RSSI: -79 [da:16:2e:f7:03:6b]
RSSI: -73 [da:16:2f:03:03:8b]
RSSI: -88 [da:18:13:01:09:1a]
RSSI: -75 [da:16:2f:11:03:bb]
RSSI: -76 [da:16:2f:1e:03:db]
RSSI: -87 [da:18:13:1c:09:6a]
RSSI: -74 [da:16:2f:1e:03:db]
RSSI: -73 [da:16:2f:2b:03:fb]
RSSI: -75 [da:16:2f:2b:03:fb]
RSSI: -85 [da:18:13:28:09:8a]
RSSI: -73 [da:16:2f:39:04:2b]
RSSI: -73 [da:16:2f:39:04:2b]
RSSI: -72 [da:16:2f:39:04:2b]
RSSI: -89 [da:18:13:36:09:ba]
RSSI: -74 [da:16:2f:46:04:5b]
RSSI: -72 [da:16:2f:46:04:5b]
RSSI: -87 [da:18:13:43:09:da]
RSSI: -71 [da:16:2f:53:04:7b]
RSSI: -73 [da:16:2f:53:04:7b]
RSSI: -83 [da:18:13:4f:09:fa]
RSSI: -72 [da:16:2f:60:04:9b]
RSSI: -71 [da:16:2f:60:04:9b]
RSSI: -87 [da:18:13:5d:0a:2a]
RSSI: -72 [da:16:2f:6e:04:cb]
RSSI: -71 [da:16:2f:6e:04:cb]
RSSI: -86 [da:18:13:6a:0a:4a]
RSSI: -71 [da:16:2f:6e:04:cb]
RSSI: -71 [da:16:2f:88:05:1b]
RSSI: -72 [da:16:2f:88:05:1b]
RSSI: -87 [da:18:13:83:0a:9a]
RSSI: -72 [da:16:2f:88:05:1b]
RSSI: -70 [da:16:2f:96:05:3b]
RSSI: -84 [da:18:13:91:0a:ba]
RSSI: -71 [da:16:2f:96:05:3b]
RSSI: -84 [da:18:13:9d:0a:da]
RSSI: -70 [da:16:2f:a2:05:5b]
RSSI: -84 [da:18:13:9d:0a:da]
RSSI: -86 [da:18:13:aa:0b:0a]
RSSI: -71 [da:16:2f:b0:05:8b]
RSSI: -88 [da:18:13:aa:0b:0a]
RSSI: -70 [da:16:2f:bd:05:ab]
RSSI: -83 [da:18:13:b8:0b:2a]
RSSI: -69 [da:16:2f:ca:05:db]
RSSI: -87 [da:18:13:c4:0b:4a]
RSSI: -69 [da:16:2f:ca:05:db]
RSSI: -70 [da:16:2f:ca:05:db]
RSSI: -84 [da:18:13:c4:0b:4a]
RSSI: -71 [da:16:2f:d8:05:fb]
RSSI: -71 [da:16:2f:d8:05:fb]
RSSI: -89 [da:18:13:d1:0b:7a]
RSSI: -71 [da:16:2f:e5:06:2b]
RSSI: -85 [da:18:13:df:0b:9a]
RSSI: -69 [da:16:2f:f2:06:4b]
RSSI: -70 [da:16:2f:f2:06:4b]
RSSI: -70 [da:16:2f:ff:06:7b]
RSSI: -66 [da:16:30:1a:06:cb]
RSSI: -66 [da:16:30:1a:06:cb]
RSSI: -66 [da:16:30:1a:06:cb]
RSSI: -67 [da:16:30:27:06:eb]
RSSI: -64 [da:16:30:27:06:eb]
RSSI: -64 [da:16:30:27:06:eb]
RSSI: -64 [da:16:30:35:07:1b]
RSSI: -66 [da:16:30:35:07:1b]
RSSI: -63 [da:16:30:41:07:3b]
RSSI: -63 [da:16:30:5d:07:8b]
RSSI: -61 [da:16:30:69:07:bb]
RSSI: -90 [da:1d:b8:a7:00:ec]
RSSI: -61 [da:16:30:77:07:db]
RSSI: -60 [da:16:30:77:07:db]
RSSI: -61 [da:16:30:77:07:db]
RSSI: -88 [da:1d:b8:b7:01:1c]
RSSI: -62 [da:16:30:84:08:0b]
RSSI: -61 [da:16:30:91:08:2b]
RSSI: -62 [da:16:30:9f:08:4b]
RSSI: -62 [da:16:30:ac:08:7b]
RSSI: -62 [da:16:30:ac:08:7b]
RSSI: -62 [da:16:30:b9:08:9b]
RSSI: -62 [da:16:30:b9:08:9b]
RSSI: -62 [da:16:30:c7:08:cb]
RSSI: -63 [da:16:30:c7:08:cb]
RSSI: -63 [da:16:30:c7:08:cb]
RSSI: -63 [da:16:30:d4:08:eb]
RSSI: -63 [da:16:30:d4:08:eb]
RSSI: -64 [da:16:30:e1:09:1b]
RSSI: -65 [da:16:30:e1:09:1b]
RSSI: -65 [da:16:30:ee:09:3b]
RSSI: -66 [da:16:30:fc:09:6b]
RSSI: -69 [da:16:31:09:09:8b]
RSSI: -69 [da:16:31:16:09:bb]
RSSI: -72 [da:16:31:24:09:db]
RSSI: -95 [da:1d:b9:73:03:6c]
RSSI: -76 [da:16:31:4c:0a:5b]
RSSI: -74 [da:16:31:59:0a:7b]
RSSI: -70 [da:16:31:66:0a:ab]
RSSI: -90 [da:1d:b9:9e:03:ec]
RSSI: -72 [da:16:31:66:0a:ab]
RSSI: -73 [da:16:31:74:0a:cb]
RSSI: -73 [da:16:31:74:0a:cb]
RSSI: -70 [da:16:31:80:0a:fb]
RSSI: -73 [da:16:31:80:0a:fb]
RSSI: -71 [da:16:31:8e:0b:1b]
RSSI: -71 [da:16:31:8e:0b:1b]
RSSI: -75 [da:16:31:9c:0b:4b]
RSSI: -72 [da:16:31:9c:0b:4b]
RSSI: -77 [da:16:31:a8:0b:6b]
RSSI: -72 [da:16:31:b6:0b:9b]
RSSI: -72 [da:16:31:c4:0b:bb]
RSSI: -72 [da:16:31:c4:0b:bb]
RSSI: -74 [da:16:31:d0:0b:eb]
RSSI: -74 [da:16:31:d0:0b:eb]
RSSI: -72 [da:16:31:d0:0b:eb]
RSSI: -70 [da:16:31:de:0c:0b]
RSSI: -70 [da:16:31:de:0c:0b]
RSSI: -73 [da:16:31:de:0c:0b]
RSSI: -73 [da:16:31:ec:0c:3b]
RSSI: -74 [da:16:31:f8:0c:5b]
RSSI: -75 [da:16:31:f8:0c:5b]
RSSI: -75 [da:16:32:06:0c:8b]
RSSI: -76 [da:16:32:14:0c:ab]
RSSI: -71 [da:16:32:14:0c:ab]
RSSI: -75 [da:16:32:20:0c:db]
RSSI: -74 [da:16:32:20:0c:db]
RSSI: -73 [da:16:32:2e:0c:fb]
RSSI: -74 [da:16:32:3c:0d:2b]
RSSI: -70 [da:16:32:3c:0d:2b]
RSSI: -75 [da:16:32:48:0d:4b]
RSSI: -76 [da:16:32:48:0d:4b]
RSSI: -76 [da:16:32:56:0d:7b]
RSSI: -87 [da:1d:ba:93:06:fc]
RSSI: -72 [da:16:32:64:0d:9b]
RSSI: -78 [da:16:32:70:0d:bb]
RSSI: -89 [da:1d:ba:a2:07:2c]
RSSI: -78 [da:16:32:7e:0d:eb]
RSSI: -77 [da:16:32:7e:0d:eb]
RSSI: -74 [da:16:32:8c:0e:1b]
RSSI: -74 [da:16:32:8c:0e:1b]
RSSI: -77 [da:16:32:8c:0e:1b]
RSSI: -76 [da:16:32:99:0e:3b]
RSSI: -92 [da:1d:ba:ce:07:bc]
RSSI: -77 [da:16:32:99:0e:3b]
RSSI: -75 [da:16:32:99:0e:3b]
RSSI: -77 [da:16:32:a6:0e:6b]
RSSI: -78 [da:16:32:a6:0e:6b]
RSSI: -77 [da:16:32:a6:0e:6b]
RSSI: -91 [da:1d:ba:da:07:dc]
RSSI: -77 [da:16:32:a6:0e:6b]
RSSI: -76 [da:16:32:b4:0e:8b]
RSSI: -78 [da:16:32:b4:0e:8b]
RSSI: -90 [da:1d:ba:ea:08:0c]
RSSI: -77 [da:16:32:c1:0e:ab]
RSSI: -75 [da:16:32:c1:0e:ab]
RSSI: -77 [da:16:32:ce:0e:db]
RSSI: -90 [da:1d:bb:06:08:6c]
RSSI: -76 [da:16:32:ce:0e:db]
RSSI: -92 [da:1d:bb:06:08:6c]
RSSI: -93 [da:1d:bb:06:08:6c]
RSSI: -76 [da:16:32:dc:0f:0b]
RSSI: -72 [da:16:32:e9:0f:2b]
RSSI: -73 [da:16:32:f6:0f:4b]
RSSI: -75 [da:16:33:04:0f:7b]
RSSI: -72 [da:16:33:11:0f:9b]
RSSI: -75 [da:16:33:1f:0f:cb]
RSSI: -96 [da:1d:bb:50:09:5c]
RSSI: -76 [da:16:33:2c:0f:eb]
RSSI: -74 [da:16:33:2c:0f:eb]
RSSI: -72 [da:16:33:39:10:1b]
RSSI: -76 [da:16:33:39:10:1b]
RSSI: -74 [da:16:33:47:10:3b]
RSSI: -72 [da:16:33:47:10:3b]
RSSI: -75 [da:16:33:54:10:6b]
RSSI: -74 [da:16:33:54:10:6b]
RSSI: -74 [da:16:33:54:10:6b]
RSSI: -75 [da:16:33:61:10:8b]
RSSI: -75 [da:16:33:6f:10:bb]
RSSI: -79 [da:16:33:7d:10:db]
RSSI: -78 [da:16:33:7d:10:db]
RSSI: -80 [da:16:33:89:11:0b]
RSSI: -87 [da:1d:bb:c9:0a:dc]
RSSI: -74 [da:16:33:97:11:2b]
RSSI: -78 [da:16:33:a5:11:5b]
RSSI: -89 [da:1d:bb:d9:0b:0c]
RSSI: -81 [da:16:33:b1:11:7b]
RSSI: -78 [da:16:33:b1:11:7b]
RSSI: -73 [da:16:33:bf:11:ab]
RSSI: -87 [da:1d:bb:f5:0b:6c]
RSSI: -79 [da:16:33:bf:11:ab]
RSSI: -78 [da:16:33:cd:11:cb]
RSSI: -85 [da:1d:bc:04:0b:9c]
RSSI: -77 [da:16:33:cd:11:cb]
RSSI: -74 [da:16:33:cd:11:cb]
RSSI: -84 [da:1d:bc:04:0b:9c]
RSSI: -79 [da:16:33:da:11:fb]
RSSI: -78 [da:16:33:da:11:fb]
RSSI: -85 [da:1d:bc:11:0b:cc]
RSSI: -78 [da:16:33:da:11:fb]
RSSI: -79 [da:16:33:e7:12:1b]
RSSI: -78 [da:16:33:e7:12:1b]
RSSI: -87 [da:1d:bc:20:0b:fc]
RSSI: -79 [da:16:33:f5:12:4b]
RSSI: -86 [da:1d:bc:20:0b:fc]
RSSI: -85 [da:1d:bc:30:0c:2c]
RSSI: -79 [da:16:34:02:12:6b]
RSSI: -80 [da:16:34:02:12:6b]
RSSI: -86 [da:1d:bc:3c:0c:4c]
RSSI: -78 [da:16:34:10:12:9b]
RSSI: -83 [da:1d:bc:4c:0c:8c]
RSSI: -82 [da:1d:bc:4c:0c:8c]
RSSI: -84 [da:16:34:1d:12:bb]
RSSI: -81 [da:1d:bc:5b:0c:bc]
RSSI: -82 [da:1d:bc:68:0c:dc]
RSSI: -77 [da:16:34:38:13:0b]
RSSI: -82 [da:16:34:38:13:0b]
RSSI: -82 [da:16:34:46:13:3b]
RSSI: -80 [da:1d:bc:78:0d:0c]
RSSI: -81 [da:16:34:46:13:3b]
RSSI: -78 [da:16:34:46:13:3b]
RSSI: -83 [da:16:34:52:13:5b]
RSSI: -88 [da:1d:bc:87:0d:3c]
RSSI: -81 [da:16:34:52:13:5b]
RSSI: -79 [da:16:34:60:13:7b]
RSSI: -85 [da:16:34:60:13:7b]
RSSI: -85 [da:16:34:60:13:7b]
RSSI: -80 [da:16:34:6e:13:ab]
RSSI: -82 [da:16:34:6e:13:ab]
RSSI: -85 [da:16:34:7a:13:cb]
RSSI: -83 [da:1d:bc:b3:0d:cc]
RSSI: -80 [da:16:34:7a:13:cb]
RSSI: -82 [da:16:34:88:13:fb]
RSSI: -78 [da:1d:bc:bf:0d:fc]
RSSI: -78 [da:1d:bc:bf:0d:fc]
RSSI: -79 [da:1d:bc:bf:0d:fc]
RSSI: -82 [da:16:34:96:14:1b]
RSSI: -78 [da:1d:bc:cf:0e:2c]
RSSI: -76 [da:1d:bc:cf:0e:2c]
RSSI: -83 [da:16:34:a3:14:4b]
RSSI: -77 [da:1d:bc:de:0e:5c]
RSSI: -88 [da:16:34:b1:14:6b]
RSSI: -76 [da:1d:bc:eb:0e:7c]
RSSI: -77 [da:1d:bc:eb:0e:7c]
RSSI: -89 [da:16:34:be:14:9b]
RSSI: -89 [da:16:34:be:14:9b]
RSSI: -76 [da:1d:bc:fb:0e:ac]
RSSI: -84 [da:16:34:cb:14:bb]
RSSI: -76 [da:1d:bc:fb:0e:ac]
RSSI: -75 [da:1d:bd:0a:0e:dc]
RSSI: -76 [da:1d:bd:0a:0e:dc]
RSSI: -82 [da:16:34:d9:14:eb]
RSSI: -76 [da:1d:bd:17:0f:0c]
RSSI: -86 [da:16:34:e7:15:0b]
RSSI: -77 [da:1d:bd:26:0f:3c]
RSSI: -81 [da:16:34:f3:15:3b]
RSSI: -76 [da:1d:bd:26:0f:3c]
RSSI: -77 [da:1d:bd:36:0f:6c]
RSSI: -85 [da:16:35:01:15:5b]
RSSI: -77 [da:1d:bd:36:0f:6c]
RSSI: -79 [da:16:35:01:15:5b]
RSSI: -87 [da:16:35:0f:15:8b]
RSSI: -77 [da:1d:bd:42:0f:9c]
RSSI: -84 [da:16:35:0f:15:8b]
RSSI: -78 [da:1d:bd:42:0f:9c]
RSSI: -77 [da:1d:bd:52:0f:cc]
RSSI: -78 [da:1d:bd:52:0f:cc]
RSSI: -79 [da:1d:bd:61:0f:fc]
RSSI: -77 [da:16:35:2a:15:db]
RSSI: -79 [da:1d:bd:61:0f:fc]
RSSI: -78 [da:1d:bd:61:0f:fc]
RSSI: -78 [da:1d:bd:6e:10:1c]
RSSI: -80 [da:1d:bd:6e:10:1c]
RSSI: -83 [da:16:35:44:16:2b]
RSSI: -79 [da:1d:bd:7e:10:5c]
RSSI: -80 [da:16:35:52:16:4b]
RSSI: -82 [da:1d:bd:8d:10:8c]
RSSI: -84 [da:16:35:52:16:4b]
RSSI: -86 [da:16:35:60:16:7b]
RSSI: -85 [da:1d:bd:9a:10:ac]
RSSI: -87 [da:16:35:6c:00:2b]
RSSI: -88 [da:1d:bd:9a:10:ac]
RSSI: -85 [da:16:35:6c:00:2b]
RSSI: -89 [da:1d:bd:a9:10:dc]
RSSI: -82 [da:16:35:7a:00:4b]
RSSI: -85 [da:16:35:88:00:7b]
RSSI: -91 [da:1d:bd:b9:11:0c]
RSSI: -81 [da:16:35:88:00:7b]
RSSI: -86 [da:16:35:95:00:9b]
RSSI: -89 [da:1d:bd:d5:11:6c]
RSSI: -93 [da:16:35:a3:00:cb]
RSSI: -83 [da:16:35:b0:00:eb]
RSSI: -87 [da:1d:bd:e5:11:9c]
RSSI: -93 [da:1d:be:01:11:fc]
RSSI: -81 [da:16:35:d9:01:6b]
RSSI: -81 [da:16:35:d9:01:6b]
RSSI: -81 [da:16:35:e5:01:8b]
RSSI: -96 [da:1d:be:2d:12:8c]
RSSI: -79 [da:16:36:01:01:db]
RSSI: -87 [da:16:36:0e:02:0b]
RSSI: -88 [da:16:36:1c:02:2b]
RSSI: -97 [da:1d:be:68:13:3c]
RSSI: -82 [da:16:36:36:02:7b]
RSSI: -95 [da:1d:be:74:13:6c]
RSSI: -89 [da:16:36:52:02:cb]
RSSI: -87 [da:16:36:5f:02:fb]
RSSI: -88 [da:16:36:7b:03:4b]
RSSI: -81 [da:16:36:95:03:9b]
RSSI: -92 [da:1d:be:cc:14:7c]
RSSI: -91 [da:18:1a:90:08:5a]
RSSI: -83 [da:16:36:a3:03:bb]
RSSI: -86 [da:16:36:b0:03:eb]
RSSI: -79 [da:16:36:be:04:0b]
RSSI: -81 [da:16:36:cc:04:3b]
RSSI: -84 [da:16:36:d8:04:5b]
RSSI: -82 [da:16:36:d8:04:5b]
RSSI: -77 [da:16:36:e6:04:8b]
RSSI: -89 [da:18:1a:e0:09:3a]
RSSI: -85 [da:16:36:e6:04:8b]
RSSI: -88 [da:18:1a:e0:09:3a]
RSSI: -81 [da:16:36:f4:04:ab]
RSSI: -87 [da:18:1a:ed:09:6a]
RSSI: -77 [da:16:36:f4:04:ab]
RSSI: -87 [da:18:1a:ed:09:6a]
RSSI: -76 [da:16:37:1d:05:2b]
RSSI: -85 [da:18:1b:15:09:da]
RSSI: -76 [da:16:37:1d:05:2b]
RSSI: -85 [da:16:37:29:05:4b]
RSSI: -86 [da:18:1b:23:09:fa]
RSSI: -89 [da:16:37:37:05:7b]
RSSI: -76 [da:16:37:45:05:ab]
RSSI: -85 [da:18:1b:4a:0a:6a]
RSSI: -93 [da:16:37:52:05:cb]
RSSI: -83 [da:16:37:60:05:fb]
RSSI: -83 [da:18:1b:57:0a:9a]
RSSI: -83 [da:16:37:60:05:fb]
RSSI: -84 [da:18:1b:57:0a:9a]
RSSI: -85 [da:16:37:60:05:fb]
RSSI: -84 [da:18:1b:65:0a:ba]
RSSI: -78 [da:16:37:6e:06:1b]
RSSI: -83 [da:18:1b:65:0a:ba]
RSSI: -81 [da:16:37:6e:06:1b]
RSSI: -84 [da:18:1b:72:0a:ea]
RSSI: -79 [da:16:37:7a:06:4b]
RSSI: -79 [da:16:37:88:06:6b]
RSSI: -90 [da:1d:bf:c7:01:1c]
RSSI: -83 [da:18:1b:8d:0b:2a]
RSSI: -78 [da:16:37:96:06:9b]
RSSI: -83 [da:18:1b:8d:0b:2a]
RSSI: -76 [da:16:37:a3:06:bb]
RSSI: -83 [da:18:1b:a7:0b:7a]
RSSI: -88 [da:1d:bf:e3:01:7c]
RSSI: -85 [da:18:1b:a7:0b:7a]
RSSI: -79 [da:16:37:b1:06:eb]
RSSI: -89 [da:1d:bf:e3:01:7c]
RSSI: -80 [da:16:37:bf:07:1b]
RSSI: -87 [da:18:1b:c2:0b:ca]
RSSI: -72 [da:16:37:cb:07:3b]
RSSI: -84 [da:18:1b:c2:0b:ca]
RSSI: -82 [da:16:37:cb:07:3b]
RSSI: -80 [da:16:37:d9:07:6b]
RSSI: -90 [da:18:1b:cf:0b:ea]
RSSI: -70 [da:16:37:d9:07:6b]
RSSI: -83 [da:16:37:e7:07:8b]
RSSI: -87 [da:18:1b:dc:0c:1a]
RSSI: -83 [da:16:37:e7:07:8b]
RSSI: -83 [da:16:37:e7:07:8b]
RSSI: -82 [da:16:37:f4:07:ab]
RSSI: -82 [da:16:37:f4:07:ab]
RSSI: -68 [da:16:38:02:07:db]
RSSI: -77 [da:16:38:10:08:0b]
RSSI: -84 [da:16:38:10:08:0b]
RSSI: -73 [da:16:38:1d:08:2b]
RSSI: -70 [da:16:38:2b:08:5b]
RSSI: -71 [da:16:38:2b:08:5b]
RSSI: -74 [da:16:38:39:08:7b]
RSSI: -69 [da:16:38:45:08:ab]
RSSI: -72 [da:16:38:45:08:ab]
RSSI: -76 [da:16:38:53:08:cb]
RSSI: -68 [da:16:38:53:08:cb]
RSSI: -89 [da:1d:c0:93:03:9c]
RSSI: -72 [da:16:38:61:08:fb]
RSSI: -91 [da:1d:c0:93:03:9c]
RSSI: -78 [da:16:38:61:08:fb]
RSSI: -68 [da:16:38:6e:09:1b]
RSSI: -71 [da:16:38:6e:09:1b]
RSSI: -87 [da:1d:c0:a3:03:dc]
RSSI: -69 [da:16:38:7c:09:4b]
RSSI: -80 [da:16:38:8a:09:6b]
RSSI: -71 [da:16:38:97:09:9b]
RSSI: -70 [da:16:38:a5:09:bb]
RSSI: -71 [da:16:38:a5:09:bb]
RSSI: -77 [da:16:38:b3:09:eb]
RSSI: -78 [da:16:38:b3:09:eb]
RSSI: -71 [da:16:38:b3:09:eb]
RSSI: -79 [da:16:38:bf:0a:0b]
RSSI: -74 [da:16:38:cd:0a:3b]
RSSI: -74 [da:16:38:cd:0a:3b]
RSSI: -89 [da:1d:c1:07:05:0c]
RSSI: -81 [da:16:38:db:0a:6b]
RSSI: -76 [da:16:38:db:0a:6b]
RSSI: -89 [da:1d:c1:17:05:4c]
RSSI: -80 [da:16:38:e8:0a:8b]
RSSI: -80 [da:16:38:e8:0a:8b]
RSSI: -74 [da:16:38:f6:0a:bb]
RSSI: -87 [da:1d:c1:33:05:9c]
RSSI: -75 [da:16:39:04:0a:db]
RSSI: -89 [da:1d:c1:43:05:cc]
RSSI: -73 [da:16:39:11:0b:0b]
RSSI: -74 [da:16:39:2d:0b:5b]
RSSI: -94 [da:1d:c1:5f:06:2c]
RSSI: -73 [da:16:39:2d:0b:5b]
RSSI: -88 [da:1d:c1:5f:06:2c]
RSSI: -75 [da:16:39:39:0b:7b]
RSSI: -77 [da:16:39:39:0b:7b]
RSSI: -74 [da:16:39:48:0b:ab]
RSSI: -87 [da:1d:c1:7f:06:8c]
RSSI: -76 [da:16:39:48:0b:ab]
RSSI: -86 [da:1d:c1:7f:06:8c]
RSSI: -78 [da:16:39:56:0b:cb]
RSSI: -75 [da:16:39:56:0b:cb]
RSSI: -84 [da:1d:c1:8b:06:bc]
RSSI: -77 [da:16:39:62:0b:fb]
RSSI: -76 [da:16:39:62:0b:fb]
RSSI: -89 [da:1d:c1:ab:07:1c]
RSSI: -77 [da:16:39:76:0c:2b]
RSSI: -77 [da:16:39:76:0c:2b]
RSSI: -76 [da:16:39:86:0c:5b]
RSSI: -87 [da:1d:c1:b7:07:4c]
RSSI: -79 [da:16:39:86:0c:5b]
RSSI: -81 [da:16:39:93:0c:7b]
RSSI: -78 [da:16:39:93:0c:7b]
RSSI: -88 [da:1d:c1:c7:07:7c]
RSSI: -81 [da:16:39:a1:0c:ab]
RSSI: -88 [da:1d:c1:d7:07:ac]
RSSI: -83 [da:16:39:a1:0c:ab]
RSSI: -78 [da:16:39:af:0c:db]
RSSI: -81 [da:16:39:af:0c:db]
RSSI: -81 [da:16:39:af:0c:db]
RSSI: -77 [da:16:39:bc:0c:fb]
RSSI: -87 [da:1d:c1:f3:08:0c]
RSSI: -91 [da:1d:c1:f3:08:0c]
RSSI: -80 [da:16:39:ca:0d:2b]
RSSI: -86 [da:1d:c2:03:08:3c]
RSSI: -80 [da:16:39:d8:0d:4b]
RSSI: -92 [da:1d:c2:10:08:5c]
RSSI: -79 [da:16:39:e4:0d:7b]
RSSI: -79 [da:16:39:e4:0d:7b]
RSSI: -83 [da:16:39:e4:0d:7b]
RSSI: -85 [da:16:39:f3:0d:9b]
RSSI: -81 [da:16:39:f3:0d:9b]
RSSI: -85 [da:16:3a:01:0d:cb]
RSSI: -85 [da:16:3a:01:0d:cb]
RSSI: -93 [da:1d:c2:3c:08:ec]
RSSI: -82 [da:16:3a:0d:0d:eb]
RSSI: -82 [da:16:3a:0d:0d:eb]
RSSI: -86 [da:16:3a:1b:0e:1b]
RSSI: -87 [da:16:3a:1b:0e:1b]
RSSI: -82 [da:16:3a:29:0e:4b]
RSSI: -82 [da:16:3a:29:0e:4b]
RSSI: -83 [da:16:3a:36:0e:6b]
RSSI: -82 [da:16:3a:52:0e:bb]
RSSI: -79 [da:16:3a:5f:0e:db]
RSSI: -78 [da:16:3a:5f:0e:db]
RSSI: -81 [da:16:3a:6d:0f:0b]
RSSI: -77 [da:16:3a:6d:0f:0b]
RSSI: -77 [da:16:3a:7b:0f:3b]
RSSI: -79 [da:16:3a:7b:0f:3b]
RSSI: -76 [da:16:3a:88:0f:5b]
RSSI: -77 [da:16:3a:88:0f:5b]
RSSI: -77 [da:16:3a:96:0f:8b]
RSSI: -74 [da:16:3a:bf:0f:fb]
RSSI: -74 [da:16:3a:bf:0f:fb]
RSSI: -76 [da:16:3a:cd:10:2b]
RSSI: -72 [da:16:3a:cd:10:2b]
RSSI: -73 [da:16:3a:da:10:4b]
RSSI: -77 [da:16:3a:da:10:4b]
RSSI: -72 [da:16:3a:e8:10:7b]
RSSI: -74 [da:16:3a:e8:10:7b]
RSSI: -73 [da:16:3a:f6:10:ab]
RSSI: -79 [da:16:3b:03:10:cb]
RSSI: -75 [da:16:3b:11:10:fb]
RSSI: -74 [da:16:3b:1f:11:1b]
RSSI: -93 [da:1d:c3:55:0c:6c]
RSSI: -75 [da:16:3b:1f:11:1b]
RSSI: -75 [da:16:3b:2b:11:4b]
RSSI: -74 [da:16:3b:3a:11:6b]
RSSI: -88 [da:1d:c3:71:0c:cc]
RSSI: -74 [da:16:3b:3a:11:6b]
RSSI: -89 [da:1d:c3:71:0c:cc]
RSSI: -73 [da:16:3b:48:11:9b]
RSSI: -75 [da:16:3b:48:11:9b]
RSSI: -90 [da:1d:c3:81:0c:fc]
RSSI: -73 [da:16:3b:55:11:bb]
RSSI: -78 [da:16:3b:63:11:eb]
RSSI: -75 [da:16:3b:7e:12:3b]
RSSI: -86 [da:1d:c3:ad:0d:8c]
RSSI: -77 [da:16:3b:7e:12:3b]
RSSI: -86 [da:1d:c3:bd:0d:cc]
RSSI: -76 [da:16:3b:8c:12:5b]
RSSI: -78 [da:16:3b:9a:12:8b]
RSSI: -81 [da:1d:c3:ca:0d:ec]
RSSI: -85 [da:16:3b:9a:12:8b]
RSSI: -82 [da:1d:c3:da:0e:1c]
RSSI: -77 [da:16:3b:a7:12:ab]
RSSI: -78 [da:1d:c3:da:0e:1c]
RSSI: -79 [da:16:3b:a7:12:ab]
RSSI: -77 [da:1d:c3:da:0e:1c]
RSSI: -78 [da:1d:c3:e9:0e:4c]
RSSI: -77 [da:16:3b:b5:12:db]
RSSI: -80 [da:1d:c3:e9:0e:4c]
RSSI: -81 [da:16:3b:c3:13:0b]
RSSI: -84 [da:16:3b:c3:13:0b]
RSSI: -77 [da:1d:c3:f6:0e:7c]
RSSI: -84 [da:16:3b:c3:13:0b]
RSSI: -77 [da:1d:c4:06:0e:ac]
RSSI: -79 [da:16:3b:de:13:5b]
RSSI: -78 [da:1d:c4:16:0e:dc]
RSSI: -83 [da:16:3b:de:13:5b]
RSSI: -75 [da:1d:c4:16:0e:dc]
RSSI: -79 [da:16:3b:ec:13:7b]
RSSI: -78 [da:16:3b:ec:13:7b]
RSSI: -78 [da:1d:c4:22:0f:0c]
RSSI: -86 [da:16:3b:f9:13:9b]
RSSI: -78 [da:16:3b:f9:13:9b]
RSSI: -78 [da:1d:c4:32:0f:3c]
RSSI: -77 [da:1d:c4:32:0f:3c]
RSSI: -74 [da:1d:c4:42:0f:6c]
RSSI: -86 [da:16:3c:07:13:cb]
RSSI: -74 [da:1d:c4:42:0f:6c]
RSSI: -78 [da:16:3c:15:13:fb]
RSSI: -75 [da:1d:c4:4f:0f:9c]
RSSI: -78 [da:16:3c:22:14:1b]
RSSI: -77 [da:1d:c4:5f:0f:cc]
RSSI: -83 [da:16:3c:30:14:4b]
RSSI: -75 [da:1d:c4:5f:0f:cc]
RSSI: -77 [da:1d:c4:6e:0f:fc]
RSSI: -78 [da:1d:c4:6e:0f:fc]
RSSI: -77 [da:16:3c:3e:14:6b]
RSSI: -77 [da:1d:c4:7b:10:2c]
RSSI: -80 [da:16:3c:4b:14:8b]
RSSI: -78 [da:1d:c4:7b:10:2c]
RSSI: -77 [da:16:3c:4b:14:8b]
RSSI: -78 [da:16:3c:59:14:bb]
RSSI: -78 [da:1d:c4:8b:10:5c]
RSSI: -82 [da:16:3c:59:14:bb]
RSSI: -82 [da:1d:c4:9b:10:8c]
RSSI: -77 [da:16:3c:67:14:eb]
RSSI: -77 [da:16:3c:74:15:0b]
RSSI: -77 [da:16:3c:74:15:0b]
RSSI: -81 [da:16:3c:82:15:3b]
RSSI: -87 [da:1d:c4:b7:10:ec]
RSSI: -78 [da:16:3c:90:15:5b]
RSSI: -78 [da:16:3c:90:15:5b]
RSSI: -77 [da:16:3c:9d:15:7b]
RSSI: -77 [da:16:3c:9d:15:7b]
RSSI: -78 [da:16:3c:9d:15:7b]
RSSI: -80 [da:16:3c:ab:15:ab]
RSSI: -91 [da:1d:c4:e4:11:7c]
RSSI: -76 [da:16:3c:ba:15:db]
RSSI: -86 [da:1d:c4:f4:11:ac]
RSSI: -74 [da:16:3c:c6:15:fb]
RSSI: -74 [da:16:3c:c6:15:fb]
RSSI: -86 [da:1d:c5:00:11:cc]
RSSI: -74 [da:16:3c:c6:15:fb]
RSSI: -85 [da:1d:c5:00:11:cc]
RSSI: -74 [da:16:3c:d4:16:2b]
RSSI: -74 [da:16:3c:e3:16:4b]
RSSI: -74 [da:16:3c:e3:16:4b]
RSSI: -75 [da:16:3c:ef:16:7b]
RSSI: -76 [da:16:3c:ef:16:7b]
RSSI: -76 [da:16:3c:fe:00:2b]
RSSI: -76 [da:16:3c:fe:00:2b]
RSSI: -79 [da:16:3d:0c:00:5b]
RSSI: -76 [da:16:3d:18:00:7b]
RSSI: -79 [da:16:3d:18:00:7b]
RSSI: -75 [da:16:3d:27:00:ab]
RSSI: -76 [da:16:3d:27:00:ab]
RSSI: -77 [da:16:3d:35:00:cb]
RSSI: -76 [da:16:3d:35:00:cb]
RSSI: -77 [da:16:3d:42:00:fb]
RSSI: -77 [da:16:3d:42:00:fb]
RSSI: -78 [da:16:3d:50:01:2b]
RSSI: -78 [da:16:3d:5e:01:4b]
RSSI: -76 [da:16:3d:6b:01:7b]
RSSI: -79 [da:16:3d:6b:01:7b]
RSSI: -78 [da:16:3d:79:01:9b]
RSSI: -77 [da:16:3d:79:01:9b]
RSSI: -76 [da:16:3d:87:01:cb]
RSSI: -76 [da:16:3d:87:01:cb]
RSSI: -74 [da:16:3d:94:01:eb]
RSSI: -93 [da:1d:c5:d2:14:5c]
RSSI: -74 [da:16:3d:94:01:eb]
RSSI: -74 [da:16:3d:a2:02:1b]
RSSI: -73 [da:16:3d:b1:02:4b]
RSSI: -74 [da:16:3d:b1:02:4b]
RSSI: -75 [da:16:3d:bd:02:6b]
RSSI: -77 [da:16:3d:bd:02:6b]
RSSI: -78 [da:16:3d:cc:02:9b]
RSSI: -89 [da:1d:c5:fe:14:ec]
RSSI: -78 [da:16:3d:cc:02:9b]
RSSI: -80 [da:16:3d:da:02:bb]
RSSI: -81 [da:16:3d:da:02:bb]
RSSI: -80 [da:16:3d:e6:02:eb]
RSSI: -83 [da:16:3d:e6:02:eb]
RSSI: -83 [da:16:3d:f5:03:0b]
RSSI: -84 [da:16:3e:03:03:3b]
RSSI: -85 [da:16:3e:03:03:3b]
RSSI: -83 [da:16:3e:10:03:5b]
RSSI: -81 [da:16:3e:1e:03:8b]
RSSI: -79 [da:16:3e:1e:03:8b]
RSSI: -80 [da:16:3e:2c:03:bb]
RSSI: -80 [da:16:3e:2c:03:bb]
RSSI: -78 [da:16:3e:39:03:db]
RSSI: -79 [da:16:3e:39:03:db]
RSSI: -77 [da:16:3e:47:04:0b]
RSSI: -77 [da:16:3e:47:04:0b]
RSSI: -94 [da:18:22:4d:08:3a]
RSSI: -81 [da:16:3e:55:04:2b]
RSSI: -77 [da:16:3e:55:04:2b]
RSSI: -76 [da:16:3e:55:04:2b]
RSSI: -79 [da:16:3e:62:04:5b]
RSSI: -76 [da:16:3e:71:04:7b]
RSSI: -74 [da:16:3e:7f:04:ab]
RSSI: -74 [da:16:3e:7f:04:ab]
RSSI: -76 [da:16:3e:7f:04:ab]
RSSI: -77 [da:16:3e:8b:04:cb]
RSSI: -74 [da:16:3e:8b:04:cb]
RSSI: -75 [da:16:3e:9a:04:fb]
RSSI: -79 [da:16:3e:9a:04:fb]
RSSI: -74 [da:16:3e:a8:05:2b]
RSSI: -76 [da:16:3e:a8:05:2b]
RSSI: -76 [da:16:3e:a8:05:2b]
RSSI: -88 [da:18:22:ac:09:4a]
RSSI: -73 [da:16:3e:b5:05:4b]
RSSI: -88 [da:18:22:b8:09:6a]
RSSI: -79 [da:16:3e:c3:05:7b]
RSSI: -74 [da:16:3e:d1:05:9b]
RSSI: -86 [da:18:22:d4:09:ba]
RSSI: -72 [da:16:3e:de:05:cb]
RSSI: -87 [da:18:22:d4:09:ba]
RSSI: -73 [da:16:3e:de:05:cb]
RSSI: -86 [da:18:22:e1:09:ea]
RSSI: -84 [da:18:22:e1:09:ea]
RSSI: -76 [da:16:3e:ec:05:eb]
RSSI: -85 [da:18:22:e1:09:ea]
RSSI: -71 [da:16:3e:ec:05:eb]
RSSI: -84 [da:18:22:ef:0a:0a]
RSSI: -73 [da:16:3e:fb:06:1b]
RSSI: -84 [da:18:22:ef:0a:0a]
RSSI: -74 [da:16:3e:fb:06:1b]
RSSI: -71 [da:16:3f:07:06:3b]
RSSI: -72 [da:16:3f:07:06:3b]
RSSI: -82 [da:18:23:09:0a:5a]
RSSI: -70 [da:16:3f:16:06:6b]
RSSI: -83 [da:18:23:18:0a:8a]
RSSI: -71 [da:16:3f:24:06:9b]
RSSI: -84 [da:18:23:25:0a:aa]
RSSI: -82 [da:18:23:25:0a:aa]
RSSI: -68 [da:16:3f:31:06:bb]
RSSI: -84 [da:18:23:32:0a:ca]
RSSI: -65 [da:16:3f:3f:06:eb]
RSSI: -66 [da:16:3f:4d:07:0b]
RSSI: -82 [da:18:23:40:0a:fa]
RSSI: -82 [da:18:23:4e:0b:1a]
RSSI: -63 [da:16:3f:5a:07:3b]
RSSI: -64 [da:16:3f:5a:07:3b]
RSSI: -85 [da:18:23:5b:0b:4a]
RSSI: -62 [da:16:3f:69:07:5b]
RSSI: -61 [da:16:3f:69:07:5b]
RSSI: -61 [da:16:3f:77:07:8b]
RSSI: -83 [da:18:23:77:0b:9a]
RSSI: -91 [da:1d:c7:bc:03:dc]
RSSI: -61 [da:16:3f:83:07:ab]
RSSI: -86 [da:18:23:83:0b:ba]
RSSI: -60 [da:16:3f:92:07:db]
RSSI: -60 [da:16:3f:92:07:db]
RSSI: -59 [da:16:3f:a0:08:0b]
RSSI: -59 [da:16:3f:a0:08:0b]
RSSI: -60 [da:16:3f:ad:08:2b]
RSSI: -59 [da:16:3f:ad:08:2b]
RSSI: -87 [da:18:23:ac:0c:2a]
RSSI: -59 [da:16:3f:bb:08:5b]
RSSI: -59 [da:16:3f:bb:08:5b]
RSSI: -59 [da:16:3f:ca:08:7b]
RSSI: -59 [da:16:3f:ca:08:7b]
RSSI: -59 [da:16:3f:d6:08:ab]
RSSI: -91 [da:1d:c8:16:04:fc]
RSSI: -60 [da:16:3f:e5:08:db]
RSSI: -60 [da:16:3f:e5:08:db]
RSSI: -60 [da:16:3f:f3:08:fb]
RSSI: -60 [da:16:40:00:09:2b]
RSSI: -61 [da:16:40:00:09:2b]
RSSI: -61 [da:16:40:00:09:2b]
RSSI: -61 [da:16:40:0e:09:4b]
RSSI: -62 [da:16:40:1d:09:7b]
RSSI: -62 [da:16:40:1d:09:7b]
RSSI: -63 [da:16:40:29:09:9b]
RSSI: -64 [da:16:40:38:09:cb]
RSSI: -65 [da:16:40:38:09:cb]
RSSI: -66 [da:16:40:46:09:fb]
RSSI: -67 [da:16:40:46:09:fb]
RSSI: -67 [da:16:40:46:09:fb]
RSSI: -67 [da:16:40:53:0a:1b]
RSSI: -70 [da:16:40:53:0a:1b]
RSSI: -70 [da:16:40:61:0a:4b]
RSSI: -70 [da:16:40:61:0a:4b]
RSSI: -88 [da:1d:c8:9c:06:9c]
RSSI: -71 [da:16:40:70:0a:7b]
RSSI: -93 [da:1d:c8:a8:06:cc]
RSSI: -72 [da:16:40:7c:0a:9b]
RSSI: -94 [da:1d:c8:c9:07:2c]
RSSI: -69 [da:16:40:99:0a:eb]
RSSI: -92 [da:1d:c8:d5:07:5c]
RSSI: -69 [da:16:40:a6:0b:1b]
RSSI: -70 [da:16:40:a6:0b:1b]
RSSI: -92 [da:1d:c8:e5:07:8c]
RSSI: -69 [da:16:40:b4:0b:3b]
RSSI: -93 [da:1d:c8:e5:07:8c]
RSSI: -70 [da:16:40:b4:0b:3b]
RSSI: -72 [da:16:40:c3:0b:6b]
RSSI: -71 [da:16:40:c3:0b:6b]
RSSI: -91 [da:1d:c8:f5:07:cc]
RSSI: -75 [da:16:40:cf:0b:8b]
RSSI: -74 [da:16:40:de:0b:bb]
RSSI: -89 [da:1d:c9:12:08:1c]
RSSI: -74 [da:16:40:de:0b:bb]
RSSI: -74 [da:16:40:ec:0b:eb]
RSSI: -77 [da:16:40:f9:0c:0b]
RSSI: -74 [da:16:40:f9:0c:0b]
RSSI: -77 [da:16:41:07:0c:3b]
RSSI: -75 [da:16:41:16:0c:6b]
RSSI: -74 [da:16:41:16:0c:6b]
RSSI: -78 [da:16:41:22:0c:8b]
RSSI: -80 [da:16:41:31:0c:bb]
RSSI: -79 [da:16:41:31:0c:bb]
RSSI: -78 [da:16:41:3f:0c:db]
RSSI: -79 [da:16:41:4c:0d:0b]
RSSI: -77 [da:16:41:4c:0d:0b]
RSSI: -78 [da:16:41:5a:0d:2b]
RSSI: -80 [da:16:41:69:0d:5b]
RSSI: -80 [da:16:41:69:0d:5b]
RSSI: -79 [da:16:41:75:0d:7b]
RSSI: -86 [da:16:41:84:0d:ab]
RSSI: -88 [da:16:41:92:0d:db]
RSSI: -86 [da:16:41:92:0d:db]
RSSI: -81 [da:16:41:9f:0d:fb]
RSSI: -85 [da:16:41:9f:0d:fb]
RSSI: -83 [da:16:41:ae:0e:2b]
RSSI: -82 [da:16:41:bc:0e:4b]
RSSI: -83 [da:16:41:bc:0e:4b]
RSSI: -82 [da:16:41:c9:0e:7b]
RSSI: -80 [da:16:41:f2:0e:eb]
RSSI: -81 [da:16:41:f2:0e:eb]
RSSI: -77 [da:16:42:01:0f:1b]
RSSI: -78 [da:16:42:0f:0f:4b]
RSSI: -79 [da:16:42:0f:0f:4b]
RSSI: -78 [da:16:42:1c:0f:6b]
RSSI: -79 [da:16:42:1c:0f:6b]
RSSI: -78 [da:16:42:2b:0f:9b]
RSSI: -80 [da:16:42:2b:0f:9b]
RSSI: -79 [da:16:42:39:0f:cb]
RSSI: -78 [da:16:42:46:0f:eb]
RSSI: -78 [da:16:42:46:0f:eb]
RSSI: -76 [da:16:42:54:10:1b]
RSSI: -76 [da:16:42:54:10:1b]
RSSI: -87 [da:1d:ca:92:0c:ec]
RSSI: -87 [da:1d:ca:92:0c:ec]
RSSI: -75 [da:16:42:63:10:3b]
RSSI: -79 [da:16:42:70:10:6b]
RSSI: -76 [da:16:42:7e:10:8b]
RSSI: -76 [da:16:42:8d:10:bb]
RSSI: -77 [da:16:42:8d:10:bb]
RSSI: -87 [da:1d:ca:cb:0d:ac]
RSSI: -82 [da:16:42:99:10:db]
RSSI: -89 [da:1d:ca:cb:0d:ac]
RSSI: -77 [da:16:42:99:10:db]
RSSI: -83 [da:1d:ca:db:0d:dc]
RSSI: -78 [da:16:42:a8:11:0b]
RSSI: -80 [da:16:42:a8:11:0b]
RSSI: -80 [da:16:42:a8:11:0b]
RSSI: -85 [da:1d:ca:e8:0d:fc]
RSSI: -77 [da:16:42:b6:11:3b]
RSSI: -80 [da:1d:ca:e8:0d:fc]
RSSI: -78 [da:16:42:b6:11:3b]
RSSI: -80 [da:1d:ca:f5:0e:2c]
RSSI: -80 [da:1d:ca:f5:0e:2c]
RSSI: -78 [da:16:42:c3:11:5b]
RSSI: -77 [da:16:42:c3:11:5b]
RSSI: -78 [da:1d:cb:01:0e:4c]
RSSI: -78 [da:16:42:d2:11:8b]
RSSI: -76 [da:16:42:d2:11:8b]
RSSI: -81 [da:1d:cb:0e:0e:7c]
RSSI: -77 [da:1d:cb:0e:0e:7c]
RSSI: -77 [da:16:42:e0:11:ab]
RSSI: -78 [da:1d:cb:1b:0e:ac]
RSSI: -76 [da:16:42:ed:11:db]
RSSI: -77 [da:16:42:ed:11:db]
RSSI: -77 [da:1d:cb:27:0e:cc]
RSSI: -79 [da:1d:cb:34:0e:fc]
RSSI: -76 [da:16:42:fb:11:fb]
RSSI: -76 [da:1d:cb:34:0e:fc]
RSSI: -83 [da:16:43:0a:12:2b]
RSSI: -77 [da:1d:cb:41:0f:1c]
RSSI: -83 [da:16:43:0a:12:2b]
RSSI: -73 [da:1d:cb:4d:0f:4c]
RSSI: -78 [da:1d:cb:5a:0f:6c]
RSSI: -77 [da:16:43:25:12:7b]
RSSI: -77 [da:1d:cb:5a:0f:6c]
RSSI: -75 [da:1d:cb:5a:0f:6c]
RSSI: -79 [da:16:43:25:12:7b]
RSSI: -90 [da:16:43:34:12:ab]
RSSI: -76 [da:1d:cb:67:0f:9c]
RSSI: -77 [da:16:43:34:12:ab]
RSSI: -76 [da:1d:cb:73:0f:bc]
RSSI: -81 [da:16:43:40:12:cb]
RSSI: -83 [da:16:43:4f:12:fb]
RSSI: -77 [da:1d:cb:8d:10:0c]
RSSI: -79 [da:16:43:5d:13:2b]
RSSI: -77 [da:1d:cb:99:10:3c]
RSSI: -81 [da:16:43:6a:13:4b]
RSSI: -79 [da:1d:cb:a6:10:5c]
RSSI: -88 [da:16:43:79:13:7b]
RSSI: -79 [da:16:43:79:13:7b]
RSSI: -80 [da:1d:cb:b3:10:8c]
RSSI: -83 [da:1d:cb:c0:10:ac]
RSSI: -83 [da:1d:cb:c0:10:ac]
RSSI: -81 [da:16:43:94:13:cb]
RSSI: -81 [da:16:43:94:13:cb]
RSSI: -78 [da:16:43:a2:13:fb]
RSSI: -80 [da:16:43:b1:14:1b]
RSSI: -82 [da:16:43:b1:14:1b]
RSSI: -82 [da:16:43:b1:14:1b]
RSSI: -79 [da:16:43:be:14:4b]
RSSI: -81 [da:16:43:be:14:4b]
RSSI: -85 [da:1d:cb:ff:11:7c]
RSSI: -78 [da:16:43:cc:14:6b]
RSSI: -78 [da:16:43:cc:14:6b]
RSSI: -86 [da:1d:cc:0c:11:ac]
RSSI: -79 [da:16:43:db:14:9b]
RSSI: -86 [da:1d:cc:0c:11:ac]
RSSI: -79 [da:16:43:db:14:9b]
RSSI: -87 [da:1d:cc:18:11:cc]
RSSI: -77 [da:16:43:e7:14:bb]
RSSI: -87 [da:1d:cc:25:11:fc]
RSSI: -78 [da:16:43:f6:14:eb]
RSSI: -89 [da:1d:cc:32:12:1c]
RSSI: -80 [da:16:44:05:15:0b]
RSSI: -78 [da:16:44:20:15:5b]
RSSI: -96 [da:18:28:12:02:6a]
RSSI: -77 [da:16:44:20:15:5b]
RSSI: -77 [da:16:44:20:15:5b]
RSSI: -80 [da:16:44:2e:15:8b]
RSSI: -74 [da:16:44:4a:15:db]
RSSI: -74 [da:16:44:58:16:0b]
RSSI: -73 [da:16:44:58:16:0b]
RSSI: -73 [da:16:44:65:16:2b]
RSSI: -74 [da:16:44:65:16:2b]
RSSI: -73 [da:16:44:74:16:5b]
RSSI: -74 [da:16:44:74:16:5b]
RSSI: -74 [da:16:44:82:00:0b]
RSSI: -75 [da:16:44:82:00:0b]
RSSI: -88 [da:1d:cc:be:13:dc]
RSSI: -87 [da:1d:cc:cb:14:0c]
RSSI: -77 [da:16:44:9e:00:2b]
RSSI: -78 [da:16:44:9e:00:2b]
RSSI: -76 [da:16:44:ac:00:5b]
RSSI: -75 [da:16:44:b9:00:7b]
RSSI: -76 [da:16:44:b9:00:7b]
RSSI: -76 [da:16:44:c7:00:ab]
RSSI: -78 [da:16:44:d6:00:db]
RSSI: -79 [da:16:44:f1:01:2b]
RSSI: -80 [da:16:44:f1:01:2b]
RSSI: -78 [da:16:45:00:01:4b]
RSSI: -79 [da:16:45:00:01:4b]
RSSI: -80 [da:16:45:0d:01:7b]
RSSI: -79 [da:16:45:0d:01:7b]
RSSI: -77 [da:16:45:1b:01:9b]
RSSI: -78 [da:16:45:1b:01:9b]
RSSI: -75 [da:16:45:2a:01:cb]
RSSI: -76 [da:16:45:37:01:eb]
RSSI: -75 [da:16:45:45:02:1b]
RSSI: -75 [da:16:45:45:02:1b]
RSSI: -76 [da:16:45:54:02:4b]
RSSI: -77 [da:16:45:54:02:4b]
RSSI: -79 [da:16:45:61:02:6b]
RSSI: -79 [da:16:45:61:02:6b]
RSSI: -83 [da:16:45:6f:02:9b]
RSSI: -82 [da:16:45:7e:02:bb]
RSSI: -83 [da:16:45:7e:02:bb]
RSSI: -84 [da:16:45:7e:02:bb]
RSSI: -84 [da:16:45:8b:02:eb]
RSSI: -84 [da:16:45:8b:02:eb]
RSSI: -86 [da:16:45:99:03:1b]
RSSI: -85 [da:16:45:99:03:1b]
RSSI: -81 [da:16:45:a8:03:3b]
RSSI: -83 [da:16:45:a8:03:3b]
RSSI: -80 [da:16:45:b5:03:6b]
RSSI: -78 [da:16:45:b5:03:6b]
RSSI: -77 [da:16:45:c3:03:8b]
RSSI: -77 [da:16:45:c3:03:8b]
RSSI: -79 [da:16:45:d2:03:bb]
RSSI: -76 [da:16:45:df:03:eb]
RSSI: -77 [da:16:45:df:03:eb]
RSSI: -76 [da:16:45:ed:04:0b]
RSSI: -75 [da:16:45:ed:04:0b]
RSSI: -79 [da:16:45:fc:04:3b]
RSSI: -75 [da:16:45:fc:04:3b]
RSSI: -77 [da:16:46:09:04:5b]
RSSI: -94 [da:1d:ce:3d:02:1c]
RSSI: -75 [da:16:46:17:04:8b]
RSSI: -74 [da:16:46:26:04:bb]
RSSI: -75 [da:16:46:26:04:bb]
RSSI: -79 [da:16:46:33:04:db]
RSSI: -73 [da:16:46:33:04:db]
RSSI: -75 [da:16:46:41:05:0b]
RSSI: -79 [da:16:46:41:05:0b]
RSSI: -79 [da:16:46:41:05:0b]
RSSI: -73 [da:16:46:50:05:3b]
RSSI: -75 [da:16:46:50:05:3b]
RSSI: -72 [da:16:46:5d:05:5b]
RSSI: -72 [da:16:46:5d:05:5b]
RSSI: -77 [da:16:46:6b:05:8b]
RSSI: -72 [da:16:46:6b:05:8b]
RSSI: -74 [da:16:46:7a:05:bb]
RSSI: -74 [da:16:46:7a:05:bb]
RSSI: -72 [da:16:46:87:05:db]
RSSI: -74 [da:16:46:87:05:db]
RSSI: -88 [da:18:2a:8c:09:7a]
RSSI: -89 [da:1d:ce:ca:03:cc]
RSSI: -88 [da:18:2a:8c:09:7a]
RSSI: -71 [da:16:46:96:06:0b]
RSSI: -86 [da:18:2a:98:09:9a]
RSSI: -88 [da:1d:ce:d7:03:fc]
RSSI: -84 [da:18:2a:a7:09:ca]
RSSI: -89 [da:1d:ce:e3:04:1c]
RSSI: -86 [da:18:2a:a7:09:ca]
RSSI: -71 [da:16:46:b1:06:5b]
RSSI: -89 [da:1d:ce:e3:04:1c]
RSSI: -68 [da:16:46:c0:06:8b]
RSSI: -68 [da:16:46:c0:06:8b]
RSSI: -68 [da:16:46:c0:06:8b]
RSSI: -68 [da:16:46:c0:06:8b]
RSSI: -84 [da:18:2a:c2:0a:1a]
RSSI: -69 [da:16:46:ce:06:ab]
RSSI: -66 [da:16:46:ce:06:ab]
RSSI: -89 [da:1d:cf:0a:04:9c]
RSSI: -83 [da:18:2a:d0:0a:3a]
RSSI: -67 [da:16:46:db:06:db]
RSSI: -83 [da:18:2a:df:0a:6a]
RSSI: -82 [da:18:2a:df:0a:6a]
RSSI: -64 [da:16:46:ea:06:fb]
RSSI: -82 [da:18:2a:eb:0a:8a]
RSSI: -62 [da:16:46:f8:07:2b]
RSSI: -83 [da:18:2a:eb:0a:8a]
RSSI: -62 [da:16:46:f8:07:2b]
RSSI: -83 [da:18:2a:fa:0a:ba]
RSSI: -64 [da:16:47:05:07:5b]
RSSI: -81 [da:18:2a:fa:0a:ba]
RSSI: -61 [da:16:47:05:07:5b]
RSSI: -83 [da:18:2b:08:0a:da]
RSSI: -62 [da:16:47:14:07:7b]
RSSI: -90 [da:1d:cf:4a:05:6c]
RSSI: -64 [da:16:47:14:07:7b]
RSSI: -60 [da:16:47:23:07:ab]
RSSI: -83 [da:18:2b:15:0b:0a]
RSSI: -61 [da:16:47:23:07:ab]
RSSI: -82 [da:18:2b:23:0b:2a]
RSSI: -85 [da:18:2b:32:0b:5a]
RSSI: -60 [da:16:47:2f:07:db]
RSSI: -60 [da:16:47:47:08:1b]
RSSI: -83 [da:18:2b:3e:0b:7a]
RSSI: -60 [da:16:47:47:08:1b]
RSSI: -84 [da:18:2b:4d:0b:aa]
RSSI: -60 [da:16:47:53:08:3b]
RSSI: -86 [da:18:2b:4d:0b:aa]
RSSI: -86 [da:18:2b:5b:0b:ca]
RSSI: -63 [da:16:47:63:08:6b]
RSSI: -91 [da:1d:cf:97:06:5c]
RSSI: -60 [da:16:47:63:08:6b]
RSSI: -85 [da:18:2b:68:0b:fa]
RSSI: -88 [da:1d:cf:a4:06:8c]
RSSI: -61 [da:16:47:73:08:9b]
RSSI: -60 [da:16:47:80:08:cb]
RSSI: -61 [da:16:47:80:08:cb]
RSSI: -88 [da:1d:cf:bd:06:dc]
RSSI: -61 [da:16:47:90:08:fb]
RSSI: -90 [da:1d:cf:ca:07:0c]
RSSI: -62 [da:16:47:90:08:fb]
RSSI: -64 [da:16:47:a0:09:2b]
RSSI: -90 [da:18:2b:a0:0c:9a]
RSSI: -63 [da:16:47:ad:09:4b]
RSSI: -64 [da:16:47:ad:09:4b]
RSSI: -64 [da:16:47:ad:09:4b]
RSSI: -64 [da:16:47:bd:09:7b]
RSSI: -65 [da:16:47:cd:09:ab]
RSSI: -66 [da:16:47:cd:09:ab]
RSSI: -90 [da:1d:d0:0b:07:cc]
RSSI: -67 [da:16:47:da:09:cb]
RSSI: -70 [da:16:47:ea:09:fb]
RSSI: -71 [da:16:47:fa:0a:2b]
RSSI: -89 [da:1d:d0:31:08:4c]
RSSI: -71 [da:16:48:06:0a:5b]
RSSI: -72 [da:16:48:17:0a:8b]
RSSI: -72 [da:16:48:23:0a:ab]
RSSI: -71 [da:16:48:23:0a:ab]
RSSI: -69 [da:16:48:33:0a:db]
RSSI: -72 [da:16:48:40:0a:fb]
RSSI: -70 [da:16:48:40:0a:fb]
RSSI: -74 [da:16:48:4f:0b:2b]
RSSI: -72 [da:16:48:5e:0b:5b]
RSSI: -73 [da:16:48:6a:0b:7b]
RSSI: -78 [da:16:48:79:0b:ab]
RSSI: -77 [da:16:48:79:0b:ab]
RSSI: -73 [da:16:48:79:0b:ab]
RSSI: -74 [da:16:48:79:0b:ab]
RSSI: -74 [da:16:48:88:0b:db]
RSSI: -77 [da:16:48:88:0b:db]
RSSI: -76 [da:16:48:95:0b:fb]
RSSI: -74 [da:16:48:95:0b:fb]
RSSI: -75 [da:16:48:a3:0c:2b]
RSSI: -78 [da:16:48:b2:0c:5b]
RSSI: -79 [da:16:48:b2:0c:5b]
RSSI: -76 [da:16:48:bf:0c:7b]
RSSI: -80 [da:16:48:bf:0c:7b]
RSSI: -78 [da:16:48:ce:0c:ab]
RSSI: -77 [da:16:48:ce:0c:ab]
RSSI: -79 [da:16:48:dd:0c:cb]
RSSI: -78 [da:16:48:e9:0c:fb]
RSSI: -77 [da:16:48:f8:0d:2b]
RSSI: -80 [da:16:48:f8:0d:2b]
RSSI: -82 [da:16:49:07:0d:4b]
RSSI: -85 [da:16:49:13:0d:7b]
RSSI: -83 [da:16:49:13:0d:7b]
RSSI: -80 [da:16:49:31:0d:cb]
RSSI: -82 [da:16:49:3e:0d:fb]
RSSI: -82 [da:16:49:4d:0e:1b]
RSSI: -82 [da:16:49:4d:0e:1b]
RSSI: -92 [da:1d:d1:9a:0c:dc]
RSSI: -84 [da:16:49:68:0e:7b]
RSSI: -80 [da:16:49:77:0e:9b]
RSSI: -78 [da:16:49:86:0e:cb]
RSSI: -78 [da:16:49:86:0e:cb]
RSSI: -78 [da:16:49:93:0e:eb]
RSSI: -90 [da:1d:d1:cd:0d:7c]
RSSI: -76 [da:16:49:93:0e:eb]
