:28:97:65:0a:7c]
RSSI: -52 [da:28:97:65:0a:7c]
RSSI: -53 [da:28:97:72:0a:ac]
RSSI: -58 [da:28:97:72:0a:ac]
RSSI: -55 [da:28:97:7f:0a:cc]
RSSI: -54 [da:28:97:7f:0a:cc]
RSSI: -54 [da:28:97:7f:0a:cc]
RSSI: -62 [da:28:97:8c:0a:fc]
RSSI: -57 [da:28:97:8c:0a:fc]
RSSI: -54 [da:28:97:98:0b:1c]
RSSI: -64 [da:28:97:98:0b:1c]
RSSI: -58 [da:28:97:a5:0b:4c]
RSSI: -55 [da:28:97:a5:0b:4c]
RSSI: -55 [da:28:97:a5:0b:4c]
RSSI: -58 [da:28:97:b2:0b:6c]
RSSI: -57 [da:28:97:b2:0b:6c]
RSSI: -53 [da:28:97:bf:0b:9c]
RSSI: -53 [da:28:97:bf:0b:9c]
RSSI: -54 [da:28:97:cc:0b:cc]
RSSI: -53 [da:28:97:cc:0b:cc]
RSSI: -51 [da:28:97:cc:0b:cc]
RSSI: -50 [da:28:97:cc:0b:cc]
RSSI: -48 [da:28:97:d9:0b:ec]
RSSI: -50 [da:28:97:d9:0b:ec]
RSSI: -48 [da:28:97:e5:0c:1c]
RSSI: -47 [da:28:97:e5:0c:1c]
RSSI: -47 [da:28:97:f2:0c:3c]
RSSI: -47 [da:28:97:f2:0c:3c]
RSSI: -46 [da:28:97:f2:0c:3c]
RSSI: -46 [da:28:97:f2:0c:3c]
RSSI: -45 [da:28:97:ff:0c:6c]
RSSI: -45 [da:28:97:ff:0c:6c]
RSSI: -44 [da:28:98:0c:0c:8c]
RSSI: -46 [da:28:98:0c:0c:8c]
RSSI: -45 [da:28:98:18:0c:bc]
RSSI: -44 [da:28:98:18:0c:bc]
RSSI: -44 [da:28:98:18:0c:bc]
RSSI: -47 [da:28:98:25:0c:dc]
RSSI: -46 [da:28:98:25:0c:dc]
RSSI: -46 [da:28:98:32:0d:0c]
RSSI: -52 [da:28:98:32:0d:0c]
RSSI: -48 [da:28:98:3f:0d:3c]
RSSI: -48 [da:28:98:3f:0d:3c]
RSSI: -49 [da:28:98:3f:0d:3c]
RSSI: -50 [da:28:98:3f:0d:3c]
RSSI: -64 [da:28:98:4c:0d:5c]
RSSI: -53 [da:28:98:4c:0d:5c]
RSSI: -55 [da:28:98:58:0d:8c]
RSSI: -95 [da:25:fd:99:06:7e]
RSSI: -61 [da:28:98:58:0d:8c]
RSSI: -55 [da:28:98:65:0d:ac]
RSSI: -55 [da:28:98:65:0d:ac]
RSSI: -55 [da:28:98:65:0d:ac]
RSSI: -93 [da:25:fd:a8:06:ae]
RSSI: -54 [da:28:98:65:0d:ac]
RSSI: -54 [da:28:98:72:0d:dc]
RSSI: -89 [da:25:fd:b5:06:ce]
RSSI: -52 [da:28:98:72:0d:dc]
RSSI: -93 [da:25:fd:b5:06:ce]
RSSI: -51 [da:28:98:7f:0d:fc]
RSSI: -53 [da:28:98:7f:0d:fc]
RSSI: -96 [da:25:fd:c4:06:fe]
RSSI: -51 [da:28:98:8c:0e:2c]
RSSI: -90 [da:25:fd:c4:06:fe]
RSSI: -51 [da:28:98:8c:0e:2c]
RSSI: -50 [da:28:98:8c:0e:2c]
RSSI: -92 [da:25:fd:d3:07:2e]
RSSI: -51 [da:28:98:8c:0e:2c]
RSSI: -55 [da:28:98:99:0e:4c]
RSSI: -52 [da:28:98:99:0e:4c]
RSSI: -90 [da:25:fd:df:07:4e]
RSSI: -53 [da:28:98:a5:0e:7c]
RSSI: -59 [da:28:98:a5:0e:7c]
RSSI: -55 [da:28:98:b2:0e:ac]
RSSI: -55 [da:28:98:b2:0e:ac]
RSSI: -91 [da:25:fd:ef:07:7e]
RSSI: -56 [da:28:98:b2:0e:ac]
RSSI: -62 [da:28:98:bf:0e:cc]
RSSI: -55 [da:28:98:bf:0e:cc]
RSSI: -54 [da:28:98:cc:0e:fc]
RSSI: -56 [da:28:98:cc:0e:fc]
RSSI: -54 [da:28:98:d9:0f:1c]
RSSI: -86 [da:25:fe:19:07:fe]
RSSI: -53 [da:28:98:d9:0f:1c]
RSSI: -53 [da:28:98:d9:0f:1c]
RSSI: -55 [da:28:98:e6:0f:4c]
RSSI: -87 [da:25:fe:28:08:2e]
RSSI: -54 [da:28:98:e6:0f:4c]
RSSI: -54 [da:28:98:f2:0f:6c]
RSSI: -89 [da:25:fe:35:08:4e]
RSSI: -59 [da:28:98:f2:0f:6c]
RSSI: -88 [da:25:fe:35:08:4e]
RSSI: -86 [da:25:fe:35:08:4e]
RSSI: -58 [da:28:98:ff:0f:9c]
RSSI: -59 [da:28:98:ff:0f:9c]
RSSI: -66 [da:28:99:0c:0f:cc]
RSSI: -88 [da:25:fe:53:08:ae]
RSSI: -64 [da:28:99:0c:0f:cc]
RSSI: -92 [da:25:fe:53:08:ae]
RSSI: -62 [da:28:99:19:0f:ec]
RSSI: -92 [da:25:fe:53:08:ae]
RSSI: -59 [da:28:99:19:0f:ec]
RSSI: -61 [da:28:99:26:10:1c]
RSSI: -86 [da:25:fe:60:08:ce]
RSSI: -59 [da:28:99:26:10:1c]
RSSI: -90 [da:25:fe:6f:08:fe]
RSSI: -58 [da:28:99:33:10:3c]
RSSI: -83 [da:25:fe:6f:08:fe]
RSSI: -60 [da:28:99:33:10:3c]
RSSI: -59 [da:28:99:3f:10:6c]
RSSI: -85 [da:25:fe:7e:09:1e]
RSSI: -59 [da:28:99:3f:10:6c]
RSSI: -65 [da:28:99:4c:10:8c]
RSSI: -65 [da:28:99:4c:10:8c]
RSSI: -64 [da:28:99:59:10:bc]
RSSI: -81 [da:28:99:66:10:dc]
RSSI: -79 [da:25:fe:a9:09:9e]
RSSI: -68 [da:28:99:66:10:dc]
RSSI: -93 [da:22:f5:a2:02:ea]
RSSI: -66 [da:28:99:73:11:0c]
RSSI: -67 [da:28:99:73:11:0c]
RSSI: -78 [da:25:fe:b5:09:be]
RSSI: -67 [da:28:99:80:11:3c]
RSSI: -94 [da:22:f5:b1:03:1a]
RSSI: -76 [da:25:fe:c5:09:ee]
RSSI: -66 [da:28:99:80:11:3c]
RSSI: -77 [da:25:fe:c5:09:ee]
RSSI: -68 [da:28:99:8c:11:5c]
RSSI: -74 [da:28:99:8c:11:5c]
RSSI: -75 [da:25:fe:d4:0a:1e]
RSSI: -69 [da:28:99:99:11:8c]
RSSI: -76 [da:25:fe:d4:0a:1e]
RSSI: -70 [da:28:99:99:11:8c]
RSSI: -97 [da:22:f5:cc:03:5a]
RSSI: -76 [da:25:fe:e0:0a:3e]
RSSI: -68 [da:28:99:a6:11:ac]
RSSI: -93 [da:22:f5:da:03:8a]
RSSI: -67 [da:28:99:a6:11:ac]
RSSI: -65 [da:28:99:b3:11:dc]
RSSI: -76 [da:25:fe:ef:0a:6e]
RSSI: -76 [da:25:fe:ef:0a:6e]
RSSI: -61 [da:28:99:b3:11:dc]
RSSI: -63 [da:28:99:c0:11:fc]
RSSI: -74 [da:25:fe:ff:0a:9e]
RSSI: -92 [da:22:f5:f5:03:da]
RSSI: -61 [da:28:99:c0:11:fc]
RSSI: -76 [da:25:fe:ff:0a:9e]
RSSI: -92 [da:22:f5:f5:03:da]
RSSI: -60 [da:28:99:cd:12:2c]
RSSI: -61 [da:28:99:cd:12:2c]
RSSI: -74 [da:25:ff:0b:0a:be]
RSSI: -60 [da:28:99:cd:12:2c]
RSSI: -90 [da:22:f6:03:03:fa]
RSSI: -59 [da:28:99:d9:12:4c]
RSSI: -91 [da:22:f6:03:03:fa]
RSSI: -60 [da:28:99:e6:12:7c]
RSSI: -91 [da:22:f6:11:04:2a]
RSSI: -75 [da:25:ff:29:0b:0e]
RSSI: -59 [da:28:99:e6:12:7c]
RSSI: -90 [da:22:f6:1e:04:4a]
RSSI: -91 [da:22:f6:1e:04:4a]
RSSI: -61 [da:28:99:f3:12:9c]
RSSI: -75 [da:25:ff:36:0b:3e]
RSSI: -62 [da:28:99:f3:12:9c]
RSSI: -89 [da:22:f6:2c:04:7a]
RSSI: -76 [da:25:ff:36:0b:3e]
RSSI: -63 [da:28:9a:00:12:bc]
RSSI: -60 [da:28:9a:00:12:bc]
RSSI: -75 [da:25:ff:45:0b:5e]
RSSI: -67 [da:28:9a:0d:12:ec]
RSSI: -72 [da:28:9a:0d:12:ec]
RSSI: -77 [da:25:ff:54:0b:8e]
RSSI: -76 [da:25:ff:54:0b:8e]
RSSI: -74 [da:28:9a:1a:13:0c]
RSSI: -77 [da:25:ff:61:0b:be]
RSSI: -64 [da:28:9a:27:13:3c]
RSSI: -54 [da:28:9a:27:13:3c]
RSSI: -76 [da:25:ff:70:0b:de]
RSSI: -67 [da:28:9a:34:13:5c]
RSSI: -77 [da:25:ff:70:0b:de]
RSSI: -59 [da:28:9a:34:13:5c]
RSSI: -79 [da:25:ff:70:0b:de]
RSSI: -78 [da:25:ff:7f:0c:0e]
RSSI: -87 [da:22:f6:70:05:3a]
RSSI: -64 [da:28:9a:41:13:8c]
RSSI: -78 [da:25:ff:7f:0c:0e]
RSSI: -87 [da:22:f6:70:05:3a]
RSSI: -55 [da:28:9a:4d:13:ac]
RSSI: -80 [da:25:ff:8c:0c:2e]
RSSI: -56 [da:28:9a:4d:13:ac]
RSSI: -63 [da:28:9a:5a:13:dc]
RSSI: -85 [da:22:f6:8d:05:8a]
RSSI: -84 [da:22:f6:9a:05:aa]
RSSI: -83 [da:22:f6:9a:05:aa]
RSSI: -84 [da:22:f6:9a:05:aa]
RSSI: -87 [da:25:ff:aa:0c:8e]
RSSI: -63 [da:28:9a:74:14:2c]
RSSI: -84 [da:22:f6:a8:05:da]
RSSI: -86 [da:25:ff:b7:0c:ae]
RSSI: -82 [da:22:f6:a8:05:da]
RSSI: -87 [da:25:ff:b7:0c:ae]
RSSI: -67 [da:28:9a:81:14:4c]
RSSI: -65 [da:28:9a:81:14:4c]
RSSI: -87 [da:25:ff:c6:0c:de]
RSSI: -80 [da:22:f6:c3:06:2a]
RSSI: -72 [da:28:9a:8e:14:7c]
RSSI: -87 [da:25:ff:d5:0c:fe]
RSSI: -81 [da:22:f6:c3:06:2a]
RSSI: -87 [da:25:ff:d5:0c:fe]
RSSI: -80 [da:22:f6:c3:06:2a]
RSSI: -94 [da:21:12:d1:00:fb]
RSSI: -70 [da:28:9a:9b:14:ac]
RSSI: -95 [da:21:12:d1:00:fb]
RSSI: -80 [da:22:f6:d1:06:4a]
RSSI: -86 [da:25:ff:e2:0d:2e]
RSSI: -71 [da:28:9a:a8:14:cc]
RSSI: -86 [da:25:ff:e2:0d:2e]
RSSI: -71 [da:28:9a:a8:14:cc]
RSSI: -94 [da:21:12:de:01:1b]
RSSI: -82 [da:22:f6:df:06:7a]
RSSI: -85 [da:25:ff:f1:0d:5e]
RSSI: -68 [da:28:9a:b5:14:fc]
RSSI: -85 [da:25:ff:f1:0d:5e]
RSSI: -81 [da:22:f6:ec:06:9a]
RSSI: -86 [da:26:00:00:0d:7e]
RSSI: -62 [da:28:9a:c1:15:1c]
RSSI: -86 [da:26:00:00:0d:7e]
RSSI: -93 [da:21:12:fa:01:6b]
RSSI: -79 [da:22:f6:fa:06:ca]
RSSI: -65 [da:28:9a:ce:15:4c]
RSSI: -81 [da:22:f6:fa:06:ca]
RSSI: -65 [da:28:9a:ce:15:4c]
RSSI: -80 [da:22:f7:09:06:ea]
RSSI: -81 [da:22:f7:09:06:ea]
RSSI: -65 [da:28:9a:db:15:6c]
RSSI: -80 [da:22:f7:15:07:0a]
RSSI: -90 [da:26:00:1c:0d:ce]
RSSI: -81 [da:22:f7:15:07:0a]
RSSI: -64 [da:28:9a:e8:15:9c]
RSSI: -87 [da:26:00:2b:0d:fe]
RSSI: -79 [da:22:f7:24:07:3a]
RSSI: -66 [da:28:9a:f5:15:bc]
RSSI: -80 [da:22:f7:24:07:3a]
RSSI: -91 [da:26:00:38:0e:1e]
RSSI: -90 [da:21:13:30:02:0b]
RSSI: -88 [da:26:00:38:0e:1e]
RSSI: -82 [da:22:f7:32:07:6a]
RSSI: -79 [da:22:f7:32:07:6a]
RSSI: -65 [da:28:9b:02:15:ec]
RSSI: -79 [da:22:f7:32:07:6a]
RSSI: -89 [da:21:13:3e:02:3b]
RSSI: -91 [da:26:00:47:0e:4e]
RSSI: -87 [da:21:13:3e:02:3b]
RSSI: -69 [da:28:9b:0f:16:0c]
RSSI: -89 [da:21:13:4c:02:5b]
RSSI: -86 [da:26:00:56:0e:7e]
RSSI: -69 [da:28:9b:1c:16:3c]
RSSI: -81 [da:22:f7:4d:07:aa]
RSSI: -87 [da:21:13:4c:02:5b]
RSSI: -89 [da:26:00:63:0e:9e]
RSSI: -80 [da:22:f7:5b:07:da]
RSSI: -86 [da:26:00:63:0e:9e]
RSSI: -68 [da:28:9b:29:16:6c]
RSSI: -80 [da:22:f7:5b:07:da]
RSSI: -82 [da:22:f7:5b:07:da]
RSSI: -90 [da:26:00:72:0e:ce]
RSSI: -90 [da:26:00:72:0e:ce]
RSSI: -84 [da:22:f7:68:07:fa]
RSSI: -69 [da:28:9b:35:00:0c]
RSSI: -81 [da:22:f7:68:07:fa]
RSSI: -86 [da:26:00:81:0e:fe]
RSSI: -74 [da:28:9b:43:00:2c]
RSSI: -84 [da:22:f7:76:08:2a]
RSSI: -85 [da:21:13:75:02:db]
RSSI: -85 [da:22:f7:76:08:2a]
RSSI: -74 [da:28:9b:50:00:5c]
RSSI: RSSI: -53 [da:29:bd:1e:0e:5c]
RSSI: -53 [da:29:bd:1e:0e:5c]
RSSI: -52 [da:29:bd:1e:0e:5c]
RSSI: -51 [da:29:bd:2c:0e:7c]
RSSI: -54 [da:29:bd:2c:0e:7c]
RSSI: -54 [da:29:bd:2c:0e:7c]
RSSI: -52 [da:29:bd:3a:0e:ac]
RSSI: -52 [da:29:bd:3a:0e:ac]
RSSI: -54 [da:29:bd:46:0e:dc]
RSSI: -53 [da:29:bd:46:0e:dc]
RSSI: -56 [da:29:bd:54:0e:fc]
RSSI: -55 [da:29:bd:62:0f:2c]
RSSI: -57 [da:29:bd:6e:0f:5c]
RSSI: -61 [da:29:bd:7c:0f:7c]
RSSI: -61 [da:29:bd:7c:0f:7c]
RSSI: -63 [da:29:bd:8a:0f:ac]
RSSI: -64 [da:29:bd:8a:0f:ac]
RSSI: -68 [da:29:bd:97:0f:cc]
RSSI: -69 [da:29:bd:97:0f:cc]
RSSI: -75 [da:29:bd:97:0f:cc]
RSSI: -79 [da:29:bd:a5:0f:fc]
RSSI: -89 [da:22:35:e0:0d:0b]
RSSI: -83 [da:29:bd:a5:0f:fc]
RSSI: -79 [da:29:bd:a5:0f:fc]
RSSI: -68 [da:29:bd:b2:10:2c]
RSSI: -73 [da:29:bd:b2:10:2c]
RSSI: -67 [da:29:bd:bf:10:4c]
RSSI: -93 [da:22:35:fc:0d:5b]
RSSI: -64 [da:29:bd:bf:10:4c]
RSSI: -67 [da:29:bd:db:10:ac]
RSSI: -67 [da:29:bd:e7:10:cc]
RSSI: -70 [da:29:bd:f5:10:fc]
RSSI: -75 [da:29:be:03:11:2c]
RSSI: -76 [da:29:be:03:11:2c]
RSSI: -77 [da:29:be:0f:11:5c]
RSSI: -86 [da:29:be:1d:11:7c]
RSSI: -72 [da:29:be:1d:11:7c]
RSSI: -80 [da:29:be:2b:11:ac]
RSSI: -79 [da:29:be:2b:11:ac]
RSSI: -94 [da:27:23:74:07:2e]
RSSI: -74 [da:29:be:38:11:dc]
RSSI: -77 [da:29:be:38:11:dc]
RSSI: -78 [da:29:be:46:11:fc]
RSSI: -83 [da:29:be:46:11:fc]
RSSI: -78 [da:29:be:53:12:2c]
RSSI: -79 [da:29:be:53:12:2c]
RSSI: -83 [da:29:be:60:12:5c]
RSSI: -88 [da:29:be:6e:12:7c]
RSSI: -78 [da:29:be:7c:12:ac]
RSSI: -77 [da:29:be:7c:12:ac]
RSSI: -77 [da:29:be:88:12:dc]
RSSI: -87 [da:27:23:cd:08:2e]
RSSI: -75 [da:29:be:88:12:dc]
RSSI: -75 [da:29:be:96:12:fc]
RSSI: -77 [da:29:be:96:12:fc]
RSSI: -86 [da:27:23:ea:08:7e]
RSSI: -77 [da:29:be:a4:13:2c]
RSSI: -88 [da:27:23:fa:08:ae]
RSSI: -86 [da:29:be:b1:13:4c]
RSSI: -82 [da:29:be:b1:13:4c]
RSSI: -87 [da:27:24:0a:08:de]
RSSI: -80 [da:29:be:bf:13:7c]
RSSI: -76 [da:29:be:cc:13:ac]
RSSI: -77 [da:29:be:d9:13:cc]
RSSI: -78 [da:29:be:d9:13:cc]
RSSI: -81 [da:29:be:e7:13:fc]
RSSI: -85 [da:27:24:36:09:5e]
RSSI: -76 [da:29:be:f5:14:2c]
RSSI: -83 [da:27:24:43:09:7e]
RSSI: -78 [da:29:bf:01:14:4c]
RSSI: -82 [da:27:24:53:09:ae]
RSSI: -81 [da:27:24:53:09:ae]
RSSI: -79 [da:29:bf:0f:14:7c]
RSSI: -88 [da:22:37:4f:11:4b]
RSSI: -83 [da:29:bf:0f:14:7c]
RSSI: -80 [da:27:24:63:09:de]
RSSI: -78 [da:29:bf:1d:14:ac]
RSSI: -78 [da:29:bf:1d:14:ac]
RSSI: -79 [da:27:24:6f:0a:0e]
RSSI: -82 [da:29:bf:2a:14:cc]
RSSI: -79 [da:27:24:6f:0a:0e]
RSSI: -76 [da:29:bf:2a:14:cc]
RSSI: -83 [da:29:bf:38:14:fc]
RSSI: -77 [da:27:24:7f:0a:3e]
RSSI: -80 [da:29:bf:38:14:fc]
RSSI: -78 [da:27:24:7f:0a:3e]
RSSI: -80 [da:29:bf:38:14:fc]
RSSI: -76 [da:27:24:8f:0a:5e]
RSSI: -76 [da:27:24:8f:0a:5e]
RSSI: -81 [da:29:bf:46:15:2c]
RSSI: -89 [da:22:37:88:11:eb]
RSSI: -90 [da:22:37:97:12:1b]
RSSI: -79 [da:29:bf:60:15:7c]
RSSI: -75 [da:27:24:ac:0a:be]
RSSI: -75 [da:29:bf:60:15:7c]
RSSI: -75 [da:27:24:bc:0a:de]
RSSI: -75 [da:29:bf:6e:15:9c]
RSSI: -75 [da:27:24:bc:0a:de]
RSSI: -73 [da:29:bf:7b:15:cc]
RSSI: -75 [da:27:24:c8:0b:0e]
RSSI: -73 [da:29:bf:89:15:fc]
RSSI: -74 [da:27:24:d8:0b:3e]
RSSI: -78 [da:29:bf:97:16:1c]
RSSI: -76 [da:29:bf:97:16:1c]
RSSI: -74 [da:27:24:e8:0b:5e]
RSSI: -70 [da:29:bf:a3:16:4c]
RSSI: -82 [da:29:bf:a3:16:4c]
RSSI: -75 [da:27:24:f5:0b:8e]
RSSI: -74 [da:27:24:f5:0b:8e]
RSSI: -67 [da:29:bf:b1:16:6c]
RSSI: -75 [da:29:bf:bf:00:0c]
RSSI: -74 [da:27:25:05:0b:be]
RSSI: -75 [da:29:bf:bf:00:0c]
RSSI: -75 [da:27:25:05:0b:be]
RSSI: -68 [da:29:bf:bf:00:0c]
RSSI: -75 [da:27:25:15:0b:de]
RSSI: -67 [da:29:bf:cc:00:2c]
RSSI: -73 [da:29:bf:cc:00:2c]
RSSI: -73 [da:29:bf:cc:00:2c]
RSSI: -74 [da:27:25:21:0c:0e]
RSSI: -70 [da:29:bf:da:00:5c]
RSSI: -76 [da:27:25:21:0c:0e]
RSSI: -71 [da:29:bf:da:00:5c]
RSSI: -73 [da:29:bf:e7:00:7c]
RSSI: -76 [da:27:25:32:0c:3e]
RSSI: -72 [da:29:bf:e7:00:7c]
RSSI: -86 [da:22:38:41:14:1b]
RSSI: -78 [da:27:25:4e:0c:8e]
RSSI: -84 [da:29:c0:10:00:fc]
RSSI: -80 [da:27:25:5e:0c:be]
RSSI: -79 [da:29:c0:1d:01:2c]
RSSI: -83 [da:29:c0:1d:01:2c]
RSSI: -75 [da:29:c0:2b:01:5c]
RSSI: -90 [da:22:38:6c:14:9b]
RSSI: -82 [da:27:25:7b:0d:0e]
RSSI: -81 [da:29:c0:2b:01:5c]
RSSI: -84 [da:27:25:7b:0d:0e]
RSSI: -84 [da:29:c0:38:01:7c]
RSSI: -86 [da:27:25:7b:0d:0e]
RSSI: -76 [da:29:c0:38:01:7c]
RSSI: -83 [da:29:c0:45:01:ac]
RSSI: -86 [da:27:25:a7:0d:8e]
RSSI: -76 [da:29:c0:61:01:fc]
RSSI: -73 [da:29:c0:61:01:fc]
RSSI: -84 [da:27:25:a7:0d:8e]
RSSI: -73 [da:29:c0:61:01:fc]
RSSI: -72 [da:29:c0:6e:02:2c]
RSSI: -84 [da:27:25:b7:0d:be]
RSSI: -73 [da:29:c0:7c:02:5c]
RSSI: -83 [da:27:25:c7:0d:ee]
RSSI: -68 [da:29:c0:96:02:ac]
RSSI: -85 [da:27:25:e4:0e:3e]
RSSI: -71 [da:29:c0:a4:02:dc]
RSSI: -71 [da:29:c0:a4:02:dc]
RSSI: -85 [da:27:25:f4:0e:6e]
RSSI: -69 [da:29:c0:a4:02:dc]
RSSI: -73 [da:29:c0:b2:02:fc]
RSSI: -72 [da:29:c0:b2:02:fc]
RSSI: -71 [da:29:c0:bf:03:2c]
RSSI: -85 [da:27:26:01:0e:8e]
RSSI: -77 [da:29:c0:bf:03:2c]
RSSI: -74 [da:29:c0:cd:03:5c]
RSSI: -73 [da:29:c0:cd:03:5c]
RSSI: -82 [da:27:26:21:0e:ee]
RSSI: -77 [da:29:c0:db:03:7c]
RSSI: -85 [da:27:26:2e:0f:1e]
RSSI: -94 [da:22:39:32:00:5b]
RSSI: -81 [da:29:c0:f5:03:dc]
RSSI: -87 [da:27:26:4e:0f:6e]
RSSI: -82 [da:29:c1:10:04:2c]
RSSI: -85 [da:27:26:5a:0f:9e]
RSSI: -85 [da:29:c1:10:04:2c]
RSSI: -87 [da:27:26:5a:0f:9e]
RSSI: -83 [da:29:c1:1e:04:4c]
RSSI: -80 [da:29:c1:1e:04:4c]
RSSI: -84 [da:27:26:6a:0f:ce]
RSSI: -81 [da:29:c1:2c:04:7c]
RSSI: -81 [da:29:c1:2c:04:7c]
RSSI: -85 [da:27:26:7a:0f:fe]
RSSI: -80 [da:29:c1:2c:04:7c]
RSSI: -85 [da:27:26:7a:0f:fe]
RSSI: -86 [da:27:26:87:10:1e]
RSSI: -86 [da:27:26:87:10:1e]
RSSI: -78 [da:29:c1:47:04:cc]
RSSI: -77 [da:29:c1:54:04:fc]
RSSI: -86 [da:24:1d:99:06:9a]
RSSI: -89 [da:27:26:a7:10:7e]
RSSI: -82 [da:29:c1:61:05:2c]
RSSI: -87 [da:24:1d:a6:06:ba]
RSSI: -82 [da:29:c1:6f:05:4c]
RSSI: -89 [da:27:26:b4:10:9e]
RSSI: -82 [da:29:c1:6f:05:4c]
RSSI: -83 [da:24:1d:b5:06:ea]
RSSI: -87 [da:27:26:c4:10:ce]
RSSI: -85 [da:24:1d:b5:06:ea]
RSSI: -84 [da:29:c1:7d:05:7c]
RSSI: -87 [da:27:26:c4:10:ce]
RSSI: -82 [da:24:1d:c4:07:1a]
RSSI: -89 [da:27:26:d4:10:fe]
RSSI: -84 [da:24:1d:c4:07:1a]
RSSI: -82 [da:29:c1:8a:05:ac]
RSSI: -88 [da:22:39:ce:02:1b]
RSSI: -81 [da:24:1d:d1:07:3a]
RSSI: -79 [da:29:c1:98:05:dc]
RSSI: -83 [da:22:39:dd:02:4b]
RSSI: -90 [da:27:26:e0:11:1e]
RSSI: -83 [da:29:c1:98:05:dc]
RSSI: -81 [da:24:1d:e0:07:6a]
RSSI: -84 [da:22:39:dd:02:4b]
RSSI: -83 [da:29:c1:a6:05:fc]
RSSI: -88 [da:29:c1:b2:06:2c]
RSSI: -80 [da:22:39:ec:02:7b]
RSSI: -81 [da:24:1d:ef:07:8a]
RSSI: -78 [da:22:39:f8:02:9b]
RSSI: -83 [da:24:1d:fc:07:ba]
RSSI: -85 [da:29:c1:c0:06:5c]
RSSI: -76 [da:29:c1:ce:06:7c]
RSSI: -78 [da:24:1e:0b:07:da]
RSSI: -76 [da:22:3a:16:02:fb]
RSSI: -88 [da:27:27:2d:11:fe]
RSSI: -75 [da:22:3a:23:03:1b]
RSSI: -80 [da:24:1e:27:08:2a]
RSSI: -76 [da:22:3a:23:03:1b]
RSSI: -81 [da:29:c1:e9:06:dc]
RSSI: -81 [da:24:1e:27:08:2a]
RSSI: -74 [da:29:c1:f7:06:fc]
RSSI: -74 [da:22:3a:32:03:4b]
RSSI: -74 [da:29:c1:f7:06:fc]
RSSI: -87 [da:29:c1:f7:06:fc]
RSSI: -81 [da:24:1e:36:08:5a]
RSSI: -75 [da:22:3a:41:03:7b]
RSSI: -83 [da:29:c2:04:07:2c]
RSSI: -75 [da:22:3a:41:03:7b]
RSSI: -81 [da:29:c2:12:07:5c]
RSSI: -75 [da:22:3a:4e:03:9b]
RSSI: -79 [da:29:c2:12:07:5c]
RSSI: -74 [da:22:3a:4e:03:9b]
RSSI: -82 [da:24:1e:52:08:aa]
RSSI: -74 [da:22:3a:5d:03:cb]
RSSI: -78 [da:29:c2:20:07:7c]
RSSI: -74 [da:22:3a:5d:03:cb]
RSSI: -85 [da:24:1e:62:08:da]
RSSI: -74 [da:22:3a:6c:03:fb]
RSSI: -90 [da:27:27:87:12:fe]
RSSI: -74 [da:22:3a:88:04:4b]
RSSI: -93 [da:27:27:94:13:2e]
RSSI: -73 [da:22:3a:88:04:4b]
RSSI: -74 [da:22:3a:97:04:7b]
RSSI: -79 [da:29:c2:55:08:2c]
RSSI: -74 [da:22:3a:97:04:7b]
RSSI: -80 [da:29:c2:63:08:5c]
RSSI: -74 [da:22:3a:a3:04:9b]
RSSI: -79 [da:29:c2:63:08:5c]
RSSI: -90 [da:27:27:b4:13:8e]
RSSI: -75 [da:22:3a:a3:04:9b]
RSSI: -76 [da:22:3a:b3:04:cb]
RSSI: -76 [da:29:c2:71:08:8c]
RSSI: -86 [da:24:1e:b8:09:ca]
RSSI: -77 [da:29:c2:83:08:bc]
RSSI: -78 [da:22:3a:c2:04:fb]
RSSI: -77 [da:29:c2:83:08:bc]
RSSI: -76 [da:22:3a:ce:05:1b]
RSSI: -79 [da:22:3a:ce:05:1b]
RSSI: -78 [da:29:c2:93:08:ec]
RSSI: -78 [da:29:c2:a1:09:1c]
RSSI: -79 [da:22:3a:dd:05:4b]
RSSI: -80 [da:22:3a:ec:05:7b]
RSSI: -80 [da:29:c2:ae:09:4c]
RSSI: -83 [da:22:3a:f9:05:9b]
RSSI: -75 [da:29:c2:bc:09:7c]
RSSI: -83 [da:22:3a:f9:05:9b]
RSSI: -75 [da:29:c2:bc:09:7c]
RSSI: -73 [da:29:c2:ca:09:9c]
RSSI: -85 [da:22:3b:08:05:cb]
RSSI: -73 [da:29:c2:ca:09:9c]
RSSI: -73 [da:29:c2:ca:09:9c]
RSSI: -86 [da:22:3b:08:05:cb]
RSSI: -73 [da:29:c2:d7:09:cc]
RSSI: -75 [da:29:c2:d7:09:cc]
RSSI: -72 [da:29:c2:e5:09:fc]
RSSI: -88 [da:22:3b:24:06:1b]
RSSI: -72 [da:29:c2:e5:09:fc]
RSSI: -87 [da:22:3b:24:06:1b]
RSSI: -72 [da:29:c2:f3:0a:1c]
RSSI: -69 [da:29:c2:f3:0a:1c]
RSSI: -70 [da:29:c3:00:0a:4c]
RSSI: -70 [da:29:c3:00:0a:4c]
RSSI: -70 [da:29:c3:0e:0a:7c]
RSSI: -94 [da:24:1f:49:0b:7a]
RSSI: -85 [da:22:3b:4f:06:9b]
RSSI: -84 [da:22:3b:5e:06:cb]
RSSI: -75 [da:29:c3:28:0a:cc]
RSSI: -76 [da:29:c3:28:0a:cc]
RSSI: -74 [da:29:c3:37:0a:fc]
RSSI: -74 [da:29:c3:37:0a:fc]
RSSI: -68 [da:29:c3:45:0b:2c]
RSSI: -68 [da:29:c3:45:0b:2c]
RSSI: -87 [da:22:3b:98:07:7b]
RSSI: -65 [da:29:c3:51:0b:4c]
RSSI: -89 [da:22:3b:98:07:7b]
RSSI: -65 [da:29:c3:5f:0b:7c]
RSSI: -62 [da:29:c3:5f:0b:7c]
RSSI: -65 [da:29:c3:6e:0b:ac]
RSSI: -64 [da:29:c3:6e:0b:ac]
RSSI: -87 [da:22:3b:b4:07:cb]
RSSI: -67 [da:29:c3:7a:0b:cc]
RSSI: -87 [da:22:3b:c3:07:fb]
RSSI: -63 [da:29:c3:88:0b:fc]
RSSI: -75 [da:29:c3:96:0c:2c]
RSSI: -88 [da:22:3b:cf:08:2b]
RSSI: -73 [da:29:c3:a3:0c:4c]
RSSI: -72 [da:29:c3:a3:0c:4c]
RSSI: -90 [da:22:3b:ee:08:7b]
RSSI: -76 [da:29:c3:b1:0c:7c]
RSSI: -64 [da:29:c3:b1:0c:7c]
RSSI: -62 [da:29:c3:bf:0c:ac]
RSSI: -92 [da:24:1f:f6:0d:6a]
RSSI: -90 [da:22:3b:fa:08:ab]
RSSI: -65 [da:29:c3:bf:0c:ac]
RSSI: -59 [da:29:c3:cc:0c:dc]
RSSI: -57 [da:29:c3:cc:0c:dc]
RSSI: -56 [da:29:c3:da:0c:fc]
RSSI: -54 [da:29:c3:e8:0d:2c]
RSSI: -52 [da:29:c3:f5:0d:5c]
RSSI: -93 [da:24:20:2e:0e:0a]
RSSI: -53 [da:29:c4:03:0d:8c]
RSSI: -50 [da:29:c4:03:0d:8c]
RSSI: -51 [da:29:c4:11:0d:ac]
RSSI: -52 [da:29:c4:11:0d:ac]
RSSI: -49 [da:29:c4:1e:0d:dc]
RSSI: -52 [da:29:c4:1e:0d:dc]
RSSI: -91 [da:27:29:84:02:7e]
RSSI: -50 [da:29:c4:3a:0e:3c]
RSSI: -50 [da:29:c4:3a:0e:3c]
RSSI: -53 [da:29:c4:47:0e:5c]
RSSI: -90 [da:27:29:9e:02:ce]
RSSI: -52 [da:29:c4:55:0e:8c]
RSSI: -52 [da:29:c4:63:0e:bc]
RSSI: -52 [da:29:c4:63:0e:bc]
RSSI: -53 [da:29:c4:63:0e:bc]
RSSI: -57 [da:29:c4:70:0e:dc]
RSSI: -54 [da:29:c4:70:0e:dc]
RSSI: -55 [da:29:c4:7e:0f:0c]
RSSI: -60 [da:29:c4:7e:0f:0c]
RSSI: -57 [da:29:c4:8c:0f:3c]
RSSI: -58 [da:29:c4:8c:0f:3c]
RSSI: -94 [da:27:29:de:03:7e]
RSSI: -59 [da:29:c4:8c:0f:3c]
RSSI: -62 [da:29:c4:99:0f:6c]
RSSI: -74 [da:29:c4:a7:0f:8c]
RSSI: -72 [da:29:c4:b5:0f:bc]
RSSI: -81 [da:29:c4:b5:0f:bc]
RSSI: -75 [da:29:c4:c2:0f:ec]
RSSI: -71 [da:29:c4:c2:0f:ec]
RSSI: -90 [da:27:2a:10:04:0e]
RSSI: -67 [da:29:c4:d0:10:1c]
RSSI: -66 [da:29:c4:d0:10:1c]
RSSI: -65 [da:29:c4:de:10:3c]
RSSI: -65 [da:29:c4:eb:10:6c]
RSSI: -65 [da:29:c4:eb:10:6c]
RSSI: -65 [da:29:c4:eb:10:6c]
RSSI: -65 [da:29:c4:f9:10:9c]
RSSI: -93 [da:22:3d:36:0c:5b]
RSSI: -67 [da:29:c5:07:10:cc]
RSSI: -72 [da:29:c5:07:10:cc]
RSSI: -90 [da:27:2a:5d:04:ee]
RSSI: -73 [da:29:c5:14:10:ec]
RSSI: -73 [da:29:c5:14:10:ec]
RSSI: -76 [da:29:c5:22:11:1c]
RSSI: -81 [da:29:c5:22:11:1c]
RSSI: -71 [da:29:c5:30:11:4c]
RSSI: -73 [da:29:c5:3d:11:6c]
RSSI: -73 [da:29:c5:3d:11:6c]
RSSI: -75 [da:29:c5:4b:11:9c]
RSSI: -72 [da:29:c5:4b:11:9c]
RSSI: -72 [da:29:c5:4b:11:9c]
RSSI: -71 [da:29:c5:59:11:bc]
RSSI: -74 [da:29:c5:59:11:bc]
RSSI: -91 [da:22:3d:9b:0d:8b]
RSSI: -74 [da:29:c5:66:11:ec]
RSSI: -77 [da:29:c5:66:11:ec]
RSSI: -75 [da:29:c5:74:12:1c]
RSSI: -74 [da:29:c5:82:12:3c]
RSSI: -95 [da:27:2a:dc:06:5e]
RSSI: -75 [da:29:c5:8f:12:6c]
RSSI: -71 [da:29:c5:9d:12:9c]
RSSI: -76 [da:29:c5:9d:12:9c]
RSSI: -72 [da:29:c5:ab:12:bc]
RSSI: -73 [da:29:c5:ab:12:bc]
RSSI: -80 [da:29:c5:b8:12:ec]
RSSI: -78 [da:29:c5:b8:12:ec]
RSSI: -75 [da:29:c5:c6:13:1c]
RSSI: -75 [da:29:c5:c6:13:1c]
RSSI: -78 [da:29:c5:d4:13:3c]
RSSI: -74 [da:29:c5:d4:13:3c]
RSSI: -75 [da:29:c5:e1:13:6c]
RSSI: -78 [da:29:c5:ef:13:9c]
RSSI: -78 [da:29:c5:ef:13:9c]
RSSI: -78 [da:29:c5:ef:13:9c]
RSSI: -83 [da:29:c5:fd:13:cc]
RSSI: -94 [da:27:2b:5c:07:ce]
RSSI: -82 [da:29:c6:0a:13:ec]
RSSI: -84 [da:29:c6:18:14:1c]
RSSI: -83 [da:29:c6:18:14:1c]
RSSI: -77 [da:29:c6:26:14:4c]
RSSI: -73 [da:29:c6:26:14:4c]
RSSI: -81 [da:29:c6:33:14:6c]
RSSI: -76 [da:29:c6:33:14:6c]
RSSI: -79 [da:29:c6:41:14:9c]
RSSI: -80 [da:29:c6:41:14:9c]
RSSI: -78 [da:29:c6:41:14:9c]
RSSI: -88 [da:29:c6:50:14:cc]
RSSI: -90 [da:27:2b:a8:08:ae]
RSSI: -79 [da:29:c6:6a:15:1c]
RSSI: -77 [da:29:c6:6a:15:1c]
RSSI: -70 [da:29:c6:79:15:4c]
RSSI: -89 [da:27:2b:c2:08:fe]
RSSI: -76 [da:29:c6:79:15:4c]
RSSI: -71 [da:29:c6:85:15:6c]
RSSI: -70 [da:29:c6:85:15:6c]
RSSI: -90 [da:27:2b:dc:09:3e]
RSSI: -71 [da:29:c6:94:15:9c]
RSSI: -88 [da:27:2b:e8:09:6e]
RSSI: -89 [da:27:2b:f5:09:8e]
RSSI: -74 [da:29:c6:ae:15:ec]
RSSI: -85 [da:27:2c:02:09:ae]
RSSI: -75 [da:29:c6:bd:16:1c]
RSSI: -69 [da:29:c6:bd:16:1c]
RSSI: -84 [da:27:2c:0f:09:de]
RSSI: -76 [da:29:c6:cb:16:4c]
RSSI: -83 [da:27:2c:1b:09:fe]
RSSI: -69 [da:29:c6:cb:16:4c]
RSSI: -68 [da:29:c6:d8:16:7c]
RSSI: -80 [da:27:2c:28:0a:1e]
RSSI: -72 [da:29:c6:d8:16:7c]
RSSI: -81 [da:27:2c:28:0a:1e]
RSSI: -82 [da:27:2c:28:0a:1e]
RSSI: -70 [da:29:c6:e6:00:2c]
RSSI: -82 [da:27:2c:35:0a:4e]
RSSI: -71 [da:29:c6:e6:00:2c]
RSSI: -72 [da:29:c6:f4:00:5c]
RSSI: -80 [da:27:2c:42:0a:6e]
RSSI: -70 [da:29:c6:f4:00:5c]
RSSI: -79 [da:27:2c:4f:0a:8e]
RSSI: -74 [da:29:c7:01:00:8c]
RSSI: -79 [da:27:2c:4f:0a:8e]
RSSI: -79 [da:27:2c:4f:0a:8e]
RSSI: -89 [da:22:3f:4b:12:8b]
RSSI: -83 [da:29:c7:0f:00:ac]
RSSI: -78 [da:27:2c:5b:0a:ae]
RSSI: -75 [da:29:c7:0f:00:ac]
RSSI: -78 [da:27:2c:68:0a:de]
RSSI: -78 [da:29:c7:1d:00:dc]
RSSI: -77 [da:29:c7:2a:01:0c]
RSSI: -77 [da:29:c7:2a:01:0c]
RSSI: -78 [da:27:2c:75:0a:fe]
RSSI: -83 [da:29:c7:2a:01:0c]
RSSI: -78 [da:27:2c:82:0b:2e]
RSSI: -79 [da:29:c7:38:01:3c]
RSSI: -78 [da:27:2c:8f:0b:4e]
RSSI: -87 [da:29:c7:47:01:5c]
RSSI: -76 [da:29:c7:47:01:5c]
RSSI: -77 [da:27:2c:9c:0b:6e]
RSSI: -76 [da:27:2c:9c:0b:6e]
RSSI: -76 [da:27:2c:9c:0b:6e]
RSSI: -82 [da:29:c7:53:01:8c]
RSSI: -81 [da:27:2c:a8:0b:9e]
RSSI: -76 [da:29:c7:62:01:bc]
RSSI: -78 [da:27:2c:b5:0b:be]
RSSI: -71 [da:29:c7:70:01:ec]
RSSI: -78 [da:27:2c:c2:0b:de]
RSSI: -79 [da:27:2c:c2:0b:de]
RSSI: -71 [da:29:c7:7d:02:0c]
RSSI: -82 [da:27:2c:cf:0c:0e]
RSSI: -74 [da:29:c7:8b:02:3c]
RSSI: -68 [da:29:c7:8b:02:3c]
RSSI: -80 [da:27:2c:dc:0c:2e]
RSSI: -71 [da:29:c7:99:02:6c]
RSSI: -79 [da:27:2c:e8:0c:5e]
RSSI: -71 [da:29:c7:99:02:6c]
RSSI: -80 [da:27:2c:e8:0c:5e]
RSSI: -70 [da:29:c7:a6:02:8c]
RSSI: -81 [da:27:2c:f5:0c:7e]
RSSI: -69 [da:29:c7:a6:02:8c]
RSSI: -67 [da:29:c7:b4:02:bc]
RSSI: -82 [da:27:2d:02:0c:9e]
RSSI: -84 [da:27:2d:0f:0c:ce]
RSSI: -70 [da:29:c7:c2:02:ec]
RSSI: -70 [da:29:c7:cf:03:0c]
RSSI: -71 [da:29:c7:cf:03:0c]
RSSI: -69 [da:29:c7:dd:03:3c]
RSSI: -70 [da:29:c7:dd:03:3c]
RSSI: -73 [da:29:c7:ec:03:6c]
RSSI: -74 [da:29:c7:ec:03:6c]
RSSI: -71 [da:29:c7:ec:03:6c]
RSSI: -76 [da:29:c7:f8:03:8c]
RSSI: -72 [da:29:c8:07:03:bc]
RSSI: -76 [da:29:c8:15:03:ec]
RSSI: -93 [da:27:2d:5c:0d:ae]
RSSI: -76 [da:29:c8:15:03:ec]
RSSI: -81 [da:29:c8:22:04:0c]
RSSI: -77 [da:29:c8:22:04:0c]
RSSI: -69 [da:29:c8:30:04:3c]
RSSI: -79 [da:29:c8:30:04:3c]
RSSI: -74 [da:29:c8:3e:04:6c]
RSSI: -74 [da:29:c8:3e:04:6c]
RSSI: -68 [da:29:c8:3e:04:6c]
RSSI: -83 [da:29:c8:4b:04:8c]
RSSI: -75 [da:29:c8:4b:04:8c]
RSSI: -91 [da:27:2d:a9:0e:8e]
RSSI: -87 [da:29:c8:59:04:bc]
RSSI: -73 [da:29:c8:74:05:0c]
RSSI: -72 [da:29:c8:83:05:3c]
RSSI: -68 [da:29:c8:83:05:3c]
RSSI: -69 [da:29:c8:91:05:6c]
RSSI: -65 [da:29:c8:9e:05:9c]
RSSI: -66 [da:29:c8:9e:05:9c]
RSSI: -68 [da:29:c8:ac:05:bc]
RSSI: -64 [da:29:c8:ac:05:bc]
RSSI: -70 [da:29:c8:bb:05:ec]
RSSI: -65 [da:29:c8:c7:06:1c]
RSSI: -68 [da:29:c8:d6:06:3c]
RSSI: -90 [da:27:2e:29:0f:fe]
RSSI: -72 [da:29:c8:e4:06:6c]
RSSI: -67 [da:29:c8:e4:06:6c]
RSSI: -68 [da:29:c8:f1:06:9c]
RSSI: -69 [da:29:c8:f1:06:9c]
RSSI: -89 [da:27:2e:43:10:4e]
RSSI: -66 [da:29:c8:ff:06:cc]
RSSI: -66 [da:29:c8:ff:06:cc]
RSSI: -70 [da:29:c9:0d:06:ec]
RSSI: -66 [da:29:c9:0d:06:ec]
RSSI: -89 [da:24:25:4f:06:8a]
RSSI: -74 [da:29:c9:1a:07:1c]
RSSI: -86 [da:24:25:5f:06:ba]
RSSI: -68 [da:29:c9:28:07:4c]
RSSI: -69 [da:29:c9:28:07:4c]
RSSI: -77 [da:29:c9:37:07:7c]
RSSI: -76 [da:29:c9:43:07:9c]
RSSI: -76 [da:29:c9:43:07:9c]
RSSI: -75 [da:29:c9:52:07:cc]
RSSI: -76 [da:29:c9:52:07:cc]
RSSI: -74 [da:29:c9:60:07:fc]
RSSI: -91 [da:22:41:9b:03:0b]
RSSI: -76 [da:29:c9:60:07:fc]
RSSI: -77 [da:29:c9:6d:08:2c]
RSSI: -75 [da:29:c9:6d:08:2c]
RSSI: -86 [da:22:41:aa:03:3b]
RSSI: -74 [da:29:c9:6d:08:2c]
RSSI: -84 [da:22:41:b7:03:5b]
RSSI: -81 [da:29:c9:7b:08:4c]
RSSI: -88 [da:24:25:b7:07:ba]
RSSI: -83 [da:22:41:b7:03:5b]
RSSI: -75 [da:29:c9:7b:08:4c]
RSSI: -86 [da:22:41:c6:03:8b]
RSSI: -88 [da:27:2e:de:11:fe]
RSSI: -76 [da:29:c9:96:08:ac]
RSSI: -91 [da:27:2e:eb:12:2e]
RSSI: -81 [da:22:41:e2:03:eb]
RSSI: -77 [da:29:c9:a5:08:dc]
RSSI: -82 [da:22:41:e2:03:eb]
RSSI: -76 [da:29:c9:a5:08:dc]
RSSI: -83 [da:22:41:e2:03:eb]
RSSI: -76 [da:29:c9:b3:09:0c]
RSSI: -81 [da:22:41:f2:04:1b]
RSSI: -75 [da:29:c9:b3:09:0c]
RSSI: -93 [da:27:2f:05:12:7e]
RSSI: -73 [da:29:c9:ce:09:5c]
RSSI: -74 [da:29:c9:dd:09:8c]
RSSI: -83 [da:22:42:1d:04:9b]
RSSI: -74 [da:29:c9:dd:09:8c]
RSSI: -74 [da:29:c9:dd:09:8c]
RSSI: -85 [da:22:42:1d:04:9b]
RSSI: -72 [da:29:c9:e9:09:ac]
RSSI: -82 [da:22:42:2c:04:cb]
RSSI: -82 [da:22:42:2c:04:cb]
RSSI: -75 [da:29:c9:e9:09:ac]
RSSI: -82 [da:22:42:2c:04:cb]
RSSI: -74 [da:29:c9:f8:09:dc]
RSSI: -74 [da:29:c9:f8:09:dc]
RSSI: -83 [da:22:42:39:04:eb]
RSSI: -72 [da:29:ca:06:0a:0c]
RSSI: -85 [da:22:42:49:05:1b]
RSSI: -83 [da:22:42:49:05:1b]
RSSI: -72 [da:29:ca:13:0a:3c]
RSSI: -84 [da:22:42:58:05:4b]
RSSI: -85 [da:22:42:58:05:4b]
RSSI: -73 [da:29:ca:21:0a:6c]
RSSI: -85 [da:22:42:65:05:6b]
RSSI: -71 [da:29:ca:30:0a:9c]
RSSI: -87 [da:22:42:74:05:9b]
RSSI: -73 [da:29:ca:3c:0a:bc]
RSSI: -72 [da:29:ca:3c:0a:bc]
RSSI: -88 [da:22:42:83:05:cb]
RSSI: -76 [da:29:ca:4b:0a:ec]
RSSI: -73 [da:29:ca:4b:0a:ec]
RSSI: -72 [da:29:ca:59:0b:1c]
RSSI: -84 [da:29:ca:59:0b:1c]
RSSI: -70 [da:29:ca:66:0b:3c]
RSSI: -70 [da:29:ca:66:0b:3c]
RSSI: -68 [da:29:ca:75:0b:6c]
RSSI: -72 [da:29:ca:75:0b:6c]
RSSI: -82 [da:29:ca:83:0b:9c]
RSSI: -70 [da:29:ca:90:0b:cc]
RSSI: -70 [da:29:ca:90:0b:cc]
RSSI: -70 [da:29:ca:9e:0b:fc]
RSSI: -70 [da:29:ca:9e:0b:fc]
RSSI: -89 [da:22:42:e0:06:db]
RSSI: -72 [da:29:ca:ac:0c:1c]
RSSI: -71 [da:29:ca:ac:0c:1c]
RSSI: -72 [da:29:ca:b9:0c:4c]
RSSI: -77 [da:29:ca:c8:0c:7c]
RSSI: -68 [da:29:ca:d6:0c:ac]
RSSI: -68 [da:29:ca:d6:0c:ac]
RSSI: -70 [da:29:ca:e3:0c:cc]
RSSI: -65 [da:29:ca:e3:0c:cc]
RSSI: -65 [da:29:ca:f1:0c:fc]
RSSI: -92 [da:22:43:29:07:bb]
RSSI: -77 [da:29:ca:f1:0c:fc]
RSSI: -63 [da:29:cb:00:0d:2c]
RSSI: -66 [da:29:cb:00:0d:2c]
RSSI: -62 [da:29:cb:0c:0d:5c]
RSSI: -73 [da:29:cb:1b:0d:7c]
RSSI: -59 [da:29:cb:29:0d:ac]
RSSI: -59 [da:29:cb:36:0d:dc]
RSSI: -60 [da:29:cb:36:0d:dc]
RSSI: -70 [da:29:cb:44:0e:0c]
RSSI: -58 [da:29:cb:44:0e:0c]
RSSI: -60 [da:29:cb:53:0e:2c]
RSSI: -58 [da:29:cb:60:0e:5c]
RSSI: -58 [da:29:cb:60:0e:5c]
RSSI: -58 [da:29:cb:6e:0e:8c]
RSSI: -60 [da:29:cb:6e:0e:8c]
RSSI: -75 [da:29:cb:7d:0e:bc]
RSSI: -65 [da:29:cb:89:0e:dc]
RSSI: -66 [da:29:cb:89:0e:dc]
RSSI: -81 [da:29:cb:89:0e:dc]
RSSI: -64 [da:29:cb:98:0f:0c]
RSSI: -70 [da:29:cb:98:0f:0c]
RSSI: -75 [da:29:cb:a6:0f:3c]
RSSI: -68 [da:29:cb:a6:0f:3c]
RSSI: -75 [da:29:cb:b3:0f:5c]
RSSI: -75 [da:29:cb:c1:0f:8c]
RSSI: -95 [da:22:44:03:0a:3b]
RSSI: -78 [da:29:cb:d0:0f:bc]
RSSI: -78 [da:29:cb:d0:0f:bc]
RSSI: -71 [da:29:cb:dd:0f:ec]
RSSI: -80 [da:29:cb:dd:0f:ec]
RSSI: -79 [da:29:cb:eb:10:1c]
RSSI: -69 [da:29:cb:eb:10:1c]
RSSI: -85 [da:29:cb:fa:10:4c]
RSSI: -79 [da:29:cb:fa:10:4c]
RSSI: -80 [da:29:cc:06:10:6c]
RSSI: -71 [da:29:cc:15:10:9c]
RSSI: -82 [da:29:cc:30:10:ec]
RSSI: -82 [da:29:cc:30:10:ec]
RSSI: -83 [da:29:cc:3f:11:1c]
RSSI: -69 [da:29:cc:4d:11:4c]
RSSI: -75 [da:29:cc:5a:11:7c]
RSSI: -95 [da:27:31:a6:03:9e]
RSSI: -75 [da:29:cc:5a:11:7c]
RSSI: -81 [da:29:cc:68:11:9c]
RSSI: -77 [da:29:cc:68:11:9c]
RSSI: -72 [da:29:cc:77:11:cc]
RSSI: -72 [da:29:cc:77:11:cc]
RSSI: -87 [da:29:cc:83:11:fc]
RSSI: -74 [da:29:cc:83:11:fc]
RSSI: -86 [da:29:cc:92:12:2c]
RSSI: -80 [da:29:cc:a1:12:5c]
RSSI: -76 [da:29:cc:ad:12:7c]
RSSI: -93 [da:22:44:ed:0c:fb]
RSSI: -78 [da:29:cc:bc:12:ac]
RSSI: -77 [da:29:cc:ca:12:dc]
RSSI: -77 [da:29:cc:d7:12:fc]
RSSI: -77 [da:29:cc:e6:13:2c]
RSSI: -77 [da:29:cc:e6:13:2c]
RSSI: -76 [da:29:cc:f4:13:5c]
RSSI: -78 [da:29:cd:01:13:8c]
RSSI: -79 [da:29:cd:01:13:8c]
RSSI: -76 [da:29:cd:0f:13:bc]
RSSI: -80 [da:29:cd:0f:13:bc]
RSSI: -77 [da:29:cd:1e:13:dc]
RSSI: -81 [da:29:cd:2b:14:0c]
RSSI: -76 [da:29:cd:2b:14:0c]
RSSI: -94 [da:27:32:90:06:4e]
RSSI: -78 [da:29:cd:48:14:6c]
RSSI: -84 [da:29:cd:54:14:8c]
RSSI: -89 [da:29:cd:63:14:bc]
RSSI: -83 [da:29:cd:63:14:bc]
RSSI: -78 [da:29:cd:72:14:ec]
RSSI: -89 [da:27:32:c4:06:de]
RSSI: -85 [da:29:cd:72:14:ec]
RSSI: -79 [da:29:cd:7e:15:0c]
RSSI: -77 [da:29:cd:7e:15:0c]
RSSI: -76 [da:29:cd:8d:15:3c]
RSSI: -76 [da:29:cd:8d:15:3c]
RSSI: -89 [da:27:32:eb:07:4e]
RSSI: -77 [da:29:cd:9c:15:6c]
RSSI: -89 [da:27:32:eb:07:4e]
RSSI: -76 [da:29:cd:a8:15:8c]
RSSI: -76 [da:29:cd:a8:15:8c]
RSSI: -78 [da:29:cd:a8:15:8c]
RSSI: -76 [da:29:cd:b7:15:bc]
RSSI: -78 [da:29:cd:b7:15:bc]
RSSI: -75 [da:29:cd:c5:15:ec]
RSSI: -81 [da:29:cd:d2:16:0c]
RSSI: -92 [da:27:33:2c:08:1e]
RSSI: -76 [da:29:cd:ef:16:6c]
RSSI: -81 [da:29:cd:fc:00:0c]
RSSI: -77 [da:29:cd:fc:00:0c]
RSSI: -87 [da:27:33:53:08:8e]
RSSI: -84 [da:29:ce:0b:00:2c]
RSSI: -87 [da:27:33:61:08:ae]
RSSI: -88 [da:27:33:61:08:ae]
RSSI: -84 [da:29:ce:19:00:5c]
RSSI: -87 [da:27:33:6e:08:ce]
RSSI: -85 [da:29:ce:35:00:bc]
RSSI: -86 [da:29:ce:35:00:bc]
RSSI: -89 [da:27:33:88:09:1e]
RSSI: -86 [da:29:ce:43:00:ec]
RSSI: -86 [da:29:ce:50:01:0c]
RSSI: -85 [da:29:ce:50:01:0c]
RSSI: -86 [da:29:ce:5e:01:3c]
RSSI: -83 [da:27:33:af:09:8e]
RSSI: -91 [da:29:ce:6d:01:6c]
RSSI: -82 [da:27:33:bc:09:ae]
RSSI: -81 [da:27:33:c9:09:de]
RSSI: -77 [da:29:ce:7a:01:8c]
RSSI: -81 [da:27:33:c9:09:de]
RSSI: -79 [da:27:33:c9:09:de]
RSSI: -83 [da:29:ce:88:01:bc]
RSSI: -79 [da:27:33:d6:09:fe]
RSSI: -77 [da:27:33:e3:0a:2e]
RSSI: -83 [da:29:ce:97:01:ec]
RSSI: -78 [da:27:33:f0:0a:4e]
RSSI: -75 [da:29:ce:a4:02:0c]
RSSI: -76 [da:27:33:f0:0a:4e]
RSSI: -77 [da:27:33:fd:0a:6e]
RSSI: -76 [da:29:ce:b2:02:3c]
RSSI: -76 [da:27:34:17:0a:be]
RSSI: -80 [da:29:ce:ce:02:9c]
RSSI: -77 [da:27:34:17:0a:be]
RSSI: -80 [da:29:ce:ce:02:9c]
RSSI: -75 [da:27:34:25:0a:ee]
RSSI: -76 [da:27:34:32:0b:0e]
RSSI: -81 [da:29:ce:dc:02:bc]
RSSI: -76 [da:27:34:32:0b:0e]
RSSI: -77 [da:27:34:32:0b:0e]
RSSI: -74 [da:27:34:3e:0b:2e]
RSSI: -83 [da:29:ce:f8:03:1c]
RSSI: -89 [da:29:ce:f8:03:1c]
RSSI: -90 [da:22:47:35:13:cb]
RSSI: -75 [da:27:34:4c:0b:5e]
RSSI: -77 [da:27:34:59:0b:7e]
RSSI: -77 [da:29:cf:15:03:7c]
RSSI: -93 [da:22:47:54:14:2b]
RSSI: -78 [da:29:cf:22:03:9c]
RSSI: -75 [da:27:34:73:0b:ce]
RSSI: -79 [da:29:cf:30:03:cc]
RSSI: -74 [da:27:34:80:0b:ee]
RSSI: -79 [da:29:cf:30:03:cc]
RSSI: -75 [da:29:cf:30:03:cc]
RSSI: -75 [da:27:34:80:0b:ee]
RSSI: -75 [da:29:cf:30:03:cc]
RSSI: -74 [da:29:cf:3f:03:fc]
RSSI: -76 [da:29:cf:4c:04:1c]
RSSI: -72 [da:29:cf:4c:04:1c]
RSSI: -76 [da:27:34:9a:0c:3e]
RSSI: -72 [da:29:cf:4c:04:1c]
RSSI: -78 [da:27:34:a8:0c:5e]
RSSI: -77 [da:27:34:a8:0c:5e]
RSSI: -77 [da:29:cf:5a:04:4c]
RSSI: -77 [da:27:34:a8:0c:5e]
RSSI: -72 [da:29:cf:76:04:ac]
RSSI: -79 [da:27:34:c2:0c:ae]
RSSI: -81 [da:29:cf:76:04:ac]
RSSI: -80 [da:27:34:cf:0c:ce]
RSSI: -73 [da:29:cf:84:04:dc]
RSSI: -89 [da:24:2b:c1:03:0a]
RSSI: -73 [da:29:cf:84:04:dc]
RSSI: -81 [da:27:34:db:0c:fe]
RSSI: -84 [da:27:34:db:0c:fe]
RSSI: -86 [da:27:34:e9:0d:1e]
RSSI: -86 [da:27:34:e9:0d:1e]
RSSI: -86 [da:27:34:e9:0d:1e]
RSSI: -69 [da:29:cf:a0:05:2c]
RSSI: -86 [da:27:34:f6:0d:4e]
RSSI: -70 [da:29:cf:ae:05:5c]
RSSI: -91 [da:24:2b:ed:03:7a]
RSSI: -69 [da:29:cf:ae:05:5c]
RSSI: -90 [da:24:2b:fd:03:aa]
RSSI: -86 [da:27:35:03:0d:6e]
RSSI: -66 [da:29:cf:bd:05:8c]
RSSI: -84 [da:27:35:10:0d:8e]
RSSI: -71 [da:29:cf:ca:05:ac]
RSSI: -85 [da:27:35:10:0d:8e]
RSSI: -86 [da:27:35:1d:0d:be]
RSSI: -67 [da:29:cf:ca:05:ac]
RSSI: -71 [da:29:cf:d9:05:dc]
RSSI: -83 [da:27:35:2a:0d:de]
RSSI: -89 [da:24:2c:1a:03:fa]
RSSI: -83 [da:27:35:2a:0d:de]
RSSI: -69 [da:29:cf:e7:06:0c]
RSSI: -71 [da:29:cf:e7:06:0c]
RSSI: -83 [da:27:35:38:0e:0e]
RSSI: -88 [da:24:2c:36:04:5a]
RSSI: -85 [da:27:35:45:0e:2e]
RSSI: -84 [da:27:35:45:0e:2e]
RSSI: -70 [da:29:d0:03:06:5c]
RSSI: -68 [da:29:d0:03:06:5c]
RSSI: -87 [da:24:2c:46:04:8a]
RSSI: -85 [da:27:35:57:0e:5e]
RSSI: -70 [da:29:d0:11:06:8c]
RSSI: -69 [da:29:d0:11:06:8c]
RSSI: -86 [da:27:35:67:0e:8e]
RSSI: -69 [da:29:d0:1e:06:bc]
RSSI: -69 [da:29:d0:1e:06:bc]
RSSI: -85 [da:27:35:74:0e:be]
RSSI: -72 [da:29:d0:2d:06:ec]
RSSI: -72 [da:29:d0:2d:06:ec]
RSSI: -87 [da:24:2c:73:05:0a]
RSSI: -86 [da:27:35:81:0e:de]
RSSI: -73 [da:29:d0:3b:07:1c]
RSSI: -89 [da:24:2c:83:05:2a]
RSSI: -74 [da:29:d0:4d:07:4c]
RSSI: -86 [da:27:35:9c:0f:2e]
RSSI: -86 [da:27:35:9c:0f:2e]
RSSI: -74 [da:29:d0:4d:07:4c]
RSSI: -90 [da:24:2c:8f:05:5a]
RSSI: -87 [da:27:35:a9:0f:4e]
RSSI: -90 [da:22:48:95:01:2b]
RSSI: -72 [da:29:d0:5e:07:8c]
RSSI: -73 [da:29:d0:5e:07:8c]
RSSI: -89 [da:24:2c:9f:05:7a]
RSSI: -74 [da:29:d0:6c:07:ac]
RSSI: -88 [da:27:35:b6:0f:6e]
RSSI: -75 [da:29:d0:6c:07:ac]
RSSI: -89 [da:24:2c:af:05:aa]
RSSI: -74 [da:29:d0:79:07:dc]
RSSI: -89 [da:27:35:c3:0f:9e]
RSSI: -75 [da:29:d0:79:07:dc]
RSSI: -76 [da:29:d0:88:08:0c]
RSSI: -76 [da:29:d0:88:08:0c]
RSSI: -87 [da:24:2c:cc:05:fa]
RSSI: -87 [da:27:35:dd:0f:ee]
RSSI: -79 [da:29:d0:97:08:3c]
RSSI: -87 [da:24:2c:dc:06:2a]
RSSI: -87 [da:27:35:eb:10:0e]
RSSI: -88 [da:24:2c:dc:06:2a]
RSSI: -78 [da:29:d0:a3:08:5c]
RSSI: -86 [da:27:35:f7:10:3e]
RSSI: -76 [da:29:d0:b2:08:8c]
RSSI: -79 [da:29:d0:b2:08:8c]
RSSI: -87 [da:24:2c:f8:06:7a]
RSSI: -88 [da:27:36:05:10:5e]
RSSI: -86 [da:24:2c:f8:06:7a]
RSSI: -80 [da:29:d0:c1:08:bc]
RSSI: -90 [da:27:36:1f:10:ae]
RSSI: -91 [da:24:2d:15:06:ca]
RSSI: -81 [da:29:d0:dc:09:1c]
RSSI: -90 [da:22:49:1a:02:bb]
RSSI: -80 [da:29:d0:dc:09:1c]
RSSI: -78 [da:29:d0:dc:09:1c]
RSSI: -88 [da:22:49:29:02:eb]
RSSI: -87 [da:22:49:29:02:eb]
RSSI: -84 [da:29:d0:eb:09:3c]
RSSI: -88 [da:24:2d:35:07:2a]
RSSI: -86 [da:22:49:39:03:1b]
RSSI: -85 [da:29:d0:f8:09:6c]
RSSI: -86 [da:22:49:39:03:1b]
RSSI: -87 [da:29:d0:f8:09:6c]
RSSI: -83 [da:22:49:56:03:6b]
RSSI: -83 [da:22:49:56:03:6b]
RSSI: -82 [da:22:49:65:03:9b]
RSSI: -81 [da:22:49:65:03:9b]
RSSI: -82 [da:29:d1:22:09:ec]
RSSI: -85 [da:22:49:65:03:9b]
RSSI: -72 [da:29:d1:31:0a:1c]
RSSI: -76 [da:29:d1:3f:0a:4c]
RSSI: -81 [da:22:49:82:03:eb]
RSSI: -80 [da:22:49:82:03:eb]
RSSI: -84 [da:29:d1:4c:0a:7c]
RSSI: -79 [da:29:d1:4c:0a:7c]
RSSI: -83 [da:22:49:92:04:1b]
RSSI: -91 [da:27:36:a3:12:2e]
RSSI: -81 [da:22:49:9e:04:3b]
RSSI: -74 [da:29:d1:6a:0a:dc]
RSSI: -82 [da:22:49:ae:04:6b]
RSSI: -72 [da:29:d1:76:0a:fc]
RSSI: -83 [da:22:49:ae:04:6b]
RSSI: -67 [da:29:d1:76:0a:fc]
RSSI: -83 [da:22:49:be:04:9b]
RSSI: -81 [da:22:49:be:04:9b]
RSSI: -69 [da:29:d1:85:0b:2c]
RSSI: -68 [da:29:d1:85:0b:2c]
RSSI: -83 [da:22:49:ca:04:cb]
RSSI: -84 [da:22:49:ca:04:cb]
RSSI: -68 [da:29:d1:94:0b:5c]
RSSI: -84 [da:22:49:da:04:fb]
RSSI: -62 [da:29:d1:a1:0b:8c]
RSSI: -83 [da:22:49:ea:05:2b]
RSSI: -68 [da:29:d1:af:0b:bc]
RSSI: -84 [da:22:49:ea:05:2b]
RSSI: -89 [da:27:36:ff:13:3e]
RSSI: -68 [da:29:d1:af:0b:bc]
RSSI: -66 [da:29:d1:af:0b:bc]
RSSI: -84 [da:22:49:f7:05:4b]
RSSI: -88 [da:22:4a:07:05:7b]
RSSI: -88 [da:22:4a:07:05:7b]
RSSI: -74 [da:29:d1:cb:0c:0c]
RSSI: -75 [da:29:d1:cb:0c:0c]
RSSI: -85 [da:22:4a:16:05:ab]
RSSI: -62 [da:29:d1:da:0c:3c]
RSSI: -62 [da:29:d1:e8:0c:6c]
RSSI: -62 [da:29:d1:e8:0c:6c]
RSSI: -88 [da:22:4a:33:05:fb]
RSSI: -60 [da:29:d1:f5:0c:8c]
RSSI: -54 [da:29:d2:04:0c:bc]
RSSI: -64 [da:29:d2:04:0c:bc]
RSSI: -59 [da:29:d2:1f:0d:1c]
RSSI: -56 [da:29:d2:1f:0d:1c]
RSSI: -58 [da:29:d2:2e:0d:4c]
RSSI: -90 [da:22:4a:6f:06:bb]
RSSI: -55 [da:29:d2:2e:0d:4c]
RSSI: -49 [da:29:d2:3d:0d:7c]
RSSI: -54 [da:29:d2:4a:0d:9c]
RSSI: -49 [da:29:d2:4a:0d:9c]
RSSI: -57 [da:29:d2:59:0d:cc]
RSSI: -88 [da:22:4a:9b:07:3b]
RSSI: -54 [da:29:d2:59:0d:cc]
RSSI: -90 [da:22:4a:9b:07:3b]
RSSI: -57 [da:29:d2:67:0d:fc]
RSSI: -51 [da:29:d2:74:0e:2c]
RSSI: -55 [da:29:d2:83:0e:5c]
RSSI: -53 [da:29:d2:83:0e:5c]
RSSI: -60 [da:29:d2:92:0e:8c]
RSSI: -58 [da:29:d2:92:0e:8c]
RSSI: -65 [da:29:d2:9e:0e:ac]
RSSI: -89 [da:22:4a:e4:08:1b]
RSSI: -65 [da:29:d2:ad:0e:dc]
RSSI: -74 [da:29:d2:bc:0f:0c]
RSSI: -73 [da:29:d2:c9:0f:3c]
RSSI: -70 [da:29:d2:c9:0f:3c]
RSSI: -66 [da:29:d2:d8:0f:6c]
RSSI: -63 [da:29:d2:e7:0f:9c]
RSSI: -61 [da:29:d2:e7:0f:9c]
RSSI: -61 [da:29:d2:f3:0f:bc]
RSSI: -65 [da:29:d3:02:0f:ec]
RSSI: -94 [da:22:4b:3d:09:1b]
RSSI: -63 [da:29:d3:02:0f:ec]
RSSI: -62 [da:29:d3:11:10:1c]
RSSI: -68 [da:29:d3:11:10:1c]
RSSI: -67 [da:29:d3:1e:10:4c]
RSSI: -66 [da:29:d3:1e:10:4c]
RSSI: -72 [da:29:d3:2d:10:7c]
RSSI: -65 [da:29:d3:48:10:cc]
RSSI: -70 [da:29:d3:48:10:cc]
RSSI: -69 [da:29:d3:57:10:fc]
RSSI: -66 [da:29:d3:57:10:fc]
RSSI: -71 [da:29:d3:66:11:2c]
RSSI: -69 [da:29:d3:66:11:2c]
RSSI: -69 [da:29:d3:66:11:2c]
RSSI: -92 [da:24:2f:b3:0e:5a]
RSSI: -69 [da:29:d3:81:11:7c]
RSSI: -69 [da:29:d3:81:11:7c]
RSSI: -71 [da:29:d3:90:11:ac]
RSSI: -89 [da:27:38:db:02:1e]
RSSI: -90 [da:27:38:e8:02:3e]
RSSI: -89 [da:27:38:e8:02:3e]
RSSI: -71 [da:29:d3:9d:11:dc]
RSSI: -87 [da:27:38:f5:02:5e]
RSSI: -87 [da:27:38:f5:02:5e]
RSSI: -73 [da:29:d3:ac:12:0c]
RSSI: -70 [da:29:d3:bb:12:2c]
RSSI: -70 [da:29:d3:bb:12:2c]
RSSI: -75 [da:29:d3:c7:12:5c]
RSSI: -89 [da:27:39:1d:02:de]
RSSI: -77 [da:29:d3:d7:12:8c]
RSSI: -79 [da:29:d3:d7:12:8c]
RSSI: -76 [da:29:d3:d7:12:8c]
RSSI: -75 [da:29:d3:d7:12:8c]
RSSI: -91 [da:27:39:2b:02:fe]
RSSI: -69 [da:29:d3:e5:12:bc]
RSSI: -77 [da:29:d3:e5:12:bc]
RSSI: -69 [da:29:d3:f2:12:dc]
RSSI: -73 [da:29:d4:01:13:0c]
RSSI: -76 [da:29:d4:10:13:3c]
RSSI: -91 [da:27:39:5f:03:9e]
RSSI: -78 [da:29:d4:10:13:3c]
RSSI: -75 [da:29:d4:1d:13:6c]
RSSI: -83 [da:29:d4:1d:13:6c]
RSSI: -84 [da:29:d4:2c:13:9c]
RSSI: -72 [da:29:d4:2c:13:9c]
RSSI: -72 [da:29:d4:2c:13:9c]
RSSI: -83 [da:29:d4:3a:13:bc]
RSSI: -90 [da:27:39:87:04:0e]
RSSI: -77 [da:29:d4:3a:13:bc]
RSSI: -81 [da:29:d4:47:13:ec]
RSSI: -76 [da:29:d4:47:13:ec]
RSSI: -76 [da:29:d4:56:14:1c]
RSSI: -79 [da:29:d4:56:14:1c]
RSSI: -79 [da:29:d4:65:14:4c]
RSSI: -90 [da:27:39:af:04:7e]
RSSI: -81 [da:29:d4:65:14:4c]
RSSI: -90 [da:27:39:bc:04:9e]
RSSI: -91 [da:27:39:bc:04:9e]
RSSI: -81 [da:29:d4:72:14:6c]
RSSI: -84 [da:29:d4:81:14:9c]
RSSI: -78 [da:29:d4:81:14:9c]
RSSI: -90 [da:27:39:d6:04:ee]
RSSI: -76 [da:29:d4:90:14:cc]
RSSI: -76 [da:29:d4:9c:14:fc]
RSSI: -75 [da:29:d4:9c:14:fc]
RSSI: -80 [da:29:d4:ab:15:2c]
RSSI: -78 [da:29:d4:ab:15:2c]
RSSI: -82 [da:29:d4:ba:15:5c]
RSSI: -75 [da:29:d4:c7:15:7c]
RSSI: -76 [da:29:d4:d6:15:ac]
RSSI: -77 [da:29:d4:e5:15:dc]
RSSI: -76 [da:29:d4:e5:15:dc]
RSSI: -76 [da:29:d4:f1:15:fc]
RSSI: -76 [da:29:d5:00:16:2c]
RSSI: -78 [da:29:d5:0f:16:5c]
RSSI: -91 [da:27:3a:5c:06:7e]
RSSI: -82 [da:29:d5:1c:00:0c]
RSSI: -92 [da:27:3a:84:06:ee]
RSSI: -76 [da:29:d5:3a:00:5c]
RSSI: -85 [da:29:d5:47:00:8c]
RSSI: -85 [da:29:d5:56:00:bc]
RSSI: -77 [da:29:d5:65:00:ec]
RSSI: -85 [da:29:d5:65:00:ec]
RSSI: -81 [da:29:d5:71:01:0c]
RSSI: -76 [da:29:d5:71:01:0c]
RSSI: -78 [da:29:d5:80:01:3c]
RSSI: -77 [da:29:d5:8f:01:6c]
RSSI: -73 [da:29:d5:9c:01:9c]
RSSI: -75 [da:29:d5:9c:01:9c]
RSSI: -73 [da:29:d5:ab:01:bc]
RSSI: -72 [da:29:d5:ab:01:bc]
RSSI: -71 [da:29:d5:ba:01:ec]
RSSI: -73 [da:29:d5:c7:02:1c]
RSSI: -85 [da:27:3b:16:08:8e]
RSSI: -73 [da:29:d5:c7:02:1c]
RSSI: -88 [da:27:3b:16:08:8e]
RSSI: -85 [da:27:3b:3e:08:fe]
RSSI: -74 [da:29:d5:f1:02:9c]
RSSI: -95 [da:22:4e:31:11:fb]
RSSI: -72 [da:29:d5:f1:02:9c]
RSSI: -89 [da:27:3b:4b:09:2e]
RSSI: -85 [da:27:3b:66:09:6e]
RSSI: -72 [da:29:d6:1c:03:2c]
RSSI: -83 [da:27:3b:66:09:6e]
RSSI: -70 [da:29:d6:1c:03:2c]
RSSI: -84 [da:27:3b:73:09:9e]
RSSI: -71 [da:29:d6:2b:03:5c]
RSSI: -79 [da:27:3b:81:09:ce]
RSSI: -78 [da:29:d6:3a:03:8c]
RSSI: -81 [da:27:3b:8e:09:ee]
RSSI: -69 [da:29:d6:47:03:ac]
RSSI: -79 [da:27:3b:9b:0a:0e]
RSSI: -78 [da:27:3b:9b:0a:0e]
RSSI: -72 [da:29:d6:56:03:dc]
RSSI: -69 [da:29:d6:56:03:dc]
RSSI: -76 [da:27:3b:a9:0a:3e]
RSSI: -77 [da:29:d6:65:04:0c]
RSSI: -73 [da:29:d6:65:04:0c]
RSSI: -75 [da:29:d6:72:04:2c]
RSSI: -77 [da:27:3b:c3:0a:8e]
RSSI: -76 [da:27:3b:c3:0a:8e]
RSSI: -75 [da:27:3b:d1:0a:ae]
RSSI: -69 [da:29:d6:81:04:5c]
RSSI: -76 [da:27:3b:d1:0a:ae]
RSSI: -70 [da:29:d6:90:04:8c]
RSSI: -75 [da:27:3b:eb:0a:fe]
RSSI: -72 [da:29:d6:9c:04:bc]
RSSI: -77 [da:27:3b:eb:0a:fe]
RSSI: -68 [da:29:d6:9c:04:bc]
RSSI: -76 [da:27:3b:f9:0b:1e]
RSSI: -76 [da:27:3b:f9:0b:1e]
RSSI: -71 [da:29:d6:ab:04:dc]
RSSI: -75 [da:27:3b:f9:0b:1e]
RSSI: -69 [da:29:d6:ba:05:0c]
RSSI: -65 [da:29:d6:ba:05:0c]
RSSI: -74 [da:27:3c:14:0b:6e]
RSSI: -77 [da:27:3c:14:0b:6e]
RSSI: -71 [da:29:d6:c7:05:3c]
RSSI: -77 [da:27:3c:14:0b:6e]
RSSI: -71 [da:29:d6:d6:05:6c]
RSSI: -75 [da:27:3c:21:0b:9e]
RSSI: -71 [da:29:d6:d6:05:6c]
RSSI: -71 [da:29:d6:d6:05:6c]
RSSI: -67 [da:29:d6:e5:05:9c]
RSSI: -70 [da:29:d6:e5:05:9c]
RSSI: -76 [da:27:3c:3c:0b:de]
RSSI: -67 [da:29:d6:f2:05:bc]
RSSI: -67 [da:29:d6:f2:05:bc]
RSSI: -78 [da:27:3c:49:0c:0e]
RSSI: -77 [da:27:3c:49:0c:0e]
RSSI: -68 [da:29:d7:01:05:ec]
RSSI: -78 [da:27:3c:56:0c:2e]
RSSI: -69 [da:29:d7:10:06:1c]
RSSI: -67 [da:29:d7:10:06:1c]
RSSI: -79 [da:27:3c:64:0c:4e]
RSSI: -80 [da:27:3c:64:0c:4e]
RSSI: -81 [da:27:3c:71:0c:7e]
RSSI: -82 [da:27:3c:71:0c:7e]
RSSI: -68 [da:29:d7:2c:06:7c]
RSSI: -92 [da:24:33:6f:02:aa]
RSSI: -73 [da:29:d7:3b:06:ac]
RSSI: -71 [da:29:d7:3b:06:ac]
RSSI: -85 [da:27:3c:8c:0c:ce]
RSSI: -84 [da:27:3c:8c:0c:ce]
RSSI: -93 [da:24:33:88:02:fa]
RSSI: -73 [da:29:d7:48:06:cc]
RSSI: -86 [da:27:3c:9a:0c:ee]
RSSI: -72 [da:29:d7:48:06:cc]
RSSI: -71 [da:29:d7:57:06:fc]
RSSI: -72 [da:29:d7:57:06:fc]
RSSI: -72 [da:29:d7:66:07:2c]
RSSI: -72 [da:29:d7:72:07:5c]
RSSI: -72 [da:29:d7:72:07:5c]
RSSI: -88 [da:27:3c:ce:0d:8e]
RSSI: -75 [da:29:d7:81:07:8c]
RSSI: -86 [da:27:3c:ce:0d:8e]
RSSI: -76 [da:29:d7:81:07:8c]
RSSI: -85 [da:27:3c:dc:0d:be]
RSSI: -77 [da:29:d7:9d:07:dc]
RSSI: -86 [da:27:3c:ea:0d:de]
RSSI: -79 [da:29:d7:9d:07:dc]
RSSI: -85 [da:27:3c:f6:0d:fe]
RSSI: -75 [da:29:d7:ac:08:0c]
RSSI: -75 [da:29:d7:ac:08:0c]
RSSI: -87 [da:27:3d:04:0e:2e]
RSSI: -79 [da:29:d7:bb:08:3c]
RSSI: -76 [da:29:d7:c8:08:6c]
RSSI: -87 [da:27:3d:12:0e:4e]
RSSI: -79 [da:29:d7:c8:08:6c]
RSSI: -90 [da:27:3d:1f:0e:6e]
RSSI: -76 [da:29:d7:d7:08:9c]
RSSI: -70 [da:29:d7:d7:08:9c]
RSSI: -74 [da:29:d7:e6:08:cc]
RSSI: -73 [da:29:d7:e6:08:cc]
RSSI: -86 [da:27:3d:3a:0e:be]
RSSI: -86 [da:27:3d:3a:0e:be]
RSSI: -73 [da:29:d7:f3:08:fc]
RSSI: -86 [da:27:3d:47:0e:de]
RSSI: -67 [da:29:d8:02:09:2c]
RSSI: -74 [da:29:d8:02:09:2c]
RSSI: -71 [da:29:d8:11:09:5c]
RSSI: -86 [da:27:3d:62:0f:2e]
RSSI: -74 [da:29:d8:1e:09:7c]
RSSI: -70 [da:29:d8:1e:09:7c]
RSSI: -85 [da:27:3d:6f:0f:5e]
RSSI: -74 [da:29:d8:2d:09:ac]
RSSI: -88 [da:27:3d:7d:0f:7e]
RSSI: -89 [da:22:50:77:02:4b]
RSSI: -71 [da:29:d8:3c:09:dc]
RSSI: -86 [da:27:3d:8b:0f:ae]
RSSI: -85 [da:22:50:87:02:7b]
RSSI: -88 [da:27:3d:97:0f:ce]
RSSI: -85 [da:22:50:87:02:7b]
RSSI: -75 [da:29:d8:49:0a:0c]
RSSI: -87 [da:27:3d:97:0f:ce]
RSSI: -84 [da:27:3d:a5:0f:ee]
RSSI: -86 [da:27:3d:b3:10:1e]
RSSI: -86 [da:27:3d:b3:10:1e]
RSSI: -67 [da:29:d8:67:0a:6c]
RSSI: -82 [da:22:50:a4:02:cb]
RSSI: -86 [da:27:3d:b3:10:1e]
RSSI: -90 [da:24:34:ad:06:4a]
RSSI: -83 [da:22:50:b4:02:fb]
RSSI: -68 [da:29:d8:74:0a:8c]
RSSI: -80 [da:22:50:c1:03:2b]
RSSI: -63 [da:29:d8:83:0a:bc]
RSSI: -80 [da:22:50:c1:03:2b]
RSSI: -64 [da:29:d8:83:0a:bc]
RSSI: -86 [da:27:3d:db:10:8e]
RSSI: -87 [da:27:3d:e8:10:be]
RSSI: -68 [da:29:d8:9f:0b:1c]
RSSI: -66 [da:29:d8:ae:0b:4c]
RSSI: -79 [da:22:50:ee:03:ab]
RSSI: -79 [da:29:d8:bd:0b:7c]
RSSI: -79 [da:22:50:fe:03:db]
RSSI: -70 [da:29:d8:ca:0b:9c]
RSSI: -80 [da:22:51:0e:04:0b]
RSSI: -67 [da:29:d8:ca:0b:9c]
RSSI: -78 [da:22:51:0e:04:0b]
RSSI: -65 [da:29:d8:ca:0b:9c]
RSSI: -60 [da:29:d8:d9:0b:cc]
RSSI: -79 [da:22:51:1b:04:3b]
RSSI: -79 [da:22:51:1b:04:3b]
RSSI: -60 [da:29:d8:e8:0b:fc]
RSSI: -89 [da:27:3e:38:11:9e]
RSSI: -81 [da:22:51:2b:04:6b]
RSSI: -54 [da:29:d8:f5:0c:2c]
RSSI: -78 [da:22:51:3b:04:9b]
RSSI: -54 [da:29:d9:04:0c:5c]
RSSI: -87 [da:27:3e:54:11:ee]
RSSI: -91 [da:24:35:47:08:0a]
RSSI: -82 [da:22:51:48:04:bb]
RSSI: -51 [da:29:d9:04:0c:5c]
RSSI: -83 [da:22:51:48:04:bb]
RSSI: -79 [da:22:51:48:04:bb]
RSSI: -53 [da:29:d9:13:0c:8c]
RSSI: -51 [da:29:d9:13:0c:8c]
RSSI: -81 [da:22:51:58:04:eb]
RSSI: -83 [da:22:51:58:04:eb]
RSSI: -51 [da:29:d9:20:0c:bc]
RSSI: -82 [da:22:51:68:05:1b]
RSSI: -50 [da:29:d9:2f:0c:ec]
RSSI: -50 [da:29:d9:2f:0c:ec]
RSSI: -80 [da:22:51:75:05:3b]
RSSI: -84 [da:22:51:75:05:3b]
RSSI: -50 [da:29:d9:3e:0d:1c]
RSSI: -91 [da:27:3e:97:12:ae]
RSSI: -50 [da:29:d9:4b:0d:3c]
RSSI: -89 [da:27:3e:a5:12:ce]
RSSI: -51 [da:29:d9:5a:0d:6c]
RSSI: -88 [da:22:51:95:05:9b]
RSSI: -87 [da:22:51:aa:05:db]
RSSI: -53 [da:29:d9:76:0d:cc]
RSSI: -52 [da:29:d9:76:0d:cc]
RSSI: -53 [da:29:d9:85:0d:fc]
RSSI: -58 [da:29:d9:94:0e:2c]
RSSI: -96 [da:24:35:e0:09:ba]
RSSI: -58 [da:29:d9:a1:0e:4c]
RSSI: -62 [da:29:d9:b0:0e:7c]
RSSI: -62 [da:29:d9:b0:0e:7c]
RSSI: -62 [da:29:d9:b0:0e:7c]
RSSI: -62 [da:29:d9:b0:0e:7c]
RSSI: -69 [da:29:d9:bf:0e:ac]
RSSI: -69 [da:29:d9:bf:0e:ac]
RSSI: -79 [da:29:d9:cc:0e:dc]
RSSI: -89 [da:27:3f:1e:14:2e]
RSSI: -67 [da:29:d9:db:0f:0c]
RSSI: -92 [da:27:3f:2a:14:4e]
RSSI: -65 [da:29:d9:ea:0f:3c]
RSSI: -64 [da:29:d9:ea:0f:3c]
RSSI: -63 [da:29:d9:f7:0f:5c]
RSSI: -64 [da:29:d9:f7:0f:5c]
RSSI: -65 [da:29:da:06:0f:8c]
RSSI: -65 [da:29:da:15:0f:bc]
RSSI: -66 [da:29:da:15:0f:bc]
RSSI: -68 [da:29:da:22:0f:ec]
RSSI: -71 [da:29:da:22:0f:ec]
RSSI: -74 [da:29:da:31:10:1c]
RSSI: -77 [da:29:da:40:10:4c]
RSSI: -69 [da:29:da:40:10:4c]
RSSI: -70 [da:29:da:4d:10:6c]
RSSI: -69 [da:29:da:5c:10:9c]
RSSI: -70 [da:29:da:5c:10:9c]
RSSI: -79 [da:29:da:6b:10:cc]
RSSI: -69 [da:29:da:6b:10:cc]
RSSI: -86 [da:29:da:78:10:fc]
RSSI: -86 [da:29:da:78:10:fc]
RSSI: -72 [da:29:da:87:11:2c]
RSSI: -71 [da:29:da:97:11:5c]
RSSI: -71 [da:29:da:97:11:5c]
RSSI: -80 [da:29:da:a3:11:7c]
RSSI: -68 [da:29:da:a3:11:7c]
RSSI: -76 [da:29:da:b2:11:bc]
RSSI: -69 [da:29:da:c2:11:ec]
RSSI: -72 [da:29:da:c2:11:ec]
RSSI: -73 [da:29:da:ce:12:0c]
RSSI: -75 [da:29:da:ce:12:0c]
RSSI: -73 [da:29:da:de:12:3c]
RSSI: -73 [da:29:da:de:12:3c]
RSSI: -71 [da:29:da:ed:12:6c]
RSSI: -91 [da:22:53:2b:0a:5b]
RSSI: -73 [da:29:da:ed:12:6c]
RSSI: -70 [da:29:da:fa:12:9c]
RSSI: -95 [da:22:53:45:0a:ab]
RSSI: -74 [da:29:db:09:12:cc]
RSSI: -82 [da:29:db:18:12:fc]
RSSI: -80 [da:29:db:18:12:fc]
RSSI: -78 [da:29:db:25:13:1c]
RSSI: -77 [da:29:db:25:13:1c]
RSSI: -76 [da:29:db:25:13:1c]
RSSI: -75 [da:29:db:43:13:7c]
RSSI: -72 [da:29:db:43:13:7c]
RSSI: -74 [da:29:db:50:13:ac]
RSSI: -74 [da:29:db:50:13:ac]
RSSI: -77 [da:29:db:5f:13:dc]
RSSI: -79 [da:29:db:6f:14:0c]
RSSI: -82 [da:29:db:6f:14:0c]
RSSI: -85 [da:29:db:7b:14:2c]
RSSI: -76 [da:29:db:7b:14:2c]
RSSI: -75 [da:29:db:8b:14:5c]
RSSI: -71 [da:29:db:9a:14:8c]
RSSI: -71 [da:29:db:9a:14:8c]
RSSI: -71 [da:29:db:a6:14:bc]
RSSI: -76 [da:29:db:b6:14:ec]
RSSI: -74 [da:29:db:b6:14:ec]
RSSI: -90 [da:22:54:04:0c:eb]
RSSI: -76 [da:29:db:c5:15:1c]
RSSI: -92 [da:22:54:04:0c:eb]
RSSI: -82 [da:29:db:c5:15:1c]
RSSI: -71 [da:29:db:d2:15:3c]
RSSI: -91 [da:27:41:1e:03:9e]
RSSI: -71 [da:29:db:d2:15:3c]
RSSI: -71 [da:29:db:e1:15:6c]
RSSI: -73 [da:29:db:f0:15:9c]
RSSI: -69 [da:29:db:f0:15:9c]
RSSI: -70 [da:29:db:fd:15:bc]
RSSI: -73 [da:29:db:fd:15:bc]
RSSI: -73 [da:29:dc:0c:15:ec]
RSSI: -91 [da:27:41:61:04:5e]
RSSI: -75 [da:29:dc:1c:16:1c]
RSSI: -74 [da:29:dc:1c:16:1c]
RSSI: -74 [da:29:dc:1c:16:1c]
RSSI: -77 [da:29:dc:28:16:4c]
RSSI: -77 [da:29:dc:28:16:4c]
RSSI: -90 [da:27:41:7d:04:ae]
RSSI: -80 [da:29:dc:38:16:7c]
RSSI: -76 [da:29:dc:47:00:2c]
RSSI: -87 [da:29:dc:53:00:5c]
RSSI: -77 [da:29:dc:63:00:8c]
RSSI: -73 [da:29:dc:72:00:bc]
RSSI: -80 [da:29:dc:72:00:bc]
RSSI: -71 [da:29:dc:7f:00:dc]
RSSI: -69 [da:29:dc:8e:01:0c]
RSSI: -71 [da:29:dc:9d:01:3c]
RSSI: -68 [da:29:dc:9d:01:3c]
RSSI: -69 [da:29:dc:aa:01:6c]
RSSI: -70 [da:29:dc:aa:01:6c]
RSSI: -68 [da:29:dc:ba:01:9c]
RSSI: -66 [da:29:dc:c9:01:cc]
RSSI: -69 [da:29:dc:d5:01:fc]
RSSI: -66 [da:29:dc:d5:01:fc]
RSSI: -70 [da:29:dc:e5:02:2c]
RSSI: -91 [da:27:42:3b:06:ce]
RSSI: -69 [da:29:dc:f4:02:5c]
RSSI: -71 [da:29:dc:f4:02:5c]
RSSI: -71 [da:29:dc:f4:02:5c]
RSSI: -88 [da:27:42:49:06:fe]
RSSI: -73 [da:29:dd:01:02:7c]
RSSI: -76 [da:29:dd:10:02:ac]
RSSI: -76 [da:29:dd:10:02:ac]
RSSI: -67 [da:29:dd:20:02:dc]
RSSI: -93 [da:27:42:72:07:6e]
RSSI: -67 [da:29:dd:2c:03:0c]
RSSI: -91 [da:27:42:7e:07:9e]
RSSI: -73 [da:29:dd:3c:03:3c]
RSSI: -73 [da:29:dd:3c:03:3c]
RSSI: -67 [da:29:dd:3c:03:3c]
RSSI: -79 [da:29:dd:4b:03:6c]
RSSI: -72 [da:29:dd:4b:03:6c]
RSSI: -81 [da:29:dd:58:03:8c]
RSSI: -89 [da:27:42:ac:08:1e]
RSSI: -68 [da:29:dd:67:03:bc]
RSSI: -72 [da:29:dd:76:03:ec]
RSSI: -74 [da:29:dd:83:04:1c]
RSSI: -69 [da:29:dd:83:04:1c]
RSSI: -90 [da:27:42:d7:08:9e]
RSSI: -68 [da:29:dd:83:04:1c]
RSSI: -88 [da:27:42:e5:08:ce]
RSSI: -70 [da:29:dd:92:04:4c]
RSSI: -66 [da:29:dd:a2:04:7c]
RSSI: -88 [da:27:42:f3:08:ee]
RSSI: -65 [da:29:dd:ae:04:9c]
RSSI: -65 [da:29:dd:ae:04:9c]
RSSI: -68 [da:29:dd:be:04:cc]
RSSI: -66 [da:29:dd:be:04:cc]
RSSI: -84 [da:27:43:1c:09:6e]
RSSI: -69 [da:29:dd:cd:04:fc]
RSSI: -85 [da:27:43:1c:09:6e]
RSSI: -69 [da:29:dd:cd:04:fc]
RSSI: -94 [da:24:3a:0f:15:ca]
RSSI: -82 [da:27:43:29:09:8e]
RSSI: -66 [da:29:dd:da:05:2c]
RSSI: -83 [da:27:43:29:09:8e]
RSSI: -81 [da:27:43:37:09:ae]
RSSI: -68 [da:29:dd:e9:05:5c]
RSSI: -81 [da:27:43:37:09:ae]
RSSI: -66 [da:29:dd:e9:05:5c]
RSSI: -68 [da:29:dd:f9:05:8c]
RSSI: -81 [da:27:43:45:09:de]
RSSI: -68 [da:29:dd:f9:05:8c]
RSSI: -81 [da:27:43:45:09:de]
RSSI: -66 [da:29:dd:f9:05:8c]
RSSI: -91 [da:24:3a:42:00:4a]
RSSI: -80 [da:27:43:52:09:fe]
RSSI: -79 [da:27:43:52:09:fe]
RSSI: -68 [da:29:de:05:05:bc]
RSSI: -79 [da:27:43:52:09:fe]
RSSI: -64 [da:29:de:15:05:ec]
RSSI: -70 [da:29:de:15:05:ec]
RSSI: -79 [da:27:43:6e:0a:4e]
RSSI: -93 [da:24:3a:5c:00:9a]
RSSI: -80 [da:27:43:6e:0a:4e]
RSSI: -69 [da:29:de:24:06:1c]
RSSI: -91 [da:22:56:6a:14:0b]
RSSI: -71 [da:29:de:31:06:3c]
RSSI: -79 [da:27:43:7a:0a:7e]
RSSI: -71 [da:29:de:31:06:3c]
RSSI: -77 [da:27:43:89:0a:9e]
RSSI: -76 [da:27:43:89:0a:9e]
RSSI: -71 [da:29:de:40:06:6c]
RSSI: -71 [da:29:de:40:06:6c]
RSSI: -71 [da:29:de:40:06:6c]
RSSI: -79 [da:27:43:97:0a:ce]
RSSI: -70 [da:29:de:50:06:9c]
RSSI: -77 [da:27:43:a3:0a:ee]
RSSI: -71 [da:29:de:5c:06:cc]
RSSI: -79 [da:27:43:a3:0a:ee]
RSSI: -70 [da:29:de:5c:06:cc]
RSSI: -76 [da:27:43:b1:0b:1e]
RSSI: -77 [da:27:43:b1:0b:1e]
RSSI: -72 [da:29:de:6c:06:fc]
RSSI: -78 [da:27:43:bf:0b:3e]
RSSI: -73 [da:29:de:6c:06:fc]
RSSI: -77 [da:27:43:bf:0b:3e]
RSSI: -75 [da:29:de:7b:07:2c]
RSSI: -79 [da:27:43:cc:0b:5e]
RSSI: -77 [da:29:de:7b:07:2c]
RSSI: -79 [da:27:43:cc:0b:5e]
RSSI: -80 [da:29:de:8d:07:5c]
RSSI: -80 [da:27:43:da:0b:8e]
RSSI: -78 [da:29:de:8d:07:5c]
RSSI: -78 [da:27:43:e8:0b:ae]
RSSI: -78 [da:29:de:9d:07:9c]
RSSI: -80 [da:29:de:9d:07:9c]
RSSI: -81 [da:29:de:9d:07:9c]
RSSI: -79 [da:27:43:f5:0b:de]
RSSI: -82 [da:29:de:ad:07:cc]
RSSI: -81 [da:27:44:03:0b:fe]
RSSI: -80 [da:27:44:03:0b:fe]
RSSI: -80 [da:27:44:11:0c:2e]
RSSI: -81 [da:27:44:11:0c:2e]
RSSI: -82 [da:27:44:1e:0c:4e]
RSSI: -78 [da:29:de:c9:08:1c]
RSSI: -82 [da:27:44:1e:0c:4e]
RSSI: -73 [da:29:de:d8:08:4c]
RSSI: -80 [da:29:de:d8:08:4c]
RSSI: -83 [da:27:44:2c:0c:7e]
RSSI: -84 [da:27:44:2c:0c:7e]
RSSI: -74 [da:29:de:e5:08:7c]
RSSI: -85 [da:27:44:3a:0c:9e]
RSSI: -75 [da:29:de:f5:08:ac]
RSSI: -75 [da:29:df:04:08:dc]
RSSI: -72 [da:29:df:04:08:dc]
RSSI: -89 [da:27:44:55:0c:ee]
RSSI: -73 [da:29:df:11:09:0c]
RSSI: -72 [da:29:df:11:09:0c]
RSSI: -76 [da:29:df:20:09:3c]
RSSI: -72 [da:29:df:30:09:6c]
RSSI: -72 [da:29:df:3c:09:8c]
RSSI: -72 [da:29:df:3c:09:8c]
RSSI: -70 [da:29:df:3c:09:8c]
RSSI: -72 [da:29:df:4c:09:bc]
RSSI: -77 [da:29:df:5b:09:ec]
RSSI: -88 [da:27:44:a7:0d:de]
RSSI: -72 [da:29:df:68:0a:1c]
RSSI: -72 [da:29:df:77:0a:4c]
RSSI: -72 [da:29:df:77:0a:4c]
RSSI: -78 [da:29:df:87:0a:7c]
RSSI: -89 [da:27:44:de:0e:7e]
RSSI: -63 [da:29:df:93:0a:ac]
RSSI: -89 [da:27:44:ea:0e:9e]
RSSI: -89 [da:27:44:ea:0e:9e]
RSSI: -78 [da:29:df:a3:0a:dc]
RSSI: -64 [da:29:df:a3:0a:dc]
RSSI: -71 [da:29:df:b2:0b:0c]
RSSI: -71 [da:29:df:b2:0b:0c]
RSSI: -72 [da:29:df:b2:0b:0c]
RSSI: -68 [da:29:df:bf:0b:2c]
RSSI: -89 [da:27:45:13:0f:0e]
RSSI: -92 [da:22:58:05:02:3b]
RSSI: -62 [da:29:df:cf:0b:5c]
RSSI: -89 [da:27:45:22:0f:3e]
RSSI: -59 [da:29:df:de:0b:8c]
RSSI: -86 [da:22:58:1f:02:8b]
RSSI: -59 [da:29:df:de:0b:8c]
RSSI: -85 [da:22:58:1f:02:8b]
RSSI: -83 [da:22:58:2c:02:ab]
RSSI: -58 [da:29:df:eb:0b:bc]
RSSI: -82 [da:22:58:2c:02:ab]
RSSI: -55 [da:29:df:eb:0b:bc]
RSSI: -83 [da:22:58:2c:02:ab]
RSSI: -91 [da:27:45:3c:0f:8e]
RSSI: -81 [da:22:58:39:02:db]
RSSI: -86 [da:27:45:4b:0f:ae]
RSSI: -81 [da:22:58:39:02:db]
RSSI: -85 [da:22:58:46:02:fb]
RSSI: -82 [da:22:58:46:02:fb]
RSSI: -51 [da:29:e0:0a:0c:1c]
RSSI: -79 [da:22:58:53:03:1b]
RSSI: -85 [da:27:45:59:0f:de]
RSSI: -79 [da:22:58:53:03:1b]
RSSI: -52 [da:29:e0:16:0c:4c]
RSSI: -79 [da:22:58:53:03:1b]
RSSI: -50 [da:29:e0:16:0c:4c]
RSSI: -79 [da:22:58:60:03:4b]
RSSI: -90 [da:27:45:65:0f:fe]
RSSI: -78 [da:22:58:60:03:4b]
RSSI: -51 [da:29:e0:26:0c:7c]
RSSI: -79 [da:22:58:6c:03:6b]
RSSI: -78 [da:22:58:6c:03:6b]
RSSI: -78 [da:22:58:79:03:9b]
RSSI: -88 [da:27:45:82:10:5e]
RSSI: -78 [da:22:58:79:03:9b]
RSSI: -48 [da:29:e0:42:0c:cc]
RSSI: -77 [da:22:58:86:03:bb]
RSSI: -53 [da:29:e0:42:0c:cc]
RSSI: -76 [da:22:58:86:03:bb]
RSSI: -77 [da:22:58:93:03:eb]
RSSI: -92 [da:27:45:9d:10:ae]
RSSI: -77 [da:22:58:a0:04:0b]
RSSI: -88 [da:27:45:ab:10:ce]
RSSI: -78 [da:22:58:a0:04:0b]
RSSI: -52 [da:29:e0:61:0d:3c]
RSSI: -77 [da:22:58:ad:04:2b]
RSSI: -55 [da:29:e0:6e:0d:5c]
RSSI: -78 [da:22:58:ad:04:2b]
RSSI: -77 [da:22:58:ba:04:5b]
RSSI: -77 [da:22:58:ba:04:5b]
RSSI: -57 [da:29:e0:7d:0d:8c]
RSSI: -78 [da:22:58:c7:04:7b]
RSSI: -57 [da:29:e0:7d:0d:8c]
RSSI: -77 [da:22:58:c7:04:7b]
RSSI: -56 [da:29:e0:8d:0d:bc]
RSSI: -55 [da:29:e0:8d:0d:bc]
RSSI: -79 [da:22:58:d4:04:ab]
RSSI: -78 [da:22:58:d4:04:ab]
RSSI: -61 [da:29:e0:9a:0d:ec]
RSSI: -78 [da:22:58:e0:04:cb]
RSSI: -77 [da:22:58:e0:04:cb]
RSSI: -90 [da:27:45:ef:11:9e]
RSSI: -79 [da:22:58:ee:04:fb]
RSSI: -66 [da:29:e0:a9:0e:1c]
RSSI: -65 [da:29:e0:a9:0e:1c]
RSSI: -79 [da:22:58:ee:04:fb]
RSSI: -65 [da:29:e0:a9:0e:1c]
RSSI: -69 [da:29:e0:b9:0e:4c]
RSSI: -81 [da:22:58:fb:05:1b]
RSSI: -80 [da:29:e0:b9:0e:4c]
RSSI: -80 [da:22:59:07:05:3b]
RSSI: -81 [da:22:59:07:05:3b]
RSSI: -66 [da:29:e0:c6:0e:7c]
RSSI: -81 [da:22:59:07:05:3b]
RSSI: -92 [da:27:46:18:12:0e]
RSSI: -83 [da:22:59:14:05:6b]
RSSI: -64 [da:29:e0:d5:0e:ac]
RSSI: -80 [da:22:59:14:05:6b]
RSSI: -60 [da:29:e0:d5:0e:ac]
RSSI: -93 [da:27:46:26:12:2e]
RSSI: -85 [da:22:59:21:05:8b]
RSSI: -65 [da:29:e0:e5:0e:dc]
RSSI: -62 [da:29:e0:e5:0e:dc]
RSSI: -88 [da:22:59:2e:05:bb]
RSSI: -64 [da:29:e0:f1:0e:fc]
RSSI: -89 [da:22:59:3b:05:db]
RSSI: -87 [da:22:59:3b:05:db]
RSSI: -61 [da:29:e1:01:0f:2c]
RSSI: -61 [da:29:e1:01:0f:2c]
RSSI: -65 [da:29:e1:01:0f:2c]
RSSI: -65 [da:29:e1:10:0f:6c]
RSSI: -92 [da:22:59:55:06:2b]
RSSI: -70 [da:29:e1:1d:0f:8c]
RSSI: -70 [da:29:e1:1d:0f:8c]
RSSI: -87 [da:22:59:62:06:4b]
RSSI: -90 [da:27:46:79:13:1e]
RSSI: -74 [da:29:e1:2d:0f:bc]
RSSI: -73 [da:29:e1:2d:0f:bc]
RSSI: -66 [da:29:e1:3c:0f:ec]
RSSI: -89 [da:22:59:89:06:cb]
RSSI: -68 [da:29:e1:49:10:1c]
RSSI: -65 [da:29:e1:49:10:1c]
RSSI: -70 [da:29:e1:58:10:4c]
RSSI: -67 [da:29:e1:58:10:4c]
RSSI: -72 [da:29:e1:68:10:7c]
RSSI: -73 [da:29:e1:75:10:ac]
RSSI: -72 [da:29:e1:84:10:dc]
RSSI: -95 [da:22:59:c9:07:8b]
RSSI: -72 [da:29:e1:84:10:dc]
RSSI: -69 [da:29:e1:94:11:0c]
RSSI: -70 [da:29:e1:a0:11:2c]
RSSI: -67 [da:29:e1:a0:11:2c]
RSSI: -73 [da:29:e1:b0:11:5c]
RSSI: -68 [da:29:e1:b0:11:5c]
RSSI: -68 [da:29:e1:c0:11:8c]
RSSI: -77 [da:29:e1:c0:11:8c]
RSSI: -71 [da:29:e1:cc:11:bc]
RSSI: -71 [da:29:e1:dc:11:ec]
RSSI: -71 [da:29:e1:dc:11:ec]
RSSI: -72 [da:29:e1:eb:12:1c]
RSSI: -70 [da:29:e1:eb:12:1c]
RSSI: -72 [da:29:e1:f8:12:3c]
RSSI: -72 [da:29:e2:08:12:6c]
RSSI: -79 [da:29:e2:17:12:9c]
RSSI: -80 [da:29:e2:17:12:9c]
RSSI: -84 [da:29:e2:24:12:cc]
RSSI: -72 [da:29:e2:34:12:fc]
RSSI: -72 [da:29:e2:43:13:2c]
RSSI: -76 [da:29:e2:50:13:4c]
RSSI: -74 [da:29:e2:50:13:4c]
RSSI: -83 [da:29:e2:60:13:7c]
RSSI: -73 [da:29:e2:6f:13:ac]
RSSI: -72 [da:29:e2:7c:13:dc]
RSSI: -93 [da:22:5a:c0:0a:6b]
RSSI: -69 [da:29:e2:7c:13:dc]
RSSI: -73 [da:29:e2:8b:14:0c]
RSSI: -69 [da:29:e2:8b:14:0c]
RSSI: -93 [da:22:5a:da:0a:bb]
RSSI: -73 [da:29:e2:9b:14:3c]
RSSI: -96 [da:22:5a:da:0a:bb]
RSSI: -72 [da:29:e2:a8:14:6c]
RSSI: -76 [da:29:e2:a8:14:6c]
RSSI: -71 [da:29:e2:b7:14:9c]
RSSI: -67 [da:29:e2:b7:14:9c]
RSSI: -76 [da:29:e2:c7:14:cc]
RSSI: -68 [da:29:e2:c7:14:cc]
RSSI: -72 [da:29:e2:d4:14:ec]
RSSI: -67 [da:29:e2:d4:14:ec]
RSSI: -65 [da:29:e2:e3:15:2c]
RSSI: -70 [da:29:e2:e3:15:2c]
RSSI: -68 [da:29:e2:f3:15:5c]
RSSI: -66 [da:29:e2:f3:15:5c]
RSSI: -70 [da:29:e3:00:15:7c]
RSSI: -74 [da:29:e3:0f:15:ac]
RSSI: -74 [da:29:e3:0f:15:ac]
RSSI: -75 [da:29:e3:0f:15:ac]
RSSI: -74 [da:29:e3:1f:15:dc]
RSSI: -78 [da:29:e3:1f:15:dc]
RSSI: -72 [da:29:e3:2c:16:0c]
RSSI: -80 [da:29:e3:3b:16:3c]
RSSI: -79 [da:29:e3:3b:16:3c]
RSSI: -89 [da:29:e3:4b:16:6c]
RSSI: -79 [da:29:e3:4b:16:6c]
RSSI: -69 [da:29:e3:67:00:3c]
RSSI: -93 [da:22:5b:aa:0d:2b]
RSSI: -79 [da:29:e3:67:00:3c]
RSSI: -74 [da:29:e3:83:00:8c]
RSSI: -68 [da:29:e3:83:00:8c]
RSSI: -71 [da:29:e3:93:00:bc]
RSSI: -71 [da:29:e3:93:00:bc]
RSSI: -65 [da:29:e3:93:00:bc]
RSSI: -65 [da:29:e3:af:01:1c]
RSSI: -94 [da:27:48:ff:04:0e]
RSSI: -65 [da:29:e3:af:01:1c]
RSSI: -65 [da:29:e3:bf:01:4c]
RSSI: -69 [da:29:e3:cf:01:7c]
RSSI: -64 [da:29:e3:dc:01:ac]
RSSI: -70 [da:29:e3:dc:01:ac]
RSSI: -64 [da:29:e3:eb:01:dc]
RSSI: -73 [da:29:e3:fb:02:0c]
RSSI: -69 [da:29:e3:fb:02:0c]
RSSI: -75 [da:29:e4:08:02:2c]
RSSI: -71 [da:29:e4:08:02:2c]
RSSI: -81 [da:29:e4:17:02:5c]
RSSI: -72 [da:29:e4:27:02:9c]
RSSI: -65 [da:29:e4:27:02:9c]
RSSI: -75 [da:29:e4:34:02:bc]
RSSI: -78 [da:29:e4:43:02:ec]
RSSI: -67 [da:29:e4:53:03:1c]
RSSI: -81 [da:29:e4:53:03:1c]
RSSI: -69 [da:29:e4:60:03:4c]
RSSI: -71 [da:29:e4:70:03:7c]
RSSI: -72 [da:29:e4:70:03:7c]
RSSI: -69 [da:29:e4:7f:03:ac]
RSSI: -69 [da:29:e4:7f:03:ac]
RSSI: -67 [da:29:e4:7f:03:ac]
RSSI: -67 [da:29:e4:7f:03:ac]
RSSI: -67 [da:29:e4:8c:03:cc]
RSSI: -64 [da:29:e4:9c:03:fc]
RSSI: -67 [da:29:e4:9c:03:fc]
RSSI: -63 [da:29:e4:ab:04:2c]
RSSI: -63 [da:29:e4:ab:04:2c]
RSSI: -67 [da:29:e4:b8:04:5c]
RSSI: -93 [da:27:4a:06:06:fe]
RSSI: -64 [da:29:e4:b8:04:5c]
RSSI: -93 [da:27:4a:06:06:fe]
RSSI: -68 [da:29:e4:c8:04:8c]
RSSI: -65 [da:29:e4:c8:04:8c]
RSSI: -64 [da:29:e4:d7:04:bc]
RSSI: -69 [da:29:e4:d7:04:bc]
RSSI: -65 [da:29:e4:e4:04:dc]
RSSI: -66 [da:29:e4:e4:04:dc]
RSSI: -64 [da:29:e4:f4:05:1c]
RSSI: -64 [da:29:e5:04:05:4c]
RSSI: -92 [da:27:4a:59:07:ee]
RSSI: -70 [da:29:e5:10:05:6c]
RSSI: -91 [da:27:4a:65:08:1e]
RSSI: -71 [da:29:e5:10:05:6c]
RSSI: -67 [da:29:e5:20:05:9c]
RSSI: -73 [da:29:e5:30:05:cc]
RSSI: -89 [da:27:4a:82:08:6e]
RSSI: -74 [da:29:e5:3c:05:fc]
RSSI: -71 [da:29:e5:3c:05:fc]
RSSI: -71 [da:29:e5:3c:05:fc]
RSSI: -96 [da:22:5d:8d:12:cb]
RSSI: -72 [da:29:e5:4c:06:2c]
RSSI: -71 [da:29:e5:5c:06:5c]
RSSI: -77 [da:29:e5:69:06:7c]
RSSI: -89 [da:27:4a:b9:09:0e]
RSSI: -77 [da:29:e5:69:06:7c]
RSSI: -80 [da:29:e5:78:06:bc]
RSSI: -85 [da:27:4a:c7:09:2e]
RSSI: -78 [da:29:e5:78:06:bc]
RSSI: -76 [da:29:e5:88:06:ec]
RSSI: -82 [da:27:4a:d6:09:5e]
RSSI: -87 [da:27:4a:e2:09:7e]
RSSI: -70 [da:29:e5:95:07:0c]
RSSI: -80 [da:27:4a:e2:09:7e]
RSSI: -76 [da:29:e5:95:07:0c]
RSSI: -80 [da:27:4a:f1:09:ae]
RSSI: -69 [da:29:e5:a5:07:3c]
RSSI: -83 [da:27:4a:f1:09:ae]
RSSI: -68 [da:29:e5:a5:07:3c]
RSSI: -78 [da:27:4a:ff:09:ce]
RSSI: -73 [da:29:e5:b4:07:7c]
RSSI: -79 [da:27:4a:ff:09:ce]
RSSI: -68 [da:29:e5:b4:07:7c]
RSSI: -79 [da:27:4a:ff:09:ce]
RSSI: -77 [da:27:4b:0c:09:fe]
RSSI: -68 [da:29:e5:c1:07:9c]
RSSI: -65 [da:29:e5:c1:07:9c]
RSSI: -77 [da:27:4b:1a:0a:1e]
RSSI: -66 [da:29:e5:d1:07:cc]
RSSI: -79 [da:27:4b:29:0a:4e]
RSSI: -64 [da:29:e5:e0:07:fc]
RSSI: -65 [da:29:e5:e0:07:fc]
RSSI: -76 [da:27:4b:35:0a:6e]
RSSI: -77 [da:27:4b:35:0a:6e]
RSSI: -64 [da:29:e5:ed:08:2c]
RSSI: -76 [da:27:4b:44:0a:9e]
RSSI: -65 [da:29:e5:fd:08:5c]
RSSI: -76 [da:27:4b:44:0a:9e]
RSSI: -63 [da:29:e5:fd:08:5c]
RSSI: -75 [da:27:4b:52:0a:ce]
RSSI: -65 [da:29:e6:0d:08:8c]
RSSI: -77 [da:27:4b:5f:0a:ee]
RSSI: -64 [da:29:e6:0d:08:8c]
RSSI: -76 [da:27:4b:5f:0a:ee]
RSSI: -95 [da:24:42:56:01:3a]
RSSI: -66 [da:29:e6:19:08:bc]
RSSI: -77 [da:27:4b:6e:0b:1e]
RSSI: -67 [da:29:e6:29:08:ec]
RSSI: -64 [da:29:e6:39:09:1c]
RSSI: -64 [da:29:e6:39:09:1c]
RSSI: -78 [da:27:4b:89:0b:5e]
RSSI: -64 [da:29:e6:39:09:1c]
RSSI: -64 [da:29:e6:46:09:4c]
RSSI: -79 [da:27:4b:97:0b:8e]
RSSI: -79 [da:27:4b:97:0b:8e]
RSSI: -80 [da:29:e6:55:09:7c]
RSSI: -65 [da:29:e6:55:09:7c]
RSSI: -70 [da:29:e6:65:09:ac]
RSSI: -81 [da:27:4b:b2:0b:de]
RSSI: -79 [da:27:4b:b2:0b:de]
RSSI: -68 [da:29:e6:65:09:ac]
RSSI: -79 [da:27:4b:b2:0b:de]
RSSI: -69 [da:29:e6:72:09:dc]
RSSI: -83 [da:27:4b:c1:0c:0e]
RSSI: -68 [da:29:e6:72:09:dc]
RSSI: -63 [da:29:e6:82:0a:0c]
RSSI: -62 [da:29:e6:82:0a:0c]
RSSI: -82 [da:27:4b:dc:0c:5e]
RSSI: -60 [da:29:e6:92:0a:3c]
RSSI: -84 [da:27:4b:dc:0c:5e]
RSSI: -61 [da:29:e6:92:0a:3c]
RSSI: -85 [da:27:4b:eb:0c:7e]
RSSI: -62 [da:29:e6:9e:0a:5c]
RSSI: -84 [da:27:4b:f9:0c:ae]
RSSI: -90 [da:27:4b:f9:0c:ae]
RSSI: -60 [da:29:e6:ae:0a:9c]
RSSI: -88 [da:27:4c:06:0c:ce]
RSSI: -63 [da:29:e6:be:0a:cc]
RSSI: -63 [da:29:e6:be:0a:cc]
RSSI: -65 [da:29:e6:ca:0a:ec]
RSSI: -56 [da:29:e6:da:0b:1c]
RSSI: -55 [da:29:e6:da:0b:1c]
RSSI: -65 [da:29:e6:da:0b:1c]
RSSI: -57 [da:29:e6:ea:0b:5c]
RSSI: -91 [da:27:4c:3e:0d:7e]
RSSI: -65 [da:29:e6:f7:0b:7c]
RSSI: -90 [da:27:4c:3e:0d:7e]
RSSI: -55 [da:29:e6:f7:0b:7c]
RSSI: -64 [da:29:e7:07:0b:ac]
RSSI: -54 [da:29:e7:07:0b:ac]
RSSI: -90 [da:27:4c:59:0d:be]
RSSI: -48 [da:29:e7:16:0b:dc]
RSSI: -91 [da:27:4c:68:0d:ee]
RSSI: -54 [da:29:e7:23:0c:0c]
RSSI: -48 [da:29:e7:23:0c:0c]
RSSI: -53 [da:29:e7:33:0c:3c]
RSSI: -90 [da:27:4c:83:0e:3e]
RSSI: -68 [da:29:e7:43:0c:6c]
RSSI: -71 [da:29:e7:43:0c:6c]
RSSI: -49 [da:29:e7:4f:0c:9c]
RSSI: -73 [da:29:e7:4f:0c:9c]
RSSI: -51 [da:29:e7:5f:0c:cc]
RSSI: -68 [da:29:e7:6f:0c:fc]
RSSI: -64 [da:29:e7:7c:0d:2c]
RSSI: -64 [da:29:e7:7c:0d:2c]
RSSI: -69 [da:29:e7:7c:0d:2c]
RSSI: -68 [da:29:e7:7c:0d:2c]
RSSI: -89 [da:27:4c:d6:0f:2e]
RSSI: -86 [da:22:5f:c9:02:eb]
RSSI: -88 [da:24:43:ca:05:5a]
RSSI: -61 [da:29:e7:8c:0d:5c]
RSSI: -91 [da:27:4c:e5:0f:5e]
RSSI: -85 [da:24:43:e5:05:aa]
RSSI: -58 [da:29:e7:a8:0d:ac]
RSSI: -60 [da:29:e7:a8:0d:ac]
RSSI: -86 [da:24:43:f2:05:ca]
RSSI: -85 [da:24:43:f2:05:ca]
RSSI: -62 [da:29:e7:b8:0d:ec]
RSSI: -59 [da:29:e7:b8:0d:ec]
RSSI: -90 [da:22:5f:fe:03:8b]
RSSI: -83 [da:22:5f:fe:03:8b]
RSSI: -86 [da:24:43:ff:05:fa]
RSSI: -62 [da:29:e7:c8:0e:1c]
RSSI: -86 [da:22:60:0c:03:bb]
RSSI: -85 [da:24:44:0d:06:1a]
RSSI: -88 [da:22:60:0c:03:bb]
RSSI: -85 [da:24:44:0d:06:1a]
RSSI: -57 [da:29:e7:d5:0e:3c]
RSSI: -82 [da:22:60:18:03:db]
RSSI: -65 [da:29:e7:d5:0e:3c]
RSSI: -86 [da:22:60:18:03:db]
RSSI: -91 [da:27:4d:2a:10:1e]
RSSI: -58 [da:29:e7:e5:0e:6c]
RSSI: -66 [da:29:e7:f4:0e:9c]
RSSI: -86 [da:22:60:33:04:2b]
RSSI: -87 [da:22:60:33:04:2b]
RSSI: -83 [da:24:44:35:06:8a]
RSSI: -67 [da:29:e7:f4:0e:9c]
RSSI: -82 [da:22:60:40:04:4b]
RSSI: -81 [da:24:44:42:06:ba]
RSSI: -69 [da:29:e8:01:0e:cc]
RSSI: -86 [da:22:60:40:04:4b]
RSSI: -70 [da:29:e8:01:0e:cc]
RSSI: -84 [da:24:44:4f:06:da]
RSSI: -83 [da:22:60:4d:04:7b]
RSSI: -84 [da:24:44:4f:06:da]
RSSI: -81 [da:24:44:4f:06:da]
RSSI: -72 [da:29:e8:11:0e:fc]
RSSI: -80 [da:24:44:5d:07:0a]
RSSI: -86 [da:22:60:5b:04:9b]
RSSI: -71 [da:29:e8:21:0f:2c]
RSSI: -66 [da:29:e8:21:0f:2c]
RSSI: -87 [da:22:60:67:04:cb]
RSSI: -80 [da:24:44:6a:07:2a]
RSSI: -83 [da:24:44:6a:07:2a]
RSSI: -66 [da:29:e8:2d:0f:5c]
RSSI: -84 [da:22:60:75:04:eb]
RSSI: -83 [da:24:44:77:07:4a]
RSSI: -87 [da:22:60:82:05:1b]
RSSI: -65 [da:29:e8:3d:0f:8c]
RSSI: -85 [da:22:60:82:05:1b]
RSSI: -81 [da:24:44:85:07:7a]
RSSI: -68 [da:29:e8:4d:0f:bc]
RSSI: -83 [da:24:44:92:07:9a]
RSSI: -67 [da:29:e8:5a:0f:ec]
RSSI: -86 [da:22:60:9c:05:6b]
RSSI: -68 [da:29:e8:5a:0f:ec]
RSSI: -82 [da:24:44:9f:07:ba]
RSSI: -87 [da:22:60:aa:05:8b]
RSSI: -68 [da:29:e8:6a:10:1c]
RSSI: -81 [da:24:44:ad:07:ea]
RSSI: -66 [da:29:e8:6a:10:1c]
RSSI: -72 [da:29:e8:7a:10:4c]
RSSI: -84 [da:24:44:ba:08:0a]
RSSI: -88 [da:22:60:b6:05:ab]
RSSI: -69 [da:29:e8:7a:10:4c]
RSSI: -85 [da:24:44:ba:08:0a]
RSSI: -74 [da:29:e8:86:10:7c]
RSSI: -88 [da:24:44:c7:08:3a]
RSSI: -69 [da:29:e8:86:10:7c]
RSSI: -85 [da:24:44:d5:08:5a]
RSSI: -68 [da:29:e8:96:10:ac]
RSSI: -76 [da:29:e8:96:10:ac]
RSSI: -87 [da:24:44:e2:08:8a]
RSSI: -72 [da:29:e8:a6:10:dc]
RSSI: -72 [da:29:e8:a6:10:dc]
RSSI: -73 [da:29:e8:b3:10:fc]
RSSI: -78 [da:29:e8:c3:11:3c]
RSSI: -92 [da:27:4e:0a:12:ae]
RSSI: -72 [da:29:e8:c3:11:3c]
RSSI: -68 [da:29:e8:d3:11:6c]
RSSI: -75 [da:29:e8:d3:11:6c]
RSSI: -71 [da:29:e8:df:11:8c]
RSSI: -93 [da:24:45:25:09:4a]
RSSI: -77 [da:29:e8:ef:11:bc]
RSSI: -85 [da:29:e8:ff:11:fc]
RSSI: -86 [da:29:e8:ff:11:fc]
RSSI: -83 [da:29:e8:ff:11:fc]
RSSI: -81 [da:29:e8:ff:11:fc]
RSSI: -68 [da:29:e9:1c:12:4c]
RSSI: -80 [da:29:e9:1c:12:4c]
RSSI: -74 [da:29:e9:2c:12:7c]
RSSI: -73 [da:29:e9:2c:12:7c]
RSSI: -76 [da:29:e9:38:12:ac]
RSSI: -86 [da:29:e9:48:12:dc]
RSSI: -72 [da:29:e9:58:13:0c]
RSSI: -80 [da:29:e9:58:13:0c]
RSSI: -68 [da:29:e9:65:13:3c]
RSSI: -71 [da:29:e9:75:13:6c]
RSSI: -69 [da:29:e9:75:13:6c]
RSSI: -75 [da:29:e9:85:13:9c]
RSSI: -71 [da:29:e9:85:13:9c]
RSSI: -74 [da:29:e9:91:13:bc]
RSSI: -68 [da:29:e9:a2:13:fc]
RSSI: -74 [da:29:e9:a2:13:fc]
RSSI: -70 [da:29:e9:b1:14:2c]
RSSI: -69 [da:29:e9:b1:14:2c]
RSSI: -72 [da:29:e9:be:14:4c]
RSSI: -66 [da:29:e9:be:14:4c]
RSSI: -72 [da:29:e9:ce:14:7c]
RSSI: -66 [da:29:e9:ce:14:7c]
RSSI: -65 [da:29:e9:de:14:ac]
RSSI: -72 [da:29:e9:de:14:ac]
RSSI: -68 [da:29:e9:eb:14:dc]
RSSI: -70 [da:29:e9:fb:15:0c]
RSSI: -70 [da:29:e9:fb:15:0c]
RSSI: -90 [da:22:62:43:0a:5b]
RSSI: -76 [da:29:ea:0b:15:3c]
RSSI: -74 [da:29:ea:0b:15:3c]
RSSI: -78 [da:29:ea:17:15:6c]
RSSI: -93 [da:22:62:6b:0a:cb]
RSSI: -82 [da:29:ea:37:15:cc]
RSSI: -93 [da:22:62:79:0a:fb]
RSSI: -79 [da:29:ea:44:15:ec]
RSSI: -87 [da:29:ea:54:16:1c]
RSSI: -73 [da:29:ea:54:16:1c]
RSSI: -67 [da:29:ea:64:16:5c]
RSSI: -66 [da:29:ea:64:16:5c]
RSSI: -80 [da:29:ea:64:16:5c]
RSSI: -69 [da:29:ea:71:16:7c]
RSSI: -64 [da:29:ea:71:16:7c]
RSSI: -65 [da:29:ea:81:00:3c]
RSSI: -92 [da:24:46:d1:0e:1a]
RSSI: -72 [da:29:ea:91:00:6c]
RSSI: -64 [da:29:ea:91:00:6c]
RSSI: -70 [da:29:ea:9d:00:8c]
RSSI: -65 [da:29:ea:ad:00:cc]
RSSI: -69 [da:29:ea:ad:00:cc]
RSSI: -64 [da:29:ea:bd:00:fc]
RSSI: -70 [da:29:ea:ca:01:1c]
RSSI: -66 [da:29:ea:ca:01:1c]
RSSI: -72 [da:29:ea:da:01:4c]
RSSI: -68 [da:29:ea:da:01:4c]
RSSI: -65 [da:29:ea:ea:01:7c]
RSSI: -66 [da:29:ea:ea:01:7c]
RSSI: -72 [da:29:ea:f7:01:ac]
RSSI: -67 [da:29:ea:f7:01:ac]
RSSI: -74 [da:29:eb:07:01:dc]
RSSI: -81 [da:29:eb:17:02:0c]
RSSI: -74 [da:29:eb:17:02:0c]
RSSI: -76 [da:29:eb:23:02:3c]
RSSI: -75 [da:29:eb:23:02:3c]
RSSI: -68 [da:29:eb:33:02:6c]
RSSI: -81 [da:29:eb:43:02:9c]
RSSI: -75 [da:29:eb:50:02:bc]
RSSI: -84 [da:29:eb:50:02:bc]
RSSI: -72 [da:29:eb:60:02:fc]
RSSI: -71 [da:29:eb:60:02:fc]
RSSI: -72 [da:29:eb:70:03:2c]
RSSI: -66 [da:29:eb:7d:03:4c]
RSSI: -66 [da:29:eb:7d:03:4c]
RSSI: -64 [da:29:eb:8d:03:7c]
RSSI: -67 [da:29:eb:9d:03:bc]
RSSI: -64 [da:29:eb:9d:03:bc]
RSSI: -70 [da:29:eb:aa:03:dc]
RSSI: -70 [da:29:eb:aa:03:dc]
RSSI: -64 [da:29:eb:ba:04:0c]
RSSI: -66 [da:29:eb:ca:04:4c]
RSSI: -66 [da:29:eb:d6:04:6c]
RSSI: -63 [da:29:eb:d6:04:6c]
RSSI: -65 [da:29:eb:e6:04:9c]
RSSI: -63 [da:29:eb:e6:04:9c]
RSSI: -65 [da:29:eb:f6:04:cc]
RSSI: -67 [da:29:ec:03:04:fc]
RSSI: -67 [da:29:ec:03:04:fc]
RSSI: -73 [da:29:ec:13:05:2c]
RSSI: -71 [da:29:ec:23:05:5c]
RSSI: -72 [da:29:ec:23:05:5c]
RSSI: -68 [da:29:ec:30:05:8c]
RSSI: -67 [da:29:ec:30:05:8c]
RSSI: -81 [da:29:ec:40:05:bc]
RSSI: -83 [da:29:ec:50:05:ec]
RSSI: -80 [da:29:ec:5d:06:1c]
RSSI: -91 [da:22:64:9a:11:4b]
RSSI: -73 [da:29:ec:5d:06:1c]
RSSI: -81 [da:29:ec:6d:06:4c]
RSSI: -71 [da:29:ec:6d:06:4c]
RSSI: -92 [da:22:64:b5:11:9b]
RSSI: -70 [da:29:ec:7d:06:7c]
RSSI: -71 [da:29:ec:8a:06:9c]
RSSI: -67 [da:29:ec:8a:06:9c]
RSSI: -92 [da:22:64:dd:12:1b]
RSSI: -68 [da:29:ec:9a:06:dc]
RSSI: -68 [da:29:ec:aa:07:0c]
RSSI: -66 [da:29:ec:aa:07:0c]
RSSI: -67 [da:29:ec:b6:07:2c]
RSSI: -67 [da:29:ec:b6:07:2c]
RSSI: -70 [da:29:ec:c7:07:6c]
RSSI: -70 [da:29:ec:c7:07:6c]
RSSI: -92 [da:22:65:12:12:bb]
RSSI: -66 [da:29:ec:e3:07:bc]
RSSI: -92 [da:22:65:1f:12:db]
RSSI: -65 [da:29:ec:e3:07:bc]
RSSI: -65 [da:29:ec:f3:07:fc]
RSSI: -66 [da:29:ec:f3:07:fc]
RSSI: -72 [da:29:ed:04:08:2c]
RSSI: -67 [da:29:ed:10:08:4c]
RSSI: -71 [da:29:ed:10:08:4c]
RSSI: -70 [da:29:ed:20:08:7c]
RSSI: -93 [da:24:49:65:15:7a]
RSSI: -76 [da:29:ed:30:08:bc]
RSSI: -86 [da:27:52:82:09:0e]
RSSI: -66 [da:29:ed:30:08:bc]
RSSI: -85 [da:27:52:91:09:3e]
RSSI: -70 [da:29:ed:46:08:fc]
RSSI: -86 [da:27:52:9e:09:5e]
RSSI: -68 [da:29:ed:56:09:2c]
RSSI: -61 [da:29:ed:56:09:2c]
RSSI: -84 [da:27:52:ad:09:8e]
RSSI: -58 [da:29:ed:66:09:5c]
RSSI: -62 [da:29:ed:66:09:5c]
RSSI: -82 [da:27:52:bb:09:be]
RSSI: -82 [da:27:52:bb:09:be]
RSSI: -58 [da:29:ed:72:09:8c]
RSSI: -83 [da:27:52:c8:09:de]
RSSI: -60 [da:29:ed:83:09:bc]
RSSI: -81 [da:27:52:d7:0a:0e]
RSSI: -64 [da:29:ed:8f:09:dc]
RSSI: -80 [da:27:52:d7:0a:0e]
RSSI: -67 [da:29:ed:8f:09:dc]
RSSI: -77 [da:27:52:e6:0a:2e]
RSSI: -82 [da:27:52:e6:0a:2e]
RSSI: -83 [da:29:ed:9f:0a:1c]
RSSI: -65 [da:29:ed:9f:0a:1c]
RSSI: -63 [da:29:ed:ac:0a:3c]
RSSI: -78 [da:27:52:f2:0a:5e]
RSSI: -60 [da:29:ed:ac:0a:3c]
RSSI: -59 [da:29:ed:b9:0a:6c]
RSSI: -58 [da:29:ed:b9:0a:6c]
RSSI: -55 [da:29:ed:b9:0a:6c]
RSSI: -54 [da:29:ed:b9:0a:6c]
RSSI: -52 [da:29:ed:c6:0a:8c]
RSSI: -54 [da:29:ed:c6:0a:8c]
RSSI: -51 [da:29:ed:df:0a:dc]
RSSI: -78 [da:27:53:2c:0a:fe]
RSSI: -51 [da:29:ed:df:0a:dc]
RSSI: -77 [da:27:53:2c:0a:fe]
RSSI: -47 [da:29:ed:df:0a:dc]
RSSI: -46 [da:29:ed:ec:0b:0c]
RSSI: -48 [da:29:ed:ec:0b:0c]
RSSI: -46 [da:29:ed:f8:0b:2c]
RSSI: -45 [da:29:ed:f8:0b:2c]
RSSI: -76 [da:27:53:47:0b:4e]
RSSI: -47 [da:29:ee:05:0b:5c]
RSSI: -77 [da:27:53:56:0b:7e]
RSSI: -45 [da:29:ee:05:0b:5c]
RSSI: -77 [da:27:53:56:0b:7e]
RSSI: -45 [da:29:ee:12:0b:7c]
RSSI: -47 [da:29:ee:12:0b:7c]
RSSI: -81 [da:27:53:65:0b:ae]
RSSI: -45 [da:29:ee:1e:0b:ac]
RSSI: -45 [da:29:ee:1e:0b:ac]
RSSI: -81 [da:27:53:72:0b:ce]
RSSI: -47 [da:29:ee:2b:0b:cc]
RSSI: -46 [da:29:ee:2b:0b:cc]
RSSI: -45 [da:29:ee:38:0b:fc]
RSSI: -80 [da:27:53:81:0b:fe]
RSSI: -47 [da:29:ee:38:0b:fc]
RSSI: -47 [da:29:ee:44:0c:2c]
RSSI: -50 [da:29:ee:51:0c:4c]
RSSI: -49 [da:29:ee:51:0c:4c]
RSSI: -50 [da:29:ee:5e:0c:7c]
RSSI: -53 [da:29:ee:5e:0c:7c]
RSSI: -53 [da:29:ee:6a:0c:9c]
RSSI: -59 [da:29:ee:77:0c:cc]
RSSI: -89 [da:27:53:c7:0c:be]
RSSI: -63 [da:29:ee:77:0c:cc]
RSSI: -67 [da:29:ee:84:0c:ec]
RSSI: -67 [da:29:ee:84:0c:ec]
RSSI: -82 [da:29:ee:84:0c:ec]
RSSI: -92 [da:27:53:d6:0c:ee]
RSSI: -62 [da:29:ee:91:0d:1c]
RSSI: -59 [da:29:ee:9d:0d:3c]
RSSI: -56 [da:29:ee:9d:0d:3c]
RSSI: -56 [da:29:ee:aa:0d:6c]
RSSI: -90 [da:27:53:f1:0d:3e]
RSSI: -56 [da:29:ee:aa:0d:6c]
RSSI: -53 [da:29:ee:b7:0d:8c]
RSSI: -55 [da:29:ee:c3:0d:bc]
RSSI: -54 [da:29:ee:c3:0d:bc]
RSSI: -59 [da:29:ee:d0:0d:ec]
RSSI: -58 [da:29:ee:dd:0e:0c]
RSSI: -88 [da:27:54:2b:0d:de]
RSSI: -62 [da:29:ee:e9:0e:3c]
RSSI: -63 [da:29:ee:e9:0e:3c]
RSSI: -68 [da:29:ee:f6:0e:5c]
RSSI: -65 [da:29:ef:03:0e:8c]
RSSI: -62 [da:29:ef:10:0e:ac]
RSSI: -86 [da:22:67:52:02:cb]
RSSI: -62 [da:29:ef:10:0e:ac]
RSSI: -63 [da:29:ef:10:0e:ac]
RSSI: -90 [da:27:54:64:0e:8e]
RSSI: -88 [da:22:67:52:02:cb]
RSSI: -75 [da:29:ef:1c:0e:dc]
RSSI: -83 [da:22:67:60:02:fb]
RSSI: -63 [da:29:ef:29:0e:fc]
RSSI: -90 [da:27:54:71:0e:ae]
RSSI: -87 [da:22:67:6c:03:1b]
RSSI: -64 [da:29:ef:36:0f:2c]
RSSI: -83 [da:22:67:7a:03:4b]
RSSI: -65 [da:29:ef:36:0f:2c]
RSSI: -84 [da:22:67:7a:03:4b]
RSSI: -68 [da:29:ef:43:0f:4c]
RSSI: -80 [da:22:67:88:03:6b]
RSSI: -74 [da:29:ef:4f:0f:7c]
RSSI: -82 [da:22:67:95:03:9b]
RSSI: -68 [da:29:ef:5c:0f:ac]
RSSI: -81 [da:22:67:a2:03:bb]
RSSI: -90 [da:27:54:aa:0f:5e]
RSSI: -79 [da:22:67:b0:03:eb]
RSSI: -70 [da:29:ef:76:0f:fc]
RSSI: -88 [da:24:4b:b9:06:0a]
RSSI: -70 [da:29:ef:82:10:1c]
RSSI: -79 [da:22:67:cb:04:3b]
RSSI: -79 [da:22:67:cb:04:3b]
RSSI: -68 [da:29:ef:8f:10:4c]
RSSI: -78 [da:22:67:d9:04:5b]
RSSI: -72 [da:29:ef:9c:10:6c]
RSSI: -79 [da:22:67:d9:04:5b]
RSSI: -79 [da:22:67:e5:04:8b]
RSSI: -78 [da:22:67:e5:04:8b]
RSSI: -70 [da:29:ef:a8:10:9c]
RSSI: -84 [da:24:4b:f0:06:aa]
RSSI: -80 [da:22:67:f3:04:ab]
RSSI: -85 [da:24:4b:f0:06:aa]
RSSI: -81 [da:24:4b:f0:06:aa]
RSSI: -71 [da:29:ef:b5:10:bc]
RSSI: -78 [da:22:67:f3:04:ab]
RSSI: -79 [da:22:68:01:04:db]
RSSI: -85 [da:24:4b:fe:06:da]
RSSI: -76 [da:29:ef:c2:10:ec]
RSSI: -81 [da:22:68:01:04:db]
RSSI: -90 [da:27:55:0e:10:7e]
RSSI: -77 [da:29:ef:c2:10:ec]
RSSI: -80 [da:22:68:0e:04:fb]
RSSI: -91 [da:27:55:1b:10:9e]
RSSI: -83 [da:24:4c:0a:06:fa]
RSSI: -66 [da:29:ef:dc:11:3c]
RSSI: -72 [da:29:ef:e8:11:5c]
RSSI: -68 [da:29:ef:e8:11:5c]
RSSI: -68 [da:29:ef:e8:11:5c]
RSSI: -83 [da:24:4c:2e:07:5a]
RSSI: -69 [da:29:ef:f5:11:8c]
RSSI: -86 [da:22:68:36:05:7b]
RSSI: -84 [da:24:4c:3b:07:7a]
RSSI: -82 [da:29:f0:02:11:ac]
RSSI: -82 [da:24:4c:49:07:aa]
RSSI: -70 [da:29:f0:0f:11:dc]
RSSI: -89 [da:22:68:52:05:cb]
RSSI: -72 [da:29:f0:0f:11:dc]
RSSI: -83 [da:24:4c:57:07:da]
RSSI: -82 [da:24:4c:57:07:da]
RSSI: -74 [da:29:f0:1b:11:fc]
RSSI: -82 [da:24:4c:64:07:fa]
RSSI: -83 [da:24:4c:72:08:1a]
RSSI: -79 [da:29:f0:35:12:4c]
RSSI: -84 [da:24:4c:72:08:1a]
RSSI: -88 [da:22:68:7a:06:4b]
RSSI: -71 [da:29:f0:35:12:4c]
RSSI: -85 [da:24:4c:80:08:4a]
RSSI: -84 [da:24:4c:80:08:4a]
RSSI: -69 [da:29:f0:41:12:7c]
RSSI: -84 [da:24:4c:80:08:4a]
RSSI: -87 [da:22:68:87:06:6b]
RSSI: -85 [da:24:4c:8c:08:6a]
RSSI: -66 [da:29:f0:5b:12:cc]
RSSI: -88 [da:24:4c:9b:08:9a]
RSSI: -65 [da:29:f0:5b:12:cc]
RSSI: -67 [da:29:f0:68:12:ec]
RSSI: -88 [da:24:4c:b5:08:da]
RSSI: -76 [da:29:f0:75:13:1c]
RSSI: -89 [da:24:4c:b5:08:da]
RSSI: -73 [da:29:f0:81:13:3c]
RSSI: -70 [da:29:f0:81:13:3c]
RSSI: -74 [da:29:f0:8e:13:6c]
RSSI: -67 [da:29:f0:9b:13:8c]
RSSI: -90 [da:24:4c:de:09:5a]
RSSI: -68 [da:29:f0:a8:13:bc]
RSSI: -64 [da:29:f0:a8:13:bc]
RSSI: -90 [da:24:4c:ec:09:7a]
RSSI: -89 [da:24:4c:ec:09:7a]
RSSI: -68 [da:29:f0:b4:13:dc]
RSSI: -94 [da:27:56:0e:13:5e]
RSSI: -72 [da:29:f0:c1:14:0c]
RSSI: -68 [da:29:f0:ce:14:2c]
RSSI: -68 [da:29:f0:ce:14:2c]
RSSI: -96 [da:27:56:2a:13:ae]
RSSI: -70 [da:29:f0:f5:14:ac]
RSSI: -94 [da:27:56:46:13:fe]
RSSI: -73 [da:29:f1:01:14:cc]
RSSI: -72 [da:29:f1:0e:14:fc]
RSSI: -77 [da:29:f1:1b:15:2c]
RSSI: -72 [da:29:f1:1b:15:2c]
RSSI: -75 [da:29:f1:28:15:4c]
RSSI: -72 [da:29:f1:34:15:7c]
RSSI: -70 [da:29:f1:41:15:9c]
RSSI: -67 [da:29:f1:41:15:9c]
RSSI: -67 [da:29:f1:4e:15:cc]
RSSI: -71 [da:29:f1:5b:15:ec]
RSSI: -67 [da:29:f1:68:16:1c]
RSSI: -66 [da:29:f1:74:16:3c]
RSSI: -71 [da:29:f1:81:16:6c]
RSSI: -68 [da:29:f1:8e:00:0c]
RSSI: -70 [da:29:f1:8e:00:0c]
RSSI: -69 [da:29:f1:9b:00:2c]
RSSI: -67 [da:29:f1:a8:00:5c]
RSSI: -75 [da:29:f1:b5:00:7c]
RSSI: -73 [da:29:f1:b5:00:7c]
RSSI: -78 [da:29:f1:c1:00:ac]
RSSI: -66 [da:29:f1:ce:00:cc]
RSSI: -74 [da:29:f1:db:00:fc]
RSSI: -68 [da:29:f1:db:00:fc]
RSSI: -71 [da:29:f1:e8:01:1c]
RSSI: -64 [da:29:f1:f5:01:4c]
RSSI: -70 [da:29:f2:02:01:6c]
RSSI: -67 [da:29:f2:02:01:6c]
RSSI: -68 [da:29:f2:0e:01:9c]
RSSI: -65 [da:29:f2:1b:01:bc]
RSSI: -66 [da:29:f2:28:01:ec]
RSSI: -63 [da:29:f2:28:01:ec]
RSSI: -64 [da:29:f2:35:02:0c]
RSSI: -62 [da:29:f2:42:02:3c]
RSSI: -63 [da:29:f2:4f:02:5c]
RSSI: -61 [da:29:f2:4f:02:5c]
RSSI: -90 [da:24:4e:94:0e:3a]
RSSI: -64 [da:29:f2:5b:02:8c]
RSSI: -61 [da:29:f2:68:02:bc]
RSSI: -66 [da:29:f2:75:02:dc]
RSSI: -62 [da:29:f2:75:02:dc]
RSSI: -62 [da:29:f2:75:02:dc]
RSSI: -67 [da:29:f2:82:03:0c]
RSSI: -64 [da:29:f2:8f:03:2c]
RSSI: -63 [da:29:f2:9c:03:5c]
RSSI: -63 [da:29:f2:9c:03:5c]
RSSI: -65 [da:29:f2:a8:03:7c]
RSSI: -62 [da:29:f2:b5:03:ac]
RSSI: -62 [da:29:f2:c2:03:cc]
RSSI: -95 [da:27:58:10:02:be]
RSSI: -68 [da:29:f2:cf:03:fc]
RSSI: -62 [da:29:f2:dc:04:1c]
RSSI: -70 [da:29:f2:e9:04:4c]
RSSI: -69 [da:29:f2:f5:04:6c]
RSSI: -66 [da:29:f3:0f:04:bc]
RSSI: -71 [da:29:f3:1c:04:ec]
RSSI: -72 [da:29:f3:1c:04:ec]
RSSI: -70 [da:29:f3:29:05:0c]
RSSI: -73 [da:29:f3:36:05:3c]
RSSI: -73 [da:29:f3:43:05:5c]
RSSI: -69 [da:29:f3:43:05:5c]
RSSI: -67 [da:29:f3:50:05:8c]
RSSI: -69 [da:29:f3:5d:05:ac]
RSSI: -69 [da:29:f3:69:05:dc]
RSSI: -65 [da:29:f3:69:05:dc]
RSSI: -64 [da:29:f3:76:05:fc]
RSSI: -61 [da:29:f3:83:06:2c]
RSSI: -62 [da:29:f3:90:06:5c]
RSSI: -96 [da:22:6b:ce:10:3b]
RSSI: -60 [da:29:f3:90:06:5c]
RSSI: -64 [da:29:f3:9d:06:7c]
RSSI: -64 [da:29:f3:9d:06:7c]
RSSI: -60 [da:29:f3:aa:06:ac]
RSSI: -60 [da:29:f3:b7:06:cc]
RSSI: -60 [da:29:f3:b7:06:cc]
RSSI: -68 [da:29:f3:c4:06:fc]
RSSI: -60 [da:29:f3:d1:07:1c]
RSSI: -61 [da:29:f3:dd:07:4c]
RSSI: -94 [da:22:6c:27:11:4b]
RSSI: -67 [da:29:f3:ea:07:7c]
RSSI: -61 [da:29:f3:ea:07:7c]
RSSI: -62 [da:29:f3:f7:07:9c]
RSSI: -94 [da:22:6c:42:11:9b]
RSSI: -65 [da:29:f4:04:07:cc]
RSSI: -74 [da:29:f4:11:07:ec]
RSSI: -62 [da:29:f4:11:07:ec]
RSSI: -65 [da:29:f4:1e:08:1c]
RSSI: -91 [da:27:59:74:06:ce]
RSSI: -60 [da:29:f4:2b:08:3c]
RSSI: -61 [da:29:f4:2b:08:3c]
RSSI: -57 [da:29:f4:38:08:6c]
RSSI: -58 [da:29:f4:38:08:6c]
RSSI: -58 [da:29:f4:45:08:9c]
RSSI: -58 [da:29:f4:45:08:9c]
RSSI: -55 [da:29:f4:45:08:9c]
RSSI: -57 [da:29:f4:51:08:bc]
RSSI: -56 [da:29:f4:51:08:bc]
RSSI: -57 [da:29:f4:5e:08:ec]
RSSI: -57 [da:29:f4:5e:08:ec]
RSSI: -56 [da:29:f4:6b:09:0c]
RSSI: -61 [da:29:f4:6b:09:0c]
RSSI: -58 [da:29:f4:78:09:3c]
RSSI: -58 [da:29:f4:78:09:3c]
RSSI: -92 [da:27:59:ca:07:be]
RSSI: -59 [da:29:f4:78:09:3c]
RSSI: -69 [da:29:f4:85:09:6c]
RSSI: -60 [da:29:f4:85:09:6c]
RSSI: -61 [da:29:f4:92:09:8c]
RSSI: -58 [da:29:f4:92:09:8c]
RSSI: -62 [da:29:f4:9f:09:bc]
RSSI: -60 [da:29:f4:9f:09:bc]
RSSI: -60 [da:29:f4:9f:09:bc]
RSSI: -52 [da:29:f4:ac:09:dc]
RSSI: -63 [da:29:f4:ac:09:dc]
RSSI: -56 [da:29:f4:b9:0a:0c]
RSSI: -50 [da:29:f4:b9:0a:0c]
RSSI: -58 [da:29:f4:c6:0a:2c]
RSSI: -53 [da:29:f4:c6:0a:2c]
RSSI: -49 [da:29:f4:d3:0a:5c]
RSSI: -55 [da:29:f4:d3:0a:5c]
RSSI: -51 [da:29:f4:e0:0a:8c]
RSSI: -48 [da:29:f4:e0:0a:8c]
RSSI: -55 [da:29:f4:ec:0a:ac]
RSSI: -50 [da:29:f4:ec:0a:ac]
RSSI: -87 [da:27:5a:3f:09:0e]
RSSI: -55 [da:29:f4:fa:0a:dc]
RSSI: -55 [da:29:f4:fa:0a:dc]
RSSI: -51 [da:29:f5:07:0a:fc]
RSSI: -50 [da:29:f5:07:0a:fc]
RSSI: -85 [da:27:5a:5b:09:5e]
RSSI: -55 [da:29:f5:13:0b:2c]
RSSI: -52 [da:29:f5:13:0b:2c]
RSSI: -87 [da:27:5a:6a:09:8e]
RSSI: -56 [da:29:f5:20:0b:5c]
RSSI: -84 [da:27:5a:77:09:ae]
RSSI: -55 [da:29:f5:2d:0b:7c]
RSSI: -84 [da:27:5a:77:09:ae]
RSSI: -59 [da:29:f5:2d:0b:7c]
RSSI: -59 [da:29:f5:3a:0b:ac]
RSSI: -79 [da:27:5a:86:09:de]
RSSI: -63 [da:29:f5:3a:0b:ac]
RSSI: -82 [da:27:5a:86:09:de]
RSSI: -60 [da:29:f5:47:0b:cc]
RSSI: -62 [da:29:f5:54:0b:fc]
RSSI: -59 [da:29:f5:54:0b:fc]
RSSI: -59 [da:29:f5:54:0b:fc]
RSSI: -81 [da:27:5a:a2:0a:2e]
RSSI: -58 [da:29:f5:61:0c:1c]
RSSI: -83 [da:27:5a:b1:0a:5e]
RSSI: -55 [da:29:f5:61:0c:1c]
RSSI: -81 [da:27:5a:b1:0a:5e]
RSSI: -83 [da:27:5a:c0:0a:7e]
RSSI: -56 [da:29:f5:6e:0c:4c]
RSSI: -80 [da:27:5a:c0:0a:7e]
RSSI: -54 [da:29:f5:7b:0c:7c]
RSSI: -82 [da:27:5a:cd:0a:ae]
RSSI: -55 [da:29:f5:88:0c:9c]
RSSI: -53 [da:29:f5:88:0c:9c]
RSSI: -53 [da:29:f5:88:0c:9c]
RSSI: -81 [da:27:5a:dc:0a:de]
RSSI: -80 [da:27:5a:dc:0a:de]
RSSI: -56 [da:29:f5:95:0c:cc]
RSSI: -82 [da:27:5a:ec:0a:fe]
RSSI: -83 [da:27:5a:ec:0a:fe]
RSSI: -58 [da:29:f5:a2:0c:ec]
RSSI: -81 [da:27:5a:f8:0b:2e]
RSSI: -59 [da:29:f5:af:0d:1c]
RSSI: -81 [da:27:5a:f8:0b:2e]
RSSI: -68 [da:29:f5:bc:0d:4c]
RSSI: -81 [da:27:5b:08:0b:4e]
RSSI: -80 [da:27:5b:08:0b:4e]
RSSI: -66 [da:29:f5:c9:0d:6c]
RSSI: -83 [da:27:5b:17:0b:7e]
RSSI: -63 [da:29:f5:e3:0d:bc]
RSSI: -84 [da:27:5b:33:0b:ce]
RSSI: -61 [da:29:f5:e3:0d:bc]
RSSI: -77 [da:29:f5:f0:0d:ec]
RSSI: -67 [da:29:f5:fc:0e:1c]
RSSI: -69 [da:29:f6:0a:0e:3c]
RSSI: -80 [da:29:f6:0a:0e:3c]
RSSI: -70 [da:29:f6:17:0e:6c]
RSSI: -70 [da:29:f6:23:0e:8c]
RSSI: -68 [da:29:f6:31:0e:bc]
RSSI: -69 [da:29:f6:31:0e:bc]
RSSI: -68 [da:29:f6:3e:0e:dc]
RSSI: -67 [da:29:f6:3e:0e:dc]
RSSI: -76 [da:29:f6:4a:0f:0c]
RSSI: -89 [da:22:6e:99:02:1b]
RSSI: -74 [da:29:f6:57:0f:3c]
RSSI: -78 [da:29:f6:65:0f:5c]
RSSI: -68 [da:29:f6:65:0f:5c]
RSSI: -66 [da:29:f6:71:0f:8c]
RSSI: -81 [da:29:f6:71:0f:8c]
RSSI: -65 [da:29:f6:7e:0f:ac]
RSSI: -65 [da:29:f6:7e:0f:ac]
RSSI: -67 [da:29:f6:7e:0f:ac]
RSSI: -76 [da:29:f6:8c:0f:dc]
RSSI: -71 [da:29:f6:8c:0f:dc]
RSSI: -87 [da:22:6e:d1:02:bb]
RSSI: -83 [da:29:f6:98:0f:fc]
RSSI: -70 [da:29:f6:98:0f:fc]
RSSI: -85 [da:22:6e:df:02:eb]
RSSI: -68 [da:29:f6:a5:10:2c]
RSSI: -67 [da:29:f6:a5:10:2c]
RSSI: -86 [da:22:6e:ec:03:0b]
RSSI: -85 [da:22:6e:fa:03:3b]
RSSI: -88 [da:22:6e:fa:03:3b]
RSSI: -65 [da:29:f6:bf:10:7c]
RSSI: -66 [da:29:f6:bf:10:7c]
RSSI: -84 [da:22:6f:08:03:5b]
RSSI: -87 [da:22:6f:15:03:7b]
RSSI: -70 [da:29:f6:da:10:cc]
RSSI: -68 [da:29:f6:da:10:cc]
RSSI: -87 [da:22:6f:23:03:ab]
RSSI: -68 [da:29:f6:e6:10:fc]
RSSI: -79 [da:29:f6:e6:10:fc]
RSSI: -85 [da:22:6f:31:03:db]
RSSI: -70 [da:29:f6:f3:11:2c]
RSSI: -86 [da:22:6f:31:03:db]
RSSI: -72 [da:29:f6:f3:11:2c]
RSSI: -83 [da:22:6f:3e:03:fb]
RSSI: -77 [da:29:f7:01:11:4c]
RSSI: -86 [da:22:6f:4c:04:2b]
RSSI: -67 [da:29:f7:0d:11:7c]
RSSI: -63 [da:29:f7:0d:11:7c]
RSSI: -84 [da:22:6f:4c:04:2b]
RSSI: -63 [da:29:f7:0d:11:7c]
RSSI: -83 [da:24:53:4f:05:ba]
RSSI: -82 [da:22:6f:5a:04:5b]
RSSI: -65 [da:29:f7:1a:11:9c]
RSSI: -62 [da:29:f7:1a:11:9c]
RSSI: -85 [da:22:6f:5a:04:5b]
RSSI: -85 [da:24:53:5d:05:da]
RSSI: -82 [da:24:53:6c:06:0a]
RSSI: -84 [da:22:6f:67:04:7b]
RSSI: -82 [da:24:53:6c:06:0a]
RSSI: -78 [da:29:f7:34:11:fc]
RSSI: -83 [da:22:6f:75:04:ab]
RSSI: -81 [da:24:53:78:06:2a]
RSSI: -65 [da:29:f7:41:12:1c]
RSSI: -65 [da:29:f7:41:12:1c]
RSSI: -81 [da:24:53:87:06:5a]
RSSI: -85 [da:22:6f:90:04:fb]
RSSI: -69 [da:29:f7:4f:12:4c]
RSSI: -82 [da:24:53:95:06:7a]
RSSI: -87 [da:22:6f:90:04:fb]
RSSI: -81 [da:24:53:95:06:7a]
RSSI: -66 [da:29:f7:5b:12:6c]
RSSI: -87 [da:22:6f:ac:05:4b]
RSSI: -63 [da:29:f7:69:12:9c]
RSSI: -86 [da:22:6f:ac:05:4b]
RSSI: -81 [da:24:53:b0:06:ca]
RSSI: -87 [da:22:6f:b9:05:6b]
RSSI: -65 [da:29:f7:76:12:bc]
RSSI: -80 [da:24:53:bf:06:fa]
RSSI: -80 [da:24:53:bf:06:fa]
RSSI: -71 [da:29:f7:82:12:ec]
RSSI: -91 [da:22:6f:c7:05:9b]
RSSI: -64 [da:29:f7:9d:13:3c]
RSSI: -84 [da:24:53:da:07:4a]
RSSI: -64 [da:29:f7:9d:13:3c]
RSSI: -64 [da:29:f7:a9:13:6c]
RSSI: -81 [da:24:53:e8:07:6a]
RSSI: -64 [da:29:f7:a9:13:6c]
RSSI: -82 [da:24:53:f5:07:8a]
RSSI: -80 [da:24:54:04:07:ba]
RSSI: -68 [da:29:f7:c4:13:bc]
RSSI: -82 [da:24:54:04:07:ba]
RSSI: -67 [da:29:f7:c4:13:bc]
RSSI: -83 [da:24:54:04:07:ba]
RSSI: -63 [da:29:f7:d1:13:dc]
RSSI: -82 [da:24:54:12:07:ea]
RSSI: -67 [da:29:f7:d1:13:dc]
RSSI: -83 [da:24:54:12:07:ea]
RSSI: -64 [da:29:f7:de:14:0c]
RSSI: -86 [da:24:54:1f:08:0a]
RSSI: -63 [da:29:f7:de:14:0c]
RSSI: -82 [da:24:54:1f:08:0a]
RSSI: -66 [da:29:f7:eb:14:3c]
RSSI: -88 [da:24:54:2d:08:3a]
RSSI: -61 [da:29:f7:eb:14:3c]
RSSI: -62 [da:29:f7:f8:14:5c]
RSSI: -64 [da:29:f7:f8:14:5c]
RSSI: -87 [da:24:54:3c:08:5a]
RSSI: -59 [da:29:f8:05:14:8c]
RSSI: -89 [da:24:54:48:08:7a]
RSSI: -61 [da:29:f8:05:14:8c]
RSSI: -62 [da:29:f8:12:14:ac]
RSSI: -62 [da:29:f8:12:14:ac]
RSSI: -58 [da:29:f8:12:14:ac]
RSSI: -61 [da:29:f8:1f:14:dc]
RSSI: -60 [da:29:f8:1f:14:dc]
RSSI: -90 [da:24:54:65:08:da]
RSSI: -58 [da:29:f8:2c:14:fc]
RSSI: -60 [da:29:f8:39:15:2c]
RSSI: -60 [da:29:f8:46:15:4c]
RSSI: -60 [da:29:f8:46:15:4c]
RSSI: -58 [da:29:f8:53:15:7c]
RSSI: -66 [da:29:f8:53:15:7c]
RSSI: -60 [da:29:f8:60:15:ac]
RSSI: -59 [da:29:f8:60:15:ac]
RSSI: -61 [da:29:f8:6d:15:cc]
RSSI: -96 [da:22:70:b0:08:4b]
RSSI: -70 [da:29:f8:7a:15:fc]
RSSI: -63 [da:29:f8:88:16:1c]
RSSI: -61 [da:29:f8:88:16:1c]
RSSI: -62 [da:29:f8:94:16:4c]
RSSI: -67 [da:29:f8:a2:16:6c]
RSSI: -60 [da:29:f8:af:00:2c]
RSSI: -60 [da:29:f8:af:00:2c]
RSSI: -60 [da:29:f8:bb:00:5c]
RSSI: -67 [da:29:f8:c9:00:7c]
RSSI: -58 [da:29:f8:d6:00:ac]
RSSI: -60 [da:29:f8:e3:00:cc]
RSSI: -58 [da:29:f8:e3:00:cc]
RSSI: -59 [da:29:f8:f0:00:fc]
RSSI: -59 [da:29:f8:f0:00:fc]
RSSI: -62 [da:29:f8:f0:00:fc]
RSSI: -59 [da:29:f8:fd:01:1c]
RSSI: -64 [da:29:f9:0a:01:4c]
RSSI: -61 [da:29:f9:0a:01:4c]
RSSI: -56 [da:29:f9:17:01:7c]
RSSI: -62 [da:29:f9:17:01:7c]
RSSI: -62 [da:29:f9:25:01:9c]
RSSI: -62 [da:29:f9:25:01:9c]
RSSI: -61 [da:29:f9:31:01:cc]
RSSI: -62 [da:29:f9:31:01:cc]
RSSI: -61 [da:29:f9:3f:01:ec]
RSSI: -63 [da:29:f9:3f:01:ec]
RSSI: -63 [da:29:f9:4c:02:1c]
RSSI: -65 [da:29:f9:4c:02:1c]
RSSI: -65 [da:29:f9:58:02:4c]
RSSI: -64 [da:29:f9:58:02:4c]
RSSI: -65 [da:29:f9:66:02:6c]
RSSI: -68 [da:29:f9:66:02:6c]
RSSI: -68 [da:29:f9:66:02:6c]
RSSI: -66 [da:29:f9:73:02:9c]
RSSI: -63 [da:29:f9:73:02:9c]
RSSI: -68 [da:29:f9:80:02:bc]
RSSI: -68 [da:29:f9:80:02:bc]
RSSI: -67 [da:29:f9:8d:02:ec]
RSSI: -74 [da:29:f9:9a:03:1c]
RSSI: -65 [da:29:f9:9a:03:1c]
RSSI: -67 [da:29:f9:a7:03:3c]
RSSI: -75 [da:29:f9:a7:03:3c]
RSSI: -65 [da:29:f9:b4:03:6c]
RSSI: -69 [da:29:f9:ce:03:bc]
RSSI: -71 [da:29:f9:dc:03:dc]
RSSI: -72 [da:29:f9:dc:03:dc]
RSSI: -68 [da:29:f9:e9:04:0c]
RSSI: -67 [da:29:f9:f6:04:2c]
RSSI: -64 [da:29:fa:03:04:5c]
RSSI: -63 [da:29:fa:03:04:5c]
RSSI: -64 [da:29:fa:10:04:8c]
RSSI: -64 [da:29:fa:10:04:8c]
RSSI: -65 [da:29:fa:1d:04:ac]
RSSI: -62 [da:29:fa:30:04:ec]
RSSI: -62 [da:29:fa:30:04:ec]
RSSI: -61 [da:29:fa:40:05:1c]
RSSI: -59 [da:29:fa:40:05:1c]
RSSI: -58 [da:29:fa:4d:05:3c]
RSSI: -57 [da:29:fa:5a:05:6c]
RSSI: -59 [da:29:fa:5a:05:6c]
RSSI: -59 [da:29:fa:5a:05:6c]
RSSI: -58 [da:29:fa:67:05:9c]
RSSI: -57 [da:29:fa:67:05:9c]
RSSI: -57 [da:29:fa:74:05:bc]
RSSI: -59 [da:29:fa:81:05:ec]
RSSI: -56 [da:29:fa:8f:06:1c]
RSSI: -55 [da:29:fa:8f:06:1c]
RSSI: -55 [da:29:fa:8f:06:1c]
RSSI: -57 [da:29:fa:9b:06:3c]
RSSI: -61 [da:29:fa:a9:06:6c]
RSSI: -56 [da:29:fa:b6:06:8c]
RSSI: -59 [da:29:fa:c3:06:bc]
RSSI: -56 [da:29:fa:c3:06:bc]
RSSI: -60 [da:29:fa:d0:06:ec]
RSSI: -57 [da:29:fa:d0:06:ec]
RSSI: -55 [da:29:fa:de:07:0c]
RSSI: -55 [da:29:fa:ea:07:3c]
RSSI: -54 [da:29:fa:ea:07:3c]
RSSI: -66 [da:29:fa:f8:07:5c]
RSSI: -54 [da:29:fa:f8:07:5c]
RSSI: -53 [da:29:fb:05:07:8c]
RSSI: -66 [da:29:fb:05:07:8c]
RSSI: -54 [da:29:fb:12:07:ac]
RSSI: -54 [da:29:fb:12:07:ac]
RSSI: -53 [da:29:fb:12:07:ac]
RSSI: -53 [da:29:fb:12:07:ac]
RSSI: -55 [da:29:fb:1f:07:dc]
RSSI: -55 [da:29:fb:1f:07:dc]
RSSI: -52 [da:29:fb:2c:08:0c]
RSSI: -51 [da:29:fb:2c:08:0c]
RSSI: -57 [da:29:fb:39:08:2c]
RSSI: -51 [da:29:fb:39:08:2c]
RSSI: -56 [da:29:fb:47:08:5c]
RSSI: -50 [da:29:fb:54:08:8c]
RSSI: -46 [da:29:fb:54:08:8c]
RSSI: -52 [da:29:fb:61:08:ac]
RSSI: -48 [da:29:fb:61:08:ac]
RSSI: -50 [da:29:fb:6e:08:dc]
RSSI: -44 [da:29:fb:7c:09:0c]
RSSI: -46 [da:29:fb:88:09:2c]
RSSI: -47 [da:29:fb:96:09:5c]
RSSI: -46 [da:29:fb:96:09:5c]
RSSI: -44 [da:29:fb:a3:09:7c]
RSSI: -46 [da:29:fb:b0:09:ac]
RSSI: -47 [da:29:fb:bd:09:dc]
RSSI: -45 [da:29:fb:cb:09:fc]
RSSI: -48 [da:29:fb:cb:09:fc]
RSSI: -48 [da:29:fb:d7:0a:2c]
RSSI: -46 [da:29:fb:d7:0a:2c]
RSSI: -51 [da:29:fb:e5:0a:4c]
RSSI: -51 [da:29:fb:e5:0a:4c]
RSSI: -51 [da:29:fb:e5:0a:4c]
RSSI: -52 [da:29:fb:e5:0a:4c]
RSSI: -48 [da:29:fb:f2:0a:7c]
RSSI: -56 [da:29:fb:f2:0a:7c]
RSSI: -59 [da:29:fb:ff:0a:ac]
RSSI: -51 [da:29:fb:ff:0a:ac]
RSSI: -68 [da:29:fc:0c:0a:cc]
RSSI: -67 [da:29:fc:0c:0a:cc]
RSSI: -54 [da:29:fc:1a:0a:fc]
RSSI: -61 [da:29:fc:1a:0a:fc]
RSSI: -60 [da:29:fc:1a:0a:fc]
RSSI: -56 [da:29:fc:26:0b:2c]
RSSI: -56 [da:29:fc:26:0b:2c]
RSSI: -56 [da:29:fc:26:0b:2c]
RSSI: -56 [da:29:fc:34:0b:4c]
RSSI: -54 [da:29:fc:34:0b:4c]
RSSI: -55 [da:29:fc:41:0b:7c]
RSSI: -57 [da:29:fc:4e:0b:9c]
RSSI: -57 [da:29:fc:5c:0b:cc]
RSSI: -63 [da:29:fc:69:0b:fc]
RSSI: -61 [da:29:fc:76:0c:1c]
RSSI: -63 [da:29:fc:83:0c:4c]
RSSI: -64 [da:29:fc:91:0c:7c]
RSSI: -62 [da:29:fc:91:0c:7c]
RSSI: -70 [da:29:fc:9d:0c:9c]
RSSI: -64 [da:29:fc:9d:0c:9c]
RSSI: -63 [da:29:fc:ab:0c:cc]
RSSI: -76 [da:29:fc:ab:0c:cc]
RSSI: -69 [da:29:fc:b8:0c:fc]
RSSI: -69 [da:29:fc:b8:0c:fc]
RSSI: -75 [da:29:fc:c5:0d:1c]
RSSI: -76 [da:29:fc:c5:0d:1c]
RSSI: -75 [da:29:fc:d2:0d:4c]
RSSI: -72 [da:29:fc:d2:0d:4c]
RSSI: -86 [da:27:62:22:09:6e]
RSSI: -72 [da:29:fc:e0:0d:7c]
RSSI: -72 [da:29:fc:e0:0d:7c]
RSSI: -86 [da:27:62:32:09:9e]
RSSI: -69 [da:29:fc:ec:0d:9c]
RSSI: -83 [da:27:62:41:09:ce]
RSSI: -85 [da:27:62:41:09:ce]
RSSI: -70 [da:29:fc:fa:0d:cc]
RSSI: -82 [da:27:62:4e:09:ee]
RSSI: -72 [da:29:fd:08:0d:fc]
RSSI: -86 [da:27:62:4e:09:ee]
RSSI: -73 [da:29:fd:08:0d:fc]
RSSI: -78 [da:27:62:5e:0a:1e]
RSSI: -78 [da:29:fd:14:0e:1c]
RSSI: -78 [da:27:62:6d:0a:4e]
RSSI: -79 [da:29:fd:22:0e:4c]
RSSI: -84 [da:27:62:7a:0a:6e]
RSSI: -84 [da:29:fd:3c:0e:9c]
RSSI: -81 [da:27:62:8a:0a:9e]
RSSI: -74 [da:29:fd:3c:0e:9c]
RSSI: -84 [da:27:62:8a:0a:9e]
RSSI: -67 [da:29:fd:49:0e:cc]
RSSI: -82 [da:27:62:99:0a:ce]
RSSI: -67 [da:29:fd:49:0e:cc]
RSSI: -80 [da:29:fd:49:0e:cc]
RSSI: -83 [da:27:62:99:0a:ce]
RSSI: -69 [da:29:fd:57:0e:ec]
RSSI: -81 [da:27:62:a6:0a:ee]
RSSI: -80 [da:29:fd:64:0f:1c]
RSSI: -70 [da:29:fd:64:0f:1c]
RSSI: -83 [da:27:62:b6:0b:1e]
RSSI: -70 [da:29:fd:71:0f:4c]
RSSI: -74 [da:29:fd:7f:0f:6c]
RSSI: -85 [da:27:62:c5:0b:3e]
RSSI: -75 [da:29:fd:7f:0f:6c]
RSSI: -77 [da:29:fd:8b:0f:9c]
RSSI: -76 [da:29:fd:8b:0f:9c]
RSSI: -75 [da:29:fd:8b:0f:9c]
RSSI: -80 [da:27:62:e1:0b:9e]
RSSI: -72 [da:29:fd:99:0f:cc]
RSSI: -73 [da:29:fd:99:0f:cc]
RSSI: -73 [da:29:fd:99:0f:cc]
RSSI: -83 [da:27:62:f1:0b:be]
RSSI: -74 [da:29:fd:a6:0f:ec]
RSSI: -73 [da:29:fd:a6:0f:ec]
RSSI: -84 [da:27:62:fe:0b:ee]
RSSI: -73 [da:29:fd:b3:10:1c]
RSSI: -75 [da:29:fd:b3:10:1c]
RSSI: -73 [da:29:fd:c1:10:4c]
RSSI: -76 [da:29:fd:ce:10:6c]
RSSI: -73 [da:29:fd:db:10:9c]
RSSI: -88 [da:27:63:2a:0c:6e]
RSSI: -73 [da:29:fd:db:10:9c]
RSSI: -91 [da:27:63:2a:0c:6e]
RSSI: -70 [da:29:fd:e8:10:cc]
RSSI: -71 [da:29:fd:e8:10:cc]
RSSI: -68 [da:29:fd:f6:10:ec]
RSSI: -73 [da:29:fe:03:11:1c]
RSSI: -90 [da:27:63:56:0c:ee]
RSSI: -70 [da:29:fe:10:11:3c]
RSSI: -65 [da:29:fe:10:11:3c]
RSSI: -70 [da:29:fe:1e:11:6c]
RSSI: -66 [da:29:fe:1e:11:6c]
RSSI: -90 [da:22:76:5e:02:8b]
RSSI: -63 [da:29:fe:2a:11:9c]
RSSI: -82 [da:29:fe:2a:11:9c]
RSSI: -65 [da:29:fe:38:11:bc]
RSSI: -65 [da:29:fe:38:11:bc]
RSSI: -63 [da:29:fe:38:11:bc]
RSSI: -88 [da:22:76:7b:02:eb]
RSSI: -64 [da:29:fe:38:11:bc]
RSSI: -75 [da:29:fe:46:11:ec]
RSSI: -66 [da:29:fe:52:12:0c]
RSSI: -72 [da:29:fe:52:12:0c]
RSSI: -92 [da:22:76:96:03:3b]
RSSI: -69 [da:29:fe:60:12:3c]
RSSI: -75 [da:29:fe:6d:12:5c]
RSSI: -93 [da:27:63:bd:0e:0e]
RSSI: -85 [da:22:76:b1:03:8b]
RSSI: -69 [da:29:fe:7a:12:8c]
RSSI: -75 [da:29:fe:88:12:bc]
RSSI: -87 [da:22:76:cf:03:eb]
RSSI: -74 [da:29:fe:88:12:bc]
RSSI: -93 [da:24:5a:d1:05:1a]
RSSI: -88 [da:27:63:da:0e:5e]
RSSI: -89 [da:22:76:cf:03:eb]
RSSI: -74 [da:29:fe:95:12:dc]
RSSI: -85 [da:22:76:db:04:0b]
RSSI: -85 [da:22:76:db:04:0b]
RSSI: -87 [da:22:76:ea:04:3b]
RSSI: -87 [da:22:76:ea:04:3b]
RSSI: -66 [da:29:fe:af:13:2c]
RSSI: -91 [da:22:76:f8:04:5b]
RSSI: -71 [da:29:fe:bd:13:5c]
RSSI: -65 [da:29:fe:bd:13:5c]
RSSI: -86 [da:22:77:05:04:8b]
RSSI: -90 [da:24:5b:08:05:ba]
RSSI: -64 [da:29:fe:ca:13:7c]
RSSI: -87 [da:24:5b:08:05:ba]
RSSI: -69 [da:29:fe:ca:13:7c]
RSSI: -86 [da:22:77:14:04:bb]
RSSI: -65 [da:29:fe:d7:13:ac]
RSSI: -87 [da:24:5b:17:05:ea]
RSSI: -86 [da:22:77:14:04:bb]
RSSI: -64 [da:29:fe:d7:13:ac]
RSSI: -85 [da:24:5b:26:06:1a]
RSSI: -88 [da:22:77:22:04:db]
RSSI: -90 [da:27:64:32:0f:5e]
RSSI: -69 [da:29:fe:e5:13:dc]
RSSI: -85 [da:24:5b:26:06:1a]
RSSI: -64 [da:29:fe:e5:13:dc]
RSSI: -84 [da:24:5b:26:06:1a]
RSSI: -65 [da:29:fe:f1:13:fc]
RSSI: -85 [da:24:5b:33:06:3a]
RSSI: -69 [da:29:fe:f1:13:fc]
RSSI: -88 [da:22:77:3e:05:2b]
RSSI: -64 [da:29:fe:ff:14:2c]
RSSI: -65 [da:29:fe:ff:14:2c]
RSSI: -85 [da:24:5b:41:06:6a]
RSSI: -70 [da:29:ff:0d:14:5c]
RSSI: -65 [da:29:ff:0d:14:5c]
RSSI: -72 [da:29:ff:19:14:7c]
RSSI: -83 [da:24:5b:5d:06:ba]
RSSI: -66 [da:29:ff:27:14:ac]
RSSI: -84 [da:24:5b:6c:06:da]
RSSI: -77 [da:29:ff:35:14:dc]
RSSI: -69 [da:29:ff:35:14:dc]
RSSI: -82 [da:24:5b:7b:07:0a]
RSSI: -79 [da:29:ff:41:14:fc]
RSSI: -83 [da:24:5b:87:07:2a]
RSSI: -63 [da:29:ff:4f:15:2c]
RSSI: -71 [da:29:ff:5d:15:5c]
RSSI: -82 [da:24:5b:96:07:5a]
RSSI: -93 [da:27:64:a9:10:be]
RSSI: -82 [da:24:5b:a5:07:8a]
RSSI: -84 [da:24:5b:a5:07:8a]
RSSI: -70 [da:29:ff:69:15:7c]
RSSI: -82 [da:24:5b:b2:07:aa]
RSSI: -62 [da:29:ff:77:15:ac]
RSSI: -82 [da:24:5b:b2:07:aa]
RSSI: -71 [da:29:ff:77:15:ac]
RSSI: -71 [da:29:ff:84:15:cc]
RSSI: -84 [da:24:5b:c1:07:ca]
RSSI: -71 [da:29:ff:84:15:cc]
RSSI: -69 [da:29:ff:91:15:fc]
RSSI: -83 [da:24:5b:cf:07:fa]
RSSI: -69 [da:29:ff:91:15:fc]
RSSI: -68 [da:29:ff:91:15:fc]
RSSI: -85 [da:24:5b:dc:08:1a]
RSSI: -67 [da:29:ff:9f:16:2c]
RSSI: -85 [da:24:5b:dc:08:1a]
RSSI: -67 [da:29:ff:9f:16:2c]
RSSI: -65 [da:29:ff:ac:16:4c]
RSSI: -71 [da:29:ff:ac:16:4c]
RSSI: -88 [da:24:5b:eb:08:4a]
RSSI: -66 [da:29:ff:b9:16:7c]
RSSI: -88 [da:24:5b:fa:08:7a]
RSSI: -64 [da:29:ff:b9:16:7c]
RSSI: -66 [da:29:ff:c7:00:2c]
RSSI: -89 [da:24:5c:06:08:9a]
RSSI: -68 [da:29:ff:d4:00:5c]
RSSI: -67 [da:29:ff:d4:00:5c]
RSSI: -65 [da:29:ff:e1:00:7c]
RSSI: -66 [da:29:ff:e1:00:7c]
RSSI: -72 [da:29:ff:ef:00:ac]
RSSI: -72 [da:29:ff:ef:00:ac]
RSSI: -68 [da:29:ff:ef:00:ac]
RSSI: -65 [da:29:ff:fc:00:dc]
RSSI: -95 [da:27:65:5a:12:be]
RSSI: -71 [da:2a:00:09:00:fc]
RSSI: -71 [da:2a:00:17:01:2c]
RSSI: -68 [da:2a:00:17:01:2c]
RSSI: -69 [da:2a:00:24:01:5c]
RSSI: -65 [da:2a:00:31:01:7c]
RSSI: -67 [da:2a:00:31:01:7c]
RSSI: -69 [da:2a:00:3f:01:ac]
RSSI: -67 [da:2a:00:3f:01:ac]
RSSI: -66 [da:2a:00:4c:01:dc]
RSSI: -75 [da:2a:00:4c:01:dc]
RSSI: -74 [da:2a:00:59:01:fc]
RSSI: -67 [da:2a:00:59:01:fc]
RSSI: -75 [da:2a:00:67:02:2c]
RSSI: -77 [da:2a:00:67:02:2c]
RSSI: -70 [da:2a:00:74:02:5c]
RSSI: -76 [da:2a:00:81:02:7c]
RSSI: -81 [da:2a:00:8f:02:ac]
RSSI: -81 [da:2a:00:9c:02:cc]
RSSI: -78 [da:2a:00:9c:02:cc]
RSSI: -74 [da:2a:00:a9:02:fc]
RSSI: -73 [da:2a:00:a9:02:fc]
RSSI: -67 [da:2a:00:b7:03:2c]
RSSI: -67 [da:2a:00:b7:03:2c]
RSSI: -69 [da:2a:00:c4:03:4c]
RSSI: -68 [da:2a:00:c4:03:4c]
RSSI: -69 [da:2a:00:d1:03:7c]
RSSI: -70 [da:2a:00:d1:03:7c]
RSSI: -70 [da:2a:00:df:03:9c]
RSSI: -70 [da:2a:00:df:03:9c]
RSSI: -68 [da:2a:00:ed:03:cc]
RSSI: -66 [da:2a:00:ed:03:cc]
RSSI: -65 [da:2a:00:f9:03:ec]
RSSI: -67 [da:2a:01:07:04:1c]
RSSI: -65 [da:2a:01:15:04:4c]
RSSI: -64 [da:2a:01:15:04:4c]
RSSI: -65 [da:2a:01:21:04:6c]
RSSI: -68 [da:2a:01:2f:04:9c]
RSSI: -64 [da:2a:01:3d:04:cc]
RSSI: -63 [da:2a:01:49:04:ec]
RSSI: -62 [da:2a:01:49:04:ec]
RSSI: -66 [da:2a:01:57:05:1c]
RSSI: -65 [da:2a:01:57:05:1c]
RSSI: -63 [da:2a:01:65:05:4c]
RSSI: -65 [da:2a:01:65:05:4c]
RSSI: -67 [da:2a:01:71:05:6c]
RSSI: -64 [da:2a:01:71:05:6c]
RSSI: -64 [da:2a:01:71:05:6c]
RSSI: -66 [da:2a:01:7f:05:9c]
RSSI: -65 [da:2a:01:7f:05:9c]
RSSI: -63 [da:2a:01:8d:05:bc]
RSSI: -62 [da:2a:01:8d:05:bc]
RSSI: -63 [da:2a:01:9a:05:ec]
RSSI: -61 [da:2a:01:9a:05:ec]
RSSI: -62 [da:2a:01:a7:06:1c]
RSSI: -62 [da:2a:01:b5:06:3c]
RSSI: -61 [da:2a:01:c2:06:6c]
RSSI: -67 [da:2a:01:d0:06:9c]
RSSI: -64 [da:2a:01:d0:06:9c]
RSSI: -62 [da:2a:01:dd:06:bc]
RSSI: -62 [da:2a:01:dd:06:bc]
RSSI: -74 [da:2a:01:ea:06:ec]
RSSI: -77 [da:2a:01:ea:06:ec]
RSSI: -63 [da:2a:01:ea:06:ec]
RSSI: -90 [da:27:67:41:01:de]
RSSI: -66 [da:2a:01:f8:07:0c]
RSSI: -90 [da:27:67:41:01:de]
RSSI: -65 [da:2a:01:f8:07:0c]
RSSI: -70 [da:2a:01:f8:07:0c]
RSSI: -69 [da:2a:01:f8:07:0c]
RSSI: -62 [da:2a:02:05:07:3c]
RSSI: -63 [da:2a:02:05:07:3c]
RSSI: -64 [da:2a:02:12:07:6c]
RSSI: -90 [da:27:67:5d:02:2e]
RSSI: -59 [da:2a:02:12:07:6c]
RSSI: -60 [da:2a:02:20:07:8c]
RSSI: -91 [da:27:67:6d:02:5e]
RSSI: -58 [da:2a:02:2e:07:bc]
RSSI: -58 [da:2a:02:3a:07:ec]
RSSI: -56 [da:2a:02:56:08:3c]
RSSI: -57 [da:2a:02:62:08:6c]
RSSI: -58 [da:2a:02:62:08:6c]
RSSI: -57 [da:2a:02:70:08:9c]
RSSI: -57 [da:2a:02:70:08:9c]
RSSI: -59 [da:2a:02:70:08:9c]
RSSI: -90 [da:27:67:c6:03:5e]
RSSI: -56 [da:2a:02:7e:08:bc]
RSSI: -58 [da:2a:02:7e:08:bc]
RSSI: -63 [da:2a:02:8b:08:ec]
RSSI: -54 [da:2a:02:8b:08:ec]
RSSI: -55 [da:2a:02:99:09:1c]
RSSI: -72 [da:2a:02:99:09:1c]
RSSI: -55 [da:2a:02:a6:09:3c]
RSSI: -55 [da:2a:02:a6:09:3c]
RSSI: -56 [da:2a:02:b3:09:6c]
RSSI: -95 [da:27:68:0f:04:2e]
RSSI: -60 [da:2a:02:c1:09:9c]
RSSI: -58 [da:2a:02:cf:09:bc]
RSSI: -57 [da:2a:02:cf:09:bc]
RSSI: -57 [da:2a:02:cf:09:bc]
RSSI: -61 [da:2a:02:db:09:ec]
RSSI: -62 [da:2a:02:db:09:ec]
RSSI: -57 [da:2a:02:e9:0a:1c]
RSSI: -57 [da:2a:02:e9:0a:1c]
RSSI: -68 [da:2a:02:e9:0a:1c]
RSSI: -66 [da:2a:02:f7:0a:4c]
RSSI: -81 [da:2a:03:04:0a:6c]
RSSI: -73 [da:2a:03:04:0a:6c]
RSSI: -63 [da:2a:03:11:0a:9c]
RSSI: -70 [da:2a:03:11:0a:9c]
RSSI: -76 [da:2a:03:1f:0a:cc]
RSSI: -69 [da:2a:03:1f:0a:cc]
RSSI: -67 [da:2a:03:2c:0a:ec]
RSSI: -68 [da:2a:03:2c:0a:ec]
RSSI: -66 [da:2a:03:3a:0b:1c]
RSSI: -64 [da:2a:03:48:0b:4c]
RSSI: -64 [da:2a:03:48:0b:4c]
RSSI: -68 [da:2a:03:54:0b:6c]
RSSI: -75 [da:2a:03:62:0b:9c]
RSSI: -96 [da:27:68:b1:06:0e]
RSSI: -68 [da:2a:03:70:0b:cc]
RSSI: -69 [da:2a:03:7c:0b:ec]
RSSI: -71 [da:2a:03:8a:0c:1c]
RSSI: -67 [da:2a:03:8a:0c:1c]
RSSI: -68 [da:2a:03:98:0c:4c]
RSSI: -73 [da:2a:03:98:0c:4c]
RSSI: -68 [da:2a:03:a5:0c:6c]
RSSI: -72 [da:2a:03:a5:0c:6c]
RSSI: -75 [da:2a:03:b3:0c:9c]
RSSI: -70 [da:2a:03:b3:0c:9c]
RSSI: -78 [da:2a:03:c1:0c:cc]
RSSI: -84 [da:2a:03:db:0d:1c]
RSSI: -77 [da:2a:03:e9:0d:4c]
RSSI: -69 [da:2a:03:f6:0d:6c]
RSSI: -68 [da:2a:03:f6:0d:6c]
RSSI: -72 [da:2a:04:03:0d:9c]
RSSI: -71 [da:2a:04:03:0d:9c]
RSSI: -72 [da:2a:04:11:0d:cc]
RSSI: -70 [da:2a:04:11:0d:cc]
RSSI: -72 [da:2a:04:1e:0d:ec]
RSSI: -72 [da:2a:04:1e:0d:ec]
RSSI: -73 [da:2a:04:2c:0e:1c]
RSSI: -90 [da:27:69:73:08:3e]
RSSI: -79 [da:2a:04:2c:0e:1c]
RSSI: -76 [da:2a:04:3a:0e:4c]
RSSI: -81 [da:2a:04:3a:0e:4c]
RSSI: -89 [da:27:69:a0:08:be]
RSSI: -73 [da:2a:04:54:0e:9c]
RSSI: -75 [da:2a:04:62:0e:cc]
RSSI: -89 [da:27:69:af:08:ee]
RSSI: -75 [da:2a:04:62:0e:cc]
RSSI: -74 [da:2a:04:6f:0e:ec]
RSSI: -72 [da:2a:04:6f:0e:ec]
RSSI: -82 [da:27:69:bc:09:0e]
RSSI: -70 [da:2a:04:7d:0f:1c]
RSSI: -72 [da:2a:04:7d:0f:1c]
RSSI: -84 [da:27:69:cc:09:3e]
RSSI: -70 [da:2a:04:8b:0f:4c]
RSSI: -78 [da:27:69:dc:09:6e]
RSSI: -78 [da:27:69:dc:09:6e]
RSSI: -71 [da:2a:04:97:0f:6c]
RSSI: -71 [da:2a:04:97:0f:6c]
RSSI: -82 [da:27:69:e9:09:8e]
RSSI: -70 [da:2a:04:97:0f:6c]
RSSI: -71 [da:2a:04:a5:0f:9c]
RSSI: -73 [da:2a:04:a5:0f:9c]
RSSI: -82 [da:27:69:f9:09:be]
RSSI: -73 [da:2a:04:a5:0f:9c]
RSSI: -70 [da:2a:04:b3:0f:cc]
RSSI: -68 [da:2a:04:b3:0f:cc]
RSSI: -81 [da:27:6a:09:09:ee]
RSSI: -73 [da:2a:04:c0:0f:ec]
RSSI: -67 [da:2a:04:c0:0f:ec]
RSSI: -74 [da:27:6a:15:0a:0e]
RSSI: -78 [da:27:6a:15:0a:0e]
RSSI: -70 [da:2a:04:ce:10:1c]
RSSI: -78 [da:27:6a:25:0a:3e]
RSSI: -74 [da:27:6a:25:0a:3e]
RSSI: -69 [da:2a:04:dc:10:4c]
RSSI: -78 [da:27:6a:35:0a:6e]
RSSI: -66 [da:2a:04:e8:10:6c]
RSSI: -69 [da:2a:04:f6:10:9c]
RSSI: -86 [da:2a:05:04:10:cc]
RSSI: -72 [da:2a:05:04:10:cc]
RSSI: -81 [da:27:6a:52:0a:be]
RSSI: -74 [da:2a:05:11:10:ec]
RSSI: -79 [da:27:6a:62:0a:ee]
RSSI: -81 [da:2a:05:11:10:ec]
RSSI: -75 [da:27:6a:62:0a:ee]
RSSI: -74 [da:2a:05:1f:11:1c]
RSSI: -84 [da:2a:05:1f:11:1c]
RSSI: -78 [da:27:6a:6e:0b:0e]
RSSI: -79 [da:2a:05:2d:11:4c]
RSSI: -79 [da:27:6a:7f:0b:3e]
RSSI: -81 [da:2a:05:2d:11:4c]
RSSI: -82 [da:27:6a:7f:0b:3e]
RSSI: -84 [da:2a:05:39:11:6c]
RSSI: -76 [da:2a:05:39:11:6c]
RSSI: -75 [da:2a:05:39:11:6c]
RSSI: -81 [da:27:6a:8f:0b:6e]
RSSI: -79 [da:2a:05:47:11:9c]
RSSI: -77 [da:2a:05:47:11:9c]
RSSI: -76 [da:27:6a:9b:0b:8e]
RSSI: -77 [da:27:6a:9b:0b:8e]
RSSI: -84 [da:2a:05:55:11:cc]
RSSI: -82 [da:27:6a:ab:0b:be]
RSSI: -73 [da:2a:05:62:11:ec]
RSSI: -81 [da:27:6a:bb:0b:ee]
RSSI: -85 [da:27:6a:bb:0b:ee]
RSSI: -74 [da:2a:05:70:12:1c]
RSSI: -85 [da:27:6a:c8:0c:1e]
RSSI: -75 [da:2a:05:7e:12:4c]
RSSI: -85 [da:27:6a:c8:0c:1e]
RSSI: -73 [da:2a:05:7e:12:4c]
RSSI: -72 [da:2a:05:8a:12:6c]
RSSI: -85 [da:27:6a:d8:0c:4e]
RSSI: -74 [da:2a:05:8a:12:6c]
RSSI: -71 [da:2a:05:98:12:9c]
RSSI: -73 [da:2a:05:98:12:9c]
RSSI: -75 [da:2a:05:a6:12:cc]
RSSI: -71 [da:2a:05:a6:12:cc]
RSSI: -75 [da:2a:05:b3:12:fc]
RSSI: -74 [da:2a:05:c1:13:1c]
RSSI: -76 [da:2a:05:cf:13:4c]
RSSI: -76 [da:2a:05:cf:13:4c]
RSSI: -89 [da:22:7e:15:03:2b]
RSSI: -79 [da:2a:05:dc:13:7c]
RSSI: -79 [da:2a:05:dc:13:7c]
RSSI: -88 [da:27:6b:31:0d:4e]
RSSI: -74 [da:2a:05:ea:13:9c]
RSSI: -85 [da:27:6b:31:0d:4e]
RSSI: -84 [da:2a:05:ea:13:9c]
RSSI: -88 [da:27:6b:41:0d:7e]
RSSI: -84 [da:22:7e:31:03:7b]
RSSI: -87 [da:22:7e:31:03:7b]
RSSI: -83 [da:2a:05:f7:13:cc]
RSSI: -86 [da:22:7e:40:03:ab]
RSSI: -89 [da:27:6b:4e:0d:9e]
RSSI: -89 [da:27:6b:4e:0d:9e]
RSSI: -82 [da:2a:06:12:14:1c]
RSSI: -85 [da:22:7e:6a:04:2b]
RSSI: -83 [da:2a:06:2d:14:7c]
RSSI: -86 [da:22:7e:79:04:5b]
RSSI: -86 [da:22:7e:79:04:5b]
RSSI: -89 [da:27:6b:8b:0e:4e]
RSSI: -86 [da:27:6b:8b:0e:4e]
RSSI: -87 [da:22:7e:86:04:7b]
RSSI: -87 [da:2a:06:49:14:cc]
RSSI: -85 [da:27:6b:9b:0e:7e]
RSSI: -87 [da:27:6b:a7:0e:9e]
RSSI: -86 [da:22:7e:a4:04:db]
RSSI: -92 [da:22:7e:b0:04:fb]
RSSI: -79 [da:2a:06:71:15:4c]
RSSI: -76 [da:2a:06:7e:15:6c]
RSSI: -89 [da:22:7e:bf:05:2b]
RSSI: -75 [da:2a:06:7e:15:6c]
RSSI: -89 [da:22:7e:ce:05:5b]
RSSI: -74 [da:2a:06:8c:15:9c]
RSSI: -91 [da:24:62:d3:05:ca]
RSSI: -86 [da:27:6b:e4:0f:4e]
RSSI: -78 [da:2a:06:9a:15:cc]
RSSI: -90 [da:27:6b:f4:0f:7e]
RSSI: -87 [da:24:62:df:05:ea]
RSSI: -85 [da:27:6b:f4:0f:7e]
RSSI: -86 [da:24:62:ef:06:1a]
RSSI: -90 [da:24:62:fe:06:3a]
RSSI: -89 [da:24:62:fe:06:3a]
RSSI: -75 [da:2a:06:c3:16:4c]
RSSI: -74 [da:2a:06:c3:16:4c]
RSSI: -85 [da:2a:06:cf:16:6c]
RSSI: -86 [da:24:63:0b:06:6a]
RSSI: -88 [da:27:6c:21:0f:fe]
RSSI: -73 [da:2a:06:cf:16:6c]
RSSI: -72 [da:2a:06:dd:00:0c]
RSSI: -78 [da:2a:06:dd:00:0c]
RSSI: -89 [da:27:6c:2e:10:2e]
RSSI: -83 [da:24:63:29:06:ba]
RSSI: -69 [da:2a:06:eb:00:2c]
RSSI: -85 [da:24:63:36:06:ea]
RSSI: -71 [da:2a:06:f8:00:5c]
RSSI: -73 [da:2a:06:f8:00:5c]
RSSI: -91 [da:27:6c:4e:10:7e]
RSSI: -85 [da:24:63:45:07:0a]
RSSI: -70 [da:2a:07:06:00:8c]
RSSI: -70 [da:2a:07:06:00:8c]
RSSI: -78 [da:2a:07:14:00:ac]
RSSI: -92 [da:27:6c:5a:10:ae]
RSSI: -85 [da:24:63:54:07:3a]
RSSI: -76 [da:2a:07:14:00:ac]
RSSI: -84 [da:24:63:70:07:8a]
RSSI: -83 [da:24:63:70:07:8a]
RSSI: -86 [da:24:63:7f:07:ba]
RSSI: -78 [da:2a:07:3d:01:2c]
RSSI: -76 [da:2a:07:49:01:5c]
RSSI: -82 [da:24:63:8c:07:da]
RSSI: -72 [da:2a:07:49:01:5c]
RSSI: -81 [da:2a:07:58:01:8c]
RSSI: -84 [da:24:63:9b:08:0a]
RSSI: -74 [da:2a:07:58:01:8c]
RSSI: -70 [da:2a:07:66:01:ac]
RSSI: -76 [da:2a:07:66:01:ac]
RSSI: -73 [da:2a:07:72:01:dc]
RSSI: -75 [da:2a:07:72:01:dc]
RSSI: -76 [da:2a:07:86:02:1c]
RSSI: -76 [da:2a:07:96:02:4c]
RSSI: -72 [da:2a:07:a2:02:6c]
RSSI: -93 [da:24:63:e3:08:da]
RSSI: -72 [da:2a:07:a2:02:6c]
RSSI: -74 [da:2a:07:a2:02:6c]
RSSI: -71 [da:2a:07:b1:02:9c]
RSSI: -71 [da:2a:07:b1:02:9c]
RSSI: -72 [da:2a:07:bf:02:cc]
RSSI: -71 [da:2a:07:bf:02:cc]
RSSI: -71 [da:2a:07:cb:02:ec]
RSSI: -72 [da:2a:07:cb:02:ec]
RSSI: -71 [da:2a:07:d9:03:1c]
RSSI: -71 [da:2a:07:d9:03:1c]
RSSI: -71 [da:2a:07:e7:03:4c]
RSSI: -70 [da:2a:07:e7:03:4c]
RSSI: -71 [da:2a:07:f4:03:6c]
RSSI: -93 [da:27:6d:4b:13:5e]
RSSI: -68 [da:2a:08:02:03:9c]
RSSI: -70 [da:2a:08:10:03:cc]
RSSI: -72 [da:2a:08:1d:03:ec]
RSSI: -71 [da:2a:08:1d:03:ec]
RSSI: -71 [da:2a:08:2b:04:1c]
RSSI: -69 [da:2a:08:2b:04:1c]
RSSI: -68 [da:2a:08:39:04:4c]
RSSI: -69 [da:2a:08:39:04:4c]
RSSI: -67 [da:2a:08:46:04:6c]
RSSI: -65 [da:2a:08:46:04:6c]
RSSI: -66 [da:2a:08:54:04:9c]
RSSI: -64 [da:2a:08:62:04:cc]
RSSI: -65 [da:2a:08:6e:04:ec]
RSSI: -78 [da:2a:08:7d:05:1c]
RSSI: -71 [da:2a:08:7d:05:1c]
RSSI: -67 [da:2a:08:8b:05:4c]
RSSI: -75 [da:2a:08:8b:05:4c]
RSSI: -72 [da:2a:08:97:05:6c]
RSSI: -73 [da:2a:08:97:05:6c]
RSSI: -66 [da:2a:08:a6:05:9c]
RSSI: -66 [da:2a:08:a6:05:9c]
RSSI: -62 [da:2a:08:b4:05:cc]
RSSI: -62 [da:2a:08:b4:05:cc]
RSSI: -64 [da:2a:08:c0:05:ec]
RSSI: -59 [da:2a:08:ce:06:1c]
RSSI: -59 [da:2a:08:dc:06:4c]
RSSI: -59 [da:2a:08:dc:06:4c]
RSSI: -57 [da:2a:08:e9:06:6c]
RSSI: -59 [da:2a:08:e9:06:6c]
RSSI: -58 [da:2a:08:f7:06:9c]
RSSI: -57 [da:2a:08:f7:06:9c]
RSSI: -59 [da:2a:09:05:06:cc]
RSSI: -59 [da:2a:09:05:06:cc]
RSSI: -58 [da:2a:09:05:06:cc]
RSSI: -61 [da:2a:09:12:06:fc]
RSSI: -61 [da:2a:09:12:06:fc]
RSSI: -60 [da:2a:09:20:07:1c]
RSSI: -63 [da:2a:09:2e:07:4c]
RSSI: -62 [da:2a:09:2e:07:4c]
RSSI: -65 [da:2a:09:3b:07:7c]
RSSI: -66 [da:2a:09:3b:07:7c]
RSSI: -62 [da:2a:09:49:07:ac]
RSSI: -66 [da:2a:09:49:07:ac]
RSSI: -65 [da:2a:09:57:07:cc]
RSSI: -67 [da:2a:09:64:07:fc]
RSSI: -67 [da:2a:09:64:07:fc]
RSSI: -64 [da:2a:09:64:07:fc]
RSSI: -66 [da:2a:09:72:08:2c]
RSSI: -66 [da:2a:09:72:08:2c]
RSSI: -65 [da:2a:09:80:08:5c]
RSSI: -64 [da:2a:09:80:08:5c]
RSSI: -68 [da:2a:09:8d:08:7c]
RSSI: -67 [da:2a:09:8d:08:7c]
RSSI: -72 [da:2a:09:9b:08:ac]
RSSI: -72 [da:2a:09:9b:08:ac]
RSSI: -65 [da:2a:09:a9:08:dc]
RSSI: -74 [da:2a:09:b6:08:fc]
RSSI: -88 [da:27:6f:07:01:de]
RSSI: -75 [da:2a:09:c4:09:2c]
RSSI: -82 [da:2a:09:c4:09:2c]
RSSI: -70 [da:2a:09:d2:09:5c]
RSSI: -90 [da:27:6f:21:02:2e]
RSSI: -79 [da:2a:09:d2:09:5c]
RSSI: -86 [da:2a:09:df:09:7c]
RSSI: -91 [da:27:6f:2d:02:4e]
RSSI: -74 [da:2a:09:df:09:7c]
RSSI: -83 [da:2a:09:ed:09:ac]
RSSI: -78 [da:2a:09:ed:09:ac]
RSSI: -77 [da:2a:09:fb:09:dc]
RSSI: -93 [da:27:6f:54:02:be]
RSSI: -79 [da:2a:0a:08:09:fc]
RSSI: -76 [da:2a:0a:24:0a:5c]
RSSI: -91 [da:27:6f:7a:03:2e]
RSSI: -76 [da:2a:0a:24:0a:5c]
RSSI: -74 [da:2a:0a:31:0a:7c]
RSSI: -78 [da:2a:0a:31:0a:7c]
RSSI: -77 [da:2a:0a:3f:0a:ac]
RSSI: -73 [da:2a:0a:3f:0a:ac]
RSSI: -77 [da:2a:0a:4d:0a:dc]
RSSI: -76 [da:2a:0a:4d:0a:dc]
RSSI: -73 [da:2a:0a:5a:0b:0c]
RSSI: -77 [da:2a:0a:68:0b:2c]
RSSI: -89 [da:27:6f:b9:03:de]
RSSI: -72 [da:2a:0a:76:0b:5c]
RSSI: -88 [da:27:6f:c6:03:fe]
RSSI: -69 [da:2a:0a:83:0b:8c]
RSSI: -70 [da:2a:0a:91:0b:bc]
RSSI: -73 [da:2a:0a:91:0b:bc]
RSSI: -68 [da:2a:0a:9f:0b:ec]
RSSI: -69 [da:2a:0a:9f:0b:ec]
RSSI: -73 [da:2a:0a:ac:0c:0c]
RSSI: -69 [da:2a:0a:ac:0c:0c]
RSSI: -75 [da:2a:0a:ba:0c:3c]
RSSI: -69 [da:2a:0a:c8:0c:6c]
RSSI: -75 [da:2a:0a:d5:0c:8c]
RSSI: -78 [da:2a:0a:e3:0c:bc]
RSSI: -72 [da:2a:0a:e3:0c:bc]
RSSI: -77 [da:2a:0a:f2:0c:ec]
RSSI: -72 [da:2a:0a:fe:0d:1c]
RSSI: -87 [da:2a:0a:fe:0d:1c]
RSSI: -76 [da:2a:0b:0d:0d:3c]
RSSI: -81 [da:2a:0b:1b:0d:6c]
RSSI: -75 [da:2a:0b:27:0d:9c]
RSSI: -75 [da:2a:0b:36:0d:cc]
RSSI: -75 [da:2a:0b:44:0d:ec]
RSSI: -75 [da:2a:0b:44:0d:ec]
RSSI: -74 [da:2a:0b:50:0e:1c]
RSSI: -77 [da:2a:0b:50:0e:1c]
RSSI: -77 [da:2a:0b:5f:0e:4c]
RSSI: -74 [da:2a:0b:5f:0e:4c]
RSSI: -78 [da:2a:0b:6d:0e:7c]
RSSI: -76 [da:2a:0b:6d:0e:7c]
RSSI: -77 [da:2a:0b:7a:0e:9c]
RSSI: -73 [da:2a:0b:88:0e:cc]
RSSI: -72 [da:2a:0b:96:0e:fc]
RSSI: -76 [da:2a:0b:a3:0f:1c]
RSSI: -72 [da:2a:0b:a3:0f:1c]
RSSI: -83 [da:2a:0b:b1:0f:4c]
RSSI: -78 [da:2a:0b:b1:0f:4c]
RSSI: -91 [da:27:71:12:07:be]
RSSI: -85 [da:2a:0b:bf:0f:7c]
RSSI: -81 [da:2a:0b:cc:0f:ac]
RSSI: -91 [da:27:71:2c:08:0e]
RSSI: -80 [da:2a:0b:da:0f:dc]
RSSI: -83 [da:2a:0b:f5:10:2c]
RSSI: -90 [da:27:71:52:08:7e]
RSSI: -87 [da:27:71:5f:08:9e]
RSSI: -74 [da:2a:0c:12:10:8c]
RSSI: -86 [da:27:71:5f:08:9e]
RSSI: -85 [da:27:71:5f:08:9e]
RSSI: -75 [da:2a:0c:1e:10:ac]
RSSI: -84 [da:27:71:78:08:ee]
RSSI: -86 [da:2a:0c:2d:10:dc]
RSSI: -83 [da:27:71:78:08:ee]
RSSI: -77 [da:2a:0c:2d:10:dc]
RSSI: -81 [da:27:71:85:09:0e]
RSSI: -81 [da:27:71:85:09:0e]
RSSI: -81 [da:27:71:85:09:0e]
RSSI: -80 [da:2a:0c:3b:11:0c]
RSSI: -80 [da:27:71:92:09:2e]
RSSI: -76 [da:2a:0c:48:11:2c]
RSSI: -80 [da:27:71:9f:09:5e]
RSSI: -79 [da:27:71:9f:09:5e]
RSSI: -74 [da:2a:0c:56:11:5c]
RSSI: -81 [da:27:71:ac:09:7e]
RSSI: -78 [da:27:71:ac:09:7e]
RSSI: -76 [da:2a:0c:64:11:8c]
RSSI: -73 [da:2a:0c:64:11:8c]
RSSI: -78 [da:27:71:b8:09:9e]
RSSI: -79 [da:2a:0c:71:11:ac]
RSSI: -78 [da:27:71:c5:09:ce]
RSSI: -76 [da:2a:0c:71:11:ac]
RSSI: -77 [da:27:71:c5:09:ce]
RSSI: -72 [da:2a:0c:7f:11:dc]
RSSI: -88 [da:2a:0c:7f:11:dc]
RSSI: -77 [da:27:71:d2:09:ee]
RSSI: -76 [da:2a:0c:8d:12:0c]
RSSI: -73 [da:2a:0c:8d:12:0c]
RSSI: -76 [da:27:71:df:0a:0e]
RSSI: -76 [da:27:71:ec:0a:3e]
RSSI: -78 [da:2a:0c:9a:12:2c]
RSSI: -76 [da:27:71:ec:0a:3e]
RSSI: -80 [da:2a:0c:a9:12:5c]
RSSI: -80 [da:2a:0c:a9:12:5c]
RSSI: -77 [da:27:71:f9:0a:5e]
RSSI: -82 [da:2a:0c:b7:12:8c]
RSSI: -76 [da:27:72:12:0a:ae]
RSSI: -88 [da:2a:0c:c3:12:ac]
RSSI: -75 [da:27:72:12:0a:ae]
RSSI: -78 [da:27:72:1f:0a:ce]
RSSI: -77 [da:27:72:1f:0a:ce]
RSSI: -76 [da:2a:0c:e0:13:0c]
RSSI: -78 [da:27:72:38:0b:1e]
RSSI: -76 [da:27:72:38:0b:1e]
RSSI: -80 [da:2a:0c:ed:13:2c]
RSSI: -78 [da:27:72:45:0b:3e]
RSSI: -80 [da:2a:0c:fb:13:5c]
RSSI: -77 [da:27:72:52:0b:5e]
RSSI: -74 [da:2a:0d:09:13:8c]
RSSI: -79 [da:27:72:5f:0b:8e]
RSSI: -80 [da:2a:0d:16:13:bc]
RSSI: -80 [da:27:72:5f:0b:8e]
RSSI: -80 [da:2a:0d:16:13:bc]
RSSI: -80 [da:27:72:6c:0b:ae]
RSSI: -81 [da:27:72:6c:0b:ae]
RSSI: -81 [da:27:72:79:0b:ce]
RSSI: -73 [da:2a:0d:33:14:0c]
RSSI: -83 [da:27:72:85:0b:fe]
RSSI: -92 [da:22:85:76:02:ab]
RSSI: -86 [da:27:72:85:0b:fe]
RSSI: -72 [da:2a:0d:3f:14:3c]
RSSI: -89 [da:27:72:93:0c:1e]
RSSI: -72 [da:2a:0d:3f:14:3c]
RSSI: -86 [da:27:72:93:0c:1e]
RSSI: -71 [da:2a:0d:4e:14:5c]
RSSI: -86 [da:27:72:9f:0c:3e]
RSSI: -87 [da:22:85:92:03:0b]
RSSI: -90 [da:24:69:a2:03:4a]
RSSI: -90 [da:22:85:a1:03:2b]
RSSI: -69 [da:2a:0d:69:14:bc]
RSSI: -73 [da:2a:0d:69:14:bc]
RSSI: -90 [da:27:72:b9:0c:8e]
RSSI: -93 [da:24:69:ae:03:6a]
RSSI: -91 [da:27:72:c6:0c:ae]
RSSI: -69 [da:2a:0d:77:14:ec]
RSSI: -91 [da:24:69:be:03:9a]
RSSI: -73 [da:2a:0d:85:15:0c]
RSSI: -72 [da:2a:0d:85:15:0c]
RSSI: -90 [da:27:72:d3:0c:ce]
RSSI: -71 [da:2a:0d:85:15:0c]
RSSI: -90 [da:24:69:ce:03:ca]
RSSI: -89 [da:22:85:cd:03:bb]
RSSI: -73 [da:2a:0d:92:15:3c]
RSSI: -89 [da:27:72:ec:0d:1e]
RSSI: -88 [da:27:72:ec:0d:1e]
RSSI: -72 [da:2a:0d:a0:15:6c]
RSSI: -86 [da:22:85:e9:04:0b]
RSSI: -87 [da:27:72:f9:0d:3e]
RSSI: -87 [da:24:69:f9:04:4a]
RSSI: -71 [da:2a:0d:bb:15:bc]
RSSI: -88 [da:22:85:f8:04:3b]
RSSI: -88 [da:27:73:13:0d:8e]
RSSI: -70 [da:2a:0d:bb:15:bc]
RSSI: -89 [da:27:73:13:0d:8e]
RSSI: -72 [da:2a:0d:ca:15:ec]
RSSI: -73 [da:2a:0d:ca:15:ec]
RSSI: -87 [da:22:86:14:04:8b]
RSSI: -89 [da:24:6a:16:04:9a]
RSSI: -71 [da:2a:0d:d8:16:1c]
RSSI: -74 [da:2a:0d:d8:16:1c]
RSSI: -73 [da:2a:0d:e5:16:3c]
RSSI: -88 [da:24:6a:32:04:ea]
RSSI: -77 [da:2a:0d:f3:16:6c]
RSSI: -88 [da:27:73:46:0e:1e]
RSSI: -77 [da:2a:0e:02:00:2c]
RSSI: -86 [da:27:73:60:0e:6e]
RSSI: -74 [da:2a:0e:0e:00:5c]
RSSI: -86 [da:27:73:60:0e:6e]
RSSI: -84 [da:24:6a:5e:05:6a]
RSSI: -75 [da:2a:0e:1d:00:8c]
RSSI: -89 [da:27:73:6d:0e:9e]
RSSI: -84 [da:24:6a:5e:05:6a]
RSSI: -72 [da:2a:0e:1d:00:8c]
RSSI: -88 [da:27:73:6d:0e:9e]
RSSI: -73 [da:2a:0e:2b:00:ac]
RSSI: -87 [da:27:73:7a:0e:be]
RSSI: -75 [da:2a:0e:2b:00:ac]
RSSI: -88 [da:27:73:87:0e:de]
RSSI: -72 [da:2a:0e:38:00:dc]
RSSI: -87 [da:27:73:87:0e:de]
RSSI: -83 [da:24:6a:7d:05:ba]
RSSI: -78 [da:2a:0e:46:01:0c]
RSSI: -87 [da:27:73:94:0f:0e]
RSSI: -81 [da:24:6a:89:05:ea]
RSSI: -75 [da:2a:0e:46:01:0c]
RSSI: -88 [da:27:73:94:0f:0e]
RSSI: -78 [da:2a:0e:54:01:3c]
RSSI: -80 [da:24:6a:99:06:1a]
RSSI: -87 [da:27:73:ae:0f:4e]
RSSI: -81 [da:24:6a:99:06:1a]
RSSI: -85 [da:27:73:ae:0f:4e]
RSSI: -75 [da:2a:0e:61:01:5c]
RSSI: -86 [da:27:73:ba:0f:7e]
RSSI: -79 [da:24:6a:a9:06:3a]
RSSI: -73 [da:2a:0e:70:01:8c]
RSSI: -73 [da:2a:0e:70:01:8c]
RSSI: -79 [da:24:6a:b5:06:6a]
RSSI: -88 [da:27:73:c7:0f:9e]
RSSI: -79 [da:24:6a:b5:06:6a]
RSSI: -75 [da:2a:0e:7e:01:bc]
RSSI: -73 [da:2a:0e:7e:01:bc]
RSSI: -81 [da:24:6a:c5:06:8a]
RSSI: -88 [da:27:73:d4:0f:be]
RSSI: -79 [da:24:6a:c5:06:8a]
RSSI: -90 [da:27:73:e1:0f:ee]
RSSI: -79 [da:24:6a:d4:06:ba]
RSSI: -73 [da:2a:0e:8b:01:dc]
RSSI: -79 [da:24:6a:d4:06:ba]
RSSI: -75 [da:2a:0e:99:02:0c]
RSSI: -79 [da:24:6a:e1:06:ea]
RSSI: -71 [da:2a:0e:a7:02:3c]
RSSI: -80 [da:24:6a:e1:06:ea]
RSSI: -79 [da:24:6a:f1:07:0a]
RSSI: -70 [da:2a:0e:b4:02:5c]
RSSI: -81 [da:24:6a:f1:07:0a]
RSSI: -70 [da:2a:0e:b4:02:5c]
RSSI: -88 [da:27:74:08:10:4e]
RSSI: -80 [da:24:6b:00:07:3a]
RSSI: -73 [da:2a:0e:c3:02:8c]
RSSI: -79 [da:24:6b:00:07:3a]
RSSI: -88 [da:27:74:15:10:7e]
RSSI: -70 [da:2a:0e:c3:02:8c]
RSSI: -81 [da:24:6b:0d:07:5a]
RSSI: -69 [da:2a:0e:d1:02:bc]
RSSI: -72 [da:2a:0e:de:02:ec]
RSSI: -81 [da:24:6b:1d:07:8a]
RSSI: -70 [da:2a:0e:de:02:ec]
RSSI: -92 [da:27:74:2e:10:be]
RSSI: -79 [da:24:6b:1d:07:8a]
RSSI: -70 [da:2a:0e:de:02:ec]
RSSI: -80 [da:24:6b:2c:07:ba]
RSSI: -72 [da:2a:0e:ec:03:0c]
RSSI: -70 [da:2a:0e:fa:03:3c]
RSSI: -81 [da:24:6b:39:07:da]
RSSI: -72 [da:2a:0e:fa:03:3c]
RSSI: -90 [da:27:74:55:11:2e]
RSSI: -69 [da:2a:0f:07:03:6c]
RSSI: -82 [da:24:6b:49:08:0a]
RSSI: -90 [da:27:74:6f:11:7e]
RSSI: -69 [da:2a:0f:24:03:bc]
RSSI: -69 [da:2a:0f:24:03:bc]
RSSI: -67 [da:2a:0f:24:03:bc]
RSSI: -85 [da:24:6b:65:08:5a]
RSSI: -92 [da:27:74:7c:11:9e]
RSSI: -69 [da:2a:0f:31:03:ec]
RSSI: -69 [da:2a:0f:31:03:ec]
RSSI: -87 [da:24:6b:74:08:8a]
RSSI: -71 [da:2a:0f:3f:04:1c]
RSSI: -73 [da:2a:0f:3f:04:1c]
RSSI: -91 [da:27:74:96:11:ee]
RSSI: -91 [da:27:74:96:11:ee]
RSSI: -76 [da:2a:0f:4d:04:3c]
RSSI: -74 [da:2a:0f:5a:04:6c]
RSSI: -68 [da:2a:0f:69:04:9c]
RSSI: -64 [da:2a:0f:77:04:bc]
RSSI: -67 [da:2a:0f:84:04:ec]
RSSI: -61 [da:2a:0f:84:04:ec]
RSSI: -88 [da:24:6b:cc:09:8a]
RSSI: -60 [da:2a:0f:92:05:1c]
RSSI: -64 [da:2a:0f:92:05:1c]
RSSI: -60 [da:2a:0f:a1:05:3c]
RSSI: -59 [da:2a:0f:a1:05:3c]
RSSI: -59 [da:2a:0f:ad:05:6c]
RSSI: -62 [da:2a:0f:bc:05:9c]
RSSI: -58 [da:2a:0f:bc:05:9c]
RSSI: -57 [da:2a:0f:ca:05:cc]
RSSI: -58 [da:2a:0f:d7:05:ec]
RSSI: -58 [da:2a:0f:d7:05:ec]
RSSI: -58 [da:2a:0f:d7:05:ec]
RSSI: -58 [da:2a:0f:e5:06:1c]
RSSI: -58 [da:2a:0f:f4:06:4c]
RSSI: -61 [da:2a:0f:f4:06:4c]
RSSI: -59 [da:2a:10:00:06:6c]
RSSI: -59 [da:2a:10:0f:06:9c]
RSSI: -59 [da:2a:10:0f:06:9c]
RSSI: -63 [da:2a:10:1d:06:cc]
RSSI: -63 [da:2a:10:1d:06:cc]
RSSI: -59 [da:2a:10:1d:06:cc]
RSSI: -60 [da:2a:10:2a:06:fc]
RSSI: -62 [da:2a:10:2a:06:fc]
RSSI: -59 [da:2a:10:39:07:2c]
RSSI: -60 [da:2a:10:39:07:2c]
RSSI: -61 [da:2a:10:47:07:5c]
RSSI: -62 [da:2a:10:54:07:7c]
RSSI: -66 [da:2a:10:62:07:ac]
RSSI: -67 [da:2a:10:71:07:dc]
RSSI: -68 [da:2a:10:71:07:dc]
RSSI: -66 [da:2a:10:7d:07:fc]
RSSI: -68 [da:2a:10:7d:07:fc]
RSSI: -68 [da:2a:10:8c:08:2c]
RSSI: -71 [da:2a:10:8c:08:2c]
RSSI: -71 [da:2a:10:8c:08:2c]
RSSI: -68 [da:2a:10:9a:08:5c]
RSSI: -70 [da:2a:10:9a:08:5c]
RSSI: -72 [da:2a:10:a7:08:8c]
RSSI: -78 [da:2a:10:b6:08:ac]
RSSI: -78 [da:2a:10:b6:08:ac]
RSSI: -77 [da:2a:10:c4:08:dc]
RSSI: -83 [da:2a:10:d1:09:0c]
RSSI: -76 [da:2a:10:d1:09:0c]
RSSI: -75 [da:2a:10:d1:09:0c]
RSSI: -79 [da:2a:10:df:09:3c]
RSSI: -74 [da:2a:10:ee:09:6c]
RSSI: -73 [da:2a:10:ee:09:6c]
RSSI: -72 [da:2a:10:ee:09:6c]
RSSI: -74 [da:2a:10:fa:09:8c]
RSSI: -79 [da:2a:11:09:09:bc]
RSSI: -74 [da:2a:11:09:09:bc]
RSSI: -70 [da:2a:11:17:09:ec]
RSSI: -83 [da:2a:11:17:09:ec]
RSSI: -77 [da:2a:11:24:0a:1c]
RSSI: -69 [da:2a:11:24:0a:1c]
RSSI: -83 [da:2a:11:33:0a:3c]
RSSI: -69 [da:2a:11:4e:0a:9c]
RSSI: -74 [da:2a:11:5d:0a:cc]
RSSI: -71 [da:2a:11:5d:0a:cc]
RSSI: -75 [da:2a:11:6b:0a:fc]
RSSI: -74 [da:2a:11:6b:0a:fc]
RSSI: -73 [da:2a:11:78:0b:1c]
RSSI: -75 [da:2a:11:78:0b:1c]
RSSI: -75 [da:2a:11:78:0b:1c]
RSSI: -72 [da:2a:11:86:0b:4c]
RSSI: -76 [da:2a:11:95:0b:7c]
RSSI: -70 [da:2a:11:95:0b:7c]
RSSI: -89 [da:24:6d:dd:0f:8a]
RSSI: -74 [da:2a:11:a1:0b:ac]
RSSI: -68 [da:2a:11:a1:0b:ac]
RSSI: -71 [da:2a:11:b0:0b:dc]
RSSI: -72 [da:2a:11:b0:0b:dc]
RSSI: -69 [da:2a:11:bf:0b:fc]
RSSI: -75 [da:2a:11:bf:0b:fc]
RSSI: -74 [da:2a:11:cb:0c:2c]
RSSI: -96 [da:24:6e:19:10:3a]
RSSI: -79 [da:2a:11:da:0c:5c]
RSSI: -83 [da:2a:11:e8:0c:8c]
RSSI: -74 [da:2a:11:f5:0c:ac]
RSSI: -95 [da:24:6e:35:10:8a]
RSSI: -80 [da:2a:12:04:0c:dc]
RSSI: -80 [da:2a:12:04:0c:dc]
RSSI: -73 [da:2a:12:04:0c:dc]
RSSI: -73 [da:2a:12:04:0c:dc]
RSSI: -77 [da:2a:12:12:0d:0c]
RSSI: -72 [da:2a:12:1f:0d:3c]
RSSI: -77 [da:2a:12:1f:0d:3c]
RSSI: -73 [da:2a:12:2e:0d:6c]
RSSI: -91 [da:27:77:85:03:fe]
RSSI: -97 [da:22:8a:7b:11:bb]
RSSI: -78 [da:2a:12:3c:0d:8c]
RSSI: -72 [da:2a:12:49:0d:bc]
RSSI: -79 [da:2a:12:49:0d:bc]
RSSI: -71 [da:2a:12:57:0d:ec]
RSSI: -70 [da:2a:12:57:0d:ec]
RSSI: -76 [da:2a:12:66:0e:1c]
RSSI: -71 [da:2a:12:66:0e:1c]
RSSI: -71 [da:2a:12:66:0e:1c]
RSSI: -75 [da:2a:12:72:0e:3c]
RSSI: -70 [da:2a:12:81:0e:6c]
RSSI: -76 [da:2a:12:90:0e:9c]
RSSI: -87 [da:2a:12:9c:0e:cc]
RSSI: -82 [da:2a:12:9c:0e:cc]
RSSI: -83 [da:2a:12:ba:0f:1c]
RSSI: -85 [da:2a:12:c6:0f:4c]
RSSI: -82 [da:2a:12:c6:0f:4c]
RSSI: -83 [da:2a:12:c6:0f:4c]
RSSI: -83 [da:2a:12:d5:0f:7c]
RSSI: -80 [da:2a:12:d5:0f:7c]
RSSI: -76 [da:2a:12:e3:0f:ac]
RSSI: -80 [da:2a:12:f0:0f:cc]
RSSI: -77 [da:2a:12:f0:0f:cc]
RSSI: -81 [da:2a:12:ff:0f:fc]
RSSI: -97 [da:22:8b:46:14:0b]
RSSI: -90 [da:2a:13:1a:10:4c]
RSSI: -82 [da:2a:13:29:10:7c]
RSSI: -82 [da:2a:13:37:10:ac]
RSSI: -85 [da:2a:13:37:10:ac]
RSSI: -80 [da:2a:13:44:10:dc]
RSSI: -81 [da:2a:13:44:10:dc]
RSSI: -80 [da:2a:13:53:11:0c]
RSSI: -82 [da:2a:13:61:11:3c]
RSSI: -85 [da:2a:13:61:11:3c]
RSSI: -85 [da:2a:13:6e:11:5c]
RSSI: -83 [da:2a:13:6e:11:5c]
RSSI: -81 [da:2a:13:7d:11:8c]
RSSI: -86 [da:2a:13:8b:11:bc]
RSSI: -87 [da:27:78:d9:07:de]
RSSI: -78 [da:2a:13:8b:11:bc]
RSSI: -93 [da:27:79:00:08:4e]
RSSI: -74 [da:2a:13:b5:12:3c]
RSSI: -77 [da:2a:13:c2:12:6c]
RSSI: -83 [da:2a:13:d1:12:9c]
RSSI: -87 [da:27:79:1a:08:8e]
RSSI: -78 [da:2a:13:d1:12:9c]
RSSI: -79 [da:2a:13:d1:12:9c]
RSSI: -76 [da:2a:13:df:12:cc]
RSSI: -85 [da:27:79:34:08:de]
RSSI: -84 [da:2a:13:df:12:cc]
RSSI: -84 [da:27:79:34:08:de]
RSSI: -78 [da:2a:13:ec:12:ec]
RSSI: -78 [da:2a:13:ec:12:ec]
RSSI: -83 [da:27:79:41:08:fe]
RSSI: -82 [da:27:79:41:08:fe]
RSSI: -84 [da:27:79:4f:09:2e]
RSSI: -80 [da:2a:14:09:13:4c]
RSSI: -80 [da:27:79:5b:09:4e]
RSSI: -80 [da:2a:14:09:13:4c]
RSSI: -82 [da:27:79:5b:09:4e]
RSSI: -77 [da:2a:14:16:13:6c]
RSSI: -74 [da:2a:14:25:13:9c]
RSSI: -82 [da:27:79:76:09:9e]
RSSI: -81 [da:27:79:76:09:9e]
RSSI: -73 [da:2a:14:25:13:9c]
RSSI: -80 [da:27:79:76:09:9e]
RSSI: -77 [da:2a:14:33:13:cc]
RSSI: -77 [da:27:79:83:09:be]
RSSI: -74 [da:2a:14:33:13:cc]
RSSI: -81 [da:27:79:83:09:be]
RSSI: -73 [da:2a:14:4f:14:2c]
RSSI: -81 [da:27:79:9d:0a:0e]
RSSI: -74 [da:2a:14:4f:14:2c]
RSSI: -74 [da:2a:14:4f:14:2c]
RSSI: -79 [da:27:79:aa:0a:3e]
RSSI: -74 [da:2a:14:5d:14:4c]
RSSI: -75 [da:2a:14:6a:14:7c]
RSSI: -74 [da:2a:14:6a:14:7c]
RSSI: -78 [da:27:79:c5:0a:8e]
RSSI: -74 [da:2a:14:79:14:ac]
RSSI: -79 [da:27:79:d1:0a:ae]
RSSI: -73 [da:2a:14:87:14:dc]
RSSI: -76 [da:2a:14:87:14:dc]
RSSI: -76 [da:2a:14:87:14:dc]
RSSI: -79 [da:27:79:df:0a:ce]
RSSI: -79 [da:27:79:df:0a:ce]
RSSI: -77 [da:27:79:ec:0a:fe]
RSSI: -77 [da:27:79:ec:0a:fe]
RSSI: -72 [da:2a:14:a3:15:2c]
RSSI: -74 [da:2a:14:a3:15:2c]
RSSI: -80 [da:27:79:f8:0b:1e]
RSSI: -75 [da:2a:14:b1:15:5c]
RSSI: -74 [da:2a:14:b1:15:5c]
RSSI: -80 [da:27:7a:06:0b:3e]
RSSI: -78 [da:27:7a:06:0b:3e]
RSSI: -79 [da:27:7a:13:0b:6e]
RSSI: -78 [da:2a:14:be:15:7c]
RSSI: -78 [da:27:7a:13:0b:6e]
RSSI: -76 [da:2a:14:cd:15:ac]
RSSI: -81 [da:27:7a:20:0b:8e]
RSSI: -76 [da:2a:14:cd:15:ac]
RSSI: -81 [da:27:7a:2d:0b:ae]
RSSI: -75 [da:2a:14:dc:15:dc]
RSSI: -81 [da:27:7a:2d:0b:ae]
RSSI: -82 [da:27:7a:2d:0b:ae]
RSSI: -82 [da:27:7a:2d:0b:ae]
RSSI: -76 [da:2a:14:e8:16:0c]
RSSI: -83 [da:27:7a:3a:0b:de]
RSSI: -75 [da:2a:14:e8:16:0c]
RSSI: -75 [da:2a:14:e8:16:0c]
RSSI: -81 [da:27:7a:3a:0b:de]
RSSI: -73 [da:2a:14:f7:16:2c]
RSSI: -76 [da:2a:14:f7:16:2c]
RSSI: -77 [da:2a:15:06:16:5c]
RSSI: -86 [da:27:7a:47:0b:fe]
RSSI: -78 [da:2a:15:06:16:5c]
RSSI: -75 [da:2a:15:06:16:5c]
RSSI: -75 [da:2a:15:06:16:5c]
RSSI: -80 [da:2a:15:12:00:0c]
RSSI: -92 [da:24:71:53:03:2a]
RSSI: -86 [da:27:7a:6a:0c:5e]
RSSI: -91 [da:27:7a:6a:0c:5e]
RSSI: -89 [da:24:71:63:03:5a]
RSSI: -83 [da:2a:15:21:00:2c]
RSSI: -76 [da:2a:15:30:00:5c]
RSSI: -88 [da:24:71:70:03:7a]
RSSI: -92 [da:27:7a:84:0c:ae]
RSSI: -75 [da:2a:15:3c:00:8c]
RSSI: -87 [da:24:71:80:03:aa]
RSSI: -78 [da:2a:15:50:00:cc]
RSSI: -76 [da:2a:15:50:00:cc]
RSSI: -92 [da:27:7a:ab:0d:1e]
RSSI: -86 [da:24:71:9c:03:fa]
RSSI: -87 [da:22:8d:9e:04:9b]
RSSI: -78 [da:2a:15:61:00:fc]
RSSI: -86 [da:24:71:9c:03:fa]
RSSI: -88 [da:27:7a:b9:0d:4e]
RSSI: -86 [da:24:71:ac:04:2a]
RSSI: -88 [da:22:8d:ae:04:cb]
RSSI: -76 [da:2a:15:6d:01:1c]
RSSI: -87 [da:24:71:bc:04:5a]
RSSI: -74 [da:2a:15:7c:01:4c]
RSSI: -91 [da:27:7a:c5:0d:6e]
RSSI: -87 [da:24:71:bc:04:5a]
RSSI: -73 [da:2a:15:7c:01:4c]
RSSI: -76 [da:2a:15:8b:01:7c]
RSSI: -72 [da:2a:15:8b:01:7c]
RSSI: -88 [da:27:7a:e0:0d:be]
RSSI: -70 [da:2a:15:97:01:9c]
RSSI: -75 [da:2a:15:97:01:9c]
RSSI: -75 [da:2a:15:97:01:9c]
RSSI: -71 [da:2a:15:a6:01:cc]
RSSI: -86 [da:24:71:e9:04:da]
RSSI: -76 [da:2a:15:b5:01:fc]
RSSI: -74 [da:2a:15:b5:01:fc]
RSSI: -84 [da:24:71:f5:04:fa]
RSSI: -74 [da:2a:15:c2:02:2c]
RSSI: -83 [da:24:72:05:05:2a]
RSSI: -82 [da:24:72:05:05:2a]
RSSI: -73 [da:2a:15:d1:02:5c]
RSSI: -81 [da:24:72:15:05:5a]
RSSI: -73 [da:2a:15:d1:02:5c]
RSSI: -73 [da:2a:15:df:02:8c]
RSSI: -81 [da:24:72:22:05:7a]
RSSI: -70 [da:2a:15:df:02:8c]
RSSI: -80 [da:24:72:22:05:7a]
RSSI: -72 [da:2a:15:ec:02:ac]
RSSI: -72 [da:2a:15:ec:02:ac]
RSSI: -79 [da:24:72:32:05:aa]
RSSI: -79 [da:24:72:32:05:aa]
RSSI: -73 [da:2a:15:fb:02:dc]
RSSI: -81 [da:24:72:42:05:da]
RSSI: -72 [da:2a:15:fb:02:dc]
RSSI: -79 [da:24:72:42:05:da]
RSSI: -78 [da:24:72:4e:05:fa]
RSSI: -70 [da:2a:16:16:03:3c]
RSSI: -74 [da:2a:16:16:03:3c]
RSSI: -77 [da:24:72:5e:06:2a]
RSSI: -76 [da:2a:16:25:03:5c]
RSSI: -75 [da:2a:16:25:03:5c]
RSSI: -77 [da:24:72:6e:06:5a]
RSSI: -78 [da:24:72:6e:06:5a]
RSSI: -75 [da:2a:16:34:03:8c]
RSSI: -77 [da:24:72:7b:06:7a]
RSSI: -79 [da:2a:16:40:03:bc]
RSSI: -78 [da:24:72:8b:06:aa]
RSSI: -72 [da:2a:16:4f:03:ec]
RSSI: -78 [da:24:72:8b:06:aa]
RSSI: -72 [da:2a:16:4f:03:ec]
RSSI: -77 [da:24:72:9b:06:da]
RSSI: -78 [da:24:72:9b:06:da]
RSSI: -70 [da:2a:16:5e:04:0c]
RSSI: -77 [da:24:72:9b:06:da]
RSSI: -71 [da:2a:16:5e:04:0c]
RSSI: -76 [da:24:72:a8:06:fa]
RSSI: -68 [da:2a:16:6b:04:3c]
RSSI: -68 [da:2a:16:6b:04:3c]
RSSI: -74 [da:2a:16:7a:04:6c]
RSSI: -77 [da:24:72:b8:07:2a]
RSSI: -69 [da:2a:16:88:04:9c]
RSSI: -79 [da:24:72:c8:07:5a]
RSSI: -69 [da:2a:16:88:04:9c]
RSSI: -79 [da:24:72:d4:07:7a]
RSSI: -67 [da:2a:16:95:04:bc]
RSSI: -79 [da:24:72:d4:07:7a]
RSSI: -71 [da:2a:16:95:04:bc]
RSSI: -74 [da:2a:16:a4:04:ec]
RSSI: -65 [da:2a:16:a4:04:ec]
RSSI: -70 [da:2a:16:b3:05:1c]
RSSI: -74 [da:2a:16:b3:05:1c]
RSSI: -63 [da:2a:16:bf:05:4c]
RSSI: -81 [da:24:73:01:07:fa]
RSSI: -65 [da:2a:16:bf:05:4c]
RSSI: -86 [da:24:73:21:08:5a]
RSSI: -67 [da:2a:16:ea:05:cc]
RSSI: -73 [da:2a:16:ea:05:cc]
RSSI: -67 [da:2a:16:f9:05:fc]
RSSI: -69 [da:2a:16:f9:05:fc]
RSSI: -70 [da:2a:17:07:06:2c]
RSSI: -89 [da:24:73:5a:09:0a]
RSSI: -84 [da:2a:17:23:06:7c]
RSSI: -78 [da:2a:17:23:06:7c]
RSSI: -87 [da:24:73:6a:09:2a]
RSSI: -92 [da:27:7c:78:12:5e]
RSSI: -89 [da:24:73:7a:09:5a]
RSSI: -76 [da:2a:17:32:06:ac]
RSSI: -91 [da:27:7c:85:12:7e]
RSSI: -87 [da:24:73:7a:09:5a]
RSSI: -75 [da:2a:17:3e:06:dc]
RSSI: -89 [da:24:73:87:09:8a]
RSSI: -74 [da:2a:17:4d:07:0c]
RSSI: -73 [da:2a:17:5c:07:3c]
RSSI: -73 [da:2a:17:69:07:5c]
RSSI: -75 [da:2a:17:69:07:5c]
RSSI: -74 [da:2a:17:78:07:8c]
RSSI: -74 [da:2a:17:78:07:8c]
RSSI: -78 [da:2a:17:86:07:bc]
RSSI: -74 [da:2a:17:86:07:bc]
RSSI: -79 [da:2a:17:93:07:dc]
RSSI: -79 [da:2a:17:93:07:dc]
RSSI: -82 [da:2a:17:a2:08:0c]
RSSI: -74 [da:2a:17:a2:08:0c]
RSSI: -71 [da:2a:17:b1:08:3c]
RSSI: -77 [da:2a:17:b1:08:3c]
RSSI: -73 [da:2a:17:bd:08:6c]
RSSI: -72 [da:2a:17:bd:08:6c]
RSSI: -74 [da:2a:17:cc:08:9c]
RSSI: -72 [da:2a:17:cc:08:9c]
RSSI: -72 [da:2a:17:db:08:cc]
RSSI: -73 [da:2a:17:e8:08:ec]
RSSI: -73 [da:2a:17:e8:08:ec]
RSSI: -74 [da:2a:17:f7:09:1c]
RSSI: -74 [da:2a:17:f7:09:1c]
RSSI: -71 [da:2a:18:06:09:4c]
RSSI: -71 [da:2a:18:06:09:4c]
RSSI: -77 [da:2a:18:06:09:4c]
RSSI: -77 [da:2a:18:06:09:4c]
RSSI: -73 [da:2a:18:12:09:7c]
RSSI: -72 [da:2a:18:21:09:ac]
RSSI: -74 [da:2a:18:30:09:dc]
RSSI: -77 [da:2a:18:3d:09:fc]
RSSI: -97 [da:24:74:76:0c:3a]
RSSI: -77 [da:2a:18:3d:09:fc]
RSSI: -73 [da:2a:18:3d:09:fc]
RSSI: -77 [da:2a:18:4c:0a:2c]
RSSI: -74 [da:2a:18:5a:0a:5c]
RSSI: -72 [da:2a:18:5a:0a:5c]
RSSI: -75 [da:2a:18:67:0a:8c]
RSSI: -76 [da:2a:18:76:0a:bc]
RSSI: -74 [da:2a:18:76:0a:bc]
RSSI: -72 [da:2a:18:85:0a:dc]
RSSI: -75 [da:2a:18:85:0a:dc]
RSSI: -78 [da:2a:18:92:0b:0c]
RSSI: -79 [da:2a:18:a1:0b:3c]
RSSI: -95 [da:24:74:ed:0d:8a]
RSSI: -82 [da:2a:18:af:0b:6c]
RSSI: -77 [da:2a:18:bc:0b:8c]
RSSI: -73 [da:2a:18:cb:0b:bc]
RSSI: -81 [da:2a:18:da:0b:ec]
RSSI: -73 [da:2a:18:da:0b:ec]
RSSI: -77 [da:2a:18:e7:0c:1c]
RSSI: -91 [da:24:75:2a:0e:3a]
RSSI: -74 [da:2a:18:f6:0c:4c]
RSSI: -89 [da:24:75:3a:0e:6a]
RSSI: -77 [da:2a:18:f6:0c:4c]
RSSI: -75 [da:2a:19:04:0c:7c]
RSSI: -80 [da:2a:19:11:0c:9c]
RSSI: -85 [da:2a:19:20:0c:cc]
RSSI: -91 [da:24:75:67:0e:ea]
RSSI: -90 [da:24:75:67:0e:ea]
RSSI: -71 [da:2a:19:2f:0c:fc]
RSSI: -70 [da:2a:19:3c:0d:2c]
RSSI: -90 [da:24:75:83:0f:3a]
RSSI: -78 [da:2a:19:4b:0d:5c]
RSSI: -70 [da:2a:19:4b:0d:5c]
RSSI: -91 [da:24:75:93:0f:6a]
RSSI: -72 [da:2a:19:59:0d:8c]
RSSI: -77 [da:2a:19:59:0d:8c]
RSSI: -75 [da:2a:19:75:0d:dc]
RSSI: -92 [da:24:75:c0:0f:ea]
RSSI: -83 [da:2a:19:84:0e:0c]
RSSI: -77 [da:2a:19:84:0e:0c]
RSSI: -77 [da:2a:19:91:0e:3c]
RSSI: -79 [da:2a:19:a0:0e:6c]
RSSI: -95 [da:27:7f:01:03:4e]
RSSI: -82 [da:2a:19:bb:0e:bc]
RSSI: -79 [da:2a:19:bb:0e:bc]
RSSI: -80 [da:2a:19:ca:0e:ec]
RSSI: -79 [da:2a:19:d9:0f:1c]
RSSI: -79 [da:2a:19:d9:0f:1c]
RSSI: -81 [da:2a:19:e6:0f:4c]
RSSI: -82 [da:2a:19:e6:0f:4c]
RSSI: -82 [da:2a:19:e6:0f:4c]
RSSI: -85 [da:2a:19:f5:0f:7c]
RSSI: -82 [da:2a:1a:04:0f:ac]
RSSI: -81 [da:2a:1a:04:0f:ac]
RSSI: -82 [da:2a:1a:10:0f:cc]
RSSI: -85 [da:2a:1a:1f:0f:fc]
RSSI: -83 [da:2a:1a:1f:0f:fc]
RSSI: -80 [da:2a:1a:3b:10:5c]
RSSI: -86 [da:2a:1a:4a:10:8c]
RSSI: -78 [da:2a:1a:4a:10:8c]
RSSI: -88 [da:2a:1a:59:10:bc]
RSSI: -78 [da:2a:1a:75:11:0c]
RSSI: -81 [da:2a:1a:84:11:3c]
RSSI: -82 [da:2a:1a:90:11:6c]
RSSI: -94 [da:27:7f:e3:05:de]
RSSI: -78 [da:2a:1a:90:11:6c]
RSSI: -80 [da:2a:1a:a0:11:9c]
RSSI: -76 [da:2a:1a:af:11:cc]
RSSI: -76 [da:2a:1a:bb:11:ec]
RSSI: -80 [da:2a:1a:ca:12:1c]
RSSI: -89 [da:27:80:18:06:7e]
RSSI: -76 [da:2a:1a:ca:12:1c]
RSSI: -73 [da:2a:1a:d9:12:4c]
RSSI: -80 [da:2a:1a:d9:12:4c]
RSSI: -74 [da:2a:1a:e6:12:6c]
RSSI: -73 [da:2a:1a:f5:12:9c]
RSSI: -73 [da:2a:1b:04:12:cc]
RSSI: -90 [da:24:77:4d:14:5a]
RSSI: -74 [da:2a:1b:11:12:fc]
RSSI: -73 [da:2a:1b:11:12:fc]
RSSI: -73 [da:2a:1b:20:13:1c]
RSSI: -93 [da:24:77:67:14:aa]
RSSI: -74 [da:2a:1b:2f:13:4c]
RSSI: -71 [da:2a:1b:2f:13:4c]
RSSI: -71 [da:2a:1b:2f:13:4c]
RSSI: -74 [da:2a:1b:3b:13:7c]
RSSI: -71 [da:2a:1b:3b:13:7c]
RSSI: -74 [da:2a:1b:4a:13:ac]
RSSI: -89 [da:27:80:9e:07:fe]
RSSI: -70 [da:2a:1b:59:13:dc]
RSSI: -74 [da:2a:1b:59:13:dc]
RSSI: -71 [da:2a:1b:66:13:fc]
RSSI: -71 [da:2a:1b:66:13:fc]
RSSI: -75 [da:2a:1b:75:14:2c]
RSSI: -73 [da:2a:1b:75:14:2c]
RSSI: -74 [da:2a:1b:84:14:5c]
RSSI: -76 [da:2a:1b:84:14:5c]
RSSI: -88 [da:27:80:e0:08:be]
RSSI: -74 [da:2a:1b:91:14:8c]
RSSI: -75 [da:2a:1b:91:14:8c]
RSSI: -74 [da:2a:1b:a0:14:bc]
RSSI: -88 [da:27:80:ee:08:ee]
RSSI: -87 [da:27:80:fb:09:0e]
RSSI: -77 [da:2a:1b:af:14:ec]
RSSI: -87 [da:27:80:fb:09:0e]
RSSI: -80 [da:2a:1b:bb:15:0c]
RSSI: -79 [da:2a:1b:bb:15:0c]
RSSI: -87 [da:27:81:16:09:5e]
RSSI: -85 [da:27:81:16:09:5e]
RSSI: -82 [da:2a:1b:cb:15:3c]
RSSI: -78 [da:2a:1b:da:15:6c]
RSSI: -83 [da:2a:1b:da:15:6c]
RSSI: -81 [da:2a:1b:e6:15:9c]
RSSI: -82 [da:2a:1b:f5:15:cc]
RSSI: -88 [da:27:81:4b:09:fe]
RSSI: -92 [da:2a:1c:04:15:fc]
RSSI: -84 [da:27:81:59:0a:1e]
RSSI: -84 [da:27:81:66:0a:4e]
RSSI: -92 [da:27:81:73:0a:6e]
RSSI: -83 [da:2a:1c:2f:16:7c]
RSSI: -86 [da:27:81:81:0a:9e]
RSSI: -80 [da:2a:1c:3c:00:0c]
RSSI: -85 [da:27:81:8e:0a:be]
RSSI: -82 [da:2a:1c:3c:00:0c]
RSSI: -81 [da:2a:1c:4b:00:2c]
RSSI: -81 [da:2a:1c:5a:00:5c]
RSSI: -90 [da:24:78:b1:02:2a]
RSSI: -75 [da:2a:1c:76:00:bc]
RSSI: -75 [da:2a:1c:76:00:bc]
RSSI: -77 [da:2a:1c:85:00:ec]
RSSI: -75 [da:2a:1c:85:00:ec]
RSSI: -92 [da:27:81:df:0b:9e]
RSSI: -75 [da:2a:1c:92:01:0c]
RSSI: -74 [da:2a:1c:b0:01:6c]
RSSI: -75 [da:2a:1c:bd:01:9c]
RSSI: -74 [da:2a:1c:bd:01:9c]
RSSI: -74 [da:2a:1c:bd:01:9c]
RSSI: -75 [da:2a:1c:cc:01:cc]
RSSI: -89 [da:24:79:17:03:4a]
RSSI: -76 [da:2a:1c:db:01:fc]
RSSI: -87 [da:24:79:24:03:6a]
RSSI: -75 [da:2a:1c:e8:02:2c]
RSSI: -85 [da:24:79:31:03:8a]
RSSI: -77 [da:2a:1c:f7:02:4c]
RSSI: -82 [da:2a:1d:06:02:7c]
RSSI: -79 [da:2a:1d:13:02:ac]
RSSI: -73 [da:2a:1d:22:02:dc]
RSSI: -85 [da:24:79:64:04:1a]
RSSI: -73 [da:2a:1d:31:03:0c]
RSSI: -88 [da:24:79:70:04:4a]
RSSI: -71 [da:2a:1d:31:03:0c]
RSSI: -87 [da:24:79:7d:04:6a]
RSSI: -71 [da:2a:1d:3e:03:2c]
RSSI: -71 [da:2a:1d:3e:03:2c]
RSSI: -85 [da:24:79:8a:04:8a]
RSSI: -85 [da:24:79:8a:04:8a]
RSSI: -69 [da:2a:1d:4d:03:5c]
RSSI: -85 [da:24:79:97:04:aa]
RSSI: -68 [da:2a:1d:5c:03:8c]
RSSI: -85 [da:24:79:a3:04:da]
RSSI: -68 [da:2a:1d:69:03:bc]
RSSI: -83 [da:24:79:b0:04:fa]
RSSI: -67 [da:2a:1d:69:03:bc]
RSSI: -83 [da:24:79:b0:04:fa]
RSSI: -66 [da:2a:1d:78:03:dc]
RSSI: -80 [da:24:79:bd:05:1a]
RSSI: -67 [da:2a:1d:87:04:0c]
RSSI: -81 [da:24:79:ca:05:3a]
RSSI: -65 [da:2a:1d:87:04:0c]
RSSI: -95 [da:27:82:dc:0e:7e]
RSSI: -79 [da:24:79:d7:05:6a]
RSSI: -79 [da:24:79:d7:05:6a]
RSSI: -68 [da:2a:1d:94:04:3c]
RSSI: -78 [da:24:79:d7:05:6a]
RSSI: -78 [da:24:79:e3:05:8a]
RSSI: -68 [da:2a:1d:a3:04:6c]
RSSI: -68 [da:2a:1d:a3:04:6c]
RSSI: -78 [da:24:79:f0:05:aa]
RSSI: -63 [da:2a:1d:b2:04:9c]
RSSI: -69 [da:2a:1d:b2:04:9c]
RSSI: -77 [da:24:79:fd:05:da]
RSSI: -77 [da:24:79:fd:05:da]
RSSI: -64 [da:2a:1d:be:04:bc]
RSSI: -64 [da:2a:1d:be:04:bc]
RSSI: -76 [da:24:7a:09:05:fa]
RSSI: -67 [da:2a:1d:ce:04:ec]
RSSI: -76 [da:24:7a:16:06:1a]
RSSI: -75 [da:24:7a:23:06:4a]
RSSI: -67 [da:2a:1d:dd:05:1c]
RSSI: -76 [da:24:7a:23:06:4a]
RSSI: -66 [da:2a:1d:e9:05:4c]
RSSI: -69 [da:2a:1d:e9:05:4c]
RSSI: -71 [da:2a:1d:f9:05:7c]
RSSI: -78 [da:2a:1e:08:05:ac]
RSSI: -82 [da:2a:1e:08:05:ac]
RSSI: -79 [da:2a:1e:14:05:cc]
RSSI: -76 [da:24:7a:56:06:da]
RSSI: -76 [da:2a:1e:14:05:cc]
RSSI: -76 [da:24:7a:63:06:fa]
RSSI: -74 [da:2a:1e:24:05:fc]
RSSI: -80 [da:2a:1e:24:05:fc]
RSSI: -76 [da:24:7a:70:07:1a]
RSSI: -73 [da:2a:1e:33:06:2c]
RSSI: -76 [da:24:7a:70:07:1a]
RSSI: -68 [da:2a:1e:33:06:2c]
RSSI: -76 [da:24:7a:7d:07:4a]
RSSI: -73 [da:2a:1e:3f:06:5c]
RSSI: -73 [da:2a:1e:3f:06:5c]
RSSI: -76 [da:24:7a:8a:07:6a]
RSSI: -75 [da:2a:1e:4f:06:8c]
RSSI: -77 [da:24:7a:96:07:8a]
RSSI: -73 [da:2a:1e:4f:06:8c]
RSSI: -79 [da:24:7a:96:07:8a]
RSSI: -73 [da:2a:1e:5e:06:bc]
RSSI: -78 [da:24:7a:a3:07:ba]
RSSI: -74 [da:2a:1e:6a:06:dc]
RSSI: -81 [da:24:7a:b0:07:da]
RSSI: -71 [da:2a:1e:6a:06:dc]
RSSI: -80 [da:24:7a:bd:07:fa]
RSSI: -77 [da:2a:1e:7a:07:0c]
RSSI: -81 [da:24:7a:bd:07:fa]
RSSI: -84 [da:24:7a:c9:08:1a]
RSSI: -78 [da:2a:1e:89:07:3c]
RSSI: -73 [da:2a:1e:95:07:6c]
RSSI: -80 [da:2a:1e:95:07:6c]
RSSI: -89 [da:24:7a:e3:08:6a]
RSSI: -75 [da:2a:1e:a5:07:9c]
RSSI: -72 [da:2a:1e:a5:07:9c]
RSSI: -77 [da:2a:1e:b4:07:cc]
RSSI: -74 [da:2a:1e:b4:07:cc]
RSSI: -77 [da:2a:1e:c1:07:ec]
RSSI: -87 [da:24:7b:0a:08:da]
RSSI: -74 [da:2a:1e:c1:07:ec]
RSSI: -86 [da:24:7b:0a:08:da]
RSSI: -94 [da:27:84:1f:12:2e]
RSSI: -77 [da:2a:1e:d0:08:1c]
RSSI: -76 [da:2a:1e:d0:08:1c]
RSSI: -76 [da:2a:1e:df:08:4c]
RSSI: -76 [da:2a:1e:ec:08:7c]
RSSI: -75 [da:2a:1e:ec:08:7c]
RSSI: -73 [da:2a:1e:fb:08:ac]
RSSI: -73 [da:2a:1e:fb:08:ac]
RSSI: -75 [da:2a:1f:0a:08:dc]
RSSI: -75 [da:2a:1f:0a:08:dc]
RSSI: -91 [da:24:7b:57:09:ba]
RSSI: -72 [da:2a:1f:17:08:fc]
RSSI: -76 [da:2a:1f:17:08:fc]
RSSI: -71 [da:2a:1f:26:09:2c]
RSSI: -88 [da:24:7b:70:0a:0a]
RSSI: -72 [da:2a:1f:35:09:5c]
RSSI: -77 [da:2a:1f:42:09:8c]
RSSI: -72 [da:2a:1f:42:09:8c]
RSSI: -72 [da:2a:1f:51:09:bc]
RSSI: -78 [da:2a:1f:51:09:bc]
RSSI: -75 [da:2a:1f:60:09:ec]
RSSI: -74 [da:2a:1f:60:09:ec]
RSSI: -78 [da:2a:1f:6d:0a:1c]
RSSI: -78 [da:2a:1f:6d:0a:1c]
RSSI: -76 [da:2a:1f:7c:0a:4c]
RSSI: -76 [da:2a:1f:7c:0a:4c]
RSSI: -74 [da:2a:1f:8b:0a:7c]
RSSI: -75 [da:2a:1f:8b:0a:7c]
RSSI: -76 [da:2a:1f:98:0a:9c]
RSSI: -75 [da:2a:1f:98:0a:9c]
RSSI: -77 [da:2a:1f:a7:0a:cc]
RSSI: -79 [da:2a:1f:a7:0a:cc]
RSSI: -78 [da:2a:1f:b7:0a:fc]
RSSI: -78 [da:2a:1f:c3:0b:2c]
RSSI: -77 [da:2a:1f:c3:0b:2c]
RSSI: -76 [da:2a:1f:d3:0b:5c]
RSSI: -77 [da:2a:1f:d3:0b:5c]
RSSI: -81 [da:2a:1f:e2:0b:8c]
RSSI: -81 [da:2a:1f:ee:0b:ac]
RSSI: -82 [da:2a:1f:ee:0b:ac]
RSSI: -83 [da:2a:1f:fe:0b:dc]
RSSI: -83 [da:2a:1f:fe:0b:dc]
RSSI: -81 [da:2a:20:0d:0c:1c]
RSSI: -83 [da:2a:20:1a:0c:3c]
RSSI: -83 [da:2a:20:1a:0c:3c]
RSSI: -84 [da:2a:20:29:0c:6c]
RSSI: -84 [da:2a:20:29:0c:6c]
RSSI: -85 [da:2a:20:38:0c:9c]
RSSI: -84 [da:2a:20:38:0c:9c]
RSSI: -80 [da:2a:20:45:0c:cc]
RSSI: -83 [da:2a:20:45:0c:cc]
RSSI: -80 [da:2a:20:63:0d:2c]
RSSI: -84 [da:2a:20:70:0d:4c]
RSSI: -92 [da:2a:20:7f:0d:7c]
RSSI: -93 [da:24:7c:d8:0e:1a]
RSSI: -87 [da:24:7c:e5:0e:3a]
RSSI: -88 [da:24:7c:e5:0e:3a]
RSSI: -82 [da:2a:20:ab:0e:0c]
RSSI: -89 [da:24:7c:f2:0e:5a]
RSSI: -82 [da:2a:20:ab:0e:0c]
RSSI: -88 [da:2a:20:ba:0e:3c]
RSSI: -81 [da:2a:20:ba:0e:3c]
RSSI: -89 [da:24:7c:ff:0e:8a]
RSSI: -86 [da:2a:20:c7:0e:5c]
RSSI: -91 [da:24:7d:0c:0e:aa]
RSSI: -79 [da:2a:20:d6:0e:8c]
RSSI: -90 [da:24:7d:19:0e:ca]
RSSI: -82 [da:2a:20:d6:0e:8c]
RSSI: -77 [da:2a:20:e5:0e:bc]
RSSI: -81 [da:2a:20:e5:0e:bc]
RSSI: -81 [da:2a:20:f2:0e:ec]
RSSI: -76 [da:2a:20:f2:0e:ec]
RSSI: -81 [da:2a:21:01:0f:1c]
RSSI: -77 [da:2a:21:01:0f:1c]
RSSI: -80 [da:2a:21:10:0f:4c]
RSSI: -77 [da:2a:21:1d:0f:6c]
RSSI: -80 [da:2a:21:1d:0f:6c]
RSSI: -89 [da:24:7d:66:0f:aa]
RSSI: -79 [da:2a:21:2d:0f:9c]
RSSI: -89 [da:24:7d:73:0f:da]
RSSI: -77 [da:2a:21:48:0f:fc]
RSSI: -84 [da:2a:21:58:10:2c]
RSSI: -76 [da:2a:21:58:10:2c]
RSSI: -76 [da:2a:21:58:10:2c]
RSSI: -87 [da:2a:21:67:10:5c]
RSSI: -82 [da:2a:21:67:10:5c]
RSSI: -79 [da:2a:21:74:10:8c]
RSSI: -95 [da:24:7d:c1:10:ba]
RSSI: -75 [da:2a:21:83:10:bc]
RSSI: -86 [da:2a:21:83:10:bc]
RSSI: -77 [da:2a:21:93:10:ec]
RSSI: -76 [da:2a:21:93:10:ec]
RSSI: -76 [da:2a:21:9f:11:0c]
RSSI: -76 [da:2a:21:9f:11:0c]
RSSI: -78 [da:2a:21:af:11:3c]
RSSI: -74 [da:2a:21:af:11:3c]
RSSI: -74 [da:2a:21:be:11:6c]
RSSI: -74 [da:2a:21:be:11:6c]
RSSI: -70 [da:2a:21:cb:11:9c]
RSSI: -70 [da:2a:21:da:11:cc]
RSSI: -71 [da:2a:21:e9:11:fc]
RSSI: -71 [da:2a:21:e9:11:fc]
RSSI: -72 [da:2a:21:f6:12:1c]
RSSI: -71 [da:2a:22:05:12:4c]
RSSI: -72 [da:2a:22:15:12:7c]
RSSI: -70 [da:2a:22:15:12:7c]
RSSI: -72 [da:2a:22:21:12:ac]
RSSI: -70 [da:2a:22:21:12:ac]
RSSI: -71 [da:2a:22:31:12:dc]
RSSI: -71 [da:2a:22:31:12:dc]
RSSI: -69 [da:2a:22:40:13:0c]
RSSI: -72 [da:2a:22:40:13:0c]
RSSI: -70 [da:2a:22:4d:13:2c]
RSSI: -76 [da:2a:22:5c:13:5c]
RSSI: -73 [da:2a:22:5c:13:5c]
RSSI: -71 [da:2a:22:6b:13:9c]
RSSI: -76 [da:2a:22:6b:13:9c]
RSSI: -74 [da:2a:22:78:13:bc]
RSSI: -74 [da:2a:22:88:13:ec]
RSSI: -74 [da:2a:22:97:14:1c]
RSSI: -74 [da:2a:22:97:14:1c]
RSSI: -75 [da:2a:22:a4:14:3c]
RSSI: -78 [da:2a:22:a4:14:3c]
RSSI: -78 [da:2a:22:b3:14:6c]
RSSI: -82 [da:2a:22:c2:14:9c]
RSSI: -82 [da:2a:22:cf:14:cc]
RSSI: -80 [da:2a:22:cf:14:cc]
RSSI: -81 [da:2a:22:de:14:fc]
RSSI: -85 [da:2a:22:ee:15:2c]
RSSI: -81 [da:2a:23:0a:15:7c]
RSSI: -81 [da:2a:23:0a:15:7c]
RSSI: -82 [da:2a:23:19:15:ac]
RSSI: -79 [da:2a:23:19:15:ac]
RSSI: -79 [da:2a:23:26:15:dc]
RSSI: -83 [da:2a:23:35:16:0c]
RSSI: -77 [da:2a:23:35:16:0c]
RSSI: -81 [da:2a:23:45:16:3c]
RSSI: -81 [da:2a:23:45:16:3c]
RSSI: -79 [da:2a:23:51:16:5c]
RSSI: -77 [da:2a:23:61:00:3c]
RSSI: -76 [da:2a:23:61:00:3c]
RSSI: -83 [da:2a:23:7d:00:8c]
RSSI: -77 [da:2a:23:7d:00:8c]
RSSI: -78 [da:2a:23:92:00:cc]
RSSI: -78 [da:2a:23:92:00:cc]
RSSI: -77 [da:2a:23:a2:00:fc]
RSSI: -88 [da:2a:23:af:01:2c]
RSSI: -75 [da:2a:23:af:01:2c]
RSSI: -74 [da:2a:23:be:01:5c]
RSSI: -73 [da:2a:23:ce:01:8c]
RSSI: -90 [da:27:89:20:0a:3e]
RSSI: -73 [da:2a:23:ce:01:8c]
RSSI: -91 [da:27:89:2e:0a:5e]
RSSI: -76 [da:2a:23:da:01:ac]
RSSI: -76 [da:2a:23:da:01:ac]
RSSI: -77 [da:2a:23:ea:01:dc]
RSSI: -81 [da:2a:23:f9:02:0c]
RSSI: -70 [da:2a:24:06:02:3c]
RSSI: -89 [da:24:80:49:01:ba]
RSSI: -65 [da:2a:24:15:02:6c]
RSSI: -64 [da:2a:24:15:02:6c]
RSSI: -66 [da:2a:24:25:02:9c]
RSSI: -88 [da:24:80:62:02:0a]
RSSI: -62 [da:2a:24:25:02:9c]
RSSI: -89 [da:24:80:70:02:2a]
RSSI: -60 [da:2a:24:31:02:bc]
RSSI: -63 [da:2a:24:31:02:bc]
RSSI: -62 [da:2a:24:31:02:bc]
RSSI: -59 [da:2a:24:41:02:fc]
RSSI: -90 [da:24:80:89:02:7a]
RSSI: -59 [da:2a:24:50:03:2c]
RSSI: -58 [da:2a:24:50:03:2c]
RSSI: -91 [da:27:89:a9:0b:ce]
RSSI: -59 [da:2a:24:5d:03:4c]
RSSI: -58 [da:2a:24:5d:03:4c]
RSSI: -59 [da:2a:24:6c:03:7c]
RSSI: -57 [da:2a:24:7c:03:ac]
RSSI: -59 [da:2a:24:88:03:dc]
RSSI: -57 [da:2a:24:88:03:dc]
RSSI: -60 [da:2a:24:98:04:0c]
RSSI: -60 [da:2a:24:a7:04:3c]
RSSI: -60 [da:2a:24:a7:04:3c]
RSSI: -86 [da:24:80:f2:03:9a]
RSSI: -86 [da:24:80:f2:03:9a]
RSSI: -60 [da:2a:24:b4:04:5c]
RSSI: -88 [da:24:80:ff:03:ca]
RSSI: -87 [da:24:80:ff:03:ca]
RSSI: -86 [da:24:80:ff:03:ca]
RSSI: -63 [da:2a:24:c4:04:8c]
RSSI: -62 [da:2a:24:c4:04:8c]
RSSI: -85 [da:24:81:0c:03:ea]
RSSI: -65 [da:2a:24:d3:04:bc]
RSSI: -66 [da:2a:24:d3:04:bc]
RSSI: -89 [da:24:81:26:04:2a]
RSSI: -69 [da:2a:24:e0:04:ec]
RSSI: -85 [da:24:81:26:04:2a]
RSSI: -69 [da:2a:24:ef:05:1c]
RSSI: -87 [da:24:81:33:04:5a]
RSSI: -76 [da:2a:24:ef:05:1c]
RSSI: -84 [da:24:81:40:04:7a]
RSSI: -78 [da:2a:24:ff:05:4c]
RSSI: -86 [da:24:81:40:04:7a]
RSSI: -80 [da:2a:24:ff:05:4c]
RSSI: -86 [da:24:81:4d:04:aa]
RSSI: -85 [da:24:81:5a:04:ca]
RSSI: -68 [da:2a:25:1b:05:ac]
RSSI: -81 [da:24:81:67:04:ea]
RSSI: -81 [da:24:81:67:04:ea]
RSSI: -67 [da:2a:25:2b:05:dc]
RSSI: -82 [da:24:81:74:05:1a]
RSSI: -69 [da:2a:25:37:05:fc]
RSSI: -80 [da:24:81:74:05:1a]
RSSI: -66 [da:2a:25:37:05:fc]
RSSI: -80 [da:24:81:81:05:3a]
RSSI: -80 [da:24:81:81:05:3a]
RSSI: -69 [da:2a:25:47:06:2c]
RSSI: -79 [da:24:81:8e:05:6a]
RSSI: -67 [da:2a:25:47:06:2c]
RSSI: -78 [da:24:81:8e:05:6a]
RSSI: -69 [da:2a:25:56:06:5c]
RSSI: -78 [da:24:81:9b:05:8a]
RSSI: -77 [da:24:81:9b:05:8a]
RSSI: -70 [da:2a:25:63:06:8c]
RSSI: -89 [da:27:8a:ac:0e:be]
RSSI: -77 [da:24:81:a8:05:aa]
RSSI: -72 [da:2a:25:63:06:8c]
RSSI: -77 [da:24:81:a8:05:aa]
RSSI: -76 [da:24:81:b6:05:da]
RSSI: -72 [da:2a:25:72:06:bc]
RSSI: -76 [da:24:81:b6:05:da]
RSSI: -73 [da:2a:25:72:06:bc]
RSSI: -75 [da:24:81:c2:05:fa]
RSSI: -80 [da:2a:25:82:06:ec]
RSSI: -76 [da:24:81:d0:06:1a]
RSSI: -70 [da:2a:25:8f:07:0c]
RSSI: -79 [da:2a:25:8f:07:0c]
RSSI: -76 [da:24:81:dd:06:4a]
RSSI: -76 [da:24:81:dd:06:4a]
RSSI: -71 [da:2a:25:9e:07:4c]
RSSI: -75 [da:24:81:e9:06:6a]
RSSI: -78 [da:2a:25:ae:07:7c]
RSSI: -75 [da:24:81:f7:06:9a]
RSSI: -78 [da:2a:25:bb:07:9c]
RSSI: -75 [da:24:82:04:06:ba]
RSSI: -75 [da:2a:25:bb:07:9c]
RSSI: -90 [da:27:8b:0c:0f:de]
RSSI: -75 [da:24:82:11:06:da]
RSSI: -75 [da:24:82:11:06:da]
RSSI: -76 [da:2a:25:da:07:fc]
RSSI: -76 [da:2a:25:da:07:fc]
RSSI: -76 [da:24:82:1e:06:fa]
RSSI: -80 [da:2a:25:f6:08:5c]
RSSI: -76 [da:24:82:38:07:4a]
RSSI: -80 [da:2a:25:f6:08:5c]
RSSI: -77 [da:2a:25:f6:08:5c]
RSSI: -77 [da:24:82:38:07:4a]
RSSI: -77 [da:2a:25:f6:08:5c]
RSSI: -78 [da:24:82:45:07:7a]
RSSI: -79 [da:2a:26:05:08:8c]
RSSI: -77 [da:24:82:45:07:7a]
RSSI: -79 [da:2a:26:05:08:8c]
RSSI: -79 [da:24:82:52:07:9a]
RSSI: -83 [da:2a:26:12:08:ac]
RSSI: -79 [da:24:82:5f:07:ba]
RSSI: -78 [da:2a:26:22:08:ec]
RSSI: -80 [da:24:82:5f:07:ba]
RSSI: -78 [da:2a:26:22:08:ec]
RSSI: -79 [da:24:82:6c:07:da]
RSSI: -81 [da:24:82:6c:07:da]
RSSI: -77 [da:2a:26:31:09:1c]
RSSI: -82 [da:24:82:7a:08:0a]
RSSI: -78 [da:2a:26:31:09:1c]
RSSI: -82 [da:24:82:7a:08:0a]
RSSI: -76 [da:2a:26:3e:09:3c]
RSSI: -84 [da:24:82:86:08:2a]
RSSI: -86 [da:24:82:86:08:2a]
RSSI: -75 [da:2a:26:4e:09:6c]
RSSI: -76 [da:2a:26:4e:09:6c]
RSSI: -89 [da:24:82:94:08:5a]
RSSI: -87 [da:2a:26:5d:09:9c]
RSSI: -87 [da:24:82:ae:08:9a]
RSSI: -76 [da:2a:26:6a:09:cc]
RSSI: -88 [da:24:82:c8:08:ea]
RSSI: -86 [da:24:82:d5:09:0a]
RSSI: -80 [da:2a:26:96:0a:4c]
RSSI: -86 [da:2a:26:a6:0a:8c]
RSSI: -87 [da:24:82:f0:09:5a]
RSSI: -90 [da:24:82:fc:09:7a]
RSSI: -86 [da:2a:26:c2:0a:dc]
RSSI: -80 [da:2a:26:d1:0b:0c]
RSSI: -84 [da:2a:26:d1:0b:0c]
RSSI: -86 [da:2a:26:e1:0b:3c]
RSSI: -81 [da:2a:26:e1:0b:3c]
RSSI: -90 [da:24:83:31:0a:1a]
RSSI: -81 [da:2a:26:ed:0b:6c]
RSSI: -90 [da:24:83:31:0a:1a]
RSSI: -89 [da:2a:26:ed:0b:6c]
RSSI: -78 [da:2a:26:fd:0b:9c]
RSSI: -77 [da:2a:26:fd:0b:9c]
RSSI: -77 [da:2a:26:fd:0b:9c]
RSSI: -81 [da:2a:27:0d:0b:cc]
RSSI: -78 [da:2a:27:0d:0b:cc]
RSSI: -78 [da:2a:27:19:0b:fc]
RSSI: -79 [da:2a:27:29:0c:2c]
RSSI: -80 [da:2a:27:29:0c:2c]
RSSI: -79 [da:2a:27:29:0c:2c]
RSSI: -85 [da:2a:27:39:0c:5c]
RSSI: -89 [da:2a:27:39:0c:5c]
RSSI: -88 [da:2a:27:64:0c:ec]
RSSI: -85 [da:2a:27:71:0d:0c]
RSSI: -94 [da:24:83:ce:0b:da]
RSSI: -84 [da:2a:27:90:0d:6c]
RSSI: -85 [da:2a:27:9d:0d:9c]
RSSI: -85 [da:2a:27:9d:0d:9c]
RSSI: -81 [da:2a:27:ad:0d:cc]
RSSI: -80 [da:2a:27:ad:0d:cc]
RSSI: -83 [da:2a:27:bc:0d:fc]
RSSI: -78 [da:2a:27:c9:0e:2c]
RSSI: -83 [da:2a:27:c9:0e:2c]
RSSI: -74 [da:2a:27:d9:0e:5c]
RSSI: -74 [da:2a:27:d9:0e:5c]
RSSI: -74 [da:2a:27:e8:0e:8c]
RSSI: -82 [da:2a:27:f5:0e:bc]
RSSI: -74 [da:2a:27:f5:0e:bc]
RSSI: -93 [da:24:84:3f:0d:1a]
RSSI: -81 [da:2a:28:05:0e:ec]
RSSI: -81 [da:2a:28:05:0e:ec]
RSSI: -75 [da:2a:28:14:0f:1c]
RSSI: -93 [da:24:84:67:0d:9a]
RSSI: -76 [da:2a:28:21:0f:3c]
RSSI: -94 [da:24:84:67:0d:9a]
RSSI: -96 [da:24:84:67:0d:9a]
RSSI: -75 [da:2a:28:21:0f:3c]
RSSI: -80 [da:2a:28:31:0f:6c]
RSSI: -81 [da:2a:28:31:0f:6c]
RSSI: -80 [da:2a:28:40:0f:ac]
RSSI: -77 [da:2a:28:40:0f:ac]
RSSI: -89 [da:24:84:8e:0e:0a]
RSSI: -90 [da:2a:28:5d:0f:fc]
RSSI: -78 [da:2a:28:5d:0f:fc]
RSSI: -75 [da:2a:28:6c:10:2c]
RSSI: -84 [da:2a:28:6c:10:2c]
RSSI: -74 [da:2a:28:79:10:5c]
RSSI: -84 [da:2a:28:89:10:8c]
RSSI: -74 [da:2a:28:89:10:8c]
RSSI: -85 [da:2a:28:98:10:bc]
RSSI: -88 [da:2a:28:98:10:bc]
RSSI: -78 [da:2a:28:a5:10:dc]
RSSI: -79 [da:2a:28:b5:11:0c]
RSSI: -74 [da:2a:28:b5:11:0c]
RSSI: -91 [da:24:85:05:0f:5a]
RSSI: -72 [da:2a:28:c4:11:3c]
RSSI: -74 [da:2a:28:d1:11:6c]
RSSI: -90 [da:24:85:20:0f:aa]
RSSI: -75 [da:2a:28:e1:11:9c]
RSSI: -70 [da:2a:28:e1:11:9c]
RSSI: -71 [da:2a:28:f0:11:cc]
RSSI: -74 [da:2a:28:fd:11:fc]
RSSI: -72 [da:2a:28:fd:11:fc]
RSSI: -76 [da:2a:29:0d:12:2c]
RSSI: -76 [da:2a:29:1c:12:5c]
RSSI: -75 [da:2a:29:1c:12:5c]
RSSI: -73 [da:2a:29:29:12:7c]
RSSI: -74 [da:2a:29:29:12:7c]
RSSI: -72 [da:2a:29:39:12:ac]
RSSI: -73 [da:2a:29:49:12:dc]
RSSI: -74 [da:2a:29:49:12:dc]
RSSI: -83 [da:2a:29:55:13:0c]
RSSI: -79 [da:2a:29:55:13:0c]
RSSI: -80 [da:2a:29:65:13:3c]
RSSI: -75 [da:2a:29:75:13:6c]
RSSI: -75 [da:2a:29:81:13:9c]
RSSI: -75 [da:2a:29:81:13:9c]
RSSI: -76 [da:2a:29:91:13:cc]
RSSI: -76 [da:2a:29:91:13:cc]
RSSI: -82 [da:2a:29:a1:13:fc]
RSSI: -81 [da:2a:29:ad:14:1c]
RSSI: -82 [da:2a:29:ad:14:1c]
RSSI: -80 [da:2a:29:ad:14:1c]
RSSI: -83 [da:2a:29:bd:14:4c]
RSSI: -78 [da:2a:29:cd:14:7c]
RSSI: -80 [da:2a:29:cd:14:7c]
RSSI: -87 [da:2a:29:e9:14:dc]
RSSI: -79 [da:2a:29:e9:14:dc]
RSSI: -77 [da:2a:29:f9:15:0c]
RSSI: -78 [da:2a:29:f9:15:0c]
RSSI: -75 [da:2a:2a:06:15:2c]
RSSI: -76 [da:2a:2a:16:15:6c]
RSSI: -75 [da:2a:2a:16:15:6c]
RSSI: -76 [da:2a:2a:16:15:6c]
RSSI: -75 [da:2a:2a:25:15:9c]
RSSI: -74 [da:2a:2a:25:15:9c]
RSSI: -76 [da:2a:2a:32:15:bc]
RSSI: -73 [da:2a:2a:42:15:ec]
RSSI: -74 [da:2a:2a:42:15:ec]
RSSI: -73 [da:2a:2a:51:16:1c]
RSSI: -91 [da:24:86:91:13:da]
RSSI: -73 [da:2a:2a:51:16:1c]
RSSI: -74 [da:2a:2a:5e:16:4c]
RSSI: -85 [da:2a:2a:6e:16:7c]
RSSI: -76 [da:2a:2a:6e:16:7c]
RSSI: -76 [da:2a:2a:7e:00:0c]
RSSI: -71 [da:2a:2a:8a:00:2c]
RSSI: -71 [da:2a:2a:8a:00:2c]
RSSI: -67 [da:2a:2a:9a:00:5c]
RSSI: -67 [da:2a:2a:9a:00:5c]
RSSI: -70 [da:2a:2a:aa:00:8c]
RSSI: -66 [da:2a:2a:b6:00:bc]
RSSI: -67 [da:2a:2a:b6:00:bc]
RSSI: -67 [da:2a:2a:c6:00:ec]
RSSI: -74 [da:2a:2a:d6:01:1c]
RSSI: -76 [da:2a:2a:d6:01:1c]
RSSI: -75 [da:2a:2a:e3:01:3c]
RSSI: -74 [da:2a:2a:e3:01:3c]
RSSI: -78 [da:2a:2a:f3:01:6c]
RSSI: -64 [da:2a:2b:02:01:9c]
RSSI: -60 [da:2a:2b:0f:01:cc]
RSSI: -59 [da:2a:2b:0f:01:cc]
RSSI: -58 [da:2a:2b:0f:01:cc]
RSSI: -57 [da:2a:2b:1f:01:fc]
RSSI: -58 [da:2a:2b:2f:02:2c]
RSSI: -53 [da:2a:2b:3b:02:5c]
RSSI: -56 [da:2a:2b:3b:02:5c]
RSSI: -90 [da:27:90:99:09:7e]
RSSI: -53 [da:2a:2b:4b:02:8c]
RSSI: -52 [da:2a:2b:4b:02:8c]
RSSI: -52 [da:2a:2b:5b:02:bc]
RSSI: -54 [da:2a:2b:67:02:dc]
RSSI: -87 [da:27:90:b4:09:ce]
RSSI: -52 [da:2a:2b:67:02:dc]
RSSI: -51 [da:2a:2b:77:03:1c]
RSSI: -54 [da:2a:2b:77:03:1c]
RSSI: -51 [da:2a:2b:87:03:4c]
RSSI: -51 [da:2a:2b:87:03:4c]
RSSI: -52 [da:2a:2b:94:03:6c]
RSSI: -51 [da:2a:2b:94:03:6c]
RSSI: -89 [da:27:90:ed:0a:6e]
RSSI: -52 [da:2a:2b:a4:03:9c]
RSSI: -53 [da:2a:2b:a4:03:9c]
RSSI: -52 [da:2a:2b:b3:03:cc]
RSSI: -54 [da:2a:2b:c0:03:fc]
RSSI: -86 [da:27:91:16:0a:ee]
RSSI: -57 [da:2a:2b:d0:04:2c]
RSSI: -57 [da:2a:2b:d0:04:2c]
RSSI: -61 [da:2a:2b:e0:04:5c]
RSSI: -62 [da:2a:2b:e0:04:5c]
RSSI: -73 [da:2a:2b:ec:04:7c]
RSSI: -91 [da:27:91:4d:0b:8e]
RSSI: -77 [da:2a:2b:fc:04:ac]
RSSI: -69 [da:2a:2b:fc:04:ac]
RSSI: -89 [da:24:88:47:02:8a]
RSSI: -70 [da:2a:2c:0c:04:dc]
RSSI: -68 [da:2a:2c:0c:04:dc]
RSSI: -65 [da:2a:2c:0c:04:dc]
RSSI: -64 [da:2a:2c:0c:04:dc]
RSSI: -88 [da:24:88:54:02:ba]
RSSI: -63 [da:2a:2c:19:05:0c]
RSSI: -89 [da:24:88:62:02:da]
RSSI: -60 [da:2a:2c:29:05:3c]
RSSI: -62 [da:2a:2c:29:05:3c]
RSSI: -60 [da:2a:2c:39:05:6c]
RSSI: -88 [da:24:88:8a:03:4a]
RSSI: -63 [da:2a:2c:45:05:8c]
RSSI: -86 [da:24:88:8a:03:4a]
RSSI: -63 [da:2a:2c:45:05:8c]
RSSI: -68 [da:2a:2c:55:05:cc]
RSSI: -70 [da:2a:2c:65:05:fc]
RSSI: -84 [da:24:88:a4:03:9a]
RSSI: -74 [da:2a:2c:65:05:fc]
RSSI: -85 [da:24:88:b2:03:ba]
RSSI: -67 [da:2a:2c:72:06:1c]
RSSI: -84 [da:24:88:be:03:ea]
RSSI: -68 [da:2a:2c:81:06:4c]
RSSI: -86 [da:24:88:be:03:ea]
RSSI: -68 [da:2a:2c:81:06:4c]
RSSI: -85 [da:24:88:cc:04:0a]
RSSI: -86 [da:24:88:cc:04:0a]
RSSI: -69 [da:2a:2c:91:06:8c]
RSSI: -67 [da:2a:2c:91:06:8c]
RSSI: -86 [da:24:88:da:04:3a]
RSSI: -69 [da:2a:2c:9e:06:ac]
RSSI: -87 [da:24:88:e6:04:5a]
RSSI: -74 [da:2a:2c:ae:06:dc]
RSSI: -86 [da:24:88:f4:04:7a]
RSSI: -72 [da:2a:2c:ae:06:dc]
RSSI: -85 [da:24:88:f4:04:7a]
RSSI: -70 [da:2a:2c:be:07:0c]
RSSI: -85 [da:24:89:02:04:aa]
RSSI: -83 [da:24:89:0e:04:ca]
RSSI: -74 [da:2a:2c:ca:07:3c]
RSSI: -82 [da:24:89:0e:04:ca]
RSSI: -70 [da:2a:2c:ca:07:3c]
RSSI: -71 [da:2a:2c:da:07:6c]
RSSI: -68 [da:2a:2c:da:07:6c]
RSSI: -80 [da:24:89:2a:05:1a]
RSSI: -78 [da:24:89:36:05:3a]
RSSI: -72 [da:2a:2c:f7:07:cc]
RSSI: -78 [da:24:89:36:05:3a]
RSSI: -76 [da:2a:2c:f7:07:cc]
RSSI: -77 [da:24:89:44:05:6a]
RSSI: -77 [da:24:89:44:05:6a]
RSSI: -80 [da:2a:2d:07:07:fc]
RSSI: -77 [da:24:89:52:05:8a]
RSSI: -84 [da:2a:2d:17:08:2c]
RSSI: -77 [da:2a:2d:17:08:2c]
RSSI: -77 [da:24:89:5e:05:ba]
RSSI: -70 [da:2a:2d:23:08:5c]
RSSI: -78 [da:2a:2d:23:08:5c]
RSSI: -76 [da:24:89:6c:05:da]
RSSI: -77 [da:2a:2d:23:08:5c]
RSSI: -76 [da:24:89:6c:05:da]
RSSI: -76 [da:24:89:7a:06:0a]
RSSI: -71 [da:2a:2d:33:08:8c]
RSSI: -76 [da:24:89:7a:06:0a]
RSSI: -76 [da:24:89:86:06:2a]
RSSI: -79 [da:2a:2d:43:08:bc]
RSSI: -77 [da:24:89:86:06:2a]
RSSI: -75 [da:24:89:94:06:4a]
RSSI: -76 [da:24:89:94:06:4a]
RSSI: -78 [da:2a:2d:50:08:dc]
RSSI: -76 [da:24:89:a2:06:7a]
RSSI: -81 [da:2a:2d:60:09:1c]
RSSI: -76 [da:24:89:a2:06:7a]
RSSI: -80 [da:2a:2d:60:09:1c]
RSSI: -74 [da:2a:2d:60:09:1c]
RSSI: -76 [da:24:89:ae:06:9a]
RSSI: -71 [da:2a:2d:70:09:4c]
RSSI: -76 [da:24:89:ae:06:9a]
RSSI: -76 [da:24:89:bc:06:ba]
RSSI: -72 [da:2a:2d:7c:09:6c]
RSSI: -77 [da:24:89:bc:06:ba]
RSSI: -74 [da:2a:2d:7c:09:6c]
RSSI: -75 [da:24:89:ca:06:ea]
RSSI: -74 [da:2a:2d:8c:09:ac]
RSSI: -78 [da:24:89:d6:07:0a]
RSSI: -79 [da:2a:2d:9c:09:dc]
RSSI: -77 [da:24:89:e4:07:3a]
RSSI: -84 [da:2a:2d:a9:09:fc]
RSSI: -77 [da:24:89:f2:07:5a]
RSSI: -86 [da:2a:2d:a9:09:fc]
RSSI: -78 [da:24:89:f2:07:5a]
RSSI: -78 [da:24:89:fe:07:7a]
RSSI: -83 [da:2a:2d:b9:0a:2c]
RSSI: -79 [da:24:89:fe:07:7a]
RSSI: -80 [da:24:8a:0c:07:aa]
RSSI: -80 [da:24:8a:0c:07:aa]
RSSI: -84 [da:2a:2d:d5:0a:8c]
RSSI: -80 [da:24:8a:1a:07:ca]
RSSI: -84 [da:2a:2d:d5:0a:8c]
RSSI: -81 [da:24:8a:1a:07:ca]
RSSI: -79 [da:2a:2d:d5:0a:8c]
RSSI: -85 [da:24:8a:26:07:fa]
RSSI: -84 [da:24:8a:26:07:fa]
RSSI: -81 [da:2a:2d:e5:0a:bc]
RSSI: -77 [da:2a:2d:f5:0a:fc]
RSSI: -89 [da:24:8a:34:08:1a]
RSSI: -85 [da:24:8a:42:08:3a]
RSSI: -77 [da:2a:2e:02:0b:1c]
RSSI: -78 [da:2a:2e:12:0b:4c]
RSSI: -85 [da:2a:2e:12:0b:4c]
RSSI: -85 [da:2a:2e:12:0b:4c]
RSSI: -79 [da:2a:2e:22:0b:7c]
RSSI: -90 [da:24:8a:6a:08:ba]
RSSI: -81 [da:2a:2e:2e:0b:ac]
RSSI: -83 [da:2a:2e:2e:0b:ac]
RSSI: -86 [da:24:8a:77:08:da]
RSSI: -83 [da:2a:2e:3e:0b:dc]
RSSI: -87 [da:24:8a:84:08:fa]
RSSI: -86 [da:2a:2e:4e:0c:0c]
RSSI: -87 [da:24:8a:92:09:2a]
RSSI: -84 [da:2a:2e:4e:0c:0c]
RSSI: -88 [da:24:8a:9f:09:4a]
RSSI: -85 [da:2a:2e:5b:0c:3c]
RSSI: -82 [da:2a:2e:5b:0c:3c]
RSSI: -90 [da:24:8a:ba:09:9a]
RSSI: -91 [da:24:8a:c7:09:ba]
RSSI: -85 [da:2a:2e:87:0c:cc]
RSSI: -89 [da:24:8a:c7:09:ba]
RSSI: -92 [da:24:8a:d5:09:ea]
RSSI: -82 [da:2a:2e:97:0c:fc]
RSSI: -84 [da:2a:2e:97:0c:fc]
RSSI: -80 [da:2a:2e:a7:0d:2c]
RSSI: -89 [da:24:8a:ef:0a:3a]
RSSI: -91 [da:24:8a:ef:0a:3a]
RSSI: -83 [da:2a:2e:b4:0d:5c]
RSSI: -80 [da:2a:2e:b4:0d:5c]
RSSI: -79 [da:2a:2e:c4:0d:8c]
RSSI: -79 [da:2a:2e:c4:0d:8c]
RSSI: -78 [da:2a:2e:d4:0d:bc]
RSSI: -77 [da:2a:2e:d4:0d:bc]
RSSI: -92 [da:24:8b:33:0a:fa]
RSSI: -78 [da:2a:2e:f1:0e:1c]
RSSI: -78 [da:2a:2f:01:0e:4c]
RSSI: -75 [da:2a:2f:01:0e:4c]
RSSI: -75 [da:2a:2f:0d:0e:6c]
RSSI: -79 [da:2a:2f:1d:0e:9c]
RSSI: -75 [da:2a:2f:1d:0e:9c]
RSSI: -80 [da:2a:2f:2d:0e:dc]
RSSI: -81 [da:2a:2f:2d:0e:dc]
RSSI: -74 [da:2a:2f:3a:0e:fc]
RSSI: -73 [da:2a:2f:3a:0e:fc]
RSSI: -76 [da:2a:2f:4a:0f:2c]
RSSI: -73 [da:2a:2f:4a:0f:2c]
RSSI: -82 [da:2a:2f:5a:0f:5c]
RSSI: -78 [da:2a:2f:5a:0f:5c]
RSSI: -83 [da:2a:2f:67:0f:8c]
RSSI: -80 [da:2a:2f:67:0f:8c]
RSSI: -81 [da:2a:2f:77:0f:bc]
RSSI: -80 [da:2a:2f:77:0f:bc]
RSSI: -76 [da:2a:2f:87:0f:ec]
RSSI: -75 [da:2a:2f:87:0f:ec]
RSSI: -74 [da:2a:2f:93:10:1c]
RSSI: -93 [da:24:8b:e0:0c:ea]
RSSI: -75 [da:2a:2f:a3:10:4c]
RSSI: -72 [da:2a:2f:a3:10:4c]
RSSI: -71 [da:2a:2f:b3:10:7c]
RSSI: -73 [da:2a:2f:b3:10:7c]
RSSI: -69 [da:2a:2f:c0:10:9c]
RSSI: -71 [da:2a:2f:d0:10:dc]
RSSI: -70 [da:2a:2f:d0:10:dc]
RSSI: -75 [da:2a:2f:e0:11:0c]
RSSI: -72 [da:2a:2f:e0:11:0c]
RSSI: -90 [da:24:8c:31:0d:da]
RSSI: -74 [da:2a:2f:fd:11:6c]
RSSI: -75 [da:2a:2f:fd:11:6c]
RSSI: -72 [da:2a:30:0d:11:9c]
RSSI: -74 [da:2a:30:0d:11:9c]
RSSI: -89 [da:24:8c:59:0e:4a]
RSSI: -71 [da:2a:30:19:11:bc]
RSSI: -76 [da:2a:30:29:11:fc]
RSSI: -73 [da:2a:30:29:11:fc]
RSSI: -88 [da:24:8c:75:0e:9a]
RSSI: -93 [da:24:8c:75:0e:9a]
RSSI: -71 [da:2a:30:39:12:2c]
RSSI: -80 [da:2a:30:39:12:2c]
RSSI: -74 [da:2a:30:46:12:4c]
RSSI: -78 [da:2a:30:56:12:7c]
RSSI: -79 [da:2a:30:56:12:7c]
RSSI: -77 [da:2a:30:66:12:bc]
RSSI: -79 [da:2a:30:73:12:dc]
RSSI: -79 [da:2a:30:73:12:dc]
RSSI: -74 [da:2a:30:73:12:dc]
RSSI: -91 [da:24:8c:c5:0f:8a]
RSSI: -74 [da:2a:30:83:13:0c]
RSSI: -84 [da:2a:30:83:13:0c]
RSSI: -77 [da:2a:30:93:13:3c]
RSSI: -84 [da:2a:30:9f:13:6c]
RSSI: -90 [da:24:8c:ee:0f:fa]
RSSI: -79 [da:2a:30:b0:13:9c]
RSSI: -83 [da:2a:30:c0:13:cc]
RSSI: -79 [da:2a:30:c0:13:cc]
RSSI: -82 [da:2a:30:cc:13:fc]
RSSI: -82 [da:2a:30:dc:14:2c]
RSSI: -84 [da:2a:30:dc:14:2c]
RSSI: -82 [da:2a:30:ec:14:5c]
RSSI: -84 [da:2a:30:f9:14:7c]
RSSI: -84 [da:2a:30:f9:14:7c]
RSSI: -81 [da:2a:30:f9:14:7c]
RSSI: -85 [da:2a:31:09:14:bc]
RSSI: -82 [da:2a:31:46:15:6c]
RSSI: -83 [da:2a:31:63:15:cc]
RSSI: -79 [da:2a:31:63:15:cc]
RSSI: -81 [da:2a:31:73:15:fc]
RSSI: -87 [da:2a:31:80:16:2c]
RSSI: -85 [da:2a:31:80:16:2c]
RSSI: -81 [da:2a:31:90:16:5c]
RSSI: -86 [da:2a:31:90:16:5c]
RSSI: -90 [da:2a:31:a0:00:0c]
RSSI: -83 [da:2a:31:ac:00:2c]
RSSI: -84 [da:2a:31:bd:00:5c]
RSSI: -81 [da:2a:31:bd:00:5c]
RSSI: -79 [da:2a:31:cd:00:8c]
RSSI: -83 [da:2a:31:cd:00:8c]
RSSI: -82 [da:2a:31:d9:00:bc]
RSSI: -77 [da:2a:31:e9:00:ec]
RSSI: -79 [da:2a:31:e9:00:ec]
RSSI: -75 [da:2a:31:fa:01:1c]
RSSI: -73 [da:2a:31:fa:01:1c]
RSSI: -71 [da:2a:32:06:01:4c]
RSSI: -69 [da:2a:32:06:01:4c]
RSSI: -67 [da:2a:32:16:01:7c]
RSSI: -67 [da:2a:32:16:01:7c]
RSSI: -65 [da:2a:32:26:01:ac]
RSSI: -66 [da:2a:32:26:01:ac]
RSSI: -63 [da:2a:32:33:01:cc]
RSSI: -64 [da:2a:32:33:01:cc]
RSSI: -62 [da:2a:32:4c:02:1c]
RSSI: -62 [da:2a:32:5c:02:5c]
RSSI: -93 [da:24:8e:9d:14:ca]
RSSI: -62 [da:2a:32:69:02:7c]
RSSI: -61 [da:2a:32:69:02:7c]
RSSI: -61 [da:2a:32:69:02:7c]
RSSI: -63 [da:2a:32:79:02:ac]
RSSI: -63 [da:2a:32:89:02:dc]
RSSI: -64 [da:2a:32:95:03:0c]
RSSI: -91 [da:24:8e:e0:15:8a]
RSSI: -64 [da:2a:32:a6:03:3c]
RSSI: -64 [da:2a:32:a6:03:3c]
RSSI: -64 [da:2a:32:a6:03:3c]
RSSI: -90 [da:24:8e:ee:15:aa]
RSSI: -65 [da:2a:32:b2:03:5c]
RSSI: -90 [da:22:aa:fb:02:0b]
RSSI: -67 [da:2a:32:bf:03:8c]
RSSI: -89 [da:22:ab:08:02:3b]
RSSI: -69 [da:2a:32:cc:03:ac]
RSSI: -69 [da:2a:32:cc:03:ac]
RSSI: -90 [da:22:ab:15:02:5b]
RSSI: -73 [da:2a:32:d8:03:dc]
RSSI: -92 [da:24:8f:24:00:2a]
RSSI: -76 [da:2a:32:e5:03:fc]
RSSI: -86 [da:22:ab:23:02:7b]
RSSI: -82 [da:2a:32:e5:03:fc]
RSSI: -90 [da:27:98:3a:09:0e]
RSSI: -86 [da:22:ab:31:02:ab]
RSSI: -89 [da:24:8f:31:00:4a]
RSSI: -85 [da:2a:32:f2:04:2c]
RSSI: -86 [da:22:ab:31:02:ab]
RSSI: -89 [da:24:8f:31:00:4a]
RSSI: -87 [da:22:ab:3d:02:cb]
RSSI: -79 [da:2a:32:fe:04:4c]
RSSI: -85 [da:2a:32:fe:04:4c]
RSSI: -77 [da:2a:33:0b:04:7c]
RSSI: -77 [da:2a:33:0b:04:7c]
RSSI: -87 [da:27:98:64:09:8e]
RSSI: -78 [da:2a:33:18:04:9c]
RSSI: -74 [da:2a:33:18:04:9c]
RSSI: -71 [da:2a:33:24:04:bc]
RSSI: -76 [da:2a:33:24:04:bc]
RSSI: -85 [da:22:ab:73:03:6b]
RSSI: -73 [da:2a:33:31:04:ec]
RSSI: -85 [da:22:ab:81:03:9b]
RSSI: -76 [da:2a:33:3e:05:1c]
RSSI: -87 [da:22:ab:81:03:9b]
RSSI: -73 [da:2a:33:3e:05:1c]
RSSI: -75 [da:2a:33:4a:05:3c]
RSSI: -88 [da:22:ab:8e:03:bb]
RSSI: -76 [da:2a:33:4a:05:3c]
RSSI: -84 [da:22:ab:8e:03:bb]
RSSI: -89 [da:22:ab:9b:03:eb]
RSSI: -76 [da:2a:33:57:05:6c]
RSSI: -88 [da:22:ab:9b:03:eb]
RSSI: -88 [da:27:98:ac:0a:5e]
RSSI: -87 [da:22:ab:a9:04:0b]
RSSI: -77 [da:2a:33:64:05:8c]
RSSI: -86 [da:22:ab:a9:04:0b]
RSSI: -91 [da:22:ab:a9:04:0b]
RSSI: -79 [da:2a:33:64:05:8c]
RSSI: -79 [da:2a:33:70:05:bc]
RSSI: -78 [da:2a:33:70:05:bc]
RSSI: -79 [da:2a:33:70:05:bc]
RSSI: -79 [da:2a:33:8a:06:0c]
RSSI: -75 [da:2a:33:8a:06:0c]
RSSI: -74 [da:2a:33:97:06:2c]
RSSI: -94 [da:24:8f:e2:02:4a]
RSSI: -90 [da:24:8f:f0:02:6a]
RSSI: -75 [da:2a:33:b0:06:7c]
RSSI: -73 [da:2a:33:bd:06:ac]
RSSI: -75 [da:2a:33:c9:06:cc]
RSSI: -87 [da:24:90:18:02:da]
RSSI: -82 [da:2a:33:d6:06:fc]
RSSI: -73 [da:2a:33:d6:06:fc]
RSSI: -89 [da:24:90:25:03:0a]
RSSI: -71 [da:2a:33:e3:07:1c]
RSSI: -92 [da:24:90:33:03:2a]
RSSI: -73 [da:2a:33:f0:07:4c]
RSSI: -88 [da:24:90:33:03:2a]
RSSI: -82 [da:2a:33:fc:07:6c]
RSSI: -83 [da:2a:33:fc:07:6c]
RSSI: -74 [da:2a:34:09:07:9c]
RSSI: -86 [da:24:90:4e:03:7a]
RSSI: -74 [da:2a:34:16:07:bc]
RSSI: -87 [da:24:90:5c:03:9a]
RSSI: -86 [da:24:90:5c:03:9a]
RSSI: -86 [da:24:90:5c:03:9a]
RSSI: -85 [da:24:90:6a:03:ca]
RSSI: -83 [da:2a:34:22:07:ec]
RSSI: -74 [da:2a:34:2f:08:0c]
RSSI: -86 [da:24:90:76:03:ea]
RSSI: -74 [da:2a:34:3c:08:3c]
RSSI: -87 [da:24:90:84:04:1a]
RSSI: -82 [da:2a:34:49:08:5c]
RSSI: -87 [da:24:90:92:04:3a]
RSSI: -78 [da:2a:34:55:08:8c]
RSSI: -86 [da:24:90:9f:04:5a]
RSSI: -77 [da:2a:34:62:08:ac]
RSSI: -86 [da:24:90:9f:04:5a]
RSSI: -87 [da:24:90:ad:04:8a]
RSSI: -84 [da:24:90:bb:04:aa]
RSSI: -85 [da:24:90:bb:04:aa]
RSSI: -83 [da:24:90:c8:04:da]
RSSI: -81 [da:2a:34:88:09:2c]
RSSI: -82 [da:24:90:c8:04:da]
RSSI: -82 [da:2a:34:88:09:2c]
RSSI: -80 [da:24:90:e4:05:2a]
RSSI: -77 [da:2a:34:a2:09:7c]
RSSI: -84 [da:2a:34:af:09:9c]
RSSI: -84 [da:2a:34:af:09:9c]
RSSI: -78 [da:24:90:f1:05:4a]
RSSI: -84 [da:2a:34:af:09:9c]
RSSI: -77 [da:24:90:ff:05:7a]
RSSI: -76 [da:24:90:ff:05:7a]
RSSI: -76 [da:24:91:0d:05:9a]
RSSI: -83 [da:2a:34:c8:09:fc]
RSSI: -76 [da:24:91:0d:05:9a]
RSSI: -76 [da:24:91:0d:05:9a]
RSSI: -82 [da:2a:34:d5:0a:1c]
RSSI: -76 [da:24:91:19:05:ba]
RSSI: -81 [da:2a:34:d5:0a:1c]
RSSI: -76 [da:24:91:19:05:ba]
RSSI: -75 [da:24:91:27:05:ea]
RSSI: -76 [da:24:91:27:05:ea]
RSSI: -81 [da:2a:34:ee:0a:6c]
RSSI: -76 [da:24:91:36:06:1a]
RSSI: -75 [da:24:91:36:06:1a]
RSSI: -80 [da:2a:35:08:0a:bc]
RSSI: -75 [da:24:91:47:06:4a]
RSSI: -75 [da:24:91:58:06:7a]
RSSI: -81 [da:2a:35:14:0a:ec]
RSSI: -76 [da:24:91:58:06:7a]
RSSI: -79 [da:2a:35:21:0b:0c]
RSSI: -76 [da:24:91:66:06:9a]
RSSI: -77 [da:2a:35:21:0b:0c]
RSSI: -82 [da:2a:35:2e:0b:3c]
RSSI: -75 [da:24:91:72:06:ca]
RSSI: -76 [da:24:91:72:06:ca]
RSSI: -82 [da:2a:35:3b:0b:5c]
RSSI: -75 [da:24:91:81:06:ea]
RSSI: -76 [da:24:91:81:06:ea]
RSSI: -77 [da:24:91:8f:07:1a]
RSSI: -80 [da:2a:35:48:0b:8c]
RSSI: -77 [da:24:91:8f:07:1a]
RSSI: -77 [da:24:91:9b:07:3a]
RSSI: -78 [da:24:91:9b:07:3a]
RSSI: -78 [da:24:91:aa:07:6a]
RSSI: -83 [da:2a:35:6e:0b:fc]
RSSI: -78 [da:24:91:b8:07:8a]
RSSI: -82 [da:2a:35:7b:0c:2c]
RSSI: -81 [da:24:91:c4:07:aa]
RSSI: -85 [da:2a:35:87:0c:5c]
RSSI: -85 [da:2a:35:87:0c:5c]
RSSI: -82 [da:24:91:d2:07:da]
RSSI: -82 [da:2a:35:94:0c:7c]
RSSI: -82 [da:24:91:d2:07:da]
RSSI: -82 [da:2a:35:94:0c:7c]
RSSI: -83 [da:24:91:e1:07:fa]
RSSI: -86 [da:24:91:ed:08:2a]
RSSI: -84 [da:2a:35:ae:0c:cc]
RSSI: -89 [da:24:91:ed:08:2a]
RSSI: -84 [da:2a:35:ae:0c:cc]
RSSI: -84 [da:2a:35:bb:0c:fc]
RSSI: -80 [da:2a:35:d4:0d:4c]
RSSI: -83 [da:2a:35:d4:0d:4c]
RSSI: -89 [da:24:92:24:08:ca]
RSSI: -81 [da:2a:35:e1:0d:6c]
RSSI: -89 [da:24:92:32:08:ea]
RSSI: -82 [da:2a:35:fa:0d:bc]
RSSI: -84 [da:24:92:3f:09:0a]
RSSI: -87 [da:2a:35:fa:0d:bc]
RSSI: -86 [da:24:92:3f:09:0a]
RSSI: -87 [da:2a:36:07:0d:ec]
RSSI: -80 [da:2a:36:07:0d:ec]
RSSI: -87 [da:24:92:4d:09:3a]
RSSI: -86 [da:2a:36:14:0e:1c]
RSSI: -87 [da:24:92:5b:09:5a]
RSSI: -88 [da:2a:36:21:0e:3c]
RSSI: -87 [da:2a:36:2e:0e:6c]
RSSI: -90 [da:24:92:76:09:aa]
RSSI: -85 [da:2a:36:47:0e:bc]
RSSI: -89 [da:2a:36:47:0e:bc]
RSSI: -87 [da:2a:36:54:0e:dc]
RSSI: -89 [da:24:92:91:09:fa]
RSSI: -82 [da:2a:36:54:0e:dc]
RSSI: -86 [da:24:92:9f:0a:2a]
RSSI: -83 [da:2a:36:6d:0f:2c]
RSSI: -81 [da:2a:36:6d:0f:2c]
RSSI: -81 [da:2a:36:6d:0f:2c]
RSSI: -84 [da:2a:36:7a:0f:5c]
RSSI: -93 [da:24:92:d6:0a:ba]
RSSI: -79 [da:2a:36:94:0f:ac]
RSSI: -80 [da:2a:36:94:0f:ac]
RSSI: -80 [da:2a:36:94:0f:ac]
RSSI: -77 [da:2a:36:a1:0f:dc]
RSSI: -91 [da:24:92:e3:0a:ea]
RSSI: -75 [da:2a:36:a1:0f:dc]
RSSI: -75 [da:2a:36:ae:0f:fc]
RSSI: -72 [da:2a:36:ba:10:2c]
RSSI: -75 [da:2a:36:ba:10:2c]
RSSI: -75 [da:2a:36:ba:10:2c]
RSSI: -73 [da:2a:36:c7:10:4c]
RSSI: -71 [da:2a:36:c7:10:4c]
RSSI: -74 [da:2a:36:d4:10:7c]
RSSI: -73 [da:2a:36:e1:10:9c]
RSSI: -73 [da:2a:36:e1:10:9c]
RSSI: -75 [da:2a:36:ee:10:cc]
RSSI: -73 [da:2a:36:ee:10:cc]
RSSI: -74 [da:2a:36:fb:10:fc]
RSSI: -75 [da:2a:37:07:11:1c]
RSSI: -74 [da:2a:37:07:11:1c]
RSSI: -73 [da:2a:37:14:11:4c]
RSSI: -72 [da:2a:37:14:11:4c]
RSSI: -74 [da:2a:37:21:11:6c]
RSSI: -72 [da:2a:37:2e:11:9c]
RSSI: -72 [da:2a:37:2e:11:9c]
RSSI: -76 [da:2a:37:3b:11:bc]
RSSI: -73 [da:2a:37:3b:11:bc]
RSSI: -92 [da:24:93:87:0c:ba]
RSSI: -80 [da:2a:37:48:11:ec]
RSSI: -73 [da:2a:37:54:12:0c]
RSSI: -89 [da:24:93:95:0c:ea]
RSSI: -79 [da:2a:37:61:12:3c]
RSSI: -75 [da:2a:37:61:12:3c]
RSSI: -78 [da:2a:37:6e:12:5c]
RSSI: -73 [da:2a:37:7b:12:7c]
RSSI: -91 [da:24:93:be:0d:5a]
RSSI: -77 [da:2a:37:88:12:ac]
RSSI: -79 [da:2a:37:88:12:ac]
RSSI: -82 [da:2a:37:95:12:cc]
RSSI: -77 [da:2a:37:a1:12:fc]
RSSI: -81 [da:2a:37:ae:13:1c]
RSSI: -82 [da:2a:37:ae:13:1c]
RSSI: -81 [da:2a:37:bb:13:4c]
RSSI: -81 [da:2a:37:c8:13:6c]
RSSI: -86 [da:24:94:10:0e:4a]
RSSI: -86 [da:2a:37:d5:13:9c]
RSSI: -88 [da:2a:37:ee:13:ec]
RSSI: -84 [da:2a:37:fb:14:1c]
RSSI: -84 [da:2a:37:fb:14:1c]
RSSI: -89 [da:24:94:48:0e:ea]
RSSI: -81 [da:2a:38:08:14:3c]
RSSI: -89 [da:24:94:54:0f:1a]
RSSI: -81 [da:2a:38:15:14:6c]
RSSI: -80 [da:2a:38:22:14:8c]
RSSI: -89 [da:24:94:63:0f:3a]
RSSI: -81 [da:2a:38:2f:14:bc]
RSSI: -78 [da:2a:38:3c:14:dc]
RSSI: -90 [da:24:94:8c:0f:ba]
RSSI: -83 [da:2a:38:49:15:0c]
RSSI: -90 [da:24:94:8c:0f:ba]
RSSI: -81 [da:2a:38:56:15:3c]
RSSI: -79 [da:2a:38:62:15:5c]
RSSI: -79 [da:2a:38:6f:15:8c]
RSSI: -74 [da:2a:38:7c:15:ac]
RSSI: -81 [da:2a:38:89:15:dc]
RSSI: -78 [da:2a:38:96:15:fc]
RSSI: -74 [da:2a:38:a3:16:2c]
RSSI: -75 [da:2a:38:a3:16:2c]
RSSI: -87 [da:2a:38:af:16:4c]
RSSI: -79 [da:2a:38:bd:16:7c]
RSSI: -77 [da:2a:38:c9:00:2c]
RSSI: -79 [da:2a:38:c9:00:2c]
RSSI: -70 [da:2a:38:e3:00:7c]
RSSI: -66 [da:2a:38:f0:00:ac]
RSSI: -65 [da:2a:38:f0:00:ac]
RSSI: -69 [da:2a:38:fd:00:cc]
RSSI: -68 [da:2a:38:fd:00:cc]
RSSI: -60 [da:2a:39:0a:00:fc]
RSSI: -58 [da:2a:39:17:01:1c]
RSSI: -58 [da:2a:39:17:01:1c]
RSSI: -61 [da:2a:39:23:01:4c]
RSSI: -57 [da:2a:39:23:01:4c]
RSSI: -55 [da:2a:39:31:01:6c]
RSSI: -55 [da:2a:39:3e:01:9c]
RSSI: -54 [da:2a:39:3e:01:9c]
RSSI: -57 [da:2a:39:4a:01:bc]
RSSI: -54 [da:2a:39:4a:01:bc]
RSSI: -54 [da:2a:39:57:01:ec]
RSSI: -54 [da:2a:39:57:01:ec]
RSSI: -54 [da:2a:39:64:02:1c]
RSSI: -53 [da:2a:39:64:02:1c]
RSSI: -57 [da:2a:39:71:02:3c]
RSSI: -54 [da:2a:39:71:02:3c]
RSSI: -53 [da:2a:39:7e:02:6c]
RSSI: -54 [da:2a:39:7e:02:6c]
RSSI: -57 [da:2a:39:7e:02:6c]
RSSI: -55 [da:2a:39:8b:02:8c]
RSSI: -54 [da:2a:39:8b:02:8c]
RSSI: -58 [da:2a:39:98:02:bc]
RSSI: -56 [da:2a:39:98:02:bc]
RSSI: -55 [da:2a:39:a5:02:dc]
RSSI: -59 [da:2a:39:a5:02:dc]
RSSI: -57 [da:2a:39:b2:03:0c]
RSSI: -58 [da:2a:39:b2:03:0c]
RSSI: -61 [da:2a:39:be:03:2c]
RSSI: -60 [da:2a:39:be:03:2c]
RSSI: -60 [da:2a:39:cc:03:5c]
RSSI: -66 [da:2a:39:cc:03:5c]
RSSI: -64 [da:2a:39:d9:03:7c]
RSSI: -65 [da:2a:39:d9:03:7c]
RSSI: -73 [da:2a:39:e5:03:ac]
RSSI: -69 [da:2a:39:e5:03:ac]
RSSI: -72 [da:2a:39:f2:03:cc]
RSSI: -83 [da:2a:39:f2:03:cc]
RSSI: -73 [da:2a:39:ff:03:fc]
RSSI: -73 [da:2a:39:ff:03:fc]
RSSI: -76 [da:2a:3a:0c:04:1c]
RSSI: -68 [da:2a:3a:0c:04:1c]
RSSI: -69 [da:2a:3a:19:04:4c]
RSSI: -72 [da:2a:3a:19:04:4c]
RSSI: -67 [da:2a:3a:26:04:6c]
RSSI: -68 [da:2a:3a:26:04:6c]
RSSI: -72 [da:2a:3a:33:04:9c]
RSSI: -68 [da:2a:3a:33:04:9c]
RSSI: -68 [da:2a:3a:33:04:9c]
RSSI: -69 [da:2a:3a:40:04:bc]
RSSI: -74 [da:2a:3a:40:04:bc]
RSSI: -70 [da:2a:3a:4d:04:ec]
RSSI: -73 [da:2a:3a:4d:04:ec]
RSSI: -74 [da:2a:3a:5a:05:0c]
RSSI: -77 [da:2a:3a:67:05:3c]
RSSI: -79 [da:2a:3a:67:05:3c]
RSSI: -75 [da:2a:3a:74:05:5c]
RSSI: -75 [da:2a:3a:74:05:5c]
RSSI: -72 [da:2a:3a:80:05:8c]
RSSI: -78 [da:2a:3a:8e:05:ac]
RSSI: -92 [da:22:b2:d2:02:db]
RSSI: -93 [da:27:9f:dd:08:be]
RSSI: -77 [da:2a:3a:8e:05:ac]
RSSI: -71 [da:2a:3a:9b:05:dc]
RSSI: -71 [da:2a:3a:9b:05:dc]
RSSI: -72 [da:2a:3a:a7:06:0c]
RSSI: -90 [da:22:b2:ed:03:1b]
RSSI: -76 [da:2a:3a:b5:06:2c]
RSSI: -85 [da:27:a0:08:09:2e]
RSSI: -89 [da:22:b2:fb:03:4b]
RSSI: -89 [da:27:a0:08:09:2e]
RSSI: -73 [da:2a:3a:c2:06:5c]
RSSI: -71 [da:2a:3a:c2:06:5c]
RSSI: -92 [da:27:a0:15:09:5e]
RSSI: -71 [da:2a:3a:ce:06:7c]
RSSI: -71 [da:2a:3a:dc:06:ac]
RSSI: -83 [da:27:a0:34:09:ae]
RSSI: -70 [da:2a:3a:e9:06:cc]
RSSI: -85 [da:27:a0:40:09:de]
RSSI: -73 [da:2a:3a:f5:06:fc]
RSSI: -86 [da:27:a0:40:09:de]
RSSI: -73 [da:2a:3a:f5:06:fc]
RSSI: -92 [da:22:b3:3f:04:1b]
RSSI: -71 [da:2a:3b:03:07:1c]
RSSI: -73 [da:2a:3b:10:07:4c]
RSSI: -84 [da:27:a0:5f:0a:2e]
RSSI: -74 [da:2a:3b:1c:07:7c]
RSSI: -82 [da:27:a0:6b:0a:4e]
RSSI: -72 [da:2a:3b:1c:07:7c]
RSSI: -82 [da:27:a0:6b:0a:4e]
RSSI: -70 [da:2a:3b:29:07:9c]
RSSI: -75 [da:2a:3b:37:07:cc]
RSSI: -85 [da:27:a0:8a:0a:ae]
RSSI: -78 [da:2a:3b:43:07:ec]
RSSI: -73 [da:2a:3b:50:08:1c]
RSSI: -84 [da:2a:3b:50:08:1c]
RSSI: -82 [da:2a:3b:5d:08:4c]
RSSI: -85 [da:27:a0:b5:0b:2e]
RSSI: -86 [da:27:a0:b5:0b:2e]
RSSI: -78 [da:2a:3b:6a:08:6c]
RSSI: -76 [da:2a:3b:6a:08:6c]
RSSI: -86 [da:27:a0:c2:0b:4e]
RSSI: -76 [da:2a:3b:77:08:9c]
RSSI: -75 [da:2a:3b:77:08:9c]
RSSI: -90 [da:27:a0:d1:0b:6e]
RSSI: -76 [da:2a:3b:84:08:bc]
RSSI: -92 [da:27:a0:e0:0b:9e]
RSSI: -76 [da:2a:3b:91:08:ec]
RSSI: -78 [da:2a:3b:9e:09:1c]
RSSI: -89 [da:27:a0:ed:0b:be]
RSSI: -89 [da:24:97:e1:03:1a]
RSSI: -81 [da:2a:3b:9e:09:1c]
RSSI: -77 [da:2a:3b:ab:09:3c]
RSSI: -76 [da:2a:3b:ab:09:3c]
RSSI: -86 [da:24:97:f0:03:4a]
RSSI: -80 [da:2a:3b:b8:09:6c]
RSSI: -79 [da:2a:3b:b8:09:6c]
RSSI: -74 [da:2a:3b:b8:09:6c]
RSSI: -85 [da:2a:3b:c5:09:8c]
RSSI: -86 [da:24:98:0b:03:8a]
RSSI: -81 [da:2a:3b:c5:09:8c]
RSSI: -85 [da:24:98:0b:03:8a]
RSSI: -77 [da:2a:3b:d2:09:bc]
RSSI: -83 [da:2a:3b:d2:09:bc]
RSSI: -83 [da:24:98:19:03:ba]
RSSI: -87 [da:2a:3b:df:09:ec]
RSSI: -83 [da:24:98:27:03:da]
RSSI: -75 [da:2a:3b:ec:0a:0c]
RSSI: -85 [da:24:98:34:04:0a]
RSSI: -77 [da:2a:3b:ec:0a:0c]
RSSI: -83 [da:24:98:34:04:0a]
RSSI: -75 [da:2a:3b:f9:0a:3c]
RSSI: -76 [da:2a:3b:f9:0a:3c]
RSSI: -89 [da:27:a1:53:0c:ee]
RSSI: -74 [da:2a:3c:06:0a:5c]
RSSI: -85 [da:24:98:43:04:2a]
RSSI: -72 [da:2a:3c:06:0a:5c]
RSSI: -83 [da:24:98:51:04:5a]
RSSI: -74 [da:2a:3c:13:0a:8c]
RSSI: -73 [da:2a:3c:20:0a:bc]
RSSI: -83 [da:2a:3c:20:0a:bc]
RSSI: -74 [da:2a:3c:2d:0a:dc]
RSSI: -77 [da:2a:3c:2d:0a:dc]
RSSI: -81 [da:24:98:7b:04:ca]
RSSI: -80 [da:24:98:7b:04:ca]
RSSI: -79 [da:24:98:87:04:fa]
RSSI: -81 [da:2a:3c:47:0b:2c]
RSSI: -84 [da:2a:3c:47:0b:2c]
RSSI: -78 [da:24:98:87:04:fa]
RSSI: -76 [da:24:98:a4:05:4a]
RSSI: -80 [da:2a:3c:61:0b:8c]
RSSI: -91 [da:27:a1:b9:0e:0e]
RSSI: -77 [da:2a:3c:6e:0b:ac]
RSSI: -75 [da:24:98:b1:05:6a]
RSSI: -76 [da:24:98:bf:05:9a]
RSSI: -76 [da:24:98:bf:05:9a]
RSSI: -74 [da:24:98:bf:05:9a]
RSSI: -74 [da:24:98:ce:05:ba]
RSSI: -87 [da:2a:3c:88:0b:fc]
RSSI: -75 [da:24:98:ce:05:ba]
RSSI: -89 [da:27:a1:e4:0e:8e]
RSSI: -78 [da:2a:3c:96:0c:2c]
RSSI: -74 [da:24:98:da:05:ea]
RSSI: -74 [da:24:98:da:05:ea]
RSSI: -74 [da:2a:3c:a2:0c:5c]
RSSI: -73 [da:24:98:e9:06:0a]
RSSI: -77 [da:2a:3c:af:0c:7c]
RSSI: -74 [da:24:98:f7:06:3a]
RSSI: -72 [da:2a:3c:af:0c:7c]
RSSI: -74 [da:24:98:f7:06:3a]
RSSI: -73 [da:2a:3c:bd:0c:ac]
RSSI: -74 [da:24:99:04:06:5a]
RSSI: -74 [da:24:99:04:06:5a]
RSSI: -71 [da:2a:3c:c9:0c:cc]
RSSI: -75 [da:24:99:12:06:8a]
RSSI: -75 [da:24:99:21:06:aa]
RSSI: -70 [da:2a:3c:d6:0c:fc]
RSSI: -75 [da:24:99:21:06:aa]
RSSI: -72 [da:2a:3c:e4:0d:2c]
RSSI: -72 [da:2a:3c:e4:0d:2c]
RSSI: -74 [da:24:99:2d:06:da]
RSSI: -70 [da:2a:3c:f0:0d:4c]
RSSI: -75 [da:24:99:3c:06:fa]
RSSI: -73 [da:2a:3c:fe:0d:7c]
RSSI: -71 [da:2a:3c:fe:0d:7c]
RSSI: -73 [da:2a:3d:0b:0d:9c]
RSSI: -75 [da:2a:3d:0b:0d:9c]
RSSI: -71 [da:2a:3d:17:0d:cc]
RSSI: -78 [da:24:99:57:07:4a]
RSSI: -74 [da:2a:3d:17:0d:cc]
RSSI: -77 [da:24:99:66:07:6a]
RSSI: -79 [da:2a:3d:25:0d:ec]
RSSI: -79 [da:24:99:66:07:6a]
RSSI: -74 [da:2a:3d:25:0d:ec]
RSSI: -81 [da:24:99:74:07:9a]
RSSI: -75 [da:2a:3d:32:0e:1c]
RSSI: -80 [da:24:99:74:07:9a]
RSSI: -81 [da:2a:3d:32:0e:1c]
RSSI: -77 [da:2a:3d:3f:0e:3c]
RSSI: -81 [da:24:99:81:07:ba]
RSSI: -91 [da:27:a2:92:10:8e]
RSSI: -76 [da:2a:3d:3f:0e:3c]
RSSI: -84 [da:24:99:81:07:ba]
RSSI: -82 [da:24:99:8f:07:ea]
RSSI: -80 [da:2a:3d:4c:0e:6c]
RSSI: -87 [da:24:99:8f:07:ea]
RSSI: -75 [da:2a:3d:59:0e:9c]
RSSI: -87 [da:24:99:9e:08:0a]
RSSI: -82 [da:2a:3d:66:0e:bc]
RSSI: -77 [da:2a:3d:66:0e:bc]
RSSI: -87 [da:2a:3d:73:0e:ec]
RSSI: -80 [da:2a:3d:73:0e:ec]
RSSI: -92 [da:27:a2:ca:11:2e]
RSSI: -79 [da:2a:3d:80:0f:0c]
RSSI: -77 [da:2a:3d:80:0f:0c]
RSSI: -89 [da:24:99:c7:08:8a]
RSSI: -76 [da:2a:3d:8d:0f:3c]
RSSI: -78 [da:2a:3d:8d:0f:3c]
RSSI: -74 [da:2a:3d:9a:0f:6c]
RSSI: -88 [da:24:99:d4:08:aa]
RSSI: -71 [da:2a:3d:9a:0f:6c]
RSSI: -86 [da:24:99:e3:08:da]
RSSI: -72 [da:2a:3d:a7:0f:8c]
RSSI: -89 [da:24:99:f1:08:fa]
RSSI: -71 [da:2a:3d:b4:0f:bc]
RSSI: -70 [da:2a:3d:c1:0f:dc]
RSSI: -91 [da:24:99:fe:09:2a]
RSSI: -73 [da:2a:3d:cf:10:0c]
RSSI: -71 [da:2a:3d:db:10:3c]
RSSI: -73 [da:2a:3d:e9:10:5c]
RSSI: -93 [da:24:9a:36:09:ca]
RSSI: -74 [da:2a:3d:f6:10:8c]
RSSI: -89 [da:24:9a:45:09:ea]
RSSI: -75 [da:2a:3e:02:10:ac]
RSSI: -71 [da:2a:3e:10:10:dc]
RSSI: -74 [da:2a:3e:1d:11:0c]
RSSI: -72 [da:2a:3e:1d:11:0c]
RSSI: -71 [da:2a:3e:2a:11:2c]
RSSI: -79 [da:2a:3e:2a:11:2c]
RSSI: -77 [da:2a:3e:37:11:5c]
RSSI: -78 [da:2a:3e:37:11:5c]
RSSI: -87 [da:2a:3e:44:11:7c]
RSSI: -85 [da:2a:3e:44:11:7c]
RSSI: -78 [da:2a:3e:51:11:ac]
RSSI: -78 [da:2a:3e:5e:11:dc]
RSSI: -78 [da:2a:3e:5e:11:dc]
RSSI: -77 [da:2a:3e:6c:11:fc]
RSSI: -73 [da:2a:3e:78:12:2c]
RSSI: -78 [da:2a:3e:78:12:2c]
RSSI: -77 [da:2a:3e:86:12:4c]
RSSI: -75 [da:2a:3e:86:12:4c]
RSSI: -82 [da:2a:3e:93:12:7c]
RSSI: -85 [da:2a:3e:93:12:7c]
RSSI: -82 [da:2a:3e:9f:12:9c]
RSSI: -81 [da:2a:3e:9f:12:9c]
RSSI: -81 [da:2a:3e:ad:12:cc]
RSSI: -88 [da:2a:3e:ad:12:cc]
RSSI: -78 [da:2a:3e:ba:12:fc]
RSSI: -79 [da:2a:3e:ba:12:fc]
RSSI: -81 [da:2a:3e:c7:13:1c]
RSSI: -85 [da:2a:3e:e1:13:6c]
RSSI: -82 [da:2a:3e:ee:13:9c]
RSSI: -85 [da:2a:3f:15:14:1c]
RSSI: -85 [da:2a:3f:15:14:1c]
RSSI: -82 [da:2a:3f:23:14:3c]
RSSI: -91 [da:24:9b:69:0d:4a]
RSSI: -83 [da:2a:3f:42:14:9c]
RSSI: -86 [da:2a:3f:52:14:cc]
RSSI: -81 [da:2a:3f:60:14:fc]
RSSI: -83 [da:2a:3f:60:14:fc]
RSSI: -80 [da:2a:3f:6c:15:1c]
RSSI: -91 [da:24:9b:af:0e:0a]
RSSI: -79 [da:2a:3f:6c:15:1c]
RSSI: -80 [da:2a:3f:7a:15:4c]
RSSI: -82 [da:2a:3f:87:15:7c]
RSSI: -89 [da:24:9b:ca:0e:5a]
RSSI: -84 [da:2a:3f:94:15:9c]
RSSI: -87 [da:2a:3f:a1:15:cc]
RSSI: -92 [da:24:9b:f4:0e:ca]
RSSI: -88 [da:2a:3f:ae:15:ec]
RSSI: -94 [da:24:9c:02:0e:fa]
RSSI: -85 [da:2a:3f:c9:16:3c]
RSSI: -79 [da:2a:3f:d6:16:6c]
RSSI: -79 [da:2a:3f:e2:00:0c]
RSSI: -91 [da:24:9c:3b:0f:9a]
RSSI: -73 [da:2a:3f:fd:00:5c]
RSSI: -71 [da:2a:3f:fd:00:5c]
RSSI: -73 [da:2a:40:0a:00:7c]
RSSI: -70 [da:2a:40:0a:00:7c]
RSSI: -67 [da:2a:40:17:00:ac]
RSSI: -70 [da:2a:40:17:00:ac]
RSSI: -67 [da:2a:40:25:00:dc]
RSSI: -65 [da:2a:40:25:00:dc]
RSSI: -66 [da:2a:40:31:00:fc]
RSSI: -66 [da:2a:40:31:00:fc]
RSSI: -64 [da:2a:40:3f:01:2c]
RSSI: -65 [da:2a:40:3f:01:2c]
RSSI: -65 [da:2a:40:4c:01:4c]
RSSI: -63 [da:2a:40:4c:01:4c]
RSSI: -63 [da:2a:40:4c:01:4c]
RSSI: -63 [da:2a:40:59:01:7c]
RSSI: -64 [da:2a:40:59:01:7c]
RSSI: -64 [da:2a:40:59:01:7c]
RSSI: -62 [da:2a:40:66:01:9c]
RSSI: -63 [da:2a:40:66:01:9c]
RSSI: -64 [da:2a:40:74:01:cc]
RSSI: -62 [da:2a:40:74:01:cc]
RSSI: -64 [da:2a:40:80:01:ec]
RSSI: -64 [da:2a:40:8e:02:1c]
RSSI: -65 [da:2a:40:9b:02:4c]
RSSI: -64 [da:2a:40:9b:02:4c]
RSSI: -67 [da:2a:40:a8:02:6c]
RSSI: -67 [da:2a:40:b5:02:9c]
RSSI: -71 [da:2a:40:cf:02:ec]
RSSI: -72 [da:2a:40:cf:02:ec]
RSSI: -77 [da:2a:40:dd:03:1c]
RSSI: -76 [da:2a:40:dd:03:1c]
RSSI: -79 [da:2a:40:ea:03:3c]
RSSI: -80 [da:2a:40:f7:03:6c]
RSSI: -78 [da:2a:40:f7:03:6c]
RSSI: -74 [da:2a:41:04:03:8c]
RSSI: -77 [da:2a:41:04:03:8c]
RSSI: -74 [da:2a:41:12:03:bc]
RSSI: -71 [da:2a:41:12:03:bc]
RSSI: -76 [da:2a:41:1e:03:dc]
RSSI: -73 [da:2a:41:1e:03:dc]
RSSI: -73 [da:2a:41:1e:03:dc]
RSSI: -73 [da:2a:41:2c:04:0c]
RSSI: -76 [da:2a:41:2c:04:0c]
RSSI: -75 [da:2a:41:39:04:3c]
RSSI: -75 [da:2a:41:39:04:3c]
RSSI: -79 [da:2a:41:46:04:5c]
RSSI: -91 [da:24:9d:8b:13:6a]
RSSI: -82 [da:2a:41:54:04:8c]
RSSI: -82 [da:2a:41:61:04:bc]
RSSI: -77 [da:2a:41:61:04:bc]
RSSI: -77 [da:2a:41:61:04:bc]
RSSI: -85 [da:2a:41:6e:04:dc]
RSSI: -90 [da:24:9d:b5:13:da]
RSSI: -80 [da:2a:41:6e:04:dc]
RSSI: -90 [da:24:9d:b5:13:da]
RSSI: -83 [da:2a:41:7b:05:0c]
RSSI: -94 [da:22:b9:c2:00:fb]
RSSI: -77 [da:2a:41:89:05:2c]
RSSI: -79 [da:2a:41:95:05:5c]
RSSI: -92 [da:24:9d:df:14:5a]
RSSI: -85 [da:2a:41:a3:05:7c]
RSSI: -80 [da:2a:41:a3:05:7c]
RSSI: -77 [da:2a:41:b0:05:ac]
RSSI: -80 [da:2a:41:bd:05:dc]
RSSI: -84 [da:2a:41:ca:05:fc]
RSSI: -80 [da:2a:41:ca:05:fc]
RSSI: -89 [da:22:ba:15:01:eb]
RSSI: -80 [da:2a:41:d8:06:2c]
RSSI: -81 [da:2a:41:d8:06:2c]
RSSI: -87 [da:22:ba:22:02:1b]
RSSI: -78 [da:2a:41:e4:06:4c]
RSSI: -79 [da:2a:41:e4:06:4c]
RSSI: -78 [da:2a:41:f2:06:7c]
RSSI: -85 [da:22:ba:30:02:3b]
RSSI: -77 [da:2a:41:f2:06:7c]
RSSI: -86 [da:24:9e:40:15:6a]
RSSI: -78 [da:2a:41:ff:06:ac]
RSSI: -85 [da:22:ba:3f:02:6b]
RSSI: -79 [da:2a:41:ff:06:ac]
RSSI: -84 [da:22:ba:4b:02:8b]
RSSI: -79 [da:2a:42:0c:06:cc]
RSSI: -77 [da:2a:42:0c:06:cc]
RSSI: -84 [da:22:ba:68:02:eb]
RSSI: -83 [da:22:ba:75:03:0b]
RSSI: -76 [da:2a:42:34:07:4c]
RSSI: -83 [da:22:ba:75:03:0b]
RSSI: -84 [da:22:ba:84:03:3b]
RSSI: -85 [da:2a:42:41:07:7c]
RSSI: -84 [da:22:ba:92:03:6b]
RSSI: -88 [da:24:9e:94:16:5a]
RSSI: -78 [da:2a:42:5b:07:cc]
RSSI: -85 [da:22:ba:9f:03:8b]
RSSI: -84 [da:22:ba:ae:03:bb]
RSSI: -83 [da:2a:42:69:07:fc]
RSSI: -84 [da:22:ba:ae:03:bb]
RSSI: -83 [da:22:ba:bc:03:db]
RSSI: -82 [da:2a:42:77:08:2c]
RSSI: -84 [da:22:ba:bc:03:db]
RSSI: -81 [da:2a:42:83:08:4c]
RSSI: -86 [da:2a:42:91:08:7c]
RSSI: -85 [da:22:ba:e6:04:5b]
RSSI: -87 [da:22:ba:e6:04:5b]
RSSI: -85 [da:2a:42:ab:08:cc]
RSSI: -84 [da:2a:42:b8:08:fc]
RSSI: -91 [da:27:a8:0d:0a:0e]
RSSI: -95 [da:24:9f:06:01:4a]
RSSI: -87 [da:2a:42:d3:09:4c]
RSSI: -91 [da:2a:42:e0:09:6c]
RSSI: -89 [da:2a:42:e0:09:6c]
RSSI: -86 [da:2a:42:ee:09:9c]
RSSI: -92 [da:24:9f:37:01:da]
RSSI: -92 [da:27:a8:56:0a:de]
RSSI: -87 [da:2a:43:08:09:ec]
RSSI: -87 [da:2a:43:22:0a:3c]
RSSI: -86 [da:2a:43:30:0a:6c]
RSSI: -86 [da:2a:43:30:0a:6c]
RSSI: -85 [da:2a:43:30:0a:6c]
RSSI: -87 [da:27:a8:91:0b:8e]
RSSI: -84 [da:2a:43:4a:0a:bc]
RSSI: -88 [da:24:9f:98:02:ea]
RSSI: -92 [da:2a:43:58:0a:ec]
RSSI: -85 [da:2a:43:58:0a:ec]
RSSI: -88 [da:2a:43:65:0b:1c]
RSSI: -86 [da:24:9f:a7:03:0a]
RSSI: -85 [da:2a:43:7f:0b:6c]
RSSI: -85 [da:2a:43:7f:0b:6c]
RSSI: -86 [da:24:9f:d1:03:8a]
RSSI: -93 [da:2a:43:8d:0b:9c]
RSSI: -85 [da:24:9f:d1:03:8a]
RSSI: -85 [da:2a:43:9a:0b:bc]
RSSI: -85 [da:2a:43:a7:0b:ec]
RSSI: -87 [da:24:9f:ed:03:da]
RSSI: -85 [da:24:9f:ed:03:da]
RSSI: -85 [da:24:9f:ed:03:da]
RSSI: -86 [da:24:9f:fc:04:0a]
RSSI: -88 [da:2a:43:c1:0c:3c]
RSSI: -84 [da:24:a0:0a:04:2a]
RSSI: -84 [da:24:a0:0a:04:2a]
RSSI: -84 [da:24:a0:0a:04:2a]
RSSI: -85 [da:2a:43:cf:0c:6c]
RSSI: -89 [da:2a:43:cf:0c:6c]
RSSI: -83 [da:24:a0:17:04:5a]
RSSI: -81 [da:24:a0:26:04:7a]
RSSI: -81 [da:24:a0:26:04:7a]
RSSI: -80 [da:24:a0:35:04:aa]
RSSI: -80 [da:24:a0:35:04:aa]
RSSI: -85 [da:2a:43:f7:0c:ec]
RSSI: -78 [da:24:a0:41:04:ca]
RSSI: -80 [da:2a:44:04:0d:1c]
RSSI: -77 [da:24:a0:41:04:ca]
RSSI: -77 [da:24:a0:50:04:fa]
RSSI: -78 [da:2a:44:11:0d:3c]
RSSI: -76 [da:24:a0:5f:05:2a]
RSSI: -74 [da:24:a0:6c:05:4a]
RSSI: -78 [da:2a:44:2c:0d:9c]
RSSI: -77 [da:24:a0:6c:05:4a]
RSSI: -75 [da:24:a0:7b:05:7a]
RSSI: -73 [da:24:a0:7b:05:7a]
RSSI: -76 [da:24:a0:89:05:9a]
RSSI: -75 [da:24:a0:89:05:9a]
RSSI: -86 [da:2a:44:47:0d:ec]
RSSI: -76 [da:24:a0:96:05:ca]
RSSI: -78 [da:2a:44:61:0e:3c]
RSSI: -75 [da:24:a0:a5:05:ea]
RSSI: -79 [da:2a:44:6f:0e:6c]
RSSI: -74 [da:24:a0:b4:06:1a]
RSSI: -75 [da:24:a0:c0:06:3a]
RSSI: -83 [da:2a:44:7c:0e:9c]
RSSI: -75 [da:24:a0:c0:06:3a]
RSSI: -76 [da:2a:44:89:0e:bc]
RSSI: -75 [da:24:a0:cf:06:6a]
RSSI: -74 [da:2a:44:96:0e:ec]
RSSI: -73 [da:24:a0:de:06:9a]
RSSI: -76 [da:2a:44:a4:0f:1c]
RSSI: -72 [da:2a:44:a4:0f:1c]
RSSI: -75 [da:24:a0:eb:06:ba]
RSSI: -72 [da:2a:44:b1:0f:3c]
RSSI: -76 [da:24:a0:fa:06:ea]
RSSI: -74 [da:2a:44:b1:0f:3c]
RSSI: -76 [da:24:a0:fa:06:ea]
RSSI: -76 [da:24:a0:fa:06:ea]
RSSI: -72 [da:2a:44:be:0f:6c]
RSSI: -76 [da:24:a0:fa:06:ea]
RSSI: -71 [da:2a:44:be:0f:6c]
RSSI: -75 [da:24:a1:09:07:0a]
RSSI: -73 [da:2a:44:cc:0f:9c]
RSSI: -77 [da:24:a1:09:07:0a]
RSSI: -74 [da:2a:44:cc:0f:9c]
RSSI: -71 [da:2a:44:cc:0f:9c]
RSSI: -71 [da:2a:44:cc:0f:9c]
RSSI: -76 [da:24:a1:15:07:3a]
RSSI: -71 [da:2a:44:d9:0f:bc]
RSSI: -75 [da:2a:44:d9:0f:bc]
RSSI: -74 [da:2a:44:d9:0f:bc]
RSSI: -79 [da:24:a1:24:07:5a]
RSSI: -71 [da:2a:44:e6:0f:ec]
RSSI: -72 [da:2a:44:e6:0f:ec]
RSSI: -81 [da:24:a1:33:07:8a]
RSSI: -74 [da:2a:44:f4:10:1c]
RSSI: -80 [da:24:a1:33:07:8a]
RSSI: -71 [da:2a:44:f4:10:1c]
RSSI: -81 [da:24:a1:40:07:aa]
RSSI: -72 [da:2a:45:0e:10:6c]
RSSI: -87 [da:24:a1:4f:07:da]
RSSI: -70 [da:2a:45:1c:10:8c]
RSSI: -92 [da:24:a1:5d:08:0a]
RSSI: -75 [da:2a:45:29:10:bc]
RSSI: -88 [da:24:a1:6a:08:2a]
RSSI: -72 [da:2a:45:29:10:bc]
RSSI: -72 [da:2a:45:36:10:ec]
RSSI: -76 [da:2a:45:36:10:ec]
RSSI: -87 [da:24:a1:79:08:5a]
RSSI: -76 [da:2a:45:44:11:0c]
RSSI: -85 [da:24:a1:88:08:7a]
RSSI: -76 [da:2a:45:51:11:3c]
RSSI: -75 [da:2a:45:51:11:3c]
RSSI: -74 [da:2a:45:5e:11:5c]
RSSI: -86 [da:24:a1:a4:08:ca]
RSSI: -75 [da:2a:45:5e:11:5c]
RSSI: -86 [da:24:a1:a4:08:ca]
RSSI: -74 [da:2a:45:6c:11:8c]
RSSI: -74 [da:2a:45:6c:11:8c]
RSSI: -84 [da:24:a1:b2:08:fa]
RSSI: -87 [da:24:a1:bf:09:1a]
RSSI: -75 [da:2a:45:79:11:bc]
RSSI: -87 [da:24:a1:bf:09:1a]
RSSI: -78 [da:2a:45:86:11:dc]
RSSI: -88 [da:24:a1:ce:09:4a]
RSSI: -79 [da:2a:45:94:12:0c]
RSSI: -78 [da:2a:45:94:12:0c]
RSSI: -87 [da:24:a1:dd:09:6a]
RSSI: -81 [da:2a:45:a1:12:2c]
RSSI: -82 [da:2a:45:a1:12:2c]
RSSI: -81 [da:2a:45:ae:12:5c]
RSSI: -87 [da:24:a1:f9:09:ba]
RSSI: -84 [da:2a:45:bc:12:8c]
RSSI: -87 [da:24:a2:07:09:ea]
RSSI: -86 [da:24:a2:14:0a:0a]
RSSI: -84 [da:2a:45:e4:13:0c]
RSSI: -88 [da:24:a2:23:0a:3a]
RSSI: -86 [da:2a:45:f1:13:2c]
RSSI: -90 [da:24:a2:32:0a:6a]
RSSI: -80 [da:2a:45:f1:13:2c]
RSSI: -84 [da:2a:45:fe:13:5c]
RSSI: -83 [da:2a:45:fe:13:5c]
RSSI: -91 [da:24:a2:3f:0a:8a]
RSSI: -84 [da:2a:45:fe:13:5c]
RSSI: -80 [da:2a:46:0c:13:7c]
RSSI: -89 [da:24:a2:4e:0a:ba]
RSSI: -84 [da:2a:46:0c:13:7c]
RSSI: -80 [da:2a:46:19:13:ac]
RSSI: -90 [da:24:a2:5c:0a:da]
RSSI: -80 [da:2a:46:27:13:dc]
RSSI: -90 [da:24:a2:69:0b:0a]
RSSI: -78 [da:2a:46:27:13:dc]
RSSI: -80 [da:2a:46:34:13:fc]
RSSI: -77 [da:2a:46:41:14:2c]
RSSI: -81 [da:2a:46:4f:14:4c]
RSSI: -84 [da:2a:46:5c:14:7c]
RSSI: -84 [da:2a:46:5c:14:7c]
RSSI: -81 [da:2a:46:69:14:ac]
RSSI: -80 [da:2a:46:69:14:ac]
RSSI: -79 [da:2a:46:77:14:cc]
RSSI: -78 [da:2a:46:77:14:cc]
RSSI: -77 [da:2a:46:84:14:fc]
RSSI: -95 [da:24:a2:cd:0c:1a]
RSSI: -77 [da:2a:46:91:15:2c]
RSSI: -75 [da:2a:46:91:15:2c]
RSSI: -77 [da:2a:46:9f:15:4c]
RSSI: -78 [da:2a:46:9f:15:4c]
RSSI: -78 [da:2a:46:ad:15:7c]
RSSI: -77 [da:2a:46:ad:15:7c]
RSSI: -84 [da:2a:46:c7:15:cc]
RSSI: -76 [da:2a:46:d5:15:fc]
RSSI: -75 [da:2a:46:d5:15:fc]
RSSI: -72 [da:2a:46:e1:16:2c]
RSSI: -71 [da:2a:46:ef:16:4c]
RSSI: -67 [da:2a:46:fd:16:7c]
RSSI: -66 [da:2a:47:0a:00:2c]
RSSI: -65 [da:2a:47:0a:00:2c]
RSSI: -65 [da:2a:47:17:00:5c]
RSSI: -64 [da:2a:47:17:00:5c]
RSSI: -63 [da:2a:47:25:00:7c]
RSSI: -63 [da:2a:47:25:00:7c]
RSSI: -63 [da:2a:47:32:00:ac]
RSSI: -61 [da:2a:47:32:00:ac]
RSSI: -89 [da:24:a3:78:0e:0a]
RSSI: -61 [da:2a:47:40:00:dc]
RSSI: -61 [da:2a:47:4d:00:fc]
RSSI: -63 [da:2a:47:4d:00:fc]
RSSI: -90 [da:24:a3:93:0e:5a]
RSSI: -62 [da:2a:47:5a:01:2c]
RSSI: -61 [da:2a:47:5a:01:2c]
RSSI: -62 [da:2a:47:68:01:4c]
RSSI: -64 [da:2a:47:75:01:7c]
RSSI: -63 [da:2a:47:82:01:ac]
RSSI: -65 [da:2a:47:90:01:cc]
RSSI: -66 [da:2a:47:90:01:cc]
RSSI: -68 [da:2a:47:9e:01:fc]
RSSI: -92 [da:24:a3:dc:0f:2a]
RSSI: -67 [da:2a:47:9e:01:fc]
RSSI: -67 [da:2a:47:aa:02:1c]
RSSI: -72 [da:2a:47:aa:02:1c]
RSSI: -71 [da:2a:47:b8:02:4c]
RSSI: -71 [da:2a:47:b8:02:4c]
RSSI: -79 [da:2a:47:c6:02:7c]
RSSI: -75 [da:2a:47:c6:02:7c]
RSSI: -77 [da:2a:47:d3:02:9c]
RSSI: -82 [da:2a:47:e0:02:cc]
RSSI: -85 [da:2a:47:e0:02:cc]
RSSI: -85 [da:2a:47:ee:02:fc]
RSSI: -75 [da:2a:47:fb:03:1c]
RSSI: -77 [da:2a:48:09:03:4c]
RSSI: -78 [da:2a:48:16:03:7c]
RSSI: -77 [da:2a:48:16:03:7c]
RSSI: -72 [da:2a:48:23:03:9c]
RSSI: -78 [da:2a:48:23:03:9c]
RSSI: -73 [da:2a:48:31:03:cc]
RSSI: -80 [da:2a:48:3f:03:fc]
RSSI: -80 [da:2a:48:3f:03:fc]
RSSI: -78 [da:2a:48:4b:04:1c]
RSSI: -81 [da:2a:48:4b:04:1c]
RSSI: -83 [da:2a:48:59:04:4c]
RSSI: -80 [da:2a:48:59:04:4c]
RSSI: -82 [da:2a:48:67:04:6c]
RSSI: -82 [da:2a:48:67:04:6c]
RSSI: -80 [da:2a:48:74:04:9c]
RSSI: -76 [da:2a:48:82:04:bc]
RSSI: -78 [da:2a:48:8f:04:ec]
RSSI: -79 [da:2a:48:9c:05:1c]
RSSI: -78 [da:2a:48:9c:05:1c]
RSSI: -78 [da:2a:48:aa:05:3c]
RSSI: -81 [da:2a:48:aa:05:3c]
RSSI: -78 [da:2a:48:b8:05:6c]
RSSI: -81 [da:2a:48:c4:05:9c]
RSSI: -82 [da:2a:48:c4:05:9c]
RSSI: -79 [da:2a:48:c4:05:9c]
RSSI: -78 [da:2a:48:c4:05:9c]
RSSI: -79 [da:2a:48:e0:05:ec]
RSSI: -77 [da:2a:48:e0:05:ec]
RSSI: -79 [da:2a:48:ed:06:1c]
RSSI: -78 [da:2a:48:ed:06:1c]
RSSI: -80 [da:2a:48:fb:06:3c]
RSSI: -77 [da:2a:49:09:06:6c]
RSSI: -92 [da:24:a5:5d:13:8a]
RSSI: -88 [da:24:a5:5d:13:8a]
RSSI: -82 [da:2a:49:23:06:bc]
RSSI: -90 [da:24:a5:6a:13:aa]
RSSI: -78 [da:2a:49:23:06:bc]
RSSI: -78 [da:2a:49:31:06:ec]
RSSI: -82 [da:2a:49:31:06:ec]
RSSI: -90 [da:22:c1:7e:01:7b]
RSSI: -79 [da:2a:49:3e:07:1c]
RSSI: -80 [da:2a:49:3e:07:1c]
RSSI: -83 [da:2a:49:4b:07:4c]
RSSI: -82 [da:2a:49:4b:07:4c]
RSSI: -80 [da:2a:49:59:07:6c]
RSSI: -88 [da:22:c1:99:01:cb]
RSSI: -86 [da:2a:49:59:07:6c]
RSSI: -82 [da:2a:49:66:07:9c]
RSSI: -80 [da:2a:49:66:07:9c]
RSSI: -87 [da:22:c1:b7:02:1b]
RSSI: -93 [da:24:a5:bf:14:9a]
RSSI: -85 [da:22:c1:c3:02:4b]
RSSI: -91 [da:2a:49:8e:08:1c]
RSSI: -87 [da:2a:49:9c:08:4c]
RSSI: -83 [da:22:c1:ee:02:bb]
RSSI: -81 [da:2a:49:aa:08:6c]
RSSI: -83 [da:22:c1:ee:02:bb]
RSSI: -86 [da:24:a5:f9:15:3a]
RSSI: -82 [da:22:c1:fd:02:eb]
RSSI: -92 [da:24:a6:08:15:6a]
RSSI: -81 [da:2a:49:c5:08:cc]
RSSI: -83 [da:22:c2:0c:03:1b]
RSSI: -83 [da:22:c2:0c:03:1b]
RSSI: -88 [da:24:a6:08:15:6a]
RSSI: -84 [da:22:c2:0c:03:1b]
RSSI: -90 [da:2a:49:d3:08:ec]
RSSI: -83 [da:2a:49:d3:08:ec]
RSSI: -82 [da:22:c2:18:03:3b]
RSSI: -83 [da:2a:49:d3:08:ec]
RSSI: -83 [da:2a:49:df:09:1c]
RSSI: -84 [da:22:c2:27:03:6b]
RSSI: -83 [da:22:c2:27:03:6b]
RSSI: -82 [da:2a:49:ed:09:4c]
RSSI: -85 [da:22:c2:36:03:9b]
RSSI: -90 [da:24:a6:33:15:da]
RSSI: -84 [da:22:c2:36:03:9b]
RSSI: -82 [da:2a:49:fb:09:6c]
RSSI: -89 [da:24:a6:40:15:fa]
RSSI: -82 [da:2a:49:fb:09:6c]
RSSI: -83 [da:22:c2:43:03:bb]
RSSI: -89 [da:24:a6:40:15:fa]
RSSI: -85 [da:22:c2:52:03:eb]
RSSI: -90 [da:2a:4a:16:09:cc]
RSSI: -91 [da:2a:4a:16:09:cc]
RSSI: -84 [da:22:c2:61:04:1b]
RSSI: -91 [da:24:a6:6b:00:7a]
RSSI: -86 [da:22:c2:6d:04:3b]
RSSI: -92 [da:24:a6:6b:00:7a]
RSSI: -86 [da:22:c2:6d:04:3b]
RSSI: -88 [da:22:c2:7c:04:6b]
RSSI: -88 [da:22:c2:8b:04:9b]
RSSI: -91 [da:2a:4a:3e:0a:4c]
RSSI: -83 [da:2a:4a:4c:0a:7c]
RSSI: -94 [da:2a:4a:67:0a:cc]
RSSI: -83 [da:2a:4a:75:0a:fc]
RSSI: -92 [da:27:af:c7:0a:0e]
RSSI: -84 [da:27:af:d7:0a:3e]
RSSI: -83 [da:2a:4a:8f:0b:4c]
RSSI: -87 [da:2a:4a:9d:0b:7c]
RSSI: -85 [da:2a:4a:aa:0b:9c]
RSSI: -86 [da:2a:4a:aa:0b:9c]
RSSI: -87 [da:27:b0:04:0a:be]
RSSI: -83 [da:2a:4a:b8:0b:cc]
RSSI: -83 [da:2a:4a:b8:0b:cc]
RSSI: -82 [da:2a:4a:b8:0b:cc]
RSSI: -84 [da:2a:4a:c6:0b:fc]
RSSI: -82 [da:2a:4a:c6:0b:fc]
RSSI: -84 [da:2a:4a:d2:0c:2c]
RSSI: -83 [da:2a:4a:d2:0c:2c]
RSSI: -83 [da:2a:4a:e0:0c:4c]
RSSI: -83 [da:2a:4a:e0:0c:4c]
RSSI: -83 [da:2a:4a:ee:0c:7c]
RSSI: -92 [da:24:a7:35:02:ca]
RSSI: -81 [da:2a:4a:fb:0c:ac]
RSSI: -89 [da:24:a7:42:02:ea]
RSSI: -81 [da:2a:4b:09:0c:cc]
RSSI: -85 [da:24:a7:51:03:1a]
RSSI: -84 [da:2a:4b:17:0c:fc]
RSSI: -80 [da:2a:4b:17:0c:fc]
RSSI: -81 [da:2a:4b:23:0d:2c]
RSSI: -83 [da:2a:4b:32:0d:4c]
RSSI: -87 [da:24:a7:6d:03:6a]
RSSI: -79 [da:2a:4b:32:0d:4c]
RSSI: -86 [da:2a:4b:3f:0d:7c]
RSSI: -83 [da:24:a7:8b:03:ba]
RSSI: -80 [da:2a:4b:5a:0d:dc]
RSSI: -87 [da:24:a7:a7:04:0a]
RSSI: -87 [da:2a:4b:68:0d:fc]
RSSI: -85 [da:24:a7:a7:04:0a]
RSSI: -87 [da:2a:4b:68:0d:fc]
RSSI: -84 [da:24:a7:b6:04:3a]
RSSI: -85 [da:2a:4b:75:0e:2c]
RSSI: -86 [da:24:a7:b6:04:3a]
RSSI: -84 [da:2a:4b:75:0e:2c]
RSSI: -81 [da:2a:4b:75:0e:2c]
RSSI: -80 [da:2a:4b:83:0e:5c]
RSSI: -83 [da:24:a7:c3:04:5a]
RSSI: -82 [da:2a:4b:83:0e:5c]
RSSI: -84 [da:24:a7:d2:04:8a]
RSSI: -78 [da:2a:4b:91:0e:7c]
RSSI: -83 [da:24:a7:d2:04:8a]
RSSI: -82 [da:24:a7:e1:04:ba]
RSSI: -78 [da:2a:4b:9d:0e:ac]
RSSI: -81 [da:24:a7:e1:04:ba]
RSSI: -76 [da:2a:4b:9d:0e:ac]
RSSI: -76 [da:2a:4b:ab:0e:dc]
RSSI: -80 [da:24:a7:ee:04:da]
RSSI: -78 [da:2a:4b:ab:0e:dc]
RSSI: -76 [da:2a:4b:b9:0e:fc]
RSSI: -76 [da:2a:4b:b9:0e:fc]
RSSI: -77 [da:24:a7:fd:05:0a]
RSSI: -80 [da:2a:4b:c6:0f:2c]
RSSI: -77 [da:24:a8:0c:05:2a]
RSSI: -79 [da:2a:4b:c6:0f:2c]
RSSI: -77 [da:24:a8:19:05:5a]
RSSI: -77 [da:24:a8:19:05:5a]
RSSI: -78 [da:2a:4b:e2:0f:7c]
RSSI: -77 [da:24:a8:28:05:7a]
RSSI: -81 [da:2a:4b:ef:0f:ac]
RSSI: -74 [da:24:a8:38:05:aa]
RSSI: -74 [da:24:a8:38:05:aa]
RSSI: -85 [da:2a:4b:fd:0f:dc]
RSSI: -79 [da:2a:4c:0b:0f:fc]
RSSI: -76 [da:24:a8:54:05:fa]
RSSI: -76 [da:24:a8:54:05:fa]
RSSI: -81 [da:2a:4c:17:10:2c]
RSSI: -77 [da:2a:4c:17:10:2c]
RSSI: -73 [da:24:a8:63:06:2a]
RSSI: -86 [da:2a:4c:26:10:5c]
RSSI: -76 [da:24:a8:63:06:2a]
RSSI: -84 [da:2a:4c:26:10:5c]
RSSI: -73 [da:24:a8:6f:06:4a]
RSSI: -87 [da:2a:4c:34:10:7c]
RSSI: -87 [da:2a:4c:34:10:7c]
RSSI: -76 [da:24:a8:7f:06:7a]
RSSI: -81 [da:2a:4c:40:10:ac]
RSSI: -76 [da:24:a8:8e:06:aa]
RSSI: -84 [da:2a:4c:4e:10:dc]
RSSI: -77 [da:24:a8:9b:06:ca]
RSSI: -87 [da:2a:4c:5c:11:0c]
RSSI: -81 [da:2a:4c:69:11:2c]
RSSI: -74 [da:24:a8:aa:06:fa]
RSSI: -86 [da:2a:4c:69:11:2c]
RSSI: -78 [da:24:a8:b9:07:2a]
RSSI: -84 [da:2a:4c:77:11:5c]
RSSI: -79 [da:24:a8:c6:07:4a]
RSSI: -80 [da:24:a8:c6:07:4a]
RSSI: -82 [da:24:a8:d5:07:7a]
RSSI: -81 [da:24:a8:e4:07:9a]
RSSI: -80 [da:24:a8:e4:07:9a]
RSSI: -84 [da:24:a8:f1:07:ba]
RSSI: -88 [da:24:a9:00:07:ea]
RSSI: -88 [da:2a:4c:c2:12:4c]
RSSI: -86 [da:2a:4c:de:12:9c]
RSSI: -86 [da:2a:4c:eb:12:cc]
RSSI: -85 [da:2a:4c:f9:12:fc]
RSSI: -86 [da:2a:4c:f9:12:fc]
RSSI: -84 [da:24:a9:57:08:ea]
RSSI: -84 [da:24:a9:66:09:0a]
RSSI: -86 [da:24:a9:72:09:3a]
RSSI: -85 [da:2a:4d:30:13:9c]
RSSI: -86 [da:24:a9:72:09:3a]
RSSI: -84 [da:2a:4d:3c:13:cc]
RSSI: -90 [da:24:a9:91:09:8a]
RSSI: -83 [da:2a:4d:4a:13:fc]
RSSI: -87 [da:24:a9:91:09:8a]
RSSI: -87 [da:24:a9:9e:09:aa]
RSSI: -86 [da:24:a9:ad:09:da]
RSSI: -84 [da:2a:4d:65:14:4c]
RSSI: -87 [da:24:a9:ad:09:da]
RSSI: -85 [da:2a:4d:73:14:7c]
RSSI: -85 [da:24:a9:bc:0a:0a]
RSSI: -84 [da:24:a9:bc:0a:0a]
RSSI: -80 [da:2a:4d:81:14:9c]
RSSI: -79 [da:2a:4d:81:14:9c]
RSSI: -86 [da:24:a9:c9:0a:2a]
RSSI: -77 [da:2a:4d:8e:14:cc]
RSSI: -75 [da:2a:4d:9c:14:fc]
RSSI: -74 [da:2a:4d:9c:14:fc]
RSSI: -77 [da:2a:4d:9c:14:fc]
RSSI: -76 [da:2a:4d:aa:15:1c]
RSSI: -79 [da:2a:4d:b7:15:4c]
RSSI: -76 [da:2a:4d:b7:15:4c]
RSSI: -88 [da:24:aa:04:0a:da]
RSSI: -73 [da:2a:4d:c5:15:7c]
RSSI: -80 [da:2a:4d:c5:15:7c]
RSSI: -77 [da:2a:4d:d3:15:9c]
RSSI: -77 [da:2a:4d:d3:15:9c]
RSSI: -74 [da:2a:4d:e0:15:cc]
RSSI: -72 [da:2a:4d:e0:15:cc]
RSSI: -69 [da:2a:4d:ee:15:fc]
RSSI: -66 [da:2a:4d:fc:16:1c]
RSSI: -63 [da:2a:4e:09:16:4c]
RSSI: -93 [da:24:aa:5a:0b:da]
RSSI: -63 [da:2a:4e:17:16:7c]
RSSI: -61 [da:2a:4e:17:16:7c]
RSSI: -61 [da:2a:4e:25:00:2c]
RSSI: -62 [da:2a:4e:25:00:2c]
RSSI: -60 [da:2a:4e:32:00:5c]
RSSI: -59 [da:2a:4e:32:00:5c]
RSSI: -62 [da:2a:4e:40:00:7c]
RSSI: -60 [da:2a:4e:40:00:7c]
RSSI: -62 [da:2a:4e:4e:00:ac]
RSSI: -59 [da:2a:4e:5b:00:dc]
RSSI: -59 [da:2a:4e:69:00:fc]
RSSI: -61 [da:2a:4e:77:01:2c]
RSSI: -60 [da:2a:4e:77:01:2c]
RSSI: -60 [da:2a:4e:83:01:5c]
RSSI: -62 [da:2a:4e:83:01:5c]
RSSI: -61 [da:2a:4e:92:01:8c]
RSSI: -61 [da:2a:4e:92:01:8c]
RSSI: -64 [da:2a:4e:a0:01:ac]
RSSI: -62 [da:2a:4e:a0:01:ac]
RSSI: -67 [da:2a:4e:ac:01:dc]
RSSI: -66 [da:2a:4e:bb:02:0c]
RSSI: -71 [da:2a:4e:c9:02:3c]
RSSI: -76 [da:2a:4e:d5:02:5c]
RSSI: -80 [da:2a:4e:d5:02:5c]
RSSI: -88 [da:2a:4e:e4:02:8c]
RSSI: -81 [da:2a:4e:f2:02:bc]
RSSI: -73 [da:2a:4e:f2:02:bc]
RSSI: -81 [da:2a:4e:fe:02:dc]
RSSI: -74 [da:2a:4e:fe:02:dc]
RSSI: -77 [da:2a:4f:0d:03:0c]
RSSI: -68 [da:2a:4f:1b:03:3c]
RSSI: -68 [da:2a:4f:1b:03:3c]
RSSI: -72 [da:2a:4f:27:03:5c]
RSSI: -76 [da:2a:4f:36:03:8c]
RSSI: -75 [da:2a:4f:36:03:8c]
RSSI: -75 [da:2a:4f:44:03:bc]
RSSI: -76 [da:2a:4f:44:03:bc]
RSSI: -82 [da:2a:4f:50:03:dc]
RSSI: -80 [da:2a:4f:50:03:dc]
RSSI: -86 [da:2a:4f:5f:04:0c]
RSSI: -77 [da:2a:4f:6d:04:3c]
RSSI: -82 [da:2a:4f:6d:04:3c]
RSSI: -76 [da:2a:4f:79:04:5c]
RSSI: -97 [da:24:ab:d1:10:0a]
RSSI: -82 [da:2a:4f:96:04:bc]
RSSI: -79 [da:2a:4f:a2:04:dc]
RSSI: -83 [da:2a:4f:a2:04:dc]
RSSI: -78 [da:2a:4f:b1:05:0c]
RSSI: -79 [da:2a:4f:b1:05:0c]
RSSI: -86 [da:2a:4f:bf:05:3c]
RSSI: -85 [da:2a:4f:bf:05:3c]
RSSI: -77 [da:2a:4f:bf:05:3c]
RSSI: -84 [da:2a:4f:cc:05:5c]
RSSI: -84 [da:2a:4f:cc:05:5c]
RSSI: -77 [da:2a:4f:da:05:8c]
RSSI: -83 [da:2a:4f:e8:05:bc]
RSSI: -77 [da:2a:4f:e8:05:bc]
RSSI: -84 [da:2a:4f:f5:05:ec]
RSSI: -77 [da:2a:4f:f5:05:ec]
RSSI: -80 [da:2a:50:03:06:0c]
RSSI: -85 [da:2a:50:03:06:0c]
RSSI: -78 [da:2a:50:11:06:3c]
RSSI: -82 [da:2a:50:1e:06:6c]
RSSI: -78 [da:2a:50:1e:06:6c]
RSSI: -78 [da:2a:50:1e:06:6c]
RSSI: -81 [da:2a:50:2c:06:9c]
RSSI: -78 [da:2a:50:3a:06:bc]
RSSI: -82 [da:2a:50:3a:06:bc]
RSSI: -78 [da:2a:50:47:06:ec]
RSSI: -79 [da:2a:50:47:06:ec]
RSSI: -86 [da:2a:50:55:07:1c]
RSSI: -79 [da:2a:50:55:07:1c]
RSSI: -81 [da:2a:50:63:07:4c]
RSSI: -83 [da:2a:50:70:07:6c]
RSSI: -80 [da:2a:50:70:07:6c]
RSSI: -90 [da:2a:50:7e:07:9c]
RSSI: -86 [da:2a:50:7e:07:9c]
RSSI: -82 [da:2a:50:8d:07:cc]
RSSI: -96 [da:22:c8:d7:00:db]
RSSI: -87 [da:2a:50:99:07:ec]
RSSI: -83 [da:2a:50:a8:08:1c]
RSSI: -92 [da:24:ac:e6:13:2a]
RSSI: -91 [da:24:ad:02:13:7a]
RSSI: -93 [da:22:c9:02:01:5b]
RSSI: -91 [da:24:ad:02:13:7a]
RSSI: -87 [da:2a:50:c2:08:6c]
RSSI: -82 [da:2a:50:d1:08:9c]
RSSI: -90 [da:24:ad:11:13:aa]
RSSI: -82 [da:2a:50:d1:08:9c]
RSSI: -89 [da:2a:50:df:08:cc]
RSSI: -89 [da:22:c9:1e:01:ab]
RSSI: -87 [da:2a:50:df:08:cc]
RSSI: -89 [da:24:ad:2d:13:fa]
RSSI: -87 [da:22:c9:2d:01:db]
RSSI: -86 [da:22:c9:3c:01:fb]
RSSI: -88 [da:22:c9:3c:01:fb]
RSSI: -81 [da:2a:50:fa:09:1c]
RSSI: -86 [da:2a:51:08:09:4c]
RSSI: -86 [da:22:c9:49:02:2b]
RSSI: -82 [da:2a:51:23:09:9c]
RSSI: -85 [da:22:c9:68:02:7b]
RSSI: -86 [da:2a:51:23:09:9c]
RSSI: -87 [da:2a:51:31:09:cc]
RSSI: -85 [da:22:c9:74:02:ab]
RSSI: -85 [da:2a:51:31:09:cc]
RSSI: -84 [da:22:c9:74:02:ab]
RSSI: -85 [da:22:c9:84:02:db]
RSSI: -82 [da:2a:51:3e:09:fc]
RSSI: -84 [da:22:c9:84:02:db]
RSSI: -92 [da:24:ad:8b:14:fa]
RSSI: -92 [da:24:ad:8b:14:fa]
RSSI: -85 [da:22:c9:93:02:fb]
RSSI: -90 [da:24:ad:9a:15:2a]
RSSI: -83 [da:2a:51:5b:0a:5c]
RSSI: -89 [da:24:ad:9a:15:2a]
RSSI: -84 [da:22:c9:9f:03:2b]
RSSI: -84 [da:22:c9:9f:03:2b]
RSSI: -84 [da:22:c9:af:03:4b]
RSSI: -83 [da:22:c9:af:03:4b]
RSSI: -84 [da:22:c9:be:03:7b]
RSSI: -89 [da:2a:51:76:0a:ac]
RSSI: -85 [da:22:c9:be:03:7b]
RSSI: -87 [da:2a:51:84:0a:dc]
RSSI: -88 [da:24:ad:c6:15:aa]
RSSI: -90 [da:24:ad:d5:15:da]
RSSI: -87 [da:2a:51:90:0a:fc]
RSSI: -84 [da:2a:51:90:0a:fc]
RSSI: -84 [da:22:c9:da:03:db]
RSSI: -87 [da:22:c9:da:03:db]
RSSI: -85 [da:22:c9:e9:03:fb]
RSSI: -81 [da:2a:51:9f:0b:2c]
RSSI: -85 [da:22:c9:e9:03:fb]
RSSI: -83 [da:2a:51:ad:0b:5c]
RSSI: -88 [da:24:ad:f2:16:2a]
RSSI: -82 [da:2a:51:ad:0b:5c]
RSSI: -87 [da:24:ad:f2:16:2a]
RSSI: -89 [da:24:ae:01:16:5a]
RSSI: -81 [da:2a:51:ba:0b:7c]
RSSI: -87 [da:22:ca:05:04:5b]
RSSI: -77 [da:2a:51:c8:0b:ac]
RSSI: -88 [da:24:ae:0e:00:2a]
RSSI: -76 [da:2a:51:d6:0b:dc]
RSSI: -78 [da:2a:51:d6:0b:dc]
RSSI: -90 [da:27:b7:2b:09:0e]
RSSI: -91 [da:22:ca:21:04:ab]
RSSI: -77 [da:2a:51:e3:0c:0c]
RSSI: -78 [da:2a:51:f1:0c:3c]
RSSI: -88 [da:27:b7:45:09:5e]
RSSI: -87 [da:27:b7:45:09:5e]
RSSI: -81 [da:2a:52:00:0c:5c]
RSSI: -81 [da:2a:52:00:0c:5c]
RSSI: -85 [da:2a:52:0c:0c:8c]
RSSI: -90 [da:2a:52:1b:0c:bc]
RSSI: -84 [da:27:b7:78:09:fe]
RSSI: -87 [da:2a:52:36:0d:0c]
RSSI: -81 [da:2a:52:44:0d:3c]
RSSI: -82 [da:2a:52:52:0d:6c]
RSSI: -87 [da:2a:52:5f:0d:8c]
RSSI: -88 [da:27:b7:b9:0a:be]
RSSI: -84 [da:2a:52:6d:0d:bc]
RSSI: -81 [da:2a:52:7c:0d:ec]
RSSI: -83 [da:2a:52:88:0e:1c]
RSSI: -91 [da:24:ae:cc:02:4a]
RSSI: -76 [da:2a:52:97:0e:4c]
RSSI: -76 [da:2a:52:97:0e:4c]
RSSI: -87 [da:27:b7:ec:0b:4e]
RSSI: -76 [da:2a:52:a5:0e:6c]
RSSI: -74 [da:2a:52:a5:0e:6c]
RSSI: -73 [da:2a:52:b2:0e:9c]
RSSI: -73 [da:2a:52:b2:0e:9c]
RSSI: -74 [da:2a:52:c0:0e:cc]
RSSI: -72 [da:2a:52:c0:0e:cc]
RSSI: -72 [da:2a:52:c0:0e:cc]
RSSI: -89 [da:24:af:14:03:1a]
RSSI: -74 [da:2a:52:db:0f:1c]
RSSI: -87 [da:24:af:24:03:3a]
RSSI: -86 [da:24:af:24:03:3a]
RSSI: -74 [da:2a:52:ea:0f:4c]
RSSI: -75 [da:2a:52:ea:0f:4c]
RSSI: -85 [da:24:af:33:03:6a]
RSSI: -74 [da:2a:52:f8:0f:7c]
RSSI: -87 [da:24:af:40:03:8a]
RSSI: -72 [da:2a:52:f8:0f:7c]
RSSI: -84 [da:24:af:40:03:8a]
RSSI: -76 [da:2a:53:04:0f:ac]
RSSI: -73 [da:2a:53:04:0f:ac]
RSSI: -85 [da:24:af:50:03:ba]
RSSI: -74 [da:2a:53:13:0f:cc]
RSSI: -75 [da:2a:53:21:0f:fc]
RSSI: -74 [da:2a:53:21:0f:fc]
RSSI: -85 [da:24:af:6c:04:0a]
RSSI: -79 [da:2a:53:2e:10:2c]
RSSI: -79 [da:2a:53:2e:10:2c]
RSSI: -83 [da:24:af:7b:04:3a]
RSSI: -74 [da:2a:53:3c:10:5c]
RSSI: -82 [da:24:af:7b:04:3a]
RSSI: -81 [da:2a:53:3c:10:5c]
RSSI: -84 [da:24:af:8b:04:6a]
RSSI: -81 [da:24:af:8b:04:6a]
RSSI: -79 [da:2a:53:4b:10:8c]
RSSI: -78 [da:2a:53:57:10:ac]
RSSI: -81 [da:24:af:98:04:8a]
RSSI: -77 [da:2a:53:57:10:ac]
RSSI: -79 [da:24:af:98:04:8a]
RSSI: -78 [da:24:af:a7:04:ba]
RSSI: -79 [da:24:af:a7:04:ba]
RSSI: -78 [da:2a:53:66:10:dc]
RSSI: -78 [da:24:af:a7:04:ba]
RSSI: -78 [da:24:af:b7:04:da]
RSSI: -77 [da:2a:53:74:11:0c]
RSSI: -75 [da:2a:53:74:11:0c]
RSSI: -76 [da:24:af:b7:04:da]
RSSI: -75 [da:2a:53:74:11:0c]
RSSI: -77 [da:24:af:d3:05:2a]
RSSI: -86 [da:2a:53:8f:11:5c]
RSSI: -76 [da:24:af:d3:05:2a]
RSSI: -88 [da:2a:53:8f:11:5c]
RSSI: -77 [da:24:af:d3:05:2a]
RSSI: -83 [da:2a:53:9e:11:8c]
RSSI: -73 [da:24:af:e3:05:5a]
RSSI: -76 [da:24:af:e3:05:5a]
RSSI: -73 [da:24:af:ef:05:7a]
RSSI: -76 [da:24:af:ff:05:aa]
RSSI: -88 [da:2a:53:b9:11:dc]
RSSI: -76 [da:24:af:ff:05:aa]
RSSI: -76 [da:24:b0:0e:05:da]
RSSI: -76 [da:24:b0:0e:05:da]
RSSI: -86 [da:2a:53:e2:12:5c]
RSSI: -73 [da:24:b0:2b:06:2a]
RSSI: -73 [da:24:b0:2b:06:2a]
RSSI: -83 [da:2a:53:f1:12:8c]
RSSI: -75 [da:24:b0:3a:06:5a]
RSSI: -76 [da:24:b0:47:06:7a]
RSSI: -76 [da:24:b0:47:06:7a]
RSSI: -83 [da:2a:54:0c:12:dc]
RSSI: -84 [da:2a:54:0c:12:dc]
RSSI: -77 [da:24:b0:57:06:aa]
RSSI: -85 [da:2a:54:1a:13:0c]
RSSI: -77 [da:24:b0:57:06:aa]
RSSI: -83 [da:2a:54:1a:13:0c]
RSSI: -74 [da:24:b0:66:06:da]
RSSI: -82 [da:2a:54:27:13:2c]
RSSI: -77 [da:24:b0:73:06:fa]
RSSI: -82 [da:2a:54:35:13:5c]
RSSI: -77 [da:24:b0:73:06:fa]
RSSI: -82 [da:2a:54:35:13:5c]
RSSI: -78 [da:24:b0:83:07:2a]
RSSI: -77 [da:24:b0:83:07:2a]
RSSI: -84 [da:2a:54:44:13:8c]
RSSI: -81 [da:2a:54:50:13:bc]
RSSI: -85 [da:2a:54:50:13:bc]
RSSI: -79 [da:24:b0:9f:07:7a]
RSSI: -82 [da:2a:54:5f:13:ec]
RSSI: -82 [da:24:b0:9f:07:7a]
RSSI: -84 [da:2a:54:6d:14:0c]
RSSI: -84 [da:24:b0:ae:07:aa]
RSSI: -85 [da:24:b0:ae:07:aa]
RSSI: -84 [da:24:b0:be:07:da]
RSSI: -79 [da:2a:54:7a:14:3c]
RSSI: -88 [da:24:b0:be:07:da]
RSSI: -79 [da:2a:54:7a:14:3c]
RSSI: -76 [da:2a:54:88:14:6c]
RSSI: -78 [da:2a:54:88:14:6c]
RSSI: -82 [da:2a:54:97:14:9c]
RSSI: -79 [da:2a:54:a3:14:bc]
RSSI: -83 [da:2a:54:a3:14:bc]
RSSI: -86 [da:24:b0:ea:08:5a]
RSSI: -79 [da:2a:54:b2:14:ec]
RSSI: -79 [da:2a:54:c0:15:1c]
RSSI: -79 [da:2a:54:c0:15:1c]
RSSI: -86 [da:24:b1:06:08:aa]
RSSI: -85 [da:24:b1:06:08:aa]
RSSI: -85 [da:2a:54:cd:15:3c]
RSSI: -84 [da:24:b1:16:08:da]
RSSI: -72 [da:2a:54:db:15:6c]
RSSI: -84 [da:24:b1:23:08:fa]
RSSI: -69 [da:2a:54:ea:15:9c]
RSSI: -88 [da:24:b1:32:09:2a]
RSSI: -73 [da:2a:54:f6:15:bc]
RSSI: -65 [da:2a:54:f6:15:bc]
RSSI: -89 [da:24:b1:42:09:5a]
RSSI: -64 [da:2a:55:05:15:ec]
RSSI: -68 [da:2a:55:05:15:ec]
RSSI: -61 [da:2a:55:13:16:1c]
RSSI: -61 [da:2a:55:20:16:4c]
RSSI: -64 [da:2a:55:2f:16:6c]
RSSI: -64 [da:2a:55:2f:16:6c]
RSSI: -87 [da:24:b1:7b:09:fa]
RSSI: -88 [da:24:b1:7b:09:fa]
RSSI: -59 [da:2a:55:3d:00:0c]
RSSI: -92 [da:24:b1:8a:0a:2a]
RSSI: -59 [da:2a:55:4a:00:2c]
RSSI: -59 [da:2a:55:4a:00:2c]
RSSI: -89 [da:24:b1:9a:0a:5a]
RSSI: -60 [da:2a:55:58:00:5c]
RSSI: -60 [da:2a:55:58:00:5c]
RSSI: -90 [da:24:b1:a7:0a:7a]
RSSI: -59 [da:2a:55:67:00:8c]
RSSI: -88 [da:24:b1:a7:0a:7a]
RSSI: -63 [da:2a:55:67:00:8c]
RSSI: -59 [da:2a:55:73:00:ac]
RSSI: -89 [da:24:b1:b6:0a:aa]
RSSI: -60 [da:2a:55:73:00:ac]
RSSI: -60 [da:2a:55:82:00:dc]
RSSI: -60 [da:2a:55:82:00:dc]
RSSI: -66 [da:2a:55:90:01:0c]
RSSI: -62 [da:2a:55:9d:01:2c]
RSSI: -68 [da:2a:55:9d:01:2c]
RSSI: -63 [da:2a:55:ac:01:5c]
RSSI: -65 [da:2a:55:ac:01:5c]
RSSI: -67 [da:2a:55:ba:01:8c]
RSSI: -67 [da:2a:55:ba:01:8c]
RSSI: -76 [da:2a:55:c7:01:bc]
RSSI: -75 [da:2a:55:d5:01:ec]
RSSI: -78 [da:2a:55:e4:02:0c]
RSSI: -80 [da:2a:55:e4:02:0c]
RSSI: -78 [da:2a:55:f0:02:3c]
RSSI: -76 [da:2a:55:f0:02:3c]
RSSI: -73 [da:2a:55:ff:02:6c]
RSSI: -75 [da:2a:55:ff:02:6c]
RSSI: -72 [da:2a:56:0d:02:9c]
RSSI: -71 [da:2a:56:0d:02:9c]
RSSI: -70 [da:2a:56:1a:02:bc]
RSSI: -77 [da:2a:56:29:02:ec]
RSSI: -90 [da:24:b2:67:0c:aa]
RSSI: -71 [da:2a:56:29:02:ec]
RSSI: -73 [da:2a:56:37:03:1c]
RSSI: -73 [da:2a:56:44:03:3c]
RSSI: -74 [da:2a:56:44:03:3c]
RSSI: -76 [da:2a:56:44:03:3c]
RSSI: -77 [da:2a:56:44:03:3c]
RSSI: -78 [da:2a:56:52:03:6c]
RSSI: -79 [da:2a:56:61:03:9c]
RSSI: -79 [da:2a:56:61:03:9c]
RSSI: -77 [da:2a:56:6d:03:bc]
RSSI: -74 [da:2a:56:7c:03:ec]
RSSI: -75 [da:2a:56:7c:03:ec]
RSSI: -79 [da:2a:56:8b:04:1c]
RSSI: -73 [da:2a:56:8b:04:1c]
RSSI: -74 [da:2a:56:97:04:3c]
RSSI: -73 [da:2a:56:a6:04:6c]
RSSI: -74 [da:2a:56:a6:04:6c]
RSSI: -74 [da:2a:56:b4:04:9c]
RSSI: -75 [da:2a:56:c1:04:cc]
RSSI: -71 [da:2a:56:d0:04:ec]
RSSI: -71 [da:2a:56:d0:04:ec]
RSSI: -74 [da:2a:56:de:05:1c]
RSSI: -71 [da:2a:56:de:05:1c]
RSSI: -75 [da:2a:56:eb:05:4c]
RSSI: -75 [da:2a:56:eb:05:4c]
RSSI: -75 [da:2a:56:f9:05:7c]
RSSI: -75 [da:2a:57:08:05:9c]
RSSI: -72 [da:2a:57:08:05:9c]
RSSI: -74 [da:2a:57:15:05:cc]
RSSI: -71 [da:2a:57:15:05:cc]
RSSI: -73 [da:2a:57:23:05:fc]
RSSI: -72 [da:2a:57:23:05:fc]
RSSI: -73 [da:2a:57:32:06:2c]
RSSI: -75 [da:2a:57:32:06:2c]
RSSI: -74 [da:2a:57:3e:06:4c]
RSSI: -77 [da:2a:57:3e:06:4c]
RSSI: -78 [da:2a:57:4d:06:7c]
RSSI: -75 [da:2a:57:5c:06:ac]
RSSI: -75 [da:2a:57:77:06:fc]
RSSI: -75 [da:2a:57:77:06:fc]
RSSI: -86 [da:2a:57:85:07:2c]
RSSI: -77 [da:2a:57:85:07:2c]
RSSI: -87 [da:2a:57:92:07:5c]
RSSI: -78 [da:2a:57:92:07:5c]
RSSI: -81 [da:2a:57:a1:07:7c]
RSSI: -79 [da:2a:57:af:07:ac]
RSSI: -75 [da:2a:57:bc:07:dc]
RSSI: -77 [da:2a:57:bc:07:dc]
RSSI: -81 [da:2a:57:cb:08:0c]
RSSI: -77 [da:2a:57:cb:08:0c]
RSSI: -83 [da:2a:57:d9:08:3c]
RSSI: -82 [da:2a:57:d9:08:3c]
RSSI: -81 [da:2a:57:d9:08:3c]
RSSI: -74 [da:2a:57:f4:08:8c]
RSSI: -73 [da:2a:58:03:08:bc]
RSSI: -77 [da:2a:58:10:08:ec]
RSSI: -76 [da:2a:58:10:08:ec]
RSSI: -75 [da:2a:58:1e:09:1c]
RSSI: -75 [da:2a:58:1e:09:1c]
RSSI: -81 [da:2a:58:2d:09:4c]
RSSI: -82 [da:2a:58:2d:09:4c]
RSSI: -77 [da:2a:58:48:09:9c]
RSSI: -80 [da:2a:58:57:09:cc]
RSSI: -80 [da:2a:58:57:09:cc]
RSSI: -84 [da:2a:58:63:09:fc]
RSSI: -80 [da:2a:58:63:09:fc]
RSSI: -82 [da:2a:58:72:0a:1c]
RSSI: -92 [da:22:d0:cb:02:0b]
RSSI: -82 [da:2a:58:8d:0a:7c]
RSSI: -76 [da:2a:58:9c:0a:ac]
RSSI: -76 [da:2a:58:9c:0a:ac]
RSSI: -90 [da:22:d0:ea:02:5b]
RSSI: -77 [da:2a:58:ab:0a:dc]
RSSI: -71 [da:2a:58:ab:0a:dc]
RSSI: -78 [da:2a:58:b7:0a:fc]
RSSI: -75 [da:2a:58:b7:0a:fc]
RSSI: -88 [da:22:d1:06:02:bb]
RSSI: -77 [da:2a:58:c6:0b:2c]
RSSI: -89 [da:22:d1:16:02:db]
RSSI: -73 [da:2a:58:d5:0b:5c]
RSSI: -88 [da:22:d1:16:02:db]
RSSI: -68 [da:2a:58:d5:0b:5c]
RSSI: -70 [da:2a:58:e1:0b:8c]
RSSI: -75 [da:2a:58:f0:0b:bc]
RSSI: -89 [da:22:d1:32:03:3b]
RSSI: -75 [da:2a:58:f0:0b:bc]
RSSI: -71 [da:2a:58:ff:0b:ec]
RSSI: -74 [da:2a:58:ff:0b:ec]
RSSI: -90 [da:22:d1:4e:03:8b]
RSSI: -79 [da:2a:59:0b:0c:0c]
RSSI: -89 [da:22:d1:4e:03:8b]
RSSI: -71 [da:2a:59:0b:0c:0c]
RSSI: -89 [da:24:b5:57:15:0a]
RSSI: -81 [da:2a:59:1a:0c:3c]
RSSI: -76 [da:2a:59:29:0c:6c]
RSSI: -90 [da:24:b5:73:15:5a]
RSSI: -73 [da:2a:59:35:0c:8c]
RSSI: -90 [da:24:b5:73:15:5a]
RSSI: -93 [da:22:d1:7a:04:0b]
RSSI: -74 [da:2a:59:44:0c:bc]
RSSI: -77 [da:2a:59:53:0c:ec]
RSSI: -77 [da:2a:59:5f:0d:1c]
RSSI: -88 [da:24:b5:af:16:0a]
RSSI: -79 [da:2a:59:6e:0d:4c]
RSSI: -88 [da:24:b5:bf:00:2a]
RSSI: -78 [da:2a:59:7d:0d:7c]
RSSI: -95 [da:27:be:df:09:0e]
RSSI: -73 [da:2a:59:98:0d:cc]
RSSI: -75 [da:2a:59:98:0d:cc]
RSSI: -73 [da:2a:59:a7:0d:fc]
RSSI: -70 [da:2a:59:a7:0d:fc]
RSSI: -71 [da:2a:59:b3:0e:1c]
RSSI: -72 [da:2a:59:c2:0e:4c]
RSSI: -89 [da:27:bf:13:09:9e]
RSSI: -72 [da:2a:59:c2:0e:4c]
RSSI: -70 [da:2a:59:d1:0e:7c]
RSSI: -73 [da:2a:59:dd:0e:ac]
RSSI: -71 [da:2a:59:dd:0e:ac]
RSSI: -83 [da:27:bf:3a:0a:0e]
RSSI: -73 [da:2a:59:ec:0e:cc]
RSSI: -75 [da:2a:59:fb:0e:fc]
RSSI: -70 [da:2a:5a:08:0f:2c]
RSSI: -71 [da:2a:5a:16:0f:5c]
RSSI: -70 [da:2a:5a:16:0f:5c]
RSSI: -72 [da:2a:5a:25:0f:8c]
RSSI: -81 [da:27:bf:77:0a:be]
RSSI: -73 [da:2a:5a:25:0f:8c]
RSSI: -85 [da:27:bf:77:0a:be]
RSSI: -72 [da:2a:5a:32:0f:ac]
RSSI: -84 [da:27:bf:84:0a:ee]
RSSI: -72 [da:2a:5a:32:0f:ac]
RSSI: -91 [da:24:b6:7e:02:4a]
RSSI: -89 [da:24:b6:8e:02:7a]
RSSI: -76 [da:2a:5a:4f:10:0c]
RSSI: -88 [da:24:b6:9e:02:aa]
RSSI: -83 [da:27:bf:ac:0b:5e]
RSSI: -74 [da:2a:5a:61:10:4c]
RSSI: -74 [da:2a:5a:61:10:4c]
RSSI: -75 [da:2a:5a:71:10:7c]
RSSI: -75 [da:2a:5a:71:10:7c]
RSSI: -75 [da:2a:5a:80:10:ac]
RSSI: -74 [da:2a:5a:80:10:ac]
RSSI: -85 [da:24:b6:ca:03:2a]
RSSI: -78 [da:2a:5a:8d:10:cc]
RSSI: -78 [da:2a:5a:8d:10:cc]
RSSI: -83 [da:2a:5a:9c:10:fc]
RSSI: -83 [da:2a:5a:9c:10:fc]
RSSI: -86 [da:24:b6:e7:03:7a]
RSSI: -81 [da:2a:5a:aa:11:2c]
RSSI: -84 [da:24:b6:e7:03:7a]
RSSI: -82 [da:2a:5a:aa:11:2c]
RSSI: -80 [da:2a:5a:aa:11:2c]
RSSI: -85 [da:24:b6:f7:03:aa]
RSSI: -86 [da:24:b6:f7:03:aa]
RSSI: -82 [da:2a:5a:b7:11:5c]
RSSI: -81 [da:2a:5a:b7:11:5c]
RSSI: -84 [da:2a:5a:c6:11:8c]
RSSI: -84 [da:24:b7:13:03:fa]
RSSI: -85 [da:24:b7:23:04:2a]
RSSI: -88 [da:2a:5a:e1:11:dc]
RSSI: -84 [da:24:b7:30:04:5a]
RSSI: -81 [da:2a:5a:f0:12:0c]
RSSI: -81 [da:24:b7:40:04:7a]
RSSI: -82 [da:2a:5a:ff:12:3c]
RSSI: -81 [da:24:b7:40:04:7a]
RSSI: -83 [da:2a:5a:ff:12:3c]
RSSI: -81 [da:24:b7:40:04:7a]
RSSI: -79 [da:24:b7:50:04:aa]
RSSI: -82 [da:2a:5b:0b:12:5c]
RSSI: -80 [da:24:b7:50:04:aa]
RSSI: -77 [da:24:b7:5c:04:ca]
RSSI: -80 [da:2a:5b:1a:12:8c]
RSSI: -79 [da:2a:5b:29:12:bc]
RSSI: -76 [da:24:b7:6c:04:fa]
RSSI: -80 [da:2a:5b:35:12:ec]
RSSI: -77 [da:24:b7:7c:05:2a]
RSSI: -78 [da:2a:5b:35:12:ec]
RSSI: -77 [da:24:b7:7c:05:2a]
RSSI: -76 [da:2a:5b:44:13:1c]
RSSI: -76 [da:24:b7:89:05:4a]
RSSI: -81 [da:2a:5b:44:13:1c]
RSSI: -82 [da:2a:5b:53:13:4c]
RSSI: -74 [da:24:b7:99:05:7a]
RSSI: -82 [da:2a:5b:60:13:6c]
RSSI: -82 [da:2a:5b:60:13:6c]
RSSI: -82 [da:2a:5b:60:13:6c]
RSSI: -73 [da:24:b7:a9:05:aa]
RSSI: -78 [da:2a:5b:6f:13:9c]
RSSI: -76 [da:24:b7:b5:05:da]
RSSI: -78 [da:2a:5b:6f:13:9c]
RSSI: -75 [da:24:b7:b5:05:da]
RSSI: -78 [da:2a:5b:7d:13:cc]
RSSI: -78 [da:2a:5b:7d:13:cc]
RSSI: -75 [da:24:b7:c5:05:fa]
RSSI: -74 [da:2a:5b:8a:13:ec]
RSSI: -75 [da:24:b7:c5:05:fa]
RSSI: -75 [da:24:b7:d5:06:2a]
RSSI: -72 [da:2a:5b:99:14:1c]
RSSI: -72 [da:2a:5b:99:14:1c]
RSSI: -73 [da:24:b7:e2:06:5a]
RSSI: -73 [da:2a:5b:a8:14:4c]
RSSI: -74 [da:24:b7:f2:06:7a]
RSSI: -74 [da:24:b7:f2:06:7a]
RSSI: -76 [da:2a:5b:b4:14:7c]
RSSI: -75 [da:24:b8:02:06:aa]
RSSI: -77 [da:2a:5b:c3:14:ac]
RSSI: -75 [da:24:b8:02:06:aa]
RSSI: -77 [da:2a:5b:c3:14:ac]
RSSI: -76 [da:24:b8:0f:06:da]
RSSI: -85 [da:2a:5b:d2:14:cc]
RSSI: -75 [da:24:b8:1f:06:fa]
RSSI: -77 [da:24:b8:2f:07:2a]
RSSI: -74 [da:2a:5b:ed:15:2c]
RSSI: -77 [da:24:b8:3b:07:5a]
RSSI: -64 [da:2a:5b:fc:15:5c]
RSSI: -78 [da:24:b8:3b:07:5a]
RSSI: -81 [da:24:b8:4b:07:7a]
RSSI: -61 [da:2a:5c:09:15:7c]
RSSI: -80 [da:24:b8:4b:07:7a]
RSSI: -61 [da:2a:5c:09:15:7c]
RSSI: -81 [da:24:b8:5b:07:aa]
RSSI: -60 [da:2a:5c:18:15:ac]
RSSI: -59 [da:2a:5c:18:15:ac]
RSSI: -58 [da:2a:5c:26:15:dc]
RSSI: -84 [da:24:b8:68:07:da]
RSSI: -85 [da:24:b8:68:07:da]
RSSI: -60 [da:2a:5c:26:15:dc]
RSSI: -87 [da:24:b8:68:07:da]
RSSI: -57 [da:2a:5c:33:15:fc]
RSSI: -88 [da:24:b8:78:08:0a]
RSSI: -56 [da:2a:5c:33:15:fc]
RSSI: -58 [da:2a:5c:51:16:5c]
RSSI: -57 [da:2a:5c:51:16:5c]
RSSI: -88 [da:24:b8:95:08:5a]
RSSI: -55 [da:2a:5c:5d:00:0c]
RSSI: -84 [da:24:b8:a5:08:8a]
RSSI: -58 [da:2a:5c:5d:00:0c]
RSSI: -87 [da:24:b8:a5:08:8a]
RSSI: -57 [da:2a:5c:6c:00:2c]
RSSI: -88 [da:24:b8:b5:08:aa]
RSSI: -56 [da:2a:5c:6c:00:2c]
RSSI: -57 [da:2a:5c:7b:00:5c]
RSSI: -84 [da:24:b8:c1:08:da]
RSSI: -87 [da:24:b8:c1:08:da]
RSSI: -58 [da:2a:5c:88:00:8c]
RSSI: -58 [da:2a:5c:88:00:8c]
RSSI: -86 [da:24:b8:d1:09:0a]
RSSI: -88 [da:24:b8:d1:09:0a]
RSSI: -86 [da:24:b8:e1:09:2a]
RSSI: -60 [da:2a:5c:97:00:bc]
RSSI: -86 [da:24:b8:e1:09:2a]
RSSI: -59 [da:2a:5c:a6:00:ec]
RSSI: -59 [da:2a:5c:a6:00:ec]
RSSI: -59 [da:2a:5c:a6:00:ec]
RSSI: -88 [da:24:b8:ee:09:5a]
RSSI: -61 [da:2a:5c:b2:01:0c]
RSSI: -88 [da:24:b8:fe:09:8a]
RSSI: -65 [da:2a:5c:c1:01:3c]
RSSI: -85 [da:24:b9:0e:09:aa]
RSSI: -88 [da:24:b9:0e:09:aa]
RSSI: -65 [da:2a:5c:d0:01:6c]
RSSI: -70 [da:2a:5c:dd:01:8c]
RSSI: -73 [da:2a:5c:dd:01:8c]
RSSI: -85 [da:24:b9:2b:0a:0a]
RSSI: -85 [da:24:b9:2b:0a:0a]
RSSI: -88 [da:24:b9:3b:0a:2a]
RSSI: -79 [da:2a:5c:fa:01:ec]
RSSI: -72 [da:2a:5c:fa:01:ec]
RSSI: -89 [da:24:b9:47:0a:5a]
RSSI: -70 [da:2a:5d:07:02:1c]
RSSI: -68 [da:2a:5d:16:02:4c]
RSSI: -67 [da:2a:5d:16:02:4c]
RSSI: -67 [da:2a:5d:25:02:7c]
RSSI: -86 [da:24:b9:68:0a:ba]
RSSI: -66 [da:2a:5d:31:02:9c]
RSSI: -69 [da:2a:5d:31:02:9c]
RSSI: -68 [da:2a:5d:40:02:cc]
RSSI: -72 [da:2a:5d:4f:02:fc]
RSSI: -76 [da:2a:5d:5c:03:1c]
RSSI: -76 [da:2a:5d:5c:03:1c]
RSSI: -76 [da:2a:5d:6b:03:4c]
RSSI: -74 [da:2a:5d:6b:03:4c]
RSSI: -75 [da:2a:5d:7a:03:7c]
RSSI: -73 [da:2a:5d:7a:03:7c]
RSSI: -72 [da:2a:5d:86:03:ac]
RSSI: -73 [da:2a:5d:95:03:dc]
RSSI: -72 [da:2a:5d:95:03:dc]
RSSI: -72 [da:2a:5d:a4:04:0c]
RSSI: -73 [da:2a:5d:b1:04:2c]
RSSI: -73 [da:2a:5d:b1:04:2c]
RSSI: -74 [da:2a:5d:c0:04:5c]
RSSI: -73 [da:2a:5d:ce:04:8c]
RSSI: -71 [da:2a:5d:db:04:ac]
RSSI: -73 [da:2a:5d:ea:04:dc]
RSSI: -72 [da:2a:5d:ea:04:dc]
RSSI: -71 [da:2a:5d:ea:04:dc]
RSSI: -73 [da:2a:5d:f9:05:0c]
RSSI: -76 [da:2a:5d:f9:05:0c]
RSSI: -73 [da:2a:5e:06:05:3c]
RSSI: -91 [da:24:ba:54:0d:6a]
RSSI: -74 [da:2a:5e:15:05:6c]
RSSI: -76 [da:2a:5e:23:05:9c]
RSSI: -74 [da:2a:5e:23:05:9c]
RSSI: -72 [da:2a:5e:30:05:bc]
RSSI: -77 [da:2a:5e:30:05:bc]
RSSI: -74 [da:2a:5e:3f:05:ec]
RSSI: -81 [da:2a:5e:4e:06:1c]
RSSI: -89 [da:24:ba:a1:0e:3a]
RSSI: -74 [da:2a:5e:6a:06:6c]
RSSI: -82 [da:2a:5e:6a:06:6c]
RSSI: -81 [da:2a:5e:79:06:9c]
RSSI: -74 [da:2a:5e:79:06:9c]
RSSI: -79 [da:2a:5e:85:06:cc]
RSSI: -81 [da:2a:5e:85:06:cc]
RSSI: -82 [da:2a:5e:94:06:fc]
RSSI: -84 [da:2a:5e:94:06:fc]
RSSI: -81 [da:2a:5e:a3:07:2c]
RSSI: -86 [da:2a:5e:b0:07:4c]
RSSI: -77 [da:2a:5e:b0:07:4c]
RSSI: -90 [da:24:ba:fb:0f:3a]
RSSI: -80 [da:2a:5e:bf:07:7c]
RSSI: -81 [da:2a:5e:bf:07:7c]
RSSI: -93 [da:24:bb:08:0f:6a]
RSSI: -79 [da:2a:5e:ce:07:ac]
RSSI: -88 [da:2a:5e:da:07:dc]
RSSI: -82 [da:2a:5e:e9:08:0c]
RSSI: -79 [da:2a:5e:f8:08:3c]
RSSI: -93 [da:24:bb:45:10:1a]
RSSI: -80 [da:2a:5f:05:08:5c]
RSSI: -80 [da:2a:5f:14:08:8c]
RSSI: -79 [da:2a:5f:23:08:bc]
RSSI: -79 [da:2a:5f:2f:08:ec]
RSSI: -85 [da:2a:5f:2f:08:ec]
RSSI: -80 [da:2a:5f:3f:09:1c]
RSSI: -83 [da:2a:5f:4d:09:3c]
RSSI: -81 [da:2a:5f:5a:09:6c]
RSSI: -89 [da:2a:5f:69:09:9c]
RSSI: -84 [da:2a:5f:78:09:cc]
RSSI: -94 [da:24:bb:cc:11:9a]
RSSI: -80 [da:2a:5f:85:09:ec]
RSSI: -82 [da:2a:5f:a3:0a:4c]
RSSI: -81 [da:2a:5f:a3:0a:4c]
RSSI: -76 [da:2a:5f:af:0a:7c]
RSSI: -77 [da:2a:5f:af:0a:7c]
RSSI: -75 [da:2a:5f:be:0a:ac]
RSSI: -74 [da:2a:5f:be:0a:ac]
RSSI: -76 [da:2a:5f:cd:0a:dc]
RSSI: -71 [da:2a:5f:cd:0a:dc]
RSSI: -77 [da:2a:5f:da:0a:fc]
RSSI: -93 [da:22:d8:1d:01:3b]
RSSI: -91 [da:24:bc:1e:12:8a]
RSSI: -76 [da:2a:5f:da:0a:fc]
RSSI: -70 [da:2a:5f:da:0a:fc]
RSSI: -93 [da:24:bc:1e:12:8a]
RSSI: -72 [da:2a:5f:e9:0b:2c]
RSSI: -75 [da:2a:5f:e9:0b:2c]
RSSI: -69 [da:2a:5f:f8:0b:5c]
RSSI: -72 [da:2a:5f:f8:0b:5c]
RSSI: -73 [da:2a:60:05:0b:8c]
RSSI: -70 [da:2a:60:05:0b:8c]
RSSI: -73 [da:2a:60:14:0b:bc]
RSSI: -73 [da:2a:60:14:0b:bc]
RSSI: -73 [da:2a:60:14:0b:bc]
RSSI: -74 [da:2a:60:23:0b:ec]
RSSI: -89 [da:22:d8:66:02:0b]
RSSI: -76 [da:2a:60:2f:0c:0c]
RSSI: -72 [da:2a:60:2f:0c:0c]
RSSI: -83 [da:2a:60:3f:0c:4c]
RSSI: -77 [da:2a:60:3f:0c:4c]
RSSI: -86 [da:2a:60:4e:0c:6c]
RSSI: -92 [da:24:bc:9e:13:fa]
RSSI: -74 [da:2a:60:5a:0c:9c]
RSSI: -84 [da:2a:60:69:0c:cc]
RSSI: -86 [da:22:d8:b2:02:fb]
RSSI: -76 [da:2a:60:69:0c:cc]
RSSI: -86 [da:22:d8:b2:02:fb]
RSSI: -82 [da:2a:60:85:0d:2c]
RSSI: -87 [da:22:d8:cf:03:4b]
RSSI: -76 [da:2a:60:94:0d:5c]
RSSI: -87 [da:22:d8:df:03:7b]
RSSI: -87 [da:22:d8:df:03:7b]
RSSI: -71 [da:2a:60:a3:0d:8c]
RSSI: -86 [da:22:d8:ec:03:9b]
RSSI: -85 [da:22:d8:ec:03:9b]
RSSI: -73 [da:2a:60:b0:0d:ac]
RSSI: -73 [da:2a:60:b0:0d:ac]
RSSI: -87 [da:22:d8:fc:03:cb]
RSSI: -90 [da:24:bd:04:15:1a]
RSSI: -73 [da:2a:60:bf:0d:dc]
RSSI: -88 [da:22:d9:0c:03:fb]
RSSI: -70 [da:2a:60:ce:0e:0c]
RSSI: -70 [da:2a:60:ce:0e:0c]
RSSI: -88 [da:24:bd:10:15:3a]
RSSI: -70 [da:2a:60:ce:0e:0c]
RSSI: -70 [da:2a:60:da:0e:3c]
RSSI: -88 [da:24:bd:2a:15:8a]
RSSI: -74 [da:2a:60:ea:0e:6c]
RSSI: -75 [da:2a:60:ea:0e:6c]
RSSI: -72 [da:2a:60:ea:0e:6c]
RSSI: -73 [da:2a:60:f9:0e:9c]
RSSI: -75 [da:2a:60:f9:0e:9c]
RSSI: -90 [da:24:bd:43:15:ca]
RSSI: -75 [da:2a:61:05:0e:bc]
RSSI: -75 [da:2a:61:05:0e:bc]
RSSI: -70 [da:2a:61:14:0e:ec]
RSSI: -73 [da:2a:61:23:0f:1c]
RSSI: -88 [da:24:bd:69:16:3a]
RSSI: -70 [da:2a:61:23:0f:1c]
RSSI: -88 [da:24:bd:69:16:3a]
RSSI: -73 [da:2a:61:30:0f:4c]
RSSI: -89 [da:24:bd:76:00:2a]
RSSI: -75 [da:2a:61:30:0f:4c]
RSSI: -73 [da:2a:61:3f:0f:7c]
RSSI: -78 [da:2a:61:4e:0f:ac]
RSSI: -75 [da:2a:61:4e:0f:ac]
RSSI: -78 [da:2a:61:5b:0f:cc]
RSSI: -75 [da:2a:61:5b:0f:cc]
RSSI: -76 [da:2a:61:6a:0f:fc]
RSSI: -77 [da:2a:61:6a:0f:fc]
RSSI: -74 [da:2a:61:79:10:2c]
RSSI: -76 [da:2a:61:79:10:2c]
RSSI: -89 [da:27:c6:d1:09:ae]
RSSI: -77 [da:2a:61:86:10:5c]
RSSI: -75 [da:2a:61:86:10:5c]
RSSI: -84 [da:27:c6:de:09:ce]
RSSI: -86 [da:27:c6:de:09:ce]
RSSI: -80 [da:2a:61:95:10:8c]
RSSI: -80 [da:2a:61:95:10:8c]
RSSI: -79 [da:2a:61:a4:10:bc]
RSSI: -79 [da:2a:61:a4:10:bc]
RSSI: -82 [da:2a:61:a4:10:bc]
RSSI: -84 [da:2a:61:b0:10:dc]
RSSI: -83 [da:2a:61:b0:10:dc]
RSSI: -83 [da:2a:61:c0:11:0c]
RSSI: -82 [da:2a:61:c0:11:0c]
RSSI: -82 [da:2a:61:cf:11:3c]
RSSI: -82 [da:2a:61:db:11:5c]
RSSI: -89 [da:2a:61:fa:11:bc]
RSSI: -92 [da:27:c7:4a:0b:0e]
RSSI: -93 [da:24:be:4f:02:8a]
RSSI: -88 [da:24:be:5b:02:aa]
RSSI: -83 [da:2a:62:15:12:1c]
RSSI: -83 [da:2a:62:24:12:4c]
RSSI: -95 [da:27:c7:72:0b:7e]
RSSI: -88 [da:24:be:68:02:da]
RSSI: -83 [da:2a:62:24:12:4c]
RSSI: -87 [da:24:be:75:02:fa]
RSSI: -84 [da:2a:62:31:12:6c]
RSSI: -87 [da:24:be:75:02:fa]
RSSI: -79 [da:2a:62:31:12:6c]
RSSI: -84 [da:24:be:81:03:1a]
RSSI: -84 [da:24:be:81:03:1a]
RSSI: -81 [da:2a:62:40:12:9c]
RSSI: -85 [da:24:be:8e:03:4a]
RSSI: -79 [da:2a:62:5c:12:fc]
RSSI: -84 [da:24:be:a8:03:8a]
RSSI: -82 [da:2a:62:6b:13:2c]
RSSI: -78 [da:2a:62:6b:13:2c]
RSSI: -78 [da:2a:62:7a:13:5c]
RSSI: -93 [da:27:c7:cf:0c:9e]
RSSI: -84 [da:24:be:c1:03:da]
RSSI: -84 [da:24:be:ce:03:fa]
RSSI: -77 [da:2a:62:87:13:7c]
RSSI: -83 [da:24:be:ce:03:fa]
RSSI: -74 [da:2a:62:96:13:ac]
RSSI: -84 [da:24:be:db:04:1a]
RSSI: -84 [da:24:be:e8:04:3a]
RSSI: -75 [da:2a:62:a5:13:dc]
RSSI: -82 [da:24:be:e8:04:3a]
RSSI: -74 [da:2a:62:a5:13:dc]
RSSI: -80 [da:24:be:f4:04:6a]
RSSI: -80 [da:24:be:f4:04:6a]
RSSI: -76 [da:2a:62:b2:13:fc]
RSSI: -79 [da:24:bf:01:04:8a]
RSSI: -81 [da:2a:62:c1:14:2c]
RSSI: -81 [da:2a:62:c1:14:2c]
RSSI: -79 [da:24:bf:0e:04:aa]
RSSI: -78 [da:24:bf:0e:04:aa]
RSSI: -76 [da:24:bf:1b:04:da]
RSSI: -83 [da:2a:62:dd:14:8c]
RSSI: -81 [da:2a:62:dd:14:8c]
RSSI: -76 [da:24:bf:28:04:fa]
RSSI: -79 [da:2a:62:dd:14:8c]
RSSI: -76 [da:24:bf:34:05:1a]
RSSI: -73 [da:2a:62:ec:14:bc]
RSSI: -75 [da:24:bf:34:05:1a]
RSSI: -76 [da:2a:62:fb:14:ec]
RSSI: -74 [da:24:bf:41:05:4a]
RSSI: -75 [da:24:bf:4e:05:6a]
RSSI: -67 [da:2a:63:08:15:0c]
RSSI: -75 [da:24:bf:5b:05:8a]
RSSI: -66 [da:2a:63:17:15:3c]
RSSI: -74 [da:24:bf:5b:05:8a]
RSSI: -65 [da:2a:63:17:15:3c]
RSSI: -72 [da:24:bf:67:05:aa]
RSSI: -63 [da:2a:63:26:15:6c]
RSSI: -73 [da:24:bf:74:05:da]
RSSI: -66 [da:2a:63:33:15:9c]
RSSI: -74 [da:24:bf:81:05:fa]
RSSI: -61 [da:2a:63:42:15:cc]
RSSI: -61 [da:2a:63:42:15:cc]
RSSI: -72 [da:24:bf:8e:06:1a]
RSSI: -61 [da:2a:63:51:15:fc]
RSSI: -60 [da:2a:63:5e:16:1c]
RSSI: -74 [da:24:bf:a7:06:6a]
RSSI: -63 [da:2a:63:6d:16:4c]
RSSI: -73 [da:24:bf:b4:06:8a]
RSSI: -75 [da:24:bf:c1:06:ba]
RSSI: -75 [da:24:bf:ce:06:da]
RSSI: -75 [da:24:bf:ce:06:da]
RSSI: -59 [da:2a:63:89:00:2c]
RSSI: -74 [da:24:bf:da:06:fa]
RSSI: -60 [da:2a:63:98:00:5c]
RSSI: -77 [da:24:bf:e7:07:2a]
RSSI: -60 [da:2a:63:a7:00:8c]
RSSI: -78 [da:24:bf:f4:07:4a]
RSSI: -78 [da:24:bf:f4:07:4a]
RSSI: -61 [da:2a:63:b4:00:ac]
RSSI: -62 [da:2a:63:c3:00:dc]
RSSI: -62 [da:2a:63:c3:00:dc]
RSSI: -62 [da:2a:63:c3:00:dc]
RSSI: -81 [da:24:c0:0e:07:8a]
RSSI: -62 [da:2a:63:c3:00:dc]
RSSI: -83 [da:24:c0:1b:07:ba]
RSSI: -65 [da:2a:63:d2:01:0c]
RSSI: -87 [da:24:c0:1b:07:ba]
RSSI: -68 [da:2a:63:df:01:3c]
RSSI: -88 [da:24:c0:27:07:da]
RSSI: -70 [da:2a:63:ee:01:6c]
RSSI: -89 [da:24:c0:41:08:2a]
RSSI: -76 [da:2a:63:fd:01:9c]
RSSI: -83 [da:2a:63:fd:01:9c]
RSSI: -86 [da:24:c0:4e:08:4a]
RSSI: -87 [da:24:c0:5b:08:6a]
RSSI: -95 [da:27:c9:63:11:2e]
RSSI: -70 [da:2a:64:19:01:ec]
RSSI: -85 [da:24:c0:68:08:9a]
RSSI: -68 [da:2a:64:28:02:1c]
RSSI: -68 [da:2a:64:28:02:1c]
RSSI: -83 [da:24:c0:74:08:ba]
RSSI: -69 [da:2a:64:35:02:4c]
RSSI: -67 [da:2a:64:35:02:4c]
RSSI: -69 [da:2a:64:44:02:7c]
RSSI: -68 [da:2a:64:54:02:ac]
RSSI: -70 [da:2a:64:54:02:ac]
RSSI: -88 [da:24:c0:9b:09:2a]
RSSI: -71 [da:2a:64:60:02:cc]
RSSI: -89 [da:24:c0:a8:09:4a]
RSSI: -88 [da:24:c0:b5:09:6a]
RSSI: -75 [da:2a:64:6f:02:fc]
RSSI: -78 [da:2a:64:6f:02:fc]
RSSI: -87 [da:24:c0:c1:09:9a]
RSSI: -76 [da:2a:64:7f:03:2c]
RSSI: -87 [da:24:c0:c1:09:9a]
RSSI: -78 [da:2a:64:7f:03:2c]
RSSI: -74 [da:2a:64:8b:03:5c]
RSSI: -74 [da:2a:64:8b:03:5c]
RSSI: -88 [da:24:c0:db:09:da]
RSSI: -88 [da:24:c0:db:09:da]
RSSI: -73 [da:2a:64:9b:03:8c]
RSSI: -90 [da:24:c0:e8:09:fa]
RSSI: -73 [da:2a:64:aa:03:bc]
RSSI: -72 [da:2a:64:aa:03:bc]
RSSI: -91 [da:24:c1:02:0a:4a]
RSSI: -73 [da:2a:64:b6:03:dc]
RSSI: -76 [da:2a:64:c6:04:0c]
RSSI: -75 [da:2a:64:d5:04:3c]
RSSI: -88 [da:24:c1:28:0a:ba]
RSSI: -75 [da:2a:64:e2:04:5c]
RSSI: -73 [da:2a:64:e2:04:5c]
RSSI: -75 [da:2a:64:f1:04:8c]
RSSI: -74 [da:2a:64:f1:04:8c]
RSSI: -72 [da:2a:65:00:04:bc]
RSSI: -74 [da:2a:65:00:04:bc]
RSSI: -73 [da:2a:65:0d:04:ec]
RSSI: -79 [da:2a:65:1c:05:1c]
RSSI: -75 [da:2a:65:1c:05:1c]
RSSI: -74 [da:2a:65:2b:05:4c]
RSSI: -79 [da:2a:65:2b:05:4c]
RSSI: -72 [da:2a:65:38:05:6c]
RSSI: -77 [da:2a:65:47:05:9c]
RSSI: -85 [da:2a:65:57:05:cc]
RSSI: -82 [da:2a:65:57:05:cc]
RSSI: -78 [da:2a:65:63:05:fc]
RSSI: -78 [da:2a:65:73:06:2c]
RSSI: -85 [da:2a:65:82:06:5c]
RSSI: -93 [da:24:c1:cf:0c:9a]
RSSI: -84 [da:2a:65:8e:06:7c]
RSSI: -82 [da:2a:65:8e:06:7c]
RSSI: -84 [da:2a:65:9e:06:ac]
RSSI: -84 [da:2a:65:9e:06:ac]
RSSI: -91 [da:24:c1:e9:0c:ea]
RSSI: -87 [da:2a:65:ad:06:dc]
RSSI: -91 [da:2a:65:ad:06:dc]
RSSI: -88 [da:2a:65:ba:07:0c]
RSSI: -86 [da:2a:65:c9:07:3c]
RSSI: -87 [da:2a:65:c9:07:3c]
RSSI: -87 [da:2a:65:d8:07:6c]
RSSI: -91 [da:24:c2:2a:0d:aa]
RSSI: -85 [da:2a:65:e5:07:8c]
RSSI: -84 [da:2a:65:e5:07:8c]
RSSI: -89 [da:24:c2:36:0d:ca]
RSSI: -90 [da:24:c2:36:0d:ca]
RSSI: -84 [da:2a:66:04:07:ec]
RSSI: -76 [da:2a:66:10:08:1c]
RSSI: -83 [da:2a:66:10:08:1c]
RSSI: -90 [da:24:c2:5d:0e:3a]
RSSI: -76 [da:2a:66:20:08:4c]
RSSI: -92 [da:24:c2:6a:0e:5a]
RSSI: -77 [da:2a:66:2f:08:7c]
RSSI: -78 [da:2a:66:2f:08:7c]
RSSI: -80 [da:2a:66:3b:08:ac]
RSSI: -82 [da:2a:66:3b:08:ac]
RSSI: -91 [da:24:c2:9e:0e:fa]
RSSI: -89 [da:2a:66:5a:09:0c]
RSSI: -82 [da:2a:66:5a:09:0c]
RSSI: -82 [da:2a:66:76:09:5c]
RSSI: -80 [da:2a:66:85:09:8c]
RSSI: -86 [da:2a:66:85:09:8c]
RSSI: -79 [da:2a:66:92:09:bc]
RSSI: -87 [da:2a:66:a1:09:ec]
RSSI: -79 [da:2a:66:b1:0a:1c]
RSSI: -77 [da:2a:66:bd:0a:4c]
RSSI: -83 [da:2a:66:bd:0a:4c]
RSSI: -81 [da:2a:66:bd:0a:4c]
RSSI: -75 [da:2a:66:cd:0a:7c]
RSSI: -76 [da:2a:66:dc:0a:ac]
RSSI: -75 [da:2a:66:e9:0a:cc]
RSSI: -74 [da:2a:66:e9:0a:cc]
RSSI: -75 [da:2a:66:f8:0a:fc]
RSSI: -74 [da:2a:67:07:0b:2c]
RSSI: -74 [da:2a:67:07:0b:2c]
RSSI: -95 [da:27:cc:65:03:4e]
RSSI: -73 [da:2a:67:14:0b:5c]
RSSI: -94 [da:27:cc:65:03:4e]
RSSI: -78 [da:2a:67:24:0b:8c]
RSSI: -74 [da:2a:67:24:0b:8c]
RSSI: -74 [da:2a:67:33:0b:bc]
RSSI: -81 [da:2a:67:33:0b:bc]
RSSI: -74 [da:2a:67:3f:0b:dc]
RSSI: -78 [da:2a:67:4f:0c:1c]
RSSI: -79 [da:2a:67:4f:0c:1c]
RSSI: -75 [da:2a:67:4f:0c:1c]
RSSI: -95 [da:22:df:9b:01:0b]
RSSI: -89 [da:2a:67:5e:0c:4c]
RSSI: -84 [da:2a:67:5e:0c:4c]
RSSI: -77 [da:2a:67:7a:0c:9c]
RSSI: -87 [da:2a:67:96:0c:fc]
RSSI: -80 [da:2a:67:96:0c:fc]
RSSI: -79 [da:2a:67:96:0c:fc]
RSSI: -77 [da:2a:67:a6:0d:2c]
RSSI: -91 [da:22:df:f4:02:0b]
RSSI: -79 [da:2a:67:b5:0d:5c]
RSSI: -74 [da:2a:67:c2:0d:7c]
RSSI: -92 [da:24:c4:08:13:0a]
RSSI: -74 [da:2a:67:c2:0d:7c]
RSSI: -91 [da:22:e0:0e:02:5b]
RSSI: -75 [da:2a:67:d1:0d:ac]
RSSI: -90 [da:22:e0:1b:02:7b]
RSSI: -74 [da:2a:67:d1:0d:ac]
RSSI: -76 [da:2a:67:e1:0d:dc]
RSSI: -88 [da:22:e0:27:02:ab]
RSSI: -88 [da:22:e0:34:02:cb]
RSSI: -73 [da:2a:67:ed:0e:0c]
RSSI: -91 [da:24:c4:3b:13:9a]
RSSI: -76 [da:2a:67:fd:0e:3c]
RSSI: -74 [da:2a:67:fd:0e:3c]
RSSI: -77 [da:2a:68:0c:0e:6c]
RSSI: -77 [da:2a:68:0c:0e:6c]
RSSI: -77 [da:2a:68:0c:0e:6c]
RSSI: -76 [da:2a:68:0c:0e:6c]
RSSI: -75 [da:2a:68:19:0e:9c]
RSSI: -87 [da:22:e0:67:03:6b]
RSSI: -88 [da:22:e0:67:03:6b]
RSSI: -76 [da:2a:68:28:0e:cc]
RSSI: -75 [da:2a:68:28:0e:cc]
RSSI: -74 [da:2a:68:38:0e:fc]
RSSI: -77 [da:2a:68:44:0f:1c]
RSSI: -92 [da:24:c4:89:14:7a]
RSSI: -90 [da:22:e0:8e:03:db]
RSSI: -79 [da:2a:68:54:0f:4c]
RSSI: -79 [da:2a:68:54:0f:4c]
RSSI: -89 [da:24:c4:a3:14:ca]
RSSI: -79 [da:2a:68:63:0f:7c]
RSSI: -77 [da:2a:68:70:0f:ac]
RSSI: -80 [da:2a:68:70:0f:ac]
RSSI: -76 [da:2a:68:7f:0f:dc]
RSSI: -76 [da:2a:68:7f:0f:dc]
RSSI: -76 [da:2a:68:7f:0f:dc]
RSSI: -89 [da:24:c4:ca:15:3a]
RSSI: -77 [da:2a:68:8f:10:0c]
RSSI: -77 [da:2a:68:8f:10:0c]
RSSI: -81 [da:2a:68:a0:10:3c]
RSSI: -83 [da:2a:68:a0:10:3c]
RSSI: -86 [da:2a:68:b1:10:6c]
RSSI: -81 [da:2a:68:c0:10:9c]
RSSI: -94 [da:27:ce:21:08:4e]
RSSI: -78 [da:2a:68:cd:10:cc]
RSSI: -90 [da:24:c5:18:16:0a]
RSSI: -81 [da:2a:68:dc:10:fc]
RSSI: -81 [da:2a:68:dc:10:fc]
RSSI: -81 [da:2a:68:dc:10:fc]
RSSI: -85 [da:2a:68:ec:11:2c]
RSSI: -86 [da:2a:68:ec:11:2c]
RSSI: -94 [da:27:ce:57:08:ee]
RSSI: -80 [da:2a:69:08:11:8c]
RSSI: -80 [da:2a:69:17:11:bc]
RSSI: -81 [da:2a:69:24:11:dc]
RSSI: -81 [da:2a:69:24:11:dc]
RSSI: -94 [da:27:ce:8e:09:8e]
RSSI: -87 [da:27:ce:9c:09:ae]
RSSI: -87 [da:27:ce:9c:09:ae]
RSSI: -81 [da:2a:69:4f:12:6c]
RSSI: -83 [da:2a:69:4f:12:6c]
RSSI: -91 [da:27:ce:a8:09:de]
RSSI: -83 [da:2a:69:4f:12:6c]
RSSI: -88 [da:27:ce:a8:09:de]
RSSI: -82 [da:2a:69:5f:12:9c]
RSSI: -89 [da:27:ce:b7:09:fe]
RSSI: -84 [da:2a:69:6e:12:cc]
RSSI: -88 [da:27:ce:c5:0a:2e]
RSSI: -87 [da:27:ce:c5:0a:2e]
RSSI: -83 [da:27:ce:d1:0a:4e]
RSSI: -83 [da:27:ce:d1:0a:4e]
RSSI: -84 [da:2a:69:8b:13:2c]
RSSI: -77 [da:2a:69:9a:13:5c]
RSSI: -87 [da:27:ce:ee:0a:9e]
RSSI: -85 [da:27:ce:fa:0a:ce]
RSSI: -81 [da:2a:69:a7:13:7c]
RSSI: -85 [da:27:ce:fa:0a:ce]
RSSI: -72 [da:2a:69:b6:13:ac]
RSSI: -74 [da:2a:69:c6:13:dc]
RSSI: -72 [da:2a:69:c6:13:dc]
RSSI: -72 [da:2a:69:c6:13:dc]
RSSI: -75 [da:2a:69:d2:14:0c]
RSSI: -87 [da:24:c6:1c:02:ca]
RSSI: -89 [da:27:cf:32:0b:6e]
RSSI: -70 [da:2a:69:e2:14:3c]
RSSI: -77 [da:2a:69:f1:14:6c]
RSSI: -86 [da:24:c6:36:03:0a]
RSSI: -77 [da:2a:69:f1:14:6c]
RSSI: -86 [da:24:c6:36:03:0a]
RSSI: -88 [da:24:c6:43:03:3a]
RSSI: -86 [da:24:c6:43:03:3a]
RSSI: -74 [da:2a:69:fe:14:8c]
RSSI: -85 [da:24:c6:43:03:3a]
RSSI: -84 [da:24:c6:50:03:5a]
RSSI: -70 [da:2a:6a:0e:14:bc]
RSSI: -87 [da:24:c6:50:03:5a]
RSSI: -68 [da:2a:6a:0e:14:bc]
RSSI: -84 [da:24:c6:5d:03:7a]
RSSI: -85 [da:24:c6:5d:03:7a]
RSSI: -67 [da:2a:6a:1d:14:ec]
RSSI: -87 [da:24:c6:6a:03:aa]
RSSI: -85 [da:24:c6:6a:03:aa]
RSSI: -63 [da:2a:6a:2a:15:1c]
RSSI: -84 [da:24:c6:78:03:ca]
RSSI: -87 [da:24:c6:78:03:ca]
RSSI: -61 [da:2a:6a:39:15:4c]
RSSI: -84 [da:24:c6:84:03:ea]
RSSI: -86 [da:24:c6:91:04:1a]
RSSI: -61 [da:2a:6a:49:15:7c]
RSSI: -85 [da:24:c6:91:04:1a]
RSSI: -58 [da:2a:6a:55:15:9c]
RSSI: -84 [da:24:c6:9f:04:3a]
RSSI: -60 [da:2a:6a:55:15:9c]
RSSI: -81 [da:24:c6:ab:04:6a]
RSSI: -58 [da:2a:6a:65:15:cc]
RSSI: -81 [da:24:c6:ab:04:6a]
RSSI: -60 [da:2a:6a:74:15:fc]
RSSI: -58 [da:2a:6a:74:15:fc]
RSSI: -58 [da:2a:6a:81:16:2c]
RSSI: -78 [da:24:c6:d2:04:da]
RSSI: -59 [da:2a:6a:91:16:5c]
RSSI: -59 [da:2a:6a:91:16:5c]
RSSI: -80 [da:24:c6:e0:04:fa]
RSSI: -57 [da:2a:6a:a0:00:0c]
RSSI: -57 [da:2a:6a:a0:00:0c]
RSSI: -78 [da:24:c6:ed:05:1a]
RSSI: -58 [da:2a:6a:ad:00:2c]
RSSI: -75 [da:24:c6:fa:05:3a]
RSSI: -60 [da:2a:6a:bc:00:5c]
RSSI: -60 [da:2a:6a:bc:00:5c]
RSSI: -59 [da:2a:6a:bc:00:5c]
RSSI: -78 [da:24:c7:07:05:6a]
RSSI: -59 [da:2a:6a:bc:00:5c]
RSSI: -59 [da:2a:6a:cc:00:8c]
RSSI: -77 [da:24:c7:14:05:8a]
RSSI: -62 [da:2a:6a:cc:00:8c]
RSSI: -77 [da:24:c7:14:05:8a]
RSSI: -61 [da:2a:6a:d9:00:ac]
RSSI: -74 [da:24:c7:21:05:aa]
RSSI: -63 [da:2a:6a:e8:00:dc]
RSSI: -77 [da:24:c7:2e:05:da]
RSSI: -64 [da:2a:6a:e8:00:dc]
RSSI: -76 [da:24:c7:3b:05:fa]
RSSI: -69 [da:2a:6a:f8:01:1c]
RSSI: -76 [da:24:c7:3b:05:fa]
RSSI: -70 [da:2a:6a:f8:01:1c]
RSSI: -74 [da:24:c7:48:06:1a]
RSSI: -76 [da:24:c7:48:06:1a]
RSSI: -76 [da:2a:6b:04:01:3c]
RSSI: -76 [da:24:c7:55:06:4a]
RSSI: -77 [da:24:c7:55:06:4a]
RSSI: -79 [da:2a:6b:14:01:6c]
RSSI: -76 [da:24:c7:63:06:6a]
RSSI: -74 [da:24:c7:6f:06:8a]
RSSI: -89 [da:27:d0:7a:0f:1e]
RSSI: -73 [da:2a:6b:30:01:cc]
RSSI: -69 [da:2a:6b:30:01:cc]
RSSI: -74 [da:2a:6b:40:01:fc]
RSSI: -78 [da:24:c7:8a:06:da]
RSSI: -76 [da:24:c7:96:07:0a]
RSSI: -78 [da:24:c7:96:07:0a]
RSSI: -71 [da:2a:6b:5c:02:4c]
RSSI: -79 [da:24:c7:a4:07:2a]
RSSI: -71 [da:2a:6b:5c:02:4c]
RSSI: -79 [da:24:c7:a4:07:2a]
RSSI: -79 [da:24:c7:b1:07:4a]
RSSI: -74 [da:2a:6b:6b:02:7c]
RSSI: -81 [da:24:c7:b1:07:4a]
RSSI: -75 [da:2a:6b:6b:02:7c]
RSSI: -81 [da:24:c7:be:07:7a]
RSSI: -78 [da:2a:6b:7b:02:bc]
RSSI: -83 [da:24:c7:cb:07:9a]
RSSI: -77 [da:2a:6b:88:02:dc]
RSSI: -85 [da:24:c7:cb:07:9a]
RSSI: -80 [da:2a:6b:88:02:dc]
RSSI: -86 [da:24:c7:d8:07:ba]
RSSI: -88 [da:24:c7:d8:07:ba]
RSSI: -78 [da:2a:6b:97:03:0c]
RSSI: -75 [da:2a:6b:97:03:0c]
RSSI: -90 [da:24:c7:e5:07:ea]
RSSI: -79 [da:2a:6b:a7:03:3c]
RSSI: -77 [da:2a:6b:a7:03:3c]
RSSI: -91 [da:24:c7:f2:08:0a]
RSSI: -91 [da:27:d1:04:10:ae]
RSSI: -78 [da:2a:6b:b3:03:6c]
RSSI: -77 [da:2a:6b:b3:03:6c]
RSSI: -90 [da:24:c8:00:08:2a]
RSSI: -79 [da:2a:6b:c3:03:9c]
RSSI: -76 [da:2a:6b:d3:03:cc]
RSSI: -78 [da:2a:6b:d3:03:cc]
RSSI: -88 [da:24:c8:1a:08:7a]
RSSI: -87 [da:24:c8:27:08:9a]
RSSI: -85 [da:24:c8:33:08:ca]
RSSI: -80 [da:2a:6b:ef:04:1c]
RSSI: -76 [da:2a:6b:ef:04:1c]
RSSI: -77 [da:2a:6b:ff:04:4c]
RSSI: -89 [da:24:c8:41:08:ea]
RSSI: -79 [da:2a:6b:ff:04:4c]
RSSI: -77 [da:2a:6c:0b:04:7c]
RSSI: -80 [da:2a:6c:1b:04:ac]
RSSI: -88 [da:24:c8:68:09:5a]
RSSI: -87 [da:24:c8:68:09:5a]
RSSI: -85 [da:2a:6c:2b:04:dc]
RSSI: -82 [da:2a:6c:2b:04:dc]
RSSI: -87 [da:24:c8:82:09:aa]
RSSI: -86 [da:24:c8:90:09:da]
RSSI: -79 [da:2a:6c:47:05:2c]
RSSI: -89 [da:24:c8:9d:09:fa]
RSSI: -82 [da:2a:6c:56:05:5c]
RSSI: -90 [da:24:c8:9d:09:fa]
RSSI: -82 [da:2a:6c:63:05:8c]
RSSI: -81 [da:2a:6c:63:05:8c]
RSSI: -90 [da:24:c8:a9:0a:1a]
RSSI: -83 [da:2a:6c:82:05:ec]
RSSI: -89 [da:24:c8:d1:0a:8a]
RSSI: -81 [da:2a:6c:8f:06:1c]
RSSI: -83 [da:2a:6c:8f:06:1c]
RSSI: -88 [da:24:c8:de:0a:ba]
RSSI: -79 [da:2a:6c:9f:06:4c]
RSSI: -80 [da:2a:6c:9f:06:4c]
RSSI: -79 [da:2a:6c:ae:06:7c]
RSSI: -87 [da:2a:6c:bb:06:9c]
RSSI: -79 [da:2a:6c:bb:06:9c]
RSSI: -86 [da:2a:6c:cb:06:dc]
RSSI: -82 [da:2a:6c:da:07:0c]
RSSI: -91 [da:2a:6c:e7:07:2c]
RSSI: -83 [da:2a:6c:f6:07:5c]
RSSI: -83 [da:2a:6c:f6:07:5c]
RSSI: -82 [da:2a:6d:06:07:8c]
RSSI: -92 [da:2a:6d:13:07:bc]
RSSI: -82 [da:2a:6d:22:07:ec]
RSSI: -83 [da:2a:6d:22:07:ec]
RSSI: -86 [da:2a:6d:32:08:1c]
RSSI: -87 [da:2a:6d:3f:08:3c]
RSSI: -79 [da:2a:6d:4e:08:7c]
RSSI: -79 [da:2a:6d:4e:08:7c]
RSSI: -90 [da:24:c9:9e:0c:ea]
RSSI: -84 [da:2a:6d:5e:08:ac]
RSSI: -81 [da:2a:6d:5e:08:ac]
RSSI: -86 [da:2a:6d:6b:08:cc]
RSSI: -85 [da:2a:6d:7a:08:fc]
RSSI: -86 [da:2a:6d:7a:08:fc]
RSSI: -90 [da:24:c9:d3:0d:7a]
RSSI: -89 [da:24:c9:e0:0d:aa]
RSSI: -90 [da:2a:6d:97:09:5c]
RSSI: -82 [da:2a:6d:c3:09:ec]
RSSI: -88 [da:24:ca:15:0e:3a]
RSSI: -82 [da:2a:6d:d2:0a:1c]
RSSI: -89 [da:24:ca:15:0e:3a]
RSSI: -82 [da:2a:6d:ef:0a:6c]
RSSI: -90 [da:24:ca:3c:0e:aa]
RSSI: -82 [da:2a:6d:fe:0a:ac]
RSSI: -93 [da:24:ca:7f:0f:6a]
RSSI: -87 [da:2a:6e:57:0b:bc]
RSSI: -87 [da:2a:6e:66:0b:ec]
RSSI: -90 [da:2a:6e:83:0c:4c]
RSSI: -93 [da:2a:6e:af:0c:dc]
RSSI: -89 [da:2a:6e:af:0c:dc]
RSSI: -88 [da:2a:6e:bf:0d:0c]
RSSI: -87 [da:2a:6e:cb:0d:2c]
RSSI: -84 [da:2a:6e:cb:0d:2c]
RSSI: -85 [da:2a:6e:db:0d:5c]
RSSI: -87 [da:2a:6e:db:0d:5c]
RSSI: -88 [da:2a:6e:eb:0d:9c]
RSSI: -84 [da:2a:6e:eb:0d:9c]
RSSI: -86 [da:2a:6e:f7:0d:bc]
RSSI: -88 [da:2a:6f:17:0e:1c]
RSSI: -94 [da:24:cb:5f:11:ea]
RSSI: -85 [da:2a:6f:33:0e:7c]
RSSI: -94 [da:22:e7:a0:02:6b]
RSSI: -93 [da:22:e7:ad:02:9b]
RSSI: -95 [da:24:cb:bc:12:fa]
RSSI: -86 [da:2a:6f:7c:0f:6c]
RSSI: -84 [da:2a:6f:8c:0f:9c]
RSSI: -84 [da:2a:6f:8c:0f:9c]
RSSI: -89 [da:2a:6f:a8:0f:ec]
RSSI: -92 [da:24:cb:f0:13:8a]
RSSI: -85 [da:2a:6f:c8:10:5c]
RSSI: -84 [da:2a:6f:c8:10:5c]
RSSI: -91 [da:22:e8:16:03:cb]
RSSI: -84 [da:2a:6f:d4:10:7c]
RSSI: -87 [da:2a:6f:e4:10:ac]
RSSI: -88 [da:2a:6f:f4:10:ec]
RSSI: -87 [da:2a:70:10:11:3c]
RSSI: -91 [da:24:cc:67:14:ea]
RSSI: -96 [da:27:d5:7d:07:2e]
RSSI: -89 [da:24:cc:75:15:0a]
RSSI: -81 [da:2a:70:3d:11:cc]
RSSI: -89 [da:24:cc:9d:15:7a]
RSSI: -93 [da:27:d5:a7:07:9e]
RSSI: -92 [da:24:cc:aa:15:aa]
RSSI: -91 [da:24:cc:aa:15:aa]
RSSI: -81 [da:2a:70:69:12:4c]
RSSI: -90 [da:24:cc:b7:15:ca]
RSSI: -80 [da:2a:70:79:12:7c]
RSSI: -84 [da:2a:70:85:12:ac]
RSSI: -88 [da:24:cc:d2:16:1a]
RSSI: -83 [da:2a:70:85:12:ac]
RSSI: -80 [da:2a:70:a5:13:0c]
RSSI: -82 [da:2a:70:b2:13:2c]
RSSI: -87 [da:2a:70:c1:13:5c]
RSSI: -88 [da:2a:70:c1:13:5c]
RSSI: -83 [da:2a:70:d1:13:9c]
RSSI: -87 [da:2a:70:de:13:bc]
RSSI: -78 [da:2a:70:ee:13:ec]
RSSI: -82 [da:2a:70:ee:13:ec]
RSSI: -82 [da:2a:70:fe:14:1c]
RSSI: -82 [da:2a:71:0a:14:4c]
RSSI: -84 [da:27:d6:69:09:ce]
RSSI: -88 [da:27:d6:78:09:fe]
RSSI: -81 [da:27:d6:78:09:fe]
RSSI: -84 [da:27:d6:86:0a:2e]
RSSI: -86 [da:2a:71:36:14:dc]
RSSI: -85 [da:2a:71:36:14:dc]
RSSI: -84 [da:27:d6:93:0a:4e]
RSSI: -87 [da:27:d6:93:0a:4e]
RSSI: -81 [da:27:d6:a1:0a:7e]
RSSI: -85 [da:2a:71:56:15:3c]
RSSI: -87 [da:2a:71:56:15:3c]
RSSI: -83 [da:27:d6:b0:0a:ae]
RSSI: -77 [da:2a:71:63:15:5c]
RSSI: -81 [da:27:d6:bd:0a:ce]
RSSI: -85 [da:2a:71:63:15:5c]
RSSI: -78 [da:27:d6:bd:0a:ce]
RSSI: -76 [da:2a:71:73:15:8c]
RSSI: -80 [da:27:d6:cb:0a:fe]
RSSI: -83 [da:2a:71:8f:15:ec]
RSSI: -83 [da:2a:71:8f:15:ec]
RSSI: -81 [da:27:d6:e6:0b:4e]
RSSI: -89 [da:24:cd:e9:02:ea]
RSSI: -79 [da:27:d6:f5:0b:6e]
RSSI: -86 [da:24:cd:f6:03:1a]
RSSI: -83 [da:27:d7:03:0b:9e]
RSSI: -79 [da:27:d7:10:0b:be]
RSSI: -76 [da:2a:71:bc:16:7c]
RSSI: -85 [da:24:ce:03:03:3a]
RSSI: -81 [da:27:d7:10:0b:be]
RSSI: -81 [da:27:d7:1f:0b:ee]
RSSI: -91 [da:24:ce:1e:03:8a]
RSSI: -87 [da:24:ce:2b:03:aa]
RSSI: -79 [da:2a:71:e8:00:8c]
RSSI: -80 [da:27:d7:3a:0c:3e]
RSSI: -87 [da:24:ce:2b:03:aa]
RSSI: -81 [da:2a:71:e8:00:8c]
RSSI: -87 [da:24:ce:39:03:da]
RSSI: -88 [da:24:ce:46:03:fa]
RSSI: -85 [da:24:ce:53:04:1a]
RSSI: -90 [da:27:d7:64:0c:ae]
RSSI: -84 [da:24:ce:61:04:4a]
RSSI: -88 [da:2a:72:14:01:1c]
RSSI: -88 [da:27:d7:72:0c:de]
RSSI: -82 [da:24:ce:6e:04:6a]
RSSI: -82 [da:24:ce:6e:04:6a]
RSSI: -79 [da:24:ce:7b:04:8a]
RSSI: -90 [da:2a:72:34:01:7c]
RSSI: -80 [da:24:ce:7b:04:8a]
RSSI: -81 [da:24:ce:89:04:ba]
RSSI: -84 [da:2a:72:51:01:dc]
RSSI: -76 [da:24:ce:96:04:da]
RSSI: -86 [da:2a:72:51:01:dc]
RSSI: -78 [da:24:ce:96:04:da]
RSSI: -76 [da:24:ce:a3:05:0a]
RSSI: -82 [da:2a:72:61:02:0c]
RSSI: -75 [da:24:ce:a3:05:0a]
RSSI: -77 [da:24:ce:b1:05:2a]
RSSI: -86 [da:2a:72:6d:02:3c]
RSSI: -75 [da:24:ce:b1:05:2a]
RSSI: -74 [da:24:ce:be:05:4a]
RSSI: -76 [da:24:ce:be:05:4a]
RSSI: -86 [da:2a:72:7d:02:6c]
RSSI: -74 [da:24:ce:cb:05:7a]
RSSI: -83 [da:2a:72:8d:02:9c]
RSSI: -86 [da:2a:72:8d:02:9c]
RSSI: -75 [da:24:ce:d9:05:9a]
RSSI: -86 [da:2a:72:9a:02:bc]
RSSI: -75 [da:24:ce:e6:05:ba]
RSSI: -75 [da:24:ce:e6:05:ba]
RSSI: -86 [da:2a:72:9a:02:bc]
RSSI: -74 [da:24:ce:e6:05:ba]
RSSI: -75 [da:24:ce:f3:05:ea]
RSSI: -75 [da:24:ce:f3:05:ea]
RSSI: -82 [da:2a:72:ba:03:1c]
RSSI: -75 [da:24:cf:01:06:0a]
RSSI: -80 [da:2a:72:c6:03:4c]
RSSI: -75 [da:24:cf:0e:06:2a]
RSSI: -77 [da:24:cf:1b:06:5a]
RSSI: -79 [da:2a:72:d6:03:7c]
RSSI: -76 [da:24:cf:1b:06:5a]
RSSI: -77 [da:24:cf:29:06:7a]
RSSI: -85 [da:2a:72:e6:03:ac]
RSSI: -78 [da:24:cf:29:06:7a]
RSSI: -83 [da:2a:72:e6:03:ac]
RSSI: -77 [da:24:cf:36:06:aa]
RSSI: -78 [da:24:cf:36:06:aa]
RSSI: -84 [da:2a:72:f3:03:cc]
RSSI: -80 [da:24:cf:43:06:ca]
RSSI: -81 [da:24:cf:43:06:ca]
RSSI: -82 [da:2a:73:03:04:0c]
RSSI: -79 [da:24:cf:51:06:fa]
RSSI: -81 [da:2a:73:13:04:3c]
RSSI: -82 [da:24:cf:51:06:fa]
RSSI: -80 [da:2a:73:13:04:3c]
RSSI: -83 [da:24:cf:5e:07:1a]
RSSI: -80 [da:2a:73:13:04:3c]
RSSI: -81 [da:24:cf:5e:07:1a]
RSSI: -83 [da:24:cf:6c:07:4a]
RSSI: -84 [da:24:cf:6c:07:4a]
RSSI: -82 [da:2a:73:2f:04:8c]
RSSI: -89 [da:24:cf:79:07:6a]
RSSI: -80 [da:2a:73:2f:04:8c]
RSSI: -81 [da:2a:73:3f:04:bc]
RSSI: -82 [da:2a:73:3f:04:bc]
RSSI: -80 [da:2a:73:4c:04:ec]
RSSI: -85 [da:2a:73:5c:05:1c]
RSSI: -86 [da:2a:73:5c:05:1c]
RSSI: -81 [da:2a:73:5c:05:1c]
RSSI: -78 [da:2a:73:6c:05:4c]
RSSI: -84 [da:2a:73:6c:05:4c]
RSSI: -80 [da:2a:73:78:05:7c]
RSSI: -80 [da:2a:73:88:05:ac]
RSSI: -80 [da:2a:73:88:05:ac]
RSSI: -86 [da:2a:73:a5:05:fc]
RSSI: -81 [da:2a:73:b5:06:2c]
RSSI: -84 [da:2a:73:b5:06:2c]
RSSI: -85 [da:2a:73:c5:06:6c]
RSSI: -83 [da:2a:73:c5:06:6c]
RSSI: -84 [da:2a:73:d1:06:8c]
RSSI: -88 [da:2a:73:e1:06:bc]
RSSI: -91 [da:24:d0:26:09:5a]
RSSI: -87 [da:24:d0:34:09:8a]
RSSI: -86 [da:2a:74:0e:07:4c]
RSSI: -91 [da:24:d0:5c:09:fa]
RSSI: -84 [da:2a:74:1e:07:7c]
RSSI: -85 [da:2a:74:1e:07:7c]
RSSI: -84 [da:2a:74:3b:07:dc]
RSSI: -87 [da:2a:74:57:08:3c]
RSSI: -92 [da:24:d0:9f:0a:ba]
RSSI: -87 [da:2a:74:57:08:3c]
RSSI: -84 [da:2a:74:67:08:6c]
RSSI: -85 [da:2a:74:77:08:9c]
RSSI: -84 [da:2a:74:84:08:cc]
RSSI: -86 [da:2a:74:84:08:cc]
RSSI: -86 [da:2a:74:84:08:cc]
RSSI: -83 [da:2a:74:94:08:fc]
RSSI: -94 [da:24:d0:ef:0b:aa]
RSSI: -87 [da:2a:74:c1:09:8c]
RSSI: -95 [da:24:d1:0b:0b:fa]
RSSI: -85 [da:2a:74:d1:09:bc]
RSSI: -84 [da:2a:74:dd:09:dc]
RSSI: -84 [da:2a:74:ed:0a:1c]
RSSI: -91 [da:24:d1:4e:0c:ba]
RSSI: -85 [da:2a:75:0a:0a:6c]
RSSI: -90 [da:24:d1:5b:0c:da]
RSSI: -84 [da:2a:75:1a:0a:ac]
RSSI: -86 [da:2a:75:2a:0a:dc]
RSSI: -82 [da:2a:75:2a:0a:dc]
RSSI: -85 [da:2a:75:37:0a:fc]
RSSI: -84 [da:2a:75:47:0b:3c]
RSSI: -83 [da:2a:75:57:0b:6c]
RSSI: -89 [da:24:d1:9e:0d:9a]
RSSI: -87 [da:2a:75:63:0b:8c]
RSSI: -86 [da:2a:75:74:0b:cc]
RSSI: -84 [da:2a:75:90:0c:1c]
RSSI: -83 [da:2a:75:a0:0c:4c]
RSSI: -81 [da:2a:75:b0:0c:8c]
RSSI: -86 [da:2a:75:bd:0c:ac]
RSSI: -87 [da:2a:75:cd:0c:dc]
RSSI: -79 [da:2a:75:dd:0d:1c]
RSSI: -79 [da:2a:75:ea:0d:3c]
RSSI: -78 [da:2a:75:ea:0d:3c]
RSSI: -78 [da:2a:75:fa:0d:6c]
RSSI: -77 [da:2a:75:fa:0d:6c]
RSSI: -77 [da:2a:76:17:0d:cc]
RSSI: -77 [da:2a:76:27:0d:fc]
RSSI: -79 [da:2a:76:37:0e:2c]
RSSI: -77 [da:2a:76:37:0e:2c]
RSSI: -78 [da:2a:76:43:0e:5c]
RSSI: -79 [da:2a:76:64:0e:bc]
RSSI: -82 [da:2a:76:70:0e:ec]
RSSI: -82 [da:2a:76:80:0f:1c]
RSSI: -83 [da:2a:76:80:0f:1c]
RSSI: -82 [da:2a:76:90:0f:4c]
RSSI: -81 [da:2a:76:9d:0f:6c]
RSSI: -81 [da:2a:76:ad:0f:ac]
RSSI: -80 [da:2a:76:bd:0f:dc]
RSSI: -79 [da:2a:76:bd:0f:dc]
RSSI: -81 [da:2a:76:ca:0f:fc]
RSSI: -81 [da:2a:76:da:10:3c]
RSSI: -82 [da:2a:76:da:10:3c]
RSSI: -82 [da:2a:76:da:10:3c]
RSSI: -80 [da:2a:76:ea:10:6c]
RSSI: -81 [da:2a:76:f7:10:8c]
RSSI: -79 [da:2a:76:f7:10:8c]
RSSI: -89 [da:24:d3:4d:12:6a]
RSSI: -81 [da:2a:77:07:10:bc]
RSSI: -81 [da:2a:77:07:10:bc]
RSSI: -91 [da:2a:77:24:11:1c]
RSSI: -89 [da:24:d3:75:12:da]
RSSI: -91 [da:2a:77:34:11:4c]
RSSI: -91 [da:24:d3:91:13:2a]
RSSI: -92 [da:2a:77:44:11:8c]
RSSI: -92 [da:24:d3:9e:13:5a]
RSSI: -86 [da:2a:77:79:12:2c]
RSSI: -86 [da:2a:77:86:12:5c]
RSSI: -91 [da:24:d3:d4:13:fa]
RSSI: -90 [da:2a:77:a3:12:ac]
RSSI: -89 [da:2a:77:a3:12:ac]
RSSI: -82 [da:2a:77:b3:12:ec]
RSSI: -84 [da:2a:77:b3:12:ec]
RSSI: -84 [da:2a:77:c0:13:0c]
RSSI: -82 [da:2a:77:c0:13:0c]
RSSI: -91 [da:24:d4:0b:14:8a]
RSSI: -82 [da:2a:77:cc:13:3c]
RSSI: -81 [da:2a:77:cc:13:3c]
RSSI: -80 [da:2a:77:d9:13:5c]
RSSI: -80 [da:2a:77:e6:13:8c]
RSSI: -83 [da:2a:77:e6:13:8c]
RSSI: -83 [da:2a:77:f2:13:ac]
RSSI: -84 [da:2a:77:f2:13:ac]
RSSI: -86 [da:24:d4:40:15:2a]
RSSI: -85 [da:2a:77:ff:13:dc]
RSSI: -88 [da:2a:78:0c:13:fc]
RSSI: -83 [da:2a:78:18:14:2c]
RSSI: -82 [da:2a:78:18:14:2c]
RSSI: -83 [da:2a:78:18:14:2c]
RSSI: -83 [da:2a:78:25:14:4c]
RSSI: -88 [da:24:d4:69:15:9a]
RSSI: -76 [da:2a:78:25:14:4c]
RSSI: -75 [da:2a:78:32:14:6c]
RSSI: -88 [da:24:d4:77:15:ca]
RSSI: -78 [da:2a:78:32:14:6c]
RSSI: -89 [da:24:d4:77:15:ca]
RSSI: -87 [da:24:d4:85:15:ea]
RSSI: -73 [da:2a:78:3e:14:9c]
RSSI: -72 [da:2a:78:3e:14:9c]
RSSI: -88 [da:24:d4:85:15:ea]
RSSI: -74 [da:2a:78:4b:14:bc]
RSSI: -89 [da:27:dd:9f:08:3e]
RSSI: -71 [da:2a:78:4b:14:bc]
RSSI: -70 [da:2a:78:58:14:ec]
RSSI: -69 [da:2a:78:58:14:ec]
RSSI: -73 [da:2a:78:58:14:ec]
RSSI: -69 [da:2a:78:65:15:0c]
RSSI: -68 [da:2a:78:65:15:0c]
RSSI: -70 [da:2a:78:71:15:3c]
RSSI: -69 [da:2a:78:71:15:3c]
RSSI: -91 [da:27:dd:c9:08:ae]
RSSI: -67 [da:2a:78:7e:15:5c]
RSSI: -84 [da:27:dd:d6:08:de]
RSSI: -67 [da:2a:78:8b:15:8c]
RSSI: -66 [da:2a:78:8b:15:8c]
RSSI: -70 [da:2a:78:97:15:ac]
RSSI: -66 [da:2a:78:97:15:ac]
RSSI: -65 [da:2a:78:a4:15:dc]
RSSI: -65 [da:2a:78:b1:15:fc]
RSSI: -64 [da:2a:78:b1:15:fc]
RSSI: -68 [da:2a:78:be:16:2c]
RSSI: -90 [da:24:d4:fe:01:3a]
RSSI: -65 [da:2a:78:be:16:2c]
RSSI: -87 [da:27:de:1f:09:ae]
RSSI: -83 [da:27:de:1f:09:ae]
RSSI: -66 [da:2a:78:d7:16:7c]
RSSI: -65 [da:2a:78:d7:16:7c]
RSSI: -85 [da:27:de:2b:09:ce]
RSSI: -66 [da:2a:78:e4:00:0c]
RSSI: -67 [da:2a:78:e4:00:0c]
RSSI: -84 [da:27:de:3a:09:fe]
RSSI: -66 [da:2a:78:f0:00:2c]
RSSI: -79 [da:27:de:49:0a:2e]
RSSI: -67 [da:2a:78:fd:00:4c]
RSSI: -68 [da:2a:78:fd:00:4c]
RSSI: -81 [da:27:de:56:0a:4e]
RSSI: -79 [da:27:de:56:0a:4e]
RSSI: -70 [da:2a:79:0a:00:7c]
RSSI: -88 [da:24:d5:50:02:2a]
RSSI: -84 [da:27:de:65:0a:7e]
RSSI: -71 [da:2a:79:17:00:9c]
RSSI: -81 [da:27:de:65:0a:7e]
RSSI: -89 [da:24:d5:5c:02:4a]
RSSI: -75 [da:2a:79:23:00:cc]
RSSI: -82 [da:27:de:74:0a:9e]
RSSI: -78 [da:2a:79:23:00:cc]
RSSI: -89 [da:24:d5:6a:02:7a]
RSSI: -86 [da:2a:79:30:00:ec]
RSSI: -87 [da:24:d5:78:02:9a]
RSSI: -89 [da:24:d5:78:02:9a]
RSSI: -89 [da:24:d5:78:02:9a]
RSSI: -88 [da:24:d5:85:02:ba]
RSSI: -81 [da:27:de:8f:0a:ee]
RSSI: -82 [da:27:de:9e:0b:1e]
RSSI: -76 [da:2a:79:49:01:3c]
RSSI: -82 [da:27:de:9e:0b:1e]
RSSI: -74 [da:2a:79:49:01:3c]
RSSI: -87 [da:24:d5:93:02:ea]
RSSI: -82 [da:27:de:9e:0b:1e]
RSSI: -74 [da:2a:79:56:01:6c]
RSSI: -81 [da:27:de:ab:0b:3e]
RSSI: -87 [da:24:d5:a1:03:0a]
RSSI: -72 [da:2a:79:63:01:8c]
RSSI: -85 [da:24:d5:ae:03:3a]
RSSI: -82 [da:27:de:ba:0b:6e]
RSSI: -86 [da:24:d5:ae:03:3a]
RSSI: -72 [da:2a:79:70:01:bc]
RSSI: -71 [da:2a:79:70:01:bc]
RSSI: -72 [da:2a:79:70:01:bc]
RSSI: -87 [da:24:d5:bc:03:5a]
RSSI: -80 [da:27:de:c9:0b:8e]
RSSI: -85 [da:24:d5:bc:03:5a]
RSSI: -75 [da:2a:79:7c:01:dc]
RSSI: -83 [da:27:de:d5:0b:ae]
RSSI: -86 [da:24:d5:ca:03:8a]
RSSI: -83 [da:27:de:d5:0b:ae]
RSSI: -74 [da:2a:79:89:02:0c]
RSSI: -85 [da:24:d5:ca:03:8a]
RSSI: -83 [da:27:de:d5:0b:ae]
RSSI: -86 [da:24:d5:d7:03:aa]
RSSI: -75 [da:2a:79:96:02:2c]
RSSI: -83 [da:27:de:e4:0b:de]
RSSI: -76 [da:2a:79:96:02:2c]
RSSI: -81 [da:2a:79:a3:02:5c]
RSSI: -87 [da:24:d5:f3:03:fa]
RSSI: -79 [da:2a:79:af:02:7c]
RSSI: -84 [da:24:d5:ff:04:1a]
RSSI: -78 [da:2a:79:bc:02:ac]
RSSI: -87 [da:27:df:0f:0c:5e]
RSSI: -83 [da:24:d6:0d:04:4a]
RSSI: -87 [da:27:df:1e:0c:8e]
RSSI: -77 [da:2a:79:d6:02:fc]
RSSI: -83 [da:24:d6:1b:04:6a]
RSSI: -87 [da:27:df:2b:0c:ae]
RSSI: -86 [da:27:df:2b:0c:ae]
RSSI: -80 [da:24:d6:28:04:8a]
RSSI: -77 [da:2a:79:e2:03:1c]
RSSI: -79 [da:2a:79:ef:03:4c]
RSSI: -79 [da:24:d6:36:04:ba]
RSSI: -80 [da:24:d6:36:04:ba]
RSSI: -80 [da:24:d6:44:04:da]
RSSI: -78 [da:24:d6:44:04:da]
RSSI: -79 [da:2a:7a:08:03:9c]
RSSI: -79 [da:24:d6:51:04:fa]
RSSI: -77 [da:24:d6:51:04:fa]
RSSI: -80 [da:2a:7a:15:03:bc]
RSSI: -94 [da:27:df:64:0d:5e]
RSSI: -77 [da:2a:7a:22:03:ec]
RSSI: -78 [da:24:d6:64:05:3a]
RSSI: -76 [da:2a:7a:22:03:ec]
RSSI: -77 [da:2a:7a:2f:04:0c]
RSSI: -76 [da:24:d6:81:05:8a]
RSSI: -80 [da:2a:7a:3c:04:3c]
RSSI: -76 [da:24:d6:81:05:8a]
RSSI: -77 [da:24:d6:81:05:8a]
RSSI: -81 [da:2a:7a:48:04:5c]
RSSI: -77 [da:24:d6:8f:05:ba]
RSSI: -80 [da:2a:7a:48:04:5c]
RSSI: -76 [da:24:d6:8f:05:ba]
RSSI: -77 [da:24:d6:9d:05:da]
RSSI: -76 [da:2a:7a:62:04:ac]
RSSI: -76 [da:24:d6:aa:05:fa]
RSSI: -76 [da:24:d6:aa:05:fa]
RSSI: -79 [da:2a:7a:6f:04:dc]
RSSI: -78 [da:2a:7a:6f:04:dc]
RSSI: -78 [da:2a:7a:6f:04:dc]
RSSI: -76 [da:24:d6:b8:06:2a]
RSSI: -76 [da:24:d6:b8:06:2a]
RSSI: -77 [da:24:d6:c6:06:5a]
RSSI: -77 [da:2a:7a:88:05:2c]
RSSI: -78 [da:24:d6:d3:06:7a]
RSSI: -80 [da:2a:7a:95:05:5c]
RSSI: -79 [da:2a:7a:95:05:5c]
RSSI: -77 [da:24:d6:e1:06:9a]
RSSI: -80 [da:24:d6:ef:06:ca]
RSSI: -77 [da:2a:7a:af:05:ac]
RSSI: -80 [da:24:d6:fc:06:ea]
RSSI: -78 [da:2a:7a:bb:05:cc]
RSSI: -81 [da:24:d6:fc:06:ea]
RSSI: -79 [da:2a:7a:bb:05:cc]
RSSI: -82 [da:24:d7:0a:07:0a]
RSSI: -82 [da:24:d7:0a:07:0a]
RSSI: -83 [da:24:d7:18:07:3a]
RSSI: -81 [da:24:d7:24:07:5a]
RSSI: -87 [da:24:d7:24:07:5a]
RSSI: -92 [da:27:e0:49:0f:ee]
RSSI: -79 [da:2a:7a:fb:06:9c]
RSSI: -83 [da:2a:7b:08:06:bc]
RSSI: -78 [da:2a:7b:08:06:bc]
RSSI: -78 [da:2a:7b:08:06:bc]
RSSI: -85 [da:2a:7b:22:07:0c]
RSSI: -89 [da:2a:7b:2f:07:3c]
RSSI: -82 [da:2a:7b:2f:07:3c]
RSSI: -88 [da:24:d7:76:08:3a]
RSSI: -82 [da:2a:7b:48:07:8c]
RSSI: -81 [da:2a:7b:55:07:bc]
RSSI: -80 [da:2a:7b:55:07:bc]
RSSI: -80 [da:2a:7b:55:07:bc]
RSSI: -80 [da:2a:7b:62:07:dc]
RSSI: -82 [da:2a:7b:7b:08:2c]
RSSI: -80 [da:2a:7b:7b:08:2c]
RSSI: -81 [da:2a:7b:7b:08:2c]
RSSI: -83 [da:2a:7b:88:08:5c]
RSSI: -90 [da:24:d7:d6:09:5a]
RSSI: -87 [da:24:d7:e4:09:7a]
RSSI: -89 [da:24:d7:f1:09:aa]
RSSI: -84 [da:2a:7b:c8:09:1c]
RSSI: -83 [da:2a:7b:c8:09:1c]
RSSI: -83 [da:2a:7b:d5:09:4c]
RSSI: -79 [da:2a:7b:ef:09:9c]
RSSI: -91 [da:24:d8:36:0a:6a]
RSSI: -78 [da:2a:7b:fb:09:bc]
RSSI: -90 [da:24:d8:51:0a:ba]
RSSI: -76 [da:2a:7c:15:0a:1c]
RSSI: -76 [da:2a:7c:15:0a:1c]
RSSI: -75 [da:2a:7c:22:0a:3c]
RSSI: -93 [da:24:d8:6c:0b:0a]
RSSI: -75 [da:2a:7c:2f:0a:6c]
RSSI: -76 [da:2a:7c:3c:0a:8c]
RSSI: -75 [da:2a:7c:3c:0a:8c]
RSSI: -75 [da:2a:7c:48:0a:bc]
RSSI: -75 [da:2a:7c:55:0a:dc]
RSSI: -92 [da:24:d8:b1:0b:ca]
RSSI: -79 [da:2a:7c:6f:0b:2c]
RSSI: -76 [da:2a:7c:7c:0b:5c]
RSSI: -95 [da:24:d8:be:0b:fa]
RSSI: -79 [da:2a:7c:89:0b:8c]
RSSI: -94 [da:27:e1:f5:14:be]
RSSI: -79 [da:2a:7c:a3:0b:dc]
RSSI: -80 [da:2a:7c:af:0b:fc]
RSSI: -88 [da:2a:7c:bc:0c:2c]
RSSI: -82 [da:2a:7c:c9:0c:4c]
RSSI: -80 [da:2a:7c:d6:0c:7c]
RSSI: -81 [da:2a:7c:e3:0c:ac]
RSSI: -81 [da:2a:7c:e3:0c:ac]
RSSI: -77 [da:2a:7c:e3:0c:ac]
RSSI: -80 [da:2a:7c:f0:0c:cc]
RSSI: -74 [da:2a:7c:fd:0c:fc]
RSSI: -89 [da:24:d9:48:0d:8a]
RSSI: -76 [da:2a:7d:09:0d:1c]
RSSI: -73 [da:2a:7d:09:0d:1c]
RSSI: -76 [da:2a:7d:16:0d:4c]
RSSI: -88 [da:24:d9:62:0d:da]
RSSI: -74 [da:2a:7d:23:0d:6c]
RSSI: -79 [da:2a:7d:30:0d:9c]
RSSI: -89 [da:24:d9:71:0d:fa]
RSSI: -75 [da:2a:7d:30:0d:9c]
RSSI: -77 [da:2a:7d:3d:0d:cc]
RSSI: -76 [da:2a:7d:4a:0d:ec]
RSSI: -79 [da:2a:7d:56:0e:1c]
RSSI: -92 [da:24:d9:9a:0e:7a]
RSSI: -74 [da:2a:7d:56:0e:1c]
RSSI: -79 [da:2a:7d:63:0e:3c]
RSSI: -79 [da:2a:7d:63:0e:3c]
RSSI: -74 [da:2a:7d:70:0e:6c]
RSSI: -81 [da:2a:7d:7d:0e:8c]
RSSI: -75 [da:2a:7d:7d:0e:8c]
RSSI: -77 [da:2a:7d:8a:0e:bc]
RSSI: -85 [da:2a:7d:8a:0e:bc]
RSSI: -78 [da:2a:7d:97:0e:ec]
RSSI: -85 [da:2a:7d:a4:0f:0c]
RSSI: -81 [da:2a:7d:a4:0f:0c]
RSSI: -81 [da:2a:7d:b1:0f:3c]
RSSI: -79 [da:2a:7d:be:0f:5c]
RSSI: -80 [da:2a:7d:ca:0f:8c]
RSSI: -79 [da:2a:7d:ca:0f:8c]
RSSI: -78 [da:2a:7d:d7:0f:ac]
RSSI: -81 [da:2a:7d:d7:0f:ac]
RSSI: -82 [da:2a:7d:e4:0f:dc]
RSSI: -89 [da:2a:7d:f1:10:0c]
RSSI: -87 [da:2a:7d:f1:10:0c]
RSSI: -88 [da:2a:7d:fe:10:2c]
RSSI: -84 [da:2a:7e:0b:10:5c]
RSSI: -83 [da:2a:7e:0b:10:5c]
RSSI: -84 [da:2a:7e:18:10:7c]
RSSI: -84 [da:2a:7e:18:10:7c]
RSSI: -88 [da:2a:7e:25:10:ac]
RSSI: -90 [da:2a:7e:25:10:ac]
RSSI: -91 [da:2a:7e:4c:11:1c]
RSSI: -89 [da:2a:7e:59:11:4c]
RSSI: -86 [da:2a:7e:65:11:6c]
RSSI: -83 [da:2a:7e:72:11:9c]
RSSI: -84 [da:2a:7e:7f:11:bc]
RSSI: -81 [da:2a:7e:8c:11:ec]
RSSI: -80 [da:2a:7e:8c:11:ec]
RSSI: -96 [da:24:da:e4:12:2a]
RSSI: -86 [da:2a:7e:a6:12:3c]
RSSI: -80 [da:2a:7e:b3:12:5c]
RSSI: -83 [da:2a:7e:b3:12:5c]
RSSI: -92 [da:22:f6:fe:03:0b]
RSSI: -81 [da:2a:7e:c0:12:8c]
RSSI: -81 [da:2a:7e:c0:12:8c]
RSSI: -83 [da:2a:7e:cd:12:bc]
RSSI: -90 [da:2a:7e:cd:12:bc]
RSSI: -91 [da:22:f7:1b:03:6b]
RSSI: -76 [da:2a:7e:d9:12:dc]
RSSI: -77 [da:2a:7e:d9:12:dc]
RSSI: -92 [da:22:f7:27:03:8b]
RSSI: -74 [da:2a:7e:e7:13:0c]
RSSI: -74 [da:2a:7e:f4:13:2c]
RSSI: -77 [da:2a:7e:f4:13:2c]
RSSI: -74 [da:2a:7f:00:13:5c]
RSSI: -74 [da:2a:7f:00:13:5c]
RSSI: -78 [da:2a:7f:0d:13:7c]
RSSI: -77 [da:2a:7f:1a:13:ac]
RSSI: -80 [da:2a:7f:1a:13:ac]
RSSI: -84 [da:2a:7f:27:13:cc]
RSSI: -78 [da:2a:7f:34:13:fc]
RSSI: -79 [da:2a:7f:41:14:1c]
RSSI: -77 [da:2a:7f:41:14:1c]
RSSI: -70 [da:2a:7f:4e:14:4c]
RSSI: -70 [da:2a:7f:4e:14:4c]
RSSI: -67 [da:2a:7f:5b:14:6c]
RSSI: -70 [da:2a:7f:68:14:9c]
RSSI: -64 [da:2a:7f:75:14:bc]
RSSI: -64 [da:2a:7f:75:14:bc]
RSSI: -64 [da:2a:7f:82:14:ec]
RSSI: -64 [da:2a:7f:8f:15:1c]
RSSI: -61 [da:2a:7f:9c:15:3c]
RSSI: -93 [da:24:db:db:14:fa]
RSSI: -61 [da:2a:7f:a9:15:6c]
RSSI: -60 [da:2a:7f:a9:15:6c]
RSSI: -62 [da:2a:7f:b6:15:8c]
RSSI: -59 [da:2a:7f:c2:15:bc]
RSSI: -92 [da:24:dc:05:15:6a]
RSSI: -60 [da:2a:7f:d0:15:dc]
RSSI: -90 [da:24:dc:13:15:9a]
RSSI: -59 [da:2a:7f:d0:15:dc]
RSSI: -61 [da:2a:7f:dd:16:0c]
RSSI: -59 [da:2a:7f:e9:16:2c]
RSSI: -90 [da:24:dc:2e:15:ea]
RSSI: -60 [da:2a:7f:f7:16:5c]
RSSI: -60 [da:2a:7f:f7:16:5c]
RSSI: -62 [da:2a:80:04:00:0c]
RSSI: -62 [da:2a:80:04:00:0c]
RSSI: -61 [da:2a:80:10:00:2c]
RSSI: -92 [da:24:dc:58:00:2a]
RSSI: -64 [da:2a:80:1d:00:5c]
RSSI: -64 [da:2a:80:1d:00:5c]
RSSI: -87 [da:27:e5:7d:08:8e]
RSSI: -67 [da:2a:80:2b:00:7c]
RSSI: -87 [da:27:e5:7d:08:8e]
RSSI: -67 [da:2a:80:2b:00:7c]
RSSI: -70 [da:2a:80:37:00:ac]
RSSI: -73 [da:2a:80:44:00:cc]
RSSI: -87 [da:2a:80:51:00:fc]
RSSI: -81 [da:2a:80:51:00:fc]
RSSI: -76 [da:2a:80:5e:01:1c]
RSSI: -74 [da:2a:80:5e:01:1c]
RSSI: -73 [da:2a:80:6b:01:4c]
RSSI: -73 [da:2a:80:6b:01:4c]
RSSI: -70 [da:2a:80:6b:01:4c]
RSSI: -70 [da:2a:80:78:01:6c]
RSSI: -69 [da:2a:80:78:01:6c]
RSSI: -69 [da:2a:80:85:01:9c]
RSSI: -70 [da:2a:80:85:01:9c]
RSSI: -70 [da:2a:80:92:01:bc]
RSSI: -70 [da:2a:80:92:01:bc]
RSSI: -87 [da:27:e5:ef:09:de]
RSSI: -72 [da:2a:80:9f:01:ec]
RSSI: -73 [da:2a:80:ac:02:0c]
RSSI: -88 [da:27:e5:fe:0a:0e]
RSSI: -77 [da:2a:80:ac:02:0c]
RSSI: -76 [da:2a:80:b9:02:3c]
RSSI: -87 [da:27:e6:0b:0a:2e]
RSSI: -78 [da:2a:80:b9:02:3c]
RSSI: -89 [da:27:e6:0b:0a:2e]
RSSI: -79 [da:2a:80:c6:02:5c]
RSSI: -89 [da:27:e6:1a:0a:5e]
RSSI: -78 [da:2a:80:d3:02:8c]
RSSI: -81 [da:27:e6:2a:0a:8e]
RSSI: -77 [da:2a:80:d3:02:8c]
RSSI: -81 [da:27:e6:2a:0a:8e]
RSSI: -76 [da:2a:80:e0:02:bc]
RSSI: -88 [da:27:e6:36:0a:ae]
RSSI: -82 [da:27:e6:36:0a:ae]
RSSI: -86 [da:27:e6:46:0a:de]
RSSI: -75 [da:2a:80:fa:03:0c]
RSSI: -79 [da:2a:80:fa:03:0c]
RSSI: -78 [da:2a:80:fa:03:0c]
RSSI: -80 [da:27:e6:62:0b:2e]
RSSI: -88 [da:24:dd:50:02:ea]
RSSI: -88 [da:24:dd:5f:03:1a]
RSSI: -84 [da:24:dd:5f:03:1a]
RSSI: -82 [da:27:e6:71:0b:5e]
RSSI: -82 [da:27:e6:71:0b:5e]
RSSI: -81 [da:2a:81:21:03:7c]
RSSI: -81 [da:27:e6:71:0b:5e]
RSSI: -82 [da:27:e6:80:0b:8e]
RSSI: -75 [da:2a:81:2e:03:ac]
RSSI: -82 [da:27:e6:80:0b:8e]
RSSI: -75 [da:2a:81:2e:03:ac]
RSSI: -81 [da:27:e6:8d:0b:ae]
RSSI: -75 [da:2a:81:3b:03:cc]
RSSI: -80 [da:27:e6:8d:0b:ae]
RSSI: -85 [da:24:dd:88:03:8a]
RSSI: -76 [da:2a:81:48:03:fc]
RSSI: -80 [da:27:e6:9c:0b:de]
RSSI: -76 [da:2a:81:55:04:1c]
RSSI: -80 [da:27:e6:ac:0c:0e]
RSSI: -85 [da:24:dd:95:03:aa]
RSSI: -80 [da:27:e6:ac:0c:0e]
RSSI: -85 [da:24:dd:a3:03:da]
RSSI: -77 [da:2a:81:62:04:4c]
RSSI: -83 [da:27:e6:b8:0c:2e]
RSSI: -82 [da:27:e6:b8:0c:2e]
RSSI: -83 [da:24:dd:b2:03:fa]
RSSI: -82 [da:27:e6:b8:0c:2e]
RSSI: -83 [da:24:dd:b2:03:fa]
RSSI: -76 [da:2a:81:6f:04:6c]
RSSI: -83 [da:27:e6:c8:0c:5e]
RSSI: -81 [da:24:dd:bf:04:2a]
RSSI: -81 [da:24:dd:bf:04:2a]
RSSI: -80 [da:27:e6:d7:0c:8e]
RSSI: -86 [da:27:e6:e3:0c:ae]
RSSI: -76 [da:2a:81:96:04:ec]
RSSI: -78 [da:24:dd:db:04:7a]
RSSI: -76 [da:2a:81:96:04:ec]
RSSI: -78 [da:24:dd:e8:04:9a]
RSSI: -88 [da:27:e6:f3:0c:de]
RSSI: -77 [da:2a:81:a3:05:0c]
RSSI: -78 [da:24:dd:e8:04:9a]
RSSI: -86 [da:27:e7:02:0d:0e]
RSSI: -76 [da:24:dd:f7:04:ca]
RSSI: -87 [da:27:e7:02:0d:0e]
RSSI: -76 [da:24:dd:f7:04:ca]
RSSI: -76 [da:2a:81:bd:05:5c]
RSSI: -86 [da:27:e7:0f:0d:2e]
RSSI: -76 [da:24:de:05:04:fa]
RSSI: -88 [da:27:e7:0f:0d:2e]
RSSI: -76 [da:24:de:05:04:fa]
RSSI: -80 [da:2a:81:cb:05:8c]
RSSI: -76 [da:24:de:12:05:1a]
RSSI: -75 [da:24:de:20:05:3a]
RSSI: -77 [da:2a:81:d8:05:bc]
RSSI: -78 [da:2a:81:e4:05:dc]
RSSI: -75 [da:24:de:2f:05:6a]
RSSI: -80 [da:2a:81:e4:05:dc]
RSSI: -76 [da:24:de:2f:05:6a]
RSSI: -78 [da:2a:81:f2:06:0c]
RSSI: -81 [da:2a:81:f2:06:0c]
RSSI: -75 [da:24:de:3b:05:8a]
RSSI: -76 [da:24:de:4a:05:ba]
RSSI: -85 [da:2a:81:ff:06:2c]
RSSI: -74 [da:24:de:4a:05:ba]
RSSI: -82 [da:2a:82:0b:06:5c]
RSSI: -76 [da:24:de:58:05:ea]
RSSI: -76 [da:24:de:58:05:ea]
RSSI: -76 [da:24:de:58:05:ea]
RSSI: -82 [da:2a:82:19:06:8c]
RSSI: -85 [da:2a:82:26:06:ac]
RSSI: -75 [da:24:de:65:06:0a]
RSSI: -87 [da:2a:82:26:06:ac]
RSSI: -87 [da:2a:82:26:06:ac]
RSSI: -76 [da:24:de:73:06:3a]
RSSI: -87 [da:2a:82:33:06:dc]
RSSI: -77 [da:24:de:82:06:5a]
RSSI: -86 [da:2a:82:40:06:fc]
RSSI: -84 [da:2a:82:4d:07:2c]
RSSI: -77 [da:24:de:8e:06:7a]
RSSI: -78 [da:24:de:8e:06:7a]
RSSI: -80 [da:24:de:9d:06:aa]
RSSI: -80 [da:2a:82:5a:07:5c]
RSSI: -78 [da:24:de:9d:06:aa]
RSSI: -77 [da:24:de:ac:06:da]
RSSI: -82 [da:2a:82:67:07:7c]
RSSI: -81 [da:24:de:ac:06:da]
RSSI: -82 [da:2a:82:67:07:7c]
RSSI: -81 [da:2a:82:74:07:ac]
RSSI: -79 [da:24:de:b8:06:fa]
RSSI: -82 [da:2a:82:74:07:ac]
RSSI: -81 [da:24:de:b8:06:fa]
RSSI: -80 [da:24:de:c7:07:2a]
RSSI: -82 [da:2a:82:81:07:cc]
RSSI: -80 [da:24:de:c7:07:2a]
RSSI: -86 [da:24:de:d5:07:4a]
RSSI: -82 [da:2a:82:9b:08:2c]
RSSI: -84 [da:2a:82:9b:08:2c]
RSSI: -85 [da:2a:82:9b:08:2c]
RSSI: -85 [da:24:de:f0:07:9a]
RSSI: -85 [da:2a:82:a8:08:4c]
RSSI: -84 [da:2a:82:b5:08:7c]
RSSI: -85 [da:2a:82:c3:08:9c]
RSSI: -95 [da:27:e8:13:10:1e]
RSSI: -82 [da:2a:82:cf:08:cc]
RSSI: -94 [da:24:df:1a:08:1a]
RSSI: -83 [da:2a:82:dd:08:fc]
RSSI: -84 [da:2a:82:dd:08:fc]
RSSI: -88 [da:24:df:29:08:3a]
RSSI: -89 [da:24:df:29:08:3a]
RSSI: -84 [da:2a:82:ea:09:1c]
RSSI: -89 [da:24:df:35:08:6a]
RSSI: -82 [da:2a:82:f6:09:4c]
RSSI: -80 [da:2a:83:04:09:6c]
RSSI: -84 [da:2a:83:04:09:6c]
RSSI: -86 [da:24:df:52:08:ba]
RSSI: -78 [da:2a:83:11:09:9c]
RSSI: -79 [da:2a:83:1e:09:cc]
RSSI: -76 [da:2a:83:1e:09:cc]
RSSI: -76 [da:2a:83:2b:09:ec]
RSSI: -90 [da:27:e8:7a:11:3e]
RSSI: -78 [da:2a:83:2b:09:ec]
RSSI: -75 [da:2a:83:38:0a:1c]
RSSI: -76 [da:2a:83:38:0a:1c]
RSSI: -76 [da:2a:83:45:0a:3c]
RSSI: -86 [da:24:df:89:09:5a]
RSSI: -77 [da:2a:83:45:0a:3c]
RSSI: -75 [da:2a:83:45:0a:3c]
RSSI: -90 [da:24:df:89:09:5a]
RSSI: -74 [da:2a:83:45:0a:3c]
RSSI: -76 [da:2a:83:52:0a:6c]
RSSI: -76 [da:2a:83:52:0a:6c]
RSSI: -86 [da:24:df:97:09:8a]
RSSI: -76 [da:2a:83:60:0a:9c]
RSSI: -87 [da:24:df:a6:09:aa]
RSSI: -75 [da:2a:83:60:0a:9c]
RSSI: -87 [da:24:df:a6:09:aa]
RSSI: -78 [da:2a:83:6c:0a:bc]
RSSI: -88 [da:24:df:b2:09:da]
RSSI: -76 [da:2a:83:6c:0a:bc]
RSSI: -80 [da:2a:83:7a:0a:ec]
RSSI: -76 [da:2a:83:87:0b:1c]
RSSI: -88 [da:24:df:d0:0a:2a]
RSSI: -83 [da:2a:83:93:0b:3c]
RSSI: -80 [da:2a:83:93:0b:3c]
RSSI: -87 [da:24:df:dc:0a:4a]
RSSI: -87 [da:2a:83:a1:0b:6c]
RSSI: -87 [da:24:df:eb:0a:7a]
RSSI: -78 [da:2a:83:ae:0b:8c]
RSSI: -78 [da:2a:83:ae:0b:8c]
RSSI: -85 [da:2a:83:bb:0b:bc]
RSSI: -85 [da:2a:83:bb:0b:bc]
RSSI: -78 [da:2a:83:d5:0c:0c]
RSSI: -82 [da:2a:83:ef:0c:5c]
RSSI: -84 [da:2a:83:ef:0c:5c]
RSSI: -90 [da:24:e0:4d:0b:8a]
RSSI: -75 [da:2a:84:17:0c:dc]
RSSI: -75 [da:2a:84:17:0c:dc]
RSSI: -75 [da:2a:84:24:0d:0c]
RSSI: -74 [da:2a:84:24:0d:0c]
RSSI: -75 [da:2a:84:31:0d:2c]
RSSI: -74 [da:2a:84:43:0d:6c]
RSSI: -75 [da:2a:84:43:0d:6c]
RSSI: -78 [da:2a:84:54:0d:9c]
RSSI: -76 [da:2a:84:54:0d:9c]
RSSI: -88 [da:24:e0:a1:0c:7a]
RSSI: -79 [da:2a:84:60:0d:cc]
RSSI: -87 [da:24:e0:ad:0c:aa]
RSSI: -77 [da:2a:84:6e:0d:ec]
RSSI: -78 [da:2a:84:7b:0e:1c]
RSSI: -74 [da:2a:84:7b:0e:1c]
RSSI: -90 [da:24:e0:ca:0c:fa]
RSSI: -78 [da:2a:84:88:0e:4c]
RSSI: -91 [da:24:e0:d7:0d:1a]
RSSI: -75 [da:2a:84:95:0e:6c]
RSSI: -85 [da:2a:84:af:0e:bc]
RSSI: -88 [da:24:e0:f4:0d:7a]
RSSI: -84 [da:2a:84:af:0e:bc]
RSSI: -80 [da:2a:84:af:0e:bc]
RSSI: -81 [da:2a:84:bc:0e:ec]
RSSI: -87 [da:24:e1:01:0d:9a]
RSSI: -79 [da:2a:84:ca:0f:1c]
RSSI: -88 [da:24:e1:1e:0d:ea]
RSSI: -81 [da:2a:84:d6:0f:3c]
RSSI: -80 [da:2a:84:d6:0f:3c]
RSSI: -89 [da:24:e1:1e:0d:ea]
RSSI: -78 [da:2a:84:e4:0f:6c]
RSSI: -81 [da:2a:84:e4:0f:6c]
RSSI: -80 [da:2a:84:f1:0f:8c]
RSSI: -83 [da:2a:84:fe:0f:bc]
RSSI: -85 [da:2a:84:fe:0f:bc]
RSSI: -82 [da:2a:85:0b:0f:dc]
RSSI: -85 [da:2a:85:19:10:0c]
RSSI: -83 [da:2a:85:19:10:0c]
RSSI: -83 [da:2a:85:25:10:3c]
RSSI: -84 [da:2a:85:25:10:3c]
RSSI: -89 [da:24:e1:72:0e:da]
RSSI: -87 [da:2a:85:33:10:5c]
RSSI: -92 [da:24:e1:8d:0f:2a]
RSSI: -92 [da:2a:85:5a:10:dc]
RSSI: -88 [da:2a:85:68:11:0c]
RSSI: -86 [da:2a:85:74:11:2c]
RSSI: -85 [da:2a:85:8f:11:8c]
RSSI: -84 [da:2a:85:9c:11:ac]
RSSI: -85 [da:2a:85:a9:11:dc]
RSSI: -84 [da:2a:85:a9:11:dc]
RSSI: -87 [da:2a:85:b7:12:0c]
RSSI: -85 [da:2a:85:d1:12:5c]
RSSI: -86 [da:2a:85:d1:12:5c]
RSSI: -82 [da:2a:85:de:12:7c]
RSSI: -80 [da:2a:85:de:12:7c]
RSSI: -82 [da:2a:85:eb:12:ac]
RSSI: -83 [da:2a:85:eb:12:ac]
RSSI: -79 [da:2a:85:f8:12:dc]
RSSI: -79 [da:2a:85:f8:12:dc]
RSSI: -79 [da:2a:85:f8:12:dc]
RSSI: -79 [da:2a:86:06:12:fc]
RSSI: -84 [da:2a:86:12:13:2c]
RSSI: -81 [da:2a:86:20:13:4c]
RSSI: -80 [da:2a:86:20:13:4c]
RSSI: -82 [da:2a:86:3a:13:9c]
RSSI: -83 [da:2a:86:3a:13:9c]
RSSI: -82 [da:2a:86:47:13:cc]
RSSI: -79 [da:2a:86:47:13:cc]
RSSI: -75 [da:2a:86:55:13:fc]
RSSI: -74 [da:2a:86:61:14:1c]
RSSI: -68 [da:2a:86:7c:14:6c]
RSSI: -68 [da:2a:86:7c:14:6c]
RSSI: -67 [da:2a:86:89:14:9c]
RSSI: -64 [da:2a:86:97:14:cc]
RSSI: -90 [da:24:e2:dd:12:da]
RSSI: -63 [da:2a:86:b1:15:1c]
RSSI: -63 [da:2a:86:b1:15:1c]
RSSI: -61 [da:2a:86:be:15:3c]
RSSI: -88 [da:24:e3:08:13:5a]
RSSI: -62 [da:2a:86:be:15:3c]
RSSI: -90 [da:24:e3:08:13:5a]
RSSI: -63 [da:2a:86:cc:15:6c]
RSSI: -61 [da:2a:86:cc:15:6c]
RSSI: -61 [da:2a:86:d8:15:8c]
RSSI: -63 [da:2a:86:d8:15:8c]
RSSI: -92 [da:24:e3:23:13:aa]
RSSI: -90 [da:24:e3:23:13:aa]
RSSI: -61 [da:2a:86:e6:15:bc]
RSSI: -62 [da:2a:86:e6:15:bc]
RSSI: -62 [da:2a:86:f3:15:ec]
RSSI: -61 [da:2a:86:f3:15:ec]
RSSI: -91 [da:24:e3:40:13:fa]
RSSI: -63 [da:2a:87:00:16:0c]
RSSI: -92 [da:24:e3:4d:14:1a]
RSSI: -63 [da:2a:87:0e:16:3c]
RSSI: -89 [da:24:e3:6a:14:7a]
RSSI: -66 [da:2a:87:28:00:0c]
RSSI: -90 [da:24:e3:77:14:9a]
RSSI: -68 [da:2a:87:35:00:2c]
RSSI: -89 [da:24:e3:86:14:ba]
RSSI: -69 [da:2a:87:43:00:5c]
RSSI: -89 [da:24:e3:86:14:ba]
RSSI: -75 [da:2a:87:4f:00:7c]
RSSI: -89 [da:2a:87:6a:00:cc]
RSSI: -88 [da:24:e3:bf:15:5a]
RSSI: -79 [da:2a:87:77:00:fc]
RSSI: -88 [da:24:e3:bf:15:5a]
RSSI: -76 [da:2a:87:77:00:fc]
RSSI: -88 [da:24:e3:bf:15:5a]
RSSI: -72 [da:2a:87:85:01:2c]
RSSI: -87 [da:24:e3:cb:15:7a]
RSSI: -72 [da:2a:87:92:01:4c]
RSSI: -72 [da:2a:87:92:01:4c]
RSSI: -87 [da:24:e3:da:15:aa]
RSSI: -73 [da:2a:87:9f:01:7c]
RSSI: -72 [da:2a:87:9f:01:7c]
RSSI: -89 [da:24:e3:e9:15:da]
RSSI: -75 [da:2a:87:ac:01:9c]
RSSI: -88 [da:24:e3:f5:15:fa]
RSSI: -75 [da:2a:87:ac:01:9c]
RSSI: -75 [da:2a:87:ba:01:cc]
RSSI: -91 [da:24:e4:04:16:2a]
RSSI: -78 [da:2a:87:c6:01:fc]
RSSI: -80 [da:2a:87:c6:01:fc]
RSSI: -82 [da:2a:87:d4:02:1c]
RSSI: -80 [da:2a:87:e2:02:4c]
RSSI: -80 [da:2a:87:ee:02:7c]
RSSI: -79 [da:2a:87:fc:02:9c]
RSSI: -79 [da:2a:87:fc:02:9c]
RSSI: -78 [da:2a:87:fc:02:9c]
RSSI: -79 [da:2a:88:09:02:cc]
RSSI: -92 [da:24:e4:51:00:da]
RSSI: -77 [da:2a:88:16:02:ec]
RSSI: -93 [da:24:e4:6e:01:3a]
RSSI: -93 [da:24:e4:6e:01:3a]
RSSI: -79 [da:2a:88:31:03:4c]
RSSI: -79 [da:2a:88:3e:03:6c]
RSSI: -78 [da:2a:88:3e:03:6c]
RSSI: -90 [da:27:ed:90:09:4e]
RSSI: -78 [da:2a:88:4b:03:9c]
RSSI: -77 [da:2a:88:4b:03:9c]
RSSI: -78 [da:2a:88:4b:03:9c]
RSSI: -77 [da:2a:88:59:03:bc]
RSSI: -77 [da:2a:88:65:03:ec]
RSSI: -78 [da:2a:88:65:03:ec]
RSSI: -80 [da:2a:88:73:04:0c]
RSSI: -81 [da:2a:88:73:04:0c]
RSSI: -81 [da:2a:88:81:04:3c]
RSSI: -78 [da:2a:88:8d:04:5c]
RSSI: -88 [da:24:e4:cf:02:4a]
RSSI: -88 [da:27:ed:e8:0a:4e]
RSSI: -81 [da:2a:88:9b:04:8c]
RSSI: -89 [da:27:ed:e8:0a:4e]
RSSI: -91 [da:24:e4:ed:02:9a]
RSSI: -82 [da:27:ee:08:0a:ae]
RSSI: -80 [da:2a:88:b5:04:dc]
RSSI: -84 [da:27:ee:14:0a:ce]
RSSI: -85 [da:27:ee:14:0a:ce]
RSSI: -90 [da:24:e5:09:02:ea]
RSSI: -87 [da:2a:88:d0:05:3c]
RSSI: -81 [da:2a:88:dd:05:5c]
RSSI: -87 [da:24:e5:24:03:3a]
RSSI: -83 [da:2a:88:eb:05:8c]
RSSI: -82 [da:27:ee:41:0b:4e]
RSSI: -89 [da:2a:88:f8:05:bc]
RSSI: -84 [da:24:e5:4e:03:ba]
RSSI: -84 [da:24:e5:4e:03:ba]
RSSI: -84 [da:24:e5:5d:03:ea]
RSSI: -82 [da:24:e5:5d:03:ea]
RSSI: -81 [da:2a:89:20:06:3c]
RSSI: -83 [da:24:e5:6c:04:0a]
RSSI: -82 [da:24:e5:6c:04:0a]
RSSI: -82 [da:27:ee:7c:0b:fe]
RSSI: -80 [da:24:e5:79:04:2a]
RSSI: -87 [da:27:ee:8c:0c:2e]
RSSI: -80 [da:24:e5:79:04:2a]
RSSI: -86 [da:2a:89:3a:06:8c]
RSSI: -81 [da:27:ee:8c:0c:2e]
RSSI: -81 [da:24:e5:88:04:5a]
RSSI: -86 [da:27:ee:99:0c:4e]
RSSI: -78 [da:24:e5:88:04:5a]
RSSI: -78 [da:2a:89:48:06:ac]
RSSI: -78 [da:24:e5:96:04:8a]
RSSI: -78 [da:24:e5:96:04:8a]
RSSI: -76 [da:24:e5:a3:04:aa]
RSSI: -77 [da:24:e5:a3:04:aa]
RSSI: -86 [da:2a:89:62:07:0c]
RSSI: -77 [da:24:e5:b2:04:da]
RSSI: -79 [da:2a:89:70:07:2c]
RSSI: -76 [da:24:e5:b2:04:da]
RSSI: -84 [da:27:ee:c5:0c:ce]
RSSI: -77 [da:24:e5:c1:04:fa]
RSSI: -88 [da:27:ee:d5:0c:fe]
RSSI: -77 [da:2a:89:7c:07:5c]
RSSI: -89 [da:27:ee:d5:0c:fe]
RSSI: -81 [da:2a:89:8a:07:7c]
RSSI: -75 [da:24:e5:cd:05:2a]
RSSI: -89 [da:2a:89:8a:07:7c]
RSSI: -89 [da:27:ee:e4:0d:2e]
RSSI: -78 [da:2a:89:98:07:ac]
RSSI: -75 [da:24:e5:dc:05:4a]
RSSI: -79 [da:2a:89:98:07:ac]
RSSI: -74 [da:24:e5:dc:05:4a]
RSSI: -75 [da:24:e5:eb:05:7a]
RSSI: -75 [da:24:e5:eb:05:7a]
RSSI: -93 [da:27:ef:01:0d:7e]
RSSI: -86 [da:2a:89:b2:07:fc]
RSSI: -75 [da:24:e5:f8:05:9a]
RSSI: -87 [da:2a:89:b2:07:fc]
RSSI: -87 [da:2a:89:c0:08:2c]
RSSI: -85 [da:2a:89:c0:08:2c]
RSSI: -73 [da:24:e6:07:05:ca]
RSSI: -77 [da:24:e6:15:05:ea]
RSSI: -76 [da:24:e6:22:06:1a]
RSSI: -76 [da:24:e6:22:06:1a]
RSSI: -83 [da:2a:89:e8:08:ac]
RSSI: -84 [da:2a:89:e8:08:ac]
RSSI: -76 [da:24:e6:31:06:3a]
RSSI: -76 [da:24:e6:40:06:6a]
RSSI: -92 [da:2a:89:f4:08:cc]
RSSI: -75 [da:24:e6:40:06:6a]
RSSI: -88 [da:2a:8a:02:08:fc]
RSSI: -77 [da:24:e6:4d:06:8a]
RSSI: -88 [da:2a:8a:10:09:2c]
RSSI: -78 [da:24:e6:5b:06:ba]
RSSI: -79 [da:24:e6:5b:06:ba]
RSSI: -80 [da:24:e6:6a:06:da]
RSSI: -80 [da:24:e6:6a:06:da]
RSSI: -81 [da:2a:8a:2a:09:7c]
RSSI: -80 [da:24:e6:77:07:0a]
RSSI: -83 [da:2a:8a:38:09:ac]
RSSI: -83 [da:24:e6:77:07:0a]
RSSI: -83 [da:2a:8a:38:09:ac]
RSSI: -83 [da:2a:8a:44:09:cc]
RSSI: -82 [da:2a:8a:52:09:fc]
RSSI: -84 [da:24:e6:95:07:5a]
RSSI: -78 [da:2a:8a:52:09:fc]
RSSI: -82 [da:2a:8a:60:0a:2c]
RSSI: -81 [da:2a:8a:60:0a:2c]
RSSI: -78 [da:2a:8a:6c:0a:4c]
RSSI: -82 [da:2a:8a:6c:0a:4c]
RSSI: -81 [da:2a:8a:7a:0a:7c]
RSSI: -79 [da:2a:8a:7a:0a:7c]
RSSI: -81 [da:2a:8a:88:0a:ac]
RSSI: -85 [da:24:e6:db:08:1a]
RSSI: -80 [da:2a:8a:94:0a:cc]
RSSI: -85 [da:24:e6:db:08:1a]
RSSI: -81 [da:2a:8a:a2:0a:fc]
RSSI: -86 [da:24:e6:ea:08:4a]
RSSI: -85 [da:24:e6:f6:08:6a]
RSSI: -88 [da:2a:8a:b0:0b:2c]
RSSI: -86 [da:24:e6:f6:08:6a]
RSSI: -79 [da:2a:8a:bc:0b:4c]
RSSI: -79 [da:2a:8a:bc:0b:4c]
RSSI: -85 [da:24:e7:05:08:9a]
RSSI: -84 [da:2a:8a:ca:0b:7c]
RSSI: -84 [da:2a:8a:ca:0b:7c]
RSSI: -88 [da:2a:8a:d8:0b:ac]
RSSI: -88 [da:24:e7:21:08:ea]
RSSI: -79 [da:2a:8a:e4:0b:cc]
RSSI: -86 [da:24:e7:30:09:1a]
RSSI: -81 [da:2a:8a:f2:0b:fc]
RSSI: -85 [da:24:e7:3f:09:3a]
RSSI: -82 [da:2a:8b:00:0c:2c]
RSSI: -85 [da:24:e7:4b:09:6a]
RSSI: -81 [da:2a:8b:0c:0c:4c]
RSSI: -81 [da:2a:8b:1a:0c:7c]
RSSI: -77 [da:2a:8b:28:0c:ac]
RSSI: -92 [da:24:e7:69:09:ba]
RSSI: -74 [da:2a:8b:28:0c:ac]
RSSI: -90 [da:24:e7:76:09:da]
RSSI: -77 [da:2a:8b:34:0c:cc]
RSSI: -88 [da:24:e7:85:0a:0a]
RSSI: -74 [da:2a:8b:42:0c:fc]
RSSI: -74 [da:2a:8b:50:0d:2c]
RSSI: -89 [da:24:e7:a0:0a:5a]
RSSI: -80 [da:2a:8b:5d:0d:4c]
RSSI: -76 [da:2a:8b:5d:0d:4c]
RSSI: -74 [da:2a:8b:6a:0d:7c]
RSSI: -80 [da:2a:8b:6a:0d:7c]
RSSI: -79 [da:2a:8b:78:0d:ac]
RSSI: -76 [da:2a:8b:78:0d:ac]
RSSI: -78 [da:2a:8b:85:0d:cc]
RSSI: -78 [da:2a:8b:85:0d:cc]
RSSI: -78 [da:2a:8b:93:0d:fc]
RSSI: -78 [da:2a:8b:93:0d:fc]
RSSI: -76 [da:2a:8b:a0:0e:2c]
RSSI: -75 [da:2a:8b:a0:0e:2c]
RSSI: -81 [da:2a:8b:ad:0e:4c]
RSSI: -76 [da:2a:8b:ad:0e:4c]
RSSI: -79 [da:2a:8b:c8:0e:ac]
RSSI: -85 [da:2a:8b:d5:0e:cc]
RSSI: -82 [da:2a:8b:e3:0e:fc]
RSSI: -81 [da:2a:8b:f1:0f:2c]
RSSI: -82 [da:2a:8b:f1:0f:2c]
RSSI: -83 [da:2a:8b:fd:0f:4c]
RSSI: -85 [da:2a:8b:fd:0f:4c]
RSSI: -84 [da:2a:8b:fd:0f:4c]
RSSI: -87 [da:2a:8c:0b:0f:7c]
RSSI: -87 [da:2a:8c:25:0f:cc]
RSSI: -88 [da:2a:8c:25:0f:cc]
RSSI: -85 [da:2a:8c:33:0f:fc]
RSSI: -85 [da:2a:8c:69:10:ac]
RSSI: -90 [da:24:e8:af:0d:7a]
RSSI: -84 [da:2a:8c:69:10:ac]
RSSI: -84 [da:2a:8c:76:10:cc]
RSSI: -90 [da:24:e8:be:0d:9a]
RSSI: -83 [da:2a:8c:76:10:cc]
RSSI: -88 [da:24:e8:be:0d:9a]
RSSI: -81 [da:2a:8c:84:10:fc]
RSSI: -81 [da:2a:8c:84:10:fc]
RSSI: -82 [da:2a:8c:84:10:fc]
RSSI: -92 [da:24:e8:ca:0d:ca]
RSSI: -81 [da:2a:8c:91:11:2c]
RSSI: -81 [da:2a:8c:91:11:2c]
RSSI: -86 [da:2a:8c:9e:11:4c]
RSSI: -81 [da:2a:8c:9e:11:4c]
RSSI: -82 [da:2a:8c:ac:11:7c]
RSSI: -86 [da:2a:8c:ac:11:7c]
RSSI: -81 [da:2a:8c:ba:11:ac]
RSSI: -81 [da:2a:8c:ba:11:ac]
RSSI: -81 [da:2a:8c:c6:11:cc]
RSSI: -84 [da:2a:8c:d4:11:fc]
RSSI: -84 [da:2a:8c:e2:12:1c]
RSSI: -85 [da:2a:8c:e2:12:1c]
RSSI: -86 [da:2a:8c:e2:12:1c]
RSSI: -85 [da:2a:8c:ee:12:4c]
RSSI: -83 [da:2a:8c:ee:12:4c]
RSSI: -84 [da:2a:8c:ee:12:4c]
RSSI: -93 [da:24:e9:3e:0f:0a]
RSSI: -79 [da:2a:8c:fc:12:6c]
RSSI: -78 [da:2a:8d:0a:12:9c]
RSSI: -77 [da:2a:8d:17:12:bc]
RSSI: -75 [da:2a:8d:17:12:bc]
RSSI: -73 [da:2a:8d:25:12:ec]
RSSI: -77 [da:2a:8d:25:12:ec]
RSSI: -75 [da:2a:8d:32:13:1c]
RSSI: -72 [da:2a:8d:32:13:1c]
RSSI: -80 [da:2a:8d:3f:13:3c]
RSSI: -78 [da:2a:8d:3f:13:3c]
RSSI: -79 [da:2a:8d:5b:13:9c]
RSSI: -81 [da:2a:8d:5b:13:9c]
RSSI: -74 [da:2a:8d:67:13:bc]
RSSI: -70 [da:2a:8d:75:13:ec]
RSSI: -68 [da:2a:8d:75:13:ec]
RSSI: -70 [da:2a:8d:83:14:1c]
RSSI: -91 [da:23:05:d5:02:4b]
RSSI: -94 [da:23:05:e4:02:7b]
RSSI: -64 [da:2a:8d:9e:14:6c]
RSSI: -89 [da:23:05:e4:02:7b]
RSSI: -61 [da:2a:8d:9e:14:6c]
RSSI: -62 [da:2a:8d:ab:14:9c]
RSSI: -61 [da:2a:8d:ab:14:9c]
RSSI: -60 [da:2a:8d:b8:14:bc]
RSSI: -60 [da:2a:8d:b8:14:bc]
RSSI: -60 [da:2a:8d:c6:14:ec]
RSSI: -58 [da:2a:8d:c6:14:ec]
RSSI: -59 [da:2a:8d:d4:15:1c]
RSSI: -58 [da:2a:8d:e0:15:3c]
RSSI: -89 [da:23:06:2a:03:4b]
RSSI: -57 [da:2a:8d:ee:15:6c]
RSSI: -58 [da:2a:8d:fc:15:9c]
RSSI: -58 [da:2a:8e:09:15:bc]
RSSI: -58 [da:2a:8e:09:15:bc]
RSSI: -57 [da:2a:8e:17:15:ec]
RSSI: -58 [da:2a:8e:17:15:ec]
RSSI: -59 [da:2a:8e:25:16:0c]
RSSI: -58 [da:2a:8e:25:16:0c]
RSSI: -59 [da:2a:8e:31:16:3c]
RSSI: -61 [da:2a:8e:31:16:3c]
RSSI: -60 [da:2a:8e:3f:16:6c]
RSSI: -61 [da:2a:8e:3f:16:6c]
RSSI: -63 [da:2a:8e:4d:00:0c]
RSSI: -63 [da:2a:8e:4d:00:0c]
RSSI: -91 [da:24:ea:a1:13:0a]
RSSI: -67 [da:2a:8e:5a:00:2c]
RSSI: -73 [da:2a:8e:68:00:5c]
RSSI: -77 [da:2a:8e:76:00:7c]
RSSI: -82 [da:2a:8e:82:00:ac]
RSSI: -73 [da:2a:8e:90:00:dc]
RSSI: -76 [da:2a:8e:90:00:dc]
RSSI: -91 [da:24:ea:db:13:ba]
RSSI: -71 [da:2a:8e:9e:00:fc]
RSSI: -72 [da:2a:8e:ab:01:2c]
RSSI: -72 [da:2a:8e:ab:01:2c]
RSSI: -70 [da:2a:8e:ab:01:2c]
RSSI: -72 [da:2a:8e:b9:01:5c]
RSSI: -72 [da:2a:8e:b9:01:5c]
RSSI: -71 [da:2a:8e:c7:01:7c]
RSSI: -73 [da:2a:8e:c7:01:7c]
RSSI: -75 [da:2a:8e:d3:01:ac]
RSSI: -74 [da:2a:8e:d3:01:ac]
RSSI: -80 [da:2a:8e:e1:01:dc]
RSSI: -88 [da:24:eb:31:14:aa]
RSSI: -84 [da:2a:8e:ef:01:fc]
RSSI: -86 [da:24:eb:31:14:aa]
RSSI: -83 [da:2a:8e:fc:02:2c]
RSSI: -89 [da:24:eb:4c:14:fa]
RSSI: -79 [da:2a:8f:0a:02:5c]
RSSI: -79 [da:2a:8f:18:02:7c]
RSSI: -78 [da:2a:8f:18:02:7c]
RSSI: -87 [da:24:eb:6a:15:4a]
RSSI: -77 [da:2a:8f:24:02:ac]
RSSI: -85 [da:24:eb:6a:15:4a]
RSSI: -82 [da:2a:8f:24:02:ac]
RSSI: -77 [da:2a:8f:32:02:cc]
RSSI: -77 [da:2a:8f:32:02:cc]
RSSI: -79 [da:2a:8f:40:02:fc]
RSSI: -87 [da:24:eb:95:15:ca]
RSSI: -85 [da:2a:8f:4d:03:1c]
RSSI: -79 [da:2a:8f:5b:03:4c]
RSSI: -78 [da:2a:8f:75:03:9c]
RSSI: -88 [da:24:eb:c0:00:2a]
RSSI: -81 [da:2a:8f:83:03:cc]
RSSI: -81 [da:2a:8f:83:03:cc]
RSSI: -89 [da:24:eb:cd:00:4a]
RSSI: -89 [da:24:eb:dc:00:7a]
RSSI: -84 [da:2a:8f:9e:04:1c]
RSSI: -80 [da:2a:8f:ac:04:4c]
RSSI: -82 [da:2a:8f:ba:04:7c]
RSSI: -83 [da:2a:8f:c6:04:9c]
RSSI: -80 [da:2a:8f:d4:04:cc]
RSSI: -92 [da:24:ec:32:01:7a]
RSSI: -90 [da:2a:8f:fd:05:4c]
RSSI: -89 [da:2a:90:17:05:9c]
RSSI: -89 [da:2a:90:17:05:9c]
RSSI: -88 [da:2a:90:26:05:cc]
RSSI: -88 [da:2a:90:26:05:cc]
RSSI: -84 [da:2a:90:33:05:ec]
RSSI: -83 [da:2a:90:33:05:ec]
RSSI: -78 [da:2a:90:40:06:1c]
RSSI: -94 [da:24:ec:97:02:9a]
RSSI: -88 [da:2a:90:5c:06:6c]
RSSI: -80 [da:2a:90:69:06:9c]
RSSI: -91 [da:24:ec:c2:03:0a]
RSSI: -80 [da:2a:90:77:06:cc]
RSSI: -76 [da:2a:90:85:06:ec]
RSSI: -83 [da:2a:90:85:06:ec]
RSSI: -77 [da:2a:90:91:07:1c]
RSSI: -76 [da:2a:90:91:07:1c]
RSSI: -79 [da:2a:90:9f:07:4c]
RSSI: -91 [da:27:f5:f3:0a:fe]
RSSI: -76 [da:2a:90:9f:07:4c]
RSSI: -79 [da:2a:90:ad:07:6c]
RSSI: -89 [da:24:ec:fa:03:aa]
RSSI: -78 [da:2a:90:ba:07:9c]
RSSI: -85 [da:27:f6:0f:0b:5e]
RSSI: -87 [da:24:ed:09:03:da]
RSSI: -89 [da:27:f6:0f:0b:5e]
RSSI: -88 [da:24:ed:09:03:da]
RSSI: -78 [da:2a:90:c8:07:cc]
RSSI: -82 [da:2a:90:d6:07:fc]
RSSI: -83 [da:2a:90:d6:07:fc]
RSSI: -80 [da:2a:90:e3:08:1c]
RSSI: -83 [da:2a:90:f1:08:4c]
RSSI: -82 [da:24:ed:34:04:4a]
RSSI: -79 [da:2a:90:f1:08:4c]
RSSI: -86 [da:27:f6:4c:0b:fe]
RSSI: -80 [da:24:ed:44:04:7a]
RSSI: -86 [da:27:f6:4c:0b:fe]
RSSI: -81 [da:24:ed:44:04:7a]
RSSI: -82 [da:2a:90:ff:08:7c]
RSSI: -86 [da:27:f6:5c:0c:2e]
RSSI: -80 [da:24:ed:50:04:aa]
RSSI: -86 [da:27:f6:69:0c:5e]
RSSI: -82 [da:2a:91:1a:08:cc]
RSSI: -82 [da:2a:91:1a:08:cc]
RSSI: -84 [da:2a:91:27:08:fc]
RSSI: -79 [da:24:ed:6f:04:fa]
RSSI: -85 [da:27:f6:79:0c:8e]
RSSI: -76 [da:2a:91:27:08:fc]
RSSI: -78 [da:24:ed:7b:05:1a]
RSSI: -78 [da:24:ed:7b:05:1a]
RSSI: -81 [da:2a:91:42:09:4c]
RSSI: -77 [da:24:ed:8b:05:4a]
RSSI: -75 [da:2a:91:50:09:7c]
RSSI: -77 [da:24:ed:9a:05:7a]
RSSI: -77 [da:24:ed:9a:05:7a]
RSSI: -77 [da:2a:91:5d:09:ac]
RSSI: -77 [da:24:ed:a6:05:9a]
RSSI: -73 [da:2a:91:5d:09:ac]
RSSI: -78 [da:2a:91:6b:09:cc]
RSSI: -78 [da:24:ed:b6:05:ca]
RSSI: -77 [da:2a:91:6b:09:cc]
RSSI: -77 [da:24:ed:b6:05:ca]
RSSI: -73 [da:2a:91:79:09:fc]
RSSI: -77 [da:24:ed:b6:05:ca]
RSSI: -78 [da:2a:91:79:09:fc]
RSSI: -77 [da:24:ed:c5:05:fa]
RSSI: -76 [da:24:ed:c5:05:fa]
RSSI: -72 [da:2a:91:86:0a:2c]
RSSI: -77 [da:24:ed:d2:06:1a]
RSSI: -77 [da:2a:91:86:0a:2c]
RSSI: -73 [da:2a:91:99:0a:6c]
RSSI: -79 [da:24:ed:e1:06:4a]
RSSI: -81 [da:2a:91:a9:0a:9c]
RSSI: -78 [da:24:ed:f0:06:7a]
RSSI: -81 [da:2a:91:a9:0a:9c]
RSSI: -79 [da:24:ed:f0:06:7a]
RSSI: -76 [da:2a:91:b6:0a:bc]
RSSI: -79 [da:24:ed:fd:06:9a]
RSSI: -78 [da:24:ed:fd:06:9a]
RSSI: -77 [da:2a:91:c4:0a:ec]
RSSI: -76 [da:2a:91:c4:0a:ec]
RSSI: -82 [da:24:ee:0c:06:ca]
RSSI: -82 [da:24:ee:1b:06:ea]
RSSI: -82 [da:2a:91:d2:0b:1c]
RSSI: -82 [da:24:ee:1b:06:ea]
RSSI: -76 [da:2a:91:df:0b:3c]
RSSI: -82 [da:24:ee:28:07:1a]
RSSI: -82 [da:24:ee:28:07:1a]
RSSI: -77 [da:2a:91:ed:0b:6c]
RSSI: -76 [da:2a:91:ed:0b:6c]
RSSI: -83 [da:24:ee:37:07:3a]
RSSI: -86 [da:24:ee:47:07:6a]
RSSI: -85 [da:2a:92:15:0b:ec]
RSSI: -81 [da:2a:92:24:0c:1c]
RSSI: -88 [da:24:ee:72:07:ea]
RSSI: -78 [da:2a:92:30:0c:3c]
RSSI: -77 [da:2a:92:30:0c:3c]
RSSI: -80 [da:2a:92:3e:0c:6c]
RSSI: -76 [da:2a:92:3e:0c:6c]
RSSI: -75 [da:2a:92:4c:0c:9c]
RSSI: -88 [da:24:ee:8e:08:3a]
RSSI: -76 [da:2a:92:4c:0c:9c]
RSSI: -87 [da:24:ee:9d:08:6a]
RSSI: -76 [da:2a:92:59:0c:cc]
RSSI: -86 [da:24:ee:9d:08:6a]
RSSI: -74 [da:2a:92:59:0c:cc]
RSSI: -85 [da:24:ee:aa:08:8a]
RSSI: -78 [da:2a:92:67:0c:ec]
RSSI: -75 [da:2a:92:75:0d:1c]
RSSI: -78 [da:2a:92:82:0d:4c]
RSSI: -78 [da:2a:92:90:0d:7c]
RSSI: -80 [da:2a:92:90:0d:7c]
RSSI: -80 [da:2a:92:9e:0d:9c]
RSSI: -78 [da:2a:92:9e:0d:9c]
RSSI: -77 [da:2a:92:ab:0d:cc]
RSSI: -79 [da:2a:92:ab:0d:cc]
RSSI: -84 [da:24:ee:f3:09:5a]
RSSI: -78 [da:2a:92:b9:0d:fc]
RSSI: -85 [da:24:ef:00:09:8a]
RSSI: -82 [da:2a:92:c7:0e:1c]
RSSI: -85 [da:24:ef:0f:09:aa]
RSSI: -86 [da:24:ef:0f:09:aa]
RSSI: -78 [da:2a:92:d4:0e:4c]
RSSI: -86 [da:2a:92:e2:0e:7c]
RSSI: -82 [da:2a:92:f0:0e:9c]
RSSI: -81 [da:2a:92:f0:0e:9c]
RSSI: -80 [da:2a:92:f0:0e:9c]
RSSI: -88 [da:24:ef:3b:0a:2a]
RSSI: -85 [da:2a:92:fc:0e:cc]
RSSI: -79 [da:2a:92:fc:0e:cc]
RSSI: -87 [da:24:ef:4a:0a:5a]
RSSI: -78 [da:2a:93:0b:0e:fc]
RSSI: -79 [da:2a:93:0b:0e:fc]
RSSI: -88 [da:24:ef:57:0a:7a]
RSSI: -81 [da:2a:93:19:0f:2c]
RSSI: -82 [da:2a:93:19:0f:2c]
RSSI: -90 [da:24:ef:75:0a:da]
RSSI: -87 [da:2a:93:34:0f:7c]
RSSI: -84 [da:2a:93:42:0f:ac]
RSSI: -87 [da:2a:93:42:0f:ac]
RSSI: -81 [da:2a:93:4e:0f:cc]
RSSI: -84 [da:2a:93:4e:0f:cc]
RSSI: -83 [da:2a:93:5d:0f:fc]
RSSI: -92 [da:24:ef:ad:0b:7a]
RSSI: -86 [da:2a:93:6b:10:2c]
RSSI: -87 [da:2a:93:77:10:4c]
RSSI: -89 [da:2a:93:77:10:4c]
RSSI: -83 [da:2a:93:86:10:7c]
RSSI: -83 [da:2a:93:94:10:ac]
RSSI: -84 [da:2a:93:94:10:ac]
RSSI: -83 [da:2a:93:a0:10:cc]
RSSI: -84 [da:2a:93:a0:10:cc]
RSSI: -84 [da:2a:93:a0:10:cc]
RSSI: -90 [da:2a:93:bd:11:2c]
RSSI: -88 [da:2a:93:c9:11:4c]
RSSI: -86 [da:2a:93:c9:11:4c]
RSSI: -86 [da:2a:93:d7:11:7c]
RSSI: -87 [da:2a:93:d7:11:7c]
RSSI: -89 [da:2a:93:d7:11:7c]
RSSI: -88 [da:2a:93:e6:11:ac]
RSSI: -90 [da:2a:93:e6:11:ac]
RSSI: -90 [da:24:f0:4e:0d:4a]
RSSI: -84 [da:2a:94:0f:12:2c]
RSSI: -88 [da:24:f0:6a:0d:9a]
RSSI: -80 [da:2a:94:2a:12:8c]
RSSI: -89 [da:24:f0:6a:0d:9a]
RSSI: -79 [da:2a:94:2a:12:8c]
RSSI: -82 [da:2a:94:2a:12:8c]
RSSI: -88 [da:24:f0:79:0d:ca]
RSSI: -77 [da:2a:94:38:12:ac]
RSSI: -88 [da:24:f0:79:0d:ca]
RSSI: -76 [da:2a:94:38:12:ac]
RSSI: -77 [da:2a:94:44:12:dc]
RSSI: -78 [da:2a:94:44:12:dc]
RSSI: -74 [da:2a:94:53:13:0c]
RSSI: -75 [da:2a:94:53:13:0c]
RSSI: -79 [da:2a:94:61:13:2c]
RSSI: -86 [da:2a:94:6e:13:5c]
RSSI: -79 [da:2a:94:7c:13:8c]
RSSI: -80 [da:2a:94:7c:13:8c]
RSSI: -95 [da:23:0c:d4:00:8b]
RSSI: -70 [da:2a:94:97:13:dc]
RSSI: -90 [da:23:0c:e3:00:ab]
RSSI: -68 [da:2a:94:97:13:dc]
RSSI: -68 [da:2a:94:a5:14:0c]
RSSI: -66 [da:2a:94:a5:14:0c]
RSSI: -64 [da:2a:94:c0:14:5c]
RSSI: -62 [da:2a:94:c0:14:5c]
RSSI: -93 [da:23:0d:0e:01:2b]
RSSI: -62 [da:2a:94:ce:14:8c]
RSSI: -60 [da:2a:94:dc:14:ac]
RSSI: -59 [da:2a:94:e9:14:dc]
RSSI: -60 [da:2a:94:f7:15:0c]
RSSI: -88 [da:23:0d:39:01:ab]
RSSI: -61 [da:2a:94:f7:15:0c]
RSSI: -59 [da:2a:94:f7:15:0c]
RSSI: -60 [da:2a:95:05:15:2c]
RSSI: -61 [da:2a:95:05:15:2c]
RSSI: -88 [da:23:0d:55:01:fb]
RSSI: -59 [da:2a:95:12:15:5c]
RSSI: -60 [da:2a:95:12:15:5c]
RSSI: -61 [da:2a:95:20:15:8c]
RSSI: -60 [da:2a:95:20:15:8c]
RSSI: -90 [da:23:0d:73:02:5b]
RSSI: -61 [da:2a:95:2e:15:ac]
RSSI: -62 [da:2a:95:3b:15:dc]
RSSI: -91 [da:23:0d:8f:02:ab]
RSSI: -62 [da:2a:95:49:16:0c]
RSSI: -65 [da:2a:95:57:16:2c]
RSSI: -90 [da:23:0d:9e:02:db]
RSSI: -65 [da:2a:95:57:16:2c]
RSSI: -66 [da:2a:95:64:16:5c]
RSSI: -68 [da:2a:95:64:16:5c]
RSSI: -68 [da:2a:95:73:00:0c]
RSSI: -90 [da:23:0d:ba:03:2b]
RSSI: -71 [da:2a:95:73:00:0c]
RSSI: -72 [da:2a:95:81:00:2c]
RSSI: -74 [da:2a:95:81:00:2c]
RSSI: -84 [da:2a:95:9c:00:8c]
RSSI: -81 [da:2a:95:9c:00:8c]
RSSI: -76 [da:2a:95:aa:00:ac]
RSSI: -75 [da:2a:95:b7:00:dc]
RSSI: -72 [da:2a:95:b7:00:dc]
RSSI: -71 [da:2a:95:c5:01:0c]
RSSI: -73 [da:2a:95:c5:01:0c]
RSSI: -91 [da:24:f2:0d:12:5a]
RSSI: -71 [da:2a:95:d3:01:2c]
RSSI: -71 [da:2a:95:d3:01:2c]
RSSI: -73 [da:2a:95:e0:01:5c]
RSSI: -91 [da:24:f2:2c:12:aa]
RSSI: -73 [da:2a:95:e0:01:5c]
RSSI: -76 [da:2a:95:ee:01:8c]
RSSI: -76 [da:2a:95:ee:01:8c]
RSSI: -79 [da:2a:95:fc:01:ac]
RSSI: -82 [da:2a:96:09:01:dc]
RSSI: -81 [da:2a:96:17:02:0c]
RSSI: -90 [da:24:f2:58:13:2a]
RSSI: -81 [da:2a:96:17:02:0c]
RSSI: -81 [da:2a:96:17:02:0c]
RSSI: -82 [da:2a:96:17:02:0c]
RSSI: -78 [da:2a:96:26:02:2c]
RSSI: -79 [da:2a:96:26:02:2c]
RSSI: -78 [da:2a:96:32:02:5c]
RSSI: -79 [da:2a:96:32:02:5c]
RSSI: -77 [da:2a:96:41:02:8c]
RSSI: -77 [da:2a:96:41:02:8c]
RSSI: -80 [da:2a:96:4f:02:bc]
RSSI: -79 [da:2a:96:5b:02:dc]
RSSI: -79 [da:2a:96:6a:03:0c]
RSSI: -79 [da:2a:96:6a:03:0c]
RSSI: -79 [da:2a:96:78:03:3c]
RSSI: -89 [da:24:f2:c2:14:5a]
RSSI: -77 [da:2a:96:78:03:3c]
RSSI: -78 [da:2a:96:85:03:5c]
RSSI: -80 [da:2a:96:85:03:5c]
RSSI: -77 [da:2a:96:93:03:8c]
RSSI: -90 [da:24:f2:e1:14:ba]
RSSI: -81 [da:2a:96:a1:03:bc]
RSSI: -78 [da:2a:96:a1:03:bc]
RSSI: -86 [da:24:f2:ee:14:da]
RSSI: -84 [da:2a:96:ae:03:dc]
RSSI: -76 [da:2a:96:bc:04:0c]
RSSI: -86 [da:2a:96:bc:04:0c]
RSSI: -91 [da:24:f3:0d:15:3a]
RSSI: -77 [da:2a:96:cb:04:3c]
RSSI: -78 [da:2a:96:d7:04:5c]
RSSI: -77 [da:2a:96:d7:04:5c]
RSSI: -87 [da:24:f3:38:15:ba]
RSSI: -82 [da:2a:96:f4:04:bc]
RSSI: -79 [da:2a:96:f4:04:bc]
RSSI: -86 [da:24:f3:45:15:da]
RSSI: -89 [da:24:f3:45:15:da]
RSSI: -86 [da:2a:97:0f:05:0c]
RSSI: -90 [da:24:f3:54:16:0a]
RSSI: -85 [da:2a:97:1d:05:3c]
RSSI: -82 [da:2a:97:2a:05:6c]
RSSI: -84 [da:2a:97:2a:05:6c]
RSSI: -84 [da:2a:97:38:05:8c]
RSSI: -91 [da:24:f3:ac:00:da]
RSSI: -91 [da:27:fc:bb:08:2e]
RSSI: -89 [da:2a:97:7c:06:6c]
RSSI: -82 [da:2a:97:8b:06:9c]
RSSI: -88 [da:2a:97:99:06:cc]
RSSI: -84 [da:2a:97:a6:06:ec]
RSSI: -84 [da:2a:97:b4:07:1c]
RSSI: -84 [da:2a:97:c3:07:4c]
RSSI: -85 [da:2a:97:cf:07:6c]
RSSI: -81 [da:2a:97:cf:07:6c]
RSSI: -92 [da:2a:97:de:07:9c]
RSSI: -82 [da:2a:97:ec:07:cc]
RSSI: -86 [da:24:f4:2f:02:4a]
RSSI: -86 [da:2a:97:f9:07:fc]
RSSI: -88 [da:24:f4:3f:02:7a]
RSSI: -82 [da:24:f4:5b:02:ca]
RSSI: -87 [da:2a:98:15:08:4c]
RSSI: -86 [da:24:f4:6b:02:fa]
RSSI: -87 [da:24:f4:77:03:1a]
RSSI: -90 [da:27:fd:89:0a:8e]
RSSI: -86 [da:24:f4:77:03:1a]
RSSI: -91 [da:2a:98:30:08:ac]
RSSI: -86 [da:24:f4:87:03:4a]
RSSI: -85 [da:24:f4:87:03:4a]
RSSI: -87 [da:2a:98:4b:08:fc]
RSSI: -82 [da:2a:98:5a:09:2c]
RSSI: -87 [da:27:fd:af:0a:fe]
RSSI: -84 [da:24:f4:a3:03:9a]
RSSI: -82 [da:2a:98:5a:09:2c]
RSSI: -82 [da:24:f4:a3:03:9a]
RSSI: -81 [da:2a:98:68:09:5c]
RSSI: -84 [da:27:fd:bc:0b:1e]
RSSI: -83 [da:24:f4:b3:03:ca]
RSSI: -85 [da:27:fd:c9:0b:3e]
RSSI: -80 [da:2a:98:75:09:7c]
RSSI: -81 [da:24:f4:c2:03:fa]
RSSI: -75 [da:2a:98:83:09:ac]
RSSI: -85 [da:27:fd:d6:0b:5e]
RSSI: -79 [da:2a:98:83:09:ac]
RSSI: -79 [da:24:f4:cf:04:1a]
RSSI: -80 [da:24:f4:cf:04:1a]
RSSI: -77 [da:2a:98:92:09:dc]
RSSI: -84 [da:27:fd:e3:0b:8e]
RSSI: -74 [da:2a:98:92:09:dc]
RSSI: -77 [da:24:f4:de:04:4a]
RSSI: -85 [da:27:fd:f0:0b:ae]
RSSI: -78 [da:2a:98:9e:09:fc]
RSSI: -77 [da:24:f4:ee:04:6a]
RSSI: -79 [da:2a:98:9e:09:fc]
RSSI: -77 [da:24:f4:ee:04:6a]
RSSI: -76 [da:2a:98:ad:0a:2c]
RSSI: -76 [da:24:f4:fb:04:9a]
RSSI: -79 [da:2a:98:bb:0a:5c]
RSSI: -76 [da:24:f4:fb:04:9a]
RSSI: -76 [da:2a:98:bb:0a:5c]
RSSI: -86 [da:27:fe:16:0c:1e]
RSSI: -75 [da:24:f5:0a:04:ba]
RSSI: -77 [da:2a:98:c8:0a:7c]
RSSI: -83 [da:27:fe:23:0c:3e]
RSSI: -76 [da:24:f5:1a:04:ea]
RSSI: -77 [da:2a:98:d6:0a:ac]
RSSI: -74 [da:24:f5:1a:04:ea]
RSSI: -78 [da:2a:98:e5:0a:dc]
RSSI: -75 [da:24:f5:26:05:0a]
RSSI: -79 [da:2a:98:e5:0a:dc]
RSSI: -81 [da:27:fe:3d:0c:8e]
RSSI: -75 [da:24:f5:36:05:3a]
RSSI: -85 [da:2a:98:f1:0b:0c]
RSSI: -75 [da:24:f5:36:05:3a]
RSSI: -81 [da:2a:98:f1:0b:0c]
RSSI: -75 [da:24:f5:36:05:3a]
RSSI: -73 [da:24:f5:46:05:6a]
RSSI: -87 [da:2a:99:00:0b:3c]
RSSI: -75 [da:24:f5:46:05:6a]
RSSI: -73 [da:24:f5:52:05:8a]
RSSI: -76 [da:24:f5:62:05:ba]
RSSI: -85 [da:2a:99:1b:0b:8c]
RSSI: -72 [da:24:f5:62:05:ba]
RSSI: -90 [da:27:fe:8a:0d:7e]
RSSI: -82 [da:2a:99:38:0b:ec]
RSSI: -78 [da:2a:99:38:0b:ec]
RSSI: -75 [da:24:f5:7e:06:0a]
RSSI: -78 [da:2a:99:44:0c:0c]
RSSI: -73 [da:24:f5:8e:06:3a]
RSSI: -81 [da:2a:99:44:0c:0c]
RSSI: -75 [da:24:f5:8e:06:3a]
RSSI: -76 [da:2a:99:53:0c:3c]
RSSI: -76 [da:24:f5:9e:06:6a]
RSSI: -76 [da:2a:99:61:0c:6c]
RSSI: -76 [da:24:f5:aa:06:8a]
RSSI: -76 [da:2a:99:6e:0c:9c]
RSSI: -77 [da:24:f5:ba:06:ba]
RSSI: -76 [da:2a:99:7c:0c:cc]
RSSI: -79 [da:24:f5:c9:06:ea]
RSSI: -78 [da:2a:99:8b:0c:fc]
RSSI: -80 [da:24:f5:d6:07:0a]
RSSI: -76 [da:2a:99:98:0d:1c]
RSSI: -78 [da:2a:99:98:0d:1c]
RSSI: -80 [da:24:f5:e6:07:3a]
RSSI: -79 [da:2a:99:a6:0d:4c]
RSSI: -82 [da:24:f5:f5:07:6a]
RSSI: -76 [da:2a:99:b4:0d:7c]
RSSI: -76 [da:2a:99:c1:0d:9c]
RSSI: -85 [da:24:f6:02:07:8a]
RSSI: -88 [da:27:ff:19:0f:0e]
RSSI: -76 [da:2a:99:c1:0d:9c]
RSSI: -76 [da:2a:99:c1:0d:9c]
RSSI: -77 [da:2a:99:d0:0d:cc]
RSSI: -77 [da:2a:99:d0:0d:cc]
RSSI: -87 [da:24:f6:21:07:da]
RSSI: -78 [da:2a:99:de:0d:fc]
RSSI: -79 [da:2a:99:eb:0e:2c]
RSSI: -88 [da:24:f6:2e:08:0a]
RSSI: -81 [da:2a:99:eb:0e:2c]
RSSI: -84 [da:24:f6:3e:08:3a]
RSSI: -80 [da:2a:99:f9:0e:5c]
RSSI: -85 [da:24:f6:4d:08:5a]
RSSI: -80 [da:2a:9a:08:0e:7c]
RSSI: -82 [da:24:f6:4d:08:5a]
RSSI: -80 [da:2a:9a:08:0e:7c]
RSSI: -79 [da:2a:9a:14:0e:ac]
RSSI: -85 [da:24:f6:5a:08:8a]
RSSI: -87 [da:24:f6:6a:08:ba]
RSSI: -80 [da:2a:9a:23:0e:dc]
RSSI: -88 [da:24:f6:6a:08:ba]
RSSI: -79 [da:2a:9a:23:0e:dc]
RSSI: -83 [da:2a:9a:31:0f:0c]
RSSI: -89 [da:24:f6:79:08:da]
RSSI: -83 [da:2a:9a:3e:0f:2c]
RSSI: -80 [da:2a:9a:3e:0f:2c]
RSSI: -87 [da:24:f6:96:09:3a]
RSSI: -90 [da:2a:9a:4c:0f:5c]
RSSI: -84 [da:24:f6:96:09:3a]
RSSI: -87 [da:2a:9a:5b:0f:8c]
RSSI: -86 [da:24:f6:a5:09:5a]
RSSI: -87 [da:2a:9a:68:0f:bc]
RSSI: -86 [da:24:f6:b2:09:8a]
RSSI: -87 [da:2a:9a:76:0f:dc]
RSSI: -87 [da:2a:9a:76:0f:dc]
RSSI: -86 [da:2a:9a:76:0f:dc]
RSSI: -84 [da:24:f6:c2:09:ba]
RSSI: -88 [da:24:f6:c2:09:ba]
RSSI: -89 [da:24:f6:de:0a:0a]
RSSI: -88 [da:24:f6:de:0a:0a]
RSSI: -86 [da:2a:9a:a0:10:6c]
RSSI: -90 [da:2a:9a:ae:10:8c]
RSSI: -89 [da:2a:9a:bb:10:bc]
RSSI: -87 [da:24:f7:0a:0a:8a]
RSSI: -89 [da:24:f7:1a:0a:ba]
RSSI: -87 [da:2a:9a:e5:11:3c]
RSSI: -90 [da:24:f7:29:0a:da]
RSSI: -91 [da:2a:9a:f3:11:6c]
RSSI: -97 [da:28:00:5c:12:be]
RSSI: -91 [da:2a:9b:1d:11:ec]
RSSI: -85 [da:2a:9b:2b:12:1c]
RSSI: -86 [da:2a:9b:2b:12:1c]
RSSI: -86 [da:2a:9b:38:12:3c]
RSSI: -83 [da:2a:9b:47:12:6c]
RSSI: -80 [da:2a:9b:55:12:9c]
RSSI: -80 [da:2a:9b:62:12:cc]
RSSI: -79 [da:2a:9b:62:12:cc]
RSSI: -79 [da:2a:9b:70:12:ec]
RSSI: -77 [da:2a:9b:70:12:ec]
RSSI: -93 [da:28:00:de:14:3e]
RSSI: -91 [da:24:f7:ca:0c:ba]
RSSI: -81 [da:2a:9b:8b:13:4c]
RSSI: -88 [da:24:f7:da:0c:da]
RSSI: -80 [da:2a:9b:9a:13:7c]
RSSI: -89 [da:24:f7:e7:0d:0a]
RSSI: -71 [da:2a:9b:a9:13:9c]
RSSI: -90 [da:28:01:05:14:ae]
RSSI: -89 [da:24:f7:f6:0d:3a]
RSSI: -68 [da:2a:9b:b5:13:cc]
RSSI: -66 [da:2a:9b:b5:13:cc]
RSSI: -89 [da:28:01:12:14:ce]
RSSI: -87 [da:24:f8:06:0d:5a]
RSSI: -65 [da:2a:9b:c4:13:fc]
RSSI: -87 [da:24:f8:13:0d:7a]
RSSI: -64 [da:2a:9b:d2:14:2c]
RSSI: -64 [da:2a:9b:d2:14:2c]
RSSI: -87 [da:24:f8:22:0d:aa]
RSSI: -63 [da:2a:9b:df:14:4c]
RSSI: -86 [da:24:f8:22:0d:aa]
RSSI: -62 [da:2a:9b:df:14:4c]
RSSI: -87 [da:24:f8:22:0d:aa]
RSSI: -62 [da:2a:9b:ee:14:7c]
RSSI: -62 [da:2a:9b:ee:14:7c]
RSSI: -62 [da:2a:9b:fc:14:ac]
RSSI: -60 [da:2a:9c:09:14:cc]
RSSI: -90 [da:24:f8:4f:0e:2a]
RSSI: -60 [da:2a:9c:09:14:cc]
RSSI: -88 [da:24:f8:4f:0e:2a]
RSSI: -61 [da:2a:9c:17:14:fc]
RSSI: -60 [da:2a:9c:17:14:fc]
RSSI: -62 [da:2a:9c:26:15:2c]
RSSI: -61 [da:2a:9c:26:15:2c]
RSSI: -62 [da:2a:9c:33:15:4c]
RSSI: -62 [da:2a:9c:41:15:7c]
RSSI: -63 [da:2a:9c:50:15:ac]
RSSI: -63 [da:2a:9c:50:15:ac]
RSSI: -63 [da:2a:9c:50:15:ac]
RSSI: -65 [da:2a:9c:5c:15:dc]
RSSI: -88 [da:23:14:a4:01:5b]
RSSI: -65 [da:2a:9c:5c:15:dc]
RSSI: -87 [da:23:14:a4:01:5b]
RSSI: -65 [da:2a:9c:6b:16:0c]
RSSI: -68 [da:2a:9c:6b:16:0c]
RSSI: -67 [da:2a:9c:7a:16:3c]
RSSI: -85 [da:23:14:c3:01:bb]
RSSI: -67 [da:2a:9c:7a:16:3c]
RSSI: -85 [da:23:14:c3:01:bb]
RSSI: -70 [da:2a:9c:86:16:5c]
RSSI: -85 [da:23:14:d0:01:db]
RSSI: -85 [da:23:14:df:02:0b]
RSSI: -85 [da:23:14:ef:02:3b]
RSSI: -84 [da:23:14:ef:02:3b]
RSSI: -86 [da:2a:9c:b0:00:5c]
RSSI: -86 [da:2a:9c:b0:00:5c]
RSSI: -84 [da:23:14:fb:02:5b]
RSSI: -80 [da:2a:9c:b0:00:5c]
RSSI: -78 [da:2a:9c:bf:00:8c]
RSSI: -85 [da:23:15:0b:02:8b]
RSSI: -84 [da:23:15:0b:02:8b]
RSSI: -74 [da:2a:9c:cd:00:bc]
RSSI: -74 [da:2a:9c:cd:00:bc]
RSSI: -86 [da:23:15:1b:02:bb]
RSSI: -85 [da:23:15:1b:02:bb]
RSSI: -73 [da:2a:9c:da:00:dc]
RSSI: -85 [da:23:15:27:02:db]
RSSI: -74 [da:2a:9c:e9:01:0c]
RSSI: -86 [da:23:15:37:03:0b]
RSSI: -75 [da:2a:9c:f7:01:3c]
RSSI: -86 [da:23:15:46:03:3b]
RSSI: -87 [da:23:15:46:03:3b]
RSSI: -76 [da:2a:9d:04:01:5c]
RSSI: -86 [da:23:15:46:03:3b]
RSSI: -78 [da:2a:9d:04:01:5c]
RSSI: -87 [da:23:15:53:03:6b]
RSSI: -79 [da:2a:9d:13:01:8c]
RSSI: -81 [da:2a:9d:13:01:8c]
RSSI: -86 [da:23:15:63:03:9b]
RSSI: -82 [da:2a:9d:21:01:bc]
RSSI: -88 [da:23:15:72:03:cb]
RSSI: -78 [da:2a:9d:2e:01:dc]
RSSI: -78 [da:2a:9d:3d:02:0c]
RSSI: -78 [da:2a:9d:3d:02:0c]
RSSI: -79 [da:2a:9d:4b:02:3c]
RSSI: -79 [da:2a:9d:58:02:6c]
RSSI: -79 [da:2a:9d:58:02:6c]
RSSI: -91 [da:24:f9:b0:12:2a]
RSSI: -79 [da:2a:9d:75:02:bc]
RSSI: -80 [da:2a:9d:75:02:bc]
RSSI: -80 [da:2a:9d:75:02:bc]
RSSI: -80 [da:2a:9d:82:02:ec]
RSSI: -79 [da:2a:9d:82:02:ec]
RSSI: -93 [da:28:02:da:03:7e]
RSSI: -79 [da:2a:9d:90:03:1c]
RSSI: -79 [da:2a:9d:90:03:1c]
RSSI: -80 [da:2a:9d:9f:03:4c]
RSSI: -79 [da:2a:9d:ac:03:6c]
RSSI: -79 [da:2a:9d:ac:03:6c]
RSSI: -81 [da:2a:9d:ba:03:9c]
RSSI: -80 [da:2a:9d:ba:03:9c]
RSSI: -78 [da:2a:9d:c9:03:cc]
RSSI: -88 [da:24:fa:19:13:5a]
RSSI: -88 [da:24:fa:19:13:5a]
RSSI: -79 [da:2a:9d:d6:03:ec]
RSSI: -81 [da:2a:9d:e4:04:1c]
RSSI: -79 [da:2a:9d:e4:04:1c]
RSSI: -80 [da:2a:9d:f3:04:4c]
RSSI: -82 [da:2a:9d:f3:04:4c]
RSSI: -81 [da:2a:9e:00:04:6c]
RSSI: -84 [da:2a:9e:0e:04:9c]
RSSI: -93 [da:24:fa:52:13:fa]
RSSI: -87 [da:2a:9e:1d:04:cc]
RSSI: -83 [da:2a:9e:1d:04:cc]
RSSI: -79 [da:2a:9e:2a:04:ec]
RSSI: -82 [da:2a:9e:38:05:1c]
RSSI: -82 [da:2a:9e:47:05:4c]
RSSI: -82 [da:2a:9e:47:05:4c]
RSSI: -83 [da:2a:9e:54:05:6c]
RSSI: -88 [da:24:fa:ba:15:2a]
RSSI: -89 [da:24:fa:ba:15:2a]
RSSI: -88 [da:2a:9e:7e:05:fc]
RSSI: -90 [da:2a:9e:9b:06:5c]
RSSI: -90 [da:24:fa:e7:15:aa]
RSSI: -90 [da:24:fb:03:15:fa]
RSSI: -92 [da:24:fb:13:16:2a]
RSSI: -94 [da:28:04:22:07:1e]
RSSI: -91 [da:2a:9e:e1:07:2c]
RSSI: -87 [da:2a:9e:fc:07:8c]
RSSI: -87 [da:2a:9f:19:07:ec]
RSSI: -87 [da:2a:9f:26:08:0c]
RSSI: -91 [da:24:fb:6c:00:da]
RSSI: -91 [da:28:04:93:08:6e]
RSSI: -90 [da:2a:9f:50:08:9c]
RSSI: -85 [da:2a:9f:64:08:cc]
RSSI: -90 [da:24:fb:b5:01:aa]
RSSI: -84 [da:2a:9f:74:08:fc]
RSSI: -80 [da:2a:9f:81:09:2c]
RSSI: -78 [da:2a:9f:90:09:5c]
RSSI: -80 [da:2a:9f:90:09:5c]
RSSI: -78 [da:2a:9f:9f:09:8c]
RSSI: -77 [da:2a:9f:9f:09:8c]
RSSI: -78 [da:2a:9f:ab:09:ac]
RSSI: -85 [da:24:fc:02:02:7a]
RSSI: -78 [da:2a:9f:ba:09:dc]
RSSI: -84 [da:24:fc:02:02:7a]
RSSI: -78 [da:2a:9f:c9:0a:0c]
RSSI: -82 [da:2a:9f:d5:0a:3c]
RSSI: -78 [da:2a:9f:d5:0a:3c]
RSSI: -86 [da:24:fc:1e:02:ca]
RSSI: -79 [da:2a:9f:e4:0a:6c]
RSSI: -86 [da:24:fc:2e:02:fa]
RSSI: -84 [da:2a:9f:e4:0a:6c]
RSSI: -78 [da:2a:9f:f3:0a:9c]
RSSI: -83 [da:24:fc:3b:03:1a]
RSSI: -79 [da:2a:9f:f3:0a:9c]
RSSI: -84 [da:24:fc:3b:03:1a]
RSSI: -79 [da:2a:a0:00:0a:bc]
RSSI: -79 [da:2a:a0:00:0a:bc]
RSSI: -82 [da:24:fc:4b:03:4a]
RSSI: -80 [da:2a:a0:0e:0a:ec]
RSSI: -83 [da:24:fc:5b:03:7a]
RSSI: -77 [da:2a:a0:1d:0b:1c]
RSSI: -77 [da:2a:a0:1d:0b:1c]
RSSI: -83 [da:24:fc:67:03:9a]
RSSI: -81 [da:24:fc:67:03:9a]
RSSI: -77 [da:2a:a0:2a:0b:4c]
RSSI: -81 [da:24:fc:77:03:ca]
RSSI: -88 [da:2a:a0:39:0b:7c]
RSSI: -84 [da:2a:a0:39:0b:7c]
RSSI: -80 [da:24:fc:87:03:fa]
RSSI: -77 [da:24:fc:87:03:fa]
RSSI: -84 [da:28:05:99:0b:5e]
RSSI: -83 [da:2a:a0:47:0b:ac]
RSSI: -78 [da:24:fc:94:04:1a]
RSSI: -78 [da:2a:a0:63:0b:fc]
RSSI: -78 [da:2a:a0:63:0b:fc]
RSSI: -77 [da:24:fc:b4:04:7a]
RSSI: -76 [da:2a:a0:72:0c:2c]
RSSI: -77 [da:24:fc:b4:04:7a]
RSSI: -75 [da:2a:a0:72:0c:2c]
RSSI: -78 [da:28:05:ce:0b:fe]
RSSI: -72 [da:24:fc:c0:04:9a]
RSSI: -76 [da:2a:a0:7e:0c:5c]
RSSI: -86 [da:28:05:dc:0c:2e]
RSSI: -75 [da:24:fc:d0:04:ca]
RSSI: -75 [da:2a:a0:8d:0c:8c]
RSSI: -76 [da:24:fc:e0:04:fa]
RSSI: -84 [da:28:05:e8:0c:4e]
RSSI: -75 [da:2a:a0:9c:0c:ac]
RSSI: -81 [da:28:05:f6:0c:7e]
RSSI: -75 [da:24:fc:ed:05:1a]
RSSI: -79 [da:2a:a0:a9:0c:dc]
RSSI: -74 [da:24:fc:ed:05:1a]
RSSI: -76 [da:2a:a0:a9:0c:dc]
RSSI: -83 [da:28:06:10:0c:ce]
RSSI: -85 [da:28:06:10:0c:ce]
RSSI: -85 [da:28:06:1d:0c:ee]
RSSI: -71 [da:24:fd:0d:05:7a]
RSSI: -75 [da:2a:a0:d3:0d:5c]
RSSI: -74 [da:24:fd:1a:05:9a]
RSSI: -75 [da:2a:a0:d3:0d:5c]
RSSI: -76 [da:24:fd:2a:05:ca]
RSSI: -77 [da:2a:a0:e2:0d:8c]
RSSI: -84 [da:28:06:37:0d:3e]
RSSI: -74 [da:24:fd:2a:05:ca]
RSSI: -75 [da:2a:a0:e2:0d:8c]
RSSI: -83 [da:28:06:37:0d:3e]
RSSI: -76 [da:2a:a0:f1:0d:bc]
RSSI: -86 [da:28:06:45:0d:5e]
RSSI: -72 [da:24:fd:3a:05:fa]
RSSI: -76 [da:2a:a0:f1:0d:bc]
RSSI: -76 [da:24:fd:3a:05:fa]
RSSI: -76 [da:2a:a0:fd:0d:ec]
RSSI: -87 [da:28:06:52:0d:8e]
RSSI: -85 [da:28:06:52:0d:8e]
RSSI: -75 [da:2a:a0:fd:0d:ec]
RSSI: -73 [da:24:fd:46:06:1a]
RSSI: -82 [da:2a:a1:0c:0e:1c]
RSSI: -77 [da:24:fd:56:06:4a]
RSSI: -81 [da:2a:a1:0c:0e:1c]
RSSI: -74 [da:24:fd:56:06:4a]
RSSI: -84 [da:28:06:6c:0d:de]
RSSI: -84 [da:2a:a1:1b:0e:4c]
RSSI: -78 [da:24:fd:66:06:7a]
RSSI: -89 [da:28:06:7a:0d:fe]
RSSI: -78 [da:24:fd:66:06:7a]
RSSI: -87 [da:28:06:7a:0d:fe]
RSSI: -79 [da:2a:a1:28:0e:6c]
RSSI: -79 [da:24:fd:73:06:aa]
RSSI: -80 [da:24:fd:73:06:aa]
RSSI: -80 [da:2a:a1:36:0e:9c]
RSSI: -77 [da:2a:a1:36:0e:9c]
RSSI: -79 [da:24:fd:83:06:ca]
RSSI: -81 [da:24:fd:83:06:ca]
RSSI: -81 [da:2a:a1:45:0e:cc]
RSSI: -82 [da:24:fd:93:06:fa]
RSSI: -81 [da:2a:a1:45:0e:cc]
RSSI: -93 [da:28:06:a1:0e:6e]
RSSI: -84 [da:24:fd:93:06:fa]
RSSI: -86 [da:24:fd:9f:07:2a]
RSSI: -89 [da:24:fd:b0:07:4a]
RSSI: -90 [da:24:fd:b0:07:4a]
RSSI: -90 [da:2a:a1:70:0f:4c]
RSSI: -83 [da:2a:a1:7c:0f:7c]
RSSI: -81 [da:2a:a1:7c:0f:7c]
RSSI: -89 [da:24:fd:cc:07:aa]
RSSI: -83 [da:2a:a1:8b:0f:ac]
RSSI: -85 [da:2a:a1:9a:0f:dc]
RSSI: -86 [da:24:fd:dc:07:ca]
RSSI: -82 [da:2a:a1:9a:0f:dc]
RSSI: -85 [da:24:fd:f9:08:2a]
RSSI: -82 [da:2a:a1:b5:10:2c]
RSSI: -83 [da:2a:a1:c4:10:5c]
RSSI: -85 [da:24:fe:09:08:4a]
RSSI: -83 [da:2a:a1:c4:10:5c]
RSSI: -86 [da:24:fe:09:08:4a]
RSSI: -80 [da:2a:a1:d1:10:8c]
RSSI: -87 [da:24:fe:19:08:7a]
RSSI: -80 [da:2a:a1:d1:10:8c]
RSSI: -84 [da:2a:a1:e0:10:ac]
RSSI: -87 [da:24:fe:36:08:ca]
RSSI: -84 [da:2a:a1:ef:10:dc]
RSSI: -87 [da:24:fe:36:08:ca]
RSSI: -89 [da:24:fe:36:08:ca]
RSSI: -87 [da:2a:a1:fb:11:0c]
RSSI: -85 [da:24:fe:46:08:fa]
RSSI: -82 [da:2a:a1:fb:11:0c]
RSSI: -85 [da:24:fe:46:08:fa]
RSSI: -82 [da:2a:a2:0a:11:3c]
RSSI: -85 [da:24:fe:52:09:2a]
RSSI: -84 [da:2a:a2:19:11:6c]
RSSI: -87 [da:24:fe:62:09:4a]
RSSI: -84 [da:2a:a2:19:11:6c]
RSSI: -85 [da:2a:a2:26:11:8c]
RSSI: -87 [da:24:fe:72:09:7a]
RSSI: -85 [da:2a:a2:35:11:bc]
RSSI: -86 [da:2a:a2:35:11:bc]
RSSI: -88 [da:24:fe:7f:09:aa]
RSSI: -82 [da:2a:a2:50:12:1c]
RSSI: -82 [da:2a:a2:50:12:1c]
RSSI: -87 [da:24:fe:9f:09:fa]
RSSI: -81 [da:2a:a2:50:12:1c]
RSSI: -87 [da:24:fe:9f:09:fa]
RSSI: -78 [da:2a:a2:5f:12:4c]
RSSI: -78 [da:2a:a2:6e:12:7c]
RSSI: -78 [da:2a:a2:6e:12:7c]
RSSI: -77 [da:2a:a2:7b:12:9c]
RSSI: -88 [da:24:fe:bc:0a:4a]
RSSI: -87 [da:24:fe:cc:0a:7a]
RSSI: -82 [da:2a:a2:8a:12:cc]
RSSI: -83 [da:2a:a2:8a:12:cc]
RSSI: -79 [da:2a:a2:8a:12:cc]
RSSI: -75 [da:2a:a2:98:12:fc]
RSSI: -90 [da:24:fe:e9:0a:ca]
RSSI: -84 [da:2a:a2:a5:13:2c]
RSSI: -78 [da:2a:a2:a5:13:2c]
RSSI: -80 [da:2a:a2:a5:13:2c]
RSSI: -79 [da:2a:a2:b4:13:5c]
RSSI: -90 [da:24:ff:05:0b:2a]
RSSI: -74 [da:2a:a2:c3:13:7c]
RSSI: -73 [da:2a:a2:c3:13:7c]
RSSI: -74 [da:2a:a2:d0:13:ac]
RSSI: -71 [da:2a:a2:d0:13:ac]
RSSI: -68 [da:2a:a2:df:13:dc]
RSSI: -69 [da:2a:a2:df:13:dc]
RSSI: -68 [da:2a:a2:ed:14:0c]
RSSI: -66 [da:2a:a2:ed:14:0c]
RSSI: -66 [da:2a:a2:fa:14:2c]
RSSI: -66 [da:2a:a2:fa:14:2c]
RSSI: -66 [da:2a:a3:09:14:5c]
RSSI: -65 [da:2a:a3:09:14:5c]
RSSI: -64 [da:2a:a3:18:14:8c]
RSSI: -64 [da:2a:a3:18:14:8c]
RSSI: -65 [da:2a:a3:18:14:8c]
RSSI: -65 [da:2a:a3:25:14:bc]
RSSI: -64 [da:2a:a3:25:14:bc]
RSSI: -87 [da:24:ff:6f:0c:5a]
RSSI: -64 [da:2a:a3:34:14:ec]
RSSI: -64 [da:2a:a3:42:15:0c]
RSSI: -63 [da:2a:a3:4f:15:3c]
RSSI: -63 [da:2a:a3:4f:15:3c]
RSSI: -64 [da:2a:a3:4f:15:3c]
RSSI: -64 [da:2a:a3:5e:15:6c]
RSSI: -62 [da:2a:a3:5e:15:6c]
RSSI: -88 [da:24:ff:ac:0d:0a]
RSSI: -64 [da:2a:a3:6d:15:9c]
RSSI: -88 [da:24:ff:b9:0d:2a]
RSSI: -88 [da:24:ff:b9:0d:2a]
RSSI: -64 [da:2a:a3:7a:15:bc]
RSSI: -87 [da:24:ff:c9:0d:5a]
RSSI: -63 [da:2a:a3:89:15:ec]
RSSI: -94 [da:28:08:da:14:ee]
RSSI: -87 [da:24:ff:c9:0d:5a]
RSSI: -65 [da:2a:a3:98:16:1c]
RSSI: -68 [da:2a:a3:a4:16:3c]
RSSI: -69 [da:2a:a3:a4:16:3c]
RSSI: -69 [da:2a:a3:a4:16:3c]
RSSI: -74 [da:2a:a3:b3:16:6c]
RSSI: -77 [da:2a:a3:c2:00:2c]
RSSI: -91 [da:25:00:06:0e:0a]
RSSI: -92 [da:23:1c:0b:00:db]
RSSI: -79 [da:2a:a3:c2:00:2c]
RSSI: -86 [da:2a:a3:cf:00:5c]
RSSI: -79 [da:2a:a3:cf:00:5c]
RSSI: -73 [da:2a:a3:de:00:8c]
RSSI: -76 [da:2a:a3:de:00:8c]
RSSI: -89 [da:23:1c:2b:01:3b]
RSSI: -90 [da:25:00:23:0e:5a]
RSSI: -75 [da:2a:a3:de:00:8c]
RSSI: -72 [da:2a:a3:ed:00:bc]
RSSI: -70 [da:2a:a3:ed:00:bc]
RSSI: -88 [da:23:1c:38:01:5b]
RSSI: -87 [da:23:1c:38:01:5b]
RSSI: -70 [da:2a:a3:f9:00:dc]
RSSI: -70 [da:2a:a3:f9:00:dc]
RSSI: -85 [da:23:1c:48:01:8b]
RSSI: -92 [da:25:00:4f:0e:da]
RSSI: -71 [da:2a:a4:08:01:0c]
RSSI: -70 [da:2a:a4:08:01:0c]
RSSI: -72 [da:2a:a4:17:01:3c]
RSSI: -73 [da:2a:a4:17:01:3c]
RSSI: -86 [da:23:1c:64:01:db]
RSSI: -85 [da:23:1c:64:01:db]
RSSI: -75 [da:2a:a4:24:01:6c]
RSSI: -78 [da:2a:a4:24:01:6c]
RSSI: -84 [da:23:1c:74:02:0b]
RSSI: -84 [da:23:1c:74:02:0b]
RSSI: -80 [da:2a:a4:33:01:9c]
RSSI: -84 [da:23:1c:84:02:3b]
RSSI: -82 [da:2a:a4:42:01:bc]
RSSI: -84 [da:23:1c:91:02:6b]
RSSI: -77 [da:2a:a4:4f:01:ec]
RSSI: -85 [da:23:1c:91:02:6b]
RSSI: -80 [da:2a:a4:4f:01:ec]
RSSI: -84 [da:23:1c:a1:02:9b]
RSSI: -77 [da:2a:a4:5e:02:1c]
RSSI: -77 [da:2a:a4:5e:02:1c]
RSSI: -78 [da:2a:a4:6d:02:4c]
RSSI: -84 [da:23:1c:b1:02:cb]
RSSI: -76 [da:2a:a4:6d:02:4c]
RSSI: -83 [da:23:1c:bd:02:eb]
RSSI: -78 [da:2a:a4:88:02:9c]
RSSI: -85 [da:23:1c:cd:03:1b]
RSSI: -79 [da:2a:a4:88:02:9c]
RSSI: -85 [da:23:1c:dd:03:4b]
RSSI: -80 [da:2a:a4:97:02:cc]
RSSI: -87 [da:23:1c:ea:03:6b]
RSSI: -79 [da:2a:a4:a4:02:fc]
RSSI: -78 [da:2a:a4:a4:02:fc]
RSSI: -79 [da:2a:a4:b3:03:2c]
RSSI: -78 [da:2a:a4:c2:03:5c]
RSSI: -96 [da:25:01:03:10:ea]
RSSI: -78 [da:2a:a4:cf:03:7c]
RSSI: -81 [da:2a:a4:de:03:ac]
RSSI: -80 [da:2a:a4:de:03:ac]
RSSI: -82 [da:2a:a4:ed:03:dc]
RSSI: -76 [da:2a:a4:f9:03:fc]
RSSI: -96 [da:28:0a:5d:02:ce]
RSSI: -82 [da:2a:a5:17:04:5c]
RSSI: -82 [da:2a:a5:17:04:5c]
RSSI: -80 [da:2a:a5:24:04:8c]
RSSI: -85 [da:2a:a5:24:04:8c]
RSSI: -81 [da:2a:a5:33:04:bc]
RSSI: -86 [da:2a:a5:4f:05:0c]
RSSI: -82 [da:2a:a5:5e:05:3c]
RSSI: -84 [da:2a:a5:6d:05:6c]
RSSI: -89 [da:25:01:ac:12:ca]
RSSI: -88 [da:25:01:b9:12:ea]
RSSI: -86 [da:25:01:c5:13:0a]
RSSI: -90 [da:25:01:d2:13:3a]
RSSI: -86 [da:25:01:df:13:5a]
RSSI: -86 [da:2a:a5:98:05:fc]
RSSI: -91 [da:25:01:df:13:5a]
RSSI: -88 [da:25:01:ec:13:7a]
RSSI: -92 [da:25:02:05:13:ca]
RSSI: -86 [da:2a:a5:c2:06:7c]
RSSI: -93 [da:25:02:12:13:ea]
RSSI: -83 [da:2a:a5:cf:06:ac]
RSSI: -82 [da:2a:a5:cf:06:ac]
RSSI: -83 [da:2a:a5:de:06:dc]
RSSI: -88 [da:25:02:2b:14:3a]
RSSI: -82 [da:2a:a5:de:06:dc]
RSSI: -81 [da:2a:a5:ed:07:0c]
RSSI: -81 [da:2a:a5:ed:07:0c]
RSSI: -89 [da:25:02:45:14:7a]
RSSI: -81 [da:2a:a5:fa:07:2c]
RSSI: -90 [da:25:02:45:14:7a]
RSSI: -85 [da:25:02:51:14:9a]
RSSI: -86 [da:2a:a6:09:07:5c]
RSSI: -85 [da:25:02:51:14:9a]
RSSI: -82 [da:2a:a6:18:07:8c]
RSSI: -84 [da:2a:a6:18:07:8c]
RSSI: -89 [da:25:02:6b:14:ea]
RSSI: -89 [da:2a:a6:25:07:ac]
RSSI: -87 [da:25:02:77:15:0a]
RSSI: -87 [da:25:02:77:15:0a]
RSSI: -87 [da:25:02:84:15:3a]
RSSI: -86 [da:25:02:91:15:5a]
RSSI: -88 [da:2a:a6:4f:08:3c]
RSSI: -86 [da:25:02:9e:15:7a]
RSSI: -86 [da:2a:a6:5f:08:6c]
RSSI: -89 [da:25:02:b7:15:ca]
RSSI: -82 [da:2a:a6:89:08:ec]
RSSI: -90 [da:25:02:d0:16:0a]
RSSI: -81 [da:2a:a6:89:08:ec]
RSSI: -80 [da:2a:a6:99:09:1c]
RSSI: -89 [da:25:02:f7:00:6a]
RSSI: -78 [da:2a:a6:b4:09:7c]
RSSI: -78 [da:2a:a6:b4:09:7c]
RSSI: -77 [da:2a:a6:c3:09:ac]
RSSI: -89 [da:28:0c:15:07:be]
RSSI: -84 [da:2a:a6:d0:09:cc]
RSSI: -78 [da:2a:a6:d0:09:cc]
RSSI: -85 [da:2a:a6:df:09:fc]
RSSI: -81 [da:2a:a6:ee:0a:2c]
RSSI: -93 [da:25:03:36:01:2a]
RSSI: -79 [da:2a:a6:fb:0a:5c]
RSSI: -80 [da:2a:a7:0a:0a:8c]
RSSI: -84 [da:2a:a7:19:0a:bc]
RSSI: -83 [da:2a:a7:26:0a:dc]
RSSI: -86 [da:2a:a7:44:0b:3c]
RSSI: -91 [da:28:0c:9b:09:3e]
RSSI: -82 [da:2a:a7:51:0b:6c]
RSSI: -81 [da:2a:a7:6f:0b:cc]
RSSI: -82 [da:2a:a7:7c:0b:ec]
RSSI: -78 [da:2a:a7:7c:0b:ec]
RSSI: -83 [da:25:03:d0:02:da]
RSSI: -80 [da:2a:a7:8b:0c:1c]
RSSI: -85 [da:25:03:dc:03:0a]
RSSI: -77 [da:2a:a7:9a:0c:4c]
RSSI: -78 [da:2a:a7:9a:0c:4c]
RSSI: -85 [da:25:03:e9:03:2a]
RSSI: -76 [da:2a:a7:a7:0c:7c]
RSSI: -83 [da:25:03:f6:03:4a]
RSSI: -79 [da:2a:a7:b6:0c:ac]
RSSI: -83 [da:25:04:02:03:6a]
RSSI: -78 [da:2a:a7:b6:0c:ac]
RSSI: -83 [da:25:04:02:03:6a]
RSSI: -79 [da:2a:a7:c5:0c:dc]
RSSI: -80 [da:2a:a7:c5:0c:dc]
RSSI: -83 [da:25:04:0f:03:9a]
RSSI: -86 [da:28:0d:21:0a:ce]
RSSI: -80 [da:2a:a7:d2:0d:0c]
RSSI: -81 [da:25:04:1c:03:ba]
RSSI: -80 [da:2a:a7:d2:0d:0c]
RSSI: -87 [da:28:0d:2f:0a:ee]
RSSI: -79 [da:25:04:29:03:da]
RSSI: -79 [da:2a:a7:e1:0d:3c]
RSSI: -79 [da:25:04:29:03:da]
RSSI: -78 [da:2a:a7:f0:0d:6c]
RSSI: -78 [da:25:04:36:04:0a]
RSSI: -77 [da:2a:a7:f0:0d:6c]
RSSI: -85 [da:28:0d:49:0b:3e]
RSSI: -77 [da:25:04:42:04:2a]
RSSI: -78 [da:2a:a7:fd:0d:8c]
RSSI: -85 [da:28:0d:57:0b:6e]
RSSI: -78 [da:2a:a7:fd:0d:8c]
RSSI: -78 [da:25:04:4f:04:4a]
RSSI: -77 [da:25:04:4f:04:4a]
RSSI: -83 [da:28:0d:64:0b:8e]
RSSI: -76 [da:25:04:5c:04:7a]
RSSI: -81 [da:2a:a8:1b:0d:ec]
RSSI: -83 [da:28:0d:72:0b:be]
RSSI: -80 [da:2a:a8:1b:0d:ec]
RSSI: -72 [da:25:04:69:04:9a]
RSSI: -83 [da:2a:a8:28:0e:1c]
RSSI: -81 [da:28:0d:7f:0b:de]
RSSI: -75 [da:25:04:75:04:ba]
RSSI: -75 [da:25:04:75:04:ba]
RSSI: -82 [da:2a:a8:28:0e:1c]
RSSI: -82 [da:28:0d:7f:0b:de]
RSSI: -75 [da:25:04:75:04:ba]
RSSI: -75 [da:25:04:82:04:ea]
RSSI: -80 [da:2a:a8:46:0e:7c]
RSSI: -82 [da:28:0d:9a:0c:2e]
RSSI: -70 [da:25:04:8f:05:0a]
RSSI: -82 [da:2a:a8:46:0e:7c]
RSSI: -87 [da:28:0d:9a:0c:2e]
RSSI: -83 [da:28:0d:a8:0c:4e]
RSSI: -75 [da:25:04:9c:05:2a]
RSSI: -74 [da:25:04:9c:05:2a]
RSSI: -82 [da:28:0d:a8:0c:4e]
RSSI: -73 [da:25:04:9c:05:2a]
RSSI: -74 [da:25:04:a9:05:4a]
RSSI: -81 [da:2a:a8:62:0e:cc]
RSSI: -82 [da:28:0d:c2:0c:9e]
RSSI: -75 [da:25:04:c2:05:9a]
RSSI: -73 [da:25:04:c2:05:9a]
RSSI: -86 [da:28:0d:d0:0c:ce]
RSSI: -73 [da:25:04:c2:05:9a]
RSSI: -86 [da:2a:a8:7e:0f:2c]
RSSI: -75 [da:25:04:cf:05:ba]
RSSI: -88 [da:28:0d:dd:0c:ee]
RSSI: -70 [da:25:04:dc:05:da]
RSSI: -83 [da:2a:a8:9c:0f:8c]
RSSI: -75 [da:25:04:e9:06:0a]
RSSI: -73 [da:25:04:e9:06:0a]
RSSI: -73 [da:25:04:e9:06:0a]
RSSI: -84 [da:2a:a8:a9:0f:bc]
RSSI: -86 [da:2a:a8:a9:0f:bc]
RSSI: -76 [da:25:04:f6:06:2a]
RSSI: -88 [da:2a:a8:b8:0f:ec]
RSSI: -85 [da:2a:a8:b8:0f:ec]
RSSI: -72 [da:25:05:02:06:4a]
RSSI: -87 [da:2a:a8:b8:0f:ec]
RSSI: -91 [da:28:0e:13:0d:8e]
RSSI: -74 [da:25:05:0f:06:6a]
RSSI: -74 [da:25:05:0f:06:6a]
RSSI: -86 [da:28:0e:21:0d:ae]
RSSI: -76 [da:25:05:1c:06:9a]
RSSI: -76 [da:25:05:29:06:ba]
RSSI: -89 [da:2a:a8:e3:10:6c]
RSSI: -78 [da:25:05:35:06:da]
RSSI: -77 [da:25:05:35:06:da]
RSSI: -85 [da:2a:a8:f2:10:9c]
RSSI: -78 [da:25:05:35:06:da]
RSSI: -86 [da:2a:a8:f2:10:9c]
RSSI: -80 [da:25:05:42:07:0a]
RSSI: -83 [da:25:05:4f:07:2a]
RSSI: -84 [da:2a:a9:0e:10:fc]
RSSI: -85 [da:25:05:5c:07:4a]
RSSI: -86 [da:25:05:5c:07:4a]
RSSI: -86 [da:25:05:5c:07:4a]
RSSI: -86 [da:2a:a9:55:11:cc]
RSSI: -83 [da:25:05:a9:08:2a]
RSSI: -91 [da:2a:a9:64:11:fc]
RSSI: -83 [da:25:05:a9:08:2a]
RSSI: -80 [da:2a:a9:74:12:2c]
RSSI: -85 [da:25:05:b6:08:5a]
RSSI: -79 [da:2a:a9:74:12:2c]
RSSI: -84 [da:25:05:c3:08:7a]
RSSI: -77 [da:2a:a9:80:12:5c]
RSSI: -76 [da:2a:a9:80:12:5c]
RSSI: -76 [da:2a:a9:80:12:5c]
RSSI: -88 [da:25:05:cf:08:9a]
RSSI: -74 [da:2a:a9:90:12:8c]
RSSI: -75 [da:2a:a9:90:12:8c]
RSSI: -74 [da:2a:a9:9f:12:bc]
RSSI: -73 [da:2a:a9:9f:12:bc]
RSSI: -86 [da:25:05:e9:08:ea]
RSSI: -79 [da:2a:a9:ab:12:dc]
RSSI: -86 [da:25:05:f6:09:0a]
RSSI: -77 [da:2a:a9:ab:12:dc]
RSSI: -84 [da:25:06:03:09:3a]
RSSI: -84 [da:2a:a9:bb:13:0c]
RSSI: -85 [da:25:06:10:09:5a]
RSSI: -79 [da:2a:a9:ca:13:3c]
RSSI: -85 [da:25:06:1c:09:7a]
RSSI: -76 [da:2a:a9:d7:13:5c]
RSSI: -69 [da:2a:a9:e6:13:8c]
RSSI: -68 [da:2a:a9:e6:13:8c]
RSSI: -90 [da:25:06:36:09:ca]
RSSI: -66 [da:2a:a9:f5:13:bc]
RSSI: -65 [da:2a:aa:02:13:ec]
RSSI: -87 [da:25:06:50:0a:1a]
RSSI: -64 [da:2a:aa:02:13:ec]
RSSI: -62 [da:2a:aa:11:14:1c]
RSSI: -88 [da:25:06:5d:0a:3a]
RSSI: -62 [da:2a:aa:11:14:1c]
RSSI: -62 [da:2a:aa:20:14:4c]
RSSI: -61 [da:2a:aa:20:14:4c]
RSSI: -61 [da:2a:aa:2d:14:7c]
RSSI: -61 [da:2a:aa:2d:14:7c]
RSSI: -60 [da:2a:aa:3c:14:ac]
RSSI: -61 [da:2a:aa:3c:14:ac]
RSSI: -59 [da:2a:aa:4c:14:dc]
RSSI: -59 [da:2a:aa:4c:14:dc]
RSSI: -60 [da:2a:aa:58:14:fc]
RSSI: -59 [da:2a:aa:58:14:fc]
RSSI: -60 [da:2a:aa:68:15:2c]
RSSI: -59 [da:2a:aa:68:15:2c]
RSSI: -59 [da:2a:aa:77:15:5c]
RSSI: -59 [da:2a:aa:83:15:8c]
RSSI: -60 [da:2a:aa:83:15:8c]
RSSI: -93 [da:28:0f:de:12:be]
RSSI: -60 [da:2a:aa:93:15:bc]
RSSI: -61 [da:2a:aa:93:15:bc]
RSSI: -64 [da:2a:aa:a2:15:ec]
RSSI: -66 [da:2a:aa:af:16:0c]
RSSI: -89 [da:25:07:04:0c:1a]
RSSI: -67 [da:2a:aa:be:16:3c]
RSSI: -69 [da:2a:aa:be:16:3c]
RSSI: -70 [da:2a:aa:cd:16:6c]
RSSI: -72 [da:2a:aa:cd:16:6c]
RSSI: -77 [da:2a:aa:da:00:0c]
RSSI: -78 [da:2a:aa:da:00:0c]
RSSI: -82 [da:2a:aa:da:00:0c]
RSSI: -89 [da:25:07:38:0c:ba]
RSSI: -83 [da:2a:aa:f9:00:6c]
RSSI: -75 [da:2a:aa:f9:00:6c]
RSSI: -90 [da:25:07:45:0c:da]
RSSI: -77 [da:2a:ab:05:00:8c]
RSSI: -75 [da:2a:ab:05:00:8c]
RSSI: -75 [da:2a:ab:15:00:bc]
RSSI: -88 [da:25:07:5e:0d:2a]
RSSI: -73 [da:2a:ab:15:00:bc]
RSSI: -72 [da:2a:ab:24:00:ec]
RSSI: -90 [da:28:10:73:14:6e]
RSSI: -72 [da:2a:ab:24:00:ec]
RSSI: -86 [da:25:07:6b:0d:4a]
RSSI: -75 [da:2a:ab:30:01:1c]
RSSI: -75 [da:2a:ab:30:01:1c]
RSSI: -78 [da:2a:ab:40:01:4c]
RSSI: -85 [da:25:07:92:0d:ba]
RSSI: -81 [da:2a:ab:4f:01:7c]
RSSI: -87 [da:25:07:9f:0d:da]
RSSI: -89 [da:25:07:9f:0d:da]
RSSI: -80 [da:2a:ab:5c:01:9c]
RSSI: -91 [da:23:23:a4:01:0b]
RSSI: -86 [da:2a:ab:5c:01:9c]
RSSI: -88 [da:23:23:b1:01:3b]
RSSI: -91 [da:25:07:ac:0e:0a]
RSSI: -82 [da:2a:ab:6b:01:cc]
RSSI: -79 [da:2a:ab:6b:01:cc]
RSSI: -79 [da:2a:ab:6b:01:cc]
RSSI: -90 [da:25:07:c5:0e:4a]
RSSI: -80 [da:2a:ab:7a:01:fc]
RSSI: -89 [da:23:23:ca:01:7b]
RSSI: -81 [da:2a:ab:87:02:2c]
RSSI: -79 [da:2a:ab:87:02:2c]
RSSI: -87 [da:23:23:d7:01:ab]
RSSI: -81 [da:2a:ab:96:02:5c]
RSSI: -90 [da:25:07:df:0e:9a]
RSSI: -80 [da:2a:ab:96:02:5c]
RSSI: -91 [da:25:07:ec:0e:ba]
RSSI: -80 [da:2a:ab:a6:02:8c]
RSSI: -83 [da:2a:ab:a6:02:8c]
RSSI: -86 [da:23:23:f1:01:eb]
RSSI: -80 [da:2a:ab:b2:02:ac]
RSSI: -86 [da:23:23:fe:02:1b]
RSSI: -80 [da:2a:ab:b2:02:ac]
RSSI: -83 [da:2a:ab:c2:02:dc]
RSSI: -81 [da:2a:ab:d1:03:0c]
RSSI: -86 [da:23:24:17:02:6b]
RSSI: -82 [da:2a:ab:d1:03:0c]
RSSI: -87 [da:23:24:24:02:8b]
RSSI: -81 [da:2a:ab:de:03:2c]
RSSI: -80 [da:2a:ab:de:03:2c]
RSSI: -81 [da:2a:ab:ed:03:5c]
RSSI: -87 [da:23:24:3d:02:db]
RSSI: -82 [da:2a:ab:fc:03:8c]
RSSI: -82 [da:2a:ab:fc:03:8c]
RSSI: -88 [da:23:24:4a:02:fb]
RSSI: -88 [da:23:24:4a:02:fb]
RSSI: -78 [da:2a:ac:09:03:bc]
RSSI: -82 [da:2a:ac:09:03:bc]
RSSI: -78 [da:2a:ac:19:03:ec]
RSSI: -82 [da:2a:ac:28:04:1c]
RSSI: -90 [da:23:24:70:03:6b]
RSSI: -80 [da:2a:ac:28:04:1c]
RSSI: -85 [da:2a:ac:34:04:3c]
RSSI: -81 [da:2a:ac:34:04:3c]
RSSI: -89 [da:2a:ac:44:04:6c]
RSSI: -82 [da:2a:ac:53:04:9c]
RSSI: -78 [da:2a:ac:53:04:9c]
RSSI: -83 [da:2a:ac:60:04:cc]
RSSI: -83 [da:2a:ac:6f:04:fc]
RSSI: -82 [da:2a:ac:6f:04:fc]
RSSI: -81 [da:2a:ac:7f:05:2c]
RSSI: -83 [da:2a:ac:8b:05:4c]
RSSI: -90 [da:2a:ac:aa:05:ac]
RSSI: -88 [da:2a:ac:aa:05:ac]
RSSI: -88 [da:2a:ac:b7:05:dc]
RSSI: -89 [da:25:09:09:11:fa]
RSSI: -93 [da:25:09:09:11:fa]
RSSI: -85 [da:2a:ac:c6:06:0c]
RSSI: -89 [da:25:09:16:12:1a]
RSSI: -85 [da:2a:ac:f2:06:8c]
RSSI: -88 [da:25:09:3d:12:8a]
RSSI: -88 [da:2a:ad:01:06:bc]
RSSI: -85 [da:2a:ad:1d:07:1c]
RSSI: -88 [da:25:09:70:13:1a]
RSSI: -93 [da:2a:ad:2d:07:4c]
RSSI: -93 [da:28:12:99:04:2e]
RSSI: -90 [da:25:09:97:13:8a]
RSSI: -90 [da:25:09:b1:13:da]
RSSI: -92 [da:28:12:c2:04:ae]
RSSI: -87 [da:2a:ad:74:08:2c]
RSSI: -88 [da:25:09:be:13:fa]
RSSI: -95 [da:28:12:dd:04:ee]
RSSI: -89 [da:2a:ad:90:08:8c]
RSSI: -87 [da:25:09:e5:14:6a]
RSSI: -85 [da:2a:ad:a5:08:cc]
RSSI: -85 [da:2a:ad:a5:08:cc]
RSSI: -81 [da:2a:ad:c2:09:1c]
RSSI: -85 [da:25:0a:0c:14:da]
RSSI: -84 [da:2a:ad:c2:09:1c]
RSSI: -80 [da:2a:ad:d1:09:4c]
RSSI: -86 [da:25:0a:19:14:fa]
RSSI: -80 [da:2a:ad:d1:09:4c]
RSSI: -83 [da:2a:ad:e1:09:8c]
RSSI: -80 [da:2a:ad:e1:09:8c]
RSSI: -88 [da:25:0a:33:15:4a]
RSSI: -81 [da:2a:ad:ed:09:ac]
RSSI: -87 [da:25:0a:33:15:4a]
RSSI: -79 [da:2a:ad:ed:09:ac]
RSSI: -87 [da:25:0a:40:15:6a]
RSSI: -80 [da:2a:ad:fd:09:dc]
RSSI: -86 [da:25:0a:4d:15:9a]
RSSI: -83 [da:2a:ad:fd:09:dc]
RSSI: -87 [da:25:0a:4d:15:9a]
RSSI: -81 [da:2a:ae:0c:0a:0c]
RSSI: -80 [da:2a:ae:0c:0a:0c]
RSSI: -86 [da:25:0a:5a:15:ba]
RSSI: -87 [da:25:0a:5a:15:ba]
RSSI: -81 [da:2a:ae:19:0a:3c]
RSSI: -81 [da:2a:ae:19:0a:3c]
RSSI: -87 [da:25:0a:67:15:da]
RSSI: -81 [da:2a:ae:38:0a:9c]
RSSI: -83 [da:2a:ae:44:0a:cc]
RSSI: -89 [da:2a:ae:63:0b:2c]
RSSI: -89 [da:25:0a:b5:00:6a]
RSSI: -84 [da:2a:ae:70:0b:4c]
RSSI: -85 [da:2a:ae:80:0b:7c]
RSSI: -91 [da:28:13:e1:07:de]
RSSI: -83 [da:2a:ae:8f:0b:ac]
RSSI: -88 [da:25:0a:dc:00:da]
RSSI: -83 [da:2a:ae:9c:0b:dc]
RSSI: -80 [da:2a:ae:9c:0b:dc]
RSSI: -81 [da:2a:ae:ab:0c:0c]
RSSI: -94 [da:25:0a:f6:01:2a]
RSSI: -79 [da:2a:ae:bb:0c:3c]
RSSI: -80 [da:2a:ae:bb:0c:3c]
RSSI: -80 [da:2a:ae:bb:0c:3c]
RSSI: -78 [da:2a:ae:c7:0c:6c]
RSSI: -83 [da:2a:ae:d7:0c:9c]
RSSI: -78 [da:2a:ae:d7:0c:9c]
RSSI: -89 [da:25:0b:2a:01:ba]
RSSI: -80 [da:2a:ae:f3:0c:ec]
RSSI: -81 [da:2a:af:03:0d:2c]
RSSI: -82 [da:2a:af:03:0d:2c]
RSSI: -82 [da:2a:af:12:0d:5c]
RSSI: -79 [da:2a:af:12:0d:5c]
RSSI: -82 [da:2a:af:1f:0d:7c]
RSSI: -86 [da:25:0b:6b:02:7a]
RSSI: -78 [da:2a:af:2e:0d:ac]
RSSI: -86 [da:25:0b:79:02:9a]
RSSI: -84 [da:2a:af:2e:0d:ac]
RSSI: -86 [da:25:0b:86:02:ca]
RSSI: -82 [da:2a:af:3e:0d:dc]
RSSI: -85 [da:25:0b:86:02:ca]
RSSI: -88 [da:25:0b:92:02:ea]
RSSI: -85 [da:25:0b:92:02:ea]
RSSI: -84 [da:25:0b:a0:03:0a]
RSSI: -85 [da:2a:af:5a:0e:3c]
RSSI: -84 [da:25:0b:ad:03:3a]
RSSI: -83 [da:2a:af:69:0e:6c]
RSSI: -87 [da:25:0b:ba:03:5a]
RSSI: -83 [da:25:0b:ba:03:5a]
RSSI: -83 [da:2a:af:76:0e:8c]
RSSI: -82 [da:2a:af:76:0e:8c]
RSSI: -83 [da:25:0b:c7:03:7a]
RSSI: -81 [da:25:0b:c7:03:7a]
RSSI: -83 [da:2a:af:86:0e:bc]
RSSI: -81 [da:25:0b:d4:03:aa]
RSSI: -84 [da:2a:af:86:0e:bc]
RSSI: -81 [da:25:0b:d4:03:aa]
RSSI: -81 [da:25:0b:e1:03:ca]
RSSI: -79 [da:25:0b:e1:03:ca]
RSSI: -88 [da:2a:af:a2:0f:1c]
RSSI: -78 [da:25:0b:ee:03:ea]
RSSI: -88 [da:28:15:00:0b:1e]
RSSI: -88 [da:2a:af:b1:0f:4c]
RSSI: -78 [da:25:0b:fb:04:1a]
RSSI: -88 [da:2a:af:c1:0f:7c]
RSSI: -77 [da:25:0c:08:04:3a]
RSSI: -87 [da:28:15:0d:0b:4e]
RSSI: -86 [da:2a:af:c1:0f:7c]
RSSI: -76 [da:25:0c:08:04:3a]
RSSI: -90 [da:2a:af:cd:0f:ac]
RSSI: -76 [da:25:0c:15:04:5a]
RSSI: -74 [da:25:0c:22:04:8a]
RSSI: -76 [da:25:0c:2f:04:aa]
RSSI: -76 [da:25:0c:2f:04:aa]
RSSI: -89 [da:28:15:44:0b:ee]
RSSI: -74 [da:25:0c:3c:04:ca]
RSSI: -73 [da:25:0c:4a:04:fa]
RSSI: -90 [da:2a:b0:09:10:5c]
RSSI: -76 [da:25:0c:56:05:1a]
RSSI: -76 [da:25:0c:64:05:3a]
RSSI: -76 [da:25:0c:64:05:3a]
RSSI: -72 [da:25:0c:71:05:6a]
RSSI: -74 [da:25:0c:7d:05:8a]
RSSI: -91 [da:2a:b0:35:10:ec]
RSSI: -76 [da:25:0c:8b:05:ba]
RSSI: -73 [da:25:0c:8b:05:ba]
RSSI: -76 [da:25:0c:98:05:da]
RSSI: -85 [da:28:15:a5:0c:fe]
RSSI: -76 [da:25:0c:98:05:da]
RSSI: -76 [da:25:0c:98:05:da]
RSSI: -73 [da:25:0c:a5:05:fa]
RSSI: -73 [da:25:0c:a5:05:fa]
RSSI: -86 [da:28:15:b1:0d:2e]
RSSI: -89 [da:2a:b0:60:11:7c]
RSSI: -75 [da:25:0c:b2:06:2a]
RSSI: -88 [da:28:15:c0:0d:4e]
RSSI: -75 [da:25:0c:b2:06:2a]
RSSI: -77 [da:25:0c:bf:06:4a]
RSSI: -87 [da:28:15:ce:0d:7e]
RSSI: -89 [da:28:15:ce:0d:7e]
RSSI: -77 [da:25:0c:cc:06:6a]
RSSI: -78 [da:25:0c:d9:06:9a]
RSSI: -83 [da:2a:b0:8c:11:fc]
RSSI: -79 [da:25:0c:d9:06:9a]
RSSI: -79 [da:25:0c:d9:06:9a]
RSSI: -83 [da:2a:b0:9c:12:2c]
RSSI: -80 [da:25:0c:e7:06:ba]
RSSI: -80 [da:25:0c:e7:06:ba]
RSSI: -78 [da:2a:b0:a8:12:5c]
RSSI: -82 [da:25:0c:f3:06:da]
RSSI: -78 [da:2a:b0:a8:12:5c]
RSSI: -84 [da:25:0c:f3:06:da]
RSSI: -83 [da:25:0d:01:07:0a]
RSSI: -81 [da:2a:b0:b8:12:8c]
RSSI: -84 [da:25:0d:01:07:0a]
RSSI: -79 [da:2a:b0:b8:12:8c]
RSSI: -94 [da:28:16:12:0e:3e]
RSSI: -84 [da:2a:b0:c8:12:bc]
RSSI: -79 [da:2a:b0:d4:12:ec]
RSSI: -89 [da:25:0d:28:07:7a]
RSSI: -84 [da:2a:b0:e4:13:1c]
RSSI: -86 [da:25:0d:35:07:9a]
RSSI: -78 [da:2a:b0:f3:13:4c]
RSSI: -77 [da:2a:b0:f3:13:4c]
RSSI: -85 [da:25:0d:42:07:ca]
RSSI: -74 [da:2a:b1:00:13:6c]
RSSI: -71 [da:2a:b1:00:13:6c]
RSSI: -83 [da:25:0d:4f:07:ea]
RSSI: -73 [da:2a:b1:10:13:9c]
RSSI: -83 [da:25:0d:5c:08:1a]
RSSI: -68 [da:2a:b1:1f:13:cc]
RSSI: -69 [da:2a:b1:1f:13:cc]
RSSI: -82 [da:25:0d:69:08:3a]
RSSI: -66 [da:2a:b1:2c:13:fc]
RSSI: -84 [da:25:0d:76:08:5a]
RSSI: -84 [da:25:0d:84:08:8a]
RSSI: -65 [da:2a:b1:3c:14:2c]
RSSI: -85 [da:25:0d:84:08:8a]
RSSI: -63 [da:2a:b1:3c:14:2c]
RSSI: -64 [da:2a:b1:4b:14:5c]
RSSI: -85 [da:25:0d:90:08:aa]
RSSI: -64 [da:2a:b1:4b:14:5c]
RSSI: -86 [da:25:0d:9e:08:ca]
RSSI: -64 [da:2a:b1:58:14:7c]
RSSI: -85 [da:25:0d:ab:08:fa]
RSSI: -84 [da:25:0d:ab:08:fa]
RSSI: -62 [da:2a:b1:68:14:ac]
RSSI: -82 [da:25:0d:b8:09:1a]
RSSI: -84 [da:25:0d:b8:09:1a]
RSSI: -64 [da:2a:b1:77:14:dc]
RSSI: -84 [da:25:0d:c5:09:3a]
RSSI: -62 [da:2a:b1:77:14:dc]
RSSI: -82 [da:25:0d:c5:09:3a]
RSSI: -64 [da:2a:b1:84:15:0c]
RSSI: -64 [da:2a:b1:84:15:0c]
RSSI: -86 [da:25:0d:d2:09:6a]
RSSI: -65 [da:2a:b1:93:15:3c]
RSSI: -88 [da:25:0d:df:09:8a]
RSSI: -64 [da:2a:b1:a3:15:6c]
RSSI: -86 [da:25:0d:ed:09:ba]
RSSI: -66 [da:2a:b1:b0:15:8c]
RSSI: -88 [da:25:0d:fa:09:da]
RSSI: -66 [da:2a:b1:b0:15:8c]
RSSI: -87 [da:25:0d:fa:09:da]
RSSI: -66 [da:2a:b1:b0:15:8c]
RSSI: -85 [da:25:0e:06:09:fa]
RSSI: -68 [da:2a:b1:bf:15:bc]
RSSI: -86 [da:25:0e:14:0a:2a]
RSSI: -71 [da:2a:b1:dc:16:1c]
RSSI: -87 [da:25:0e:21:0a:4a]
RSSI: -73 [da:2a:b1:dc:16:1c]
RSSI: -75 [da:2a:b1:eb:16:4c]
RSSI: -78 [da:2a:b1:eb:16:4c]
RSSI: -82 [da:2a:b1:fb:16:7c]
RSSI: -87 [da:2a:b2:08:00:2c]
RSSI: -89 [da:25:0e:5d:0a:fa]
RSSI: -80 [da:2a:b2:17:00:5c]
RSSI: -77 [da:2a:b2:17:00:5c]
RSSI: -78 [da:2a:b2:27:00:8c]
RSSI: -75 [da:2a:b2:27:00:8c]
RSSI: -89 [da:25:0e:78:0b:4a]
RSSI: -76 [da:2a:b2:34:00:bc]
RSSI: -91 [da:25:0e:85:0b:6a]
RSSI: -74 [da:2a:b2:43:00:ec]
RSSI: -76 [da:2a:b2:53:01:1c]
RSSI: -76 [da:2a:b2:53:01:1c]
RSSI: -79 [da:2a:b2:60:01:3c]
RSSI: -92 [da:25:0e:ac:0b:da]
RSSI: -83 [da:2a:b2:6f:01:6c]
RSSI: -88 [da:25:0e:ba:0c:0a]
RSSI: -86 [da:2a:b2:6f:01:6c]
RSSI: -83 [da:2a:b2:7f:01:9c]
RSSI: -87 [da:25:0e:c7:0c:2a]
RSSI: -80 [da:2a:b2:8c:01:cc]
RSSI: -92 [da:28:17:e6:13:8e]
RSSI: -91 [da:25:0e:d4:0c:4a]
RSSI: -82 [da:2a:b2:9b:01:fc]
RSSI: -81 [da:2a:b2:9b:01:fc]
RSSI: -81 [da:2a:b2:ab:02:2c]
RSSI: -79 [da:2a:b2:ab:02:2c]
RSSI: -83 [da:2a:b2:b8:02:4c]
RSSI: -86 [da:2a:b2:c7:02:7c]
RSSI: -86 [da:25:0f:16:0d:0a]
RSSI: -81 [da:2a:b2:d7:02:ac]
RSSI: -92 [da:25:0f:23:0d:3a]
RSSI: -87 [da:23:2b:2e:00:eb]
RSSI: -86 [da:2a:b2:e4:02:dc]
RSSI: -80 [da:2a:b2:e4:02:dc]
RSSI: -92 [da:28:18:54:14:ce]
RSSI: -90 [da:23:2b:48:01:3b]
RSSI: -82 [da:2a:b3:03:03:3c]
RSSI: -85 [da:23:2b:55:01:5b]
RSSI: -88 [da:23:2b:55:01:5b]
RSSI: -85 [da:2a:b3:10:03:6c]
RSSI: -83 [da:2a:b3:10:03:6c]
RSSI: -85 [da:23:2b:62:01:8b]
RSSI: -87 [da:25:0f:65:0d:fa]
RSSI: -87 [da:2a:b3:1f:03:9c]
RSSI: -87 [da:23:2b:6f:01:ab]
RSSI: -88 [da:23:2b:6f:01:ab]
RSSI: -86 [da:23:2b:7c:01:cb]
RSSI: -85 [da:23:2b:7c:01:cb]
RSSI: -82 [da:2a:b3:3c:03:ec]
RSSI: -87 [da:23:2b:89:01:fb]
RSSI: -87 [da:23:2b:96:02:1b]
RSSI: -83 [da:2a:b3:4b:04:1c]
RSSI: -95 [da:28:18:b6:15:de]
RSSI: -86 [da:2a:b3:68:04:7c]
RSSI: -87 [da:23:2b:bd:02:8b]
RSSI: -84 [da:2a:b3:87:04:dc]
RSSI: -85 [da:2a:b3:87:04:dc]
RSSI: -88 [da:23:2b:d7:02:db]
RSSI: -81 [da:2a:b3:94:05:0c]
RSSI: -95 [da:25:0f:f6:0f:9a]
RSSI: -94 [da:2a:b3:b3:05:6c]
RSSI: -89 [da:2a:b3:c0:05:8c]
RSSI: -92 [da:2a:b3:d0:05:bc]
RSSI: -89 [da:2a:b3:d0:05:bc]
RSSI: -90 [da:2a:b3:df:05:ec]
RSSI: -91 [da:2a:b3:df:05:ec]
RSSI: -95 [da:2a:b4:0c:06:7c]
RSSI: -94 [da:2a:b4:28:06:dc]
RSSI: -86 [da:2a:b4:38:07:0c]
RSSI: -91 [da:2a:b4:38:07:0c]
RSSI: -86 [da:2a:b4:44:07:2c]
RSSI: -84 [da:2a:b4:54:07:6c]
RSSI: -92 [da:25:10:af:11:aa]
RSSI: -86 [da:2a:b4:64:07:9c]
RSSI: -89 [da:25:10:bc:11:da]
RSSI: -88 [da:25:10:e4:12:4a]
RSSI: -92 [da:25:10:f2:12:6a]
RSSI: -92 [da:25:10:f2:12:6a]
RSSI: -88 [da:25:10:fe:12:9a]
RSSI: -86 [da:2a:b4:bc:08:ac]
RSSI: -88 [da:2a:b4:c9:08:dc]
RSSI: -87 [da:25:11:0c:12:ba]
RSSI: -83 [da:2a:b4:c9:08:dc]
RSSI: -87 [da:25:11:19:12:da]
RSSI: -88 [da:25:11:26:13:0a]
RSSI: -87 [da:25:11:34:13:2a]
RSSI: -87 [da:2a:b4:e8:09:3c]
RSSI: -86 [da:2a:b4:f5:09:5c]
RSSI: -88 [da:25:11:41:13:5a]
RSSI: -87 [da:2a:b4:f5:09:5c]
RSSI: -87 [da:25:11:41:13:5a]
RSSI: -84 [da:2a:b5:05:09:9c]
RSSI: -86 [da:2a:b5:21:09:ec]
RSSI: -83 [da:2a:b5:21:09:ec]
RSSI: -88 [da:25:11:75:13:ea]
RSSI: -86 [da:2a:b5:31:0a:1c]
RSSI: -91 [da:25:11:83:14:1a]
RSSI: -82 [da:2a:b5:41:0a:4c]
RSSI: -84 [da:2a:b5:41:0a:4c]
RSSI: -85 [da:2a:b5:41:0a:4c]
RSSI: -84 [da:2a:b5:4e:0a:7c]
RSSI: -84 [da:25:11:9d:14:5a]
RSSI: -86 [da:2a:b5:5d:0a:ac]
RSSI: -89 [da:25:11:b8:14:aa]
RSSI: -87 [da:25:11:c5:14:ca]
RSSI: -80 [da:2a:b5:7a:0b:0c]
RSSI: -90 [da:25:11:d3:14:fa]
RSSI: -82 [da:2a:b5:8a:0b:3c]
RSSI: -89 [da:2a:b5:9a:0b:6c]
RSSI: -89 [da:25:11:e0:15:1a]
RSSI: -86 [da:2a:b5:a6:0b:9c]
RSSI: -86 [da:25:11:ed:15:4a]
RSSI: -86 [da:2a:b5:a6:0b:9c]
RSSI: -85 [da:2a:b5:a6:0b:9c]
RSSI: -88 [da:25:11:fa:15:6a]
RSSI: -86 [da:25:12:08:15:9a]
RSSI: -83 [da:2a:b5:b6:0b:cc]
RSSI: -81 [da:2a:b5:d3:0c:2c]
RSSI: -82 [da:2a:b5:e3:0c:5c]
RSSI: -81 [da:2a:b5:e3:0c:5c]
RSSI: -83 [da:2a:b5:e3:0c:5c]
RSSI: -87 [da:2a:b5:f2:0c:8c]
RSSI: -90 [da:25:12:3c:16:2a]
RSSI: -80 [da:2a:b5:ff:0c:ac]
RSSI: -90 [da:2a:b6:0f:0c:ec]
RSSI: -83 [da:2a:b6:0f:0c:ec]
RSSI: -87 [da:2a:b6:1f:0d:1c]
RSSI: -88 [da:2a:b6:2b:0d:3c]
RSSI: -90 [da:25:12:80:00:ca]
RSSI: -88 [da:2a:b6:3b:0d:6c]
RSSI: -92 [da:2a:b6:58:0d:cc]
RSSI: -86 [da:2a:b6:68:0d:fc]
RSSI: -87 [da:2a:b6:84:0e:5c]
RSSI: -87 [da:2a:b6:94:0e:8c]
RSSI: -89 [da:25:12:f7:02:1a]
RSSI: -94 [da:28:1c:03:08:ee]
RSSI: -98 [da:2a:b6:c0:0f:1c]
RSSI: -87 [da:25:13:1f:02:8a]
RSSI: -85 [da:25:13:2c:02:ba]
RSSI: -88 [da:2a:b6:ed:0f:ac]
RSSI: -93 [da:28:1c:4a:09:be]
RSSI: -87 [da:2a:b6:fd:0f:dc]
RSSI: -91 [da:25:13:61:03:4a]
RSSI: -85 [da:2a:b7:19:10:3c]
RSSI: -90 [da:25:13:6f:03:6a]
RSSI: -86 [da:2a:b7:29:10:6c]
RSSI: -82 [da:25:13:7c:03:9a]
RSSI: -85 [da:2a:b7:36:10:8c]
RSSI: -83 [da:25:13:89:03:ba]
RSSI: -86 [da:2a:b7:46:10:bc]
RSSI: -82 [da:25:13:97:03:ea]
RSSI: -86 [da:2a:b7:56:10:fc]
RSSI: -79 [da:25:13:a4:04:0a]
RSSI: -77 [da:25:13:bf:04:5a]
RSSI: -78 [da:25:13:bf:04:5a]
RSSI: -83 [da:2a:b7:82:11:7c]
RSSI: -77 [da:25:13:cc:04:7a]
RSSI: -76 [da:25:13:cc:04:7a]
RSSI: -76 [da:25:13:d9:04:9a]
RSSI: -85 [da:2a:b7:8f:11:ac]
RSSI: -88 [da:28:1c:f1:0b:9e]
RSSI: -75 [da:25:13:e7:04:ca]
RSSI: -88 [da:28:1c:f1:0b:9e]
RSSI: -75 [da:25:13:e7:04:ca]
RSSI: -75 [da:25:13:e7:04:ca]
RSSI: -88 [da:28:1c:fe:0b:be]
RSSI: -74 [da:25:13:f4:04:ea]
RSSI: -83 [da:2a:b7:ae:12:0c]
RSSI: -74 [da:25:13:f4:04:ea]
RSSI: -73 [da:25:14:01:05:0a]
RSSI: -79 [da:2a:b7:bb:12:2c]
RSSI: -86 [da:28:1d:0c:0b:ee]
RSSI: -73 [da:25:14:01:05:0a]
RSSI: -74 [da:25:14:0f:05:3a]
RSSI: -85 [da:28:1d:1b:0c:0e]
RSSI: -73 [da:25:14:0f:05:3a]
RSSI: -77 [da:2a:b7:cb:12:5c]
RSSI: -82 [da:28:1d:27:0c:3e]
RSSI: -81 [da:2a:b7:db:12:9c]
RSSI: -78 [da:2a:b7:db:12:9c]
RSSI: -72 [da:25:14:29:05:8a]
RSSI: -84 [da:2a:b7:e8:12:bc]
RSSI: -74 [da:25:14:37:05:aa]
RSSI: -73 [da:25:14:44:05:ca]
RSSI: -73 [da:25:14:44:05:ca]
RSSI: -86 [da:28:1d:51:0c:ae]
RSSI: -72 [da:25:14:52:05:fa]
RSSI: -74 [da:25:14:52:05:fa]
RSSI: -76 [da:2a:b8:24:13:7c]
RSSI: -74 [da:25:14:6c:06:3a]
RSSI: -89 [da:28:1d:7b:0d:2e]
RSSI: -75 [da:2a:b8:24:13:7c]
RSSI: -76 [da:25:14:6c:06:3a]
RSSI: -73 [da:25:14:7a:06:6a]
RSSI: -73 [da:2a:b8:34:13:ac]
RSSI: -76 [da:25:14:7a:06:6a]
RSSI: -77 [da:25:14:87:06:8a]
RSSI: -75 [da:25:14:87:06:8a]
RSSI: -71 [da:2a:b8:41:13:cc]
RSSI: -78 [da:25:14:94:06:ba]
RSSI: -79 [da:25:14:94:06:ba]
RSSI: -68 [da:2a:b8:51:13:fc]
RSSI: -86 [da:28:1d:a5:0d:ae]
RSSI: -69 [da:2a:b8:51:13:fc]
RSSI: -67 [da:2a:b8:61:14:3c]
RSSI: -90 [da:28:1d:b4:0d:ce]
RSSI: -82 [da:25:14:af:06:fa]
RSSI: -84 [da:25:14:af:06:fa]
RSSI: -66 [da:2a:b8:6d:14:5c]
RSSI: -90 [da:28:1d:cf:0e:1e]
RSSI: -92 [da:25:14:ca:07:4a]
RSSI: -65 [da:2a:b8:8d:14:bc]
RSSI: -66 [da:2a:b8:8d:14:bc]
RSSI: -65 [da:2a:b8:9a:14:ec]
RSSI: -86 [da:25:14:e4:07:9a]
RSSI: -68 [da:2a:b8:aa:15:1c]
RSSI: -66 [da:2a:b8:aa:15:1c]
RSSI: -85 [da:25:14:f2:07:ba]
RSSI: -82 [da:25:15:00:07:ea]
RSSI: -66 [da:2a:b8:ba:15:4c]
RSSI: -68 [da:2a:b8:ba:15:4c]
RSSI: -84 [da:25:15:0c:08:0a]
RSSI: -82 [da:25:15:0c:08:0a]
RSSI: -83 [da:25:15:1a:08:2a]
RSSI: -68 [da:2a:b8:d6:15:ac]
RSSI: -87 [da:25:15:28:08:5a]
RSSI: -71 [da:2a:b8:e6:15:dc]
RSSI: -85 [da:25:15:28:08:5a]
RSSI: -70 [da:2a:b8:e6:15:dc]
RSSI: -88 [da:25:15:34:08:7a]
RSSI: -88 [da:28:1e:41:0f:6e]
RSSI: -88 [da:25:15:34:08:7a]
RSSI: -72 [da:2a:b8:f3:15:fc]
RSSI: -75 [da:2a:b9:03:16:3c]
RSSI: -78 [da:2a:b9:03:16:3c]
RSSI: -78 [da:2a:b9:13:16:6c]
RSSI: -82 [da:2a:b9:13:16:6c]
RSSI: -84 [da:25:15:5c:08:ea]
RSSI: -87 [da:25:15:6a:09:1a]
RSSI: -81 [da:2a:b9:30:00:3c]
RSSI: -87 [da:25:15:85:09:6a]
RSSI: -77 [da:2a:b9:40:00:6c]
RSSI: -80 [da:2a:b9:40:00:6c]
RSSI: -74 [da:2a:b9:4c:00:8c]
RSSI: -88 [da:25:15:a0:09:ba]
RSSI: -89 [da:25:15:a0:09:ba]
RSSI: -77 [da:2a:b9:5c:00:bc]
RSSI: -88 [da:25:15:a0:09:ba]
RSSI: -75 [da:2a:b9:5c:00:bc]
RSSI: -83 [da:25:15:ad:09:da]
RSSI: -79 [da:2a:b9:6c:00:ec]
RSSI: -86 [da:25:15:ad:09:da]
RSSI: -79 [da:2a:b9:6c:00:ec]
RSSI: -89 [da:28:1e:cb:10:fe]
RSSI: -85 [da:25:15:bb:09:fa]
RSSI: -88 [da:25:15:c8:0a:2a]
RSSI: -83 [da:2a:b9:79:01:1c]
RSSI: -88 [da:25:15:c8:0a:2a]
RSSI: -88 [da:2a:b9:89:01:4c]
RSSI: -87 [da:25:15:d5:0a:4a]
RSSI: -86 [da:2a:b9:99:01:7c]
RSSI: -89 [da:25:15:e3:0a:7a]
RSSI: -92 [da:28:1f:04:11:9e]
RSSI: -85 [da:2a:b9:b6:01:dc]
RSSI: -85 [da:2a:b9:b6:01:dc]
RSSI: -86 [da:2a:b9:b6:01:dc]
RSSI: -88 [da:25:15:fd:0a:ba]
RSSI: -87 [da:25:16:0b:0a:ea]
RSSI: -85 [da:2a:b9:c6:02:0c]
RSSI: -86 [da:2a:b9:c6:02:0c]
RSSI: -88 [da:25:16:19:0b:0a]
RSSI: -86 [da:2a:b9:d2:02:2c]
RSSI: -89 [da:25:16:26:0b:3a]
RSSI: -88 [da:25:16:26:0b:3a]
RSSI: -87 [da:2a:b9:e2:02:5c]
RSSI: -90 [da:2a:b9:f2:02:9c]
RSSI: -89 [da:25:16:41:0b:8a]
RSSI: -90 [da:25:16:4e:0b:aa]
RSSI: -87 [da:2a:ba:0f:02:ec]
RSSI: -97 [da:28:1f:74:12:de]
RSSI: -88 [da:25:16:76:0c:1a]
RSSI: -87 [da:25:16:84:0c:4a]
RSSI: -89 [da:2a:ba:4c:03:ac]
RSSI: -88 [da:25:16:92:0c:6a]
RSSI: -89 [da:25:16:9e:0c:9a]
RSSI: -86 [da:25:16:ac:0c:ba]
RSSI: -88 [da:2a:ba:68:04:0c]
RSSI: -88 [da:25:16:ac:0c:ba]
RSSI: -85 [da:2a:ba:68:04:0c]
RSSI: -86 [da:25:16:c7:0d:0a]
RSSI: -87 [da:25:16:c7:0d:0a]
RSSI: -96 [da:28:1f:de:14:0e]
RSSI: -86 [da:25:16:d4:0d:2a]
RSSI: -86 [da:2a:ba:95:04:8c]
RSSI: -85 [da:25:16:e2:0d:5a]
RSSI: -89 [da:25:17:0b:0d:ca]
RSSI: -90 [da:2a:ba:c2:05:1c]
RSSI: -93 [da:25:17:17:0d:ea]
RSSI: -89 [da:2a:ba:d2:05:4c]
RSSI: -93 [da:25:17:25:0e:1a]
RSSI: -90 [da:2a:ba:df:05:7c]
RSSI: -89 [da:2a:ba:ef:05:ac]
RSSI: -85 [da:2a:bb:2c:06:6c]
RSSI: -83 [da:2a:bb:2c:06:6c]
RSSI: -82 [da:2a:bb:38:06:8c]
RSSI: -81 [da:2a:bb:38:06:8c]
RSSI: -81 [da:2a:bb:48:06:cc]
RSSI: -86 [da:2a:bb:58:06:fc]
RSSI: -86 [da:2a:bb:58:06:fc]
RSSI: -91 [da:2a:bb:65:07:1c]
RSSI: -84 [da:2a:bb:75:07:5c]
RSSI: -89 [da:2a:bb:75:07:5c]
RSSI: -85 [da:2a:bb:85:07:8c]
RSSI: -85 [da:2a:bb:a2:07:dc]
RSSI: -86 [da:2a:bb:a2:07:dc]
RSSI: -86 [da:2a:bb:b2:08:1c]
RSSI: -86 [da:2a:bb:bf:08:3c]
RSSI: -84 [da:2a:bb:cf:08:6c]
RSSI: -83 [da:2a:bb:cf:08:6c]
RSSI: -83 [da:2a:bb:df:08:ac]
RSSI: -92 [da:25:18:40:11:4a]
RSSI: -87 [da:2a:bb:fc:08:fc]
RSSI: -88 [da:2a:bb:fc:08:fc]
RSSI: -83 [da:2a:bc:0c:09:3c]
RSSI: -83 [da:2a:bc:0c:09:3c]
RSSI: -87 [da:2a:bc:0c:09:3c]
RSSI: -83 [da:2a:bc:18:09:5c]
RSSI: -83 [da:2a:bc:29:09:8c]
RSSI: -83 [da:2a:bc:39:09:bc]
RSSI: -92 [da:25:18:91:12:2a]
RSSI: -86 [da:2a:bc:45:09:ec]
RSSI: -91 [da:25:18:9f:12:5a]
RSSI: -89 [da:25:18:ac:12:7a]
RSSI: -86 [da:2a:bc:6e:0a:6c]
RSSI: -90 [da:25:18:ba:12:aa]
RSSI: -88 [da:25:18:c7:12:ca]
RSSI: -89 [da:25:18:c7:12:ca]
RSSI: -85 [da:2a:bc:7b:0a:9c]
RSSI: -87 [da:25:18:d4:12:fa]
RSSI: -89 [da:25:19:0b:13:8a]
RSSI: -90 [da:25:19:18:13:ba]
RSSI: -89 [da:25:19:25:13:da]
RSSI: -86 [da:25:19:33:14:0a]
RSSI: -87 [da:25:19:41:14:2a]
RSSI: -84 [da:25:19:41:14:2a]
RSSI: -89 [da:25:19:4e:14:4a]
RSSI: -87 [da:25:19:5c:14:7a]
RSSI: -83 [da:25:19:6a:14:aa]
RSSI: -87 [da:25:19:76:14:ca]
RSSI: -86 [da:25:19:84:14:ea]
RSSI: -86 [da:25:19:84:14:ea]
RSSI: -86 [da:25:19:92:15:1a]
RSSI: -84 [da:25:19:92:15:1a]
RSSI: -85 [da:25:19:9f:15:3a]
RSSI: -86 [da:25:19:9f:15:3a]
RSSI: -84 [da:25:19:ad:15:6a]
RSSI: -85 [da:25:19:ad:15:6a]
RSSI: -86 [da:25:19:bb:15:8a]
RSSI: -85 [da:25:19:bb:15:8a]
RSSI: -86 [da:25:19:c7:15:aa]
RSSI: -88 [da:25:19:d6:15:da]
RSSI: -88 [da:25:19:e3:15:fa]
RSSI: -88 [da:25:1a:0c:00:4a]
RSSI: -95 [da:2a:bd:cf:0e:cc]
RSSI: -89 [da:25:1a:19:00:7a]
RSSI: -92 [da:2a:bd:dc:0e:ec]
RSSI: -88 [da:25:1a:27:00:9a]
RSSI: -90 [da:2a:be:02:0f:6c]
RSSI: -90 [da:2a:be:02:0f:6c]
RSSI: -89 [da:25:1a:6a:01:5a]
RSSI: -93 [da:2a:be:28:0f:dc]
RSSI: -91 [da:25:1a:6a:01:5a]
RSSI: -92 [da:25:1a:86:01:aa]
RSSI: -88 [da:2a:be:4e:10:5c]
RSSI: -90 [da:25:1a:a1:01:fa]
RSSI: -91 [da:2a:be:5b:10:7c]
RSSI: -87 [da:2a:be:75:10:cc]
RSSI: -88 [da:25:1a:ca:02:6a]
RSSI: -89 [da:2a:be:8e:11:2c]
RSSI: -88 [da:25:1a:d8:02:9a]
RSSI: -89 [da:2a:be:8e:11:2c]
RSSI: -88 [da:25:1a:e4:02:ba]
RSSI: -86 [da:25:1b:00:03:0a]
RSSI: -87 [da:2a:be:c1:11:cc]
RSSI: -88 [da:2a:be:c1:11:cc]
RSSI: -85 [da:25:1b:0d:03:2a]
RSSI: -86 [da:2a:be:ce:11:ec]
RSSI: -87 [da:25:1b:1b:03:5a]
RSSI: -83 [da:2a:be:da:12:1c]
RSSI: -82 [da:2a:be:da:12:1c]
RSSI: -85 [da:25:1b:29:03:7a]
RSSI: -81 [da:2a:be:e7:12:3c]
RSSI: -83 [da:25:1b:36:03:9a]
RSSI: -83 [da:25:1b:44:03:ca]
RSSI: -82 [da:2a:bf:01:12:8c]
RSSI: -81 [da:25:1b:52:03:ea]
RSSI: -81 [da:25:1b:52:03:ea]
RSSI: -79 [da:25:1b:5f:04:1a]
RSSI: -80 [da:25:1b:5f:04:1a]
RSSI: -78 [da:25:1b:6d:04:3a]
RSSI: -91 [da:2a:bf:27:13:0c]
RSSI: -86 [da:2a:bf:34:13:2c]
RSSI: -77 [da:25:1b:7b:04:6a]
RSSI: -84 [da:2a:bf:34:13:2c]
RSSI: -77 [da:25:1b:7b:04:6a]
RSSI: -88 [da:28:24:90:0b:4e]
RSSI: -80 [da:2a:bf:41:13:5c]
RSSI: -76 [da:25:1b:8d:04:9a]
RSSI: -86 [da:28:24:9c:0b:7e]
RSSI: -78 [da:2a:bf:4d:13:7c]
RSSI: -76 [da:25:1b:8d:04:9a]
RSSI: -75 [da:2a:bf:4d:13:7c]
RSSI: -89 [da:28:24:ac:0b:9e]
RSSI: -78 [da:2a:bf:5a:13:ac]
RSSI: -88 [da:28:24:ac:0b:9e]
RSSI: -87 [da:28:24:ac:0b:9e]
RSSI: -74 [da:2a:bf:5a:13:ac]
RSSI: -87 [da:28:24:ac:0b:9e]
RSSI: -76 [da:25:1b:ab:04:ea]
RSSI: -75 [da:2a:bf:67:13:cc]
RSSI: -75 [da:2a:bf:67:13:cc]
RSSI: -76 [da:25:1b:b8:05:1a]
RSSI: -72 [da:2a:bf:73:13:fc]
RSSI: -90 [da:28:24:c7:0b:fe]
RSSI: -70 [da:2a:bf:73:13:fc]
RSSI: -76 [da:25:1b:c6:05:3a]
RSSI: -73 [da:2a:bf:80:14:1c]
RSSI: -76 [da:25:1b:c6:05:3a]
RSSI: -71 [da:2a:bf:80:14:1c]
RSSI: -88 [da:28:24:d6:0c:1e]
RSSI: -76 [da:25:1b:c6:05:3a]
RSSI: -77 [da:25:1b:d4:05:6a]
RSSI: -73 [da:2a:bf:8d:14:4c]
RSSI: -88 [da:28:24:e5:0c:4e]
RSSI: -76 [da:25:1b:d4:05:6a]
RSSI: -73 [da:2a:bf:8d:14:4c]
RSSI: -88 [da:28:24:e5:0c:4e]
RSSI: -70 [da:2a:bf:9a:14:6c]
RSSI: -69 [da:2a:bf:9a:14:6c]
RSSI: -73 [da:2a:bf:a7:14:9c]
RSSI: -77 [da:25:1b:ef:05:aa]
RSSI: -77 [da:25:1b:ef:05:aa]
RSSI: -70 [da:2a:bf:a7:14:9c]
RSSI: -77 [da:25:1b:ef:05:aa]
RSSI: -73 [da:2a:bf:b3:14:bc]
RSSI: -77 [da:25:1b:fd:05:da]
RSSI: -73 [da:2a:bf:b3:14:bc]
RSSI: -71 [da:2a:bf:c0:14:ec]
RSSI: -70 [da:2a:bf:c0:14:ec]
RSSI: -73 [da:2a:bf:cd:15:0c]
RSSI: -72 [da:2a:bf:cd:15:0c]
RSSI: -80 [da:25:1c:18:06:2a]
RSSI: -70 [da:2a:bf:da:15:3c]
RSSI: -74 [da:2a:bf:da:15:3c]
RSSI: -79 [da:25:1c:26:06:4a]
RSSI: -79 [da:25:1c:26:06:4a]
RSSI: -72 [da:2a:bf:e6:15:5c]
RSSI: -77 [da:2a:bf:f3:15:8c]
RSSI: -73 [da:2a:bf:f3:15:8c]
RSSI: -83 [da:25:1c:41:06:9a]
RSSI: -74 [da:2a:c0:00:15:ac]
RSSI: -78 [da:2a:c0:00:15:ac]
RSSI: -82 [da:25:1c:4f:06:ca]
RSSI: -78 [da:2a:c0:00:15:ac]
RSSI: -91 [da:28:25:56:0d:9e]
RSSI: -83 [da:25:1c:4f:06:ca]
RSSI: -76 [da:2a:c0:0d:15:dc]
RSSI: -76 [da:2a:c0:0d:15:dc]
RSSI: -78 [da:2a:c0:1a:15:fc]
RSSI: -79 [da:2a:c0:1a:15:fc]
RSSI: -80 [da:2a:c0:27:16:1c]
RSSI: -84 [da:2a:c0:27:16:1c]
RSSI: -85 [da:2a:c0:33:16:4c]
RSSI: -87 [da:2a:c0:33:16:4c]
RSSI: -92 [da:28:25:9d:0e:5e]
RSSI: -88 [da:25:1c:92:07:8a]
RSSI: -87 [da:2a:c0:5a:00:4c]
RSSI: -82 [da:2a:c0:5a:00:4c]
RSSI: -81 [da:2a:c0:73:00:9c]
RSSI: -86 [da:2a:c0:73:00:9c]
RSSI: -87 [da:25:1c:bb:07:fa]
RSSI: -82 [da:2a:c0:80:00:cc]
RSSI: -83 [da:2a:c0:80:00:cc]
RSSI: -86 [da:2a:c0:8d:00:ec]
RSSI: -85 [da:2a:c0:9a:01:1c]
RSSI: -89 [da:2a:c0:9a:01:1c]
RSSI: -85 [da:25:1c:e4:08:6a]
RSSI: -87 [da:25:1c:f2:08:9a]
RSSI: -86 [da:25:1c:f2:08:9a]
RSSI: -85 [da:25:1c:f2:08:9a]
RSSI: -87 [da:2a:c0:c0:01:8c]
RSSI: -84 [da:25:1d:0d:08:ea]
RSSI: -85 [da:25:1d:0d:08:ea]
RSSI: -87 [da:2a:c0:cd:01:bc]
RSSI: -84 [da:25:1d:1b:09:0a]
RSSI: -84 [da:25:1d:1b:09:0a]
RSSI: -85 [da:25:1d:1b:09:0a]
RSSI: -89 [da:2a:c0:da:01:ec]
RSSI: -84 [da:25:1d:28:09:3a]
RSSI: -89 [da:28:26:3b:10:2e]
RSSI: -87 [da:25:1d:36:09:5a]
RSSI: -85 [da:25:1d:51:09:aa]
RSSI: -87 [da:25:1d:51:09:aa]
RSSI: -84 [da:25:1d:5f:09:da]
RSSI: -83 [da:25:1d:5f:09:da]
RSSI: -85 [da:25:1d:6d:09:fa]
RSSI: -84 [da:25:1d:6d:09:fa]
RSSI: -85 [da:25:1d:7a:0a:1a]
RSSI: -86 [da:25:1d:7a:0a:1a]
RSSI: -89 [da:25:1d:96:0a:6a]
RSSI: -88 [da:25:1d:96:0a:6a]
RSSI: -88 [da:25:1d:b1:0a:ba]
RSSI: -90 [da:28:26:bb:11:9e]
RSSI: -94 [da:2a:c1:67:03:9c]
RSSI: -88 [da:25:1d:b1:0a:ba]
RSSI: -87 [da:25:1d:bf:0a:ea]
RSSI: -87 [da:25:1d:cc:0b:0a]
RSSI: -87 [da:25:1d:cc:0b:0a]
RSSI: -88 [da:25:1d:cc:0b:0a]
RSSI: -85 [da:2a:c1:8d:04:1c]
RSSI: -88 [da:25:1d:da:0b:3a]
RSSI: -85 [da:2a:c1:9a:04:3c]
RSSI: -90 [da:25:1d:f5:0b:8a]
RSSI: -90 [da:25:1d:f5:0b:8a]
RSSI: -83 [da:2a:c1:b4:04:8c]
RSSI: -84 [da:2a:c1:b4:04:8c]
RSSI: -89 [da:25:1e:03:0b:aa]
RSSI: -86 [da:2a:c1:c1:04:bc]
RSSI: -85 [da:25:1e:11:0b:da]
RSSI: -88 [da:2a:c1:ce:04:dc]
RSSI: -87 [da:25:1e:1e:0b:fa]
RSSI: -82 [da:2a:c1:da:05:0c]
RSSI: -82 [da:2a:c1:da:05:0c]
RSSI: -86 [da:25:1e:2c:0c:2a]
RSSI: -85 [da:2a:c1:e7:05:2c]
RSSI: -87 [da:25:1e:3b:0c:4a]
RSSI: -83 [da:2a:c1:f4:05:5c]
RSSI: -87 [da:25:1e:3b:0c:4a]
RSSI: -87 [da:2a:c2:01:05:7c]
RSSI: -88 [da:25:1e:47:0c:6a]
RSSI: -87 [da:2a:c2:01:05:7c]
RSSI: -88 [da:25:1e:55:0c:9a]
RSSI: -88 [da:25:1e:55:0c:9a]
RSSI: -86 [da:25:1e:64:0c:ca]
RSSI: -84 [da:2a:c2:27:05:fc]
RSSI: -86 [da:25:1e:70:0c:ea]
RSSI: -84 [da:25:1e:7f:0d:0a]
RSSI: -89 [da:2a:c2:35:06:2c]
RSSI: -86 [da:25:1e:7f:0d:0a]
RSSI: -85 [da:25:1e:8d:0d:3a]
RSSI: -87 [da:25:1e:8d:0d:3a]
RSSI: -87 [da:2a:c2:4e:06:7c]
RSSI: -89 [da:28:27:bd:14:8e]
RSSI: -92 [da:2a:c2:68:06:cc]
RSSI: -90 [da:25:1e:b6:0d:aa]
RSSI: -92 [da:25:1e:c3:0d:da]
RSSI: -89 [da:25:1e:d1:0d:fa]
RSSI: -93 [da:28:27:d9:14:de]
RSSI: -88 [da:25:1e:d1:0d:fa]
RSSI: -91 [da:25:1e:d1:0d:fa]
RSSI: -92 [da:28:27:e8:14:fe]
RSSI: -92 [da:28:28:04:15:4e]
RSSI: -90 [da:28:28:2f:15:ce]
RSSI: -93 [da:2a:c3:03:08:ac]
RSSI: -91 [da:2a:c3:29:09:2c]
RSSI: -94 [da:25:1f:90:10:2a]
RSSI: -92 [da:2a:c3:50:09:ac]
RSSI: -93 [da:25:1f:e3:11:1a]
RSSI: -93 [da:25:1f:e3:11:1a]
RSSI: -91 [da:25:20:0c:11:8a]
RSSI: -95 [da:2a:c3:c4:0b:1c]
RSSI: -91 [da:25:20:35:12:0a]
RSSI: -89 [da:25:20:44:12:2a]
RSSI: -89 [da:25:20:5f:12:7a]
RSSI: -86 [da:25:20:6d:12:aa]
RSSI: -88 [da:25:20:6d:12:aa]
RSSI: -85 [da:25:20:7b:12:ca]
RSSI: -86 [da:25:20:7b:12:ca]
RSSI: -87 [da:25:20:7b:12:ca]
RSSI: -86 [da:25:20:88:12:fa]
RSSI: -89 [da:2a:c4:45:0c:ac]
RSSI: -89 [da:25:20:a5:13:4a]
RSSI: -88 [da:25:20:a5:13:4a]
RSSI: -89 [da:25:20:b1:13:6a]
RSSI: -90 [da:2a:c4:93:0d:ac]
RSSI: -92 [da:25:20:f8:14:3a]
RSSI: -91 [da:2a:c4:ba:0e:2c]
RSSI: -89 [da:25:21:04:14:5a]
RSSI: -86 [da:25:21:13:14:8a]
RSSI: -89 [da:25:21:21:14:aa]
RSSI: -88 [da:25:21:21:14:aa]
RSSI: -86 [da:25:21:3c:14:fa]
RSSI: -86 [da:25:21:57:15:4a]
RSSI: -87 [da:25:21:65:15:6a]
RSSI: -87 [da:25:21:74:15:9a]
RSSI: -88 [da:25:21:80:15:ba]
RSSI: -89 [da:25:21:8f:15:ea]
RSSI: -89 [da:25:21:8f:15:ea]
RSSI: -89 [da:25:21:9d:16:0a]
RSSI: -88 [da:25:21:b8:00:2a]
RSSI: -90 [da:25:21:b8:00:2a]
RSSI: -91 [da:25:21:d3:00:7a]
RSSI: -90 [da:25:21:e2:00:aa]
RSSI: -92 [da:25:22:0b:01:1a]
RSSI: -93 [da:25:22:1a:01:4a]
RSSI: -92 [da:25:22:26:01:6a]
RSSI: -92 [da:28:2b:37:08:0e]
RSSI: -93 [da:25:22:5e:02:0a]
RSSI: -84 [da:2a:c6:26:12:9c]
RSSI: -90 [da:25:22:6d:02:2a]
RSSI: -87 [da:25:22:88:02:7a]
RSSI: -84 [da:25:22:88:02:7a]
RSSI: -92 [da:28:2b:9d:09:2e]
RSSI: -91 [da:2a:c6:5a:13:3c]
RSSI: -84 [da:25:22:a3:02:ca]
RSSI: -82 [da:25:22:b1:02:fa]
RSSI: -90 [da:2a:c6:74:13:9c]
RSSI: -83 [da:25:22:c0:03:1a]
RSSI: -82 [da:25:22:c0:03:1a]
RSSI: -81 [da:25:22:cc:03:3a]
RSSI: -81 [da:25:22:cc:03:3a]
RSSI: -88 [da:2a:c6:8e:13:ec]
RSSI: -86 [da:2a:c6:8e:13:ec]
RSSI: -79 [da:25:22:db:03:6a]
RSSI: -79 [da:25:22:db:03:6a]
RSSI: -79 [da:25:22:e9:03:9a]
RSSI: -85 [da:2a:c6:a8:14:3c]
RSSI: -77 [da:25:22:f6:03:ba]
RSSI: -82 [da:2a:c6:b5:14:5c]
RSSI: -82 [da:2a:c6:b5:14:5c]
RSSI: -74 [da:25:23:04:03:da]
RSSI: -76 [da:25:23:04:03:da]
RSSI: -85 [da:2a:c6:c2:14:8c]
RSSI: -76 [da:25:23:13:04:0a]
RSSI: -81 [da:2a:c6:cf:14:bc]
RSSI: -76 [da:25:23:1f:04:2a]
RSSI: -76 [da:25:23:1f:04:2a]
RSSI: -79 [da:2a:c6:dc:14:dc]
RSSI: -75 [da:25:23:1f:04:2a]
RSSI: -81 [da:2a:c6:e9:15:0c]
RSSI: -75 [da:25:23:2e:04:5a]
RSSI: -76 [da:2a:c6:e9:15:0c]
RSSI: -82 [da:2a:c6:f6:15:2c]
RSSI: -72 [da:25:23:3c:04:7a]
RSSI: -74 [da:25:23:49:04:aa]
RSSI: -82 [da:2a:c7:03:15:5c]
RSSI: -80 [da:2a:c7:10:15:7c]
RSSI: -78 [da:2a:c7:10:15:7c]
RSSI: -85 [da:2a:c7:1d:15:ac]
RSSI: -74 [da:25:23:66:04:fa]
RSSI: -73 [da:25:23:73:05:1a]
RSSI: -81 [da:2a:c7:2a:15:cc]
RSSI: -71 [da:25:23:73:05:1a]
RSSI: -88 [da:28:2c:82:0b:ce]
RSSI: -88 [da:28:2c:92:0b:ee]
RSSI: -87 [da:28:2c:92:0b:ee]
RSSI: -84 [da:2a:c7:45:16:1c]
RSSI: -86 [da:28:2c:a1:0c:1e]
RSSI: -88 [da:2a:c7:51:16:4c]
RSSI: -88 [da:28:2c:a1:0c:1e]
RSSI: -71 [da:25:23:9c:05:8a]
RSSI: -86 [da:28:2c:ad:0c:4e]
RSSI: -74 [da:25:23:ab:05:ba]
RSSI: -87 [da:28:2c:bd:0c:6e]
RSSI: -84 [da:28:2c:bd:0c:6e]
RSSI: -74 [da:25:23:b9:05:ea]
RSSI: -75 [da:25:23:b9:05:ea]
RSSI: -84 [da:28:2c:cc:0c:9e]
RSSI: -73 [da:25:23:c6:06:0a]
RSSI: -83 [da:28:2c:d9:0c:be]
RSSI: -75 [da:25:23:c6:06:0a]
RSSI: -83 [da:28:2c:d9:0c:be]
RSSI: -74 [da:25:23:d4:06:3a]
RSSI: -75 [da:25:23:d4:06:3a]
RSSI: -77 [da:25:23:e3:06:5a]
RSSI: -80 [da:28:2c:e8:0c:ee]
RSSI: -79 [da:25:23:e3:06:5a]
RSSI: -81 [da:28:2c:f8:0d:1e]
RSSI: -87 [da:2a:c7:9f:00:ac]
RSSI: -78 [da:25:23:ef:06:7a]
RSSI: -89 [da:2a:c7:ad:00:cc]
RSSI: -78 [da:25:23:ef:06:7a]
RSSI: -81 [da:28:2d:04:0d:3e]
RSSI: -90 [da:2a:c7:ad:00:cc]
RSSI: -81 [da:28:2d:04:0d:3e]
RSSI: -80 [da:25:23:fe:06:aa]
RSSI: -80 [da:25:23:fe:06:aa]
RSSI: -81 [da:28:2d:14:0d:6e]
RSSI: -81 [da:28:2d:14:0d:6e]
RSSI: -85 [da:25:24:0d:06:ca]
RSSI: -83 [da:25:24:19:06:fa]
RSSI: -88 [da:25:24:19:06:fa]
RSSI: -79 [da:28:2d:30:0d:be]
RSSI: -80 [da:28:2d:30:0d:be]
RSSI: -87 [da:25:24:28:07:1a]
RSSI: -82 [da:28:2d:3f:0d:ee]
RSSI: -85 [da:25:24:36:07:4a]
RSSI: -80 [da:28:2d:3f:0d:ee]
RSSI: -85 [da:25:24:36:07:4a]
RSSI: -85 [da:28:2d:4f:0e:1e]
RSSI: -84 [da:28:2d:4f:0e:1e]
RSSI: -89 [da:25:24:43:07:6a]
RSSI: -82 [da:25:24:51:07:9a]
RSSI: -85 [da:28:2d:5b:0e:3e]
RSSI: -86 [da:25:24:51:07:9a]
RSSI: -81 [da:25:24:60:07:ca]
RSSI: -85 [da:28:2d:6b:0e:6e]
RSSI: -81 [da:25:24:60:07:ca]
RSSI: -84 [da:28:2d:6b:0e:6e]
RSSI: -90 [da:28:2d:7a:0e:9e]
RSSI: -84 [da:25:24:6d:07:ea]
RSSI: -92 [da:28:2d:7a:0e:9e]
RSSI: -88 [da:28:2d:7a:0e:9e]
RSSI: -82 [da:25:24:6d:07:ea]
RSSI: -81 [da:25:24:7b:08:0a]
RSSI: -83 [da:25:24:7b:08:0a]
RSSI: -83 [da:25:24:8a:08:3a]
RSSI: -90 [da:2a:c8:4a:02:bc]
RSSI: -85 [da:25:24:96:08:5a]
RSSI: -91 [da:2a:c8:57:02:ec]
RSSI: -84 [da:25:24:a5:08:8a]
RSSI: -84 [da:25:24:a5:08:8a]
RSSI: -83 [da:25:24:a5:08:8a]
RSSI: -82 [da:25:24:b3:08:ba]
RSSI: -90 [da:2a:c8:71:03:3c]
RSSI: -84 [da:25:24:b3:08:ba]
RSSI: -82 [da:25:24:c0:08:da]
RSSI: -83 [da:25:24:c0:08:da]
RSSI: -88 [da:28:2d:d7:0f:ae]
RSSI: -83 [da:25:24:cf:09:0a]
RSSI: -84 [da:25:24:dd:09:2a]
RSSI: -85 [da:25:24:dd:09:2a]
RSSI: -83 [da:25:24:ea:09:4a]
RSSI: -86 [da:25:24:ea:09:4a]
RSSI: -85 [da:25:24:f8:09:7a]
RSSI: -90 [da:2a:c8:b2:03:fc]
RSSI: -85 [da:25:25:07:09:aa]
RSSI: -85 [da:25:25:07:09:aa]
RSSI: -88 [da:2a:c8:c0:04:2c]
RSSI: -88 [da:2a:c8:cd:04:4c]
RSSI: -84 [da:25:25:13:09:ca]
RSSI: -90 [da:2a:c8:f4:04:cc]
RSSI: -90 [da:28:2e:4a:10:fe]
RSSI: -86 [da:25:25:4c:0a:6a]
RSSI: -86 [da:25:25:4c:0a:6a]
RSSI: -87 [da:2a:c9:0e:05:1c]
RSSI: -87 [da:25:25:5a:0a:9a]
RSSI: -88 [da:25:25:67:0a:ba]
RSSI: -89 [da:2a:c9:36:05:9c]
RSSI: -88 [da:2a:c9:55:05:fc]
RSSI: -90 [da:25:25:a0:0b:5a]
RSSI: -90 [da:2a:c9:72:06:5c]
RSSI: -90 [da:25:25:bb:0b:aa]
RSSI: -87 [da:2a:c9:7f:06:7c]
RSSI: -85 [da:25:25:c9:0b:da]
RSSI: -88 [da:25:25:d8:0b:fa]
RSSI: -87 [da:25:25:e5:0c:2a]
RSSI: -91 [da:2a:c9:a6:06:fc]
RSSI: -88 [da:25:25:f3:0c:4a]
RSSI: -89 [da:25:26:02:0c:7a]
RSSI: -88 [da:25:26:1d:0c:ca]
RSSI: -87 [da:25:26:1d:0c:ca]
RSSI: -86 [da:25:26:39:0d:1a]
RSSI: -88 [da:25:26:39:0d:1a]
RSSI: -86 [da:25:26:47:0d:3a]
RSSI: -88 [da:2a:ca:1d:08:7c]
RSSI: -84 [da:2a:ca:44:08:fc]
RSSI: -90 [da:25:26:8c:0e:0a]
RSSI: -91 [da:25:26:9b:0e:2a]
RSSI: -93 [da:2a:ca:6c:09:7c]
RSSI: -90 [da:25:26:b6:0e:7a]
RSSI: -85 [da:2a:ca:6c:09:7c]
RSSI: -95 [da:25:26:d4:0e:da]
RSSI: -97 [da:2a:ca:e2:0a:ec]
RSSI: -93 [da:25:27:28:0f:ca]
RSSI: -93 [da:2a:cb:25:0b:cc]
RSSI: -91 [da:2a:cb:31:0b:ec]
RSSI: -91 [da:2a:cb:4c:0c:3c]
RSSI: -85 [da:2a:cb:4c:0c:3c]
RSSI: -92 [da:25:27:a6:11:2a]
RSSI: -93 [da:25:27:d0:11:aa]
RSSI: -88 [da:25:27:dc:11:ca]
RSSI: -91 [da:2a:cb:9b:0d:3c]
RSSI: -87 [da:25:28:06:12:4a]
RSSI: -88 [da:25:28:06:12:4a]
RSSI: -86 [da:25:28:15:12:7a]
RSSI: -91 [da:2a:cb:d0:0d:ec]
RSSI: -88 [da:25:28:15:12:7a]
RSSI: -89 [da:2a:cb:dd:0e:0c]
RSSI: -89 [da:25:28:3f:12:ea]
RSSI: -87 [da:25:28:3f:12:ea]
RSSI: -87 [da:25:28:5b:13:3a]
RSSI: -96 [da:28:31:7a:03:ce]
RSSI: -89 [da:25:28:78:13:8a]
RSSI: -88 [da:25:28:93:13:da]
RSSI: -87 [da:25:28:93:13:da]
RSSI: -83 [da:25:28:a2:14:0a]
RSSI: -87 [da:25:28:af:14:2a]
RSSI: -87 [da:25:28:af:14:2a]
RSSI: -83 [da:25:28:cc:14:8a]
RSSI: -83 [da:25:28:cc:14:8a]
RSSI: -86 [da:25:28:d9:14:aa]
RSSI: -86 [da:25:28:d9:14:aa]
RSSI: -84 [da:25:28:e8:14:ca]
RSSI: -84 [da:25:29:03:15:1a]
RSSI: -84 [da:25:29:12:15:4a]
RSSI: -85 [da:25:29:21:15:7a]
RSSI: -86 [da:25:29:21:15:7a]
RSSI: -87 [da:25:29:2d:15:9a]
RSSI: -88 [da:25:29:3c:15:ca]
RSSI: -88 [da:25:29:4b:15:ea]
RSSI: -87 [da:25:29:5d:16:1a]
RSSI: -88 [da:25:29:6d:00:2a]
RSSI: -87 [da:25:29:6d:00:2a]
RSSI: -87 [da:25:29:7c:00:5a]
RSSI: -93 [da:25:29:97:00:aa]
RSSI: -91 [da:25:29:b3:00:fa]
RSSI: -90 [da:25:29:c2:01:1a]
RSSI: -84 [da:2a:cd:92:13:7c]
RSSI: -89 [da:2a:cd:a0:13:9c]
RSSI: -81 [da:2a:cd:a0:13:9c]
RSSI: -85 [da:2a:cd:ac:13:cc]
RSSI: -93 [da:25:29:fb:01:ba]
RSSI: -87 [da:2a:cd:ba:13:ec]
RSSI: -81 [da:2a:cd:c7:14:1c]
RSSI: -77 [da:2a:cd:c7:14:1c]
RSSI: -92 [da:25:2a:16:02:0a]
RSSI: -79 [da:2a:cd:d4:14:3c]
RSSI: -80 [da:2a:cd:e2:14:6c]
RSSI: -86 [da:25:2a:32:02:5a]
RSSI: -84 [da:25:2a:32:02:5a]
RSSI: -77 [da:2a:cd:ef:14:9c]
RSSI: -86 [da:25:2a:4f:02:aa]
RSSI: -82 [da:2a:ce:0a:14:ec]
RSSI: -87 [da:25:2a:4f:02:aa]
RSSI: -78 [da:2a:ce:0a:14:ec]
RSSI: -76 [da:2a:ce:17:15:0c]
RSSI: -83 [da:25:2a:5c:02:da]
RSSI: -76 [da:2a:ce:17:15:0c]
RSSI: -84 [da:2a:ce:17:15:0c]
RSSI: -80 [da:2a:ce:24:15:3c]
RSSI: -86 [da:25:2a:6b:02:fa]
RSSI: -78 [da:2a:ce:24:15:3c]
RSSI: -83 [da:2a:ce:31:15:5c]
RSSI: -85 [da:25:2a:7a:03:2a]
RSSI: -82 [da:2a:ce:31:15:5c]
RSSI: -84 [da:25:2a:7a:03:2a]
RSSI: -84 [da:2a:ce:31:15:5c]
RSSI: -82 [da:25:2a:86:03:4a]
RSSI: -83 [da:2a:ce:3f:15:8c]
RSSI: -83 [da:25:2a:86:03:4a]
RSSI: -84 [da:2a:ce:4c:15:ac]
RSSI: -80 [da:25:2a:95:03:7a]
RSSI: -85 [da:2a:ce:59:15:dc]
RSSI: -85 [da:2a:ce:59:15:dc]
RSSI: -80 [da:25:2a:a4:03:9a]
RSSI: -89 [da:2a:ce:67:16:0c]
RSSI: -79 [da:25:2a:b1:03:ca]
RSSI: -90 [da:2a:ce:67:16:0c]
RSSI: -78 [da:25:2a:b1:03:ca]
RSSI: -76 [da:25:2a:bf:03:ea]
RSSI: -79 [da:25:2a:bf:03:ea]
RSSI: -78 [da:25:2a:ce:04:1a]
RSSI: -75 [da:25:2a:ce:04:1a]
RSSI: -79 [da:25:2a:db:04:3a]
RSSI: -76 [da:25:2a:db:04:3a]
RSSI: -94 [da:2a:ce:9b:00:2c]
RSSI: -80 [da:25:2a:ea:04:6a]
RSSI: -76 [da:25:2a:ea:04:6a]
RSSI: -73 [da:25:2a:f9:04:8a]
RSSI: -77 [da:25:2b:05:04:ba]
RSSI: -72 [da:25:2b:05:04:ba]
RSSI: -90 [da:28:34:1d:0b:4e]
RSSI: -87 [da:28:34:3a:0b:9e]
RSSI: -77 [da:25:2b:3f:05:5a]
RSSI: -86 [da:28:34:4a:0b:ce]
RSSI: -73 [da:25:2b:3f:05:5a]
RSSI: -87 [da:28:34:59:0b:fe]
RSSI: -82 [da:25:2b:4d:05:8a]
RSSI: -87 [da:28:34:59:0b:fe]
RSSI: -77 [da:25:2b:4d:05:8a]
RSSI: -87 [da:28:34:66:0c:1e]
RSSI: -86 [da:28:34:66:0c:1e]
RSSI: -77 [da:25:2b:69:05:da]
RSSI: -78 [da:25:2b:78:05:fa]
RSSI: -87 [da:28:34:85:0c:7e]
RSSI: -86 [da:28:34:92:0c:9e]
RSSI: -81 [da:25:2b:85:06:2a]
RSSI: -85 [da:28:34:92:0c:9e]
RSSI: -79 [da:25:2b:85:06:2a]
RSSI: -81 [da:25:2b:93:06:4a]
RSSI: -82 [da:25:2b:a2:06:7a]
RSSI: -83 [da:28:34:b2:0c:fe]
RSSI: -85 [da:25:2b:af:06:9a]
RSSI: -82 [da:28:34:be:0d:2e]
RSSI: -84 [da:28:34:be:0d:2e]
RSSI: -84 [da:25:2b:be:06:ca]
RSSI: -82 [da:28:34:ce:0d:4e]
RSSI: -82 [da:28:34:ce:0d:4e]
RSSI: -81 [da:28:34:de:0d:7e]
RSSI: -85 [da:28:34:ea:0d:ae]
RSSI: -81 [da:28:34:ea:0d:ae]
RSSI: -88 [da:28:34:fa:0d:de]
RSSI: -83 [da:28:35:0a:0d:fe]
RSSI: -83 [da:25:2c:04:07:9a]
RSSI: -91 [da:25:2c:04:07:9a]
RSSI: -85 [da:28:35:17:0e:2e]
RSSI: -87 [da:2a:cf:cf:03:ec]
RSSI: -91 [da:2a:cf:db:04:0c]
RSSI: -87 [da:25:2c:2f:08:0a]
RSSI: -86 [da:25:2c:3e:08:3a]
RSSI: -87 [da:25:2c:3e:08:3a]
RSSI: -88 [da:28:35:53:0e:de]
RSSI: -88 [da:25:2c:4c:08:6a]
RSSI: -92 [da:28:35:63:0e:fe]
RSSI: -87 [da:25:2c:59:08:8a]
RSSI: -86 [da:25:2c:68:08:ba]
RSSI: -93 [da:28:35:8f:0f:8e]
RSSI: -85 [da:25:2c:84:09:0a]
RSSI: -86 [da:25:2c:93:09:2a]
RSSI: -92 [da:2a:d0:47:05:6c]
RSSI: -86 [da:25:2c:93:09:2a]
RSSI: -86 [da:25:2c:93:09:2a]
RSSI: -89 [da:28:35:bb:10:0e]
RSSI: -87 [da:25:2c:ae:09:7a]
RSSI: -87 [da:25:2c:bd:09:aa]
RSSI: -86 [da:25:2c:cc:09:da]
RSSI: -87 [da:2a:d0:89:06:3c]
RSSI: -87 [da:25:2c:d9:09:fa]
RSSI: -87 [da:25:2c:d9:09:fa]
RSSI: -88 [da:2a:d0:97:06:5c]
RSSI: -88 [da:2a:d0:b1:06:bc]
RSSI: -90 [da:2a:d0:bf:06:dc]
RSSI: -90 [da:25:2d:03:0a:7a]
RSSI: -88 [da:25:2d:12:0a:9a]
RSSI: -91 [da:2a:d0:cc:07:0c]
RSSI: -93 [da:23:49:21:00:2b]
RSSI: -89 [da:25:2d:21:0a:ca]
RSSI: -87 [da:25:2d:21:0a:ca]
RSSI: -88 [da:25:2d:2e:0a:ea]
RSSI: -90 [da:25:2d:3d:0b:1a]
RSSI: -91 [da:2a:d0:f4:07:8c]
RSSI: -91 [da:23:49:3d:00:7b]
RSSI: -91 [da:25:2d:3d:0b:1a]
RSSI: -88 [da:25:2d:4c:0b:4a]
RSSI: -88 [da:23:49:58:00:cb]
RSSI: -87 [da:25:2d:58:0b:6a]
RSSI: -88 [da:23:49:67:00:fb]
RSSI: -88 [da:2a:d1:1c:08:0c]
RSSI: -92 [da:25:2d:67:0b:9a]
RSSI: -89 [da:23:49:67:00:fb]
RSSI: -92 [da:2a:d1:2a:08:3c]
RSSI: -88 [da:2a:d1:38:08:5c]
RSSI: -90 [da:23:49:82:01:4b]
RSSI: -85 [da:25:2d:83:0b:ea]
RSSI: -88 [da:25:2d:92:0c:0a]
RSSI: -89 [da:23:49:91:01:7b]
RSSI: -88 [da:2a:d1:44:08:8c]
RSSI: -87 [da:25:2d:92:0c:0a]
RSSI: -89 [da:23:49:a0:01:ab]
RSSI: -88 [da:2a:d1:60:08:dc]
RSSI: -88 [da:25:2d:ae:0c:5a]
RSSI: -89 [da:23:49:ca:02:1b]
RSSI: -87 [da:25:2d:d8:0c:da]
RSSI: -95 [da:28:36:e2:13:5e]
RSSI: -86 [da:25:2d:d8:0c:da]
RSSI: -86 [da:25:2d:d8:0c:da]
RSSI: -85 [da:25:2d:e7:0d:0a]
RSSI: -88 [da:2a:d1:a3:09:bc]
RSSI: -87 [da:25:2d:f6:0d:2a]
RSSI: -89 [da:25:2e:03:0d:5a]
RSSI: -92 [da:2a:d1:bd:0a:0c]
RSSI: -89 [da:2a:d1:f3:0a:bc]
RSSI: -86 [da:2a:d2:1b:0b:3c]
RSSI: -89 [da:2a:d2:29:0b:5c]
RSSI: -87 [da:2a:d2:44:0b:bc]
RSSI: -88 [da:2a:d2:44:0b:bc]
RSSI: -86 [da:2a:d2:51:0b:dc]
RSSI: -89 [da:2a:d2:5e:0c:0c]
RSSI: -88 [da:2a:d2:5e:0c:0c]
RSSI: -96 [da:25:2e:bd:0f:7a]
RSSI: -91 [da:2a:d2:a2:0c:ec]
RSSI: -92 [da:2a:d2:bd:0d:3c]
RSSI: -94 [da:2a:d2:e5:0d:bc]
RSSI: -93 [da:2a:d2:f3:0d:ec]
RSSI: -90 [da:2a:d3:28:0e:8c]
RSSI: -93 [da:2a:d3:36:0e:bc]
RSSI: -93 [da:2a:d3:5e:0f:3c]
RSSI: -91 [da:25:2f:a2:12:0a]
RSSI: -89 [da:25:2f:be:12:5a]
RSSI: -88 [da:25:2f:cd:12:7a]
RSSI: -88 [da:25:2f:cd:12:7a]
RSSI: -87 [da:25:2f:d9:12:aa]
RSSI: -89 [da:25:2f:f8:12:fa]
RSSI: -90 [da:25:2f:f8:12:fa]
RSSI: -91 [da:25:30:04:13:1a]
RSSI: -98 [da:23:4c:3a:09:6b]
RSSI: -91 [da:25:30:3e:13:ca]
RSSI: -86 [da:25:30:4d:13:ea]
RSSI: -91 [da:25:30:4d:13:ea]
RSSI: -84 [da:25:30:5a:14:0a]
RSSI: -87 [da:25:30:69:14:3a]
RSSI: -90 [da:2a:d4:28:11:bc]
RSSI: -86 [da:25:30:85:14:8a]
RSSI: -85 [da:25:30:a3:14:ea]
RSSI: -93 [da:2a:d4:5f:12:5c]
RSSI: -86 [da:25:30:a3:14:ea]
RSSI: -87 [da:2a:d4:5f:12:5c]
RSSI: -85 [da:25:30:b0:15:0a]
RSSI: -86 [da:25:30:b0:15:0a]
RSSI: -86 [da:25:30:bf:15:3a]
RSSI: -85 [da:25:30:bf:15:3a]
RSSI: -85 [da:25:30:ce:15:5a]
RSSI: -86 [da:25:30:ce:15:5a]
RSSI: -87 [da:25:30:db:15:8a]
RSSI: -87 [da:25:30:db:15:8a]
RSSI: -90 [da:2a:d4:94:13:0c]
RSSI: -89 [da:25:30:ea:15:aa]
RSSI: -90 [da:2a:d4:a2:13:2c]
RSSI: -89 [da:25:30:ea:15:aa]
RSSI: -88 [da:25:30:f9:15:da]
RSSI: -83 [da:2a:d4:b0:13:5c]
RSSI: -90 [da:25:31:06:15:fa]
RSSI: -91 [da:2a:d4:bc:13:7c]
RSSI: -86 [da:2a:d4:ca:13:ac]
RSSI: -82 [da:2a:d4:ca:13:ac]
RSSI: -78 [da:2a:d4:d8:13:dc]
RSSI: -90 [da:2a:d4:d8:13:dc]
RSSI: -90 [da:25:31:24:00:2a]
RSSI: -85 [da:2a:d4:e5:13:fc]
RSSI: -86 [da:25:31:31:00:5a]
RSSI: -80 [da:2a:d4:e5:13:fc]
RSSI: -85 [da:2a:d4:f3:14:2c]
RSSI: -87 [da:2a:d5:01:14:5c]
RSSI: -90 [da:25:31:4f:00:aa]
RSSI: -77 [da:2a:d5:0e:14:7c]
RSSI: -92 [da:25:31:6b:00:fa]
RSSI: -81 [da:2a:d5:2a:14:dc]
RSSI: -89 [da:25:31:7a:01:2a]
RSSI: -80 [da:2a:d5:36:14:fc]
RSSI: -81 [da:2a:d5:44:15:2c]
RSSI: -81 [da:2a:d5:52:15:5c]
RSSI: -90 [da:25:31:a5:01:9a]
RSSI: -96 [da:2a:d5:5f:15:7c]
RSSI: -85 [da:2a:d5:5f:15:7c]
RSSI: -87 [da:2a:d5:5f:15:7c]
RSSI: -90 [da:25:31:b2:01:ca]
RSSI: -87 [da:25:31:b2:01:ca]
RSSI: -87 [da:2a:d5:6d:15:ac]
RSSI: -86 [da:2a:d5:7b:15:dc]
RSSI: -83 [da:2a:d5:87:15:fc]
RSSI: -82 [da:25:31:dd:02:4a]
RSSI: -84 [da:25:31:ec:02:6a]
RSSI: -81 [da:25:31:ec:02:6a]
RSSI: -84 [da:25:31:fb:02:9a]
RSSI: -82 [da:25:31:fb:02:9a]
RSSI: -85 [da:25:32:08:02:ba]
RSSI: -81 [da:25:32:17:02:ea]
RSSI: -84 [da:25:32:17:02:ea]
RSSI: -89 [da:28:3b:2c:09:3e]
RSSI: -85 [da:25:32:27:03:1a]
RSSI: -83 [da:25:32:33:03:3a]
RSSI: -83 [da:25:32:33:03:3a]
RSSI: -81 [da:25:32:42:03:5a]
RSSI: -78 [da:25:32:52:03:8a]
RSSI: -79 [da:25:32:5e:03:aa]
RSSI: -93 [da:28:3b:69:09:ee]
RSSI: -76 [da:25:32:5e:03:aa]
RSSI: -77 [da:25:32:6e:03:da]
RSSI: -77 [da:25:32:6e:03:da]
RSSI: -90 [da:28:3b:86:0a:3e]
RSSI: -77 [da:25:32:7d:04:0a]
RSSI: -91 [da:2a:d6:38:01:ac]
RSSI: -75 [da:25:32:89:04:2a]
RSSI: -75 [da:25:32:99:04:5a]
RSSI: -90 [da:2a:d6:53:01:fc]
RSSI: -74 [da:25:32:99:04:5a]
RSSI: -76 [da:25:32:a8:04:7a]
RSSI: -76 [da:25:32:a8:04:7a]
RSSI: -75 [da:25:32:a8:04:7a]
RSSI: -76 [da:25:32:b4:04:aa]
RSSI: -73 [da:25:32:c4:04:ca]
RSSI: -72 [da:25:32:c4:04:ca]
RSSI: -75 [da:25:32:c4:04:ca]
RSSI: -75 [da:25:32:d3:04:fa]
RSSI: -76 [da:25:32:e0:05:1a]
RSSI: -75 [da:25:32:e0:05:1a]
RSSI: -77 [da:25:32:ef:05:4a]
RSSI: -73 [da:25:32:fe:05:7a]
RSSI: -88 [da:28:3c:0c:0b:be]
RSSI: -77 [da:25:33:0b:05:9a]
RSSI: -77 [da:25:33:0b:05:9a]
RSSI: -77 [da:25:33:1a:05:ca]
RSSI: -90 [da:2a:d6:d4:03:9c]
RSSI: -77 [da:25:33:1a:05:ca]
RSSI: -78 [da:25:33:29:05:fa]
RSSI: -85 [da:28:3c:39:0c:3e]
RSSI: -86 [da:2a:d6:e3:03:bc]
RSSI: -84 [da:28:3c:49:0c:6e]
RSSI: -80 [da:25:33:45:06:4a]
RSSI: -78 [da:25:33:45:06:4a]
RSSI: -85 [da:28:3c:59:0c:9e]
RSSI: -80 [da:25:33:55:06:6a]
RSSI: -83 [da:25:33:55:06:6a]
RSSI: -88 [da:2a:d7:19:04:6c]
RSSI: -82 [da:25:33:61:06:8a]
RSSI: -83 [da:28:3c:66:0c:be]
RSSI: -84 [da:25:33:70:06:ba]
RSSI: -84 [da:28:3c:7f:0d:0e]
RSSI: -84 [da:25:33:70:06:ba]
RSSI: -82 [da:28:3c:7f:0d:0e]
RSSI: -86 [da:2a:d7:34:04:bc]
RSSI: -86 [da:28:3c:8f:0d:3e]
RSSI: -90 [da:25:33:80:06:ea]
RSSI: -84 [da:28:3c:8f:0d:3e]
RSSI: -87 [da:25:33:8c:07:0a]
RSSI: -87 [da:28:3c:9b:0d:5e]
RSSI: -80 [da:28:3c:ab:0d:8e]
RSSI: -86 [da:28:3c:ab:0d:8e]
RSSI: -85 [da:28:3c:ab:0d:8e]
RSSI: -86 [da:25:33:ab:07:5a]
RSSI: -86 [da:28:3c:bb:0d:be]
RSSI: -80 [da:28:3c:bb:0d:be]
RSSI: -86 [da:25:33:b8:07:8a]
RSSI: -87 [da:25:33:b8:07:8a]
RSSI: -85 [da:28:3c:c8:0d:de]
RSSI: -89 [da:2a:d7:78:05:8c]
RSSI: -82 [da:25:33:c7:07:aa]
RSSI: -83 [da:28:3c:d8:0e:0e]
RSSI: -84 [da:25:33:c7:07:aa]
RSSI: -89 [da:2a:d7:86:05:bc]
RSSI: -83 [da:25:33:d6:07:da]
RSSI: -82 [da:28:3c:e5:0e:2e]
RSSI: -84 [da:28:3c:f2:0e:4e]
RSSI: -86 [da:25:33:e3:07:fa]
RSSI: -83 [da:28:3c:fe:0e:7e]
RSSI: -85 [da:25:33:f2:08:2a]
RSSI: -82 [da:28:3c:fe:0e:7e]
RSSI: -87 [da:25:33:f2:08:2a]
RSSI: -84 [da:28:3d:0b:0e:9e]
RSSI: -84 [da:25:34:01:08:5a]
RSSI: -86 [da:25:34:01:08:5a]
RSSI: -84 [da:25:34:0e:08:7a]
RSSI: -84 [da:28:3d:25:0e:de]
RSSI: -85 [da:28:3d:25:0e:de]
RSSI: -89 [da:2a:d7:c9:06:9c]
RSSI: -85 [da:28:3d:25:0e:de]
RSSI: -82 [da:25:34:1d:08:aa]
RSSI: -82 [da:25:34:1d:08:aa]
RSSI: -84 [da:25:34:1d:08:aa]
RSSI: -88 [da:28:3d:31:0f:0e]
RSSI: -86 [da:2a:d7:e6:06:ec]
RSSI: -84 [da:25:34:2d:08:ca]
RSSI: -84 [da:25:34:39:08:fa]
RSSI: -88 [da:28:3d:4b:0f:4e]
RSSI: -84 [da:25:34:39:08:fa]
RSSI: -86 [da:2a:d7:f2:07:1c]
RSSI: -90 [da:28:3d:57:0f:7e]
RSSI: -85 [da:25:34:49:09:1a]
RSSI: -87 [da:25:34:58:09:4a]
RSSI: -90 [da:28:3d:71:0f:be]
RSSI: -86 [da:25:34:65:09:6a]
RSSI: -89 [da:2a:d8:1b:07:9c]
RSSI: -89 [da:2a:d8:29:07:cc]
RSSI: -87 [da:2a:d8:38:07:ec]
RSSI: -91 [da:28:3d:8a:10:0e]
RSSI: -84 [da:25:34:83:09:ca]
RSSI: -86 [da:2a:d8:44:08:1c]
RSSI: -91 [da:2a:d8:44:08:1c]
RSSI: -87 [da:25:34:90:09:ea]
RSSI: -89 [da:28:3d:b0:10:7e]
RSSI: -93 [da:23:50:9d:16:7b]
RSSI: -88 [da:25:34:af:0a:4a]
RSSI: -89 [da:25:34:bb:0a:6a]
RSSI: -87 [da:2a:d8:7b:08:cc]
RSSI: -88 [da:23:50:c8:00:8b]
RSSI: -88 [da:25:34:cb:0a:9a]
RSSI: -89 [da:23:50:d7:00:ab]
RSSI: -86 [da:2a:d8:89:08:fc]
RSSI: -89 [da:23:50:d7:00:ab]
RSSI: -88 [da:25:34:da:0a:ca]
RSSI: -91 [da:28:3d:f0:11:3e]
RSSI: -90 [da:23:50:e3:00:db]
RSSI: -90 [da:23:50:f2:01:0b]
RSSI: -88 [da:23:51:0e:01:5b]
RSSI: -86 [da:23:51:0e:01:5b]
RSSI: -86 [da:23:51:1d:01:7b]
RSSI: -89 [da:25:35:21:0b:9a]
RSSI: -89 [da:23:51:2c:01:ab]
RSSI: -88 [da:2a:d8:f6:0a:5c]
RSSI: -87 [da:25:35:3d:0b:ea]
RSSI: -86 [da:25:35:3d:0b:ea]
RSSI: -87 [da:25:35:5c:0c:3a]
RSSI: -87 [da:2a:d9:11:0a:ac]
RSSI: -88 [da:2a:d9:11:0a:ac]
RSSI: -88 [da:25:35:69:0c:5a]
RSSI: -88 [da:23:51:73:02:7b]
RSSI: -90 [da:2a:d9:2d:0b:0c]
RSSI: -88 [da:23:51:73:02:7b]
RSSI: -89 [da:25:35:78:0c:8a]
RSSI: -89 [da:25:35:78:0c:8a]
RSSI: -87 [da:23:51:82:02:ab]
RSSI: -86 [da:25:35:87:0c:ba]
RSSI: -87 [da:25:35:87:0c:ba]
RSSI: -87 [da:23:51:8f:02:db]
RSSI: -85 [da:25:35:94:0c:da]
RSSI: -85 [da:25:35:a3:0d:0a]
RSSI: -86 [da:25:35:a3:0d:0a]
RSSI: -85 [da:2a:d9:71:0b:dc]
RSSI: -94 [da:25:35:bf:0d:5a]
RSSI: -91 [da:2a:d9:7f:0c:0c]
RSSI: -86 [da:2a:d9:7f:0c:0c]
RSSI: -90 [da:2a:d9:8c:0c:2c]
RSSI: -91 [da:25:35:eb:0d:da]
RSSI: -90 [da:25:35:eb:0d:da]
RSSI: -88 [da:25:35:fa:0e:0a]
RSSI: -91 [da:2a:d9:c3:0c:dc]
RSSI: -88 [da:25:36:0a:0e:3a]
RSSI: -90 [da:2a:d9:c3:0c:dc]
RSSI: -92 [da:25:36:16:0e:5a]
RSSI: -89 [da:2a:d9:d1:0d:0c]
RSSI: -89 [da:25:36:16:0e:5a]
RSSI: -92 [da:2a:d9:ec:0d:6c]
RSSI: -94 [da:28:3f:47:15:1e]
RSSI: -93 [da:2a:da:16:0d:ec]
RSSI: -94 [da:28:3f:6e:15:7e]
RSSI: -92 [da:2a:da:16:0d:ec]
RSSI: -96 [da:25:36:6d:0f:5a]
RSSI: -94 [da:28:3f:94:15:ee]
RSSI: -94 [da:25:36:d4:10:7a]
RSSI: -94 [da:2a:da:ac:0f:bc]
RSSI: -90 [da:25:37:2b:11:7a]
RSSI: -91 [da:25:37:2b:11:7a]
RSSI: -88 [da:25:37:3a:11:aa]
RSSI: -95 [da:2a:da:f2:10:9c]
RSSI: -88 [da:25:37:3a:11:aa]
RSSI: -88 [da:25:37:47:11:ca]
RSSI: -90 [da:25:37:56:11:fa]
RSSI: -86 [da:25:37:66:12:1a]
RSSI: -85 [da:25:37:72:12:4a]
RSSI: -85 [da:25:37:72:12:4a]
RSSI: -85 [da:25:37:72:12:4a]
RSSI: -89 [da:2a:db:36:11:7c]
RSSI: -88 [da:2a:db:51:11:cc]
RSSI: -85 [da:25:37:a3:12:da]
RSSI: -88 [da:25:37:b4:12:fa]
RSSI: -89 [da:25:37:c3:13:2a]
RSSI: -89 [da:25:37:d0:13:4a]
RSSI: -92 [da:2a:db:a3:12:cc]
RSSI: -89 [da:25:37:ef:13:aa]
RSSI: -89 [da:25:37:ef:13:aa]
RSSI: -84 [da:2a:db:b2:12:fc]
RSSI: -83 [da:2a:db:b2:12:fc]
RSSI: -88 [da:25:37:fb:13:ca]
RSSI: -86 [da:2a:db:c0:13:2c]
RSSI: -87 [da:25:38:0b:13:fa]
RSSI: -85 [da:2a:db:cc:13:4c]
RSSI: -86 [da:25:38:1a:14:2a]
RSSI: -86 [da:25:38:27:14:4a]
RSSI: -84 [da:25:38:27:14:4a]
RSSI: -76 [da:2a:db:e9:13:ac]
RSSI: -85 [da:25:38:37:14:7a]
RSSI: -79 [da:2a:db:f6:13:cc]
RSSI: -75 [da:2a:db:f6:13:cc]
RSSI: -85 [da:25:38:46:14:aa]
RSSI: -85 [da:25:38:46:14:aa]
RSSI: -74 [da:2a:dc:04:13:fc]
RSSI: -79 [da:2a:dc:04:13:fc]
RSSI: -86 [da:25:38:53:14:ca]
RSSI: -74 [da:2a:dc:13:14:2c]
RSSI: -83 [da:25:38:53:14:ca]
RSSI: -75 [da:2a:dc:13:14:2c]
RSSI: -75 [da:2a:dc:13:14:2c]
RSSI: -85 [da:25:38:62:14:fa]
RSSI: -75 [da:2a:dc:1f:14:4c]
RSSI: -83 [da:25:38:72:15:2a]
RSSI: -74 [da:2a:dc:2e:14:7c]
RSSI: -84 [da:25:38:7e:15:4a]
RSSI: -74 [da:2a:dc:3c:14:ac]
RSSI: -74 [da:2a:dc:48:14:cc]
RSSI: -73 [da:2a:dc:48:14:cc]
RSSI: -78 [da:2a:dc:57:14:fc]
RSSI: -87 [da:25:38:9e:15:9a]
RSSI: -75 [da:2a:dc:57:14:fc]
RSSI: -72 [da:2a:dc:65:15:2c]
RSSI: -89 [da:25:38:aa:15:ca]
RSSI: -75 [da:2a:dc:72:15:5c]
RSSI: -76 [da:2a:dc:72:15:5c]
RSSI: -89 [da:25:38:c9:16:1a]
RSSI: -77 [da:2a:dc:80:15:7c]
RSSI: -80 [da:2a:dc:8f:15:ac]
RSSI: -87 [da:25:38:d6:16:3a]
RSSI: -88 [da:25:38:e6:00:2a]
RSSI: -87 [da:25:38:f5:00:5a]
RSSI: -84 [da:2a:dc:aa:15:fc]
RSSI: -83 [da:2a:dc:aa:15:fc]
RSSI: -88 [da:2a:dc:b8:16:2c]
RSSI: -89 [da:25:39:11:00:aa]
RSSI: -91 [da:2a:dc:d3:16:7c]
RSSI: -89 [da:2a:dc:e1:00:2c]
RSSI: -90 [da:25:39:2d:00:fa]
RSSI: -85 [da:2a:dc:ee:00:5c]
RSSI: -90 [da:25:39:3d:01:2a]
RSSI: -84 [da:2a:dc:fc:00:8c]
RSSI: -88 [da:25:39:4d:01:5a]
RSSI: -87 [da:25:39:59:01:7a]
RSSI: -91 [da:2a:dd:17:00:dc]
RSSI: -88 [da:25:39:69:01:9a]
RSSI: -83 [da:25:39:85:01:ea]
RSSI: -82 [da:25:39:85:01:ea]
RSSI: -82 [da:25:39:95:02:1a]
RSSI: -90 [da:2a:dd:4f:01:8c]
RSSI: -83 [da:25:39:a4:02:4a]
RSSI: -81 [da:25:39:a4:02:4a]
RSSI: -82 [da:25:39:b1:02:6a]
RSSI: -80 [da:25:39:b1:02:6a]
RSSI: -82 [da:25:39:c0:02:9a]
RSSI: -80 [da:25:39:d0:02:ba]
RSSI: -81 [da:25:39:d0:02:ba]
RSSI: -90 [da:28:42:e3:09:0e]
RSSI: -80 [da:25:39:dd:02:ea]
RSSI: -81 [da:25:39:ec:03:0a]
RSSI: -79 [da:25:39:ec:03:0a]
RSSI: -85 [da:2a:dd:a2:02:8c]
RSSI: -78 [da:25:39:fc:03:3a]
RSSI: -77 [da:25:39:fc:03:3a]
RSSI: -86 [da:2a:dd:bd:02:ec]
RSSI: -75 [da:25:3a:09:03:5a]
RSSI: -88 [da:2a:dd:cc:03:0c]
RSSI: -74 [da:25:3a:18:03:8a]
RSSI: -73 [da:25:3a:18:03:8a]
RSSI: -73 [da:25:3a:28:03:ba]
RSSI: -72 [da:25:3a:28:03:ba]
RSSI: -72 [da:25:3a:34:03:da]
RSSI: -85 [da:2a:dd:f5:03:8c]
RSSI: -70 [da:25:3a:44:04:0a]
RSSI: -71 [da:25:3a:44:04:0a]
RSSI: -90 [da:2a:de:03:03:bc]
RSSI: -70 [da:25:3a:54:04:3a]
RSSI: -71 [da:25:3a:60:04:5a]
RSSI: -91 [da:28:43:71:0a:9e]
RSSI: -70 [da:25:3a:60:04:5a]
RSSI: -70 [da:25:3a:70:04:8a]
RSSI: -92 [da:28:43:7e:0a:ce]
RSSI: -70 [da:25:3a:70:04:8a]
RSSI: -67 [da:25:3a:80:04:ba]
RSSI: -70 [da:25:3a:8c:04:da]
RSSI: -67 [da:25:3a:8c:04:da]
RSSI: -70 [da:25:3a:9c:05:0a]
RSSI: -70 [da:25:3a:ab:05:3a]
RSSI: -68 [da:25:3a:b8:05:5a]
RSSI: -71 [da:25:3a:b8:05:5a]
RSSI: -68 [da:25:3a:c8:05:8a]
RSSI: -72 [da:25:3a:d7:05:ba]
RSSI: -72 [da:25:3a:d7:05:ba]
RSSI: -73 [da:25:3a:e4:05:da]
RSSI: -73 [da:25:3a:e4:05:da]
RSSI: -75 [da:25:3a:f4:06:0a]
RSSI: -75 [da:25:3b:03:06:2a]
RSSI: -73 [da:25:3b:03:06:2a]
RSSI: -77 [da:25:3b:10:06:5a]
RSSI: -86 [da:28:44:26:0c:ae]
RSSI: -79 [da:25:3b:20:06:8a]
RSSI: -80 [da:25:3b:20:06:8a]
RSSI: -81 [da:25:3b:2f:06:aa]
RSSI: -83 [da:25:3b:2f:06:aa]
RSSI: -84 [da:28:44:4d:0d:2e]
RSSI: -86 [da:25:3b:3c:06:da]
RSSI: -83 [da:28:44:4d:0d:2e]
RSSI: -90 [da:2a:de:fd:06:cc]
RSSI: -86 [da:25:3b:4c:06:fa]
RSSI: -83 [da:25:3b:4c:06:fa]
RSSI: -84 [da:25:3b:5b:07:2a]
RSSI: -82 [da:25:3b:68:07:4a]
RSSI: -78 [da:25:3b:78:07:7a]
RSSI: -81 [da:25:3b:78:07:7a]
RSSI: -81 [da:25:3b:87:07:aa]
RSSI: -81 [da:25:3b:87:07:aa]
RSSI: -81 [da:28:44:9a:0d:fe]
RSSI: -81 [da:25:3b:94:07:ca]
RSSI: -82 [da:25:3b:94:07:ca]
RSSI: -89 [da:28:44:a7:0e:2e]
RSSI: -83 [da:25:3b:a4:07:fa]
RSSI: -83 [da:25:3b:a4:07:fa]
RSSI: -82 [da:25:3b:b3:08:2a]
RSSI: -81 [da:28:44:c1:0e:6e]
RSSI: -83 [da:25:3b:b3:08:2a]
RSSI: -91 [da:28:44:c1:0e:6e]
RSSI: -86 [da:28:44:ce:0e:9e]
RSSI: -84 [da:25:3b:c0:08:4a]
RSSI: -83 [da:28:44:ce:0e:9e]
RSSI: -81 [da:25:3b:c0:08:4a]
RSSI: -82 [da:25:3b:d0:08:7a]
RSSI: -85 [da:28:44:e8:0e:de]
RSSI: -83 [da:25:3b:df:08:aa]
RSSI: -82 [da:25:3b:df:08:aa]
RSSI: -79 [da:25:3b:ec:08:ca]
RSSI: -82 [da:25:3b:ec:08:ca]
RSSI: -91 [da:2a:df:b0:09:0c]
RSSI: -82 [da:25:3b:fc:08:fa]
RSSI: -84 [da:25:3c:0b:09:2a]
RSSI: -93 [da:2a:df:bf:09:3c]
RSSI: -84 [da:25:3c:0b:09:2a]
RSSI: -87 [da:25:3c:18:09:4a]
RSSI: -89 [da:28:45:29:0f:9e]
RSSI: -84 [da:25:3c:18:09:4a]
RSSI: -84 [da:25:3c:28:09:7a]
RSSI: -83 [da:25:3c:37:09:aa]
RSSI: -94 [da:23:58:34:00:2b]
RSSI: -85 [da:25:3c:44:09:ca]
RSSI: -90 [da:2a:e0:03:0a:0c]
RSSI: -86 [da:25:3c:54:09:fa]
RSSI: -90 [da:23:58:50:00:8b]
RSSI: -87 [da:23:58:69:00:cb]
RSSI: -87 [da:25:3c:70:0a:4a]
RSSI: -88 [da:23:58:75:00:eb]
RSSI: -87 [da:25:3c:70:0a:4a]
RSSI: -86 [da:25:3c:80:0a:7a]
RSSI: -86 [da:23:58:82:01:1b]
RSSI: -85 [da:25:3c:80:0a:7a]
RSSI: -86 [da:25:3c:90:0a:9a]
RSSI: -87 [da:25:3c:90:0a:9a]
RSSI: -88 [da:2a:e0:4a:0a:ec]
RSSI: -88 [da:23:58:92:01:4b]
RSSI: -86 [da:25:3c:9c:0a:ca]
RSSI: -87 [da:23:58:a1:01:7b]
RSSI: -85 [da:25:3c:9c:0a:ca]
RSSI: -89 [da:23:58:a1:01:7b]
RSSI: -87 [da:25:3c:ac:0a:ea]
RSSI: -90 [da:25:3c:bc:0b:1a]
RSSI: -86 [da:23:58:be:01:cb]
RSSI: -91 [da:23:58:cd:01:fb]
RSSI: -89 [da:23:58:da:02:1b]
RSSI: -92 [da:2a:e0:8f:0b:cc]
RSSI: -86 [da:25:3c:d8:0b:6a]
RSSI: -86 [da:25:3c:d8:0b:6a]
RSSI: -91 [da:2a:e0:9e:0b:fc]
RSSI: -82 [da:25:3c:e8:0b:9a]
RSSI: -85 [da:25:3c:e8:0b:9a]
RSSI: -85 [da:25:3c:f4:0b:ba]
RSSI: -87 [da:25:3d:14:0c:1a]
RSSI: -88 [da:25:3d:14:0c:1a]
RSSI: -92 [da:23:59:24:02:fb]
RSSI: -84 [da:2a:e0:e3:0c:dc]
RSSI: -84 [da:2a:e0:e3:0c:dc]
RSSI: -85 [da:25:3d:30:0c:6a]
RSSI: -86 [da:25:3d:30:0c:6a]
RSSI: -84 [da:2a:e0:f1:0d:0c]
RSSI: -85 [da:25:3d:40:0c:9a]
RSSI: -90 [da:2a:e0:fe:0d:2c]
RSSI: -83 [da:25:3d:4d:0c:ba]
RSSI: -84 [da:25:3d:4d:0c:ba]
RSSI: -84 [da:25:3d:5d:0c:ea]
RSSI: -85 [da:2a:e1:1b:0d:8c]
RSSI: -85 [da:25:3d:5d:0c:ea]
RSSI: -90 [da:2a:e1:1b:0d:8c]
RSSI: -84 [da:2a:e1:28:0d:bc]
RSSI: -84 [da:2a:e1:36:0d:dc]
RSSI: -85 [da:2a:e1:51:0e:3c]
RSSI: -90 [da:25:3d:a5:0d:ba]
RSSI: -84 [da:2a:e1:60:0e:6c]
RSSI: -92 [da:25:3d:c5:0e:1a]
RSSI: -92 [da:28:46:e3:14:9e]
RSSI: -91 [da:25:3d:d1:0e:3a]
RSSI: -91 [da:28:47:0a:15:0e]
RSSI: -91 [da:28:47:17:15:2e]
RSSI: -93 [da:25:3e:0d:0e:ea]
RSSI: -90 [da:25:3e:0d:0e:ea]
RSSI: -89 [da:28:47:24:15:4e]
RSSI: -91 [da:28:47:3e:15:9e]
RSSI: -91 [da:28:47:4b:15:ce]
RSSI: -94 [da:25:3e:66:0f:ea]
RSSI: -94 [da:28:47:7f:16:5e]
RSSI: -92 [da:25:3e:92:10:6a]
RSSI: -89 [da:2a:e2:5b:11:8c]
RSSI: -93 [da:25:3e:a2:10:9a]
RSSI: -87 [da:2a:e2:77:11:dc]
RSSI: -91 [da:2a:e2:77:11:dc]
RSSI: -91 [da:25:3e:eb:11:6a]
RSSI: -88 [da:25:3e:fa:11:9a]
RSSI: -89 [da:25:3f:07:11:ba]
RSSI: -87 [da:25:3f:17:11:ea]
RSSI: -83 [da:2a:e2:cb:12:dc]
RSSI: -88 [da:25:3f:17:11:ea]
RSSI: -89 [da:25:3f:27:12:1a]
RSSI: -88 [da:25:3f:27:12:1a]
RSSI: -85 [da:2a:e2:e8:13:3c]
RSSI: -86 [da:25:3f:33:12:3a]
RSSI: -82 [da:2a:e2:f5:13:5c]
RSSI: -81 [da:2a:e2:f5:13:5c]
RSSI: -87 [da:25:3f:43:12:6a]
RSSI: -86 [da:25:3f:53:12:9a]
RSSI: -80 [da:2a:e3:03:13:8c]
RSSI: -86 [da:25:3f:53:12:9a]
RSSI: -83 [da:2a:e3:12:13:bc]
RSSI: -92 [da:2a:e3:12:13:bc]
RSSI: -83 [da:2a:e3:1f:13:ec]
RSSI: -86 [da:25:3f:60:12:ba]
RSSI: -87 [da:25:3f:70:12:ea]
RSSI: -84 [da:2a:e3:2d:14:1c]
RSSI: -88 [da:25:3f:7f:13:1a]
RSSI: -81 [da:2a:e3:3c:14:3c]
RSSI: -86 [da:25:3f:8c:13:3a]
RSSI: -87 [da:25:3f:8c:13:3a]
RSSI: -82 [da:2a:e3:49:14:6c]
RSSI: -83 [da:2a:e3:57:14:9c]
RSSI: -86 [da:25:3f:9c:13:6a]
RSSI: -87 [da:2a:e3:57:14:9c]
RSSI: -83 [da:2a:e3:66:14:cc]
RSSI: -82 [da:2a:e3:66:14:cc]
RSSI: -80 [da:2a:e3:73:14:ec]
RSSI: -80 [da:2a:e3:81:15:1c]
RSSI: -77 [da:2a:e3:90:15:4c]
RSSI: -89 [da:25:3f:d8:14:1a]
RSSI: -82 [da:2a:e3:90:15:4c]
RSSI: -80 [da:2a:e3:ac:15:9c]
RSSI: -85 [da:25:3f:f5:14:6a]
RSSI: -90 [da:2a:e3:ac:15:9c]
RSSI: -84 [da:25:40:05:14:9a]
RSSI: -81 [da:2a:e3:ba:15:cc]
RSSI: -85 [da:25:40:05:14:9a]
RSSI: -82 [da:25:40:11:14:ba]
RSSI: -84 [da:25:40:11:14:ba]
RSSI: -91 [da:2a:e3:d6:16:1c]
RSSI: -82 [da:25:40:21:14:ea]
RSSI: -87 [da:2a:e3:e4:16:4c]
RSSI: -85 [da:25:40:31:15:1a]
RSSI: -86 [da:25:40:3e:15:3a]
RSSI: -85 [da:2a:e3:f1:16:7c]
RSSI: -86 [da:25:40:3e:15:3a]
RSSI: -87 [da:2a:e4:00:00:2c]
RSSI: -85 [da:25:40:4e:15:6a]
RSSI: -88 [da:25:40:4e:15:6a]
RSSI: -85 [da:2a:e4:0e:00:5c]
RSSI: -89 [da:25:40:6a:15:ba]
RSSI: -87 [da:2a:e4:2a:00:bc]
RSSI: -90 [da:2a:e4:39:00:ec]
RSSI: -93 [da:2a:e4:45:01:0c]
RSSI: -88 [da:2a:e4:63:01:6c]
RSSI: -85 [da:25:40:b6:00:8a]
RSSI: -92 [da:25:40:c3:00:aa]
RSSI: -91 [da:2a:e4:75:01:9c]
RSSI: -83 [da:2a:e4:85:01:cc]
RSSI: -90 [da:25:40:d3:00:da]
RSSI: -91 [da:25:40:d3:00:da]
RSSI: -88 [da:25:40:e3:01:0a]
RSSI: -88 [da:2a:e4:af:02:5c]
RSSI: -91 [da:2a:e4:af:02:5c]
RSSI: -87 [da:25:41:00:01:5a]
RSSI: -92 [da:2a:e4:be:02:8c]
RSSI: -88 [da:25:41:00:01:5a]
RSSI: -86 [da:25:41:0f:01:8a]
RSSI: -86 [da:2a:e4:ca:02:ac]
RSSI: -86 [da:2a:e4:ca:02:ac]
RSSI: -85 [da:25:41:1c:01:aa]
RSSI: -87 [da:2a:e4:d9:02:dc]
RSSI: -81 [da:25:41:2c:01:da]
RSSI: -86 [da:25:41:2c:01:da]
RSSI: -83 [da:25:41:3c:02:0a]
RSSI: -79 [da:25:41:3c:02:0a]
RSSI: -82 [da:25:41:49:02:2a]
RSSI: -82 [da:25:41:59:02:5a]
RSSI: -82 [da:25:41:59:02:5a]
RSSI: -81 [da:25:41:59:02:5a]
RSSI: -87 [da:2a:e5:12:03:8c]
RSSI: -80 [da:25:41:59:02:5a]
RSSI: -78 [da:25:41:68:02:8a]
RSSI: -90 [da:2a:e5:1f:03:ac]
RSSI: -80 [da:25:41:68:02:8a]
RSSI: -79 [da:25:41:75:02:aa]
RSSI: -90 [da:28:4a:8d:08:9e]
RSSI: -79 [da:25:41:85:02:da]
RSSI: -80 [da:25:41:85:02:da]
RSSI: -79 [da:25:41:95:03:0a]
RSSI: -80 [da:25:41:95:03:0a]
RSSI: -78 [da:25:41:a2:03:2a]
RSSI: -91 [da:28:4a:b4:09:0e]
RSSI: -77 [da:25:41:b2:03:5a]
RSSI: -77 [da:25:41:b2:03:5a]
RSSI: -76 [da:25:41:c2:03:8a]
RSSI: -75 [da:25:41:ce:03:aa]
RSSI: -75 [da:25:41:ce:03:aa]
RSSI: -74 [da:25:41:de:03:ca]
RSSI: -88 [da:28:4a:e9:09:9e]
RSSI: -73 [da:25:41:de:03:ca]
RSSI: -73 [da:25:41:ee:03:fa]
RSSI: -89 [da:28:4b:03:09:ee]
RSSI: -87 [da:2a:e5:ac:05:6c]
RSSI: -71 [da:25:41:fb:04:1a]
RSSI: -72 [da:25:42:0b:04:4a]
RSSI: -71 [da:25:42:0b:04:4a]
RSSI: -71 [da:25:42:1b:04:7a]
RSSI: -71 [da:25:42:1b:04:7a]
RSSI: -83 [da:2a:e5:d7:05:ec]
RSSI: -71 [da:25:42:27:04:9a]
RSSI: -83 [da:2a:e5:e5:06:1c]
RSSI: -71 [da:25:42:37:04:ca]
RSSI: -71 [da:25:42:37:04:ca]
RSSI: -71 [da:25:42:47:04:fa]
RSSI: -82 [da:2a:e6:01:06:7c]
RSSI: -72 [da:25:42:54:05:1a]
RSSI: -84 [da:2a:e6:10:06:ac]
RSSI: -71 [da:25:42:54:05:1a]
RSSI: -72 [da:25:42:64:05:4a]
RSSI: -72 [da:25:42:64:05:4a]
RSSI: -86 [da:2a:e6:1c:06:cc]
RSSI: -71 [da:25:42:74:05:7a]
RSSI: -72 [da:25:42:74:05:7a]
RSSI: -85 [da:2a:e6:3a:07:2c]
RSSI: -72 [da:25:42:81:05:9a]
RSSI: -81 [da:2a:e6:3a:07:2c]
RSSI: -72 [da:25:42:81:05:9a]
RSSI: -85 [da:2a:e6:47:07:4c]
RSSI: -74 [da:25:42:91:05:ca]
RSSI: -92 [da:28:4b:af:0b:de]
RSSI: -74 [da:25:42:a1:05:fa]
RSSI: -87 [da:2a:e6:56:07:7c]
RSSI: -75 [da:25:42:a1:05:fa]
RSSI: -86 [da:2a:e6:56:07:7c]
RSSI: -87 [da:2a:e6:64:07:ac]
RSSI: -84 [da:2a:e6:64:07:ac]
RSSI: -76 [da:25:42:ad:06:1a]
RSSI: -75 [da:25:42:bd:06:4a]
RSSI: -77 [da:25:42:bd:06:4a]
RSSI: -87 [da:28:4b:d7:0c:4e]
RSSI: -85 [da:28:4b:e4:0c:6e]
RSSI: -82 [da:25:42:da:06:9a]
RSSI: -84 [da:2a:e6:9b:08:5c]
RSSI: -83 [da:25:42:ea:06:ca]
RSSI: -85 [da:28:4b:fe:0c:be]
RSSI: -87 [da:25:42:ea:06:ca]
RSSI: -85 [da:2a:e6:aa:08:8c]
RSSI: -83 [da:28:4c:0c:0c:de]
RSSI: -86 [da:25:43:07:07:1a]
RSSI: -87 [da:28:4c:18:0d:0e]
RSSI: -83 [da:25:43:07:07:1a]
RSSI: -84 [da:28:4c:26:0d:2e]
RSSI: -85 [da:25:43:17:07:4a]
RSSI: -84 [da:2a:e6:d5:09:1c]
RSSI: -81 [da:28:4c:33:0d:5e]
RSSI: -81 [da:25:43:27:07:7a]
RSSI: -83 [da:28:4c:33:0d:5e]
RSSI: -83 [da:25:43:27:07:7a]
RSSI: -87 [da:2a:e6:e3:09:4c]
RSSI: -85 [da:28:4c:40:0d:7e]
RSSI: -81 [da:25:43:33:07:9a]
RSSI: -83 [da:28:4c:4e:0d:9e]
RSSI: -85 [da:2a:e6:f0:09:6c]
RSSI: -83 [da:28:4c:4e:0d:9e]
RSSI: -80 [da:25:43:44:07:ca]
RSSI: -82 [da:28:4c:5b:0d:ce]
RSSI: -88 [da:2a:e7:0e:09:cc]
RSSI: -84 [da:28:4c:68:0d:ee]
RSSI: -87 [da:2a:e7:0e:09:cc]
RSSI: -82 [da:28:4c:75:0e:1e]
RSSI: -83 [da:28:4c:75:0e:1e]
RSSI: -82 [da:28:4c:83:0e:3e]
RSSI: -82 [da:25:43:70:08:4a]
RSSI: -82 [da:28:4c:83:0e:3e]
RSSI: -83 [da:25:43:70:08:4a]
RSSI: -83 [da:28:4c:83:0e:3e]
RSSI: -87 [da:2a:e7:38:0a:5c]
RSSI: -82 [da:25:43:80:08:7a]
RSSI: -81 [da:28:4c:8f:0e:5e]
RSSI: -81 [da:28:4c:8f:0e:5e]
RSSI: -83 [da:25:43:8d:08:9a]
RSSI: -81 [da:25:43:8d:08:9a]
RSSI: -83 [da:28:4c:aa:0e:ae]
RSSI: -87 [da:2a:e7:54:0a:ac]
RSSI: -81 [da:25:43:ad:08:fa]
RSSI: -84 [da:28:4c:b7:0e:ce]
RSSI: -84 [da:25:43:ad:08:fa]
RSSI: -83 [da:25:43:ba:09:1a]
RSSI: -88 [da:28:4c:d2:0f:1e]
RSSI: -83 [da:25:43:ca:09:4a]
RSSI: -84 [da:25:43:ca:09:4a]
RSSI: -91 [da:28:4c:df:0f:3e]
RSSI: -85 [da:25:43:da:09:7a]
RSSI: -88 [da:28:4c:ec:0f:6e]
RSSI: -87 [da:23:5f:e4:00:8b]
RSSI: -84 [da:25:43:e6:09:9a]
RSSI: -84 [da:2a:e7:9a:0b:8c]
RSSI: -87 [da:23:5f:e4:00:8b]
RSSI: -84 [da:25:43:e6:09:9a]
RSSI: -82 [da:2a:e7:a9:0b:bc]
RSSI: -85 [da:23:5f:f4:00:bb]
RSSI: -85 [da:25:43:f7:09:ca]
RSSI: -87 [da:23:60:04:00:eb]
RSSI: -80 [da:2a:e7:b8:0b:ec]
RSSI: -88 [da:25:44:07:09:fa]
RSSI: -84 [da:2a:e7:c4:0c:1c]
RSSI: -87 [da:25:44:13:0a:1a]
RSSI: -90 [da:25:44:13:0a:1a]
RSSI: -87 [da:23:60:20:01:3b]
RSSI: -87 [da:23:60:20:01:3b]
RSSI: -85 [da:2a:e7:e2:0c:7c]
RSSI: -86 [da:23:60:30:01:6b]
RSSI: -87 [da:25:44:33:0a:7a]
RSSI: -87 [da:25:44:33:0a:7a]
RSSI: -92 [da:2a:e7:ef:0c:9c]
RSSI: -86 [da:23:60:3d:01:8b]
RSSI: -84 [da:2a:e7:fe:0c:cc]
RSSI: -87 [da:25:44:40:0a:9a]
RSSI: -89 [da:25:44:60:0a:fa]
RSSI: -87 [da:23:60:5c:01:eb]
RSSI: -87 [da:23:60:69:02:1b]
RSSI: -89 [da:25:44:6d:0b:1a]
RSSI: -87 [da:23:60:79:02:4b]
RSSI: -87 [da:23:60:89:02:7b]
RSSI: -89 [da:25:44:7d:0b:4a]
RSSI: -87 [da:23:60:89:02:7b]
RSSI: -85 [da:25:44:8d:0b:7a]
RSSI: -85 [da:25:44:9a:0b:9a]
RSSI: -88 [da:23:60:a5:02:cb]
RSSI: -91 [da:2a:e8:62:0e:0c]
RSSI: -86 [da:25:44:aa:0b:ca]
RSSI: -90 [da:23:60:b5:02:fb]
RSSI: -90 [da:23:60:b5:02:fb]
RSSI: -85 [da:25:44:ba:0b:fa]
RSSI: -86 [da:25:44:ba:0b:fa]
RSSI: -92 [da:2a:e8:7d:0e:5c]
RSSI: -85 [da:25:44:c6:0c:1a]
RSSI: -85 [da:25:44:c6:0c:1a]
RSSI: -95 [da:28:4d:e9:12:4e]
RSSI: -93 [da:25:44:d7:0c:4a]
RSSI: -84 [da:25:44:f3:0c:aa]
RSSI: -85 [da:25:45:04:0c:da]
RSSI: -87 [da:25:45:04:0c:da]
RSSI: -91 [da:25:45:14:0d:0a]
RSSI: -89 [da:25:45:20:0d:2a]
RSSI: -89 [da:25:45:30:0d:5a]
RSSI: -92 [da:25:45:40:0d:8a]
RSSI: -93 [da:2a:e9:0c:10:2c]
RSSI: -95 [da:2a:e9:28:10:7c]
RSSI: -92 [da:2a:e9:36:10:ac]
RSSI: -90 [da:28:4e:88:14:1e]
RSSI: -93 [da:28:4e:b0:14:8e]
RSSI: -89 [da:28:4e:bd:14:ae]
RSSI: -88 [da:28:4e:d8:14:fe]
RSSI: -87 [da:2a:e9:8c:11:bc]
RSSI: -85 [da:2a:e9:8c:11:bc]
RSSI: -81 [da:2a:e9:98:11:dc]
RSSI: -86 [da:28:4e:f2:15:4e]
RSSI: -81 [da:2a:e9:98:11:dc]
RSSI: -88 [da:28:4f:00:15:6e]
RSSI: -88 [da:28:4f:0d:15:8e]
RSSI: -88 [da:28:4f:0d:15:8e]
RSSI: -88 [da:28:4f:1a:15:be]
RSSI: -88 [da:2a:e9:c3:12:6c]
RSSI: -89 [da:28:4f:1a:15:be]
RSSI: -90 [da:28:4f:28:15:de]
RSSI: -83 [da:2a:e9:e1:12:cc]
RSSI: -91 [da:28:4f:35:15:fe]
RSSI: -87 [da:28:4f:42:16:2e]
RSSI: -81 [da:2a:e9:ee:12:ec]
RSSI: -80 [da:2a:e9:ee:12:ec]
RSSI: -90 [da:28:4f:50:16:4e]
RSSI: -88 [da:28:4f:50:16:4e]
RSSI: -81 [da:2a:e9:fd:13:1c]
RSSI: -78 [da:2a:e9:fd:13:1c]
RSSI: -76 [da:2a:ea:0c:13:4c]
RSSI: -79 [da:2a:ea:0c:13:4c]
RSSI: -75 [da:2a:ea:18:13:7c]
RSSI: -74 [da:2a:ea:18:13:7c]
RSSI: -92 [da:28:4f:78:00:7e]
RSSI: -74 [da:2a:ea:28:13:ac]
RSSI: -75 [da:2a:ea:37:13:dc]
RSSI: -72 [da:2a:ea:43:13:fc]
RSSI: -74 [da:2a:ea:43:13:fc]
RSSI: -72 [da:2a:ea:52:14:2c]
RSSI: -71 [da:2a:ea:52:14:2c]
RSSI: -72 [da:2a:ea:61:14:5c]
RSSI: -86 [da:25:46:ad:11:8a]
RSSI: -73 [da:2a:ea:6e:14:7c]
RSSI: -73 [da:2a:ea:6e:14:7c]
RSSI: -71 [da:2a:ea:7d:14:ac]
RSSI: -86 [da:25:46:ca:11:da]
RSSI: -73 [da:2a:ea:7d:14:ac]
RSSI: -73 [da:2a:ea:8c:14:dc]
RSSI: -88 [da:25:46:d7:12:0a]
RSSI: -73 [da:2a:ea:8c:14:dc]
RSSI: -72 [da:2a:ea:8c:14:dc]
RSSI: -87 [da:25:46:d7:12:0a]
RSSI: -72 [da:2a:ea:8c:14:dc]
RSSI: -86 [da:25:46:e4:12:2a]
RSSI: -73 [da:2a:ea:99:14:fc]
RSSI: -78 [da:2a:ea:a8:15:2c]
RSSI: -86 [da:25:46:f0:12:4a]
RSSI: -78 [da:2a:ea:a8:15:2c]
RSSI: -87 [da:25:46:fd:12:6a]
RSSI: -75 [da:2a:ea:b7:15:5c]
RSSI: -86 [da:25:47:0a:12:9a]
RSSI: -89 [da:25:47:0a:12:9a]
RSSI: -75 [da:2a:ea:c3:15:8c]
RSSI: -89 [da:25:47:0a:12:9a]
RSSI: -76 [da:2a:ea:c3:15:8c]
RSSI: -77 [da:2a:ea:c3:15:8c]
RSSI: -85 [da:25:47:16:12:ba]
RSSI: -89 [da:25:47:23:12:da]
RSSI: -79 [da:2a:ea:d3:15:ac]
RSSI: -80 [da:2a:ea:e2:15:dc]
RSSI: -86 [da:25:47:30:13:0a]
RSSI: -89 [da:25:47:30:13:0a]
RSSI: -86 [da:25:47:3d:13:2a]
RSSI: -87 [da:25:47:63:13:9a]
RSSI: -86 [da:2a:eb:19:00:0c]
RSSI: -88 [da:25:47:6f:13:ba]
RSSI: -82 [da:2a:eb:28:00:2c]
RSSI: -88 [da:25:47:6f:13:ba]
RSSI: -81 [da:25:47:7c:13:da]
RSSI: -82 [da:2a:eb:37:00:5c]
RSSI: -83 [da:25:47:89:14:0a]
RSSI: -86 [da:2a:eb:44:00:8c]
RSSI: -86 [da:25:47:95:14:2a]
RSSI: -89 [da:2a:eb:44:00:8c]
RSSI: -86 [da:25:47:95:14:2a]
RSSI: -84 [da:25:47:95:14:2a]
RSSI: -84 [da:25:47:a2:14:4a]
RSSI: -87 [da:25:47:a2:14:4a]
RSSI: -84 [da:25:47:af:14:7a]
RSSI: -85 [da:25:47:af:14:7a]
RSSI: -86 [da:25:47:bc:14:9a]
RSSI: -84 [da:25:47:bc:14:9a]
RSSI: -86 [da:25:47:c8:14:ba]
RSSI: -86 [da:25:47:c8:14:ba]
RSSI: -85 [da:25:47:d5:14:da]
RSSI: -88 [da:2a:eb:8d:01:6c]
RSSI: -85 [da:25:47:e2:15:0a]
RSSI: -87 [da:2a:eb:99:01:9c]
RSSI: -88 [da:25:47:e2:15:0a]
RSSI: -84 [da:25:47:ef:15:2a]
RSSI: -90 [da:25:47:fb:15:4a]
RSSI: -87 [da:2a:eb:a9:01:cc]
RSSI: -84 [da:25:47:fb:15:4a]
RSSI: -92 [da:25:48:08:15:6a]
RSSI: -87 [da:2a:eb:c4:02:1c]
RSSI: -89 [da:25:48:15:15:9a]
RSSI: -89 [da:25:48:2e:15:da]
RSSI: -86 [da:2a:eb:e3:02:7c]
RSSI: -88 [da:25:48:3b:16:0a]
RSSI: -91 [da:2a:eb:ef:02:9c]
RSSI: -87 [da:25:48:3b:16:0a]
RSSI: -85 [da:2a:eb:ef:02:9c]
RSSI: -92 [da:2a:eb:fe:02:cc]
RSSI: -96 [da:23:64:5c:0d:eb]
RSSI: -90 [da:25:48:61:00:4a]
RSSI: -87 [da:2a:ec:29:03:5c]
RSSI: -89 [da:2a:ec:38:03:8c]
RSSI: -85 [da:2a:ec:38:03:8c]
RSSI: -91 [da:25:48:a1:00:fa]
RSSI: -91 [da:25:48:ae:01:2a]
RSSI: -90 [da:25:48:d4:01:8a]
RSSI: -91 [da:25:48:d4:01:8a]
RSSI: -91 [da:28:51:fa:07:ae]
RSSI: -94 [da:25:48:ed:01:da]
RSSI: -84 [da:25:48:fa:01:fa]
RSSI: -84 [da:25:48:fa:01:fa]
RSSI: -89 [da:25:49:07:02:1a]
RSSI: -89 [da:25:49:14:02:4a]
RSSI: -83 [da:25:49:20:02:6a]
RSSI: -83 [da:25:49:20:02:6a]
RSSI: -85 [da:25:49:2d:02:8a]
RSSI: -80 [da:25:49:47:02:da]
RSSI: -80 [da:25:49:47:02:da]
RSSI: -87 [da:28:52:57:08:ae]
RSSI: -84 [da:25:49:54:02:fa]
RSSI: -89 [da:28:52:65:08:de]
RSSI: -83 [da:25:49:60:03:1a]
RSSI: -80 [da:25:49:60:03:1a]
RSSI: -78 [da:25:49:6d:03:4a]
RSSI: -86 [da:28:52:80:09:1e]
RSSI: -79 [da:25:49:7a:03:6a]
RSSI: -87 [da:28:52:8e:09:4e]
RSSI: -78 [da:25:49:87:03:8a]
RSSI: -78 [da:25:49:87:03:8a]
RSSI: -74 [da:25:49:93:03:ba]
RSSI: -86 [da:28:52:a8:09:8e]
RSSI: -88 [da:28:52:a8:09:8e]
RSSI: -76 [da:25:49:a0:03:da]
RSSI: -87 [da:28:52:a8:09:8e]
RSSI: -90 [da:2a:ed:56:07:0c]
RSSI: -86 [da:28:52:b6:09:be]
RSSI: -76 [da:25:49:ad:03:fa]
RSSI: -86 [da:28:52:b6:09:be]
RSSI: -76 [da:25:49:ad:03:fa]
RSSI: -71 [da:25:49:ba:04:1a]
RSSI: -86 [da:28:52:d0:0a:0e]
RSSI: -76 [da:25:49:c7:04:4a]
RSSI: -87 [da:28:52:d0:0a:0e]
RSSI: -77 [da:25:49:d3:04:6a]
RSSI: -76 [da:25:49:d3:04:6a]
RSSI: -88 [da:2a:ed:90:07:cc]
RSSI: -89 [da:28:52:ec:0a:5e]
RSSI: -71 [da:25:49:e0:04:8a]
RSSI: -76 [da:25:49:ed:04:aa]
RSSI: -78 [da:25:49:fa:04:da]
RSSI: -86 [da:28:53:07:0a:ae]
RSSI: -77 [da:25:49:fa:04:da]
RSSI: -86 [da:28:53:07:0a:ae]
RSSI: -86 [da:28:53:14:0a:ce]
RSSI: -71 [da:25:4a:07:04:fa]
RSSI: -86 [da:28:53:21:0a:fe]
RSSI: -76 [da:25:4a:13:05:1a]
RSSI: -80 [da:25:4a:20:05:4a]
RSSI: -77 [da:25:4a:20:05:4a]
RSSI: -78 [da:25:4a:3a:05:8a]
RSSI: -79 [da:25:4a:47:05:aa]
RSSI: -79 [da:25:4a:47:05:aa]
RSSI: -74 [da:25:4a:54:05:da]
RSSI: -79 [da:25:4a:60:05:fa]
RSSI: -83 [da:25:4a:6d:06:1a]
RSSI: -83 [da:25:4a:6d:06:1a]
RSSI: -86 [da:2a:ee:2d:09:bc]
RSSI: -79 [da:25:4a:7a:06:4a]
RSSI: -86 [da:28:53:8e:0c:2e]
RSSI: -88 [da:28:53:8e:0c:2e]
RSSI: -84 [da:28:53:9a:0c:4e]
RSSI: -85 [da:28:53:a8:0c:7e]
RSSI: -87 [da:25:4a:a0:06:ba]
RSSI: -82 [da:28:53:a8:0c:7e]
RSSI: -81 [da:28:53:b6:0c:9e]
RSSI: -81 [da:28:53:b6:0c:9e]
RSSI: -83 [da:28:53:b6:0c:9e]
RSSI: -83 [da:28:53:b6:0c:9e]
RSSI: -85 [da:2a:ee:67:0a:7c]
RSSI: -86 [da:2a:ee:67:0a:7c]
RSSI: -80 [da:28:53:c3:0c:ce]
RSSI: -84 [da:25:4a:c7:07:2a]
RSSI: -79 [da:28:53:d1:0c:ee]
RSSI: -83 [da:25:4a:c7:07:2a]
RSSI: -79 [da:28:53:de:0d:1e]
RSSI: -87 [da:28:53:de:0d:1e]
RSSI: -88 [da:2a:ee:93:0a:fc]
RSSI: -86 [da:25:4a:e0:07:6a]
RSSI: -78 [da:28:53:eb:0d:3e]
RSSI: -86 [da:25:4a:e0:07:6a]
RSSI: -81 [da:25:4a:ed:07:8a]
RSSI: -91 [da:2a:ee:9f:0b:2c]
RSSI: -78 [da:28:53:f9:0d:6e]
RSSI: -80 [da:28:54:07:0d:8e]
RSSI: -88 [da:2a:ee:ae:0b:5c]
RSSI: -85 [da:25:4b:07:07:da]
RSSI: -78 [da:28:54:14:0d:be]
RSSI: -85 [da:25:4b:07:07:da]
RSSI: -79 [da:28:54:14:0d:be]
RSSI: -83 [da:25:4b:14:07:fa]
RSSI: -78 [da:28:54:22:0d:de]
RSSI: -79 [da:28:54:22:0d:de]
RSSI: -79 [da:28:54:2f:0e:0e]
RSSI: -85 [da:25:4b:21:08:2a]
RSSI: -78 [da:28:54:2f:0e:0e]
RSSI: -82 [da:25:4b:3a:08:6a]
RSSI: -84 [da:25:4b:3a:08:6a]
RSSI: -81 [da:28:54:4a:0e:4e]
RSSI: -79 [da:28:54:58:0e:7e]
RSSI: -80 [da:28:54:58:0e:7e]
RSSI: -89 [da:2a:ef:05:0c:6c]
RSSI: -83 [da:25:4b:54:08:ba]
RSSI: -81 [da:28:54:65:0e:9e]
RSSI: -84 [da:25:4b:54:08:ba]
RSSI: -82 [da:25:4b:61:08:da]
RSSI: -91 [da:2a:ef:14:0c:9c]
RSSI: -84 [da:25:4b:61:08:da]
RSSI: -85 [da:28:54:73:0e:ce]
RSSI: -90 [da:23:67:6c:00:8b]
RSSI: -85 [da:2a:ef:21:0c:cc]
RSSI: -84 [da:25:4b:6e:08:fa]
RSSI: -87 [da:2a:ef:30:0c:fc]
RSSI: -84 [da:25:4b:7a:09:1a]
RSSI: -85 [da:25:4b:7a:09:1a]
RSSI: -83 [da:25:4b:87:09:4a]
RSSI: -84 [da:28:54:9b:0f:3e]
RSSI: -86 [da:25:4b:94:09:6a]
RSSI: -84 [da:28:54:9b:0f:3e]
RSSI: -90 [da:23:67:99:01:0b]
RSSI: -83 [da:25:4b:a1:09:8a]
RSSI: -85 [da:25:4b:a1:09:8a]
RSSI: -83 [da:25:4b:ae:09:ba]
RSSI: -83 [da:25:4b:ae:09:ba]
RSSI: -90 [da:2a:ef:77:0d:dc]
RSSI: -90 [da:23:67:c2:01:8b]
RSSI: -84 [da:25:4b:c8:09:fa]
RSSI: -90 [da:2a:ef:77:0d:dc]
RSSI: -87 [da:25:4b:c8:09:fa]
RSSI: -86 [da:25:4b:d5:0a:2a]
RSSI: -85 [da:25:4b:d5:0a:2a]
RSSI: -87 [da:25:4b:e2:0a:4a]
RSSI: -87 [da:25:4b:e2:0a:4a]
RSSI: -87 [da:25:4b:ee:0a:6a]
RSSI: -88 [da:25:4b:ee:0a:6a]
RSSI: -86 [da:25:4c:08:0a:ba]
RSSI: -88 [da:25:4c:08:0a:ba]
RSSI: -91 [da:23:68:0e:02:6b]
RSSI: -87 [da:25:4c:15:0a:da]
RSSI: -86 [da:25:4c:22:0b:0a]
RSSI: -86 [da:25:4c:2f:0b:2a]
RSSI: -93 [da:23:68:4e:03:1b]
RSSI: -86 [da:25:4c:48:0b:6a]
RSSI: -88 [da:28:55:58:11:5e]
RSSI: -86 [da:25:4c:55:0b:9a]
RSSI: -86 [da:25:4c:55:0b:9a]
RSSI: -85 [da:25:4c:62:0b:ba]
RSSI: -85 [da:25:4c:62:0b:ba]
RSSI: -89 [da:25:4c:6f:0b:da]
RSSI: -85 [da:25:4c:6f:0b:da]
RSSI: -85 [da:25:4c:7c:0c:0a]
RSSI: -88 [da:25:4c:7c:0c:0a]
RSSI: -92 [da:28:55:8f:11:fe]
RSSI: -86 [da:25:4c:89:0c:2a]
RSSI: -86 [da:25:4c:89:0c:2a]
RSSI: -87 [da:25:4c:89:0c:2a]
RSSI: -88 [da:25:4c:89:0c:2a]
RSSI: -95 [da:23:68:a7:04:2b]
RSSI: -93 [da:28:55:c5:12:9e]
RSSI: -92 [da:28:55:e0:12:ee]
RSSI: -89 [da:28:55:ee:13:0e]
RSSI: -90 [da:28:56:09:13:5e]
RSSI: -92 [da:28:56:17:13:8e]
RSSI: -86 [da:2a:f0:fd:12:ac]
RSSI: -81 [da:2a:f1:28:13:2c]
RSSI: -79 [da:2a:f1:47:13:8c]
RSSI: -89 [da:28:56:9d:15:0e]
RSSI: -78 [da:2a:f1:63:13:ec]
RSSI: -81 [da:2a:f1:72:14:1c]
RSSI: -88 [da:28:56:cb:15:8e]
RSSI: -78 [da:2a:f1:72:14:1c]
RSSI: -81 [da:2a:f1:7f:14:3c]
RSSI: -83 [da:2a:f1:8e:14:6c]
RSSI: -87 [da:28:56:ea:15:ee]
RSSI: -82 [da:2a:f1:8e:14:6c]
RSSI: -79 [da:2a:f1:9d:14:9c]
RSSI: -89 [da:28:56:f6:16:0e]
RSSI: -86 [da:28:56:f6:16:0e]
RSSI: -81 [da:2a:f1:aa:14:bc]
RSSI: -79 [da:2a:f1:aa:14:bc]
RSSI: -81 [da:2a:f1:ba:14:ec]
RSSI: -83 [da:2a:f1:c9:15:2c]
RSSI: -85 [da:28:57:1f:16:7e]
RSSI: -83 [da:2a:f1:d6:15:4c]
RSSI: -87 [da:2a:f1:d6:15:4c]
RSSI: -86 [da:2a:f1:e5:15:7c]
RSSI: -88 [da:2a:f1:e5:15:7c]
RSSI: -93 [da:2a:f2:01:15:dc]
RSSI: -92 [da:2a:f2:01:15:dc]
RSSI: -93 [da:25:4e:74:11:ba]
RSSI: -93 [da:25:4e:74:11:ba]
RSSI: -93 [da:2a:f2:4b:00:2c]
RSSI: -89 [da:25:4e:a8:12:4a]
RSSI: -88 [da:25:4e:a8:12:4a]
RSSI: -93 [da:25:4e:dc:12:da]
RSSI: -90 [da:25:4e:dc:12:da]
RSSI: -88 [da:25:4e:e9:13:0a]
RSSI: -88 [da:25:4f:03:13:4a]
RSSI: -87 [da:25:4f:10:13:7a]
RSSI: -88 [da:25:4f:10:13:7a]
RSSI: -85 [da:25:4f:1c:13:9a]
RSSI: -85 [da:25:4f:1c:13:9a]
RSSI: -87 [da:25:4f:2a:13:ba]
RSSI: -86 [da:25:4f:2a:13:ba]
RSSI: -84 [da:25:4f:37:13:ea]
RSSI: -87 [da:25:4f:37:13:ea]
RSSI: -87 [da:25:4f:43:14:0a]
RSSI: -84 [da:25:4f:43:14:0a]
RSSI: -88 [da:25:4f:51:14:2a]
RSSI: -87 [da:25:4f:51:14:2a]
RSSI: -87 [da:25:4f:5e:14:5a]
RSSI: -86 [da:25:4f:6a:14:7a]
RSSI: -85 [da:25:4f:6a:14:7a]
RSSI: -86 [da:25:4f:78:14:9a]
RSSI: -94 [da:28:58:8f:04:1e]
RSSI: -85 [da:25:4f:85:14:ca]
RSSI: -82 [da:25:4f:91:14:ea]
RSSI: -83 [da:25:4f:9f:15:0a]
RSSI: -85 [da:25:4f:9f:15:0a]
RSSI: -85 [da:25:4f:9f:15:0a]
RSSI: -95 [da:28:58:c6:04:be]
RSSI: -85 [da:25:4f:b8:15:5a]
RSSI: -88 [da:25:4f:c6:15:7a]
RSSI: -86 [da:25:4f:d3:15:aa]
RSSI: -89 [da:25:4f:df:15:ca]
RSSI: -89 [da:25:4f:ed:15:ea]
RSSI: -88 [da:25:50:06:16:3a]
RSSI: -91 [da:28:59:26:05:ce]
RSSI: -95 [da:25:50:55:00:ea]
RSSI: -92 [da:2a:f4:31:06:1c]
RSSI: -89 [da:25:50:89:01:7a]
RSSI: -92 [da:28:59:ae:07:4e]
RSSI: -88 [da:25:50:a3:01:ca]
RSSI: -90 [da:2a:f4:5d:06:ac]
RSSI: -83 [da:25:50:b0:01:ea]
RSSI: -86 [da:25:50:bd:02:1a]
RSSI: -94 [da:28:59:e5:07:ee]
RSSI: -84 [da:25:50:e4:02:8a]
RSSI: -88 [da:25:50:f1:02:aa]
RSSI: -91 [da:2a:f4:b4:07:cc]
RSSI: -81 [da:25:50:fe:02:ca]
RSSI: -82 [da:25:51:0c:02:fa]
RSSI: -82 [da:25:51:0c:02:fa]
RSSI: -81 [da:25:51:18:03:1a]
RSSI: -77 [da:25:51:25:03:3a]
RSSI: -78 [da:25:51:33:03:6a]
RSSI: -88 [da:28:5a:46:09:0e]
RSSI: -77 [da:25:51:3f:03:8a]
RSSI: -77 [da:25:51:3f:03:8a]
RSSI: -75 [da:25:51:4d:03:aa]
RSSI: -76 [da:25:51:5a:03:da]
RSSI: -76 [da:25:51:67:03:fa]
RSSI: -73 [da:25:51:67:03:fa]
RSSI: -86 [da:28:5a:7c:09:9e]
RSSI: -73 [da:25:51:74:04:1a]
RSSI: -86 [da:28:5a:7c:09:9e]
RSSI: -74 [da:25:51:74:04:1a]
RSSI: -84 [da:28:5a:8a:09:ce]
RSSI: -75 [da:25:51:81:04:4a]
RSSI: -84 [da:28:5a:98:09:ee]
RSSI: -75 [da:25:51:8e:04:6a]
RSSI: -73 [da:25:51:8e:04:6a]
RSSI: -73 [da:25:51:9b:04:8a]
RSSI: -87 [da:28:5a:a5:0a:1e]
RSSI: -75 [da:25:51:9b:04:8a]
RSSI: -74 [da:25:51:a8:04:aa]
RSSI: -85 [da:28:5a:b3:0a:3e]
RSSI: -74 [da:25:51:a8:04:aa]
RSSI: -82 [da:28:5a:c1:0a:6e]
RSSI: -74 [da:25:51:b5:04:da]
RSSI: -84 [da:28:5a:c1:0a:6e]
RSSI: -75 [da:25:51:b5:04:da]
RSSI: -85 [da:28:5a:ce:0a:8e]
RSSI: -81 [da:28:5a:ce:0a:8e]
RSSI: -74 [da:25:51:d0:05:1a]
RSSI: -81 [da:28:5a:dc:0a:be]
RSSI: -74 [da:25:51:d0:05:1a]
RSSI: -74 [da:25:51:dc:05:4a]
RSSI: -80 [da:28:5a:ea:0a:de]
RSSI: -75 [da:25:51:dc:05:4a]
RSSI: -82 [da:28:5a:ea:0a:de]
RSSI: -75 [da:25:51:ea:05:6a]
RSSI: -75 [da:25:51:ea:05:6a]
RSSI: -80 [da:28:5a:f7:0a:fe]
RSSI: -75 [da:25:51:ea:05:6a]
RSSI: -77 [da:25:51:f7:05:9a]
RSSI: -76 [da:25:51:f7:05:9a]
RSSI: -82 [da:28:5b:05:0b:2e]
RSSI: -75 [da:25:52:03:05:ba]
RSSI: -90 [da:2a:f5:bb:0b:0c]
RSSI: -77 [da:25:52:11:05:da]
RSSI: -91 [da:2a:f5:c7:0b:3c]
RSSI: -82 [da:28:5b:20:0b:6e]
RSSI: -85 [da:28:5b:20:0b:6e]
RSSI: -78 [da:25:52:1e:06:0a]
RSSI: -81 [da:25:52:1e:06:0a]
RSSI: -82 [da:28:5b:2f:0b:9e]
RSSI: -83 [da:28:5b:3d:0b:ce]
RSSI: -83 [da:28:5b:3d:0b:ce]
RSSI: -81 [da:25:52:38:06:4a]
RSSI: -80 [da:28:5b:49:0b:ee]
RSSI: -89 [da:2a:f5:f3:0b:bc]
RSSI: -79 [da:28:5b:49:0b:ee]
RSSI: -77 [da:28:5b:58:0c:1e]
RSSI: -76 [da:28:5b:66:0c:3e]
RSSI: -86 [da:2a:f6:12:0c:2c]
RSSI: -89 [da:25:52:5f:06:ca]
RSSI: -76 [da:28:5b:73:0c:5e]
RSSI: -75 [da:28:5b:81:0c:8e]
RSSI: -75 [da:28:5b:81:0c:8e]
RSSI: -73 [da:28:5b:8f:0c:be]
RSSI: -74 [da:28:5b:8f:0c:be]
RSSI: -74 [da:28:5b:9c:0c:de]
RSSI: -72 [da:28:5b:9c:0c:de]
RSSI: -87 [da:25:52:94:07:5a]
RSSI: -74 [da:28:5b:aa:0d:0e]
RSSI: -87 [da:25:52:a1:07:7a]
RSSI: -75 [da:28:5b:aa:0d:0e]
RSSI: -89 [da:2a:f6:5b:0d:0c]
RSSI: -91 [da:2a:f6:5b:0d:0c]
RSSI: -73 [da:28:5b:b9:0d:2e]
RSSI: -85 [da:25:52:ae:07:9a]
RSSI: -90 [da:2a:f6:6a:0d:3c]
RSSI: -85 [da:25:52:bb:07:ca]
RSSI: -72 [da:28:5b:c5:0d:5e]
RSSI: -84 [da:25:52:bb:07:ca]
RSSI: -74 [da:28:5b:d4:0d:7e]
RSSI: -74 [da:28:5b:d4:0d:7e]
RSSI: -87 [da:25:52:d5:08:1a]
RSSI: -73 [da:28:5b:e2:0d:ae]
RSSI: -86 [da:25:52:d5:08:1a]
RSSI: -74 [da:28:5b:e2:0d:ae]
RSSI: -87 [da:25:52:d5:08:1a]
RSSI: -73 [da:28:5b:ee:0d:ce]
RSSI: -74 [da:28:5b:ee:0d:ce]
RSSI: -85 [da:25:52:ef:08:5a]
RSSI: -74 [da:28:5b:fd:0d:fe]
RSSI: -88 [da:25:52:ef:08:5a]
RSSI: -74 [da:28:5b:fd:0d:fe]
RSSI: -87 [da:25:52:fd:08:7a]
RSSI: -75 [da:28:5c:0b:0e:1e]
RSSI: -85 [da:25:52:fd:08:7a]
RSSI: -75 [da:28:5c:0b:0e:1e]
RSSI: -88 [da:23:6f:04:00:9b]
RSSI: -87 [da:25:53:0a:08:aa]
RSSI: -74 [da:28:5c:18:0e:3e]
RSSI: -89 [da:23:6f:10:00:bb]
RSSI: -76 [da:28:5c:26:0e:6e]
RSSI: -91 [da:2a:f6:cf:0e:7c]
RSSI: -86 [da:25:53:17:08:ca]
RSSI: -76 [da:28:5c:26:0e:6e]
RSSI: -92 [da:23:6f:2a:01:0b]
RSSI: -78 [da:28:5c:34:0e:9e]
RSSI: -90 [da:2a:f6:de:0e:ac]
RSSI: -76 [da:28:5c:41:0e:be]
RSSI: -85 [da:25:53:31:09:1a]
RSSI: -77 [da:28:5c:41:0e:be]
RSSI: -88 [da:23:6f:37:01:3b]
RSSI: -81 [da:28:5c:41:0e:be]
RSSI: -78 [da:28:5c:50:0e:de]
RSSI: -84 [da:25:53:3e:09:3a]
RSSI: -81 [da:28:5c:5e:0f:0e]
RSSI: -86 [da:25:53:51:09:6a]
RSSI: -81 [da:28:5c:5e:0f:0e]
RSSI: -86 [da:25:53:51:09:6a]
RSSI: -83 [da:28:5c:6a:0f:2e]
RSSI: -89 [da:23:6f:5e:01:ab]
RSSI: -87 [da:25:53:61:09:9a]
RSSI: -83 [da:28:5c:6a:0f:2e]
RSSI: -85 [da:25:53:6e:09:ba]
RSSI: -84 [da:28:5c:79:0f:5e]
RSSI: -88 [da:25:53:6e:09:ba]
RSSI: -90 [da:23:6f:78:01:fb]
RSSI: -87 [da:25:53:7b:09:ea]
RSSI: -89 [da:2a:f7:36:0f:bc]
RSSI: -89 [da:25:53:88:0a:0a]
RSSI: -87 [da:25:53:88:0a:0a]
RSSI: -91 [da:2a:f7:46:0f:fc]
RSSI: -87 [da:25:53:95:0a:3a]
RSSI: -86 [da:28:5c:a2:0f:de]
RSSI: -88 [da:25:53:95:0a:3a]
RSSI: -92 [da:2a:f7:52:10:1c]
RSSI: -86 [da:28:5c:b0:0f:fe]
RSSI: -88 [da:25:53:b0:0a:7a]
RSSI: -89 [da:25:53:bc:0a:aa]
RSSI: -86 [da:2a:f7:72:10:7c]
RSSI: -90 [da:25:53:d7:0a:fa]
RSSI: -87 [da:25:53:d7:0a:fa]
RSSI: -88 [da:25:53:e4:0b:1a]
RSSI: -89 [da:28:5c:f5:10:ce]
RSSI: -85 [da:2a:f7:9e:11:0c]
RSSI: -87 [da:28:5d:03:10:fe]
RSSI: -88 [da:25:53:f1:0b:3a]
RSSI: -84 [da:2a:f7:aa:11:3c]
RSSI: -89 [da:28:5d:03:10:fe]
RSSI: -84 [da:2a:f7:aa:11:3c]
RSSI: -90 [da:28:5d:03:10:fe]
RSSI: -88 [da:25:54:0b:0b:8a]
RSSI: -84 [da:2a:f7:ba:11:6c]
RSSI: -88 [da:25:54:0b:0b:8a]
RSSI: -88 [da:2a:f7:ca:11:9c]
RSSI: -87 [da:25:54:19:0b:ba]
RSSI: -87 [da:25:54:26:0b:da]
RSSI: -89 [da:25:54:40:0c:2a]
RSSI: -92 [da:28:5d:48:11:be]
RSSI: -93 [da:2a:f7:f6:12:2c]
RSSI: -88 [da:25:54:40:0c:2a]
RSSI: -88 [da:2a:f8:12:12:7c]
RSSI: -85 [da:2a:f8:22:12:ac]
RSSI: -82 [da:2a:f8:22:12:ac]
RSSI: -81 [da:2a:f8:22:12:ac]
RSSI: -83 [da:2a:f8:2f:12:dc]
RSSI: -79 [da:2a:f8:2f:12:dc]
RSSI: -80 [da:2a:f8:3e:13:0c]
RSSI: -90 [da:25:54:90:0d:0a]
RSSI: -78 [da:2a:f8:4e:13:3c]
RSSI: -78 [da:2a:f8:4e:13:3c]
RSSI: -77 [da:2a:f8:5b:13:5c]
RSSI: -79 [da:2a:f8:6a:13:8c]
RSSI: -77 [da:2a:f8:6a:13:8c]
RSSI: -78 [da:2a:f8:7a:13:bc]
RSSI: -74 [da:2a:f8:87:13:ec]
RSSI: -78 [da:2a:f8:97:14:1c]
RSSI: -74 [da:2a:f8:97:14:1c]
RSSI: -76 [da:2a:f8:a6:14:4c]
RSSI: -78 [da:2a:f8:a6:14:4c]
RSSI: -76 [da:2a:f8:b3:14:6c]
RSSI: -76 [da:2a:f8:b3:14:6c]
RSSI: -74 [da:2a:f8:c3:14:ac]
RSSI: -76 [da:2a:f8:c3:14:ac]
RSSI: -76 [da:2a:f8:d2:14:dc]
RSSI: -75 [da:2a:f8:d2:14:dc]
RSSI: -77 [da:2a:f8:df:14:fc]
RSSI: -78 [da:2a:f8:ef:15:2c]
RSSI: -82 [da:2a:f8:ef:15:2c]
RSSI: -83 [da:2a:f8:fe:15:5c]
RSSI: -80 [da:2a:f8:fe:15:5c]
RSSI: -88 [da:2a:f9:0b:15:8c]
RSSI: -91 [da:28:5e:6a:14:fe]
RSSI: -86 [da:2a:f9:1b:15:bc]
RSSI: -92 [da:2a:f9:37:16:0c]
RSSI: -81 [da:2a:f9:47:16:3c]
RSSI: -94 [da:28:5e:a2:15:9e]
RSSI: -81 [da:2a:f9:47:16:3c]
RSSI: -81 [da:2a:f9:57:16:6c]
RSSI: -83 [da:2a:f9:63:00:0c]
RSSI: -81 [da:2a:f9:63:00:0c]
RSSI: -86 [da:2a:f9:73:00:3c]
RSSI: -91 [da:28:5e:cc:16:1e]
RSSI: -91 [da:28:5e:e7:00:2e]
RSSI: -94 [da:2a:f9:90:00:8c]
RSSI: -91 [da:28:5e:e7:00:2e]
RSSI: -93 [da:2a:f9:bc:01:1c]
RSSI: -93 [da:2a:f9:e8:01:ac]
RSSI: -92 [da:25:56:51:12:1a]
RSSI: -90 [da:2a:fa:08:02:0c]
RSSI: -87 [da:2a:fa:14:02:2c]
RSSI: -88 [da:2a:fa:24:02:5c]
RSSI: -87 [da:2a:fa:6d:03:4c]
RSSI: -89 [da:2a:fa:7d:03:7c]
RSSI: -87 [da:2a:fa:7d:03:7c]
RSSI: -88 [da:25:56:d5:13:9a]
RSSI: -88 [da:25:56:e2:13:ba]
RSSI: -86 [da:25:56:f0:13:ea]
RSSI: -89 [da:25:56:fd:14:0a]
RSSI: -85 [da:25:56:fd:14:0a]
RSSI: -86 [da:25:57:0a:14:2a]
RSSI: -88 [da:25:57:0a:14:2a]
RSSI: -96 [da:28:60:25:03:be]
RSSI: -89 [da:2a:fa:d5:04:8c]
RSSI: -91 [da:28:60:34:03:de]
RSSI: -87 [da:2a:fa:e5:04:bc]
RSSI: -83 [da:2a:fa:e5:04:bc]
RSSI: -90 [da:28:60:4f:04:2e]
RSSI: -86 [da:2a:fa:f2:04:ec]
RSSI: -85 [da:25:57:40:14:ca]
RSSI: -87 [da:25:57:4c:14:ea]
RSSI: -87 [da:2a:fb:11:05:4c]
RSSI: -87 [da:25:57:5a:15:1a]
RSSI: -86 [da:2a:fb:11:05:4c]
RSSI: -90 [da:28:60:6c:04:8e]
RSSI: -87 [da:25:57:67:15:3a]
RSSI: -88 [da:25:57:67:15:3a]
RSSI: -88 [da:28:60:79:04:ae]
RSSI: -84 [da:2a:fb:1e:05:7c]
RSSI: -86 [da:25:57:74:15:5a]
RSSI: -85 [da:2a:fb:2e:05:ac]
RSSI: -89 [da:28:60:87:04:de]
RSSI: -87 [da:25:57:82:15:8a]
RSSI: -85 [da:2a:fb:2e:05:ac]
RSSI: -88 [da:28:60:87:04:de]
RSSI: -85 [da:2a:fb:3e:05:dc]
RSSI: -86 [da:25:57:8f:15:aa]
RSSI: -88 [da:28:60:a2:05:2e]
RSSI: -84 [da:2a:fb:4a:05:fc]
RSSI: -87 [da:25:57:9c:15:ca]
RSSI: -90 [da:28:60:b1:05:4e]
RSSI: -86 [da:2a:fb:5a:06:3c]
RSSI: -88 [da:25:57:aa:15:fa]
RSSI: -88 [da:28:60:cc:05:9e]
RSSI: -90 [da:2a:fb:77:06:8c]
RSSI: -88 [da:2a:fb:87:06:cc]
RSSI: -88 [da:28:60:e9:05:ee]
RSSI: -90 [da:28:60:f6:06:0e]
RSSI: -90 [da:25:58:14:01:0a]
RSSI: -90 [da:25:58:21:01:2a]
RSSI: -92 [da:28:61:2e:06:ae]
RSSI: -90 [da:28:61:4a:06:fe]
RSSI: -88 [da:2a:fb:fc:08:3c]
RSSI: -87 [da:28:61:58:07:2e]
RSSI: -89 [da:28:61:58:07:2e]
RSSI: -88 [da:2a:fc:1c:08:9c]
RSSI: -89 [da:28:61:82:07:9e]
RSSI: -89 [da:2a:fc:28:08:cc]
RSSI: -90 [da:2a:fc:28:08:cc]
RSSI: -89 [da:2a:fc:48:09:2c]
RSSI: -91 [da:2a:fc:55:09:4c]
RSSI: -89 [da:2a:fc:55:09:4c]
RSSI: -92 [da:25:58:db:03:4a]
RSSI: -84 [da:2a:fc:91:0a:1c]
RSSI: -89 [da:25:58:db:03:4a]
RSSI: -84 [da:2a:fc:91:0a:1c]
RSSI: -87 [da:25:58:e9:03:6a]
RSSI: -86 [da:25:58:f7:03:9a]
RSSI: -90 [da:25:58:f7:03:9a]
RSSI: -88 [da:25:59:03:03:ba]
RSSI: -92 [da:25:59:11:03:da]
RSSI: -92 [da:25:59:2b:04:2a]
RSSI: -90 [da:28:62:38:09:ae]
RSSI: -89 [da:2a:fc:ea:0b:2c]
RSSI: -85 [da:25:59:47:04:7a]
RSSI: -92 [da:28:62:62:0a:1e]
RSSI: -86 [da:25:59:61:04:ca]
RSSI: -85 [da:25:59:61:04:ca]
RSSI: -87 [da:25:59:6f:04:ea]
RSSI: -85 [da:25:59:97:05:6a]
RSSI: -87 [da:25:59:97:05:6a]
RSSI: -87 [da:28:62:a7:0a:ee]
RSSI: -88 [da:25:59:97:05:6a]
RSSI: -85 [da:25:59:a3:05:8a]
RSSI: -87 [da:28:62:b6:0b:1e]
RSSI: -88 [da:2a:fd:60:0c:ac]
RSSI: -86 [da:28:62:b6:0b:1e]
RSSI: -89 [da:25:59:b1:05:aa]
RSSI: -83 [da:25:59:bf:05:da]
RSSI: -86 [da:2a:fd:70:0c:dc]
RSSI: -86 [da:28:62:d1:0b:6e]
RSSI: -86 [da:25:59:cb:05:fa]
RSSI: -86 [da:25:59:d9:06:2a]
RSSI: -87 [da:28:62:ed:0b:be]
RSSI: -88 [da:25:59:f4:06:7a]
RSSI: -83 [da:28:62:fb:0b:de]
RSSI: -83 [da:28:63:0a:0c:0e]
RSSI: -79 [da:28:63:17:0c:2e]
RSSI: -80 [da:28:63:17:0c:2e]
RSSI: -85 [da:2a:fd:c9:0d:fc]
RSSI: -77 [da:28:63:25:0c:5e]
RSSI: -77 [da:28:63:25:0c:5e]
RSSI: -88 [da:2a:fd:d9:0e:2c]
RSSI: -76 [da:28:63:34:0c:8e]
RSSI: -85 [da:25:5a:29:07:0a]
RSSI: -93 [da:25:5a:29:07:0a]
RSSI: -75 [da:28:63:41:0c:ae]
RSSI: -75 [da:28:63:41:0c:ae]
RSSI: -74 [da:28:63:4f:0c:de]
RSSI: -89 [da:25:5a:44:07:5a]
RSSI: -73 [da:28:63:5e:0d:0e]
RSSI: -73 [da:28:63:5e:0d:0e]
RSSI: -83 [da:25:5a:5f:07:aa]
RSSI: -73 [da:28:63:79:0d:4e]
RSSI: -92 [da:2a:fe:22:0f:1c]
RSSI: -73 [da:28:63:88:0d:7e]
RSSI: -90 [da:25:5a:7a:07:fa]
RSSI: -72 [da:28:63:95:0d:9e]
RSSI: -73 [da:28:63:95:0d:9e]
RSSI: -72 [da:28:63:a3:0d:ce]
RSSI: -91 [da:2a:fe:4f:0f:ac]
RSSI: -73 [da:28:63:a3:0d:ce]
RSSI: -88 [da:2a:fe:4f:0f:ac]
RSSI: -73 [da:28:63:b2:0d:fe]
RSSI: -86 [da:2a:fe:5e:0f:dc]
RSSI: -73 [da:28:63:b2:0d:fe]
RSSI: -73 [da:28:63:bf:0e:1e]
RSSI: -84 [da:2a:fe:6b:0f:fc]
RSSI: -74 [da:28:63:bf:0e:1e]
RSSI: -84 [da:2a:fe:6b:0f:fc]
RSSI: -72 [da:28:63:cd:0e:3e]
RSSI: -89 [da:23:76:c2:01:0b]
RSSI: -83 [da:2a:fe:7b:10:3c]
RSSI: -74 [da:28:63:dc:0e:6e]
RSSI: -83 [da:2a:fe:7b:10:3c]
RSSI: -74 [da:28:63:dc:0e:6e]
RSSI: -73 [da:28:63:dc:0e:6e]
RSSI: -87 [da:2a:fe:8b:10:6c]
RSSI: -84 [da:2a:fe:8b:10:6c]
RSSI: -73 [da:28:63:e9:0e:8e]
RSSI: -90 [da:23:76:dd:01:5b]
RSSI: -74 [da:28:63:e9:0e:8e]
RSSI: -73 [da:28:63:f7:0e:be]
RSSI: -82 [da:2a:fe:a8:10:cc]
RSSI: -82 [da:2a:fe:a8:10:cc]
RSSI: -86 [da:2a:fe:a8:10:cc]
RSSI: -75 [da:28:64:06:0e:ee]
RSSI: -89 [da:23:76:f7:01:ab]
RSSI: -85 [da:2a:fe:b8:10:fc]
RSSI: -81 [da:2a:fe:b8:10:fc]
RSSI: -76 [da:28:64:13:0f:0e]
RSSI: -76 [da:28:64:22:0f:3e]
RSSI: -84 [da:2a:fe:c4:11:1c]
RSSI: -78 [da:28:64:22:0f:3e]
RSSI: -78 [da:28:64:22:0f:3e]
RSSI: -88 [da:23:77:1f:02:2b]
RSSI: -81 [da:2a:fe:d4:11:4c]
RSSI: -80 [da:28:64:30:0f:5e]
RSSI: -83 [da:2a:fe:d4:11:4c]
RSSI: -78 [da:28:64:30:0f:5e]
RSSI: -90 [da:23:77:2c:02:4b]
RSSI: -81 [da:2a:fe:e4:11:8c]
RSSI: -84 [da:28:64:3d:0f:8e]
RSSI: -84 [da:2a:fe:f1:11:ac]
RSSI: -83 [da:28:64:4c:0f:ae]
RSSI: -82 [da:2a:fe:f1:11:ac]
RSSI: -89 [da:23:77:47:02:9b]
RSSI: -82 [da:28:64:5a:0f:de]
RSSI: -82 [da:28:64:5a:0f:de]
RSSI: -83 [da:28:64:5a:0f:de]
RSSI: -92 [da:25:5b:51:0a:5a]
RSSI: -88 [da:2a:ff:01:11:dc]
RSSI: -83 [da:28:64:67:10:0e]
RSSI: -81 [da:28:64:67:10:0e]
RSSI: -82 [da:28:64:76:10:2e]
RSSI: -82 [da:28:64:76:10:2e]
RSSI: -82 [da:28:64:85:10:5e]
RSSI: -83 [da:28:64:85:10:5e]
RSSI: -76 [da:2a:ff:3e:12:9c]
RSSI: -83 [da:28:64:96:10:8e]
RSSI: -74 [da:2a:ff:3e:12:9c]
RSSI: -92 [da:25:5b:93:0b:1a]
RSSI: -73 [da:2a:ff:4a:12:bc]
RSSI: -80 [da:28:64:a7:10:be]
RSSI: -75 [da:2a:ff:5b:12:ec]
RSSI: -86 [da:28:64:c2:11:0e]
RSSI: -68 [da:2a:ff:6b:13:1c]
RSSI: -68 [da:2a:ff:77:13:4c]
RSSI: -86 [da:28:64:d1:11:2e]
RSSI: -87 [da:25:5b:c9:0b:ba]
RSSI: -67 [da:2a:ff:77:13:4c]
RSSI: -86 [da:28:64:d1:11:2e]
RSSI: -88 [da:25:5b:d6:0b:da]
RSSI: -67 [da:2a:ff:87:13:7c]
RSSI: -88 [da:25:5b:d6:0b:da]
RSSI: -66 [da:2a:ff:87:13:7c]
RSSI: -85 [da:28:64:ec:11:7e]
RSSI: -84 [da:28:64:ec:11:7e]
RSSI: -82 [da:28:64:ec:11:7e]
RSSI: -89 [da:25:5b:e4:0c:0a]
RSSI: -85 [da:28:64:fb:11:ae]
RSSI: -71 [da:2a:ff:a4:13:dc]
RSSI: -85 [da:28:64:fb:11:ae]
RSSI: -83 [da:28:65:0a:11:de]
RSSI: -84 [da:28:65:0a:11:de]
RSSI: -66 [da:2a:ff:b4:14:0c]
RSSI: -90 [da:25:5c:0c:0c:7a]
RSSI: -67 [da:2a:ff:c4:14:3c]
RSSI: -86 [da:25:5c:1a:0c:aa]
RSSI: -85 [da:28:65:25:12:1e]
RSSI: -68 [da:2a:ff:d1:14:6c]
RSSI: -86 [da:28:65:34:12:4e]
RSSI: -87 [da:25:5c:27:0c:ca]
RSSI: -70 [da:2a:ff:e1:14:9c]
RSSI: -68 [da:2a:ff:e1:14:9c]
RSSI: -85 [da:28:65:41:12:6e]
RSSI: -87 [da:25:5c:35:0c:fa]
RSSI: -90 [da:25:5c:42:0d:1a]
RSSI: -71 [da:2a:ff:fd:14:ec]
RSSI: -73 [da:2a:ff:fd:14:ec]
RSSI: -87 [da:28:65:5e:12:ce]
RSSI: -88 [da:28:65:6b:12:ee]
RSSI: -81 [da:2b:00:1e:15:5c]
RSSI: -90 [da:28:65:7a:13:1e]
RSSI: -83 [da:2b:00:2a:15:7c]
RSSI: -87 [da:2b:00:2a:15:7c]
RSSI: -90 [da:28:65:88:13:4e]
RSSI: -89 [da:28:65:95:13:6e]
RSSI: -82 [da:2b:00:3a:15:ac]
RSSI: -89 [da:28:65:95:13:6e]
RSSI: -83 [da:2b:00:4a:15:dc]
RSSI: -78 [da:2b:00:4a:15:dc]
RSSI: -80 [da:2b:00:57:16:0c]
RSSI: -90 [da:28:65:b3:13:be]
RSSI: -78 [da:2b:00:67:16:3c]
RSSI: -91 [da:28:65:bf:13:ee]
RSSI: -80 [da:2b:00:67:16:3c]
RSSI: -80 [da:2b:00:77:16:6c]
RSSI: -93 [da:28:65:ce:14:0e]
RSSI: -92 [da:25:5c:c8:0e:9a]
RSSI: -83 [da:2b:00:84:00:2c]
RSSI: -86 [da:2b:00:84:00:2c]
RSSI: -91 [da:2b:00:94:00:5c]
RSSI: -83 [da:2b:00:a4:00:8c]
RSSI: -80 [da:2b:00:b1:00:bc]
RSSI: -81 [da:2b:00:b1:00:bc]
RSSI: -85 [da:2b:00:c1:00:ec]
RSSI: -85 [da:2b:00:d1:01:1c]
RSSI: -86 [da:2b:00:d1:01:1c]
RSSI: -85 [da:2b:00:de:01:4c]
RSSI: -85 [da:2b:00:ee:01:7c]
RSSI: -87 [da:2b:00:fe:01:ac]
RSSI: -84 [da:2b:01:0b:01:dc]
RSSI: -84 [da:2b:01:0b:01:dc]
RSSI: -94 [da:28:66:69:15:ce]
RSSI: -84 [da:2b:01:1b:02:0c]
RSSI: -83 [da:2b:01:1b:02:0c]
RSSI: -85 [da:2b:01:2b:02:3c]
RSSI: -83 [da:2b:01:48:02:9c]
RSSI: -82 [da:2b:01:48:02:9c]
RSSI: -82 [da:2b:01:58:02:cc]
RSSI: -85 [da:2b:01:58:02:cc]
RSSI: -86 [da:2b:01:6d:03:0c]
RSSI: -88 [da:2b:01:7d:03:3c]
RSSI: -85 [da:2b:01:8d:03:6c]
RSSI: -84 [da:2b:01:9a:03:8c]
RSSI: -83 [da:2b:01:aa:03:cc]
RSSI: -87 [da:2b:01:b6:03:ec]
RSSI: -85 [da:2b:01:b6:03:ec]
RSSI: -89 [da:2b:01:e0:04:6c]
RSSI: -86 [da:2b:01:ed:04:8c]
RSSI: -83 [da:2b:01:f9:04:bc]
RSSI: -85 [da:2b:01:f9:04:bc]
RSSI: -83 [da:2b:02:06:04:dc]
RSSI: -83 [da:2b:02:06:04:dc]
RSSI: -84 [da:2b:02:13:05:0c]
RSSI: -85 [da:2b:02:20:05:2c]
RSSI: -86 [da:2b:02:20:05:2c]
RSSI: -85 [da:2b:02:2c:05:5c]
RSSI: -85 [da:2b:02:39:05:7c]
RSSI: -84 [da:2b:02:46:05:ac]
RSSI: -82 [da:2b:02:46:05:ac]
RSSI: -84 [da:2b:02:52:05:cc]
RSSI: -83 [da:2b:02:52:05:cc]
RSSI: -84 [da:2b:02:5f:05:fc]
RSSI: -85 [da:2b:02:5f:05:fc]
RSSI: -83 [da:2b:02:6c:06:1c]
RSSI: -89 [da:2b:02:6c:06:1c]
RSSI: -86 [da:2b:02:78:06:4c]
RSSI: -89 [da:2b:02:78:06:4c]
RSSI: -89 [da:2b:02:85:06:6c]
RSSI: -92 [da:25:5f:0d:15:2a]
RSSI: -91 [da:2b:02:c4:07:3c]
RSSI: -91 [da:28:68:20:04:3e]
RSSI: -88 [da:2b:02:d1:07:6c]
RSSI: -87 [da:25:5f:1b:15:5a]
RSSI: -89 [da:28:68:2f:04:5e]
RSSI: -90 [da:28:68:3b:04:8e]
RSSI: -86 [da:2b:02:eb:07:bc]
RSSI: -85 [da:2b:02:f7:07:dc]
RSSI: -93 [da:25:5f:51:15:ea]
RSSI: -88 [da:28:68:66:04:fe]
RSSI: -83 [da:2b:03:11:08:2c]
RSSI: -88 [da:25:5f:5f:16:1a]
RSSI: -88 [da:2b:03:11:08:2c]
RSSI: -89 [da:25:5f:5f:16:1a]
RSSI: -87 [da:2b:03:1e:08:5c]
RSSI: -85 [da:2b:03:1e:08:5c]
RSSI: -89 [da:28:68:84:05:5e]
RSSI: -87 [da:2b:03:2a:08:7c]
RSSI: -85 [da:2b:03:37:08:ac]
RSSI: -88 [da:28:68:90:05:7e]
RSSI: -84 [da:2b:03:37:08:ac]
RSSI: -83 [da:2b:03:44:08:dc]
RSSI: -83 [da:2b:03:44:08:dc]
RSSI: -86 [da:2b:03:44:08:dc]
RSSI: -92 [da:25:5f:95:00:7a]
RSSI: -85 [da:2b:03:50:08:fc]
RSSI: -91 [da:28:68:ae:05:ce]
RSSI: -90 [da:28:68:bb:05:ee]
RSSI: -81 [da:2b:03:6a:09:4c]
RSSI: -91 [da:28:68:bb:05:ee]
RSSI: -81 [da:2b:03:6a:09:4c]
RSSI: -86 [da:2b:03:77:09:7c]
RSSI: -85 [da:2b:03:83:09:9c]
RSSI: -81 [da:2b:03:90:09:cc]
RSSI: -85 [da:2b:03:9d:09:ec]
RSSI: -89 [da:28:68:f4:06:8e]
RSSI: -86 [da:2b:03:a9:0a:1c]
RSSI: -89 [da:28:69:03:06:be]
RSSI: -78 [da:2b:03:b6:0a:3c]
RSSI: -93 [da:25:60:10:01:da]
RSSI: -87 [da:2b:03:c3:0a:6c]
RSSI: -89 [da:28:69:1f:07:0e]
RSSI: -86 [da:2b:03:d0:0a:9c]
RSSI: -79 [da:2b:03:dd:0a:bc]
RSSI: -88 [da:28:69:3a:07:5e]
RSSI: -81 [da:2b:03:e9:0a:ec]
RSSI: -82 [da:2b:03:f6:0b:0c]
RSSI: -90 [da:28:69:4a:07:8e]
RSSI: -81 [da:2b:03:f6:0b:0c]
RSSI: -79 [da:2b:03:f6:0b:0c]
RSSI: -76 [da:2b:04:03:0b:3c]
RSSI: -78 [da:2b:04:10:0b:5c]
RSSI: -81 [da:2b:04:1c:0b:8c]
RSSI: -81 [da:2b:04:1c:0b:8c]
RSSI: -78 [da:2b:04:1c:0b:8c]
RSSI: -78 [da:2b:04:29:0b:ac]
RSSI: -80 [da:2b:04:36:0b:dc]
RSSI: -84 [da:2b:04:43:0c:0c]
RSSI: -78 [da:2b:04:4f:0c:2c]
RSSI: -91 [da:28:69:ae:08:ae]
RSSI: -82 [da:2b:04:5c:0c:5c]
RSSI: -82 [da:2b:04:69:0c:7c]
RSSI: -83 [da:2b:04:69:0c:7c]
RSSI: -91 [da:25:60:ba:03:ba]
RSSI: -89 [da:28:69:c9:08:fe]
RSSI: -78 [da:2b:04:76:0c:ac]
RSSI: -89 [da:28:69:c9:08:fe]
RSSI: -86 [da:25:60:c7:03:ea]
RSSI: -81 [da:2b:04:83:0c:cc]
RSSI: -88 [da:28:69:d8:09:1e]
RSSI: -89 [da:25:60:d5:04:0a]
RSSI: -88 [da:2b:04:8f:0c:fc]
RSSI: -82 [da:25:60:d5:04:0a]
RSSI: -87 [da:2b:04:8f:0c:fc]
RSSI: -82 [da:25:60:e3:04:3a]
RSSI: -83 [da:25:60:e3:04:3a]
RSSI: -81 [da:2b:04:9c:0d:2c]
RSSI: -79 [da:25:60:f0:04:5a]
RSSI: -81 [da:25:60:fe:04:8a]
RSSI: -86 [da:2b:04:b6:0d:7c]
RSSI: -84 [da:25:61:0c:04:aa]
RSSI: -85 [da:2b:04:c3:0d:9c]
RSSI: -84 [da:25:61:0c:04:aa]
RSSI: -89 [da:28:6a:1f:09:ee]
RSSI: -80 [da:25:61:18:04:ca]
RSSI: -80 [da:25:61:27:04:fa]
RSSI: -80 [da:25:61:27:04:fa]
RSSI: -85 [da:2b:04:e9:0e:1c]
RSSI: -81 [da:25:61:35:05:1a]
RSSI: -80 [da:25:61:41:05:3a]
RSSI: -84 [da:25:61:41:05:3a]
RSSI: -78 [da:25:61:4f:05:6a]
RSSI: -80 [da:25:61:4f:05:6a]
RSSI: -82 [da:25:61:5e:05:9a]
RSSI: -80 [da:25:61:5e:05:9a]
RSSI: -84 [da:25:61:6a:05:ba]
RSSI: -85 [da:25:61:6a:05:ba]
RSSI: -82 [da:25:61:78:05:da]
RSSI: -82 [da:2b:05:36:0f:0c]
RSSI: -79 [da:25:61:86:06:0a]
RSSI: -90 [da:25:61:93:06:2a]
RSSI: -87 [da:2b:05:4f:0f:5c]
RSSI: -80 [da:25:61:a1:06:5a]
RSSI: -80 [da:25:61:a1:06:5a]
RSSI: -83 [da:2b:05:5c:0f:8c]
RSSI: -83 [da:25:61:af:06:7a]
RSSI: -81 [da:2b:05:69:0f:ac]
RSSI: -82 [da:25:61:af:06:7a]
RSSI: -84 [da:25:61:bc:06:9a]
RSSI: -87 [da:25:61:ca:06:ca]
RSSI: -81 [da:2b:05:82:0f:fc]
RSSI: -87 [da:25:61:d8:06:ea]
RSSI: -80 [da:2b:05:8f:10:2c]
RSSI: -82 [da:2b:05:9c:10:4c]
RSSI: -86 [da:28:6a:f4:0c:4e]
RSSI: -86 [da:28:6a:f4:0c:4e]
RSSI: -84 [da:2b:05:a9:10:7c]
RSSI: -86 [da:28:6b:03:0c:7e]
RSSI: -81 [da:2b:05:b6:10:9c]
RSSI: -83 [da:28:6b:10:0c:9e]
RSSI: -80 [da:2b:05:c2:10:cc]
RSSI: -79 [da:2b:05:cf:10:ec]
RSSI: -85 [da:28:6b:2e:0c:fe]
RSSI: -91 [da:25:62:2a:07:da]
RSSI: -83 [da:28:6b:3b:0d:1e]
RSSI: -78 [da:2b:05:e9:11:3c]
RSSI: -79 [da:2b:05:e9:11:3c]
RSSI: -84 [da:28:6b:4a:0d:4e]
RSSI: -78 [da:2b:05:f6:11:6c]
RSSI: -86 [da:28:6b:59:0d:7e]
RSSI: -79 [da:2b:06:03:11:9c]
RSSI: -85 [da:28:6b:59:0d:7e]
RSSI: -86 [da:2b:06:10:11:bc]
RSSI: -87 [da:28:6b:66:0d:9e]
RSSI: -85 [da:2b:06:10:11:bc]
RSSI: -85 [da:28:6b:66:0d:9e]
RSSI: -87 [da:2b:06:29:12:0c]
RSSI: -91 [da:25:62:6e:08:9a]
RSSI: -84 [da:28:6b:84:0d:fe]
RSSI: -81 [da:2b:06:36:12:3c]
RSSI: -88 [da:28:6b:91:0e:1e]
RSSI: -88 [da:28:6b:91:0e:1e]
RSSI: -77 [da:2b:06:43:12:5c]
RSSI: -87 [da:28:6b:a0:0e:3e]
RSSI: -90 [da:25:62:97:09:1a]
RSSI: -73 [da:2b:06:50:12:8c]
RSSI: -87 [da:28:6b:af:0e:6e]
RSSI: -87 [da:28:6b:af:0e:6e]
RSSI: -74 [da:2b:06:5d:12:ac]
RSSI: -71 [da:2b:06:5d:12:ac]
RSSI: -89 [da:28:6b:bb:0e:8e]
RSSI: -87 [da:28:6b:bb:0e:8e]
RSSI: -70 [da:2b:06:6a:12:dc]
RSSI: -70 [da:2b:06:76:12:fc]
RSSI: -72 [da:2b:06:83:13:2c]
RSSI: -69 [da:2b:06:83:13:2c]
RSSI: -66 [da:2b:06:90:13:5c]
RSSI: -68 [da:2b:06:9d:13:7c]
RSSI: -71 [da:2b:06:aa:13:ac]
RSSI: -65 [da:2b:06:b7:13:cc]
RSSI: -69 [da:2b:06:c4:13:fc]
RSSI: -88 [da:28:6c:20:0f:be]
RSSI: -69 [da:2b:06:d0:14:1c]
RSSI: -65 [da:2b:06:dd:14:4c]
RSSI: -65 [da:2b:06:dd:14:4c]
RSSI: -90 [da:28:6c:3c:10:0e]
RSSI: -69 [da:2b:06:ea:14:6c]
RSSI: -88 [da:28:6c:4b:10:3e]
RSSI: -73 [da:2b:06:f7:14:9c]
RSSI: -71 [da:2b:06:f7:14:9c]
RSSI: -92 [da:25:63:49:0b:1a]
RSSI: -74 [da:2b:07:04:14:bc]
RSSI: -76 [da:2b:07:11:14:dc]
RSSI: -79 [da:2b:07:1d:15:0c]
RSSI: -76 [da:2b:07:2a:15:2c]
RSSI: -79 [da:2b:07:2a:15:2c]
RSSI: -82 [da:2b:07:37:15:5c]
RSSI: -82 [da:2b:07:44:15:7c]
RSSI: -89 [da:2b:07:51:15:ac]
RSSI: -88 [da:28:6c:b0:11:5e]
RSSI: -89 [da:28:6c:bd:11:7e]
RSSI: -84 [da:2b:07:6b:15:fc]
RSSI: -79 [da:2b:07:6b:15:fc]
RSSI: -86 [da:28:6c:cc:11:ae]
RSSI: -76 [da:2b:07:78:16:1c]
RSSI: -85 [da:28:6c:cc:11:ae]
RSSI: -84 [da:2b:07:78:16:1c]
RSSI: -84 [da:2b:07:85:16:4c]
RSSI: -85 [da:2b:07:85:16:4c]
RSSI: -84 [da:2b:07:91:16:6c]
RSSI: -86 [da:2b:07:9e:00:0c]
RSSI: -88 [da:2b:07:ab:00:2c]
RSSI: -85 [da:2b:07:ab:00:2c]
RSSI: -89 [da:28:6d:06:12:5e]
RSSI: -87 [da:2b:07:b8:00:5c]
RSSI: -82 [da:2b:07:c5:00:7c]
RSSI: -85 [da:2b:07:d2:00:ac]
RSSI: -82 [da:2b:07:d2:00:ac]
RSSI: -88 [da:2b:07:de:00:cc]
RSSI: -84 [da:2b:07:ec:00:fc]
RSSI: -87 [da:2b:07:f9:01:1c]
RSSI: -83 [da:2b:07:f9:01:1c]
RSSI: -89 [da:2b:08:05:01:4c]
RSSI: -88 [da:2b:08:05:01:4c]
RSSI: -88 [da:2b:08:05:01:4c]
RSSI: -83 [da:2b:08:12:01:6c]
RSSI: -88 [da:2b:08:12:01:6c]
RSSI: -86 [da:2b:08:1f:01:9c]
RSSI: -91 [da:28:6d:78:13:9e]
RSSI: -86 [da:2b:08:2c:01:bc]
RSSI: -86 [da:2b:08:2c:01:bc]
RSSI: -86 [da:2b:08:2c:01:bc]
RSSI: -84 [da:2b:08:46:02:0c]
RSSI: -84 [da:2b:08:46:02:0c]
RSSI: -84 [da:2b:08:53:02:3c]
RSSI: -80 [da:2b:08:60:02:5c]
RSSI: -80 [da:2b:08:6d:02:8c]
RSSI: -85 [da:2b:08:79:02:ac]
RSSI: -83 [da:2b:08:79:02:ac]
RSSI: -88 [da:2b:08:86:02:dc]
RSSI: -82 [da:2b:08:93:03:0c]
RSSI: -88 [da:2b:08:a0:03:2c]
RSSI: -88 [da:2b:08:ad:03:5c]
RSSI: -91 [da:28:6e:08:15:3e]
RSSI: -83 [da:2b:08:ba:03:7c]
RSSI: -83 [da:2b:08:ba:03:7c]
RSSI: -89 [da:2b:08:c7:03:ac]
RSSI: -90 [da:28:6e:15:15:5e]
RSSI: -84 [da:2b:08:c7:03:ac]
RSSI: -92 [da:28:6e:33:15:ae]
RSSI: -86 [da:2b:08:e1:03:fc]
RSSI: -90 [da:28:6e:5e:16:2e]
RSSI: -82 [da:2b:09:08:04:6c]
RSSI: -82 [da:2b:09:08:04:6c]
RSSI: -85 [da:2b:09:14:04:9c]
RSSI: -83 [da:2b:09:14:04:9c]
RSSI: -84 [da:2b:09:21:04:bc]
RSSI: -86 [da:2b:09:2e:04:ec]
RSSI: -86 [da:2b:09:3b:05:0c]
RSSI: -85 [da:2b:09:3b:05:0c]
RSSI: -88 [da:2b:09:48:05:3c]
RSSI: -80 [da:2b:09:55:05:6c]
RSSI: -89 [da:25:65:a5:11:ea]
RSSI: -83 [da:2b:09:62:05:8c]
RSSI: -85 [da:2b:09:6f:05:bc]
RSSI: -84 [da:2b:09:7c:05:dc]
RSSI: -88 [da:25:65:ce:12:6a]
RSSI: -87 [da:2b:09:89:06:0c]
RSSI: -91 [da:25:65:e9:12:aa]
RSSI: -94 [da:25:65:f8:12:da]
RSSI: -88 [da:2b:09:ca:06:dc]
RSSI: -91 [da:2b:09:e4:07:2c]
RSSI: -93 [da:25:66:2f:13:7a]
RSSI: -83 [da:2b:09:f1:07:5c]
RSSI: -87 [da:2b:09:f1:07:5c]
RSSI: -90 [da:25:66:3c:13:9a]
RSSI: -86 [da:2b:09:fd:07:7c]
RSSI: -84 [da:2b:09:fd:07:7c]
RSSI: -89 [da:25:66:4a:13:ca]
RSSI: -79 [da:2b:0a:18:07:cc]
RSSI: -92 [da:28:6f:6e:02:ee]
RSSI: -82 [da:2b:0a:18:07:cc]
RSSI: -90 [da:25:66:65:14:1a]
RSSI: -81 [da:2b:0a:24:07:fc]
RSSI: -79 [da:2b:0a:24:07:fc]
RSSI: -89 [da:25:66:74:14:3a]
RSSI: -81 [da:2b:0a:32:08:2c]
RSSI: -82 [da:2b:0a:32:08:2c]
RSSI: -78 [da:2b:0a:3f:08:4c]
RSSI: -81 [da:2b:0a:3f:08:4c]
RSSI: -88 [da:25:66:8f:14:8a]
RSSI: -80 [da:2b:0a:4b:08:7c]
RSSI: -80 [da:2b:0a:59:08:9c]
RSSI: -80 [da:2b:0a:59:08:9c]
RSSI: -78 [da:2b:0a:66:08:cc]
RSSI: -83 [da:2b:0a:66:08:cc]
RSSI: -89 [da:25:66:b8:14:fa]
RSSI: -80 [da:2b:0a:72:08:ec]
RSSI: -79 [da:2b:0a:72:08:ec]
RSSI: -83 [da:2b:0a:80:09:1c]
RSSI: -78 [da:2b:0a:8d:09:4c]
RSSI: -92 [da:28:6f:e3:04:2e]
RSSI: -88 [da:2b:0a:8d:09:4c]
RSSI: -89 [da:25:66:e2:15:7a]
RSSI: -90 [da:28:6f:f0:04:4e]
RSSI: -88 [da:25:66:e2:15:7a]
RSSI: -79 [da:2b:0a:99:09:6c]
RSSI: -86 [da:2b:0a:c0:09:ec]
RSSI: -89 [da:28:70:1b:04:ce]
RSSI: -82 [da:2b:0a:c0:09:ec]
RSSI: -89 [da:25:67:19:16:1a]
RSSI: -87 [da:2b:0a:ce:0a:0c]
RSSI: -89 [da:28:70:2a:04:fe]
RSSI: -86 [da:25:67:28:16:3a]
RSSI: -90 [da:28:70:3a:05:2e]
RSSI: -83 [da:2b:0a:e7:0a:6c]
RSSI: -88 [da:25:67:34:00:2a]
RSSI: -86 [da:25:67:34:00:2a]
RSSI: -89 [da:28:70:46:05:4e]
RSSI: -87 [da:2b:0a:f5:0a:8c]
RSSI: -88 [da:25:67:43:00:4a]
RSSI: -86 [da:2b:0a:f5:0a:8c]
RSSI: -90 [da:25:67:51:00:7a]
RSSI: -84 [da:2b:0b:02:0a:bc]
RSSI: -89 [da:28:70:56:05:7e]
RSSI: -81 [da:2b:0b:0e:0a:dc]
RSSI: -79 [da:2b:0b:1c:0b:0c]
RSSI: -82 [da:2b:0b:29:0b:3c]
RSSI: -88 [da:25:67:7b:00:ea]
RSSI: -79 [da:2b:0b:43:0b:8c]
RSSI: -90 [da:25:67:87:01:1a]
RSSI: -87 [da:25:67:96:01:3a]
RSSI: -85 [da:2b:0b:50:0b:ac]
RSSI: -85 [da:2b:0b:50:0b:ac]
RSSI: -85 [da:2b:0b:5c:0b:dc]
RSSI: -94 [da:28:70:bb:06:9e]
RSSI: -80 [da:2b:0b:6a:0c:0c]
RSSI: -88 [da:25:67:b1:01:8a]
RSSI: -81 [da:2b:0b:77:0c:2c]
RSSI: -90 [da:25:67:bf:01:ba]
RSSI: -79 [da:2b:0b:77:0c:2c]
RSSI: -83 [da:2b:0b:83:0c:5c]
RSSI: -79 [da:2b:0b:91:0c:7c]
RSSI: -91 [da:28:70:e7:07:1e]
RSSI: -84 [da:2b:0b:9e:0c:ac]
RSSI: -81 [da:2b:0b:9e:0c:ac]
RSSI: -81 [da:2b:0b:aa:0c:dc]
RSSI: -89 [da:25:67:f7:02:5a]
RSSI: -86 [da:25:67:f7:02:5a]
RSSI: -83 [da:2b:0b:b8:0c:fc]
RSSI: -92 [da:28:71:12:07:8e]
RSSI: -85 [da:2b:0b:c5:0d:2c]
RSSI: -90 [da:28:71:1f:07:be]
RSSI: -83 [da:2b:0b:c5:0d:2c]
RSSI: -80 [da:2b:0b:d1:0d:4c]
RSSI: -90 [da:25:68:21:02:ca]
RSSI: -84 [da:2b:0b:d1:0d:4c]
RSSI: -90 [da:28:71:2e:07:de]
RSSI: -83 [da:2b:0b:df:0d:7c]
RSSI: -91 [da:28:71:3d:08:0e]
RSSI: -88 [da:25:68:3c:03:1a]
RSSI: -89 [da:2b:0b:ec:0d:ac]
RSSI: -90 [da:28:71:4a:08:2e]
RSSI: -87 [da:25:68:3c:03:1a]
RSSI: -94 [da:25:68:4b:03:4a]
RSSI: -94 [da:28:71:5a:08:5e]
RSSI: -90 [da:25:68:66:03:9a]
RSSI: -86 [da:25:68:74:03:ba]
RSSI: -88 [da:28:71:94:08:fe]
RSSI: -84 [da:25:68:8f:04:0a]
RSSI: -87 [da:28:71:a1:09:1e]
RSSI: -88 [da:2b:0c:47:0e:cc]
RSSI: -83 [da:25:68:8f:04:0a]
RSSI: -88 [da:28:71:a1:09:1e]
RSSI: -83 [da:25:68:9e:04:3a]
RSSI: -83 [da:2b:0c:54:0e:fc]
RSSI: -83 [da:25:68:9e:04:3a]
RSSI: -87 [da:28:71:b0:09:4e]
RSSI: -81 [da:25:68:aa:04:5a]
RSSI: -87 [da:28:71:c0:09:7e]
RSSI: -80 [da:25:68:b9:04:8a]
RSSI: -80 [da:25:68:b9:04:8a]
RSSI: -89 [da:28:71:cc:09:9e]
RSSI: -81 [da:2b:0c:7b:0f:6c]
RSSI: -81 [da:25:68:c7:04:aa]
RSSI: -87 [da:28:71:dc:09:ce]
RSSI: -79 [da:25:68:d4:04:ca]
RSSI: -88 [da:28:71:dc:09:ce]
RSSI: -80 [da:25:68:d4:04:ca]
RSSI: -90 [da:28:71:eb:09:fe]
RSSI: -78 [da:25:68:e3:04:fa]
RSSI: -82 [da:2b:0c:95:0f:cc]
RSSI: -78 [da:25:68:e3:04:fa]
RSSI: -78 [da:2b:0c:a2:0f:ec]
RSSI: -81 [da:25:68:f1:05:1a]
RSSI: -76 [da:25:68:f1:05:1a]
RSSI: -81 [da:2b:0c:b0:10:1c]
RSSI: -81 [da:25:68:fe:05:4a]
RSSI: -83 [da:2b:0c:bc:10:3c]
RSSI: -83 [da:2b:0c:bc:10:3c]
RSSI: -77 [da:25:69:0c:05:6a]
RSSI: -82 [da:2b:0c:ca:10:6c]
RSSI: -83 [da:2b:0c:ca:10:6c]
RSSI: -76 [da:25:69:1b:05:9a]
RSSI: -76 [da:25:69:1b:05:9a]
RSSI: -81 [da:2b:0c:d7:10:8c]
RSSI: -79 [da:25:69:27:05:ba]
RSSI: -77 [da:25:69:27:05:ba]
RSSI: -78 [da:2b:0c:e3:10:bc]
RSSI: -77 [da:2b:0c:e3:10:bc]
RSSI: -77 [da:25:69:36:05:ea]
RSSI: -77 [da:2b:0c:f1:10:dc]
RSSI: -79 [da:25:69:36:05:ea]
RSSI: -75 [da:2b:0c:fe:11:0c]
RSSI: -78 [da:25:69:44:06:0a]
RSSI: -76 [da:2b:0c:fe:11:0c]
RSSI: -77 [da:25:69:51:06:3a]
RSSI: -76 [da:2b:0d:0b:11:3c]
RSSI: -75 [da:2b:0d:0b:11:3c]
RSSI: -76 [da:2b:0d:18:11:5c]
RSSI: -79 [da:25:69:60:06:5a]
RSSI: -80 [da:2b:0d:18:11:5c]
RSSI: -78 [da:2b:0d:25:11:8c]
RSSI: -80 [da:25:69:6e:06:8a]
RSSI: -78 [da:2b:0d:25:11:8c]
RSSI: -87 [da:2b:0d:32:11:ac]
RSSI: -81 [da:25:69:7b:06:aa]
RSSI: -86 [da:2b:0d:32:11:ac]
RSSI: -82 [da:25:69:7b:06:aa]
RSSI: -88 [da:2b:0d:32:11:ac]
RSSI: -83 [da:25:69:89:06:da]
RSSI: -79 [da:2b:0d:3f:11:dc]
RSSI: -79 [da:2b:0d:4d:11:fc]
RSSI: -83 [da:2b:0d:4d:11:fc]
RSSI: -74 [da:2b:0d:59:12:2c]
RSSI: -73 [da:2b:0d:59:12:2c]
RSSI: -70 [da:2b:0d:67:12:5c]
RSSI: -90 [da:25:69:b3:07:4a]
RSSI: -69 [da:2b:0d:74:12:7c]
RSSI: -70 [da:2b:0d:74:12:7c]
RSSI: -67 [da:2b:0d:80:12:ac]
RSSI: -66 [da:2b:0d:80:12:ac]
RSSI: -87 [da:25:69:ce:07:9a]
RSSI: -85 [da:25:69:dd:07:ca]
RSSI: -66 [da:2b:0d:9b:12:fc]
RSSI: -89 [da:28:72:f6:0c:fe]
RSSI: -86 [da:25:69:eb:07:fa]
RSSI: -90 [da:28:72:f6:0c:fe]
RSSI: -63 [da:2b:0d:a8:13:1c]
RSSI: -63 [da:2b:0d:a8:13:1c]
RSSI: -87 [da:28:73:03:0d:1e]
RSSI: -86 [da:25:69:f8:08:1a]
RSSI: -87 [da:28:73:03:0d:1e]
RSSI: -64 [da:2b:0d:b5:13:4c]
RSSI: -65 [da:2b:0d:c2:13:7c]
RSSI: -62 [da:2b:0d:cf:13:9c]
RSSI: -84 [da:28:73:2e:0d:9e]
RSSI: -64 [da:2b:0d:dc:13:cc]
RSSI: -87 [da:28:73:2e:0d:9e]
RSSI: -63 [da:2b:0d:dc:13:cc]
RSSI: -85 [da:28:73:3e:0d:ce]
RSSI: -66 [da:2b:0d:ea:13:ec]
RSSI: -86 [da:28:73:4d:0d:fe]
RSSI: -64 [da:2b:0d:f6:14:1c]
RSSI: -86 [da:28:73:4d:0d:fe]
RSSI: -66 [da:2b:0e:04:14:3c]
RSSI: -65 [da:2b:0e:04:14:3c]
RSSI: -86 [da:28:73:5a:0e:1e]
RSSI: -68 [da:2b:0e:11:14:6c]
RSSI: -89 [da:28:73:69:0e:4e]
RSSI: -67 [da:2b:0e:1e:14:8c]
RSSI: -70 [da:2b:0e:1e:14:8c]
RSSI: -70 [da:2b:0e:2b:14:bc]
RSSI: -70 [da:2b:0e:2b:14:bc]
RSSI: -89 [da:25:6a:75:09:8a]
RSSI: -87 [da:28:73:85:0e:9e]
RSSI: -70 [da:2b:0e:2b:14:bc]
RSSI: -76 [da:2b:0e:39:14:ec]
RSSI: -75 [da:2b:0e:39:14:ec]
RSSI: -84 [da:2b:0e:45:15:0c]
RSSI: -82 [da:2b:0e:58:15:4c]
RSSI: -94 [da:28:73:b1:0f:1e]
RSSI: -82 [da:2b:0e:68:15:7c]
RSSI: -81 [da:2b:0e:75:15:9c]
RSSI: -75 [da:2b:0e:82:15:cc]
RSSI: -77 [da:2b:0e:8f:15:fc]
RSSI: -91 [da:25:6a:d7:0a:9a]
RSSI: -78 [da:2b:0e:9c:16:1c]
RSSI: -79 [da:2b:0e:9c:16:1c]
RSSI: -82 [da:2b:0e:a9:16:4c]
RSSI: -84 [da:2b:0e:a9:16:4c]
RSSI: -86 [da:2b:0e:b7:16:7c]
RSSI: -89 [da:2b:0e:c3:00:2c]
RSSI: -94 [da:25:6b:10:0b:3a]
RSSI: -81 [da:2b:0e:d1:00:5c]
RSSI: -89 [da:2b:0e:d1:00:5c]
RSSI: -84 [da:2b:0e:de:00:7c]
RSSI: -85 [da:2b:0e:de:00:7c]
RSSI: -94 [da:25:6b:2b:0b:8a]
RSSI: -86 [da:2b:0e:eb:00:ac]
RSSI: -85 [da:2b:0e:f8:00:cc]
RSSI: -93 [da:25:6b:46:0b:da]
RSSI: -88 [da:2b:0f:06:00:fc]
RSSI: -86 [da:2b:0f:06:00:fc]
RSSI: -86 [da:2b:0f:20:01:4c]
RSSI: -91 [da:28:74:7f:11:6e]
RSSI: -85 [da:2b:0f:2d:01:7c]
RSSI: -86 [da:2b:0f:2d:01:7c]
RSSI: -84 [da:2b:0f:3a:01:9c]
RSSI: -92 [da:28:74:8b:11:9e]
RSSI: -83 [da:2b:0f:3a:01:9c]
RSSI: -88 [da:28:74:9b:11:be]
RSSI: -83 [da:2b:0f:47:01:cc]
RSSI: -91 [da:28:74:9b:11:be]
RSSI: -87 [da:28:74:aa:11:ee]
RSSI: -85 [da:2b:0f:61:02:1c]
RSSI: -85 [da:2b:0f:61:02:1c]
RSSI: -86 [da:2b:0f:6f:02:3c]
RSSI: -84 [da:2b:0f:7c:02:6c]
RSSI: -81 [da:2b:0f:89:02:9c]
RSSI: -89 [da:28:74:e3:12:8e]
RSSI: -89 [da:28:74:e3:12:8e]
RSSI: -83 [da:2b:0f:96:02:bc]
RSSI: -85 [da:2b:0f:a4:02:ec]
RSSI: -86 [da:2b:0f:a4:02:ec]
RSSI: -90 [da:28:75:0f:13:0e]
RSSI: -86 [da:2b:0f:be:03:3c]
RSSI: -83 [da:2b:0f:cb:03:6c]
RSSI: -88 [da:28:75:1e:13:3e]
RSSI: -90 [da:28:75:2e:13:6e]
RSSI: -83 [da:2b:0f:d8:03:8c]
RSSI: -90 [da:28:75:3a:13:8e]
RSSI: -89 [da:2b:0f:f3:03:dc]
RSSI: -87 [da:2b:0f:f3:03:dc]
RSSI: -90 [da:28:75:59:13:ee]
RSSI: -88 [da:28:75:76:14:3e]
RSSI: -82 [da:2b:10:27:04:7c]
RSSI: -87 [da:28:75:85:14:5e]
RSSI: -84 [da:2b:10:34:04:ac]
RSSI: -84 [da:2b:10:34:04:ac]
RSSI: -87 [da:2b:10:42:04:cc]
RSSI: -87 [da:28:75:b1:14:de]
RSSI: -87 [da:2b:10:5c:05:1c]
RSSI: -87 [da:28:75:be:15:0e]
RSSI: -82 [da:2b:10:69:05:4c]
RSSI: -84 [da:2b:10:76:05:7c]
RSSI: -89 [da:28:75:cd:15:3e]
RSSI: -84 [da:2b:10:76:05:7c]
RSSI: -87 [da:28:75:cd:15:3e]
RSSI: -81 [da:2b:10:84:05:9c]
RSSI: -88 [da:28:75:e9:15:8e]
RSSI: -86 [da:2b:10:9e:05:ec]
RSSI: -82 [da:2b:10:ab:06:1c]
RSSI: -89 [da:2b:10:ab:06:1c]
RSSI: -91 [da:28:76:09:15:de]
RSSI: -91 [da:28:76:15:15:fe]
RSSI: -87 [da:2b:10:c5:06:6c]
RSSI: -90 [da:28:76:25:16:2e]
RSSI: -88 [da:2b:10:d3:06:9c]
RSSI: -85 [da:2b:10:d3:06:9c]
RSSI: -89 [da:28:76:35:16:5e]
RSSI: -90 [da:28:76:35:16:5e]
RSSI: -84 [da:2b:10:fa:07:1c]
RSSI: -85 [da:2b:11:08:07:4c]
RSSI: -82 [da:2b:11:22:07:9c]
RSSI: -80 [da:2b:11:30:07:cc]
RSSI: -79 [da:2b:11:3c:07:ec]
RSSI: -83 [da:2b:11:4a:08:1c]
RSSI: -81 [da:2b:11:4a:08:1c]
RSSI: -81 [da:2b:11:64:08:6c]
RSSI: -83 [da:2b:11:72:08:9c]
RSSI: -94 [da:25:6d:bc:12:fa]
RSSI: -82 [da:2b:11:72:08:9c]
RSSI: -81 [da:2b:11:7f:08:cc]
RSSI: -81 [da:2b:11:7f:08:cc]
RSSI: -83 [da:2b:11:8c:08:ec]
RSSI: -83 [da:2b:11:8c:08:ec]
RSSI: -87 [da:2b:11:99:09:1c]
RSSI: -83 [da:2b:11:a7:09:3c]
RSSI: -79 [da:2b:11:a7:09:3c]
RSSI: -90 [da:2b:11:b3:09:6c]
RSSI: -86 [da:2b:11:c1:09:9c]
RSSI: -78 [da:2b:11:ce:09:bc]
RSSI: -85 [da:2b:11:db:09:ec]
RSSI: -87 [da:2b:11:e9:0a:1c]
RSSI: -95 [da:25:6e:3b:14:6a]
RSSI: -81 [da:2b:11:f6:0a:3c]
RSSI: -89 [da:2b:12:03:0a:6c]
RSSI: -83 [da:2b:12:10:0a:9c]
RSSI: -83 [da:2b:12:10:0a:9c]
RSSI: -79 [da:2b:12:1e:0a:bc]
RSSI: -80 [da:2b:12:1e:0a:bc]
RSSI: -80 [da:2b:12:2b:0a:ec]
RSSI: -77 [da:2b:12:2b:0a:ec]
RSSI: -78 [da:2b:12:38:0b:1c]
RSSI: -78 [da:2b:12:38:0b:1c]
RSSI: -76 [da:2b:12:46:0b:3c]
RSSI: -78 [da:2b:12:46:0b:3c]
RSSI: -78 [da:2b:12:52:0b:6c]
RSSI: -76 [da:2b:12:52:0b:6c]
RSSI: -79 [da:2b:12:60:0b:9c]
RSSI: -79 [da:2b:12:60:0b:9c]
RSSI: -79 [da:2b:12:6e:0b:bc]
RSSI: -79 [da:2b:12:7a:0b:ec]
RSSI: -78 [da:2b:12:88:0c:1c]
RSSI: -93 [da:28:77:f9:04:de]
RSSI: -94 [da:25:6e:eb:00:4a]
RSSI: -75 [da:2b:12:a2:0c:6c]
RSSI: -92 [da:25:6e:f9:00:7a]
RSSI: -82 [da:2b:12:bd:0c:bc]
RSSI: -90 [da:25:6f:08:00:aa]
RSSI: -78 [da:2b:12:ca:0c:ec]
RSSI: -84 [da:2b:12:ca:0c:ec]
RSSI: -83 [da:2b:12:d8:0d:0c]
RSSI: -80 [da:2b:12:d8:0d:0c]
RSSI: -84 [da:2b:12:e5:0d:3c]
RSSI: -81 [da:2b:12:e5:0d:3c]
RSSI: -92 [da:28:78:44:05:be]
RSSI: -80 [da:2b:12:f2:0d:6c]
RSSI: -84 [da:2b:12:f2:0d:6c]
RSSI: -82 [da:2b:12:ff:0d:8c]
RSSI: -92 [da:25:6f:4e:01:6a]
RSSI: -81 [da:2b:12:ff:0d:8c]
RSSI: -90 [da:28:78:7d:06:5e]
RSSI: -91 [da:2b:13:27:0e:0c]
RSSI: -91 [da:25:6f:94:02:3a]
RSSI: -87 [da:2b:13:4f:0e:8c]
RSSI: -87 [da:2b:13:69:0e:dc]
RSSI: -88 [da:25:6f:b1:02:8a]
RSSI: -89 [da:2b:13:69:0e:dc]
RSSI: -86 [da:2b:13:77:0f:0c]
RSSI: -86 [da:2b:13:85:0f:3c]
RSSI: -85 [da:25:6f:cd:02:da]
RSSI: -82 [da:2b:13:85:0f:3c]
RSSI: -83 [da:2b:13:91:0f:5c]
RSSI: -82 [da:2b:13:91:0f:5c]
RSSI: -87 [da:25:6f:e8:03:2a]
RSSI: -79 [da:2b:13:9f:0f:8c]
RSSI: -87 [da:25:6f:e8:03:2a]
RSSI: -82 [da:2b:13:9f:0f:8c]
RSSI: -80 [da:2b:13:ad:0f:bc]
RSSI: -84 [da:25:6f:f7:03:5a]
RSSI: -78 [da:2b:13:ad:0f:bc]
RSSI: -89 [da:25:70:06:03:7a]
RSSI: -81 [da:2b:13:ba:0f:dc]
RSSI: -88 [da:25:70:13:03:aa]
RSSI: -83 [da:2b:13:c7:10:0c]
RSSI: -82 [da:2b:13:d5:10:2c]
RSSI: -87 [da:25:70:22:03:ca]
RSSI: -80 [da:2b:13:ef:10:8c]
RSSI: -83 [da:25:70:3d:04:1a]
RSSI: -79 [da:2b:13:ef:10:8c]
RSSI: -83 [da:25:70:3d:04:1a]
RSSI: -79 [da:2b:13:fd:10:ac]
RSSI: -82 [da:25:70:4c:04:4a]
RSSI: -81 [da:25:70:4c:04:4a]
RSSI: -78 [da:2b:14:09:10:dc]
RSSI: -83 [da:25:70:5b:04:7a]
RSSI: -90 [da:28:79:69:08:fe]
RSSI: -80 [da:2b:14:17:11:0c]
RSSI: -80 [da:25:70:68:04:9a]
RSSI: -79 [da:2b:14:17:11:0c]
RSSI: -90 [da:28:79:79:09:2e]
RSSI: -80 [da:25:70:68:04:9a]
RSSI: -78 [da:2b:14:25:11:2c]
RSSI: -89 [da:28:79:79:09:2e]
RSSI: -82 [da:2b:14:25:11:2c]
RSSI: -78 [da:25:70:76:04:ba]
RSSI: -81 [da:2b:14:31:11:5c]
RSSI: -77 [da:25:70:85:04:ea]
RSSI: -86 [da:2b:14:3f:11:8c]
RSSI: -76 [da:25:70:85:04:ea]
RSSI: -79 [da:25:70:92:05:0a]
RSSI: -90 [da:2b:14:4d:11:ac]
RSSI: -83 [da:2b:14:4d:11:ac]
RSSI: -76 [da:25:70:a1:05:3a]
RSSI: -76 [da:25:70:a1:05:3a]
RSSI: -91 [da:28:79:b2:09:ce]
RSSI: -85 [da:2b:14:59:11:dc]
RSSI: -76 [da:25:70:b0:05:5a]
RSSI: -78 [da:2b:14:67:12:0c]
RSSI: -76 [da:25:70:b0:05:5a]
RSSI: -76 [da:2b:14:67:12:0c]
RSSI: -75 [da:25:70:bc:05:8a]
RSSI: -74 [da:2b:14:75:12:2c]
RSSI: -76 [da:25:70:bc:05:8a]
RSSI: -90 [da:28:79:d1:0a:2e]
RSSI: -77 [da:25:70:cb:05:aa]
RSSI: -77 [da:25:70:da:05:da]
RSSI: -71 [da:2b:14:8f:12:8c]
RSSI: -77 [da:25:70:da:05:da]
RSSI: -70 [da:2b:14:9d:12:ac]
RSSI: -75 [da:25:70:e7:05:fa]
RSSI: -69 [da:2b:14:9d:12:ac]
RSSI: -90 [da:28:79:fd:0a:ae]
RSSI: -77 [da:25:70:e7:05:fa]
RSSI: -68 [da:2b:14:a9:12:dc]
RSSI: -77 [da:25:70:f6:06:2a]
RSSI: -69 [da:2b:14:a9:12:dc]
RSSI: -76 [da:25:70:f6:06:2a]
RSSI: -68 [da:2b:14:b7:12:fc]
RSSI: -77 [da:25:71:05:06:5a]
RSSI: -66 [da:2b:14:b7:12:fc]
RSSI: -77 [da:25:71:05:06:5a]
RSSI: -69 [da:2b:14:c5:13:2c]
RSSI: -77 [da:25:71:11:06:7a]
RSSI: -78 [da:25:71:11:06:7a]
RSSI: -67 [da:2b:14:c5:13:2c]
RSSI: -79 [da:25:71:11:06:7a]
RSSI: -88 [da:28:7a:2a:0b:2e]
RSSI: -66 [da:2b:14:d1:13:5c]
RSSI: -79 [da:25:71:20:06:aa]
RSSI: -68 [da:2b:14:d1:13:5c]
RSSI: -80 [da:25:71:20:06:aa]
RSSI: -67 [da:2b:14:df:13:7c]
RSSI: -78 [da:25:71:2f:06:ca]
RSSI: -66 [da:2b:14:df:13:7c]
RSSI: -78 [da:25:71:2f:06:ca]
RSSI: -68 [da:2b:14:ed:13:ac]
RSSI: -67 [da:2b:14:ed:13:ac]
RSSI: -82 [da:25:71:3c:06:fa]
RSSI: -89 [da:23:8d:42:00:ab]
RSSI: -69 [da:2b:14:fa:13:cc]
RSSI: -86 [da:25:71:4b:07:1a]
RSSI: -67 [da:2b:15:07:13:fc]
RSSI: -70 [da:2b:15:15:14:2c]
RSSI: -92 [da:23:8d:5f:00:fb]
RSSI: -68 [da:2b:15:15:14:2c]
RSSI: -88 [da:25:71:66:07:6a]
RSSI: -88 [da:25:71:66:07:6a]
RSSI: -72 [da:2b:15:22:14:4c]
RSSI: -72 [da:2b:15:22:14:4c]
RSSI: -91 [da:25:71:75:07:9a]
RSSI: -88 [da:28:7a:82:0c:1e]
RSSI: -70 [da:2b:15:2f:14:7c]
RSSI: -70 [da:2b:15:2f:14:7c]
RSSI: -86 [da:28:7a:8f:0c:4e]
RSSI: -88 [da:28:7a:8f:0c:4e]
RSSI: -86 [da:28:7a:9f:0c:7e]
RSSI: -74 [da:2b:15:4a:14:cc]
RSSI: -77 [da:2b:15:4a:14:cc]
RSSI: -82 [da:2b:15:57:14:fc]
RSSI: -80 [da:2b:15:57:14:fc]
RSSI: -85 [da:28:7a:bb:0c:ce]
RSSI: -86 [da:28:7a:bb:0c:ce]
RSSI: -84 [da:28:7a:cb:0c:fe]
RSSI: -84 [da:28:7a:db:0d:2e]
RSSI: -83 [da:2b:15:80:15:7c]
RSSI: -85 [da:28:7a:db:0d:2e]
RSSI: -90 [da:23:8d:ce:02:4b]
RSSI: -82 [da:2b:15:8d:15:9c]
RSSI: -76 [da:2b:15:8d:15:9c]
RSSI: -91 [da:25:71:d9:08:ba]
RSSI: -84 [da:28:7a:e8:0d:4e]
RSSI: -83 [da:2b:15:9a:15:cc]
RSSI: -80 [da:2b:15:9a:15:cc]
RSSI: -82 [da:2b:15:a8:15:ec]
RSSI: -83 [da:28:7b:07:0d:ae]
RSSI: -77 [da:2b:15:b5:16:1c]
RSSI: -80 [da:2b:15:c2:16:3c]
RSSI: -85 [da:28:7b:14:0d:ce]
RSSI: -81 [da:2b:15:d0:16:6c]
RSSI: -84 [da:2b:15:d0:16:6c]
RSSI: -82 [da:2b:15:de:00:0c]
RSSI: -85 [da:28:7b:34:0e:1e]
RSSI: -82 [da:2b:15:de:00:0c]
RSSI: -87 [da:2b:15:f8:00:5c]
RSSI: -91 [da:28:7b:50:0e:6e]
RSSI: -89 [da:28:7b:50:0e:6e]
RSSI: -84 [da:2b:15:f8:00:5c]
RSSI: -81 [da:2b:16:06:00:7c]
RSSI: -91 [da:28:7b:60:0e:9e]
RSSI: -82 [da:2b:16:06:00:7c]
RSSI: -81 [da:2b:16:12:00:ac]
RSSI: -83 [da:2b:16:20:00:cc]
RSSI: -84 [da:2b:16:20:00:cc]
RSSI: -85 [da:2b:16:2e:00:fc]
RSSI: -95 [da:25:72:83:0a:aa]
RSSI: -85 [da:2b:16:3b:01:2c]
RSSI: -85 [da:2b:16:48:01:4c]
RSSI: -84 [da:2b:16:56:01:7c]
RSSI: -88 [da:2b:16:63:01:ac]
RSSI: -85 [da:2b:16:63:01:ac]
RSSI: -83 [da:2b:16:71:01:cc]
RSSI: -85 [da:2b:16:7e:01:fc]
RSSI: -83 [da:2b:16:7e:01:fc]
RSSI: -84 [da:2b:16:8b:02:2c]
RSSI: -85 [da:2b:16:8b:02:2c]
RSSI: -82 [da:2b:16:99:02:4c]
RSSI: -83 [da:2b:16:a7:02:7c]
RSSI: -82 [da:2b:16:a7:02:7c]
RSSI: -85 [da:2b:16:c1:02:cc]
RSSI: -87 [da:2b:16:cf:02:fc]
RSSI: -88 [da:2b:16:cf:02:fc]
RSSI: -88 [da:2b:16:db:03:1c]
RSSI: -87 [da:2b:16:db:03:1c]
RSSI: -86 [da:2b:16:db:03:1c]
RSSI: -84 [da:2b:16:e9:03:4c]
RSSI: -85 [da:2b:16:f7:03:7c]
RSSI: -90 [da:28:7c:5a:11:7e]
RSSI: -91 [da:2b:17:2c:04:1c]
RSSI: -86 [da:2b:17:2c:04:1c]
RSSI: -82 [da:2b:17:48:04:7c]
RSSI: -82 [da:2b:17:48:04:7c]
RSSI: -83 [da:2b:17:54:04:9c]
RSSI: -91 [da:28:7c:c3:12:ae]
RSSI: -93 [da:28:7c:c3:12:ae]
RSSI: -86 [da:2b:17:8b:05:4c]
RSSI: -82 [da:2b:17:8b:05:4c]
RSSI: -81 [da:2b:17:98:05:7c]
RSSI: -82 [da:2b:17:a5:05:9c]
RSSI: -91 [da:25:74:10:0f:2a]
RSSI: -91 [da:25:74:1f:0f:4a]
RSSI: -93 [da:28:7d:39:13:fe]
RSSI: -85 [da:2b:17:f6:06:9c]
RSSI: -86 [da:2b:17:f6:06:9c]
RSSI: -93 [da:28:7d:55:14:4e]
RSSI: -86 [da:2b:18:04:06:cc]
RSSI: -91 [da:28:7d:65:14:7e]
RSSI: -84 [da:2b:18:1e:07:1c]
RSSI: -92 [da:2b:18:3a:07:7c]
RSSI: -92 [da:28:7d:a2:15:2e]
RSSI: -86 [da:2b:18:46:07:9c]
RSSI: -78 [da:2b:18:54:07:cc]
RSSI: -80 [da:2b:18:62:07:fc]
RSSI: -80 [da:2b:18:62:07:fc]
RSSI: -84 [da:2b:18:6f:08:1c]
RSSI: -79 [da:2b:18:6f:08:1c]
RSSI: -80 [da:2b:18:7d:08:4c]
RSSI: -88 [da:2b:18:7d:08:4c]
RSSI: -89 [da:28:7d:db:15:ce]
RSSI: -78 [da:2b:18:8b:08:7c]
RSSI: -95 [da:25:74:da:11:6a]
RSSI: -78 [da:2b:18:97:08:9c]
RSSI: -79 [da:2b:18:a5:08:cc]
RSSI: -77 [da:2b:18:b3:08:fc]
RSSI: -82 [da:2b:18:c0:09:1c]
RSSI: -77 [da:2b:18:dc:09:7c]
RSSI: -82 [da:2b:18:e8:09:9c]
RSSI: -89 [da:2b:18:f6:09:cc]
RSSI: -82 [da:2b:18:f6:09:cc]
RSSI: -80 [da:2b:19:04:09:fc]
RSSI: -80 [da:2b:19:11:0a:2c]
RSSI: -81 [da:2b:19:11:0a:2c]
RSSI: -79 [da:2b:19:1f:0a:4c]
RSSI: -80 [da:2b:19:2d:0a:7c]
RSSI: -76 [da:2b:19:39:0a:ac]
RSSI: -79 [da:2b:19:39:0a:ac]
RSSI: -76 [da:2b:19:47:0a:cc]
RSSI: -76 [da:2b:19:47:0a:cc]
RSSI: -83 [da:2b:19:55:0a:fc]
RSSI: -76 [da:2b:19:62:0b:2c]
RSSI: -78 [da:2b:19:70:0b:4c]
RSSI: -84 [da:2b:19:7e:0b:7c]
RSSI: -81 [da:2b:19:7e:0b:7c]
RSSI: -80 [da:2b:19:8a:0b:ac]
RSSI: -81 [da:2b:19:8a:0b:ac]
RSSI: -79 [da:2b:19:98:0b:cc]
RSSI: -79 [da:2b:19:98:0b:cc]
RSSI: -80 [da:2b:19:a6:0b:fc]
RSSI: -92 [da:25:75:f7:14:9a]
RSSI: -81 [da:2b:19:b3:0c:2c]
RSSI: -77 [da:2b:19:c1:0c:5c]
RSSI: -83 [da:2b:19:cf:0c:7c]
RSSI: -82 [da:2b:19:cf:0c:7c]
RSSI: -84 [da:2b:19:cf:0c:7c]
RSSI: -87 [da:2b:19:db:0c:ac]
RSSI: -85 [da:2b:19:db:0c:ac]
RSSI: -85 [da:2b:19:e9:0c:dc]
RSSI: -83 [da:2b:1a:04:0d:2c]
RSSI: -84 [da:2b:1a:04:0d:2c]
RSSI: -86 [da:2b:1a:12:0d:5c]
RSSI: -95 [da:25:76:78:16:0a]
RSSI: -92 [da:28:7f:9a:04:7e]
RSSI: -90 [da:25:76:93:00:2a]
RSSI: -87 [da:2b:1a:55:0e:2c]
RSSI: -91 [da:28:7f:aa:04:ae]
RSSI: -84 [da:2b:1a:63:0e:5c]
RSSI: -84 [da:2b:1a:71:0e:8c]
RSSI: -83 [da:2b:1a:7e:0e:ac]
RSSI: -80 [da:2b:1a:7e:0e:ac]
RSSI: -83 [da:2b:1a:8c:0e:dc]
RSSI: -82 [da:2b:1a:8c:0e:dc]
RSSI: -81 [da:2b:1a:9a:0f:0c]
RSSI: -81 [da:2b:1a:9a:0f:0c]
RSSI: -79 [da:2b:1a:a6:0f:3c]
RSSI: -79 [da:2b:1a:b4:0f:5c]
RSSI: -80 [da:2b:1a:c2:0f:8c]
RSSI: -79 [da:2b:1a:cf:0f:bc]
RSSI: -79 [da:2b:1a:cf:0f:bc]
RSSI: -80 [da:2b:1a:dd:0f:ec]
RSSI: -80 [da:2b:1a:dd:0f:ec]
RSSI: -81 [da:2b:1a:dd:0f:ec]
RSSI: -81 [da:2b:1a:eb:10:0c]
RSSI: -80 [da:2b:1a:eb:10:0c]
RSSI: -82 [da:2b:1a:f8:10:3c]
RSSI: -80 [da:2b:1a:f8:10:3c]
RSSI: -78 [da:2b:1b:06:10:6c]
RSSI: -79 [da:2b:1b:06:10:6c]
RSSI: -78 [da:2b:1b:14:10:8c]
RSSI: -76 [da:2b:1b:14:10:8c]
RSSI: -91 [da:28:80:6d:06:de]
RSSI: -91 [da:25:77:5e:02:6a]
RSSI: -89 [da:28:80:7a:06:fe]
RSSI: -90 [da:28:80:7a:06:fe]
RSSI: -78 [da:2b:1b:2e:10:ec]
RSSI: -86 [da:25:77:7a:02:ba]
RSSI: -89 [da:28:80:8a:07:2e]
RSSI: -77 [da:2b:1b:3c:11:1c]
RSSI: -84 [da:25:77:96:03:0a]
RSSI: -82 [da:2b:1b:49:11:3c]
RSSI: -79 [da:2b:1b:49:11:3c]
RSSI: -82 [da:2b:1b:57:11:6c]
RSSI: -85 [da:2b:1b:65:11:9c]
RSSI: -88 [da:2b:1b:65:11:9c]
RSSI: -80 [da:2b:1b:72:11:bc]
RSSI: -87 [da:25:77:c1:03:8a]
RSSI: -79 [da:2b:1b:72:11:bc]
RSSI: -87 [da:25:77:c1:03:8a]
RSSI: -75 [da:2b:1b:80:11:ec]
RSSI: -90 [da:25:77:d0:03:aa]
RSSI: -73 [da:2b:1b:8e:12:0c]
RSSI: -76 [da:2b:1b:8e:12:0c]
RSSI: -75 [da:2b:1b:8e:12:0c]
RSSI: -85 [da:25:77:df:03:da]
RSSI: -73 [da:2b:1b:9b:12:3c]
RSSI: -72 [da:2b:1b:9b:12:3c]
RSSI: -67 [da:2b:1b:ae:12:7c]
RSSI: -89 [da:25:77:fb:04:2a]
RSSI: -68 [da:2b:1b:ae:12:7c]
RSSI: -67 [da:2b:1b:be:12:9c]
RSSI: -86 [da:25:78:0a:04:5a]
RSSI: -66 [da:2b:1b:be:12:9c]
RSSI: -83 [da:25:78:0a:04:5a]
RSSI: -90 [da:28:81:20:08:de]
RSSI: -69 [da:2b:1b:cb:12:cc]
RSSI: -82 [da:25:78:17:04:7a]
RSSI: -66 [da:2b:1b:cb:12:cc]
RSSI: -65 [da:2b:1b:d9:12:fc]
RSSI: -68 [da:2b:1b:d9:12:fc]
RSSI: -83 [da:25:78:26:04:aa]
RSSI: -65 [da:2b:1b:e7:13:1c]
RSSI: -64 [da:2b:1b:e7:13:1c]
RSSI: -82 [da:25:78:36:04:ca]
RSSI: -81 [da:25:78:42:04:fa]
RSSI: -65 [da:2b:1b:f4:13:4c]
RSSI: -81 [da:25:78:42:04:fa]
RSSI: -68 [da:2b:1c:02:13:7c]
RSSI: -82 [da:25:78:52:05:1a]
RSSI: -64 [da:2b:1c:10:13:9c]
RSSI: -65 [da:2b:1c:1c:13:cc]
RSSI: -64 [da:2b:1c:1c:13:cc]
RSSI: -82 [da:25:78:6d:05:6a]
RSSI: -68 [da:2b:1c:2a:13:fc]
RSSI: -65 [da:2b:1c:39:14:1c]
RSSI: -82 [da:25:78:7d:05:9a]
RSSI: -69 [da:2b:1c:39:14:1c]
RSSI: -82 [da:25:78:8c:05:ca]
RSSI: -68 [da:2b:1c:45:14:4c]
RSSI: -81 [da:25:78:8c:05:ca]
RSSI: -68 [da:2b:1c:45:14:4c]
RSSI: -81 [da:25:78:99:05:ea]
RSSI: -71 [da:2b:1c:53:14:7c]
RSSI: -82 [da:25:78:a8:06:1a]
RSSI: -75 [da:2b:1c:61:14:ac]
RSSI: -77 [da:2b:1c:61:14:ac]
RSSI: -84 [da:25:78:b7:06:4a]
RSSI: -77 [da:2b:1c:6e:14:cc]
RSSI: -94 [da:23:94:d5:00:cb]
RSSI: -82 [da:2b:1c:97:15:4c]
RSSI: -85 [da:25:78:e2:06:ca]
RSSI: -76 [da:2b:1c:97:15:4c]
RSSI: -83 [da:25:78:ef:06:ea]
RSSI: -73 [da:2b:1c:b3:15:9c]
RSSI: -77 [da:2b:1c:b3:15:9c]
RSSI: -74 [da:2b:1c:c0:15:cc]
RSSI: -75 [da:2b:1c:c0:15:cc]
RSSI: -79 [da:2b:1c:ce:15:fc]
RSSI: -85 [da:2b:1c:dc:16:1c]
RSSI: -90 [da:23:95:2a:01:cb]
RSSI: -83 [da:2b:1c:e9:16:4c]
RSSI: -82 [da:2b:1c:e9:16:4c]
RSSI: -88 [da:2b:1c:f7:16:7c]
RSSI: -78 [da:2b:1c:f7:16:7c]
RSSI: -87 [da:2b:1d:05:00:2c]
RSSI: -86 [da:2b:1d:05:00:2c]
RSSI: -89 [da:25:79:55:08:0a]
RSSI: -87 [da:28:82:68:0c:8e]
RSSI: -79 [da:2b:1d:11:00:5c]
RSSI: -85 [da:2b:1d:11:00:5c]
RSSI: -86 [da:28:82:75:0c:ae]
RSSI: -84 [da:2b:1d:20:00:8c]
RSSI: -85 [da:2b:1d:2e:00:ac]
RSSI: -86 [da:28:82:81:0c:de]
RSSI: -83 [da:2b:1d:2e:00:ac]
RSSI: -89 [da:25:79:80:08:8a]
RSSI: -84 [da:2b:1d:3a:00:dc]
RSSI: -87 [da:28:82:9b:0d:1e]
RSSI: -85 [da:2b:1d:57:01:2c]
RSSI: -83 [da:2b:1d:63:01:5c]
RSSI: -83 [da:2b:1d:63:01:5c]
RSSI: -90 [da:28:82:c1:0d:8e]
RSSI: -88 [da:2b:1d:72:01:8c]
RSSI: -86 [da:28:82:ce:0d:ae]
RSSI: -84 [da:2b:1d:72:01:8c]
RSSI: -83 [da:2b:1d:80:01:bc]
RSSI: -87 [da:2b:1d:80:01:bc]
RSSI: -89 [da:28:82:e7:0d:fe]
RSSI: -86 [da:2b:1d:8c:01:dc]
RSSI: -89 [da:28:82:f4:0e:1e]
RSSI: -87 [da:2b:1d:9a:02:0c]
RSSI: -82 [da:2b:1d:a9:02:3c]
RSSI: -83 [da:2b:1d:b5:02:5c]
RSSI: -92 [da:28:83:1a:0e:8e]
RSSI: -86 [da:2b:1d:c3:02:8c]
RSSI: -87 [da:2b:1d:c3:02:8c]
RSSI: -85 [da:2b:1d:d2:02:ac]
RSSI: -91 [da:2b:1d:d2:02:ac]
RSSI: -92 [da:2b:1d:de:02:dc]
RSSI: -86 [da:2b:1d:de:02:dc]
RSSI: -87 [da:2b:1d:ec:03:0c]
RSSI: -84 [da:2b:1e:07:03:5c]
RSSI: -90 [da:2b:1e:15:03:8c]
RSSI: -95 [da:2b:1e:24:03:ac]
RSSI: -95 [da:28:83:7f:0f:be]
RSSI: -82 [da:2b:1e:3e:03:fc]
RSSI: -86 [da:2b:1e:4d:04:2c]
RSSI: -84 [da:2b:1e:4d:04:2c]
RSSI: -87 [da:2b:1e:59:04:5c]
RSSI: -93 [da:28:83:b2:10:4e]
RSSI: -83 [da:2b:1e:67:04:8c]
RSSI: -90 [da:2b:1e:76:04:ac]
RSSI: -85 [da:2b:1e:82:04:dc]
RSSI: -79 [da:2b:1e:90:05:0c]
RSSI: -83 [da:2b:1e:9f:05:2c]
RSSI: -79 [da:2b:1e:9f:05:2c]
RSSI: -88 [da:2b:1e:ab:05:5c]
RSSI: -82 [da:2b:1e:ab:05:5c]
RSSI: -92 [da:28:84:0c:11:4e]
RSSI: -86 [da:2b:1e:c8:05:bc]
RSSI: -91 [da:28:84:25:11:9e]
RSSI: -83 [da:2b:1e:d4:05:dc]
RSSI: -88 [da:28:84:32:11:be]
RSSI: -89 [da:2b:1e:e3:06:0c]
RSSI: -88 [da:28:84:4b:12:0e]
RSSI: -87 [da:2b:1e:fd:06:5c]
RSSI: -92 [da:28:84:65:12:4e]
RSSI: -92 [da:2b:1f:0c:06:8c]
RSSI: -89 [da:28:84:72:12:7e]
RSSI: -92 [da:28:84:7e:12:9e]
RSSI: -80 [da:2b:1f:27:06:dc]
RSSI: -86 [da:2b:1f:35:07:0c]
RSSI: -82 [da:2b:1f:43:07:3c]
RSSI: -79 [da:2b:1f:50:07:5c]
RSSI: -87 [da:2b:1f:50:07:5c]
RSSI: -80 [da:2b:1f:5e:07:8c]
RSSI: -78 [da:2b:1f:5e:07:8c]
RSSI: -81 [da:2b:1f:6c:07:bc]
RSSI: -79 [da:2b:1f:6c:07:bc]
RSSI: -79 [da:2b:1f:6c:07:bc]
RSSI: -90 [da:28:84:cb:13:7e]
RSSI: -81 [da:2b:1f:79:07:ec]
RSSI: -81 [da:2b:1f:87:08:1c]
RSSI: -90 [da:28:84:e5:13:ce]
RSSI: -78 [da:2b:1f:95:08:3c]
RSSI: -79 [da:2b:1f:95:08:3c]
RSSI: -92 [da:28:84:f1:13:ee]
RSSI: -84 [da:2b:1f:a2:08:6c]
RSSI: -80 [da:2b:1f:a2:08:6c]
RSSI: -84 [da:2b:1f:b0:08:9c]
RSSI: -92 [da:28:85:0b:14:2e]
RSSI: -88 [da:2b:1f:b0:08:9c]
RSSI: -81 [da:2b:1f:bf:08:cc]
RSSI: -81 [da:2b:1f:bf:08:cc]
RSSI: -92 [da:28:85:24:14:7e]
RSSI: -81 [da:2b:1f:cb:08:ec]
RSSI: -95 [da:28:85:3e:14:be]
RSSI: -79 [da:2b:1f:e8:09:4c]
RSSI: -79 [da:2b:1f:e8:09:4c]
RSSI: -90 [da:28:85:4b:14:ee]
RSSI: -83 [da:2b:1f:f4:09:7c]
RSSI: -87 [da:2b:20:03:09:9c]
RSSI: -83 [da:2b:20:03:09:9c]
RSSI: -81 [da:2b:20:11:09:cc]
RSSI: -84 [da:2b:20:1e:09:fc]
RSSI: -81 [da:2b:20:1e:09:fc]
RSSI: -82 [da:2b:20:2c:0a:2c]
RSSI: -82 [da:2b:20:47:0a:7c]
RSSI: -93 [da:28:85:a5:15:de]
RSSI: -78 [da:2b:20:55:0a:ac]
RSSI: -81 [da:2b:20:64:0a:dc]
RSSI: -78 [da:2b:20:64:0a:dc]
RSSI: -76 [da:2b:20:70:0a:fc]
RSSI: -82 [da:2b:20:70:0a:fc]
RSSI: -80 [da:2b:20:7f:0b:2c]
RSSI: -76 [da:2b:20:7f:0b:2c]
RSSI: -85 [da:2b:20:8d:0b:5c]
RSSI: -83 [da:2b:20:8d:0b:5c]
RSSI: -83 [da:2b:20:99:0b:8c]
RSSI: -79 [da:2b:20:a8:0b:bc]
RSSI: -80 [da:2b:20:b6:0b:dc]
RSSI: -83 [da:2b:20:c3:0c:0c]
RSSI: -80 [da:2b:20:c3:0c:0c]
RSSI: -78 [da:2b:20:d1:0c:3c]
RSSI: -83 [da:2b:20:df:0c:6c]
RSSI: -87 [da:2b:20:ec:0c:8c]
RSSI: -84 [da:2b:20:fa:0c:bc]
RSSI: -85 [da:2b:21:09:0c:ec]
RSSI: -84 [da:2b:21:15:0d:1c]
RSSI: -85 [da:2b:21:24:0d:3c]
RSSI: -84 [da:2b:21:24:0d:3c]
RSSI: -91 [da:2b:21:5b:0d:fc]
RSSI: -87 [da:2b:21:76:0e:4c]
RSSI: -88 [da:2b:21:76:0e:4c]
RSSI: -88 [da:2b:21:85:0e:7c]
RSSI: -86 [da:2b:21:85:0e:7c]
RSSI: -86 [da:2b:21:91:0e:9c]
RSSI: -88 [da:2b:21:a0:0e:cc]
RSSI: -83 [da:2b:21:ae:0e:fc]
RSSI: -85 [da:2b:21:bb:0f:2c]
RSSI: -82 [da:2b:21:c9:0f:5c]
RSSI: -81 [da:2b:21:c9:0f:5c]
RSSI: -82 [da:2b:21:d8:0f:7c]
RSSI: -83 [da:2b:21:e4:0f:ac]
RSSI: -82 [da:2b:21:e4:0f:ac]
RSSI: -85 [da:2b:21:f3:0f:dc]
RSSI: -84 [da:2b:22:01:10:0c]
RSSI: -86 [da:2b:22:01:10:0c]
RSSI: -86 [da:2b:22:01:10:0c]
RSSI: -84 [da:2b:22:0e:10:2c]
RSSI: -80 [da:2b:22:1c:10:5c]
RSSI: -79 [da:2b:22:1c:10:5c]
RSSI: -80 [da:2b:22:2a:10:8c]
RSSI: -79 [da:2b:22:2a:10:8c]
RSSI: -77 [da:2b:22:37:10:ac]
RSSI: -81 [da:2b:22:37:10:ac]
RSSI: -80 [da:2b:22:46:10:dc]
RSSI: -79 [da:2b:22:46:10:dc]
RSSI: -85 [da:2b:22:54:11:0c]
RSSI: -92 [da:25:7e:a0:01:2a]
RSSI: -93 [da:28:87:b3:05:6e]
RSSI: -86 [da:2b:22:61:11:2c]
RSSI: -95 [da:28:87:cd:05:be]
RSSI: -80 [da:2b:22:7d:11:8c]
RSSI: -80 [da:2b:22:7d:11:8c]
RSSI: -82 [da:2b:22:8a:11:bc]
RSSI: -75 [da:2b:22:8a:11:bc]
RSSI: -73 [da:2b:22:98:11:dc]
RSSI: -75 [da:2b:22:98:11:dc]
RSSI: -72 [da:2b:22:a7:12:0c]
RSSI: -71 [da:2b:22:a7:12:0c]
RSSI: -70 [da:2b:22:b3:12:3c]
RSSI: -69 [da:2b:22:c2:12:6c]
RSSI: -68 [da:2b:22:c2:12:6c]
RSSI: -67 [da:2b:22:d0:12:9c]
RSSI: -67 [da:2b:22:dd:12:bc]
RSSI: -66 [da:2b:22:dd:12:bc]
RSSI: -92 [da:25:7f:33:02:ca]
RSSI: -66 [da:2b:22:eb:12:ec]
RSSI: -66 [da:2b:22:eb:12:ec]
RSSI: -66 [da:2b:22:fa:13:1c]
RSSI: -90 [da:28:88:4d:07:1e]
RSSI: -66 [da:2b:22:fa:13:1c]
RSSI: -66 [da:2b:23:06:13:3c]
RSSI: -66 [da:2b:23:06:13:3c]
RSSI: -67 [da:2b:23:06:13:3c]
RSSI: -85 [da:25:7f:5f:03:4a]
RSSI: -66 [da:2b:23:15:13:6c]
RSSI: -66 [da:2b:23:15:13:6c]
RSSI: -87 [da:25:7f:6c:03:7a]
RSSI: -66 [da:2b:23:30:13:cc]
RSSI: -67 [da:2b:23:30:13:cc]
RSSI: -92 [da:28:88:8e:07:de]
RSSI: -67 [da:2b:23:3e:13:fc]
RSSI: -68 [da:2b:23:3e:13:fc]
RSSI: -68 [da:2b:23:4d:14:1c]
RSSI: -69 [da:2b:23:4d:14:1c]
RSSI: -71 [da:2b:23:59:14:4c]
RSSI: -87 [da:25:7f:a7:04:1a]
RSSI: -90 [da:28:88:b5:08:4e]
RSSI: -73 [da:2b:23:68:14:7c]
RSSI: -74 [da:2b:23:76:14:9c]
RSSI: -76 [da:2b:23:76:14:9c]
RSSI: -89 [da:25:7f:c4:04:7a]
RSSI: -82 [da:2b:23:83:14:cc]
RSSI: -82 [da:2b:23:83:14:cc]
RSSI: -87 [da:25:7f:d3:04:9a]
RSSI: -90 [da:28:88:e8:08:de]
RSSI: -83 [da:2b:23:91:14:fc]
RSSI: -84 [da:25:7f:e3:04:ca]
RSSI: -84 [da:2b:23:91:14:fc]
RSSI: -85 [da:25:7f:e3:04:ca]
RSSI: -84 [da:25:7f:ef:04:ea]
RSSI: -81 [da:2b:23:ad:15:4c]
RSSI: -84 [da:25:7f:ff:05:1a]
RSSI: -74 [da:2b:23:bb:15:7c]
RSSI: -82 [da:25:80:0f:05:4a]
RSSI: -90 [da:28:89:1c:09:6e]
RSSI: -83 [da:25:80:0f:05:4a]
RSSI: -79 [da:2b:23:c9:15:9c]
RSSI: -81 [da:25:80:1b:05:6a]
RSSI: -90 [da:28:89:29:09:8e]
RSSI: -81 [da:2b:23:d6:15:cc]
RSSI: -93 [da:28:89:43:09:de]
RSSI: -83 [da:2b:23:e5:15:fc]
RSSI: -81 [da:25:80:3b:05:ca]
RSSI: -81 [da:25:80:3b:05:ca]
RSSI: -81 [da:25:80:3b:05:ca]
RSSI: -81 [da:25:80:47:05:ea]
RSSI: -86 [da:2b:24:00:16:4c]
RSSI: -81 [da:25:80:47:05:ea]
RSSI: -81 [da:25:80:57:06:1a]
RSSI: -87 [da:2b:24:0e:16:7c]
RSSI: -81 [da:25:80:67:06:4a]
RSSI: -81 [da:2b:24:1d:00:2c]
RSSI: -86 [da:23:9c:76:01:0b]
RSSI: -82 [da:25:80:73:06:6a]
RSSI: -86 [da:2b:24:29:00:5c]
RSSI: -82 [da:2b:24:29:00:5c]
RSSI: -80 [da:25:80:83:06:9a]
RSSI: -88 [da:23:9c:83:01:2b]
RSSI: -87 [da:2b:24:38:00:8c]
RSSI: -82 [da:25:80:83:06:9a]
RSSI: -86 [da:2b:24:46:00:bc]
RSSI: -81 [da:25:80:93:06:ca]
RSSI: -88 [da:23:9c:92:01:5b]
RSSI: -81 [da:25:80:93:06:ca]
RSSI: -81 [da:25:80:9f:06:ea]
RSSI: -89 [da:23:9c:ae:01:ab]
RSSI: -81 [da:25:80:af:07:1a]
RSSI: -85 [da:23:9c:be:01:db]
RSSI: -86 [da:25:80:bf:07:4a]
RSSI: -87 [da:23:9c:cd:02:0b]
RSSI: -87 [da:2b:24:7d:01:5c]
RSSI: -89 [da:2b:24:8b:01:8c]
RSSI: -86 [da:25:80:db:07:9a]
RSSI: -86 [da:23:9c:d9:02:2b]
RSSI: -88 [da:2b:24:9a:01:bc]
RSSI: -87 [da:25:80:db:07:9a]
RSSI: -88 [da:23:9c:e9:02:5b]
RSSI: -89 [da:25:80:eb:07:ca]
RSSI: -86 [da:23:9c:e9:02:5b]
RSSI: -86 [da:2b:24:b5:02:0c]
RSSI: -87 [da:23:9d:05:02:ab]
RSSI: -91 [da:28:8a:12:0c:3e]
RSSI: -85 [da:2b:24:c3:02:3c]
RSSI: -91 [da:28:8a:1f:0c:5e]
RSSI: -89 [da:28:8a:1f:0c:5e]
RSSI: -88 [da:25:81:23:08:6a]
RSSI: -86 [da:28:8a:39:0c:ae]
RSSI: -88 [da:2b:24:ed:02:bc]
RSSI: -86 [da:28:8a:53:0c:ee]
RSSI: -84 [da:2b:24:fa:02:ec]
RSSI: -86 [da:28:8a:53:0c:ee]
RSSI: -84 [da:2b:24:fa:02:ec]
RSSI: -85 [da:2b:25:08:03:0c]
RSSI: -87 [da:28:8a:6d:0d:3e]
RSSI: -90 [da:25:81:5f:09:1a]
RSSI: -88 [da:2b:25:17:03:3c]
RSSI: -85 [da:28:8a:7a:0d:5e]
RSSI: -85 [da:28:8a:87:0d:7e]
RSSI: -86 [da:28:8a:94:0d:ae]
RSSI: -86 [da:28:8a:a1:0d:ce]
RSSI: -95 [da:25:81:a7:09:ea]
RSSI: -88 [da:2b:25:5c:04:1c]
RSSI: -85 [da:2b:25:6a:04:4c]
RSSI: -86 [da:2b:25:6a:04:4c]
RSSI: -88 [da:2b:25:77:04:6c]
RSSI: -88 [da:28:8a:d5:0e:6e]
RSSI: -86 [da:2b:25:85:04:9c]
RSSI: -90 [da:28:8a:fc:0e:de]
RSSI: -92 [da:28:8b:09:0e:fe]
RSSI: -82 [da:2b:25:af:05:1c]
RSSI: -90 [da:28:8b:09:0e:fe]
RSSI: -83 [da:2b:25:be:05:4c]
RSSI: -85 [da:2b:25:ca:05:7c]
RSSI: -87 [da:2b:25:e7:05:cc]
RSSI: -87 [da:2b:26:03:06:2c]
RSSI: -87 [da:2b:26:11:06:5c]
RSSI: -88 [da:2b:26:11:06:5c]
RSSI: -86 [da:2b:26:1e:06:7c]
RSSI: -86 [da:2b:26:2c:06:ac]
RSSI: -93 [da:25:82:94:0c:9a]
RSSI: -89 [da:2b:26:48:07:0c]
RSSI: -92 [da:25:82:a4:0c:ca]
RSSI: -85 [da:2b:26:56:07:3c]
RSSI: -83 [da:2b:26:65:07:6c]
RSSI: -84 [da:2b:26:71:07:8c]
RSSI: -91 [da:25:82:c0:0d:1a]
RSSI: -84 [da:2b:26:71:07:8c]
RSSI: -83 [da:2b:26:80:07:bc]
RSSI: -86 [da:2b:26:8f:07:ec]
RSSI: -81 [da:2b:26:8f:07:ec]
RSSI: -81 [da:2b:26:8f:07:ec]
RSSI: -81 [da:2b:26:9b:08:0c]
RSSI: -80 [da:2b:26:aa:08:3c]
RSSI: -88 [da:2b:26:aa:08:3c]
RSSI: -82 [da:2b:26:b9:08:6c]
RSSI: -81 [da:2b:26:b9:08:6c]
RSSI: -93 [da:25:83:09:0d:ea]
RSSI: -94 [da:25:83:09:0d:ea]
RSSI: -83 [da:2b:26:c5:08:9c]
RSSI: -79 [da:2b:26:e2:08:fc]
RSSI: -83 [da:2b:26:ef:09:1c]
RSSI: -83 [da:2b:26:fe:09:4c]
RSSI: -93 [da:25:83:61:0e:ea]
RSSI: -88 [da:2b:27:28:09:cc]
RSSI: -93 [da:25:83:71:0f:1a]
RSSI: -88 [da:2b:27:36:09:fc]
RSSI: -86 [da:2b:27:36:09:fc]
RSSI: -88 [da:2b:27:36:09:fc]
RSSI: -82 [da:2b:27:43:0a:2c]
RSSI: -84 [da:2b:27:43:0a:2c]
RSSI: -83 [da:2b:27:52:0a:5c]
RSSI: -80 [da:2b:27:52:0a:5c]
RSSI: -80 [da:2b:27:60:0a:8c]
RSSI: -80 [da:2b:27:60:0a:8c]
RSSI: -80 [da:2b:27:6d:0a:ac]
RSSI: -78 [da:2b:27:7c:0a:dc]
RSSI: -80 [da:2b:27:7c:0a:dc]
RSSI: -80 [da:2b:27:8a:0b:0c]
RSSI: -81 [da:2b:27:97:0b:3c]
RSSI: -81 [da:2b:27:97:0b:3c]
RSSI: -82 [da:2b:27:97:0b:3c]
RSSI: -80 [da:2b:27:b4:0b:8c]
RSSI: -80 [da:2b:27:b4:0b:8c]
RSSI: -89 [da:28:8d:12:14:de]
RSSI: -81 [da:2b:27:c1:0b:bc]
RSSI: -90 [da:28:8d:2c:15:2e]
RSSI: -83 [da:2b:27:cf:0b:ec]
RSSI: -80 [da:2b:27:de:0c:1c]
RSSI: -82 [da:2b:27:de:0c:1c]
RSSI: -89 [da:28:8d:39:15:4e]
RSSI: -86 [da:2b:27:eb:0c:3c]
RSSI: -82 [da:2b:27:eb:0c:3c]
RSSI: -90 [da:28:8d:53:15:9e]
RSSI: -87 [da:2b:27:f9:0c:6c]
RSSI: -92 [da:25:84:5e:11:ba]
RSSI: -88 [da:2b:28:15:0c:cc]
RSSI: -89 [da:2b:28:15:0c:cc]
RSSI: -87 [da:2b:28:23:0c:fc]
RSSI: -85 [da:2b:28:23:0c:fc]
RSSI: -92 [da:25:84:7b:12:1a]
RSSI: -88 [da:2b:28:32:0d:2c]
RSSI: -87 [da:2b:28:86:0e:3c]
RSSI: -88 [da:2b:28:93:0e:5c]
RSSI: -84 [da:2b:28:93:0e:5c]
RSSI: -85 [da:2b:28:a2:0e:8c]
RSSI: -84 [da:2b:28:a2:0e:8c]
RSSI: -87 [da:2b:28:b0:0e:bc]
RSSI: -84 [da:2b:28:bd:0e:ec]
RSSI: -86 [da:2b:28:bd:0e:ec]
RSSI: -83 [da:2b:28:cc:0f:1c]
RSSI: -83 [da:2b:28:cc:0f:1c]
RSSI: -82 [da:2b:28:da:0f:4c]
RSSI: -83 [da:2b:28:e7:0f:6c]
RSSI: -83 [da:2b:28:f6:0f:9c]
RSSI: -84 [da:2b:28:f6:0f:9c]
RSSI: -86 [da:2b:29:04:0f:cc]
RSSI: -84 [da:2b:29:11:0f:fc]
RSSI: -82 [da:2b:29:11:0f:fc]
RSSI: -82 [da:2b:29:20:10:2c]
RSSI: -80 [da:2b:29:2f:10:5c]
RSSI: -80 [da:2b:29:2f:10:5c]
RSSI: -80 [da:2b:29:3b:10:7c]
RSSI: -78 [da:2b:29:3b:10:7c]
RSSI: -90 [da:25:85:95:15:3a]
RSSI: -78 [da:2b:29:4a:10:ac]
RSSI: -82 [da:2b:29:4a:10:ac]
RSSI: -79 [da:2b:29:59:10:dc]
RSSI: -83 [da:2b:29:65:10:fc]
RSSI: -82 [da:2b:29:65:10:fc]
RSSI: -82 [da:2b:29:8a:11:7c]
RSSI: -80 [da:2b:29:8a:11:7c]
RSSI: -82 [da:2b:29:96:11:9c]
RSSI: -76 [da:2b:29:96:11:9c]
RSSI: -74 [da:2b:29:a5:11:cc]
RSSI: -75 [da:2b:29:a5:11:cc]
RSSI: -74 [da:2b:29:b4:11:fc]
RSSI: -72 [da:2b:29:b4:11:fc]
RSSI: -96 [da:25:86:0b:00:2a]
RSSI: -72 [da:2b:29:c0:12:2c]
RSSI: -70 [da:2b:29:cf:12:4c]
RSSI: -71 [da:2b:29:cf:12:4c]
RSSI: -94 [da:25:86:27:00:8a]
RSSI: -69 [da:2b:29:de:12:7c]
RSSI: -70 [da:2b:29:eb:12:ac]
RSSI: -68 [da:2b:29:eb:12:ac]
RSSI: -91 [da:25:86:37:00:aa]
RSSI: -89 [da:25:86:47:00:da]
RSSI: -69 [da:2b:29:f9:12:dc]
RSSI: -68 [da:2b:2a:08:12:fc]
RSSI: -68 [da:2b:2a:15:13:2c]
RSSI: -91 [da:25:86:64:01:2a]
RSSI: -69 [da:2b:2a:24:13:5c]
RSSI: -68 [da:2b:2a:24:13:5c]
RSSI: -68 [da:2b:2a:24:13:5c]
RSSI: -69 [da:2b:2a:32:13:7c]
RSSI: -70 [da:2b:2a:32:13:7c]
RSSI: -91 [da:25:86:80:01:7a]
RSSI: -70 [da:2b:2a:3f:13:ac]
RSSI: -70 [da:2b:2a:3f:13:ac]
RSSI: -72 [da:2b:2a:4e:13:dc]
RSSI: -85 [da:25:86:a0:01:da]
RSSI: -73 [da:2b:2a:5d:14:0c]
RSSI: -73 [da:2b:2a:5d:14:0c]
RSSI: -91 [da:25:86:ad:01:fa]
RSSI: -74 [da:2b:2a:69:14:2c]
RSSI: -75 [da:2b:2a:69:14:2c]
RSSI: -77 [da:2b:2a:78:14:5c]
RSSI: -77 [da:2b:2a:78:14:5c]
RSSI: -82 [da:2b:2a:87:14:8c]
RSSI: -83 [da:2b:2a:87:14:8c]
RSSI: -81 [da:2b:2a:a3:14:dc]
RSSI: -87 [da:25:86:e9:02:aa]
RSSI: -85 [da:2b:2a:a3:14:dc]
RSSI: -89 [da:25:86:f9:02:da]
RSSI: -93 [da:28:90:06:06:ce]
RSSI: -86 [da:25:86:f9:02:da]
RSSI: -86 [da:2b:2a:b1:15:0c]
RSSI: -87 [da:25:87:06:02:fa]
RSSI: -81 [da:2b:2a:be:15:3c]
RSSI: -90 [da:25:87:16:03:2a]
RSSI: -83 [da:2b:2a:cd:15:6c]
RSSI: -87 [da:25:87:16:03:2a]
RSSI: -81 [da:2b:2a:dc:15:9c]
RSSI: -87 [da:25:87:26:03:5a]
RSSI: -91 [da:28:90:3b:07:6e]
RSSI: -85 [da:25:87:32:03:7a]
RSSI: -79 [da:2b:2a:e8:15:bc]
RSSI: -80 [da:2b:2a:f7:15:ec]
RSSI: -84 [da:2b:2a:f7:15:ec]
RSSI: -83 [da:2b:2b:06:16:1c]
RSSI: -85 [da:2b:2b:13:16:4c]
RSSI: -88 [da:25:87:6f:04:2a]
RSSI: -88 [da:25:87:8c:04:7a]
RSSI: -85 [da:2b:2b:4c:00:5c]
RSSI: -84 [da:2b:2b:4c:00:5c]
RSSI: -87 [da:25:87:9c:04:aa]
RSSI: -85 [da:2b:2b:4c:00:5c]
RSSI: -89 [da:25:87:ac:04:da]
RSSI: -88 [da:2b:2b:5b:00:8c]
RSSI: -90 [da:28:90:b2:08:be]
RSSI: -81 [da:25:87:ac:04:da]
RSSI: -90 [da:2b:2b:67:00:ac]
RSSI: -86 [da:25:87:b8:04:fa]
RSSI: -91 [da:2b:2b:76:00:dc]
RSSI: -89 [da:28:90:cc:08:fe]
RSSI: -83 [da:25:87:c8:05:2a]
RSSI: -87 [da:2b:2b:76:00:dc]
RSSI: -89 [da:28:90:da:09:2e]
RSSI: -85 [da:25:87:c8:05:2a]
RSSI: -89 [da:28:90:da:09:2e]
RSSI: -84 [da:25:87:c8:05:2a]
RSSI: -80 [da:25:87:d8:05:5a]
RSSI: -85 [da:2b:2b:92:01:2c]
RSSI: -91 [da:28:90:f4:09:6e]
RSSI: -84 [da:2b:2b:a1:01:5c]
RSSI: -85 [da:2b:2b:a1:01:5c]
RSSI: -82 [da:25:87:f5:05:aa]
RSSI: -92 [da:28:91:01:09:9e]
RSSI: -78 [da:25:87:f5:05:aa]
RSSI: -85 [da:2b:2b:af:01:8c]
RSSI: -79 [da:25:88:05:05:da]
RSSI: -79 [da:25:88:05:05:da]
RSSI: -85 [da:2b:2b:bc:01:bc]
RSSI: -80 [da:25:88:05:05:da]
RSSI: -84 [da:2b:2b:bc:01:bc]
RSSI: -88 [da:23:a4:11:01:2b]
RSSI: -80 [da:25:88:11:06:0a]
RSSI: -78 [da:25:88:22:06:3a]
RSSI: -84 [da:2b:2b:da:02:1c]
RSSI: -84 [da:2b:2b:da:02:1c]
RSSI: -80 [da:25:88:22:06:3a]
RSSI: -84 [da:2b:2b:da:02:1c]
RSSI: -81 [da:25:88:32:06:5a]
RSSI: -87 [da:23:a4:30:01:8b]
RSSI: -78 [da:25:88:32:06:5a]
RSSI: -80 [da:25:88:3e:06:8a]
RSSI: -87 [da:2b:2b:f5:02:6c]
RSSI: -80 [da:25:88:3e:06:8a]
RSSI: -80 [da:25:88:4e:06:ba]
RSSI: -80 [da:25:88:4e:06:ba]
RSSI: -84 [da:2b:2c:04:02:9c]
RSSI: -79 [da:25:88:5e:06:ea]
RSSI: -84 [da:2b:2c:11:02:cc]
RSSI: -80 [da:25:88:5e:06:ea]
RSSI: -88 [da:2b:2c:11:02:cc]
RSSI: -91 [da:28:91:85:0b:1e]
RSSI: -90 [da:2b:2c:2f:03:1c]
RSSI: -87 [da:23:a4:79:02:5b]
RSSI: -91 [da:2b:2c:2f:03:1c]
RSSI: -81 [da:25:88:7b:07:3a]
RSSI: -93 [da:2b:2c:3b:03:4c]
RSSI: -83 [da:25:88:8b:07:6a]
RSSI: -90 [da:23:a4:95:02:bb]
RSSI: -86 [da:2b:2c:4a:03:7c]
RSSI: -86 [da:25:88:98:07:8a]
RSSI: -81 [da:2b:2c:59:03:ac]
RSSI: -84 [da:25:88:a8:07:ba]
RSSI: -91 [da:28:91:bb:0b:ae]
RSSI: -86 [da:2b:2c:66:03:cc]
RSSI: -87 [da:25:88:b8:07:ea]
RSSI: -82 [da:2b:2c:66:03:cc]
RSSI: -86 [da:25:88:b8:07:ea]
RSSI: -82 [da:2b:2c:75:03:fc]
RSSI: -89 [da:25:88:c4:08:0a]
RSSI: -81 [da:2b:2c:75:03:fc]
RSSI: -90 [da:28:91:d5:0b:fe]
RSSI: -95 [da:23:a4:c1:03:3b]
RSSI: -89 [da:25:88:c4:08:0a]
RSSI: -84 [da:2b:2c:83:04:2c]
RSSI: -88 [da:28:91:e2:0c:2e]
RSSI: -89 [da:28:91:e2:0c:2e]
RSSI: -83 [da:2b:2c:90:04:4c]
RSSI: -84 [da:2b:2c:90:04:4c]
RSSI: -87 [da:28:91:f0:0c:4e]
RSSI: -88 [da:25:88:f1:08:8a]
RSSI: -85 [da:28:92:0a:0c:9e]
RSSI: -84 [da:28:92:17:0c:be]
RSSI: -82 [da:2b:2c:bb:04:dc]
RSSI: -84 [da:28:92:17:0c:be]
RSSI: -82 [da:2b:2c:ca:04:fc]
RSSI: -84 [da:2b:2c:ca:04:fc]
RSSI: -82 [da:28:92:32:0d:0e]
RSSI: -85 [da:28:92:32:0d:0e]
RSSI: -85 [da:2b:2c:d8:05:2c]
RSSI: -85 [da:28:92:3f:0d:3e]
RSSI: -84 [da:28:92:3f:0d:3e]
RSSI: -85 [da:28:92:4c:0d:5e]
RSSI: -85 [da:28:92:4c:0d:5e]
RSSI: -84 [da:28:92:59:0d:7e]
RSSI: -85 [da:28:92:59:0d:7e]
RSSI: -85 [da:28:92:67:0d:ae]
RSSI: -87 [da:28:92:74:0d:ce]
RSSI: -85 [da:28:92:81:0d:fe]
RSSI: -88 [da:28:92:8f:0e:1e]
RSSI: -87 [da:28:92:9b:0e:3e]
RSSI: -92 [da:2b:2d:58:06:cc]
RSSI: -89 [da:2b:2d:58:06:cc]
RSSI: -88 [da:28:92:b7:0e:8e]
RSSI: -88 [da:2b:2d:65:06:ec]
RSSI: -88 [da:2b:2d:65:06:ec]
RSSI: -90 [da:28:92:c3:0e:ae]
RSSI: -84 [da:2b:2d:74:07:1c]
RSSI: -86 [da:2b:2d:8f:07:7c]
RSSI: -84 [da:2b:2d:8f:07:7c]
RSSI: -81 [da:2b:2d:9e:07:ac]
RSSI: -81 [da:2b:2d:ad:07:dc]
RSSI: -84 [da:2b:2d:ba:07:fc]
RSSI: -86 [da:2b:2d:c9:08:2c]
RSSI: -94 [da:28:93:2e:0f:ee]
RSSI: -83 [da:2b:2d:d8:08:6c]
RSSI: -84 [da:2b:2d:e4:08:8c]
RSSI: -91 [da:2b:2d:f3:08:bc]
RSSI: -82 [da:2b:2e:02:08:ec]
RSSI: -85 [da:2b:2e:0f:09:1c]
RSSI: -85 [da:2b:2e:0f:09:1c]
RSSI: -86 [da:2b:2e:1e:09:4c]
RSSI: -82 [da:2b:2e:2d:09:7c]
RSSI: -83 [da:2b:2e:39:09:9c]
RSSI: -93 [da:28:93:a6:11:4e]
RSSI: -85 [da:2b:2e:49:09:cc]
RSSI: -85 [da:2b:2e:57:09:fc]
RSSI: -81 [da:2b:2e:57:09:fc]
RSSI: -81 [da:2b:2e:64:0a:2c]
RSSI: -81 [da:2b:2e:64:0a:2c]
RSSI: -81 [da:2b:2e:64:0a:2c]
RSSI: -77 [da:2b:2e:73:0a:5c]
RSSI: -77 [da:2b:2e:82:0a:8c]
RSSI: -77 [da:2b:2e:82:0a:8c]
RSSI: -80 [da:2b:2e:8f:0a:ac]
RSSI: -78 [da:2b:2e:8f:0a:ac]
RSSI: -90 [da:28:93:f6:12:2e]
RSSI: -74 [da:2b:2e:9e:0a:dc]
RSSI: -83 [da:2b:2e:9e:0a:dc]
RSSI: -84 [da:2b:2e:9e:0a:dc]
RSSI: -80 [da:2b:2e:ad:0b:0c]
RSSI: -77 [da:2b:2e:ad:0b:0c]
RSSI: -80 [da:2b:2e:b9:0b:3c]
RSSI: -94 [da:25:8b:0c:0e:9a]
RSSI: -81 [da:2b:2e:c8:0b:6c]
RSSI: -78 [da:2b:2e:c8:0b:6c]
RSSI: -80 [da:2b:2e:d7:0b:9c]
RSSI: -77 [da:2b:2e:e4:0b:bc]
RSSI: -79 [da:2b:2e:e4:0b:bc]
RSSI: -80 [da:2b:2e:f3:0b:ec]
RSSI: -83 [da:2b:2f:02:0c:1c]
RSSI: -83 [da:2b:2f:0f:0c:4c]
RSSI: -83 [da:2b:2f:0f:0c:4c]
RSSI: -84 [da:2b:2f:1e:0c:7c]
RSSI: -85 [da:2b:2f:2d:0c:ac]
RSSI: -82 [da:2b:2f:39:0c:cc]
RSSI: -86 [da:2b:2f:49:0c:fc]
RSSI: -95 [da:28:94:a2:14:1e]
RSSI: -85 [da:2b:2f:49:0c:fc]
RSSI: -86 [da:2b:2f:8f:0d:ec]
RSSI: -87 [da:2b:2f:9e:0e:1c]
RSSI: -84 [da:2b:2f:9e:0e:1c]
RSSI: -86 [da:2b:2f:ad:0e:3c]
RSSI: -86 [da:2b:2f:ad:0e:3c]
RSSI: -90 [da:28:95:1a:15:7e]
RSSI: -83 [da:2b:2f:c9:0e:9c]
RSSI: -83 [da:2b:2f:c9:0e:9c]
RSSI: -87 [da:2b:2f:c9:0e:9c]
RSSI: -84 [da:2b:2f:d8:0e:cc]
RSSI: -83 [da:2b:2f:e4:0e:ec]
RSSI: -82 [da:2b:2f:f4:0f:1c]
RSSI: -83 [da:2b:30:03:0f:4c]
RSSI: -83 [da:2b:30:0f:0f:7c]
RSSI: -84 [da:2b:30:0f:0f:7c]
RSSI: -83 [da:2b:30:1e:0f:ac]
RSSI: -82 [da:2b:30:2d:0f:dc]
RSSI: -79 [da:2b:30:3a:0f:fc]
RSSI: -78 [da:2b:30:49:10:2c]
RSSI: -78 [da:2b:30:49:10:2c]
RSSI: -79 [da:2b:30:58:10:5c]
RSSI: -78 [da:2b:30:58:10:5c]
RSSI: -79 [da:2b:30:65:10:8c]
RSSI: -80 [da:2b:30:65:10:8c]
RSSI: -82 [da:2b:30:74:10:bc]
RSSI: -91 [da:2b:30:83:10:ec]
RSSI: -83 [da:2b:30:90:11:0c]
RSSI: -86 [da:2b:30:9f:11:3c]
RSSI: -84 [da:2b:30:9f:11:3c]
RSSI: -77 [da:2b:30:ae:11:6c]
RSSI: -76 [da:2b:30:ae:11:6c]
RSSI: -73 [da:2b:30:bb:11:9c]
RSSI: -72 [da:2b:30:bb:11:9c]
RSSI: -73 [da:2b:30:ca:11:cc]
RSSI: -71 [da:2b:30:ca:11:cc]
RSSI: -69 [da:2b:30:d9:11:fc]
RSSI: -71 [da:2b:30:d9:11:fc]
RSSI: -70 [da:2b:30:e5:12:2c]
RSSI: -69 [da:2b:30:e5:12:2c]
RSSI: -68 [da:2b:30:f5:12:5c]
RSSI: -67 [da:2b:30:f5:12:5c]
RSSI: -68 [da:2b:31:04:12:8c]
RSSI: -69 [da:2b:31:04:12:8c]
RSSI: -67 [da:2b:31:10:12:ac]
RSSI: -68 [da:2b:31:10:12:ac]
RSSI: -67 [da:2b:31:20:12:dc]
RSSI: -66 [da:2b:31:20:12:dc]
RSSI: -66 [da:2b:31:20:12:dc]
RSSI: -67 [da:2b:31:2f:13:0c]
RSSI: -68 [da:2b:31:3b:13:3c]
RSSI: -67 [da:2b:31:3b:13:3c]
RSSI: -67 [da:2b:31:4a:13:6c]
RSSI: -69 [da:2b:31:4a:13:6c]
RSSI: -67 [da:2b:31:5a:13:8c]
RSSI: -68 [da:2b:31:5a:13:8c]
RSSI: -69 [da:2b:31:66:13:bc]
RSSI: -73 [da:2b:31:75:13:ec]
RSSI: -71 [da:2b:31:75:13:ec]
RSSI: -73 [da:2b:31:84:14:1c]
RSSI: -77 [da:2b:31:91:14:3c]
RSSI: -86 [da:2b:31:a0:14:6c]
RSSI: -88 [da:28:97:18:04:be]
RSSI: -85 [da:2b:31:cb:14:fc]
RSSI: -81 [da:2b:31:cb:14:fc]
RSSI: -89 [da:28:97:24:04:ee]
RSSI: -84 [da:2b:31:da:15:2c]
RSSI: -90 [da:25:8e:2f:01:7a]
RSSI: -79 [da:2b:31:e7:15:4c]
RSSI: -83 [da:2b:31:f6:15:7c]
RSSI: -81 [da:2b:31:f6:15:7c]
RSSI: -89 [da:2b:32:12:15:dc]
RSSI: -85 [da:2b:32:21:15:fc]
RSSI: -89 [da:25:8e:6e:02:2a]
RSSI: -84 [da:2b:32:21:15:fc]
RSSI: -87 [da:25:8e:7b:02:4a]
RSSI: -88 [da:2b:32:30:16:2c]
RSSI: -88 [da:25:8e:7b:02:4a]
RSSI: -85 [da:2b:32:4c:00:0c]
RSSI: -87 [da:2b:32:5b:00:2c]
RSSI: -86 [da:2b:32:77:00:8c]
RSSI: -84 [da:2b:32:77:00:8c]
RSSI: -87 [da:2b:32:86:00:bc]
RSSI: -82 [da:2b:32:86:00:bc]
RSSI: -92 [da:2b:32:93:00:dc]
RSSI: -86 [da:25:8e:ee:03:9a]
RSSI: -85 [da:25:8e:ee:03:9a]
RSSI: -89 [da:2b:32:a2:01:0c]
RSSI: -83 [da:2b:32:b1:01:3c]
RSSI: -91 [da:25:8f:08:03:da]
RSSI: -86 [da:25:8f:15:03:fa]
RSSI: -82 [da:2b:32:cd:01:9c]
RSSI: -81 [da:2b:32:dd:01:cc]
RSSI: -86 [da:2b:32:e9:01:ec]
RSSI: -83 [da:2b:32:e9:01:ec]
RSSI: -87 [da:25:8f:48:04:9a]
RSSI: -86 [da:2b:33:08:02:4c]
RSSI: -86 [da:25:8f:54:04:ba]
RSSI: -85 [da:25:8f:61:04:da]
RSSI: -87 [da:25:8f:61:04:da]
RSSI: -86 [da:2b:33:14:02:7c]
RSSI: -85 [da:25:8f:61:04:da]
RSSI: -89 [da:28:98:75:08:ae]
RSSI: -84 [da:2b:33:23:02:ac]
RSSI: -89 [da:28:98:83:08:de]
RSSI: -83 [da:25:8f:7b:05:2a]
RSSI: -83 [da:2b:33:33:02:dc]
RSSI: -89 [da:28:98:8f:08:fe]
RSSI: -89 [da:2b:33:33:02:dc]
RSSI: -82 [da:25:8f:88:05:4a]
RSSI: -82 [da:25:8f:88:05:4a]
RSSI: -81 [da:25:8f:88:05:4a]
RSSI: -89 [da:23:ab:8b:01:0b]
RSSI: -85 [da:2b:33:3f:02:fc]
RSSI: -88 [da:23:ab:8b:01:0b]
RSSI: -87 [da:28:98:9d:09:1e]
RSSI: -81 [da:25:8f:95:05:6a]
RSSI: -81 [da:25:8f:a1:05:9a]
RSSI: -86 [da:28:98:b8:09:6e]
RSSI: -79 [da:25:8f:ae:05:ba]
RSSI: -80 [da:25:8f:ae:05:ba]
RSSI: -86 [da:28:98:c6:09:9e]
RSSI: -89 [da:23:ab:b8:01:8b]
RSSI: -80 [da:25:8f:bb:05:da]
RSSI: -79 [da:25:8f:c8:06:0a]
RSSI: -85 [da:2b:33:7a:03:bc]
RSSI: -79 [da:25:8f:d5:06:2a]
RSSI: -84 [da:2b:33:89:03:ec]
RSSI: -79 [da:25:8f:d5:06:2a]
RSSI: -78 [da:25:8f:e2:06:4a]
RSSI: -89 [da:2b:33:96:04:0c]
RSSI: -90 [da:28:98:ee:0a:0e]
RSSI: -88 [da:2b:33:96:04:0c]
RSSI: -79 [da:25:8f:ee:06:6a]
RSSI: -79 [da:25:8f:fb:06:9a]
RSSI: -90 [da:2b:33:b4:04:6c]
RSSI: -89 [da:23:ac:05:02:7b]
RSSI: -87 [da:2b:33:b4:04:6c]
RSSI: -78 [da:25:90:08:06:ba]
RSSI: -84 [da:2b:33:c1:04:8c]
RSSI: -86 [da:2b:33:d0:04:bc]
RSSI: -90 [da:28:99:24:0a:ae]
RSSI: -86 [da:2b:33:d0:04:bc]
RSSI: -83 [da:2b:33:d0:04:bc]
RSSI: -77 [da:25:90:22:07:0a]
RSSI: -83 [da:2b:33:d0:04:bc]
RSSI: -90 [da:2b:33:df:04:ec]
RSSI: -78 [da:25:90:2f:07:2a]
RSSI: -80 [da:25:90:3b:07:4a]
RSSI: -88 [da:28:99:4d:0b:1e]
RSSI: -79 [da:25:90:48:07:6a]
RSSI: -87 [da:2b:33:fb:05:4c]
RSSI: -80 [da:25:90:55:07:9a]
RSSI: -81 [da:25:90:62:07:ba]
RSSI: -89 [da:2b:34:17:05:ac]
RSSI: -83 [da:25:90:6f:07:da]
RSSI: -89 [da:28:99:90:0b:de]
RSSI: -88 [da:28:99:90:0b:de]
RSSI: -87 [da:28:99:90:0b:de]
RSSI: -87 [da:28:99:9e:0c:0e]
RSSI: -87 [da:25:90:95:08:4a]
RSSI: -85 [da:28:99:9e:0c:0e]
RSSI: -86 [da:28:99:ab:0c:2e]
RSSI: -87 [da:28:99:ab:0c:2e]
RSSI: -86 [da:25:90:af:08:8a]
RSSI: -87 [da:28:99:b9:0c:5e]
RSSI: -85 [da:28:99:c6:0c:7e]
RSSI: -85 [da:2b:34:6d:06:bc]
RSSI: -85 [da:2b:34:7d:06:ec]
RSSI: -85 [da:28:99:d3:0c:9e]
RSSI: -87 [da:25:90:c9:08:da]
RSSI: -84 [da:2b:34:7d:06:ec]
RSSI: -82 [da:2b:34:7d:06:ec]
RSSI: -80 [da:2b:34:7d:06:ec]
RSSI: -84 [da:28:99:e1:0c:ce]
RSSI: -82 [da:2b:34:8c:07:1c]
RSSI: -83 [da:28:99:ef:0c:fe]
RSSI: -88 [da:25:90:e3:09:2a]
RSSI: -84 [da:2b:34:99:07:3c]
RSSI: -85 [da:28:99:fc:0d:1e]
RSSI: -83 [da:28:99:fc:0d:1e]
RSSI: -79 [da:2b:34:a8:07:6c]
RSSI: -83 [da:28:9a:0a:0d:3e]
RSSI: -90 [da:25:90:fc:09:6a]
RSSI: -84 [da:28:9a:0a:0d:3e]
RSSI: -85 [da:28:9a:18:0d:6e]
RSSI: -79 [da:2b:34:b7:07:9c]
RSSI: -85 [da:28:9a:18:0d:6e]
RSSI: -82 [da:2b:34:c4:07:cc]
RSSI: -86 [da:2b:34:c4:07:cc]
RSSI: -84 [da:28:9a:24:0d:8e]
RSSI: -84 [da:28:9a:24:0d:8e]
RSSI: -83 [da:28:9a:24:0d:8e]
RSSI: -83 [da:2b:34:d3:07:fc]
RSSI: -84 [da:28:9a:32:0d:be]
RSSI: -81 [da:2b:34:e2:08:2c]
RSSI: -85 [da:28:9a:40:0d:de]
RSSI: -84 [da:28:9a:40:0d:de]
RSSI: -84 [da:28:9a:4d:0d:fe]
RSSI: -84 [da:2b:34:ef:08:4c]
RSSI: -84 [da:28:9a:4d:0d:fe]
RSSI: -84 [da:28:9a:5b:0e:2e]
RSSI: -87 [da:2b:34:fe:08:7c]
RSSI: -84 [da:28:9a:5b:0e:2e]
RSSI: -87 [da:28:9a:69:0e:4e]
RSSI: -82 [da:2b:35:0e:08:bc]
RSSI: -86 [da:28:9a:75:0e:7e]
RSSI: -86 [da:2b:35:2a:09:0c]
RSSI: -86 [da:28:9a:83:0e:9e]
RSSI: -85 [da:2b:35:2a:09:0c]
RSSI: -86 [da:28:9a:83:0e:9e]
RSSI: -84 [da:2b:35:2a:09:0c]
RSSI: -83 [da:2b:35:39:09:3c]
RSSI: -89 [da:28:9a:91:0e:ce]
RSSI: -88 [da:28:9a:9e:0e:ee]
RSSI: -86 [da:2b:35:46:09:6c]
RSSI: -89 [da:28:9a:ac:0f:0e]
RSSI: -83 [da:2b:35:55:09:9c]
RSSI: -83 [da:2b:35:55:09:9c]
RSSI: -87 [da:2b:35:64:09:cc]
RSSI: -83 [da:2b:35:64:09:cc]
RSSI: -84 [da:2b:35:71:09:ec]
RSSI: -79 [da:2b:35:80:0a:2c]
RSSI: -88 [da:28:9a:e3:0f:ae]
RSSI: -88 [da:28:9a:e3:0f:ae]
RSSI: -80 [da:2b:35:90:0a:5c]
RSSI: -80 [da:2b:35:9c:0a:7c]
RSSI: -79 [da:2b:35:9c:0a:7c]
RSSI: -79 [da:2b:35:9c:0a:7c]
RSSI: -80 [da:2b:35:ac:0a:ac]
RSSI: -88 [da:28:9b:0b:10:2e]
RSSI: -79 [da:2b:35:bb:0a:dc]
RSSI: -89 [da:28:9b:18:10:4e]
RSSI: -79 [da:2b:35:c8:0b:0c]
RSSI: -81 [da:2b:35:d7:0b:3c]
RSSI: -78 [da:2b:35:d7:0b:3c]
RSSI: -80 [da:2b:35:e6:0b:6c]
RSSI: -93 [da:25:92:3f:0d:1a]
RSSI: -78 [da:2b:35:f3:0b:8c]
RSSI: -93 [da:28:9b:4f:10:fe]
RSSI: -80 [da:2b:36:02:0b:cc]
RSSI: -89 [da:28:9b:5d:11:1e]
RSSI: -78 [da:2b:36:02:0b:cc]
RSSI: -89 [da:28:9b:69:11:3e]
RSSI: -82 [da:2b:36:12:0b:fc]
RSSI: -89 [da:2b:36:1e:0c:1c]
RSSI: -88 [da:28:9b:77:11:6e]
RSSI: -90 [da:28:9b:85:11:8e]
RSSI: -83 [da:2b:36:2e:0c:4c]
RSSI: -84 [da:2b:36:2e:0c:4c]
RSSI: -90 [da:28:9b:92:11:be]
RSSI: -81 [da:2b:36:3d:0c:7c]
RSSI: -92 [da:2b:36:4a:0c:ac]
RSSI: -90 [da:28:9b:a0:11:de]
RSSI: -83 [da:2b:36:4a:0c:ac]
RSSI: -95 [da:25:92:a6:0e:4a]
RSSI: -85 [da:2b:36:75:0d:3c]
RSSI: -84 [da:2b:36:75:0d:3c]
RSSI: -85 [da:2b:36:85:0d:6c]
RSSI: -91 [da:2b:36:b0:0d:ec]
RSSI: -82 [da:2b:36:b0:0d:ec]
RSSI: -92 [da:25:93:0d:0f:6a]
RSSI: -87 [da:2b:36:bf:0e:2c]
RSSI: -87 [da:2b:36:bf:0e:2c]
RSSI: -89 [da:25:93:1a:0f:9a]
RSSI: -87 [da:2b:36:db:0e:7c]
RSSI: -95 [da:28:9c:3c:13:ae]
RSSI: -90 [da:25:93:34:0f:da]
RSSI: -84 [da:2b:36:f7:0e:dc]
RSSI: -81 [da:2b:37:07:0f:0c]
RSSI: -84 [da:2b:37:07:0f:0c]
RSSI: -86 [da:2b:37:16:0f:3c]
RSSI: -83 [da:2b:37:23:0f:5c]
RSSI: -86 [da:2b:37:23:0f:5c]
RSSI: -87 [da:2b:37:32:0f:9c]
RSSI: -82 [da:2b:37:32:0f:9c]
RSSI: -93 [da:28:9c:8e:14:8e]
RSSI: -83 [da:2b:37:32:0f:9c]
RSSI: -83 [da:2b:37:4e:0f:ec]
RSSI: -84 [da:2b:37:4e:0f:ec]
RSSI: -83 [da:2b:37:5e:10:1c]
RSSI: -85 [da:2b:37:6d:10:4c]
RSSI: -82 [da:2b:37:6d:10:4c]
RSSI: -86 [da:2b:37:7a:10:7c]
RSSI: -83 [da:2b:37:7a:10:7c]
RSSI: -88 [da:2b:37:89:10:ac]
RSSI: -87 [da:2b:37:99:10:dc]
RSSI: -86 [da:2b:37:a5:11:0c]
RSSI: -88 [da:2b:37:a5:11:0c]
RSSI: -84 [da:2b:37:ba:11:4c]
RSSI: -83 [da:2b:37:ca:11:7c]
RSSI: -79 [da:2b:37:e6:11:cc]
RSSI: -77 [da:2b:37:f6:11:fc]
RSSI: -94 [da:28:9d:4e:00:4e]
RSSI: -77 [da:2b:38:03:12:2c]
RSSI: -77 [da:2b:38:03:12:2c]
RSSI: -74 [da:2b:38:03:12:2c]
RSSI: -74 [da:2b:38:12:12:5c]
RSSI: -73 [da:2b:38:21:12:8c]
RSSI: -70 [da:2b:38:2e:12:ac]
RSSI: -70 [da:2b:38:3e:12:dc]
RSSI: -70 [da:2b:38:4d:13:0c]
RSSI: -70 [da:2b:38:4d:13:0c]
RSSI: -70 [da:2b:38:5a:13:3c]
RSSI: -69 [da:2b:38:69:13:6c]
RSSI: -71 [da:2b:38:69:13:6c]
RSSI: -71 [da:2b:38:79:13:9c]
RSSI: -71 [da:2b:38:79:13:9c]
RSSI: -70 [da:2b:38:79:13:9c]
RSSI: -73 [da:2b:38:85:13:bc]
RSSI: -74 [da:2b:38:95:13:ec]
RSSI: -76 [da:2b:38:95:13:ec]
RSSI: -75 [da:2b:38:a4:14:1c]
RSSI: -81 [da:2b:38:b1:14:4c]
RSSI: -80 [da:2b:38:b1:14:4c]
RSSI: -91 [da:2b:38:c1:14:7c]
RSSI: -89 [da:2b:38:c1:14:7c]
RSSI: -82 [da:2b:38:d0:14:ac]
RSSI: -87 [da:2b:38:dd:14:dc]
RSSI: -77 [da:2b:38:dd:14:dc]
RSSI: -83 [da:2b:38:ec:15:0c]
RSSI: -82 [da:2b:38:ec:15:0c]
RSSI: -79 [da:2b:39:08:15:5c]
RSSI: -86 [da:2b:39:18:15:8c]
RSSI: -86 [da:2b:39:27:15:bc]
RSSI: -88 [da:2b:39:27:15:bc]
RSSI: -87 [da:2b:39:34:15:ec]
RSSI: -87 [da:2b:39:53:16:4c]
RSSI: -86 [da:2b:39:53:16:4c]
RSSI: -91 [da:28:9e:b0:04:4e]
RSSI: -90 [da:28:9e:cb:04:9e]
RSSI: -87 [da:2b:39:6f:00:3c]
RSSI: -86 [da:2b:39:7f:00:6c]
RSSI: -91 [da:28:9e:f4:05:0e]
RSSI: -90 [da:2b:39:9b:00:bc]
RSSI: -87 [da:2b:39:aa:00:ec]
RSSI: -97 [da:23:b1:fb:14:4b]
RSSI: -87 [da:2b:39:b7:01:1c]
RSSI: -86 [da:2b:39:c7:01:4c]
RSSI: -86 [da:2b:39:d6:01:7c]
RSSI: -93 [da:28:9f:3a:05:de]
RSSI: -87 [da:2b:39:e3:01:9c]
RSSI: -87 [da:2b:39:e3:01:9c]
RSSI: -88 [da:25:96:40:02:5a]
RSSI: -88 [da:25:96:40:02:5a]
RSSI: -84 [da:2b:3a:02:02:0c]
RSSI: -87 [da:2b:3a:0f:02:2c]
RSSI: -85 [da:2b:3a:0f:02:2c]
RSSI: -88 [da:2b:3a:1e:02:5c]
RSSI: -87 [da:2b:3a:1e:02:5c]
RSSI: -93 [da:28:9f:8c:06:be]
RSSI: -90 [da:2b:3a:3a:02:bc]
RSSI: -93 [da:23:b2:96:16:0b]
RSSI: -88 [da:2b:3a:59:03:1c]
RSSI: -91 [da:25:96:a9:03:7a]
RSSI: -90 [da:23:b2:bc:16:7b]
RSSI: -90 [da:2b:3a:76:03:6c]
RSSI: -86 [da:2b:3a:76:03:6c]
RSSI: -89 [da:2b:3a:85:03:9c]
RSSI: -89 [da:23:b2:d6:00:4b]
RSSI: -87 [da:2b:3a:92:03:cc]
RSSI: -86 [da:23:b2:e3:00:7b]
RSSI: -87 [da:23:b2:f0:00:9b]
RSSI: -86 [da:23:b2:fd:00:bb]
RSSI: -87 [da:23:b3:0a:00:eb]
RSSI: -85 [da:2b:3a:be:04:4c]
RSSI: -91 [da:25:97:11:04:aa]
RSSI: -82 [da:2b:3a:be:04:4c]
RSSI: -83 [da:23:b3:16:01:0b]
RSSI: -82 [da:2b:3a:cd:04:7c]
RSSI: -90 [da:25:97:1e:04:da]
RSSI: -83 [da:23:b3:23:01:2b]
RSSI: -85 [da:2b:3a:dd:04:ac]
RSSI: -82 [da:2b:3a:dd:04:ac]
RSSI: -85 [da:23:b3:30:01:5b]
RSSI: -94 [da:25:97:2c:04:fa]
RSSI: -83 [da:2b:3a:ea:04:dc]
RSSI: -85 [da:23:b3:3d:01:7b]
RSSI: -84 [da:23:b3:3d:01:7b]
RSSI: -87 [da:2b:3a:f9:05:0c]
RSSI: -84 [da:23:b3:4a:01:ab]
RSSI: -84 [da:23:b3:57:01:cb]
RSSI: -85 [da:23:b3:64:01:eb]
RSSI: -83 [da:23:b3:71:02:1b]
RSSI: -83 [da:23:b3:71:02:1b]
RSSI: -90 [da:2b:3b:35:05:cc]
RSSI: -90 [da:28:a0:90:09:ae]
RSSI: -84 [da:23:b3:8a:02:6b]
RSSI: -83 [da:23:b3:8a:02:6b]
RSSI: -82 [da:23:b3:97:02:8b]
RSSI: -84 [da:23:b3:97:02:8b]
RSSI: -85 [da:23:b3:a4:02:ab]
RSSI: -90 [da:25:97:a2:06:4a]
RSSI: -85 [da:23:b3:b1:02:db]
RSSI: -84 [da:23:b3:be:02:fb]
RSSI: -88 [da:23:b3:be:02:fb]
RSSI: -88 [da:23:b3:cb:03:2b]
RSSI: -88 [da:2b:3b:7d:06:ac]
RSSI: -87 [da:28:a0:e2:0a:9e]
RSSI: -88 [da:23:b3:d8:03:4b]
RSSI: -89 [da:23:b3:d8:03:4b]
RSSI: -86 [da:2b:3b:8c:06:dc]
RSSI: -87 [da:25:97:e3:07:0a]
RSSI: -87 [da:28:a0:f1:0a:ce]
RSSI: -88 [da:25:97:e3:07:0a]
RSSI: -87 [da:28:a0:f1:0a:ce]
RSSI: -89 [da:28:a0:ff:0a:ee]
RSSI: -86 [da:28:a1:0c:0b:1e]
RSSI: -86 [da:2b:3b:b8:07:6c]
RSSI: -90 [da:2b:3b:b8:07:6c]
RSSI: -92 [da:25:98:0a:07:7a]
RSSI: -92 [da:23:b4:0c:03:eb]
RSSI: -89 [da:28:a1:1a:0b:3e]
RSSI: -86 [da:2b:3b:c5:07:8c]
RSSI: -90 [da:23:b4:19:04:0b]
RSSI: -92 [da:2b:3b:e4:07:ec]
RSSI: -83 [da:28:a1:43:0b:be]
RSSI: -82 [da:28:a1:43:0b:be]
RSSI: -82 [da:28:a1:52:0b:de]
RSSI: -81 [da:28:a1:52:0b:de]
RSSI: -80 [da:28:a1:5e:0c:0e]
RSSI: -78 [da:28:a1:5e:0c:0e]
RSSI: -77 [da:28:a1:6d:0c:2e]
RSSI: -77 [da:28:a1:6d:0c:2e]
RSSI: -76 [da:28:a1:7b:0c:5e]
RSSI: -73 [da:28:a1:88:0c:7e]
RSSI: -75 [da:28:a1:96:0c:ae]
RSSI: -74 [da:28:a1:a4:0c:de]
RSSI: -73 [da:28:a1:a4:0c:de]
RSSI: -88 [da:2b:3c:49:09:3c]
RSSI: -71 [da:28:a1:b1:0c:fe]
RSSI: -73 [da:28:a1:bf:0d:2e]
RSSI: -70 [da:28:a1:bf:0d:2e]
RSSI: -74 [da:28:a1:ce:0d:4e]
RSSI: -82 [da:2b:3c:75:09:bc]
RSSI: -73 [da:28:a1:ce:0d:4e]
RSSI: -82 [da:2b:3c:75:09:bc]
RSSI: -81 [da:2b:3c:85:09:fc]
RSSI: -70 [da:28:a1:e9:0d:9e]
RSSI: -70 [da:28:a1:e9:0d:9e]
RSSI: -74 [da:28:a1:e9:0d:9e]
RSSI: -82 [da:2b:3c:94:0a:2c]
RSSI: -73 [da:28:a1:f7:0d:be]
RSSI: -85 [da:2b:3c:a1:0a:4c]
RSSI: -75 [da:28:a2:04:0d:ee]
RSSI: -75 [da:28:a2:04:0d:ee]
RSSI: -85 [da:2b:3c:b1:0a:7c]
RSSI: -75 [da:28:a2:12:0e:0e]
RSSI: -84 [da:2b:3c:c0:0a:bc]
RSSI: -74 [da:28:a2:20:0e:3e]
RSSI: -73 [da:28:a2:20:0e:3e]
RSSI: -77 [da:28:a2:2d:0e:5e]
RSSI: -75 [da:28:a2:2d:0e:5e]
RSSI: -75 [da:28:a2:2d:0e:5e]
RSSI: -88 [da:2b:3c:dd:0b:0c]
RSSI: -77 [da:28:a2:3b:0e:8e]
RSSI: -85 [da:2b:3c:dd:0b:0c]
RSSI: -76 [da:28:a2:3b:0e:8e]
RSSI: -84 [da:2b:3c:ec:0b:3c]
RSSI: -87 [da:2b:3c:ec:0b:3c]
RSSI: -76 [da:28:a2:4a:0e:ae]
RSSI: -79 [da:28:a2:56:0e:ce]
RSSI: -78 [da:28:a2:56:0e:ce]
RSSI: -81 [da:28:a2:65:0e:fe]
RSSI: -80 [da:28:a2:65:0e:fe]
RSSI: -82 [da:28:a2:73:0f:2e]
RSSI: -84 [da:28:a2:73:0f:2e]
RSSI: -83 [da:28:a2:80:0f:4e]
RSSI: -84 [da:28:a2:8e:0f:7e]
RSSI: -91 [da:2b:3d:35:0c:2c]
RSSI: -83 [da:28:a2:9d:0f:ae]
RSSI: -88 [da:2b:3d:44:0c:5c]
RSSI: -83 [da:28:a2:b8:0f:fe]
RSSI: -83 [da:28:a2:b8:0f:fe]
RSSI: -84 [da:28:a2:c6:10:1e]
RSSI: -88 [da:28:a2:d3:10:3e]
RSSI: -84 [da:28:a2:e1:10:6e]
RSSI: -85 [da:28:a2:f0:10:9e]
RSSI: -90 [da:2b:3d:a9:0d:9c]
RSSI: -95 [da:25:99:fa:0d:0a]
RSSI: -86 [da:28:a3:0b:10:de]
RSSI: -87 [da:2b:3d:b9:0d:dc]
RSSI: -88 [da:28:a3:19:11:0e]
RSSI: -86 [da:28:a3:19:11:0e]
RSSI: -90 [da:28:a3:26:11:2e]
RSSI: -92 [da:25:9a:2e:0d:aa]
RSSI: -92 [da:25:9a:2e:0d:aa]
RSSI: -88 [da:2b:3e:01:0e:bc]
RSSI: -92 [da:28:a3:6c:11:fe]
RSSI: -87 [da:2b:3e:2e:0f:4c]
RSSI: -93 [da:2b:3e:5a:0f:cc]
RSSI: -88 [da:2b:3e:6a:10:0c]
RSSI: -97 [da:25:9a:cc:0f:7a]
RSSI: -91 [da:28:a4:04:13:be]
RSSI: -89 [da:28:a4:1f:14:0e]
RSSI: -89 [da:2b:3e:c2:11:1c]
RSSI: -85 [da:2b:3e:c2:11:1c]
RSSI: -85 [da:2b:3e:d2:11:4c]
RSSI: -83 [da:2b:3e:de:11:7c]
RSSI: -79 [da:2b:3e:ee:11:ac]
RSSI: -79 [da:2b:3e:fe:11:dc]
RSSI: -77 [da:2b:3e:fe:11:dc]
RSSI: -89 [da:28:a4:57:14:9e]
RSSI: -77 [da:2b:3f:0b:12:0c]
RSSI: -90 [da:28:a4:65:14:ce]
RSSI: -87 [da:28:a4:72:14:ee]
RSSI: -76 [da:2b:3f:1a:12:3c]
RSSI: -86 [da:28:a4:72:14:ee]
RSSI: -75 [da:2b:3f:1a:12:3c]
RSSI: -75 [da:2b:3f:1a:12:3c]
RSSI: -74 [da:2b:3f:2a:12:6c]
RSSI: -75 [da:2b:3f:37:12:8c]
RSSI: -89 [da:28:a4:8f:15:4e]
RSSI: -73 [da:2b:3f:37:12:8c]
RSSI: -87 [da:28:a4:9c:15:6e]
RSSI: -87 [da:28:a4:9c:15:6e]
RSSI: -89 [da:28:a4:9c:15:6e]
RSSI: -74 [da:2b:3f:47:12:cc]
RSSI: -72 [da:2b:3f:47:12:cc]
RSSI: -87 [da:28:a4:aa:15:8e]
RSSI: -74 [da:2b:3f:56:12:fc]
RSSI: -72 [da:2b:3f:63:13:1c]
RSSI: -90 [da:28:a4:b9:15:be]
RSSI: -74 [da:2b:3f:63:13:1c]
RSSI: -73 [da:2b:3f:73:13:4c]
RSSI: -84 [da:28:a4:d4:16:0e]
RSSI: -74 [da:2b:3f:83:13:8c]
RSSI: -87 [da:28:a4:e2:16:3e]
RSSI: -76 [da:2b:3f:8f:13:ac]
RSSI: -76 [da:2b:3f:8f:13:ac]
RSSI: -78 [da:2b:3f:9f:13:dc]
RSSI: -78 [da:2b:3f:af:14:0c]
RSSI: -90 [da:28:a5:0c:00:5e]
RSSI: -78 [da:2b:3f:af:14:0c]
RSSI: -83 [da:2b:3f:bc:14:3c]
RSSI: -87 [da:2b:3f:bc:14:3c]
RSSI: -83 [da:2b:3f:db:14:9c]
RSSI: -82 [da:2b:3f:e8:14:bc]
RSSI: -81 [da:2b:3f:e8:14:bc]
RSSI: -82 [da:2b:3f:f8:14:ec]
RSSI: -80 [da:2b:3f:f8:14:ec]
RSSI: -80 [da:2b:40:08:15:2c]
RSSI: -82 [da:2b:40:14:15:4c]
RSSI: -79 [da:2b:40:14:15:4c]
RSSI: -84 [da:2b:40:24:15:7c]
RSSI: -89 [da:2b:40:24:15:7c]
RSSI: -83 [da:2b:40:34:15:ac]
RSSI: -87 [da:2b:40:34:15:ac]
RSSI: -88 [da:2b:40:40:15:dc]
RSSI: -93 [da:23:b8:ac:11:bb]
RSSI: -87 [da:2b:40:60:16:3c]
RSSI: -86 [da:2b:40:60:16:3c]
RSSI: -85 [da:2b:40:6d:16:5c]
RSSI: -83 [da:2b:40:7d:00:0c]
RSSI: -85 [da:2b:40:7d:00:0c]
RSSI: -90 [da:2b:40:99:00:5c]
RSSI: -84 [da:2b:40:a9:00:8c]
RSSI: -87 [da:2b:40:a9:00:8c]
RSSI: -84 [da:2b:40:b9:00:bc]
RSSI: -84 [da:2b:40:b9:00:bc]
RSSI: -82 [da:2b:40:b9:00:bc]
RSSI: -85 [da:2b:40:c6:00:ec]
RSSI: -85 [da:2b:40:d6:01:1c]
RSSI: -85 [da:2b:40:f2:01:7c]
RSSI: -96 [da:28:a6:4c:03:ee]
RSSI: -85 [da:2b:40:f2:01:7c]
RSSI: -87 [da:2b:41:02:01:ac]
RSSI: -85 [da:2b:41:12:01:dc]
RSSI: -89 [da:2b:41:1e:01:fc]
RSSI: -87 [da:2b:41:2e:02:2c]
RSSI: -94 [da:25:9d:8c:01:3a]
RSSI: -88 [da:2b:41:5b:02:bc]
RSSI: -99 [da:23:b9:ad:14:bb]
RSSI: -96 [da:23:b9:e2:15:4b]
RSSI: -93 [da:2b:41:97:03:7c]
RSSI: -92 [da:23:b9:fc:15:9b]
RSSI: -94 [da:23:ba:23:16:0b]
RSSI: -86 [da:2b:41:e0:04:5c]
RSSI: -88 [da:2b:41:f0:04:8c]
RSSI: -90 [da:2b:41:fd:04:bc]
RSSI: -90 [da:23:ba:4b:00:0b]
RSSI: -88 [da:23:ba:58:00:2b]
RSSI: -88 [da:23:ba:65:00:4b]
RSSI: -86 [da:23:ba:72:00:7b]
RSSI: -86 [da:23:ba:72:00:7b]
RSSI: -85 [da:23:ba:80:00:9b]
RSSI: -85 [da:23:ba:80:00:9b]
RSSI: -85 [da:23:ba:8d:00:cb]
RSSI: -84 [da:23:ba:9a:00:eb]
RSSI: -83 [da:23:ba:9a:00:eb]
RSSI: -83 [da:23:ba:a7:01:1b]
RSSI: -83 [da:23:ba:b4:01:3b]
RSSI: -81 [da:23:ba:b4:01:3b]
RSSI: -84 [da:23:ba:c1:01:6b]
RSSI: -83 [da:23:ba:c1:01:6b]
RSSI: -82 [da:23:ba:cf:01:8b]
RSSI: -80 [da:23:ba:dc:01:bb]
RSSI: -95 [da:25:9e:d9:04:fa]
RSSI: -90 [da:28:a7:ee:08:9e]
RSSI: -83 [da:23:ba:e9:01:db]
RSSI: -83 [da:23:ba:e9:01:db]
RSSI: -83 [da:23:ba:f6:02:0b]
RSSI: -88 [da:25:9e:f5:05:3a]
RSSI: -85 [da:23:ba:f6:02:0b]
RSSI: -88 [da:2b:42:af:06:ec]
RSSI: -81 [da:23:bb:03:02:2b]
RSSI: -89 [da:28:a8:18:09:1e]
RSSI: -86 [da:25:9f:0f:05:8a]
RSSI: -87 [da:25:9f:1d:05:ba]
RSSI: -83 [da:23:bb:1e:02:7b]
RSSI: -89 [da:2b:42:cf:07:4c]
RSSI: -86 [da:25:9f:1d:05:ba]
RSSI: -84 [da:23:bb:1e:02:7b]
RSSI: -87 [da:2b:42:dc:07:7c]
RSSI: -88 [da:2b:42:dc:07:7c]
RSSI: -85 [da:25:9f:37:05:fa]
RSSI: -84 [da:23:bb:38:02:cb]
RSSI: -86 [da:2b:42:ec:07:ac]
RSSI: -88 [da:28:a8:51:09:be]
RSSI: -87 [da:25:9f:45:06:2a]
RSSI: -90 [da:28:a8:51:09:be]
RSSI: -85 [da:25:9f:45:06:2a]
RSSI: -86 [da:23:bb:45:02:eb]
RSSI: -83 [da:25:9f:51:06:4a]
RSSI: -89 [da:23:bb:53:03:1b]
RSSI: -88 [da:23:bb:5f:03:3b]
RSSI: -85 [da:25:9f:5f:06:6a]
RSSI: -90 [da:28:a8:6c:0a:0e]
RSSI: -88 [da:23:bb:5f:03:3b]
RSSI: -83 [da:25:9f:5f:06:6a]
RSSI: -87 [da:28:a8:7b:0a:3e]
RSSI: -88 [da:2b:43:28:08:6c]
RSSI: -87 [da:28:a8:88:0a:5e]
RSSI: -86 [da:25:9f:7a:06:ba]
RSSI: -87 [da:28:a8:88:0a:5e]
RSSI: -87 [da:2b:43:35:08:9c]
RSSI: -85 [da:28:a8:96:0a:8e]
RSSI: -86 [da:25:9f:95:07:0a]
RSSI: -87 [da:25:9f:95:07:0a]
RSSI: -87 [da:28:a8:a5:0a:ae]
RSSI: -86 [da:28:a8:a5:0a:ae]
RSSI: -87 [da:28:a8:b2:0a:de]
RSSI: -86 [da:25:9f:a2:07:2a]
RSSI: -87 [da:25:9f:b0:07:5a]
RSSI: -88 [da:28:a8:c0:0a:fe]
RSSI: -86 [da:25:9f:ca:07:9a]
RSSI: -88 [da:2b:43:82:09:8c]
RSSI: -88 [da:2b:43:82:09:8c]
RSSI: -88 [da:28:a8:ea:0b:7e]
RSSI: -86 [da:2b:43:8e:09:bc]
RSSI: -87 [da:28:a8:ea:0b:7e]
RSSI: -86 [da:2b:43:8e:09:bc]
RSSI: -87 [da:28:a8:ea:0b:7e]
RSSI: -86 [da:28:a8:f9:0b:ae]
RSSI: -83 [da:28:a9:06:0b:ce]
RSSI: -85 [da:2b:43:ae:0a:1c]
RSSI: -83 [da:28:a9:06:0b:ce]
RSSI: -82 [da:28:a9:15:0b:fe]
RSSI: -85 [da:2b:43:bb:0a:3c]
RSSI: -81 [da:28:a9:23:0c:1e]
RSSI: -78 [da:28:a9:30:0c:3e]
RSSI: -79 [da:28:a9:30:0c:3e]
RSSI: -78 [da:28:a9:3f:0c:6e]
RSSI: -77 [da:28:a9:3f:0c:6e]
RSSI: -88 [da:2b:43:e8:0a:cc]
RSSI: -78 [da:28:a9:4d:0c:9e]
RSSI: -77 [da:28:a9:4d:0c:9e]
RSSI: -83 [da:2b:43:f8:0b:0c]
RSSI: -77 [da:28:a9:5a:0c:be]
RSSI: -75 [da:28:a9:69:0c:ee]
RSSI: -78 [da:28:a9:69:0c:ee]
RSSI: -78 [da:28:a9:77:0d:0e]
RSSI: -77 [da:28:a9:84:0d:3e]
RSSI: -78 [da:28:a9:84:0d:3e]
RSSI: -76 [da:28:a9:84:0d:3e]
RSSI: -78 [da:28:a9:98:0d:6e]
RSSI: -78 [da:28:a9:98:0d:6e]
RSSI: -80 [da:28:a9:a8:0d:9e]
RSSI: -87 [da:2b:44:51:0c:2c]
RSSI: -76 [da:28:a9:b5:0d:ce]
RSSI: -77 [da:28:a9:b5:0d:ce]
RSSI: -79 [da:28:a9:c4:0d:ee]
RSSI: -78 [da:28:a9:c4:0d:ee]
RSSI: -80 [da:28:a9:d2:0e:1e]
RSSI: -80 [da:28:a9:d2:0e:1e]
RSSI: -81 [da:28:a9:df:0e:3e]
RSSI: -91 [da:2b:44:8e:0c:ec]
RSSI: -81 [da:28:a9:ee:0e:6e]
RSSI: -82 [da:28:a9:fd:0e:9e]
RSSI: -90 [da:2b:44:ab:0d:4c]
RSSI: -84 [da:28:aa:09:0e:be]
RSSI: -85 [da:28:aa:09:0e:be]
RSSI: -85 [da:28:aa:18:0e:ee]
RSSI: -85 [da:28:aa:18:0e:ee]
RSSI: -87 [da:28:aa:27:0f:1e]
RSSI: -88 [da:2b:44:c7:0d:9c]
RSSI: -87 [da:28:aa:27:0f:1e]
RSSI: -85 [da:2b:44:d7:0d:dc]
RSSI: -86 [da:2b:44:d7:0d:dc]
RSSI: -87 [da:2b:44:e7:0e:0c]
RSSI: -92 [da:28:aa:42:0f:6e]
RSSI: -88 [da:28:aa:51:0f:9e]
RSSI: -88 [da:28:aa:51:0f:9e]
RSSI: -87 [da:2b:44:f4:0e:2c]
RSSI: -88 [da:28:aa:5e:0f:be]
RSSI: -85 [da:2b:45:14:0e:9c]
RSSI: -83 [da:2b:45:14:0e:9c]
RSSI: -89 [da:28:aa:6d:0f:ee]
RSSI: -85 [da:2b:45:21:0e:bc]
RSSI: -83 [da:2b:45:21:0e:bc]
RSSI: -88 [da:2b:45:31:0e:fc]
RSSI: -95 [da:23:bd:a6:0a:0b]
RSSI: -83 [da:2b:45:5e:0f:8c]
RSSI: -84 [da:2b:45:5e:0f:8c]
RSSI: -81 [da:2b:45:6e:0f:bc]
RSSI: -80 [da:2b:45:7a:0f:dc]
RSSI: -81 [da:2b:45:7a:0f:dc]
RSSI: -76 [da:2b:45:8b:10:1c]
RSSI: -95 [da:23:bd:db:0a:ab]
RSSI: -82 [da:2b:45:9b:10:4c]
RSSI: -79 [da:2b:45:9b:10:4c]
RSSI: -89 [da:2b:45:a7:10:6c]
RSSI: -85 [da:2b:45:a7:10:6c]
RSSI: -86 [da:2b:45:b8:10:ac]
RSSI: -87 [da:2b:45:c8:10:dc]
RSSI: -76 [da:2b:45:d4:10:fc]
RSSI: -75 [da:2b:45:d4:10:fc]
RSSI: -72 [da:2b:45:e4:11:2c]
RSSI: -71 [da:2b:45:e4:11:2c]
RSSI: -70 [da:2b:45:f4:11:6c]
RSSI: -69 [da:2b:46:01:11:8c]
RSSI: -67 [da:2b:46:01:11:8c]
RSSI: -68 [da:2b:46:11:11:bc]
RSSI: -66 [da:2b:46:21:11:ec]
RSSI: -65 [da:2b:46:21:11:ec]
RSSI: -65 [da:2b:46:2e:12:1c]
RSSI: -64 [da:2b:46:2e:12:1c]
RSSI: -64 [da:2b:46:3e:12:4c]
RSSI: -66 [da:2b:46:4e:12:7c]
RSSI: -64 [da:2b:46:5b:12:ac]
RSSI: -67 [da:2b:46:74:12:ec]
RSSI: -65 [da:2b:46:74:12:ec]
RSSI: -66 [da:2b:46:84:13:2c]
RSSI: -68 [da:2b:46:90:13:4c]
RSSI: -68 [da:2b:46:90:13:4c]
RSSI: -93 [da:28:ab:f8:14:6e]
RSSI: -70 [da:2b:46:a0:13:7c]
RSSI: -70 [da:2b:46:a0:13:7c]
RSSI: -72 [da:2b:46:b1:13:ac]
RSSI: -72 [da:2b:46:b1:13:ac]
RSSI: -74 [da:2b:46:bd:13:dc]
RSSI: -77 [da:2b:46:bd:13:dc]
RSSI: -80 [da:2b:46:cd:14:0c]
RSSI: -92 [da:28:ac:3e:15:2e]
RSSI: -92 [da:23:bf:35:0e:ab]
RSSI: -82 [da:2b:46:e7:14:5c]
RSSI: -81 [da:2b:46:f3:14:7c]
RSSI: -79 [da:2b:47:00:14:ac]
RSSI: -82 [da:2b:47:00:14:ac]
RSSI: -81 [da:2b:47:00:14:ac]
RSSI: -77 [da:2b:47:0d:14:cc]
RSSI: -90 [da:28:ac:68:15:9e]
RSSI: -79 [da:2b:47:0d:14:cc]
RSSI: -90 [da:28:ac:68:15:9e]
RSSI: -81 [da:2b:47:19:14:fc]
RSSI: -77 [da:2b:47:19:14:fc]
RSSI: -82 [da:2b:47:26:15:1c]
RSSI: -81 [da:2b:47:26:15:1c]
RSSI: -92 [da:23:bf:78:0f:7b]
RSSI: -92 [da:28:ac:84:15:ee]
RSSI: -86 [da:2b:47:33:15:4c]
RSSI: -87 [da:2b:47:4c:15:9c]
RSSI: -90 [da:28:ac:a2:16:4e]
RSSI: -86 [da:2b:47:59:15:cc]
RSSI: -95 [da:23:bf:ad:10:1b]
RSSI: -85 [da:2b:47:65:15:ec]
RSSI: -84 [da:2b:47:7f:16:3c]
RSSI: -94 [da:23:bf:c8:10:6b]
RSSI: -86 [da:2b:47:8b:16:6c]
RSSI: -85 [da:2b:47:8b:16:6c]
RSSI: -88 [da:2b:47:98:00:0c]
RSSI: -87 [da:2b:47:a5:00:2c]
RSSI: -87 [da:2b:47:b2:00:5c]
RSSI: -86 [da:2b:47:b2:00:5c]
RSSI: -85 [da:2b:47:be:00:7c]
RSSI: -82 [da:2b:47:cb:00:9c]
RSSI: -82 [da:2b:47:cb:00:9c]
RSSI: -84 [da:2b:47:d8:00:cc]
RSSI: -85 [da:2b:47:e4:00:ec]
RSSI: -94 [da:23:c0:40:11:cb]
RSSI: -87 [da:2b:48:17:01:8c]
RSSI: -88 [da:2b:48:24:01:bc]
RSSI: -85 [da:2b:48:31:01:dc]
RSSI: -86 [da:2b:48:31:01:dc]
RSSI: -86 [da:2b:48:57:02:5c]
RSSI: -86 [da:2b:48:57:02:5c]
RSSI: -93 [da:23:c0:b8:13:3b]
RSSI: -94 [da:25:a4:cc:16:0a]
RSSI: -88 [da:2b:48:7d:02:cc]
RSSI: -94 [da:25:a4:d8:16:2a]
RSSI: -90 [da:2b:48:bd:03:9c]
RSSI: -92 [da:23:c1:16:14:4b]
RSSI: -89 [da:2b:48:c9:03:bc]
RSSI: -95 [da:23:c1:31:14:9b]
RSSI: -79 [da:2b:48:f0:04:3c]
RSSI: -83 [da:2b:48:fc:04:5c]
RSSI: -84 [da:2b:49:09:04:7c]
RSSI: -89 [da:2b:49:23:04:cc]
RSSI: -91 [da:23:c1:81:15:8b]
RSSI: -84 [da:2b:49:3c:05:1c]
RSSI: -82 [da:2b:49:62:05:9c]
RSSI: -83 [da:2b:49:89:06:1c]
RSSI: -87 [da:23:c1:df:00:0b]
RSSI: -87 [da:2b:49:95:06:3c]
RSSI: -87 [da:23:c1:ec:00:2b]
RSSI: -85 [da:23:c1:ec:00:2b]
RSSI: -86 [da:23:c1:fa:00:4b]
RSSI: -86 [da:23:c1:fa:00:4b]
RSSI: -83 [da:23:c2:08:00:7b]
RSSI: -80 [da:2b:49:bc:06:bc]
RSSI: -83 [da:23:c2:14:00:9b]
RSSI: -82 [da:23:c2:22:00:cb]
RSSI: -82 [da:23:c2:30:00:fb]
RSSI: -78 [da:2b:49:e2:07:3c]
RSSI: -82 [da:23:c2:30:00:fb]
RSSI: -82 [da:23:c2:3c:01:1b]
RSSI: -82 [da:2b:49:ef:07:5c]
RSSI: -81 [da:23:c2:4a:01:3b]
RSSI: -82 [da:2b:49:fc:07:8c]
RSSI: -80 [da:23:c2:4a:01:3b]
RSSI: -82 [da:23:c2:4a:01:3b]
RSSI: -80 [da:2b:4a:08:07:ac]
RSSI: -81 [da:23:c2:58:01:6b]
RSSI: -80 [da:2b:4a:08:07:ac]
RSSI: -81 [da:23:c2:65:01:8b]
RSSI: -81 [da:2b:4a:22:07:fc]
RSSI: -80 [da:23:c2:73:01:bb]
RSSI: -82 [da:23:c2:73:01:bb]
RSSI: -85 [da:2b:4a:2f:08:2c]
RSSI: -81 [da:23:c2:80:01:db]
RSSI: -86 [da:2b:4a:2f:08:2c]
RSSI: -80 [da:23:c2:80:01:db]
RSSI: -83 [da:23:c2:8d:02:0b]
RSSI: -81 [da:2b:4a:48:08:7c]
RSSI: -84 [da:23:c2:9b:02:2b]
RSSI: -83 [da:23:c2:a9:02:5b]
RSSI: -83 [da:23:c2:a9:02:5b]
RSSI: -86 [da:23:c2:b5:02:7b]
RSSI: -84 [da:2b:4a:6f:08:fc]
RSSI: -93 [da:28:af:d7:09:0e]
RSSI: -89 [da:25:a6:ca:05:9a]
RSSI: -82 [da:2b:4a:7c:09:1c]
RSSI: -86 [da:23:c2:d1:02:cb]
RSSI: -87 [da:25:a6:d8:05:ba]
RSSI: -82 [da:2b:4a:88:09:4c]
RSSI: -88 [da:25:a6:d8:05:ba]
RSSI: -91 [da:28:af:e7:09:3e]
RSSI: -82 [da:2b:4a:95:09:6c]
RSSI: -89 [da:25:a6:e6:05:ea]
RSSI: -88 [da:25:a6:e6:05:ea]
RSSI: -76 [da:2b:4a:a2:09:9c]
RSSI: -76 [da:2b:4a:a2:09:9c]
RSSI: -80 [da:2b:4a:af:09:cc]
RSSI: -88 [da:25:a7:01:06:3a]
RSSI: -80 [da:2b:4a:bb:09:ec]
RSSI: -86 [da:25:a7:0f:06:5a]
RSSI: -78 [da:2b:4a:c8:0a:1c]
RSSI: -78 [da:2b:4a:c8:0a:1c]
RSSI: -83 [da:25:a7:1b:06:8a]
RSSI: -85 [da:2b:4a:d5:0a:3c]
RSSI: -84 [da:25:a7:2a:06:aa]
RSSI: -83 [da:2b:4a:e2:0a:6c]
RSSI: -86 [da:25:a7:38:06:da]
RSSI: -85 [da:2b:4a:ef:0a:8c]
RSSI: -83 [da:25:a7:38:06:da]
RSSI: -85 [da:25:a7:44:06:fa]
RSSI: -84 [da:25:a7:44:06:fa]
RSSI: -82 [da:2b:4a:fc:0a:bc]
RSSI: -83 [da:25:a7:53:07:2a]
RSSI: -91 [da:23:c3:57:04:5b]
RSSI: -84 [da:2b:4b:08:0a:ec]
RSSI: -85 [da:25:a7:61:07:4a]
RSSI: -90 [da:23:c3:65:04:8b]
RSSI: -83 [da:25:a7:61:07:4a]
RSSI: -89 [da:23:c3:65:04:8b]
RSSI: -85 [da:2b:4b:2f:0b:5c]
RSSI: -85 [da:25:a7:7c:07:9a]
RSSI: -87 [da:25:a7:8a:07:ca]
RSSI: -89 [da:25:a7:a5:08:1a]
RSSI: -86 [da:2b:4b:62:0c:0c]
RSSI: -89 [da:28:b0:cb:0b:de]
RSSI: -85 [da:2b:4b:7c:0c:5c]
RSSI: -85 [da:28:b0:e7:0c:2e]
RSSI: -82 [da:28:b0:f6:0c:5e]
RSSI: -82 [da:28:b1:03:0c:7e]
RSSI: -87 [da:2b:4b:af:0c:fc]
RSSI: -83 [da:28:b1:03:0c:7e]
RSSI: -82 [da:28:b1:12:0c:ae]
RSSI: -90 [da:23:c4:07:06:6b]
RSSI: -82 [da:28:b1:21:0c:de]
RSSI: -80 [da:28:b1:21:0c:de]
RSSI: -93 [da:23:c4:2f:06:eb]
RSSI: -81 [da:28:b1:3d:0d:2e]
RSSI: -79 [da:28:b1:4c:0d:5e]
RSSI: -86 [da:2b:4b:ef:0d:cc]
RSSI: -81 [da:28:b1:4c:0d:5e]
RSSI: -84 [da:2b:4b:fc:0d:fc]
RSSI: -79 [da:28:b1:59:0d:8e]
RSSI: -79 [da:28:b1:59:0d:8e]
RSSI: -84 [da:2b:4c:09:0e:1c]
RSSI: -82 [da:28:b1:68:0d:ae]
RSSI: -82 [da:28:b1:77:0d:de]
RSSI: -82 [da:28:b1:77:0d:de]
RSSI: -79 [da:28:b1:84:0d:fe]
RSSI: -82 [da:2b:4c:30:0e:9c]
RSSI: -82 [da:28:b1:84:0d:fe]
RSSI: -83 [da:2b:4c:30:0e:9c]
RSSI: -86 [da:2b:4c:30:0e:9c]
RSSI: -81 [da:28:b1:93:0e:2e]
RSSI: -80 [da:2b:4c:3d:0e:bc]
RSSI: -82 [da:28:b1:a2:0e:5e]
RSSI: -87 [da:2b:4c:4a:0e:ec]
RSSI: -84 [da:28:b1:a2:0e:5e]
RSSI: -86 [da:2b:4c:56:0f:0c]
RSSI: -83 [da:28:b1:af:0e:7e]
RSSI: -87 [da:2b:4c:56:0f:0c]
RSSI: -85 [da:28:b1:af:0e:7e]
RSSI: -83 [da:28:b1:be:0e:ae]
RSSI: -87 [da:28:b1:cd:0e:ce]
RSSI: -86 [da:28:b1:cd:0e:ce]
RSSI: -80 [da:2b:4c:7d:0f:8c]
RSSI: -87 [da:28:b1:d9:0e:fe]
RSSI: -81 [da:2b:4c:7d:0f:8c]
RSSI: -79 [da:2b:4c:8a:0f:bc]
RSSI: -79 [da:2b:4c:8a:0f:bc]
RSSI: -89 [da:28:b1:e9:0f:2e]
RSSI: -78 [da:2b:4c:97:0f:dc]
RSSI: -89 [da:28:b1:f8:0f:4e]
RSSI: -81 [da:2b:4c:a4:10:0c]
RSSI: -78 [da:2b:4c:a4:10:0c]
RSSI: -77 [da:2b:4c:b0:10:2c]
RSSI: -93 [da:28:b2:04:0f:7e]
RSSI: -78 [da:2b:4c:b0:10:2c]
RSSI: -86 [da:2b:4c:b0:10:2c]
RSSI: -83 [da:2b:4c:bd:10:5c]
RSSI: -82 [da:2b:4c:ca:10:7c]
RSSI: -87 [da:2b:4c:d7:10:ac]
RSSI: -76 [da:2b:4c:d7:10:ac]
RSSI: -71 [da:2b:4c:f1:10:fc]
RSSI: -70 [da:2b:4c:f1:10:fc]
RSSI: -72 [da:2b:4c:fe:11:2c]
RSSI: -68 [da:2b:4c:fe:11:2c]
RSSI: -67 [da:2b:4d:0b:11:4c]
RSSI: -65 [da:2b:4d:18:11:7c]
RSSI: -67 [da:2b:4d:24:11:9c]
RSSI: -65 [da:2b:4d:24:11:9c]
RSSI: -64 [da:2b:4d:31:11:cc]
RSSI: -66 [da:2b:4d:31:11:cc]
RSSI: -64 [da:2b:4d:3e:11:fc]
RSSI: -63 [da:2b:4d:3e:11:fc]
RSSI: -66 [da:2b:4d:4b:12:1c]
RSSI: -64 [da:2b:4d:4b:12:1c]
RSSI: -63 [da:2b:4d:58:12:4c]
RSSI: -65 [da:2b:4d:58:12:4c]
RSSI: -63 [da:2b:4d:65:12:6c]
RSSI: -65 [da:2b:4d:72:12:9c]
RSSI: -64 [da:2b:4d:72:12:9c]
RSSI: -63 [da:2b:4d:7f:12:bc]
RSSI: -66 [da:2b:4d:7f:12:bc]
RSSI: -65 [da:2b:4d:8c:12:ec]
RSSI: -65 [da:2b:4d:8c:12:ec]
RSSI: -64 [da:2b:4d:8c:12:ec]
RSSI: -67 [da:2b:4d:99:13:0c]
RSSI: -66 [da:2b:4d:99:13:0c]
RSSI: -65 [da:2b:4d:a6:13:3c]
RSSI: -68 [da:2b:4d:a6:13:3c]
RSSI: -67 [da:2b:4d:b3:13:6c]
RSSI: -67 [da:2b:4d:b3:13:6c]
RSSI: -71 [da:2b:4d:bf:13:8c]
RSSI: -70 [da:2b:4d:bf:13:8c]
RSSI: -71 [da:2b:4d:cd:13:bc]
RSSI: -75 [da:2b:4d:cd:13:bc]
RSSI: -74 [da:2b:4d:da:13:dc]
RSSI: -76 [da:2b:4d:da:13:dc]
RSSI: -84 [da:2b:4d:e6:14:0c]
RSSI: -84 [da:2b:4d:e6:14:0c]
RSSI: -80 [da:2b:4d:f3:14:2c]
RSSI: -81 [da:2b:4e:00:14:5c]
RSSI: -78 [da:2b:4e:00:14:5c]
RSSI: -76 [da:2b:4e:0d:14:7c]
RSSI: -73 [da:2b:4e:1a:14:ac]
RSSI: -73 [da:2b:4e:1a:14:ac]
RSSI: -75 [da:2b:4e:27:14:dc]
RSSI: -73 [da:2b:4e:27:14:dc]
RSSI: -76 [da:2b:4e:34:14:fc]
RSSI: -81 [da:2b:4e:41:15:2c]
RSSI: -82 [da:2b:4e:41:15:2c]
RSSI: -79 [da:2b:4e:4e:15:4c]
RSSI: -81 [da:2b:4e:4e:15:4c]
RSSI: -83 [da:2b:4e:5b:15:7c]
RSSI: -81 [da:2b:4e:68:15:9c]
RSSI: -81 [da:2b:4e:75:15:cc]
RSSI: -80 [da:2b:4e:75:15:cc]
RSSI: -79 [da:2b:4e:81:15:ec]
RSSI: -82 [da:2b:4e:8f:16:1c]
RSSI: -78 [da:2b:4e:9c:16:3c]
RSSI: -78 [da:2b:4e:9c:16:3c]
RSSI: -82 [da:2b:4e:a8:16:6c]
RSSI: -91 [da:23:c6:f8:0f:3b]
RSSI: -82 [da:2b:4e:b5:00:0c]
RSSI: -82 [da:2b:4e:c2:00:2c]
RSSI: -83 [da:2b:4e:cf:00:4c]
RSSI: -81 [da:2b:4e:dc:00:7c]
RSSI: -90 [da:23:c7:2d:0f:db]
RSSI: -81 [da:2b:4e:e9:00:9c]
RSSI: -85 [da:2b:4e:f6:00:cc]
RSSI: -83 [da:2b:4e:f6:00:cc]
RSSI: -92 [da:23:c7:49:10:2b]
RSSI: -84 [da:2b:4f:03:00:fc]
RSSI: -84 [da:2b:4f:10:01:1c]
RSSI: -83 [da:2b:4f:1d:01:4c]
RSSI: -82 [da:2b:4f:2a:01:6c]
RSSI: -87 [da:2b:4f:2a:01:6c]
RSSI: -87 [da:2b:4f:37:01:9c]
RSSI: -89 [da:2b:4f:44:01:bc]
RSSI: -87 [da:2b:4f:44:01:bc]
RSSI: -92 [da:23:c7:a7:11:4b]
RSSI: -92 [da:2b:4f:5e:02:1c]
RSSI: -84 [da:2b:4f:78:02:6c]
RSSI: -88 [da:23:c7:d0:11:cb]
RSSI: -88 [da:2b:4f:92:02:bc]
RSSI: -89 [da:2b:4f:92:02:bc]
RSSI: -91 [da:23:c7:ed:12:1b]
RSSI: -95 [da:2b:4f:ac:03:0c]
RSSI: -86 [da:2b:4f:b9:03:2c]
RSSI: -96 [da:23:c8:07:12:6b]
RSSI: -87 [da:2b:4f:b9:03:2c]
RSSI: -90 [da:2b:4f:c6:03:5c]
RSSI: -88 [da:2b:4f:d3:03:7c]
RSSI: -87 [da:2b:4f:e0:03:ac]
RSSI: -87 [da:2b:4f:ed:03:cc]
RSSI: -82 [da:2b:4f:fa:03:fc]
RSSI: -81 [da:2b:4f:fa:03:fc]
RSSI: -84 [da:2b:50:07:04:1c]
RSSI: -80 [da:2b:50:07:04:1c]
RSSI: -85 [da:2b:50:14:04:4c]
RSSI: -83 [da:2b:50:21:04:7c]
RSSI: -85 [da:2b:50:21:04:7c]
RSSI: -92 [da:23:c8:82:13:db]
RSSI: -86 [da:2b:50:48:04:ec]
RSSI: -95 [da:25:ac:95:00:2a]
RSSI: -90 [da:23:c8:b9:14:7b]
RSSI: -90 [da:23:c8:b9:14:7b]
RSSI: -84 [da:2b:50:6f:05:6c]
RSSI: -89 [da:23:c8:c6:14:9b]
RSSI: -87 [da:2b:50:7c:05:9c]
RSSI: -90 [da:23:c8:c6:14:9b]
RSSI: -91 [da:2b:50:89:05:bc]
RSSI: -88 [da:23:c8:e2:14:eb]
RSSI: -92 [da:23:c8:ef:15:0b]
RSSI: -90 [da:23:c8:fd:15:3b]
RSSI: -87 [da:2b:50:ca:06:8c]
RSSI: -89 [da:23:c9:26:15:bb]
RSSI: -89 [da:23:c9:26:15:bb]
RSSI: -89 [da:2b:50:d7:06:bc]
RSSI: -86 [da:2b:50:e4:06:ec]
RSSI: -90 [da:23:c9:34:15:db]
RSSI: -87 [da:2b:50:f1:07:0c]
RSSI: -88 [da:23:c9:41:16:0b]
RSSI: -86 [da:2b:50:fe:07:3c]
RSSI: -87 [da:23:c9:4f:16:2b]
RSSI: -85 [da:2b:50:fe:07:3c]
RSSI: -84 [da:2b:51:0b:07:5c]
RSSI: -85 [da:2b:51:18:07:8c]
RSSI: -83 [da:23:c9:6a:16:7b]
RSSI: -85 [da:2b:51:25:07:bc]
RSSI: -86 [da:2b:51:25:07:bc]
RSSI: -82 [da:23:c9:78:00:2b]
RSSI: -82 [da:23:c9:86:00:5b]
RSSI: -87 [da:2b:51:3f:08:0c]
RSSI: -80 [da:23:c9:93:00:7b]
RSSI: -80 [da:23:c9:93:00:7b]
RSSI: -87 [da:2b:51:4c:08:2c]
RSSI: -79 [da:23:c9:a1:00:ab]
RSSI: -78 [da:23:c9:af:00:cb]
RSSI: -87 [da:2b:51:5a:08:5c]
RSSI: -78 [da:23:c9:af:00:cb]
RSSI: -88 [da:2b:51:66:08:7c]
RSSI: -83 [da:2b:51:66:08:7c]
RSSI: -78 [da:23:c9:bc:00:fb]
RSSI: -77 [da:23:c9:ca:01:1b]
RSSI: -77 [da:23:c9:ca:01:1b]
RSSI: -76 [da:23:c9:d8:01:4b]
RSSI: -86 [da:2b:51:8d:08:fc]
RSSI: -88 [da:2b:51:8d:08:fc]
RSSI: -77 [da:23:c9:e5:01:6b]
RSSI: -77 [da:23:c9:e5:01:6b]
RSSI: -76 [da:23:c9:f3:01:9b]
RSSI: -81 [da:2b:51:a8:09:5c]
RSSI: -77 [da:23:c9:f3:01:9b]
RSSI: -77 [da:23:ca:01:01:cb]
RSSI: -77 [da:23:ca:01:01:cb]
RSSI: -77 [da:23:ca:0e:01:eb]
RSSI: -77 [da:2b:51:c2:09:ac]
RSSI: -77 [da:23:ca:0e:01:eb]
RSSI: -78 [da:23:ca:1c:02:1b]
RSSI: -81 [da:2b:51:cf:09:dc]
RSSI: -78 [da:23:ca:1c:02:1b]
RSSI: -93 [da:28:b7:33:08:1e]
RSSI: -78 [da:23:ca:2b:02:3b]
RSSI: -82 [da:2b:51:e9:0a:2c]
RSSI: -79 [da:23:ca:37:02:6b]
RSSI: -81 [da:23:ca:45:02:8b]
RSSI: -81 [da:23:ca:54:02:bb]
RSSI: -86 [da:2b:52:03:0a:7c]
RSSI: -81 [da:23:ca:54:02:bb]
RSSI: -81 [da:2b:52:10:0a:ac]
RSSI: -83 [da:23:ca:60:02:db]
RSSI: -84 [da:2b:52:1d:0a:cc]
RSSI: -84 [da:23:ca:6f:03:0b]
RSSI: -82 [da:2b:52:1d:0a:cc]
RSSI: -84 [da:2b:52:2a:0a:fc]
RSSI: -87 [da:2b:52:2a:0a:fc]
RSSI: -87 [da:23:ca:7d:03:3b]
RSSI: -86 [da:2b:52:37:0b:1c]
RSSI: -86 [da:2b:52:37:0b:1c]
RSSI: -86 [da:2b:52:37:0b:1c]
RSSI: -90 [da:2b:52:5f:0b:9c]
RSSI: -86 [da:2b:52:6c:0b:cc]
RSSI: -88 [da:25:ae:b2:06:3a]
RSSI: -86 [da:2b:52:6c:0b:cc]
RSSI: -91 [da:28:b7:c2:09:be]
RSSI: -90 [da:25:ae:c1:06:6a]
RSSI: -83 [da:2b:52:79:0b:ec]
RSSI: -91 [da:23:ca:cf:04:2b]
RSSI: -86 [da:2b:52:79:0b:ec]
RSSI: -91 [da:25:ae:cf:06:8a]
RSSI: -85 [da:2b:52:86:0c:1c]
RSSI: -87 [da:25:ae:dc:06:aa]
RSSI: -88 [da:2b:52:93:0c:4c]
RSSI: -89 [da:23:ca:ea:04:7b]
RSSI: -88 [da:25:ae:ea:06:da]
RSSI: -90 [da:23:ca:f8:04:ab]
RSSI: -82 [da:2b:52:ad:0c:9c]
RSSI: -91 [da:2b:52:ba:0c:cc]
RSSI: -92 [da:23:cb:22:05:2b]
RSSI: -87 [da:25:af:23:07:7a]
RSSI: -92 [da:23:cb:3d:05:7b]
RSSI: -88 [da:2b:53:09:0d:bc]
RSSI: -89 [da:28:b8:86:0b:ee]
RSSI: -91 [da:23:cb:81:06:3b]
RSSI: -90 [da:23:cb:8f:06:6b]
RSSI: -87 [da:2b:53:4a:0e:9c]
RSSI: -89 [da:28:b8:b2:0c:6e]
RSSI: -85 [da:2b:53:58:0e:bc]
RSSI: -87 [da:28:b8:c1:0c:9e]
RSSI: -87 [da:28:b8:c1:0c:9e]
RSSI: -85 [da:28:b8:ce:0c:ce]
RSSI: -84 [da:28:b8:ce:0c:ce]
RSSI: -85 [da:28:b8:dd:0c:fe]
RSSI: -85 [da:2b:53:87:0f:5c]
RSSI: -83 [da:28:b8:dd:0c:fe]
RSSI: -85 [da:28:b8:ed:0d:1e]
RSSI: -85 [da:28:b8:f9:0d:4e]
RSSI: -81 [da:2b:53:a1:0f:ac]
RSSI: -86 [da:28:b8:f9:0d:4e]
RSSI: -85 [da:28:b9:09:0d:7e]
RSSI: -84 [da:28:b9:18:0d:9e]
RSSI: -78 [da:2b:53:bb:0f:fc]
RSSI: -83 [da:28:b9:18:0d:9e]
RSSI: -83 [da:2b:53:c9:10:2c]
RSSI: -85 [da:28:b9:25:0d:ce]
RSSI: -82 [da:28:b9:25:0d:ce]
RSSI: -82 [da:2b:53:d6:10:5c]
RSSI: -81 [da:2b:53:d6:10:5c]
RSSI: -86 [da:28:b9:34:0d:ee]
RSSI: -85 [da:2b:53:e3:10:7c]
RSSI: -83 [da:28:b9:44:0e:1e]
RSSI: -85 [da:28:b9:44:0e:1e]
RSSI: -87 [da:28:b9:44:0e:1e]
RSSI: -75 [da:2b:53:f0:10:ac]
RSSI: -84 [da:28:b9:51:0e:3e]
RSSI: -72 [da:2b:53:fd:10:dc]
RSSI: -84 [da:28:b9:51:0e:3e]
RSSI: -71 [da:2b:53:fd:10:dc]
RSSI: -73 [da:2b:54:0a:10:fc]
RSSI: -69 [da:2b:54:0a:10:fc]
RSSI: -86 [da:28:b9:70:0e:9e]
RSSI: -91 [da:28:b9:70:0e:9e]
RSSI: -67 [da:2b:54:18:11:2c]
RSSI: -69 [da:2b:54:18:11:2c]
RSSI: -86 [da:28:b9:7c:0e:be]
RSSI: -64 [da:2b:54:25:11:4c]
RSSI: -66 [da:2b:54:32:11:7c]
RSSI: -64 [da:2b:54:32:11:7c]
RSSI: -63 [da:2b:54:3f:11:ac]
RSSI: -64 [da:2b:54:3f:11:ac]
RSSI: -63 [da:2b:54:4c:11:cc]
RSSI: -62 [da:2b:54:4c:11:cc]
RSSI: -61 [da:2b:54:4c:11:cc]
RSSI: -63 [da:2b:54:59:11:fc]
RSSI: -62 [da:2b:54:59:11:fc]
RSSI: -62 [da:2b:54:59:11:fc]
RSSI: -61 [da:2b:54:66:12:1c]
RSSI: -63 [da:2b:54:66:12:1c]
RSSI: -62 [da:2b:54:74:12:4c]
RSSI: -91 [da:23:cc:be:09:eb]
RSSI: -61 [da:2b:54:74:12:4c]
RSSI: -91 [da:28:b9:d4:0f:be]
RSSI: -62 [da:2b:54:80:12:6c]
RSSI: -92 [da:28:b9:f3:10:1e]
RSSI: -63 [da:2b:54:9b:12:bc]
RSSI: -62 [da:2b:54:9b:12:bc]
RSSI: -64 [da:2b:54:a8:12:ec]
RSSI: -67 [da:2b:54:b5:13:0c]
RSSI: -66 [da:2b:54:c3:13:3c]
RSSI: -69 [da:2b:54:cf:13:6c]
RSSI: -70 [da:2b:54:cf:13:6c]
RSSI: -76 [da:2b:54:dd:13:8c]
RSSI: -74 [da:2b:54:dd:13:8c]
RSSI: -84 [da:2b:55:04:14:0c]
RSSI: -82 [da:2b:55:04:14:0c]
RSSI: -80 [da:2b:55:12:14:3c]
RSSI: -79 [da:2b:55:12:14:3c]
RSSI: -78 [da:2b:55:1e:14:5c]
RSSI: -78 [da:2b:55:1e:14:5c]
RSSI: -79 [da:2b:55:1e:14:5c]
RSSI: -78 [da:2b:55:2c:14:8c]
RSSI: -78 [da:2b:55:2c:14:8c]
RSSI: -78 [da:2b:55:39:14:bc]
RSSI: -80 [da:2b:55:39:14:bc]
RSSI: -81 [da:2b:55:46:14:dc]
RSSI: -80 [da:2b:55:46:14:dc]
RSSI: -84 [da:2b:55:54:15:0c]
RSSI: -86 [da:2b:55:61:15:3c]
RSSI: -90 [da:2b:55:7b:15:8c]
RSSI: -87 [da:2b:55:89:15:ac]
RSSI: -85 [da:2b:55:95:15:dc]
RSSI: -85 [da:2b:55:a3:15:fc]
RSSI: -85 [da:2b:55:a3:15:fc]
RSSI: -87 [da:2b:55:bd:16:4c]
RSSI: -86 [da:2b:55:ca:16:7c]
RSSI: -86 [da:2b:55:ca:16:7c]
RSSI: -84 [da:2b:55:e4:00:5c]
RSSI: -87 [da:2b:55:f2:00:7c]
RSSI: -86 [da:2b:55:f2:00:7c]
RSSI: -87 [da:2b:55:f2:00:7c]
RSSI: -88 [da:2b:55:ff:00:ac]
RSSI: -90 [da:2b:56:0c:00:cc]
RSSI: -94 [da:23:ce:78:0f:1b]
RSSI: -92 [da:23:ce:87:0f:4b]
RSSI: -90 [da:23:ce:a2:0f:9b]
RSSI: -90 [da:2b:56:69:01:fc]
RSSI: -91 [da:2b:56:83:02:4c]
RSSI: -92 [da:2b:56:91:02:7c]
RSSI: -92 [da:23:ce:da:10:3b]
RSSI: -91 [da:2b:56:91:02:7c]
RSSI: -91 [da:23:ce:e6:10:6b]
RSSI: -86 [da:2b:56:b8:02:ec]
RSSI: -84 [da:2b:56:b8:02:ec]
RSSI: -83 [da:2b:56:c6:03:1c]
RSSI: -85 [da:2b:56:d2:03:3c]
RSSI: -86 [da:2b:56:d2:03:3c]
RSSI: -86 [da:2b:56:d2:03:3c]
RSSI: -85 [da:2b:56:e0:03:6c]
RSSI: -83 [da:2b:56:e0:03:6c]
RSSI: -83 [da:2b:56:ed:03:9c]
RSSI: -85 [da:2b:56:fa:03:bc]
RSSI: -78 [da:2b:57:08:03:ec]
RSSI: -78 [da:2b:57:15:04:0c]
RSSI: -90 [da:23:cf:63:11:db]
RSSI: -78 [da:2b:57:15:04:0c]
RSSI: -82 [da:2b:57:22:04:3c]
RSSI: -90 [da:23:cf:72:12:0b]
RSSI: -82 [da:2b:57:22:04:3c]
RSSI: -90 [da:23:cf:72:12:0b]
RSSI: -84 [da:2b:57:2f:04:6c]
RSSI: -85 [da:2b:57:3d:04:8c]
RSSI: -94 [da:23:cf:9b:12:8b]
RSSI: -85 [da:2b:57:65:05:0c]
RSSI: -84 [da:2b:57:7f:05:5c]
RSSI: -90 [da:2b:57:7f:05:5c]
RSSI: -88 [da:2b:57:8d:05:8c]
RSSI: -85 [da:2b:57:8d:05:8c]
RSSI: -93 [da:23:cf:fd:13:ab]
RSSI: -86 [da:2b:57:b4:06:0c]
RSSI: -83 [da:2b:57:c1:06:2c]
RSSI: -83 [da:2b:57:c1:06:2c]
RSSI: -85 [da:2b:57:cf:06:5c]
RSSI: -86 [da:2b:57:cf:06:5c]
RSSI: -84 [da:2b:57:dc:06:8c]
RSSI: -79 [da:2b:57:e9:06:ac]
RSSI: -82 [da:2b:57:f7:06:dc]
RSSI: -94 [da:23:d0:42:14:7b]
RSSI: -80 [da:2b:57:f7:06:dc]
RSSI: -84 [da:2b:58:04:07:0c]
RSSI: -83 [da:2b:58:04:07:0c]
RSSI: -88 [da:23:d0:5d:14:cb]
RSSI: -85 [da:2b:58:11:07:2c]
RSSI: -86 [da:2b:58:39:07:ac]
RSSI: -90 [da:23:d0:ce:16:0b]
RSSI: -85 [da:2b:58:88:08:ac]
RSSI: -88 [da:23:d0:db:16:3b]
RSSI: -91 [da:2b:58:a4:09:0c]
RSSI: -89 [da:2b:58:a4:09:0c]
RSSI: -87 [da:2b:58:b0:09:2c]
RSSI: -84 [da:2b:58:be:09:5c]
RSSI: -83 [da:2b:58:be:09:5c]
RSSI: -84 [da:23:d1:13:00:5b]
RSSI: -83 [da:2b:58:cc:09:8c]
RSSI: -86 [da:23:d1:13:00:5b]
RSSI: -81 [da:2b:58:d8:09:ac]
RSSI: -85 [da:2b:58:d8:09:ac]
RSSI: -88 [da:23:d1:2f:00:ab]
RSSI: -83 [da:2b:58:e6:09:dc]
RSSI: -87 [da:23:d1:2f:00:ab]
RSSI: -80 [da:2b:58:e6:09:dc]
RSSI: -83 [da:23:d1:3d:00:cb]
RSSI: -86 [da:23:d1:3d:00:cb]
RSSI: -86 [da:23:d1:4c:00:fb]
RSSI: -86 [da:23:d1:58:01:1b]
RSSI: -83 [da:23:d1:67:01:4b]
RSSI: -85 [da:2b:59:1b:0a:8c]
RSSI: -85 [da:23:d1:67:01:4b]
RSSI: -85 [da:2b:59:1b:0a:8c]
RSSI: -86 [da:2b:59:28:0a:ac]
RSSI: -86 [da:2b:59:28:0a:ac]
RSSI: -82 [da:23:d1:82:01:9b]
RSSI: -82 [da:2b:59:36:0a:dc]
RSSI: -84 [da:23:d1:9f:01:eb]
RSSI: -86 [da:23:d1:9f:01:eb]
RSSI: -86 [da:2b:59:5e:0b:5c]
RSSI: -82 [da:23:d1:ac:02:1b]
RSSI: -85 [da:23:d1:ac:02:1b]
RSSI: -83 [da:23:d1:bb:02:4b]
RSSI: -84 [da:23:d1:c9:02:6b]
RSSI: -86 [da:2b:59:78:0b:ac]
RSSI: -86 [da:2b:59:78:0b:ac]
RSSI: -86 [da:23:d1:d6:02:9b]
RSSI: -84 [da:23:d1:d6:02:9b]
RSSI: -87 [da:23:d1:d6:02:9b]
RSSI: -84 [da:23:d1:e5:02:bb]
RSSI: -86 [da:23:d1:e5:02:bb]
RSSI: -87 [da:23:d1:f3:02:eb]
RSSI: -91 [da:28:be:fa:08:4e]
RSSI: -86 [da:23:d2:00:03:0b]
RSSI: -93 [da:28:bf:1a:08:9e]
RSSI: -91 [da:25:b6:2e:05:7a]
RSSI: -88 [da:2b:59:e3:0d:0c]
RSSI: -89 [da:28:bf:46:09:1e]
RSSI: -89 [da:23:d2:47:03:eb]
RSSI: -86 [da:2b:5a:0c:0d:8c]
RSSI: -87 [da:2b:5a:0c:0d:8c]
RSSI: -85 [da:23:d2:62:04:3b]
RSSI: -88 [da:25:b6:67:06:2a]
RSSI: -84 [da:25:b6:67:06:2a]
RSSI: -87 [da:2b:5a:26:0d:dc]
RSSI: -86 [da:23:d2:71:04:5b]
RSSI: -90 [da:25:b6:74:06:4a]
RSSI: -86 [da:2b:5a:26:0d:dc]
RSSI: -86 [da:25:b6:74:06:4a]
RSSI: -86 [da:23:d2:7e:04:8b]
RSSI: -86 [da:25:b6:83:06:7a]
RSSI: -85 [da:25:b6:83:06:7a]
RSSI: -87 [da:23:d2:8c:04:ab]
RSSI: -83 [da:25:b6:92:06:aa]
RSSI: -88 [da:23:d2:8c:04:ab]
RSSI: -83 [da:25:b6:92:06:aa]
RSSI: -88 [da:23:d2:9b:04:db]
RSSI: -80 [da:2b:5a:4e:0e:5c]
RSSI: -83 [da:25:b6:9e:06:ca]
RSSI: -81 [da:25:b6:9e:06:ca]
RSSI: -88 [da:23:d2:a7:05:0b]
RSSI: -84 [da:2b:5a:5c:0e:8c]
RSSI: -82 [da:25:b6:ad:06:fa]
RSSI: -93 [da:23:d2:b6:05:2b]
RSSI: -85 [da:25:b6:bc:07:1a]
RSSI: -84 [da:2b:5a:76:0e:dc]
RSSI: -85 [da:2b:5a:84:0f:0c]
RSSI: -82 [da:2b:5a:84:0f:0c]
RSSI: -82 [da:25:b6:d8:07:6a]
RSSI: -81 [da:25:b6:d8:07:6a]
RSSI: -81 [da:2b:5a:90:0f:2c]
RSSI: -80 [da:2b:5a:9e:0f:5c]
RSSI: -80 [da:2b:5a:9e:0f:5c]
RSSI: -80 [da:2b:5a:ac:0f:8c]
RSSI: -86 [da:25:b6:f3:07:ba]
RSSI: -81 [da:2b:5a:ac:0f:8c]
RSSI: -79 [da:2b:5a:ac:0f:8c]
RSSI: -82 [da:25:b7:02:07:ea]
RSSI: -77 [da:2b:5a:b9:0f:ac]
RSSI: -83 [da:2b:5a:b9:0f:ac]
RSSI: -90 [da:23:d3:0a:06:2b]
RSSI: -83 [da:25:b7:11:08:0a]
RSSI: -81 [da:2b:5a:c6:0f:dc]
RSSI: -77 [da:2b:5a:c6:0f:dc]
RSSI: -78 [da:2b:5a:c6:0f:dc]
RSSI: -85 [da:25:b7:1e:08:3a]
RSSI: -85 [da:25:b7:1e:08:3a]
RSSI: -88 [da:28:c0:30:0b:ce]
RSSI: -86 [da:25:b7:2d:08:6a]
RSSI: -89 [da:2b:5a:e1:10:2c]
RSSI: -89 [da:23:d3:34:06:ab]
RSSI: -86 [da:28:c0:40:0b:fe]
RSSI: -86 [da:28:c0:40:0b:fe]
RSSI: -87 [da:25:b7:3c:08:8a]
RSSI: -90 [da:23:d3:43:06:db]
RSSI: -85 [da:28:c0:50:0c:2e]
RSSI: -78 [da:2b:5a:fc:10:8c]
RSSI: -82 [da:28:c0:5c:0c:4e]
RSSI: -73 [da:2b:5b:09:10:ac]
RSSI: -72 [da:2b:5b:09:10:ac]
RSSI: -82 [da:28:c0:6c:0c:7e]
RSSI: -75 [da:2b:5b:17:10:dc]
RSSI: -70 [da:2b:5b:17:10:dc]
RSSI: -81 [da:28:c0:7c:0c:ae]
RSSI: -82 [da:28:c0:7c:0c:ae]
RSSI: -69 [da:2b:5b:24:11:0c]
RSSI: -68 [da:2b:5b:31:11:2c]
RSSI: -81 [da:28:c0:89:0c:ce]
RSSI: -68 [da:2b:5b:31:11:2c]
RSSI: -81 [da:28:c0:89:0c:ce]
RSSI: -67 [da:2b:5b:31:11:2c]
RSSI: -69 [da:2b:5b:3f:11:5c]
RSSI: -80 [da:28:c0:99:0c:fe]
RSSI: -66 [da:2b:5b:3f:11:5c]
RSSI: -88 [da:23:d3:97:07:db]
RSSI: -65 [da:2b:5b:4d:11:8c]
RSSI: -67 [da:2b:5b:4d:11:8c]
RSSI: -79 [da:28:c0:a8:0d:2e]
RSSI: -88 [da:23:d3:a3:07:fb]
RSSI: -65 [da:2b:5b:59:11:ac]
RSSI: -64 [da:2b:5b:59:11:ac]
RSSI: -80 [da:28:c0:b5:0d:5e]
RSSI: -66 [da:2b:5b:67:11:dc]
RSSI: -89 [da:23:d3:c1:08:4b]
RSSI: -80 [da:28:c0:c5:0d:7e]
RSSI: -66 [da:2b:5b:75:12:0c]
RSSI: -81 [da:28:c0:d5:0d:ae]
RSSI: -88 [da:23:d3:ce:08:7b]
RSSI: -80 [da:28:c0:d5:0d:ae]
RSSI: -65 [da:2b:5b:81:12:2c]
RSSI: -81 [da:28:c0:e1:0d:ce]
RSSI: -87 [da:23:d3:dc:08:9b]
RSSI: -66 [da:2b:5b:8f:12:5c]
RSSI: -65 [da:2b:5b:8f:12:5c]
RSSI: -82 [da:28:c0:f1:0d:fe]
RSSI: -82 [da:28:c0:f1:0d:fe]
RSSI: -67 [da:2b:5b:9d:12:8c]
RSSI: -82 [da:28:c1:01:0e:2e]
RSSI: -83 [da:28:c1:01:0e:2e]
RSSI: -67 [da:2b:5b:aa:12:ac]
RSSI: -87 [da:23:d3:f8:08:fb]
RSSI: -68 [da:2b:5b:b7:12:dc]
RSSI: -84 [da:28:c1:0e:0e:4e]
RSSI: -69 [da:2b:5b:b7:12:dc]
RSSI: -83 [da:28:c1:0e:0e:4e]
RSSI: -84 [da:28:c1:0e:0e:4e]
RSSI: -69 [da:2b:5b:b7:12:dc]
RSSI: -70 [da:2b:5b:c5:13:0c]
RSSI: -70 [da:2b:5b:c5:13:0c]
RSSI: -84 [da:28:c1:1e:0e:7e]
RSSI: -87 [da:28:c1:2d:0e:ae]
RSSI: -71 [da:2b:5b:d2:13:2c]
RSSI: -73 [da:2b:5b:d2:13:2c]
RSSI: -73 [da:2b:5b:e0:13:5c]
RSSI: -88 [da:28:c1:3a:0e:ce]
RSSI: -75 [da:2b:5b:e0:13:5c]
RSSI: -90 [da:23:d4:31:09:9b]
RSSI: -77 [da:2b:5b:ed:13:8c]
RSSI: -88 [da:23:d4:3f:09:cb]
RSSI: -89 [da:28:c1:4a:0e:fe]
RSSI: -90 [da:28:c1:4a:0e:fe]
RSSI: -90 [da:28:c1:4a:0e:fe]
RSSI: -87 [da:23:d4:5b:0a:1b]
RSSI: -90 [da:23:d4:69:0a:4b]
RSSI: -84 [da:2b:5c:16:14:0c]
RSSI: -83 [da:2b:5c:22:14:2c]
RSSI: -82 [da:2b:5c:22:14:2c]
RSSI: -80 [da:2b:5c:30:14:5c]
RSSI: -91 [da:28:c1:86:0f:ae]
RSSI: -79 [da:2b:5c:30:14:5c]
RSSI: -87 [da:23:d4:85:0a:9b]
RSSI: -90 [da:23:d4:85:0a:9b]
RSSI: -78 [da:2b:5c:3e:14:8c]
RSSI: -80 [da:2b:5c:3e:14:8c]
RSSI: -87 [da:23:d4:93:0a:cb]
RSSI: -83 [da:2b:5c:4b:14:ac]
RSSI: -90 [da:28:c1:a3:10:0e]
RSSI: -80 [da:2b:5c:4b:14:ac]
RSSI: -83 [da:2b:5c:59:14:dc]
RSSI: -87 [da:23:d4:a0:0a:eb]
RSSI: -89 [da:23:d4:b7:0b:2b]
RSSI: -90 [da:23:d4:c4:0b:5b]
RSSI: -89 [da:2b:5c:8f:15:7c]
RSSI: -88 [da:2b:5c:9b:15:ac]
RSSI: -89 [da:23:d4:f1:0b:db]
RSSI: -86 [da:2b:5c:a9:15:dc]
RSSI: -93 [da:28:c2:18:11:5e]
RSSI: -88 [da:2b:5c:df:16:7c]
RSSI: -87 [da:2b:5c:ec:00:2c]
RSSI: -91 [da:2b:5d:08:00:7c]
RSSI: -91 [da:2b:5d:14:00:ac]
RSSI: -97 [da:28:c2:71:12:5e]
RSSI: -89 [da:2b:5d:22:00:dc]
RSSI: -95 [da:23:d5:77:0d:6b]
RSSI: -94 [da:28:c2:91:12:be]
RSSI: -93 [da:23:d5:a4:0d:fb]
RSSI: -90 [da:23:d5:b1:0e:1b]
RSSI: -93 [da:23:d5:cf:0e:6b]
RSSI: -93 [da:28:c2:f7:13:de]
RSSI: -88 [da:23:d5:ea:0e:cb]
RSSI: -87 [da:23:d5:f9:0e:eb]
RSSI: -81 [da:23:d6:05:0f:1b]
RSSI: -88 [da:23:d6:05:0f:1b]
RSSI: -90 [da:2b:5d:c4:02:cc]
RSSI: -85 [da:23:d6:30:0f:9b]
RSSI: -83 [da:23:d6:30:0f:9b]
RSSI: -85 [da:23:d6:3f:0f:cb]
RSSI: -84 [da:23:d6:3f:0f:cb]
RSSI: -85 [da:23:d6:4d:0f:eb]
RSSI: -91 [da:2b:5d:fa:03:7c]
RSSI: -87 [da:23:d6:4d:0f:eb]
RSSI: -87 [da:23:d6:5a:10:1b]
RSSI: -85 [da:2b:5e:15:03:cc]
RSSI: -82 [da:2b:5e:23:03:fc]
RSSI: -88 [da:23:d6:78:10:6b]
RSSI: -89 [da:2b:5e:2f:04:2c]
RSSI: -84 [da:2b:5e:2f:04:2c]
RSSI: -86 [da:23:d6:84:10:9b]
RSSI: -91 [da:28:c3:a9:15:de]
RSSI: -85 [da:23:d6:a2:10:eb]
RSSI: -90 [da:23:d6:a2:10:eb]
RSSI: -86 [da:23:d6:af:11:1b]
RSSI: -87 [da:23:d6:cd:11:6b]
RSSI: -94 [da:28:c3:d6:16:5e]
RSSI: -86 [da:23:d6:cd:11:6b]
RSSI: -86 [da:23:d6:d9:11:8b]
RSSI: -86 [da:23:d6:d9:11:8b]
RSSI: -86 [da:23:d6:e8:11:bb]
RSSI: -87 [da:2b:5e:9c:05:7c]
RSSI: -85 [da:23:d6:f7:11:eb]
RSSI: -85 [da:2b:5e:a9:05:ac]
RSSI: -85 [da:23:d7:04:12:0b]
RSSI: -84 [da:2b:5e:b7:05:cc]
RSSI: -88 [da:23:d7:12:12:3b]
RSSI: -89 [da:23:d7:2e:12:8b]
RSSI: -81 [da:2b:5e:df:06:5c]
RSSI: -86 [da:2b:5e:ed:06:7c]
RSSI: -86 [da:2b:5e:ed:06:7c]
RSSI: -82 [da:2b:5e:fa:06:ac]
RSSI: -80 [da:2b:5f:08:06:dc]
RSSI: -92 [da:23:d7:67:13:3b]
RSSI: -85 [da:2b:5f:16:06:fc]
RSSI: -81 [da:2b:5f:22:07:2c]
RSSI: -81 [da:2b:5f:22:07:2c]
RSSI: -86 [da:2b:5f:22:07:2c]
RSSI: -82 [da:2b:5f:30:07:5c]
RSSI: -82 [da:2b:5f:30:07:5c]
RSSI: -84 [da:2b:5f:3e:07:8c]
RSSI: -90 [da:23:d7:92:13:bb]
RSSI: -83 [da:2b:5f:4b:07:ac]
RSSI: -89 [da:23:d7:a1:13:db]
RSSI: -88 [da:2b:5f:59:07:dc]
RSSI: -85 [da:2b:5f:59:07:dc]
RSSI: -90 [da:23:d7:cb:14:5b]
RSSI: -87 [da:2b:5f:82:08:5c]
RSSI: -88 [da:23:d7:d8:14:7b]
RSSI: -91 [da:2b:5f:9c:08:ac]
RSSI: -85 [da:23:d7:f6:14:db]
RSSI: -87 [da:23:d7:f6:14:db]
RSSI: -81 [da:2b:5f:c5:09:2c]
RSSI: -84 [da:23:d8:11:15:2b]
RSSI: -81 [da:2b:5f:c5:09:2c]
RSSI: -83 [da:23:d8:11:15:2b]
RSSI: -83 [da:23:d8:20:15:5b]
RSSI: -83 [da:23:d8:20:15:5b]
RSSI: -80 [da:2b:5f:d3:09:5c]
RSSI: -82 [da:23:d8:2d:15:7b]
RSSI: -81 [da:2b:5f:e1:09:8c]
RSSI: -84 [da:23:d8:2d:15:7b]
RSSI: -83 [da:2b:5f:e1:09:8c]
RSSI: -91 [da:25:bc:41:00:da]
RSSI: -83 [da:23:d8:4b:15:cb]
RSSI: -84 [da:23:d8:57:15:fb]
RSSI: -84 [da:2b:60:0a:0a:0c]
RSSI: -82 [da:23:d8:57:15:fb]
RSSI: -87 [da:2b:60:16:0a:3c]
RSSI: -82 [da:23:d8:66:16:2b]
RSSI: -83 [da:23:d8:66:16:2b]
RSSI: -84 [da:2b:60:24:0a:6c]
RSSI: -80 [da:23:d8:75:16:4b]
RSSI: -84 [da:2b:60:24:0a:6c]
RSSI: -84 [da:2b:60:24:0a:6c]
RSSI: -81 [da:23:d8:75:16:4b]
RSSI: -84 [da:2b:60:24:0a:6c]
RSSI: -86 [da:2b:60:32:0a:8c]
RSSI: -85 [da:2b:60:32:0a:8c]
RSSI: -80 [da:23:d8:82:16:7b]
RSSI: -79 [da:23:d8:91:00:2b]
RSSI: -78 [da:23:d8:a0:00:5b]
RSSI: -77 [da:23:d8:ac:00:7b]
RSSI: -76 [da:23:d8:ac:00:7b]
RSSI: -90 [da:2b:60:68:0b:3c]
RSSI: -76 [da:23:d8:bb:00:ab]
RSSI: -87 [da:2b:60:76:0b:6c]
RSSI: -74 [da:23:d8:ca:00:db]
RSSI: -86 [da:2b:60:84:0b:9c]
RSSI: -87 [da:2b:60:84:0b:9c]
RSSI: -75 [da:23:d8:d7:00:fb]
RSSI: -85 [da:2b:60:90:0b:bc]
RSSI: -75 [da:23:d8:e6:01:2b]
RSSI: -74 [da:23:d8:e6:01:2b]
RSSI: -91 [da:2b:60:9e:0b:ec]
RSSI: -72 [da:23:d8:f5:01:5b]
RSSI: -75 [da:23:d8:f5:01:5b]
RSSI: -72 [da:23:d9:01:01:7b]
RSSI: -73 [da:23:d9:11:01:ab]
RSSI: -86 [da:2b:60:be:0c:5c]
RSSI: -74 [da:23:d9:1f:01:db]
RSSI: -87 [da:2b:60:cf:0c:8c]
RSSI: -73 [da:23:d9:1f:01:db]
RSSI: -72 [da:23:d9:2c:01:fb]
RSSI: -74 [da:23:d9:2c:01:fb]
RSSI: -72 [da:23:d9:3b:02:2b]
RSSI: -75 [da:23:d9:4a:02:5b]
RSSI: -74 [da:23:d9:4a:02:5b]
RSSI: -75 [da:23:d9:57:02:7b]
RSSI: -88 [da:2b:61:12:0d:5c]
RSSI: -75 [da:23:d9:66:02:ab]
RSSI: -76 [da:23:d9:66:02:ab]
RSSI: -83 [da:2b:61:20:0d:8c]
RSSI: -77 [da:23:d9:75:02:db]
RSSI: -77 [da:23:d9:75:02:db]
RSSI: -83 [da:2b:61:2e:0d:bc]
RSSI: -77 [da:23:d9:81:02:fb]
RSSI: -78 [da:23:d9:81:02:fb]
RSSI: -79 [da:23:d9:90:03:2b]
RSSI: -80 [da:23:d9:90:03:2b]
RSSI: -82 [da:2b:61:49:0e:0c]
RSSI: -82 [da:23:d9:9f:03:5b]
RSSI: -82 [da:23:d9:9f:03:5b]
RSSI: -82 [da:2b:61:57:0e:3c]
RSSI: -83 [da:23:d9:ac:03:7b]
RSSI: -85 [da:23:d9:ac:03:7b]
RSSI: -85 [da:2b:61:64:0e:6c]
RSSI: -83 [da:23:d9:bb:03:ab]
RSSI: -85 [da:2b:61:72:0e:9c]
RSSI: -85 [da:23:d9:bb:03:ab]
RSSI: -87 [da:2b:61:80:0e:bc]
RSSI: -87 [da:2b:61:80:0e:bc]
RSSI: -87 [da:23:d9:d7:03:fb]
RSSI: -83 [da:2b:61:8c:0e:ec]
RSSI: -83 [da:23:d9:e6:04:2b]
RSSI: -85 [da:23:d9:e6:04:2b]
RSSI: -83 [da:23:d9:f5:04:5b]
RSSI: -81 [da:23:d9:f5:04:5b]
RSSI: -82 [da:23:d9:f5:04:5b]
RSSI: -81 [da:2b:61:b5:0f:6c]
RSSI: -82 [da:23:da:01:04:7b]
RSSI: -80 [da:2b:61:b5:0f:6c]
RSSI: -84 [da:23:da:10:04:ab]
RSSI: -79 [da:2b:61:c4:0f:9c]
RSSI: -84 [da:23:da:10:04:ab]
RSSI: -84 [da:23:da:10:04:ab]
RSSI: -83 [da:2b:61:c4:0f:9c]
RSSI: -80 [da:2b:61:d2:0f:cc]
RSSI: -83 [da:23:da:1f:04:db]
RSSI: -81 [da:2b:61:d2:0f:cc]
RSSI: -79 [da:2b:61:d2:0f:cc]
RSSI: -84 [da:23:da:2c:04:fb]
RSSI: -84 [da:2b:61:ec:10:1c]
RSSI: -86 [da:23:da:4a:05:5b]
RSSI: -91 [da:28:c7:5a:0a:1e]
RSSI: -77 [da:2b:62:07:10:7c]
RSSI: -73 [da:2b:62:15:10:9c]
RSSI: -89 [da:28:c7:73:0a:6e]
RSSI: -72 [da:2b:62:15:10:9c]
RSSI: -90 [da:28:c7:73:0a:6e]
RSSI: -74 [da:2b:62:23:10:cc]
RSSI: -86 [da:23:da:75:05:db]
RSSI: -70 [da:2b:62:30:10:fc]
RSSI: -69 [da:2b:62:30:10:fc]
RSSI: -72 [da:2b:62:30:10:fc]
RSSI: -87 [da:23:da:81:05:fb]
RSSI: -69 [da:2b:62:3e:11:1c]
RSSI: -68 [da:2b:62:3e:11:1c]
RSSI: -92 [da:28:c7:a6:0a:fe]
RSSI: -69 [da:2b:62:4c:11:4c]
RSSI: -68 [da:2b:62:4c:11:4c]
RSSI: -85 [da:23:da:a0:06:5b]
RSSI: -66 [da:2b:62:59:11:7c]
RSSI: -69 [da:2b:62:59:11:7c]
RSSI: -86 [da:23:da:ac:06:7b]
RSSI: -65 [da:2b:62:67:11:9c]
RSSI: -65 [da:2b:62:67:11:9c]
RSSI: -89 [da:28:c7:cc:0b:6e]
RSSI: -65 [da:2b:62:75:11:cc]
RSSI: -68 [da:2b:62:82:11:fc]
RSSI: -65 [da:2b:62:90:12:1c]
RSSI: -69 [da:2b:62:90:12:1c]
RSSI: -88 [da:23:da:e6:07:2b]
RSSI: -86 [da:28:c7:f2:0b:de]
RSSI: -66 [da:2b:62:9e:12:4c]
RSSI: -65 [da:2b:62:9e:12:4c]
RSSI: -85 [da:28:c7:ff:0b:fe]
RSSI: -70 [da:2b:62:ab:12:7c]
RSSI: -84 [da:28:c8:0c:0c:1e]
RSSI: -67 [da:2b:62:ab:12:7c]
RSSI: -84 [da:28:c8:0c:0c:1e]
RSSI: -67 [da:2b:62:b9:12:9c]
RSSI: -82 [da:28:c8:18:0c:4e]
RSSI: -71 [da:2b:62:b9:12:9c]
RSSI: -83 [da:28:c8:18:0c:4e]
RSSI: -68 [da:2b:62:c7:12:cc]
RSSI: -82 [da:28:c8:25:0c:6e]
RSSI: -87 [da:23:db:20:07:db]
RSSI: -89 [da:23:db:20:07:db]
RSSI: -81 [da:28:c8:32:0c:8e]
RSSI: -70 [da:2b:62:d4:12:fc]
RSSI: -81 [da:28:c8:32:0c:8e]
RSSI: -95 [da:25:bf:3b:09:5a]
RSSI: -76 [da:2b:62:f0:13:4c]
RSSI: -81 [da:28:c8:58:0c:fe]
RSSI: -79 [da:2b:62:fd:13:7c]
RSSI: -81 [da:28:c8:58:0c:fe]
RSSI: -83 [da:2b:62:fd:13:7c]
RSSI: -87 [da:23:db:57:08:7b]
RSSI: -79 [da:28:c8:65:0d:1e]
RSSI: -88 [da:23:db:57:08:7b]
RSSI: -80 [da:28:c8:71:0d:4e]
RSSI: -88 [da:23:db:67:08:ab]
RSSI: -88 [da:2b:63:19:13:cc]
RSSI: -86 [da:23:db:67:08:ab]
RSSI: -81 [da:28:c8:7e:0d:6e]
RSSI: -87 [da:23:db:76:08:db]
RSSI: -80 [da:28:c8:7e:0d:6e]
RSSI: -81 [da:2b:63:26:13:fc]
RSSI: -78 [da:28:c8:8b:0d:8e]
RSSI: -80 [da:2b:63:34:14:2c]
RSSI: -80 [da:28:c8:98:0d:be]
RSSI: -81 [da:2b:63:42:14:4c]
RSSI: -81 [da:28:c8:a4:0d:de]
RSSI: -88 [da:23:db:91:09:2b]
RSSI: -78 [da:28:c8:a4:0d:de]
RSSI: -79 [da:2b:63:4f:14:7c]
RSSI: -87 [da:23:db:a0:09:5b]
RSSI: -78 [da:28:c8:b1:0d:fe]
RSSI: -87 [da:23:db:ad:09:7b]
RSSI: -82 [da:2b:63:5d:14:ac]
RSSI: -81 [da:28:c8:be:0e:2e]
RSSI: -82 [da:2b:63:5d:14:ac]
RSSI: -86 [da:2b:63:6b:14:dc]
RSSI: -85 [da:2b:63:78:14:fc]
RSSI: -87 [da:23:db:d8:09:fb]
RSSI: -84 [da:28:c8:e4:0e:9e]
RSSI: -87 [da:2b:63:86:15:2c]
RSSI: -88 [da:23:db:d8:09:fb]
RSSI: -87 [da:23:db:e7:0a:2b]
RSSI: -86 [da:28:c8:f1:0e:be]
RSSI: -88 [da:23:db:f6:0a:5b]
RSSI: -89 [da:28:c9:0a:0f:0e]
RSSI: -83 [da:2b:63:af:15:ac]
RSSI: -85 [da:2b:63:bd:15:dc]
RSSI: -84 [da:2b:63:bd:15:dc]
RSSI: -87 [da:2b:63:ca:15:fc]
RSSI: -90 [da:23:dc:21:0a:db]
RSSI: -86 [da:2b:63:e6:16:5c]
RSSI: -86 [da:2b:63:e6:16:5c]
RSSI: -85 [da:2b:63:f3:00:0c]
RSSI: -84 [da:2b:64:01:00:2c]
RSSI: -86 [da:2b:64:0f:00:5c]
RSSI: -92 [da:2b:64:1c:00:8c]
RSSI: -86 [da:2b:64:39:00:dc]
RSSI: -95 [da:2b:64:54:01:2c]
RSSI: -88 [da:2b:64:8b:01:dc]
RSSI: -90 [da:2b:64:cf:02:bc]
RSSI: -91 [da:23:dd:23:0d:db]
RSSI: -91 [da:23:dd:2f:0d:fb]
RSSI: -90 [da:2b:64:f8:03:3c]
RSSI: -90 [da:23:dd:3f:0e:2b]
RSSI: -91 [da:2b:64:f8:03:3c]
RSSI: -90 [da:23:dd:4e:0e:5b]
RSSI: -89 [da:2b:65:06:03:6c]
RSSI: -88 [da:2b:65:13:03:8c]
RSSI: -82 [da:2b:65:21:03:bc]
RSSI: -86 [da:2b:65:30:03:ec]
RSSI: -85 [da:2b:65:3c:04:0c]
RSSI: -88 [da:23:dd:95:0f:2b]
RSSI: -87 [da:2b:65:59:04:6c]
RSSI: -85 [da:23:dd:a4:0f:5b]
RSSI: -84 [da:23:dd:b0:0f:7b]
RSSI: -84 [da:23:dd:b0:0f:7b]
RSSI: -85 [da:23:dd:c0:0f:ab]
RSSI: -85 [da:23:dd:c0:0f:ab]
RSSI: -84 [da:23:dd:cf:0f:db]
RSSI: -86 [da:23:dd:cf:0f:db]
RSSI: -87 [da:23:dd:eb:10:2b]
RSSI: -86 [da:23:dd:fa:10:5b]
RSSI: -86 [da:2b:65:b8:05:8c]
RSSI: -87 [da:23:de:07:10:7b]
RSSI: -89 [da:23:de:07:10:7b]
RSSI: -86 [da:23:de:16:10:ab]
RSSI: -84 [da:2b:65:c6:05:bc]
RSSI: -85 [da:23:de:25:10:db]
RSSI: -88 [da:2b:65:d5:05:ec]
RSSI: -84 [da:2b:65:f0:06:3c]
RSSI: -94 [da:28:cb:4a:15:7e]
RSSI: -77 [da:23:de:41:11:2b]
RSSI: -85 [da:2b:65:fe:06:6c]
RSSI: -86 [da:23:de:50:11:5b]
RSSI: -84 [da:2b:66:0a:06:9c]
RSSI: -86 [da:23:de:5d:11:7b]
RSSI: -84 [da:23:de:7b:11:db]
RSSI: -86 [da:2b:66:34:07:1c]
RSSI: -83 [da:23:de:88:11:fb]
RSSI: -83 [da:23:de:88:11:fb]
RSSI: -83 [da:23:de:88:11:fb]
RSSI: -86 [da:2b:66:42:07:4c]
RSSI: -87 [da:2b:66:42:07:4c]
RSSI: -83 [da:23:de:97:12:2b]
RSSI: -83 [da:23:de:97:12:2b]
RSSI: -86 [da:2b:66:50:07:7c]
RSSI: -84 [da:23:de:a6:12:5b]
RSSI: -84 [da:23:de:a6:12:5b]
RSSI: -88 [da:23:de:c2:12:ab]
RSSI: -84 [da:2b:66:7a:07:fc]
RSSI: -88 [da:23:de:d2:12:db]
RSSI: -85 [da:2b:66:86:08:2c]
RSSI: -88 [da:2b:66:95:08:5c]
RSSI: -90 [da:23:de:ee:13:2b]
RSSI: -93 [da:2b:66:b0:08:ac]
RSSI: -91 [da:23:de:fd:13:5b]
RSSI: -93 [da:2b:66:b0:08:ac]
RSSI: -88 [da:2b:66:cc:09:0c]
RSSI: -83 [da:2b:66:cc:09:0c]
RSSI: -87 [da:23:df:28:13:db]
RSSI: -86 [da:2b:66:d9:09:2c]
RSSI: -88 [da:23:df:35:14:0b]
RSSI: -87 [da:23:df:44:14:2b]
RSSI: -88 [da:2b:66:f6:09:8c]
RSSI: -88 [da:23:df:44:14:2b]
RSSI: -84 [da:23:df:53:14:5b]
RSSI: -87 [da:23:df:53:14:5b]
RSSI: -84 [da:23:df:60:14:7b]
RSSI: -87 [da:2b:67:11:09:dc]
RSSI: -83 [da:23:df:60:14:7b]
RSSI: -84 [da:23:df:6f:14:ab]
RSSI: -87 [da:2b:67:1f:0a:0c]
RSSI: -85 [da:23:df:7e:14:db]
RSSI: -83 [da:23:df:8b:14:fb]
RSSI: -83 [da:2b:67:49:0a:9c]
RSSI: -84 [da:23:df:9a:15:2b]
RSSI: -81 [da:23:df:aa:15:5b]
RSSI: -85 [da:2b:67:55:0a:bc]
RSSI: -83 [da:23:df:aa:15:5b]
RSSI: -81 [da:23:df:b6:15:7b]
RSSI: -82 [da:23:df:b6:15:7b]
RSSI: -83 [da:23:df:c6:15:ab]
RSSI: -80 [da:23:df:c6:15:ab]
RSSI: -81 [da:23:df:d5:15:db]
RSSI: -81 [da:23:df:e1:15:fb]
RSSI: -81 [da:23:df:e1:15:fb]
RSSI: -81 [da:23:df:e1:15:fb]
RSSI: -81 [da:23:df:f1:16:2b]
RSSI: -80 [da:23:df:f1:16:2b]
RSSI: -87 [da:2b:67:a8:0b:cc]
RSSI: -78 [da:23:e0:00:16:5b]
RSSI: -79 [da:23:e0:0d:16:7b]
RSSI: -77 [da:23:e0:1c:00:2b]
RSSI: -88 [da:2b:67:d2:0c:4c]
RSSI: -74 [da:23:e0:2b:00:5b]
RSSI: -88 [da:2b:67:e0:0c:7c]
RSSI: -74 [da:23:e0:38:00:8b]
RSSI: -74 [da:23:e0:38:00:8b]
RSSI: -74 [da:23:e0:47:00:ab]
RSSI: -73 [da:23:e0:47:00:ab]
RSSI: -73 [da:23:e0:57:00:db]
RSSI: -73 [da:23:e0:57:00:db]
RSSI: -72 [da:23:e0:63:01:0b]
RSSI: -72 [da:23:e0:63:01:0b]
RSSI: -71 [da:23:e0:73:01:3b]
RSSI: -73 [da:23:e0:73:01:3b]
RSSI: -71 [da:23:e0:82:01:5b]
RSSI: -71 [da:23:e0:82:01:5b]
RSSI: -71 [da:23:e0:8f:01:8b]
RSSI: -72 [da:23:e0:9e:01:bb]
RSSI: -71 [da:23:e0:9e:01:bb]
RSSI: -72 [da:23:e0:ad:01:db]
RSSI: -72 [da:23:e0:ba:02:0b]
RSSI: -70 [da:23:e0:ba:02:0b]
RSSI: -73 [da:23:e0:c9:02:2b]
RSSI: -73 [da:23:e0:d9:02:5b]
RSSI: -73 [da:23:e0:d9:02:5b]
RSSI: -74 [da:23:e0:d9:02:5b]
RSSI: -71 [da:23:e0:e5:02:8b]
RSSI: -74 [da:23:e0:e5:02:8b]
RSSI: -73 [da:23:e0:f5:02:ab]
RSSI: -87 [da:2b:68:b0:0f:0c]
RSSI: -75 [da:23:e1:04:02:db]
RSSI: -86 [da:2b:68:b0:0f:0c]
RSSI: -76 [da:23:e1:04:02:db]
RSSI: -85 [da:2b:68:be:0f:3c]
RSSI: -85 [da:2b:68:be:0f:3c]
RSSI: -77 [da:23:e1:11:03:0b]
RSSI: -77 [da:23:e1:11:03:0b]
RSSI: -83 [da:2b:68:cb:0f:6c]
RSSI: -82 [da:2b:68:cb:0f:6c]
RSSI: -78 [da:23:e1:20:03:2b]
RSSI: -78 [da:23:e1:20:03:2b]
RSSI: -81 [da:23:e1:2f:03:5b]
RSSI: -83 [da:23:e1:3c:03:8b]
RSSI: -83 [da:23:e1:4b:03:bb]
RSSI: -83 [da:23:e1:4b:03:bb]
RSSI: -88 [da:2b:69:03:10:1c]
RSSI: -87 [da:23:e1:4b:03:bb]
RSSI: -85 [da:23:e1:5b:03:eb]
RSSI: -84 [da:23:e1:5b:03:eb]
RSSI: -81 [da:2b:69:11:10:4c]
RSSI: -80 [da:2b:69:11:10:4c]
RSSI: -83 [da:23:e1:67:04:0b]
RSSI: -83 [da:2b:69:1e:10:6c]
RSSI: -77 [da:2b:69:1e:10:6c]
RSSI: -82 [da:23:e1:77:04:3b]
RSSI: -79 [da:2b:69:2c:10:9c]
RSSI: -83 [da:23:e1:86:04:6b]
RSSI: -76 [da:2b:69:3b:10:cc]
RSSI: -81 [da:23:e1:86:04:6b]
RSSI: -75 [da:2b:69:3b:10:cc]
RSSI: -81 [da:23:e1:93:04:8b]
RSSI: -83 [da:23:e1:93:04:8b]
RSSI: -74 [da:2b:69:48:10:fc]
RSSI: -83 [da:23:e1:93:04:8b]
RSSI: -74 [da:2b:69:48:10:fc]
RSSI: -74 [da:2b:69:48:10:fc]
RSSI: -75 [da:2b:69:56:11:1c]
RSSI: -82 [da:23:e1:a2:04:bb]
RSSI: -73 [da:2b:69:56:11:1c]
RSSI: -72 [da:2b:69:65:11:4c]
RSSI: -83 [da:23:e1:b2:04:eb]
RSSI: -72 [da:2b:69:65:11:4c]
RSSI: -72 [da:2b:69:71:11:7c]
RSSI: -72 [da:2b:69:80:11:ac]
RSSI: -86 [da:23:e1:dd:05:6b]
RSSI: -83 [da:23:e1:dd:05:6b]
RSSI: -83 [da:23:e1:dd:05:6b]
RSSI: -72 [da:2b:69:9b:11:fc]
RSSI: -72 [da:2b:69:a9:12:2c]
RSSI: -76 [da:2b:69:b8:12:5c]
RSSI: -87 [da:23:e2:09:05:eb]
RSSI: -73 [da:2b:69:b8:12:5c]
RSSI: -87 [da:23:e2:09:05:eb]
RSSI: -73 [da:2b:69:c4:12:8c]
RSSI: -74 [da:2b:69:d3:12:bc]
RSSI: -85 [da:23:e2:25:06:3b]
RSSI: -74 [da:2b:69:d3:12:bc]
RSSI: -88 [da:23:e2:25:06:3b]
RSSI: -76 [da:2b:69:e2:12:dc]
RSSI: -85 [da:23:e2:34:06:6b]
RSSI: -85 [da:23:e2:34:06:6b]
RSSI: -84 [da:2b:69:ee:13:0c]
RSSI: -84 [da:23:e2:41:06:9b]
RSSI: -89 [da:25:c6:41:07:6a]
RSSI: -79 [da:2b:69:fd:13:3c]
RSSI: -85 [da:23:e2:50:06:cb]
RSSI: -86 [da:23:e2:50:06:cb]
RSSI: -82 [da:2b:6a:0b:13:6c]
RSSI: -85 [da:23:e2:5f:06:eb]
RSSI: -87 [da:23:e2:6c:07:1b]
RSSI: -89 [da:25:c6:6d:07:ea]
RSSI: -87 [da:23:e2:7c:07:4b]
RSSI: -85 [da:2b:6a:35:13:ec]
RSSI: -89 [da:28:cf:93:0b:8e]
RSSI: -88 [da:25:c6:89:08:3a]
RSSI: -83 [da:2b:6a:42:14:0c]
RSSI: -88 [da:28:cf:a0:0b:ae]
RSSI: -87 [da:23:e2:98:07:9b]
RSSI: -86 [da:2b:6a:50:14:3c]
RSSI: -86 [da:23:e2:a7:07:cb]
RSSI: -82 [da:2b:6a:5f:14:6c]
RSSI: -87 [da:23:e2:a7:07:cb]
RSSI: -87 [da:2b:6a:5f:14:6c]
RSSI: -83 [da:2b:6a:6b:14:8c]
RSSI: -84 [da:2b:6a:6b:14:8c]
RSSI: -85 [da:28:cf:c7:0c:1e]
RSSI: -83 [da:28:cf:d4:0c:4e]
RSSI: -83 [da:28:cf:d4:0c:4e]
RSSI: -87 [da:2b:6a:7a:14:bc]
RSSI: -83 [da:28:cf:e1:0c:6e]
RSSI: -83 [da:28:cf:e1:0c:6e]
RSSI: -83 [da:28:cf:ee:0c:8e]
RSSI: -83 [da:28:cf:ee:0c:8e]
RSSI: -83 [da:28:cf:ee:0c:8e]
RSSI: -82 [da:28:cf:ee:0c:8e]
RSSI: -82 [da:28:cf:fa:0c:be]
RSSI: -91 [da:2b:6a:a4:15:4c]
RSSI: -82 [da:28:d0:08:0c:de]
RSSI: -87 [da:23:e2:fe:08:cb]
RSSI: -82 [da:28:d0:15:0c:fe]
RSSI: -86 [da:2b:6a:b2:15:6c]
RSSI: -87 [da:23:e3:0e:08:fb]
RSSI: -82 [da:28:d0:15:0c:fe]
RSSI: -82 [da:28:d0:21:0d:2e]
RSSI: -82 [da:28:d0:21:0d:2e]
RSSI: -86 [da:2b:6a:cd:15:cc]
RSSI: -81 [da:28:d0:2f:0d:4e]
RSSI: -81 [da:28:d0:2f:0d:4e]
RSSI: -82 [da:28:d0:3c:0d:7e]
RSSI: -87 [da:2b:6a:dc:15:fc]
RSSI: -83 [da:28:d0:48:0d:9e]
RSSI: -89 [da:2b:6a:f7:16:4c]
RSSI: -83 [da:28:d0:56:0d:be]
RSSI: -84 [da:28:d0:63:0d:ee]
RSSI: -87 [da:23:e3:4c:09:bb]
RSSI: -88 [da:2b:6b:06:16:7c]
RSSI: -82 [da:28:d0:63:0d:ee]
RSSI: -88 [da:23:e3:5c:09:eb]
RSSI: -89 [da:2b:6b:12:00:2c]
RSSI: -85 [da:28:d0:70:0e:0e]
RSSI: -85 [da:23:e3:6b:0a:1b]
RSSI: -83 [da:28:d0:7d:0e:2e]
RSSI: -87 [da:23:e3:88:0a:6b]
RSSI: -90 [da:23:e3:97:0a:9b]
RSSI: -87 [da:28:d0:a4:0e:9e]
RSSI: -87 [da:2b:6b:4b:00:dc]
RSSI: -89 [da:23:e3:97:0a:9b]
RSSI: -86 [da:28:d0:b1:0e:ce]
RSSI: -88 [da:2b:6b:59:01:0c]
RSSI: -87 [da:2b:6b:59:01:0c]
RSSI: -88 [da:23:e3:b3:0a:eb]
RSSI: -90 [da:2b:6b:66:01:2c]
RSSI: -87 [da:23:e3:c3:0b:1b]
RSSI: -89 [da:23:e3:c3:0b:1b]
RSSI: -88 [da:23:e3:df:0b:6b]
RSSI: -88 [da:23:e3:ee:0b:9b]
RSSI: -91 [da:23:e4:0a:0b:fb]
RSSI: -95 [da:23:e4:46:0c:ab]
RSSI: -94 [da:25:c8:53:0d:6a]
RSSI: -95 [da:25:c8:ab:0e:6a]
RSSI: -92 [da:23:e4:aa:0d:cb]
RSSI: -89 [da:23:e4:c9:0e:2b]
RSSI: -89 [da:23:e4:e5:0e:7b]
RSSI: -91 [da:23:e4:e5:0e:7b]
RSSI: -88 [da:2b:6c:9a:04:fc]
RSSI: -89 [da:2b:6c:c4:05:7c]
RSSI: -89 [da:23:e5:11:0e:fb]
RSSI: -87 [da:23:e5:20:0f:2b]
RSSI: -87 [da:23:e5:20:0f:2b]
RSSI: -87 [da:2b:6c:d2:05:ac]
RSSI: -81 [da:23:e5:3d:0f:8b]
RSSI: -91 [da:2b:6c:fc:06:3c]
RSSI: -85 [da:23:e5:4c:0f:bb]
RSSI: -86 [da:23:e5:59:0f:db]
RSSI: -83 [da:23:e5:59:0f:db]
RSSI: -85 [da:23:e5:59:0f:db]
RSSI: -89 [da:2b:6d:26:06:bc]
RSSI: -88 [da:2b:6d:33:06:ec]
RSSI: -87 [da:23:e5:84:10:5b]
RSSI: -89 [da:2b:6d:33:06:ec]
RSSI: -88 [da:23:e5:84:10:5b]
RSSI: -87 [da:2b:6d:42:07:1c]
RSSI: -87 [da:23:e5:94:10:8b]
RSSI: -88 [da:2b:6d:5d:07:6c]
RSSI: -86 [da:23:e5:b0:10:db]
RSSI: -87 [da:23:e5:d0:11:3b]
RSSI: -88 [da:23:e5:d0:11:3b]
RSSI: -86 [da:23:e5:dc:11:6b]
RSSI: -86 [da:23:e5:dc:11:6b]
RSSI: -83 [da:23:e5:ec:11:8b]
RSSI: -82 [da:23:e5:fb:11:bb]
RSSI: -84 [da:23:e5:fb:11:bb]
RSSI: -82 [da:23:e6:08:11:eb]
RSSI: -82 [da:23:e6:18:12:1b]
RSSI: -90 [da:2b:6d:ce:08:dc]
RSSI: -83 [da:23:e6:18:12:1b]
RSSI: -85 [da:23:e6:27:12:4b]
RSSI: -83 [da:23:e6:27:12:4b]
RSSI: -85 [da:23:e6:34:12:6b]
RSSI: -85 [da:23:e6:34:12:6b]
RSSI: -86 [da:2b:6d:ea:09:2c]
RSSI: -88 [da:23:e6:53:12:cb]
RSSI: -91 [da:2b:6e:23:09:dc]
RSSI: -92 [da:23:e6:6f:13:1b]
RSSI: -90 [da:23:e6:8c:13:6b]
RSSI: -88 [da:2b:6e:3e:0a:3c]
RSSI: -87 [da:2b:6e:3e:0a:3c]
RSSI: -88 [da:2b:6e:4d:0a:6c]
RSSI: -89 [da:23:e6:b7:13:eb]
RSSI: -89 [da:23:e6:b7:13:eb]
RSSI: -87 [da:23:e6:b7:13:eb]
RSSI: -87 [da:23:e6:d7:14:4b]
RSSI: -85 [da:23:e6:e3:14:6b]
RSSI: -90 [da:2b:6e:99:0b:5c]
RSSI: -88 [da:2b:6e:a8:0b:8c]
RSSI: -85 [da:23:e6:f3:14:9b]
RSSI: -84 [da:23:e7:03:14:cb]
RSSI: -87 [da:23:e7:0f:14:eb]
RSSI: -87 [da:23:e7:0f:14:eb]
RSSI: -85 [da:23:e7:0f:14:eb]
RSSI: -84 [da:23:e7:2f:15:4b]
RSSI: -88 [da:2b:6e:df:0c:3c]
RSSI: -88 [da:23:e7:2f:15:4b]
RSSI: -87 [da:2b:6e:df:0c:3c]
RSSI: -83 [da:23:e7:3b:15:6b]
RSSI: -81 [da:23:e7:4b:15:9b]
RSSI: -83 [da:23:e7:4b:15:9b]
RSSI: -92 [da:2b:6f:09:0c:bc]
RSSI: -85 [da:23:e7:67:15:fb]
RSSI: -82 [da:23:e7:77:16:2b]
RSSI: -81 [da:23:e7:87:16:5b]
RSSI: -81 [da:23:e7:87:16:5b]
RSSI: -79 [da:23:e7:93:16:7b]
RSSI: -80 [da:23:e7:a3:00:2b]
RSSI: -78 [da:23:e7:b3:00:5b]
RSSI: -76 [da:23:e7:bf:00:8b]
RSSI: -76 [da:23:e7:bf:00:8b]
RSSI: -74 [da:23:e7:cf:00:bb]
RSSI: -75 [da:23:e7:df:00:eb]
RSSI: -73 [da:23:e7:eb:01:0b]
RSSI: -74 [da:23:e7:eb:01:0b]
RSSI: -73 [da:23:e7:fb:01:3b]
RSSI: -73 [da:23:e7:fb:01:3b]
RSSI: -73 [da:23:e7:fb:01:3b]
RSSI: -73 [da:23:e8:0b:01:6b]
RSSI: -72 [da:23:e8:17:01:8b]
RSSI: -73 [da:23:e8:17:01:8b]
RSSI: -72 [da:23:e8:27:01:bb]
RSSI: -72 [da:23:e8:27:01:bb]
RSSI: -72 [da:23:e8:37:01:eb]
RSSI: -73 [da:23:e8:37:01:eb]
RSSI: -89 [da:2b:6f:eb:0f:9c]
RSSI: -73 [da:23:e8:43:02:0b]
RSSI: -73 [da:23:e8:53:02:3b]
RSSI: -74 [da:23:e8:53:02:3b]
RSSI: -73 [da:23:e8:63:02:6b]
RSSI: -73 [da:23:e8:63:02:6b]
RSSI: -75 [da:23:e8:70:02:9b]
RSSI: -85 [da:2b:70:24:10:4c]
RSSI: -75 [da:23:e8:8f:02:eb]
RSSI: -82 [da:2b:70:3f:10:ac]
RSSI: -76 [da:23:e8:8f:02:eb]
RSSI: -81 [da:2b:70:4e:10:dc]
RSSI: -76 [da:23:e8:9c:03:1b]
RSSI: -78 [da:23:e8:ab:03:4b]
RSSI: -79 [da:2b:70:5b:10:fc]
RSSI: -79 [da:23:e8:ab:03:4b]
RSSI: -78 [da:2b:70:6a:11:2c]
RSSI: -79 [da:23:e8:bb:03:7b]
RSSI: -80 [da:23:e8:bb:03:7b]
RSSI: -77 [da:2b:70:79:11:5c]
RSSI: -77 [da:2b:70:79:11:5c]
RSSI: -77 [da:2b:70:85:11:7c]
RSSI: -77 [da:2b:70:85:11:7c]
RSSI: -77 [da:2b:70:85:11:7c]
RSSI: -84 [da:23:e8:d8:03:cb]
RSSI: -88 [da:23:e8:e7:03:fb]
RSSI: -76 [da:2b:70:94:11:ac]
RSSI: -76 [da:2b:70:a3:11:dc]
RSSI: -76 [da:2b:70:a3:11:dc]
RSSI: -84 [da:23:e8:f4:04:1b]
RSSI: -77 [da:2b:70:b0:12:0c]
RSSI: -76 [da:2b:70:b0:12:0c]
RSSI: -82 [da:23:e9:04:04:4b]
RSSI: -77 [da:2b:70:be:12:2c]
RSSI: -82 [da:23:e9:13:04:7b]
RSSI: -76 [da:2b:70:be:12:2c]
RSSI: -82 [da:23:e9:13:04:7b]
RSSI: -81 [da:23:e9:13:04:7b]
RSSI: -76 [da:2b:70:cd:12:5c]
RSSI: -77 [da:2b:70:cd:12:5c]
RSSI: -81 [da:23:e9:20:04:ab]
RSSI: -81 [da:23:e9:20:04:ab]
RSSI: -77 [da:2b:70:da:12:8c]
RSSI: -83 [da:23:e9:30:04:db]
RSSI: -77 [da:2b:70:e9:12:bc]
RSSI: -85 [da:23:e9:40:05:0b]
RSSI: -86 [da:23:e9:40:05:0b]
RSSI: -77 [da:2b:70:f8:12:ec]
RSSI: -80 [da:2b:71:04:13:0c]
RSSI: -87 [da:23:e9:4c:05:2b]
RSSI: -80 [da:2b:71:04:13:0c]
RSSI: -87 [da:23:e9:5c:05:5b]
RSSI: -83 [da:2b:71:13:13:3c]
RSSI: -88 [da:23:e9:78:05:ab]
RSSI: -90 [da:2b:71:3e:13:bc]
RSSI: -84 [da:2b:71:4c:13:ec]
RSSI: -88 [da:23:e9:a5:06:2b]
RSSI: -88 [da:23:e9:a5:06:2b]
RSSI: -86 [da:2b:71:59:14:1c]
RSSI: -87 [da:2b:71:68:14:4c]
RSSI: -95 [da:28:d6:d4:0a:0e]
RSSI: -87 [da:23:e9:e1:06:db]
RSSI: -88 [da:23:e9:f0:07:0b]
RSSI: -88 [da:28:d7:09:0a:9e]
RSSI: -88 [da:28:d7:09:0a:9e]
RSSI: -90 [da:23:ea:0d:07:6b]
RSSI: -88 [da:2b:71:bd:15:5c]
RSSI: -92 [da:28:d7:4b:0b:5e]
RSSI: -86 [da:28:d7:58:0b:8e]
RSSI: -87 [da:23:ea:49:08:1b]
RSSI: -86 [da:28:d7:58:0b:8e]
RSSI: -86 [da:28:d7:65:0b:ae]
RSSI: -83 [da:28:d7:65:0b:ae]
RSSI: -83 [da:28:d7:73:0b:ce]
RSSI: -89 [da:2b:72:12:16:5c]
RSSI: -83 [da:28:d7:73:0b:ce]
RSSI: -87 [da:25:ce:69:08:aa]
RSSI: -87 [da:23:ea:75:08:9b]
RSSI: -90 [da:2b:72:21:00:0c]
RSSI: -80 [da:28:d7:80:0b:fe]
RSSI: -86 [da:23:ea:75:08:9b]
RSSI: -81 [da:28:d7:80:0b:fe]
RSSI: -88 [da:23:ea:75:08:9b]
RSSI: -80 [da:28:d7:8d:0c:1e]
RSSI: -87 [da:23:ea:82:08:bb]
RSSI: -80 [da:28:d7:9a:0c:4e]
RSSI: -79 [da:28:d7:9a:0c:4e]
RSSI: -79 [da:28:d7:a8:0c:6e]
RSSI: -89 [da:23:ea:92:08:eb]
RSSI: -79 [da:28:d7:a8:0c:6e]
RSSI: -79 [da:28:d7:a8:0c:6e]
RSSI: -84 [da:23:ea:a1:09:1b]
RSSI: -89 [da:25:ce:a6:09:5a]
RSSI: -77 [da:28:d7:b5:0c:8e]
RSSI: -86 [da:23:ea:ae:09:4b]
RSSI: -77 [da:28:d7:c2:0c:be]
RSSI: -76 [da:28:d7:c2:0c:be]
RSSI: -78 [da:28:d7:d0:0c:ee]
RSSI: -84 [da:23:ea:ce:09:ab]
RSSI: -77 [da:28:d7:dc:0d:0e]
RSSI: -85 [da:23:ea:da:09:cb]
RSSI: -75 [da:28:d7:ea:0d:2e]
RSSI: -86 [da:23:ea:da:09:cb]
RSSI: -77 [da:28:d7:f8:0d:5e]
RSSI: -85 [da:23:ea:ea:09:fb]
RSSI: -77 [da:28:d8:04:0d:7e]
RSSI: -77 [da:28:d8:04:0d:7e]
RSSI: -86 [da:23:ea:fa:0a:2b]
RSSI: -75 [da:28:d8:12:0d:ae]
RSSI: -75 [da:28:d8:12:0d:ae]
RSSI: -77 [da:28:d8:12:0d:ae]
RSSI: -78 [da:28:d8:1f:0d:ce]
RSSI: -91 [da:23:eb:16:0a:7b]
RSSI: -78 [da:28:d8:2c:0d:ee]
RSSI: -78 [da:28:d8:2c:0d:ee]
RSSI: -77 [da:28:d8:3a:0e:0e]
RSSI: -88 [da:23:eb:33:0a:db]
RSSI: -80 [da:28:d8:47:0e:3e]
RSSI: -78 [da:28:d8:47:0e:3e]
RSSI: -88 [da:23:eb:43:0b:0b]
RSSI: -82 [da:28:d8:62:0e:8e]
RSSI: -83 [da:28:d8:6f:0e:ae]
RSSI: -89 [da:23:eb:5f:0b:5b]
RSSI: -82 [da:28:d8:6f:0e:ae]
RSSI: -84 [da:28:d8:7c:0e:ce]
RSSI: -92 [da:28:d8:a4:0f:4e]
RSSI: -88 [da:2b:73:4b:03:ac]
RSSI: -89 [da:28:d8:b1:0f:6e]
RSSI: -93 [da:28:d8:d9:0f:ee]
RSSI: -92 [da:28:d8:e7:10:0e]
RSSI: -93 [da:28:d9:01:10:5e]
RSSI: -91 [da:2b:73:e6:05:8c]
RSSI: -97 [da:2b:73:f5:05:bc]
RSSI: -89 [da:23:ec:3d:0d:eb]
RSSI: -89 [da:23:ec:4d:0e:1b]
RSSI: -88 [da:2b:74:11:06:1c]
RSSI: -89 [da:23:ec:7a:0e:ab]
RSSI: -88 [da:23:ec:89:0e:db]
RSSI: -86 [da:23:ec:c3:0f:7b]
RSSI: -84 [da:23:ec:c3:0f:7b]
RSSI: -85 [da:23:ec:d3:0f:ab]
RSSI: -85 [da:23:ec:d3:0f:ab]
RSSI: -83 [da:23:ec:e2:0f:db]
RSSI: -84 [da:23:ec:e2:0f:db]
RSSI: -87 [da:23:ec:ff:10:2b]
RSSI: -85 [da:23:ec:ff:10:2b]
RSSI: -84 [da:23:ec:ff:10:2b]
RSSI: -90 [da:2b:74:bc:08:3c]
RSSI: -88 [da:23:ed:0f:10:5b]
RSSI: -87 [da:23:ed:0f:10:5b]
RSSI: -88 [da:2b:74:cb:08:6c]
RSSI: -88 [da:23:ed:1c:10:8b]
RSSI: -85 [da:2b:74:e7:08:bc]
RSSI: -90 [da:2b:75:02:09:1c]
RSSI: -91 [da:2b:75:02:09:1c]
RSSI: -86 [da:23:ed:68:11:6b]
RSSI: -87 [da:23:ed:75:11:8b]
RSSI: -86 [da:23:ed:75:11:8b]
RSSI: -87 [da:23:ed:85:11:bb]
RSSI: -84 [da:23:ed:85:11:bb]
RSSI: -84 [da:23:ed:95:11:eb]
RSSI: -86 [da:2b:75:4b:09:fc]
RSSI: -85 [da:23:ed:a1:12:1b]
RSSI: -86 [da:2b:75:58:0a:2c]
RSSI: -85 [da:23:ed:b1:12:4b]
RSSI: -85 [da:23:ed:b1:12:4b]
RSSI: -90 [da:2b:75:67:0a:5c]
RSSI: -89 [da:28:da:d4:15:9e]
RSSI: -86 [da:23:ed:ce:12:9b]
RSSI: -90 [da:28:da:fc:16:0e]
RSSI: -92 [da:28:db:0a:16:2e]
RSSI: -93 [da:23:ee:0a:13:4b]
RSSI: -89 [da:23:ee:74:14:8b]
RSSI: -88 [da:23:ee:80:14:ab]
RSSI: -89 [da:23:ee:90:14:db]
RSSI: -89 [da:23:ee:90:14:db]
RSSI: -86 [da:23:ee:a0:15:0b]
RSSI: -87 [da:23:ee:a0:15:0b]
RSSI: -88 [da:23:ee:ad:15:2b]
RSSI: -89 [da:2b:76:77:0d:cc]
RSSI: -86 [da:23:ee:cd:15:8b]
RSSI: -86 [da:23:ee:cd:15:8b]
RSSI: -86 [da:23:ee:da:15:ab]
RSSI: -88 [da:23:ee:ea:15:eb]
RSSI: -88 [da:23:ee:ea:15:eb]
RSSI: -90 [da:2b:76:a2:0e:4c]
RSSI: -86 [da:23:ee:fa:16:0b]
RSSI: -85 [da:23:ef:06:16:3b]
RSSI: -85 [da:23:ef:06:16:3b]
RSSI: -87 [da:2b:76:be:0e:ac]
RSSI: -85 [da:2b:76:cd:0e:dc]
RSSI: -86 [da:23:ef:16:16:6b]
RSSI: -83 [da:2b:76:cd:0e:dc]
RSSI: -83 [da:2b:76:da:0e:fc]
RSSI: -84 [da:2b:76:da:0e:fc]
RSSI: -84 [da:23:ef:33:00:2b]
RSSI: -85 [da:2b:76:e9:0f:2c]
RSSI: -85 [da:23:ef:33:00:2b]
RSSI: -84 [da:2b:76:e9:0f:2c]
RSSI: -82 [da:23:ef:43:00:5b]
RSSI: -82 [da:23:ef:53:00:8b]
RSSI: -90 [da:2b:77:05:0f:8c]
RSSI: -81 [da:23:ef:53:00:8b]
RSSI: -87 [da:2b:77:05:0f:8c]
RSSI: -81 [da:23:ef:60:00:ab]
RSSI: -81 [da:23:ef:60:00:ab]
RSSI: -79 [da:23:ef:70:00:db]
RSSI: -83 [da:2b:77:30:10:0c]
RSSI: -80 [da:23:ef:80:01:0b]
RSSI: -81 [da:23:ef:8c:01:2b]
RSSI: -81 [da:2b:77:3f:10:3c]
RSSI: -79 [da:23:ef:8c:01:2b]
RSSI: -80 [da:2b:77:3f:10:3c]
RSSI: -81 [da:23:ef:9d:01:5b]
RSSI: -78 [da:2b:77:4e:10:6c]
RSSI: -79 [da:23:ef:9d:01:5b]
RSSI: -83 [da:2b:77:5b:10:9c]
RSSI: -77 [da:23:ef:ad:01:8b]
RSSI: -82 [da:2b:77:5b:10:9c]
RSSI: -91 [da:25:d3:b2:01:8a]
RSSI: -79 [da:2b:77:6a:10:cc]
RSSI: -77 [da:23:ef:b9:01:bb]
RSSI: -76 [da:2b:77:79:10:fc]
RSSI: -75 [da:2b:77:79:10:fc]
RSSI: -80 [da:23:ef:c9:01:eb]
RSSI: -76 [da:2b:77:86:11:1c]
RSSI: -80 [da:23:ef:d9:02:1b]
RSSI: -77 [da:2b:77:95:11:4c]
RSSI: -79 [da:23:ef:e6:02:3b]
RSSI: -75 [da:2b:77:95:11:4c]
RSSI: -86 [da:23:ef:e6:02:3b]
RSSI: -74 [da:2b:77:a4:11:7c]
RSSI: -79 [da:23:ef:f6:02:6b]
RSSI: -75 [da:2b:77:b1:11:ac]
RSSI: -74 [da:2b:77:b1:11:ac]
RSSI: -86 [da:23:f0:13:02:bb]
RSSI: -74 [da:2b:77:c0:11:dc]
RSSI: -85 [da:23:f0:13:02:bb]
RSSI: -79 [da:2b:77:dc:12:2c]
RSSI: -95 [da:25:d4:32:02:fa]
RSSI: -76 [da:2b:77:eb:12:5c]
RSSI: -76 [da:2b:77:eb:12:5c]
RSSI: -76 [da:2b:77:fa:12:8c]
RSSI: -80 [da:2b:78:16:12:ec]
RSSI: -82 [da:2b:78:25:13:1c]
RSSI: -81 [da:2b:78:25:13:1c]
RSSI: -85 [da:2b:78:25:13:1c]
RSSI: -89 [da:23:f0:99:04:4b]
RSSI: -88 [da:2b:78:51:13:9c]
RSSI: -91 [da:23:f0:b9:04:ab]
RSSI: -86 [da:2b:78:88:14:4c]
RSSI: -88 [da:23:f0:d6:05:0b]
RSSI: -87 [da:2b:78:88:14:4c]
RSSI: -88 [da:23:f0:e6:05:3b]
RSSI: -90 [da:23:f1:13:05:bb]
RSSI: -86 [da:23:f1:20:05:eb]
RSSI: -90 [da:28:de:30:08:ee]
RSSI: -87 [da:23:f1:40:06:4b]
RSSI: -88 [da:2b:78:fd:15:bc]
RSSI: -87 [da:23:f1:4d:06:6b]
RSSI: -88 [da:2b:79:0a:15:dc]
RSSI: -87 [da:2b:79:0a:15:dc]
RSSI: -86 [da:23:f1:6d:06:cb]
RSSI: -90 [da:28:de:8f:09:fe]
RSSI: -88 [da:2b:79:35:16:6c]
RSSI: -90 [da:23:f1:8a:07:2b]
RSSI: -85 [da:23:f1:8a:07:2b]
RSSI: -85 [da:23:f1:a6:07:7b]
RSSI: -89 [da:28:de:c5:0a:9e]
RSSI: -86 [da:23:f1:b7:07:ab]
RSSI: -89 [da:23:f1:b7:07:ab]
RSSI: -86 [da:2b:79:6f:00:8c]
RSSI: -87 [da:2b:79:7f:00:bc]
RSSI: -88 [da:28:de:fb:0b:3e]
RSSI: -90 [da:23:f1:f4:08:5b]
RSSI: -87 [da:28:df:09:0b:5e]
RSSI: -88 [da:28:df:09:0b:5e]
RSSI: -90 [da:23:f2:09:08:9b]
RSSI: -82 [da:28:df:24:0b:ae]
RSSI: -82 [da:28:df:32:0b:de]
RSSI: -80 [da:28:df:3e:0b:fe]
RSSI: -80 [da:28:df:4c:0c:2e]
RSSI: -79 [da:28:df:4c:0c:2e]
RSSI: -77 [da:28:df:5a:0c:4e]
RSSI: -78 [da:28:df:5a:0c:4e]
RSSI: -87 [da:23:f2:56:09:8b]
RSSI: -77 [da:28:df:67:0c:7e]
RSSI: -76 [da:28:df:67:0c:7e]
RSSI: -78 [da:28:df:75:0c:9e]
RSSI: -85 [da:23:f2:63:09:ab]
RSSI: -77 [da:28:df:75:0c:9e]
RSSI: -77 [da:28:df:83:0c:ce]
RSSI: -75 [da:28:df:8f:0c:ee]
RSSI: -88 [da:23:f2:8c:0a:2b]
RSSI: -76 [da:28:df:9d:0d:1e]
RSSI: -91 [da:23:f2:99:0a:4b]
RSSI: -76 [da:28:df:ab:0d:3e]
RSSI: -74 [da:28:df:b8:0d:5e]
RSSI: -76 [da:28:df:c6:0d:8e]
RSSI: -76 [da:28:df:d4:0d:ae]
RSSI: -76 [da:28:df:d4:0d:ae]
RSSI: -75 [da:28:df:e1:0d:de]
RSSI: -77 [da:28:df:ef:0d:fe]
RSSI: -75 [da:28:df:ef:0d:fe]
RSSI: -75 [da:28:df:ef:0d:fe]
RSSI: -77 [da:28:df:fd:0e:2e]
RSSI: -77 [da:28:df:fd:0e:2e]
RSSI: -78 [da:28:e0:09:0e:4e]
RSSI: -78 [da:28:e0:17:0e:6e]
RSSI: -79 [da:28:e0:25:0e:9e]
RSSI: -93 [da:2b:7a:d9:04:fc]
RSSI: -80 [da:28:e0:32:0e:be]
RSSI: -84 [da:28:e0:40:0e:ee]
RSSI: -84 [da:28:e0:40:0e:ee]
RSSI: -83 [da:28:e0:4e:0f:0e]
RSSI: -86 [da:28:e0:4e:0f:0e]
RSSI: -91 [da:2b:7b:04:05:8c]
RSSI: -88 [da:2b:7b:11:05:ac]
RSSI: -85 [da:28:e0:77:0f:8e]
RSSI: -87 [da:2b:7b:20:05:dc]
RSSI: -87 [da:28:e0:83:0f:ae]
RSSI: -87 [da:28:e0:92:0f:de]
RSSI: -86 [da:28:e0:92:0f:de]
RSSI: -83 [da:28:e0:a0:0f:fe]
RSSI: -85 [da:28:e0:a0:0f:fe]
RSSI: -89 [da:28:e0:ac:10:1e]
RSSI: -87 [da:28:e0:ac:10:1e]
RSSI: -91 [da:23:f3:a4:0d:6b]
RSSI: -91 [da:2b:7b:68:06:bc]
RSSI: -91 [da:28:e0:c8:10:6e]
RSSI: -92 [da:23:f3:d6:0d:fb]
RSSI: -88 [da:28:e0:eb:10:ce]
RSSI: -88 [da:2b:7b:b2:07:ac]
RSSI: -91 [da:23:f3:fd:0e:6b]
RSSI: -87 [da:2b:7b:b2:07:ac]
RSSI: -89 [da:23:f4:16:0e:bb]
RSSI: -91 [da:25:d8:11:0e:1a]
RSSI: -86 [da:2b:7b:dd:08:3c]
RSSI: -94 [da:23:f4:3c:0f:2b]
RSSI: -90 [da:25:d8:45:0e:aa]
RSSI: -90 [da:25:d8:52:0e:ca]
RSSI: -89 [da:23:f4:56:0f:7b]
RSSI: -88 [da:2b:7c:15:08:ec]
RSSI: -86 [da:23:f4:6f:0f:cb]
RSSI: -87 [da:2b:7c:25:09:1c]
RSSI: -89 [da:23:f4:89:10:1b]
RSSI: -90 [da:25:d8:86:0f:6a]
RSSI: -88 [da:23:f4:89:10:1b]
RSSI: -88 [da:23:f4:a2:10:5b]
RSSI: -87 [da:23:f4:bc:10:ab]
RSSI: -87 [da:23:f4:bc:10:ab]
RSSI: -88 [da:2b:7c:6c:09:fc]
RSSI: -87 [da:23:f4:c9:10:cb]
RSSI: -93 [da:23:f4:d5:10:fb]
RSSI: -90 [da:2b:7c:8b:0a:5c]
RSSI: -89 [da:23:f4:e2:11:1b]
RSSI: -91 [da:23:f4:ef:11:4b]
RSSI: -95 [da:25:d8:fa:10:ba]
RSSI: -92 [da:23:f4:fc:11:6b]
RSSI: -94 [da:28:e2:16:14:2e]
RSSI: -90 [da:23:f5:08:11:8b]
RSSI: -88 [da:23:f5:22:11:db]
RSSI: -90 [da:28:e2:3f:14:ae]
RSSI: -89 [da:23:f5:3b:12:2b]
RSSI: -87 [da:23:f5:3b:12:2b]
RSSI: -90 [da:28:e2:4c:14:ce]
RSSI: -89 [da:23:f5:55:12:7b]
RSSI: -90 [da:23:f5:62:12:9b]
RSSI: -89 [da:28:e2:75:15:3e]
RSSI: -92 [da:28:e2:83:15:6e]
RSSI: -91 [da:23:f5:7b:12:eb]
RSSI: -90 [da:23:f5:7b:12:eb]
RSSI: -90 [da:28:e2:ac:15:de]
RSSI: -88 [da:28:e2:ba:16:0e]
RSSI: -92 [da:28:e2:c7:16:2e]
RSSI: -86 [da:2b:7d:87:0d:8c]
RSSI: -88 [da:2b:7d:97:0d:bc]
RSSI: -87 [da:2b:7d:a3:0d:ec]
RSSI: -96 [da:2b:7d:c2:0e:4c]
RSSI: -82 [da:2b:7d:de:0e:9c]
RSSI: -85 [da:2b:7d:de:0e:9c]
RSSI: -81 [da:2b:7d:ee:0e:dc]
RSSI: -89 [da:23:f6:3b:15:1b]
RSSI: -81 [da:2b:7d:fa:0e:fc]
RSSI: -83 [da:2b:7e:0a:0f:2c]
RSSI: -84 [da:2b:7e:1a:0f:5c]
RSSI: -88 [da:23:f6:62:15:8b]
RSSI: -85 [da:2b:7e:1a:0f:5c]
RSSI: -90 [da:23:f6:7b:15:db]
RSSI: -81 [da:2b:7e:45:0f:ec]
RSSI: -89 [da:23:f6:af:16:6b]
RSSI: -76 [da:2b:7e:71:10:7c]
RSSI: -89 [da:23:f6:c8:00:4b]
RSSI: -74 [da:2b:7e:7e:10:9c]
RSSI: -86 [da:23:f6:d5:00:7b]
RSSI: -77 [da:2b:7e:8d:10:cc]
RSSI: -76 [da:2b:7e:9d:10:fc]
RSSI: -87 [da:23:f6:fc:00:eb]
RSSI: -74 [da:2b:7e:a9:11:2c]
RSSI: -75 [da:2b:7e:a9:11:2c]
RSSI: -76 [da:2b:7e:a9:11:2c]
RSSI: -75 [da:2b:7e:d5:11:ac]
RSSI: -77 [da:2b:7e:d5:11:ac]
RSSI: -76 [da:2b:7e:e5:11:dc]
RSSI: -88 [da:23:f7:3c:01:ab]
RSSI: -92 [da:23:f7:49:01:cb]
RSSI: -87 [da:23:f7:56:01:fb]
RSSI: -80 [da:2b:7f:01:12:3c]
RSSI: -86 [da:23:f7:63:02:1b]
RSSI: -78 [da:2b:7f:10:12:6c]
RSSI: -86 [da:23:f7:63:02:1b]
RSSI: -81 [da:2b:7f:10:12:6c]
RSSI: -79 [da:2b:7f:20:12:9c]
RSSI: -86 [da:23:f7:7c:02:6b]
RSSI: -83 [da:2b:7f:2c:12:bc]
RSSI: -83 [da:23:f7:89:02:9b]
RSSI: -87 [da:23:f7:96:02:bb]
RSSI: -87 [da:2b:7f:3c:12:fc]
RSSI: -83 [da:23:f7:a3:02:db]
RSSI: -93 [da:2b:7f:58:13:4c]
RSSI: -85 [da:23:f7:b0:03:0b]
RSSI: -87 [da:23:f7:bc:03:2b]
RSSI: -88 [da:23:f7:bc:03:2b]
RSSI: -87 [da:2b:7f:77:13:ac]
RSSI: -85 [da:2b:7f:77:13:ac]
RSSI: -83 [da:2b:7f:84:13:dc]
RSSI: -90 [da:23:f7:d6:03:7b]
RSSI: -91 [da:25:db:ee:03:0a]
RSSI: -90 [da:23:f7:f0:03:cb]
RSSI: -88 [da:25:dc:08:03:5a]
RSSI: -91 [da:25:dc:08:03:5a]
RSSI: -88 [da:25:dc:15:03:7a]
RSSI: -93 [da:23:f8:30:04:8b]
RSSI: -91 [da:2b:7f:dc:14:ec]
RSSI: -86 [da:2b:7f:eb:15:1c]
RSSI: -88 [da:23:f8:64:05:1b]
RSSI: -92 [da:2b:80:17:15:ac]
RSSI: -92 [da:25:dc:70:04:8a]
RSSI: -90 [da:2b:80:53:16:6c]
RSSI: -88 [da:2b:80:7e:00:6c]
RSSI: -90 [da:25:dc:cc:05:8a]
RSSI: -96 [da:23:f8:cb:06:5b]
RSSI: -88 [da:25:dc:d9:05:aa]
RSSI: -89 [da:25:dc:d9:05:aa]
RSSI: -89 [da:2b:80:8b:00:8c]
RSSI: -88 [da:25:dc:e6:05:da]
RSSI: -90 [da:28:e5:fd:09:1e]
RSSI: -88 [da:25:dd:01:06:2a]
RSSI: -90 [da:25:dd:0d:06:4a]
RSSI: -95 [da:2b:80:d6:01:7c]
RSSI: -97 [da:28:e6:50:0a:0e]
RSSI: -88 [da:25:dd:4f:07:0a]
RSSI: -85 [da:25:dd:4f:07:0a]
RSSI: -84 [da:25:dd:5c:07:2a]
RSSI: -84 [da:25:dd:5c:07:2a]
RSSI: -89 [da:28:e6:79:0a:7e]
RSSI: -84 [da:25:dd:69:07:5a]
RSSI: -82 [da:25:dd:77:07:7a]
RSSI: -81 [da:25:dd:77:07:7a]
RSSI: -81 [da:25:dd:83:07:9a]
RSSI: -81 [da:25:dd:83:07:9a]
RSSI: -80 [da:25:dd:96:07:da]
RSSI: -80 [da:25:dd:96:07:da]
RSSI: -82 [da:25:dd:a6:08:0a]
RSSI: -80 [da:25:dd:b3:08:2a]
RSSI: -79 [da:25:dd:c0:08:4a]
RSSI: -91 [da:23:f9:ce:09:5b]
RSSI: -81 [da:25:dd:ce:08:7a]
RSSI: -88 [da:2b:81:77:03:6c]
RSSI: -87 [da:28:e6:da:0b:9e]
RSSI: -90 [da:23:f9:ce:09:5b]
RSSI: -80 [da:25:dd:ce:08:7a]
RSSI: -82 [da:25:dd:da:08:9a]
RSSI: -80 [da:25:dd:e8:08:ca]
RSSI: -84 [da:28:e6:f5:0b:ee]
RSSI: -82 [da:25:dd:e8:08:ca]
RSSI: -84 [da:28:e6:f5:0b:ee]
RSSI: -83 [da:25:dd:e8:08:ca]
RSSI: -81 [da:25:dd:f5:08:ea]
RSSI: -83 [da:28:e7:03:0c:0e]
RSSI: -88 [da:2b:81:b2:04:2c]
RSSI: -83 [da:25:de:02:09:0a]
RSSI: -82 [da:25:de:0f:09:3a]
RSSI: -91 [da:23:fa:0e:0a:1b]
RSSI: -88 [da:2b:81:bf:04:4c]
RSSI: -84 [da:25:de:0f:09:3a]
RSSI: -82 [da:28:e7:1e:0c:5e]
RSSI: -82 [da:28:e7:2d:0c:8e]
RSSI: -83 [da:28:e7:3b:0c:ae]
RSSI: -83 [da:25:de:29:09:7a]
RSSI: -81 [da:28:e7:3b:0c:ae]
RSSI: -81 [da:28:e7:48:0c:de]
RSSI: -81 [da:28:e7:56:0c:fe]
RSSI: -81 [da:28:e7:56:0c:fe]
RSSI: -83 [da:25:de:51:09:ea]
RSSI: -91 [da:23:fa:5c:0b:0b]
RSSI: -80 [da:28:e7:65:0d:2e]
RSSI: -86 [da:25:de:5e:0a:1a]
RSSI: -81 [da:28:e7:71:0d:4e]
RSSI: -82 [da:28:e7:71:0d:4e]
RSSI: -89 [da:25:de:6c:0a:3a]
RSSI: -81 [da:28:e7:80:0d:7e]
RSSI: -83 [da:28:e7:80:0d:7e]
RSSI: -85 [da:25:de:78:0a:5a]
RSSI: -83 [da:28:e7:8e:0d:9e]
RSSI: -86 [da:2b:82:36:05:cc]
RSSI: -83 [da:28:e7:9b:0d:ce]
RSSI: -83 [da:28:e7:9b:0d:ce]
RSSI: -83 [da:28:e7:a9:0d:ee]
RSSI: -85 [da:28:e7:b7:0e:1e]
RSSI: -86 [da:28:e7:b7:0e:1e]
RSSI: -86 [da:25:de:ad:0a:fa]
RSSI: -86 [da:28:e7:c4:0e:3e]
RSSI: -88 [da:28:e7:c4:0e:3e]
RSSI: -90 [da:28:e7:ed:0e:be]
RSSI: -87 [da:2b:82:9b:07:0c]
RSSI: -85 [da:2b:82:ab:07:3c]
RSSI: -85 [da:2b:82:ab:07:3c]
RSSI: -94 [da:28:e8:34:0f:8e]
RSSI: -95 [da:28:e8:40:0f:ae]
RSSI: -88 [da:2b:83:03:08:5c]
RSSI: -91 [da:2b:83:2f:08:ec]
RSSI: -93 [da:25:df:9b:0d:aa]
RSSI: -88 [da:2b:83:6b:09:9c]
RSSI: -89 [da:2b:83:6b:09:9c]
RSSI: -90 [da:25:df:c3:0e:1a]
RSSI: -92 [da:25:e0:12:0f:0a]
RSSI: -90 [da:2b:83:c3:0a:bc]
RSSI: -91 [da:25:e0:3a:0f:7a]
RSSI: -95 [da:28:e9:48:12:ae]
RSSI: -92 [da:25:e0:54:0f:ca]
RSSI: -91 [da:25:e0:54:0f:ca]
RSSI: -88 [da:25:e0:6f:10:0a]
RSSI: -93 [da:2b:84:28:0c:0c]
RSSI: -90 [da:25:e0:7b:10:2a]
RSSI: -88 [da:25:e0:89:10:5a]
RSSI: -90 [da:25:e0:96:10:7a]
RSSI: -90 [da:28:e9:aa:13:be]
RSSI: -90 [da:25:e0:96:10:7a]
RSSI: -93 [da:28:e9:c5:14:0e]
RSSI: -86 [da:2b:84:81:0d:1c]
RSSI: -85 [da:2b:84:91:0d:4c]
RSSI: -86 [da:2b:84:a1:0d:8c]
RSSI: -93 [da:28:e9:fd:14:ae]
RSSI: -92 [da:28:ea:0a:14:ce]
RSSI: -88 [da:2b:84:ad:0d:ac]
RSSI: -94 [da:25:e1:00:11:aa]
RSSI: -87 [da:2b:84:bd:0d:dc]
RSSI: -91 [da:28:ea:19:14:ee]
RSSI: -92 [da:28:ea:19:14:ee]
RSSI: -88 [da:2b:84:cd:0e:0c]
RSSI: -93 [da:2b:84:d9:0e:3c]
RSSI: -84 [da:2b:84:e9:0e:6c]
RSSI: -88 [da:2b:84:f9:0e:9c]
RSSI: -92 [da:25:e1:42:12:6a]
RSSI: -83 [da:2b:84:f9:0e:9c]
RSSI: -82 [da:2b:84:f9:0e:9c]
RSSI: -94 [da:28:ea:6c:15:de]
RSSI: -87 [da:2b:85:25:0f:2c]
RSSI: -96 [da:23:fd:83:14:6b]
RSSI: -82 [da:2b:85:52:0f:bc]
RSSI: -78 [da:2b:85:6e:10:0c]
RSSI: -77 [da:2b:85:6e:10:0c]
RSSI: -76 [da:2b:85:7e:10:3c]
RSSI: -76 [da:2b:85:7e:10:3c]
RSSI: -77 [da:2b:85:9b:10:9c]
RSSI: -74 [da:2b:85:9b:10:9c]
RSSI: -74 [da:2b:85:aa:10:cc]
RSSI: -73 [da:2b:85:b7:10:fc]
RSSI: -73 [da:2b:85:b7:10:fc]
RSSI: -73 [da:2b:85:c7:11:2c]
RSSI: -72 [da:2b:85:c7:11:2c]
RSSI: -75 [da:2b:85:d7:11:5c]
RSSI: -76 [da:2b:85:d7:11:5c]
RSSI: -72 [da:2b:85:e3:11:8c]
RSSI: -76 [da:2b:85:e3:11:8c]
RSSI: -72 [da:2b:85:f3:11:bc]
RSSI: -73 [da:2b:86:03:11:ec]
RSSI: -72 [da:2b:86:03:11:ec]
RSSI: -77 [da:2b:86:10:12:1c]
RSSI: -75 [da:2b:86:10:12:1c]
RSSI: -79 [da:2b:86:20:12:4c]
RSSI: -78 [da:2b:86:30:12:7c]
RSSI: -79 [da:2b:86:3c:12:ac]
RSSI: -81 [da:2b:86:3c:12:ac]
RSSI: -85 [da:23:fe:95:00:eb]
RSSI: -82 [da:2b:86:3c:12:ac]
RSSI: -84 [da:23:fe:95:00:eb]
RSSI: -84 [da:2b:86:4c:12:dc]
RSSI: -82 [da:23:fe:b0:01:3b]
RSSI: -91 [da:2b:86:69:13:2c]
RSSI: -83 [da:23:fe:bd:01:5b]
RSSI: -84 [da:2b:86:69:13:2c]
RSSI: -81 [da:23:fe:bd:01:5b]
RSSI: -82 [da:2b:86:79:13:5c]
RSSI: -84 [da:23:fe:ca:01:8b]
RSSI: -83 [da:2b:86:89:13:9c]
RSSI: -83 [da:2b:86:95:13:bc]
RSSI: -81 [da:23:fe:e4:01:db]
RSSI: -84 [da:23:fe:e4:01:db]
RSSI: -80 [da:23:fe:f7:02:0b]
RSSI: -85 [da:2b:86:b5:14:1c]
RSSI: -81 [da:23:ff:07:02:3b]
RSSI: -85 [da:23:ff:14:02:5b]
RSSI: -80 [da:23:ff:14:02:5b]
RSSI: -81 [da:23:ff:21:02:8b]
RSSI: -86 [da:23:ff:21:02:8b]
RSSI: -81 [da:23:ff:2e:02:ab]
RSSI: -85 [da:23:ff:3b:02:db]
RSSI: -81 [da:23:ff:3b:02:db]
RSSI: -82 [da:23:ff:48:02:fb]
RSSI: -86 [da:23:ff:48:02:fb]
RSSI: -82 [da:23:ff:56:03:2b]
RSSI: -85 [da:23:ff:62:03:4b]
RSSI: -85 [da:23:ff:70:03:7b]
RSSI: -87 [da:23:ff:7d:03:9b]
RSSI: -90 [da:2b:87:2b:15:8c]
RSSI: -86 [da:23:ff:7d:03:9b]
RSSI: -89 [da:2b:87:2b:15:8c]
RSSI: -93 [da:23:ff:a5:04:1b]
RSSI: -94 [da:2b:87:67:16:4c]
RSSI: -87 [da:23:ff:cc:04:8b]
RSSI: -88 [da:25:e3:cf:03:5a]
RSSI: -89 [da:23:ff:d9:04:ab]
RSSI: -88 [da:25:e3:dc:03:8a]
RSSI: -90 [da:23:ff:e6:04:db]
RSSI: -94 [da:24:00:00:05:2b]
RSSI: -94 [da:25:e4:1f:04:4a]
RSSI: -89 [da:2b:87:dd:01:4c]
RSSI: -91 [da:25:e4:47:04:ba]
RSSI: -94 [da:25:e4:61:04:fa]
RSSI: -93 [da:2b:88:19:02:0c]
RSSI: -88 [da:28:ed:79:08:5e]
RSSI: -88 [da:28:ed:96:08:ae]
RSSI: -94 [da:25:e4:97:05:9a]
RSSI: -87 [da:28:ed:a3:08:de]
RSSI: -94 [da:25:e4:97:05:9a]
RSSI: -87 [da:28:ed:b2:08:fe]
RSSI: -84 [da:2b:88:63:02:fc]
RSSI: -87 [da:28:ed:c0:09:2e]
RSSI: -83 [da:2b:88:73:03:2c]
RSSI: -85 [da:2b:88:73:03:2c]
RSSI: -87 [da:28:ed:dc:09:7e]
RSSI: -85 [da:2b:88:7f:03:4c]
RSSI: -90 [da:2b:88:8f:03:8c]
RSSI: -87 [da:28:ed:ea:09:ae]
RSSI: -91 [da:25:e4:e7:06:8a]
RSSI: -89 [da:28:ed:f7:09:ce]
RSSI: -85 [da:28:ee:06:09:fe]
RSSI: -89 [da:25:e5:02:06:da]
RSSI: -87 [da:28:ee:15:0a:1e]
RSSI: -91 [da:25:e5:10:06:fa]
RSSI: -85 [da:28:ee:21:0a:4e]
RSSI: -86 [da:28:ee:3f:0a:9e]
RSSI: -85 [da:28:ee:3f:0a:9e]
RSSI: -89 [da:25:e5:38:07:6a]
RSSI: -87 [da:28:ee:4b:0a:ce]
RSSI: -86 [da:25:e5:46:07:9a]
RSSI: -89 [da:28:ee:4b:0a:ce]
RSSI: -87 [da:28:ee:5a:0a:ee]
RSSI: -86 [da:25:e5:52:07:ba]
RSSI: -83 [da:25:e5:60:07:ea]
RSSI: -81 [da:25:e5:60:07:ea]
RSSI: -83 [da:28:ee:84:0b:6e]
RSSI: -90 [da:2b:89:25:05:5c]
RSSI: -80 [da:25:e5:7a:08:3a]
RSSI: -82 [da:28:ee:84:0b:6e]
RSSI: -81 [da:25:e5:7a:08:3a]
RSSI: -79 [da:25:e5:88:08:5a]
RSSI: -80 [da:28:ee:93:0b:8e]
RSSI: -79 [da:25:e5:88:08:5a]
RSSI: -79 [da:25:e5:96:08:7a]
RSSI: -78 [da:25:e5:96:08:7a]
RSSI: -80 [da:28:ee:a5:0b:ce]
RSSI: -78 [da:25:e5:a3:08:aa]
RSSI: -91 [da:2b:89:52:05:ec]
RSSI: -78 [da:28:ee:b5:0b:ee]
RSSI: -78 [da:28:ee:b5:0b:ee]
RSSI: -77 [da:25:e5:b1:08:ca]
RSSI: -76 [da:28:ee:c4:0c:1e]
RSSI: -77 [da:28:ee:c4:0c:1e]
RSSI: -77 [da:25:e5:be:08:fa]
RSSI: -77 [da:28:ee:d0:0c:3e]
RSSI: -76 [da:28:ee:d0:0c:3e]
RSSI: -76 [da:28:ee:df:0c:6e]
RSSI: -78 [da:25:e5:d9:09:3a]
RSSI: -76 [da:28:ee:fb:0c:be]
RSSI: -79 [da:25:e5:f3:09:8a]
RSSI: -76 [da:28:ee:fb:0c:be]
RSSI: -79 [da:25:e5:f3:09:8a]
RSSI: -80 [da:25:e6:01:09:ba]
RSSI: -76 [da:28:ef:09:0c:ee]
RSSI: -80 [da:25:e6:01:09:ba]
RSSI: -81 [da:25:e6:01:09:ba]
RSSI: -75 [da:28:ef:18:0d:1e]
RSSI: -81 [da:25:e6:0f:09:da]
RSSI: -82 [da:25:e6:0f:09:da]
RSSI: -86 [da:2b:89:c8:07:5c]
RSSI: -82 [da:25:e6:1b:09:fa]
RSSI: -76 [da:28:ef:25:0d:3e]
RSSI: -87 [da:2b:89:c8:07:5c]
RSSI: -83 [da:25:e6:1b:09:fa]
RSSI: -75 [da:28:ef:34:0d:6e]
RSSI: -82 [da:25:e6:29:0a:2a]
RSSI: -76 [da:28:ef:34:0d:6e]
RSSI: -85 [da:25:e6:29:0a:2a]
RSSI: -75 [da:28:ef:42:0d:8e]
RSSI: -84 [da:25:e6:37:0a:4a]
RSSI: -76 [da:28:ef:4f:0d:be]
RSSI: -88 [da:2b:89:f5:07:ec]
RSSI: -89 [da:2b:8a:05:08:1c]
RSSI: -88 [da:25:e6:52:0a:9a]
RSSI: -77 [da:28:ef:5e:0d:de]
RSSI: -77 [da:28:ef:6d:0e:0e]
RSSI: -78 [da:28:ef:6d:0e:0e]
RSSI: -88 [da:2b:8a:12:08:4c]
RSSI: -85 [da:25:e6:6c:0a:ea]
RSSI: -77 [da:28:ef:79:0e:2e]
RSSI: -87 [da:25:e6:6c:0a:ea]
RSSI: -88 [da:25:e6:6c:0a:ea]
RSSI: -79 [da:28:ef:79:0e:2e]
RSSI: -88 [da:2b:8a:22:08:7c]
RSSI: -88 [da:25:e6:7a:0b:0a]
RSSI: -79 [da:28:ef:88:0e:5e]
RSSI: -86 [da:25:e6:7a:0b:0a]
RSSI: -80 [da:28:ef:88:0e:5e]
RSSI: -80 [da:28:ef:97:0e:8e]
RSSI: -80 [da:28:ef:97:0e:8e]
RSSI: -88 [da:25:e6:94:0b:5a]
RSSI: -82 [da:28:ef:a3:0e:ae]
RSSI: -90 [da:25:e6:94:0b:5a]
RSSI: -82 [da:28:ef:a3:0e:ae]
RSSI: -82 [da:28:ef:b2:0e:ce]
RSSI: -85 [da:28:ef:b2:0e:ce]
RSSI: -85 [da:28:ef:c1:0e:fe]
RSSI: -87 [da:28:ef:ce:0f:2e]
RSSI: -88 [da:28:ef:ce:0f:2e]
RSSI: -85 [da:2b:8a:7b:09:9c]
RSSI: -86 [da:2b:8a:8b:09:cc]
RSSI: -87 [da:28:ef:eb:0f:7e]
RSSI: -86 [da:2b:8a:98:09:fc]
RSSI: -86 [da:2b:8a:98:09:fc]
RSSI: -85 [da:28:f0:07:0f:ce]
RSSI: -91 [da:2b:8a:b8:0a:5c]
RSSI: -88 [da:28:f0:16:0f:ee]
RSSI: -90 [da:2b:8a:c5:0a:8c]
RSSI: -86 [da:2b:8a:d5:0a:bc]
RSSI: -95 [da:28:f0:4d:10:8e]
RSSI: -89 [da:2b:8b:02:0b:4c]
RSSI: -89 [da:2b:8b:12:0b:7c]
RSSI: -92 [da:28:f0:6a:10:de]
RSSI: -88 [da:2b:8b:12:0b:7c]
RSSI: -86 [da:2b:8b:1f:0b:ac]
RSSI: -93 [da:24:03:84:0f:bb]
RSSI: -90 [da:2b:8b:2f:0b:dc]
RSSI: -90 [da:2b:8b:4b:0c:3c]
RSSI: -89 [da:2b:8b:5c:0c:6c]
RSSI: -89 [da:25:e7:cb:0e:da]
RSSI: -90 [da:25:e7:d8:0e:fa]
RSSI: -87 [da:2b:8b:ae:0d:6c]
RSSI: -86 [da:25:e8:00:0f:7a]
RSSI: -89 [da:25:e8:0e:0f:9a]
RSSI: -88 [da:2b:8b:be:0d:ac]
RSSI: -88 [da:25:e8:1c:0f:ca]
RSSI: -88 [da:25:e8:1c:0f:ca]
RSSI: -88 [da:25:e8:1c:0f:ca]
RSSI: -91 [da:2b:8b:e7:0e:2c]
RSSI: -89 [da:25:e8:37:10:1a]
RSSI: -86 [da:25:e8:45:10:3a]
RSSI: -85 [da:2b:8b:f4:0e:5c]
RSSI: -86 [da:2b:8c:01:0e:7c]
RSSI: -89 [da:25:e8:51:10:6a]
RSSI: -82 [da:2b:8c:0d:0e:ac]
RSSI: -82 [da:2b:8c:0d:0e:ac]
RSSI: -89 [da:28:f1:75:13:de]
RSSI: -83 [da:2b:8c:1a:0e:cc]
RSSI: -86 [da:2b:8c:33:0f:1c]
RSSI: -88 [da:25:e8:88:10:fa]
RSSI: -90 [da:28:f1:a0:14:5e]
RSSI: -89 [da:25:e8:96:11:2a]
RSSI: -85 [da:2b:8c:4d:0f:6c]
RSSI: -83 [da:2b:8c:4d:0f:6c]
RSSI: -89 [da:2b:8c:5a:0f:9c]
RSSI: -86 [da:28:f1:bd:14:ae]
RSSI: -78 [da:2b:8c:66:0f:bc]
RSSI: -77 [da:2b:8c:66:0f:bc]
RSSI: -74 [da:2b:8c:73:0f:ec]
RSSI: -87 [da:28:f1:d9:14:fe]
RSSI: -72 [da:2b:8c:80:10:1c]
RSSI: -76 [da:2b:8c:80:10:1c]
RSSI: -71 [da:2b:8c:8c:10:3c]
RSSI: -70 [da:2b:8c:8c:10:3c]
RSSI: -74 [da:2b:8c:99:10:6c]
RSSI: -90 [da:28:f1:f4:15:4e]
RSSI: -70 [da:2b:8c:99:10:6c]
RSSI: -68 [da:2b:8c:a6:10:8c]
RSSI: -72 [da:2b:8c:a6:10:8c]
RSSI: -85 [da:28:f2:03:15:7e]
RSSI: -69 [da:2b:8c:b2:10:bc]
RSSI: -68 [da:2b:8c:b2:10:bc]
RSSI: -68 [da:2b:8c:b2:10:bc]
RSSI: -71 [da:2b:8c:bf:10:dc]
RSSI: -68 [da:2b:8c:bf:10:dc]
RSSI: -68 [da:2b:8c:cc:11:0c]
RSSI: -71 [da:2b:8c:cc:11:0c]
RSSI: -68 [da:2b:8c:d9:11:2c]
RSSI: -68 [da:2b:8c:d9:11:2c]
RSSI: -88 [da:28:f2:3d:16:1e]
RSSI: -68 [da:2b:8c:d9:11:2c]
RSSI: -71 [da:2b:8c:e5:11:5c]
RSSI: -68 [da:2b:8c:e5:11:5c]
RSSI: -89 [da:28:f2:49:16:3e]
RSSI: -71 [da:2b:8c:f2:11:7c]
RSSI: -69 [da:2b:8c:ff:11:ac]
RSSI: -70 [da:2b:8c:ff:11:ac]
RSSI: -72 [da:2b:8d:0b:11:cc]
RSSI: -70 [da:2b:8d:0b:11:cc]
RSSI: -71 [da:2b:8d:18:11:fc]
RSSI: -72 [da:2b:8d:18:11:fc]
RSSI: -72 [da:2b:8d:25:12:1c]
RSSI: -72 [da:2b:8d:25:12:1c]
RSSI: -74 [da:2b:8d:32:12:4c]
RSSI: -74 [da:2b:8d:32:12:4c]
RSSI: -75 [da:2b:8d:3e:12:6c]
RSSI: -75 [da:2b:8d:3e:12:6c]
RSSI: -77 [da:2b:8d:3e:12:6c]
RSSI: -78 [da:2b:8d:4b:12:9c]
RSSI: -80 [da:2b:8d:4b:12:9c]
RSSI: -83 [da:2b:8d:58:12:bc]
RSSI: -93 [da:24:05:c0:16:5b]
RSSI: -87 [da:2b:8d:71:13:0c]
RSSI: -83 [da:2b:8d:7e:13:2c]
RSSI: -81 [da:2b:8d:8b:13:5c]
RSSI: -86 [da:24:05:e8:00:4b]
RSSI: -80 [da:2b:8d:97:13:8c]
RSSI: -80 [da:2b:8d:97:13:8c]
RSSI: -85 [da:24:05:e8:00:4b]
RSSI: -81 [da:2b:8d:a4:13:ac]
RSSI: -82 [da:24:05:f6:00:7b]
RSSI: -82 [da:2b:8d:a4:13:ac]
RSSI: -85 [da:24:05:f6:00:7b]
RSSI: -83 [da:24:06:04:00:ab]
RSSI: -80 [da:24:06:04:00:ab]
RSSI: -84 [da:2b:8d:be:13:fc]
RSSI: -82 [da:24:06:10:00:cb]
RSSI: -86 [da:2b:8d:be:13:fc]
RSSI: -81 [da:24:06:10:00:cb]
RSSI: -81 [da:24:06:1e:00:fb]
RSSI: -77 [da:24:06:2c:01:1b]
RSSI: -79 [da:24:06:38:01:3b]
RSSI: -79 [da:24:06:46:01:6b]
RSSI: -76 [da:24:06:54:01:9b]
RSSI: -88 [da:2b:8e:0a:14:ec]
RSSI: -87 [da:2b:8e:0a:14:ec]
RSSI: -78 [da:24:06:61:01:bb]
RSSI: -91 [da:25:ea:62:00:2a]
RSSI: -80 [da:24:06:6e:01:db]
RSSI: -79 [da:24:06:6e:01:db]
RSSI: -75 [da:24:06:7c:02:0b]
RSSI: -79 [da:24:06:89:02:2b]
RSSI: -76 [da:24:06:89:02:2b]
RSSI: -80 [da:24:06:97:02:5b]
RSSI: -79 [da:24:06:97:02:5b]
RSSI: -80 [da:24:06:a4:02:8b]
RSSI: -88 [da:2b:8e:57:15:ec]
RSSI: -89 [da:2b:8e:57:15:ec]
RSSI: -78 [da:24:06:b1:02:ab]
RSSI: -89 [da:2b:8e:64:16:0c]
RSSI: -80 [da:24:06:bf:02:db]
RSSI: -79 [da:24:06:d9:03:1b]
RSSI: -84 [da:24:06:e7:03:4b]
RSSI: -92 [da:2b:8e:a3:00:5c]
RSSI: -87 [da:24:06:f5:03:7b]
RSSI: -87 [da:24:06:f5:03:7b]
RSSI: -85 [da:24:07:01:03:9b]
RSSI: -87 [da:24:07:0f:03:cb]
RSSI: -90 [da:2b:8e:e3:01:1c]
RSSI: -94 [da:28:f4:3c:05:9e]
RSSI: -91 [da:2b:8e:f0:01:4c]
RSSI: -91 [da:25:eb:7a:03:4a]
RSSI: -90 [da:24:07:96:05:5b]
RSSI: -91 [da:25:eb:95:03:8a]
RSSI: -91 [da:25:eb:b0:03:da]
RSSI: -89 [da:25:eb:cc:04:2a]
RSSI: -88 [da:2b:8f:7d:03:0c]
RSSI: -88 [da:2b:8f:89:03:2c]
RSSI: -89 [da:24:08:0f:06:bb]
RSSI: -88 [da:25:ec:10:04:ea]
RSSI: -89 [da:28:f5:1e:08:3e]
RSSI: -87 [da:24:08:1b:06:eb]
RSSI: -89 [da:24:08:29:07:0b]
RSSI: -87 [da:28:f5:3c:08:8e]
RSSI: -88 [da:28:f5:49:08:be]
RSSI: -86 [da:25:ec:47:05:9a]
RSSI: -93 [da:24:08:51:07:8b]
RSSI: -86 [da:28:f5:58:08:de]
RSSI: -83 [da:25:ec:53:05:ba]
RSSI: -87 [da:28:f5:67:09:0e]
RSSI: -85 [da:28:f5:67:09:0e]
RSSI: -86 [da:25:ec:62:05:da]
RSSI: -88 [da:2b:90:17:04:ec]
RSSI: -84 [da:28:f5:74:09:2e]
RSSI: -84 [da:28:f5:74:09:2e]
RSSI: -85 [da:25:ec:70:06:0a]
RSSI: -89 [da:25:ec:70:06:0a]
RSSI: -84 [da:28:f5:92:09:8e]
RSSI: -85 [da:28:f5:9f:09:ae]
RSSI: -85 [da:2b:90:4a:05:8c]
RSSI: -92 [da:25:ec:99:06:7a]
RSSI: -87 [da:28:f5:ae:09:de]
RSSI: -87 [da:2b:90:57:05:ac]
RSSI: -88 [da:28:f5:ae:09:de]
RSSI: -90 [da:25:ec:a5:06:9a]
RSSI: -84 [da:28:f5:bd:0a:0e]
RSSI: -84 [da:28:f5:bd:0a:0e]
RSSI: -87 [da:2b:90:64:05:dc]
RSSI: -90 [da:25:ec:b4:06:ca]
RSSI: -82 [da:28:f5:c9:0a:2e]
RSSI: -88 [da:2b:90:70:05:fc]
RSSI: -86 [da:2b:90:7d:06:2c]
RSSI: -82 [da:28:f5:d9:0a:5e]
RSSI: -85 [da:2b:90:7d:06:2c]
RSSI: -86 [da:2b:90:7d:06:2c]
RSSI: -82 [da:28:f5:e8:0a:8e]
RSSI: -87 [da:2b:90:8a:06:4c]
RSSI: -82 [da:28:f5:e8:0a:8e]
RSSI: -83 [da:28:f5:f4:0a:ae]
RSSI: -87 [da:25:ec:eb:07:6a]
RSSI: -91 [da:24:08:e5:09:3b]
RSSI: -84 [da:28:f5:f4:0a:ae]
RSSI: -83 [da:2b:90:a4:06:ac]
RSSI: -84 [da:28:f6:03:0a:ce]
RSSI: -84 [da:25:ec:f7:07:8a]
RSSI: -85 [da:28:f6:03:0a:ce]
RSSI: -82 [da:25:ed:06:07:ba]
RSSI: -86 [da:28:f6:13:0a:fe]
RSSI: -82 [da:25:ed:06:07:ba]
RSSI: -89 [da:2b:90:bd:06:fc]
RSSI: -85 [da:28:f6:1f:0b:1e]
RSSI: -86 [da:2b:90:bd:06:fc]
RSSI: -80 [da:25:ed:14:07:da]
RSSI: -87 [da:28:f6:1f:0b:1e]
RSSI: -86 [da:2b:90:ca:07:1c]
RSSI: -89 [da:2b:90:ca:07:1c]
RSSI: -82 [da:28:f6:2e:0b:4e]
RSSI: -79 [da:25:ed:20:08:0a]
RSSI: -81 [da:28:f6:2e:0b:4e]
RSSI: -78 [da:25:ed:20:08:0a]
RSSI: -89 [da:24:09:29:0a:0b]
RSSI: -77 [da:25:ed:2f:08:2a]
RSSI: -79 [da:28:f6:3d:0b:7e]
RSSI: -88 [da:2b:90:e4:07:6c]
RSSI: -77 [da:25:ed:2f:08:2a]
RSSI: -86 [da:2b:90:e4:07:6c]
RSSI: -76 [da:25:ed:3d:08:5a]
RSSI: -77 [da:28:f6:4a:0b:9e]
RSSI: -77 [da:25:ed:49:08:7a]
RSSI: -77 [da:28:f6:59:0b:ce]
RSSI: -77 [da:25:ed:49:08:7a]
RSSI: -76 [da:28:f6:59:0b:ce]
RSSI: -75 [da:28:f6:68:0b:fe]
RSSI: -76 [da:25:ed:66:08:ca]
RSSI: -86 [da:2b:91:25:08:3c]
RSSI: -77 [da:25:ed:73:08:ea]
RSSI: -86 [da:2b:91:25:08:3c]
RSSI: -72 [da:28:f6:84:0c:3e]
RSSI: -86 [da:2b:91:31:08:6c]
RSSI: -78 [da:25:ed:81:09:1a]
RSSI: -73 [da:28:f6:93:0c:6e]
RSSI: -88 [da:2b:91:31:08:6c]
RSSI: -78 [da:25:ed:81:09:1a]
RSSI: -72 [da:28:f6:a0:0c:9e]
RSSI: -72 [da:28:f6:a0:0c:9e]
RSSI: -72 [da:28:f6:a0:0c:9e]
RSSI: -78 [da:25:ed:9c:09:6a]
RSSI: -72 [da:28:f6:a0:0c:9e]
RSSI: -79 [da:25:ed:9c:09:6a]
RSSI: -72 [da:28:f6:af:0c:be]
RSSI: -79 [da:25:ed:aa:09:9a]
RSSI: -80 [da:25:ed:aa:09:9a]
RSSI: -70 [da:28:f6:be:0c:ee]
RSSI: -81 [da:25:ed:b8:09:ba]
RSSI: -71 [da:28:f6:cb:0d:1e]
RSSI: -81 [da:25:ed:c5:09:da]
RSSI: -71 [da:28:f6:da:0d:3e]
RSSI: -86 [da:2b:91:7e:09:5c]
RSSI: -71 [da:28:f6:da:0d:3e]
RSSI: -70 [da:28:f6:e9:0d:6e]
RSSI: -72 [da:28:f6:e9:0d:6e]
RSSI: -85 [da:2b:91:98:09:bc]
RSSI: -85 [da:25:ed:e1:0a:3a]
RSSI: -70 [da:28:f6:f6:0d:9e]
RSSI: -85 [da:25:ed:ee:0a:5a]
RSSI: -71 [da:28:f7:05:0d:be]
RSSI: -88 [da:2b:91:b2:0a:0c]
RSSI: -72 [da:28:f7:14:0d:ee]
RSSI: -72 [da:28:f7:14:0d:ee]
RSSI: -71 [da:28:f7:21:0e:0e]
RSSI: -74 [da:28:f7:21:0e:0e]
RSSI: -74 [da:28:f7:21:0e:0e]
RSSI: -72 [da:28:f7:30:0e:3e]
RSSI: -74 [da:28:f7:3f:0e:6e]
RSSI: -76 [da:28:f7:4c:0e:8e]
RSSI: -87 [da:25:ee:4e:0b:6a]
RSSI: -79 [da:28:f7:5b:0e:ae]
RSSI: -79 [da:28:f7:6a:0e:de]
RSSI: -80 [da:28:f7:6a:0e:de]
RSSI: -81 [da:28:f7:77:0f:0e]
RSSI: -88 [da:2b:92:26:0b:7c]
RSSI: -82 [da:28:f7:86:0f:2e]
RSSI: -82 [da:28:f7:86:0f:2e]
RSSI: -82 [da:28:f7:95:0f:5e]
RSSI: -82 [da:28:f7:95:0f:5e]
RSSI: -81 [da:28:f7:a2:0f:7e]
RSSI: -80 [da:28:f7:a2:0f:7e]
RSSI: -81 [da:28:f7:b1:0f:ae]
RSSI: -91 [da:2b:92:5a:0c:1c]
RSSI: -83 [da:28:f7:c0:0f:de]
RSSI: -87 [da:2b:92:66:0c:4c]
RSSI: -81 [da:28:f7:c0:0f:de]
RSSI: -88 [da:2b:92:66:0c:4c]
RSSI: -81 [da:28:f7:cd:0f:fe]
RSSI: -84 [da:28:f7:cd:0f:fe]
RSSI: -87 [da:2b:92:81:0c:9c]
RSSI: -83 [da:28:f7:dc:10:2e]
RSSI: -85 [da:2b:92:8d:0c:cc]
RSSI: -87 [da:28:f7:eb:10:5e]
RSSI: -88 [da:2b:92:8d:0c:cc]
RSSI: -85 [da:28:f7:eb:10:5e]
RSSI: -87 [da:2b:92:9a:0c:ec]
RSSI: -87 [da:28:f7:f8:10:7e]
RSSI: -86 [da:28:f7:f8:10:7e]
RSSI: -85 [da:28:f8:07:10:ae]
RSSI: -90 [da:24:0b:02:0f:9b]
RSSI: -86 [da:2b:92:b4:0d:3c]
RSSI: -85 [da:28:f8:16:10:de]
RSSI: -84 [da:28:f8:16:10:de]
RSSI: -86 [da:24:0b:1c:0f:eb]
RSSI: -91 [da:25:ef:1c:0d:ca]
RSSI: -89 [da:2b:92:ce:0d:9c]
RSSI: -90 [da:28:f8:32:11:2e]
RSSI: -89 [da:28:f8:32:11:2e]
RSSI: -85 [da:2b:92:e8:0d:ec]
RSSI: -91 [da:28:f8:4e:11:7e]
RSSI: -83 [da:2b:93:01:0e:3c]
RSSI: -81 [da:2b:93:01:0e:3c]
RSSI: -89 [da:28:f8:5d:11:ae]
RSSI: -80 [da:2b:93:01:0e:3c]
RSSI: -90 [da:28:f8:6c:11:ce]
RSSI: -80 [da:2b:93:0f:0e:5c]
RSSI: -91 [da:24:0b:61:10:ab]
RSSI: -90 [da:25:ef:60:0e:8a]
RSSI: -81 [da:2b:93:1c:0e:8c]
RSSI: -90 [da:28:f8:79:11:fe]
RSSI: -81 [da:2b:93:28:0e:ac]
RSSI: -92 [da:25:ef:7d:0e:da]
RSSI: -93 [da:24:0b:8a:11:2b]
RSSI: -82 [da:2b:93:42:0f:0c]
RSSI: -88 [da:24:0b:a4:11:7b]
RSSI: -91 [da:25:ef:a6:0f:4a]
RSSI: -93 [da:28:f8:b3:12:9e]
RSSI: -81 [da:2b:93:5c:0f:5c]
RSSI: -88 [da:28:f8:b3:12:9e]
RSSI: -80 [da:2b:93:5c:0f:5c]
RSSI: -84 [da:2b:93:5c:0f:5c]
RSSI: -90 [da:25:ef:b3:0f:6a]
RSSI: -85 [da:2b:93:69:0f:7c]
RSSI: -76 [da:2b:93:76:0f:ac]
RSSI: -90 [da:24:0b:cd:11:fb]
RSSI: -89 [da:25:ef:d0:0f:ca]
RSSI: -75 [da:2b:93:83:0f:dc]
RSSI: -89 [da:24:0b:db:12:1b]
RSSI: -76 [da:2b:93:90:0f:fc]
RSSI: -89 [da:25:ef:dc:0f:ea]
RSSI: -72 [da:2b:93:9d:10:2c]
RSSI: -71 [da:2b:93:aa:10:5c]
RSSI: -73 [da:2b:93:b7:10:7c]
RSSI: -73 [da:2b:93:b7:10:7c]
RSSI: -85 [da:28:f9:19:13:be]
RSSI: -88 [da:25:f0:14:10:8a]
RSSI: -70 [da:2b:93:c4:10:ac]
RSSI: -87 [da:25:f0:14:10:8a]
RSSI: -86 [da:28:f9:26:13:ee]
RSSI: -70 [da:2b:93:d1:10:cc]
RSSI: -88 [da:25:f0:22:10:aa]
RSSI: -69 [da:2b:93:d1:10:cc]
RSSI: -70 [da:2b:93:de:10:fc]
RSSI: -87 [da:28:f9:44:14:3e]
RSSI: -87 [da:25:f0:2f:10:da]
RSSI: -68 [da:2b:93:ea:11:1c]
RSSI: -68 [da:2b:93:ea:11:1c]
RSSI: -89 [da:25:f0:3d:10:fa]
RSSI: -86 [da:28:f9:51:14:6e]
RSSI: -69 [da:2b:93:f8:11:4c]
RSSI: -88 [da:25:f0:4c:11:2a]
RSSI: -88 [da:28:f9:51:14:6e]
RSSI: -67 [da:2b:93:f8:11:4c]
RSSI: -87 [da:25:f0:4c:11:2a]
RSSI: -70 [da:2b:94:05:11:7c]
RSSI: -85 [da:28:f9:60:14:8e]
RSSI: -87 [da:25:f0:58:11:4a]
RSSI: -71 [da:2b:94:11:11:9c]
RSSI: -82 [da:28:f9:6f:14:be]
RSSI: -70 [da:2b:94:1f:11:cc]
RSSI: -70 [da:2b:94:1f:11:cc]
RSSI: -69 [da:2b:94:1f:11:cc]
RSSI: -88 [da:25:f0:75:11:9a]
RSSI: -90 [da:24:0c:78:13:eb]
RSSI: -72 [da:2b:94:2c:11:ec]
RSSI: -71 [da:2b:94:2c:11:ec]
RSSI: -71 [da:2b:94:38:12:1c]
RSSI: -83 [da:28:f9:9a:15:2e]
RSSI: -75 [da:2b:94:38:12:1c]
RSSI: -85 [da:28:f9:9a:15:2e]
RSSI: -74 [da:2b:94:45:12:4c]
RSSI: -74 [da:2b:94:45:12:4c]
RSSI: -85 [da:28:f9:a7:15:5e]
RSSI: -73 [da:2b:94:45:12:4c]
RSSI: -84 [da:28:f9:a7:15:5e]
RSSI: -77 [da:2b:94:53:12:6c]
RSSI: -86 [da:28:f9:b6:15:7e]
RSSI: -92 [da:24:0c:ae:14:8b]
RSSI: -83 [da:28:f9:d2:15:ce]
RSSI: -86 [da:2b:94:79:12:ec]
RSSI: -88 [da:28:f9:d2:15:ce]
RSSI: -85 [da:28:f9:e2:15:fe]
RSSI: -83 [da:28:f9:e2:15:fe]
RSSI: -87 [da:24:0c:d7:15:0b]
RSSI: -82 [da:2b:94:86:13:0c]
RSSI: -83 [da:28:f9:e2:15:fe]
RSSI: -87 [da:28:f9:f1:16:2e]
RSSI: -89 [da:24:0c:e4:15:2b]
RSSI: -82 [da:2b:94:93:13:3c]
RSSI: -81 [da:2b:94:a0:13:6c]
RSSI: -86 [da:24:0c:f2:15:5b]
RSSI: -80 [da:2b:94:a0:13:6c]
RSSI: -79 [da:2b:94:ad:13:8c]
RSSI: -87 [da:24:0d:00:15:8b]
RSSI: -83 [da:2b:94:ad:13:8c]
RSSI: -88 [da:28:fa:1c:00:5e]
RSSI: -82 [da:2b:94:c7:13:dc]
RSSI: -88 [da:24:0d:1b:15:db]
RSSI: -91 [da:28:fa:29:00:7e]
RSSI: -85 [da:24:0d:29:15:fb]
RSSI: -86 [da:24:0d:29:15:fb]
RSSI: -84 [da:24:0d:35:16:1b]
RSSI: -86 [da:24:0d:44:16:4b]
RSSI: -88 [da:24:0d:44:16:4b]
RSSI: -85 [da:24:0d:52:16:7b]
RSSI: -85 [da:2b:95:15:14:dc]
RSSI: -82 [da:24:0d:7b:00:7b]
RSSI: -82 [da:24:0d:7b:00:7b]
RSSI: -87 [da:2b:95:2f:15:2c]
RSSI: -80 [da:24:0d:87:00:9b]
RSSI: -81 [da:24:0d:87:00:9b]
RSSI: -79 [da:24:0d:95:00:cb]
RSSI: -77 [da:24:0d:95:00:cb]
RSSI: -91 [da:2b:95:49:15:7c]
RSSI: -79 [da:24:0d:a3:00:fb]
RSSI: -78 [da:24:0d:a3:00:fb]
RSSI: -84 [da:2b:95:56:15:9c]
RSSI: -78 [da:24:0d:a3:00:fb]
RSSI: -78 [da:24:0d:b0:01:1b]
RSSI: -85 [da:2b:95:63:15:cc]
RSSI: -87 [da:2b:95:70:15:ec]
RSSI: -74 [da:24:0d:be:01:4b]
RSSI: -77 [da:24:0d:cc:01:6b]
RSSI: -76 [da:24:0d:cc:01:6b]
RSSI: -76 [da:24:0d:cc:01:6b]
RSSI: -76 [da:24:0d:d9:01:9b]
RSSI: -75 [da:24:0d:d9:01:9b]
RSSI: -75 [da:24:0d:e7:01:bb]
RSSI: -74 [da:24:0d:f5:01:eb]
RSSI: -74 [da:24:0d:f5:01:eb]
RSSI: -87 [da:2b:95:a4:00:0c]
RSSI: -75 [da:24:0e:02:02:0b]
RSSI: -74 [da:24:0e:02:02:0b]
RSSI: -74 [da:24:0e:02:02:0b]
RSSI: -75 [da:24:0e:10:02:3b]
RSSI: -74 [da:24:0e:1e:02:5b]
RSSI: -72 [da:24:0e:1e:02:5b]
RSSI: -75 [da:24:0e:2b:02:8b]
RSSI: -74 [da:24:0e:2b:02:8b]
RSSI: -75 [da:24:0e:39:02:ab]
RSSI: -75 [da:24:0e:39:02:ab]
RSSI: -73 [da:24:0e:47:02:db]
RSSI: -76 [da:24:0e:54:02:fb]
RSSI: -76 [da:24:0e:54:02:fb]
RSSI: -76 [da:24:0e:62:03:2b]
RSSI: -76 [da:24:0e:62:03:2b]
RSSI: -76 [da:24:0e:62:03:2b]
RSSI: -75 [da:24:0e:70:03:5b]
RSSI: -78 [da:24:0e:70:03:5b]
RSSI: -77 [da:24:0e:7d:03:7b]
RSSI: -76 [da:24:0e:7d:03:7b]
RSSI: -90 [da:2b:96:33:01:cc]
RSSI: -79 [da:24:0e:8b:03:ab]
RSSI: -79 [da:24:0e:8b:03:ab]
RSSI: -87 [da:2b:96:41:01:ec]
RSSI: -81 [da:24:0e:99:03:cb]
RSSI: -82 [da:24:0e:a6:03:fb]
RSSI: -85 [da:24:0e:b4:04:1b]
RSSI: -86 [da:24:0e:b4:04:1b]
RSSI: -82 [da:2b:96:68:02:6c]
RSSI: -83 [da:2b:96:75:02:9c]
RSSI: -84 [da:24:0e:c2:04:4b]
RSSI: -82 [da:2b:96:75:02:9c]
RSSI: -85 [da:24:0e:cf:04:6b]
RSSI: -90 [da:25:f2:d5:01:fa]
RSSI: -83 [da:24:0e:dd:04:9b]
RSSI: -83 [da:24:0e:dd:04:9b]
RSSI: -82 [da:2b:96:8f:02:ec]
RSSI: -88 [da:25:f2:e3:02:2a]
RSSI: -84 [da:24:0e:eb:04:cb]
RSSI: -82 [da:2b:96:9c:03:1c]
RSSI: -82 [da:24:0e:eb:04:cb]
RSSI: -82 [da:24:0e:f8:04:eb]
RSSI: -86 [da:2b:96:a9:03:3c]
RSSI: -85 [da:24:0f:14:05:3b]
RSSI: -86 [da:24:0f:21:05:6b]
RSSI: -87 [da:24:0f:21:05:6b]
RSSI: -86 [da:24:0f:2f:05:8b]
RSSI: -88 [da:24:0f:2f:05:8b]
RSSI: -86 [da:24:0f:3e:05:bb]
RSSI: -88 [da:2b:96:eb:04:0c]
RSSI: -86 [da:24:0f:3e:05:bb]
RSSI: -90 [da:25:f3:43:03:3a]
RSSI: -87 [da:24:0f:4a:05:db]
RSSI: -89 [da:24:0f:58:06:0b]
RSSI: -89 [da:25:f3:60:03:8a]
RSSI: -87 [da:24:0f:67:06:3b]
RSSI: -89 [da:25:f3:6d:03:aa]
RSSI: -89 [da:25:f3:7c:03:da]
RSSI: -89 [da:25:f3:8a:04:0a]
RSSI: -88 [da:24:0f:81:06:8b]
RSSI: -87 [da:2b:97:39:05:0c]
RSSI: -87 [da:2b:97:46:05:2c]
RSSI: -94 [da:28:fc:a7:07:be]
RSSI: -88 [da:24:0f:9c:06:db]
RSSI: -85 [da:24:0f:9c:06:db]
RSSI: -85 [da:2b:97:53:05:5c]
RSSI: -88 [da:25:f3:a5:04:4a]
RSSI: -90 [da:28:fc:b4:07:de]
RSSI: -87 [da:24:0f:b9:07:2b]
RSSI: -85 [da:2b:97:6d:05:ac]
RSSI: -90 [da:28:fc:c3:08:0e]
RSSI: -90 [da:25:f3:c0:04:9a]
RSSI: -82 [da:2b:97:6d:05:ac]
RSSI: -88 [da:25:f3:c0:04:9a]
RSSI: -90 [da:24:0f:d4:07:7b]
RSSI: -85 [da:2b:97:88:05:fc]
RSSI: -87 [da:28:fc:e4:08:6e]
RSSI: -90 [da:24:0f:e2:07:ab]
RSSI: -90 [da:2b:97:94:06:2c]
RSSI: -84 [da:2b:97:94:06:2c]
RSSI: -84 [da:2b:97:94:06:2c]
RSSI: -88 [da:25:f3:ea:05:1a]
RSSI: -86 [da:24:0f:ef:07:db]
RSSI: -87 [da:28:fd:04:08:ce]
RSSI: -86 [da:24:0f:fd:07:fb]
RSSI: -87 [da:24:0f:fd:07:fb]
RSSI: -89 [da:2b:97:bc:06:9c]
RSSI: -87 [da:28:fd:20:09:1e]
RSSI: -89 [da:2b:97:c9:06:cc]
RSSI: -86 [da:28:fd:30:09:4e]
RSSI: -86 [da:28:fd:3c:09:6e]
RSSI: -88 [da:25:f4:31:05:ea]
RSSI: -88 [da:2b:97:e3:07:1c]
RSSI: -87 [da:28:fd:3c:09:6e]
RSSI: -87 [da:2b:97:f0:07:4c]
RSSI: -85 [da:2b:98:0a:07:9c]
RSSI: -87 [da:28:fd:68:09:ee]
RSSI: -85 [da:28:fd:87:0a:4e]
RSSI: -87 [da:2b:98:25:07:fc]
RSSI: -84 [da:2b:98:32:08:1c]
RSSI: -87 [da:2b:98:32:08:1c]
RSSI: -87 [da:24:10:87:09:9b]
RSSI: -85 [da:28:fd:93:0a:6e]
RSSI: -82 [da:2b:98:3f:08:4c]
RSSI: -94 [da:24:10:93:09:bb]
RSSI: -83 [da:2b:98:3f:08:4c]
RSSI: -86 [da:28:fd:a3:0a:9e]
RSSI: -85 [da:2b:98:4c:08:6c]
RSSI: -86 [da:2b:98:4c:08:6c]
RSSI: -86 [da:28:fd:b2:0a:ce]
RSSI: -86 [da:28:fd:b2:0a:ce]
RSSI: -88 [da:25:f4:ae:07:4a]
RSSI: -88 [da:28:fd:bf:0a:ee]
RSSI: -88 [da:25:f4:bb:07:7a]
RSSI: -87 [da:28:fd:bf:0a:ee]
RSSI: -89 [da:28:fd:cf:0b:1e]
RSSI: -87 [da:25:f4:ca:07:9a]
RSSI: -88 [da:24:10:cb:0a:6b]
RSSI: -86 [da:2b:98:7c:09:0c]
RSSI: -85 [da:25:f4:ca:07:9a]
RSSI: -88 [da:24:10:cb:0a:6b]
RSSI: -86 [da:28:fd:de:0b:4e]
RSSI: -89 [da:2b:98:88:09:2c]
RSSI: -86 [da:25:f4:d8:07:ca]
RSSI: -87 [da:24:10:d9:0a:8b]
RSSI: -89 [da:2b:98:88:09:2c]
RSSI: -83 [da:28:fd:eb:0b:6e]
RSSI: -81 [da:25:f4:e5:07:ea]
RSSI: -81 [da:28:fd:fa:0b:9e]
RSSI: -83 [da:25:f4:f3:08:1a]
RSSI: -80 [da:28:fd:fa:0b:9e]
RSSI: -84 [da:2b:98:a3:09:7c]
RSSI: -85 [da:25:f4:f3:08:1a]
RSSI: -80 [da:25:f4:f3:08:1a]
RSSI: -79 [da:28:fe:0a:0b:ce]
RSSI: -87 [da:2b:98:b0:09:ac]
RSSI: -78 [da:28:fe:0a:0b:ce]
RSSI: -76 [da:28:fe:16:0b:ee]
RSSI: -90 [da:24:11:0f:0b:2b]
RSSI: -78 [da:25:f5:0f:08:6a]
RSSI: -88 [da:24:11:0f:0b:2b]
RSSI: -81 [da:25:f5:0f:08:6a]
RSSI: -76 [da:28:fe:26:0c:1e]
RSSI: -75 [da:28:fe:26:0c:1e]
RSSI: -76 [da:28:fe:35:0c:4e]
RSSI: -76 [da:28:fe:35:0c:4e]
RSSI: -87 [da:2b:98:e5:0a:5c]
RSSI: -80 [da:25:f5:38:08:da]
RSSI: -76 [da:28:fe:42:0c:6e]
RSSI: -79 [da:25:f5:38:08:da]
RSSI: -72 [da:28:fe:52:0c:9e]
RSSI: -75 [da:28:fe:52:0c:9e]
RSSI: -79 [da:25:f5:47:09:0a]
RSSI: -79 [da:25:f5:56:09:2a]
RSSI: -76 [da:25:f5:56:09:2a]
RSSI: -74 [da:28:fe:6e:0c:ee]
RSSI: -73 [da:28:fe:6e:0c:ee]
RSSI: -96 [da:2b:99:19:0a:fc]
RSSI: -90 [da:24:11:61:0c:2b]
RSSI: -73 [da:28:fe:7d:0d:1e]
RSSI: -91 [da:2b:99:26:0b:2c]
RSSI: -80 [da:25:f5:71:09:7a]
RSSI: -73 [da:28:fe:7d:0d:1e]
RSSI: -73 [da:28:fe:7d:0d:1e]
RSSI: -89 [da:2b:99:26:0b:2c]
RSSI: -78 [da:25:f5:80:09:aa]
RSSI: -88 [da:2b:99:33:0b:4c]
RSSI: -91 [da:24:11:8b:0c:9b]
RSSI: -73 [da:28:fe:99:0d:6e]
RSSI: -80 [da:25:f5:8c:09:ca]
RSSI: -71 [da:28:fe:99:0d:6e]
RSSI: -81 [da:25:f5:9b:09:fa]
RSSI: -73 [da:28:fe:a9:0d:9e]
RSSI: -73 [da:28:fe:a9:0d:9e]
RSSI: -73 [da:28:fe:a9:0d:9e]
RSSI: -82 [da:25:f5:a9:0a:1a]
RSSI: -74 [da:28:fe:b8:0d:ce]
RSSI: -84 [da:25:f5:b6:0a:4a]
RSSI: -83 [da:25:f5:b6:0a:4a]
RSSI: -82 [da:25:f5:b6:0a:4a]
RSSI: -75 [da:28:fe:c5:0d:ee]
RSSI: -85 [da:2b:99:75:0c:2c]
RSSI: -86 [da:25:f5:c5:0a:6a]
RSSI: -75 [da:28:fe:d5:0e:1e]
RSSI: -76 [da:28:fe:e4:0e:4e]
RSSI: -83 [da:2b:99:82:0c:4c]
RSSI: -75 [da:28:fe:e4:0e:4e]
RSSI: -88 [da:25:f5:e0:0a:ba]
RSSI: -88 [da:2b:99:90:0c:7c]
RSSI: -76 [da:28:fe:f1:0e:6e]
RSSI: -76 [da:28:ff:00:0e:9e]
RSSI: -82 [da:2b:99:aa:0c:cc]
RSSI: -79 [da:28:ff:00:0e:9e]
RSSI: -84 [da:2b:99:aa:0c:cc]
RSSI: -79 [da:28:ff:10:0e:ce]
RSSI: -79 [da:28:ff:10:0e:ce]
RSSI: -81 [da:2b:99:b7:0c:fc]
RSSI: -84 [da:2b:99:c4:0d:1c]
RSSI: -81 [da:28:ff:1d:0e:ee]
RSSI: -85 [da:2b:99:c4:0d:1c]
RSSI: -86 [da:24:12:15:0e:3b]
RSSI: -89 [da:24:12:30:0e:8b]
RSSI: -93 [da:25:f6:34:0b:aa]
RSSI: -83 [da:2b:99:eb:0d:9c]
RSSI: -84 [da:28:ff:48:0f:6e]
RSSI: -88 [da:24:12:3e:0e:bb]
RSSI: -81 [da:2b:99:f9:0d:cc]
RSSI: -81 [da:2b:99:f9:0d:cc]
RSSI: -83 [da:28:ff:58:0f:9e]
RSSI: -78 [da:2b:9a:06:0d:fc]
RSSI: -83 [da:28:ff:67:0f:ce]
RSSI: -78 [da:2b:9a:13:0e:1c]
RSSI: -88 [da:24:12:68:0f:3b]
RSSI: -81 [da:2b:9a:13:0e:1c]
RSSI: -84 [da:28:ff:74:0f:ee]
RSSI: -77 [da:2b:9a:20:0e:4c]
RSSI: -76 [da:2b:9a:20:0e:4c]
RSSI: -84 [da:28:ff:84:10:1e]
RSSI: -80 [da:2b:9a:2e:0e:7c]
RSSI: -79 [da:2b:9a:3a:0e:9c]
RSSI: -83 [da:2b:9a:48:0e:cc]
RSSI: -88 [da:28:ff:a0:10:6e]
RSSI: -83 [da:24:12:ac:10:0b]
RSSI: -88 [da:28:ff:bf:10:be]
RSSI: -87 [da:24:12:bb:10:2b]
RSSI: -89 [da:28:ff:cc:10:ee]
RSSI: -81 [da:24:12:c9:10:5b]
RSSI: -75 [da:2b:9a:7d:0f:7c]
RSSI: -73 [da:2b:9a:7d:0f:7c]
RSSI: -84 [da:24:12:d5:10:7b]
RSSI: -75 [da:2b:9a:8a:0f:9c]
RSSI: -82 [da:24:12:d5:10:7b]
RSSI: -72 [da:2b:9a:8a:0f:9c]
RSSI: -86 [da:24:12:e4:10:ab]
RSSI: -70 [da:2b:9a:97:0f:cc]
RSSI: -70 [da:2b:9a:97:0f:cc]
RSSI: -72 [da:2b:9a:97:0f:cc]
RSSI: -87 [da:24:12:f2:10:db]
RSSI: -69 [da:2b:9a:a5:0f:fc]
RSSI: -68 [da:2b:9a:a5:0f:fc]
RSSI: -69 [da:2b:9a:b1:10:1c]
RSSI: -68 [da:2b:9a:b1:10:1c]
RSSI: -67 [da:2b:9a:bf:10:4c]
RSSI: -87 [da:24:13:0d:11:2b]
RSSI: -68 [da:2b:9a:bf:10:4c]
RSSI: -67 [da:2b:9a:cc:10:7c]
RSSI: -86 [da:24:13:1c:11:5b]
RSSI: -66 [da:2b:9a:cc:10:7c]
RSSI: -66 [da:2b:9a:cc:10:7c]
RSSI: -86 [da:24:13:28:11:7b]
RSSI: -67 [da:2b:9a:d9:10:9c]
RSSI: -67 [da:2b:9a:d9:10:9c]
RSSI: -67 [da:2b:9a:d9:10:9c]
RSSI: -66 [da:2b:9a:e6:10:cc]
RSSI: -67 [da:2b:9a:e6:10:cc]
RSSI: -67 [da:2b:9a:f4:10:ec]
RSSI: -66 [da:2b:9a:f4:10:ec]
RSSI: -67 [da:2b:9b:00:11:1c]
RSSI: -88 [da:24:13:52:11:fb]
RSSI: -68 [da:2b:9b:0e:11:3c]
RSSI: -86 [da:24:13:60:12:1b]
RSSI: -67 [da:2b:9b:1c:11:6c]
RSSI: -67 [da:2b:9b:1c:11:6c]
RSSI: -85 [da:24:13:6f:12:4b]
RSSI: -67 [da:2b:9b:1c:11:6c]
RSSI: -83 [da:24:13:7b:12:6b]
RSSI: -69 [da:2b:9b:28:11:9c]
RSSI: -84 [da:24:13:7b:12:6b]
RSSI: -71 [da:2b:9b:36:11:bc]
RSSI: -83 [da:24:13:8a:12:9b]
RSSI: -70 [da:2b:9b:43:11:ec]
RSSI: -82 [da:24:13:98:12:cb]
RSSI: -93 [da:29:00:a7:13:5e]
RSSI: -73 [da:2b:9b:50:12:0c]
RSSI: -88 [da:24:13:a5:12:eb]
RSSI: -73 [da:2b:9b:50:12:0c]
RSSI: -78 [da:2b:9b:5d:12:3c]
RSSI: -90 [da:25:f7:ae:0f:fa]
RSSI: -78 [da:2b:9b:5d:12:3c]
RSSI: -80 [da:2b:9b:6b:12:6c]
RSSI: -89 [da:24:13:ce:13:5b]
RSSI: -88 [da:25:f7:cc:10:5a]
RSSI: -92 [da:29:00:d3:13:de]
RSSI: -83 [da:2b:9b:85:12:bc]
RSSI: -88 [da:29:00:e3:14:0e]
RSSI: -81 [da:2b:9b:93:12:ec]
RSSI: -78 [da:2b:9b:93:12:ec]
RSSI: -88 [da:25:f7:e7:10:9a]
RSSI: -79 [da:2b:9b:9f:13:0c]
RSSI: -88 [da:25:f7:f6:10:ca]
RSSI: -88 [da:24:13:f8:13:db]
RSSI: -78 [da:2b:9b:ad:13:3c]
RSSI: -88 [da:25:f8:03:10:ea]
RSSI: -89 [da:25:f8:03:10:ea]
RSSI: -77 [da:2b:9b:ba:13:5c]
RSSI: -80 [da:2b:9b:c7:13:8c]
RSSI: -79 [da:2b:9b:c7:13:8c]
RSSI: -84 [da:29:01:2b:14:de]
RSSI: -85 [da:29:01:2b:14:de]
RSSI: -84 [da:2b:9b:d5:13:bc]
RSSI: -89 [da:25:f8:2d:11:6a]
RSSI: -86 [da:29:01:3a:15:0e]
RSSI: -88 [da:24:14:30:14:7b]
RSSI: -90 [da:2b:9b:e2:13:dc]
RSSI: -88 [da:29:01:3a:15:0e]
RSSI: -88 [da:24:14:30:14:7b]
RSSI: -87 [da:24:14:4b:14:cb]
RSSI: -89 [da:29:01:57:15:5e]
RSSI: -88 [da:29:01:57:15:5e]
RSSI: -86 [da:24:14:59:14:fb]
RSSI: -85 [da:24:14:59:14:fb]
RSSI: -90 [da:29:01:66:15:8e]
RSSI: -87 [da:24:14:68:15:2b]
RSSI: -84 [da:2b:9c:16:14:8c]
RSSI: -85 [da:29:01:76:15:ae]
RSSI: -83 [da:2b:9c:24:14:ac]
RSSI: -88 [da:24:14:74:15:4b]
RSSI: -87 [da:29:01:83:15:de]
RSSI: -86 [da:2b:9c:24:14:ac]
RSSI: -87 [da:29:01:83:15:de]
RSSI: -87 [da:24:14:83:15:6b]
RSSI: -87 [da:2b:9c:32:14:dc]
RSSI: -89 [da:2b:9c:3e:15:0c]
RSSI: -89 [da:2b:9c:3e:15:0c]
RSSI: -89 [da:29:01:a2:16:2e]
RSSI: -85 [da:24:14:91:15:9b]
RSSI: -85 [da:24:14:9e:15:cb]
RSSI: -85 [da:24:14:9e:15:cb]
RSSI: -85 [da:2b:9c:59:15:5c]
RSSI: -86 [da:24:14:ad:15:eb]
RSSI: -87 [da:2b:9c:59:15:5c]
RSSI: -85 [da:2b:9c:66:15:7c]
RSSI: -83 [da:24:14:bb:16:1b]
RSSI: -84 [da:24:14:c8:16:3b]
RSSI: -87 [da:2b:9c:74:15:ac]
RSSI: -83 [da:24:14:c8:16:3b]
RSSI: -85 [da:24:14:d6:16:6b]
RSSI: -83 [da:24:14:d6:16:6b]
RSSI: -90 [da:2b:9c:8e:15:fc]
RSSI: -83 [da:24:14:e5:00:0b]
RSSI: -83 [da:24:14:e5:00:0b]
RSSI: -87 [da:2b:9c:9b:16:2c]
RSSI: -83 [da:24:14:f1:00:2b]
RSSI: -80 [da:24:15:00:00:5b]
RSSI: -80 [da:24:15:0e:00:7b]
RSSI: -79 [da:24:15:0e:00:7b]
RSSI: -77 [da:24:15:1b:00:ab]
RSSI: -78 [da:24:15:1b:00:ab]
RSSI: -77 [da:24:15:2a:00:cb]
RSSI: -74 [da:24:15:2a:00:cb]
RSSI: -76 [da:24:15:38:00:fb]
RSSI: -75 [da:24:15:38:00:fb]
RSSI: -75 [da:24:15:45:01:2b]
RSSI: -73 [da:24:15:53:01:4b]
RSSI: -73 [da:24:15:62:01:7b]
RSSI: -91 [da:29:02:6e:01:fe]
RSSI: -74 [da:24:15:6e:01:9b]
RSSI: -74 [da:24:15:6e:01:9b]
RSSI: -72 [da:24:15:6e:01:9b]
RSSI: -73 [da:24:15:7d:01:cb]
RSSI: -71 [da:24:15:8b:01:fb]
RSSI: -71 [da:24:15:8b:01:fb]
RSSI: -71 [da:24:15:98:02:1b]
RSSI: -72 [da:24:15:a7:02:4b]
RSSI: -71 [da:24:15:a7:02:4b]
RSSI: -70 [da:24:15:b5:02:7b]
RSSI: -70 [da:24:15:b5:02:7b]
RSSI: -71 [da:24:15:c2:02:9b]
RSSI: -70 [da:24:15:c2:02:9b]
RSSI: -72 [da:24:15:d0:02:cb]
RSSI: -72 [da:24:15:d0:02:cb]
RSSI: -74 [da:24:15:df:02:eb]
RSSI: -90 [da:29:02:f3:03:7e]
RSSI: -72 [da:24:15:eb:03:1b]
RSSI: -89 [da:29:03:02:03:9e]
RSSI: -76 [da:24:16:08:03:6b]
RSSI: -77 [da:24:16:08:03:6b]
RSSI: -76 [da:24:16:15:03:8b]
RSSI: -80 [da:24:16:15:03:8b]
RSSI: -79 [da:24:16:24:03:bb]
RSSI: -80 [da:24:16:24:03:bb]
RSSI: -87 [da:24:16:3f:04:0b]
RSSI: -91 [da:29:03:4b:04:7e]
RSSI: -87 [da:24:16:3f:04:0b]
RSSI: -91 [da:29:03:4b:04:7e]
RSSI: -86 [da:24:16:4d:04:3b]
RSSI: -92 [da:25:fa:68:01:9a]
RSSI: -90 [da:25:fa:77:01:ba]
RSSI: -91 [da:29:03:87:05:2e]
RSSI: -85 [da:24:16:77:04:bb]
RSSI: -86 [da:24:16:86:04:eb]
RSSI: -86 [da:24:16:92:05:0b]
RSSI: -87 [da:24:16:a1:05:3b]
RSSI: -87 [da:24:16:a1:05:3b]
RSSI: -90 [da:25:fa:ae:02:5a]
RSSI: -88 [da:24:16:b0:05:6b]
RSSI: -92 [da:25:fa:bd:02:8a]
RSSI: -87 [da:24:16:cb:05:bb]
RSSI: -94 [da:25:fa:d8:02:da]
RSSI: -91 [da:24:16:e6:06:0b]
RSSI: -90 [da:25:fa:e7:02:fa]
RSSI: -87 [da:24:16:f5:06:2b]
RSSI: -88 [da:25:fb:02:03:4a]
RSSI: -89 [da:24:17:03:06:5b]
RSSI: -86 [da:24:17:03:06:5b]
RSSI: -88 [da:25:fb:11:03:7a]
RSSI: -88 [da:25:fb:11:03:7a]
RSSI: -89 [da:2b:9e:cb:06:9c]
RSSI: -88 [da:24:17:1f:06:ab]
RSSI: -86 [da:25:fb:2d:03:ca]
RSSI: -89 [da:2b:9e:e5:06:ec]
RSSI: -83 [da:24:17:3a:06:fb]
RSSI: -91 [da:2b:9e:f3:07:1c]
RSSI: -84 [da:24:17:57:07:5b]
RSSI: -84 [da:24:17:57:07:5b]
RSSI: -88 [da:25:fb:66:04:6a]
RSSI: -85 [da:24:17:64:07:7b]
RSSI: -88 [da:25:fb:66:04:6a]
RSSI: -87 [da:25:fb:75:04:9a]
RSSI: -87 [da:24:17:72:07:ab]
RSSI: -87 [da:25:fb:75:04:9a]
RSSI: -84 [da:24:17:81:07:cb]
RSSI: -88 [da:25:fb:82:04:ba]
RSSI: -87 [da:25:fb:82:04:ba]
RSSI: -88 [da:25:fb:82:04:ba]
RSSI: -88 [da:24:17:8d:07:fb]
RSSI: -90 [da:25:fb:a0:05:1a]
RSSI: -86 [da:24:17:ab:08:4b]
RSSI: -90 [da:25:fb:ac:05:3a]
RSSI: -88 [da:24:17:ab:08:4b]
RSSI: -87 [da:25:fb:bb:05:5a]
RSSI: -86 [da:2b:9f:79:08:bc]
RSSI: -86 [da:2b:9f:85:08:ec]
RSSI: -88 [da:25:fb:d7:05:aa]
RSSI: -91 [da:29:04:e9:09:2e]
RSSI: -86 [da:25:fb:e6:05:da]
RSSI: -84 [da:25:fb:f5:06:0a]
RSSI: -84 [da:25:fb:f5:06:0a]
RSSI: -85 [da:25:fb:f5:06:0a]
RSSI: -86 [da:24:17:ff:09:4b]
RSSI: -85 [da:2b:9f:ad:09:6c]
RSSI: -85 [da:24:17:ff:09:4b]
RSSI: -87 [da:2b:9f:ad:09:6c]
RSSI: -83 [da:25:fc:10:06:5a]
RSSI: -84 [da:25:fc:10:06:5a]
RSSI: -84 [da:25:fc:10:06:5a]
RSSI: -88 [da:29:05:22:09:ce]
RSSI: -87 [da:24:18:1a:09:9b]
RSSI: -84 [da:25:fc:1f:06:7a]
RSSI: -83 [da:25:fc:2c:06:aa]
RSSI: -84 [da:25:fc:2c:06:aa]
RSSI: -85 [da:25:fc:2c:06:aa]
RSSI: -89 [da:2b:9f:e3:0a:1c]
RSSI: -85 [da:24:18:35:09:eb]
RSSI: -85 [da:29:05:41:0a:2e]
RSSI: -87 [da:2b:9f:e3:0a:1c]
RSSI: -88 [da:24:18:44:0a:1b]
RSSI: -86 [da:25:fc:4a:06:fa]
RSSI: -85 [da:25:fc:4a:06:fa]
RSSI: -84 [da:29:05:5e:0a:7e]
RSSI: -87 [da:24:18:53:0a:4b]
RSSI: -85 [da:29:05:5e:0a:7e]
RSSI: -87 [da:24:18:53:0a:4b]
RSSI: -90 [da:2b:a0:0b:0a:9c]
RSSI: -82 [da:25:fc:66:07:4a]
RSSI: -88 [da:2b:a0:19:0a:cc]
RSSI: -82 [da:25:fc:66:07:4a]
RSSI: -87 [da:29:05:7a:0a:ce]
RSSI: -90 [da:24:18:6e:0a:9b]
RSSI: -81 [da:25:fc:74:07:7a]
RSSI: -87 [da:2b:a0:26:0a:ec]
RSSI: -87 [da:24:18:7d:0a:cb]
RSSI: -86 [da:2b:a0:26:0a:ec]
RSSI: -80 [da:25:fc:81:07:9a]
RSSI: -78 [da:25:fc:81:07:9a]
RSSI: -77 [da:25:fc:90:07:ca]
RSSI: -82 [da:29:05:a7:0b:4e]
RSSI: -75 [da:25:fc:9f:07:ea]
RSSI: -79 [da:29:05:b6:0b:7e]
RSSI: -88 [da:2b:a0:5c:0b:9c]
RSSI: -76 [da:25:fc:ac:08:1a]
RSSI: -86 [da:24:18:b3:0b:6b]
RSSI: -74 [da:25:fc:bb:08:3a]
RSSI: -78 [da:29:05:c6:0b:ae]
RSSI: -74 [da:25:fc:bb:08:3a]
RSSI: -85 [da:2b:a0:76:0b:ec]
RSSI: -72 [da:25:fc:ca:08:6a]
RSSI: -73 [da:25:fc:ca:08:6a]
RSSI: -77 [da:29:05:e3:0b:fe]
RSSI: -76 [da:29:05:f3:0c:2e]
RSSI: -73 [da:25:fc:e5:08:ba]
RSSI: -76 [da:29:05:f3:0c:2e]
RSSI: -94 [da:24:18:ec:0c:1b]
RSSI: -73 [da:25:fc:f4:08:ea]
RSSI: -75 [da:29:05:ff:0c:4e]
RSSI: -73 [da:25:fc:f4:08:ea]
RSSI: -76 [da:29:05:ff:0c:4e]
RSSI: -71 [da:25:fd:01:09:0a]
RSSI: -86 [da:2b:a0:ba:0c:cc]
RSSI: -71 [da:25:fd:10:09:3a]
RSSI: -72 [da:25:fd:1f:09:5a]
RSSI: -76 [da:29:06:2c:0c:ce]
RSSI: -73 [da:25:fd:1f:09:5a]
RSSI: -76 [da:29:06:2c:0c:ce]
RSSI: -75 [da:29:06:2c:0c:ce]
RSSI: -82 [da:2b:a0:d4:0d:1c]
RSSI: -73 [da:25:fd:2c:09:7a]
RSSI: -77 [da:29:06:3c:0c:fe]
RSSI: -86 [da:2b:a0:e2:0d:4c]
RSSI: -76 [da:29:06:3c:0c:fe]
RSSI: -88 [da:2b:a0:e2:0d:4c]
RSSI: -71 [da:25:fd:3b:09:aa]
RSSI: -77 [da:29:06:4b:0d:2e]
RSSI: -74 [da:25:fd:3b:09:aa]
RSSI: -74 [da:25:fd:4a:09:da]
RSSI: -84 [da:2b:a0:fd:0d:9c]
RSSI: -74 [da:25:fd:56:09:fa]
RSSI: -75 [da:25:fd:56:09:fa]
RSSI: -77 [da:29:06:68:0d:8e]
RSSI: -78 [da:29:06:68:0d:8e]
RSSI: -75 [da:25:fd:65:0a:2a]
RSSI: -78 [da:29:06:78:0d:ae]
RSSI: -81 [da:2b:a1:17:0d:fc]
RSSI: -76 [da:25:fd:65:0a:2a]
RSSI: -78 [da:29:06:78:0d:ae]
RSSI: -81 [da:2b:a1:17:0d:fc]
RSSI: -80 [da:29:06:85:0d:de]
RSSI: -80 [da:2b:a1:25:0e:1c]
RSSI: -80 [da:2b:a1:33:0e:4c]
RSSI: -77 [da:25:fd:81:0a:7a]
RSSI: -81 [da:29:06:94:0e:0e]
RSSI: -83 [da:2b:a1:3f:0e:7c]
RSSI: -80 [da:25:fd:90:0a:9a]
RSSI: -81 [da:2b:a1:3f:0e:7c]
RSSI: -81 [da:25:fd:90:0a:9a]
RSSI: -83 [da:29:06:a4:0e:2e]
RSSI: -81 [da:25:fd:9f:0a:ca]
RSSI: -86 [da:2b:a1:4d:0e:9c]
RSSI: -82 [da:29:06:b1:0e:5e]
RSSI: -81 [da:2b:a1:5b:0e:cc]
RSSI: -82 [da:25:fd:ac:0a:ea]
RSSI: -83 [da:29:06:c1:0e:8e]
RSSI: -79 [da:25:fd:bb:0b:1a]
RSSI: -81 [da:25:fd:ca:0b:4a]
RSSI: -86 [da:2b:a1:76:0f:1c]
RSSI: -81 [da:25:fd:ca:0b:4a]
RSSI: -81 [da:25:fd:d6:0b:6a]
RSSI: -86 [da:29:06:ed:0f:0e]
RSSI: -80 [da:2b:a1:90:0f:7c]
RSSI: -78 [da:25:fd:e5:0b:9a]
RSSI: -79 [da:25:fd:e5:0b:9a]
RSSI: -77 [da:2b:a1:9e:0f:9c]
RSSI: -86 [da:29:06:fd:0f:3e]
RSSI: -77 [da:2b:a1:9e:0f:9c]
RSSI: -85 [da:29:06:fd:0f:3e]
RSSI: -78 [da:2b:a1:9e:0f:9c]
RSSI: -81 [da:2b:a1:ac:0f:cc]
RSSI: -76 [da:2b:a1:ac:0f:cc]
RSSI: -76 [da:2b:a1:b8:0f:fc]
RSSI: -85 [da:25:fe:01:0b:ea]
RSSI: -82 [da:2b:a1:b8:0f:fc]
RSSI: -87 [da:29:07:1a:0f:8e]
RSSI: -87 [da:25:fe:10:0c:1a]
RSSI: -75 [da:2b:a1:c6:10:1c]
RSSI: -84 [da:29:07:2a:0f:be]
RSSI: -74 [da:2b:a1:d4:10:4c]
RSSI: -87 [da:24:1a:28:0f:bb]
RSSI: -86 [da:25:fe:2c:0c:6a]
RSSI: -80 [da:2b:a1:e1:10:7c]
RSSI: -87 [da:24:1a:38:0f:eb]
RSSI: -74 [da:2b:a1:ef:10:9c]
RSSI: -73 [da:2b:a1:fc:10:cc]
RSSI: -85 [da:24:1a:54:10:4b]
RSSI: -78 [da:2b:a2:09:10:fc]
RSSI: -79 [da:2b:a2:09:10:fc]
RSSI: -73 [da:2b:a2:09:10:fc]
RSSI: -73 [da:2b:a2:17:11:2c]
RSSI: -87 [da:29:07:73:10:8e]
RSSI: -73 [da:2b:a2:17:11:2c]
RSSI: -79 [da:2b:a2:17:11:2c]
RSSI: -88 [da:29:07:83:10:be]
RSSI: -73 [da:2b:a2:25:11:4c]
RSSI: -86 [da:29:07:83:10:be]
RSSI: -74 [da:2b:a2:25:11:4c]
RSSI: -87 [da:29:07:83:10:be]
RSSI: -78 [da:2b:a2:31:11:7c]
RSSI: -74 [da:2b:a2:31:11:7c]
RSSI: -75 [da:2b:a2:3f:11:ac]
RSSI: -79 [da:2b:a2:3f:11:ac]
RSSI: -76 [da:2b:a2:4d:11:cc]
RSSI: -77 [da:2b:a2:4d:11:cc]
RSSI: -90 [da:29:07:af:11:3e]
RSSI: -90 [da:24:1a:ae:11:4b]
RSSI: -88 [da:24:1a:ae:11:4b]
RSSI: -83 [da:2b:a2:68:12:2c]
RSSI: -90 [da:29:07:cc:11:8e]
RSSI: -88 [da:24:1a:ce:11:ab]
RSSI: -88 [da:29:07:dc:11:be]
RSSI: -89 [da:2b:a2:82:12:7c]
RSSI: -92 [da:25:fe:d7:0e:5a]
RSSI: -86 [da:24:1a:db:11:cb]
RSSI: -87 [da:2b:a2:90:12:ac]
RSSI: -90 [da:25:fe:e6:0e:7a]
RSSI: -87 [da:24:1a:eb:11:fb]
RSSI: -87 [da:25:fe:e6:0e:7a]
RSSI: -84 [da:2b:a2:9e:12:dc]
RSSI: -83 [da:2b:a2:ab:12:fc]
RSSI: -87 [da:24:1a:f7:12:2b]
RSSI: -87 [da:24:1a:f7:12:2b]
RSSI: -88 [da:25:ff:02:0e:ca]
RSSI: -81 [da:2b:a2:ab:12:fc]
RSSI: -85 [da:24:1b:08:12:5b]
RSSI: -81 [da:2b:a2:b9:13:2c]
RSSI: -82 [da:2b:a2:b9:13:2c]
RSSI: -81 [da:2b:a2:b9:13:2c]
RSSI: -81 [da:2b:a2:c6:13:5c]
RSSI: -85 [da:24:1b:14:12:7b]
RSSI: -81 [da:2b:a2:c6:13:5c]
RSSI: -86 [da:24:1b:23:12:ab]
RSSI: -85 [da:24:1b:23:12:ab]
RSSI: -83 [da:2b:a2:d3:13:7c]
RSSI: -85 [da:24:1b:32:12:cb]
RSSI: -84 [da:2b:a2:e1:13:ac]
RSSI: -89 [da:2b:a2:ef:13:dc]
RSSI: -87 [da:24:1b:3f:12:fb]
RSSI: -85 [da:25:ff:3c:0f:7a]
RSSI: -86 [da:25:ff:4b:0f:9a]
RSSI: -88 [da:24:1b:4d:13:2b]
RSSI: -86 [da:25:ff:4b:0f:9a]
RSSI: -86 [da:25:ff:58:0f:ca]
RSSI: -85 [da:25:ff:58:0f:ca]
RSSI: -87 [da:2b:a3:17:14:4c]
RSSI: -85 [da:25:ff:67:0f:ea]
RSSI: -87 [da:25:ff:76:10:1a]
RSSI: -87 [da:2b:a3:24:14:7c]
RSSI: -86 [da:25:ff:76:10:1a]
RSSI: -84 [da:25:ff:76:10:1a]
RSSI: -85 [da:2b:a3:24:14:7c]
RSSI: -90 [da:24:1b:78:13:9b]
RSSI: -86 [da:2b:a3:32:14:ac]
RSSI: -84 [da:25:ff:82:10:3a]
RSSI: -83 [da:2b:a3:40:14:dc]
RSSI: -84 [da:25:ff:92:10:6a]
RSSI: -83 [da:25:ff:92:10:6a]
RSSI: -84 [da:25:ff:92:10:6a]
RSSI: -90 [da:24:1b:93:13:fb]
RSSI: -87 [da:2b:a3:4c:14:fc]
RSSI: -82 [da:25:ff:a1:10:9a]
RSSI: -87 [da:24:1b:a2:14:1b]
RSSI: -85 [da:2b:a3:5a:15:2c]
RSSI: -84 [da:25:ff:ad:10:ba]
RSSI: -89 [da:24:1b:b1:14:4b]
RSSI: -84 [da:2b:a3:5a:15:2c]
RSSI: -83 [da:25:ff:ad:10:ba]
RSSI: -85 [da:24:1b:b1:14:4b]
RSSI: -84 [da:25:ff:bc:10:ea]
RSSI: -87 [da:24:1b:bd:14:6b]
RSSI: -85 [da:2b:a3:75:15:7c]
RSSI: -88 [da:24:1b:cc:14:9b]
RSSI: -83 [da:2b:a3:83:15:ac]
RSSI: -88 [da:2b:a3:9d:15:fc]
RSSI: -87 [da:25:ff:f6:11:8a]
RSSI: -89 [da:24:1b:f7:15:1b]
RSSI: -87 [da:25:ff:f6:11:8a]
RSSI: -86 [da:25:ff:f6:11:8a]
RSSI: -87 [da:2b:a3:ab:16:2c]
RSSI: -85 [da:2b:a3:b9:16:4c]
RSSI: -85 [da:26:00:12:11:da]
RSSI: -85 [da:24:1c:12:15:6b]
RSSI: -84 [da:26:00:12:11:da]
RSSI: -86 [da:24:1c:21:15:8b]
RSSI: -88 [da:26:00:21:12:0a]
RSSI: -84 [da:2b:a3:d4:00:2c]
RSSI: -86 [da:2b:a3:e2:00:5c]
RSSI: -91 [da:26:00:2e:12:2a]
RSSI: -86 [da:2b:a3:e2:00:5c]
RSSI: -91 [da:26:00:2e:12:2a]
RSSI: -87 [da:26:00:3d:12:5a]
RSSI: -88 [da:2b:a3:ee:00:7c]
RSSI: -83 [da:24:1c:4b:16:0b]
RSSI: -83 [da:24:1c:5a:16:3b]
RSSI: -88 [da:26:00:68:12:da]
RSSI: -84 [da:24:1c:67:16:6b]
RSSI: -95 [da:2b:a4:17:00:fc]
RSSI: -89 [da:26:00:68:12:da]
RSSI: -84 [da:24:1c:67:16:6b]
RSSI: -84 [da:24:1c:76:00:0b]
RSSI: -94 [da:29:09:9b:00:7e]
RSSI: -82 [da:24:1c:a0:00:7b]
RSSI: -83 [da:24:1c:a0:00:7b]
RSSI: -82 [da:24:1c:af:00:ab]
RSSI: -90 [da:2b:a4:5c:01:dc]
RSSI: -81 [da:24:1c:af:00:ab]
RSSI: -81 [da:24:1c:bc:00:db]
RSSI: -81 [da:24:1c:cb:00:fb]
RSSI: -81 [da:24:1c:cb:00:fb]
RSSI: -89 [da:2b:a4:84:02:5c]
RSSI: -80 [da:24:1c:d9:01:2b]
RSSI: -79 [da:24:1c:e6:01:4b]
RSSI: -78 [da:24:1c:e6:01:4b]
RSSI: -78 [da:24:1c:f5:01:7b]
RSSI: -92 [da:29:0a:01:01:9e]
RSSI: -90 [da:26:00:f8:14:7a]
RSSI: -92 [da:2b:a4:ad:02:dc]
RSSI: -79 [da:24:1d:04:01:ab]
RSSI: -79 [da:24:1d:04:01:ab]
RSSI: -78 [da:24:1d:04:01:ab]
RSSI: -79 [da:24:1d:04:01:ab]
RSSI: -79 [da:24:1d:10:01:cb]
RSSI: -77 [da:24:1d:1f:01:fb]
RSSI: -78 [da:24:1d:2e:02:2b]
RSSI: -80 [da:24:1d:3b:02:4b]
RSSI: -80 [da:24:1d:3b:02:4b]
RSSI: -78 [da:24:1d:3b:02:4b]
RSSI: -80 [da:24:1d:4a:02:7b]
RSSI: -78 [da:24:1d:59:02:9b]
RSSI: -79 [da:24:1d:59:02:9b]
RSSI: -78 [da:24:1d:65:02:cb]
RSSI: -81 [da:24:1d:74:02:fb]
RSSI: -79 [da:24:1d:74:02:fb]
RSSI: -79 [da:24:1d:83:03:1b]
RSSI: -80 [da:24:1d:83:03:1b]
RSSI: -82 [da:24:1d:90:03:4b]
RSSI: -81 [da:24:1d:90:03:4b]
RSSI: -91 [da:29:0a:a7:03:8e]
RSSI: -84 [da:24:1d:9f:03:6b]
RSSI: -89 [da:29:0a:b4:03:ae]
RSSI: -83 [da:24:1d:ae:03:9b]
RSSI: -85 [da:24:1d:ba:03:cb]
RSSI: -92 [da:29:0a:c4:03:de]
RSSI: -85 [da:24:1d:ba:03:cb]
RSSI: -88 [da:29:0a:d4:04:0e]
RSSI: -84 [da:24:1d:c9:03:fb]
RSSI: -90 [da:24:1d:c9:03:fb]
RSSI: -89 [da:29:0a:f1:04:5e]
RSSI: -87 [da:24:1d:e5:04:4b]
RSSI: -90 [da:29:0a:f1:04:5e]
RSSI: -88 [da:24:1e:03:04:9b]
RSSI: -86 [da:24:1e:03:04:9b]
RSSI: -83 [da:24:1e:0f:04:cb]
RSSI: -85 [da:24:1e:0f:04:cb]
RSSI: -92 [da:29:0b:2e:05:0e]
RSSI: -82 [da:24:1e:1e:04:fb]
RSSI: -90 [da:29:0b:2e:05:0e]
RSSI: -82 [da:24:1e:3a:05:4b]
RSSI: -82 [da:24:1e:3a:05:4b]
RSSI: -82 [da:24:1e:49:05:7b]
RSSI: -83 [da:24:1e:58:05:9b]
RSSI: -82 [da:24:1e:58:05:9b]
RSSI: -83 [da:24:1e:65:05:cb]
RSSI: -82 [da:24:1e:74:05:fb]
RSSI: -82 [da:24:1e:82:06:1b]
RSSI: -92 [da:29:0b:88:06:0e]
RSSI: -82 [da:24:1e:82:06:1b]
RSSI: -84 [da:24:1e:8f:06:4b]
RSSI: -82 [da:24:1e:8f:06:4b]
RSSI: -83 [da:24:1e:9e:06:6b]
RSSI: -85 [da:24:1e:ad:06:9b]
RSSI: -83 [da:24:1e:ad:06:9b]
RSSI: -90 [da:26:02:b4:03:2a]
RSSI: -85 [da:24:1e:ba:06:cb]
RSSI: -85 [da:24:1e:ba:06:cb]
RSSI: -84 [da:24:1e:c9:06:eb]
RSSI: -86 [da:24:1e:d8:07:1b]
RSSI: -86 [da:26:02:d3:03:8a]
RSSI: -83 [da:24:1e:d8:07:1b]
RSSI: -86 [da:24:1e:e4:07:4b]
RSSI: -88 [da:24:1e:e4:07:4b]
RSSI: -90 [da:2b:a6:9d:09:0c]
RSSI: -84 [da:24:1e:f3:07:7b]
RSSI: -88 [da:24:1e:f3:07:7b]
RSSI: -88 [da:26:02:fe:03:fa]
RSSI: -84 [da:24:1f:02:07:9b]
RSSI: -88 [da:26:02:fe:03:fa]
RSSI: -97 [da:29:0c:10:07:9e]
RSSI: -85 [da:24:1f:02:07:9b]
RSSI: -85 [da:24:1f:02:07:9b]
RSSI: -88 [da:26:03:0a:04:2a]
RSSI: -87 [da:24:1f:0f:07:cb]
RSSI: -84 [da:24:1f:0f:07:cb]
RSSI: -87 [da:26:03:1a:04:5a]
RSSI: -88 [da:24:1f:1e:07:fb]
RSSI: -89 [da:26:03:1a:04:5a]
RSSI: -88 [da:24:1f:1e:07:fb]
RSSI: -87 [da:26:03:29:04:7a]
RSSI: -88 [da:26:03:29:04:7a]
RSSI: -85 [da:24:1f:2d:08:1b]
RSSI: -90 [da:26:03:36:04:aa]
RSSI: -87 [da:24:1f:3a:08:4b]
RSSI: -86 [da:26:03:36:04:aa]
RSSI: -89 [da:26:03:45:04:ca]
RSSI: -86 [da:24:1f:49:08:7b]
RSSI: -87 [da:24:1f:58:08:ab]
RSSI: -89 [da:26:03:54:04:fa]
RSSI: -88 [da:26:03:54:04:fa]
RSSI: -85 [da:24:1f:58:08:ab]
RSSI: -88 [da:24:1f:73:08:fb]
RSSI: -90 [da:29:0c:82:08:ee]
RSSI: -92 [da:2b:a7:25:0a:bc]
RSSI: -86 [da:24:1f:8f:09:4b]
RSSI: -86 [da:26:03:8c:05:9a]
RSSI: -89 [da:2b:a7:41:0b:1c]
RSSI: -90 [da:29:0c:a8:09:5e]
RSSI: -86 [da:26:03:9b:05:ca]
RSSI: -89 [da:2b:a7:5c:0b:6c]
RSSI: -85 [da:24:1f:ad:09:9b]
RSSI: -85 [da:26:03:ab:05:fa]
RSSI: -90 [da:2b:a7:5c:0b:6c]
RSSI: -85 [da:24:1f:ba:09:cb]
RSSI: -84 [da:26:03:d6:06:7a]
RSSI: -86 [da:29:0c:e8:0a:0e]
RSSI: -88 [da:2b:a7:93:0c:1c]
RSSI: -83 [da:26:03:e3:06:9a]
RSSI: -84 [da:24:1f:e4:0a:4b]
RSSI: -86 [da:24:1f:f3:0a:7b]
RSSI: -86 [da:2b:a7:ae:0c:6c]
RSSI: -84 [da:24:20:02:0a:9b]
RSSI: -85 [da:2b:a7:bc:0c:9c]
RSSI: -83 [da:24:20:0f:0a:cb]
RSSI: -86 [da:26:04:0e:07:1a]
RSSI: -88 [da:24:20:0f:0a:cb]
RSSI: -87 [da:29:0d:34:0a:ee]
RSSI: -83 [da:2b:a7:e5:0d:1c]
RSSI: -86 [da:29:0d:41:0b:1e]
RSSI: -87 [da:2b:a7:e5:0d:1c]
RSSI: -81 [da:26:04:39:07:9a]
RSSI: -86 [da:2b:a7:f1:0d:4c]
RSSI: -86 [da:24:20:49:0b:7b]
RSSI: -82 [da:29:0d:5a:0b:5e]
RSSI: -84 [da:2b:a8:00:0d:7c]
RSSI: -81 [da:29:0d:5a:0b:5e]
RSSI: -76 [da:26:04:58:07:ea]
RSSI: -81 [da:2b:a8:0e:0d:ac]
RSSI: -86 [da:2b:a8:1a:0d:cc]
RSSI: -93 [da:24:20:74:0b:fb]
RSSI: -79 [da:2b:a8:29:0d:fc]
RSSI: -75 [da:26:04:74:08:3a]
RSSI: -79 [da:2b:a8:37:0e:2c]
RSSI: -74 [da:26:04:83:08:6a]
RSSI: -73 [da:26:04:90:08:8a]
RSSI: -81 [da:2b:a8:43:0e:5c]
RSSI: -83 [da:2b:a8:43:0e:5c]
RSSI: -75 [da:29:0d:a7:0c:3e]
RSSI: -80 [da:2b:a8:52:0e:7c]
RSSI: -75 [da:29:0d:b3:0c:5e]
RSSI: -72 [da:26:04:af:08:ea]
RSSI: -75 [da:29:0d:c0:0c:8e]
RSSI: -73 [da:26:04:af:08:ea]
RSSI: -71 [da:26:04:bb:09:0a]
RSSI: -73 [da:26:04:bb:09:0a]
RSSI: -74 [da:29:0d:cd:0c:ae]
RSSI: -73 [da:26:04:bb:09:0a]
RSSI: -73 [da:29:0d:d9:0c:ce]
RSSI: -71 [da:26:04:cb:09:3a]
RSSI: -74 [da:29:0d:e6:0c:fe]
RSSI: -80 [da:2b:a8:96:0f:5c]
RSSI: -74 [da:29:0d:f3:0d:1e]
RSSI: -73 [da:26:04:e7:09:8a]
RSSI: -82 [da:2b:a8:96:0f:5c]
RSSI: -73 [da:26:04:e7:09:8a]
RSSI: -73 [da:29:0e:00:0d:3e]
RSSI: -72 [da:26:04:f6:09:ba]
RSSI: -77 [da:2b:a8:a4:0f:8c]
RSSI: -74 [da:29:0e:0c:0d:6e]
RSSI: -77 [da:2b:a8:b2:0f:bc]
RSSI: -72 [da:26:05:05:09:ea]
RSSI: -80 [da:2b:a8:b2:0f:bc]
RSSI: -72 [da:26:05:05:09:ea]
RSSI: -75 [da:2b:a8:bf:0f:dc]
RSSI: -75 [da:29:0e:19:0d:8e]
RSSI: -74 [da:26:05:12:0a:0a]
RSSI: -75 [da:29:0e:26:0d:ae]
RSSI: -75 [da:26:05:22:0a:3a]
RSSI: -74 [da:2b:a8:cd:10:0c]
RSSI: -75 [da:29:0e:33:0d:de]
RSSI: -76 [da:29:0e:33:0d:de]
RSSI: -76 [da:26:05:22:0a:3a]
RSSI: -76 [da:29:0e:33:0d:de]
RSSI: -77 [da:2b:a8:db:10:3c]
RSSI: -75 [da:26:05:31:0a:5a]
RSSI: -76 [da:29:0e:3f:0d:fe]
RSSI: -76 [da:26:05:31:0a:5a]
RSSI: -72 [da:2b:a8:e8:10:6c]
RSSI: -77 [da:29:0e:4c:0e:1e]
RSSI: -77 [da:26:05:3d:0a:8a]
RSSI: -73 [da:2b:a8:f6:10:8c]
RSSI: -79 [da:29:0e:59:0e:4e]
RSSI: -79 [da:26:05:4d:0a:ba]
RSSI: -72 [da:2b:a8:f6:10:8c]
RSSI: -89 [da:24:21:4a:0e:7b]
RSSI: -79 [da:29:0e:59:0e:4e]
RSSI: -79 [da:26:05:4d:0a:ba]
RSSI: -79 [da:26:05:4d:0a:ba]
RSSI: -75 [da:2b:a9:04:10:bc]
RSSI: -72 [da:2b:a9:04:10:bc]
RSSI: -80 [da:29:0e:66:0e:6e]
RSSI: -80 [da:26:05:5c:0a:da]
RSSI: -72 [da:2b:a9:11:10:ec]
RSSI: -83 [da:26:05:5c:0a:da]
RSSI: -83 [da:26:05:69:0b:0a]
RSSI: -72 [da:2b:a9:1f:11:1c]
RSSI: -83 [da:29:0e:7f:0e:be]
RSSI: -88 [da:24:21:75:0e:fb]
RSSI: -72 [da:2b:a9:1f:11:1c]
RSSI: -84 [da:29:0e:7f:0e:be]
RSSI: -81 [da:26:05:78:0b:2a]
RSSI: -72 [da:2b:a9:2d:11:3c]
RSSI: -85 [da:29:0e:8c:0e:de]
RSSI: -72 [da:2b:a9:2d:11:3c]
RSSI: -76 [da:2b:a9:3a:11:6c]
RSSI: -82 [da:26:05:94:0b:7a]
RSSI: -82 [da:26:05:94:0b:7a]
RSSI: -74 [da:2b:a9:48:11:9c]
RSSI: -82 [da:26:05:94:0b:7a]
RSSI: -74 [da:2b:a9:56:11:bc]
RSSI: -85 [da:29:0e:b2:0f:4e]
RSSI: -83 [da:26:05:a4:0b:aa]
RSSI: -75 [da:2b:a9:56:11:bc]
RSSI: -88 [da:24:21:af:0f:ab]
RSSI: -85 [da:29:0e:bf:0f:6e]
RSSI: -86 [da:24:21:bb:0f:cb]
RSSI: -76 [da:2b:a9:63:11:ec]
RSSI: -83 [da:29:0e:cc:0f:8e]
RSSI: -77 [da:2b:a9:71:12:1c]
RSSI: -82 [da:2b:a9:71:12:1c]
RSSI: -79 [da:2b:a9:80:12:3c]
RSSI: -86 [da:24:21:ca:0f:fb]
RSSI: -81 [da:2b:a9:80:12:3c]
RSSI: -86 [da:26:05:cf:0c:2a]
RSSI: -82 [da:2b:a9:80:12:3c]
RSSI: -86 [da:29:0e:f2:0f:fe]
RSSI: -88 [da:2b:a9:9a:12:9c]
RSSI: -87 [da:26:05:eb:0c:7a]
RSSI: -84 [da:24:21:f5:10:7b]
RSSI: -89 [da:26:05:fb:0c:aa]
RSSI: -85 [da:26:05:fb:0c:aa]
RSSI: -85 [da:24:22:04:10:ab]
RSSI: -83 [da:2b:a9:b5:12:ec]
RSSI: -83 [da:24:22:04:10:ab]
RSSI: -88 [da:26:06:0a:0c:da]
RSSI: -87 [da:26:06:0a:0c:da]
RSSI: -82 [da:2b:a9:b5:12:ec]
RSSI: -87 [da:29:0f:18:10:6e]
RSSI: -87 [da:26:06:0a:0c:da]
RSSI: -86 [da:24:22:11:10:cb]
RSSI: -84 [da:2b:a9:c4:13:1c]
RSSI: -83 [da:2b:a9:c4:13:1c]
RSSI: -82 [da:2b:a9:d2:13:4c]
RSSI: -84 [da:24:22:20:10:fb]
RSSI: -88 [da:26:06:26:0d:2a]
RSSI: -88 [da:29:0f:3f:10:de]
RSSI: -87 [da:29:0f:3f:10:de]
RSSI: -85 [da:24:22:3c:11:4b]
RSSI: -86 [da:24:22:3c:11:4b]
RSSI: -89 [da:29:0f:4c:11:0e]
RSSI: -86 [da:24:22:3c:11:4b]
RSSI: -84 [da:24:22:4b:11:7b]
RSSI: -86 [da:24:22:5a:11:ab]
RSSI: -89 [da:29:0f:72:11:7e]
RSSI: -83 [da:24:22:76:11:fb]
RSSI: -86 [da:2b:aa:31:14:7c]
RSSI: -85 [da:24:22:85:12:2b]
RSSI: -85 [da:24:22:85:12:2b]
RSSI: -89 [da:29:0f:98:11:ee]
RSSI: -83 [da:24:22:92:12:4b]
RSSI: -87 [da:2b:aa:3f:14:ac]
RSSI: -91 [da:29:0f:a5:12:0e]
RSSI: -89 [da:26:06:99:0e:7a]
RSSI: -92 [da:29:0f:a5:12:0e]
RSSI: -84 [da:24:22:a1:12:7b]
RSSI: -88 [da:26:06:a9:0e:aa]
RSSI: -82 [da:24:22:b0:12:ab]
RSSI: -83 [da:24:22:b0:12:ab]
RSSI: -82 [da:24:22:bd:12:cb]
RSSI: -83 [da:24:22:bd:12:cb]
RSSI: -83 [da:24:22:bd:12:cb]
RSSI: -83 [da:24:22:cc:12:fb]
RSSI: -86 [da:24:22:db:13:2b]
RSSI: -91 [da:26:06:d4:0f:2a]
RSSI: -85 [da:24:22:db:13:2b]
RSSI: -86 [da:24:22:e8:13:4b]
RSSI: -87 [da:26:06:f1:0f:7a]
RSSI: -87 [da:24:22:f7:13:7b]
RSSI: -90 [da:2b:aa:bb:16:2c]
RSSI: -84 [da:26:07:16:0f:da]
RSSI: -88 [da:24:23:22:13:fb]
RSSI: -88 [da:24:23:31:14:2b]
RSSI: -94 [da:2b:aa:f3:00:5c]
RSSI: -85 [da:26:07:4e:10:7a]
RSSI: -84 [da:26:07:4e:10:7a]
RSSI: -89 [da:24:23:4d:14:7b]
RSSI: -84 [da:26:07:4e:10:7a]
RSSI: -88 [da:24:23:5c:14:9b]
RSSI: -83 [da:26:07:5d:10:aa]
RSSI: -86 [da:24:23:69:14:cb]
RSSI: -82 [da:26:07:6d:10:da]
RSSI: -88 [da:24:23:69:14:cb]
RSSI: -84 [da:26:07:7a:10:fa]
RSSI: -84 [da:26:07:7a:10:fa]
RSSI: -83 [da:26:07:7a:10:fa]
RSSI: -83 [da:26:07:89:11:2a]
RSSI: -85 [da:26:07:89:11:2a]
RSSI: -84 [da:26:07:99:11:5a]
RSSI: -86 [da:2b:ab:45:01:6c]
RSSI: -84 [da:2b:ab:52:01:8c]
RSSI: -88 [da:24:23:a3:15:7b]
RSSI: -87 [da:2b:ab:52:01:8c]
RSSI: -85 [da:2b:ab:60:01:bc]
RSSI: -88 [da:24:23:b3:15:9b]
RSSI: -85 [da:2b:ab:60:01:bc]
RSSI: -89 [da:24:23:bf:15:cb]
RSSI: -86 [da:24:23:de:16:1b]
RSSI: -91 [da:29:10:e6:15:9e]
RSSI: -82 [da:2b:ab:8a:02:3c]
RSSI: -82 [da:26:07:e1:12:1a]
RSSI: -87 [da:2b:ab:98:02:6c]
RSSI: -85 [da:26:07:f0:12:4a]
RSSI: -83 [da:2b:ab:98:02:6c]
RSSI: -86 [da:24:23:ea:16:4b]
RSSI: -85 [da:26:07:f0:12:4a]
RSSI: -90 [da:29:10:ff:15:ee]
RSSI: -81 [da:2b:ab:a4:02:9c]
RSSI: -88 [da:24:23:fa:16:7b]
RSSI: -85 [da:2b:ab:a4:02:9c]
RSSI: -92 [da:29:11:0c:16:0e]
RSSI: -85 [da:24:23:fa:16:7b]
RSSI: -87 [da:26:07:fd:12:6a]
RSSI: -88 [da:24:24:09:00:2b]
RSSI: -85 [da:2b:ab:c1:02:ec]
RSSI: -88 [da:26:08:0c:12:9a]
RSSI: -90 [da:26:08:1c:12:ca]
RSSI: -88 [da:24:24:15:00:5b]
RSSI: -86 [da:24:24:25:00:8b]
RSSI: -89 [da:26:08:28:12:ea]
RSSI: -83 [da:24:24:34:00:ab]
RSSI: -87 [da:24:24:40:00:db]
RSSI: -86 [da:26:08:47:13:4a]
RSSI: -82 [da:24:24:40:00:db]
RSSI: -87 [da:26:08:47:13:4a]
RSSI: -84 [da:24:24:50:01:0b]
RSSI: -84 [da:24:24:50:01:0b]
RSSI: -81 [da:24:24:5f:01:2b]
RSSI: -83 [da:24:24:5f:01:2b]
RSSI: -87 [da:2b:ac:14:03:ec]
RSSI: -80 [da:24:24:6c:01:5b]
RSSI: -81 [da:24:24:6c:01:5b]
RSSI: -83 [da:24:24:6c:01:5b]
RSSI: -81 [da:24:24:7b:01:8b]
RSSI: -82 [da:24:24:7b:01:8b]
RSSI: -82 [da:24:24:8a:01:ab]
RSSI: -91 [da:2b:ac:3d:04:7c]
RSSI: -79 [da:24:24:8a:01:ab]
RSSI: -81 [da:24:24:97:01:db]
RSSI: -86 [da:2b:ac:4a:04:9c]
RSSI: -80 [da:24:24:97:01:db]
RSSI: -79 [da:24:24:a6:02:0b]
RSSI: -78 [da:24:24:a6:02:0b]
RSSI: -85 [da:2b:ac:58:04:cc]
RSSI: -91 [da:26:08:ac:14:6a]
RSSI: -77 [da:24:24:b5:02:3b]
RSSI: -77 [da:24:24:b5:02:3b]
RSSI: -86 [da:2b:ac:67:04:fc]
RSSI: -87 [da:2b:ac:67:04:fc]
RSSI: -77 [da:24:24:c2:02:5b]
RSSI: -86 [da:2b:ac:73:05:1c]
RSSI: -76 [da:24:24:c2:02:5b]
RSSI: -92 [da:26:08:cb:14:ba]
RSSI: -77 [da:24:24:d1:02:8b]
RSSI: -85 [da:2b:ac:90:05:7c]
RSSI: -77 [da:24:24:e1:02:bb]
RSSI: -85 [da:2b:ac:90:05:7c]
RSSI: -91 [da:26:08:e7:15:0a]
RSSI: -75 [da:24:24:ed:02:db]
RSSI: -86 [da:2b:ac:9d:05:9c]
RSSI: -76 [da:24:24:ed:02:db]
RSSI: -76 [da:24:24:fd:03:0b]
RSSI: -84 [da:2b:ac:ab:05:cc]
RSSI: -75 [da:24:24:fd:03:0b]
RSSI: -91 [da:2b:ac:ba:05:fc]
RSSI: -75 [da:24:25:0c:03:3b]
RSSI: -89 [da:2b:ac:ba:05:fc]
RSSI: -75 [da:24:25:0c:03:3b]
RSSI: -75 [da:24:25:18:03:5b]
RSSI: -75 [da:24:25:18:03:5b]
RSSI: -75 [da:24:25:18:03:5b]
RSSI: -75 [da:24:25:28:03:8b]
RSSI: -82 [da:2b:ac:d5:06:5c]
RSSI: -76 [da:24:25:28:03:8b]
RSSI: -76 [da:24:25:37:03:bb]
RSSI: -76 [da:24:25:37:03:bb]
RSSI: -90 [da:26:09:3f:16:0a]
RSSI: -77 [da:24:25:44:03:db]
RSSI: -89 [da:26:09:3f:16:0a]
RSSI: -92 [da:2b:ac:f0:06:ac]
RSSI: -78 [da:24:25:44:03:db]
RSSI: -79 [da:24:25:53:04:0b]
RSSI: -90 [da:2b:ac:fe:06:dc]
RSSI: -79 [da:24:25:53:04:0b]
RSSI: -79 [da:24:25:62:04:3b]
RSSI: -85 [da:2b:ad:0d:07:0c]
RSSI: -80 [da:24:25:62:04:3b]
RSSI: -89 [da:2b:ad:19:07:2c]
RSSI: -81 [da:24:25:6f:04:5b]
RSSI: -82 [da:24:25:6f:04:5b]
RSSI: -83 [da:24:25:7e:04:8b]
RSSI: -87 [da:26:09:87:00:aa]
RSSI: -89 [da:2b:ad:36:07:8c]
RSSI: -87 [da:24:25:8e:04:bb]
RSSI: -86 [da:26:09:96:00:ca]
RSSI: -84 [da:24:25:9a:04:db]
RSSI: -86 [da:2b:ad:51:07:dc]
RSSI: -83 [da:24:25:aa:05:0b]
RSSI: -92 [da:29:12:b5:04:7e]
RSSI: -85 [da:24:25:b9:05:3b]
RSSI: -84 [da:2b:ad:60:08:0c]
RSSI: -80 [da:2b:ad:6c:08:3c]
RSSI: -84 [da:24:25:c5:05:5b]
RSSI: -81 [da:2b:ad:7b:08:6c]
RSSI: -83 [da:2b:ad:89:08:9c]
RSSI: -83 [da:24:25:d5:05:8b]
RSSI: -82 [da:2b:ad:89:08:9c]
RSSI: -87 [da:24:25:e4:05:bb]
RSSI: -90 [da:26:09:de:01:9a]
RSSI: -83 [da:24:25:f1:05:db]
RSSI: -82 [da:2b:ad:a4:08:ec]
RSSI: -86 [da:2b:ad:b3:09:1c]
RSSI: -84 [da:24:26:00:06:0b]
RSSI: -81 [da:2b:ad:b3:09:1c]
RSSI: -84 [da:24:26:0f:06:3b]
RSSI: -85 [da:24:26:0f:06:3b]
RSSI: -84 [da:2b:ad:bf:09:4c]
RSSI: -83 [da:2b:ad:dc:09:9c]
RSSI: -85 [da:24:26:3b:06:bb]
RSSI: -89 [da:2b:ad:e9:09:cc]
RSSI: -86 [da:24:26:47:06:eb]
RSSI: -85 [da:2b:ad:f8:09:fc]
RSSI: -85 [da:24:26:47:06:eb]
RSSI: -89 [da:2b:ae:06:0a:2c]
RSSI: -86 [da:24:26:57:07:1b]
RSSI: -85 [da:24:26:66:07:4b]
RSSI: -90 [da:26:0a:62:03:1a]
RSSI: -86 [da:24:26:66:07:4b]
RSSI: -88 [da:2b:ae:13:0a:4c]
RSSI: -89 [da:2b:ae:21:0a:7c]
RSSI: -84 [da:24:26:73:07:6b]
RSSI: -89 [da:2b:ae:21:0a:7c]
RSSI: -90 [da:2b:ae:21:0a:7c]
RSSI: -92 [da:26:0a:72:03:4a]
RSSI: -86 [da:24:26:73:07:6b]
RSSI: -84 [da:24:26:82:07:9b]
RSSI: -86 [da:2b:ae:59:0b:3c]
RSSI: -85 [da:24:26:ae:08:1b]
RSSI: -85 [da:24:26:bd:08:4b]
RSSI: -88 [da:26:0a:ba:04:0a]
RSSI: -84 [da:24:26:bd:08:4b]
RSSI: -87 [da:26:0a:ba:04:0a]
RSSI: -89 [da:2b:ae:74:0b:8c]
RSSI: -86 [da:24:26:c9:08:6b]
RSSI: -84 [da:24:26:c9:08:6b]
RSSI: -87 [da:26:0a:d9:04:6a]
RSSI: -86 [da:24:26:d9:08:9b]
RSSI: -85 [da:2b:ae:90:0b:ec]
RSSI: -86 [da:24:26:e8:08:cb]
RSSI: -83 [da:2b:ae:90:0b:ec]
RSSI: -86 [da:24:26:e8:08:cb]
RSSI: -87 [da:26:0a:e6:04:8a]
RSSI: -83 [da:2b:ae:9e:0c:0c]
RSSI: -83 [da:2b:ae:9e:0c:0c]
RSSI: -82 [da:24:26:f5:08:eb]
RSSI: -85 [da:24:26:f5:08:eb]
RSSI: -82 [da:2b:ae:ad:0c:3c]
RSSI: -83 [da:24:27:04:09:1b]
RSSI: -87 [da:26:0b:05:04:ea]
RSSI: -82 [da:2b:ae:b9:0c:6c]
RSSI: -87 [da:24:27:14:09:4b]
RSSI: -88 [da:24:27:14:09:4b]
RSSI: -84 [da:2b:ae:c8:0c:9c]
RSSI: -88 [da:24:27:20:09:6b]
RSSI: -89 [da:26:0b:22:05:3a]
RSSI: -81 [da:2b:ae:d6:0c:cc]
RSSI: -88 [da:26:0b:31:05:6a]
RSSI: -81 [da:2b:ae:e3:0c:ec]
RSSI: -91 [da:26:0b:31:05:6a]
RSSI: -87 [da:26:0b:3e:05:8a]
RSSI: -80 [da:2b:ae:f1:0d:1c]
RSSI: -81 [da:2b:ae:f1:0d:1c]
RSSI: -81 [da:2b:af:00:0d:4c]
RSSI: -81 [da:2b:af:00:0d:4c]
RSSI: -88 [da:24:27:5b:0a:1b]
RSSI: -82 [da:2b:af:0d:0d:7c]
RSSI: -89 [da:24:27:5b:0a:1b]
RSSI: -79 [da:2b:af:0d:0d:7c]
RSSI: -78 [da:2b:af:1b:0d:9c]
RSSI: -76 [da:2b:af:1b:0d:9c]
RSSI: -87 [da:24:27:77:0a:7b]
RSSI: -88 [da:26:0b:7a:06:3a]
RSSI: -79 [da:2b:af:2a:0d:cc]
RSSI: -87 [da:26:0b:89:06:5a]
RSSI: -86 [da:26:0b:89:06:5a]
RSSI: -76 [da:2b:af:36:0d:fc]
RSSI: -76 [da:2b:af:45:0e:2c]
RSSI: -87 [da:26:0b:96:06:8a]
RSSI: -75 [da:2b:af:45:0e:2c]
RSSI: -86 [da:26:0b:96:06:8a]
RSSI: -74 [da:2b:af:53:0e:4c]
RSSI: -88 [da:26:0b:a6:06:ba]
RSSI: -79 [da:2b:af:53:0e:4c]
RSSI: -88 [da:26:0b:a6:06:ba]
RSSI: -90 [da:26:0b:b5:06:da]
RSSI: -76 [da:2b:af:60:0e:7c]
RSSI: -85 [da:2b:af:6f:0e:ac]
RSSI: -88 [da:24:27:ce:0b:7b]
RSSI: -82 [da:2b:af:7d:0e:dc]
RSSI: -88 [da:24:27:ce:0b:7b]
RSSI: -85 [da:2b:af:7d:0e:dc]
RSSI: -89 [da:26:0b:d2:07:2a]
RSSI: -83 [da:2b:af:8a:0e:fc]
RSSI: -90 [da:26:0b:e2:07:5a]
RSSI: -74 [da:2b:af:8a:0e:fc]
RSSI: -85 [da:26:0b:e2:07:5a]
RSSI: -73 [da:2b:af:98:0f:2c]
RSSI: -87 [da:24:27:ed:0b:db]
RSSI: -74 [da:2b:af:98:0f:2c]
RSSI: -85 [da:26:0b:ee:07:7a]
RSSI: -71 [da:2b:af:a7:0f:5c]
RSSI: -82 [da:26:0b:ee:07:7a]
RSSI: -69 [da:2b:af:a7:0f:5c]
RSSI: -89 [da:24:27:f9:0b:fb]
RSSI: -83 [da:26:0b:fe:07:aa]
RSSI: -89 [da:24:28:09:0c:2b]
RSSI: -68 [da:2b:af:b3:0f:8c]
RSSI: -81 [da:26:0c:0e:07:da]
RSSI: -93 [da:29:15:23:0b:8e]
RSSI: -67 [da:2b:af:c2:0f:bc]
RSSI: -66 [da:2b:af:c2:0f:bc]
RSSI: -65 [da:2b:af:d1:0f:ec]
RSSI: -78 [da:26:0c:1a:07:fa]
RSSI: -86 [da:29:15:30:0b:be]
RSSI: -65 [da:2b:af:dd:10:0c]
RSSI: -77 [da:26:0c:2a:08:2a]
RSSI: -65 [da:2b:af:dd:10:0c]
RSSI: -89 [da:29:15:3d:0b:de]
RSSI: -64 [da:2b:af:dd:10:0c]
RSSI: -76 [da:26:0c:3a:08:5a]
RSSI: -64 [da:2b:af:ec:10:3c]
RSSI: -89 [da:29:15:4a:0b:fe]
RSSI: -76 [da:26:0c:46:08:7a]
RSSI: -63 [da:2b:af:fa:10:6c]
RSSI: -76 [da:26:0c:46:08:7a]
RSSI: -75 [da:26:0c:46:08:7a]
RSSI: -86 [da:29:15:57:0c:2e]
RSSI: -65 [da:2b:af:fa:10:6c]
RSSI: -77 [da:26:0c:56:08:aa]
RSSI: -63 [da:2b:b0:07:10:9c]
RSSI: -88 [da:29:15:64:0c:4e]
RSSI: -76 [da:26:0c:56:08:aa]
RSSI: -76 [da:26:0c:66:08:da]
RSSI: -64 [da:2b:b0:16:10:bc]
RSSI: -64 [da:2b:b0:16:10:bc]
RSSI: -66 [da:2b:b0:24:10:ec]
RSSI: -84 [da:29:15:7f:0c:9e]
RSSI: -66 [da:2b:b0:24:10:ec]
RSSI: -89 [da:29:15:8b:0c:be]
RSSI: -65 [da:2b:b0:31:11:1c]
RSSI: -89 [da:29:15:8b:0c:be]
RSSI: -77 [da:26:0c:82:09:2a]
RSSI: -67 [da:2b:b0:31:11:1c]
RSSI: -75 [da:26:0c:82:09:2a]
RSSI: -77 [da:26:0c:92:09:5a]
RSSI: -66 [da:2b:b0:3f:11:4c]
RSSI: -76 [da:26:0c:92:09:5a]
RSSI: -66 [da:2b:b0:3f:11:4c]
RSSI: -86 [da:29:15:a6:0d:0e]
RSSI: -86 [da:29:15:a6:0d:0e]
RSSI: -77 [da:26:0c:9f:09:7a]
RSSI: -77 [da:26:0c:9f:09:7a]
RSSI: -89 [da:29:15:b2:0d:3e]
RSSI: -72 [da:2b:b0:5b:11:9c]
RSSI: -76 [da:26:0c:ae:09:aa]
RSSI: -77 [da:26:0c:ae:09:aa]
RSSI: -71 [da:2b:b0:69:11:cc]
RSSI: -78 [da:26:0c:be:09:da]
RSSI: -71 [da:2b:b0:69:11:cc]
RSSI: -85 [da:29:15:cd:0d:7e]
RSSI: -76 [da:26:0c:be:09:da]
RSSI: -75 [da:2b:b0:78:11:fc]
RSSI: -90 [da:29:15:d9:0d:ae]
RSSI: -78 [da:26:0c:cb:09:fa]
RSSI: -75 [da:2b:b0:78:11:fc]
RSSI: -81 [da:2b:b0:84:12:2c]
RSSI: -79 [da:26:0c:db:0a:2a]
RSSI: -82 [da:2b:b0:84:12:2c]
RSSI: -79 [da:26:0c:db:0a:2a]
RSSI: -79 [da:26:0c:db:0a:2a]
RSSI: -80 [da:26:0c:db:0a:2a]
RSSI: -86 [da:2b:b0:93:12:5c]
RSSI: -81 [da:26:0c:ea:0a:5a]
RSSI: -81 [da:26:0c:f7:0a:7a]
RSSI: -83 [da:26:0d:07:0a:aa]
RSSI: -80 [da:2b:b0:bd:12:dc]
RSSI: -81 [da:2b:b0:bd:12:dc]
RSSI: -84 [da:26:0d:16:0a:da]
RSSI: -80 [da:2b:b0:cb:13:0c]
RSSI: -82 [da:2b:b0:cb:13:0c]
RSSI: -94 [da:29:16:42:0e:ce]
RSSI: -85 [da:26:0d:33:0b:2a]
RSSI: -95 [da:29:16:42:0e:ce]
RSSI: -86 [da:26:0d:33:0b:2a]
RSSI: -85 [da:2b:b0:e7:13:5c]
RSSI: -85 [da:26:0d:43:0b:5a]
RSSI: -93 [da:24:29:50:0f:fb]
RSSI: -83 [da:26:0d:4f:0b:7a]
RSSI: -84 [da:26:0d:5f:0b:aa]
RSSI: -80 [da:26:0d:6f:0b:da]
RSSI: -80 [da:26:0d:6f:0b:da]
RSSI: -85 [da:26:0d:7b:0b:fa]
RSSI: -89 [da:29:16:83:0f:8e]
RSSI: -90 [da:24:29:88:10:9b]
RSSI: -87 [da:2b:b1:3b:14:6c]
RSSI: -87 [da:24:29:98:10:cb]
RSSI: -89 [da:2b:b1:49:14:9c]
RSSI: -91 [da:2b:b1:56:14:bc]
RSSI: -86 [da:24:29:b4:11:2b]
RSSI: -87 [da:24:29:b4:11:2b]
RSSI: -88 [da:24:29:d3:11:7b]
RSSI: -89 [da:26:0d:d4:0c:fa]
RSSI: -90 [da:26:0d:d4:0c:fa]
RSSI: -88 [da:24:29:ef:11:db]
RSSI: -85 [da:24:29:ef:11:db]
RSSI: -86 [da:24:29:ff:12:0b]
RSSI: -84 [da:24:2a:0b:12:2b]
RSSI: -84 [da:24:2a:1b:12:5b]
RSSI: -87 [da:2b:b1:c7:16:1c]
RSSI: -84 [da:24:2a:1b:12:5b]
RSSI: -83 [da:24:2a:2a:12:8b]
RSSI: -84 [da:24:2a:37:12:ab]
RSSI: -83 [da:24:2a:37:12:ab]
RSSI: -84 [da:2b:b1:f1:00:2c]
RSSI: -84 [da:24:2a:47:12:db]
RSSI: -84 [da:24:2a:47:12:db]
RSSI: -84 [da:2b:b1:fe:00:5c]
RSSI: -86 [da:24:2a:56:13:0b]
RSSI: -84 [da:24:2a:56:13:0b]
RSSI: -86 [da:24:2a:63:13:2b]
RSSI: -88 [da:24:2a:72:13:5b]
RSSI: -90 [da:2b:b2:28:00:dc]
RSSI: -87 [da:24:2a:82:13:8b]
RSSI: -89 [da:24:2a:82:13:8b]
RSSI: -90 [da:24:2a:82:13:8b]
RSSI: -88 [da:2b:b2:36:01:0c]
RSSI: -89 [da:24:2a:8e:13:ab]
RSSI: -84 [da:2b:b2:45:01:3c]
RSSI: -93 [da:26:0e:a5:0f:5a]
RSSI: -90 [da:24:2a:ae:14:0b]
RSSI: -90 [da:24:2a:ae:14:0b]
RSSI: -83 [da:2b:b2:60:01:8c]
RSSI: -84 [da:2b:b2:6f:01:bc]
RSSI: -88 [da:24:2a:ba:14:3b]
RSSI: -89 [da:26:0e:d1:0f:da]
RSSI: -86 [da:2b:b2:7c:01:ec]
RSSI: -85 [da:2b:b2:7c:01:ec]
RSSI: -86 [da:24:2a:d9:14:8b]
RSSI: -86 [da:2b:b2:8a:02:1c]
RSSI: -82 [da:2b:b2:99:02:4c]
RSSI: -86 [da:24:2a:e6:14:bb]
RSSI: -79 [da:2b:b2:99:02:4c]
RSSI: -89 [da:26:0e:ee:10:2a]
RSSI: -83 [da:2b:b2:a6:02:6c]
RSSI: -80 [da:2b:b2:a6:02:6c]
RSSI: -87 [da:26:0e:fe:10:5a]
RSSI: -86 [da:24:2b:05:15:0b]
RSSI: -83 [da:2b:b2:b5:02:9c]
RSSI: -87 [da:24:2b:05:15:0b]
RSSI: -80 [da:2b:b2:b5:02:9c]
RSSI: -85 [da:24:2b:12:15:3b]
RSSI: -83 [da:2b:b2:c3:02:cc]
RSSI: -82 [da:2b:b2:d0:02:ec]
RSSI: -88 [da:24:2b:21:15:6b]
RSSI: -90 [da:26:0f:1a:10:aa]
RSSI: -86 [da:2b:b2:d0:02:ec]
RSSI: -85 [da:24:2b:21:15:6b]
RSSI: -86 [da:24:2b:31:15:8b]
RSSI: -89 [da:2b:b2:df:03:1c]
RSSI: -86 [da:24:2b:31:15:8b]
RSSI: -85 [da:26:0f:37:10:fa]
RSSI: -87 [da:26:0f:46:11:2a]
RSSI: -87 [da:26:0f:46:11:2a]
RSSI: -86 [da:26:0f:46:11:2a]
RSSI: -84 [da:24:2b:4d:15:eb]
RSSI: -86 [da:24:2b:4d:15:eb]
RSSI: -87 [da:26:0f:56:11:5a]
RSSI: -84 [da:24:2b:5d:16:1b]
RSSI: -88 [da:26:0f:63:11:7a]
RSSI: -85 [da:24:2b:69:16:3b]
RSSI: -85 [da:24:2b:69:16:3b]
RSSI: -85 [da:26:0f:73:11:aa]
RSSI: -84 [da:2b:b3:24:03:fc]
RSSI: -90 [da:26:0f:73:11:aa]
RSSI: -85 [da:24:2b:79:16:6b]
RSSI: -85 [da:24:2b:79:16:6b]
RSSI: -91 [da:26:0f:83:11:da]
RSSI: -85 [da:2b:b3:33:04:2c]
RSSI: -84 [da:24:2b:89:00:0b]
RSSI: -86 [da:2b:b3:41:04:5c]
RSSI: -85 [da:24:2b:95:00:2b]
RSSI: -82 [da:2b:b3:4e:04:8c]
RSSI: -90 [da:26:0f:af:12:5a]
RSSI: -82 [da:2b:b3:6c:04:dc]
RSSI: -82 [da:2b:b3:78:05:0c]
RSSI: -90 [da:26:0f:cc:12:aa]
RSSI: -90 [da:26:0f:dc:12:da]
RSSI: -82 [da:2b:b3:8c:05:4c]
RSSI: -95 [da:24:2b:e0:01:0b]
RSSI: -83 [da:2b:b3:a9:05:9c]
RSSI: -84 [da:24:2b:fd:01:5b]
RSSI: -83 [da:2b:b3:b8:05:cc]
RSSI: -83 [da:24:2c:0c:01:8b]
RSSI: -84 [da:2b:b3:b8:05:cc]
RSSI: -81 [da:24:2c:0c:01:8b]
RSSI: -86 [da:2b:b3:c7:05:fc]
RSSI: -85 [da:2b:b3:c7:05:fc]
RSSI: -81 [da:24:2c:19:01:ab]
RSSI: -79 [da:24:2c:29:01:db]
RSSI: -78 [da:24:2c:29:01:db]
RSSI: -82 [da:2b:b3:e2:06:5c]
RSSI: -75 [da:24:2c:38:02:0b]
RSSI: -76 [da:24:2c:38:02:0b]
RSSI: -90 [da:26:10:41:13:fa]
RSSI: -74 [da:24:2c:45:02:2b]
RSSI: -76 [da:24:2c:55:02:5b]
RSSI: -73 [da:24:2c:55:02:5b]
RSSI: -76 [da:24:2c:64:02:8b]
RSSI: -77 [da:24:2c:64:02:8b]
RSSI: -76 [da:24:2c:64:02:8b]
RSSI: -77 [da:24:2c:71:02:ab]
RSSI: -91 [da:26:10:7e:14:aa]
RSSI: -77 [da:24:2c:81:02:db]
RSSI: -77 [da:24:2c:90:03:0b]
RSSI: -87 [da:2b:b4:45:07:8c]
RSSI: -78 [da:24:2c:9d:03:3b]
RSSI: -77 [da:24:2c:9d:03:3b]
RSSI: -84 [da:2b:b4:52:07:bc]
RSSI: -85 [da:2b:b4:52:07:bc]
RSSI: -77 [da:24:2c:ac:03:6b]
RSSI: -78 [da:24:2c:ac:03:6b]
RSSI: -82 [da:2b:b4:61:07:ec]
RSSI: -74 [da:24:2c:bc:03:8b]
RSSI: -74 [da:24:2c:bc:03:8b]
RSSI: -83 [da:2b:b4:70:08:1c]
RSSI: -83 [da:2b:b4:70:08:1c]
RSSI: -80 [da:24:2c:c9:03:bb]
RSSI: -79 [da:2b:b4:7c:08:3c]
RSSI: -75 [da:24:2c:c9:03:bb]
RSSI: -84 [da:2b:b4:7c:08:3c]
RSSI: -81 [da:24:2c:d8:03:eb]
RSSI: -80 [da:2b:b4:8b:08:6c]
RSSI: -78 [da:2b:b4:8b:08:6c]
RSSI: -80 [da:24:2c:e8:04:1b]
RSSI: -80 [da:24:2c:e8:04:1b]
RSSI: -79 [da:24:2c:f5:04:3b]
RSSI: -83 [da:24:2c:f5:04:3b]
RSSI: -83 [da:2b:b4:b5:08:fc]
RSSI: -84 [da:24:2d:04:04:6b]
RSSI: -86 [da:24:2d:14:04:9b]
RSSI: -91 [da:24:2d:14:04:9b]
RSSI: -82 [da:2b:b4:c4:09:2c]
RSSI: -85 [da:2b:b4:d1:09:4c]
RSSI: -89 [da:24:2d:21:04:bb]
RSSI: -81 [da:2b:b4:d1:09:4c]
RSSI: -88 [da:24:2d:30:04:eb]
RSSI: -85 [da:2b:b4:e0:09:7c]
RSSI: -82 [da:2b:b4:ee:09:ac]
RSSI: -84 [da:24:2d:4d:05:3b]
RSSI: -82 [da:24:2d:5c:05:6b]
RSSI: -84 [da:24:2d:6c:05:9b]
RSSI: -88 [da:2b:b5:25:0a:5c]
RSSI: -90 [da:26:11:79:01:4a]
RSSI: -91 [da:24:2d:79:05:cb]
RSSI: -87 [da:2b:b5:25:0a:5c]
RSSI: -81 [da:24:2d:88:05:fb]
RSSI: -87 [da:2b:b5:43:0a:bc]
RSSI: -84 [da:24:2d:98:06:2b]
RSSI: -84 [da:24:2d:a5:06:4b]
RSSI: -90 [da:26:11:a6:01:ca]
RSSI: -87 [da:2b:b5:5f:0b:1c]
RSSI: -82 [da:24:2d:b4:06:7b]
RSSI: -83 [da:24:2d:b4:06:7b]
RSSI: -85 [da:24:2d:c4:06:ab]
RSSI: -81 [da:24:2d:c4:06:ab]
RSSI: -88 [da:2b:b5:7a:0b:6c]
RSSI: -85 [da:24:2d:d1:06:cb]
RSSI: -85 [da:24:2d:d1:06:cb]
RSSI: -86 [da:2b:b5:89:0b:9c]
RSSI: -85 [da:2b:b5:89:0b:9c]
RSSI: -82 [da:24:2d:e1:06:fb]
RSSI: -85 [da:2b:b5:98:0b:cc]
RSSI: -85 [da:2b:b5:98:0b:cc]
RSSI: -82 [da:24:2d:f0:07:2b]
RSSI: -84 [da:24:2d:f0:07:2b]
RSSI: -84 [da:2b:b5:a4:0b:fc]
RSSI: -83 [da:2b:b5:a4:0b:fc]
RSSI: -81 [da:24:2d:fd:07:5b]
RSSI: -83 [da:24:2d:fd:07:5b]
RSSI: -84 [da:2b:b5:b3:0c:2c]
RSSI: -85 [da:24:2e:0d:07:8b]
RSSI: -83 [da:2b:b5:c2:0c:5c]
RSSI: -83 [da:24:2e:1c:07:bb]
RSSI: -84 [da:24:2e:1c:07:bb]
RSSI: -80 [da:2b:b5:cf:0c:7c]
RSSI: -82 [da:24:2e:29:07:db]
RSSI: -83 [da:2b:b5:de:0c:ac]
RSSI: -82 [da:24:2e:29:07:db]
RSSI: -78 [da:2b:b5:de:0c:ac]
RSSI: -82 [da:2b:b5:ec:0c:dc]
RSSI: -82 [da:24:2e:48:08:3b]
RSSI: -91 [da:26:12:4b:03:aa]
RSSI: -83 [da:2b:b5:f9:0d:0c]
RSSI: -84 [da:24:2e:55:08:5b]
RSSI: -82 [da:24:2e:55:08:5b]
RSSI: -78 [da:2b:b6:08:0d:3c]
RSSI: -86 [da:2b:b6:17:0d:6c]
RSSI: -86 [da:24:2e:65:08:8b]
RSSI: -80 [da:2b:b6:17:0d:6c]
RSSI: -83 [da:24:2e:75:08:bb]
RSSI: -84 [da:2b:b6:23:0d:8c]
RSSI: -84 [da:2b:b6:23:0d:8c]
RSSI: -87 [da:26:12:78:04:2a]
RSSI: -82 [da:24:2e:81:08:db]
RSSI: -80 [da:2b:b6:32:0d:bc]
RSSI: -89 [da:26:12:85:04:4a]
RSSI: -83 [da:2b:b6:41:0d:ec]
RSSI: -87 [da:24:2e:91:09:0b]
RSSI: -83 [da:24:2e:91:09:0b]
RSSI: -83 [da:24:2e:91:09:0b]
RSSI: -87 [da:26:12:95:04:7a]
RSSI: -82 [da:2b:b6:4e:0e:1c]
RSSI: -80 [da:2b:b6:4e:0e:1c]
RSSI: -81 [da:24:2e:ad:09:6b]
RSSI: -82 [da:2b:b6:5d:0e:4c]
RSSI: -83 [da:2b:b6:5d:0e:4c]
RSSI: -87 [da:26:12:b1:04:ca]
RSSI: -82 [da:2b:b6:6c:0e:7c]
RSSI: -81 [da:24:2e:bd:09:9b]
RSSI: -84 [da:26:12:c2:04:fa]
RSSI: -88 [da:26:12:c2:04:fa]
RSSI: -87 [da:26:12:d2:05:2a]
RSSI: -86 [da:26:12:d2:05:2a]
RSSI: -85 [da:24:2e:d9:09:eb]
RSSI: -87 [da:2b:b6:87:0e:cc]
RSSI: -83 [da:2b:b6:a3:0f:2c]
RSSI: -83 [da:24:2e:f9:0a:4b]
RSSI: -86 [da:26:12:fe:05:aa]
RSSI: -79 [da:2b:b6:b2:0f:5c]
RSSI: -88 [da:26:12:fe:05:aa]
RSSI: -85 [da:26:13:0b:05:ca]
RSSI: -77 [da:2b:b6:c1:0f:8c]
RSSI: -85 [da:24:2f:15:0a:9b]
RSSI: -85 [da:26:13:1b:05:fa]
RSSI: -85 [da:26:13:1b:05:fa]
RSSI: -79 [da:2b:b6:cd:0f:bc]
RSSI: -83 [da:24:2f:25:0a:cb]
RSSI: -87 [da:26:13:2b:06:2a]
RSSI: -76 [da:2b:b6:dc:0f:ec]
RSSI: -76 [da:2b:b6:dc:0f:ec]
RSSI: -76 [da:2b:b6:dc:0f:ec]
RSSI: -84 [da:24:2f:32:0a:fb]
RSSI: -84 [da:26:13:38:06:4a]
RSSI: -77 [da:2b:b6:eb:10:0c]
RSSI: -83 [da:26:13:38:06:4a]
RSSI: -85 [da:24:2f:42:0b:1b]
RSSI: -77 [da:2b:b6:eb:10:0c]
RSSI: -84 [da:24:2f:42:0b:1b]
RSSI: -82 [da:26:13:48:06:7a]
RSSI: -85 [da:24:2f:51:0b:4b]
RSSI: -83 [da:26:13:58:06:aa]
RSSI: -86 [da:24:2f:51:0b:4b]
RSSI: -81 [da:26:13:58:06:aa]
RSSI: -77 [da:2b:b7:07:10:6c]
RSSI: -76 [da:2b:b7:16:10:9c]
RSSI: -83 [da:26:13:65:06:ca]
RSSI: -85 [da:24:2f:6e:0b:ab]
RSSI: -76 [da:2b:b7:22:10:bc]
RSSI: -76 [da:2b:b7:22:10:bc]
RSSI: -84 [da:24:2f:7e:0b:db]
RSSI: -83 [da:26:13:85:07:2a]
RSSI: -76 [da:2b:b7:31:10:ec]
RSSI: -86 [da:26:13:85:07:2a]
RSSI: -76 [da:2b:b7:31:10:ec]
RSSI: -76 [da:2b:b7:40:11:1c]
RSSI: -87 [da:24:2f:8a:0b:fb]
RSSI: -77 [da:2b:b7:40:11:1c]
RSSI: -85 [da:26:13:91:07:4a]
RSSI: -77 [da:2b:b7:4d:11:4c]
RSSI: -90 [da:24:2f:9a:0c:2b]
RSSI: -89 [da:24:2f:aa:0c:5b]
RSSI: -82 [da:26:13:a2:07:7a]
RSSI: -89 [da:29:1c:b6:0b:0e]
RSSI: -77 [da:2b:b7:5c:11:7c]
RSSI: -82 [da:26:13:b2:07:aa]
RSSI: -85 [da:29:1c:c4:0b:3e]
RSSI: -77 [da:2b:b7:5c:11:7c]
RSSI: -92 [da:24:2f:b6:0c:7b]
RSSI: -76 [da:2b:b7:6b:11:ac]
RSSI: -83 [da:29:1c:d0:0b:5e]
RSSI: -80 [da:26:13:be:07:ca]
RSSI: -84 [da:29:1c:d0:0b:5e]
RSSI: -79 [da:2b:b7:77:11:cc]
RSSI: -80 [da:2b:b7:77:11:cc]
RSSI: -78 [da:26:13:ce:07:fa]
RSSI: -82 [da:29:1c:de:0b:8e]
RSSI: -79 [da:26:13:ce:07:fa]
RSSI: -81 [da:2b:b7:86:11:fc]
RSSI: -78 [da:26:13:de:08:2a]
RSSI: -81 [da:29:1c:eb:0b:ae]
RSSI: -76 [da:26:13:de:08:2a]
RSSI: -79 [da:29:1c:eb:0b:ae]
RSSI: -79 [da:29:1c:f8:0b:de]
RSSI: -77 [da:26:13:eb:08:4a]
RSSI: -79 [da:29:1c:f8:0b:de]
RSSI: -87 [da:2b:b7:a2:12:5c]
RSSI: -89 [da:2b:b7:a2:12:5c]
RSSI: -76 [da:26:13:fb:08:7a]
RSSI: -77 [da:29:1d:06:0b:fe]
RSSI: -75 [da:26:13:fb:08:7a]
RSSI: -76 [da:29:1d:13:0c:2e]
RSSI: -73 [da:26:14:0b:08:aa]
RSSI: -75 [da:26:14:0b:08:aa]
RSSI: -73 [da:26:14:18:08:ca]
RSSI: -76 [da:29:1d:2e:0c:6e]
RSSI: -89 [da:2b:b7:cc:12:dc]
RSSI: -76 [da:29:1d:2e:0c:6e]
RSSI: -74 [da:26:14:28:08:fa]
RSSI: -82 [da:2b:b7:dc:13:0c]
RSSI: -72 [da:26:14:28:08:fa]
RSSI: -75 [da:29:1d:3b:0c:9e]
RSSI: -85 [da:2b:b7:dc:13:0c]
RSSI: -75 [da:26:14:38:09:2a]
RSSI: -73 [da:26:14:38:09:2a]
RSSI: -73 [da:26:14:45:09:4a]
RSSI: -86 [da:2b:b7:f7:13:5c]
RSSI: -75 [da:29:1d:55:0c:ee]
RSSI: -74 [da:26:14:45:09:4a]
RSSI: -76 [da:29:1d:55:0c:ee]
RSSI: -74 [da:29:1d:63:0d:0e]
RSSI: -71 [da:26:14:55:09:7a]
RSSI: -74 [da:26:14:55:09:7a]
RSSI: -76 [da:29:1d:63:0d:0e]
RSSI: -74 [da:26:14:55:09:7a]
RSSI: -76 [da:29:1d:70:0d:2e]
RSSI: -74 [da:26:14:65:09:aa]
RSSI: -75 [da:29:1d:70:0d:2e]
RSSI: -71 [da:26:14:65:09:aa]
RSSI: -77 [da:29:1d:7d:0d:5e]
RSSI: -76 [da:29:1d:7d:0d:5e]
RSSI: -74 [da:26:14:72:09:ca]
RSSI: -88 [da:2b:b8:22:13:ec]
RSSI: -76 [da:29:1d:8b:0d:7e]
RSSI: -75 [da:26:14:82:09:fa]
RSSI: -76 [da:29:1d:8b:0d:7e]
RSSI: -91 [da:24:30:87:0e:eb]
RSSI: -83 [da:2b:b8:31:14:1c]
RSSI: -74 [da:26:14:82:09:fa]
RSSI: -77 [da:29:1d:97:0d:9e]
RSSI: -75 [da:29:1d:97:0d:9e]
RSSI: -72 [da:26:14:92:0a:2a]
RSSI: -84 [da:2b:b8:40:14:4c]
RSSI: -90 [da:24:30:94:0f:1b]
RSSI: -83 [da:2b:b8:4c:14:6c]
RSSI: -74 [da:26:14:9e:0a:4a]
RSSI: -78 [da:29:1d:b3:0d:ee]
RSSI: -79 [da:29:1d:bf:0e:0e]
RSSI: -75 [da:26:14:af:0a:7a]
RSSI: -77 [da:26:14:bf:0a:aa]
RSSI: -91 [da:24:30:c0:0f:9b]
RSSI: -77 [da:26:14:bf:0a:aa]
RSSI: -85 [da:2b:b8:77:14:fc]
RSSI: -81 [da:29:1d:db:0e:5e]
RSSI: -80 [da:26:14:cb:0a:da]
RSSI: -81 [da:29:1d:db:0e:5e]
RSSI: -80 [da:26:14:cb:0a:da]
RSSI: -88 [da:24:30:d0:0f:cb]
RSSI: -86 [da:29:1d:e7:0e:8e]
RSSI: -84 [da:2b:b8:86:15:2c]
RSSI: -86 [da:29:1d:e7:0e:8e]
RSSI: -81 [da:26:14:dc:0b:0a]
RSSI: -85 [da:24:30:e0:0f:fb]
RSSI: -84 [da:26:14:ec:0b:2a]
RSSI: -82 [da:2b:b8:95:15:5c]
RSSI: -86 [da:24:30:ed:10:1b]
RSSI: -82 [da:26:14:ec:0b:2a]
RSSI: -83 [da:24:30:ed:10:1b]
RSSI: -87 [da:2b:b8:a2:15:7c]
RSSI: -85 [da:29:1e:03:0e:de]
RSSI: -83 [da:2b:b8:a2:15:7c]
RSSI: -83 [da:26:14:f8:0b:5a]
RSSI: -84 [da:24:30:fc:10:4b]
RSSI: -85 [da:24:30:fc:10:4b]
RSSI: -84 [da:2b:b8:b1:15:ac]
RSSI: -87 [da:2b:b8:b1:15:ac]
RSSI: -83 [da:26:15:19:0b:aa]
RSSI: -82 [da:24:31:19:10:ab]
RSSI: -83 [da:24:31:19:10:ab]
RSSI: -80 [da:26:15:25:0b:da]
RSSI: -80 [da:26:15:25:0b:da]
RSSI: -85 [da:2b:b8:db:16:3c]
RSSI: -82 [da:24:31:39:11:0b]
RSSI: -83 [da:26:15:35:0c:0a]
RSSI: -85 [da:24:31:39:11:0b]
RSSI: -81 [da:26:15:35:0c:0a]
RSSI: -85 [da:26:15:46:0c:3a]
RSSI: -83 [da:29:1e:52:0f:be]
RSSI: -85 [da:2b:b8:f7:00:0c]
RSSI: -82 [da:24:31:55:11:5b]
RSSI: -87 [da:26:15:52:0c:5a]
RSSI: -86 [da:29:1e:5f:0f:ee]
RSSI: -88 [da:2b:b9:06:00:2c]
RSSI: -85 [da:24:31:55:11:5b]
RSSI: -86 [da:24:31:65:11:8b]
RSSI: -91 [da:26:15:62:0c:8a]
RSSI: -89 [da:2b:b9:15:00:5c]
RSSI: -83 [da:24:31:65:11:8b]
RSSI: -89 [da:26:15:73:0c:ba]
RSSI: -87 [da:2b:b9:22:00:8c]
RSSI: -85 [da:24:31:72:11:ab]
RSSI: -87 [da:26:15:73:0c:ba]
RSSI: -87 [da:29:1e:87:10:5e]
RSSI: -91 [da:29:1e:87:10:5e]
RSSI: -85 [da:24:31:82:11:db]
RSSI: -88 [da:2b:b9:31:00:bc]
RSSI: -84 [da:24:31:82:11:db]
RSSI: -91 [da:2b:b9:31:00:bc]
RSSI: -85 [da:24:31:91:12:0b]
RSSI: -86 [da:24:31:91:12:0b]
RSSI: -84 [da:24:31:91:12:0b]
RSSI: -88 [da:2b:b9:40:00:ec]
RSSI: -91 [da:29:1e:af:10:ce]
RSSI: -89 [da:2b:b9:5c:01:3c]
RSSI: -85 [da:24:31:ae:12:5b]
RSSI: -90 [da:29:1e:bd:10:ee]
RSSI: -82 [da:24:31:ae:12:5b]
RSSI: -84 [da:24:31:be:12:8b]
RSSI: -92 [da:29:1e:ca:11:1e]
RSSI: -88 [da:2b:b9:6b:01:6c]
RSSI: -84 [da:24:31:be:12:8b]
RSSI: -82 [da:24:31:cb:12:bb]
RSSI: -88 [da:2b:b9:77:01:9c]
RSSI: -82 [da:24:31:cb:12:bb]
RSSI: -89 [da:29:1e:e5:11:5e]
RSSI: -83 [da:24:31:db:12:eb]
RSSI: -86 [da:2b:b9:95:01:fc]
RSSI: -85 [da:24:31:ea:13:1b]
RSSI: -84 [da:2b:b9:a2:02:1c]
RSSI: -85 [da:24:31:f7:13:3b]
RSSI: -88 [da:2b:b9:b1:02:4c]
RSSI: -87 [da:24:32:07:13:6b]
RSSI: -86 [da:2b:b9:b1:02:4c]
RSSI: -87 [da:24:32:07:13:6b]
RSSI: -87 [da:24:32:07:13:6b]
RSSI: -85 [da:2b:b9:c0:02:7c]
RSSI: -85 [da:24:32:17:13:9b]
RSSI: -91 [da:2b:b9:c0:02:7c]
RSSI: -87 [da:24:32:17:13:9b]
RSSI: -88 [da:2b:b9:cd:02:ac]
RSSI: -91 [da:2b:b9:dc:02:dc]
RSSI: -97 [da:29:1f:4f:12:8e]
RSSI: -93 [da:2b:b9:eb:03:0c]
RSSI: -92 [da:26:16:45:0f:1a]
RSSI: -89 [da:24:32:43:14:1b]
RSSI: -93 [da:26:16:45:0f:1a]
RSSI: -88 [da:24:32:60:14:6b]
RSSI: -87 [da:24:32:60:14:6b]
RSSI: -86 [da:24:32:70:14:9b]
RSSI: -85 [da:24:32:70:14:9b]
RSSI: -88 [da:24:32:70:14:9b]
RSSI: -91 [da:26:16:78:0f:aa]
RSSI: -89 [da:26:16:78:0f:aa]
RSSI: -86 [da:24:32:7c:14:bb]
RSSI: -89 [da:26:16:85:0f:ca]
RSSI: -89 [da:26:16:91:0f:fa]
RSSI: -84 [da:24:32:8c:14:eb]
RSSI: -86 [da:24:32:9c:15:1b]
RSSI: -89 [da:26:16:9e:10:1a]
RSSI: -91 [da:26:16:ab:10:3a]
RSSI: -89 [da:26:16:b7:10:5a]
RSSI: -85 [da:24:32:b9:15:6b]
RSSI: -89 [da:26:16:c4:10:8a]
RSSI: -83 [da:24:32:c9:15:9b]
RSSI: -86 [da:26:16:d1:10:aa]
RSSI: -84 [da:24:32:d5:15:cb]
RSSI: -83 [da:24:32:d5:15:cb]
RSSI: -86 [da:26:16:dd:10:ca]
RSSI: -83 [da:24:32:e5:15:fb]
RSSI: -86 [da:26:16:ea:10:fa]
RSSI: -83 [da:24:32:e5:15:fb]
RSSI: -84 [da:24:32:f5:16:2b]
RSSI: -88 [da:26:17:04:11:3a]
RSSI: -83 [da:24:33:02:16:4b]
RSSI: -84 [da:24:33:02:16:4b]
RSSI: -82 [da:24:33:12:16:7b]
RSSI: -82 [da:24:33:22:00:2b]
RSSI: -89 [da:26:17:1d:11:8a]
RSSI: -82 [da:24:33:22:00:2b]
RSSI: -89 [da:26:17:2a:11:aa]
RSSI: -85 [da:24:33:2f:00:5b]
RSSI: -83 [da:24:33:2f:00:5b]
RSSI: -90 [da:26:17:36:11:ca]
RSSI: -88 [da:26:17:43:11:fa]
RSSI: -85 [da:24:33:3f:00:8b]
RSSI: -85 [da:24:33:4f:00:bb]
RSSI: -93 [da:29:20:5c:15:8e]
RSSI: -82 [da:24:33:5b:00:db]
RSSI: -84 [da:24:33:5b:00:db]
RSSI: -83 [da:24:33:5b:00:db]
RSSI: -88 [da:26:17:69:12:5a]
RSSI: -81 [da:24:33:6b:01:0b]
RSSI: -86 [da:24:33:7b:01:3b]
RSSI: -80 [da:24:33:88:01:6b]
RSSI: -85 [da:24:33:88:01:6b]
RSSI: -80 [da:24:33:98:01:9b]
RSSI: -91 [da:26:17:9c:12:ea]
RSSI: -89 [da:2b:bb:4e:07:6c]
RSSI: -80 [da:24:33:a8:01:cb]
RSSI: -89 [da:2b:bb:5d:07:9c]
RSSI: -83 [da:24:33:b4:01:eb]
RSSI: -89 [da:2b:bb:6c:07:cc]
RSSI: -80 [da:24:33:b4:01:eb]
RSSI: -88 [da:2b:bb:6c:07:cc]
RSSI: -82 [da:24:33:c4:02:1b]
RSSI: -91 [da:26:17:cf:13:8a]
RSSI: -88 [da:2b:bb:79:07:ec]
RSSI: -79 [da:24:33:d4:02:4b]
RSSI: -79 [da:24:33:d4:02:4b]
RSSI: -87 [da:2b:bb:88:08:1c]
RSSI: -87 [da:2b:bb:88:08:1c]
RSSI: -81 [da:24:33:e1:02:6b]
RSSI: -79 [da:24:33:f1:02:9b]
RSSI: -84 [da:2b:bb:a4:08:7c]
RSSI: -81 [da:24:34:01:02:cb]
RSSI: -86 [da:2b:bb:b3:08:ac]
RSSI: -78 [da:24:34:0e:02:eb]
RSSI: -79 [da:24:34:0e:02:eb]
RSSI: -78 [da:24:34:1e:03:1b]
RSSI: -83 [da:2b:bb:cf:09:0c]
RSSI: -80 [da:24:34:1e:03:1b]
RSSI: -84 [da:2b:bb:cf:09:0c]
RSSI: -79 [da:24:34:2e:03:4b]
RSSI: -84 [da:2b:bb:de:09:3c]
RSSI: -79 [da:24:34:3a:03:7b]
RSSI: -84 [da:2b:bb:ed:09:6c]
RSSI: -79 [da:24:34:3a:03:7b]
RSSI: -80 [da:24:34:4a:03:ab]
RSSI: -87 [da:2b:bb:fa:09:8c]
RSSI: -81 [da:24:34:5a:03:db]
RSSI: -88 [da:24:34:5a:03:db]
RSSI: -84 [da:24:34:67:03:fb]
RSSI: -86 [da:2b:bc:18:09:ec]
RSSI: -86 [da:2b:bc:18:09:ec]
RSSI: -88 [da:2b:bc:25:0a:1c]
RSSI: -89 [da:24:34:77:04:2b]
RSSI: -88 [da:24:34:a4:04:bb]
RSSI: -86 [da:2b:bc:50:0a:ac]
RSSI: -92 [da:24:34:a4:04:bb]
RSSI: -87 [da:2b:bc:50:0a:ac]
RSSI: -86 [da:24:34:b4:04:eb]
RSSI: -87 [da:2b:bc:5f:0a:dc]
RSSI: -86 [da:2b:bc:6e:0b:0c]
RSSI: -86 [da:24:34:c0:05:0b]
RSSI: -85 [da:24:34:c0:05:0b]
RSSI: -87 [da:2b:bc:7b:0b:2c]
RSSI: -87 [da:24:34:d0:05:3b]
RSSI: -85 [da:24:34:e0:05:6b]
RSSI: -87 [da:2b:bc:8a:0b:5c]
RSSI: -85 [da:24:34:e0:05:6b]
RSSI: -84 [da:24:34:ed:05:8b]
RSSI: -87 [da:2b:bc:99:0b:8c]
RSSI: -83 [da:24:34:ed:05:8b]
RSSI: -83 [da:24:34:fd:05:bb]
RSSI: -86 [da:2b:bc:b5:0b:ec]
RSSI: -86 [da:2b:bc:b5:0b:ec]
RSSI: -89 [da:26:19:0e:01:0a]
RSSI: -87 [da:2b:bc:c4:0c:1c]
RSSI: -86 [da:2b:bc:c4:0c:1c]
RSSI: -81 [da:24:35:1a:06:1b]
RSSI: -85 [da:2b:bc:d1:0c:3c]
RSSI: -83 [da:24:35:2a:06:4b]
RSSI: -84 [da:2b:bc:d1:0c:3c]
RSSI: -81 [da:24:35:2a:06:4b]
RSSI: -83 [da:2b:bc:e0:0c:7c]
RSSI: -82 [da:24:35:3a:06:7b]
RSSI: -82 [da:2b:bc:ef:0c:ac]
RSSI: -82 [da:24:35:46:06:9b]
RSSI: -82 [da:24:35:46:06:9b]
RSSI: -85 [da:2b:bc:fc:0c:cc]
RSSI: -81 [da:2b:bc:fc:0c:cc]
RSSI: -80 [da:24:35:57:06:cb]
RSSI: -81 [da:24:35:57:06:cb]
RSSI: -86 [da:2b:bd:0b:0c:fc]
RSSI: -84 [da:24:35:67:06:fb]
RSSI: -82 [da:24:35:67:06:fb]
RSSI: -83 [da:2b:bd:1b:0d:2c]
RSSI: -83 [da:2b:bd:1b:0d:2c]
RSSI: -83 [da:24:35:73:07:1b]
RSSI: -84 [da:2b:bd:36:0d:8c]
RSSI: -83 [da:24:35:83:07:4b]
RSSI: -84 [da:2b:bd:36:0d:8c]
RSSI: -84 [da:2b:bd:36:0d:8c]
RSSI: -82 [da:24:35:93:07:7b]
RSSI: -81 [da:2b:bd:46:0d:bc]
RSSI: -81 [da:24:35:93:07:7b]
RSSI: -84 [da:2b:bd:46:0d:bc]
RSSI: -83 [da:2b:bd:52:0d:dc]
RSSI: -82 [da:24:35:b0:07:db]
RSSI: -87 [da:24:35:b0:07:db]
RSSI: -83 [da:24:35:c0:08:0b]
RSSI: -85 [da:24:35:cd:08:2b]
RSSI: -81 [da:2b:bd:7d:0e:6c]
RSSI: -83 [da:24:35:cd:08:2b]
RSSI: -85 [da:24:35:dd:08:5b]
RSSI: -84 [da:24:35:dd:08:5b]
RSSI: -84 [da:24:35:ed:08:8b]
RSSI: -87 [da:2b:bd:9c:0e:cc]
RSSI: -81 [da:24:35:ed:08:8b]
RSSI: -86 [da:2b:bd:9c:0e:cc]
RSSI: -83 [da:24:35:fa:08:ab]
RSSI: -79 [da:2b:bd:a8:0e:ec]
RSSI: -81 [da:24:35:fa:08:ab]
RSSI: -79 [da:2b:bd:a8:0e:ec]
RSSI: -76 [da:2b:bd:b8:0f:2c]
RSSI: -83 [da:24:36:0a:08:db]
RSSI: -91 [da:26:1a:0e:03:ea]
RSSI: -82 [da:24:36:1a:09:0b]
RSSI: -76 [da:2b:bd:c7:0f:4c]
RSSI: -81 [da:24:36:1a:09:0b]
RSSI: -83 [da:24:36:27:09:3b]
RSSI: -83 [da:24:36:27:09:3b]
RSSI: -72 [da:2b:bd:e3:0f:ac]
RSSI: -83 [da:24:36:37:09:6b]
RSSI: -72 [da:2b:bd:e3:0f:ac]
RSSI: -84 [da:24:36:37:09:6b]
RSSI: -70 [da:2b:bd:e3:0f:ac]
RSSI: -71 [da:2b:bd:f2:0f:dc]
RSSI: -84 [da:24:36:47:09:9b]
RSSI: -70 [da:2b:bd:f2:0f:dc]
RSSI: -70 [da:2b:bd:ff:10:0c]
RSSI: -82 [da:24:36:53:09:bb]
RSSI: -89 [da:26:1a:5b:04:ba]
RSSI: -69 [da:2b:be:0e:10:3c]
RSSI: -82 [da:24:36:64:09:eb]
RSSI: -88 [da:26:1a:68:04:ea]
RSSI: -69 [da:2b:be:1d:10:6c]
RSSI: -88 [da:24:36:74:0a:1b]
RSSI: -69 [da:2b:be:1d:10:6c]
RSSI: -90 [da:24:36:74:0a:1b]
RSSI: -70 [da:2b:be:2a:10:8c]
RSSI: -90 [da:26:1a:82:05:2a]
RSSI: -70 [da:2b:be:2a:10:8c]
RSSI: -88 [da:26:1a:82:05:2a]
RSSI: -90 [da:24:36:80:0a:4b]
RSSI: -71 [da:2b:be:39:10:bc]
RSSI: -70 [da:2b:be:49:10:ec]
RSSI: -88 [da:26:1a:9c:05:7a]
RSSI: -83 [da:24:36:a1:0a:ab]
RSSI: -71 [da:2b:be:55:11:1c]
RSSI: -87 [da:24:36:ad:0a:cb]
RSSI: -86 [da:24:36:ad:0a:cb]
RSSI: -88 [da:26:1a:b5:05:ca]
RSSI: -73 [da:2b:be:65:11:4c]
RSSI: -89 [da:24:36:bd:0a:fb]
RSSI: -76 [da:2b:be:74:11:7c]
RSSI: -88 [da:24:36:cd:0b:2b]
RSSI: -76 [da:2b:be:80:11:ac]
RSSI: -87 [da:26:1a:dc:06:3a]
RSSI: -83 [da:24:36:da:0b:5b]
RSSI: -84 [da:26:1a:dc:06:3a]
RSSI: -79 [da:2b:be:90:11:dc]
RSSI: -88 [da:24:36:da:0b:5b]
RSSI: -80 [da:2b:be:90:11:dc]
RSSI: -80 [da:2b:be:90:11:dc]
RSSI: -80 [da:2b:be:90:11:dc]
RSSI: -83 [da:24:36:ea:0b:8b]
RSSI: -83 [da:2b:be:9f:12:0c]
RSSI: -84 [da:2b:be:9f:12:0c]
RSSI: -87 [da:24:36:fa:0b:bb]
RSSI: -87 [da:2b:be:ac:12:2c]
RSSI: -92 [da:29:24:17:09:fe]
RSSI: -83 [da:26:1b:10:06:ca]
RSSI: -91 [da:29:24:24:0a:1e]
RSSI: -83 [da:26:1b:1c:06:ea]
RSSI: -93 [da:24:37:34:0c:6b]
RSSI: -83 [da:26:1b:36:07:3a]
RSSI: -87 [da:24:37:34:0c:6b]
RSSI: -89 [da:2b:be:f6:13:1c]
RSSI: -83 [da:26:1b:50:07:8a]
RSSI: -87 [da:26:1b:50:07:8a]
RSSI: -89 [da:2b:bf:02:13:3c]
RSSI: -90 [da:2b:bf:12:13:6c]
RSSI: -85 [da:26:1b:69:07:ca]
RSSI: -83 [da:26:1b:69:07:ca]
RSSI: -90 [da:2b:bf:21:13:9c]
RSSI: -81 [da:26:1b:77:07:fa]
RSSI: -89 [da:29:24:82:0b:3e]
RSSI: -81 [da:26:1b:77:07:fa]
RSSI: -80 [da:26:1b:83:08:1a]
RSSI: -80 [da:26:1b:83:08:1a]
RSSI: -88 [da:29:24:9e:0b:8e]
RSSI: -79 [da:26:1b:90:08:3a]
RSSI: -78 [da:26:1b:90:08:3a]
RSSI: -77 [da:26:1b:9d:08:5a]
RSSI: -87 [da:2b:bf:4c:14:2c]
RSSI: -85 [da:29:24:ab:0b:ae]
RSSI: -78 [da:26:1b:aa:08:8a]
RSSI: -75 [da:26:1b:aa:08:8a]
RSSI: -78 [da:26:1b:b7:08:aa]
RSSI: -82 [da:29:24:c7:0b:fe]
RSSI: -82 [da:29:24:c7:0b:fe]
RSSI: -76 [da:26:1b:b7:08:aa]
RSSI: -73 [da:26:1b:c4:08:da]
RSSI: -83 [da:29:24:d3:0c:1e]
RSSI: -76 [da:26:1b:c4:08:da]
RSSI: -83 [da:29:24:d3:0c:1e]
RSSI: -75 [da:26:1b:d1:08:fa]
RSSI: -73 [da:26:1b:d1:08:fa]
RSSI: -82 [da:29:24:e2:0c:4e]
RSSI: -81 [da:29:24:e2:0c:4e]
RSSI: -76 [da:26:1b:dd:09:1a]
RSSI: -75 [da:26:1b:dd:09:1a]
RSSI: -72 [da:26:1b:ea:09:3a]
RSSI: -82 [da:29:24:fc:0c:9e]
RSSI: -75 [da:26:1b:ea:09:3a]
RSSI: -82 [da:29:24:fc:0c:9e]
RSSI: -76 [da:26:1b:f7:09:6a]
RSSI: -82 [da:29:24:fc:0c:9e]
RSSI: -72 [da:26:1b:f7:09:6a]
RSSI: -92 [da:24:37:fa:0e:ab]
RSSI: -87 [da:2b:bf:af:15:6c]
RSSI: -87 [da:2b:bf:af:15:6c]
RSSI: -75 [da:26:1c:04:09:8a]
RSSI: -82 [da:29:25:18:0c:ee]
RSSI: -87 [da:2b:bf:af:15:6c]
RSSI: -80 [da:29:25:18:0c:ee]
RSSI: -72 [da:26:1c:11:09:aa]
RSSI: -90 [da:24:38:13:0e:fb]
RSSI: -85 [da:2b:bf:bf:15:9c]
RSSI: -75 [da:26:1c:11:09:aa]
RSSI: -81 [da:29:25:25:0d:0e]
RSSI: -75 [da:26:1c:1e:09:da]
RSSI: -81 [da:29:25:25:0d:0e]
RSSI: -85 [da:2b:bf:ce:15:cc]
RSSI: -72 [da:26:1c:1e:09:da]
RSSI: -85 [da:2b:bf:ce:15:cc]
RSSI: -75 [da:26:1c:2b:09:fa]
RSSI: -82 [da:29:25:33:0d:3e]
RSSI: -75 [da:26:1c:2b:09:fa]
RSSI: -75 [da:26:1c:2b:09:fa]
RSSI: -81 [da:29:25:41:0d:5e]
RSSI: -73 [da:26:1c:38:0a:1a]
RSSI: -87 [da:2b:bf:ea:16:1c]
RSSI: -77 [da:26:1c:38:0a:1a]
RSSI: -86 [da:2b:bf:ea:16:1c]
RSSI: -75 [da:26:1c:45:0a:4a]
RSSI: -82 [da:29:25:4e:0d:8e]
RSSI: -73 [da:26:1c:45:0a:4a]
RSSI: -82 [da:2b:bf:f9:16:4c]
RSSI: -77 [da:26:1c:51:0a:6a]
RSSI: -83 [da:29:25:5c:0d:ae]
RSSI: -77 [da:26:1c:51:0a:6a]
RSSI: -84 [da:29:25:5c:0d:ae]
RSSI: -82 [da:29:25:6a:0d:ce]
RSSI: -83 [da:2b:c0:06:16:6c]
RSSI: -74 [da:26:1c:5f:0a:9a]
RSSI: -84 [da:29:25:6a:0d:ce]
RSSI: -77 [da:26:1c:5f:0a:9a]
RSSI: -85 [da:2b:c0:16:00:0c]
RSSI: -85 [da:29:25:76:0d:fe]
RSSI: -83 [da:29:25:76:0d:fe]
RSSI: -79 [da:26:1c:78:0a:da]
RSSI: -85 [da:29:25:84:0e:1e]
RSSI: -88 [da:24:38:78:10:2b]
RSSI: -79 [da:26:1c:78:0a:da]
RSSI: -86 [da:29:25:84:0e:1e]
RSSI: -89 [da:2b:c0:25:00:2c]
RSSI: -86 [da:24:38:85:10:4b]
RSSI: -81 [da:26:1c:85:0b:0a]
RSSI: -86 [da:24:38:85:10:4b]
RSSI: -82 [da:26:1c:85:0b:0a]
RSSI: -82 [da:26:1c:92:0b:2a]
RSSI: -87 [da:29:25:9f:0e:6e]
RSSI: -81 [da:26:1c:92:0b:2a]
RSSI: -84 [da:24:38:9f:10:9b]
RSSI: -83 [da:26:1c:9f:0b:4a]
RSSI: -85 [da:24:38:9f:10:9b]
RSSI: -86 [da:24:38:ab:10:bb]
RSSI: -83 [da:24:38:ab:10:bb]
RSSI: -91 [da:29:25:bb:0e:be]
RSSI: -86 [da:2b:c0:5d:00:ec]
RSSI: -84 [da:24:38:b8:10:eb]
RSSI: -86 [da:26:1c:b9:0b:9a]
RSSI: -86 [da:24:38:b8:10:eb]
RSSI: -84 [da:26:1c:b9:0b:9a]
RSSI: -83 [da:24:38:c5:11:0b]
RSSI: -87 [da:26:1c:c6:0b:ba]
RSSI: -82 [da:24:38:c5:11:0b]
RSSI: -83 [da:24:38:c5:11:0b]
RSSI: -86 [da:26:1c:c6:0b:ba]
RSSI: -83 [da:24:38:c5:11:0b]
RSSI: -87 [da:2b:c0:7c:01:4c]
RSSI: -86 [da:24:38:d2:11:3b]
RSSI: -82 [da:24:38:d2:11:3b]
RSSI: -87 [da:2b:c0:88:01:6c]
RSSI: -83 [da:24:38:de:11:5b]
RSSI: -87 [da:24:38:de:11:5b]
RSSI: -89 [da:29:25:eb:0f:4e]
RSSI: -81 [da:26:1c:e0:0c:0a]
RSSI: -83 [da:24:38:eb:11:7b]
RSSI: -83 [da:24:38:eb:11:7b]
RSSI: -85 [da:2b:c0:98:01:9c]
RSSI: -86 [da:26:1c:ec:0c:2a]
RSSI: -83 [da:24:38:eb:11:7b]
RSSI: -86 [da:24:38:f8:11:ab]
RSSI: -89 [da:29:26:06:0f:9e]
RSSI: -84 [da:24:39:04:11:cb]
RSSI: -82 [da:2b:c0:b4:01:fc]
RSSI: -84 [da:26:1d:07:0c:7a]
RSSI: -84 [da:24:39:11:11:eb]
RSSI: -81 [da:2b:c0:c3:02:2c]
RSSI: -84 [da:24:39:11:11:eb]
RSSI: -81 [da:2b:c0:c3:02:2c]
RSSI: -83 [da:24:39:1e:12:1b]
RSSI: -85 [da:2b:c0:d2:02:5c]
RSSI: -85 [da:24:39:1e:12:1b]
RSSI: -84 [da:2b:c0:d2:02:5c]
RSSI: -82 [da:2b:c0:d2:02:5c]
RSSI: -84 [da:24:39:2b:12:3b]
RSSI: -82 [da:2b:c0:d2:02:5c]
RSSI: -84 [da:24:39:2b:12:3b]
RSSI: -83 [da:24:39:37:12:5b]
RSSI: -83 [da:24:39:37:12:5b]
RSSI: -86 [da:2b:c0:ef:02:bc]
RSSI: -81 [da:24:39:44:12:8b]
RSSI: -82 [da:24:39:44:12:8b]
RSSI: -92 [da:26:1d:47:0d:3a]
RSSI: -83 [da:24:39:51:12:ab]
RSSI: -83 [da:24:39:51:12:ab]
RSSI: -84 [da:24:39:5d:12:db]
RSSI: -82 [da:24:39:5d:12:db]
RSSI: -81 [da:24:39:6a:12:fb]
RSSI: -83 [da:24:39:77:13:1b]
RSSI: -88 [da:2b:c1:29:03:6c]
RSSI: -85 [da:24:39:84:13:4b]
RSSI: -86 [da:24:39:84:13:4b]
RSSI: -84 [da:24:39:90:13:6b]
RSSI: -86 [da:24:39:9d:13:9b]
RSSI: -85 [da:24:39:aa:13:bb]
RSSI: -86 [da:2b:c1:80:04:7c]
RSSI: -84 [da:2b:c1:80:04:7c]
RSSI: -88 [da:24:39:dd:14:4b]
RSSI: -83 [da:2b:c1:8d:04:ac]
RSSI: -89 [da:24:39:ea:14:7b]
RSSI: -87 [da:2b:c1:9c:04:dc]
RSSI: -84 [da:2b:c1:ac:05:0c]
RSSI: -86 [da:24:3a:03:14:bb]
RSSI: -87 [da:24:3a:10:14:eb]
RSSI: -86 [da:2b:c1:b8:05:2c]
RSSI: -88 [da:2b:c1:b8:05:2c]
RSSI: -96 [da:26:1e:23:0f:ba]
RSSI: -86 [da:24:3a:2a:15:2b]
RSSI: -89 [da:2b:c1:dd:05:ac]
RSSI: -88 [da:24:3a:36:15:5b]
RSSI: -86 [da:2b:c1:ea:05:cc]
RSSI: -86 [da:24:3a:50:15:9b]
RSSI: -84 [da:2b:c1:fa:05:fc]
RSSI: -86 [da:24:3a:50:15:9b]
RSSI: -88 [da:26:1e:57:10:4a]
RSSI: -88 [da:26:1e:57:10:4a]
RSSI: -88 [da:2b:c2:09:06:2c]
RSSI: -85 [da:2b:c2:16:06:5c]
RSSI: -87 [da:24:3a:76:16:0b]
RSSI: -91 [da:26:1e:71:10:9a]
RSSI: -85 [da:24:3a:76:16:0b]
RSSI: -85 [da:24:3a:83:16:3b]
RSSI: -83 [da:2b:c2:35:06:bc]
RSSI: -83 [da:2b:c2:35:06:bc]
RSSI: -87 [da:24:3a:90:16:5b]
RSSI: -85 [da:24:3a:90:16:5b]
RSSI: -87 [da:2b:c2:41:06:dc]
RSSI: -82 [da:24:3a:9c:00:0b]
RSSI: -84 [da:26:1e:98:11:0a]
RSSI: -83 [da:24:3a:9c:00:0b]
RSSI: -84 [da:24:3a:a9:00:2b]
RSSI: -89 [da:26:1e:bf:11:7a]
RSSI: -83 [da:24:3a:c3:00:7b]
RSSI: -85 [da:2b:c2:6d:07:6c]
RSSI: -83 [da:24:3a:c3:00:7b]
RSSI: -87 [da:26:1e:cc:11:9a]
RSSI: -83 [da:2b:c2:7c:07:9c]
RSSI: -83 [da:2b:c2:7c:07:9c]
RSSI: -84 [da:2b:c2:8c:07:cc]
RSSI: -87 [da:24:3a:dc:00:bb]
RSSI: -82 [da:2b:c2:8c:07:cc]
RSSI: -84 [da:2b:c2:98:07:fc]
RSSI: -81 [da:2b:c2:a8:08:2c]
RSSI: -86 [da:2b:c2:a8:08:2c]
RSSI: -82 [da:2b:c2:b7:08:5c]
RSSI: -86 [da:26:1f:0d:12:5a]
RSSI: -81 [da:24:3b:10:01:5b]
RSSI: -88 [da:2b:c2:d4:08:bc]
RSSI: -85 [da:2b:c2:d4:08:bc]
RSSI: -88 [da:26:1f:34:12:ca]
RSSI: -90 [da:2b:c2:e3:08:ec]
RSSI: -78 [da:24:3b:36:01:cb]
RSSI: -87 [da:2b:c2:f0:09:0c]
RSSI: -79 [da:24:3b:4f:02:1b]
RSSI: -84 [da:2b:c2:ff:09:3c]
RSSI: -78 [da:24:3b:4f:02:1b]
RSSI: -84 [da:2b:c2:ff:09:3c]
RSSI: -76 [da:24:3b:5c:02:3b]
RSSI: -85 [da:2b:c3:0f:09:6c]
RSSI: -77 [da:24:3b:69:02:5b]
RSSI: -78 [da:24:3b:76:02:8b]
RSSI: -76 [da:24:3b:76:02:8b]
RSSI: -74 [da:24:3b:83:02:ab]
RSSI: -77 [da:24:3b:90:02:cb]
RSSI: -74 [da:24:3b:9c:02:fb]
RSSI: -75 [da:24:3b:9c:02:fb]
RSSI: -73 [da:24:3b:a9:03:1b]
RSSI: -74 [da:24:3b:a9:03:1b]
RSSI: -73 [da:24:3b:b6:03:4b]
RSSI: -85 [da:2b:c3:66:0a:8c]
RSSI: -74 [da:24:3b:c3:03:6b]
RSSI: -74 [da:24:3b:c3:03:6b]
RSSI: -74 [da:24:3b:d0:03:8b]
RSSI: -74 [da:24:3b:d0:03:8b]
RSSI: -75 [da:24:3b:dd:03:bb]
RSSI: -85 [da:2b:c3:92:0b:1c]
RSSI: -74 [da:24:3b:e9:03:db]
RSSI: -76 [da:24:3b:e9:03:db]
RSSI: -75 [da:24:3b:f6:04:0b]
RSSI: -75 [da:24:3b:f6:04:0b]
RSSI: -78 [da:24:3c:03:04:2b]
RSSI: -83 [da:2b:c3:ae:0b:6c]
RSSI: -77 [da:24:3c:10:04:4b]
RSSI: -78 [da:24:3c:1d:04:7b]
RSSI: -78 [da:24:3c:1d:04:7b]
RSSI: -79 [da:24:3c:1d:04:7b]
RSSI: -87 [da:2b:c3:ca:0b:cc]
RSSI: -80 [da:24:3c:2a:04:9b]
RSSI: -82 [da:24:3c:36:04:cb]
RSSI: -84 [da:24:3c:43:04:eb]
RSSI: -83 [da:2b:c3:f6:0c:5c]
RSSI: -79 [da:2b:c3:f6:0c:5c]
RSSI: -80 [da:24:3c:50:05:1b]
RSSI: -79 [da:2b:c3:f6:0c:5c]
RSSI: -81 [da:2b:c4:06:0c:8c]
RSSI: -81 [da:24:3c:5d:05:3b]
RSSI: -81 [da:24:3c:6a:05:5b]
RSSI: -81 [da:2b:c4:15:0c:bc]
RSSI: -81 [da:24:3c:6a:05:5b]
RSSI: -81 [da:2b:c4:22:0c:dc]
RSSI: -81 [da:24:3c:77:05:8b]
RSSI: -80 [da:2b:c4:22:0c:dc]
RSSI: -80 [da:24:3c:83:05:ab]
RSSI: -81 [da:2b:c4:31:0d:1c]
RSSI: -80 [da:24:3c:83:05:ab]
RSSI: -79 [da:2b:c4:31:0d:1c]
RSSI: -82 [da:24:3c:90:05:db]
RSSI: -81 [da:24:3c:90:05:db]
RSSI: -80 [da:24:3c:9d:05:fb]
RSSI: -79 [da:2b:c4:4d:0d:6c]
RSSI: -79 [da:2b:c4:4d:0d:6c]
RSSI: -83 [da:24:3c:aa:06:1b]
RSSI: -80 [da:24:3c:aa:06:1b]
RSSI: -76 [da:2b:c4:5d:0d:9c]
RSSI: -80 [da:24:3c:b7:06:4b]
RSSI: -78 [da:2b:c4:5d:0d:9c]
RSSI: -81 [da:24:3c:c4:06:6b]
RSSI: -83 [da:24:3c:d0:06:9b]
RSSI: -90 [da:2b:c4:79:0d:fc]
RSSI: -81 [da:24:3c:d0:06:9b]
RSSI: -81 [da:24:3c:dd:06:bb]
RSSI: -85 [da:2b:c4:89:0e:2c]
RSSI: -83 [da:24:3c:dd:06:bb]
RSSI: -82 [da:24:3c:ea:06:eb]
RSSI: -81 [da:24:3c:f7:07:0b]
RSSI: -82 [da:24:3c:f7:07:0b]
RSSI: -90 [da:2b:c4:a5:0e:8c]
RSSI: -81 [da:24:3d:04:07:2b]
RSSI: -82 [da:24:3d:04:07:2b]
RSSI: -81 [da:2b:c4:b5:0e:bc]
RSSI: -83 [da:24:3d:11:07:5b]
RSSI: -79 [da:2b:c4:b5:0e:bc]
RSSI: -83 [da:24:3d:11:07:5b]
RSSI: -78 [da:2b:c4:c4:0e:ec]
RSSI: -78 [da:2b:c4:c4:0e:ec]
RSSI: -82 [da:24:3d:1e:07:7b]
RSSI: -84 [da:24:3d:1e:07:7b]
RSSI: -75 [da:2b:c4:d1:0f:1c]
RSSI: -75 [da:2b:c4:d1:0f:1c]
RSSI: -82 [da:24:3d:2b:07:ab]
RSSI: -82 [da:24:3d:38:07:cb]
RSSI: -73 [da:2b:c4:e0:0f:4c]
RSSI: -82 [da:24:3d:38:07:cb]
RSSI: -81 [da:24:3d:38:07:cb]
RSSI: -74 [da:2b:c4:f0:0f:7c]
RSSI: -81 [da:24:3d:44:07:eb]
RSSI: -73 [da:2b:c4:f0:0f:7c]
RSSI: -82 [da:24:3d:44:07:eb]
RSSI: -85 [da:24:3d:51:08:1b]
RSSI: -73 [da:2b:c4:fd:0f:9c]
RSSI: -82 [da:24:3d:51:08:1b]
RSSI: -72 [da:2b:c4:fd:0f:9c]
RSSI: -82 [da:24:3d:5e:08:3b]
RSSI: -88 [da:24:3d:5e:08:3b]
RSSI: -73 [da:2b:c5:0c:0f:dc]
RSSI: -83 [da:24:3d:6b:08:6b]
RSSI: -83 [da:24:3d:6b:08:6b]
RSSI: -71 [da:2b:c5:1c:10:0c]
RSSI: -83 [da:24:3d:6b:08:6b]
RSSI: -71 [da:2b:c5:28:10:2c]
RSSI: -83 [da:24:3d:85:08:bb]
RSSI: -70 [da:2b:c5:28:10:2c]
RSSI: -85 [da:24:3d:85:08:bb]
RSSI: -83 [da:24:3d:91:08:db]
RSSI: -71 [da:2b:c5:38:10:5c]
RSSI: -83 [da:24:3d:91:08:db]
RSSI: -82 [da:24:3d:91:08:db]
RSSI: -82 [da:24:3d:91:08:db]
RSSI: -72 [da:2b:c5:48:10:9c]
RSSI: -82 [da:24:3d:9f:09:0b]
RSSI: -73 [da:2b:c5:48:10:9c]
RSSI: -82 [da:24:3d:9f:09:0b]
RSSI: -82 [da:24:3d:ab:09:2b]
RSSI: -71 [da:2b:c5:54:10:bc]
RSSI: -81 [da:24:3d:ab:09:2b]
RSSI: -82 [da:24:3d:b8:09:4b]
RSSI: -72 [da:2b:c5:64:10:ec]
RSSI: -82 [da:24:3d:b8:09:4b]
RSSI: -72 [da:2b:c5:64:10:ec]
RSSI: -83 [da:24:3d:b8:09:4b]
RSSI: -81 [da:24:3d:c5:09:7b]
RSSI: -73 [da:2b:c5:74:11:1c]
RSSI: -82 [da:24:3d:c5:09:7b]
RSSI: -74 [da:2b:c5:74:11:1c]
RSSI: -83 [da:24:3d:d2:09:9b]
RSSI: -82 [da:24:3d:d2:09:9b]
RSSI: -76 [da:2b:c5:80:11:4c]
RSSI: -83 [da:24:3d:df:09:bb]
RSSI: -76 [da:2b:c5:90:11:7c]
RSSI: -78 [da:2b:c5:90:11:7c]
RSSI: -79 [da:2b:c5:9f:11:ac]
RSSI: -84 [da:24:3d:ec:09:eb]
RSSI: -79 [da:2b:c5:9f:11:ac]
RSSI: -80 [da:2b:c5:9f:11:ac]
RSSI: -83 [da:24:3d:f9:0a:0b]
RSSI: -85 [da:24:3e:05:0a:3b]
RSSI: -83 [da:2b:c5:ac:11:cc]
RSSI: -86 [da:24:3e:05:0a:3b]
RSSI: -86 [da:24:3e:13:0a:5b]
RSSI: -87 [da:24:3e:13:0a:5b]
RSSI: -86 [da:24:3e:20:0a:8b]
RSSI: -93 [da:26:22:1c:04:da]
RSSI: -87 [da:24:3e:20:0a:8b]
RSSI: -86 [da:24:3e:2c:0a:ab]
RSSI: -87 [da:2b:c5:d8:12:5c]
RSSI: -90 [da:26:22:44:05:4a]
RSSI: -84 [da:2b:c5:e8:12:8c]
RSSI: -87 [da:24:3e:46:0a:fb]
RSSI: -86 [da:24:3e:46:0a:fb]
RSSI: -88 [da:24:3e:53:0b:1b]
RSSI: -86 [da:24:3e:53:0b:1b]
RSSI: -86 [da:2b:c6:04:12:dc]
RSSI: -89 [da:26:22:5e:05:8a]
RSSI: -90 [da:26:22:5e:05:8a]
RSSI: -90 [da:26:22:6b:05:aa]
RSSI: -86 [da:24:3e:6d:0b:6b]
RSSI: -82 [da:24:3e:6d:0b:6b]
RSSI: -86 [da:24:3e:7a:0b:8b]
RSSI: -93 [da:26:22:79:05:da]
RSSI: -84 [da:24:3e:7a:0b:8b]
RSSI: -85 [da:24:3e:87:0b:bb]
RSSI: -84 [da:24:3e:94:0b:db]
RSSI: -84 [da:24:3e:a0:0c:0b]
RSSI: -86 [da:24:3e:a0:0c:0b]
RSSI: -88 [da:26:22:ad:06:7a]
RSSI: -85 [da:24:3e:ae:0c:2b]
RSSI: -94 [da:2b:c6:5c:13:fc]
RSSI: -89 [da:26:22:ad:06:7a]
RSSI: -89 [da:2b:c6:5c:13:fc]
RSSI: -87 [da:26:22:bf:06:aa]
RSSI: -85 [da:24:3e:c7:0c:7b]
RSSI: -85 [da:26:22:d0:06:da]
RSSI: -86 [da:26:22:dd:06:fa]
RSSI: -88 [da:24:3e:ee:0c:eb]
RSSI: -85 [da:26:22:ea:07:2a]
RSSI: -88 [da:26:22:f7:07:4a]
RSSI: -88 [da:26:22:f7:07:4a]
RSSI: -87 [da:26:23:04:07:6a]
RSSI: -87 [da:26:23:11:07:9a]
RSSI: -88 [da:26:23:11:07:9a]
RSSI: -93 [da:2b:c6:d3:15:7c]
RSSI: -86 [da:26:23:1e:07:ba]
RSSI: -93 [da:2b:c6:d3:15:7c]
RSSI: -84 [da:26:23:2c:07:ea]
RSSI: -84 [da:26:23:2c:07:ea]
RSSI: -83 [da:26:23:38:08:0a]
RSSI: -86 [da:2b:c6:f0:15:cc]
RSSI: -83 [da:26:23:46:08:2a]
RSSI: -90 [da:29:2c:57:0b:7e]
RSSI: -87 [da:29:2c:57:0b:7e]
RSSI: -82 [da:26:23:53:08:5a]
RSSI: -85 [da:2b:c6:ff:15:fc]
RSSI: -78 [da:26:23:53:08:5a]
RSSI: -79 [da:26:23:60:08:7a]
RSSI: -85 [da:2b:c7:0c:16:2c]
RSSI: -84 [da:29:2c:72:0b:ce]
RSSI: -78 [da:26:23:6d:08:9a]
RSSI: -76 [da:26:23:7b:08:ca]
RSSI: -84 [da:29:2c:8d:0c:1e]
RSSI: -85 [da:29:2c:8d:0c:1e]
RSSI: -77 [da:26:23:88:08:ea]
RSSI: -76 [da:26:23:95:09:0a]
RSSI: -89 [da:24:3f:96:0e:eb]
RSSI: -83 [da:29:2c:a9:0c:6e]
RSSI: -73 [da:26:23:a2:09:3a]
RSSI: -87 [da:24:3f:a4:0f:0b]
RSSI: -84 [da:29:2c:b6:0c:9e]
RSSI: -83 [da:29:2c:b6:0c:9e]
RSSI: -76 [da:26:23:af:09:5a]
RSSI: -87 [da:24:3f:b0:0f:3b]
RSSI: -84 [da:29:2c:b6:0c:9e]
RSSI: -83 [da:29:2c:c4:0c:be]
RSSI: -77 [da:26:23:bd:09:8a]
RSSI: -76 [da:26:23:bd:09:8a]
RSSI: -83 [da:29:2c:d3:0c:ee]
RSSI: -73 [da:26:23:ca:09:aa]
RSSI: -82 [da:29:2c:d3:0c:ee]
RSSI: -88 [da:2b:c7:74:01:1c]
RSSI: -76 [da:26:23:ca:09:aa]
RSSI: -76 [da:26:23:e4:09:fa]
RSSI: -81 [da:29:2c:ee:0d:3e]
RSSI: -85 [da:24:3f:e4:0f:cb]
RSSI: -76 [da:26:23:e4:09:fa]
RSSI: -75 [da:26:23:e4:09:fa]
RSSI: -84 [da:24:3f:e4:0f:cb]
RSSI: -76 [da:26:23:e4:09:fa]
RSSI: -83 [da:29:2c:fc:0d:6e]
RSSI: -89 [da:24:3f:f1:0f:fb]
RSSI: -74 [da:26:23:f2:0a:1a]
RSSI: -83 [da:29:2c:fc:0d:6e]
RSSI: -85 [da:29:2c:fc:0d:6e]
RSSI: -84 [da:24:3f:f1:0f:fb]
RSSI: -77 [da:26:23:f2:0a:1a]
RSSI: -84 [da:24:3f:fe:10:1b]
RSSI: -77 [da:26:23:fe:0a:4a]
RSSI: -86 [da:24:3f:fe:10:1b]
RSSI: -75 [da:26:23:fe:0a:4a]
RSSI: -86 [da:2b:c7:b0:01:dc]
RSSI: -84 [da:24:40:0b:10:4b]
RSSI: -77 [da:26:24:0c:0a:6a]
RSSI: -83 [da:29:2d:17:0d:be]
RSSI: -84 [da:24:40:0b:10:4b]
RSSI: -84 [da:24:40:0b:10:4b]
RSSI: -77 [da:26:24:0c:0a:6a]
RSSI: -84 [da:24:40:0b:10:4b]
RSSI: -84 [da:2b:c7:bc:02:0c]
RSSI: -77 [da:26:24:19:0a:8a]
RSSI: -85 [da:29:2d:26:0d:de]
RSSI: -83 [da:24:40:18:10:6b]
RSSI: -77 [da:26:24:19:0a:8a]
RSSI: -85 [da:2b:c7:cc:02:3c]
RSSI: -83 [da:24:40:25:10:9b]
RSSI: -78 [da:26:24:26:0a:ba]
RSSI: -76 [da:26:24:26:0a:ba]
RSSI: -82 [da:24:40:32:10:bb]
RSSI: -79 [da:26:24:33:0a:da]
RSSI: -82 [da:24:40:32:10:bb]
RSSI: -87 [da:29:2d:41:0e:2e]
RSSI: -79 [da:26:24:33:0a:da]
RSSI: -87 [da:2b:c7:e9:02:8c]
RSSI: -87 [da:29:2d:4f:0e:5e]
RSSI: -81 [da:26:24:41:0b:0a]
RSSI: -82 [da:24:40:3f:10:db]
RSSI: -82 [da:24:40:4c:11:0b]
RSSI: -90 [da:2b:c7:f8:02:bc]
RSSI: -81 [da:26:24:4d:0b:2a]
RSSI: -82 [da:24:40:59:11:2b]
RSSI: -83 [da:26:24:5b:0b:4a]
RSSI: -89 [da:29:2d:6a:0e:9e]
RSSI: -85 [da:24:40:66:11:5b]
RSSI: -82 [da:24:40:66:11:5b]
RSSI: -87 [da:26:24:68:0b:7a]
RSSI: -82 [da:24:40:73:11:7b]
RSSI: -83 [da:24:40:80:11:9b]
RSSI: -85 [da:24:40:80:11:9b]
RSSI: -86 [da:26:24:82:0b:ba]
RSSI: -84 [da:24:40:8d:11:cb]
RSSI: -84 [da:26:24:90:0b:ea]
RSSI: -84 [da:26:24:90:0b:ea]
RSSI: -84 [da:24:40:9a:11:eb]
RSSI: -83 [da:26:24:9c:0c:0a]
RSSI: -84 [da:24:40:9a:11:eb]
RSSI: -86 [da:26:24:aa:0c:3a]
RSSI: -83 [da:24:40:a7:12:1b]
RSSI: -81 [da:26:24:aa:0c:3a]
RSSI: -91 [da:29:2d:bd:0f:9e]
RSSI: -84 [da:24:40:b4:12:3b]
RSSI: -86 [da:26:24:b7:0c:5a]
RSSI: -84 [da:24:40:c1:12:6b]
RSSI: -84 [da:26:24:c4:0c:7a]
RSSI: -90 [da:26:24:c4:0c:7a]
RSSI: -82 [da:24:40:ce:12:8b]
RSSI: -82 [da:24:40:db:12:ab]
RSSI: -92 [da:2b:c8:99:04:bc]
RSSI: -81 [da:24:40:f5:12:fb]
RSSI: -88 [da:2b:c8:a9:04:ec]
RSSI: -91 [da:26:25:07:0d:3a]
RSSI: -81 [da:24:41:02:13:2b]
RSSI: -87 [da:2b:c8:b9:05:1c]
RSSI: -88 [da:2b:c8:b9:05:1c]
RSSI: -81 [da:24:41:0f:13:4b]
RSSI: -88 [da:2b:c8:c5:05:4c]
RSSI: -82 [da:24:41:1c:13:7b]
RSSI: -88 [da:2b:c8:c5:05:4c]
RSSI: -83 [da:24:41:29:13:9b]
RSSI: -83 [da:24:41:29:13:9b]
RSSI: -90 [da:2b:c8:d5:05:7c]
RSSI: -83 [da:24:41:36:13:bb]
RSSI: -84 [da:24:41:36:13:bb]
RSSI: -85 [da:24:41:43:13:eb]
RSSI: -86 [da:24:41:50:14:0b]
RSSI: -87 [da:24:41:5d:14:2b]
RSSI: -89 [da:24:41:6a:14:5b]
RSSI: -91 [da:24:41:77:14:7b]
RSSI: -87 [da:24:41:84:14:9b]
RSSI: -89 [da:24:41:91:14:cb]
RSSI: -92 [da:2b:c9:4a:06:ec]
RSSI: -87 [da:24:41:9e:14:eb]
RSSI: -85 [da:24:41:ab:15:1b]
RSSI: -88 [da:24:41:ab:15:1b]
RSSI: -85 [da:24:41:b8:15:3b]
RSSI: -86 [da:24:41:c6:15:5b]
RSSI: -85 [da:24:41:c6:15:5b]
RSSI: -84 [da:24:41:d2:15:8b]
RSSI: -86 [da:24:41:d2:15:8b]
RSSI: -86 [da:24:41:e0:15:ab]
RSSI: -85 [da:24:41:e0:15:ab]
RSSI: -86 [da:24:41:ed:15:db]
RSSI: -85 [da:24:41:ed:15:db]
RSSI: -85 [da:24:41:f9:15:fb]
RSSI: -84 [da:24:42:07:16:2b]
RSSI: -84 [da:24:42:07:16:2b]
RSSI: -85 [da:24:42:14:16:4b]
RSSI: -85 [da:2b:c9:c2:08:6c]
RSSI: -83 [da:24:42:14:16:4b]
RSSI: -85 [da:2b:c9:c2:08:6c]
RSSI: -92 [da:26:26:29:10:8a]
RSSI: -86 [da:2b:c9:cf:08:8c]
RSSI: -83 [da:24:42:2e:00:2b]
RSSI: -81 [da:24:42:3b:00:4b]
RSSI: -89 [da:26:26:45:10:ca]
RSSI: -83 [da:24:42:48:00:7b]
RSSI: -85 [da:2b:c9:fb:09:1c]
RSSI: -85 [da:2b:c9:fb:09:1c]
RSSI: -84 [da:24:42:55:00:9b]
RSSI: -82 [da:24:42:62:00:cb]
RSSI: -87 [da:2b:ca:0b:09:5c]
RSSI: -83 [da:24:42:6f:00:eb]
RSSI: -88 [da:26:26:79:11:6a]
RSSI: -87 [da:26:26:79:11:6a]
RSSI: -84 [da:24:42:7c:01:1b]
RSSI: -89 [da:26:26:87:11:8a]
RSSI: -81 [da:24:42:89:01:3b]
RSSI: -88 [da:26:26:87:11:8a]
RSSI: -79 [da:24:42:96:01:5b]
RSSI: -90 [da:26:26:94:11:ba]
RSSI: -80 [da:24:42:96:01:5b]
RSSI: -90 [da:2b:ca:47:0a:1c]
RSSI: -82 [da:24:42:a3:01:8b]
RSSI: -80 [da:24:42:a3:01:8b]
RSSI: -79 [da:24:42:bd:01:db]
RSSI: -78 [da:24:42:bd:01:db]
RSSI: -79 [da:24:42:cb:01:fb]
RSSI: -78 [da:24:42:cb:01:fb]
RSSI: -77 [da:24:42:d8:02:2b]
RSSI: -78 [da:24:42:d8:02:2b]
RSSI: -77 [da:24:42:e4:02:4b]
RSSI: -77 [da:24:42:e4:02:4b]
RSSI: -76 [da:24:42:e4:02:4b]
RSSI: -77 [da:24:42:f2:02:6b]
RSSI: -90 [da:2b:ca:a0:0b:3c]
RSSI: -77 [da:24:42:f2:02:6b]
RSSI: -76 [da:24:42:ff:02:9b]
RSSI: -79 [da:24:42:ff:02:9b]
RSSI: -91 [da:2b:ca:ad:0b:5c]
RSSI: -77 [da:24:43:0c:02:bb]
RSSI: -77 [da:24:43:0c:02:bb]
RSSI: -90 [da:2b:ca:bc:0b:8c]
RSSI: -78 [da:24:43:19:02:eb]
RSSI: -79 [da:24:43:19:02:eb]
RSSI: -78 [da:24:43:26:03:0b]
RSSI: -82 [da:24:43:26:03:0b]
RSSI: -82 [da:24:43:33:03:3b]
RSSI: -78 [da:24:43:33:03:3b]
RSSI: -86 [da:2b:ca:e9:0c:1c]
RSSI: -81 [da:24:43:40:03:5b]
RSSI: -85 [da:2b:ca:f9:0c:4c]
RSSI: -83 [da:24:43:4d:03:8b]
RSSI: -82 [da:24:43:4d:03:8b]
RSSI: -83 [da:24:43:4d:03:8b]
RSSI: -82 [da:24:43:5a:03:ab]
RSSI: -87 [da:2b:cb:05:0c:7c]
RSSI: -83 [da:24:43:5a:03:ab]
RSSI: -81 [da:24:43:68:03:db]
RSSI: -88 [da:2b:cb:15:0c:ac]
RSSI: -86 [da:2b:cb:15:0c:ac]
RSSI: -83 [da:2b:cb:25:0c:dc]
RSSI: -83 [da:24:43:81:04:1b]
RSSI: -83 [da:2b:cb:32:0d:0c]
RSSI: -84 [da:24:43:8f:04:4b]
RSSI: -85 [da:24:43:8f:04:4b]
RSSI: -87 [da:2b:cb:42:0d:3c]
RSSI: -83 [da:2b:cb:42:0d:3c]
RSSI: -85 [da:24:43:9c:04:6b]
RSSI: -89 [da:24:43:c3:04:eb]
RSSI: -84 [da:2b:cb:6e:0d:cc]
RSSI: -87 [da:24:43:dd:05:3b]
RSSI: -85 [da:24:43:eb:05:5b]
RSSI: -92 [da:2b:cb:9b:0e:4c]
RSSI: -88 [da:24:43:f7:05:7b]
RSSI: -86 [da:2b:cb:9b:0e:4c]
RSSI: -85 [da:24:44:05:05:ab]
RSSI: -84 [da:24:44:05:05:ab]
RSSI: -84 [da:2b:cb:b7:0e:ac]
RSSI: -84 [da:24:44:12:05:cb]
RSSI: -81 [da:24:44:1f:05:fb]
RSSI: -79 [da:2b:cb:c7:0e:dc]
RSSI: -85 [da:24:44:1f:05:fb]
RSSI: -80 [da:2b:cb:d7:0f:0c]
RSSI: -78 [da:2b:cb:d7:0f:0c]
RSSI: -85 [da:24:44:39:06:4b]
RSSI: -81 [da:24:44:39:06:4b]
RSSI: -77 [da:2b:cb:e4:0f:3c]
RSSI: -82 [da:24:44:39:06:4b]
RSSI: -80 [da:2b:cb:f4:0f:6c]
RSSI: -85 [da:24:44:46:06:6b]
RSSI: -80 [da:2b:cb:f4:0f:6c]
RSSI: -82 [da:24:44:46:06:6b]
RSSI: -76 [da:2b:cc:03:0f:9c]
RSSI: -76 [da:2b:cc:10:0f:cc]
RSSI: -75 [da:2b:cc:20:0f:fc]
RSSI: -74 [da:2b:cc:20:0f:fc]
RSSI: -83 [da:24:44:83:07:1b]
RSSI: -82 [da:24:44:83:07:1b]
RSSI: -82 [da:24:44:83:07:1b]
RSSI: -74 [da:2b:cc:3d:10:5c]
RSSI: -76 [da:2b:cc:3d:10:5c]
RSSI: -82 [da:24:44:9d:07:6b]
RSSI: -74 [da:2b:cc:4d:10:8c]
RSSI: -81 [da:24:44:aa:07:9b]
RSSI: -75 [da:2b:cc:5c:10:bc]
RSSI: -81 [da:24:44:aa:07:9b]
RSSI: -76 [da:2b:cc:5c:10:bc]
RSSI: -85 [da:24:44:b8:07:bb]
RSSI: -82 [da:24:44:b8:07:bb]
RSSI: -78 [da:2b:cc:69:10:ec]
RSSI: -81 [da:24:44:c4:07:eb]
RSSI: -77 [da:2b:cc:69:10:ec]
RSSI: -81 [da:24:44:c4:07:eb]
RSSI: -85 [da:24:44:c4:07:eb]
RSSI: -79 [da:2b:cc:79:11:1c]
RSSI: -85 [da:24:44:d2:08:0b]
RSSI: -82 [da:24:44:d2:08:0b]
RSSI: -78 [da:2b:cc:89:11:4c]
RSSI: -85 [da:24:44:df:08:3b]
RSSI: -86 [da:24:44:df:08:3b]
RSSI: -81 [da:2b:cc:96:11:7c]
RSSI: -82 [da:24:44:ec:08:5b]
RSSI: -82 [da:2b:cc:96:11:7c]
RSSI: -86 [da:24:44:ec:08:5b]
RSSI: -83 [da:2b:cc:96:11:7c]
RSSI: -81 [da:24:44:f9:08:7b]
RSSI: -86 [da:2b:cc:a6:11:ac]
RSSI: -84 [da:24:45:07:08:ab]
RSSI: -81 [da:24:45:13:08:cb]
RSSI: -82 [da:24:45:13:08:cb]
RSSI: -81 [da:24:45:21:08:fb]
RSSI: -84 [da:2b:cc:d2:12:3c]
RSSI: -81 [da:24:45:2e:09:1b]
RSSI: -85 [da:2b:cc:e2:12:6c]
RSSI: -82 [da:24:45:3b:09:4b]
RSSI: -81 [da:2b:cc:ef:12:8c]
RSSI: -81 [da:24:45:48:09:6b]
RSSI: -84 [da:2b:cc:ef:12:8c]
RSSI: -82 [da:24:45:48:09:6b]
RSSI: -82 [da:2b:cc:ff:12:cc]
RSSI: -80 [da:24:45:56:09:9b]
RSSI: -85 [da:2b:cd:0f:12:fc]
RSSI: -86 [da:2b:cd:0f:12:fc]
RSSI: -82 [da:24:45:62:09:bb]
RSSI: -86 [da:2b:cd:0f:12:fc]
RSSI: -83 [da:24:45:70:09:eb]
RSSI: -85 [da:2b:cd:1b:13:1c]
RSSI: -83 [da:24:45:70:09:eb]
RSSI: -88 [da:2b:cd:1b:13:1c]
RSSI: -79 [da:24:45:7d:0a:0b]
RSSI: -80 [da:24:45:7d:0a:0b]
RSSI: -91 [da:26:29:8c:04:0a]
RSSI: -85 [da:24:45:8a:0a:2b]
RSSI: -87 [da:24:45:97:0a:5b]
RSSI: -86 [da:24:45:97:0a:5b]
RSSI: -80 [da:24:45:a5:0a:8b]
RSSI: -84 [da:24:45:a5:0a:8b]
RSSI: -86 [da:2b:cd:58:13:dc]
RSSI: -84 [da:24:45:b1:0a:ab]
RSSI: -86 [da:2b:cd:58:13:dc]
RSSI: -80 [da:24:45:b1:0a:ab]
RSSI: -85 [da:24:45:bf:0a:db]
RSSI: -85 [da:2b:cd:68:14:0c]
RSSI: -85 [da:24:45:bf:0a:db]
RSSI: -85 [da:2b:cd:75:14:3c]
RSSI: -81 [da:24:45:cc:0a:fb]
RSSI: -85 [da:2b:cd:75:14:3c]
RSSI: -83 [da:24:45:cc:0a:fb]
RSSI: -83 [da:24:45:d9:0b:1b]
RSSI: -86 [da:2b:cd:85:14:6c]
RSSI: -81 [da:24:45:d9:0b:1b]
RSSI: -83 [da:24:45:e6:0b:4b]
RSSI: -87 [da:2b:cd:95:14:9c]
RSSI: -83 [da:24:45:e6:0b:4b]
RSSI: -83 [da:24:45:f4:0b:7b]
RSSI: -86 [da:2b:cd:a1:14:cc]
RSSI: -81 [da:24:46:00:0b:9b]
RSSI: -89 [da:26:2a:04:05:6a]
RSSI: -86 [da:2b:cd:b1:14:fc]
RSSI: -84 [da:24:46:0e:0b:cb]
RSSI: -91 [da:26:2a:11:05:8a]
RSSI: -84 [da:24:46:0e:0b:cb]
RSSI: -83 [da:2b:cd:c1:15:2c]
RSSI: -90 [da:26:2a:11:05:8a]
RSSI: -86 [da:24:46:1b:0b:eb]
RSSI: -85 [da:2b:cd:ce:15:4c]
RSSI: -91 [da:26:2a:1f:05:aa]
RSSI: -86 [da:2b:cd:ce:15:4c]
RSSI: -84 [da:2b:cd:ce:15:4c]
RSSI: -83 [da:24:46:28:0c:0b]
RSSI: -86 [da:2b:cd:de:15:7c]
RSSI: -84 [da:24:46:35:0c:3b]
RSSI: -86 [da:2b:cd:de:15:7c]
RSSI: -87 [da:24:46:43:0c:5b]
RSSI: -88 [da:2b:cd:ee:15:bc]
RSSI: -87 [da:24:46:43:0c:5b]
RSSI: -85 [da:24:46:43:0c:5b]
RSSI: -85 [da:24:46:50:0c:8b]
RSSI: -82 [da:2b:cd:fb:15:dc]
RSSI: -85 [da:24:46:50:0c:8b]
RSSI: -88 [da:24:46:50:0c:8b]
RSSI: -86 [da:24:46:5d:0c:ab]
RSSI: -86 [da:24:46:5d:0c:ab]
RSSI: -81 [da:2b:ce:0b:16:0c]
RSSI: -89 [da:26:2a:61:06:6a]
RSSI: -90 [da:2b:ce:1b:16:3c]
RSSI: -87 [da:24:46:6b:0c:db]
RSSI: -91 [da:2b:ce:27:16:6c]
RSSI: -91 [da:2b:ce:27:16:6c]
RSSI: -88 [da:26:2a:97:07:0a]
RSSI: -90 [da:24:46:92:0d:4b]
RSSI: -88 [da:2b:ce:48:00:3c]
RSSI: -89 [da:26:2a:97:07:0a]
RSSI: -88 [da:2b:ce:48:00:3c]
RSSI: -87 [da:26:2a:a5:07:2a]
RSSI: -90 [da:26:2a:c0:07:7a]
RSSI: -93 [da:26:2a:cd:07:9a]
RSSI: -90 [da:29:33:ec:0a:fe]
RSSI: -88 [da:26:2a:e8:07:da]
RSSI: -88 [da:29:33:fb:0b:2e]
RSSI: -92 [da:24:46:fc:0e:8b]
RSSI: -85 [da:26:2b:02:08:2a]
RSSI: -91 [da:24:47:16:0e:db]
RSSI: -86 [da:29:34:25:0b:9e]
RSSI: -82 [da:26:2b:1e:08:7a]
RSSI: -88 [da:24:47:16:0e:db]
RSSI: -86 [da:29:34:25:0b:9e]
RSSI: -81 [da:26:2b:1e:08:7a]
RSSI: -87 [da:29:34:34:0b:ce]
RSSI: -81 [da:26:2b:2b:08:9a]
RSSI: -81 [da:26:2b:2b:08:9a]
RSSI: -83 [da:29:34:40:0b:ee]
RSSI: -80 [da:26:2b:39:08:ca]
RSSI: -88 [da:24:47:3d:0f:4b]
RSSI: -83 [da:29:34:4f:0c:1e]
RSSI: -84 [da:29:34:4f:0c:1e]
RSSI: -78 [da:26:2b:46:08:fa]
RSSI: -84 [da:24:47:4b:0f:7b]
RSSI: -83 [da:24:47:58:0f:9b]
RSSI: -79 [da:26:2b:61:09:3a]
RSSI: -85 [da:24:47:65:0f:cb]
RSSI: -76 [da:26:2b:6f:09:6a]
RSSI: -83 [da:29:34:79:0c:9e]
RSSI: -85 [da:24:47:73:0f:eb]
RSSI: -84 [da:29:34:88:0c:be]
RSSI: -78 [da:26:2b:7b:09:8a]
RSSI: -85 [da:24:47:80:10:1b]
RSSI: -87 [da:24:47:80:10:1b]
RSSI: -78 [da:26:2b:89:09:ba]
RSSI: -85 [da:29:34:95:0c:ee]
RSSI: -78 [da:26:2b:89:09:ba]
RSSI: -82 [da:29:34:95:0c:ee]
RSSI: -77 [da:26:2b:97:09:da]
RSSI: -83 [da:29:34:a4:0d:1e]
RSSI: -83 [da:29:34:a4:0d:1e]
RSSI: -79 [da:26:2b:a4:09:fa]
RSSI: -76 [da:26:2b:a4:09:fa]
RSSI: -83 [da:29:34:b2:0d:3e]
RSSI: -79 [da:26:2b:b2:0a:2a]
RSSI: -83 [da:29:34:bf:0d:6e]
RSSI: -83 [da:29:34:bf:0d:6e]
RSSI: -77 [da:26:2b:bf:0a:4a]
RSSI: -83 [da:24:47:c2:10:db]
RSSI: -83 [da:29:34:ce:0d:8e]
RSSI: -80 [da:26:2b:bf:0a:4a]
RSSI: -83 [da:24:47:c2:10:db]
RSSI: -85 [da:29:34:ce:0d:8e]
RSSI: -81 [da:24:47:d0:10:fb]
RSSI: -78 [da:26:2b:cc:0a:7a]
RSSI: -85 [da:29:34:dd:0d:be]
RSSI: -85 [da:29:34:dd:0d:be]
RSSI: -80 [da:26:2b:da:0a:9a]
RSSI: -81 [da:26:2b:da:0a:9a]
RSSI: -85 [da:29:34:e9:0d:de]
RSSI: -81 [da:24:47:dc:11:2b]
RSSI: -81 [da:26:2b:da:0a:9a]
RSSI: -85 [da:29:34:e9:0d:de]
RSSI: -82 [da:26:2b:e8:0a:ca]
RSSI: -80 [da:24:47:ea:11:4b]
RSSI: -88 [da:29:34:f8:0e:0e]
RSSI: -83 [da:24:47:f7:11:7b]
RSSI: -81 [da:26:2b:f4:0a:ea]
RSSI: -80 [da:24:47:f7:11:7b]
RSSI: -81 [da:24:48:04:11:9b]
RSSI: -83 [da:26:2c:02:0b:1a]
RSSI: -84 [da:24:48:04:11:9b]
RSSI: -80 [da:24:48:12:11:cb]
RSSI: -84 [da:26:2c:10:0b:3a]
RSSI: -81 [da:24:48:12:11:cb]
RSSI: -86 [da:26:2c:10:0b:3a]
RSSI: -81 [da:24:48:12:11:cb]
RSSI: -86 [da:26:2c:1d:0b:5a]
RSSI: -84 [da:24:48:1f:11:eb]
RSSI: -88 [da:26:2c:1d:0b:5a]
RSSI: -81 [da:24:48:1f:11:eb]
RSSI: -82 [da:24:48:2c:12:1b]
RSSI: -84 [da:24:48:2c:12:1b]
RSSI: -82 [da:24:48:3a:12:3b]
RSSI: -83 [da:24:48:3a:12:3b]
RSSI: -87 [da:26:2c:45:0b:da]
RSSI: -95 [da:2b:cf:f7:05:8c]
RSSI: -82 [da:24:48:61:12:bb]
RSSI: -81 [da:24:48:6f:12:db]
RSSI: -87 [da:26:2c:7c:0c:7a]
RSSI: -94 [da:29:35:92:0f:ce]
RSSI: -90 [da:26:2c:89:0c:9a]
RSSI: -80 [da:24:48:89:13:2b]
RSSI: -81 [da:24:48:97:13:5b]
RSSI: -82 [da:24:48:97:13:5b]
RSSI: -82 [da:24:48:b1:13:ab]
RSSI: -84 [da:24:48:b1:13:ab]
RSSI: -82 [da:24:48:be:13:cb]
RSSI: -84 [da:24:48:be:13:cb]
RSSI: -85 [da:24:48:cb:13:eb]
RSSI: -84 [da:24:48:cb:13:eb]
RSSI: -92 [da:26:2c:da:0d:8a]
RSSI: -86 [da:24:48:d9:14:1b]
RSSI: -90 [da:26:2c:da:0d:8a]
RSSI: -86 [da:24:48:e6:14:3b]
RSSI: -87 [da:24:48:e6:14:3b]
RSSI: -87 [da:24:49:01:14:8b]
RSSI: -85 [da:24:49:36:15:2b]
RSSI: -99 [da:29:36:3c:11:be]
RSSI: -86 [da:24:49:43:15:4b]
RSSI: -85 [da:24:49:43:15:4b]
RSSI: -85 [da:24:49:50:15:7b]
RSSI: -85 [da:24:49:50:15:7b]
RSSI: -85 [da:24:49:5e:15:9b]
RSSI: -85 [da:24:49:5e:15:9b]
RSSI: -85 [da:24:49:6b:15:cb]
RSSI: -85 [da:24:49:6b:15:cb]
RSSI: -85 [da:24:49:78:15:eb]
RSSI: -85 [da:24:49:78:15:eb]
RSSI: -85 [da:24:49:86:16:1b]
RSSI: -86 [da:24:49:86:16:1b]
RSSI: -85 [da:24:49:93:16:3b]
RSSI: -84 [da:24:49:a0:16:6b]
RSSI: -93 [da:2b:d1:5f:0a:0c]
RSSI: -83 [da:24:49:ae:00:0b]
RSSI: -83 [da:24:49:bb:00:2b]
RSSI: -83 [da:24:49:bb:00:2b]
RSSI: -83 [da:24:49:c8:00:4b]
RSSI: -82 [da:24:49:c8:00:4b]
RSSI: -91 [da:26:2d:cd:10:4a]
RSSI: -89 [da:2b:d1:79:0a:5c]
RSSI: -90 [da:2b:d1:92:0a:ac]
RSSI: -82 [da:24:49:e2:00:9b]
RSSI: -83 [da:24:49:f0:00:cb]
RSSI: -85 [da:24:49:f0:00:cb]
RSSI: -86 [da:24:49:fe:00:eb]
RSSI: -82 [da:24:49:fe:00:eb]
RSSI: -85 [da:24:4a:0a:01:1b]
RSSI: -89 [da:24:4a:0a:01:1b]
RSSI: -81 [da:24:4a:18:01:3b]
RSSI: -86 [da:24:4a:18:01:3b]
RSSI: -91 [da:26:2e:1f:11:3a]
RSSI: -88 [da:2b:d1:c5:0b:4c]
RSSI: -89 [da:2b:d1:d1:0b:7c]
RSSI: -81 [da:24:4a:26:01:6b]
RSSI: -88 [da:2b:d1:de:0b:9c]
RSSI: -84 [da:24:4a:32:01:8b]
RSSI: -89 [da:24:4a:32:01:8b]
RSSI: -88 [da:26:2e:39:11:7a]
RSSI: -79 [da:24:4a:40:01:bb]
RSSI: -82 [da:24:4a:40:01:bb]
RSSI: -89 [da:26:2e:47:11:aa]
RSSI: -79 [da:24:4a:4e:01:db]
RSSI: -89 [da:26:2e:54:11:ca]
RSSI: -84 [da:2b:d2:04:0c:1c]
RSSI: -88 [da:24:4a:5a:01:fb]
RSSI: -78 [da:24:4a:68:02:2b]
RSSI: -86 [da:2b:d2:1e:0c:6c]
RSSI: -77 [da:24:4a:76:02:4b]
RSSI: -84 [da:2b:d2:2a:0c:8c]
RSSI: -87 [da:24:4a:82:02:7b]
RSSI: -87 [da:2b:d2:37:0c:bc]
RSSI: -77 [da:24:4a:90:02:9b]
RSSI: -86 [da:2b:d2:37:0c:bc]
RSSI: -77 [da:24:4a:90:02:9b]
RSSI: -88 [da:2b:d2:44:0c:ec]
RSSI: -89 [da:26:2e:98:12:9a]
RSSI: -87 [da:2b:d2:44:0c:ec]
RSSI: -76 [da:24:4a:9e:02:cb]
RSSI: -77 [da:24:4a:9e:02:cb]
RSSI: -88 [da:2b:d2:50:0d:0c]
RSSI: -79 [da:24:4a:ab:02:eb]
RSSI: -89 [da:26:2e:a5:12:ba]
RSSI: -82 [da:2b:d2:5d:0d:3c]
RSSI: -76 [da:24:4a:ab:02:eb]
RSSI: -84 [da:2b:d2:5d:0d:3c]
RSSI: -76 [da:24:4a:b8:03:1b]
RSSI: -82 [da:2b:d2:6a:0d:5c]
RSSI: -76 [da:24:4a:b8:03:1b]
RSSI: -82 [da:2b:d2:6a:0d:5c]
RSSI: -75 [da:24:4a:c6:03:3b]
RSSI: -75 [da:24:4a:c6:03:3b]
RSSI: -83 [da:2b:d2:77:0d:8c]
RSSI: -74 [da:24:4a:c6:03:3b]
RSSI: -74 [da:24:4a:d3:03:6b]
RSSI: -83 [da:2b:d2:83:0d:ac]
RSSI: -74 [da:24:4a:e0:03:8b]
RSSI: -80 [da:2b:d2:90:0d:dc]
RSSI: -74 [da:24:4a:ee:03:bb]
RSSI: -84 [da:2b:d2:9d:0d:fc]
RSSI: -75 [da:24:4a:fb:03:db]
RSSI: -88 [da:2b:d2:aa:0e:2c]
RSSI: -74 [da:24:4b:08:04:0b]
RSSI: -76 [da:24:4b:16:04:2b]
RSSI: -83 [da:2b:d2:d0:0e:ac]
RSSI: -75 [da:24:4b:23:04:5b]
RSSI: -82 [da:2b:d2:d0:0e:ac]
RSSI: -76 [da:24:4b:23:04:5b]
RSSI: -77 [da:24:4b:31:04:7b]
RSSI: -76 [da:24:4b:31:04:7b]
RSSI: -76 [da:24:4b:3e:04:ab]
RSSI: -80 [da:2b:d2:e9:0e:fc]
RSSI: -76 [da:24:4b:3e:04:ab]
RSSI: -77 [da:2b:d2:f6:0f:1c]
RSSI: -77 [da:2b:d2:f6:0f:1c]
RSSI: -78 [da:24:4b:4b:04:cb]
RSSI: -78 [da:24:4b:4b:04:cb]
RSSI: -78 [da:2b:d3:03:0f:4c]
RSSI: -81 [da:24:4b:59:04:fb]
RSSI: -79 [da:24:4b:59:04:fb]
RSSI: -79 [da:24:4b:59:04:fb]
RSSI: -75 [da:2b:d3:10:0f:7c]
RSSI: -83 [da:24:4b:66:05:1b]
RSSI: -82 [da:24:4b:66:05:1b]
RSSI: -78 [da:24:4b:73:05:4b]
RSSI: -74 [da:2b:d3:1c:0f:9c]
RSSI: -84 [da:24:4b:73:05:4b]
RSSI: -76 [da:2b:d3:29:0f:cc]
RSSI: -79 [da:24:4b:81:05:6b]
RSSI: -74 [da:2b:d3:36:0f:ec]
RSSI: -79 [da:24:4b:8e:05:9b]
RSSI: -73 [da:2b:d3:43:10:1c]
RSSI: -79 [da:24:4b:9b:05:bb]
RSSI: -75 [da:2b:d3:4f:10:3c]
RSSI: -79 [da:24:4b:a9:05:eb]
RSSI: -77 [da:24:4b:b7:06:0b]
RSSI: -73 [da:2b:d3:69:10:8c]
RSSI: -79 [da:24:4b:c3:06:3b]
RSSI: -79 [da:24:4b:c3:06:3b]
RSSI: -76 [da:2b:d3:75:10:bc]
RSSI: -81 [da:24:4b:d1:06:5b]
RSSI: -81 [da:24:4b:d1:06:5b]
RSSI: -73 [da:2b:d3:82:10:dc]
RSSI: -80 [da:24:4b:d1:06:5b]
RSSI: -83 [da:24:4b:df:06:8b]
RSSI: -82 [da:24:4b:df:06:8b]
RSSI: -75 [da:2b:d3:8f:11:0c]
RSSI: -81 [da:24:4b:eb:06:ab]
RSSI: -78 [da:2b:d3:9c:11:2c]
RSSI: -82 [da:24:4b:f9:06:db]
RSSI: -77 [da:2b:d3:a9:11:5c]
RSSI: -80 [da:24:4b:f9:06:db]
RSSI: -81 [da:24:4c:07:07:0b]
RSSI: -80 [da:24:4c:14:07:2b]
RSSI: -86 [da:2b:d3:c2:11:ac]
RSSI: -81 [da:24:4c:21:07:5b]
RSSI: -81 [da:24:4c:2f:07:7b]
RSSI: -80 [da:24:4c:3c:07:ab]
RSSI: -83 [da:24:4c:4a:07:cb]
RSSI: -91 [da:2b:d3:f5:12:4c]
RSSI: -81 [da:24:4c:57:07:fb]
RSSI: -82 [da:24:4c:57:07:fb]
RSSI: -82 [da:24:4c:64:08:1b]
RSSI: -80 [da:24:4c:64:08:1b]
RSSI: -81 [da:24:4c:72:08:4b]
RSSI: -86 [da:24:4c:72:08:4b]
RSSI: -81 [da:24:4c:80:08:6b]
RSSI: -81 [da:24:4c:80:08:6b]
RSSI: -81 [da:24:4c:8c:08:9b]
RSSI: -85 [da:24:4c:9a:08:bb]
RSSI: -81 [da:24:4c:a8:08:eb]
RSSI: -81 [da:24:4c:a8:08:eb]
RSSI: -80 [da:24:4c:b5:09:0b]
RSSI: -81 [da:24:4c:c2:09:3b]
RSSI: -79 [da:24:4c:d0:09:5b]
RSSI: -80 [da:24:4c:dd:09:8b]
RSSI: -91 [da:2b:d4:8f:14:2c]
RSSI: -78 [da:24:4c:dd:09:8b]
RSSI: -81 [da:24:4c:eb:09:ab]
RSSI: -82 [da:24:4c:eb:09:ab]
RSSI: -78 [da:24:4c:f8:09:db]
RSSI: -82 [da:24:4c:f8:09:db]
RSSI: -89 [da:2b:d4:a8:14:7c]
RSSI: -83 [da:24:4d:05:09:fb]
RSSI: -79 [da:24:4d:05:09:fb]
RSSI: -83 [da:24:4d:13:0a:2b]
RSSI: -79 [da:24:4d:21:0a:5b]
RSSI: -87 [da:2b:d4:cf:14:fc]
RSSI: -83 [da:24:4d:21:0a:5b]
RSSI: -84 [da:24:4d:2d:0a:7b]
RSSI: -81 [da:24:4d:2d:0a:7b]
RSSI: -81 [da:24:4d:2d:0a:7b]
RSSI: -86 [da:24:4d:3b:0a:ab]
RSSI: -85 [da:24:4d:49:0a:cb]
RSSI: -85 [da:24:4d:56:0a:fb]
RSSI: -86 [da:24:4d:64:0b:1b]
RSSI: -85 [da:24:4d:71:0b:4b]
RSSI: -87 [da:24:4d:71:0b:4b]
RSSI: -90 [da:2b:d5:28:16:1c]
RSSI: -87 [da:24:4d:7e:0b:6b]
RSSI: -84 [da:24:4d:7e:0b:6b]
RSSI: -83 [da:24:4d:9a:0b:bb]
RSSI: -87 [da:24:4d:9a:0b:bb]
RSSI: -87 [da:24:4d:9a:0b:bb]
RSSI: -83 [da:24:4d:a6:0b:db]
RSSI: -83 [da:24:4d:a6:0b:db]
RSSI: -89 [da:24:4d:b4:0c:0b]
RSSI: -89 [da:26:31:d1:05:9a]
RSSI: -84 [da:24:4d:cf:0c:5b]
RSSI: -94 [da:26:31:dd:05:ba]
RSSI: -91 [da:24:4e:05:0c:fb]
RSSI: -92 [da:2b:d5:c3:01:6c]
RSSI: -90 [da:24:4e:3b:0d:9b]
RSSI: -87 [da:26:32:3e:06:da]
RSSI: -91 [da:26:32:58:07:2a]
RSSI: -88 [da:26:32:67:07:4a]
RSSI: -90 [da:26:32:75:07:7a]
RSSI: -90 [da:26:32:81:07:9a]
RSSI: -90 [da:26:32:9e:07:ea]
RSSI: -90 [da:26:32:aa:08:0a]
RSSI: -91 [da:26:32:aa:08:0a]
RSSI: -89 [da:29:3b:cb:0b:7e]
RSSI: -87 [da:24:4e:c1:0f:3b]
RSSI: -83 [da:26:32:c7:08:5a]
RSSI: -84 [da:26:32:d3:08:8a]
RSSI: -84 [da:26:32:d3:08:8a]
RSSI: -82 [da:26:32:e2:08:aa]
RSSI: -85 [da:24:4e:ea:0f:ab]
RSSI: -83 [da:26:32:e2:08:aa]
RSSI: -87 [da:29:3b:f6:0b:fe]
RSSI: -85 [da:24:4e:ea:0f:ab]
RSSI: -87 [da:29:3b:f6:0b:fe]
RSSI: -80 [da:26:32:f0:08:da]
RSSI: -87 [da:29:3c:05:0c:2e]
RSSI: -89 [da:29:3c:05:0c:2e]
RSSI: -84 [da:24:4e:f8:0f:db]
RSSI: -82 [da:26:32:fd:08:fa]
RSSI: -86 [da:29:3c:05:0c:2e]
RSSI: -81 [da:26:32:fd:08:fa]
RSSI: -79 [da:26:32:fd:08:fa]
RSSI: -88 [da:24:4f:06:0f:fb]
RSSI: -81 [da:26:33:0b:09:2a]
RSSI: -84 [da:29:3c:11:0c:4e]
RSSI: -81 [da:26:33:0b:09:2a]
RSSI: -83 [da:24:4f:12:10:2b]
RSSI: -83 [da:29:3c:21:0c:7e]
RSSI: -87 [da:24:4f:12:10:2b]
RSSI: -78 [da:26:33:19:09:4a]
RSSI: -84 [da:29:3c:21:0c:7e]
RSSI: -81 [da:26:33:19:09:4a]
RSSI: -84 [da:29:3c:30:0c:ae]
RSSI: -83 [da:24:4f:20:10:4b]
RSSI: -78 [da:26:33:26:09:6a]
RSSI: -77 [da:26:33:26:09:6a]
RSSI: -84 [da:24:4f:2e:10:7b]
RSSI: -83 [da:29:3c:3c:0c:ce]
RSSI: -81 [da:24:4f:3b:10:9b]
RSSI: -80 [da:26:33:42:09:ca]
RSSI: -82 [da:24:4f:49:10:cb]
RSSI: -77 [da:26:33:4f:09:ea]
RSSI: -84 [da:29:3c:5b:0d:1e]
RSSI: -77 [da:26:33:4f:09:ea]
RSSI: -80 [da:26:33:4f:09:ea]
RSSI: -80 [da:24:4f:57:10:fb]
RSSI: -81 [da:24:4f:57:10:fb]
RSSI: -79 [da:26:33:5d:0a:0a]
RSSI: -86 [da:29:3c:67:0d:4e]
RSSI: -77 [da:26:33:5d:0a:0a]
RSSI: -81 [da:24:4f:63:11:1b]
RSSI: -80 [da:24:4f:63:11:1b]
RSSI: -87 [da:29:3c:77:0d:6e]
RSSI: -82 [da:26:33:6b:0a:3a]
RSSI: -81 [da:26:33:6b:0a:3a]
RSSI: -82 [da:24:4f:71:11:4b]
RSSI: -85 [da:29:3c:86:0d:9e]
RSSI: -79 [da:24:4f:7f:11:6b]
RSSI: -79 [da:26:33:86:0a:8a]
RSSI: -86 [da:29:3c:92:0d:be]
RSSI: -80 [da:24:4f:8c:11:9b]
RSSI: -82 [da:26:33:95:0a:ba]
RSSI: -86 [da:29:3c:a2:0d:ee]
RSSI: -81 [da:26:33:95:0a:ba]
RSSI: -87 [da:29:3c:a2:0d:ee]
RSSI: -83 [da:24:4f:9a:11:bb]
RSSI: -83 [da:24:4f:9a:11:bb]
RSSI: -80 [da:24:4f:a8:11:eb]
RSSI: -84 [da:26:33:a1:0a:da]
RSSI: -83 [da:26:33:a1:0a:da]
RSSI: -80 [da:24:4f:a8:11:eb]
RSSI: -81 [da:26:33:b0:0a:fa]
RSSI: -81 [da:24:4f:b4:12:0b]
RSSI: -84 [da:26:33:be:0b:2a]
RSSI: -82 [da:24:4f:c2:12:3b]
RSSI: -85 [da:26:33:ca:0b:4a]
RSSI: -81 [da:24:4f:d0:12:5b]
RSSI: -85 [da:26:33:ca:0b:4a]
RSSI: -82 [da:24:4f:dd:12:8b]
RSSI: -82 [da:24:4f:dd:12:8b]
RSSI: -89 [da:26:33:e7:0b:aa]
RSSI: -83 [da:24:4f:eb:12:ab]
RSSI: -82 [da:24:4f:eb:12:ab]
RSSI: -81 [da:24:4f:f9:12:db]
RSSI: -84 [da:24:4f:f9:12:db]
RSSI: -81 [da:24:50:05:12:fb]
RSSI: -80 [da:24:50:05:12:fb]
RSSI: -86 [da:26:34:10:0c:1a]
RSSI: -83 [da:24:50:14:13:2b]
RSSI: -88 [da:2b:d7:c6:07:cc]
RSSI: -89 [da:26:34:1d:0c:3a]
RSSI: -81 [da:24:50:21:13:4b]
RSSI: -89 [da:26:34:2b:0c:6a]
RSSI: -88 [da:2b:d7:d2:07:fc]
RSSI: -82 [da:24:50:2e:13:7b]
RSSI: -86 [da:26:34:39:0c:8a]
RSSI: -83 [da:24:50:3c:13:9b]
RSSI: -89 [da:26:34:46:0c:ba]
RSSI: -82 [da:24:50:4a:13:cb]
RSSI: -89 [da:2b:d7:f9:08:6c]
RSSI: -84 [da:24:50:57:13:eb]
RSSI: -90 [da:2b:d8:06:08:9c]
RSSI: -84 [da:24:50:57:13:eb]
RSSI: -81 [da:24:50:57:13:eb]
RSSI: -83 [da:24:50:65:14:1b]
RSSI: -83 [da:24:50:65:14:1b]
RSSI: -90 [da:2b:d8:13:08:bc]
RSSI: -83 [da:24:50:65:14:1b]
RSSI: -81 [da:24:50:73:14:3b]
RSSI: -89 [da:2b:d8:20:08:ec]
RSSI: -83 [da:24:50:73:14:3b]
RSSI: -88 [da:2b:d8:20:08:ec]
RSSI: -88 [da:2b:d8:3a:09:3c]
RSSI: -84 [da:24:50:8d:14:8b]
RSSI: -88 [da:24:50:9b:14:bb]
RSSI: -85 [da:24:50:a8:14:db]
RSSI: -88 [da:24:50:b6:14:fb]
RSSI: -92 [da:2b:d8:7b:0a:0c]
RSSI: -87 [da:24:50:d1:15:4b]
RSSI: -87 [da:24:50:df:15:7b]
RSSI: -86 [da:24:50:df:15:7b]
RSSI: -85 [da:24:50:ed:15:9b]
RSSI: -88 [da:24:50:f9:15:cb]
RSSI: -91 [da:2b:d8:bc:0a:dc]
RSSI: -86 [da:24:51:15:16:1b]
RSSI: -85 [da:24:51:15:16:1b]
RSSI: -86 [da:24:51:22:16:3b]
RSSI: -87 [da:24:51:22:16:3b]
RSSI: -86 [da:24:51:30:16:6b]
RSSI: -86 [da:24:51:3e:00:0b]
RSSI: -85 [da:24:51:4b:00:2b]
RSSI: -85 [da:24:51:4b:00:2b]
RSSI: -84 [da:24:51:4b:00:2b]
RSSI: -83 [da:24:51:59:00:4b]
RSSI: -83 [da:24:51:59:00:4b]
RSSI: -84 [da:24:51:67:00:7b]
RSSI: -84 [da:24:51:74:00:9b]
RSSI: -83 [da:24:51:82:00:cb]
RSSI: -83 [da:24:51:82:00:cb]
RSSI: -91 [da:2b:d9:4a:0c:ac]
RSSI: -92 [da:26:35:9f:10:9a]
RSSI: -93 [da:26:35:9f:10:9a]
RSSI: -85 [da:24:51:b0:01:5b]
RSSI: -83 [da:24:51:c0:01:8b]
RSSI: -87 [da:2b:d9:71:0d:2c]
RSSI: -85 [da:24:51:c0:01:8b]
RSSI: -88 [da:2b:d9:71:0d:2c]
RSSI: -90 [da:26:35:c9:11:0a]
RSSI: -83 [da:24:51:cd:01:ab]
RSSI: -88 [da:2b:d9:7e:0d:4c]
RSSI: -89 [da:24:51:db:01:db]
RSSI: -88 [da:2b:d9:8b:0d:7c]
RSSI: -91 [da:26:35:e3:11:5a]
RSSI: -89 [da:2b:d9:98:0d:9c]
RSSI: -90 [da:26:35:e3:11:5a]
RSSI: -83 [da:24:51:e9:01:fb]
RSSI: -84 [da:2b:d9:98:0d:9c]
RSSI: -82 [da:24:51:f5:02:2b]
RSSI: -82 [da:24:52:03:02:4b]
RSSI: -81 [da:24:52:12:02:7b]
RSSI: -88 [da:2b:d9:bf:0e:1c]
RSSI: -82 [da:24:52:1e:02:9b]
RSSI: -82 [da:24:52:1e:02:9b]
RSSI: -81 [da:24:52:1e:02:9b]
RSSI: -83 [da:2b:d9:d9:0e:6c]
RSSI: -84 [da:24:52:2c:02:cb]
RSSI: -76 [da:2b:d9:d9:0e:6c]
RSSI: -93 [da:26:36:36:12:4a]
RSSI: -76 [da:2b:d9:e6:0e:9c]
RSSI: -81 [da:24:52:3a:02:eb]
RSSI: -77 [da:2b:d9:e6:0e:9c]
RSSI: -74 [da:2b:d9:f3:0e:bc]
RSSI: -87 [da:24:52:47:03:1b]
RSSI: -72 [da:2b:d9:f3:0e:bc]
RSSI: -80 [da:24:52:47:03:1b]
RSSI: -91 [da:26:36:53:12:9a]
RSSI: -81 [da:24:52:55:03:3b]
RSSI: -69 [da:2b:da:0d:0f:1c]
RSSI: -91 [da:26:36:60:12:ba]
RSSI: -69 [da:2b:da:1a:0f:3c]
RSSI: -68 [da:2b:da:1a:0f:3c]
RSSI: -82 [da:24:52:70:03:8b]
RSSI: -68 [da:2b:da:27:0f:6c]
RSSI: -84 [da:24:52:7e:03:bb]
RSSI: -80 [da:24:52:7e:03:bb]
RSSI: -82 [da:24:52:8c:03:eb]
RSSI: -67 [da:2b:da:34:0f:8c]
RSSI: -82 [da:24:52:8c:03:eb]
RSSI: -68 [da:2b:da:41:0f:bc]
RSSI: -66 [da:2b:da:41:0f:bc]
RSSI: -85 [da:24:52:99:04:0b]
RSSI: -68 [da:2b:da:4e:0f:dc]
RSSI: -82 [da:24:52:a7:04:3b]
RSSI: -83 [da:24:52:a7:04:3b]
RSSI: -67 [da:2b:da:5b:10:0c]
RSSI: -84 [da:24:52:b5:04:5b]
RSSI: -66 [da:2b:da:68:10:3c]
RSSI: -67 [da:2b:da:68:10:3c]
RSSI: -68 [da:2b:da:75:10:5c]
RSSI: -68 [da:2b:da:82:10:8c]
RSSI: -68 [da:2b:da:8f:10:ac]
RSSI: -70 [da:2b:da:9c:10:dc]
RSSI: -71 [da:2b:da:9c:10:dc]
RSSI: -70 [da:2b:da:9c:10:dc]
RSSI: -72 [da:2b:da:a9:11:0c]
RSSI: -74 [da:2b:da:b6:11:2c]
RSSI: -77 [da:2b:da:c3:11:5c]
RSSI: -86 [da:24:53:13:05:7b]
RSSI: -78 [da:2b:da:c3:11:5c]
RSSI: -87 [da:2b:da:d0:11:7c]
RSSI: -94 [da:2b:da:dd:11:ac]
RSSI: -86 [da:24:53:3c:05:fb]
RSSI: -79 [da:2b:da:f7:11:fc]
RSSI: -91 [da:24:53:4b:06:1b]
RSSI: -83 [da:2b:da:f7:11:fc]
RSSI: -85 [da:24:53:4b:06:1b]
RSSI: -84 [da:24:53:65:06:6b]
RSSI: -80 [da:2b:db:11:12:5c]
RSSI: -85 [da:24:53:65:06:6b]
RSSI: -77 [da:2b:db:11:12:5c]
RSSI: -78 [da:2b:db:1f:12:7c]
RSSI: -83 [da:24:53:74:06:9b]
RSSI: -79 [da:2b:db:2b:12:ac]
RSSI: -81 [da:2b:db:2b:12:ac]
RSSI: -95 [da:24:53:82:06:cb]
RSSI: -83 [da:2b:db:38:12:cc]
RSSI: -83 [da:2b:db:38:12:cc]
RSSI: -83 [da:2b:db:38:12:cc]
RSSI: -82 [da:24:53:9d:07:1b]
RSSI: -90 [da:2b:db:46:12:fc]
RSSI: -90 [da:24:53:9d:07:1b]
RSSI: -82 [da:24:53:ab:07:3b]
RSSI: -89 [da:24:53:b7:07:6b]
RSSI: -84 [da:2b:db:6d:13:7c]
RSSI: -86 [da:2b:db:79:13:9c]
RSSI: -88 [da:24:53:d4:07:bb]
RSSI: -83 [da:24:53:d4:07:bb]
RSSI: -85 [da:2b:db:87:13:cc]
RSSI: -84 [da:24:53:d4:07:bb]
RSSI: -84 [da:2b:db:87:13:cc]
RSSI: -91 [da:24:53:e0:07:db]
RSSI: -89 [da:24:53:ef:08:0b]
RSSI: -85 [da:2b:db:ae:14:3c]
RSSI: -86 [da:2b:db:bb:14:6c]
RSSI: -89 [da:24:54:18:08:8b]
RSSI: -87 [da:24:54:18:08:8b]
RSSI: -89 [da:24:54:26:08:ab]
RSSI: -83 [da:2b:db:d5:14:bc]
RSSI: -88 [da:24:54:32:08:db]
RSSI: -87 [da:2b:db:e2:14:ec]
RSSI: -88 [da:24:54:41:08:fb]
RSSI: -86 [da:24:54:4f:09:2b]
RSSI: -85 [da:2b:db:fc:15:3c]
RSSI: -84 [da:24:54:4f:09:2b]
RSSI: -82 [da:24:54:5b:09:4b]
RSSI: -89 [da:24:54:6a:09:7b]
RSSI: -81 [da:2b:dc:16:15:8c]
RSSI: -83 [da:24:54:6a:09:7b]
RSSI: -86 [da:2b:dc:23:15:ac]
RSSI: -82 [da:24:54:84:09:cb]
RSSI: -85 [da:24:54:84:09:cb]
RSSI: -87 [da:2b:dc:31:15:dc]
RSSI: -85 [da:24:54:84:09:cb]
RSSI: -82 [da:24:54:93:09:fb]
RSSI: -84 [da:24:54:a1:0a:2b]
RSSI: -85 [da:2b:dc:4b:16:2c]
RSSI: -89 [da:24:54:a1:0a:2b]
RSSI: -83 [da:24:54:ad:0a:4b]
RSSI: -90 [da:2b:dc:58:16:5c]
RSSI: -84 [da:24:54:ad:0a:4b]
RSSI: -84 [da:2b:dc:65:16:7c]
RSSI: -85 [da:24:54:bc:0a:7b]
RSSI: -84 [da:24:54:bc:0a:7b]
RSSI: -87 [da:2b:dc:72:00:2c]
RSSI: -89 [da:2b:dc:7f:00:5c]
RSSI: -86 [da:24:54:d7:0a:cb]
RSSI: -88 [da:24:54:f3:0b:1b]
RSSI: -88 [da:24:55:00:0b:3b]
RSSI: -88 [da:24:55:00:0b:3b]
RSSI: -92 [da:26:39:16:04:6a]
RSSI: -88 [da:2b:dc:e8:01:9c]
RSSI: -90 [da:2b:dc:f5:01:cc]
RSSI: -88 [da:24:55:52:0c:3b]
RSSI: -88 [da:24:55:52:0c:3b]
RSSI: -89 [da:24:55:6e:0c:8b]
RSSI: -93 [da:2b:dd:29:02:6c]
RSSI: -93 [da:24:55:7b:0c:bb]
RSSI: -94 [da:2b:dd:50:02:ec]
RSSI: -91 [da:2b:dd:5e:03:1c]
RSSI: -97 [da:26:39:af:06:1a]
RSSI: -93 [da:24:55:cd:0d:ab]
RSSI: -93 [da:2b:dd:9a:03:dc]
RSSI: -87 [da:2b:dd:a7:03:fc]
RSSI: -85 [da:2b:dd:b5:04:2c]
RSSI: -85 [da:2b:dd:b5:04:2c]
RSSI: -93 [da:26:3a:11:07:3a]
RSSI: -89 [da:26:3a:11:07:3a]
RSSI: -85 [da:2b:dd:c2:04:4c]
RSSI: -83 [da:2b:dd:ce:04:7c]
RSSI: -82 [da:2b:dd:dc:04:ac]
RSSI: -86 [da:2b:dd:e9:04:cc]
RSSI: -86 [da:2b:dd:e9:04:cc]
RSSI: -83 [da:2b:dd:f6:04:fc]
RSSI: -84 [da:2b:de:03:05:1c]
RSSI: -89 [da:2b:de:11:05:4c]
RSSI: -90 [da:24:56:66:0f:6b]
RSSI: -86 [da:2b:de:11:05:4c]
RSSI: -91 [da:26:3a:65:08:2a]
RSSI: -91 [da:26:3a:71:08:4a]
RSSI: -88 [da:2b:de:2b:05:9c]
RSSI: -85 [da:2b:de:2b:05:9c]
RSSI: -89 [da:26:3a:80:08:7a]
RSSI: -88 [da:26:3a:8e:08:9a]
RSSI: -89 [da:29:43:99:0b:ae]
RSSI: -84 [da:26:3a:9b:08:ca]
RSSI: -83 [da:26:3a:b8:09:1a]
RSSI: -84 [da:26:3a:b8:09:1a]
RSSI: -91 [da:24:56:c5:10:8b]
RSSI: -82 [da:26:3a:c5:09:3a]
RSSI: -88 [da:29:43:d4:0c:5e]
RSSI: -83 [da:26:3a:c5:09:3a]
RSSI: -87 [da:29:43:d4:0c:5e]
RSSI: -88 [da:2b:de:7a:06:9c]
RSSI: -90 [da:2b:de:87:06:cc]
RSSI: -83 [da:26:3a:d4:09:6a]
RSSI: -86 [da:29:43:e1:0c:7e]
RSSI: -86 [da:2b:de:87:06:cc]
RSSI: -82 [da:26:3a:e2:09:8a]
RSSI: -86 [da:29:43:f0:0c:ae]
RSSI: -86 [da:2b:de:94:06:ec]
RSSI: -86 [da:29:43:f0:0c:ae]
RSSI: -86 [da:24:56:ee:11:0b]
RSSI: -86 [da:2b:de:a1:07:1c]
RSSI: -86 [da:29:44:00:0c:de]
RSSI: -82 [da:26:3a:fe:09:da]
RSSI: -85 [da:24:56:fd:11:2b]
RSSI: -82 [da:2b:de:af:07:4c]
RSSI: -82 [da:26:3a:fe:09:da]
RSSI: -87 [da:29:44:0c:0c:fe]
RSSI: -80 [da:2b:de:af:07:4c]
RSSI: -83 [da:26:3b:0c:0a:0a]
RSSI: -82 [da:26:3b:0c:0a:0a]
RSSI: -81 [da:2b:de:bb:07:6c]
RSSI: -89 [da:29:44:1c:0d:2e]
RSSI: -81 [da:26:3b:19:0a:2a]
RSSI: -84 [da:29:44:2c:0d:5e]
RSSI: -81 [da:26:3b:19:0a:2a]
RSSI: -86 [da:29:44:2c:0d:5e]
RSSI: -83 [da:24:57:26:11:ab]
RSSI: -86 [da:29:44:38:0d:7e]
RSSI: -84 [da:26:3b:36:0a:8a]
RSSI: -84 [da:24:57:34:11:db]
RSSI: -84 [da:26:3b:36:0a:8a]
RSSI: -87 [da:29:44:48:0d:ae]
RSSI: -82 [da:2b:de:e3:07:ec]
RSSI: -83 [da:2b:de:f0:08:1c]
RSSI: -83 [da:26:3b:43:0a:aa]
RSSI: -82 [da:2b:de:f0:08:1c]
RSSI: -83 [da:26:3b:43:0a:aa]
RSSI: -82 [da:26:3b:51:0a:da]
RSSI: -81 [da:2b:df:0a:08:6c]
RSSI: -81 [da:2b:df:0a:08:6c]
RSSI: -85 [da:26:3b:6d:0b:2a]
RSSI: -81 [da:2b:df:25:08:bc]
RSSI: -87 [da:24:57:79:12:9b]
RSSI: -84 [da:26:3b:7b:0b:4a]
RSSI: -81 [da:2b:df:25:08:bc]
RSSI: -90 [da:24:57:79:12:9b]
RSSI: -85 [da:26:3b:7b:0b:4a]
RSSI: -85 [da:2b:df:32:08:ec]
RSSI: -87 [da:24:57:87:12:cb]
RSSI: -84 [da:2b:df:32:08:ec]
RSSI: -88 [da:24:57:87:12:cb]
RSSI: -88 [da:26:3b:8a:0b:7a]
RSSI: -85 [da:2b:df:32:08:ec]
RSSI: -83 [da:2b:df:3f:09:0c]
RSSI: -86 [da:2b:df:4d:09:3c]
RSSI: -85 [da:2b:df:4d:09:3c]
RSSI: -90 [da:26:3b:a5:0b:ca]
RSSI: -85 [da:2b:df:59:09:6c]
RSSI: -89 [da:26:3b:b4:0b:ea]
RSSI: -86 [da:2b:df:67:09:8c]
RSSI: -89 [da:24:57:bd:13:6b]
RSSI: -82 [da:2b:df:74:09:bc]
RSSI: -90 [da:26:3b:cf:0c:3a]
RSSI: -89 [da:24:57:cc:13:9b]
RSSI: -89 [da:2b:df:81:09:dc]
RSSI: -86 [da:2b:df:81:09:dc]
RSSI: -85 [da:2b:df:81:09:dc]
RSSI: -85 [da:26:3b:de:0c:6a]
RSSI: -89 [da:26:3b:de:0c:6a]
RSSI: -88 [da:26:3b:eb:0c:8a]
RSSI: -85 [da:26:3b:eb:0c:8a]
RSSI: -95 [da:24:58:10:14:6b]
RSSI: -93 [da:26:3c:24:0d:3a]
RSSI: -95 [da:29:45:3f:10:7e]
RSSI: -92 [da:26:3c:32:0d:5a]
RSSI: -97 [da:29:45:4f:10:ae]
RSSI: -92 [da:26:3c:4e:0d:aa]
RSSI: -93 [da:26:3c:5c:0d:da]
RSSI: -92 [da:24:58:9b:15:fb]
RSSI: -91 [da:2b:e0:62:0c:ac]
RSSI: -89 [da:24:58:b6:16:4b]
RSSI: -87 [da:24:58:d3:00:2b]
RSSI: -90 [da:2b:e0:7c:0d:0c]
RSSI: -89 [da:24:58:df:00:5b]
RSSI: -93 [da:2b:e0:8a:0d:2c]
RSSI: -87 [da:2b:e0:96:0d:5c]
RSSI: -85 [da:2b:e0:a4:0d:8c]
RSSI: -85 [da:2b:e0:be:0d:dc]
RSSI: -91 [da:2b:e0:be:0d:dc]
RSSI: -88 [da:24:59:17:00:fb]
RSSI: -83 [da:2b:e0:cc:0e:0c]
RSSI: -86 [da:2b:e0:d9:0e:2c]
RSSI: -82 [da:2b:e0:d9:0e:2c]
RSSI: -82 [da:2b:e0:d9:0e:2c]
RSSI: -82 [da:2b:e0:e6:0e:5c]
RSSI: -80 [da:2b:e0:e6:0e:5c]
RSSI: -80 [da:2b:e0:f3:0e:8c]
RSSI: -79 [da:2b:e0:f3:0e:8c]
RSSI: -77 [da:2b:e1:01:0e:ac]
RSSI: -75 [da:2b:e1:01:0e:ac]
RSSI: -76 [da:2b:e1:0e:0e:dc]
RSSI: -73 [da:2b:e1:1b:0f:0c]
RSSI: -71 [da:2b:e1:29:0f:2c]
RSSI: -95 [da:24:59:79:02:1b]
RSSI: -70 [da:2b:e1:35:0f:5c]
RSSI: -70 [da:2b:e1:43:0f:8c]
RSSI: -68 [da:2b:e1:50:0f:ac]
RSSI: -91 [da:26:3d:ad:11:aa]
RSSI: -69 [da:2b:e1:5d:0f:dc]
RSSI: -88 [da:24:59:af:02:bb]
RSSI: -68 [da:2b:e1:5d:0f:dc]
RSSI: -69 [da:2b:e1:6b:0f:fc]
RSSI: -69 [da:2b:e1:78:10:2c]
RSSI: -68 [da:2b:e1:78:10:2c]
RSSI: -69 [da:2b:e1:85:10:5c]
RSSI: -87 [da:24:59:d9:03:3b]
RSSI: -68 [da:2b:e1:85:10:5c]
RSSI: -84 [da:24:59:d9:03:3b]
RSSI: -68 [da:2b:e1:85:10:5c]
RSSI: -69 [da:2b:e1:93:10:7c]
RSSI: -70 [da:2b:e1:93:10:7c]
RSSI: -85 [da:24:59:e7:03:5b]
RSSI: -69 [da:2b:e1:93:10:7c]
RSSI: -69 [da:2b:e1:a0:10:ac]
RSSI: -89 [da:24:59:f6:03:8b]
RSSI: -70 [da:2b:e1:a0:10:ac]
RSSI: -71 [da:2b:e1:ad:10:dc]
RSSI: -70 [da:2b:e1:ad:10:dc]
RSSI: -73 [da:2b:e1:ba:10:fc]
RSSI: -83 [da:24:5a:11:03:db]
RSSI: -75 [da:2b:e1:c8:11:2c]
RSSI: -87 [da:24:5a:1f:04:0b]
RSSI: -83 [da:24:5a:1f:04:0b]
RSSI: -76 [da:2b:e1:d4:11:4c]
RSSI: -85 [da:24:5a:2c:04:2b]
RSSI: -80 [da:2b:e1:e2:11:7c]
RSSI: -84 [da:24:5a:49:04:8b]
RSSI: -87 [da:2b:e1:fc:11:cc]
RSSI: -93 [da:24:5a:55:04:ab]
RSSI: -92 [da:24:5a:55:04:ab]
RSSI: -86 [da:2b:e2:0a:11:fc]
RSSI: -80 [da:2b:e2:0a:11:fc]
RSSI: -80 [da:2b:e2:18:12:1c]
RSSI: -78 [da:2b:e2:24:12:4c]
RSSI: -78 [da:2b:e2:24:12:4c]
RSSI: -79 [da:2b:e2:32:12:6c]
RSSI: -78 [da:2b:e2:32:12:6c]
RSSI: -79 [da:2b:e2:32:12:6c]
RSSI: -79 [da:2b:e2:3f:12:9c]
RSSI: -81 [da:2b:e2:3f:12:9c]
RSSI: -82 [da:2b:e2:4c:12:bc]
RSSI: -90 [da:24:5a:9c:05:7b]
RSSI: -86 [da:2b:e2:4c:12:bc]
RSSI: -85 [da:2b:e2:5a:12:ec]
RSSI: -86 [da:24:5a:a9:05:ab]
RSSI: -86 [da:2b:e2:5a:12:ec]
RSSI: -86 [da:24:5a:b7:05:cb]
RSSI: -88 [da:2b:e2:67:13:1c]
RSSI: -86 [da:24:5a:c6:05:fb]
RSSI: -92 [da:24:5a:d3:06:2b]
RSSI: -84 [da:2b:e2:82:13:6c]
RSSI: -87 [da:24:5a:d3:06:2b]
RSSI: -84 [da:2b:e2:8f:13:9c]
RSSI: -86 [da:2b:e2:9c:13:bc]
RSSI: -83 [da:24:5b:0b:06:cb]
RSSI: -87 [da:2b:e2:b7:14:1c]
RSSI: -87 [da:2b:e2:c4:14:3c]
RSSI: -87 [da:24:5b:19:06:fb]
RSSI: -85 [da:2b:e2:d1:14:6c]
RSSI: -86 [da:24:5b:26:07:1b]
RSSI: -82 [da:2b:e2:d1:14:6c]
RSSI: -84 [da:2b:e2:df:14:9c]
RSSI: -83 [da:2b:e2:df:14:9c]
RSSI: -85 [da:2b:e2:df:14:9c]
RSSI: -81 [da:2b:e2:ec:14:bc]
RSSI: -84 [da:2b:e2:ec:14:bc]
RSSI: -86 [da:2b:e2:f9:14:ec]
RSSI: -83 [da:2b:e2:f9:14:ec]
RSSI: -87 [da:2b:e3:07:15:1c]
RSSI: -89 [da:2b:e3:14:15:3c]
RSSI: -87 [da:24:5b:6d:07:fb]
RSSI: -83 [da:2b:e3:21:15:6c]
RSSI: -86 [da:2b:e3:2f:15:8c]
RSSI: -88 [da:2b:e3:2f:15:8c]
RSSI: -88 [da:24:5b:88:08:4b]
RSSI: -88 [da:2b:e3:3c:15:bc]
RSSI: -88 [da:2b:e3:3c:15:bc]
RSSI: -86 [da:24:5b:97:08:7b]
RSSI: -90 [da:2b:e3:49:15:ec]
RSSI: -86 [da:24:5b:a3:08:9b]
RSSI: -86 [da:24:5b:b2:08:cb]
RSSI: -86 [da:2b:e3:71:16:5c]
RSSI: -89 [da:2b:e3:7f:00:0c]
RSSI: -93 [da:24:5b:cd:09:1b]
RSSI: -90 [da:2b:e3:8c:00:2c]
RSSI: -93 [da:24:5b:f7:09:9b]
RSSI: -86 [da:24:5c:06:09:bb]
RSSI: -93 [da:2b:e3:c1:00:dc]
RSSI: -89 [da:24:5c:14:09:eb]
RSSI: -87 [da:2b:e3:f7:01:7c]
RSSI: -87 [da:2b:e3:f7:01:7c]
RSSI: -89 [da:2b:e4:04:01:ac]
RSSI: -89 [da:2b:e4:04:01:ac]
RSSI: -88 [da:2b:e4:11:01:dc]
RSSI: -97 [da:24:5c:68:0a:eb]
RSSI: -86 [da:2b:e4:11:01:dc]
RSSI: -90 [da:2b:e4:1f:01:fc]
RSSI: -88 [da:2b:e4:2c:02:2c]
RSSI: -91 [da:2b:e4:54:02:ac]
RSSI: -91 [da:24:5c:bb:0b:db]
RSSI: -90 [da:24:5c:bb:0b:db]
RSSI: -89 [da:2b:e4:7c:03:1c]
RSSI: -91 [da:24:5c:e5:0c:5b]
RSSI: -89 [da:2b:e4:b2:03:cc]
RSSI: -88 [da:2b:e4:bf:03:fc]
RSSI: -88 [da:2b:e4:bf:03:fc]
RSSI: -90 [da:2b:e4:cc:04:1c]
RSSI: -88 [da:2b:e4:f4:04:9c]
RSSI: -92 [da:26:41:58:05:da]
RSSI: -86 [da:2b:e5:02:04:cc]
RSSI: -93 [da:26:41:65:06:0a]
RSSI: -88 [da:2b:e5:2a:05:4c]
RSSI: -95 [da:24:5d:7f:0e:2b]
RSSI: -89 [da:2b:e5:38:05:6c]
RSSI: -89 [da:2b:e5:38:05:6c]
RSSI: -91 [da:26:41:ae:06:da]
RSSI: -90 [da:26:41:ae:06:da]
RSSI: -89 [da:2b:e5:60:05:ec]
RSSI: -88 [da:26:41:ba:06:fa]
RSSI: -88 [da:26:41:c9:07:2a]
RSSI: -89 [da:26:41:c9:07:2a]
RSSI: -88 [da:26:41:d8:07:5a]
RSSI: -88 [da:26:41:e5:07:7a]
RSSI: -89 [da:2b:e5:95:06:9c]
RSSI: -90 [da:2b:e5:a3:06:cc]
RSSI: -86 [da:2b:e5:a3:06:cc]
RSSI: -87 [da:26:42:03:07:ca]
RSSI: -87 [da:2b:e5:b0:06:ec]
RSSI: -91 [da:24:5e:0b:0f:db]
RSSI: -82 [da:2b:e5:bd:07:1c]
RSSI: -92 [da:24:5e:0b:0f:db]
RSSI: -83 [da:2b:e5:bd:07:1c]
RSSI: -84 [da:2b:e5:cb:07:4c]
RSSI: -86 [da:2b:e5:cb:07:4c]
RSSI: -90 [da:26:42:1e:08:1a]
RSSI: -84 [da:2b:e5:cb:07:4c]
RSSI: -85 [da:2b:e5:d9:07:6c]
RSSI: -87 [da:26:42:2d:08:4a]
RSSI: -87 [da:2b:e5:d9:07:6c]
RSSI: -89 [da:26:42:2d:08:4a]
RSSI: -83 [da:2b:e5:e5:07:9c]
RSSI: -84 [da:26:42:3a:08:6a]
RSSI: -89 [da:26:42:49:08:9a]
RSSI: -86 [da:2b:e5:f3:07:cc]
RSSI: -91 [da:24:5e:5f:10:cb]
RSSI: -88 [da:2b:e6:0d:08:1c]
RSSI: -84 [da:26:42:65:08:ea]
RSSI: -84 [da:26:42:65:08:ea]
RSSI: -83 [da:26:42:74:09:1a]
RSSI: -86 [da:29:4b:84:0c:2e]
RSSI: -88 [da:2b:e6:29:08:6c]
RSSI: -83 [da:26:42:83:09:3a]
RSSI: -85 [da:2b:e6:36:08:9c]
RSSI: -86 [da:29:4b:93:0c:5e]
RSSI: -84 [da:2b:e6:36:08:9c]
RSSI: -86 [da:2b:e6:44:08:cc]
RSSI: -87 [da:2b:e6:44:08:cc]
RSSI: -81 [da:26:42:9e:09:8a]
RSSI: -82 [da:26:42:9e:09:8a]
RSSI: -88 [da:2b:e6:51:08:fc]
RSSI: -82 [da:26:42:ad:09:ba]
RSSI: -80 [da:26:42:ad:09:ba]
RSSI: -84 [da:29:4b:c0:0c:de]
RSSI: -81 [da:26:42:ba:09:da]
RSSI: -87 [da:2b:e6:6c:09:4c]
RSSI: -92 [da:24:5e:c0:11:eb]
RSSI: -82 [da:26:42:c9:0a:0a]
RSSI: -85 [da:2b:e6:7a:09:7c]
RSSI: -80 [da:26:42:c9:0a:0a]
RSSI: -79 [da:26:42:d8:0a:3a]
RSSI: -87 [da:29:4b:dd:0d:2e]
RSSI: -87 [da:29:4b:ec:0d:5e]
RSSI: -82 [da:26:42:e5:0a:5a]
RSSI: -80 [da:26:42:e5:0a:5a]
RSSI: -91 [da:29:4b:f9:0d:8e]
RSSI: -89 [da:2b:e6:a2:09:fc]
RSSI: -83 [da:26:42:f4:0a:8a]
RSSI: -87 [da:29:4c:09:0d:be]
RSSI: -88 [da:2b:e6:bd:0a:4c]
RSSI: -85 [da:26:43:0f:0a:da]
RSSI: -93 [da:24:5f:14:12:eb]
RSSI: -87 [da:2b:e6:ca:0a:7c]
RSSI: -83 [da:26:43:1f:0a:fa]
RSSI: -83 [da:26:43:1f:0a:fa]
RSSI: -87 [da:26:43:2e:0b:2a]
RSSI: -88 [da:24:5f:3e:13:6b]
RSSI: -89 [da:26:43:49:0b:7a]
RSSI: -90 [da:26:43:58:0b:aa]
RSSI: -95 [da:26:43:65:0b:ca]
RSSI: -89 [da:24:5f:68:13:eb]
RSSI: -88 [da:24:5f:68:13:eb]
RSSI: -88 [da:24:5f:9d:14:7b]
RSSI: -89 [da:2b:e7:5e:0c:5c]
RSSI: -93 [da:24:5f:ad:14:ab]
RSSI: -94 [da:29:4c:bb:0f:be]
RSSI: -89 [da:2b:e7:5e:0c:5c]
RSSI: -88 [da:2b:e7:6c:0c:7c]
RSSI: -90 [da:2b:e7:86:0c:dc]
RSSI: -84 [da:2b:e7:94:0c:fc]
RSSI: -85 [da:2b:e7:a1:0d:2c]
RSSI: -81 [da:2b:e7:af:0d:5c]
RSSI: -83 [da:2b:e7:bd:0d:7c]
RSSI: -83 [da:2b:e7:bd:0d:7c]
RSSI: -82 [da:2b:e7:bd:0d:7c]
RSSI: -78 [da:2b:e7:c9:0d:ac]
RSSI: -85 [da:2b:e7:d7:0d:dc]
RSSI: -80 [da:2b:e7:d7:0d:dc]
RSSI: -87 [da:2b:e7:e5:0d:fc]
RSSI: -86 [da:2b:e7:e5:0d:fc]
RSSI: -88 [da:2b:e7:f2:0e:2c]
RSSI: -80 [da:2b:e7:f2:0e:2c]
RSSI: -78 [da:2b:e8:00:0e:5c]
RSSI: -78 [da:2b:e8:00:0e:5c]
RSSI: -76 [da:2b:e8:0e:0e:7c]
RSSI: -73 [da:2b:e8:0e:0e:7c]
RSSI: -88 [da:24:60:6d:00:5b]
RSSI: -71 [da:2b:e8:1a:0e:ac]
RSSI: -71 [da:2b:e8:28:0e:dc]
RSSI: -69 [da:2b:e8:36:0e:fc]
RSSI: -69 [da:2b:e8:43:0f:2c]
RSSI: -68 [da:2b:e8:43:0f:2c]
RSSI: -67 [da:2b:e8:5f:0f:7c]
RSSI: -68 [da:2b:e8:5f:0f:7c]
RSSI: -88 [da:24:60:b2:01:2b]
RSSI: -68 [da:2b:e8:6b:0f:ac]
RSSI: -66 [da:2b:e8:6b:0f:ac]
RSSI: -67 [da:2b:e8:79:0f:dc]
RSSI: -67 [da:2b:e8:87:10:0c]
RSSI: -85 [da:24:60:dd:01:9b]
RSSI: -68 [da:2b:e8:87:10:0c]
RSSI: -68 [da:2b:e8:94:10:2c]
RSSI: -67 [da:2b:e8:94:10:2c]
RSSI: -84 [da:24:60:eb:01:cb]
RSSI: -68 [da:2b:e8:a2:10:5c]
RSSI: -89 [da:24:60:f8:01:eb]
RSSI: -68 [da:2b:e8:a2:10:5c]
RSSI: -70 [da:2b:e8:b0:10:8c]
RSSI: -86 [da:24:61:07:02:1b]
RSSI: -80 [da:24:61:16:02:4b]
RSSI: -72 [da:2b:e8:ca:10:dc]
RSSI: -74 [da:2b:e8:d8:11:0c]
RSSI: -84 [da:24:61:31:02:9b]
RSSI: -74 [da:2b:e8:d8:11:0c]
RSSI: -83 [da:24:61:31:02:9b]
RSSI: -75 [da:2b:e8:e5:11:2c]
RSSI: -84 [da:24:61:31:02:9b]
RSSI: -78 [da:2b:e8:e5:11:2c]
RSSI: -79 [da:24:61:40:02:cb]
RSSI: -81 [da:2b:e8:f3:11:5c]
RSSI: -79 [da:24:61:4d:02:eb]
RSSI: -90 [da:26:45:4b:11:4a]
RSSI: -85 [da:24:61:5c:03:1b]
RSSI: -88 [da:2b:e9:0d:11:ac]
RSSI: -86 [da:24:61:6a:03:4b]
RSSI: -81 [da:2b:e9:1b:11:dc]
RSSI: -78 [da:24:61:77:03:6b]
RSSI: -81 [da:2b:e9:29:12:0c]
RSSI: -81 [da:2b:e9:29:12:0c]
RSSI: -86 [da:24:61:86:03:9b]
RSSI: -81 [da:24:61:86:03:9b]
RSSI: -79 [da:2b:e9:36:12:2c]
RSSI: -81 [da:24:61:86:03:9b]
RSSI: -80 [da:2b:e9:36:12:2c]
RSSI: -79 [da:2b:e9:44:12:5c]
RSSI: -81 [da:2b:e9:44:12:5c]
RSSI: -81 [da:2b:e9:52:12:8c]
RSSI: -81 [da:2b:e9:52:12:8c]
RSSI: -83 [da:24:61:b0:04:1b]
RSSI: -84 [da:2b:e9:5e:12:ac]
RSSI: -84 [da:2b:e9:5e:12:ac]
RSSI: -86 [da:2b:e9:6d:12:dc]
RSSI: -88 [da:2b:e9:7a:13:0c]
RSSI: -89 [da:2b:e9:7a:13:0c]
RSSI: -88 [da:2b:e9:87:13:2c]
RSSI: -90 [da:24:61:ea:04:cb]
RSSI: -84 [da:2b:e9:95:13:5c]
RSSI: -96 [da:26:45:e8:13:0a]
RSSI: -83 [da:2b:e9:a3:13:8c]
RSSI: -84 [da:2b:e9:b0:13:bc]
RSSI: -85 [da:2b:e9:b0:13:bc]
RSSI: -85 [da:2b:e9:be:13:dc]
RSSI: -89 [da:2b:e9:cc:14:0c]
RSSI: -85 [da:24:62:21:05:6b]
RSSI: -86 [da:2b:e9:d8:14:2c]
RSSI: -84 [da:2b:e9:e7:14:5c]
RSSI: -90 [da:24:62:3f:05:bb]
RSSI: -85 [da:2b:e9:f5:14:8c]
RSSI: -88 [da:24:62:4b:05:eb]
RSSI: -82 [da:2b:ea:01:14:ac]
RSSI: -90 [da:24:62:5a:06:0b]
RSSI: -86 [da:2b:ea:0f:14:dc]
RSSI: -83 [da:2b:ea:0f:14:dc]
RSSI: -84 [da:2b:ea:1d:15:0c]
RSSI: -83 [da:2b:ea:2a:15:2c]
RSSI: -95 [da:24:62:76:06:6b]
RSSI: -83 [da:2b:ea:2a:15:2c]
RSSI: -83 [da:2b:ea:2a:15:2c]
RSSI: -89 [da:2b:ea:38:15:5c]
RSSI: -83 [da:2b:ea:38:15:5c]
RSSI: -84 [da:2b:ea:46:15:8c]
RSSI: -89 [da:2b:ea:46:15:8c]
RSSI: -89 [da:24:62:a0:06:eb]
RSSI: -86 [da:2b:ea:52:15:ac]
RSSI: -86 [da:2b:ea:52:15:ac]
RSSI: -90 [da:2b:ea:61:15:dc]
RSSI: -89 [da:2b:ea:61:15:dc]
RSSI: -86 [da:24:62:be:07:3b]
RSSI: -85 [da:2b:ea:7b:16:2c]
RSSI: -88 [da:2b:ea:97:00:0c]
RSSI: -95 [da:2b:ea:b2:00:5c]
RSSI: -91 [da:2b:ea:d2:00:bc]
RSSI: -87 [da:2b:ea:fd:01:4c]
RSSI: -86 [da:2b:eb:0b:01:6c]
RSSI: -86 [da:24:63:68:09:3b]
RSSI: -81 [da:2b:eb:19:01:9c]
RSSI: -86 [da:2b:eb:19:01:9c]
RSSI: -86 [da:24:63:75:09:5b]
RSSI: -83 [da:2b:eb:26:01:cc]
RSSI: -82 [da:2b:eb:26:01:cc]
RSSI: -83 [da:2b:eb:34:01:ec]
RSSI: -84 [da:24:63:84:09:8b]
RSSI: -83 [da:2b:eb:34:01:ec]
RSSI: -84 [da:24:63:9f:09:db]
RSSI: -84 [da:24:63:ae:0a:0b]
RSSI: -92 [da:2b:eb:77:02:cc]
RSSI: -84 [da:24:63:d9:0a:8b]
RSSI: -86 [da:2b:eb:85:02:ec]
RSSI: -93 [da:24:63:e8:0a:bb]
RSSI: -88 [da:2b:eb:ae:03:6c]
RSSI: -92 [da:24:64:13:0b:3b]
RSSI: -87 [da:2b:eb:c9:03:cc]
RSSI: -86 [da:2b:eb:d7:03:fc]
RSSI: -86 [da:2b:eb:e5:04:1c]
RSSI: -86 [da:2b:eb:f2:04:4c]
RSSI: -92 [da:24:64:4a:0b:eb]
RSSI: -83 [da:2b:eb:f2:04:4c]
RSSI: -87 [da:2b:ec:00:04:7c]
RSSI: -83 [da:2b:ec:0e:04:ac]
RSSI: -82 [da:2b:ec:1b:04:cc]
RSSI: -83 [da:2b:ec:29:04:fc]
RSSI: -83 [da:2b:ec:37:05:2c]
RSSI: -84 [da:2b:ec:44:05:4c]
RSSI: -85 [da:2b:ec:52:05:7c]
RSSI: -85 [da:2b:ec:60:05:ac]
RSSI: -88 [da:24:64:bd:0d:3b]
RSSI: -87 [da:2b:ec:6c:05:cc]
RSSI: -89 [da:2b:ec:7b:05:fc]
RSSI: -89 [da:24:64:e8:0d:bb]
RSSI: -88 [da:2b:ec:95:06:4c]
RSSI: -90 [da:24:64:e8:0d:bb]
RSSI: -88 [da:2b:ec:95:06:4c]
RSSI: -89 [da:2b:ec:a4:06:7c]
RSSI: -87 [da:2b:ec:be:06:dc]
RSSI: -84 [da:2b:ec:be:06:dc]
RSSI: -83 [da:2b:ec:cd:06:fc]
RSSI: -83 [da:2b:ec:cd:06:fc]
RSSI: -83 [da:2b:ec:db:07:2c]
RSSI: -80 [da:2b:ec:db:07:2c]
RSSI: -84 [da:2b:ec:e7:07:5c]
RSSI: -81 [da:2b:ec:f6:07:8c]
RSSI: -81 [da:2b:ec:f6:07:8c]
RSSI: -83 [da:2b:ed:04:07:ac]
RSSI: -88 [da:2b:ed:10:07:dc]
RSSI: -88 [da:2b:ed:10:07:dc]
RSSI: -83 [da:2b:ed:1e:08:0c]
RSSI: -87 [da:2b:ed:1e:08:0c]
RSSI: -92 [da:24:65:75:0f:6b]
RSSI: -87 [da:2b:ed:2d:08:3c]
RSSI: -87 [da:2b:ed:39:08:5c]
RSSI: -87 [da:2b:ed:47:08:8c]
RSSI: -83 [da:2b:ed:56:08:bc]
RSSI: -90 [da:2b:ed:7f:09:3c]
RSSI: -90 [da:2b:ed:7f:09:3c]
RSSI: -86 [da:2b:ed:8b:09:5c]
RSSI: -87 [da:24:66:04:11:0b]
RSSI: -84 [da:24:66:04:11:0b]
RSSI: -91 [da:26:4a:04:08:ba]
RSSI: -88 [da:29:53:25:0b:ce]
RSSI: -87 [da:29:53:25:0b:ce]
RSSI: -88 [da:29:53:31:0b:ee]
RSSI: -85 [da:2b:ed:d1:0a:3c]
RSSI: -83 [da:24:66:2f:11:8b]
RSSI: -86 [da:26:4a:30:09:3a]
RSSI: -82 [da:24:66:2f:11:8b]
RSSI: -86 [da:29:53:3e:0c:1e]
RSSI: -88 [da:26:4a:30:09:3a]
RSSI: -90 [da:2b:ed:dd:0a:6c]
RSSI: -88 [da:2b:ed:ec:0a:9c]
RSSI: -87 [da:29:53:4b:0c:3e]
RSSI: -88 [da:2b:ed:ec:0a:9c]
RSSI: -85 [da:29:53:58:0c:6e]
RSSI: -87 [da:26:4a:4c:09:8a]
RSSI: -84 [da:29:53:58:0c:6e]
RSSI: -85 [da:26:4a:4c:09:8a]
RSSI: -87 [da:24:66:4b:11:eb]
RSSI: -85 [da:29:53:64:0c:8e]
RSSI: -87 [da:29:53:64:0c:8e]
RSSI: -86 [da:26:4a:5b:09:ba]
RSSI: -86 [da:24:66:69:12:3b]
RSSI: -87 [da:2b:ee:15:0b:1c]
RSSI: -87 [da:29:53:7e:0c:de]
RSSI: -83 [da:2b:ee:23:0b:4c]
RSSI: -86 [da:24:66:76:12:6b]
RSSI: -83 [da:26:4a:77:0a:0a]
RSSI: -87 [da:29:53:8b:0c:fe]
RSSI: -85 [da:2b:ee:2f:0b:6c]
RSSI: -86 [da:26:4a:87:0a:2a]
RSSI: -83 [da:2b:ee:2f:0b:6c]
RSSI: -87 [da:26:4a:87:0a:2a]
RSSI: -84 [da:2b:ee:3e:0b:9c]
RSSI: -86 [da:29:53:a4:0d:4e]
RSSI: -81 [da:2b:ee:4c:0b:cc]
RSSI: -89 [da:29:53:b1:0d:6e]
RSSI: -87 [da:26:4a:a3:0a:8a]
RSSI: -83 [da:2b:ee:59:0b:fc]
RSSI: -84 [da:26:4a:b2:0a:aa]
RSSI: -83 [da:2b:ee:67:0c:1c]
RSSI: -89 [da:29:53:d7:0d:de]
RSSI: -79 [da:2b:ee:75:0c:4c]
RSSI: -90 [da:24:66:cb:13:6b]
RSSI: -82 [da:2b:ee:82:0c:7c]
RSSI: -85 [da:24:66:db:13:8b]
RSSI: -88 [da:26:4a:de:0b:2a]
RSSI: -86 [da:24:66:ea:13:bb]
RSSI: -82 [da:2b:ee:90:0c:ac]
RSSI: -83 [da:2b:ee:9e:0c:dc]
RSSI: -79 [da:2b:ee:ab:0c:fc]
RSSI: -77 [da:2b:ee:ab:0c:fc]
RSSI: -80 [da:2b:ee:b9:0d:2c]
RSSI: -76 [da:2b:ee:b9:0d:2c]
RSSI: -93 [da:26:4b:18:0b:da]
RSSI: -81 [da:2b:ee:c7:0d:5c]
RSSI: -72 [da:2b:ee:d4:0d:7c]
RSSI: -78 [da:2b:ee:e2:0d:ac]
RSSI: -83 [da:2b:ee:f1:0d:dc]
RSSI: -77 [da:2b:ee:fd:0e:0c]
RSSI: -85 [da:2b:ee:fd:0e:0c]
RSSI: -79 [da:2b:ef:0c:0e:2c]
RSSI: -84 [da:2b:ef:0c:0e:2c]
RSSI: -76 [da:2b:ef:1a:0e:5c]
RSSI: -74 [da:2b:ef:1a:0e:5c]
RSSI: -72 [da:2b:ef:26:0e:8c]
RSSI: -70 [da:2b:ef:35:0e:bc]
RSSI: -67 [da:2b:ef:43:0e:ec]
RSSI: -67 [da:2b:ef:50:0f:0c]
RSSI: -65 [da:2b:ef:50:0f:0c]
RSSI: -65 [da:2b:ef:5e:0f:3c]
RSSI: -66 [da:2b:ef:5e:0f:3c]
RSSI: -64 [da:2b:ef:6c:0f:6c]
RSSI: -64 [da:2b:ef:6c:0f:6c]
RSSI: -65 [da:2b:ef:79:0f:8c]
RSSI: -64 [da:2b:ef:79:0f:8c]
RSSI: -65 [da:2b:ef:87:0f:bc]
RSSI: -88 [da:24:67:dc:00:0b]
RSSI: -63 [da:2b:ef:95:0f:ec]
RSSI: -64 [da:2b:ef:a2:10:0c]
RSSI: -65 [da:2b:ef:b0:10:3c]
RSSI: -87 [da:24:68:07:00:7b]
RSSI: -64 [da:2b:ef:bf:10:6c]
RSSI: -66 [da:2b:ef:bf:10:6c]
RSSI: -65 [da:2b:ef:cb:10:9c]
RSSI: -84 [da:24:68:23:00:db]
RSSI: -89 [da:24:68:23:00:db]
RSSI: -67 [da:2b:ef:da:10:bc]
RSSI: -82 [da:24:68:32:00:fb]
RSSI: -70 [da:2b:ef:f5:11:1c]
RSSI: -86 [da:24:68:4e:01:4b]
RSSI: -71 [da:2b:f0:03:11:3c]
RSSI: -72 [da:2b:f0:03:11:3c]
RSSI: -79 [da:24:68:5d:01:7b]
RSSI: -82 [da:24:68:5d:01:7b]
RSSI: -77 [da:2b:f0:11:11:6c]
RSSI: -81 [da:24:68:6c:01:ab]
RSSI: -78 [da:2b:f0:11:11:6c]
RSSI: -85 [da:2b:f0:1e:11:9c]
RSSI: -80 [da:24:68:79:01:cb]
RSSI: -77 [da:24:68:79:01:cb]
RSSI: -81 [da:2b:f0:2c:11:cc]
RSSI: -80 [da:2b:f0:2c:11:cc]
RSSI: -85 [da:2b:f0:3a:11:ec]
RSSI: -75 [da:24:68:88:01:fb]
RSSI: -80 [da:2b:f0:3a:11:ec]
RSSI: -72 [da:24:68:97:02:2b]
RSSI: -79 [da:2b:f0:47:12:1c]
RSSI: -73 [da:24:68:a4:02:4b]
RSSI: -75 [da:2b:f0:56:12:4c]
RSSI: -70 [da:24:68:a4:02:4b]
RSSI: -75 [da:2b:f0:56:12:4c]
RSSI: -77 [da:2b:f0:56:12:4c]
RSSI: -73 [da:24:68:b3:02:7b]
RSSI: -76 [da:2b:f0:64:12:7c]
RSSI: -72 [da:24:68:b3:02:7b]
RSSI: -80 [da:2b:f0:70:12:9c]
RSSI: -72 [da:24:68:c3:02:ab]
RSSI: -80 [da:2b:f0:70:12:9c]
RSSI: -79 [da:2b:f0:70:12:9c]
RSSI: -68 [da:24:68:cf:02:cb]
RSSI: -68 [da:24:68:cf:02:cb]
RSSI: -72 [da:24:68:cf:02:cb]
RSSI: -83 [da:2b:f0:7f:12:cc]
RSSI: -71 [da:24:68:df:02:fb]
RSSI: -67 [da:24:68:df:02:fb]
RSSI: -73 [da:24:68:ee:03:2b]
RSSI: -70 [da:24:68:ee:03:2b]
RSSI: -72 [da:24:68:fa:03:4b]
RSSI: -87 [da:2b:f0:a8:13:4c]
RSSI: -72 [da:24:69:0a:03:7b]
RSSI: -69 [da:24:69:19:03:ab]
RSSI: -83 [da:2b:f0:c3:13:9c]
RSSI: -69 [da:24:69:19:03:ab]
RSSI: -86 [da:2b:f0:c3:13:9c]
RSSI: -84 [da:2b:f0:d2:13:cc]
RSSI: -72 [da:24:69:25:03:db]
RSSI: -83 [da:2b:f0:d2:13:cc]
RSSI: -69 [da:24:69:25:03:db]
RSSI: -72 [da:24:69:35:03:fb]
RSSI: -71 [da:24:69:35:03:fb]
RSSI: -70 [da:24:69:35:03:fb]
RSSI: -86 [da:2b:f0:ec:14:2c]
RSSI: -67 [da:24:69:44:04:2b]
RSSI: -70 [da:24:69:51:04:5b]
RSSI: -67 [da:24:69:51:04:5b]
RSSI: -87 [da:2b:f1:09:14:7c]
RSSI: -72 [da:24:69:60:04:7b]
RSSI: -71 [da:24:69:60:04:7b]
RSSI: -82 [da:2b:f1:16:14:ac]
RSSI: -74 [da:24:69:6f:04:ab]
RSSI: -85 [da:2b:f1:24:14:cc]
RSSI: -72 [da:24:69:7c:04:db]
RSSI: -78 [da:24:69:8b:05:0b]
RSSI: -74 [da:24:69:8b:05:0b]
RSSI: -78 [da:24:69:9a:05:2b]
RSSI: -80 [da:24:69:9a:05:2b]
RSSI: -80 [da:24:69:9a:05:2b]
RSSI: -84 [da:2b:f1:4e:15:5c]
RSSI: -80 [da:24:69:a7:05:5b]
RSSI: -86 [da:2b:f1:5c:15:8c]
RSSI: -82 [da:24:69:b6:05:8b]
RSSI: -84 [da:2b:f1:69:15:ac]
RSSI: -85 [da:24:69:c5:05:ab]
RSSI: -83 [da:2b:f1:77:15:dc]
RSSI: -83 [da:24:69:e1:06:0b]
RSSI: -84 [da:24:69:e1:06:0b]
RSSI: -79 [da:24:69:f1:06:3b]
RSSI: -84 [da:24:69:fd:06:5b]
RSSI: -79 [da:24:69:fd:06:5b]
RSSI: -85 [da:2b:f1:ca:00:5c]
RSSI: -84 [da:2b:f1:d8:00:8c]
RSSI: -82 [da:24:6a:28:06:db]
RSSI: -85 [da:2b:f1:d8:00:8c]
RSSI: -90 [da:24:6a:38:07:0b]
RSSI: -82 [da:2b:f1:e5:00:ac]
RSSI: -82 [da:24:6a:38:07:0b]
RSSI: -81 [da:2b:f1:e5:00:ac]
RSSI: -85 [da:24:6a:47:07:3b]
RSSI: -83 [da:2b:f1:f3:00:dc]
RSSI: -84 [da:24:6a:63:07:8b]
RSSI: -79 [da:2b:f2:0e:01:2c]
RSSI: -84 [da:24:6a:63:07:8b]
RSSI: -82 [da:2b:f2:1d:01:5c]
RSSI: -84 [da:24:6a:72:07:bb]
RSSI: -77 [da:2b:f2:1d:01:5c]
RSSI: -84 [da:24:6a:7f:07:eb]
RSSI: -80 [da:2b:f2:2b:01:8c]
RSSI: -77 [da:2b:f2:38:01:ac]
RSSI: -79 [da:2b:f2:46:01:dc]
RSSI: -83 [da:24:6a:9d:08:3b]
RSSI: -81 [da:24:6a:aa:08:6b]
RSSI: -82 [da:2b:f2:55:02:0c]
RSSI: -83 [da:24:6a:aa:08:6b]
RSSI: -88 [da:2b:f2:61:02:3c]
RSSI: -84 [da:24:6a:b9:08:8b]
RSSI: -85 [da:2b:f2:61:02:3c]
RSSI: -82 [da:24:6a:b9:08:8b]
RSSI: -91 [da:2b:f2:8b:02:bc]
RSSI: -86 [da:24:6a:e5:09:1b]
RSSI: -91 [da:24:6a:f4:09:3b]
RSSI: -84 [da:24:6a:f4:09:3b]
RSSI: -84 [da:2b:f2:a8:03:1c]
RSSI: -91 [da:24:6b:10:09:9b]
RSSI: -89 [da:2b:f2:c3:03:6c]
RSSI: -88 [da:24:6b:1f:09:cb]
RSSI: -85 [da:2b:f2:d1:03:9c]
RSSI: -90 [da:24:6b:2c:09:eb]
RSSI: -86 [da:2b:f2:de:03:bc]
RSSI: -83 [da:2b:f2:de:03:bc]
RSSI: -84 [da:24:6b:4b:0a:4b]
RSSI: -85 [da:2b:f2:fb:04:1c]
RSSI: -82 [da:24:6b:57:0a:6b]
RSSI: -82 [da:2b:f3:08:04:3c]
RSSI: -84 [da:24:6b:67:0a:9b]
RSSI: -80 [da:2b:f3:16:04:6c]
RSSI: -85 [da:24:6b:67:0a:9b]
RSSI: -79 [da:2b:f3:16:04:6c]
RSSI: -81 [da:2b:f3:16:04:6c]
RSSI: -84 [da:24:6b:76:0a:cb]
RSSI: -84 [da:2b:f3:25:04:9c]
RSSI: -82 [da:24:6b:83:0a:eb]
RSSI: -82 [da:2b:f3:31:04:bc]
RSSI: -84 [da:24:6b:83:0a:eb]
RSSI: -85 [da:24:6b:92:0b:1b]
RSSI: -82 [da:2b:f3:40:04:ec]
RSSI: -82 [da:24:6b:92:0b:1b]
RSSI: -85 [da:24:6b:a1:0b:4b]
RSSI: -85 [da:24:6b:a1:0b:4b]
RSSI: -83 [da:2b:f3:4e:05:1c]
RSSI: -84 [da:24:6b:ae:0b:6b]
RSSI: -86 [da:2b:f3:5b:05:4c]
RSSI: -83 [da:2b:f3:69:05:6c]
RSSI: -81 [da:24:6b:bd:0b:9b]
RSSI: -90 [da:2b:f3:78:05:9c]
RSSI: -85 [da:24:6b:cd:0b:cb]
RSSI: -89 [da:2b:f3:78:05:9c]
RSSI: -82 [da:24:6b:cd:0b:cb]
RSSI: -87 [da:24:6b:d9:0b:eb]
RSSI: -86 [da:24:6b:d9:0b:eb]
RSSI: -89 [da:24:6b:e9:0c:1b]
RSSI: -86 [da:2b:f3:a1:06:2c]
RSSI: -84 [da:24:6b:f8:0c:4b]
RSSI: -86 [da:24:6c:05:0c:6b]
RSSI: -89 [da:24:6c:14:0c:9b]
RSSI: -90 [da:24:6c:24:0c:cb]
RSSI: -82 [da:24:6c:30:0c:fb]
RSSI: -90 [da:2b:f3:e6:06:fc]
RSSI: -83 [da:24:6c:40:0d:2b]
RSSI: -84 [da:24:6c:40:0d:2b]
RSSI: -89 [da:2b:f3:f5:07:2c]
RSSI: -90 [da:2b:f4:01:07:5c]
RSSI: -85 [da:2b:f4:10:07:8c]
RSSI: -85 [da:2b:f4:10:07:8c]
RSSI: -89 [da:24:6c:6b:0d:ab]
RSSI: -85 [da:2b:f4:2b:07:dc]
RSSI: -88 [da:2b:f4:3a:08:0c]
RSSI: -88 [da:24:6c:97:0e:2b]
RSSI: -94 [da:2b:f4:48:08:3c]
RSSI: -91 [da:2b:f4:55:08:6c]
RSSI: -89 [da:24:6c:b3:0e:7b]
RSSI: -89 [da:2b:f4:72:08:bc]
RSSI: -87 [da:2b:f4:72:08:bc]
RSSI: -90 [da:24:6c:d1:0e:db]
RSSI: -87 [da:24:6c:de:0e:fb]
RSSI: -85 [da:24:6c:ee:0f:2b]
RSSI: -88 [da:24:6c:fd:0f:5b]
RSSI: -87 [da:24:6d:0a:0f:7b]
RSSI: -86 [da:24:6d:19:0f:ab]
RSSI: -85 [da:2b:f4:e1:0a:2c]
RSSI: -86 [da:24:6d:35:10:0b]
RSSI: -88 [da:2b:f4:ef:0a:5c]
RSSI: -86 [da:24:6d:45:10:3b]
RSSI: -84 [da:2b:f4:fc:0a:7c]
RSSI: -85 [da:24:6d:54:10:5b]
RSSI: -86 [da:24:6d:54:10:5b]
RSSI: -87 [da:2b:f5:19:0a:dc]
RSSI: -86 [da:2b:f5:19:0a:dc]
RSSI: -84 [da:24:6d:70:10:bb]
RSSI: -87 [da:2b:f5:19:0a:dc]
RSSI: -82 [da:24:6d:70:10:bb]
RSSI: -82 [da:24:6d:7f:10:eb]
RSSI: -81 [da:24:6d:7f:10:eb]
RSSI: -81 [da:2b:f5:34:0b:2c]
RSSI: -81 [da:24:6d:8c:11:0b]
RSSI: -85 [da:2b:f5:43:0b:5c]
RSSI: -77 [da:24:6d:9c:11:3b]
RSSI: -83 [da:2b:f5:4f:0b:8c]
RSSI: -76 [da:24:6d:ab:11:6b]
RSSI: -82 [da:2b:f5:5e:0b:bc]
RSSI: -79 [da:24:6d:b8:11:8b]
RSSI: -82 [da:2b:f5:5e:0b:bc]
RSSI: -78 [da:24:6d:b8:11:8b]
RSSI: -81 [da:2b:f5:6d:0b:ec]
RSSI: -80 [da:2b:f5:6d:0b:ec]
RSSI: -80 [da:24:6d:c7:11:bb]
RSSI: -80 [da:2b:f5:79:0c:0c]
RSSI: -81 [da:2b:f5:79:0c:0c]
RSSI: -77 [da:24:6d:d7:11:eb]
RSSI: -81 [da:2b:f5:88:0c:3c]
RSSI: -80 [da:2b:f5:88:0c:3c]
RSSI: -90 [da:26:51:e9:09:2a]
RSSI: -78 [da:2b:f5:96:0c:6c]
RSSI: -82 [da:2b:f5:a3:0c:9c]
RSSI: -78 [da:2b:f5:a3:0c:9c]
RSSI: -80 [da:24:6d:fc:12:5b]
RSSI: -90 [da:26:52:05:09:7a]
RSSI: -79 [da:2b:f5:c0:0c:ec]
RSSI: -81 [da:2b:f5:c0:0c:ec]
RSSI: -80 [da:24:6e:15:12:9b]
RSSI: -80 [da:2b:f5:c0:0c:ec]
RSSI: -81 [da:24:6e:15:12:9b]
RSSI: -76 [da:2b:f5:cd:0d:1c]
RSSI: -82 [da:24:6e:25:12:cb]
RSSI: -81 [da:24:6e:34:12:fb]
RSSI: -86 [da:26:52:31:09:fa]
RSSI: -80 [da:24:6e:34:12:fb]
RSSI: -85 [da:26:52:31:09:fa]
RSSI: -79 [da:2b:f5:ea:0d:7c]
RSSI: -76 [da:2b:f5:ea:0d:7c]
RSSI: -75 [da:2b:f5:f7:0d:9c]
RSSI: -83 [da:2b:f5:f7:0d:9c]
RSSI: -86 [da:26:52:51:0a:4a]
RSSI: -87 [da:26:52:51:0a:4a]
RSSI: -83 [da:24:6e:51:13:4b]
RSSI: -80 [da:2b:f6:05:0d:cc]
RSSI: -79 [da:24:6e:60:13:7b]
RSSI: -87 [da:26:52:5e:0a:6a]
RSSI: -78 [da:24:6e:6d:13:9b]
RSSI: -85 [da:26:52:6d:0a:9a]
RSSI: -85 [da:2b:f6:21:0e:2c]
RSSI: -86 [da:26:52:7d:0a:ca]
RSSI: -79 [da:24:6e:7c:13:cb]
RSSI: -78 [da:2b:f6:2f:0e:4c]
RSSI: -86 [da:26:52:8a:0a:fa]
RSSI: -77 [da:2b:f6:2f:0e:4c]
RSSI: -81 [da:24:6e:8c:13:fb]
RSSI: -87 [da:26:52:8a:0a:fa]
RSSI: -79 [da:24:6e:8c:13:fb]
RSSI: -74 [da:2b:f6:3e:0e:7c]
RSSI: -83 [da:24:6e:98:14:1b]
RSSI: -71 [da:2b:f6:4a:0e:ac]
RSSI: -83 [da:24:6e:98:14:1b]
RSSI: -71 [da:2b:f6:4a:0e:ac]
RSSI: -87 [da:26:52:a9:0b:4a]
RSSI: -80 [da:24:6e:a8:14:4b]
RSSI: -69 [da:2b:f6:59:0e:dc]
RSSI: -90 [da:26:52:b6:0b:7a]
RSSI: -87 [da:24:6e:b7:14:7b]
RSSI: -66 [da:2b:f6:68:0f:0c]
RSSI: -66 [da:2b:f6:74:0f:2c]
RSSI: -89 [da:26:52:c6:0b:9a]
RSSI: -66 [da:2b:f6:83:0f:5c]
RSSI: -65 [da:2b:f6:83:0f:5c]
RSSI: -85 [da:24:6e:e3:14:fb]
RSSI: -65 [da:2b:f6:92:0f:8c]
RSSI: -66 [da:2b:f6:92:0f:8c]
RSSI: -65 [da:2b:f6:9e:0f:ac]
RSSI: -64 [da:2b:f6:9e:0f:ac]
RSSI: -83 [da:24:6e:ff:15:4b]
RSSI: -65 [da:2b:f6:ad:0f:dc]
RSSI: -83 [da:24:6e:ff:15:4b]
RSSI: -65 [da:2b:f6:ad:0f:dc]
RSSI: -83 [da:24:6f:0f:15:7b]
RSSI: -66 [da:2b:f6:bc:10:0c]
RSSI: -64 [da:2b:f6:c8:10:3c]
RSSI: -81 [da:24:6f:1b:15:9b]
RSSI: -64 [da:2b:f6:c8:10:3c]
RSSI: -67 [da:2b:f6:c8:10:3c]
RSSI: -66 [da:2b:f6:d7:10:6c]
RSSI: -80 [da:24:6f:2b:15:cb]
RSSI: -65 [da:2b:f6:d7:10:6c]
RSSI: -81 [da:24:6f:2b:15:cb]
RSSI: -68 [da:2b:f6:e6:10:9c]
RSSI: -68 [da:2b:f6:e6:10:9c]
RSSI: -67 [da:2b:f6:e6:10:9c]
RSSI: -67 [da:2b:f6:e6:10:9c]
RSSI: -70 [da:2b:f6:f2:10:bc]
RSSI: -79 [da:24:6f:47:16:1b]
RSSI: -77 [da:24:6f:57:16:4b]
RSSI: -70 [da:2b:f7:01:10:ec]
RSSI: -79 [da:24:6f:57:16:4b]
RSSI: -76 [da:24:6f:66:00:2b]
RSSI: -72 [da:2b:f7:10:11:1c]
RSSI: -76 [da:24:6f:66:00:2b]
RSSI: -85 [da:2b:f7:2b:11:7c]
RSSI: -86 [da:2b:f7:2b:11:7c]
RSSI: -76 [da:24:6f:82:00:8b]
RSSI: -77 [da:24:6f:92:00:bb]
RSSI: -85 [da:2b:f7:3a:11:9c]
RSSI: -76 [da:24:6f:92:00:bb]
RSSI: -86 [da:2b:f7:46:11:cc]
RSSI: -76 [da:24:6f:9e:00:db]
RSSI: -84 [da:2b:f7:46:11:cc]
RSSI: -75 [da:24:6f:9e:00:db]
RSSI: -77 [da:2b:f7:64:12:2c]
RSSI: -76 [da:2b:f7:64:12:2c]
RSSI: -75 [da:24:6f:be:01:3b]
RSSI: -79 [da:2b:f7:70:12:4c]
RSSI: -78 [da:2b:f7:70:12:4c]
RSSI: -74 [da:24:6f:ca:01:5b]
RSSI: -75 [da:24:6f:ca:01:5b]
RSSI: -81 [da:2b:f7:7f:12:7c]
RSSI: -80 [da:2b:f7:7f:12:7c]
RSSI: -74 [da:24:6f:da:01:8b]
RSSI: -83 [da:2b:f7:8e:12:ac]
RSSI: -75 [da:24:6f:e9:01:bb]
RSSI: -75 [da:24:6f:e9:01:bb]
RSSI: -74 [da:24:6f:f6:01:db]
RSSI: -73 [da:24:6f:f6:01:db]
RSSI: -72 [da:24:70:06:02:0b]
RSSI: -71 [da:24:70:15:02:3b]
RSSI: -68 [da:24:70:15:02:3b]
RSSI: -68 [da:24:70:22:02:5b]
RSSI: -91 [da:2b:f7:d3:13:8c]
RSSI: -67 [da:24:70:31:02:8b]
RSSI: -66 [da:24:70:31:02:8b]
RSSI: -84 [da:2b:f7:e2:13:bc]
RSSI: -64 [da:24:70:41:02:bb]
RSSI: -84 [da:2b:f7:ee:13:dc]
RSSI: -66 [da:24:70:41:02:bb]
RSSI: -86 [da:2b:f7:ee:13:dc]
RSSI: -63 [da:24:70:4e:02:eb]
RSSI: -88 [da:2b:f7:fd:14:0c]
RSSI: -64 [da:24:70:5d:03:1b]
RSSI: -61 [da:24:70:5d:03:1b]
RSSI: -87 [da:2b:f8:27:14:8c]
RSSI: -63 [da:24:70:79:03:6b]
RSSI: -87 [da:2b:f8:27:14:8c]
RSSI: -60 [da:24:70:89:03:9b]
RSSI: -84 [da:2b:f8:36:14:bc]
RSSI: -64 [da:24:70:89:03:9b]
RSSI: -85 [da:2b:f8:43:14:ec]
RSSI: -63 [da:24:70:99:03:cb]
RSSI: -85 [da:2b:f8:43:14:ec]
RSSI: -86 [da:2b:f8:51:15:1c]
RSSI: -86 [da:2b:f8:60:15:4c]
RSSI: -64 [da:24:70:b5:04:1b]
RSSI: -62 [da:24:70:b5:04:1b]
RSSI: -83 [da:2b:f8:6d:15:6c]
RSSI: -60 [da:24:70:c4:04:4b]
RSSI: -63 [da:24:70:d1:04:6b]
RSSI: -86 [da:2b:f8:7b:15:9c]
RSSI: -61 [da:24:70:d1:04:6b]
RSSI: -64 [da:24:70:e1:04:9b]
RSSI: -86 [da:2b:f8:8a:15:cc]
RSSI: -65 [da:24:70:f0:04:cb]
RSSI: -88 [da:2b:f8:9c:15:fc]
RSSI: -64 [da:24:70:fd:04:eb]
RSSI: -66 [da:24:70:fd:04:eb]
RSSI: -65 [da:24:71:0d:05:1b]
RSSI: -65 [da:24:71:0d:05:1b]
RSSI: -68 [da:24:71:1c:05:4b]
RSSI: -68 [da:24:71:1c:05:4b]
RSSI: -89 [da:2b:f8:d7:00:2c]
RSSI: -70 [da:24:71:29:05:7b]
RSSI: -71 [da:24:71:29:05:7b]
RSSI: -86 [da:2b:f8:d7:00:2c]
RSSI: -73 [da:24:71:38:05:ab]
RSSI: -74 [da:24:71:38:05:ab]
RSSI: -74 [da:24:71:48:05:db]
RSSI: -87 [da:2b:f8:f2:00:8c]
RSSI: -75 [da:24:71:48:05:db]
RSSI: -77 [da:24:71:55:05:fb]
RSSI: -76 [da:24:71:64:06:2b]
RSSI: -90 [da:2b:f9:0f:00:ec]
RSSI: -75 [da:24:71:64:06:2b]
RSSI: -85 [da:2b:f9:1c:01:0c]
RSSI: -72 [da:24:71:74:06:5b]
RSSI: -73 [da:24:71:74:06:5b]
RSSI: -85 [da:2b:f9:2b:01:3c]
RSSI: -71 [da:24:71:81:06:7b]
RSSI: -81 [da:2b:f9:2b:01:3c]
RSSI: -73 [da:24:71:90:06:ab]
RSSI: -72 [da:24:71:90:06:ab]
RSSI: -85 [da:2b:f9:46:01:8c]
RSSI: -75 [da:24:71:a0:06:db]
RSSI: -80 [da:2b:f9:55:01:bc]
RSSI: -81 [da:2b:f9:55:01:bc]
RSSI: -86 [da:2b:f9:55:01:bc]
RSSI: -79 [da:24:71:ad:06:fb]
RSSI: -84 [da:2b:f9:64:01:ec]
RSSI: -76 [da:24:71:bc:07:2b]
RSSI: -80 [da:24:71:bc:07:2b]
RSSI: -88 [da:2b:f9:70:02:1c]
RSSI: -77 [da:24:71:cc:07:5b]
RSSI: -79 [da:24:71:d8:07:7b]
RSSI: -77 [da:24:71:d8:07:7b]
RSSI: -87 [da:2b:f9:8e:02:7c]
RSSI: -86 [da:2b:f9:8e:02:7c]
RSSI: -80 [da:24:71:e8:07:ab]
RSSI: -76 [da:24:71:e8:07:ab]
RSSI: -77 [da:24:71:f8:07:db]
RSSI: -78 [da:24:72:04:08:0b]
RSSI: -79 [da:24:72:04:08:0b]
RSSI: -78 [da:24:72:14:08:3b]
RSSI: -84 [da:2b:f9:c5:03:2c]
RSSI: -78 [da:24:72:24:08:5b]
RSSI: -90 [da:2b:f9:d4:03:5c]
RSSI: -76 [da:24:72:30:08:8b]
RSSI: -77 [da:24:72:30:08:8b]
RSSI: -75 [da:24:72:40:08:bb]
RSSI: -78 [da:24:72:50:08:eb]
RSSI: -84 [da:2b:f9:fe:03:dc]
RSSI: -83 [da:2b:f9:fe:03:dc]
RSSI: -80 [da:24:72:5c:09:0b]
RSSI: -83 [da:2b:fa:0d:04:0c]
RSSI: -81 [da:24:72:5c:09:0b]
RSSI: -82 [da:24:72:6c:09:3b]
RSSI: -80 [da:24:72:7c:09:6b]
RSSI: -77 [da:24:72:7c:09:6b]
RSSI: -85 [da:2b:fa:28:04:5c]
RSSI: -79 [da:24:72:88:09:8b]
RSSI: -86 [da:2b:fa:44:04:ac]
RSSI: -81 [da:24:72:98:09:bb]
RSSI: -84 [da:2b:fa:44:04:ac]
RSSI: -80 [da:24:72:98:09:bb]
RSSI: -81 [da:24:72:a8:09:eb]
RSSI: -81 [da:24:72:a8:09:eb]
RSSI: -85 [da:2b:fa:61:05:0c]
RSSI: -82 [da:24:72:b4:0a:1b]
RSSI: -81 [da:24:72:c4:0a:4b]
RSSI: -81 [da:24:72:c4:0a:4b]
RSSI: -83 [da:24:72:d4:0a:7b]
RSSI: -80 [da:24:72:d4:0a:7b]
RSSI: -79 [da:24:72:e1:0a:9b]
RSSI: -86 [da:2b:fa:98:05:bc]
RSSI: -77 [da:24:72:f0:0a:cb]
RSSI: -85 [da:2b:fa:98:05:bc]
RSSI: -78 [da:24:72:f0:0a:cb]
RSSI: -77 [da:24:73:00:0a:fb]
RSSI: -78 [da:24:73:00:0a:fb]
RSSI: -77 [da:24:73:00:0a:fb]
RSSI: -78 [da:24:73:0d:0b:1b]
RSSI: -78 [da:24:73:0d:0b:1b]
RSSI: -79 [da:24:73:1c:0b:4b]
RSSI: -76 [da:24:73:2c:0b:7b]
RSSI: -80 [da:24:73:2c:0b:7b]
RSSI: -87 [da:2b:fa:e1:06:ac]
RSSI: -78 [da:24:73:39:0b:ab]
RSSI: -76 [da:24:73:39:0b:ab]
RSSI: -77 [da:24:73:48:0b:db]
RSSI: -77 [da:24:73:58:0c:0b]
RSSI: -77 [da:24:73:58:0c:0b]
RSSI: -77 [da:24:73:65:0c:2b]
RSSI: -77 [da:24:73:65:0c:2b]
RSSI: -78 [da:24:73:75:0c:5b]
RSSI: -79 [da:24:73:84:0c:8b]
RSSI: -86 [da:2b:fb:35:07:bc]
RSSI: -79 [da:24:73:91:0c:ab]
RSSI: -80 [da:24:73:91:0c:ab]
RSSI: -80 [da:24:73:91:0c:ab]
RSSI: -81 [da:24:73:91:0c:ab]
RSSI: -80 [da:24:73:a1:0c:db]
RSSI: -77 [da:24:73:b0:0d:0b]
RSSI: -80 [da:24:73:bd:0d:2b]
RSSI: -78 [da:24:73:bd:0d:2b]
RSSI: -80 [da:24:73:cd:0d:5b]
RSSI: -80 [da:24:73:dc:0d:8b]
RSSI: -87 [da:2b:fb:8a:08:bc]
RSSI: -80 [da:24:73:e9:0d:bb]
RSSI: -79 [da:24:73:e9:0d:bb]
RSSI: -82 [da:24:73:f9:0d:eb]
RSSI: -84 [da:24:73:f9:0d:eb]
RSSI: -80 [da:24:74:09:0e:0b]
RSSI: -82 [da:24:74:09:0e:0b]
RSSI: -80 [da:24:74:15:0e:3b]
RSSI: -82 [da:24:74:15:0e:3b]
RSSI: -80 [da:24:74:25:0e:6b]
RSSI: -81 [da:24:74:25:0e:6b]
RSSI: -82 [da:24:74:35:0e:9b]
RSSI: -84 [da:24:74:41:0e:bb]
RSSI: -88 [da:2b:fb:ec:09:fc]
RSSI: -85 [da:24:74:51:0e:eb]
RSSI: -83 [da:24:74:61:0f:1b]
RSSI: -85 [da:24:74:6e:0f:3b]
RSSI: -90 [da:2b:fc:25:0a:ac]
RSSI: -87 [da:24:74:7d:0f:6b]
RSSI: -89 [da:2b:fc:25:0a:ac]
RSSI: -82 [da:24:74:7d:0f:6b]
RSSI: -86 [da:24:74:8d:0f:9b]
RSSI: -85 [da:24:74:8d:0f:9b]
RSSI: -84 [da:2b:fc:50:0b:3c]
RSSI: -82 [da:24:74:aa:0f:fb]
RSSI: -82 [da:24:74:b9:10:2b]
RSSI: -87 [da:2b:fc:5e:0b:6c]
RSSI: -82 [da:24:74:b9:10:2b]
RSSI: -84 [da:24:74:c6:10:4b]
RSSI: -80 [da:24:74:c6:10:4b]
RSSI: -86 [da:2b:fc:7a:0b:bc]
RSSI: -82 [da:24:74:d6:10:7b]
RSSI: -87 [da:2b:fc:89:0b:ec]
RSSI: -81 [da:24:74:d6:10:7b]
RSSI: -84 [da:24:74:e6:10:ab]
RSSI: -83 [da:24:74:e6:10:ab]
RSSI: -82 [da:24:74:e6:10:ab]
RSSI: -86 [da:2b:fc:96:0c:1c]
RSSI: -87 [da:2b:fc:96:0c:1c]
RSSI: -81 [da:24:74:f2:10:cb]
RSSI: -80 [da:24:75:02:10:fb]
RSSI: -83 [da:2b:fc:b4:0c:7c]
RSSI: -79 [da:24:75:12:11:2b]
RSSI: -89 [da:2b:fc:c0:0c:9c]
RSSI: -78 [da:24:75:1e:11:4b]
RSSI: -76 [da:24:75:1e:11:4b]
RSSI: -76 [da:24:75:1e:11:4b]
RSSI: -83 [da:2b:fc:cf:0c:cc]
RSSI: -81 [da:2b:fc:de:0c:fc]
RSSI: -91 [da:2b:fc:de:0c:fc]
RSSI: -75 [da:24:75:3e:11:ab]
RSSI: -79 [da:2b:fc:eb:0d:2c]
RSSI: -78 [da:2b:fc:eb:0d:2c]
RSSI: -74 [da:24:75:4b:11:cb]
RSSI: -74 [da:24:75:4b:11:cb]
RSSI: -75 [da:24:75:4b:11:cb]
RSSI: -85 [da:2b:fd:09:0d:8c]
RSSI: -81 [da:2b:fd:15:0d:ac]
RSSI: -75 [da:24:75:6a:12:2b]
RSSI: -84 [da:2b:fd:15:0d:ac]
RSSI: -77 [da:24:75:77:12:5b]
RSSI: -86 [da:2b:fd:24:0d:ec]
RSSI: -77 [da:24:75:77:12:5b]
RSSI: -88 [da:2b:fd:24:0d:ec]
RSSI: -80 [da:2b:fd:33:0e:1c]
RSSI: -77 [da:24:75:87:12:8b]
RSSI: -81 [da:2b:fd:33:0e:1c]
RSSI: -77 [da:24:75:87:12:8b]
RSSI: -77 [da:24:75:97:12:bb]
RSSI: -76 [da:2b:fd:40:0e:3c]
RSSI: -77 [da:2b:fd:4f:0e:6c]
RSSI: -77 [da:24:75:a3:12:db]
RSSI: -75 [da:2b:fd:4f:0e:6c]
RSSI: -74 [da:2b:fd:5e:0e:9c]
RSSI: -77 [da:24:75:b3:13:0b]
RSSI: -73 [da:2b:fd:6b:0e:cc]
RSSI: -79 [da:24:75:c3:13:3b]
RSSI: -71 [da:2b:fd:6b:0e:cc]
RSSI: -80 [da:24:75:c3:13:3b]
RSSI: -79 [da:24:75:d0:13:5b]
RSSI: -71 [da:2b:fd:7a:0e:fc]
RSSI: -78 [da:24:75:d0:13:5b]
RSSI: -68 [da:2b:fd:89:0f:2c]
RSSI: -77 [da:24:75:e0:13:8b]
RSSI: -67 [da:2b:fd:95:0f:4c]
RSSI: -76 [da:24:75:ef:13:bb]
RSSI: -67 [da:2b:fd:a4:0f:7c]
RSSI: -75 [da:24:75:fc:13:eb]
RSSI: -68 [da:2b:fd:b3:0f:ac]
RSSI: -74 [da:24:76:0c:14:1b]
RSSI: -68 [da:2b:fd:b3:0f:ac]
RSSI: -74 [da:24:76:0c:14:1b]
RSSI: -67 [da:2b:fd:c0:0f:dc]
RSSI: -74 [da:24:76:1c:14:3b]
RSSI: -74 [da:24:76:1c:14:3b]
RSSI: -67 [da:2b:fd:cf:10:0c]
RSSI: -88 [da:26:5a:27:0a:ba]
RSSI: -75 [da:24:76:28:14:6b]
RSSI: -68 [da:2b:fd:de:10:3c]
RSSI: -88 [da:26:5a:33:0a:da]
RSSI: -67 [da:2b:fd:de:10:3c]
RSSI: -76 [da:24:76:38:14:9b]
RSSI: -77 [da:24:76:38:14:9b]
RSSI: -68 [da:2b:fd:ea:10:5c]
RSSI: -77 [da:24:76:48:14:cb]
RSSI: -69 [da:2b:fd:ea:10:5c]
RSSI: -78 [da:24:76:48:14:cb]
RSSI: -75 [da:2b:fd:fa:10:8c]
RSSI: -78 [da:24:76:55:14:eb]
RSSI: -70 [da:2b:fe:08:10:bc]
RSSI: -82 [da:24:76:65:15:1b]
RSSI: -71 [da:2b:fe:15:10:ec]
RSSI: -79 [da:24:76:65:15:1b]
RSSI: -82 [da:24:76:74:15:4b]
RSSI: -74 [da:2b:fe:24:11:1c]
RSSI: -74 [da:2b:fe:24:11:1c]
RSSI: -74 [da:2b:fe:24:11:1c]
RSSI: -75 [da:2b:fe:33:11:4c]
RSSI: -78 [da:2b:fe:33:11:4c]
RSSI: -84 [da:24:76:91:15:9b]
RSSI: -83 [da:24:76:91:15:9b]
RSSI: -83 [da:24:76:91:15:9b]
RSSI: -84 [da:24:76:91:15:9b]
RSSI: -79 [da:24:76:a1:15:cb]
RSSI: -82 [da:24:76:a1:15:cb]
RSSI: -85 [da:2b:fe:5e:11:cc]
RSSI: -80 [da:24:76:ad:15:eb]
RSSI: -80 [da:24:76:bd:16:1b]
RSSI: -82 [da:2b:fe:6a:11:ec]
RSSI: -79 [da:24:76:bd:16:1b]
RSSI: -78 [da:2b:fe:6a:11:ec]
RSSI: -79 [da:24:76:cd:16:4b]
RSSI: -78 [da:2b:fe:7a:12:1c]
RSSI: -77 [da:24:76:da:16:6b]
RSSI: -80 [da:2b:fe:95:12:7c]
RSSI: -78 [da:24:76:ea:00:0b]
RSSI: -82 [da:2b:fe:95:12:7c]
RSSI: -76 [da:24:76:ea:00:0b]
RSSI: -76 [da:24:76:fa:00:2b]
RSSI: -76 [da:24:76:fa:00:2b]
RSSI: -78 [da:24:76:fa:00:2b]
RSSI: -77 [da:24:77:06:00:5b]
RSSI: -76 [da:24:77:06:00:5b]
RSSI: -76 [da:24:77:16:00:8b]
RSSI: -78 [da:24:77:26:00:bb]
RSSI: -75 [da:24:77:26:00:bb]
RSSI: -77 [da:24:77:33:00:db]
RSSI: -78 [da:24:77:33:00:db]
RSSI: -84 [da:2b:fe:eb:13:7c]
RSSI: -76 [da:24:77:43:01:0b]
RSSI: -75 [da:24:77:53:01:3b]
RSSI: -84 [da:2b:fe:fa:13:ac]
RSSI: -75 [da:24:77:53:01:3b]
RSSI: -75 [da:24:77:5f:01:5b]
RSSI: -74 [da:24:77:6f:01:8b]
RSSI: -86 [da:2b:ff:25:14:3c]
RSSI: -76 [da:24:77:7f:01:bb]
RSSI: -75 [da:24:77:8c:01:db]
RSSI: -88 [da:2b:ff:34:14:6c]
RSSI: -75 [da:24:77:8c:01:db]
RSSI: -83 [da:2b:ff:40:14:8c]
RSSI: -74 [da:24:77:9c:02:0b]
RSSI: -85 [da:2b:ff:4f:14:bc]
RSSI: -72 [da:24:77:ac:02:3b]
RSSI: -72 [da:24:77:ac:02:3b]
RSSI: -71 [da:24:77:b8:02:6b]
RSSI: -70 [da:24:77:b8:02:6b]
RSSI: -70 [da:24:77:c8:02:9b]
RSSI: -83 [da:2b:ff:7a:15:4c]
RSSI: -68 [da:24:77:d8:02:bb]
RSSI: -68 [da:24:77:d8:02:bb]
RSSI: -86 [da:2b:ff:89:15:7c]
RSSI: -67 [da:24:77:e5:02:eb]
RSSI: -67 [da:24:77:e5:02:eb]
RSSI: -86 [da:2b:ff:96:15:9c]
RSSI: -84 [da:2b:ff:96:15:9c]
RSSI: -66 [da:24:77:f5:03:1b]
RSSI: -66 [da:24:78:05:03:4b]
RSSI: -87 [da:2b:ff:b4:15:fc]
RSSI: -65 [da:24:78:11:03:6b]
RSSI: -65 [da:24:78:11:03:6b]
RSSI: -65 [da:24:78:21:03:9b]
RSSI: -66 [da:24:78:3e:03:fb]
RSSI: -67 [da:24:78:3e:03:fb]
RSSI: -86 [da:2b:ff:ec:00:2c]
RSSI: -66 [da:24:78:4e:04:2b]
RSSI: -67 [da:24:78:5e:04:5b]
RSSI: -69 [da:24:78:6a:04:7b]
RSSI: -85 [da:2c:00:26:00:ec]
RSSI: -70 [da:24:78:7a:04:ab]
RSSI: -70 [da:24:78:8a:04:db]
RSSI: -87 [da:2c:00:35:01:1c]
RSSI: -68 [da:24:78:97:04:fb]
RSSI: -68 [da:24:78:97:04:fb]
RSSI: -72 [da:24:78:97:04:fb]
RSSI: -80 [da:2c:00:51:01:6c]
RSSI: -71 [da:24:78:a7:05:2b]
RSSI: -81 [da:2c:00:60:01:9c]
RSSI: -76 [da:24:78:b7:05:5b]
RSSI: -82 [da:2c:00:6c:01:cc]
RSSI: -75 [da:24:78:c4:05:8b]
RSSI: -82 [da:2c:00:6c:01:cc]
RSSI: -78 [da:24:78:c4:05:8b]
RSSI: -80 [da:24:78:d4:05:bb]
RSSI: -81 [da:24:78:d4:05:bb]
RSSI: -78 [da:24:78:e4:05:eb]
RSSI: -80 [da:24:78:f0:06:0b]
RSSI: -78 [da:24:78:f0:06:0b]
RSSI: -78 [da:24:79:00:06:3b]
RSSI: -76 [da:24:79:10:06:6b]
RSSI: -75 [da:24:79:10:06:6b]
RSSI: -84 [da:2c:00:c2:02:dc]
RSSI: -74 [da:24:79:1d:06:8b]
RSSI: -76 [da:24:79:1d:06:8b]
RSSI: -84 [da:2c:00:d1:03:0c]
RSSI: -75 [da:24:79:2d:06:bb]
RSSI: -79 [da:24:79:3d:06:eb]
RSSI: -77 [da:24:79:49:07:1b]
RSSI: -77 [da:24:79:49:07:1b]
RSSI: -79 [da:24:79:49:07:1b]
RSSI: -86 [da:2c:00:fc:03:8c]
RSSI: -79 [da:24:79:5a:07:4b]
RSSI: -85 [da:2c:01:0b:03:bc]
RSSI: -77 [da:24:79:5a:07:4b]
RSSI: -85 [da:2c:01:0b:03:bc]
RSSI: -77 [da:24:79:6a:07:7b]
RSSI: -76 [da:24:79:76:07:9b]
RSSI: -86 [da:2c:01:27:04:0c]
RSSI: -83 [da:2c:01:27:04:0c]
RSSI: -77 [da:24:79:86:07:cb]
RSSI: -85 [da:2c:01:36:04:3c]
RSSI: -80 [da:24:79:96:07:fb]
RSSI: -83 [da:2c:01:43:04:6c]
RSSI: -79 [da:24:79:96:07:fb]
RSSI: -84 [da:2c:01:43:04:6c]
RSSI: -80 [da:24:79:a3:08:2b]
RSSI: -79 [da:24:79:a3:08:2b]
RSSI: -81 [da:2c:01:52:04:9c]
RSSI: -79 [da:24:79:b3:08:5b]
RSSI: -77 [da:24:79:c3:08:8b]
RSSI: -75 [da:24:79:c3:08:8b]
RSSI: -84 [da:2c:01:7d:05:1c]
RSSI: -78 [da:24:79:d0:08:ab]
RSSI: -86 [da:2c:01:7d:05:1c]
RSSI: -76 [da:24:79:e0:08:db]
RSSI: -85 [da:2c:01:8c:05:4c]
RSSI: -78 [da:24:79:e0:08:db]
RSSI: -78 [da:24:79:f0:09:0b]
RSSI: -78 [da:24:79:fc:09:3b]
RSSI: -90 [da:2c:01:b7:05:dc]
RSSI: -79 [da:24:7a:0c:09:6b]
RSSI: -79 [da:24:7a:0c:09:6b]
RSSI: -79 [da:24:7a:1c:09:9b]
RSSI: -78 [da:24:7a:1c:09:9b]
RSSI: -79 [da:24:7a:29:09:bb]
RSSI: -77 [da:24:7a:29:09:bb]
RSSI: -79 [da:24:7a:39:09:eb]
RSSI: -76 [da:24:7a:49:0a:1b]
RSSI: -79 [da:24:7a:49:0a:1b]
RSSI: -85 [da:2c:01:fe:06:bc]
RSSI: -77 [da:24:7a:56:0a:3b]
RSSI: -78 [da:24:7a:66:0a:6b]
RSSI: -77 [da:24:7a:66:0a:6b]
RSSI: -78 [da:24:7a:76:0a:9b]
RSSI: -88 [da:2c:02:29:07:3c]
RSSI: -78 [da:24:7a:82:0a:cb]
RSSI: -78 [da:24:7a:82:0a:cb]
RSSI: -77 [da:24:7a:93:0a:fb]
RSSI: -77 [da:24:7a:93:0a:fb]
RSSI: -77 [da:24:7a:93:0a:fb]
RSSI: -78 [da:24:7a:a3:0b:2b]
RSSI: -78 [da:24:7a:a3:0b:2b]
RSSI: -86 [da:2c:02:54:07:cc]
RSSI: -79 [da:24:7a:af:0b:4b]
RSSI: -81 [da:24:7a:af:0b:4b]
RSSI: -82 [da:24:7a:cf:0b:ab]
RSSI: -79 [da:24:7a:cf:0b:ab]
RSSI: -79 [da:24:7a:dc:0b:cb]
RSSI: -88 [da:2c:02:8f:08:8c]
RSSI: -78 [da:24:7a:ec:0b:fb]
RSSI: -79 [da:24:7a:ec:0b:fb]
RSSI: -78 [da:24:7a:fc:0c:2b]
RSSI: -80 [da:24:7b:09:0c:5b]
RSSI: -78 [da:24:7b:09:0c:5b]
RSSI: -80 [da:24:7b:19:0c:8b]
RSSI: -79 [da:24:7b:19:0c:8b]
RSSI: -80 [da:24:7b:29:0c:bb]
RSSI: -79 [da:24:7b:29:0c:bb]
RSSI: -80 [da:24:7b:36:0c:db]
RSSI: -80 [da:24:7b:36:0c:db]
RSSI: -81 [da:24:7b:46:0d:0b]
RSSI: -81 [da:24:7b:56:0d:3b]
RSSI: -79 [da:24:7b:56:0d:3b]
RSSI: -83 [da:24:7b:62:0d:5b]
RSSI: -82 [da:24:7b:73:0d:8b]
RSSI: -83 [da:24:7b:83:0d:bb]
RSSI: -85 [da:24:7b:8f:0d:eb]
RSSI: -87 [da:2c:03:57:0b:0c]
RSSI: -82 [da:24:7b:b0:0e:4b]
RSSI: -85 [da:2c:03:66:0b:3c]
RSSI: -83 [da:24:7b:bc:0e:6b]
RSSI: -86 [da:2c:03:66:0b:3c]
RSSI: -85 [da:2c:03:73:0b:6c]
RSSI: -86 [da:24:7b:cc:0e:9b]
RSSI: -84 [da:2c:03:92:0b:cc]
RSSI: -82 [da:2c:03:9e:0b:ec]
RSSI: -81 [da:2c:03:ae:0c:1c]
RSSI: -87 [da:2c:03:bd:0c:4c]
RSSI: -90 [da:2c:03:ca:0c:7c]
RSSI: -83 [da:24:7c:26:0f:ab]
RSSI: -83 [da:24:7c:36:0f:db]
RSSI: -81 [da:2c:03:e8:0c:dc]
RSSI: -82 [da:24:7c:43:10:0b]
RSSI: -77 [da:2c:04:04:0d:3c]
RSSI: -83 [da:24:7c:63:10:6b]
RSSI: -73 [da:2c:04:13:0d:6c]
RSSI: -88 [da:2c:04:13:0d:6c]
RSSI: -82 [da:24:7c:70:10:8b]
RSSI: -82 [da:24:7c:70:10:8b]
RSSI: -83 [da:24:7c:70:10:8b]
RSSI: -75 [da:2c:04:20:0d:8c]
RSSI: -77 [da:2c:04:2f:0d:bc]
RSSI: -85 [da:2c:04:3f:0d:ec]
RSSI: -84 [da:24:7c:9d:11:1b]
RSSI: -81 [da:2c:04:5b:0e:4c]
RSSI: -83 [da:24:7c:ad:11:4b]
RSSI: -80 [da:2c:04:5b:0e:4c]
RSSI: -73 [da:2c:04:6a:0e:7c]
RSSI: -81 [da:24:7c:bd:11:7b]
RSSI: -80 [da:24:7c:bd:11:7b]
RSSI: -77 [da:24:7c:bd:11:7b]
RSSI: -73 [da:2c:04:77:0e:9c]
RSSI: -71 [da:2c:04:77:0e:9c]
RSSI: -77 [da:24:7c:d2:11:bb]
RSSI: -79 [da:24:7c:d2:11:bb]
RSSI: -70 [da:2c:04:86:0e:cc]
RSSI: -77 [da:24:7c:e3:11:eb]
RSSI: -70 [da:2c:04:95:0e:fc]
RSSI: -76 [da:24:7c:f3:12:1b]
RSSI: -70 [da:2c:04:a2:0f:2c]
RSSI: -77 [da:24:7c:f3:12:1b]
RSSI: -69 [da:2c:04:a2:0f:2c]
RSSI: -77 [da:24:7c:ff:12:3b]
RSSI: -69 [da:2c:04:b1:0f:5c]
RSSI: -68 [da:2c:04:b1:0f:5c]
RSSI: -87 [da:24:7d:0f:12:6b]
RSSI: -80 [da:24:7d:20:12:9b]
RSSI: -68 [da:2c:04:cd:0f:bc]
RSSI: -78 [da:24:7d:2c:12:bb]
RSSI: -67 [da:2c:04:dd:0f:ec]
RSSI: -81 [da:24:7d:2c:12:bb]
RSSI: -68 [da:2c:04:dd:0f:ec]
RSSI: -69 [da:2c:04:ec:10:1c]
RSSI: -80 [da:24:7d:3c:12:eb]
RSSI: -69 [da:2c:04:ec:10:1c]
RSSI: -68 [da:2c:04:ec:10:1c]
RSSI: -81 [da:24:7d:49:13:1b]
RSSI: -71 [da:2c:04:f9:10:3c]
RSSI: -82 [da:24:7d:56:13:3b]
RSSI: -70 [da:2c:05:08:10:6c]
RSSI: -71 [da:2c:05:08:10:6c]
RSSI: -79 [da:24:7d:62:13:5b]
RSSI: -70 [da:2c:05:17:10:9c]
RSSI: -92 [da:26:61:7c:09:7a]
RSSI: -72 [da:2c:05:24:10:cc]
RSSI: -82 [da:24:7d:88:13:cb]
RSSI: -77 [da:24:7d:95:13:fb]
RSSI: -77 [da:24:7d:a2:14:1b]
RSSI: -94 [da:26:61:a3:09:ea]
RSSI: -90 [da:26:61:a3:09:ea]
RSSI: -86 [da:2c:05:4f:11:4c]
RSSI: -79 [da:24:7d:ae:14:3b]
RSSI: -76 [da:24:7d:ae:14:3b]
RSSI: -76 [da:24:7d:bb:14:6b]
RSSI: -88 [da:26:61:bd:0a:3a]
RSSI: -78 [da:24:7d:bb:14:6b]
RSSI: -76 [da:24:7d:c8:14:8b]
RSSI: -76 [da:24:7d:c8:14:8b]
RSSI: -82 [da:2c:05:7b:11:dc]
RSSI: -80 [da:24:7d:d5:14:ab]
RSSI: -80 [da:2c:05:7b:11:dc]
RSSI: -78 [da:24:7d:e1:14:db]
RSSI: -80 [da:2c:05:8a:12:0c]
RSSI: -81 [da:24:7d:e1:14:db]
RSSI: -79 [da:2c:05:8a:12:0c]
RSSI: -79 [da:24:7d:ee:14:fb]
RSSI: -80 [da:24:7d:ee:14:fb]
RSSI: -80 [da:24:7d:ee:14:fb]
RSSI: -79 [da:2c:05:99:12:3c]
RSSI: -80 [da:24:7d:ee:14:fb]
RSSI: -81 [da:24:7d:fb:15:1b]
RSSI: -83 [da:24:7e:07:15:4b]
RSSI: -82 [da:24:7e:14:15:6b]
RSSI: -84 [da:2c:05:b6:12:9c]
RSSI: -83 [da:24:7e:14:15:6b]
RSSI: -87 [da:2c:05:c5:12:cc]
RSSI: -88 [da:2c:05:c5:12:cc]
RSSI: -86 [da:24:7e:21:15:8b]
RSSI: -87 [da:24:7e:21:15:8b]
RSSI: -86 [da:24:7e:2d:15:bb]
RSSI: -85 [da:24:7e:47:15:fb]
RSSI: -85 [da:24:7e:47:15:fb]
RSSI: -83 [da:24:7e:54:16:2b]
RSSI: -83 [da:2c:05:fd:13:7c]
RSSI: -83 [da:24:7e:54:16:2b]
RSSI: -83 [da:24:7e:60:16:4b]
RSSI: -82 [da:2c:06:0c:13:ac]
RSSI: -83 [da:24:7e:60:16:4b]
RSSI: -83 [da:24:7e:6d:16:7b]
RSSI: -81 [da:24:7e:7a:00:0b]
RSSI: -81 [da:24:7e:7a:00:0b]
RSSI: -85 [da:24:7e:7a:00:0b]
RSSI: -86 [da:2c:06:28:13:fc]
RSSI: -81 [da:24:7e:86:00:2b]
RSSI: -85 [da:24:7e:93:00:4b]
RSSI: -83 [da:2c:06:38:14:2c]
RSSI: -82 [da:24:7e:a0:00:7b]
RSSI: -84 [da:2c:06:47:14:5c]
RSSI: -81 [da:24:7e:a0:00:7b]
RSSI: -85 [da:24:7e:ad:00:9b]
RSSI: -83 [da:2c:06:54:14:8c]
RSSI: -85 [da:24:7e:ad:00:9b]
RSSI: -83 [da:2c:06:63:14:bc]
RSSI: -84 [da:2c:06:73:14:ec]
RSSI: -87 [da:24:7e:d3:01:0b]
RSSI: -80 [da:24:7e:e0:01:2b]
RSSI: -87 [da:24:7e:ec:01:5b]
RSSI: -82 [da:2c:06:9f:15:6c]
RSSI: -87 [da:2c:06:9f:15:6c]
RSSI: -85 [da:24:7e:f9:01:7b]
RSSI: -77 [da:24:7f:06:01:ab]
RSSI: -79 [da:24:7f:2c:02:1b]
RSSI: -78 [da:24:7f:2c:02:1b]
RSSI: -77 [da:24:7f:39:02:3b]
RSSI: -74 [da:24:7f:45:02:5b]
RSSI: -72 [da:24:7f:52:02:8b]
RSSI: -86 [da:2c:07:08:00:5c]
RSSI: -72 [da:24:7f:5f:02:ab]
RSSI: -70 [da:24:7f:6c:02:db]
RSSI: -86 [da:2c:07:18:00:8c]
RSSI: -70 [da:24:7f:6c:02:db]
RSSI: -67 [da:24:7f:78:02:fb]
RSSI: -68 [da:24:7f:85:03:1b]
RSSI: -86 [da:2c:07:34:00:ec]
RSSI: -68 [da:24:7f:92:03:4b]
RSSI: -66 [da:24:7f:92:03:4b]
RSSI: -87 [da:2c:07:43:01:1c]
RSSI: -83 [da:2c:07:43:01:1c]
RSSI: -64 [da:24:7f:9f:03:6b]
RSSI: -85 [da:2c:07:53:01:4c]
RSSI: -66 [da:24:7f:ab:03:8b]
RSSI: -84 [da:2c:07:53:01:4c]
RSSI: -67 [da:24:7f:b8:03:bb]
RSSI: -87 [da:2c:07:5f:01:6c]
RSSI: -66 [da:24:7f:b8:03:bb]
RSSI: -78 [da:2c:07:6f:01:9c]
RSSI: -63 [da:24:7f:c5:03:db]
RSSI: -85 [da:2c:07:6f:01:9c]
RSSI: -80 [da:2c:07:7e:01:cc]
RSSI: -66 [da:24:7f:d2:04:0b]
RSSI: -82 [da:2c:07:7e:01:cc]
RSSI: -78 [da:2c:07:7e:01:cc]
RSSI: -69 [da:24:7f:df:04:2b]
RSSI: -85 [da:2c:07:8b:01:fc]
RSSI: -69 [da:24:7f:df:04:2b]
RSSI: -67 [da:24:7f:df:04:2b]
RSSI: -83 [da:2c:07:8b:01:fc]
RSSI: -63 [da:24:7f:eb:04:5b]
RSSI: -88 [da:2c:07:9b:02:2c]
RSSI: -69 [da:24:7f:f8:04:7b]
RSSI: -86 [da:2c:07:aa:02:5c]
RSSI: -73 [da:24:80:05:04:9b]
RSSI: -73 [da:24:80:05:04:9b]
RSSI: -73 [da:24:80:05:04:9b]
RSSI: -75 [da:24:80:1e:04:eb]
RSSI: -78 [da:24:80:2b:05:0b]
RSSI: -78 [da:24:80:2b:05:0b]
RSSI: -87 [da:2c:07:e2:03:0c]
RSSI: -78 [da:24:80:45:05:5b]
RSSI: -88 [da:2c:07:f2:03:3c]
RSSI: -76 [da:24:80:51:05:7b]
RSSI: -77 [da:24:80:51:05:7b]
RSSI: -80 [da:24:80:5e:05:ab]
RSSI: -77 [da:24:80:6b:05:cb]
RSSI: -86 [da:2c:08:2d:03:fc]
RSSI: -82 [da:2c:08:49:04:4c]
RSSI: -86 [da:2c:08:59:04:7c]
RSSI: -81 [da:24:80:b8:06:bb]
RSSI: -86 [da:2c:08:65:04:ac]
RSSI: -78 [da:24:80:c5:06:db]
RSSI: -78 [da:24:80:c5:06:db]
RSSI: -83 [da:2c:08:75:04:dc]
RSSI: -86 [da:24:80:d1:06:fb]
RSSI: -80 [da:24:80:de:07:2b]
RSSI: -85 [da:2c:08:84:05:0c]
RSSI: -83 [da:24:80:eb:07:4b]
RSSI: -83 [da:24:80:eb:07:4b]
RSSI: -86 [da:24:80:f8:07:7b]
RSSI: -81 [da:24:81:04:07:9b]
RSSI: -81 [da:24:81:11:07:bb]
RSSI: -83 [da:24:81:11:07:bb]
RSSI: -83 [da:24:81:2b:08:0b]
RSSI: -89 [da:24:81:38:08:3b]
RSSI: -90 [da:24:81:38:08:3b]
RSSI: -94 [da:2c:08:f8:06:7c]
RSSI: -88 [da:24:81:51:08:7b]
RSSI: -90 [da:2c:08:f8:06:7c]
RSSI: -90 [da:2c:09:07:06:ac]
RSSI: -82 [da:24:81:6b:08:cb]
RSSI: -89 [da:2c:09:14:06:dc]
RSSI: -85 [da:24:81:78:08:eb]
RSSI: -85 [da:2c:09:24:07:0c]
RSSI: -89 [da:2c:09:24:07:0c]
RSSI: -86 [da:2c:09:33:07:3c]
RSSI: -86 [da:24:81:85:09:1b]
RSSI: -84 [da:2c:09:33:07:3c]
RSSI: -83 [da:24:81:92:09:3b]
RSSI: -85 [da:2c:09:40:07:5c]
RSSI: -87 [da:24:81:ab:09:8b]
RSSI: -87 [da:2c:09:4f:07:9c]
RSSI: -91 [da:2c:09:5f:07:cc]
RSSI: -81 [da:24:81:b8:09:bb]
RSSI: -87 [da:2c:09:6c:07:ec]
RSSI: -87 [da:24:81:d2:09:fb]
RSSI: -87 [da:24:81:d2:09:fb]
RSSI: -86 [da:2c:09:7b:08:1c]
RSSI: -86 [da:2c:09:8b:08:4c]
RSSI: -85 [da:2c:09:97:08:7c]
RSSI: -86 [da:24:81:f8:0a:7b]
RSSI: -86 [da:2c:09:a7:08:ac]
RSSI: -89 [da:2c:09:b6:08:dc]
RSSI: -90 [da:24:82:12:0a:cb]
RSSI: -86 [da:24:82:1f:0a:eb]
RSSI: -86 [da:24:82:1f:0a:eb]
RSSI: -87 [da:2c:09:e2:09:6c]
RSSI: -87 [da:24:82:38:0b:3b]
RSSI: -89 [da:2c:09:ef:09:8c]
RSSI: -89 [da:2c:09:ef:09:8c]
RSSI: -91 [da:24:82:79:0b:fb]
RSSI: -87 [da:2c:0a:2a:0a:4c]
RSSI: -93 [da:2c:0a:3a:0a:7c]
RSSI: -92 [da:24:82:a0:0c:6b]
RSSI: -91 [da:24:82:a0:0c:6b]
RSSI: -91 [da:24:82:b9:0c:bb]
RSSI: -85 [da:24:82:b9:0c:bb]
RSSI: -87 [da:24:82:c6:0c:db]
RSSI: -86 [da:24:82:d3:0d:0b]
RSSI: -89 [da:24:82:e0:0d:2b]
RSSI: -85 [da:24:82:ed:0d:5b]
RSSI: -87 [da:24:82:f9:0d:7b]
RSSI: -88 [da:24:82:f9:0d:7b]
RSSI: -86 [da:24:83:07:0d:9b]
RSSI: -91 [da:24:83:13:0d:cb]
RSSI: -85 [da:24:83:20:0d:eb]
RSSI: -85 [da:24:83:20:0d:eb]
RSSI: -85 [da:24:83:20:0d:eb]
RSSI: -88 [da:24:83:3a:0e:3b]
RSSI: -87 [da:24:83:3a:0e:3b]
RSSI: -86 [da:24:83:47:0e:5b]
RSSI: -89 [da:2c:0a:f6:0c:dc]
RSSI: -86 [da:24:83:54:0e:8b]
RSSI: -88 [da:24:83:61:0e:ab]
RSSI: -86 [da:2c:0b:15:0d:3c]
RSSI: -86 [da:2c:0b:15:0d:3c]
RSSI: -87 [da:24:83:7b:0e:fb]
RSSI: -89 [da:2c:0b:22:0d:6c]
RSSI: -87 [da:2c:0b:22:0d:6c]
RSSI: -89 [da:24:83:7b:0e:fb]
RSSI: -91 [da:24:83:87:0f:1b]
RSSI: -86 [da:24:83:87:0f:1b]
RSSI: -87 [da:2c:0b:41:0d:cc]
RSSI: -88 [da:24:83:94:0f:4b]
RSSI: -87 [da:2c:0b:41:0d:cc]
RSSI: -84 [da:2c:0b:4e:0d:fc]
RSSI: -87 [da:24:83:ae:0f:9b]
RSSI: -80 [da:2c:0b:5e:0e:2c]
RSSI: -79 [da:2c:0b:5e:0e:2c]
RSSI: -78 [da:2c:0b:6d:0e:5c]
RSSI: -76 [da:2c:0b:8a:0e:bc]
RSSI: -75 [da:2c:0b:8a:0e:bc]
RSSI: -75 [da:2c:0b:99:0e:ec]
RSSI: -74 [da:2c:0b:99:0e:ec]
RSSI: -90 [da:24:83:ef:10:5b]
RSSI: -73 [da:2c:0b:a6:0f:0c]
RSSI: -72 [da:2c:0b:b6:0f:4c]
RSSI: -71 [da:2c:0b:c5:0f:7c]
RSSI: -75 [da:2c:0b:c5:0f:7c]
RSSI: -73 [da:2c:0b:d2:0f:9c]
RSSI: -74 [da:2c:0b:e2:0f:cc]
RSSI: -73 [da:2c:0b:e2:0f:cc]
RSSI: -75 [da:2c:0b:f1:0f:fc]
RSSI: -74 [da:2c:0b:f1:0f:fc]
RSSI: -73 [da:2c:0b:fe:10:2c]
RSSI: -75 [da:2c:0b:fe:10:2c]
RSSI: -93 [da:26:68:56:06:ea]
RSSI: -75 [da:2c:0b:fe:10:2c]
RSSI: -74 [da:2c:0c:0e:10:5c]
RSSI: -76 [da:2c:0c:1d:10:8c]
RSSI: -76 [da:2c:0c:1d:10:8c]
RSSI: -84 [da:24:84:7d:11:fb]
RSSI: -89 [da:26:68:7e:07:5a]
RSSI: -77 [da:2c:0c:2a:10:bc]
RSSI: -85 [da:24:84:8a:12:2b]
RSSI: -80 [da:2c:0c:3a:10:ec]
RSSI: -84 [da:24:84:97:12:4b]
RSSI: -80 [da:2c:0c:49:11:1c]
RSSI: -91 [da:26:68:b3:07:fa]
RSSI: -89 [da:24:84:be:12:bb]
RSSI: -85 [da:24:84:ca:12:eb]
RSSI: -96 [da:26:68:e7:08:8a]
RSSI: -90 [da:24:84:e4:13:2b]
RSSI: -84 [da:2c:0c:92:11:fc]
RSSI: -82 [da:2c:0c:92:11:fc]
RSSI: -87 [da:24:84:f1:13:5b]
RSSI: -84 [da:2c:0c:a2:12:2c]
RSSI: -82 [da:2c:0c:ae:12:5c]
RSSI: -90 [da:26:69:02:08:da]
RSSI: -85 [da:26:69:0e:08:fa]
RSSI: -86 [da:26:69:0e:08:fa]
RSSI: -83 [da:2c:0c:be:12:8c]
RSSI: -84 [da:2c:0c:be:12:8c]
RSSI: -85 [da:26:69:1c:09:2a]
RSSI: -85 [da:2c:0c:ce:12:bc]
RSSI: -84 [da:26:69:29:09:4a]
RSSI: -82 [da:26:69:29:09:4a]
RSSI: -85 [da:26:69:36:09:7a]
RSSI: -82 [da:26:69:36:09:7a]
RSSI: -88 [da:24:85:3f:14:3b]
RSSI: -83 [da:26:69:44:09:9a]
RSSI: -86 [da:2c:0c:ea:13:1c]
RSSI: -85 [da:2c:0c:fa:13:4c]
RSSI: -79 [da:26:69:51:09:ca]
RSSI: -85 [da:2c:0c:fa:13:4c]
RSSI: -80 [da:26:69:5e:09:ea]
RSSI: -83 [da:2c:0d:16:13:9c]
RSSI: -91 [da:29:72:86:0c:9e]
RSSI: -87 [da:2c:0d:26:13:cc]
RSSI: -90 [da:29:72:86:0c:9e]
RSSI: -80 [da:26:69:85:0a:5a]
RSSI: -84 [da:24:85:8d:15:1b]
RSSI: -79 [da:26:69:93:0a:8a]
RSSI: -89 [da:29:72:a1:0c:ee]
RSSI: -85 [da:24:85:9a:15:4b]
RSSI: -86 [da:2c:0d:42:14:2c]
RSSI: -80 [da:26:69:a0:0a:aa]
RSSI: -86 [da:2c:0d:52:14:5c]
RSSI: -84 [da:2c:0d:52:14:5c]
RSSI: -79 [da:26:69:ad:0a:ca]
RSSI: -85 [da:24:85:b3:15:9b]
RSSI: -79 [da:26:69:ba:0a:fa]
RSSI: -85 [da:2c:0d:5f:14:7c]
RSSI: -79 [da:26:69:ba:0a:fa]
RSSI: -89 [da:29:72:cb:0d:5e]
RSSI: -80 [da:26:69:ba:0a:fa]
RSSI: -83 [da:24:85:c1:15:bb]
RSSI: -86 [da:2c:0d:6e:14:bc]
RSSI: -77 [da:26:69:c8:0b:1a]
RSSI: -86 [da:2c:0d:6e:14:bc]
RSSI: -82 [da:26:69:c8:0b:1a]
RSSI: -85 [da:2c:0d:7e:14:ec]
RSSI: -81 [da:26:69:d4:0b:3a]
RSSI: -85 [da:2c:0d:7e:14:ec]
RSSI: -78 [da:26:69:d4:0b:3a]
RSSI: -82 [da:24:85:da:16:0b]
RSSI: -81 [da:26:69:e2:0b:6a]
RSSI: -86 [da:2c:0d:8b:15:0c]
RSSI: -81 [da:24:85:e8:16:2b]
RSSI: -87 [da:2c:0d:9b:15:3c]
RSSI: -85 [da:24:85:f5:16:5b]
RSSI: -81 [da:24:86:01:16:7b]
RSSI: -86 [da:2c:0d:aa:15:6c]
RSSI: -90 [da:24:86:01:16:7b]
RSSI: -82 [da:26:6a:0a:0b:da]
RSSI: -83 [da:26:6a:0a:0b:da]
RSSI: -87 [da:2c:0d:b7:15:9c]
RSSI: -86 [da:2c:0d:b7:15:9c]
RSSI: -88 [da:24:86:1c:00:4b]
RSSI: -84 [da:26:6a:17:0c:0a]
RSSI: -81 [da:24:86:1c:00:4b]
RSSI: -87 [da:26:6a:24:0c:2a]
RSSI: -87 [da:24:86:28:00:7b]
RSSI: -90 [da:2c:0d:d6:15:fc]
RSSI: -86 [da:24:86:28:00:7b]
RSSI: -88 [da:26:6a:31:0c:5a]
RSSI: -81 [da:24:86:36:00:9b]
RSSI: -80 [da:24:86:36:00:9b]
RSSI: -86 [da:2c:0d:e3:16:2c]
RSSI: -84 [da:24:86:43:00:bb]
RSSI: -90 [da:26:6a:3f:0c:7a]
RSSI: -81 [da:24:86:43:00:bb]
RSSI: -87 [da:26:6a:4b:0c:9a]
RSSI: -82 [da:24:86:4f:00:eb]
RSSI: -92 [da:2c:0e:03:00:0c]
RSSI: -78 [da:24:86:5d:01:0b]
RSSI: -78 [da:24:86:5d:01:0b]
RSSI: -81 [da:24:86:6a:01:3b]
RSSI: -78 [da:24:86:6a:01:3b]
RSSI: -86 [da:26:6a:73:0d:0a]
RSSI: -88 [da:26:6a:80:0d:3a]
RSSI: -76 [da:24:86:84:01:7b]
RSSI: -78 [da:24:86:91:01:ab]
RSSI: -77 [da:24:86:91:01:ab]
RSSI: -90 [da:26:6a:9b:0d:8a]
RSSI: -78 [da:24:86:9d:01:cb]
RSSI: -76 [da:24:86:ab:01:fb]
RSSI: -80 [da:24:86:b8:02:1b]
RSSI: -81 [da:24:86:c4:02:3b]
RSSI: -81 [da:24:86:c4:02:3b]
RSSI: -79 [da:24:86:d2:02:6b]
RSSI: -81 [da:24:86:df:02:8b]
RSSI: -91 [da:26:6a:de:0e:4a]
RSSI: -80 [da:24:86:eb:02:bb]
RSSI: -79 [da:24:86:eb:02:bb]
RSSI: -77 [da:24:86:f9:02:db]
RSSI: -77 [da:24:86:f9:02:db]
RSSI: -77 [da:24:87:06:02:fb]
RSSI: -74 [da:24:87:12:03:2b]
RSSI: -75 [da:24:87:12:03:2b]
RSSI: -74 [da:24:87:20:03:4b]
RSSI: -73 [da:24:87:20:03:4b]
RSSI: -72 [da:24:87:2d:03:7b]
RSSI: -71 [da:24:87:3a:03:9b]
RSSI: -70 [da:24:87:3a:03:9b]
RSSI: -70 [da:24:87:47:03:cb]
RSSI: -69 [da:24:87:47:03:cb]
RSSI: -68 [da:24:87:54:03:eb]
RSSI: -69 [da:24:87:54:03:eb]
RSSI: -68 [da:24:87:61:04:0b]
RSSI: -68 [da:24:87:61:04:0b]
RSSI: -67 [da:24:87:61:04:0b]
RSSI: -68 [da:24:87:6e:04:3b]
RSSI: -67 [da:24:87:6e:04:3b]
RSSI: -66 [da:24:87:7b:04:5b]
RSSI: -67 [da:24:87:7b:04:5b]
RSSI: -66 [da:24:87:88:04:8b]
RSSI: -65 [da:24:87:88:04:8b]
RSSI: -65 [da:24:87:95:04:ab]
RSSI: -65 [da:24:87:95:04:ab]
RSSI: -66 [da:24:87:a3:04:db]
RSSI: -65 [da:24:87:a3:04:db]
RSSI: -65 [da:24:87:af:04:fb]
RSSI: -66 [da:24:87:af:04:fb]
RSSI: -66 [da:24:87:bc:05:1b]
RSSI: -66 [da:24:87:ca:05:4b]
RSSI: -66 [da:24:87:ca:05:4b]
RSSI: -66 [da:24:87:ca:05:4b]
RSSI: -66 [da:24:87:d6:05:6b]
RSSI: -67 [da:24:87:d6:05:6b]
RSSI: -68 [da:24:87:e4:05:9b]
RSSI: -92 [da:26:6b:e7:11:4a]
RSSI: -69 [da:24:87:f1:05:bb]
RSSI: -70 [da:24:87:fd:05:eb]
RSSI: -70 [da:24:88:0b:06:0b]
RSSI: -77 [da:24:88:18:06:3b]
RSSI: -74 [da:24:88:25:06:5b]
RSSI: -92 [da:26:6c:29:11:fa]
RSSI: -92 [da:26:6c:29:11:fa]
RSSI: -75 [da:24:88:32:06:8b]
RSSI: -76 [da:24:88:32:06:8b]
RSSI: -82 [da:24:88:3f:06:ab]
RSSI: -77 [da:24:88:4c:06:cb]
RSSI: -89 [da:2c:0f:f7:05:fc]
RSSI: -76 [da:24:88:59:06:fb]
RSSI: -76 [da:24:88:59:06:fb]
RSSI: -79 [da:24:88:66:07:2b]
RSSI: -78 [da:24:88:66:07:2b]
RSSI: -78 [da:24:88:73:07:4b]
RSSI: -87 [da:2c:10:23:06:8c]
RSSI: -81 [da:24:88:80:07:6b]
RSSI: -82 [da:24:88:80:07:6b]
RSSI: -85 [da:24:88:8e:07:9b]
RSSI: -85 [da:24:88:8e:07:9b]
RSSI: -91 [da:26:6c:a0:13:5a]
RSSI: -90 [da:26:6c:ae:13:7a]
RSSI: -86 [da:24:88:c2:08:3b]
RSSI: -88 [da:2c:10:7c:07:ac]
RSSI: -90 [da:24:88:dc:08:8b]
RSSI: -84 [da:2c:10:8c:07:dc]
RSSI: -85 [da:24:88:e9:08:ab]
RSSI: -84 [da:2c:10:a8:08:3c]
RSSI: -88 [da:24:89:10:09:1b]
RSSI: -90 [da:2c:10:c8:08:9c]
RSSI: -88 [da:24:89:1d:09:4b]
RSSI: -87 [da:2c:10:c8:08:9c]
RSSI: -88 [da:2c:10:d5:08:cc]
RSSI: -85 [da:24:89:37:09:9b]
RSSI: -90 [da:2c:10:e5:08:fc]
RSSI: -85 [da:2c:10:f5:09:2c]
RSSI: -86 [da:24:89:52:09:eb]
RSSI: -86 [da:24:89:52:09:eb]
RSSI: -88 [da:2c:11:01:09:5c]
RSSI: -84 [da:24:89:5f:0a:0b]
RSSI: -91 [da:2c:11:11:09:8c]
RSSI: -89 [da:24:89:79:0a:5b]
RSSI: -89 [da:24:89:79:0a:5b]
RSSI: -88 [da:24:89:93:0a:ab]
RSSI: -82 [da:24:89:c0:0b:2b]
RSSI: -81 [da:24:89:d0:0b:5b]
RSSI: -84 [da:24:89:d0:0b:5b]
RSSI: -84 [da:24:89:d0:0b:5b]
RSSI: -83 [da:24:89:dd:0b:7b]
RSSI: -90 [da:2c:11:87:0a:fc]
RSSI: -81 [da:24:89:dd:0b:7b]
RSSI: -81 [da:24:89:ea:0b:ab]
RSSI: -90 [da:2c:11:97:0b:3c]
RSSI: -78 [da:24:89:f8:0b:cb]
RSSI: -78 [da:24:8a:04:0b:fb]
RSSI: -88 [da:2c:11:b3:0b:8c]
RSSI: -78 [da:24:8a:12:0c:1b]
RSSI: -77 [da:24:8a:12:0c:1b]
RSSI: -86 [da:2c:11:c3:0b:cc]
RSSI: -85 [da:2c:11:d3:0b:fc]
RSSI: -77 [da:24:8a:2c:0c:6b]
RSSI: -77 [da:24:8a:39:0c:8b]
RSSI: -86 [da:2c:11:e0:0c:1c]
RSSI: -79 [da:24:8a:39:0c:8b]
RSSI: -78 [da:24:8a:46:0c:bb]
RSSI: -78 [da:24:8a:46:0c:bb]
RSSI: -80 [da:24:8a:53:0c:db]
RSSI: -80 [da:24:8a:53:0c:db]
RSSI: -77 [da:24:8a:53:0c:db]
RSSI: -88 [da:2c:12:00:0c:8c]
RSSI: -79 [da:24:8a:61:0d:0b]
RSSI: -87 [da:2c:12:0d:0c:ac]
RSSI: -80 [da:24:8a:61:0d:0b]
RSSI: -76 [da:24:8a:6e:0d:2b]
RSSI: -81 [da:24:8a:6e:0d:2b]
RSSI: -80 [da:24:8a:7b:0d:5b]
RSSI: -76 [da:24:8a:7b:0d:5b]
RSSI: -80 [da:24:8a:88:0d:7b]
RSSI: -79 [da:24:8a:88:0d:7b]
RSSI: -77 [da:24:8a:95:0d:ab]
RSSI: -84 [da:2c:12:49:0d:6c]
RSSI: -79 [da:24:8a:a2:0d:cb]
RSSI: -80 [da:24:8a:a2:0d:cb]
RSSI: -88 [da:2c:12:59:0d:9c]
RSSI: -80 [da:24:8a:af:0d:fb]
RSSI: -83 [da:2c:12:59:0d:9c]
RSSI: -79 [da:24:8a:af:0d:fb]
RSSI: -84 [da:2c:12:59:0d:9c]
RSSI: -81 [da:24:8a:bd:0e:1b]
RSSI: -85 [da:24:8a:c9:0e:4b]
RSSI: -83 [da:2c:12:76:0d:fc]
RSSI: -86 [da:2c:12:76:0d:fc]
RSSI: -81 [da:24:8a:d7:0e:6b]
RSSI: -79 [da:2c:12:86:0e:2c]
RSSI: -81 [da:24:8a:d7:0e:6b]
RSSI: -83 [da:2c:12:86:0e:2c]
RSSI: -82 [da:24:8a:e4:0e:9b]
RSSI: -79 [da:2c:12:92:0e:5c]
RSSI: -82 [da:2c:12:a2:0e:8c]
RSSI: -81 [da:2c:12:a2:0e:8c]
RSSI: -80 [da:2c:12:a2:0e:8c]
RSSI: -84 [da:24:8a:fe:0e:db]
RSSI: -80 [da:2c:12:a2:0e:8c]
RSSI: -78 [da:2c:12:b2:0e:bc]
RSSI: -84 [da:24:8b:0c:0f:0b]
RSSI: -78 [da:2c:12:b2:0e:bc]
RSSI: -85 [da:24:8b:0c:0f:0b]
RSSI: -84 [da:24:8b:0c:0f:0b]
RSSI: -89 [da:24:8b:18:0f:2b]
RSSI: -77 [da:2c:12:bf:0e:ec]
RSSI: -89 [da:24:8b:18:0f:2b]
RSSI: -76 [da:2c:12:cf:0f:1c]
RSSI: -76 [da:2c:12:cf:0f:1c]
RSSI: -77 [da:2c:12:df:0f:4c]
RSSI: -88 [da:24:8b:33:0f:7b]
RSSI: -76 [da:2c:12:df:0f:4c]
RSSI: -92 [da:24:8b:33:0f:7b]
RSSI: -75 [da:2c:12:df:0f:4c]
RSSI: -83 [da:24:8b:40:0f:ab]
RSSI: -75 [da:2c:12:ec:0f:6c]
RSSI: -83 [da:24:8b:4e:0f:cb]
RSSI: -74 [da:2c:12:fc:0f:ac]
RSSI: -75 [da:2c:12:fc:0f:ac]
RSSI: -74 [da:2c:13:0c:0f:dc]
RSSI: -75 [da:2c:13:0c:0f:dc]
RSSI: -84 [da:24:8b:68:10:1b]
RSSI: -74 [da:2c:13:18:0f:fc]
RSSI: -84 [da:24:8b:75:10:4b]
RSSI: -77 [da:2c:13:28:10:3c]
RSSI: -77 [da:2c:13:28:10:3c]
RSSI: -75 [da:2c:13:28:10:3c]
RSSI: -77 [da:2c:13:38:10:6c]
RSSI: -78 [da:2c:13:38:10:6c]
RSSI: -85 [da:24:8b:9d:10:bb]
RSSI: -78 [da:2c:13:45:10:8c]
RSSI: -79 [da:2c:13:55:10:bc]
RSSI: -83 [da:2c:13:55:10:bc]
RSSI: -83 [da:2c:13:65:10:fc]
RSSI: -84 [da:2c:13:65:10:fc]
RSSI: -87 [da:2c:13:72:11:1c]
RSSI: -90 [da:2c:13:82:11:4c]
RSSI: -86 [da:2c:13:92:11:8c]
RSSI: -83 [da:2c:13:9f:11:ac]
RSSI: -83 [da:2c:13:9f:11:ac]
RSSI: -84 [da:2c:13:af:11:dc]
RSSI: -89 [da:24:8c:06:11:fb]
RSSI: -80 [da:2c:13:af:11:dc]
RSSI: -80 [da:2c:13:bf:12:1c]
RSSI: -83 [da:2c:13:bf:12:1c]
RSSI: -82 [da:24:8c:21:12:4b]
RSSI: -84 [da:2c:13:cb:12:3c]
RSSI: -84 [da:24:8c:2e:12:6b]
RSSI: -82 [da:24:8c:2e:12:6b]
RSSI: -84 [da:2c:13:dc:12:6c]
RSSI: -84 [da:24:8c:2e:12:6b]
RSSI: -86 [da:2c:13:dc:12:6c]
RSSI: -91 [da:26:70:3a:07:5a]
RSSI: -80 [da:24:8c:3b:12:9b]
RSSI: -82 [da:24:8c:3b:12:9b]
RSSI: -84 [da:2c:13:ec:12:ac]
RSSI: -82 [da:24:8c:49:12:bb]
RSSI: -82 [da:24:8c:49:12:bb]
RSSI: -87 [da:2c:13:f8:12:cc]
RSSI: -83 [da:2c:14:08:12:fc]
RSSI: -88 [da:26:70:7e:08:1a]
RSSI: -85 [da:2c:14:35:13:8c]
RSSI: -88 [da:26:70:8b:08:3a]
RSSI: -91 [da:26:70:99:08:6a]
RSSI: -86 [da:2c:14:45:13:bc]
RSSI: -88 [da:26:70:a7:08:8a]
RSSI: -88 [da:2c:14:52:13:ec]
RSSI: -81 [da:24:8c:b2:13:fb]
RSSI: -89 [da:26:70:b3:08:aa]
RSSI: -83 [da:24:8c:c0:14:1b]
RSSI: -84 [da:2c:14:62:14:1c]
RSSI: -86 [da:2c:14:72:14:4c]
RSSI: -80 [da:24:8c:cc:14:3b]
RSSI: -88 [da:26:70:cf:08:fa]
RSSI: -83 [da:2c:14:72:14:4c]
RSSI: -81 [da:24:8c:cc:14:3b]
RSSI: -82 [da:24:8c:da:14:6b]
RSSI: -84 [da:26:70:dc:09:2a]
RSSI: -81 [da:24:8c:da:14:6b]
RSSI: -84 [da:24:8c:e8:14:8b]
RSSI: -81 [da:24:8c:e8:14:8b]
RSSI: -82 [da:26:70:ea:09:4a]
RSSI: -83 [da:2c:14:9f:14:dc]
RSSI: -81 [da:24:8c:f4:14:bb]
RSSI: -82 [da:2c:14:9f:14:dc]
RSSI: -83 [da:26:70:f7:09:7a]
RSSI: -81 [da:24:8d:02:14:db]
RSSI: -83 [da:2c:14:ab:14:fc]
RSSI: -81 [da:24:8d:02:14:db]
RSSI: -83 [da:2c:14:ab:14:fc]
RSSI: -83 [da:26:71:12:09:ba]
RSSI: -81 [da:24:8d:0f:14:fb]
RSSI: -81 [da:26:71:12:09:ba]
RSSI: -81 [da:24:8d:1c:15:2b]
RSSI: -79 [da:26:71:20:09:ea]
RSSI: -83 [da:24:8d:1c:15:2b]
RSSI: -79 [da:26:71:20:09:ea]
RSSI: -80 [da:24:8d:29:15:4b]
RSSI: -80 [da:26:71:2c:0a:0a]
RSSI: -81 [da:24:8d:29:15:4b]
RSSI: -79 [da:26:71:2c:0a:0a]
RSSI: -82 [da:2c:14:d8:15:8c]
RSSI: -79 [da:26:71:3a:0a:2a]
RSSI: -81 [da:24:8d:37:15:7b]
RSSI: -79 [da:26:71:3a:0a:2a]
RSSI: -86 [da:2c:14:e8:15:bc]
RSSI: -79 [da:26:71:3a:0a:2a]
RSSI: -86 [da:24:8d:44:15:9b]
RSSI: -79 [da:26:71:48:0a:5a]
RSSI: -78 [da:26:71:48:0a:5a]
RSSI: -85 [da:24:8d:51:15:cb]
RSSI: -87 [da:2c:14:f8:15:ec]
RSSI: -78 [da:26:71:55:0a:7a]
RSSI: -79 [da:26:71:63:0a:aa]
RSSI: -83 [da:24:8d:6b:16:0b]
RSSI: -81 [da:24:8d:79:16:3b]
RSSI: -77 [da:26:71:7d:0a:ea]
RSSI: -82 [da:24:8d:87:16:5b]
RSSI: -81 [da:24:8d:87:16:5b]
RSSI: -79 [da:26:71:8b:0b:1a]
RSSI: -79 [da:24:8d:93:00:0b]
RSSI: -79 [da:26:71:99:0b:4a]
RSSI: -80 [da:24:8d:93:00:0b]
RSSI: -80 [da:26:71:99:0b:4a]
RSSI: -80 [da:24:8d:a1:00:2b]
RSSI: -93 [da:2c:15:42:00:5c]
RSSI: -79 [da:24:8d:ae:00:5b]
RSSI: -80 [da:26:71:a6:0b:6a]
RSSI: -79 [da:24:8d:ae:00:5b]
RSSI: -80 [da:26:71:b4:0b:8a]
RSSI: -79 [da:24:8d:ae:00:5b]
RSSI: -79 [da:26:71:b4:0b:8a]
RSSI: -80 [da:24:8d:bb:00:7b]
RSSI: -83 [da:26:71:c1:0b:ba]
RSSI: -78 [da:24:8d:c9:00:9b]
RSSI: -83 [da:26:71:ce:0b:da]
RSSI: -80 [da:24:8d:d6:00:cb]
RSSI: -83 [da:26:71:ce:0b:da]
RSSI: -80 [da:24:8d:d6:00:cb]
RSSI: -79 [da:24:8d:e3:00:eb]
RSSI: -86 [da:26:71:ea:0c:2a]
RSSI: -86 [da:26:71:ea:0c:2a]
RSSI: -77 [da:24:8d:f1:01:1b]
RSSI: -78 [da:24:8d:fe:01:3b]
RSSI: -78 [da:24:8d:fe:01:3b]
RSSI: -90 [da:26:72:04:0c:7a]
RSSI: -77 [da:24:8e:0b:01:6b]
RSSI: -77 [da:24:8e:0b:01:6b]
RSSI: -90 [da:26:72:12:0c:aa]
RSSI: -76 [da:24:8e:18:01:8b]
RSSI: -86 [da:26:72:2d:0c:ea]
RSSI: -76 [da:24:8e:33:01:db]
RSSI: -75 [da:24:8e:33:01:db]
RSSI: -87 [da:26:72:3b:0d:1a]
RSSI: -73 [da:24:8e:40:02:0b]
RSSI: -75 [da:24:8e:4e:02:2b]
RSSI: -75 [da:24:8e:4e:02:2b]
RSSI: -73 [da:24:8e:4e:02:2b]
RSSI: -76 [da:24:8e:5a:02:5b]
RSSI: -76 [da:24:8e:5a:02:5b]
RSSI: -76 [da:24:8e:5a:02:5b]
RSSI: -75 [da:24:8e:5a:02:5b]
RSSI: -74 [da:24:8e:68:02:7b]
RSSI: -75 [da:24:8e:68:02:7b]
RSSI: -75 [da:24:8e:68:02:7b]
RSSI: -75 [da:24:8e:76:02:ab]
RSSI: -74 [da:24:8e:76:02:ab]
RSSI: -74 [da:24:8e:82:02:cb]
RSSI: -74 [da:24:8e:82:02:cb]
RSSI: -72 [da:24:8e:90:02:fb]
RSSI: -72 [da:24:8e:9e:03:1b]
RSSI: -93 [da:2c:16:47:03:9c]
RSSI: -71 [da:24:8e:aa:03:3b]
RSSI: -90 [da:26:72:b4:0e:7a]
RSSI: -69 [da:24:8e:b8:03:6b]
RSSI: -69 [da:24:8e:b8:03:6b]
RSSI: -69 [da:24:8e:b8:03:6b]
RSSI: -95 [da:2c:16:7a:04:3c]
RSSI: -67 [da:24:8e:d2:03:bb]
RSSI: -89 [da:2c:16:86:04:5c]
RSSI: -67 [da:24:8e:e0:03:eb]
RSSI: -66 [da:24:8e:e0:03:eb]
RSSI: -68 [da:24:8e:ed:04:0b]
RSSI: -66 [da:24:8e:ed:04:0b]
RSSI: -65 [da:24:8e:fa:04:2b]
RSSI: -68 [da:24:8e:fa:04:2b]
RSSI: -66 [da:24:8f:08:04:5b]
RSSI: -65 [da:24:8f:08:04:5b]
RSSI: -67 [da:24:8f:15:04:8b]
RSSI: -66 [da:24:8f:15:04:8b]
RSSI: -65 [da:24:8f:22:04:ab]
RSSI: -66 [da:24:8f:22:04:ab]
RSSI: -66 [da:24:8f:30:04:db]
RSSI: -66 [da:24:8f:30:04:db]
RSSI: -67 [da:24:8f:3d:04:fb]
RSSI: -66 [da:24:8f:4a:05:1b]
RSSI: -93 [da:2c:16:f9:05:cc]
RSSI: -68 [da:24:8f:57:05:4b]
RSSI: -68 [da:24:8f:65:05:7b]
RSSI: -68 [da:24:8f:72:05:9b]
RSSI: -89 [da:2c:17:2c:06:6c]
RSSI: -72 [da:24:8f:7f:05:bb]
RSSI: -72 [da:24:8f:8d:05:eb]
RSSI: -89 [da:2c:17:38:06:9c]
RSSI: -74 [da:24:8f:8d:05:eb]
RSSI: -74 [da:24:8f:9a:06:0b]
RSSI: -74 [da:24:8f:9a:06:0b]
RSSI: -85 [da:2c:17:52:06:ec]
RSSI: -77 [da:24:8f:a7:06:3b]
RSSI: -86 [da:2c:17:52:06:ec]
RSSI: -76 [da:24:8f:a7:06:3b]
RSSI: -77 [da:24:8f:b5:06:5b]
RSSI: -87 [da:2c:17:5e:07:0c]
RSSI: -78 [da:24:8f:b5:06:5b]
RSSI: -79 [da:24:8f:b5:06:5b]
RSSI: -83 [da:2c:17:5e:07:0c]
RSSI: -81 [da:24:8f:b5:06:5b]
RSSI: -83 [da:24:8f:c2:06:8b]
RSSI: -86 [da:2c:17:6b:07:3c]
RSSI: -85 [da:24:8f:c2:06:8b]
RSSI: -84 [da:2c:17:78:07:5c]
RSSI: -88 [da:24:8f:cf:06:ab]
RSSI: -85 [da:2c:17:91:07:ac]
RSSI: -85 [da:2c:17:91:07:ac]
RSSI: -85 [da:24:8f:ea:06:fb]
RSSI: -84 [da:2c:17:9e:07:dc]
RSSI: -84 [da:2c:17:9e:07:dc]
RSSI: -85 [da:2c:17:ab:07:fc]
RSSI: -85 [da:2c:17:ab:07:fc]
RSSI: -85 [da:2c:17:b8:08:2c]
RSSI: -86 [da:2c:17:d1:08:7c]
RSSI: -87 [da:2c:17:d1:08:7c]
RSSI: -85 [da:24:90:2d:07:cb]
RSSI: -85 [da:2c:17:de:08:ac]
RSSI: -87 [da:2c:17:de:08:ac]
RSSI: -85 [da:24:90:3a:07:eb]
RSSI: -82 [da:24:90:3a:07:eb]
RSSI: -86 [da:24:90:48:08:1b]
RSSI: -82 [da:24:90:48:08:1b]
RSSI: -86 [da:2c:18:04:09:1c]
RSSI: -88 [da:24:90:55:08:3b]
RSSI: -85 [da:24:90:62:08:6b]
RSSI: -86 [da:24:90:7d:08:bb]
RSSI: -86 [da:24:90:7d:08:bb]
RSSI: -86 [da:24:90:7d:08:bb]
RSSI: -85 [da:24:90:8a:08:db]
RSSI: -85 [da:24:90:8a:08:db]
RSSI: -88 [da:24:90:98:09:0b]
RSSI: -87 [da:24:90:98:09:0b]
RSSI: -83 [da:24:90:a5:09:2b]
RSSI: -82 [da:24:90:b2:09:5b]
RSSI: -85 [da:24:90:c0:09:7b]
RSSI: -82 [da:24:90:c0:09:7b]
RSSI: -82 [da:24:90:cd:09:ab]
RSSI: -94 [da:2c:18:77:0a:8c]
RSSI: -82 [da:24:90:da:09:cb]
RSSI: -85 [da:24:90:da:09:cb]
RSSI: -84 [da:24:90:e8:09:fb]
RSSI: -81 [da:24:90:e8:09:fb]
RSSI: -87 [da:24:90:f6:0a:1b]
RSSI: -82 [da:24:90:f6:0a:1b]
RSSI: -86 [da:24:91:02:0a:4b]
RSSI: -88 [da:24:91:02:0a:4b]
RSSI: -81 [da:24:91:10:0a:6b]
RSSI: -98 [da:26:75:16:15:4a]
RSSI: -89 [da:2c:18:c3:0b:7c]
RSSI: -82 [da:24:91:1e:0a:9b]
RSSI: -90 [da:2c:18:dd:0b:dc]
RSSI: -86 [da:24:91:38:0a:eb]
RSSI: -88 [da:2c:18:ea:0b:fc]
RSSI: -84 [da:24:91:46:0b:1b]
RSSI: -90 [da:2c:18:f7:0c:2c]
RSSI: -84 [da:24:91:52:0b:3b]
RSSI: -86 [da:24:91:52:0b:3b]
RSSI: -85 [da:24:91:60:0b:5b]
RSSI: -85 [da:24:91:6e:0b:8b]
RSSI: -86 [da:24:91:7b:0b:ab]
RSSI: -87 [da:24:91:88:0b:db]
RSSI: -89 [da:24:91:88:0b:db]
RSSI: -83 [da:24:91:96:0c:0b]
RSSI: -85 [da:24:91:96:0c:0b]
RSSI: -81 [da:24:91:b1:0c:5b]
RSSI: -81 [da:24:91:be:0c:7b]
RSSI: -81 [da:24:91:cb:0c:ab]
RSSI: -82 [da:24:91:cb:0c:ab]
RSSI: -81 [da:24:91:d9:0c:cb]
RSSI: -81 [da:24:91:d9:0c:cb]
RSSI: -87 [da:2c:19:90:0e:1c]
RSSI: -83 [da:24:91:e7:0c:fb]
RSSI: -83 [da:2c:19:9d:0e:3c]
RSSI: -80 [da:24:91:f3:0d:1b]
RSSI: -82 [da:2c:19:9d:0e:3c]
RSSI: -82 [da:24:91:f3:0d:1b]
RSSI: -80 [da:24:92:01:0d:4b]
RSSI: -81 [da:24:92:0f:0d:6b]
RSSI: -80 [da:2c:19:c3:0e:bc]
RSSI: -81 [da:24:92:1b:0d:8b]
RSSI: -78 [da:2c:19:c3:0e:bc]
RSSI: -83 [da:24:92:1b:0d:8b]
RSSI: -77 [da:2c:19:d0:0e:dc]
RSSI: -81 [da:24:92:29:0d:bb]
RSSI: -75 [da:2c:19:dd:0f:0c]
RSSI: -80 [da:24:92:37:0d:eb]
RSSI: -75 [da:2c:19:e9:0f:3c]
RSSI: -75 [da:2c:19:e9:0f:3c]
RSSI: -76 [da:2c:19:f6:0f:5c]
RSSI: -81 [da:24:92:52:0e:2b]
RSSI: -81 [da:24:92:52:0e:2b]
RSSI: -77 [da:2c:1a:03:0f:8c]
RSSI: -83 [da:24:92:5f:0e:5b]
RSSI: -77 [da:2c:1a:10:0f:ac]
RSSI: -76 [da:2c:1a:10:0f:ac]
RSSI: -83 [da:24:92:6c:0e:7b]
RSSI: -76 [da:2c:1a:1d:0f:dc]
RSSI: -83 [da:24:92:7a:0e:ab]
RSSI: -77 [da:2c:1a:2a:0f:fc]
RSSI: -85 [da:24:92:7a:0e:ab]
RSSI: -78 [da:2c:1a:36:10:2c]
RSSI: -85 [da:24:92:88:0e:db]
RSSI: -77 [da:2c:1a:36:10:2c]
RSSI: -86 [da:24:92:94:0e:fb]
RSSI: -76 [da:2c:1a:43:10:5c]
RSSI: -77 [da:2c:1a:43:10:5c]
RSSI: -87 [da:24:92:a2:0f:2b]
RSSI: -77 [da:2c:1a:50:10:7c]
RSSI: -89 [da:24:92:b0:0f:4b]
RSSI: -80 [da:2c:1a:5d:10:ac]
RSSI: -79 [da:2c:1a:5d:10:ac]
RSSI: -79 [da:2c:1a:6a:10:cc]
RSSI: -90 [da:24:92:bd:0f:6b]
RSSI: -80 [da:2c:1a:6a:10:cc]
RSSI: -81 [da:2c:1a:77:10:fc]
RSSI: -85 [da:2c:1a:83:11:1c]
RSSI: -90 [da:24:92:e5:0f:eb]
RSSI: -89 [da:24:92:e5:0f:eb]
RSSI: -86 [da:2c:1a:aa:11:9c]
RSSI: -82 [da:2c:1a:b7:11:bc]
RSSI: -84 [da:2c:1a:b7:11:bc]
RSSI: -82 [da:2c:1a:c4:11:ec]
RSSI: -89 [da:24:93:1b:10:8b]
RSSI: -82 [da:2c:1a:d0:12:0c]
RSSI: -81 [da:2c:1a:d0:12:0c]
RSSI: -82 [da:2c:1a:de:12:3c]
RSSI: -84 [da:2c:1a:de:12:3c]
RSSI: -83 [da:2c:1a:ea:12:5c]
RSSI: -92 [da:24:93:44:11:0b]
RSSI: -88 [da:2c:1b:04:12:ac]
RSSI: -90 [da:2c:1b:11:12:dc]
RSSI: -87 [da:2c:1b:1e:12:fc]
RSSI: -86 [da:2c:1b:2b:13:2c]
RSSI: -86 [da:2c:1b:38:13:4c]
RSSI: -86 [da:2c:1b:38:13:4c]
RSSI: -88 [da:2c:1b:51:13:ac]
RSSI: -90 [da:24:93:af:12:3b]
RSSI: -88 [da:2c:1b:5e:13:cc]
RSSI: -88 [da:2c:1b:5e:13:cc]
RSSI: -88 [da:24:93:bd:12:6b]
RSSI: -89 [da:2c:1b:6b:13:fc]
RSSI: -86 [da:2c:1b:6b:13:fc]
RSSI: -87 [da:2c:1b:78:14:1c]
RSSI: -89 [da:2c:1b:78:14:1c]
RSSI: -86 [da:2c:1b:85:14:4c]
RSSI: -86 [da:2c:1b:92:14:6c]
RSSI: -85 [da:2c:1b:92:14:6c]
RSSI: -85 [da:2c:1b:9f:14:9c]
RSSI: -84 [da:2c:1b:ac:14:cc]
RSSI: -84 [da:2c:1b:ac:14:cc]
RSSI: -93 [da:26:78:0b:07:aa]
RSSI: -85 [da:2c:1b:b8:14:ec]
RSSI: -88 [da:24:94:28:13:ab]
RSSI: -85 [da:2c:1b:df:15:6c]
RSSI: -90 [da:26:78:35:08:1a]
RSSI: -91 [da:24:94:36:13:db]
RSSI: -85 [da:2c:1b:df:15:6c]
RSSI: -87 [da:2c:1b:ec:15:8c]
RSSI: -89 [da:26:78:43:08:4a]
RSSI: -87 [da:2c:1b:f9:15:bc]
RSSI: -88 [da:2c:1c:13:16:0c]
RSSI: -84 [da:24:94:6c:14:7b]
RSSI: -84 [da:24:94:6c:14:7b]
RSSI: -90 [da:2c:1c:20:16:2c]
RSSI: -81 [da:24:94:87:14:bb]
RSSI: -88 [da:26:78:87:09:0a]
RSSI: -83 [da:24:94:95:14:eb]
RSSI: -82 [da:24:94:95:14:eb]
RSSI: -84 [da:24:94:95:14:eb]
RSSI: -83 [da:26:78:a3:09:5a]
RSSI: -83 [da:26:78:b0:09:7a]
RSSI: -94 [da:29:81:ce:0b:de]
RSSI: -82 [da:26:78:cd:09:ca]
RSSI: -82 [da:26:78:cd:09:ca]
RSSI: -80 [da:26:78:d9:09:fa]
RSSI: -81 [da:26:78:d9:09:fa]
RSSI: -91 [da:29:81:ea:0c:2e]
RSSI: -80 [da:26:78:e8:0a:1a]
RSSI: -79 [da:26:78:e8:0a:1a]
RSSI: -81 [da:26:78:f6:0a:4a]
RSSI: -80 [da:26:78:f6:0a:4a]
RSSI: -89 [da:24:95:01:16:2b]
RSSI: -80 [da:26:79:02:0a:6a]
RSSI: -89 [da:24:95:0f:16:4b]
RSSI: -78 [da:26:79:11:0a:9a]
RSSI: -78 [da:26:79:1f:0a:ba]
RSSI: -80 [da:26:79:2c:0a:da]
RSSI: -80 [da:26:79:2c:0a:da]
RSSI: -85 [da:24:95:37:00:5b]
RSSI: -78 [da:26:79:3a:0b:0a]
RSSI: -86 [da:24:95:37:00:5b]
RSSI: -80 [da:26:79:3a:0b:0a]
RSSI: -89 [da:24:95:44:00:7b]
RSSI: -80 [da:26:79:48:0b:3a]
RSSI: -79 [da:26:79:48:0b:3a]
RSSI: -81 [da:26:79:55:0b:5a]
RSSI: -87 [da:24:95:52:00:ab]
RSSI: -79 [da:26:79:55:0b:5a]
RSSI: -80 [da:24:95:60:00:cb]
RSSI: -81 [da:26:79:63:0b:7a]
RSSI: -87 [da:24:95:6c:00:fb]
RSSI: -88 [da:24:95:6c:00:fb]
RSSI: -80 [da:26:79:71:0b:aa]
RSSI: -88 [da:24:95:7a:01:1b]
RSSI: -86 [da:24:95:7a:01:1b]
RSSI: -85 [da:26:79:7e:0b:ca]
RSSI: -87 [da:24:95:7a:01:1b]
RSSI: -80 [da:24:95:88:01:4b]
RSSI: -84 [da:24:95:88:01:4b]
RSSI: -84 [da:26:79:8c:0b:fa]
RSSI: -91 [da:29:82:96:0e:2e]
RSSI: -83 [da:26:79:9b:0c:2a]
RSSI: -80 [da:24:95:95:01:6b]
RSSI: -86 [da:26:79:9b:0c:2a]
RSSI: -83 [da:24:95:a3:01:9b]
RSSI: -88 [da:26:79:a7:0c:4a]
RSSI: -87 [da:26:79:a7:0c:4a]
RSSI: -86 [da:24:95:b1:01:bb]
RSSI: -89 [da:26:79:b6:0c:6a]
RSSI: -78 [da:24:95:be:01:eb]
RSSI: -83 [da:24:95:cc:02:0b]
RSSI: -82 [da:24:95:da:02:3b]
RSSI: -82 [da:24:95:da:02:3b]
RSSI: -77 [da:24:95:e6:02:5b]
RSSI: -81 [da:24:95:e6:02:5b]
RSSI: -81 [da:24:95:f4:02:8b]
RSSI: -76 [da:24:95:f4:02:8b]
RSSI: -79 [da:24:96:02:02:ab]
RSSI: -80 [da:24:96:02:02:ab]
RSSI: -79 [da:24:96:02:02:ab]
RSSI: -90 [da:26:7a:08:0d:5a]
RSSI: -79 [da:24:96:0f:02:db]
RSSI: -76 [da:24:96:1d:02:fb]
RSSI: -77 [da:24:96:2b:03:2b]
RSSI: -78 [da:24:96:2b:03:2b]
RSSI: -76 [da:24:96:38:03:4b]
RSSI: -76 [da:24:96:38:03:4b]
RSSI: -77 [da:24:96:38:03:4b]
RSSI: -73 [da:24:96:46:03:7b]
RSSI: -75 [da:24:96:46:03:7b]
RSSI: -75 [da:24:96:54:03:9b]
RSSI: -74 [da:24:96:60:03:cb]
RSSI: -73 [da:24:96:60:03:cb]
RSSI: -71 [da:24:96:6e:03:eb]
RSSI: -72 [da:24:96:6e:03:eb]
RSSI: -71 [da:24:96:7c:04:1b]
RSSI: -73 [da:24:96:7c:04:1b]
RSSI: -72 [da:24:96:89:04:3b]
RSSI: -71 [da:24:96:89:04:3b]
RSSI: -72 [da:24:96:97:04:6b]
RSSI: -87 [da:2c:1e:4b:06:8c]
RSSI: -78 [da:24:96:a5:04:9b]
RSSI: -86 [da:2c:1e:59:06:bc]
RSSI: -73 [da:24:96:b2:04:bb]
RSSI: -86 [da:2c:1e:59:06:bc]
RSSI: -71 [da:24:96:c0:04:eb]
RSSI: -69 [da:24:96:c0:04:eb]
RSSI: -73 [da:24:96:ce:05:0b]
RSSI: -86 [da:2c:1e:73:07:0c]
RSSI: -68 [da:24:96:ce:05:0b]
RSSI: -85 [da:2c:1e:80:07:3c]
RSSI: -67 [da:24:96:da:05:3b]
RSSI: -71 [da:24:96:da:05:3b]
RSSI: -87 [da:2c:1e:8d:07:5c]
RSSI: -66 [da:24:96:e8:05:5b]
RSSI: -84 [da:2c:1e:99:07:8c]
RSSI: -66 [da:24:96:f6:05:8b]
RSSI: -66 [da:24:96:f6:05:8b]
RSSI: -84 [da:2c:1e:a7:07:bc]
RSSI: -67 [da:24:97:03:05:ab]
RSSI: -83 [da:2c:1e:c0:08:0c]
RSSI: -70 [da:24:97:16:05:eb]
RSSI: -90 [da:2c:1e:c0:08:0c]
RSSI: -67 [da:24:97:16:05:eb]
RSSI: -88 [da:2c:1e:ce:08:2c]
RSSI: -68 [da:24:97:27:06:1b]
RSSI: -89 [da:2c:1e:db:08:5c]
RSSI: -68 [da:24:97:33:06:3b]
RSSI: -71 [da:24:97:33:06:3b]
RSSI: -88 [da:2c:1e:e7:08:8c]
RSSI: -71 [da:24:97:41:06:6b]
RSSI: -75 [da:24:97:4f:06:9b]
RSSI: -90 [da:2c:1e:f5:08:ac]
RSSI: -74 [da:24:97:5c:06:bb]
RSSI: -80 [da:24:97:5c:06:bb]
RSSI: -87 [da:2c:1f:0e:08:fc]
RSSI: -77 [da:24:97:6a:06:eb]
RSSI: -85 [da:24:97:78:07:0b]
RSSI: -83 [da:24:97:85:07:3b]
RSSI: -87 [da:2c:1f:35:09:7c]
RSSI: -82 [da:24:97:93:07:5b]
RSSI: -83 [da:24:97:93:07:5b]
RSSI: -80 [da:24:97:a1:07:8b]
RSSI: -80 [da:24:97:a1:07:8b]
RSSI: -85 [da:24:97:ae:07:ab]
RSSI: -81 [da:24:97:ae:07:ab]
RSSI: -91 [da:2c:1f:5c:09:fc]
RSSI: -79 [da:24:97:bc:07:db]
RSSI: -86 [da:24:97:bc:07:db]
RSSI: -80 [da:24:97:ca:08:0b]
RSSI: -84 [da:24:97:e5:08:5b]
RSSI: -82 [da:24:97:f3:08:7b]
RSSI: -85 [da:24:97:f3:08:7b]
RSSI: -84 [da:24:97:ff:08:ab]
RSSI: -84 [da:24:97:ff:08:ab]
RSSI: -87 [da:24:98:0e:08:cb]
RSSI: -83 [da:24:98:0e:08:cb]
RSSI: -85 [da:24:98:1c:08:fb]
RSSI: -97 [da:26:7c:4c:13:da]
RSSI: -87 [da:2c:1f:f9:0b:ec]
RSSI: -93 [da:24:98:51:09:9b]
RSSI: -90 [da:2c:20:06:0c:1c]
RSSI: -87 [da:2c:20:13:0c:4c]
RSSI: -87 [da:24:98:6d:09:eb]
RSSI: -83 [da:24:98:88:0a:3b]
RSSI: -83 [da:24:98:88:0a:3b]
RSSI: -87 [da:2c:20:3a:0c:cc]
RSSI: -82 [da:24:98:96:0a:6b]
RSSI: -82 [da:24:98:a3:0a:8b]
RSSI: -82 [da:24:98:a3:0a:8b]
RSSI: -82 [da:24:98:b1:0a:bb]
RSSI: -83 [da:24:98:b1:0a:bb]
RSSI: -90 [da:2c:20:61:0d:3c]
RSSI: -87 [da:24:98:bf:0a:eb]
RSSI: -79 [da:24:98:cc:0b:0b]
RSSI: -88 [da:2c:20:7b:0d:9c]
RSSI: -79 [da:24:98:da:0b:3b]
RSSI: -79 [da:24:98:da:0b:3b]
RSSI: -78 [da:24:98:da:0b:3b]
RSSI: -88 [da:24:98:e8:0b:5b]
RSSI: -79 [da:24:98:e8:0b:5b]
RSSI: -79 [da:24:98:f5:0b:8b]
RSSI: -81 [da:24:99:03:0b:ab]
RSSI: -84 [da:2c:20:b0:0e:3c]
RSSI: -81 [da:24:99:03:0b:ab]
RSSI: -83 [da:24:99:11:0b:db]
RSSI: -87 [da:2c:20:bc:0e:5c]
RSSI: -82 [da:24:99:1e:0b:fb]
RSSI: -80 [da:2c:20:d7:0e:bc]
RSSI: -80 [da:24:99:2c:0c:2b]
RSSI: -81 [da:2c:20:f1:0f:0c]
RSSI: -81 [da:24:99:47:0c:7b]
RSSI: -83 [da:2c:20:f1:0f:0c]
RSSI: -83 [da:24:99:47:0c:7b]
RSSI: -81 [da:24:99:55:0c:ab]
RSSI: -78 [da:24:99:55:0c:ab]
RSSI: -84 [da:24:99:63:0c:cb]
RSSI: -80 [da:24:99:63:0c:cb]
RSSI: -79 [da:2c:21:0b:0f:5c]
RSSI: -80 [da:2c:21:18:0f:8c]
RSSI: -80 [da:2c:21:25:0f:ac]
RSSI: -80 [da:2c:21:25:0f:ac]
RSSI: -76 [da:24:99:7e:0d:1b]
RSSI: -81 [da:2c:21:32:0f:dc]
RSSI: -80 [da:24:99:8c:0d:4b]
RSSI: -82 [da:2c:21:32:0f:dc]
RSSI: -80 [da:2c:21:3f:0f:fc]
RSSI: -81 [da:24:99:99:0d:6b]
RSSI: -86 [da:2c:21:3f:0f:fc]
RSSI: -81 [da:24:99:99:0d:6b]
RSSI: -78 [da:24:99:a7:0d:9b]
RSSI: -88 [da:2c:21:59:10:5c]
RSSI: -82 [da:24:99:a7:0d:9b]
RSSI: -78 [da:24:99:b5:0d:bb]
RSSI: -89 [da:2c:21:66:10:7c]
RSSI: -84 [da:24:99:c2:0d:eb]
RSSI: -83 [da:24:99:c2:0d:eb]
RSSI: -88 [da:2c:21:74:10:ac]
RSSI: -84 [da:24:99:d0:0e:1b]
RSSI: -86 [da:2c:21:80:10:cc]
RSSI: -78 [da:24:99:de:0e:3b]
RSSI: -82 [da:24:99:eb:0e:6b]
RSSI: -82 [da:24:99:f9:0e:8b]
RSSI: -82 [da:24:99:f9:0e:8b]
RSSI: -80 [da:24:9a:07:0e:bb]
RSSI: -83 [da:24:9a:07:0e:bb]
RSSI: -83 [da:24:9a:14:0e:db]
RSSI: -84 [da:24:9a:22:0f:0b]
RSSI: -85 [da:2c:21:cf:11:cc]
RSSI: -84 [da:24:9a:22:0f:0b]
RSSI: -87 [da:2c:21:ea:12:1c]
RSSI: -89 [da:24:9a:4b:0f:8b]
RSSI: -87 [da:24:9a:5a:0f:ab]
RSSI: -88 [da:24:9a:5a:0f:ab]
RSSI: -87 [da:2c:22:11:12:9c]
RSSI: -88 [da:24:9a:74:10:0b]
RSSI: -89 [da:2c:22:2b:12:ec]
RSSI: -87 [da:2c:22:2b:12:ec]
RSSI: -87 [da:2c:22:38:13:1c]
RSSI: -87 [da:2c:22:45:13:3c]
RSSI: -87 [da:24:9a:9e:10:7b]
RSSI: -86 [da:2c:22:60:13:9c]
RSSI: -85 [da:2c:22:60:13:9c]
RSSI: -87 [da:2c:22:8f:14:2c]
RSSI: -87 [da:2c:22:8f:14:2c]
RSSI: -84 [da:2c:22:a9:14:7c]
RSSI: -85 [da:2c:22:b6:14:ac]
RSSI: -90 [da:2c:22:c3:14:cc]
RSSI: -86 [da:2c:22:c3:14:cc]
RSSI: -86 [da:2c:22:de:15:1c]
RSSI: -84 [da:24:9b:34:12:3b]
RSSI: -87 [da:24:9b:42:12:6b]
RSSI: -89 [da:24:9b:42:12:6b]
RSSI: -92 [da:26:7f:49:06:3a]
RSSI: -84 [da:2c:22:f8:15:6c]
RSSI: -85 [da:24:9b:50:12:9b]
RSSI: -90 [da:2c:23:05:15:9c]
RSSI: -87 [da:2c:23:05:15:9c]
RSSI: -82 [da:24:9b:5d:12:bb]
RSSI: -91 [da:2c:23:12:15:bc]
RSSI: -86 [da:24:9b:6b:12:eb]
RSSI: -88 [da:2c:23:1f:15:ec]
RSSI: -86 [da:24:9b:7a:13:0b]
RSSI: -86 [da:24:9b:86:13:3b]
RSSI: -82 [da:24:9b:95:13:5b]
RSSI: -89 [da:24:9b:95:13:5b]
RSSI: -81 [da:24:9b:a3:13:8b]
RSSI: -82 [da:24:9b:a3:13:8b]
RSSI: -93 [da:26:7f:a9:07:5a]
RSSI: -79 [da:24:9b:b0:13:ab]
RSSI: -90 [da:26:7f:b8:07:7a]
RSSI: -85 [da:24:9b:be:13:db]
RSSI: -89 [da:26:7f:c6:07:aa]
RSSI: -81 [da:24:9b:cc:13:fb]
RSSI: -80 [da:24:9b:d9:14:2b]
RSSI: -80 [da:24:9b:d9:14:2b]
RSSI: -90 [da:26:7f:e2:07:fa]
RSSI: -81 [da:24:9b:f5:14:7b]
RSSI: -81 [da:24:9b:f5:14:7b]
RSSI: -80 [da:24:9c:02:14:9b]
RSSI: -80 [da:24:9c:02:14:9b]
RSSI: -80 [da:24:9c:10:14:cb]
RSSI: -96 [da:26:80:27:08:ba]
RSSI: -79 [da:24:9c:2b:15:1b]
RSSI: -78 [da:24:9c:3a:15:3b]
RSSI: -78 [da:24:9c:3a:15:3b]
RSSI: -82 [da:24:9c:48:15:6b]
RSSI: -77 [da:24:9c:48:15:6b]
RSSI: -79 [da:24:9c:55:15:8b]
RSSI: -82 [da:24:9c:55:15:8b]
RSSI: -78 [da:24:9c:63:15:bb]
RSSI: -80 [da:24:9c:63:15:bb]
RSSI: -80 [da:24:9c:71:15:eb]
RSSI: -86 [da:26:80:7b:09:ba]
RSSI: -87 [da:26:80:7b:09:ba]
RSSI: -86 [da:26:80:89:09:da]
RSSI: -80 [da:24:9c:8c:16:3b]
RSSI: -89 [da:29:89:a1:0b:fe]
RSSI: -78 [da:24:9c:9b:16:5b]
RSSI: -78 [da:24:9c:9b:16:5b]
RSSI: -87 [da:26:80:a4:0a:2a]
RSSI: -86 [da:29:89:ae:0c:1e]
RSSI: -79 [da:24:9c:a7:00:0b]
RSSI: -86 [da:26:80:a4:0a:2a]
RSSI: -77 [da:24:9c:a7:00:0b]
RSSI: -87 [da:26:80:b3:0a:5a]
RSSI: -79 [da:24:9c:b6:00:2b]
RSSI: -78 [da:24:9c:b6:00:2b]
RSSI: -86 [da:26:80:b3:0a:5a]
RSSI: -78 [da:24:9c:b6:00:2b]
RSSI: -79 [da:24:9c:c4:00:5b]
RSSI: -85 [da:26:80:c2:0a:8a]
RSSI: -85 [da:26:80:ce:0a:aa]
RSSI: -81 [da:24:9c:d0:00:7b]
RSSI: -88 [da:2c:24:83:03:bc]
RSSI: -83 [da:26:80:dd:0a:da]
RSSI: -87 [da:29:89:e9:0c:ce]
RSSI: -81 [da:24:9c:df:00:ab]
RSSI: -83 [da:24:9c:df:00:ab]
RSSI: -85 [da:24:9c:ed:00:db]
RSSI: -83 [da:24:9c:fa:00:fb]
RSSI: -84 [da:24:9c:fa:00:fb]
RSSI: -83 [da:26:81:07:0b:4a]
RSSI: -83 [da:24:9d:08:01:2b]
RSSI: -85 [da:26:81:07:0b:4a]
RSSI: -83 [da:24:9d:17:01:4b]
RSSI: -88 [da:29:8a:24:0d:7e]
RSSI: -85 [da:24:9d:23:01:7b]
RSSI: -81 [da:24:9d:23:01:7b]
RSSI: -89 [da:29:8a:31:0d:9e]
RSSI: -89 [da:26:81:22:0b:9a]
RSSI: -81 [da:24:9d:23:01:7b]
RSSI: -84 [da:24:9d:32:01:9b]
RSSI: -91 [da:29:8a:41:0d:ce]
RSSI: -81 [da:24:9d:40:01:cb]
RSSI: -81 [da:24:9d:4d:01:eb]
RSSI: -88 [da:26:81:4d:0c:1a]
RSSI: -90 [da:26:81:4d:0c:1a]
RSSI: -84 [da:24:9d:5b:02:1b]
RSSI: -89 [da:26:81:5b:0c:3a]
RSSI: -81 [da:24:9d:5b:02:1b]
RSSI: -80 [da:24:9d:69:02:4b]
RSSI: -81 [da:24:9d:69:02:4b]
RSSI: -82 [da:24:9d:76:02:6b]
RSSI: -81 [da:24:9d:84:02:9b]
RSSI: -79 [da:24:9d:93:02:bb]
RSSI: -79 [da:24:9d:93:02:bb]
RSSI: -79 [da:24:9d:9f:02:eb]
RSSI: -91 [da:26:81:af:0d:3a]
RSSI: -88 [da:24:9d:ae:03:0b]
RSSI: -78 [da:24:9d:bc:03:3b]
RSSI: -78 [da:24:9d:bc:03:3b]
RSSI: -87 [da:2c:25:63:06:7c]
RSSI: -78 [da:24:9d:bc:03:3b]
RSSI: -86 [da:2c:25:7e:06:dc]
RSSI: -87 [da:2c:25:7e:06:dc]
RSSI: -84 [da:24:9d:d7:03:8b]
RSSI: -76 [da:24:9d:e6:03:bb]
RSSI: -86 [da:2c:25:8b:06:fc]
RSSI: -72 [da:24:9d:f2:03:db]
RSSI: -76 [da:24:9d:f2:03:db]
RSSI: -87 [da:24:9e:01:04:0b]
RSSI: -72 [da:24:9e:01:04:0b]
RSSI: -77 [da:24:9e:0f:04:3b]
RSSI: -80 [da:24:9e:0f:04:3b]
RSSI: -72 [da:24:9e:1c:04:5b]
RSSI: -81 [da:24:9e:1c:04:5b]
RSSI: -87 [da:2c:25:ce:07:dc]
RSSI: -89 [da:2c:25:ce:07:dc]
RSSI: -73 [da:24:9e:2a:04:8b]
RSSI: -84 [da:2c:25:da:07:fc]
RSSI: -72 [da:24:9e:39:04:ab]
RSSI: -87 [da:2c:25:e8:08:2c]
RSSI: -81 [da:24:9e:45:04:db]
RSSI: -86 [da:2c:25:f6:08:5c]
RSSI: -75 [da:24:9e:54:04:fb]
RSSI: -75 [da:24:9e:54:04:fb]
RSSI: -89 [da:2c:26:02:08:7c]
RSSI: -81 [da:24:9e:54:04:fb]
RSSI: -69 [da:24:9e:62:05:2b]
RSSI: -77 [da:24:9e:62:05:2b]
RSSI: -82 [da:24:9e:6f:05:4b]
RSSI: -66 [da:24:9e:6f:05:4b]
RSSI: -81 [da:24:9e:7d:05:7b]
RSSI: -86 [da:2c:26:2a:08:fc]
RSSI: -73 [da:24:9e:8c:05:ab]
RSSI: -88 [da:2c:26:38:09:2c]
RSSI: -65 [da:24:9e:98:05:cb]
RSSI: -73 [da:24:9e:98:05:cb]
RSSI: -85 [da:24:9e:a7:05:fb]
RSSI: -66 [da:24:9e:a7:05:fb]
RSSI: -72 [da:24:9e:b5:06:2b]
RSSI: -72 [da:24:9e:b5:06:2b]
RSSI: -77 [da:24:9e:b5:06:2b]
RSSI: -75 [da:24:9e:c2:06:4b]
RSSI: -71 [da:24:9e:d1:06:7b]
RSSI: -91 [da:2c:26:79:09:fc]
RSSI: -75 [da:24:9e:df:06:9b]
RSSI: -75 [da:24:9e:df:06:9b]
RSSI: -82 [da:24:9e:ec:06:cb]
RSSI: -77 [da:24:9e:ec:06:cb]
RSSI: -74 [da:24:9e:fa:06:eb]
RSSI: -78 [da:24:9e:fa:06:eb]
RSSI: -81 [da:24:9f:09:07:1b]
RSSI: -75 [da:24:9f:15:07:4b]
RSSI: -80 [da:24:9f:15:07:4b]
RSSI: -75 [da:24:9f:24:07:6b]
RSSI: -87 [da:24:9f:3f:07:bb]
RSSI: -79 [da:24:9f:4d:07:eb]
RSSI: -93 [da:2c:26:f1:0b:7c]
RSSI: -79 [da:24:9f:4d:07:eb]
RSSI: -82 [da:24:9f:4d:07:eb]
RSSI: -93 [da:2c:26:ff:0b:ac]
RSSI: -86 [da:24:9f:5c:08:1b]
RSSI: -78 [da:24:9f:5c:08:1b]
RSSI: -82 [da:24:9f:68:08:3b]
RSSI: -82 [da:24:9f:68:08:3b]
RSSI: -81 [da:24:9f:77:08:6b]
RSSI: -86 [da:2c:27:26:0c:2c]
RSSI: -76 [da:24:9f:85:08:8b]
RSSI: -81 [da:24:9f:92:08:bb]
RSSI: -81 [da:24:9f:92:08:bb]
RSSI: -77 [da:24:9f:92:08:bb]
RSSI: -80 [da:24:9f:a0:08:db]
RSSI: -78 [da:24:9f:a0:08:db]
RSSI: -78 [da:24:9f:af:09:0b]
RSSI: -81 [da:24:9f:af:09:0b]
RSSI: -87 [da:2c:27:76:0d:2c]
RSSI: -75 [da:24:9f:ca:09:5b]
RSSI: -86 [da:2c:27:76:0d:2c]
RSSI: -90 [da:2c:27:76:0d:2c]
RSSI: -79 [da:24:9f:d9:09:8b]
RSSI: -78 [da:24:9f:e5:09:ab]
RSSI: -82 [da:24:9f:e5:09:ab]
RSSI: -84 [da:24:a0:02:0a:0b]
RSSI: -77 [da:24:a0:02:0a:0b]
RSSI: -83 [da:2c:27:b8:0d:fc]
RSSI: -87 [da:2c:27:b8:0d:fc]
RSSI: -84 [da:24:a0:0f:0a:2b]
RSSI: -82 [da:2c:27:c6:0e:2c]
RSSI: -79 [da:24:a0:1d:0a:5b]
RSSI: -81 [da:2c:27:d4:0e:4c]
RSSI: -76 [da:24:a0:2c:0a:8b]
RSSI: -81 [da:2c:27:d4:0e:4c]
RSSI: -79 [da:2c:27:e0:0e:7c]
RSSI: -76 [da:2c:27:e0:0e:7c]
RSSI: -80 [da:24:a0:47:0a:db]
RSSI: -76 [da:2c:27:ee:0e:ac]
RSSI: -81 [da:24:a0:47:0a:db]
RSSI: -81 [da:24:a0:47:0a:db]
RSSI: -81 [da:24:a0:47:0a:db]
RSSI: -73 [da:2c:27:fc:0e:cc]
RSSI: -77 [da:24:a0:56:0b:0b]
RSSI: -86 [da:24:a0:56:0b:0b]
RSSI: -71 [da:2c:28:08:0e:fc]
RSSI: -83 [da:24:a0:62:0b:2b]
RSSI: -79 [da:24:a0:62:0b:2b]
RSSI: -71 [da:2c:28:16:0f:2c]
RSSI: -70 [da:2c:28:24:0f:4c]
RSSI: -69 [da:2c:28:24:0f:4c]
RSSI: -80 [da:24:a0:7f:0b:8b]
RSSI: -69 [da:2c:28:30:0f:7c]
RSSI: -68 [da:2c:28:30:0f:7c]
RSSI: -80 [da:24:a0:8c:0b:ab]
RSSI: -69 [da:2c:28:3e:0f:ac]
RSSI: -76 [da:24:a0:8c:0b:ab]
RSSI: -70 [da:2c:28:3e:0f:ac]
RSSI: -83 [da:24:a0:9a:0b:db]
RSSI: -79 [da:24:a0:9a:0b:db]
RSSI: -68 [da:2c:28:4c:0f:cc]
RSSI: -77 [da:24:a0:a9:0b:fb]
RSSI: -70 [da:2c:28:4c:0f:cc]
RSSI: -76 [da:24:a0:a9:0b:fb]
RSSI: -80 [da:24:a0:a9:0b:fb]
RSSI: -68 [da:2c:28:58:0f:fc]
RSSI: -80 [da:24:a0:a9:0b:fb]
RSSI: -77 [da:24:a0:b6:0c:2b]
RSSI: -70 [da:2c:28:66:10:2c]
RSSI: -69 [da:2c:28:66:10:2c]
RSSI: -79 [da:24:a0:c4:0c:5b]
RSSI: -71 [da:2c:28:74:10:4c]
RSSI: -71 [da:2c:28:74:10:4c]
RSSI: -77 [da:24:a0:d3:0c:7b]
RSSI: -71 [da:2c:28:80:10:7c]
RSSI: -80 [da:24:a0:df:0c:9b]
RSSI: -71 [da:2c:28:8e:10:9c]
RSSI: -77 [da:24:a0:df:0c:9b]
RSSI: -72 [da:2c:28:8e:10:9c]
RSSI: -78 [da:24:a0:ee:0c:cb]
RSSI: -75 [da:2c:28:9c:10:cc]
RSSI: -79 [da:24:a0:ee:0c:cb]
RSSI: -77 [da:24:a0:fc:0c:fb]
RSSI: -80 [da:24:a0:fc:0c:fb]
RSSI: -78 [da:2c:28:a8:10:fc]
RSSI: -78 [da:24:a1:09:0d:1b]
RSSI: -80 [da:2c:28:b6:11:1c]
RSSI: -78 [da:24:a1:18:0d:4b]
RSSI: -86 [da:2c:28:c4:11:4c]
RSSI: -80 [da:24:a1:18:0d:4b]
RSSI: -83 [da:24:a1:26:0d:7b]
RSSI: -82 [da:24:a1:33:0d:9b]
RSSI: -85 [da:2c:28:de:11:9c]
RSSI: -82 [da:24:a1:33:0d:9b]
RSSI: -81 [da:24:a1:33:0d:9b]
RSSI: -80 [da:2c:28:de:11:9c]
RSSI: -81 [da:24:a1:41:0d:cb]
RSSI: -84 [da:2c:28:ec:11:cc]
RSSI: -81 [da:24:a1:41:0d:cb]
RSSI: -80 [da:2c:28:ec:11:cc]
RSSI: -80 [da:2c:29:06:12:1c]
RSSI: -84 [da:24:a1:5d:0e:1b]
RSSI: -80 [da:2c:29:06:12:1c]
RSSI: -81 [da:2c:29:14:12:4c]
RSSI: -82 [da:2c:29:14:12:4c]
RSSI: -79 [da:24:a1:6b:0e:4b]
RSSI: -80 [da:24:a1:7a:0e:6b]
RSSI: -85 [da:2c:29:20:12:6c]
RSSI: -81 [da:24:a1:7a:0e:6b]
RSSI: -86 [da:24:a1:86:0e:9b]
RSSI: -82 [da:24:a1:86:0e:9b]
RSSI: -82 [da:24:a1:95:0e:cb]
RSSI: -85 [da:24:a1:95:0e:cb]
RSSI: -84 [da:24:a1:a4:0e:eb]
RSSI: -84 [da:24:a1:a4:0e:eb]
RSSI: -90 [da:2c:29:56:13:1c]
RSSI: -87 [da:2c:29:56:13:1c]
RSSI: -87 [da:2c:29:64:13:3c]
RSSI: -78 [da:24:a1:bf:0f:3b]
RSSI: -86 [da:2c:29:71:13:6c]
RSSI: -87 [da:2c:29:7e:13:9c]
RSSI: -83 [da:24:a1:da:0f:8b]
RSSI: -87 [da:2c:29:8c:13:bc]
RSSI: -83 [da:24:a1:da:0f:8b]
RSSI: -87 [da:2c:29:8c:13:bc]
RSSI: -83 [da:24:a1:f7:0f:eb]
RSSI: -79 [da:24:a1:f7:0f:eb]
RSSI: -90 [da:2c:29:a6:14:1c]
RSSI: -82 [da:24:a2:04:10:0b]
RSSI: -85 [da:2c:29:b4:14:3c]
RSSI: -83 [da:2c:29:b4:14:3c]
RSSI: -83 [da:24:a2:13:10:3b]
RSSI: -86 [da:2c:29:c1:14:6c]
RSSI: -83 [da:24:a2:13:10:3b]
RSSI: -86 [da:2c:29:c1:14:6c]
RSSI: -82 [da:24:a2:21:10:6b]
RSSI: -87 [da:2c:29:dc:14:bc]
RSSI: -81 [da:24:a2:3c:10:bb]
RSSI: -82 [da:24:a2:3c:10:bb]
RSSI: -81 [da:24:a2:4b:10:db]
RSSI: -87 [da:2c:29:f7:15:0c]
RSSI: -83 [da:2c:2a:04:15:3c]
RSSI: -83 [da:24:a2:66:11:3b]
RSSI: -87 [da:2c:2a:11:15:6c]
RSSI: -85 [da:2c:2a:11:15:6c]
RSSI: -81 [da:24:a2:75:11:5b]
RSSI: -90 [da:2c:2a:1f:15:8c]
RSSI: -81 [da:24:a2:75:11:5b]
RSSI: -92 [da:2c:2a:2d:15:bc]
RSSI: -80 [da:24:a2:82:11:8b]
RSSI: -80 [da:24:a2:82:11:8b]
RSSI: -84 [da:24:a2:90:11:ab]
RSSI: -80 [da:24:a2:9f:11:db]
RSSI: -80 [da:24:a2:9f:11:db]
RSSI: -78 [da:24:a2:ac:12:0b]
RSSI: -79 [da:24:a2:ac:12:0b]
RSSI: -84 [da:24:a2:ba:12:2b]
RSSI: -78 [da:24:a2:ba:12:2b]
RSSI: -78 [da:24:a2:c9:12:5b]
RSSI: -84 [da:24:a2:c9:12:5b]
RSSI: -90 [da:2c:2a:7d:00:5c]
RSSI: -78 [da:24:a2:d5:12:7b]
RSSI: -88 [da:2c:2a:7d:00:5c]
RSSI: -78 [da:24:a2:d5:12:7b]
RSSI: -87 [da:2c:2a:8a:00:7c]
RSSI: -79 [da:24:a2:e4:12:ab]
RSSI: -79 [da:24:a2:e4:12:ab]
RSSI: -89 [da:2c:2a:97:00:ac]
RSSI: -86 [da:24:a2:f3:12:db]
RSSI: -81 [da:24:a2:ff:12:fb]
RSSI: -80 [da:24:a2:ff:12:fb]
RSSI: -85 [da:2c:2a:b2:00:fc]
RSSI: -82 [da:24:a3:0e:13:2b]
RSSI: -84 [da:24:a3:0e:13:2b]
RSSI: -81 [da:24:a3:1d:13:5b]
RSSI: -86 [da:2c:2a:ce:01:5c]
RSSI: -77 [da:24:a3:29:13:7b]
RSSI: -88 [da:2c:2a:da:01:7c]
RSSI: -83 [da:2c:2a:e8:01:ac]
RSSI: -81 [da:24:a3:47:13:cb]
RSSI: -73 [da:24:a3:53:13:fb]
RSSI: -80 [da:24:a3:53:13:fb]
RSSI: -79 [da:24:a3:62:14:1b]
RSSI: -74 [da:24:a3:62:14:1b]
RSSI: -79 [da:24:a3:71:14:4b]
RSSI: -79 [da:24:a3:71:14:4b]
RSSI: -79 [da:24:a3:7d:14:6b]
RSSI: -76 [da:24:a3:8c:14:9b]
RSSI: -80 [da:24:a3:8c:14:9b]
RSSI: -93 [da:26:87:9d:07:ea]
RSSI: -80 [da:24:a3:a7:14:eb]
RSSI: -77 [da:24:a3:a7:14:eb]
RSSI: -81 [da:24:a3:b6:15:1b]
RSSI: -77 [da:24:a3:c5:15:4b]
RSSI: -91 [da:2c:2b:7b:03:7c]
RSSI: -76 [da:24:a3:d1:15:6b]
RSSI: -77 [da:24:a3:e0:15:9b]
RSSI: -88 [da:2c:2b:89:03:ac]
RSSI: -77 [da:24:a3:e0:15:9b]
RSSI: -78 [da:24:a3:ef:15:bb]
RSSI: -77 [da:24:a3:ef:15:bb]
RSSI: -85 [da:2c:2b:a4:03:fc]
RSSI: -76 [da:24:a3:fb:15:eb]
RSSI: -85 [da:2c:2b:a4:03:fc]
RSSI: -85 [da:2c:2b:a4:03:fc]
RSSI: -82 [da:24:a3:fb:15:eb]
RSSI: -83 [da:2c:2b:b1:04:2c]
RSSI: -77 [da:24:a4:0a:16:0b]
RSSI: -91 [da:26:88:10:09:3a]
RSSI: -84 [da:2c:2b:b1:04:2c]
RSSI: -86 [da:2c:2b:bf:04:4c]
RSSI: -76 [da:24:a4:19:16:3b]
RSSI: -84 [da:2c:2b:cc:04:7c]
RSSI: -82 [da:24:a4:25:16:5b]
RSSI: -85 [da:2c:2b:cc:04:7c]
RSSI: -76 [da:24:a4:25:16:5b]
RSSI: -84 [da:2c:2b:da:04:9c]
RSSI: -87 [da:26:88:3b:09:ba]
RSSI: -79 [da:24:a4:43:00:2b]
RSSI: -87 [da:26:88:47:09:da]
RSSI: -79 [da:24:a4:43:00:2b]
RSSI: -89 [da:29:91:54:0b:ce]
RSSI: -85 [da:2c:2b:f4:04:ec]
RSSI: -87 [da:26:88:47:09:da]
RSSI: -79 [da:24:a4:50:00:4b]
RSSI: -85 [da:26:88:57:0a:0a]
RSSI: -86 [da:2c:2c:02:05:1c]
RSSI: -85 [da:26:88:66:0a:2a]
RSSI: -88 [da:2c:2c:10:05:4c]
RSSI: -86 [da:24:a4:6d:00:ab]
RSSI: -85 [da:2c:2c:1d:05:6c]
RSSI: -88 [da:26:88:72:0a:5a]
RSSI: -81 [da:24:a4:7a:00:cb]
RSSI: -84 [da:26:88:81:0a:7a]
RSSI: -90 [da:29:91:90:0c:7e]
RSSI: -86 [da:2c:2c:2b:05:9c]
RSSI: -82 [da:26:88:81:0a:7a]
RSSI: -87 [da:24:a4:88:00:fb]
RSSI: -86 [da:26:88:90:0a:aa]
RSSI: -82 [da:26:88:90:0a:aa]
RSSI: -83 [da:24:a4:97:01:2b]
RSSI: -85 [da:2c:2c:45:05:ec]
RSSI: -87 [da:26:88:ac:0a:fa]
RSSI: -86 [da:2c:2c:53:06:1c]
RSSI: -85 [da:26:88:ac:0a:fa]
RSSI: -86 [da:26:88:bb:0b:2a]
RSSI: -86 [da:26:88:bb:0b:2a]
RSSI: -88 [da:26:88:c8:0b:4a]
RSSI: -86 [da:26:88:c8:0b:4a]
RSSI: -81 [da:24:a4:ce:01:cb]
RSSI: -88 [da:26:88:d7:0b:7a]
RSSI: -76 [da:24:a4:e5:02:0b]
RSSI: -83 [da:26:88:e6:0b:9a]
RSSI: -88 [da:26:88:f2:0b:ca]
RSSI: -89 [da:26:88:f2:0b:ca]
RSSI: -88 [da:26:89:02:0b:fa]
RSSI: -78 [da:24:a5:02:02:6b]
RSSI: -88 [da:26:89:02:0b:fa]
RSSI: -78 [da:24:a5:02:02:6b]
RSSI: -83 [da:2c:2c:b2:07:4c]
RSSI: -79 [da:24:a5:12:02:9b]
RSSI: -74 [da:24:a5:1f:02:bb]
RSSI: -76 [da:24:a5:1f:02:bb]
RSSI: -73 [da:24:a5:2f:02:eb]
RSSI: -89 [da:2c:2c:da:07:cc]
RSSI: -76 [da:24:a5:3f:03:1b]
RSSI: -75 [da:24:a5:3f:03:1b]
RSSI: -75 [da:24:a5:4b:03:3b]
RSSI: -75 [da:24:a5:4b:03:3b]
RSSI: -74 [da:24:a5:5c:03:6b]
RSSI: -72 [da:24:a5:6c:03:9b]
RSSI: -72 [da:24:a5:78:03:cb]
RSSI: -72 [da:24:a5:78:03:cb]
RSSI: -73 [da:24:a5:88:03:fb]
RSSI: -74 [da:24:a5:99:04:2b]
RSSI: -73 [da:24:a5:a5:04:4b]
RSSI: -73 [da:24:a5:a5:04:4b]
RSSI: -73 [da:24:a5:b5:04:7b]
RSSI: -72 [da:24:a5:b5:04:7b]
RSSI: -71 [da:24:a5:c2:04:9b]
RSSI: -71 [da:24:a5:c2:04:9b]
RSSI: -71 [da:24:a5:d2:04:cb]
RSSI: -70 [da:24:a5:df:04:fb]
RSSI: -70 [da:24:a5:df:04:fb]
RSSI: -88 [da:2c:2d:97:0a:2c]
RSSI: -68 [da:24:a5:ee:05:1b]
RSSI: -88 [da:2c:2d:97:0a:2c]
RSSI: -69 [da:24:a5:ee:05:1b]
RSSI: -69 [da:24:a5:fc:05:4b]
RSSI: -67 [da:24:a5:fc:05:4b]
RSSI: -67 [da:24:a5:fc:05:4b]
RSSI: -89 [da:2c:2d:bf:0a:ac]
RSSI: -65 [da:24:a6:18:05:9b]
RSSI: -87 [da:2c:2d:cd:0a:dc]
RSSI: -89 [da:2c:2d:cd:0a:dc]
RSSI: -66 [da:24:a6:27:05:cb]
RSSI: -66 [da:24:a6:33:05:fb]
RSSI: -65 [da:24:a6:33:05:fb]
RSSI: -86 [da:2c:2d:e8:0b:2c]
RSSI: -66 [da:24:a6:42:06:1b]
RSSI: -86 [da:2c:2d:f6:0b:5c]
RSSI: -64 [da:24:a6:51:06:4b]
RSSI: -62 [da:24:a6:51:06:4b]
RSSI: -87 [da:2c:2e:02:0b:7c]
RSSI: -64 [da:24:a6:5e:06:7b]
RSSI: -86 [da:2c:2e:10:0b:ac]
RSSI: -84 [da:2c:2e:10:0b:ac]
RSSI: -64 [da:24:a6:6d:06:9b]
RSSI: -85 [da:2c:2e:1e:0b:dc]
RSSI: -65 [da:24:a6:6d:06:9b]
RSSI: -85 [da:2c:2e:1e:0b:dc]
RSSI: -61 [da:24:a6:7b:06:cb]
RSSI: -84 [da:2c:2e:2b:0c:0c]
RSSI: -85 [da:2c:2e:2b:0c:0c]
RSSI: -64 [da:24:a6:88:06:fb]
RSSI: -85 [da:2c:2e:2b:0c:0c]
RSSI: -61 [da:24:a6:88:06:fb]
RSSI: -87 [da:2c:2e:39:0c:2c]
RSSI: -64 [da:24:a6:97:07:1b]
RSSI: -84 [da:2c:2e:47:0c:5c]
RSSI: -83 [da:2c:2e:47:0c:5c]
RSSI: -65 [da:24:a6:a6:07:4b]
RSSI: -86 [da:2c:2e:54:0c:8c]
RSSI: -62 [da:24:a6:b2:07:7b]
RSSI: -84 [da:2c:2e:62:0c:bc]
RSSI: -66 [da:24:a6:c1:07:9b]
RSSI: -65 [da:24:a6:c1:07:9b]
RSSI: -67 [da:24:a6:d0:07:cb]
RSSI: -67 [da:24:a6:d0:07:cb]
RSSI: -82 [da:2c:2e:7c:0d:0c]
RSSI: -71 [da:24:a6:dd:07:eb]
RSSI: -84 [da:2c:2e:8a:0d:3c]
RSSI: -81 [da:2c:2e:8a:0d:3c]
RSSI: -71 [da:24:a6:eb:08:1b]
RSSI: -79 [da:2c:2e:98:0d:5c]
RSSI: -72 [da:24:a6:eb:08:1b]
RSSI: -87 [da:2c:2e:98:0d:5c]
RSSI: -80 [da:2c:2e:a5:0d:8c]
RSSI: -76 [da:24:a7:07:08:6b]
RSSI: -79 [da:24:a7:07:08:6b]
RSSI: -80 [da:24:a7:07:08:6b]
RSSI: -89 [da:2c:2e:c1:0d:ec]
RSSI: -75 [da:24:a7:16:08:9b]
RSSI: -71 [da:24:a7:25:08:cb]
RSSI: -71 [da:24:a7:25:08:cb]
RSSI: -77 [da:2c:2e:e9:0e:6c]
RSSI: -72 [da:24:a7:40:09:1b]
RSSI: -75 [da:2c:2e:e9:0e:6c]
RSSI: -72 [da:24:a7:40:09:1b]
RSSI: -71 [da:24:a7:4f:09:4b]
RSSI: -75 [da:2c:2e:f6:0e:8c]
RSSI: -73 [da:24:a7:4f:09:4b]
RSSI: -73 [da:2c:2f:04:0e:bc]
RSSI: -76 [da:24:a7:5c:09:6b]
RSSI: -71 [da:2c:2f:04:0e:bc]
RSSI: -73 [da:24:a7:5c:09:6b]
RSSI: -71 [da:2c:2f:12:0e:ec]
RSSI: -77 [da:24:a7:6b:09:9b]
RSSI: -70 [da:2c:2f:12:0e:ec]
RSSI: -69 [da:2c:2f:1f:0f:0c]
RSSI: -71 [da:2c:2f:1f:0f:0c]
RSSI: -71 [da:2c:2f:1f:0f:0c]
RSSI: -68 [da:2c:2f:2d:0f:3c]
RSSI: -73 [da:24:a7:86:09:eb]
RSSI: -67 [da:2c:2f:2d:0f:3c]
RSSI: -77 [da:24:a7:86:09:eb]
RSSI: -70 [da:2c:2f:3b:0f:6c]
RSSI: -68 [da:2c:2f:3b:0f:6c]
RSSI: -75 [da:24:a7:95:0a:1b]
RSSI: -73 [da:24:a7:95:0a:1b]
RSSI: -76 [da:24:a7:a4:0a:4b]
RSSI: -68 [da:2c:2f:47:0f:8c]
RSSI: -75 [da:24:a7:a4:0a:4b]
RSSI: -68 [da:2c:2f:56:0f:bc]
RSSI: -68 [da:2c:2f:56:0f:bc]
RSSI: -75 [da:24:a7:b1:0a:6b]
RSSI: -67 [da:2c:2f:63:0f:ec]
RSSI: -75 [da:24:a7:bf:0a:9b]
RSSI: -76 [da:24:a7:bf:0a:9b]
RSSI: -69 [da:2c:2f:70:10:0c]
RSSI: -68 [da:2c:2f:70:10:0c]
RSSI: -79 [da:24:a7:ce:0a:cb]
RSSI: -69 [da:2c:2f:7e:10:3c]
RSSI: -78 [da:24:a7:db:0a:eb]
RSSI: -70 [da:2c:2f:7e:10:3c]
RSSI: -80 [da:24:a7:db:0a:eb]
RSSI: -69 [da:2c:2f:8c:10:6c]
RSSI: -70 [da:2c:2f:8c:10:6c]
RSSI: -72 [da:2c:2f:99:10:8c]
RSSI: -78 [da:24:a7:ea:0b:1b]
RSSI: -71 [da:2c:2f:99:10:8c]
RSSI: -74 [da:24:a7:f9:0b:4b]
RSSI: -74 [da:2c:2f:a7:10:bc]
RSSI: -77 [da:24:a8:05:0b:6b]
RSSI: -76 [da:2c:2f:b5:10:ec]
RSSI: -79 [da:24:a8:14:0b:9b]
RSSI: -78 [da:24:a8:14:0b:9b]
RSSI: -84 [da:2c:2f:c2:11:0c]
RSSI: -76 [da:24:a8:23:0b:bb]
RSSI: -81 [da:24:a8:23:0b:bb]
RSSI: -87 [da:2c:2f:d5:11:4c]
RSSI: -75 [da:24:a8:30:0b:eb]
RSSI: -77 [da:24:a8:3f:0c:1b]
RSSI: -81 [da:2c:2f:f2:11:ac]
RSSI: -79 [da:24:a8:4e:0c:3b]
RSSI: -85 [da:2c:2f:f2:11:ac]
RSSI: -77 [da:24:a8:4e:0c:3b]
RSSI: -80 [da:2c:30:00:11:dc]
RSSI: -77 [da:24:a8:5a:0c:6b]
RSSI: -80 [da:2c:30:00:11:dc]
RSSI: -79 [da:24:a8:69:0c:9b]
RSSI: -76 [da:24:a8:78:0c:bb]
RSSI: -84 [da:2c:30:29:12:5c]
RSSI: -84 [da:2c:30:29:12:5c]
RSSI: -77 [da:24:a8:85:0c:eb]
RSSI: -76 [da:24:a8:85:0c:eb]
RSSI: -86 [da:2c:30:37:12:8c]
RSSI: -75 [da:24:a8:94:0d:1b]
RSSI: -76 [da:24:a8:94:0d:1b]
RSSI: -74 [da:24:a8:a3:0d:3b]
RSSI: -90 [da:2c:30:43:12:ac]
RSSI: -73 [da:24:a8:a3:0d:3b]
RSSI: -75 [da:24:a8:af:0d:6b]
RSSI: -73 [da:24:a8:af:0d:6b]
RSSI: -74 [da:24:a8:be:0d:8b]
RSSI: -72 [da:24:a8:be:0d:8b]
RSSI: -73 [da:24:a8:cd:0d:bb]
RSSI: -88 [da:2c:30:7a:13:5c]
RSSI: -73 [da:24:a8:da:0d:eb]
RSSI: -75 [da:24:a8:e9:0e:1b]
RSSI: -85 [da:2c:30:95:13:ac]
RSSI: -73 [da:24:a8:e9:0e:1b]
RSSI: -75 [da:24:a8:f8:0e:3b]
RSSI: -90 [da:2c:30:b1:14:0c]
RSSI: -71 [da:24:a9:04:0e:6b]
RSSI: -72 [da:24:a9:13:0e:8b]
RSSI: -71 [da:24:a9:13:0e:8b]
RSSI: -86 [da:2c:30:be:14:2c]
RSSI: -71 [da:24:a9:22:0e:bb]
RSSI: -88 [da:2c:30:cc:14:5c]
RSSI: -72 [da:24:a9:22:0e:bb]
RSSI: -72 [da:24:a9:2f:0e:eb]
RSSI: -85 [da:2c:30:e7:14:ac]
RSSI: -73 [da:24:a9:3e:0f:0b]
RSSI: -73 [da:24:a9:4d:0f:3b]
RSSI: -75 [da:24:a9:5a:0f:6b]
RSSI: -74 [da:24:a9:5a:0f:6b]
RSSI: -86 [da:2c:31:10:15:2c]
RSSI: -75 [da:24:a9:69:0f:8b]
RSSI: -88 [da:2c:31:1e:15:5c]
RSSI: -74 [da:24:a9:78:0f:bb]
RSSI: -85 [da:2c:31:1e:15:5c]
RSSI: -71 [da:24:a9:78:0f:bb]
RSSI: -72 [da:24:a9:84:0f:eb]
RSSI: -87 [da:2c:31:2c:15:8c]
RSSI: -74 [da:24:a9:93:10:0b]
RSSI: -73 [da:24:a9:93:10:0b]
RSSI: -91 [da:2c:31:47:15:dc]
RSSI: -72 [da:24:a9:a2:10:3b]
RSSI: -75 [da:24:a9:a2:10:3b]
RSSI: -75 [da:24:a9:af:10:6b]
RSSI: -74 [da:24:a9:af:10:6b]
RSSI: -75 [da:24:a9:be:10:9b]
RSSI: -90 [da:2c:31:70:16:5c]
RSSI: -75 [da:24:a9:cd:10:bb]
RSSI: -76 [da:24:a9:cd:10:bb]
RSSI: -93 [da:2c:31:7e:00:0c]
RSSI: -80 [da:24:a9:d9:10:eb]
RSSI: -75 [da:24:a9:d9:10:eb]
RSSI: -90 [da:2c:31:8a:00:2c]
RSSI: -88 [da:24:a9:e8:11:1b]
RSSI: -75 [da:24:a9:f7:11:3b]
RSSI: -78 [da:24:a9:f7:11:3b]
RSSI: -75 [da:24:aa:04:11:6b]
RSSI: -80 [da:24:aa:22:11:bb]
RSSI: -86 [da:24:aa:22:11:bb]
RSSI: -89 [da:2c:31:d0:00:fc]
RSSI: -76 [da:24:aa:2f:11:eb]
RSSI: -82 [da:24:aa:2f:11:eb]
RSSI: -78 [da:24:aa:3e:12:0b]
RSSI: -78 [da:24:aa:3e:12:0b]
RSSI: -89 [da:2c:31:ea:01:5c]
RSSI: -83 [da:24:aa:59:12:5b]
RSSI: -78 [da:24:aa:59:12:5b]
RSSI: -78 [da:24:aa:68:12:8b]
RSSI: -81 [da:24:aa:68:12:8b]
RSSI: -78 [da:24:aa:77:12:bb]
RSSI: -77 [da:24:aa:84:12:db]
RSSI: -76 [da:24:aa:93:13:0b]
RSSI: -77 [da:24:aa:93:13:0b]
RSSI: -76 [da:24:aa:a2:13:3b]
RSSI: -75 [da:24:aa:af:13:5b]
RSSI: -78 [da:24:aa:be:13:8b]
RSSI: -76 [da:24:aa:cd:13:bb]
RSSI: -76 [da:24:aa:da:13:db]
RSSI: -76 [da:24:aa:da:13:db]
RSSI: -76 [da:24:aa:e9:14:0b]
RSSI: -74 [da:24:aa:f8:14:3b]
RSSI: -72 [da:24:ab:04:14:5b]
RSSI: -71 [da:24:ab:13:14:8b]
RSSI: -71 [da:24:ab:13:14:8b]
RSSI: -70 [da:24:ab:13:14:8b]
RSSI: -71 [da:24:ab:22:14:ab]
RSSI: -73 [da:24:ab:2f:14:db]
RSSI: -73 [da:24:ab:2f:14:db]
RSSI: -71 [da:24:ab:3e:14:fb]
RSSI: -91 [da:2c:32:ef:04:8c]
RSSI: -70 [da:24:ab:4d:15:2b]
RSSI: -71 [da:24:ab:4d:15:2b]
RSSI: -77 [da:24:ab:5a:15:4b]
RSSI: -70 [da:24:ab:5a:15:4b]
RSSI: -76 [da:24:ab:69:15:7b]
RSSI: -91 [da:2c:33:18:05:0c]
RSSI: -71 [da:24:ab:78:15:ab]
RSSI: -73 [da:24:ab:78:15:ab]
RSSI: -72 [da:24:ab:85:15:cb]
RSSI: -73 [da:24:ab:85:15:cb]
RSSI: -74 [da:24:ab:94:15:fb]
RSSI: -72 [da:24:ab:94:15:fb]
RSSI: -72 [da:24:ab:a3:16:2b]
RSSI: -73 [da:24:ab:a3:16:2b]
RSSI: -72 [da:24:ab:af:16:4b]
RSSI: -72 [da:24:ab:af:16:4b]
RSSI: -72 [da:24:ab:bf:16:7b]
RSSI: -71 [da:24:ab:bf:16:7b]
RSSI: -72 [da:24:ab:ce:00:2b]
RSSI: -72 [da:24:ab:ce:00:2b]
RSSI: -71 [da:24:ab:da:00:5b]
RSSI: -69 [da:24:ab:ea:00:7b]
RSSI: -70 [da:24:ab:ea:00:7b]
RSSI: -70 [da:24:ab:ea:00:7b]
RSSI: -68 [da:24:ab:f9:00:ab]
RSSI: -69 [da:24:ac:05:00:db]
RSSI: -68 [da:24:ac:05:00:db]
RSSI: -69 [da:24:ac:14:00:fb]
RSSI: -89 [da:26:90:16:0a:0a]
RSSI: -70 [da:24:ac:14:00:fb]
RSSI: -69 [da:24:ac:23:01:2b]
RSSI: -70 [da:24:ac:23:01:2b]
RSSI: -71 [da:24:ac:30:01:5b]
RSSI: -75 [da:24:ac:3f:01:8b]
RSSI: -90 [da:2c:33:f2:07:cc]
RSSI: -89 [da:26:90:51:0a:aa]
RSSI: -88 [da:26:90:51:0a:aa]
RSSI: -74 [da:24:ac:5b:01:db]
RSSI: -77 [da:24:ac:5b:01:db]
RSSI: -76 [da:24:ac:6a:02:0b]
RSSI: -94 [da:26:90:6d:0a:fa]
RSSI: -74 [da:24:ac:79:02:2b]
RSSI: -74 [da:24:ac:86:02:5b]
RSSI: -89 [da:26:90:89:0b:4a]
RSSI: -76 [da:24:ac:95:02:8b]
RSSI: -73 [da:24:ac:95:02:8b]
RSSI: -87 [da:26:90:98:0b:7a]
RSSI: -75 [da:24:ac:a4:02:ab]
RSSI: -90 [da:26:90:a8:0b:aa]
RSSI: -74 [da:24:ac:b1:02:db]
RSSI: -72 [da:24:ac:c0:02:fb]
RSSI: -75 [da:24:ac:c0:02:fb]
RSSI: -73 [da:24:ac:cf:03:2b]
RSSI: -73 [da:24:ac:cf:03:2b]
RSSI: -73 [da:24:ac:dc:03:5b]
RSSI: -78 [da:24:ac:eb:03:7b]
RSSI: -75 [da:24:ac:fa:03:ab]
RSSI: -75 [da:24:ad:07:03:db]
RSSI: -75 [da:24:ad:07:03:db]
RSSI: -75 [da:24:ad:07:03:db]
RSSI: -76 [da:24:ad:07:03:db]
RSSI: -76 [da:24:ad:16:04:0b]
RSSI: -82 [da:24:ad:25:04:2b]
RSSI: -90 [da:2c:34:cf:0a:7c]
RSSI: -82 [da:24:ad:32:04:5b]
RSSI: -77 [da:24:ad:41:04:8b]
RSSI: -81 [da:24:ad:41:04:8b]
RSSI: -76 [da:24:ad:50:04:ab]
RSSI: -89 [da:2c:34:f8:0b:0c]
RSSI: -76 [da:24:ad:50:04:ab]
RSSI: -75 [da:24:ad:5d:04:db]
RSSI: -88 [da:2c:35:06:0b:3c]
RSSI: -89 [da:2c:35:13:0b:5c]
RSSI: -73 [da:24:ad:7b:05:3b]
RSSI: -75 [da:24:ad:7b:05:3b]
RSSI: -70 [da:24:ad:88:05:5b]
RSSI: -71 [da:24:ad:88:05:5b]
RSSI: -71 [da:24:ad:88:05:5b]
RSSI: -69 [da:24:ad:97:05:8b]
RSSI: -70 [da:24:ad:a6:05:bb]
RSSI: -88 [da:2c:35:4b:0c:0c]
RSSI: -87 [da:2c:35:59:0c:3c]
RSSI: -66 [da:24:ad:b3:05:db]
RSSI: -91 [da:2c:35:66:0c:6c]
RSSI: -86 [da:2c:35:66:0c:6c]
RSSI: -65 [da:24:ad:c2:06:0b]
RSSI: -87 [da:2c:35:74:0c:8c]
RSSI: -64 [da:24:ad:d1:06:3b]
RSSI: -62 [da:24:ad:d1:06:3b]
RSSI: -64 [da:24:ad:de:06:5b]
RSSI: -82 [da:2c:35:8f:0c:ec]
RSSI: -82 [da:2c:35:8f:0c:ec]
RSSI: -63 [da:24:ad:ed:06:8b]
RSSI: -85 [da:2c:35:9d:0d:1c]
RSSI: -63 [da:24:ad:ed:06:8b]
RSSI: -81 [da:2c:35:9d:0d:1c]
RSSI: -61 [da:24:ad:fc:06:ab]
RSSI: -63 [da:24:ad:fc:06:ab]
RSSI: -88 [da:2c:35:ac:0d:4c]
RSSI: -87 [da:2c:35:ac:0d:4c]
RSSI: -60 [da:24:ae:09:06:db]
RSSI: -60 [da:24:ae:09:06:db]
RSSI: -62 [da:24:ae:18:07:0b]
RSSI: -62 [da:24:ae:27:07:3b]
RSSI: -63 [da:24:ae:27:07:3b]
RSSI: -60 [da:24:ae:34:07:5b]
RSSI: -63 [da:24:ae:34:07:5b]
RSSI: -85 [da:2c:35:e2:0d:ec]
RSSI: -60 [da:24:ae:43:07:8b]
RSSI: -85 [da:2c:35:f0:0e:1c]
RSSI: -85 [da:2c:35:f0:0e:1c]
RSSI: -63 [da:24:ae:52:07:bb]
RSSI: -82 [da:2c:35:fe:0e:4c]
RSSI: -64 [da:24:ae:52:07:bb]
RSSI: -83 [da:2c:35:fe:0e:4c]
RSSI: -81 [da:2c:36:0b:0e:7c]
RSSI: -64 [da:24:ae:5f:07:db]
RSSI: -80 [da:2c:36:0b:0e:7c]
RSSI: -64 [da:24:ae:5f:07:db]
RSSI: -64 [da:24:ae:6e:08:0b]
RSSI: -78 [da:2c:36:19:0e:ac]
RSSI: -64 [da:24:ae:6e:08:0b]
RSSI: -66 [da:24:ae:7d:08:3b]
RSSI: -77 [da:2c:36:28:0e:cc]
RSSI: -62 [da:24:ae:7d:08:3b]
RSSI: -76 [da:2c:36:28:0e:cc]
RSSI: -68 [da:24:ae:8a:08:5b]
RSSI: -77 [da:2c:36:34:0e:fc]
RSSI: -74 [da:2c:36:43:0f:2c]
RSSI: -66 [da:24:ae:99:08:8b]
RSSI: -74 [da:2c:36:43:0f:2c]
RSSI: -69 [da:24:ae:99:08:8b]
RSSI: -74 [da:2c:36:51:0f:5c]
RSSI: -67 [da:24:ae:a8:08:bb]
RSSI: -73 [da:2c:36:51:0f:5c]
RSSI: -67 [da:24:ae:a8:08:bb]
RSSI: -74 [da:2c:36:5e:0f:7c]
RSSI: -69 [da:24:ae:b5:08:db]
RSSI: -73 [da:2c:36:5e:0f:7c]
RSSI: -73 [da:24:ae:b5:08:db]
RSSI: -73 [da:2c:36:6c:0f:ac]
RSSI: -70 [da:24:ae:c4:09:0b]
RSSI: -73 [da:2c:36:6c:0f:ac]
RSSI: -70 [da:24:ae:d4:09:3b]
RSSI: -73 [da:2c:36:7b:0f:dc]
RSSI: -70 [da:24:ae:d4:09:3b]
RSSI: -73 [da:24:ae:d4:09:3b]
RSSI: -73 [da:2c:36:87:10:0c]
RSSI: -71 [da:24:ae:e0:09:5b]
RSSI: -72 [da:2c:36:96:10:3c]
RSSI: -77 [da:24:ae:ef:09:8b]
RSSI: -75 [da:2c:36:a4:10:5c]
RSSI: -71 [da:24:ae:ff:09:bb]
RSSI: -74 [da:2c:36:a4:10:5c]
RSSI: -74 [da:24:ae:ff:09:bb]
RSSI: -74 [da:2c:36:b1:10:8c]
RSSI: -69 [da:24:af:0b:09:db]
RSSI: -76 [da:2c:36:b1:10:8c]
RSSI: -71 [da:24:af:0b:09:db]
RSSI: -75 [da:2c:36:bf:10:bc]
RSSI: -78 [da:2c:36:cd:10:ec]
RSSI: -69 [da:24:af:1b:0a:0b]
RSSI: -72 [da:24:af:2a:0a:3b]
RSSI: -81 [da:2c:36:da:11:0c]
RSSI: -71 [da:24:af:36:0a:5b]
RSSI: -71 [da:24:af:36:0a:5b]
RSSI: -86 [da:2c:36:e9:11:3c]
RSSI: -86 [da:2c:36:e9:11:3c]
RSSI: -72 [da:24:af:46:0a:8b]
RSSI: -72 [da:24:af:46:0a:8b]
RSSI: -77 [da:24:af:55:0a:bb]
RSSI: -74 [da:24:af:55:0a:bb]
RSSI: -72 [da:24:af:62:0a:eb]
RSSI: -75 [da:24:af:62:0a:eb]
RSSI: -72 [da:24:af:71:0b:0b]
RSSI: -86 [da:2c:37:20:11:ec]
RSSI: -85 [da:2c:37:20:11:ec]
RSSI: -73 [da:24:af:80:0b:3b]
RSSI: -73 [da:24:af:80:0b:3b]
RSSI: -86 [da:2c:37:2d:12:0c]
RSSI: -85 [da:2c:37:2d:12:0c]
RSSI: -73 [da:24:af:8d:0b:6b]
RSSI: -88 [da:2c:37:3c:12:3c]
RSSI: -74 [da:24:af:8d:0b:6b]
RSSI: -84 [da:2c:37:3c:12:3c]
RSSI: -76 [da:24:af:9c:0b:9b]
RSSI: -87 [da:2c:37:4a:12:6c]
RSSI: -76 [da:24:af:9c:0b:9b]
RSSI: -75 [da:24:af:ab:0b:bb]
RSSI: -89 [da:2c:37:57:12:8c]
RSSI: -75 [da:24:af:ab:0b:bb]
RSSI: -76 [da:24:af:b8:0b:eb]
RSSI: -76 [da:24:af:b8:0b:eb]
RSSI: -72 [da:24:af:c7:0c:1b]
RSSI: -79 [da:24:af:c7:0c:1b]
RSSI: -78 [da:24:af:d7:0c:4b]
RSSI: -91 [da:2c:37:80:13:0c]
RSSI: -79 [da:24:af:e3:0c:6b]
RSSI: -90 [da:2c:37:8f:13:3c]
RSSI: -79 [da:24:af:e3:0c:6b]
RSSI: -76 [da:24:af:f3:0c:9b]
RSSI: -78 [da:24:af:f3:0c:9b]
RSSI: -76 [da:24:b0:02:0c:cb]
RSSI: -88 [da:2c:37:aa:13:9c]
RSSI: -78 [da:24:b0:02:0c:cb]
RSSI: -81 [da:24:b0:1e:0d:1b]
RSSI: -77 [da:24:b0:2d:0d:4b]
RSSI: -76 [da:24:b0:2d:0d:4b]
RSSI: -80 [da:24:b0:3a:0d:6b]
RSSI: -88 [da:2c:37:e2:14:4c]
RSSI: -77 [da:24:b0:3a:0d:6b]
RSSI: -83 [da:24:b0:49:0d:9b]
RSSI: -78 [da:24:b0:58:0d:cb]
RSSI: -77 [da:24:b0:58:0d:cb]
RSSI: -76 [da:24:b0:65:0d:eb]
RSSI: -77 [da:24:b0:65:0d:eb]
RSSI: -79 [da:24:b0:74:0e:1b]
RSSI: -76 [da:24:b0:74:0e:1b]
RSSI: -76 [da:24:b0:84:0e:4b]
RSSI: -77 [da:24:b0:84:0e:4b]
RSSI: -75 [da:24:b0:a0:0e:9b]
RSSI: -75 [da:24:b0:a0:0e:9b]
RSSI: -75 [da:24:b0:af:0e:cb]
RSSI: -76 [da:24:b0:af:0e:cb]
RSSI: -75 [da:24:b0:bc:0e:eb]
RSSI: -76 [da:24:b0:bc:0e:eb]
RSSI: -76 [da:24:b0:cb:0f:1b]
RSSI: -76 [da:24:b0:da:0f:4b]
RSSI: -77 [da:24:b0:da:0f:4b]
RSSI: -92 [da:2c:38:88:16:5c]
RSSI: -76 [da:24:b0:e7:0f:6b]
RSSI: -77 [da:24:b0:e7:0f:6b]
RSSI: -75 [da:24:b0:f6:0f:9b]
RSSI: -75 [da:24:b1:06:0f:cb]
RSSI: -76 [da:24:b1:06:0f:cb]
RSSI: -75 [da:24:b1:12:0f:eb]
RSSI: -76 [da:24:b1:12:0f:eb]
RSSI: -75 [da:24:b1:22:10:1b]
RSSI: -75 [da:24:b1:22:10:1b]
RSSI: -76 [da:24:b1:31:10:4b]
RSSI: -75 [da:24:b1:31:10:4b]
RSSI: -76 [da:24:b1:3d:10:6b]
RSSI: -73 [da:24:b1:5c:10:cb]
RSSI: -91 [da:2c:39:05:01:5c]
RSSI: -76 [da:24:b1:5c:10:cb]
RSSI: -85 [da:2c:39:14:01:8c]
RSSI: -73 [da:24:b1:69:10:eb]
RSSI: -85 [da:2c:39:20:01:bc]
RSSI: -76 [da:24:b1:78:11:1b]
RSSI: -87 [da:2c:39:20:01:bc]
RSSI: -75 [da:24:b1:88:11:4b]
RSSI: -78 [da:24:b1:88:11:4b]
RSSI: -76 [da:24:b1:94:11:7b]
RSSI: -76 [da:24:b1:94:11:7b]
RSSI: -79 [da:24:b1:a4:11:9b]
RSSI: -79 [da:24:b1:b3:11:cb]
RSSI: -78 [da:24:b1:c0:11:fb]
RSSI: -80 [da:24:b1:c0:11:fb]
RSSI: -78 [da:24:b1:cf:12:1b]
RSSI: -80 [da:24:b1:de:12:4b]
RSSI: -82 [da:24:b1:de:12:4b]
RSSI: -80 [da:24:b1:eb:12:7b]
RSSI: -88 [da:2c:39:9d:03:3c]
RSSI: -79 [da:24:b1:fa:12:ab]
RSSI: -80 [da:24:b1:fa:12:ab]
RSSI: -92 [da:2c:39:ac:03:6c]
RSSI: -88 [da:2c:39:ac:03:6c]
RSSI: -87 [da:24:b2:0a:12:cb]
RSSI: -87 [da:2c:39:ac:03:6c]
RSSI: -87 [da:2c:39:ba:03:9c]
RSSI: -84 [da:24:b2:16:12:fb]
RSSI: -79 [da:24:b2:26:13:2b]
RSSI: -79 [da:24:b2:26:13:2b]
RSSI: -84 [da:24:b2:26:13:2b]
RSSI: -87 [da:2c:39:d6:03:ec]
RSSI: -83 [da:24:b2:35:13:5b]
RSSI: -79 [da:24:b2:35:13:5b]
RSSI: -84 [da:2c:39:e4:04:1c]
RSSI: -84 [da:2c:39:f1:04:4c]
RSSI: -88 [da:24:b2:51:13:ab]
RSSI: -87 [da:2c:39:ff:04:6c]
RSSI: -79 [da:24:b2:61:13:db]
RSSI: -87 [da:2c:3a:0e:04:9c]
RSSI: -84 [da:24:b2:6d:13:fb]
RSSI: -84 [da:2c:3a:1b:04:cc]
RSSI: -84 [da:24:b2:6d:13:fb]
RSSI: -86 [da:2c:3a:29:04:fc]
RSSI: -86 [da:2c:3a:44:05:4c]
RSSI: -80 [da:24:b2:99:14:7b]
RSSI: -87 [da:2c:3a:44:05:4c]
RSSI: -84 [da:24:b2:a8:14:ab]
RSSI: -80 [da:24:b2:a8:14:ab]
RSSI: -89 [da:2c:3a:53:05:7c]
RSSI: -81 [da:24:b2:b8:14:db]
RSSI: -83 [da:24:b2:c4:14:fb]
RSSI: -79 [da:24:b2:d4:15:2b]
RSSI: -86 [da:2c:3a:7d:05:fc]
RSSI: -81 [da:24:b2:d4:15:2b]
RSSI: -77 [da:24:b2:e3:15:5b]
RSSI: -77 [da:24:b2:e3:15:5b]
RSSI: -79 [da:24:b2:e3:15:5b]
RSSI: -79 [da:24:b2:e3:15:5b]
RSSI: -77 [da:24:b2:f0:15:7b]
RSSI: -82 [da:24:b2:ff:15:ab]
RSSI: -77 [da:24:b2:ff:15:ab]
RSSI: -79 [da:24:b3:0f:15:db]
RSSI: -84 [da:2c:3a:c2:06:dc]
RSSI: -77 [da:24:b3:1b:15:fb]
RSSI: -86 [da:2c:3a:c2:06:dc]
RSSI: -78 [da:24:b3:1b:15:fb]
RSSI: -86 [da:2c:3a:d1:07:0c]
RSSI: -80 [da:24:b3:2b:16:2b]
RSSI: -84 [da:2c:3a:d1:07:0c]
RSSI: -80 [da:24:b3:2b:16:2b]
RSSI: -85 [da:2c:3a:df:07:3c]
RSSI: -80 [da:24:b3:3a:16:5b]
RSSI: -90 [da:2c:3a:ec:07:5c]
RSSI: -87 [da:24:b3:5f:00:4b]
RSSI: -95 [da:26:97:5d:08:aa]
RSSI: -87 [da:2c:3b:09:07:bc]
RSSI: -89 [da:2c:3b:16:07:dc]
RSSI: -84 [da:24:b3:6c:00:6b]
RSSI: -87 [da:2c:3b:24:08:0c]
RSSI: -83 [da:24:b3:78:00:9b]
RSSI: -87 [da:2c:3b:24:08:0c]
RSSI: -82 [da:24:b3:78:00:9b]
RSSI: -85 [da:2c:3b:33:08:3c]
RSSI: -78 [da:24:b3:98:00:fb]
RSSI: -81 [da:24:b3:98:00:fb]
RSSI: -76 [da:24:b3:a5:01:1b]
RSSI: -76 [da:24:b3:b4:01:4b]
RSSI: -89 [da:26:97:b5:09:aa]
RSSI: -76 [da:24:b3:b4:01:4b]
RSSI: -76 [da:24:b3:c4:01:7b]
RSSI: -89 [da:26:97:c2:09:da]
RSSI: -75 [da:24:b3:c4:01:7b]
RSSI: -85 [da:26:97:d2:0a:0a]
RSSI: -78 [da:24:b3:d0:01:9b]
RSSI: -89 [da:2c:3b:78:09:1c]
RSSI: -84 [da:26:97:d2:0a:0a]
RSSI: -89 [da:26:97:d2:0a:0a]
RSSI: -79 [da:24:b3:e0:01:cb]
RSSI: -89 [da:2c:3b:87:09:4c]
RSSI: -91 [da:26:97:e1:0a:3a]
RSSI: -86 [da:26:97:ee:0a:5a]
RSSI: -77 [da:24:b3:ef:01:fb]
RSSI: -77 [da:24:b3:ef:01:fb]
RSSI: -77 [da:24:b3:fc:02:1b]
RSSI: -87 [da:26:97:fe:0a:8a]
RSSI: -82 [da:24:b4:0b:02:4b]
RSSI: -85 [da:26:98:0e:0a:ba]
RSSI: -81 [da:24:b4:0b:02:4b]
RSSI: -77 [da:24:b4:0b:02:4b]
RSSI: -88 [da:2c:3b:bd:09:fc]
RSSI: -87 [da:2c:3b:bd:09:fc]
RSSI: -85 [da:26:98:1a:0a:da]
RSSI: -77 [da:24:b4:28:02:9b]
RSSI: -83 [da:24:b4:37:02:cb]
RSSI: -86 [da:26:98:46:0b:5a]
RSSI: -85 [da:26:98:46:0b:5a]
RSSI: -79 [da:24:b4:53:03:1b]
RSSI: -87 [da:2c:3b:f6:0a:ac]
RSSI: -74 [da:24:b4:53:03:1b]
RSSI: -89 [da:2c:3c:05:0a:dc]
RSSI: -78 [da:24:b4:63:03:4b]
RSSI: -85 [da:26:98:66:0b:ba]
RSSI: -87 [da:2c:3c:11:0b:0c]
RSSI: -85 [da:26:98:66:0b:ba]
RSSI: -88 [da:2c:3c:11:0b:0c]
RSSI: -75 [da:24:b4:72:03:7b]
RSSI: -88 [da:2c:3c:20:0b:3c]
RSSI: -84 [da:26:98:73:0b:da]
RSSI: -88 [da:2c:3c:20:0b:3c]
RSSI: -72 [da:24:b4:7f:03:9b]
RSSI: -74 [da:24:b4:7f:03:9b]
RSSI: -71 [da:24:b4:8e:03:cb]
RSSI: -85 [da:26:98:92:0c:3a]
RSSI: -72 [da:24:b4:8e:03:cb]
RSSI: -72 [da:24:b4:9e:03:fb]
RSSI: -88 [da:26:98:9f:0c:5a]
RSSI: -70 [da:24:b4:9e:03:fb]
RSSI: -88 [da:26:98:9f:0c:5a]
RSSI: -88 [da:26:98:9f:0c:5a]
RSSI: -87 [da:2c:3c:59:0b:ec]
RSSI: -72 [da:24:b4:ab:04:1b]
RSSI: -88 [da:2c:3c:59:0b:ec]
RSSI: -71 [da:24:b4:ab:04:1b]
RSSI: -88 [da:2c:3c:59:0b:ec]
RSSI: -72 [da:24:b4:ba:04:4b]
RSSI: -73 [da:24:b4:ba:04:4b]
RSSI: -73 [da:24:b4:ca:04:7b]
RSSI: -71 [da:24:b4:ca:04:7b]
RSSI: -73 [da:24:b4:d6:04:ab]
RSSI: -73 [da:24:b4:d6:04:ab]
RSSI: -75 [da:24:b4:e6:04:db]
RSSI: -70 [da:24:b4:f5:04:fb]
RSSI: -85 [da:2c:3c:9e:0c:cc]
RSSI: -74 [da:24:b4:f5:04:fb]
RSSI: -88 [da:2c:3c:ad:0c:fc]
RSSI: -72 [da:24:b5:02:05:2b]
RSSI: -70 [da:24:b5:02:05:2b]
RSSI: -87 [da:2c:3c:ad:0c:fc]
RSSI: -70 [da:24:b5:02:05:2b]
RSSI: -84 [da:2c:3c:b9:0d:2c]
RSSI: -72 [da:24:b5:12:05:5b]
RSSI: -88 [da:2c:3c:b9:0d:2c]
RSSI: -73 [da:24:b5:21:05:8b]
RSSI: -71 [da:24:b5:21:05:8b]
RSSI: -87 [da:2c:3c:d7:0d:7c]
RSSI: -72 [da:24:b5:2e:05:ab]
RSSI: -68 [da:24:b5:3d:05:db]
RSSI: -71 [da:24:b5:4d:06:0b]
RSSI: -82 [da:2c:3c:f2:0d:dc]
RSSI: -83 [da:2c:3d:01:0e:0c]
RSSI: -72 [da:24:b5:59:06:2b]
RSSI: -71 [da:24:b5:69:06:5b]
RSSI: -76 [da:2c:3d:1c:0e:5c]
RSSI: -75 [da:2c:3d:1c:0e:5c]
RSSI: -75 [da:2c:3d:1c:0e:5c]
RSSI: -69 [da:24:b5:79:06:8b]
RSSI: -76 [da:2c:3d:2b:0e:8c]
RSSI: -74 [da:2c:3d:2b:0e:8c]
RSSI: -69 [da:24:b5:85:06:ab]
RSSI: -75 [da:2c:3d:38:0e:ac]
RSSI: -74 [da:2c:3d:38:0e:ac]
RSSI: -69 [da:24:b5:95:06:db]
RSSI: -73 [da:2c:3d:38:0e:ac]
RSSI: -67 [da:24:b5:95:06:db]
RSSI: -66 [da:24:b5:a4:07:0b]
RSSI: -65 [da:24:b5:a4:07:0b]
RSSI: -72 [da:2c:3d:55:0f:0c]
RSSI: -72 [da:2c:3d:55:0f:0c]
RSSI: -63 [da:24:b5:b1:07:3b]
RSSI: -71 [da:2c:3d:62:0f:3c]
RSSI: -70 [da:2c:3d:62:0f:3c]
RSSI: -63 [da:24:b5:c1:07:6b]
RSSI: -62 [da:24:b5:c1:07:6b]
RSSI: -71 [da:2c:3d:71:0f:6c]
RSSI: -64 [da:24:b5:d0:07:9b]
RSSI: -71 [da:2c:3d:71:0f:6c]
RSSI: -62 [da:24:b5:d0:07:9b]
RSSI: -70 [da:2c:3d:7f:0f:9c]
RSSI: -62 [da:24:b5:d0:07:9b]
RSSI: -71 [da:2c:3d:7f:0f:9c]
RSSI: -64 [da:24:b5:dd:07:bb]
RSSI: -70 [da:2c:3d:8c:0f:bc]
RSSI: -60 [da:24:b5:ec:07:eb]
RSSI: -70 [da:2c:3d:8c:0f:bc]
RSSI: -63 [da:24:b5:ec:07:eb]
RSSI: -61 [da:24:b5:fc:08:1b]
RSSI: -69 [da:2c:3d:a0:0f:fc]
RSSI: -61 [da:24:b5:fc:08:1b]
RSSI: -61 [da:24:b5:fc:08:1b]
RSSI: -71 [da:2c:3d:b0:10:2c]
RSSI: -63 [da:24:b6:09:08:3b]
RSSI: -70 [da:2c:3d:b0:10:2c]
RSSI: -62 [da:24:b6:09:08:3b]
RSSI: -71 [da:2c:3d:bd:10:5c]
RSSI: -62 [da:24:b6:18:08:6b]
RSSI: -71 [da:2c:3d:cc:10:8c]
RSSI: -61 [da:24:b6:28:08:9b]
RSSI: -74 [da:2c:3d:cc:10:8c]
RSSI: -74 [da:2c:3d:da:10:bc]
RSSI: -74 [da:2c:3d:da:10:bc]
RSSI: -62 [da:24:b6:34:08:bb]
RSSI: -61 [da:24:b6:34:08:bb]
RSSI: -82 [da:2c:3d:f6:11:0c]
RSSI: -63 [da:24:b6:54:09:1b]
RSSI: -81 [da:2c:3d:f6:11:0c]
RSSI: -63 [da:24:b6:54:09:1b]
RSSI: -62 [da:24:b6:60:09:4b]
RSSI: -63 [da:24:b6:60:09:4b]
RSSI: -62 [da:24:b6:70:09:7b]
RSSI: -86 [da:2c:3e:20:11:9c]
RSSI: -63 [da:24:b6:80:09:9b]
RSSI: -63 [da:24:b6:80:09:9b]
RSSI: -63 [da:24:b6:80:09:9b]
RSSI: -64 [da:24:b6:8c:09:cb]
RSSI: -64 [da:24:b6:8c:09:cb]
RSSI: -81 [da:2c:3e:4a:12:1c]
RSSI: -65 [da:24:b6:9c:09:fb]
RSSI: -80 [da:2c:3e:4a:12:1c]
RSSI: -66 [da:24:b6:ab:0a:2b]
RSSI: -65 [da:24:b6:ab:0a:2b]
RSSI: -81 [da:2c:3e:59:12:4c]
RSSI: -66 [da:24:b6:ab:0a:2b]
RSSI: -83 [da:2c:3e:59:12:4c]
RSSI: -67 [da:24:b6:b8:0a:4b]
RSSI: -87 [da:2c:3e:66:12:6c]
RSSI: -88 [da:2c:3e:66:12:6c]
RSSI: -71 [da:24:b6:c8:0a:7b]
RSSI: -71 [da:24:b6:c8:0a:7b]
RSSI: -73 [da:24:b6:d7:0a:ab]
RSSI: -75 [da:24:b6:d7:0a:ab]
RSSI: -74 [da:24:b6:e4:0a:cb]
RSSI: -75 [da:24:b6:f4:0a:fb]
RSSI: -73 [da:24:b6:f4:0a:fb]
RSSI: -74 [da:24:b7:03:0b:2b]
RSSI: -75 [da:24:b7:03:0b:2b]
RSSI: -74 [da:24:b7:03:0b:2b]
RSSI: -75 [da:24:b7:10:0b:4b]
RSSI: -87 [da:2c:3e:ba:13:7c]
RSSI: -73 [da:24:b7:20:0b:7b]
RSSI: -91 [da:2c:3e:c9:13:ac]
RSSI: -76 [da:24:b7:2f:0b:ab]
RSSI: -85 [da:24:b7:3c:0b:db]
RSSI: -82 [da:24:b7:3c:0b:db]
RSSI: -90 [da:2c:3e:f3:14:2c]
RSSI: -84 [da:24:b7:5b:0c:3b]
RSSI: -87 [da:2c:3f:02:14:5c]
RSSI: -83 [da:24:b7:5b:0c:3b]
RSSI: -80 [da:24:b7:68:0c:5b]
RSSI: -92 [da:2c:3f:2c:14:dc]
RSSI: -87 [da:24:b7:87:0c:bb]
RSSI: -89 [da:2c:3f:39:15:0c]
RSSI: -80 [da:24:b7:94:0c:db]
RSSI: -82 [da:24:b7:94:0c:db]
RSSI: -79 [da:24:b7:a3:0d:0b]
RSSI: -81 [da:24:b7:b3:0d:3b]
RSSI: -81 [da:24:b7:b3:0d:3b]
RSSI: -86 [da:24:b7:c0:0d:5b]
RSSI: -93 [da:2c:3f:72:15:bc]
RSSI: -87 [da:24:b7:cf:0d:8b]
RSSI: -80 [da:24:b7:df:0d:bb]
RSSI: -79 [da:24:b7:df:0d:bb]
RSSI: -79 [da:24:b7:ec:0d:db]
RSSI: -79 [da:24:b7:fb:0e:0b]
RSSI: -78 [da:24:b7:fb:0e:0b]
RSSI: -79 [da:24:b8:0b:0e:3b]
RSSI: -76 [da:24:b8:18:0e:6b]
RSSI: -77 [da:24:b8:27:0e:9b]
RSSI: -75 [da:24:b8:27:0e:9b]
RSSI: -83 [da:24:b8:37:0e:cb]
RSSI: -76 [da:24:b8:37:0e:cb]
RSSI: -80 [da:24:b8:44:0e:eb]
RSSI: -80 [da:24:b8:44:0e:eb]
RSSI: -96 [da:2c:3f:f1:00:bc]
RSSI: -72 [da:24:b8:53:0f:1b]
RSSI: -78 [da:24:b8:53:0f:1b]
RSSI: -74 [da:24:b8:63:0f:4b]
RSSI: -71 [da:24:b8:63:0f:4b]
RSSI: -87 [da:2c:40:0d:01:0c]
RSSI: -75 [da:24:b8:70:0f:6b]
RSSI: -87 [da:2c:40:1c:01:3c]
RSSI: -76 [da:24:b8:70:0f:6b]
RSSI: -77 [da:24:b8:80:0f:9b]
RSSI: -86 [da:2c:40:2a:01:6c]
RSSI: -77 [da:24:b8:80:0f:9b]
RSSI: -73 [da:24:b8:8f:0f:cb]
RSSI: -78 [da:24:b8:8f:0f:cb]
RSSI: -73 [da:24:b8:9c:0f:fb]
RSSI: -77 [da:24:b8:ac:10:2b]
RSSI: -77 [da:24:b8:bb:10:5b]
RSSI: -75 [da:24:b8:c8:10:7b]
RSSI: -72 [da:24:b8:d8:10:ab]
RSSI: -74 [da:24:b8:e7:10:db]
RSSI: -75 [da:24:b8:f4:10:fb]
RSSI: -74 [da:24:b8:f4:10:fb]
RSSI: -76 [da:24:b9:04:11:2b]
RSSI: -72 [da:24:b9:13:11:5b]
RSSI: -74 [da:24:b9:20:11:7b]
RSSI: -72 [da:24:b9:20:11:7b]
RSSI: -75 [da:24:b9:30:11:ab]
RSSI: -75 [da:24:b9:30:11:ab]
RSSI: -90 [da:2c:40:e1:03:ac]
RSSI: -75 [da:24:b9:40:11:db]
RSSI: -90 [da:2c:40:f0:03:dc]
RSSI: -72 [da:24:b9:4c:12:0b]
RSSI: -77 [da:24:b9:4c:12:0b]
RSSI: -86 [da:2c:40:ff:04:0c]
RSSI: -73 [da:24:b9:5c:12:3b]
RSSI: -76 [da:24:b9:6c:12:5b]
RSSI: -76 [da:24:b9:6c:12:5b]
RSSI: -75 [da:24:b9:78:12:8b]
RSSI: -87 [da:2c:41:29:04:8c]
RSSI: -77 [da:24:b9:78:12:8b]
RSSI: -77 [da:24:b9:88:12:bb]
RSSI: -89 [da:2c:41:36:04:bc]
RSSI: -79 [da:24:b9:98:12:eb]
RSSI: -82 [da:24:b9:98:12:eb]
RSSI: -89 [da:2c:41:54:05:1c]
RSSI: -80 [da:24:b9:b4:13:3b]
RSSI: -80 [da:24:b9:b4:13:3b]
RSSI: -84 [da:24:b9:c4:13:6b]
RSSI: -82 [da:24:b9:c4:13:6b]
RSSI: -89 [da:2c:41:7e:05:9c]
RSSI: -84 [da:24:b9:d1:13:8b]
RSSI: -82 [da:24:b9:e0:13:bb]
RSSI: -82 [da:24:b9:e0:13:bb]
RSSI: -89 [da:2c:41:8b:05:bc]
RSSI: -83 [da:24:b9:f0:13:eb]
RSSI: -85 [da:24:b9:f0:13:eb]
RSSI: -83 [da:24:b9:fd:14:0b]
RSSI: -83 [da:24:ba:0d:14:3b]
RSSI: -84 [da:24:ba:0d:14:3b]
RSSI: -90 [da:24:ba:1c:14:6b]
RSSI: -88 [da:2c:41:c4:06:7c]
RSSI: -81 [da:24:ba:1c:14:6b]
RSSI: -83 [da:24:ba:29:14:8b]
RSSI: -85 [da:2c:41:d3:06:ac]
RSSI: -84 [da:24:ba:39:14:bb]
RSSI: -88 [da:2c:41:fe:07:2c]
RSSI: -85 [da:24:ba:55:15:0b]
RSSI: -86 [da:24:ba:55:15:0b]
RSSI: -89 [da:2c:42:0a:07:5c]
RSSI: -94 [da:24:ba:75:15:6b]
RSSI: -85 [da:24:ba:91:15:cb]
RSSI: -86 [da:24:ba:a1:15:fb]
RSSI: -88 [da:2c:42:53:08:3c]
RSSI: -84 [da:24:ba:ae:16:1b]
RSSI: -84 [da:24:ba:ae:16:1b]
RSSI: -83 [da:24:ba:be:16:4b]
RSSI: -82 [da:24:ba:be:16:4b]
RSSI: -78 [da:24:ba:cd:16:7b]
RSSI: -82 [da:24:ba:da:00:0b]
RSSI: -79 [da:24:ba:da:00:0b]
RSSI: -83 [da:24:ba:ea:00:2b]
RSSI: -86 [da:24:ba:fa:00:5b]
RSSI: -92 [da:26:9f:05:08:8a]
RSSI: -83 [da:24:bb:06:00:8b]
RSSI: -90 [da:26:9f:11:08:aa]
RSSI: -84 [da:24:bb:26:00:eb]
RSSI: -85 [da:24:bb:26:00:eb]
RSSI: -85 [da:24:bb:33:01:0b]
RSSI: -88 [da:2c:42:e0:09:fc]
RSSI: -89 [da:2c:42:e0:09:fc]
RSSI: -82 [da:24:bb:52:01:6b]
RSSI: -85 [da:24:bb:6f:01:bb]
RSSI: -88 [da:2c:43:19:0a:bc]
RSSI: -87 [da:24:bb:6f:01:bb]
RSSI: -89 [da:2c:43:19:0a:bc]
RSSI: -80 [da:24:bb:7f:01:eb]
RSSI: -89 [da:26:9f:7b:09:da]
RSSI: -86 [da:26:9f:8b:0a:0a]
RSSI: -85 [da:24:bb:8b:02:0b]
RSSI: -86 [da:26:9f:8b:0a:0a]
RSSI: -77 [da:24:bb:8b:02:0b]
RSSI: -88 [da:2c:43:44:0b:3c]
RSSI: -76 [da:24:bb:9b:02:3b]
RSSI: -83 [da:24:bb:9b:02:3b]
RSSI: -86 [da:26:9f:a8:0a:5a]
RSSI: -76 [da:24:bb:ab:02:6b]
RSSI: -86 [da:26:9f:a8:0a:5a]
RSSI: -76 [da:24:bb:b8:02:9b]
RSSI: -78 [da:24:bb:b8:02:9b]
RSSI: -76 [da:24:bb:c8:02:cb]
RSSI: -77 [da:24:bb:c8:02:cb]
RSSI: -79 [da:24:bb:d7:02:fb]
RSSI: -88 [da:2c:43:7e:0b:fc]
RSSI: -83 [da:26:9f:d5:0a:da]
RSSI: -87 [da:24:bb:d7:02:fb]
RSSI: -87 [da:26:9f:e5:0b:0a]
RSSI: -92 [da:29:a9:00:0c:8e]
RSSI: -76 [da:24:bb:f4:03:4b]
RSSI: -94 [da:2c:43:99:0c:4c]
RSSI: -92 [da:29:a9:00:0c:8e]
RSSI: -78 [da:24:bb:f4:03:4b]
RSSI: -86 [da:26:9f:f2:0b:2a]
RSSI: -83 [da:26:9f:f2:0b:2a]
RSSI: -77 [da:24:bc:04:03:7b]
RSSI: -86 [da:26:a0:0b:0b:7a]
RSSI: -87 [da:2c:43:b5:0c:ac]
RSSI: -85 [da:24:bc:10:03:9b]
RSSI: -87 [da:26:a0:1b:0b:aa]
RSSI: -85 [da:2c:43:c4:0c:dc]
RSSI: -87 [da:26:a0:1b:0b:aa]
RSSI: -84 [da:2c:43:c4:0c:dc]
RSSI: -79 [da:24:bc:20:03:cb]
RSSI: -81 [da:2c:43:d3:0d:0c]
RSSI: -84 [da:24:bc:30:03:fb]
RSSI: -84 [da:26:a0:38:0b:fa]
RSSI: -81 [da:2c:43:e0:0d:2c]
RSSI: -84 [da:26:a0:38:0b:fa]
RSSI: -90 [da:26:a0:48:0c:2a]
RSSI: -76 [da:24:bc:4d:04:5b]
RSSI: -83 [da:24:bc:4d:04:5b]
RSSI: -84 [da:24:bc:5d:04:8b]
RSSI: -77 [da:24:bc:5d:04:8b]
RSSI: -87 [da:26:a0:65:0c:7a]
RSSI: -79 [da:24:bc:69:04:ab]
RSSI: -78 [da:24:bc:69:04:ab]
RSSI: -87 [da:2c:44:1a:0d:ec]
RSSI: -77 [da:24:bc:79:04:db]
RSSI: -76 [da:2c:44:29:0e:1c]
RSSI: -89 [da:26:a0:7e:0c:ba]
RSSI: -77 [da:24:bc:79:04:db]
RSSI: -74 [da:24:bc:89:05:0b]
RSSI: -77 [da:24:bc:89:05:0b]
RSSI: -78 [da:2c:44:35:0e:3c]
RSSI: -90 [da:26:a0:8b:0c:ea]
RSSI: -74 [da:2c:44:35:0e:3c]
RSSI: -75 [da:24:bc:96:05:2b]
RSSI: -74 [da:2c:44:45:0e:6c]
RSSI: -79 [da:24:bc:a6:05:5b]
RSSI: -71 [da:2c:44:54:0e:ac]
RSSI: -79 [da:24:bc:a6:05:5b]
RSSI: -72 [da:2c:44:54:0e:ac]
RSSI: -78 [da:24:bc:b5:05:8b]
RSSI: -79 [da:24:bc:b5:05:8b]
RSSI: -88 [da:26:a0:be:0d:7a]
RSSI: -77 [da:24:bc:c2:05:ab]
RSSI: -70 [da:2c:44:6f:0e:fc]
RSSI: -69 [da:2c:44:6f:0e:fc]
RSSI: -76 [da:24:bc:d2:05:db]
RSSI: -69 [da:2c:44:7e:0f:2c]
RSSI: -75 [da:24:bc:d2:05:db]
RSSI: -69 [da:2c:44:7e:0f:2c]
RSSI: -76 [da:24:bc:e2:06:0b]
RSSI: -68 [da:2c:44:8b:0f:5c]
RSSI: -91 [da:26:a0:e4:0d:ea]
RSSI: -69 [da:2c:44:8b:0f:5c]
RSSI: -74 [da:24:bc:ef:06:3b]
RSSI: -68 [da:2c:44:9a:0f:8c]
RSSI: -74 [da:24:bc:ef:06:3b]
RSSI: -68 [da:2c:44:a9:0f:bc]
RSSI: -74 [da:24:bc:ff:06:6b]
RSSI: -68 [da:2c:44:a9:0f:bc]
RSSI: -72 [da:24:bc:ff:06:6b]
RSSI: -71 [da:24:bd:0e:06:9b]
RSSI: -68 [da:2c:44:b6:0f:dc]
RSSI: -71 [da:24:bd:0e:06:9b]
RSSI: -69 [da:2c:44:b6:0f:dc]
RSSI: -71 [da:24:bd:1b:06:bb]
RSSI: -68 [da:2c:44:c5:10:0c]
RSSI: -69 [da:2c:44:c5:10:0c]
RSSI: -71 [da:24:bd:1b:06:bb]
RSSI: -69 [da:2c:44:c5:10:0c]
RSSI: -70 [da:2c:44:d4:10:3c]
RSSI: -73 [da:2c:44:f0:10:9c]
RSSI: -70 [da:24:bd:48:07:4b]
RSSI: -71 [da:24:bd:48:07:4b]
RSSI: -73 [da:2c:44:f0:10:9c]
RSSI: -71 [da:24:bd:48:07:4b]
RSSI: -73 [da:2c:44:ff:10:cc]
RSSI: -75 [da:2c:44:ff:10:cc]
RSSI: -70 [da:24:bd:58:07:6b]
RSSI: -77 [da:2c:45:0c:10:ec]
RSSI: -74 [da:24:bd:67:07:9b]
RSSI: -77 [da:2c:45:0c:10:ec]
RSSI: -92 [da:2c:45:2a:11:4c]
RSSI: -71 [da:24:bd:84:07:fb]
RSSI: -70 [da:24:bd:84:07:fb]
RSSI: -86 [da:2c:45:36:11:6c]
RSSI: -68 [da:24:bd:94:08:2b]
RSSI: -85 [da:2c:45:46:11:9c]
RSSI: -68 [da:24:bd:a1:08:4b]
RSSI: -81 [da:2c:45:55:11:cc]
RSSI: -65 [da:24:bd:b1:08:7b]
RSSI: -78 [da:2c:45:61:11:fc]
RSSI: -80 [da:2c:45:61:11:fc]
RSSI: -67 [da:24:bd:c0:08:ab]
RSSI: -80 [da:2c:45:71:12:2c]
RSSI: -81 [da:2c:45:71:12:2c]
RSSI: -62 [da:24:bd:cd:08:cb]
RSSI: -82 [da:2c:45:80:12:5c]
RSSI: -66 [da:24:bd:cd:08:cb]
RSSI: -83 [da:2c:45:80:12:5c]
RSSI: -61 [da:24:bd:dd:08:fb]
RSSI: -88 [da:2c:45:8c:12:7c]
RSSI: -62 [da:24:bd:ed:09:2b]
RSSI: -87 [da:2c:45:9b:12:ac]
RSSI: -62 [da:24:bd:fa:09:5b]
RSSI: -62 [da:24:bd:fa:09:5b]
RSSI: -88 [da:2c:45:b7:13:0c]
RSSI: -61 [da:24:be:0a:09:8b]
RSSI: -59 [da:24:be:1a:09:bb]
RSSI: -87 [da:2c:45:c6:13:3c]
RSSI: -60 [da:24:be:26:09:db]
RSSI: -59 [da:24:be:26:09:db]
RSSI: -60 [da:24:be:36:0a:0b]
RSSI: -60 [da:24:be:36:0a:0b]
RSSI: -60 [da:24:be:36:0a:0b]
RSSI: -89 [da:2c:45:f1:13:bc]
RSSI: -59 [da:24:be:53:0a:6b]
RSSI: -61 [da:24:be:53:0a:6b]
RSSI: -59 [da:24:be:63:0a:9b]
RSSI: -89 [da:2c:46:0d:14:1c]
RSSI: -61 [da:24:be:73:0a:cb]
RSSI: -88 [da:2c:46:1c:14:4c]
RSSI: -61 [da:24:be:73:0a:cb]
RSSI: -88 [da:2c:46:1c:14:4c]
RSSI: -63 [da:24:be:7f:0a:eb]
RSSI: -63 [da:24:be:7f:0a:eb]
RSSI: -65 [da:24:be:8f:0b:1b]
RSSI: -68 [da:24:be:ac:0b:6b]
RSSI: -94 [da:2c:46:56:14:fc]
RSSI: -69 [da:24:be:ac:0b:6b]
RSSI: -73 [da:24:be:bc:0b:ab]
RSSI: -72 [da:24:be:bc:0b:ab]
RSSI: -88 [da:2c:46:63:15:1c]
RSSI: -74 [da:24:be:cc:0b:db]
RSSI: -70 [da:24:be:d9:0b:fb]
RSSI: -73 [da:24:be:d9:0b:fb]
RSSI: -70 [da:24:be:e9:0c:2b]
RSSI: -70 [da:24:be:e9:0c:2b]
RSSI: -75 [da:24:be:f9:0c:5b]
RSSI: -73 [da:24:be:f9:0c:5b]
RSSI: -76 [da:24:bf:05:0c:7b]
RSSI: -75 [da:24:bf:05:0c:7b]
RSSI: -78 [da:24:bf:15:0c:ab]
RSSI: -76 [da:24:bf:25:0c:db]
RSSI: -79 [da:24:bf:32:0c:fb]
RSSI: -86 [da:24:bf:42:0d:2b]
RSSI: -83 [da:24:bf:42:0d:2b]
RSSI: -92 [da:2c:47:03:00:8c]
RSSI: -80 [da:24:bf:5f:0d:8b]
RSSI: -87 [da:24:bf:6f:0d:bb]
RSSI: -86 [da:24:bf:7f:0d:eb]
RSSI: -89 [da:24:bf:7f:0d:eb]
RSSI: -86 [da:2c:47:2e:01:0c]
RSSI: -84 [da:24:bf:8b:0e:0b]
RSSI: -87 [da:24:bf:8b:0e:0b]
RSSI: -90 [da:2c:47:4a:01:6c]
RSSI: -82 [da:24:bf:ab:0e:6b]
RSSI: -87 [da:2c:47:59:01:9c]
RSSI: -91 [da:2c:47:59:01:9c]
RSSI: -79 [da:24:bf:b8:0e:9b]
RSSI: -91 [da:2c:47:65:01:bc]
RSSI: -75 [da:24:bf:c8:0e:cb]
RSSI: -78 [da:24:bf:c8:0e:cb]
RSSI: -74 [da:24:bf:d8:0e:fb]
RSSI: -89 [da:24:bf:e5:0f:1b]
RSSI: -75 [da:24:bf:f5:0f:4b]
RSSI: -78 [da:24:bf:f5:0f:4b]
RSSI: -75 [da:24:c0:05:0f:7b]
RSSI: -75 [da:24:c0:05:0f:7b]
RSSI: -75 [da:24:c0:11:0f:9b]
RSSI: -75 [da:24:c0:11:0f:9b]
RSSI: -76 [da:24:c0:22:0f:cb]
RSSI: -77 [da:24:c0:32:0f:fb]
RSSI: -79 [da:24:c0:32:0f:fb]
RSSI: -78 [da:24:c0:4e:10:5b]
RSSI: -95 [da:2c:47:f6:03:8c]
RSSI: -76 [da:24:c0:4e:10:5b]
RSSI: -76 [da:24:c0:5e:10:8b]
RSSI: -76 [da:24:c0:5e:10:8b]
RSSI: -78 [da:24:c0:6b:10:ab]
RSSI: -78 [da:24:c0:6b:10:ab]
RSSI: -76 [da:24:c0:7b:10:db]
RSSI: -78 [da:24:c0:7b:10:db]
RSSI: -76 [da:24:c0:8b:11:0b]
RSSI: -90 [da:2c:48:31:04:3c]
RSSI: -76 [da:24:c0:8b:11:0b]
RSSI: -76 [da:24:c0:98:11:2b]
RSSI: -76 [da:24:c0:98:11:2b]
RSSI: -74 [da:24:c0:a8:11:5b]
RSSI: -74 [da:24:c0:b8:11:8b]
RSSI: -72 [da:24:c0:b8:11:8b]
RSSI: -72 [da:24:c0:c5:11:bb]
RSSI: -72 [da:24:c0:d5:11:eb]
RSSI: -74 [da:24:c0:e5:12:1b]
RSSI: -73 [da:24:c0:f1:12:3b]
RSSI: -72 [da:24:c0:f1:12:3b]
RSSI: -90 [da:2c:48:b2:05:cc]
RSSI: -72 [da:24:c1:02:12:6b]
RSSI: -76 [da:24:c1:12:12:9b]
RSSI: -75 [da:24:c1:12:12:9b]
RSSI: -75 [da:24:c1:1e:12:cb]
RSSI: -75 [da:24:c1:1e:12:cb]
RSSI: -76 [da:24:c1:2e:12:fb]
RSSI: -86 [da:2c:48:dd:06:5c]
RSSI: -76 [da:24:c1:3f:13:2b]
RSSI: -71 [da:24:c1:3f:13:2b]
RSSI: -77 [da:24:c1:4b:13:4b]
RSSI: -76 [da:24:c1:5b:13:7b]
RSSI: -83 [da:2c:49:09:06:ec]
RSSI: -78 [da:24:c1:5b:13:7b]
RSSI: -84 [da:2c:49:09:06:ec]
RSSI: -77 [da:24:c1:6b:13:ab]
RSSI: -88 [da:2c:49:15:07:0c]
RSSI: -84 [da:2c:49:15:07:0c]
RSSI: -77 [da:24:c1:78:13:cb]
RSSI: -77 [da:24:c1:78:13:cb]
RSSI: -79 [da:24:c1:78:13:cb]
RSSI: -80 [da:24:c1:98:14:2b]
RSSI: -80 [da:24:c1:a5:14:5b]
RSSI: -89 [da:2c:49:50:07:cc]
RSSI: -87 [da:2c:49:50:07:cc]
RSSI: -82 [da:24:c1:a5:14:5b]
RSSI: -81 [da:24:c1:b5:14:8b]
RSSI: -83 [da:24:c1:c5:14:ab]
RSSI: -86 [da:2c:49:6c:08:1c]
RSSI: -85 [da:24:c1:e2:15:0b]
RSSI: -84 [da:24:c1:e2:15:0b]
RSSI: -87 [da:24:c1:f2:15:3b]
RSSI: -85 [da:24:c1:ff:15:5b]
RSSI: -86 [da:24:c2:0f:15:8b]
RSSI: -86 [da:24:c2:0f:15:8b]
RSSI: -86 [da:24:c2:1f:15:bb]
RSSI: -93 [da:2c:49:e1:09:9c]
RSSI: -88 [da:24:c2:34:15:fb]
RSSI: -93 [da:2c:49:e1:09:9c]
RSSI: -90 [da:24:c2:44:16:2b]
RSSI: -85 [da:24:c2:55:16:5b]
RSSI: -86 [da:24:c2:55:16:5b]
RSSI: -90 [da:24:c2:55:16:5b]
RSSI: -89 [da:2c:49:fd:09:ec]
RSSI: -84 [da:24:c2:61:16:7b]
RSSI: -83 [da:24:c2:61:16:7b]
RSSI: -96 [da:26:a6:7e:07:ba]
RSSI: -89 [da:24:c2:82:00:5b]
RSSI: -84 [da:24:c2:8e:00:8b]
RSSI: -85 [da:24:c2:9e:00:bb]
RSSI: -84 [da:24:c2:ab:00:db]
RSSI: -96 [da:2c:4a:54:0b:0c]
RSSI: -86 [da:24:c2:c4:01:2b]
RSSI: -93 [da:24:c2:d1:01:4b]
RSSI: -88 [da:24:c2:ea:01:9b]
RSSI: -83 [da:24:c2:ea:01:9b]
RSSI: -83 [da:24:c2:f7:01:bb]
RSSI: -83 [da:24:c2:f7:01:bb]
RSSI: -80 [da:24:c3:04:01:db]
RSSI: -80 [da:24:c3:04:01:db]
RSSI: -80 [da:24:c3:04:01:db]
RSSI: -80 [da:24:c3:04:01:db]
RSSI: -81 [da:24:c3:10:02:0b]
RSSI: -79 [da:24:c3:10:02:0b]
RSSI: -82 [da:24:c3:1d:02:2b]
RSSI: -79 [da:24:c3:2a:02:4b]
RSSI: -79 [da:24:c3:2a:02:4b]
RSSI: -84 [da:24:c3:2a:02:4b]
RSSI: -86 [da:2c:4a:d6:0c:ac]
RSSI: -85 [da:24:c3:37:02:7b]
RSSI: -89 [da:2c:4a:e6:0c:dc]
RSSI: -80 [da:24:c3:37:02:7b]
RSSI: -85 [da:24:c3:43:02:9b]
RSSI: -86 [da:24:c3:43:02:9b]
RSSI: -80 [da:24:c3:50:02:bb]
RSSI: -81 [da:24:c3:50:02:bb]
RSSI: -81 [da:2c:4b:02:0d:2c]
RSSI: -78 [da:24:c3:5d:02:eb]
RSSI: -91 [da:26:a7:66:0a:5a]
RSSI: -77 [da:24:c3:69:03:0b]
RSSI: -83 [da:2c:4b:11:0d:5c]
RSSI: -83 [da:24:c3:69:03:0b]
RSSI: -76 [da:24:c3:76:03:3b]
RSSI: -90 [da:2c:4b:1e:0d:8c]
RSSI: -74 [da:24:c3:76:03:3b]
RSSI: -77 [da:24:c3:83:03:5b]
RSSI: -85 [da:2c:4b:2d:0d:bc]
RSSI: -75 [da:24:c3:83:03:5b]
RSSI: -85 [da:2c:4b:2d:0d:bc]
RSSI: -73 [da:24:c3:8f:03:7b]
RSSI: -87 [da:26:a7:8d:0a:ca]
RSSI: -73 [da:24:c3:8f:03:7b]
RSSI: -77 [da:24:c3:8f:03:7b]
RSSI: -73 [da:24:c3:9c:03:ab]
RSSI: -73 [da:24:c3:9c:03:ab]
RSSI: -84 [da:26:a7:a7:0b:1a]
RSSI: -73 [da:24:c3:a9:03:cb]
RSSI: -78 [da:2c:4b:59:0e:4c]
RSSI: -73 [da:24:c3:b6:03:eb]
RSSI: -76 [da:2c:4b:68:0e:7c]
RSSI: -89 [da:26:a7:c1:0b:5a]
RSSI: -73 [da:24:c3:c2:04:1b]
RSSI: -85 [da:26:a7:cd:0b:8a]
RSSI: -87 [da:26:a7:db:0b:aa]
RSSI: -74 [da:2c:4b:84:0e:cc]
RSSI: -88 [da:26:a7:e8:0b:ca]
RSSI: -72 [da:2c:4b:93:0e:fc]
RSSI: -78 [da:24:c3:f5:04:ab]
RSSI: -85 [da:26:a7:f4:0b:fa]
RSSI: -78 [da:24:c3:f5:04:ab]
RSSI: -72 [da:2c:4b:a0:0f:2c]
RSSI: -74 [da:2c:4b:b0:0f:5c]
RSSI: -71 [da:2c:4b:b0:0f:5c]
RSSI: -70 [da:2c:4b:bf:0f:8c]
RSSI: -80 [da:24:c4:1c:05:1b]
RSSI: -73 [da:2c:4b:bf:0f:8c]
RSSI: -80 [da:24:c4:1c:05:1b]
RSSI: -81 [da:24:c4:28:05:4b]
RSSI: -71 [da:2c:4b:cc:0f:ac]
RSSI: -74 [da:2c:4b:cc:0f:ac]
RSSI: -81 [da:24:c4:35:05:6b]
RSSI: -79 [da:24:c4:35:05:6b]
RSSI: -88 [da:26:a8:35:0c:aa]
RSSI: -71 [da:2c:4b:e0:0f:ec]
RSSI: -73 [da:2c:4b:f1:10:1c]
RSSI: -76 [da:24:c4:4e:05:bb]
RSSI: -75 [da:2c:4b:fd:10:4c]
RSSI: -78 [da:24:c4:5b:05:db]
RSSI: -91 [da:26:a8:5c:0d:1a]
RSSI: -76 [da:2c:4b:fd:10:4c]
RSSI: -75 [da:24:c4:5b:05:db]
RSSI: -78 [da:2c:4c:0d:10:7c]
RSSI: -77 [da:24:c4:68:06:0b]
RSSI: -78 [da:2c:4c:1c:10:ac]
RSSI: -75 [da:24:c4:75:06:2b]
RSSI: -75 [da:24:c4:81:06:5b]
RSSI: -75 [da:24:c4:81:06:5b]
RSSI: -84 [da:2c:4c:29:10:dc]
RSSI: -88 [da:26:a8:90:0d:aa]
RSSI: -74 [da:24:c4:9b:06:9b]
RSSI: -74 [da:24:c4:a8:06:cb]
RSSI: -76 [da:24:c4:a8:06:cb]
RSSI: -91 [da:2c:4c:54:11:5c]
RSSI: -84 [da:2c:4c:64:11:8c]
RSSI: -76 [da:24:c4:c1:07:1b]
RSSI: -85 [da:2c:4c:73:11:cc]
RSSI: -77 [da:24:c4:ce:07:3b]
RSSI: -86 [da:2c:4c:73:11:cc]
RSSI: -76 [da:24:c4:ce:07:3b]
RSSI: -75 [da:24:c4:ce:07:3b]
RSSI: -74 [da:24:c4:f4:07:ab]
RSSI: -88 [da:2c:4c:9f:12:4c]
RSSI: -74 [da:24:c4:f4:07:ab]
RSSI: -72 [da:24:c4:f4:07:ab]
RSSI: -88 [da:2c:4c:9f:12:4c]
RSSI: -70 [da:24:c5:01:07:db]
RSSI: -89 [da:2c:4c:ab:12:7c]
RSSI: -70 [da:24:c5:0e:07:fb]
RSSI: -72 [da:24:c5:1b:08:1b]
RSSI: -72 [da:24:c5:1b:08:1b]
RSSI: -69 [da:24:c5:27:08:4b]
RSSI: -69 [da:24:c5:34:08:6b]
RSSI: -73 [da:24:c5:41:08:9b]
RSSI: -73 [da:24:c5:41:08:9b]
RSSI: -90 [da:2c:4c:e7:13:2c]
RSSI: -69 [da:24:c5:4e:08:bb]
RSSI: -72 [da:24:c5:5a:08:db]
RSSI: -89 [da:2c:4d:03:13:8c]
RSSI: -73 [da:24:c5:67:09:0b]
RSSI: -73 [da:24:c5:67:09:0b]
RSSI: -91 [da:2c:4d:12:13:bc]
RSSI: -66 [da:24:c5:74:09:2b]
RSSI: -92 [da:2c:4d:22:13:ec]
RSSI: -72 [da:24:c5:81:09:5b]
RSSI: -68 [da:24:c5:8e:09:7b]
RSSI: -88 [da:2c:4d:2e:14:0c]
RSSI: -68 [da:24:c5:8e:09:7b]
RSSI: -63 [da:24:c5:9a:09:ab]
RSSI: -66 [da:24:c5:a7:09:cb]
RSSI: -64 [da:24:c5:b4:09:eb]
RSSI: -63 [da:24:c5:b4:09:eb]
RSSI: -61 [da:24:c5:c1:0a:1b]
RSSI: -61 [da:24:c5:cd:0a:3b]
RSSI: -60 [da:24:c5:da:0a:6b]
RSSI: -60 [da:24:c5:da:0a:6b]
RSSI: -91 [da:2c:4d:86:15:2c]
RSSI: -58 [da:24:c5:e7:0a:8b]
RSSI: -59 [da:24:c5:f4:0a:ab]
RSSI: -60 [da:24:c6:01:0a:db]
RSSI: -60 [da:24:c6:01:0a:db]
RSSI: -57 [da:24:c6:0e:0a:fb]
RSSI: -59 [da:24:c6:1a:0b:1b]
RSSI: -62 [da:24:c6:27:0b:4b]
RSSI: -57 [da:24:c6:34:0b:6b]
RSSI: -61 [da:24:c6:41:0b:9b]
RSSI: -64 [da:24:c6:4e:0b:bb]
RSSI: -60 [da:24:c6:5b:0b:db]
RSSI: -66 [da:24:c6:67:0c:0b]
RSSI: -71 [da:24:c6:74:0c:2b]
RSSI: -71 [da:24:c6:74:0c:2b]
RSSI: -67 [da:24:c6:81:0c:4b]
RSSI: -74 [da:24:c6:9b:0c:9b]
RSSI: -75 [da:24:c6:9b:0c:9b]
RSSI: -80 [da:24:c6:9b:0c:9b]
RSSI: -76 [da:24:c6:a7:0c:cb]
RSSI: -91 [da:24:c6:b4:0c:eb]
RSSI: -89 [da:2c:4e:60:01:6c]
RSSI: -87 [da:24:c6:c1:0d:0b]
RSSI: -71 [da:24:c6:ce:0d:3b]
RSSI: -79 [da:24:c6:e8:0d:8b]
RSSI: -87 [da:24:c6:e8:0d:8b]
RSSI: -76 [da:24:c6:f4:0d:ab]
RSSI: -82 [da:24:c7:01:0d:db]
RSSI: -77 [da:24:c7:0e:0d:fb]
RSSI: -82 [da:24:c7:0e:0d:fb]
RSSI: -77 [da:24:c7:1b:0e:1b]
RSSI: -81 [da:24:c7:28:0e:4b]
RSSI: -79 [da:24:c7:35:0e:6b]
RSSI: -81 [da:24:c7:35:0e:6b]
RSSI: -79 [da:24:c7:42:0e:9b]
RSSI: -93 [da:2c:4e:f4:03:3c]
RSSI: -79 [da:24:c7:5b:0e:eb]
RSSI: -94 [da:2c:4f:10:03:9c]
RSSI: -79 [da:24:c7:75:0f:2b]
RSSI: -76 [da:24:c7:82:0f:5b]
RSSI: -78 [da:24:c7:82:0f:5b]
RSSI: -81 [da:24:c7:8f:0f:7b]
RSSI: -77 [da:24:c7:9b:0f:ab]
RSSI: -75 [da:24:c7:a8:0f:cb]
RSSI: -78 [da:24:c7:a8:0f:cb]
RSSI: -76 [da:24:c7:c2:10:1b]
RSSI: -74 [da:24:c7:cf:10:3b]
RSSI: -75 [da:24:c7:cf:10:3b]
RSSI: -79 [da:24:c7:dc:10:6b]
RSSI: -79 [da:24:c7:dc:10:6b]
RSSI: -75 [da:24:c7:dc:10:6b]
RSSI: -76 [da:24:c7:e8:10:8b]
RSSI: -78 [da:24:c7:f6:10:bb]
RSSI: -77 [da:24:c7:f6:10:bb]
RSSI: -79 [da:24:c8:02:10:db]
RSSI: -79 [da:24:c8:02:10:db]
RSSI: -78 [da:24:c8:1c:11:2b]
RSSI: -76 [da:24:c8:1c:11:2b]
RSSI: -75 [da:24:c8:29:11:4b]
RSSI: -77 [da:24:c8:29:11:4b]
RSSI: -75 [da:24:c8:36:11:7b]
RSSI: -75 [da:24:c8:36:11:7b]
RSSI: -76 [da:24:c8:43:11:9b]
RSSI: -75 [da:24:c8:43:11:9b]
RSSI: -77 [da:24:c8:50:11:cb]
RSSI: -76 [da:24:c8:50:11:cb]
RSSI: -91 [da:2c:4f:fb:06:7c]
RSSI: -77 [da:24:c8:5c:11:eb]
RSSI: -88 [da:2c:4f:fb:06:7c]
RSSI: -78 [da:24:c8:5c:11:eb]
RSSI: -76 [da:24:c8:69:12:0b]
RSSI: -77 [da:24:c8:69:12:0b]
RSSI: -85 [da:2c:50:17:06:dc]
RSSI: -78 [da:24:c8:76:12:3b]
RSSI: -74 [da:24:c8:76:12:3b]
RSSI: -76 [da:24:c8:83:12:5b]
RSSI: -83 [da:2c:50:27:07:0c]
RSSI: -76 [da:24:c8:83:12:5b]
RSSI: -75 [da:24:c8:90:12:7b]
RSSI: -85 [da:2c:50:36:07:3c]
RSSI: -76 [da:24:c8:90:12:7b]
RSSI: -74 [da:24:c8:9d:12:ab]
RSSI: -86 [da:2c:50:43:07:5c]
RSSI: -76 [da:24:c8:9d:12:ab]
RSSI: -75 [da:24:c8:aa:12:cb]
RSSI: -73 [da:24:c8:aa:12:cb]
RSSI: -75 [da:24:c8:b7:12:fb]
RSSI: -75 [da:24:c8:b7:12:fb]
RSSI: -76 [da:24:c8:b7:12:fb]
RSSI: -75 [da:24:c8:b7:12:fb]
RSSI: -75 [da:24:c8:c4:13:1b]
RSSI: -76 [da:24:c8:c4:13:1b]
RSSI: -76 [da:24:c8:d0:13:3b]
RSSI: -88 [da:2c:50:6f:07:ec]
RSSI: -75 [da:24:c8:d0:13:3b]
RSSI: -77 [da:24:c8:de:13:6b]
RSSI: -76 [da:24:c8:de:13:6b]
RSSI: -77 [da:24:c8:de:13:6b]
RSSI: -76 [da:24:c8:ea:13:8b]
RSSI: -79 [da:24:c8:ea:13:8b]
RSSI: -76 [da:24:c8:f7:13:bb]
RSSI: -74 [da:24:c8:f7:13:bb]
RSSI: -80 [da:24:c9:04:13:db]
RSSI: -76 [da:24:c9:04:13:db]
RSSI: -73 [da:24:c9:11:13:fb]
RSSI: -79 [da:24:c9:11:13:fb]
RSSI: -75 [da:24:c9:1e:14:2b]
RSSI: -74 [da:24:c9:1e:14:2b]
RSSI: -77 [da:24:c9:2b:14:4b]
RSSI: -76 [da:24:c9:2b:14:4b]
RSSI: -75 [da:24:c9:38:14:7b]
RSSI: -77 [da:24:c9:38:14:7b]
RSSI: -77 [da:24:c9:45:14:9b]
RSSI: -77 [da:24:c9:45:14:9b]
RSSI: -77 [da:24:c9:52:14:bb]
RSSI: -78 [da:24:c9:52:14:bb]
RSSI: -78 [da:24:c9:5f:14:eb]
RSSI: -78 [da:24:c9:5f:14:eb]
RSSI: -80 [da:24:c9:6b:15:0b]
RSSI: -82 [da:24:c9:6b:15:0b]
RSSI: -80 [da:24:c9:79:15:2b]
RSSI: -82 [da:24:c9:79:15:2b]
RSSI: -92 [da:2c:51:1f:0a:1c]
RSSI: -81 [da:24:c9:86:15:5b]
RSSI: -84 [da:24:c9:92:15:7b]
RSSI: -83 [da:24:c9:92:15:7b]
RSSI: -83 [da:24:c9:92:15:7b]
RSSI: -83 [da:24:c9:9f:15:9b]
RSSI: -85 [da:24:c9:9f:15:9b]
RSSI: -84 [da:24:c9:ac:15:cb]
RSSI: -82 [da:24:c9:b9:15:eb]
RSSI: -86 [da:24:c9:c6:16:1b]
RSSI: -86 [da:24:c9:c6:16:1b]
RSSI: -87 [da:24:c9:d3:16:3b]
RSSI: -83 [da:24:c9:e0:16:5b]
RSSI: -87 [da:24:c9:ed:00:0b]
RSSI: -85 [da:24:ca:07:00:4b]
RSSI: -88 [da:24:ca:14:00:7b]
RSSI: -89 [da:24:ca:21:00:9b]
RSSI: -95 [da:2c:51:df:0c:7c]
RSSI: -83 [da:24:ca:3b:00:eb]
RSSI: -94 [da:2c:51:df:0c:7c]
RSSI: -84 [da:24:ca:48:01:1b]
RSSI: -81 [da:24:ca:48:01:1b]
RSSI: -86 [da:2c:51:fb:0c:dc]
RSSI: -80 [da:24:ca:62:01:5b]
RSSI: -82 [da:2c:52:0b:0d:0c]
RSSI: -83 [da:24:ca:6f:01:8b]
RSSI: -87 [da:2c:52:1b:0d:3c]
RSSI: -80 [da:24:ca:6f:01:8b]
RSSI: -84 [da:2c:52:1b:0d:3c]
RSSI: -80 [da:24:ca:7b:01:ab]
RSSI: -92 [da:26:ae:79:08:6a]
RSSI: -80 [da:24:ca:7b:01:ab]
RSSI: -84 [da:24:ca:7b:01:ab]
RSSI: -88 [da:2c:52:28:0d:6c]
RSSI: -86 [da:2c:52:37:0d:9c]
RSSI: -84 [da:24:ca:96:01:fb]
RSSI: -88 [da:24:ca:96:01:fb]
RSSI: -84 [da:24:ca:a2:02:2b]
RSSI: -85 [da:2c:52:47:0d:cc]
RSSI: -81 [da:2c:52:64:0e:2c]
RSSI: -85 [da:24:ca:bc:02:6b]
RSSI: -82 [da:2c:52:64:0e:2c]
RSSI: -88 [da:24:ca:bc:02:6b]
RSSI: -81 [da:2c:52:73:0e:5c]
RSSI: -85 [da:24:ca:c9:02:9b]
RSSI: -78 [da:2c:52:73:0e:5c]
RSSI: -87 [da:24:ca:d6:02:bb]
RSSI: -76 [da:2c:52:80:0e:8c]
RSSI: -86 [da:24:ca:e3:02:eb]
RSSI: -73 [da:2c:52:90:0e:bc]
RSSI: -90 [da:24:ca:e3:02:eb]
RSSI: -74 [da:2c:52:90:0e:bc]
RSSI: -72 [da:2c:52:a0:0e:ec]
RSSI: -72 [da:2c:52:ac:0f:0c]
RSSI: -73 [da:2c:52:bc:0f:4c]
RSSI: -84 [da:24:cb:17:03:7b]
RSSI: -87 [da:26:af:17:0a:3a]
RSSI: -72 [da:2c:52:bc:0f:4c]
RSSI: -71 [da:2c:52:cc:0f:7c]
RSSI: -88 [da:26:af:25:0a:5a]
RSSI: -73 [da:2c:52:cc:0f:7c]
RSSI: -88 [da:24:cb:31:03:cb]
RSSI: -86 [da:26:af:31:0a:7a]
RSSI: -70 [da:2c:52:d8:0f:9c]
RSSI: -88 [da:24:cb:3e:03:eb]
RSSI: -80 [da:24:cb:3e:03:eb]
RSSI: -87 [da:26:af:3f:0a:aa]
RSSI: -92 [da:29:b8:48:0c:0e]
RSSI: -70 [da:2c:52:e8:0f:cc]
RSSI: -80 [da:24:cb:3e:03:eb]
RSSI: -71 [da:2c:52:e8:0f:cc]
RSSI: -81 [da:24:cb:4b:04:1b]
RSSI: -86 [da:26:af:4c:0a:ca]
RSSI: -85 [da:26:af:4c:0a:ca]
RSSI: -88 [da:29:b8:56:0c:3e]
RSSI: -72 [da:2c:52:f8:10:0c]
RSSI: -83 [da:24:cb:4b:04:1b]
RSSI: -85 [da:26:af:4c:0a:ca]
RSSI: -72 [da:2c:52:f8:10:0c]
RSSI: -78 [da:24:cb:58:04:3b]
RSSI: -91 [da:29:b8:63:0c:5e]
RSSI: -87 [da:26:af:59:0a:fa]
RSSI: -80 [da:24:cb:58:04:3b]
RSSI: -92 [da:29:b8:63:0c:5e]
RSSI: -87 [da:26:af:59:0a:fa]
RSSI: -73 [da:2c:53:05:10:2c]
RSSI: -79 [da:24:cb:65:04:6b]
RSSI: -88 [da:29:b8:71:0c:8e]
RSSI: -71 [da:2c:53:14:10:5c]
RSSI: -83 [da:24:cb:72:04:8b]
RSSI: -88 [da:29:b8:80:0c:ae]
RSSI: -88 [da:26:af:74:0b:3a]
RSSI: -73 [da:2c:53:24:10:8c]
RSSI: -84 [da:24:cb:7f:04:bb]
RSSI: -73 [da:2c:53:24:10:8c]
RSSI: -76 [da:2c:53:31:10:bc]
RSSI: -89 [da:29:b8:a9:0d:2e]
RSSI: -84 [da:24:cb:a6:05:2b]
RSSI: -79 [da:2c:53:50:11:1c]
RSSI: -86 [da:24:cb:a6:05:2b]
RSSI: -86 [da:29:b8:b6:0d:4e]
RSSI: -84 [da:2c:53:5d:11:4c]
RSSI: -84 [da:24:cb:b3:05:4b]
RSSI: -89 [da:26:af:b6:0b:fa]
RSSI: -86 [da:2c:53:5d:11:4c]
RSSI: -82 [da:24:cb:c0:05:7b]
RSSI: -89 [da:26:af:d0:0c:4a]
RSSI: -86 [da:24:cb:cd:05:9b]
RSSI: -86 [da:26:af:d0:0c:4a]
RSSI: -84 [da:2c:53:7d:11:ac]
RSSI: -85 [da:24:cb:da:05:cb]
RSSI: -84 [da:2c:53:89:11:cc]
RSSI: -90 [da:29:b8:ee:0d:ee]
RSSI: -81 [da:2c:53:89:11:cc]
RSSI: -77 [da:24:cb:e7:05:eb]
RSSI: -90 [da:26:b0:05:0c:ea]
RSSI: -82 [da:2c:53:b6:12:5c]
RSSI: -75 [da:24:cc:0e:06:5b]
RSSI: -85 [da:2c:53:b6:12:5c]
RSSI: -81 [da:24:cc:1b:06:8b]
RSSI: -79 [da:24:cc:28:06:ab]
RSSI: -78 [da:24:cc:28:06:ab]
RSSI: -77 [da:24:cc:35:06:db]
RSSI: -78 [da:24:cc:35:06:db]
RSSI: -76 [da:24:cc:42:06:fb]
RSSI: -77 [da:24:cc:4f:07:1b]
RSSI: -74 [da:24:cc:5c:07:4b]
RSSI: -81 [da:24:cc:5c:07:4b]
RSSI: -77 [da:24:cc:6a:07:6b]
RSSI: -78 [da:24:cc:6a:07:6b]
RSSI: -90 [da:26:b0:6f:0e:0a]
RSSI: -93 [da:26:b0:7d:0e:3a]
RSSI: -72 [da:24:cc:83:07:bb]
RSSI: -80 [da:24:cc:83:07:bb]
RSSI: -76 [da:24:cc:91:07:eb]
RSSI: -73 [da:24:cc:91:07:eb]
RSSI: -80 [da:24:cc:9d:08:0b]
RSSI: -76 [da:24:cc:9d:08:0b]
RSSI: -76 [da:24:cc:9d:08:0b]
RSSI: -90 [da:2c:54:5a:14:5c]
RSSI: -76 [da:24:cc:ab:08:2b]
RSSI: -73 [da:24:cc:b8:08:5b]
RSSI: -73 [da:24:cc:c4:08:7b]
RSSI: -71 [da:24:cc:ec:08:fb]
RSSI: -72 [da:24:cc:ec:08:fb]
RSSI: -71 [da:24:cc:f9:09:1b]
RSSI: -70 [da:24:cd:06:09:4b]
RSSI: -85 [da:2c:54:b3:15:7c]
RSSI: -71 [da:24:cd:13:09:6b]
RSSI: -71 [da:24:cd:13:09:6b]
RSSI: -85 [da:2c:54:c0:15:9c]
RSSI: -72 [da:24:cd:20:09:9b]
RSSI: -70 [da:24:cd:2d:09:bb]
RSSI: -68 [da:24:cd:3a:09:db]
RSSI: -69 [da:24:cd:47:0a:0b]
RSSI: -69 [da:24:cd:47:0a:0b]
RSSI: -92 [da:2c:55:0c:00:0c]
RSSI: -67 [da:24:cd:61:0a:5b]
RSSI: -67 [da:24:cd:6e:0a:7b]
RSSI: -67 [da:24:cd:6e:0a:7b]
RSSI: -64 [da:24:cd:7c:0a:ab]
RSSI: -66 [da:24:cd:88:0a:cb]
RSSI: -88 [da:2c:55:38:00:8c]
RSSI: -66 [da:24:cd:96:0a:fb]
RSSI: -65 [da:24:cd:96:0a:fb]
RSSI: -62 [da:24:cd:a3:0b:1b]
RSSI: -67 [da:24:cd:a3:0b:1b]
RSSI: -62 [da:24:cd:af:0b:4b]
RSSI: -67 [da:24:cd:bd:0b:6b]
RSSI: -65 [da:24:cd:bd:0b:6b]
RSSI: -63 [da:24:cd:ca:0b:9b]
RSSI: -67 [da:24:cd:ca:0b:9b]
RSSI: -65 [da:24:cd:d7:0b:bb]
RSSI: -86 [da:2c:55:81:01:7c]
RSSI: -66 [da:24:cd:e4:0b:eb]
RSSI: -84 [da:2c:55:91:01:ac]
RSSI: -64 [da:24:cd:f1:0c:0b]
RSSI: -85 [da:2c:55:9e:01:cc]
RSSI: -65 [da:24:cd:fe:0c:2b]
RSSI: -67 [da:24:ce:0b:0c:5b]
RSSI: -89 [da:2c:55:be:02:3c]
RSSI: -89 [da:2c:55:be:02:3c]
RSSI: -73 [da:24:ce:19:0c:7b]
RSSI: -68 [da:24:ce:25:0c:ab]
RSSI: -65 [da:24:ce:25:0c:ab]
RSSI: -88 [da:2c:55:ca:02:5c]
RSSI: -65 [da:24:ce:25:0c:ab]
RSSI: -71 [da:24:ce:33:0c:cb]
RSSI: -71 [da:24:ce:33:0c:cb]
RSSI: -69 [da:24:ce:4d:0d:1b]
RSSI: -74 [da:24:ce:5a:0d:4b]
RSSI: -88 [da:2c:56:07:03:1c]
RSSI: -77 [da:24:ce:67:0d:6b]
RSSI: -83 [da:24:ce:81:0d:bb]
RSSI: -80 [da:24:ce:8f:0d:db]
RSSI: -73 [da:24:ce:9b:0e:0b]
RSSI: -85 [da:2c:56:43:03:dc]
RSSI: -73 [da:24:ce:9b:0e:0b]
RSSI: -85 [da:2c:56:50:03:fc]
RSSI: -76 [da:24:ce:a9:0e:2b]
RSSI: -86 [da:2c:56:50:03:fc]
RSSI: -78 [da:24:ce:b6:0e:5b]
RSSI: -75 [da:24:ce:c2:0e:7b]
RSSI: -83 [da:24:ce:c2:0e:7b]
RSSI: -81 [da:24:ce:d0:0e:ab]
RSSI: -81 [da:24:ce:d0:0e:ab]
RSSI: -87 [da:2c:56:7c:04:8c]
RSSI: -87 [da:2c:56:8c:04:bc]
RSSI: -86 [da:24:ce:ea:0e:eb]
RSSI: -85 [da:2c:56:9c:04:ec]
RSSI: -85 [da:24:ce:f7:0f:1b]
RSSI: -89 [da:2c:56:a9:05:1c]
RSSI: -90 [da:2c:56:a9:05:1c]
RSSI: -81 [da:24:cf:11:0f:6b]
RSSI: -81 [da:24:cf:11:0f:6b]
RSSI: -86 [da:24:cf:11:0f:6b]
RSSI: -86 [da:2c:56:c9:05:7c]
RSSI: -82 [da:24:cf:24:0f:9b]
RSSI: -86 [da:2c:56:d5:05:9c]
RSSI: -81 [da:24:cf:34:0f:cb]
RSSI: -82 [da:24:cf:41:0f:eb]
RSSI: -82 [da:24:cf:4e:10:1b]
RSSI: -83 [da:24:cf:4e:10:1b]
RSSI: -80 [da:24:cf:5b:10:3b]
RSSI: -86 [da:24:cf:68:10:6b]
RSSI: -89 [da:24:cf:76:10:8b]
RSSI: -81 [da:24:cf:83:10:bb]
RSSI: -85 [da:24:cf:83:10:bb]
RSSI: -84 [da:24:cf:90:10:db]
RSSI: -84 [da:24:cf:90:10:db]
RSSI: -83 [da:24:cf:9d:11:0b]
RSSI: -85 [da:24:cf:9d:11:0b]
RSSI: -83 [da:24:cf:9d:11:0b]
RSSI: -83 [da:24:cf:aa:11:2b]
RSSI: -86 [da:24:cf:aa:11:2b]
RSSI: -87 [da:24:cf:b7:11:4b]
RSSI: -89 [da:24:cf:c4:11:7b]
RSSI: -87 [da:24:cf:c4:11:7b]
RSSI: -82 [da:24:cf:d2:11:9b]
RSSI: -92 [da:2c:57:88:07:dc]
RSSI: -78 [da:24:cf:de:11:cb]
RSSI: -82 [da:24:cf:ec:11:eb]
RSSI: -92 [da:2c:57:98:08:0c]
RSSI: -83 [da:24:cf:f9:12:1b]
RSSI: -79 [da:24:d0:06:12:3b]
RSSI: -83 [da:24:d0:13:12:6b]
RSSI: -79 [da:24:d0:21:12:8b]
RSSI: -82 [da:24:d0:2d:12:ab]
RSSI: -96 [da:2c:57:e1:08:fc]
RSSI: -77 [da:24:d0:48:13:0b]
RSSI: -80 [da:24:d0:48:13:0b]
RSSI: -79 [da:24:d0:55:13:2b]
RSSI: -77 [da:24:d0:55:13:2b]
RSSI: -77 [da:24:d0:63:13:5b]
RSSI: -78 [da:24:d0:63:13:5b]
RSSI: -76 [da:24:d0:63:13:5b]
RSSI: -76 [da:24:d0:70:13:7b]
RSSI: -76 [da:24:d0:70:13:7b]
RSSI: -75 [da:24:d0:7d:13:9b]
RSSI: -74 [da:24:d0:7d:13:9b]
RSSI: -75 [da:24:d0:8a:13:cb]
RSSI: -75 [da:24:d0:8a:13:cb]
RSSI: -74 [da:24:d0:98:13:eb]
RSSI: -76 [da:24:d0:98:13:eb]
RSSI: -76 [da:24:d0:98:13:eb]
RSSI: -76 [da:24:d0:a4:14:1b]
RSSI: -76 [da:24:d0:a4:14:1b]
RSSI: -76 [da:24:d0:b2:14:3b]
RSSI: -75 [da:24:d0:b2:14:3b]
RSSI: -76 [da:24:d0:bf:14:6b]
RSSI: -76 [da:24:d0:bf:14:6b]
RSSI: -76 [da:24:d0:cc:14:8b]
RSSI: -87 [da:2c:58:77:0a:dc]
RSSI: -74 [da:24:d0:d9:14:ab]
RSSI: -87 [da:2c:58:87:0b:0c]
RSSI: -76 [da:24:d0:e7:14:db]
RSSI: -76 [da:24:d0:e7:14:db]
RSSI: -86 [da:2c:58:94:0b:2c]
RSSI: -88 [da:2c:58:94:0b:2c]
RSSI: -77 [da:24:d0:f3:14:fb]
RSSI: -76 [da:24:d1:01:15:2b]
RSSI: -85 [da:2c:58:a4:0b:6c]
RSSI: -78 [da:24:d1:0e:15:4b]
RSSI: -79 [da:24:d1:1b:15:6b]
RSSI: -86 [da:2c:58:c1:0b:bc]
RSSI: -80 [da:24:d1:1b:15:6b]
RSSI: -84 [da:2c:58:c1:0b:bc]
RSSI: -81 [da:24:d1:29:15:9b]
RSSI: -81 [da:24:d1:29:15:9b]
RSSI: -81 [da:24:d1:36:15:bb]
RSSI: -83 [da:2c:58:e1:0c:2c]
RSSI: -83 [da:2c:58:e1:0c:2c]
RSSI: -83 [da:24:d1:43:15:eb]
RSSI: -85 [da:24:d1:5e:16:3b]
RSSI: -84 [da:2c:58:fd:0c:7c]
RSSI: -89 [da:24:d1:5e:16:3b]
RSSI: -86 [da:24:d1:6a:16:5b]
RSSI: -79 [da:2c:59:1a:0c:dc]
RSSI: -86 [da:24:d1:78:00:0b]
RSSI: -88 [da:24:d1:85:00:2b]
RSSI: -79 [da:2c:59:2a:0d:0c]
RSSI: -86 [da:24:d1:85:00:2b]
RSSI: -76 [da:2c:59:2a:0d:0c]
RSSI: -83 [da:2c:59:3a:0d:4c]
RSSI: -85 [da:24:d1:92:00:4b]
RSSI: -79 [da:2c:59:3a:0d:4c]
RSSI: -86 [da:2c:59:47:0d:6c]
RSSI: -83 [da:2c:59:47:0d:6c]
RSSI: -86 [da:24:d1:ad:00:9b]
RSSI: -87 [da:24:d1:ba:00:cb]
RSSI: -87 [da:2c:59:67:0d:cc]
RSSI: -85 [da:24:d1:c7:00:eb]
RSSI: -85 [da:24:d1:c7:00:eb]
RSSI: -80 [da:2c:59:74:0d:fc]
RSSI: -77 [da:2c:59:84:0e:2c]
RSSI: -76 [da:2c:59:84:0e:2c]
RSSI: -75 [da:2c:59:94:0e:5c]
RSSI: -81 [da:24:d1:ef:01:6b]
RSSI: -79 [da:24:d2:09:01:ab]
RSSI: -70 [da:2c:59:b1:0e:bc]
RSSI: -70 [da:2c:59:b1:0e:bc]
RSSI: -78 [da:24:d2:16:01:db]
RSSI: -71 [da:2c:59:c1:0e:ec]
RSSI: -79 [da:24:d2:16:01:db]
RSSI: -70 [da:2c:59:c1:0e:ec]
RSSI: -79 [da:24:d2:16:01:db]
RSSI: -72 [da:2c:59:cd:0f:1c]
RSSI: -69 [da:2c:59:cd:0f:1c]
RSSI: -78 [da:24:d2:31:02:2b]
RSSI: -85 [da:24:d2:31:02:2b]
RSSI: -70 [da:2c:59:de:0f:4c]
RSSI: -80 [da:24:d2:3e:02:4b]
RSSI: -80 [da:24:d2:3e:02:4b]
RSSI: -69 [da:2c:59:ee:0f:7c]
RSSI: -67 [da:2c:59:ee:0f:7c]
RSSI: -79 [da:24:d2:4c:02:7b]
RSSI: -80 [da:24:d2:4c:02:7b]
RSSI: -68 [da:2c:59:fa:0f:ac]
RSSI: -81 [da:24:d2:58:02:9b]
RSSI: -85 [da:24:d2:58:02:9b]
RSSI: -85 [da:24:d2:58:02:9b]
RSSI: -71 [da:2c:5a:0a:0f:dc]
RSSI: -79 [da:24:d2:66:02:bb]
RSSI: -69 [da:2c:5a:0a:0f:dc]
RSSI: -81 [da:24:d2:66:02:bb]
RSSI: -71 [da:2c:5a:1a:10:0c]
RSSI: -79 [da:24:d2:73:02:eb]
RSSI: -69 [da:2c:5a:27:10:2c]
RSSI: -83 [da:24:d2:80:03:0b]
RSSI: -72 [da:2c:5a:27:10:2c]
RSSI: -80 [da:24:d2:8e:03:3b]
RSSI: -71 [da:2c:5a:37:10:6c]
RSSI: -71 [da:2c:5a:37:10:6c]
RSSI: -79 [da:24:d2:9b:03:5b]
RSSI: -73 [da:2c:5a:47:10:9c]
RSSI: -79 [da:24:d2:9b:03:5b]
RSSI: -72 [da:2c:5a:47:10:9c]
RSSI: -82 [da:24:d2:a8:03:8b]
RSSI: -81 [da:24:d2:a8:03:8b]
RSSI: -76 [da:2c:5a:54:10:bc]
RSSI: -75 [da:2c:5a:54:10:bc]
RSSI: -81 [da:24:d2:b5:03:ab]
RSSI: -79 [da:24:d2:c3:03:db]
RSSI: -82 [da:24:d2:c3:03:db]
RSSI: -80 [da:2c:5a:74:11:2c]
RSSI: -84 [da:2c:5a:74:11:2c]
RSSI: -86 [da:24:d2:d0:03:fb]
RSSI: -89 [da:26:b6:cf:0a:4a]
RSSI: -79 [da:24:d2:d0:03:fb]
RSSI: -83 [da:24:d2:dd:04:2b]
RSSI: -90 [da:26:b6:dc:0a:6a]
RSSI: -87 [da:24:d2:dd:04:2b]
RSSI: -80 [da:24:d2:eb:04:4b]
RSSI: -83 [da:24:d2:eb:04:4b]
RSSI: -84 [da:2c:5a:9a:11:9c]
RSSI: -88 [da:26:b6:f7:0a:ba]
RSSI: -82 [da:24:d2:f7:04:7b]
RSSI: -86 [da:2c:5a:aa:11:dc]
RSSI: -86 [da:26:b7:04:0a:ea]
RSSI: -81 [da:24:d3:05:04:9b]
RSSI: -86 [da:26:b7:04:0a:ea]
RSSI: -81 [da:24:d3:05:04:9b]
RSSI: -86 [da:2c:5a:b7:11:fc]
RSSI: -83 [da:2c:5a:b7:11:fc]
RSSI: -86 [da:26:b7:12:0b:0a]
RSSI: -78 [da:24:d3:1f:04:eb]
RSSI: -85 [da:2c:5a:c7:12:2c]
RSSI: -81 [da:24:d3:2d:05:1b]
RSSI: -86 [da:2c:5a:d7:12:5c]
RSSI: -77 [da:24:d3:3a:05:3b]
RSSI: -78 [da:24:d3:3a:05:3b]
RSSI: -87 [da:26:b7:3b:0b:8a]
RSSI: -88 [da:2c:5a:e3:12:8c]
RSSI: -77 [da:24:d3:3a:05:3b]
RSSI: -76 [da:24:d3:47:05:6b]
RSSI: -76 [da:24:d3:47:05:6b]
RSSI: -85 [da:26:b7:48:0b:aa]
RSSI: -89 [da:26:b7:55:0b:ca]
RSSI: -84 [da:26:b7:63:0b:fa]
RSSI: -76 [da:24:d3:62:05:bb]
RSSI: -83 [da:26:b7:63:0b:fa]
RSSI: -74 [da:24:d3:6f:05:db]
RSSI: -85 [da:26:b7:71:0c:1a]
RSSI: -75 [da:24:d3:6f:05:db]
RSSI: -85 [da:26:b7:71:0c:1a]
RSSI: -83 [da:24:d3:7c:05:fb]
RSSI: -85 [da:26:b7:7e:0c:4a]
RSSI: -84 [da:26:b7:7e:0c:4a]
RSSI: -74 [da:24:d3:7c:05:fb]
RSSI: -84 [da:26:b7:7e:0c:4a]
RSSI: -77 [da:24:d3:8a:06:2b]
RSSI: -77 [da:24:d3:8a:06:2b]
RSSI: -83 [da:24:d3:8a:06:2b]
RSSI: -85 [da:26:b7:8c:0c:6a]
RSSI: -75 [da:24:d3:97:06:4b]
RSSI: -76 [da:24:d3:97:06:4b]
RSSI: -81 [da:24:d3:97:06:4b]
RSSI: -85 [da:26:b7:99:0c:9a]
RSSI: -82 [da:24:d3:97:06:4b]
RSSI: -87 [da:24:d3:a4:06:7b]
RSSI: -78 [da:24:d3:a4:06:7b]
RSSI: -88 [da:24:d3:b2:06:ab]
RSSI: -81 [da:24:d3:be:06:cb]
RSSI: -85 [da:24:d3:cc:06:eb]
RSSI: -81 [da:24:d3:da:07:1b]
RSSI: -80 [da:24:d3:da:07:1b]
RSSI: -79 [da:24:d3:e6:07:3b]
RSSI: -78 [da:24:d3:e6:07:3b]
RSSI: -78 [da:24:d3:f4:07:6b]
RSSI: -78 [da:24:d3:f4:07:6b]
RSSI: -78 [da:24:d3:f4:07:6b]
RSSI: -77 [da:24:d4:02:07:9b]
RSSI: -78 [da:24:d4:0e:07:bb]
RSSI: -90 [da:2c:5b:be:15:3c]
RSSI: -77 [da:24:d4:1c:07:eb]
RSSI: -88 [da:2c:5b:cb:15:5c]
RSSI: -77 [da:24:d4:1c:07:eb]
RSSI: -89 [da:2c:5b:cb:15:5c]
RSSI: -78 [da:24:d4:29:08:0b]
RSSI: -76 [da:24:d4:36:08:3b]
RSSI: -86 [da:2c:5b:d8:15:7c]
RSSI: -76 [da:24:d4:36:08:3b]
RSSI: -78 [da:24:d4:44:08:5b]
RSSI: -75 [da:24:d4:44:08:5b]
RSSI: -75 [da:24:d4:51:08:8b]
RSSI: -78 [da:24:d4:51:08:8b]
RSSI: -75 [da:24:d4:5e:08:ab]
RSSI: -74 [da:24:d4:5e:08:ab]
RSSI: -78 [da:24:d4:6c:08:db]
RSSI: -75 [da:24:d4:6c:08:db]
RSSI: -77 [da:24:d4:79:08:fb]
RSSI: -74 [da:24:d4:86:09:1b]
RSSI: -73 [da:24:d4:94:09:4b]
RSSI: -74 [da:24:d4:a1:09:7b]
RSSI: -73 [da:24:d4:ae:09:9b]
RSSI: -73 [da:24:d4:bc:09:cb]
RSSI: -75 [da:24:d4:c9:09:eb]
RSSI: -74 [da:24:d4:c9:09:eb]
RSSI: -76 [da:24:d4:d6:0a:0b]
RSSI: -75 [da:24:d4:e4:0a:3b]
RSSI: -75 [da:24:d4:e4:0a:3b]
RSSI: -76 [da:24:d4:f1:0a:6b]
RSSI: -75 [da:24:d4:f1:0a:6b]
RSSI: -75 [da:24:d4:f1:0a:6b]
RSSI: -76 [da:24:d4:f1:0a:6b]
RSSI: -86 [da:2c:5c:a3:01:6c]
RSSI: -76 [da:24:d4:fe:0a:8b]
RSSI: -75 [da:24:d4:fe:0a:8b]
RSSI: -74 [da:24:d4:fe:0a:8b]
RSSI: -73 [da:24:d5:0c:0a:ab]
RSSI: -74 [da:24:d5:0c:0a:ab]
RSSI: -73 [da:24:d5:0c:0a:ab]
RSSI: -73 [da:24:d5:19:0a:db]
RSSI: -71 [da:24:d5:19:0a:db]
RSSI: -72 [da:24:d5:26:0a:fb]
RSSI: -69 [da:24:d5:34:0b:2b]
RSSI: -72 [da:24:d5:4e:0b:7b]
RSSI: -69 [da:24:d5:4e:0b:7b]
RSSI: -65 [da:24:d5:5c:0b:ab]
RSSI: -72 [da:24:d5:5c:0b:ab]
RSSI: -69 [da:24:d5:69:0b:cb]
RSSI: -71 [da:24:d5:76:0b:eb]
RSSI: -68 [da:24:d5:76:0b:eb]
RSSI: -63 [da:24:d5:84:0c:1b]
RSSI: -72 [da:24:d5:84:0c:1b]
RSSI: -69 [da:24:d5:91:0c:4b]
RSSI: -63 [da:24:d5:91:0c:4b]
RSSI: -73 [da:24:d5:9e:0c:6b]
RSSI: -70 [da:24:d5:9e:0c:6b]
RSSI: -74 [da:24:d5:ac:0c:8b]
RSSI: -71 [da:24:d5:b9:0c:bb]
RSSI: -64 [da:24:d5:b9:0c:bb]
RSSI: -64 [da:24:d5:b9:0c:bb]
RSSI: -71 [da:24:d5:c6:0c:db]
RSSI: -71 [da:24:d5:c6:0c:db]
RSSI: -79 [da:24:d5:d4:0d:0b]
RSSI: -79 [da:24:d5:d4:0d:0b]
RSSI: -69 [da:24:d5:e2:0d:2b]
RSSI: -77 [da:24:d5:ee:0d:5b]
RSSI: -80 [da:24:d5:fc:0d:7b]
RSSI: -78 [da:24:d5:fc:0d:7b]
RSSI: -74 [da:24:d6:0a:0d:ab]
RSSI: -82 [da:24:d6:0a:0d:ab]
RSSI: -80 [da:24:d6:16:0d:cb]
RSSI: -77 [da:24:d6:24:0d:fb]
RSSI: -80 [da:24:d6:24:0d:fb]
RSSI: -76 [da:24:d6:32:0e:2b]
RSSI: -78 [da:24:d6:3e:0e:4b]
RSSI: -77 [da:24:d6:4c:0e:7b]
RSSI: -78 [da:24:d6:4c:0e:7b]
RSSI: -75 [da:24:d6:5a:0e:9b]
RSSI: -88 [da:24:d6:67:0e:bb]
RSSI: -76 [da:24:d6:74:0e:eb]
RSSI: -76 [da:24:d6:82:0f:1b]
RSSI: -77 [da:24:d6:82:0f:1b]
RSSI: -81 [da:24:d6:8f:0f:3b]
RSSI: -79 [da:24:d6:8f:0f:3b]
RSSI: -77 [da:24:d6:9d:0f:6b]
RSSI: -78 [da:24:d6:9d:0f:6b]
RSSI: -81 [da:24:d6:aa:0f:8b]
RSSI: -80 [da:24:d6:aa:0f:8b]
RSSI: -79 [da:24:d6:b7:0f:bb]
RSSI: -85 [da:24:d6:b7:0f:bb]
RSSI: -82 [da:24:d6:c5:0f:db]
RSSI: -90 [da:2c:5e:6f:07:1c]
RSSI: -77 [da:24:d6:c5:0f:db]
RSSI: -83 [da:24:d6:d2:10:0b]
RSSI: -79 [da:24:d6:d2:10:0b]
RSSI: -90 [da:2c:5e:7b:07:3c]
RSSI: -80 [da:24:d6:df:10:2b]
RSSI: -76 [da:24:d6:ed:10:5b]
RSSI: -81 [da:24:d6:fb:10:8b]
RSSI: -81 [da:24:d6:fb:10:8b]
RSSI: -80 [da:24:d7:07:10:ab]
RSSI: -79 [da:24:d7:07:10:ab]
RSSI: -79 [da:24:d7:15:10:db]
RSSI: -81 [da:24:d7:15:10:db]
RSSI: -91 [da:2c:5e:c8:08:2c]
RSSI: -82 [da:24:d7:23:10:fb]
RSSI: -84 [da:24:d7:2f:11:1b]
RSSI: -83 [da:24:d7:2f:11:1b]
RSSI: -77 [da:24:d7:3d:11:4b]
RSSI: -80 [da:24:d7:3d:11:4b]
RSSI: -80 [da:24:d7:4b:11:7b]
RSSI: -78 [da:24:d7:4b:11:7b]
RSSI: -78 [da:24:d7:58:11:9b]
RSSI: -79 [da:24:d7:58:11:9b]
RSSI: -79 [da:24:d7:66:11:cb]
RSSI: -78 [da:24:d7:73:11:eb]
RSSI: -77 [da:24:d7:73:11:eb]
RSSI: -80 [da:24:d7:80:12:0b]
RSSI: -80 [da:24:d7:8e:12:3b]
RSSI: -76 [da:24:d7:8e:12:3b]
RSSI: -75 [da:24:d7:9c:12:6b]
RSSI: -76 [da:24:d7:a8:12:8b]
RSSI: -78 [da:24:d7:b6:12:bb]
RSSI: -76 [da:24:d7:b6:12:bb]
RSSI: -74 [da:24:d7:c4:12:db]
RSSI: -78 [da:24:d7:c4:12:db]
RSSI: -77 [da:24:d7:d1:13:0b]
RSSI: -79 [da:24:d7:de:13:2b]
RSSI: -77 [da:24:d7:de:13:2b]
RSSI: -80 [da:24:d7:ec:13:5b]
RSSI: -90 [da:2c:5f:c9:0b:5c]
RSSI: -75 [da:24:d8:21:13:eb]
RSSI: -78 [da:24:d8:2f:14:1b]
RSSI: -78 [da:24:d8:2f:14:1b]
RSSI: -78 [da:24:d8:3d:14:3b]
RSSI: -78 [da:24:d8:3d:14:3b]
RSSI: -80 [da:24:d8:4a:14:6b]
RSSI: -79 [da:24:d8:57:14:8b]
RSSI: -75 [da:24:d8:57:14:8b]
RSSI: -81 [da:24:d8:65:14:bb]
RSSI: -80 [da:24:d8:65:14:bb]
RSSI: -90 [da:2c:60:16:0c:5c]
RSSI: -81 [da:24:d8:72:14:db]
RSSI: -76 [da:24:d8:80:15:0b]
RSSI: -78 [da:24:d8:8e:15:2b]
RSSI: -82 [da:2c:60:3c:0c:cc]
RSSI: -79 [da:24:d8:9a:15:5b]
RSSI: -79 [da:24:d8:9a:15:5b]
RSSI: -79 [da:24:d8:9a:15:5b]
RSSI: -83 [da:2c:60:49:0c:fc]
RSSI: -78 [da:24:d8:a8:15:7b]
RSSI: -78 [da:24:d8:a8:15:7b]
RSSI: -80 [da:24:d8:a8:15:7b]
RSSI: -86 [da:2c:60:56:0d:2c]
RSSI: -79 [da:24:d8:b6:15:ab]
RSSI: -80 [da:2c:60:63:0d:4c]
RSSI: -80 [da:24:d8:c3:15:cb]
RSSI: -84 [da:2c:60:70:0d:7c]
RSSI: -79 [da:24:d8:c3:15:cb]
RSSI: -84 [da:24:d8:d1:15:fb]
RSSI: -82 [da:24:d8:d1:15:fb]
RSSI: -81 [da:24:d8:de:16:1b]
RSSI: -83 [da:24:d8:de:16:1b]
RSSI: -86 [da:2c:60:89:0d:cc]
RSSI: -81 [da:24:d8:eb:16:4b]
RSSI: -83 [da:24:d8:eb:16:4b]
RSSI: -81 [da:2c:60:a3:0e:1c]
RSSI: -81 [da:24:d8:f9:16:6b]
RSSI: -80 [da:2c:60:a3:0e:1c]
RSSI: -81 [da:2c:60:b0:0e:4c]
RSSI: -90 [da:24:d9:07:00:2b]
RSSI: -79 [da:2c:60:b0:0e:4c]
RSSI: -82 [da:24:d9:13:00:4b]
RSSI: -75 [da:2c:60:bd:0e:6c]
RSSI: -76 [da:2c:60:ca:0e:9c]
RSSI: -74 [da:2c:60:ca:0e:9c]
RSSI: -72 [da:2c:60:d7:0e:bc]
RSSI: -88 [da:24:d9:2f:00:ab]
RSSI: -72 [da:2c:60:d7:0e:bc]
RSSI: -74 [da:2c:60:d7:0e:bc]
RSSI: -86 [da:24:d9:3c:00:cb]
RSSI: -71 [da:2c:60:e4:0e:ec]
RSSI: -86 [da:24:d9:3c:00:cb]
RSSI: -86 [da:24:d9:4a:00:fb]
RSSI: -72 [da:2c:60:f1:0f:0c]
RSSI: -87 [da:24:d9:4a:00:fb]
RSSI: -86 [da:24:d9:4a:00:fb]
RSSI: -70 [da:2c:60:f1:0f:0c]
RSSI: -87 [da:24:d9:4a:00:fb]
RSSI: -70 [da:2c:60:fd:0f:3c]
RSSI: -72 [da:2c:60:fd:0f:3c]
RSSI: -70 [da:2c:61:0a:0f:6c]
RSSI: -71 [da:2c:61:17:0f:8c]
RSSI: -70 [da:2c:61:17:0f:8c]
RSSI: -70 [da:2c:61:24:0f:bc]
RSSI: -72 [da:2c:61:24:0f:bc]
RSSI: -71 [da:2c:61:31:0f:dc]
RSSI: -70 [da:2c:61:31:0f:dc]
RSSI: -72 [da:2c:61:3e:10:0c]
RSSI: -71 [da:2c:61:3e:10:0c]
RSSI: -73 [da:2c:61:4b:10:2c]
RSSI: -74 [da:2c:61:4b:10:2c]
RSSI: -76 [da:2c:61:65:10:7c]
RSSI: -86 [da:24:d9:c3:02:5b]
RSSI: -76 [da:2c:61:65:10:7c]
RSSI: -76 [da:2c:61:71:10:ac]
RSSI: -79 [da:2c:61:71:10:ac]
RSSI: -85 [da:24:d9:d1:02:8b]
RSSI: -79 [da:2c:61:7e:10:cc]
RSSI: -85 [da:24:d9:d1:02:8b]
RSSI: -81 [da:2c:61:7e:10:cc]
RSSI: -84 [da:24:d9:de:02:ab]
RSSI: -84 [da:2c:61:8b:10:fc]
RSSI: -83 [da:24:d9:de:02:ab]
RSSI: -84 [da:2c:61:8b:10:fc]
RSSI: -85 [da:2c:61:98:11:1c]
RSSI: -88 [da:2c:61:98:11:1c]
RSSI: -86 [da:24:d9:fa:02:fb]
RSSI: -91 [da:2c:61:b2:11:7c]
RSSI: -91 [da:2c:61:b2:11:7c]
RSSI: -87 [da:24:da:22:03:7b]
RSSI: -82 [da:24:da:2f:03:9b]
RSSI: -82 [da:24:da:3d:03:cb]
RSSI: -81 [da:24:da:3d:03:cb]
RSSI: -81 [da:24:da:4b:03:fb]
RSSI: -79 [da:24:da:4b:03:fb]
RSSI: -81 [da:24:da:57:04:1b]
RSSI: -81 [da:24:da:57:04:1b]
RSSI: -82 [da:24:da:73:04:6b]
RSSI: -81 [da:24:da:73:04:6b]
RSSI: -81 [da:24:da:73:04:6b]
RSSI: -81 [da:24:da:80:04:8b]
RSSI: -81 [da:24:da:80:04:8b]
RSSI: -79 [da:24:da:8e:04:bb]
RSSI: -79 [da:24:da:9c:04:eb]
RSSI: -78 [da:24:da:a8:05:0b]
RSSI: -79 [da:24:da:b6:05:3b]
RSSI: -79 [da:24:da:b6:05:3b]
RSSI: -85 [da:26:be:b5:0a:ba]
RSSI: -79 [da:24:da:b6:05:3b]
RSSI: -75 [da:24:da:c4:05:5b]
RSSI: -84 [da:26:be:c3:0a:da]
RSSI: -81 [da:24:da:c4:05:5b]
RSSI: -85 [da:26:be:d2:0b:0a]
RSSI: -81 [da:24:da:d1:05:7b]
RSSI: -84 [da:26:be:d2:0b:0a]
RSSI: -77 [da:24:da:d1:05:7b]
RSSI: -86 [da:26:be:de:0b:2a]
RSSI: -81 [da:24:da:ed:05:db]
RSSI: -76 [da:24:db:08:06:2b]
RSSI: -85 [da:26:bf:08:0b:9a]
RSSI: -82 [da:26:bf:16:0b:ca]
RSSI: -75 [da:24:db:16:06:4b]
RSSI: -74 [da:24:db:16:06:4b]
RSSI: -72 [da:24:db:22:06:7b]
RSSI: -75 [da:24:db:22:06:7b]
RSSI: -82 [da:26:bf:24:0b:ea]
RSSI: -75 [da:24:db:30:06:9b]
RSSI: -84 [da:26:bf:31:0c:1a]
RSSI: -73 [da:24:db:30:06:9b]
RSSI: -90 [da:2c:62:dc:15:1c]
RSSI: -85 [da:26:bf:31:0c:1a]
RSSI: -78 [da:24:db:3e:06:cb]
RSSI: -79 [da:24:db:3e:06:cb]
RSSI: -79 [da:24:db:3e:06:cb]
RSSI: -80 [da:24:db:3e:06:cb]
RSSI: -82 [da:24:db:4b:06:eb]
RSSI: -87 [da:26:bf:4e:0c:6a]
RSSI: -85 [da:24:db:59:07:1b]
RSSI: -92 [da:2c:63:02:15:9c]
RSSI: -85 [da:26:bf:5a:0c:8a]
RSSI: -82 [da:24:db:67:07:3b]
RSSI: -81 [da:24:db:67:07:3b]
RSSI: -87 [da:26:bf:69:0c:ba]
RSSI: -87 [da:24:db:74:07:6b]
RSSI: -86 [da:24:db:82:07:9b]
RSSI: -92 [da:2c:63:29:16:1c]
RSSI: -91 [da:26:bf:84:0c:fa]
RSSI: -84 [da:24:db:90:07:bb]
RSSI: -77 [da:24:db:9c:07:db]
RSSI: -77 [da:24:db:9c:07:db]
RSSI: -77 [da:24:db:aa:08:0b]
RSSI: -75 [da:24:db:aa:08:0b]
RSSI: -75 [da:24:db:b8:08:3b]
RSSI: -76 [da:24:db:b8:08:3b]
RSSI: -76 [da:24:db:c5:08:5b]
RSSI: -76 [da:24:db:c5:08:5b]
RSSI: -75 [da:24:db:d3:08:8b]
RSSI: -76 [da:24:db:e1:08:ab]
RSSI: -74 [da:24:db:fc:08:fb]
RSSI: -72 [da:24:db:fc:08:fb]
RSSI: -78 [da:24:dc:0a:09:2b]
RSSI: -73 [da:24:dc:0a:09:2b]
RSSI: -73 [da:24:dc:16:09:4b]
RSSI: -78 [da:24:dc:16:09:4b]
RSSI: -72 [da:24:dc:24:09:7b]
RSSI: -73 [da:24:dc:24:09:7b]
RSSI: -74 [da:24:dc:32:09:9b]
RSSI: -71 [da:24:dc:32:09:9b]
RSSI: -71 [da:24:dc:32:09:9b]
RSSI: -72 [da:24:dc:3f:09:cb]
RSSI: -70 [da:24:dc:4d:09:fb]
RSSI: -70 [da:24:dc:5b:0a:1b]
RSSI: -70 [da:24:dc:68:0a:4b]
RSSI: -70 [da:24:dc:7b:0a:7b]
RSSI: -69 [da:24:dc:7b:0a:7b]
RSSI: -68 [da:24:dc:98:0a:db]
RSSI: -67 [da:24:dc:98:0a:db]
RSSI: -66 [da:24:dc:a6:0a:fb]
RSSI: -64 [da:24:dc:b4:0b:2b]
RSSI: -62 [da:24:dc:c1:0b:4b]
RSSI: -62 [da:24:dc:cf:0b:7b]
RSSI: -61 [da:24:dc:cf:0b:7b]
RSSI: -59 [da:24:dc:dd:0b:ab]
RSSI: -61 [da:24:dc:dd:0b:ab]
RSSI: -59 [da:24:dc:ea:0b:cb]
RSSI: -57 [da:24:dc:ea:0b:cb]
RSSI: -59 [da:24:dc:f8:0b:fb]
RSSI: -58 [da:24:dc:f8:0b:fb]
RSSI: -58 [da:24:dd:06:0c:1b]
RSSI: -58 [da:24:dd:06:0c:1b]
RSSI: -55 [da:24:dd:12:0c:4b]
RSSI: -56 [da:24:dd:21:0c:6b]
RSSI: -57 [da:24:dd:2f:0c:9b]
RSSI: -57 [da:24:dd:2f:0c:9b]
RSSI: -54 [da:24:dd:3b:0c:bb]
RSSI: -57 [da:24:dd:3b:0c:bb]
RSSI: -56 [da:24:dd:4a:0c:eb]
RSSI: -54 [da:24:dd:4a:0c:eb]
RSSI: -57 [da:24:dd:58:0d:0b]
RSSI: -56 [da:24:dd:58:0d:0b]
RSSI: -57 [da:24:dd:64:0d:3b]
RSSI: -58 [da:24:dd:64:0d:3b]
RSSI: -56 [da:24:dd:72:0d:6b]
RSSI: -58 [da:24:dd:80:0d:8b]
RSSI: -58 [da:24:dd:80:0d:8b]
RSSI: -59 [da:24:dd:8d:0d:bb]
RSSI: -59 [da:24:dd:8d:0d:bb]
RSSI: -59 [da:24:dd:9b:0d:db]
RSSI: -60 [da:24:dd:9b:0d:db]
RSSI: -61 [da:24:dd:a9:0e:0b]
RSSI: -93 [da:2c:65:59:06:8c]
RSSI: -63 [da:24:dd:b6:0e:2b]
RSSI: -88 [da:2c:65:65:06:bc]
RSSI: -63 [da:24:dd:b6:0e:2b]
RSSI: -65 [da:24:dd:c4:0e:5b]
RSSI: -65 [da:24:dd:c4:0e:5b]
RSSI: -66 [da:24:dd:c4:0e:5b]
RSSI: -87 [da:2c:65:72:06:dc]
RSSI: -68 [da:24:dd:d2:0e:8b]
RSSI: -90 [da:2c:65:80:07:0c]
RSSI: -70 [da:24:dd:df:0e:ab]
RSSI: -91 [da:2c:65:8c:07:3c]
RSSI: -71 [da:24:dd:ed:0e:db]
RSSI: -87 [da:2c:65:9a:07:5c]
RSSI: -66 [da:24:dd:fb:0e:fb]
RSSI: -68 [da:24:de:08:0f:2b]
RSSI: -87 [da:2c:65:b3:07:ac]
RSSI: -66 [da:24:de:24:0f:7b]
RSSI: -70 [da:24:de:31:0f:9b]
RSSI: -69 [da:24:de:31:0f:9b]
RSSI: -73 [da:24:de:3f:0f:cb]
RSSI: -87 [da:2c:65:e8:08:5c]
RSSI: -74 [da:24:de:3f:0f:cb]
RSSI: -85 [da:2c:65:e8:08:5c]
RSSI: -76 [da:24:de:4d:0f:eb]
RSSI: -76 [da:24:de:68:10:3b]
RSSI: -75 [da:24:de:76:10:6b]
RSSI: -74 [da:24:de:76:10:6b]
RSSI: -73 [da:24:de:83:10:8b]
RSSI: -89 [da:2c:66:29:09:2c]
RSSI: -74 [da:24:de:83:10:8b]
RSSI: -90 [da:2c:66:36:09:4c]
RSSI: -74 [da:24:de:91:10:bb]
RSSI: -75 [da:24:de:9f:10:eb]
RSSI: -76 [da:24:de:9f:10:eb]
RSSI: -77 [da:24:de:ac:11:0b]
RSSI: -74 [da:24:de:ba:11:3b]
RSSI: -75 [da:24:de:c8:11:5b]
RSSI: -76 [da:24:de:d5:11:8b]
RSSI: -79 [da:24:de:e3:11:ab]
RSSI: -84 [da:24:de:f1:11:db]
RSSI: -81 [da:24:de:f1:11:db]
RSSI: -90 [da:24:df:27:12:7b]
RSSI: -85 [da:24:df:35:12:ab]
RSSI: -87 [da:24:df:43:12:db]
RSSI: -86 [da:24:df:50:12:fb]
RSSI: -82 [da:24:df:5e:13:2b]
RSSI: -86 [da:24:df:5e:13:2b]
RSSI: -81 [da:24:df:6c:13:4b]
RSSI: -80 [da:24:df:6c:13:4b]
RSSI: -86 [da:24:df:79:13:7b]
RSSI: -79 [da:24:df:87:13:9b]
RSSI: -79 [da:24:df:95:13:cb]
RSSI: -80 [da:24:df:95:13:cb]
RSSI: -84 [da:24:df:a2:13:eb]
RSSI: -84 [da:24:df:a2:13:eb]
RSSI: -86 [da:24:df:b0:14:1b]
RSSI: -80 [da:24:df:b0:14:1b]
RSSI: -81 [da:24:df:be:14:3b]
RSSI: -80 [da:24:df:be:14:3b]
RSSI: -85 [da:2c:67:70:0d:3c]
RSSI: -77 [da:24:df:d9:14:8b]
RSSI: -82 [da:2c:67:7e:0d:6c]
RSSI: -76 [da:24:df:e8:14:bb]
RSSI: -91 [da:2c:67:90:0d:9c]
RSSI: -76 [da:24:df:e8:14:bb]
RSSI: -77 [da:24:df:f4:14:db]
RSSI: -76 [da:24:df:f4:14:db]
RSSI: -74 [da:24:e0:03:15:0b]
RSSI: -76 [da:24:e0:03:15:0b]
RSSI: -76 [da:24:e0:11:15:3b]
RSSI: -76 [da:24:e0:11:15:3b]
RSSI: -72 [da:24:e0:11:15:3b]
RSSI: -84 [da:2c:67:ba:0e:2c]
RSSI: -76 [da:24:e0:1d:15:5b]
RSSI: -83 [da:2c:67:c7:0e:4c]
RSSI: -74 [da:24:e0:1d:15:5b]
RSSI: -82 [da:2c:67:c7:0e:4c]
RSSI: -73 [da:24:e0:3a:15:ab]
RSSI: -71 [da:24:e0:3a:15:ab]
RSSI: -78 [da:2c:67:e1:0e:9c]
RSSI: -71 [da:24:e0:3a:15:ab]
RSSI: -74 [da:24:e0:55:15:fb]
RSSI: -76 [da:2c:67:fc:0e:fc]
RSSI: -75 [da:24:e0:63:16:2b]
RSSI: -76 [da:2c:68:09:0f:1c]
RSSI: -75 [da:24:e0:63:16:2b]
RSSI: -74 [da:24:e0:63:16:2b]
RSSI: -74 [da:24:e0:70:16:4b]
RSSI: -75 [da:2c:68:16:0f:4c]
RSSI: -75 [da:2c:68:23:0f:6c]
RSSI: -75 [da:24:e0:7e:16:7b]
RSSI: -75 [da:2c:68:23:0f:6c]
RSSI: -75 [da:24:e0:7e:16:7b]
RSSI: -75 [da:2c:68:30:0f:9c]
RSSI: -76 [da:24:e0:8c:00:0b]
RSSI: -74 [da:2c:68:3e:0f:cc]
RSSI: -74 [da:2c:68:3e:0f:cc]
RSSI: -75 [da:2c:68:4b:0f:ec]
RSSI: -76 [da:2c:68:58:10:1c]
RSSI: -79 [da:24:e0:b6:00:7b]
RSSI: -76 [da:2c:68:58:10:1c]
RSSI: -79 [da:24:e0:b6:00:7b]
RSSI: -75 [da:2c:68:65:10:3c]
RSSI: -78 [da:2c:68:65:10:3c]
RSSI: -77 [da:2c:68:72:10:6c]
RSSI: -80 [da:24:e0:c2:00:9b]
RSSI: -78 [da:2c:68:72:10:6c]
RSSI: -82 [da:24:e0:d1:00:cb]
RSSI: -76 [da:2c:68:72:10:6c]
RSSI: -79 [da:24:e0:d1:00:cb]
RSSI: -79 [da:2c:68:7f:10:9c]
RSSI: -80 [da:24:e0:df:00:fb]
RSSI: -79 [da:2c:68:7f:10:9c]
RSSI: -83 [da:24:e0:df:00:fb]
RSSI: -79 [da:2c:68:8c:10:bc]
RSSI: -83 [da:2c:68:9a:10:ec]
RSSI: -76 [da:24:e0:fa:01:4b]
RSSI: -87 [da:2c:68:a6:11:0c]
RSSI: -86 [da:24:e1:08:01:6b]
RSSI: -80 [da:24:e1:15:01:9b]
RSSI: -85 [da:24:e1:15:01:9b]
RSSI: -76 [da:24:e1:23:01:bb]
RSSI: -79 [da:24:e1:23:01:bb]
RSSI: -82 [da:24:e1:31:01:eb]
RSSI: -77 [da:24:e1:31:01:eb]
RSSI: -78 [da:24:e1:3e:02:0b]
RSSI: -80 [da:24:e1:3e:02:0b]
RSSI: -89 [da:2c:68:f5:12:0c]
RSSI: -77 [da:24:e1:4c:02:3b]
RSSI: -88 [da:2c:69:03:12:3c]
RSSI: -80 [da:24:e1:5b:02:6b]
RSSI: -76 [da:24:e1:67:02:8b]
RSSI: -76 [da:24:e1:76:02:bb]
RSSI: -76 [da:24:e1:76:02:bb]
RSSI: -77 [da:24:e1:84:02:db]
RSSI: -75 [da:24:e1:91:03:0b]
RSSI: -77 [da:24:e1:9f:03:2b]
RSSI: -77 [da:24:e1:9f:03:2b]
RSSI: -78 [da:24:e1:ad:03:5b]
RSSI: -75 [da:24:e1:ba:03:7b]
RSSI: -77 [da:24:e1:c8:03:ab]
RSSI: -91 [da:26:c5:d0:09:1a]
RSSI: -78 [da:24:e1:d7:03:db]
RSSI: -76 [da:24:e1:d7:03:db]
RSSI: -72 [da:24:e1:e3:03:fb]
RSSI: -79 [da:24:e1:e3:03:fb]
RSSI: -77 [da:24:e1:f2:04:2b]
RSSI: -72 [da:24:e1:f2:04:2b]
RSSI: -80 [da:24:e2:00:04:4b]
RSSI: -80 [da:24:e2:00:04:4b]
RSSI: -92 [da:2c:69:ae:14:5c]
RSSI: -80 [da:24:e2:0d:04:7b]
RSSI: -78 [da:24:e2:1b:04:9b]
RSSI: -86 [da:26:c6:30:0a:2a]
RSSI: -78 [da:24:e2:36:04:eb]
RSSI: -78 [da:24:e2:36:04:eb]
RSSI: -83 [da:26:c6:3f:0a:5a]
RSSI: -81 [da:24:e2:44:05:1b]
RSSI: -94 [da:2c:69:f0:15:2c]
RSSI: -79 [da:24:e2:53:05:4b]
RSSI: -85 [da:26:c6:4e:0a:8a]
RSSI: -76 [da:24:e2:53:05:4b]
RSSI: -85 [da:26:c6:5a:0a:aa]
RSSI: -87 [da:24:e2:5f:05:6b]
RSSI: -85 [da:26:c6:5a:0a:aa]
RSSI: -82 [da:24:e2:5f:05:6b]
RSSI: -81 [da:26:c6:69:0a:ca]
RSSI: -85 [da:26:c6:69:0a:ca]
RSSI: -87 [da:24:e2:6e:05:9b]
RSSI: -83 [da:26:c6:78:0a:fa]
RSSI: -80 [da:26:c6:78:0a:fa]
RSSI: -79 [da:24:e2:7c:05:cb]
RSSI: -82 [da:26:c6:85:0b:1a]
RSSI: -89 [da:24:e2:89:05:eb]
RSSI: -82 [da:24:e2:89:05:eb]
RSSI: -83 [da:26:c6:93:0b:4a]
RSSI: -84 [da:24:e2:97:06:1b]
RSSI: -84 [da:26:c6:93:0b:4a]
RSSI: -82 [da:24:e2:97:06:1b]
RSSI: -81 [da:26:c6:a2:0b:7a]
RSSI: -80 [da:24:e2:a5:06:3b]
RSSI: -83 [da:26:c6:af:0b:9a]
RSSI: -83 [da:26:c6:af:0b:9a]
RSSI: -76 [da:24:e2:b2:06:6b]
RSSI: -76 [da:24:e2:b2:06:6b]
RSSI: -83 [da:26:c6:bd:0b:ca]
RSSI: -84 [da:26:c6:bd:0b:ca]
RSSI: -80 [da:26:c6:cc:0b:ea]
RSSI: -85 [da:24:e2:cf:06:bb]
RSSI: -85 [da:24:e2:ea:07:0b]
RSSI: -82 [da:24:e2:ea:07:0b]
RSSI: -83 [da:24:e2:f8:07:3b]
RSSI: -86 [da:26:c6:f6:0c:6a]
RSSI: -84 [da:24:e2:f8:07:3b]
RSSI: -81 [da:24:e2:f8:07:3b]
RSSI: -87 [da:26:c6:f6:0c:6a]
RSSI: -81 [da:24:e2:f8:07:3b]
RSSI: -82 [da:26:c7:03:0c:8a]
RSSI: -85 [da:24:e3:05:07:5b]
RSSI: -87 [da:26:c7:11:0c:ba]
RSSI: -83 [da:26:c7:11:0c:ba]
RSSI: -79 [da:24:e3:13:07:8b]
RSSI: -83 [da:26:c7:11:0c:ba]
RSSI: -77 [da:24:e3:22:07:bb]
RSSI: -90 [da:26:c7:20:0c:ea]
RSSI: -96 [da:26:c7:2d:0d:0a]
RSSI: -76 [da:24:e3:2e:07:db]
RSSI: -73 [da:24:e3:2e:07:db]
RSSI: -86 [da:26:c7:3c:0d:3a]
RSSI: -71 [da:24:e3:3d:08:0b]
RSSI: -73 [da:24:e3:3d:08:0b]
RSSI: -71 [da:24:e3:4b:08:2b]
RSSI: -70 [da:24:e3:4b:08:2b]
RSSI: -73 [da:24:e3:58:08:5b]
RSSI: -71 [da:24:e3:58:08:5b]
RSSI: -73 [da:24:e3:66:08:7b]
RSSI: -72 [da:24:e3:75:08:ab]
RSSI: -70 [da:24:e3:81:08:db]
RSSI: -71 [da:24:e3:90:08:fb]
RSSI: -71 [da:24:e3:90:08:fb]
RSSI: -70 [da:24:e3:90:08:fb]
RSSI: -70 [da:24:e3:9e:09:2b]
RSSI: -87 [da:26:c7:9f:0e:4a]
RSSI: -70 [da:24:e3:9e:09:2b]
RSSI: -70 [da:24:e3:ab:09:4b]
RSSI: -87 [da:26:c7:ab:0e:7a]
RSSI: -70 [da:24:e3:ab:09:4b]
RSSI: -88 [da:26:c7:ab:0e:7a]
RSSI: -69 [da:24:e3:b9:09:7b]
RSSI: -69 [da:24:e3:b9:09:7b]
RSSI: -68 [da:24:e3:c8:09:ab]
RSSI: -69 [da:24:e3:d4:09:cb]
RSSI: -93 [da:26:c7:d5:0e:ea]
RSSI: -68 [da:24:e3:d4:09:cb]
RSSI: -68 [da:24:e3:e3:09:fb]
RSSI: -68 [da:24:e3:e3:09:fb]
RSSI: -67 [da:24:e3:f1:0a:2b]
RSSI: -67 [da:24:e3:f1:0a:2b]
RSSI: -67 [da:24:e3:fe:0a:4b]
RSSI: -66 [da:24:e4:0c:0a:7b]
RSSI: -66 [da:24:e4:1b:0a:9b]
RSSI: -67 [da:24:e4:1b:0a:9b]
RSSI: -65 [da:24:e4:27:0a:cb]
RSSI: -65 [da:24:e4:27:0a:cb]
RSSI: -64 [da:24:e4:36:0a:eb]
RSSI: -63 [da:24:e4:36:0a:eb]
RSSI: -63 [da:24:e4:44:0b:1b]
RSSI: -62 [da:24:e4:44:0b:1b]
RSSI: -61 [da:24:e4:51:0b:3b]
RSSI: -60 [da:24:e4:51:0b:3b]
RSSI: -59 [da:24:e4:5f:0b:6b]
RSSI: -58 [da:24:e4:6e:0b:9b]
RSSI: -57 [da:24:e4:7b:0b:bb]
RSSI: -57 [da:24:e4:89:0b:eb]
RSSI: -56 [da:24:e4:89:0b:eb]
RSSI: -55 [da:24:e4:97:0c:1b]
RSSI: -56 [da:24:e4:97:0c:1b]
RSSI: -55 [da:24:e4:a4:0c:3b]
RSSI: -54 [da:24:e4:a4:0c:3b]
RSSI: -55 [da:24:e4:b3:0c:6b]
RSSI: -55 [da:24:e4:b3:0c:6b]
RSSI: -55 [da:24:e4:b3:0c:6b]
RSSI: -55 [da:24:e4:c1:0c:8b]
RSSI: -54 [da:24:e4:ce:0c:bb]
RSSI: -55 [da:24:e4:dc:0c:db]
RSSI: -91 [da:2c:6c:86:06:bc]
RSSI: -56 [da:24:e4:eb:0d:0b]
RSSI: -90 [da:2c:6c:94:06:dc]
RSSI: -55 [da:24:e4:eb:0d:0b]
RSSI: -56 [da:24:e4:f7:0d:3b]
RSSI: -56 [da:24:e4:f7:0d:3b]
RSSI: -55 [da:24:e5:06:0d:5b]
RSSI: -89 [da:2c:6c:ae:07:2c]
RSSI: -57 [da:24:e5:14:0d:8b]
RSSI: -57 [da:24:e5:14:0d:8b]
RSSI: -58 [da:24:e5:21:0d:ab]
RSSI: -58 [da:24:e5:21:0d:ab]
RSSI: -91 [da:2c:6c:d6:07:ac]
RSSI: -58 [da:24:e5:30:0d:db]
RSSI: -60 [da:24:e5:30:0d:db]
RSSI: -60 [da:24:e5:3e:0e:0b]
RSSI: -61 [da:24:e5:3e:0e:0b]
RSSI: -63 [da:24:e5:4b:0e:2b]
RSSI: -64 [da:24:e5:4b:0e:2b]
RSSI: -92 [da:2c:6c:f1:08:0c]
RSSI: -66 [da:24:e5:59:0e:5b]
RSSI: -68 [da:24:e5:68:0e:8b]
RSSI: -70 [da:24:e5:74:0e:ab]
RSSI: -68 [da:24:e5:83:0e:db]
RSSI: -68 [da:24:e5:83:0e:db]
RSSI: -65 [da:24:e5:91:0f:0b]
RSSI: -68 [da:24:e5:91:0f:0b]
RSSI: -68 [da:24:e5:9e:0f:2b]
RSSI: -65 [da:24:e5:9e:0f:2b]
RSSI: -68 [da:24:e5:ad:0f:5b]
RSSI: -70 [da:24:e5:bb:0f:7b]
RSSI: -71 [da:24:e5:c8:0f:ab]
RSSI: -72 [da:24:e5:c8:0f:ab]
RSSI: -74 [da:24:e5:c8:0f:ab]
RSSI: -75 [da:24:e5:d6:0f:cb]
RSSI: -75 [da:24:e5:d6:0f:cb]
RSSI: -76 [da:24:e5:e5:0f:fb]
RSSI: -77 [da:24:e5:e5:0f:fb]
RSSI: -76 [da:24:e5:e5:0f:fb]
RSSI: -76 [da:24:e5:f1:10:2b]
RSSI: -74 [da:24:e6:00:10:4b]
RSSI: -74 [da:24:e6:0f:10:7b]
RSSI: -75 [da:24:e6:1b:10:9b]
RSSI: -76 [da:24:e6:1b:10:9b]
RSSI: -80 [da:24:e6:2a:10:cb]
RSSI: -79 [da:24:e6:2a:10:cb]
RSSI: -81 [da:24:e6:38:10:fb]
RSSI: -83 [da:24:e6:38:10:fb]
RSSI: -80 [da:24:e6:45:11:1b]
RSSI: -80 [da:24:e6:45:11:1b]
RSSI: -78 [da:24:e6:54:11:4b]
RSSI: -78 [da:24:e6:54:11:4b]
RSSI: -79 [da:24:e6:62:11:7b]
RSSI: -81 [da:24:e6:6f:11:9b]
RSSI: -82 [da:24:e6:6f:11:9b]
RSSI: -82 [da:24:e6:7d:11:cb]
RSSI: -89 [da:24:e6:7d:11:cb]
RSSI: -87 [da:24:e6:8c:11:fb]
RSSI: -82 [da:24:e6:99:12:1b]
RSSI: -83 [da:24:e6:b6:12:6b]
RSSI: -83 [da:24:e6:b6:12:6b]
RSSI: -88 [da:24:e6:c2:12:9b]
RSSI: -84 [da:24:e6:c2:12:9b]
RSSI: -86 [da:24:e6:d1:12:bb]
RSSI: -79 [da:24:e6:d1:12:bb]
RSSI: -86 [da:2c:6e:8e:0d:2c]
RSSI: -84 [da:24:e6:ec:13:0b]
RSSI: -88 [da:2c:6e:9c:0d:5c]
RSSI: -79 [da:24:e6:fb:13:3b]
RSSI: -80 [da:24:e6:fb:13:3b]
RSSI: -87 [da:2c:6e:aa:0d:7c]
RSSI: -78 [da:24:e7:09:13:6b]
RSSI: -78 [da:24:e7:16:13:8b]
RSSI: -78 [da:24:e7:16:13:8b]
RSSI: -78 [da:24:e7:16:13:8b]
RSSI: -89 [da:2c:6e:c4:0d:dc]
RSSI: -79 [da:24:e7:25:13:bb]
RSSI: -78 [da:24:e7:33:13:db]
RSSI: -74 [da:24:e7:33:13:db]
RSSI: -84 [da:2c:6e:df:0e:2c]
RSSI: -75 [da:24:e7:40:14:0b]
RSSI: -84 [da:2c:6e:ec:0e:5c]
RSSI: -80 [da:2c:6e:ec:0e:5c]
RSSI: -75 [da:24:e7:4f:14:2b]
RSSI: -73 [da:24:e7:4f:14:2b]
RSSI: -70 [da:24:e7:5d:14:5b]
RSSI: -73 [da:24:e7:5d:14:5b]
RSSI: -79 [da:2c:6f:07:0e:ac]
RSSI: -71 [da:24:e7:6a:14:7b]
RSSI: -71 [da:24:e7:6a:14:7b]
RSSI: -72 [da:24:e7:78:14:ab]
RSSI: -76 [da:2c:6f:22:0e:fc]
RSSI: -73 [da:24:e7:78:14:ab]
RSSI: -76 [da:2c:6f:22:0e:fc]
RSSI: -77 [da:2c:6f:2f:0f:2c]
RSSI: -74 [da:24:e7:87:14:db]
RSSI: -76 [da:2c:6f:2f:0f:2c]
RSSI: -76 [da:2c:6f:3d:0f:5c]
RSSI: -77 [da:2c:6f:3d:0f:5c]
RSSI: -75 [da:24:e7:a2:15:2b]
RSSI: -75 [da:2c:6f:4a:0f:7c]
RSSI: -75 [da:24:e7:a2:15:2b]
RSSI: -71 [da:24:e7:a2:15:2b]
RSSI: -76 [da:24:e7:b1:15:4b]
RSSI: -76 [da:2c:6f:57:0f:ac]
RSSI: -74 [da:24:e7:b1:15:4b]
RSSI: -75 [da:2c:6f:57:0f:ac]
RSSI: -76 [da:2c:6f:65:0f:dc]
RSSI: -71 [da:24:e7:be:15:7b]
RSSI: -75 [da:24:e7:be:15:7b]
RSSI: -77 [da:2c:6f:65:0f:dc]
RSSI: -75 [da:24:e7:be:15:7b]
RSSI: -75 [da:2c:6f:73:0f:fc]
RSSI: -72 [da:24:e7:cc:15:9b]
RSSI: -77 [da:2c:6f:7f:10:2c]
RSSI: -74 [da:24:e7:db:15:cb]
RSSI: -76 [da:2c:6f:7f:10:2c]
RSSI: -73 [da:24:e7:db:15:cb]
RSSI: -74 [da:24:e7:e7:15:eb]
RSSI: -73 [da:24:e7:e7:15:eb]
RSSI: -77 [da:2c:6f:9b:10:8c]
RSSI: -78 [da:2c:6f:9b:10:8c]
RSSI: -75 [da:24:e7:f6:16:1b]
RSSI: -79 [da:2c:6f:9b:10:8c]
RSSI: -75 [da:24:e7:f6:16:1b]
RSSI: -79 [da:2c:6f:a7:10:ac]
RSSI: -74 [da:24:e8:05:16:4b]
RSSI: -80 [da:2c:6f:a7:10:ac]
RSSI: -81 [da:2c:6f:b5:10:dc]
RSSI: -75 [da:24:e8:11:16:6b]
RSSI: -83 [da:2c:6f:b5:10:dc]
RSSI: -75 [da:24:e8:11:16:6b]
RSSI: -77 [da:24:e8:20:00:2b]
RSSI: -82 [da:24:e8:2f:00:5b]
RSSI: -79