 -81 [da:09:af:f3:0f:7c]
RSSI: -81 [da:09:af:f3:0f:7c]
RSSI: -74 [da:09:b0:01:0f:ac]
RSSI: -79 [da:09:b0:0d:0f:cc]
RSSI: -83 [da:09:b0:1b:0f:fc]
RSSI: -82 [da:09:b0:1b:0f:fc]
RSSI: -81 [da:09:b0:29:10:2c]
RSSI: -86 [da:09:b0:44:10:7c]
RSSI: -86 [da:09:b0:44:10:7c]
RSSI: -81 [da:09:b0:52:10:ac]
RSSI: -85 [da:09:b0:5f:10:cc]
RSSI: -84 [da:09:b0:6d:10:fc]
RSSI: -86 [da:09:b0:88:11:4c]
RSSI: -89 [da:09:b0:88:11:4c]
RSSI: -84 [da:09:b0:96:11:6c]
RSSI: -79 [da:09:b0:96:11:6c]
RSSI: -82 [da:09:b0:a4:11:9c]
RSSI: -87 [da:09:b0:b1:11:bc]
RSSI: -85 [da:09:b0:bf:11:ec]
RSSI: -81 [da:09:b0:cd:12:0c]
RSSI: -80 [da:09:b0:cd:12:0c]
RSSI: -79 [da:09:b0:da:12:3c]
RSSI: -77 [da:09:b0:da:12:3c]
RSSI: -76 [da:09:b0:e8:12:5c]
RSSI: -78 [da:09:b0:e8:12:5c]
RSSI: -77 [da:09:b0:f6:12:8c]
RSSI: -79 [da:09:b1:02:12:ac]
RSSI: -78 [da:09:b1:02:12:ac]
RSSI: -98 [da:4f:01:39:16:6b]
RSSI: -77 [da:09:b1:11:12:dc]
RSSI: -76 [da:09:b1:1f:13:0c]
RSSI: -76 [da:09:b1:1f:13:0c]
RSSI: -76 [da:09:b1:2b:13:2c]
RSSI: -76 [da:09:b1:2b:13:2c]
RSSI: -96 [da:4f:01:65:00:5b]
RSSI: -76 [da:09:b1:3a:13:5c]
RSSI: -77 [da:09:b1:3a:13:5c]
RSSI: -75 [da:09:b1:48:13:8c]
RSSI: -80 [da:09:b1:54:13:ac]
RSSI: -80 [da:09:b1:54:13:ac]
RSSI: -79 [da:09:b1:54:13:ac]
RSSI: -76 [da:09:b1:63:13:dc]
RSSI: -78 [da:09:b1:63:13:dc]
RSSI: -79 [da:09:b1:71:13:fc]
RSSI: -73 [da:09:b1:71:13:fc]
RSSI: -72 [da:09:b1:7d:14:2c]
RSSI: -70 [da:09:b1:8c:14:5c]
RSSI: -70 [da:09:b1:8c:14:5c]
RSSI: -72 [da:09:b1:9a:14:7c]
RSSI: -67 [da:09:b1:a6:14:ac]
RSSI: -93 [da:4f:01:dd:01:bb]
RSSI: -71 [da:09:b1:b5:14:cc]
RSSI: -72 [da:09:b1:b5:14:cc]
RSSI: -68 [da:09:b1:b5:14:cc]
RSSI: -91 [da:4f:01:ea:01:eb]
RSSI: -84 [da:09:b1:c3:14:fc]
RSSI: -91 [da:4f:01:fa:02:1b]
RSSI: -73 [da:09:b1:cf:15:1c]
RSSI: -94 [da:4f:02:09:02:4b]
RSSI: -77 [da:09:b1:cf:15:1c]
RSSI: -93 [da:4f:02:09:02:4b]
RSSI: -76 [da:09:b1:de:15:4c]
RSSI: -78 [da:09:b1:de:15:4c]
RSSI: -76 [da:09:b1:de:15:4c]
RSSI: -69 [da:09:b1:ec:15:7c]
RSSI: -68 [da:09:b1:ec:15:7c]
RSSI: -88 [da:4f:02:26:02:9b]
RSSI: -94 [da:4f:02:26:02:9b]
RSSI: -65 [da:09:b1:f8:15:9c]
RSSI: -92 [da:4f:02:35:02:cb]
RSSI: -63 [da:09:b2:07:15:cc]
RSSI: -88 [da:4f:02:35:02:cb]
RSSI: -62 [da:09:b2:07:15:cc]
RSSI: -93 [da:4f:02:42:02:eb]
RSSI: -92 [da:4f:02:42:02:eb]
RSSI: -60 [da:09:b2:15:15:ec]
RSSI: -91 [da:4f:02:42:02:eb]
RSSI: -87 [da:4f:02:62:03:4b]
RSSI: -58 [da:09:b2:30:16:3c]
RSSI: -93 [da:4f:02:62:03:4b]
RSSI: -59 [da:09:b2:30:16:3c]
RSSI: -87 [da:4f:02:6e:03:7b]
RSSI: -57 [da:09:b2:3e:16:6c]
RSSI: -87 [da:4f:02:6e:03:7b]
RSSI: -58 [da:09:b2:4a:00:2c]
RSSI: -56 [da:09:b2:4a:00:2c]
RSSI: -89 [da:4f:02:7e:03:ab]
RSSI: -92 [da:4f:02:8e:03:cb]
RSSI: -58 [da:09:b2:59:00:5c]
RSSI: -89 [da:4f:02:8e:03:cb]
RSSI: -56 [da:09:b2:67:00:7c]
RSSI: -55 [da:09:b2:73:00:ac]
RSSI: -92 [da:4f:02:aa:04:2b]
RSSI: -57 [da:09:b2:82:00:dc]
RSSI: -92 [da:4f:02:ba:04:5b]
RSSI: -56 [da:09:b2:82:00:dc]
RSSI: -57 [da:09:b2:90:00:fc]
RSSI: -57 [da:09:b2:9c:01:2c]
RSSI: -58 [da:09:b2:9c:01:2c]
RSSI: -59 [da:09:b2:ab:01:5c]
RSSI: -58 [da:09:b2:ab:01:5c]
RSSI: -61 [da:09:b2:b9:01:7c]
RSSI: -62 [da:09:b2:c6:01:ac]
RSSI: -97 [da:4f:03:03:05:3b]
RSSI: -63 [da:09:b2:d4:01:cc]
RSSI: -67 [da:09:b2:e2:01:fc]
RSSI: -68 [da:09:b2:e2:01:fc]
RSSI: -72 [da:09:b2:ef:02:2c]
RSSI: -75 [da:09:b2:ef:02:2c]
RSSI: -82 [da:09:b2:fd:02:4c]
RSSI: -80 [da:09:b2:fd:02:4c]
RSSI: -88 [da:09:b3:0b:02:7c]
RSSI: -76 [da:09:b3:0b:02:7c]
RSSI: -98 [da:4f:03:3f:05:eb]
RSSI: -74 [da:09:b3:18:02:9c]
RSSI: -69 [da:09:b3:34:02:fc]
RSSI: -96 [da:4f:03:6b:06:6b]
RSSI: -96 [da:4f:03:6b:06:6b]
RSSI: -71 [da:09:b3:41:03:1c]
RSSI: -70 [da:09:b3:41:03:1c]
RSSI: -71 [da:09:b3:4f:03:4c]
RSSI: -74 [da:09:b3:4f:03:4c]
RSSI: -74 [da:09:b3:5d:03:7c]
RSSI: -80 [da:09:b3:5d:03:7c]
RSSI: -80 [da:09:b3:6a:03:9c]
RSSI: -83 [da:09:b3:6a:03:9c]
RSSI: -96 [da:4f:03:a4:07:1b]
RSSI: -87 [da:09:b3:78:03:cc]
RSSI: -78 [da:09:b3:86:03:ec]
RSSI: -96 [da:4f:03:b4:07:4b]
RSSI: -77 [da:09:b3:93:04:1c]
RSSI: -78 [da:09:b3:a1:04:3c]
RSSI: -75 [da:09:b3:a1:04:3c]
RSSI: -81 [da:09:b3:b0:04:6c]
RSSI: -79 [da:09:b3:b0:04:6c]
RSSI: -76 [da:09:b3:bc:04:9c]
RSSI: -85 [da:09:b3:bc:04:9c]
RSSI: -80 [da:09:b3:cb:04:bc]
RSSI: -78 [da:09:b3:cb:04:bc]
RSSI: -78 [da:09:b3:d9:04:ec]
RSSI: -79 [da:09:b3:e5:05:1c]
RSSI: -77 [da:09:b3:f4:05:3c]
RSSI: -76 [da:09:b4:02:05:6c]
RSSI: -82 [da:09:b4:02:05:6c]
RSSI: -97 [da:50:e8:4e:02:5a]
RSSI: -81 [da:09:b4:0f:05:9c]
RSSI: -79 [da:09:b4:0f:05:9c]
RSSI: -84 [da:09:b4:1d:05:bc]
RSSI: -81 [da:09:b4:1d:05:bc]
RSSI: -79 [da:09:b4:2b:05:ec]
RSSI: -84 [da:09:b4:2b:05:ec]
RSSI: -79 [da:09:b4:38:06:1c]
RSSI: -79 [da:09:b4:46:06:3c]
RSSI: -79 [da:09:b4:55:06:6c]
RSSI: -96 [da:50:e8:a2:03:4a]
RSSI: -78 [da:09:b4:61:06:9c]
RSSI: -80 [da:09:b4:70:06:bc]
RSSI: -84 [da:09:b4:7e:06:ec]
RSSI: -82 [da:09:b4:8a:07:1c]
RSSI: -95 [da:50:e8:cc:03:ba]
RSSI: -79 [da:09:b4:8a:07:1c]
RSSI: -92 [da:50:e8:db:03:ea]
RSSI: -90 [da:09:b4:99:07:3c]
RSSI: -93 [da:09:b4:99:07:3c]
RSSI: -92 [da:50:e8:e7:04:0a]
RSSI: -91 [da:50:e8:e7:04:0a]
RSSI: -83 [da:09:b4:a7:07:6c]
RSSI: -93 [da:50:e8:f6:04:2a]
RSSI: -92 [da:50:e8:f6:04:2a]
RSSI: -82 [da:09:b4:b4:07:9c]
RSSI: -78 [da:09:b4:c2:07:bc]
RSSI: -81 [da:09:b4:c2:07:bc]
RSSI: -83 [da:09:b4:c2:07:bc]
RSSI: -83 [da:09:b4:d0:07:ec]
RSSI: -79 [da:09:b4:d0:07:ec]
RSSI: -94 [da:50:e9:17:04:8a]
RSSI: -94 [da:50:e9:17:04:8a]
RSSI: -80 [da:09:b4:dd:08:1c]
RSSI: -93 [da:50:e9:27:04:ba]
RSSI: -86 [da:09:b4:dd:08:1c]
RSSI: -92 [da:50:e9:36:04:ea]
RSSI: -90 [da:50:e9:43:05:0a]
RSSI: -88 [da:09:b4:fa:08:6c]
RSSI: -75 [da:09:b5:06:08:9c]
RSSI: -75 [da:09:b5:06:08:9c]
RSSI: -88 [da:50:e9:52:05:2a]
RSSI: -78 [da:09:b5:15:08:cc]
RSSI: -74 [da:09:b5:15:08:cc]
RSSI: -87 [da:50:e9:60:05:5a]
RSSI: -82 [da:09:b5:23:08:ec]
RSSI: -78 [da:09:b5:23:08:ec]
RSSI: -79 [da:09:b5:30:09:1c]
RSSI: -85 [da:50:e9:7c:05:aa]
RSSI: -79 [da:09:b5:30:09:1c]
RSSI: -84 [da:50:e9:7c:05:aa]
RSSI: -77 [da:09:b5:3e:09:4c]
RSSI: -83 [da:50:e9:8b:05:da]
RSSI: -83 [da:50:e9:8b:05:da]
RSSI: -77 [da:09:b5:4c:09:6c]
RSSI: -83 [da:09:b5:4c:09:6c]
RSSI: -82 [da:50:e9:97:05:fa]
RSSI: -79 [da:09:b5:59:09:9c]
RSSI: -90 [da:09:b5:59:09:9c]
RSSI: -82 [da:50:e9:a6:06:1a]
RSSI: -82 [da:09:b5:68:09:cc]
RSSI: -82 [da:50:e9:b5:06:4a]
RSSI: -82 [da:50:e9:b5:06:4a]
RSSI: -94 [da:09:b5:76:09:ec]
RSSI: -81 [da:50:e9:c1:06:6a]
RSSI: -88 [da:09:b5:82:0a:1c]
RSSI: -81 [da:50:e9:c1:06:6a]
RSSI: -90 [da:09:b5:82:0a:1c]
RSSI: -80 [da:50:e9:d0:06:9a]
RSSI: -80 [da:50:e9:d0:06:9a]
RSSI: -89 [da:09:b5:91:0a:4c]
RSSI: -81 [da:50:e9:df:06:ca]
RSSI: -81 [da:50:e9:df:06:ca]
RSSI: -78 [da:09:b5:9f:0a:7c]
RSSI: -78 [da:09:b5:9f:0a:7c]
RSSI: -81 [da:50:e9:ec:06:ea]
RSSI: -81 [da:50:e9:ec:06:ea]
RSSI: -84 [da:09:b5:ac:0a:9c]
RSSI: -82 [da:50:e9:fb:07:1a]
RSSI: -80 [da:09:b5:ba:0a:cc]
RSSI: -82 [da:50:ea:09:07:3a]
RSSI: -78 [da:09:b5:ba:0a:cc]
RSSI: -80 [da:50:ea:09:07:3a]
RSSI: -77 [da:09:b5:c9:0a:fc]
RSSI: -78 [da:09:b5:c9:0a:fc]
RSSI: -82 [da:50:ea:16:07:5a]
RSSI: -74 [da:09:b5:d5:0b:1c]
RSSI: -76 [da:09:b5:d5:0b:1c]
RSSI: -76 [da:09:b5:e4:0b:4c]
RSSI: -82 [da:50:ea:25:07:8a]
RSSI: -74 [da:09:b5:e4:0b:4c]
RSSI: -81 [da:50:ea:34:07:ba]
RSSI: -76 [da:09:b5:f2:0b:7c]
RSSI: -83 [da:50:ea:40:07:da]
RSSI: -83 [da:50:ea:40:07:da]
RSSI: -75 [da:09:b5:ff:0b:9c]
RSSI: -84 [da:50:ea:4f:07:fa]
RSSI: -85 [da:50:ea:4f:07:fa]
RSSI: -73 [da:09:b6:0d:0b:cc]
RSSI: -85 [da:50:ea:5e:08:2a]
RSSI: -76 [da:09:b6:1b:0b:fc]
RSSI: -86 [da:50:ea:5e:08:2a]
RSSI: -73 [da:09:b6:1b:0b:fc]
RSSI: -88 [da:50:ea:6b:08:4a]
RSSI: -76 [da:09:b6:28:0c:1c]
RSSI: -76 [da:09:b6:28:0c:1c]
RSSI: -91 [da:50:ea:7a:08:7a]
RSSI: -73 [da:09:b6:37:0c:4c]
RSSI: -77 [da:09:b6:37:0c:4c]
RSSI: -91 [da:50:ea:88:08:aa]
RSSI: -77 [da:09:b6:45:0c:7c]
RSSI: -93 [da:50:ea:88:08:aa]
RSSI: -74 [da:09:b6:45:0c:7c]
RSSI: -90 [da:50:ea:95:08:ca]
RSSI: -80 [da:09:b6:52:0c:9c]
RSSI: -77 [da:09:b6:60:0c:cc]
RSSI: -90 [da:50:ea:a4:08:ea]
RSSI: -77 [da:09:b6:60:0c:cc]
RSSI: -92 [da:50:ea:b3:09:1a]
RSSI: -78 [da:09:b6:6e:0c:fc]
RSSI: -92 [da:50:ea:b3:09:1a]
RSSI: -92 [da:50:ea:bf:09:3a]
RSSI: -80 [da:09:b6:7b:0d:1c]
RSSI: -91 [da:50:ea:bf:09:3a]
RSSI: -82 [da:09:b6:7b:0d:1c]
RSSI: -80 [da:09:b6:89:0d:4c]
RSSI: -92 [da:50:ea:ce:09:6a]
RSSI: -80 [da:09:b6:89:0d:4c]
RSSI: -92 [da:50:ea:dd:09:9a]
RSSI: -85 [da:09:b6:98:0d:7c]
RSSI: -91 [da:50:ea:dd:09:9a]
RSSI: -89:de:35:16:5c]
RSSI: -59 [da:09:de:42:16:7c]
RSSI: -61 [da:09:de:4f:00:2c]
RSSI: -59 [da:09:de:4f:00:2c]
RSSI: -56 [da:09:de:5c:00:4c]
RSSI: -61 [da:09:de:5c:00:4c]
RSSI: -59 [da:09:de:68:00:7c]
RSSI: -61 [da:09:de:75:00:9c]
RSSI: -59 [da:09:de:75:00:9c]
RSSI: -57 [da:09:de:82:00:bc]
RSSI: -62 [da:09:de:82:00:bc]
RSSI: -59 [da:09:de:8f:00:ec]
RSSI: -59 [da:09:de:a8:01:3c]
RSSI: -64 [da:09:de:a8:01:3c]
RSSI: -62 [da:09:de:b5:01:5c]
RSSI: -66 [da:09:de:c2:01:8c]
RSSI: -87 [da:4f:2e:f0:01:cb]
RSSI: -65 [da:09:de:c2:01:8c]
RSSI: -88 [da:4f:2e:fe:01:fb]
RSSI: -64 [da:09:de:cf:01:ac]
RSSI: -69 [da:09:de:cf:01:ac]
RSSI: -87 [da:4f:2f:0b:02:1b]
RSSI: -68 [da:09:de:dc:01:cc]
RSSI: -75 [da:09:de:e9:01:fc]
RSSI: -85 [da:4f:2f:1a:02:4b]
RSSI: -75 [da:09:de:e9:01:fc]
RSSI: -76 [da:09:de:f5:02:1c]
RSSI: -86 [da:4f:2f:28:02:7b]
RSSI: -84 [da:09:de:f5:02:1c]
RSSI: -91 [da:09:df:02:02:4c]
RSSI: -85 [da:4f:2f:35:02:9b]
RSSI: -86 [da:4f:2f:35:02:9b]
RSSI: -84 [da:4f:2f:43:02:cb]
RSSI: -84 [da:09:df:0f:02:6c]
RSSI: -84 [da:4f:2f:43:02:cb]
RSSI: -77 [da:09:df:0f:02:6c]
RSSI: -71 [da:09:df:1c:02:9c]
RSSI: -85 [da:4f:2f:52:02:eb]
RSSI: -78 [da:09:df:1c:02:9c]
RSSI: -85 [da:4f:2f:52:02:eb]
RSSI: -74 [da:09:df:29:02:bc]
RSSI: -74 [da:09:df:29:02:bc]
RSSI: -85 [da:4f:2f:5f:03:1b]
RSSI: -76 [da:09:df:36:02:ec]
RSSI: -73 [da:09:df:36:02:ec]
RSSI: -71 [da:09:df:42:03:0c]
RSSI: -75 [da:09:df:4f:03:2c]
RSSI: -75 [da:09:df:4f:03:2c]
RSSI: -75 [da:09:df:4f:03:2c]
RSSI: -85 [da:4f:2f:88:03:9b]
RSSI: -84 [da:4f:2f:88:03:9b]
RSSI: -83 [da:09:df:5c:03:5c]
RSSI: -81 [da:09:df:5c:03:5c]
RSSI: -84 [da:4f:2f:97:03:cb]
RSSI: -86 [da:09:df:69:03:7c]
RSSI: -85 [da:4f:2f:97:03:cb]
RSSI: -85 [da:4f:2f:a6:03:eb]
RSSI: -84 [da:4f:2f:a6:03:eb]
RSSI: -80 [da:09:df:76:03:ac]
RSSI: -86 [da:4f:2f:b2:04:1b]
RSSI: -88 [da:09:df:83:03:cc]
RSSI: -87 [da:4f:2f:c1:04:4b]
RSSI: -81 [da:09:df:8f:03:ec]
RSSI: -86 [da:4f:2f:c1:04:4b]
RSSI: -85 [da:09:df:8f:03:ec]
RSSI: -83 [da:09:df:9c:04:1c]
RSSI: -87 [da:4f:2f:d0:04:6b]
RSSI: -91 [da:09:df:9c:04:1c]
RSSI: -89 [da:4f:2f:dc:04:9b]
RSSI: -82 [da:09:df:a9:04:3c]
RSSI: -90 [da:4f:2f:dc:04:9b]
RSSI: -85 [da:09:df:b6:04:6c]
RSSI: -87 [da:09:df:c3:04:8c]
RSSI: -86 [da:09:df:c3:04:8c]
RSSI: -90 [da:09:df:d0:04:bc]
RSSI: -85 [da:09:df:dc:04:dc]
RSSI: -84 [da:09:df:dc:04:dc]
RSSI: -82 [da:09:df:ea:04:fc]
RSSI: -80 [da:09:df:ea:04:fc]
RSSI: -82 [da:09:df:f6:05:2c]
RSSI: -81 [da:09:df:f6:05:2c]
RSSI: -81 [da:09:e0:03:05:4c]
RSSI: -82 [da:09:e0:1d:05:9c]
RSSI: -85 [da:09:e0:2a:05:cc]
RSSI: -84 [da:09:e0:37:05:ec]
RSSI: -82 [da:09:e0:37:05:ec]
RSSI: -86 [da:09:e0:44:06:1c]
RSSI: -86 [da:09:e0:44:06:1c]
RSSI: -89 [da:09:e0:50:06:3c]
RSSI: -78 [da:09:e0:5d:06:6c]
RSSI: -79 [da:09:e0:6a:06:8c]
RSSI: -79 [da:09:e0:6a:06:8c]
RSSI: -81 [da:09:e0:77:06:bc]
RSSI: -83 [da:09:e0:77:06:bc]
RSSI: -88 [da:09:e0:84:06:dc]
RSSI: -82 [da:09:e0:84:06:dc]
RSSI: -83 [da:09:e0:91:07:0c]
RSSI: -83 [da:09:e0:91:07:0c]
RSSI: -82 [da:09:e0:ab:07:5c]
RSSI: -80 [da:09:e0:ab:07:5c]
RSSI: -79 [da:09:e0:b8:07:7c]
RSSI: -76 [da:09:e0:c4:07:ac]
RSSI: -77 [da:09:e0:c4:07:ac]
RSSI: -79 [da:09:e0:d1:07:cc]
RSSI: -80 [da:09:e0:d1:07:cc]
RSSI: -77 [da:09:e0:de:07:fc]
RSSI: -79 [da:09:e0:de:07:fc]
RSSI: -79 [da:09:e0:eb:08:1c]
RSSI: -82 [da:09:e0:f8:08:4c]
RSSI: -77 [da:09:e0:f8:08:4c]
RSSI: -81 [da:09:e1:05:08:7c]
RSSI: -78 [da:09:e1:05:08:7c]
RSSI: -79 [da:09:e1:12:08:9c]
RSSI: -76 [da:09:e1:1f:08:cc]
RSSI: -75 [da:09:e1:1f:08:cc]
RSSI: -77 [da:09:e1:2c:08:ec]
RSSI: -76 [da:09:e1:2c:08:ec]
RSSI: -78 [da:09:e1:38:09:1c]
RSSI: -80 [da:09:e1:45:09:3c]
RSSI: -79 [da:09:e1:52:09:6c]
RSSI: -80 [da:09:e1:52:09:6c]
RSSI: -81 [da:09:e1:5f:09:8c]
RSSI: -81 [da:09:e1:6c:09:bc]
RSSI: -83 [da:09:e1:79:09:dc]
RSSI: -88 [da:09:e1:86:0a:0c]
RSSI: -81 [da:09:e1:93:0a:2c]
RSSI: -81 [da:09:e1:a0:0a:5c]
RSSI: -81 [da:09:e1:a0:0a:5c]
RSSI: -82 [da:09:e1:ad:0a:7c]
RSSI: -78 [da:09:e1:ba:0a:ac]
RSSI: -76 [da:09:e1:c7:0a:cc]
RSSI: -74 [da:09:e1:d3:0a:fc]
RSSI: -73 [da:09:e1:e0:0b:1c]
RSSI: -73 [da:09:e1:fa:0b:6c]
RSSI: -73 [da:09:e1:fa:0b:6c]
RSSI: -70 [da:09:e1:fa:0b:6c]
RSSI: -73 [da:09:e2:07:0b:9c]
RSSI: -70 [da:09:e2:14:0b:bc]
RSSI: -74 [da:09:e2:21:0b:ec]
RSSI: -71 [da:09:e2:21:0b:ec]
RSSI: -74 [da:09:e2:2e:0c:0c]
RSSI: -74 [da:09:e2:2e:0c:0c]
RSSI: -73 [da:09:e2:3b:0c:3c]
RSSI: -83 [da:09:e2:48:0c:5c]
RSSI: -74 [da:09:e2:48:0c:5c]
RSSI: -74 [da:09:e2:55:0c:8c]
RSSI: -76 [da:09:e2:62:0c:bc]
RSSI: -85 [da:09:e2:6f:0c:dc]
RSSI: -77 [da:09:e2:6f:0c:dc]
RSSI: -73 [da:09:e2:7c:0d:0c]
RSSI: -82 [da:09:e2:7c:0d:0c]
RSSI: -78 [da:09:e2:89:0d:2c]
RSSI: -87 [da:09:e2:95:0d:5c]
RSSI: -80 [da:09:e2:95:0d:5c]
RSSI: -75 [da:09:e2:a3:0d:7c]
RSSI: -81 [da:09:e2:b0:0d:ac]
RSSI: -90 [da:51:16:fa:00:6a]
RSSI: -79 [da:09:e2:bc:0d:cc]
RSSI: -75 [da:09:e2:bc:0d:cc]
RSSI: -76 [da:09:e2:ca:0d:fc]
RSSI: -74 [da:09:e2:ca:0d:fc]
RSSI: -73 [da:09:e2:d7:0e:1c]
RSSI: -92 [da:51:17:22:00:da]
RSSI: -73 [da:09:e2:e3:0e:4c]
RSSI: -70 [da:09:e2:e3:0e:4c]
RSSI: -70 [da:09:e2:e3:0e:4c]
RSSI: -70 [da:09:e2:f0:0e:6c]
RSSI: -73 [da:09:e2:f0:0e:6c]
RSSI: -70 [da:09:e2:fe:0e:9c]
RSSI: -70 [da:09:e2:fe:0e:9c]
RSSI: -91 [da:51:17:4a:01:5a]
RSSI: -75 [da:09:e3:0a:0e:bc]
RSSI: -73 [da:09:e3:0a:0e:bc]
RSSI: -90 [da:51:17:57:01:7a]
RSSI: -77 [da:09:e3:17:0e:ec]
RSSI: -77 [da:09:e3:17:0e:ec]
RSSI: -74 [da:09:e3:24:0f:0c]
RSSI: -73 [da:09:e3:24:0f:0c]
RSSI: -75 [da:09:e3:31:0f:3c]
RSSI: -73 [da:09:e3:31:0f:3c]
RSSI: -74 [da:09:e3:3e:0f:5c]
RSSI: -71 [da:09:e3:4b:0f:8c]
RSSI: -72 [da:09:e3:4b:0f:8c]
RSSI: -76 [da:09:e3:58:0f:ac]
RSSI: -73 [da:09:e3:58:0f:ac]
RSSI: -79 [da:09:e3:65:0f:dc]
RSSI: -76 [da:09:e3:72:10:0c]
RSSI: -77 [da:09:e3:72:10:0c]
RSSI: -87 [da:09:e3:7f:10:2c]
RSSI: -85 [da:09:e3:7f:10:2c]
RSSI: -87 [da:09:e3:99:10:7c]
RSSI: -79 [da:09:e3:a6:10:ac]
RSSI: -79 [da:09:e3:a6:10:ac]
RSSI: -81 [da:09:e3:b3:10:cc]
RSSI: -91 [da:51:18:04:03:5a]
RSSI: -79 [da:09:e3:c0:10:fc]
RSSI: -87 [da:09:e3:cd:11:1c]
RSSI: -89 [da:51:18:12:03:8a]
RSSI: -89 [da:51:18:1e:03:aa]
RSSI: -90 [da:09:e3:da:11:4c]
RSSI: -83 [da:09:e3:da:11:4c]
RSSI: -86 [da:51:18:2c:03:ca]
RSSI: -81 [da:09:e3:e7:11:6c]
RSSI: -85 [da:51:18:3a:03:fa]
RSSI: -83 [da:09:e3:f4:11:9c]
RSSI: -87 [da:09:e4:01:11:bc]
RSSI: -81 [da:09:e4:0e:11:ec]
RSSI: -87 [da:51:18:62:04:6a]
RSSI: -81 [da:09:e4:1b:12:0c]
RSSI: -87 [da:51:18:6e:04:8a]
RSSI: -79 [da:09:e4:28:12:3c]
RSSI: -87 [da:51:18:6e:04:8a]
RSSI: -76 [da:09:e4:28:12:3c]
RSSI: -73 [da:09:e4:35:12:5c]
RSSI: -87 [da:51:18:7c:04:aa]
RSSI: -77 [da:09:e4:35:12:5c]
RSSI: -74 [da:09:e4:42:12:8c]
RSSI: -86 [da:51:18:8a:04:da]
RSSI: -74 [da:09:e4:42:12:8c]
RSSI: -82 [da:51:18:96:04:fa]
RSSI: -76 [da:09:e4:4f:12:ac]
RSSI: -82 [da:51:18:96:04:fa]
RSSI: -74 [da:09:e4:4f:12:ac]
RSSI: -73 [da:09:e4:5c:12:dc]
RSSI: -82 [da:51:18:a4:05:1a]
RSSI: -75 [da:09:e4:5c:12:dc]
RSSI: -80 [da:51:18:a4:05:1a]
RSSI: -81 [da:51:18:b2:05:4a]
RSSI: -73 [da:09:e4:69:12:fc]
RSSI: -80 [da:51:18:b2:05:4a]
RSSI: -74 [da:09:e4:69:12:fc]
RSSI: -74 [da:09:e4:76:13:1c]
RSSI: -74 [da:09:e4:76:13:1c]
RSSI: -73 [da:09:e4:76:13:1c]
RSSI: -72 [da:09:e4:76:13:1c]
RSSI: -74 [da:09:e4:84:13:4c]
RSSI: -78 [da:51:18:cc:05:8a]
RSSI: -73 [da:09:e4:84:13:4c]
RSSI: -78 [da:51:18:cc:05:8a]
RSSI: -72 [da:09:e4:90:13:6c]
RSSI: -77 [da:51:18:da:05:ba]
RSSI: -75 [da:09:e4:90:13:6c]
RSSI: -75 [da:51:18:da:05:ba]
RSSI: -75 [da:09:e4:9d:13:9c]
RSSI: -77 [da:51:18:e6:05:da]
RSSI: -76 [da:09:e4:9d:13:9c]
RSSI: -76 [da:51:18:e6:05:da]
RSSI: -80 [da:09:e4:ab:13:bc]
RSSI: -75 [da:51:18:f4:05:fa]
RSSI: -77 [da:09:e4:ab:13:bc]
RSSI: -79 [da:09:e4:b7:13:dc]
RSSI: -72 [da:51:19:02:06:2a]
RSSI: -81 [da:09:e4:b7:13:dc]
RSSI: -76 [da:09:e4:c5:14:0c]
RSSI: -74 [da:51:19:0e:06:4a]
RSSI: -76 [da:09:e4:c5:14:0c]
RSSI: -75 [da:09:e4:d2:14:2c]
RSSI: -73 [da:51:19:1c:06:7a]
RSSI: -73 [da:51:19:1c:06:7a]
RSSI: -73 [da:09:e4:de:14:5c]
RSSI: -73 [da:09:e4:ec:14:7c]
RSSI: -72 [da:51:19:36:06:ba]
RSSI: -71 [da:09:e4:ec:14:7c]
RSSI: -72 [da:51:19:36:06:ba]
RSSI: -73 [da:09:e4:f9:14:ac]
RSSI: -72 [da:51:19:44:06:ea]
RSSI: -72 [da:51:19:44:06:ea]
RSSI: -67 [da:09:e5:05:14:cc]
RSSI: -72 [da:51:19:52:07:0a]
RSSI: -72 [da:51:19:52:07:0a]
RSSI: -73 [da:51:19:5f:07:2a]
RSSI: -73 [da:51:19:5f:07:2a]
RSSI: -73 [da:51:19:6c:07:5a]
RSSI: -74 [da:51:19:6c:07:5a]
RSSI: -81 [da:09:e5:2d:15:4c]
RSSI: -75 [da:51:19:7a:07:7a]
RSSI: -75 [da:51:19:7a:07:7a]
RSSI: -73 [da:09:e5:3a:15:6c]
RSSI: -75 [da:51:19:87:07:9a]
RSSI: -67 [da:09:e5:47:15:9c]
RSSI: -98 [da:4f:35:7c:15:6b]
RSSI: -74 [da:09:e5:54:15:bc]
RSSI: -80 [da:51:19:a2:07:ea]
RSSI: -66 [da:09:e5:61:15:dc]
RSSI: -79 [da:51:19:af:08:1a]
RSSI: -64 [da:09:e5:6e:16:0c]
RSSI: -65 [da:09:e5:6e:16:0c]
RSSI: -83 [da:51:19:bd:08:3a]
RSSI: -68 [da:09:e5:7b:16:2c]
RSSI: -64 [da:09:e5:7b:16:2c]
RSSI: -86 [da:51:19:ca:08:5a]
RSSI: -89 [da:51:19:ca:08:5a]
RSSI: -65 [da:09:e5:88:16:5c]
RSSI: -86 [da:51:19:d7:08:8a]
RSSI: -87 [da:51:19:d7:08:8a]
RSSI: -64 [da:09:e5:95:16:7c]
RSSI: -96 [da:4f:35:d1:16:6b]
RSSI: -84 [da:51:19:e5:08:aa]
RSSI: -85 [da:51:19:f2:08:da]
RSSI: -65 [da:09:e5:a2:00:2c]
RSSI: -86 [da:51:19:f2:08:da]
RSSI: -64 [da:09:e5:af:00:4c]
RSSI: -85 [da:51:19:f2:08:da]
RSSI: -62 [da:09:e5:af:00:4c]
RSSI: -81 [da:51:19:ff:08:fa]
RSSI: -84 [da:51:19:ff:08:fa]
RSSI: -65 [da:09:e5:bd:00:7c]
RSSI: -83 [da:51:19:ff:08:fa]
RSSI: -63 [da:09:e5:bd:00:7c]
RSSI: -83 [da:51:1a:0d:09:1a]
RSSI: -80 [da:51:1a:0d:09:1a]
RSSI: -63 [da:09:e5:c9:00:9c]
RSSI: -80 [da:51:1a:0d:09:1a]
RSSI: -65 [da:09:e5:c9:00:9c]
RSSI: -63 [da:09:e5:d7:00:cc]
RSSI: -65 [da:09:e5:d7:00:cc]
RSSI: -65 [da:09:e5:e4:00:ec]
RSSI: -85 [da:51:1a:27:09:6a]
RSSI: -64 [da:09:e5:e4:00:ec]
RSSI: -64 [da:09:e5:e4:00:ec]
RSSI: -83 [da:51:1a:35:09:9a]
RSSI: -70 [da:09:e5:f1:01:1c]
RSSI: -65 [da:09:e5:f1:01:1c]
RSSI: -86 [da:51:1a:43:09:ba]
RSSI: -66 [da:09:e5:fe:01:3c]
RSSI: -79 [da:09:e5:fe:01:3c]
RSSI: -89 [da:51:1a:4f:09:da]
RSSI: -68 [da:09:e6:0b:01:6c]
RSSI: -89 [da:4f:36:41:01:4b]
RSSI: -87 [da:51:1a:4f:09:da]
RSSI: -70 [da:09:e6:0b:01:6c]
RSSI: -85 [da:51:1a:5d:0a:0a]
RSSI: -80 [da:09:e6:25:01:bc]
RSSI: -78 [da:09:e6:32:01:dc]
RSSI: -85 [da:51:1a:77:0a:4a]
RSSI: -85 [da:4f:36:6c:01:cb]
RSSI: -83 [da:51:1a:85:0a:7a]
RSSI: -84 [da:51:1a:85:0a:7a]
RSSI: -85 [da:51:1a:93:0a:aa]
RSSI: -84 [da:4f:36:7b:01:fb]
RSSI: -85 [da:51:1a:93:0a:aa]
RSSI: -83 [da:4f:36:87:02:1b]
RSSI: -87 [da:51:1a:a0:0a:ca]
RSSI: -87 [da:09:e6:5a:02:5c]
RSSI: -84 [da:4f:36:87:02:1b]
RSSI: -80 [da:4f:36:96:02:4b]
RSSI: -83 [da:4f:36:96:02:4b]
RSSI: -81 [da:4f:36:a5:02:7b]
RSSI: -80 [da:4f:36:a5:02:7b]
RSSI: -77 [da:09:e6:74:02:ac]
RSSI: -82 [da:4f:36:b2:02:9b]
RSSI: -80 [da:4f:36:b2:02:9b]
RSSI: -80 [da:4f:36:b2:02:9b]
RSSI: -84 [da:09:e6:8e:02:fc]
RSSI: -81 [da:4f:36:c1:02:cb]
RSSI: -79 [da:09:e6:8e:02:fc]
RSSI: -79 [da:4f:36:c1:02:cb]
RSSI: -87 [da:51:1a:e3:0b:8a]
RSSI: -80 [da:4f:36:dc:03:1b]
RSSI: -80 [da:09:e6:a8:03:4c]
RSSI: -90 [da:51:1a:f0:0b:aa]
RSSI: -81 [da:4f:36:dc:03:1b]
RSSI: -83 [da:09:e6:b5:03:6c]
RSSI: -81 [da:4f:36:eb:03:4b]
RSSI: -84 [da:09:e6:b5:03:6c]
RSSI: -80 [da:4f:36:eb:03:4b]
RSSI: -88 [da:09:e6:c2:03:9c]
RSSI: -85 [da:09:e6:c2:03:9c]
RSSI: -79 [da:4f:36:fa:03:7b]
RSSI: -84 [da:09:e6:d0:03:bc]
RSSI: -83 [da:09:e6:d0:03:bc]
RSSI: -82 [da:4f:37:07:03:9b]
RSSI: -94 [da:51:1b:18:0c:1a]
RSSI: -82 [da:4f:37:07:03:9b]
RSSI: -81 [da:09:e6:dc:03:dc]
RSSI: -81 [da:4f:37:16:03:cb]
RSSI: -81 [da:09:e6:dc:03:dc]
RSSI: -82 [da:4f:37:16:03:cb]
RSSI: -82 [da:09:e6:ea:04:0c]
RSSI: -82 [da:4f:37:25:03:fb]
RSSI: -79 [da:09:e6:ea:04:0c]
RSSI: -82 [da:4f:37:25:03:fb]
RSSI: -81 [da:09:e6:f7:04:2c]
RSSI: -83 [da:4f:37:25:03:fb]
RSSI: -81 [da:09:e7:03:04:5c]
RSSI: -83 [da:4f:37:31:04:1b]
RSSI: -82 [da:09:e7:03:04:5c]
RSSI: -83 [da:4f:37:41:04:4b]
RSSI: -85 [da:4f:37:41:04:4b]
RSSI: -85 [da:09:e7:11:04:7c]
RSSI: -85 [da:4f:37:4f:04:7b]
RSSI: -80 [da:09:e7:1e:04:ac]
RSSI: -84 [da:09:e7:1e:04:ac]
RSSI: -81 [da:09:e7:30:04:dc]
RSSI: -80 [da:09:e7:40:05:0c]
RSSI: -93 [da:4f:37:87:05:1b]
RSSI: -86 [da:09:e7:5a:05:5c]
RSSI: -93 [da:4f:37:96:05:4b]
RSSI: -93 [da:51:1b:ad:0d:ca]
RSSI: -81 [da:09:e7:68:05:8c]
RSSI: -92 [da:4f:37:96:05:4b]
RSSI: -77 [da:09:e7:75:05:bc]
RSSI: -82 [da:09:e7:82:05:dc]
RSSI: -82 [da:09:e7:82:05:dc]
RSSI: -76 [da:09:e7:8f:06:0c]
RSSI: -87 [da:09:e7:8f:06:0c]
RSSI: -81 [da:09:e7:9c:06:2c]
RSSI: -79 [da:09:e7:9c:06:2c]
RSSI: -87 [da:09:e7:a9:06:5c]
RSSI: -84 [da:09:e7:a9:06:5c]
RSSI: -78 [da:09:e7:b7:06:7c]
RSSI: -82 [da:09:e7:b7:06:7c]
RSSI: -83 [da:09:e7:c4:06:ac]
RSSI: -77 [da:09:e7:c4:06:ac]
RSSI: -77 [da:09:e7:c4:06:ac]
RSSI: -81 [da:09:e7:d0:06:cc]
RSSI: -80 [da:09:e7:d0:06:cc]
RSSI: -80 [da:09:e7:d0:06:cc]
RSSI: -82 [da:09:e7:de:06:fc]
RSSI: -82 [da:09:e7:de:06:fc]
RSSI: -82 [da:09:e7:eb:07:2c]
RSSI: -84 [da:09:e8:05:07:7c]
RSSI: -88 [da:09:e8:13:07:9c]
RSSI: -82 [da:09:e8:13:07:9c]
RSSI: -81 [da:09:e8:1f:07:cc]
RSSI: -79 [da:09:e8:2d:07:ec]
RSSI: -81 [da:09:e8:3a:08:1c]
RSSI: -80 [da:09:e8:47:08:3c]
RSSI: -83 [da:09:e8:47:08:3c]
RSSI: -77 [da:09:e8:54:08:6c]
RSSI: -82 [da:09:e8:54:08:6c]
RSSI: -81 [da:09:e8:62:08:9c]
RSSI: -80 [da:09:e8:6e:08:bc]
RSSI: -77 [da:09:e8:6e:08:bc]
RSSI: -73 [da:09:e8:7c:08:ec]
RSSI: -78 [da:09:e8:7c:08:ec]
RSSI: -75 [da:09:e8:89:09:0c]
RSSI: -76 [da:09:e8:89:09:0c]
RSSI: -74 [da:09:e8:89:09:0c]
RSSI: -79 [da:09:e8:96:09:3c]
RSSI: -79 [da:09:e8:96:09:3c]
RSSI: -76 [da:09:e8:96:09:3c]
RSSI: -77 [da:09:e8:a3:09:5c]
RSSI: -81 [da:09:e8:a3:09:5c]
RSSI: -79 [da:09:e8:b1:09:8c]
RSSI: -80 [da:09:e8:b1:09:8c]
RSSI: -85 [da:09:e8:bd:09:ac]
RSSI: -83 [da:09:e8:bd:09:ac]
RSSI: -86 [da:09:e8:d8:0a:0c]
RSSI: -81 [da:09:e8:d8:0a:0c]
RSSI: -86 [da:09:e8:e5:0a:2c]
RSSI: -79 [da:09:e9:00:0a:7c]
RSSI: -79 [da:09:e9:0c:0a:ac]
RSSI: -84 [da:09:e9:1a:0a:cc]
RSSI: -76 [da:09:e9:1a:0a:cc]
RSSI: -80 [da:09:e9:27:0a:fc]
RSSI: -74 [da:09:e9:34:0b:1c]
RSSI: -79 [da:09:e9:42:0b:4c]
RSSI: -74 [da:09:e9:42:0b:4c]
RSSI: -81 [da:09:e9:4f:0b:7c]
RSSI: -79 [da:09:e9:4f:0b:7c]
RSSI: -75 [da:09:e9:5c:0b:9c]
RSSI: -82 [da:09:e9:5c:0b:9c]
RSSI: -79 [da:09:e9:69:0b:cc]
RSSI: -79 [da:09:e9:69:0b:cc]
RSSI: -75 [da:09:e9:69:0b:cc]
RSSI: -80 [da:09:e9:77:0b:ec]
RSSI: -81 [da:09:e9:77:0b:ec]
RSSI: -76 [da:09:e9:83:0c:1c]
RSSI: -80 [da:09:e9:83:0c:1c]
RSSI: -83 [da:09:e9:91:0c:3c]
RSSI: -78 [da:09:e9:91:0c:3c]
RSSI: -79 [da:09:e9:9e:0c:6c]
RSSI: -89 [da:09:e9:9e:0c:6c]
RSSI: -82 [da:09:e9:ab:0c:8c]
RSSI: -78 [da:09:e9:ab:0c:8c]
RSSI: -88 [da:09:e9:b8:0c:bc]
RSSI: -84 [da:09:e9:c6:0c:ec]
RSSI: -78 [da:09:e9:d2:0d:0c]
RSSI: -93 [da:51:1e:34:14:da]
RSSI: -87 [da:09:e9:ed:0d:5c]
RSSI: -77 [da:09:e9:fa:0d:8c]
RSSI: -83 [da:09:ea:08:0d:ac]
RSSI: -90 [da:51:1e:5d:15:4a]
RSSI: -87 [da:09:ea:15:0d:dc]
RSSI: -81 [da:09:ea:15:0d:dc]
RSSI: -91 [da:51:1e:6a:15:7a]
RSSI: -76 [da:09:ea:2f:0e:2c]
RSSI: -74 [da:09:ea:2f:0e:2c]
RSSI: -77 [da:09:ea:3d:0e:5c]
RSSI: -71 [da:09:ea:3d:0e:5c]
RSSI: -74 [da:09:ea:49:0e:7c]
RSSI: -70 [da:09:ea:57:0e:ac]
RSSI: -70 [da:09:ea:57:0e:ac]
RSSI: -75 [da:09:ea:65:0e:dc]
RSSI: -70 [da:09:ea:65:0e:dc]
RSSI: -76 [da:09:ea:71:0e:fc]
RSSI: -95 [da:51:1e:bb:00:2a]
RSSI: -73 [da:09:ea:7f:0f:2c]
RSSI: -76 [da:09:ea:8c:0f:4c]
RSSI: -88 [da:51:1e:d7:00:6a]
RSSI: -72 [da:09:ea:8c:0f:4c]
RSSI: -71 [da:09:ea:a6:0f:9c]
RSSI: -70 [da:09:ea:b4:0f:cc]
RSSI: -74 [da:09:ea:c1:0f:ec]
RSSI: -72 [da:09:ea:c1:0f:ec]
RSSI: -71 [da:09:ea:ce:10:1c]
RSSI: -76 [da:09:ea:ce:10:1c]
RSSI: -77 [da:09:ea:dc:10:4c]
RSSI: -77 [da:09:ea:e8:10:6c]
RSSI: -77 [da:09:ea:e8:10:6c]
RSSI: -77 [da:09:ea:f6:10:9c]
RSSI: -75 [da:09:ea:f6:10:9c]
RSSI: -76 [da:09:eb:03:10:bc]
RSSI: -76 [da:09:eb:03:10:bc]
RSSI: -76 [da:09:eb:10:10:ec]
RSSI: -77 [da:09:eb:10:10:ec]
RSSI: -79 [da:09:eb:1e:11:1c]
RSSI: -89 [da:51:1f:6c:02:1a]
RSSI: -81 [da:09:eb:2b:11:3c]
RSSI: -79 [da:09:eb:2b:11:3c]
RSSI: -81 [da:09:eb:38:11:6c]
RSSI: -87 [da:09:eb:53:11:bc]
RSSI: -85 [da:09:eb:60:11:dc]
RSSI: -86 [da:09:eb:6d:12:0c]
RSSI: -90 [da:51:1f:bd:02:fa]
RSSI: -82 [da:09:eb:6d:12:0c]
RSSI: -78 [da:09:eb:7b:12:2c]
RSSI: -78 [da:09:eb:88:12:4c]
RSSI: -92 [da:51:1f:d8:03:4a]
RSSI: -78 [da:09:eb:95:12:7c]
RSSI: -77 [da:09:eb:a3:12:9c]
RSSI: -78 [da:09:eb:a3:12:9c]
RSSI: -89 [da:51:1f:f4:03:9a]
RSSI: -77 [da:09:eb:af:12:cc]
RSSI: -79 [da:09:eb:af:12:cc]
RSSI: -76 [da:09:eb:bd:12:ec]
RSSI: -75 [da:09:eb:bd:12:ec]
RSSI: -88 [da:51:20:0f:03:da]
RSSI: -74 [da:09:eb:cb:13:1c]
RSSI: -91 [da:51:20:1d:04:0a]
RSSI: -74 [da:09:eb:d7:13:3c]
RSSI: -77 [da:09:eb:d7:13:3c]
RSSI: -75 [da:09:eb:e5:13:6c]
RSSI: -75 [da:09:eb:e5:13:6c]
RSSI: -86 [da:51:20:37:04:4a]
RSSI: -76 [da:09:eb:f2:13:8c]
RSSI: -89 [da:51:20:45:04:7a]
RSSI: -81 [da:09:eb:ff:13:bc]
RSSI: -76 [da:09:ec:0d:13:dc]
RSSI: -73 [da:09:ec:1a:14:0c]
RSSI: -76 [da:09:ec:27:14:2c]
RSSI: -73 [da:09:ec:35:14:5c]
RSSI: -73 [da:09:ec:42:14:8c]
RSSI: -85 [da:51:20:90:05:4a]
RSSI: -74 [da:09:ec:42:14:8c]
RSSI: -83 [da:51:20:90:05:4a]
RSSI: -86 [da:51:20:90:05:4a]
RSSI: -73 [da:09:ec:4f:14:ac]
RSSI: -77 [da:09:ec:4f:14:ac]
RSSI: -82 [da:51:20:9e:05:7a]
RSSI: -78 [da:09:ec:5d:14:dc]
RSSI: -73 [da:09:ec:5d:14:dc]
RSSI: -87 [da:51:20:ab:05:9a]
RSSI: -82 [da:09:ec:6a:14:fc]
RSSI: -82 [da:51:20:ab:05:9a]
RSSI: -82 [da:09:ec:6a:14:fc]
RSSI: -86 [da:09:ec:6a:14:fc]
RSSI: -87 [da:51:20:b9:05:ba]
RSSI: -77 [da:09:ec:77:15:2c]
RSSI: -78 [da:09:ec:77:15:2c]
RSSI: -81 [da:51:20:c7:05:ea]
RSSI: -77 [da:09:ec:77:15:2c]
RSSI: -83 [da:51:20:c7:05:ea]
RSSI: -76 [da:09:ec:84:15:4c]
RSSI: -87 [da:09:ec:84:15:4c]
RSSI: -88 [da:09:ec:84:15:4c]
RSSI: -71 [da:09:ec:92:15:7c]
RSSI: -69 [da:09:ec:92:15:7c]
RSSI: -68 [da:09:ec:9f:15:9c]
RSSI: -84 [da:51:20:f0:06:5a]
RSSI: -69 [da:09:ec:ac:15:cc]
RSSI: -84 [da:51:20:fd:06:7a]
RSSI: -63 [da:09:ec:ba:15:ec]
RSSI: -89 [da:51:20:fd:06:7a]
RSSI: -63 [da:09:ec:c7:16:0c]
RSSI: -88 [da:51:21:0b:06:aa]
RSSI: -62 [da:09:ec:c7:16:0c]
RSSI: -63 [da:09:ec:d4:16:3c]
RSSI: -62 [da:09:ec:d4:16:3c]
RSSI: -60 [da:09:ec:e2:16:6c]
RSSI: -61 [da:09:ec:ef:00:0c]
RSSI: -59 [da:09:ec:ef:00:0c]
RSSI: -61 [da:09:ec:fc:00:2c]
RSSI: -60 [da:09:ec:fc:00:2c]
RSSI: -59 [da:09:ed:0a:00:5c]
RSSI: -61 [da:09:ed:0a:00:5c]
RSSI: -60 [da:09:ed:16:00:7c]
RSSI: -59 [da:09:ed:16:00:7c]
RSSI: -91 [da:4f:3d:58:00:0b]
RSSI: -61 [da:09:ed:24:00:ac]
RSSI: -60 [da:09:ed:32:00:cc]
RSSI: -62 [da:09:ed:3e:00:fc]
RSSI: -61 [da:09:ed:3e:00:fc]
RSSI: -63 [da:09:ed:4c:01:1c]
RSSI: -65 [da:09:ed:5a:01:4c]
RSSI: -90 [da:4f:3d:90:00:ab]
RSSI: -65 [da:09:ed:66:01:6c]
RSSI: -68 [da:09:ed:74:01:9c]
RSSI: -68 [da:09:ed:74:01:9c]
RSSI: -92 [da:4f:3d:ae:01:0b]
RSSI: -72 [da:09:ed:82:01:cc]
RSSI: -73 [da:09:ed:82:01:cc]
RSSI: -72 [da:09:ed:82:01:cc]
RSSI: -74 [da:09:ed:8e:01:ec]
RSSI: -76 [da:09:ed:8e:01:ec]
RSSI: -82 [da:09:ed:8e:01:ec]
RSSI: -81 [da:09:ed:9c:02:1c]
RSSI: -84 [da:09:ed:9c:02:1c]
RSSI: -79 [da:09:ed:aa:02:3c]
RSSI: -83 [da:09:ed:aa:02:3c]
RSSI: -76 [da:09:ed:b7:02:6c]
RSSI: -73 [da:09:ed:b7:02:6c]
RSSI: -88 [da:4f:3d:f5:01:db]
RSSI: -76 [da:09:ed:c4:02:8c]
RSSI: -87 [da:4f:3d:f5:01:db]
RSSI: -72 [da:09:ed:c4:02:8c]
RSSI: -86 [da:4f:3d:f5:01:db]
RSSI: -83 [da:4f:3e:05:02:0b]
RSSI: -74 [da:09:ed:d2:02:bc]
RSSI: -87 [da:4f:3e:05:02:0b]
RSSI: -83 [da:4f:3e:11:02:2b]
RSSI: -73 [da:09:ed:ec:03:0c]
RSSI: -84 [da:4f:3e:21:02:5b]
RSSI: -75 [da:09:ed:fa:03:2c]
RSSI: -84 [da:4f:3e:30:02:8b]
RSSI: -76 [da:09:ee:07:03:5c]
RSSI: -82 [da:4f:3e:3d:02:bb]
RSSI: -87 [da:4f:3e:3d:02:bb]
RSSI: -80 [da:09:ee:14:03:7c]
RSSI: -81 [da:4f:3e:4c:02:db]
RSSI: -80 [da:09:ee:22:03:ac]
RSSI: -84 [da:4f:3e:5b:03:0b]
RSSI: -80 [da:09:ee:22:03:ac]
RSSI: -74 [da:09:ee:2f:03:cc]
RSSI: -78 [da:09:ee:2f:03:cc]
RSSI: -86 [da:4f:3e:68:03:3b]
RSSI: -77 [da:09:ee:3d:03:fc]
RSSI: -83 [da:4f:3e:68:03:3b]
RSSI: -75 [da:09:ee:3d:03:fc]
RSSI: -78 [da:09:ee:4a:04:1c]
RSSI: -78 [da:09:ee:4a:04:1c]
RSSI: -82 [da:4f:3e:87:03:8b]
RSSI: -81 [da:09:ee:57:04:4c]
RSSI: -80 [da:09:ee:57:04:4c]
RSSI: -85 [da:4f:3e:93:03:bb]
RSSI: -79 [da:09:ee:65:04:6c]
RSSI: -79 [da:09:ee:65:04:6c]
RSSI: -83 [da:09:ee:72:04:9c]
RSSI: -82 [da:09:ee:72:04:9c]
RSSI: -86 [da:4f:3e:a3:03:eb]
RSSI: -84 [da:4f:3e:b2:04:1b]
RSSI: -86 [da:4f:3e:be:04:3b]
RSSI: -81 [da:09:ee:8d:04:ec]
RSSI: -81 [da:09:ee:9a:05:1c]
RSSI: -80 [da:09:ee:a7:05:3c]
RSSI: -80 [da:09:ee:a7:05:3c]
RSSI: -85 [da:09:ee:b5:05:6c]
RSSI: -81 [da:09:ee:b5:05:6c]
RSSI: -79 [da:09:ee:c3:05:8c]
RSSI: -78 [da:09:ee:c3:05:8c]
RSSI: -79 [da:09:ee:c3:05:8c]
RSSI: -80 [da:09:ee:cf:05:bc]
RSSI: -78 [da:09:ee:cf:05:bc]
RSSI: -78 [da:09:ee:cf:05:bc]
RSSI: -79 [da:09:ee:dd:05:dc]
RSSI: -79 [da:09:ee:dd:05:dc]
RSSI: -79 [da:09:ee:eb:06:0c]
RSSI: -79 [da:09:ee:eb:06:0c]
RSSI: -80 [da:09:ee:f8:06:2c]
RSSI: -82 [da:09:ee:f8:06:2c]
RSSI: -83 [da:09:ef:05:06:5c]
RSSI: -81 [da:09:ef:13:06:8c]
RSSI: -95 [da:4f:3f:5f:06:1b]
RSSI: -79 [da:09:ef:2e:06:dc]
RSSI: -83 [da:09:ef:2e:06:dc]
RSSI: -86 [da:09:ef:3b:06:fc]
RSSI: -95 [da:4f:3f:6c:06:4b]
RSSI: -85 [da:09:ef:48:07:2c]
RSSI: -85 [da:09:ef:48:07:2c]
RSSI: -78 [da:09:ef:56:07:5c]
RSSI: -78 [da:09:ef:56:07:5c]
RSSI: -85 [da:09:ef:56:07:5c]
RSSI: -87 [da:09:ef:56:07:5c]
RSSI: -80 [da:09:ef:64:07:7c]
RSSI: -81 [da:09:ef:70:07:ac]
RSSI: -92 [da:4f:3f:a7:06:fb]
RSSI: -79 [da:09:ef:7e:07:cc]
RSSI: -83 [da:09:ef:7e:07:cc]
RSSI: -82 [da:09:ef:98:08:2c]
RSSI: -94 [da:51:23:df:0e:ba]
RSSI: -81 [da:09:ef:a6:08:4c]
RSSI: -81 [da:09:ef:b4:08:7c]
RSSI: -83 [da:09:ef:b4:08:7c]
RSSI: -93 [da:4f:3f:ee:07:cb]
RSSI: -83 [da:09:ef:c1:08:9c]
RSSI: -79 [da:09:ef:cf:08:cc]
RSSI: -80 [da:09:ef:cf:08:cc]
RSSI: -80 [da:09:ef:dc:08:fc]
RSSI: -79 [da:09:ef:dc:08:fc]
RSSI: -83 [da:09:ef:e9:09:1c]
RSSI: -80 [da:09:ef:e9:09:1c]
RSSI: -80 [da:09:ef:f7:09:4c]
RSSI: -82 [da:09:ef:f7:09:4c]
RSSI: -83 [da:09:f0:05:09:7c]
RSSI: -81 [da:09:f0:05:09:7c]
RSSI: -86 [da:09:f0:11:09:9c]
RSSI: -82 [da:09:f0:1f:09:cc]
RSSI: -83 [da:09:f0:39:0a:1c]
RSSI: -84 [da:09:f0:39:0a:1c]
RSSI: -76 [da:09:f0:47:0a:4c]
RSSI: -80 [da:09:f0:55:0a:6c]
RSSI: -93 [da:4f:40:9c:09:db]
RSSI: -78 [da:09:f0:62:0a:9c]
RSSI: -75 [da:09:f0:70:0a:bc]
RSSI: -92 [da:09:f0:70:0a:bc]
RSSI: -76 [da:09:f0:7d:0a:ec]
RSSI: -74 [da:09:f0:7d:0a:ec]
RSSI: -85 [da:09:f0:8a:0b:0c]
RSSI: -76 [da:09:f0:8a:0b:0c]
RSSI: -83 [da:09:f0:98:0b:3c]
RSSI: -75 [da:09:f0:a6:0b:6c]
RSSI: -74 [da:09:f0:b2:0b:8c]
RSSI: -95 [da:4f:40:f3:0a:db]
RSSI: -74 [da:09:f0:c0:0b:bc]
RSSI: -74 [da:09:f0:db:0c:0c]
RSSI: -75 [da:09:f0:db:0c:0c]
RSSI: -82 [da:09:f0:e9:0c:3c]
RSSI: -83 [da:09:f0:e9:0c:3c]
RSSI: -76 [da:09:f0:e9:0c:3c]
RSSI: -76 [da:09:f0:f7:0c:6c]
RSSI: -87 [da:09:f0:f7:0c:6c]
RSSI: -78 [da:09:f1:03:0c:8c]
RSSI: -75 [da:09:f1:03:0c:8c]
RSSI: -80 [da:09:f1:11:0c:bc]
RSSI: -75 [da:09:f1:2c:0d:0c]
RSSI: -97 [da:4f:41:6f:0c:5b]
RSSI: -80 [da:09:f1:3a:0d:3c]
RSSI: -76 [da:09:f1:54:0d:8c]
RSSI: -79 [da:09:f1:62:0d:ac]
RSSI: -77 [da:09:f1:62:0d:ac]
RSSI: -79 [da:09:f1:70:0d:dc]
RSSI: -76 [da:09:f1:70:0d:dc]
RSSI: -76 [da:09:f1:7c:0e:0c]
RSSI: -76 [da:09:f1:7c:0e:0c]
RSSI: -75 [da:09:f1:8a:0e:2c]
RSSI: -73 [da:09:f1:8a:0e:2c]
RSSI: -75 [da:09:f1:98:0e:5c]
RSSI: -74 [da:09:f1:98:0e:5c]
RSSI: -75 [da:09:f1:a5:0e:7c]
RSSI: -73 [da:09:f1:b3:0e:ac]
RSSI: -73 [da:09:f1:c1:0e:dc]
RSSI: -75 [da:09:f1:cd:0e:fc]
RSSI: -73 [da:09:f1:cd:0e:fc]
RSSI: -75 [da:09:f1:db:0f:2c]
RSSI: -74 [da:09:f1:db:0f:2c]
RSSI: -73 [da:09:f1:e9:0f:5c]
RSSI: -73 [da:09:f1:e9:0f:5c]
RSSI: -73 [da:09:f1:f6:0f:7c]
RSSI: -72 [da:09:f1:f6:0f:7c]
RSSI: -72 [da:09:f1:f6:0f:7c]
RSSI: -73 [da:09:f2:04:0f:ac]
RSSI: -72 [da:09:f2:12:0f:dc]
RSSI: -73 [da:09:f2:12:0f:dc]
RSSI: -74 [da:09:f2:1f:0f:fc]
RSSI: -73 [da:09:f2:1f:0f:fc]
RSSI: -73 [da:09:f2:1f:0f:fc]
RSSI: -75 [da:09:f2:2d:10:2c]
RSSI: -75 [da:09:f2:2d:10:2c]
RSSI: -76 [da:09:f2:2d:10:2c]
RSSI: -77 [da:09:f2:3a:10:5c]
RSSI: -76 [da:09:f2:47:10:7c]
RSSI: -75 [da:09:f2:55:10:ac]
RSSI: -76 [da:09:f2:55:10:ac]
RSSI: -76 [da:09:f2:63:10:cc]
RSSI: -75 [da:09:f2:63:10:cc]
RSSI: -77 [da:09:f2:70:10:fc]
RSSI: -78 [da:09:f2:70:10:fc]
RSSI: -78 [da:09:f2:7e:11:1c]
RSSI: -80 [da:09:f2:7e:11:1c]
RSSI: -82 [da:09:f2:8b:11:4c]
RSSI: -85 [da:09:f2:a6:11:9c]
RSSI: -86 [da:09:f2:b4:11:bc]
RSSI: -85 [da:09:f2:b4:11:bc]
RSSI: -94 [da:4f:42:f9:10:eb]
RSSI: -85 [da:09:f2:cf:12:0c]
RSSI: -93 [da:4f:43:05:11:1b]
RSSI: -84 [da:09:f2:dd:12:3c]
RSSI: -84 [da:09:f2:dd:12:3c]
RSSI: -80 [da:09:f2:e9:12:5c]
RSSI: -82 [da:09:f2:e9:12:5c]
RSSI: -82 [da:09:f2:f7:12:8c]
RSSI: -80 [da:09:f2:f7:12:8c]
RSSI: -80 [da:09:f2:f7:12:8c]
RSSI: -81 [da:09:f3:05:12:bc]
RSSI: -82 [da:09:f3:05:12:bc]
RSSI: -79 [da:09:f3:12:12:dc]
RSSI: -81 [da:09:f3:20:13:0c]
RSSI: -76 [da:09:f3:2e:13:2c]
RSSI: -77 [da:09:f3:3a:13:5c]
RSSI: -77 [da:09:f3:3a:13:5c]
RSSI: -77 [da:09:f3:49:13:8c]
RSSI: -78 [da:09:f3:57:13:ac]
RSSI: -85 [da:09:f3:57:13:ac]
RSSI: -77 [da:09:f3:63:13:dc]
RSSI: -78 [da:09:f3:63:13:dc]
RSSI: -76 [da:09:f3:71:13:fc]
RSSI: -81 [da:09:f3:7f:14:2c]
RSSI: -80 [da:09:f3:7f:14:2c]
RSSI: -78 [da:09:f3:8c:14:4c]
RSSI: -93 [da:4f:43:c4:13:4b]
RSSI: -77 [da:09:f3:9a:14:7c]
RSSI: -81 [da:09:f3:9a:14:7c]
RSSI: -93 [da:4f:43:d3:13:7b]
RSSI: -76 [da:09:f3:a8:14:ac]
RSSI: -90 [da:09:f3:b4:14:cc]
RSSI: -77 [da:09:f3:b4:14:cc]
RSSI: -81 [da:09:f3:c3:14:fc]
RSSI: -79 [da:09:f3:d1:15:1c]
RSSI: -78 [da:09:f3:d1:15:1c]
RSSI: -82 [da:09:f3:dd:15:4c]
RSSI: -85 [da:09:f3:dd:15:4c]
RSSI: -74 [da:09:f3:eb:15:6c]
RSSI: -75 [da:09:f3:eb:15:6c]
RSSI: -71 [da:09:f3:f9:15:9c]
RSSI: -70 [da:09:f4:06:15:bc]
RSSI: -68 [da:09:f4:14:15:ec]
RSSI: -67 [da:09:f4:22:16:0c]
RSSI: -66 [da:09:f4:22:16:0c]
RSSI: -65 [da:09:f4:2f:16:3c]
RSSI: -66 [da:09:f4:2f:16:3c]
RSSI: -64 [da:09:f4:3d:16:5c]
RSSI: -64 [da:09:f4:3d:16:5c]
RSSI: -65 [da:09:f4:4b:00:0c]
RSSI: -63 [da:09:f4:4b:00:0c]
RSSI: -63 [da:09:f4:65:00:5c]
RSSI: -62 [da:09:f4:73:00:7c]
RSSI: -63 [da:09:f4:73:00:7c]
RSSI: -64 [da:09:f4:73:00:7c]
RSSI: -62 [da:09:f4:85:00:bc]
RSSI: -62 [da:09:f4:85:00:bc]
RSSI: -66 [da:09:f4:96:00:ec]
RSSI: -66 [da:09:f4:96:00:ec]
RSSI: -63 [da:09:f4:96:00:ec]
RSSI: -63 [da:09:f4:96:00:ec]
RSSI: -65 [da:09:f4:a4:01:0c]
RSSI: -67 [da:09:f4:a4:01:0c]
RSSI: -64 [da:09:f4:b0:01:3c]
RSSI: -67 [da:09:f4:b0:01:3c]
RSSI: -69 [da:09:f4:be:01:5c]
RSSI: -67 [da:09:f4:be:01:5c]
RSSI: -71 [da:09:f4:cc:01:8c]
RSSI: -73 [da:09:f4:d9:01:ac]
RSSI: -78 [da:09:f4:e7:01:dc]
RSSI: -85 [da:09:f4:f5:02:0c]
RSSI: -92 [da:4f:45:23:00:db]
RSSI: -86 [da:09:f4:f5:02:0c]
RSSI: -80 [da:09:f5:02:02:2c]
RSSI: -82 [da:09:f5:02:02:2c]
RSSI: -75 [da:09:f5:10:02:5c]
RSSI: -73 [da:09:f5:10:02:5c]
RSSI: -73 [da:09:f5:1e:02:8c]
RSSI: -92 [da:4f:45:4f:01:5b]
RSSI: -91 [da:4f:45:5e:01:8b]
RSSI: -73 [da:09:f5:2b:02:ac]
RSSI: -72 [da:09:f5:39:02:dc]
RSSI: -73 [da:09:f5:47:02:fc]
RSSI: -91 [da:4f:45:7b:01:db]
RSSI: -75 [da:09:f5:53:03:2c]
RSSI: -75 [da:09:f5:53:03:2c]
RSSI: -91 [da:4f:45:8a:02:0b]
RSSI: -76 [da:09:f5:62:03:4c]
RSSI: -90 [da:4f:45:97:02:3b]
RSSI: -77 [da:09:f5:62:03:4c]
RSSI: -79 [da:09:f5:70:03:7c]
RSSI: -79 [da:09:f5:70:03:7c]
RSSI: -75 [da:09:f5:70:03:7c]
RSSI: -85 [da:4f:45:a7:02:5b]
RSSI: -78 [da:09:f5:7c:03:ac]
RSSI: -78 [da:09:f5:7c:03:ac]
RSSI: -77 [da:09:f5:8a:03:cc]
RSSI: -76 [da:09:f5:98:03:fc]
RSSI: -74 [da:09:f5:98:03:fc]
RSSI: -76 [da:09:f5:a5:04:1c]
RSSI: -85 [da:4f:45:e2:03:1b]
RSSI: -80 [da:09:f5:b3:04:4c]
RSSI: -78 [da:09:f5:b3:04:4c]
RSSI: -87 [da:4f:45:ef:03:3b]
RSSI: -81 [da:09:f5:ce:04:9c]
RSSI: -81 [da:09:f5:ce:04:9c]
RSSI: -80 [da:09:f5:ce:04:9c]
RSSI: -81 [da:09:f5:dc:04:cc]
RSSI: -82 [da:09:f5:dc:04:cc]
RSSI: -83 [da:09:f5:ea:04:fc]
RSSI: -80 [da:09:f5:ea:04:fc]
RSSI: -79 [da:09:f5:f7:05:1c]
RSSI: -90 [da:4f:46:2b:03:eb]
RSSI: -85 [da:09:f5:f7:05:1c]
RSSI: -90 [da:4f:46:2b:03:eb]
RSSI: -77 [da:09:f6:05:05:4c]
RSSI: -77 [da:09:f6:05:05:4c]
RSSI: -78 [da:09:f6:13:05:6c]
RSSI: -79 [da:09:f6:20:05:9c]
RSSI: -76 [da:09:f6:2e:05:cc]
RSSI: -76 [da:09:f6:2e:05:cc]
RSSI: -80 [da:09:f6:3c:05:ec]
RSSI: -76 [da:09:f6:3c:05:ec]
RSSI: -79 [da:09:f6:49:06:1c]
RSSI: -81 [da:09:f6:49:06:1c]
RSSI: -79 [da:09:f6:57:06:4c]
RSSI: -81 [da:09:f6:57:06:4c]
RSSI: -82 [da:09:f6:65:06:6c]
RSSI: -81 [da:09:f6:65:06:6c]
RSSI: -81 [da:09:f6:72:06:9c]
RSSI: -85 [da:09:f6:80:06:bc]
RSSI: -87 [da:09:f6:8e:06:ec]
RSSI: -77 [da:09:f6:9b:07:1c]
RSSI: -86 [da:09:f6:a9:07:3c]
RSSI: -77 [da:09:f6:a9:07:3c]
RSSI: -84 [da:09:f6:b7:07:6c]
RSSI: -79 [da:09:f6:c4:07:9c]
RSSI: -92 [da:4f:46:f7:06:5b]
RSSI: -79 [da:09:f6:d2:07:bc]
RSSI: -81 [da:09:f6:e0:07:ec]
RSSI: -92 [da:4f:47:17:06:bb]
RSSI: -81 [da:09:f6:ed:08:1c]
RSSI: -81 [da:09:f6:fb:08:3c]
RSSI: -80 [da:09:f6:fb:08:3c]
RSSI: -81 [da:09:f7:16:08:9c]
RSSI: -83 [da:09:f7:24:08:bc]
RSSI: -79 [da:09:f7:24:08:bc]
RSSI: -91 [da:51:2b:74:0e:1a]
RSSI: -80 [da:09:f7:32:08:ec]
RSSI: -84 [da:09:f7:3f:09:0c]
RSSI: -91 [da:4f:47:7c:07:eb]
RSSI: -80 [da:09:f7:4d:09:3c]
RSSI: -82 [da:09:f7:5b:09:6c]
RSSI: -91 [da:4f:47:8b:08:1b]
RSSI: -83 [da:09:f7:5b:09:6c]
RSSI: -82 [da:09:f7:68:09:8c]
RSSI: -86 [da:09:f7:68:09:8c]
RSSI: -89 [da:09:f7:76:09:bc]
RSSI: -81 [da:09:f7:76:09:bc]
RSSI: -95 [da:51:2b:d4:0f:2a]
RSSI: -83 [da:09:f7:91:0a:0c]
RSSI: -77 [da:09:f7:9f:0a:3c]
RSSI: -82 [da:09:f7:ad:0a:6c]
RSSI: -92 [da:4f:47:e4:09:2b]
RSSI: -79 [da:09:f7:ba:0a:8c]
RSSI: -93 [da:4f:47:f4:09:5b]
RSSI: -75 [da:09:f7:c8:0a:bc]
RSSI: -76 [da:09:f7:d6:0a:ec]
RSSI: -91 [da:4f:48:00:09:7b]
RSSI: -74 [da:09:f7:d6:0a:ec]
RSSI: -84 [da:09:f7:e3:0b:0c]
RSSI: -74 [da:09:f7:e3:0b:0c]
RSSI: -81 [da:09:f7:f1:0b:3c]
RSSI: -75 [da:09:f7:ff:0b:6c]
RSSI: -75 [da:09:f7:ff:0b:6c]
RSSI: -72 [da:09:f8:0c:0b:8c]
RSSI: -80 [da:09:f8:1a:0b:bc]
RSSI: -72 [da:09:f8:1a:0b:bc]
RSSI: -75 [da:09:f8:28:0b:ec]
RSSI: -92 [da:4f:48:59:0a:8b]
RSSI: -82 [da:09:f8:28:0b:ec]
RSSI: -73 [da:09:f8:35:0c:0c]
RSSI: -76 [da:09:f8:35:0c:0c]
RSSI: -84 [da:09:f8:43:0c:3c]
RSSI: -74 [da:09:f8:43:0c:3c]
RSSI: -85 [da:09:f8:52:0c:6c]
RSSI: -85 [da:09:f8:52:0c:6c]
RSSI: -73 [da:09:f8:5e:0c:8c]
RSSI: -79 [da:09:f8:6c:0c:bc]
RSSI: -94 [da:4f:48:b1:0b:8b]
RSSI: -89 [da:09:f8:7b:0c:ec]
RSSI: -81 [da:09:f8:7b:0c:ec]
RSSI: -73 [da:09:f8:87:0d:0c]
RSSI: -81 [da:09:f8:96:0d:3c]
RSSI: -75 [da:09:f8:96:0d:3c]
RSSI: -81 [da:09:f8:a4:0d:6c]
RSSI: -81 [da:09:f8:a4:0d:6c]
RSSI: -85 [da:09:f8:b0:0d:8c]
RSSI: -77 [da:09:f8:bf:0d:bc]
RSSI: -77 [da:09:f8:cd:0d:ec]
RSSI: -76 [da:09:f8:da:0e:0c]
RSSI: -75 [da:09:f8:da:0e:0c]
RSSI: -73 [da:09:f8:e8:0e:3c]
RSSI: -74 [da:09:f8:e8:0e:3c]
RSSI: -73 [da:09:f8:f6:0e:6c]
RSSI: -72 [da:09:f8:f6:0e:6c]
RSSI: -74 [da:09:f9:03:0e:8c]
RSSI: -74 [da:09:f9:11:0e:bc]
RSSI: -72 [da:09:f9:1f:0e:ec]
RSSI: -72 [da:09:f9:2c:0f:0c]
RSSI: -74 [da:09:f9:3a:0f:3c]
RSSI: -72 [da:09:f9:3a:0f:3c]
RSSI: -75 [da:09:f9:49:0f:6c]
RSSI: -73 [da:09:f9:49:0f:6c]
RSSI: -71 [da:09:f9:55:0f:8c]
RSSI: -73 [da:09:f9:55:0f:8c]
RSSI: -73 [da:09:f9:64:0f:bc]
RSSI: -70 [da:09:f9:64:0f:bc]
RSSI: -73 [da:09:f9:72:0f:ec]
RSSI: -73 [da:09:f9:7e:10:0c]
RSSI: -75 [da:09:f9:8d:10:3c]
RSSI: -76 [da:09:f9:9b:10:6c]
RSSI: -76 [da:09:f9:9b:10:6c]
RSSI: -77 [da:09:f9:a8:10:8c]
RSSI: -76 [da:09:f9:a8:10:8c]
RSSI: -76 [da:09:f9:b6:10:bc]
RSSI: -76 [da:09:f9:b6:10:bc]
RSSI: -75 [da:09:f9:c4:10:ec]
RSSI: -76 [da:09:f9:c4:10:ec]
RSSI: -79 [da:09:f9:d1:11:0c]
RSSI: -95 [da:51:2e:21:15:9a]
RSSI: -84 [da:09:f9:df:11:3c]
RSSI: -95 [da:51:2e:35:15:da]
RSSI: -87 [da:09:f9:fa:11:8c]
RSSI: -84 [da:09:fa:17:11:dc]
RSSI: -95 [da:51:2e:7c:00:4a]
RSSI: -81 [da:09:fa:32:12:2c]
RSSI: -78 [da:09:fa:40:12:5c]
RSSI: -80 [da:09:fa:4d:12:7c]
RSSI: -78 [da:09:fa:5b:12:ac]
RSSI: -79 [da:09:fa:5b:12:ac]
RSSI: -80 [da:09:fa:5b:12:ac]
RSSI: -80 [da:09:fa:6a:12:dc]
RSSI: -91 [da:51:2e:b6:00:ea]
RSSI: -77 [da:09:fa:6a:12:dc]
RSSI: -77 [da:09:fa:76:12:fc]
RSSI: -79 [da:09:fa:76:12:fc]
RSSI: -75 [da:09:fa:85:13:2c]
RSSI: -75 [da:09:fa:85:13:2c]
RSSI: -93 [da:51:2e:e0:01:5a]
RSSI: -82 [da:09:fa:a0:13:7c]
RSSI: -78 [da:09:fa:ae:13:ac]
RSSI: -83 [da:09:fa:ae:13:ac]
RSSI: -76 [da:09:fa:bc:13:cc]
RSSI: -76 [da:09:fa:bc:13:cc]
RSSI: -81 [da:09:fa:c9:13:fc]
RSSI: -75 [da:09:fa:c9:13:fc]
RSSI: -94 [da:4f:4b:02:12:8b]
RSSI: -79 [da:09:fa:d7:14:1c]
RSSI: -74 [da:09:fa:e6:14:4c]
RSSI: -75 [da:09:fa:e6:14:4c]
RSSI: -75 [da:09:fa:f2:14:6c]
RSSI: -76 [da:09:fa:f2:14:6c]
RSSI: -76 [da:09:fa:f2:14:6c]
RSSI: -78 [da:09:fb:01:14:9c]
RSSI: -91 [da:51:2f:5f:02:ca]
RSSI: -82 [da:09:fb:1c:14:ec]
RSSI: -84 [da:09:fb:1c:14:ec]
RSSI: -79 [da:09:fb:2a:15:1c]
RSSI: -84 [da:09:fb:39:15:4c]
RSSI: -83 [da:09:fb:39:15:4c]
RSSI: -73 [da:09:fb:45:15:6c]
RSSI: -71 [da:09:fb:54:15:9c]
RSSI: -70 [da:09:fb:54:15:9c]
RSSI: -72 [da:09:fb:62:15:cc]
RSSI: -69 [da:09:fb:62:15:cc]
RSSI: -67 [da:09:fb:6f:15:ec]
RSSI: -69 [da:09:fb:6f:15:ec]
RSSI: -67 [da:09:fb:7d:16:1c]
RSSI: -65 [da:09:fb:7d:16:1c]
RSSI: -67 [da:09:fb:8b:16:4c]
RSSI: -66 [da:09:fb:98:16:6c]
RSSI: -63 [da:09:fb:a7:00:2c]
RSSI: -65 [da:09:fb:b5:00:5c]
RSSI: -63 [da:09:fb:b5:00:5c]
RSSI: -65 [da:09:fb:c2:00:7c]
RSSI: -65 [da:09:fb:c2:00:7c]
RSSI: -63 [da:09:fb:d0:00:ac]
RSSI: -66 [da:09:fb:d0:00:ac]
RSSI: -66 [da:09:fb:de:00:dc]
RSSI: -64 [da:09:fb:de:00:dc]
RSSI: -89 [da:51:30:33:05:1a]
RSSI: -67 [da:09:fb:eb:00:fc]
RSSI: -67 [da:09:fb:fa:01:2c]
RSSI: -89 [da:51:30:41:05:3a]
RSSI: -67 [da:09:fb:fa:01:2c]
RSSI: -87 [da:51:30:4e:05:6a]
RSSI: -66 [da:09:fc:08:01:5c]
RSSI: -83 [da:51:30:5d:05:8a]
RSSI: -70 [da:09:fc:15:01:7c]
RSSI: -85 [da:51:30:5d:05:8a]
RSSI: -85 [da:51:30:6c:05:ba]
RSSI: -72 [da:09:fc:23:01:ac]
RSSI: -82 [da:51:30:6c:05:ba]
RSSI: -74 [da:09:fc:32:01:cc]
RSSI: -81 [da:09:fc:3e:01:fc]
RSSI: -82 [da:51:30:87:06:0a]
RSSI: -93 [da:4f:4c:77:00:5b]
RSSI: -83 [da:09:fc:3e:01:fc]
RSSI: -81 [da:51:30:96:06:3a]
RSSI: -84 [da:09:fc:4d:02:2c]
RSSI: -78 [da:09:fc:5b:02:4c]
RSSI: -82 [da:51:30:a3:06:5a]
RSSI: -77 [da:09:fc:5b:02:4c]
RSSI: -81 [da:51:30:a3:06:5a]
RSSI: -76 [da:09:fc:68:02:7c]
RSSI: -81 [da:51:30:b2:06:7a]
RSSI: -74 [da:09:fc:68:02:7c]
RSSI: -82 [da:51:30:b2:06:7a]
RSSI: -80 [da:51:30:c1:06:aa]
RSSI: -76 [da:09:fc:76:02:ac]
RSSI: -80 [da:51:30:c1:06:aa]
RSSI: -74 [da:09:fc:76:02:ac]
RSSI: -75 [da:09:fc:85:02:cc]
RSSI: -80 [da:51:30:cd:06:ca]
RSSI: -75 [da:09:fc:85:02:cc]
RSSI: -91 [da:4f:4c:c0:01:3b]
RSSI: -82 [da:51:30:dc:06:fa]
RSSI: -73 [da:09:fc:91:02:fc]
RSSI: -81 [da:51:30:dc:06:fa]
RSSI: -74 [da:09:fc:a0:03:2c]
RSSI: -89 [da:4f:4c:dd:01:9b]
RSSI: -91 [da:4f:4c:dd:01:9b]
RSSI: -75 [da:09:fc:ae:03:4c]
RSSI: -76 [da:09:fc:bb:03:7c]
RSSI: -89 [da:4f:4c:ed:01:bb]
RSSI: -80 [da:09:fc:bb:03:7c]
RSSI: -80 [da:09:fc:c9:03:ac]
RSSI: -83 [da:51:31:16:07:9a]
RSSI: -75 [da:09:fc:c9:03:ac]
RSSI: -88 [da:4f:4d:09:02:1b]
RSSI: -85 [da:4f:4d:09:02:1b]
RSSI: -83 [da:51:31:22:07:ca]
RSSI: -79 [da:09:fc:e5:03:fc]
RSSI: -85 [da:51:31:31:07:ea]
RSSI: -75 [da:09:fc:f3:04:1c]
RSSI: -75 [da:09:fc:f3:04:1c]
RSSI: -77 [da:09:fd:01:04:4c]
RSSI: -89 [da:51:31:4d:08:3a]
RSSI: -87 [da:4f:4d:36:02:9b]
RSSI: -80 [da:09:fd:0e:04:6c]
RSSI: -86 [da:4f:4d:46:02:cb]
RSSI: -81 [da:09:fd:0e:04:6c]
RSSI: -88 [da:4f:4d:56:02:fb]
RSSI: -84 [da:09:fd:2b:04:cc]
RSSI: -81 [da:09:fd:2b:04:cc]
RSSI: -87 [da:4f:4d:63:03:2b]
RSSI: -88 [da:4f:4d:63:03:2b]
RSSI: -81 [da:09:fd:38:04:ec]
RSSI: -81 [da:09:fd:38:04:ec]
RSSI: -90 [da:51:31:86:08:da]
RSSI: -88 [da:4f:4d:73:03:5b]
RSSI: -80 [da:09:fd:46:05:1c]
RSSI: -76 [da:09:fd:46:05:1c]
RSSI: -74 [da:09:fd:61:05:6c]
RSSI: -83 [da:09:fd:61:05:6c]
RSSI: -91 [da:51:31:b1:09:5a]
RSSI: -90 [da:4f:4d:9f:03:db]
RSSI: -80 [da:09:fd:70:05:9c]
RSSI: -74 [da:09:fd:70:05:9c]
RSSI: -79 [da:09:fd:7e:05:cc]
RSSI: -79 [da:09:fd:7e:05:cc]
RSSI: -80 [da:09:fd:8b:05:ec]
RSSI: -93 [da:4f:4d:cc:04:6b]
RSSI: -76 [da:09:fd:9a:06:1c]
RSSI: -80 [da:09:fd:a8:06:4c]
RSSI: -78 [da:09:fd:a8:06:4c]
RSSI: -80 [da:09:fd:b5:06:6c]
RSSI: -82 [da:09:fd:c3:06:9c]
RSSI: -86 [da:09:fd:c3:06:9c]
RSSI: -93 [da:51:32:15:0a:6a]
RSSI: -80 [da:09:fd:d2:06:cc]
RSSI: -85 [da:09:fd:d2:06:cc]
RSSI: -79 [da:09:fd:de:06:ec]
RSSI: -81 [da:09:fd:ed:07:1c]
RSSI: -80 [da:09:fd:ed:07:1c]
RSSI: -79 [da:09:fd:ed:07:1c]
RSSI: -81 [da:09:fd:fb:07:4c]
RSSI: -80 [da:09:fe:08:07:7c]
RSSI: -80 [da:09:fe:08:07:7c]
RSSI: -81 [da:09:fe:08:07:7c]
RSSI: -82 [da:09:fe:08:07:7c]
RSSI: -80 [da:09:fe:17:07:9c]
RSSI: -81 [da:09:fe:25:07:cc]
RSSI: -76 [da:09:fe:25:07:cc]
RSSI: -79 [da:09:fe:32:07:fc]
RSSI: -80 [da:09:fe:40:08:2c]
RSSI: -78 [da:09:fe:40:08:2c]
RSSI: -79 [da:09:fe:4f:08:4c]
RSSI: -83 [da:09:fe:4f:08:4c]
RSSI: -80 [da:09:fe:5b:08:7c]
RSSI: -86 [da:09:fe:6a:08:ac]
RSSI: -80 [da:09:fe:6a:08:ac]
RSSI: -84 [da:09:fe:79:08:dc]
RSSI: -79 [da:09:fe:94:09:2c]
RSSI: -79 [da:09:fe:94:09:2c]
RSSI: -82 [da:09:fe:a2:09:5c]
RSSI: -81 [da:09:fe:a2:09:5c]
RSSI: -80 [da:09:fe:af:09:7c]
RSSI: -86 [da:09:fe:af:09:7c]
RSSI: -83 [da:09:fe:be:09:ac]
RSSI: -92 [da:4f:4e:f6:07:eb]
RSSI: -91 [da:09:fe:cc:09:dc]
RSSI: -84 [da:09:fe:d9:09:fc]
RSSI: -79 [da:09:fe:e7:0a:2c]
RSSI: -86 [da:09:fe:f6:0a:5c]
RSSI: -85 [da:09:fe:f6:0a:5c]
RSSI: -77 [da:09:fe:f6:0a:5c]
RSSI: -80 [da:09:ff:03:0a:7c]
RSSI: -77 [da:09:ff:20:0a:dc]
RSSI: -96 [da:4f:4f:4f:08:fb]
RSSI: -93 [da:51:33:6b:0e:3a]
RSSI: -75 [da:09:ff:2c:0a:fc]
RSSI: -83 [da:09:ff:3b:0b:2c]
RSSI: -74 [da:09:ff:3b:0b:2c]
RSSI: -79 [da:09:ff:4a:0b:5c]
RSSI: -81 [da:09:ff:4a:0b:5c]
RSSI: -73 [da:09:ff:56:0b:8c]
RSSI: -73 [da:09:ff:65:0b:ac]
RSSI: -80 [da:09:ff:73:0b:dc]
RSSI: -77 [da:09:ff:80:0c:0c]
RSSI: -81 [da:09:ff:80:0c:0c]
RSSI: -73 [da:09:ff:8f:0c:3c]
RSSI: -77 [da:09:ff:8f:0c:3c]
RSSI: -83 [da:09:ff:9d:0c:5c]
RSSI: -83 [da:09:ff:9d:0c:5c]
RSSI: -74 [da:09:ff:9d:0c:5c]
RSSI: -74 [da:09:ff:9d:0c:5c]
RSSI: -85 [da:09:ff:aa:0c:8c]
RSSI: -76 [da:09:ff:b9:0c:bc]
RSSI: -80 [da:09:ff:c7:0c:ec]
RSSI: -94 [da:4f:50:03:0b:1b]
RSSI: -82 [da:09:ff:d4:0d:0c]
RSSI: -77 [da:09:ff:e2:0d:3c]
RSSI: -81 [da:09:ff:f1:0d:6c]
RSSI: -77 [da:09:ff:f1:0d:6c]
RSSI: -94 [da:4f:50:23:0b:7b]
RSSI: -81 [da:09:ff:fe:0d:8c]
RSSI: -85 [da:0a:00:0c:0d:bc]
RSSI: -79 [da:0a:00:0c:0d:bc]
RSSI: -76 [da:0a:00:1b:0d:ec]
RSSI: -76 [da:0a:00:28:0e:0c]
RSSI: -76 [da:0a:00:28:0e:0c]
RSSI: -76 [da:0a:00:36:0e:3c]
RSSI: -74 [da:0a:00:36:0e:3c]
RSSI: -75 [da:0a:00:45:0e:6c]
RSSI: -75 [da:0a:00:45:0e:6c]
RSSI: -73 [da:0a:00:51:0e:9c]
RSSI: -72 [da:0a:00:60:0e:bc]
RSSI: -75 [da:0a:00:6f:0e:ec]
RSSI: -73 [da:0a:00:6f:0e:ec]
RSSI: -74 [da:0a:00:7b:0f:1c]
RSSI: -76 [da:0a:00:7b:0f:1c]
RSSI: -75 [da:0a:00:8a:0f:4c]
RSSI: -75 [da:0a:00:8a:0f:4c]
RSSI: -75 [da:0a:00:99:0f:6c]
RSSI: -72 [da:0a:00:99:0f:6c]
RSSI: -74 [da:0a:00:a5:0f:9c]
RSSI: -73 [da:0a:00:a5:0f:9c]
RSSI: -72 [da:0a:00:a5:0f:9c]
RSSI: -73 [da:0a:00:b4:0f:cc]
RSSI: -73 [da:0a:00:b4:0f:cc]
RSSI: -72 [da:0a:00:c3:0f:fc]
RSSI: -71 [da:0a:00:c3:0f:fc]
RSSI: -74 [da:0a:00:cf:10:1c]
RSSI: -73 [da:0a:00:cf:10:1c]
RSSI: -75 [da:0a:00:de:10:4c]
RSSI: -76 [da:0a:00:ed:10:7c]
RSSI: -76 [da:0a:00:f9:10:9c]
RSSI: -75 [da:0a:01:08:10:cc]
RSSI: -75 [da:0a:01:08:10:cc]
RSSI: -76 [da:0a:01:08:10:cc]
RSSI: -77 [da:0a:01:17:10:fc]
RSSI: -75 [da:0a:01:17:10:fc]
RSSI: -77 [da:0a:01:23:11:1c]
RSSI: -78 [da:0a:01:23:11:1c]
RSSI: -79 [da:0a:01:23:11:1c]
RSSI: -81 [da:0a:01:32:11:4c]
RSSI: -86 [da:0a:01:41:11:7c]
RSSI: -86 [da:0a:01:4d:11:9c]
RSSI: -86 [da:0a:01:5c:11:cc]
RSSI: -89 [da:0a:01:6b:11:fc]
RSSI: -86 [da:0a:01:6b:11:fc]
RSSI: -89 [da:0a:01:77:12:1c]
RSSI: -81 [da:0a:01:86:12:4c]
RSSI: -82 [da:0a:01:86:12:4c]
RSSI: -83 [da:0a:01:95:12:6c]
RSSI: -80 [da:0a:01:a1:12:9c]
RSSI: -80 [da:0a:01:a1:12:9c]
RSSI: -82 [da:0a:01:a1:12:9c]
RSSI: -82 [da:0a:01:a1:12:9c]
RSSI: -79 [da:0a:01:b0:12:bc]
RSSI: -79 [da:0a:01:bf:12:ec]
RSSI: -80 [da:0a:01:bf:12:ec]
RSSI: -77 [da:0a:01:cc:13:1c]
RSSI: -91 [da:51:36:18:15:ca]
RSSI: -76 [da:0a:01:da:13:3c]
RSSI: -75 [da:0a:01:da:13:3c]
RSSI: -80 [da:0a:01:e9:13:6c]
RSSI: -76 [da:0a:01:e9:13:6c]
RSSI: -76 [da:0a:01:f6:13:9c]
RSSI: -82 [da:0a:01:f6:13:9c]
RSSI: -77 [da:0a:02:04:13:bc]
RSSI: -92 [da:51:36:5f:00:4a]
RSSI: -84 [da:0a:02:20:14:1c]
RSSI: -83 [da:0a:02:20:14:1c]
RSSI: -75 [da:0a:02:20:14:1c]
RSSI: -75 [da:0a:02:2f:14:4c]
RSSI: -82 [da:0a:02:2f:14:4c]
RSSI: -75 [da:0a:02:3d:14:6c]
RSSI: -90 [da:51:36:8a:00:ca]
RSSI: -75 [da:0a:02:3d:14:6c]
RSSI: -90 [da:51:36:8a:00:ca]
RSSI: -74 [da:0a:02:4f:14:ac]
RSSI: -90 [da:51:36:99:00:ea]
RSSI: -77 [da:0a:02:4f:14:ac]
RSSI: -76 [da:0a:02:5f:14:dc]
RSSI: -80 [da:0a:02:5f:14:dc]
RSSI: -84 [da:0a:02:7b:15:2c]
RSSI: -89 [da:51:36:c4:01:6a]
RSSI: -88 [da:51:36:d1:01:8a]
RSSI: -80 [da:0a:02:8a:15:5c]
RSSI: -79 [da:0a:02:8a:15:5c]
RSSI: -91 [da:51:36:d1:01:8a]
RSSI: -76 [da:0a:02:98:15:8c]
RSSI: -78 [da:0a:02:a5:15:ac]
RSSI: -71 [da:0a:02:b4:15:dc]
RSSI: -71 [da:0a:02:b4:15:dc]
RSSI: -88 [da:51:37:0b:02:2a]
RSSI: -70 [da:0a:02:c3:15:fc]
RSSI: -69 [da:0a:02:c3:15:fc]
RSSI: -69 [da:0a:02:cf:16:2c]
RSSI: -69 [da:0a:02:cf:16:2c]
RSSI: -68 [da:0a:02:cf:16:2c]
RSSI: -67 [da:0a:02:de:16:4c]
RSSI: -68 [da:0a:02:ed:16:7c]
RSSI: -66 [da:0a:02:ed:16:7c]
RSSI: -66 [da:0a:02:ed:16:7c]
RSSI: -67 [da:0a:02:f9:00:0c]
RSSI: -66 [da:0a:02:f9:00:0c]
RSSI: -91 [da:51:37:46:02:da]
RSSI: -65 [da:0a:03:08:00:2c]
RSSI: -66 [da:0a:03:08:00:2c]
RSSI: -66 [da:0a:03:17:00:5c]
RSSI: -65 [da:0a:03:17:00:5c]
RSSI: -66 [da:0a:03:24:00:7c]
RSSI: -66 [da:0a:03:24:00:7c]
RSSI: -67 [da:0a:03:32:00:ac]
RSSI: -66 [da:0a:03:32:00:ac]
RSSI: -67 [da:0a:03:41:00:dc]
RSSI: -68 [da:0a:03:4e:00:fc]
RSSI: -67 [da:0a:03:4e:00:fc]
RSSI: -69 [da:0a:03:5d:01:2c]
RSSI: -71 [da:0a:03:5d:01:2c]
RSSI: -72 [da:0a:03:6b:01:5c]
RSSI: -89 [da:51:37:b8:04:1a]
RSSI: -73 [da:0a:03:78:01:8c]
RSSI: -82 [da:0a:03:87:01:bc]
RSSI: -83 [da:0a:03:87:01:bc]
RSSI: -81 [da:0a:03:96:01:dc]
RSSI: -88 [da:0a:03:96:01:dc]
RSSI: -89 [da:51:37:e3:04:8a]
RSSI: -86 [da:0a:03:a2:02:0c]
RSSI: -84 [da:0a:03:a2:02:0c]
RSSI: -89 [da:51:37:f2:04:ba]
RSSI: -77 [da:0a:03:b1:02:3c]
RSSI: -79 [da:0a:03:c0:02:5c]
RSSI: -77 [da:0a:03:c0:02:5c]
RSSI: -77 [da:0a:03:c0:02:5c]
RSSI: -90 [da:51:38:0e:05:0a]
RSSI: -77 [da:0a:03:cd:02:8c]
RSSI: -77 [da:0a:03:cd:02:8c]
RSSI: -73 [da:0a:03:db:02:bc]
RSSI: -83 [da:51:38:2a:05:5a]
RSSI: -77 [da:0a:03:db:02:bc]
RSSI: -83 [da:51:38:2a:05:5a]
RSSI: -77 [da:0a:03:ea:02:ec]
RSSI: -83 [da:51:38:2a:05:5a]
RSSI: -73 [da:0a:03:ea:02:ec]
RSSI: -82 [da:51:38:3a:05:8a]
RSSI: -79 [da:0a:03:f7:03:0c]
RSSI: -79 [da:0a:03:f7:03:0c]
RSSI: -82 [da:51:38:49:05:aa]
RSSI: -83 [da:51:38:49:05:aa]
RSSI: -82 [da:0a:04:06:03:3c]
RSSI: -81 [da:0a:04:06:03:3c]
RSSI: -80 [da:51:38:56:05:da]
RSSI: -76 [da:0a:04:15:03:6c]
RSSI: -80 [da:51:38:65:05:fa]
RSSI: -80 [da:51:38:65:05:fa]
RSSI: -79 [da:0a:04:21:03:8c]
RSSI: -75 [da:0a:04:21:03:8c]
RSSI: -82 [da:51:38:74:06:2a]
RSSI: -77 [da:0a:04:30:03:bc]
RSSI: -81 [da:51:38:81:06:4a]
RSSI: -79 [da:0a:04:3f:03:ec]
RSSI: -79 [da:51:38:90:06:7a]
RSSI: -79 [da:51:38:90:06:7a]
RSSI: -80 [da:51:38:90:06:7a]
RSSI: -73 [da:0a:04:4b:04:0c]
RSSI: -78 [da:51:38:9f:06:aa]
RSSI: -78 [da:0a:04:5a:04:3c]
RSSI: -79 [da:51:38:9f:06:aa]
RSSI: -89 [da:4f:54:91:02:1b]
RSSI: -78 [da:51:38:ac:06:ca]
RSSI: -82 [da:0a:04:69:04:6c]
RSSI: -80 [da:0a:04:69:04:6c]
RSSI: -80 [da:51:38:bb:06:fa]
RSSI: -82 [da:0a:04:76:04:8c]
RSSI: -80 [da:51:38:cb:07:1a]
RSSI: -88 [da:4f:54:b8:02:8b]
RSSI: -81 [da:0a:04:85:04:bc]
RSSI: -79 [da:51:38:d7:07:4a]
RSSI: -79 [da:51:38:d7:07:4a]
RSSI: -81 [da:0a:04:94:04:ec]
RSSI: -79 [da:51:38:d7:07:4a]
RSSI: -87 [da:4f:54:d2:02:db]
RSSI: -80 [da:51:38:e7:07:6a]
RSSI: -77 [da:0a:04:a0:05:0c]
RSSI: -87 [da:4f:54:de:02:fb]
RSSI: -82 [da:51:38:f6:07:9a]
RSSI: -86 [da:0a:04:af:05:3c]
RSSI: -75 [da:0a:04:be:05:6c]
RSSI: -81 [da:51:39:02:07:ba]
RSSI: -79 [da:0a:04:be:05:6c]
RSSI: -83 [da:51:39:12:07:ea]
RSSI: -74 [da:0a:04:cb:05:8c]
RSSI: -83 [da:51:39:12:07:ea]
RSSI: -74 [da:0a:04:cb:05:8c]
RSSI: -88 [da:4f:55:05:03:6b]
RSSI: -81 [da:0a:04:da:05:bc]
RSSI: -87 [da:51:39:21:08:1a]
RSSI: -75 [da:0a:04:da:05:bc]
RSSI: -78 [da:0a:04:e8:05:ec]
RSSI: -88 [da:51:39:2e:08:3a]
RSSI: -79 [da:0a:04:e8:05:ec]
RSSI: -82 [da:0a:04:e8:05:ec]
RSSI: -89 [da:51:39:3d:08:6a]
RSSI: -77 [da:0a:04:f5:06:1c]
RSSI: -80 [da:0a:04:f5:06:1c]
RSSI: -83 [da:0a:05:04:06:4c]
RSSI: -78 [da:0a:05:04:06:4c]
RSSI: -82 [da:0a:05:13:06:7c]
RSSI: -79 [da:0a:05:20:06:9c]
RSSI: -89 [da:51:39:68:08:da]
RSSI: -81 [da:0a:05:20:06:9c]
RSSI: -80 [da:0a:05:2f:06:cc]
RSSI: -80 [da:0a:05:3d:06:fc]
RSSI: -79 [da:0a:05:59:07:4c]
RSSI: -93 [da:51:39:a3:09:8a]
RSSI: -78 [da:0a:05:59:07:4c]
RSSI: -82 [da:0a:05:68:07:7c]
RSSI: -80 [da:0a:05:75:07:9c]
RSSI: -80 [da:0a:05:75:07:9c]
RSSI: -80 [da:0a:05:75:07:9c]
RSSI: -79 [da:0a:05:75:07:9c]
RSSI: -79 [da:0a:05:84:07:cc]
RSSI: -77 [da:0a:05:92:07:fc]
RSSI: -78 [da:0a:05:92:07:fc]
RSSI: -93 [da:51:39:eb:0a:4a]
RSSI: -77 [da:0a:05:9f:08:2c]
RSSI: -79 [da:0a:05:ae:08:5c]
RSSI: -78 [da:0a:05:ae:08:5c]
RSSI: -81 [da:0a:05:bd:08:8c]
RSSI: -78 [da:0a:05:c9:08:ac]
RSSI: -84 [da:0a:05:c9:08:ac]
RSSI: -85 [da:0a:05:c9:08:ac]
RSSI: -77 [da:0a:05:d8:08:dc]
RSSI: -79 [da:0a:05:e7:09:0c]
RSSI: -79 [da:0a:05:e7:09:0c]
RSSI: -80 [da:0a:05:f4:09:2c]
RSSI: -79 [da:0a:05:f4:09:2c]
RSSI: -81 [da:0a:06:03:09:5c]
RSSI: -81 [da:0a:06:03:09:5c]
RSSI: -81 [da:0a:06:12:09:8c]
RSSI: -86 [da:0a:06:12:09:8c]
RSSI: -83 [da:0a:06:1e:09:bc]
RSSI: -84 [da:0a:06:1e:09:bc]
RSSI: -85 [da:0a:06:2d:09:dc]
RSSI: -88 [da:0a:06:3c:0a:0c]
RSSI: -87 [da:0a:06:3c:0a:0c]
RSSI: -82 [da:0a:06:3c:0a:0c]
RSSI: -87 [da:0a:06:49:0a:3c]
RSSI: -82 [da:0a:06:49:0a:3c]
RSSI: -78 [da:0a:06:67:0a:9c]
RSSI: -78 [da:0a:06:74:0a:bc]
RSSI: -78 [da:0a:06:74:0a:bc]
RSSI: -78 [da:0a:06:74:0a:bc]
RSSI: -76 [da:0a:06:83:0a:ec]
RSSI: -84 [da:0a:06:91:0b:1c]
RSSI: -78 [da:0a:06:9e:0b:3c]
RSSI: -75 [da:0a:06:ad:0b:6c]
RSSI: -75 [da:0a:06:ad:0b:6c]
RSSI: -82 [da:0a:06:bc:0b:9c]
RSSI: -76 [da:0a:06:bc:0b:9c]
RSSI: -96 [da:51:3b:0b:0d:8a]
RSSI: -82 [da:0a:06:c9:0b:cc]
RSSI: -83 [da:0a:06:c9:0b:cc]
RSSI: -95 [da:51:3b:2a:0d:da]
RSSI: -75 [da:0a:06:e7:0c:2c]
RSSI: -75 [da:0a:06:e7:0c:2c]
RSSI: -86 [da:0a:06:f3:0c:4c]
RSSI: -77 [da:0a:06:f3:0c:4c]
RSSI: -76 [da:0a:07:02:0c:7c]
RSSI: -88 [da:0a:07:02:0c:7c]
RSSI: -80 [da:0a:07:11:0c:ac]
RSSI: -75 [da:0a:07:11:0c:ac]
RSSI: -82 [da:0a:07:2d:0c:fc]
RSSI: -76 [da:0a:07:3c:0d:2c]
RSSI: -81 [da:0a:07:48:0d:5c]
RSSI: -77 [da:0a:07:48:0d:5c]
RSSI: -80 [da:0a:07:58:0d:8c]
RSSI: -89 [da:0a:07:66:0d:ac]
RSSI: -76 [da:0a:07:73:0d:dc]
RSSI: -82 [da:0a:07:73:0d:dc]
RSSI: -77 [da:0a:07:82:0e:0c]
RSSI: -75 [da:0a:07:82:0e:0c]
RSSI: -78 [da:0a:07:91:0e:3c]
RSSI: -75 [da:0a:07:91:0e:3c]
RSSI: -76 [da:0a:07:9e:0e:5c]
RSSI: -72 [da:0a:07:ad:0e:8c]
RSSI: -91 [da:4f:57:e3:0c:1b]
RSSI: -75 [da:0a:07:ad:0e:8c]
RSSI: -73 [da:0a:07:bc:0e:bc]
RSSI: -75 [da:0a:07:c8:0e:ec]
RSSI: -72 [da:0a:07:c8:0e:ec]
RSSI: -75 [da:0a:07:d8:0f:0c]
RSSI: -75 [da:0a:07:e6:0f:3c]
RSSI: -72 [da:0a:07:f3:0f:6c]
RSSI: -73 [da:0a:08:02:0f:9c]
RSSI: -72 [da:0a:08:02:0f:9c]
RSSI: -73 [da:0a:08:11:0f:cc]
RSSI: -73 [da:0a:08:11:0f:cc]
RSSI: -73 [da:0a:08:1e:0f:ec]
RSSI: -73 [da:0a:08:2d:10:1c]
RSSI: -75 [da:0a:08:3c:10:4c]
RSSI: -75 [da:0a:08:3c:10:4c]
RSSI: -76 [da:0a:08:48:10:6c]
RSSI: -75 [da:0a:08:48:10:6c]
RSSI: -75 [da:0a:08:48:10:6c]
RSSI: -77 [da:0a:08:58:10:9c]
RSSI: -75 [da:0a:08:67:10:cc]
RSSI: -75 [da:0a:08:67:10:cc]
RSSI: -76 [da:0a:08:73:10:ec]
RSSI: -77 [da:0a:08:73:10:ec]
RSSI: -79 [da:0a:08:82:11:1c]
RSSI: -80 [da:0a:08:82:11:1c]
RSSI: -83 [da:0a:08:91:11:4c]
RSSI: -84 [da:0a:08:91:11:4c]
RSSI: -87 [da:0a:08:9e:11:6c]
RSSI: -85 [da:0a:08:ad:11:9c]
RSSI: -85 [da:0a:08:ad:11:9c]
RSSI: -90 [da:0a:08:c9:11:ec]
RSSI: -88 [da:0a:08:c9:11:ec]
RSSI: -87 [da:0a:08:d8:12:1c]
RSSI: -81 [da:0a:08:e7:12:4c]
RSSI: -80 [da:0a:08:f4:12:6c]
RSSI: -82 [da:0a:09:03:12:9c]
RSSI: -79 [da:0a:09:12:12:cc]
RSSI: -80 [da:0a:09:12:12:cc]
RSSI: -77 [da:0a:09:1e:12:ec]
RSSI: -77 [da:0a:09:1e:12:ec]
RSSI: -79 [da:0a:09:2d:13:1c]
RSSI: -76 [da:0a:09:2d:13:1c]
RSSI: -76 [da:0a:09:3d:13:4c]
RSSI: -78 [da:0a:09:3d:13:4c]
RSSI: -77 [da:0a:09:49:13:6c]
RSSI: -77 [da:0a:09:49:13:6c]
RSSI: -77 [da:0a:09:59:13:9c]
RSSI: -77 [da:0a:09:59:13:9c]
RSSI: -82 [da:0a:09:68:13:cc]
RSSI: -76 [da:0a:09:74:13:fc]
RSSI: -81 [da:0a:09:74:13:fc]
RSSI: -74 [da:0a:09:83:14:1c]
RSSI: -75 [da:0a:09:83:14:1c]
RSSI: -74 [da:0a:09:93:14:4c]
RSSI: -79 [da:0a:09:9f:14:7c]
RSSI: -79 [da:0a:09:9f:14:7c]
RSSI: -93 [da:51:3d:f6:15:ba]
RSSI: -77 [da:0a:09:ae:14:ac]
RSSI: -77 [da:0a:09:ae:14:ac]
RSSI: -78 [da:0a:09:bd:14:cc]
RSSI: -81 [da:0a:09:bd:14:cc]
RSSI: -82 [da:0a:09:bd:14:cc]
RSSI: -80 [da:0a:09:ca:14:fc]
RSSI: -81 [da:0a:09:d9:15:2c]
RSSI: -76 [da:0a:09:d9:15:2c]
RSSI: -76 [da:0a:09:e8:15:4c]
RSSI: -94 [da:4f:5a:45:13:4b]
RSSI: -75 [da:0a:0a:13:15:cc]
RSSI: -66 [da:0a:0a:20:15:fc]
RSSI: -95 [da:51:3e:6d:00:ca]
RSSI: -65 [da:0a:0a:2f:16:2c]
RSSI: -65 [da:0a:0a:2f:16:2c]
RSSI: -70 [da:0a:0a:3e:16:4c]
RSSI: -64 [da:0a:0a:3e:16:4c]
RSSI: -91 [da:51:3e:89:01:2a]
RSSI: -64 [da:0a:0a:3e:16:4c]
RSSI: -69 [da:0a:0a:4b:16:7c]
RSSI: -63 [da:0a:0a:5a:00:2c]
RSSI: -63 [da:0a:0a:5a:00:2c]
RSSI: -69 [da:0a:0a:5a:00:2c]
RSSI: -63 [da:0a:0a:69:00:5c]
RSSI: -69 [da:0a:0a:85:00:bc]
RSSI: -63 [da:0a:0a:94:00:ec]
RSSI: -64 [da:0a:0a:a1:01:0c]
RSSI: -64 [da:0a:0a:a1:01:0c]
RSSI: -66 [da:0a:0a:b0:01:3c]
RSSI: -66 [da:0a:0a:bf:01:6c]
RSSI: -74 [da:0a:0a:bf:01:6c]
RSSI: -68 [da:0a:0a:cc:01:8c]
RSSI: -70 [da:0a:0a:db:01:bc]
RSSI: -71 [da:0a:0a:db:01:bc]
RSSI: -73 [da:0a:0a:db:01:bc]
RSSI: -74 [da:0a:0a:db:01:bc]
RSSI: -76 [da:0a:0a:ea:01:ec]
RSSI: -84 [da:0a:0a:f7:02:0c]
RSSI: -94 [da:4f:5b:30:15:fb]
RSSI: -81 [da:0a:0b:06:02:3c]
RSSI: -81 [da:0a:0b:15:02:6c]
RSSI: -76 [da:0a:0b:15:02:6c]
RSSI: -75 [da:0a:0b:22:02:9c]
RSSI: -76 [da:0a:0b:22:02:9c]
RSSI: -74 [da:0a:0b:40:02:ec]
RSSI: -73 [da:0a:0b:40:02:ec]
RSSI: -74 [da:0a:0b:40:02:ec]
RSSI: -89 [da:4f:5b:7e:00:7b]
RSSI: -93 [da:51:3f:91:03:fa]
RSSI: -75 [da:0a:0b:4d:03:1c]
RSSI: -75 [da:0a:0b:4d:03:1c]
RSSI: -77 [da:0a:0b:5c:03:3c]
RSSI: -78 [da:0a:0b:5c:03:3c]
RSSI: -78 [da:0a:0b:6b:03:6c]
RSSI: -90 [da:4f:5b:a6:00:eb]
RSSI: -80 [da:0a:0b:78:03:9c]
RSSI: -80 [da:0a:0b:87:03:bc]
RSSI: -77 [da:0a:0b:87:03:bc]
RSSI: -75 [da:0a:0b:96:03:ec]
RSSI: -79 [da:0a:0b:96:03:ec]
RSSI: -77 [da:0a:0b:a3:04:1c]
RSSI: -88 [da:4f:5b:d9:01:8b]
RSSI: -75 [da:0a:0b:a3:04:1c]
RSSI: -88 [da:51:3f:f8:05:2a]
RSSI: -79 [da:0a:0b:b2:04:4c]
RSSI: -85 [da:51:40:05:05:4a]
RSSI: -79 [da:0a:0b:c1:04:7c]
RSSI: -84 [da:51:40:05:05:4a]
RSSI: -79 [da:0a:0b:c1:04:7c]
RSSI: -83 [da:0a:0b:c1:04:7c]
RSSI: -86 [da:4f:5c:01:02:0b]
RSSI: -82 [da:51:40:14:05:7a]
RSSI: -79 [da:0a:0b:ce:04:9c]
RSSI: -86 [da:4f:5c:01:02:0b]
RSSI: -80 [da:0a:0b:ce:04:9c]
RSSI: -83 [da:51:40:24:05:9a]
RSSI: -86 [da:0a:0b:dd:04:cc]
RSSI: -81 [da:51:40:31:05:ca]
RSSI: -85 [da:0a:0b:ec:04:fc]
RSSI: -81 [da:51:40:31:05:ca]
RSSI: -80 [da:0a:0b:ec:04:fc]
RSSI: -81 [da:51:40:31:05:ca]
RSSI: -84 [da:4f:5c:28:02:7b]
RSSI: -86 [da:0a:0b:f9:05:1c]
RSSI: -79 [da:51:40:40:05:ea]
RSSI: -78 [da:0a:0b:f9:05:1c]
RSSI: -79 [da:51:40:50:06:1a]
RSSI: -81 [da:0a:0c:08:05:4c]
RSSI: -79 [da:51:40:5d:06:3a]
RSSI: -78 [da:0a:0c:17:05:7c]
RSSI: -79 [da:51:40:5d:06:3a]
RSSI: -81 [da:0a:0c:17:05:7c]
RSSI: -84 [da:4f:5c:50:02:eb]
RSSI: -78 [da:51:40:6c:06:6a]
RSSI: -80 [da:0a:0c:24:05:ac]
RSSI: -91 [da:4f:5c:5d:03:1b]
RSSI: -80 [da:0a:0c:24:05:ac]
RSSI: -77 [da:0a:0c:33:05:cc]
RSSI: -80 [da:0a:0c:33:05:cc]
RSSI: -78 [da:51:40:89:06:ba]
RSSI: -79 [da:0a:0c:42:05:fc]
RSSI: -77 [da:51:40:89:06:ba]
RSSI: -77 [da:0a:0c:42:05:fc]
RSSI: -77 [da:51:40:98:06:ea]
RSSI: -77 [da:51:40:a8:07:1a]
RSSI: -89 [da:4f:5c:9e:03:db]
RSSI: -76 [da:51:40:b5:07:3a]
RSSI: -81 [da:0a:0c:6d:06:8c]
RSSI: -76 [da:51:40:b5:07:3a]
RSSI: -78 [da:51:40:b5:07:3a]
RSSI: -91 [da:4f:5c:ac:04:0b]
RSSI: -79 [da:0a:0c:7a:06:ac]
RSSI: -77 [da:51:40:c4:07:6a]
RSSI: -81 [da:0a:0c:7a:06:ac]
RSSI: -77 [da:51:40:c4:07:6a]
RSSI: -79 [da:51:40:d4:07:9a]
RSSI: -77 [da:0a:0c:89:06:dc]
RSSI: -78 [da:0a:0c:89:06:dc]
RSSI: -78 [da:51:40:d4:07:9a]
RSSI: -78 [da:0a:0c:89:06:dc]
RSSI: -80 [da:51:40:e1:07:ba]
RSSI: -77 [da:0a:0c:99:07:0c]
RSSI: -79 [da:51:40:f0:07:ea]
RSSI: -77 [da:0a:0c:a5:07:2c]
RSSI: -81 [da:51:40:f0:07:ea]
RSSI: -81 [da:51:41:00:08:0a]
RSSI: -79 [da:0a:0c:b4:07:5c]
RSSI: -80 [da:51:41:00:08:0a]
RSSI: -78 [da:0a:0c:c4:07:8c]
RSSI: -83 [da:51:41:0d:08:3a]
RSSI: -77 [da:0a:0c:c4:07:8c]
RSSI: -86 [da:0a:0c:d0:07:bc]
RSSI: -76 [da:0a:0c:e0:07:ec]
RSSI: -77 [da:0a:0c:ef:08:1c]
RSSI: -87 [da:0a:0c:ef:08:1c]
RSSI: -86 [da:51:41:39:08:ba]
RSSI: -77 [da:0a:0c:fb:08:3c]
RSSI: -86 [da:51:41:49:08:da]
RSSI: -79 [da:0a:0c:fb:08:3c]
RSSI: -85 [da:51:41:49:08:da]
RSSI: -78 [da:0a:0d:0b:08:6c]
RSSI: -85 [da:51:41:65:09:2a]
RSSI: -88 [da:0a:0d:1a:08:9c]
RSSI: -87 [da:51:41:65:09:2a]
RSSI: -82 [da:0a:0d:27:08:cc]
RSSI: -85 [da:51:41:75:09:5a]
RSSI: -82 [da:0a:0d:27:08:cc]
RSSI: -86 [da:51:41:75:09:5a]
RSSI: -77 [da:0a:0d:36:08:fc]
RSSI: -81 [da:0a:0d:36:08:fc]
RSSI: -86 [da:51:41:84:09:8a]
RSSI: -81 [da:0a:0d:36:08:fc]
RSSI: -81 [da:0a:0d:45:09:2c]
RSSI: -78 [da:0a:0d:45:09:2c]
RSSI: -81 [da:0a:0d:52:09:4c]
RSSI: -95 [da:4f:5d:92:06:bb]
RSSI: -83 [da:0a:0d:61:09:7c]
RSSI: -89 [da:0a:0d:7d:09:cc]
RSSI: -85 [da:0a:0d:9c:0a:2c]
RSSI: -84 [da:0a:0d:a8:0a:5c]
RSSI: -92 [da:4f:5d:e1:07:ab]
RSSI: -83 [da:0a:0d:a8:0a:5c]
RSSI: -81 [da:0a:0d:b8:0a:8c]
RSSI: -87 [da:0a:0d:c7:0a:bc]
RSSI: -83 [da:0a:0d:d4:0a:dc]
RSSI: -86 [da:0a:0d:d4:0a:dc]
RSSI: -83 [da:0a:0d:e3:0b:0c]
RSSI: -84 [da:0a:0d:f2:0b:3c]
RSSI: -75 [da:0a:0d:f2:0b:3c]
RSSI: -82 [da:0a:0d:ff:0b:6c]
RSSI: -74 [da:0a:0d:ff:0b:6c]
RSSI: -84 [da:0a:0e:0e:0b:9c]
RSSI: -82 [da:0a:0e:0e:0b:9c]
RSSI: -74 [da:0a:0e:1d:0b:cc]
RSSI: -80 [da:0a:0e:1d:0b:cc]
RSSI: -75 [da:0a:0e:2a:0b:ec]
RSSI: -75 [da:0a:0e:2a:0b:ec]
RSSI: -85 [da:0a:0e:3a:0c:1c]
RSSI: -76 [da:0a:0e:3a:0c:1c]
RSSI: -78 [da:0a:0e:49:0c:4c]
RSSI: -84 [da:0a:0e:49:0c:4c]
RSSI: -94 [da:4f:5e:8d:09:ab]
RSSI: -76 [da:0a:0e:55:0c:7c]
RSSI: -94 [da:4f:5e:8d:09:ab]
RSSI: -77 [da:0a:0e:55:0c:7c]
RSSI: -78 [da:0a:0e:65:0c:ac]
RSSI: -92 [da:51:42:aa:0c:ca]
RSSI: -78 [da:0a:0e:81:0c:fc]
RSSI: -92 [da:51:42:d6:0d:4a]
RSSI: -79 [da:0a:0e:90:0d:2c]
RSSI: -86 [da:0a:0e:9f:0d:5c]
RSSI: -84 [da:0a:0e:ac:0d:7c]
RSSI: -77 [da:0a:0e:bc:0d:ac]
RSSI: -82 [da:0a:0e:cb:0d:dc]
RSSI: -76 [da:0a:0e:cb:0d:dc]
RSSI: -78 [da:0a:0e:d7:0e:0c]
RSSI: -79 [da:0a:0e:e7:0e:3c]
RSSI: -75 [da:0a:0e:e7:0e:3c]
RSSI: -74 [da:0a:0e:f6:0e:6c]
RSSI: -77 [da:0a:0e:f6:0e:6c]
RSSI: -73 [da:0a:0f:03:0e:8c]
RSSI: -73 [da:0a:0f:03:0e:8c]
RSSI: -73 [da:0a:0f:12:0e:bc]
RSSI: -77 [da:0a:0f:22:0e:ec]
RSSI: -74 [da:0a:0f:22:0e:ec]
RSSI: -76 [da:0a:0f:2e:0f:1c]
RSSI: -78 [da:0a:0f:2e:0f:1c]
RSSI: -76 [da:0a:0f:3e:0f:4c]
RSSI: -75 [da:0a:0f:4d:0f:7c]
RSSI: -74 [da:0a:0f:4d:0f:7c]
RSSI: -75 [da:0a:0f:5a:0f:9c]
RSSI: -74 [da:0a:0f:5a:0f:9c]
RSSI: -75 [da:0a:0f:69:0f:cc]
RSSI: -73 [da:0a:0f:78:0f:fc]
RSSI: -73 [da:0a:0f:78:0f:fc]
RSSI: -75 [da:0a:0f:85:10:2c]
RSSI: -77 [da:0a:0f:94:10:5c]
RSSI: -77 [da:0a:0f:94:10:5c]
RSSI: -77 [da:0a:0f:94:10:5c]
RSSI: -76 [da:0a:0f:a4:10:8c]
RSSI: -76 [da:0a:0f:a4:10:8c]
RSSI: -76 [da:0a:0f:b0:10:ac]
RSSI: -77 [da:0a:0f:c0:10:dc]
RSSI: -77 [da:0a:0f:c0:10:dc]
RSSI: -78 [da:0a:0f:cf:11:0c]
RSSI: -79 [da:0a:0f:cf:11:0c]
RSSI: -81 [da:0a:0f:dc:11:3c]
RSSI: -88 [da:0a:0f:fb:11:8c]
RSSI: -87 [da:0a:10:07:11:bc]
RSSI: -88 [da:0a:10:07:11:bc]
RSSI: -85 [da:0a:10:26:12:0c]
RSSI: -96 [da:51:44:74:11:da]
RSSI: -84 [da:0a:10:33:12:3c]
RSSI: -82 [da:0a:10:33:12:3c]
RSSI: -82 [da:0a:10:42:12:6c]
RSSI: -82 [da:0a:10:42:12:6c]
RSSI: -81 [da:0a:10:52:12:9c]
RSSI: -78 [da:0a:10:5e:12:bc]
RSSI: -79 [da:0a:10:6e:12:ec]
RSSI: -77 [da:0a:10:6e:12:ec]
RSSI: -76 [da:0a:10:7d:13:1c]
RSSI: -76 [da:0a:10:8f:13:4c]
RSSI: -76 [da:0a:10:8f:13:4c]
RSSI: -76 [da:0a:10:9f:13:7c]
RSSI: -76 [da:0a:10:9f:13:7c]
RSSI: -79 [da:0a:10:af:13:ac]
RSSI: -76 [da:0a:10:af:13:ac]
RSSI: -76 [da:0a:10:bb:13:cc]
RSSI: -80 [da:0a:10:bb:13:cc]
RSSI: -76 [da:0a:10:cb:13:fc]
RSSI: -97 [da:4f:61:15:11:4b]
RSSI: -80 [da:0a:10:e7:14:5c]
RSSI: -74 [da:0a:10:e7:14:5c]
RSSI: -80 [da:0a:10:f7:14:8c]
RSSI: -75 [da:0a:11:06:14:bc]
RSSI: -78 [da:0a:11:06:14:bc]
RSSI: -78 [da:0a:11:13:14:dc]
RSSI: -82 [da:0a:11:13:14:dc]
RSSI: -81 [da:0a:11:22:15:0c]
RSSI: -80 [da:0a:11:32:15:3c]
RSSI: -76 [da:0a:11:3e:15:5c]
RSSI: -77 [da:0a:11:4e:15:8c]
RSSI: -73 [da:0a:11:4e:15:8c]
RSSI: -73 [da:0a:11:4e:15:8c]
RSSI: -76 [da:0a:11:5d:15:bc]
RSSI: -74 [da:0a:11:5d:15:bc]
RSSI: -71 [da:0a:11:6a:15:dc]
RSSI: -69 [da:0a:11:79:16:0c]
RSSI: -68 [da:0a:11:79:16:0c]
RSSI: -70 [da:0a:11:89:16:3c]
RSSI: -67 [da:0a:11:89:16:3c]
RSSI: -70 [da:0a:11:95:16:5c]
RSSI: -66 [da:0a:11:a5:00:0c]
RSSI: -66 [da:0a:11:b4:00:2c]
RSSI: -68 [da:0a:11:c1:00:5c]
RSSI: -66 [da:0a:11:c1:00:5c]
RSSI: -68 [da:0a:11:d1:00:8c]
RSSI: -92 [da:51:46:21:00:4a]
RSSI: -66 [da:0a:11:e0:00:bc]
RSSI: -67 [da:0a:11:ed:00:dc]
RSSI: -66 [da:0a:11:ed:00:dc]
RSSI: -70 [da:0a:11:fc:01:0c]
RSSI: -69 [da:0a:11:fc:01:0c]
RSSI: -72 [da:0a:12:0c:01:3c]
RSSI: -91 [da:51:46:5d:00:fa]
RSSI: -92 [da:51:46:5d:00:fa]
RSSI: -68 [da:0a:12:18:01:5c]
RSSI: -69 [da:0a:12:18:01:5c]
RSSI: -91 [da:51:46:6a:01:2a]
RSSI: -75 [da:0a:12:28:01:8c]
RSSI: -72 [da:0a:12:28:01:8c]
RSSI: -79 [da:0a:12:37:01:bc]
RSSI: -90 [da:51:46:7a:01:4a]
RSSI: -82 [da:0a:12:37:01:bc]
RSSI: -92 [da:0a:12:44:01:dc]
RSSI: -84 [da:0a:12:54:02:0c]
RSSI: -84 [da:0a:12:54:02:0c]
RSSI: -79 [da:0a:12:63:02:3c]
RSSI: -76 [da:0a:12:63:02:3c]
RSSI: -89 [da:51:46:b6:01:fa]
RSSI: -78 [da:0a:12:70:02:6c]
RSSI: -75 [da:0a:12:70:02:6c]
RSSI: -77 [da:0a:12:7f:02:9c]
RSSI: -74 [da:0a:12:7f:02:9c]
RSSI: -76 [da:0a:12:8f:02:cc]
RSSI: -75 [da:0a:12:9b:02:ec]
RSSI: -73 [da:0a:12:9b:02:ec]
RSSI: -75 [da:0a:12:ab:03:1c]
RSSI: -79 [da:0a:12:bb:03:4c]
RSSI: -79 [da:0a:12:bb:03:4c]
RSSI: -77 [da:0a:12:bb:03:4c]
RSSI: -76 [da:0a:12:c7:03:6c]
RSSI: -80 [da:0a:12:c7:03:6c]
RSSI: -75 [da:0a:12:d7:03:9c]
RSSI: -79 [da:0a:12:e6:03:cc]
RSSI: -76 [da:0a:12:e6:03:cc]
RSSI: -76 [da:0a:12:e6:03:cc]
RSSI: -89 [da:51:47:3c:03:7a]
RSSI: -91 [da:4f:63:28:00:cb]
RSSI: -78 [da:0a:12:f3:03:fc]
RSSI: -76 [da:0a:12:f3:03:fc]
RSSI: -88 [da:51:47:49:03:9a]
RSSI: -80 [da:0a:13:03:04:2c]
RSSI: -78 [da:0a:13:12:04:5c]
RSSI: -88 [da:51:47:69:03:fa]
RSSI: -86 [da:51:47:69:03:fa]
RSSI: -80 [da:0a:13:1f:04:7c]
RSSI: -82 [da:0a:13:2e:04:ac]
RSSI: -95 [da:4f:63:6b:01:8b]
RSSI: -86 [da:0a:13:3e:04:dc]
RSSI: -82 [da:0a:13:4a:05:0c]
RSSI: -78 [da:0a:13:5a:05:3c]
RSSI: -89 [da:51:47:a2:04:9a]
RSSI: -79 [da:0a:13:5a:05:3c]
RSSI: -81 [da:0a:13:6a:05:6c]
RSSI: -77 [da:0a:13:6a:05:6c]
RSSI: -87 [da:51:47:c2:04:ea]
RSSI: -80 [da:0a:13:76:05:8c]
RSSI: -88 [da:51:47:c2:04:ea]
RSSI: -77 [da:0a:13:86:05:bc]
RSSI: -78 [da:0a:13:86:05:bc]
RSSI: -90 [da:4f:63:c8:02:ab]
RSSI: -85 [da:51:47:df:05:3a]
RSSI: -84 [da:51:47:df:05:3a]
RSSI: -83 [da:51:47:ef:05:6a]
RSSI: -80 [da:0a:13:a2:06:1c]
RSSI: -82 [da:51:47:ef:05:6a]
RSSI: -81 [da:0a:13:a2:06:1c]
RSSI: -81 [da:51:48:0b:05:ba]
RSSI: -80 [da:51:48:0b:05:ba]
RSSI: -89 [da:4f:63:fe:03:4b]
RSSI: -79 [da:51:48:0b:05:ba]
RSSI: -80 [da:51:48:1b:05:ea]
RSSI: -80 [da:0a:13:ce:06:9c]
RSSI: -78 [da:0a:13:de:06:cc]
RSSI: -79 [da:51:48:28:06:0a]
RSSI: -89 [da:4f:64:26:03:bb]
RSSI: -78 [da:51:48:38:06:3a]
RSSI: -82 [da:0a:13:ed:06:fc]
RSSI: -89 [da:4f:64:26:03:bb]
RSSI: -78 [da:51:48:38:06:3a]
RSSI: -79 [da:0a:13:fa:07:2c]
RSSI: -78 [da:51:48:48:06:6a]
RSSI: -83 [da:0a:13:fa:07:2c]
RSSI: -90 [da:4f:64:34:03:eb]
RSSI: -77 [da:51:48:48:06:6a]
RSSI: -79 [da:0a:14:09:07:5c]
RSSI: -78 [da:51:48:55:06:8a]
RSSI: -78 [da:51:48:65:06:ba]
RSSI: -78 [da:51:48:65:06:ba]
RSSI: -82 [da:0a:14:26:07:ac]
RSSI: -78 [da:51:48:75:06:ea]
RSSI: -76 [da:0a:14:26:07:ac]
RSSI: -78 [da:51:48:82:07:0a]
RSSI: -75 [da:0a:14:45:08:0c]
RSSI: -77 [da:0a:14:45:08:0c]
RSSI: -79 [da:51:48:92:07:3a]
RSSI: -78 [da:51:48:92:07:3a]
RSSI: -76 [da:0a:14:52:08:3c]
RSSI: -79 [da:51:48:a2:07:6a]
RSSI: -83 [da:0a:14:61:08:6c]
RSSI: -77 [da:0a:14:61:08:6c]
RSSI: -80 [da:51:48:ae:07:8a]
RSSI: -80 [da:0a:14:71:08:9c]
RSSI: -81 [da:51:48:be:07:ba]
RSSI: -82 [da:0a:14:71:08:9c]
RSSI: -82 [da:51:48:be:07:ba]
RSSI: -81 [da:0a:14:7d:08:bc]
RSSI: -82 [da:51:48:ce:07:ea]
RSSI: -83 [da:51:48:ce:07:ea]
RSSI: -77 [da:0a:14:8d:08:ec]
RSSI: -81 [da:0a:14:8d:08:ec]
RSSI: -85 [da:51:48:db:08:0a]
RSSI: -78 [da:0a:14:9d:09:1c]
RSSI: -85 [da:51:48:eb:08:3a]
RSSI: -79 [da:0a:14:9d:09:1c]
RSSI: -87 [da:51:48:eb:08:3a]
RSSI: -80 [da:0a:14:a9:09:4c]
RSSI: -81 [da:0a:14:b9:09:7c]
RSSI: -83 [da:0a:14:b9:09:7c]
RSSI: -91 [da:0a:14:c9:09:ac]
RSSI: -89 [da:51:49:18:08:ba]
RSSI: -86 [da:0a:14:d5:09:cc]
RSSI: -88 [da:51:49:28:08:ea]
RSSI: -86 [da:51:49:35:09:0a]
RSSI: -80 [da:0a:14:f5:0a:2c]
RSSI: -87 [da:51:49:45:09:3a]
RSSI: -79 [da:0a:15:01:0a:5c]
RSSI: -88 [da:51:49:55:09:6a]
RSSI: -82 [da:0a:15:11:0a:8c]
RSSI: -87 [da:0a:15:21:0a:bc]
RSSI: -91 [da:51:49:72:09:ba]
RSSI: -80 [da:0a:15:2d:0a:dc]
RSSI: -86 [da:0a:15:2d:0a:dc]
RSSI: -80 [da:0a:15:3d:0b:0c]
RSSI: -94 [da:4f:65:75:07:bb]
RSSI: -84 [da:0a:15:4d:0b:3c]
RSSI: -76 [da:0a:15:4d:0b:3c]
RSSI: -81 [da:0a:15:59:0b:6c]
RSSI: -93 [da:4f:65:8f:08:0b]
RSSI: -75 [da:0a:15:59:0b:6c]
RSSI: -75 [da:0a:15:79:0b:cc]
RSSI: -80 [da:0a:15:79:0b:cc]
RSSI: -75 [da:0a:15:85:0b:ec]
RSSI: -83 [da:0a:15:95:0c:2c]
RSSI: -76 [da:0a:15:95:0c:2c]
RSSI: -76 [da:0a:15:a5:0c:5c]
RSSI: -83 [da:0a:15:a5:0c:5c]
RSSI: -83 [da:0a:15:a5:0c:5c]
RSSI: -75 [da:0a:15:b1:0c:7c]
RSSI: -79 [da:0a:15:c1:0c:ac]
RSSI: -75 [da:0a:15:c1:0c:ac]
RSSI: -84 [da:0a:15:d1:0c:dc]
RSSI: -86 [da:0a:15:d1:0c:dc]
RSSI: -78 [da:0a:15:ed:0d:3c]
RSSI: -94 [da:4f:66:23:09:cb]
RSSI: -84 [da:0a:15:fd:0d:6c]
RSSI: -78 [da:0a:15:fd:0d:6c]
RSSI: -82 [da:0a:16:09:0d:8c]
RSSI: -80 [da:0a:16:19:0d:bc]
RSSI: -77 [da:0a:16:29:0d:ec]
RSSI: -81 [da:0a:16:29:0d:ec]
RSSI: -77 [da:0a:16:35:0e:1c]
RSSI: -75 [da:0a:16:35:0e:1c]
RSSI: -75 [da:0a:16:45:0e:4c]
RSSI: -75 [da:0a:16:55:0e:7c]
RSSI: -74 [da:0a:16:61:0e:9c]
RSSI: -77 [da:0a:16:61:0e:9c]
RSSI: -77 [da:0a:16:61:0e:9c]
RSSI: -76 [da:0a:16:71:0e:cc]
RSSI: -74 [da:0a:16:81:0f:0c]
RSSI: -77 [da:0a:16:8d:0f:2c]
RSSI: -75 [da:0a:16:8d:0f:2c]
RSSI: -75 [da:0a:16:8d:0f:2c]
RSSI: -77 [da:0a:16:9d:0f:5c]
RSSI: -75 [da:0a:16:ad:0f:8c]
RSSI: -74 [da:0a:16:ba:0f:bc]
RSSI: -74 [da:0a:16:ba:0f:bc]
RSSI: -75 [da:0a:16:c9:0f:ec]
RSSI: -74 [da:0a:16:c9:0f:ec]
RSSI: -76 [da:0a:16:d9:10:1c]
RSSI: -76 [da:0a:16:e6:10:3c]
RSSI: -77 [da:0a:16:e6:10:3c]
RSSI: -78 [da:0a:16:f6:10:6c]
RSSI: -77 [da:0a:16:f6:10:6c]
RSSI: -77 [da:0a:16:f6:10:6c]
RSSI: -77 [da:0a:17:05:10:9c]
RSSI: -77 [da:0a:17:05:10:9c]
RSSI: -76 [da:0a:17:12:10:cc]
RSSI: -77 [da:0a:17:12:10:cc]
RSSI: -78 [da:0a:17:22:10:fc]
RSSI: -79 [da:0a:17:22:10:fc]
RSSI: -80 [da:0a:17:31:11:2c]
RSSI: -80 [da:0a:17:31:11:2c]
RSSI: -88 [da:0a:17:4e:11:7c]
RSSI: -92 [da:51:4b:a2:0f:fa]
RSSI: -89 [da:0a:17:5e:11:ac]
RSSI: -86 [da:0a:17:7a:12:0c]
RSSI: -83 [da:0a:17:7a:12:0c]
RSSI: -86 [da:0a:17:8a:12:3c]
RSSI: -85 [da:0a:17:8a:12:3c]
RSSI: -82 [da:0a:17:8a:12:3c]
RSSI: -80 [da:0a:17:96:12:5c]
RSSI: -78 [da:0a:17:a6:12:8c]
RSSI: -80 [da:0a:17:a6:12:8c]
RSSI: -80 [da:0a:17:b6:12:bc]
RSSI: -81 [da:0a:17:b6:12:bc]
RSSI: -78 [da:0a:17:b6:12:bc]
RSSI: -78 [da:0a:17:c3:12:dc]
RSSI: -78 [da:0a:17:c3:12:dc]
RSSI: -76 [da:0a:17:d3:13:0c]
RSSI: -75 [da:0a:17:d3:13:0c]
RSSI: -77 [da:0a:17:e2:13:3c]
RSSI: -75 [da:0a:17:e2:13:3c]
RSSI: -75 [da:0a:17:ef:13:5c]
RSSI: -78 [da:0a:17:ef:13:5c]
RSSI: -76 [da:0a:17:ff:13:8c]
RSSI: -75 [da:0a:18:0e:13:bc]
RSSI: -76 [da:0a:18:0e:13:bc]
RSSI: -75 [da:0a:18:1b:13:ec]
RSSI: -74 [da:0a:18:1b:13:ec]
RSSI: -79 [da:0a:18:2b:14:1c]
RSSI: -75 [da:0a:18:3b:14:4c]
RSSI: -74 [da:0a:18:47:14:6c]
RSSI: -76 [da:0a:18:47:14:6c]
RSSI: -76 [da:0a:18:57:14:9c]
RSSI: -82 [da:0a:18:74:14:ec]
RSSI: -79 [da:0a:18:74:14:ec]
RSSI: -76 [da:0a:18:93:15:4c]
RSSI: -78 [da:0a:18:a0:15:7c]
RSSI: -71 [da:0a:18:a0:15:7c]
RSSI: -75 [da:0a:18:b0:15:ac]
RSSI: -69 [da:0a:18:c0:15:dc]
RSSI: -70 [da:0a:18:c0:15:dc]
RSSI: -67 [da:0a:18:cc:15:fc]
RSSI: -67 [da:0a:18:cc:15:fc]
RSSI: -66 [da:0a:18:dc:16:2c]
RSSI: -66 [da:0a:18:ec:16:5c]
RSSI: -69 [da:0a:18:ec:16:5c]
RSSI: -69 [da:0a:18:ec:16:5c]
RSSI: -65 [da:0a:18:f9:00:0c]
RSSI: -64 [da:0a:19:08:00:2c]
RSSI: -64 [da:0a:19:08:00:2c]
RSSI: -65 [da:0a:19:18:00:5c]
RSSI: -68 [da:0a:19:25:00:8c]
RSSI: -96 [da:4f:69:5a:13:6b]
RSSI: -65 [da:0a:19:35:00:bc]
RSSI: -68 [da:0a:19:35:00:bc]
RSSI: -65 [da:0a:19:45:00:ec]
RSSI: -66 [da:0a:19:45:00:ec]
RSSI: -66 [da:0a:19:51:01:0c]
RSSI: -67 [da:0a:19:51:01:0c]
RSSI: -71 [da:0a:19:61:01:3c]
RSSI: -68 [da:0a:19:61:01:3c]
RSSI: -70 [da:0a:19:71:01:6c]
RSSI: -73 [da:0a:19:71:01:6c]
RSSI: -74 [da:0a:19:7e:01:8c]
RSSI: -74 [da:0a:19:8e:01:bc]
RSSI: -79 [da:0a:19:8e:01:bc]
RSSI: -80 [da:0a:19:8e:01:bc]
RSSI: -86 [da:0a:19:9d:01:fc]
RSSI: -80 [da:0a:19:9d:01:fc]
RSSI: -81 [da:0a:19:aa:02:1c]
RSSI: -94 [da:51:4d:f8:00:4a]
RSSI: -78 [da:0a:19:ba:02:4c]
RSSI: -77 [da:0a:19:ba:02:4c]
RSSI: -80 [da:0a:19:ca:02:7c]
RSSI: -77 [da:0a:19:ca:02:7c]
RSSI: -78 [da:0a:19:d6:02:9c]
RSSI: -74 [da:0a:19:e6:02:dc]
RSSI: -78 [da:0a:19:e6:02:dc]
RSSI: -79 [da:0a:19:f6:03:0c]
RSSI: -75 [da:0a:19:f6:03:0c]
RSSI: -80 [da:0a:1a:03:03:2c]
RSSI: -90 [da:51:4e:51:01:4a]
RSSI: -82 [da:0a:1a:03:03:2c]
RSSI: -85 [da:0a:1a:13:03:5c]
RSSI: -83 [da:0a:1a:13:03:5c]
RSSI: -77 [da:0a:1a:23:03:8c]
RSSI: -85 [da:0a:1a:23:03:8c]
RSSI: -75 [da:0a:1a:2f:03:ac]
RSSI: -79 [da:0a:1a:3f:03:dc]
RSSI: -81 [da:0a:1a:4f:04:0c]
RSSI: -79 [da:0a:1a:4f:04:0c]
RSSI: -83 [da:0a:1a:5c:04:3c]
RSSI: -76 [da:0a:1a:6c:04:6c]
RSSI: -85 [da:0a:1a:6c:04:6c]
RSSI: -83 [da:0a:1a:7b:04:9c]
RSSI: -86 [da:0a:1a:88:04:bc]
RSSI: -92 [da:51:4e:d1:02:aa]
RSSI: -82 [da:0a:1a:a8:05:1c]
RSSI: -81 [da:0a:1a:b5:05:4c]
RSSI: -80 [da:0a:1a:b5:05:4c]
RSSI: -81 [da:0a:1a:c5:05:7c]
RSSI: -92 [da:4f:6a:f9:01:db]
RSSI: -91 [da:51:4f:1e:03:8a]
RSSI: -79 [da:0a:1a:d4:05:ac]
RSSI: -82 [da:0a:1a:d4:05:ac]
RSSI: -78 [da:0a:1a:e1:05:cc]
RSSI: -79 [da:0a:1a:e1:05:cc]
RSSI: -89 [da:4f:6b:22:02:4b]
RSSI: -89 [da:51:4f:38:03:ca]
RSSI: -89 [da:4f:6b:22:02:4b]
RSSI: -80 [da:0a:1a:f1:05:fc]
RSSI: -85 [da:0a:1b:01:06:2c]
RSSI: -86 [da:51:4f:52:04:1a]
RSSI: -82 [da:0a:1b:0e:06:5c]
RSSI: -84 [da:0a:1b:0e:06:5c]
RSSI: -90 [da:4f:6b:4a:02:cb]
RSSI: -81 [da:0a:1b:1e:06:8c]
RSSI: -88 [da:4f:6b:58:02:fb]
RSSI: -82 [da:0a:1b:1e:06:8c]
RSSI: -89 [da:4f:6b:58:02:fb]
RSSI: -79 [da:0a:1b:2d:06:bc]
RSSI: -88 [da:4f:6b:65:03:1b]
RSSI: -80 [da:0a:1b:3a:06:dc]
RSSI: -78 [da:0a:1b:3a:06:dc]
RSSI: -88 [da:51:4f:92:04:ca]
RSSI: -88 [da:4f:6b:81:03:6b]
RSSI: -88 [da:51:4f:92:04:ca]
RSSI: -80 [da:0a:1b:4a:07:1c]
RSSI: -89 [da:4f:6b:81:03:6b]
RSSI: -86 [da:51:4f:9e:04:ea]
RSSI: -88 [da:4f:6b:8e:03:9b]
RSSI: -84 [da:0a:1b:5a:07:4c]
RSSI: -77 [da:0a:1b:67:07:6c]
RSSI: -83 [da:51:4f:b8:05:3a]
RSSI: -81 [da:0a:1b:67:07:6c]
RSSI: -83 [da:51:4f:b8:05:3a]
RSSI: -83 [da:51:4f:b8:05:3a]
RSSI: -90 [da:4f:6b:aa:03:eb]
RSSI: -76 [da:0a:1b:77:07:9c]
RSSI: -82 [da:51:4f:c5:05:5a]
RSSI: -76 [da:0a:1b:87:07:cc]
RSSI: -82 [da:51:4f:d2:05:7a]
RSSI: -76 [da:0a:1b:87:07:cc]
RSSI: -80 [da:0a:1b:93:07:fc]
RSSI: -80 [da:51:4f:df:05:aa]
RSSI: -79 [da:0a:1b:93:07:fc]
RSSI: -79 [da:51:4f:df:05:aa]
RSSI: -80 [da:51:4f:df:05:aa]
RSSI: -76 [da:0a:1b:93:07:fc]
RSSI: -79 [da:51:4f:eb:05:ca]
RSSI: -82 [da:0a:1b:a3:08:2c]
RSSI: -92 [da:4f:6b:e0:04:8b]
RSSI: -81 [da:0a:1b:b3:08:5c]
RSSI: -78 [da:51:50:05:06:1a]
RSSI: -79 [da:51:50:05:06:1a]
RSSI: -77 [da:0a:1b:c0:08:8c]
RSSI: -83 [da:0a:1b:c0:08:8c]
RSSI: -78 [da:51:50:12:06:3a]
RSSI: -80 [da:0a:1b:d0:08:bc]
RSSI: -76 [da:0a:1b:d0:08:bc]
RSSI: -78 [da:51:50:1f:06:5a]
RSSI: -76 [da:0a:1b:d0:08:bc]
RSSI: -78 [da:51:50:2c:06:8a]
RSSI: -78 [da:0a:1b:e0:08:ec]
RSSI: -78 [da:51:50:2c:06:8a]
RSSI: -81 [da:0a:1b:ec:09:0c]
RSSI: -77 [da:51:50:39:06:aa]
RSSI: -78 [da:0a:1b:ec:09:0c]
RSSI: -78 [da:51:50:45:06:ca]
RSSI: -81 [da:0a:1b:fc:09:3c]
RSSI: -78 [da:51:50:52:06:fa]
RSSI: -82 [da:0a:1c:0c:09:6c]
RSSI: -78 [da:51:50:52:06:fa]
RSSI: -86 [da:0a:1c:0c:09:6c]
RSSI: -78 [da:51:50:5f:07:1a]
RSSI: -84 [da:0a:1c:19:09:9c]
RSSI: -79 [da:51:50:6c:07:3a]
RSSI: -78 [da:51:50:79:07:5a]
RSSI: -85 [da:0a:1c:29:09:cc]
RSSI: -79 [da:51:50:79:07:5a]
RSSI: -83 [da:0a:1c:39:09:fc]
RSSI: -79 [da:51:50:86:07:7a]
RSSI: -87 [da:0a:1c:46:0a:2c]
RSSI: -81 [da:51:50:92:07:aa]
RSSI: -86 [da:0a:1c:46:0a:2c]
RSSI: -80 [da:51:50:9f:07:ca]
RSSI: -82 [da:51:50:9f:07:ca]
RSSI: -81 [da:0a:1c:56:0a:5c]
RSSI: -80 [da:51:50:ac:07:ea]
RSSI: -80 [da:51:50:ac:07:ea]
RSSI: -84 [da:51:50:b9:08:0a]
RSSI: -80 [da:0a:1c:72:0a:ac]
RSSI: -87 [da:0a:1c:72:0a:ac]
RSSI: -84 [da:51:50:c6:08:3a]
RSSI: -87 [da:51:50:c6:08:3a]
RSSI: -86 [da:51:50:d3:08:5a]
RSSI: -84 [da:0a:1c:92:0b:1c]
RSSI: -75 [da:0a:1c:92:0b:1c]
RSSI: -75 [da:0a:1c:9f:0b:3c]
RSSI: -81 [da:0a:1c:af:0b:6c]
RSSI: -84 [da:0a:1c:bf:0b:9c]
RSSI: -88 [da:51:51:13:09:0a]
RSSI: -89 [da:51:51:13:09:0a]
RSSI: -75 [da:0a:1c:cc:0b:cc]
RSSI: -85 [da:51:51:20:09:3a]
RSSI: -83 [da:0a:1c:dc:0b:fc]
RSSI: -90 [da:51:51:2d:09:5a]
RSSI: -76 [da:0a:1c:dc:0b:fc]
RSSI: -82 [da:0a:1c:ec:0c:2c]
RSSI: -78 [da:0a:1c:f8:0c:4c]
RSSI: -83 [da:0a:1c:f8:0c:4c]
RSSI: -80 [da:0a:1d:08:0c:8c]
RSSI: -78 [da:0a:1d:08:0c:8c]
RSSI: -86 [da:0a:1d:18:0c:bc]
RSSI: -85 [da:0a:1d:25:0c:dc]
RSSI: -92 [da:51:51:94:0a:7a]
RSSI: -93 [da:51:51:a1:0a:aa]
RSSI: -80 [da:0a:1d:52:0d:6c]
RSSI: -92 [da:51:51:a1:0a:aa]
RSSI: -79 [da:0a:1d:62:0d:9c]
RSSI: -82 [da:0a:1d:72:0d:cc]
RSSI: -75 [da:0a:1d:7e:0d:fc]
RSSI: -74 [da:0a:1d:7e:0d:fc]
RSSI: -75 [da:0a:1d:8e:0e:2c]
RSSI: -76 [da:0a:1d:9e:0e:5c]
RSSI: -73 [da:0a:1d:9e:0e:5c]
RSSI: -73 [da:0a:1d:ab:0e:7c]
RSSI: -76 [da:0a:1d:bb:0e:ac]
RSSI: -74 [da:0a:1d:cb:0e:ec]
RSSI: -76 [da:0a:1d:cb:0e:ec]
RSSI: -74 [da:0a:1d:d8:0f:0c]
RSSI: -77 [da:0a:1d:e8:0f:3c]
RSSI: -73 [da:0a:1d:e8:0f:3c]
RSSI: -75 [da:0a:1d:f8:0f:6c]
RSSI: -75 [da:0a:1d:f8:0f:6c]
RSSI: -74 [da:0a:1e:05:0f:9c]
RSSI: -73 [da:0a:1e:05:0f:9c]
RSSI: -74 [da:0a:1e:15:0f:cc]
RSSI: -74 [da:0a:1e:15:0f:cc]
RSSI: -75 [da:0a:1e:25:0f:fc]
RSSI: -75 [da:0a:1e:25:0f:fc]
RSSI: -93 [da:51:52:70:0c:ea]
RSSI: -76 [da:0a:1e:31:10:1c]
RSSI: -77 [da:0a:1e:31:10:1c]
RSSI: -76 [da:0a:1e:42:10:5c]
RSSI: -97 [da:51:52:96:0d:5a]
RSSI: -77 [da:0a:1e:52:10:8c]
RSSI: -76 [da:0a:1e:52:10:8c]
RSSI: -76 [da:0a:1e:5e:10:ac]
RSSI: -78 [da:0a:1e:6e:10:dc]
RSSI: -78 [da:0a:1e:6e:10:dc]
RSSI: -82 [da:0a:1e:7e:11:0c]
RSSI: -83 [da:0a:1e:7e:11:0c]
RSSI: -85 [da:0a:1e:8b:11:3c]
RSSI: -86 [da:0a:1e:8b:11:3c]
RSSI: -86 [da:0a:1e:9b:11:6c]
RSSI: -86 [da:0a:1e:ab:11:9c]
RSSI: -86 [da:0a:1e:b8:11:cc]
RSSI: -83 [da:0a:1e:d8:12:2c]
RSSI: -80 [da:0a:1e:d8:12:2c]
RSSI: -83 [da:0a:1e:e5:12:4c]
RSSI: -80 [da:0a:1e:f5:12:8c]
RSSI: -81 [da:0a:1e:f5:12:8c]
RSSI: -80 [da:0a:1f:05:12:bc]
RSSI: -77 [da:0a:1f:12:12:dc]
RSSI: -78 [da:0a:1f:12:12:dc]
RSSI: -77 [da:0a:1f:22:13:0c]
RSSI: -76 [da:0a:1f:22:13:0c]
RSSI: -76 [da:0a:1f:32:13:3c]
RSSI: -74 [da:0a:1f:47:13:7c]
RSSI: -77 [da:0a:1f:47:13:7c]
RSSI: -75 [da:0a:1f:57:13:ac]
RSSI: -76 [da:0a:1f:67:13:dc]
RSSI: -76 [da:0a:1f:67:13:dc]
RSSI: -80 [da:0a:1f:74:13:fc]
RSSI: -74 [da:0a:1f:74:13:fc]
RSSI: -81 [da:0a:1f:84:14:2c]
RSSI: -75 [da:0a:1f:91:14:4c]
RSSI: -73 [da:0a:1f:a1:14:7c]
RSSI: -74 [da:0a:1f:a1:14:7c]
RSSI: -81 [da:0a:1f:ae:14:9c]
RSSI: -78 [da:0a:1f:ba:14:cc]
RSSI: -83 [da:0a:1f:d4:15:1c]
RSSI: -81 [da:0a:1f:e0:15:3c]
RSSI: -78 [da:0a:1f:ed:15:5c]
RSSI: -80 [da:0a:1f:fa:15:8c]
RSSI: -72 [da:0a:20:06:15:ac]
RSSI: -72 [da:0a:20:06:15:ac]
RSSI: -71 [da:0a:20:13:15:dc]
RSSI: -74 [da:0a:20:20:15:fc]
RSSI: -69 [da:0a:20:2c:16:1c]
RSSI: -68 [da:0a:20:2c:16:1c]
RSSI: -68 [da:0a:20:39:16:4c]
RSSI: -70 [da:0a:20:46:16:6c]
RSSI: -67 [da:0a:20:52:00:0c]
RSSI: -66 [da:0a:20:52:00:0c]
RSSI: -66 [da:0a:20:5f:00:2c]
RSSI: -69 [da:0a:20:6c:00:4c]
RSSI: -67 [da:0a:20:79:00:7c]
RSSI: -67 [da:0a:20:79:00:7c]
RSSI: -67 [da:0a:20:85:00:9c]
RSSI: -70 [da:0a:20:92:00:bc]
RSSI: -68 [da:0a:20:9f:00:ec]
RSSI: -68 [da:0a:20:9f:00:ec]
RSSI: -71 [da:0a:20:b8:01:3c]
RSSI: -72 [da:0a:20:b8:01:3c]
RSSI: -71 [da:0a:20:c5:01:5c]
RSSI: -74 [da:0a:20:c5:01:5c]
RSSI: -75 [da:0a:20:d2:01:7c]
RSSI: -80 [da:0a:20:de:01:ac]
RSSI: -78 [da:0a:20:de:01:ac]
RSSI: -80 [da:0a:20:eb:01:cc]
RSSI: -85 [da:0a:20:eb:01:cc]
RSSI: -85 [da:0a:20:f8:01:fc]
RSSI: -86 [da:0a:20:f8:01:fc]
RSSI: -81 [da:0a:21:04:02:1c]
RSSI: -80 [da:0a:21:04:02:1c]
RSSI: -83 [da:0a:21:11:02:4c]
RSSI: -77 [da:0a:21:1e:02:6c]
RSSI: -79 [da:0a:21:1e:02:6c]
RSSI: -77 [da:0a:21:2b:02:9c]
RSSI: -75 [da:0a:21:2b:02:9c]
RSSI: -78 [da:0a:21:37:02:bc]
RSSI: -77 [da:0a:21:37:02:bc]
RSSI: -74 [da:0a:21:44:02:dc]
RSSI: -78 [da:0a:21:44:02:dc]
RSSI: -79 [da:0a:21:51:03:0c]
RSSI: -75 [da:0a:21:51:03:0c]
RSSI: -80 [da:0a:21:5d:03:2c]
RSSI: -76 [da:0a:21:6a:03:5c]
RSSI: -82 [da:0a:21:6a:03:5c]
RSSI: -81 [da:0a:21:77:03:7c]
RSSI: -77 [da:0a:21:77:03:7c]
RSSI: -82 [da:0a:21:84:03:9c]
RSSI: -79 [da:0a:21:84:03:9c]
RSSI: -79 [da:0a:21:84:03:9c]
RSSI: -75 [da:0a:21:91:03:cc]
RSSI: -80 [da:0a:21:91:03:cc]
RSSI: -78 [da:0a:21:9d:03:ec]
RSSI: -74 [da:0a:21:9d:03:ec]
RSSI: -80 [da:0a:21:aa:04:0c]
RSSI: -78 [da:0a:21:aa:04:0c]
RSSI: -78 [da:0a:21:aa:04:0c]
RSSI: -75 [da:0a:21:b7:04:3c]
RSSI: -82 [da:0a:21:b7:04:3c]
RSSI: -91 [da:51:56:0a:00:da]
RSSI: -79 [da:0a:21:c4:04:5c]
RSSI: -84 [da:0a:21:d0:04:8c]
RSSI: -83 [da:0a:21:d0:04:8c]
RSSI: -81 [da:0a:21:dd:04:ac]
RSSI: -88 [da:0a:21:dd:04:ac]
RSSI: -85 [da:0a:21:f6:04:fc]
RSSI: -92 [da:4f:72:28:00:cb]
RSSI: -84 [da:0a:21:f6:04:fc]
RSSI: -81 [da:0a:21:f6:04:fc]
RSSI: -83 [da:0a:22:03:05:2c]
RSSI: -80 [da:0a:22:03:05:2c]
RSSI: -80 [da:0a:22:10:05:4c]
RSSI: -79 [da:0a:22:10:05:4c]
RSSI: -78 [da:0a:22:1d:05:6c]
RSSI: -80 [da:0a:22:1d:05:6c]
RSSI: -78 [da:0a:22:2a:05:9c]
RSSI: -76 [da:0a:22:2a:05:9c]
RSSI: -81 [da:0a:22:36:05:bc]
RSSI: -78 [da:0a:22:36:05:bc]
RSSI: -77 [da:0a:22:43:05:ec]
RSSI: -81 [da:0a:22:43:05:ec]
RSSI: -79 [da:0a:22:50:06:0c]
RSSI: -89 [da:4f:72:89:01:eb]
RSSI: -89 [da:4f:72:89:01:eb]
RSSI: -79 [da:0a:22:5d:06:3c]
RSSI: -78 [da:0a:22:69:06:5c]
RSSI: -87 [da:4f:72:a4:02:4b]
RSSI: -81 [da:0a:22:69:06:5c]
RSSI: -88 [da:4f:72:a4:02:4b]
RSSI: -78 [da:0a:22:76:06:8c]
RSSI: -81 [da:0a:22:83:06:ac]
RSSI: -79 [da:0a:22:83:06:ac]
RSSI: -77 [da:0a:22:90:06:dc]
RSSI: -78 [da:0a:22:90:06:dc]
RSSI: -78 [da:0a:22:9c:06:fc]
RSSI: -80 [da:0a:22:9c:06:fc]
RSSI: -78 [da:0a:22:a9:07:2c]
RSSI: -78 [da:0a:22:a9:07:2c]
RSSI: -81 [da:0a:22:b6:07:4c]
RSSI: -87 [da:4f:72:eb:03:1b]
RSSI: -78 [da:0a:22:b6:07:4c]
RSSI: -86 [da:4f:72:f7:03:3b]
RSSI: -77 [da:0a:22:d0:07:9c]
RSSI: -90 [da:4f:73:06:03:6b]
RSSI: -77 [da:0a:22:d0:07:9c]
RSSI: -76 [da:0a:22:d0:07:9c]
RSSI: -87 [da:4f:73:06:03:6b]
RSSI: -79 [da:0a:22:dc:07:cc]
RSSI: -91 [da:4f:73:14:03:9b]
RSSI: -75 [da:0a:22:dc:07:cc]
RSSI: -76 [da:0a:22:e9:07:ec]
RSSI: -80 [da:0a:22:e9:07:ec]
RSSI: -76 [da:0a:22:f6:08:1c]
RSSI: -75 [da:0a:22:f6:08:1c]
RSSI: -78 [da:0a:22:f6:08:1c]
RSSI: -89 [da:4f:73:30:03:eb]
RSSI: -83 [da:0a:23:03:08:3c]
RSSI: -76 [da:0a:23:03:08:3c]
RSSI: -82 [da:0a:23:10:08:6c]
RSSI: -82 [da:0a:23:10:08:6c]
RSSI: -76 [da:0a:23:1c:08:8c]
RSSI: -76 [da:0a:23:1c:08:8c]
RSSI: -87 [da:0a:23:1c:08:8c]
RSSI: -80 [da:0a:23:29:08:bc]
RSSI: -76 [da:0a:23:29:08:bc]
RSSI: -78 [da:0a:23:36:08:dc]
RSSI: -76 [da:0a:23:43:09:0c]
RSSI: -76 [da:0a:23:43:09:0c]
RSSI: -82 [da:0a:23:43:09:0c]
RSSI: -79 [da:0a:23:4f:09:2c]
RSSI: -78 [da:0a:23:4f:09:2c]
RSSI: -81 [da:0a:23:5c:09:5c]
RSSI: -82 [da:0a:23:5c:09:5c]
RSSI: -83 [da:0a:23:69:09:7c]
RSSI: -84 [da:0a:23:69:09:7c]
RSSI: -84 [da:0a:23:69:09:7c]
RSSI: -88 [da:0a:23:83:09:cc]
RSSI: -87 [da:51:57:d5:05:ea]
RSSI: -87 [da:0a:23:90:09:fc]
RSSI: -86 [da:0a:23:90:09:fc]
RSSI: -80 [da:0a:23:a9:0a:3c]
RSSI: -86 [da:51:57:fc:06:5a]
RSSI: -82 [da:0a:23:b6:0a:6c]
RSSI: -88 [da:51:57:fc:06:5a]
RSSI: -81 [da:0a:23:b6:0a:6c]
RSSI: -78 [da:0a:23:b6:0a:6c]
RSSI: -86 [da:51:58:09:06:7a]
RSSI: -79 [da:0a:23:c3:0a:8c]
RSSI: -86 [da:51:58:16:06:aa]
RSSI: -87 [da:51:58:16:06:aa]
RSSI: -78 [da:0a:23:d0:0a:bc]
RSSI: -88 [da:51:58:16:06:aa]
RSSI: -78 [da:0a:23:dd:0a:dc]
RSSI: -86 [da:51:58:23:06:ca]
RSSI: -78 [da:0a:23:dd:0a:dc]
RSSI: -86 [da:51:58:23:06:ca]
RSSI: -86 [da:51:58:35:06:fa]
RSSI: -76 [da:0a:23:e9:0b:0c]
RSSI: -79 [da:0a:23:f6:0b:2c]
RSSI: -84 [da:51:58:46:07:2a]
RSSI: -76 [da:0a:24:03:0b:5c]
RSSI: -86 [da:51:58:53:07:4a]
RSSI: -86 [da:51:58:53:07:4a]
RSSI: -81 [da:0a:24:10:0b:7c]
RSSI: -75 [da:0a:24:10:0b:7c]
RSSI: -79 [da:0a:24:1d:0b:ac]
RSSI: -81 [da:0a:24:1d:0b:ac]
RSSI: -85 [da:51:58:6d:07:9a]
RSSI: -75 [da:0a:24:2a:0b:cc]
RSSI: -89 [da:51:58:6d:07:9a]
RSSI: -78 [da:0a:24:2a:0b:cc]
RSSI: -87 [da:51:58:7a:07:ba]
RSSI: -86 [da:51:58:7a:07:ba]
RSSI: -82 [da:0a:24:36:0b:fc]
RSSI: -90 [da:51:58:87:07:da]
RSSI: -75 [da:0a:24:36:0b:fc]
RSSI: -89 [da:51:58:87:07:da]
RSSI: -77 [da:0a:24:43:0c:1c]
RSSI: -87 [da:51:58:95:08:0a]
RSSI: -83 [da:0a:24:43:0c:1c]
RSSI: -76 [da:0a:24:50:0c:4c]
RSSI: -85 [da:0a:24:5d:0c:6c]
RSSI: -84 [da:0a:24:5d:0c:6c]
RSSI: -78 [da:0a:24:5d:0c:6c]
RSSI: -81 [da:0a:24:77:0c:bc]
RSSI: -75 [da:0a:24:77:0c:bc]
RSSI: -83 [da:0a:24:83:0c:ec]
RSSI: -83 [da:0a:24:83:0c:ec]
RSSI: -76 [da:0a:24:90:0d:0c]
RSSI: -93 [da:51:58:e3:08:ea]
RSSI: -80 [da:0a:24:9d:0d:3c]
RSSI: -77 [da:0a:24:9d:0d:3c]
RSSI: -79 [da:0a:24:aa:0d:5c]
RSSI: -79 [da:0a:24:aa:0d:5c]
RSSI: -76 [da:0a:24:b7:0d:8c]
RSSI: -78 [da:0a:24:c4:0d:ac]
RSSI: -81 [da:0a:24:d0:0d:dc]
RSSI: -89 [da:0a:24:d0:0d:dc]
RSSI: -75 [da:0a:24:dd:0d:fc]
RSSI: -77 [da:0a:24:dd:0d:fc]
RSSI: -74 [da:0a:24:ea:0e:2c]
RSSI: -73 [da:0a:24:ea:0e:2c]
RSSI: -76 [da:0a:24:f7:0e:4c]
RSSI: -93 [da:4f:75:33:09:fb]
RSSI: -73 [da:0a:24:f7:0e:4c]
RSSI: -72 [da:0a:25:04:0e:7c]
RSSI: -75 [da:0a:25:04:0e:7c]
RSSI: -73 [da:0a:25:11:0e:9c]
RSSI: -74 [da:0a:25:11:0e:9c]
RSSI: -75 [da:0a:25:1e:0e:cc]
RSSI: -73 [da:0a:25:1e:0e:cc]
RSSI: -75 [da:0a:25:2b:0e:ec]
RSSI: -76 [da:0a:25:2b:0e:ec]
RSSI: -75 [da:0a:25:2b:0e:ec]
RSSI: -75 [da:0a:25:38:0f:1c]
RSSI: -76 [da:0a:25:44:0f:3c]
RSSI: -73 [da:0a:25:44:0f:3c]
RSSI: -74 [da:0a:25:51:0f:6c]
RSSI: -74 [da:0a:25:51:0f:6c]
RSSI: -73 [da:0a:25:5e:0f:8c]
RSSI: -73 [da:0a:25:5e:0f:8c]
RSSI: -74 [da:0a:25:6b:0f:bc]
RSSI: -73 [da:0a:25:6b:0f:bc]
RSSI: -74 [da:0a:25:78:0f:dc]
RSSI: -74 [da:0a:25:85:10:0c]
RSSI: -74 [da:0a:25:85:10:0c]
RSSI: -76 [da:0a:25:91:10:2c]
RSSI: -76 [da:0a:25:91:10:2c]
RSSI: -76 [da:0a:25:9f:10:5c]
RSSI: -76 [da:0a:25:ab:10:7c]
RSSI: -76 [da:0a:25:ab:10:7c]
RSSI: -75 [da:0a:25:b8:10:ac]
RSSI: -75 [da:0a:25:b8:10:ac]
RSSI: -76 [da:0a:25:c5:10:dc]
RSSI: -76 [da:0a:25:d2:10:fc]
RSSI: -77 [da:0a:25:d2:10:fc]
RSSI: -78 [da:0a:25:d2:10:fc]
RSSI: -78 [da:0a:25:df:11:1c]
RSSI: -80 [da:0a:25:df:11:1c]
RSSI: -83 [da:0a:25:ec:11:4c]
RSSI: -84 [da:0a:26:05:11:9c]
RSSI: -84 [da:0a:26:05:11:9c]
RSSI: -86 [da:0a:26:13:11:bc]
RSSI: -88 [da:0a:26:2c:12:0c]
RSSI: -91 [da:51:5a:7d:0d:7a]
RSSI: -82 [da:0a:26:46:12:5c]
RSSI: -97 [da:51:5a:a4:0d:ea]
RSSI: -80 [da:0a:26:60:12:ac]
RSSI: -83 [da:0a:26:6d:12:cc]
RSSI: -93 [da:51:5a:bf:0e:3a]
RSSI: -79 [da:0a:26:7a:12:ec]
RSSI: -76 [da:0a:26:87:13:1c]
RSSI: -76 [da:0a:26:87:13:1c]
RSSI: -81 [da:0a:26:94:13:3c]
RSSI: -77 [da:0a:26:a0:13:6c]
RSSI: -77 [da:0a:26:ae:13:8c]
RSSI: -77 [da:0a:26:ae:13:8c]
RSSI: -85 [da:0a:26:bb:13:bc]
RSSI: -76 [da:0a:26:c7:13:dc]
RSSI: -75 [da:0a:26:d4:14:0c]
RSSI: -75 [da:0a:26:d4:14:0c]
RSSI: -85 [da:0a:26:e1:14:2c]
RSSI: -76 [da:0a:26:ee:14:5c]
RSSI: -76 [da:0a:26:fb:14:7c]
RSSI: -79 [da:0a:26:fb:14:7c]
RSSI: -81 [da:0a:27:08:14:ac]
RSSI: -80 [da:0a:27:08:14:ac]
RSSI: -84 [da:0a:27:15:14:cc]
RSSI: -79 [da:0a:27:22:14:ec]
RSSI: -84 [da:0a:27:2f:15:1c]
RSSI: -78 [da:0a:27:2f:15:1c]
RSSI: -82 [da:0a:27:3c:15:3c]
RSSI: -80 [da:0a:27:3c:15:3c]
RSSI: -75 [da:0a:27:49:15:6c]
RSSI: -76 [da:0a:27:49:15:6c]
RSSI: -77 [da:0a:27:56:15:8c]
RSSI: -73 [da:0a:27:56:15:8c]
RSSI: -74 [da:0a:27:63:15:ac]
RSSI: -73 [da:0a:27:63:15:ac]
RSSI: -71 [da:0a:27:70:15:dc]
RSSI: -72 [da:0a:27:70:15:dc]
RSSI: -70 [da:0a:27:7d:15:fc]
RSSI: -70 [da:0a:27:7d:15:fc]
RSSI: -70 [da:0a:27:89:16:2c]
RSSI: -68 [da:0a:27:89:16:2c]
RSSI: -69 [da:0a:27:97:16:4c]
RSSI: -69 [da:0a:27:97:16:4c]
RSSI: -95 [da:4f:77:d3:11:eb]
RSSI: -69 [da:0a:27:97:16:4c]
RSSI: -67 [da:0a:27:a4:16:7c]
RSSI: -68 [da:0a:27:a4:16:7c]
RSSI: -67 [da:0a:27:b0:00:2c]
RSSI: -66 [da:0a:27:b0:00:2c]
RSSI: -68 [da:0a:27:bd:00:4c]
RSSI: -67 [da:0a:27:bd:00:4c]
RSSI: -66 [da:0a:27:cb:00:7c]
RSSI: -68 [da:0a:27:cb:00:7c]
RSSI: -67 [da:0a:27:d7:00:9c]
RSSI: -66 [da:0a:27:d7:00:9c]
RSSI: -69 [da:0a:27:e4:00:cc]
RSSI: -68 [da:0a:27:e4:00:cc]
RSSI: -70 [da:0a:27:f1:00:ec]
RSSI: -70 [da:0a:27:f1:00:ec]
RSSI: -69 [da:0a:27:fe:01:1c]
RSSI: -67 [da:0a:27:fe:01:1c]
RSSI: -71 [da:0a:28:0b:01:3c]
RSSI: -71 [da:0a:28:0b:01:3c]
RSSI: -73 [da:0a:28:18:01:6c]
RSSI: -71 [da:0a:28:25:01:8c]
RSSI: -71 [da:0a:28:25:01:8c]
RSSI: -78 [da:0a:28:32:01:bc]
RSSI: -85 [da:0a:28:3f:01:dc]
RSSI: -81 [da:0a:28:4c:02:0c]
RSSI: -83 [da:0a:28:59:02:2c]
RSSI: -82 [da:0a:28:59:02:2c]
RSSI: -82 [da:0a:28:66:02:5c]
RSSI: -76 [da:0a:28:73:02:7c]
RSSI: -77 [da:0a:28:80:02:ac]
RSSI: -78 [da:0a:28:8d:02:cc]
RSSI: -77 [da:0a:28:a7:03:1c]
RSSI: -81 [da:0a:28:b4:03:3c]
RSSI: -81 [da:0a:28:b4:03:3c]
RSSI: -78 [da:0a:28:b4:03:3c]
RSSI: -76 [da:0a:28:c1:03:6c]
RSSI: -79 [da:0a:28:ce:03:8c]
RSSI: -82 [da:0a:28:db:03:bc]
RSSI: -78 [da:0a:28:db:03:bc]
RSSI: -75 [da:0a:28:e8:03:dc]
RSSI: -81 [da:0a:28:e8:03:dc]
RSSI: -77 [da:0a:28:f5:03:fc]
RSSI: -81 [da:0a:29:02:04:2c]
RSSI: -77 [da:0a:29:02:04:2c]
RSSI: -75 [da:0a:29:0f:04:4c]
RSSI: -82 [da:0a:29:0f:04:4c]
RSSI: -80 [da:0a:29:1c:04:7c]
RSSI: -78 [da:0a:29:1c:04:7c]
RSSI: -82 [da:0a:29:2a:04:9c]
RSSI: -85 [da:0a:29:2a:04:9c]
RSSI: -84 [da:0a:29:36:04:cc]
RSSI: -83 [da:0a:29:43:04:ec]
RSSI: -85 [da:0a:29:43:04:ec]
RSSI: -79 [da:0a:29:51:05:1c]
RSSI: -79 [da:0a:29:51:05:1c]
RSSI: -86 [da:0a:29:5d:05:3c]
RSSI: -77 [da:0a:29:6a:05:6c]
RSSI: -82 [da:0a:29:6a:05:6c]
RSSI: -77 [da:0a:29:78:05:9c]
RSSI: -93 [da:51:5d:c1:00:6a]
RSSI: -83 [da:0a:29:84:05:bc]
RSSI: -80 [da:0a:29:92:05:ec]
RSSI: -78 [da:0a:29:92:05:ec]
RSSI: -81 [da:0a:29:9f:06:0c]
RSSI: -90 [da:4f:79:d2:01:5b]
RSSI: -82 [da:0a:29:9f:06:0c]
RSSI: -87 [da:4f:79:e1:01:7b]
RSSI: -82 [da:0a:29:ab:06:3c]
RSSI: -86 [da:4f:79:ed:01:ab]
RSSI: -80 [da:0a:29:b9:06:5c]
RSSI: -86 [da:4f:79:ed:01:ab]
RSSI: -82 [da:0a:29:c6:06:8c]
RSSI: -90 [da:4f:79:fc:01:db]
RSSI: -87 [da:0a:29:c6:06:8c]
RSSI: -80 [da:0a:29:d2:06:ac]
RSSI: -93 [da:51:5e:2c:01:9a]
RSSI: -80 [da:0a:29:e0:06:dc]
RSSI: -83 [da:0a:29:ed:06:fc]
RSSI: -81 [da:0a:29:ed:06:fc]
RSSI: -84 [da:4f:7a:27:02:5b]
RSSI: -80 [da:0a:29:fa:07:2c]
RSSI: -79 [da:0a:2a:07:07:4c]
RSSI: -80 [da:0a:2a:14:07:7c]
RSSI: -85 [da:4f:7a:51:02:db]
RSSI: -79 [da:0a:2a:21:07:9c]
RSSI: -90 [da:4f:7a:60:02:fb]
RSSI: -77 [da:0a:2a:21:07:9c]
RSSI: -76 [da:0a:2a:2e:07:cc]
RSSI: -76 [da:0a:2a:2e:07:cc]
RSSI: -91 [da:4f:7a:6c:03:2b]
RSSI: -76 [da:0a:2a:3b:07:ec]
RSSI: -78 [da:0a:2a:48:08:1c]
RSSI: -75 [da:0a:2a:48:08:1c]
RSSI: -80 [da:0a:2a:55:08:3c]
RSSI: -79 [da:0a:2a:6f:08:8c]
RSSI: -76 [da:0a:2a:6f:08:8c]
RSSI: -85 [da:0a:2a:7c:08:bc]
RSSI: -86 [da:4f:7a:b4:03:fb]
RSSI: -77 [da:0a:2a:7c:08:bc]
RSSI: -76 [da:0a:2a:8a:08:ec]
RSSI: -83 [da:0a:2a:8a:08:ec]
RSSI: -88 [da:4f:7a:c1:04:2b]
RSSI: -77 [da:0a:2a:96:09:0c]
RSSI: -77 [da:0a:2a:96:09:0c]
RSSI: -78 [da:0a:2a:96:09:0c]
RSSI: -77 [da:0a:2a:96:09:0c]
RSSI: -80 [da:0a:2a:a4:09:3c]
RSSI: -78 [da:0a:2a:a4:09:3c]
RSSI: -81 [da:0a:2a:b1:09:5c]
RSSI: -81 [da:0a:2a:b1:09:5c]
RSSI: -95 [da:51:5f:0e:04:1a]
RSSI: -87 [da:0a:2a:d8:09:dc]
RSSI: -89 [da:0a:2a:e5:09:fc]
RSSI: -85 [da:0a:2a:e5:09:fc]
RSSI: -78 [da:0a:2a:ff:0a:5c]
RSSI: -78 [da:0a:2a:ff:0a:5c]
RSSI: -80 [da:0a:2b:0c:0a:7c]
RSSI: -77 [da:0a:2b:26:0a:cc]
RSSI: -77 [da:0a:2b:33:0a:fc]
RSSI: -93 [da:51:5f:7a:05:4a]
RSSI: -84 [da:0a:2b:40:0b:1c]
RSSI: -76 [da:0a:2b:40:0b:1c]
RSSI: -91 [da:51:5f:95:05:8a]
RSSI: -88 [da:51:5f:95:05:8a]
RSSI: -78 [da:0a:2b:4e:0b:4c]
RSSI: -74 [da:0a:2b:5a:0b:6c]
RSSI: -81 [da:0a:2b:68:0b:9c]
RSSI: -75 [da:0a:2b:68:0b:9c]
RSSI: -85 [da:51:5f:bd:05:fa]
RSSI: -80 [da:0a:2b:75:0b:cc]
RSSI: -75 [da:0a:2b:82:0b:ec]
RSSI: -82 [da:0a:2b:8f:0c:1c]
RSSI: -96 [da:51:5f:d7:06:4a]
RSSI: -75 [da:0a:2b:8f:0c:1c]
RSSI: -79 [da:0a:2b:9c:0c:3c]
RSSI: -84 [da:51:5f:e5:06:7a]
RSSI: -84 [da:0a:2b:9c:0c:3c]
RSSI: -76 [da:0a:2b:a9:0c:6c]
RSSI: -78 [da:0a:2b:a9:0c:6c]
RSSI: -85 [da:0a:2b:b6:0c:8c]
RSSI: -77 [da:0a:2b:b6:0c:8c]
RSSI: -78 [da:0a:2b:b6:0c:8c]
RSSI: -86 [da:51:60:0d:06:ea]
RSSI: -87 [da:0a:2b:c4:0c:bc]
RSSI: -91 [da:51:60:1b:07:0a]
RSSI: -81 [da:0a:2b:d0:0c:dc]
RSSI: -86 [da:51:60:1b:07:0a]
RSSI: -76 [da:0a:2b:d0:0c:dc]
RSSI: -81 [da:0a:2b:de:0d:0c]
RSSI: -76 [da:0a:2b:eb:0d:3c]
RSSI: -89 [da:0a:2b:eb:0d:3c]
RSSI: -90 [da:0a:2c:05:0d:8c]
RSSI: -80 [da:0a:2c:05:0d:8c]
RSSI: -92 [da:51:60:6c:07:ea]
RSSI: -80 [da:0a:2c:1f:0d:dc]
RSSI: -76 [da:0a:2c:32:0e:0c]
RSSI: -76 [da:0a:2c:32:0e:0c]
RSSI: -77 [da:0a:2c:32:0e:0c]
RSSI: -74 [da:0a:2c:42:0e:3c]
RSSI: -76 [da:0a:2c:4e:0e:6c]
RSSI: -73 [da:0a:2c:4e:0e:6c]
RSSI: -73 [da:0a:2c:5c:0e:8c]
RSSI: -76 [da:0a:2c:5c:0e:8c]
RSSI: -74 [da:0a:2c:69:0e:bc]
RSSI: -76 [da:0a:2c:76:0e:dc]
RSSI: -75 [da:0a:2c:76:0e:dc]
RSSI: -78 [da:0a:2c:83:0f:0c]
RSSI: -77 [da:0a:2c:83:0f:0c]
RSSI: -75 [da:0a:2c:91:0f:3c]
RSSI: -78 [da:0a:2c:91:0f:3c]
RSSI: -76 [da:0a:2c:9d:0f:5c]
RSSI: -74 [da:0a:2c:9d:0f:5c]
RSSI: -75 [da:0a:2c:ab:0f:8c]
RSSI: -74 [da:0a:2c:b8:0f:ac]
RSSI: -74 [da:0a:2c:b8:0f:ac]
RSSI: -75 [da:0a:2c:c5:0f:dc]
RSSI: -74 [da:0a:2c:c5:0f:dc]
RSSI: -90 [da:4f:7d:08:0b:0b]
RSSI: -76 [da:0a:2c:d2:0f:fc]
RSSI: -75 [da:0a:2c:df:10:2c]
RSSI: -77 [da:0a:2c:ec:10:4c]
RSSI: -77 [da:0a:2c:f9:10:7c]
RSSI: -78 [da:0a:2d:07:10:ac]
RSSI: -77 [da:0a:2d:13:10:cc]
RSSI: -77 [da:0a:2d:21:10:fc]
RSSI: -78 [da:0a:2d:21:10:fc]
RSSI: -80 [da:0a:2d:2e:11:1c]
RSSI: -82 [da:0a:2d:3b:11:4c]
RSSI: -92 [da:4f:7d:79:0c:5b]
RSSI: -87 [da:0a:2d:48:11:6c]
RSSI: -87 [da:0a:2d:56:11:9c]
RSSI: -86 [da:0a:2d:62:11:bc]
RSSI: -85 [da:0a:2d:70:11:ec]
RSSI: -86 [da:0a:2d:70:11:ec]
RSSI: -89 [da:0a:2d:7d:12:0c]
RSSI: -85 [da:0a:2d:8a:12:2c]
RSSI: -81 [da:0a:2d:97:12:5c]
RSSI: -82 [da:0a:2d:97:12:5c]
RSSI: -79 [da:0a:2d:a5:12:8c]
RSSI: -79 [da:0a:2d:a5:12:8c]
RSSI: -81 [da:0a:2d:b1:12:ac]
RSSI: -81 [da:0a:2d:b1:12:ac]
RSSI: -79 [da:0a:2d:bf:12:cc]
RSSI: -80 [da:0a:2d:bf:12:cc]
RSSI: -77 [da:0a:2d:cc:12:fc]
RSSI: -81 [da:0a:2d:d9:13:1c]
RSSI: -76 [da:0a:2d:e6:13:4c]
RSSI: -76 [da:0a:2d:f4:13:7c]
RSSI: -84 [da:0a:2e:01:13:9c]
RSSI: -78 [da:0a:2e:0e:13:bc]
RSSI: -77 [da:0a:2e:1b:13:ec]
RSSI: -77 [da:0a:2e:1b:13:ec]
RSSI: -86 [da:0a:2e:28:14:0c]
RSSI: -75 [da:0a:2e:28:14:0c]
RSSI: -76 [da:0a:2e:36:14:3c]
RSSI: -84 [da:0a:2e:36:14:3c]
RSSI: -75 [da:0a:2e:43:14:5c]
RSSI: -77 [da:0a:2e:43:14:5c]
RSSI: -79 [da:0a:2e:50:14:8c]
RSSI: -75 [da:0a:2e:50:14:8c]
RSSI: -80 [da:0a:2e:5d:14:ac]
RSSI: -78 [da:0a:2e:5d:14:ac]
RSSI: -77 [da:0a:2e:6b:14:dc]
RSSI: -81 [da:0a:2e:77:14:fc]
RSSI: -81 [da:0a:2e:85:15:2c]
RSSI: -82 [da:0a:2e:85:15:2c]
RSSI: -79 [da:0a:2e:92:15:4c]
RSSI: -79 [da:0a:2e:92:15:4c]
RSSI: -74 [da:0a:2e:9f:15:7c]
RSSI: -77 [da:0a:2e:ac:15:9c]
RSSI: -72 [da:0a:2e:ba:15:cc]
RSSI: -70 [da:0a:2e:c7:15:ec]
RSSI: -70 [da:0a:2e:c7:15:ec]
RSSI: -70 [da:0a:2e:c7:15:ec]
RSSI: -70 [da:0a:2e:d4:16:1c]
RSSI: -70 [da:0a:2e:d4:16:1c]
RSSI: -68 [da:0a:2e:e2:16:3c]
RSSI: -67 [da:0a:2e:ee:16:5c]
RSSI: -67 [da:0a:2e:fc:00:0c]
RSSI: -67 [da:0a:2e:fc:00:0c]
RSSI: -66 [da:0a:2f:09:00:2c]
RSSI: -66 [da:0a:2f:09:00:2c]
RSSI: -67 [da:0a:2f:09:00:2c]
RSSI: -67 [da:0a:2f:16:00:4c]
RSSI: -67 [da:0a:2f:16:00:4c]
RSSI: -66 [da:0a:2f:16:00:4c]
RSSI: -66 [da:0a:2f:16:00:4c]
RSSI: -67 [da:0a:2f:23:00:7c]
RSSI: -67 [da:0a:2f:23:00:7c]
RSSI: -66 [da:0a:2f:31:00:ac]
RSSI: -67 [da:0a:2f:31:00:ac]
RSSI: -67 [da:0a:2f:3e:00:cc]
RSSI: -67 [da:0a:2f:3e:00:cc]
RSSI: -68 [da:0a:2f:4b:00:fc]
RSSI: -68 [da:0a:2f:59:01:1c]
RSSI: -68 [da:0a:2f:59:01:1c]
RSSI: -68 [da:0a:2f:59:01:1c]
RSSI: -70 [da:0a:2f:65:01:3c]
RSSI: -70 [da:0a:2f:65:01:3c]
RSSI: -72 [da:0a:2f:73:01:6c]
RSSI: -72 [da:0a:2f:80:01:9c]
RSSI: -79 [da:0a:2f:8d:01:bc]
RSSI: -93 [da:4f:7f:c0:13:2b]
RSSI: -81 [da:0a:2f:9b:01:dc]
RSSI: -83 [da:0a:2f:b5:02:2c]
RSSI: -83 [da:0a:2f:c2:02:5c]
RSSI: -77 [da:0a:2f:d0:02:7c]
RSSI: -80 [da:0a:2f:d0:02:7c]
RSSI: -77 [da:0a:2f:dc:02:ac]
RSSI: -74 [da:0a:2f:dc:02:ac]
RSSI: -79 [da:0a:2f:ea:02:cc]
RSSI: -77 [da:0a:2f:ea:02:cc]
RSSI: -73 [da:0a:2f:f7:02:fc]
RSSI: -80 [da:0a:2f:f7:02:fc]
RSSI: -78 [da:0a:30:04:03:1c]
RSSI: -75 [da:0a:30:04:03:1c]
RSSI: -83 [da:0a:30:12:03:4c]
RSSI: -84 [da:0a:30:1f:03:7c]
RSSI: -77 [da:0a:30:2c:03:9c]
RSSI: -78 [da:0a:30:3a:03:cc]
RSSI: -76 [da:0a:30:54:04:1c]
RSSI: -79 [da:0a:30:61:04:3c]
RSSI: -85 [da:0a:30:6f:04:6c]
RSSI: -82 [da:0a:30:6f:04:6c]
RSSI: -80 [da:0a:30:7c:04:8c]
RSSI: -88 [da:0a:30:89:04:bc]
RSSI: -82 [da:0a:30:89:04:bc]
RSSI: -85 [da:0a:30:97:04:ec]
RSSI: -84 [da:0a:30:a3:05:0c]
RSSI: -82 [da:0a:30:b1:05:3c]
RSSI: -85 [da:0a:30:b1:05:3c]
RSSI: -81 [da:0a:30:bf:05:5c]
RSSI: -81 [da:0a:30:bf:05:5c]
RSSI: -79 [da:0a:30:cb:05:8c]
RSSI: -80 [da:0a:30:d9:05:ac]
RSSI: -84 [da:0a:30:e6:05:dc]
RSSI: -84 [da:0a:30:e6:05:dc]
RSSI: -78 [da:0a:30:f3:05:fc]
RSSI: -78 [da:0a:30:f3:05:fc]
RSSI: -93 [da:4f:81:37:01:0b]
RSSI: -81 [da:0a:31:01:06:2c]
RSSI: -87 [da:0a:31:0e:06:5c]
RSSI: -80 [da:0a:31:1b:06:7c]
RSSI: -88 [da:0a:31:1b:06:7c]
RSSI: -80 [da:0a:31:29:06:ac]
RSSI: -79 [da:0a:31:29:06:ac]
RSSI: -83 [da:0a:31:36:06:cc]
RSSI: -79 [da:0a:31:36:06:cc]
RSSI: -79 [da:0a:31:43:06:fc]
RSSI: -80 [da:0a:31:43:06:fc]
RSSI: -92 [da:4f:81:7e:01:db]
RSSI: -80 [da:0a:31:51:07:2c]
RSSI: -81 [da:0a:31:51:07:2c]
RSSI: -79 [da:0a:31:5e:07:4c]
RSSI: -77 [da:0a:31:5e:07:4c]
RSSI: -81 [da:0a:31:6b:07:7c]
RSSI: -79 [da:0a:31:6b:07:7c]
RSSI: -85 [da:4f:81:a9:02:5b]
RSSI: -80 [da:0a:31:78:07:9c]
RSSI: -77 [da:0a:31:86:07:cc]
RSSI: -89 [da:4f:81:c4:02:ab]
RSSI: -76 [da:0a:31:93:07:ec]
RSSI: -88 [da:4f:81:c4:02:ab]
RSSI: -80 [da:0a:31:a0:08:1c]
RSSI: -76 [da:0a:31:a0:08:1c]
RSSI: -84 [da:4f:81:e3:02:fb]
RSSI: -82 [da:0a:31:ae:08:4c]
RSSI: -85 [da:4f:81:e3:02:fb]
RSSI: -76 [da:0a:31:bb:08:6c]
RSSI: -81 [da:0a:31:c8:08:9c]
RSSI: -76 [da:0a:31:c8:08:9c]
RSSI: -86 [da:4f:82:0e:03:7b]
RSSI: -79 [da:0a:31:d6:08:cc]
RSSI: -77 [da:0a:31:e3:08:ec]
RSSI: -78 [da:0a:31:f0:09:1c]
RSSI: -78 [da:0a:31:f0:09:1c]
RSSI: -84 [da:0a:31:fe:09:3c]
RSSI: -79 [da:0a:31:fe:09:3c]
RSSI: -82 [da:0a:32:0b:09:6c]
RSSI: -86 [da:0a:32:0b:09:6c]
RSSI: -87 [da:4f:82:46:04:2b]
RSSI: -84 [da:0a:32:18:09:8c]
RSSI: -87 [da:0a:32:18:09:8c]
RSSI: -92 [da:0a:32:26:09:bc]
RSSI: -85 [da:0a:32:33:09:dc]
RSSI: -83 [da:0a:32:40:0a:0c]
RSSI: -79 [da:0a:32:5b:0a:5c]
RSSI: -93 [da:51:66:a3:03:6a]
RSSI: -95 [da:4f:82:8f:05:0b]
RSSI: -79 [da:0a:32:68:0a:8c]
RSSI: -78 [da:0a:32:68:0a:8c]
RSSI: -79 [da:0a:32:76:0a:bc]
RSSI: -79 [da:0a:32:83:0a:dc]
RSSI: -78 [da:0a:32:90:0b:0c]
RSSI: -79 [da:0a:32:90:0b:0c]
RSSI: -89 [da:0a:32:9e:0b:2c]
RSSI: -78 [da:0a:32:9e:0b:2c]
RSSI: -84 [da:0a:32:ab:0b:5c]
RSSI: -80 [da:0a:32:b8:0b:7c]
RSSI: -83 [da:0a:32:c6:0b:ac]
RSSI: -77 [da:0a:32:c6:0b:ac]
RSSI: -82 [da:0a:32:d3:0b:dc]
RSSI: -79 [da:0a:32:e1:0b:fc]
RSSI: -84 [da:0a:32:fb:0c:4c]
RSSI: -77 [da:0a:32:fb:0c:4c]
RSSI: -79 [da:0a:33:09:0c:7c]
RSSI: -79 [da:0a:33:16:0c:ac]
RSSI: -78 [da:0a:33:16:0c:ac]
RSSI: -90 [da:51:67:62:05:8a]
RSSI: -82 [da:0a:33:23:0c:cc]
RSSI: -80 [da:0a:33:3e:0d:2c]
RSSI: -89 [da:51:67:8b:05:fa]
RSSI: -78 [da:0a:33:3e:0d:2c]
RSSI: -79 [da:0a:33:4b:0d:4c]
RSSI: -77 [da:0a:33:66:0d:9c]
RSSI: -87 [da:51:67:b4:06:6a]
RSSI: -79 [da:0a:33:73:0d:cc]
RSSI: -86 [da:51:67:c2:06:8a]
RSSI: -80 [da:0a:33:81:0d:fc]
RSSI: -75 [da:0a:33:8f:0e:1c]
RSSI: -75 [da:0a:33:8f:0e:1c]
RSSI: -74 [da:0a:33:9b:0e:4c]
RSSI: -74 [da:0a:33:9b:0e:4c]
RSSI: -74 [da:0a:33:9b:0e:4c]
RSSI: -87 [da:51:67:eb:07:0a]
RSSI: -78 [da:0a:33:a9:0e:6c]
RSSI: -74 [da:0a:33:a9:0e:6c]
RSSI: -74 [da:0a:33:b7:0e:9c]
RSSI: -77 [da:0a:33:b7:0e:9c]
RSSI: -76 [da:0a:33:c3:0e:bc]
RSSI: -86 [da:51:68:14:07:7a]
RSSI: -76 [da:0a:33:c3:0e:bc]
RSSI: -87 [da:51:68:14:07:7a]
RSSI: -78 [da:0a:33:d1:0e:ec]
RSSI: -76 [da:0a:33:d1:0e:ec]
RSSI: -87 [da:51:68:20:07:9a]
RSSI: -78 [da:0a:33:df:0f:1c]
RSSI: -79 [da:0a:33:ec:0f:3c]
RSSI: -88 [da:51:68:3d:07:fa]
RSSI: -76 [da:0a:33:f9:0f:6c]
RSSI: -89 [da:51:68:4a:08:1a]
RSSI: -77 [da:0a:34:07:0f:9c]
RSSI: -77 [da:0a:34:07:0f:9c]
RSSI: -75 [da:0a:34:14:0f:bc]
RSSI: -75 [da:0a:34:14:0f:bc]
RSSI: -75 [da:0a:34:22:0f:ec]
RSSI: -75 [da:0a:34:22:0f:ec]
RSSI: -76 [da:0a:34:2f:10:0c]
RSSI: -77 [da:0a:34:2f:10:0c]
RSSI: -76 [da:0a:34:3c:10:3c]
RSSI: -77 [da:0a:34:3c:10:3c]
RSSI: -79 [da:0a:34:4a:10:6c]
RSSI: -77 [da:0a:34:4a:10:6c]
RSSI: -77 [da:0a:34:58:10:8c]
RSSI: -79 [da:0a:34:58:10:8c]
RSSI: -77 [da:0a:34:64:10:bc]
RSSI: -78 [da:0a:34:72:10:dc]
RSSI: -78 [da:0a:34:80:11:0c]
RSSI: -78 [da:0a:34:80:11:0c]
RSSI: -92 [da:4f:84:c2:0b:ab]
RSSI: -80 [da:0a:34:8c:11:3c]
RSSI: -81 [da:0a:34:8c:11:3c]
RSSI: -86 [da:0a:34:9a:11:5c]
RSSI: -86 [da:0a:34:9a:11:5c]
RSSI: -86 [da:0a:34:a8:11:8c]
RSSI: -88 [da:0a:34:b5:11:ac]
RSSI: -94 [da:51:69:0b:0a:3a]
RSSI: -95 [da:51:69:0b:0a:3a]
RSSI: -90 [da:0a:34:c3:11:dc]
RSSI: -84 [da:0a:34:d0:11:fc]
RSSI: -86 [da:0a:34:dd:12:2c]
RSSI: -83 [da:0a:34:eb:12:4c]
RSSI: -82 [da:0a:34:f9:12:7c]
RSSI: -86 [da:0a:35:05:12:9c]
RSSI: -97 [da:51:69:4f:0b:0a]
RSSI: -80 [da:0a:35:13:12:cc]
RSSI: -80 [da:0a:35:13:12:cc]
RSSI: -83 [da:0a:35:13:12:cc]
RSSI: -81 [da:0a:35:21:12:ec]
RSSI: -78 [da:0a:35:2d:13:1c]
RSSI: -76 [da:0a:35:3b:13:3c]
RSSI: -76 [da:0a:35:3b:13:3c]
RSSI: -80 [da:0a:35:49:13:6c]
RSSI: -77 [da:0a:35:49:13:6c]
RSSI: -77 [da:0a:35:56:13:8c]
RSSI: -81 [da:0a:35:56:13:8c]
RSSI: -77 [da:0a:35:64:13:bc]
RSSI: -97 [da:51:69:af:0c:1a]
RSSI: -76 [da:0a:35:71:13:dc]
RSSI: -76 [da:0a:35:71:13:dc]
RSSI: -84 [da:0a:35:7e:14:0c]
RSSI: -77 [da:0a:35:8c:14:2c]
RSSI: -75 [da:0a:35:9a:14:5c]
RSSI: -84 [da:0a:35:a6:14:7c]
RSSI: -80 [da:0a:35:b4:14:ac]
RSSI: -85 [da:0a:35:cf:14:fc]
RSSI: -81 [da:0a:35:cf:14:fc]
RSSI: -83 [da:0a:35:dd:15:2c]
RSSI: -85 [da:0a:35:dd:15:2c]
RSSI: -79 [da:0a:35:eb:15:4c]
RSSI: -78 [da:0a:35:eb:15:4c]
RSSI: -75 [da:0a:35:f7:15:7c]
RSSI: -72 [da:0a:36:13:15:cc]
RSSI: -72 [da:0a:36:13:15:cc]
RSSI: -70 [da:0a:36:20:15:ec]
RSSI: -74 [da:0a:36:2e:16:1c]
RSSI: -69 [da:0a:36:2e:16:1c]
RSSI: -69 [da:0a:36:3b:16:4c]
RSSI: -67 [da:0a:36:48:16:6c]
RSSI: -68 [da:0a:36:48:16:6c]
RSSI: -72 [da:0a:36:56:00:0c]
RSSI: -92 [da:51:6a:a7:0e:da]
RSSI: -67 [da:0a:36:56:00:0c]
RSSI: -71 [da:0a:36:64:00:2c]
RSSI: -66 [da:0a:36:70:00:4c]
RSSI: -68 [da:0a:36:70:00:4c]
RSSI: -67 [da:0a:36:7e:00:7c]
RSSI: -71 [da:0a:36:8c:00:ac]
RSSI: -93 [da:4f:86:c4:11:bb]
RSSI: -68 [da:0a:36:99:00:cc]
RSSI: -67 [da:0a:36:a7:00:fc]
RSSI: -70 [da:0a:36:a7:00:fc]
RSSI: -73 [da:0a:36:b5:01:1c]
RSSI: -72 [da:0a:36:c1:01:4c]
RSSI: -72 [da:0a:36:c1:01:4c]
RSSI: -72 [da:0a:36:cf:01:6c]
RSSI: -76 [da:0a:36:cf:01:6c]
RSSI: -76 [da:0a:36:cf:01:6c]
RSSI: -76 [da:0a:36:dd:01:9c]
RSSI: -75 [da:0a:36:dd:01:9c]
RSSI: -81 [da:0a:36:ea:01:bc]
RSSI: -81 [da:0a:36:ea:01:bc]
RSSI: -81 [da:0a:36:f8:01:ec]
RSSI: -85 [da:0a:36:f8:01:ec]
RSSI: -91 [da:4f:87:45:13:3b]
RSSI: -81 [da:0a:37:12:02:3c]
RSSI: -80 [da:0a:37:20:02:6c]
RSSI: -79 [da:0a:37:2e:02:8c]
RSSI: -79 [da:0a:37:2e:02:8c]
RSSI: -76 [da:0a:37:3b:02:bc]
RSSI: -79 [da:0a:37:3b:02:bc]
RSSI: -75 [da:0a:37:49:02:dc]
RSSI: -80 [da:0a:37:57:03:0c]
RSSI: -80 [da:0a:37:57:03:0c]
RSSI: -81 [da:0a:37:57:03:0c]
RSSI: -85 [da:0a:37:63:03:3c]
RSSI: -86 [da:0a:37:63:03:3c]
RSSI: -78 [da:0a:37:71:03:5c]
RSSI: -82 [da:0a:37:7f:03:8c]
RSSI: -86 [da:0a:37:8c:03:ac]
RSSI: -76 [da:0a:37:9a:03:dc]
RSSI: -78 [da:0a:37:a8:03:fc]
RSSI: -80 [da:0a:37:b4:04:2c]
RSSI: -78 [da:0a:37:c2:04:4c]
RSSI: -83 [da:0a:37:d0:04:7c]
RSSI: -79 [da:0a:37:d0:04:7c]
RSSI: -84 [da:0a:37:dd:04:9c]
RSSI: -83 [da:0a:37:eb:04:cc]
RSSI: -85 [da:0a:37:f9:04:fc]
RSSI: -85 [da:0a:37:f9:04:fc]
RSSI: -79 [da:0a:38:06:05:1c]
RSSI: -77 [da:0a:38:14:05:4c]
RSSI: -82 [da:0a:38:22:05:6c]
RSSI: -91 [da:4f:88:5b:16:6b]
RSSI: -76 [da:0a:38:2e:05:9c]
RSSI: -76 [da:0a:38:2e:05:9c]
RSSI: -80 [da:0a:38:2e:05:9c]
RSSI: -84 [da:0a:38:3c:05:cc]
RSSI: -77 [da:0a:38:3c:05:cc]
RSSI: -77 [da:0a:38:3c:05:cc]
RSSI: -82 [da:0a:38:4a:05:ec]
RSSI: -80 [da:0a:38:57:06:1c]
RSSI: -85 [da:0a:38:57:06:1c]
RSSI: -81 [da:0a:38:65:06:4c]
RSSI: -85 [da:0a:38:73:06:6c]
RSSI: -85 [da:0a:38:7f:06:9c]
RSSI: -90 [da:4f:88:bf:01:2b]
RSSI: -86 [da:0a:38:8d:06:bc]
RSSI: -78 [da:0a:38:9b:06:ec]
RSSI: -87 [da:4f:88:ce:01:5b]
RSSI: -82 [da:0a:38:9b:06:ec]
RSSI: -86 [da:4f:88:de:01:8b]
RSSI: -84 [da:0a:38:a8:07:1c]
RSSI: -79 [da:0a:38:a8:07:1c]
RSSI: -85 [da:4f:88:eb:01:ab]
RSSI: -82 [da:0a:38:b6:07:3c]
RSSI: -84 [da:4f:88:eb:01:ab]
RSSI: -82 [da:0a:38:b6:07:3c]
RSSI: -80 [da:0a:38:c4:07:6c]
RSSI: -82 [da:0a:38:c4:07:6c]
RSSI: -86 [da:4f:88:fa:01:db]
RSSI: -80 [da:0a:38:d1:07:9c]
RSSI: -82 [da:4f:89:16:02:2b]
RSSI: -77 [da:0a:38:df:07:bc]
RSSI: -82 [da:4f:89:16:02:2b]
RSSI: -83 [da:4f:89:16:02:2b]
RSSI: -77 [da:0a:38:ed:07:ec]
RSSI: -83 [da:4f:89:26:02:5b]
RSSI: -77 [da:0a:38:ed:07:ec]
RSSI: -81 [da:4f:89:26:02:5b]
RSSI: -79 [da:0a:38:f9:08:0c]
RSSI: -83 [da:4f:89:35:02:8b]
RSSI: -77 [da:0a:38:f9:08:0c]
RSSI: -84 [da:4f:89:35:02:8b]
RSSI: -84 [da:0a:39:08:08:3c]
RSSI: -83 [da:4f:89:42:02:bb]
RSSI: -80 [da:0a:39:08:08:3c]
RSSI: -83 [da:4f:89:42:02:bb]
RSSI: -79 [da:0a:39:15:08:6c]
RSSI: -81 [da:4f:89:52:02:eb]
RSSI: -80 [da:0a:39:22:08:8c]
RSSI: -83 [da:4f:89:52:02:eb]
RSSI: -80 [da:0a:39:22:08:8c]
RSSI: -78 [da:0a:39:22:08:8c]
RSSI: -83 [da:4f:89:61:03:0b]
RSSI: -77 [da:0a:39:22:08:8c]
RSSI: -81 [da:4f:89:61:03:0b]
RSSI: -78 [da:0a:39:30:08:bc]
RSSI: -78 [da:0a:39:30:08:bc]
RSSI: -83 [da:4f:89:6e:03:3b]
RSSI: -77 [da:0a:39:3e:08:ec]
RSSI: -83 [da:4f:89:6e:03:3b]
RSSI: -80 [da:0a:39:3e:08:ec]
RSSI: -86 [da:4f:89:7e:03:6b]
RSSI: -77 [da:0a:39:4b:09:0c]
RSSI: -84 [da:4f:89:7e:03:6b]
RSSI: -78 [da:0a:39:4b:09:0c]
RSSI: -82 [da:4f:89:8d:03:9b]
RSSI: -79 [da:0a:39:59:09:3c]
RSSI: -85 [da:4f:89:8d:03:9b]
RSSI: -79 [da:0a:39:59:09:3c]
RSSI: -85 [da:4f:89:9a:03:bb]
RSSI: -82 [da:4f:89:9a:03:bb]
RSSI: -83 [da:0a:39:67:09:6c]
RSSI: -82 [da:4f:89:9a:03:bb]
RSSI: -86 [da:4f:89:a9:03:eb]
RSSI: -84 [da:0a:39:74:09:8c]
RSSI: -87 [da:4f:89:b9:04:1b]
RSSI: -84 [da:0a:39:87:09:cc]
RSSI: -80 [da:0a:39:87:09:cc]
RSSI: -84 [da:4f:89:c6:04:3b]
RSSI: -82 [da:0a:39:97:09:fc]
RSSI: -82 [da:0a:39:97:09:fc]
RSSI: -85 [da:4f:89:d5:04:6b]
RSSI: -76 [da:0a:39:b2:0a:4c]
RSSI: -92 [da:4f:89:f1:04:cb]
RSSI: -78 [da:0a:39:c0:0a:7c]
RSSI: -77 [da:0a:39:c0:0a:7c]
RSSI: -76 [da:0a:39:cd:0a:ac]
RSSI: -76 [da:0a:39:db:0a:cc]
RSSI: -83 [da:0a:39:db:0a:cc]
RSSI: -75 [da:0a:39:e9:0a:fc]
RSSI: -81 [da:0a:39:f5:0b:2c]
RSSI: -81 [da:0a:39:f5:0b:2c]
RSSI: -74 [da:0a:39:f5:0b:2c]
RSSI: -75 [da:0a:39:f5:0b:2c]
RSSI: -79 [da:0a:3a:04:0b:4c]
RSSI: -74 [da:0a:3a:12:0b:7c]
RSSI: -77 [da:0a:3a:12:0b:7c]
RSSI: -79 [da:0a:3a:1e:0b:ac]
RSSI: -74 [da:0a:3a:1e:0b:ac]
RSSI: -80 [da:0a:3a:2c:0b:cc]
RSSI: -80 [da:0a:3a:2c:0b:cc]
RSSI: -74 [da:0a:3a:2c:0b:cc]
RSSI: -77 [da:0a:3a:3a:0b:fc]
RSSI: -75 [da:0a:3a:47:0c:1c]
RSSI: -85 [da:0a:3a:55:0c:4c]
RSSI: -77 [da:0a:3a:55:0c:4c]
RSSI: -76 [da:0a:3a:63:0c:7c]
RSSI: -87 [da:0a:3a:63:0c:7c]
RSSI: -79 [da:0a:3a:70:0c:9c]
RSSI: -75 [da:0a:3a:70:0c:9c]
RSSI: -89 [da:0a:3a:7e:0c:cc]
RSSI: -80 [da:0a:3a:7e:0c:cc]
RSSI: -90 [da:51:6e:d1:04:6a]
RSSI: -91 [da:4f:8a:cd:07:5b]
RSSI: -76 [da:0a:3a:99:0d:1c]
RSSI: -91 [da:4f:8a:cd:07:5b]
RSSI: -91 [da:51:6e:fb:04:ea]
RSSI: -92 [da:51:6f:09:05:0a]
RSSI: -78 [da:0a:3a:c2:0d:9c]
RSSI: -91 [da:4f:8a:f9:07:db]
RSSI: -82 [da:0a:3a:c2:0d:9c]
RSSI: -77 [da:0a:3a:d0:0d:cc]
RSSI: -77 [da:0a:3a:d0:0d:cc]
RSSI: -79 [da:0a:3a:de:0d:fc]
RSSI: -75 [da:0a:3a:de:0d:fc]
RSSI: -77 [da:0a:3a:eb:0e:1c]
RSSI: -92 [da:4f:8b:25:08:5b]
RSSI: -74 [da:0a:3a:f9:0e:4c]
RSSI: -88 [da:51:6f:4e:05:ca]
RSSI: -75 [da:0a:3b:07:0e:7c]
RSSI: -91 [da:51:6f:4e:05:ca]
RSSI: -86 [da:51:6f:5d:05:fa]
RSSI: -76 [da:0a:3b:14:0e:9c]
RSSI: -87 [da:51:6f:5d:05:fa]
RSSI: -76 [da:0a:3b:14:0e:9c]
RSSI: -85 [da:51:6f:6a:06:1a]
RSSI: -75 [da:0a:3b:22:0e:cc]
RSSI: -76 [da:0a:3b:22:0e:cc]
RSSI: -76 [da:0a:3b:30:0e:fc]
RSSI: -90 [da:51:6f:78:06:4a]
RSSI: -77 [da:0a:3b:30:0e:fc]
RSSI: -85 [da:51:6f:87:06:7a]
RSSI: -76 [da:0a:3b:3c:0f:1c]
RSSI: -88 [da:51:6f:87:06:7a]
RSSI: -75 [da:0a:3b:3c:0f:1c]
RSSI: -84 [da:51:6f:93:06:9a]
RSSI: -75 [da:0a:3b:4b:0f:4c]
RSSI: -76 [da:0a:3b:59:0f:7c]
RSSI: -76 [da:0a:3b:59:0f:7c]
RSSI: -74 [da:0a:3b:65:0f:9c]
RSSI: -74 [da:0a:3b:74:0f:cc]
RSSI: -85 [da:51:6f:bd:07:0a]
RSSI: -74 [da:0a:3b:74:0f:cc]
RSSI: -75 [da:0a:3b:82:0f:fc]
RSSI: -83 [da:51:6f:cc:07:3a]
RSSI: -85 [da:51:6f:cc:07:3a]
RSSI: -76 [da:0a:3b:8e:10:1c]
RSSI: -92 [da:4f:8b:c8:0a:4b]
RSSI: -88 [da:51:6f:da:07:6a]
RSSI: -77 [da:0a:3b:8e:10:1c]
RSSI: -90 [da:4f:8b:c8:0a:4b]
RSSI: -85 [da:51:6f:e7:07:8a]
RSSI: -77 [da:0a:3b:9d:10:4c]
RSSI: -88 [da:51:6f:e7:07:8a]
RSSI: -79 [da:0a:3b:ab:10:7c]
RSSI: -86 [da:51:6f:f6:07:aa]
RSSI: -77 [da:0a:3b:ab:10:7c]
RSSI: -90 [da:4f:8b:e5:0a:ab]
RSSI: -87 [da:51:70:04:07:da]
RSSI: -79 [da:0a:3b:b7:10:9c]
RSSI: -85 [da:51:70:04:07:da]
RSSI: -78 [da:0a:3b:c6:10:cc]
RSSI: -89 [da:4f:8c:01:0a:fb]
RSSI: -77 [da:0a:3b:d4:10:fc]
RSSI: -91 [da:4f:8c:11:0b:2b]
RSSI: -87 [da:51:70:20:08:2a]
RSSI: -81 [da:0a:3b:e0:11:1c]
RSSI: -82 [da:0a:3b:e0:11:1c]
RSSI: -83 [da:0a:3b:ef:11:4c]
RSSI: -91 [da:4f:8c:20:0b:5b]
RSSI: -90 [da:51:70:3b:08:7a]
RSSI: -90 [da:0a:3b:ef:11:4c]
RSSI: -93 [da:51:70:3b:08:7a]
RSSI: -87 [da:0a:3b:fd:11:6c]
RSSI: -88 [da:0a:3c:09:11:9c]
RSSI: -90 [da:0a:3c:09:11:9c]
RSSI: -94 [da:4f:8c:59:0c:0b]
RSSI: -86 [da:0a:3c:26:11:ec]
RSSI: -88 [da:0a:3c:32:12:0c]
RSSI: -86 [da:0a:3c:32:12:0c]
RSSI: -85 [da:0a:3c:41:12:3c]
RSSI: -90 [da:4f:8c:79:0c:6b]
RSSI: -81 [da:0a:3c:41:12:3c]
RSSI: -85 [da:0a:3c:4f:12:6c]
RSSI: -80 [da:0a:3c:5b:12:8c]
RSSI: -80 [da:0a:3c:5b:12:8c]
RSSI: -84 [da:0a:3c:5b:12:8c]
RSSI: -79 [da:0a:3c:6a:12:bc]
RSSI: -80 [da:0a:3c:78:12:dc]
RSSI: -85 [da:0a:3c:78:12:dc]
RSSI: -77 [da:0a:3c:85:13:0c]
RSSI: -77 [da:0a:3c:85:13:0c]
RSSI: -77 [da:0a:3c:85:13:0c]
RSSI: -77 [da:0a:3c:93:13:2c]
RSSI: -76 [da:0a:3c:93:13:2c]
RSSI: -84 [da:0a:3c:a1:13:5c]
RSSI: -77 [da:0a:3c:ae:13:8c]
RSSI: -78 [da:0a:3c:ae:13:8c]
RSSI: -78 [da:0a:3c:bc:13:ac]
RSSI: -78 [da:0a:3c:bc:13:ac]
RSSI: -78 [da:0a:3c:bc:13:ac]
RSSI: -90 [da:0a:3c:ca:13:dc]
RSSI: -76 [da:0a:3c:ca:13:dc]
RSSI: -77 [da:0a:3c:d7:13:fc]
RSSI: -89 [da:0a:3c:d7:13:fc]
RSSI: -76 [da:0a:3c:e5:14:2c]
RSSI: -75 [da:0a:3c:f3:14:5c]
RSSI: -83 [da:0a:3d:00:14:7c]
RSSI: -83 [da:0a:3d:00:14:7c]
RSSI: -80 [da:0a:3d:0e:14:ac]
RSSI: -81 [da:0a:3d:0e:14:ac]
RSSI: -78 [da:0a:3d:1c:14:dc]
RSSI: -86 [da:0a:3d:1c:14:dc]
RSSI: -83 [da:0a:3d:29:14:fc]
RSSI: -80 [da:0a:3d:29:14:fc]
RSSI: -85 [da:0a:3d:37:15:2c]
RSSI: -85 [da:0a:3d:37:15:2c]
RSSI: -77 [da:0a:3d:46:15:4c]
RSSI: -77 [da:0a:3d:46:15:4c]
RSSI: -74 [da:0a:3d:52:15:7c]
RSSI: -77 [da:0a:3d:60:15:9c]
RSSI: -72 [da:0a:3d:60:15:9c]
RSSI: -72 [da:0a:3d:6f:15:cc]
RSSI: -70 [da:0a:3d:7b:15:ec]
RSSI: -70 [da:0a:3d:7b:15:ec]
RSSI: -71 [da:0a:3d:7b:15:ec]
RSSI: -69 [da:0a:3d:8a:16:1c]
RSSI: -69 [da:0a:3d:8a:16:1c]
RSSI: -70 [da:0a:3d:98:16:4c]
RSSI: -69 [da:0a:3d:98:16:4c]
RSSI: -68 [da:0a:3d:a4:16:6c]
RSSI: -68 [da:0a:3d:a4:16:6c]
RSSI: -67 [da:0a:3d:b3:00:2c]
RSSI: -68 [da:0a:3d:b3:00:2c]
RSSI: -68 [da:0a:3d:c1:00:5c]
RSSI: -68 [da:0a:3d:ce:00:7c]
RSSI: -68 [da:0a:3d:ce:00:7c]
RSSI: -68 [da:0a:3d:dc:00:ac]
RSSI: -68 [da:0a:3d:dc:00:ac]
RSSI: -69 [da:0a:3d:dc:00:ac]
RSSI: -68 [da:0a:3d:ea:00:dc]
RSSI: -69 [da:0a:3d:ea:00:dc]
RSSI: -95 [da:51:72:42:0e:4a]
RSSI: -69 [da:0a:3d:f7:00:fc]
RSSI: -71 [da:0a:3e:05:01:2c]
RSSI: -72 [da:0a:3e:13:01:4c]
RSSI: -71 [da:0a:3e:20:01:7c]
RSSI: -72 [da:0a:3e:20:01:7c]
RSSI: -78 [da:0a:3e:2e:01:ac]
RSSI: -75 [da:0a:3e:2e:01:ac]
RSSI: -81 [da:0a:3e:3d:01:cc]
RSSI: -85 [da:0a:3e:58:02:2c]
RSSI: -86 [da:0a:3e:66:02:4c]
RSSI: -80 [da:0a:3e:66:02:4c]
RSSI: -80 [da:0a:3e:73:02:7c]
RSSI: -80 [da:0a:3e:73:02:7c]
RSSI: -78 [da:0a:3e:73:02:7c]
RSSI: -75 [da:0a:3e:81:02:ac]
RSSI: -79 [da:0a:3e:81:02:ac]
RSSI: -78 [da:0a:3e:8f:02:cc]
RSSI: -79 [da:0a:3e:9c:02:fc]
RSSI: -78 [da:0a:3e:9c:02:fc]
RSSI: -78 [da:0a:3e:9c:02:fc]
RSSI: -80 [da:0a:3e:aa:03:1c]
RSSI: -80 [da:0a:3e:b8:03:4c]
RSSI: -76 [da:0a:3e:b8:03:4c]
RSSI: -81 [da:0a:3e:c5:03:6c]
RSSI: -83 [da:0a:3e:d3:03:9c]
RSSI: -79 [da:0a:3e:d3:03:9c]
RSSI: -76 [da:0a:3e:e2:03:cc]
RSSI: -76 [da:0a:3e:e2:03:cc]
RSSI: -77 [da:0a:3e:ee:03:ec]
RSSI: -76 [da:0a:3e:ee:03:ec]
RSSI: -82 [da:0a:3e:fd:04:1c]
RSSI: -77 [da:0a:3e:fd:04:1c]
RSSI: -82 [da:0a:3f:0b:04:4c]
RSSI: -83 [da:0a:3f:0b:04:4c]
RSSI: -80 [da:0a:3f:18:04:6c]
RSSI: -84 [da:0a:3f:26:04:9c]
RSSI: -82 [da:0a:3f:34:04:bc]
RSSI: -82 [da:0a:3f:41:04:ec]
RSSI: -83 [da:0a:3f:41:04:ec]
RSSI: -82 [da:0a:3f:4f:05:1c]
RSSI: -78 [da:0a:3f:5e:05:3c]
RSSI: -86 [da:0a:3f:6a:05:6c]
RSSI: -83 [da:0a:3f:79:05:9c]
RSSI: -77 [da:0a:3f:87:05:bc]
RSSI: -85 [da:0a:3f:94:05:ec]
RSSI: -79 [da:0a:3f:94:05:ec]
RSSI: -83 [da:0a:3f:a2:06:1c]
RSSI: -85 [da:0a:3f:a2:06:1c]
RSSI: -80 [da:0a:3f:b0:06:3c]
RSSI: -83 [da:0a:3f:b0:06:3c]
RSSI: -82 [da:0a:3f:bd:06:6c]
RSSI: -82 [da:0a:3f:cc:06:9c]
RSSI: -82 [da:0a:3f:da:06:cc]
RSSI: -78 [da:0a:3f:f5:07:1c]
RSSI: -78 [da:0a:3f:f5:07:1c]
RSSI: -82 [da:0a:3f:f5:07:1c]
RSSI: -80 [da:0a:40:03:07:4c]
RSSI: -79 [da:0a:40:03:07:4c]
RSSI: -81 [da:0a:40:10:07:6c]
RSSI: -79 [da:0a:40:10:07:6c]
RSSI: -80 [da:0a:40:1e:07:9c]
RSSI: -91 [da:4f:90:53:01:5b]
RSSI: -78 [da:0a:40:2d:07:cc]
RSSI: -79 [da:0a:40:39:07:ec]
RSSI: -77 [da:0a:40:48:08:1c]
RSSI: -89 [da:4f:90:80:01:eb]
RSSI: -81 [da:0a:40:48:08:1c]
RSSI: -86 [da:4f:90:80:01:eb]
RSSI: -79 [da:0a:40:56:08:4c]
RSSI: -77 [da:0a:40:56:08:4c]
RSSI: -88 [da:0a:40:63:08:6c]
RSSI: -81 [da:0a:40:63:08:6c]
RSSI: -89 [da:4f:90:a0:02:4b]
RSSI: -81 [da:0a:40:63:08:6c]
RSSI: -87 [da:4f:90:a0:02:4b]
RSSI: -81 [da:0a:40:80:08:cc]
RSSI: -79 [da:0a:40:80:08:cc]
RSSI: -84 [da:4f:90:bc:02:9b]
RSSI: -85 [da:4f:90:bc:02:9b]
RSSI: -79 [da:0a:40:8c:08:ec]
RSSI: -78 [da:0a:40:8c:08:ec]
RSSI: -86 [da:4f:90:cc:02:cb]
RSSI: -83 [da:0a:40:9b:09:1c]
RSSI: -79 [da:0a:40:9b:09:1c]
RSSI: -79 [da:0a:40:a9:09:4c]
RSSI: -86 [da:4f:90:d9:02:eb]
RSSI: -79 [da:0a:40:a9:09:4c]
RSSI: -82 [da:0a:40:b6:09:6c]
RSSI: -87 [da:4f:90:e9:03:1b]
RSSI: -82 [da:0a:40:b6:09:6c]
RSSI: -86 [da:4f:90:f9:03:4b]
RSSI: -89 [da:0a:40:c4:09:9c]
RSSI: -88 [da:4f:91:05:03:7b]
RSSI: -84 [da:0a:40:d3:09:cc]
RSSI: -87 [da:4f:91:05:03:7b]
RSSI: -87 [da:0a:40:ee:0a:1c]
RSSI: -91 [da:4f:91:25:03:db]
RSSI: -84 [da:0a:40:ee:0a:1c]
RSSI: -79 [da:0a:40:fc:0a:4c]
RSSI: -87 [da:4f:91:32:03:fb]
RSSI: -90 [da:0a:40:fc:0a:4c]
RSSI: -81 [da:0a:41:09:0a:6c]
RSSI: -77 [da:0a:41:09:0a:6c]
RSSI: -88 [da:4f:91:42:04:2b]
RSSI: -80 [da:0a:41:17:0a:9c]
RSSI: -77 [da:0a:41:32:0a:ec]
RSSI: -78 [da:0a:41:41:0b:1c]
RSSI: -77 [da:0a:41:4f:0b:4c]
RSSI: -78 [da:0a:41:5c:0b:6c]
RSSI: -82 [da:0a:41:5c:0b:6c]
RSSI: -79 [da:0a:41:6a:0b:9c]
RSSI: -81 [da:0a:41:79:0b:cc]
RSSI: -75 [da:0a:41:79:0b:cc]
RSSI: -81 [da:0a:41:85:0b:ec]
RSSI: -82 [da:0a:41:85:0b:ec]
RSSI: -80 [da:0a:41:94:0c:1c]
RSSI: -83 [da:0a:41:94:0c:1c]
RSSI: -75 [da:0a:41:a2:0c:4c]
RSSI: -77 [da:0a:41:af:0c:7c]
RSSI: -80 [da:0a:41:cc:0c:cc]
RSSI: -76 [da:0a:41:cc:0c:cc]
RSSI: -76 [da:0a:41:cc:0c:cc]
RSSI: -81 [da:0a:41:d9:0c:fc]
RSSI: -81 [da:0a:41:e7:0d:1c]
RSSI: -77 [da:0a:41:f6:0d:4c]
RSSI: -81 [da:0a:42:02:0d:7c]
RSSI: -79 [da:0a:42:02:0d:7c]
RSSI: -80 [da:0a:42:11:0d:ac]
RSSI: -82 [da:0a:42:1f:0d:cc]
RSSI: -92 [da:4f:92:5e:07:8b]
RSSI: -91 [da:51:76:79:03:ea]
RSSI: -78 [da:0a:42:2c:0d:fc]
RSSI: -75 [da:0a:42:3a:0e:2c]
RSSI: -76 [da:0a:42:3a:0e:2c]
RSSI: -77 [da:0a:42:49:0e:5c]
RSSI: -74 [da:0a:42:49:0e:5c]
RSSI: -75 [da:0a:42:56:0e:7c]
RSSI: -77 [da:0a:42:56:0e:7c]
RSSI: -91 [da:4f:92:97:08:3b]
RSSI: -74 [da:0a:42:64:0e:ac]
RSSI: -75 [da:0a:42:73:0e:dc]
RSSI: -76 [da:0a:42:73:0e:dc]
RSSI: -76 [da:0a:42:7f:0e:fc]
RSSI: -76 [da:0a:42:7f:0e:fc]
RSSI: -78 [da:0a:42:8e:0f:2c]
RSSI: -88 [da:51:76:db:04:fa]
RSSI: -77 [da:0a:42:8e:0f:2c]
RSSI: -90 [da:51:76:db:04:fa]
RSSI: -75 [da:0a:42:9c:0f:5c]
RSSI: -75 [da:0a:42:9c:0f:5c]
RSSI: -87 [da:51:76:ea:05:1a]
RSSI: -75 [da:0a:42:a9:0f:7c]
RSSI: -87 [da:51:76:f9:05:4a]
RSSI: -88 [da:51:76:f9:05:4a]
RSSI: -74 [da:0a:42:a9:0f:7c]
RSSI: -88 [da:51:76:f9:05:4a]
RSSI: -86 [da:51:77:05:05:6a]
RSSI: -87 [da:51:77:05:05:6a]
RSSI: -75 [da:0a:42:c6:0f:dc]
RSSI: -84 [da:51:77:14:05:9a]
RSSI: -86 [da:51:77:14:05:9a]
RSSI: -75 [da:0a:42:d3:0f:fc]
RSSI: -82 [da:51:77:23:05:ba]
RSSI: -77 [da:0a:42:e1:10:2c]
RSSI: -85 [da:51:77:30:05:ea]
RSSI: -77 [da:0a:42:e1:10:2c]
RSSI: -78 [da:0a:42:f0:10:5c]
RSSI: -77 [da:0a:42:f0:10:5c]
RSSI: -85 [da:51:77:3f:06:0a]
RSSI: -85 [da:51:77:3f:06:0a]
RSSI: -78 [da:0a:42:fc:10:7c]
RSSI: -81 [da:51:77:4e:06:3a]
RSSI: -80 [da:0a:42:fc:10:7c]
RSSI: -81 [da:51:77:4e:06:3a]
RSSI: -76 [da:0a:43:0b:10:ac]
RSSI: -78 [da:0a:43:0b:10:ac]
RSSI: -84 [da:51:77:5b:06:5a]
RSSI: -78 [da:0a:43:0b:10:ac]
RSSI: -81 [da:51:77:5b:06:5a]
RSSI: -77 [da:0a:43:19:10:dc]
RSSI: -84 [da:51:77:6a:06:8a]
RSSI: -84 [da:51:77:6a:06:8a]
RSSI: -91 [da:4f:93:5a:0a:8b]
RSSI: -80 [da:0a:43:26:11:0c]
RSSI: -84 [da:51:77:79:06:ba]
RSSI: -80 [da:0a:43:35:11:2c]
RSSI: -81 [da:51:77:85:06:da]
RSSI: -81 [da:51:77:85:06:da]
RSSI: -85 [da:51:77:85:06:da]
RSSI: -85 [da:0a:43:43:11:5c]
RSSI: -83 [da:51:77:94:06:fa]
RSSI: -87 [da:0a:43:43:11:5c]
RSSI: -81 [da:51:77:94:06:fa]
RSSI: -83 [da:51:77:a3:07:2a]
RSSI: -83 [da:51:77:a3:07:2a]
RSSI: -85 [da:0a:43:6d:11:dc]
RSSI: -85 [da:0a:43:6d:11:dc]
RSSI: -84 [da:51:77:bf:07:7a]
RSSI: -90 [da:51:77:bf:07:7a]
RSSI: -87 [da:0a:43:79:11:fc]
RSSI: -89 [da:0a:43:88:12:2c]
RSSI: -84 [da:0a:43:88:12:2c]
RSSI: -84 [da:51:77:da:07:ca]
RSSI: -87 [da:0a:43:97:12:5c]
RSSI: -84 [da:51:77:da:07:ca]
RSSI: -80 [da:0a:43:a3:12:7c]
RSSI: -84 [da:0a:43:a3:12:7c]
RSSI: -88 [da:4f:93:e0:0c:1b]
RSSI: -80 [da:0a:43:b2:12:ac]
RSSI: -84 [da:0a:43:c0:12:cc]
RSSI: -79 [da:0a:43:cd:12:fc]
RSSI: -76 [da:0a:43:dc:13:2c]
RSSI: -76 [da:0a:43:dc:13:2c]
RSSI: -83 [da:0a:43:ea:13:4c]
RSSI: -76 [da:0a:43:ea:13:4c]
RSSI: -94 [da:51:78:4e:09:0a]
RSSI: -78 [da:0a:44:06:13:9c]
RSSI: -77 [da:0a:44:14:13:cc]
RSSI: -77 [da:0a:44:14:13:cc]
RSSI: -89 [da:0a:44:21:13:fc]
RSSI: -75 [da:0a:44:21:13:fc]
RSSI: -76 [da:0a:44:2f:14:1c]
RSSI: -86 [da:0a:44:2f:14:1c]
RSSI: -75 [da:0a:44:3e:14:4c]
RSSI: -77 [da:0a:44:3e:14:4c]
RSSI: -75 [da:0a:44:4a:14:7c]
RSSI: -79 [da:0a:44:59:14:9c]
RSSI: -82 [da:0a:44:68:14:cc]
RSSI: -80 [da:0a:44:74:14:fc]
RSSI: -79 [da:0a:44:83:15:1c]
RSSI: -82 [da:0a:44:92:15:4c]
RSSI: -86 [da:0a:44:92:15:4c]
RSSI: -77 [da:0a:44:9e:15:6c]
RSSI: -72 [da:0a:44:ad:15:9c]
RSSI: -73 [da:0a:44:ad:15:9c]
RSSI: -74 [da:0a:44:bb:15:cc]
RSSI: -74 [da:0a:44:bb:15:cc]
RSSI: -70 [da:0a:44:bb:15:cc]
RSSI: -71 [da:0a:44:c8:15:ec]
RSSI: -69 [da:0a:44:d7:16:1c]
RSSI: -69 [da:0a:44:d7:16:1c]
RSSI: -68 [da:0a:44:e5:16:4c]
RSSI: -68 [da:0a:44:f2:16:6c]
RSSI: -68 [da:0a:45:01:00:0c]
RSSI: -67 [da:0a:45:01:00:0c]
RSSI: -67 [da:0a:45:0f:00:2c]
RSSI: -67 [da:0a:45:0f:00:2c]
RSSI: -67 [da:0a:45:1c:00:5c]
RSSI: -67 [da:0a:45:1c:00:5c]
RSSI: -67 [da:0a:45:2b:00:8c]
RSSI: -68 [da:0a:45:39:00:ac]
RSSI: -68 [da:0a:45:39:00:ac]
RSSI: -68 [da:0a:45:46:00:dc]
RSSI: -69 [da:0a:45:46:00:dc]
RSSI: -68 [da:0a:45:55:01:0c]
RSSI: -70 [da:0a:45:55:01:0c]
RSSI: -71 [da:0a:45:63:01:2c]
RSSI: -69 [da:0a:45:63:01:2c]
RSSI: -71 [da:0a:45:70:01:5c]
RSSI: -73 [da:0a:45:70:01:5c]
RSSI: -95 [da:51:79:cf:0d:5a]
RSSI: -75 [da:0a:45:8d:01:ac]
RSSI: -96 [da:4f:95:d6:12:0b]
RSSI: -85 [da:0a:45:a8:02:0c]
RSSI: -87 [da:0a:45:a8:02:0c]
RSSI: -85 [da:0a:45:b7:02:2c]
RSSI: -77 [da:0a:45:c4:02:5c]
RSSI: -78 [da:0a:45:d2:02:8c]
RSSI: -80 [da:0a:45:e1:02:ac]
RSSI: -80 [da:0a:45:e1:02:ac]
RSSI: -77 [da:0a:45:e1:02:ac]
RSSI: -74 [da:0a:45:ee:02:dc]
RSSI: -80 [da:0a:45:ee:02:dc]
RSSI: -78 [da:0a:45:fc:02:fc]
RSSI: -75 [da:0a:45:fc:02:fc]
RSSI: -82 [da:0a:46:0b:03:2c]
RSSI: -78 [da:0a:46:0b:03:2c]
RSSI: -86 [da:0a:46:18:03:4c]
RSSI: -78 [da:0a:46:26:03:7c]
RSSI: -92 [da:4f:96:5c:13:8b]
RSSI: -85 [da:0a:46:26:03:7c]
RSSI: -78 [da:0a:46:35:03:ac]
RSSI: -84 [da:0a:46:42:03:cc]
RSSI: -77 [da:0a:46:42:03:cc]
RSSI: -76 [da:0a:46:42:03:cc]
RSSI: -83 [da:0a:46:50:03:fc]
RSSI: -77 [da:0a:46:5f:04:2c]
RSSI: -76 [da:0a:46:5f:04:2c]
RSSI: -77 [da:0a:46:5f:04:2c]
RSSI: -80 [da:0a:46:6c:04:4c]
RSSI: -84 [da:0a:46:7a:04:7c]
RSSI: -85 [da:0a:46:7a:04:7c]
RSSI: -80 [da:0a:46:89:04:ac]
RSSI: -85 [da:0a:46:89:04:ac]
RSSI: -89 [da:0a:46:96:04:cc]
RSSI: -83 [da:0a:46:96:04:cc]
RSSI: -82 [da:0a:46:a5:04:fc]
RSSI: -81 [da:0a:46:a5:04:fc]
RSSI: -89 [da:0a:46:c0:05:5c]
RSSI: -79 [da:0a:46:cf:05:7c]
RSSI: -83 [da:0a:46:cf:05:7c]
RSSI: -88 [da:0a:46:dd:05:ac]
RSSI: -79 [da:0a:46:dd:05:ac]
RSSI: -80 [da:0a:46:dd:05:ac]
RSSI: -81 [da:0a:46:f9:06:0c]
RSSI: -94 [da:4f:97:41:16:2b]
RSSI: -85 [da:0a:47:07:06:2c]
RSSI: -87 [da:0a:47:14:06:5c]
RSSI: -88 [da:0a:47:14:06:5c]
RSSI: -85 [da:0a:47:23:06:8c]
RSSI: -80 [da:0a:47:32:06:ac]
RSSI: -80 [da:0a:47:3e:06:dc]
RSSI: -91 [da:4f:97:81:00:7b]
RSSI: -80 [da:0a:47:3e:06:dc]
RSSI: -80 [da:0a:47:52:07:1c]
RSSI: -81 [da:0a:47:62:07:4c]
RSSI: -79 [da:0a:47:6f:07:6c]
RSSI: -81 [da:0a:47:6f:07:6c]
RSSI: -92 [da:4f:97:b3:01:0b]
RSSI: -78 [da:0a:47:7e:07:9c]
RSSI: -79 [da:0a:47:8d:07:cc]
RSSI: -76 [da:0a:47:8d:07:cc]
RSSI: -89 [da:4f:97:cd:01:5b]
RSSI: -78 [da:0a:47:99:07:ec]
RSSI: -76 [da:0a:47:99:07:ec]
RSSI: -81 [da:0a:47:a8:08:1c]
RSSI: -80 [da:0a:47:a8:08:1c]
RSSI: -76 [da:0a:47:b7:08:4c]
RSSI: -85 [da:4f:97:f3:01:cb]
RSSI: -84 [da:0a:47:b7:08:4c]
RSSI: -86 [da:4f:97:f3:01:cb]
RSSI: -80 [da:0a:47:c3:08:7c]
RSSI: -76 [da:0a:47:c3:08:7c]
RSSI: -79 [da:0a:47:d2:08:ac]
RSSI: -77 [da:0a:47:d2:08:ac]
RSSI: -84 [da:0a:47:e1:08:cc]
RSSI: -84 [da:4f:98:19:02:3b]
RSSI: -77 [da:0a:47:ee:08:fc]
RSSI: -87 [da:4f:98:26:02:6b]
RSSI: -82 [da:0a:47:ee:08:fc]
RSSI: -88 [da:4f:98:33:02:8b]
RSSI: -78 [da:0a:47:fc:09:2c]
RSSI: -86 [da:4f:98:33:02:8b]
RSSI: -79 [da:0a:47:fc:09:2c]
RSSI: -83 [da:4f:98:40:02:bb]
RSSI: -82 [da:0a:48:0b:09:5c]
RSSI: -83 [da:0a:48:0b:09:5c]
RSSI: -88 [da:4f:98:4c:02:db]
RSSI: -85 [da:0a:48:18:09:7c]
RSSI: -88 [da:4f:98:59:02:fb]
RSSI: -88 [da:0a:48:27:09:ac]
RSSI: -82 [da:4f:98:66:03:2b]
RSSI: -85 [da:0a:48:35:09:dc]
RSSI: -88 [da:4f:98:73:03:4b]
RSSI: -80 [da:0a:48:42:09:fc]
RSSI: -89 [da:4f:98:80:03:6b]
RSSI: -86 [da:0a:48:42:09:fc]
RSSI: -78 [da:0a:48:51:0a:2c]
RSSI: -82 [da:4f:98:8c:03:9b]
RSSI: -81 [da:0a:48:60:0a:5c]
RSSI: -79 [da:0a:48:6c:0a:8c]
RSSI: -77 [da:0a:48:7b:0a:bc]
RSSI: -78 [da:0a:48:8a:0a:dc]
RSSI: -77 [da:0a:48:8a:0a:dc]
RSSI: -85 [da:0a:48:97:0b:0c]
RSSI: -76 [da:0a:48:97:0b:0c]
RSSI: -81 [da:0a:48:a5:0b:3c]
RSSI: -75 [da:0a:48:a5:0b:3c]
RSSI: -79 [da:0a:48:b4:0b:6c]
RSSI: -75 [da:0a:48:c1:0b:8c]
RSSI: -79 [da:0a:48:c1:0b:8c]
RSSI: -79 [da:0a:48:d0:0b:bc]
RSSI: -74 [da:0a:48:d0:0b:bc]
RSSI: -80 [da:0a:48:df:0b:ec]
RSSI: -79 [da:0a:48:eb:0c:0c]
RSSI: -75 [da:0a:48:fa:0c:3c]
RSSI: -75 [da:0a:48:fa:0c:3c]
RSSI: -83 [da:0a:49:09:0c:6c]
RSSI: -77 [da:0a:49:09:0c:6c]
RSSI: -94 [da:51:7d:56:01:1a]
RSSI: -92 [da:4f:99:4c:05:db]
RSSI: -76 [da:0a:49:15:0c:9c]
RSSI: -86 [da:0a:49:15:0c:9c]
RSSI: -76 [da:0a:49:24:0c:bc]
RSSI: -82 [da:0a:49:33:0c:ec]
RSSI: -82 [da:0a:49:33:0c:ec]
RSSI: -81 [da:0a:49:40:0d:1c]
RSSI: -78 [da:0a:49:4f:0d:4c]
RSSI: -92 [da:4f:99:8c:06:9b]
RSSI: -81 [da:0a:49:5e:0d:7c]
RSSI: -78 [da:0a:49:5e:0d:7c]
RSSI: -91 [da:4f:99:99:06:cb]
RSSI: -80 [da:0a:49:6a:0d:9c]
RSSI: -77 [da:0a:49:79:0d:cc]
RSSI: -90 [da:4f:99:bf:07:3b]
RSSI: -76 [da:0a:49:88:0d:fc]
RSSI: -75 [da:0a:49:95:0e:1c]
RSSI: -75 [da:0a:49:95:0e:1c]
RSSI: -95 [da:4f:99:d9:07:7b]
RSSI: -77 [da:0a:49:a3:0e:4c]
RSSI: -91 [da:4f:99:d9:07:7b]
RSSI: -74 [da:0a:49:a3:0e:4c]
RSSI: -89 [da:4f:99:e6:07:ab]
RSSI: -76 [da:0a:49:b2:0e:7c]
RSSI: -91 [da:4f:99:f2:07:cb]
RSSI: -75 [da:0a:49:bf:0e:ac]
RSSI: -75 [da:0a:49:ce:0e:cc]
RSSI: -77 [da:0a:49:ce:0e:cc]
RSSI: -77 [da:0a:49:dd:0e:fc]
RSSI: -76 [da:0a:49:dd:0e:fc]
RSSI: -94 [da:4f:9a:26:08:6b]
RSSI: -93 [da:51:7e:3b:03:8a]
RSSI: -76 [da:0a:49:f8:0f:5c]
RSSI: -74 [da:0a:4a:07:0f:8c]
RSSI: -74 [da:0a:4a:14:0f:ac]
RSSI: -75 [da:0a:4a:14:0f:ac]
RSSI: -75 [da:0a:4a:23:0f:dc]
RSSI: -75 [da:0a:4a:32:10:0c]
RSSI: -75 [da:0a:4a:32:10:0c]
RSSI: -77 [da:0a:4a:3e:10:2c]
RSSI: -95 [da:51:7e:92:04:8a]
RSSI: -78 [da:0a:4a:4d:10:5c]
RSSI: -78 [da:0a:4a:4d:10:5c]
RSSI: -78 [da:0a:4a:5c:10:8c]
RSSI: -77 [da:0a:4a:5c:10:8c]
RSSI: -77 [da:0a:4a:69:10:bc]
RSSI: -77 [da:0a:4a:69:10:bc]
RSSI: -78 [da:0a:4a:78:10:ec]
RSSI: -80 [da:0a:4a:87:11:0c]
RSSI: -84 [da:0a:4a:93:11:3c]
RSSI: -91 [da:4f:9a:cd:0a:6b]
RSSI: -87 [da:0a:4a:93:11:3c]
RSSI: -87 [da:51:7f:07:05:da]
RSSI: -90 [da:4f:9a:f3:0a:db]
RSSI: -86 [da:51:7f:14:05:fa]
RSSI: -91 [da:51:7f:23:06:2a]
RSSI: -90 [da:4f:9b:0d:0b:2b]
RSSI: -85 [da:0a:4a:db:12:0c]
RSSI: -90 [da:51:7f:23:06:2a]
RSSI: -92 [da:4f:9b:1a:0b:4b]
RSSI: -81 [da:0a:4a:e8:12:3c]
RSSI: -83 [da:0a:4a:e8:12:3c]
RSSI: -84 [da:51:7f:3f:06:7a]
RSSI: -80 [da:0a:4a:f7:12:5c]
RSSI: -79 [da:0a:4b:06:12:8c]
RSSI: -85 [da:51:7f:4f:06:aa]
RSSI: -82 [da:0a:4b:13:12:bc]
RSSI: -77 [da:0a:4b:22:12:dc]
RSSI: -78 [da:0a:4b:22:12:dc]
RSSI: -78 [da:0a:4b:22:12:dc]
RSSI: -86 [da:51:7f:7a:07:1a]
RSSI: -80 [da:0a:4b:31:13:0c]
RSSI: -76 [da:0a:4b:31:13:0c]
RSSI: -90 [da:51:7f:96:07:6a]
RSSI: -76 [da:0a:4b:4c:13:6c]
RSSI: -77 [da:0a:4b:5b:13:8c]
RSSI: -90 [da:51:7f:a5:07:9a]
RSSI: -77 [da:0a:4b:5b:13:8c]
RSSI: -87 [da:51:7f:b5:07:ca]
RSSI: -87 [da:0a:4b:68:13:bc]
RSSI: -87 [da:51:7f:b5:07:ca]
RSSI: -77 [da:0a:4b:68:13:bc]
RSSI: -88 [da:0a:4b:77:13:ec]
RSSI: -87 [da:51:7f:c1:07:ea]
RSSI: -75 [da:0a:4b:86:14:0c]
RSSI: -76 [da:0a:4b:86:14:0c]
RSSI: -74 [da:0a:4b:92:14:3c]
RSSI: -75 [da:0a:4b:92:14:3c]
RSSI: -90 [da:51:7f:ed:08:6a]
RSSI: -79 [da:0a:4b:a1:14:6c]
RSSI: -74 [da:0a:4b:a1:14:6c]
RSSI: -76 [da:0a:4b:b0:14:8c]
RSSI: -77 [da:0a:4b:b0:14:8c]
RSSI: -77 [da:0a:4b:bd:14:bc]
RSSI: -79 [da:0a:4b:bd:14:bc]
RSSI: -82 [da:0a:4b:cc:14:dc]
RSSI: -84 [da:0a:4b:cc:14:dc]
RSSI: -79 [da:0a:4b:db:15:0c]
RSSI: -82 [da:0a:4b:e7:15:3c]
RSSI: -86 [da:0a:4b:e7:15:3c]
RSSI: -75 [da:0a:4b:f6:15:5c]
RSSI: -72 [da:0a:4c:05:15:8c]
RSSI: -94 [da:51:80:62:09:ba]
RSSI: -73 [da:0a:4c:12:15:bc]
RSSI: -68 [da:0a:4c:21:15:dc]
RSSI: -69 [da:0a:4c:21:15:dc]
RSSI: -67 [da:0a:4c:30:16:0c]
RSSI: -66 [da:0a:4c:30:16:0c]
RSSI: -66 [da:0a:4c:3d:16:3c]
RSSI: -66 [da:0a:4c:4c:16:5c]
RSSI: -64 [da:0a:4c:5b:00:0c]
RSSI: -65 [da:0a:4c:67:00:2c]
RSSI: -65 [da:0a:4c:67:00:2c]
RSSI: -64 [da:0a:4c:67:00:2c]
RSSI: -65 [da:0a:4c:76:00:5c]
RSSI: -64 [da:0a:4c:85:00:8c]
RSSI: -64 [da:0a:4c:85:00:8c]
RSSI: -64 [da:0a:4c:92:00:ac]
RSSI: -65 [da:0a:4c:a1:00:dc]
RSSI: -65 [da:0a:4c:a1:00:dc]
RSSI: -65 [da:0a:4c:a1:00:dc]
RSSI: -65 [da:0a:4c:b0:01:0c]
RSSI: -67 [da:0a:4c:b0:01:0c]
RSSI: -67 [da:0a:4c:bd:01:2c]
RSSI: -67 [da:0a:4c:bd:01:2c]
RSSI: -70 [da:0a:4c:db:01:8c]
RSSI: -72 [da:0a:4c:db:01:8c]
RSSI: -75 [da:0a:4c:e7:01:ac]
RSSI: -75 [da:0a:4c:e7:01:ac]
RSSI: -92 [da:0a:4c:f6:01:dc]
RSSI: -83 [da:0a:4d:05:02:0c]
RSSI: -83 [da:0a:4d:05:02:0c]
RSSI: -96 [da:4f:9d:45:11:cb]
RSSI: -85 [da:0a:4d:12:02:2c]
RSSI: -79 [da:0a:4d:12:02:2c]
RSSI: -74 [da:0a:4d:21:02:5c]
RSSI: -78 [da:0a:4d:21:02:5c]
RSSI: -76 [da:0a:4d:30:02:8c]
RSSI: -73 [da:0a:4d:30:02:8c]
RSSI: -76 [da:0a:4d:3d:02:ac]
RSSI: -76 [da:0a:4d:3d:02:ac]
RSSI: -76 [da:0a:4d:4c:02:dc]
RSSI: -76 [da:0a:4d:4c:02:dc]
RSSI: -76 [da:0a:4d:5b:03:0c]
RSSI: -81 [da:0a:4d:67:03:2c]
RSSI: -77 [da:0a:4d:67:03:2c]
RSSI: -83 [da:0a:4d:77:03:5c]
RSSI: -85 [da:0a:4d:77:03:5c]
RSSI: -84 [da:0a:4d:86:03:8c]
RSSI: -74 [da:0a:4d:92:03:bc]
RSSI: -78 [da:0a:4d:a1:03:dc]
RSSI: -75 [da:0a:4d:a1:03:dc]
RSSI: -81 [da:0a:4d:b0:04:0c]
RSSI: -81 [da:0a:4d:b0:04:0c]
RSSI: -79 [da:0a:4d:b0:04:0c]
RSSI: -80 [da:0a:4d:bd:04:3c]
RSSI: -80 [da:0a:4d:cc:04:6c]
RSSI: -79 [da:0a:4d:cc:04:6c]
RSSI: -78 [da:0a:4d:e8:04:bc]
RSSI: -84 [da:0a:4d:e8:04:bc]
RSSI: -78 [da:0a:4d:f7:04:ec]
RSSI: -77 [da:0a:4e:12:05:3c]
RSSI: -80 [da:0a:4e:22:05:6c]
RSSI: -77 [da:0a:4e:22:05:6c]
RSSI: -83 [da:0a:4e:31:05:9c]
RSSI: -79 [da:0a:4e:31:05:9c]
RSSI: -82 [da:0a:4e:3d:05:bc]
RSSI: -77 [da:0a:4e:4c:05:ec]
RSSI: -80 [da:0a:4e:5c:06:1c]
RSSI: -89 [da:0a:4e:68:06:4c]
RSSI: -85 [da:0a:4e:68:06:4c]
RSSI: -88 [da:0a:4e:77:06:7c]
RSSI: -92 [da:4f:9e:b0:16:0b]
RSSI: -84 [da:0a:4e:86:06:9c]
RSSI: -84 [da:0a:4e:86:06:9c]
RSSI: -83 [da:0a:4e:86:06:9c]
RSSI: -79 [da:0a:4e:93:06:cc]
RSSI: -90 [da:0a:4e:93:06:cc]
RSSI: -78 [da:0a:4e:a2:06:fc]
RSSI: -78 [da:0a:4e:a2:06:fc]
RSSI: -92 [da:4f:9e:f1:00:2b]
RSSI: -81 [da:0a:4e:cd:07:7c]
RSSI: -79 [da:0a:4e:dc:07:ac]
RSSI: -79 [da:0a:4e:dc:07:ac]
RSSI: -81 [da:0a:4e:e9:07:dc]
RSSI: -89 [da:4f:9f:25:00:cb]
RSSI: -78 [da:0a:4e:e9:07:dc]
RSSI: -79 [da:0a:4e:f8:08:0c]
RSSI: -79 [da:0a:4f:07:08:2c]
RSSI: -83 [da:0a:4f:14:08:5c]
RSSI: -87 [da:4f:9f:4c:01:3b]
RSSI: -81 [da:0a:4f:14:08:5c]
RSSI: -88 [da:4f:9f:59:01:5b]
RSSI: -80 [da:0a:4f:23:08:8c]
RSSI: -82 [da:0a:4f:23:08:8c]
RSSI: -81 [da:0a:4f:32:08:bc]
RSSI: -87 [da:4f:9f:66:01:8b]
RSSI: -78 [da:0a:4f:32:08:bc]
RSSI: -84 [da:4f:9f:73:01:ab]
RSSI: -84 [da:4f:9f:73:01:ab]
RSSI: -78 [da:0a:4f:3f:08:dc]
RSSI: -78 [da:0a:4f:3f:08:dc]
RSSI: -85 [da:4f:9f:80:01:cb]
RSSI: -80 [da:0a:4f:4e:09:0c]
RSSI: -86 [da:4f:9f:8d:01:fb]
RSSI: -79 [da:0a:4f:5d:09:3c]
RSSI: -84 [da:4f:9f:8d:01:fb]
RSSI: -80 [da:0a:4f:5d:09:3c]
RSSI: -86 [da:4f:9f:9a:02:1b]
RSSI: -81 [da:0a:4f:69:09:5c]
RSSI: -82 [da:0a:4f:69:09:5c]
RSSI: -84 [da:4f:9f:a7:02:4b]
RSSI: -85 [da:0a:4f:79:09:8c]
RSSI: -85 [da:4f:9f:b4:02:6b]
RSSI: -84 [da:4f:9f:b4:02:6b]
RSSI: -82 [da:4f:9f:c1:02:9b]
RSSI: -83 [da:0a:4f:88:09:bc]
RSSI: -84 [da:4f:9f:c1:02:9b]
RSSI: -83 [da:4f:9f:ce:02:bb]
RSSI: -82 [da:4f:9f:ce:02:bb]
RSSI: -80 [da:0a:4f:95:09:ec]
RSSI: -83 [da:4f:9f:db:02:db]
RSSI: -82 [da:4f:9f:db:02:db]
RSSI: -82 [da:4f:9f:e8:03:0b]
RSSI: -85 [da:4f:9f:e8:03:0b]
RSSI: -85 [da:4f:9f:f5:03:2b]
RSSI: -76 [da:0a:4f:bf:0a:6c]
RSSI: -82 [da:4f:9f:f5:03:2b]
RSSI: -86 [da:4f:a0:02:03:5b]
RSSI: -78 [da:0a:4f:cf:0a:9c]
RSSI: -75 [da:0a:4f:cf:0a:9c]
RSSI: -82 [da:4f:a0:0f:03:7b]
RSSI: -85 [da:4f:a0:0f:03:7b]
RSSI: -76 [da:0a:4f:de:0a:cc]
RSSI: -82 [da:4f:a0:1d:03:ab]
RSSI: -86 [da:4f:a0:29:03:cb]
RSSI: -83 [da:0a:4f:ea:0a:ec]
RSSI: -76 [da:0a:4f:fa:0b:1c]
RSSI: -80 [da:0a:4f:fa:0b:1c]
RSSI: -73 [da:0a:50:09:0b:4c]
RSSI: -86 [da:4f:a0:44:04:1b]
RSSI: -79 [da:0a:50:15:0b:7c]
RSSI: -88 [da:4f:a0:50:04:4b]
RSSI: -73 [da:0a:50:15:0b:7c]
RSSI: -79 [da:0a:50:25:0b:ac]
RSSI: -79 [da:0a:50:25:0b:ac]
RSSI: -77 [da:0a:50:34:0b:dc]
RSSI: -73 [da:0a:50:40:0b:fc]
RSSI: -78 [da:0a:50:40:0b:fc]
RSSI: -82 [da:0a:50:50:0c:2c]
RSSI: -74 [da:0a:50:50:0c:2c]
RSSI: -82 [da:0a:50:5f:0c:5c]
RSSI: -75 [da:0a:50:6b:0c:8c]
RSSI: -95 [da:4f:a0:ac:05:5b]
RSSI: -79 [da:0a:50:7b:0c:bc]
RSSI: -74 [da:0a:50:7b:0c:bc]
RSSI: -92 [da:4f:a0:c6:05:ab]
RSSI: -91 [da:4f:a0:d3:05:cb]
RSSI: -75 [da:0a:50:a6:0d:3c]
RSSI: -81 [da:0a:50:b5:0d:6c]
RSSI: -85 [da:0a:50:c2:0d:8c]
RSSI: -79 [da:0a:50:c2:0d:8c]
RSSI: -92 [da:4f:a1:08:06:6b]
RSSI: -78 [da:0a:50:d1:0d:bc]
RSSI: -76 [da:0a:50:e0:0d:ec]
RSSI: -94 [da:51:85:31:01:2a]
RSSI: -74 [da:0a:50:ed:0e:1c]
RSSI: -73 [da:0a:50:ed:0e:1c]
RSSI: -75 [da:0a:50:fc:0e:4c]
RSSI: -73 [da:0a:50:fc:0e:4c]
RSSI: -75 [da:0a:51:0b:0e:7c]
RSSI: -72 [da:0a:51:18:0e:9c]
RSSI: -73 [da:0a:51:27:0e:cc]
RSSI: -74 [da:0a:51:27:0e:cc]
RSSI: -75 [da:0a:51:36:0e:fc]
RSSI: -74 [da:0a:51:36:0e:fc]
RSSI: -75 [da:0a:51:43:0f:2c]
RSSI: -75 [da:0a:51:52:0f:5c]
RSSI: -72 [da:0a:51:61:0f:8c]
RSSI: -73 [da:0a:51:6e:0f:ac]
RSSI: -72 [da:0a:51:6e:0f:ac]
RSSI: -73 [da:0a:51:6e:0f:ac]
RSSI: -74 [da:0a:51:7d:0f:dc]
RSSI: -74 [da:0a:51:8c:10:0c]
RSSI: -76 [da:0a:51:99:10:2c]
RSSI: -76 [da:0a:51:a8:10:5c]
RSSI: -76 [da:0a:51:a8:10:5c]
RSSI: -75 [da:0a:51:b8:10:8c]
RSSI: -76 [da:0a:51:c4:10:bc]
RSSI: -76 [da:0a:51:d4:10:ec]
RSSI: -77 [da:0a:51:d4:10:ec]
RSSI: -79 [da:0a:51:e3:11:1c]
RSSI: -80 [da:0a:51:e3:11:1c]
RSSI: -83 [da:0a:51:ef:11:3c]
RSSI: -84 [da:0a:52:0e:11:9c]
RSSI: -84 [da:0a:52:1b:11:bc]
RSSI: -84 [da:0a:52:1b:11:bc]
RSSI: -93 [da:4f:a2:69:0a:9b]
RSSI: -85 [da:0a:52:39:12:1c]
RSSI: -86 [da:0a:52:46:12:3c]
RSSI: -81 [da:0a:52:55:12:6c]
RSSI: -87 [da:0a:52:55:12:6c]
RSSI: -92 [da:4f:a2:99:0b:2b]
RSSI: -82 [da:0a:52:64:12:9c]
RSSI: -80 [da:0a:52:64:12:9c]
RSSI: -80 [da:0a:52:64:12:9c]
RSSI: -83 [da:0a:52:71:12:bc]
RSSI: -79 [da:0a:52:80:12:ec]
RSSI: -80 [da:0a:52:80:12:ec]
RSSI: -76 [da:0a:52:90:13:1c]
RSSI: -76 [da:0a:52:90:13:1c]
RSSI: -83 [da:0a:52:ac:13:6c]
RSSI: -91 [da:51:86:f6:06:1a]
RSSI: -91 [da:4f:a2:e8:0c:1b]
RSSI: -83 [da:0a:52:ac:13:6c]
RSSI: -77 [da:0a:52:bb:13:9c]
RSSI: -89 [da:51:87:06:06:4a]
RSSI: -76 [da:0a:52:c8:13:bc]
RSSI: -76 [da:0a:52:c8:13:bc]
RSSI: -74 [da:0a:52:d7:13:ec]
RSSI: -85 [da:0a:52:e6:14:1c]
RSSI: -76 [da:0a:52:f3:14:4c]
RSSI: -88 [da:51:87:41:06:fa]
RSSI: -77 [da:0a:52:f3:14:4c]
RSSI: -88 [da:51:87:4e:07:1a]
RSSI: -76 [da:0a:53:02:14:7c]
RSSI: -89 [da:51:87:4e:07:1a]
RSSI: -78 [da:0a:53:02:14:7c]
RSSI: -77 [da:0a:53:12:14:ac]
RSSI: -86 [da:0a:53:1e:14:cc]
RSSI: -87 [da:0a:53:2e:14:fc]
RSSI: -91 [da:51:87:7a:07:9a]
RSSI: -86 [da:0a:53:2e:14:fc]
RSSI: -78 [da:0a:53:3d:15:2c]
RSSI: -82 [da:0a:53:3d:15:2c]
RSSI: -74 [da:0a:53:4a:15:4c]
RSSI: -78 [da:0a:53:59:15:7c]
RSSI: -71 [da:0a:53:59:15:7c]
RSSI: -74 [da:0a:53:68:15:ac]
RSSI: -69 [da:0a:53:75:15:dc]
RSSI: -72 [da:0a:53:75:15:dc]
RSSI: -68 [da:0a:53:84:15:fc]
RSSI: -71 [da:0a:53:94:16:2c]
RSSI: -69 [da:0a:53:a0:16:5c]
RSSI: -71 [da:0a:53:a0:16:5c]
RSSI: -67 [da:0a:53:b0:00:0c]
RSSI: -68 [da:0a:53:b0:00:0c]
RSSI: -66 [da:0a:53:bf:00:2c]
RSSI: -70 [da:0a:53:cc:00:5c]
RSSI: -71 [da:0a:53:cc:00:5c]
RSSI: -69 [da:0a:53:db:00:8c]
RSSI: -70 [da:0a:53:db:00:8c]
RSSI: -67 [da:0a:53:ea:00:bc]
RSSI: -69 [da:0a:53:ea:00:bc]
RSSI: -70 [da:0a:53:ea:00:bc]
RSSI: -68 [da:0a:53:f7:00:dc]
RSSI: -70 [da:0a:54:06:01:0c]
RSSI: -69 [da:0a:54:06:01:0c]
RSSI: -73 [da:0a:54:16:01:3c]
RSSI: -73 [da:0a:54:16:01:3c]
RSSI: -72 [da:0a:54:22:01:5c]
RSSI: -77 [da:0a:54:22:01:5c]
RSSI: -75 [da:0a:54:32:01:8c]
RSSI: -82 [da:0a:54:32:01:8c]
RSSI: -77 [da:0a:54:41:01:bc]
RSSI: -85 [da:0a:54:4e:01:dc]
RSSI: -83 [da:0a:54:4e:01:dc]
RSSI: -86 [da:0a:54:5d:02:0c]
RSSI: -81 [da:0a:54:5d:02:0c]
RSSI: -80 [da:0a:54:5d:02:0c]
RSSI: -82 [da:0a:54:6c:02:3c]
RSSI: -77 [da:0a:54:79:02:6c]
RSSI: -79 [da:0a:54:79:02:6c]
RSSI: -80 [da:0a:54:89:02:9c]
RSSI: -75 [da:0a:54:89:02:9c]
RSSI: -80 [da:0a:54:98:02:cc]
RSSI: -79 [da:0a:54:98:02:cc]
RSSI: -81 [da:0a:54:a5:02:ec]
RSSI: -82 [da:0a:54:a5:02:ec]
RSSI: -79 [da:0a:54:a5:02:ec]
RSSI: -75 [da:0a:54:b4:03:1c]
RSSI: -85 [da:0a:54:b4:03:1c]
RSSI: -81 [da:0a:54:c3:03:4c]
RSSI: -77 [da:0a:54:c3:03:4c]
RSSI: -79 [da:0a:54:d0:03:6c]
RSSI: -83 [da:0a:54:df:03:9c]
RSSI: -78 [da:0a:54:df:03:9c]
RSSI: -76 [da:0a:54:ef:03:cc]
RSSI: -75 [da:0a:54:ef:03:cc]
RSSI: -83 [da:0a:54:ef:03:cc]
RSSI: -77 [da:0a:54:fb:03:ec]
RSSI: -75 [da:0a:54:fb:03:ec]
RSSI: -77 [da:0a:55:0b:04:1c]
RSSI: -95 [da:4f:a5:53:13:5b]
RSSI: -78 [da:0a:55:27:04:7c]
RSSI: -93 [da:4f:a5:60:13:8b]
RSSI: -83 [da:0a:55:27:04:7c]
RSSI: -79 [da:0a:55:36:04:9c]
RSSI: -85 [da:0a:55:46:04:cc]
RSSI: -86 [da:0a:55:46:04:cc]
RSSI: -91 [da:51:89:8d:0d:8a]
RSSI: -89 [da:0a:55:52:04:fc]
RSSI: -81 [da:0a:55:52:04:fc]
RSSI: -89 [da:0a:55:62:05:2c]
RSSI: -77 [da:0a:55:71:05:5c]
RSSI: -83 [da:0a:55:71:05:5c]
RSSI: -80 [da:0a:55:7e:05:7c]
RSSI: -79 [da:0a:55:93:05:bc]
RSSI: -79 [da:0a:55:93:05:bc]
RSSI: -85 [da:0a:55:a3:05:ec]
RSSI: -82 [da:0a:55:a3:05:ec]
RSSI: -86 [da:0a:55:af:06:0c]
RSSI: -80 [da:0a:55:bf:06:3c]
RSSI: -81 [da:0a:55:bf:06:3c]
RSSI: -82 [da:0a:55:db:06:9c]
RSSI: -79 [da:0a:55:eb:06:cc]
RSSI: -81 [da:0a:56:07:07:1c]
RSSI: -78 [da:0a:56:07:07:1c]
RSSI: -80 [da:0a:56:16:07:4c]
RSSI: -80 [da:0a:56:16:07:4c]
RSSI: -79 [da:0a:56:26:07:7c]
RSSI: -77 [da:0a:56:32:07:ac]
RSSI: -78 [da:0a:56:32:07:ac]
RSSI: -78 [da:0a:56:32:07:ac]
RSSI: -75 [da:0a:56:42:07:dc]
RSSI: -79 [da:0a:56:42:07:dc]
RSSI: -79 [da:0a:56:51:08:0c]
RSSI: -76 [da:0a:56:51:08:0c]
RSSI: -80 [da:0a:56:5e:08:2c]
RSSI: -80 [da:0a:56:5e:08:2c]
RSSI: -85 [da:0a:56:6d:08:5c]
RSSI: -80 [da:0a:56:6d:08:5c]
RSSI: -77 [da:0a:56:7d:08:8c]
RSSI: -78 [da:0a:56:89:08:bc]
RSSI: -77 [da:0a:56:89:08:bc]
RSSI: -78 [da:0a:56:99:08:ec]
RSSI: -82 [da:0a:56:a8:09:1c]
RSSI: -80 [da:0a:56:a8:09:1c]
RSSI: -82 [da:0a:56:b5:09:3c]
RSSI: -83 [da:0a:56:b5:09:3c]
RSSI: -88 [da:0a:56:c5:09:6c]
RSSI: -88 [da:4f:a7:09:02:0b]
RSSI: -86 [da:0a:56:d4:09:9c]
RSSI: -83 [da:0a:56:d4:09:9c]
RSSI: -85 [da:4f:a7:16:02:2b]
RSSI: -82 [da:0a:56:e1:09:cc]
RSSI: -79 [da:0a:56:f0:09:fc]
RSSI: -88 [da:0a:57:00:0a:2c]
RSSI: -84 [da:0a:57:00:0a:2c]
RSSI: -85 [da:4f:a7:3e:02:ab]
RSSI: -91 [da:4f:a7:4b:02:cb]
RSSI: -82 [da:0a:57:0c:0a:4c]
RSSI: -90 [da:4f:a7:4b:02:cb]
RSSI: -81 [da:0a:57:2b:0a:ac]
RSSI: -85 [da:4f:a7:66:03:1b]
RSSI: -77 [da:0a:57:2b:0a:ac]
RSSI: -84 [da:0a:57:48:0b:0c]
RSSI: -78 [da:0a:57:48:0b:0c]
RSSI: -86 [da:4f:a7:8e:03:9b]
RSSI: -79 [da:0a:57:57:0b:3c]
RSSI: -80 [da:0a:57:57:0b:3c]
RSSI: -85 [da:4f:a7:9a:03:bb]
RSSI: -80 [da:0a:57:64:0b:5c]
RSSI: -75 [da:0a:57:73:0b:8c]
RSSI: -80 [da:0a:57:73:0b:8c]
RSSI: -85 [da:4f:a7:b6:04:1b]
RSSI: -79 [da:0a:57:83:0b:bc]
RSSI: -75 [da:0a:57:83:0b:bc]
RSSI: -87 [da:4f:a7:c2:04:3b]
RSSI: -81 [da:0a:57:8f:0b:ec]
RSSI: -80 [da:0a:57:9f:0c:1c]
RSSI: -82 [da:0a:57:9f:0c:1c]
RSSI: -76 [da:0a:57:af:0c:4c]
RSSI: -84 [da:0a:57:bb:0c:6c]
RSSI: -79 [da:0a:57:bb:0c:6c]
RSSI: -88 [da:0a:57:cb:0c:9c]
RSSI: -88 [da:0a:57:cb:0c:9c]
RSSI: -76 [da:0a:57:da:0c:cc]
RSSI: -81 [da:0a:57:e7:0c:fc]
RSSI: -76 [da:0a:57:e7:0c:fc]
RSSI: -80 [da:0a:57:f7:0d:2c]
RSSI: -80 [da:0a:57:f7:0d:2c]
RSSI: -78 [da:0a:58:22:0d:ac]
RSSI: -80 [da:0a:58:32:0d:dc]
RSSI: -76 [da:0a:58:32:0d:dc]
RSSI: -78 [da:0a:58:3f:0e:0c]
RSSI: -74 [da:0a:58:3f:0e:0c]
RSSI: -74 [da:0a:58:4e:0e:3c]
RSSI: -76 [da:0a:58:4e:0e:3c]
RSSI: -74 [da:0a:58:5e:0e:6c]
RSSI: -74 [da:0a:58:5e:0e:6c]
RSSI: -75 [da:0a:58:6a:0e:8c]
RSSI: -77 [da:0a:58:7a:0e:bc]
RSSI: -75 [da:0a:58:7a:0e:bc]
RSSI: -90 [da:4f:a8:c0:07:3b]
RSSI: -78 [da:0a:58:8a:0e:ec]
RSSI: -77 [da:0a:58:8a:0e:ec]
RSSI: -78 [da:0a:58:96:0f:1c]
RSSI: -75 [da:0a:58:a6:0f:4c]
RSSI: -75 [da:0a:58:b5:0f:7c]
RSSI: -75 [da:0a:58:b5:0f:7c]
RSSI: -75 [da:0a:58:c2:0f:9c]
RSSI: -76 [da:0a:58:d2:0f:cc]
RSSI: -76 [da:0a:58:e1:0f:fc]
RSSI: -77 [da:0a:58:ee:10:2c]
RSSI: -78 [da:0a:58:ee:10:2c]
RSSI: -77 [da:0a:58:fd:10:5c]
RSSI: -79 [da:0a:59:0d:10:8c]
RSSI: -77 [da:0a:59:1a:10:ac]
RSSI: -79 [da:0a:59:1a:10:ac]
RSSI: -77 [da:0a:59:29:10:ec]
RSSI: -79 [da:0a:59:29:10:ec]
RSSI: -81 [da:0a:59:39:11:1c]
RSSI: -86 [da:0a:59:46:11:3c]
RSSI: -94 [da:51:8d:8e:02:7a]
RSSI: -89 [da:0a:59:55:11:6c]
RSSI: -87 [da:0a:59:65:11:9c]
RSSI: -85 [da:0a:59:71:11:bc]
RSSI: -93 [da:4f:a9:b1:0a:0b]
RSSI: -93 [da:4f:a9:be:0a:3b]
RSSI: -85 [da:0a:59:91:12:1c]
RSSI: -84 [da:0a:59:91:12:1c]
RSSI: -85 [da:0a:59:9d:12:3c]
RSSI: -79 [da:0a:59:ad:12:6c]
RSSI: -84 [da:0a:59:ad:12:6c]
RSSI: -79 [da:0a:59:bd:12:9c]
RSSI: -90 [da:4f:aa:01:0a:fb]
RSSI: -83 [da:0a:59:c9:12:bc]
RSSI: -91 [da:4f:aa:0f:0b:2b]
RSSI: -78 [da:0a:59:d9:12:ec]
RSSI: -90 [da:4f:aa:1b:0b:4b]
RSSI: -76 [da:0a:59:e9:13:1c]
RSSI: -76 [da:0a:59:e9:13:1c]
RSSI: -94 [da:4f:aa:29:0b:7b]
RSSI: -76 [da:0a:59:f5:13:4c]
RSSI: -85 [da:0a:5a:05:13:7c]
RSSI: -77 [da:0a:5a:15:13:ac]
RSSI: -77 [da:0a:5a:21:13:cc]
RSSI: -77 [da:0a:5a:21:13:cc]
RSSI: -75 [da:0a:5a:31:13:fc]
RSSI: -74 [da:0a:5a:31:13:fc]
RSSI: -86 [da:0a:5a:41:14:2c]
RSSI: -88 [da:51:8e:8e:05:4a]
RSSI: -91 [da:4f:aa:79:0c:6b]
RSSI: -76 [da:0a:5a:4d:14:4c]
RSSI: -82 [da:0a:5a:4d:14:4c]
RSSI: -87 [da:51:8e:9b:05:6a]
RSSI: -75 [da:0a:5a:5d:14:7c]
RSSI: -79 [da:0a:5a:5d:14:7c]
RSSI: -88 [da:51:8e:ab:05:9a]
RSSI: -79 [da:0a:5a:5d:14:7c]
RSSI: -78 [da:0a:5a:6d:14:ac]
RSSI: -87 [da:51:8e:bb:05:ca]
RSSI: -82 [da:0a:5a:79:14:dc]
RSSI: -85 [da:51:8e:c7:05:ea]
RSSI: -86 [da:0a:5a:89:15:0c]
RSSI: -85 [da:51:8e:d8:06:1a]
RSSI: -78 [da:0a:5a:99:15:3c]
RSSI: -86 [da:51:8e:e8:06:4a]
RSSI: -81 [da:0a:5a:99:15:3c]
RSSI: -71 [da:0a:5a:b5:15:8c]
RSSI: -71 [da:0a:5a:b5:15:8c]
RSSI: -86 [da:51:8f:05:06:9a]
RSSI: -73 [da:0a:5a:c5:15:bc]
RSSI: -75 [da:0a:5a:c5:15:bc]
RSSI: -70 [da:0a:5a:d1:15:dc]
RSSI: -85 [da:51:8f:21:06:ea]
RSSI: -68 [da:0a:5a:e1:16:0c]
RSSI: -69 [da:0a:5a:e1:16:0c]
RSSI: -70 [da:0a:5a:f1:16:3c]
RSSI: -91 [da:51:8f:41:07:4a]
RSSI: -69 [da:0a:5a:fd:16:5c]
RSSI: -87 [da:51:8f:4e:07:6a]
RSSI: -66 [da:0a:5b:0d:00:2c]
RSSI: -68 [da:0a:5b:0d:00:2c]
RSSI: -87 [da:51:8f:5e:07:9a]
RSSI: -65 [da:0a:5b:1d:00:5c]
RSSI: -90 [da:51:8f:6e:07:ca]
RSSI: -66 [da:0a:5b:1d:00:5c]
RSSI: -65 [da:0a:5b:29:00:8c]
RSSI: -67 [da:0a:5b:39:00:bc]
RSSI: -66 [da:0a:5b:39:00:bc]
RSSI: -67 [da:0a:5b:49:00:ec]
RSSI: -67 [da:0a:5b:55:01:0c]
RSSI: -68 [da:0a:5b:55:01:0c]
RSSI: -68 [da:0a:5b:65:01:3c]
RSSI: -70 [da:0a:5b:65:01:3c]
RSSI: -70 [da:0a:5b:75:01:6c]
RSSI: -70 [da:0a:5b:75:01:6c]
RSSI: -74 [da:0a:5b:82:01:8c]
RSSI: -73 [da:0a:5b:82:01:8c]
RSSI: -78 [da:0a:5b:91:01:bc]
RSSI: -78 [da:0a:5b:a1:01:ec]
RSSI: -79 [da:0a:5b:a1:01:ec]
RSSI: -83 [da:0a:5b:a1:01:ec]
RSSI: -90 [da:0a:5b:ae:02:1c]
RSSI: -87 [da:0a:5b:ae:02:1c]
RSSI: -80 [da:0a:5b:be:02:4c]
RSSI: -80 [da:0a:5b:cd:02:7c]
RSSI: -79 [da:0a:5b:da:02:9c]
RSSI: -79 [da:0a:5b:da:02:9c]
RSSI: -78 [da:0a:5b:da:02:9c]
RSSI: -79 [da:0a:5b:ea:02:cc]
RSSI: -74 [da:0a:5b:f9:02:fc]
RSSI: -95 [da:4f:ac:35:11:9b]
RSSI: -77 [da:0a:5c:06:03:2c]
RSSI: -78 [da:0a:5c:06:03:2c]
RSSI: -76 [da:0a:5c:06:03:2c]
RSSI: -83 [da:0a:5c:16:03:5c]
RSSI: -81 [da:0a:5c:16:03:5c]
RSSI: -86 [da:0a:5c:26:03:8c]
RSSI: -77 [da:0a:5c:32:03:ac]
RSSI: -77 [da:0a:5c:42:03:dc]
RSSI: -76 [da:0a:5c:42:03:dc]
RSSI: -83 [da:0a:5c:52:04:0c]
RSSI: -77 [da:0a:5c:52:04:0c]
RSSI: -84 [da:0a:5c:5e:04:2c]
RSSI: -78 [da:0a:5c:5e:04:2c]
RSSI: -79 [da:0a:5c:6e:04:5c]
RSSI: -82 [da:0a:5c:7e:04:8c]
RSSI: -81 [da:0a:5c:7e:04:8c]
RSSI: -88 [da:0a:5c:8b:04:bc]
RSSI: -92 [da:4f:ac:c9:13:5b]
RSSI: -84 [da:0a:5c:9a:04:ec]
RSSI: -86 [da:0a:5c:9a:04:ec]
RSSI: -85 [da:0a:5c:9a:04:ec]
RSSI: -85 [da:0a:5c:aa:05:1c]
RSSI: -88 [da:0a:5c:aa:05:1c]
RSSI: -78 [da:0a:5c:c7:05:6c]
RSSI: -88 [da:0a:5c:c7:05:6c]
RSSI: -77 [da:0a:5c:d6:05:ac]
RSSI: -84 [da:0a:5c:f3:05:fc]
RSSI: -80 [da:0a:5d:03:06:2c]
RSSI: -80 [da:0a:5d:03:06:2c]
RSSI: -93 [da:51:91:63:0d:6a]
RSSI: -81 [da:0a:5d:0f:06:5c]
RSSI: -96 [da:4f:ad:50:14:eb]
RSSI: -83 [da:0a:5d:1f:06:8c]
RSSI: -85 [da:0a:5d:2f:06:bc]
RSSI: -88 [da:0a:5d:2f:06:bc]
RSSI: -84 [da:0a:5d:3b:06:dc]
RSSI: -93 [da:51:91:a3:0e:1a]
RSSI: -81 [da:0a:5d:5b:07:3c]
RSSI: -93 [da:51:91:b0:0e:3a]
RSSI: -84 [da:0a:5d:5b:07:3c]
RSSI: -82 [da:0a:5d:68:07:6c]
RSSI: -82 [da:0a:5d:68:07:6c]
RSSI: -93 [da:4f:ad:a1:15:db]
RSSI: -82 [da:0a:5d:68:07:6c]
RSSI: -91 [da:51:91:bc:0e:6a]
RSSI: -80 [da:0a:5d:78:07:9c]
RSSI: -82 [da:0a:5d:87:07:cc]
RSSI: -79 [da:0a:5d:94:07:ec]
RSSI: -79 [da:0a:5d:94:07:ec]
RSSI: -78 [da:0a:5d:a4:08:2c]
RSSI: -82 [da:0a:5d:b4:08:5c]
RSSI: -79 [da:0a:5d:c0:08:7c]
RSSI: -84 [da:0a:5d:c0:08:7c]
RSSI: -79 [da:0a:5d:d0:08:ac]
RSSI: -79 [da:0a:5d:d0:08:ac]
RSSI: -79 [da:0a:5d:e0:08:dc]
RSSI: -83 [da:0a:5d:ed:09:0c]
RSSI: -77 [da:0a:5d:ed:09:0c]
RSSI: -90 [da:4f:ae:35:00:eb]
RSSI: -81 [da:0a:5d:fd:09:3c]
RSSI: -79 [da:0a:5e:0c:09:6c]
RSSI: -90 [da:4f:ae:43:01:1b]
RSSI: -81 [da:0a:5e:0c:09:6c]
RSSI: -83 [da:0a:5e:19:09:8c]
RSSI: -86 [da:0a:5e:19:09:8c]
RSSI: -86 [da:0a:5e:29:09:bc]
RSSI: -88 [da:4f:ae:6c:01:9b]
RSSI: -91 [da:0a:5e:39:09:ec]
RSSI: -83 [da:0a:5e:39:09:ec]
RSSI: -81 [da:0a:5e:39:09:ec]
RSSI: -88 [da:4f:ae:7a:01:bb]
RSSI: -86 [da:4f:ae:7a:01:bb]
RSSI: -87 [da:0a:5e:45:0a:1c]
RSSI: -85 [da:4f:ae:86:01:eb]
RSSI: -86 [da:4f:ae:86:01:eb]
RSSI: -87 [da:0a:5e:55:0a:4c]
RSSI: -86 [da:4f:ae:95:02:0b]
RSSI: -82 [da:0a:5e:55:0a:4c]
RSSI: -83 [da:4f:ae:95:02:0b]
RSSI: -84 [da:4f:ae:a2:02:3b]
RSSI: -76 [da:0a:5e:72:0a:9c]
RSSI: -76 [da:0a:5e:72:0a:9c]
RSSI: -85 [da:4f:ae:af:02:5b]
RSSI: -78 [da:0a:5e:82:0a:cc]
RSSI: -81 [da:4f:ae:bd:02:8b]
RSSI: -76 [da:0a:5e:82:0a:cc]
RSSI: -85 [da:4f:ae:cb:02:ab]
RSSI: -77 [da:0a:5e:91:0b:0c]
RSSI: -84 [da:4f:ae:cb:02:ab]
RSSI: -84 [da:0a:5e:9e:0b:2c]
RSSI: -76 [da:0a:5e:9e:0b:2c]
RSSI: -82 [da:4f:ae:e6:02:fb]
RSSI: -81 [da:0a:5e:ae:0b:5c]
RSSI: -75 [da:0a:5e:be:0b:8c]
RSSI: -81 [da:0a:5e:be:0b:8c]
RSSI: -88 [da:4f:af:00:03:4b]
RSSI: -75 [da:0a:5e:ca:0b:bc]
RSSI: -86 [da:4f:af:00:03:4b]
RSSI: -82 [da:4f:af:0f:03:7b]
RSSI: -78 [da:0a:5e:da:0b:ec]
RSSI: -74 [da:0a:5e:da:0b:ec]
RSSI: -87 [da:4f:af:1d:03:ab]
RSSI: -74 [da:0a:5e:da:0b:ec]
RSSI: -84 [da:4f:af:1d:03:ab]
RSSI: -79 [da:0a:5e:ea:0c:1c]
RSSI: -89 [da:4f:af:29:03:cb]
RSSI: -78 [da:0a:5e:f7:0c:3c]
RSSI: -76 [da:0a:5f:07:0c:6c]
RSSI: -87 [da:4f:af:45:04:1b]
RSSI: -85 [da:0a:5f:17:0c:9c]
RSSI: -86 [da:0a:5f:17:0c:9c]
RSSI: -79 [da:0a:5f:17:0c:9c]
RSSI: -90 [da:0a:5f:23:0c:cc]
RSSI: -90 [da:4f:af:6e:04:9b]
RSSI: -75 [da:0a:5f:33:0c:fc]
RSSI: -90 [da:4f:af:6e:04:9b]
RSSI: -94 [da:4f:af:6e:04:9b]
RSSI: -91 [da:0a:5f:33:0c:fc]
RSSI: -79 [da:0a:5f:43:0d:2c]
RSSI: -75 [da:0a:5f:43:0d:2c]
RSSI: -79 [da:0a:5f:50:0d:5c]
RSSI: -80 [da:0a:5f:50:0d:5c]
RSSI: -80 [da:0a:5f:60:0d:8c]
RSSI: -77 [da:0a:5f:70:0d:bc]
RSSI: -77 [da:0a:5f:7c:0d:dc]
RSSI: -77 [da:0a:5f:8c:0e:0c]
RSSI: -76 [da:0a:5f:8c:0e:0c]
RSSI: -78 [da:0a:5f:9c:0e:3c]
RSSI: -75 [da:0a:5f:9c:0e:3c]
RSSI: -77 [da:0a:5f:a9:0e:6c]
RSSI: -72 [da:0a:5f:b9:0e:9c]
RSSI: -76 [da:0a:5f:b9:0e:9c]
RSSI: -75 [da:0a:5f:c8:0e:cc]
RSSI: -77 [da:0a:5f:d5:0e:fc]
RSSI: -75 [da:0a:5f:d5:0e:fc]
RSSI: -77 [da:0a:5f:e5:0f:2c]
RSSI: -75 [da:0a:5f:e5:0f:2c]
RSSI: -76 [da:0a:5f:f5:0f:5c]
RSSI: -76 [da:0a:5f:f5:0f:5c]
RSSI: -75 [da:0a:60:02:0f:7c]
RSSI: -75 [da:0a:60:02:0f:7c]
RSSI: -91 [da:4f:b0:4e:07:3b]
RSSI: -74 [da:0a:60:12:0f:ac]
RSSI: -75 [da:0a:60:21:0f:dc]
RSSI: -74 [da:0a:60:21:0f:dc]
RSSI: -95 [da:51:94:87:00:2a]
RSSI: -76 [da:0a:60:3e:10:3c]
RSSI: -77 [da:0a:60:4e:10:6c]
RSSI: -77 [da:0a:60:5b:10:9c]
RSSI: -77 [da:0a:60:5b:10:9c]
RSSI: -77 [da:0a:60:6b:10:cc]
RSSI: -77 [da:0a:60:6b:10:cc]
RSSI: -78 [da:0a:60:7b:10:fc]
RSSI: -79 [da:0a:60:87:11:1c]
RSSI: -92 [da:4f:b0:bc:08:8b]
RSSI: -80 [da:0a:60:87:11:1c]
RSSI: -84 [da:0a:60:97:11:4c]
RSSI: -96 [da:51:95:14:01:ba]
RSSI: -87 [da:0a:60:d4:12:0c]
RSSI: -91 [da:4f:b1:1a:09:ab]
RSSI: -88 [da:0a:60:e0:12:2c]
RSSI: -81 [da:0a:60:f0:12:5c]
RSSI: -80 [da:0a:61:00:12:8c]
RSSI: -83 [da:0a:61:0d:12:ac]
RSSI: -81 [da:0a:61:0d:12:ac]
RSSI: -81 [da:0a:61:1d:12:dc]
RSSI: -77 [da:0a:61:2d:13:0c]
RSSI: -80 [da:0a:61:3a:13:2c]
RSSI: -76 [da:0a:61:3a:13:2c]
RSSI: -80 [da:0a:61:4a:13:5c]
RSSI: -77 [da:0a:61:5a:13:8c]
RSSI: -90 [da:4f:b1:95:0b:1b]
RSSI: -77 [da:0a:61:5a:13:8c]
RSSI: -78 [da:0a:61:66:13:bc]
RSSI: -77 [da:0a:61:66:13:bc]
RSSI: -76 [da:0a:61:76:13:ec]
RSSI: -84 [da:0a:61:86:14:1c]
RSSI: -90 [da:51:95:d5:03:ca]
RSSI: -75 [da:0a:61:93:14:3c]
RSSI: -79 [da:0a:61:93:14:3c]
RSSI: -75 [da:0a:61:a3:14:7c]
RSSI: -76 [da:0a:61:a3:14:7c]
RSSI: -77 [da:0a:61:a3:14:7c]
RSSI: -88 [da:4f:b1:e7:0c:0b]
RSSI: -89 [da:51:95:fc:04:3a]
RSSI: -76 [da:0a:61:b3:14:ac]
RSSI: -76 [da:0a:61:c0:14:cc]
RSSI: -79 [da:0a:61:c0:14:cc]
RSSI: -89 [da:51:96:22:04:aa]
RSSI: -78 [da:0a:61:d0:14:fc]
RSSI: -83 [da:0a:61:e0:15:2c]
RSSI: -92 [da:51:96:2f:04:ca]
RSSI: -84 [da:0a:61:e0:15:2c]
RSSI: -78 [da:0a:61:ec:15:4c]
RSSI: -77 [da:0a:61:ec:15:4c]
RSSI: -88 [da:51:96:49:05:1a]
RSSI: -74 [da:0a:61:fc:15:7c]
RSSI: -76 [da:0a:62:0c:15:ac]
RSSI: -70 [da:0a:62:19:15:dc]
RSSI: -70 [da:0a:62:19:15:dc]
RSSI: -71 [da:0a:62:19:15:dc]
RSSI: -86 [da:51:96:70:05:8a]
RSSI: -69 [da:0a:62:29:16:0c]
RSSI: -68 [da:0a:62:29:16:0c]
RSSI: -68 [da:0a:62:39:16:3c]
RSSI: -86 [da:51:96:89:05:ca]
RSSI: -66 [da:0a:62:46:16:5c]
RSSI: -67 [da:0a:62:46:16:5c]
RSSI: -85 [da:51:96:a3:06:1a]
RSSI: -85 [da:51:96:a3:06:1a]
RSSI: -65 [da:0a:62:56:00:0c]
RSSI: -82 [da:51:96:bd:06:5a]
RSSI: -88 [da:51:96:bd:06:5a]
RSSI: -66 [da:0a:62:72:00:5c]
RSSI: -84 [da:51:96:ca:06:8a]
RSSI: -64 [da:0a:62:72:00:5c]
RSSI: -83 [da:51:96:ca:06:8a]
RSSI: -66 [da:0a:62:83:00:8c]
RSSI: -88 [da:51:96:d7:06:aa]
RSSI: -84 [da:51:96:d7:06:aa]
RSSI: -65 [da:0a:62:93:00:bc]
RSSI: -83 [da:51:96:e4:06:ca]
RSSI: -65 [da:0a:62:93:00:bc]
RSSI: -88 [da:51:96:e4:06:ca]
RSSI: -65 [da:0a:62:9f:00:ec]
RSSI: -84 [da:51:96:f1:06:fa]
RSSI: -65 [da:0a:62:9f:00:ec]
RSSI: -85 [da:51:96:f1:06:fa]
RSSI: -88 [da:51:96:fd:07:1a]
RSSI: -68 [da:0a:62:af:01:1c]
RSSI: -88 [da:51:96:fd:07:1a]
RSSI: -67 [da:0a:62:af:01:1c]
RSSI: -85 [da:51:96:fd:07:1a]
RSSI: -83 [da:51:97:0a:07:3a]
RSSI: -69 [da:0a:62:bf:01:4c]
RSSI: -85 [da:51:97:17:07:6a]
RSSI: -89 [da:51:97:24:07:8a]
RSSI: -87 [da:51:97:24:07:8a]
RSSI: -71 [da:0a:62:dc:01:9c]
RSSI: -84 [da:51:97:31:07:aa]
RSSI: -75 [da:0a:62:ec:01:cc]
RSSI: -88 [da:51:97:3e:07:ca]
RSSI: -80 [da:0a:62:ec:01:cc]
RSSI: -84 [da:51:97:3e:07:ca]
RSSI: -86 [da:51:97:4b:07:fa]
RSSI: -81 [da:0a:62:f9:01:fc]
RSSI: -86 [da:51:97:58:08:1a]
RSSI: -88 [da:0a:63:09:02:2c]
RSSI: -87 [da:51:97:58:08:1a]
RSSI: -78 [da:0a:63:19:02:5c]
RSSI: -77 [da:0a:63:19:02:5c]
RSSI: -77 [da:0a:63:26:02:7c]
RSSI: -77 [da:0a:63:26:02:7c]
RSSI: -79 [da:0a:63:36:02:ac]
RSSI: -91 [da:51:97:7f:08:8a]
RSSI: -76 [da:0a:63:36:02:ac]
RSSI: -78 [da:0a:63:46:02:dc]
RSSI: -73 [da:0a:63:52:02:fc]
RSSI: -97 [da:4f:b3:9e:11:3b]
RSSI: -75 [da:0a:63:62:03:2c]
RSSI: -91 [da:51:97:b2:09:1a]
RSSI: -94 [da:4f:b3:9e:11:3b]
RSSI: -81 [da:0a:63:73:03:5c]
RSSI: -82 [da:0a:63:73:03:5c]
RSSI: -84 [da:0a:63:7f:03:8c]
RSSI: -82 [da:0a:63:7f:03:8c]
RSSI: -75 [da:0a:63:9f:03:ec]
RSSI: -77 [da:0a:63:ac:04:0c]
RSSI: -77 [da:0a:63:ac:04:0c]
RSSI: -76 [da:0a:63:ac:04:0c]
RSSI: -82 [da:0a:63:bc:04:3c]
RSSI: -78 [da:0a:63:bc:04:3c]
RSSI: -82 [da:0a:63:cc:04:6c]
RSSI: -81 [da:0a:63:d9:04:9c]
RSSI: -81 [da:0a:63:d9:04:9c]
RSSI: -83 [da:0a:63:e9:04:cc]
RSSI: -80 [da:0a:63:f9:04:fc]
RSSI: -81 [da:0a:63:f9:04:fc]
RSSI: -81 [da:0a:64:06:05:1c]
RSSI: -77 [da:0a:64:06:05:1c]
RSSI: -82 [da:0a:64:16:05:5c]
RSSI: -85 [da:0a:64:26:05:8c]
RSSI: -93 [da:4f:b4:5e:13:7b]
RSSI: -94 [da:51:98:75:0b:4a]
RSSI: -82 [da:0a:64:33:05:ac]
RSSI: -81 [da:0a:64:4c:05:fc]
RSSI: -86 [da:0a:64:4c:05:fc]
RSSI: -78 [da:0a:64:5c:06:2c]
RSSI: -89 [da:0a:64:68:06:4c]
RSSI: -80 [da:0a:64:68:06:4c]
RSSI: -83 [da:0a:64:78:06:7c]
RSSI: -85 [da:0a:64:88:06:bc]
RSSI: -84 [da:0a:64:95:06:dc]
RSSI: -84 [da:0a:64:95:06:dc]
RSSI: -80 [da:0a:64:a5:07:0c]
RSSI: -85 [da:0a:64:a5:07:0c]
RSSI: -82 [da:0a:64:b2:07:2c]
RSSI: -84 [da:0a:64:bf:07:5c]
RSSI: -81 [da:0a:64:bf:07:5c]
RSSI: -82 [da:0a:64:cb:07:7c]
RSSI: -84 [da:0a:64:cb:07:7c]
RSSI: -79 [da:0a:64:d8:07:ac]
RSSI: -80 [da:0a:64:d8:07:ac]
RSSI: -80 [da:0a:64:e5:07:cc]
RSSI: -78 [da:0a:64:e5:07:cc]
RSSI: -78 [da:0a:64:f1:07:fc]
RSSI: -78 [da:0a:64:f1:07:fc]
RSSI: -79 [da:0a:64:fe:08:1c]
RSSI: -79 [da:0a:64:fe:08:1c]
RSSI: -77 [da:0a:65:0b:08:4c]
RSSI: -83 [da:0a:65:0b:08:4c]
RSSI: -80 [da:0a:65:17:08:6c]
RSSI: -78 [da:0a:65:17:08:6c]
RSSI: -91 [da:4f:b5:64:16:7b]
RSSI: -80 [da:0a:65:24:08:9c]
RSSI: -78 [da:0a:65:31:08:bc]
RSSI: -83 [da:0a:65:31:08:bc]
RSSI: -78 [da:0a:65:3d:08:ec]
RSSI: -78 [da:0a:65:3d:08:ec]
RSSI: -78 [da:0a:65:3d:08:ec]
RSSI: -81 [da:0a:65:4a:09:0c]
RSSI: -78 [da:0a:65:4a:09:0c]
RSSI: -80 [da:0a:65:57:09:2c]
RSSI: -80 [da:0a:65:57:09:2c]
RSSI: -80 [da:0a:65:63:09:5c]
RSSI: -80 [da:0a:65:63:09:5c]
RSSI: -83 [da:0a:65:63:09:5c]
RSSI: -83 [da:0a:65:70:09:7c]
RSSI: -85 [da:0a:65:70:09:7c]
RSSI: -89 [da:0a:65:7d:09:ac]
RSSI: -93 [da:4f:b5:b7:00:fb]
RSSI: -85 [da:0a:65:7d:09:ac]
RSSI: -81 [da:0a:65:96:09:fc]
RSSI: -87 [da:0a:65:96:09:fc]
RSSI: -87 [da:0a:65:a3:0a:1c]
RSSI: -78 [da:0a:65:a3:0a:1c]
RSSI: -88 [da:4f:b5:e0:01:7b]
RSSI: -81 [da:0a:65:b0:0a:4c]
RSSI: -89 [da:4f:b5:ed:01:9b]
RSSI: -76 [da:0a:65:bc:0a:6c]
RSSI: -89 [da:4f:b5:fb:01:cb]
RSSI: -79 [da:0a:65:c9:0a:9c]
RSSI: -76 [da:0a:65:c9:0a:9c]
RSSI: -84 [da:4f:b6:0a:01:fb]
RSSI: -78 [da:0a:65:d6:0a:bc]
RSSI: -83 [da:4f:b6:16:02:1b]
RSSI: -77 [da:0a:65:e2:0a:ec]
RSSI: -84 [da:4f:b6:16:02:1b]
RSSI: -76 [da:0a:65:ef:0b:0c]
RSSI: -86 [da:4f:b6:25:02:4b]
RSSI: -76 [da:0a:65:ef:0b:0c]
RSSI: -82 [da:0a:65:fc:0b:3c]
RSSI: -86 [da:4f:b6:33:02:6b]
RSSI: -75 [da:0a:65:fc:0b:3c]
RSSI: -82 [da:4f:b6:40:02:9b]
RSSI: -86 [da:4f:b6:40:02:9b]
RSSI: -85 [da:4f:b6:4e:02:bb]
RSSI: -74 [da:0a:66:15:0b:8c]
RSSI: -82 [da:4f:b6:4e:02:bb]
RSSI: -85 [da:4f:b6:5d:02:eb]
RSSI: -79 [da:0a:66:22:0b:ac]
RSSI: -86 [da:4f:b6:5d:02:eb]
RSSI: -74 [da:0a:66:22:0b:ac]
RSSI: -78 [da:0a:66:2f:0b:cc]
RSSI: -79 [da:0a:66:2f:0b:cc]
RSSI: -86 [da:4f:b6:69:03:0b]
RSSI: -74 [da:0a:66:3c:0b:fc]
RSSI: -82 [da:4f:b6:78:03:3b]
RSSI: -81 [da:0a:66:48:0c:1c]
RSSI: -88 [da:4f:b6:86:03:6b]
RSSI: -75 [da:0a:66:48:0c:1c]
RSSI: -78 [da:0a:66:55:0c:4c]
RSSI: -78 [da:0a:66:55:0c:4c]
RSSI: -82 [da:0a:66:55:0c:4c]
RSSI: -88 [da:4f:b6:93:03:8b]
RSSI: -89 [da:4f:b6:93:03:8b]
RSSI: -76 [da:0a:66:62:0c:6c]
RSSI: -83 [da:4f:b6:a1:03:bb]
RSSI: -85 [da:0a:66:6e:0c:9c]
RSSI: -88 [da:4f:b6:a1:03:bb]
RSSI: -80 [da:0a:66:6e:0c:9c]
RSSI: -76 [da:0a:66:7b:0c:bc]
RSSI: -84 [da:4f:b6:af:03:eb]
RSSI: -76 [da:0a:66:7b:0c:bc]
RSSI: -82 [da:0a:66:88:0c:ec]
RSSI: -81 [da:0a:66:95:0d:0c]
RSSI: -88 [da:4f:b6:d9:04:6b]
RSSI: -76 [da:0a:66:a1:0d:3c]
RSSI: -79 [da:0a:66:ae:0d:5c]
RSSI: -79 [da:0a:66:bb:0d:8c]
RSSI: -77 [da:0a:66:c7:0d:ac]
RSSI: -77 [da:0a:66:d4:0d:dc]
RSSI: -79 [da:0a:66:e1:0d:fc]
RSSI: -75 [da:0a:66:e1:0d:fc]
RSSI: -74 [da:0a:66:ee:0e:2c]
RSSI: -73 [da:0a:66:fb:0e:4c]
RSSI: -76 [da:0a:67:07:0e:7c]
RSSI: -76 [da:0a:67:07:0e:7c]
RSSI: -73 [da:0a:67:07:0e:7c]
RSSI: -91 [da:4f:b7:47:05:ab]
RSSI: -73 [da:0a:67:14:0e:9c]
RSSI: -74 [da:0a:67:21:0e:cc]
RSSI: -76 [da:0a:67:2e:0e:ec]
RSSI: -77 [da:0a:67:2e:0e:ec]
RSSI: -77 [da:0a:67:3a:0f:1c]
RSSI: -74 [da:0a:67:47:0f:3c]
RSSI: -94 [da:4f:b7:7f:06:5b]
RSSI: -75 [da:0a:67:54:0f:6c]
RSSI: -75 [da:0a:67:54:0f:6c]
RSSI: -74 [da:0a:67:61:0f:8c]
RSSI: -74 [da:0a:67:6d:0f:bc]
RSSI: -75 [da:0a:67:7a:0f:dc]
RSSI: -75 [da:0a:67:87:0f:fc]
RSSI: -76 [da:0a:67:94:10:2c]
RSSI: -77 [da:0a:67:a1:10:4c]
RSSI: -92 [da:4f:b7:df:07:7b]
RSSI: -78 [da:0a:67:ad:10:7c]
RSSI: -77 [da:0a:67:ba:10:9c]
RSSI: -91 [da:4f:b7:ed:07:9b]
RSSI: -76 [da:0a:67:c7:10:cc]
RSSI: -91 [da:4f:b8:08:07:fb]
RSSI: -79 [da:0a:67:e1:11:1c]
RSSI: -94 [da:4f:b8:17:08:1b]
RSSI: -83 [da:0a:67:ed:11:3c]
RSSI: -97 [da:4f:b8:41:08:9b]
RSSI: -87 [da:0a:68:07:11:8c]
RSSI: -88 [da:0a:68:14:11:bc]
RSSI: -93 [da:4f:b8:5c:08:eb]
RSSI: -95 [da:51:9c:79:00:6a]
RSSI: -84 [da:0a:68:2d:12:0c]
RSSI: -85 [da:0a:68:3a:12:2c]
RSSI: -82 [da:0a:68:47:12:4c]
RSSI: -84 [da:0a:68:54:12:7c]
RSSI: -79 [da:0a:68:60:12:9c]
RSSI: -82 [da:0a:68:6d:12:bc]
RSSI: -81 [da:0a:68:7a:12:ec]
RSSI: -94 [da:51:9c:c8:01:4a]
RSSI: -76 [da:0a:68:87:13:0c]
RSSI: -80 [da:0a:68:94:13:3c]
RSSI: -76 [da:0a:68:a0:13:5c]
RSSI: -94 [da:4f:b8:d9:0a:6b]
RSSI: -76 [da:0a:68:ad:13:7c]
RSSI: -83 [da:0a:68:ba:13:ac]
RSSI: -93 [da:51:9d:17:02:2a]
RSSI: -90 [da:4f:b9:02:0a:eb]
RSSI: -75 [da:0a:68:d4:13:fc]
RSSI: -91 [da:4f:b9:11:0b:1b]
RSSI: -75 [da:0a:68:ed:14:3c]
RSSI: -91 [da:4f:b9:2c:0b:6b]
RSSI: -75 [da:0a:68:fa:14:6c]
RSSI: -82 [da:0a:69:07:14:8c]
RSSI: -79 [da:0a:69:14:14:bc]
RSSI: -79 [da:0a:69:21:14:dc]
RSSI: -83 [da:0a:69:2d:14:fc]
RSSI: -77 [da:0a:69:47:15:4c]
RSSI: -76 [da:0a:69:47:15:4c]
RSSI: -83 [da:0a:69:54:15:7c]
RSSI: -75 [da:0a:69:61:15:9c]
RSSI: -70 [da:0a:69:6e:15:bc]
RSSI: -70 [da:0a:69:6e:15:bc]
RSSI: -74 [da:0a:69:7a:15:ec]
RSSI: -69 [da:0a:69:87:16:0c]
RSSI: -67 [da:0a:69:94:16:3c]
RSSI: -67 [da:0a:69:94:16:3c]
RSSI: -68 [da:0a:69:94:16:3c]
RSSI: -70 [da:0a:69:a1:16:5c]
RSSI: -67 [da:0a:69:ae:00:0c]
RSSI: -66 [da:0a:69:bb:00:2c]
RSSI: -67 [da:0a:69:bb:00:2c]
RSSI: -68 [da:0a:69:c7:00:4c]
RSSI: -66 [da:0a:69:d4:00:7c]
RSSI: -66 [da:0a:69:e1:00:9c]
RSSI: -67 [da:0a:69:e1:00:9c]
RSSI: -68 [da:0a:69:ee:00:cc]
RSSI: -68 [da:0a:69:ee:00:cc]
RSSI: -68 [da:0a:69:fb:00:ec]
RSSI: -68 [da:0a:6a:08:01:0c]
RSSI: -69 [da:0a:6a:08:01:0c]
RSSI: -70 [da:0a:6a:15:01:3c]
RSSI: -69 [da:0a:6a:15:01:3c]
RSSI: -72 [da:0a:6a:22:01:5c]
RSSI: -72 [da:0a:6a:2f:01:8c]
RSSI: -76 [da:0a:6a:2f:01:8c]
RSSI: -75 [da:0a:6a:3b:01:ac]
RSSI: -76 [da:0a:6a:3b:01:ac]
RSSI: -82 [da:0a:6a:48:01:cc]
RSSI: -82 [da:0a:6a:55:01:fc]
RSSI: -88 [da:0a:6a:62:02:1c]
RSSI: -80 [da:0a:6a:6f:02:4c]
RSSI: -81 [da:0a:6a:7c:02:6c]
RSSI: -78 [da:0a:6a:7c:02:6c]
RSSI: -75 [da:0a:6a:88:02:9c]
RSSI: -80 [da:0a:6a:88:02:9c]
RSSI: -77 [da:0a:6a:96:02:bc]
RSSI: -77 [da:0a:6a:96:02:bc]
RSSI: -80 [da:0a:6a:a2:02:dc]
RSSI: -77 [da:0a:6a:a2:02:dc]
RSSI: -74 [da:0a:6a:af:03:0c]
RSSI: -81 [da:0a:6a:af:03:0c]
RSSI: -79 [da:0a:6a:bc:03:2c]
RSSI: -76 [da:0a:6a:bc:03:2c]
RSSI: -86 [da:0a:6a:c9:03:5c]
RSSI: -81 [da:0a:6a:c9:03:5c]
RSSI: -78 [da:0a:6a:d6:03:7c]
RSSI: -86 [da:0a:6a:d6:03:7c]
RSSI: -80 [da:0a:6a:e3:03:ac]
RSSI: -76 [da:0a:6a:e3:03:ac]
RSSI: -82 [da:0a:6a:f0:03:cc]
RSSI: -77 [da:0a:6a:f0:03:cc]
RSSI: -76 [da:0a:6a:fc:03:fc]
RSSI: -83 [da:0a:6a:fc:03:fc]
RSSI: -77 [da:0a:6b:0a:04:1c]
RSSI: -76 [da:0a:6b:0a:04:1c]
RSSI: -85 [da:0a:6b:17:04:4c]
RSSI: -79 [da:0a:6b:17:04:4c]
RSSI: -77 [da:0a:6b:23:04:6c]
RSSI: -86 [da:0a:6b:23:04:6c]
RSSI: -84 [da:0a:6b:30:04:9c]
RSSI: -79 [da:0a:6b:30:04:9c]
RSSI: -86 [da:0a:6b:3d:04:bc]
RSSI: -85 [da:0a:6b:3d:04:bc]
RSSI: -91 [da:0a:6b:3d:04:bc]
RSSI: -82 [da:0a:6b:4a:04:dc]
RSSI: -85 [da:0a:6b:57:05:0c]
RSSI: -89 [da:0a:6b:57:05:0c]
RSSI: -80 [da:0a:6b:64:05:2c]
RSSI: -80 [da:0a:6b:64:05:2c]
RSSI: -89 [da:0a:6b:71:05:5c]
RSSI: -78 [da:0a:6b:7e:05:7c]
RSSI: -82 [da:0a:6b:7e:05:7c]
RSSI: -86 [da:0a:6b:8b:05:ac]
RSSI: -78 [da:0a:6b:8b:05:ac]
RSSI: -84 [da:0a:6b:97:05:cc]
RSSI: -85 [da:0a:6b:97:05:cc]
RSSI: -80 [da:0a:6b:a4:05:fc]
RSSI: -78 [da:0a:6b:a4:05:fc]
RSSI: -84 [da:0a:6b:b1:06:1c]
RSSI: -82 [da:0a:6b:b1:06:1c]
RSSI: -85 [da:0a:6b:cb:06:6c]
RSSI: -80 [da:0a:6b:cb:06:6c]
RSSI: -83 [da:0a:6b:e5:06:bc]
RSSI: -79 [da:0a:6b:f2:06:ec]
RSSI: -96 [da:51:a0:43:0b:1a]
RSSI: -80 [da:0a:6b:ff:07:0c]
RSSI: -82 [da:0a:6b:ff:07:0c]
RSSI: -81 [da:0a:6c:0c:07:3c]
RSSI: -78 [da:0a:6c:19:07:5c]
RSSI: -81 [da:0a:6c:26:07:8c]
RSSI: -80 [da:0a:6c:26:07:8c]
RSSI: -80 [da:0a:6c:32:07:ac]
RSSI: -76 [da:0a:6c:40:07:dc]
RSSI: -78 [da:0a:6c:4d:07:fc]
RSSI: -76 [da:0a:6c:4d:07:fc]
RSSI: -78 [da:0a:6c:59:08:2c]
RSSI: -80 [da:0a:6c:66:08:4c]
RSSI: -77 [da:0a:6c:73:08:7c]
RSSI: -80 [da:0a:6c:80:08:9c]
RSSI: -84 [da:0a:6c:8d:08:cc]
RSSI: -93 [da:4f:bc:c6:16:2b]
RSSI: -78 [da:0a:6c:9a:08:ec]
RSSI: -77 [da:0a:6c:a7:09:1c]
RSSI: -78 [da:0a:6c:a7:09:1c]
RSSI: -79 [da:0a:6c:a7:09:1c]
RSSI: -81 [da:0a:6c:b4:09:3c]
RSSI: -92 [da:51:a1:0a:0d:5a]
RSSI: -82 [da:0a:6c:c1:09:6c]
RSSI: -84 [da:0a:6c:ce:09:8c]
RSSI: -87 [da:0a:6c:ce:09:8c]
RSSI: -85 [da:0a:6c:db:09:bc]
RSSI: -85 [da:0a:6c:db:09:bc]
RSSI: -92 [da:4f:bd:29:00:cb]
RSSI: -87 [da:0a:6c:f5:0a:0c]
RSSI: -92 [da:4f:bd:29:00:cb]
RSSI: -89 [da:0a:6c:f5:0a:0c]
RSSI: -80 [da:0a:6d:02:0a:2c]
RSSI: -84 [da:0a:6d:0f:0a:5c]
RSSI: -91 [da:4f:bd:44:01:2b]
RSSI: -90 [da:4f:bd:53:01:4b]
RSSI: -81 [da:0a:6d:1c:0a:7c]
RSSI: -88 [da:4f:bd:61:01:7b]
RSSI: -76 [da:0a:6d:29:0a:ac]
RSSI: -79 [da:0a:6d:36:0a:cc]
RSSI: -79 [da:0a:6d:36:0a:cc]
RSSI: -87 [da:4f:bd:6e:01:9b]
RSSI: -77 [da:0a:6d:50:0b:1c]
RSSI: -83 [da:0a:6d:50:0b:1c]
RSSI: -76 [da:0a:6d:5d:0b:4c]
RSSI: -78 [da:0a:6d:5d:0b:4c]
RSSI: -81 [da:0a:6d:69:0b:6c]
RSSI: -86 [da:4f:bd:98:02:1b]
RSSI: -81 [da:0a:6d:69:0b:6c]
RSSI: -75 [da:0a:6d:69:0b:6c]
RSSI: -86 [da:4f:bd:98:02:1b]
RSSI: -75 [da:0a:6d:69:0b:6c]
RSSI: -82 [da:4f:bd:af:02:5b]
RSSI: -78 [da:0a:6d:77:0b:9c]
RSSI: -85 [da:4f:bd:af:02:5b]
RSSI: -80 [da:0a:6d:77:0b:9c]
RSSI: -74 [da:0a:6d:84:0b:cc]
RSSI: -79 [da:0a:6d:90:0b:ec]
RSSI: -75 [da:0a:6d:90:0b:ec]
RSSI: -82 [da:4f:bd:cc:02:bb]
RSSI: -78 [da:0a:6d:9e:0c:1c]
RSSI: -80 [da:0a:6d:9e:0c:1c]
RSSI: -74 [da:0a:6d:ab:0c:3c]
RSSI: -77 [da:0a:6d:ab:0c:3c]
RSSI: -81 [da:0a:6d:b7:0c:6c]
RSSI: -76 [da:0a:6d:b7:0c:6c]
RSSI: -81 [da:4f:bd:f9:03:3b]
RSSI: -83 [da:0a:6d:c5:0c:8c]
RSSI: -87 [da:4f:bd:f9:03:3b]
RSSI: -86 [da:4f:be:09:03:6b]
RSSI: -79 [da:0a:6d:d2:0c:bc]
RSSI: -86 [da:4f:be:09:03:6b]
RSSI: -82 [da:4f:be:09:03:6b]
RSSI: -75 [da:0a:6d:d2:0c:bc]
RSSI: -86 [da:0a:6d:de:0c:dc]
RSSI: -87 [da:4f:be:16:03:8b]
RSSI: -81 [da:0a:6d:de:0c:dc]
RSSI: -87 [da:4f:be:16:03:8b]
RSSI: -87 [da:4f:be:26:03:cb]
RSSI: -88 [da:4f:be:26:03:cb]
RSSI: -80 [da:0a:6d:f9:0d:2c]
RSSI: -75 [da:0a:6d:f9:0d:2c]
RSSI: -83 [da:4f:be:36:03:fb]
RSSI: -75 [da:0a:6d:f9:0d:2c]
RSSI: -88 [da:4f:be:36:03:fb]
RSSI: -79 [da:0a:6e:05:0d:5c]
RSSI: -85 [da:4f:be:42:04:1b]
RSSI: -87 [da:4f:be:52:04:4b]
RSSI: -78 [da:0a:6e:20:0d:ac]
RSSI: -78 [da:0a:6e:2c:0d:cc]
RSSI: -77 [da:0a:6e:2c:0d:cc]
RSSI: -79 [da:0a:6e:3a:0d:fc]
RSSI: -73 [da:0a:6e:53:0e:4c]
RSSI: -75 [da:0a:6e:61:0e:6c]
RSSI: -72 [da:0a:6e:61:0e:6c]
RSSI: -72 [da:0a:6e:6e:0e:9c]
RSSI: -73 [da:0a:6e:7a:0e:bc]
RSSI: -76 [da:0a:6e:88:0e:ec]
RSSI: -73 [da:0a:6e:88:0e:ec]
RSSI: -76 [da:0a:6e:95:0f:1c]
RSSI: -75 [da:0a:6e:95:0f:1c]
RSSI: -73 [da:0a:6e:a1:0f:3c]
RSSI: -75 [da:0a:6e:af:0f:6c]
RSSI: -73 [da:0a:6e:af:0f:6c]
RSSI: -75 [da:0a:6e:bc:0f:8c]
RSSI: -74 [da:0a:6e:bc:0f:8c]
RSSI: -72 [da:0a:6e:c9:0f:bc]
RSSI: -73 [da:0a:6e:c9:0f:bc]
RSSI: -73 [da:0a:6e:c9:0f:bc]
RSSI: -74 [da:0a:6e:d6:0f:dc]
RSSI: -73 [da:0a:6e:d6:0f:dc]
RSSI: -73 [da:0a:6e:e3:10:0c]
RSSI: -75 [da:0a:6e:e3:10:0c]
RSSI: -75 [da:0a:6e:f0:10:2c]
RSSI: -74 [da:0a:6e:f0:10:2c]
RSSI: -76 [da:0a:6e:fd:10:5c]
RSSI: -76 [da:0a:6e:fd:10:5c]
RSSI: -76 [da:0a:6e:fd:10:5c]
RSSI: -76 [da:0a:6f:0a:10:7c]
RSSI: -76 [da:0a:6f:0a:10:7c]
RSSI: -76 [da:0a:6f:17:10:ac]
RSSI: -77 [da:0a:6f:17:10:ac]
RSSI: -76 [da:0a:6f:24:10:cc]
RSSI: -76 [da:0a:6f:24:10:cc]
RSSI: -76 [da:0a:6f:31:10:fc]
RSSI: -76 [da:0a:6f:31:10:fc]
RSSI: -76 [da:0a:6f:31:10:fc]
RSSI: -78 [da:0a:6f:3e:11:1c]
RSSI: -79 [da:0a:6f:3e:11:1c]
RSSI: -80 [da:0a:6f:4b:11:4c]
RSSI: -82 [da:0a:6f:4b:11:4c]
RSSI: -84 [da:0a:6f:58:11:6c]
RSSI: -85 [da:0a:6f:72:11:bc]
RSSI: -94 [da:51:a3:d9:15:4a]
RSSI: -90 [da:0a:6f:8c:12:0c]
RSSI: -94 [da:4f:bf:c4:08:ab]
RSSI: -89 [da:0a:6f:9a:12:2c]
RSSI: -82 [da:0a:6f:a7:12:5c]
RSSI: -81 [da:0a:6f:b3:12:7c]
RSSI: -85 [da:0a:6f:c1:12:ac]
RSSI: -80 [da:0a:6f:ce:12:cc]
RSSI: -82 [da:0a:6f:ce:12:cc]
RSSI: -82 [da:0a:6f:db:12:ec]
RSSI: -82 [da:0a:6f:db:12:ec]
RSSI: -77 [da:0a:6f:e8:13:1c]
RSSI: -77 [da:0a:6f:f5:13:3c]
RSSI: -76 [da:0a:6f:f5:13:3c]
RSSI: -82 [da:0a:70:02:13:6c]
RSSI: -78 [da:0a:70:02:13:6c]
RSSI: -77 [da:0a:70:0f:13:8c]
RSSI: -86 [da:0a:70:0f:13:8c]
RSSI: -79 [da:0a:70:1c:13:bc]
RSSI: -78 [da:0a:70:1c:13:bc]
RSSI: -87 [da:0a:70:29:13:dc]
RSSI: -77 [da:0a:70:29:13:dc]
RSSI: -76 [da:0a:70:36:14:0c]
RSSI: -76 [da:0a:70:44:14:2c]
RSSI: -76 [da:0a:70:44:14:2c]
RSSI: -76 [da:0a:70:44:14:2c]
RSSI: -76 [da:0a:70:44:14:2c]
RSSI: -82 [da:0a:70:50:14:5c]
RSSI: -75 [da:0a:70:50:14:5c]
RSSI: -77 [da:0a:70:5e:14:7c]
RSSI: -79 [da:0a:70:5e:14:7c]
RSSI: -91 [da:51:a4:b0:01:aa]
RSSI: -77 [da:0a:70:6b:14:ac]
RSSI: -79 [da:0a:70:6b:14:ac]
RSSI: -91 [da:4f:c0:a5:0b:4b]
RSSI: -81 [da:0a:70:85:14:fc]
RSSI: -92 [da:4f:c0:c3:0b:ab]
RSSI: -81 [da:0a:70:85:14:fc]
RSSI: -91 [da:4f:c0:d0:0b:cb]
RSSI: -77 [da:0a:70:9f:15:3c]
RSSI: -84 [da:0a:70:ac:15:6c]
RSSI: -73 [da:0a:70:b9:15:9c]
RSSI: -75 [da:0a:70:b9:15:9c]
RSSI: -74 [da:0a:70:b9:15:9c]
RSSI: -72 [da:0a:70:c6:15:bc]
RSSI: -71 [da:0a:70:d4:15:ec]
RSSI: -70 [da:0a:70:e1:16:0c]
RSSI: -95 [da:4f:c1:18:0c:ab]
RSSI: -69 [da:0a:70:ed:16:2c]
RSSI: -68 [da:0a:70:ed:16:2c]
RSSI: -68 [da:0a:70:fb:16:5c]
RSSI: -68 [da:0a:70:fb:16:5c]
RSSI: -69 [da:0a:70:fb:16:5c]
RSSI: -67 [da:0a:71:08:16:7c]
RSSI: -68 [da:0a:71:15:00:2c]
RSSI: -67 [da:0a:71:15:00:2c]
RSSI: -66 [da:0a:71:22:00:4c]
RSSI: -67 [da:0a:71:22:00:4c]
RSSI: -66 [da:0a:71:2f:00:7c]
RSSI: -66 [da:0a:71:41:00:ac]
RSSI: -66 [da:0a:71:41:00:ac]
RSSI: -68 [da:0a:71:52:00:dc]
RSSI: -67 [da:0a:71:52:00:dc]
RSSI: -69 [da:0a:71:5f:01:0c]
RSSI: -70 [da:0a:71:79:01:4c]
RSSI: -71 [da:0a:71:79:01:4c]
RSSI: -73 [da:0a:71:86:01:7c]
RSSI: -72 [da:0a:71:93:01:9c]
RSSI: -91 [da:51:a5:e4:05:0a]
RSSI: -82 [da:0a:71:a0:01:cc]
RSSI: -91 [da:51:a5:f2:05:2a]
RSSI: -83 [da:0a:71:ae:01:ec]
RSSI: -84 [da:0a:71:ae:01:ec]
RSSI: -84 [da:0a:71:ba:02:1c]
RSSI: -85 [da:0a:71:ba:02:1c]
RSSI: -81 [da:0a:71:c8:02:3c]
RSSI: -88 [da:51:a6:1a:05:9a]
RSSI: -88 [da:51:a6:1a:05:9a]
RSSI: -81 [da:0a:71:d5:02:6c]
RSSI: -92 [da:51:a6:27:05:ca]
RSSI: -78 [da:0a:71:d5:02:6c]
RSSI: -75 [da:0a:71:e2:02:8c]
RSSI: -77 [da:0a:71:ef:02:bc]
RSSI: -74 [da:0a:71:ef:02:bc]
RSSI: -87 [da:51:a6:42:06:1a]
RSSI: -78 [da:0a:71:fd:02:ec]
RSSI: -77 [da:0a:71:fd:02:ec]
RSSI: -91 [da:51:a6:4f:06:3a]
RSSI: -73 [da:0a:72:09:03:0c]
RSSI: -79 [da:0a:72:09:03:0c]
RSSI: -77 [da:0a:72:17:03:3c]
RSSI: -75 [da:0a:72:17:03:3c]
RSSI: -81 [da:0a:72:24:03:5c]
RSSI: -78 [da:0a:72:24:03:5c]
RSSI: -83 [da:0a:72:31:03:7c]
RSSI: -83 [da:0a:72:31:03:7c]
RSSI: -80 [da:0a:72:3e:03:ac]
RSSI: -76 [da:0a:72:3e:03:ac]
RSSI: -82 [da:0a:72:4b:03:cc]
RSSI: -77 [da:0a:72:4b:03:cc]
RSSI: -82 [da:0a:72:58:03:fc]
RSSI: -76 [da:0a:72:66:04:1c]
RSSI: -82 [da:0a:72:73:04:4c]
RSSI: -77 [da:0a:72:73:04:4c]
RSSI: -83 [da:0a:72:80:04:6c]
RSSI: -80 [da:0a:72:8d:04:9c]
RSSI: -85 [da:0a:72:9a:04:bc]
RSSI: -84 [da:0a:72:a7:04:ec]
RSSI: -83 [da:0a:72:a7:04:ec]
RSSI: -85 [da:0a:72:b5:05:0c]
RSSI: -77 [da:0a:72:c2:05:3c]
RSSI: -86 [da:0a:72:cf:05:5c]
RSSI: -76 [da:0a:72:cf:05:5c]
RSSI: -85 [da:0a:72:dc:05:8c]
RSSI: -76 [da:0a:72:ea:05:ac]
RSSI: -78 [da:0a:72:ea:05:ac]
RSSI: -83 [da:0a:72:f6:05:dc]
RSSI: -77 [da:0a:72:f6:05:dc]
RSSI: -78 [da:0a:72:f6:05:dc]
RSSI: -79 [da:0a:73:04:05:fc]
RSSI: -86 [da:0a:73:04:05:fc]
RSSI: -79 [da:0a:73:11:06:2c]
RSSI: -79 [da:0a:73:11:06:2c]
RSSI: -88 [da:0a:73:1e:06:4c]
RSSI: -82 [da:0a:73:1e:06:4c]
RSSI: -87 [da:0a:73:2b:06:7c]
RSSI: -80 [da:0a:73:39:06:ac]
RSSI: -80 [da:0a:73:39:06:ac]
RSSI: -81 [da:0a:73:45:06:cc]
RSSI: -92 [da:0a:73:45:06:cc]
RSSI: -79 [da:0a:73:53:06:fc]
RSSI: -79 [da:0a:73:60:07:1c]
RSSI: -81 [da:0a:73:6d:07:4c]
RSSI: -81 [da:0a:73:7a:07:6c]
RSSI: -80 [da:0a:73:7a:07:6c]
RSSI: -77 [da:0a:73:88:07:9c]
RSSI: -77 [da:0a:73:94:07:cc]
RSSI: -76 [da:0a:73:a2:07:ec]
RSSI: -79 [da:0a:73:af:08:1c]
RSSI: -77 [da:0a:73:af:08:1c]
RSSI: -76 [da:0a:73:bc:08:3c]
RSSI: -81 [da:0a:73:bc:08:3c]
RSSI: -79 [da:0a:73:ca:08:6c]
RSSI: -86 [da:0a:73:d7:08:8c]
RSSI: -80 [da:0a:73:d7:08:8c]
RSSI: -78 [da:0a:73:e4:08:bc]
RSSI: -85 [da:0a:73:e4:08:bc]
RSSI: -79 [da:0a:73:f1:08:ec]
RSSI: -79 [da:0a:73:f1:08:ec]
RSSI: -78 [da:0a:73:ff:09:0c]
RSSI: -82 [da:0a:74:0b:09:3c]
RSSI: -83 [da:0a:74:19:09:5c]
RSSI: -82 [da:0a:74:19:09:5c]
RSSI: -87 [da:0a:74:26:09:8c]
RSSI: -86 [da:0a:74:4e:0a:0c]
RSSI: -87 [da:0a:74:4e:0a:0c]
RSSI: -80 [da:0a:74:5b:0a:2c]
RSSI: -84 [da:0a:74:68:0a:5c]
RSSI: -83 [da:0a:74:68:0a:5c]
RSSI: -82 [da:0a:74:76:0a:7c]
RSSI: -78 [da:0a:74:82:0a:ac]
RSSI: -92 [da:51:a8:d7:0d:7a]
RSSI: -81 [da:0a:74:90:0a:cc]
RSSI: -91 [da:4f:c4:c3:01:2b]
RSSI: -94 [da:51:a8:d7:0d:7a]
RSSI: -78 [da:0a:74:90:0a:cc]
RSSI: -80 [da:0a:74:9d:0a:fc]
RSSI: -80 [da:0a:74:9d:0a:fc]
RSSI: -86 [da:0a:74:aa:0b:1c]
RSSI: -85 [da:0a:74:aa:0b:1c]
RSSI: -79 [da:0a:74:b8:0b:4c]
RSSI: -79 [da:0a:74:b8:0b:4c]
RSSI: -90 [da:4f:c4:fb:01:db]
RSSI: -82 [da:0a:74:c5:0b:7c]
RSSI: -77 [da:0a:74:c5:0b:7c]
RSSI: -88 [da:4f:c4:fb:01:db]
RSSI: -84 [da:4f:c5:19:02:2b]
RSSI: -80 [da:0a:74:df:0b:cc]
RSSI: -85 [da:4f:c5:19:02:2b]
RSSI: -76 [da:0a:74:ed:0b:ec]
RSSI: -76 [da:0a:74:ed:0b:ec]
RSSI: -81 [da:0a:74:fa:0c:1c]
RSSI: -81 [da:0a:74:fa:0c:1c]
RSSI: -87 [da:4f:c5:35:02:8b]
RSSI: -87 [da:4f:c5:35:02:8b]
RSSI: -79 [da:0a:75:07:0c:4c]
RSSI: -82 [da:4f:c5:44:02:ab]
RSSI: -79 [da:0a:75:07:0c:4c]
RSSI: -77 [da:0a:75:15:0c:6c]
RSSI: -83 [da:4f:c5:50:02:db]
RSSI: -84 [da:0a:75:21:0c:9c]
RSSI: -80 [da:0a:75:21:0c:9c]
RSSI: -88 [da:4f:c5:60:03:0b]
RSSI: -77 [da:0a:75:2f:0c:bc]
RSSI: -82 [da:0a:75:3c:0c:ec]
RSSI: -87 [da:4f:c5:6f:03:3b]
RSSI: -83 [da:0a:75:3c:0c:ec]
RSSI: -76 [da:0a:75:3c:0c:ec]
RSSI: -83 [da:4f:c5:7b:03:5b]
RSSI: -81 [da:0a:75:49:0d:0c]
RSSI: -80 [da:0a:75:49:0d:0c]
RSSI: -84 [da:4f:c5:8b:03:8b]
RSSI: -77 [da:0a:75:57:0d:3c]
RSSI: -79 [da:0a:75:64:0d:6c]
RSSI: -90 [da:4f:c5:9a:03:bb]
RSSI: -78 [da:0a:75:64:0d:6c]
RSSI: -80 [da:0a:75:71:0d:8c]
RSSI: -95 [da:4f:c5:c5:04:3b]
RSSI: -87 [da:4f:c5:c5:04:3b]
RSSI: -78 [da:0a:75:8c:0d:dc]
RSSI: -76 [da:0a:75:99:0e:0c]
RSSI: -76 [da:0a:75:99:0e:0c]
RSSI: -77 [da:0a:75:a6:0e:3c]
RSSI: -77 [da:0a:75:a6:0e:3c]
RSSI: -74 [da:0a:75:b4:0e:5c]
RSSI: -74 [da:0a:75:c0:0e:8c]
RSSI: -76 [da:0a:75:ce:0e:ac]
RSSI: -74 [da:0a:75:ce:0e:ac]
RSSI: -75 [da:0a:75:dc:0e:dc]
RSSI: -76 [da:0a:75:dc:0e:dc]
RSSI: -75 [da:0a:75:e8:0e:fc]
RSSI: -77 [da:0a:75:e8:0e:fc]
RSSI: -77 [da:0a:75:f6:0f:2c]
RSSI: -76 [da:0a:75:f6:0f:2c]
RSSI: -75 [da:0a:75:f6:0f:2c]
RSSI: -75 [da:0a:75:f6:0f:2c]
RSSI: -77 [da:0a:76:04:0f:5c]
RSSI: -76 [da:0a:76:04:0f:5c]
RSSI: -75 [da:0a:76:10:0f:7c]
RSSI: -76 [da:0a:76:10:0f:7c]
RSSI: -75 [da:0a:76:1e:0f:ac]
RSSI: -75 [da:0a:76:1e:0f:ac]
RSSI: -75 [da:0a:76:2b:0f:cc]
RSSI: -75 [da:0a:76:38:0f:fc]
RSSI: -75 [da:0a:76:46:10:1c]
RSSI: -77 [da:0a:76:53:10:4c]
RSSI: -78 [da:0a:76:60:10:6c]
RSSI: -78 [da:0a:76:6e:10:9c]
RSSI: -76 [da:0a:76:7b:10:cc]
RSSI: -77 [da:0a:76:7b:10:cc]
RSSI: -78 [da:0a:76:88:10:ec]
RSSI: -76 [da:0a:76:88:10:ec]
RSSI: -78 [da:0a:76:96:11:1c]
RSSI: -80 [da:0a:76:96:11:1c]
RSSI: -81 [da:0a:76:a3:11:3c]
RSSI: -82 [da:0a:76:a3:11:3c]
RSSI: -86 [da:0a:76:bd:11:8c]
RSSI: -86 [da:0a:76:cb:11:bc]
RSSI: -93 [da:4f:c7:0e:08:1b]
RSSI: -85 [da:0a:76:e5:12:0c]
RSSI: -88 [da:0a:76:f3:12:2c]
RSSI: -85 [da:0a:76:f3:12:2c]
RSSI: -82 [da:0a:77:00:12:5c]
RSSI: -82 [da:0a:77:0d:12:7c]
RSSI: -85 [da:0a:77:1b:12:ac]
RSSI: -78 [da:0a:77:28:12:cc]
RSSI: -82 [da:0a:77:28:12:cc]
RSSI: -81 [da:0a:77:35:12:fc]
RSSI: -76 [da:0a:77:35:12:fc]
RSSI: -78 [da:0a:77:43:13:1c]
RSSI: -81 [da:0a:77:43:13:1c]
RSSI: -75 [da:0a:77:50:13:4c]
RSSI: -76 [da:0a:77:50:13:4c]
RSSI: -76 [da:0a:77:50:13:4c]
RSSI: -76 [da:0a:77:5d:13:6c]
RSSI: -76 [da:0a:77:5d:13:6c]
RSSI: -77 [da:0a:77:6b:13:9c]
RSSI: -83 [da:0a:77:6b:13:9c]
RSSI: -77 [da:0a:77:78:13:bc]
RSSI: -77 [da:0a:77:78:13:bc]
RSSI: -76 [da:0a:77:85:13:ec]
RSSI: -86 [da:0a:77:93:14:1c]
RSSI: -76 [da:0a:77:a0:14:3c]
RSSI: -74 [da:0a:77:ad:14:6c]
RSSI: -76 [da:0a:77:ad:14:6c]
RSSI: -83 [da:0a:77:bb:14:8c]
RSSI: -78 [da:0a:77:c8:14:bc]
RSSI: -90 [da:4f:c8:01:0a:fb]
RSSI: -78 [da:0a:77:d5:14:dc]
RSSI: -84 [da:0a:77:e3:15:0c]
RSSI: -81 [da:0a:77:e3:15:0c]
RSSI: -91 [da:4f:c8:2c:0b:7b]
RSSI: -89 [da:0a:77:f0:15:2c]
RSSI: -77 [da:0a:77:fd:15:5c]
RSSI: -83 [da:0a:77:fd:15:5c]
RSSI: -74 [da:0a:78:0b:15:7c]
RSSI: -73 [da:0a:78:0b:15:7c]
RSSI: -79 [da:0a:78:18:15:ac]
RSSI: -74 [da:0a:78:26:15:cc]
RSSI: -73 [da:0a:78:26:15:cc]
RSSI: -91 [da:4f:c8:67:0c:2b]
RSSI: -69 [da:0a:78:33:15:fc]
RSSI: -72 [da:0a:78:40:16:1c]
RSSI: -70 [da:0a:78:4e:16:4c]
RSSI: -67 [da:0a:78:5b:16:6c]
RSSI: -93 [da:51:ac:a5:01:ea]
RSSI: -69 [da:0a:78:5b:16:6c]
RSSI: -69 [da:0a:78:68:00:0c]
RSSI: -67 [da:0a:78:68:00:0c]
RSSI: -67 [da:0a:78:76:00:2c]
RSSI: -69 [da:0a:78:76:00:2c]
RSSI: -67 [da:0a:78:83:00:5c]
RSSI: -66 [da:0a:78:83:00:5c]
RSSI: -67 [da:0a:78:83:00:5c]
RSSI: -68 [da:0a:78:90:00:7c]
RSSI: -68 [da:0a:78:9e:00:ac]
RSSI: -68 [da:0a:78:9e:00:ac]
RSSI: -68 [da:0a:78:9e:00:ac]
RSSI: -67 [da:0a:78:ac:00:cc]
RSSI: -68 [da:0a:78:ac:00:cc]
RSSI: -68 [da:0a:78:b8:00:fc]
RSSI: -69 [da:0a:78:c6:01:1c]
RSSI: -71 [da:0a:78:d4:01:4c]
RSSI: -72 [da:0a:78:e0:01:6c]
RSSI: -75 [da:0a:78:e0:01:6c]
RSSI: -73 [da:0a:78:ee:01:9c]
RSSI: -76 [da:0a:78:ee:01:9c]
RSSI: -84 [da:0a:78:fc:01:cc]
RSSI: -82 [da:0a:79:09:01:ec]
RSSI: -82 [da:0a:79:09:01:ec]
RSSI: -89 [da:0a:79:09:01:ec]
RSSI: -85 [da:0a:79:16:02:1c]
RSSI: -87 [da:0a:79:16:02:1c]
RSSI: -80 [da:0a:79:24:02:3c]
RSSI: -81 [da:0a:79:31:02:6c]
RSSI: -78 [da:0a:79:31:02:6c]
RSSI: -78 [da:0a:79:3f:02:8c]
RSSI: -73 [da:0a:79:4c:02:bc]
RSSI: -76 [da:0a:79:59:02:dc]
RSSI: -95 [da:4f:c9:96:0f:bb]
RSSI: -79 [da:0a:79:67:03:0c]
RSSI: -77 [da:0a:79:67:03:0c]
RSSI: -90 [da:51:ad:c4:05:1a]
RSSI: -76 [da:0a:79:75:03:3c]
RSSI: -80 [da:0a:79:81:03:5c]
RSSI: -90 [da:51:ad:d1:05:3a]
RSSI: -83 [da:0a:79:8f:03:8c]
RSSI: -83 [da:0a:79:8f:03:8c]
RSSI: -79 [da:0a:79:8f:03:8c]
RSSI: -76 [da:0a:79:9d:03:ac]
RSSI: -81 [da:0a:79:9d:03:ac]
RSSI: -77 [da:0a:79:a9:03:dc]
RSSI: -75 [da:0a:79:a9:03:dc]
RSSI: -80 [da:0a:79:b7:03:fc]
RSSI: -76 [da:0a:79:b7:03:fc]
RSSI: -90 [da:51:ae:17:05:fa]
RSSI: -78 [da:0a:79:d2:04:4c]
RSSI: -81 [da:0a:79:df:04:7c]
RSSI: -90 [da:51:ae:32:06:4a]
RSSI: -88 [da:51:ae:32:06:4a]
RSSI: -82 [da:0a:79:ed:04:9c]
RSSI: -83 [da:0a:79:fa:04:cc]
RSSI: -81 [da:0a:7a:08:04:ec]
RSSI: -80 [da:0a:7a:08:04:ec]
RSSI: -83 [da:0a:7a:16:05:1c]
RSSI: -85 [da:0a:7a:22:05:4c]
RSSI: -84 [da:0a:7a:22:05:4c]
RSSI: -81 [da:0a:7a:30:05:6c]
RSSI: -82 [da:0a:7a:3e:05:9c]
RSSI: -75 [da:0a:7a:3e:05:9c]
RSSI: -83 [da:0a:7a:4a:05:bc]
RSSI: -79 [da:0a:7a:58:05:ec]
RSSI: -77 [da:0a:7a:66:06:1c]
RSSI: -86 [da:0a:7a:73:06:3c]
RSSI: -88 [da:0a:7a:73:06:3c]
RSSI: -82 [da:0a:7a:81:06:6c]
RSSI: -82 [da:0a:7a:81:06:6c]
RSSI: -81 [da:0a:7a:8e:06:9c]
RSSI: -82 [da:0a:7a:9b:06:bc]
RSSI: -83 [da:0a:7a:a9:06:ec]
RSSI: -80 [da:0a:7a:a9:06:ec]
RSSI: -82 [da:0a:7a:b7:07:1c]
RSSI: -79 [da:0a:7a:c4:07:3c]
RSSI: -83 [da:0a:7a:c4:07:3c]
RSSI: -80 [da:0a:7a:d2:07:6c]
RSSI: -78 [da:0a:7a:df:07:8c]
RSSI: -78 [da:0a:7a:df:07:8c]
RSSI: -80 [da:0a:7a:ec:07:bc]
RSSI: -78 [da:0a:7a:fa:07:ec]
RSSI: -78 [da:0a:7a:fa:07:ec]
RSSI: -79 [da:0a:7b:08:08:0c]
RSSI: -78 [da:0a:7b:14:08:3c]
RSSI: -77 [da:0a:7b:14:08:3c]
RSSI: -79 [da:0a:7b:22:08:5c]
RSSI: -80 [da:0a:7b:22:08:5c]
RSSI: -79 [da:0a:7b:22:08:5c]
RSSI: -87 [da:0a:7b:30:08:8c]
RSSI: -81 [da:0a:7b:30:08:8c]
RSSI: -80 [da:0a:7b:3d:08:bc]
RSSI: -80 [da:0a:7b:4b:08:dc]
RSSI: -80 [da:0a:7b:4b:08:dc]
RSSI: -79 [da:0a:7b:59:09:0c]
RSSI: -82 [da:0a:7b:65:09:2c]
RSSI: -83 [da:0a:7b:73:09:5c]
RSSI: -86 [da:0a:7b:81:09:8c]
RSSI: -86 [da:0a:7b:81:09:8c]
RSSI: -86 [da:0a:7b:8e:09:ac]
RSSI: -89 [da:0a:7b:8e:09:ac]
RSSI: -84 [da:0a:7b:9c:09:dc]
RSSI: -85 [da:0a:7b:a9:0a:0c]
RSSI: -88 [da:0a:7b:a9:0a:0c]
RSSI: -80 [da:0a:7b:b6:0a:2c]
RSSI: -92 [da:4f:cb:f6:00:2b]
RSSI: -84 [da:0a:7b:c4:0a:5c]
RSSI: -78 [da:0a:7b:c4:0a:5c]
RSSI: -82 [da:0a:7b:d2:0a:7c]
RSSI: -94 [da:51:b0:3c:0c:2a]
RSSI: -77 [da:0a:7b:ec:0a:dc]
RSSI: -80 [da:0a:7b:fa:0a:fc]
RSSI: -87 [da:0a:7c:07:0b:2c]
RSSI: -91 [da:4f:cc:44:01:1b]
RSSI: -79 [da:0a:7c:15:0b:4c]
RSSI: -83 [da:0a:7c:15:0b:4c]
RSSI: -77 [da:0a:7c:23:0b:7c]
RSSI: -90 [da:4f:cc:54:01:4b]
RSSI: -77 [da:0a:7c:23:0b:7c]
RSSI: -79 [da:0a:7c:23:0b:7c]
RSSI: -92 [da:4f:cc:63:01:7b]
RSSI: -80 [da:0a:7c:2f:0b:ac]
RSSI: -76 [da:0a:7c:2f:0b:ac]
RSSI: -87 [da:4f:cc:70:01:9b]
RSSI: -81 [da:0a:7c:3d:0b:cc]
RSSI: -87 [da:4f:cc:7f:01:cb]
RSSI: -78 [da:0a:7c:4b:0b:fc]
RSSI: -89 [da:4f:cc:8f:01:fb]
RSSI: -82 [da:0a:7c:58:0c:1c]
RSSI: -76 [da:0a:7c:58:0c:1c]
RSSI: -84 [da:4f:cc:9c:02:1b]
RSSI: -92 [da:51:b0:b8:0d:8a]
RSSI: -78 [da:0a:7c:74:0c:7c]
RSSI: -86 [da:4f:cc:bb:02:7b]
RSSI: -80 [da:0a:7c:80:0c:9c]
RSSI: -88 [da:0a:7c:8e:0c:cc]
RSSI: -88 [da:4f:cc:c7:02:9b]
RSSI: -83 [da:0a:7c:8e:0c:cc]
RSSI: -76 [da:0a:7c:9c:0c:fc]
RSSI: -81 [da:0a:7c:a9:0d:1c]
RSSI: -92 [da:51:b0:f0:0e:2a]
RSSI: -82 [da:4f:cc:e6:02:fb]
RSSI: -76 [da:0a:7c:a9:0d:1c]
RSSI: -79 [da:0a:7c:b7:0d:4c]
RSSI: -86 [da:4f:cc:f3:03:1b]
RSSI: -89 [da:4f:cd:02:03:4b]
RSSI: -78 [da:0a:7c:d2:0d:9c]
RSSI: -78 [da:0a:7c:e0:0d:cc]
RSSI: -83 [da:4f:cd:1f:03:ab]
RSSI: -80 [da:0a:7c:ee:0d:fc]
RSSI: -79 [da:0a:7c:ee:0d:fc]
RSSI: -75 [da:0a:7c:fa:0e:1c]
RSSI: -84 [da:4f:cd:2e:03:db]
RSSI: -75 [da:0a:7c:fa:0e:1c]
RSSI: -77 [da:0a:7c:fa:0e:1c]
RSSI: -75 [da:0a:7d:08:0e:4c]
RSSI: -73 [da:0a:7d:08:0e:4c]
RSSI: -77 [da:0a:7d:16:0e:6c]
RSSI: -74 [da:0a:7d:16:0e:6c]
RSSI: -73 [da:0a:7d:23:0e:9c]
RSSI: -76 [da:0a:7d:23:0e:9c]
RSSI: -74 [da:0a:7d:31:0e:cc]
RSSI: -74 [da:0a:7d:31:0e:cc]
RSSI: -76 [da:0a:7d:3f:0e:ec]
RSSI: -75 [da:0a:7d:3f:0e:ec]
RSSI: -77 [da:0a:7d:4b:0f:1c]
RSSI: -76 [da:0a:7d:59:0f:4c]
RSSI: -97 [da:4f:cd:95:05:0b]
RSSI: -74 [da:0a:7d:67:0f:6c]
RSSI: -75 [da:0a:7d:74:0f:9c]
RSSI: -74 [da:0a:7d:74:0f:9c]
RSSI: -74 [da:0a:7d:82:0f:cc]
RSSI: -74 [da:0a:7d:82:0f:cc]
RSSI: -74 [da:0a:7d:90:0f:ec]
RSSI: -75 [da:0a:7d:9d:10:1c]
RSSI: -76 [da:0a:7d:9d:10:1c]
RSSI: -77 [da:0a:7d:ab:10:3c]
RSSI: -77 [da:0a:7d:b9:10:6c]
RSSI: -78 [da:0a:7d:b9:10:6c]
RSSI: -78 [da:0a:7d:b9:10:6c]
RSSI: -77 [da:0a:7d:c5:10:9c]
RSSI: -77 [da:0a:7d:d3:10:bc]
RSSI: -77 [da:0a:7d:d3:10:bc]
RSSI: -78 [da:0a:7d:e1:10:ec]
RSSI: -78 [da:0a:7d:ee:11:1c]
RSSI: -79 [da:0a:7d:ee:11:1c]
RSSI: -81 [da:0a:7d:fc:11:3c]
RSSI: -83 [da:0a:7d:fc:11:3c]
RSSI: -84 [da:0a:7d:fc:11:3c]
RSSI: -87 [da:0a:7e:17:11:8c]
RSSI: -93 [da:4f:ce:60:07:7b]
RSSI: -85 [da:0a:7e:25:11:bc]
RSSI: -93 [da:4f:ce:60:07:7b]
RSSI: -91 [da:4f:ce:60:07:7b]
RSSI: -86 [da:0a:7e:3f:12:0c]
RSSI: -93 [da:4f:ce:8c:07:fb]
RSSI: -93 [da:4f:ce:8c:07:fb]
RSSI: -81 [da:0a:7e:5b:12:5c]
RSSI: -85 [da:0a:7e:5b:12:5c]
RSSI: -82 [da:0a:7e:68:12:7c]
RSSI: -79 [da:0a:7e:68:12:7c]
RSSI: -83 [da:0a:7e:76:12:ac]
RSSI: -83 [da:0a:7e:76:12:ac]
RSSI: -81 [da:0a:7e:84:12:dc]
RSSI: -82 [da:0a:7e:84:12:dc]
RSSI: -77 [da:0a:7e:96:13:0c]
RSSI: -77 [da:0a:7e:96:13:0c]
RSSI: -76 [da:0a:7e:a6:13:3c]
RSSI: -76 [da:0a:7e:a6:13:3c]
RSSI: -82 [da:0a:7e:b4:13:6c]
RSSI: -77 [da:0a:7e:c1:13:8c]
RSSI: -76 [da:0a:7e:cf:13:bc]
RSSI: -77 [da:0a:7e:cf:13:bc]
RSSI: -77 [da:0a:7e:cf:13:bc]
RSSI: -77 [da:0a:7e:cf:13:bc]
RSSI: -87 [da:0a:7e:dd:13:dc]
RSSI: -75 [da:0a:7e:dd:13:dc]
RSSI: -76 [da:0a:7e:ea:14:0c]
RSSI: -85 [da:0a:7e:ea:14:0c]
RSSI: -75 [da:0a:7e:f8:14:3c]
RSSI: -76 [da:0a:7e:f8:14:3c]
RSSI: -75 [da:0a:7f:06:14:5c]
RSSI: -80 [da:0a:7f:13:14:8c]
RSSI: -78 [da:0a:7f:21:14:ac]
RSSI: -80 [da:0a:7f:2f:14:dc]
RSSI: -86 [da:0a:7f:2f:14:dc]
RSSI: -81 [da:0a:7f:3b:14:fc]
RSSI: -89 [da:0a:7f:49:15:2c]
RSSI: -77 [da:0a:7f:58:15:5c]
RSSI: -73 [da:0a:7f:64:15:7c]
RSSI: -76 [da:0a:7f:72:15:ac]
RSSI: -72 [da:0a:7f:80:15:cc]
RSSI: -69 [da:0a:7f:8d:15:fc]
RSSI: -70 [da:0a:7f:8d:15:fc]
RSSI: -70 [da:0a:7f:9b:16:1c]
RSSI: -68 [da:0a:7f:9b:16:1c]
RSSI: -68 [da:0a:7f:a9:16:4c]
RSSI: -68 [da:0a:7f:a9:16:4c]
RSSI: -68 [da:0a:7f:a9:16:4c]
RSSI: -68 [da:0a:7f:b6:16:6c]
RSSI: -67 [da:0a:7f:b6:16:6c]
RSSI: -67 [da:0a:7f:c4:00:2c]
RSSI: -66 [da:0a:7f:d2:00:5c]
RSSI: -66 [da:0a:7f:d2:00:5c]
RSSI: -66 [da:0a:7f:df:00:7c]
RSSI: -67 [da:0a:7f:ed:00:ac]
RSSI: -66 [da:0a:7f:ed:00:ac]
RSSI: -67 [da:0a:7f:fb:00:dc]
RSSI: -67 [da:0a:80:08:00:fc]
RSSI: -67 [da:0a:80:08:00:fc]
RSSI: -67 [da:0a:80:08:00:fc]
RSSI: -68 [da:0a:80:16:01:2c]
RSSI: -69 [da:0a:80:16:01:2c]
RSSI: -68 [da:0a:80:24:01:5c]
RSSI: -70 [da:0a:80:24:01:5c]
RSSI: -72 [da:0a:80:30:01:7c]
RSSI: -70 [da:0a:80:30:01:7c]
RSSI: -76 [da:0a:80:3f:01:ac]
RSSI: -77 [da:0a:80:3f:01:ac]
RSSI: -77 [da:0a:80:4d:01:cc]
RSSI: -79 [da:0a:80:59:01:fc]
RSSI: -88 [da:0a:80:68:02:2c]
RSSI: -87 [da:0a:80:68:02:2c]
RSSI: -86 [da:0a:80:68:02:2c]
RSSI: -79 [da:0a:80:76:02:4c]
RSSI: -97 [da:51:b4:c8:02:ea]
RSSI: -77 [da:0a:80:82:02:7c]
RSSI: -80 [da:0a:80:82:02:7c]
RSSI: -77 [da:0a:80:91:02:9c]
RSSI: -73 [da:0a:80:91:02:9c]
RSSI: -78 [da:0a:80:9f:02:cc]
RSSI: -77 [da:0a:80:9f:02:cc]
RSSI: -78 [da:0a:80:ab:02:ec]
RSSI: -73 [da:0a:80:ba:03:1c]
RSSI: -77 [da:0a:80:c8:03:4c]
RSSI: -82 [da:0a:80:d4:03:6c]
RSSI: -80 [da:0a:80:d4:03:6c]
RSSI: -76 [da:0a:80:e2:03:9c]
RSSI: -82 [da:0a:80:e2:03:9c]
RSSI: -79 [da:0a:80:f1:03:bc]
RSSI: -75 [da:0a:80:f1:03:bc]
RSSI: -81 [da:0a:80:fd:03:ec]
RSSI: -77 [da:0a:80:fd:03:ec]
RSSI: -81 [da:0a:81:0b:04:0c]
RSSI: -76 [da:0a:81:1a:04:3c]
RSSI: -78 [da:0a:81:26:04:5c]
RSSI: -82 [da:0a:81:34:04:8c]
RSSI: -81 [da:0a:81:34:04:8c]
RSSI: -79 [da:0a:81:43:04:bc]
RSSI: -81 [da:0a:81:43:04:bc]
RSSI: -84 [da:0a:81:4f:04:dc]
RSSI: -82 [da:0a:81:4f:04:dc]
RSSI: -82 [da:0a:81:5e:05:0c]
RSSI: -81 [da:0a:81:5e:05:0c]
RSSI: -84 [da:0a:81:6c:05:3c]
RSSI: -75 [da:0a:81:87:05:8c]
RSSI: -95 [da:4f:d1:c0:11:9b]
RSSI: -83 [da:0a:81:95:05:bc]
RSSI: -75 [da:0a:81:95:05:bc]
RSSI: -78 [da:0a:81:a1:05:dc]
RSSI: -83 [da:0a:81:a1:05:dc]
RSSI: -76 [da:0a:81:b0:06:0c]
RSSI: -78 [da:0a:81:b0:06:0c]
RSSI: -88 [da:0a:81:be:06:3c]
RSSI: -78 [da:0a:81:be:06:3c]
RSSI: -92 [da:51:b6:0b:06:7a]
RSSI: -89 [da:51:b6:17:06:aa]
RSSI: -81 [da:0a:81:d9:06:8c]
RSSI: -94 [da:4f:d2:28:12:cb]
RSSI: -92 [da:51:b6:41:07:1a]
RSSI: -91 [da:51:b6:41:07:1a]
RSSI: -83 [da:0a:82:02:07:0c]
RSSI: -79 [da:0a:82:02:07:0c]
RSSI: -80 [da:0a:82:10:07:2c]
RSSI: -81 [da:0a:82:1d:07:5c]
RSSI: -82 [da:0a:82:1d:07:5c]
RSSI: -80 [da:0a:82:2b:07:8c]
RSSI: -77 [da:0a:82:39:07:ac]
RSSI: -93 [da:51:b6:95:08:0a]
RSSI: -77 [da:0a:82:46:07:dc]
RSSI: -94 [da:51:b6:95:08:0a]
RSSI: -77 [da:0a:82:54:08:0c]
RSSI: -76 [da:0a:82:54:08:0c]
RSSI: -78 [da:0a:82:62:08:2c]
RSSI: -78 [da:0a:82:62:08:2c]
RSSI: -76 [da:0a:82:6f:08:5c]
RSSI: -81 [da:0a:82:6f:08:5c]
RSSI: -79 [da:0a:82:7d:08:8c]
RSSI: -78 [da:0a:82:7d:08:8c]
RSSI: -79 [da:0a:82:8b:08:ac]
RSSI: -83 [da:0a:82:98:08:dc]
RSSI: -78 [da:0a:82:a6:09:0c]
RSSI: -78 [da:0a:82:b5:09:2c]
RSSI: -80 [da:0a:82:b5:09:2c]
RSSI: -81 [da:0a:82:c1:09:5c]
RSSI: -81 [da:0a:82:c1:09:5c]
RSSI: -83 [da:0a:82:d0:09:8c]
RSSI: -86 [da:0a:82:de:09:ac]
RSSI: -88 [da:0a:82:de:09:ac]
RSSI: -86 [da:0a:82:ea:09:dc]
RSSI: -81 [da:0a:82:f9:0a:0c]
RSSI: -88 [da:0a:83:14:0a:5c]
RSSI: -96 [da:4f:d3:4d:16:2b]
RSSI: -83 [da:0a:83:14:0a:5c]
RSSI: -78 [da:0a:83:22:0a:8c]
RSSI: -82 [da:0a:83:30:0a:bc]
RSSI: -78 [da:0a:83:30:0a:bc]
RSSI: -80 [da:0a:83:3d:0a:dc]
RSSI: -94 [da:4f:d3:8a:00:5b]
RSSI: -79 [da:0a:83:59:0b:3c]
RSSI: -77 [da:0a:83:66:0b:5c]
RSSI: -80 [da:0a:83:74:0b:8c]
RSSI: -76 [da:0a:83:74:0b:8c]
RSSI: -80 [da:0a:83:83:0b:bc]
RSSI: -79 [da:0a:83:83:0b:bc]
RSSI: -79 [da:0a:83:8f:0b:dc]
RSSI: -80 [da:0a:83:9e:0c:0c]
RSSI: -75 [da:0a:83:9e:0c:0c]
RSSI: -92 [da:4f:d3:e2:01:6b]
RSSI: -82 [da:0a:83:ac:0c:3c]
RSSI: -92 [da:4f:d3:e2:01:6b]
RSSI: -78 [da:0a:83:b8:0c:5c]
RSSI: -89 [da:4f:d3:ff:01:bb]
RSSI: -78 [da:0a:83:c7:0c:8c]
RSSI: -75 [da:0a:83:e2:0c:dc]
RSSI: -84 [da:4f:d4:1e:02:1b]
RSSI: -87 [da:4f:d4:1e:02:1b]
RSSI: -81 [da:0a:83:f0:0d:0c]
RSSI: -83 [da:4f:d4:2b:02:3b]
RSSI: -80 [da:0a:83:fe:0d:3c]
RSSI: -82 [da:4f:d4:3b:02:6b]
RSSI: -89 [da:0a:84:0b:0d:5c]
RSSI: -86 [da:4f:d4:4b:02:9b]
RSSI: -85 [da:4f:d4:4b:02:9b]
RSSI: -77 [da:0a:84:19:0d:8c]
RSSI: -78 [da:0a:84:28:0d:bc]
RSSI: -82 [da:4f:d4:67:02:eb]
RSSI: -88 [da:4f:d4:67:02:eb]
RSSI: -82 [da:0a:84:34:0d:dc]
RSSI: -77 [da:0a:84:34:0d:dc]
RSSI: -81 [da:4f:d4:77:03:1b]
RSSI: -76 [da:0a:84:43:0e:0c]
RSSI: -79 [da:0a:84:43:0e:0c]
RSSI: -74 [da:0a:84:51:0e:3c]
RSSI: -74 [da:0a:84:51:0e:3c]
RSSI: -74 [da:0a:84:5e:0e:5c]
RSSI: -82 [da:4f:d4:a3:03:ab]
RSSI: -76 [da:0a:84:6c:0e:8c]
RSSI: -76 [da:0a:84:6c:0e:8c]
RSSI: -73 [da:0a:84:6c:0e:8c]
RSSI: -83 [da:4f:d4:b0:03:cb]
RSSI: -73 [da:0a:84:7a:0e:bc]
RSSI: -74 [da:0a:84:87:0e:dc]
RSSI: -76 [da:0a:84:95:0f:0c]
RSSI: -74 [da:0a:84:95:0f:0c]
RSSI: -74 [da:0a:84:95:0f:0c]
RSSI: -76 [da:0a:84:a4:0f:3c]
RSSI: -76 [da:0a:84:a4:0f:3c]
RSSI: -74 [da:0a:84:b0:0f:5c]
RSSI: -75 [da:0a:84:b0:0f:5c]
RSSI: -76 [da:0a:84:b0:0f:5c]
RSSI: -73 [da:0a:84:bf:0f:8c]
RSSI: -74 [da:0a:84:cd:0f:bc]
RSSI: -73 [da:0a:84:da:0f:ec]
RSSI: -73 [da:0a:84:e8:10:0c]
RSSI: -73 [da:0a:84:e8:10:0c]
RSSI: -75 [da:0a:84:f7:10:3c]
RSSI: -76 [da:0a:84:f7:10:3c]
RSSI: -77 [da:0a:85:03:10:6c]
RSSI: -77 [da:0a:85:12:10:8c]
RSSI: -76 [da:0a:85:20:10:bc]
RSSI: -76 [da:0a:85:20:10:bc]
RSSI: -76 [da:0a:85:2d:10:ec]
RSSI: -76 [da:0a:85:2d:10:ec]
RSSI: -77 [da:0a:85:3b:11:0c]
RSSI: -78 [da:0a:85:3b:11:0c]
RSSI: -79 [da:0a:85:49:11:3c]
RSSI: -80 [da:0a:85:49:11:3c]
RSSI: -83 [da:0a:85:56:11:5c]
RSSI: -93 [da:4f:d5:8f:06:6b]
RSSI: -86 [da:0a:85:65:11:8c]
RSSI: -92 [da:4f:d5:ae:06:cb]
RSSI: -84 [da:0a:85:7f:11:dc]
RSSI: -86 [da:0a:85:8e:12:0c]
RSSI: -85 [da:0a:85:9c:12:2c]
RSSI: -83 [da:0a:85:9c:12:2c]
RSSI: -87 [da:0a:85:a9:12:5c]
RSSI: -83 [da:0a:85:a9:12:5c]
RSSI: -80 [da:0a:85:b7:12:8c]
RSSI: -83 [da:0a:85:b7:12:8c]
RSSI: -80 [da:0a:85:c6:12:ac]
RSSI: -82 [da:0a:85:d2:12:dc]
RSSI: -79 [da:0a:85:e1:13:0c]
RSSI: -97 [da:4f:d6:14:07:fb]
RSSI: -76 [da:0a:85:ef:13:2c]
RSSI: -76 [da:0a:85:ef:13:2c]
RSSI: -82 [da:0a:85:fc:13:5c]
RSSI: -76 [da:0a:85:fc:13:5c]
RSSI: -83 [da:0a:86:0a:13:8c]
RSSI: -77 [da:0a:86:19:13:ac]
RSSI: -77 [da:0a:86:19:13:ac]
RSSI: -77 [da:0a:86:25:13:dc]
RSSI: -77 [da:0a:86:25:13:dc]
RSSI: -88 [da:0a:86:34:14:0c]
RSSI: -76 [da:0a:86:34:14:0c]
RSSI: -75 [da:0a:86:42:14:2c]
RSSI: -74 [da:0a:86:4f:14:5c]
RSSI: -75 [da:0a:86:4f:14:5c]
RSSI: -75 [da:0a:86:5d:14:7c]
RSSI: -80 [da:0a:86:6c:14:ac]
RSSI: -80 [da:0a:86:6c:14:ac]
RSSI: -79 [da:0a:86:79:14:dc]
RSSI: -81 [da:0a:86:87:14:fc]
RSSI: -85 [da:0a:86:87:14:fc]
RSSI: -82 [da:0a:86:95:15:2c]
RSSI: -81 [da:0a:86:95:15:2c]
RSSI: -81 [da:0a:86:a2:15:4c]
RSSI: -76 [da:0a:86:b1:15:7c]
RSSI: -76 [da:0a:86:b1:15:7c]
RSSI: -73 [da:0a:86:bf:15:ac]
RSSI: -90 [da:4f:d7:03:0a:cb]
RSSI: -74 [da:0a:86:cc:15:cc]
RSSI: -90 [da:4f:d7:03:0a:cb]
RSSI: -69 [da:0a:86:da:15:fc]
RSSI: -69 [da:0a:86:e9:16:1c]
RSSI: -68 [da:0a:86:e9:16:1c]
RSSI: -68 [da:0a:86:f5:16:4c]
RSSI: -67 [da:0a:86:f5:16:4c]
RSSI: -67 [da:0a:87:04:16:7c]
RSSI: -67 [da:0a:87:04:16:7c]
RSSI: -67 [da:0a:87:12:00:0c]
RSSI: -66 [da:0a:87:12:00:0c]
RSSI: -66 [da:0a:87:1f:00:2c]
RSSI: -66 [da:0a:87:1f:00:2c]
RSSI: -66 [da:0a:87:2d:00:5c]
RSSI: -66 [da:0a:87:2d:00:5c]
RSSI: -66 [da:0a:87:3c:00:7c]
RSSI: -90 [da:4f:d7:79:0c:3b]
RSSI: -66 [da:0a:87:48:00:ac]
RSSI: -66 [da:0a:87:48:00:ac]
RSSI: -67 [da:0a:87:57:00:dc]
RSSI: -67 [da:0a:87:65:00:fc]
RSSI: -67 [da:0a:87:65:00:fc]
RSSI: -67 [da:0a:87:65:00:fc]
RSSI: -69 [da:0a:87:72:01:2c]
RSSI: -70 [da:0a:87:81:01:4c]
RSSI: -72 [da:0a:87:81:01:4c]
RSSI: -71 [da:0a:87:8f:01:7c]
RSSI: -73 [da:0a:87:8f:01:7c]
RSSI: -77 [da:0a:87:9c:01:ac]
RSSI: -75 [da:0a:87:9c:01:ac]
RSSI: -78 [da:0a:87:aa:01:cc]
RSSI: -87 [da:0a:87:aa:01:cc]
RSSI: -87 [da:0a:87:b9:01:fc]
RSSI: -81 [da:0a:87:c5:02:2c]
RSSI: -79 [da:0a:87:d4:02:4c]
RSSI: -79 [da:0a:87:d4:02:4c]
RSSI: -78 [da:0a:87:e2:02:7c]
RSSI: -76 [da:0a:87:e2:02:7c]
RSSI: -73 [da:0a:87:ef:02:9c]
RSSI: -77 [da:0a:87:ef:02:9c]
RSSI: -73 [da:0a:87:fe:02:cc]
RSSI: -77 [da:0a:88:0c:02:fc]
RSSI: -76 [da:0a:88:0c:02:fc]
RSSI: -78 [da:0a:88:19:03:1c]
RSSI: -78 [da:0a:88:19:03:1c]
RSSI: -76 [da:0a:88:27:03:4c]
RSSI: -80 [da:0a:88:27:03:4c]
RSSI: -80 [da:0a:88:36:03:7c]
RSSI: -80 [da:0a:88:36:03:7c]
RSSI: -81 [da:0a:88:42:03:9c]
RSSI: -80 [da:0a:88:51:03:cc]
RSSI: -75 [da:0a:88:60:03:fc]
RSSI: -76 [da:0a:88:6c:04:1c]
RSSI: -80 [da:0a:88:7b:04:4c]
RSSI: -79 [da:0a:88:7b:04:4c]
RSSI: -80 [da:0a:88:89:04:7c]
RSSI: -80 [da:0a:88:89:04:7c]
RSSI: -82 [da:0a:88:96:04:9c]
RSSI: -81 [da:0a:88:96:04:9c]
RSSI: -82 [da:0a:88:a5:04:cc]
RSSI: -82 [da:0a:88:a5:04:cc]
RSSI: -80 [da:0a:88:b3:04:fc]
RSSI: -92 [da:51:bd:0f:04:3a]
RSSI: -75 [da:0a:88:ce:05:4c]
RSSI: -84 [da:0a:88:ce:05:4c]
RSSI: -79 [da:0a:88:dd:05:7c]
RSSI: -74 [da:0a:88:dd:05:7c]
RSSI: -79 [da:0a:88:ea:05:9c]
RSSI: -79 [da:0a:88:f8:05:cc]
RSSI: -75 [da:0a:89:07:05:fc]
RSSI: -83 [da:0a:89:13:06:1c]
RSSI: -78 [da:0a:89:13:06:1c]
RSSI: -82 [da:0a:89:22:06:4c]
RSSI: -84 [da:0a:89:22:06:4c]
RSSI: -80 [da:0a:89:31:06:7c]
RSSI: -83 [da:0a:89:31:06:7c]
RSSI: -88 [da:51:bd:8f:05:aa]
RSSI: -84 [da:0a:89:3d:06:ac]
RSSI: -81 [da:0a:89:4c:06:cc]
RSSI: -86 [da:51:bd:9e:05:da]
RSSI: -85 [da:0a:89:5a:06:fc]
RSSI: -85 [da:0a:89:67:07:2c]
RSSI: -86 [da:0a:89:67:07:2c]
RSSI: -79 [da:0a:89:76:07:5c]
RSSI: -86 [da:51:bd:c9:06:4a]
RSSI: -86 [da:51:bd:c9:06:4a]
RSSI: -80 [da:0a:89:84:07:7c]
RSSI: -80 [da:0a:89:84:07:7c]
RSSI: -86 [da:51:bd:d8:06:7a]
RSSI: -78 [da:0a:89:91:07:ac]
RSSI: -92 [da:51:bd:e5:06:9a]
RSSI: -80 [da:0a:89:9f:07:dc]
RSSI: -88 [da:51:bd:f4:06:ca]
RSSI: -78 [da:0a:89:ae:08:0c]
RSSI: -79 [da:0a:89:ae:08:0c]
RSSI: -86 [da:51:be:03:06:fa]
RSSI: -80 [da:0a:89:bb:08:2c]
RSSI: -79 [da:0a:89:bb:08:2c]
RSSI: -88 [da:51:be:0f:07:1a]
RSSI: -79 [da:0a:89:c9:08:5c]
RSSI: -82 [da:0a:89:c9:08:5c]
RSSI: -81 [da:0a:89:d8:08:8c]
RSSI: -81 [da:0a:89:d8:08:8c]
RSSI: -88 [da:51:be:2d:07:6a]
RSSI: -89 [da:51:be:2d:07:6a]
RSSI: -81 [da:0a:89:e5:08:ac]
RSSI: -88 [da:51:be:3a:07:8a]
RSSI: -82 [da:0a:89:f3:08:dc]
RSSI: -82 [da:0a:89:f3:08:dc]
RSSI: -79 [da:0a:89:f3:08:dc]
RSSI: -80 [da:0a:8a:02:09:0c]
RSSI: -87 [da:51:be:58:07:ea]
RSSI: -79 [da:0a:8a:0e:09:2c]
RSSI: -79 [da:0a:8a:0e:09:2c]
RSSI: -81 [da:0a:8a:0e:09:2c]
RSSI: -82 [da:0a:8a:0e:09:2c]
RSSI: -82 [da:0a:8a:1d:09:5c]
RSSI: -84 [da:0a:8a:2c:09:8c]
RSSI: -84 [da:0a:8a:2c:09:8c]
RSSI: -92 [da:51:be:90:08:8a]
RSSI: -86 [da:0a:8a:47:09:dc]
RSSI: -81 [da:0a:8a:56:0a:0c]
RSSI: -86 [da:0a:8a:56:0a:0c]
RSSI: -86 [da:0a:8a:62:0a:2c]
RSSI: -78 [da:0a:8a:62:0a:2c]
RSSI: -97 [da:51:be:ca:09:2a]
RSSI: -95 [da:4f:da:af:15:cb]
RSSI: -76 [da:0a:8a:8c:0a:bc]
RSSI: -79 [da:0a:8a:9b:0a:dc]
RSSI: -76 [da:0a:8a:9b:0a:dc]
RSSI: -77 [da:0a:8a:a9:0b:0c]
RSSI: -83 [da:0a:8a:b6:0b:3c]
RSSI: -91 [da:4f:da:ec:00:0b]
RSSI: -78 [da:0a:8a:c5:0b:6c]
RSSI: -75 [da:0a:8a:d3:0b:8c]
RSSI: -80 [da:0a:8a:e0:0b:bc]
RSSI: -75 [da:0a:8a:e0:0b:bc]
RSSI: -78 [da:0a:8a:ef:0b:ec]
RSSI: -81 [da:0a:8a:ef:0b:ec]
RSSI: -75 [da:0a:8a:fd:0c:1c]
RSSI: -78 [da:0a:8a:fd:0c:1c]
RSSI: -81 [da:0a:8b:0a:0c:3c]
RSSI: -76 [da:0a:8b:0a:0c:3c]
RSSI: -91 [da:4f:db:4f:01:2b]
RSSI: -86 [da:0a:8b:19:0c:6c]
RSSI: -78 [da:0a:8b:19:0c:6c]
RSSI: -91 [da:4f:db:5b:01:4b]
RSSI: -90 [da:4f:db:5b:01:4b]
RSSI: -77 [da:0a:8b:27:0c:9c]
RSSI: -76 [da:0a:8b:34:0c:bc]
RSSI: -88 [da:4f:db:78:01:9b]
RSSI: -89 [da:4f:db:78:01:9b]
RSSI: -80 [da:0a:8b:43:0c:ec]
RSSI: -86 [da:4f:db:85:01:cb]
RSSI: -87 [da:4f:db:91:01:eb]
RSSI: -87 [da:4f:db:91:01:eb]
RSSI: -76 [da:0a:8b:5e:0d:4c]
RSSI: -85 [da:4f:db:9e:02:0b]
RSSI: -86 [da:4f:db:9e:02:0b]
RSSI: -86 [da:4f:db:ab:02:3b]
RSSI: -79 [da:0a:8b:6d:0d:6c]
RSSI: -84 [da:4f:db:ab:02:3b]
RSSI: -87 [da:4f:db:b7:02:5b]
RSSI: -86 [da:4f:db:b7:02:5b]
RSSI: -79 [da:0a:8b:7c:0d:9c]
RSSI: -85 [da:4f:db:b7:02:5b]
RSSI: -84 [da:4f:db:c4:02:7b]
RSSI: -77 [da:0a:8b:88:0d:cc]
RSSI: -86 [da:4f:db:c4:02:7b]
RSSI: -82 [da:0a:8b:88:0d:cc]
RSSI: -84 [da:4f:db:d1:02:ab]
RSSI: -76 [da:0a:8b:97:0d:fc]
RSSI: -74 [da:0a:8b:a6:0e:2c]
RSSI: -84 [da:4f:db:ea:02:eb]
RSSI: -76 [da:0a:8b:b2:0e:4c]
RSSI: -86 [da:4f:db:ea:02:eb]
RSSI: -74 [da:0a:8b:b2:0e:4c]
RSSI: -85 [da:4f:db:f7:03:1b]
RSSI: -84 [da:4f:db:f7:03:1b]
RSSI: -73 [da:0a:8b:c1:0e:7c]
RSSI: -75 [da:0a:8b:c1:0e:7c]
RSSI: -74 [da:0a:8b:d0:0e:ac]
RSSI: -86 [da:4f:dc:04:03:3b]
RSSI: -73 [da:0a:8b:d0:0e:ac]
RSSI: -87 [da:4f:dc:10:03:6b]
RSSI: -75 [da:0a:8b:dc:0e:cc]
RSSI: -87 [da:4f:dc:1d:03:8b]
RSSI: -87 [da:4f:dc:1d:03:8b]
RSSI: -88 [da:4f:dc:2a:03:ab]
RSSI: -86 [da:4f:dc:36:03:db]
RSSI: -76 [da:0a:8b:fa:0f:2c]
RSSI: -75 [da:0a:8c:06:0f:4c]
RSSI: -74 [da:0a:8c:15:0f:7c]
RSSI: -91 [da:4f:dc:50:04:2b]
RSSI: -74 [da:0a:8c:15:0f:7c]
RSSI: -89 [da:4f:dc:5c:04:4b]
RSSI: -75 [da:0a:8c:24:0f:ac]
RSSI: -74 [da:0a:8c:24:0f:ac]
RSSI: -74 [da:0a:8c:30:0f:dc]
RSSI: -74 [da:0a:8c:3f:0f:fc]
RSSI: -76 [da:0a:8c:4e:10:2c]
RSSI: -91 [da:51:c0:a2:0e:6a]
RSSI: -76 [da:0a:8c:4e:10:2c]
RSSI: -77 [da:0a:8c:60:10:6c]
RSSI: -76 [da:0a:8c:60:10:6c]
RSSI: -90 [da:51:c0:b1:0e:9a]
RSSI: -77 [da:0a:8c:60:10:6c]
RSSI: -76 [da:0a:8c:70:10:9c]
RSSI: -77 [da:0a:8c:7f:10:cc]
RSSI: -78 [da:0a:8c:8c:10:ec]
RSSI: -93 [da:51:c0:dc:0f:1a]
RSSI: -79 [da:0a:8c:9a:11:1c]
RSSI: -81 [da:0a:8c:9a:11:1c]
RSSI: -84 [da:0a:8c:a9:11:4c]
RSSI: -85 [da:0a:8c:a9:11:4c]
RSSI: -93 [da:51:c1:07:0f:9a]
RSSI: -94 [da:4f:dd:0f:06:6b]
RSSI: -93 [da:4f:dd:1b:06:8b]
RSSI: -88 [da:0a:8c:ef:12:1c]
RSSI: -87 [da:0a:8c:ef:12:1c]
RSSI: -83 [da:0a:8c:fd:12:3c]
RSSI: -85 [da:0a:8c:fd:12:3c]
RSSI: -84 [da:0a:8c:fd:12:3c]
RSSI: -81 [da:0a:8d:0a:12:6c]
RSSI: -81 [da:0a:8d:19:12:9c]
RSSI: -81 [da:0a:8d:28:12:bc]
RSSI: -78 [da:0a:8d:34:12:ec]
RSSI: -78 [da:0a:8d:34:12:ec]
RSSI: -90 [da:4f:dd:74:07:9b]
RSSI: -78 [da:0a:8d:34:12:ec]
RSSI: -76 [da:0a:8d:43:13:1c]
RSSI: -76 [da:0a:8d:52:13:3c]
RSSI: -81 [da:0a:8d:52:13:3c]
RSSI: -76 [da:0a:8d:5f:13:6c]
RSSI: -78 [da:0a:8d:6d:13:9c]
RSSI: -77 [da:0a:8d:6d:13:9c]
RSSI: -87 [da:0a:8d:7c:13:bc]
RSSI: -77 [da:0a:8d:7c:13:bc]
RSSI: -77 [da:0a:8d:89:13:ec]
RSSI: -85 [da:0a:8d:89:13:ec]
RSSI: -76 [da:0a:8d:98:14:1c]
RSSI: -76 [da:0a:8d:98:14:1c]
RSSI: -76 [da:0a:8d:a6:14:3c]
RSSI: -94 [da:4f:dd:e7:08:fb]
RSSI: -78 [da:0a:8d:b3:14:6c]
RSSI: -77 [da:0a:8d:b3:14:6c]
RSSI: -78 [da:0a:8d:c2:14:9c]
RSSI: -81 [da:0a:8d:d1:14:bc]
RSSI: -81 [da:0a:8d:d1:14:bc]
RSSI: -83 [da:0a:8d:dd:14:ec]
RSSI: -84 [da:0a:8d:ec:15:1c]
RSSI: -85 [da:0a:8d:ec:15:1c]
RSSI: -78 [da:0a:8d:fb:15:3c]
RSSI: -74 [da:0a:8e:08:15:6c]
RSSI: -74 [da:0a:8e:08:15:6c]
RSSI: -74 [da:0a:8e:08:15:6c]
RSSI: -73 [da:0a:8e:08:15:6c]
RSSI: -72 [da:0a:8e:17:15:9c]
RSSI: -69 [da:0a:8e:25:15:cc]
RSSI: -72 [da:0a:8e:25:15:cc]
RSSI: -71 [da:0a:8e:25:15:cc]
RSSI: -68 [da:0a:8e:32:15:ec]
RSSI: -68 [da:0a:8e:41:16:1c]
RSSI: -66 [da:0a:8e:41:16:1c]
RSSI: -92 [da:4f:de:81:0a:cb]
RSSI: -66 [da:0a:8e:50:16:4c]
RSSI: -67 [da:0a:8e:50:16:4c]
RSSI: -64 [da:0a:8e:5c:16:6c]
RSSI: -89 [da:4f:de:9a:0b:1b]
RSSI: -65 [da:0a:8e:5c:16:6c]
RSSI: -63 [da:0a:8e:6b:00:2c]
RSSI: -66 [da:0a:8e:7a:00:5c]
RSSI: -89 [da:4f:de:c0:0b:8b]
RSSI: -65 [da:0a:8e:87:00:7c]
RSSI: -66 [da:0a:8e:87:00:7c]
RSSI: -63 [da:0a:8e:96:00:ac]
RSSI: -65 [da:0a:8e:96:00:ac]
RSSI: -66 [da:0a:8e:a4:00:dc]
RSSI: -88 [da:4f:de:e7:0b:fb]
RSSI: -67 [da:0a:8e:b1:00:fc]
RSSI: -66 [da:0a:8e:c0:01:2c]
RSSI: -69 [da:0a:8e:c0:01:2c]
RSSI: -66 [da:0a:8e:cf:01:5c]
RSSI: -71 [da:0a:8e:db:01:7c]
RSSI: -69 [da:0a:8e:db:01:7c]
RSSI: -94 [da:51:c3:44:15:ea]
RSSI: -74 [da:0a:8e:f9:01:dc]
RSSI: -91 [da:0a:8f:15:02:2c]
RSSI: -84 [da:0a:8f:15:02:2c]
RSSI: -82 [da:0a:8f:15:02:2c]
RSSI: -79 [da:0a:8f:24:02:5c]
RSSI: -80 [da:0a:8f:24:02:5c]
RSSI: -75 [da:0a:8f:30:02:8c]
RSSI: -74 [da:0a:8f:3f:02:bc]
RSSI: -75 [da:0a:8f:4e:02:dc]
RSSI: -74 [da:0a:8f:4e:02:dc]
RSSI: -72 [da:0a:8f:5b:03:0c]
RSSI: -76 [da:0a:8f:5b:03:0c]
RSSI: -74 [da:0a:8f:6a:03:3c]
RSSI: -91 [da:51:c3:ba:00:fa]
RSSI: -74 [da:0a:8f:6a:03:3c]
RSSI: -76 [da:0a:8f:79:03:6c]
RSSI: -76 [da:0a:8f:79:03:6c]
RSSI: -78 [da:0a:8f:85:03:8c]
RSSI: -78 [da:0a:8f:85:03:8c]
RSSI: -76 [da:0a:8f:94:03:bc]
RSSI: -79 [da:0a:8f:94:03:bc]
RSSI: -77 [da:0a:8f:a3:03:ec]
RSSI: -75 [da:0a:8f:a3:03:ec]
RSSI: -79 [da:0a:8f:b0:04:0c]
RSSI: -74 [da:0a:8f:b0:04:0c]
RSSI: -78 [da:0a:8f:bf:04:3c]
RSSI: -79 [da:0a:8f:bf:04:3c]
RSSI: -77 [da:0a:8f:cd:04:6c]
RSSI: -92 [da:51:c4:1d:02:0a]
RSSI: -78 [da:0a:8f:da:04:8c]
RSSI: -80 [da:0a:8f:da:04:8c]
RSSI: -79 [da:0a:8f:e9:04:bc]
RSSI: -82 [da:0a:8f:e9:04:bc]
RSSI: -80 [da:0a:8f:f8:04:dc]
RSSI: -81 [da:0a:8f:f8:04:dc]
RSSI: -76 [da:0a:90:14:05:3c]
RSSI: -76 [da:0a:90:14:05:3c]
RSSI: -81 [da:0a:90:22:05:6c]
RSSI: -75 [da:0a:90:22:05:6c]
RSSI: -81 [da:0a:90:2f:05:8c]
RSSI: -81 [da:0a:90:2f:05:8c]
RSSI: -78 [da:0a:90:3e:05:bc]
RSSI: -76 [da:0a:90:4d:05:ec]
RSSI: -76 [da:0a:90:4d:05:ec]
RSSI: -81 [da:0a:90:5a:06:0c]
RSSI: -77 [da:0a:90:5a:06:0c]
RSSI: -78 [da:0a:90:69:06:3c]
RSSI: -82 [da:0a:90:69:06:3c]
RSSI: -81 [da:0a:90:69:06:3c]
RSSI: -80 [da:0a:90:78:06:6c]
RSSI: -78 [da:0a:90:78:06:6c]
RSSI: -84 [da:0a:90:84:06:9c]
RSSI: -85 [da:0a:90:84:06:9c]
RSSI: -82 [da:0a:90:93:06:cc]
RSSI: -87 [da:0a:90:93:06:cc]
RSSI: -79 [da:0a:90:a2:06:ec]
RSSI: -80 [da:0a:90:a2:06:ec]
RSSI: -82 [da:0a:90:af:07:1c]
RSSI: -78 [da:0a:90:af:07:1c]
RSSI: -79 [da:0a:90:be:07:4c]
RSSI: -79 [da:0a:90:be:07:4c]
RSSI: -81 [da:0a:90:cd:07:7c]
RSSI: -77 [da:0a:90:d9:07:9c]
RSSI: -81 [da:0a:90:d9:07:9c]
RSSI: -77 [da:0a:90:e8:07:cc]
RSSI: -77 [da:0a:90:e8:07:cc]
RSSI: -80 [da:0a:90:f7:07:fc]
RSSI: -88 [da:51:c5:40:05:4a]
RSSI: -76 [da:0a:90:f7:07:fc]
RSSI: -81 [da:0a:91:04:08:2c]
RSSI: -86 [da:51:c5:5c:05:9a]
RSSI: -83 [da:0a:91:13:08:4c]
RSSI: -84 [da:51:c5:6b:05:ca]
RSSI: -86 [da:51:c5:6b:05:ca]
RSSI: -77 [da:0a:91:22:08:7c]
RSSI: -80 [da:0a:91:2f:08:ac]
RSSI: -82 [da:0a:91:3e:08:dc]
RSSI: -85 [da:51:c5:97:06:3a]
RSSI: -87 [da:0a:91:4d:09:0c]
RSSI: -83 [da:51:c5:a4:06:5a]
RSSI: -83 [da:51:c5:a4:06:5a]
RSSI: -81 [da:0a:91:59:09:2c]
RSSI: -83 [da:0a:91:68:09:5c]
RSSI: -83 [da:51:c5:b3:06:8a]
RSSI: -84 [da:0a:91:68:09:5c]
RSSI: -87 [da:0a:91:77:09:8c]
RSSI: -85 [da:51:c5:cf:06:da]
RSSI: -84 [da:51:c5:cf:06:da]
RSSI: -83 [da:51:c5:df:07:0a]
RSSI: -85 [da:51:c5:df:07:0a]
RSSI: -84 [da:51:c5:ee:07:3a]
RSSI: -86 [da:0a:91:a2:0a:0c]
RSSI: -85 [da:0a:91:a2:0a:0c]
RSSI: -81 [da:0a:91:ae:0a:3c]
RSSI: -88 [da:0a:91:ae:0a:3c]
RSSI: -87 [da:51:c6:0a:07:8a]
RSSI: -86 [da:51:c6:19:07:ba]
RSSI: -80 [da:0a:91:cc:0a:9c]
RSSI: -79 [da:0a:91:e8:0a:ec]
RSSI: -78 [da:0a:91:f7:0b:1c]
RSSI: -95 [da:4f:e2:2b:15:bb]
RSSI: -79 [da:0a:91:f7:0b:1c]
RSSI: -90 [da:4f:e2:37:15:eb]
RSSI: -83 [da:0a:92:04:0b:3c]
RSSI: -76 [da:0a:92:04:0b:3c]
RSSI: -76 [da:0a:92:04:0b:3c]
RSSI: -82 [da:0a:92:13:0b:6c]
RSSI: -75 [da:0a:92:13:0b:6c]
RSSI: -79 [da:0a:92:22:0b:9c]
RSSI: -80 [da:0a:92:22:0b:9c]
RSSI: -80 [da:0a:92:22:0b:9c]
RSSI: -79 [da:0a:92:2e:0b:cc]
RSSI: -80 [da:0a:92:3e:0b:fc]
RSSI: -74 [da:0a:92:3e:0b:fc]
RSSI: -75 [da:0a:92:3e:0b:fc]
RSSI: -81 [da:0a:92:4d:0c:2c]
RSSI: -79 [da:0a:92:59:0c:4c]
RSSI: -90 [da:4f:e2:92:00:7b]
RSSI: -83 [da:0a:92:59:0c:4c]
RSSI: -76 [da:0a:92:68:0c:7c]
RSSI: -80 [da:0a:92:68:0c:7c]
RSSI: -85 [da:0a:92:77:0c:ac]
RSSI: -78 [da:0a:92:77:0c:ac]
RSSI: -91 [da:4f:e2:c6:01:0b]
RSSI: -76 [da:0a:92:93:0c:fc]
RSSI: -81 [da:0a:92:a2:0d:2c]
RSSI: -79 [da:0a:92:af:0d:5c]
RSSI: -90 [da:4f:e2:f9:01:ab]
RSSI: -94 [da:0a:92:be:0d:8c]
RSSI: -76 [da:0a:92:cd:0d:bc]
RSSI: -89 [da:4f:e3:13:01:fb]
RSSI: -77 [da:0a:92:d9:0d:dc]
RSSI: -81 [da:0a:92:e9:0e:0c]
RSSI: -75 [da:0a:92:e9:0e:0c]
RSSI: -86 [da:4f:e3:2d:02:4b]
RSSI: -75 [da:0a:92:f8:0e:3c]
RSSI: -78 [da:0a:92:f8:0e:3c]
RSSI: -89 [da:4f:e3:3a:02:6b]
RSSI: -73 [da:0a:93:04:0e:5c]
RSSI: -73 [da:0a:93:13:0e:8c]
RSSI: -73 [da:0a:93:13:0e:8c]
RSSI: -75 [da:0a:93:22:0e:bc]
RSSI: -72 [da:0a:93:22:0e:bc]
RSSI: -75 [da:0a:93:2f:0e:ec]
RSSI: -75 [da:0a:93:2f:0e:ec]
RSSI: -76 [da:0a:93:3e:0f:1c]
RSSI: -74 [da:0a:93:4d:0f:4c]
RSSI: -75 [da:0a:93:5a:0f:6c]
RSSI: -73 [da:0a:93:5a:0f:6c]
RSSI: -92 [da:4f:e3:a2:03:ab]
RSSI: -74 [da:0a:93:69:0f:9c]
RSSI: -72 [da:0a:93:78:0f:cc]
RSSI: -96 [da:4f:e3:c9:04:1b]
RSSI: -74 [da:0a:93:94:10:1c]
RSSI: -74 [da:0a:93:94:10:1c]
RSSI: -75 [da:0a:93:a3:10:4c]
RSSI: -76 [da:0a:93:a3:10:4c]
RSSI: -75 [da:0a:93:b0:10:7c]
RSSI: -77 [da:0a:93:b0:10:7c]
RSSI: -76 [da:0a:93:bf:10:ac]
RSSI: -93 [da:51:c8:0c:0d:5a]
RSSI: -76 [da:0a:93:ce:10:dc]
RSSI: -75 [da:0a:93:ce:10:dc]
RSSI: -76 [da:0a:93:ce:10:dc]
RSSI: -76 [da:0a:93:da:10:fc]
RSSI: -77 [da:0a:93:da:10:fc]
RSSI: -78 [da:0a:93:ea:11:2c]
RSSI: -79 [da:0a:93:ea:11:2c]
RSSI: -80 [da:0a:93:f9:11:5c]
RSSI: -81 [da:0a:93:f9:11:5c]
RSSI: -84 [da:0a:94:05:11:7c]
RSSI: -86 [da:0a:94:15:11:ac]
RSSI: -83 [da:0a:94:24:11:dc]
RSSI: -84 [da:0a:94:30:11:fc]
RSSI: -84 [da:0a:94:40:12:2c]
RSSI: -82 [da:0a:94:4f:12:5c]
RSSI: -81 [da:0a:94:4f:12:5c]
RSSI: -84 [da:0a:94:4f:12:5c]
RSSI: -84 [da:0a:94:5b:12:7c]
RSSI: -79 [da:0a:94:5b:12:7c]
RSSI: -84 [da:0a:94:6a:12:ac]
RSSI: -83 [da:0a:94:6a:12:ac]
RSSI: -80 [da:0a:94:7a:12:dc]
RSSI: -79 [da:0a:94:86:12:fc]
RSSI: -78 [da:0a:94:86:12:fc]
RSSI: -77 [da:0a:94:95:13:2c]
RSSI: -77 [da:0a:94:95:13:2c]
RSSI: -76 [da:0a:94:a5:13:5c]
RSSI: -76 [da:0a:94:a5:13:5c]
RSSI: -77 [da:0a:94:b1:13:7c]
RSSI: -80 [da:0a:94:c0:13:ac]
RSSI: -76 [da:0a:94:c0:13:ac]
RSSI: -76 [da:0a:94:cf:13:dc]
RSSI: -76 [da:0a:94:cf:13:dc]
RSSI: -76 [da:0a:94:dc:14:0c]
RSSI: -76 [da:0a:94:dc:14:0c]
RSSI: -75 [da:0a:94:eb:14:3c]
RSSI: -76 [da:0a:94:eb:14:3c]
RSSI: -76 [da:0a:94:eb:14:3c]
RSSI: -84 [da:0a:94:fa:14:5c]
RSSI: -77 [da:0a:95:07:14:8c]
RSSI: -84 [da:0a:95:07:14:8c]
RSSI: -76 [da:0a:95:16:14:bc]
RSSI: -80 [da:0a:95:16:14:bc]
RSSI: -78 [da:0a:95:25:14:ec]
RSSI: -89 [da:0a:95:32:15:0c]
RSSI: -89 [da:0a:95:41:15:3c]
RSSI: -99 [da:4f:e5:83:09:5b]
RSSI: -81 [da:0a:95:50:15:6c]
RSSI: -81 [da:0a:95:50:15:6c]
RSSI: -79 [da:0a:95:50:15:6c]
RSSI: -79 [da:0a:95:50:15:6c]
RSSI: -78 [da:0a:95:5d:15:8c]
RSSI: -77 [da:0a:95:6c:15:bc]
RSSI: -76 [da:0a:95:6c:15:bc]
RSSI: -75 [da:0a:95:7b:15:ec]
RSSI: -75 [da:0a:95:88:16:0c]
RSSI: -73 [da:0a:95:88:16:0c]
RSSI: -74 [da:0a:95:97:16:3c]
RSSI: -70 [da:0a:95:a7:16:6c]
RSSI: -70 [da:0a:95:b3:00:0c]
RSSI: -69 [da:0a:95:b3:00:0c]
RSSI: -72 [da:0a:95:c2:00:2c]
RSSI: -69 [da:0a:95:c2:00:2c]
RSSI: -91 [da:4f:e6:05:0a:db]
RSSI: -72 [da:0a:95:d2:00:5c]
RSSI: -72 [da:0a:95:d2:00:5c]
RSSI: -67 [da:0a:95:de:00:8c]
RSSI: -69 [da:0a:95:ee:00:ac]
RSSI: -68 [da:0a:95:ee:00:ac]
RSSI: -73 [da:0a:95:fd:00:dc]
RSSI: -69 [da:0a:95:fd:00:dc]
RSSI: -74 [da:0a:96:09:01:0c]
RSSI: -69 [da:0a:96:19:01:3c]
RSSI: -72 [da:0a:96:28:01:6c]
RSSI: -79 [da:0a:96:34:01:8c]
RSSI: -76 [da:0a:96:34:01:8c]
RSSI: -76 [da:0a:96:34:01:8c]
RSSI: -86 [da:0a:96:44:01:bc]
RSSI: -75 [da:0a:96:53:01:ec]
RSSI: -85 [da:0a:96:60:02:0c]
RSSI: -83 [da:0a:96:6f:02:3c]
RSSI: -79 [da:0a:96:6f:02:3c]
RSSI: -78 [da:0a:96:7e:02:6c]
RSSI: -80 [da:0a:96:7e:02:6c]
RSSI: -73 [da:0a:96:8b:02:9c]
RSSI: -79 [da:0a:96:9a:02:cc]
RSSI: -72 [da:0a:96:9a:02:cc]
RSSI: -78 [da:0a:96:a9:02:fc]
RSSI: -78 [da:0a:96:b6:03:1c]
RSSI: -75 [da:0a:96:c5:03:4c]
RSSI: -94 [da:51:cb:15:15:fa]
RSSI: -79 [da:0a:96:d4:03:7c]
RSSI: -82 [da:0a:96:e1:03:9c]
RSSI: -82 [da:0a:96:e1:03:9c]
RSSI: -79 [da:0a:96:e1:03:9c]
RSSI: -79 [da:0a:96:e1:03:9c]
RSSI: -82 [da:0a:96:f0:03:cc]
RSSI: -76 [da:0a:97:0c:04:1c]
RSSI: -80 [da:0a:97:1b:04:4c]
RSSI: -77 [da:0a:97:1b:04:4c]
RSSI: -78 [da:0a:97:2b:04:7c]
RSSI: -80 [da:0a:97:2b:04:7c]
RSSI: -80 [da:0a:97:37:04:ac]
RSSI: -85 [da:0a:97:47:04:cc]
RSSI: -81 [da:0a:97:47:04:cc]
RSSI: -82 [da:0a:97:56:04:fc]
RSSI: -80 [da:0a:97:56:04:fc]
RSSI: -83 [da:0a:97:63:05:2c]
RSSI: -84 [da:0a:97:72:05:5c]
RSSI: -76 [da:0a:97:81:05:8c]
RSSI: -82 [da:0a:97:8e:05:ac]
RSSI: -82 [da:0a:97:8e:05:ac]
RSSI: -76 [da:0a:97:8e:05:ac]
RSSI: -75 [da:0a:97:8e:05:ac]
RSSI: -82 [da:0a:97:9d:05:dc]
RSSI: -78 [da:0a:97:ac:06:0c]
RSSI: -77 [da:0a:97:b9:06:3c]
RSSI: -83 [da:0a:97:c8:06:6c]
RSSI: -80 [da:0a:97:c8:06:6c]
RSSI: -82 [da:0a:97:d8:06:9c]
RSSI: -81 [da:0a:97:e4:06:bc]
RSSI: -92 [da:0a:97:f4:06:ec]
RSSI: -81 [da:0a:97:f4:06:ec]
RSSI: -79 [da:0a:98:03:07:1c]
RSSI: -84 [da:0a:98:03:07:1c]
RSSI: -79 [da:0a:98:10:07:4c]
RSSI: -78 [da:0a:98:1f:07:7c]
RSSI: -80 [da:0a:98:2e:07:ac]
RSSI: -79 [da:0a:98:3b:07:cc]
RSSI: -79 [da:0a:98:3b:07:cc]
RSSI: -81 [da:0a:98:5a:08:2c]
RSSI: -77 [da:0a:98:66:08:4c]
RSSI: -78 [da:0a:98:66:08:4c]
RSSI: -85 [da:0a:98:66:08:4c]
RSSI: -95 [da:4f:e8:b7:12:fb]
RSSI: -79 [da:0a:98:76:08:7c]
RSSI: -82 [da:0a:98:85:08:ac]
RSSI: -90 [da:0a:98:92:08:dc]
RSSI: -81 [da:0a:98:a1:09:0c]
RSSI: -87 [da:0a:98:a1:09:0c]
RSSI: -92 [da:51:cc:fa:05:0a]
RSSI: -82 [da:0a:98:b0:09:3c]
RSSI: -83 [da:0a:98:b0:09:3c]
RSSI: -83 [da:0a:98:b0:09:3c]
RSSI: -83 [da:0a:98:b0:09:3c]
RSSI: -86 [da:0a:98:bd:09:5c]
RSSI: -84 [da:0a:98:cc:09:8c]
RSSI: -90 [da:51:cd:17:05:5a]
RSSI: -91 [da:51:cd:27:05:8a]
RSSI: -85 [da:51:cd:33:05:aa]
RSSI: -90 [da:51:cd:43:05:da]
RSSI: -84 [da:0a:98:f8:0a:1c]
RSSI: -87 [da:51:cd:43:05:da]
RSSI: -84 [da:0a:98:f8:0a:1c]
RSSI: -80 [da:0a:99:07:0a:4c]
RSSI: -83 [da:0a:99:14:0a:6c]
RSSI: -90 [da:51:cd:5f:06:2a]
RSSI: -79 [da:0a:99:14:0a:6c]
RSSI: -86 [da:51:cd:6f:06:5a]
RSSI: -90 [da:51:cd:6f:06:5a]
RSSI: -82 [da:0a:99:23:0a:9c]
RSSI: -90 [da:51:cd:7f:06:8a]
RSSI: -86 [da:51:cd:7f:06:8a]
RSSI: -77 [da:0a:99:3f:0a:ec]
RSSI: -77 [da:0a:99:3f:0a:ec]
RSSI: -80 [da:0a:99:4f:0b:1c]
RSSI: -78 [da:0a:99:4f:0b:1c]
RSSI: -78 [da:0a:99:5e:0b:4c]
RSSI: -87 [da:51:cd:b8:07:2a]
RSSI: -96 [da:4f:e9:a4:15:ab]
RSSI: -83 [da:0a:99:6b:0b:7c]
RSSI: -92 [da:51:cd:c8:07:5a]
RSSI: -78 [da:0a:99:7a:0b:ac]
RSSI: -82 [da:0a:99:7a:0b:ac]
RSSI: -76 [da:0a:99:89:0b:dc]
RSSI: -78 [da:0a:99:89:0b:dc]
RSSI: -89 [da:51:cd:e4:07:aa]
RSSI: -83 [da:0a:99:96:0b:fc]
RSSI: -85 [da:0a:99:a5:0c:2c]
RSSI: -76 [da:0a:99:a5:0c:2c]
RSSI: -78 [da:0a:99:b5:0c:5c]
RSSI: -77 [da:0a:99:c1:0c:7c]
RSSI: -77 [da:0a:99:c1:0c:7c]
RSSI: -79 [da:0a:99:d1:0c:ac]
RSSI: -90 [da:0a:99:e0:0c:dc]
RSSI: -88 [da:0a:99:ed:0d:0c]
RSSI: -96 [da:51:ce:3d:08:aa]
RSSI: -79 [da:0a:99:fc:0d:3c]
RSSI: -76 [da:0a:99:fc:0d:3c]
RSSI: -76 [da:0a:99:fc:0d:3c]
RSSI: -90 [da:4f:ea:42:01:1b]
RSSI: -79 [da:0a:9a:0c:0d:6c]
RSSI: -87 [da:0a:9a:18:0d:8c]
RSSI: -78 [da:0a:9a:18:0d:8c]
RSSI: -78 [da:0a:9a:28:0d:bc]
RSSI: -76 [da:0a:9a:37:0d:ec]
RSSI: -89 [da:4f:ea:6a:01:8b]
RSSI: -77 [da:0a:9a:37:0d:ec]
RSSI: -75 [da:0a:9a:44:0e:1c]
RSSI: -86 [da:4f:ea:84:01:db]
RSSI: -74 [da:0a:9a:44:0e:1c]
RSSI: -89 [da:4f:ea:92:01:fb]
RSSI: -76 [da:0a:9a:53:0e:4c]
RSSI: -74 [da:0a:9a:53:0e:4c]
RSSI: -73 [da:0a:9a:63:0e:7c]
RSSI: -84 [da:4f:ea:9f:02:2b]
RSSI: -76 [da:0a:9a:63:0e:7c]
RSSI: -87 [da:4f:ea:9f:02:2b]
RSSI: -85 [da:4f:ea:ac:02:4b]
RSSI: -74 [da:0a:9a:6f:0e:9c]
RSSI: -83 [da:4f:ea:ac:02:4b]
RSSI: -73 [da:0a:9a:6f:0e:9c]
RSSI: -86 [da:4f:ea:b9:02:7b]
RSSI: -75 [da:0a:9a:7f:0e:cc]
RSSI: -86 [da:4f:ea:c7:02:9b]
RSSI: -75 [da:0a:9a:8e:0e:fc]
RSSI: -75 [da:0a:9a:8e:0e:fc]
RSSI: -83 [da:4f:ea:d3:02:cb]
RSSI: -76 [da:0a:9a:a0:0f:3c]
RSSI: -76 [da:0a:9a:a0:0f:3c]
RSSI: -74 [da:0a:9a:a0:0f:3c]
RSSI: -85 [da:4f:ea:e1:02:eb]
RSSI: -74 [da:0a:9a:a0:0f:3c]
RSSI: -75 [da:0a:9a:b0:0f:6c]
RSSI: -75 [da:0a:9a:c0:0f:9c]
RSSI: -83 [da:4f:ea:fb:03:3b]
RSSI: -73 [da:0a:9a:cc:0f:bc]
RSSI: -73 [da:0a:9a:cc:0f:bc]
RSSI: -88 [da:4f:eb:16:03:8b]
RSSI: -75 [da:0a:9a:dc:0f:ec]
RSSI: -87 [da:4f:eb:16:03:8b]
RSSI: -74 [da:0a:9a:dc:0f:ec]
RSSI: -83 [da:4f:eb:23:03:bb]
RSSI: -88 [da:4f:eb:30:03:db]
RSSI: -83 [da:4f:eb:30:03:db]
RSSI: -77 [da:0a:9a:f8:10:4c]
RSSI: -76 [da:0a:9b:08:10:7c]
RSSI: -78 [da:0a:9b:08:10:7c]
RSSI: -85 [da:4f:eb:4a:04:2b]
RSSI: -76 [da:0a:9b:17:10:ac]
RSSI: -75 [da:0a:9b:17:10:ac]
RSSI: -76 [da:0a:9b:17:10:ac]
RSSI: -75 [da:0a:9b:24:10:cc]
RSSI: -77 [da:0a:9b:33:10:fc]
RSSI: -77 [da:0a:9b:33:10:fc]
RSSI: -79 [da:0a:9b:43:11:2c]
RSSI: -79 [da:0a:9b:43:11:2c]
RSSI: -79 [da:0a:9b:43:11:2c]
RSSI: -82 [da:0a:9b:4f:11:5c]
RSSI: -84 [da:0a:9b:4f:11:5c]
RSSI: -83 [da:0a:9b:5f:11:8c]
RSSI: -86 [da:0a:9b:5f:11:8c]
RSSI: -85 [da:0a:9b:7b:11:dc]
RSSI: -91 [da:4f:eb:c2:05:9b]
RSSI: -93 [da:51:cf:dc:0d:4a]
RSSI: -91 [da:4f:eb:cf:05:bb]
RSSI: -82 [da:0a:9b:a7:12:5c]
RSSI: -82 [da:0a:9b:a7:12:5c]
RSSI: -81 [da:0a:9b:b6:12:8c]
RSSI: -81 [da:0a:9b:c6:12:ac]
RSSI: -83 [da:0a:9b:c6:12:ac]
RSSI: -80 [da:0a:9b:d2:12:dc]
RSSI: -81 [da:0a:9b:d2:12:dc]
RSSI: -77 [da:0a:9b:e2:13:0c]
RSSI: -77 [da:0a:9b:e2:13:0c]
RSSI: -77 [da:0a:9b:f1:13:3c]
RSSI: -81 [da:0a:9b:f1:13:3c]
RSSI: -77 [da:0a:9b:fe:13:5c]
RSSI: -78 [da:0a:9c:0e:13:8c]
RSSI: -78 [da:0a:9c:0e:13:8c]
RSSI: -78 [da:0a:9c:0e:13:8c]
RSSI: -85 [da:0a:9c:1d:13:bc]
RSSI: -78 [da:0a:9c:1d:13:bc]
RSSI: -87 [da:0a:9c:2a:13:dc]
RSSI: -91 [da:4f:ec:6f:07:9b]
RSSI: -76 [da:0a:9c:39:14:0c]
RSSI: -91 [da:4f:ec:7c:07:cb]
RSSI: -76 [da:0a:9c:49:14:3c]
RSSI: -76 [da:0a:9c:49:14:3c]
RSSI: -77 [da:0a:9c:55:14:6c]
RSSI: -95 [da:4f:ec:a4:08:4b]
RSSI: -77 [da:0a:9c:65:14:9c]
RSSI: -81 [da:0a:9c:74:14:cc]
RSSI: -81 [da:0a:9c:81:14:ec]
RSSI: -98 [da:4f:ec:cc:08:bb]
RSSI: -80 [da:0a:9c:91:15:1c]
RSSI: -86 [da:0a:9c:a0:15:4c]
RSSI: -74 [da:0a:9c:ad:15:6c]
RSSI: -80 [da:0a:9c:ad:15:6c]
RSSI: -72 [da:0a:9c:bc:15:9c]
RSSI: -70 [da:0a:9c:bc:15:9c]
RSSI: -70 [da:0a:9c:cc:15:cc]
RSSI: -69 [da:0a:9c:d8:15:ec]
RSSI: -69 [da:0a:9c:d8:15:ec]
RSSI: -67 [da:0a:9c:d8:15:ec]
RSSI: -65 [da:0a:9c:e8:16:1c]
RSSI: -67 [da:0a:9c:e8:16:1c]
RSSI: -66 [da:0a:9c:f8:16:4c]
RSSI: -64 [da:0a:9c:f8:16:4c]
RSSI: -92 [da:4f:ed:36:09:fb]
RSSI: -65 [da:0a:9d:04:16:6c]
RSSI: -65 [da:0a:9d:04:16:6c]
RSSI: -64 [da:0a:9d:14:00:2c]
RSSI: -64 [da:0a:9d:14:00:2c]
RSSI: -63 [da:0a:9d:23:00:5c]
RSSI: -64 [da:0a:9d:23:00:5c]
RSSI: -64 [da:0a:9d:30:00:8c]
RSSI: -63 [da:0a:9d:30:00:8c]
RSSI: -64 [da:0a:9d:40:00:bc]
RSSI: -63 [da:0a:9d:40:00:bc]
RSSI: -90 [da:4f:ed:86:0a:eb]
RSSI: -64 [da:0a:9d:4f:00:ec]
RSSI: -65 [da:0a:9d:4f:00:ec]
RSSI: -64 [da:0a:9d:5c:01:0c]
RSSI: -65 [da:0a:9d:5c:01:0c]
RSSI: -65 [da:0a:9d:6b:01:3c]
RSSI: -67 [da:0a:9d:7b:01:6c]
RSSI: -66 [da:0a:9d:7b:01:6c]
RSSI: -69 [da:0a:9d:88:01:9c]
RSSI: -70 [da:0a:9d:88:01:9c]
RSSI: -72 [da:0a:9d:97:01:cc]
RSSI: -76 [da:0a:9d:a7:01:fc]
RSSI: -90 [da:4f:ed:fe:0c:5b]
RSSI: -84 [da:0a:9d:c3:02:4c]
RSSI: -76 [da:0a:9d:d3:02:7c]
RSSI: -91 [da:4f:ee:0b:0c:7b]
RSSI: -73 [da:0a:9d:df:02:9c]
RSSI: -74 [da:0a:9d:ef:02:cc]
RSSI: -72 [da:0a:9d:ef:02:cc]
RSSI: -73 [da:0a:9d:fe:02:fc]
RSSI: -74 [da:0a:9e:0b:03:2c]
RSSI: -75 [da:0a:9e:1b:03:5c]
RSSI: -76 [da:0a:9e:1b:03:5c]
RSSI: -77 [da:0a:9e:2a:03:7c]
RSSI: -79 [da:0a:9e:2a:03:7c]
RSSI: -79 [da:0a:9e:2a:03:7c]
RSSI: -80 [da:0a:9e:37:03:ac]
RSSI: -75 [da:0a:9e:47:03:dc]
RSSI: -79 [da:0a:9e:47:03:dc]
RSSI: -78 [da:0a:9e:56:04:0c]
RSSI: -74 [da:0a:9e:56:04:0c]
RSSI: -78 [da:0a:9e:63:04:2c]
RSSI: -76 [da:0a:9e:63:04:2c]
RSSI: -78 [da:0a:9e:73:04:5c]
RSSI: -77 [da:0a:9e:82:04:8c]
RSSI: -83 [da:0a:9e:82:04:8c]
RSSI: -80 [da:0a:9e:8f:04:bc]
RSSI: -78 [da:0a:9e:8f:04:bc]
RSSI: -83 [da:0a:9e:9e:04:ec]
RSSI: -83 [da:0a:9e:ae:05:1c]
RSSI: -82 [da:0a:9e:ae:05:1c]
RSSI: -81 [da:0a:9e:bb:05:3c]
RSSI: -81 [da:0a:9e:bb:05:3c]
RSSI: -87 [da:0a:9e:ca:05:6c]
RSSI: -79 [da:0a:9e:da:05:9c]
RSSI: -79 [da:0a:9e:e7:05:cc]
RSSI: -78 [da:0a:9e:e7:05:cc]
RSSI: -79 [da:0a:9e:f6:05:fc]
RSSI: -79 [da:0a:9f:06:06:2c]
RSSI: -77 [da:0a:9f:13:06:4c]
RSSI: -77 [da:0a:9f:13:06:4c]
RSSI: -79 [da:0a:9f:22:06:7c]
RSSI: -79 [da:0a:9f:22:06:7c]
RSSI: -79 [da:0a:9f:32:06:ac]
RSSI: -82 [da:0a:9f:3f:06:cc]
RSSI: -82 [da:0a:9f:3f:06:cc]
RSSI: -82 [da:0a:9f:4e:06:fc]
RSSI: -86 [da:0a:9f:4e:06:fc]
RSSI: -76 [da:0a:9f:5e:07:2c]
RSSI: -85 [da:0a:9f:5e:07:2c]
RSSI: -77 [da:0a:9f:6a:07:5c]
RSSI: -77 [da:0a:9f:6a:07:5c]
RSSI: -80 [da:0a:9f:7a:07:8c]
RSSI: -97 [da:4f:ef:c5:11:ab]
RSSI: -89 [da:0a:9f:8a:07:bc]
RSSI: -84 [da:0a:9f:96:07:dc]
RSSI: -83 [da:0a:9f:96:07:dc]
RSSI: -81 [da:0a:9f:a6:08:1c]
RSSI: -81 [da:0a:9f:a6:08:1c]
RSSI: -86 [da:0a:9f:b6:08:4c]
RSSI: -83 [da:0a:9f:b6:08:4c]
RSSI: -97 [da:4f:f0:07:12:7b]
RSSI: -83 [da:0a:9f:d2:08:9c]
RSSI: -85 [da:0a:9f:e2:08:cc]
RSSI: -81 [da:0a:9f:e2:08:cc]
RSSI: -82 [da:0a:9f:ee:08:fc]
RSSI: -85 [da:0a:9f:fe:09:2c]
RSSI: -83 [da:0a:a0:0e:09:5c]
RSSI: -86 [da:0a:a0:1b:09:7c]
RSSI: -92 [da:51:d4:83:04:4a]
RSSI: -83 [da:0a:a0:3a:09:dc]
RSSI: -93 [da:51:d4:93:04:7a]
RSSI: -80 [da:0a:a0:47:0a:0c]
RSSI: -86 [da:0a:a0:56:0a:3c]
RSSI: -88 [da:0a:a0:56:0a:3c]
RSSI: -76 [da:0a:a0:73:0a:8c]
RSSI: -75 [da:0a:a0:82:0a:bc]
RSSI: -75 [da:0a:a0:82:0a:bc]
RSSI: -79 [da:0a:a0:92:0a:ec]
RSSI: -86 [da:0a:a0:9f:0b:1c]
RSSI: -77 [da:0a:a0:9f:0b:1c]
RSSI: -89 [da:51:d4:fd:05:aa]
RSSI: -82 [da:0a:a0:af:0b:4c]
RSSI: -83 [da:0a:a0:af:0b:4c]
RSSI: -75 [da:0a:a0:be:0b:7c]
RSSI: -89 [da:51:d5:09:05:ca]
RSSI: -76 [da:0a:a0:be:0b:7c]
RSSI: -90 [da:51:d5:1a:05:fa]
RSSI: -75 [da:0a:a0:cb:0b:9c]
RSSI: -80 [da:0a:a0:db:0b:dc]
RSSI: -74 [da:0a:a0:db:0b:dc]
RSSI: -76 [da:0a:a0:f7:0c:2c]
RSSI: -77 [da:0a:a1:07:0c:5c]
RSSI: -86 [da:0a:a1:16:0c:8c]
RSSI: -77 [da:0a:a1:16:0c:8c]
RSSI: -87 [da:0a:a1:23:0c:bc]
RSSI: -95 [da:4f:f1:64:16:7b]
RSSI: -90 [da:51:d5:7c:07:1a]
RSSI: -74 [da:0a:a1:33:0c:ec]
RSSI: -89 [da:0a:a1:33:0c:ec]
RSSI: -79 [da:0a:a1:43:0d:1c]
RSSI: -79 [da:0a:a1:43:0d:1c]
RSSI: -78 [da:0a:a1:4f:0d:3c]
RSSI: -89 [da:51:d5:a9:07:9a]
RSSI: -78 [da:0a:a1:5f:0d:6c]
RSSI: -77 [da:0a:a1:7b:0d:cc]
RSSI: -76 [da:0a:a1:7b:0d:cc]
RSSI: -89 [da:4f:f1:c3:01:1b]
RSSI: -75 [da:0a:a1:8b:0d:fc]
RSSI: -89 [da:4f:f1:d1:01:4b]
RSSI: -92 [da:4f:f1:d1:01:4b]
RSSI: -77 [da:0a:a1:9b:0e:2c]
RSSI: -74 [da:0a:a1:9b:0e:2c]
RSSI: -73 [da:0a:a1:a8:0e:4c]
RSSI: -89 [da:4f:f1:eb:01:9b]
RSSI: -76 [da:0a:a1:a8:0e:4c]
RSSI: -72 [da:0a:a1:b7:0e:7c]
RSSI: -88 [da:4f:f1:f9:01:bb]
RSSI: -73 [da:0a:a1:c7:0e:bc]
RSSI: -85 [da:4f:f2:06:01:eb]
RSSI: -84 [da:4f:f2:06:01:eb]
RSSI: -75 [da:0a:a1:d4:0e:dc]
RSSI: -86 [da:4f:f2:22:02:3b]
RSSI: -75 [da:0a:a1:e4:0f:0c]
RSSI: -75 [da:0a:a1:f3:0f:3c]
RSSI: -84 [da:4f:f2:2e:02:5b]
RSSI: -73 [da:0a:a2:00:0f:6c]
RSSI: -84 [da:4f:f2:3c:02:8b]
RSSI: -75 [da:0a:a2:00:0f:6c]
RSSI: -84 [da:4f:f2:4a:02:bb]
RSSI: -73 [da:0a:a2:10:0f:9c]
RSSI: -72 [da:0a:a2:10:0f:9c]
RSSI: -84 [da:4f:f2:4a:02:bb]
RSSI: -72 [da:0a:a2:10:0f:9c]
RSSI: -82 [da:4f:f2:57:02:db]
RSSI: -73 [da:0a:a2:20:0f:cc]
RSSI: -84 [da:4f:f2:65:03:0b]
RSSI: -73 [da:0a:a2:2c:0f:ec]
RSSI: -85 [da:4f:f2:72:03:2b]
RSSI: -74 [da:0a:a2:2c:0f:ec]
RSSI: -85 [da:4f:f2:72:03:2b]
RSSI: -84 [da:4f:f2:72:03:2b]
RSSI: -74 [da:0a:a2:3c:10:1c]
RSSI: -74 [da:0a:a2:3c:10:1c]
RSSI: -76 [da:0a:a2:4c:10:4c]
RSSI: -87 [da:4f:f2:9b:03:ab]
RSSI: -76 [da:0a:a2:59:10:7c]
RSSI: -86 [da:4f:f2:9b:03:ab]
RSSI: -75 [da:0a:a2:68:10:ac]
RSSI: -76 [da:0a:a2:78:10:dc]
RSSI: -82 [da:4f:f2:b6:03:fb]
RSSI: -77 [da:0a:a2:78:10:dc]
RSSI: -84 [da:4f:f2:b6:03:fb]
RSSI: -76 [da:0a:a2:85:10:fc]
RSSI: -78 [da:0a:a2:95:11:2c]
RSSI: -80 [da:0a:a2:95:11:2c]
RSSI: -81 [da:0a:a2:a4:11:5c]
RSSI: -83 [da:0a:a2:a4:11:5c]
RSSI: -86 [da:0a:a2:d1:11:ec]
RSSI: -87 [da:0a:a2:d1:11:ec]
RSSI: -85 [da:0a:a2:ed:12:3c]
RSSI: -84 [da:0a:a2:ed:12:3c]
RSSI: -80 [da:0a:a2:fd:12:6c]
RSSI: -81 [da:0a:a3:0a:12:8c]
RSSI: -81 [da:0a:a3:0a:12:8c]
RSSI: -80 [da:0a:a3:1a:12:bc]
RSSI: -91 [da:4f:f3:58:05:eb]
RSSI: -81 [da:0a:a3:1a:12:bc]
RSSI: -80 [da:0a:a3:29:12:ec]
RSSI: -78 [da:0a:a3:29:12:ec]
RSSI: -79 [da:0a:a3:36:13:1c]
RSSI: -76 [da:0a:a3:46:13:4c]
RSSI: -91 [da:4f:f3:80:06:5b]
RSSI: -76 [da:0a:a3:46:13:4c]
RSSI: -79 [da:0a:a3:46:13:4c]
RSSI: -77 [da:0a:a3:56:13:7c]
RSSI: -76 [da:0a:a3:56:13:7c]
RSSI: -91 [da:4f:f3:9b:06:ab]
RSSI: -77 [da:0a:a3:62:13:9c]
RSSI: -83 [da:0a:a3:72:13:cc]
RSSI: -77 [da:0a:a3:72:13:cc]
RSSI: -77 [da:0a:a3:82:13:fc]
RSSI: -76 [da:0a:a3:8f:14:1c]
RSSI: -75 [da:0a:a3:8f:14:1c]
RSSI: -75 [da:0a:a3:9f:14:4c]
RSSI: -75 [da:0a:a3:9f:14:4c]
RSSI: -78 [da:0a:a3:af:14:7c]
RSSI: -78 [da:0a:a3:af:14:7c]
RSSI: -77 [da:0a:a3:bb:14:ac]
RSSI: -75 [da:0a:a3:bb:14:ac]
RSSI: -80 [da:0a:a3:cb:14:dc]
RSSI: -80 [da:0a:a3:db:15:0c]
RSSI: -78 [da:0a:a3:e8:15:2c]
RSSI: -78 [da:0a:a3:e8:15:2c]
RSSI: -76 [da:0a:a4:07:15:8c]
RSSI: -71 [da:0a:a4:14:15:ac]
RSSI: -71 [da:0a:a4:14:15:ac]
RSSI: -69 [da:0a:a4:24:15:dc]
RSSI: -69 [da:0a:a4:24:15:dc]
RSSI: -69 [da:0a:a4:34:16:0c]
RSSI: -67 [da:0a:a4:40:16:2c]
RSSI: -65 [da:0a:a4:50:16:5c]
RSSI: -66 [da:0a:a4:60:00:0c]
RSSI: -64 [da:0a:a4:6d:00:2c]
RSSI: -65 [da:0a:a4:6d:00:2c]
RSSI: -63 [da:0a:a4:7d:00:3c]
RSSI: -65 [da:0a:a4:8d:00:6c]
RSSI: -63 [da:0a:a4:8d:00:6c]
RSSI: -63 [da:0a:a4:8d:00:6c]
RSSI: -65 [da:0a:a4:99:00:8c]
RSSI: -63 [da:0a:a4:99:00:8c]
RSSI: -66 [da:0a:a4:a9:00:bc]
RSSI: -64 [da:0a:a4:b9:00:ec]
RSSI: -65 [da:0a:a4:c6:01:0c]
RSSI: -65 [da:0a:a4:c6:01:0c]
RSSI: -66 [da:0a:a4:c6:01:0c]
RSSI: -69 [da:0a:a4:d6:01:3c]
RSSI: -67 [da:0a:a4:d6:01:3c]
RSSI: -71 [da:0a:a4:e6:01:6c]
RSSI: -72 [da:0a:a4:f2:01:9c]
RSSI: -76 [da:0a:a4:f2:01:9c]
RSSI: -94 [da:4f:f5:31:0b:7b]
RSSI: -80 [da:0a:a5:02:01:cc]
RSSI: -82 [da:0a:a5:02:01:cc]
RSSI: -90 [da:0a:a5:12:01:fc]
RSSI: -83 [da:0a:a5:1f:02:1c]
RSSI: -77 [da:0a:a5:1f:02:1c]
RSSI: -77 [da:0a:a5:2f:02:4c]
RSSI: -74 [da:0a:a5:3f:02:7c]
RSSI: -72 [da:0a:a5:3f:02:7c]
RSSI: -74 [da:0a:a5:4b:02:ac]
RSSI: -77 [da:0a:a5:5b:02:dc]
RSSI: -79 [da:0a:a5:6b:03:0c]
RSSI: -76 [da:0a:a5:78:03:2c]
RSSI: -76 [da:0a:a5:78:03:2c]
RSSI: -81 [da:0a:a5:88:03:5c]
RSSI: -76 [da:0a:a5:88:03:5c]
RSSI: -83 [da:0a:a5:98:03:8c]
RSSI: -80 [da:0a:a5:98:03:8c]
RSSI: -81 [da:0a:a5:a4:03:bc]
RSSI: -78 [da:0a:a5:a4:03:bc]
RSSI: -74 [da:0a:a5:b4:03:ec]
RSSI: -81 [da:0a:a5:b4:03:ec]
RSSI: -82 [da:0a:a5:b4:03:ec]
RSSI: -77 [da:0a:a5:c4:04:1c]
RSSI: -76 [da:0a:a5:c4:04:1c]
RSSI: -79 [da:0a:a5:d1:04:3c]
RSSI: -84 [da:0a:a5:e1:04:6c]
RSSI: -82 [da:0a:a5:e1:04:6c]
RSSI: -79 [da:0a:a5:f1:04:9c]
RSSI: -83 [da:0a:a5:f1:04:9c]
RSSI: -80 [da:0a:a5:fe:04:cc]
RSSI: -82 [da:0a:a6:0e:04:fc]
RSSI: -85 [da:0a:a6:0e:04:fc]
RSSI: -78 [da:0a:a6:1e:05:2c]
RSSI: -79 [da:0a:a6:1e:05:2c]
RSSI: -77 [da:0a:a6:2a:05:4c]
RSSI: -77 [da:0a:a6:2a:05:4c]
RSSI: -77 [da:0a:a6:3a:05:7c]
RSSI: -76 [da:0a:a6:4a:05:ac]
RSSI: -82 [da:0a:a6:4a:05:ac]
RSSI: -76 [da:0a:a6:57:05:dc]
RSSI: -78 [da:0a:a6:67:06:0c]
RSSI: -77 [da:0a:a6:67:06:0c]
RSSI: -77 [da:0a:a6:67:06:0c]
RSSI: -84 [da:0a:a6:77:06:3c]
RSSI: -94 [da:51:da:d3:00:2a]
RSSI: -85 [da:0a:a6:83:06:5c]
RSSI: -80 [da:0a:a6:94:06:9c]
RSSI: -84 [da:0a:a6:94:06:9c]
RSSI: -79 [da:0a:a6:a3:06:cc]
RSSI: -84 [da:0a:a6:a3:06:cc]
RSSI: -77 [da:0a:a6:b0:06:ec]
RSSI: -78 [da:0a:a6:c0:07:1c]
RSSI: -88 [da:0a:a6:d0:07:4c]
RSSI: -80 [da:0a:a6:ed:07:ac]
RSSI: -85 [da:0a:a6:ed:07:ac]
RSSI: -81 [da:0a:a6:fd:07:dc]
RSSI: -79 [da:0a:a6:fd:07:dc]
RSSI: -82 [da:0a:a7:09:07:fc]
RSSI: -81 [da:0a:a7:1a:08:3c]
RSSI: -85 [da:0a:a7:1a:08:3c]
RSSI: -83 [da:0a:a7:2a:08:6c]
RSSI: -83 [da:0a:a7:2a:08:6c]
RSSI: -84 [da:0a:a7:36:08:8c]
RSSI: -94 [da:4f:f7:83:12:6b]
RSSI: -86 [da:0a:a7:46:08:bc]
RSSI: -92 [da:51:db:94:02:4a]
RSSI: -81 [da:0a:a7:46:08:bc]
RSSI: -81 [da:0a:a7:56:08:ec]
RSSI: -85 [da:0a:a7:56:08:ec]
RSSI: -82 [da:0a:a7:63:09:1c]
RSSI: -82 [da:0a:a7:63:09:1c]
RSSI: -83 [da:0a:a7:73:09:4c]
RSSI: -86 [da:0a:a7:73:09:4c]
RSSI: -83 [da:0a:a7:83:09:7c]
RSSI: -90 [da:0a:a7:83:09:7c]
RSSI: -84 [da:0a:a7:90:09:9c]
RSSI: -81 [da:0a:a7:a0:09:dc]
RSSI: -84 [da:0a:a7:b0:0a:0c]
RSSI: -87 [da:0a:a7:bc:0a:2c]
RSSI: -76 [da:0a:a7:cd:0a:5c]
RSSI: -75 [da:0a:a7:dd:0a:8c]
RSSI: -79 [da:0a:a7:e9:0a:bc]
RSSI: -90 [da:51:dc:3c:04:1a]
RSSI: -85 [da:0a:a7:f9:0a:ec]
RSSI: -77 [da:0a:a7:f9:0a:ec]
RSSI: -75 [da:0a:a8:09:0b:1c]
RSSI: -82 [da:0a:a8:09:0b:1c]
RSSI: -89 [da:51:dc:63:04:8a]
RSSI: -90 [da:51:dc:63:04:8a]
RSSI: -76 [da:0a:a8:16:0b:3c]
RSSI: -74 [da:0a:a8:26:0b:7c]
RSSI: -77 [da:0a:a8:26:0b:7c]
RSSI: -79 [da:0a:a8:36:0b:ac]
RSSI: -89 [da:51:dc:8a:04:fa]
RSSI: -73 [da:0a:a8:36:0b:ac]
RSSI: -80 [da:0a:a8:43:0b:cc]
RSSI: -77 [da:0a:a8:53:0b:fc]
RSSI: -81 [da:0a:a8:53:0b:fc]
RSSI: -74 [da:0a:a8:63:0c:2c]
RSSI: -86 [da:51:dc:b1:05:6a]
RSSI: -78 [da:0a:a8:63:0c:2c]
RSSI: -85 [da:51:dc:be:05:9a]
RSSI: -83 [da:0a:a8:70:0c:5c]
RSSI: -76 [da:0a:a8:70:0c:5c]
RSSI: -76 [da:0a:a8:70:0c:5c]
RSSI: -85 [da:51:dc:ca:05:ba]
RSSI: -84 [da:51:dc:d7:05:da]
RSSI: -78 [da:0a:a8:80:0c:8c]
RSSI: -74 [da:0a:a8:90:0c:bc]
RSSI: -84 [da:51:dc:e4:05:fa]
RSSI: -85 [da:51:dc:e4:05:fa]
RSSI: -83 [da:51:dc:e4:05:fa]
RSSI: -74 [da:0a:a8:9c:0c:ec]
RSSI: -83 [da:51:dc:f1:06:2a]
RSSI: -79 [da:0a:a8:ad:0d:1c]
RSSI: -83 [da:51:dc:fe:06:4a]
RSSI: -74 [da:0a:a8:ad:0d:1c]
RSSI: -84 [da:51:dd:0b:06:7a]
RSSI: -79 [da:0a:a8:bd:0d:4c]
RSSI: -82 [da:51:dd:18:06:9a]
RSSI: -82 [da:51:dd:18:06:9a]
RSSI: -82 [da:51:dd:25:06:ba]
RSSI: -77 [da:0a:a8:d9:0d:9c]
RSSI: -82 [da:0a:a8:d9:0d:9c]
RSSI: -77 [da:0a:a8:ea:0d:dc]
RSSI: -76 [da:0a:a8:ea:0d:dc]
RSSI: -85 [da:51:dd:3f:07:0a]
RSSI: -84 [da:51:dd:4c:07:2a]
RSSI: -84 [da:51:dd:4c:07:2a]
RSSI: -76 [da:0a:a9:06:0e:2c]
RSSI: -85 [da:51:dd:59:07:5a]
RSSI: -76 [da:0a:a9:06:0e:2c]
RSSI: -83 [da:51:dd:65:07:7a]
RSSI: -72 [da:0a:a9:16:0e:5c]
RSSI: -86 [da:51:dd:65:07:7a]
RSSI: -75 [da:0a:a9:16:0e:5c]
RSSI: -86 [da:51:dd:73:07:9a]
RSSI: -72 [da:0a:a9:23:0e:8c]
RSSI: -89 [da:4f:f9:70:01:6b]
RSSI: -74 [da:0a:a9:33:0e:bc]
RSSI: -88 [da:4f:f9:70:01:6b]
RSSI: -73 [da:0a:a9:33:0e:bc]
RSSI: -87 [da:51:dd:8c:07:ea]
RSSI: -86 [da:4f:f9:7f:01:9b]
RSSI: -74 [da:0a:a9:43:0e:ec]
RSSI: -86 [da:51:dd:9a:08:0a]
RSSI: -75 [da:0a:a9:43:0e:ec]
RSSI: -88 [da:4f:f9:8b:01:bb]
RSSI: -85 [da:4f:f9:9a:01:eb]
RSSI: -88 [da:51:dd:b3:08:5a]
RSSI: -74 [da:0a:a9:69:0f:5c]
RSSI: -73 [da:0a:a9:69:0f:5c]
RSSI: -87 [da:4f:f9:b4:02:3b]
RSSI: -73 [da:0a:a9:79:0f:8c]
RSSI: -84 [da:4f:f9:b4:02:3b]
RSSI: -74 [da:0a:a9:85:0f:bc]
RSSI: -73 [da:0a:a9:85:0f:bc]
RSSI: -74 [da:0a:a9:95:0f:ec]
RSSI: -87 [da:4f:f9:de:02:bb]
RSSI: -75 [da:0a:a9:a2:10:0c]
RSSI: -84 [da:4f:f9:de:02:bb]
RSSI: -75 [da:0a:a9:a2:10:0c]
RSSI: -84 [da:4f:f9:de:02:bb]
RSSI: -87 [da:4f:f9:ec:02:db]
RSSI: -76 [da:0a:a9:b2:10:4c]
RSSI: -77 [da:0a:a9:bf:10:6c]
RSSI: -78 [da:0a:a9:bf:10:6c]
RSSI: -78 [da:0a:a9:bf:10:6c]
RSSI: -76 [da:0a:a9:cc:10:8c]
RSSI: -76 [da:0a:a9:d8:10:bc]
RSSI: -88 [da:4f:fa:15:03:5b]
RSSI: -86 [da:4f:fa:15:03:5b]
RSSI: -77 [da:0a:a9:e5:10:dc]
RSSI: -77 [da:0a:a9:e5:10:dc]
RSSI: -77 [da:0a:a9:f2:11:0c]
RSSI: -88 [da:4f:fa:30:03:ab]
RSSI: -89 [da:4f:fa:30:03:ab]
RSSI: -82 [da:0a:a9:ff:11:2c]
RSSI: -90 [da:4f:fa:4d:04:0b]
RSSI: -86 [da:0a:aa:18:11:7c]
RSSI: -90 [da:4f:fa:5a:04:2b]
RSSI: -88 [da:0a:aa:25:11:9c]
RSSI: -87 [da:0a:aa:31:11:bc]
RSSI: -88 [da:0a:aa:3e:11:ec]
RSSI: -94 [da:51:de:90:0a:da]
RSSI: -87 [da:0a:aa:4b:12:0c]
RSSI: -84 [da:0a:aa:4b:12:0c]
RSSI: -84 [da:0a:aa:57:12:3c]
RSSI: -81 [da:0a:aa:57:12:3c]
RSSI: -80 [da:0a:aa:64:12:5c]
RSSI: -81 [da:0a:aa:64:12:5c]
RSSI: -80 [da:0a:aa:71:12:7c]
RSSI: -80 [da:0a:aa:71:12:7c]
RSSI: -80 [da:0a:aa:7d:12:ac]
RSSI: -80 [da:0a:aa:7d:12:ac]
RSSI: -79 [da:0a:aa:8a:12:cc]
RSSI: -78 [da:0a:aa:8a:12:cc]
RSSI: -91 [da:4f:fa:c9:05:7b]
RSSI: -78 [da:0a:aa:8a:12:cc]
RSSI: -79 [da:0a:aa:97:12:ec]
RSSI: -77 [da:0a:aa:97:12:ec]
RSSI: -75 [da:0a:aa:a4:13:1c]
RSSI: -79 [da:0a:aa:a4:13:1c]
RSSI: -76 [da:0a:aa:b0:13:3c]
RSSI: -77 [da:0a:aa:b0:13:3c]
RSSI: -76 [da:0a:aa:b0:13:3c]
RSSI: -80 [da:0a:aa:bd:13:6c]
RSSI: -77 [da:0a:aa:bd:13:6c]
RSSI: -77 [da:0a:aa:ca:13:8c]
RSSI: -83 [da:0a:aa:ca:13:8c]
RSSI: -77 [da:0a:aa:d6:13:ac]
RSSI: -77 [da:0a:aa:d6:13:ac]
RSSI: -83 [da:0a:aa:e3:13:dc]
RSSI: -75 [da:0a:aa:e3:13:dc]
RSSI: -75 [da:0a:aa:f0:13:fc]
RSSI: -79 [da:0a:aa:f0:13:fc]
RSSI: -75 [da:0a:aa:fc:14:2c]
RSSI: -76 [da:0a:ab:09:14:4c]
RSSI: -75 [da:0a:ab:09:14:4c]
RSSI: -76 [da:0a:ab:16:14:6c]
RSSI: -76 [da:0a:ab:16:14:6c]
RSSI: -73 [da:0a:ab:16:14:6c]
RSSI: -77 [da:0a:ab:23:14:9c]
RSSI: -78 [da:0a:ab:23:14:9c]
RSSI: -74 [da:0a:ab:2f:14:bc]
RSSI: -81 [da:0a:ab:2f:14:bc]
RSSI: -82 [da:0a:ab:3c:14:ec]
RSSI: -80 [da:0a:ab:49:15:0c]
RSSI: -85 [da:0a:ab:49:15:0c]
RSSI: -83 [da:0a:ab:56:15:2c]
RSSI: -75 [da:0a:ab:56:15:2c]
RSSI: -74 [da:0a:ab:62:15:5c]
RSSI: -70 [da:0a:ab:6f:15:7c]
RSSI: -70 [da:0a:ab:6f:15:7c]
RSSI: -73 [da:0a:ab:7c:15:ac]
RSSI: -91 [da:51:df:c9:0e:5a]
RSSI: -68 [da:0a:ab:7c:15:ac]
RSSI: -66 [da:0a:ab:89:15:cc]
RSSI: -65 [da:0a:ab:95:15:fc]
RSSI: -64 [da:0a:ab:95:15:fc]
RSSI: -66 [da:0a:ab:a2:16:1c]
RSSI: -64 [da:0a:ab:a2:16:1c]
RSSI: -62 [da:0a:ab:af:16:3c]
RSSI: -63 [da:0a:ab:bb:16:6c]
RSSI: -61 [da:0a:ab:bb:16:6c]
RSSI: -63 [da:0a:ab:c8:00:2c]
RSSI: -63 [da:0a:ab:c8:00:2c]
RSSI: -61 [da:0a:ab:d5:00:4c]
RSSI: -63 [da:0a:ab:e2:00:7c]
RSSI: -61 [da:0a:ab:e2:00:7c]
RSSI: -62 [da:0a:ab:ef:00:9c]
RSSI: -62 [da:0a:ab:ef:00:9c]
RSSI: -63 [da:0a:ab:ef:00:9c]
RSSI: -61 [da:0a:ab:fb:00:bc]
RSSI: -63 [da:0a:ac:08:00:ec]
RSSI: -62 [da:0a:ac:08:00:ec]
RSSI: -63 [da:0a:ac:15:01:0c]
RSSI: -63 [da:0a:ac:15:01:0c]
RSSI: -63 [da:0a:ac:22:01:3c]
RSSI: -66 [da:0a:ac:2e:01:5c]
RSSI: -65 [da:0a:ac:2e:01:5c]
RSSI: -67 [da:0a:ac:3b:01:8c]
RSSI: -67 [da:0a:ac:3b:01:8c]
RSSI: -70 [da:0a:ac:48:01:ac]
RSSI: -80 [da:0a:ac:61:01:fc]
RSSI: -85 [da:0a:ac:7b:02:4c]
RSSI: -77 [da:0a:ac:7b:02:4c]
RSSI: -73 [da:0a:ac:88:02:6c]
RSSI: -73 [da:0a:ac:94:02:9c]
RSSI: -90 [da:4f:fc:d5:0b:ab]
RSSI: -74 [da:0a:ac:a1:02:bc]
RSSI: -72 [da:0a:ac:a1:02:bc]
RSSI: -70 [da:0a:ac:ae:02:dc]
RSSI: -73 [da:0a:ac:bb:03:0c]
RSSI: -75 [da:0a:ac:c7:03:2c]
RSSI: -75 [da:0a:ac:c7:03:2c]
RSSI: -74 [da:0a:ac:d4:03:5c]
RSSI: -78 [da:0a:ac:e1:03:7c]
RSSI: -81 [da:0a:ac:ee:03:ac]
RSSI: -79 [da:0a:ac:ee:03:ac]
RSSI: -77 [da:0a:ad:08:03:ec]
RSSI: -78 [da:0a:ad:14:04:1c]
RSSI: -76 [da:0a:ad:14:04:1c]
RSSI: -74 [da:0a:ad:21:04:3c]
RSSI: -76 [da:0a:ad:2e:04:6c]
RSSI: -82 [da:0a:ad:3b:04:8c]
RSSI: -79 [da:0a:ad:3b:04:8c]
RSSI: -77 [da:0a:ad:47:04:ac]
RSSI: -84 [da:0a:ad:54:04:dc]
RSSI: -80 [da:0a:ad:61:04:fc]
RSSI: -81 [da:0a:ad:61:04:fc]
RSSI: -83 [da:0a:ad:6e:05:2c]
RSSI: -76 [da:0a:ad:7b:05:4c]
RSSI: -77 [da:0a:ad:87:05:7c]
RSSI: -75 [da:0a:ad:87:05:7c]
RSSI: -82 [da:0a:ad:94:05:9c]
RSSI: -74 [da:0a:ad:a1:05:cc]
RSSI: -76 [da:0a:ad:ae:05:ec]
RSSI: -74 [da:0a:ad:ae:05:ec]
RSSI: -79 [da:0a:ad:bb:06:0c]
RSSI: -75 [da:0a:ad:c8:06:3c]
RSSI: -79 [da:0a:ad:d4:06:5c]
RSSI: -77 [da:0a:ad:d4:06:5c]
RSSI: -82 [da:0a:ad:e1:06:8c]
RSSI: -79 [da:0a:ad:ee:06:ac]
RSSI: -79 [da:0a:ad:fb:06:dc]
RSSI: -85 [da:0a:ae:08:06:fc]
RSSI: -89 [da:0a:ae:15:07:2c]
RSSI: -78 [da:0a:ae:21:07:4c]
RSSI: -83 [da:0a:ae:2e:07:7c]
RSSI: -83 [da:0a:ae:2e:07:7c]
RSSI: -90 [da:51:e2:94:16:4a]
RSSI: -79 [da:0a:ae:48:07:cc]
RSSI: -84 [da:0a:ae:48:07:cc]
RSSI: -79 [da:0a:ae:55:07:ec]
RSSI: -91 [da:51:e2:a0:00:2a]
RSSI: -78 [da:0a:ae:55:07:ec]
RSSI: -81 [da:0a:ae:62:08:1c]
RSSI: -90 [da:51:e2:bb:00:7a]
RSSI: -81 [da:0a:ae:6e:08:3c]
RSSI: -81 [da:0a:ae:6e:08:3c]
RSSI: -85 [da:0a:ae:7b:08:6c]
RSSI: -91 [da:51:e2:c8:00:9a]
RSSI: -85 [da:0a:ae:7b:08:6c]
RSSI: -84 [da:0a:ae:7b:08:6c]
RSSI: -84 [da:0a:ae:88:08:8c]
RSSI: -82 [da:0a:ae:95:08:bc]
RSSI: -87 [da:0a:ae:a2:08:dc]
RSSI: -83 [da:0a:ae:a2:08:dc]
RSSI: -82 [da:0a:ae:af:09:0c]
RSSI: -82 [da:0a:ae:bb:09:2c]
RSSI: -90 [da:51:e3:0a:01:5a]
RSSI: -83 [da:0a:ae:bb:09:2c]
RSSI: -85 [da:0a:ae:c8:09:5c]
RSSI: -88 [da:0a:ae:e2:09:ac]
RSSI: -85 [da:0a:ae:ef:09:cc]
RSSI: -79 [da:0a:af:16:0a:4c]
RSSI: -84 [da:0a:af:22:0a:6c]
RSSI: -81 [da:0a:af:2f:0a:9c]
RSSI: -78 [da:0a:af:49:0a:ec]
RSSI: -78 [da:0a:af:49:0a:ec]
RSSI: -76 [da:0a:af:56:0b:0c]
RSSI: -76 [da:0a:af:63:0b:3c]
RSSI: -81 [da:0a:af:63:0b:3c]
RSSI: -74 [da:0a:af:70:0b:5c]
RSSI: -77 [da:0a:af:70:0b:5c]
RSSI: -80 [da:0a:af:7c:0b:8c]
RSSI: -74 [da:0a:af:7c:0b:8c]
RSSI: -77 [da:0a:af:89:0b:ac]
RSSI: -80 [da:0a:af:89:0b:ac]
RSSI: -74 [da:0a:af:96:0b:dc]
RSSI: -77 [da:0a:af:96:0b:dc]
RSSI: -81 [da:0a:af:a3:0b:fc]
RSSI: -80 [da:0a:af:a3:0b:fc]
RSSI: -74 [da:0a:af:a3:0b:fc]
RSSI: -77 [da:0a:af:b0:0c:2c]
RSSI: -82 [da:0a:af:b0:0c:2c]
RSSI: -75 [da:0a:af:bd:0c:4c]
RSSI: -77 [da:0a:af:bd:0c:4c]
RSSI: -84 [da:0a:af:ca:0c:7c]
RSSI: -85 [da:0a:af:ca:0c:7c]
RSSI: -76 [da:0a:af:ca:0c:7c]
RSSI: -78 [da:0a:af:ca:0c:7c]
RSSI: -76 [da:0a:af:d7:0c:9c]
RSSI: -79 [da:0a:af:e4:0c:cc]
RSSI: -75 [da:0a:af:e4:0c:cc]
RSSI: -95 [da:50:00:32:15:bb]
RSSI: -75 [da:0a:af:fd:0d:1c]
RSSI: -79 [da:0a:b0:0a:0d:3c]
RSSI: -75 [da:0a:b0:0a:0d:3c]
RSSI: -79 [da:0a:b0:17:0d:6c]
RSSI: -91 [da:51:e4:6e:05:4a]
RSSI: -76 [da:0a:b0:24:0d:8c]
RSSI: -87 [da:0a:b0:24:0d:8c]
RSSI: -78 [da:0a:b0:31:0d:bc]
RSSI: -76 [da:0a:b0:31:0d:bc]
RSSI: -76 [da:0a:b0:3e:0d:dc]
RSSI: -78 [da:0a:b0:4b:0e:0c]
RSSI: -78 [da:0a:b0:4b:0e:0c]
RSSI: -74 [da:0a:b0:58:0e:2c]
RSSI: -75 [da:0a:b0:64:0e:5c]
RSSI: -73 [da:0a:b0:64:0e:5c]
RSSI: -75 [da:0a:b0:72:0e:7c]
RSSI: -87 [da:51:e4:ca:06:4a]
RSSI: -72 [da:0a:b0:7f:0e:ac]
RSSI: -72 [da:0a:b0:7f:0e:ac]
RSSI: -86 [da:51:e4:d8:06:6a]
RSSI: -74 [da:0a:b0:98:0e:fc]
RSSI: -73 [da:0a:b0:a5:0f:2c]
RSSI: -74 [da:0a:b0:a5:0f:2c]
RSSI: -87 [da:51:e4:ff:06:ea]
RSSI: -89 [da:51:e5:0d:07:0a]
RSSI: -85 [da:50:00:f7:01:ab]
RSSI: -74 [da:0a:b0:bf:0f:7c]
RSSI: -86 [da:50:01:03:01:cb]
RSSI: -73 [da:0a:b0:cc:0f:9c]
RSSI: -89 [da:51:e5:19:07:2a]
RSSI: -73 [da:0a:b0:cc:0f:9c]
RSSI: -87 [da:51:e5:27:07:5a]
RSSI: -73 [da:0a:b0:d9:0f:cc]
RSSI: -86 [da:51:e5:27:07:5a]
RSSI: -87 [da:50:01:12:01:fb]
RSSI: -72 [da:0a:b0:d9:0f:cc]
RSSI: -90 [da:51:e5:34:07:7a]
RSSI: -73 [da:0a:b0:e6:0f:ec]
RSSI: -86 [da:51:e5:41:07:9a]
RSSI: -72 [da:0a:b0:f3:10:1c]
RSSI: -82 [da:50:01:2d:02:4b]
RSSI: -91 [da:51:e5:41:07:9a]
RSSI: -74 [da:0a:b1:00:10:3c]
RSSI: -85 [da:50:01:3c:02:7b]
RSSI: -74 [da:0a:b1:00:10:3c]
RSSI: -91 [da:51:e5:5c:07:ea]
RSSI: -87 [da:50:01:4b:02:9b]
RSSI: -76 [da:0a:b1:0d:10:5c]
RSSI: -85 [da:50:01:4b:02:9b]
RSSI: -88 [da:50:01:57:02:cb]
RSSI: -82 [da:50:01:66:02:eb]
RSSI: -81 [da:50:01:66:02:eb]
RSSI: -75 [da:0a:b1:33:10:dc]
RSSI: -76 [da:0a:b1:41:10:fc]
RSSI: -88 [da:50:01:81:03:4b]
RSSI: -88 [da:50:01:81:03:4b]
RSSI: -87 [da:50:01:81:03:4b]
RSSI: -77 [da:0a:b1:4d:11:2c]
RSSI: -82 [da:50:01:90:03:6b]
RSSI: -82 [da:0a:b1:5a:11:4c]
RSSI: -88 [da:50:01:90:03:6b]
RSSI: -88 [da:50:01:ab:03:cb]
RSSI: -83 [da:0a:b1:81:11:bc]
RSSI: -86 [da:50:01:c9:04:1b]
RSSI: -82 [da:0a:b1:9b:12:0c]
RSSI: -84 [da:0a:b1:a8:12:3c]
RSSI: -91 [da:50:01:e4:04:6b]
RSSI: -84 [da:0a:b1:a8:12:3c]
RSSI: -78 [da:0a:b1:b5:12:5c]
RSSI: -78 [da:0a:b1:b5:12:5c]
RSSI: -80 [da:0a:b1:b5:12:5c]
RSSI: -83 [da:0a:b1:c2:12:8c]
RSSI: -79 [da:0a:b1:cf:12:ac]
RSSI: -81 [da:0a:b1:cf:12:ac]
RSSI: -79 [da:0a:b1:dc:12:dc]
RSSI: -77 [da:0a:b1:dc:12:dc]
RSSI: -79 [da:0a:b1:e9:12:fc]
RSSI: -78 [da:0a:b1:e9:12:fc]
RSSI: -78 [da:0a:b1:e9:12:fc]
RSSI: -76 [da:0a:b1:f6:13:1c]
RSSI: -75 [da:0a:b1:f6:13:1c]
RSSI: -77 [da:0a:b2:03:13:4c]
RSSI: -76 [da:0a:b2:03:13:4c]
RSSI: -75 [da:0a:b2:0f:13:6c]
RSSI: -79 [da:0a:b2:0f:13:6c]
RSSI: -76 [da:0a:b2:1d:13:9c]
RSSI: -76 [da:0a:b2:1d:13:9c]
RSSI: -76 [da:0a:b2:1d:13:9c]
RSSI: -82 [da:0a:b2:2a:13:bc]
RSSI: -76 [da:0a:b2:2a:13:bc]
RSSI: -83 [da:0a:b2:36:13:ec]
RSSI: -74 [da:0a:b2:44:14:0c]
RSSI: -75 [da:0a:b2:44:14:0c]
RSSI: -83 [da:0a:b2:51:14:3c]
RSSI: -73 [da:0a:b2:51:14:3c]
RSSI: -75 [da:0a:b2:5d:14:5c]
RSSI: -79 [da:0a:b2:5d:14:5c]
RSSI: -73 [da:0a:b2:6b:14:8c]
RSSI: -76 [da:0a:b2:6b:14:8c]
RSSI: -77 [da:0a:b2:78:14:ac]
RSSI: -80 [da:0a:b2:84:14:dc]
RSSI: -76 [da:0a:b2:84:14:dc]
RSSI: -78 [da:0a:b2:92:14:fc]
RSSI: -79 [da:0a:b2:9f:15:1c]
RSSI: -87 [da:0a:b2:ab:15:4c]
RSSI: -89 [da:0a:b2:ab:15:4c]
RSSI: -75 [da:0a:b2:b8:15:6c]
RSSI: -76 [da:0a:b2:b8:15:6c]
RSSI: -93 [da:50:02:fc:07:bb]
RSSI: -93 [da:51:e7:1f:0d:0a]
RSSI: -74 [da:0a:b2:d2:15:bc]
RSSI: -69 [da:0a:b2:df:15:ec]
RSSI: -69 [da:0a:b2:df:15:ec]
RSSI: -67 [da:0a:b2:ed:16:0c]
RSSI: -67 [da:0a:b2:f9:16:2c]
RSSI: -65 [da:0a:b3:07:16:5c]
RSSI: -65 [da:0a:b3:14:16:7c]
RSSI: -64 [da:0a:b3:20:00:0c]
RSSI: -63 [da:0a:b3:2e:00:2c]
RSSI: -64 [da:0a:b3:3b:00:4c]
RSSI: -64 [da:0a:b3:3b:00:4c]
RSSI: -63 [da:0a:b3:3b:00:4c]
RSSI: -64 [da:0a:b3:47:00:7c]
RSSI: -63 [da:0a:b3:55:00:9c]
RSSI: -93 [da:50:03:89:09:6b]
RSSI: -65 [da:0a:b3:62:00:cc]
RSSI: -64 [da:0a:b3:62:00:cc]
RSSI: -64 [da:0a:b3:6e:00:ec]
RSSI: -66 [da:0a:b3:6e:00:ec]
RSSI: -65 [da:0a:b3:7c:01:1c]
RSSI: -66 [da:0a:b3:7c:01:1c]
RSSI: -68 [da:0a:b3:89:01:3c]
RSSI: -68 [da:0a:b3:89:01:3c]
RSSI: -68 [da:0a:b3:95:01:6c]
RSSI: -71 [da:0a:b3:95:01:6c]
RSSI: -72 [da:0a:b3:a3:01:8c]
RSSI: -72 [da:0a:b3:a3:01:8c]
RSSI: -76 [da:0a:b3:b0:01:bc]
RSSI: -78 [da:0a:b3:b0:01:bc]
RSSI: -82 [da:0a:b3:bc:01:dc]
RSSI: -82 [da:0a:b3:ca:02:0c]
RSSI: -84 [da:0a:b3:d7:02:2c]
RSSI: -79 [da:0a:b3:d7:02:2c]
RSSI: -78 [da:0a:b3:d7:02:2c]
RSSI: -73 [da:0a:b3:e4:02:5c]
RSSI: -77 [da:0a:b3:e4:02:5c]
RSSI: -76 [da:0a:b3:f1:02:7c]
RSSI: -72 [da:0a:b3:f1:02:7c]
RSSI: -75 [da:0a:b3:fe:02:ac]
RSSI: -74 [da:0a:b3:fe:02:ac]
RSSI: -75 [da:0a:b4:0b:02:cc]
RSSI: -73 [da:0a:b4:18:02:fc]
RSSI: -73 [da:0a:b4:18:02:fc]
RSSI: -73 [da:0a:b4:18:02:fc]
RSSI: -76 [da:0a:b4:25:03:1c]
RSSI: -76 [da:0a:b4:25:03:1c]
RSSI: -80 [da:0a:b4:32:03:4c]
RSSI: -76 [da:0a:b4:3f:03:6c]
RSSI: -81 [da:0a:b4:4c:03:9c]
RSSI: -77 [da:0a:b4:4c:03:9c]
RSSI: -80 [da:0a:b4:59:03:bc]
RSSI: -74 [da:0a:b4:66:03:dc]
RSSI: -76 [da:0a:b4:73:04:0c]
RSSI: -79 [da:0a:b4:80:04:2c]
RSSI: -79 [da:0a:b4:80:04:2c]
RSSI: -76 [da:0a:b4:8d:04:5c]
RSSI: -82 [da:0a:b4:9b:04:7c]
RSSI: -81 [da:0a:b4:a7:04:ac]
RSSI: -84 [da:0a:b4:a7:04:ac]
RSSI: -82 [da:0a:b4:b5:04:cc]
RSSI: -81 [da:0a:b4:b5:04:cc]
RSSI: -79 [da:0a:b4:c2:04:fc]
RSSI: -82 [da:0a:b4:ce:05:1c]
RSSI: -76 [da:0a:b4:ce:05:1c]
RSSI: -80 [da:0a:b4:dc:05:4c]
RSSI: -82 [da:0a:b4:dc:05:4c]
RSSI: -76 [da:0a:b4:e9:05:6c]
RSSI: -76 [da:0a:b4:e9:05:6c]
RSSI: -81 [da:0a:b4:f6:05:9c]
RSSI: -77 [da:0a:b4:f6:05:9c]
RSSI: -75 [da:0a:b5:03:05:cc]
RSSI: -81 [da:0a:b5:03:05:cc]
RSSI: -81 [da:0a:b5:10:05:ec]
RSSI: -75 [da:0a:b5:10:05:ec]
RSSI: -82 [da:0a:b5:1d:06:1c]
RSSI: -76 [da:0a:b5:2a:06:3c]
RSSI: -84 [da:0a:b5:2a:06:3c]
RSSI: -84 [da:0a:b5:2a:06:3c]
RSSI: -88 [da:0a:b5:38:06:6c]
RSSI: -76 [da:0a:b5:38:06:6c]
RSSI: -90 [da:0a:b5:44:06:8c]
RSSI: -81 [da:0a:b5:52:06:bc]
RSSI: -82 [da:0a:b5:5f:06:dc]
RSSI: -78 [da:0a:b5:5f:06:dc]
RSSI: -80 [da:0a:b5:6b:07:0c]
RSSI: -79 [da:0a:b5:6b:07:0c]
RSSI: -82 [da:0a:b5:79:07:2c]
RSSI: -78 [da:0a:b5:86:07:5c]
RSSI: -79 [da:0a:b5:93:07:7c]
RSSI: -80 [da:0a:b5:a0:07:ac]
RSSI: -80 [da:0a:b5:a0:07:ac]
RSSI: -76 [da:0a:b5:ad:07:dc]
RSSI: -75 [da:0a:b5:ba:07:fc]
RSSI: -82 [da:0a:b5:c7:08:2c]
RSSI: -75 [da:0a:b5:c7:08:2c]
RSSI: -80 [da:0a:b5:d5:08:4c]
RSSI: -77 [da:0a:b5:e1:08:7c]
RSSI: -83 [da:0a:b5:ef:08:9c]
RSSI: -78 [da:0a:b5:ef:08:9c]
RSSI: -82 [da:0a:b5:fc:08:cc]
RSSI: -81 [da:0a:b5:fc:08:cc]
RSSI: -78 [da:0a:b6:09:08:ec]
RSSI: -81 [da:0a:b6:09:08:ec]
RSSI: -81 [da:0a:b6:16:09:1c]
RSSI: -80 [da:0a:b6:16:09:1c]
RSSI: -81 [da:0a:b6:16:09:1c]
RSSI: -81 [da:0a:b6:23:09:4c]
RSSI: -82 [da:0a:b6:23:09:4c]
RSSI: -84 [da:0a:b6:30:09:6c]
RSSI: -85 [da:0a:b6:43:09:ac]
RSSI: -85 [da:0a:b6:53:09:dc]
RSSI: -92 [da:51:ea:ac:00:ba]
RSSI: -94 [da:50:06:97:12:9b]
RSSI: -92 [da:51:ea:ac:00:ba]
RSSI: -84 [da:0a:b6:5f:09:fc]
RSSI: -92 [da:51:ea:b9:00:ea]
RSSI: -81 [da:0a:b6:6d:0a:2c]
RSSI: -91 [da:51:ea:c7:01:0a]
RSSI: -84 [da:0a:b6:7a:0a:4c]
RSSI: -94 [da:50:06:b3:12:eb]
RSSI: -81 [da:0a:b6:87:0a:7c]
RSSI: -77 [da:0a:b6:94:0a:9c]
RSSI: -77 [da:0a:b6:94:0a:9c]
RSSI: -79 [da:0a:b6:a2:0a:cc]
RSSI: -90 [da:51:ea:fd:01:9a]
RSSI: -87 [da:0a:b6:ae:0a:ec]
RSSI: -77 [da:0a:b6:ae:0a:ec]
RSSI: -77 [da:0a:b6:bc:0b:1c]
RSSI: -83 [da:0a:b6:bc:0b:1c]
RSSI: -76 [da:0a:b6:c9:0b:3c]
RSSI: -75 [da:0a:b6:c9:0b:3c]
RSSI: -80 [da:0a:b6:d6:0b:6c]
RSSI: -74 [da:0a:b6:d6:0b:6c]
RSSI: -79 [da:0a:b6:e3:0b:8c]
RSSI: -74 [da:0a:b6:f0:0b:bc]
RSSI: -79 [da:0a:b6:fd:0b:dc]
RSSI: -75 [da:0a:b6:fd:0b:dc]
RSSI: -80 [da:0a:b7:0b:0c:0c]
RSSI: -75 [da:0a:b7:18:0c:3c]
RSSI: -78 [da:0a:b7:18:0c:3c]
RSSI: -82 [da:0a:b7:25:0c:5c]
RSSI: -77 [da:0a:b7:25:0c:5c]
RSSI: -86 [da:0a:b7:32:0c:8c]
RSSI: -75 [da:0a:b7:3f:0c:ac]
RSSI: -80 [da:0a:b7:4c:0c:dc]
RSSI: -80 [da:0a:b7:4c:0c:dc]
RSSI: -75 [da:0a:b7:67:0d:2c]
RSSI: -90 [da:51:eb:c6:03:da]
RSSI: -79 [da:0a:b7:73:0d:4c]
RSSI: -91 [da:51:eb:d3:03:fa]
RSSI: -79 [da:0a:b7:81:0d:7c]
RSSI: -91 [da:51:eb:d3:03:fa]
RSSI: -76 [da:0a:b7:8e:0d:ac]
RSSI: -77 [da:0a:b7:9b:0d:cc]
RSSI: -78 [da:0a:b7:a8:0d:fc]
RSSI: -75 [da:0a:b7:a8:0d:fc]
RSSI: -74 [da:0a:b7:b6:0e:1c]
RSSI: -76 [da:0a:b7:b6:0e:1c]
RSSI: -73 [da:0a:b7:c2:0e:4c]
RSSI: -72 [da:0a:b7:c2:0e:4c]
RSSI: -75 [da:0a:b7:d0:0e:6c]
RSSI: -72 [da:0a:b7:d0:0e:6c]
RSSI: -72 [da:0a:b7:d0:0e:6c]
RSSI: -72 [da:0a:b7:dd:0e:9c]
RSSI: -74 [da:0a:b7:dd:0e:9c]
RSSI: -72 [da:0a:b7:ea:0e:bc]
RSSI: -74 [da:0a:b7:ea:0e:bc]
RSSI: -74 [da:0a:b7:f8:0e:ec]
RSSI: -89 [da:51:ec:4c:05:5a]
RSSI: -75 [da:0a:b8:05:0f:1c]
RSSI: -86 [da:51:ec:5a:05:7a]
RSSI: -87 [da:51:ec:5a:05:7a]
RSSI: -75 [da:0a:b8:12:0f:3c]
RSSI: -89 [da:51:ec:68:05:aa]
RSSI: -75 [da:0a:b8:12:0f:3c]
RSSI: -85 [da:51:ec:68:05:aa]
RSSI: -74 [da:0a:b8:1f:0f:6c]
RSSI: -72 [da:0a:b8:1f:0f:6c]
RSSI: -72 [da:0a:b8:1f:0f:6c]
RSSI: -87 [da:51:ec:75:05:ca]
RSSI: -73 [da:0a:b8:2d:0f:8c]
RSSI: -85 [da:51:ec:83:05:fa]
RSSI: -85 [da:51:ec:83:05:fa]
RSSI: -72 [da:0a:b8:39:0f:bc]
RSSI: -84 [da:51:ec:91:06:1a]
RSSI: -73 [da:0a:b8:47:0f:dc]
RSSI: -87 [da:50:08:87:01:cb]
RSSI: -85 [da:51:ec:9d:06:3a]
RSSI: -74 [da:0a:b8:54:10:0c]
RSSI: -74 [da:0a:b8:54:10:0c]
RSSI: -84 [da:51:ec:ab:06:6a]
RSSI: -90 [da:50:08:96:01:fb]
RSSI: -73 [da:0a:b8:61:10:3c]
RSSI: -74 [da:0a:b8:61:10:3c]
RSSI: -83 [da:51:ec:b9:06:8a]
RSSI: -90 [da:50:08:a5:02:2b]
RSSI: -84 [da:51:ec:b9:06:8a]
RSSI: -76 [da:0a:b8:6e:10:5c]
RSSI: -83 [da:51:ec:c6:06:ba]
RSSI: -76 [da:0a:b8:7c:10:8c]
RSSI: -85 [da:51:ec:d4:06:da]
RSSI: -75 [da:0a:b8:88:10:ac]
RSSI: -84 [da:50:08:c1:02:7b]
RSSI: -84 [da:51:ec:e2:07:0a]
RSSI: -75 [da:0a:b8:88:10:ac]
RSSI: -85 [da:51:ec:e2:07:0a]
RSSI: -75 [da:0a:b8:96:10:dc]
RSSI: -76 [da:0a:b8:96:10:dc]
RSSI: -84 [da:51:ec:ee:07:2a]
RSSI: -77 [da:0a:b8:a3:10:fc]
RSSI: -88 [da:50:08:dc:02:cb]
RSSI: -78 [da:0a:b8:a3:10:fc]
RSSI: -82 [da:51:ec:fc:07:4a]
RSSI: -79 [da:0a:b8:b0:11:2c]
RSSI: -81 [da:0a:b8:b0:11:2c]
RSSI: -85 [da:51:ed:0a:07:7a]
RSSI: -86 [da:51:ed:17:07:9a]
RSSI: -84 [da:0a:b8:cb:11:7c]
RSSI: -83 [da:51:ed:25:07:ca]
RSSI: -84 [da:51:ed:25:07:ca]
RSSI: -86 [da:51:ed:25:07:ca]
RSSI: -84 [da:0a:b8:d8:11:9c]
RSSI: -91 [da:50:09:16:03:7b]
RSSI: -87 [da:50:09:25:03:ab]
RSSI: -84 [da:0a:b8:f3:11:ec]
RSSI: -95 [da:50:09:41:03:fb]
RSSI: -79 [da:0a:b9:0d:12:3c]
RSSI: -81 [da:0a:b9:1b:12:6c]
RSSI: -80 [da:0a:b9:27:12:8c]
RSSI: -81 [da:0a:b9:27:12:8c]
RSSI: -78 [da:0a:b9:35:12:ac]
RSSI: -77 [da:0a:b9:42:12:dc]
RSSI: -76 [da:0a:b9:4f:12:fc]
RSSI: -75 [da:0a:b9:4f:12:fc]
RSSI: -90 [da:51:ed:ac:09:4a]
RSSI: -76 [da:0a:b9:5c:13:2c]
RSSI: -75 [da:0a:b9:5c:13:2c]
RSSI: -75 [da:0a:b9:6a:13:4c]
RSSI: -77 [da:0a:b9:6a:13:4c]
RSSI: -76 [da:0a:b9:77:13:7c]
RSSI: -75 [da:0a:b9:84:13:9c]
RSSI: -75 [da:0a:b9:92:13:cc]
RSSI: -80 [da:0a:b9:92:13:cc]
RSSI: -74 [da:0a:b9:9e:13:ec]
RSSI: -80 [da:0a:b9:9e:13:ec]
RSSI: -73 [da:0a:b9:ac:14:1c]
RSSI: -79 [da:0a:b9:b9:14:4c]
RSSI: -75 [da:0a:b9:c6:14:6c]
RSSI: -76 [da:0a:b9:d4:14:9c]
RSSI: -79 [da:0a:b9:d4:14:9c]
RSSI: -79 [da:0a:b9:e1:14:bc]
RSSI: -84 [da:0a:b9:ee:14:ec]
RSSI: -79 [da:0a:b9:fb:15:0c]
RSSI: -83 [da:0a:b9:fb:15:0c]
RSSI: -87 [da:0a:ba:09:15:3c]
RSSI: -76 [da:0a:ba:09:15:3c]
RSSI: -76 [da:0a:ba:16:15:5c]
RSSI: -81 [da:0a:ba:16:15:5c]
RSSI: -74 [da:0a:ba:23:15:8c]
RSSI: -73 [da:0a:ba:23:15:8c]
RSSI: -74 [da:0a:ba:31:15:ac]
RSSI: -71 [da:0a:ba:31:15:ac]
RSSI: -69 [da:0a:ba:3d:15:cc]
RSSI: -70 [da:0a:ba:3d:15:cc]
RSSI: -69 [da:0a:ba:4b:15:fc]
RSSI: -67 [da:0a:ba:4b:15:fc]
RSSI: -68 [da:0a:ba:58:16:1c]
RSSI: -66 [da:0a:ba:65:16:4c]
RSSI: -64 [da:0a:ba:73:16:6c]
RSSI: -66 [da:0a:ba:80:00:2c]
RSSI: -94 [da:51:ee:d5:0c:9a]
RSSI: -65 [da:0a:ba:8d:00:4c]
RSSI: -64 [da:0a:ba:9b:00:7c]
RSSI: -66 [da:0a:ba:a8:00:ac]
RSSI: -65 [da:0a:ba:a8:00:ac]
RSSI: -66 [da:0a:ba:b5:00:cc]
RSSI: -68 [da:0a:ba:b5:00:cc]
RSSI: -65 [da:0a:ba:c2:00:fc]
RSSI: -68 [da:0a:ba:c2:00:fc]
RSSI: -69 [da:0a:ba:d0:01:1c]
RSSI: -67 [da:0a:ba:d0:01:1c]
RSSI: -68 [da:0a:ba:dd:01:4c]
RSSI: -71 [da:0a:ba:dd:01:4c]
RSSI: -69 [da:0a:ba:ea:01:6c]
RSSI: -70 [da:0a:ba:ea:01:6c]
RSSI: -75 [da:0a:ba:f8:01:9c]
RSSI: -73 [da:0a:ba:f8:01:9c]
RSSI: -80 [da:0a:bb:04:01:bc]
RSSI: -80 [da:0a:bb:12:01:ec]
RSSI: -92 [da:50:0b:5f:0a:6b]
RSSI: -82 [da:0a:bb:2c:02:3c]
RSSI: -75 [da:0a:bb:3a:02:6c]
RSSI: -74 [da:0a:bb:48:02:8c]
RSSI: -77 [da:0a:bb:54:02:ac]
RSSI: -73 [da:0a:bb:54:02:ac]
RSSI: -71 [da:0a:bb:62:02:dc]
RSSI: -76 [da:0a:bb:62:02:dc]
RSSI: -73 [da:0a:bb:6f:03:0c]
RSSI: -73 [da:0a:bb:6f:03:0c]
RSSI: -77 [da:0a:bb:7c:03:2c]
RSSI: -78 [da:0a:bb:7c:03:2c]
RSSI: -75 [da:0a:bb:7c:03:2c]
RSSI: -76 [da:0a:bb:8a:03:4c]
RSSI: -77 [da:0a:bb:97:03:7c]
RSSI: -81 [da:0a:bb:a4:03:9c]
RSSI: -78 [da:0a:bb:a4:03:9c]
RSSI: -79 [da:0a:bb:b2:03:cc]
RSSI: -73 [da:0a:bb:bf:03:fc]
RSSI: -73 [da:0a:bb:bf:03:fc]
RSSI: -76 [da:0a:bb:cc:04:1c]
RSSI: -79 [da:0a:bb:da:04:4c]
RSSI: -80 [da:0a:bb:da:04:4c]
RSSI: -78 [da:0a:bb:da:04:4c]
RSSI: -78 [da:0a:bb:e7:04:6c]
RSSI: -84 [da:0a:bb:f4:04:9c]
RSSI: -80 [da:0a:bc:02:04:bc]
RSSI: -83 [da:0a:bc:02:04:bc]
RSSI: -85 [da:0a:bc:0f:04:ec]
RSSI: -78 [da:0a:bc:0f:04:ec]
RSSI: -78 [da:0a:bc:1c:05:0c]
RSSI: -81 [da:0a:bc:1c:05:0c]
RSSI: -76 [da:0a:bc:2a:05:3c]
RSSI: -76 [da:0a:bc:2a:05:3c]
RSSI: -78 [da:0a:bc:37:05:6c]
RSSI: -75 [da:0a:bc:37:05:6c]
RSSI: -77 [da:0a:bc:44:05:8c]
RSSI: -76 [da:0a:bc:44:05:8c]
RSSI: -75 [da:0a:bc:52:05:bc]
RSSI: -77 [da:0a:bc:52:05:bc]
RSSI: -76 [da:0a:bc:5f:05:dc]
RSSI: -77 [da:0a:bc:6c:06:0c]
RSSI: -76 [da:0a:bc:7a:06:2c]
RSSI: -78 [da:0a:bc:87:06:5c]
RSSI: -78 [da:0a:bc:87:06:5c]
RSSI: -79 [da:0a:bc:94:06:7c]
RSSI: -78 [da:0a:bc:94:06:7c]
RSSI: -77 [da:0a:bc:a2:06:ac]
RSSI: -77 [da:0a:bc:a2:06:ac]
RSSI: -77 [da:0a:bc:af:06:dc]
RSSI: -76 [da:0a:bc:af:06:dc]
RSSI: -80 [da:0a:bc:bc:06:fc]
RSSI: -78 [da:0a:bc:bc:06:fc]
RSSI: -76 [da:0a:bc:ca:07:2c]
RSSI: -79 [da:0a:bc:ca:07:2c]
RSSI: -79 [da:0a:bc:d7:07:4c]
RSSI: -78 [da:0a:bc:d7:07:4c]
RSSI: -83 [da:0a:bc:e4:07:7c]
RSSI: -75 [da:0a:bc:f2:07:9c]
RSSI: -83 [da:0a:bc:ff:07:cc]
RSSI: -75 [da:0a:bc:ff:07:cc]
RSSI: -83 [da:0a:bd:0c:07:fc]
RSSI: -79 [da:0a:bd:1a:08:1c]
RSSI: -75 [da:0a:bd:27:08:4c]
RSSI: -76 [da:0a:bd:34:08:6c]
RSSI: -80 [da:0a:bd:42:08:9c]
RSSI: -85 [da:0a:bd:42:08:9c]
RSSI: -76 [da:0a:bd:50:08:cc]
RSSI: -76 [da:0a:bd:50:08:cc]
RSSI: -79 [da:0a:bd:50:08:cc]
RSSI: -81 [da:0a:bd:5c:08:ec]
RSSI: -76 [da:0a:bd:5c:08:ec]
RSSI: -77 [da:0a:bd:5c:08:ec]
RSSI: -80 [da:0a:bd:6a:09:1c]
RSSI: -81 [da:0a:bd:6a:09:1c]
RSSI: -79 [da:0a:bd:78:09:4c]
RSSI: -79 [da:0a:bd:78:09:4c]
RSSI: -83 [da:0a:bd:84:09:6c]
RSSI: -85 [da:0a:bd:84:09:6c]
RSSI: -97 [da:50:0d:d9:11:db]
RSSI: -86 [da:0a:bd:a0:09:bc]
RSSI: -87 [da:0a:bd:ba:0a:1c]
RSSI: -87 [da:0a:bd:ba:0a:1c]
RSSI: -81 [da:0a:bd:c8:0a:3c]
RSSI: -82 [da:0a:bd:d5:0a:6c]
RSSI: -81 [da:0a:bd:d5:0a:6c]
RSSI: -79 [da:0a:bd:e2:0a:8c]
RSSI: -79 [da:0a:bd:f0:0a:bc]
RSSI: -76 [da:0a:bd:fd:0a:dc]
RSSI: -80 [da:0a:bd:fd:0a:dc]
RSSI: -83 [da:0a:be:0b:0b:0c]
RSSI: -75 [da:0a:be:0b:0b:0c]
RSSI: -81 [da:0a:be:18:0b:3c]
RSSI: -80 [da:0a:be:25:0b:5c]
RSSI: -73 [da:0a:be:33:0b:8c]
RSSI: -77 [da:0a:be:41:0b:bc]
RSSI: -79 [da:0a:be:4d:0b:dc]
RSSI: -73 [da:0a:be:5b:0c:0c]
RSSI: -73 [da:0a:be:5b:0c:0c]
RSSI: -78 [da:0a:be:69:0c:2c]
RSSI: -74 [da:0a:be:69:0c:2c]
RSSI: -77 [da:0a:be:75:0c:5c]
RSSI: -81 [da:0a:be:75:0c:5c]
RSSI: -76 [da:0a:be:83:0c:8c]
RSSI: -76 [da:0a:be:83:0c:8c]
RSSI: -84 [da:0a:be:91:0c:ac]
RSSI: -79 [da:0a:be:91:0c:ac]
RSSI: -96 [da:50:0e:f8:15:2b]
RSSI: -95 [da:51:f3:14:02:6a]
RSSI: -76 [da:0a:be:d4:0d:7c]
RSSI: -76 [da:0a:be:d4:0d:7c]
RSSI: -80 [da:0a:be:e1:0d:ac]
RSSI: -83 [da:0a:be:ee:0d:cc]
RSSI: -76 [da:0a:be:ee:0d:cc]
RSSI: -75 [da:0a:be:fc:0d:fc]
RSSI: -78 [da:0a:be:fc:0d:fc]
RSSI: -74 [da:0a:bf:0a:0e:2c]
RSSI: -73 [da:0a:bf:0a:0e:2c]
RSSI: -76 [da:0a:bf:16:0e:4c]
RSSI: -72 [da:0a:bf:16:0e:4c]
RSSI: -75 [da:0a:bf:24:0e:7c]
RSSI: -71 [da:0a:bf:32:0e:ac]
RSSI: -72 [da:0a:bf:32:0e:ac]
RSSI: -74 [da:0a:bf:3f:0e:cc]
RSSI: -71 [da:0a:bf:3f:0e:cc]
RSSI: -71 [da:0a:bf:3f:0e:cc]
RSSI: -74 [da:0a:bf:4d:0e:fc]
RSSI: -74 [da:0a:bf:4d:0e:fc]
RSSI: -76 [da:0a:bf:5a:0f:2c]
RSSI: -72 [da:0a:bf:67:0f:4c]
RSSI: -93 [da:50:0f:a6:00:ab]
RSSI: -71 [da:0a:bf:75:0f:7c]
RSSI: -74 [da:0a:bf:83:0f:9c]
RSSI: -93 [da:50:0f:c1:01:0b]
RSSI: -71 [da:0a:bf:8f:0f:cc]
RSSI: -73 [da:0a:bf:8f:0f:cc]
RSSI: -73 [da:0a:bf:9d:0f:fc]
RSSI: -72 [da:0a:bf:9d:0f:fc]
RSSI: -73 [da:0a:bf:ab:10:1c]
RSSI: -74 [da:0a:bf:ab:10:1c]
RSSI: -74 [da:0a:bf:ab:10:1c]
RSSI: -74 [da:0a:bf:b8:10:4c]
RSSI: -88 [da:51:f4:0b:05:2a]
RSSI: -74 [da:0a:bf:b8:10:4c]
RSSI: -75 [da:0a:bf:c6:10:6c]
RSSI: -88 [da:50:10:0c:01:eb]
RSSI: -75 [da:0a:bf:d3:10:9c]
RSSI: -83 [da:51:f4:26:05:7a]
RSSI: -85 [da:51:f4:34:05:aa]
RSSI: -82 [da:51:f4:34:05:aa]
RSSI: -82 [da:51:f4:34:05:aa]
RSSI: -90 [da:50:10:28:02:3b]
RSSI: -75 [da:0a:bf:ee:10:ec]
RSSI: -77 [da:0a:bf:fc:11:1c]
RSSI: -81 [da:51:f4:4f:05:fa]
RSSI: -91 [da:50:10:37:02:6b]
RSSI: -79 [da:0a:bf:fc:11:1c]
RSSI: -81 [da:51:f4:4f:05:fa]
RSSI: -78 [da:0a:c0:08:11:3c]
RSSI: -80 [da:51:f4:5d:06:1a]
RSSI: -82 [da:0a:c0:08:11:3c]
RSSI: -81 [da:51:f4:5d:06:1a]
RSSI: -81 [da:51:f4:5d:06:1a]
RSSI: -84 [da:0a:c0:16:11:6c]
RSSI: -87 [da:50:10:53:02:bb]
RSSI: -87 [da:0a:c0:16:11:6c]
RSSI: -85 [da:0a:c0:24:11:8c]
RSSI: -88 [da:0a:c0:24:11:8c]
RSSI: -80 [da:51:f4:86:06:9a]
RSSI: -85 [da:0a:c0:31:11:bc]
RSSI: -80 [da:51:f4:86:06:9a]
RSSI: -92 [da:50:10:6f:03:0b]
RSSI: -80 [da:51:f4:86:06:9a]
RSSI: -81 [da:51:f4:95:06:ba]
RSSI: -80 [da:51:f4:95:06:ba]
RSSI: -83 [da:0a:c0:4d:12:0c]
RSSI: -81 [da:51:f4:a1:06:da]
RSSI: -86 [da:0a:c0:59:12:2c]
RSSI: -84 [da:0a:c0:59:12:2c]
RSSI: -80 [da:51:f4:b0:07:0a]
RSSI: -78 [da:0a:c0:67:12:5c]
RSSI: -77 [da:0a:c0:67:12:5c]
RSSI: -81 [da:0a:c0:67:12:5c]
RSSI: -80 [da:51:f4:be:07:3a]
RSSI: -79 [da:0a:c0:75:12:7c]
RSSI: -81 [da:51:f4:cb:07:5a]
RSSI: -81 [da:51:f4:cb:07:5a]
RSSI: -79 [da:0a:c0:82:12:ac]
RSSI: -82 [da:51:f4:d9:07:8a]
RSSI: -79 [da:0a:c0:82:12:ac]
RSSI: -82 [da:51:f4:d9:07:8a]
RSSI: -77 [da:0a:c0:90:12:cc]
RSSI: -77 [da:0a:c0:90:12:cc]
RSSI: -76 [da:0a:c0:9d:12:fc]
RSSI: -83 [da:51:f4:e7:07:aa]
RSSI: -76 [da:0a:c0:9d:12:fc]
RSSI: -82 [da:51:f4:f4:07:ca]
RSSI: -75 [da:0a:c0:aa:13:1c]
RSSI: -74 [da:0a:c0:aa:13:1c]
RSSI: -84 [da:51:f5:02:07:fa]
RSSI: -75 [da:0a:c0:b8:13:4c]
RSSI: -86 [da:51:f5:11:08:1a]
RSSI: -89 [da:51:f5:11:08:1a]
RSSI: -76 [da:0a:c0:c6:13:7c]
RSSI: -91 [da:51:f5:1d:08:4a]
RSSI: -75 [da:0a:c0:d2:13:9c]
RSSI: -74 [da:0a:c0:e0:13:cc]
RSSI: -74 [da:0a:c0:e0:13:cc]
RSSI: -80 [da:0a:c0:ee:13:fc]
RSSI: -74 [da:0a:c0:fb:14:1c]
RSSI: -73 [da:0a:c0:fb:14:1c]
RSSI: -73 [da:0a:c1:09:14:4c]
RSSI: -91 [da:51:f5:55:08:ea]
RSSI: -73 [da:0a:c1:09:14:4c]
RSSI: -73 [da:0a:c1:09:14:4c]
RSSI: -88 [da:51:f5:63:09:0a]
RSSI: -78 [da:0a:c1:17:14:6c]
RSSI: -73 [da:0a:c1:17:14:6c]
RSSI: -75 [da:0a:c1:23:14:9c]
RSSI: -77 [da:0a:c1:23:14:9c]
RSSI: -75 [da:0a:c1:31:14:bc]
RSSI: -77 [da:0a:c1:31:14:bc]
RSSI: -93 [da:51:f5:8d:09:8a]
RSSI: -80 [da:0a:c1:3f:14:ec]
RSSI: -79 [da:0a:c1:4c:15:0c]
RSSI: -84 [da:0a:c1:5a:15:3c]
RSSI: -76 [da:0a:c1:68:15:5c]
RSSI: -81 [da:0a:c1:74:15:8c]
RSSI: -72 [da:0a:c1:74:15:8c]
RSSI: -71 [da:0a:c1:82:15:ac]
RSSI: -74 [da:0a:c1:82:15:ac]
RSSI: -69 [da:0a:c1:90:15:dc]
RSSI: -69 [da:0a:c1:90:15:dc]
RSSI: -68 [da:0a:c1:90:15:dc]
RSSI: -68 [da:0a:c1:9d:15:fc]
RSSI: -67 [da:0a:c1:9d:15:fc]
RSSI: -67 [da:0a:c1:ab:16:2c]
RSSI: -66 [da:0a:c1:b9:16:4c]
RSSI: -64 [da:0a:c1:b9:16:4c]
RSSI: -65 [da:0a:c1:c6:16:7c]
RSSI: -65 [da:0a:c1:d4:00:2c]
RSSI: -94 [da:50:12:0d:07:eb]
RSSI: -65 [da:0a:c1:d4:00:2c]
RSSI: -63 [da:0a:c1:e1:00:5c]
RSSI: -65 [da:0a:c1:ee:00:7c]
RSSI: -63 [da:0a:c1:ee:00:7c]
RSSI: -64 [da:0a:c1:fc:00:ac]
RSSI: -65 [da:0a:c1:fc:00:ac]
RSSI: -63 [da:0a:c2:0a:00:cc]
RSSI: -65 [da:0a:c2:0a:00:cc]
RSSI: -66 [da:0a:c2:17:00:fc]
RSSI: -64 [da:0a:c2:17:00:fc]
RSSI: -67 [da:0a:c2:25:01:2c]
RSSI: -67 [da:0a:c2:33:01:4c]
RSSI: -68 [da:0a:c2:3f:01:7c]
RSSI: -94 [da:50:12:90:09:7b]
RSSI: -73 [da:0a:c2:4d:01:9c]
RSSI: -75 [da:0a:c2:5b:01:cc]
RSSI: -76 [da:0a:c2:5b:01:cc]
RSSI: -81 [da:0a:c2:68:01:ec]
RSSI: -86 [da:0a:c2:68:01:ec]
RSSI: -84 [da:0a:c2:76:02:1c]
RSSI: -83 [da:0a:c2:76:02:1c]
RSSI: -81 [da:0a:c2:84:02:4c]
RSSI: -80 [da:0a:c2:84:02:4c]
RSSI: -76 [da:0a:c2:91:02:6c]
RSSI: -75 [da:0a:c2:91:02:6c]
RSSI: -75 [da:0a:c2:9f:02:9c]
RSSI: -74 [da:0a:c2:9f:02:9c]
RSSI: -77 [da:0a:c2:ad:02:bc]
RSSI: -73 [da:0a:c2:b9:02:ec]
RSSI: -75 [da:0a:c2:c7:03:0c]
RSSI: -79 [da:0a:c2:d5:03:3c]
RSSI: -77 [da:0a:c2:d5:03:3c]
RSSI: -76 [da:0a:c2:e2:03:5c]
RSSI: -83 [da:0a:c2:e2:03:5c]
RSSI: -79 [da:0a:c2:f0:03:8c]
RSSI: -76 [da:0a:c2:f0:03:8c]
RSSI: -82 [da:0a:c2:fe:03:bc]
RSSI: -77 [da:0a:c2:fe:03:bc]
RSSI: -80 [da:0a:c3:0b:03:dc]
RSSI: -74 [da:0a:c3:19:04:0c]
RSSI: -77 [da:0a:c3:27:04:3c]
RSSI: -91 [da:50:13:6a:0c:0b]
RSSI: -81 [da:0a:c3:33:04:5c]
RSSI: -80 [da:0a:c3:33:04:5c]
RSSI: -78 [da:0a:c3:41:04:8c]
RSSI: -83 [da:0a:c3:41:04:8c]
RSSI: -87 [da:0a:c3:4f:04:ac]
RSSI: -84 [da:0a:c3:5c:04:dc]
RSSI: -87 [da:0a:c3:5c:04:dc]
RSSI: -86 [da:0a:c3:5c:04:dc]
RSSI: -81 [da:0a:c3:6a:05:0c]
RSSI: -80 [da:0a:c3:78:05:2c]
RSSI: -84 [da:0a:c3:78:05:2c]
RSSI: -78 [da:0a:c3:85:05:5c]
RSSI: -80 [da:0a:c3:85:05:5c]
RSSI: -79 [da:0a:c3:98:05:8c]
RSSI: -76 [da:0a:c3:a8:05:cc]
RSSI: -79 [da:0a:c3:a8:05:cc]
RSSI: -76 [da:0a:c3:b5:05:ec]
RSSI: -76 [da:0a:c3:b5:05:ec]
RSSI: -79 [da:0a:c3:c3:06:1c]
RSSI: -77 [da:0a:c3:c3:06:1c]
RSSI: -78 [da:0a:c3:d1:06:3c]
RSSI: -80 [da:0a:c3:d1:06:3c]
RSSI: -79 [da:0a:c3:de:06:6c]
RSSI: -78 [da:0a:c3:ec:06:9c]
RSSI: -80 [da:0a:c3:fa:06:bc]
RSSI: -78 [da:0a:c4:06:06:ec]
RSSI: -78 [da:0a:c4:06:06:ec]
RSSI: -80 [da:0a:c4:15:07:1c]
RSSI: -79 [da:0a:c4:15:07:1c]
RSSI: -77 [da:0a:c4:23:07:3c]
RSSI: -77 [da:0a:c4:23:07:3c]
RSSI: -80 [da:0a:c4:2f:07:6c]
RSSI: -78 [da:0a:c4:2f:07:6c]
RSSI: -83 [da:0a:c4:3d:07:8c]
RSSI: -77 [da:0a:c4:4b:07:bc]
RSSI: -76 [da:0a:c4:4b:07:bc]
RSSI: -76 [da:0a:c4:58:07:ec]
RSSI: -75 [da:0a:c4:58:07:ec]
RSSI: -81 [da:0a:c4:66:08:0c]
RSSI: -75 [da:0a:c4:66:08:0c]
RSSI: -79 [da:0a:c4:74:08:3c]
RSSI: -75 [da:0a:c4:81:08:6c]
RSSI: -75 [da:0a:c4:81:08:6c]
RSSI: -87 [da:0a:c4:8f:08:8c]
RSSI: -76 [da:0a:c4:8f:08:8c]
RSSI: -76 [da:0a:c4:8f:08:8c]
RSSI: -76 [da:0a:c4:aa:08:dc]
RSSI: -80 [da:0a:c4:aa:08:dc]
RSSI: -81 [da:0a:c4:b8:09:0c]
RSSI: -76 [da:0a:c4:b8:09:0c]
RSSI: -77 [da:0a:c4:b8:09:0c]
RSSI: -80 [da:0a:c4:c6:09:3c]
RSSI: -80 [da:0a:c4:d3:09:5c]
RSSI: -84 [da:0a:c4:e1:09:8c]
RSSI: -85 [da:0a:c4:ef:09:bc]
RSSI: -86 [da:0a:c4:fc:09:dc]
RSSI: -85 [da:0a:c5:0a:0a:0c]
RSSI: -85 [da:0a:c5:18:0a:3c]
RSSI: -87 [da:0a:c5:18:0a:3c]
RSSI: -80 [da:0a:c5:33:0a:8c]
RSSI: -80 [da:0a:c5:41:0a:bc]
RSSI: -78 [da:0a:c5:4d:0a:dc]
RSSI: -79 [da:0a:c5:5c:0b:0c]
RSSI: -84 [da:0a:c5:5c:0b:0c]
RSSI: -76 [da:0a:c5:6a:0b:2c]
RSSI: -79 [da:0a:c5:6a:0b:2c]
RSSI: -81 [da:0a:c5:76:0b:5c]
RSSI: -75 [da:0a:c5:76:0b:5c]
RSSI: -79 [da:0a:c5:85:0b:8c]
RSSI: -80 [da:0a:c5:93:0b:ac]
RSSI: -73 [da:0a:c5:9f:0b:dc]
RSSI: -79 [da:0a:c5:ae:0c:0c]
RSSI: -75 [da:0a:c5:ae:0c:0c]
RSSI: -78 [da:0a:c5:bc:0c:2c]
RSSI: -80 [da:0a:c5:bc:0c:2c]
RSSI: -76 [da:0a:c5:c8:0c:5c]
RSSI: -94 [da:51:fa:1b:00:5a]
RSSI: -78 [da:0a:c5:c8:0c:5c]
RSSI: -81 [da:0a:c5:d6:0c:8c]
RSSI: -77 [da:0a:c5:d6:0c:8c]
RSSI: -85 [da:0a:c5:e5:0c:ac]
RSSI: -75 [da:0a:c5:f1:0c:dc]
RSSI: -81 [da:0a:c5:ff:0d:0c]
RSSI: -92 [da:51:fa:60:01:1a]
RSSI: -75 [da:0a:c6:1a:0d:5c]
RSSI: -79 [da:0a:c6:28:0d:8c]
RSSI: -93 [da:51:fa:7b:01:6a]
RSSI: -76 [da:0a:c6:28:0d:8c]
RSSI: -91 [da:0a:c6:37:0d:ac]
RSSI: -78 [da:0a:c6:37:0d:ac]
RSSI: -84 [da:0a:c6:43:0d:dc]
RSSI: -78 [da:0a:c6:60:0e:2c]
RSSI: -75 [da:0a:c6:60:0e:2c]
RSSI: -77 [da:0a:c6:6c:0e:5c]
RSSI: -73 [da:0a:c6:6c:0e:5c]
RSSI: -76 [da:0a:c6:7b:0e:7c]
RSSI: -72 [da:0a:c6:89:0e:ac]
RSSI: -74 [da:0a:c6:95:0e:dc]
RSSI: -72 [da:0a:c6:95:0e:dc]
RSSI: -74 [da:0a:c6:a4:0e:fc]
RSSI: -73 [da:0a:c6:b2:0f:2c]
RSSI: -75 [da:0a:c6:b2:0f:2c]
RSSI: -72 [da:0a:c6:be:0f:5c]
RSSI: -72 [da:0a:c6:be:0f:5c]
RSSI: -74 [da:0a:c6:cd:0f:7c]
RSSI: -72 [da:0a:c6:cd:0f:7c]
RSSI: -74 [da:0a:c6:db:0f:ac]
RSSI: -73 [da:0a:c6:e7:0f:dc]
RSSI: -73 [da:0a:c6:f6:0f:fc]
RSSI: -72 [da:0a:c6:f6:0f:fc]
RSSI: -73 [da:0a:c7:04:10:2c]
RSSI: -74 [da:0a:c7:04:10:2c]
RSSI: -75 [da:0a:c7:11:10:5c]
RSSI: -74 [da:0a:c7:11:10:5c]
RSSI: -75 [da:0a:c7:11:10:5c]
RSSI: -76 [da:0a:c7:1f:10:7c]
RSSI: -90 [da:50:17:5d:01:3b]
RSSI: -94 [da:51:fb:77:04:3a]
RSSI: -75 [da:0a:c7:2d:10:ac]
RSSI: -91 [da:50:17:6d:01:6b]
RSSI: -77 [da:0a:c7:3a:10:cc]
RSSI: -77 [da:0a:c7:3a:10:cc]
RSSI: -75 [da:0a:c7:48:10:fc]
RSSI: -76 [da:0a:c7:48:10:fc]
RSSI: -77 [da:0a:c7:56:11:2c]
RSSI: -90 [da:50:17:99:01:eb]
RSSI: -78 [da:0a:c7:56:11:2c]
RSSI: -80 [da:0a:c7:63:11:4c]
RSSI: -87 [da:0a:c7:71:11:7c]
RSSI: -87 [da:51:fb:cb:05:2a]
RSSI: -90 [da:51:fb:cb:05:2a]
RSSI: -86 [da:50:17:c5:02:6b]
RSSI: -85 [da:51:fb:d9:05:4a]
RSSI: -87 [da:0a:c7:8c:11:cc]
RSSI: -88 [da:51:fb:e8:05:7a]
RSSI: -86 [da:50:17:d2:02:8b]
RSSI: -83 [da:51:fb:f5:05:9a]
RSSI: -90 [da:50:17:e2:02:bb]
RSSI: -82 [da:0a:c7:a8:12:1c]
RSSI: -81 [da:0a:c7:b5:12:3c]
RSSI: -87 [da:50:17:fe:03:1b]
RSSI: -80 [da:0a:c7:c3:12:6c]
RSSI: -84 [da:51:fc:1f:06:1a]
RSSI: -79 [da:0a:c7:d2:12:9c]
RSSI: -84 [da:51:fc:1f:06:1a]
RSSI: -85 [da:51:fc:1f:06:1a]
RSSI: -81 [da:51:fc:2e:06:4a]
RSSI: -78 [da:0a:c7:de:12:bc]
RSSI: -80 [da:0a:c7:de:12:bc]
RSSI: -79 [da:0a:c7:de:12:bc]
RSSI: -85 [da:51:fc:3c:06:6a]
RSSI: -80 [da:51:fc:3c:06:6a]
RSSI: -77 [da:0a:c7:ed:12:ec]
RSSI: -81 [da:51:fc:3c:06:6a]
RSSI: -85 [da:51:fc:49:06:9a]
RSSI: -77 [da:0a:c7:fb:13:0c]
RSSI: -74 [da:0a:c8:07:13:3c]
RSSI: -83 [da:51:fc:58:06:ba]
RSSI: -74 [da:0a:c8:07:13:3c]
RSSI: -75 [da:0a:c8:16:13:5c]
RSSI: -74 [da:0a:c8:16:13:5c]
RSSI: -85 [da:51:fc:73:07:0a]
RSSI: -82 [da:51:fc:73:07:0a]
RSSI: -78 [da:0a:c8:31:13:bc]
RSSI: -79 [da:0a:c8:31:13:bc]
RSSI: -84 [da:51:fc:90:07:6a]
RSSI: -75 [da:0a:c8:3f:13:dc]
RSSI: -83 [da:51:fc:90:07:6a]
RSSI: -84 [da:51:fc:9d:07:8a]
RSSI: -74 [da:0a:c8:4d:14:0c]
RSSI: -85 [da:51:fc:9d:07:8a]
RSSI: -85 [da:51:fc:9d:07:8a]
RSSI: -78 [da:0a:c8:5a:14:2c]
RSSI: -87 [da:51:fc:ac:07:ba]
RSSI: -73 [da:0a:c8:5a:14:2c]
RSSI: -87 [da:51:fc:bb:07:da]
RSSI: -74 [da:0a:c8:68:14:5c]
RSSI: -77 [da:0a:c8:68:14:5c]
RSSI: -73 [da:0a:c8:76:14:8c]
RSSI: -89 [da:51:fc:c7:08:0a]
RSSI: -75 [da:0a:c8:76:14:8c]
RSSI: -75 [da:0a:c8:83:14:ac]
RSSI: -76 [da:0a:c8:83:14:ac]
RSSI: -80 [da:0a:c8:a0:14:fc]
RSSI: -83 [da:0a:c8:a0:14:fc]
RSSI: -80 [da:0a:c8:ac:15:2c]
RSSI: -87 [da:0a:c8:bb:15:5c]
RSSI: -75 [da:0a:c8:bb:15:5c]
RSSI: -76 [da:0a:c8:c9:15:7c]
RSSI: -76 [da:0a:c8:c9:15:7c]
RSSI: -71 [da:0a:c8:d6:15:ac]
RSSI: -72 [da:0a:c8:d6:15:ac]
RSSI: -69 [da:0a:c8:e4:15:cc]
RSSI: -69 [da:0a:c8:f2:15:fc]
RSSI: -71 [da:0a:c8:f2:15:fc]
RSSI: -70 [da:0a:c8:f2:15:fc]
RSSI: -67 [da:0a:c8:ff:16:1c]
RSSI: -67 [da:0a:c9:0d:16:4c]
RSSI: -65 [da:0a:c9:0d:16:4c]
RSSI: -66 [da:0a:c9:1c:16:7c]
RSSI: -66 [da:0a:c9:1c:16:7c]
RSSI: -64 [da:0a:c9:28:00:0c]
RSSI: -65 [da:0a:c9:28:00:0c]
RSSI: -65 [da:0a:c9:37:00:2c]
RSSI: -64 [da:0a:c9:37:00:2c]
RSSI: -65 [da:0a:c9:45:00:5c]
RSSI: -95 [da:50:19:8c:07:cb]
RSSI: -65 [da:0a:c9:52:00:7c]
RSSI: -64 [da:0a:c9:60:00:ac]
RSSI: -67 [da:0a:c9:6e:00:dc]
RSSI: -65 [da:0a:c9:6e:00:dc]
RSSI: -66 [da:0a:c9:7b:00:fc]
RSSI: -68 [da:0a:c9:7b:00:fc]
RSSI: -67 [da:0a:c9:89:01:2c]
RSSI: -68 [da:0a:c9:89:01:2c]
RSSI: -69 [da:0a:c9:98:01:4c]
RSSI: -69 [da:0a:c9:98:01:4c]
RSSI: -73 [da:0a:c9:a4:01:7c]
RSSI: -74 [da:0a:c9:b3:01:9c]
RSSI: -81 [da:0a:c9:c1:01:cc]
RSSI: -85 [da:0a:c9:ce:01:fc]
RSSI: -85 [da:0a:c9:ce:01:fc]
RSSI: -82 [da:0a:c9:dc:02:1c]
RSSI: -82 [da:0a:c9:dc:02:1c]
RSSI: -77 [da:0a:c9:ea:02:4c]
RSSI: -76 [da:0a:c9:ea:02:4c]
RSSI: -77 [da:0a:c9:f7:02:6c]
RSSI: -75 [da:0a:c9:f7:02:6c]
RSSI: -77 [da:0a:ca:05:02:9c]
RSSI: -77 [da:0a:ca:05:02:9c]
RSSI: -73 [da:0a:ca:14:02:cc]
RSSI: -75 [da:0a:ca:20:02:ec]
RSSI: -79 [da:0a:ca:2f:03:1c]
RSSI: -76 [da:0a:ca:2f:03:1c]
RSSI: -76 [da:0a:ca:2f:03:1c]
RSSI: -76 [da:0a:ca:3d:03:4c]
RSSI: -81 [da:0a:ca:3d:03:4c]
RSSI: -78 [da:0a:ca:4a:03:6c]
RSSI: -75 [da:0a:ca:4a:03:6c]
RSSI: -77 [da:0a:ca:58:03:9c]
RSSI: -94 [da:50:1a:96:0a:eb]
RSSI: -91 [da:50:1a:96:0a:eb]
RSSI: -81 [da:0a:ca:67:03:cc]
RSSI: -73 [da:0a:ca:73:03:ec]
RSSI: -73 [da:0a:ca:73:03:ec]
RSSI: -80 [da:0a:ca:73:03:ec]
RSSI: -75 [da:0a:ca:82:04:1c]
RSSI: -73 [da:0a:ca:82:04:1c]
RSSI: -81 [da:0a:ca:90:04:3c]
RSSI: -77 [da:0a:ca:90:04:3c]
RSSI: -83 [da:0a:ca:9d:04:6c]
RSSI: -79 [da:0a:ca:ab:04:8c]
RSSI: -84 [da:0a:ca:ba:04:bc]
RSSI: -88 [da:0a:ca:ba:04:bc]
RSSI: -84 [da:0a:ca:c6:04:ec]
RSSI: -82 [da:0a:ca:c6:04:ec]
RSSI: -81 [da:0a:ca:d5:05:0c]
RSSI: -79 [da:0a:ca:e3:05:3c]
RSSI: -82 [da:0a:ca:e3:05:3c]
RSSI: -78 [da:0a:ca:f0:05:5c]
RSSI: -79 [da:0a:ca:f0:05:5c]
RSSI: -77 [da:0a:ca:fe:05:8c]
RSSI: -76 [da:0a:cb:0d:05:bc]
RSSI: -81 [da:0a:cb:19:05:dc]
RSSI: -78 [da:0a:cb:28:06:0c]
RSSI: -84 [da:0a:cb:28:06:0c]
RSSI: -78 [da:0a:cb:36:06:3c]
RSSI: -80 [da:0a:cb:36:06:3c]
RSSI: -84 [da:0a:cb:43:06:6c]
RSSI: -78 [da:0a:cb:43:06:6c]
RSSI: -80 [da:0a:cb:51:06:8c]
RSSI: -83 [da:0a:cb:51:06:8c]
RSSI: -78 [da:0a:cb:60:06:bc]
RSSI: -79 [da:0a:cb:6c:06:ec]
RSSI: -78 [da:0a:cb:7b:07:0c]
RSSI: -78 [da:0a:cb:7b:07:0c]
RSSI: -81 [da:0a:cb:89:07:3c]
RSSI: -79 [da:0a:cb:89:07:3c]
RSSI: -77 [da:0a:cb:96:07:6c]
RSSI: -84 [da:0a:cb:96:07:6c]
RSSI: -82 [da:0a:cb:96:07:6c]
RSSI: -75 [da:0a:cb:a4:07:8c]
RSSI: -81 [da:0a:cb:b3:07:bc]
RSSI: -75 [da:0a:cb:b3:07:bc]
RSSI: -82 [da:0a:cb:bf:07:ec]
RSSI: -75 [da:0a:cb:bf:07:ec]
RSSI: -78 [da:0a:cb:ce:08:0c]
RSSI: -84 [da:0a:cb:ce:08:0c]
RSSI: -75 [da:0a:cb:dc:08:3c]
RSSI: -75 [da:0a:cb:dc:08:3c]
RSSI: -83 [da:0a:cb:f7:08:9c]
RSSI: -79 [da:0a:cc:06:08:bc]
RSSI: -77 [da:0a:cc:13:08:ec]
RSSI: -79 [da:0a:cc:21:09:1c]
RSSI: -79 [da:0a:cc:21:09:1c]
RSSI: -80 [da:0a:cc:30:09:3c]
RSSI: -81 [da:0a:cc:30:09:3c]
RSSI: -83 [da:0a:cc:3c:09:6c]
RSSI: -83 [da:0a:cc:3c:09:6c]
RSSI: -85 [da:0a:cc:4b:09:9c]
RSSI: -84 [da:0a:cc:59:09:bc]
RSSI: -83 [da:0a:cc:66:09:ec]
RSSI: -81 [da:0a:cc:74:0a:1c]
RSSI: -84 [da:0a:cc:83:0a:4c]
RSSI: -79 [da:0a:cc:8f:0a:6c]
RSSI: -79 [da:0a:cc:9e:0a:9c]
RSSI: -78 [da:0a:cc:ac:0a:cc]
RSSI: -76 [da:0a:cc:b9:0a:ec]
RSSI: -80 [da:0a:cc:c8:0b:1c]
RSSI: -82 [da:0a:cc:c8:0b:1c]
RSSI: -75 [da:0a:cc:d6:0b:4c]
RSSI: -80 [da:0a:cc:d6:0b:4c]
RSSI: -80 [da:0a:cc:e3:0b:6c]
RSSI: -74 [da:0a:cc:e3:0b:6c]
RSSI: -80 [da:0a:cc:f1:0b:9c]
RSSI: -79 [da:0a:cd:00:0b:cc]
RSSI: -74 [da:0a:cd:0c:0b:ec]
RSSI: -81 [da:0a:cd:1b:0c:1c]
RSSI: -76 [da:0a:cd:1b:0c:1c]
RSSI: -82 [da:0a:cd:29:0c:4c]
RSSI: -78 [da:0a:cd:36:0c:6c]
RSSI: -76 [da:0a:cd:36:0c:6c]
RSSI: -81 [da:0a:cd:45:0c:9c]
RSSI: -81 [da:0a:cd:45:0c:9c]
RSSI: -89 [da:0a:cd:53:0c:cc]
RSSI: -74 [da:0a:cd:60:0c:ec]
RSSI: -75 [da:0a:cd:60:0c:ec]
RSSI: -80 [da:0a:cd:6e:0d:1c]
RSSI: -76 [da:0a:cd:6e:0d:1c]
RSSI: -80 [da:0a:cd:7d:0d:4c]
RSSI: -95 [da:50:1d:e5:14:db]
RSSI: -79 [da:0a:cd:b3:0d:fc]
RSSI: -75 [da:0a:cd:b3:0d:fc]
RSSI: -72 [da:0a:cd:c2:0e:1c]
RSSI: -76 [da:0a:cd:c2:0e:1c]
RSSI: -72 [da:0a:cd:d0:0e:4c]
RSSI: -71 [da:0a:cd:d0:0e:4c]
RSSI: -75 [da:0a:cd:dd:0e:7c]
RSSI: -72 [da:0a:cd:dd:0e:7c]
RSSI: -74 [da:0a:cd:ec:0e:9c]
RSSI: -74 [da:0a:cd:ec:0e:9c]
RSSI: -73 [da:0a:cd:fa:0e:cc]
RSSI: -72 [da:0a:ce:07:0e:fc]
RSSI: -72 [da:0a:ce:07:0e:fc]
RSSI: -74 [da:0a:ce:16:0f:2c]
RSSI: -73 [da:0a:ce:16:0f:2c]
RSSI: -75 [da:0a:ce:24:0f:4c]
RSSI: -74 [da:0a:ce:24:0f:4c]
RSSI: -73 [da:0a:ce:31:0f:7c]
RSSI: -72 [da:0a:ce:3f:0f:ac]
RSSI: -73 [da:0a:ce:4e:0f:cc]
RSSI: -73 [da:0a:ce:4e:0f:cc]
RSSI: -73 [da:0a:ce:5b:0f:fc]
RSSI: -74 [da:0a:ce:5b:0f:fc]
RSSI: -75 [da:0a:ce:69:10:2c]
RSSI: -91 [da:50:1e:a9:00:8b]
RSSI: -74 [da:0a:ce:69:10:2c]
RSSI: -76 [da:0a:ce:78:10:5c]
RSSI: -76 [da:0a:ce:78:10:5c]
RSSI: -76 [da:0a:ce:84:10:7c]
RSSI: -76 [da:0a:ce:93:10:ac]
RSSI: -76 [da:0a:ce:93:10:ac]
RSSI: -75 [da:0a:ce:a2:10:dc]
RSSI: -76 [da:0a:ce:ae:10:fc]
RSSI: -77 [da:0a:ce:ae:10:fc]
RSSI: -78 [da:0a:ce:ae:10:fc]
RSSI: -87 [da:50:1e:f2:01:6b]
RSSI: -88 [da:50:1e:f2:01:6b]
RSSI: -81 [da:0a:ce:bd:11:2c]
RSSI: -81 [da:0a:ce:cb:11:5c]
RSSI: -85 [da:0a:ce:cb:11:5c]
RSSI: -86 [da:0a:ce:d8:11:7c]
RSSI: -92 [da:50:1f:12:01:cb]
RSSI: -85 [da:0a:ce:e7:11:ac]
RSSI: -86 [da:50:1f:2f:02:1b]
RSSI: -82 [da:0a:cf:02:11:fc]
RSSI: -91 [da:50:1f:3f:02:4b]
RSSI: -83 [da:0a:cf:02:11:fc]
RSSI: -87 [da:0a:cf:11:12:2c]
RSSI: -81 [da:0a:cf:11:12:2c]
RSSI: -81 [da:0a:cf:1f:12:4c]
RSSI: -90 [da:50:1f:5c:02:9b]
RSSI: -85 [da:50:1f:6c:02:cb]
RSSI: -77 [da:0a:cf:2c:12:6c]
RSSI: -81 [da:0a:cf:3b:12:9c]
RSSI: -78 [da:0a:cf:3b:12:9c]
RSSI: -85 [da:50:1f:79:02:fb]
RSSI: -78 [da:0a:cf:49:12:cc]
RSSI: -89 [da:52:03:9c:05:5a]
RSSI: -78 [da:0a:cf:49:12:cc]
RSSI: -90 [da:52:03:9c:05:5a]
RSSI: -76 [da:0a:cf:56:12:ec]
RSSI: -87 [da:52:03:ab:05:8a]
RSSI: -75 [da:0a:cf:56:12:ec]
RSSI: -76 [da:0a:cf:65:13:1c]
RSSI: -89 [da:52:03:ba:05:aa]
RSSI: -75 [da:0a:cf:73:13:4c]
RSSI: -74 [da:0a:cf:73:13:4c]
RSSI: -87 [da:52:03:c6:05:da]
RSSI: -74 [da:0a:cf:73:13:4c]
RSSI: -75 [da:0a:cf:80:13:6c]
RSSI: -84 [da:52:03:d6:05:fa]
RSSI: -85 [da:52:03:d6:05:fa]
RSSI: -75 [da:0a:cf:80:13:6c]
RSSI: -85 [da:52:03:d6:05:fa]
RSSI: -78 [da:0a:cf:8f:13:9c]
RSSI: -76 [da:0a:cf:9d:13:bc]
RSSI: -85 [da:52:03:f1:06:4a]
RSSI: -83 [da:52:03:f1:06:4a]
RSSI: -74 [da:0a:cf:aa:13:ec]
RSSI: -73 [da:0a:cf:aa:13:ec]
RSSI: -74 [da:0a:cf:b8:14:1c]
RSSI: -83 [da:52:04:0f:06:aa]
RSSI: -73 [da:0a:cf:b8:14:1c]
RSSI: -83 [da:52:04:0f:06:aa]
RSSI: -78 [da:0a:cf:c7:14:3c]
RSSI: -84 [da:52:04:1c:06:ca]
RSSI: -75 [da:0a:cf:d4:14:6c]
RSSI: -75 [da:0a:cf:d4:14:6c]
RSSI: -86 [da:52:04:2b:06:ea]
RSSI: -74 [da:0a:cf:e2:14:9c]
RSSI: -77 [da:0a:cf:e2:14:9c]
RSSI: -83 [da:52:04:3a:07:1a]
RSSI: -77 [da:0a:cf:f1:14:bc]
RSSI: -85 [da:52:04:47:07:3a]
RSSI: -77 [da:0a:cf:f1:14:bc]
RSSI: -85 [da:52:04:47:07:3a]
RSSI: -79 [da:0a:cf:fe:14:ec]
RSSI: -88 [da:0a:d0:0c:15:1c]
RSSI: -78 [da:0a:d0:1b:15:3c]
RSSI: -88 [da:52:04:72:07:ba]
RSSI: -86 [da:0a:d0:28:15:6c]
RSSI: -74 [da:0a:d0:28:15:6c]
RSSI: -89 [da:52:04:81:07:ea]
RSSI: -74 [da:0a:d0:36:15:8c]
RSSI: -77 [da:0a:d0:36:15:8c]
RSSI: -70 [da:0a:d0:45:15:bc]
RSSI: -70 [da:0a:d0:45:15:bc]
RSSI: -69 [da:0a:d0:52:15:dc]
RSSI: -69 [da:0a:d0:61:16:0c]
RSSI: -68 [da:0a:d0:61:16:0c]
RSSI: -66 [da:0a:d0:6f:16:3c]
RSSI: -67 [da:0a:d0:7c:16:5c]
RSSI: -64 [da:0a:d0:7c:16:5c]
RSSI: -66 [da:0a:d0:8b:00:0c]
RSSI: -65 [da:0a:d0:99:00:2c]
RSSI: -63 [da:0a:d0:a6:00:5c]
RSSI: -66 [da:0a:d0:b5:00:7c]
RSSI: -66 [da:0a:d0:b5:00:7c]
RSSI: -64 [da:0a:d0:b5:00:7c]
RSSI: -65 [da:0a:d0:c3:00:ac]
RSSI: -66 [da:0a:d0:c3:00:ac]
RSSI: -64 [da:0a:d0:d0:00:cc]
RSSI: -65 [da:0a:d0:d0:00:cc]
RSSI: -65 [da:0a:d0:df:00:fc]
RSSI: -69 [da:0a:d0:ed:01:2c]
RSSI: -69 [da:0a:d0:fa:01:4c]
RSSI: -72 [da:0a:d0:fa:01:4c]
RSSI: -72 [da:0a:d1:09:01:7c]
RSSI: -72 [da:0a:d1:09:01:7c]
RSSI: -76 [da:0a:d1:17:01:ac]
RSSI: -78 [da:0a:d1:17:01:ac]
RSSI: -83 [da:0a:d1:24:01:dc]
RSSI: -90 [da:0a:d1:33:01:fc]
RSSI: -87 [da:0a:d1:33:01:fc]
RSSI: -79 [da:0a:d1:42:02:2c]
RSSI: -76 [da:0a:d1:4e:02:5c]
RSSI: -78 [da:0a:d1:62:02:8c]
RSSI: -76 [da:0a:d1:62:02:8c]
RSSI: -78 [da:0a:d1:72:02:bc]
RSSI: -73 [da:0a:d1:7f:02:ec]
RSSI: -78 [da:0a:d1:8e:03:0c]
RSSI: -96 [da:52:05:d9:0b:ca]
RSSI: -93 [da:50:21:ca:09:eb]
RSSI: -75 [da:0a:d1:8e:03:0c]
RSSI: -82 [da:0a:d1:9d:03:3c]
RSSI: -82 [da:0a:d1:9d:03:3c]
RSSI: -75 [da:0a:d1:b8:03:8c]
RSSI: -92 [da:50:22:09:0a:ab]
RSSI: -95 [da:52:06:20:0c:9a]
RSSI: -81 [da:0a:d1:d3:03:dc]
RSSI: -78 [da:0a:d1:d3:03:dc]
RSSI: -74 [da:0a:d1:e2:04:0c]
RSSI: -81 [da:0a:d1:e2:04:0c]
RSSI: -80 [da:0a:d1:f1:04:3c]
RSSI: -75 [da:0a:d1:f1:04:3c]
RSSI: -82 [da:0a:d1:fe:04:5c]
RSSI: -82 [da:0a:d1:fe:04:5c]
RSSI: -83 [da:0a:d1:fe:04:5c]
RSSI: -81 [da:0a:d2:0c:04:8c]
RSSI: -87 [da:0a:d2:0c:04:8c]
RSSI: -82 [da:0a:d2:1b:04:bc]
RSSI: -82 [da:0a:d2:1b:04:bc]
RSSI: -81 [da:0a:d2:28:04:dc]
RSSI: -81 [da:0a:d2:28:04:dc]
RSSI: -77 [da:0a:d2:37:05:0c]
RSSI: -77 [da:0a:d2:37:05:0c]
RSSI: -76 [da:0a:d2:45:05:3c]
RSSI: -95 [da:50:22:89:0c:3b]
RSSI: -76 [da:0a:d2:52:05:6c]
RSSI: -77 [da:0a:d2:61:05:8c]
RSSI: -75 [da:0a:d2:61:05:8c]
RSSI: -75 [da:0a:d2:70:05:bc]
RSSI: -76 [da:0a:d2:70:05:bc]
RSSI: -77 [da:0a:d2:7c:05:ec]
RSSI: -77 [da:0a:d2:8b:06:1c]
RSSI: -76 [da:0a:d2:9a:06:3c]
RSSI: -79 [da:0a:d2:a7:06:6c]
RSSI: -77 [da:0a:d2:a7:06:6c]
RSSI: -78 [da:0a:d2:b5:06:9c]
RSSI: -78 [da:0a:d2:b5:06:9c]
RSSI: -76 [da:0a:d2:c4:06:cc]
RSSI: -78 [da:0a:d2:c4:06:cc]
RSSI: -77 [da:0a:d2:d1:06:ec]
RSSI: -76 [da:0a:d2:d1:06:ec]
RSSI: -76 [da:0a:d2:d1:06:ec]
RSSI: -79 [da:0a:d2:e0:07:1c]
RSSI: -77 [da:0a:d2:e0:07:1c]
RSSI: -78 [da:0a:d2:ef:07:4c]
RSSI: -77 [da:0a:d2:ef:07:4c]
RSSI: -78 [da:0a:d2:fb:07:6c]
RSSI: -76 [da:0a:d2:fb:07:6c]
RSSI: -83 [da:0a:d3:0a:07:9c]
RSSI: -76 [da:0a:d3:0a:07:9c]
RSSI: -83 [da:0a:d3:19:07:cc]
RSSI: -76 [da:0a:d3:25:07:ec]
RSSI: -76 [da:0a:d3:34:08:1c]
RSSI: -79 [da:0a:d3:34:08:1c]
RSSI: -76 [da:0a:d3:43:08:4c]
RSSI: -79 [da:0a:d3:5f:08:ac]
RSSI: -76 [da:0a:d3:6e:08:cc]
RSSI: -81 [da:0a:d3:7a:08:fc]
RSSI: -77 [da:0a:d3:7a:08:fc]
RSSI: -80 [da:0a:d3:89:09:2c]
RSSI: -80 [da:0a:d3:89:09:2c]
RSSI: -80 [da:0a:d3:98:09:5c]
RSSI: -81 [da:0a:d3:98:09:5c]
RSSI: -84 [da:0a:d3:a4:09:7c]
RSSI: -85 [da:0a:d3:c2:09:dc]
RSSI: -83 [da:0a:d3:cf:09:fc]
RSSI: -96 [da:50:24:21:10:fb]
RSSI: -88 [da:0a:d3:de:0a:2c]
RSSI: -80 [da:0a:d3:f9:0a:7c]
RSSI: -80 [da:0a:d4:08:0a:ac]
RSSI: -80 [da:0a:d4:08:0a:ac]
RSSI: -87 [da:0a:d4:17:0a:dc]
RSSI: -77 [da:0a:d4:17:0a:dc]
RSSI: -77 [da:0a:d4:17:0a:dc]
RSSI: -83 [da:0a:d4:24:0a:fc]
RSSI: -80 [da:0a:d4:33:0b:2c]
RSSI: -80 [da:0a:d4:33:0b:2c]
RSSI: -74 [da:0a:d4:41:0b:5c]
RSSI: -79 [da:0a:d4:4e:0b:8c]
RSSI: -79 [da:0a:d4:4e:0b:8c]
RSSI: -84 [da:0a:d4:4e:0b:8c]
RSSI: -79 [da:0a:d4:5d:0b:ac]
RSSI: -78 [da:0a:d4:6c:0b:dc]
RSSI: -78 [da:0a:d4:6c:0b:dc]
RSSI: -74 [da:0a:d4:79:0c:0c]
RSSI: -81 [da:0a:d4:87:0c:3c]
RSSI: -75 [da:0a:d4:87:0c:3c]
RSSI: -77 [da:0a:d4:96:0c:6c]
RSSI: -82 [da:0a:d4:96:0c:6c]
RSSI: -77 [da:0a:d4:a3:0c:8c]
RSSI: -76 [da:0a:d4:a3:0c:8c]
RSSI: -80 [da:0a:d4:b2:0c:bc]
RSSI: -75 [da:0a:d4:cd:0d:0c]
RSSI: -94 [da:52:09:29:15:3a]
RSSI: -81 [da:0a:d4:dc:0d:3c]
RSSI: -76 [da:0a:d4:dc:0d:3c]
RSSI: -81 [da:0a:d4:eb:0d:6c]
RSSI: -75 [da:0a:d5:07:0d:bc]
RSSI: -84 [da:0a:d5:07:0d:bc]
RSSI: -77 [da:0a:d5:16:0d:ec]
RSSI: -77 [da:0a:d5:16:0d:ec]
RSSI: -78 [da:0a:d5:22:0e:1c]
RSSI: -74 [da:0a:d5:22:0e:1c]
RSSI: -72 [da:0a:d5:40:0e:6c]
RSSI: -71 [da:0a:d5:4d:0e:9c]
RSSI: -71 [da:0a:d5:4d:0e:9c]
RSSI: -74 [da:0a:d5:5c:0e:cc]
RSSI: -71 [da:0a:d5:5c:0e:cc]
RSSI: -73 [da:0a:d5:6b:0e:fc]
RSSI: -75 [da:0a:d5:6b:0e:fc]
RSSI: -75 [da:0a:d5:77:0f:1c]
RSSI: -72 [da:0a:d5:86:0f:4c]
RSSI: -74 [da:0a:d5:95:0f:7c]
RSSI: -71 [da:0a:d5:95:0f:7c]
RSSI: -72 [da:0a:d5:a2:0f:9c]
RSSI: -73 [da:0a:d5:a2:0f:9c]
RSSI: -72 [da:0a:d5:b1:0f:cc]
RSSI: -74 [da:0a:d5:c0:0f:fc]
RSSI: -72 [da:0a:d5:c0:0f:fc]
RSSI: -76 [da:0a:d5:cd:10:2c]
RSSI: -76 [da:0a:d5:cd:10:2c]
RSSI: -76 [da:0a:d5:dc:10:5c]
RSSI: -75 [da:0a:d5:dc:10:5c]
RSSI: -76 [da:0a:d5:eb:10:8c]
RSSI: -76 [da:0a:d5:eb:10:8c]
RSSI: -75 [da:0a:d5:f7:10:ac]
RSSI: -90 [da:52:0a:4c:02:3a]
RSSI: -75 [da:0a:d5:f7:10:ac]
RSSI: -91 [da:50:26:3c:00:bb]
RSSI: -75 [da:0a:d6:06:10:dc]
RSSI: -76 [da:0a:d6:06:10:dc]
RSSI: -75 [da:0a:d6:15:11:0c]
RSSI: -77 [da:0a:d6:15:11:0c]
RSSI: -80 [da:0a:d6:22:11:2c]
RSSI: -80 [da:0a:d6:22:11:2c]
RSSI: -84 [da:0a:d6:31:11:5c]
RSSI: -94 [da:52:0a:94:03:0a]
RSSI: -88 [da:0a:d6:5b:11:dc]
RSSI: -83 [da:0a:d6:6a:12:0c]
RSSI: -90 [da:52:0a:bf:03:8a]
RSSI: -84 [da:0a:d6:77:12:2c]
RSSI: -90 [da:52:0a:cf:03:ba]
RSSI: -76 [da:0a:d6:86:12:5c]
RSSI: -80 [da:0a:d6:86:12:5c]
RSSI: -90 [da:52:0a:db:03:da]
RSSI: -90 [da:50:26:ca:02:6b]
RSSI: -78 [da:0a:d6:95:12:7c]
RSSI: -89 [da:52:0a:eb:04:0a]
RSSI: -79 [da:0a:d6:a2:12:ac]
RSSI: -77 [da:0a:d6:a2:12:ac]
RSSI: -90 [da:52:0a:fa:04:2a]
RSSI: -77 [da:0a:d6:b1:12:dc]
RSSI: -75 [da:0a:d6:c0:12:fc]
RSSI: -90 [da:52:0b:17:04:7a]
RSSI: -73 [da:0a:d6:cc:13:2c]
RSSI: -75 [da:0a:d6:db:13:5c]
RSSI: -74 [da:0a:d6:db:13:5c]
RSSI: -91 [da:52:0b:33:04:ca]
RSSI: -76 [da:0a:d6:eb:13:7c]
RSSI: -85 [da:52:0b:42:04:fa]
RSSI: -86 [da:52:0b:42:04:fa]
RSSI: -81 [da:0a:d6:f7:13:ac]
RSSI: -82 [da:52:0b:51:05:2a]
RSSI: -74 [da:0a:d7:06:13:dc]
RSSI: -84 [da:52:0b:5e:05:4a]
RSSI: -80 [da:52:0b:5e:05:4a]
RSSI: -73 [da:0a:d7:15:14:0c]
RSSI: -73 [da:0a:d7:15:14:0c]
RSSI: -81 [da:52:0b:6e:05:7a]
RSSI: -82 [da:52:0b:6e:05:7a]
RSSI: -77 [da:0a:d7:22:14:2c]
RSSI: -78 [da:52:0b:7d:05:aa]
RSSI: -73 [da:0a:d7:22:14:2c]
RSSI: -80 [da:52:0b:7d:05:aa]
RSSI: -76 [da:0a:d7:31:14:5c]
RSSI: -78 [da:52:0b:8a:05:ca]
RSSI: -74 [da:0a:d7:40:14:8c]
RSSI: -80 [da:52:0b:99:05:fa]
RSSI: -78 [da:52:0b:a9:06:2a]
RSSI: -76 [da:0a:d7:4d:14:ac]
RSSI: -79 [da:52:0b:a9:06:2a]
RSSI: -76 [da:0a:d7:5c:14:dc]
RSSI: -81 [da:0a:d7:5c:14:dc]
RSSI: -81 [da:0a:d7:6b:15:0c]
RSSI: -77 [da:52:0b:b5:06:4a]
RSSI: -80 [da:0a:d7:6b:15:0c]
RSSI: -76 [da:52:0b:c5:06:7a]
RSSI: -80 [da:0a:d7:77:15:2c]
RSSI: -78 [da:52:0b:c5:06:7a]
RSSI: -76 [da:52:0b:d4:06:9a]
RSSI: -75 [da:0a:d7:86:15:5c]
RSSI: -77 [da:52:0b:d4:06:9a]
RSSI: -73 [da:0a:d7:86:15:5c]
RSSI: -79 [da:0a:d7:95:15:8c]
RSSI: -76 [da:52:0b:e6:06:da]
RSSI: -76 [da:52:0b:e6:06:da]
RSSI: -69 [da:0a:d7:a2:15:ac]
RSSI: -71 [da:0a:d7:a2:15:ac]
RSSI: -76 [da:52:0c:13:07:4a]
RSSI: -67 [da:0a:d7:c0:16:0c]
RSSI: -76 [da:52:0c:13:07:4a]
RSSI: -78 [da:52:0c:13:07:4a]
RSSI: -66 [da:0a:d7:cd:16:2c]
RSSI: -66 [da:0a:d7:cd:16:2c]
RSSI: -76 [da:52:0c:22:07:7a]
RSSI: -63 [da:0a:d7:dc:16:5c]
RSSI: -80 [da:52:0c:32:07:aa]
RSSI: -65 [da:0a:d7:dc:16:5c]
RSSI: -65 [da:0a:d7:eb:00:0c]
RSSI: -62 [da:0a:d7:eb:00:0c]
RSSI: -81 [da:52:0c:3e:07:ca]
RSSI: -80 [da:52:0c:4e:07:fa]
RSSI: -64 [da:0a:d7:f8:00:2c]
RSSI: -83 [da:52:0c:4e:07:fa]
RSSI: -82 [da:52:0c:5d:08:2a]
RSSI: -64 [da:0a:d8:07:00:5c]
RSSI: -82 [da:52:0c:5d:08:2a]
RSSI: -62 [da:0a:d8:16:00:8c]
RSSI: -62 [da:0a:d8:16:00:8c]
RSSI: -86 [da:52:0c:6a:08:4a]
RSSI: -65 [da:0a:d8:22:00:ac]
RSSI: -63 [da:0a:d8:22:00:ac]
RSSI: -65 [da:0a:d8:32:00:dc]
RSSI: -66 [da:0a:d8:32:00:dc]
RSSI: -91 [da:52:0c:89:08:9a]
RSSI: -94 [da:50:28:75:07:6b]
RSSI: -66 [da:0a:d8:41:01:0c]
RSSI: -86 [da:52:0c:96:08:ca]
RSSI: -65 [da:0a:d8:4d:01:2c]
RSSI: -67 [da:0a:d8:4d:01:2c]
RSSI: -85 [da:52:0c:a5:08:fa]
RSSI: -87 [da:52:0c:a5:08:fa]
RSSI: -69 [da:0a:d8:5c:01:5c]
RSSI: -68 [da:0a:d8:5c:01:5c]
RSSI: -89 [da:52:0c:b5:09:1a]
RSSI: -72 [da:0a:d8:6b:01:8c]
RSSI: -90 [da:52:0c:c1:09:3a]
RSSI: -76 [da:0a:d8:78:01:ac]
RSSI: -87 [da:52:0c:d1:09:6a]
RSSI: -91 [da:52:0c:e0:09:9a]
RSSI: -84 [da:0a:d8:96:02:0c]
RSSI: -84 [da:0a:d8:96:02:0c]
RSSI: -81 [da:0a:d8:a3:02:3c]
RSSI: -74 [da:0a:d8:b2:02:5c]
RSSI: -75 [da:0a:d8:c1:02:8c]
RSSI: -76 [da:0a:d8:ce:02:bc]
RSSI: -91 [da:52:0d:19:0a:3a]
RSSI: -77 [da:0a:d8:ce:02:bc]
RSSI: -74 [da:0a:d8:ce:02:bc]
RSSI: -74 [da:0a:d8:ce:02:bc]
RSSI: -74 [da:0a:d8:ec:03:0c]
RSSI: -78 [da:0a:d8:f9:03:3c]
RSSI: -82 [da:0a:d9:08:03:5c]
RSSI: -80 [da:0a:d9:08:03:5c]
RSSI: -80 [da:0a:d9:08:03:5c]
RSSI: -75 [da:0a:d9:17:03:8c]
RSSI: -82 [da:0a:d9:17:03:8c]
RSSI: -74 [da:0a:d9:24:03:bc]
RSSI: -76 [da:0a:d9:33:03:dc]
RSSI: -81 [da:0a:d9:42:04:0c]
RSSI: -78 [da:0a:d9:42:04:0c]
RSSI: -75 [da:0a:d9:4f:04:3c]
RSSI: -82 [da:0a:d9:4f:04:3c]
RSSI: -78 [da:0a:d9:5e:04:6c]
RSSI: -85 [da:0a:d9:6d:04:9c]
RSSI: -81 [da:0a:d9:79:04:bc]
RSSI: -84 [da:0a:d9:79:04:bc]
RSSI: -78 [da:0a:d9:89:04:ec]
RSSI: -79 [da:0a:d9:98:05:1c]
RSSI: -82 [da:0a:d9:98:05:1c]
RSSI: -79 [da:0a:d9:a4:05:3c]
RSSI: -76 [da:0a:d9:b4:05:6c]
RSSI: -79 [da:0a:d9:b4:05:6c]
RSSI: -76 [da:0a:d9:c3:05:9c]
RSSI: -76 [da:0a:d9:c3:05:9c]
RSSI: -76 [da:0a:d9:cf:05:bc]
RSSI: -77 [da:0a:d9:df:05:ec]
RSSI: -79 [da:0a:d9:ee:06:1c]
RSSI: -79 [da:0a:d9:ee:06:1c]
RSSI: -80 [da:0a:d9:fa:06:4c]
RSSI: -81 [da:0a:d9:fa:06:4c]
RSSI: -79 [da:0a:da:0a:06:7c]
RSSI: -79 [da:0a:da:0a:06:7c]
RSSI: -80 [da:0a:da:19:06:ac]
RSSI: -77 [da:0a:da:19:06:ac]
RSSI: -78 [da:0a:da:25:06:cc]
RSSI: -75 [da:0a:da:25:06:cc]
RSSI: -78 [da:0a:da:35:06:fc]
RSSI: -77 [da:0a:da:44:07:2c]
RSSI: -80 [da:0a:da:44:07:2c]
RSSI: -83 [da:0a:da:50:07:4c]
RSSI: -78 [da:0a:da:50:07:4c]
RSSI: -85 [da:0a:da:60:07:7c]
RSSI: -76 [da:0a:da:60:07:7c]
RSSI: -75 [da:0a:da:6f:07:ac]
RSSI: -75 [da:0a:da:6f:07:ac]
RSSI: -82 [da:0a:da:6f:07:ac]
RSSI: -74 [da:0a:da:7b:07:dc]
RSSI: -76 [da:0a:da:7b:07:dc]
RSSI: -78 [da:0a:da:a6:08:5c]
RSSI: -76 [da:0a:da:b6:08:8c]
RSSI: -77 [da:0a:da:b6:08:8c]
RSSI: -84 [da:0a:da:c5:08:bc]
RSSI: -76 [da:0a:da:c5:08:bc]
RSSI: -80 [da:0a:da:d1:08:dc]
RSSI: -80 [da:0a:da:d1:08:dc]
RSSI: -78 [da:0a:da:e1:09:0c]
RSSI: -79 [da:0a:da:e1:09:0c]
RSSI: -79 [da:0a:da:f0:09:3c]
RSSI: -79 [da:0a:da:f0:09:3c]
RSSI: -82 [da:0a:da:fd:09:6c]
RSSI: -87 [da:0a:db:0c:09:9c]
RSSI: -84 [da:0a:db:1b:09:cc]
RSSI: -82 [da:0a:db:28:09:ec]
RSSI: -88 [da:0a:db:37:0a:1c]
RSSI: -87 [da:0a:db:37:0a:1c]
RSSI: -86 [da:0a:db:37:0a:1c]
RSSI: -80 [da:0a:db:53:0a:6c]
RSSI: -79 [da:0a:db:62:0a:9c]
RSSI: -80 [da:0a:db:62:0a:9c]
RSSI: -86 [da:0a:db:71:0a:cc]
RSSI: -77 [da:0a:db:71:0a:cc]
RSSI: -82 [da:0a:db:7e:0a:fc]
RSSI: -80 [da:0a:db:8d:0b:2c]
RSSI: -80 [da:0a:db:8d:0b:2c]
RSSI: -74 [da:0a:db:9c:0b:5c]
RSSI: -74 [da:0a:db:9c:0b:5c]
RSSI: -80 [da:0a:db:9c:0b:5c]
RSSI: -79 [da:0a:db:a9:0b:7c]
RSSI: -73 [da:0a:db:a9:0b:7c]
RSSI: -78 [da:0a:db:b8:0b:ac]
RSSI: -73 [da:0a:db:b8:0b:ac]
RSSI: -79 [da:0a:db:c8:0b:dc]
RSSI: -73 [da:0a:db:d4:0c:0c]
RSSI: -78 [da:0a:db:d4:0c:0c]
RSSI: -80 [da:0a:db:e4:0c:2c]
RSSI: -75 [da:0a:db:e4:0c:2c]
RSSI: -82 [da:0a:db:f3:0c:5c]
RSSI: -76 [da:0a:db:ff:0c:8c]
RSSI: -81 [da:0a:dc:0f:0c:bc]
RSSI: -74 [da:0a:dc:0f:0c:bc]
RSSI: -82 [da:0a:dc:1e:0c:ec]
RSSI: -76 [da:0a:dc:3a:0d:3c]
RSSI: -81 [da:0a:dc:49:0d:6c]
RSSI: -81 [da:0a:dc:49:0d:6c]
RSSI: -76 [da:0a:dc:49:0d:6c]
RSSI: -80 [da:0a:dc:56:0d:9c]
RSSI: -84 [da:0a:dc:65:0d:cc]
RSSI: -77 [da:0a:dc:65:0d:cc]
RSSI: -74 [da:0a:dc:74:0d:fc]
RSSI: -75 [da:0a:dc:81:0e:1c]
RSSI: -73 [da:0a:dc:81:0e:1c]
RSSI: -76 [da:0a:dc:90:0e:4c]
RSSI: -73 [da:0a:dc:90:0e:4c]
RSSI: -75 [da:0a:dc:a0:0e:7c]
RSSI: -71 [da:0a:dc:ac:0e:ac]
RSSI: -75 [da:0a:dc:ac:0e:ac]
RSSI: -71 [da:0a:dc:bc:0e:cc]
RSSI: -73 [da:0a:dc:bc:0e:cc]
RSSI: -75 [da:0a:dc:cb:0e:fc]
RSSI: -73 [da:0a:dc:cb:0e:fc]
RSSI: -75 [da:0a:dc:d7:0f:2c]
RSSI: -75 [da:0a:dc:e7:0f:5c]
RSSI: -74 [da:0a:dc:e7:0f:5c]
RSSI: -72 [da:0a:dc:f6:0f:8c]
RSSI: -73 [da:0a:dc:f6:0f:8c]
RSSI: -73 [da:0a:dd:03:0f:ac]
RSSI: -72 [da:0a:dd:03:0f:ac]
RSSI: -74 [da:0a:dd:12:0f:dc]
RSSI: -73 [da:0a:dd:12:0f:dc]
RSSI: -73 [da:0a:dd:21:10:0c]
RSSI: -76 [da:0a:dd:2e:10:3c]
RSSI: -75 [da:0a:dd:2e:10:3c]
RSSI: -76 [da:0a:dd:3d:10:6c]
RSSI: -77 [da:0a:dd:3d:10:6c]
RSSI: -91 [da:52:11:9f:00:fa]
RSSI: -96 [da:50:2d:95:00:4b]
RSSI: -93 [da:50:2d:95:00:4b]
RSSI: -76 [da:0a:dd:59:10:bc]
RSSI: -75 [da:0a:dd:59:10:bc]
RSSI: -77 [da:0a:dd:69:10:ec]
RSSI: -76 [da:0a:dd:69:10:ec]
RSSI: -77 [da:0a:dd:78:11:1c]
RSSI: -79 [da:0a:dd:78:11:1c]
RSSI: -82 [da:0a:dd:85:11:3c]
RSSI: -82 [da:0a:dd:85:11:3c]
RSSI: -86 [da:0a:dd:85:11:3c]
RSSI: -85 [da:0a:dd:94:11:6c]
RSSI: -86 [da:0a:dd:b0:11:bc]
RSSI: -96 [da:50:2d:ff:01:8b]
RSSI: -83 [da:0a:dd:bf:11:ec]
RSSI: -81 [da:0a:dd:cf:12:1c]
RSSI: -80 [da:0a:dd:cf:12:1c]
RSSI: -85 [da:0a:dd:cf:12:1c]
RSSI: -80 [da:0a:dd:db:12:3c]
RSSI: -77 [da:0a:dd:db:12:3c]
RSSI: -81 [da:0a:dd:eb:12:6c]
RSSI: -79 [da:0a:dd:fa:12:9c]
RSSI: -77 [da:0a:de:07:12:bc]
RSSI: -77 [da:0a:de:07:12:bc]
RSSI: -76 [da:0a:de:16:12:ec]
RSSI: -76 [da:0a:de:16:12:ec]
RSSI: -75 [da:0a:de:26:13:1c]
RSSI: -75 [da:0a:de:26:13:1c]
RSSI: -75 [da:0a:de:32:13:4c]
RSSI: -91 [da:52:12:8c:03:9a]
RSSI: -77 [da:0a:de:42:13:7c]
RSSI: -76 [da:0a:de:42:13:7c]
RSSI: -75 [da:0a:de:51:13:ac]
RSSI: -80 [da:0a:de:51:13:ac]
RSSI: -74 [da:0a:de:6d:13:fc]
RSSI: -74 [da:0a:de:6d:13:fc]
RSSI: -78 [da:0a:de:7c:14:2c]
RSSI: -73 [da:0a:de:7c:14:2c]
RSSI: -77 [da:0a:de:89:14:4c]
RSSI: -77 [da:0a:de:89:14:4c]
RSSI: -75 [da:0a:de:99:14:7c]
RSSI: -77 [da:0a:de:a8:14:ac]
RSSI: -92 [da:52:13:01:04:ea]
RSSI: -77 [da:0a:de:b5:14:cc]
RSSI: -81 [da:0a:de:b5:14:cc]
RSSI: -88 [da:52:13:11:05:1a]
RSSI: -79 [da:0a:de:c4:14:fc]
RSSI: -84 [da:52:13:1e:05:3a]
RSSI: -83 [da:0a:de:d3:15:2c]
RSSI: -85 [da:52:13:1e:05:3a]
RSSI: -82 [da:0a:de:d3:15:2c]
RSSI: -82 [da:52:13:2e:05:6a]
RSSI: -77 [da:0a:de:e0:15:4c]
RSSI: -76 [da:0a:de:e0:15:4c]
RSSI: -83 [da:52:13:3d:05:8a]
RSSI: -84 [da:52:13:3d:05:8a]
RSSI: -73 [da:0a:de:f0:15:7c]
RSSI: -82 [da:52:13:4a:05:ba]
RSSI: -71 [da:0a:de:ff:15:ac]
RSSI: -74 [da:0a:de:ff:15:ac]
RSSI: -73 [da:0a:de:ff:15:ac]
RSSI: -80 [da:52:13:5a:05:da]
RSSI: -81 [da:52:13:5a:05:da]
RSSI: -68 [da:0a:df:0c:15:cc]
RSSI: -82 [da:52:13:6a:06:0a]
RSSI: -68 [da:0a:df:1b:15:fc]
RSSI: -79 [da:52:13:6a:06:0a]
RSSI: -66 [da:0a:df:1b:15:fc]
RSSI: -81 [da:52:13:76:06:3a]
RSSI: -67 [da:0a:df:2a:16:2c]
RSSI: -67 [da:0a:df:2a:16:2c]
RSSI: -81 [da:52:13:86:06:5a]
RSSI: -79 [da:52:13:96:06:8a]
RSSI: -80 [da:52:13:96:06:8a]
RSSI: -80 [da:52:13:96:06:8a]
RSSI: -64 [da:0a:df:47:00:0c]
RSSI: -65 [da:0a:df:56:00:2c]
RSSI: -79 [da:52:13:a3:06:aa]
RSSI: -64 [da:0a:df:56:00:2c]
RSSI: -82 [da:52:13:b3:06:da]
RSSI: -79 [da:52:13:b3:06:da]
RSSI: -80 [da:52:13:c2:07:0a]
RSSI: -64 [da:0a:df:72:00:8c]
RSSI: -81 [da:52:13:c2:07:0a]
RSSI: -64 [da:0a:df:72:00:8c]
RSSI: -80 [da:52:13:cf:07:3a]
RSSI: -64 [da:0a:df:81:00:bc]
RSSI: -81 [da:52:13:cf:07:3a]
RSSI: -81 [da:52:13:df:07:5a]
RSSI: -65 [da:0a:df:8e:00:dc]
RSSI: -81 [da:52:13:df:07:5a]
RSSI: -65 [da:0a:df:8e:00:dc]
RSSI: -81 [da:52:13:ef:07:8a]
RSSI: -82 [da:52:13:ef:07:8a]
RSSI: -66 [da:0a:df:a3:01:1c]
RSSI: -67 [da:0a:df:a3:01:1c]
RSSI: -84 [da:52:13:fb:07:aa]
RSSI: -70 [da:0a:df:b3:01:4c]
RSSI: -85 [da:52:14:0b:07:da]
RSSI: -85 [da:52:14:0b:07:da]
RSSI: -70 [da:0a:df:c0:01:6c]
RSSI: -73 [da:0a:df:c0:01:6c]
RSSI: -86 [da:52:14:1b:08:0a]
RSSI: -90 [da:52:14:1b:08:0a]
RSSI: -74 [da:0a:df:cf:01:9c]
RSSI: -76 [da:0a:df:cf:01:9c]
RSSI: -78 [da:0a:df:df:01:cc]
RSSI: -82 [da:0a:df:df:01:cc]
RSSI: -86 [da:0a:df:eb:01:ec]
RSSI: -93 [da:52:14:48:08:8a]
RSSI: -79 [da:0a:df:fb:02:1c]
RSSI: -80 [da:0a:df:fb:02:1c]
RSSI: -77 [da:0a:e0:0a:02:4c]
RSSI: -74 [da:0a:e0:0a:02:4c]
RSSI: -75 [da:0a:e0:17:02:6c]
RSSI: -75 [da:0a:e0:17:02:6c]
RSSI: -89 [da:52:14:74:09:0a]
RSSI: -77 [da:0a:e0:26:02:9c]
RSSI: -74 [da:0a:e0:26:02:9c]
RSSI: -72 [da:0a:e0:36:02:cc]
RSSI: -77 [da:0a:e0:36:02:cc]
RSSI: -75 [da:0a:e0:42:02:fc]
RSSI: -74 [da:0a:e0:42:02:fc]
RSSI: -77 [da:0a:e0:52:03:2c]
RSSI: -83 [da:0a:e0:61:03:5c]
RSSI: -95 [da:52:14:ad:09:aa]
RSSI: -78 [da:0a:e0:61:03:5c]
RSSI: -75 [da:0a:e0:6e:03:7c]
RSSI: -73 [da:0a:e0:7d:03:ac]
RSSI: -75 [da:0a:e0:8d:03:dc]
RSSI: -75 [da:0a:e0:8d:03:dc]
RSSI: -80 [da:0a:e0:9a:03:fc]
RSSI: -90 [da:52:14:ea:0a:5a]
RSSI: -76 [da:0a:e0:9a:03:fc]
RSSI: -82 [da:0a:e0:a9:04:2c]
RSSI: -79 [da:0a:e0:b9:04:5c]
RSSI: -77 [da:0a:e0:b9:04:5c]
RSSI: -77 [da:0a:e0:b9:04:5c]
RSSI: -83 [da:0a:e0:c5:04:8c]
RSSI: -85 [da:0a:e0:d5:04:bc]
RSSI: -89 [da:0a:e0:e4:04:ec]
RSSI: -82 [da:0a:e0:e4:04:ec]
RSSI: -92 [da:50:31:32:0b:2b]
RSSI: -93 [da:52:15:43:0b:5a]
RSSI: -85 [da:0a:e0:f1:05:0c]
RSSI: -79 [da:0a:e1:00:05:3c]
RSSI: -81 [da:0a:e1:00:05:3c]
RSSI: -78 [da:0a:e1:10:05:6c]
RSSI: -80 [da:0a:e1:10:05:6c]
RSSI: -77 [da:0a:e1:1d:05:8c]
RSSI: -76 [da:0a:e1:2c:05:bc]
RSSI: -77 [da:0a:e1:2c:05:bc]
RSSI: -81 [da:0a:e1:3c:05:ec]
RSSI: -78 [da:0a:e1:48:06:1c]
RSSI: -80 [da:0a:e1:58:06:4c]
RSSI: -80 [da:0a:e1:58:06:4c]
RSSI: -84 [da:0a:e1:58:06:4c]
RSSI: -78 [da:0a:e1:67:06:7c]
RSSI: -81 [da:0a:e1:74:06:9c]
RSSI: -78 [da:0a:e1:74:06:9c]
RSSI: -78 [da:0a:e1:83:06:cc]
RSSI: -78 [da:0a:e1:83:06:cc]
RSSI: -78 [da:0a:e1:83:06:cc]
RSSI: -78 [da:0a:e1:93:06:fc]
RSSI: -79 [da:0a:e1:a0:07:2c]
RSSI: -81 [da:0a:e1:a0:07:2c]
RSSI: -78 [da:0a:e1:af:07:5c]
RSSI: -78 [da:0a:e1:af:07:5c]
RSSI: -77 [da:0a:e1:bf:07:8c]
RSSI: -83 [da:0a:e1:cb:07:ac]
RSSI: -75 [da:0a:e1:cb:07:ac]
RSSI: -75 [da:0a:e1:db:07:dc]
RSSI: -82 [da:0a:e1:db:07:dc]
RSSI: -74 [da:0a:e1:ea:08:0c]
RSSI: -77 [da:0a:e1:ea:08:0c]
RSSI: -75 [da:0a:e1:f7:08:3c]
RSSI: -76 [da:0a:e2:07:08:6c]
RSSI: -78 [da:0a:e2:16:08:9c]
RSSI: -84 [da:0a:e2:16:08:9c]
RSSI: -77 [da:0a:e2:23:08:bc]
RSSI: -76 [da:0a:e2:33:08:ec]
RSSI: -79 [da:0a:e2:42:09:1c]
RSSI: -78 [da:0a:e2:42:09:1c]
RSSI: -80 [da:0a:e2:4f:09:3c]
RSSI: -81 [da:0a:e2:5e:09:6c]
RSSI: -86 [da:0a:e2:7a:09:cc]
RSSI: -91 [da:52:16:e4:10:1a]
RSSI: -86 [da:0a:e2:8a:09:fc]
RSSI: -81 [da:0a:e2:9a:0a:2c]
RSSI: -83 [da:0a:e2:a6:0a:4c]
RSSI: -79 [da:0a:e2:a6:0a:4c]
RSSI: -80 [da:0a:e2:b6:0a:7c]
RSSI: -88 [da:0a:e2:c5:0a:ac]
RSSI: -80 [da:0a:e2:d2:0a:dc]
RSSI: -84 [da:0a:e2:d2:0a:dc]
RSSI: -77 [da:0a:e2:e2:0b:0c]
RSSI: -79 [da:0a:e2:e2:0b:0c]
RSSI: -81 [da:0a:e2:f1:0b:3c]
RSSI: -75 [da:0a:e2:f1:0b:3c]
RSSI: -82 [da:0a:e2:fe:0b:5c]
RSSI: -80 [da:0a:e2:fe:0b:5c]
RSSI: -74 [da:0a:e2:fe:0b:5c]
RSSI: -80 [da:0a:e3:0e:0b:8c]
RSSI: -79 [da:0a:e3:0e:0b:8c]
RSSI: -73 [da:0a:e3:1d:0b:bc]
RSSI: -79 [da:0a:e3:1d:0b:bc]
RSSI: -73 [da:0a:e3:2a:0b:ec]
RSSI: -73 [da:0a:e3:2a:0b:ec]
RSSI: -80 [da:0a:e3:3a:0c:1c]
RSSI: -74 [da:0a:e3:3a:0c:1c]
RSSI: -78 [da:0a:e3:49:0c:4c]
RSSI: -81 [da:0a:e3:49:0c:4c]
RSSI: -78 [da:0a:e3:65:0c:9c]
RSSI: -80 [da:0a:e3:75:0c:cc]
RSSI: -75 [da:0a:e3:91:0d:2c]
RSSI: -80 [da:0a:e3:a1:0d:5c]
RSSI: -80 [da:0a:e3:ad:0d:7c]
RSSI: -79 [da:0a:e3:ad:0d:7c]
RSSI: -88 [da:0a:e3:bd:0d:ac]
RSSI: -75 [da:0a:e3:cd:0d:dc]
RSSI: -75 [da:0a:e3:d9:0e:0c]
RSSI: -74 [da:0a:e3:d9:0e:0c]
RSSI: -78 [da:0a:e3:e9:0e:3c]
RSSI: -73 [da:0a:e3:e9:0e:3c]
RSSI: -75 [da:0a:e3:f9:0e:6c]
RSSI: -71 [da:0a:e4:05:0e:8c]
RSSI: -74 [da:0a:e4:05:0e:8c]
RSSI: -71 [da:0a:e4:15:0e:bc]
RSSI: -72 [da:0a:e4:15:0e:bc]
RSSI: -74 [da:0a:e4:25:0e:ec]
RSSI: -72 [da:0a:e4:25:0e:ec]
RSSI: -73 [da:0a:e4:31:0f:1c]
RSSI: -98 [da:50:34:79:14:fb]
RSSI: -75 [da:0a:e4:41:0f:4c]
RSSI: -75 [da:0a:e4:41:0f:4c]
RSSI: -72 [da:0a:e4:51:0f:7c]
RSSI: -75 [da:0a:e4:51:0f:7c]
RSSI: -72 [da:0a:e4:5d:0f:9c]
RSSI: -73 [da:0a:e4:6d:0f:cc]
RSSI: -73 [da:0a:e4:6d:0f:cc]
RSSI: -72 [da:0a:e4:6d:0f:cc]
RSSI: -72 [da:0a:e4:7d:0f:fc]
RSSI: -90 [da:52:18:d0:15:9a]
RSSI: -74 [da:0a:e4:7d:0f:fc]
RSSI: -73 [da:0a:e4:89:10:2c]
RSSI: -92 [da:52:18:dd:15:ba]
RSSI: -76 [da:0a:e4:99:10:5c]
RSSI: -76 [da:0a:e4:99:10:5c]
RSSI: -76 [da:0a:e4:a9:10:8c]
RSSI: -76 [da:0a:e4:a9:10:8c]
RSSI: -76 [da:0a:e4:b5:10:ac]
RSSI: -75 [da:0a:e4:c5:10:dc]
RSSI: -75 [da:0a:e4:c5:10:dc]
RSSI: -76 [da:0a:e4:c5:10:dc]
RSSI: -78 [da:0a:e4:d5:11:0c]
RSSI: -80 [da:0a:e4:e1:11:2c]
RSSI: -83 [da:0a:e4:e1:11:2c]
RSSI: -85 [da:0a:e4:f1:11:5c]
RSSI: -87 [da:0a:e4:f1:11:5c]
RSSI: -93 [da:50:35:42:00:cb]
RSSI: -87 [da:0a:e5:0e:11:bc]
RSSI: -86 [da:0a:e5:2d:12:1c]
RSSI: -77 [da:0a:e5:3a:12:3c]
RSSI: -81 [da:0a:e5:3a:12:3c]
RSSI: -89 [da:52:19:90:01:7a]
RSSI: -76 [da:0a:e5:49:12:6c]
RSSI: -79 [da:0a:e5:59:12:9c]
RSSI: -78 [da:0a:e5:59:12:9c]
RSSI: -77 [da:0a:e5:66:12:bc]
RSSI: -75 [da:0a:e5:75:12:ec]
RSSI: -74 [da:0a:e5:85:13:1c]
RSSI: -75 [da:0a:e5:85:13:1c]
RSSI: -74 [da:0a:e5:92:13:3c]
RSSI: -75 [da:0a:e5:a2:13:6c]
RSSI: -75 [da:0a:e5:a2:13:6c]
RSSI: -79 [da:0a:e5:b1:13:9c]
RSSI: -75 [da:0a:e5:b1:13:9c]
RSSI: -80 [da:0a:e5:be:13:cc]
RSSI: -74 [da:0a:e5:ce:13:fc]
RSSI: -78 [da:0a:e5:ce:13:fc]
RSSI: -73 [da:0a:e5:dd:14:2c]
RSSI: -90 [da:50:36:19:03:4b]
RSSI: -73 [da:0a:e5:dd:14:2c]
RSSI: -91 [da:50:36:26:03:6b]
RSSI: -72 [da:0a:e5:ea:14:4c]
RSSI: -75 [da:0a:e5:fa:14:7c]
RSSI: -91 [da:50:36:42:03:bb]
RSSI: -74 [da:0a:e5:fa:14:7c]
RSSI: -75 [da:0a:e6:0a:14:ac]
RSSI: -91 [da:52:1a:55:03:9a]
RSSI: -75 [da:0a:e6:0a:14:ac]
RSSI: -79 [da:0a:e6:16:14:cc]
RSSI: -79 [da:0a:e6:16:14:cc]
RSSI: -89 [da:52:1a:71:03:fa]
RSSI: -84 [da:0a:e6:26:14:fc]
RSSI: -83 [da:0a:e6:26:14:fc]
RSSI: -77 [da:0a:e6:36:15:2c]
RSSI: -83 [da:0a:e6:42:15:5c]
RSSI: -82 [da:0a:e6:42:15:5c]
RSSI: -71 [da:0a:e6:52:15:8c]
RSSI: -67 [da:0a:e6:62:15:bc]
RSSI: -90 [da:52:1a:b7:04:ba]
RSSI: -67 [da:0a:e6:6e:15:dc]
RSSI: -86 [da:52:1a:c7:04:ea]
RSSI: -67 [da:0a:e6:7e:16:0c]
RSSI: -82 [da:52:1a:d4:05:0a]
RSSI: -82 [da:52:1a:d4:05:0a]
RSSI: -64 [da:0a:e6:8e:16:3c]
RSSI: -84 [da:52:1a:e4:05:3a]
RSSI: -83 [da:52:1a:e4:05:3a]
RSSI: -65 [da:0a:e6:9b:16:5c]
RSSI: -63 [da:0a:e6:9b:16:5c]
RSSI: -80 [da:52:1a:f1:05:5a]
RSSI: -64 [da:0a:e6:ab:00:2c]
RSSI: -79 [da:52:1b:01:05:8a]
RSSI: -64 [da:0a:e6:ab:00:2c]
RSSI: -80 [da:52:1b:01:05:8a]
RSSI: -64 [da:0a:e6:ba:00:5c]
RSSI: -80 [da:52:1b:0e:05:aa]
RSSI: -62 [da:0a:e6:c7:00:8c]
RSSI: -64 [da:0a:e6:c7:00:8c]
RSSI: -77 [da:52:1b:27:05:fa]
RSSI: -78 [da:52:1b:34:06:1a]
RSSI: -65 [da:0a:e6:e6:00:ec]
RSSI: -77 [da:52:1b:40:06:4a]
RSSI: -64 [da:0a:e6:f3:01:0c]
RSSI: -76 [da:52:1b:4d:06:6a]
RSSI: -66 [da:0a:e6:f3:01:0c]
RSSI: -76 [da:52:1b:4d:06:6a]
RSSI: -66 [da:0a:e7:03:01:3c]
RSSI: -77 [da:52:1b:5a:06:8a]
RSSI: -68 [da:0a:e7:13:01:6c]
RSSI: -77 [da:52:1b:66:06:ba]
RSSI: -67 [da:0a:e7:13:01:6c]
RSSI: -70 [da:0a:e7:1f:01:8c]
RSSI: -76 [da:52:1b:73:06:da]
RSSI: -70 [da:0a:e7:1f:01:8c]
RSSI: -77 [da:52:1b:80:06:fa]
RSSI: -73 [da:0a:e7:2f:01:bc]
RSSI: -79 [da:0a:e7:3f:01:ec]
RSSI: -80 [da:0a:e7:3f:01:ec]
RSSI: -76 [da:52:1b:99:07:4a]
RSSI: -84 [da:0a:e7:4c:02:1c]
RSSI: -77 [da:52:1b:a6:07:6a]
RSSI: -82 [da:0a:e7:5b:02:4c]
RSSI: -78 [da:52:1b:b3:07:8a]
RSSI: -79 [da:0a:e7:5b:02:4c]
RSSI: -78 [da:52:1b:b3:07:8a]
RSSI: -79 [da:0a:e7:6b:02:7c]
RSSI: -77 [da:52:1b:bf:07:ba]
RSSI: -78 [da:0a:e7:6b:02:7c]
RSSI: -79 [da:52:1b:cc:07:da]
RSSI: -72 [da:0a:e7:78:02:9c]
RSSI: -79 [da:52:1b:d9:07:fa]
RSSI: -74 [da:0a:e7:88:02:cc]
RSSI: -81 [da:52:1b:d9:07:fa]
RSSI: -71 [da:0a:e7:88:02:cc]
RSSI: -76 [da:0a:e7:98:02:fc]
RSSI: -81 [da:52:1b:e5:08:1a]
RSSI: -75 [da:0a:e7:98:02:fc]
RSSI: -84 [da:52:1b:f2:08:4a]
RSSI: -77 [da:0a:e7:a4:03:2c]
RSSI: -84 [da:52:1b:ff:08:6a]
RSSI: -77 [da:0a:e7:a4:03:2c]
RSSI: -77 [da:0a:e7:a4:03:2c]
RSSI: -87 [da:52:1b:ff:08:6a]
RSSI: -76 [da:0a:e7:b4:03:5c]
RSSI: -86 [da:52:1c:0c:08:8a]
RSSI: -80 [da:0a:e7:b4:03:5c]
RSSI: -81 [da:0a:e7:c4:03:8c]
RSSI: -86 [da:52:1c:18:08:ba]
RSSI: -76 [da:0a:e7:c4:03:8c]
RSSI: -85 [da:52:1c:18:08:ba]
RSSI: -86 [da:52:1c:25:08:da]
RSSI: -80 [da:0a:e7:d0:03:ac]
RSSI: -80 [da:0a:e7:e0:03:dc]
RSSI: -84 [da:52:1c:32:08:fa]
RSSI: -79 [da:0a:e7:e0:03:dc]
RSSI: -78 [da:0a:e7:e0:03:dc]
RSSI: -84 [da:52:1c:3f:09:1a]
RSSI: -73 [da:0a:e7:f0:04:0c]
RSSI: -84 [da:52:1c:3f:09:1a]
RSSI: -80 [da:0a:e7:f0:04:0c]
RSSI: -85 [da:52:1c:4b:09:4a]
RSSI: -88 [da:52:1c:4b:09:4a]
RSSI: -74 [da:0a:e7:fd:04:2c]
RSSI: -80 [da:0a:e8:0d:04:5c]
RSSI: -90 [da:52:1c:65:09:8a]
RSSI: -76 [da:0a:e8:0d:04:5c]
RSSI: -81 [da:0a:e8:1c:04:8c]
RSSI: -79 [da:0a:e8:29:04:bc]
RSSI: -81 [da:0a:e8:39:04:ec]
RSSI: -77 [da:0a:e8:39:04:ec]
RSSI: -79 [da:0a:e8:49:05:1c]
RSSI: -76 [da:0a:e8:55:05:3c]
RSSI: -77 [da:0a:e8:55:05:3c]
RSSI: -76 [da:0a:e8:65:05:6c]
RSSI: -76 [da:0a:e8:65:05:6c]
RSSI: -77 [da:0a:e8:75:05:9c]
RSSI: -76 [da:0a:e8:75:05:9c]
RSSI: -75 [da:0a:e8:82:05:cc]
RSSI: -76 [da:0a:e8:82:05:cc]
RSSI: -75 [da:0a:e8:92:05:fc]
RSSI: -79 [da:0a:e8:a2:06:2c]
RSSI: -76 [da:0a:e8:a2:06:2c]
RSSI: -81 [da:0a:e8:ae:06:4c]
RSSI: -81 [da:0a:e8:ae:06:4c]
RSSI: -79 [da:0a:e8:be:06:7c]
RSSI: -76 [da:0a:e8:ce:06:ac]
RSSI: -79 [da:0a:e8:db:06:dc]
RSSI: -75 [da:0a:e8:db:06:dc]
RSSI: -78 [da:0a:e8:eb:07:0c]
RSSI: -79 [da:0a:e8:fa:07:3c]
RSSI: -78 [da:0a:e9:07:07:5c]
RSSI: -78 [da:0a:e9:17:07:9c]
RSSI: -84 [da:0a:e9:27:07:cc]
RSSI: -75 [da:0a:e9:33:07:ec]
RSSI: -82 [da:0a:e9:33:07:ec]
RSSI: -78 [da:0a:e9:43:08:1c]
RSSI: -76 [da:0a:e9:53:08:4c]
RSSI: -76 [da:0a:e9:53:08:4c]
RSSI: -91 [da:52:1d:bd:0d:6a]
RSSI: -76 [da:0a:e9:60:08:7c]
RSSI: -92 [da:52:1d:ca:0d:8a]
RSSI: -78 [da:0a:e9:80:08:dc]
RSSI: -75 [da:0a:e9:8c:08:fc]
RSSI: -90 [da:52:1d:e3:0d:da]
RSSI: -79 [da:0a:e9:8c:08:fc]
RSSI: -80 [da:0a:e9:9c:09:2c]
RSSI: -77 [da:0a:e9:9c:09:2c]
RSSI: -80 [da:0a:e9:ac:09:6c]
RSSI: -91 [da:52:1d:fd:0e:2a]
RSSI: -82 [da:0a:e9:b9:09:8c]
RSSI: -82 [da:0a:e9:b9:09:8c]
RSSI: -86 [da:0a:e9:c9:09:bc]
RSSI: -86 [da:0a:e9:c9:09:bc]
RSSI: -89 [da:0a:e9:e5:0a:1c]
RSSI: -83 [da:0a:ea:05:0a:7c]
RSSI: -81 [da:0a:ea:05:0a:7c]
RSSI: -80 [da:0a:ea:12:0a:9c]
RSSI: -85 [da:0a:ea:22:0a:cc]
RSSI: -77 [da:0a:ea:22:0a:cc]
RSSI: -91 [da:52:1e:8a:0f:ba]
RSSI: -79 [da:0a:ea:3e:0b:2c]
RSSI: -79 [da:0a:ea:3e:0b:2c]
RSSI: -74 [da:0a:ea:4e:0b:5c]
RSSI: -80 [da:0a:ea:4e:0b:5c]
RSSI: -78 [da:0a:ea:5e:0b:8c]
RSSI: -73 [da:0a:ea:5e:0b:8c]
RSSI: -78 [da:0a:ea:6b:0b:bc]
RSSI: -73 [da:0a:ea:6b:0b:bc]
RSSI: -78 [da:0a:ea:7b:0b:ec]
RSSI: -78 [da:0a:ea:7b:0b:ec]
RSSI: -73 [da:0a:ea:8b:0c:1c]
RSSI: -78 [da:0a:ea:8b:0c:1c]
RSSI: -74 [da:0a:ea:97:0c:3c]
RSSI: -80 [da:0a:ea:a7:0c:6c]
RSSI: -75 [da:0a:ea:a7:0c:6c]
RSSI: -76 [da:0a:ea:b7:0c:9c]
RSSI: -83 [da:0a:ea:b7:0c:9c]
RSSI: -75 [da:0a:ea:c4:0c:cc]
RSSI: -81 [da:0a:ea:d4:0c:fc]
RSSI: -74 [da:0a:ea:d4:0c:fc]
RSSI: -80 [da:0a:ea:e4:0d:2c]
RSSI: -90 [da:0a:ea:f1:0d:5c]
RSSI: -90 [da:0a:ea:f1:0d:5c]
RSSI: -76 [da:0a:eb:01:0d:8c]
RSSI: -80 [da:0a:eb:11:0d:bc]
RSSI: -76 [da:0a:eb:11:0d:bc]
RSSI: -79 [da:0a:eb:1d:0d:dc]
RSSI: -82 [da:0a:eb:2d:0e:0c]
RSSI: -76 [da:0a:eb:2d:0e:0c]
RSSI: -76 [da:0a:eb:2d:0e:0c]
RSSI: -74 [da:0a:eb:3d:0e:3c]
RSSI: -78 [da:0a:eb:3d:0e:3c]
RSSI: -72 [da:0a:eb:4a:0e:6c]
RSSI: -73 [da:0a:eb:5a:0e:9c]
RSSI: -71 [da:0a:eb:5a:0e:9c]
RSSI: -76 [da:0a:eb:6a:0e:cc]
RSSI: -75 [da:0a:eb:6a:0e:cc]
RSSI: -72 [da:0a:eb:6a:0e:cc]
RSSI: -76 [da:0a:eb:76:0e:fc]
RSSI: -74 [da:0a:eb:87:0f:2c]
RSSI: -73 [da:0a:eb:97:0f:5c]
RSSI: -76 [da:0a:eb:97:0f:5c]
RSSI: -73 [da:0a:eb:a3:0f:7c]
RSSI: -73 [da:0a:eb:a3:0f:7c]
RSSI: -75 [da:0a:eb:b3:0f:ac]
RSSI: -75 [da:0a:eb:b3:0f:ac]
RSSI: -72 [da:0a:eb:b3:0f:ac]
RSSI: -73 [da:0a:eb:c3:0f:dc]
RSSI: -74 [da:0a:eb:c3:0f:dc]
RSSI: -73 [da:0a:eb:d0:10:0c]
RSSI: -74 [da:0a:eb:e0:10:3c]
RSSI: -74 [da:0a:eb:e0:10:3c]
RSSI: -77 [da:0a:eb:f0:10:6c]
RSSI: -76 [da:0a:eb:f0:10:6c]
RSSI: -77 [da:0a:eb:fd:10:8c]
RSSI: -76 [da:0a:ec:0d:10:cc]
RSSI: -77 [da:0a:ec:0d:10:cc]
RSSI: -77 [da:0a:ec:1d:10:fc]
RSSI: -75 [da:0a:ec:1d:10:fc]
RSSI: -77 [da:0a:ec:29:11:1c]
RSSI: -78 [da:0a:ec:29:11:1c]
RSSI: -78 [da:0a:ec:29:11:1c]
RSSI: -80 [da:0a:ec:39:11:4c]
RSSI: -82 [da:0a:ec:39:11:4c]
RSSI: -90 [da:52:20:99:15:9a]
RSSI: -83 [da:0a:ec:49:11:7c]
RSSI: -89 [da:0a:ec:66:11:cc]
RSSI: -85 [da:0a:ec:76:11:fc]
RSSI: -79 [da:0a:ec:93:12:5c]
RSSI: -82 [da:0a:ec:93:12:5c]
RSSI: -80 [da:0a:ec:a3:12:8c]
RSSI: -80 [da:0a:ec:a3:12:8c]
RSSI: -77 [da:0a:ec:a3:12:8c]
RSSI: -80 [da:0a:ec:af:12:ac]
RSSI: -79 [da:0a:ec:af:12:ac]
RSSI: -78 [da:0a:ec:c0:12:dc]
RSSI: -76 [da:0a:ec:c0:12:dc]
RSSI: -77 [da:0a:ec:d0:13:0c]
RSSI: -76 [da:0a:ec:d0:13:0c]
RSSI: -76 [da:0a:ec:dc:13:2c]
RSSI: -73 [da:0a:ec:ec:13:6c]
RSSI: -76 [da:0a:ec:ec:13:6c]
RSSI: -75 [da:0a:ec:fc:13:9c]
RSSI: -74 [da:0a:ec:fc:13:9c]
RSSI: -87 [da:50:3d:48:02:6b]
RSSI: -76 [da:0a:ed:09:13:bc]
RSSI: -88 [da:50:3d:54:02:8b]
RSSI: -78 [da:0a:ed:19:13:ec]
RSSI: -88 [da:50:3d:62:02:bb]
RSSI: -88 [da:50:3d:62:02:bb]
RSSI: -74 [da:0a:ed:29:14:1c]
RSSI: -78 [da:0a:ed:29:14:1c]
RSSI: -88 [da:50:3d:71:02:eb]
RSSI: -74 [da:0a:ed:36:14:4c]
RSSI: -73 [da:0a:ed:36:14:4c]
RSSI: -87 [da:50:3d:7d:03:0b]
RSSI: -74 [da:0a:ed:46:14:7c]
RSSI: -74 [da:0a:ed:46:14:7c]
RSSI: -76 [da:0a:ed:56:14:ac]
RSSI: -75 [da:0a:ed:56:14:ac]
RSSI: -76 [da:0a:ed:63:14:cc]
RSSI: -88 [da:50:3d:a6:03:8b]
RSSI: -79 [da:0a:ed:73:14:fc]
RSSI: -78 [da:0a:ed:73:14:fc]
RSSI: -88 [da:50:3d:b5:03:ab]
RSSI: -82 [da:0a:ed:83:15:2c]
RSSI: -86 [da:0a:ed:83:15:2c]
RSSI: -79 [da:0a:ed:8f:15:5c]
RSSI: -85 [da:0a:ed:a0:15:8c]
RSSI: -74 [da:0a:ed:a0:15:8c]
RSSI: -75 [da:0a:ed:b0:15:bc]
RSSI: -88 [da:50:3d:ec:04:5b]
RSSI: -77 [da:0a:ed:b0:15:bc]
RSSI: -71 [da:0a:ed:bc:15:dc]
RSSI: -71 [da:0a:ed:bc:15:dc]
RSSI: -91 [da:50:3d:f9:04:7b]
RSSI: -88 [da:52:22:0f:03:9a]
RSSI: -70 [da:0a:ed:bc:15:dc]
RSSI: -69 [da:0a:ed:cd:16:0c]
RSSI: -87 [da:52:22:29:03:ea]
RSSI: -68 [da:0a:ed:cd:16:0c]
RSSI: -68 [da:0a:ed:dd:16:3c]
RSSI: -68 [da:0a:ed:dd:16:3c]
RSSI: -88 [da:52:22:36:04:0a]
RSSI: -66 [da:0a:ed:e9:16:5c]
RSSI: -65 [da:0a:ed:f9:00:0c]
RSSI: -65 [da:0a:ed:f9:00:0c]
RSSI: -66 [da:0a:ee:09:00:2c]
RSSI: -89 [da:52:22:5c:04:7a]
RSSI: -65 [da:0a:ee:09:00:2c]
RSSI: -90 [da:52:22:5c:04:7a]
RSSI: -66 [da:0a:ee:16:00:5c]
RSSI: -91 [da:52:22:76:04:ba]
RSSI: -64 [da:0a:ee:26:00:8c]
RSSI: -91 [da:52:22:83:04:ea]
RSSI: -66 [da:0a:ee:26:00:8c]
RSSI: -89 [da:52:22:83:04:ea]
RSSI: -65 [da:0a:ee:36:00:bc]
RSSI: -65 [da:0a:ee:36:00:bc]
RSSI: -87 [da:52:22:90:05:0a]
RSSI: -87 [da:52:22:9d:05:2a]
RSSI: -65 [da:0a:ee:43:00:dc]
RSSI: -68 [da:0a:ee:43:00:dc]
RSSI: -84 [da:52:22:aa:05:5a]
RSSI: -83 [da:52:22:aa:05:5a]
RSSI: -67 [da:0a:ee:5c:01:2c]
RSSI: -84 [da:52:22:b7:05:7a]
RSSI: -69 [da:0a:ee:6c:01:5c]
RSSI: -70 [da:0a:ee:6c:01:5c]
RSSI: -82 [da:52:22:c4:05:9a]
RSSI: -95 [da:50:3e:c6:06:eb]
RSSI: -78 [da:52:22:de:05:ea]
RSSI: -74 [da:0a:ee:89:01:bc]
RSSI: -78 [da:52:22:eb:06:0a]
RSSI: -79 [da:0a:ee:99:01:ec]
RSSI: -79 [da:52:22:eb:06:0a]
RSSI: -78 [da:52:22:f8:06:2a]
RSSI: -82 [da:0a:ee:a5:02:0c]
RSSI: -77 [da:52:22:f8:06:2a]
RSSI: -82 [da:0a:ee:a5:02:0c]
RSSI: -77 [da:52:23:05:06:5a]
RSSI: -85 [da:0a:ee:b6:02:3c]
RSSI: -80 [da:0a:ee:b6:02:3c]
RSSI: -78 [da:52:23:12:06:7a]
RSSI: -82 [da:0a:ee:c2:02:5c]
RSSI: -77 [da:52:23:1f:06:9a]
RSSI: -78 [da:0a:ee:cf:02:8c]
RSSI: -79 [da:0a:ee:dc:02:ac]
RSSI: -73 [da:0a:ee:e8:02:dc]
RSSI: -77 [da:52:23:39:06:ea]
RSSI: -73 [da:0a:ee:e8:02:dc]
RSSI: -78 [da:0a:ee:e8:02:dc]
RSSI: -77 [da:52:23:46:07:0a]
RSSI: -77 [da:0a:ee:f5:02:fc]
RSSI: -79 [da:0a:ef:02:03:1c]
RSSI: -76 [da:52:23:53:07:2a]
RSSI: -80 [da:0a:ef:02:03:1c]
RSSI: -76 [da:0a:ef:0e:03:4c]
RSSI: -77 [da:52:23:60:07:5a]
RSSI: -76 [da:0a:ef:0e:03:4c]
RSSI: -78 [da:52:23:6d:07:7a]
RSSI: -85 [da:0a:ef:1b:03:6c]
RSSI: -83 [da:0a:ef:28:03:9c]
RSSI: -78 [da:52:23:7a:07:9a]
RSSI: -83 [da:0a:ef:28:03:9c]
RSSI: -79 [da:52:23:87:07:ca]
RSSI: -79 [da:0a:ef:41:03:dc]
RSSI: -80 [da:0a:ef:4e:04:0c]
RSSI: -80 [da:0a:ef:4e:04:0c]
RSSI: -83 [da:52:23:a1:08:0a]
RSSI: -74 [da:0a:ef:5a:04:2c]
RSSI: -83 [da:52:23:ae:08:3a]
RSSI: -80 [da:0a:ef:67:04:5c]
RSSI: -87 [da:52:23:bb:08:5a]
RSSI: -85 [da:52:23:c8:08:7a]
RSSI: -82 [da:0a:ef:74:04:7c]
RSSI: -91 [da:52:23:c8:08:7a]
RSSI: -78 [da:0a:ef:80:04:9c]
RSSI: -89 [da:52:23:d5:08:aa]
RSSI: -85 [da:0a:ef:8d:04:cc]
RSSI: -88 [da:52:23:ef:08:ea]
RSSI: -79 [da:0a:ef:9a:04:ec]
RSSI: -91 [da:50:3f:e7:0a:4b]
RSSI: -87 [da:52:23:fc:09:0a]
RSSI: -78 [da:0a:ef:b3:05:3c]
RSSI: -77 [da:0a:ef:c0:05:6c]
RSSI: -79 [da:0a:ef:cd:05:8c]
RSSI: -87 [da:52:24:23:09:7a]
RSSI: -77 [da:0a:ef:da:05:ac]
RSSI: -77 [da:0a:ef:da:05:ac]
RSSI: -78 [da:0a:ef:e6:05:dc]
RSSI: -93 [da:52:24:4a:09:ea]
RSSI: -83 [da:0a:f0:00:06:2c]
RSSI: -77 [da:0a:f0:00:06:2c]
RSSI: -79 [da:0a:f0:19:06:7c]
RSSI: -85 [da:0a:f0:26:06:9c]
RSSI: -90 [da:52:24:71:0a:5a]
RSSI: -76 [da:0a:f0:26:06:9c]
RSSI: -82 [da:0a:f0:32:06:cc]
RSSI: -90 [da:52:24:8b:0a:aa]
RSSI: -80 [da:0a:f0:3f:06:ec]
RSSI: -80 [da:0a:f0:3f:06:ec]
RSSI: -80 [da:0a:f0:4c:07:1c]
RSSI: -77 [da:0a:f0:4c:07:1c]
RSSI: -82 [da:0a:f0:59:07:3c]
RSSI: -80 [da:0a:f0:65:07:6c]
RSSI: -79 [da:0a:f0:65:07:6c]
RSSI: -77 [da:0a:f0:72:07:8c]
RSSI: -85 [da:0a:f0:7f:07:bc]
RSSI: -76 [da:0a:f0:8b:07:dc]
RSSI: -76 [da:0a:f0:8b:07:dc]
RSSI: -86 [da:0a:f0:98:08:0c]
RSSI: -75 [da:0a:f0:98:08:0c]
RSSI: -76 [da:0a:f0:b2:08:4c]
RSSI: -81 [da:0a:f0:b2:08:4c]
RSSI: -77 [da:0a:f0:bf:08:7c]
RSSI: -76 [da:0a:f0:d8:08:cc]
RSSI: -80 [da:0a:f0:d8:08:cc]
RSSI: -82 [da:0a:f0:e5:08:ec]
RSSI: -80 [da:0a:f0:f2:09:1c]
RSSI: -80 [da:0a:f0:f2:09:1c]
RSSI: -78 [da:0a:f0:fe:09:3c]
RSSI: -80 [da:0a:f0:fe:09:3c]
RSSI: -80 [da:0a:f1:0b:09:6c]
RSSI: -81 [da:0a:f1:0b:09:6c]
RSSI: -83 [da:0a:f1:18:09:8c]
RSSI: -83 [da:0a:f1:18:09:8c]
RSSI: -87 [da:0a:f1:25:09:bc]
RSSI: -84 [da:0a:f1:25:09:bc]
RSSI: -87 [da:0a:f1:31:09:dc]
RSSI: -90 [da:0a:f1:3e:0a:0c]
RSSI: -91 [da:0a:f1:3e:0a:0c]
RSSI: -83 [da:0a:f1:4b:0a:2c]
RSSI: -85 [da:0a:f1:58:0a:5c]
RSSI: -81 [da:0a:f1:65:0a:7c]
RSSI: -82 [da:0a:f1:71:0a:9c]
RSSI: -80 [da:0a:f1:71:0a:9c]
RSSI: -80 [da:0a:f1:7e:0a:cc]
RSSI: -81 [da:0a:f1:8b:0a:ec]
RSSI: -84 [da:0a:f1:8b:0a:ec]
RSSI: -78 [da:0a:f1:97:0b:1c]
RSSI: -81 [da:0a:f1:97:0b:1c]
RSSI: -82 [da:0a:f1:a4:0b:3c]
RSSI: -76 [da:0a:f1:a4:0b:3c]
RSSI: -81 [da:0a:f1:b1:0b:6c]
RSSI: -80 [da:0a:f1:b1:0b:6c]
RSSI: -76 [da:0a:f1:be:0b:8c]
RSSI: -81 [da:0a:f1:be:0b:8c]
RSSI: -79 [da:0a:f1:cb:0b:bc]
RSSI: -75 [da:0a:f1:cb:0b:bc]
RSSI: -80 [da:0a:f1:d7:0b:dc]
RSSI: -79 [da:0a:f1:d7:0b:dc]
RSSI: -75 [da:0a:f1:e4:0c:0c]
RSSI: -80 [da:0a:f1:e4:0c:0c]
RSSI: -80 [da:0a:f1:f1:0c:2c]
RSSI: -75 [da:0a:f1:f1:0c:2c]
RSSI: -79 [da:0a:f1:fe:0c:5c]
RSSI: -81 [da:0a:f1:fe:0c:5c]
RSSI: -76 [da:0a:f2:0a:0c:7c]
RSSI: -78 [da:0a:f2:0a:0c:7c]
RSSI: -82 [da:0a:f2:17:0c:9c]
RSSI: -78 [da:0a:f2:17:0c:9c]
RSSI: -77 [da:0a:f2:24:0c:cc]
RSSI: -87 [da:0a:f2:24:0c:cc]
RSSI: -81 [da:0a:f2:31:0c:ec]
RSSI: -75 [da:0a:f2:31:0c:ec]
RSSI: -81 [da:0a:f2:3e:0d:1c]
RSSI: -75 [da:0a:f2:4b:0d:3c]
RSSI: -91 [da:0a:f2:4b:0d:3c]
RSSI: -80 [da:0a:f2:57:0d:6c]
RSSI: -75 [da:0a:f2:57:0d:6c]
RSSI: -81 [da:0a:f2:64:0d:8c]
RSSI: -75 [da:0a:f2:71:0d:bc]
RSSI: -89 [da:0a:f2:71:0d:bc]
RSSI: -80 [da:0a:f2:7e:0d:dc]
RSSI: -75 [da:0a:f2:7e:0d:dc]
RSSI: -82 [da:0a:f2:8b:0e:0c]
RSSI: -77 [da:0a:f2:8b:0e:0c]
RSSI: -74 [da:0a:f2:97:0e:2c]
RSSI: -79 [da:0a:f2:97:0e:2c]
RSSI: -74 [da:0a:f2:a4:0e:5c]
RSSI: -72 [da:0a:f2:a4:0e:5c]
RSSI: -77 [da:0a:f2:b1:0e:7c]
RSSI: -72 [da:0a:f2:b1:0e:7c]
RSSI: -70 [da:0a:f2:be:0e:ac]
RSSI: -74 [da:0a:f2:be:0e:ac]
RSSI: -70 [da:0a:f2:ca:0e:cc]
RSSI: -71 [da:0a:f2:ca:0e:cc]
RSSI: -74 [da:0a:f2:d7:0e:fc]
RSSI: -71 [da:0a:f2:d7:0e:fc]
RSSI: -73 [da:0a:f2:e4:0f:1c]
RSSI: -74 [da:0a:f2:e4:0f:1c]
RSSI: -71 [da:0a:f2:f1:0f:4c]
RSSI: -74 [da:0a:f2:f1:0f:4c]
RSSI: -74 [da:0a:f2:fe:0f:6c]
RSSI: -71 [da:0a:f2:fe:0f:6c]
RSSI: -74 [da:0a:f3:0b:0f:9c]
RSSI: -73 [da:0a:f3:0b:0f:9c]
RSSI: -71 [da:0a:f3:17:0f:bc]
RSSI: -72 [da:0a:f3:24:0f:ec]
RSSI: -71 [da:0a:f3:24:0f:ec]
RSSI: -71 [da:0a:f3:31:10:0c]
RSSI: -73 [da:0a:f3:31:10:0c]
RSSI: -73 [da:0a:f3:31:10:0c]
RSSI: -73 [da:0a:f3:3e:10:3c]
RSSI: -72 [da:0a:f3:3e:10:3c]
RSSI: -75 [da:0a:f3:4b:10:5c]
RSSI: -76 [da:0a:f3:4b:10:5c]
RSSI: -75 [da:0a:f3:58:10:8c]
RSSI: -75 [da:0a:f3:58:10:8c]
RSSI: -75 [da:0a:f3:58:10:8c]
RSSI: -77 [da:0a:f3:64:10:ac]
RSSI: -76 [da:0a:f3:64:10:ac]
RSSI: -75 [da:0a:f3:71:10:dc]
RSSI: -77 [da:0a:f3:71:10:dc]
RSSI: -76 [da:0a:f3:7e:10:fc]
RSSI: -77 [da:0a:f3:7e:10:fc]
RSSI: -78 [da:0a:f3:8b:11:2c]
RSSI: -77 [da:0a:f3:8b:11:2c]
RSSI: -81 [da:0a:f3:98:11:4c]
RSSI: -82 [da:0a:f3:98:11:4c]
RSSI: -88 [da:0a:f3:b1:11:9c]
RSSI: -85 [da:0a:f3:be:11:bc]
RSSI: -84 [da:0a:f3:d8:12:0c]
RSSI: -81 [da:0a:f3:d8:12:0c]
RSSI: -82 [da:0a:f3:e5:12:2c]
RSSI: -78 [da:0a:f3:e5:12:2c]
RSSI: -78 [da:0a:f3:f2:12:5c]
RSSI: -74 [da:0a:f3:ff:12:7c]
RSSI: -77 [da:0a:f4:0c:12:9c]
RSSI: -76 [da:0a:f4:0c:12:9c]
RSSI: -77 [da:0a:f4:19:12:cc]
RSSI: -75 [da:0a:f4:25:12:ec]
RSSI: -94 [da:50:44:66:01:4b]
RSSI: -75 [da:0a:f4:25:12:ec]
RSSI: -75 [da:0a:f4:32:13:1c]
RSSI: -73 [da:0a:f4:32:13:1c]
RSSI: -74 [da:0a:f4:3f:13:3c]
RSSI: -75 [da:0a:f4:4c:13:5c]
RSSI: -87 [da:50:44:8f:01:cb]
RSSI: -74 [da:0a:f4:59:13:8c]
RSSI: -75 [da:0a:f4:59:13:8c]
RSSI: -87 [da:50:44:9c:01:fb]
RSSI: -76 [da:0a:f4:66:13:ac]
RSSI: -86 [da:50:44:ab:02:1b]
RSSI: -82 [da:0a:f4:72:13:dc]
RSSI: -86 [da:50:44:b9:02:4b]
RSSI: -74 [da:0a:f4:80:13:fc]
RSSI: -74 [da:0a:f4:80:13:fc]
RSSI: -73 [da:0a:f4:80:13:fc]
RSSI: -84 [da:50:44:c6:02:6b]
RSSI: -86 [da:50:44:c6:02:6b]
RSSI: -72 [da:0a:f4:8c:14:2c]
RSSI: -86 [da:50:44:d4:02:9b]
RSSI: -73 [da:0a:f4:99:14:4c]
RSSI: -83 [da:50:44:d4:02:9b]
RSSI: -85 [da:50:44:e3:02:cb]
RSSI: -70 [da:0a:f4:a6:14:7c]
RSSI: -85 [da:50:44:e3:02:cb]
RSSI: -71 [da:0a:f4:a6:14:7c]
RSSI: -72 [da:0a:f4:b3:14:9c]
RSSI: -84 [da:50:44:fe:03:1b]
RSSI: -69 [da:0a:f4:c0:14:bc]
RSSI: -85 [da:50:44:fe:03:1b]
RSSI: -74 [da:0a:f4:cd:14:ec]
RSSI: -83 [da:50:45:0d:03:4b]
RSSI: -86 [da:0a:f4:da:15:0c]
RSSI: -84 [da:50:45:19:03:6b]
RSSI: -82 [da:50:45:19:03:6b]
RSSI: -76 [da:0a:f4:e6:15:3c]
RSSI: -83 [da:50:45:28:03:9b]
RSSI: -76 [da:0a:f4:f4:15:5c]
RSSI: -81 [da:50:45:37:03:cb]
RSSI: -83 [da:50:45:37:03:cb]
RSSI: -68 [da:0a:f5:00:15:8c]
RSSI: -82 [da:50:45:43:03:eb]
RSSI: -69 [da:0a:f5:0d:15:ac]
RSSI: -84 [da:50:45:52:04:1b]
RSSI: -63 [da:0a:f5:1a:15:cc]
RSSI: -83 [da:50:45:60:04:3b]
RSSI: -84 [da:50:45:60:04:3b]
RSSI: -63 [da:0a:f5:27:15:fc]
RSSI: -63 [da:0a:f5:27:15:fc]
RSSI: -84 [da:50:45:6d:04:6b]
RSSI: -85 [da:50:45:6d:04:6b]
RSSI: -60 [da:0a:f5:34:16:1c]
RSSI: -60 [da:0a:f5:41:16:4c]
RSSI: -87 [da:50:45:7c:04:9b]
RSSI: -61 [da:0a:f5:4e:16:6c]
RSSI: -61 [da:0a:f5:4e:16:6c]
RSSI: -59 [da:0a:f5:4e:16:6c]
RSSI: -59 [da:0a:f5:5a:00:0c]
RSSI: -58 [da:0a:f5:68:00:2c]
RSSI: -61 [da:0a:f5:75:00:4c]
RSSI: -58 [da:0a:f5:75:00:4c]
RSSI: -57 [da:0a:f5:81:00:7c]
RSSI: -57 [da:0a:f5:81:00:7c]
RSSI: -87 [da:52:29:da:03:7a]
RSSI: -85 [da:52:29:da:03:7a]
RSSI: -60 [da:0a:f5:8e:00:9c]
RSSI: -84 [da:52:29:e8:03:9a]
RSSI: -82 [da:52:29:e8:03:9a]
RSSI: -69 [da:0a:f5:9b:00:cc]
RSSI: -65 [da:0a:f5:9b:00:cc]
RSSI: -83 [da:52:29:f5:03:ca]
RSSI: -76 [da:0a:f5:a8:00:ec]
RSSI: -80 [da:52:2a:02:03:ea]
RSSI: -81 [da:52:2a:02:03:ea]
RSSI: -76 [da:0a:f5:b5:01:1c]
RSSI: -69 [da:0a:f5:c2:01:3c]
RSSI: -80 [da:52:2a:1d:04:3a]
RSSI: -71 [da:0a:f5:c2:01:3c]
RSSI: -80 [da:52:2a:1d:04:3a]
RSSI: -68 [da:0a:f5:cf:01:6c]
RSSI: -70 [da:0a:f5:dc:01:8c]
RSSI: -81 [da:52:2a:2a:04:5a]
RSSI: -69 [da:0a:f5:dc:01:8c]
RSSI: -81 [da:52:2a:37:04:7a]
RSSI: -72 [da:0a:f5:e9:01:bc]
RSSI: -81 [da:52:2a:37:04:7a]
RSSI: -73 [da:0a:f5:e9:01:bc]
RSSI: -76 [da:0a:f5:f5:01:dc]
RSSI: -82 [da:52:2a:45:04:aa]
RSSI: -83 [da:0a:f5:f5:01:dc]
RSSI: -81 [da:52:2a:51:04:ca]
RSSI: -80 [da:0a:f6:03:02:0c]
RSSI: -81 [da:52:2a:51:04:ca]
RSSI: -83 [da:0a:f6:03:02:0c]
RSSI: -79 [da:52:2a:5f:04:ea]
RSSI: -84 [da:0a:f6:10:02:2c]
RSSI: -78 [da:52:2a:6c:05:1a]
RSSI: -85 [da:0a:f6:1c:02:5c]
RSSI: -76 [da:52:2a:79:05:3a]
RSSI: -83 [da:0a:f6:29:02:7c]
RSSI: -81 [da:0a:f6:29:02:7c]
RSSI: -76 [da:52:2a:87:05:5a]
RSSI: -75 [da:0a:f6:36:02:9c]
RSSI: -75 [da:52:2a:87:05:5a]
RSSI: -75 [da:52:2a:87:05:5a]
RSSI: -74 [da:0a:f6:36:02:9c]
RSSI: -73 [da:52:2a:94:05:8a]
RSSI: -71 [da:0a:f6:43:02:cc]
RSSI: -70 [da:0a:f6:50:02:ec]
RSSI: -74 [da:52:2a:a1:05:aa]
RSSI: -72 [da:0a:f6:50:02:ec]
RSSI: -70 [da:0a:f6:5d:03:1c]
RSSI: -73 [da:52:2a:ae:05:ca]
RSSI: -71 [da:0a:f6:5d:03:1c]
RSSI: -69 [da:0a:f6:5d:03:1c]
RSSI: -73 [da:52:2a:ae:05:ca]
RSSI: -70 [da:0a:f6:5d:03:1c]
RSSI: -73 [da:52:2a:bc:05:fa]
RSSI: -75 [da:0a:f6:6a:03:3c]
RSSI: -73 [da:52:2a:bc:05:fa]
RSSI: -75 [da:0a:f6:6a:03:3c]
RSSI: -73 [da:52:2a:c8:06:1a]
RSSI: -74 [da:0a:f6:77:03:5c]
RSSI: -72 [da:52:2a:c8:06:1a]
RSSI: -82 [da:0a:f6:77:03:5c]
RSSI: -72 [da:52:2a:d6:06:3a]
RSSI: -82 [da:0a:f6:84:03:8c]
RSSI: -72 [da:52:2a:d6:06:3a]
RSSI: -72 [da:52:2a:d6:06:3a]
RSSI: -81 [da:0a:f6:84:03:8c]
RSSI: -72 [da:52:2a:d6:06:3a]
RSSI: -73 [da:52:2a:e4:06:6a]
RSSI: -84 [da:0a:f6:91:03:ac]
RSSI: -72 [da:52:2a:e4:06:6a]
RSSI: -83 [da:0a:f6:91:03:ac]
RSSI: -73 [da:52:2a:f0:06:8a]
RSSI: -78 [da:0a:f6:9e:03:dc]
RSSI: -72 [da:52:2a:f0:06:8a]
RSSI: -76 [da:0a:f6:9e:03:dc]
RSSI: -81 [da:0a:f6:ab:03:fc]
RSSI: -72 [da:52:2a:fe:06:ba]
RSSI: -78 [da:0a:f6:ab:03:fc]
RSSI: -73 [da:52:2a:fe:06:ba]
RSSI: -72 [da:52:2b:0b:06:da]
RSSI: -73 [da:52:2b:0b:06:da]
RSSI: -89 [da:0a:f6:c5:04:4c]
RSSI: -72 [da:52:2b:18:06:fa]
RSSI: -80 [da:0a:f6:c5:04:4c]
RSSI: -72 [da:52:2b:18:06:fa]
RSSI: -81 [da:0a:f6:d2:04:7c]
RSSI: -73 [da:52:2b:26:07:2a]
RSSI: -73 [da:52:2b:26:07:2a]
RSSI: -82 [da:0a:f6:df:04:9c]
RSSI: -73 [da:52:2b:33:07:4a]
RSSI: -87 [da:0a:f6:ec:04:cc]
RSSI: -71 [da:52:2b:40:07:6a]
RSSI: -79 [da:0a:f6:f9:04:ec]
RSSI: -74 [da:52:2b:4d:07:9a]
RSSI: -75 [da:0a:f6:f9:04:ec]
RSSI: -75 [da:52:2b:5b:07:ba]
RSSI: -76 [da:0a:f7:05:05:0c]
RSSI: -75 [da:52:2b:5b:07:ba]
RSSI: -74 [da:52:2b:67:07:ea]
RSSI: -76 [da:0a:f7:13:05:3c]
RSSI: -78 [da:52:2b:67:07:ea]
RSSI: -77 [da:0a:f7:20:05:6c]
RSSI: -78 [da:52:2b:75:08:0a]
RSSI: -80 [da:0a:f7:20:05:6c]
RSSI: -79 [da:52:2b:75:08:0a]
RSSI: -77 [da:52:2b:75:08:0a]
RSSI: -82 [da:52:2b:83:08:2a]
RSSI: -80 [da:0a:f7:3a:05:ac]
RSSI: -81 [da:52:2b:8f:08:5a]
RSSI: -86 [da:52:2b:8f:08:5a]
RSSI: -84 [da:0a:f7:47:05:dc]
RSSI: -86 [da:52:2b:9d:08:7a]
RSSI: -86 [da:52:2b:9d:08:7a]
RSSI: -79 [da:0a:f7:53:05:fc]
RSSI: -88 [da:52:2b:aa:08:aa]
RSSI: -77 [da:0a:f7:60:06:2c]
RSSI: -88 [da:52:2b:b7:08:ca]
RSSI: -82 [da:0a:f7:6e:06:4c]
RSSI: -86 [da:52:2b:c5:08:ea]
RSSI: -89 [da:0a:f7:7a:06:7c]
RSSI: -80 [da:0a:f7:87:06:9c]
RSSI: -83 [da:0a:f7:95:06:cc]
RSSI: -80 [da:0a:f7:a1:06:ec]
RSSI: -80 [da:0a:f7:a1:06:ec]
RSSI: -79 [da:0a:f7:ae:07:1c]
RSSI: -84 [da:0a:f7:ae:07:1c]
RSSI: -81 [da:0a:f7:d5:07:8c]
RSSI: -77 [da:0a:f7:e2:07:bc]
RSSI: -76 [da:0a:f7:e2:07:bc]
RSSI: -79 [da:0a:f7:ef:07:dc]
RSSI: -74 [da:0a:f7:ef:07:dc]
RSSI: -75 [da:0a:f7:fc:08:0c]
RSSI: -81 [da:0a:f7:fc:08:0c]
RSSI: -86 [da:0a:f8:16:08:5c]
RSSI: -87 [da:0a:f8:16:08:5c]
RSSI: -78 [da:0a:f8:16:08:5c]
RSSI: -72 [da:0a:f8:23:08:8c]
RSSI: -81 [da:0a:f8:23:08:8c]
RSSI: -76 [da:0a:f8:30:08:ac]
RSSI: -71 [da:0a:f8:30:08:ac]
RSSI: -79 [da:0a:f8:3d:08:dc]
RSSI: -73 [da:0a:f8:3d:08:dc]
RSSI: -72 [da:0a:f8:4a:08:fc]
RSSI: -79 [da:0a:f8:4a:08:fc]
RSSI: -80 [da:0a:f8:4a:08:fc]
RSSI: -73 [da:0a:f8:58:09:2c]
RSSI: -76 [da:0a:f8:58:09:2c]
RSSI: -81 [da:0a:f8:64:09:4c]
RSSI: -76 [da:0a:f8:64:09:4c]
RSSI: -82 [da:0a:f8:71:09:7c]
RSSI: -81 [da:0a:f8:7f:09:9c]
RSSI: -79 [da:0a:f8:7f:09:9c]
RSSI: -84 [da:0a:f8:8b:09:cc]
RSSI: -88 [da:0a:f8:8b:09:cc]
RSSI: -80 [da:0a:f8:a6:0a:1c]
RSSI: -81 [da:0a:f8:a6:0a:1c]
RSSI: -87 [da:0a:f8:b2:0a:3c]
RSSI: -83 [da:0a:f8:cd:0a:8c]
RSSI: -82 [da:0a:f8:d9:0a:bc]
RSSI: -78 [da:0a:f8:e7:0a:dc]
RSSI: -78 [da:0a:f8:e7:0a:dc]
RSSI: -76 [da:0a:f8:f4:0b:0c]
RSSI: -75 [da:0a:f9:00:0b:2c]
RSSI: -75 [da:0a:f9:0e:0b:5c]
RSSI: -74 [da:0a:f9:0e:0b:5c]
RSSI: -73 [da:0a:f9:1b:0b:8c]
RSSI: -73 [da:0a:f9:28:0b:ac]
RSSI: -75 [da:0a:f9:35:0b:dc]
RSSI: -74 [da:0a:f9:35:0b:dc]
RSSI: -75 [da:0a:f9:42:0b:fc]
RSSI: -76 [da:0a:f9:42:0b:fc]
RSSI: -74 [da:0a:f9:4f:0c:2c]
RSSI: -74 [da:0a:f9:4f:0c:2c]
RSSI: -77 [da:0a:f9:5c:0c:4c]
RSSI: -75 [da:0a:f9:5c:0c:4c]
RSSI: -79 [da:0a:f9:69:0c:7c]
RSSI: -80 [da:0a:f9:69:0c:7c]
RSSI: -75 [da:0a:f9:76:0c:9c]
RSSI: -78 [da:0a:f9:76:0c:9c]
RSSI: -83 [da:0a:f9:83:0c:cc]
RSSI: -76 [da:0a:f9:83:0c:cc]
RSSI: -76 [da:0a:f9:83:0c:cc]
RSSI: -79 [da:0a:f9:90:0c:ec]
RSSI: -77 [da:0a:f9:9d:0d:1c]
RSSI: -81 [da:0a:f9:9d:0d:1c]
RSSI: -87 [da:0a:f9:aa:0d:3c]
RSSI: -81 [da:0a:f9:aa:0d:3c]
RSSI: -82 [da:0a:f9:b8:0d:6c]
RSSI: -84 [da:0a:f9:b8:0d:6c]
RSSI: -86 [da:0a:f9:c4:0d:8c]
RSSI: -84 [da:0a:f9:c4:0d:8c]
RSSI: -83 [da:0a:f9:d2:0d:bc]
RSSI: -83 [da:0a:f9:d2:0d:bc]
RSSI: -82 [da:0a:f9:df:0d:ec]
RSSI: -85 [da:0a:f9:eb:0e:0c]
RSSI: -81 [da:0a:f9:f9:0e:3c]
RSSI: -76 [da:0a:f9:f9:0e:3c]
RSSI: -81 [da:0a:fa:06:0e:5c]
RSSI: -78 [da:0a:fa:13:0e:8c]
RSSI: -76 [da:0a:fa:20:0e:ac]
RSSI: -80 [da:0a:fa:3a:0e:fc]
RSSI: -81 [da:0a:fa:47:0f:2c]
RSSI: -80 [da:0a:fa:54:0f:4c]
RSSI: -83 [da:0a:fa:61:0f:7c]
RSSI: -83 [da:0a:fa:61:0f:7c]
RSSI: -80 [da:0a:fa:6e:0f:ac]
RSSI: -83 [da:0a:fa:7c:0f:cc]
RSSI: -83 [da:0a:fa:7c:0f:cc]
RSSI: -81 [da:0a:fa:88:0f:ec]
RSSI: -87 [da:0a:fa:88:0f:ec]
RSSI: -87 [da:0a:fa:96:10:1c]
RSSI: -84 [da:0a:fa:96:10:1c]
RSSI: -90 [da:0a:fa:b0:10:6c]
RSSI: -86 [da:0a:fa:bd:10:8c]
RSSI: -84 [da:0a:fa:bd:10:8c]
RSSI: -84 [da:0a:fa:ca:10:bc]
RSSI: -84 [da:0a:fa:ca:10:bc]
RSSI: -87 [da:0a:fa:e4:11:0c]
RSSI: -86 [da:0a:fa:e4:11:0c]
RSSI: -91 [da:0a:fa:fe:11:5c]
RSSI: -82 [da:0a:fb:0c:11:7c]
RSSI: -87 [da:0a:fb:19:11:ac]
RSSI: -84 [da:0a:fb:19:11:ac]
RSSI: -89 [da:0a:fb:25:11:cc]
RSSI: -82 [da:0a:fb:33:11:fc]
RSSI: -84 [da:0a:fb:40:12:1c]
RSSI: -83 [da:0a:fb:40:12:1c]
RSSI: -83 [da:0a:fb:40:12:1c]
RSSI: -82 [da:0a:fb:52:12:4c]
RSSI: -81 [da:0a:fb:52:12:4c]
RSSI: -85 [da:0a:fb:62:12:8c]
RSSI: -81 [da:0a:fb:62:12:8c]
RSSI: -82 [da:0a:fb:70:12:ac]
RSSI: -85 [da:0a:fb:70:12:ac]
RSSI: -81 [da:0a:fb:7c:12:dc]
RSSI: -85 [da:0a:fb:8a:12:fc]
RSSI: -81 [da:0a:fb:8a:12:fc]
RSSI: -83 [da:0a:fb:97:13:2c]
RSSI: -86 [da:0a:fb:a4:13:4c]
RSSI: -89 [da:50:4b:ee:01:5b]
RSSI: -83 [da:0a:fb:b1:13:7c]
RSSI: -85 [da:0a:fb:be:13:9c]
RSSI: -88 [da:50:4b:fd:01:8b]
RSSI: -84 [da:0a:fb:d9:13:ec]
RSSI: -85 [da:50:4c:27:02:0b]
RSSI: -81 [da:0a:fb:e6:14:1c]
RSSI: -85 [da:50:4c:27:02:0b]
RSSI: -83 [da:0a:fb:f3:14:3c]
RSSI: -84 [da:50:4c:36:02:2b]
RSSI: -84 [da:50:4c:36:02:2b]
RSSI: -77 [da:0a:fc:00:14:6c]
RSSI: -84 [da:50:4c:43:02:5b]
RSSI: -77 [da:0a:fc:0d:14:8c]
RSSI: -82 [da:50:4c:52:02:8b]
RSSI: -75 [da:0a:fc:1a:14:ac]
RSSI: -83 [da:50:4c:61:02:ab]
RSSI: -82 [da:50:4c:61:02:ab]
RSSI: -77 [da:0a:fc:27:14:dc]
RSSI: -83 [da:50:4c:6d:02:db]
RSSI: -85 [da:0a:fc:35:14:fc]
RSSI: -82 [da:50:4c:6d:02:db]
RSSI: -82 [da:0a:fc:35:14:fc]
RSSI: -78 [da:0a:fc:41:15:2c]
RSSI: -88 [da:0a:fc:41:15:2c]
RSSI: -82 [da:50:4c:8b:03:2b]
RSSI: -81 [da:0a:fc:4f:15:4c]
RSSI: -84 [da:50:4c:8b:03:2b]
RSSI: -81 [da:0a:fc:4f:15:4c]
RSSI: -81 [da:0a:fc:4f:15:4c]
RSSI: -82 [da:50:4c:98:03:5b]
RSSI: -77 [da:0a:fc:5c:15:7c]
RSSI: -83 [da:50:4c:98:03:5b]
RSSI: -75 [da:0a:fc:5c:15:7c]
RSSI: -77 [da:0a:fc:69:15:9c]
RSSI: -87 [da:50:4c:a7:03:7b]
RSSI: -73 [da:0a:fc:69:15:9c]
RSSI: -83 [da:50:4c:a7:03:7b]
RSSI: -84 [da:50:4c:c2:03:db]
RSSI: -87 [da:50:4c:c2:03:db]
RSSI: -68 [da:0a:fc:90:16:0c]
RSSI: -68 [da:0a:fc:90:16:0c]
RSSI: -67 [da:0a:fc:90:16:0c]
RSSI: -88 [da:50:4c:d2:04:0b]
RSSI: -65 [da:0a:fc:9e:16:3c]
RSSI: -66 [da:0a:fc:9e:16:3c]
RSSI: -66 [da:0a:fc:ab:16:6c]
RSSI: -64 [da:0a:fc:ab:16:6c]
RSSI: -65 [da:0a:fc:b8:00:0c]
RSSI: -63 [da:0a:fc:c5:00:2c]
RSSI: -65 [da:0a:fc:d3:00:5c]
RSSI: -62 [da:0a:fc:d3:00:5c]
RSSI: -65 [da:0a:fc:df:00:7c]
RSSI: -63 [da:0a:fc:ed:00:ac]
RSSI: -63 [da:0a:fc:fa:00:cc]
RSSI: -95 [da:50:4d:36:05:3b]
RSSI: -65 [da:0a:fd:07:00:ec]
RSSI: -64 [da:0a:fd:07:00:ec]
RSSI: -65 [da:0a:fd:14:01:1c]
RSSI: -66 [da:0a:fd:14:01:1c]
RSSI: -65 [da:0a:fd:22:01:4c]
RSSI: -68 [da:0a:fd:2f:01:6c]
RSSI: -69 [da:0a:fd:3c:01:9c]
RSSI: -70 [da:0a:fd:3c:01:9c]
RSSI: -69 [da:0a:fd:49:01:bc]
RSSI: -72 [da:0a:fd:49:01:bc]
RSSI: -72 [da:0a:fd:56:01:dc]
RSSI: -73 [da:0a:fd:56:01:dc]
RSSI: -74 [da:0a:fd:56:01:dc]
RSSI: -78 [da:0a:fd:64:02:0c]
RSSI: -79 [da:0a:fd:64:02:0c]
RSSI: -82 [da:0a:fd:71:02:3c]
RSSI: -86 [da:0a:fd:71:02:3c]
RSSI: -81 [da:0a:fd:8b:02:7c]
RSSI: -78 [da:0a:fd:99:02:ac]
RSSI: -77 [da:0a:fd:99:02:ac]
RSSI: -76 [da:0a:fd:a5:02:cc]
RSSI: -76 [da:0a:fd:a5:02:cc]
RSSI: -76 [da:0a:fd:b3:02:fc]
RSSI: -78 [da:0a:fd:c0:03:2c]
RSSI: -78 [da:0a:fd:cd:03:4c]
RSSI: -81 [da:0a:fd:da:03:7c]
RSSI: -84 [da:0a:fd:da:03:7c]
RSSI: -89 [da:52:32:42:05:3a]
RSSI: -89 [da:0a:fd:f4:03:cc]
RSSI: -88 [da:52:32:4f:05:5a]
RSSI: -84 [da:0a:fe:02:03:ec]
RSSI: -90 [da:0a:fe:10:04:1c]
RSSI: -85 [da:52:32:5d:05:8a]
RSSI: -85 [da:52:32:6b:05:aa]
RSSI: -80 [da:0a:fe:1c:04:3c]
RSSI: -83 [da:0a:fe:1c:04:3c]
RSSI: -80 [da:0a:fe:2a:04:6c]
RSSI: -82 [da:52:32:85:05:fa]
RSSI: -82 [da:0a:fe:37:04:8c]
RSSI: -82 [da:52:32:93:06:2a]
RSSI: -82 [da:0a:fe:44:04:bc]
RSSI: -82 [da:0a:fe:44:04:bc]
RSSI: -82 [da:52:32:a0:06:4a]
RSSI: -88 [da:0a:fe:51:04:dc]
RSSI: -81 [da:52:32:a0:06:4a]
RSSI: -83 [da:52:32:a0:06:4a]
RSSI: -81 [da:0a:fe:51:04:dc]
RSSI: -81 [da:52:32:ae:06:6a]
RSSI: -82 [da:52:32:ae:06:6a]
RSSI: -86 [da:0a:fe:5f:05:0c]
RSSI: -83 [da:52:32:bc:06:9a]
RSSI: -77 [da:0a:fe:6c:05:2c]
RSSI: -81 [da:52:32:c9:06:ba]
RSSI: -89 [da:0a:fe:79:05:5c]
RSSI: -83 [da:52:32:c9:06:ba]
RSSI: -81 [da:52:32:d7:06:ea]
RSSI: -81 [da:52:32:d7:06:ea]
RSSI: -83 [da:52:32:e4:07:0a]
RSSI: -81 [da:52:32:e4:07:0a]
RSSI: -83 [da:0a:fe:93:05:ac]
RSSI: -82 [da:52:32:f1:07:2a]
RSSI: -82 [da:52:32:ff:07:5a]
RSSI: -79 [da:0a:fe:bb:06:2c]
RSSI: -82 [da:0a:fe:c9:06:4c]
RSSI: -84 [da:52:33:1a:07:9a]
RSSI: -81 [da:0a:fe:c9:06:4c]
RSSI: -85 [da:52:33:28:07:ca]
RSSI: -84 [da:0a:fe:d6:06:7c]
RSSI: -84 [da:52:33:36:07:ea]
RSSI: -83 [da:0a:fe:e3:06:9c]
RSSI: -84 [da:52:33:36:07:ea]
RSSI: -85 [da:0a:fe:e3:06:9c]
RSSI: -88 [da:52:33:42:08:1a]
RSSI: -87 [da:52:33:42:08:1a]
RSSI: -82 [da:0a:fe:f0:06:cc]
RSSI: -85 [da:0a:fe:fe:06:fc]
RSSI: -90 [da:52:33:50:08:3a]
RSSI: -84 [da:0a:ff:26:07:6c]
RSSI: -83 [da:0a:ff:26:07:6c]
RSSI: -82 [da:0a:ff:32:07:9c]
RSSI: -82 [da:0a:ff:40:07:bc]
RSSI: -92 [da:52:33:b0:09:4a]
RSSI: -86 [da:0a:ff:5a:08:0c]
RSSI: -92 [da:0a:ff:68:08:3c]
RSSI: -91 [da:52:33:bc:09:6a]
RSSI: -87 [da:0a:ff:75:08:6c]
RSSI: -82 [da:0a:ff:82:08:8c]
RSSI: -76 [da:0a:ff:90:08:bc]
RSSI: -77 [da:0a:ff:9d:08:dc]
RSSI: -81 [da:0a:ff:aa:09:0c]
RSSI: -77 [da:0a:ff:aa:09:0c]
RSSI: -81 [da:0a:ff:b7:09:2c]
RSSI: -78 [da:0a:ff:c5:09:5c]
RSSI: -82 [da:0a:ff:c5:09:5c]
RSSI: -83 [da:0a:ff:d1:09:8c]
RSSI: -81 [da:0a:ff:d1:09:8c]
RSSI: -86 [da:0a:ff:df:09:ac]
RSSI: -80 [da:0a:ff:ed:09:dc]
RSSI: -87 [da:0b:00:21:0a:7c]
RSSI: -85 [da:0b:00:2f:0a:ac]
RSSI: -85 [da:0b:00:2f:0a:ac]
RSSI: -87 [da:0b:00:3c:0a:cc]
RSSI: -81 [da:0b:00:3c:0a:cc]
RSSI: -82 [da:0b:00:49:0a:fc]
RSSI: -83 [da:0b:00:49:0a:fc]
RSSI: -79 [da:0b:00:57:0b:1c]
RSSI: -79 [da:0b:00:57:0b:1c]
RSSI: -79 [da:0b:00:64:0b:4c]
RSSI: -78 [da:0b:00:64:0b:4c]
RSSI: -77 [da:0b:00:71:0b:6c]
RSSI: -78 [da:0b:00:7f:0b:9c]
RSSI: -77 [da:0b:00:7f:0b:9c]
RSSI: -78 [da:0b:00:8c:0b:cc]
RSSI: -79 [da:0b:00:99:0b:ec]
RSSI: -76 [da:0b:00:a7:0c:1c]
RSSI: -80 [da:0b:00:b4:0c:4c]
RSSI: -81 [da:0b:00:b4:0c:4c]
RSSI: -77 [da:0b:00:b4:0c:4c]
RSSI: -84 [da:0b:00:c1:0c:6c]
RSSI: -84 [da:0b:00:c1:0c:6c]
RSSI: -84 [da:0b:00:c1:0c:6c]
RSSI: -77 [da:0b:00:cf:0c:9c]
RSSI: -78 [da:0b:00:cf:0c:9c]
RSSI: -83 [da:0b:00:cf:0c:9c]
RSSI: -85 [da:0b:00:dc:0c:bc]
RSSI: -77 [da:0b:00:dc:0c:bc]
RSSI: -86 [da:0b:00:e9:0c:ec]
RSSI: -79 [da:0b:00:f6:0d:0c]
RSSI: -82 [da:0b:01:04:0d:3c]
RSSI: -85 [da:0b:01:11:0d:6c]
RSSI: -83 [da:0b:01:2c:0d:bc]
RSSI: -82 [da:0b:01:2c:0d:bc]
RSSI: -82 [da:0b:01:39:0d:dc]
RSSI: -87 [da:0b:01:46:0e:0c]
RSSI: -79 [da:0b:01:54:0e:3c]
RSSI: -83 [da:0b:01:61:0e:5c]
RSSI: -79 [da:0b:01:61:0e:5c]
RSSI: -84 [da:0b:01:6e:0e:8c]
