RSSI: -89 [da:12:10:42:05:ec]
RSSI: -92 [da:12:10:79:06:9c]
RSSI: -87 [da:12:10:a3:07:1c]
RSSI: -91 [da:12:10:b1:07:4c]
RSSI: -90 [da:12:10:da:07:cc]
RSSI: -91 [da:12:10:f5:08:1c]
RSSI: -94 [da:12:10:f5:08:1c]
RSSI: -95 [da:12:10:f5:08:1c]
RSSI: -94 [da:12:11:03:08:4c]
RSSI: -85 [da:12:11:10:08:6c]
RSSI: -89 [da:12:11:1f:08:9c]
RSSI: -89 [da:12:11:1f:08:9c]
RSSI: -96 [da:57:61:aa:01:0b]
RSSI: -91 [da:12:11:2d:08:cc]
RSSI: -85 [da:12:11:48:09:1c]
RSSI: -83 [da:12:11:48:09:1c]
RSSI: -92 [da:12:11:56:09:4c]
RSSI: -89 [da:12:11:56:09:4c]
RSSI: -93 [da:57:61:e2:01:ab]
RSSI: -86 [da:12:11:63:09:6c]
RSSI: -85 [da:12:11:71:09:9c]
RSSI: -93 [da:57:61:f1:01:db]
RSSI: -93 [da:57:62:1d:02:5b]
RSSI: -96 [da:12:11:a9:0a:4c]
RSSI: -88 [da:12:11:b5:0a:6c]
RSSI: -84 [da:12:11:d2:0a:cc]
RSSI: -85 [da:12:11:d2:0a:cc]
RSSI: -84 [da:12:11:d2:0a:cc]
RSSI: -82 [da:12:11:df:0a:fc]
RSSI: -87 [da:12:11:ed:0b:1c]
RSSI: -81 [da:12:11:ed:0b:1c]
RSSI: -83 [da:12:11:fc:0b:4c]
RSSI: -87 [da:12:11:fc:0b:4c]
RSSI: -80 [da:12:12:08:0b:7c]
RSSI: -84 [da:12:12:08:0b:7c]
RSSI: -87 [da:12:12:17:0b:9c]
RSSI: -81 [da:12:12:17:0b:9c]
RSSI: -89 [da:12:12:25:0b:cc]
RSSI: -86 [da:12:12:32:0b:fc]
RSSI: -85 [da:12:12:40:0c:2c]
RSSI: -93 [da:12:12:4f:0c:4c]
RSSI: -87 [da:12:12:4f:0c:4c]
RSSI: -84 [da:12:12:5b:0c:7c]
RSSI: -91 [da:12:12:5b:0c:7c]
RSSI: -88 [da:12:12:6a:0c:ac]
RSSI: -90 [da:12:12:78:0c:cc]
RSSI: -88 [da:12:12:78:0c:cc]
RSSI: -91 [da:12:12:85:0c:fc]
RSSI: -81 [da:12:12:93:0d:2c]
RSSI: -81 [da:12:12:93:0d:2c]
RSSI: -98 [da:59:47:34:01:ba]
RSSI: -90 [da:12:12:a1:0d:5c]
RSSI: -94 [da:59:47:43:01:ea]
RSSI: -95 [da:12:12:ae:0d:7c]
RSSI: -91 [da:12:12:ae:0d:7c]
RSSI: -97 [da:59:47:50:02:0a]
RSSI: -92 [da:12:12:bd:0d:ac]
RSSI: -91 [da:12:12:bd:0d:ac]
RSSI: -95 [da:59:47:5e:02:2a]
RSSI: -87 [da:12:12:cb:0d:dc]
RSSI: -88 [da:12:12:cb:0d:dc]
RSSI: -91 [da:59:47:6d:02:5a]
RSSI: -88 [da:12:12:d8:0d:fc]
RSSI: -85 [da:12:12:d8:0d:fc]
RSSI: -85 [da:12:12:d8:0d:fc]
RSSI: -90 [da:59:47:7a:02:7a]
RSSI: -88 [da:12:12:e6:0e:2c]
RSSI: -85 [da:12:12:e6:0e:2c]
RSSI: -93 [da:59:47:89:02:aa]
RSSI: -84 [da:12:12:f4:0e:5c]
RSSI: -85 [da:12:13:01:0e:7c]
RSSI: -93 [da:59:47:97:02:ca]
RSSI: -84 [da:12:13:01:0e:7c]
RSSI: -89 [da:59:47:a4:02:fa]
RSSI: -90 [da:12:13:10:0e:ac]
RSSI: -85 [da:12:13:10:0e:ac]
RSSI: -88 [da:59:47:b3:03:1a]
RSSI: -82 [da:12:13:1e:0e:dc]
RSSI: -90 [da:12:13:1e:0e:dc]
RSSI: -91 [da:59:47:c1:03:4a]
RSSI: -83 [da:12:13:2b:0e:fc]
RSSI: -91 [da:59:47:ce:03:6a]
RSSI: -87 [da:12:13:39:0f:2c]
RSSI: -88 [da:59:47:dd:03:9a]
RSSI: -89 [da:12:13:47:0f:5c]
RSSI: -88 [da:12:13:47:0f:5c]
RSSI: -86 [da:12:13:47:0f:5c]
RSSI: -91 [da:59:47:ec:03:ba]
RSSI: -88 [da:59:47:ec:03:ba]
RSSI: -84 [da:12:13:54:0f:7c]
RSSI: -89 [da:12:13:54:0f:7c]
RSSI: -91 [da:59:47:f8:03:da]
RSSI: -86 [da:12:13:63:0f:ac]
RSSI: -82 [da:12:13:63:0f:ac]
RSSI: -91 [da:12:13:71:0f:dc]
RSSI: -89 [da:12:13:71:0f:dc]
RSSI: -88 [da:59:48:16:04:3a]
RSSI: -95 [da:12:13:9b:10:5c]
RSSI: -94 [da:59:48:36:04:8a]
RSSI: -92 [da:59:48:36:04:8a]
RSSI: -95 [da:59:48:47:04:ba]
RSSI: -91 [da:12:13:a7:10:7c]
RSSI: -87 [da:12:13:b6:10:ac]
RSSI: -93 [da:12:13:b6:10:ac]
RSSI: -93 [da:12:13:c4:10:cc]
RSSI: -88 [da:12:13:c4:10:cc]
RSSI: -94 [da:12:13:fa:11:7c]
RSSI: -94 [da:12:14:17:11:cc]
RSSI: -91 [da:12:14:33:12:1c]
RSSI: -90 [da:12:14:41:12:4c]
RSSI: -90 [da:12:14:41:12:4c]
RSSI: -88 [da:12:14:41:12:4c]
RSSI: -88 [da:12:14:4e:12:7c]
RSSI: -88 [da:12:14:5c:12:9c]
RSSI: -92 [da:12:14:5c:12:9c]
RSSI: -89 [da:12:14:6b:12:cc]
RSSI: -89 [da:12:14:6b:12:cc]
RSSI: -88 [da:12:14:77:12:fc]
RSSI: -91 [da:12:14:86:13:2c]
RSSI: -87 [da:12:14:94:13:4c]
RSSI: -89 [da:12:14:a1:13:7c]
RSSI: -90 [da:12:14:a1:13:7c]
RSSI: -88 [da:12:14:af:13:ac]
RSSI: -88 [da:12:14:cb:13:fc]
RSSI: -88 [da:12:14:cb:13:fc]
RSSI: -86 [da:12:14:d9:14:1c]
RSSI: -84 [da:12:14:d9:14:1c]
RSSI: -84 [da:12:14:e8:14:4c]
RSSI: -82 [da:12:14:f4:14:7c]
RSSI: -80 [da:12:14:f4:14:7c]
RSSI: -85 [da:12:15:03:14:9c]
RSSI: -82 [da:12:15:03:14:9c]
RSSI: -78 [da:12:15:11:14:cc]
RSSI: -88 [da:12:15:11:14:cc]
RSSI: -90 [da:12:15:11:14:cc]
RSSI: -80 [da:12:15:1e:14:ec]
RSSI: -88 [da:12:15:3b:15:4c]
RSSI: -82 [da:12:15:3b:15:4c]
RSSI: -83 [da:12:15:48:15:6c]
RSSI: -81 [da:12:15:48:15:6c]
RSSI: -76 [da:12:15:56:15:9c]
RSSI: -77 [da:12:15:56:15:9c]
RSSI: -77 [da:12:15:65:15:cc]
RSSI: -73 [da:12:15:65:15:cc]
RSSI: -74 [da:12:15:71:15:ec]
RSSI: -70 [da:12:15:80:16:1c]
RSSI: -70 [da:12:15:80:16:1c]
RSSI: -73 [da:12:15:80:16:1c]
RSSI: -69 [da:12:15:8f:16:4c]
RSSI: -72 [da:12:15:9b:16:6c]
RSSI: -71 [da:12:15:9b:16:6c]
RSSI: -68 [da:12:15:9b:16:6c]
RSSI: -71 [da:12:15:aa:00:0c]
RSSI: -67 [da:12:15:b8:00:2c]
RSSI: -66 [da:12:15:b8:00:2c]
RSSI: -67 [da:12:15:c5:00:5c]
RSSI: -71 [da:12:15:d4:00:8c]
RSSI: -68 [da:12:15:d4:00:8c]
RSSI: -66 [da:12:15:e2:00:ac]
RSSI: -71 [da:12:15:e2:00:ac]
RSSI: -68 [da:12:15:ef:00:dc]
RSSI: -67 [da:12:15:ef:00:dc]
RSSI: -72 [da:12:15:fd:01:0c]
RSSI: -70 [da:12:15:fd:01:0c]
RSSI: -73 [da:12:16:0c:01:2c]
RSSI: -70 [da:12:16:19:01:5c]
RSSI: -73 [da:12:16:27:01:7c]
RSSI: -74 [da:12:16:27:01:7c]
RSSI: -73 [da:12:16:27:01:7c]
RSSI: -78 [da:12:16:36:01:ac]
RSSI: -78 [da:12:16:36:01:ac]
RSSI: -80 [da:12:16:42:01:dc]
RSSI: -84 [da:12:16:42:01:dc]
RSSI: -91 [da:12:16:51:01:fc]
RSSI: -91 [da:12:16:60:02:2c]
RSSI: -89 [da:12:16:6c:02:5c]
RSSI: -82 [da:12:16:6c:02:5c]
RSSI: -77 [da:12:16:7b:02:7c]
RSSI: -84 [da:12:16:7b:02:7c]
RSSI: -80 [da:12:16:89:02:ac]
RSSI: -76 [da:12:16:89:02:ac]
RSSI: -83 [da:12:16:96:02:dc]
RSSI: -80 [da:12:16:96:02:dc]
RSSI: -85 [da:12:16:a5:02:fc]
RSSI: -85 [da:12:16:b3:03:2c]
RSSI: -92 [da:12:16:c0:03:5c]
RSSI: -96 [da:12:16:cf:03:7c]
RSSI: -96 [da:12:16:cf:03:7c]
RSSI: -86 [da:12:16:dd:03:ac]
RSSI: -91 [da:12:16:ea:03:dc]
RSSI: -84 [da:12:16:ea:03:dc]
RSSI: -84 [da:12:16:ea:03:dc]
RSSI: -90 [da:12:16:f8:04:0c]
RSSI: -87 [da:12:17:07:04:2c]
RSSI: -89 [da:12:17:14:04:5c]
RSSI: -89 [da:12:17:14:04:5c]
RSSI: -92 [da:12:17:22:04:8c]
RSSI: -90 [da:12:17:31:04:ac]
RSSI: -92 [da:12:17:31:04:ac]
RSSI: -90 [da:12:17:3e:04:dc]
RSSI: -92 [da:12:17:4c:05:0c]
RSSI: -91 [da:12:17:5b:05:3c]
RSSI: -95 [da:12:17:68:05:5c]
RSSI: -89 [da:12:17:85:05:bc]
RSSI: -90 [da:12:17:a0:06:0c]
RSSI: -91 [da:12:17:a0:06:0c]
RSSI: -84 [da:12:17:af:06:3c]
RSSI: -84 [da:12:17:af:06:3c]
RSSI: -92 [da:12:17:af:06:3c]
RSSI: -91 [da:12:17:bb:06:5c]
RSSI: -86 [da:12:17:e5:06:dc]
RSSI: -92 [da:12:17:f4:07:0c]
RSSI: -86 [da:12:17:f4:07:0c]
RSSI: -89 [da:12:18:03:07:3c]
RSSI: -89 [da:12:18:03:07:3c]
RSSI: -92 [da:12:18:0f:07:6c]
RSSI: -94 [da:12:18:0f:07:6c]
RSSI: -98 [da:12:18:2d:07:bc]
RSSI: -92 [da:12:18:39:07:ec]
RSSI: -92 [da:12:18:39:07:ec]
RSSI: -92 [da:12:18:48:08:1c]
RSSI: -91 [da:12:18:48:08:1c]
RSSI: -97 [da:12:18:57:08:3c]
RSSI: -94 [da:12:18:63:08:6c]
RSSI: -95 [da:12:18:63:08:6c]
RSSI: -95 [da:57:68:ec:00:5b]
RSSI: -88 [da:12:18:72:08:9c]
RSSI: -81 [da:12:18:81:08:cc]
RSSI: -84 [da:12:18:8e:08:ec]
RSSI: -84 [da:12:18:8e:08:ec]
RSSI: -81 [da:12:18:8e:08:ec]
RSSI: -89 [da:12:18:9c:09:1c]
RSSI: -85 [da:12:18:9c:09:1c]
RSSI: -91 [da:57:69:28:01:0b]
RSSI: -84 [da:12:18:ab:09:4c]
RSSI: -91 [da:12:18:ab:09:4c]
RSSI: -87 [da:12:18:b8:09:6c]
RSSI: -91 [da:57:69:64:01:bb]
RSSI: -83 [da:12:18:e2:09:ec]
RSSI: -83 [da:12:18:f0:0a:1c]
RSSI: -90 [da:57:69:71:01:db]
RSSI: -83 [da:12:18:f0:0a:1c]
RSSI: -87 [da:12:19:0c:0a:6c]
RSSI: -83 [da:12:19:29:0a:cc]
RSSI: -82 [da:12:19:29:0a:cc]
RSSI: -85 [da:12:19:29:0a:cc]
RSSI: -82 [da:12:19:36:0a:fc]
RSSI: -85 [da:12:19:45:0b:1c]
RSSI: -86 [da:12:19:53:0b:4c]
RSSI: -84 [da:12:19:65:0b:8c]
RSSI: -85 [da:12:19:65:0b:8c]
RSSI: -81 [da:12:19:76:0b:bc]
RSSI: -86 [da:12:19:76:0b:bc]
RSSI: -88 [da:12:19:84:0b:ec]
RSSI: -83 [da:12:19:84:0b:ec]
RSSI: -90 [da:12:19:91:0c:0c]
RSSI: -87 [da:12:19:a0:0c:3c]
RSSI: -87 [da:12:19:a0:0c:3c]
RSSI: -88 [da:12:19:af:0c:6c]
RSSI: -90 [da:12:19:bb:0c:8c]
RSSI: -89 [da:12:19:bb:0c:8c]
RSSI: -87 [da:12:19:bb:0c:8c]
RSSI: -88 [da:12:19:bb:0c:8c]
RSSI: -89 [da:12:19:ca:0c:bc]
RSSI: -87 [da:12:19:d9:0c:ec]
RSSI: -82 [da:12:19:d9:0c:ec]
RSSI: -82 [da:12:19:d9:0c:ec]
RSSI: -91 [da:12:19:e5:0d:1c]
RSSI: -87 [da:12:1a:03:0d:6c]
RSSI: -90 [da:12:1a:10:0d:9c]
RSSI: -90 [da:12:1a:10:0d:9c]
RSSI: -86 [da:12:1a:1e:0d:cc]
RSSI: -85 [da:12:1a:2d:0d:fc]
RSSI: -86 [da:12:1a:3a:0e:1cRSSI: -92 [da:12:81:e1:11:6c]
RSSI: -90 [da:12:82:21:12:2c]
RSSI: -89 [da:12:82:21:12:2c]
RSSI: -87 [da:12:82:2e:12:5c]
RSSI: -87 [da:12:82:3b:12:7c]
RSSI: -89 [da:12:82:48:12:9c]
RSSI: -89 [da:12:82:48:12:9c]
RSSI: -89 [da:12:82:55:12:cc]
RSSI: -87 [da:12:82:61:12:ec]
RSSI: -85 [da:12:82:6e:13:1c]
RSSI: -86 [da:12:82:6e:13:1c]
RSSI: -86 [da:12:82:7b:13:3c]
RSSI: -86 [da:12:82:7b:13:3c]
RSSI: -90 [da:12:82:95:13:8c]
RSSI: -87 [da:12:82:a2:13:bc]
RSSI: -87 [da:12:82:af:13:dc]
RSSI: -84 [da:12:82:bc:14:0c]
RSSI: -83 [da:12:82:bc:14:0c]
RSSI: -84 [da:12:82:c9:14:2c]
RSSI: -83 [da:12:82:c9:14:2c]
RSSI: -82 [da:12:82:d6:14:5c]
RSSI: -81 [da:12:82:d6:14:5c]
RSSI: -79 [da:12:82:d6:14:5c]
RSSI: -84 [da:12:82:e3:14:7c]
RSSI: -81 [da:12:82:e3:14:7c]
RSSI: -79 [da:12:82:f0:14:ac]
RSSI: -87 [da:12:82:f0:14:ac]
RSSI: -83 [da:12:82:fc:14:cc]
RSSI: -79 [da:12:82:fc:14:cc]
RSSI: -92 [da:12:83:09:14:ec]
RSSI: -86 [da:12:83:16:15:1c]
RSSI: -88 [da:12:83:23:15:3c]
RSSI: -85 [da:12:83:30:15:6c]
RSSI: -81 [da:12:83:30:15:6c]
RSSI: -79 [da:12:83:30:15:6c]
RSSI: -80 [da:12:83:3d:15:8c]
RSSI: -81 [da:12:83:3d:15:8c]
RSSI: -76 [da:12:83:4a:15:ac]
RSSI: -75 [da:12:83:4a:15:ac]
RSSI: -78 [da:12:83:57:15:dc]
RSSI: -74 [da:12:83:57:15:dc]
RSSI: -73 [da:12:83:64:15:fc]
RSSI: -76 [da:12:83:64:15:fc]
RSSI: -72 [da:12:83:71:16:2c]
RSSI: -71 [da:12:83:71:16:2c]
RSSI: -74 [da:12:83:7e:16:4c]
RSSI: -71 [da:12:83:7e:16:4c]
RSSI: -70 [da:12:83:8b:16:7c]
RSSI: -72 [da:12:83:8b:16:7c]
RSSI: -70 [da:12:83:98:00:2c]
RSSI: -69 [da:12:83:98:00:2c]
RSSI: -71 [da:12:83:a5:00:4c]
RSSI: -69 [da:12:83:a5:00:4c]
RSSI: -70 [da:12:83:b2:00:7c]
RSSI: -70 [da:12:83:be:00:9c]
RSSI: -69 [da:12:83:be:00:9c]
RSSI: -71 [da:12:83:cc:00:cc]
RSSI: -69 [da:12:83:cc:00:cc]
RSSI: -71 [da:12:83:d9:00:ec]
RSSI: -70 [da:12:83:e5:01:1c]
RSSI: -72 [da:12:83:f2:01:3c]
RSSI: -71 [da:12:83:f2:01:3c]
RSSI: -73 [da:12:84:00:01:6c]
RSSI: -74 [da:12:84:0c:01:8c]
RSSI: -76 [da:12:84:19:01:bc]
RSSI: -76 [da:12:84:19:01:bc]
RSSI: -80 [da:12:84:26:01:dc]
RSSI: -84 [da:12:84:33:02:0c]
RSSI: -81 [da:12:84:5a:02:7c]
RSSI: -82 [da:12:84:67:02:ac]
RSSI: -83 [da:12:84:74:02:cc]
RSSI: -83 [da:12:84:74:02:cc]
RSSI: -81 [da:12:84:74:02:cc]
RSSI: -79 [da:12:84:81:02:fc]
RSSI: -82 [da:12:84:8e:03:1c]
RSSI: -86 [da:12:84:9b:03:4c]
RSSI: -86 [da:12:84:9b:03:4c]
RSSI: -90 [da:12:84:a8:03:6c]
RSSI: -94 [da:12:84:cf:03:dc]
RSSI: -86 [da:12:84:e9:04:2c]
RSSI: -88 [da:12:84:e9:04:2c]
RSSI: -88 [da:12:84:f6:04:5c]
RSSI: -92 [da:12:85:10:04:ac]
RSSI: -90 [da:12:85:37:05:1c]
RSSI: -89 [da:12:85:44:05:4c]
RSSI: -89 [da:12:85:51:05:6c]
RSSI: -90 [da:12:85:78:05:ec]
RSSI: -90 [da:12:85:78:05:ec]
RSSI: -90 [da:12:85:78:05:ec]
RSSI: -90 [da:12:85:85:06:0c]
RSSI: -87 [da:12:85:9f:06:5c]
RSSI: -85 [da:12:85:ac:06:8c]
RSSI: -88 [da:12:85:d3:06:fc]
RSSI: -88 [da:12:85:d3:06:fc]
RSSI: -87 [da:12:85:fb:07:7c]
RSSI: -88 [da:12:86:07:07:9c]
RSSI: -84 [da:12:86:14:07:cc]
RSSI: -85 [da:12:86:14:07:cc]
RSSI: -88 [da:12:86:22:07:fc]
RSSI: -87 [da:12:86:2e:08:1c]
RSSI: -87 [da:12:86:3c:08:4c]
RSSI: -81 [da:12:86:63:08:bc]
RSSI: -88 [da:12:86:70:08:ec]
RSSI: -81 [da:12:86:70:08:ec]
RSSI: -89 [da:12:86:7d:09:0c]
RSSI: -90 [da:12:86:7d:09:0c]
RSSI: -87 [da:12:86:7d:09:0c]
RSSI: -84 [da:12:86:8a:09:3c]
RSSI: -89 [da:12:86:97:09:6c]
RSSI: -86 [da:12:86:be:09:dc]
RSSI: -89 [da:12:86:d8:0a:2c]
RSSI: -89 [da:12:86:e5:0a:5c]
RSSI: -89 [da:12:86:e5:0a:5c]
RSSI: -84 [da:12:86:f2:0a:7c]
RSSI: -87 [da:12:86:ff:0a:ac]
RSSI: -87 [da:12:87:19:0a:fc]
RSSI: -91 [da:12:87:27:0b:2c]
RSSI: -82 [da:12:87:34:0b:4c]
RSSI: -79 [da:12:87:41:0b:7c]
RSSI: -85 [da:12:87:4e:0b:9c]
RSSI: -78 [da:12:87:4e:0b:9c]
RSSI: -80 [da:12:87:68:0b:ec]
RSSI: -88 [da:12:87:75:0c:1c]
RSSI: -87 [da:12:87:75:0c:1c]
RSSI: -85 [da:12:87:82:0c:3c]
RSSI: -88 [da:12:87:8f:0c:6c]
RSSI: -82 [da:12:87:8f:0c:6c]
RSSI: -87 [da:12:87:9c:0c:9c]
RSSI: -83 [da:12:87:aa:0c:bc]
RSSI: -89 [da:12:87:b6:0c:ec]
RSSI: -87 [da:12:87:c4:0d:0c]
RSSI: -83 [da:12:87:d1:0d:3c]
RSSI: -89 [da:12:87:de:0d:5c]
RSSI: -81 [da:12:87:de:0d:5c]
RSSI: -89 [da:12:87:eb:0d:8c]
RSSI: -84 [da:12:88:05:0d:dc]
RSSI: -86 [da:12:88:05:0d:dc]
RSSI: -87 [da:12:88:12:0e:0c]
RSSI: -85 [da:12:88:12:0e:0c]
RSSI: -85 [da:12:88:20:0e:2c]
RSSI: -92 [da:59:bc:c3:00:ba]
RSSI: -79 [da:12:88:2c:0e:5c]
RSSI: -80 [da:12:88:3a:0e:7c]
RSSI: -84 [da:12:88:59:0e:dc]
RSSI: -82 [da:12:88:59:0e:dc]
RSSI: -80 [da:12:88:69:0f:1c]
RSSI: -85 [da:12:88:69:0f:1c]
RSSI: -84 [da:12:88:76:0f:3c]
RSSI: -82 [da:12:88:76:0f:3c]
RSSI: -84 [da:12:88:83:0f:6c]
RSSI: -83 [da:12:88:83:0f:6c]
RSSI: -84 [da:12:88:83:0f:6c]
RSSI: -87 [da:12:88:91:0f:8c]
RSSI: -83 [da:12:88:9e:0f:bc]
RSSI: -88 [da:59:bd:3b:02:0a]
RSSI: -85 [da:12:88:9e:0f:bc]
RSSI: -92 [da:59:bd:56:02:5a]
RSSI: -86 [da:12:88:c5:10:2c]
RSSI: -86 [da:12:88:c5:10:2c]
RSSI: -88 [da:59:bd:71:02:9a]
RSSI: -89 [da:59:bd:7e:02:ca]
RSSI: -87 [da:12:88:df:10:7c]
RSSI: -89 [da:12:88:ed:10:ac]
RSSI: -88 [da:59:bd:99:03:0a]
RSSI: -88 [da:12:88:f9:10:cc]
RSSI: -86 [da:59:bd:99:03:0a]
RSSI: -92 [da:12:89:07:10:fc]
RSSI: -87 [da:59:bd:c1:03:7a]
RSSI: -85 [da:59:bd:ce:03:9a]
RSSI: -88 [da:59:bd:ce:03:9a]
RSSI: -85 [da:59:bd:dc:03:ca]
RSSI: -89 [da:59:bd:e9:03:ea]
RSSI: -89 [da:59:bd:e9:03:ea]
RSSI: -86 [da:59:bd:f6:04:0a]
RSSI: -85 [da:59:bd:f6:04:0a]
RSSI: -89 [da:59:bd:f6:04:0a]
RSSI: -87 [da:59:be:04:04:3a]
RSSI: -88 [da:59:be:1e:04:7a]
RSSI: -91 [da:59:be:1e:04:7a]
RSSI: -90 [da:12:89:8b:12:8c]
RSSI: -91 [da:12:89:97:12:ac]
RSSI: -90 [da:12:89:bf:13:2c]
RSSI: -89 [da:12:89:cc:13:4c]
RSSI: -99 [da:59:be:8a:05:ba]
RSSI: -87 [da:12:8a:0e:14:1c]
RSSI: -87 [da:12:8a:0e:14:1c]
RSSI: -88 [da:12:8a:0e:14:1c]
RSSI: -86 [da:12:8a:1b:14:3c]
RSSI: -85 [da:12:8a:1b:14:3c]
RSSI: -84 [da:12:8a:29:14:6c]
RSSI: -84 [da:12:8a:35:14:8c]
RSSI: -85 [da:12:8a:43:14:bc]
RSSI: -85 [da:12:8a:43:14:bc]
RSSI: -86 [da:12:8a:50:14:dc]
RSSI: -87 [da:12:8a:6b:15:2c]
RSSI: -88 [da:12:8a:78:15:5c]
RSSI: -83 [da:12:8a:78:15:5c]
RSSI: -85 [da:12:8a:85:15:7c]
RSSI: -82 [da:12:8a:92:15:9c]
RSSI: -80 [da:12:8a:a0:15:cc]
RSSI: -76 [da:12:8a:a0:15:cc]
RSSI: -78 [da:12:8a:ac:15:ec]
RSSI: -79 [da:12:8a:ba:16:1c]
RSSI: -75 [da:12:8a:c7:16:3c]
RSSI: -76 [da:12:8a:d4:16:6c]
RSSI: -75 [da:12:8a:d4:16:6c]
RSSI: -82 [da:12:8a:e1:00:0c]
RSSI: -75 [da:12:8a:e1:00:0c]
RSSI: -76 [da:12:8a:ef:00:2c]
RSSI: -76 [da:12:8a:fb:00:4c]
RSSI: -78 [da:12:8a:fb:00:4c]
RSSI: -81 [da:12:8b:09:00:7c]
RSSI: -77 [da:12:8b:09:00:7c]
RSSI: -81 [da:12:8b:16:00:ac]
RSSI: -80 [da:12:8b:16:00:ac]
RSSI: -80 [da:12:8b:23:00:cc]
RSSI: -83 [da:12:8b:23:00:cc]
RSSI: -82 [da:12:8b:31:00:fc]
RSSI: -82 [da:12:8b:31:00:fc]
RSSI: -85 [da:12:8b:3e:01:1c]
RSSI: -84 [da:12:8b:3e:01:1c]
RSSI: -84 [da:12:8b:4b:01:3c]
RSSI: -86 [da:12:8b:4b:01:3c]
RSSI: -91 [da:12:8b:a8:02:5c]
RSSI: -90 [da:12:8b:c2:02:ac]
RSSI: -94 [da:12:8c:05:03:7c]
RSSI: -89 [da:12:8c:2c:03:fc]
RSSI: -92 [da:12:8c:47:04:4c]
RSSI: -93 [da:12:8c:54:04:6c]
RSSI: -92 [da:12:8c:7c:04:ec]
RSSI: -92 [da:12:8c:89:05:0c]
RSSI: -91 [da:12:8c:96:05:3c]
RSSI: -90 [da:12:8c:96:05:3c]
RSSI: -89 [da:12:8c:a4:05:5c]
RSSI: -91 [da:12:8c:a4:05:5c]
RSSI: -90 [da:12:8c:b1:05:8c]
RSSI: -89 [da:12:8c:be:05:bc]
RSSI: -88 [da:12:8c:cc:05:dc]
RSSI: -88 [da:12:8c:e6:06:2c]
RSSI: -90 [da:12:8c:f4:06:5c]
RSSI: -90 [da:12:8d:0e:06:ac]
RSSI: -92 [da:12:8d:0e:06:ac]
RSSI: -91 [da:12:8d:36:07:2c]
RSSI: -97 [da:12:8d:6b:07:cc]
RSSI: -94 [da:12:8d:78:07:fc]
RSSI: -95 [da:12:8d:ad:08:9c]
RSSI: -94 [da:12:8e:0b:09:bc]
RSSI: -95 [da:12:8e:33:0a:3c]
RSSI: -94 [da:12:8e:68:0a:dc]
RSSI: -99 [da:59:c3:1e:12:ba]
RSSI: -94 [da:12:8e:83:0b:2c]
RSSI: -94 [da:12:8e:d3:0c:2c]
RSSI: -92 [da:12:8f:23:0d:1c]
RSSI: -92 [da:12:8f:30:0d:4c]
RSSI: -93 [da:12:8f:30:0d:4c]
RSSI: -92 [da:12:8f:4b:0d:9c]
RSSI: -89 [da:12:8f:80:0e:3c]
RSSI: -90 [da:12:8f:9b:0e:9c]
RSSI: -88 [da:12:8f:a8:0e:bc]
RSSI: -89 [da:12:8f:a8:0e:bc]
RSSI: -89 [da:12:8f:b6:0e:ec]
RSSI: -90 [da:12:8f:b6:0e:ec]
RSSI: -90 [da:12:8f:d0:0f:3c]
RSSI: -91 [da:12:8f:de:0f:6c]
RSSI: -90 [da:12:8f:f8:0f:bc]
RSSI: -94 [da:12:90:14:10:0c]
RSSI: -90 [da:12:90:20:10:3c]
RSSI: -90 [da:12:90:20:10:3c]
RSSI: -95 [da:57:e0:e1:00:db]
RSSI: -91 [da:59:c5:00:01:ea]
RSSI: -90 [da:59:c5:1b:02:2a]
RSSI: -87 [da:59:c5:37:02:7a]
RSSI: -87 [da:59:c5:37:02:7a]
RSSI: -92 [da:57:e1:27:01:ab]
RSSI: -88 [da:59:c5:43:02:aa]
RSSI: -86 [da:59:c5:43:02:aa]
RSSI: -87 [da:59:c5:52:02:ca]
RSSI: -87 [da:59:c5:52:02:ca]
RSSI: -86 [da:59:c5:60:02:ea]
RSSI: -83 [da:59:c5:6c:03:1a]
RSSI: -87 [da:59:c5:7b:03:3a]
RSSI: -86 [da:59:c5:89:03:6a]
RSSI: -87 [da:59:c5:89:03:6a]
RSSI: -85 [da:59:c5:95:03:8a]
RSSI: -85 [da:59:c5:95:03:8a]
RSSI: -87 [da:59:c5:a3:03:aa]
RSSI: -85 [da:59:c5:a3:03:aa]
RSSI: -86 [da:59:c5:b2:03:da]
RSSI: -88 [da:59:c5:b2:03:da]
RSSI: -87 [da:59:c5:b2:03:da]
RSSI: -86 [da:59:c5:be:03:fa]
RSSI: -88 [da:59:c5:db:04:4a]
RSSI: -88 [da:59:c5:e7:04:6a]
RSSI: -89 [da:59:c5:e7:04:6a]
RSSI: -91 [da:59:c6:04:04:ba]
RSSI: -90 [da:59:c6:04:04:ba]
RSSI: -91 [da:59:c6:10:04:da]
RSSI: -91 [da:12:91:8b:14:7c]
RSSI: -90 [da:12:91:b3:14:ec]
RSSI: -87 [da:12:91:db:15:6c]
RSSI: -89 [da:12:91:e9:15:9c]
RSSI: -86 [da:12:91:e9:15:9c]
RSSI: -90 [da:12:91:f7:15:cc]
RSSI: -86 [da:12:91:f7:15:cc]
RSSI: -85 [da:12:91:f7:15:cc]
RSSI: -87 [da:12:92:04:15:ec]
RSSI: -85 [da:12:92:12:16:1c]
RSSI: -83 [da:12:92:1f:16:3c]
RSSI: -81 [da:12:92:1f:16:3c]
RSSI: -82 [da:12:92:2c:16:6c]
RSSI: -84 [da:12:92:3a:00:0c]
RSSI: -79 [da:12:92:48:00:2c]
RSSI: -80 [da:12:92:54:00:4c]
RSSI: -80 [da:12:92:54:00:4c]
RSSI: -83 [da:12:92:62:00:7c]
RSSI: -80 [da:12:92:62:00:7c]
RSSI: -79 [da:12:92:70:00:ac]
RSSI: -83 [da:12:92:70:00:ac]
RSSI: -81 [da:12:92:7d:00:cc]
RSSI: -80 [da:12:92:7d:00:cc]
RSSI: -82 [da:12:92:8b:00:fc]
RSSI: -82 [da:12:92:99:01:1c]
RSSI: -87 [da:12:92:99:01:1c]
RSSI: -88 [da:12:92:99:01:1c]
RSSI: -84 [da:12:92:a5:01:4c]
RSSI: -89 [da:12:92:ce:01:bc]
RSSI: -91 [da:12:92:dc:01:ec]
RSSI: -90 [da:12:93:47:03:3c]
RSSI: -91 [da:12:93:55:03:5c]
RSSI: -88 [da:12:93:a6:04:5c]
RSSI: -87 [da:12:93:cf:04:cc]
RSSI: -88 [da:12:93:dd:04:fc]
RSSI: -94 [da:12:94:05:05:7c]
RSSI: -92 [da:12:94:12:05:9c]
RSSI: -93 [da:12:94:20:05:cc]
RSSI: -95 [da:12:94:48:06:4c]
RSSI: -91 [da:12:94:56:06:6c]
RSSI: -91 [da:12:94:63:06:9c]
RSSI: -91 [da:12:94:8c:07:1c]
RSSI: -91 [da:12:94:b4:07:9c]
RSSI: -97 [da:12:94:dd:08:1c]
RSSI: -92 [da:12:95:14:08:bc]
RSSI: -93 [da:12:95:14:08:bc]
RSSI: -98 [da:12:95:2e:09:0c]
RSSI: -92 [da:12:95:9c:0a:6c]
RSSI: -92 [da:12:95:9c:0a:6c]
RSSI: -91 [da:12:95:ae:0a:9c]
RSSI: -91 [da:12:95:cc:0a:fc]
RSSI: -92 [da:12:95:d9:0b:2c]
RSSI: -96 [da:12:96:10:0b:cc]
RSSI: -95 [da:12:96:61:0c:cc]
RSSI: -93 [da:12:96:7c:0d:1c]
RSSI: -90 [da:12:96:8a:0d:4c]
RSSI: -90 [da:12:96:b3:0d:cc]
RSSI: -89 [da:12:96:dc:0e:4c]
RSSI: -88 [da:12:96:ea:0e:7c]
RSSI: -90 [da:12:97:13:0e:fc]
RSSI: -93 [da:12:97:48:0f:9c]
RSSI: -93 [da:12:97:71:10:0c]
RSSI: -93 [da:12:97:c3:11:0c]
RSSI: -95 [da:12:97:df:11:6c]
RSSI: -93 [da:57:e8:8d:01:6b]
RSSI: -94 [da:12:98:15:12:0c]
RSSI: -96 [da:57:e8:a9:01:bb]
RSSI: -94 [da:59:cc:e5:01:ca]
RSSI: -90 [da:59:cd:0f:02:3a]
RSSI: -92 [da:12:98:75:13:2c]
RSSI: -88 [da:59:cd:1d:02:6a]
RSSI: -91 [da:12:98:83:13:5c]
RSSI: -87 [da:59:cd:2a:02:8a]
RSSI: -87 [da:59:cd:38:02:ba]
RSSI: -87 [da:59:cd:38:02:ba]
RSSI: -87 [da:59:cd:47:02:da]
RSSI: -87 [da:59:cd:62:03:2a]
RSSI: -86 [da:59:cd:62:03:2a]
RSSI: -96 [da:12:98:d6:14:4c]
RSSI: -87 [da:59:cd:7d:03:7a]
RSSI: -91 [da:59:cd:7d:03:7a]
RSSI: -88 [da:59:cd:9a:03:ca]
RSSI: -91 [da:12:99:0b:14:ec]
RSSI: -88 [da:59:cd:b5:04:1a]
RSSI: -89 [da:12:99:1a:15:1c]
RSSI: -89 [da:12:99:34:15:6c]
RSSI: -84 [da:12:99:43:15:9c]
RSSI: -86 [da:12:99:43:15:9c]
RSSI: -82 [da:12:99:51:15:bc]
RSSI: -82 [da:12:99:6c:16:0c]
RSSI: -79 [da:12:99:7a:16:3c]
RSSI: -78 [da:12:99:87:16:5c]
RSSI: -79 [da:12:99:95:00:0c]
RSSI: -88 [da:12:99:95:00:0c]
RSSI: -77 [da:12:99:a3:00:2c]
RSSI: -79 [da:12:99:a3:00:2c]
RSSI: -86 [da:12:99:b0:00:5c]
RSSI: -77 [da:12:99:b0:00:5c]
RSSI: -84 [da:12:99:be:00:7c]
RSSI: -79 [da:12:99:cc:00:ac]
RSSI: -78 [da:12:99:d9:00:cc]
RSSI: -83 [da:12:99:e7:00:fc]
RSSI: -78 [da:12:99:e7:00:fc]
RSSI: -81 [da:12:99:f6:01:2c]
RSSI: -83 [da:12:99:f6:01:2c]
RSSI: -79 [da:12:9a:02:01:4c]
RSSI: -82 [da:12:9a:02:01:4c]
RSSI: -83 [da:12:9a:10:01:7c]
RSSI: -82 [da:12:9a:10:01:7c]
RSSI: -84 [da:12:9a:1f:01:ac]
RSSI: -89 [da:12:9a:48:02:2c]
RSSI: -89 [da:12:9a:55:02:4c]
RSSI: -86 [da:12:9a:63:02:7c]
RSSI: -85 [da:12:9a:71:02:9c]
RSSI: -89 [da:12:9a:9a:03:1c]
RSSI: -95 [da:12:9a:a7:03:4c]
RSSI: -90 [da:12:9a:b5:03:6c]
RSSI: -88 [da:12:9a:c4:03:9c]
RSSI: -91 [da:12:9a:d0:03:bc]
RSSI: -88 [da:12:9a:df:03:ec]
RSSI: -87 [da:12:9a:ed:04:1c]
RSSI: -89 [da:12:9a:fa:04:3c]
RSSI: -92 [da:12:9b:08:04:6c]
RSSI: -92 [da:12:9b:23:04:bc]
RSSI: -89 [da:12:9b:31:04:ec]
RSSI: -89 [da:12:9b:31:04:ec]
RSSI: -87 [da:12:9b:40:05:1c]
RSSI: -86 [da:12:9b:5b:05:6c]
RSSI: -88 [da:12:9b:69:05:9c]
RSSI: -86 [da:12:9b:69:05:9c]
RSSI: -88 [da:12:9b:75:05:bc]
RSSI: -88 [da:12:9b:84:05:ec]
RSSI: -87 [da:12:9b:84:05:ec]
RSSI: -87 [da:12:9b:92:06:1c]
RSSI: -86 [da:12:9b:92:06:1c]
RSSI: -88 [da:12:9b:9f:06:3c]
RSSI: -88 [da:12:9b:ad:06:6c]
RSSI: -88 [da:12:9b:ad:06:6c]
RSSI: -88 [da:12:9b:bc:06:9c]
RSSI: -88 [da:12:9b:c8:06:bc]
RSSI: -90 [da:12:9b:c8:06:bc]
RSSI: -89 [da:12:9b:d7:06:ec]
RSSI: -96 [da:12:9b:f2:07:3c]
RSSI: -91 [da:12:9c:0e:07:9c]
RSSI: -90 [da:12:9c:1b:07:bc]
RSSI: -95 [da:12:9c:61:08:9c]
RSSI: -93 [da:12:9c:6e:08:bc]
RSSI: -92 [da:12:9c:97:09:3c]
RSSI: -91 [da:12:9c:cf:09:ec]
RSSI: -93 [da:12:9c:f9:0a:6c]
RSSI: -92 [da:12:9d:22:0a:ec]
RSSI: -92 [da:12:9d:31:0b:1c]
RSSI: -94 [da:12:9d:d7:0d:1c]
RSSI: -95 [da:12:9e:0d:0d:cc]
RSSI: -97 [da:12:9e:45:0e:6c]
RSSI: -88 [da:12:9e:60:0e:cc]
RSSI: -89 [da:12:9e:6f:0e:fc]
RSSI: -89 [da:12:9e:98:0f:7c]
RSSI: -92 [da:12:9e:d1:10:1c]
RSSI: -92 [da:12:9e:dd:10:4c]
RSSI: -94 [da:12:9f:16:10:fc]
RSSI: -93 [da:12:9f:3f:11:6c]
RSSI: -94 [da:57:ef:cf:00:bb]
RSSI: -93 [da:57:ef:eb:01:0b]
RSSI: -101 [da:59:d4:4e:00:aa]
RSSI: -91 [da:12:9f:e6:13:6c]
RSSI: -92 [da:12:9f:f5:13:8c]
RSSI: -93 [da:59:d4:b2:01:ba]
RSSI: -93 [da:59:d4:b2:01:ba]
RSSI: -91 [da:59:d4:e9:02:5a]
RSSI: -91 [da:12:a0:49:14:8c]
RSSI: -87 [da:59:d4:e9:02:5a]
RSSI: -88 [da:59:d4:e9:02:5a]
RSSI: -88 [da:59:d5:07:02:aa]
RSSI: -87 [da:59:d5:07:02:aa]
RSSI: -87 [da:59:d5:13:02:ca]
RSSI: -93 [da:12:a0:72:15:0c]
RSSI: -85 [da:59:d5:22:02:fa]
RSSI: -87 [da:12:a0:8e:15:5c]
RSSI: -86 [da:59:d5:3e:03:4a]
RSSI: -84 [da:12:a0:a9:15:ac]
RSSI: -88 [da:59:d5:5c:03:9a]
RSSI: -88 [da:59:d5:5c:03:9a]
RSSI: -82 [da:12:a0:c6:16:0c]
RSSI: -88 [da:59:d5:68:03:ba]
RSSI: -87 [da:59:d5:68:03:ba]
RSSI: -82 [da:12:a0:d3:16:2c]
RSSI: -88 [da:59:d5:77:03:ea]
RSSI: -88 [da:59:d5:77:03:ea]
RSSI: -89 [da:59:d5:86:04:1a]
RSSI: -82 [da:12:a0:e2:16:5c]
RSSI: -81 [da:12:a0:f0:00:2c]
RSSI: -88 [da:59:d5:93:04:3a]
RSSI: -81 [da:12:a0:fd:00:5c]
RSSI: -81 [da:12:a0:fd:00:5c]
RSSI: -92 [da:59:d5:b1:04:8a]
RSSI: -81 [da:12:a1:0b:00:8c]
RSSI: -82 [da:12:a1:27:00:dc]
RSSI: -84 [da:12:a1:35:01:0c]
RSSI: -82 [da:12:a1:35:01:0c]
RSSI: -85 [da:12:a1:44:01:2c]
RSSI: -85 [da:12:a1:44:01:2c]
RSSI: -86 [da:12:a1:5f:01:8c]
RSSI: -89 [da:12:a1:7a:01:dc]
RSSI: -90 [da:12:a1:89:02:0c]
RSSI: -89 [da:12:a1:89:02:0c]
RSSI: -88 [da:12:a1:c2:02:bc]
RSSI: -88 [da:12:a1:c2:02:bc]
RSSI: -87 [da:12:a1:ce:02:dc]
RSSI: -95 [da:12:a1:ec:03:2c]
RSSI: -93 [da:12:a1:f8:03:5c]
RSSI: -90 [da:12:a2:16:03:ac]
RSSI: -90 [da:12:a2:22:03:dc]
RSSI: -90 [da:12:a2:31:03:fc]
RSSI: -88 [da:12:a2:4c:04:5c]
RSSI: -88 [da:12:a2:4c:04:5c]
RSSI: -91 [da:12:a2:6a:04:ac]
RSSI: -92 [da:12:a2:76:04:dc]
RSSI: -90 [da:12:a2:85:05:0c]
RSSI: -87 [da:12:a2:a0:05:5c]
RSSI: -88 [da:12:a2:af:05:8c]
RSSI: -86 [da:12:a2:af:05:8c]
RSSI: -88 [da:12:a2:be:05:ac]
RSSI: -87 [da:12:a2:be:05:ac]
RSSI: -87 [da:12:a2:ca:05:dc]
RSSI: -87 [da:12:a2:d9:06:0c]
RSSI: -87 [da:12:a2:e8:06:2c]
RSSI: -86 [da:12:a2:e8:06:2c]
RSSI: -88 [da:12:a3:03:06:8c]
RSSI: -88 [da:12:a3:03:06:8c]
RSSI: -89 [da:12:a3:12:06:bc]
RSSI: -88 [da:12:a3:12:06:bc]
RSSI: -89 [da:12:a3:1f:06:dc]
RSSI: -92 [da:12:a3:2d:07:0c]
RSSI: -94 [da:12:a3:49:07:5c]
RSSI: -92 [da:12:a3:78:07:ec]
RSSI: -92 [da:12:a3:ce:08:fc]
RSSI: -92 [da:12:a3:dd:09:2c]
RSSI: -93 [da:12:a4:4d:0a:8c]
RSSI: -93 [da:12:a4:6a:0a:dc]
RSSI: -92 [da:12:a4:77:0b:0c]
RSSI: -94 [da:12:a4:b0:0b:bc]
RSSI: -97 [da:12:a5:2f:0d:4c]
RSSI: -96 [da:12:a5:68:0d:fc]
RSSI: -93 [da:12:a5:75:0e:1c]
RSSI: -91 [da:12:a5:83:0e:4c]
RSSI: -88 [da:12:a5:92:0e:7c]
RSSI: -90 [da:12:a5:92:0e:7c]
RSSI: -93 [da:12:a5:ae:0e:cc]
RSSI: -88 [da:12:a5:bd:0e:fc]
RSSI: -89 [da:12:a5:f4:0f:ac]
RSSI: -89 [da:12:a6:11:10:0c]
RSSI: -90 [da:12:a6:1e:10:2c]
RSSI: -92 [da:12:a6:2d:10:5c]
RSSI: -93 [da:12:a6:48:10:ac]
RSSI: -93 [da:12:a6:73:11:2c]
RSSI: -95 [da:12:a6:82:11:5c]
RSSI: -92 [da:12:a7:01:12:dc]
RSSI: -92 [da:12:a7:10:13:0c]
RSSI: -92 [da:12:a7:47:13:ac]
RSSI: -93 [da:12:a7:90:14:8c]
RSSI: -97 [da:59:dc:38:00:aa]
RSSI: -95 [da:59:dc:70:01:4a]
RSSI: -92 [da:12:a7:c7:15:2c]
RSSI: -94 [da:59:dc:7f:01:6a]
RSSI: -89 [da:12:a7:e5:15:8c]
RSSI: -85 [da:12:a8:01:15:dc]
RSSI: -86 [da:12:a8:0f:16:0c]
RSSI: -84 [da:12:a8:1c:16:2c]
RSSI: -85 [da:12:a8:1c:16:2c]
RSSI: -84 [da:12:a8:2b:16:5c]
RSSI: -88 [da:59:dc:e5:02:8a]
RSSI: -87 [da:59:dc:e5:02:8a]
RSSI: -88 [da:59:dc:f1:02:aa]
RSSI: -87 [da:59:dd:01:02:da]
RSSI: -83 [da:12:a8:65:00:5c]
RSSI: -86 [da:59:dd:10:02:fa]
RSSI: -86 [da:59:dd:1d:03:2a]
RSSI: -86 [da:59:dd:1d:03:2a]
RSSI: -87 [da:59:dd:2c:03:4a]
RSSI: -85 [da:12:a8:8f:00:dc]
RSSI: -87 [da:59:dd:2c:03:4a]
RSSI: -90 [da:12:a8:9c:01:0c]
RSSI: -87 [da:59:dd:3b:03:7a]
RSSI: -84 [da:12:a8:9c:01:0c]
RSSI: -86 [da:59:dd:48:03:9a]
RSSI: -88 [da:59:dd:57:03:ca]
RSSI: -86 [da:12:a8:ba:01:5c]
RSSI: -89 [da:59:dd:57:03:ca]
RSSI: -87 [da:12:a8:d6:01:bc]
RSSI: -91 [da:59:dd:83:04:3a]
RSSI: -88 [da:12:a8:e5:01:dc]
RSSI: -89 [da:59:dd:83:04:3a]
RSSI: -92 [da:59:dd:92:04:6a]
RSSI: -94 [da:12:a9:00:02:3c]
RSSI: -92 [da:12:a9:0f:02:6c]
RSSI: -93 [da:12:a9:47:03:0c]
RSSI: -90 [da:12:a9:65:03:6c]
RSSI: -95 [da:59:de:05:05:aa]
RSSI: -93 [da:12:a9:80:03:bc]
RSSI: -89 [da:12:a9:ab:04:3c]
RSSI: -90 [da:12:a9:ba:04:6c]
RSSI: -91 [da:12:a9:c7:04:9c]
RSSI: -90 [da:12:a9:e5:04:ec]
RSSI: -87 [da:12:aa:10:05:7c]
RSSI: -87 [da:12:aa:10:05:7c]
RSSI: -87 [da:12:aa:1c:05:9c]
RSSI: -87 [da:12:aa:2b:05:cc]
RSSI: -87 [da:12:aa:47:06:1c]
RSSI: -88 [da:12:aa:56:06:4c]
RSSI: -91 [da:12:aa:72:06:ac]
RSSI: -92 [da:12:aa:81:06:dc]
RSSI: -90 [da:12:aa:ac:07:5c]
RSSI: -91 [da:12:aa:e6:08:0c]
RSSI: -95 [da:12:ab:1d:08:bc]
RSSI: -98 [da:12:ab:2d:08:ec]
RSSI: -100 [da:12:ab:48:09:3c]
RSSI: -95 [da:12:ac:03:0b:7c]
RSSI: -91 [da:12:ac:af:0d:9c]
RSSI: -91 [da:12:ac:da:0e:1c]
RSSI: -90 [da:12:ac:e9:0e:4c]
RSSI: -92 [da:12:ac:f6:0e:7c]
RSSI: -91 [da:12:ad:15:0e:dc]
RSSI: -91 [da:12:ad:4c:0f:8c]
RSSI: -95 [da:12:ad:87:10:3c]
RSSI: -93 [da:12:ad:96:10:6c]
RSSI: -94 [da:12:ad:ce:11:0c]
RSSI: -95 [da:12:ae:08:11:bc]
RSSI: -92 [da:57:fe:db:00:bb]
RSSI: -92 [da:12:ae:7a:13:1c]
RSSI: -92 [da:12:ae:99:13:7c]
RSSI: -92 [da:57:ff:28:01:ab]
RSSI: -91 [da:12:ae:a6:13:9c]
RSSI: -92 [da:12:ae:b5:13:cc]
RSSI: -94 [da:12:ae:e0:14:4c]
RSSI: -92 [da:12:ae:ef:14:7c]
RSSI: -90 [da:12:ae:fc:14:9c]
RSSI: -89 [da:12:af:0b:14:cc]
RSSI: -88 [da:12:af:1b:14:fc]
RSSI: -88 [da:12:af:27:15:2c]
RSSI: -89 [da:12:af:37:15:5c]
RSSI: -92 [da:12:af:46:15:8c]
RSSI: -91 [da:12:af:53:15:ac]
RSSI: -86 [da:12:af:62:15:dc]
RSSI: -85 [da:12:af:71:16:0c]
RSSI: -96 [da:59:e4:11:00:aa]
RSSI: -85 [da:12:af:9d:00:0c]
RSSI: -95 [da:59:e4:3d:01:2a]
RSSI: -84 [da:12:af:a9:00:2c]
RSSI: -84 [da:12:af:b9:00:5c]
RSSI: -84 [da:12:af:d5:00:ac]
RSSI: -85 [da:12:af:e4:00:dc]
RSSI: -88 [da:12:b0:0f:01:5c]
RSSI: -87 [da:59:e4:b1:02:6a]
RSSI: -87 [da:59:e4:b1:02:6a]
RSSI: -86 [da:59:e4:c1:02:9a]
RSSI: -87 [da:59:e4:ce:02:ba]
RSSI: -86 [da:59:e4:ce:02:ba]
RSSI: -86 [da:59:e4:dd:02:ea]
RSSI: -86 [da:59:e4:dd:02:ea]
RSSI: -84 [da:59:e4:ed:03:1a]
RSSI: -86 [da:59:e4:ed:03:1a]
RSSI: -84 [da:59:e4:fa:03:3a]
RSSI: -85 [da:59:e5:09:03:5a]
RSSI: -85 [da:59:e5:09:03:5a]
RSSI: -85 [da:59:e5:09:03:5a]
RSSI: -86 [da:59:e5:19:03:8a]
RSSI: -85 [da:59:e5:19:03:8a]
RSSI: -89 [da:12:b0:82:02:bc]
RSSI: -87 [da:59:e5:26:03:aa]
RSSI: -88 [da:12:b0:82:02:bc]
RSSI: -86 [da:59:e5:35:03:da]
RSSI: -91 [da:12:b0:91:02:ec]
RSSI: -87 [da:59:e5:35:03:da]
RSSI: -87 [da:59:e5:45:04:0a]
RSSI: -88 [da:59:e5:61:04:5a]
RSSI: -90 [da:59:e5:71:04:8a]
RSSI: -92 [da:12:b0:d9:03:cc]
RSSI: -93 [da:59:e5:7e:04:aa]
RSSI: -91 [da:12:b0:e8:03:fc]
RSSI: -91 [da:12:b0:f8:04:2c]
RSSI: -90 [da:12:b1:04:04:4c]
RSSI: -98 [da:59:e5:d6:05:aa]
RSSI: -87 [da:12:b1:3f:04:fc]
RSSI: -87 [da:12:b1:4f:05:2c]
RSSI: -95 [da:59:e5:f5:05:fa]
RSSI: -91 [da:12:b1:5b:05:4c]
RSSI: -88 [da:12:b1:7a:05:ac]
RSSI: -93 [da:12:b1:87:05:dc]
RSSI: -89 [da:12:b1:87:05:dc]
RSSI: -88 [da:12:b1:a6:06:3c]
RSSI: -89 [da:12:b1:c8:06:ac]
RSSI: -97 [da:59:e6:6a:07:3a]
RSSI: -89 [da:12:b1:f3:07:2c]
RSSI: -90 [da:12:b2:2e:07:ec]
RSSI: -90 [da:12:b2:3b:08:0c]
RSSI: -95 [da:12:b2:76:08:cc]
RSSI: -95 [da:12:b2:b1:09:7c]
RSSI: -95 [da:12:b2:dd:0a:0c]
RSSI: -93 [da:12:b3:25:0a:ec]
RSSI: -94 [da:12:b3:41:0b:3c]
RSSI: -97 [da:12:b3:b7:0c:ac]
RSSI: -94 [da:12:b3:e3:0d:3c]
RSSI: -89 [da:12:b4:1b:0d:ec]
RSSI: -91 [da:12:b4:47:0e:6c]
RSSI: -88 [da:12:b4:66:0e:cc]
RSSI: -91 [da:12:b4:73:0e:fc]
RSSI: -91 [da:12:b4:92:0f:5c]
RSSI: -92 [da:12:b4:ae:0f:ac]
RSSI: -91 [da:12:b4:da:10:2c]
RSSI: -93 [da:12:b4:ea:10:5c]
RSSI: -96 [da:12:b5:16:10:ec]
RSSI: -98 [da:58:06:19:00:2b]
RSSI: -93 [da:12:b5:c5:12:fc]
RSSI: -92 [da:12:b5:e2:13:5c]
RSSI: -90 [da:12:b5:f1:13:8c]
RSSI: -92 [da:12:b5:fe:13:ac]
RSSI: -90 [da:12:b6:0e:13:dc]
RSSI: -93 [da:12:b6:49:14:8c]
RSSI: -90 [da:12:b6:49:14:8c]
RSSI: -90 [da:12:b6:82:15:3c]
RSSI: -90 [da:12:b6:a1:15:9c]
RSSI: -90 [da:12:b6:cd:16:1c]
RSSI: -90 [da:12:b6:da:16:4c]
RSSI: -88 [da:12:b7:06:00:5c]
RSSI: -90 [da:12:b7:16:00:8c]
RSSI: -92 [da:12:b7:32:00:dc]
RSSI: -88 [da:12:b7:42:01:0c]
RSSI: -89 [da:12:b7:51:01:3c]
RSSI: -92 [da:12:b7:5e:01:5c]
RSSI: -93 [da:12:b7:7d:01:cc]
RSSI: -91 [da:12:b7:8a:01:ec]
RSSI: -94 [da:59:ec:50:01:9a]
RSSI: -90 [da:59:ec:50:01:9a]
RSSI: -90 [da:12:b7:c6:02:ac]
RSSI: -92 [da:12:b7:d6:02:dc]
RSSI: -87 [da:59:ec:7d:02:1a]
RSSI: -85 [da:59:ec:7d:02:1a]
RSSI: -89 [da:59:ec:8d:02:4a]
RSSI: -86 [da:59:ec:8d:02:4a]
RSSI: -85 [da:59:ec:99:02:6a]
RSSI: -84 [da:59:ec:aa:02:9a]
RSSI: -86 [da:59:ec:ba:02:ca]
RSSI: -84 [da:59:ec:ba:02:ca]
RSSI: -84 [da:59:ec:c6:02:ea]
RSSI: -91 [da:12:b8:2e:03:dc]
RSSI: -87 [da:59:ec:d6:03:1a]
RSSI: -85 [da:59:ec:d6:03:1a]
RSSI: -92 [da:12:b8:3b:04:0c]
RSSI: -84 [da:59:ec:e6:03:4a]
RSSI: -87 [da:59:ec:e6:03:4a]
RSSI: -84 [da:59:ec:f3:03:6a]
RSSI: -85 [da:59:ed:03:03:9a]
RSSI: -85 [da:59:ed:03:03:9a]
RSSI: -87 [da:59:ed:13:03:ca]
RSSI: -86 [da:59:ed:13:03:ca]
RSSI: -90 [da:12:b8:86:04:ec]
RSSI: -87 [da:59:ed:30:04:1a]
RSSI: -89 [da:59:ed:40:04:3a]
RSSI: -89 [da:12:b8:93:05:0c]
RSSI: -91 [da:59:ed:4d:04:6a]
RSSI: -88 [da:12:b8:bf:05:9c]
RSSI: -87 [da:12:b8:eb:06:2c]
RSSI: -87 [da:12:b8:eb:06:2c]
RSSI: -94 [da:59:ed:b6:05:8a]
RSSI: -95 [da:59:ed:d3:05:ea]
RSSI: -91 [da:12:b9:63:07:9c]
RSSI: -91 [da:12:b9:70:07:bc]
RSSI: -91 [da:12:b9:80:07:ec]
RSSI: -93 [da:59:ee:3d:07:0a]
RSSI: -91 [da:12:b9:ac:08:7c]
RSSI: -94 [da:59:ee:4d:07:3a]
RSSI: -94 [da:12:b9:c9:08:dc]
RSSI: -95 [da:12:b9:f5:09:5c]
RSSI: -94 [da:12:ba:8a:0b:2c]
RSSI: -95 [da:12:ba:8a:0b:2c]
RSSI: -94 [da:12:ba:a6:0b:7c]
RSSI: -93 [da:12:bb:0f:0c:cc]
RSSI: -92 [da:12:bb:4b:0d:8c]
RSSI: -89 [da:12:bb:78:0e:0c]
RSSI: -89 [da:12:bb:84:0e:3c]
RSSI: -88 [da:12:bb:94:0e:6c]
RSSI: -90 [da:12:bb:c1:0e:ec]
RSSI: -91 [da:12:bb:d1:0f:2c]
RSSI: -90 [da:12:bb:ed:0f:7c]
RSSI: -93 [da:12:bb:fd:0f:ac]
RSSI: -94 [da:12:bc:0a:0f:dc]
RSSI: -94 [da:12:bc:46:10:8c]
RSSI: -91 [da:12:bc:46:10:8c]
RSSI: -96 [da:12:bc:9f:11:9c]
RSSI: -94 [da:12:bc:bc:11:ec]
RSSI: -92 [da:12:bc:f9:12:ac]
RSSI: -93 [da:12:bd:15:12:fc]
RSSI: -89 [da:12:bd:35:13:5c]
RSSI: -90 [da:12:bd:35:13:5c]
RSSI: -90 [da:12:bd:42:13:8c]
RSSI: -88 [da:12:bd:7e:14:3c]
RSSI: -88 [da:12:bd:7e:14:3c]
RSSI: -92 [da:12:bd:9b:14:9c]
RSSI: -91 [da:12:bd:ab:14:cc]
RSSI: -92 [da:12:bd:d8:15:4c]
RSSI: -98 [da:58:0e:66:02:7b]
RSSI: -92 [da:12:bd:e8:15:7c]
RSSI: -87 [da:12:be:04:15:dc]
RSSI: -88 [da:12:be:14:16:0c]
RSSI: -88 [da:12:be:31:16:5c]
RSSI: -85 [da:12:be:41:00:0c]
RSSI: -87 [da:12:be:4e:00:2c]
RSSI: -85 [da:12:be:4e:00:2c]
RSSI: -89 [da:12:be:5e:00:5c]
RSSI: -85 [da:12:be:6e:00:8c]
RSSI: -86 [da:12:be:6e:00:8c]
RSSI: -87 [da:12:be:6e:00:8c]
RSSI: -85 [da:12:be:7a:00:ac]
RSSI: -85 [da:12:be:7a:00:ac]
RSSI: -85 [da:12:be:8b:00:ec]
RSSI: -88 [da:12:be:9b:01:1c]
RSSI: -92 [da:12:be:a7:01:3c]
RSSI: -95 [da:12:be:b7:01:6c]
RSSI: -92 [da:12:bf:01:02:4c]
RSSI: -92 [da:12:bf:21:02:ac]
RSSI: -91 [da:12:bf:2e:02:dc]
RSSI: -92 [da:12:bf:5a:03:5c]
RSSI: -95 [da:59:f4:0a:01:4a]
RSSI: -92 [da:12:bf:7b:03:bc]
RSSI: -89 [da:59:f4:57:02:1a]
RSSI: -89 [da:59:f4:57:02:1a]
RSSI: -93 [da:12:bf:c4:04:9c]
RSSI: -87 [da:59:f4:70:02:5a]
RSSI: -87 [da:59:f4:7d:02:8a]
RSSI: -87 [da:59:f4:7d:02:8a]
RSSI: -87 [da:12:bf:e1:04:fc]
RSSI: -85 [da:59:f4:8a:02:aa]
RSSI: -83 [da:59:f4:b0:03:1a]
RSSI: -87 [da:12:c0:0e:05:7c]
RSSI: -88 [da:12:c0:1e:05:ac]
RSSI: -85 [da:59:f4:ca:03:5a]
RSSI: -86 [da:59:f4:ca:03:5a]
RSSI: -87 [da:59:f4:e4:03:aa]
RSSI: -85 [da:59:f4:f1:03:ca]
RSSI: -83 [da:59:f4:fe:03:ea]
RSSI: -88 [da:59:f5:0b:04:0a]
RSSI: -88 [da:59:f5:18:04:3a]
RSSI: -88 [da:59:f5:24:04:5a]
RSSI: -89 [da:59:f5:24:04:5a]
RSSI: -91 [da:59:f5:3e:04:9a]
RSSI: -91 [da:12:c0:ba:07:9c]
RSSI: -95 [da:12:c0:d7:07:ec]
RSSI: -93 [da:12:c0:f0:08:3c]
RSSI: -95 [da:12:c0:fd:08:5c]
RSSI: -95 [da:59:f5:a5:05:ba]
RSSI: -95 [da:12:c1:16:08:ac]
RSSI: -97 [da:59:f5:b2:05:ea]
RSSI: -96 [da:59:f6:00:06:ca]
RSSI: -95 [da:12:c1:6f:09:cc]
RSSI: -93 [da:12:c1:e1:0b:2c]
RSSI: -95 [da:12:c2:93:0d:5c]
RSSI: -91 [da:12:c2:ad:0d:ac]
RSSI: -93 [da:12:c2:ba:0d:cc]
RSSI: -90 [da:12:c2:e0:0e:4c]
RSSI: -91 [da:12:c2:ec:0e:6c]
RSSI: -91 [da:12:c3:06:0e:bc]
RSSI: -91 [da:12:c3:13:0e:dc]
RSSI: -92 [da:12:c3:2c:0f:2c]
RSSI: -93 [da:12:c3:46:0f:7c]
RSSI: -91 [da:12:c3:53:0f:ac]
RSSI: -92 [da:12:c3:92:10:6c]
RSSI: -93 [da:12:c3:ac:10:bc]
RSSI: -94 [da:12:c3:b9:10:dc]
RSSI: -94 [da:12:c3:b9:10:dc]
RSSI: -92 [da:12:c3:df:11:4c]
RSSI: -92 [da:12:c3:df:11:4c]
RSSI: -95 [da:12:c4:2c:12:3c]
RSSI: -96 [da:12:c4:2c:12:3c]
RSSI: -93 [da:12:c4:5f:12:dc]
RSSI: -91 [da:12:c4:78:13:2c]
RSSI: -91 [da:12:c4:78:13:2c]
RSSI: -92 [da:12:c4:85:13:4c]
RSSI: -92 [da:12:c4:ac:13:cc]
RSSI: -93 [da:12:c4:b9:13:ec]
RSSI: -93 [da:12:c4:df:14:5c]
RSSI: -91 [da:12:c4:ec:14:8c]
RSSI: -91 [da:12:c4:ec:14:8c]
RSSI: -93 [da:58:15:94:01:9b]
RSSI: -92 [da:12:c5:12:14:fc]
RSSI: -94 [da:58:15:bd:02:1b]
RSSI: -87 [da:12:c5:39:15:6c]
RSSI: -86 [da:12:c5:46:15:8c]
RSSI: -97 [da:58:15:e5:02:8b]
RSSI: -87 [da:12:c5:5f:15:dc]
RSSI: -90 [da:12:c5:6c:16:0c]
RSSI: -86 [da:12:c5:79:16:2c]
RSSI: -88 [da:12:c5:86:16:5c]
RSSI: -86 [da:12:c5:93:16:7c]
RSSI: -80 [da:12:c5:93:16:7c]
RSSI: -85 [da:12:c5:a0:00:2c]
RSSI: -85 [da:12:c5:b9:00:7c]
RSSI: -79 [da:12:c5:b9:00:7c]
RSSI: -79 [da:12:c5:b9:00:7c]
RSSI: -88 [da:12:c5:d3:00:cc]
RSSI: -81 [da:12:c5:e0:00:ec]
RSSI: -81 [da:12:c5:e0:00:ec]
RSSI: -83 [da:12:c6:06:01:5c]
RSSI: -92 [da:12:c6:13:01:8c]
RSSI: -91 [da:12:c6:47:02:2c]
RSSI: -90 [da:12:c6:54:02:4c]
RSSI: -94 [da:12:c6:7a:02:cc]
RSSI: -89 [da:12:c6:87:02:ec]
RSSI: -91 [da:12:c6:ae:03:5c]
RSSI: -96 [da:12:c6:ba:03:8c]
RSSI: -94 [da:12:c6:e1:03:fc]
RSSI: -91 [da:12:c6:ee:04:2c]
RSSI: -90 [da:12:c7:15:04:9c]
RSSI: -92 [da:12:c7:22:04:cc]
RSSI: -96 [da:59:fb:e5:01:4a]
RSSI: -91 [da:59:fc:0c:01:ba]
RSSI: -93 [da:12:c7:6f:05:bc]
RSSI: -89 [da:59:fc:26:01:fa]
RSSI: -89 [da:59:fc:26:01:fa]
RSSI: -88 [da:59:fc:41:02:4a]
RSSI: -89 [da:59:fc:41:02:4a]
RSSI: -87 [da:59:fc:4d:02:6a]
RSSI: -87 [da:59:fc:5b:02:9a]
RSSI: -86 [da:59:fc:68:02:ba]
RSSI: -85 [da:59:fc:8a:03:1a]
RSSI: -85 [da:59:fc:98:03:3a]
RSSI: -86 [da:59:fc:98:03:3a]
RSSI: -85 [da:59:fc:a4:03:5a]
RSSI: -86 [da:59:fc:b2:03:8a]
RSSI: -85 [da:59:fc:bf:03:aa]
RSSI: -86 [da:59:fc:bf:03:aa]
RSSI: -85 [da:59:fc:cc:03:ca]
RSSI: -86 [da:59:fc:cc:03:ca]
RSSI: -87 [da:59:fc:d9:03:fa]
RSSI: -86 [da:59:fc:e6:04:1a]
RSSI: -86 [da:59:fc:e6:04:1a]
RSSI: -88 [da:59:fc:f3:04:3a]
RSSI: -88 [da:59:fc:f3:04:3a]
RSSI: -88 [da:59:fd:0e:04:8a]
RSSI: -91 [da:59:fd:1b:04:aa]
RSSI: -95 [da:59:fd:77:05:aa]
RSSI: -93 [da:12:c9:27:0b:0c]
RSSI: -90 [da:12:c9:42:0b:5c]
RSSI: -93 [da:12:c9:4e:0b:7c]
RSSI: -94 [da:12:c9:8f:0c:4c]
RSSI: -93 [da:12:c9:9c:0c:6c]
RSSI: -93 [da:12:c9:c3:0c:ec]
RSSI: -96 [da:12:c9:dd:0d:3c]
RSSI: -92 [da:12:ca:2b:0e:2c]
RSSI: -90 [da:12:ca:2b:0e:2c]
RSSI: -88 [da:12:ca:38:0e:5c]
RSSI: -88 [da:12:ca:38:0e:5c]
RSSI: -88 [da:12:ca:45:0e:7c]
RSSI: -87 [da:12:ca:52:0e:ac]
RSSI: -88 [da:12:ca:52:0e:ac]
RSSI: -88 [da:12:ca:5f:0e:cc]
RSSI: -86 [da:12:ca:5f:0e:cc]
RSSI: -89 [da:12:ca:6c:0e:fc]
RSSI: -90 [da:12:ca:79:0f:2c]
RSSI: -86 [da:12:ca:86:0f:4c]
RSSI: -87 [da:12:ca:ad:0f:cc]
RSSI: -89 [da:12:ca:ba:0f:ec]
RSSI: -89 [da:12:ca:ba:0f:ec]
RSSI: -91 [da:12:ca:e2:10:6c]
RSSI: -91 [da:12:ca:ef:10:8c]
RSSI: -95 [da:12:cb:16:11:0c]
RSSI: -95 [da:12:cb:71:12:1c]
RSSI: -90 [da:12:cb:98:12:8c]
RSSI: -90 [da:12:cb:98:12:8c]
RSSI: -89 [da:12:cb:a5:12:bc]
RSSI: -88 [da:12:cb:cd:13:2c]
RSSI: -92 [da:12:cb:da:13:5c]
RSSI: -89 [da:12:cb:f4:13:9c]
RSSI: -90 [da:12:cc:01:13:cc]
RSSI: -89 [da:12:cc:01:13:cc]
RSSI: -86 [da:12:cc:01:13:cc]
RSSI: -87 [da:12:cc:35:14:6c]
RSSI: -86 [da:12:cc:42:14:8c]
RSSI: -87 [da:12:cc:42:14:8c]
RSSI: -93 [da:58:1c:df:00:fb]
RSSI: -88 [da:12:cc:50:14:bc]
RSSI: -90 [da:12:cc:6a:15:0c]
RSSI: -92 [da:58:1c:eb:01:1b]
RSSI: -90 [da:12:cc:77:15:2c]
RSSI: -88 [da:12:cc:77:15:2c]
RSSI: -85 [da:12:cc:83:15:5c]
RSSI: -82 [da:12:cc:91:15:7c]
RSSI: -89 [da:12:cc:91:15:7c]
RSSI: -82 [da:12:cc:9e:15:ac]
RSSI: -79 [da:12:cc:9e:15:ac]
RSSI: -80 [da:12:cc:ab:15:cc]
RSSI: -83 [da:12:cc:b8:15:fc]
RSSI: -83 [da:12:cc:b8:15:fc]
RSSI: -78 [da:12:cc:c5:16:1c]
RSSI: -76 [da:12:cc:c5:16:1c]
RSSI: -77 [da:12:cc:d2:16:4c]
RSSI: -80 [da:12:cc:df:16:6c]
RSSI: -77 [da:12:cc:ed:00:0c]
RSSI: -74 [da:12:cc:ed:00:0c]
RSSI: -74 [da:12:cc:ed:00:0c]
RSSI: -77 [da:12:cc:f9:00:2c]
RSSI: -79 [da:12:cd:07:00:4c]
RSSI: -75 [da:12:cd:14:00:7c]
RSSI: -78 [da:12:cd:21:00:9c]
RSSI: -75 [da:12:cd:21:00:9c]
RSSI: -81 [da:12:cd:2e:00:cc]
RSSI: -81 [da:12:cd:2e:00:cc]
RSSI: -76 [da:12:cd:3b:00:ec]
RSSI: -79 [da:12:cd:48:01:1c]
RSSI: -82 [da:12:cd:5b:01:4c]
RSSI: -91 [da:12:cd:6b:01:7c]
RSSI: -85 [da:12:cd:6b:01:7c]
RSSI: -98 [da:5a:02:20:12:fa]
RSSI: -88 [da:12:cd:ac:02:4c]
RSSI: -87 [da:12:cd:ac:02:4c]
RSSI: -89 [da:12:cd:e1:02:ec]
RSSI: -90 [da:12:cd:e1:02:ec]
RSSI: -91 [da:12:ce:08:03:5c]
RSSI: -88 [da:12:ce:23:03:ac]
RSSI: -89 [da:12:ce:30:03:dc]
RSSI: -89 [da:12:ce:4a:04:2c]
RSSI: -93 [da:12:ce:57:04:4c]
RSSI: -91 [da:12:ce:8c:04:ec]
RSSI: -94 [da:12:ce:a6:05:3c]
RSSI: -94 [da:12:ce:da:05:dc]
RSSI: -90 [da:12:cf:10:06:8c]
RSSI: -90 [da:12:cf:1d:06:ac]
RSSI: -93 [da:12:cf:45:07:2c]
RSSI: -89 [da:5a:03:f4:01:ca]
RSSI: -93 [da:12:cf:51:07:4c]
RSSI: -88 [da:5a:04:0f:02:1a]
RSSI: -89 [da:5a:04:0f:02:1a]
RSSI: -88 [da:5a:04:2a:02:5a]
RSSI: -88 [da:5a:04:2a:02:5a]
RSSI: -85 [da:5a:04:2a:02:5a]
RSSI: -89 [da:5a:04:37:02:8a]
RSSI: -85 [da:5a:04:44:02:aa]
RSSI: -87 [da:5a:04:52:02:da]
RSSI: -84 [da:5a:04:52:02:da]
RSSI: -88 [da:5a:04:60:02:fa]
RSSI: -86 [da:5a:04:60:02:fa]
RSSI: -84 [da:5a:04:6c:03:1a]
RSSI: -88 [da:12:cf:c8:08:bc]
RSSI: -87 [da:5a:04:6c:03:1a]
RSSI: -86 [da:5a:04:7a:03:4a]
RSSI: -83 [da:5a:04:7a:03:4a]
RSSI: -89 [da:12:cf:d6:08:ec]
RSSI: -87 [da:5a:04:88:03:6a]
RSSI: -88 [da:5a:04:94:03:8a]
RSSI: -87 [da:5a:04:b0:03:da]
RSSI: -85 [da:5a:04:cb:04:2a]
RSSI: -89 [da:5a:04:d8:04:4a]
RSSI: -86 [da:5a:04:d8:04:4a]
RSSI: -91 [da:5a:04:e5:04:6a]
RSSI: -93 [da:5a:05:01:04:ba]
RSSI: -91 [da:5a:05:01:04:ba]
RSSI: -89 [da:12:d0:74:0a:dc]
RSSI: -86 [da:12:d0:82:0b:0c]
RSSI: -88 [da:12:d0:8e:0b:2c]
RSSI: -85 [da:12:d0:9c:0b:5c]
RSSI: -88 [da:12:d0:a9:0b:7c]
RSSI: -85 [da:12:d0:a9:0b:7c]
RSSI: -86 [da:12:d0:c4:0b:cc]
RSSI: -87 [da:12:d0:d1:0b:fc]
RSSI: -91 [da:12:d0:eb:0c:4c]
RSSI: -86 [da:12:d0:f9:0c:7c]
RSSI: -90 [da:12:d1:13:0c:cc]
RSSI: -86 [da:12:d1:21:0c:fc]
RSSI: -91 [da:12:d1:48:0d:6c]
RSSI: -89 [da:12:d1:63:0d:bc]
RSSI: -90 [da:12:d1:70:0d:ec]
RSSI: -88 [da:12:d1:70:0d:ec]
RSSI: -89 [da:12:d1:7d:0e:1c]
RSSI: -87 [da:12:d1:7d:0e:1c]
RSSI: -88 [da:12:d1:8b:0e:3c]
RSSI: -85 [da:12:d1:98:0e:6c]
RSSI: -85 [da:12:d1:98:0e:6c]
RSSI: -87 [da:12:d1:a5:0e:8c]
RSSI: -83 [da:12:d1:a5:0e:8c]
RSSI: -88 [da:12:d1:b2:0e:bc]
RSSI: -84 [da:12:d1:c0:0e:dc]
RSSI: -84 [da:12:d1:cd:0f:0c]
RSSI: -84 [da:12:d1:da:0f:2c]
RSSI: -88 [da:12:d1:e8:0f:5c]
RSSI: -84 [da:12:d1:f4:0f:7c]
RSSI: -88 [da:12:d2:02:0f:ac]
RSSI: -84 [da:12:d2:02:0f:ac]
RSSI: -88 [da:12:d2:10:0f:cc]
RSSI: -87 [da:12:d2:1c:0f:fc]
RSSI: -91 [da:12:d2:37:10:4c]
RSSI: -91 [da:12:d2:44:10:6c]
RSSI: -93 [da:12:d2:52:10:9c]
RSSI: -96 [da:12:d2:7a:11:1c]
RSSI: -92 [da:12:d2:ca:12:0c]
RSSI: -90 [da:12:d2:d7:12:3c]
RSSI: -90 [da:12:d2:d7:12:3c]
RSSI: -88 [da:12:d2:ff:12:ac]
RSSI: -86 [da:12:d3:19:12:fc]
RSSI: -86 [da:12:d3:27:13:2c]
RSSI: -89 [da:12:d3:34:13:4c]
RSSI: -87 [da:12:d3:34:13:4c]
RSSI: -88 [da:12:d3:41:13:7c]
RSSI: -87 [da:12:d3:4f:13:ac]
RSSI: -86 [da:12:d3:5c:13:cc]
RSSI: -87 [da:12:d3:5c:13:cc]
RSSI: -84 [da:12:d3:69:13:fc]
RSSI: -84 [da:12:d3:77:14:1c]
RSSI: -85 [da:12:d3:77:14:1c]
RSSI: -83 [da:12:d3:84:14:4c]
RSSI: -84 [da:12:d3:84:14:4c]
RSSI: -86 [da:12:d3:91:14:6c]
RSSI: -93 [da:58:24:26:00:5b]
RSSI: -85 [da:12:d3:9f:14:9c]
RSSI: -85 [da:12:d3:9f:14:9c]
RSSI: -86 [da:12:d3:9f:14:9c]
RSSI: -87 [da:12:d3:ac:14:bc]
RSSI: -92 [da:58:24:35:00:7b]
RSSI: -86 [da:12:d3:d4:15:3c]
RSSI: -82 [da:12:d3:e2:15:5c]
RSSI: -81 [da:12:d3:e2:15:5c]
RSSI: -85 [da:12:d3:ef:15:8c]
RSSI: -77 [da:12:d3:fc:15:ac]
RSSI: -80 [da:12:d3:fc:15:ac]
RSSI: -77 [da:12:d4:0a:15:dc]
RSSI: -75 [da:12:d4:0a:15:dc]
RSSI: -77 [da:12:d4:17:16:0c]
RSSI: -75 [da:12:d4:17:16:0c]
RSSI: -90 [da:58:24:ad:01:eb]
RSSI: -73 [da:12:d4:24:16:2c]
RSSI: -76 [da:12:d4:24:16:2c]
RSSI: -75 [da:12:d4:32:16:4c]
RSSI: -91 [da:58:24:ba:02:1b]
RSSI: -73 [da:12:d4:32:16:4c]
RSSI: -74 [da:12:d4:3f:16:7c]
RSSI: -75 [da:12:d4:4c:00:2c]
RSSI: -72 [da:12:d4:5a:00:4c]
RSSI: -75 [da:12:d4:67:00:7c]
RSSI: -75 [da:12:d4:67:00:7c]
RSSI: -72 [da:12:d4:67:00:7c]
RSSI: -76 [da:12:d4:74:00:9c]
RSSI: -75 [da:12:d4:74:00:9c]
RSSI: -74 [da:12:d4:82:00:cc]
RSSI: -77 [da:12:d4:82:00:cc]
RSSI: -76 [da:12:d4:90:00:fc]
RSSI: -76 [da:12:d4:90:00:fc]
RSSI: -79 [da:12:d4:9c:01:1c]
RSSI: -78 [da:12:d4:9c:01:1c]
RSSI: -77 [da:12:d4:aa:01:4c]
RSSI: -82 [da:12:d4:aa:01:4c]
RSSI: -80 [da:12:d4:b8:01:6c]
RSSI: -81 [da:12:d4:b8:01:6c]
RSSI: -83 [da:12:d4:c4:01:9c]
RSSI: -93 [da:12:d4:e0:01:ec]
RSSI: -87 [da:12:d4:fa:02:3c]
RSSI: -87 [da:12:d4:fa:02:3c]
RSSI: -87 [da:12:d5:08:02:6c]
RSSI: -86 [da:12:d5:15:02:8c]
RSSI: -86 [da:12:d5:23:02:bc]
RSSI: -87 [da:12:d5:30:02:ec]
RSSI: -87 [da:12:d5:30:02:ec]
RSSI: -93 [da:12:d5:4b:03:3c]
RSSI: -90 [da:12:d5:58:03:5c]
RSSI: -90 [da:12:d5:65:03:8c]
RSSI: -90 [da:12:d5:65:03:8c]
RSSI: -87 [da:12:d5:81:03:dc]
RSSI: -88 [da:12:d5:8d:03:fc]
RSSI: -92 [da:12:d5:9b:04:2c]
RSSI: -90 [da:12:d5:d1:04:cc]
RSSI: -92 [da:12:d5:de:04:fc]
RSSI: -92 [da:12:d5:de:04:fc]
RSSI: -94 [da:12:d6:14:05:9c]
RSSI: -92 [da:12:d6:22:05:cc]
RSSI: -86 [da:12:d6:2e:05:ec]
RSSI: -88 [da:12:d6:3c:06:1c]
RSSI: -90 [da:12:d6:65:06:9c]
RSSI: -90 [da:12:d6:65:06:9c]
RSSI: -92 [da:12:d6:72:06:cc]
RSSI: -91 [da:12:d6:9b:07:3c]
RSSI: -91 [da:12:d6:a7:07:6c]
RSSI: -88 [da:12:d6:c3:07:bc]
RSSI: -95 [da:5a:0b:8b:01:0a]
RSSI: -91 [da:12:d6:eb:08:3c]
RSSI: -94 [da:5a:0b:a6:01:5a]
RSSI: -92 [da:5a:0b:b4:01:7a]
RSSI: -87 [da:12:d7:20:08:dc]
RSSI: -88 [da:12:d7:2e:09:0c]
RSSI: -91 [da:5a:0b:dd:01:ea]
RSSI: -89 [da:5a:0b:f8:02:3a]
RSSI: -87 [da:5a:0b:f8:02:3a]
RSSI: -85 [da:5a:0c:06:02:5a]
RSSI: -87 [da:5a:0c:06:02:5a]
RSSI: -85 [da:5a:0c:12:02:7a]
RSSI: -86 [da:5a:0c:21:02:aa]
RSSI: -88 [da:5a:0c:21:02:aa]
RSSI: -84 [da:5a:0c:3b:02:fa]
RSSI: -86 [da:5a:0c:4a:03:1a]
RSSI: -86 [da:5a:0c:58:03:3a]
RSSI: -86 [da:5a:0c:58:03:3a]
RSSI: -85 [da:5a:0c:58:03:3a]
RSSI: -85 [da:5a:0c:64:03:6a]
RSSI: -86 [da:5a:0c:73:03:8a]
RSSI: -92 [da:12:d7:d0:0a:fc]
RSSI: -84 [da:5a:0c:73:03:8a]
RSSI: -86 [da:5a:0c:81:03:ba]
RSSI: -87 [da:5a:0c:81:03:ba]
RSSI: -87 [da:5a:0c:81:03:ba]
RSSI: -87 [da:5a:0c:81:03:ba]
RSSI: -93 [da:12:d7:f8:0b:7c]
RSSI: -90 [da:12:d8:06:0b:ac]
RSSI: -88 [da:5a:0c:aa:04:2a]
RSSI: -88 [da:5a:0c:aa:04:2a]
RSSI: -91 [da:12:d8:13:0b:cc]
RSSI: -88 [da:5a:0c:b7:04:4a]
RSSI: -90 [da:5a:0c:c5:04:7a]
RSSI: -90 [da:5a:0c:d3:04:9a]
RSSI: -93 [da:12:d8:3b:0c:4c]
RSSI: -92 [da:12:d8:57:0c:9c]
RSSI: -91 [da:12:d8:64:0c:cc]
RSSI: -96 [da:5a:0d:32:05:aa]
RSSI: -89 [da:12:d8:b5:0d:cc]
RSSI: -93 [da:12:d8:de:0e:4c]
RSSI: -89 [da:12:d8:de:0e:4c]
RSSI: -89 [da:12:d8:ec:0e:6c]
RSSI: -89 [da:12:d8:ec:0e:6c]
RSSI: -96 [da:5a:0d:a1:06:ea]
RSSI: -87 [da:12:d9:06:0e:cc]
RSSI: -90 [da:12:d9:14:0e:ec]
RSSI: -90 [da:12:d9:3d:0f:6c]
RSSI: -90 [da:12:d9:65:0f:ec]
RSSI: -94 [da:12:d9:73:10:1c]
RSSI: -93 [da:12:d9:73:10:1c]
RSSI: -95 [da:12:d9:9c:10:9c]
RSSI: -95 [da:12:d9:ed:11:8c]
RSSI: -94 [da:12:da:31:12:5c]
RSSI: -94 [da:12:da:67:12:fc]
RSSI: -93 [da:12:da:74:13:1c]
RSSI: -92 [da:12:da:82:13:4c]
RSSI: -92 [da:12:da:9d:13:9c]
RSSI: -90 [da:12:da:cd:14:3c]
RSSI: -92 [da:12:da:db:14:5c]
RSSI: -90 [da:12:da:e9:14:8c]
RSSI: -91 [da:12:da:f6:14:ac]
RSSI: -88 [da:12:db:1e:15:2c]
RSSI: -89 [da:12:db:2d:15:5c]
RSSI: -86 [da:12:db:3b:15:7c]
RSSI: -90 [da:12:db:47:15:ac]
RSSI: -82 [da:12:db:55:15:dc]
RSSI: -86 [da:12:db:64:15:fc]
RSSI: -86 [da:12:db:64:15:fc]
RSSI: -81 [da:12:db:64:15:fc]
RSSI: -83 [da:12:db:70:16:2c]
RSSI: -84 [da:12:db:70:16:2c]
RSSI: -83 [da:12:db:8c:16:7c]
RSSI: -93 [da:58:2c:16:01:bb]
RSSI: -79 [da:12:db:8c:16:7c]
RSSI: -83 [da:12:db:99:00:2c]
RSSI: -82 [da:12:db:99:00:2c]
RSSI: -88 [da:12:db:a7:00:5c]
RSSI: -82 [da:12:db:a7:00:5c]
RSSI: -79 [da:12:db:b5:00:7c]
RSSI: -82 [da:12:db:c2:00:ac]
RSSI: -82 [da:12:db:c2:00:ac]
RSSI: -81 [da:12:db:c2:00:ac]
RSSI: -82 [da:12:db:de:00:fc]
RSSI: -89 [da:12:db:de:00:fc]
RSSI: -88 [da:12:db:eb:01:2c]
RSSI: -83 [da:12:db:eb:01:2c]
RSSI: -89 [da:12:db:f9:01:4c]
RSSI: -92 [da:12:dc:14:01:ac]
RSSI: -92 [da:12:dc:4b:02:4c]
RSSI: -90 [da:12:dc:66:02:9c]
RSSI: -95 [da:12:dc:74:02:cc]
RSSI: -94 [da:12:dc:ab:03:6c]
RSSI: -94 [da:12:dc:fd:04:6c]
RSSI: -88 [da:12:dc:fd:04:6c]
RSSI: -90 [da:12:dd:26:04:ec]
RSSI: -93 [da:12:dd:41:05:3c]
RSSI: -95 [da:12:dd:a1:06:6c]
RSSI: -91 [da:12:de:00:07:8c]
RSSI: -90 [da:12:de:1c:07:ec]
RSSI: -93 [da:12:de:45:08:6c]
RSSI: -94 [da:12:de:45:08:6c]
RSSI: -89 [da:12:de:60:08:bc]
RSSI: -89 [da:12:de:7b:09:0c]
RSSI: -97 [da:12:de:98:09:6c]
RSSI: -94 [da:5a:13:4d:00:ca]
RSSI: -94 [da:5a:13:5a:00:ea]
RSSI: -94 [da:5a:13:83:01:5a]
RSSI: -94 [da:5a:13:83:01:5a]
RSSI: -92 [da:5a:13:ad:01:da]
RSSI: -89 [da:5a:13:bc:01:fa]
RSSI: -87 [da:5a:13:cb:02:2a]
RSSI: -94 [da:12:df:2e:0b:3c]
RSSI: -86 [da:5a:13:d7:02:4a]
RSSI: -90 [da:12:df:3c:0b:6c]
RSSI: -86 [da:5a:13:e6:02:6a]
RSSI: -87 [da:5a:13:e6:02:6a]
RSSI: -84 [da:5a:13:f4:02:9a]
RSSI: -85 [da:5a:13:f4:02:9a]
RSSI: -88 [da:5a:14:01:02:ba]
RSSI: -84 [da:5a:14:01:02:ba]
RSSI: -85 [da:5a:14:1e:03:0a]
RSSI: -84 [da:5a:14:2b:03:2a]
RSSI: -84 [da:5a:14:2b:03:2a]
RSSI: -85 [da:5a:14:3a:03:5a]
RSSI: -83 [da:5a:14:3a:03:5a]
RSSI: -84 [da:5a:14:48:03:7a]
RSSI: -85 [da:5a:14:48:03:7a]
RSSI: -85 [da:5a:14:55:03:aa]
RSSI: -83 [da:5a:14:63:03:ca]
RSSI: -85 [da:5a:14:72:03:ea]
RSSI: -84 [da:5a:14:72:03:ea]
RSSI: -85 [da:5a:14:7f:04:1a]
RSSI: -85 [da:5a:14:7f:04:1a]
RSSI: -94 [da:12:df:ee:0d:8c]
RSSI: -87 [da:5a:14:8d:04:3a]
RSSI: -90 [da:12:df:fd:0d:bc]
RSSI: -90 [da:5a:14:b7:04:aa]
RSSI: -90 [da:5a:14:c6:04:da]
RSSI: -95 [da:5a:14:d3:04:fa]
RSSI: -91 [da:12:e0:34:0e:6c]
RSSI: -89 [da:12:e0:41:0e:8c]
RSSI: -91 [da:12:e0:4f:0e:bc]
RSSI: -94 [da:5a:15:1a:05:ca]
RSSI: -92 [da:12:e0:79:0f:3c]
RSSI: -93 [da:12:e0:93:0f:8c]
RSSI: -94 [da:5a:15:35:06:0a]
RSSI: -92 [da:12:e0:b0:0f:ec]
RSSI: -96 [da:12:e0:cb:10:3c]
RSSI: -96 [da:12:e0:f5:10:bc]
RSSI: -99 [da:5a:15:dd:07:ea]
RSSI: -93 [da:12:e1:7f:12:5c]
RSSI: -93 [da:12:e1:7f:12:5c]
RSSI: -92 [da:12:e1:b5:13:0c]
RSSI: -92 [da:12:e1:df:13:8c]
RSSI: -89 [da:12:e2:17:14:2c]
RSSI: -90 [da:12:e2:32:14:7c]
RSSI: -88 [da:12:e2:40:14:ac]
RSSI: -90 [da:12:e2:5b:14:fc]
RSSI: -89 [da:12:e2:6a:15:2c]
RSSI: -91 [da:12:e2:93:15:ac]
RSSI: -85 [da:12:e2:a2:15:cc]
RSSI: -85 [da:12:e2:a2:15:cc]
RSSI: -82 [da:12:e2:af:15:fc]
RSSI: -80 [da:12:e2:d8:16:7c]
RSSI: -90 [da:12:e2:e7:00:2c]
RSSI: -88 [da:12:e2:f5:00:5c]
RSSI: -79 [da:12:e3:02:00:7c]
RSSI: -85 [da:12:e3:02:00:7c]
RSSI: -86 [da:12:e3:10:00:ac]
RSSI: -81 [da:12:e3:10:00:ac]
RSSI: -88 [da:12:e3:1f:00:dc]
RSSI: -87 [da:12:e3:1f:00:dc]
RSSI: -85 [da:12:e3:2b:00:fc]
RSSI: -86 [da:12:e3:3a:01:2c]
RSSI: -88 [da:12:e3:48:01:5c]
RSSI: -87 [da:12:e3:55:01:7c]
RSSI: -87 [da:12:e3:55:01:7c]
RSSI: -88 [da:12:e3:55:01:7c]
RSSI: -91 [da:12:e3:72:01:dc]
RSSI: -93 [da:12:e3:9c:02:5c]
RSSI: -92 [da:12:e3:9c:02:5c]
RSSI: -90 [da:12:e3:d2:02:fc]
RSSI: -91 [da:12:e3:ef:03:5c]
RSSI: -94 [da:12:e3:fc:03:7c]
RSSI: -96 [da:12:e4:0a:03:ac]
RSSI: -90 [da:12:e4:25:03:fc]
RSSI: -90 [da:12:e4:34:04:2c]
RSSI: -91 [da:12:e4:6c:04:dc]
RSSI: -89 [da:12:e4:6c:04:dc]
RSSI: -89 [da:12:e4:a2:05:7c]
RSSI: -90 [da:12:e4:cc:05:fc]
RSSI: -91 [da:12:e4:db:06:2c]
RSSI: -93 [da:12:e5:2e:07:3c]
RSSI: -93 [da:12:e5:3d:07:5c]
RSSI: -93 [da:12:e5:67:07:ec]
RSSI: -96 [da:12:e5:ac:08:bc]
RSSI: -96 [da:12:e6:00:09:bc]
RSSI: -96 [da:12:e6:00:09:bc]
RSSI: -98 [da:5a:1b:03:00:2a]
RSSI: -93 [da:5a:1b:3c:00:ca]
RSSI: -94 [da:5a:1b:74:01:6a]
RSSI: -95 [da:12:e6:e0:0c:7c]
RSSI: -91 [da:5a:1b:83:01:8a]
RSSI: -91 [da:5a:1b:9e:01:da]
RSSI: -88 [da:5a:1b:ad:02:0a]
RSSI: -87 [da:5a:1b:bc:02:2a]
RSSI: -87 [da:5a:1b:d8:02:7a]
RSSI: -85 [da:5a:1b:e7:02:aa]
RSSI: -90 [da:12:e7:4f:0d:cc]
RSSI: -85 [da:5a:1c:11:03:1a]
RSSI: -85 [da:5a:1c:1e:03:3a]
RSSI: -87 [da:12:e7:7a:0e:5c]
RSSI: -84 [da:5a:1c:1e:03:3a]
RSSI: -85 [da:5a:1c:1e:03:3a]
RSSI: -85 [da:5a:1c:2d:03:6a]
RSSI: -86 [da:12:e7:88:0e:8c]
RSSI: -84 [da:5a:1c:2d:03:6a]
RSSI: -86 [da:5a:1c:3c:03:8a]
RSSI: -86 [da:5a:1c:3c:03:8a]
RSSI: -86 [da:5a:1c:49:03:aa]
RSSI: -87 [da:5a:1c:58:03:da]
RSSI: -87 [da:12:e7:b2:0f:0c]
RSSI: -86 [da:5a:1c:58:03:da]
RSSI: -86 [da:5a:1c:58:03:da]
RSSI: -87 [da:5a:1c:67:04:0a]
RSSI: -87 [da:12:e7:dc:0f:8c]
RSSI: -88 [da:12:e7:dc:0f:8c]
RSSI: -88 [da:5a:1c:83:04:5a]
RSSI: -91 [da:12:e7:e9:0f:ac]
RSSI: -88 [da:12:e7:e9:0f:ac]
RSSI: -91 [da:12:e8:13:10:2c]
RSSI: -92 [da:12:e8:22:10:5c]
RSSI: -96 [da:5a:1c:f4:05:9a]
RSSI: -95 [da:12:e8:5b:11:0c]
RSSI: -98 [da:5a:1d:49:06:8a]
RSSI: -96 [da:5a:1d:58:06:ba]
RSSI: -91 [da:12:e8:ed:12:bc]
RSSI: -95 [da:12:e8:fb:12:ec]
RSSI: -95 [da:12:e9:0a:13:1c]
RSSI: -95 [da:12:e9:0a:13:1c]
RSSI: -93 [da:12:e9:41:13:bc]
RSSI: -89 [da:12:e9:5f:14:1c]
RSSI: -90 [da:12:e9:7a:14:6c]
RSSI: -88 [da:12:e9:89:14:9c]
RSSI: -90 [da:12:e9:95:14:cc]
RSSI: -92 [da:12:e9:cf:15:6c]
RSSI: -90 [da:12:e9:dd:15:9c]
RSSI: -90 [da:12:e9:dd:15:9c]
RSSI: -95 [da:12:ea:14:16:4c]
RSSI: -87 [da:12:ea:32:00:0c]
RSSI: -88 [da:12:ea:32:00:0c]
RSSI: -90 [da:12:ea:4d:00:5c]
RSSI: -89 [da:12:ea:69:00:ac]
RSSI: -92 [da:12:ea:78:00:dc]
RSSI: -96 [da:58:3b:25:02:1b]
RSSI: -93 [da:12:ea:f7:02:5c]
RSSI: -92 [da:12:eb:06:02:8c]
RSSI: -88 [da:12:eb:30:03:0c]
RSSI: -89 [da:12:eb:3d:03:2c]
RSSI: -90 [da:12:eb:3d:03:2c]
RSSI: -93 [da:12:eb:67:03:ac]
RSSI: -92 [da:12:eb:76:03:dc]
RSSI: -93 [da:12:eb:85:04:0c]
RSSI: -95 [da:12:eb:bc:04:ac]
RSSI: -94 [da:12:eb:cb:04:dc]
RSSI: -91 [da:12:eb:da:05:0c]
RSSI: -90 [da:12:ec:05:05:8c]
RSSI: -89 [da:12:ec:11:05:bc]
RSSI: -89 [da:12:ec:4b:06:6c]
RSSI: -92 [da:12:ec:75:06:ec]
RSSI: -91 [da:12:ec:84:07:1c]
RSSI: -92 [da:12:ec:ca:07:fc]
RSSI: -92 [da:12:ed:04:08:ac]
RSSI: -97 [da:12:ed:3b:09:5c]
RSSI: -92 [da:12:ed:bb:0a:dc]
RSSI: -93 [da:12:ed:d9:0b:3c]
RSSI: -91 [da:12:ee:10:0b:ec]
RSSI: -93 [da:12:ee:4a:0c:9c]
RSSI: -93 [da:12:ee:75:0d:2c]
RSSI: -94 [da:12:ee:84:0d:5c]
RSSI: -94 [da:12:ee:84:0d:5c]
RSSI: -92 [da:12:ee:af:0d:dc]
RSSI: -90 [da:12:ee:bb:0d:fc]
RSSI: -93 [da:5a:23:76:01:ea]
RSSI: -89 [da:5a:23:76:01:ea]
RSSI: -91 [da:5a:23:83:02:0a]
RSSI: -89 [da:5a:23:83:02:0a]
RSSI: -88 [da:5a:23:92:02:3a]
RSSI: -88 [da:5a:23:a2:02:6a]
RSSI: -88 [da:5a:23:a2:02:6a]
RSSI: -87 [da:5a:23:ae:02:8a]
RSSI: -87 [da:5a:23:ae:02:8a]
RSSI: -91 [da:12:ef:11:0f:0c]
RSSI: -87 [da:5a:23:be:02:ba]
RSSI: -88 [da:12:ef:20:0f:2c]
RSSI: -87 [da:5a:23:cd:02:da]
RSSI: -86 [da:5a:23:cd:02:da]
RSSI: -88 [da:12:ef:2f:0f:5c]
RSSI: -87 [da:5a:23:da:03:0a]
RSSI: -85 [da:5a:23:da:03:0a]
RSSI: -85 [da:5a:23:f8:03:5a]
RSSI: -85 [da:5a:24:05:03:7a]
RSSI: -85 [da:5a:24:05:03:7a]
RSSI: -86 [da:5a:24:14:03:aa]
RSSI: -85 [da:5a:24:24:03:da]
RSSI: -88 [da:5a:24:24:03:da]
RSSI: -86 [da:5a:24:40:04:1a]
RSSI: -89 [da:5a:24:40:04:1a]
RSSI: -88 [da:5a:24:4f:04:4a]
RSSI: -88 [da:5a:24:6b:04:9a]
RSSI: -95 [da:12:ef:e7:11:9c]
RSSI: -94 [da:5a:24:87:04:ea]
RSSI: -92 [da:12:f0:21:12:4c]
RSSI: -95 [da:5a:24:fd:06:3a]
RSSI: -88 [da:12:f0:5b:12:fc]
RSSI: -95 [da:5a:24:fd:06:3a]
RSSI: -88 [da:12:f0:68:13:1c]
RSSI: -90 [da:12:f0:a2:13:cc]
RSSI: -93 [da:12:f0:b1:13:fc]
RSSI: -97 [da:5a:25:54:07:2a]
RSSI: -87 [da:12:f0:cd:14:4c]
RSSI: -93 [da:12:f0:dc:14:7c]
RSSI: -95 [da:12:f1:14:15:2c]
RSSI: -92 [da:12:f1:32:15:8c]
RSSI: -95 [da:12:f1:3f:15:ac]
RSSI: -86 [da:12:f1:4e:15:dc]
RSSI: -84 [da:12:f1:5d:16:0c]
RSSI: -91 [da:12:f1:79:16:5c]
RSSI: -90 [da:12:f1:79:16:5c]
RSSI: -82 [da:12:f1:88:00:0c]
RSSI: -84 [da:12:f1:95:00:2c]
RSSI: -85 [da:12:f1:95:00:2c]
RSSI: -85 [da:12:f1:95:00:2c]
RSSI: -84 [da:12:f1:a4:00:5c]
RSSI: -88 [da:12:f1:c0:00:ac]
RSSI: -88 [da:12:f1:cf:00:dc]
RSSI: -87 [da:12:f1:de:01:0c]
RSSI: -95 [da:58:42:b1:02:6b]
RSSI: -96 [da:58:42:d7:02:db]
RSSI: -89 [da:12:f2:50:02:6c]
RSSI: -90 [da:12:f2:8a:03:1c]
RSSI: -93 [da:12:f2:b6:03:9c]
RSSI: -91 [da:12:f2:c2:03:cc]
RSSI: -91 [da:12:f2:fd:04:7c]
RSSI: -94 [da:12:f3:0c:04:ac]
RSSI: -93 [da:12:f3:19:04:cc]
RSSI: -92 [da:12:f3:53:05:7c]
RSSI: -90 [da:12:f3:7e:06:0c]
RSSI: -90 [da:12:f3:b9:06:bc]
RSSI: -90 [da:12:f3:b9:06:bc]
RSSI: -91 [da:12:f3:e4:07:4c]
RSSI: -95 [da:12:f4:00:07:9c]
RSSI: -91 [da:12:f4:0f:07:cc]
RSSI: -95 [da:12:f4:47:08:7c]
RSSI: -90 [da:12:f4:73:08:fc]
RSSI: -92 [da:12:f4:82:09:2c]
RSSI: -95 [da:12:f4:e8:0a:6c]
RSSI: -92 [da:12:f5:20:0b:1c]
RSSI: -92 [da:12:f5:20:0b:1c]
RSSI: -90 [da:12:f5:2f:0b:4c]
RSSI: -94 [da:12:f5:96:0c:7c]
RSSI: -92 [da:12:f5:a2:0c:ac]
RSSI: -93 [da:12:f5:b2:0c:dc]
RSSI: -93 [da:12:f5:ce:0d:2c]
RSSI: -95 [da:12:f5:dd:0d:5c]
RSSI: -90 [da:12:f6:18:0e:1c]
RSSI: -89 [da:12:f6:25:0e:3c]
RSSI: -86 [da:12:f6:43:0e:9c]
RSSI: -88 [da:12:f6:43:0e:9c]
RSSI: -87 [da:12:f6:50:0e:cc]
RSSI: -88 [da:12:f6:60:0e:fc]
RSSI: -88 [da:12:f6:7c:0f:4c]
RSSI: -91 [da:12:f6:9a:0f:ac]
RSSI: -90 [da:12:f6:9a:0f:ac]
RSSI: -92 [da:12:f6:a7:0f:dc]
RSSI: -93 [da:12:f6:cc:10:4c]
RSSI: -92 [da:12:f6:cc:10:4c]
RSSI: -87 [da:5a:2b:76:02:3a]
RSSI: -88 [da:5a:2b:86:02:6a]
RSSI: -88 [da:5a:2b:92:02:8a]
RSSI: -86 [da:5a:2b:b2:02:da]
RSSI: -86 [da:5a:2b:be:02:fa]
RSSI: -86 [da:5a:2b:ce:03:2a]
RSSI: -86 [da:5a:2b:de:03:5a]
RSSI: -87 [da:5a:2b:de:03:5a]
RSSI: -85 [da:5a:2b:eb:03:7a]
RSSI: -89 [da:5a:2b:eb:03:7a]
RSSI: -85 [da:5a:2b:fa:03:aa]
RSSI: -89 [da:5a:2c:0a:03:da]
RSSI: -89 [da:5a:2c:17:03:fa]
RSSI: -86 [da:5a:2c:27:04:2a]
RSSI: -88 [da:5a:2c:36:04:4a]
RSSI: -89 [da:5a:2c:36:04:4a]
RSSI: -95 [da:12:f7:97:12:ac]
RSSI: -90 [da:12:f7:b3:12:fc]
RSSI: -97 [da:5a:2c:63:04:ca]
RSSI: -90 [da:12:f7:d2:13:5c]
RSSI: -90 [da:12:f7:de:13:8c]
RSSI: -93 [da:12:f7:fd:13:ec]
RSSI: -88 [da:12:f8:0a:14:0c]
RSSI: -88 [da:12:f8:19:14:3c]
RSSI: -88 [da:12:f8:36:14:8c]
RSSI: -92 [da:12:f8:45:14:bc]
RSSI: -88 [da:12:f8:61:15:1c]
RSSI: -82 [da:12:f8:8d:15:9c]
RSSI: -85 [da:12:f8:8d:15:9c]
RSSI: -81 [da:12:f8:9d:15:cc]
RSSI: -81 [da:12:f8:b9:16:1c]
RSSI: -77 [da:12:f8:c8:16:4c]
RSSI: -81 [da:12:f8:c8:16:4c]
RSSI: -87 [da:12:f8:d8:16:7c]
RSSI: -77 [da:12:f8:d8:16:7c]
RSSI: -78 [da:12:f8:d8:16:7c]
RSSI: -78 [da:12:f8:f4:00:5c]
RSSI: -77 [da:12:f9:04:00:8c]
RSSI: -77 [da:12:f9:04:00:8c]
RSSI: -78 [da:12:f9:04:00:8c]
RSSI: -77 [da:12:f9:10:00:ac]
RSSI: -85 [da:12:f9:20:00:dc]
RSSI: -78 [da:12:f9:20:00:dc]
RSSI: -81 [da:12:f9:2f:01:0c]
RSSI: -81 [da:12:f9:3c:01:3c]
RSSI: -82 [da:12:f9:3c:01:3c]
RSSI: -85 [da:12:f9:4c:01:6c]
RSSI: -82 [da:12:f9:4c:01:6c]
RSSI: -89 [da:12:f9:68:01:bc]
RSSI: -89 [da:12:f9:77:01:ec]
RSSI: -91 [da:12:f9:94:02:4c]
RSSI: -90 [da:12:f9:b3:02:ac]
RSSI: -93 [da:12:f9:fb:03:7c]
RSSI: -91 [da:12:fa:0a:03:ac]
RSSI: -93 [da:12:fa:36:04:3c]
RSSI: -94 [da:12:fa:7e:05:1c]
RSSI: -93 [da:12:fa:9b:05:6c]
RSSI: -93 [da:12:fa:aa:05:9c]
RSSI: -90 [da:12:fa:d6:06:2c]
RSSI: -90 [da:12:fb:12:06:dc]
RSSI: -90 [da:12:fb:4a:07:8c]
RSSI: -91 [da:12:fb:6a:07:ec]
RSSI: -95 [da:12:fb:86:08:4c]
RSSI: -98 [da:12:fb:96:08:7c]
RSSI: -93 [da:12:fb:a2:08:9c]
RSSI: -91 [da:12:fb:b2:08:cc]
RSSI: -92 [da:12:fb:ce:09:2c]
RSSI: -95 [da:12:fb:de:09:5c]
RSSI: -95 [da:12:fc:62:0a:fc]
RSSI: -93 [da:12:fc:72:0b:2c]
RSSI: -95 [da:12:fc:9e:0b:ac]
RSSI: -94 [da:12:fc:d7:0c:6c]
RSSI: -94 [da:12:fd:13:0d:1c]
RSSI: -94 [da:12:fd:3f:0d:ac]
RSSI: -89 [da:12:fd:5b:0d:fc]
RSSI: -86 [da:12:fd:87:0e:8c]
RSSI: -87 [da:12:fd:97:0e:bc]
RSSI: -92 [da:12:fd:b4:0f:0c]
RSSI: -91 [da:12:fd:e0:0f:9c]
RSSI: -91 [da:12:fd:e0:0f:9c]
RSSI: -96 [da:5a:32:a6:00:5a]
RSSI: -96 [da:12:fd:ff:0f:fc]
RSSI: -96 [da:5a:32:b3:00:7a]
RSSI: -90 [da:5a:33:1c:01:aa]
RSSI: -94 [da:12:fe:84:11:8c]
RSSI: -88 [da:5a:33:39:01:fa]
RSSI: -87 [da:5a:33:49:02:2a]
RSSI: -90 [da:5a:33:59:02:5a]
RSSI: -87 [da:5a:33:59:02:5a]
RSSI: -84 [da:5a:33:76:02:aa]
RSSI: -85 [da:5a:33:86:02:da]
RSSI: -96 [da:12:fe:dd:12:9c]
RSSI: -87 [da:5a:33:93:02:fa]
RSSI: -84 [da:5a:33:93:02:fa]
RSSI: -87 [da:5a:33:a3:03:2a]
RSSI: -85 [da:5a:33:a3:03:2a]
RSSI: -83 [da:5a:33:b3:03:5a]
RSSI: -83 [da:5a:33:c0:03:7a]
RSSI: -84 [da:5a:33:c0:03:7a]
RSSI: -85 [da:5a:33:d0:03:aa]
RSSI: -87 [da:5a:33:e0:03:ca]
RSSI: -85 [da:5a:33:e0:03:ca]
RSSI: -86 [da:5a:33:ed:03:fa]
RSSI: -87 [da:5a:33:ed:03:fa]
RSSI: -86 [da:5a:33:fd:04:1a]
RSSI: -86 [da:5a:34:0d:04:4a]
RSSI: -88 [da:5a:34:1a:04:6a]
RSSI: -90 [da:5a:34:2a:04:9a]
RSSI: -91 [da:12:ff:9b:14:ec]
RSSI: -93 [da:12:ff:bb:15:3c]
RSSI: -90 [da:12:ff:c7:15:6c]
RSSI: -83 [da:13:00:04:16:1c]
RSSI: -93 [da:5a:34:aa:05:fa]
RSSI: -81 [da:13:00:40:00:6c]
RSSI: -97 [da:5a:34:e6:06:aa]
RSSI: -81 [da:13:00:4c:00:8c]
RSSI: -94 [da:5a:35:10:07:1a]
RSSI: -86 [da:13:00:79:01:0c]
RSSI: -98 [da:5a:35:4f:07:da]
RSSI: -95 [da:13:00:a5:01:9c]
RSSI: -96 [da:58:51:58:01:6b]
RSSI: -91 [da:13:00:fe:02:ac]
RSSI: -90 [da:13:01:0e:02:dc]
RSSI: -91 [da:13:01:3b:03:6c]
RSSI: -91 [da:13:01:77:04:1c]
RSSI: -88 [da:13:01:94:04:7c]
RSSI: -88 [da:13:01:d0:05:2c]
RSSI: -88 [da:13:01:fd:05:bc]
RSSI: -87 [da:13:02:0a:05:dc]
RSSI: -89 [da:13:02:1a:06:1c]
RSSI: -90 [da:13:02:46:06:9c]
RSSI: -91 [da:13:02:56:06:cc]
RSSI: -91 [da:13:02:83:07:5c]
RSSI: -97 [da:13:02:dc:08:7c]
RSSI: -96 [da:13:02:dc:08:7c]
RSSI: -94 [da:13:02:f9:08:cc]
RSSI: -96 [da:13:03:26:09:5c]
RSSI: -94 [da:13:03:f5:0b:dc]
RSSI: -96 [da:13:04:32:0c:9c]
RSSI: -93 [da:13:04:32:0c:9c]
RSSI: -94 [da:13:04:6f:0d:5c]
RSSI: -93 [da:13:04:8c:0d:bc]
RSSI: -89 [da:13:04:b9:0e:3c]
RSSI: -90 [da:13:04:b9:0e:3c]
RSSI: -89 [da:13:04:f6:0e:fc]
RSSI: -89 [da:13:04:f6:0e:fc]
RSSI: -91 [da:13:05:13:0f:5c]
RSSI: -98 [da:5a:39:da:14:ba]
RSSI: -93 [da:13:05:3f:0f:ec]
RSSI: -92 [da:13:05:50:10:1c]
RSSI: -92 [da:13:05:5c:10:3c]
RSSI: -94 [da:13:05:75:10:8c]
RSSI: -96 [da:13:05:cf:11:9c]
RSSI: -95 [da:13:05:db:11:bc]
RSSI: -95 [da:13:05:e8:11:ec]
RSSI: -98 [da:13:06:01:12:2c]
RSSI: -95 [da:13:06:0e:12:5c]
RSSI: -97 [da:5a:3a:b5:00:da]
RSSI: -95 [da:5a:3a:ce:01:1a]
RSSI: -91 [da:13:06:41:12:ec]
RSSI: -93 [da:5a:3a:f5:01:8a]
RSSI: -89 [da:5a:3b:1b:01:fa]
RSSI: -88 [da:5a:3b:29:02:1a]
RSSI: -92 [da:13:06:99:13:fc]
RSSI: -86 [da:5a:3b:42:02:6a]
RSSI: -92 [da:13:06:99:13:fc]
RSSI: -86 [da:5a:3b:42:02:6a]
RSSI: -88 [da:5a:3b:4f:02:8a]
RSSI: -86 [da:5a:3b:4f:02:8a]
RSSI: -85 [da:5a:3b:4f:02:8a]
RSSI: -84 [da:5a:3b:5c:02:aa]
RSSI: -84 [da:5a:3b:69:02:ca]
RSSI: -84 [da:5a:3b:69:02:ca]
RSSI: -85 [da:5a:3b:76:02:ea]
RSSI: -86 [da:5a:3b:76:02:ea]
RSSI: -84 [da:5a:3b:83:03:1a]
RSSI: -87 [da:5a:3b:83:03:1a]
RSSI: -85 [da:5a:3b:90:03:3a]
RSSI: -84 [da:5a:3b:90:03:3a]
RSSI: -85 [da:5a:3b:9d:03:5a]
RSSI: -85 [da:5a:3b:aa:03:7a]
RSSI: -84 [da:5a:3b:b6:03:aa]
RSSI: -86 [da:5a:3b:c4:03:ca]
RSSI: -86 [da:5a:3b:c4:03:ca]
RSSI: -86 [da:5a:3b:d1:03:ea]
RSSI: -88 [da:13:07:32:15:dc]
RSSI: -86 [da:5a:3b:d1:03:ea]
RSSI: -87 [da:5a:3b:dd:04:0a]
RSSI: -85 [da:5a:3b:dd:04:0a]
RSSI: -88 [da:13:07:3f:15:fc]
RSSI: -88 [da:5a:3b:ea:04:3a]
RSSI: -89 [da:5a:3b:f7:04:5a]
RSSI: -88 [da:13:07:58:16:4c]
RSSI: -83 [da:13:07:72:00:0c]
RSSI: -90 [da:13:07:7e:00:2c]
RSSI: -84 [da:13:07:8b:00:4c]
RSSI: -84 [da:13:07:8b:00:4c]
RSSI: -86 [da:13:07:98:00:7c]
RSSI: -85 [da:13:07:98:00:7c]
RSSI: -83 [da:13:07:a4:00:9c]
RSSI: -86 [da:13:07:a4:00:9c]
RSSI: -86 [da:13:07:b1:00:cc]
RSSI: -86 [da:13:07:b1:00:cc]
RSSI: -90 [da:13:07:cb:01:0c]
RSSI: -87 [da:13:07:d8:01:3c]
RSSI: -86 [da:13:07:e4:01:5c]
RSSI: -94 [da:5a:3c:c6:06:aa]
RSSI: -95 [da:13:08:31:02:4c]
RSSI: -92 [da:5a:3c:ed:07:1a]
RSSI: -96 [da:13:08:71:03:0c]
RSSI: -95 [da:13:08:8a:03:5c]
RSSI: -94 [da:13:08:b0:03:cc]
RSSI: -92 [da:13:08:b0:03:cc]
RSSI: -92 [da:13:08:ca:04:1c]
RSSI: -95 [da:13:08:d7:04:4c]
RSSI: -96 [da:13:08:fd:04:bc]
RSSI: -93 [da:13:09:23:05:2c]
RSSI: -88 [da:13:09:30:05:5c]
RSSI: -88 [da:13:09:3d:05:7c]
RSSI: -90 [da:13:09:63:05:fc]
RSSI: -90 [da:13:09:7d:06:3c]
RSSI: -91 [da:13:09:b0:06:ec]
RSSI: -93 [da:13:09:ca:07:3c]
RSSI: -94 [da:13:0a:0a:07:fc]
RSSI: -94 [da:13:0a:24:08:4c]
RSSI: -94 [da:13:0a:30:08:7c]
RSSI: -95 [da:13:0a:4a:08:cc]
RSSI: -94 [da:13:0a:57:08:ec]
RSSI: -91 [da:13:0a:fe:0a:fc]
RSSI: -91 [da:13:0b:17:0b:4c]
RSSI: -92 [da:13:0b:24:0b:6c]
RSSI: -94 [da:13:0b:7f:0c:8c]
RSSI: -94 [da:13:0b:b2:0d:2c]
RSSI: -93 [da:13:0b:cc:0d:7c]
RSSI: -92 [da:13:0b:d9:0d:9c]
RSSI: -89 [da:13:0b:ff:0e:1c]
RSSI: -92 [da:13:0c:26:0e:8c]
RSSI: -87 [da:13:0c:26:0e:8c]
RSSI: -86 [da:13:0c:26:0e:8c]
RSSI: -99 [da:5a:40:e6:12:6a]
RSSI: -88 [da:13:0c:4d:0f:0c]
RSSI: -89 [da:13:0c:4d:0f:0c]
RSSI: -93 [da:13:0c:8d:0f:cc]
RSSI: -96 [da:13:0c:a7:10:1c]
RSSI: -92 [da:13:0c:db:10:bc]
RSSI: -94 [da:13:0d:69:12:7c]
RSSI: -93 [da:13:0d:9d:13:0c]
RSSI: -95 [da:13:0d:b7:13:5c]
RSSI: -96 [da:13:0d:b7:13:5c]
RSSI: -93 [da:13:0d:eb:13:fc]
RSSI: -92 [da:13:0d:f7:14:1c]
RSSI: -94 [da:5a:42:a0:00:da]
RSSI: -93 [da:13:0e:12:14:6c]
RSSI: -96 [da:5a:42:c7:01:4a]
RSSI: -90 [da:5a:42:e2:01:9a]
RSSI: -90 [da:5a:42:ef:01:ba]
RSSI: -94 [da:13:0e:52:15:3c]
RSSI: -87 [da:5a:43:0a:02:0a]
RSSI: -87 [da:5a:43:0a:02:0a]
RSSI: -87 [da:5a:43:16:02:2a]
RSSI: -89 [da:5a:43:16:02:2a]
RSSI: -88 [da:5a:43:16:02:2a]
RSSI: -85 [da:5a:43:24:02:4a]
RSSI: -85 [da:5a:43:24:02:4a]
RSSI: -84 [da:5a:43:31:02:7a]
RSSI: -88 [da:5a:43:3e:02:9a]
RSSI: -84 [da:5a:43:4b:02:ba]
RSSI: -84 [da:5a:43:59:02:da]
RSSI: -88 [da:13:0e:c7:00:2c]
RSSI: -83 [da:5a:43:73:03:2a]
RSSI: -88 [da:13:0e:d4:00:4c]
RSSI: -84 [da:5a:43:80:03:4a]
RSSI: -88 [da:13:0e:e1:00:7c]
RSSI: -88 [da:5a:43:8d:03:7a]
RSSI: -84 [da:5a:43:8d:03:7a]
RSSI: -84 [da:5a:43:9b:03:9a]
RSSI: -87 [da:5a:43:9b:03:9a]
RSSI: -85 [da:5a:43:a8:03:ba]
RSSI: -84 [da:13:0f:08:00:ec]
RSSI: -87 [da:5a:43:b5:03:ea]
RSSI: -86 [da:5a:43:b5:03:ea]
RSSI: -85 [da:5a:43:c2:04:0a]
RSSI: -89 [da:5a:43:c2:04:0a]
RSSI: -87 [da:5a:43:d0:04:2a]
RSSI: -86 [da:5a:43:d0:04:2a]
RSSI: -86 [da:13:0f:2f:01:6c]
RSSI: -87 [da:5a:43:dc:04:4a]
RSSI: -90 [da:5a:43:f7:04:9a]
RSSI: -89 [da:5a:43:f7:04:9a]
RSSI: -90 [da:13:0f:8a:02:7c]
RSSI: -91 [da:13:0f:a4:02:cc]
RSSI: -96 [da:5a:44:53:05:9a]
RSSI: -96 [da:5a:44:89:06:2a]
RSSI: -96 [da:5a:44:a3:06:7a]
RSSI: -94 [da:13:10:0d:04:0c]
RSSI: -95 [da:5a:44:ca:06:ea]
RSSI: -97 [da:5a:44:d8:07:1a]
RSSI: -93 [da:13:10:82:05:7c]
RSSI: -89 [da:13:10:9c:05:cc]
RSSI: -95 [da:13:10:a9:05:fc]
RSSI: -96 [da:13:10:a9:05:fc]
RSSI: -93 [da:13:10:ea:06:bc]
RSSI: -92 [da:13:10:f7:06:ec]
RSSI: -92 [da:13:11:1f:07:5c]
RSSI: -92 [da:13:11:46:07:dc]
RSSI: -94 [da:13:11:53:08:0c]
RSSI: -97 [da:13:11:7a:08:7c]
RSSI: -96 [da:13:11:bc:09:4c]
RSSI: -98 [da:13:11:e3:09:cc]
RSSI: -96 [da:13:12:17:0a:6c]
RSSI: -92 [da:13:12:6b:0b:6c]
RSSI: -96 [da:13:12:b0:0c:3c]
RSSI: -95 [da:13:12:bc:0c:6c]
RSSI: -94 [da:13:12:e4:0c:dc]
RSSI: -93 [da:13:12:ff:0d:3c]
RSSI: -94 [da:13:13:0b:0d:5c]
RSSI: -94 [da:13:13:33:0d:dc]
RSSI: -89 [da:13:13:5a:0e:5c]
RSSI: -89 [da:13:13:75:0e:ac]
RSSI: -88 [da:13:13:75:0e:ac]
RSSI: -89 [da:13:13:9d:0f:1c]
RSSI: -93 [da:13:13:a9:0f:4c]
RSSI: -94 [da:13:13:b7:0f:7c]
RSSI: -97 [da:13:13:de:0f:ec]
RSSI: -95 [da:13:14:7c:11:cc]
RSSI: -95 [da:13:14:d9:12:ec]
RSSI: -96 [da:13:15:1b:13:ac]
RSSI: -91 [da:13:15:35:13:fc]
RSSI: -90 [da:13:15:42:14:2c]
RSSI: -90 [da:13:15:5d:14:7c]
RSSI: -95 [da:13:15:78:14:cc]
RSSI: -87 [da:13:15:9f:15:4c]
RSSI: -92 [da:13:15:ac:15:6c]
RSSI: -85 [da:13:15:ba:15:9c]
RSSI: -85 [da:13:15:d4:15:ec]
RSSI: -82 [da:13:15:e1:16:0c]
RSSI: -82 [da:13:15:e1:16:0c]
RSSI: -85 [da:13:15:ef:16:3c]
RSSI: -84 [da:13:15:ef:16:3c]
RSSI: -81 [da:13:15:ef:16:3c]
RSSI: -80 [da:13:15:fb:16:5c]
RSSI: -80 [da:13:15:fb:16:5c]
RSSI: -82 [da:13:16:09:00:0c]
RSSI: -79 [da:13:16:09:00:0c]
RSSI: -85 [da:13:16:16:00:2c]
RSSI: -81 [da:13:16:16:00:2c]
RSSI: -77 [da:13:16:23:00:4c]
RSSI: -80 [da:13:16:31:00:7c]
RSSI: -77 [da:13:16:31:00:7c]
RSSI: -87 [da:13:16:3e:00:ac]
RSSI: -81 [da:13:16:3e:00:ac]
RSSI: -80 [da:13:16:3e:00:ac]
RSSI: -77 [da:13:16:4b:00:cc]
RSSI: -90 [da:13:16:4b:00:cc]
RSSI: -87 [da:5a:4a:f3:02:0a]
RSSI: -81 [da:13:16:59:00:fc]
RSSI: -78 [da:13:16:59:00:fc]
RSSI: -88 [da:5a:4b:0d:02:5a]
RSSI: -82 [da:13:16:66:01:1c]
RSSI: -85 [da:5a:4b:1b:02:7a]
RSSI: -86 [da:5a:4b:1b:02:7a]
RSSI: -82 [da:13:16:80:01:7c]
RSSI: -86 [da:13:16:8e:01:9c]
RSSI: -87 [da:5a:4b:35:02:ca]
RSSI: -87 [da:5a:4b:35:02:ca]
RSSI: -89 [da:13:16:a8:01:ec]
RSSI: -87 [da:5a:4b:51:03:1a]
RSSI: -88 [da:13:16:a8:01:ec]
RSSI: -84 [da:5a:4b:51:03:1a]
RSSI: -86 [da:5a:4b:5e:03:3a]
RSSI: -85 [da:5a:4b:6c:03:5a]
RSSI: -89 [da:13:16:dd:02:8c]
RSSI: -87 [da:5a:4b:86:03:aa]
RSSI: -87 [da:5a:4b:94:03:ca]
RSSI: -89 [da:13:16:f8:02:dc]
RSSI: -89 [da:5a:4b:af:04:1a]
RSSI: -87 [da:5a:4b:bd:04:4a]
RSSI: -90 [da:5a:4b:bd:04:4a]
RSSI: -91 [da:5a:4b:cb:04:6a]
RSSI: -93 [da:5a:4b:d7:04:8a]
RSSI: -94 [da:5a:4b:d7:04:8a]
RSSI: -90 [da:13:17:47:03:cc]
RSSI: -92 [da:13:17:55:03:fc]
RSSI: -96 [da:58:67:f5:01:db]
RSSI: -92 [da:13:17:62:04:1c]
RSSI: -91 [da:13:17:7d:04:7c]
RSSI: -91 [da:13:17:89:04:9c]
RSSI: -93 [da:13:17:b1:05:1c]
RSSI: -95 [da:5a:4c:5f:06:0a]
RSSI: -93 [da:13:17:e7:05:bc]
RSSI: -95 [da:5a:4c:be:07:1a]
RSSI: -90 [da:13:18:1d:06:5c]
RSSI: -89 [da:13:18:29:06:8c]
RSSI: -90 [da:13:18:45:06:dc]
RSSI: -95 [da:13:18:51:07:0c]
RSSI: -95 [da:13:18:5f:07:2c]
RSSI: -97 [da:5a:4d:01:07:da]
RSSI: -90 [da:13:18:79:07:7c]
RSSI: -88 [da:13:18:87:07:ac]
RSSI: -88 [da:13:18:95:07:dc]
RSSI: -88 [da:13:18:af:08:2c]
RSSI: -93 [da:13:18:c9:08:7c]
RSSI: -88 [da:13:18:d7:08:ac]
RSSI: -87 [da:13:18:e5:08:cc]
RSSI: -91 [da:13:19:0d:09:4c]
RSSI: -91 [da:13:19:0d:09:4c]
RSSI: -91 [da:13:19:41:09:fc]
RSSI: -91 [da:13:19:92:0a:ec]
RSSI: -92 [da:13:19:ad:0b:4c]
RSSI: -89 [da:13:19:ba:0b:6c]
RSSI: -89 [da:13:19:c8:0b:9c]
RSSI: -90 [da:13:19:d5:0b:bc]
RSSI: -92 [da:13:19:e2:0b:ec]
RSSI: -93 [da:13:19:f0:0c:1c]
RSSI: -96 [da:13:1a:0a:0c:6c]
RSSI: -88 [da:13:1a:18:0c:8c]
RSSI: -94 [da:13:1a:32:0c:dc]
RSSI: -88 [da:13:1a:40:0d:0c]
RSSI: -92 [da:13:1a:5a:0d:5c]
RSSI: -95 [da:13:1a:76:0d:bc]
RSSI: -89 [da:13:1a:9e:0e:3c]
RSSI: -90 [da:13:1a:9e:0e:3c]
RSSI: -88 [da:13:1a:ab:0e:5c]
RSSI: -87 [da:13:1a:b9:0e:8c]
RSSI: -86 [da:13:1a:c6:0e:ac]
RSSI: -85 [da:13:1a:c6:0e:ac]
RSSI: -87 [da:13:1a:d3:0e:dc]
RSSI: -86 [da:13:1a:d3:0e:dc]
RSSI: -86 [da:13:1a:e1:0f:0c]
RSSI: -87 [da:13:1a:e1:0f:0c]
RSSI: -87 [da:13:1a:fb:0f:5c]
RSSI: -90 [da:13:1b:09:0f:7c]
RSSI: -86 [da:13:1b:17:0f:ac]
RSSI: -88 [da:13:1b:24:0f:cc]
RSSI: -91 [da:13:1b:3f:10:2c]
RSSI: -96 [da:13:1b:4c:10:4c]
RSSI: -95 [da:13:1b:74:10:cc]
RSSI: -94 [da:13:1b:82:10:ec]
RSSI: -93 [da:13:1b:ed:12:3c]
RSSI: -93 [da:13:1b:fb:12:5c]
RSSI: -93 [da:13:1b:fb:12:5c]
RSSI: -91 [da:13:1c:15:12:ac]
RSSI: -89 [da:13:1c:23:12:dc]
RSSI: -88 [da:13:1c:31:13:0c]
RSSI: -89 [da:13:1c:66:13:ac]
RSSI: -90 [da:13:1c:66:13:ac]
RSSI: -86 [da:13:1c:66:13:ac]
RSSI: -90 [da:13:1c:74:13:dc]
RSSI: -88 [da:13:1c:74:13:dc]
RSSI: -86 [da:13:1c:82:13:fc]
RSSI: -84 [da:13:1c:8f:14:2c]
RSSI: -84 [da:13:1c:aa:14:7c]
RSSI: -87 [da:13:1c:aa:14:7c]
RSSI: -87 [da:13:1c:b7:14:9c]
RSSI: -86 [da:13:1c:b7:14:9c]
RSSI: -89 [da:13:1c:c5:14:cc]
RSSI: -89 [da:13:1c:fb:15:6c]
RSSI: -88 [da:13:1c:fb:15:6c]
RSSI: -85 [da:13:1d:08:15:8c]
RSSI: -84 [da:13:1d:08:15:8c]
RSSI: -85 [da:13:1d:08:15:8c]
RSSI: -84 [da:13:1d:16:15:bc]
RSSI: -81 [da:13:1d:16:15:bc]
RSSI: -80 [da:13:1d:16:15:bc]
RSSI: -81 [da:13:1d:24:15:dc]
RSSI: -78 [da:13:1d:30:16:0c]
RSSI: -80 [da:13:1d:30:16:0c]
RSSI: -78 [da:13:1d:3e:16:3c]
RSSI: -77 [da:13:1d:3e:16:3c]
RSSI: -77 [da:13:1d:4c:16:5c]
RSSI: -78 [da:13:1d:59:00:0c]
RSSI: -74 [da:13:1d:67:00:2c]
RSSI: -75 [da:13:1d:75:00:5c]
RSSI: -75 [da:13:1d:75:00:5c]
RSSI: -78 [da:13:1d:81:00:7c]
RSSI: -75 [da:13:1d:81:00:7c]
RSSI: -74 [da:13:1d:8f:00:ac]
RSSI: -77 [da:13:1d:8f:00:ac]
RSSI: -76 [da:13:1d:9d:00:dc]
RSSI: -76 [da:13:1d:9d:00:dc]
RSSI: -76 [da:13:1d:9d:00:dc]
RSSI: -76 [da:13:1d:9d:00:dc]
RSSI: -77 [da:13:1d:aa:00:fc]
RSSI: -78 [da:13:1d:aa:00:fc]
RSSI: -79 [da:13:1d:b8:01:2c]
RSSI: -79 [da:13:1d:c6:01:4c]
RSSI: -79 [da:13:1d:c6:01:4c]
RSSI: -82 [da:13:1d:d2:01:7c]
RSSI: -89 [da:13:1d:ee:01:cc]
RSSI: -93 [da:5a:52:91:01:7a]
RSSI: -89 [da:5a:52:ba:01:fa]
RSSI: -89 [da:5a:52:ba:01:fa]
RSSI: -88 [da:13:1e:17:02:4c]
RSSI: -87 [da:5a:52:c9:02:1a]
RSSI: -87 [da:5a:52:c9:02:1a]
RSSI: -86 [da:5a:52:d7:02:4a]
RSSI: -89 [da:5a:52:d7:02:4a]
RSSI: -86 [da:5a:52:e4:02:6a]
RSSI: -86 [da:5a:52:e4:02:6a]
RSSI: -89 [da:13:1e:4c:02:ec]
RSSI: -85 [da:5a:53:00:02:ba]
RSSI: -89 [da:13:1e:75:03:6c]
RSSI: -85 [da:5a:53:1b:02:fa]
RSSI: -85 [da:5a:53:29:03:2a]
RSSI: -85 [da:5a:53:36:03:4a]
RSSI: -84 [da:5a:53:36:03:4a]
RSSI: -84 [da:5a:53:36:03:4a]
RSSI: -87 [da:13:1e:9d:03:dc]
RSSI: -85 [da:5a:53:44:03:7a]
RSSI: -85 [da:13:1e:9d:03:dc]
RSSI: -85 [da:5a:53:53:03:9a]
RSSI: -90 [da:13:1e:ab:04:0c]
RSSI: -88 [da:13:1e:ab:04:0c]
RSSI: -85 [da:5a:53:53:03:9a]
RSSI: -88 [da:13:1e:ab:04:0c]
RSSI: -84 [da:5a:53:5f:03:ba]
RSSI: -84 [da:5a:53:5f:03:ba]
RSSI: -85 [da:5a:53:5f:03:ba]
RSSI: -86 [da:5a:53:6e:03:ea]
RSSI: -87 [da:13:1e:c6:04:5c]
RSSI: -84 [da:5a:53:6e:03:ea]
RSSI: -84 [da:5a:53:89:04:2a]
RSSI: -87 [da:5a:53:89:04:2a]
RSSI: -87 [da:5a:53:89:04:2a]
RSSI: -89 [da:5a:53:a5:04:8a]
RSSI: -94 [da:13:1f:33:05:ac]
RSSI: -93 [da:13:1f:40:05:dc]
RSSI: -94 [da:13:1f:69:06:5c]
RSSI: -93 [da:5a:54:21:05:da]
RSSI: -89 [da:13:1f:85:06:ac]
RSSI: -89 [da:13:1f:bf:07:5c]
RSSI: -92 [da:13:1f:d0:07:9c]
RSSI: -88 [da:13:1f:d0:07:9c]
RSSI: -91 [da:13:1f:de:07:bc]
RSSI: -89 [da:13:20:06:08:3c]
RSSI: -88 [da:13:20:2f:08:bc]
RSSI: -88 [da:13:20:3c:08:ec]
RSSI: -87 [da:13:20:3c:08:ec]
RSSI: -89 [da:13:20:58:09:3c]
RSSI: -92 [da:13:20:65:09:5c]
RSSI: -94 [da:13:20:9c:0a:0c]
RSSI: -93 [da:13:20:b6:0a:5c]
RSSI: -93 [da:13:20:df:0a:dc]
RSSI: -87 [da:13:20:ed:0b:0c]
RSSI: -86 [da:13:20:fb:0b:3c]
RSSI: -85 [da:13:21:16:0b:8c]
RSSI: -90 [da:13:21:16:0b:8c]
RSSI: -85 [da:13:21:24:0b:bc]
RSSI: -88 [da:13:21:31:0b:dc]
RSSI: -87 [da:13:21:4d:0c:3c]
RSSI: -92 [da:13:21:68:0c:8c]
RSSI: -87 [da:13:21:76:0c:bc]
RSSI: -86 [da:13:21:83:0c:dc]
RSSI: -88 [da:13:21:9f:0d:3c]
RSSI: -88 [da:13:21:9f:0d:3c]
RSSI: -87 [da:13:21:9f:0d:3c]
RSSI: -87 [da:13:21:c8:0d:bc]
RSSI: -89 [da:13:21:d5:0d:dc]
RSSI: -95 [da:13:21:e3:0e:0c]
RSSI: -88 [da:13:21:f1:0e:2c]
RSSI: -88 [da:13:21:f1:0e:2c]
RSSI: -85 [da:13:21:fe:0e:5c]
RSSI: -85 [da:13:21:fe:0e:5c]
RSSI: -84 [da:13:22:0c:0e:8c]
RSSI: -83 [da:13:22:27:0e:dc]
RSSI: -83 [da:13:22:27:0e:dc]
RSSI: -86 [da:13:22:35:0f:0c]
RSSI: -84 [da:13:22:35:0f:0c]
RSSI: -89 [da:13:22:43:0f:3c]
RSSI: -87 [da:13:22:43:0f:3c]
RSSI: -88 [da:13:22:50:0f:5c]
RSSI: -88 [da:13:22:50:0f:5c]
RSSI: -87 [da:13:22:50:0f:5c]
RSSI: -86 [da:13:22:6c:0f:ac]
RSSI: -84 [da:13:22:6c:0f:ac]
RSSI: -87 [da:13:22:79:0f:dc]
RSSI: -86 [da:13:22:79:0f:dc]
RSSI: -85 [da:13:22:87:10:0c]
RSSI: -89 [da:13:22:87:10:0c]
RSSI: -89 [da:13:22:95:10:2c]
RSSI: -90 [da:13:22:a2:10:5c]
RSSI: -88 [da:13:22:b0:10:7c]
RSSI: -89 [da:13:22:b0:10:7c]
RSSI: -88 [da:13:22:be:10:ac]
RSSI: -88 [da:13:22:cb:10:cc]
RSSI: -92 [da:13:22:d9:10:fc]
RSSI: -97 [da:13:23:2b:11:fc]
RSSI: -92 [da:13:23:46:12:4c]
RSSI: -94 [da:13:23:54:12:6c]
RSSI: -90 [da:13:23:54:12:6c]
RSSI: -91 [da:13:23:7e:12:ec]
RSSI: -90 [da:13:23:98:13:3c]
RSSI: -90 [da:13:23:a7:13:6c]
RSSI: -91 [da:13:23:a7:13:6c]
RSSI: -89 [da:13:23:c1:13:bc]
RSSI: -87 [da:13:23:d0:13:ec]
RSSI: -87 [da:13:23:d0:13:ec]
RSSI: -86 [da:13:23:de:14:0c]
RSSI: -90 [da:13:23:de:14:0c]
RSSI: -85 [da:13:23:eb:14:3c]
RSSI: -84 [da:13:23:eb:14:3c]
RSSI: -85 [da:13:23:f9:14:6c]
RSSI: -85 [da:13:23:f9:14:6c]
RSSI: -87 [da:13:24:07:14:8c]
RSSI: -87 [da:13:24:14:14:bc]
RSSI: -91 [da:13:24:22:14:dc]
RSSI: -91 [da:13:24:3d:15:2c]
RSSI: -86 [da:13:24:4b:15:5c]
RSSI: -80 [da:13:24:5a:15:8c]
RSSI: -81 [da:13:24:66:15:ac]
RSSI: -78 [da:13:24:75:15:dc]
RSSI: -77 [da:13:24:75:15:dc]
RSSI: -75 [da:13:24:83:16:0c]
RSSI: -76 [da:13:24:83:16:0c]
RSSI: -74 [da:13:24:8f:16:2c]
RSSI: -74 [da:13:24:8f:16:2c]
RSSI: -73 [da:13:24:9e:16:5c]
RSSI: -73 [da:13:24:ac:00:0c]
RSSI: -74 [da:13:24:ac:00:0c]
RSSI: -72 [da:13:24:b9:00:2c]
RSSI: -72 [da:13:24:b9:00:2c]
RSSI: -71 [da:13:24:c7:00:2c]
RSSI: -72 [da:13:24:c7:00:2c]
RSSI: -72 [da:13:24:d5:00:5c]
RSSI: -71 [da:13:24:e2:00:7c]
RSSI: -72 [da:13:24:e2:00:7c]
RSSI: -72 [da:13:24:e2:00:7c]
RSSI: -72 [da:13:24:e2:00:7c]
RSSI: -72 [da:13:24:f0:00:ac]
RSSI: -72 [da:13:24:ff:00:dc]
RSSI: -72 [da:13:24:ff:00:dc]
RSSI: -74 [da:13:25:0b:00:fc]
RSSI: -73 [da:13:25:0b:00:fc]
RSSI: -74 [da:13:25:1a:01:2c]
RSSI: -75 [da:13:25:1a:01:2c]
RSSI: -76 [da:13:25:28:01:5c]
RSSI: -78 [da:13:25:35:01:7c]
RSSI: -79 [da:13:25:35:01:7c]
RSSI: -80 [da:13:25:43:01:ac]
RSSI: -82 [da:13:25:43:01:ac]
RSSI: -86 [da:13:25:51:01:cc]
RSSI: -85 [da:13:25:51:01:cc]
RSSI: -87 [da:13:25:7b:02:4c]
RSSI: -81 [da:13:25:87:02:7c]
RSSI: -82 [da:13:25:87:02:7c]
RSSI: -82 [da:13:25:96:02:ac]
RSSI: -81 [da:13:25:96:02:ac]
RSSI: -81 [da:13:25:a4:02:cc]
RSSI: -81 [da:13:25:a4:02:cc]
RSSI: -81 [da:13:25:a4:02:cc]
RSSI: -82 [da:13:25:b1:02:fc]
RSSI: -85 [da:13:25:bf:03:1c]
RSSI: -86 [da:13:25:cd:03:4c]
RSSI: -86 [da:13:25:da:03:7c]
RSSI: -87 [da:13:25:da:03:7c]
RSSI: -84 [da:13:25:e8:03:9c]
RSSI: -85 [da:13:25:e8:03:9c]
RSSI: -85 [da:13:25:f7:03:cc]
RSSI: -82 [da:13:25:f7:03:cc]
RSSI: -84 [da:13:26:03:03:ec]
RSSI: -85 [da:13:26:03:03:ec]
RSSI: -88 [da:5a:5a:bf:02:4a]
RSSI: -85 [da:13:26:20:04:4c]
RSSI: -90 [da:5a:5a:ce:02:7a]
RSSI: -91 [da:58:76:c1:01:5b]
RSSI: -92 [da:5a:5a:db:02:9a]
RSSI: -89 [da:5a:5a:db:02:9a]
RSSI: -89 [da:13:26:49:04:cc]
RSSI: -87 [da:5a:5a:f8:02:ea]
RSSI: -87 [da:13:26:56:04:ec]
RSSI: -88 [da:5a:5b:05:03:0a]
RSSI: -87 [da:13:26:65:05:1c]
RSSI: -87 [da:13:26:65:05:1c]
RSSI: -92 [da:5a:5b:13:03:3a]
RSSI: -88 [da:5a:5b:22:03:5a]
RSSI: -87 [da:13:26:80:05:6c]
RSSI: -87 [da:5a:5b:2f:03:7a]
RSSI: -90 [da:13:26:8e:05:9c]
RSSI: -89 [da:5a:5b:2f:03:7a]
RSSI: -88 [da:5a:5b:3d:03:aa]
RSSI: -90 [da:13:26:9c:05:bc]
RSSI: -90 [da:13:26:9c:05:bc]
RSSI: -90 [da:5a:5b:59:03:fa]
RSSI: -91 [da:5a:5b:67:04:1a]
RSSI: -93 [da:13:26:c6:06:4c]
RSSI: -90 [da:5a:5b:76:04:4a]
RSSI: -92 [da:13:26:fc:06:ec]
RSSI: -89 [da:13:26:fc:06:ec]
RSSI: -90 [da:13:27:0a:07:1c]
RSSI: -83 [da:13:27:34:07:9c]
RSSI: -94 [da:13:27:42:07:cc]
RSSI: -83 [da:13:27:4f:07:ec]
RSSI: -85 [da:13:27:5d:08:1c]
RSSI: -84 [da:13:27:87:08:9c]
RSSI: -84 [da:13:27:95:08:cc]
RSSI: -93 [da:13:27:b1:09:1c]
RSSI: -92 [da:13:27:cc:09:7c]
RSSI: -90 [da:13:27:da:09:9c]
RSSI: -90 [da:13:27:f5:09:fc]
RSSI: -86 [da:13:27:f5:09:fc]
RSSI: -87 [da:13:27:f5:09:fc]
RSSI: -87 [da:13:28:12:0a:4c]
RSSI: -90 [da:13:28:1f:0a:7c]
RSSI: -88 [da:13:28:48:0a:fc]
RSSI: -88 [da:13:28:48:0a:fc]
RSSI: -88 [da:13:28:57:0b:2c]
RSSI: -85 [da:13:28:57:0b:2c]
RSSI: -86 [da:13:28:65:0b:5c]
RSSI: -86 [da:13:28:72:0b:7c]
RSSI: -83 [da:13:28:81:0b:ac]
RSSI: -85 [da:13:28:8f:0b:dc]
RSSI: -88 [da:13:28:9c:0b:fc]
RSSI: -90 [da:13:28:9c:0b:fc]
RSSI: -87 [da:13:28:b9:0c:5c]
RSSI: -86 [da:13:28:e2:0c:dc]
RSSI: -87 [da:13:28:ef:0c:fc]
RSSI: -89 [da:13:29:0c:0d:5c]
RSSI: -92 [da:13:29:27:0d:ac]
RSSI: -86 [da:13:29:36:0d:dc]
RSSI: -89 [da:13:29:42:0e:0c]
RSSI: -82 [da:13:29:51:0e:2c]
RSSI: -84 [da:13:29:51:0e:2c]
RSSI: -82 [da:13:29:5f:0e:5c]
RSSI: -82 [da:13:29:6c:0e:8c]
RSSI: -82 [da:13:29:7b:0e:ac]
RSSI: -82 [da:13:29:7b:0e:ac]
RSSI: -84 [da:13:29:89:0e:dc]
RSSI: -83 [da:13:29:96:0f:0c]
RSSI: -84 [da:13:29:96:0f:0c]
RSSI: -84 [da:13:29:96:0f:0c]
RSSI: -87 [da:13:29:a4:0f:2c]
RSSI: -84 [da:13:29:b3:0f:5c]
RSSI: -84 [da:13:29:b3:0f:5c]
RSSI: -82 [da:13:29:c0:0f:7c]
RSSI: -83 [da:13:29:ce:0f:ac]
RSSI: -85 [da:13:29:ce:0f:ac]
RSSI: -85 [da:13:29:dd:0f:dc]
RSSI: -85 [da:13:29:dd:0f:dc]
RSSI: -89 [da:13:29:f8:10:2c]
RSSI: -89 [da:13:2a:06:10:5c]
RSSI: -87 [da:13:2a:13:10:7c]
RSSI: -88 [da:13:2a:22:10:ac]
RSSI: -89 [da:13:2a:22:10:ac]
RSSI: -86 [da:13:2a:31:10:dc]
RSSI: -89 [da:13:2a:3d:11:0c]
RSSI: -91 [da:13:2a:3d:11:0c]
RSSI: -95 [da:13:2a:67:11:8c]
RSSI: -93 [da:13:2a:84:11:dc]
RSSI: -89 [da:13:2a:bb:12:8c]
RSSI: -89 [da:13:2a:c9:12:ac]
RSSI: -89 [da:13:2a:d8:12:dc]
RSSI: -88 [da:13:2a:e5:13:0c]
RSSI: -90 [da:13:2b:0e:13:8c]
RSSI: -87 [da:13:2b:1d:13:ac]
RSSI: -85 [da:13:2b:2c:13:dc]
RSSI: -84 [da:13:2b:47:14:2c]
RSSI: -84 [da:13:2b:47:14:2c]
RSSI: -87 [da:13:2b:56:14:5c]
RSSI: -89 [da:13:2b:62:14:7c]
RSSI: -90 [da:13:2b:71:14:ac]
RSSI: -83 [da:13:2b:8c:14:fc]
RSSI: -89 [da:13:2b:9b:15:2c]
RSSI: -83 [da:13:2b:9b:15:2c]
RSSI: -79 [da:13:2b:a9:15:5c]
RSSI: -86 [da:13:2b:a9:15:5c]
RSSI: -80 [da:13:2b:b6:15:7c]
RSSI: -77 [da:13:2b:b6:15:7c]
RSSI: -77 [da:13:2b:c5:15:ac]
RSSI: -78 [da:13:2b:d3:15:dc]
RSSI: -74 [da:13:2b:e0:15:fc]
RSSI: -75 [da:13:2b:ef:16:2c]
RSSI: -74 [da:13:2b:ef:16:2c]
RSSI: -74 [da:13:2b:ef:16:2c]
RSSI: -75 [da:13:2b:fd:16:5c]
RSSI: -73 [da:13:2b:fd:16:5c]
RSSI: -74 [da:13:2c:0a:16:7c]
RSSI: -74 [da:13:2c:0a:16:7c]
RSSI: -73 [da:13:2c:19:00:2c]
RSSI: -73 [da:13:2c:27:00:5c]
RSSI: -73 [da:13:2c:27:00:5c]
RSSI: -73 [da:13:2c:34:00:7c]
RSSI: -73 [da:13:2c:34:00:7c]
RSSI: -74 [da:13:2c:43:00:ac]
RSSI: -73 [da:13:2c:43:00:ac]
RSSI: -73 [da:13:2c:51:00:dc]
RSSI: -75 [da:13:2c:51:00:dc]
RSSI: -75 [da:13:2c:5e:00:fc]
RSSI: -74 [da:13:2c:6d:01:2c]
RSSI: -74 [da:13:2c:6d:01:2c]
RSSI: -76 [da:13:2c:6d:01:2c]
RSSI: -78 [da:13:2c:7b:01:5c]
RSSI: -79 [da:13:2c:88:01:7c]
RSSI: -79 [da:13:2c:88:01:7c]
RSSI: -79 [da:13:2c:88:01:7c]
RSSI: -79 [da:13:2c:88:01:7c]
RSSI: -83 [da:13:2c:97:01:ac]
RSSI: -83 [da:13:2c:a5:01:dc]
RSSI: -88 [da:13:2c:a5:01:dc]
RSSI: -89 [da:13:2c:a5:01:dc]
RSSI: -88 [da:13:2c:b2:01:fc]
RSSI: -83 [da:13:2c:d0:02:5c]
RSSI: -86 [da:13:2c:d0:02:5c]
RSSI: -87 [da:13:2c:dc:02:8c]
RSSI: -81 [da:13:2c:dc:02:8c]
RSSI: -84 [da:13:2c:eb:02:ac]
RSSI: -84 [da:13:2c:eb:02:ac]
RSSI: -83 [da:13:2c:fa:02:dc]
RSSI: -82 [da:13:2d:06:03:0c]
RSSI: -84 [da:13:2d:06:03:0c]
RSSI: -85 [da:13:2d:06:03:0c]
RSSI: -86 [da:13:2d:15:03:2c]
RSSI: -87 [da:13:2d:15:03:2c]
RSSI: -88 [da:13:2d:24:03:5c]
RSSI: -87 [da:13:2d:24:03:5c]
RSSI: -90 [da:13:2d:24:03:5c]
RSSI: -87 [da:13:2d:30:03:8c]
RSSI: -84 [da:13:2d:3f:03:ac]
RSSI: -88 [da:13:2d:4e:03:dc]
RSSI: -85 [da:13:2d:5a:03:fc]
RSSI: -91 [da:13:2d:69:04:2c]
RSSI: -87 [da:13:2d:78:04:5c]
RSSI: -96 [da:13:2d:9a:04:cc]
RSSI: -87 [da:13:2d:a9:04:ec]
RSSI: -93 [da:5a:62:64:01:ba]
RSSI: -87 [da:13:2d:b5:05:1c]
RSSI: -88 [da:13:2d:c4:05:4c]
RSSI: -92 [da:5a:62:8f:02:3a]
RSSI: -86 [da:13:2d:ee:05:cc]
RSSI: -89 [da:5a:62:9e:02:5a]
RSSI: -91 [da:13:2e:0a:06:1c]
RSSI: -91 [da:5a:62:b9:02:aa]
RSSI: -88 [da:5a:62:d5:02:fa]
RSSI: -88 [da:5a:62:d5:02:fa]
RSSI: -86 [da:5a:62:d5:02:fa]
RSSI: -87 [da:5a:62:d5:02:fa]
RSSI: -88 [da:5a:62:e4:03:2a]
RSSI: -91 [da:5a:62:f3:03:4a]
RSSI: -89 [da:5a:63:0f:03:9a]
RSSI: -86 [da:5a:63:0f:03:9a]
RSSI: -87 [da:13:2e:6d:07:5c]
RSSI: -87 [da:5a:63:0f:03:9a]
RSSI: -89 [da:5a:63:1e:03:ca]
RSSI: -87 [da:13:2e:7c:07:7c]
RSSI: -88 [da:5a:63:3a:04:1a]
RSSI: -89 [da:5a:63:49:04:3a]
RSSI: -86 [da:13:2e:a6:08:0c]
RSSI: -88 [da:13:2e:b3:08:2c]
RSSI: -91 [da:13:2e:d0:08:8c]
RSSI: -93 [da:5a:63:74:04:ba]
RSSI: -96 [da:5a:63:80:04:da]
RSSI: -89 [da:13:2e:dd:08:ac]
RSSI: -88 [da:13:2e:ec:08:dc]
RSSI: -88 [da:13:2f:07:09:2c]
RSSI: -92 [da:13:2f:32:09:bc]
RSSI: -95 [da:13:2f:40:09:ec]
RSSI: -92 [da:13:2f:4f:0a:1c]
RSSI: -91 [da:13:2f:95:0a:ec]
RSSI: -87 [da:13:2f:a4:0b:1c]
RSSI: -89 [da:13:2f:b1:0b:3c]
RSSI: -84 [da:13:2f:bf:0b:6c]
RSSI: -87 [da:13:2f:ce:0b:9c]
RSSI: -84 [da:13:2f:db:0b:cc]
RSSI: -85 [da:13:2f:db:0b:cc]
RSSI: -89 [da:13:2f:ea:0b:ec]
RSSI: -86 [da:13:2f:ea:0b:ec]
RSSI: -94 [da:13:2f:f9:0c:1c]
RSSI: -85 [da:13:30:14:0c:7c]
RSSI: -87 [da:13:30:23:0c:ac]
RSSI: -89 [da:13:30:3f:0c:fc]
RSSI: -87 [da:13:30:4d:0d:2c]
RSSI: -89 [da:13:30:5a:0d:4c]
RSSI: -87 [da:13:30:78:0d:ac]
RSSI: -85 [da:13:30:84:0d:dc]
RSSI: -85 [da:13:30:93:0e:0c]
RSSI: -82 [da:13:30:93:0e:0c]
RSSI: -85 [da:13:30:a2:0e:2c]
RSSI: -84 [da:13:30:a2:0e:2c]
RSSI: -82 [da:13:30:af:0e:5c]
RSSI: -84 [da:13:30:af:0e:5c]
RSSI: -81 [da:13:30:be:0e:8c]
RSSI: -81 [da:13:30:be:0e:8c]
RSSI: -85 [da:13:30:cd:0e:bc]
RSSI: -83 [da:13:30:d9:0e:dc]
RSSI: -85 [da:13:30:d9:0e:dc]
RSSI: -83 [da:13:30:e8:0f:0c]
RSSI: -84 [da:13:30:e8:0f:0c]
RSSI: -85 [da:13:30:f7:0f:3c]
RSSI: -82 [da:13:30:f7:0f:3c]
RSSI: -82 [da:13:30:f7:0f:3c]
RSSI: -84 [da:13:31:04:0f:5c]
RSSI: -85 [da:13:31:13:0f:8c]
RSSI: -84 [da:13:31:13:0f:8c]
RSSI: -83 [da:13:31:22:0f:bc]
RSSI: -86 [da:13:31:2e:0f:ec]
RSSI: -86 [da:13:31:2e:0f:ec]
RSSI: -89 [da:13:31:4c:10:4c]
RSSI: -88 [da:13:31:68:10:9c]
RSSI: -88 [da:13:31:68:10:9c]
RSSI: -86 [da:13:31:68:10:9c]
RSSI: -85 [da:13:31:68:10:9c]
RSSI: -85 [da:13:31:77:10:cc]
RSSI: -90 [da:13:31:77:10:cc]
RSSI: -87 [da:13:31:83:10:ec]
RSSI: -88 [da:13:31:83:10:ec]
RSSI: -92 [da:13:31:cc:11:cc]
RSSI: -90 [da:13:31:d8:11:ec]
RSSI: -89 [da:13:31:f6:12:4c]
RSSI: -91 [da:13:32:03:12:6c]
RSSI: -88 [da:13:32:03:12:6c]
RSSI: -90 [da:13:32:12:12:9c]
RSSI: -87 [da:13:32:12:12:9c]
RSSI: -88 [da:13:32:21:12:cc]
RSSI: -86 [da:13:32:2e:12:ec]
RSSI: -88 [da:13:32:2e:12:ec]
RSSI: -86 [da:13:32:3d:13:1c]
RSSI: -89 [da:13:32:4c:13:4c]
RSSI: -86 [da:13:32:67:13:9c]
RSSI: -86 [da:13:32:76:13:cc]
RSSI: -84 [da:13:32:76:13:cc]
RSSI: -85 [da:13:32:83:13:ec]
RSSI: -83 [da:13:32:92:14:1c]
RSSI: -83 [da:13:32:a1:14:4c]
RSSI: -89 [da:13:32:ad:14:7c]
RSSI: -87 [da:13:32:cc:14:cc]
RSSI: -88 [da:13:32:d8:14:fc]
RSSI: -80 [da:13:32:e7:15:2c]
RSSI: -80 [da:13:32:f6:15:5c]
RSSI: -76 [da:13:33:03:15:7c]
RSSI: -79 [da:13:33:03:15:7c]
RSSI: -74 [da:13:33:12:15:ac]
RSSI: -76 [da:13:33:21:15:cc]
RSSI: -75 [da:13:33:21:15:cc]
RSSI: -74 [da:13:33:2e:15:fc]
RSSI: -74 [da:13:33:2e:15:fc]
RSSI: -71 [da:13:33:3d:16:2c]
RSSI: -72 [da:13:33:3d:16:2c]
RSSI: -73 [da:13:33:4c:16:5c]
RSSI: -73 [da:13:33:58:16:7c]
RSSI: -73 [da:13:33:58:16:7c]
RSSI: -69 [da:13:33:58:16:7c]
RSSI: -71 [da:13:33:67:00:2c]
RSSI: -73 [da:13:33:67:00:2c]
RSSI: -69 [da:13:33:76:00:5c]
RSSI: -71 [da:13:33:76:00:5c]
RSSI: -72 [da:13:33:83:00:8c]
RSSI: -70 [da:13:33:83:00:8c]
RSSI: -74 [da:13:33:92:00:bc]
RSSI: -71 [da:13:33:92:00:bc]
RSSI: -72 [da:13:33:a1:00:dc]
RSSI: -72 [da:13:33:ae:01:0c]
RSSI: -73 [da:13:33:ae:01:0c]
RSSI: -75 [da:13:33:bd:01:3c]
RSSI: -74 [da:13:33:bd:01:3c]
RSSI: -77 [da:13:33:cc:01:6c]
RSSI: -78 [da:13:33:d8:01:8c]
RSSI: -81 [da:13:33:e8:01:bc]
RSSI: -81 [da:13:33:e8:01:bc]
RSSI: -86 [da:13:33:f7:01:ec]
RSSI: -87 [da:13:34:12:02:3c]
RSSI: -88 [da:13:34:21:02:6c]
RSSI: -84 [da:13:34:2e:02:9c]
RSSI: -83 [da:13:34:2e:02:9c]
RSSI: -85 [da:13:34:3d:02:cc]
RSSI: -82 [da:13:34:4c:02:ec]
RSSI: -81 [da:13:34:4c:02:ec]
RSSI: -84 [da:13:34:59:03:1c]
RSSI: -87 [da:13:34:68:03:4c]
RSSI: -84 [da:13:34:68:03:4c]
RSSI: -84 [da:13:34:68:03:4c]
RSSI: -87 [da:13:34:77:03:6c]
RSSI: -87 [da:13:34:84:03:9c]
RSSI: -86 [da:13:34:93:03:cc]
RSSI: -85 [da:13:34:a2:03:ec]
RSSI: -86 [da:13:34:ae:04:1c]
RSSI: -89 [da:13:34:cd:04:7c]
RSSI: -90 [da:13:34:cd:04:7c]
RSSI: -92 [da:13:34:d9:04:9c]
RSSI: -87 [da:13:34:e8:04:cc]
RSSI: -89 [da:13:35:04:05:1c]
RSSI: -87 [da:13:35:13:05:4c]
RSSI: -90 [da:13:35:13:05:4c]
RSSI: -87 [da:13:35:22:05:7c]
RSSI: -87 [da:13:35:22:05:7c]
RSSI: -86 [da:13:35:2f:05:ac]
RSSI: -88 [da:13:35:3e:05:dc]
RSSI: -87 [da:13:35:4d:06:0c]
RSSI: -89 [da:13:35:69:06:5c]
RSSI: -90 [da:13:35:69:06:5c]
RSSI: -92 [da:13:35:78:06:8c]
RSSI: -90 [da:13:35:85:06:ac]
RSSI: -87 [da:13:35:a3:07:0c]
RSSI: -86 [da:13:35:b0:07:3c]
RSSI: -89 [da:13:35:ce:07:8c]
RSSI: -85 [da:13:35:db:07:bc]
RSSI: -88 [da:5a:6a:7b:02:3a]
RSSI: -87 [da:13:35:db:07:bc]
RSSI: -93 [da:5a:6a:8b:02:5a]
RSSI: -85 [da:13:35:ea:07:ec]
RSSI: -86 [da:5a:6a:a7:02:aa]
RSSI: -87 [da:5a:6a:b6:02:da]
RSSI: -86 [da:5a:6a:b6:02:da]
RSSI: -87 [da:13:36:15:08:6c]
RSSI: -86 [da:5a:6a:c3:02:fa]
RSSI: -87 [da:5a:6a:c3:02:fa]
RSSI: -87 [da:13:36:24:08:9c]
RSSI: -93 [da:13:36:31:08:cc]
RSSI: -86 [da:5a:6a:e2:03:5a]
RSSI: -89 [da:13:36:4f:09:2c]
RSSI: -86 [da:5a:6b:03:03:aa]
RSSI: -87 [da:5a:6b:03:03:aa]
RSSI: -87 [da:5a:6b:13:03:da]
RSSI: -90 [da:5a:6b:20:03:fa]
RSSI: -88 [da:5a:6b:20:03:fa]
RSSI: -89 [da:5a:6b:30:04:2a]
RSSI: -91 [da:5a:6b:3f:04:5a]
RSSI: -89 [da:13:36:96:09:fc]
RSSI: -88 [da:5a:6b:4c:04:7a]
RSSI: -91 [da:5a:6b:5b:04:aa]
RSSI: -94 [da:5a:6b:77:04:ea]
RSSI: -88 [da:13:36:d0:0a:bc]
RSSI: -88 [da:13:36:ec:0b:0c]
RSSI: -88 [da:13:36:ec:0b:0c]
RSSI: -84 [da:13:36:fb:0b:3c]
RSSI: -83 [da:13:37:08:0b:6c]
RSSI: -82 [da:13:37:08:0b:6c]
RSSI: -89 [da:13:37:17:0b:9c]
RSSI: -85 [da:13:37:33:0b:ec]
RSSI: -85 [da:13:37:42:0c:1c]
RSSI: -88 [da:13:37:51:0c:4c]
RSSI: -92 [da:13:37:5e:0c:7c]
RSSI: -85 [da:13:37:6d:0c:ac]
RSSI: -90 [da:13:37:6d:0c:ac]
RSSI: -85 [da:13:37:7c:0c:dc]
RSSI: -87 [da:13:37:98:0d:2c]
RSSI: -88 [da:13:37:a8:0d:5c]
RSSI: -90 [da:13:37:b4:0d:7c]
RSSI: -87 [da:13:37:df:0e:0c]
RSSI: -85 [da:13:37:ef:0e:3c]
RSSI: -84 [da:13:37:ef:0e:3c]
RSSI: -82 [da:13:37:fe:0e:6c]
RSSI: -84 [da:13:37:fe:0e:6c]
RSSI: -81 [da:13:38:0a:0e:8c]
RSSI: -83 [da:13:38:1a:0e:bc]
RSSI: -83 [da:13:38:1a:0e:bc]
RSSI: -81 [da:13:38:1a:0e:bc]
RSSI: -87 [da:13:38:29:0e:ec]
RSSI: -84 [da:13:38:29:0e:ec]
RSSI: -89 [da:13:38:36:0f:1c]
RSSI: -84 [da:13:38:45:0f:4c]
RSSI: -85 [da:13:38:54:0f:7c]
RSSI: -87 [da:13:38:61:0f:9c]
RSSI: -84 [da:13:38:61:0f:9c]
RSSI: -89 [da:13:38:70:0f:cc]
RSSI: -84 [da:13:38:7f:0f:fc]
RSSI: -87 [da:13:38:ab:10:7c]
RSSI: -88 [da:13:38:b7:10:9c]
RSSI: -89 [da:13:38:c7:10:cc]
RSSI: -94 [da:13:39:2c:12:0c]
RSSI: -91 [da:13:39:39:12:2c]
RSSI: -93 [da:13:39:48:12:5c]
RSSI: -88 [da:13:39:48:12:5c]
RSSI: -89 [da:13:39:58:12:8c]
RSSI: -89 [da:13:39:64:12:ac]
RSSI: -88 [da:13:39:74:12:dc]
RSSI: -93 [da:13:39:83:13:0c]
RSSI: -87 [da:13:39:83:13:0c]
RSSI: -90 [da:13:39:9f:13:6c]
RSSI: -86 [da:13:39:ae:13:9c]
RSSI: -86 [da:13:39:bb:13:bc]
RSSI: -88 [da:13:39:ca:13:ec]
RSSI: -86 [da:13:39:da:14:1c]
RSSI: -84 [da:13:39:e6:14:3c]
RSSI: -84 [da:13:39:e6:14:3c]
RSSI: -85 [da:13:39:f6:14:6c]
RSSI: -88 [da:13:3a:12:14:bc]
RSSI: -92 [da:13:3a:21:14:ec]
RSSI: -88 [da:13:3a:3d:15:4c]
RSSI: -83 [da:13:3a:4c:15:6c]
RSSI: -83 [da:13:3a:4c:15:6c]
RSSI: -78 [da:13:3a:5c:15:9c]
RSSI: -80 [da:13:3a:68:15:cc]
RSSI: -76 [da:13:3a:68:15:cc]
RSSI: -78 [da:13:3a:78:15:fc]
RSSI: -77 [da:13:3a:78:15:fc]
RSSI: -73 [da:13:3a:87:16:1c]
RSSI: -74 [da:13:3a:94:16:4c]
RSSI: -73 [da:13:3a:94:16:4c]
RSSI: -75 [da:13:3a:a3:16:7c]
RSSI: -73 [da:13:3a:a3:16:7c]
RSSI: -75 [da:13:3a:b3:00:2c]
RSSI: -71 [da:13:3a:bf:00:5c]
RSSI: -72 [da:13:3a:bf:00:5c]
RSSI: -75 [da:13:3a:bf:00:5c]
RSSI: -73 [da:13:3a:cf:00:8c]
RSSI: -72 [da:13:3a:cf:00:8c]
RSSI: -75 [da:13:3a:de:00:bc]
RSSI: -74 [da:13:3a:de:00:bc]
RSSI: -77 [da:13:3a:eb:00:dc]
RSSI: -74 [da:13:3a:fa:01:0c]
RSSI: -78 [da:13:3a:fa:01:0c]
RSSI: -77 [da:13:3b:09:01:3c]
RSSI: -76 [da:13:3b:09:01:3c]
RSSI: -80 [da:13:3b:16:01:5c]
RSSI: -81 [da:13:3b:16:01:5c]
RSSI: -81 [da:13:3b:26:01:8c]
RSSI: -86 [da:13:3b:26:01:8c]
RSSI: -82 [da:13:3b:35:01:bc]
RSSI: -83 [da:13:3b:35:01:bc]
RSSI: -84 [da:13:3b:6d:02:6c]
RSSI: -82 [da:13:3b:7c:02:9c]
RSSI: -82 [da:13:3b:7c:02:9c]
RSSI: -86 [da:13:3b:8c:02:cc]
RSSI: -86 [da:13:3b:8c:02:cc]
RSSI: -86 [da:13:3b:98:02:ec]
RSSI: -83 [da:13:3b:a8:03:1c]
RSSI: -90 [da:13:3b:a8:03:1c]
RSSI: -85 [da:13:3b:b7:03:4c]
RSSI: -85 [da:13:3b:c9:03:8c]
RSSI: -87 [da:13:3b:da:03:bc]
RSSI: -87 [da:13:3b:da:03:bc]
RSSI: -87 [da:13:3b:e9:03:ec]
RSSI: -87 [da:13:3c:05:04:3c]
RSSI: -88 [da:13:3c:15:04:6c]
RSSI: -90 [da:13:3c:21:04:9c]
RSSI: -89 [da:13:3c:21:04:9c]
RSSI: -92 [da:13:3c:4d:05:1c]
RSSI: -93 [da:13:3c:4d:05:1c]
RSSI: -87 [da:13:3c:78:05:9c]
RSSI: -92 [da:13:3c:97:05:fc]
RSSI: -92 [da:13:3c:c3:06:8c]
RSSI: -91 [da:13:3c:df:06:dc]
RSSI: -89 [da:13:3c:fb:07:3c]
RSSI: -88 [da:13:3d:0b:07:6c]
RSSI: -96 [da:5a:71:c5:00:aa]
RSSI: -87 [da:13:3d:36:07:ec]
RSSI: -96 [da:5a:71:f1:01:2a]
RSSI: -87 [da:13:3d:46:08:1c]
RSSI: -88 [da:13:3d:72:08:ac]
RSSI: -88 [da:13:3d:7e:08:cc]
RSSI: -88 [da:5a:72:4a:02:1a]
RSSI: -88 [da:5a:72:57:02:4a]
RSSI: -87 [da:5a:72:67:02:7a]
RSSI: -87 [da:5a:72:67:02:7a]
RSSI: -86 [da:5a:72:76:02:9a]
RSSI: -86 [da:5a:72:83:02:ba]
RSSI: -86 [da:5a:72:83:02:ba]
RSSI: -86 [da:5a:72:93:02:ea]
RSSI: -86 [da:5a:72:a3:03:1a]
RSSI: -86 [da:5a:72:af:03:3a]
RSSI: -85 [da:5a:72:af:03:3a]
RSSI: -86 [da:5a:72:bf:03:6a]
RSSI: -90 [da:13:3e:21:0a:cc]
RSSI: -86 [da:5a:72:cf:03:9a]
RSSI: -85 [da:5a:72:cf:03:9a]
RSSI: -86 [da:5a:72:dc:03:ba]
RSSI: -86 [da:5a:72:dc:03:ba]
RSSI: -87 [da:5a:72:ec:03:ea]
RSSI: -91 [da:13:3e:4c:0b:4c]
RSSI: -88 [da:5a:72:fb:04:0a]
RSSI: -88 [da:5a:73:08:04:2a]
RSSI: -86 [da:5a:73:08:04:2a]
RSSI: -86 [da:13:3e:69:0b:ac]
RSSI: -88 [da:5a:73:18:04:5a]
RSSI: -87 [da:13:3e:78:0b:dc]
RSSI: -89 [da:13:3e:85:0b:fc]
RSSI: -87 [da:13:3e:94:0c:2c]
RSSI: -90 [da:13:3e:a4:0c:5c]
RSSI: -87 [da:13:3e:c0:0c:bc]
RSSI: -89 [da:13:3e:d0:0c:ec]
RSSI: -87 [da:13:3e:dc:0d:0c]
RSSI: -88 [da:13:3e:ec:0d:3c]
RSSI: -90 [da:13:3e:fc:0d:6c]
RSSI: -96 [da:5a:73:ad:06:0a]
RSSI: -96 [da:5a:73:ba:06:2a]
RSSI: -87 [da:13:3f:18:0d:cc]
RSSI: -90 [da:13:3f:34:0e:1c]
RSSI: -86 [da:13:3f:34:0e:1c]
RSSI: -86 [da:13:3f:34:0e:1c]
RSSI: -87 [da:13:3f:44:0e:4c]
RSSI: -83 [da:13:3f:53:0e:7c]
RSSI: -82 [da:13:3f:60:0e:ac]
RSSI: -82 [da:13:3f:60:0e:ac]
RSSI: -88 [da:13:3f:70:0e:dc]
RSSI: -83 [da:13:3f:70:0e:dc]
RSSI: -88 [da:13:3f:7f:0f:0c]
RSSI: -85 [da:13:3f:8c:0f:2c]
RSSI: -89 [da:13:3f:8c:0f:2c]
RSSI: -83 [da:13:3f:9b:0f:5c]
RSSI: -87 [da:13:3f:9b:0f:5c]
RSSI: -82 [da:13:3f:ab:0f:8c]
RSSI: -87 [da:13:3f:b8:0f:bc]
RSSI: -82 [da:13:3f:b8:0f:bc]
RSSI: -86 [da:13:3f:c7:0f:ec]
RSSI: -88 [da:13:3f:c7:0f:ec]
RSSI: -87 [da:13:3f:d7:10:1c]
RSSI: -88 [da:13:3f:e4:10:3c]
RSSI: -89 [da:13:3f:f3:10:6c]
RSSI: -91 [da:13:40:10:10:cc]
RSSI: -92 [da:13:40:87:12:2c]
RSSI: -93 [da:13:40:93:12:4c]
RSSI: -90 [da:13:40:a3:12:7c]
RSSI: -90 [da:13:40:c0:12:dc]
RSSI: -88 [da:13:40:cf:13:0c]
RSSI: -89 [da:13:40:cf:13:0c]
RSSI: -87 [da:13:40:df:13:3c]
RSSI: -89 [da:13:40:fb:13:8c]
RSSI: -89 [da:13:40:fb:13:8c]
RSSI: -87 [da:13:41:18:13:dc]
RSSI: -86 [da:13:41:27:14:0c]
RSSI: -86 [da:13:41:27:14:0c]
RSSI: -89 [da:13:41:37:14:3c]
RSSI: -86 [da:13:41:37:14:3c]
RSSI: -88 [da:13:41:44:14:6c]
RSSI: -87 [da:13:41:53:14:9c]
RSSI: -93 [da:13:41:63:14:cc]
RSSI: -87 [da:13:41:8f:15:4c]
RSSI: -87 [da:13:41:9c:15:6c]
RSSI: -83 [da:13:41:ac:15:9c]
RSSI: -78 [da:13:41:ac:15:9c]
RSSI: -81 [da:13:41:bb:15:cc]
RSSI: -80 [da:13:41:bb:15:cc]
RSSI: -75 [da:13:41:c8:15:fc]
RSSI: -78 [da:13:41:c8:15:fc]
RSSI: -74 [da:13:41:d8:16:2c]
RSSI: -78 [da:13:41:e8:16:5c]
RSSI: -77 [da:13:41:e8:16:5c]
RSSI: -73 [da:13:41:e8:16:5c]
RSSI: -77 [da:13:41:f4:16:7c]
RSSI: -76 [da:13:41:f4:16:7c]
RSSI: -76 [da:13:42:04:00:2c]
RSSI: -71 [da:13:42:14:00:5c]
RSSI: -75 [da:13:42:20:00:8c]
RSSI: -75 [da:13:42:20:00:8c]
RSSI: -71 [da:13:42:20:00:8c]
RSSI: -75 [da:13:42:30:00:bc]
RSSI: -77 [da:13:42:40:00:ec]
RSSI: -73 [da:13:42:4c:01:0c]
RSSI: -73 [da:13:42:4c:01:0c]
RSSI: -78 [da:13:42:4c:01:0c]
RSSI: -77 [da:13:42:5c:01:3c]
RSSI: -75 [da:13:42:5c:01:3c]
RSSI: -79 [da:13:42:6c:01:6c]
RSSI: -84 [da:13:42:79:01:9c]
RSSI: -83 [da:13:42:79:01:9c]
RSSI: -85 [da:13:42:88:01:cc]
RSSI: -93 [da:13:42:98:01:fc]
RSSI: -90 [da:13:42:a5:02:1c]
RSSI: -84 [da:13:42:d1:02:ac]
RSSI: -86 [da:13:42:e1:02:dc]
RSSI: -84 [da:13:42:e1:02:dc]
RSSI: -87 [da:13:42:f1:03:0c]
RSSI: -91 [da:13:42:fd:03:2c]
RSSI: -88 [da:13:43:0d:03:5c]
RSSI: -87 [da:13:43:1d:03:8c]
RSSI: -86 [da:13:43:39:03:dc]
RSSI: -88 [da:13:43:39:03:dc]
RSSI: -86 [da:13:43:49:04:0c]
RSSI: -88 [da:13:43:56:04:3c]
RSSI: -86 [da:13:43:56:04:3c]
RSSI: -88 [da:13:43:66:04:6c]
RSSI: -88 [da:13:43:75:04:9c]
RSSI: -89 [da:13:43:82:04:bc]
RSSI: -91 [da:13:43:a2:05:1c]
RSSI: -92 [da:13:43:ce:05:ac]
RSSI: -88 [da:13:43:fa:06:2c]
RSSI: -88 [da:13:44:07:06:5c]
RSSI: -90 [da:13:44:33:06:dc]
RSSI: -90 [da:13:44:43:07:0c]
RSSI: -92 [da:13:44:60:07:6c]
RSSI: -89 [da:13:44:9c:08:2c]
RSSI: -87 [da:13:44:c8:08:ac]
RSSI: -87 [da:13:44:d8:08:dc]
RSSI: -88 [da:13:44:e5:09:0c]
RSSI: -90 [da:13:45:05:09:6c]
RSSI: -99 [da:5a:7a:0c:01:ba]
RSSI: -90 [da:5a:7a:1d:01:da]
RSSI: -88 [da:5a:7a:29:01:fa]
RSSI: -94 [da:13:45:8a:0b:0c]
RSSI: -88 [da:5a:7a:36:02:2a]
RSSI: -87 [da:5a:7a:43:02:4a]
RSSI: -85 [da:5a:7a:4f:02:6a]
RSSI: -91 [da:13:45:a6:0b:6c]
RSSI: -86 [da:5a:7a:5c:02:8a]
RSSI: -85 [da:5a:7a:69:02:ba]
RSSI: -85 [da:5a:7a:8f:03:1a]
RSSI: -85 [da:5a:7a:a8:03:6a]
RSSI: -85 [da:5a:7a:b5:03:8a]
RSSI: -92 [da:13:46:1c:0c:cc]
RSSI: -86 [da:5a:7a:ce:03:ca]
RSSI: -91 [da:13:46:2c:0d:0c]
RSSI: -86 [da:5a:7a:db:03:fa]
RSSI: -89 [da:5a:7a:f4:04:3a]
RSSI: -93 [da:5a:7b:0e:04:7a]
RSSI: -93 [da:5a:7b:27:04:ca]
RSSI: -91 [da:13:46:85:0e:1c]
RSSI: -89 [da:13:46:95:0e:4c]
RSSI: -88 [da:13:46:a2:0e:6c]
RSSI: -87 [da:13:46:b2:0e:ac]
RSSI: -90 [da:13:46:c1:0e:dc]
RSSI: -86 [da:13:46:ce:0e:fc]
RSSI: -91 [da:13:46:ee:0f:5c]
RSSI: -88 [da:13:46:ee:0f:5c]
RSSI: -88 [da:13:47:1b:0f:ec]
RSSI: -90 [da:13:47:27:10:0c]
RSSI: -92 [da:13:47:37:10:3c]
RSSI: -92 [da:13:47:47:10:6c]
RSSI: -94 [da:13:47:a1:11:7c]
RSSI: -96 [da:13:47:da:12:2c]
RSSI: -95 [da:13:47:fa:12:8c]
RSSI: -91 [da:13:48:17:12:ec]
RSSI: -89 [da:13:48:33:13:3c]
RSSI: -91 [da:13:48:33:13:3c]
RSSI: -92 [da:13:48:53:13:9c]
RSSI: -90 [da:13:48:60:13:bc]
RSSI: -90 [da:13:48:70:13:ec]
RSSI: -90 [da:13:48:70:13:ec]
RSSI: -88 [da:13:48:8d:14:4c]
RSSI: -90 [da:13:48:9d:14:7c]
RSSI: -93 [da:13:48:ad:14:ac]
RSSI: -93 [da:13:48:ad:14:ac]
RSSI: -91 [da:13:48:da:15:3c]
RSSI: -92 [da:13:48:e6:15:5c]
RSSI: -87 [da:13:48:f6:15:8c]
RSSI: -86 [da:13:48:f6:15:8c]
RSSI: -81 [da:13:49:13:15:dc]
RSSI: -80 [da:13:49:13:15:dc]
RSSI: -80 [da:13:49:23:16:0c]
RSSI: -78 [da:13:49:33:16:3c]
RSSI: -78 [da:13:49:33:16:3c]
RSSI: -77 [da:13:49:40:16:6c]
RSSI: -77 [da:13:49:40:16:6c]
RSSI: -76 [da:13:49:50:00:0c]
RSSI: -77 [da:13:49:60:00:2c]
RSSI: -75 [da:13:49:6d:00:5c]
RSSI: -77 [da:13:49:6d:00:5c]
RSSI: -76 [da:13:49:7d:00:8c]
RSSI: -76 [da:13:49:8d:00:bc]
RSSI: -79 [da:13:49:99:00:dc]
RSSI: -76 [da:13:49:99:00:dc]
RSSI: -80 [da:13:49:a9:01:0c]
RSSI: -77 [da:13:49:ba:01:3c]
RSSI: -77 [da:13:49:ba:01:3c]
RSSI: -78 [da:13:49:ba:01:3c]
RSSI: -80 [da:13:49:c6:01:6c]
RSSI: -80 [da:13:49:c6:01:6c]
RSSI: -82 [da:13:49:d6:01:9c]
RSSI: -90 [da:13:4a:03:02:2c]
RSSI: -88 [da:13:4a:13:02:5c]
RSSI: -86 [da:13:4a:40:02:dc]
RSSI: -86 [da:13:4a:40:02:dc]
RSSI: -86 [da:13:4a:4d:03:0c]
RSSI: -86 [da:13:4a:4d:03:0c]
RSSI: -88 [da:13:4a:4d:03:0c]
RSSI: -90 [da:13:4a:5d:03:3c]
RSSI: -87 [da:13:4a:6d:03:6c]
RSSI: -93 [da:13:4a:82:03:ac]
RSSI: -85 [da:13:4a:92:03:dc]
RSSI: -86 [da:13:4a:a2:04:0c]
RSSI: -87 [da:13:4a:af:04:2c]
RSSI: -90 [da:13:4a:cc:04:8c]
RSSI: -91 [da:13:4a:dc:04:bc]
RSSI: -93 [da:13:4a:e9:04:ec]
RSSI: -94 [da:13:4b:02:05:2c]
RSSI: -89 [da:13:4b:1b:05:7c]
RSSI: -89 [da:13:4b:1b:05:7c]
RSSI: -86 [da:13:4b:41:05:fc]
RSSI: -92 [da:13:4b:4e:06:1c]
RSSI: -93 [da:13:4b:5b:06:4c]
RSSI: -89 [da:13:4b:8e:06:ec]
RSSI: -90 [da:13:4b:9a:07:0c]
RSSI: -96 [da:58:9c:3f:01:6b]
RSSI: -89 [da:13:4b:da:07:cc]
RSSI: -86 [da:13:4b:e7:07:fc]
RSSI: -96 [da:58:9c:75:02:0b]
RSSI: -87 [da:13:4b:e7:07:fc]
RSSI: -94 [da:13:4c:00:08:4c]
RSSI: -90 [da:13:4c:0d:08:6c]
RSSI: -86 [da:13:4c:33:08:ec]
RSSI: -96 [da:13:4c:72:09:ac]
RSSI: -93 [da:13:4c:7f:09:dc]
RSSI: -90 [da:13:4c:a5:0a:4c]
RSSI: -88 [da:13:4c:a5:0a:4c]
RSSI: -90 [da:13:4c:bf:0a:9c]
RSSI: -94 [da:13:4c:cc:0a:bc]
RSSI: -89 [da:13:4c:f2:0b:3c]
RSSI: -90 [da:13:4c:ff:0b:5c]
RSSI: -87 [da:13:4d:0b:0b:8c]
RSSI: -89 [da:13:4d:0b:0b:8c]
RSSI: -86 [da:13:4d:18:0b:ac]
RSSI: -86 [da:13:4d:32:0b:fc]
RSSI: -88 [da:13:4d:3e:0c:2c]
RSSI: -90 [da:5a:81:fa:01:da]
RSSI: -88 [da:13:4d:58:0c:6c]
RSSI: -88 [da:13:4d:65:0c:9c]
RSSI: -89 [da:5a:82:14:02:2a]
RSSI: -88 [da:5a:82:20:02:4a]
RSSI: -88 [da:13:4d:7e:0c:ec]
RSSI: -87 [da:5a:82:3b:02:9a]
RSSI: -90 [da:13:4d:a4:0d:5c]
RSSI: -91 [da:13:4d:b1:0d:8c]
RSSI: -86 [da:5a:82:6e:03:2a]
RSSI: -90 [da:13:4d:cb:0d:dc]
RSSI: -86 [da:5a:82:6e:03:2a]
RSSI: -87 [da:13:4d:d8:0d:fc]
RSSI: -87 [da:5a:82:7c:03:4a]
RSSI: -87 [da:13:4d:d8:0d:fc]
RSSI: -87 [da:5a:82:89:03:7a]
RSSI: -84 [da:13:4d:e4:0e:2c]
RSSI: -86 [da:5a:82:95:03:9a]
RSSI: -84 [da:13:4d:f1:0e:4c]
RSSI: -87 [da:5a:82:a2:03:ba]
RSSI: -83 [da:13:4d:fe:0e:7c]
RSSI: -87 [da:5a:82:a2:03:ba]
RSSI: -86 [da:5a:82:a2:03:ba]
RSSI: -83 [da:13:4d:fe:0e:7c]
RSSI: -86 [da:13:4e:0b:0e:9c]
RSSI: -83 [da:13:4e:0b:0e:9c]
RSSI: -84 [da:13:4e:17:0e:cc]
RSSI: -85 [da:13:4e:17:0e:cc]
RSSI: -89 [da:5a:82:c9:04:2a]
RSSI: -91 [da:5a:82:d7:04:4a]
RSSI: -84 [da:13:4e:31:0f:1c]
RSSI: -88 [da:13:4e:3e:0f:3c]
RSSI: -85 [da:13:4e:4b:0f:6c]
RSSI: -85 [da:13:4e:4b:0f:6c]
RSSI: -88 [da:13:4e:58:0f:8c]
RSSI: -84 [da:13:4e:58:0f:8c]
RSSI: -84 [da:13:4e:64:0f:bc]
RSSI: -86 [da:13:4e:64:0f:bc]
RSSI: -84 [da:13:4e:71:0f:dc]
RSSI: -85 [da:13:4e:71:0f:dc]
RSSI: -86 [da:13:4e:7e:10:0c]
RSSI: -88 [da:13:4e:8b:10:2c]
RSSI: -89 [da:13:4e:98:10:5c]
RSSI: -88 [da:13:4e:b1:10:ac]
RSSI: -89 [da:13:4e:b1:10:ac]
RSSI: -89 [da:13:4e:be:10:cc]
RSSI: -88 [da:13:4e:cb:10:fc]
RSSI: -92 [da:13:4e:cb:10:fc]
RSSI: -91 [da:13:4e:d8:11:1c]
RSSI: -93 [da:13:4f:3e:12:4c]
RSSI: -96 [da:13:4f:4b:12:6c]
RSSI: -92 [da:13:4f:65:12:bc]
RSSI: -92 [da:13:4f:65:12:bc]
RSSI: -94 [da:13:4f:71:12:ec]
RSSI: -90 [da:13:4f:7e:13:0c]
RSSI: -89 [da:13:4f:98:13:5c]
RSSI: -88 [da:13:4f:a5:13:8c]
RSSI: -90 [da:13:4f:b2:13:ac]
RSSI: -87 [da:13:4f:bf:13:cc]
RSSI: -87 [da:13:4f:cc:13:fc]
RSSI: -87 [da:13:4f:cc:13:fc]
RSSI: -86 [da:13:4f:d8:14:2c]
RSSI: -86 [da:13:4f:e5:14:4c]
RSSI: -88 [da:13:4f:e5:14:4c]
RSSI: -88 [da:13:4f:e5:14:4c]
RSSI: -86 [da:13:4f:f2:14:6c]
RSSI: -88 [da:13:4f:ff:14:9c]
RSSI: -89 [da:13:50:0c:14:bc]
RSSI: -91 [da:13:50:32:15:3c]
RSSI: -82 [da:13:50:3f:15:5c]
RSSI: -82 [da:13:50:4c:15:7c]
RSSI: -82 [da:13:50:59:15:ac]
RSSI: -79 [da:13:50:66:15:cc]
RSSI: -77 [da:13:50:66:15:cc]
RSSI: -77 [da:13:50:73:15:fc]
RSSI: -77 [da:13:50:7f:16:1c]
RSSI: -75 [da:13:50:8d:16:4c]
RSSI: -75 [da:13:50:8d:16:4c]
RSSI: -74 [da:13:50:8d:16:4c]
RSSI: -74 [da:13:50:99:16:6c]
RSSI: -75 [da:13:50:a6:00:0c]
RSSI: -74 [da:13:50:b3:00:2c]
RSSI: -73 [da:13:50:b3:00:2c]
RSSI: -72 [da:13:50:c0:00:4c]
RSSI: -74 [da:13:50:cd:00:7c]
RSSI: -73 [da:13:50:da:00:9c]
RSSI: -73 [da:13:50:e7:00:cc]
RSSI: -75 [da:13:50:f3:00:ec]
RSSI: -74 [da:13:51:00:01:1c]
RSSI: -76 [da:13:51:0d:01:3c]
RSSI: -78 [da:13:51:1a:01:6c]
RSSI: -78 [da:13:51:27:01:8c]
RSSI: -81 [da:13:51:34:01:bc]
RSSI: -82 [da:13:51:34:01:bc]
RSSI: -86 [da:13:51:41:01:dc]
RSSI: -88 [da:13:51:4e:02:0c]
RSSI: -88 [da:13:51:67:02:5c]
RSSI: -85 [da:13:51:75:02:7c]
RSSI: -82 [da:13:51:82:02:ac]
RSSI: -83 [da:13:51:82:02:ac]
RSSI: -84 [da:13:51:8e:02:cc]
RSSI: -84 [da:13:51:8e:02:cc]
RSSI: -83 [da:13:51:9b:02:fc]
RSSI: -86 [da:13:51:a8:03:1c]
RSSI: -86 [da:13:51:a8:03:1c]
RSSI: -91 [da:13:51:b5:03:3c]
RSSI: -92 [da:13:51:cf:03:8c]
RSSI: -91 [da:13:51:dc:03:bc]
RSSI: -88 [da:13:51:dc:03:bc]
RSSI: -87 [da:13:51:e9:03:dc]
RSSI: -87 [da:13:51:e9:03:dc]
RSSI: -90 [da:13:51:e9:03:dc]
RSSI: -87 [da:13:51:f6:04:0c]
RSSI: -93 [da:13:52:10:04:5c]
RSSI: -87 [da:13:52:43:04:fc]
RSSI: -87 [da:13:52:43:04:fc]
RSSI: -89 [da:13:52:50:05:1c]
RSSI: -91 [da:13:52:6a:05:6c]
RSSI: -94 [da:13:52:6a:05:6c]
RSSI: -88 [da:13:52:77:05:9c]
RSSI: -93 [da:13:52:84:05:bc]
RSSI: -86 [da:13:52:84:05:bc]
RSSI: -94 [da:13:52:ab:06:3c]
RSSI: -94 [da:13:52:b8:06:5c]
RSSI: -93 [da:13:52:d2:06:ac]
RSSI: -93 [da:13:52:df:06:dc]
RSSI: -85 [da:13:53:2d:07:cc]
RSSI: -95 [da:58:a3:c9:01:6b]
RSSI: -89 [da:13:53:54:08:3c]
RSSI: -91 [da:13:53:6d:08:8c]
RSSI: -87 [da:13:53:7b:08:bc]
RSSI: -87 [da:13:53:87:08:dc]
RSSI: -91 [da:13:53:a1:09:2c]
RSSI: -94 [da:13:53:c8:09:ac]
RSSI: -92 [da:13:53:d5:09:dc]
RSSI: -92 [da:13:53:e2:09:fc]
RSSI: -89 [da:13:53:ef:0a:2c]
RSSI: -90 [da:13:53:ef:0a:2c]
RSSI: -89 [da:13:53:fc:0a:4c]
RSSI: -94 [da:13:54:16:0a:9c]
RSSI: -93 [da:13:54:4a:0b:3c]
RSSI: -89 [da:13:54:4a:0b:3c]
RSSI: -86 [da:13:54:57:0b:6c]
RSSI: -87 [da:13:54:64:0b:9c]
RSSI: -86 [da:13:54:64:0b:9c]
RSSI: -87 [da:13:54:71:0b:bc]
RSSI: -89 [da:13:54:7e:0b:ec]
RSSI: -88 [da:13:54:8c:0c:0c]
RSSI: -87 [da:13:54:8c:0c:0c]
RSSI: -88 [da:13:54:98:0c:3c]
RSSI: -91 [da:13:54:b3:0c:8c]
RSSI: -89 [da:13:54:bf:0c:ac]
RSSI: -89 [da:13:54:bf:0c:ac]
RSSI: -88 [da:13:54:da:0c:fc]
RSSI: -89 [da:13:54:e6:0d:2c]
RSSI: -91 [da:13:54:f4:0d:4c]
RSSI: -88 [da:13:55:01:0d:7c]
RSSI: -88 [da:13:55:1b:0d:cc]
RSSI: -91 [da:5a:89:ca:01:ba]
RSSI: -88 [da:13:55:28:0d:fc]
RSSI: -90 [da:5a:89:d7:01:da]
RSSI: -85 [da:13:55:35:0e:1c]
RSSI: -89 [da:5a:89:e4:02:0a]
RSSI: -85 [da:13:55:42:0e:4c]
RSSI: -88 [da:5a:89:f2:02:2a]
RSSI: -83 [da:13:55:42:0e:4c]
RSSI: -85 [da:13:55:4f:0e:6c]
RSSI: -87 [da:5a:89:ff:02:4a]
RSSI: -86 [da:5a:89:ff:02:4a]
RSSI: -83 [da:13:55:5c:0e:9c]
RSSI: -86 [da:5a:8a:1a:02:9a]
RSSI: -84 [da:13:55:69:0e:bc]
RSSI: -87 [da:13:55:76:0e:ec]
RSSI: -86 [da:5a:8a:26:02:ba]
RSSI: -87 [da:13:55:83:0f:0c]
RSSI: -86 [da:5a:8a:26:02:ba]
RSSI: -87 [da:13:55:83:0f:0c]
RSSI: -85 [da:13:55:90:0f:3c]
RSSI: -86 [da:5a:8a:4e:03:2a]
RSSI: -83 [da:13:55:aa:0f:8c]
RSSI: -86 [da:5a:8a:4e:03:2a]
RSSI: -88 [da:13:55:aa:0f:8c]
RSSI: -86 [da:5a:8a:5c:03:5a]
RSSI: -84 [da:13:55:b7:0f:bc]
RSSI: -86 [da:5a:8a:5c:03:5a]
RSSI: -83 [da:13:55:b7:0f:bc]
RSSI: -86 [da:13:55:c5:0f:dc]
RSSI: -87 [da:13:55:c5:0f:dc]
RSSI: -87 [da:13:55:c5:0f:dc]
RSSI: -87 [da:5a:8a:76:03:9a]
RSSI: -86 [da:13:55:d1:10:0c]
RSSI: -88 [da:13:55:d1:10:0c]
RSSI: -86 [da:5a:8a:84:03:ca]
RSSI: -86 [da:5a:8a:84:03:ca]
RSSI: -86 [da:5a:8a:91:03:ea]
RSSI: -88 [da:5a:8a:9e:04:0a]
RSSI: -87 [da:5a:8a:ab:04:3a]
RSSI: -90 [da:5a:8a:c6:04:7a]
RSSI: -93 [da:13:56:20:10:ec]
RSSI: -93 [da:13:56:89:12:2c]
RSSI: -93 [da:13:56:95:12:5c]
RSSI: -91 [da:13:56:a3:12:7c]
RSSI: -90 [da:13:56:ca:12:fc]
RSSI: -89 [da:13:56:d7:13:1c]
RSSI: -90 [da:13:56:e4:13:4c]
RSSI: -91 [da:13:56:ff:13:9c]
RSSI: -90 [da:13:57:0b:13:bc]
RSSI: -86 [da:13:57:26:14:0c]
RSSI: -87 [da:13:57:26:14:0c]
RSSI: -85 [da:13:57:33:14:3c]
RSSI: -87 [da:13:57:40:14:5c]
RSSI: -87 [da:13:57:4d:14:8c]
RSSI: -93 [da:13:57:5a:14:ac]
RSSI: -92 [da:13:57:6d:14:dc]
RSSI: -84 [da:13:57:89:15:3c]
RSSI: -83 [da:13:57:97:15:5c]
RSSI: -79 [da:13:57:97:15:5c]
RSSI: -84 [da:13:57:a4:15:8c]
RSSI: -79 [da:13:57:a4:15:8c]
RSSI: -76 [da:13:57:b1:15:ac]
RSSI: -81 [da:13:57:b1:15:ac]
RSSI: -76 [da:13:57:be:15:dc]
RSSI: -74 [da:13:57:be:15:dc]
RSSI: -77 [da:13:57:d8:16:2c]
RSSI: -73 [da:13:57:e6:16:4c]
RSSI: -72 [da:13:57:e6:16:4c]
RSSI: -72 [da:13:57:e6:16:4c]
RSSI: -72 [da:13:57:f3:16:7c]
RSSI: -76 [da:13:58:00:00:2c]
RSSI: -71 [da:13:58:0d:00:4c]
RSSI: -71 [da:13:58:1a:00:7c]
RSSI: -71 [da:13:58:1a:00:7c]
RSSI: -75 [da:13:58:27:00:9c]
RSSI: -71 [da:13:58:35:00:cc]
RSSI: -72 [da:13:58:42:00:fc]
RSSI: -72 [da:13:58:42:00:fc]
RSSI: -76 [da:13:58:4f:01:1c]
RSSI: -73 [da:13:58:4f:01:1c]
RSSI: -73 [da:13:58:5c:01:3c]
RSSI: -78 [da:13:58:5c:01:3c]
RSSI: -75 [da:13:58:69:01:6c]
RSSI: -75 [da:13:58:69:01:6c]
RSSI: -80 [da:13:58:76:01:8c]
RSSI: -78 [da:13:58:76:01:8c]
RSSI: -77 [da:13:58:84:01:bc]
RSSI: -84 [da:13:58:84:01:bc]
RSSI: -83 [da:13:58:91:01:ec]
RSSI: -82 [da:13:58:91:01:ec]
RSSI: -91 [da:13:58:ab:02:2c]
RSSI: -85 [da:13:58:c5:02:7c]
RSSI: -85 [da:13:58:d3:02:ac]
RSSI: -82 [da:13:58:e0:02:dc]
RSSI: -82 [da:13:58:e0:02:dc]
RSSI: -84 [da:13:58:ed:02:fc]
RSSI: -88 [da:13:58:fa:03:2c]
RSSI: -86 [da:13:59:07:03:4c]
RSSI: -89 [da:13:59:14:03:7c]
RSSI: -88 [da:13:59:22:03:9c]
RSSI: -85 [da:13:59:3c:03:ec]
RSSI: -86 [da:13:59:3c:03:ec]
RSSI: -85 [da:13:59:49:04:1c]
RSSI: -86 [da:13:59:49:04:1c]
RSSI: -88 [da:13:59:63:04:6c]
RSSI: -97 [da:13:59:7e:04:bc]
RSSI: -88 [da:13:59:a6:05:3c]
RSSI: -88 [da:13:59:a6:05:3c]
RSSI: -90 [da:13:59:b2:05:5c]
RSSI: -85 [da:13:59:cd:05:ac]
RSSI: -88 [da:13:59:e8:05:fc]
RSSI: -89 [da:13:59:e8:05:fc]
RSSI: -91 [da:13:5a:02:06:4c]
RSSI: -94 [da:13:5a:0f:06:7c]
RSSI: -86 [da:13:5a:51:07:4c]
RSSI: -87 [da:13:5a:5e:07:7c]
RSSI: -92 [da:13:5a:79:07:cc]
RSSI: -86 [da:13:5a:86:07:ec]
RSSI: -88 [da:13:5a:ae:08:6c]
RSSI: -89 [da:13:5a:bb:08:9c]
RSSI: -87 [da:13:5a:d6:08:ec]
RSSI: -92 [da:13:5b:0b:09:8c]
RSSI: -93 [da:13:5b:33:0a:0c]
RSSI: -92 [da:13:5b:67:0a:ac]
RSSI: -88 [da:13:5b:82:0a:fc]
RSSI: -85 [da:13:5b:8f:0b:2c]
RSSI: -89 [da:13:5b:9c:0b:4c]
RSSI: -84 [da:13:5b:aa:0b:7c]
RSSI: -88 [da:13:5b:aa:0b:7c]
RSSI: -87 [da:13:5b:b7:0b:ac]
RSSI: -83 [da:13:5b:b7:0b:ac]
RSSI: -84 [da:13:5b:d2:0b:fc]
RSSI: -87 [da:13:5b:d2:0b:fc]
RSSI: -85 [da:13:5b:de:0c:1c]
RSSI: -84 [da:13:5c:06:0c:9c]
RSSI: -85 [da:13:5c:14:0c:cc]
RSSI: -89 [da:13:5c:22:0c:ec]
RSSI: -85 [da:13:5c:2e:0d:1c]
RSSI: -87 [da:13:5c:3c:0d:4c]
RSSI: -88 [da:13:5c:56:0d:9c]
RSSI: -86 [da:13:5c:64:0d:bc]
RSSI: -87 [da:13:5c:71:0d:ec]
RSSI: -88 [da:13:5c:71:0d:ec]
RSSI: -83 [da:13:5c:7e:0e:1c]
RSSI: -86 [da:13:5c:7e:0e:1c]
RSSI: -85 [da:13:5c:8c:0e:3c]
RSSI: -82 [da:13:5c:8c:0e:3c]
RSSI: -83 [da:13:5c:99:0e:6c]
RSSI: -83 [da:13:5c:a6:0e:8c]
RSSI: -81 [da:13:5c:b4:0e:bc]
RSSI: -85 [da:13:5c:c1:0e:ec]
RSSI: -82 [da:13:5c:c1:0e:ec]
RSSI: -84 [da:13:5c:ce:0f:0c]
RSSI: -85 [da:13:5c:ce:0f:0c]
RSSI: -82 [da:13:5c:db:0f:3c]
RSSI: -81 [da:13:5c:db:0f:3c]
RSSI: -86 [da:13:5c:db:0f:3c]
RSSI: -85 [da:13:5c:e9:0f:5c]
RSSI: -81 [da:13:5c:e9:0f:5c]
RSSI: -85 [da:13:5c:f6:0f:8c]
RSSI: -81 [da:13:5d:03:0f:bc]
RSSI: -84 [da:13:5d:03:0f:bc]
RSSI: -86 [da:13:5d:11:0f:dc]
RSSI: -82 [da:13:5d:11:0f:dc]
RSSI: -91 [da:5a:91:ca:02:3a]
RSSI: -86 [da:13:5d:2b:10:2c]
RSSI: -89 [da:5a:91:d7:02:5a]
RSSI: -90 [da:13:5d:39:10:5c]
RSSI: -87 [da:13:5d:39:10:5c]
RSSI: -90 [da:5a:91:f3:02:aa]
RSSI: -87 [da:13:5d:53:10:ac]
RSSI: -90 [da:5a:91:ff:02:da]
RSSI: -88 [da:5a:91:ff:02:da]
RSSI: -86 [da:13:5d:61:10:dc]
RSSI: -90 [da:5a:92:0d:02:fa]
RSSI: -88 [da:5a:92:1b:03:2a]
RSSI: -88 [da:5a:92:1b:03:2a]
RSSI: -88 [da:13:5d:7b:11:2c]
RSSI: -87 [da:5a:92:28:03:4a]
RSSI: -88 [da:5a:92:44:03:9a]
RSSI: -88 [da:5a:92:50:03:ba]
RSSI: -90 [da:5a:92:5f:03:da]
RSSI: -88 [da:5a:92:79:04:2a]
RSSI: -90 [da:13:5d:d9:12:3c]
RSSI: -90 [da:5a:92:87:04:4a]
RSSI: -93 [da:13:5d:f3:12:8c]
RSSI: -91 [da:13:5d:f3:12:8c]
RSSI: -92 [da:5a:92:a2:04:9a]
RSSI: -88 [da:13:5e:0e:12:dc]
RSSI: -87 [da:13:5e:1b:13:0c]
RSSI: -88 [da:13:5e:36:13:5c]
RSSI: -91 [da:13:5e:44:13:7c]
RSSI: -89 [da:13:5e:44:13:7c]
RSSI: -87 [da:13:5e:6c:13:fc]
RSSI: -85 [da:13:5e:6c:13:fc]
RSSI: -85 [da:13:5e:6c:13:fc]
RSSI: -85 [da:13:5e:79:14:1c]
RSSI: -86 [da:13:5e:86:14:4c]
RSSI: -84 [da:13:5e:94:14:6c]
RSSI: -88 [da:13:5e:a1:14:9c]
RSSI: -88 [da:13:5e:ca:15:1c]
RSSI: -84 [da:13:5e:ca:15:1c]
RSSI: -82 [da:13:5e:d6:15:3c]
RSSI: -79 [da:13:5e:e4:15:6c]
RSSI: -87 [da:13:5e:e4:15:6c]
RSSI: -79 [da:13:5e:f2:15:8c]
RSSI: -76 [da:13:5e:f2:15:8c]
RSSI: -77 [da:13:5e:fe:15:bc]
RSSI: -77 [da:13:5f:0c:15:ec]
RSSI: -73 [da:13:5f:1a:16:0c]
RSSI: -73 [da:13:5f:1a:16:0c]
RSSI: -74 [da:13:5f:26:16:3c]
RSSI: -72 [da:13:5f:26:16:3c]
RSSI: -73 [da:13:5f:34:16:5c]
RSSI: -73 [da:13:5f:34:16:5c]
RSSI: -72 [da:13:5f:42:00:0c]
RSSI: -73 [da:13:5f:4f:00:2c]
RSSI: -71 [da:13:5f:4f:00:2c]
RSSI: -70 [da:13:5f:5d:00:5c]
RSSI: -72 [da:13:5f:5d:00:5c]
RSSI: -71 [da:13:5f:6a:00:7c]
RSSI: -70 [da:13:5f:6a:00:7c]
RSSI: -72 [da:13:5f:77:00:9c]
RSSI: -72 [da:13:5f:77:00:9c]
RSSI: -73 [da:13:5f:85:00:cc]
RSSI: -70 [da:13:5f:92:00:fc]
RSSI: -71 [da:13:5f:92:00:fc]
RSSI: -73 [da:13:5f:9f:01:1c]
RSSI: -76 [da:13:5f:ad:01:4c]
RSSI: -74 [da:13:5f:ad:01:4c]
RSSI: -74 [da:13:5f:bb:01:6c]
RSSI: -77 [da:13:5f:c7:01:9c]
RSSI: -84 [da:13:5f:d5:01:bc]
RSSI: -82 [da:13:5f:d5:01:bc]
RSSI: -85 [da:13:5f:e3:01:ec]
RSSI: -93 [da:13:5f:fd:02:3c]
RSSI: -89 [da:13:60:0b:02:6c]
RSSI: -88 [da:13:60:0b:02:6c]
RSSI: -80 [da:13:60:18:02:8c]
RSSI: -84 [da:13:60:33:02:dc]
RSSI: -81 [da:13:60:40:03:0c]
RSSI: -86 [da:13:60:68:03:8c]
RSSI: -89 [da:13:60:76:03:ac]
RSSI: -83 [da:13:60:76:03:ac]
RSSI: -86 [da:13:60:84:03:dc]
RSSI: -88 [da:13:60:84:03:dc]
RSSI: -85 [da:13:60:91:03:fc]
RSSI: -84 [da:13:60:9f:04:2c]
RSSI: -89 [da:13:60:ac:04:5c]
RSSI: -88 [da:13:60:c7:04:ac]
RSSI: -87 [da:13:60:e1:04:fc]
RSSI: -89 [da:13:60:e1:04:fc]
RSSI: -91 [da:13:60:fd:05:4c]
RSSI: -90 [da:13:61:0a:05:6c]
RSSI: -91 [da:13:61:26:05:cc]
RSSI: -88 [da:13:61:26:05:cc]
RSSI: -88 [da:13:61:26:05:cc]
RSSI: -92 [da:13:61:40:06:1c]
RSSI: -90 [da:13:61:83:06:ec]
RSSI: -87 [da:13:61:91:07:1c]
RSSI: -89 [da:13:61:9f:07:3c]
RSSI: -85 [da:13:61:b9:07:9c]
RSSI: -93 [da:13:61:c7:07:bc]
RSSI: -83 [da:13:61:e2:08:1c]
RSSI: -86 [da:13:61:f0:08:3c]
RSSI: -90 [da:13:61:fc:08:6c]
RSSI: -85 [da:13:62:0a:08:8c]
RSSI: -88 [da:13:62:0a:08:8c]
RSSI: -83 [da:13:62:18:08:bc]
RSSI: -89 [da:13:62:41:09:3c]
RSSI: -96 [da:58:b2:f7:02:2b]
RSSI: -90 [da:13:62:76:09:dc]
RSSI: -87 [da:13:62:84:0a:0c]
RSSI: -89 [da:13:62:92:0a:3c]
RSSI: -89 [da:13:62:9e:0a:5c]
RSSI: -92 [da:13:62:ac:0a:8c]
RSSI: -87 [da:13:62:ba:0a:bc]
RSSI: -93 [da:13:62:d5:0b:0c]
RSSI: -87 [da:13:62:e3:0b:3c]
RSSI: -88 [da:13:62:ef:0b:5c]
RSSI: -86 [da:13:62:fd:0b:8c]
RSSI: -86 [da:13:62:fd:0b:8c]
RSSI: -84 [da:13:63:0b:0b:bc]
RSSI: -84 [da:13:63:26:0c:0c]
RSSI: -88 [da:13:63:41:0c:5c]
RSSI: -90 [da:13:63:4f:0c:8c]
RSSI: -88 [da:13:63:5d:0c:bc]
RSSI: -89 [da:13:63:69:0c:dc]
RSSI: -87 [da:13:63:77:0d:0c]
RSSI: -86 [da:13:63:77:0d:0c]
RSSI: -88 [da:13:63:85:0d:3c]
RSSI: -91 [da:13:63:ba:0d:dc]
RSSI: -89 [da:13:63:c9:0e:0c]
RSSI: -89 [da:13:63:d6:0e:2c]
RSSI: -86 [da:13:63:e3:0e:5c]
RSSI: -84 [da:13:63:f1:0e:8c]
RSSI: -78 [da:13:63:ff:0e:ac]
RSSI: -78 [da:13:63:ff:0e:ac]
RSSI: -85 [da:13:64:0c:0e:dc]
RSSI: -87 [da:13:64:34:0f:5c]
RSSI: -87 [da:13:64:34:0f:5c]
RSSI: -87 [da:13:64:43:0f:7c]
RSSI: -87 [da:13:64:43:0f:7c]
RSSI: -83 [da:13:64:51:0f:ac]
RSSI: -89 [da:13:64:51:0f:ac]
RSSI: -88 [da:13:64:5d:0f:cc]
RSSI: -88 [da:13:64:5d:0f:cc]
RSSI: -88 [da:13:64:6b:0f:fc]
RSSI: -87 [da:13:64:6b:0f:fc]
RSSI: -95 [da:13:64:86:10:4c]
RSSI: -89 [da:13:64:94:10:7c]
RSSI: -86 [da:13:64:a2:10:9c]
RSSI: -86 [da:13:64:a2:10:9c]
RSSI: -87 [da:13:64:af:10:cc]
RSSI: -88 [da:13:64:af:10:cc]
RSSI: -91 [da:13:64:c2:11:0c]
RSSI: -93 [da:5a:99:80:01:aa]
RSSI: -90 [da:13:64:df:11:5c]
RSSI: -92 [da:13:64:fb:11:ac]
RSSI: -90 [da:5a:99:aa:02:1a]
RSSI: -89 [da:5a:99:b6:02:3a]
RSSI: -87 [da:5a:99:c5:02:6a]
RSSI: -88 [da:5a:99:c5:02:6a]
RSSI: -90 [da:13:65:24:12:2c]
RSSI: -87 [da:5a:99:d3:02:8a]
RSSI: -89 [da:5a:99:e0:02:ba]
RSSI: -88 [da:13:65:3f:12:7c]
RSSI: -86 [da:5a:99:ee:02:da]
RSSI: -88 [da:5a:99:fc:03:0a]
RSSI: -88 [da:5a:99:fc:03:0a]
RSSI: -89 [da:5a:9a:09:03:2a]
RSSI: -87 [da:13:65:67:12:fc]
RSSI: -86 [da:5a:9a:17:03:4a]
RSSI: -90 [da:5a:9a:26:03:6a]
RSSI: -85 [da:13:65:75:13:2c]
RSSI: -87 [da:5a:9a:26:03:6a]
RSSI: -90 [da:13:65:82:13:4c]
RSSI: -85 [da:13:65:82:13:4c]
RSSI: -88 [da:13:65:90:13:7c]
RSSI: -87 [da:13:65:9e:13:9c]
RSSI: -88 [da:5a:9a:4f:03:ea]
RSSI: -86 [da:13:65:ab:13:cc]
RSSI: -95 [da:5a:9a:6a:04:2a]
RSSI: -85 [da:13:65:d4:14:4c]
RSSI: -86 [da:13:65:d4:14:4c]
RSSI: -87 [da:13:65:e2:14:6c]
RSSI: -85 [da:13:65:f0:14:9c]
RSSI: -82 [da:13:65:f0:14:9c]
RSSI: -86 [da:13:65:fd:14:bc]
RSSI: -89 [da:13:66:19:15:1c]
RSSI: -89 [da:13:66:19:15:1c]
RSSI: -79 [da:13:66:34:15:6c]
RSSI: -76 [da:13:66:34:15:6c]
RSSI: -80 [da:13:66:42:15:8c]
RSSI: -79 [da:13:66:42:15:8c]
RSSI: -73 [da:13:66:4e:15:bc]
RSSI: -75 [da:13:66:4e:15:bc]
RSSI: -74 [da:13:66:5d:15:ec]
RSSI: -71 [da:13:66:5d:15:ec]
RSSI: -72 [da:13:66:6b:16:0c]
RSSI: -73 [da:13:66:6b:16:0c]
RSSI: -71 [da:13:66:77:16:2c]
RSSI: -71 [da:13:66:77:16:2c]
RSSI: -71 [da:13:66:86:16:5c]
RSSI: -74 [da:13:66:94:00:0c]
RSSI: -70 [da:13:66:a0:00:2c]
RSSI: -70 [da:13:66:a0:00:2c]
RSSI: -73 [da:13:66:a0:00:2c]
RSSI: -71 [da:13:66:af:00:5c]
RSSI: -71 [da:13:66:af:00:5c]
RSSI: -73 [da:13:66:bd:00:7c]
RSSI: -71 [da:13:66:bd:00:7c]
RSSI: -72 [da:13:66:c9:00:ac]
RSSI: -72 [da:13:66:c9:00:ac]
RSSI: -73 [da:13:66:d8:00:cc]
RSSI: -73 [da:13:66:d8:00:cc]
RSSI: -72 [da:13:66:e6:00:fc]
RSSI: -71 [da:13:66:e6:00:fc]
RSSI: -72 [da:13:66:f2:01:1c]
RSSI: -76 [da:13:67:00:01:4c]
RSSI: -76 [da:13:67:00:01:4c]
RSSI: -73 [da:13:67:00:01:4c]
RSSI: -74 [da:13:67:0f:01:7c]
RSSI: -76 [da:13:67:1b:01:9c]
RSSI: -76 [da:13:67:1b:01:9c]
RSSI: -82 [da:13:67:29:01:cc]
RSSI: -79 [da:13:67:29:01:cc]
RSSI: -80 [da:13:67:29:01:cc]
RSSI: -81 [da:13:67:38:01:fc]
RSSI: -94 [da:13:67:44:02:1c]
RSSI: -84 [da:13:67:61:02:7c]
RSSI: -81 [da:13:67:6d:02:9c]
RSSI: -81 [da:13:67:7b:02:cc]
RSSI: -81 [da:13:67:7b:02:cc]
RSSI: -79 [da:13:67:7b:02:cc]
RSSI: -79 [da:13:67:8a:02:fc]
RSSI: -81 [da:13:67:8a:02:fc]
RSSI: -81 [da:13:67:96:03:1c]
RSSI: -83 [da:13:67:96:03:1c]
RSSI: -83 [da:13:67:a5:03:4c]
RSSI: -85 [da:13:67:a5:03:4c]
RSSI: -86 [da:13:67:b3:03:6c]
RSSI: -90 [da:13:67:bf:03:9c]
RSSI: -91 [da:13:67:ce:03:bc]
RSSI: -86 [da:13:67:dc:03:ec]
RSSI: -86 [da:13:67:e8:04:1c]
RSSI: -85 [da:13:67:f7:04:3c]
RSSI: -88 [da:13:67:f7:04:3c]
RSSI: -86 [da:13:68:05:04:6c]
RSSI: -86 [da:13:68:05:04:6c]
RSSI: -93 [da:13:68:20:04:bc]
RSSI: -87 [da:13:68:3b:05:0c]
RSSI: -86 [da:13:68:3b:05:0c]
RSSI: -87 [da:13:68:49:05:3c]
RSSI: -88 [da:13:68:57:05:6c]
RSSI: -89 [da:13:68:64:05:8c]
RSSI: -84 [da:13:68:80:05:ec]
RSSI: -88 [da:13:68:9b:06:3c]
RSSI: -84 [da:13:68:9b:06:3c]
RSSI: -85 [da:13:68:a9:06:6c]
RSSI: -89 [da:13:68:a9:06:6c]
RSSI: -88 [da:13:68:b6:06:8c]
RSSI: -87 [da:13:68:b6:06:8c]
RSSI: -86 [da:13:68:df:07:0c]
RSSI: -85 [da:13:68:ee:07:3c]
RSSI: -87 [da:13:68:fc:07:6c]
RSSI: -90 [da:13:69:25:07:ec]
RSSI: -89 [da:13:69:32:08:0c]
RSSI: -88 [da:13:69:5b:08:8c]
RSSI: -82 [da:13:69:69:08:bc]
RSSI: -86 [da:13:69:69:08:bc]
RSSI: -85 [da:13:69:77:08:ec]
RSSI: -83 [da:13:69:84:09:0c]
RSSI: -82 [da:13:69:84:09:0c]
RSSI: -86 [da:13:69:92:09:3c]
RSSI: -88 [da:13:69:ad:09:9c]
RSSI: -93 [da:13:69:bc:09:bc]
RSSI: -83 [da:13:69:ca:09:ec]
RSSI: -83 [da:13:69:d7:0a:1c]
RSSI: -86 [da:13:6a:00:0a:9c]
RSSI: -87 [da:13:6a:00:0a:9c]
RSSI: -83 [da:13:6a:0e:0a:bc]
RSSI: -87 [da:13:6a:0e:0a:bc]
RSSI: -86 [da:13:6a:1d:0a:ec]
RSSI: -80 [da:13:6a:1d:0a:ec]
RSSI: -85 [da:13:6a:29:0b:1c]
RSSI: -84 [da:13:6a:38:0b:3c]
RSSI: -83 [da:13:6a:46:0b:6c]
RSSI: -79 [da:13:6a:46:0b:6c]
RSSI: -84 [da:13:6a:53:0b:9c]
RSSI: -84 [da:13:6a:53:0b:9c]
RSSI: -79 [da:13:6a:53:0b:9c]
RSSI: -85 [da:13:6a:61:0b:bc]
RSSI: -84 [da:13:6a:61:0b:bc]
RSSI: -83 [da:13:6a:7c:0c:1c]
RSSI: -83 [da:13:6a:7c:0c:1c]
RSSI: -85 [da:13:6a:99:0c:6c]
RSSI: -86 [da:13:6a:99:0c:6c]
RSSI: -84 [da:13:6a:a5:0c:9c]
RSSI: -85 [da:13:6a:b4:0c:cc]
RSSI: -82 [da:13:6a:c2:0c:ec]
RSSI: -83 [da:13:6a:c2:0c:ec]
RSSI: -83 [da:13:6a:cf:0d:1c]
RSSI: -88 [da:13:6a:dd:0d:4c]
RSSI: -92 [da:13:6a:eb:0d:6c]
RSSI: -84 [da:13:6b:15:0d:fc]
RSSI: -82 [da:13:6b:15:0d:fc]
RSSI: -85 [da:13:6b:21:0e:1c]
RSSI: -84 [da:13:6b:21:0e:1c]
RSSI: -82 [da:13:6b:30:0e:4c]
RSSI: -84 [da:13:6b:30:0e:4c]
RSSI: -85 [da:13:6b:3e:0e:7c]
RSSI: -85 [da:13:6b:3e:0e:7c]
RSSI: -90 [da:13:6b:68:0e:fc]
RSSI: -88 [da:13:6b:74:0f:1c]
RSSI: -87 [da:13:6b:83:0f:4c]
RSSI: -88 [da:13:6b:91:0f:7c]
RSSI: -85 [da:13:6b:9e:0f:9c]
RSSI: -88 [da:13:6b:ba:0f:fc]
RSSI: -92 [da:13:6b:c7:10:1c]
RSSI: -90 [da:13:6b:d6:10:4c]
RSSI: -88 [da:13:6b:f1:10:9c]
RSSI: -90 [da:13:6b:ff:10:cc]
RSSI: -94 [da:13:6c:37:11:7c]
RSSI: -93 [da:13:6c:37:11:7c]
RSSI: -93 [da:13:6c:52:11:cc]
RSSI: -92 [da:13:6c:97:12:8c]
RSSI: -93 [da:13:6c:a5:12:bc]
RSSI: -91 [da:13:6c:cf:13:3c]
RSSI: -92 [da:13:6c:cf:13:3c]
RSSI: -88 [da:13:6c:ea:13:8c]
RSSI: -90 [da:13:6d:13:14:0c]
RSSI: -95 [da:5a:a1:c5:02:ca]
RSSI: -84 [da:13:6d:4b:14:bc]
RSSI: -96 [da:5a:a1:f6:03:5a]
RSSI: -91 [da:13:6d:5a:14:ec]
RSSI: -89 [da:13:6d:75:15:3c]
RSSI: -87 [da:13:6d:75:15:3c]
RSSI: -82 [da:13:6d:90:15:8c]
RSSI: -79 [da:13:6d:9f:15:bc]
RSSI: -96 [da:5a:a2:59:04:6a]
RSSI: -77 [da:13:6d:ad:15:dc]
RSSI: -78 [da:13:6d:ba:16:0c]
RSSI: -75 [da:13:6d:c8:16:2c]
RSSI: -76 [da:13:6d:c8:16:2c]
RSSI: -75 [da:13:6d:c8:16:2c]
RSSI: -72 [da:13:6d:d7:16:5c]
RSSI: -73 [da:13:6d:d7:16:5c]
RSSI: -73 [da:13:6d:e3:16:7c]
RSSI: -71 [da:13:6d:e3:16:7c]
RSSI: -71 [da:13:6d:e3:16:7c]
RSSI: -72 [da:13:6d:f2:00:2c]
RSSI: -71 [da:13:6e:01:00:5c]
RSSI: -69 [da:13:6e:0d:00:8c]
RSSI: -71 [da:13:6e:0d:00:8c]
RSSI: -70 [da:13:6e:1c:00:ac]
RSSI: -68 [da:13:6e:1c:00:ac]
RSSI: -70 [da:13:6e:2a:00:dc]
RSSI: -70 [da:13:6e:2a:00:dc]
RSSI: -71 [da:13:6e:37:01:0c]
RSSI: -69 [da:13:6e:45:01:2c]
RSSI: -71 [da:13:6e:54:01:5c]
RSSI: -73 [da:13:6e:61:01:8c]
RSSI: -73 [da:13:6e:61:01:8c]
RSSI: -74 [da:13:6e:6f:01:bc]
RSSI: -75 [da:13:6e:6f:01:bc]
RSSI: -76 [da:13:6e:7e:01:dc]
RSSI: -78 [da:13:6e:7e:01:dc]
RSSI: -80 [da:13:6e:8a:02:0c]
RSSI: -81 [da:13:6e:8a:02:0c]
RSSI: -87 [da:13:6e:99:02:3c]
RSSI: -86 [da:13:6e:a7:02:5c]
RSSI: -84 [da:13:6e:b4:02:8c]
RSSI: -82 [da:13:6e:b4:02:8c]
RSSI: -79 [da:13:6e:b4:02:8c]
RSSI: -80 [da:13:6e:c3:02:ac]
RSSI: -79 [da:13:6e:c3:02:ac]
RSSI: -76 [da:13:6e:d1:02:dc]
RSSI: -79 [da:13:6e:d1:02:dc]
RSSI: -78 [da:13:6e:de:03:0c]
RSSI: -80 [da:13:6e:ec:03:2c]
RSSI: -82 [da:13:6e:fb:03:5c]
RSSI: -84 [da:13:6e:fb:03:5c]
RSSI: -87 [da:13:6f:08:03:7c]
RSSI: -88 [da:13:6f:08:03:7c]
RSSI: -88 [da:13:6f:16:03:ac]
RSSI: -86 [da:13:6f:31:03:fc]
RSSI: -85 [da:13:6f:40:04:2c]
RSSI: -85 [da:13:6f:40:04:2c]
RSSI: -85 [da:13:6f:40:04:2c]
RSSI: -83 [da:13:6f:4f:04:5c]
RSSI: -85 [da:13:6f:5b:04:7c]
RSSI: -86 [da:13:6f:5b:04:7c]
RSSI: -87 [da:13:6f:5b:04:7c]
RSSI: -87 [da:13:6f:6a:04:ac]
RSSI: -85 [da:13:6f:85:04:fc]
RSSI: -87 [da:13:6f:94:05:2c]
RSSI: -86 [da:13:6f:94:05:2c]
RSSI: -87 [da:13:6f:af:05:8c]
RSSI: -89 [da:13:6f:be:05:ac]
RSSI: -90 [da:13:6f:cc:05:dc]
RSSI: -86 [da:13:6f:d9:06:0c]
RSSI: -85 [da:13:6f:e8:06:3c]
RSSI: -86 [da:13:6f:f6:06:5c]
