5:14:09:5a]
RSSI: -84 [da:19:05:14:09:5a]
RSSI: -87 [da:17:21:27:01:fb]
RSSI: -92 [da:1e:a9:72:02:ec]
RSSI: -88 [da:19:05:4e:09:fa]
RSSI: -87 [da:17:21:52:02:7b]
RSSI: -88 [da:19:05:4e:09:fa]
RSSI: -83 [da:19:05:4e:09:fa]
RSSI: -89 [da:17:21:52:02:7b]
RSSI: -82 [da:19:05:4e:09:fa]
RSSI: -88 [da:19:05:5d:0a:2a]
RSSI: -89 [da:17:21:61:02:ab]
RSSI: -90 [da:17:21:6e:02:db]
RSSI: -87 [da:17:21:7d:03:0b]
RSSI: -90 [da:17:21:7d:03:0b]
RSSI: -80 [da:19:05:78:0a:7a]
RSSI: -80 [da:19:05:87:0a:aa]
RSSI: -87 [da:17:21:8c:03:2b]
RSSI: -79 [da:19:05:87:0a:aa]
RSSI: -94 [da:17:21:99:03:5b]
RSSI: -81 [da:19:05:94:0a:ca]
RSSI: -78 [da:19:05:94:0a:ca]
RSSI: -78 [da:19:05:a3:0a:fa]
RSSI: -78 [da:19:05:a3:0a:fa]
RSSI: -87 [da:17:21:b8:03:ab]
RSSI: -76 [da:19:05:b2:0b:1a]
RSSI: -91 [da:17:21:b8:03:ab]
RSSI: -75 [da:19:05:b2:0b:1a]
RSSI: -92 [da:1e:a9:e9:04:6c]
RSSI: -76 [da:19:05:be:0b:4a]
RSSI: -86 [da:17:21:c4:03:db]
RSSI: -93 [da:17:21:d4:04:0b]
RSSI: -76 [da:19:05:cd:0b:6a]
RSSI: -75 [da:19:05:cd:0b:6a]
RSSI: -90 [da:17:21:e3:04:3b]
RSSI: -73 [da:19:05:dc:0b:9a]
RSSI: -89 [da:17:21:e3:04:3b]
RSSI: -75 [da:19:05:dc:0b:9a]
RSSI: -74 [da:19:05:e9:0b:ba]
RSSI: -76 [da:19:05:e9:0b:ba]
RSSI: -93 [da:1e:aa:1e:05:0c]
RSSI: -75 [da:19:05:f8:0b:ea]
RSSI: -75 [da:19:05:f8:0b:ea]
RSSI: -72 [da:19:05:f8:0b:ea]
RSSI: -72 [da:19:06:14:0c:3a]
RSSI: -74 [da:19:06:14:0c:3a]
RSSI: -89 [da:17:22:1b:04:db]
RSSI: -91 [da:1e:aa:54:05:bc]
RSSI: -74 [da:19:06:23:0c:6a]
RSSI: -72 [da:19:06:23:0c:6a]
RSSI: -73 [da:19:06:31:0c:8a]
RSSI: -93 [da:17:22:39:05:3b]
RSSI: -75 [da:19:06:3e:0c:ba]
RSSI: -73 [da:19:06:4d:0c:da]
RSSI: -75 [da:19:06:4d:0c:da]
RSSI: -91 [da:17:22:55:05:8b]
RSSI: -92 [da:17:22:64:05:ab]
RSSI: -94 [da:1e:aa:88:06:5c]
RSSI: -93 [da:17:22:64:05:ab]
RSSI: -73 [da:19:06:5c:0d:0a]
RSSI: -94 [da:1e:aa:a3:06:bc]
RSSI: -74 [da:19:06:69:0d:2a]
RSSI: -90 [da:17:22:71:05:db]
RSSI: -75 [da:19:06:78:0d:5a]
RSSI: -94 [da:1e:aa:b0:06:dc]
RSSI: -90 [da:17:22:80:06:0b]
RSSI: -76 [da:19:06:87:0d:8a]
RSSI: -90 [da:1e:aa:bd:07:0c]
RSSI: -91 [da:17:22:9c:06:5b]
RSSI: -77 [da:19:06:93:0d:aa]
RSSI: -78 [da:19:06:a2:0d:da]
RSSI: -98 [da:1e:aa:d8:07:5c]
RSSI: -80 [da:19:06:b1:0d:fa]
RSSI: -90 [da:1e:aa:e5:07:8c]
RSSI: -82 [da:19:06:b1:0d:fa]
RSSI: -82 [da:19:06:be:0e:2a]
RSSI: -83 [da:19:06:cd:0e:4a]
RSSI: -85 [da:19:06:cd:0e:4a]
RSSI: -94 [da:1e:ab:0d:08:0c]
RSSI: -86 [da:19:06:dc:0e:7a]
RSSI: -93 [da:1e:ab:0d:08:0c]
RSSI: -83 [da:19:06:dc:0e:7a]
RSSI: -83 [da:19:06:e9:0e:9a]
RSSI: -83 [da:19:06:f8:0e:ca]
RSSI: -82 [da:19:07:07:0e:fa]
RSSI: -84 [da:19:07:13:0f:1a]
RSSI: -85 [da:19:07:22:0f:4a]
RSSI: -85 [da:19:07:31:0f:7a]
RSSI: -87 [da:19:07:31:0f:7a]
RSSI: -86 [da:19:07:5c:0f:ea]
RSSI: -84 [da:19:07:69:10:0a]
RSSI: -84 [da:19:07:69:10:0a]
RSSI: -97 [da:1e:ab:ad:0a:0c]
RSSI: -86 [da:19:07:78:10:3a]
RSSI: -87 [da:19:07:78:10:3a]
RSSI: -86 [da:19:07:87:10:6a]
RSSI: -95 [da:1e:ab:ba:0a:3c]
RSSI: -89 [da:19:07:93:10:8a]
RSSI: -89 [da:19:07:93:10:8a]
RSSI: -90 [da:19:07:a3:10:ba]
RSSI: -94 [da:17:23:af:09:8b]
RSSI: -88 [da:19:07:b2:10:ea]
RSSI: -86 [da:19:07:be:11:0a]
RSSI: -96 [da:17:23:cb:09:db]
RSSI: -87 [da:19:07:cd:11:2a]
RSSI: -88 [da:19:07:cd:11:2a]
RSSI: -96 [da:17:23:db:0a:0b]
RSSI: -93 [da:1e:ac:0a:0b:3c]
RSSI: -93 [da:17:23:db:0a:0b]
RSSI: -89 [da:19:07:dc:11:5a]
RSSI: -93 [da:17:23:ea:0a:3b]
RSSI: -90 [da:19:07:dc:11:5a]
RSSI: -95 [da:17:23:ea:0a:3b]
RSSI: -90 [da:17:23:f7:0a:5b]
RSSI: -88 [da:17:23:f7:0a:5b]
RSSI: -92 [da:19:07:f8:11:aa]
RSSI: -88 [da:17:24:06:0a:8b]
RSSI: -98 [da:17:24:15:0a:bb]
RSSI: -89 [da:19:08:14:11:fa]
RSSI: -89 [da:19:08:14:11:fa]
RSSI: -87 [da:17:24:41:0b:3b]
RSSI: -87 [da:17:24:41:0b:3b]
RSSI: -93 [da:1e:ac:75:0c:8c]
RSSI: -94 [da:19:08:3f:12:7a]
RSSI: -94 [da:1e:ac:75:0c:8c]
RSSI: -96 [da:1e:ac:82:0c:bc]
RSSI: -88 [da:17:24:6c:0b:cb]
RSSI: -93 [da:1e:ac:9d:0d:0c]
RSSI: -90 [da:19:08:69:12:ea]
RSSI: -87 [da:17:24:88:0c:1b]
RSSI: -89 [da:17:24:88:0c:1b]
RSSI: -89 [da:17:24:98:0c:4b]
RSSI: -88 [da:17:24:98:0c:4b]
RSSI: -89 [da:17:24:a4:0c:6b]
RSSI: -91 [da:17:24:c3:0c:cb]
RSSI: -88 [da:19:08:bf:13:da]
RSSI: -88 [da:1e:ac:fa:0e:3c]
RSSI: -90 [da:17:24:d0:0c:eb]
RSSI: -89 [da:19:08:ce:14:0a]
RSSI: -91 [da:17:24:d0:0c:eb]
RSSI: -86 [da:1e:ad:07:0e:6c]
RSSI: -87 [da:19:08:ce:14:0a]
RSSI: -85 [da:1e:ad:07:0e:6c]
RSSI: -86 [da:19:08:dd:14:2a]
RSSI: -86 [da:19:08:ea:14:5a]
RSSI: -89 [da:17:24:ef:0d:4b]
RSSI: -89 [da:1e:ad:22:0e:bc]
RSSI: -86 [da:19:08:f9:14:7a]
RSSI: -91 [da:17:24:fb:0d:6b]
RSSI: -91 [da:1e:ad:2f:0e:ec]
RSSI: -87 [da:19:08:f9:14:7a]
RSSI: -92 [da:1e:ad:2f:0e:ec]
RSSI: -92 [da:19:09:08:14:aa]
RSSI: -94 [da:1e:ad:3d:0f:0c]
RSSI: -89 [da:17:25:1a:0d:cb]
RSSI: -90 [da:19:09:15:14:ca]
RSSI: -85 [da:1e:ad:57:0f:5c]
RSSI: -87 [da:19:09:24:14:fa]
RSSI: -87 [da:1e:ad:57:0f:5c]
RSSI: -91 [da:17:25:36:0e:1b]
RSSI: -89 [da:19:09:33:15:1a]
RSSI: -82 [da:1e:ad:72:0f:bc]
RSSI: -78 [da:1e:ad:7f:0f:dc]
RSSI: -86 [da:19:09:4f:15:6a]
RSSI: -87 [da:19:09:4f:15:6a]
RSSI: -77 [da:1e:ad:8d:10:0c]
RSSI: -86 [da:19:09:5e:15:9a]
RSSI: -76 [da:1e:ad:8d:10:0c]
RSSI: -77 [da:1e:ad:9b:10:3c]
RSSI: -76 [da:1e:ad:b5:10:8c]
RSSI: -75 [da:1e:ad:b5:10:8c]
RSSI: -75 [da:1e:ad:c3:10:bc]
RSSI: -76 [da:1e:ad:c3:10:bc]
RSSI: -90 [da:19:09:96:16:3a]
RSSI: -75 [da:1e:ad:cf:10:dc]
RSSI: -75 [da:1e:ad:dd:11:0c]
RSSI: -91 [da:19:09:a5:00:2a]
RSSI: -91 [da:19:09:a5:00:2a]
RSSI: -75 [da:1e:ad:dd:11:0c]
RSSI: -90 [da:17:25:b9:0f:9b]
RSSI: -76 [da:1e:ad:f7:11:6c]
RSSI: -92 [da:19:09:d0:00:aa]
RSSI: -76 [da:1e:ae:05:11:8c]
RSSI: -94 [da:17:25:d5:0f:eb]
RSSI: -92 [da:19:09:df:00:ca]
RSSI: -78 [da:1e:ae:13:11:bc]
RSSI: -79 [da:1e:ae:20:11:ec]
RSSI: -92 [da:19:09:fb:01:1a]
RSSI: -80 [da:1e:ae:2e:12:0c]
RSSI: -93 [da:17:26:06:10:8b]
RSSI: -92 [da:19:0a:0a:01:4a]
RSSI: -93 [da:19:0a:0a:01:4a]
RSSI: -83 [da:1e:ae:3b:12:3c]
RSSI: -93 [da:19:0a:0a:01:4a]
RSSI: -86 [da:1e:ae:48:12:6c]
RSSI: -92 [da:17:26:26:10:db]
RSSI: -90 [da:1e:ae:56:12:8c]
RSSI: -90 [da:1e:ae:56:12:8c]
RSSI: -91 [da:17:26:42:11:3b]
RSSI: -91 [da:17:26:42:11:3b]
RSSI: -93 [da:19:0a:41:01:ea]
RSSI: -87 [da:1e:ae:8c:13:3c]
RSSI: -91 [da:17:26:6d:11:bb]
RSSI: -89 [da:1e:ae:98:13:6c]
RSSI: -88 [da:1e:ae:a6:13:8c]
RSSI: -94 [da:19:0a:7c:02:8a]
RSSI: -94 [da:19:0a:8b:02:ba]
RSSI: -91 [da:1e:ae:c1:13:ec]
RSSI: -87 [da:17:26:a9:12:6b]
RSSI: -87 [da:17:26:b5:12:8b]
RSSI: -90 [da:19:0a:b6:03:2a]
RSSI: -86 [da:17:26:b5:12:8b]
RSSI: -94 [da:1e:ae:e9:14:5c]
RSSI: -84 [da:17:26:c5:12:bb]
RSSI: -94 [da:1e:af:04:14:bc]
RSSI: -88 [da:19:0a:d2:03:7a]
RSSI: -82 [da:17:26:e1:13:0b]
RSSI: -93 [da:1e:af:11:14:dc]
RSSI: -80 [da:17:26:e1:13:0b]
RSSI: -89 [da:19:0a:e1:03:aa]
RSSI: -95 [da:1e:af:11:14:dc]
RSSI: -88 [da:19:0a:ed:03:ca]
RSSI: -80 [da:17:26:f0:13:3b]
RSSI: -96 [da:1e:af:1f:15:0c]
RSSI: -89 [da:19:0a:ed:03:ca]
RSSI: -90 [da:19:0a:ed:03:ca]
RSSI: -89 [da:19:0a:fd:03:fa]
RSSI: -77 [da:17:27:0c:13:8b]
RSSI: -77 [da:17:27:0c:13:8b]
RSSI: -90 [da:19:0b:0c:04:1a]
RSSI: -79 [da:17:27:1c:13:bb]
RSSI: -76 [da:17:27:1c:13:bb]
RSSI: -92 [da:19:0b:19:04:4a]
RSSI: -96 [da:1e:af:55:15:bc]
RSSI: -91 [da:1c:14:34:0c:ce]
RSSI: -90 [da:1c:14:44:0c:fe]
RSSI: -77 [da:17:27:38:14:0b]
RSSI: -95 [da:1e:af:70:16:0c]
RSSI: -90 [da:1c:14:53:0d:2e]
RSSI: -89 [da:1c:14:53:0d:2e]
RSSI: -77 [da:17:27:48:14:3b]
RSSI: -77 [da:17:27:57:14:6b]
RSSI: -87 [da:1c:14:60:0d:4e]
RSSI: -94 [da:19:0b:53:04:ea]
RSSI: -88 [da:1c:14:70:0d:7e]
RSSI: -94 [da:19:0b:62:05:1a]
RSSI: -86 [da:1c:14:80:0d:ae]
RSSI: -75 [da:17:27:73:14:bb]
RSSI: -92 [da:1c:14:80:0d:ae]
RSSI: -77 [da:17:27:73:14:bb]
RSSI: -94 [da:19:0b:6f:05:3a]
RSSI: -77 [da:17:27:83:14:eb]
RSSI: -86 [da:1c:14:8c:0d:ce]
RSSI: -77 [da:17:27:83:14:eb]
RSSI: -74 [da:17:27:83:14:eb]
RSSI: -88 [da:19:0b:7e:05:6a]
RSSI: -88 [da:1c:14:9c:0d:fe]
RSSI: -77 [da:17:27:90:15:0b]
RSSI: -86 [da:1c:14:9c:0d:fe]
RSSI: -77 [da:17:27:90:15:0b]
RSSI: -92 [da:1c:14:ac:0e:2e]
RSSI: -78 [da:17:27:9f:15:3b]
RSSI: -77 [da:17:27:9f:15:3b]
RSSI: -76 [da:17:27:af:15:6b]
RSSI: -91 [da:1c:14:b9:0e:4e]
RSSI: -76 [da:17:27:af:15:6b]
RSSI: -94 [da:19:0b:a9:05:ea]
RSSI: -86 [da:1c:14:c9:0e:7e]
RSSI: -77 [da:17:27:bb:15:9b]
RSSI: -91 [da:19:0b:b8:06:0a]
RSSI: -90 [da:19:0b:b8:06:0a]
RSSI: -77 [da:17:27:bb:15:9b]
RSSI: -90 [da:19:0b:b8:06:0a]
RSSI: -88 [da:1c:14:d9:0e:ae]
RSSI: -86 [da:1c:14:d9:0e:ae]
RSSI: -77 [da:1RSSI: -79 [da:18:03:93:15:2b]
RSSI: -80 [da:18:03:a3:15:5b]
RSSI: -85 [da:18:03:a3:15:5b]
RSSI: -80 [da:18:03:a3:15:5b]
RSSI: -86 [da:19:e7:a9:0a:aa]
RSSI: -84 [da:18:03:b0:15:7b]
RSSI: -81 [da:18:03:b0:15:7b]
RSSI: -85 [da:19:e7:b9:0a:da]
RSSI: -85 [da:19:e7:b9:0a:da]
RSSI: -89 [da:18:03:c0:15:ab]
RSSI: -84 [da:19:e7:c5:0a:fa]
RSSI: -83 [da:19:e7:c5:0a:fa]
RSSI: -83 [da:19:e7:c5:0a:fa]
RSSI: -82 [da:19:e7:d5:0b:2a]
RSSI: -81 [da:19:e7:d5:0b:2a]
RSSI: -78 [da:19:e7:e5:0b:5a]
RSSI: -84 [da:18:03:ed:16:2b]
RSSI: -84 [da:18:03:ed:16:2b]
RSSI: -77 [da:19:e7:f2:0b:7a]
RSSI: -93 [da:1f:8c:1d:06:2c]
RSSI: -79 [da:19:e8:01:0b:aa]
RSSI: -85 [da:18:04:09:00:0b]
RSSI: -79 [da:19:e8:01:0b:aa]
RSSI: -92 [da:18:04:09:00:0b]
RSSI: -81 [da:19:e8:11:0b:da]
RSSI: -78 [da:19:e8:11:0b:da]
RSSI: -87 [da:18:04:2a:00:5b]
RSSI: -80 [da:19:e8:1e:0b:fa]
RSSI: -87 [da:18:04:2a:00:5b]
RSSI: -96 [da:1f:8c:55:06:dc]
RSSI: -76 [da:19:e8:2e:0c:2a]
RSSI: -87 [da:18:04:36:00:8b]
RSSI: -80 [da:19:e8:4a:0c:7a]
RSSI: -86 [da:1f:8c:7e:07:6c]
RSSI: -80 [da:19:e8:5a:0c:aa]
RSSI: -88 [da:18:04:63:01:0b]
RSSI: -77 [da:19:e8:5a:0c:aa]
RSSI: -78 [da:19:e8:6a:0c:da]
RSSI: -78 [da:19:e8:6a:0c:da]
RSSI: -78 [da:19:e8:77:0c:fa]
RSSI: -89 [da:1f:8c:a8:07:ec]
RSSI: -79 [da:19:e8:77:0c:fa]
RSSI: -78 [da:19:e8:87:0d:2a]
RSSI: -89 [da:18:04:90:01:9b]
RSSI: -88 [da:1f:8c:b5:08:0c]
RSSI: -80 [da:19:e8:97:0d:5a]
RSSI: -79 [da:19:e8:97:0d:5a]
RSSI: -82 [da:19:e8:a3:0d:7a]
RSSI: -81 [da:19:e8:a3:0d:7a]
RSSI: -92 [da:1f:8c:ed:08:cc]
RSSI: -82 [da:19:e8:c3:0d:da]
RSSI: -93 [da:1f:8c:ed:08:cc]
RSSI: -84 [da:19:e8:d0:0d:fa]
RSSI: -86 [da:19:e8:d0:0d:fa]
RSSI: -88 [da:19:e8:e0:0e:2a]
RSSI: -87 [da:19:e8:fc:0e:7a]
RSSI: -92 [da:1f:8d:32:09:ac]
RSSI: -90 [da:1f:8d:41:09:dc]
RSSI: -84 [da:19:e9:29:0e:fa]
RSSI: -86 [da:19:e9:39:0f:2a]
RSSI: -90 [da:19:e9:49:0f:5a]
RSSI: -93 [da:1f:8d:86:0a:bc]
RSSI: -93 [da:19:e9:82:0f:fa]
RSSI: -92 [da:18:05:8f:04:8b]
RSSI: -91 [da:1f:8d:af:0b:3c]
RSSI: -90 [da:18:05:c2:05:1b]
RSSI: -89 [da:18:05:c2:05:1b]
RSSI: -92 [da:18:05:dc:05:6b]
RSSI: -90 [da:1f:8e:20:0c:ac]
RSSI: -90 [da:1f:8e:2d:0c:cc]
RSSI: -93 [da:1f:8e:3c:0c:fc]
RSSI: -91 [da:1f:8e:57:0d:4c]
RSSI: -92 [da:1f:8e:65:0d:7c]
RSSI: -86 [da:1f:8e:8f:0e:0c]
RSSI: -84 [da:1f:8e:9e:0e:3c]
RSSI: -90 [da:1f:8e:ab:0e:5c]
RSSI: -85 [da:1f:8e:b9:0e:8c]
RSSI: -87 [da:1f:8e:c8:0e:bc]
RSSI: -86 [da:1f:8e:d5:0e:ec]
RSSI: -86 [da:1f:8e:f2:0f:3c]
RSSI: -91 [da:19:ea:ca:13:aa]
RSSI: -91 [da:19:ea:da:13:da]
RSSI: -82 [da:1f:8e:ff:0f:6c]
RSSI: -86 [da:1f:8f:0d:0f:9c]
RSSI: -79 [da:1f:8f:1c:0f:cc]
RSSI: -78 [da:1f:8f:1c:0f:cc]
RSSI: -80 [da:1f:8f:1c:0f:cc]
RSSI: -77 [da:1f:8f:28:0f:ec]
RSSI: -76 [da:1f:8f:28:0f:ec]
RSSI: -75 [da:1f:8f:37:10:1c]
RSSI: -87 [da:1c:f4:25:0d:3e]
RSSI: -92 [da:18:07:33:09:6b]
RSSI: -74 [da:1f:8f:52:10:7c]
RSSI: -73 [da:1f:8f:61:10:ac]
RSSI: -88 [da:1c:f4:4c:0d:ae]
RSSI: -74 [da:1f:8f:61:10:ac]
RSSI: -84 [da:1c:f4:4c:0d:ae]
RSSI: -74 [da:1f:8f:61:10:ac]
RSSI: -74 [da:1f:8f:70:10:cc]
RSSI: -84 [da:1c:f4:66:0d:fe]
RSSI: -73 [da:1f:8f:7c:10:fc]
RSSI: -73 [da:1f:8f:7c:10:fc]
RSSI: -87 [da:1c:f4:73:0e:1e]
RSSI: -74 [da:1f:8f:8b:11:2c]
RSSI: -84 [da:1c:f4:73:0e:1e]
RSSI: -73 [da:1f:8f:9a:11:5c]
RSSI: -87 [da:1c:f4:80:0e:3e]
RSSI: -73 [da:1f:8f:9a:11:5c]
RSSI: -74 [da:1f:8f:a6:11:7c]
RSSI: -87 [da:1c:f4:9a:0e:8e]
RSSI: -74 [da:1f:8f:a6:11:7c]
RSSI: -76 [da:1f:8f:b5:11:ac]
RSSI: -84 [da:1c:f4:9a:0e:8e]
RSSI: -75 [da:1f:8f:b5:11:ac]
RSSI: -75 [da:1f:8f:c4:11:dc]
RSSI: -77 [da:1f:8f:c4:11:dc]
RSSI: -78 [da:1f:8f:d1:12:0c]
RSSI: -85 [da:1c:f4:c1:0f:0e]
RSSI: -79 [da:1f:8f:df:12:3c]
RSSI: -80 [da:1f:8f:df:12:3c]
RSSI: -82 [da:1f:8f:ee:12:6c]
RSSI: -88 [da:1c:f4:db:0f:4e]
RSSI: -86 [da:1f:8f:fb:12:8c]
RSSI: -89 [da:1c:f4:e9:0f:7e]
RSSI: -87 [da:1f:90:18:12:ec]
RSSI: -86 [da:1f:90:25:13:1c]
RSSI: -95 [da:18:08:0c:0b:eb]
RSSI: -84 [da:1f:90:34:13:4c]
RSSI: -88 [da:1f:90:42:13:7c]
RSSI: -85 [da:1f:90:4f:13:9c]
RSSI: -88 [da:1f:90:5e:13:cc]
RSSI: -89 [da:1f:90:5e:13:cc]
RSSI: -96 [da:1f:90:79:14:1c]
RSSI: -91 [da:18:08:72:0d:1b]
RSSI: -90 [da:18:08:7f:0d:4b]
RSSI: -93 [da:18:08:8c:0d:6b]
RSSI: -92 [da:18:08:a5:0d:bb]
RSSI: -94 [da:18:08:b2:0d:db]
RSSI: -94 [da:18:08:cc:0e:2b]
RSSI: -94 [da:18:08:d8:0e:4b]
RSSI: -93 [da:18:08:ff:0e:bb]
RSSI: -93 [da:18:09:19:0f:0b]
RSSI: -93 [da:19:ed:3d:04:4a]
RSSI: -91 [da:19:ed:6a:04:ca]
RSSI: -91 [da:18:09:d9:11:4b]
RSSI: -89 [da:1f:92:19:02:cc]
RSSI: -89 [da:18:0a:00:11:bb]
RSSI: -88 [da:18:0a:0c:11:db]
RSSI: -93 [da:1f:92:34:03:2c]
RSSI: -89 [da:18:0a:19:12:0b]
RSSI: -90 [da:18:0a:19:12:0b]
RSSI: -87 [da:18:0a:26:12:2b]
RSSI: -91 [da:18:0a:33:12:4b]
RSSI: -87 [da:18:0a:33:12:4b]
RSSI: -84 [da:18:0a:40:12:7b]
RSSI: -92 [da:19:ee:3a:07:1a]
RSSI: -85 [da:18:0a:4d:12:9b]
RSSI: -83 [da:18:0a:4d:12:9b]
RSSI: -82 [da:18:0a:67:12:eb]
RSSI: -81 [da:18:0a:74:13:0b]
RSSI: -81 [da:18:0a:74:13:0b]
RSSI: -88 [da:18:0a:80:13:3b]
RSSI: -79 [da:18:0a:80:13:3b]
RSSI: -79 [da:18:0a:8d:13:5b]
RSSI: -84 [da:18:0a:8d:13:5b]
RSSI: -77 [da:18:0a:9a:13:8b]
RSSI: -77 [da:18:0a:9a:13:8b]
RSSI: -77 [da:18:0a:9a:13:8b]
RSSI: -81 [da:18:0a:a7:13:ab]
RSSI: -76 [da:18:0a:a7:13:ab]
RSSI: -76 [da:18:0a:b4:13:cb]
RSSI: -80 [da:18:0a:b4:13:cb]
RSSI: -79 [da:18:0a:cd:14:1b]
RSSI: -92 [da:1f:92:ec:05:6c]
RSSI: -74 [da:18:0a:cd:14:1b]
RSSI: -87 [da:19:ee:ca:08:ba]
RSSI: -74 [da:18:0a:e7:14:6b]
RSSI: -78 [da:18:0a:f4:14:8b]
RSSI: -73 [da:18:0a:f4:14:8b]
RSSI: -84 [da:19:ee:f7:09:3a]
RSSI: -74 [da:18:0b:01:14:ab]
RSSI: -85 [da:19:ee:f7:09:3a]
RSSI: -78 [da:18:0b:01:14:ab]
RSSI: -86 [da:19:ef:03:09:6a]
RSSI: -75 [da:18:0b:0e:14:db]
RSSI: -83 [da:19:ef:10:09:8a]
RSSI: -76 [da:18:0b:28:15:1b]
RSSI: -78 [da:18:0b:28:15:1b]
RSSI: -92 [da:1f:93:4e:06:ac]
RSSI: -83 [da:19:ef:29:09:ca]
RSSI: -76 [da:18:0b:35:15:4b]
RSSI: -81 [da:19:ef:36:09:fa]
RSSI: -75 [da:18:0b:41:15:6b]
RSSI: -80 [da:19:ef:43:0a:1a]
RSSI: -77 [da:18:0b:4e:15:9b]
RSSI: -80 [da:18:0b:4e:15:9b]
RSSI: -83 [da:19:ef:4f:0a:3a]
RSSI: -78 [da:18:0b:5b:15:bb]
RSSI: -81 [da:19:ef:5c:0a:5a]
RSSI: -81 [da:19:ef:5c:0a:5a]
RSSI: -78 [da:18:0b:68:15:db]
RSSI: -79 [da:19:ef:69:0a:7a]
RSSI: -81 [da:18:0b:75:16:0b]
RSSI: -82 [da:18:0b:75:16:0b]
RSSI: -79 [da:19:ef:75:0a:9a]
RSSI: -81 [da:18:0b:82:16:2b]
RSSI: -77 [da:19:ef:82:0a:ba]
RSSI: -77 [da:19:ef:82:0a:ba]
RSSI: -83 [da:18:0b:8f:16:4b]
RSSI: -93 [da:1f:93:b2:07:ec]
RSSI: -76 [da:19:ef:8f:0a:da]
RSSI: -89 [da:18:0b:9c:16:7b]
RSSI: -76 [da:19:ef:9c:0a:fa]
RSSI: -90 [da:18:0b:a9:00:2b]
RSSI: -75 [da:19:ef:a8:0b:2a]
RSSI: -74 [da:19:ef:a8:0b:2a]
RSSI: -88 [da:18:0b:b5:00:4b]
RSSI: -74 [da:19:ef:b5:0b:4a]
RSSI: -74 [da:19:ef:c2:0b:6a]
RSSI: -74 [da:19:ef:c2:0b:6a]
RSSI: -73 [da:19:ef:ce:0b:9a]
RSSI: -73 [da:19:ef:db:0b:ba]
RSSI: -87 [da:18:0b:e9:00:eb]
RSSI: -93 [da:1f:94:07:08:fc]
RSSI: -73 [da:19:ef:e8:0b:da]
RSSI: -74 [da:19:ef:e8:0b:da]
RSSI: -74 [da:19:ef:e8:0b:da]
RSSI: -72 [da:19:ef:f4:0b:fa]
RSSI: -83 [da:18:0b:f6:01:0b]
RSSI: -74 [da:19:ef:f4:0b:fa]
RSSI: -89 [da:18:0c:03:01:3b]
RSSI: -73 [da:19:f0:01:0c:2a]
RSSI: -82 [da:18:0c:10:01:5b]
RSSI: -74 [da:19:f0:0e:0c:4a]
RSSI: -76 [da:19:f0:0e:0c:4a]
RSSI: -82 [da:18:0c:1d:01:7b]
RSSI: -73 [da:19:f0:1b:0c:6a]
RSSI: -82 [da:18:0c:1d:01:7b]
RSSI: -88 [da:18:0c:2a:01:ab]
RSSI: -74 [da:19:f0:27:0c:9a]
RSSI: -82 [da:18:0c:37:01:cb]
RSSI: -76 [da:19:f0:34:0c:ba]
RSSI: -76 [da:19:f0:34:0c:ba]
RSSI: -81 [da:18:0c:44:01:eb]
RSSI: -74 [da:19:f0:41:0c:da]
RSSI: -83 [da:18:0c:44:01:eb]
RSSI: -77 [da:19:f0:41:0c:da]
RSSI: -84 [da:18:0c:50:02:1b]
RSSI: -85 [da:18:0c:50:02:1b]
RSSI: -75 [da:19:f0:4e:0d:0a]
RSSI: -84 [da:18:0c:5d:02:3b]
RSSI: -78 [da:19:f0:5a:0d:2a]
RSSI: -76 [da:19:f0:67:0d:4a]
RSSI: -87 [da:18:0c:6a:02:6b]
RSSI: -80 [da:19:f0:67:0d:4a]
RSSI: -86 [da:18:0c:77:02:8b]
RSSI: -76 [da:19:f0:74:0d:7a]
RSSI: -77 [da:19:f0:74:0d:7a]
RSSI: -82 [da:19:f0:81:0d:9a]
RSSI: -88 [da:18:0c:84:02:ab]
RSSI: -81 [da:19:f0:81:0d:9a]
RSSI: -79 [da:19:f0:8d:0d:ba]
RSSI: -81 [da:19:f0:9a:0d:da]
RSSI: -87 [da:18:0c:9e:02:fb]
RSSI: -83 [da:19:f0:9a:0d:da]
RSSI: -89 [da:19:f0:a7:0e:0a]
RSSI: -87 [da:18:0c:ab:03:1b]
RSSI: -84 [da:19:f0:a7:0e:0a]
RSSI: -86 [da:19:f0:b3:0e:2a]
RSSI: -90 [da:18:0c:c5:03:6b]
RSSI: -93 [da:18:0c:c5:03:6b]
RSSI: -95 [da:19:f0:cd:0e:7a]
RSSI: -87 [da:18:0c:df:03:bb]
RSSI: -88 [da:19:f0:da:0e:9a]
RSSI: -84 [da:18:0c:df:03:bb]
RSSI: -86 [da:18:0c:eb:03:db]
RSSI: -90 [da:19:f0:e7:0e:ba]
RSSI: -84 [da:18:0c:eb:03:db]
RSSI: -85 [da:19:f0:f3:0e:ea]
RSSI: -87 [da:18:0c:f9:04:0b]
RSSI: -88 [da:19:f0:f3:0e:ea]
RSSI: -86 [da:19:f1:00:0f:0a]
RSSI: -88 [da:18:0d:06:04:2b]
RSSI: -86 [da:19:f1:00:0f:0a]
RSSI: -87 [da:18:0d:06:04:2b]
RSSI: -85 [da:18:0d:12:04:5b]
RSSI: -87 [da:19:f1:0d:0f:2a]
RSSI: -84 [da:18:0d:2d:04:ab]
RSSI: -83 [da:18:0d:2d:04:ab]
RSSI: -84 [da:18:0d:39:04:cb]
RSSI: -84 [da:18:0d:46:04:eb]
RSSI: -83 [da:18:0d:46:04:eb]
RSSI: -87 [da:18:0d:53:05:1b]
RSSI: -90 [da:19:f1:59:10:0a]
RSSI: -90 [da:19:f1:66:10:3a]
RSSI: -87 [da:18:0d:6d:05:6b]
RSSI: -88 [da:1f:95:94:0d:fc]
RSSI: -92 [da:19:f1:73:10:5a]
RSSI: -95 [da:18:0d:7a:05:8b]
RSSI: -88 [da:1f:95:a1:0e:1c]
RSSI: -94 [da:18:0d:87:05:ab]
RSSI: -90 [da:1f:95:b0:0e:4c]
RSSI: -88 [da:18:0d:94:05:db]
RSSI: -85 [da:18:0d:94:05:db]
RSSI: -92 [da:19:f1:8d:10:9a]
RSSI: -85 [da:18:0d:94:05:db]
RSSI: -92 [da:18:0d:a1:05:fb]
RSSI: -81 [da:18:0d:a1:05:fb]
RSSI: -85 [da:1f:95:cc:0e:ac]
RSSI: -89 [da:19:f1:a6:10:ea]
RSSI: -85 [da:1f:95:cc:0e:ac]
RSSI: -85 [da:18:0d:ae:06:2b]
RSSI: -83 [da:18:0d:bb:06:4b]
RSSI: -86 [da:1f:95:db:0e:dc]
RSSI: -82 [da:18:0d:c8:06:7b]
RSSI: -79 [da:18:0d:c8:06:7b]
RSSI: -82 [da:18:0d:d5:06:9b]
RSSI: -81 [da:18:0d:e2:06:bb]
RSSI: -92 [da:1f:96:05:0f:5c]
RSSI: -80 [da:18:0d:ef:06:eb]
RSSI: -82 [da:18:0d:ef:06:eb]
RSSI: -83 [da:18:0d:ef:06:eb]
RSSI: -86 [da:1f:96:21:0f:bc]
RSSI: -80 [da:18:0d:fc:07:0b]
RSSI: -77 [da:18:0e:09:07:3b]
RSSI: -84 [da:1f:96:30:0f:ec]
RSSI: -90 [da:19:f2:0c:12:0a]
RSSI: -87 [da:1f:96:3f:10:1c]
RSSI: -91 [da:19:f2:19:12:2a]
RSSI: -78 [da:18:0e:23:07:8b]
RSSI: -77 [da:18:0e:23:07:8b]
RSSI: -85 [da:1f:96:4c:10:3c]
RSSI: -92 [da:19:f2:26:12:5a]
RSSI: -80 [da:18:0e:30:07:ab]
RSSI: -79 [da:1f:96:5b:10:7c]
RSSI: -83 [da:1f:96:5b:10:7c]
RSSI: -81 [da:18:0e:3d:07:db]
RSSI: -83 [da:1f:96:6a:10:ac]
RSSI: -77 [da:1f:96:6a:10:ac]
RSSI: -82 [da:18:0e:4a:07:fb]
RSSI: -88 [da:18:0e:57:08:1b]
RSSI: -81 [da:1f:96:76:10:cc]
RSSI: -75 [da:1f:96:94:11:2c]
RSSI: -81 [da:18:0e:71:08:6b]
RSSI: -91 [da:19:f2:66:13:0a]
RSSI: -75 [da:1f:96:94:11:2c]
RSSI: -84 [da:18:0e:71:08:6b]
RSSI: -80 [da:1f:96:a1:11:5c]
RSSI: -84 [da:18:0e:7e:08:9b]
RSSI: -76 [da:1f:96:a1:11:5c]
RSSI: -89 [da:19:f2:80:13:4a]
RSSI: -79 [da:1f:96:b0:11:8c]
RSSI: -78 [da:1f:96:bf:11:bc]
RSSI: -89 [da:18:0e:98:08:db]
RSSI: -76 [da:1f:96:bf:11:bc]
RSSI: -89 [da:18:0e:a5:09:0b]
RSSI: -90 [da:19:f2:a6:13:ba]
RSSI: -78 [da:1f:96:cc:11:dc]
RSSI: -82 [da:1f:96:db:12:0c]
RSSI: -85 [da:1f:96:ea:12:3c]
RSSI: -91 [da:18:0e:bf:09:5b]
RSSI: -86 [da:18:0e:cc:09:7b]
RSSI: -93 [da:18:0e:d9:09:9b]
RSSI: -87 [da:18:0e:d9:09:9b]
RSSI: -94 [da:19:f2:d9:14:5a]
RSSI: -91 [da:19:f2:d9:14:5a]
RSSI: -92 [da:1f:97:15:12:bc]
RSSI: -90 [da:19:f2:f3:14:9a]
RSSI: -89 [da:19:f2:f3:14:9a]
RSSI: -89 [da:19:f2:f3:14:9a]
RSSI: -94 [da:1c:fc:0e:0d:ce]
RSSI: -92 [da:1f:97:21:12:ec]
RSSI: -90 [da:19:f3:0d:14:ea]
RSSI: -89 [da:19:f3:19:15:0a]
RSSI: -93 [da:1c:fc:36:0e:3e]
RSSI: -90 [da:1f:97:4c:13:6c]
RSSI: -91 [da:18:0f:27:0a:8b]
RSSI: -92 [da:19:f3:26:15:2a]
RSSI: -93 [da:1c:fc:36:0e:3e]
RSSI: -90 [da:19:f3:26:15:2a]
RSSI: -88 [da:19:f3:33:15:4a]
RSSI: -92 [da:1f:97:5b:13:9c]
RSSI: -91 [da:19:f3:33:15:4a]
RSSI: -90 [da:1f:97:5b:13:9c]
RSSI: -90 [da:19:f3:40:15:7a]
RSSI: -89 [da:19:f3:40:15:7a]
RSSI: -93 [da:19:f3:66:15:da]
RSSI: -85 [da:18:0f:9d:0b:eb]
RSSI: -86 [da:18:0f:a9:0c:0b]
RSSI: -87 [da:18:0f:b6:0c:3b]
RSSI: -86 [da:18:0f:b6:0c:3b]
RSSI: -89 [da:18:0f:c4:0c:5b]
RSSI: -96 [da:1f:98:16:15:ec]
RSSI: -91 [da:18:0f:f7:0c:fb]
RSSI: -94 [da:1f:98:22:16:1c]
RSSI: -96 [da:18:10:05:0d:1b]
RSSI: -89 [da:18:10:05:0d:1b]
RSSI: -94 [da:18:10:12:0d:4b]
RSSI: -93 [da:19:f4:0e:01:9a]
RSSI: -92 [da:1f:98:40:16:7c]
RSSI: -93 [da:18:10:1f:0d:6b]
RSSI: -89 [da:18:10:2c:0d:8b]
RSSI: -93 [da:19:f4:34:02:0a]
RSSI: -83 [da:18:10:46:0d:db]
RSSI: -94 [da:1f:98:6b:00:6c]
RSSI: -90 [da:18:10:46:0d:db]
RSSI: -93 [da:1f:98:6b:00:6c]
RSSI: -86 [da:18:10:53:0e:0b]
RSSI: -94 [da:19:f4:4e:02:4a]
RSSI: -82 [da:18:10:53:0e:0b]
RSSI: -90 [da:18:10:60:0e:2b]
RSSI: -93 [da:19:f4:5b:02:7a]
RSSI: -88 [da:18:10:60:0e:2b]
RSSI: -95 [da:1f:98:87:00:bc]
RSSI: -85 [da:18:10:6d:0e:5b]
RSSI: -96 [da:1f:98:87:00:bc]
RSSI: -89 [da:18:10:88:0e:ab]
RSSI: -91 [da:19:f4:8e:03:0a]
RSSI: -87 [da:18:10:94:0e:cb]
RSSI: -88 [da:18:10:a2:0e:eb]
RSSI: -91 [da:18:10:a2:0e:eb]
RSSI: -94 [da:1f:98:ce:01:9c]
RSSI: -90 [da:19:f4:b5:03:7a]
RSSI: -93 [da:19:f4:c2:03:9a]
RSSI: -90 [da:18:10:d6:0f:8b]
RSSI: -89 [da:19:f4:dc:03:ea]
RSSI: -88 [da:18:10:e3:0f:bb]
RSSI: -86 [da:18:10:fd:10:0b]
RSSI: -85 [da:18:10:fd:10:0b]
RSSI: -85 [da:18:11:0a:10:2b]
RSSI: -84 [da:18:11:0a:10:2b]
RSSI: -83 [da:18:11:17:10:5b]
RSSI: -83 [da:18:11:25:10:7b]
RSSI: -84 [da:18:11:25:10:7b]
RSSI: -81 [da:18:11:31:10:9b]
RSSI: -82 [da:18:11:31:10:9b]
RSSI: -82 [da:18:11:3f:10:cb]
RSSI: -83 [da:18:11:4c:10:eb]
RSSI: -85 [da:18:11:4c:10:eb]
RSSI: -87 [da:19:f5:50:05:2a]
RSSI: -83 [da:18:11:58:11:1b]
RSSI: -83 [da:18:11:58:11:1b]
RSSI: -83 [da:18:11:66:11:3b]
RSSI: -82 [da:18:11:66:11:3b]
RSSI: -84 [da:18:11:73:11:6b]
RSSI: -88 [da:19:f5:77:05:9a]
RSSI: -83 [da:18:11:80:11:8b]
RSSI: -83 [da:18:11:80:11:8b]
RSSI: -83 [da:18:11:8d:11:ab]
RSSI: -83 [da:18:11:8d:11:ab]
RSSI: -88 [da:19:f5:90:05:ea]
RSSI: -83 [da:18:11:9a:11:db]
RSSI: -83 [da:18:11:9a:11:db]
RSSI: -87 [da:19:f5:9d:06:0a]
RSSI: -82 [da:18:11:a7:11:fb]
RSSI: -89 [da:19:f5:aa:06:3a]
RSSI: -81 [da:18:11:b4:12:2b]
RSSI: -81 [da:18:11:b4:12:2b]
RSSI: -87 [da:19:f5:b7:06:5a]
RSSI: -81 [da:18:11:c2:12:4b]
RSSI: -81 [da:18:11:c2:12:4b]
RSSI: -86 [da:19:f5:c4:06:7a]
RSSI: -81 [da:18:11:ce:12:7b]
RSSI: -81 [da:18:11:ce:12:7b]
RSSI: -81 [da:18:11:f1:12:db]
RSSI: -84 [da:18:11:fe:12:fb]
RSSI: -84 [da:18:11:fe:12:fb]
RSSI: -91 [da:19:f6:05:07:3a]
RSSI: -80 [da:18:12:0b:13:2b]
RSSI: -81 [da:18:12:0b:13:2b]
RSSI: -80 [da:18:12:19:13:4b]
RSSI: -78 [da:18:12:19:13:4b]
RSSI: -79 [da:18:12:25:13:7b]
RSSI: -78 [da:18:12:25:13:7b]
RSSI: -76 [da:18:12:33:13:9b]
RSSI: -76 [da:18:12:33:13:9b]
RSSI: -76 [da:18:12:40:13:cb]
RSSI: -75 [da:18:12:40:13:cb]
RSSI: -75 [da:18:12:4d:13:eb]
RSSI: -75 [da:18:12:4d:13:eb]
RSSI: -74 [da:18:12:5a:14:0b]
RSSI: -74 [da:18:12:5a:14:0b]
RSSI: -73 [da:18:12:67:14:3b]
RSSI: -73 [da:18:12:67:14:3b]
RSSI: -73 [da:18:12:74:14:5b]
RSSI: -72 [da:18:12:74:14:5b]
RSSI: -72 [da:18:12:82:14:7b]
RSSI: -72 [da:18:12:82:14:7b]
RSSI: -72 [da:18:12:8f:14:ab]
RSSI: -72 [da:18:12:9c:14:cb]
RSSI: -72 [da:18:12:a9:14:eb]
RSSI: -92 [da:19:f6:ad:09:1a]
RSSI: -73 [da:18:12:b6:15:1b]
RSSI: -88 [da:19:f6:ba:09:3a]
RSSI: -73 [da:18:12:c3:15:3b]
RSSI: -88 [da:19:f6:c7:09:5a]
RSSI: -73 [da:18:12:d0:15:6b]
RSSI: -86 [da:19:f6:d4:09:8a]
RSSI: -74 [da:18:12:de:15:8b]
RSSI: -73 [da:18:12:de:15:8b]
RSSI: -87 [da:19:f6:e1:09:aa]
RSSI: -74 [da:18:12:ea:15:bb]
RSSI: -86 [da:19:f6:e1:09:aa]
RSSI: -75 [da:18:12:ea:15:bb]
RSSI: -75 [da:18:12:f8:15:db]
RSSI: -87 [da:19:f6:ee:09:ca]
RSSI: -75 [da:18:12:f8:15:db]
RSSI: -75 [da:18:12:f8:15:db]
RSSI: -77 [da:18:13:05:16:0b]
RSSI: -77 [da:18:13:05:16:0b]
RSSI: -87 [da:19:f7:07:0a:1a]
RSSI: -76 [da:18:13:12:16:2b]
RSSI: -87 [da:19:f7:07:0a:1a]
RSSI: -78 [da:18:13:12:16:2b]
RSSI: -88 [da:19:f7:15:0a:3a]
RSSI: -93 [da:1f:9b:38:09:4c]
RSSI: -79 [da:18:13:1f:16:5b]
RSSI: -85 [da:19:f7:15:0a:3a]
RSSI: -80 [da:18:13:1f:16:5b]
RSSI: -86 [da:19:f7:22:0a:6a]
RSSI: -81 [da:18:13:2d:16:7b]
RSSI: -81 [da:18:13:2d:16:7b]
RSSI: -84 [da:19:f7:2e:0a:8a]
RSSI: -85 [da:18:13:54:00:7b]
RSSI: -79 [da:19:f7:55:0a:fa]
RSSI: -84 [da:18:13:61:00:9b]
RSSI: -78 [da:19:f7:63:0b:1a]
RSSI: -78 [da:19:f7:70:0b:4a]
RSSI: -85 [da:18:13:7c:00:eb]
RSSI: -82 [da:18:13:7c:00:eb]
RSSI: -77 [da:19:f7:7c:0b:6a]
RSSI: -76 [da:19:f7:8a:0b:8a]
RSSI: -84 [da:18:13:96:01:3b]
RSSI: -75 [da:19:f7:97:0b:ba]
RSSI: -75 [da:19:f7:97:0b:ba]
RSSI: -82 [da:18:13:a3:01:5b]
RSSI: -75 [da:19:f7:a3:0b:da]
RSSI: -86 [da:18:13:b0:01:8b]
RSSI: -82 [da:18:13:b0:01:8b]
RSSI: -73 [da:19:f7:b1:0b:fa]
RSSI: -89 [da:18:13:be:01:ab]
RSSI: -73 [da:19:f7:be:0c:2a]
RSSI: -72 [da:19:f7:be:0c:2a]
RSSI: -85 [da:18:13:cb:01:db]
RSSI: -74 [da:19:f7:ca:0c:4a]
RSSI: -74 [da:19:f7:ca:0c:4a]
RSSI: -86 [da:18:13:d8:01:fb]
RSSI: -72 [da:19:f7:d8:0c:6a]
RSSI: -72 [da:19:f7:e5:0c:9a]
RSSI: -89 [da:18:13:f3:02:4b]
RSSI: -75 [da:19:f7:f1:0c:ba]
RSSI: -73 [da:19:f7:f1:0c:ba]
RSSI: -75 [da:19:f7:ff:0c:da]
RSSI: -74 [da:19:f8:0c:0d:0a]
RSSI: -74 [da:19:f8:0c:0d:0a]
RSSI: -90 [da:1f:9c:3b:0c:9c]
RSSI: -75 [da:19:f8:18:0d:2a]
RSSI: -75 [da:19:f8:18:0d:2a]
RSSI: -75 [da:19:f8:26:0d:5a]
RSSI: -85 [da:18:14:27:02:eb]
RSSI: -75 [da:19:f8:33:0d:7a]
RSSI: -76 [da:19:f8:33:0d:7a]
RSSI: -79 [da:19:f8:3f:0d:9a]
RSSI: -76 [da:19:f8:3f:0d:9a]
RSSI: -89 [da:18:14:4e:03:5b]
RSSI: -85 [da:18:14:4e:03:5b]
RSSI: -78 [da:19:f8:4d:0d:ca]
RSSI: -85 [da:18:14:4e:03:5b]
RSSI: -83 [da:19:f8:4d:0d:ca]
RSSI: -79 [da:19:f8:5a:0d:ea]
RSSI: -79 [da:19:f8:5a:0d:ea]
RSSI: -80 [da:19:f8:5a:0d:ea]
RSSI: -81 [da:19:f8:67:0e:0a]
RSSI: -83 [da:18:14:76:03:db]
RSSI: -84 [da:19:f8:74:0e:3a]
RSSI: -82 [da:18:14:84:03:fb]
RSSI: -87 [da:19:f8:8e:0e:7a]
RSSI: -93 [da:1f:9c:bd:0e:3c]
RSSI: -86 [da:1f:9c:bd:0e:3c]
RSSI: -83 [da:18:14:9e:04:4b]
RSSI: -85 [da:19:f8:9b:0e:aa]
RSSI: -84 [da:19:f8:9b:0e:aa]
RSSI: -83 [da:19:f8:9b:0e:aa]
RSSI: -89 [da:18:14:ab:04:7b]
RSSI: -83 [da:19:f8:a8:0e:ca]
RSSI: -82 [da:18:14:ab:04:7b]
RSSI: -88 [da:1f:9c:d9:0e:8c]
RSSI: -88 [da:18:14:b9:04:9b]
RSSI: -82 [da:19:f8:b5:0e:ea]
RSSI: -81 [da:18:14:c5:04:bb]
RSSI: -88 [da:1f:9c:e8:0e:bc]
RSSI: -84 [da:18:14:d3:04:eb]
RSSI: -82 [da:19:f8:cf:0f:3a]
RSSI: -81 [da:18:14:d3:04:eb]
RSSI: -83 [da:19:f8:cf:0f:3a]
RSSI: -88 [da:18:14:e0:05:0b]
RSSI: -83 [da:19:f8:dc:0f:5a]
RSSI: -82 [da:18:14:ed:05:3b]
RSSI: -86 [da:18:14:fb:05:5b]
RSSI: -88 [da:1f:9d:23:0f:7c]
RSSI: -84 [da:18:14:fb:05:5b]
RSSI: -84 [da:19:f9:03:0f:ca]
RSSI: -86 [da:1f:9d:2f:0f:ac]
RSSI: -85 [da:1f:9d:2f:0f:ac]
RSSI: -85 [da:19:f9:10:0f:fa]
RSSI: -84 [da:1f:9d:3f:0f:dc]
RSSI: -86 [da:18:15:22:05:cb]
RSSI: -85 [da:1f:9d:4e:10:0c]
RSSI: -85 [da:1f:9d:4e:10:0c]
RSSI: -84 [da:19:f9:2a:10:3a]
RSSI: -87 [da:18:15:30:05:fb]
RSSI: -86 [da:1f:9d:5b:10:2c]
RSSI: -86 [da:19:f9:37:10:6a]
RSSI: -81 [da:1f:9d:5b:10:2c]
RSSI: -80 [da:18:15:3c:06:1b]
RSSI: -87 [da:19:f9:37:10:6a]
RSSI: -86 [da:19:f9:37:10:6a]
RSSI: -80 [da:1f:9d:6a:10:5c]
RSSI: -81 [da:1f:9d:79:10:9c]
RSSI: -89 [da:18:15:58:06:6b]
RSSI: -88 [da:19:f9:51:10:aa]
RSSI: -80 [da:18:15:64:06:9b]
RSSI: -81 [da:1f:9d:86:10:bc]
RSSI: -80 [da:1f:9d:86:10:bc]
RSSI: -87 [da:19:f9:6c:10:fa]
RSSI: -80 [da:1f:9d:95:10:ec]
RSSI: -83 [da:1f:9d:95:10:ec]
RSSI: -79 [da:18:15:72:06:bb]
RSSI: -82 [da:1f:9d:95:10:ec]
RSSI: -80 [da:1f:9d:a5:11:1c]
RSSI: -82 [da:1f:9d:a5:11:1c]
RSSI: -78 [da:18:15:8c:07:0b]
RSSI: -80 [da:1f:9d:b1:11:4c]
RSSI: -91 [da:19:f9:86:11:4a]
RSSI: -89 [da:18:15:8c:07:0b]
RSSI: -82 [da:1f:9d:b1:11:4c]
RSSI: -85 [da:18:15:9a:07:3b]
RSSI: -78 [da:18:15:9a:07:3b]
RSSI: -80 [da:1f:9d:c1:11:7c]
RSSI: -95 [da:19:f9:a0:11:8a]
RSSI: -84 [da:18:15:a7:07:5b]
RSSI: -83 [da:1f:9d:d0:11:ac]
RSSI: -84 [da:18:15:b4:07:8b]
RSSI: -82 [da:1f:9d:dd:11:cc]
RSSI: -82 [da:1f:9d:dd:11:cc]
RSSI: -81 [da:18:15:c1:07:ab]
RSSI: -82 [da:1f:9d:ec:12:0c]
RSSI: -83 [da:18:15:cf:07:db]
RSSI: -83 [da:1f:9d:ec:12:0c]
RSSI: -82 [da:18:15:cf:07:db]
RSSI: -85 [da:1f:9d:fc:12:3c]
RSSI: -82 [da:18:15:db:07:fb]
RSSI: -85 [da:1f:9e:08:12:5c]
RSSI: -87 [da:18:15:e9:08:1b]
RSSI: -85 [da:18:15:f7:08:4b]
RSSI: -87 [da:18:16:03:08:6b]
RSSI: -88 [da:18:16:11:08:9b]
RSSI: -87 [da:1f:9e:52:13:4c]
RSSI: -88 [da:19:fa:3c:13:5a]
RSSI: -88 [da:1f:9e:5f:13:6c]
RSSI: -84 [da:19:fa:4a:13:7a]
RSSI: -97 [da:18:16:53:09:5b]
RSSI: -88 [da:19:fa:4a:13:7a]
RSSI: -87 [da:19:fa:64:13:ca]
RSSI: -83 [da:19:fa:71:13:ea]
RSSI: -85 [da:19:fa:71:13:ea]
RSSI: -86 [da:19:fa:8b:14:3a]
RSSI: -87 [da:1d:03:9f:0d:4e]
RSSI: -84 [da:19:fa:98:14:5a]
RSSI: -88 [da:19:fa:98:14:5a]
RSSI: -90 [da:1d:03:c1:0d:ae]
RSSI: -93 [da:18:16:cb:0a:bb]
RSSI: -85 [da:1d:03:dc:0d:fe]
RSSI: -95 [da:18:16:e6:0b:1b]
RSSI: -90 [da:1d:04:05:0e:6e]
RSSI: -93 [da:18:16:f2:0b:3b]
RSSI: -92 [da:19:fa:f4:15:5a]
RSSI: -93 [da:19:fa:f4:15:5a]
RSSI: -94 [da:18:17:00:0b:6b]
RSSI: -92 [da:1d:04:13:0e:9e]
RSSI: -89 [da:19:fb:01:15:7a]
RSSI: -90 [da:19:fb:0e:15:aa]
RSSI: -88 [da:19:fb:0e:15:aa]
RSSI: -89 [da:18:17:1a:0b:ab]
RSSI: -88 [da:18:17:1a:0b:ab]
RSSI: -88 [da:19:fb:1c:15:ca]
RSSI: -89 [da:18:17:28:0b:db]
RSSI: -87 [da:19:fb:36:16:1a]
RSSI: -90 [da:18:17:42:0c:2b]
RSSI: -87 [da:19:fb:43:16:3a]
RSSI: -90 [da:18:17:50:0c:4b]
RSSI: -89 [da:19:fb:6a:00:6a]
RSSI: -92 [da:19:fb:6a:00:6a]
RSSI: -88 [da:19:fb:77:00:9a]
RSSI: -89 [da:19:fb:8a:00:ca]
RSSI: -90 [da:19:fb:a7:01:1a]
RSSI: -91 [da:19:fb:b4:01:3a]
RSSI: -90 [da:19:fc:2a:02:8a]
RSSI: -96 [da:18:18:40:0f:1b]
RSSI: -90 [da:19:fc:5f:03:2a]
RSSI: -96 [da:18:18:68:0f:8b]
RSSI: -89 [da:19:fc:79:03:6a]
RSSI: -91 [da:18:18:90:10:0b]
RSSI: -90 [da:19:fc:a1:03:da]
RSSI: -92 [da:19:fc:ae:04:0a]
RSSI: -90 [da:18:18:b8:10:7b]
RSSI: -90 [da:18:18:c6:10:ab]
RSSI: -95 [da:19:fc:c8:04:4a]
RSSI: -93 [da:18:18:d2:10:cb]
RSSI: -90 [da:18:18:ee:11:1b]
RSSI: -89 [da:18:18:fa:11:3b]
RSSI: -89 [da:18:19:16:11:9b]
RSSI: -89 [da:18:19:3e:12:0b]
RSSI: -89 [da:19:fd:3f:05:9a]
RSSI: -86 [da:18:19:4b:12:2b]
RSSI: -85 [da:18:19:58:12:5b]
RSSI: -89 [da:19:fd:59:05:ea]
RSSI: -88 [da:18:19:66:12:8b]
RSSI: -87 [da:19:fd:67:06:1a]
RSSI: -85 [da:18:19:81:12:db]
RSSI: -90 [da:19:fd:81:06:5a]
RSSI: -86 [da:18:19:8e:12:fb]
RSSI: -88 [da:18:19:8e:12:fb]
RSSI: -86 [da:19:fd:8e:06:8a]
RSSI: -83 [da:18:19:9b:13:1b]
RSSI: -91 [da:19:fd:9c:06:aa]
RSSI: -93 [da:19:fd:9c:06:aa]
RSSI: -81 [da:18:19:a9:13:4b]
RSSI: -92 [da:19:fd:a8:06:ca]
RSSI: -80 [da:18:19:b7:13:6b]
RSSI: -78 [da:18:19:c3:13:9b]
RSSI: -77 [da:18:19:c3:13:9b]
RSSI: -76 [da:18:19:d1:13:bb]
RSSI: -77 [da:18:19:d1:13:bb]
RSSI: -76 [da:18:19:df:13:eb]
RSSI: -76 [da:18:19:eb:14:0b]
RSSI: -76 [da:18:19:eb:14:0b]
RSSI: -76 [da:18:19:eb:14:0b]
RSSI: -74 [da:18:19:f9:14:3b]
RSSI: -75 [da:18:19:f9:14:3b]
RSSI: -74 [da:18:1a:07:14:5b]
RSSI: -73 [da:18:1a:07:14:5b]
RSSI: -76 [da:18:1a:14:14:8b]
RSSI: -74 [da:18:1a:14:14:8b]
RSSI: -74 [da:18:1a:22:14:ab]
RSSI: -73 [da:18:1a:2f:14:db]
RSSI: -72 [da:18:1a:3c:14:fb]
RSSI: -71 [da:18:1a:4a:15:2b]
RSSI: -72 [da:18:1a:58:15:4b]
RSSI: -70 [da:18:1a:64:15:6b]
RSSI: -70 [da:18:1a:64:15:6b]
RSSI: -71 [da:18:1a:72:15:9b]
RSSI: -72 [da:18:1a:72:15:9b]
RSSI: -71 [da:18:1a:72:15:9b]
RSSI: -71 [da:18:1a:80:15:cb]
RSSI: -71 [da:18:1a:80:15:cb]
RSSI: -71 [da:18:1a:8d:15:eb]
RSSI: -87 [da:19:fe:8a:09:5a]
RSSI: -70 [da:18:1a:8d:15:eb]
RSSI: -71 [da:18:1a:9a:16:0b]
RSSI: -87 [da:19:fe:96:09:7a]
RSSI: -71 [da:18:1a:9a:16:0b]
RSSI: -72 [da:18:1a:a8:16:3b]
RSSI: -87 [da:19:fe:a4:09:9a]
RSSI: -87 [da:19:fe:a4:09:9a]
RSSI: -85 [da:19:fe:b2:09:ca]
RSSI: -73 [da:18:1a:b5:16:5b]
RSSI: -86 [da:19:fe:b2:09:ca]
RSSI: -87 [da:19:fe:be:09:ea]
RSSI: -74 [da:18:1a:c3:00:0b]
RSSI: -87 [da:19:fe:be:09:ea]
RSSI: -74 [da:18:1a:d1:00:2b]
RSSI: -86 [da:19:fe:cc:0a:1a]
RSSI: -88 [da:19:fe:cc:0a:1a]
RSSI: -77 [da:18:1a:dd:00:2b]
RSSI: -89 [da:19:fe:d9:0a:3a]
RSSI: -77 [da:18:1a:dd:00:2b]
RSSI: -77 [da:18:1a:dd:00:2b]
RSSI: -86 [da:19:fe:d9:0a:3a]
RSSI: -78 [da:18:1a:eb:00:4b]
RSSI: -87 [da:19:fe:e6:0a:5a]
RSSI: -78 [da:18:1a:eb:00:4b]
RSSI: -86 [da:19:fe:f4:0a:8a]
RSSI: -79 [da:18:1a:f9:00:7b]
RSSI: -78 [da:18:1a:f9:00:7b]
RSSI: -77 [da:18:1b:06:00:9b]
RSSI: -87 [da:19:ff:01:0a:aa]
RSSI: -93 [da:1f:a3:2d:0c:5c]
RSSI: -78 [da:18:1b:06:00:9b]
RSSI: -86 [da:19:ff:01:0a:aa]
RSSI: -78 [da:18:1b:13:00:cb]
RSSI: -86 [da:19:ff:0e:0a:da]
RSSI: -76 [da:18:1b:13:00:cb]
RSSI: -85 [da:19:ff:1b:0a:fa]
RSSI: -84 [da:19:ff:1b:0a:fa]
RSSI: -79 [da:18:1b:2e:01:1b]
RSSI: -80 [da:18:1b:4a:01:6b]
RSSI: -81 [da:19:ff:43:0b:6a]
RSSI: -80 [da:18:1b:4a:01:6b]
RSSI: -81 [da:19:ff:51:0b:9a]
RSSI: -82 [da:18:1b:56:01:8b]
RSSI: -81 [da:19:ff:51:0b:9a]
RSSI: -82 [da:18:1b:56:01:8b]
RSSI: -77 [da:19:ff:5d:0b:ba]
RSSI: -81 [da:18:1b:64:01:bb]
RSSI: -83 [da:18:1b:64:01:bb]
RSSI: -81 [da:19:ff:6b:0b:da]
RSSI: -81 [da:19:ff:78:0c:0a]
RSSI: -83 [da:18:1b:7f:01:fb]
RSSI: -82 [da:19:ff:78:0c:0a]
RSSI: -82 [da:18:1b:7f:01:fb]
RSSI: -80 [da:19:ff:85:0c:2a]
RSSI: -81 [da:18:1b:8c:02:2b]
RSSI: -82 [da:19:ff:85:0c:2a]
RSSI: -82 [da:18:1b:8c:02:2b]
RSSI: -89 [da:1f:a3:b1:0e:0c]
RSSI: -82 [da:19:ff:93:0c:5a]
RSSI: -81 [da:18:1b:9a:02:5b]
RSSI: -81 [da:19:ff:93:0c:5a]
RSSI: -81 [da:18:1b:9a:02:5b]
RSSI: -82 [da:19:ff:a0:0c:7a]
RSSI: -82 [da:18:1b:a7:02:7b]
RSSI: -82 [da:19:ff:a0:0c:7a]
RSSI: -82 [da:19:ff:a0:0c:7a]
RSSI: -82 [da:18:1b:a7:02:7b]
RSSI: -81 [da:19:ff:a0:0c:7a]
RSSI: -82 [da:19:ff:ad:0c:9a]
RSSI: -83 [da:18:1b:b5:02:9b]
RSSI: -81 [da:19:ff:ad:0c:9a]
RSSI: -87 [da:1f:a3:dd:0e:9c]
RSSI: -81 [da:19:ff:bb:0c:ca]
RSSI: -85 [da:18:1b:c3:02:cb]
RSSI: -83 [da:19:ff:bb:0c:ca]
RSSI: -80 [da:19:ff:c8:0c:ea]
RSSI: -84 [da:18:1b:cf:02:eb]
RSSI: -81 [da:19:ff:c8:0c:ea]
RSSI: -84 [da:18:1b:dd:03:1b]
RSSI: -85 [da:18:1b:dd:03:1b]
RSSI: -85 [da:18:1b:eb:03:3b]
RSSI: -90 [da:19:ff:e2:0d:3a]
RSSI: -85 [da:18:1b:eb:03:3b]
RSSI: -86 [da:18:1b:f8:03:6b]
RSSI: -83 [da:19:ff:fd:0d:8a]
RSSI: -83 [da:18:1c:06:03:8b]
RSSI: -82 [da:18:1c:06:03:8b]
RSSI: -87 [da:1a:00:0a:0d:aa]
RSSI: -90 [da:18:1c:14:03:bb]
RSSI: -87 [da:1a:00:0a:0d:aa]
RSSI: -84 [da:18:1c:20:03:db]
RSSI: -84 [da:18:1c:2e:04:0b]
RSSI: -87 [da:1f:a4:54:10:1c]
RSSI: -84 [da:18:1c:2e:04:0b]
RSSI: -84 [da:1a:00:32:0e:1a]
RSSI: -82 [da:1f:a4:61:10:4c]
RSSI: -84 [da:18:1c:3c:04:2b]
RSSI: -84 [da:1f:a4:61:10:4c]
RSSI: -84 [da:1a:00:40:0e:4a]
RSSI: -86 [da:18:1c:49:04:5b]
RSSI: -84 [da:1f:a4:70:10:7c]
RSSI: -84 [da:18:1c:57:04:7b]
RSSI: -83 [da:1f:a4:80:10:ac]
RSSI: -86 [da:18:1c:64:04:ab]
RSSI: -80 [da:1f:a4:8d:10:cc]
RSSI: -82 [da:1f:a4:8d:10:cc]
RSSI: -89 [da:18:1c:71:04:cb]
RSSI: -89 [da:1f:a4:9c:10:fc]
RSSI: -81 [da:1f:a4:9c:10:fc]
RSSI: -87 [da:18:1c:7f:04:fb]
RSSI: -81 [da:1f:a4:9c:10:fc]
RSSI: -89 [da:18:1c:7f:04:fb]
RSSI: -90 [da:18:1c:8d:05:1b]
RSSI: -85 [da:1f:a4:ac:11:3c]
RSSI: -82 [da:1f:a4:b9:11:5c]
RSSI: -89 [da:18:1c:99:05:4b]
RSSI: -82 [da:1f:a4:d8:11:bc]
RSSI: -87 [da:1f:a4:e5:11:ec]
RSSI: -92 [da:18:1c:c2:05:bb]
RSSI: -85 [da:1f:a4:e5:11:ec]
RSSI: -90 [da:1a:00:d2:0f:fa]
RSSI: -89 [da:1a:00:e0:10:1a]
RSSI: -89 [da:1a:00:ed:10:3a]
RSSI: -89 [da:1a:00:ed:10:3a]
RSSI: -88 [da:18:1d:06:06:8b]
RSSI: -88 [da:18:1d:21:06:db]
RSSI: -88 [da:18:1d:2f:07:0b]
RSSI: -88 [da:18:1d:2f:07:0b]
RSSI: -89 [da:18:1d:2f:07:0b]
RSSI: -90 [da:1a:01:3d:11:2a]
RSSI: -86 [da:18:1d:4a:07:5b]
RSSI: -85 [da:18:1d:4a:07:5b]
RSSI: -85 [da:18:1d:64:07:ab]
RSSI: -90 [da:1a:01:58:11:7a]
RSSI: -86 [da:18:1d:64:07:ab]
RSSI: -90 [da:1a:01:65:11:9a]
RSSI: -86 [da:18:1d:72:07:cb]
RSSI: -86 [da:18:1d:72:07:cb]
RSSI: -87 [da:18:1d:72:07:cb]
RSSI: -85 [da:18:1d:80:07:fb]
RSSI: -88 [da:18:1d:8d:08:1b]
RSSI: -91 [da:1a:01:8d:12:0a]
RSSI: -86 [da:18:1d:9b:08:4b]
RSSI: -89 [da:18:1d:9b:08:4b]
RSSI: -90 [da:18:1d:b5:08:9b]
RSSI: -93 [da:1f:a5:e1:15:0c]
RSSI: -90 [da:18:1d:c3:08:bb]
RSSI: -85 [da:18:1d:de:09:0b]
RSSI: -92 [da:1a:01:eb:13:1a]
RSSI: -83 [da:18:1d:ec:09:3b]
RSSI: -89 [da:18:1d:fa:09:5b]
RSSI: -95 [da:1a:02:05:13:6a]
RSSI: -82 [da:18:1e:15:09:ab]
RSSI: -92 [da:1d:0b:26:0c:ce]
RSSI: -84 [da:18:1e:3d:0a:2b]
RSSI: -93 [da:1d:0b:50:0d:4e]
RSSI: -90 [da:1a:02:49:14:1a]
RSSI: -91 [da:1a:02:49:14:1a]
RSSI: -86 [da:18:1e:66:0a:ab]
RSSI: -87 [da:18:1e:66:0a:ab]
RSSI: -86 [da:18:1e:74:0a:cb]
RSSI: -85 [da:18:1e:8f:0b:1b]
RSSI: -86 [da:1d:0b:a3:0e:2e]
RSSI: -91 [da:1a:02:8b:14:ea]
RSSI: -86 [da:1d:0b:a3:0e:2e]
RSSI: -91 [da:1d:0b:be:0e:7e]
RSSI: -88 [da:18:1e:b7:0b:9b]
RSSI: -83 [da:18:1e:c5:0b:bb]
RSSI: -91 [da:1a:02:c1:15:7a]
RSSI: -90 [da:18:1e:c5:0b:bb]
RSSI: -91 [da:18:1e:d2:0b:db]
RSSI: -85 [da:18:1e:d2:0b:db]
RSSI: -92 [da:1a:02:db:15:ca]
RSSI: -91 [da:1d:0b:f6:0f:2e]
RSSI: -94 [da:18:1e:ee:0c:3b]
RSSI: -89 [da:18:1f:17:0c:ab]
RSSI: -92 [da:1d:0c:2e:0f:ce]
RSSI: -94 [da:18:1f:23:0c:db]
RSSI: -91 [da:18:1f:37:0d:0b]
RSSI: -91 [da:18:1f:54:0d:6b]
RSSI: -89 [da:18:1f:62:0d:8b]
RSSI: -89 [da:18:1f:7c:0d:db]
RSSI: -90 [da:18:1f:8a:0e:0b]
RSSI: -93 [da:18:1f:a5:0e:5b]
RSSI: -88 [da:18:1f:ce:0e:cb]
RSSI: -90 [da:18:1f:ea:0f:2b]
RSSI: -87 [da:18:1f:f7:0f:4b]
RSSI: -88 [da:18:1f:f7:0f:4b]
RSSI: -89 [da:18:1f:f7:0f:4b]
RSSI: -87 [da:18:20:05:0f:7b]
RSSI: -88 [da:18:20:20:0f:cb]
RSSI: -89 [da:18:20:20:0f:cb]
RSSI: -88 [da:18:20:2e:0f:eb]
RSSI: -88 [da:18:20:3c:10:1b]
RSSI: -90 [da:18:20:3c:10:1b]
RSSI: -87 [da:18:20:48:10:3b]
RSSI: -86 [da:18:20:57:10:6b]
RSSI: -86 [da:18:20:57:10:6b]
RSSI: -86 [da:18:20:65:10:9b]
RSSI: -95 [da:1f:a8:96:06:fc]
RSSI: -87 [da:18:20:80:10:eb]
RSSI: -89 [da:18:20:80:10:eb]
RSSI: -88 [da:18:20:8e:11:0b]
RSSI: -88 [da:18:20:8e:11:0b]
RSSI: -86 [da:18:20:9a:11:3b]
RSSI: -87 [da:18:20:9a:11:3b]
RSSI: -94 [da:1a:04:a4:04:aa]
RSSI: -84 [da:18:20:a8:11:5b]
RSSI: -84 [da:18:20:b7:11:8b]
RSSI: -91 [da:1a:04:bf:04:ea]
RSSI: -85 [da:18:20:d1:11:db]
RSSI: -85 [da:18:20:d1:11:db]
RSSI: -82 [da:18:20:e0:11:fb]
RSSI: -84 [da:18:20:e0:11:fb]
RSSI: -83 [da:18:20:ec:12:2b]
RSSI: -82 [da:18:20:ec:12:2b]
RSSI: -88 [da:1a:04:e7:05:5a]
RSSI: -81 [da:18:20:fa:12:4b]
RSSI: -83 [da:18:20:fa:12:4b]
RSSI: -81 [da:18:21:08:12:7b]
RSSI: -81 [da:18:21:15:12:9b]
RSSI: -94 [da:1f:a9:48:09:2c]
RSSI: -86 [da:18:21:31:12:eb]
RSSI: -85 [da:18:21:31:12:eb]
RSSI: -81 [da:18:21:3e:13:1b]
RSSI: -92 [da:1a:05:46:06:6a]
RSSI: -81 [da:18:21:4c:13:3b]
RSSI: -80 [da:18:21:4c:13:3b]
RSSI: -93 [da:1a:05:53:06:9a]
RSSI: -77 [da:18:21:67:13:8b]
RSSI: -74 [da:18:21:75:13:bb]
RSSI: -74 [da:18:21:83:13:eb]
RSSI: -74 [da:18:21:83:13:eb]
RSSI: -72 [da:18:21:90:14:0b]
RSSI: -73 [da:18:21:90:14:0b]
RSSI: -71 [da:18:21:9e:14:2b]
RSSI: -73 [da:18:21:9e:14:2b]
RSSI: -74 [da:18:21:ac:14:5b]
RSSI: -73 [da:18:21:ac:14:5b]
RSSI: -70 [da:18:21:ac:14:5b]
RSSI: -73 [da:18:21:b9:14:7b]
RSSI: -72 [da:18:21:b9:14:7b]
RSSI: -73 [da:18:21:c7:14:ab]
RSSI: -71 [da:18:21:d5:14:cb]
RSSI: -69 [da:18:21:d5:14:cb]
RSSI: -69 [da:18:21:d5:14:cb]
RSSI: -70 [da:18:21:e2:14:fb]
RSSI: -70 [da:18:21:f0:15:1b]
RSSI: -70 [da:18:21:f0:15:1b]
RSSI: -69 [da:18:21:fe:15:4b]
RSSI: -71 [da:18:22:0b:15:6b]
RSSI: -69 [da:18:22:0b:15:6b]
RSSI: -72 [da:18:22:19:15:9b]
RSSI: -72 [da:18:22:19:15:9b]
RSSI: -70 [da:18:22:27:15:bb]
RSSI: -72 [da:18:22:27:15:bb]
RSSI: -91 [da:1a:06:2b:08:fa]
RSSI: -71 [da:18:22:34:15:eb]
RSSI: -72 [da:18:22:34:15:eb]
RSSI: -74 [da:18:22:42:16:0b]
RSSI: -89 [da:1a:06:39:09:2a]
RSSI: -86 [da:1a:06:45:09:4a]
RSSI: -75 [da:18:22:51:16:3b]
RSSI: -87 [da:1a:06:53:09:7a]
RSSI: -74 [da:18:22:5d:16:5b]
RSSI: -87 [da:1a:06:53:09:7a]
RSSI: -76 [da:18:22:5d:16:5b]
RSSI: -91 [da:1a:06:61:09:9a]
RSSI: -77 [da:18:22:6b:00:2b]
RSSI: -78 [da:18:22:7a:00:5b]
RSSI: -80 [da:18:22:7a:00:5b]
RSSI: -80 [da:18:22:86:00:7b]
RSSI: -81 [da:18:22:86:00:7b]
RSSI: -89 [da:1a:06:8a:0a:0a]
RSSI: -82 [da:18:22:95:00:ab]
RSSI: -87 [da:1a:06:97:0a:3a]
RSSI: -82 [da:18:22:a3:00:cb]
RSSI: -84 [da:18:22:a3:00:cb]
RSSI: -86 [da:1a:06:a5:0a:5a]
RSSI: -82 [da:18:22:af:00:fb]
RSSI: -86 [da:1a:06:a5:0a:5a]
RSSI: -82 [da:18:22:af:00:fb]
RSSI: -82 [da:18:22:af:00:fb]
RSSI: -96 [da:1f:aa:d9:0e:3c]
RSSI: -85 [da:1a:06:b3:0a:8a]
RSSI: -81 [da:18:22:be:01:1b]
RSSI: -84 [da:1a:06:bf:0a:aa]
RSSI: -81 [da:18:22:be:01:1b]
RSSI: -86 [da:1a:06:bf:0a:aa]
RSSI: -84 [da:1a:06:bf:0a:aa]
RSSI: -81 [da:18:22:cc:01:4b]
RSSI: -84 [da:1a:06:cd:0a:ca]
RSSI: -83 [da:1a:06:cd:0a:ca]
RSSI: -81 [da:18:22:d9:01:6b]
RSSI: -83 [da:1a:06:db:0a:fa]
RSSI: -81 [da:18:22:d9:01:6b]
RSSI: -80 [da:1a:06:db:0a:fa]
RSSI: -82 [da:18:22:e7:01:9b]
RSSI: -80 [da:1a:06:e8:0b:1a]
RSSI: -80 [da:1a:06:e8:0b:1a]
RSSI: -82 [da:18:22:f5:01:cb]
RSSI: -85 [da:18:22:f5:01:cb]
RSSI: -79 [da:1a:06:f6:0b:4a]
RSSI: -84 [da:18:23:02:01:eb]
RSSI: -78 [da:1a:07:04:0b:6a]
RSSI: -86 [da:18:23:10:02:1b]
RSSI: -85 [da:18:23:10:02:1b]
RSSI: -78 [da:1a:07:10:0b:9a]
RSSI: -94 [da:1f:ab:33:0f:5c]
RSSI: -93 [da:1f:ab:42:0f:8c]
RSSI: -78 [da:1a:07:1e:0b:ba]
RSSI: -87 [da:18:23:2b:02:6b]
RSSI: -78 [da:1a:07:1e:0b:ba]
RSSI: -77 [da:1a:07:2c:0b:ea]
RSSI: -76 [da:1a:07:39:0c:0a]
RSSI: -89 [da:1f:ab:5f:0f:ec]
RSSI: -76 [da:1a:07:39:0c:0a]
RSSI: -79 [da:1a:07:47:0c:3a]
RSSI: -76 [da:1a:07:47:0c:3a]
RSSI: -87 [da:1f:ab:6f:10:1c]
RSSI: -89 [da:18:23:54:02:db]
RSSI: -81 [da:1a:07:55:0c:5a]
RSSI: -86 [da:1f:ab:7c:10:4c]
RSSI: -81 [da:1a:07:55:0c:5a]
RSSI: -85 [da:18:23:62:03:0b]
RSSI: -74 [da:1a:07:62:0c:7a]
RSSI: -83 [da:1f:ab:8c:10:7c]
RSSI: -85 [da:1f:ab:8c:10:7c]
RSSI: -84 [da:18:23:71:03:2b]
RSSI: -84 [da:1f:ab:9c:10:ac]
RSSI: -80 [da:1a:07:70:0c:aa]
RSSI: -84 [da:1f:ab:9c:10:ac]
RSSI: -83 [da:1f:ab:9c:10:ac]
RSSI: -84 [da:18:23:7d:03:5b]
RSSI: -80 [da:1a:07:7e:0c:ca]
RSSI: -85 [da:1f:ab:a8:10:dc]
RSSI: -75 [da:1a:07:8a:0c:fa]
RSSI: -90 [da:18:23:8c:03:7b]
RSSI: -76 [da:1a:07:8a:0c:fa]
RSSI: -83 [da:1f:ab:b9:11:0c]
RSSI: -84 [da:18:23:9a:03:ab]
RSSI: -81 [da:1a:07:98:0d:1a]
RSSI: -82 [da:1f:ab:b9:11:0c]
RSSI: -87 [da:18:23:9a:03:ab]
RSSI: -78 [da:1a:07:98:0d:1a]
RSSI: -86 [da:1f:ab:c9:11:3c]
RSSI: -83 [da:18:23:a6:03:cb]
RSSI: -86 [da:1f:ab:c9:11:3c]
RSSI: -82 [da:1a:07:a6:0d:4a]
RSSI: -84 [da:18:23:a6:03:cb]
RSSI: -82 [da:1a:07:a6:0d:4a]
RSSI: -85 [da:1f:ab:d5:11:6c]
RSSI: -81 [da:1a:07:b3:0d:6a]
RSSI: -85 [da:1a:07:b3:0d:6a]
RSSI: -85 [da:18:23:c3:04:2b]
RSSI: -86 [da:1f:ab:e5:11:9c]
RSSI: -85 [da:18:23:c3:04:2b]
RSSI: -82 [da:1a:07:c1:0d:9a]
RSSI: -86 [da:18:23:d0:04:4b]
RSSI: -85 [da:1f:ab:f5:11:cc]
RSSI: -86 [da:18:23:d0:04:4b]
RSSI: -85 [da:18:23:de:04:7b]
RSSI: -86 [da:18:23:de:04:7b]
RSSI: -86 [da:1f:ac:02:11:fc]
RSSI: -91 [da:1a:07:dc:0d:ea]
RSSI: -86 [da:18:23:ec:04:9b]
RSSI: -88 [da:1a:07:ea:0e:0a]
RSSI: -85 [da:18:23:f9:04:cb]
RSSI: -86 [da:18:23:f9:04:cb]
RSSI: -92 [da:1a:07:f8:0e:3a]
RSSI: -86 [da:18:24:07:04:eb]
RSSI: -93 [da:1f:ac:2f:12:8c]
RSSI: -85 [da:18:24:16:05:1b]
RSSI: -82 [da:18:24:16:05:1b]
RSSI: -88 [da:1a:08:12:0e:7a]
RSSI: -83 [da:18:24:16:05:1b]
RSSI: -84 [da:1a:08:20:0e:aa]
RSSI: -84 [da:18:24:3f:05:9b]
RSSI: -84 [da:18:24:3f:05:9b]
RSSI: -90 [da:18:24:3f:05:9b]
RSSI: -90 [da:1a:08:49:0f:1a]
RSSI: -84 [da:18:24:4b:05:bb]
RSSI: -87 [da:18:24:5a:05:eb]
RSSI: -90 [da:1a:08:56:0f:3a]
RSSI: -87 [da:18:24:5a:05:eb]
RSSI: -88 [da:18:24:68:06:0b]
RSSI: -89 [da:18:24:68:06:0b]
RSSI: -89 [da:1a:08:72:0f:8a]
RSSI: -84 [da:18:24:75:06:3b]
RSSI: -89 [da:1a:08:72:0f:8a]
RSSI: -87 [da:18:24:83:06:5b]
RSSI: -88 [da:1a:08:7e:0f:ba]
RSSI: -85 [da:18:24:91:06:8b]
RSSI: -85 [da:18:24:91:06:8b]
RSSI: -89 [da:1a:08:8d:0f:da]
RSSI: -81 [da:18:24:9e:06:ab]
RSSI: -88 [da:1a:08:9b:0f:fa]
RSSI: -89 [da:1a:08:a7:10:1a]
RSSI: -88 [da:18:24:bb:06:fb]
RSSI: -87 [da:18:24:bb:06:fb]
RSSI: -88 [da:18:24:c7:07:2b]
RSSI: -95 [da:1a:08:c3:10:6a]
RSSI: -81 [da:18:24:d6:07:4b]
RSSI: -86 [da:18:24:e4:07:7b]
RSSI: -92 [da:1a:08:e3:10:ca]
RSSI: -86 [da:18:24:f1:07:9b]
RSSI: -94 [da:1a:08:f4:10:fa]
RSSI: -82 [da:18:24:ff:07:cb]
RSSI: -85 [da:18:24:ff:07:cb]
RSSI: -85 [da:18:25:0d:07:fb]
RSSI: -83 [da:18:25:0d:07:fb]
RSSI: -86 [da:18:25:1a:08:1b]
RSSI: -87 [da:18:25:1a:08:1b]
RSSI: -93 [da:1a:09:45:11:da]
RSSI: -89 [da:18:25:52:08:cb]
RSSI: -93 [da:1f:ad:79:00:3c]
RSSI: -89 [da:18:25:6d:09:1b]
RSSI: -88 [da:18:25:6d:09:1b]
RSSI: -92 [da:18:25:7b:09:3b]
RSSI: -85 [da:18:25:96:09:8b]
RSSI: -94 [da:18:25:a5:09:bb]
RSSI: -85 [da:18:25:a5:09:bb]
RSSI: -85 [da:18:25:bf:0a:0b]
RSSI: -87 [da:18:25:ce:0a:3b]
RSSI: -91 [da:18:25:e9:0a:8b]
RSSI: -91 [da:18:25:f7:0a:bb]
RSSI: -90 [da:18:26:12:0b:0b]
RSSI: -91 [da:1a:0a:12:14:2a]
RSSI: -94 [da:1d:13:41:0d:de]
RSSI: -93 [da:1a:0a:3b:14:9a]
RSSI: -90 [da:18:26:59:0b:db]
RSSI: -90 [da:1a:0a:64:15:1a]
RSSI: -92 [da:1a:0a:8d:15:8a]
RSSI: -91 [da:1a:0a:8d:15:8a]
RSSI: -94 [da:18:26:ac:0c:cb]
RSSI: -91 [da:18:26:d5:0d:4b]
RSSI: -88 [da:18:26:e2:0d:6b]
RSSI: -88 [da:18:26:f0:0d:9b]
RSSI: -89 [da:18:27:0b:0d:eb]
RSSI: -88 [da:18:27:0b:0d:eb]
RSSI: -91 [da:18:27:0b:0d:eb]
RSSI: -87 [da:18:27:1a:0e:1b]
RSSI: -86 [da:18:27:28:0e:3b]
RSSI: -93 [da:18:27:28:0e:3b]
RSSI: -84 [da:18:27:35:0e:6b]
RSSI: -85 [da:18:27:35:0e:6b]
RSSI: -88 [da:18:27:52:0e:bb]
RSSI: -86 [da:18:27:5e:0e:db]
RSSI: -87 [da:18:27:5e:0e:db]
RSSI: -85 [da:18:27:6d:0f:0b]
RSSI: -87 [da:18:27:6d:0f:0b]
RSSI: -89 [da:18:27:88:0f:5b]
RSSI: -85 [da:18:27:97:0f:8b]
RSSI: -95 [da:1f:af:bb:07:6c]
RSSI: -86 [da:18:27:a5:0f:ab]
RSSI: -88 [da:18:27:b2:0f:db]
RSSI: -85 [da:18:27:b2:0f:db]
RSSI: -87 [da:18:27:c0:0f:fb]
RSSI: -89 [da:18:27:c0:0f:fb]
RSSI: -90 [da:18:27:cf:10:2b]
RSSI: -92 [da:1a:0b:d5:02:da]
RSSI: -90 [da:18:27:db:10:4b]
RSSI: -94 [da:1f:b0:07:08:5c]
RSSI: -89 [da:18:27:ea:10:7b]
RSSI: -87 [da:18:27:ea:10:7b]
RSSI: -88 [da:18:27:f8:10:ab]
RSSI: -88 [da:18:28:05:10:cb]
RSSI: -87 [da:18:28:05:10:cb]
RSSI: -88 [da:18:28:05:10:cb]
RSSI: -87 [da:1a:0c:0b:03:7a]
RSSI: -85 [da:18:28:13:10:fb]
RSSI: -89 [da:1a:0c:19:03:9a]
RSSI: -88 [da:18:28:22:11:1b]
RSSI: -89 [da:1a:0c:19:03:9a]
RSSI: -87 [da:18:28:22:11:1b]
RSSI: -87 [da:18:28:3d:11:6b]
RSSI: -85 [da:18:28:3d:11:6b]
RSSI: -89 [da:18:28:4c:11:9b]
RSSI: -94 [da:1a:0c:51:04:3a]
RSSI: -87 [da:18:28:58:11:bb]
RSSI: -90 [da:1a:0c:5d:04:5a]
RSSI: -88 [da:18:28:67:11:eb]
RSSI: -90 [da:1a:0c:7a:04:ba]
RSSI: -82 [da:18:28:82:12:3b]
RSSI: -91 [da:1a:0c:86:04:da]
RSSI: -87 [da:18:28:9f:12:9b]
RSSI: -84 [da:18:28:9f:12:9b]
RSSI: -88 [da:1a:0c:a3:05:2a]
RSSI: -82 [da:18:28:ac:12:bb]
RSSI: -87 [da:18:28:ac:12:bb]
RSSI: -91 [da:1a:0c:b0:05:4a]
RSSI: -84 [da:18:28:ba:12:eb]
RSSI: -80 [da:18:28:ba:12:eb]
RSSI: -86 [da:18:28:c9:13:0b]
RSSI: -90 [da:1a:0c:cc:05:aa]
RSSI: -86 [da:18:28:d5:13:3b]
RSSI: -91 [da:1a:0c:d9:05:ca]
RSSI: -79 [da:18:28:e4:13:5b]
RSSI: -81 [da:18:28:e4:13:5b]
RSSI: -81 [da:18:28:f2:13:8b]
RSSI: -77 [da:18:28:ff:13:ab]
RSSI: -77 [da:18:28:ff:13:ab]
RSSI: -76 [da:18:29:0e:13:db]
RSSI: -75 [da:18:29:1c:14:0b]
RSSI: -76 [da:18:29:1c:14:0b]
RSSI: -75 [da:18:29:1c:14:0b]
RSSI: -92 [da:1a:0d:1f:06:8a]
RSSI: -75 [da:18:29:29:14:2b]
RSSI: -75 [da:18:29:37:14:5b]
RSSI: -74 [da:18:29:37:14:5b]
RSSI: -71 [da:18:29:46:14:7b]
RSSI: -74 [da:18:29:46:14:7b]
RSSI: -74 [da:18:29:53:14:ab]
RSSI: -72 [da:18:29:53:14:ab]
RSSI: -73 [da:18:29:61:14:cb]
RSSI: -74 [da:18:29:61:14:cb]
RSSI: -94 [da:1f:b1:93:0d:5c]
RSSI: -73 [da:18:29:70:14:fb]
RSSI: -95 [da:1f:b1:93:0d:5c]
RSSI: -94 [da:1a:0d:71:07:7a]
RSSI: -71 [da:18:29:7c:15:1b]
RSSI: -72 [da:18:29:8b:15:4b]
RSSI: -71 [da:18:29:8b:15:4b]
RSSI: -71 [da:18:29:9a:15:7b]
RSSI: -71 [da:18:29:9a:15:7b]
RSSI: -92 [da:1a:0d:9a:07:fa]
RSSI: -90 [da:1f:b1:c7:0d:fc]
RSSI: -71 [da:18:29:a6:15:9b]
RSSI: -71 [da:18:29:a6:15:9b]
RSSI: -71 [da:18:29:b5:15:cb]
RSSI: -94 [da:1f:b1:e0:0e:4c]
RSSI: -71 [da:18:29:c3:15:eb]
RSSI: -72 [da:18:29:c3:15:eb]
RSSI: -71 [da:18:29:d0:16:1b]
RSSI: -72 [da:18:29:d0:16:1b]
RSSI: -92 [da:1a:0d:d0:08:8a]
RSSI: -70 [da:18:29:df:16:3b]
RSSI: -72 [da:18:29:df:16:3b]
RSSI: -73 [da:18:29:ed:16:6b]
RSSI: -87 [da:1a:0d:df:08:ba]
RSSI: -72 [da:18:29:ed:16:6b]
RSSI: -84 [da:1a:0d:ed:08:ea]
RSSI: -89 [da:1a:0d:ed:08:ea]
RSSI: -74 [da:18:29:fa:00:0b]
RSSI: -75 [da:18:29:fa:00:0b]
RSSI: -85 [da:1a:0d:fa:09:0a]
RSSI: -84 [da:1a:0d:fa:09:0a]
RSSI: -76 [da:18:2a:08:00:2b]
RSSI: -86 [da:1a:0e:08:09:2a]
RSSI: -84 [da:1a:0e:08:09:2a]
RSSI: -76 [da:18:2a:17:00:5b]
RSSI: -85 [da:1a:0e:16:09:5a]
RSSI: -78 [da:18:2a:24:00:7b]
RSSI: -89 [da:1f:b2:54:0f:cc]
RSSI: -89 [da:1f:b2:54:0f:cc]
RSSI: -82 [da:18:2a:32:00:ab]
RSSI: -90 [da:1f:b2:60:0f:ec]
RSSI: -84 [da:18:2a:4d:00:fb]
RSSI: -85 [da:1a:0e:4c:09:fa]
RSSI: -83 [da:18:2a:4d:00:fb]
RSSI: -89 [da:1f:b2:7a:10:3c]
RSSI: -86 [da:1a:0e:4c:09:fa]
RSSI: -83 [da:1f:b2:7a:10:3c]
RSSI: -83 [da:1a:0e:5b:0a:1a]
RSSI: -85 [da:1f:b2:87:10:6c]
RSSI: -82 [da:1a:0e:5b:0a:1a]
RSSI: -87 [da:18:2a:6b:01:4b]
RSSI: -84 [da:1a:0e:69:0a:4a]
RSSI: -87 [da:18:2a:6b:01:4b]
RSSI: -84 [da:1f:b2:94:10:9c]
RSSI: -82 [da:1a:0e:69:0a:4a]
RSSI: -80 [da:18:2a:77:01:7b]
RSSI: -81 [da:1a:0e:76:0a:6a]
RSSI: -83 [da:1f:b2:a1:10:bc]
RSSI: -83 [da:18:2a:86:01:9b]
RSSI: -78 [da:1a:0e:84:0a:9a]
RSSI: -80 [da:18:2a:86:01:9b]
RSSI: -82 [da:1f:b2:ad:10:ec]
RSSI: -80 [da:1a:0e:84:0a:9a]
RSSI: -83 [da:18:2a:95:01:cb]
RSSI: -84 [da:1f:b2:ba:11:0c]
RSSI: -79 [da:1a:0e:92:0a:ba]
RSSI: -79 [da:1a:0e:9f:0a:da]
RSSI: -89 [da:1f:b2:c7:11:3c]
RSSI: -85 [da:18:2a:a1:01:eb]
RSSI: -79 [da:1a:0e:9f:0a:da]
RSSI: -77 [da:1a:0e:9f:0a:da]
RSSI: -84 [da:1f:b2:c7:11:3c]
RSSI: -77 [da:1a:0e:9f:0a:da]
RSSI: -87 [da:1f:b2:d4:11:5c]
RSSI: -87 [da:18:2a:b0:02:1b]
RSSI: -78 [da:1a:0e:ae:0b:0a]
RSSI: -77 [da:1a:0e:bc:0b:3a]
RSSI: -74 [da:1a:0e:bc:0b:3a]
RSSI: -88 [da:1f:b2:ee:11:bc]
RSSI: -89 [da:18:2a:cb:02:6b]
RSSI: -77 [da:1a:0e:c8:0b:5a]
RSSI: -90 [da:1f:b2:fa:11:dc]
RSSI: -93 [da:18:2a:da:02:9b]
RSSI: -75 [da:1a:0e:d7:0b:7a]
RSSI: -75 [da:1a:0e:d7:0b:7a]
RSSI: -87 [da:1f:b3:07:12:0c]
RSSI: -74 [da:1a:0e:e5:0b:aa]
RSSI: -74 [da:1a:0e:f2:0b:ca]
RSSI: -75 [da:1a:0f:00:0b:fa]
RSSI: -73 [da:1a:0f:00:0b:fa]
RSSI: -90 [da:1f:b3:2e:12:7c]
RSSI: -73 [da:1a:0f:0f:0c:2a]
RSSI: -75 [da:1a:0f:0f:0c:2a]
RSSI: -75 [da:1a:0f:0f:0c:2a]
RSSI: -88 [da:18:2b:1f:03:5b]
RSSI: -87 [da:18:2b:2e:03:8b]
RSSI: -75 [da:1a:0f:2a:0c:6a]
RSSI: -89 [da:18:2b:2e:03:8b]
RSSI: -76 [da:1a:0f:38:0c:9a]
RSSI: -89 [da:18:2b:3c:03:bb]
RSSI: -75 [da:1a:0f:38:0c:9a]
RSSI: -89 [da:1f:b3:6e:13:4c]
RSSI: -74 [da:1a:0f:45:0c:ba]
RSSI: -90 [da:18:2b:49:03:db]
RSSI: -79 [da:1a:0f:45:0c:ba]
RSSI: -88 [da:18:2b:58:04:0b]
RSSI: -88 [da:18:2b:58:04:0b]
RSSI: -75 [da:1a:0f:53:0c:ea]
RSSI: -80 [da:1a:0f:62:0d:1a]
RSSI: -83 [da:18:2b:66:04:3b]
RSSI: -83 [da:18:2b:66:04:3b]
RSSI: -90 [da:1f:b3:95:13:bc]
RSSI: -82 [da:18:2b:73:04:5b]
RSSI: -82 [da:1a:0f:6e:0d:3a]
RSSI: -82 [da:18:2b:73:04:5b]
RSSI: -85 [da:18:2b:82:04:8b]
RSSI: -80 [da:1a:0f:7d:0d:6a]
RSSI: -82 [da:18:2b:90:04:ab]
RSSI: -81 [da:18:2b:90:04:ab]
RSSI: -89 [da:1a:0f:8b:0d:8a]
RSSI: -81 [da:18:2b:90:04:ab]
RSSI: -90 [da:1f:b3:bb:14:3c]
RSSI: -82 [da:18:2b:9d:04:db]
RSSI: -87 [da:1a:0f:98:0d:aa]
RSSI: -81 [da:18:2b:9d:04:db]
RSSI: -82 [da:18:2b:ac:05:0b]
RSSI: -91 [da:1a:0f:a6:0d:da]
RSSI: -83 [da:18:2b:ac:05:0b]
RSSI: -82 [da:18:2b:ba:05:2b]
RSSI: -81 [da:18:2b:ba:05:2b]
RSSI: -89 [da:1a:0f:b5:0e:0a]
RSSI: -84 [da:18:2b:c7:05:5b]
RSSI: -82 [da:18:2b:c7:05:5b]
RSSI: -92 [da:1f:b3:fc:15:0c]
RSSI: -84 [da:18:2b:f1:05:cb]
RSSI: -86 [da:1a:0f:eb:0e:9a]
RSSI: -85 [da:1a:0f:f9:0e:ca]
RSSI: -87 [da:18:2c:00:05:fb]
RSSI: -87 [da:1a:0f:f9:0e:ca]
RSSI: -87 [da:18:2c:00:05:fb]
RSSI: -85 [da:1a:10:08:0e:fa]
RSSI: -85 [da:18:2c:0e:06:2b]
RSSI: -87 [da:1a:10:08:0e:fa]
RSSI: -89 [da:18:2c:0e:06:2b]
RSSI: -87 [da:1a:10:14:0f:1a]
RSSI: -85 [da:18:2c:1b:06:4b]
RSSI: -87 [da:1a:10:14:0f:1a]
RSSI: -89 [da:1a:10:23:0f:3a]
RSSI: -85 [da:18:2c:2a:06:7b]
RSSI: -85 [da:18:2c:38:06:ab]
RSSI: -86 [da:1a:10:31:0f:6a]
RSSI: -85 [da:18:2c:38:06:ab]
RSSI: -85 [da:1a:10:3e:0f:8a]
RSSI: -82 [da:18:2c:45:06:cb]
RSSI: -86 [da:18:2c:45:06:cb]
RSSI: -86 [da:1a:10:4c:0f:ba]
RSSI: -85 [da:18:2c:54:06:fb]
RSSI: -82 [da:18:2c:54:06:fb]
RSSI: -83 [da:1a:10:4c:0f:ba]
RSSI: -83 [da:18:2c:54:06:fb]
RSSI: -87 [da:18:2c:62:07:2b]
RSSI: -86 [da:1a:10:5b:0f:da]
RSSI: -97 [da:1f:b4:89:00:5c]
RSSI: -85 [da:1a:10:5b:0f:da]
RSSI: -87 [da:18:2c:6f:07:4b]
RSSI: -87 [da:1a:10:67:10:0a]
RSSI: -87 [da:18:2c:6f:07:4b]
RSSI: -83 [da:18:2c:7e:07:7b]
RSSI: -86 [da:18:2c:7e:07:7b]
RSSI: -87 [da:18:2c:8d:07:9b]
RSSI: -87 [da:18:2c:8d:07:9b]
RSSI: -84 [da:18:2c:99:07:cb]
RSSI: -90 [da:1a:10:91:10:7a]
RSSI: -84 [da:18:2c:99:07:cb]
RSSI: -89 [da:1a:10:91:10:7a]
RSSI: -85 [da:1a:10:a0:10:aa]
RSSI: -82 [da:18:2c:a8:07:fb]
RSSI: -89 [da:1a:10:ae:10:ca]
RSSI: -83 [da:18:2c:b7:08:1b]
RSSI: -84 [da:18:2c:d2:08:7b]
RSSI: -85 [da:18:2c:d2:08:7b]
RSSI: -85 [da:18:2c:d2:08:7b]
RSSI: -86 [da:18:2c:e1:08:9b]
RSSI: -86 [da:18:2c:e1:08:9b]
RSSI: -88 [da:18:2c:ed:08:cb]
RSSI: -93 [da:1a:11:0e:11:ea]
RSSI: -94 [da:18:2d:32:09:8b]
RSSI: -91 [da:18:2d:3e:09:bb]
RSSI: -92 [da:1a:11:46:12:8a]
RSSI: -89 [da:18:2d:4e:09:eb]
RSSI: -95 [da:1d:1a:97:0c:ce]
RSSI: -90 [da:18:2d:8b:0a:9b]
RSSI: -88 [da:1a:11:a8:13:9a]
RSSI: -92 [da:1a:11:b5:13:ba]
RSSI: -93 [da:18:2d:c4:0b:3b]
RSSI: -89 [da:1a:11:d2:14:0a]
RSSI: -90 [da:1a:11:de:14:3a]
RSSI: -89 [da:18:2d:f1:0b:cb]
RSSI: -89 [da:1a:11:fb:14:8a]
RSSI: -90 [da:18:2d:fe:0b:eb]
RSSI: -97 [da:1f:b6:34:05:9c]
RSSI: -90 [da:1a:12:08:14:aa]
RSSI: -94 [da:18:2e:0d:0c:1b]
RSSI: -91 [da:18:2e:1c:0c:3b]
RSSI: -88 [da:1a:12:17:14:da]
RSSI: -89 [da:1a:12:25:14:fa]
RSSI: -91 [da:18:2e:28:0c:6b]
RSSI: -87 [da:1a:12:25:14:fa]
RSSI: -93 [da:1f:b6:68:06:4c]
RSSI: -87 [da:18:2e:53:0c:eb]
RSSI: -88 [da:18:2e:53:0c:eb]
RSSI: -92 [da:1f:b6:75:06:6c]
RSSI: -87 [da:18:2e:61:0d:0b]
RSSI: -86 [da:18:2e:70:0d:3b]
RSSI: -87 [da:18:2e:7d:0d:5b]
RSSI: -92 [da:18:2e:8c:0d:8b]
RSSI: -94 [da:18:2e:8c:0d:8b]
RSSI: -92 [da:1f:b6:c3:07:6c]
RSSI: -89 [da:1f:b6:dd:07:bc]
RSSI: -90 [da:18:2e:c5:0e:3b]
RSSI: -90 [da:1f:b6:ea:07:ec]
RSSI: -89 [da:18:2e:d1:0e:5b]
RSSI: -87 [da:18:2e:e0:0e:8b]
RSSI: -90 [da:18:2e:e0:0e:8b]
RSSI: -89 [da:18:2e:ef:0e:bb]
RSSI: -87 [da:18:2e:ef:0e:bb]
RSSI: -88 [da:18:2e:fc:0e:db]
RSSI: -88 [da:18:2e:fc:0e:db]
RSSI: -90 [da:18:2f:0b:0f:0b]
RSSI: -97 [da:1f:b7:38:08:dc]
RSSI: -91 [da:1f:b7:6c:09:8c]
RSSI: -88 [da:18:2f:5f:10:0b]
RSSI: -86 [da:18:2f:6e:10:3b]
RSSI: -88 [da:18:2f:6e:10:3b]
RSSI: -89 [da:18:2f:7b:10:5b]
RSSI: -92 [da:1a:13:80:02:aa]
RSSI: -89 [da:18:2f:99:10:ab]
RSSI: -90 [da:1a:13:8f:02:ca]
RSSI: -90 [da:18:2f:99:10:ab]
RSSI: -90 [da:1a:13:9e:02:fa]
RSSI: -87 [da:18:2f:a5:10:db]
RSSI: -87 [da:18:2f:a5:10:db]
RSSI: -88 [da:1a:13:aa:03:1a]
RSSI: -86 [da:18:2f:b4:11:0b]
RSSI: -89 [da:1a:13:b9:03:4a]
RSSI: -85 [da:18:2f:c3:11:2b]
RSSI: -88 [da:1a:13:b9:03:4a]
RSSI: -85 [da:18:2f:c3:11:2b]
RSSI: -88 [da:1a:13:b9:03:4a]
RSSI: -86 [da:1a:13:c7:03:6a]
RSSI: -87 [da:18:2f:d0:11:5b]
RSSI: -86 [da:18:2f:d0:11:5b]
RSSI: -89 [da:1a:13:d4:03:9a]
RSSI: -86 [da:1a:13:d4:03:9a]
RSSI: -85 [da:18:2f:df:11:7b]
RSSI: -87 [da:1a:13:d4:03:9a]
RSSI: -88 [da:18:2f:df:11:7b]
RSSI: -85 [da:18:2f:ed:11:ab]
RSSI: -92 [da:1a:13:f1:03:ea]
RSSI: -89 [da:18:30:09:11:fb]
RSSI: -86 [da:18:30:09:11:fb]
RSSI: -88 [da:1a:14:0d:04:3a]
RSSI: -91 [da:1a:14:1b:04:5a]
RSSI: -83 [da:18:30:25:12:4b]
RSSI: -86 [da:18:30:34:12:7b]
RSSI: -90 [da:1a:14:37:04:aa]
RSSI: -86 [da:18:30:42:12:ab]
RSSI: -82 [da:18:30:4f:12:cb]
RSSI: -85 [da:18:30:5e:12:fb]
RSSI: -91 [da:1a:14:52:04:fa]
RSSI: -81 [da:18:30:5e:12:fb]
RSSI: -85 [da:18:30:7a:13:4b]
RSSI: -90 [da:1a:14:7c:05:6a]
RSSI: -81 [da:18:30:89:13:7b]
RSSI: -87 [da:1a:14:8b:05:9a]
RSSI: -83 [da:18:30:97:13:9b]
RSSI: -87 [da:1a:14:8b:05:9a]
RSSI: -88 [da:1a:14:99:05:ca]
RSSI: -84 [da:18:30:a4:13:cb]
RSSI: -88 [da:1a:14:a6:05:ea]
RSSI: -85 [da:18:30:b3:13:eb]
RSSI: -91 [da:1a:14:b5:06:0a]
RSSI: -85 [da:18:30:b3:13:eb]
RSSI: -85 [da:18:30:c2:14:1b]
RSSI: -82 [da:18:30:c2:14:1b]
RSSI: -83 [da:18:30:cf:14:3b]
RSSI: -82 [da:18:30:de:14:6b]
RSSI: -83 [da:18:30:de:14:6b]
RSSI: -78 [da:18:30:ec:14:9b]
RSSI: -79 [da:18:30:ec:14:9b]
RSSI: -79 [da:18:30:f9:14:bb]
RSSI: -76 [da:18:30:f9:14:bb]
RSSI: -77 [da:18:31:08:14:eb]
RSSI: -77 [da:18:31:08:14:eb]
RSSI: -91 [da:1f:b9:34:0f:4c]
RSSI: -75 [da:18:31:17:15:0b]
RSSI: -72 [da:18:31:24:15:3b]
RSSI: -74 [da:18:31:24:15:3b]
RSSI: -72 [da:18:31:33:15:6b]
RSSI: -70 [da:18:31:33:15:6b]
RSSI: -92 [da:1a:15:33:07:7a]
RSSI: -88 [da:1f:b9:68:0f:ec]
RSSI: -92 [da:1a:15:41:07:9a]
RSSI: -91 [da:1f:b9:75:10:1c]
RSSI: -70 [da:18:31:4e:15:bb]
RSSI: -89 [da:1f:b9:75:10:1c]
RSSI: -86 [da:1f:b9:75:10:1c]
RSSI: -69 [da:18:31:5d:15:db]
RSSI: -82 [da:1f:b9:83:10:3c]
RSSI: -70 [da:18:31:5d:15:db]
RSSI: -87 [da:1f:b9:83:10:3c]
RSSI: -82 [da:1f:b9:8f:10:6c]
RSSI: -72 [da:18:31:6c:16:0b]
RSSI: -82 [da:1f:b9:8f:10:6c]
RSSI: -81 [da:1f:b9:aa:10:bc]
RSSI: -74 [da:18:31:88:16:5b]
RSSI: -92 [da:1a:15:87:08:6a]
RSSI: -82 [da:1f:b9:b7:10:ec]
RSSI: -74 [da:18:31:97:00:0b]
RSSI: -81 [da:1f:b9:b7:10:ec]
RSSI: -86 [da:1f:b9:c4:11:1c]
RSSI: -89 [da:1a:15:95:08:9a]
RSSI: -85 [da:1a:15:a2:08:ba]
RSSI: -85 [da:1f:b9:d1:11:3c]
RSSI: -76 [da:18:31:b3:00:5b]
RSSI: -78 [da:18:31:b3:00:5b]
RSSI: -87 [da:1a:15:b1:08:ea]
RSSI: -81 [da:1f:b9:de:11:6c]
RSSI: -77 [da:18:31:c2:00:7b]
RSSI: -86 [da:1a:15:bf:09:0a]
RSSI: -78 [da:18:31:c2:00:7b]
RSSI: -83 [da:1f:b9:eb:11:8c]
RSSI: -85 [da:1a:15:bf:09:0a]
RSSI: -82 [da:1f:b9:eb:11:8c]
RSSI: -79 [da:18:31:ce:00:ab]
RSSI: -82 [da:1a:15:cc:09:3a]
RSSI: -84 [da:1f:b9:f9:11:bc]
RSSI: -86 [da:1a:15:cc:09:3a]
RSSI: -82 [da:18:31:dd:00:db]
RSSI: -83 [da:1a:15:db:09:5a]
RSSI: -81 [da:1f:ba:05:11:ec]
RSSI: -85 [da:18:31:ec:00:fb]
RSSI: -85 [da:1a:15:ea:09:8a]
RSSI: -84 [da:1f:ba:13:12:0c]
RSSI: -85 [da:1a:15:ea:09:8a]
RSSI: -86 [da:18:31:f9:01:2b]
RSSI: -83 [da:1a:15:f6:09:aa]
RSSI: -83 [da:1a:15:f6:09:aa]
RSSI: -85 [da:18:32:08:01:4b]
RSSI: -82 [da:1a:16:05:09:da]
RSSI: -81 [da:1a:16:05:09:da]
RSSI: -81 [da:1a:16:14:09:fa]
RSSI: -91 [da:18:32:17:01:7b]
RSSI: -81 [da:1a:16:14:09:fa]
RSSI: -90 [da:1f:ba:47:12:bc]
RSSI: -90 [da:18:32:23:01:9b]
RSSI: -79 [da:1a:16:20:0a:2a]
RSSI: -87 [da:18:32:23:01:9b]
RSSI: -79 [da:1a:16:20:0a:2a]
RSSI: -82 [da:18:32:33:01:cb]
RSSI: -76 [da:1a:16:2f:0a:4a]
RSSI: -88 [da:18:32:42:01:fb]
RSSI: -75 [da:1a:16:3e:0a:7a]
RSSI: -88 [da:18:32:4e:02:1b]
RSSI: -91 [da:1f:ba:6e:13:3c]
RSSI: -74 [da:1a:16:4b:0a:9a]
RSSI: -89 [da:18:32:4e:02:1b]
RSSI: -74 [da:1a:16:59:0a:ca]
RSSI: -90 [da:18:32:5d:02:4b]
RSSI: -73 [da:1a:16:59:0a:ca]
RSSI: -91 [da:18:32:5d:02:4b]
RSSI: -72 [da:1a:16:68:0a:fa]
RSSI: -91 [da:18:32:6c:02:7b]
RSSI: -73 [da:1a:16:68:0a:fa]
RSSI: -71 [da:1a:16:75:0b:1a]
RSSI: -91 [da:1f:ba:a2:13:dc]
RSSI: -72 [da:1a:16:84:0b:3a]
RSSI: -73 [da:1a:16:92:0b:6a]
RSSI: -96 [da:1f:ba:b5:14:1c]
RSSI: -72 [da:1a:16:92:0b:6a]
RSSI: -73 [da:1a:16:9f:0b:8a]
RSSI: -73 [da:1a:16:9f:0b:8a]
RSSI: -73 [da:1a:16:b3:0b:ca]
RSSI: -71 [da:1a:16:c3:0b:fa]
RSSI: -93 [da:1f:ba:ed:14:bc]
RSSI: -71 [da:1a:16:c3:0b:fa]
RSSI: -87 [da:18:32:ce:03:9b]
RSSI: -74 [da:1a:16:df:0c:4a]
RSSI: -74 [da:1a:16:df:0c:4a]
RSSI: -72 [da:1a:16:ed:0c:6a]
RSSI: -73 [da:1a:16:fa:0c:9a]
RSSI: -88 [da:18:33:08:04:4b]
RSSI: -75 [da:1a:17:09:0c:ba]
RSSI: -76 [da:1a:17:18:0c:ea]
RSSI: -77 [da:1a:17:24:0d:0a]
RSSI: -79 [da:1a:17:24:0d:0a]
RSSI: -89 [da:18:33:33:04:cb]
RSSI: -86 [da:18:33:33:04:cb]
RSSI: -80 [da:1a:17:33:0d:3a]
RSSI: -80 [da:1a:17:33:0d:3a]
RSSI: -84 [da:18:33:42:04:fb]
RSSI: -81 [da:1a:17:42:0d:5a]
RSSI: -88 [da:18:33:42:04:fb]
RSSI: -83 [da:1a:17:42:0d:5a]
RSSI: -85 [da:18:33:4e:05:1b]
RSSI: -85 [da:1a:17:4f:0d:8a]
RSSI: -84 [da:18:33:5e:05:4b]
RSSI: -85 [da:18:33:5e:05:4b]
RSSI: -89 [da:1a:17:5e:0d:aa]
RSSI: -88 [da:1a:17:5e:0d:aa]
RSSI: -83 [da:18:33:6d:05:6b]
RSSI: -88 [da:1a:17:6c:0d:da]
RSSI: -83 [da:18:33:79:05:9b]
RSSI: -83 [da:1a:17:79:0d:fa]
RSSI: -83 [da:18:33:79:05:9b]
RSSI: -88 [da:1a:17:79:0d:fa]
RSSI: -87 [da:1a:17:79:0d:fa]
RSSI: -80 [da:18:33:88:05:bb]
RSSI: -84 [da:1a:17:88:0e:2a]
RSSI: -83 [da:18:33:97:05:eb]
RSSI: -81 [da:1a:17:97:0e:5a]
RSSI: -81 [da:1a:17:97:0e:5a]
RSSI: -88 [da:18:33:a4:06:1b]
RSSI: -83 [da:1a:17:b2:0e:aa]
RSSI: -88 [da:18:33:b3:06:3b]
RSSI: -84 [da:1a:17:b2:0e:aa]
RSSI: -88 [da:18:33:b3:06:3b]
RSSI: -88 [da:18:33:c2:06:6b]
RSSI: -84 [da:1a:17:c1:0e:ca]
RSSI: -84 [da:18:33:c2:06:6b]
RSSI: -87 [da:1a:17:c1:0e:ca]
RSSI: -86 [da:18:33:cf:06:9b]
RSSI: -86 [da:1a:17:ce:0e:fa]
RSSI: -86 [da:1a:17:ce:0e:fa]
RSSI: -88 [da:18:33:de:06:bb]
RSSI: -87 [da:1a:17:dc:0f:1a]
RSSI: -86 [da:18:33:de:06:bb]
RSSI: -83 [da:18:33:ed:06:eb]
RSSI: -85 [da:1a:17:eb:0f:4a]
RSSI: -87 [da:18:33:ed:06:eb]
RSSI: -86 [da:1a:17:eb:0f:4a]
RSSI: -88 [da:18:33:fa:07:1b]
RSSI: -82 [da:1a:17:f8:0f:6a]
RSSI: -84 [da:18:33:fa:07:1b]
RSSI: -85 [da:1a:17:f8:0f:6a]
RSSI: -88 [da:18:34:09:07:3b]
RSSI: -84 [da:1a:18:07:0f:9a]
RSSI: -85 [da:18:34:18:07:6b]
RSSI: -84 [da:1a:18:16:0f:ba]
RSSI: -86 [da:18:34:18:07:6b]
RSSI: -86 [da:1a:18:16:0f:ba]
RSSI: -84 [da:18:34:24:07:9b]
RSSI: -88 [da:18:34:24:07:9b]
RSSI: -88 [da:1a:18:22:0f:ea]
RSSI: -85 [da:18:34:34:07:bb]
RSSI: -84 [da:18:34:34:07:bb]
RSSI: -84 [da:18:34:34:07:bb]
RSSI: -91 [da:1a:18:31:10:0a]
RSSI: -86 [da:18:34:43:07:eb]
RSSI: -84 [da:18:34:43:07:eb]
RSSI: -84 [da:18:34:4f:08:0b]
RSSI: -83 [da:18:34:4f:08:0b]
RSSI: -90 [da:1a:18:4d:10:5a]
RSSI: -82 [da:18:34:5f:08:3b]
RSSI: -82 [da:18:34:5f:08:3b]
RSSI: -85 [da:18:34:6e:08:6b]
RSSI: -83 [da:18:34:6e:08:6b]
RSSI: -82 [da:18:34:7a:08:8b]
RSSI: -83 [da:18:34:8a:08:bb]
RSSI: -87 [da:18:34:8a:08:bb]
RSSI: -88 [da:18:34:99:08:eb]
RSSI: -88 [da:18:34:a5:09:0b]
RSSI: -89 [da:18:34:a5:09:0b]
RSSI: -90 [da:18:34:b4:09:3b]
RSSI: -89 [da:18:34:b4:09:3b]
RSSI: -94 [da:1f:bd:16:05:1c]
RSSI: -96 [da:18:34:fb:0a:0b]
RSSI: -88 [da:18:35:0a:0a:3b]
RSSI: -89 [da:1a:19:05:12:6a]
RSSI: -92 [da:1a:19:14:12:9a]
RSSI: -94 [da:1d:22:3e:0c:8e]
RSSI: -94 [da:1d:22:4b:0c:ae]
RSSI: -90 [da:18:35:44:0a:eb]
RSSI: -94 [da:1d:22:5b:0c:de]
RSSI: -91 [da:1d:22:5b:0c:de]
RSSI: -91 [da:1d:22:6a:0d:0e]
RSSI: -90 [da:1a:19:5a:13:5a]
RSSI: -91 [da:1a:19:69:13:8a]
RSSI: -95 [da:18:35:7c:0b:8b]
RSSI: -89 [da:1a:19:84:13:da]
RSSI: -92 [da:1a:19:93:13:fa]
RSSI: -90 [da:1a:19:a0:14:2a]
RSSI: -91 [da:1d:22:c2:0e:0e]
RSSI: -89 [da:1a:19:af:14:4a]
RSSI: -91 [da:1f:bd:e9:07:bc]
RSSI: -93 [da:1f:bd:f7:07:ec]
RSSI: -88 [da:1d:22:ee:0e:7e]
RSSI: -89 [da:1a:19:e8:14:ea]
RSSI: -91 [da:1f:be:11:08:3c]
RSSI: -90 [da:1f:be:1e:08:6c]
RSSI: -88 [da:1a:19:f5:15:1a]
RSSI: -89 [da:1f:be:38:08:bc]
RSSI: -91 [da:1a:1a:13:15:6a]
RSSI: -89 [da:1a:1a:13:15:6a]
RSSI: -92 [da:1f:be:53:09:1c]
RSSI: -90 [da:1f:be:6e:09:6c]
RSSI: -87 [da:18:36:53:0e:0b]
RSSI: -87 [da:18:36:53:0e:0b]
RSSI: -91 [da:1f:be:88:09:bc]
RSSI: -88 [da:18:36:62:0e:3b]
RSSI: -89 [da:18:36:71:0e:6b]
RSSI: -91 [da:18:36:7e:0e:8b]
RSSI: -89 [da:18:36:7e:0e:8b]
RSSI: -93 [da:1f:be:a3:0a:0c]
RSSI: -87 [da:18:36:8d:0e:bb]
RSSI: -93 [da:1f:be:bd:0a:6c]
RSSI: -93 [da:1f:be:cb:0a:8c]
RSSI: -85 [da:18:36:b8:0f:3b]
RSSI: -86 [da:18:36:b8:0f:3b]
RSSI: -87 [da:18:36:b8:0f:3b]
RSSI: -88 [da:18:36:c8:0f:6b]
RSSI: -89 [da:18:36:c8:0f:6b]
RSSI: -87 [da:18:36:d4:0f:8b]
RSSI: -93 [da:1a:1a:d9:01:6a]
RSSI: -94 [da:1a:1a:d9:01:6a]
RSSI: -86 [da:18:36:e4:0f:bb]
RSSI: -86 [da:18:36:f3:0f:eb]
RSSI: -83 [da:18:36:f3:0f:eb]
RSSI: -85 [da:18:36:ff:10:0b]
RSSI: -83 [da:18:36:ff:10:0b]
RSSI: -90 [da:1a:1b:03:01:da]
RSSI: -88 [da:18:37:0f:10:3b]
RSSI: -90 [da:18:37:2a:10:8b]
RSSI: -91 [da:18:37:2a:10:8b]
RSSI: -90 [da:1a:1b:3d:02:8a]
RSSI: -87 [da:18:37:49:10:eb]
RSSI: -91 [da:1a:1b:4a:02:aa]
RSSI: -90 [da:1a:1b:4a:02:aa]
RSSI: -89 [da:1a:1b:59:02:da]
RSSI: -86 [da:18:37:65:11:3b]
RSSI: -91 [da:1a:1b:59:02:da]
RSSI: -86 [da:18:37:65:11:3b]
RSSI: -89 [da:1a:1b:68:02:fa]
RSSI: -87 [da:18:37:65:11:3b]
RSSI: -86 [da:1a:1b:68:02:fa]
RSSI: -87 [da:18:37:74:11:6b]
RSSI: -87 [da:18:37:74:11:6b]
RSSI: -91 [da:1a:1b:74:03:2a]
RSSI: -88 [da:18:37:81:11:8b]
RSSI: -88 [da:18:37:90:11:bb]
RSSI: -87 [da:1a:1b:92:03:7a]
RSSI: -89 [da:18:37:9f:11:eb]
RSSI: -89 [da:18:37:9f:11:eb]
RSSI: -88 [da:1a:1b:9f:03:9a]
RSSI: -87 [da:18:37:ac:12:0b]
RSSI: -94 [da:1a:1b:ae:03:ca]
RSSI: -86 [da:18:37:bb:12:3b]
RSSI: -92 [da:1a:1b:bd:03:ea]
RSSI: -87 [da:18:37:ca:12:6b]
RSSI: -86 [da:18:37:ca:12:6b]
RSSI: -87 [da:18:37:d7:12:8b]
RSSI: -89 [da:1f:bf:fc:0e:6c]
RSSI: -91 [da:1a:1b:d9:04:3a]
RSSI: -87 [da:18:37:d7:12:8b]
RSSI: -88 [da:1a:1b:d9:04:3a]
RSSI: -88 [da:18:37:e6:12:bb]
RSSI: -81 [da:18:37:f6:12:eb]
RSSI: -92 [da:1a:1b:f4:04:8a]
RSSI: -83 [da:18:38:02:13:0b]
RSSI: -87 [da:1a:1c:04:04:ba]
RSSI: -87 [da:1a:1c:04:04:ba]
RSSI: -84 [da:18:38:12:13:3b]
RSSI: -85 [da:18:38:12:13:3b]
RSSI: -83 [da:18:38:12:13:3b]
RSSI: -91 [da:1f:c0:3f:0f:4c]
RSSI: -82 [da:18:38:21:13:6b]
RSSI: -94 [da:1a:1c:1f:05:0a]
RSSI: -86 [da:18:38:21:13:6b]
RSSI: -93 [da:1a:1c:1f:05:0a]
RSSI: -87 [da:1f:c0:4c:0f:6c]
RSSI: -84 [da:18:38:2e:13:8b]
RSSI: -88 [da:1f:c0:5a:0f:9c]
RSSI: -88 [da:18:38:3d:13:bb]
RSSI: -88 [da:1f:c0:66:0f:cc]
RSSI: -89 [da:1a:1c:3d:05:5a]
RSSI: -87 [da:1f:c0:66:0f:cc]
RSSI: -88 [da:18:38:4c:13:eb]
RSSI: -84 [da:1f:c0:74:0f:ec]
RSSI: -88 [da:18:38:4c:13:eb]
RSSI: -83 [da:1f:c0:74:0f:ec]
RSSI: -85 [da:18:38:59:14:0b]
RSSI: -85 [da:18:38:59:14:0b]
RSSI: -92 [da:1a:1c:59:05:aa]
RSSI: -85 [da:1f:c0:82:10:1c]
RSSI: -84 [da:18:38:59:14:0b]
RSSI: -83 [da:1f:c0:82:10:1c]
RSSI: -83 [da:1f:c0:8e:10:4c]
RSSI: -77 [da:18:38:78:14:6b]
RSSI: -81 [da:1f:c0:9c:10:6c]
RSSI: -83 [da:1f:c0:9c:10:6c]
RSSI: -82 [da:1f:c0:aa:10:9c]
RSSI: -78 [da:18:38:84:14:8b]
RSSI: -81 [da:1f:c0:aa:10:9c]
RSSI: -76 [da:18:38:84:14:8b]
RSSI: -81 [da:1f:c0:aa:10:9c]
RSSI: -81 [da:1f:c0:b6:10:cc]
RSSI: -77 [da:18:38:94:14:bb]
RSSI: -77 [da:18:38:a3:14:eb]
RSSI: -81 [da:1f:c0:c4:10:ec]
RSSI: -75 [da:18:38:a3:14:eb]
RSSI: -81 [da:1f:c0:c4:10:ec]
RSSI: -80 [da:1f:c0:d2:11:1c]
RSSI: -77 [da:18:38:b0:15:0b]
RSSI: -75 [da:18:38:bf:15:3b]
RSSI: -81 [da:1f:c0:de:11:4c]
RSSI: -75 [da:18:38:bf:15:3b]
RSSI: -79 [da:1f:c0:ec:11:6c]
RSSI: -74 [da:18:38:ce:15:6b]
RSSI: -83 [da:1f:c0:fa:11:9c]
RSSI: -74 [da:18:38:db:15:8b]
RSSI: -85 [da:1f:c1:06:11:cc]
RSSI: -75 [da:18:38:ea:15:bb]
RSSI: -86 [da:1f:c1:06:11:cc]
RSSI: -92 [da:1a:1c:e8:07:4a]
RSSI: -76 [da:18:38:ea:15:bb]
RSSI: -84 [da:1f:c1:14:11:ec]
RSSI: -88 [da:1f:c1:14:11:ec]
RSSI: -75 [da:18:38:fa:15:eb]
RSSI: -88 [da:1a:1c:f5:07:6a]
RSSI: -75 [da:18:38:fa:15:eb]
RSSI: -84 [da:1f:c1:22:12:1c]
RSSI: -89 [da:1a:1c:f5:07:6a]
RSSI: -86 [da:1f:c1:2f:12:3c]
RSSI: -74 [da:18:39:06:16:0b]
RSSI: -89 [da:1a:1d:04:07:9a]
RSSI: -87 [da:1f:c1:2f:12:3c]
RSSI: -88 [da:1a:1d:04:07:9a]
RSSI: -87 [da:1f:c1:2f:12:3c]
RSSI: -77 [da:18:39:16:16:3b]
RSSI: -88 [da:1f:c1:3c:12:6c]
RSSI: -73 [da:18:39:32:00:0b]
RSSI: -74 [da:18:39:32:00:0b]
RSSI: -88 [da:1a:1d:2f:08:1a]
RSSI: -74 [da:18:39:32:00:0b]
RSSI: -73 [da:18:39:41:00:2b]
RSSI: -86 [da:1a:1d:3e:08:4a]
RSSI: -73 [da:18:39:50:00:5b]
RSSI: -82 [da:1a:1d:4b:08:6a]
RSSI: -86 [da:1a:1d:4b:08:6a]
RSSI: -74 [da:18:39:5d:00:7b]
RSSI: -81 [da:1a:1d:5a:08:8a]
RSSI: -74 [da:18:39:6c:00:ab]
RSSI: -88 [da:1f:c1:8c:13:6c]
RSSI: -75 [da:18:39:6c:00:ab]
RSSI: -88 [da:1f:c1:9a:13:9c]
RSSI: -76 [da:18:39:7c:00:db]
RSSI: -76 [da:18:39:7c:00:db]
RSSI: -80 [da:1a:1d:85:09:0a]
RSSI: -83 [da:1a:1d:85:09:0a]
RSSI: -81 [da:1a:1d:94:09:3a]
RSSI: -80 [da:18:39:98:01:2b]
RSSI: -81 [da:1a:1d:94:09:3a]
RSSI: -80 [da:1a:1d:94:09:3a]
RSSI: -81 [da:18:39:98:01:2b]
RSSI: -83 [da:1a:1d:a0:09:5a]
RSSI: -81 [da:18:39:a7:01:5b]
RSSI: -81 [da:1a:1d:a0:09:5a]
RSSI: -83 [da:18:39:a7:01:5b]
RSSI: -83 [da:1a:1d:b0:09:8a]
RSSI: -86 [da:18:39:b4:01:7b]
RSSI: -82 [da:1a:1d:b0:09:8a]
RSSI: -81 [da:1a:1d:b0:09:8a]
RSSI: -88 [da:18:39:c3:01:ab]
RSSI: -80 [da:1a:1d:bf:09:ba]
RSSI: -88 [da:18:39:c3:01:ab]
RSSI: -79 [da:1a:1d:cb:09:da]
RSSI: -89 [da:1f:c1:f7:14:bc]
RSSI: -78 [da:1a:1d:cb:09:da]
RSSI: -90 [da:1f:c1:f7:14:bc]
RSSI: -87 [da:18:39:df:01:fb]
RSSI: -78 [da:1a:1d:db:0a:0a]
RSSI: -96 [da:18:39:df:01:fb]
RSSI: -77 [da:1a:1d:db:0a:0a]
RSSI: -76 [da:1a:1d:ea:0a:2a]
RSSI: -87 [da:18:39:ee:02:2b]
RSSI: -89 [da:18:39:fe:02:5b]
RSSI: -74 [da:1a:1d:f6:0a:5a]
RSSI: -89 [da:18:3a:0a:02:7b]
RSSI: -74 [da:1a:1e:05:0a:7a]
RSSI: -88 [da:18:3a:0a:02:7b]
RSSI: -75 [da:1a:1e:15:0a:aa]
RSSI: -84 [da:18:3a:1a:02:ab]
RSSI: -74 [da:1a:1e:15:0a:aa]
RSSI: -86 [da:18:3a:1a:02:ab]
RSSI: -74 [da:1a:1e:15:0a:aa]
RSSI: -85 [da:18:3a:29:02:db]
RSSI: -73 [da:1a:1e:21:0a:ca]
RSSI: -94 [da:1f:c2:55:15:ec]
RSSI: -71 [da:1a:1e:30:0a:fa]
RSSI: -71 [da:1a:1e:30:0a:fa]
RSSI: -87 [da:18:3a:45:03:2b]
RSSI: -73 [da:1a:1e:3f:0b:2a]
RSSI: -97 [da:1f:c2:63:16:1c]
RSSI: -85 [da:18:3a:55:03:5b]
RSSI: -72 [da:1a:1e:4c:0b:4a]
RSSI: -85 [da:18:3a:55:03:5b]
RSSI: -89 [da:18:3a:55:03:5b]
RSSI: -72 [da:1a:1e:4c:0b:4a]
RSSI: -72 [da:1a:1e:4c:0b:4a]
RSSI: -72 [da:1a:1e:5b:0b:7a]
RSSI: -71 [da:1a:1e:6a:0b:aa]
RSSI: -85 [da:18:3a:71:03:ab]
RSSI: -72 [da:1a:1e:77:0b:ca]
RSSI: -73 [da:1a:1e:86:0b:fa]
RSSI: -84 [da:18:3a:8d:03:fb]
RSSI: -73 [da:1a:1e:86:0b:fa]
RSSI: -84 [da:18:3a:8d:03:fb]
RSSI: -72 [da:1a:1e:95:0c:1a]
RSSI: -82 [da:18:3a:9c:04:2b]
RSSI: -74 [da:1a:1e:95:0c:1a]
RSSI: -85 [da:18:3a:9c:04:2b]
RSSI: -73 [da:1a:1e:a2:0c:4a]
RSSI: -88 [da:18:3a:ac:04:5b]
RSSI: -75 [da:1a:1e:b1:0c:6a]
RSSI: -83 [da:18:3a:b8:04:7b]
RSSI: -75 [da:1a:1e:b1:0c:6a]
RSSI: -75 [da:1a:1e:c0:0c:9a]
RSSI: -80 [da:18:3a:c8:04:ab]
RSSI: -81 [da:18:3a:c8:04:ab]
RSSI: -75 [da:1a:1e:c0:0c:9a]
RSSI: -81 [da:18:3a:c8:04:ab]
RSSI: -77 [da:1a:1e:cd:0c:ca]
RSSI: -80 [da:18:3a:d7:04:db]
RSSI: -84 [da:18:3a:e4:05:0b]
RSSI: -77 [da:1a:1e:dc:0c:ea]
RSSI: -80 [da:18:3a:e4:05:0b]
RSSI: -83 [da:1a:1e:eb:0d:1a]
RSSI: -82 [da:18:3a:f3:05:2b]
RSSI: -82 [da:18:3a:f3:05:2b]
RSSI: -83 [da:18:3b:03:05:5b]
RSSI: -85 [da:1a:1e:f8:0d:3a]
RSSI: -84 [da:18:3b:03:05:5b]
RSSI: -88 [da:1a:1e:f8:0d:3a]
RSSI: -85 [da:1a:1f:07:0d:6a]
RSSI: -82 [da:18:3b:0f:05:8b]
RSSI: -88 [da:1a:1f:16:0d:9a]
RSSI: -83 [da:18:3b:1f:05:ab]
RSSI: -88 [da:1a:1f:16:0d:9a]
RSSI: -82 [da:18:3b:1f:05:ab]
RSSI: -81 [da:18:3b:2e:05:db]
RSSI: -89 [da:1a:1f:23:0d:ba]
RSSI: -81 [da:18:3b:2e:05:db]
RSSI: -86 [da:1a:1f:32:0d:ea]
RSSI: -82 [da:1a:1f:41:0e:1a]
RSSI: -84 [da:18:3b:4a:06:3b]
RSSI: -86 [da:18:3b:5a:06:6b]
RSSI: -85 [da:1a:1f:5d:0e:6a]
RSSI: -85 [da:18:3b:66:06:8b]
RSSI: -86 [da:1a:1f:6d:0e:8a]
RSSI: -87 [da:1a:1f:6d:0e:8a]
RSSI: -82 [da:18:3b:7e:06:cb]
RSSI: -88 [da:1a:1f:79:0e:ba]
RSSI: -86 [da:1a:1f:79:0e:ba]
RSSI: -82 [da:18:3b:8b:06:fb]
RSSI: -88 [da:1a:1f:88:0e:da]
RSSI: -85 [da:18:3b:98:07:1b]
RSSI: -87 [da:1a:1f:a4:0f:2a]
RSSI: -87 [da:1a:1f:b4:0f:5a]
RSSI: -85 [da:18:3b:c4:07:ab]
RSSI: -87 [da:1a:1f:c3:0f:8a]
RSSI: -86 [da:18:3b:c4:07:ab]
RSSI: -90 [da:1a:1f:c3:0f:8a]
RSSI: -83 [da:18:3b:d3:07:cb]
RSSI: -93 [da:1a:1f:cf:0f:aa]
RSSI: -85 [da:18:3b:d3:07:cb]
RSSI: -85 [da:18:3b:e3:07:fb]
RSSI: -92 [da:1a:1f:df:0f:da]
RSSI: -90 [da:1a:1f:ee:10:0a]
RSSI: -80 [da:18:3b:ef:08:2b]
RSSI: -85 [da:18:3b:ff:08:4b]
RSSI: -80 [da:18:3b:ff:08:4b]
RSSI: -86 [da:18:3c:0e:08:7b]
RSSI: -85 [da:18:3c:0e:08:7b]
RSSI: -87 [da:1a:20:0a:10:5a]
RSSI: -85 [da:18:3c:0e:08:7b]
RSSI: -88 [da:1a:20:19:10:7a]
RSSI: -84 [da:18:3c:1b:08:ab]
RSSI: -89 [da:1a:20:19:10:7a]
RSSI: -83 [da:18:3c:2b:08:cb]
RSSI: -83 [da:18:3c:2b:08:cb]
RSSI: -93 [da:1a:20:26:10:aa]
RSSI: -84 [da:18:3c:3a:08:fb]
RSSI: -84 [da:18:3c:3a:08:fb]
RSSI: -85 [da:18:3c:47:09:2b]
RSSI: -84 [da:18:3c:47:09:2b]
RSSI: -88 [da:18:3c:56:09:5b]
RSSI: -85 [da:18:3c:56:09:5b]
RSSI: -94 [da:1f:c4:97:06:8c]
RSSI: -91 [da:18:3c:9e:0a:2b]
RSSI: -91 [da:18:3c:9e:0a:2b]
RSSI: -94 [da:1a:20:a7:12:1a]
RSSI: -89 [da:18:3c:bd:0a:8b]
RSSI: -93 [da:1a:20:c6:12:6a]
RSSI: -92 [da:18:3c:ca:0a:ab]
RSSI: -94 [da:18:3c:d9:0a:db]
RSSI: -94 [da:1a:20:fd:13:0a]
RSSI: -91 [da:1f:c5:2b:08:5c]
RSSI: -85 [da:1a:21:0d:13:3a]
RSSI: -88 [da:18:3d:15:0b:8b]
RSSI: -90 [da:1a:21:0d:13:3a]
RSSI: -90 [da:1a:21:1c:13:5a]
RSSI: -92 [da:18:3d:31:0b:db]
RSSI: -89 [da:1a:21:29:13:8a]
RSSI: -91 [da:1f:c5:53:08:ec]
RSSI: -91 [da:18:3d:31:0b:db]
RSSI: -88 [da:18:3d:40:0c:0b]
RSSI: -87 [da:1a:21:38:13:aa]
RSSI: -90 [da:18:3d:40:0c:0b]
RSSI: -88 [da:1a:21:47:13:da]
RSSI: -96 [da:1f:c5:8a:09:8c]
RSSI: -90 [da:1f:c5:a4:09:ec]
RSSI: -90 [da:1a:21:7f:14:7a]
RSSI: -89 [da:1a:21:8f:14:aa]
RSSI: -92 [da:18:3d:98:0d:0b]
RSSI: -95 [da:1d:2a:a3:0e:9e]
RSSI: -90 [da:1a:21:9e:14:da]
RSSI: -89 [da:1a:21:9e:14:da]
RSSI: -91 [da:1f:c5:cd:0a:6c]
RSSI: -91 [da:18:3d:a4:0d:3b]
RSSI: -88 [da:1a:21:aa:14:fa]
RSSI: -87 [da:1a:21:aa:14:fa]
RSSI: -89 [da:18:3d:b4:0d:6b]
RSSI: -90 [da:1a:21:ba:15:2a]
RSSI: -91 [da:18:3d:c4:0d:8b]
RSSI: -93 [da:1f:c5:e7:0a:bc]
RSSI: -95 [da:1f:c5:e7:0a:bc]
RSSI: -90 [da:1a:21:c9:15:5a]
RSSI: -88 [da:18:3d:d0:0d:bb]
RSSI: -88 [da:18:3d:e0:0d:eb]
RSSI: -88 [da:18:3d:ef:0e:1b]
RSSI: -93 [da:1a:21:e5:15:aa]
RSSI: -89 [da:18:3d:fc:0e:3b]
RSSI: -88 [da:18:3e:0c:0e:6b]
RSSI: -89 [da:18:3e:1b:0e:9b]
RSSI: -89 [da:18:3e:1b:0e:9b]
RSSI: -87 [da:18:3e:28:0e:bb]
RSSI: -88 [da:18:3e:28:0e:bb]
RSSI: -85 [da:18:3e:37:0e:eb]
RSSI: -84 [da:18:3e:47:0f:1b]
RSSI: -84 [da:18:3e:47:0f:1b]
RSSI: -86 [da:18:3e:54:0f:3b]
RSSI: -84 [da:18:3e:63:0f:6b]
RSSI: -85 [da:18:3e:73:0f:9b]
RSSI: -85 [da:18:3e:7f:0f:bb]
RSSI: -84 [da:18:3e:7f:0f:bb]
RSSI: -89 [da:18:3e:8f:0f:eb]
RSSI: -87 [da:18:3e:ab:10:4b]
RSSI: -89 [da:1a:22:a2:01:aa]
RSSI: -86 [da:18:3e:ab:10:4b]
RSSI: -89 [da:18:3e:ab:10:4b]
RSSI: -87 [da:18:3e:ab:10:4b]
RSSI: -93 [da:1f:c6:db:0d:cc]
RSSI: -89 [da:1a:22:be:01:fa]
RSSI: -89 [da:1a:22:cd:02:1a]
RSSI: -90 [da:1a:22:cd:02:1a]
RSSI: -90 [da:18:3e:e7:10:fb]
RSSI: -91 [da:18:3e:e7:10:fb]
RSSI: -89 [da:1a:22:f9:02:9a]
RSSI: -88 [da:18:3f:03:11:4b]
RSSI: -88 [da:1a:23:05:02:ca]
RSSI: -88 [da:18:3f:13:11:7b]
RSSI: -88 [da:1a:23:05:02:ca]
RSSI: -87 [da:18:3f:13:11:7b]
RSSI: -88 [da:18:3f:22:11:ab]
RSSI: -87 [da:18:3f:22:11:ab]
RSSI: -86 [da:1a:23:24:03:1a]
RSSI: -87 [da:18:3f:2f:11:cb]
RSSI: -93 [da:1f:c7:55:0f:5c]
RSSI: -88 [da:18:3f:3f:11:fb]
RSSI: -88 [da:1a:23:40:03:6a]
RSSI: -87 [da:18:3f:3f:11:fb]
RSSI: -91 [da:1f:c7:63:0f:8c]
RSSI: -86 [da:1f:c7:71:0f:ac]
RSSI: -87 [da:18:3f:4e:12:2b]
RSSI: -90 [da:1a:23:4f:03:9a]
RSSI: -85 [da:1f:c7:7d:0f:dc]
RSSI: -89 [da:1a:23:4f:03:9a]
RSSI: -88 [da:18:3f:5b:12:4b]
RSSI: -84 [da:1f:c7:7d:0f:dc]
RSSI: -90 [da:1a:23:6b:03:ea]
RSSI: -88 [da:18:3f:6b:12:7b]
RSSI: -89 [da:18:3f:7b:12:ab]
RSSI: -80 [da:1f:c7:a6:10:5c]
RSSI: -83 [da:18:3f:87:12:cb]
RSSI: -81 [da:1f:c7:b4:10:8c]
RSSI: -77 [da:1f:c7:b4:10:8c]
RSSI: -84 [da:18:3f:97:12:fb]
RSSI: -87 [da:1a:23:97:04:5a]
RSSI: -81 [da:1f:c7:c2:10:bc]
RSSI: -83 [da:18:3f:a6:13:2b]
RSSI: -91 [da:1a:23:a6:04:8a]
RSSI: -77 [da:1f:c7:cf:10:dc]
RSSI: -83 [da:18:3f:b3:13:4b]
RSSI: -80 [da:1f:c7:dd:11:0c]
RSSI: -77 [da:1f:c7:dd:11:0c]
RSSI: -80 [da:18:3f:c3:13:7b]
RSSI: -80 [da:1f:c7:eb:11:3c]
RSSI: -92 [da:1a:23:c2:04:da]
RSSI: -83 [da:18:3f:d2:13:ab]
RSSI: -81 [da:1f:c7:f7:11:5c]
RSSI: -86 [da:18:3f:df:13:cb]
RSSI: -82 [da:1f:c8:0b:11:9c]
RSSI: -81 [da:1f:c8:0b:11:9c]
RSSI: -81 [da:1f:c8:1b:11:dc]
RSSI: -82 [da:18:3f:fe:14:2b]
RSSI: -89 [da:1a:23:fd:05:8a]
RSSI: -83 [da:1f:c8:28:11:fc]
RSSI: -83 [da:18:40:0b:14:4b]
RSSI: -80 [da:1f:c8:28:11:fc]
RSSI: -90 [da:1a:24:0a:05:aa]
RSSI: -80 [da:18:40:0b:14:4b]
RSSI: -84 [da:1f:c8:36:12:2c]
RSSI: -83 [da:18:40:1b:14:7b]
RSSI: -80 [da:18:40:1b:14:7b]
RSSI: -79 [da:18:40:1b:14:7b]
RSSI: -79 [da:18:40:2a:14:ab]
RSSI: -87 [da:1f:c8:50:12:7c]
RSSI: -91 [da:1f:c8:50:12:7c]
RSSI: -75 [da:18:40:37:14:cb]
RSSI: -74 [da:18:40:37:14:cb]
RSSI: -73 [da:18:40:47:14:fb]
RSSI: -72 [da:18:40:47:14:fb]
RSSI: -72 [da:18:40:56:15:2b]
RSSI: -72 [da:18:40:56:15:2b]
RSSI: -72 [da:18:40:63:15:4b]
RSSI: -94 [da:1f:c8:87:13:2c]
RSSI: -72 [da:18:40:63:15:4b]
RSSI: -86 [da:1f:c8:95:13:5c]
RSSI: -73 [da:18:40:73:15:7b]
RSSI: -73 [da:18:40:73:15:7b]
RSSI: -90 [da:1f:c8:a2:13:8c]
RSSI: -73 [da:18:40:83:15:ab]
RSSI: -84 [da:1f:c8:a2:13:8c]
RSSI: -70 [da:18:40:83:15:ab]
RSSI: -92 [da:1a:24:80:06:fa]
RSSI: -72 [da:18:40:8f:15:cb]
RSSI: -86 [da:1f:c8:b0:13:ac]
RSSI: -90 [da:1a:24:8d:07:1a]
RSSI: -72 [da:18:40:9f:15:fb]
RSSI: -72 [da:18:40:9f:15:fb]
RSSI: -72 [da:18:40:9f:15:fb]
RSSI: -88 [da:1f:c8:cb:14:0c]
RSSI: -71 [da:18:40:af:16:2b]
RSSI: -73 [da:18:40:af:16:2b]
RSSI: -93 [da:1a:24:ab:07:6a]
RSSI: -91 [da:1f:c8:d9:14:2c]
RSSI: -71 [da:18:40:bb:16:4b]
RSSI: -75 [da:18:40:cb:16:7b]
RSSI: -72 [da:18:40:cb:16:7b]
RSSI: -74 [da:18:40:db:00:2b]
RSSI: -74 [da:18:40:db:00:2b]
RSSI: -75 [da:18:40:e7:00:5b]
RSSI: -75 [da:18:40:f7:00:8b]
RSSI: -85 [da:1a:24:f8:08:4a]
RSSI: -83 [da:1a:24:f8:08:4a]
RSSI: -75 [da:18:41:07:00:bb]
RSSI: -83 [da:1a:25:09:08:7a]
RSSI: -75 [da:18:41:13:00:db]
RSSI: -83 [da:1a:25:09:08:7a]
RSSI: -81 [da:1a:25:15:08:9a]
RSSI: -78 [da:18:41:23:01:0b]
RSSI: -77 [da:18:41:33:01:3b]
RSSI: -80 [da:1a:25:25:08:ca]
RSSI: -77 [da:18:41:33:01:3b]
RSSI: -83 [da:1a:25:34:08:fa]
RSSI: -79 [da:18:41:3f:01:5b]
RSSI: -82 [da:1a:25:41:09:1a]
RSSI: -92 [da:1f:c9:6e:16:0c]
RSSI: -82 [da:18:41:4f:01:8b]
RSSI: -81 [da:1a:25:51:09:4a]
RSSI: -81 [da:1a:25:51:09:4a]
RSSI: -85 [da:18:41:5f:01:bb]
RSSI: -80 [da:1a:25:60:09:7a]
RSSI: -83 [da:18:41:6c:01:db]
RSSI: -81 [da:1a:25:6d:09:9a]
RSSI: -85 [da:18:41:6c:01:db]
RSSI: -92 [da:1f:c9:97:00:0c]
RSSI: -79 [da:1a:25:6d:09:9a]
RSSI: -82 [da:18:41:7b:02:0b]
RSSI: -78 [da:1a:25:7c:09:ca]
RSSI: -77 [da:1a:25:7c:09:ca]
RSSI: -83 [da:18:41:8b:02:3b]
RSSI: -76 [da:1a:25:8c:09:fa]
RSSI: -85 [da:18:41:98:02:5b]
RSSI: -75 [da:1a:25:98:0a:1a]
RSSI: -84 [da:18:41:98:02:5b]
RSSI: -74 [da:1a:25:98:0a:1a]
RSSI: -85 [da:18:41:a7:02:8b]
RSSI: -75 [da:1a:25:a8:0a:4a]
RSSI: -74 [da:1a:25:a8:0a:4a]
RSSI: -74 [da:1a:25:a8:0a:4a]
RSSI: -86 [da:18:41:b7:02:bb]
RSSI: -73 [da:1a:25:b7:0a:7a]
RSSI: -89 [da:18:41:c4:02:eb]
RSSI: -72 [da:1a:25:c4:0a:9a]
RSSI: -73 [da:1a:25:c4:0a:9a]
RSSI: -73 [da:1a:25:d4:0a:ca]
RSSI: -71 [da:1a:25:d4:0a:ca]
RSSI: -72 [da:1a:25:e3:0a:fa]
RSSI: -72 [da:1a:25:e3:0a:fa]
RSSI: -72 [da:1a:25:f0:0b:1a]
RSSI: -73 [da:1a:25:f0:0b:1a]
RSSI: -71 [da:1a:25:ff:0b:4a]
RSSI: -73 [da:1a:25:ff:0b:4a]
RSSI: -93 [da:18:42:10:03:cb]
RSSI: -70 [da:1a:26:0f:0b:6a]
RSSI: -93 [da:18:42:1c:03:eb]
RSSI: -74 [da:1a:26:1b:0b:9a]
RSSI: -74 [da:1a:26:2b:0b:ca]
RSSI: -74 [da:1a:26:2b:0b:ca]
RSSI: -72 [da:1a:26:3b:0b:ea]
RSSI: -74 [da:1a:26:3b:0b:ea]
RSSI: -72 [da:1a:26:47:0c:1a]
RSSI: -72 [da:1a:26:47:0c:1a]
RSSI: -94 [da:18:42:58:04:9b]
RSSI: -74 [da:1a:26:57:0c:4a]
RSSI: -74 [da:1a:26:66:0c:6a]
RSSI: -73 [da:1a:26:66:0c:6a]
RSSI: -74 [da:1a:26:73:0c:9a]
RSSI: -74 [da:1a:26:73:0c:9a]
RSSI: -74 [da:1a:26:73:0c:9a]
RSSI: -87 [da:18:42:84:05:1b]
RSSI: -87 [da:18:42:84:05:1b]
RSSI: -76 [da:1a:26:83:0c:ba]
RSSI: -83 [da:18:42:94:05:4b]
RSSI: -78 [da:1a:26:92:0c:ea]
RSSI: -84 [da:18:42:94:05:4b]
RSSI: -82 [da:1a:26:9f:0d:0a]
RSSI: -85 [da:18:42:a1:05:7b]
RSSI: -83 [da:1a:26:9f:0d:0a]
RSSI: -85 [da:1a:26:9f:0d:0a]
RSSI: -85 [da:18:42:b1:05:9b]
RSSI: -87 [da:18:42:b1:05:9b]
RSSI: -87 [da:1a:26:ae:0d:3a]
RSSI: -85 [da:18:42:c0:05:cb]
RSSI: -88 [da:18:42:cd:05:fb]
RSSI: -85 [da:18:42:cd:05:fb]
RSSI: -87 [da:1a:26:ca:0d:8a]
RSSI: -86 [da:18:42:dd:06:2b]
RSSI: -86 [da:1a:26:da:0d:ba]
RSSI: -85 [da:18:42:dd:06:2b]
RSSI: -86 [da:1a:26:da:0d:ba]
RSSI: -83 [da:18:42:ed:06:5b]
RSSI: -83 [da:18:42:ed:06:5b]
RSSI: -83 [da:1a:26:ea:0d:ea]
RSSI: -83 [da:18:42:f9:06:7b]
RSSI: -83 [da:18:42:f9:06:7b]
RSSI: -85 [da:18:43:09:06:ab]
RSSI: -85 [da:1a:27:06:0e:3a]
RSSI: -83 [da:1a:27:06:0e:3a]
RSSI: -82 [da:1a:27:16:0e:6a]
RSSI: -87 [da:18:43:19:06:db]
RSSI: -84 [da:1a:27:16:0e:6a]
RSSI: -86 [da:18:43:26:06:fb]
RSSI: -88 [da:1a:27:32:0e:ba]
RSSI: -86 [da:1a:27:42:0e:ea]
RSSI: -86 [da:18:43:52:07:7b]
RSSI: -85 [da:1a:27:4e:0f:0a]
RSSI: -84 [da:18:43:52:07:7b]
RSSI: -84 [da:1a:27:4e:0f:0a]
RSSI: -84 [da:18:43:52:07:7b]
RSSI: -87 [da:1a:27:5e:0f:3a]
RSSI: -85 [da:18:43:62:07:ab]
RSSI: -86 [da:1a:27:5e:0f:3a]
RSSI: -83 [da:1a:27:6d:0f:5a]
RSSI: -86 [da:1a:27:6d:0f:5a]
RSSI: -84 [da:18:43:7e:07:fb]
RSSI: -87 [da:1a:27:7a:0f:8a]
RSSI: -86 [da:1a:27:7a:0f:8a]
RSSI: -83 [da:18:43:7e:07:fb]
RSSI: -87 [da:1a:27:7a:0f:8a]
RSSI: -86 [da:18:43:8e:08:2b]
RSSI: -91 [da:1a:27:8a:0f:ba]
RSSI: -85 [da:18:43:8e:08:2b]
RSSI: -84 [da:18:43:9e:08:5b]
RSSI: -81 [da:18:43:ab:08:8b]
RSSI: -87 [da:1a:27:a6:0f:fa]
RSSI: -84 [da:18:43:ab:08:8b]
RSSI: -90 [da:1a:27:a6:0f:fa]
RSSI: -93 [da:1f:cb:d6:07:2c]
RSSI: -82 [da:18:43:ba:08:bb]
RSSI: -83 [da:18:43:ca:08:eb]
RSSI: -92 [da:1a:27:c5:10:5a]
RSSI: -84 [da:18:43:ca:08:eb]
RSSI: -92 [da:1f:cb:f2:07:8c]
RSSI: -83 [da:18:43:d7:09:0b]
RSSI: -91 [da:1a:27:d2:10:7a]
RSSI: -84 [da:18:43:d7:09:0b]
RSSI: -83 [da:18:43:e7:09:3b]
RSSI: -91 [da:18:43:f7:09:6b]
RSSI: -87 [da:18:44:03:09:8b]
RSSI: -88 [da:18:44:13:09:bb]
RSSI: -87 [da:18:44:23:09:eb]
RSSI: -95 [da:1f:cc:51:08:bc]
RSSI: -91 [da:1f:cc:60:08:ec]
RSSI: -92 [da:1f:cc:89:09:6c]
RSSI: -88 [da:18:44:6c:0a:cb]
RSSI: -92 [da:1f:cc:97:09:9c]
RSSI: -90 [da:1f:cc:97:09:9c]
RSSI: -88 [da:1a:28:75:12:5a]
RSSI: -89 [da:18:44:7c:0a:fb]
RSSI: -91 [da:1f:cc:a4:09:bc]
RSSI: -89 [da:1f:cc:b2:09:ec]
RSSI: -89 [da:1f:cc:c0:0a:1c]
RSSI: -86 [da:1a:28:a1:12:ca]
RSSI: -88 [da:18:44:a8:0b:7b]
RSSI: -94 [da:1d:31:bc:0c:de]
RSSI: -93 [da:1f:cc:cd:0a:4c]
RSSI: -85 [da:1a:28:ae:12:fa]
RSSI: -84 [da:1a:28:ae:12:fa]
RSSI: -87 [da:1a:28:bd:13:2a]
RSSI: -84 [da:1a:28:cd:13:4a]
RSSI: -86 [da:1a:28:cd:13:4a]
RSSI: -83 [da:1a:28:da:13:7a]
RSSI: -93 [da:1d:31:ef:0d:6e]
RSSI: -85 [da:1a:28:da:13:7a]
RSSI: -93 [da:1d:32:09:0d:be]
RSSI: -90 [da:1a:28:f9:13:ca]
RSSI: -90 [da:1a:29:06:13:fa]
RSSI: -94 [da:1d:32:16:0d:de]
RSSI: -96 [da:18:45:0e:0c:ab]
RSSI: -90 [da:1a:29:06:13:fa]
RSSI: -94 [da:1d:32:3c:0e:4e]
RSSI: -87 [da:1a:29:32:14:6a]
RSSI: -88 [da:1a:29:41:14:9a]
RSSI: -92 [da:18:45:5a:0d:8b]
RSSI: -93 [da:18:45:5a:0d:8b]
RSSI: -94 [da:1f:cd:80:0c:8c]
RSSI: -90 [da:1a:29:5e:14:ea]
RSSI: -89 [da:1a:29:5e:14:ea]
RSSI: -89 [da:1a:29:7d:15:4a]
RSSI: -94 [da:18:45:d0:0e:eb]
RSSI: -89 [da:1f:cd:ee:0d:ec]
RSSI: -87 [da:18:45:ec:0f:3b]
RSSI: -86 [da:18:45:ec:0f:3b]
RSSI: -88 [da:18:45:fc:0f:6b]
RSSI: -90 [da:1f:ce:26:0e:9c]
RSSI: -86 [da:18:46:0c:0f:9b]
RSSI: -87 [da:18:46:19:0f:bb]
RSSI: -90 [da:18:46:29:0f:eb]
RSSI: -96 [da:1f:ce:5e:0f:5c]
RSSI: -90 [da:18:46:45:10:4b]
RSSI: -90 [da:1a:2a:4a:01:4a]
RSSI: -96 [da:1d:33:62:11:be]
RSSI: -94 [da:1a:2a:4a:01:4a]
RSSI: -88 [da:18:46:55:10:7b]
RSSI: -91 [da:1f:ce:79:0f:ac]
RSSI: -90 [da:18:46:65:10:ab]
RSSI: -85 [da:1f:ce:87:0f:dc]
RSSI: -90 [da:18:46:65:10:ab]
RSSI: -87 [da:1f:ce:87:0f:dc]
RSSI: -92 [da:1a:2a:66:01:9a]
RSSI: -86 [da:1f:ce:94:10:0c]
RSSI: -91 [da:1a:2a:76:01:ca]
RSSI: -85 [da:1f:ce:a2:10:2c]
RSSI: -85 [da:1f:ce:a2:10:2c]
RSSI: -87 [da:1a:2a:86:01:fa]
RSSI: -81 [da:1f:ce:b1:10:5c]
RSSI: -87 [da:1a:2a:86:01:fa]
RSSI: -80 [da:1f:ce:b1:10:5c]
RSSI: -92 [da:1a:2a:92:02:1a]
RSSI: -81 [da:1f:ce:bd:10:8c]
RSSI: -88 [da:1a:2a:a2:02:4a]
RSSI: -86 [da:1f:ce:cc:10:bc]
RSSI: -89 [da:18:46:af:11:7b]
RSSI: -89 [da:1a:2a:b2:02:6a]
RSSI: -85 [da:18:46:bf:11:ab]
RSSI: -80 [da:1f:ce:e7:11:0c]
RSSI: -88 [da:1a:2a:be:02:9a]
RSSI: -87 [da:18:46:cb:11:cb]
RSSI: -78 [da:1f:ce:e7:11:0c]
RSSI: -87 [da:1a:2a:be:02:9a]
RSSI: -84 [da:18:46:cb:11:cb]
RSSI: -81 [da:1f:ce:f5:11:3c]
RSSI: -86 [da:18:46:db:11:fb]
RSSI: -83 [da:1f:cf:03:11:6c]
RSSI: -85 [da:1f:cf:03:11:6c]
RSSI: -87 [da:18:46:eb:12:2b]
RSSI: -79 [da:1f:cf:10:11:8c]
RSSI: -86 [da:18:46:f8:12:5b]
RSSI: -80 [da:1f:cf:1f:11:bc]
RSSI: -88 [da:18:46:f8:12:5b]
RSSI: -89 [da:1a:2a:fa:03:3a]
RSSI: -81 [da:1f:cf:1f:11:bc]
RSSI: -87 [da:18:47:08:12:8b]
RSSI: -89 [da:1a:2b:0a:03:6a]
RSSI: -84 [da:18:47:18:12:ab]
RSSI: -85 [da:1f:cf:3a:12:0c]
RSSI: -85 [da:18:47:18:12:ab]
RSSI: -93 [da:1a:2b:17:03:8a]
RSSI: -82 [da:1f:cf:48:12:3c]
RSSI: -85 [da:18:47:24:12:db]
RSSI: -83 [da:1f:cf:48:12:3c]
RSSI: -84 [da:1f:cf:48:12:3c]
RSSI: -92 [da:1a:2b:36:03:ea]
RSSI: -81 [da:18:47:45:13:3b]
RSSI: -91 [da:1a:2b:43:04:0a]
RSSI: -84 [da:18:47:51:13:5b]
RSSI: -80 [da:18:47:51:13:5b]
RSSI: -87 [da:1a:2b:53:04:3a]
RSSI: -83 [da:18:47:61:13:8b]
RSSI: -83 [da:18:47:61:13:8b]
RSSI: -82 [da:18:47:61:13:8b]
RSSI: -88 [da:1f:cf:8d:13:1c]
RSSI: -87 [da:1a:2b:62:04:5a]
RSSI: -82 [da:18:47:71:13:bb]
RSSI: -94 [da:1a:2b:6f:04:8a]
RSSI: -82 [da:18:47:7e:13:db]
RSSI: -79 [da:18:47:8e:14:0b]
RSSI: -89 [da:1a:2b:8f:04:da]
RSSI: -83 [da:18:47:9e:14:3b]
RSSI: -81 [da:18:47:9e:14:3b]
RSSI: -88 [da:1a:2b:9b:05:0a]
RSSI: -82 [da:18:47:ab:14:6b]
RSSI: -82 [da:18:47:ab:14:6b]
RSSI: -80 [da:18:47:bb:14:8b]
RSSI: -90 [da:1f:cf:e0:14:1c]
RSSI: -78 [da:18:47:cb:14:bb]
RSSI: -92 [da:1f:cf:fd:14:7c]
RSSI: -75 [da:18:47:d7:14:eb]
RSSI: -74 [da:18:47:e7:15:0b]
RSSI: -91 [da:1f:d0:09:14:ac]
RSSI: -73 [da:18:47:e7:15:0b]
RSSI: -73 [da:18:47:f7:15:3b]
RSSI: -71 [da:18:48:04:15:6b]
RSSI: -71 [da:18:48:04:15:6b]
RSSI: -69 [da:18:48:14:15:9b]
RSSI: -70 [da:18:48:24:15:cb]
RSSI: -70 [da:18:48:24:15:cb]
RSSI: -69 [da:18:48:31:15:eb]
RSSI: -95 [da:1f:d0:5c:15:ac]
RSSI: -89 [da:1a:2c:40:06:da]
RSSI: -69 [da:18:48:41:16:1b]
RSSI: -88 [da:1a:2c:40:06:da]
RSSI: -68 [da:18:48:51:16:4b]
RSSI: -89 [da:1a:2c:4c:06:fa]
RSSI: -68 [da:18:48:5e:16:6b]
RSSI: -68 [da:18:48:5e:16:6b]
RSSI: -68 [da:18:48:5e:16:6b]
RSSI: -92 [da:1a:2c:5c:07:2a]
RSSI: -67 [da:18:48:6e:00:2b]
RSSI: -67 [da:18:48:6e:00:2b]
RSSI: -91 [da:1a:2c:79:07:7a]
RSSI: -69 [da:18:48:7e:00:5b]
RSSI: -69 [da:18:48:8a:00:8b]
RSSI: -68 [da:18:48:8a:00:8b]
RSSI: -93 [da:1a:2c:89:07:aa]
RSSI: -69 [da:18:48:9a:00:bb]
RSSI: -69 [da:18:48:aa:00:eb]
RSSI: -94 [da:1f:d0:cd:00:bc]
RSSI: -86 [da:1a:2c:a5:07:fa]
RSSI: -70 [da:18:48:aa:00:eb]
RSSI: -83 [da:1a:2c:a5:07:fa]
RSSI: -70 [da:18:48:b7:01:0b]
RSSI: -85 [da:1a:2c:b5:08:2a]
RSSI: -71 [da:18:48:b7:01:0b]
RSSI: -84 [da:1a:2c:b5:08:2a]
RSSI: -93 [da:1f:d0:e8:01:0c]
RSSI: -72 [da:18:48:c7:01:3b]
RSSI: -83 [da:1a:2c:c5:08:5a]
RSSI: -73 [da:18:48:d7:01:6b]
RSSI: -81 [da:1a:2c:d1:08:7a]
RSSI: -82 [da:1a:2c:d1:08:7a]
RSSI: -74 [da:18:48:e4:01:8b]
RSSI: -74 [da:18:48:e4:01:8b]
RSSI: -75 [da:18:48:e4:01:8b]
RSSI: -82 [da:1a:2c:e1:08:aa]
RSSI: -80 [da:18:49:04:01:eb]
RSSI: -82 [da:1a:2c:fe:08:fa]
RSSI: -82 [da:1a:2c:fe:08:fa]
RSSI: -83 [da:18:49:11:02:0b]
RSSI: -84 [da:18:49:11:02:0b]
RSSI: -81 [da:1a:2d:1e:09:5a]
RSSI: -82 [da:1a:2d:1e:09:5a]
RSSI: -83 [da:18:49:21:02:3b]
RSSI: -81 [da:1a:2d:1e:09:5a]
RSSI: -85 [da:18:49:31:02:6b]
RSSI: -78 [da:1a:2d:3a:09:aa]
RSSI: -78 [da:1a:2d:3a:09:aa]
RSSI: -76 [da:1a:2d:4a:09:da]
RSSI: -88 [da:18:49:4e:02:bb]
RSSI: -75 [da:1a:2d:57:09:fa]
RSSI: -84 [da:18:49:5e:02:eb]
RSSI: -75 [da:1a:2d:57:09:fa]
RSSI: -90 [da:18:49:6a:03:1b]
RSSI: -75 [da:1a:2d:66:0a:2a]
RSSI: -89 [da:18:49:6a:03:1b]
RSSI: -74 [da:1a:2d:66:0a:2a]
RSSI: -74 [da:1a:2d:76:0a:5a]
RSSI: -88 [da:18:49:7b:03:4b]
RSSI: -74 [da:1a:2d:76:0a:5a]
RSSI: -92 [da:18:49:7b:03:4b]
RSSI: -73 [da:1a:2d:83:0a:7a]
RSSI: -73 [da:1a:2d:83:0a:7a]
RSSI: -71 [da:1a:2d:93:0a:aa]
RSSI: -91 [da:18:49:97:03:9b]
RSSI: -72 [da:1a:2d:93:0a:aa]
RSSI: -72 [da:1a:2d:a3:0a:da]
RSSI: -70 [da:1a:2d:a3:0a:da]
RSSI: -90 [da:18:49:b8:03:fb]
RSSI: -72 [da:1a:2d:af:0a:fa]
RSSI: -72 [da:1a:2d:bf:0b:2a]
RSSI: -88 [da:18:49:c4:04:1b]
RSSI: -72 [da:1a:2d:bf:0b:2a]
RSSI: -89 [da:18:49:c4:04:1b]
RSSI: -70 [da:1a:2d:cf:0b:5a]
RSSI: -70 [da:1a:2d:dc:0b:7a]
RSSI: -89 [da:18:49:f1:04:ab]
RSSI: -73 [da:1a:2d:ec:0b:aa]
RSSI: -71 [da:1a:2d:ec:0b:aa]
RSSI: -73 [da:1a:2d:fc:0b:da]
RSSI: -73 [da:1a:2d:fc:0b:da]
RSSI: -90 [da:18:4a:01:04:db]
RSSI: -73 [da:1a:2d:fc:0b:da]
RSSI: -89 [da:18:4a:01:04:db]
RSSI: -85 [da:18:4a:11:05:0b]
RSSI: -73 [da:1a:2e:08:0b:fa]
RSSI: -71 [da:1a:2e:18:0c:2a]
RSSI: -75 [da:1a:2e:18:0c:2a]
RSSI: -74 [da:1a:2e:28:0c:5a]
RSSI: -73 [da:1a:2e:28:0c:5a]
RSSI: -85 [da:18:4a:2e:05:5b]
RSSI: -76 [da:1a:2e:35:0c:7a]
RSSI: -76 [da:1a:2e:35:0c:7a]
RSSI: -77 [da:1a:2e:35:0c:7a]
RSSI: -84 [da:18:4a:3e:05:8b]
RSSI: -81 [da:18:4a:3e:05:8b]
RSSI: -78 [da:1a:2e:45:0c:aa]
RSSI: -78 [da:1a:2e:45:0c:aa]
RSSI: -86 [da:18:4a:54:05:cb]
RSSI: -80 [da:1a:2e:55:0c:da]
RSSI: -86 [da:18:4a:54:05:cb]
RSSI: -81 [da:1a:2e:55:0c:da]
RSSI: -84 [da:18:4a:64:05:fb]
RSSI: -86 [da:1a:2e:61:0c:fa]
RSSI: -87 [da:18:4a:74:06:2b]
RSSI: -89 [da:1a:2e:71:0d:2a]
RSSI: -86 [da:18:4a:74:06:2b]
RSSI: -85 [da:18:4a:80:06:4b]
RSSI: -84 [da:1a:2e:81:0d:5a]
RSSI: -83 [da:1a:2e:81:0d:5a]
RSSI: -83 [da:18:4a:91:06:7b]
RSSI: -85 [da:18:4a:91:06:7b]
RSSI: -82 [da:1a:2e:8e:0d:7a]
RSSI: -84 [da:18:4a:a1:06:bb]
RSSI: -82 [da:1a:2e:9e:0d:aa]
RSSI: -89 [da:18:4a:ad:06:db]
RSSI: -83 [da:1a:2e:ba:0d:fa]
RSSI: -83 [da:1a:2e:ca:0e:2a]
RSSI: -88 [da:18:4a:d7:07:4b]
RSSI: -86 [da:18:4a:d7:07:4b]
RSSI: -86 [da:1a:2e:da:0e:5a]
RSSI: -86 [da:18:4a:e4:07:7b]
RSSI: -84 [da:18:4a:fd:07:cb]
RSSI: -82 [da:18:4a:fd:07:cb]
RSSI: -87 [da:1a:2e:f7:0e:aa]
RSSI: -83 [da:18:4b:0a:07:eb]
RSSI: -86 [da:1a:2f:07:0e:da]
RSSI: -85 [da:1a:2f:07:0e:da]
RSSI: -83 [da:18:4b:16:08:0b]
RSSI: -82 [da:18:4b:16:08:0b]
RSSI: -84 [da:1a:2f:13:0e:fa]
RSSI: -84 [da:18:4b:23:08:3b]
RSSI: -87 [da:1a:2f:23:0f:2a]
RSSI: -85 [da:18:4b:30:08:5b]
RSSI: -85 [da:18:4b:30:08:5b]
RSSI: -87 [da:1a:2f:33:0f:5a]
RSSI: -84 [da:18:4b:3c:08:7b]
RSSI: -89 [da:1f:d3:5a:08:dc]
RSSI: -81 [da:18:4b:3c:08:7b]
RSSI: -84 [da:18:4b:49:08:ab]
RSSI: -83 [da:18:4b:49:08:ab]
RSSI: -79 [da:18:4b:56:08:cb]
RSSI: -89 [da:1f:d3:76:09:2c]
RSSI: -82 [da:18:4b:56:08:cb]
RSSI: -81 [da:18:4b:63:08:fb]
RSSI: -86 [da:1a:2f:60:0f:da]
RSSI: -81 [da:18:4b:6f:09:1b]
RSSI: -90 [da:1f:d3:93:09:8c]
RSSI: -88 [da:1a:2f:6c:0f:fa]
RSSI: -88 [da:1a:2f:6c:0f:fa]
RSSI: -79 [da:18:4b:7c:09:3b]
RSSI: -89 [da:1f:d3:a0:09:bc]
RSSI: -81 [da:18:4b:7c:09:3b]
RSSI: -90 [da:1f:d3:a0:09:bc]
RSSI: -81 [da:18:4b:89:09:6b]
RSSI: -81 [da:18:4b:89:09:6b]
RSSI: -81 [da:18:4b:96:09:8b]
RSSI: -92 [da:1f:d3:ae:09:ec]
RSSI: -90 [da:1f:d3:bd:0a:1c]
RSSI: -82 [da:18:4b:96:09:8b]
RSSI: -85 [da:18:4b:a2:09:ab]
RSSI: -82 [da:18:4b:a2:09:ab]
RSSI: -84 [da:18:4b:af:09:db]
RSSI: -94 [da:1f:d3:c9:0a:3c]
RSSI: -88 [da:18:4b:af:09:db]
RSSI: -85 [da:18:4b:bc:09:fb]
RSSI: -83 [da:18:4b:bc:09:fb]
RSSI: -88 [da:18:4b:bc:09:fb]
RSSI: -88 [da:18:4b:bc:09:fb]
RSSI: -87 [da:18:4b:c8:0a:1b]
RSSI: -91 [da:18:4b:d5:0a:4b]
RSSI: -96 [da:1f:d4:11:0b:2c]
RSSI: -89 [da:18:4b:fb:0a:bb]
RSSI: -88 [da:18:4c:15:0b:0b]
RSSI: -89 [da:18:4c:21:0b:2b]
RSSI: -91 [da:1a:30:1f:11:fa]
RSSI: -90 [da:18:4c:47:0b:9b]
RSSI: -93 [da:18:4c:61:0b:eb]
RSSI: -92 [da:1a:30:5c:12:aa]
RSSI: -89 [da:1a:30:6c:12:ca]
RSSI: -90 [da:18:4c:7b:0c:3b]
RSSI: -90 [da:1a:30:78:12:fa]
RSSI: -89 [da:18:4c:87:0c:5b]
RSSI: -88 [da:1a:30:88:13:1a]
RSSI: -90 [da:1a:30:98:13:4a]
RSSI: -94 [da:1f:d4:c5:0d:6c]
RSSI: -91 [da:18:4c:ae:0c:cb]
RSSI: -84 [da:18:4c:ae:0c:cb]
RSSI: -90 [da:1a:30:a5:13:7a]
RSSI: -94 [da:1f:d4:d4:0d:9c]
RSSI: -89 [da:1a:30:c5:13:ca]
RSSI: -91 [da:18:4c:c7:0d:1b]
RSSI: -92 [da:1a:30:d2:13:ea]
RSSI: -91 [da:1a:30:d2:13:ea]
RSSI: -95 [da:1d:39:e9:0e:5e]
RSSI: -88 [da:18:4c:ed:0d:8b]
RSSI: -87 [da:1a:30:f2:14:4a]
RSSI: -91 [da:18:4c:fa:0d:ab]
RSSI: -89 [da:1a:30:fe:14:6a]
RSSI: -92 [da:1f:d5:37:0e:dc]
RSSI: -89 [da:1a:31:0f:14:9a]
RSSI: -91 [da:18:4d:20:0e:1b]
RSSI: -92 [da:18:4d:20:0e:1b]
RSSI: -88 [da:18:4d:20:0e:1b]
RSSI: -88 [da:18:4d:2d:0e:4b]
RSSI: -91 [da:1f:d5:52:0f:2c]
RSSI: -91 [da:1f:d5:52:0f:2c]
RSSI: -83 [da:18:4d:3a:0e:6b]
RSSI: -86 [da:18:4d:3a:0e:6b]
RSSI: -94 [da:1f:d5:61:0f:5c]
RSSI: -92 [da:18:4d:47:0e:8b]
RSSI: -90 [da:18:4d:47:0e:8b]
RSSI: -89 [da:1f:d5:6e:0f:8c]
RSSI: -91 [da:1a:31:58:15:6a]
RSSI: -89 [da:18:4d:60:0e:db]
RSSI: -83 [da:1f:d5:8b:0f:ec]
RSSI: -86 [da:18:4d:6d:0f:0b]
RSSI: -83 [da:1f:d5:98:10:0c]
RSSI: -94 [da:18:4d:7a:0f:2b]
RSSI: -82 [da:1f:d5:a7:10:3c]
RSSI: -79 [da:1f:d5:a7:10:3c]
RSSI: -80 [da:1f:d5:b5:10:6c]
RSSI: -81 [da:1f:d5:b5:10:6c]
RSSI: -88 [da:18:4d:a0:0f:9b]
RSSI: -81 [da:1f:d5:c2:10:9c]
RSSI: -79 [da:1f:d5:c2:10:9c]
RSSI: -86 [da:18:4d:ad:0f:cb]
RSSI: -78 [da:1f:d5:d6:10:dc]
RSSI: -91 [da:18:4d:ba:0f:eb]
RSSI: -77 [da:1f:d5:e6:11:0c]
RSSI: -88 [da:18:4d:c6:10:0b]
RSSI: -77 [da:1f:d5:f3:11:3c]
RSSI: -91 [da:18:4d:d3:10:3b]
RSSI: -78 [da:1f:d5:f3:11:3c]
RSSI: -96 [da:1a:31:d2:00:aa]
RSSI: -78 [da:1f:d6:02:11:6c]
RSSI: -76 [da:1f:d6:10:11:9c]
RSSI: -94 [da:1a:31:de:00:da]
RSSI: -79 [da:1f:d6:10:11:9c]
RSSI: -92 [da:1a:31:ef:01:0a]
RSSI: -78 [da:1f:d6:1d:11:bc]
RSSI: -87 [da:18:4d:fa:10:ab]
RSSI: -79 [da:1f:d6:1d:11:bc]
RSSI: -89 [da:18:4e:06:10:cb]
RSSI: -80 [da:1f:d6:2c:11:ec]
RSSI: -79 [da:1f:d6:2c:11:ec]
RSSI: -87 [da:18:4e:13:10:fb]
RSSI: -82 [da:1f:d6:3b:12:1c]
RSSI: -87 [da:18:4e:20:11:1b]
RSSI: -91 [da:1a:32:1b:01:8a]
RSSI: -90 [da:18:4e:20:11:1b]
RSSI: -81 [da:1f:d6:47:12:3c]
RSSI: -91 [da:1a:32:1b:01:8a]
RSSI: -90 [da:18:4e:2d:11:4b]
RSSI: -86 [da:1f:d6:47:12:3c]
RSSI: -90 [da:18:4e:2d:11:4b]
RSSI: -83 [da:1f:d6:56:12:6c]
RSSI: -90 [da:1f:d6:65:12:9c]
RSSI: -92 [da:1a:32:38:01:da]
RSSI: -90 [da:18:4e:46:11:8b]
RSSI: -89 [da:18:4e:53:11:bb]
RSSI: -90 [da:1a:32:58:02:2a]
RSSI: -88 [da:18:4e:60:11:db]
RSSI: -90 [da:1a:32:58:02:2a]
RSSI: -86 [da:18:4e:6d:11:fb]
RSSI: -89 [da:1a:32:65:02:5a]
RSSI: -85 [da:18:4e:6d:11:fb]
RSSI: -91 [da:1f:d6:8f:13:2c]
RSSI: -89 [da:1a:32:65:02:5a]
RSSI: -85 [da:18:4e:7a:12:2b]
RSSI: -85 [da:18:4e:7a:12:2b]
RSSI: -90 [da:1f:d6:9c:13:4c]
RSSI: -89 [da:1a:32:75:02:8a]
RSSI: -89 [da:1f:d6:9c:13:4c]
RSSI: -86 [da:18:4e:86:12:4b]
RSSI: -88 [da:1a:32:85:02:aa]
RSSI: -86 [da:18:4e:93:12:7b]
RSSI: -88 [da:1f:d6:b9:13:ac]
RSSI: -90 [da:1f:d6:b9:13:ac]
RSSI: -88 [da:1a:32:92:02:da]
RSSI: -86 [da:18:4e:a0:12:9b]
RSSI: -89 [da:1f:d6:c6:13:dc]
RSSI: -90 [da:1a:32:a2:03:0a]
RSSI: -91 [da:1f:d6:c6:13:dc]
RSSI: -88 [da:18:4e:ad:12:bb]
RSSI: -88 [da:1f:d6:d5:14:0c]
RSSI: -89 [da:18:4e:ba:12:eb]
RSSI: -87 [da:1a:32:b2:03:2a]
RSSI: -87 [da:18:4e:ba:12:eb]
RSSI: -86 [da:18:4e:c7:13:0b]
RSSI: -93 [da:1a:32:bf:03:5a]
RSSI: -86 [da:18:4e:c7:13:0b]
RSSI: -88 [da:1a:32:bf:03:5a]
RSSI: -86 [da:18:4e:d3:13:2b]
RSSI: -89 [da:18:4e:e0:13:5b]
RSSI: -90 [da:1a:32:df:03:aa]
RSSI: -85 [da:18:4e:e0:13:5b]
RSSI: -82 [da:18:4e:ed:13:7b]
RSSI: -88 [da:1f:d7:0e:14:bc]
RSSI: -82 [da:18:4e:ed:13:7b]
RSSI: -90 [da:1a:32:ec:03:da]
RSSI: -91 [da:1a:32:ec:03:da]
RSSI: -86 [da:18:4e:fa:13:9b]
RSSI: -85 [da:1f:d7:1a:14:dc]
RSSI: -84 [da:18:4f:07:13:cb]
RSSI: -86 [da:18:4f:07:13:cb]
RSSI: -91 [da:1f:d7:29:15:0c]
RSSI: -81 [da:18:4f:14:13:eb]
RSSI: -87 [da:1a:33:0c:04:3a]
RSSI: -81 [da:18:4f:14:13:eb]
RSSI: -85 [da:18:4f:14:13:eb]
RSSI: -91 [da:1a:33:19:04:5a]
RSSI: -84 [da:18:4f:20:14:0b]
RSSI: -87 [da:18:4f:2d:14:3b]
RSSI: -93 [da:1f:d7:54:15:9c]
RSSI: -94 [da:1a:33:29:04:8a]
RSSI: -83 [da:18:4f:2d:14:3b]
RSSI: -86 [da:18:4f:3a:14:5b]
RSSI: -89 [da:1a:33:39:04:aa]
RSSI: -82 [da:18:4f:47:14:7b]
RSSI: -91 [da:1a:33:46:04:da]
RSSI: -84 [da:18:4f:54:14:ab]
RSSI: -87 [da:1a:33:46:04:da]
RSSI: -81 [da:18:4f:54:14:ab]
RSSI: -79 [da:18:4f:61:14:cb]
RSSI: -93 [da:1f:d7:8d:16:4c]
RSSI: -77 [da:18:4f:6d:14:eb]
RSSI: -90 [da:1a:33:73:05:5a]
RSSI: -75 [da:18:4f:7a:15:1b]
RSSI: -75 [da:18:4f:7a:15:1b]
RSSI: -74 [da:18:4f:87:15:3b]
RSSI: -73 [da:18:4f:87:15:3b]
RSSI: -73 [da:18:4f:94:15:5b]
RSSI: -91 [da:1f:d7:b7:00:2c]
RSSI: -73 [da:18:4f:94:15:5b]
RSSI: -72 [da:18:4f:a1:15:8b]
RSSI: -94 [da:1f:d7:c4:00:5c]
RSSI: -72 [da:18:4f:a1:15:8b]
RSSI: -71 [da:18:4f:ae:15:ab]
RSSI: -71 [da:18:4f:ae:15:ab]
RSSI: -70 [da:18:4f:ba:15:db]
RSSI: -70 [da:18:4f:ba:15:db]
RSSI: -71 [da:18:4f:c7:15:fb]
RSSI: -71 [da:18:4f:c7:15:fb]
RSSI: -68 [da:18:4f:d4:16:1b]
RSSI: -70 [da:18:4f:d4:16:1b]
RSSI: -69 [da:18:4f:e1:16:4b]
RSSI: -67 [da:18:4f:e1:16:4b]
RSSI: -91 [da:1a:33:e5:06:9a]
RSSI: -68 [da:18:4f:ee:16:6b]
RSSI: -90 [da:1a:33:e5:06:9a]
RSSI: -68 [da:18:4f:ee:16:6b]
RSSI: -89 [da:1a:33:e5:06:9a]
RSSI: -67 [da:18:4f:fb:00:0b]
RSSI: -87 [da:1a:33:f6:06:ca]
RSSI: -68 [da:18:4f:fb:00:0b]
RSSI: -89 [da:1a:33:f6:06:ca]
RSSI: -68 [da:18:50:08:00:2b]
RSSI: -66 [da:18:50:08:00:2b]
RSSI: -87 [da:1a:34:02:06:ea]
RSSI: -68 [da:18:50:15:00:4b]
RSSI: -90 [da:1a:34:13:07:1a]
RSSI: -67 [da:18:50:15:00:4b]
RSSI: -66 [da:18:50:22:00:7b]
RSSI: -68 [da:18:50:22:00:7b]
RSSI: -90 [da:1a:34:1f:07:3a]
RSSI: -68 [da:18:50:2e:00:9b]
RSSI: -67 [da:18:50:2e:00:9b]
RSSI: -87 [da:1a:34:2c:07:6a]
RSSI: -68 [da:18:50:3b:00:bb]
RSSI: -68 [da:18:50:3b:00:bb]
RSSI: -89 [da:1a:34:39:07:8a]
RSSI: -68 [da:18:50:3b:00:bb]
RSSI: -67 [da:18:50:48:00:eb]
RSSI: -69 [da:18:50:48:00:eb]
RSSI: -88 [da:1a:34:45:07:aa]
RSSI: -69 [da:18:50:55:01:0b]
RSSI: -68 [da:18:50:55:01:0b]
RSSI: -84 [da:1a:34:52:07:ca]
RSSI: -70 [da:18:50:62:01:2b]
RSSI: -70 [da:18:50:62:01:2b]
RSSI: -70 [da:18:50:62:01:2b]
RSSI: -70 [da:18:50:6f:01:5b]
RSSI: -71 [da:18:50:6f:01:5b]
RSSI: -83 [da:1a:34:6c:08:1a]
RSSI: -72 [da:18:50:7c:01:7b]
RSSI: -72 [da:18:50:7c:01:7b]
RSSI: -73 [da:18:50:89:01:ab]
RSSI: -82 [da:1a:34:85:08:5a]
RSSI: -74 [da:18:50:89:01:ab]
RSSI: -81 [da:1a:34:85:08:5a]
RSSI: -74 [da:18:50:89:01:ab]
RSSI: -75 [da:18:50:96:01:cb]
RSSI: -80 [da:1a:34:9e:08:aa]
RSSI: -78 [da:18:50:a2:01:eb]
RSSI: -79 [da:18:50:af:02:1b]
RSSI: -82 [da:1a:34:ab:08:ca]
RSSI: -81 [da:18:50:af:02:1b]
RSSI: -82 [da:1a:34:ab:08:ca]
RSSI: -81 [da:18:50:bc:02:3b]
RSSI: -83 [da:1a:34:b8:08:ea]
RSSI: -81 [da:18:50:bc:02:3b]
RSSI: -81 [da:18:50:c9:02:5b]
RSSI: -80 [da:1a:34:c5:09:0a]
RSSI: -81 [da:18:50:c9:02:5b]
RSSI: -81 [da:18:50:d6:02:8b]
RSSI: -81 [da:1a:34:d1:09:3a]
RSSI: -80 [da:18:50:d6:02:8b]
RSSI: -80 [da:1a:34:d1:09:3a]
RSSI: -78 [da:18:50:e3:02:ab]
RSSI: -79 [da:1a:34:de:09:5a]
RSSI: -80 [da:18:50:e3:02:ab]
RSSI: -79 [da:18:50:f0:02:db]
RSSI: -75 [da:1a:34:eb:09:7a]
RSSI: -79 [da:18:50:f0:02:db]
RSSI: -75 [da:1a:34:eb:09:7a]
RSSI: -79 [da:18:50:fd:02:fb]
RSSI: -77 [da:1a:34:f7:09:aa]
RSSI: -80 [da:18:50:fd:02:fb]
RSSI: -76 [da:1a:34:f7:09:aa]
RSSI: -80 [da:18:51:0a:03:2b]
RSSI: -75 [da:1a:35:04:09:ca]
RSSI: -74 [da:1a:35:11:09:ea]
RSSI: -83 [da:18:51:16:03:4b]
RSSI: -74 [da:1a:35:1e:0a:1a]
RSSI: -73 [da:1a:35:1e:0a:1a]
RSSI: -71 [da:1a:35:37:0a:5a]
RSSI: -71 [da:1a:35:37:0a:5a]
RSSI: -71 [da:1a:35:44:0a:8a]
RSSI: -86 [da:18:51:4a:03:eb]
RSSI: -70 [da:1a:35:44:0a:8a]
RSSI: -85 [da:18:51:4a:03:eb]
RSSI: -90 [da:1f:d9:6c:05:9c]
RSSI: -71 [da:1a:35:50:0a:aa]
RSSI: -85 [da:18:51:57:04:0b]
RSSI: -71 [da:1a:35:5d:0a:ca]
RSSI: -88 [da:18:51:64:04:2b]
RSSI: -70 [da:1a:35:5d:0a:ca]
RSSI: -72 [da:1a:35:6a:0a:ea]
RSSI: -84 [da:18:51:71:04:5b]
RSSI: -72 [da:1a:35:6a:0a:ea]
RSSI: -86 [da:18:51:71:04:5b]
RSSI: -73 [da:1a:35:77:0b:1a]
RSSI: -85 [da:18:51:7e:04:7b]
RSSI: -73 [da:1a:35:77:0b:1a]
RSSI: -70 [da:1a:35:83:0b:3a]
RSSI: -74 [da:1a:35:90:0b:5a]
RSSI: -90 [da:18:51:98:04:cb]
RSSI: -71 [da:1a:35:9d:0b:8a]
RSSI: -73 [da:1a:35:9d:0b:8a]
RSSI: -85 [da:18:51:a5:04:eb]
RSSI: -73 [da:1a:35:9d:0b:8a]
RSSI: -74 [da:1a:35:aa:0b:aa]
RSSI: -71 [da:1a:35:aa:0b:aa]
RSSI: -74 [da:1a:35:b6:0b:ca]
RSSI: -72 [da:1a:35:c3:0b:fa]
RSSI: -83 [da:18:51:cc:05:5b]
RSSI: -75 [da:1a:35:c3:0b:fa]
RSSI: -76 [da:1a:35:d0:0c:1a]
RSSI: -73 [da:1a:35:d0:0c:1a]
RSSI: -76 [da:1a:35:dd:0c:3a]
RSSI: -77 [da:1a:35:dd:0c:3a]
RSSI: -83 [da:18:51:e5:05:ab]
RSSI: -76 [da:1a:35:e9:0c:6a]
RSSI: -78 [da:1a:35:e9:0c:6a]
RSSI: -79 [da:1a:35:f6:0c:8a]
RSSI: -91 [da:1f:da:16:07:cc]
RSSI: -79 [da:1a:35:f6:0c:8a]
RSSI: -84 [da:18:51:ff:05:fb]
RSSI: -80 [da:1a:36:03:0c:aa]
RSSI: -82 [da:1a:36:03:0c:aa]
RSSI: -82 [da:18:52:0c:06:1b]
RSSI: -82 [da:1a:36:10:0c:ca]
RSSI: -84 [da:18:52:19:06:4b]
RSSI: -84 [da:1a:36:10:0c:ca]
RSSI: -83 [da:18:52:19:06:4b]
RSSI: -83 [da:18:52:19:06:4b]
RSSI: -86 [da:1f:da:41:08:4c]
RSSI: -86 [da:1a:36:1d:0c:fa]
RSSI: -90 [da:1f:da:41:08:4c]
RSSI: -86 [da:1a:36:1d:0c:fa]
RSSI: -82 [da:18:52:26:06:6b]
RSSI: -87 [da:1a:36:29:0d:1a]
RSSI: -86 [da:1a:36:29:0d:1a]
RSSI: -84 [da:18:52:33:06:8b]
RSSI: -89 [da:1f:da:50:08:7c]
RSSI: -82 [da:1a:36:36:0d:3a]
RSSI: -85 [da:18:52:40:06:bb]
RSSI: -85 [da:1a:36:36:0d:3a]
RSSI: -82 [da:18:52:40:06:bb]
RSSI: -84 [da:1a:36:43:0d:6a]
RSSI: -82 [da:18:52:4d:06:db]
RSSI: -78 [da:1a:36:43:0d:6a]
RSSI: -83 [da:18:52:4d:06:db]
RSSI: -83 [da:1a:36:50:0d:8a]
RSSI: -83 [da:1a:36:50:0d:8a]
RSSI: -92 [da:1f:da:7a:09:0c]
RSSI: -78 [da:1a:36:5c:0d:aa]
RSSI: -91 [da:18:52:67:07:2b]
RSSI: -83 [da:1a:36:5c:0d:aa]
RSSI: -87 [da:18:52:67:07:2b]
RSSI: -83 [da:1a:36:69:0d:da]
RSSI: -91 [da:1f:da:89:09:3c]
RSSI: -87 [da:18:52:74:07:4b]
RSSI: -81 [da:1a:36:69:0d:da]
RSSI: -92 [da:1f:da:96:09:5c]
RSSI: -88 [da:18:52:81:07:7b]
RSSI: -84 [da:1a:36:76:0d:fa]
RSSI: -87 [da:18:52:81:07:7b]
RSSI: -87 [da:18:52:8e:07:9b]
RSSI: -87 [da:1a:36:83:0e:1a]
RSSI: -83 [da:18:52:9a:07:cb]
RSSI: -86 [da:1a:36:9c:0e:6a]
RSSI: -84 [da:18:52:9a:07:cb]
RSSI: -91 [da:1a:36:9c:0e:6a]
RSSI: -82 [da:18:52:a8:07:eb]
RSSI: -88 [da:1a:36:a9:0e:8a]
RSSI: -86 [da:1a:36:b6:0e:ba]
RSSI: -84 [da:1a:36:b6:0e:ba]
RSSI: -80 [da:18:52:c1:08:3b]
RSSI: -93 [da:1f:da:df:0a:4c]
RSSI: -86 [da:1a:36:c3:0e:da]
RSSI: -86 [da:18:52:c1:08:3b]
RSSI: -84 [da:1a:36:c3:0e:da]
RSSI: -84 [da:18:52:cf:08:5b]
RSSI: -95 [da:1f:da:eb:0a:6c]
RSSI: -85 [da:1a:36:c3:0e:da]
RSSI: -80 [da:18:52:cf:08:5b]
RSSI: -84 [da:1a:36:cf:0e:fa]
RSSI: -85 [da:1a:36:cf:0e:fa]
RSSI: -83 [da:18:52:dc:08:8b]
RSSI: -87 [da:1a:36:dc:0f:2a]
RSSI: -84 [da:18:52:dc:08:8b]
RSSI: -86 [da:1a:36:dc:0f:2a]
RSSI: -79 [da:18:52:e8:08:ab]
RSSI: -87 [da:1a:36:e9:0f:4a]
RSSI: -82 [da:18:52:e8:08:ab]
RSSI: -93 [da:1a:36:e9:0f:4a]
RSSI: -84 [da:18:52:f5:08:cb]
RSSI: -79 [da:18:52:f5:08:cb]
RSSI: -92 [da:1f:db:16:0a:fc]
RSSI: -82 [da:18:53:03:08:fb]
RSSI: -89 [da:1a:36:f6:0f:6a]
RSSI: -83 [da:18:53:03:08:fb]
RSSI: -83 [da:18:53:03:08:fb]
RSSI: -90 [da:1a:37:03:0f:8a]
RSSI: -79 [da:18:53:0f:09:1b]
RSSI: -90 [da:1a:37:0f:0f:ba]
RSSI: -81 [da:18:53:0f:09:1b]
RSSI: -82 [da:18:53:1c:09:4b]
RSSI: -81 [da:18:53:1c:09:4b]
RSSI: -89 [da:1a:37:1c:0f:da]
RSSI: -80 [da:18:53:29:09:6b]
RSSI: -82 [da:18:53:29:09:6b]
RSSI: -89 [da:1a:37:29:0f:fa]
RSSI: -92 [da:1a:37:29:0f:fa]
RSSI: -82 [da:18:53:36:09:8b]
RSSI: -82 [da:18:53:36:09:8b]
RSSI: -84 [da:18:53:43:09:bb]
RSSI: -94 [da:18:53:43:09:bb]
RSSI: -86 [da:18:53:50:09:db]
RSSI: -88 [da:18:53:50:09:db]
RSSI: -92 [da:1a:37:5c:10:8a]
RSSI: -91 [da:1a:37:69:10:ba]
RSSI: -93 [da:1a:37:76:10:da]
RSSI: -93 [da:1f:db:c1:0d:1c]
RSSI: -94 [da:1d:40:be:0b:ee]
RSSI: -92 [da:18:53:b8:0b:1b]
RSSI: -90 [da:1a:37:b6:11:8a]
RSSI: -90 [da:1a:37:c3:11:ba]
RSSI: -92 [da:1f:db:eb:0d:ac]
RSSI: -93 [da:1f:db:fb:0d:dc]
RSSI: -92 [da:18:53:df:0b:8b]
RSSI: -95 [da:1a:37:dc:12:0a]
RSSI: -92 [da:1d:41:29:0d:2e]
RSSI: -90 [da:18:54:20:0c:4b]
RSSI: -89 [da:1a:38:29:12:da]
RSSI: -86 [da:18:54:2d:0c:7b]
RSSI: -90 [da:1d:41:44:0d:7e]
RSSI: -88 [da:1a:38:29:12:da]
RSSI: -88 [da:1a:38:36:13:0a]
RSSI: -89 [da:18:54:3a:0c:9b]
RSSI: -94 [da:1f:dc:5f:0f:1c]
RSSI: -92 [da:1a:38:36:13:0a]
RSSI: -87 [da:1a:38:43:13:2a]
RSSI: -86 [da:18:54:47:0c:bb]
RSSI: -89 [da:1a:38:43:13:2a]
RSSI: -87 [da:18:54:47:0c:bb]
RSSI: -91 [da:1d:41:5e:0d:ce]
RSSI: -88 [da:1a:38:50:13:4a]
RSSI: -86 [da:18:54:62:0d:0b]
RSSI: -89 [da:1a:38:5d:13:7a]
RSSI: -87 [da:18:54:62:0d:0b]
RSSI: -93 [da:18:54:62:0d:0b]
RSSI: -89 [da:1a:38:5d:13:7a]
RSSI: -90 [da:1a:38:6a:13:9a]
RSSI: -91 [da:1d:41:79:0e:0e]
RSSI: -91 [da:1f:dc:8a:0f:ac]
RSSI: -87 [da:18:54:6e:0d:3b]
RSSI: -90 [da:1a:38:6a:13:9a]
RSSI: -87 [da:18:54:6e:0d:3b]
RSSI: -90 [da:1f:dc:97:0f:dc]
RSSI: -88 [da:18:54:7b:0d:5b]
RSSI: -88 [da:1a:38:76:13:ba]
RSSI: -88 [da:18:54:7b:0d:5b]
RSSI: -91 [da:1a:38:76:13:ba]
RSSI: -88 [da:18:54:89:0d:8b]
RSSI: -92 [da:1d:41:94:0e:5e]
RSSI: -88 [da:1a:38:83:13:ea]
RSSI: -85 [da:1f:dc:a6:10:0c]
RSSI: -86 [da:18:54:89:0d:8b]
RSSI: -87 [da:1f:dc:b5:10:3c]
RSSI: -88 [da:1a:38:90:14:0a]
RSSI: -84 [da:1f:dc:b5:10:3c]
RSSI: -89 [da:18:54:95:0d:ab]
RSSI: -92 [da:1d:41:ae:0e:ae]
RSSI: -90 [da:18:54:b0:0d:fb]
RSSI: -89 [da:1a:38:aa:14:4a]
RSSI: -79 [da:1f:dc:d0:10:8c]
RSSI: -88 [da:1a:38:b7:14:7a]
RSSI: -95 [da:1d:41:c9:0e:fe]
RSSI: -79 [da:1f:dc:e0:10:bc]
RSSI: -80 [da:1f:dc:e0:10:bc]
RSSI: -88 [da:1a:38:c3:14:9a]
RSSI: -81 [da:1f:dc:ec:10:ec]
RSSI: -88 [da:1a:38:c3:14:9a]
RSSI: -78 [da:1f:dc:ec:10:ec]
RSSI: -79 [da:1f:dc:fb:11:1c]
RSSI: -86 [da:18:54:e3:0e:9b]
RSSI: -79 [da:1f:dc:fb:11:1c]
RSSI: -77 [da:1f:dd:0a:11:4c]
RSSI: -85 [da:18:54:f1:0e:bb]
RSSI: -92 [da:1a:38:ea:15:0a]
RSSI: -78 [da:1f:dd:17:11:6c]
RSSI: -90 [da:18:54:fe:0e:eb]
RSSI: -89 [da:18:54:fe:0e:eb]
RSSI: -86 [da:18:55:0b:0f:0b]
RSSI: -78 [da:1f:dd:26:11:9c]
RSSI: -87 [da:18:55:0b:0f:0b]
RSSI: -77 [da:1f:dd:35:11:cc]
RSSI: -90 [da:18:55:18:0f:2b]
RSSI: -79 [da:1f:dd:42:11:fc]
RSSI: -80 [da:1f:dd:42:11:fc]
RSSI: -91 [da:18:55:32:0f:7b]
RSSI: -90 [da:18:55:3f:0f:ab]
RSSI: -84 [da:1f:dd:60:12:5c]
RSSI: -90 [da:18:55:3f:0f:ab]
RSSI: -86 [da:1f:dd:6d:12:7c]
RSSI: -87 [da:18:55:59:0f:eb]
RSSI: -93 [da:1f:dd:8b:12:dc]
RSSI: -87 [da:18:55:66:10:1b]
RSSI: -89 [da:1a:39:6b:00:2a]
RSSI: -88 [da:18:55:74:10:3b]
RSSI: -88 [da:18:55:80:10:6b]
RSSI: -90 [da:1f:dd:a7:13:3c]
RSSI: -89 [da:18:55:8d:10:8b]
RSSI: -87 [da:18:55:8d:10:8b]
RSSI: -89 [da:18:55:9b:10:bb]
RSSI: -86 [da:18:55:a7:10:db]
RSSI: -88 [da:1f:dd:c3:13:8c]
RSSI: -88 [da:18:55:a7:10:db]
RSSI: -87 [da:1f:dd:d2:13:bc]
RSSI: -90 [da:1a:39:ab:00:da]
RSSI: -86 [da:18:55:b5:10:fb]
RSSI: -89 [da:1f:dd:d2:13:bc]
RSSI: -85 [da:18:55:b5:10:fb]
RSSI: -87 [da:18:55:c2:11:2b]
RSSI: -85 [da:18:55:c2:11:2b]
RSSI: -89 [da:1a:39:c5:01:2a]
RSSI: -92 [da:1a:39:c5:01:2a]
RSSI: -89 [da:18:55:dc:11:7b]
RSSI: -88 [da:1a:39:d1:01:4a]
RSSI: -89 [da:1f:dd:fd:14:4c]
RSSI: -89 [da:18:55:dc:11:7b]
RSSI: -89 [da:18:55:e9:11:9b]
RSSI: -89 [da:1a:39:ec:01:8a]
RSSI: -90 [da:1a:39:ec:01:8a]
RSSI: -90 [da:18:55:f6:11:bb]
RSSI: -92 [da:1f:de:18:14:9c]
RSSI: -87 [da:1a:39:f8:01:ba]
RSSI: -91 [da:18:56:03:11:eb]
RSSI: -89 [da:1f:de:28:14:cc]
RSSI: -91 [da:18:56:10:12:0b]
RSSI: -90 [da:1f:de:37:14:fc]
RSSI: -88 [da:18:56:1d:12:3b]
RSSI: -88 [da:18:56:1d:12:3b]
RSSI: -87 [da:1a:3a:1f:02:1a]
RSSI: -88 [da:18:56:2a:12:5b]
RSSI: -85 [da:1a:3a:2c:02:4a]
RSSI: -91 [da:1f:de:53:15:5c]
RSSI: -92 [da:1a:3a:39:02:6a]
RSSI: -90 [da:1f:de:6e:15:ac]
RSSI: -92 [da:18:56:5f:12:fb]
RSSI: -89 [da:1f:de:7e:15:dc]
RSSI: -90 [da:1a:3a:60:02:da]
RSSI: -91 [da:1f:de:8d:16:0c]
RSSI: -89 [da:1a:3a:6c:02:fa]
RSSI: -90 [da:1a:3a:6c:02:fa]
RSSI: -91 [da:18:56:86:13:6b]
RSSI: -88 [da:1a:3a:86:03:4a]
RSSI: -88 [da:18:56:93:13:9b]
RSSI: -87 [da:18:56:93:13:9b]
RSSI: -90 [da:1f:de:c4:00:5c]
RSSI: -90 [da:1a:3a:a0:03:8a]
RSSI: -89 [da:1a:3a:ad:03:ba]
RSSI: -90 [da:1f:de:d4:00:8c]
RSSI: -89 [da:1a:3a:c7:03:fa]
RSSI: -91 [da:1f:de:ff:01:1c]
RSSI: -87 [da:18:56:e1:14:7b]
RSSI: -92 [da:1f:de:ff:01:1c]
RSSI: -90 [da:1a:3a:e1:04:4a]
RSSI: -90 [da:18:56:ef:14:9b]
RSSI: -89 [da:1a:3a:ee:04:6a]
RSSI: -88 [da:18:56:fc:14:cb]
RSSI: -87 [da:1a:3a:fb:04:8a]
RSSI: -87 [da:18:56:fc:14:cb]
RSSI: -89 [da:18:57:09:14:eb]
RSSI: -88 [da:1a:3b:07:04:aa]
RSSI: -84 [da:18:57:09:14:eb]
RSSI: -88 [da:1a:3b:07:04:aa]
RSSI: -84 [da:18:57:16:15:1b]
RSSI: -87 [da:1a:3b:15:04:da]
RSSI: -83 [da:18:57:16:15:1b]
RSSI: -80 [da:18:57:24:15:3b]
RSSI: -92 [da:1a:3b:22:04:fa]
RSSI: -80 [da:18:57:24:15:3b]
RSSI: -77 [da:18:57:30:15:5b]
RSSI: -92 [da:1a:3b:2e:05:1a]
RSSI: -76 [da:18:57:30:15:5b]
RSSI: -75 [da:18:57:43:15:9b]
RSSI: -74 [da:18:57:43:15:9b]
RSSI: -72 [da:18:57:53:15:cb]
RSSI: -72 [da:18:57:60:15:eb]
RSSI: -72 [da:18:57:6d:16:0b]
RSSI: -71 [da:18:57:6d:16:0b]
RSSI: -71 [da:18:57:7b:16:3b]
RSSI: -72 [da:18:57:7b:16:3b]
RSSI: -70 [da:18:57:87:16:5b]
RSSI: -71 [da:18:57:95:00:0b]
RSSI: -70 [da:18:57:95:00:0b]
RSSI: -87 [da:1a:3b:96:06:4a]
RSSI: -69 [da:18:57:a2:00:2b]
RSSI: -90 [da:1a:3b:a3:06:6a]
RSSI: -70 [da:18:57:a2:00:2b]
RSSI: -90 [da:1a:3b:a3:06:6a]
RSSI: -70 [da:18:57:af:00:4b]
RSSI: -69 [da:18:57:af:00:4b]
RSSI: -85 [da:1a:3b:b0:06:9a]
RSSI: -90 [da:1a:3b:b0:06:9a]
RSSI: -70 [da:18:57:bc:00:7b]
RSSI: -90 [da:1a:3b:b0:06:9a]
RSSI: -89 [da:1a:3b:bd:06:ba]
RSSI: -69 [da:18:57:c9:00:9b]
RSSI: -89 [da:1a:3b:ca:06:da]
RSSI: -71 [da:18:57:c9:00:9b]
RSSI: -70 [da:18:57:d6:00:bb]
RSSI: -69 [da:18:57:d6:00:bb]
RSSI: -90 [da:1a:3b:d7:07:0a]
RSSI: -71 [da:18:57:e4:00:eb]
RSSI: -70 [da:18:57:e4:00:eb]
RSSI: -85 [da:1a:3b:e4:07:2a]
RSSI: -71 [da:18:57:f1:01:0b]
RSSI: -88 [da:1a:3b:f1:07:4a]
RSSI: -88 [da:1a:3b:f1:07:4a]
RSSI: -71 [da:18:57:fd:01:3b]
RSSI: -86 [da:1a:3b:fe:07:7a]
RSSI: -73 [da:18:58:0b:01:5b]
RSSI: -73 [da:18:58:0b:01:5b]
RSSI: -82 [da:1a:3c:0b:07:9a]
RSSI: -82 [da:1a:3c:0b:07:9a]
RSSI: -73 [da:18:58:18:01:8b]
RSSI: -85 [da:1a:3c:18:07:ba]
RSSI: -84 [da:1a:3c:18:07:ba]
RSSI: -74 [da:18:58:25:01:ab]
RSSI: -84 [da:1a:3c:25:07:ea]
RSSI: -75 [da:18:58:32:01:cb]
RSSI: -80 [da:1a:3c:32:08:0a]
RSSI: -76 [da:18:58:40:01:fb]
RSSI: -76 [da:18:58:40:01:fb]
RSSI: -93 [da:1f:e0:67:05:8c]
RSSI: -82 [da:1a:3c:3f:08:2a]
RSSI: -79 [da:18:58:4c:02:1b]
RSSI: -79 [da:18:58:4c:02:1b]
RSSI: -84 [da:1a:3c:4c:08:5a]
RSSI: -81 [da:1a:3c:59:08:7a]
RSSI: -82 [da:18:58:67:02:6b]
RSSI: -83 [da:1a:3c:65:08:9a]
RSSI: -82 [da:18:58:67:02:6b]
RSSI: -84 [da:18:58:74:02:8b]
RSSI: -82 [da:1a:3c:73:08:ca]
RSSI: -82 [da:18:58:74:02:8b]
RSSI: -83 [da:1a:3c:73:08:ca]
RSSI: -83 [da:18:58:81:02:bb]
RSSI: -81 [da:18:58:81:02:bb]
RSSI: -80 [da:1a:3c:80:08:ea]
RSSI: -82 [da:18:58:8f:02:db]
RSSI: -79 [da:1a:3c:8c:09:0a]
RSSI: -82 [da:18:58:8f:02:db]
RSSI: -81 [da:18:58:9b:03:0b]
RSSI: -77 [da:1a:3c:9a:09:3a]
RSSI: -83 [da:18:58:9b:03:0b]
RSSI: -76 [da:1a:3c:9a:09:3a]
RSSI: -83 [da:18:58:a9:03:2b]
RSSI: -91 [da:1f:e0:ca:06:cc]
RSSI: -82 [da:18:58:a9:03:2b]
RSSI: -74 [da:1a:3c:a7:09:5a]
RSSI: -83 [da:18:58:b6:03:5b]
RSSI: -95 [da:1f:e0:d9:06:fc]
RSSI: -84 [da:18:58:b6:03:5b]
RSSI: -73 [da:1a:3c:b3:09:7a]
RSSI: -84 [da:18:58:c3:03:7b]
RSSI: -72 [da:1a:3c:c1:09:aa]
RSSI: -72 [da:1a:3c:c1:09:aa]
RSSI: -72 [da:1a:3c:ce:09:ca]
RSSI: -71 [da:1a:3c:ce:09:ca]
RSSI: -88 [da:18:58:de:03:cb]
RSSI: -88 [da:18:58:de:03:cb]
RSSI: -72 [da:1a:3c:da:09:ea]
RSSI: -72 [da:1a:3c:e8:0a:1a]
RSSI: -71 [da:1a:3c:f5:0a:3a]
RSSI: -71 [da:1a:3c:f5:0a:3a]
RSSI: -71 [da:1a:3d:01:0a:5a]
RSSI: -72 [da:1a:3d:01:0a:5a]
RSSI: -70 [da:1a:3d:01:0a:5a]
RSSI: -88 [da:18:59:12:04:6b]
RSSI: -70 [da:1a:3d:0f:0a:8a]
RSSI: -87 [da:18:59:12:04:6b]
RSSI: -88 [da:18:59:12:04:6b]
RSSI: -71 [da:1a:3d:0f:0a:8a]
RSSI: -93 [da:1f:e1:3f:08:3c]
RSSI: -70 [da:1a:3d:1c:0a:aa]
RSSI: -91 [da:18:59:20:04:8b]
RSSI: -70 [da:1a:3d:1c:0a:aa]
RSSI: -70 [da:1a:3d:28:0a:ca]
RSSI: -89 [da:18:59:2d:04:bb]
RSSI: -89 [da:1f:e1:4b:08:6c]
RSSI: -70 [da:1a:3d:28:0a:ca]
RSSI: -70 [da:1a:3d:36:0a:fa]
RSSI: -70 [da:1a:3d:36:0a:fa]
RSSI: -92 [da:18:59:3a:04:db]
RSSI: -70 [da:1a:3d:36:0a:fa]
RSSI: -70 [da:1a:3d:43:0b:1a]
RSSI: -71 [da:1a:3d:43:0b:1a]
RSSI: -94 [da:1f:e1:6a:08:cc]
RSSI: -71 [da:1a:3d:4f:0b:3a]
RSSI: -71 [da:1a:3d:4f:0b:3a]
RSSI: -88 [da:18:59:61:05:4b]
RSSI: -72 [da:1a:3d:5d:0b:6a]
RSSI: -87 [da:18:59:61:05:4b]
RSSI: -93 [da:1f:e1:86:09:2c]
RSSI: -72 [da:1a:3d:5d:0b:6a]
RSSI: -89 [da:18:59:61:05:4b]
RSSI: -72 [da:1a:3d:6a:0b:8a]
RSSI: -86 [da:18:59:6f:05:7b]
RSSI: -86 [da:18:59:7c:05:9b]
RSSI: -74 [da:1a:3d:76:0b:aa]
RSSI: -89 [da:18:59:7c:05:9b]
RSSI: -73 [da:1a:3d:76:0b:aa]
RSSI: -90 [da:1f:e1:a2:09:7c]
RSSI: -85 [da:18:59:89:05:cb]
RSSI: -74 [da:1a:3d:84:0b:da]
RSSI: -76 [da:1a:3d:84:0b:da]
RSSI: -90 [da:1f:e1:b1:09:ac]
RSSI: -77 [da:1a:3d:91:0b:fa]
RSSI: -86 [da:18:59:97:05:eb]
RSSI: -95 [da:1f:e1:c1:09:ec]
RSSI: -85 [da:18:59:a4:06:1b]
RSSI: -78 [da:1a:3d:9e:0c:1a]
RSSI: -76 [da:1a:3d:9e:0c:1a]
RSSI: -88 [da:18:59:a4:06:1b]
RSSI: -77 [da:1a:3d:9e:0c:1a]
RSSI: -89 [da:1f:e1:cd:0a:0c]
RSSI: -80 [da:1a:3d:ab:0c:4a]
RSSI: -82 [da:1a:3d:ab:0c:4a]
RSSI: -82 [da:1a:3d:b8:0c:6a]
RSSI: -87 [da:18:59:be:06:6b]
RSSI: -84 [da:18:59:cc:06:8b]
RSSI: -86 [da:1a:3d:d2:0c:ba]
RSSI: -85 [da:18:59:d8:06:bb]
RSSI: -86 [da:1a:3d:d2:0c:ba]
RSSI: -87 [da:18:59:e6:06:db]
RSSI: -87 [da:1a:3d:df:0c:da]
RSSI: -87 [da:18:59:e6:06:db]
RSSI: -82 [da:1a:3d:ec:0d:0a]
RSSI: -83 [da:18:59:f3:07:0b]
RSSI: -92 [da:1f:e2:17:0a:fc]
RSSI: -84 [da:1a:3d:f9:0d:2a]
RSSI: -87 [da:18:5a:00:07:2b]
RSSI: -81 [da:1a:3e:06:0d:4a]
RSSI: -88 [da:18:5a:0e:07:5b]
RSSI: -81 [da:1a:3e:13:0d:7a]
RSSI: -89 [da:18:5a:1b:07:7b]
RSSI: -82 [da:1a:3e:20:0d:9a]
RSSI: -86 [da:18:5a:28:07:9b]
RSSI: -85 [da:18:5a:35:07:cb]
RSSI: -82 [da:18:5a:43:07:eb]
RSSI: -90 [da:1a:3e:3a:0d:ea]
RSSI: -84 [da:18:5a:43:07:eb]
RSSI: -82 [da:18:5a:4f:08:1b]
RSSI: -80 [da:18:5a:4f:08:1b]
RSSI: -83 [da:1a:3e:54:0e:2a]
RSSI: -82 [da:18:5a:5d:08:3b]
RSSI: -84 [da:1a:3e:54:0e:2a]
RSSI: -82 [da:18:5a:5d:08:3b]
RSSI: -85 [da:1a:3e:61:0e:5a]
RSSI: -82 [da:1a:3e:6e:0e:7a]
RSSI: -85 [da:1a:3e:6e:0e:7a]
RSSI: -93 [da:1f:e2:99:0c:9c]
RSSI: -86 [da:1a:3e:7c:0e:aa]
RSSI: -82 [da:18:5a:85:08:bb]
RSSI: -85 [da:1a:3e:7c:0e:aa]
RSSI: -83 [da:18:5a:85:08:bb]
RSSI: -90 [da:1a:3e:88:0e:ca]
RSSI: -90 [da:1a:3e:88:0e:ca]
RSSI: -83 [da:18:5a:92:08:db]
RSSI: -89 [da:1a:3e:96:0e:ea]
RSSI: -79 [da:18:5a:9f:08:fb]
RSSI: -87 [da:1a:3e:a3:0f:1a]
RSSI: -82 [da:18:5a:ac:09:2b]
RSSI: -88 [da:1a:3e:a3:0f:1a]
RSSI: -82 [da:18:5a:ba:09:5b]
RSSI: -82 [da:18:5a:ba:09:5b]
RSSI: -90 [da:1a:3e:bd:0f:5a]
RSSI: -80 [da:18:5a:c7:09:7b]
RSSI: -81 [da:18:5a:c7:09:7b]
RSSI: -93 [da:1a:3e:ca:0f:8a]
RSSI: -81 [da:18:5a:d4:09:9b]
RSSI: -93 [da:1a:3e:d7:0f:aa]
RSSI: -81 [da:18:5a:e2:09:cb]
RSSI: -85 [da:18:5a:e2:09:cb]
RSSI: -87 [da:1f:e3:0c:0e:0c]
RSSI: -84 [da:18:5a:ee:09:eb]
RSSI: -82 [da:18:5a:ee:09:eb]
RSSI: -86 [da:18:5a:fc:0a:1b]
RSSI: -88 [da:18:5a:fc:0a:1b]
RSSI: -84 [da:18:5b:09:0a:3b]
RSSI: -91 [da:1a:3e:fe:10:1a]
RSSI: -87 [da:18:5b:09:0a:3b]
RSSI: -86 [da:18:5b:16:0a:6b]
RSSI: -90 [da:1f:e3:38:0e:9c]
RSSI: -90 [da:18:5b:24:0a:8b]
RSSI: -89 [da:18:5b:31:0a:bb]
RSSI: -93 [da:1f:e3:54:0e:fc]
RSSI: -89 [da:18:5b:31:0a:bb]
RSSI: -90 [da:18:5b:3e:0a:db]
RSSI: -94 [da:1f:e3:63:0f:2c]
RSSI: -94 [da:1a:3f:40:10:da]
RSSI: -89 [da:18:5b:4c:0b:0b]
RSSI: -92 [da:1f:e3:73:0f:5c]
RSSI: -90 [da:1a:3f:4c:10:fa]
RSSI: -88 [da:1a:3f:67:11:4a]
RSSI: -90 [da:18:5b:73:0b:7b]
RSSI: -90 [da:1a:3f:74:11:6a]
RSSI: -88 [da:1f:e3:9e:0f:dc]
RSSI: -88 [da:1a:3f:74:11:6a]
RSSI: -86 [da:1f:e3:9e:0f:dc]
RSSI: -86 [da:1a:3f:81:11:9a]
RSSI: -88 [da:1d:48:92:0c:5e]
RSSI: -81 [da:1f:e3:ab:10:0c]
RSSI: -83 [da:1f:e3:ab:10:0c]
RSSI: -92 [da:18:5b:8d:0b:cb]
RSSI: -82 [da:1f:e3:ba:10:3c]
RSSI: -81 [da:1f:e3:ba:10:3c]
RSSI: -79 [da:1f:e3:ca:10:6c]
RSSI: -90 [da:18:5b:a9:0c:1b]
RSSI: -86 [da:1a:3f:a8:12:0a]
RSSI: -79 [da:1f:e3:d6:10:9c]
RSSI: -77 [da:1f:e3:d6:10:9c]
RSSI: -77 [da:1f:e3:d6:10:9c]
RSSI: -84 [da:1a:3f:b6:12:2a]
RSSI: -88 [da:1d:48:ce:0c:fe]
RSSI: -78 [da:1f:e3:e6:10:cc]
RSSI: -90 [da:1a:3f:c2:12:4a]
RSSI: -88 [da:1a:3f:c2:12:4a]
RSSI: -78 [da:1f:e3:e6:10:cc]
RSSI: -87 [da:1a:3f:c2:12:4a]
RSSI: -80 [da:1f:e3:f5:10:fc]
RSSI: -87 [da:1d:48:dd:0d:2e]
RSSI: -85 [da:1a:3f:d0:12:7a]
RSSI: -79 [da:1f:e3:f5:10:fc]
RSSI: -86 [da:1a:3f:dd:12:9a]
RSSI: -87 [da:1a:3f:dd:12:9a]
RSSI: -76 [da:1f:e4:02:11:1c]
RSSI: -88 [da:1a:3f:e9:12:ba]
RSSI: -80 [da:1f:e4:02:11:1c]
RSSI: -87 [da:1a:3f:e9:12:ba]
RSSI: -87 [da:1d:49:05:0d:9e]
RSSI: -77 [da:1f:e4:16:11:6c]
RSSI: -88 [da:1a:3f:f7:12:ea]
RSSI: -90 [da:1d:49:13:0d:ce]
RSSI: -76 [da:1f:e4:27:11:9c]
RSSI: -89 [da:1a:40:04:13:0a]
RSSI: -91 [da:1d:49:13:0d:ce]
RSSI: -88 [da:1a:40:04:13:0a]
RSSI: -81 [da:1f:e4:33:11:bc]
RSSI: -92 [da:1a:40:11:13:2a]
RSSI: -81 [da:1f:e4:33:11:bc]
RSSI: -91 [da:1a:40:11:13:2a]
RSSI: -79 [da:1f:e4:33:11:bc]
RSSI: -85 [da:1d:49:2e:0e:1e]
RSSI: -81 [da:1f:e4:43:11:ec]
RSSI: -81 [da:1f:e4:5f:12:4c]
RSSI: -95 [da:18:5c:48:0d:fb]
RSSI: -84 [da:1f:e4:6e:12:7c]
RSSI: -83 [da:1f:e4:6e:12:7c]
RSSI: -86 [da:1a:40:53:13:ea]
RSSI: -88 [da:1d:49:65:0e:be]
RSSI: -86 [da:1f:e4:7e:12:ac]
RSSI: -92 [da:18:5c:63:0e:3b]
RSSI: -88 [da:1a:40:6d:14:3a]
RSSI: -93 [da:18:5c:70:0e:6b]
RSSI: -86 [da:1a:40:6d:14:3a]
RSSI: -89 [da:18:5c:7d:0e:8b]
RSSI: -88 [da:1d:49:8e:0f:2e]
RSSI: -88 [da:1a:40:87:14:7a]
RSSI: -91 [da:1a:40:94:14:aa]
RSSI: -86 [da:1f:e4:c5:13:8c]
RSSI: -89 [da:1f:e4:d5:13:bc]
RSSI: -94 [da:1d:49:c3:0f:ce]
RSSI: -92 [da:1a:40:c4:15:2a]
RSSI: -90 [da:1f:e4:f1:14:1c]
RSSI: -94 [da:1f:e5:01:14:4c]
RSSI: -91 [da:18:5c:e8:0f:cb]
RSSI: -93 [da:1a:40:f9:15:ba]
RSSI: -88 [da:18:5d:03:10:1b]
RSSI: -91 [da:18:5d:10:10:4b]
RSSI: -90 [da:1f:e5:2c:14:dc]
RSSI: -89 [da:1a:41:13:16:0a]
RSSI: -90 [da:1f:e5:48:15:2c]
RSSI: -91 [da:1a:41:2d:00:2a]
RSSI: -89 [da:1f:e5:58:15:5c]
RSSI: -94 [da:18:5d:38:10:bb]
RSSI: -90 [da:1f:e5:58:15:5c]
RSSI: -89 [da:1a:41:3a:00:4a]
RSSI: -90 [da:1f:e5:64:15:8c]
RSSI: -91 [da:1a:41:54:00:9a]
RSSI: -91 [da:1f:e5:74:15:bc]
RSSI: -91 [da:18:5d:60:11:3b]
RSSI: -91 [da:1f:e5:84:15:ec]
RSSI: -91 [da:18:5d:6d:11:5b]
RSSI: -94 [da:18:5d:7b:11:8b]
RSSI: -93 [da:1f:e5:a0:16:4c]
RSSI: -92 [da:1a:41:7c:01:0a]
RSSI: -92 [da:1a:41:7c:01:0a]
RSSI: -89 [da:1f:e5:a0:16:4c]
RSSI: -92 [da:1a:41:7c:01:0a]
RSSI: -91 [da:18:5d:88:11:ab]
RSSI: -88 [da:1f:e5:bc:00:0c]
RSSI: -88 [da:18:5d:a3:11:fb]
RSSI: -89 [da:18:5d:a3:11:fb]
RSSI: -88 [da:1f:e5:cb:00:3c]
RSSI: -88 [da:18:5d:b0:12:2b]
RSSI: -87 [da:18:5d:bd:12:4b]
RSSI: -88 [da:1f:e5:db:00:6c]
RSSI: -88 [da:18:5d:bd:12:4b]
RSSI: -90 [da:1a:41:be:01:ca]
RSSI: -87 [da:18:5d:cb:12:6b]
RSSI: -91 [da:1a:41:cb:01:ea]
RSSI: -88 [da:1a:41:cb:01:ea]
RSSI: -87 [da:18:5d:d8:12:9b]
RSSI: -91 [da:1a:41:d8:02:0a]
RSSI: -87 [da:18:5d:e5:12:bb]
RSSI: -85 [da:1a:41:e6:02:3a]
RSSI: -87 [da:18:5d:f3:12:eb]
RSSI: -88 [da:18:5e:00:13:0b]
RSSI: -89 [da:1a:42:00:02:7a]
RSSI: -89 [da:1a:42:00:02:7a]
RSSI: -89 [da:18:5e:0d:13:3b]
RSSI: -90 [da:1a:42:0d:02:aa]
RSSI: -88 [da:1a:42:1a:02:ca]
RSSI: -93 [da:18:5e:1b:13:5b]
RSSI: -87 [da:18:5e:29:13:8b]
RSSI: -90 [da:1a:42:27:02:ea]
RSSI: -85 [da:18:5e:35:13:ab]
RSSI: -86 [da:1a:42:35:03:1a]
RSSI: -89 [da:18:5e:43:13:cb]
RSSI: -90 [da:1a:42:41:03:3a]
RSSI: -91 [da:18:5e:43:13:cb]
RSSI: -82 [da:18:5e:5d:14:1b]
RSSI: -93 [da:1a:42:5c:03:8a]
RSSI: -92 [da:1a:42:5c:03:8a]
RSSI: -85 [da:18:5e:6b:14:4b]
RSSI: -87 [da:18:5e:79:14:6b]
RSSI: -81 [da:18:5e:85:14:9b]
RSSI: -83 [da:18:5e:93:14:bb]
RSSI: -88 [da:18:5e:a1:14:eb]
RSSI: -84 [da:18:5e:a1:14:eb]
RSSI: -83 [da:18:5e:ae:15:0b]
RSSI: -83 [da:18:5e:ae:15:0b]
RSSI: -79 [da:18:5e:bb:15:2b]
RSSI: -79 [da:18:5e:c9:15:5b]
RSSI: -79 [da:18:5e:c9:15:5b]
RSSI: -77 [da:18:5e:c9:15:5b]
RSSI: -77 [da:18:5e:c9:15:5b]
RSSI: -76 [da:18:5e:d6:15:7b]
RSSI: -76 [da:18:5e:d6:15:7b]
RSSI: -73 [da:18:5e:e4:15:ab]
RSSI: -72 [da:18:5e:e4:15:ab]
RSSI: -73 [da:18:5e:f1:15:cb]
RSSI: -73 [da:18:5e:f1:15:cb]
RSSI: -72 [da:18:5e:fe:15:fb]
RSSI: -70 [da:18:5f:0c:16:1b]
RSSI: -69 [da:18:5f:1a:16:4b]
RSSI: -70 [da:18:5f:26:16:6b]
RSSI: -92 [da:1a:43:23:05:ba]
RSSI: -69 [da:18:5f:26:16:6b]
RSSI: -68 [da:18:5f:34:00:2b]
RSSI: -89 [da:1a:43:2f:05:da]
RSSI: -70 [da:18:5f:34:00:2b]
RSSI: -69 [da:18:5f:42:00:5b]
RSSI: -89 [da:1a:43:3d:05:fa]
RSSI: -68 [da:18:5f:42:00:5b]
RSSI: -87 [da:1a:43:3d:05:fa]
RSSI: -68 [da:18:5f:4e:00:7b]
RSSI: -88 [da:1a:43:4a:06:2a]
RSSI: -68 [da:18:5f:4e:00:7b]
RSSI: -68 [da:18:5f:4e:00:7b]
RSSI: -87 [da:1a:43:4a:06:2a]
RSSI: -87 [da:1f:e7:72:05:7c]
RSSI: -68 [da:18:5f:4e:00:7b]
RSSI: -69 [da:18:5f:5c:00:9b]
RSSI: -88 [da:1a:43:57:06:4a]
RSSI: -69 [da:18:5f:5c:00:9b]
RSSI: -86 [da:1f:e7:81:05:ac]
RSSI: -68 [da:18:5f:6a:00:cb]
RSSI: -86 [da:1a:43:64:06:7a]
RSSI: -68 [da:18:5f:6a:00:cb]
RSSI: -68 [da:18:5f:77:00:eb]
RSSI: -68 [da:18:5f:77:00:eb]
RSSI: -69 [da:18:5f:85:01:1b]
RSSI: -68 [da:18:5f:92:01:4b]
RSSI: -85 [da:1a:43:8c:06:ea]
RSSI: -86 [da:1a:43:9a:07:0a]
RSSI: -70 [da:18:5f:9f:01:6b]
RSSI: -86 [da:1a:43:a6:07:2a]
RSSI: -71 [da:18:5f:ad:01:9b]
RSSI: -92 [da:1f:e7:c9:06:8c]
RSSI: -85 [da:1a:43:a6:07:2a]
RSSI: -71 [da:18:5f:ad:01:9b]
RSSI: -70 [da:18:5f:bb:01:bb]
RSSI: -82 [da:1a:43:b4:07:5a]
RSSI: -88 [da:1f:e7:d9:06:cc]
RSSI: -71 [da:18:5f:bb:01:bb]
RSSI: -85 [da:1a:43:b4:07:5a]
RSSI: -84 [da:1a:43:c2:07:7a]
RSSI: -73 [da:18:5f:c7:01:db]
RSSI: -75 [da:18:5f:d5:02:0b]
RSSI: -82 [da:1a:43:ce:07:9a]
RSSI: -76 [da:18:5f:d5:02:0b]
RSSI: -82 [da:1a:43:ce:07:9a]
RSSI: -76 [da:18:5f:d5:02:0b]
RSSI: -75 [da:18:5f:e3:02:3b]
RSSI: -81 [da:1a:43:e9:07:ea]
RSSI: -78 [da:18:5f:ef:02:5b]
RSSI: -88 [da:1f:e8:15:07:8c]
RSSI: -79 [da:1a:43:e9:07:ea]
RSSI: -79 [da:18:5f:ef:02:5b]
RSSI: -88 [da:1f:e8:15:07:8c]
RSSI: -92 [da:1f:e8:15:07:8c]
RSSI: -81 [da:1a:43:f6:08:1a]
RSSI: -80 [da:18:5f:fd:02:7b]
RSSI: -81 [da:1a:43:f6:08:1a]
RSSI: -81 [da:18:5f:fd:02:7b]
RSSI: -88 [da:1f:e8:21:07:ac]
RSSI: -81 [da:1a:44:04:08:3a]
RSSI: -81 [da:18:60:0b:02:ab]
RSSI: -80 [da:1a:44:11:08:5a]
RSSI: -84 [da:18:60:18:02:cb]
RSSI: -81 [da:1a:44:11:08:5a]
RSSI: -80 [da:1a:44:1e:08:8a]
RSSI: -94 [da:1f:e8:40:08:0c]
RSSI: -83 [da:18:60:26:02:fb]
RSSI: -79 [da:1a:44:1e:08:8a]
RSSI: -87 [da:1f:e8:4d:08:3c]
RSSI: -82 [da:18:60:33:03:1b]
RSSI: -79 [da:1a:44:2b:08:aa]
RSSI: -82 [da:18:60:33:03:1b]
RSSI: -82 [da:18:60:33:03:1b]
RSSI: -80 [da:18:60:40:03:4b]
RSSI: -87 [da:1f:e8:5d:08:6c]
RSSI: -81 [da:18:60:40:03:4b]
RSSI: -90 [da:1f:e8:6c:08:9c]
RSSI: -90 [da:1f:e8:6c:08:9c]
RSSI: -81 [da:18:60:4e:03:6b]
RSSI: -76 [da:1a:44:53:09:1a]
RSSI: -83 [da:18:60:5c:03:9b]
RSSI: -75 [da:1a:44:53:09:1a]
RSSI: -82 [da:18:60:5c:03:9b]
RSSI: -75 [da:1a:44:61:09:4a]
RSSI: -90 [da:1f:e8:89:08:fc]
RSSI: -83 [da:18:60:68:03:bb]
RSSI: -90 [da:1f:e8:98:09:2c]
RSSI: -90 [da:18:60:76:03:eb]
RSSI: -85 [da:18:60:84:04:0b]
RSSI: -73 [da:1a:44:7b:09:8a]
RSSI: -72 [da:1a:44:7b:09:8a]
RSSI: -73 [da:1a:44:88:09:ba]
RSSI: -72 [da:1a:44:88:09:ba]
RSSI: -71 [da:1a:44:95:09:da]
RSSI: -87 [da:1f:e8:b5:09:8c]
RSSI: -71 [da:1a:44:95:09:da]
RSSI: -71 [da:1a:44:a3:09:fa]
RSSI: -71 [da:1a:44:b0:0a:2a]
RSSI: -87 [da:18:60:b9:04:ab]
RSSI: -70 [da:1a:44:b0:0a:2a]
RSSI: -86 [da:18:60:b9:04:ab]
RSSI: -71 [da:1a:44:bd:0a:4a]
RSSI: -89 [da:18:60:c7:04:db]
RSSI: -87 [da:1f:e8:e1:0a:1c]
RSSI: -71 [da:1a:44:bd:0a:4a]
RSSI: -70 [da:1a:44:cb:0a:7a]
RSSI: -71 [da:1a:44:cb:0a:7a]
RSSI: -88 [da:18:60:d5:04:fb]
RSSI: -84 [da:18:60:e1:05:2b]
RSSI: -71 [da:1a:44:d8:0a:9a]
RSSI: -85 [da:18:60:e1:05:2b]
RSSI: -72 [da:1a:44:e5:0a:ba]
RSSI: -90 [da:1f:e9:0d:0a:9c]
RSSI: -90 [da:18:60:ef:05:4b]
RSSI: -87 [da:18:60:ef:05:4b]
RSSI: -87 [da:18:60:ef:05:4b]
RSSI: -87 [da:18:60:fd:05:7b]
RSSI: -87 [da:18:61:0a:05:9b]
RSSI: -87 [da:18:61:0a:05:9b]
RSSI: -92 [da:1f:e9:29:0a:fc]
RSSI: -72 [da:1a:45:0d:0b:3a]
RSSI: -74 [da:1a:45:1a:0b:5a]
RSSI: -74 [da:1a:45:28:0b:7a]
RSSI: -75 [da:1a:45:28:0b:7a]
RSSI: -75 [da:1a:45:35:0b:aa]
RSSI: -83 [da:18:61:40:06:3b]
RSSI: -76 [da:1a:45:42:0b:ca]
RSSI: -90 [da:18:61:4e:06:6b]
RSSI: -77 [da:1a:45:42:0b:ca]
RSSI: -77 [da:1a:45:50:0b:fa]
RSSI: -77 [da:1a:45:50:0b:fa]
RSSI: -85 [da:18:61:5b:06:8b]
RSSI: -79 [da:1a:45:50:0b:fa]
RSSI: -87 [da:18:61:5b:06:8b]
RSSI: -88 [da:18:61:69:06:bb]
RSSI: -81 [da:1a:45:5c:0c:1a]
RSSI: -84 [da:18:61:69:06:bb]
RSSI: -82 [da:1a:45:6a:0c:3a]
RSSI: -84 [da:1a:45:78:0c:6a]
RSSI: -85 [da:18:61:77:06:db]
RSSI: -85 [da:1a:45:78:0c:6a]
RSSI: -83 [da:18:61:83:06:fb]
RSSI: -82 [da:18:61:83:06:fb]
RSSI: -86 [da:1a:45:84:0c:8a]
RSSI: -84 [da:18:61:91:07:2b]
RSSI: -85 [da:18:61:91:07:2b]
RSSI: -85 [da:18:61:91:07:2b]
RSSI: -83 [da:1a:45:92:0c:ba]
RSSI: -87 [da:18:61:9f:07:5b]
RSSI: -85 [da:1a:45:a0:0c:da]
RSSI: -84 [da:1a:45:a0:0c:da]
RSSI: -86 [da:18:61:ac:07:7b]
RSSI: -82 [da:1a:45:ac:0c:fa]
RSSI: -82 [da:1a:45:ac:0c:fa]
RSSI: -86 [da:18:61:ba:07:ab]
RSSI: -82 [da:1a:45:ba:0d:2a]
RSSI: -81 [da:1a:45:ba:0d:2a]
RSSI: -81 [da:1a:45:ba:0d:2a]
RSSI: -89 [da:18:61:c7:07:cb]
RSSI: -85 [da:18:61:c7:07:cb]
RSSI: -82 [da:1a:45:c8:0d:4a]
RSSI: -84 [da:18:61:d4:07:eb]
RSSI: -86 [da:18:61:d4:07:eb]
RSSI: -86 [da:1a:45:d4:0d:6a]
RSSI: -83 [da:18:61:e2:08:1b]
RSSI: -87 [da:1a:45:e2:0d:9a]
RSSI: -85 [da:18:61:f0:08:4b]
RSSI: -90 [da:1a:45:e2:0d:9a]
RSSI: -83 [da:18:61:f0:08:4b]
RSSI: -84 [da:18:61:f0:08:4b]
RSSI: -85 [da:18:61:fd:08:6b]
RSSI: -89 [da:1a:45:fc:0d:ea]
RSSI: -92 [da:1f:ea:25:0e:2c]
RSSI: -83 [da:18:62:0b:08:9b]
RSSI: -88 [da:1a:46:0a:0e:0a]
RSSI: -85 [da:18:62:19:08:bb]
RSSI: -86 [da:18:62:25:08:eb]
RSSI: -86 [da:18:62:25:08:eb]
RSSI: -82 [da:18:62:33:09:0b]
RSSI: -81 [da:18:62:33:09:0b]
RSSI: -85 [da:18:62:33:09:0b]
RSSI: -92 [da:1a:46:32:0e:7a]
RSSI: -84 [da:18:62:41:09:3b]
RSSI: -94 [da:1a:46:40:0e:aa]
RSSI: -84 [da:18:62:4e:09:5b]
RSSI: -94 [da:1a:46:4c:0e:ca]
RSSI: -83 [da:18:62:4e:09:5b]
RSSI: -79 [da:18:62:5c:09:8b]
RSSI: -82 [da:18:62:5c:09:8b]
RSSI: -83 [da:18:62:6a:09:ab]
RSSI: -80 [da:18:62:6a:09:ab]
RSSI: -92 [da:1a:46:68:0f:1a]
RSSI: -81 [da:18:62:76:09:db]
RSSI: -84 [da:18:62:76:09:db]
RSSI: -82 [da:18:62:84:09:fb]
RSSI: -87 [da:18:62:92:0a:2b]
RSSI: -86 [da:18:62:9f:0a:4b]
RSSI: -90 [da:1f:ea:c6:10:2c]
RSSI: -86 [da:1f:ea:d5:10:6c]
RSSI: -86 [da:1f:ea:d5:10:6c]
RSSI: -86 [da:1f:ea:d5:10:6c]
RSSI: -88 [da:18:62:bb:0a:ab]
RSSI: -92 [da:1a:46:b8:0f:fa]
RSSI: -88 [da:18:62:c7:0a:cb]
RSSI: -83 [da:1f:ea:e2:10:8c]
RSSI: -90 [da:18:62:d5:0a:eb]
RSSI: -82 [da:1f:ea:f2:10:bc]
RSSI: -78 [da:1f:ea:f2:10:bc]
RSSI: -81 [da:1f:eb:02:10:ec]
RSSI: -81 [da:1f:eb:02:10:ec]
RSSI: -79 [da:1f:eb:0e:11:1c]
RSSI: -81 [da:1f:eb:0e:11:1c]
RSSI: -78 [da:1f:eb:1e:11:4c]
RSSI: -82 [da:1f:eb:2e:11:7c]
RSSI: -80 [da:1f:eb:2e:11:7c]
RSSI: -93 [da:1a:47:08:10:da]
RSSI: -82 [da:1f:eb:3a:11:ac]
RSSI: -88 [da:1a:47:15:11:0a]
RSSI: -80 [da:1f:eb:3a:11:ac]
RSSI: -91 [da:1a:47:22:11:2a]
RSSI: -81 [da:1f:eb:4a:11:dc]
RSSI: -88 [da:1a:47:30:11:5a]
RSSI: -91 [da:1d:50:41:0c:5e]
RSSI: -89 [da:1a:47:30:11:5a]
RSSI: -84 [da:1f:eb:5a:12:0c]
RSSI: -93 [da:1d:50:50:0c:7e]
RSSI: -89 [da:1a:47:3d:11:7a]
RSSI: -84 [da:1f:eb:67:12:2c]
RSSI: -94 [da:18:63:41:0c:3b]
RSSI: -90 [da:1a:47:3d:11:7a]
RSSI: -84 [da:1f:eb:67:12:2c]
RSSI: -90 [da:1d:50:5c:0c:9e]
RSSI: -91 [da:1d:50:5c:0c:9e]
RSSI: -90 [da:1a:47:58:11:ca]
RSSI: -91 [da:1f:eb:77:12:5c]
RSSI: -93 [da:1f:eb:86:12:8c]
RSSI: -90 [da:1d:50:79:0c:fe]
RSSI: -87 [da:1a:47:65:11:ea]
RSSI: -86 [da:1a:47:80:12:3a]
RSSI: -92 [da:1d:50:a3:0d:6e]
RSSI: -91 [da:18:63:92:0d:2b]
RSSI: -90 [da:1d:50:a3:0d:6e]
RSSI: -89 [da:1f:eb:bf:13:4c]
RSSI: -90 [da:1d:50:af:0d:9e]
RSSI: -90 [da:1f:eb:cf:13:7c]
RSSI: -88 [da:1d:50:be:0d:be]
RSSI: -85 [da:1a:47:b5:12:da]
RSSI: -92 [da:1d:50:cc:0d:ee]
RSSI: -86 [da:1a:47:b5:12:da]
RSSI: -88 [da:18:63:bb:0d:9b]
RSSI: -87 [da:1a:47:b5:12:da]
RSSI: -87 [da:1a:47:c3:12:fa]
RSSI: -87 [da:18:63:c9:0d:cb]
RSSI: -85 [da:1a:47:d1:13:2a]
RSSI: -88 [da:18:63:d7:0d:eb]
RSSI: -88 [da:1d:50:e7:0e:3e]
RSSI: -86 [da:1a:47:d1:13:2a]
RSSI: -89 [da:18:63:d7:0d:eb]
RSSI: -93 [da:1d:50:e7:0e:3e]
RSSI: -89 [da:1a:47:dd:13:4a]
RSSI: -88 [da:18:63:e4:0e:1b]
RSSI: -88 [da:1f:ec:0b:14:3c]
RSSI: -89 [da:18:63:f2:0e:3b]
RSSI: -89 [da:1a:47:eb:13:6a]
RSSI: -88 [da:18:63:f2:0e:3b]
RSSI: -86 [da:1a:47:f9:13:9a]
RSSI: -87 [da:18:64:00:0e:6b]
RSSI: -92 [da:1d:51:11:0e:ae]
RSSI: -92 [da:1f:ec:28:14:9c]
RSSI: -90 [da:18:64:0d:0e:8b]
RSSI: -90 [da:1a:48:13:13:da]
RSSI: -90 [da:18:64:1b:0e:bb]
RSSI: -90 [da:18:64:1b:0e:bb]
RSSI: -89 [da:18:64:29:0e:db]
RSSI: -88 [da:18:64:29:0e:db]
RSSI: -88 [da:18:64:35:0f:0b]
RSSI: -89 [da:1a:48:2e:14:2a]
RSSI: -86 [da:18:64:43:0f:2b]
RSSI: -87 [da:18:64:43:0f:2b]
RSSI: -86 [da:18:64:51:0f:5b]
RSSI: -87 [da:18:64:5e:0f:7b]
RSSI: -89 [da:18:64:6c:0f:ab]
RSSI: -91 [da:18:64:7a:0f:db]
RSSI: -93 [da:1a:48:7e:15:1a]
RSSI: -89 [da:18:64:87:0f:fb]
RSSI: -88 [da:18:64:87:0f:fb]
RSSI: -93 [da:1f:ec:bc:16:6c]
RSSI: -86 [da:18:64:9a:10:3b]
RSSI: -87 [da:18:64:9a:10:3b]
RSSI: -87 [da:18:64:aa:10:5b]
RSSI: -92 [da:1f:ec:c9:00:2c]
RSSI: -91 [da:1a:48:a6:15:8a]
RSSI: -87 [da:18:64:b7:10:8b]
RSSI: -89 [da:18:64:b7:10:8b]
RSSI: -91 [da:1f:ec:d9:00:5c]
RSSI: -92 [da:18:64:e0:10:fb]
RSSI: -90 [da:18:64:ee:11:2b]
RSSI: -90 [da:18:64:ee:11:2b]
RSSI: -89 [da:18:64:fc:11:5b]
RSSI: -93 [da:1a:48:f7:00:2a]
RSSI: -88 [da:18:64:fc:11:5b]
RSSI: -89 [da:18:65:09:11:7b]
RSSI: -87 [da:18:65:17:11:9b]
RSSI: -88 [da:18:65:25:11:cb]
RSSI: -91 [da:1a:49:1f:00:9a]
RSSI: -89 [da:18:65:31:11:eb]
RSSI: -90 [da:18:65:4e:12:4b]
RSSI: -89 [da:1a:49:47:01:0a]
RSSI: -93 [da:1a:49:47:01:0a]
RSSI: -89 [da:18:65:5a:12:6b]
RSSI: -91 [da:1a:49:55:01:2a]
RSSI: -87 [da:18:65:69:12:9b]
RSSI: -87 [da:18:65:77:12:bb]
RSSI: -90 [da:1a:49:70:01:7a]
RSSI: -93 [da:1a:49:70:01:7a]
RSSI: -88 [da:18:65:91:13:0b]
RSSI: -90 [da:1a:49:8b:01:ca]
RSSI: -88 [da:1a:49:a6:02:1a]
RSSI: -88 [da:18:65:ac:13:5b]
RSSI: -88 [da:1a:49:a6:02:1a]
RSSI: -89 [da:1a:49:a6:02:1a]
RSSI: -88 [da:18:65:ba:13:8b]
RSSI: -89 [da:1a:49:b4:02:3a]
RSSI: -88 [da:18:65:c8:13:ab]
RSSI: -89 [da:18:65:d5:13:db]
RSSI: -90 [da:1a:49:ce:02:8a]
RSSI: -89 [da:18:65:d5:13:db]
RSSI: -93 [da:1a:49:e9:02:ca]
RSSI: -90 [da:18:65:f1:14:2b]
RSSI: -87 [da:18:65:f1:14:2b]
RSSI: -89 [da:18:65:fe:14:4b]
RSSI: -88 [da:18:66:0c:14:7b]
RSSI: -88 [da:1a:4a:11:03:3a]
RSSI: -83 [da:18:66:1a:14:9b]
RSSI: -85 [da:18:66:27:14:cb]
RSSI: -87 [da:18:66:27:14:cb]
RSSI: -86 [da:18:66:35:14:eb]
RSSI: -87 [da:18:66:35:14:eb]
RSSI: -86 [da:18:66:35:14:eb]
RSSI: -83 [da:18:66:43:15:1b]
RSSI: -85 [da:18:66:43:15:1b]
RSSI: -82 [da:18:66:50:15:3b]
RSSI: -82 [da:18:66:50:15:3b]
RSSI: -81 [da:18:66:5e:15:6b]
RSSI: -89 [da:1a:4a:55:03:fa]
RSSI: -81 [da:18:66:5e:15:6b]
RSSI: -92 [da:1a:4a:62:04:2a]
RSSI: -79 [da:18:66:6c:15:8b]
RSSI: -77 [da:18:66:79:15:bb]
RSSI: -77 [da:18:66:87:15:db]
RSSI: -92 [da:1f:ee:a5:06:1c]
RSSI: -77 [da:18:66:87:15:db]
RSSI: -74 [da:18:66:95:16:0b]
RSSI: -75 [da:18:66:95:16:0b]
RSSI: -72 [da:18:66:a2:16:2b]
RSSI: -74 [da:18:66:a2:16:2b]
RSSI: -73 [da:18:66:b0:16:5b]
RSSI: -71 [da:18:66:b0:16:5b]
RSSI: -91 [da:1f:ee:d2:06:ac]
RSSI: -73 [da:18:66:be:00:0b]
RSSI: -72 [da:18:66:be:00:0b]
RSSI: -71 [da:18:66:cb:00:2b]
RSSI: -92 [da:1f:ee:ee:06:fc]
RSSI: -69 [da:18:66:d9:00:2b]
RSSI: -70 [da:18:66:e7:00:5b]
RSSI: -93 [da:1a:4a:db:05:7a]
RSSI: -92 [da:1a:4a:e9:05:aa]
RSSI: -69 [da:18:66:f4:00:7b]
RSSI: -70 [da:18:66:f4:00:7b]
RSSI: -87 [da:1a:4a:f7:05:ca]
RSSI: -69 [da:18:67:02:00:ab]
RSSI: -69 [da:18:67:02:00:ab]
RSSI: -69 [da:18:67:10:00:cb]
RSSI: -68 [da:18:67:10:00:cb]
RSSI: -95 [da:1f:ef:38:07:ec]
RSSI: -70 [da:18:67:1d:00:fb]
RSSI: -93 [da:1f:ef:38:07:ec]
RSSI: -70 [da:18:67:1d:00:fb]
RSSI: -91 [da:1f:ef:48:08:1c]
RSSI: -70 [da:18:67:2b:01:1b]
RSSI: -91 [da:1a:4b:2c:06:6a]
RSSI: -90 [da:1f:ef:58:08:5c]
RSSI: -70 [da:18:67:39:01:4b]
RSSI: -87 [da:1a:4b:3a:06:9a]
RSSI: -87 [da:1a:4b:3a:06:9a]
RSSI: -71 [da:18:67:46:01:6b]
RSSI: -86 [da:1a:4b:48:06:ba]
RSSI: -86 [da:1a:4b:48:06:ba]
RSSI: -89 [da:1f:ef:74:08:ac]
RSSI: -71 [da:18:67:54:01:9b]
RSSI: -85 [da:1f:ef:74:08:ac]
RSSI: -71 [da:18:67:54:01:9b]
RSSI: -84 [da:1a:4b:55:06:da]
RSSI: -72 [da:18:67:62:01:bb]
RSSI: -72 [da:18:67:62:01:bb]
RSSI: -91 [da:1f:ef:84:08:ec]
RSSI: -84 [da:1a:4b:63:07:0a]
RSSI: -72 [da:18:67:6f:01:eb]
RSSI: -73 [da:18:67:6f:01:eb]
RSSI: -73 [da:18:67:7d:02:0b]
RSSI: -74 [da:18:67:7d:02:0b]
RSSI: -82 [da:1a:4b:7d:07:5a]
RSSI: -82 [da:1a:4b:7d:07:5a]
RSSI: -88 [da:1f:ef:a1:09:3c]
RSSI: -82 [da:1a:4b:7d:07:5a]
RSSI: -76 [da:18:67:8b:02:3b]
RSSI: -82 [da:1a:4b:8b:07:7a]
RSSI: -86 [da:1f:ef:b1:09:7c]
RSSI: -82 [da:1a:4b:8b:07:7a]
RSSI: -78 [da:18:67:98:02:5b]
RSSI: -89 [da:1f:ef:bd:09:9c]
RSSI: -83 [da:1a:4b:99:07:aa]
RSSI: -88 [da:1f:ef:bd:09:9c]
RSSI: -80 [da:18:67:a6:02:8b]
RSSI: -81 [da:1a:4b:a6:07:ca]
RSSI: -85 [da:1f:ef:cd:09:cc]
RSSI: -81 [da:18:67:b4:02:ab]
RSSI: -82 [da:18:67:b4:02:ab]
RSSI: -81 [da:1a:4b:b4:07:fa]
RSSI: -81 [da:1a:4b:c2:08:1a]
RSSI: -82 [da:18:67:cf:02:fb]
RSSI: -80 [da:18:67:dd:03:2b]
RSSI: -80 [da:1a:4b:dd:08:6a]
RSSI: -78 [da:1a:4b:dd:08:6a]
RSSI: -79 [da:1a:4b:ea:08:8a]
RSSI: -80 [da:18:67:ea:03:4b]
RSSI: -78 [da:1a:4b:ea:08:8a]
RSSI: -80 [da:18:67:f8:03:7b]
RSSI: -76 [da:1a:4b:f7:08:ba]
RSSI: -81 [da:18:68:07:03:ab]
RSSI: -73 [da:1a:4c:05:08:da]
RSSI: -82 [da:18:68:13:03:cb]
RSSI: -73 [da:1a:4c:13:09:0a]
RSSI: -83 [da:18:68:13:03:cb]
RSSI: -73 [da:1a:4c:13:09:0a]
RSSI: -86 [da:18:68:22:03:fb]
RSSI: -72 [da:1a:4c:20:09:2a]
RSSI: -85 [da:18:68:22:03:fb]
RSSI: -71 [da:1a:4c:20:09:2a]
RSSI: -87 [da:18:68:30:04:1b]
RSSI: -90 [da:18:68:30:04:1b]
RSSI: -71 [da:1a:4c:2e:09:4a]
RSSI: -86 [da:18:68:3c:04:4b]
RSSI: -87 [da:18:68:3c:04:4b]
RSSI: -71 [da:1a:4c:3c:09:7a]
RSSI: -71 [da:1a:4c:48:09:9a]
RSSI: -87 [da:18:68:4b:04:6b]
RSSI: -71 [da:1a:4c:48:09:9a]
RSSI: -71 [da:1a:4c:48:09:9a]
RSSI: -71 [da:1a:4c:48:09:9a]
RSSI: -85 [da:18:68:59:04:9b]
RSSI: -71 [da:1a:4c:56:09:ca]
RSSI: -71 [da:1a:4c:56:09:ca]
RSSI: -87 [da:18:68:66:04:bb]
RSSI: -71 [da:1a:4c:64:09:ea]
RSSI: -69 [da:1a:4c:64:09:ea]
RSSI: -84 [da:18:68:74:04:eb]
RSSI: -86 [da:18:68:74:04:eb]
RSSI: -88 [da:18:68:82:05:1b]
RSSI: -87 [da:18:68:82:05:1b]
RSSI: -71 [da:1a:4c:7f:0a:3a]
RSSI: -89 [da:18:68:8f:05:3b]
RSSI: -68 [da:1a:4c:8d:0a:5a]
RSSI: -87 [da:18:68:9d:05:6b]
RSSI: -70 [da:1a:4c:9a:0a:8a]
RSSI: -87 [da:18:68:ab:05:8b]
RSSI: -70 [da:1a:4c:a8:0a:aa]
RSSI: -70 [da:1a:4c:a8:0a:aa]
RSSI: -69 [da:1a:4c:b6:0a:da]
RSSI: -88 [da:18:68:b8:05:bb]
RSSI: -70 [da:1a:4c:b6:0a:da]
RSSI: -71 [da:1a:4c:c2:0a:fa]
RSSI: -88 [da:18:68:c6:05:db]
RSSI: -69 [da:1a:4c:c2:0a:fa]
RSSI: -84 [da:18:68:d5:06:0b]
RSSI: -72 [da:1a:4c:d0:0b:2a]
RSSI: -86 [da:18:68:d5:06:0b]
RSSI: -72 [da:1a:4c:d0:0b:2a]
RSSI: -89 [da:18:68:e1:06:2b]
RSSI: -73 [da:1a:4c:de:0b:4a]
RSSI: -85 [da:18:68:e1:06:2b]
RSSI: -73 [da:1a:4c:eb:0b:6a]
RSSI: -88 [da:18:68:fe:06:8b]
RSSI: -78 [da:1a:4c:f9:0b:9a]
RSSI: -79 [da:1a:4d:07:0b:ba]
RSSI: -87 [da:18:69:0a:06:ab]
RSSI: -79 [da:1a:4d:07:0b:ba]
RSSI: -81 [da:1a:4d:14:0b:ea]
RSSI: -85 [da:18:69:19:06:db]
RSSI: -94 [da:1f:f1:43:0e:8c]
RSSI: -85 [da:18:69:27:06:fb]
RSSI: -85 [da:1a:4d:22:0c:0a]
RSSI: -86 [da:18:69:34:07:2b]
RSSI: -89 [da:18:69:34:07:2b]
RSSI: -88 [da:1a:4d:30:0c:3a]
RSSI: -86 [da:18:69:42:07:5b]
RSSI: -89 [da:18:69:42:07:5b]
RSSI: -95 [da:18:69:50:07:7b]
RSSI: -82 [da:1a:4d:4a:0c:8a]
RSSI: -83 [da:1a:4d:58:0c:aa]
RSSI: -94 [da:1f:f1:7d:0f:3c]
RSSI: -83 [da:1a:4d:58:0c:aa]
RSSI: -92 [da:1a:4d:65:0c:ca]
RSSI: -83 [da:1a:4d:73:0c:fa]
RSSI: -83 [da:1a:4d:73:0c:fa]
RSSI: -85 [da:1a:4d:81:0d:1a]
RSSI: -87 [da:18:69:95:08:4b]
RSSI: -85 [da:1a:4d:8e:0d:3a]
RSSI: -87 [da:18:69:95:08:4b]
RSSI: -85 [da:1f:f1:ba:0f:fc]
RSSI: -88 [da:1a:4d:8e:0d:3a]
RSSI: -87 [da:18:69:95:08:4b]
RSSI: -83 [da:1f:f1:ba:0f:fc]
RSSI: -84 [da:18:69:a3:08:7b]
RSSI: -86 [da:1a:4d:9c:0d:6a]
RSSI: -86 [da:1f:f1:ca:10:3c]
RSSI: -88 [da:1a:4d:9c:0d:6a]
RSSI: -85 [da:1f:f1:ca:10:3c]
RSSI: -81 [da:1f:f1:ca:10:3c]
RSSI: -88 [da:1a:4d:aa:0d:9a]
RSSI: -86 [da:1a:4d:aa:0d:9a]
RSSI: -84 [da:18:69:b0:08:9b]
RSSI: -88 [da:1a:4d:b7:0d:ba]
RSSI: -80 [da:1f:f1:d6:10:5c]
RSSI: -87 [da:18:69:be:08:cb]
RSSI: -77 [da:1f:f1:e6:10:8c]
RSSI: -80 [da:1f:f1:e6:10:8c]
RSSI: -78 [da:1f:f1:f6:10:cc]
RSSI: -85 [da:18:69:d9:09:1b]
RSSI: -91 [da:18:69:e7:09:3b]
RSSI: -77 [da:1f:f2:03:10:ec]
RSSI: -87 [da:1a:4d:df:0e:2a]
RSSI: -85 [da:18:69:e7:09:3b]
RSSI: -78 [da:1f:f2:13:11:2c]
RSSI: -90 [da:1a:4d:ee:0e:5a]
RSSI: -88 [da:18:69:f6:09:6b]
RSSI: -76 [da:1f:f2:13:11:2c]
RSSI: -87 [da:18:69:f6:09:6b]
RSSI: -76 [da:1f:f2:13:11:2c]
RSSI: -76 [da:1f:f2:23:11:5c]
RSSI: -83 [da:18:6a:02:09:8b]
RSSI: -91 [da:1a:4d:fc:0e:7a]
RSSI: -87 [da:18:6a:02:09:8b]
RSSI: -92 [da:1a:4d:fc:0e:7a]
RSSI: -84 [da:18:6a:11:09:bb]
RSSI: -76 [da:1f:f2:30:11:7c]
RSSI: -91 [da:1a:4e:0e:0e:aa]
RSSI: -86 [da:18:6a:1f:09:eb]
RSSI: -91 [da:1a:4e:0e:0e:aa]
RSSI: -74 [da:1f:f2:40:11:ac]
RSSI: -86 [da:18:6a:1f:09:eb]
RSSI: -94 [da:1a:4e:1e:0e:da]
RSSI: -76 [da:1f:f2:40:11:ac]
RSSI: -86 [da:18:6a:2b:0a:0b]
RSSI: -91 [da:1a:4e:2c:0f:0a]
RSSI: -86 [da:18:6a:2b:0a:0b]
RSSI: -76 [da:1f:f2:50:11:ec]
RSSI: -92 [da:1a:4e:2c:0f:0a]
RSSI: -76 [da:1f:f2:50:11:ec]
RSSI: -87 [da:18:6a:3a:0a:3b]
RSSI: -77 [da:1f:f2:5d:12:0c]
RSSI: -87 [da:18:6a:3a:0a:3b]
RSSI: -78 [da:1f:f2:5d:12:0c]
RSSI: -87 [da:18:6a:48:0a:5b]
RSSI: -79 [da:1f:f2:6d:12:3c]
RSSI: -88 [da:18:6a:55:0a:8b]
RSSI: -78 [da:1f:f2:6d:12:3c]
RSSI: -88 [da:18:6a:55:0a:8b]
RSSI: -78 [da:1f:f2:7d:12:7c]
RSSI: -88 [da:18:6a:55:0a:8b]
RSSI: -83 [da:1f:f2:7d:12:7c]
RSSI: -89 [da:18:6a:63:0a:ab]
RSSI: -82 [da:1f:f2:8a:12:9c]
RSSI: -92 [da:18:6a:72:0a:db]
RSSI: -88 [da:18:6a:72:0a:db]
RSSI: -87 [da:1f:f2:9a:12:cc]
RSSI: -88 [da:1f:f2:9a:12:cc]
RSSI: -90 [da:1f:f2:b6:13:2c]
RSSI: -86 [da:1f:f2:b6:13:2c]
RSSI: -85 [da:1f:f2:cf:13:7c]
RSSI: -82 [da:1f:f2:e0:13:ac]
RSSI: -82 [da:1f:f2:ec:13:dc]
RSSI: -93 [da:1a:4e:c1:10:ba]
RSSI: -81 [da:1f:f2:ec:13:dc]
RSSI: -83 [da:1f:f2:fc:14:0c]
RSSI: -91 [da:1d:57:ea:0c:2e]
RSSI: -83 [da:1f:f2:fc:14:0c]
RSSI: -94 [da:1a:4e:dc:11:0a]
RSSI: -90 [da:1f:f3:0c:14:3c]
RSSI: -89 [da:1a:4e:ea:11:2a]
RSSI: -91 [da:1d:57:f9:0c:4e]
RSSI: -92 [da:1a:4e:f8:11:5a]
RSSI: -86 [da:1f:f3:29:14:9c]
RSSI: -88 [da:1a:4f:05:11:7a]
RSSI: -91 [da:1f:f3:36:14:bc]
RSSI: -89 [da:1a:4f:13:11:9a]
RSSI: -87 [da:1f:f3:36:14:bc]
RSSI: -91 [da:1a:4f:21:11:ca]
RSSI: -91 [da:18:6b:24:0c:eb]
RSSI: -87 [da:1f:f3:4f:15:0c]
RSSI: -91 [da:1f:f3:4f:15:0c]
RSSI: -89 [da:1a:4f:2e:11:ea]
RSSI: -87 [da:18:6b:41:0d:3b]
RSSI: -87 [da:1a:4f:3c:12:1a]
RSSI: -91 [da:1d:58:4d:0d:4e]
RSSI: -90 [da:1f:f3:69:15:5c]
RSSI: -90 [da:1a:4f:3c:12:1a]
RSSI: -89 [da:1a:4f:4a:12:3a]
RSSI: -90 [da:1d:58:5c:0d:7e]
RSSI: -89 [da:1d:58:5c:0d:7e]
RSSI: -87 [da:1d:58:69:0d:9e]
RSSI: -89 [da:18:6b:5c:0d:8b]
RSSI: -86 [da:1d:58:78:0d:ce]
RSSI: -90 [da:1f:f3:8f:15:dc]
RSSI: -88 [da:18:6b:85:0e:0b]
RSSI: -90 [da:1f:f3:a8:16:2c]
RSSI: -87 [da:18:6b:85:0e:0b]
RSSI: -89 [da:18:6b:85:0e:0b]
RSSI: -88 [da:1f:f3:b5:16:4c]
RSSI: -86 [da:1a:4f:8e:12:fa]
RSSI: -91 [da:1a:4f:8e:12:fa]
RSSI: -89 [da:1d:58:b1:0e:6e]
RSSI: -93 [da:1f:f3:c1:16:7c]
RSSI: -92 [da:1f:f3:ce:00:0c]
RSSI: -93 [da:1d:58:be:0e:9e]
RSSI: -92 [da:1f:f3:ce:00:0c]
RSSI: -85 [da:1f:f3:db:00:2c]
RSSI: -88 [da:18:6b:bd:0e:bb]
RSSI: -86 [da:1f:f3:db:00:2c]
RSSI: -93 [da:1d:58:cd:0e:be]
RSSI: -91 [da:1f:f3:e7:00:5c]
RSSI: -89 [da:1a:4f:c5:13:9a]
RSSI: -95 [da:1d:58:db:0e:ee]
RSSI: -92 [da:1a:4f:c5:13:9a]
RSSI: -91 [da:18:6b:ca:0e:db]
RSSI: -89 [da:18:6b:d8:0f:0b]
RSSI: -88 [da:1f:f4:01:00:ac]
RSSI: -95 [da:1a:4f:e0:13:ea]
RSSI: -87 [da:18:6b:e7:0f:2b]
RSSI: -87 [da:18:6b:f3:0f:5b]
RSSI: -88 [da:18:6c:02:0f:8b]
RSSI: -86 [da:1f:f4:27:01:1c]
RSSI: -91 [da:18:6c:10:0f:ab]
RSSI: -90 [da:18:6c:10:0f:ab]
RSSI: -93 [da:18:6c:1d:0f:db]
RSSI: -93 [da:18:6c:46:10:4b]
RSSI: -90 [da:18:6c:46:10:4b]
RSSI: -89 [da:18:6c:55:10:7b]
RSSI: -95 [da:1a:50:5b:15:4a]
RSSI: -88 [da:18:6c:63:10:ab]
RSSI: -88 [da:18:6c:70:10:cb]
RSSI: -95 [da:1a:50:84:15:ba]
RSSI: -87 [da:18:6c:8d:11:1b]
RSSI: -89 [da:18:6c:99:11:4b]
RSSI: -88 [da:18:6c:a8:11:6b]
RSSI: -88 [da:18:6c:a8:11:6b]
RSSI: -88 [da:18:6c:a8:11:6b]
RSSI: -88 [da:18:6c:b6:11:9b]
RSSI: -86 [da:18:6c:b6:11:9b]
RSSI: -88 [da:18:6c:c3:11:bb]
RSSI: -88 [da:18:6c:c3:11:bb]
RSSI: -92 [da:1a:50:c8:00:4a]
RSSI: -92 [da:1a:50:d6:00:7a]
RSSI: -94 [da:18:6c:e0:12:1b]
RSSI: -93 [da:1a:50:e5:00:9a]
RSSI: -95 [da:18:6c:fb:12:6b]
RSSI: -92 [da:18:6d:0a:12:9b]
RSSI: -92 [da:18:6d:16:12:bb]
RSSI: -91 [da:1a:51:1a:01:3a]
RSSI: -90 [da:1a:51:29:01:6a]
RSSI: -89 [da:1a:51:29:01:6a]
RSSI: -89 [da:1a:51:37:01:8a]
RSSI: -90 [da:1a:51:37:01:8a]
RSSI: -88 [da:1a:51:52:01:da]
RSSI: -88 [da:1a:51:52:01:da]
RSSI: -88 [da:1a:51:60:02:0a]
RSSI: -95 [da:18:6d:78:13:db]
RSSI: -94 [da:18:6d:78:13:db]
RSSI: -87 [da:1a:51:7b:02:4a]
RSSI: -89 [da:1a:51:89:02:7a]
RSSI: -91 [da:18:6d:93:14:2b]
RSSI: -89 [da:1a:51:96:02:9a]
RSSI: -90 [da:18:6d:a2:14:4b]
RSSI: -92 [da:1f:f5:cb:06:5c]
RSSI: -88 [da:18:6d:b0:14:7b]
RSSI: -93 [da:1f:f5:cb:06:5c]
RSSI: -88 [da:18:6d:bd:14:9b]
RSSI: -88 [da:18:6d:bd:14:9b]
RSSI: -89 [da:18:6d:cc:14:cb]
RSSI: -90 [da:18:6d:da:14:fb]
RSSI: -87 [da:18:6d:e7:15:1b]
RSSI: -87 [da:18:6d:f5:15:4b]
RSSI: -86 [da:18:6d:f5:15:4b]
RSSI: -84 [da:18:6e:04:15:6b]
RSSI: -83 [da:18:6e:04:15:6b]
RSSI: -81 [da:18:6e:10:15:9b]
RSSI: -79 [da:18:6e:1f:15:bb]
RSSI: -93 [da:1f:f6:3e:07:cc]
RSSI: -91 [da:1a:52:20:04:1a]
RSSI: -78 [da:18:6e:2e:15:eb]
RSSI: -76 [da:18:6e:3a:16:0b]
RSSI: -76 [da:18:6e:3a:16:0b]
RSSI: -74 [da:18:6e:49:16:3b]
RSSI: -74 [da:18:6e:49:16:3b]
RSSI: -74 [da:18:6e:49:16:3b]
RSSI: -90 [da:1a:52:49:04:9a]
RSSI: -92 [da:1f:f6:71:08:6c]
RSSI: -74 [da:18:6e:57:16:6b]
RSSI: -73 [da:18:6e:57:16:6b]
RSSI: -87 [da:1a:52:57:04:ba]
RSSI: -73 [da:18:6e:64:00:2b]
RSSI: -73 [da:18:6e:64:00:2b]
RSSI: -93 [da:1f:f6:8b:08:bc]
RSSI: -90 [da:1a:52:64:04:da]
RSSI: -72 [da:18:6e:73:00:5b]
RSSI: -72 [da:18:6e:73:00:5b]
RSSI: -90 [da:1a:52:72:05:0a]
RSSI: -72 [da:18:6e:81:00:7b]
RSSI: -89 [da:1f:f6:a4:09:0c]
RSSI: -72 [da:18:6e:8e:00:ab]
RSSI: -93 [da:1f:f6:b1:09:3c]
RSSI: -72 [da:18:6e:8e:00:ab]
RSSI: -90 [da:1a:52:8d:05:5a]
RSSI: -72 [da:18:6e:9c:00:cb]
RSSI: -87 [da:1a:52:9c:05:7a]
RSSI: -85 [da:1f:f6:cb:09:8c]
RSSI: -88 [da:1a:52:aa:05:aa]
RSSI: -73 [da:18:6e:b7:01:1b]
RSSI: -89 [da:1f:f6:d8:09:bc]
RSSI: -88 [da:1a:52:b6:05:ca]
RSSI: -85 [da:1f:f6:e4:09:dc]
RSSI: -87 [da:1f:f6:e4:09:dc]
RSSI: -72 [da:18:6e:c6:01:4b]
RSSI: -88 [da:1a:52:c5:05:fa]
RSSI: -87 [da:1f:f6:f1:0a:0c]
RSSI: -89 [da:1a:52:d3:06:1a]
RSSI: -88 [da:1a:52:d3:06:1a]
RSSI: -73 [da:18:6e:d5:01:7b]
RSSI: -74 [da:18:6e:e1:01:9b]
RSSI: -85 [da:1f:f6:fe:0a:2c]
RSSI: -73 [da:18:6e:e1:01:9b]
RSSI: -87 [da:1a:52:e0:06:3a]
RSSI: -74 [da:18:6e:f0:01:cb]
RSSI: -74 [da:18:6e:f0:01:cb]
RSSI: -86 [da:1a:52:ee:06:6a]
RSSI: -73 [da:18:6e:fe:01:eb]
RSSI: -87 [da:1a:52:fc:06:8a]
RSSI: -74 [da:18:6e:fe:01:eb]
RSSI: -89 [da:1f:f7:25:0a:ac]
RSSI: -85 [da:1a:52:fc:06:8a]
RSSI: -86 [da:1a:53:09:06:ba]
RSSI: -75 [da:18:6f:0b:02:1b]
RSSI: -86 [da:1a:53:09:06:ba]
RSSI: -89 [da:1f:f7:31:0a:dc]
RSSI: -75 [da:18:6f:1a:02:4b]
RSSI: -76 [da:18:6f:1a:02:4b]
RSSI: -85 [da:1a:53:17:06:da]
RSSI: -77 [da:18:6f:28:02:6b]
RSSI: -90 [da:1f:f7:4b:0b:2c]
RSSI: -87 [da:1a:53:26:07:0a]
RSSI: -91 [da:1f:f7:4b:0b:2c]
RSSI: -78 [da:18:6f:35:02:9b]
RSSI: -79 [da:18:6f:35:02:9b]
RSSI: -84 [da:1a:53:32:07:2a]
RSSI: -80 [da:18:6f:44:02:bb]
RSSI: -83 [da:1a:53:41:07:5a]
RSSI: -83 [da:1a:53:41:07:5a]
RSSI: -84 [da:18:6f:52:02:eb]
RSSI: -85 [da:1a:53:4f:07:7a]
RSSI: -81 [da:1a:53:4f:07:7a]
RSSI: -83 [da:18:6f:5f:03:0b]
RSSI: -84 [da:1a:53:5c:07:9a]
RSSI: -82 [da:18:6f:7c:03:6b]
RSSI: -82 [da:18:6f:89:03:8b]
RSSI: -82 [da:1a:53:85:08:1a]
RSSI: -83 [da:18:6f:97:03:bb]
RSSI: -81 [da:1a:53:94:08:4a]
RSSI: -82 [da:18:6f:97:03:bb]
RSSI: -78 [da:1a:53:a2:08:6a]
RSSI: -83 [da:18:6f:a6:03:eb]
RSSI: -78 [da:1a:53:a2:08:6a]
RSSI: -85 [da:18:6f:b3:04:0b]
RSSI: -79 [da:1a:53:ae:08:8a]
RSSI: -86 [da:18:6f:b3:04:0b]
RSSI: -92 [da:1f:f7:d8:0c:ec]
RSSI: -76 [da:1a:53:ae:08:8a]
RSSI: -86 [da:18:6f:c1:04:3b]
RSSI: -76 [da:1a:53:bd:08:ba]
RSSI: -78 [da:1a:53:bd:08:ba]
RSSI: -74 [da:1a:53:cb:08:ea]
RSSI: -87 [da:18:6f:d0:04:6b]
RSSI: -76 [da:1a:53:cb:08:ea]
RSSI: -88 [da:18:6f:d0:04:6b]
RSSI: -89 [da:18:6f:dc:04:8b]
RSSI: -74 [da:1a:53:d8:09:0a]
RSSI: -75 [da:1a:53:e6:09:2a]
RSSI: -93 [da:1f:f8:0b:0d:9c]
RSSI: -90 [da:18:6f:eb:04:bb]
RSSI: -75 [da:1a:53:e6:09:2a]
RSSI: -85 [da:18:6f:fa:04:db]
RSSI: -74 [da:1a:53:f5:09:5a]
RSSI: -87 [da:18:70:06:05:0b]
RSSI: -73 [da:1a:54:01:09:7a]
RSSI: -87 [da:18:70:06:05:0b]
RSSI: -73 [da:1a:54:01:09:7a]
RSSI: -90 [da:1f:f8:32:0e:1c]
RSSI: -88 [da:18:70:15:05:2b]
RSSI: -72 [da:1a:54:10:09:aa]
RSSI: -86 [da:18:70:15:05:2b]
RSSI: -72 [da:1a:54:10:09:aa]
RSSI: -88 [da:18:70:24:05:5b]
RSSI: -72 [da:1a:54:1e:09:da]
RSSI: -73 [da:1a:54:1e:09:da]
RSSI: -87 [da:18:70:30:05:7b]
RSSI: -70 [da:1a:54:2b:09:fa]
RSSI: -71 [da:1a:54:2b:09:fa]
RSSI: -89 [da:1f:f8:65:0e:bc]
RSSI: -71 [da:1a:54:48:0a:4a]
RSSI: -70 [da:1a:54:54:0a:6a]
RSSI: -70 [da:1a:54:54:0a:6a]
RSSI: -71 [da:1a:54:54:0a:6a]
RSSI: -70 [da:1a:54:63:0a:9a]
RSSI: -85 [da:18:70:69:06:2b]
RSSI: -70 [da:1a:54:63:0a:9a]
RSSI: -70 [da:1a:54:71:0a:ca]
RSSI: -86 [da:18:70:78:06:4b]
RSSI: -70 [da:1a:54:71:0a:ca]
RSSI: -88 [da:18:70:78:06:4b]
RSSI: -89 [da:1f:f8:b3:0f:bc]
RSSI: -83 [da:1f:f8:b3:0f:bc]
RSSI: -71 [da:1a:54:8c:0b:1a]
RSSI: -90 [da:18:70:93:06:9b]
RSSI: -83 [da:1f:f8:b3:0f:bc]
RSSI: -73 [da:1a:54:9b:0b:3a]
RSSI: -90 [da:18:70:a2:06:cb]
RSSI: -81 [da:1f:f8:bf:0f:dc]
RSSI: -73 [da:1a:54:9b:0b:3a]
RSSI: -90 [da:18:70:a2:06:cb]
RSSI: -74 [da:1a:54:a7:0b:5a]
RSSI: -80 [da:1f:f8:cc:10:0c]
RSSI: -87 [da:18:70:ae:06:eb]
RSSI: -77 [da:1a:54:a7:0b:5a]
RSSI: -87 [da:18:70:ae:06:eb]
RSSI: -77 [da:1f:f8:d9:10:2c]
RSSI: -78 [da:1a:54:b6:0b:8a]
RSSI: -77 [da:1f:f8:d9:10:2c]
RSSI: -85 [da:18:70:bd:07:1b]
RSSI: -78 [da:1a:54:b6:0b:8a]
RSSI: -86 [da:18:70:bd:07:1b]
RSSI: -81 [da:1a:54:c4:0b:ba]
RSSI: -89 [da:18:70:cc:07:4b]
RSSI: -78 [da:1f:f8:e6:10:5c]
RSSI: -82 [da:1a:54:c4:0b:ba]
RSSI: -88 [da:18:70:cc:07:4b]
RSSI: -82 [da:1a:54:c4:0b:ba]
RSSI: -77 [da:1f:f8:f3:10:7c]
RSSI: -84 [da:1a:54:d1:0b:da]
RSSI: -76 [da:1f:f9:00:10:ac]
RSSI: -93 [da:18:70:e7:07:9b]
RSSI: -81 [da:1a:54:df:0b:fa]
RSSI: -78 [da:1f:f9:0d:10:dc]
RSSI: -82 [da:1a:54:ee:0c:2a]
RSSI: -75 [da:1f:f9:1a:10:fc]
RSSI: -81 [da:1a:54:fa:0c:4a]
RSSI: -73 [da:1f:f9:27:11:2c]
RSSI: -80 [da:1a:54:fa:0c:4a]
RSSI: -77 [da:1a:55:09:0c:7a]
RSSI: -75 [da:1f:f9:33:11:4c]
RSSI: -80 [da:1a:55:09:0c:7a]
RSSI: -75 [da:1f:f9:33:11:4c]
RSSI: -90 [da:18:71:20:08:3b]
RSSI: -74 [da:1f:f9:40:11:7c]
RSSI: -81 [da:1a:55:24:0c:ca]
RSSI: -73 [da:1f:f9:4d:11:9c]
RSSI: -80 [da:1a:55:24:0c:ca]
RSSI: -74 [da:1f:f9:5a:11:cc]
RSSI: -82 [da:1a:55:32:0c:ea]
RSSI: -73 [da:1f:f9:5a:11:cc]
RSSI: -83 [da:1a:55:41:0d:1a]
RSSI: -90 [da:18:71:4a:08:bb]
RSSI: -77 [da:1f:f9:67:11:ec]
RSSI: -74 [da:1f:f9:74:12:1c]
RSSI: -86 [da:1a:55:4d:0d:3a]
RSSI: -84 [da:1a:55:5c:0d:6a]
RSSI: -76 [da:1f:f9:81:12:3c]
RSSI: -85 [da:1a:55:5c:0d:6a]
RSSI: -76 [da:1f:f9:81:12:3c]
RSSI: -84 [da:1a:55:5c:0d:6a]
RSSI: -81 [da:1f:f9:8e:12:6c]
RSSI: -84 [da:1a:55:6a:0d:9a]
RSSI: -82 [da:1f:f9:8e:12:6c]
RSSI: -83 [da:1a:55:6a:0d:9a]
RSSI: -79 [da:1f:f9:9b:12:9c]
RSSI: -82 [da:1a:55:77:0d:ba]
RSSI: -83 [da:1a:55:77:0d:ba]
RSSI: -89 [da:18:71:80:09:5b]
RSSI: -83 [da:1a:55:77:0d:ba]
RSSI: -92 [da:18:71:80:09:5b]
RSSI: -90 [da:18:71:8f:09:8b]
RSSI: -90 [da:18:71:9e:09:bb]
RSSI: -86 [da:1a:55:94:0e:0a]
RSSI: -88 [da:18:71:9e:09:bb]
RSSI: -91 [da:1a:55:a0:0e:3a]
RSSI: -88 [da:1a:55:a0:0e:3a]
RSSI: -88 [da:1f:f9:ce:13:3c]
RSSI: -89 [da:18:71:aa:09:db]
RSSI: -88 [da:1f:f9:db:13:5c]
RSSI: -88 [da:1a:55:bd:0e:8a]
RSSI: -88 [da:1a:55:bd:0e:8a]
RSSI: -90 [da:18:71:c8:0a:3b]
RSSI: -83 [da:1f:f9:e8:13:8c]
RSSI: -90 [da:1a:55:bd:0e:8a]
RSSI: -87 [da:18:71:d4:0a:5b]
RSSI: -84 [da:1f:f9:f5:13:ac]
RSSI: -89 [da:18:71:d4:0a:5b]
RSSI: -84 [da:1f:f9:f5:13:ac]
RSSI: -93 [da:18:71:d4:0a:5b]
RSSI: -84 [da:1f:fa:02:13:dc]
RSSI: -85 [da:1f:fa:02:13:dc]
RSSI: -89 [da:1a:55:e7:0e:fa]
RSSI: -87 [da:1f:fa:0f:14:0c]
RSSI: -86 [da:1f:fa:1b:14:2c]
RSSI: -88 [da:1f:fa:1b:14:2c]
RSSI: -87 [da:1f:fa:28:14:5c]
RSSI: -89 [da:1f:fa:28:14:5c]
RSSI: -88 [da:1f:fa:35:14:7c]
RSSI: -90 [da:1f:fa:42:14:ac]
RSSI: -87 [da:1f:fa:5c:14:fc]
RSSI: -86 [da:1f:fa:5c:14:fc]
RSSI: -89 [da:1f:fa:69:15:2c]
RSSI: -87 [da:1f:fa:69:15:2c]
RSSI: -87 [da:1f:fa:69:15:2c]
RSSI: -87 [da:1f:fa:76:15:4c]
RSSI: -86 [da:1f:fa:83:15:7c]
RSSI: -89 [da:1f:fa:83:15:7c]
RSSI: -91 [da:1a:56:64:10:6a]
RSSI: -93 [da:1f:fa:90:15:9c]
RSSI: -87 [da:1f:fa:90:15:9c]
RSSI: -91 [da:1a:56:70:10:8a]
RSSI: -93 [da:18:72:77:0c:4b]
RSSI: -93 [da:1f:fa:9d:15:cc]
RSSI: -92 [da:1d:5f:94:0c:1e]
RSSI: -88 [da:1f:fa:aa:15:fc]
RSSI: -90 [da:1d:5f:94:0c:1e]
RSSI: -90 [da:1f:fa:b7:16:1c]
RSSI: -91 [da:1d:5f:a3:0c:4e]
RSSI: -95 [da:1a:56:a9:11:2a]
RSSI: -94 [da:1f:fa:d1:16:6c]
RSSI: -89 [da:1a:56:a9:11:2a]
RSSI: -90 [da:18:72:b4:0c:fb]
RSSI: -89 [da:1a:56:b7:11:5a]
RSSI: -89 [da:1d:5f:ce:0c:ce]
RSSI: -88 [da:1a:56:c4:11:7a]
RSSI: -89 [da:1d:5f:de:0c:fe]
RSSI: -91 [da:18:72:d0:0d:4b]
RSSI: -89 [da:1d:5f:de:0c:fe]
RSSI: -91 [da:1f:fa:f8:00:7c]
RSSI: -88 [da:18:72:e0:0d:7b]
RSSI: -90 [da:18:72:e0:0d:7b]
RSSI: -88 [da:1a:56:e1:11:ca]
RSSI: -86 [da:1a:56:ed:11:ea]
RSSI: -89 [da:1d:60:09:0d:7e]
RSSI: -88 [da:18:72:fd:0d:cb]
RSSI: -89 [da:1d:60:15:0d:9e]
RSSI: -88 [da:1a:56:fc:12:1a]
RSSI: -88 [da:1d:60:15:0d:9e]
RSSI: -87 [da:1d:60:15:0d:9e]
RSSI: -86 [da:1d:60:15:0d:9e]
RSSI: -91 [da:1a:57:17:12:6a]
RSSI: -89 [da:18:73:1d:0e:2b]
RSSI: -90 [da:18:73:1d:0e:2b]
RSSI: -90 [da:18:73:2a:0e:5b]
RSSI: -91 [da:1a:57:26:12:8a]
RSSI: -90 [da:1a:57:26:12:8a]
RSSI: -90 [da:1d:60:40:0e:1e]
RSSI: -87 [da:18:73:3a:0e:8b]
RSSI: -89 [da:1d:60:50:0e:3e]
RSSI: -89 [da:1a:57:41:12:da]
RSSI: -88 [da:1d:60:50:0e:3e]
RSSI: -88 [da:18:73:47:0e:ab]
RSSI: -88 [da:18:73:47:0e:ab]
RSSI: -89 [da:1a:57:50:13:0a]
RSSI: -93 [da:1a:57:5e:13:3a]
RSSI: -88 [da:18:73:64:0e:fb]
RSSI: -88 [da:1a:57:5e:13:3a]
RSSI: -89 [da:1d:60:7b:0e:be]
RSSI: -89 [da:1a:57:79:13:7a]
RSSI: -88 [da:18:73:8e:0f:7b]
RSSI: -88 [da:18:73:8e:0f:7b]
RSSI: -89 [da:1a:57:88:13:aa]
RSSI: -87 [da:18:73:8e:0f:7b]
RSSI: -88 [da:18:73:9d:0f:ab]
RSSI: -89 [da:1a:57:95:13:ca]
RSSI: -92 [da:1a:57:a3:13:fa]
RSSI: -93 [da:18:73:c7:10:2b]
RSSI: -93 [da:1a:57:cd:14:6a]
RSSI: -91 [da:18:73:d6:10:5b]
RSSI: -93 [da:1a:57:e8:14:ba]
RSSI: -95 [da:1a:57:f7:14:ea]
RSSI: -90 [da:18:74:0d:10:fb]
RSSI: -89 [da:18:74:1c:11:2b]
RSSI: -87 [da:18:74:1c:11:2b]
RSSI: -91 [da:18:74:2a:11:4b]
RSSI: -90 [da:18:74:37:11:7b]
RSSI: -88 [da:18:74:46:11:9b]
RSSI: -90 [da:1a:58:4a:15:da]
RSSI: -95 [da:1f:fc:70:05:2c]
RSSI: -89 [da:18:74:55:11:cb]
RSSI: -94 [da:1f:fc:70:05:2c]
RSSI: -89 [da:18:74:61:11:fb]
RSSI: -89 [da:1a:58:59:15:fa]
RSSI: -89 [da:18:74:61:11:fb]
RSSI: -92 [da:1f:fc:89:05:7c]
RSSI: -90 [da:18:74:61:11:fb]
RSSI: -92 [da:18:74:70:12:1b]
RSSI: -89 [da:1a:58:74:16:4a]
RSSI: -91 [da:1f:fc:97:05:9c]
RSSI: -91 [da:1f:fc:a4:05:cc]
RSSI: -88 [da:1a:58:83:00:2a]
RSSI: -91 [da:1f:fc:b0:05:ec]
RSSI: -95 [da:18:74:aa:12:cb]
RSSI: -90 [da:1a:58:ad:00:aa]
RSSI: -92 [da:1a:58:ad:00:aa]
RSSI: -89 [da:1a:58:b9:00:ca]
RSSI: -91 [da:1a:58:b9:00:ca]
RSSI: -92 [da:1f:fc:e5:06:9c]
RSSI: -91 [da:1a:58:c8:00:ea]
RSSI: -88 [da:1a:58:c8:00:ea]
RSSI: -88 [da:1a:58:d7:01:1a]
RSSI: -86 [da:1a:58:d7:01:1a]
RSSI: -95 [da:18:74:e1:13:6b]
RSSI: -88 [da:1a:58:e3:01:3a]
RSSI: -93 [da:1f:fd:0c:07:1c]
RSSI: -88 [da:1a:58:e3:01:3a]
RSSI: -88 [da:1a:58:f2:01:6a]
RSSI: -92 [da:18:75:1a:14:1b]
RSSI: -91 [da:1a:59:2b:02:0a]
RSSI: -89 [da:1f:fd:67:08:3c]
RSSI: -90 [da:18:75:53:14:bb]
RSSI: -92 [da:1f:fd:74:08:6c]
RSSI: -88 [da:18:75:6f:15:0b]
RSSI: -88 [da:18:75:6f:15:0b]
RSSI: -84 [da:1f:fd:9b:08:dc]
RSSI: -87 [da:18:75:7e:15:3b]
RSSI: -88 [da:1f:fd:9b:08:dc]
RSSI: -89 [da:18:75:7e:15:3b]
RSSI: -86 [da:1f:fd:a8:09:0c]
RSSI: -86 [da:1f:fd:a8:09:0c]
RSSI: -89 [da:1f:fd:b5:09:3c]
RSSI: -86 [da:18:75:99:15:8b]
RSSI: -85 [da:18:75:a8:15:bb]
RSSI: -84 [da:18:75:a8:15:bb]
RSSI: -82 [da:18:75:b5:15:db]
RSSI: -81 [da:18:75:b5:15:db]
RSSI: -78 [da:18:75:c4:16:0b]
RSSI: -96 [da:1a:59:c4:03:ba]
RSSI: -96 [da:1f:fd:e9:09:dc]
RSSI: -77 [da:18:75:d3:16:3b]
RSSI: -77 [da:18:75:d3:16:3b]
RSSI: -91 [da:1f:fd:f6:0a:0c]
RSSI: -76 [da:18:75:df:16:5b]
RSSI: -76 [da:18:75:df:16:5b]
RSSI: -92 [da:1a:59:df:03:fa]
RSSI: -74 [da:18:75:ee:00:0b]
RSSI: -75 [da:18:75:ee:00:0b]
RSSI: -75 [da:18:75:fd:00:2b]
RSSI: -89 [da:1a:59:ee:04:2a]
RSSI: -93 [da:1f:fe:1e:0a:8c]
RSSI: -73 [da:18:75:fd:00:2b]
RSSI: -87 [da:1a:59:fc:04:4a]
RSSI: -74 [da:18:76:0a:00:5b]
RSSI: -89 [da:1a:5a:09:04:7a]
RSSI: -89 [da:1a:5a:09:04:7a]
RSSI: -73 [da:18:76:19:00:7b]
RSSI: -91 [da:1a:5a:18:04:9a]
RSSI: -73 [da:18:76:19:00:7b]
RSSI: -91 [da:1a:5a:18:04:9a]
RSSI: -73 [da:18:76:28:00:ab]
RSSI: -72 [da:18:76:34:00:cb]
RSSI: -92 [da:1f:fe:52:0b:2c]
RSSI: -73 [da:18:76:34:00:cb]
RSSI: -72 [da:18:76:43:00:fb]
RSSI: -72 [da:18:76:43:00:fb]
RSSI: -91 [da:1a:5a:51:05:3a]
RSSI: -72 [da:18:76:52:01:2b]
RSSI: -89 [da:1a:5a:51:05:3a]
RSSI: -89 [da:1f:fe:79:0b:ac]
RSSI: -71 [da:18:76:5f:01:4b]
RSSI: -90 [da:1f:fe:86:0b:dc]
RSSI: -89 [da:1a:5a:5d:05:6a]
RSSI: -89 [da:1f:fe:86:0b:dc]
RSSI: -72 [da:18:76:6e:01:7b]
RSSI: -72 [da:18:76:6e:01:7b]
RSSI: -73 [da:18:76:7d:01:ab]
RSSI: -89 [da:1a:5a:7b:05:ba]
RSSI: -74 [da:18:76:7d:01:ab]
RSSI: -88 [da:1a:5a:87:05:da]
RSSI: -88 [da:1a:5a:87:05:da]
RSSI: -74 [da:18:76:99:01:fb]
RSSI: -88 [da:1a:5a:96:06:0a]
RSSI: -76 [da:18:76:a7:02:2b]
RSSI: -86 [da:1a:5a:a5:06:2a]
RSSI: -75 [da:18:76:b4:02:4b]
RSSI: -87 [da:1a:5a:b1:06:4a]
RSSI: -76 [da:18:76:b4:02:4b]
RSSI: -88 [da:1a:5a:b1:06:4a]
RSSI: -77 [da:18:76:c3:02:7b]
RSSI: -85 [da:1a:5a:c0:06:7a]
RSSI: -78 [da:18:76:d2:02:9b]
RSSI: -82 [da:1a:5a:cf:06:aa]
RSSI: -79 [da:18:76:d2:02:9b]
RSSI: -81 [da:1a:5a:db:06:ca]
RSSI: -94 [da:1f:ff:09:0d:7c]
RSSI: -81 [da:1a:5a:ea:06:fa]
RSSI: -80 [da:1a:5a:ea:06:fa]
RSSI: -84 [da:18:76:fd:03:1b]
RSSI: -81 [da:1a:5a:f9:07:1a]
RSSI: -85 [da:18:77:09:03:3b]
RSSI: -80 [da:1a:5b:06:07:4a]
RSSI: -84 [da:18:77:09:03:3b]
RSSI: -81 [da:1a:5b:14:07:6a]
RSSI: -84 [da:18:77:18:03:6b]
RSSI: -91 [da:1f:ff:3e:0e:2c]
RSSI: -80 [da:1a:5b:14:07:6a]
RSSI: -83 [da:18:77:27:03:9b]
RSSI: -80 [da:1a:5b:23:07:9a]
RSSI: -83 [da:18:77:27:03:9b]
RSSI: -81 [da:1a:5b:23:07:9a]
RSSI: -82 [da:18:77:34:03:bb]
RSSI: -83 [da:18:77:43:03:eb]
RSSI: -80 [da:1a:5b:3f:07:ea]
RSSI: -85 [da:18:77:43:03:eb]
RSSI: -84 [da:18:77:52:04:1b]
RSSI: -77 [da:1a:5b:4d:08:0a]
RSSI: -84 [da:18:77:52:04:1b]
RSSI: -77 [da:1a:5b:4d:08:0a]
RSSI: -86 [da:18:77:5f:04:3b]
RSSI: -76 [da:1a:5b:5a:08:3a]
RSSI: -86 [da:18:77:5f:04:3b]
RSSI: -87 [da:18:77:5f:04:3b]
RSSI: -75 [da:1a:5b:5a:08:3a]
RSSI: -91 [da:1f:ff:8c:0f:2c]
RSSI: -88 [da:18:77:6e:04:6b]
RSSI: -74 [da:1a:5b:69:08:5a]
RSSI: -87 [da:18:77:6e:04:6b]
RSSI: -74 [da:1a:5b:69:08:5a]
RSSI: -73 [da:1a:5b:77:08:8a]
RSSI: -73 [da:1a:5b:77:08:8a]
RSSI: -87 [da:18:77:89:04:bb]
RSSI: -72 [da:1a:5b:84:08:aa]
RSSI: -94 [da:1f:ff:a6:0f:7c]
RSSI: -72 [da:1a:5b:84:08:aa]
RSSI: -86 [da:18:77:98:04:eb]
RSSI: -72 [da:1a:5b:93:08:da]
RSSI: -88 [da:1f:ff:b4:0f:9c]
RSSI: -86 [da:18:77:98:04:eb]
RSSI: -71 [da:1a:5b:93:08:da]
RSSI: -70 [da:1a:5b:a2:08:fa]
RSSI: -87 [da:1f:ff:c5:0f:dc]
RSSI: -84 [da:1f:ff:d6:10:0c]
RSSI: -83 [da:1f:ff:d6:10:0c]
RSSI: -83 [da:1f:ff:e3:10:3c]
RSSI: -71 [da:1a:5b:bd:09:4a]
RSSI: -83 [da:1f:ff:e3:10:3c]
RSSI: -70 [da:1a:5b:bd:09:4a]
RSSI: -80 [da:1f:ff:e3:10:3c]
RSSI: -81 [da:1f:ff:f0:10:5c]
RSSI: -70 [da:1a:5b:cc:09:7a]
RSSI: -82 [da:1f:ff:f0:10:5c]
RSSI: -69 [da:1a:5b:cc:09:7a]
RSSI: -78 [da:1f:ff:fd:10:8c]
RSSI: -70 [da:1a:5b:cc:09:7a]
RSSI: -78 [da:1f:ff:fd:10:8c]
RSSI: -70 [da:1a:5b:de:09:aa]
RSSI: -80 [da:20:00:0a:10:bc]
RSSI: -70 [da:1a:5b:de:09:aa]
RSSI: -88 [da:18:77:ee:05:eb]
RSSI: -69 [da:1a:5b:ee:09:da]
RSSI: -78 [da:20:00:17:10:dc]
RSSI: -71 [da:1a:5b:ee:09:da]
RSSI: -71 [da:1a:5b:fd:0a:0a]
RSSI: -89 [da:18:77:fd:06:1b]
RSSI: -71 [da:1a:5b:fd:0a:0a]
RSSI: -69 [da:1a:5b:fd:0a:0a]
RSSI: -74 [da:20:00:25:11:0c]
RSSI: -85 [da:18:78:09:06:3b]
RSSI: -73 [da:1a:5c:09:0a:2a]
RSSI: -77 [da:20:00:32:11:3c]
RSSI: -72 [da:1a:5c:09:0a:2a]
RSSI: -74 [da:20:00:32:11:3c]
RSSI: -75 [da:20:00:3f:11:5c]
RSSI: -73 [da:1a:5c:18:0a:5a]
RSSI: -71 [da:1a:5c:27:0a:7a]
RSSI: -92 [da:18:78:34:06:bb]
RSSI: -75 [da:20:00:59:11:bc]
RSSI: -77 [da:20:00:66:11:dc]
RSSI: -74 [da:1a:5c:43:0a:ca]
RSSI: -77 [da:20:00:66:11:dc]
RSSI: -76 [da:1a:5c:43:0a:ca]
RSSI: -76 [da:1a:5c:51:0a:fa]
RSSI: -76 [da:1a:5c:5e:0b:1a]
RSSI: -89 [da:18:78:6e:07:6b]
RSSI: -78 [da:20:00:8d:12:5c]
RSSI: -90 [da:18:78:6e:07:6b]
RSSI: -76 [da:20:00:8d:12:5c]
RSSI: -79 [da:1a:5c:6d:0b:4a]
RSSI: -88 [da:18:78:6e:07:6b]
RSSI: -80 [da:20:00:9b:12:8c]
RSSI: -89 [da:18:78:7d:07:9b]
RSSI: -90 [da:18:78:7d:07:9b]
RSSI: -83 [da:1a:5c:7c:0b:6a]
RSSI: -80 [da:20:00:a8:12:bc]
RSSI: -84 [da:1a:5c:88:0b:9a]
RSSI: -85 [da:1a:5c:88:0b:9a]
RSSI: -86 [da:20:00:b5:12:dc]
RSSI: -93 [da:18:78:99:07:eb]
RSSI: -89 [da:20:00:b5:12:dc]
RSSI: -82 [da:1a:5c:97:0b:ba]
RSSI: -81 [da:1a:5c:97:0b:ba]
RSSI: -83 [da:1a:5c:a6:0b:ea]
RSSI: -81 [da:1a:5c:b2:0c:0a]
RSSI: -81 [da:1a:5c:b2:0c:0a]
RSSI: -80 [da:1a:5c:b2:0c:0a]
RSSI: -89 [da:20:00:dc:13:5c]
RSSI: -77 [da:1a:5c:c1:0c:3a]
RSSI: -80 [da:1a:5c:c1:0c:3a]
RSSI: -80 [da:1a:5c:d0:0c:6a]
RSSI: -78 [da:1a:5c:d0:0c:6a]
RSSI: -87 [da:20:00:f7:13:ac]
RSSI: -80 [da:1a:5c:dd:0c:8a]
RSSI: -81 [da:1a:5c:dd:0c:8a]
RSSI: -90 [da:20:01:11:13:fc]
RSSI: -83 [da:1a:5c:ec:0c:ba]
RSSI: -92 [da:18:78:fd:09:0b]
RSSI: -86 [da:20:01:1f:14:2c]
RSSI: -86 [da:1a:5c:fa:0c:da]
RSSI: -85 [da:20:01:1f:14:2c]
RSSI: -90 [da:18:79:28:09:8b]
RSSI: -82 [da:1a:5d:25:0d:5a]
RSSI: -87 [da:20:01:53:14:cc]
RSSI: -89 [da:18:79:35:09:bb]
RSSI: -90 [da:20:01:60:14:fc]
RSSI: -90 [da:18:79:44:09:eb]
RSSI: -88 [da:18:79:44:09:eb]
RSSI: -88 [da:20:01:60:14:fc]
RSSI: -85 [da:1a:5d:40:0d:aa]
RSSI: -88 [da:18:79:44:09:eb]
RSSI: -86 [da:20:01:6e:15:2c]
RSSI: -86 [da:1a:5d:4f:0d:da]
RSSI: -90 [da:18:79:53:0a:0b]
RSSI: -87 [da:1a:5d:4f:0d:da]
RSSI: -90 [da:20:01:7a:15:4c]
RSSI: -87 [da:18:79:60:0a:3b]
RSSI: -88 [da:18:79:60:0a:3b]
RSSI: -90 [da:20:01:95:15:ac]
RSSI: -90 [da:18:79:6f:0a:6b]
RSSI: -90 [da:1a:5d:79:0e:4a]
RSSI: -87 [da:1a:5d:79:0e:4a]
RSSI: -87 [da:20:01:a2:15:cc]
RSSI: -89 [da:20:01:af:15:fc]
RSSI: -89 [da:1a:5d:86:0e:7a]
RSSI: -90 [da:1a:5d:95:0e:9a]
RSSI: -94 [da:1a:5d:a4:0e:ca]
RSSI: -88 [da:20:01:ca:16:4c]
RSSI: -89 [da:20:01:f1:00:2c]
RSSI: -94 [da:20:01:ff:00:5c]
RSSI: -93 [da:20:01:ff:00:5c]
RSSI: -91 [da:20:02:26:00:cc]
RSSI: -91 [da:20:02:34:00:fc]
RSSI: -94 [da:1a:5e:14:10:0a]
RSSI: -91 [da:20:02:40:01:2c]
RSSI: -91 [da:1a:5e:23:10:3a]
RSSI: -90 [da:1d:67:3b:0b:fe]
RSSI: -92 [da:20:02:5b:01:7c]
RSSI: -89 [da:1d:67:66:0c:7e]
RSSI: -88 [da:1d:67:66:0c:7e]
RSSI: -94 [da:1a:5e:5a:10:ca]
RSSI: -90 [da:1d:67:76:0c:ae]
RSSI: -86 [da:1d:67:76:0c:ae]
RSSI: -92 [da:1d:67:86:0c:ce]
RSSI: -91 [da:18:7a:71:0d:5b]
RSSI: -91 [da:1a:5e:69:10:fa]
RSSI: -87 [da:1d:67:86:0c:ce]
RSSI: -90 [da:1a:5e:78:11:2a]
RSSI: -93 [da:18:7a:80:0d:8b]
RSSI: -88 [da:1a:5e:78:11:2a]
RSSI: -89 [da:1d:67:92:0c:fe]
RSSI: -91 [da:1d:67:92:0c:fe]
RSSI: -89 [da:1a:5e:85:11:4a]
RSSI: -88 [da:1a:5e:85:11:4a]
RSSI: -86 [da:1d:67:a2:0d:2e]
RSSI: -90 [da:18:7a:9b:0d:db]
RSSI: -90 [da:1a:5e:94:11:7a]
RSSI: -89 [da:1a:5e:a3:11:9a]
RSSI: -91 [da:18:7a:ab:0e:0b]
RSSI: -89 [da:1d:67:be:0d:7e]
RSSI: -89 [da:1a:5e:af:11:ca]
RSSI: -88 [da:1d:67:be:0d:7e]
RSSI: -90 [da:18:7a:b7:0e:2b]
RSSI: -88 [da:1a:5e:be:11:ea]
RSSI: -89 [da:1d:67:ce:0d:9e]
RSSI: -91 [da:18:7a:c6:0e:5b]
RSSI: -89 [da:18:7a:d6:0e:8b]
RSSI: -89 [da:1d:67:ea:0d:ee]
RSSI: -87 [da:1d:67:ea:0d:ee]
RSSI: -92 [da:1a:5e:e9:12:6a]
RSSI: -90 [da:1a:5e:f8:12:8a]
RSSI: -88 [da:1d:68:16:0e:6e]
RSSI: -91 [da:1a:5f:04:12:ba]
RSSI: -86 [da:1d:68:25:0e:9e]
RSSI: -90 [da:18:7b:1c:0f:5b]
RSSI: -89 [da:1a:5f:2f:13:2a]
RSSI: -95 [da:1d:68:42:0e:ee]
RSSI: -90 [da:1a:5f:2f:13:2a]
RSSI: -91 [da:1a:5f:2f:13:2a]
RSSI: -92 [da:18:7b:47:0f:db]
RSSI: -93 [da:18:7b:47:0f:db]
RSSI: -90 [da:18:7b:63:10:3b]
RSSI: -90 [da:18:7b:63:10:3b]
RSSI: -92 [da:20:03:99:05:6c]
RSSI: -92 [da:18:7b:ad:11:0b]
RSSI: -93 [da:18:7b:c9:11:5b]
RSSI: -90 [da:1a:5f:cc:14:ea]
RSSI: -92 [da:18:7b:c9:11:5b]
RSSI: -91 [da:1a:5f:d9:15:0a]
RSSI: -91 [da:20:04:11:06:ec]
RSSI: -91 [da:20:04:1d:07:1c]
RSSI: -91 [da:1a:60:13:15:ba]
RSSI: -94 [da:1d:69:2d:11:9e]
RSSI: -90 [da:1a:60:2e:16:0a]
RSSI: -90 [da:1a:60:3d:16:2a]
RSSI: -93 [da:1a:60:3d:16:2a]
RSSI: -93 [da:1a:60:4c:00:2a]
RSSI: -88 [da:20:04:88:08:6c]
RSSI: -89 [da:20:04:95:08:9c]
RSSI: -90 [da:1a:60:77:00:aa]
RSSI: -87 [da:1a:60:77:00:aa]
RSSI: -91 [da:20:04:b0:08:ec]
RSSI: -87 [da:1a:60:93:00:fa]
RSSI: -85 [da:1a:60:a2:01:2a]
RSSI: -94 [da:20:04:ca:09:3c]
RSSI: -89 [da:1a:60:ae:01:4a]
RSSI: -90 [da:20:04:d8:09:6c]
RSSI: -87 [da:1a:60:ae:01:4a]
RSSI: -92 [da:20:04:e5:09:9c]
RSSI: -89 [da:1a:60:cc:01:9a]
RSSI: -86 [da:1a:60:cc:01:9a]
RSSI: -87 [da:1a:60:cc:01:9a]
RSSI: -88 [da:20:05:00:09:ec]
RSSI: -89 [da:1a:60:d9:01:ca]
RSSI: -89 [da:1a:60:e8:01:ea]
RSSI: -88 [da:20:05:0c:0a:1c]
RSSI: -90 [da:1a:60:e8:01:ea]
RSSI: -89 [da:20:05:1a:0a:3c]
RSSI: -88 [da:1a:60:f7:02:1a]
RSSI: -89 [da:20:05:28:0a:6c]
RSSI: -89 [da:20:05:34:0a:9c]
RSSI: -89 [da:18:7d:22:15:5b]
RSSI: -91 [da:20:05:50:0a:ec]
RSSI: -89 [da:18:7d:31:15:7b]
RSSI: -88 [da:18:7d:3e:15:ab]
RSSI: -87 [da:18:7d:4d:15:db]
RSSI: -86 [da:18:7d:4d:15:db]
RSSI: -93 [da:20:05:78:0b:6c]
RSSI: -86 [da:18:7d:5c:15:fb]
RSSI: -84 [da:18:7d:5c:15:fb]
RSSI: -81 [da:18:7d:69:16:2b]
RSSI: -89 [da:1a:61:68:03:5a]
RSSI: -83 [da:18:7d:78:16:5b]
RSSI: -88 [da:1a:61:77:03:8a]
RSSI: -81 [da:18:7d:87:16:7b]
RSSI: -81 [da:18:7d:87:16:7b]
RSSI: -77 [da:18:7d:94:00:2b]
RSSI: -79 [da:18:7d:94:00:2b]
RSSI: -77 [da:18:7d:a3:00:5b]
RSSI: -77 [da:18:7d:b3:00:7b]
RSSI: -87 [da:1a:61:af:04:1a]
RSSI: -77 [da:18:7d:b3:00:7b]
RSSI: -91 [da:1a:61:af:04:1a]
RSSI: -76 [da:18:7d:bf:00:ab]
RSSI: -77 [da:18:7d:bf:00:ab]
RSSI: -76 [da:18:7d:cf:00:db]
RSSI: -76 [da:18:7d:cf:00:db]
RSSI: -76 [da:18:7d:de:01:0b]
RSSI: -76 [da:18:7d:de:01:0b]
RSSI: -91 [da:1a:61:da:04:9a]
RSSI: -75 [da:18:7d:eb:01:2b]
RSSI: -94 [da:1a:61:e9:04:ca]
RSSI: -75 [da:18:7d:fa:01:5b]
RSSI: -89 [da:1a:61:f8:04:ea]
RSSI: -76 [da:18:7d:fa:01:5b]
RSSI: -75 [da:18:7e:09:01:8b]
RSSI: -75 [da:18:7e:09:01:8b]
RSSI: -85 [da:1a:62:04:05:0a]
RSSI: -75 [da:18:7e:16:01:ab]
RSSI: -85 [da:1a:62:14:05:3a]
RSSI: -75 [da:18:7e:16:01:ab]
RSSI: -85 [da:1a:62:14:05:3a]
RSSI: -85 [da:1a:62:23:05:6a]
RSSI: -90 [da:20:06:4c:0e:1c]
RSSI: -76 [da:18:7e:35:02:0b]
RSSI: -86 [da:1a:62:2f:05:8a]
RSSI: -77 [da:18:7e:35:02:0b]
RSSI: -76 [da:18:7e:35:02:0b]
RSSI: -87 [da:1a:62:2f:05:8a]
RSSI: -76 [da:18:7e:41:02:2b]
RSSI: -77 [da:18:7e:41:02:2b]
RSSI: -86 [da:1a:62:3e:05:ba]
RSSI: -77 [da:18:7e:51:02:5b]
RSSI: -89 [da:1a:62:4e:05:da]
RSSI: -79 [da:18:7e:60:02:8b]
RSSI: -87 [da:1a:62:5a:05:fa]
RSSI: -90 [da:20:06:82:0e:cc]
RSSI: -80 [da:18:7e:60:02:8b]
RSSI: -86 [da:18:7e:8b:03:0b]
RSSI: -88 [da:20:06:aa:0f:4c]
RSSI: -86 [da:20:06:aa:0f:4c]
RSSI: -84 [da:1a:62:94:06:aa]
RSSI: -89 [da:18:7e:98:03:2b]
RSSI: -92 [da:20:06:b8:0f:7c]
RSSI: -83 [da:1a:62:94:06:aa]
RSSI: -81 [da:1a:62:94:06:aa]
RSSI: -82 [da:1a:62:a3:06:ca]
RSSI: -87 [da:18:7e:a7:03:5b]
RSSI: -82 [da:1a:62:a3:06:ca]
RSSI: -90 [da:18:7e:a7:03:5b]
RSSI: -89 [da:18:7e:b7:03:8b]
RSSI: -81 [da:1a:62:b0:06:fa]
RSSI: -86 [da:18:7e:b7:03:8b]
RSSI: -86 [da:20:06:e0:0f:fc]
RSSI: -81 [da:1a:62:bf:07:1a]
RSSI: -84 [da:20:06:ed:10:1c]
RSSI: -81 [da:20:06:ed:10:1c]
RSSI: -82 [da:1a:62:ce:07:4a]
RSSI: -85 [da:18:7e:d3:03:db]
RSSI: -79 [da:20:06:fa:10:4c]
RSSI: -80 [da:20:06:fa:10:4c]
RSSI: -86 [da:18:7e:e2:04:0b]
RSSI: -82 [da:1a:62:db:07:6a]
RSSI: -82 [da:1a:62:db:07:6a]
RSSI: -86 [da:18:7e:ef:04:2b]
RSSI: -81 [da:1a:62:ea:07:9a]
RSSI: -77 [da:20:07:15:10:ac]
RSSI: -81 [da:1a:62:f9:07:ba]
RSSI: -87 [da:18:7e:fe:04:5b]
RSSI: -85 [da:18:7f:0d:04:8b]
RSSI: -86 [da:18:7f:0d:04:8b]
RSSI: -76 [da:20:07:30:10:fc]
RSSI: -77 [da:1a:63:15:08:0a]
RSSI: -78 [da:20:07:3d:11:2c]
RSSI: -88 [da:18:7f:1a:04:ab]
RSSI: -77 [da:1a:63:15:08:0a]
RSSI: -76 [da:20:07:3d:11:2c]
RSSI: -87 [da:18:7f:1a:04:ab]
RSSI: -77 [da:1a:63:15:08:0a]
RSSI: -77 [da:1a:63:24:08:3a]
RSSI: -88 [da:18:7f:29:04:db]
RSSI: -87 [da:18:7f:39:05:0b]
RSSI: -89 [da:18:7f:39:05:0b]
RSSI: -76 [da:20:07:65:11:ac]
RSSI: -85 [da:18:7f:45:05:2b]
RSSI: -77 [da:20:07:73:11:cc]
RSSI: -73 [da:1a:63:4f:08:ba]
RSSI: -75 [da:20:07:81:11:fc]
RSSI: -76 [da:20:07:8d:12:1c]
RSSI: -70 [da:1a:63:6b:09:0a]
RSSI: -88 [da:18:7f:71:05:ab]
RSSI: -78 [da:20:07:9b:12:4c]
RSSI: -73 [da:1a:63:7a:09:2a]
RSSI: -90 [da:18:7f:81:05:db]
RSSI: -77 [da:20:07:9b:12:4c]
RSSI: -72 [da:1a:63:7a:09:2a]
RSSI: -89 [da:18:7f:81:05:db]
RSSI: -79 [da:20:07:a9:12:7c]
RSSI: -79 [da:20:07:a9:12:7c]
RSSI: -73 [da:1a:63:87:09:5a]
RSSI: -88 [da:18:7f:90:06:0b]
RSSI: -73 [da:1a:63:87:09:5a]
RSSI: -83 [da:20:07:b5:12:9c]
RSSI: -72 [da:1a:63:96:09:7a]
RSSI: -89 [da:18:7f:9d:06:2b]
RSSI: -82 [da:20:07:c3:12:cc]
RSSI: -72 [da:1a:63:96:09:7a]
RSSI: -85 [da:20:07:c3:12:cc]
RSSI: -72 [da:1a:63:a5:09:aa]
RSSI: -92 [da:18:7f:ac:06:5b]
RSSI: -72 [da:1a:63:a5:09:aa]
RSSI: -89 [da:20:07:d1:12:fc]
RSSI: -88 [da:20:07:d1:12:fc]
RSSI: -72 [da:1a:63:b2:09:ca]
RSSI: -88 [da:18:7f:bb:06:8b]
RSSI: -87 [da:18:7f:c8:06:ab]
RSSI: -71 [da:1a:63:c1:09:fa]
RSSI: -71 [da:1a:63:c1:09:fa]
RSSI: -72 [da:1a:63:d0:0a:2a]
RSSI: -72 [da:1a:63:d0:0a:2a]
RSSI: -86 [da:20:07:f9:13:7c]
RSSI: -71 [da:1a:63:dd:0a:4a]
RSSI: -72 [da:1a:63:dd:0a:4a]
RSSI: -87 [da:18:7f:f3:07:2b]
RSSI: -72 [da:1a:63:ec:0a:7a]
RSSI: -82 [da:20:08:14:13:cc]
RSSI: -87 [da:18:7f:f3:07:2b]
RSSI: -83 [da:20:08:21:13:fc]
RSSI: -88 [da:18:80:03:07:5b]
RSSI: -73 [da:1a:63:fb:0a:aa]
RSSI: -83 [da:20:08:21:13:fc]
RSSI: -89 [da:18:80:03:07:5b]
RSSI: -90 [da:18:80:12:07:8b]
RSSI: -86 [da:20:08:3c:14:4c]
RSSI: -75 [da:1a:64:17:0a:fa]
RSSI: -76 [da:1a:64:17:0a:fa]
RSSI: -86 [da:20:08:3c:14:4c]
RSSI: -90 [da:18:80:1f:07:ab]
RSSI: -86 [da:20:08:4a:14:7c]
RSSI: -76 [da:1a:64:26:0b:1a]
RSSI: -86 [da:20:08:4a:14:7c]
RSSI: -77 [da:1a:64:26:0b:1a]
RSSI: -87 [da:20:08:56:14:9c]
RSSI: -88 [da:20:08:56:14:9c]
RSSI: -80 [da:1a:64:33:0b:4a]
RSSI: -85 [da:20:08:64:14:cc]
RSSI: -82 [da:1a:64:42:0b:6a]
RSSI: -85 [da:20:08:64:14:cc]
RSSI: -81 [da:1a:64:42:0b:6a]
RSSI: -85 [da:20:08:72:14:fc]
RSSI: -81 [da:1a:64:51:0b:9a]
RSSI: -85 [da:20:08:72:14:fc]
RSSI: -79 [da:1a:64:51:0b:9a]
RSSI: -83 [da:20:08:7e:15:1c]
RSSI: -80 [da:1a:64:5e:0b:ba]
RSSI: -92 [da:18:80:69:08:8b]
RSSI: -78 [da:1a:64:5e:0b:ba]
RSSI: -92 [da:18:80:69:08:8b]
RSSI: -79 [da:1a:64:6d:0b:ea]
RSSI: -79 [da:1a:64:6d:0b:ea]
RSSI: -79 [da:1a:64:7c:0c:1a]
RSSI: -79 [da:1a:64:7c:0c:1a]
RSSI: -84 [da:20:08:a7:15:9c]
RSSI: -85 [da:20:08:a7:15:9c]
RSSI: -80 [da:1a:64:89:0c:3a]
RSSI: -85 [da:20:08:b5:15:cc]
RSSI: -82 [da:1a:64:98:0c:6a]
RSSI: -82 [da:1a:64:98:0c:6a]
RSSI: -88 [da:20:08:c2:15:fc]
RSSI: -85 [da:20:08:cf:16:1c]
RSSI: -84 [da:1a:64:a7:0c:9a]
RSSI: -86 [da:20:08:cf:16:1c]
RSSI: -87 [da:1a:64:d2:0d:0a]
RSSI: -90 [da:20:08:f7:00:2c]
RSSI: -88 [da:20:08:f7:00:2c]
RSSI: -86 [da:1a:64:df:0d:3a]
RSSI: -85 [da:1a:64:df:0d:3a]
RSSI: -87 [da:1a:64:ee:0d:5a]
RSSI: -86 [da:1a:64:fd:0d:8a]
RSSI: -88 [da:1a:64:fd:0d:8a]
RSSI: -92 [da:20:09:2e:00:dc]
RSSI: -90 [da:1a:65:0a:0d:aa]
RSSI: -93 [da:18:81:0f:0a:7b]
RSSI: -91 [da:20:09:2e:00:dc]
RSSI: -88 [da:1a:65:0a:0d:aa]
RSSI: -90 [da:1a:65:19:0d:da]
RSSI: -88 [da:1a:65:19:0d:da]
RSSI: -92 [da:20:09:48:01:2c]
RSSI: -95 [da:1a:65:35:0e:2a]
RSSI: -92 [da:20:09:64:01:8c]
RSSI: -94 [da:20:09:64:01:8c]
RSSI: -96 [da:18:81:4a:0b:2b]
RSSI: -93 [da:20:09:64:01:8c]
RSSI: -91 [da:20:09:71:01:ac]
RSSI: -94 [da:1a:65:60:0e:aa]
RSSI: -90 [da:1a:65:7f:0e:fa]
RSSI: -90 [da:1a:65:7f:0e:fa]
RSSI: -92 [da:1a:65:8b:0f:2a]
RSSI: -92 [da:1a:65:b7:0f:9a]
RSSI: -98 [da:18:81:bd:0c:7b]
RSSI: -96 [da:20:09:dd:03:0c]
RSSI: -91 [da:1a:65:b7:0f:9a]
RSSI: -86 [da:1a:65:c6:0f:ca]
RSSI: -86 [da:1a:65:c6:0f:ca]
RSSI: -90 [da:20:09:f8:03:5c]
RSSI: -86 [da:1a:65:d5:0f:fa]
RSSI: -86 [da:1a:65:e2:10:1a]
RSSI: -87 [da:1a:65:e2:10:1a]
RSSI: -89 [da:1a:65:f1:10:4a]
RSSI: -92 [da:18:82:05:0d:5b]
RSSI: -91 [da:18:82:05:0d:5b]
RSSI: -89 [da:1d:6f:1c:0c:6e]
RSSI: -90 [da:1a:66:0d:10:9a]
RSSI: -91 [da:1a:66:0d:10:9a]
RSSI: -90 [da:1d:6f:29:0c:8e]
RSSI: -92 [da:1d:6f:29:0c:8e]
RSSI: -89 [da:1a:66:1c:10:ba]
RSSI: -87 [da:1a:66:1c:10:ba]
RSSI: -88 [da:1d:6f:39:0c:be]
RSSI: -88 [da:1a:66:2c:10:ea]
RSSI: -87 [da:1a:66:2c:10:ea]
RSSI: -90 [da:18:82:31:0d:db]
RSSI: -88 [da:20:0a:57:04:8c]
RSSI: -91 [da:18:82:40:0d:fb]
RSSI: -85 [da:1a:66:38:11:0a]
RSSI: -85 [da:1a:66:48:11:3a]
RSSI: -93 [da:18:82:50:0e:2b]
RSSI: -84 [da:1a:66:48:11:3a]
RSSI: -86 [da:1d:6f:66:0d:3e]
RSSI: -84 [da:1a:66:63:11:8a]
RSSI: -82 [da:1d:6f:75:0d:6e]
RSSI: -84 [da:1a:66:73:11:ba]
RSSI: -83 [da:1d:6f:82:0d:8e]
RSSI: -90 [da:20:0a:9a:05:5c]
RSSI: -89 [da:1a:66:82:11:ea]
RSSI: -88 [da:18:82:88:0e:db]
RSSI: -85 [da:1a:66:8f:12:0a]
RSSI: -89 [da:20:0a:b4:05:ac]
RSSI: -88 [da:1a:66:8f:12:0a]
RSSI: -86 [da:1d:6f:af:0e:0e]
RSSI: -85 [da:1a:66:9e:12:3a]
RSSI: -86 [da:20:0a:c2:05:dc]
RSSI: -86 [da:20:0a:c2:05:dc]
RSSI: -89 [da:20:0a:d0:06:0c]
RSSI: -85 [da:1a:66:ad:12:5a]
RSSI: -87 [da:1d:6f:bf:0e:3e]
RSSI: -86 [da:18:82:b4:0f:5b]
RSSI: -91 [da:18:82:b4:0f:5b]
RSSI: -88 [da:1a:66:ba:12:8a]
RSSI: -87 [da:20:0a:dd:06:2c]
RSSI: -85 [da:1a:66:ba:12:8a]
RSSI: -86 [da:18:82:c4:0f:8b]
RSSI: -85 [da:1a:66:c9:12:aa]
RSSI: -92 [da:18:82:d3:0f:bb]
RSSI: -86 [da:1a:66:d9:12:da]
RSSI: -87 [da:1a:66:d9:12:da]
RSSI: -89 [da:18:82:e0:0f:db]
RSSI: -86 [da:1a:66:e5:12:fa]
RSSI: -88 [da:18:82:ef:10:0b]
RSSI: -86 [da:1a:66:e5:12:fa]
RSSI: -89 [da:20:0b:13:06:dc]
RSSI: -91 [da:18:82:ff:10:3b]
RSSI: -92 [da:20:0b:21:07:0c]
RSSI: -89 [da:1a:66:f5:13:2a]
RSSI: -90 [da:18:82:ff:10:3b]
RSSI: -90 [da:18:83:0b:10:5b]
RSSI: -89 [da:1a:67:11:13:7a]
RSSI: -89 [da:18:83:1b:10:8b]
RSSI: -88 [da:1a:67:11:13:7a]
RSSI: -90 [da:1a:67:20:13:aa]
RSSI: -86 [da:18:83:2b:10:bb]
RSSI: -87 [da:18:83:2b:10:bb]
RSSI: -88 [da:18:83:37:10:db]
RSSI: -91 [da:18:83:47:11:0b]
RSSI: -90 [da:18:83:47:11:0b]
RSSI: -89 [da:18:83:56:11:3b]
RSSI: -93 [da:1d:70:71:10:4e]
RSSI: -92 [da:18:83:63:11:5b]
RSSI: -90 [da:20:0b:8d:08:5c]
RSSI: -84 [da:20:0b:9b:08:8c]
RSSI: -89 [da:1a:67:77:14:aa]
RSSI: -88 [da:20:0b:a7:08:bc]
RSSI: -83 [da:20:0b:a7:08:bc]
RSSI: -83 [da:20:0b:b6:08:ec]
RSSI: -85 [da:20:0b:c3:09:0c]
RSSI: -85 [da:20:0b:c3:09:0c]
RSSI: -90 [da:1a:67:a2:15:1a]
RSSI: -92 [da:18:83:ae:12:3b]
RSSI: -91 [da:18:83:bb:12:5b]
RSSI: -88 [da:1a:67:be:15:6a]
RSSI: -88 [da:1a:67:cd:15:9a]
RSSI: -85 [da:20:0b:f9:09:bc]
RSSI: -87 [da:1a:67:dd:15:ca]
RSSI: -89 [da:20:0c:07:09:ec]
RSSI: -84 [da:20:0c:07:09:ec]
RSSI: -91 [da:1a:67:e9:15:ea]
RSSI: -88 [da:20:0c:15:0a:1c]
RSSI: -91 [da:20:0c:15:0a:1c]
RSSI: -87 [da:20:0c:21:0a:3c]
RSSI: -90 [da:18:84:06:13:3b]
RSSI: -86 [da:1a:68:08:16:4a]
RSSI: -87 [da:1a:68:08:16:4a]
RSSI: -91 [da:20:0c:2f:0a:6c]
RSSI: -91 [da:18:84:12:13:6b]
RSSI: -92 [da:1a:68:15:00:2a]
RSSI: -87 [da:1a:68:15:00:2a]
RSSI: -89 [da:1a:68:24:00:4a]
RSSI: -89 [da:20:0c:58:0a:ec]
RSSI: -87 [da:1a:68:33:00:7a]
RSSI: -86 [da:1a:68:40:00:9a]
RSSI: -94 [da:20:0c:66:0b:1c]
RSSI: -85 [da:1a:68:40:00:9a]
RSSI: -91 [da:18:84:4e:14:1b]
RSSI: -84 [da:1a:68:50:00:ca]
RSSI: -90 [da:20:0c:81:0b:7c]
RSSI: -85 [da:1a:68:5f:00:fa]
RSSI: -91 [da:20:0c:81:0b:7c]
RSSI: -85 [da:1a:68:5f:00:fa]
RSSI: -86 [da:1a:68:6c:01:1a]
RSSI: -88 [da:20:0c:9b:0b:cc]
RSSI: -94 [da:20:0c:b7:0c:2c]
RSSI: -92 [da:20:0c:c4:0c:4c]
RSSI: -91 [da:18:84:a6:15:1b]
RSSI: -87 [da:1a:68:a6:01:ba]
RSSI: -87 [da:18:84:b5:15:4b]
RSSI: -87 [da:18:84:b5:15:4b]
RSSI: -87 [da:1a:68:b6:01:ea]
RSSI: -87 [da:1a:68:b6:01:ea]
RSSI: -88 [da:18:84:c2:15:6b]
RSSI: -90 [da:1a:68:c2:02:0a]
RSSI: -89 [da:1a:68:c2:02:0a]
RSSI: -90 [da:1a:68:d2:02:3a]
RSSI: -90 [da:1a:68:e1:02:6a]
RSSI: -86 [da:18:84:ee:15:eb]
RSSI: -93 [da:20:0d:1b:0d:6c]
RSSI: -83 [da:18:84:fe:16:1b]
RSSI: -94 [da:20:0d:1b:0d:6c]
RSSI: -87 [da:1a:68:fd:02:ba]
RSSI: -83 [da:18:85:0d:16:4b]
RSSI: -82 [da:18:85:0d:16:4b]
RSSI: -81 [da:18:85:0d:16:4b]
RSSI: -89 [da:1a:69:0d:02:da]
RSSI: -89 [da:1a:69:0d:02:da]
RSSI: -80 [da:18:85:1a:16:6b]
RSSI: -79 [da:18:85:1a:16:6b]
RSSI: -93 [da:20:0d:54:0e:1c]
RSSI: -87 [da:1a:69:29:03:2a]
RSSI: -99 [da:1d:72:40:15:7e]
RSSI: -93 [da:20:0d:54:0e:1c]
RSSI: -76 [da:18:85:39:00:2b]
RSSI: -87 [da:1a:69:38:03:5a]
RSSI: -76 [da:18:85:46:00:5b]
RSSI: -88 [da:20:0d:6f:0e:6c]
RSSI: -75 [da:18:85:56:00:8b]
RSSI: -75 [da:18:85:56:00:8b]
RSSI: -91 [da:1a:69:54:03:aa]
RSSI: -75 [da:18:85:65:00:bb]
RSSI: -87 [da:20:0d:8b:0e:cc]
RSSI: -75 [da:18:85:65:00:bb]
RSSI: -87 [da:20:0d:8b:0e:cc]
RSSI: -72 [da:18:85:72:00:db]
RSSI: -90 [da:1a:69:70:03:fa]
RSSI: -92 [da:20:0d:97:0e:ec]
RSSI: -74 [da:18:85:82:01:0b]
RSSI: -89 [da:1a:69:80:04:2a]
RSSI: -71 [da:18:85:82:01:0b]
RSSI: -83 [da:20:0d:a5:0f:1c]
RSSI: -89 [da:1a:69:80:04:2a]
RSSI: -73 [da:18:85:91:01:3b]
RSSI: -73 [da:18:85:91:01:3b]
RSSI: -89 [da:20:0d:b4:0f:4c]
RSSI: -73 [da:18:85:91:01:3b]
RSSI: -86 [da:1a:69:9c:04:7a]
RSSI: -73 [da:18:85:9e:01:5b]
RSSI: -85 [da:1a:69:9c:04:7a]
RSSI: -86 [da:20:0d:c0:0f:6c]
RSSI: -72 [da:18:85:ae:01:8b]
RSSI: -73 [da:18:85:ae:01:8b]
RSSI: -84 [da:1a:69:ac:04:9a]
RSSI: -73 [da:18:85:bd:01:bb]
RSSI: -73 [da:18:85:bd:01:bb]
RSSI: -83 [da:1a:69:bb:04:ca]
RSSI: -81 [da:20:0d:e9:0f:fc]
RSSI: -73 [da:18:85:ca:01:db]
RSSI: -86 [da:1a:69:c8:04:fa]
RSSI: -80 [da:20:0d:e9:0f:fc]
RSSI: -74 [da:18:85:ca:01:db]
RSSI: -78 [da:20:0d:f7:10:2c]
RSSI: -74 [da:18:85:da:02:0b]
RSSI: -85 [da:1a:69:d7:05:1a]
RSSI: -75 [da:18:85:da:02:0b]
RSSI: -86 [da:1a:69:d7:05:1a]
RSSI: -79 [da:20:0e:05:10:4c]
RSSI: -74 [da:18:85:e9:02:3b]
RSSI: -78 [da:20:0e:05:10:4c]
RSSI: -76 [da:18:85:e9:02:3b]
RSSI: -86 [da:1a:69:e6:05:4a]
RSSI: -76 [da:20:0e:12:10:7c]
RSSI: -77 [da:18:85:f6:02:5b]
RSSI: -76 [da:18:85:f6:02:5b]
RSSI: -87 [da:1a:69:f3:05:6a]
RSSI: -87 [da:1a:69:f3:05:6a]
RSSI: -75 [da:20:0e:20:10:ac]
RSSI: -74 [da:20:0e:20:10:ac]
RSSI: -79 [da:18:86:06:02:8b]
RSSI: -75 [da:20:0e:2e:10:dc]
RSSI: -75 [da:20:0e:2e:10:dc]
RSSI: -80 [da:18:86:15:02:bb]
RSSI: -73 [da:20:0e:3b:10:fc]
RSSI: -82 [da:18:86:22:02:db]
RSSI: -73 [da:20:0e:49:11:2c]
RSSI: -83 [da:18:86:22:02:db]
RSSI: -84 [da:1a:6a:24:05:fa]
RSSI: -84 [da:18:86:32:03:0b]
RSSI: -73 [da:20:0e:57:11:5c]
RSSI: -71 [da:20:0e:57:11:5c]
RSSI: -86 [da:18:86:42:03:3b]
RSSI: -81 [da:1a:6a:34:06:2a]
RSSI: -73 [da:20:0e:64:11:7c]
RSSI: -81 [da:1a:6a:44:06:5a]
RSSI: -73 [da:20:0e:64:11:7c]
RSSI: -84 [da:18:86:4e:03:5b]
RSSI: -80 [da:1a:6a:44:06:5a]
RSSI: -86 [da:18:86:4e:03:5b]
RSSI: -71 [da:20:0e:72:11:ac]
RSSI: -86 [da:18:86:4e:03:5b]
RSSI: -81 [da:1a:6a:50:06:7a]
RSSI: -81 [da:1a:6a:50:06:7a]
RSSI: -73 [da:20:0e:80:11:dc]
RSSI: -79 [da:1a:6a:60:06:aa]
RSSI: -74 [da:20:0e:8c:11:fc]
RSSI: -85 [da:18:86:6e:03:bb]
RSSI: -74 [da:20:0e:8c:11:fc]
RSSI: -79 [da:1a:6a:6f:06:ca]
RSSI: -73 [da:20:0e:9b:12:2c]
RSSI: -75 [da:20:0e:9b:12:2c]
RSSI: -81 [da:1a:6a:7c:06:fa]
RSSI: -80 [da:1a:6a:7c:06:fa]
RSSI: -75 [da:20:0e:a9:12:5c]
RSSI: -74 [da:20:0e:a9:12:5c]
RSSI: -84 [da:18:86:8a:04:0b]
RSSI: -80 [da:1a:6a:8c:07:1a]
RSSI: -75 [da:20:0e:b5:12:8c]
RSSI: -84 [da:18:86:9a:04:3b]
RSSI: -76 [da:20:0e:b5:12:8c]
RSSI: -80 [da:1a:6a:9b:07:4a]
RSSI: -77 [da:20:0e:c4:12:ac]
RSSI: -78 [da:20:0e:c4:12:ac]
RSSI: -79 [da:1a:6a:a8:07:6a]
RSSI: -87 [da:18:86:a6:04:6b]
RSSI: -79 [da:20:0e:d2:12:dc]
RSSI: -78 [da:1a:6a:a8:07:6a]
RSSI: -77 [da:20:0e:d2:12:dc]
RSSI: -78 [da:1a:6a:a8:07:6a]
RSSI: -75 [da:1a:6a:b7:07:9a]
RSSI: -83 [da:20:0e:de:13:0c]
RSSI: -88 [da:18:86:c6:04:bb]
RSSI: -75 [da:1a:6a:c7:07:ca]
RSSI: -91 [da:18:86:d2:04:eb]
RSSI: -89 [da:18:86:d2:04:eb]
RSSI: -86 [da:20:0e:fb:13:5c]
RSSI: -73 [da:1a:6a:d3:07:ea]
RSSI: -88 [da:18:86:e2:05:1b]
RSSI: -72 [da:1a:6a:e3:08:1a]
RSSI: -88 [da:20:0f:07:13:8c]
RSSI: -72 [da:1a:6a:e3:08:1a]
RSSI: -81 [da:20:0f:07:13:8c]
RSSI: -78 [da:20:0f:16:13:bc]
RSSI: -72 [da:1a:6a:f3:08:3a]
RSSI: -83 [da:20:0f:16:13:bc]
RSSI: -72 [da:1a:6a:f3:08:3a]
RSSI: -90 [da:18:86:ff:05:6b]
RSSI: -79 [da:20:0f:24:13:ec]
RSSI: -79 [da:20:0f:24:13:ec]
RSSI: -70 [da:1a:6a:ff:08:6a]
RSSI: -90 [da:18:87:0e:05:9b]
RSSI: -83 [da:20:0f:30:14:0c]
RSSI: -90 [da:18:87:0e:05:9b]
RSSI: -72 [da:1a:6b:0f:08:9a]
RSSI: -81 [da:20:0f:30:14:0c]
RSSI: -92 [da:1d:74:25:04:ae]
RSSI: -71 [da:1a:6b:0f:08:9a]
RSSI: -72 [da:1a:6b:1e:08:ba]
RSSI: -90 [da:18:87:1e:05:cb]
RSSI: -85 [da:20:0f:3e:14:3c]
RSSI: -72 [da:1a:6b:1e:08:ba]
RSSI: -73 [da:1a:6b:1e:08:ba]
RSSI: -72 [da:1a:6b:1e:08:ba]
RSSI: -93 [da:1d:74:3f:04:fe]
RSSI: -71 [da:1a:6b:2b:08:ea]
RSSI: -72 [da:1a:6b:3a:09:0a]
RSSI: -70 [da:1a:6b:3a:09:0a]
RSSI: -86 [da:18:87:4a:06:4b]
RSSI: -71 [da:1a:6b:4a:09:3a]
RSSI: -71 [da:1a:6b:4a:09:3a]
RSSI: -86 [da:18:87:57:06:6b]
RSSI: -70 [da:1a:6b:57:09:5a]
RSSI: -87 [da:20:0f:82:15:0c]
RSSI: -69 [da:1a:6b:66:09:8a]
RSSI: -91 [da:18:87:76:06:cb]
RSSI: -70 [da:1a:6b:66:09:8a]
RSSI: -85 [da:20:0f:90:15:3c]
RSSI: -90 [da:18:87:76:06:cb]
RSSI: -71 [da:1a:6b:76:09:ba]
RSSI: -89 [da:20:0f:9f:15:6c]
RSSI: -70 [da:1a:6b:82:09:da]
RSSI: -71 [da:1a:6b:82:09:da]
RSSI: -88 [da:18:87:93:07:2b]
RSSI: -72 [da:1a:6b:92:0a:0a]
RSSI: -89 [da:18:87:93:07:2b]
RSSI: -87 [da:20:0f:ba:15:bc]
RSSI: -89 [da:18:87:a3:07:5b]
RSSI: -89 [da:20:0f:c8:15:ec]
RSSI: -72 [da:1a:6b:a1:0a:3a]
RSSI: -86 [da:20:0f:c8:15:ec]
RSSI: -87 [da:18:87:af:07:7b]
RSSI: -87 [da:20:0f:e3:16:3c]
RSSI: -74 [da:1a:6b:be:0a:8a]
RSSI: -87 [da:20:0f:e3:16:3c]
RSSI: -91 [da:18:87:cf:07:db]
RSSI: -89 [da:20:0f:f1:16:6c]
RSSI: -76 [da:1a:6b:cd:0a:ba]
RSSI: -91 [da:18:87:cf:07:db]
RSSI: -88 [da:20:0f:f1:16:6c]
RSSI: -78 [da:1a:6b:cd:0a:ba]
RSSI: -89 [da:18:87:db:07:fb]
RSSI: -95 [da:18:87:db:07:fb]
RSSI: -81 [da:1a:6b:da:0a:da]
RSSI: -82 [da:1a:6b:ea:0b:0a]
RSSI: -85 [da:1a:6b:f9:0b:2a]
RSSI: -82 [da:1a:6b:f9:0b:2a]
RSSI: -93 [da:18:88:08:08:7b]
RSSI: -89 [da:20:10:26:00:8c]
RSSI: -89 [da:18:88:08:08:7b]
RSSI: -87 [da:20:10:26:00:8c]
RSSI: -90 [da:18:88:08:08:7b]
RSSI: -90 [da:20:10:35:00:bc]
RSSI: -83 [da:1a:6c:15:0b:7a]
RSSI: -81 [da:1a:6c:15:0b:7a]
RSSI: -89 [da:20:10:43:00:dc]
RSSI: -81 [da:1a:6c:15:0b:7a]
RSSI: -90 [da:20:10:43:00:dc]
RSSI: -77 [da:1a:6c:25:0b:aa]
RSSI: -80 [da:1a:6c:25:0b:aa]
RSSI: -78 [da:1a:6c:31:0b:da]
RSSI: -80 [da:1a:6c:41:0b:fa]
RSSI: -80 [da:1a:6c:41:0b:fa]
RSSI: -81 [da:1a:6c:51:0c:2a]
RSSI: -82 [da:1a:6c:51:0c:2a]
RSSI: -93 [da:18:88:60:09:8b]
RSSI: -83 [da:1a:6c:5d:0c:4a]
RSSI: -91 [da:20:10:87:01:bc]
RSSI: -84 [da:1a:6c:6d:0c:7a]
RSSI: -84 [da:1a:6c:89:0c:ca]
RSSI: -84 [da:1a:6c:99:0c:fa]
RSSI: -92 [da:18:88:9c:0a:3b]
RSSI: -85 [da:1a:6c:99:0c:fa]
RSSI: -89 [da:18:88:ac:0a:6b]
RSSI: -84 [da:1a:6c:a8:0d:2a]
RSSI: -88 [da:18:88:ac:0a:6b]
RSSI: -89 [da:1a:6c:b5:0d:4a]
RSSI: -91 [da:18:88:b9:0a:8b]
RSSI: -87 [da:1a:6c:b5:0d:4a]
RSSI: -93 [da:18:88:c9:0a:bb]
RSSI: -90 [da:18:88:d9:0a:eb]
RSSI: -90 [da:1a:6c:d4:0d:aa]
RSSI: -91 [da:18:88:d9:0a:eb]
RSSI: -95 [da:20:11:02:03:3c]
RSSI: -88 [da:1a:6c:e1:0d:ca]
RSSI: -92 [da:1a:6c:f1:0d:fa]
RSSI: -93 [da:18:88:f5:0b:3b]
RSSI: -93 [da:1a:6c:f1:0d:fa]
RSSI: -93 [da:20:11:1d:03:9c]
RSSI: -89 [da:1a:6d:00:0e:2a]
RSSI: -91 [da:1a:6d:00:0e:2a]
RSSI: -92 [da:1a:6d:0d:0e:4a]
RSSI: -95 [da:1a:6d:1d:0e:7a]
RSSI: -93 [da:1d:76:3b:0a:be]
RSSI: -95 [da:1a:6d:2c:0e:aa]
RSSI: -96 [da:1a:6d:39:0e:ca]
RSSI: -94 [da:1d:76:62:0b:2e]
RSSI: -95 [da:20:11:6f:04:9c]
RSSI: -87 [da:20:11:8c:04:fc]
RSSI: -90 [da:1d:76:88:0b:9e]
RSSI: -94 [da:20:11:99:05:1c]
RSSI: -89 [da:1d:76:88:0b:9e]
RSSI: -88 [da:1d:76:95:0b:be]
RSSI: -92 [da:20:11:b5:05:7c]
RSSI: -86 [da:1d:76:ae:0c:0e]
RSSI: -85 [da:1d:76:ae:0c:0e]
RSSI: -88 [da:20:11:c2:05:9c]
RSSI: -86 [da:1d:76:ae:0c:0e]
RSSI: -88 [da:20:11:c2:05:9c]
RSSI: -93 [da:18:89:a7:0d:4b]
RSSI: -85 [da:1d:76:bb:0c:2e]
RSSI: -86 [da:20:11:d0:05:cc]
RSSI: -84 [da:1d:76:c8:0c:4e]
RSSI: -85 [da:1d:76:d5:0c:7e]
RSSI: -86 [da:1d:76:d5:0c:7e]
RSSI: -85 [da:1d:76:d5:0c:7e]
RSSI: -84 [da:1d:76:e2:0c:9e]
RSSI: -83 [da:20:11:f9:06:4c]
RSSI: -80 [da:1d:76:ee:0c:be]
RSSI: -87 [da:1a:6d:dc:10:aa]
RSSI: -92 [da:18:89:e3:0e:0b]
RSSI: -89 [da:20:12:08:06:7c]
RSSI: -83 [da:1d:76:fb:0c:ee]
RSSI: -83 [da:20:12:08:06:7c]
RSSI: -93 [da:1a:6d:e8:10:ca]
RSSI: -82 [da:1d:76:fb:0c:ee]
RSSI: -83 [da:20:12:14:06:ac]
RSSI: -90 [da:1a:6d:f8:10:fa]
RSSI: -84 [da:20:12:23:06:dc]
RSSI: -81 [da:1d:77:15:0d:3e]
RSSI: -84 [da:20:12:23:06:dc]
RSSI: -82 [da:1d:77:21:0d:5e]
RSSI: -84 [da:20:12:31:07:0c]
RSSI: -82 [da:1d:77:21:0d:5e]
RSSI: -78 [da:1d:77:3b:0d:ae]
RSSI: -85 [da:20:12:4c:07:5c]
RSSI: -86 [da:20:12:5a:07:8c]
RSSI: -82 [da:1d:77:55:0d:ee]
RSSI: -92 [da:20:12:67:07:ac]
RSSI: -78 [da:1d:77:61:0e:1e]
RSSI: -88 [da:20:12:75:07:dc]
RSSI: -89 [da:1a:6e:50:11:ea]
RSSI: -90 [da:20:12:75:07:dc]
RSSI: -83 [da:1d:77:6e:0e:3e]
RSSI: -89 [da:18:8a:58:0f:6b]
RSSI: -87 [da:20:12:84:08:0c]
RSSI: -82 [da:1d:77:6e:0e:3e]
RSSI: -88 [da:1a:6e:60:12:1a]
RSSI: -82 [da:1d:77:7b:0e:5e]
RSSI: -83 [da:1d:77:88:0e:7e]
RSSI: -90 [da:18:8a:75:0f:bb]
RSSI: -85 [da:1a:6e:7c:12:6a]
RSSI: -84 [da:1d:77:95:0e:ae]
RSSI: -85 [da:1d:77:95:0e:ae]
RSSI: -86 [da:1d:77:a1:0e:ce]
RSSI: -81 [da:20:12:b9:08:bc]
RSSI: -90 [da:1d:77:ae:0e:ee]
RSSI: -84 [da:20:12:c8:08:ec]
RSSI: -80 [da:20:12:c8:08:ec]
RSSI: -87 [da:1d:77:bb:0f:1e]
RSSI: -83 [da:20:12:d6:09:0c]
RSSI: -81 [da:20:12:e3:09:3c]
RSSI: -82 [da:20:12:e3:09:3c]
RSSI: -89 [da:18:8a:ce:10:cb]
RSSI: -89 [da:1a:6e:c5:13:3a]
RSSI: -83 [da:20:12:f1:09:6c]
RSSI: -89 [da:18:8a:de:10:fb]
RSSI: -83 [da:20:13:0c:09:bc]
RSSI: -88 [da:1d:77:fb:0f:ce]
RSSI: -84 [da:20:13:0c:09:bc]
RSSI: -88 [da:1d:78:08:0f:fe]
RSSI: -84 [da:20:13:1b:09:ec]
RSSI: -88 [da:1d:78:08:0f:fe]
RSSI: -85 [da:20:13:29:0a:1c]
RSSI: -86 [da:20:13:36:0a:3c]
RSSI: -88 [da:1d:78:2e:10:6e]
RSSI: -84 [da:20:13:44:0a:6c]
RSSI: -86 [da:20:13:52:0a:9c]
RSSI: -85 [da:20:13:52:0a:9c]
RSSI: -86 [da:20:13:5f:0a:cc]
RSSI: -92 [da:18:8b:47:12:2b]
RSSI: -86 [da:20:13:6d:0a:fc]
RSSI: -88 [da:20:13:6d:0a:fc]
RSSI: -91 [da:1a:6f:49:14:aa]
RSSI: -84 [da:20:13:7c:0b:2c]
RSSI: -85 [da:20:13:7c:0b:2c]
RSSI: -91 [da:20:13:88:0b:4c]
RSSI: -90 [da:1a:6f:75:15:2a]
RSSI: -87 [da:1a:6f:85:15:5a]
RSSI: -89 [da:20:13:c0:0b:fc]
RSSI: -87 [da:1a:6f:b1:15:ca]
RSSI: -87 [da:1a:6f:c1:15:fa]
RSSI: -87 [da:1a:6f:cd:16:2a]
RSSI: -92 [da:1a:6f:dd:00:2a]
RSSI: -87 [da:1a:6f:ed:00:5a]
RSSI: -86 [da:1a:6f:ed:00:5a]
RSSI: -91 [da:20:14:13:0d:0c]
RSSI: -86 [da:1a:6f:f9:00:7a]
RSSI: -89 [da:20:14:2e:0d:6c]
RSSI: -87 [da:1a:70:09:00:aa]
RSSI: -87 [da:20:14:3d:0d:9c]
RSSI: -86 [da:20:14:3d:0d:9c]
RSSI: -89 [da:18:8c:32:14:db]
RSSI: -88 [da:18:8c:32:14:db]
RSSI: -87 [da:1a:70:35:01:2a]
RSSI: -89 [da:1a:70:35:01:2a]
RSSI: -87 [da:20:14:66:0e:1c]
RSSI: -87 [da:18:8c:42:15:0b]
RSSI: -87 [da:20:14:66:0e:1c]
RSSI: -93 [da:20:14:66:0e:1c]
RSSI: -90 [da:1a:70:52:01:7a]
RSSI: -89 [da:20:14:81:0e:6c]
RSSI: -92 [da:18:8c:5f:15:5b]
RSSI: -92 [da:1a:70:62:01:aa]
RSSI: -90 [da:20:14:81:0e:6c]
RSSI: -84 [da:20:14:ab:0e:fc]
RSSI: -82 [da:20:14:ab:0e:fc]
RSSI: -87 [da:1a:70:8e:02:2a]
RSSI: -83 [da:20:14:b9:0f:2c]
RSSI: -78 [da:20:14:c7:0f:5c]
RSSI: -78 [da:20:14:c7:0f:5c]
RSSI: -83 [da:20:14:d4:0f:7c]
RSSI: -83 [da:20:14:d4:0f:7c]
RSSI: -79 [da:18:8c:b8:16:6b]
RSSI: -81 [da:18:8c:c8:00:2b]
RSSI: -77 [da:18:8c:c8:00:2b]
RSSI: -83 [da:20:14:f1:0f:dc]
RSSI: -80 [da:18:8c:d8:00:5b]
RSSI: -83 [da:20:14:f1:0f:dc]
RSSI: -79 [da:18:8c:d8:00:5b]
RSSI: -87 [da:1a:70:d7:02:fa]
RSSI: -90 [da:1a:70:d7:02:fa]
RSSI: -80 [da:20:14:fe:0f:fc]
RSSI: -78 [da:18:8c:e5:00:8b]
RSSI: -77 [da:20:15:0c:10:2c]
RSSI: -73 [da:18:8c:f5:00:bb]
RSSI: -77 [da:20:15:1b:10:5c]
RSSI: -76 [da:18:8c:f5:00:bb]
RSSI: -75 [da:20:15:1b:10:5c]
RSSI: -75 [da:18:8d:05:00:eb]
RSSI: -88 [da:1a:71:03:03:7a]
RSSI: -76 [da:20:15:27:10:8c]
RSSI: -88 [da:1a:71:03:03:7a]
RSSI: -74 [da:18:8d:12:01:0b]
RSSI: -73 [da:20:15:36:10:bc]
RSSI: -71 [da:20:15:36:10:bc]
RSSI: -75 [da:18:8d:22:01:3b]
RSSI: -73 [da:18:8d:22:01:3b]
RSSI: -71 [da:18:8d:32:01:6b]
RSSI: -72 [da:20:15:51:11:0c]
RSSI: -74 [da:18:8d:32:01:6b]
RSSI: -68 [da:20:15:5f:11:3c]
RSSI: -71 [da:18:8d:3f:01:8b]
RSSI: -68 [da:20:15:5f:11:3c]
RSSI: -67 [da:20:15:6e:11:6c]
RSSI: -70 [da:18:8d:4f:01:bb]
RSSI: -69 [da:20:15:7b:11:8c]
RSSI: -74 [da:18:8d:5f:01:eb]
RSSI: -70 [da:20:15:7b:11:8c]
RSSI: -68 [da:20:15:7b:11:8c]
RSSI: -74 [da:18:8d:6b:02:0b]
RSSI: -90 [da:1a:71:6b:04:aa]
RSSI: -68 [da:20:15:98:11:ec]
RSSI: -69 [da:20:15:98:11:ec]
RSSI: -73 [da:18:8d:7b:02:3b]
RSSI: -76 [da:18:8d:7b:02:3b]
RSSI: -69 [da:20:15:a4:12:0c]
RSSI: -75 [da:18:8d:8b:02:6b]
RSSI: -70 [da:20:15:a4:12:0c]
RSSI: -74 [da:18:8d:8b:02:6b]
RSSI: -86 [da:1a:71:88:04:fa]
RSSI: -71 [da:20:15:b3:12:3c]
RSSI: -88 [da:1a:71:88:04:fa]
RSSI: -71 [da:20:15:b3:12:3c]
RSSI: -76 [da:18:8d:98:02:9b]
RSSI: -72 [da:20:15:c1:12:6c]
RSSI: -72 [da:20:15:c1:12:6c]
RSSI: -78 [da:18:8d:a8:02:cb]
RSSI: -87 [da:1a:71:a7:05:4a]
RSSI: -78 [da:18:8d:a8:02:cb]
RSSI: -72 [da:20:15:ce:12:9c]
RSSI: -74 [da:20:15:ce:12:9c]
RSSI: -77 [da:18:8d:b8:02:fb]
RSSI: -76 [da:20:15:dc:12:cc]
RSSI: -79 [da:18:8d:b8:02:fb]
RSSI: -76 [da:20:15:dc:12:cc]
RSSI: -80 [da:18:8d:c5:03:1b]
RSSI: -79 [da:20:15:eb:12:ec]
RSSI: -85 [da:1a:71:c4:05:9a]
RSSI: -82 [da:18:8d:d5:03:4b]
RSSI: -83 [da:1a:71:d4:05:ca]
RSSI: -83 [da:18:8d:d5:03:4b]
RSSI: -83 [da:1a:71:d4:05:ca]
RSSI: -83 [da:18:8d:e5:03:7b]
RSSI: -85 [da:18:8d:e5:03:7b]
RSSI: -85 [da:20:16:06:13:4c]
RSSI: -82 [da:1a:71:e0:05:ea]
RSSI: -85 [da:18:8d:f2:03:9b]
RSSI: -83 [da:20:16:15:13:7c]
RSSI: -81 [da:1a:71:f0:06:1a]
RSSI: -85 [da:18:8d:f2:03:9b]
RSSI: -85 [da:18:8d:f2:03:9b]
RSSI: -81 [da:20:16:15:13:7c]
RSSI: -80 [da:1a:71:f0:06:1a]
RSSI: -81 [da:20:16:21:13:9c]
RSSI: -85 [da:18:8e:02:03:cb]
RSSI: -79 [da:1a:72:00:06:4a]
RSSI: -79 [da:20:16:21:13:9c]
RSSI: -84 [da:18:8e:12:03:fb]
RSSI: -78 [da:20:16:30:13:cc]
RSSI: -78 [da:20:16:30:13:cc]
RSSI: -83 [da:18:8e:12:03:fb]
RSSI: -78 [da:20:16:30:13:cc]
RSSI: -80 [da:1a:72:0d:06:6a]
RSSI: -79 [da:20:16:3e:13:fc]
RSSI: -83 [da:18:8e:1e:04:2b]
RSSI: -78 [da:20:16:3e:13:fc]
RSSI: -79 [da:1a:72:1d:06:9a]
RSSI: -79 [da:1a:72:1d:06:9a]
RSSI: -85 [da:18:8e:2f:04:5b]
RSSI: -80 [da:1a:72:2c:06:ca]
RSSI: -81 [da:20:16:4b:14:1c]
RSSI: -80 [da:1a:72:2c:06:ca]
RSSI: -81 [da:20:16:5a:14:4c]
RSSI: -85 [da:18:8e:3f:04:8b]
RSSI: -83 [da:20:16:5a:14:4c]
RSSI: -84 [da:18:8e:3f:04:8b]
RSSI: -80 [da:1a:72:39:06:ea]
RSSI: -84 [da:20:16:68:14:7c]
RSSI: -80 [da:1a:72:49:07:1a]
RSSI: -79 [da:1a:72:49:07:1a]
RSSI: -87 [da:20:16:75:14:ac]
RSSI: -79 [da:1a:72:49:07:1a]
RSSI: -88 [da:20:16:75:14:ac]
RSSI: -87 [da:20:16:75:14:ac]
RSSI: -88 [da:18:8e:6b:05:0b]
RSSI: -89 [da:18:8e:6b:05:0b]
RSSI: -77 [da:1a:72:65:07:6a]
RSSI: -84 [da:20:16:92:14:fc]
RSSI: -85 [da:20:16:92:14:fc]
RSSI: -84 [da:20:16:92:14:fc]
RSSI: -88 [da:18:8e:78:05:2b]
RSSI: -75 [da:1a:72:75:07:9a]
RSSI: -75 [da:1a:72:75:07:9a]
RSSI: -83 [da:20:16:9e:15:2c]
RSSI: -75 [da:1a:72:85:07:ba]
RSSI: -89 [da:18:8e:88:05:5b]
RSSI: -84 [da:20:16:bc:15:8c]
RSSI: -87 [da:18:8e:98:05:8b]
RSSI: -88 [da:20:16:bc:15:8c]
RSSI: -71 [da:1a:72:a2:08:1a]
RSSI: -84 [da:20:16:c8:15:ac]
RSSI: -71 [da:1a:72:a2:08:1a]
RSSI: -84 [da:20:16:c8:15:ac]
RSSI: -69 [da:1a:72:b2:08:3a]
RSSI: -85 [da:18:8e:b5:05:db]
RSSI: -91 [da:1d:7b:c2:04:5e]
RSSI: -69 [da:1a:72:b2:08:3a]
RSSI: -89 [da:18:8e:b5:05:db]
RSSI: -69 [da:1a:72:be:08:6a]
RSSI: -70 [da:1a:72:ce:08:8a]
RSSI: -69 [da:1a:72:ce:08:8a]
RSSI: -89 [da:1d:7b:e9:04:ce]
RSSI: -82 [da:20:17:01:16:6c]
RSSI: -89 [da:18:8e:e2:06:6b]
RSSI: -85 [da:20:17:01:16:6c]
RSSI: -85 [da:20:17:0f:00:2c]
RSSI: -69 [da:1a:72:eb:08:ea]
RSSI: -70 [da:1a:72:eb:08:ea]
RSSI: -83 [da:20:17:0f:00:2c]
RSSI: -70 [da:1a:72:eb:08:ea]
RSSI: -85 [da:20:17:1c:00:5c]
RSSI: -85 [da:18:8e:ff:06:bb]
RSSI: -70 [da:1a:72:fb:09:0a]
RSSI: -87 [da:18:8e:ff:06:bb]
RSSI: -70 [da:1a:72:fb:09:0a]
RSSI: -84 [da:20:17:2a:00:8c]
RSSI: -87 [da:18:8f:0f:06:eb]
RSSI: -71 [da:1a:73:0b:09:3a]
RSSI: -86 [da:18:8f:1f:07:1b]
RSSI: -85 [da:20:17:39:00:bc]
RSSI: -71 [da:1a:73:17:09:6a]
RSSI: -89 [da:18:8f:1f:07:1b]
RSSI: -71 [da:1a:73:27:09:9a]
RSSI: -85 [da:20:17:45:00:dc]
RSSI: -87 [da:18:8f:2c:07:3b]
RSSI: -71 [da:1a:73:27:09:9a]
RSSI: -84 [da:20:17:54:01:0c]
RSSI: -70 [da:1a:73:37:09:ba]
RSSI: -87 [da:20:17:63:01:3c]
RSSI: -88 [da:18:8f:3c:07:6b]
RSSI: -70 [da:1a:73:44:09:ea]
RSSI: -91 [da:20:17:6f:01:5c]
RSSI: -88 [da:20:17:6f:01:5c]
RSSI: -87 [da:18:8f:59:07:cb]
RSSI: -72 [da:1a:73:54:0a:0a]
RSSI: -87 [da:18:8f:59:07:cb]
RSSI: -73 [da:1a:73:54:0a:0a]
RSSI: -92 [da:20:17:7e:01:8c]
RSSI: -74 [da:1a:73:63:0a:3a]
RSSI: -75 [da:1a:73:70:0a:5a]
RSSI: -92 [da:18:8f:79:08:2b]
RSSI: -77 [da:1a:73:70:0a:5a]
RSSI: -87 [da:20:17:99:01:ec]
RSSI: -92 [da:20:17:a8:02:1c]
RSSI: -78 [da:1a:73:80:0a:8a]
RSSI: -87 [da:20:17:a8:02:1c]
RSSI: -81 [da:1a:73:80:0a:8a]
RSSI: -84 [da:1a:73:90:0a:ba]
RSSI: -84 [da:1a:73:90:0a:ba]
RSSI: -82 [da:1a:73:90:0a:ba]
RSSI: -93 [da:20:17:b6:02:4c]
RSSI: -93 [da:1d:7c:ac:07:0e]
RSSI: -85 [da:1a:73:9d:0a:da]
RSSI: -85 [da:1a:73:9d:0a:da]
RSSI: -92 [da:1d:7c:b8:07:2e]
RSSI: -89 [da:18:8f:bb:08:eb]
RSSI: -82 [da:1a:73:bc:0b:3a]
RSSI: -83 [da:1a:73:bc:0b:3a]
RSSI: -91 [da:18:8f:cb:09:1b]
RSSI: -80 [da:1a:73:c9:0b:5a]
RSSI: -80 [da:1a:73:c9:0b:5a]
RSSI: -88 [da:20:17:fb:03:1c]
RSSI: -78 [da:1a:73:d9:0b:8a]
RSSI: -81 [da:1a:73:e9:0b:ba]
RSSI: -88 [da:18:8f:f8:09:9b]
RSSI: -80 [da:1a:73:f6:0b:ea]
RSSI: -82 [da:1a:73:f6:0b:ea]
RSSI: -84 [da:20:18:25:03:ac]
RSSI: -82 [da:1a:74:06:0c:1a]
RSSI: -85 [da:1a:74:06:0c:1a]
RSSI: -87 [da:20:18:34:03:dc]
RSSI: -91 [da:18:90:15:09:eb]
RSSI: -89 [da:18:90:15:09:eb]
RSSI: -87 [da:1a:74:16:0c:3a]
RSSI: -91 [da:18:90:25:0a:1b]
RSSI: -84 [da:1a:74:22:0c:6a]
RSSI: -85 [da:1a:74:22:0c:6a]
RSSI: -87 [da:18:90:32:0a:4b]
RSSI: -90 [da:18:90:32:0a:4b]
RSSI: -84 [da:1a:74:32:0c:8a]
RSSI: -87 [da:18:90:3e:0a:6b]
RSSI: -87 [da:20:18:5e:04:5c]
RSSI: -82 [da:1a:74:42:0c:ba]
RSSI: -83 [da:1a:74:42:0c:ba]
RSSI: -90 [da:18:90:4b:0a:8b]
RSSI: -90 [da:18:90:4b:0a:8b]
RSSI: -90 [da:18:90:58:0a:bb]
RSSI: -85 [da:1a:74:4f:0c:ea]
RSSI: -84 [da:1a:74:4f:0c:ea]
RSSI: -85 [da:20:18:88:04:dc]
RSSI: -93 [da:18:90:65:0a:db]
RSSI: -90 [da:1a:74:5f:0d:1a]
RSSI: -84 [da:20:18:88:04:dc]
RSSI: -88 [da:18:90:71:0b:0b]
RSSI: -91 [da:1a:74:6f:0d:3a]
RSSI: -93 [da:20:18:94:04:fc]
RSSI: -91 [da:18:90:71:0b:0b]
RSSI: -88 [da:20:18:94:04:fc]
RSSI: -89 [da:1a:74:7b:0d:6a]
RSSI: -94 [da:18:90:8b:0b:4b]
RSSI: -88 [da:1a:74:7b:0d:6a]
RSSI: -89 [da:1a:74:9b:0d:ba]
RSSI: -94 [da:20:18:cd:05:ac]
RSSI: -96 [da:18:90:b1:0b:cb]
RSSI: -86 [da:1a:74:a8:0d:ea]
RSSI: -91 [da:20:18:db:05:dc]
RSSI: -94 [da:1d:7d:d7:0a:6e]
RSSI: -88 [da:20:18:e8:06:0c]
RSSI: -87 [da:20:19:05:06:6c]
RSSI: -94 [da:1d:7d:f1:0a:be]
RSSI: -91 [da:20:19:05:06:6c]
RSSI: -90 [da:20:19:12:06:8c]
RSSI: -89 [da:20:19:21:06:bc]
RSSI: -89 [da:20:19:2f:06:ec]
RSSI: -87 [da:20:19:2f:06:ec]
RSSI: -87 [da:20:19:3c:07:1c]
RSSI: -88 [da:1d:7e:3f:0b:8e]
RSSI: -88 [da:1d:7e:3f:0b:8e]
RSSI: -82 [da:20:19:59:07:7c]
RSSI: -88 [da:1d:7e:4c:0b:be]
RSSI: -85 [da:1d:7e:4c:0b:be]
RSSI: -85 [da:1d:7e:59:0b:de]
RSSI: -93 [da:18:91:49:0d:8b]
RSSI: -86 [da:20:19:66:07:9c]
RSSI: -86 [da:1d:7e:59:0b:de]
RSSI: -82 [da:1d:7e:66:0c:0e]
RSSI: -82 [da:1d:7e:66:0c:0e]
RSSI: -83 [da:20:19:83:07:fc]
RSSI: -80 [da:1d:7e:73:0c:2e]
RSSI: -80 [da:1d:7e:73:0c:2e]
RSSI: -80 [da:1d:7e:80:0c:5e]
RSSI: -85 [da:20:19:90:08:2c]
RSSI: -94 [da:1a:75:6b:10:1a]
RSSI: -83 [da:1d:7e:80:0c:5e]
RSSI: -79 [da:1d:7e:8d:0c:7e]
RSSI: -97 [da:18:91:89:0e:4b]
RSSI: -85 [da:20:19:ad:08:8c]
RSSI: -78 [da:1d:7e:9a:0c:9e]
RSSI: -85 [da:20:19:ad:08:8c]
RSSI: -81 [da:20:19:ad:08:8c]
RSSI: -94 [da:18:91:95:0e:6b]
RSSI: -92 [da:1a:75:87:10:6a]
RSSI: -78 [da:1d:7e:a8:0c:ce]
RSSI: -79 [da:1d:7e:a8:0c:ce]
RSSI: -82 [da:20:19:ba:08:ac]
RSSI: -79 [da:1d:7e:a8:0c:ce]
RSSI: -83 [da:20:19:ba:08:ac]
RSSI: -89 [da:1a:75:97:10:9a]
RSSI: -78 [da:1d:7e:b4:0c:ee]
RSSI: -88 [da:1a:75:a7:10:ba]
RSSI: -79 [da:20:19:c9:08:dc]
RSSI: -82 [da:20:19:d7:09:0c]
RSSI: -77 [da:1d:7e:c2:0d:1e]
RSSI: -87 [da:1a:75:b4:10:ea]
RSSI: -77 [da:20:19:d7:09:0c]
RSSI: -87 [da:1a:75:b4:10:ea]
RSSI: -79 [da:1d:7e:cf:0d:3e]
RSSI: -84 [da:20:19:e4:09:2c]
RSSI: -85 [da:1a:75:c4:11:0a]
RSSI: -76 [da:1d:7e:db:0d:5e]
RSSI: -81 [da:20:19:f3:09:5c]
RSSI: -85 [da:20:19:f3:09:5c]
RSSI: -87 [da:1a:75:d4:11:3a]
RSSI: -77 [da:1d:7e:e9:0d:8e]
RSSI: -93 [da:18:91:e2:0f:4b]
RSSI: -81 [da:20:1a:01:09:8c]
RSSI: -90 [da:1a:75:e1:11:6a]
RSSI: -80 [da:1d:7e:f6:0d:ae]
RSSI: -85 [da:20:1a:0e:09:bc]
RSSI: -89 [da:1a:75:e1:11:6a]
RSSI: -92 [da:18:91:ef:0f:7b]
RSSI: -82 [da:20:1a:0e:09:bc]
RSSI: -77 [da:1d:7f:03:0d:ce]
RSSI: -83 [da:20:1a:0e:09:bc]
RSSI: -87 [da:1a:75:f1:11:9a]
RSSI: -78 [da:1d:7f:10:0d:fe]
RSSI: -85 [da:20:1a:1d:09:ec]
RSSI: -86 [da:1a:76:01:11:ba]
RSSI: -77 [da:1d:7f:10:0d:fe]
RSSI: -85 [da:1a:76:01:11:ba]
RSSI: -83 [da:20:1a:2b:0a:1c]
RSSI: -79 [da:1d:7f:1d:0e:1e]
RSSI: -82 [da:20:1a:2b:0a:1c]
RSSI: -84 [da:1a:76:0d:11:ea]
RSSI: -88 [da:18:92:15:0f:eb]
RSSI: -83 [da:20:1a:38:0a:3c]
RSSI: -85 [da:1a:76:0d:11:ea]
RSSI: -77 [da:1d:7f:2a:0e:3e]
RSSI: -91 [da:18:92:21:10:0b]
RSSI: -85 [da:1a:76:1d:12:1a]
RSSI: -88 [da:20:1a:47:0a:6c]
RSSI: -78 [da:1d:7f:37:0e:6e]
RSSI: -85 [da:20:1a:47:0a:6c]
RSSI: -81 [da:20:1a:56:0a:9c]
RSSI: -89 [da:1a:76:2d:12:3a]
RSSI: -80 [da:1d:7f:44:0e:8e]
RSSI: -87 [da:20:1a:56:0a:9c]
RSSI: -86 [da:20:1a:62:0a:cc]
RSSI: -80 [da:1d:7f:51:0e:ae]
RSSI: -90 [da:18:92:48:10:7b]
RSSI: -83 [da:20:1a:62:0a:cc]
RSSI: -84 [da:1d:7f:6c:0e:fe]
RSSI: -83 [da:20:1a:80:0b:2c]
RSSI: -84 [da:1d:7f:78:0f:1e]
RSSI: -82 [da:20:1a:8c:0b:4c]
RSSI: -85 [da:20:1a:8c:0b:4c]
RSSI: -86 [da:20:1a:9b:0b:7c]
RSSI: -83 [da:20:1a:9b:0b:7c]
RSSI: -91 [da:20:1a:aa:0b:ac]
RSSI: -86 [da:1a:76:87:13:4a]
RSSI: -88 [da:20:1a:aa:0b:ac]
RSSI: -88 [da:20:1a:aa:0b:ac]
RSSI: -88 [da:1a:76:94:13:6a]
RSSI: -86 [da:1d:7f:ad:0f:be]
RSSI: -89 [da:20:1a:c5:0c:0c]
RSSI: -88 [da:1d:7f:ba:0f:de]
RSSI: -90 [da:1a:76:a4:13:9a]
RSSI: -87 [da:1d:7f:c7:10:0e]
RSSI: -87 [da:1d:7f:c7:10:0e]
RSSI: -87 [da:1d:7f:d4:10:2e]
RSSI: -87 [da:20:1a:e6:0c:6c]
RSSI: -85 [da:1d:7f:d4:10:2e]
RSSI: -87 [da:20:1a:e6:0c:6c]
RSSI: -89 [da:1d:7f:e2:10:5e]
RSSI: -87 [da:1d:7f:ee:10:7e]
RSSI: -93 [da:20:1b:05:0c:dc]
RSSI: -91 [da:18:92:ee:12:6b]
RSSI: -84 [da:1d:7f:fc:10:ae]
RSSI: -88 [da:1a:76:ed:14:6a]
RSSI: -93 [da:20:1b:20:0d:2c]
RSSI: -87 [da:1d:80:15:10:ee]
RSSI: -91 [da:20:1b:2f:0d:5c]
RSSI: -86 [da:1d:80:23:11:1e]
RSSI: -93 [da:20:1b:2f:0d:5c]
RSSI: -86 [da:1d:80:31:11:3e]
RSSI: -86 [da:1d:80:31:11:3e]
RSSI: -88 [da:1d:80:3d:11:6e]
RSSI: -85 [da:20:1b:4a:0d:bc]
RSSI: -86 [da:1d:80:3d:11:6e]
RSSI: -86 [da:1a:77:2a:15:1a]
RSSI: -93 [da:18:93:47:13:7b]
RSSI: -84 [da:20:1b:66:0e:0c]
RSSI: -83 [da:20:1b:75:0e:3c]
RSSI: -86 [da:1d:80:6a:11:ee]
RSSI: -86 [da:1a:77:57:15:9a]
RSSI: -82 [da:20:1b:83:0e:6c]
RSSI: -86 [da:1d:80:7a:12:0e]
RSSI: -85 [da:1a:77:67:15:ca]
RSSI: -91 [da:20:1b:90:0e:9c]
RSSI: -92 [da:18:93:7a:14:0b]
RSSI: -87 [da:1d:80:87:12:3e]
RSSI: -85 [da:1a:77:74:15:ea]
RSSI: -87 [da:1d:80:94:12:5e]
RSSI: -90 [da:20:1b:9f:0e:cc]
RSSI: -88 [da:1d:80:94:12:5e]
RSSI: -89 [da:1a:77:84:16:1a]
RSSI: -87 [da:1d:80:a2:12:8e]
RSSI: -84 [da:1a:77:94:16:4a]
RSSI: -86 [da:20:1b:ba:0f:1c]
RSSI: -90 [da:1a:77:94:16:4a]
RSSI: -79 [da:20:1b:ba:0f:1c]
RSSI: -83 [da:20:1b:c9:0f:4c]
RSSI: -90 [da:1d:80:c9:12:fe]
RSSI: -90 [da:20:1b:d8:0f:7c]
RSSI: -85 [da:1a:77:b1:00:5a]
RSSI: -89 [da:1d:80:c9:12:fe]
RSSI: -88 [da:18:93:c7:14:eb]
RSSI: -92 [da:18:93:d4:15:0b]
RSSI: -89 [da:1d:80:e3:13:3e]
RSSI: -87 [da:18:93:d4:15:0b]
RSSI: -81 [da:20:1b:f3:0f:cc]
RSSI: -89 [da:1d:80:f0:13:6e]
RSSI: -89 [da:18:93:e1:15:3b]
RSSI: -88 [da:1a:77:de:00:da]
RSSI: -89 [da:1d:80:f0:13:6e]
RSSI: -80 [da:20:1c:02:0f:fc]
RSSI: -86 [da:1a:77:de:00:da]
RSSI: -86 [da:18:93:ed:15:5b]
RSSI: -80 [da:20:1c:0f:10:2c]
RSSI: -80 [da:20:1c:0f:10:2c]
RSSI: -75 [da:20:1c:1e:10:5c]
RSSI: -86 [da:1a:77:fa:01:2a]
RSSI: -75 [da:20:1c:2c:10:8c]
RSSI: -92 [da:1d:81:18:13:de]
RSSI: -76 [da:20:1c:2c:10:8c]
RSSI: -75 [da:20:1c:39:10:ac]
RSSI: -86 [da:1a:78:1b:01:7a]
RSSI: -86 [da:18:94:21:15:fb]
RSSI: -87 [da:1a:78:1b:01:7a]
RSSI: -72 [da:20:1c:48:10:dc]
RSSI: -90 [da:1d:81:3f:14:4e]
RSSI: -85 [da:18:94:2e:16:1b]
RSSI: -71 [da:20:1c:48:10:dc]
RSSI: -90 [da:1d:81:3f:14:4e]
RSSI: -70 [da:20:1c:57:11:0c]
RSSI: -88 [da:1a:78:27:01:aa]
RSSI: -82 [da:18:94:3a:16:3b]
RSSI: -68 [da:20:1c:63:11:3c]
RSSI: -82 [da:18:94:47:16:6b]
RSSI: -90 [da:1d:81:59:14:8e]
RSSI: -67 [da:20:1c:63:11:3c]
RSSI: -82 [da:18:94:47:16:6b]
RSSI: -87 [da:1a:78:48:01:fa]
RSSI: -67 [da:20:1c:72:11:6c]
RSSI: -79 [da:18:94:54:00:0b]
RSSI: -65 [da:20:1c:72:11:6c]
RSSI: -87 [da:1a:78:54:02:2a]
RSSI: -77 [da:18:94:61:00:2b]
RSSI: -66 [da:20:1c:81:11:9c]
RSSI: -94 [da:1d:81:74:14:de]
RSSI: -77 [da:18:94:6e:00:4b]
RSSI: -64 [da:20:1c:8e:11:bc]
RSSI: -77 [da:18:94:6e:00:4b]
RSSI: -93 [da:1d:81:81:14:fe]
RSSI: -65 [da:20:1c:8e:11:bc]
RSSI: -77 [da:18:94:7b:00:7b]
RSSI: -66 [da:20:1c:9c:11:ec]
RSSI: -64 [da:20:1c:9c:11:ec]
RSSI: -74 [da:18:94:87:00:9b]
RSSI: -86 [da:1a:78:81:02:aa]
RSSI: -65 [da:20:1c:ab:12:1c]
RSSI: -84 [da:1a:78:81:02:aa]
RSSI: -75 [da:18:94:94:00:bb]
RSSI: -75 [da:18:94:94:00:bb]
RSSI: -65 [da:20:1c:b8:12:4c]
RSSI: -76 [da:18:94:a1:00:eb]
RSSI: -65 [da:20:1c:c7:12:7c]
RSSI: -67 [da:20:1c:c7:12:7c]
RSSI: -73 [da:18:94:ae:01:0b]
RSSI: -68 [da:20:1c:d6:12:ac]
RSSI: -75 [da:18:94:bb:01:2b]
RSSI: -68 [da:20:1c:d6:12:ac]
RSSI: -71 [da:20:1c:e2:12:cc]
RSSI: -76 [da:18:94:c8:01:5b]
RSSI: -72 [da:18:94:d4:01:7b]
RSSI: -74 [da:18:94:e1:01:9b]
RSSI: -75 [da:18:94:ee:01:cb]
RSSI: -72 [da:18:94:fb:01:eb]
RSSI: -84 [da:20:1d:1b:13:8c]
RSSI: -87 [da:20:1d:1b:13:8c]
RSSI: -86 [da:20:1d:1b:13:8c]
RSSI: -74 [da:18:95:08:02:0b]
RSSI: -81 [da:20:1d:2a:13:bc]
RSSI: -90 [da:1a:79:04:04:1a]
RSSI: -87 [da:1a:79:04:04:1a]
RSSI: -76 [da:20:1d:2a:13:bc]
RSSI: -75 [da:18:95:15:02:3b]
RSSI: -85 [da:1a:79:11:04:3a]
RSSI: -77 [da:20:1d:37:13:dc]
RSSI: -86 [da:1a:79:11:04:3a]
RSSI: -76 [da:20:1d:37:13:dc]
RSSI: -74 [da:18:95:21:02:5b]
RSSI: -77 [da:20:1d:46:14:0c]
RSSI: -75 [da:18:95:2e:02:8b]
RSSI: -75 [da:20:1d:46:14:0c]
RSSI: -73 [da:20:1d:55:14:3c]
RSSI: -87 [da:1a:79:2e:04:8a]
RSSI: -74 [da:20:1d:55:14:3c]
RSSI: -77 [da:20:1d:55:14:3c]
RSSI: -76 [da:18:95:3b:02:ab]
RSSI: -86 [da:1a:79:3e:04:ba]
RSSI: -76 [da:20:1d:61:14:6c]
RSSI: -88 [da:1a:79:3e:04:ba]
RSSI: -77 [da:20:1d:61:14:6c]
RSSI: -76 [da:18:95:48:02:cb]
RSSI: -87 [da:1a:79:4b:04:ea]
RSSI: -80 [da:20:1d:70:14:8c]
RSSI: -78 [da:18:95:55:02:fb]
RSSI: -80 [da:20:1d:70:14:8c]
RSSI: -85 [da:1a:79:57:05:0a]
RSSI: -84 [da:20:1d:7f:14:bc]
RSSI: -80 [da:18:95:62:03:1b]
RSSI: -89 [da:1a:79:64:05:2a]
RSSI: -88 [da:1a:79:64:05:2a]
RSSI: -81 [da:20:1d:8c:14:ec]
RSSI: -80 [da:18:95:6e:03:3b]
RSSI: -81 [da:20:1d:8c:14:ec]
RSSI: -85 [da:1a:79:71:05:4a]
RSSI: -82 [da:1a:79:7d:05:7a]
RSSI: -83 [da:1a:79:7d:05:7a]
RSSI: -83 [da:1a:79:8a:05:9a]
RSSI: -85 [da:18:95:95:03:ab]
RSSI: -86 [da:18:95:a2:03:db]
RSSI: -79 [da:1a:79:a3:05:da]
RSSI: -79 [da:20:1d:c5:15:9c]
RSSI: -80 [da:1a:79:a3:05:da]
RSSI: -86 [da:18:95:af:03:fb]
RSSI: -84 [da:18:95:af:03:fb]
RSSI: -80 [da:20:1d:d4:15:cc]
RSSI: -79 [da:1a:79:b0:06:0a]
RSSI: -83 [da:18:95:bc:04:2b]
RSSI: -83 [da:20:1d:e1:15:fc]
RSSI: -80 [da:1a:79:bd:06:2a]
RSSI: -82 [da:20:1d:e1:15:fc]
RSSI: -79 [da:1a:79:bd:06:2a]
RSSI: -85 [da:18:95:c9:04:4b]
RSSI: -81 [da:20:1d:e1:15:fc]
RSSI: -80 [da:1a:79:ca:06:4a]
RSSI: -80 [da:1a:79:ca:06:4a]
RSSI: -85 [da:18:95:d6:04:6b]
RSSI: -82 [da:20:1d:ef:16:2c]
RSSI: -84 [da:18:95:d6:04:6b]
RSSI: -80 [da:1a:79:d6:06:7a]
RSSI: -80 [da:20:1d:fe:16:5c]
RSSI: -92 [da:1d:82:f2:02:de]
RSSI: -80 [da:1a:79:e3:06:9a]
RSSI: -80 [da:1a:79:e3:06:9a]
RSSI: -80 [da:20:1e:0b:16:7c]
RSSI: -87 [da:18:95:ef:04:bb]
RSSI: -81 [da:1a:79:f0:06:ba]
RSSI: -86 [da:18:95:fc:04:eb]
RSSI: -83 [da:20:1e:1a:00:0c]
RSSI: -92 [da:18:95:fc:04:eb]
RSSI: -79 [da:1a:79:fc:06:ea]
RSSI: -80 [da:20:1e:1a:00:0c]
RSSI: -79 [da:20:1e:29:00:2c]
RSSI: -78 [da:1a:7a:09:07:0a]
RSSI: -85 [da:20:1e:29:00:2c]
RSSI: -77 [da:1a:7a:09:07:0a]
RSSI: -87 [da:18:96:16:05:2b]
RSSI: -81 [da:20:1e:35:00:5c]
RSSI: -90 [da:18:96:23:05:5b]
RSSI: -87 [da:18:96:23:05:5b]
RSSI: -75 [da:1a:7a:23:07:4a]
RSSI: -73 [da:1a:7a:2f:07:7a]
RSSI: -85 [da:20:1e:53:00:bc]
RSSI: -80 [da:20:1e:60:00:dc]
RSSI: -73 [da:1a:7a:3c:07:9a]
RSSI: -86 [da:20:1e:60:00:dc]
RSSI: -87 [da:18:96:4a:05:cb]
RSSI: -87 [da:20:1e:6f:01:0c]
RSSI: -83 [da:20:1e:6f:01:0c]
RSSI: -88 [da:20:1e:7e:01:3c]
RSSI: -69 [da:1a:7a:55:07:ea]
RSSI: -89 [da:18:96:63:06:1b]
RSSI: -69 [da:1a:7a:62:08:0a]
RSSI: -89 [da:1d:83:77:04:5e]
RSSI: -90 [da:18:96:70:06:3b]
RSSI: -88 [da:20:1e:8a:01:6c]
RSSI: -68 [da:1a:7a:6f:08:2a]
RSSI: -92 [da:18:96:70:06:3b]
RSSI: -88 [da:1d:83:83:04:7e]
RSSI: -84 [da:20:1e:99:01:9c]
RSSI: -87 [da:1d:83:91:04:ae]
RSSI: -67 [da:1a:7a:7c:08:4a]
RSSI: -92 [da:18:96:8a:06:8b]
RSSI: -87 [da:1d:83:91:04:ae]
RSSI: -84 [da:20:1e:a8:01:cc]
RSSI: -87 [da:1d:83:9e:04:ce]
RSSI: -68 [da:1a:7a:88:08:7a]
RSSI: -87 [da:1d:83:9e:04:ce]
RSSI: -86 [da:20:1e:b5:01:ec]
RSSI: -88 [da:18:96:97:06:ab]
RSSI: -68 [da:1a:7a:95:08:9a]
RSSI: -87 [da:20:1e:b5:01:ec]
RSSI: -87 [da:1d:83:b9:05:1e]
RSSI: -89 [da:18:96:a4:06:db]
RSSI: -67 [da:1a:7a:a2:08:ba]
RSSI: -88 [da:1d:83:b9:05:1e]
RSSI: -89 [da:18:96:b1:06:fb]
RSSI: -67 [da:1a:7a:ae:08:da]
RSSI: -88 [da:1d:83:c6:05:4e]
RSSI: -88 [da:1d:83:c6:05:4e]
RSSI: -91 [da:18:96:be:07:2b]
RSSI: -68 [da:1a:7a:bb:09:0a]
RSSI: -67 [da:1a:7a:bb:09:0a]
RSSI: -91 [da:18:96:ca:07:4b]
RSSI: -67 [da:1a:7a:c8:09:2a]
RSSI: -91 [da:18:96:d8:07:6b]
RSSI: -89 [da:1d:83:e0:05:8e]
RSSI: -67 [da:1a:7a:d5:09:4a]
RSSI: -89 [da:20:1e:fd:02:dc]
RSSI: -90 [da:1d:83:ee:05:be]
RSSI: -93 [da:18:96:e5:07:9b]
RSSI: -67 [da:1a:7a:e1:09:6a]
RSSI: -68 [da:1a:7a:e1:09:6a]
RSSI: -68 [da:1a:7a:e1:09:6a]
RSSI: -90 [da:1d:83:fb:05:de]
RSSI: -85 [da:20:1f:0a:02:fc]
RSSI: -88 [da:18:96:f1:07:bb]
RSSI: -68 [da:1a:7a:ee:09:9a]
RSSI: -89 [da:20:1f:19:03:2c]
RSSI: -90 [da:1d:84:08:06:0e]
RSSI: -69 [da:1a:7a:fb:09:ba]
RSSI: -90 [da:18:97:0b:08:0b]
RSSI: -91 [da:20:1f:28:03:5c]
RSSI: -91 [da:1d:84:16:06:2e]
RSSI: -70 [da:1a:7b:08:09:da]
RSSI: -87 [da:20:1f:28:03:5c]
RSSI: -71 [da:1a:7b:08:09:da]
RSSI: -89 [da:1d:84:22:06:4e]
RSSI: -92 [da:18:97:18:08:2b]
RSSI: -84 [da:20:1f:35:03:8c]
RSSI: -71 [da:1a:7b:14:0a:0a]
RSSI: -92 [da:18:97:18:08:2b]
RSSI: -74 [da:1a:7b:21:0a:2a]
RSSI: -73 [da:1a:7b:2e:0a:4a]
RSSI: -75 [da:1a:7b:2e:0a:4a]
RSSI: -89 [da:18:97:3f:08:9b]
RSSI: -89 [da:1d:84:4a:06:be]
RSSI: -76 [da:1a:7b:3b:0a:7a]
RSSI: -89 [da:1d:84:58:06:ee]
RSSI: -83 [da:1a:7b:47:0a:9a]
RSSI: -89 [da:18:97:4c:08:cb]
RSSI: -91 [da:20:1f:6e:04:3c]
RSSI: -89 [da:1d:84:65:07:0e]
RSSI: -79 [da:1a:7b:54:0a:ba]
RSSI: -82 [da:1a:7b:54:0a:ba]
RSSI: -90 [da:1d:84:72:07:2e]
RSSI: -80 [da:1a:7b:61:0a:da]
RSSI: -90 [da:1d:84:72:07:2e]
RSSI: -91 [da:18:97:73:09:3b]
RSSI: -83 [da:1a:7b:6e:0b:0a]
RSSI: -90 [da:1d:84:7f:07:5e]
RSSI: -80 [da:1a:7b:7a:0b:2a]
RSSI: -82 [da:1a:7b:7a:0b:2a]
RSSI: -79 [da:1a:7b:87:0b:4a]
RSSI: -93 [da:20:1f:b4:05:1c]
RSSI: -90 [da:18:97:99:09:ab]
RSSI: -92 [da:18:97:99:09:ab]
RSSI: -81 [da:1a:7b:94:0b:7a]
RSSI: -90 [da:20:1f:b4:05:1c]
RSSI: -81 [da:1a:7b:94:0b:7a]
RSSI: -90 [da:18:97:a7:09:db]
RSSI: -80 [da:1a:7b:a1:0b:9a]
RSSI: -91 [da:18:97:a7:09:db]
RSSI: -81 [da:1a:7b:a1:0b:9a]
RSSI: -91 [da:20:1f:c3:05:4c]
RSSI: -81 [da:1a:7b:ae:0b:ba]
RSSI: -89 [da:18:97:c0:0a:2b]
RSSI: -83 [da:1a:7b:c7:0c:0a]
RSSI: -87 [da:20:1f:ee:05:dc]
RSSI: -86 [da:1a:7b:c7:0c:0a]
RSSI: -86 [da:20:1f:ee:05:dc]
RSSI: -90 [da:20:1f:fd:06:0c]
RSSI: -82 [da:1a:7b:d4:0c:2a]
RSSI: -92 [da:18:97:da:0a:7b]
RSSI: -85 [da:20:1f:fd:06:0c]
RSSI: -83 [da:1a:7b:e0:0c:4a]
RSSI: -93 [da:1d:84:f7:08:be]
RSSI: -89 [da:18:97:e7:0a:9b]
RSSI: -82 [da:1a:7b:e0:0c:4a]
RSSI: -90 [da:20:20:0a:06:2c]
RSSI: -81 [da:1a:7b:ed:0c:6a]
RSSI: -90 [da:18:97:f4:0a:bb]
RSSI: -83 [da:1a:7b:ed:0c:6a]
RSSI: -90 [da:1d:85:05:08:de]
RSSI: -82 [da:20:20:19:06:5c]
RSSI: -82 [da:20:20:19:06:5c]
RSSI: -88 [da:20:20:19:06:5c]
RSSI: -82 [da:1a:7b:fa:0c:9a]
RSSI: -81 [da:20:20:28:06:8c]
RSSI: -84 [da:1a:7c:07:0c:ba]
RSSI: -84 [da:1a:7c:07:0c:ba]
RSSI: -84 [da:1a:7c:07:0c:ba]
RSSI: -89 [da:20:20:34:06:bc]
RSSI: -92 [da:1d:85:1f:09:2e]
RSSI: -82 [da:20:20:34:06:bc]
RSSI: -93 [da:1d:85:2c:09:5e]
RSSI: -87 [da:1a:7c:14:0c:da]
RSSI: -90 [da:1a:7c:21:0d:0a]
RSSI: -90 [da:20:20:43:06:ec]
RSSI: -95 [da:1d:85:39:09:7e]
RSSI: -85 [da:1a:7c:2d:0d:2a]
RSSI: -88 [da:1a:7c:2d:0d:2a]
RSSI: -81 [da:20:20:52:07:1c]
RSSI: -88 [da:1a:7c:2d:0d:2a]
RSSI: -88 [da:1a:7c:3a:0d:4a]
RSSI: -92 [da:18:98:42:0b:ab]
RSSI: -84 [da:1a:7c:3a:0d:4a]
RSSI: -91 [da:1d:85:61:09:ee]
RSSI: -83 [da:20:20:7d:07:9c]
RSSI: -94 [da:1a:7c:54:0d:9a]
RSSI: -84 [da:20:20:8a:07:cc]
RSSI: -90 [da:1a:7c:6d:0d:ea]
RSSI: -91 [da:1d:85:89:0a:5e]
RSSI: -88 [da:1d:85:96:0a:8e]
RSSI: -89 [da:1a:7c:87:0e:2a]
RSSI: -88 [da:1a:7c:94:0e:5a]
RSSI: -88 [da:20:20:b4:08:4c]
RSSI: -89 [da:1d:85:b1:0a:ce]
RSSI: -89 [da:1d:85:b1:0a:ce]
RSSI: -88 [da:1a:7c:a0:0e:7a]
RSSI: -80 [da:20:20:c3:08:7c]
RSSI: -90 [da:1a:7c:a0:0e:7a]
RSSI: -92 [da:1a:7c:ad:0e:9a]
RSSI: -94 [da:1d:85:be:0a:fe]
RSSI: -91 [da:1a:7c:ad:0e:9a]
RSSI: -90 [da:1d:85:cc:0b:2e]
RSSI: -79 [da:20:20:df:08:dc]
RSSI: -78 [da:20:20:df:08:dc]
RSSI: -89 [da:1d:85:d9:0b:4e]
RSSI: -90 [da:1d:85:d9:0b:4e]
RSSI: -77 [da:20:20:ee:09:0c]
RSSI: -79 [da:20:20:ee:09:0c]
RSSI: -85 [da:1d:85:e6:0b:6e]
RSSI: -77 [da:20:20:fd:09:3c]
RSSI: -78 [da:20:20:fd:09:3c]
RSSI: -85 [da:1d:85:f4:0b:9e]
RSSI: -89 [da:1a:7c:e1:0f:2a]
RSSI: -85 [da:1d:85:f4:0b:9e]
RSSI: -78 [da:20:21:0a:09:5c]
RSSI: -78 [da:20:21:0a:09:5c]
RSSI: -81 [da:20:21:19:09:8c]
RSSI: -87 [da:1a:7c:fa:0f:7a]
RSSI: -81 [da:1d:86:0e:0b:ee]
RSSI: -93 [da:18:99:05:0d:eb]
RSSI: -78 [da:20:21:19:09:8c]
RSSI: -90 [da:1a:7c:fa:0f:7a]
RSSI: -81 [da:1d:86:0e:0b:ee]
RSSI: -79 [da:20:21:28:09:bc]
RSSI: -80 [da:20:21:28:09:bc]
RSSI: -88 [da:1a:7d:07:0f:9a]
RSSI: -79 [da:1d:86:1c:0c:0e]
RSSI: -77 [da:20:21:35:09:ec]
RSSI: -90 [da:1a:7d:14:0f:ca]
RSSI: -90 [da:1a:7d:21:0f:ea]
RSSI: -76 [da:20:21:44:0a:1c]
RSSI: -77 [da:1d:86:36:0c:5e]
RSSI: -76 [da:1d:86:44:0c:8e]
RSSI: -79 [da:20:21:53:0a:4c]
RSSI: -75 [da:1d:86:44:0c:8e]
RSSI: -86 [da:1a:7d:3a:10:3a]
RSSI: -87 [da:1a:7d:3a:10:3a]
RSSI: -96 [da:18:99:46:0e:ab]
RSSI: -86 [da:1a:7d:47:10:5a]
RSSI: -75 [da:1d:86:5e:0c:de]
RSSI: -87 [da:1a:7d:47:10:5a]
RSSI: -74 [da:1d:86:5e:0c:de]
RSSI: -84 [da:1a:7d:54:10:7a]
RSSI: -76 [da:1d:86:6c:0c:fe]
RSSI: -81 [da:20:21:7e:0a:dc]
RSSI: -75 [da:1d:86:6c:0c:fe]
RSSI: -87 [da:1a:7d:61:10:aa]
RSSI: -72 [da:1d:86:79:0d:1e]
RSSI: -86 [da:1a:7d:61:10:aa]
RSSI: -75 [da:1d:86:79:0d:1e]
RSSI: -85 [da:1a:7d:6e:10:ca]
RSSI: -93 [da:18:99:7a:0f:4b]
RSSI: -78 [da:20:21:99:0b:2c]
RSSI: -71 [da:1d:86:86:0d:4e]
RSSI: -82 [da:20:21:99:0b:2c]
RSSI: -75 [da:1d:86:94:0d:6e]
RSSI: -92 [da:18:99:86:0f:6b]
RSSI: -79 [da:20:21:a8:0b:5c]
RSSI: -74 [da:1d:86:94:0d:6e]
RSSI: -92 [da:18:99:86:0f:6b]
RSSI: -80 [da:20:21:a8:0b:5c]
RSSI: -89 [da:1a:7d:87:11:0a]
RSSI: -88 [da:1a:7d:87:11:0a]
RSSI: -75 [da:1d:86:a1:0d:8e]
RSSI: -86 [da:1a:7d:94:11:3a]
RSSI: -83 [da:20:21:b5:0b:8c]
RSSI: -86 [da:1a:7d:94:11:3a]
RSSI: -71 [da:1d:86:ae:0d:be]
RSSI: -85 [da:20:21:c4:0b:bc]
RSSI: -86 [da:1a:7d:a1:11:5a]
RSSI: -86 [da:20:21:c4:0b:bc]
RSSI: -74 [da:1d:86:bc:0d:de]
RSSI: -86 [da:1a:7d:ae:11:7a]
RSSI: -76 [da:1d:86:c9:0e:0e]
RSSI: -88 [da:18:99:bb:10:0b]
RSSI: -86 [da:20:21:e0:0c:0c]
RSSI: -85 [da:1a:7d:bb:11:aa]
RSSI: -73 [da:1d:86:d6:0e:2e]
RSSI: -72 [da:1d:86:d6:0e:2e]
RSSI: -85 [da:1a:7d:c7:11:ca]
RSSI: -89 [da:20:21:ef:0c:3c]
RSSI: -85 [da:1a:7d:d4:11:ea]
RSSI: -90 [da:18:99:e2:10:7b]
RSSI: -79 [da:1d:86:f1:0e:7e]
RSSI: -84 [da:1a:7d:e1:12:0a]
RSSI: -78 [da:1d:86:f1:0e:7e]
RSSI: -85 [da:1a:7d:e1:12:0a]
RSSI: -75 [da:1d:86:fe:0e:9e]
RSSI: -79 [da:1d:87:0c:0e:ce]
RSSI: -79 [da:1d:87:0c:0e:ce]
RSSI: -89 [da:1a:7d:fb:12:5a]
RSSI: -82 [da:1d:87:19:0e:ee]
RSSI: -88 [da:20:22:29:0c:fc]
RSSI: -92 [da:20:22:29:0c:fc]
RSSI: -88 [da:1a:7e:08:12:7a]
RSSI: -86 [da:1d:87:27:0f:1e]
RSSI: -88 [da:1a:7e:15:12:aa]
RSSI: -92 [da:18:9a:23:11:3b]
RSSI: -86 [da:1d:87:34:0f:3e]
RSSI: -93 [da:1d:87:41:0f:5e]
RSSI: -90 [da:1a:7e:2e:12:ea]
RSSI: -83 [da:20:22:54:0d:8c]
RSSI: -87 [da:1d:87:41:0f:5e]
RSSI: -90 [da:1a:7e:2e:12:ea]
RSSI: -83 [da:20:22:60:0d:ac]
RSSI: -88 [da:1a:7e:3b:13:0a]
RSSI: -89 [da:1d:87:4f:0f:8e]
RSSI: -84 [da:20:22:60:0d:ac]
RSSI: -92 [da:18:9a:4a:11:bb]
RSSI: -80 [da:20:22:60:0d:ac]
RSSI: -84 [da:20:22:70:0d:dc]
RSSI: -91 [da:1a:7e:55:13:5a]
RSSI: -87 [da:1d:87:69:0f:de]
RSSI: -84 [da:20:22:7f:0e:0c]
RSSI: -85 [da:20:22:7f:0e:0c]
RSSI: -85 [da:1d:87:77:0f:fe]
RSSI: -89 [da:1a:7e:62:13:7a]
RSSI: -95 [da:18:9a:71:12:2b]
RSSI: -84 [da:1d:87:77:0f:fe]
RSSI: -81 [da:20:22:8b:0e:3c]
RSSI: -86 [da:1d:87:84:10:2e]
RSSI: -90 [da:1a:7e:6e:13:aa]
RSSI: -87 [da:1d:87:84:10:2e]
RSSI: -84 [da:1d:87:84:10:2e]
RSSI: -82 [da:20:22:9a:0e:6c]
RSSI: -84 [da:1d:87:91:10:4e]
RSSI: -85 [da:1d:87:91:10:4e]
RSSI: -82 [da:20:22:a9:0e:9c]
RSSI: -84 [da:1d:87:9f:10:6e]
RSSI: -89 [da:1a:7e:88:13:ea]
RSSI: -85 [da:1d:87:9f:10:6e]
RSSI: -93 [da:18:9a:98:12:9b]
RSSI: -85 [da:1d:87:9f:10:6e]
RSSI: -89 [da:20:22:b6:0e:cc]
RSSI: -90 [da:18:9a:98:12:9b]
RSSI: -86 [da:1d:87:ad:10:9e]
RSSI: -84 [da:1d:87:ad:10:9e]
RSSI: -85 [da:1d:87:b9:10:be]
RSSI: -93 [da:20:22:d4:0f:2c]
RSSI: -85 [da:1d:87:c7:10:ee]
RSSI: -86 [da:1d:87:c7:10:ee]
RSSI: -84 [da:20:22:e1:0f:4c]
RSSI: -85 [da:1d:87:d5:11:0e]
RSSI: -90 [da:1a:7e:c9:14:aa]
RSSI: -87 [da:1a:7e:d6:14:ca]
RSSI: -83 [da:20:22:ff:0f:ac]
RSSI: -82 [da:20:22:ff:0f:ac]
RSSI: -85 [da:1d:87:ef:11:5e]
RSSI: -81 [da:20:22:ff:0f:ac]
RSSI: -80 [da:20:23:0c:0f:dc]
RSSI: -85 [da:1d:87:fd:11:7e]
RSSI: -83 [da:1d:88:0a:11:9e]
RSSI: -83 [da:1d:88:0a:11:9e]
RSSI: -75 [da:20:23:1b:10:0c]
RSSI: -75 [da:20:23:1b:10:0c]
RSSI: -85 [da:1d:88:17:11:ce]
RSSI: -72 [da:20:23:2a:10:3c]
RSSI: -86 [da:1d:88:17:11:ce]
RSSI: -72 [da:20:23:2a:10:3c]
RSSI: -85 [da:1d:88:25:11:ee]
RSSI: -70 [da:20:23:37:10:6c]
RSSI: -82 [da:1d:88:32:12:1e]
RSSI: -87 [da:1a:7f:23:15:aa]
RSSI: -84 [da:1d:88:32:12:1e]
RSSI: -70 [da:20:23:46:10:9c]
RSSI: -67 [da:20:23:46:10:9c]
RSSI: -67 [da:20:23:55:10:cc]
RSSI: -83 [da:1d:88:40:12:3e]
RSSI: -68 [da:20:23:55:10:cc]
RSSI: -86 [da:1d:88:4d:12:6e]
RSSI: -90 [da:1a:7f:3d:15:ea]
RSSI: -65 [da:20:23:62:10:ec]
RSSI: -67 [da:20:23:62:10:ec]
RSSI: -88 [da:1a:7f:4a:16:1a]
RSSI: -65 [da:20:23:71:11:1c]
RSSI: -88 [da:1a:7f:56:16:3a]
RSSI: -86 [da:1d:88:68:12:ae]
RSSI: -87 [da:1a:7f:56:16:3a]
RSSI: -66 [da:20:23:80:11:4c]
RSSI: -66 [da:20:23:80:11:4c]
RSSI: -87 [da:1a:7f:63:00:2a]
RSSI: -66 [da:20:23:8d:11:7c]
RSSI: -86 [da:1a:7f:70:00:4a]
RSSI: -66 [da:20:23:8d:11:7c]
RSSI: -85 [da:1d:88:82:12:fe]
RSSI: -88 [da:1a:7f:7d:00:6a]
RSSI: -86 [da:1a:7f:7d:00:6a]
RSSI: -65 [da:20:23:ab:11:dc]
RSSI: -66 [da:20:23:b8:11:fc]
RSSI: -88 [da:1a:7f:97:00:ba]
RSSI: -87 [da:1d:88:aa:13:7e]
RSSI: -64 [da:20:23:b8:11:fc]
RSSI: -89 [da:1d:88:b8:13:9e]
RSSI: -90 [da:1a:7f:a4:00:da]
RSSI: -88 [da:1d:88:b8:13:9e]
RSSI: -90 [da:1a:7f:b1:01:0a]
RSSI: -92 [da:1d:88:c6:13:ce]
RSSI: -93 [da:1a:7f:b1:01:0a]
RSSI: -88 [da:1d:88:c6:13:ce]
RSSI: -70 [da:20:23:e3:12:7c]
RSSI: -92 [da:1a:7f:be:01:2a]
RSSI: -70 [da:20:23:e3:12:7c]
RSSI: -86 [da:18:9b:d1:16:2b]
RSSI: -72 [da:20:23:f2:12:ac]
RSSI: -88 [da:18:9b:d1:16:2b]
RSSI: -73 [da:20:23:f2:12:ac]
RSSI: -85 [da:18:9b:df:16:5b]
RSSI: -90 [da:1d:88:ee:14:3e]
RSSI: -78 [da:20:24:01:12:dc]
RSSI: -82 [da:18:9b:df:16:5b]
RSSI: -87 [da:1d:88:ee:14:3e]
RSSI: -78 [da:20:24:01:12:dc]
RSSI: -83 [da:18:9b:ec:16:7b]
RSSI: -87 [da:1d:88:fb:14:5e]
RSSI: -82 [da:18:9b:ec:16:7b]
RSSI: -82 [da:20:24:0e:13:0c]
RSSI: -91 [da:1d:88:fb:14:5e]
RSSI: -80 [da:18:9b:f9:00:2b]
RSSI: -88 [da:1d:89:09:14:8e]
RSSI: -78 [da:18:9c:06:00:4b]
RSSI: -87 [da:1a:7f:fe:01:da]
RSSI: -89 [da:1d:89:16:14:ae]
RSSI: -77 [da:18:9c:06:00:4b]
RSSI: -78 [da:18:9c:13:00:7b]
RSSI: -92 [da:1a:80:0b:02:0a]
RSSI: -77 [da:18:9c:13:00:7b]
RSSI: -94 [da:1a:80:0b:02:0a]
RSSI: -75 [da:20:24:39:13:8c]
RSSI: -79 [da:20:24:39:13:8c]
RSSI: -76 [da:18:9c:20:00:9b]
RSSI: -90 [da:1d:89:31:14:fe]
RSSI: -78 [da:20:24:48:13:cc]
RSSI: -73 [da:18:9c:2d:00:cb]
RSSI: -74 [da:20:24:48:13:cc]
RSSI: -88 [da:1a:80:32:02:7a]
RSSI: -90 [da:1d:89:3f:15:1e]
RSSI: -77 [da:20:24:57:13:fc]
RSSI: -76 [da:18:9c:3b:00:eb]
RSSI: -88 [da:1a:80:32:02:7a]
RSSI: -78 [da:20:24:57:13:fc]
RSSI: -76 [da:18:9c:3b:00:eb]
RSSI: -88 [da:1d:89:4b:15:3e]
RSSI: -91 [da:1a:80:3f:02:9a]
RSSI: -78 [da:20:24:64:14:1c]
RSSI: -76 [da:18:9c:47:01:0b]
RSSI: -78 [da:20:24:64:14:1c]
RSSI: -77 [da:20:24:73:14:4c]
RSSI: -80 [da:20:24:73:14:4c]
RSSI: -85 [da:20:24:82:14:7c]
RSSI: -81 [da:20:24:82:14:7c]
RSSI: -75 [da:18:9c:6f:01:8b]
RSSI: -82 [da:20:24:8f:14:ac]
RSSI: -75 [da:18:9c:6f:01:8b]
RSSI: -87 [da:20:24:8f:14:ac]
RSSI: -74 [da:18:9c:7c:01:ab]
RSSI: -74 [da:18:9c:7c:01:ab]
RSSI: -82 [da:20:24:9e:14:dc]
RSSI: -84 [da:20:24:9e:14:dc]
RSSI: -75 [da:18:9c:89:01:db]
RSSI: -76 [da:18:9c:96:01:fb]
RSSI: -94 [da:1d:89:aa:16:5e]
RSSI: -90 [da:1a:80:9a:03:9a]
RSSI: -75 [da:18:9c:a9:02:2b]
RSSI: -92 [da:1a:80:a7:03:ba]
RSSI: -79 [da:20:24:c9:15:5c]
RSSI: -76 [da:18:9c:a9:02:2b]
RSSI: -87 [da:1a:80:a7:03:ba]
RSSI: -81 [da:20:24:c9:15:5c]
RSSI: -74 [da:18:9c:b9:02:5b]
RSSI: -88 [da:1a:80:b3:03:da]
RSSI: -80 [da:20:24:d9:15:8c]
RSSI: -77 [da:18:9c:b9:02:5b]
RSSI: -77 [da:18:9c:c5:02:8b]
RSSI: -88 [da:1a:80:c1:03:fa]
RSSI: -82 [da:20:24:e5:15:bc]
RSSI: -75 [da:18:9c:c5:02:8b]
RSSI: -87 [da:1a:80:c1:03:fa]
RSSI: -81 [da:20:24:e5:15:bc]
RSSI: -77 [da:18:9c:d3:02:ab]
RSSI: -78 [da:18:9c:d3:02:ab]
RSSI: -80 [da:20:24:f5:15:ec]
RSSI: -95 [da:1d:89:ed:00:ce]
RSSI: -81 [da:20:25:04:16:1c]
RSSI: -84 [da:1a:80:da:04:4a]
RSSI: -79 [da:20:25:04:16:1c]
RSSI: -79 [da:18:9c:ed:02:fb]
RSSI: -86 [da:1a:80:e8:04:6a]
RSSI: -80 [da:20:25:10:16:3c]
RSSI: -81 [da:18:9c:fa:03:1b]
RSSI: -80 [da:18:9c:fa:03:1b]
RSSI: -81 [da:18:9c:fa:03:1b]
RSSI: -78 [da:20:25:20:16:6c]
RSSI: -81 [da:20:25:20:16:6c]
RSSI: -83 [da:18:9d:08:03:4b]
RSSI: -79 [da:20:25:2f:00:3c]
RSSI: -80 [da:20:25:2f:00:3c]
RSSI: -83 [da:20:25:3c:00:5c]
RSSI: -85 [da:1a:81:1b:04:fa]
RSSI: -86 [da:18:9d:22:03:9b]
RSSI: -85 [da:1a:81:1b:04:fa]
RSSI: -86 [da:18:9d:2f:03:bb]
RSSI: -82 [da:20:25:4b:00:8c]
RSSI: -85 [da:1a:81:28:05:2a]
RSSI: -87 [da:18:9d:2f:03:bb]
RSSI: -79 [da:20:25:4b:00:8c]
RSSI: -84 [da:1a:81:35:05:4a]
RSSI: -76 [da:20:25:5a:00:bc]
RSSI: -86 [da:18:9d:3c:03:db]
RSSI: -83 [da:1a:81:42:05:6a]
RSSI: -80 [da:20:25:67:00:ec]
RSSI: -85 [da:18:9d:49:04:0b]
RSSI: -91 [da:1d:8a:59:01:fe]
RSSI: -82 [da:1a:81:4f:05:8a]
RSSI: -87 [da:18:9d:56:04:2b]
RSSI: -85 [da:20:25:76:01:1c]
RSSI: -86 [da:18:9d:56:04:2b]
RSSI: -82 [da:20:25:76:01:1c]
RSSI: -82 [da:18:9d:63:04:5b]
RSSI: -80 [da:1a:81:5c:05:ba]
RSSI: -85 [da:18:9d:63:04:5b]
RSSI: -87 [da:20:25:85:01:4c]
RSSI: -87 [da:18:9d:71:04:7b]
RSSI: -80 [da:1a:81:69:05:da]
RSSI: -78 [da:20:25:92:01:6c]
RSSI: -93 [da:1d:8a:82:02:6e]
RSSI: -78 [da:20:25:92:01:6c]
RSSI: -88 [da:20:25:92:01:6c]
RSSI: -79 [da:1a:81:76:05:fa]
RSSI: -78 [da:1a:81:76:05:fa]
RSSI: -79 [da:1a:81:83:06:2a]
RSSI: -78 [da:20:25:a1:01:9c]
RSSI: -79 [da:1a:81:83:06:2a]
RSSI: -86 [da:20:25:b0:01:cc]
RSSI: -82 [da:20:25:b0:01:cc]
RSSI: -88 [da:18:9d:98:04:fb]
RSSI: -92 [da:1d:8a:aa:02:ee]
RSSI: -93 [da:18:9d:a5:05:1b]
RSSI: -79 [da:1a:81:9d:06:6a]
RSSI: -80 [da:1a:81:aa:06:9a]
RSSI: -86 [da:20:25:cc:02:2c]
RSSI: -90 [da:18:9d:b2:05:3b]
RSSI: -79 [da:1a:81:aa:06:9a]
RSSI: -92 [da:20:25:cc:02:2c]
RSSI: -91 [da:18:9d:b2:05:3b]
RSSI: -89 [da:20:25:dc:02:5c]
RSSI: -79 [da:1a:81:b7:06:ba]
RSSI: -89 [da:18:9d:cd:05:8b]
RSSI: -78 [da:1a:81:d1:07:0a]
RSSI: -92 [da:20:25:f8:02:bc]
RSSI: -75 [da:1a:81:d1:07:0a]
RSSI: -74 [da:1a:81:de:07:2a]
RSSI: -75 [da:1a:81:de:07:2a]
RSSI: -76 [da:1a:81:de:07:2a]
RSSI: -87 [da:20:26:07:02:dc]
RSSI: -73 [da:1a:81:eb:07:4a]
RSSI: -72 [da:1a:81:eb:07:4a]
RSSI: -72 [da:1a:81:f8:07:7a]
RSSI: -71 [da:1a:81:f8:07:7a]
RSSI: -87 [da:18:9e:01:06:2b]
RSSI: -71 [da:1a:82:05:07:9a]
RSSI: -70 [da:1a:82:05:07:9a]
RSSI: -88 [da:1d:8b:24:04:3e]
RSSI: -69 [da:1a:82:12:07:ba]
RSSI: -89 [da:20:26:32:03:6c]
RSSI: -87 [da:1d:8b:24:04:3e]
RSSI: -70 [da:1a:82:12:07:ba]
RSSI: -90 [da:18:9e:1c:06:7b]
RSSI: -69 [da:1a:82:12:07:ba]
RSSI: -69 [da:1a:82:1f:07:ea]
RSSI: -69 [da:1a:82:1f:07:ea]
RSSI: -69 [da:1a:82:2c:08:0a]
RSSI: -89 [da:20:26:4e:03:bc]
RSSI: -86 [da:1d:8b:3e:04:8e]
RSSI: -69 [da:1a:82:2c:08:0a]
RSSI: -93 [da:20:26:4e:03:bc]
RSSI: -87 [da:1d:8b:4c:04:be]
RSSI: -69 [da:1a:82:39:08:2a]
RSSI: -87 [da:1d:8b:4c:04:be]
RSSI: -87 [da:1d:8b:59:04:de]
RSSI: -67 [da:1a:82:46:08:5a]
RSSI: -88 [da:18:9e:50:07:0b]
RSSI: -68 [da:1a:82:46:08:5a]
RSSI: -90 [da:18:9e:50:07:0b]
RSSI: -67 [da:1a:82:53:08:7a]
RSSI: -88 [da:1d:8b:67:05:0e]
RSSI: -90 [da:20:26:79:04:4c]
RSSI: -68 [da:1a:82:53:08:7a]
RSSI: -89 [da:1d:8b:67:05:0e]
RSSI: -91 [da:18:9e:5e:07:3b]
RSSI: -67 [da:1a:82:60:08:9a]
RSSI: -90 [da:20:26:89:04:7c]
RSSI: -68 [da:1a:82:60:08:9a]
RSSI: -90 [da:20:26:89:04:7c]
RSSI: -93 [da:18:9e:78:07:8b]
RSSI: -68 [da:1a:82:6d:08:ca]
RSSI: -89 [da:1d:8b:81:05:5e]
RSSI: -92 [da:18:9e:78:07:8b]
RSSI: -89 [da:20:26:95:04:9c]
RSSI: -68 [da:1a:82:7a:08:ea]
RSSI: -93 [da:1d:8b:8f:05:7e]
RSSI: -68 [da:1a:82:7a:08:ea]
RSSI: -69 [da:1a:82:87:09:0a]
RSSI: -69 [da:1a:82:87:09:0a]
RSSI: -89 [da:1d:8b:aa:05:ce]
RSSI: -89 [da:1d:8b:aa:05:ce]
RSSI: -69 [da:1a:82:a1:09:5a]
RSSI: -89 [da:1d:8b:b8:05:ee]
RSSI: -90 [da:1d:8b:b8:05:ee]
RSSI: -70 [da:1a:82:ae:09:7a]
RSSI: -70 [da:1a:82:ae:09:7a]
RSSI: -90 [da:1d:8b:c6:06:1e]
RSSI: -71 [da:1a:82:ae:09:7a]
RSSI: -88 [da:1d:8b:c6:06:1e]
RSSI: -90 [da:18:9e:ba:08:4b]
RSSI: -71 [da:1a:82:bb:09:9a]
RSSI: -89 [da:1d:8b:d2:06:3e]
RSSI: -85 [da:20:26:ec:05:bc]
RSSI: -72 [da:1a:82:c8:09:ca]
RSSI: -74 [da:1a:82:d5:09:ea]
RSSI: -86 [da:20:26:fb:05:ec]
RSSI: -81 [da:20:26:fb:05:ec]
RSSI: -75 [da:1a:82:e2:0a:0a]
RSSI: -88 [da:20:27:0b:06:1c]
RSSI: -75 [da:1a:82:e2:0a:0a]
RSSI: -87 [da:1d:8b:fb:06:ae]
RSSI: -80 [da:1a:82:ef:0a:3a]
RSSI: -91 [da:18:9e:fc:09:0b]
RSSI: -82 [da:1a:82:fc:0a:5a]
RSSI: -80 [da:20:27:27:06:6c]
RSSI: -81 [da:1a:83:09:0a:8a]
RSSI: -80 [da:20:27:36:06:9c]
RSSI: -82 [da:1a:83:17:0a:aa]
RSSI: -81 [da:1a:83:23:0a:ca]
RSSI: -79 [da:1a:83:31:0a:fa]
RSSI: -88 [da:20:27:52:06:fc]
RSSI: -79 [da:1a:83:31:0a:fa]
RSSI: -93 [da:1d:8c:4c:07:9e]
RSSI: -80 [da:20:27:61:07:2c]
RSSI: -94 [da:20:27:61:07:2c]
RSSI: -80 [da:1a:83:4a:0b:3a]
RSSI: -89 [da:20:27:6e:07:4c]
RSSI: -79 [da:1a:83:4a:0b:3a]
RSSI: -82 [da:20:27:6e:07:4c]
RSSI: -90 [da:18:9f:59:0a:2b]
RSSI: -80 [da:1a:83:58:0b:6a]
RSSI: -86 [da:20:27:7e:07:8c]
RSSI: -89 [da:18:9f:65:0a:4b]
RSSI: -83 [da:1a:83:65:0b:8a]
RSSI: -84 [da:1a:83:71:0b:aa]
RSSI: -85 [da:1a:83:71:0b:aa]
RSSI: -81 [da:20:27:99:07:dc]
RSSI: -84 [da:1a:83:7f:0b:da]
RSSI: -85 [da:1a:83:7f:0b:da]
RSSI: -80 [da:20:27:a9:08:0c]
RSSI: -84 [da:1a:83:8c:0b:fa]
RSSI: -80 [da:20:27:a9:08:0c]
RSSI: -83 [da:1a:83:8c:0b:fa]
RSSI: -94 [da:1d:8c:ab:08:ae]
RSSI: -83 [da:1a:83:99:0c:1a]
RSSI: -84 [da:1a:83:99:0c:1a]
RSSI: -90 [da:1d:8c:b9:08:de]
RSSI: -86 [da:1a:83:c0:0c:9a]
RSSI: -82 [da:20:27:e4:08:cc]
RSSI: -88 [da:1a:83:cd:0c:ba]
RSSI: -80 [da:20:27:f0:08:fc]
RSSI: -90 [da:1a:83:da:0c:da]
RSSI: -83 [da:20:28:00:09:2c]
RSSI: -80 [da:20:28:00:09:2c]
RSSI: -82 [da:20:28:0f:09:5c]
RSSI: -83 [da:20:28:0f:09:5c]
RSSI: -85 [da:1a:83:f4:0d:2a]
RSSI: -82 [da:20:28:1c:09:7c]
RSSI: -81 [da:20:28:1c:09:7c]
RSSI: -81 [da:20:28:1c:09:7c]
RSSI: -87 [da:1a:84:02:0d:4a]
RSSI: -81 [da:20:28:2b:09:bc]
RSSI: -80 [da:20:28:3a:09:ec]
RSSI: -92 [da:1d:8d:25:0a:0e]
RSSI: -80 [da:20:28:3a:09:ec]
RSSI: -80 [da:20:28:47:0a:0c]
RSSI: -79 [da:20:28:47:0a:0c]
RSSI: -78 [da:20:28:57:0a:3c]
RSSI: -77 [da:20:28:66:0a:6c]
RSSI: -77 [da:20:28:66:0a:6c]
RSSI: -90 [da:1a:84:50:0e:2a]
RSSI: -85 [da:20:28:73:0a:9c]
RSSI: -79 [da:20:28:73:0a:9c]
RSSI: -89 [da:20:28:82:0a:cc]
RSSI: -90 [da:1d:8d:77:0a:fe]
RSSI: -89 [da:1d:8d:77:0a:fe]
RSSI: -80 [da:20:28:91:0a:fc]
RSSI: -81 [da:20:28:91:0a:fc]
RSSI: -89 [da:1d:8d:85:0b:2e]
RSSI: -88 [da:1d:8d:91:0b:4e]
RSSI: -79 [da:20:28:9e:0b:2c]
RSSI: -84 [da:20:28:ae:0b:5c]
RSSI: -86 [da:1d:8d:9f:0b:7e]
RSSI: -80 [da:20:28:ae:0b:5c]
RSSI: -86 [da:1d:8d:9f:0b:7e]
RSSI: -81 [da:20:28:ae:0b:5c]
RSSI: -89 [da:1a:84:91:0e:ea]
RSSI: -80 [da:20:28:bd:0b:8c]
RSSI: -84 [da:20:28:bd:0b:8c]
RSSI: -82 [da:1d:8d:ad:0b:9e]
RSSI: -85 [da:1a:84:9e:0f:0a]
RSSI: -84 [da:20:28:ca:0b:bc]
RSSI: -86 [da:1a:84:ab:0f:3a]
RSSI: -87 [da:1a:84:ab:0f:3a]
RSSI: -82 [da:1d:8d:bf:0b:de]
RSSI: -89 [da:20:28:d9:0b:ec]
RSSI: -86 [da:1a:84:b9:0f:5a]
RSSI: -89 [da:20:28:d9:0b:ec]
RSSI: -85 [da:1d:8d:d0:0b:fe]
RSSI: -85 [da:20:28:e8:0c:1c]
RSSI: -81 [da:1d:8d:de:0c:2e]
RSSI: -84 [da:20:28:f5:0c:3c]
RSSI: -80 [da:1d:8d:ea:0c:4e]
RSSI: -89 [da:1a:84:d2:0f:aa]
RSSI: -81 [da:1d:8d:ea:0c:4e]
RSSI: -88 [da:1a:84:e0:0f:ca]
RSSI: -85 [da:1a:84:ed:0f:ea]
RSSI: -79 [da:1d:8d:f8:0c:7e]
RSSI: -77 [da:1d:8e:06:0c:9e]
RSSI: -83 [da:1a:84:fa:10:1a]
RSSI: -77 [da:1d:8e:13:0c:ce]
RSSI: -83 [da:1a:85:07:10:3a]
RSSI: -90 [da:20:29:26:0c:dc]
RSSI: -77 [da:1d:8e:21:0c:ee]
RSSI: -84 [da:1a:85:14:10:5a]
RSSI: -90 [da:20:29:36:0d:0c]
RSSI: -85 [da:1a:85:14:10:5a]
RSSI: -75 [da:1d:8e:2f:0d:1e]
RSSI: -88 [da:20:29:45:0d:3c]
RSSI: -77 [da:1d:8e:3c:0d:3e]
RSSI: -86 [da:20:29:52:0d:6c]
RSSI: -86 [da:1a:85:2e:10:aa]
RSSI: -89 [da:20:29:52:0d:6c]
RSSI: -77 [da:1d:8e:4a:0d:6e]
RSSI: -86 [da:1a:85:3c:10:ca]
RSSI: -77 [da:1d:8e:4a:0d:6e]
RSSI: -88 [da:20:29:62:0d:9c]
RSSI: -86 [da:1a:85:3c:10:ca]
RSSI: -77 [da:1d:8e:58:0d:8e]
RSSI: -84 [da:20:29:62:0d:9c]
RSSI: -87 [da:20:29:71:0d:cc]
RSSI: -85 [da:1a:85:48:10:ea]
RSSI: -80 [da:1d:8e:65:0d:be]
RSSI: -77 [da:1d:8e:65:0d:be]
RSSI: -85 [da:1a:85:56:11:1a]
RSSI: -88 [da:20:29:7e:0d:ec]
RSSI: -80 [da:1d:8e:73:0d:de]
RSSI: -87 [da:20:29:7e:0d:ec]
RSSI: -87 [da:20:29:7e:0d:ec]
RSSI: -80 [da:1d:8e:73:0d:de]
RSSI: -81 [da:20:29:8d:0e:2c]
RSSI: -76 [da:1d:8e:81:0e:0e]
RSSI: -85 [da:1a:85:70:11:5a]
RSSI: -86 [da:20:29:8d:0e:2c]
RSSI: -80 [da:1d:8e:81:0e:0e]
RSSI: -85 [da:1a:85:70:11:5a]
RSSI: -86 [da:20:29:9d:0e:5c]
RSSI: -78 [da:1d:8e:8d:0e:2e]
RSSI: -82 [da:20:29:a9:0e:7c]
RSSI: -81 [da:1d:8e:9c:0e:5e]
RSSI: -86 [da:1a:85:8a:11:aa]
RSSI: -82 [da:20:29:a9:0e:7c]
RSSI: -81 [da:1d:8e:aa:0e:7e]
RSSI: -83 [da:20:29:b9:0e:ac]
RSSI: -83 [da:1d:8e:b6:0e:ae]
RSSI: -80 [da:20:29:c8:0e:dc]
RSSI: -89 [da:1a:85:a4:11:fa]
RSSI: -84 [da:1d:8e:b6:0e:ae]
RSSI: -83 [da:1d:8e:b6:0e:ae]
RSSI: -81 [da:20:29:c8:0e:dc]
RSSI: -83 [da:1a:85:a4:11:fa]
RSSI: -81 [da:20:29:d5:0f:0c]
RSSI: -85 [da:20:29:d5:0f:0c]
RSSI: -85 [da:1d:8e:d3:0e:fe]
RSSI: -84 [da:20:29:e4:0f:3c]
RSSI: -89 [da:1a:85:be:12:4a]
RSSI: -91 [da:1d:8e:df:0f:1e]
RSSI: -90 [da:20:29:f4:0f:6c]
RSSI: -89 [da:1a:85:d1:12:7a]
RSSI: -88 [da:1d:8e:ed:0f:4e]
RSSI: -81 [da:20:2a:10:0f:cc]
RSSI: -84 [da:1d:8f:08:0f:9e]
RSSI: -80 [da:20:2a:1f:0f:fc]
RSSI: -79 [da:20:2a:1f:0f:fc]
RSSI: -79 [da:20:2a:1f:0f:fc]
RSSI: -92 [da:18:a2:0a:12:2b]
RSSI: -77 [da:20:2a:2c:10:1c]
RSSI: -93 [da:18:a2:17:12:4b]
RSSI: -76 [da:20:2a:2c:10:1c]
RSSI: -91 [da:1a:86:15:13:3a]
RSSI: -76 [da:20:2a:3c:10:5c]
RSSI: -83 [da:1d:8f:31:10:0e]
RSSI: -90 [da:18:a2:25:12:7b]
RSSI: -75 [da:20:2a:4b:10:8c]
RSSI: -75 [da:20:2a:4b:10:8c]
RSSI: -87 [da:1d:8f:3f:10:3e]
RSSI: -90 [da:1a:86:3d:13:aa]
RSSI: -87 [da:1d:8f:4d:10:5e]
RSSI: -90 [da:18:a2:3f:12:cb]
RSSI: -73 [da:20:2a:67:10:dc]
RSSI: -93 [da:18:a2:4d:12:eb]
RSSI: -88 [da:1d:8f:5a:10:8e]
RSSI: -71 [da:20:2a:67:10:dc]
RSSI: -89 [da:1d:8f:5a:10:8e]
RSSI: -90 [da:1a:86:4a:13:ca]
RSSI: -70 [da:20:2a:77:11:0c]
RSSI: -70 [da:20:2a:77:11:0c]
RSSI: -86 [da:1d:8f:76:10:de]
RSSI: -67 [da:20:2a:93:11:6c]
RSSI: -88 [da:1d:8f:83:10:fe]
RSSI: -96 [da:18:a2:75:13:6b]
RSSI: -66 [da:20:2a:93:11:6c]
RSSI: -92 [da:1a:86:72:14:3a]
RSSI: -72 [da:20:2a:a2:11:9c]
RSSI: -69 [da:20:2a:a2:11:9c]
RSSI: -92 [da:1a:86:7f:14:6a]
RSSI: -85 [da:1d:8f:9f:11:4e]
RSSI: -88 [da:1d:8f:9f:11:4e]
RSSI: -91 [da:1d:8f:ac:11:6e]
RSSI: -91 [da:1a:86:99:14:aa]
RSSI: -67 [da:20:2a:bf:11:fc]
RSSI: -86 [da:1d:8f:ac:11:6e]
RSSI: -69 [da:20:2a:bf:11:fc]
RSSI: -90 [da:1a:86:a7:14:da]
RSSI: -87 [da:1d:8f:ba:11:9e]
RSSI: -68 [da:20:2a:db:12:4c]
RSSI: -67 [da:20:2a:db:12:4c]
RSSI: -86 [da:1d:8f:d5:11:ee]
RSSI: -69 [da:20:2a:ea:12:7c]
RSSI: -89 [da:1a:86:ce:15:4a]
RSSI: -69 [da:20:2a:ea:12:7c]
RSSI: -88 [da:1d:8f:e3:12:0e]
RSSI: -71 [da:20:2a:fa:12:bc]
RSSI: -85 [da:1d:8f:f1:12:3e]
RSSI: -89 [da:1a:86:db:15:6a]
RSSI: -72 [da:20:2b:06:12:dc]
RSSI: -76 [da:20:2b:06:12:dc]
RSSI: -86 [da:1d:8f:fe:12:5e]
RSSI: -86 [da:1d:8f:fe:12:5e]
RSSI: -76 [da:20:2b:16:13:0c]
RSSI: -88 [da:1a:86:f6:15:ba]
RSSI: -77 [da:20:2b:16:13:0c]
RSSI: -87 [da:1d:90:0c:12:8e]
RSSI: -87 [da:1a:87:02:15:da]
RSSI: -81 [da:20:2b:26:13:3c]
RSSI: -88 [da:1a:87:02:15:da]
RSSI: -88 [da:1a:87:10:15:fa]
RSSI: -87 [da:1a:87:10:15:fa]
RSSI: -90 [da:20:2b:32:13:6c]
RSSI: -86 [da:1d:90:27:12:de]
RSSI: -87 [da:1a:87:1d:16:2a]
RSSI: -81 [da:20:2b:42:13:9c]
RSSI: -84 [da:1d:90:35:12:fe]
RSSI: -81 [da:20:2b:42:13:9c]
RSSI: -87 [da:1d:90:43:13:2e]
RSSI: -84 [da:1a:87:37:00:2a]
RSSI: -78 [da:20:2b:5e:13:ec]
RSSI: -76 [da:20:2b:5e:13:ec]
RSSI: -85 [da:1a:87:45:00:4a]
RSSI: -87 [da:1d:90:5e:13:7e]
RSSI: -79 [da:20:2b:6e:14:2c]
RSSI: -88 [da:1d:90:5e:13:7e]
RSSI: -78 [da:20:2b:6e:14:2c]
RSSI: -77 [da:20:2b:7d:14:5c]
RSSI: -90 [da:1d:90:6c:13:9e]
RSSI: -82 [da:20:2b:7d:14:5c]
RSSI: -87 [da:18:a3:65:16:2b]
RSSI: -93 [da:1a:87:5f:00:9a]
RSSI: -80 [da:20:2b:8a:14:7c]
RSSI: -92 [da:1a:87:6c:00:ba]
RSSI: -87 [da:18:a3:72:16:4b]
RSSI: -82 [da:18:a3:7f:16:7b]
RSSI: -82 [da:20:2b:99:14:ac]
RSSI: -89 [da:1a:87:79:00:da]
RSSI: -82 [da:18:a3:7f:16:7b]
RSSI: -85 [da:20:2b:99:14:ac]
RSSI: -88 [da:1d:90:95:14:0e]
RSSI: -83 [da:20:2b:a9:14:dc]
RSSI: -88 [da:1d:90:95:14:0e]
RSSI: -81 [da:18:a3:8d:00:0b]
RSSI: -82 [da:20:2b:a9:14:dc]
RSSI: -90 [da:1a:87:94:01:2a]
RSSI: -83 [da:20:2b:b5:15:0c]
RSSI: -89 [da:1d:90:b0:14:5e]
RSSI: -79 [da:18:a3:a8:00:4b]
RSSI: -91 [da:1d:90:b0:14:5e]
RSSI: -81 [da:20:2b:c5:15:3c]
RSSI: -91 [da:1d:90:be:14:7e]
RSSI: -84 [da:20:2b:d5:15:6c]
RSSI: -91 [da:1a:87:ae:01:7a]
RSSI: -94 [da:1d:90:cb:14:ae]
RSSI: -77 [da:18:a3:c2:00:9b]
RSSI: -86 [da:20:2b:e1:15:8c]
RSSI: -90 [da:1d:90:d9:14:ce]
RSSI: -86 [da:20:2b:e1:15:8c]
RSSI: -77 [da:18:a3:d0:00:cb]
RSSI: -86 [da:20:2b:f1:15:bc]
RSSI: -94 [da:1a:87:d6:01:ea]
RSSI: -76 [da:18:a3:dd:00:eb]
RSSI: -94 [da:1a:87:d6:01:ea]
RSSI: -76 [da:18:a3:dd:00:eb]
RSSI: -74 [da:18:a3:ea:01:1b]
RSSI: -86 [da:20:2c:0d:16:1c]
RSSI: -76 [da:18:a3:ea:01:1b]
RSSI: -82 [da:20:2c:0d:16:1c]
RSSI: -75 [da:18:a3:f8:01:3b]
RSSI: -90 [da:1a:87:f0:02:3a]
RSSI: -83 [da:20:2c:0d:16:1c]
RSSI: -73 [da:18:a3:f8:01:3b]
RSSI: -75 [da:18:a4:05:01:6b]
RSSI: -88 [da:1a:87:fd:02:5a]
RSSI: -95 [da:1d:91:10:15:6e]
RSSI: -75 [da:18:a4:05:01:6b]
RSSI: -89 [da:1a:87:fd:02:5a]
RSSI: -75 [da:18:a4:05:01:6b]
RSSI: -86 [da:20:2c:2c:16:7c]
RSSI: -75 [da:18:a4:12:01:8b]
RSSI: -75 [da:18:a4:12:01:8b]
RSSI: -81 [da:20:2c:39:00:2c]
RSSI: -82 [da:20:2c:39:00:2c]
RSSI: -83 [da:20:2c:39:00:2c]
RSSI: -73 [da:18:a4:20:01:ab]
RSSI: -75 [da:18:a4:2e:01:db]
RSSI: -84 [da:20:2c:49:00:5c]
RSSI: -75 [da:18:a4:2e:01:db]
RSSI: -81 [da:20:2c:49:00:5c]
RSSI: -91 [da:1a:88:33:02:ea]
RSSI: -83 [da:20:2c:58:00:8c]
RSSI: -75 [da:18:a4:3a:01:fb]
RSSI: -79 [da:20:2c:65:00:bc]
RSSI: -91 [da:1d:91:55:16:2e]
RSSI: -73 [da:18:a4:48:02:2b]
RSSI: -84 [da:20:2c:65:00:bc]
RSSI: -75 [da:18:a4:56:02:4b]
RSSI: -81 [da:20:2c:75:00:ec]
RSSI: -81 [da:20:2c:75:00:ec]
RSSI: -76 [da:18:a4:62:02:6b]
RSSI: -90 [da:1a:88:5a:03:5a]
RSSI: -76 [da:18:a4:62:02:6b]
RSSI: -92 [da:1a:88:67:03:7a]
RSSI: -76 [da:18:a4:70:02:9b]
RSSI: -86 [da:20:2c:91:01:3c]
RSSI: -78 [da:18:a4:70:02:9b]
RSSI: -80 [da:18:a4:7e:02:cb]
RSSI: -83 [da:20:2c:a1:01:7c]
RSSI: -80 [da:18:a4:8b:02:eb]
RSSI: -86 [da:1a:88:82:03:ca]
RSSI: -88 [da:20:2c:a1:01:7c]
RSSI: -81 [da:18:a4:8b:02:eb]
RSSI: -80 [da:18:a4:8b:02:eb]
RSSI: -84 [da:20:2c:b0:01:ac]
RSSI: -81 [da:18:a4:8b:02:eb]
RSSI: -83 [da:20:2c:b0:01:ac]
RSSI: -88 [da:1a:88:8f:03:ea]
RSSI: -80 [da:18:a4:98:03:0b]
RSSI: -82 [da:18:a4:98:03:0b]
RSSI: -82 [da:18:a4:98:03:0b]
RSSI: -84 [da:20:2c:bd:01:cc]
RSSI: -88 [da:1a:88:9c:04:1a]
RSSI: -83 [da:18:a4:a6:03:3b]
RSSI: -83 [da:18:a4:a6:03:3b]
RSSI: -89 [da:1a:88:aa:04:3a]
RSSI: -88 [da:18:a4:b3:03:5b]
RSSI: -87 [da:18:a4:b3:03:5b]
RSSI: -89 [da:1a:88:b6:04:5a]
RSSI: -89 [da:1a:88:b6:04:5a]
RSSI: -89 [da:1a:88:b6:04:5a]
RSSI: -90 [da:18:a4:c1:03:8b]
RSSI: -89 [da:1a:88:c4:04:8a]
RSSI: -88 [da:18:a4:ce:03:ab]
RSSI: -89 [da:1a:88:d1:04:aa]
RSSI: -89 [da:18:a4:db:03:db]
RSSI: -89 [da:1a:88:d1:04:aa]
RSSI: -98 [da:1d:91:eb:01:ae]
RSSI: -87 [da:1a:88:de:04:ca]
RSSI: -88 [da:18:a4:e9:03:fb]
RSSI: -88 [da:18:a4:e9:03:fb]
RSSI: -86 [da:1a:88:ec:04:fa]
RSSI: -83 [da:18:a4:f7:04:2b]
RSSI: -87 [da:1a:88:ec:04:fa]
RSSI: -83 [da:18:a4:f7:04:2b]
RSSI: -85 [da:1a:88:f9:05:1a]
RSSI: -84 [da:1a:88:f9:05:1a]
RSSI: -83 [da:1a:88:f9:05:1a]
RSSI: -85 [da:1a:89:06:05:4a]
RSSI: -82 [da:1a:89:06:05:4a]
RSSI: -82 [da:1a:89:06:05:4a]
RSSI: -88 [da:18:a5:11:04:7b]
RSSI: -89 [da:18:a5:1f:04:9b]
RSSI: -81 [da:1a:89:13:05:6a]
RSSI: -92 [da:20:2d:41:03:6c]
RSSI: -81 [da:1a:89:21:05:9a]
RSSI: -92 [da:18:a5:2b:04:cb]
RSSI: -81 [da:1a:89:2d:05:ba]
RSSI: -90 [da:20:2d:50:03:9c]
RSSI: -80 [da:1a:89:3b:05:da]
RSSI: -82 [da:1a:89:49:06:0a]
RSSI: -82 [da:1a:89:49:06:0a]
RSSI: -81 [da:1a:89:49:06:0a]
RSSI: -82 [da:1a:89:55:06:2a]
RSSI: -82 [da:1a:89:55:06:2a]
RSSI: -82 [da:1a:89:63:06:4a]
RSSI: -87 [da:18:a5:6f:05:8b]
RSSI: -81 [da:1a:89:70:06:7a]
RSSI: -93 [da:18:a5:7c:05:bb]
RSSI: -81 [da:1a:89:7d:06:9a]
RSSI: -78 [da:1a:89:8b:06:ca]
RSSI: -78 [da:1a:89:8b:06:ca]
RSSI: -78 [da:1a:89:98:06:ea]
RSSI: -92 [da:20:2d:b8:04:ec]
RSSI: -77 [da:1a:89:98:06:ea]
RSSI: -76 [da:1a:89:98:06:ea]
RSSI: -76 [da:1a:89:a5:07:0a]
RSSI: -94 [da:18:a5:a4:06:2b]
RSSI: -76 [da:1a:89:a5:07:0a]
RSSI: -76 [da:1a:89:a5:07:0a]
RSSI: -92 [da:1d:92:b9:04:0e]
RSSI: -75 [da:1a:89:a5:07:0a]
RSSI: -75 [da:1a:89:b2:07:3a]
RSSI: -90 [da:1d:92:c7:04:2e]
RSSI: -75 [da:1a:89:b2:07:3a]
RSSI: -74 [da:1a:89:c0:07:5a]
RSSI: -89 [da:1d:92:d6:04:5e]
RSSI: -74 [da:1a:89:c0:07:5a]
RSSI: -74 [da:1a:89:cd:07:7a]
RSSI: -74 [da:1a:89:cd:07:7a]
RSSI: -86 [da:20:2e:00:05:cc]
RSSI: -72 [da:1a:89:da:07:aa]
RSSI: -87 [da:1d:92:f1:04:ae]
RSSI: -87 [da:1d:92:f1:04:ae]
RSSI: -72 [da:1a:89:e8:07:ca]
RSSI: -85 [da:1d:92:ff:04:ce]
RSSI: -89 [da:20:2e:10:05:fc]
RSSI: -72 [da:1a:89:e8:07:ca]
RSSI: -85 [da:20:2e:10:05:fc]
RSSI: -71 [da:1a:89:f4:07:ea]
RSSI: -87 [da:1d:93:0c:04:fe]
RSSI: -72 [da:1a:89:f4:07:ea]
RSSI: -72 [da:1a:8a:02:08:1a]
RSSI: -72 [da:1a:8a:02:08:1a]
RSSI: -84 [da:20:2e:2c:06:5c]
RSSI: -88 [da:1d:93:1a:05:1e]
RSSI: -92 [da:18:a6:11:07:6b]
RSSI: -87 [da:20:2e:2c:06:5c]
RSSI: -73 [da:1a:8a:10:08:3a]
RSSI: -90 [da:1d:93:28:05:4e]
RSSI: -82 [da:20:2e:3c:06:8c]
RSSI: -91 [da:18:a6:1d:07:9b]
RSSI: -72 [da:1a:8a:1c:08:5a]
RSSI: -83 [da:20:2e:48:06:bc]
RSSI: -70 [da:1a:8a:2a:08:8a]
RSSI: -92 [da:18:a6:2b:07:bb]
RSSI: -71 [da:1a:8a:2a:08:8a]
RSSI: -91 [da:1d:93:43:05:9e]
RSSI: -72 [da:1a:8a:38:08:aa]
RSSI: -89 [da:18:a6:39:07:eb]
RSSI: -71 [da:1a:8a:38:08:aa]
RSSI: -91 [da:1d:93:52:05:ce]
RSSI: -95 [da:18:a6:46:08:0b]
RSSI: -72 [da:1a:8a:44:08:da]
RSSI: -82 [da:20:2e:68:07:1c]
RSSI: -73 [da:1a:8a:44:08:da]
RSSI: -88 [da:1d:93:5e:05:ee]
RSSI: -71 [da:1a:8a:52:08:fa]
RSSI: -72 [da:1a:8a:52:08:fa]
RSSI: -72 [da:1a:8a:52:08:fa]
RSSI: -72 [da:1a:8a:5f:09:1a]
RSSI: -71 [da:1a:8a:5f:09:1a]
RSSI: -86 [da:20:2e:84:07:7c]
RSSI: -72 [da:1a:8a:6c:09:4a]
RSSI: -72 [da:1a:8a:6c:09:4a]
RSSI: -85 [da:20:2e:94:07:ac]
RSSI: -73 [da:1a:8a:7a:09:6a]
RSSI: -85 [da:20:2e:a1:07:cc]
RSSI: -89 [da:1d:93:96:06:8e]
RSSI: -73 [da:1a:8a:87:09:9a]
RSSI: -85 [da:20:2e:b0:08:0c]
RSSI: -77 [da:1a:8a:94:09:ba]
RSSI: -89 [da:1d:93:b1:06:de]
RSSI: -78 [da:1a:8a:a2:09:da]
RSSI: -89 [da:1d:93:b1:06:de]
RSSI: -81 [da:20:2e:cd:08:5c]
RSSI: -88 [da:1d:93:bf:07:0e]
RSSI: -80 [da:1a:8a:af:0a:0a]
RSSI: -88 [da:1d:93:bf:07:0e]
RSSI: -81 [da:20:2e:dc:08:8c]
RSSI: -87 [da:1a:8a:bc:0a:2a]
RSSI: -85 [da:20:2e:ec:08:cc]
RSSI: -80 [da:20:2e:ec:08:cc]
RSSI: -81 [da:1a:8a:d7:0a:7a]
RSSI: -83 [da:20:2e:f9:08:ec]
RSSI: -83 [da:1a:8a:d7:0a:7a]
RSSI: -78 [da:20:2e:f9:08:ec]
RSSI: -82 [da:1a:8a:e4:0a:9a]
RSSI: -80 [da:1a:8a:e4:0a:9a]
RSSI: -81 [da:20:2f:08:09:1c]
RSSI: -81 [da:1a:8a:f1:0a:ca]
RSSI: -77 [da:20:2f:18:09:4c]
RSSI: -77 [da:20:2f:18:09:4c]
RSSI: -81 [da:1a:8a:f1:0a:ca]
RSSI: -77 [da:20:2f:18:09:4c]
RSSI: -80 [da:1a:8a:ff:0a:ea]
RSSI: -76 [da:20:2f:25:09:7c]
RSSI: -90 [da:18:a7:10:0a:6b]
RSSI: -91 [da:1d:94:20:08:1e]
RSSI: -83 [da:1a:8b:0c:0b:0a]
RSSI: -92 [da:18:a7:10:0a:6b]
RSSI: -80 [da:20:2f:35:09:ac]
RSSI: -83 [da:1a:8b:0c:0b:0a]
RSSI: -77 [da:20:2f:35:09:ac]
RSSI: -84 [da:1a:8b:19:0b:3a]
RSSI: -91 [da:1d:94:2d:08:3e]
RSSI: -87 [da:1a:8b:19:0b:3a]
RSSI: -91 [da:1d:94:2d:08:3e]
RSSI: -80 [da:20:2f:44:09:dc]
RSSI: -86 [da:1a:8b:27:0b:5a]
RSSI: -80 [da:20:2f:44:09:dc]
RSSI: -87 [da:1a:8b:27:0b:5a]
RSSI: -79 [da:20:2f:51:0a:0c]
RSSI: -90 [da:1a:8b:34:0b:8a]
RSSI: -77 [da:20:2f:61:0a:3c]
RSSI: -87 [da:1a:8b:41:0b:aa]
RSSI: -79 [da:20:2f:61:0a:3c]
RSSI: -80 [da:20:2f:70:0a:6c]
RSSI: -89 [da:18:a7:54:0b:3b]
RSSI: -88 [da:1a:8b:4f:0b:da]
RSSI: -76 [da:20:2f:70:0a:6c]
RSSI: -89 [da:1a:8b:5c:0b:fa]
RSSI: -81 [da:20:2f:7d:0a:8c]
RSSI: -77 [da:20:2f:8d:0a:cc]
RSSI: -82 [da:20:2f:8d:0a:cc]
RSSI: -81 [da:20:2f:9c:0a:fc]
RSSI: -77 [da:20:2f:9c:0a:fc]
RSSI: -92 [da:18:a7:89:0b:db]
RSSI: -84 [da:20:2f:a9:0b:1c]
RSSI: -84 [da:20:2f:a9:0b:1c]
RSSI: -81 [da:20:2f:b9:0b:4c]
RSSI: -84 [da:20:2f:b9:0b:4c]
RSSI: -79 [da:20:2f:c9:0b:8c]
RSSI: -82 [da:20:2f:d5:0b:ac]
RSSI: -87 [da:20:2f:f5:0c:1c]
RSSI: -91 [da:1d:94:e1:0a:4e]
RSSI: -84 [da:20:2f:f5:0c:1c]
RSSI: -86 [da:1d:94:f0:0a:7e]
RSSI: -87 [da:20:30:01:0c:3c]
RSSI: -93 [da:1a:8b:fc:0d:ba]
RSSI: -91 [da:20:30:21:0c:9c]
RSSI: -94 [da:1d:95:0b:0a:ce]
RSSI: -86 [da:1d:95:19:0a:ee]
RSSI: -86 [da:1d:95:26:0b:1e]
RSSI: -92 [da:20:30:3d:0c:fc]
RSSI: -92 [da:20:30:3d:0c:fc]
RSSI: -87 [da:20:30:5a:0d:5c]
RSSI: -93 [da:1a:8c:3f:0e:8a]
RSSI: -86 [da:1d:95:4f:0b:8e]
RSSI: -95 [da:18:a8:47:0e:0b]
RSSI: -90 [da:1a:8c:3f:0e:8a]
RSSI: -85 [da:1d:95:5e:0b:be]
RSSI: -89 [da:1a:8c:4c:0e:aa]
RSSI: -82 [da:1d:95:5e:0b:be]
RSSI: -86 [da:20:30:79:0d:bc]
RSSI: -85 [da:20:30:86:0d:ec]
RSSI: -79 [da:1d:95:79:0c:0e]
RSSI: -89 [da:1a:8c:67:0e:fa]
RSSI: -85 [da:20:30:86:0d:ec]
RSSI: -83 [da:1d:95:79:0c:0e]
RSSI: -76 [da:1d:95:87:0c:2e]
RSSI: -86 [da:20:30:96:0e:1c]
RSSI: -81 [da:1d:95:96:0c:5e]
RSSI: -89 [da:1a:8c:82:0f:3a]
RSSI: -80 [da:1d:95:96:0c:5e]
RSSI: -93 [da:18:a8:8a:0e:cb]
RSSI: -80 [da:1d:95:a2:0c:7e]
RSSI: -81 [da:20:30:b2:0e:7c]
RSSI: -78 [da:1d:95:a2:0c:7e]
RSSI: -85 [da:20:30:b2:0e:7c]
RSSI: -74 [da:1d:95:b1:0c:ae]
RSSI: -79 [da:1d:95:b1:0c:ae]
RSSI: -77 [da:1d:95:bf:0c:de]
RSSI: -77 [da:1d:95:bf:0c:de]
RSSI: -73 [da:1d:95:bf:0c:de]
RSSI: -78 [da:1d:95:cc:0c:fe]
RSSI: -77 [da:1d:95:cc:0c:fe]
RSSI: -81 [da:20:30:df:0f:0c]
RSSI: -85 [da:1a:8c:c4:0f:fa]
RSSI: -84 [da:1a:8c:c4:0f:fa]
RSSI: -80 [da:1d:95:db:0d:2e]
RSSI: -82 [da:20:30:ee:0f:3c]
RSSI: -86 [da:1a:8c:d2:10:2a]
RSSI: -74 [da:1d:95:e9:0d:4e]
RSSI: -85 [da:1a:8c:d2:10:2a]
RSSI: -83 [da:1a:8c:e0:10:4a]
RSSI: -85 [da:1a:8c:e0:10:4a]
RSSI: -78 [da:1d:95:f6:0d:7e]
RSSI: -85 [da:1a:8c:e0:10:4a]
RSSI: -90 [da:20:31:0b:0f:9c]
RSSI: -88 [da:20:31:0b:0f:9c]
RSSI: -85 [da:1a:8c:ec:10:7a]
RSSI: -82 [da:1d:96:04:0d:9e]
RSSI: -85 [da:1a:8c:ec:10:7a]
RSSI: -76 [da:1d:96:04:0d:9e]
RSSI: -71 [da:1d:96:13:0d:ce]
RSSI: -86 [da:1a:8c:fa:10:9a]
RSSI: -81 [da:1d:96:13:0d:ce]
RSSI: -85 [da:20:31:2a:0f:fc]
RSSI: -87 [da:1a:8d:08:10:ca]
RSSI: -82 [da:20:31:2a:0f:fc]
RSSI: -77 [da:1d:96:1f:0d:ee]
RSSI: -72 [da:1d:96:1f:0d:ee]
RSSI: -80 [da:20:31:37:10:2c]
RSSI: -82 [da:1d:96:2e:0e:1e]
RSSI: -78 [da:20:31:37:10:2c]
RSSI: -78 [da:1d:96:2e:0e:1e]
RSSI: -85 [da:1a:8d:22:11:0a]
RSSI: -77 [da:20:31:47:10:5c]
RSSI: -82 [da:1d:96:3c:0e:4e]
RSSI: -80 [da:20:31:47:10:5c]
RSSI: -85 [da:1a:8d:30:11:3a]
RSSI: -76 [da:20:31:57:10:8c]
RSSI: -75 [da:20:31:57:10:8c]
RSSI: -77 [da:1d:96:49:0e:6e]
RSSI: -86 [da:1a:8d:3d:11:5a]
RSSI: -82 [da:1d:96:57:0e:8e]
RSSI: -76 [da:20:31:63:10:ac]
RSSI: -76 [da:20:31:73:10:ec]
RSSI: -85 [da:1a:8d:4b:11:8a]
RSSI: -84 [da:1d:96:66:0e:be]
RSSI: -74 [da:20:31:73:10:ec]
RSSI: -85 [da:1d:96:66:0e:be]
RSSI: -73 [da:20:31:73:10:ec]
RSSI: -75 [da:20:31:83:11:1c]
RSSI: -82 [da:1d:96:72:0e:de]
RSSI: -85 [da:1d:96:72:0e:de]
RSSI: -86 [da:1a:8d:65:11:ca]
RSSI: -71 [da:20:31:83:11:1c]
RSSI: -85 [da:1d:96:72:0e:de]
RSSI: -88 [da:1a:8d:65:11:ca]
RSSI: -88 [da:1a:8d:65:11:ca]
RSSI: -87 [da:1d:96:81:0f:0e]
RSSI: -71 [da:20:31:90:11:3c]
RSSI: -85 [da:1a:8d:73:11:fa]
RSSI: -87 [da:1d:96:8f:0f:3e]
RSSI: -67 [da:20:31:a0:11:6c]
RSSI: -88 [da:1a:8d:80:12:1a]
RSSI: -69 [da:20:31:a0:11:6c]
RSSI: -87 [da:1d:96:9c:0f:5e]
RSSI: -91 [da:1d:96:9c:0f:5e]
RSSI: -70 [da:20:31:bc:11:cc]
RSSI: -89 [da:1d:96:b9:0f:ae]
RSSI: -87 [da:1d:96:b9:0f:ae]
RSSI: -71 [da:20:31:cc:11:fc]
RSSI: -69 [da:20:31:dc:12:2c]
RSSI: -89 [da:1d:96:c6:0f:ce]
RSSI: -69 [da:20:31:dc:12:2c]
RSSI: -88 [da:1d:96:d4:0f:fe]
RSSI: -72 [da:20:31:e8:12:5c]
RSSI: -69 [da:20:31:e8:12:5c]
RSSI: -90 [da:1a:8d:d1:12:fa]
RSSI: -89 [da:1d:96:e3:10:2e]
RSSI: -71 [da:20:31:f8:12:8c]
RSSI: -91 [da:1a:8d:de:13:2a]
RSSI: -69 [da:20:31:f8:12:8c]
RSSI: -71 [da:20:32:08:12:bc]
RSSI: -71 [da:20:32:08:12:bc]
RSSI: -89 [da:1d:96:fe:10:7e]
RSSI: -91 [da:1d:96:fe:10:7e]
RSSI: -72 [da:20:32:15:12:dc]
RSSI: -89 [da:1a:8d:f9:13:7a]
RSSI: -72 [da:20:32:15:12:dc]
RSSI: -89 [da:1d:97:0d:10:9e]
RSSI: -92 [da:1a:8d:f9:13:7a]
RSSI: -74 [da:20:32:25:13:1c]
RSSI: -78 [da:20:32:35:13:4c]
RSSI: -91 [da:1d:97:28:10:ee]
RSSI: -79 [da:20:32:35:13:4c]
RSSI: -91 [da:1a:8e:14:13:ba]
RSSI: -87 [da:20:32:41:13:6c]
RSSI: -87 [da:1d:97:36:11:1e]
RSSI: -83 [da:20:32:51:13:9c]
RSSI: -89 [da:1d:97:52:11:6e]
RSSI: -90 [da:1a:8e:3c:14:3a]
RSSI: -87 [da:1d:97:52:11:6e]
RSSI: -87 [da:1a:8e:4a:14:5a]
RSSI: -81 [da:20:32:6e:13:fc]
RSSI: -88 [da:1d:97:60:11:8e]
RSSI: -87 [da:1a:8e:4a:14:5a]
RSSI: -78 [da:20:32:6e:13:fc]
RSSI: -90 [da:1d:97:60:11:8e]
RSSI: -88 [da:1a:8e:56:14:7a]
RSSI: -77 [da:20:32:7e:14:2c]
RSSI: -88 [da:1a:8e:64:14:9a]
RSSI: -88 [da:1d:97:7b:11:de]
RSSI: -77 [da:20:32:8d:14:5c]
RSSI: -86 [da:1a:8e:72:14:ca]
RSSI: -90 [da:1d:97:8a:12:0e]
RSSI: -79 [da:20:32:9a:14:8c]
RSSI: -80 [da:20:32:9a:14:8c]
RSSI: -89 [da:1d:97:96:12:2e]
RSSI: -87 [da:1a:8e:7f:14:ea]
RSSI: -89 [da:1a:8e:8d:15:1a]
RSSI: -83 [da:20:32:ba:14:ec]
RSSI: -86 [da:1a:8e:9a:15:3a]
RSSI: -89 [da:1d:97:a5:12:5e]
RSSI: -84 [da:20:32:ba:14:ec]
RSSI: -86 [da:1d:97:b4:12:7e]
RSSI: -79 [da:20:32:c7:15:1c]
RSSI: -84 [da:1a:8e:a7:15:5a]
RSSI: -89 [da:1d:97:c0:12:ae]
RSSI: -93 [da:18:aa:be:15:4b]
RSSI: -87 [da:1d:97:dd:12:fe]
RSSI: -94 [da:18:aa:cc:15:7b]
RSSI: -81 [da:20:32:f3:15:ac]
RSSI: -83 [da:1a:8e:cf:15:ca]
RSSI: -81 [da:20:32:f3:15:ac]
RSSI: -81 [da:20:32:f3:15:ac]
RSSI: -82 [da:1a:8e:cf:15:ca]
RSSI: -82 [da:1a:8e:dd:15:fa]
RSSI: -84 [da:1a:8e:dd:15:fa]
RSSI: -81 [da:20:33:03:15:dc]
RSSI: -85 [da:1a:8e:eb:16:1a]
RSSI: -81 [da:20:33:13:16:0c]
RSSI: -88 [da:1d:98:07:13:6e]
RSSI: -85 [da:1a:8e:f8:00:2a]
RSSI: -89 [da:1d:98:07:13:6e]
RSSI: -86 [da:1a:8e:f8:00:2a]
RSSI: -81 [da:20:33:1f:16:2c]
RSSI: -88 [da:1a:8e:f8:00:2a]
RSSI: -86 [da:1a:8f:06:00:4a]
RSSI: -82 [da:20:33:2f:16:6c]
RSSI: -81 [da:20:33:2f:16:6c]
RSSI: -81 [da:20:33:2f:16:6c]
RSSI: -81 [da:20:33:3f:00:0c]
RSSI: -87 [da:1a:8f:20:00:9a]
RSSI: -93 [da:1a:8f:2e:00:ba]
RSSI: -90 [da:1d:98:4c:14:3e]
RSSI: -80 [da:20:33:5c:00:5c]
RSSI: -87 [da:1d:98:4c:14:3e]
RSSI: -84 [da:20:33:6c:00:8c]
RSSI: -91 [da:1d:98:5b:14:6e]
RSSI: -82 [da:20:33:6c:00:8c]
RSSI: -87 [da:18:ab:55:00:ab]
RSSI: -83 [da:20:33:78:00:bc]
RSSI: -81 [da:20:33:78:00:bc]
RSSI: -89 [da:1d:98:76:14:be]
RSSI: -82 [da:20:33:88:00:ec]
RSSI: -88 [da:18:ab:6f:00:fb]
RSSI: -78 [da:20:33:98:01:1c]
RSSI: -78 [da:20:33:98:01:1c]
RSSI: -86 [da:18:ab:8a:01:4b]
RSSI: -83 [da:20:33:a5:01:4c]
RSSI: -91 [da:1a:8f:7f:01:aa]
RSSI: -85 [da:18:ab:8a:01:4b]
RSSI: -86 [da:18:ab:98:01:6b]
RSSI: -85 [da:18:ab:98:01:6b]
RSSI: -86 [da:20:33:b5:01:7c]
RSSI: -87 [da:1a:8f:99:01:fa]
RSSI: -83 [da:18:ab:a6:01:9b]
RSSI: -87 [da:20:33:c5:01:ac]
RSSI: -88 [da:1a:8f:a7:02:1a]
RSSI: -86 [da:20:33:d1:01:cc]
RSSI: -90 [da:1a:8f:b5:02:4a]
RSSI: -83 [da:18:ab:c1:01:eb]
RSSI: -88 [da:20:33:e1:02:0c]
RSSI: -85 [da:20:33:e1:02:0c]
RSSI: -88 [da:20:33:f1:02:3c]
RSSI: -84 [da:18:ab:cf:02:0b]
RSSI: -89 [da:20:33:f1:02:3c]
RSSI: -84 [da:18:ab:dc:02:3b]
RSSI: -83 [da:18:ab:dc:02:3b]
RSSI: -85 [da:18:ab:dc:02:3b]
RSSI: -91 [da:1a:8f:de:02:ba]
RSSI: -90 [da:1a:8f:de:02:ba]
RSSI: -83 [da:18:ab:ea:02:5b]
RSSI: -89 [da:1a:8f:ea:02:da]
RSSI: -88 [da:18:ab:f8:02:8b]
RSSI: -89 [da:1a:8f:f8:02:fa]
RSSI: -86 [da:18:ab:f8:02:8b]
RSSI: -85 [da:18:ac:05:02:ab]
RSSI: -88 [da:1a:90:06:03:2a]
RSSI: -87 [da:18:ac:13:02:db]
RSSI: -87 [da:1a:90:13:03:4a]
RSSI: -89 [da:18:ac:21:02:fb]
RSSI: -86 [da:1a:90:13:03:4a]
RSSI: -89 [da:18:ac:21:02:fb]
RSSI: -83 [da:1a:90:21:03:7a]
RSSI: -82 [da:1a:90:2e:03:9a]
RSSI: -82 [da:1a:90:2e:03:9a]
RSSI: -90 [da:18:ac:3c:03:5b]
RSSI: -81 [da:1a:90:3b:03:ba]
RSSI: -80 [da:1a:90:49:03:ea]
RSSI: -81 [da:1a:90:57:04:0a]
RSSI: -93 [da:18:ac:65:03:cb]
RSSI: -82 [da:1a:90:64:04:2a]
RSSI: -82 [da:1a:90:64:04:2a]
RSSI: -88 [da:20:34:94:04:3c]
RSSI: -82 [da:1a:90:72:04:5a]
RSSI: -81 [da:1a:90:7f:04:7a]
RSSI: -81 [da:1a:90:7f:04:7a]
RSSI: -87 [da:20:34:a4:04:6c]
RSSI: -81 [da:1a:90:8c:04:aa]
RSSI: -81 [da:1a:90:8c:04:aa]
RSSI: -94 [da:1d:99:aa:01:be]
RSSI: -92 [da:18:ac:9c:04:6b]
RSSI: -93 [da:18:ac:a9:04:9b]
RSSI: -78 [da:1a:90:a8:04:fa]
RSSI: -90 [da:20:34:d0:04:fc]
RSSI: -78 [da:1a:90:a8:04:fa]
RSSI: -78 [da:1a:90:b5:05:1a]
RSSI: -90 [da:1d:99:d4:02:3e]
RSSI: -77 [da:1a:90:c3:05:3a]
RSSI: -92 [da:18:ac:c5:04:eb]
RSSI: -76 [da:1a:90:c3:05:3a]
RSSI: -76 [da:1a:90:d1:05:6a]
RSSI: -92 [da:1d:99:e0:02:5e]
RSSI: -76 [da:1a:90:dd:05:8a]
RSSI: -76 [da:1a:90:eb:05:aa]
RSSI: -75 [da:1a:90:eb:05:aa]
RSSI: -75 [da:1a:90:eb:05:aa]
RSSI: -76 [da:1a:90:eb:05:aa]
RSSI: -76 [da:1a:90:f9:05:da]
RSSI: -86 [da:20:35:1a:05:dc]
RSSI: -76 [da:1a:90:f9:05:da]
RSSI: -90 [da:20:35:1a:05:dc]
RSSI: -90 [da:20:35:2a:06:0c]
RSSI: -76 [da:1a:91:06:05:fa]
RSSI: -76 [da:1a:91:06:05:fa]
RSSI: -76 [da:1a:91:14:06:2a]
RSSI: -76 [da:1a:91:14:06:2a]
RSSI: -92 [da:20:35:46:06:6c]
RSSI: -76 [da:1a:91:22:06:4a]
RSSI: -86 [da:20:35:46:06:6c]
RSSI: -75 [da:1a:91:2e:06:6a]
RSSI: -86 [da:20:35:56:06:9c]
RSSI: -92 [da:20:35:56:06:9c]
RSSI: -73 [da:1a:91:3c:06:9a]
RSSI: -88 [da:20:35:63:06:cc]
RSSI: -71 [da:1a:91:4a:06:ba]
RSSI: -90 [da:1d:9a:5e:03:ce]
RSSI: -89 [da:20:35:73:06:fc]
RSSI: -91 [da:1d:9a:5e:03:ce]
RSSI: -69 [da:1a:91:57:06:ea]
RSSI: -68 [da:1a:91:65:07:0a]
RSSI: -86 [da:1d:9a:7c:04:1e]
RSSI: -88 [da:1d:9a:7c:04:1e]
RSSI: -68 [da:1a:91:65:07:0a]
RSSI: -68 [da:1a:91:73:07:3a]
RSSI: -68 [da:1a:91:73:07:3a]
RSSI: -88 [da:1d:9a:88:04:3e]
RSSI: -68 [da:1a:91:73:07:3a]
RSSI: -67 [da:1a:91:80:07:5a]
RSSI: -89 [da:1d:9a:97:04:6e]
RSSI: -67 [da:1a:91:80:07:5a]
RSSI: -86 [da:1d:9a:97:04:6e]
RSSI: -67 [da:1a:91:8e:07:7a]
RSSI: -87 [da:1d:9a:a6:04:9e]
RSSI: -87 [da:1d:9a:a6:04:9e]
RSSI: -67 [da:1a:91:9c:07:aa]
RSSI: -86 [da:1d:9a:b3:04:be]
RSSI: -86 [da:1d:9a:c1:04:ee]
RSSI: -66 [da:1a:91:b6:07:fa]
RSSI: -87 [da:20:35:dc:08:4c]
RSSI: -65 [da:1a:91:b6:07:fa]
RSSI: -90 [da:1d:9a:d0:05:0e]
RSSI: -66 [da:1a:91:c4:08:1a]
RSSI: -89 [da:1d:9a:dd:05:3e]
RSSI: -86 [da:20:35:e9:08:7c]
RSSI: -89 [da:1d:9a:dd:05:3e]
RSSI: -89 [da:1d:9a:dd:05:3e]
RSSI: -66 [da:1a:91:d1:08:3a]
RSSI: -86 [da:20:35:f9:08:ac]
RSSI: -66 [da:1a:91:d1:08:3a]
RSSI: -85 [da:20:35:f9:08:ac]
RSSI: -66 [da:1a:91:df:08:6a]
RSSI: -90 [da:1d:9a:fa:05:8e]
RSSI: -66 [da:1a:91:df:08:6a]
RSSI: -90 [da:20:36:09:08:dc]
RSSI: -66 [da:1a:91:ed:08:8a]
RSSI: -84 [da:20:36:09:08:dc]
RSSI: -66 [da:1a:91:ed:08:8a]
RSSI: -67 [da:1a:91:f9:08:ba]
RSSI: -84 [da:20:36:16:09:0c]
RSSI: -67 [da:1a:91:f9:08:ba]
RSSI: -80 [da:20:36:26:09:3c]
RSSI: -84 [da:20:36:26:09:3c]
RSSI: -81 [da:20:36:36:09:6c]
RSSI: -80 [da:20:36:36:09:6c]
RSSI: -89 [da:1d:9b:31:06:2e]
RSSI: -81 [da:20:36:43:09:9c]
RSSI: -69 [da:1a:92:22:09:2a]
RSSI: -86 [da:20:36:53:09:cc]
RSSI: -85 [da:20:36:53:09:cc]
RSSI: -70 [da:1a:92:30:09:4a]
RSSI: -88 [da:1d:9b:4e:06:8e]
RSSI: -80 [da:20:36:53:09:cc]
RSSI: -70 [da:1a:92:3e:09:7a]
RSSI: -81 [da:20:36:63:09:fc]
RSSI: -89 [da:18:ae:44:09:5b]
RSSI: -71 [da:1a:92:3e:09:7a]
RSSI: -82 [da:20:36:63:09:fc]
RSSI: -72 [da:1a:92:4b:09:9a]
RSSI: -87 [da:1d:9b:5b:06:ae]
RSSI: -73 [da:1a:92:4b:09:9a]
RSSI: -80 [da:20:36:6f:0a:2c]
RSSI: -88 [da:18:ae:52:09:7b]
RSSI: -73 [da:1a:92:59:09:ba]
RSSI: -79 [da:20:36:80:0a:5c]
RSSI: -78 [da:1a:92:67:09:ea]
RSSI: -93 [da:18:ae:6d:09:db]
RSSI: -81 [da:20:36:90:0a:8c]
RSSI: -80 [da:1a:92:74:0a:0a]
RSSI: -80 [da:1a:92:74:0a:0a]
RSSI: -82 [da:20:36:9c:0a:bc]
RSSI: -79 [da:1a:92:82:0a:3a]
RSSI: -90 [da:1d:9b:9b:07:5e]
RSSI: -81 [da:20:36:ac:0a:ec]
RSSI: -83 [da:20:36:ac:0a:ec]
RSSI: -78 [da:1a:92:90:0a:5a]
RSSI: -90 [da:1d:9b:a9:07:8e]
RSSI: -85 [da:20:36:bc:0b:1c]
RSSI: -92 [da:1d:9b:a9:07:8e]
RSSI: -76 [da:1a:92:9c:0a:8a]
RSSI: -83 [da:20:36:bc:0b:1c]
RSSI: -76 [da:1a:92:9c:0a:8a]
RSSI: -76 [da:1a:92:aa:0a:aa]
RSSI: -75 [da:1a:92:aa:0a:aa]
RSSI: -75 [da:1a:92:aa:0a:aa]
RSSI: -84 [da:20:36:d9:0b:7c]
RSSI: -84 [da:20:36:d9:0b:7c]
RSSI: -77 [da:1a:92:b8:0a:da]
RSSI: -85 [da:20:36:d9:0b:7c]
RSSI: -83 [da:20:36:e9:0b:bc]
RSSI: -77 [da:1a:92:c5:0a:fa]
RSSI: -85 [da:20:36:e9:0b:bc]
RSSI: -79 [da:1a:92:d3:0b:1a]
RSSI: -86 [da:20:36:f6:0b:dc]
RSSI: -81 [da:1a:92:d3:0b:1a]
RSSI: -90 [da:1d:9b:ef:08:5e]
RSSI: -81 [da:1a:92:e1:0b:4a]
RSSI: -90 [da:1d:9b:ef:08:5e]
RSSI: -81 [da:1a:92:e1:0b:4a]
RSSI: -89 [da:20:37:06:0c:0c]
RSSI: -91 [da:1d:9b:fe:08:7e]
RSSI: -81 [da:1a:92:ee:0b:6a]
RSSI: -88 [da:20:37:16:0c:4c]
RSSI: -92 [da:1d:9c:0a:08:ae]
RSSI: -88 [da:20:37:16:0c:4c]
RSSI: -80 [da:1a:92:fc:0b:9a]
RSSI: -90 [da:20:37:23:0c:6c]
RSSI: -81 [da:1a:93:0a:0b:ba]
RSSI: -89 [da:20:37:33:0c:9c]
RSSI: -89 [da:1d:9c:28:08:fe]
RSSI: -88 [da:20:37:33:0c:9c]
RSSI: -83 [da:1a:93:2a:0c:1a]
RSSI: -85 [da:1a:93:2a:0c:1a]
RSSI: -86 [da:1a:93:3a:0c:4a]
RSSI: -91 [da:20:37:60:0d:2c]
RSSI: -91 [da:1d:9c:52:09:7e]
RSSI: -87 [da:1a:93:3a:0c:4a]
RSSI: -89 [da:20:37:60:0d:2c]
RSSI: -93 [da:1d:9c:52:09:7e]
RSSI: -88 [da:20:37:60:0d:2c]
RSSI: -86 [da:1a:93:47:0c:6a]
RSSI: -87 [da:20:37:70:0d:6c]
RSSI: -89 [da:20:37:70:0d:6c]
RSSI: -85 [da:1a:93:55:0c:9a]
RSSI: -82 [da:20:37:7c:0d:8c]
RSSI: -84 [da:1a:93:63:0c:ba]
RSSI: -83 [da:20:37:8d:0d:bc]
RSSI: -86 [da:1a:93:70:0c:ea]
RSSI: -80 [da:20:37:8d:0d:bc]
RSSI: -87 [da:1a:93:70:0c:ea]
RSSI: -85 [da:20:37:9d:0d:fc]
RSSI: -84 [da:20:37:9d:0d:fc]
RSSI: -86 [da:1a:93:7e:0d:0a]
RSSI: -83 [da:20:37:9d:0d:fc]
RSSI: -91 [da:1d:9c:98:0a:4e]
RSSI: -89 [da:1a:93:8c:0d:3a]
RSSI: -85 [da:20:37:b9:0e:4c]
RSSI: -90 [da:1a:93:98:0d:5a]
RSSI: -83 [da:20:37:b9:0e:4c]
RSSI: -88 [da:1a:93:a7:0d:7a]
RSSI: -84 [da:20:37:ca:0e:8c]
RSSI: -87 [da:1a:93:b5:0d:aa]
RSSI: -87 [da:1a:93:b5:0d:aa]
RSSI: -84 [da:20:37:df:0e:cc]
RSSI: -81 [da:20:37:ef:0e:fc]
RSSI: -86 [da:20:37:ff:0f:2c]
RSSI: -82 [da:20:37:ff:0f:2c]
RSSI: -89 [da:1a:93:f8:0e:6a]
RSSI: -89 [da:1a:93:f8:0e:6a]
RSSI: -89 [da:1d:9d:17:0b:ae]
RSSI: -87 [da:1d:9d:25:0b:de]
RSSI: -86 [da:1a:94:13:0e:ba]
RSSI: -88 [da:20:38:39:0f:ec]
RSSI: -87 [da:1d:9d:25:0b:de]
RSSI: -88 [da:20:38:39:0f:ec]
RSSI: -82 [da:1d:9d:32:0b:fe]
RSSI: -80 [da:20:38:46:10:0c]
RSSI: -86 [da:1a:94:21:0e:da]
RSSI: -76 [da:20:38:5f:10:5c]
RSSI: -75 [da:20:38:5f:10:5c]
RSSI: -83 [da:1d:9d:5c:0c:7e]
RSSI: -81 [da:1d:9d:5c:0c:7e]
RSSI: -91 [da:1a:94:4a:0f:5a]
RSSI: -78 [da:20:38:78:10:ac]
RSSI: -84 [da:1a:94:58:0f:7a]
RSSI: -76 [da:1d:9d:6b:0c:ae]
RSSI: -78 [da:20:38:78:10:ac]
RSSI: -85 [da:1a:94:58:0f:7a]
RSSI: -82 [da:1d:9d:6b:0c:ae]
RSSI: -73 [da:20:38:85:10:dc]
RSSI: -79 [da:1d:9d:7a:0c:ce]
RSSI: -86 [da:1a:94:65:0f:9a]
RSSI: -72 [da:20:38:85:10:dc]
RSSI: -77 [da:1d:9d:7a:0c:ce]
RSSI: -82 [da:1a:94:65:0f:9a]
RSSI: -71 [da:20:38:92:10:fc]
RSSI: -84 [da:1a:94:73:0f:ca]
RSSI: -80 [da:1d:9d:87:0c:fe]
RSSI: -84 [da:1a:94:73:0f:ca]
RSSI: -78 [da:1d:9d:87:0c:fe]
RSSI: -71 [da:20:38:9e:11:2c]
RSSI: -72 [da:20:38:9e:11:2c]
RSSI: -71 [da:20:38:ab:11:5c]
RSSI: -78 [da:1d:9d:96:0d:1e]
RSSI: -69 [da:20:38:ab:11:5c]
RSSI: -86 [da:1a:94:8e:10:1a]
RSSI: -76 [da:1d:9d:a4:0d:4e]
RSSI: -70 [da:20:38:b8:11:7c]
RSSI: -78 [da:1d:9d:b1:0d:7e]
RSSI: -84 [da:1a:94:9c:10:3a]
RSSI: -67 [da:20:38:c4:11:ac]
RSSI: -77 [da:1d:9d:b1:0d:7e]
RSSI: -69 [da:20:38:c4:11:ac]
RSSI: -84 [da:1a:94:aa:10:6a]
RSSI: -68 [da:20:38:d1:11:cc]
RSSI: -81 [da:1d:9d:c0:0d:9e]
RSSI: -86 [da:1a:94:aa:10:6a]
RSSI: -67 [da:20:38:d1:11:cc]
RSSI: -79 [da:1d:9d:c0:0d:9e]
RSSI: -86 [da:1a:94:b7:10:8a]
RSSI: -68 [da:20:38:de:11:fc]
RSSI: -83 [da:1d:9d:cf:0d:ce]
RSSI: -68 [da:20:38:de:11:fc]
RSSI: -86 [da:1a:94:c5:10:ba]
RSSI: -67 [da:20:38:ea:12:1c]
RSSI: -85 [da:1a:94:c5:10:ba]
RSSI: -85 [da:1a:94:d3:10:da]
RSSI: -68 [da:20:38:f7:12:4c]
RSSI: -68 [da:20:38:f7:12:4c]
RSSI: -81 [da:1d:9d:ea:0e:1e]
RSSI: -72 [da:20:39:04:12:6c]
RSSI: -87 [da:1d:9d:f9:0e:3e]
RSSI: -70 [da:20:39:04:12:6c]
RSSI: -85 [da:1d:9d:f9:0e:3e]
RSSI: -71 [da:20:39:11:12:9c]
RSSI: -84 [da:1a:94:ee:11:2a]
RSSI: -75 [da:20:39:11:12:9c]
RSSI: -90 [da:1d:9e:06:0e:6e]
RSSI: -72 [da:20:39:1d:12:bc]
RSSI: -84 [da:1a:94:fc:11:4a]
RSSI: -73 [da:20:39:1d:12:bc]
RSSI: -83 [da:1d:9e:15:0e:8e]
RSSI: -80 [da:20:39:2a:12:ec]
RSSI: -84 [da:1a:95:09:11:7a]
RSSI: -75 [da:20:39:2a:12:ec]
RSSI: -77 [da:20:39:37:13:0c]
RSSI: -79 [da:20:39:43:13:3c]
RSSI: -87 [da:1a:95:25:11:ca]
RSSI: -87 [da:1a:95:25:11:ca]
RSSI: -87 [da:20:39:50:13:6c]
RSSI: -87 [da:1a:95:32:11:ea]
RSSI: -89 [da:20:39:50:13:6c]
RSSI: -87 [da:1a:95:32:11:ea]
RSSI: -88 [da:20:39:5d:13:8c]
RSSI: -84 [da:20:39:5d:13:8c]
RSSI: -90 [da:1d:9e:4e:0f:3e]
RSSI: -83 [da:20:39:6a:13:bc]
RSSI: -80 [da:20:39:6a:13:bc]
RSSI: -79 [da:20:39:6a:13:bc]
RSSI: -77 [da:20:39:76:13:dc]
RSSI: -80 [da:20:39:76:13:dc]
RSSI: -78 [da:20:39:83:13:fc]
RSSI: -89 [da:1d:9e:79:0f:be]
RSSI: -77 [da:20:39:83:13:fc]
RSSI: -80 [da:20:39:90:14:2c]
RSSI: -81 [da:20:39:90:14:2c]
RSSI: -88 [da:1d:9e:85:0f:de]
RSSI: -79 [da:20:39:90:14:2c]
RSSI: -81 [da:20:39:9c:14:5c]
RSSI: -86 [da:1d:9e:94:10:0e]
RSSI: -87 [da:1d:9e:94:10:0e]
RSSI: -79 [da:20:39:a9:14:7c]
RSSI: -87 [da:1d:9e:94:10:0e]
RSSI: -90 [da:1a:95:84:12:da]
RSSI: -81 [da:20:39:a9:14:7c]
RSSI: -93 [da:1a:95:92:13:0a]
RSSI: -89 [da:1d:9e:a3:10:3e]
RSSI: -81 [da:20:39:b6:14:ac]
RSSI: -81 [da:20:39:b6:14:ac]
RSSI: -87 [da:1d:9e:b0:10:5e]
RSSI: -81 [da:20:39:c3:14:cc]
RSSI: -89 [da:1a:95:a0:13:2a]
RSSI: -87 [da:1d:9e:b0:10:5e]
RSSI: -82 [da:20:39:c3:14:cc]
RSSI: -82 [da:20:39:cf:14:fc]
RSSI: -90 [da:1d:9e:bf:10:8e]
RSSI: -90 [da:1a:95:ad:13:4a]
RSSI: -89 [da:1d:9e:ce:10:ae]
RSSI: -83 [da:20:39:dc:15:1c]
RSSI: -87 [da:1d:9e:ce:10:ae]
RSSI: -80 [da:20:39:dc:15:1c]
RSSI: -87 [da:1d:9e:ce:10:ae]
RSSI: -80 [da:20:39:e9:15:4c]
RSSI: -83 [da:20:39:e9:15:4c]
RSSI: -80 [da:20:39:f5:15:6c]
RSSI: -85 [da:1d:9e:e9:11:0e]
RSSI: -82 [da:20:3a:02:15:9c]
RSSI: -91 [da:1a:95:e4:13:ea]
RSSI: -87 [da:1d:9e:f8:11:2e]
RSSI: -82 [da:20:3a:0f:15:bc]
RSSI: -88 [da:1d:9f:05:11:5e]
RSSI: -82 [da:20:3a:0f:15:bc]
RSSI: -88 [da:1d:9f:05:11:5e]
RSSI: -88 [da:1a:95:f3:14:0a]
RSSI: -88 [da:1d:9f:05:11:5e]
RSSI: -83 [da:20:3a:1c:15:ec]
RSSI: -89 [da:1d:9f:14:11:7e]
RSSI: -82 [da:20:3a:29:16:0c]
RSSI: -91 [da:1a:95:ff:14:3a]
RSSI: -81 [da:20:3a:29:16:0c]
RSSI: -85 [da:1d:9f:23:11:ae]
RSSI: -82 [da:20:3a:35:16:3c]
RSSI: -82 [da:20:3a:35:16:3c]
RSSI: -81 [da:20:3a:42:16:5c]
RSSI: -89 [da:1d:9f:2f:11:ce]
RSSI: -88 [da:1a:96:1c:14:8a]
RSSI: -81 [da:20:3a:42:16:5c]
RSSI: -82 [da:20:3a:4f:00:0c]
RSSI: -81 [da:20:3a:4f:00:0c]
RSSI: -87 [da:1d:9f:3e:11:fe]
RSSI: -82 [da:20:3a:5c:00:2c]
RSSI: -84 [da:1d:9f:4d:12:2e]
RSSI: -87 [da:1d:9f:4d:12:2e]
RSSI: -81 [da:20:3a:68:00:5c]
RSSI: -89 [da:1a:96:45:14:fa]
RSSI: -81 [da:20:3a:68:00:5c]
RSSI: -85 [da:1d:9f:5a:12:4e]
RSSI: -83 [da:20:3a:75:00:7c]
RSSI: -91 [da:1a:96:52:15:1a]
RSSI: -88 [da:1a:96:52:15:1a]
RSSI: -89 [da:1a:96:52:15:1a]
RSSI: -80 [da:20:3a:82:00:ac]
RSSI: -88 [da:1d:9f:84:12:be]
RSSI: -86 [da:1a:96:6e:15:6a]
RSSI: -86 [da:1a:96:7b:15:9a]
RSSI: -82 [da:20:3a:9b:00:fc]
RSSI: -87 [da:1d:9f:93:12:ee]
RSSI: -79 [da:20:3a:a8:01:1c]
RSSI: -87 [da:1d:9f:93:12:ee]
RSSI: -84 [da:20:3a:a8:01:1c]
RSSI: -90 [da:1d:9f:a2:13:1e]
RSSI: -87 [da:1a:96:89:15:ba]
RSSI: -87 [da:1d:9f:a2:13:1e]
RSSI: -83 [da:20:3a:b5:01:4c]
RSSI: -84 [da:1a:96:97:15:ea]
RSSI: -87 [da:20:3a:c2:01:6c]
RSSI: -83 [da:20:3a:c2:01:6c]
RSSI: -86 [da:1a:96:a4:16:0a]
RSSI: -81 [da:20:3a:ce:01:9c]
RSSI: -90 [da:1d:9f:be:13:6e]
RSSI: -91 [da:18:b2:b1:16:7b]
RSSI: -87 [da:20:3a:ce:01:9c]
RSSI: -90 [da:1d:9f:be:13:6e]
RSSI: -92 [da:18:b2:c0:00:2b]
RSSI: -83 [da:20:3a:db:01:bc]
RSSI: -90 [da:1d:9f:cd:13:9e]
RSSI: -88 [da:18:b2:c0:00:2b]
RSSI: -86 [da:20:3a:e8:01:ec]
RSSI: -92 [da:1d:9f:d9:13:be]
RSSI: -83 [da:20:3a:e8:01:ec]
RSSI: -91 [da:1d:9f:d9:13:be]
RSSI: -92 [da:18:b2:db:00:7b]
RSSI: -92 [da:1a:96:db:00:4a]
RSSI: -87 [da:20:3b:01:02:3c]
RSSI: -90 [da:1a:96:ea:00:7a]
RSSI: -89 [da:1d:a0:04:14:3e]
RSSI: -90 [da:1a:96:f6:00:9a]
RSSI: -89 [da:18:b3:04:00:fb]
RSSI: -86 [da:18:b3:04:00:fb]
RSSI: -88 [da:1d:a0:13:14:5e]
RSSI: -89 [da:20:3b:28:02:bc]
RSSI: -90 [da:1a:97:05:00:ca]
RSSI: -83 [da:18:b3:13:01:1b]
RSSI: -92 [da:1d:a0:22:14:8e]
RSSI: -89 [da:18:b3:13:01:1b]
RSSI: -91 [da:1a:97:13:00:ea]
RSSI: -91 [da:20:3b:35:02:dc]
RSSI: -90 [da:1a:97:13:00:ea]
RSSI: -84 [da:18:b3:20:01:4b]
RSSI: -92 [da:1a:97:1f:01:0a]
RSSI: -92 [da:1a:97:1f:01:0a]
RSSI: -90 [da:1d:a0:3e:14:de]
RSSI: -87 [da:18:b3:3d:01:9b]
RSSI: -93 [da:20:3b:5b:03:5c]
RSSI: -83 [da:18:b3:49:01:bb]
RSSI: -87 [da:18:b3:49:01:bb]
RSSI: -86 [da:18:b3:58:01:eb]
RSSI: -91 [da:20:3b:74:03:ac]
RSSI: -82 [da:18:b3:58:01:eb]
RSSI: -89 [da:18:b3:66:02:1b]
RSSI: -87 [da:1a:97:65:01:da]
RSSI: -90 [da:1a:97:72:01:fa]
RSSI: -87 [da:18:b3:73:02:3b]
RSSI: -89 [da:1a:97:72:01:fa]
RSSI: -84 [da:18:b3:82:02:6b]
RSSI: -88 [da:20:3b:b4:04:7c]
RSSI: -92 [da:1a:97:8e:02:4a]
RSSI: -89 [da:18:b3:9d:02:bb]
RSSI: -85 [da:18:b3:ab:02:eb]
RSSI: -91 [da:18:b3:ab:02:eb]
RSSI: -88 [da:1a:97:a9:02:9a]
RSSI: -89 [da:18:b3:ba:03:0b]
RSSI: -87 [da:18:b3:ba:03:0b]
RSSI: -91 [da:1a:97:c4:02:da]
RSSI: -89 [da:1a:97:c4:02:da]
RSSI: -85 [da:1a:97:d3:03:0a]
RSSI: -86 [da:1a:97:d3:03:0a]
RSSI: -83 [da:1a:97:e1:03:2a]
RSSI: -84 [da:1a:97:e1:03:2a]
RSSI: -81 [da:1a:97:ee:03:5a]
RSSI: -93 [da:20:3c:1b:05:bc]
RSSI: -87 [da:20:3c:1b:05:bc]
RSSI: -83 [da:1a:97:fc:03:7a]
RSSI: -83 [da:1a:98:0a:03:aa]
RSSI: -85 [da:1a:98:0a:03:aa]
RSSI: -84 [da:20:3c:34:06:0c]
RSSI: -82 [da:1a:98:17:03:ca]
RSSI: -86 [da:1a:98:17:03:ca]
RSSI: -87 [da:20:3c:41:06:3c]
RSSI: -82 [da:20:3c:41:06:3c]
RSSI: -86 [da:1a:98:25:03:ea]
RSSI: -83 [da:20:3c:4e:06:5c]
RSSI: -84 [da:20:3c:4e:06:5c]
RSSI: -84 [da:20:3c:4e:06:5c]
RSSI: -87 [da:1a:98:34:04:1a]
RSSI: -86 [da:1a:98:34:04:1a]
RSSI: -80 [da:20:3c:5b:06:8c]
RSSI: -93 [da:18:b4:44:04:ab]
RSSI: -85 [da:1a:98:40:04:3a]
RSSI: -82 [da:20:3c:68:06:ac]
RSSI: -83 [da:20:3c:75:06:dc]
RSSI: -82 [da:1a:98:4f:04:6a]
RSSI: -83 [da:20:3c:75:06:dc]
RSSI: -83 [da:20:3c:75:06:dc]
RSSI: -84 [da:1a:98:5d:04:8a]
RSSI: -83 [da:20:3c:81:07:0c]
RSSI: -91 [da:1d:a1:77:02:1e]
RSSI: -91 [da:1d:a1:84:02:4e]
RSSI: -85 [da:20:3c:9b:07:5c]
RSSI: -80 [da:1a:98:78:04:da]
RSSI: -89 [da:20:3c:9b:07:5c]
RSSI: -81 [da:1a:98:78:04:da]
RSSI: -80 [da:1a:98:86:04:fa]
RSSI: -78 [da:1a:98:86:04:fa]
RSSI: -80 [da:1a:98:93:05:2a]
RSSI: -83 [da:20:3c:c2:07:cc]
RSSI: -79 [da:1a:98:a1:05:4a]
RSSI: -77 [da:1a:98:b0:05:7a]
RSSI: -86 [da:20:3c:db:08:1c]
RSSI: -80 [da:1a:98:bc:05:9a]
RSSI: -82 [da:20:3c:e8:08:4c]
RSSI: -93 [da:20:3c:e8:08:4c]
RSSI: -80 [da:1a:98:cb:05:ca]
RSSI: -83 [da:20:3c:f5:08:7c]
RSSI: -79 [da:1a:98:cb:05:ca]
RSSI: -84 [da:20:3c:f5:08:7c]
RSSI: -79 [da:1a:98:d9:05:ea]
RSSI: -79 [da:1a:98:d9:05:ea]
RSSI: -87 [da:20:3d:02:08:9c]
RSSI: -82 [da:20:3d:02:08:9c]
RSSI: -78 [da:1a:98:e6:06:1a]
RSSI: -77 [da:1a:98:e6:06:1a]
RSSI: -83 [da:20:3d:0f:08:cc]
RSSI: -77 [da:1a:98:f4:06:3a]
RSSI: -80 [da:20:3d:1b:08:ec]
RSSI: -75 [da:1a:98:f4:06:3a]
RSSI: -80 [da:20:3d:1b:08:ec]
RSSI: -79 [da:20:3d:1b:08:ec]
RSSI: -75 [da:1a:99:02:06:6a]
RSSI: -81 [da:20:3d:29:09:1c]
RSSI: -78 [da:20:3d:29:09:1c]
RSSI: -77 [da:20:3d:35:09:4c]
RSSI: -73 [da:1a:99:0f:06:8a]
RSSI: -80 [da:20:3d:35:09:4c]
RSSI: -72 [da:1a:99:1e:06:ba]
RSSI: -89 [da:1d:a2:2f:04:2e]
RSSI: -72 [da:1a:99:1e:06:ba]
RSSI: -73 [da:1a:99:1e:06:ba]
RSSI: -87 [da:1d:a2:3e:04:5e]
RSSI: -72 [da:1a:99:2c:06:da]
RSSI: -82 [da:20:3d:4f:09:9c]
RSSI: -71 [da:1a:99:2c:06:da]
RSSI: -80 [da:20:3d:4f:09:9c]
RSSI: -86 [da:1d:a2:3e:04:5e]
RSSI: -82 [da:20:3d:5c:09:bc]
RSSI: -89 [da:1d:a2:4d:04:8e]
RSSI: -70 [da:1a:99:38:06:fa]
RSSI: -80 [da:20:3d:5c:09:bc]
RSSI: -87 [da:1d:a2:4d:04:8e]
RSSI: -70 [da:1a:99:38:06:fa]
RSSI: -79 [da:20:3d:69:09:ec]
RSSI: -87 [da:1d:a2:5a:04:ae]
RSSI: -85 [da:1d:a2:5a:04:ae]
RSSI: -69 [da:1a:99:55:07:5a]
RSSI: -87 [da:1d:a2:69:04:de]
RSSI: -69 [da:1a:99:55:07:5a]
RSSI: -82 [da:20:3d:83:0a:3c]
RSSI: -69 [da:1a:99:62:07:7a]
RSSI: -79 [da:20:3d:83:0a:3c]
RSSI: -68 [da:1a:99:62:07:7a]
RSSI: -78 [da:20:3d:8f:0a:6c]
RSSI: -78 [da:20:3d:8f:0a:6c]
RSSI: -78 [da:20:3d:9c:0a:8c]
RSSI: -68 [da:1a:99:70:07:9a]
RSSI: -90 [da:1d:a2:85:05:2e]
RSSI: -78 [da:20:3d:9c:0a:8c]
RSSI: -67 [da:1a:99:7f:07:ca]
RSSI: -90 [da:1d:a2:94:05:5e]
RSSI: -90 [da:18:b5:86:08:6b]
RSSI: -76 [da:20:3d:a9:0a:bc]
RSSI: -67 [da:1a:99:8b:07:ea]
RSSI: -78 [da:20:3d:a9:0a:bc]
RSSI: -68 [da:1a:99:8b:07:ea]
RSSI: -78 [da:20:3d:b6:0a:dc]
RSSI: -92 [da:1d:a2:a3:05:8e]
RSSI: -67 [da:1a:99:8b:07:ea]
RSSI: -76 [da:20:3d:b6:0a:dc]
RSSI: -81 [da:20:3d:c3:0b:0c]
RSSI: -80 [da:20:3d:c3:0b:0c]
RSSI: -78 [da:20:3d:d0:0b:2c]
RSSI: -90 [da:1d:a2:bf:05:de]
RSSI: -68 [da:1a:99:a8:08:3a]
RSSI: -81 [da:20:3d:d0:0b:2c]
RSSI: -70 [da:1a:99:b5:08:6a]
RSSI: -80 [da:20:3d:dc:0b:5c]
RSSI: -80 [da:20:3d:e9:0b:8c]
RSSI: -69 [da:1a:99:c3:08:8a]
RSSI: -79 [da:20:3d:e9:0b:8c]
RSSI: -71 [da:1a:99:c3:08:8a]
RSSI: -79 [da:20:3d:e9:0b:8c]
RSSI: -71 [da:1a:99:d2:08:ba]
RSSI: -80 [da:20:3d:f6:0b:ac]
RSSI: -70 [da:1a:99:d2:08:ba]
RSSI: -81 [da:20:3d:f6:0b:ac]
RSSI: -81 [da:20:3e:03:0b:dc]
RSSI: -90 [da:1d:a2:f9:06:7e]
RSSI: -83 [da:20:3e:03:0b:dc]
RSSI: -84 [da:20:3e:10:0b:fc]
RSSI: -71 [da:1a:99:ed:09:0a]
RSSI: -83 [da:20:3e:10:0b:fc]
RSSI: -72 [da:1a:99:ed:09:0a]
RSSI: -89 [da:1d:a3:05:06:ae]
RSSI: -73 [da:1a:99:fb:09:2a]
RSSI: -88 [da:20:3e:1d:0c:2c]
RSSI: -90 [da:1d:a3:14:06:ce]
RSSI: -83 [da:20:3e:2a:0c:5c]
RSSI: -90 [da:1d:a3:14:06:ce]
RSSI: -74 [da:1a:9a:08:09:4a]
RSSI: -89 [da:18:b6:11:0a:0b]
RSSI: -94 [da:20:3e:37:0c:7c]
RSSI: -90 [da:1d:a3:23:06:fe]
RSSI: -85 [da:20:3e:37:0c:7c]
RSSI: -77 [da:1a:9a:16:09:7a]
RSSI: -90 [da:18:b6:1f:0a:2b]
RSSI: -90 [da:1d:a3:30:07:1e]
RSSI: -79 [da:1a:9a:25:09:aa]
RSSI: -81 [da:1a:9a:25:09:aa]
RSSI: -91 [da:1d:a3:4e:07:7e]
RSSI: -80 [da:1a:9a:31:09:ca]
RSSI: -91 [da:20:3e:5d:0c:fc]
RSSI: -83 [da:1a:9a:40:09:fa]
RSSI: -92 [da:18:b6:49:0a:ab]
RSSI: -82 [da:1a:9a:40:09:fa]
RSSI: -85 [da:20:3e:6a:0d:2c]
RSSI: -81 [da:1a:9a:4e:0a:1a]
RSSI: -82 [da:1a:9a:4e:0a:1a]
RSSI: -87 [da:20:3e:77:0d:4c]
RSSI: -86 [da:20:3e:77:0d:4c]
RSSI: -88 [da:20:3e:84:0d:7c]
RSSI: -80 [da:1a:9a:5b:0a:3a]
RSSI: -85 [da:20:3e:84:0d:7c]
RSSI: -77 [da:1a:9a:69:0a:6a]
RSSI: -78 [da:1a:9a:69:0a:6a]
RSSI: -86 [da:20:3e:91:0d:9c]
RSSI: -86 [da:20:3e:91:0d:9c]
RSSI: -80 [da:1a:9a:78:0a:9a]
RSSI: -85 [da:20:3e:9e:0d:cc]
RSSI: -85 [da:20:3e:9e:0d:cc]
RSSI: -80 [da:1a:9a:84:0a:ba]
RSSI: -87 [da:20:3e:ab:0d:fc]
RSSI: -80 [da:1a:9a:84:0a:ba]
RSSI: -86 [da:20:3e:ab:0d:fc]
RSSI: -80 [da:1a:9a:84:0a:ba]
RSSI: -89 [da:1d:a3:a4:08:6e]
RSSI: -83 [da:1a:9a:93:0a:da]
RSSI: -84 [da:1a:9a:a1:0b:0a]
RSSI: -85 [da:20:3e:c4:0e:4c]
RSSI: -86 [da:20:3e:c4:0e:4c]
RSSI: -85 [da:1a:9a:a1:0b:0a]
RSSI: -85 [da:20:3e:c4:0e:4c]
RSSI: -88 [da:20:3e:d2:0e:6c]
RSSI: -84 [da:1a:9a:ae:0b:2a]
RSSI: -85 [da:20:3e:d2:0e:6c]
RSSI: -84 [da:1a:9a:ae:0b:2a]
RSSI: -83 [da:1a:9a:bc:0b:5a]
RSSI: -81 [da:20:3e:eb:0e:cc]
RSSI: -81 [da:1a:9a:cb:0b:8a]
RSSI: -91 [da:20:3e:f8:0e:ec]
RSSI: -83 [da:1a:9a:d7:0b:aa]
RSSI: -88 [da:20:3e:f8:0e:ec]
RSSI: -83 [da:1a:9a:d7:0b:aa]
RSSI: -87 [da:20:3f:05:0f:1c]
RSSI: -86 [da:1a:9a:e6:0b:da]
RSSI: -91 [da:1a:9a:f4:0b:fa]
RSSI: -91 [da:1a:9b:10:0c:4a]
RSSI: -88 [da:20:3f:39:0f:bc]
RSSI: -88 [da:1a:9b:1e:0c:6a]
RSSI: -91 [da:1a:9b:2b:0c:9a]
RSSI: -90 [da:1a:9b:2b:0c:9a]
RSSI: -82 [da:20:3f:53:10:1c]
RSSI: -92 [da:1a:9b:39:0c:ba]
RSSI: -91 [da:1d:a4:50:0a:5e]
RSSI: -83 [da:20:3f:5f:10:3c]
RSSI: -79 [da:20:3f:6d:10:6c]
RSSI: -88 [da:1a:9b:54:0d:0a]
RSSI: -76 [da:20:3f:7a:10:8c]
RSSI: -91 [da:1d:a4:6c:0a:ae]
RSSI: -77 [da:20:3f:86:10:bc]
RSSI: -88 [da:1d:a4:7b:0a:de]
RSSI: -72 [da:20:3f:93:10:ec]
RSSI: -88 [da:1a:9b:71:0d:5a]
RSSI: -71 [da:20:3f:a0:11:0c]
RSSI: -94 [da:1d:a4:97:0b:2e]
RSSI: -72 [da:20:3f:ad:11:3c]
RSSI: -90 [da:1d:a4:a6:0b:5e]
RSSI: -90 [da:1d:a4:a6:0b:5e]
RSSI: -93 [da:1a:9b:9b:0d:da]
RSSI: -87 [da:1d:a4:b3:0b:8e]
RSSI: -68 [da:20:3f:c7:11:8c]
RSSI: -70 [da:20:3f:d4:11:ac]
RSSI: -87 [da:1d:a4:c2:0b:ae]
RSSI: -70 [da:20:3f:d4:11:ac]
RSSI: -67 [da:20:3f:e1:11:dc]
RSSI: -89 [da:1a:9b:c5:0e:5a]
RSSI: -67 [da:20:3f:ee:11:fc]
RSSI: -87 [da:1d:a4:de:0c:0e]
RSSI: -67 [da:20:3f:ee:11:fc]
RSSI: -86 [da:1d:a4:de:0c:0e]
RSSI: -69 [da:20:3f:fb:12:2c]
RSSI: -68 [da:20:3f:fb:12:2c]
RSSI: -84 [da:1d:a4:ed:0c:2e]
RSSI: -91 [da:1a:9b:e0:0e:9a]
RSSI: -67 [da:20:40:08:12:4c]
RSSI: -68 [da:20:40:08:12:4c]
RSSI: -80 [da:1d:a4:fc:0c:5e]
RSSI: -80 [da:1d:a4:fc:0c:5e]
RSSI: -69 [da:20:40:15:12:7c]
RSSI: -69 [da:20:40:15:12:7c]
RSSI: -69 [da:20:40:22:12:9c]
RSSI: -91 [da:1a:9b:fb:0e:ea]
RSSI: -80 [da:1d:a5:18:0c:ae]
RSSI: -80 [da:1d:a5:18:0c:ae]
RSSI: -70 [da:20:40:2f:12:cc]
RSSI: -75 [da:1d:a5:27:0c:de]
RSSI: -90 [da:1a:9c:18:0f:4a]
RSSI: -79 [da:1d:a5:27:0c:de]
RSSI: -92 [da:1a:9c:18:0f:4a]
RSSI: -73 [da:20:40:3c:12:fc]
RSSI: -75 [da:1d:a5:34:0c:fe]
RSSI: -72 [da:20:40:49:13:1c]
RSSI: -76 [da:20:40:49:13:1c]
RSSI: -76 [da:20:40:56:13:4c]
RSSI: -77 [da:1d:a5:43:0d:2e]
RSSI: -92 [da:1a:9c:33:0f:9a]
RSSI: -77 [da:20:40:56:13:4c]
RSSI: -78 [da:1d:a5:52:0d:5e]
RSSI: -81 [da:20:40:63:13:6c]
RSSI: -78 [da:1d:a5:52:0d:5e]
RSSI: -85 [da:20:40:63:13:6c]
RSSI: -88 [da:20:40:6f:13:9c]
RSSI: -76 [da:1d:a5:5f:0d:7e]
RSSI: -83 [da:20:40:6f:13:9c]
RSSI: -77 [da:1d:a5:5f:0d:7e]
RSSI: -81 [da:20:40:7d:13:bc]
RSSI: -79 [da:20:40:8a:13:ec]
RSSI: -76 [da:20:40:8a:13:ec]
RSSI: -75 [da:20:40:8a:13:ec]
RSSI: -73 [da:20:40:96:14:1c]
RSSI: -92 [da:1a:9c:78:10:5a]
RSSI: -79 [da:1d:a5:8a:0d:fe]
RSSI: -77 [da:20:40:96:14:1c]
RSSI: -80 [da:1d:a5:8a:0d:fe]
RSSI: -75 [da:20:40:a4:14:3c]
RSSI: -73 [da:20:40:a4:14:3c]
RSSI: -79 [da:1d:a5:99:0e:2e]
RSSI: -76 [da:20:40:b1:14:6c]
RSSI: -75 [da:20:40:b1:14:6c]
RSSI: -80 [da:1d:a5:a9:0e:5e]
RSSI: -85 [da:1a:9c:95:10:aa]
RSSI: -84 [da:1d:a5:a9:0e:5e]
RSSI: -86 [da:1a:9c:95:10:aa]
RSSI: -77 [da:20:40:bd:14:8c]
RSSI: -77 [da:20:40:bd:14:8c]
RSSI: -77 [da:20:40:cb:14:bc]
RSSI: -79 [da:20:40:cb:14:bc]
RSSI: -82 [da:1d:a5:c5:0e:ae]
RSSI: -79 [da:20:40:d8:14:ec]
RSSI: -85 [da:1a:9c:b1:10:fa]
RSSI: -81 [da:1d:a5:c5:0e:ae]
RSSI: -80 [da:20:40:d8:14:ec]
RSSI: -86 [da:1a:9c:b1:10:fa]
RSSI: -85 [da:1d:a5:c5:0e:ae]
RSSI: -88 [da:1a:9c:bf:11:2a]
RSSI: -85 [da:1a:9c:bf:11:2a]
RSSI: -83 [da:1d:a5:d4:0e:ce]
RSSI: -86 [da:1a:9c:cc:11:4a]
RSSI: -81 [da:20:40:f1:15:3c]
RSSI: -89 [da:1a:9c:cc:11:4a]
RSSI: -81 [da:20:40:f1:15:3c]
RSSI: -81 [da:20:40:ff:15:6c]
RSSI: -84 [da:1a:9c:da:11:6a]
RSSI: -80 [da:20:40:ff:15:6c]
RSSI: -87 [da:1a:9c:da:11:6a]
RSSI: -79 [da:20:41:0b:15:8c]
RSSI: -78 [da:20:41:18:15:bc]
RSSI: -80 [da:20:41:26:15:dc]
RSSI: -80 [da:20:41:26:15:dc]
RSSI: -85 [da:1d:a6:1b:0f:9e]
RSSI: -81 [da:20:41:32:16:0c]
RSSI: -90 [da:1d:a6:2a:0f:ce]
RSSI: -90 [da:1d:a6:2a:0f:ce]
RSSI: -79 [da:20:41:3f:16:2c]
RSSI: -82 [da:20:41:4d:16:5c]
RSSI: -88 [da:1d:a6:37:0f:ee]
RSSI: -93 [da:1a:9d:2e:12:5a]
RSSI: -83 [da:20:41:59:16:7c]
RSSI: -84 [da:20:41:59:16:7c]
RSSI: -86 [da:1d:a6:55:10:4e]
RSSI: -92 [da:1a:9d:3c:12:8a]
RSSI: -89 [da:1a:9d:49:12:aa]
RSSI: -84 [da:20:41:80:00:7c]
RSSI: -92 [da:1a:9d:58:12:da]
RSSI: -86 [da:1d:a6:71:10:9e]
RSSI: -81 [da:20:41:80:00:7c]
RSSI: -90 [da:1a:9d:66:12:fa]
RSSI: -86 [da:1d:a6:71:10:9e]
RSSI: -80 [da:20:41:8d:00:ac]
RSSI: -88 [da:1a:9d:66:12:fa]
RSSI: -83 [da:1d:a6:80:10:ce]
RSSI: -82 [da:20:41:8d:00:ac]
RSSI: -85 [da:1d:a6:80:10:ce]
RSSI: -91 [da:1a:9d:73:13:1a]
RSSI: -80 [da:20:41:9b:00:dc]
RSSI: -82 [da:1d:a6:8d:10:ee]
RSSI: -82 [da:1d:a6:8d:10:ee]
RSSI: -84 [da:20:41:a7:00:fc]
RSSI: -89 [da:1a:9d:82:13:4a]
RSSI: -80 [da:20:41:a7:00:fc]
RSSI: -85 [da:1d:a6:9c:11:0e]
RSSI: -80 [da:20:41:b5:01:2c]
RSSI: -86 [da:20:41:b5:01:2c]
RSSI: -85 [da:1d:a6:ac:11:3e]
RSSI: -85 [da:1d:a6:ac:11:3e]
RSSI: -83 [da:20:41:c2:01:4c]
RSSI: -83 [da:1d:a6:b8:11:6e]
RSSI: -88 [da:1a:9d:ac:13:ba]
RSSI: -87 [da:20:41:ce:01:7c]
RSSI: -86 [da:1d:a6:b8:11:6e]
RSSI: -90 [da:1a:9d:ac:13:ba]
RSSI: -85 [da:20:41:ce:01:7c]
RSSI: -84 [da:1d:a6:c8:11:8e]
RSSI: -86 [da:20:41:dc:01:ac]
RSSI: -87 [da:1a:9d:ba:13:ea]
RSSI: -85 [da:1d:a6:d7:11:be]
RSSI: -85 [da:1d:a6:d7:11:be]
RSSI: -83 [da:20:41:e9:01:cc]
RSSI: -86 [da:1d:a6:e4:11:de]
RSSI: -90 [da:1a:9d:d5:14:3a]
RSSI: -85 [da:20:41:f5:01:fc]
RSSI: -86 [da:20:42:03:02:1c]
RSSI: -87 [da:1a:9d:e4:14:6a]
RSSI: -86 [da:20:42:03:02:1c]
RSSI: -87 [da:1a:9d:e4:14:6a]
RSSI: -84 [da:20:42:10:02:4c]
RSSI: -85 [da:1d:a7:02:12:3e]
RSSI: -85 [da:1d:a7:02:12:3e]
RSSI: -89 [da:20:42:1c:02:6c]
RSSI: -86 [da:1a:9d:f1:14:8a]
RSSI: -86 [da:20:42:1c:02:6c]
RSSI: -85 [da:1d:a7:0f:12:5e]
RSSI: -91 [da:1a:9d:ff:14:aa]
RSSI: -87 [da:20:42:1c:02:6c]
RSSI: -88 [da:1d:a7:1e:12:8e]
RSSI: -86 [da:1a:9e:0e:14:da]
RSSI: -91 [da:1a:9e:0e:14:da]
RSSI: -86 [da:1d:a7:1e:12:8e]
RSSI: -86 [da:1a:9e:1a:14:fa]
RSSI: -88 [da:1a:9e:29:15:2a]
RSSI: -86 [da:1d:a7:3a:12:de]
RSSI: -87 [da:1a:9e:29:15:2a]
RSSI: -94 [da:20:42:51:03:1c]
RSSI: -87 [da:1a:9e:38:15:4a]
RSSI: -87 [da:1d:a7:49:13:0e]
RSSI: -86 [da:1a:9e:44:15:6a]
RSSI: -89 [da:1d:a7:59:13:3e]
RSSI: -86 [da:1a:9e:44:15:6a]
RSSI: -87 [da:1d:a7:59:13:3e]
RSSI: -87 [da:1a:9e:44:15:6a]
RSSI: -88 [da:1d:a7:65:13:5e]
RSSI: -90 [da:1d:a7:65:13:5e]
RSSI: -90 [da:1a:9e:62:15:ca]
RSSI: -91 [da:1d:a7:75:13:8e]
RSSI: -86 [da:1a:9e:62:15:ca]
RSSI: -89 [da:1a:9e:6e:15:ea]
RSSI: -89 [da:1a:9e:7d:16:0a]
RSSI: -91 [da:1d:a7:91:13:de]
RSSI: -87 [da:1a:9e:8c:00:2a]
RSSI: -90 [da:1d:a7:a0:14:0e]
RSSI: -89 [da:1a:9e:98:00:4a]
RSSI: -88 [da:1a:9e:a7:00:7a]
RSSI: -91 [da:1d:a7:bc:14:4e]
RSSI: -92 [da:1a:9e:a7:00:7a]
RSSI: -90 [da:1d:a7:cb:14:7e]
RSSI: -94 [da:1d:a7:cb:14:7e]
RSSI: -93 [da:1d:a7:db:14:ae]
RSSI: -94 [da:18:ba:d1:01:7b]
RSSI: -90 [da:1d:a7:e7:14:ce]
RSSI: -88 [da:18:ba:e0:01:ab]
RSSI: -93 [da:18:ba:e0:01:ab]
RSSI: -91 [da:1a:9e:e0:01:1a]
RSSI: -90 [da:18:ba:ec:01:cb]
RSSI: -90 [da:1a:9e:ec:01:3a]
RSSI: -88 [da:20:43:22:05:ac]
RSSI: -92 [da:1a:9e:fb:01:6a]
RSSI: -86 [da:20:43:2e:05:cc]
RSSI: -88 [da:18:bb:17:02:4b]
RSSI: -95 [da:1d:a8:22:15:6e]
RSSI: -91 [da:18:bb:26:02:7b]
RSSI: -86 [da:20:43:49:06:2c]
RSSI: -91 [da:18:bb:26:02:7b]
RSSI: -88 [da:20:43:56:06:4c]
RSSI: -86 [da:20:43:56:06:4c]
RSSI: -91 [da:18:bb:41:02:cb]
RSSI: -85 [da:20:43:63:06:7c]
RSSI: -88 [da:18:bb:50:02:fb]
RSSI: -85 [da:20:43:70:06:9c]
RSSI: -90 [da:1a:9f:4f:02:5a]
RSSI: -84 [da:20:43:7d:06:cc]
RSSI: -83 [da:20:43:7d:06:cc]
RSSI: -87 [da:1a:9f:6a:02:9a]
RSSI: -87 [da:20:43:a4:07:4c]
RSSI: -83 [da:20:43:a4:07:4c]
RSSI: -90 [da:20:43:b1:07:7c]
RSSI: -91 [da:1a:9f:94:03:1a]
RSSI: -84 [da:1a:9f:a3:03:3a]
RSSI: -85 [da:20:43:cb:07:cc]
RSSI: -82 [da:1a:9f:b2:03:6a]
RSSI: -88 [da:20:43:d9:07:ec]
RSSI: -84 [da:1a:9f:b2:03:6a]
RSSI: -85 [da:1a:9f:be:03:8a]
RSSI: -83 [da:1a:9f:be:03:8a]
RSSI: -82 [da:1a:9f:cd:03:ba]
RSSI: -84 [da:20:43:f3:08:4c]
RSSI: -83 [da:1a:9f:dc:03:da]
RSSI: -86 [da:20:44:00:08:6c]
RSSI: -86 [da:1a:9f:dc:03:da]
RSSI: -85 [da:1a:9f:e9:03:fa]
RSSI: -83 [da:20:44:1a:08:cc]
RSSI: -83 [da:20:44:1a:08:cc]
RSSI: -88 [da:1a:9f:f7:04:2a]
RSSI: -84 [da:1a:a0:06:04:5a]
RSSI: -81 [da:20:44:27:08:ec]
RSSI: -82 [da:20:44:35:09:1c]
RSSI: -81 [da:20:44:35:09:1c]
RSSI: -79 [da:20:44:41:09:4c]
RSSI: -81 [da:20:44:41:09:4c]
RSSI: -83 [da:1a:a0:21:04:9a]
RSSI: -80 [da:20:44:4f:09:6c]
RSSI: -92 [da:1d:a9:43:02:4e]
RSSI: -80 [da:1a:a0:30:04:ca]
RSSI: -81 [da:20:44:5c:09:9c]
RSSI: -78 [da:20:44:5c:09:9c]
RSSI: -80 [da:1a:a0:3d:04:ea]
RSSI: -76 [da:20:44:69:09:cc]
RSSI: -79 [da:1a:a0:4c:05:1a]
RSSI: -80 [da:20:44:69:09:cc]
RSSI: -79 [da:1a:a0:4c:05:1a]
RSSI: -79 [da:20:44:76:09:ec]
RSSI: -76 [da:20:44:76:09:ec]
RSSI: -80 [da:1a:a0:5a:05:3a]
RSSI: -80 [da:20:44:83:0a:1c]
RSSI: -80 [da:1a:a0:5a:05:3a]
RSSI: -79 [da:20:44:83:0a:1c]
RSSI: -80 [da:1a:a0:67:05:6a]
RSSI: -77 [da:20:44:90:0a:3c]
RSSI: -79 [da:20:44:90:0a:3c]
RSSI: -81 [da:1a:a0:76:05:8a]
RSSI: -80 [da:20:44:9d:0a:6c]
RSSI: -77 [da:20:44:9d:0a:6c]
RSSI: -81 [da:1a:a0:84:05:ba]
RSSI: -80 [da:20:44:ab:0a:9c]
RSSI: -81 [da:1a:a0:84:05:ba]
RSSI: -81 [da:20:44:ab:0a:9c]
RSSI: -81 [da:1a:a0:91:05:da]
RSSI: -83 [da:20:44:b7:0a:bc]
RSSI: -81 [da:1a:a0:91:05:da]
RSSI: -80 [da:20:44:b7:0a:bc]
RSSI: -79 [da:1a:a0:a0:06:0a]
RSSI: -80 [da:1a:a0:a0:06:0a]
RSSI: -85 [da:20:44:ca:0a:fc]
RSSI: -79 [da:1a:a0:af:06:2a]
RSSI: -89 [da:1d:a9:b8:03:9e]
RSSI: -82 [da:20:44:ca:0a:fc]
RSSI: -78 [da:1a:a0:af:06:2a]
RSSI: -77 [da:20:44:da:0b:2c]
RSSI: -77 [da:1a:a0:bb:06:4a]
RSSI: -82 [da:20:44:e7:0b:5c]
RSSI: -76 [da:1a:a0:ca:06:7a]
RSSI: -76 [da:1a:a0:ca:06:7a]
RSSI: -84 [da:20:44:f4:0b:7c]
RSSI: -86 [da:1d:a9:ea:04:2e]
RSSI: -85 [da:20:44:f4:0b:7c]
RSSI: -76 [da:1a:a0:d9:06:aa]
RSSI: -81 [da:20:45:02:0b:ac]
RSSI: -84 [da:1d:a9:f7:04:4e]
RSSI: -86 [da:20:45:0e:0b:dc]
RSSI: -75 [da:1a:a0:e5:06:ca]
RSSI: -86 [da:1d:a9:f7:04:4e]
RSSI: -85 [da:20:45:0e:0b:dc]
RSSI: -84 [da:20:45:0e:0b:dc]
RSSI: -74 [da:1a:a0:e5:06:ca]
RSSI: -85 [da:1d:aa:06:04:7e]
RSSI: -83 [da:20:45:1c:0b:fc]
RSSI: -74 [da:1a:a0:f9:06:fa]
RSSI: -85 [da:20:45:1c:0b:fc]
RSSI: -86 [da:20:45:29:0c:2c]
RSSI: -89 [da:1d:aa:16:04:ae]
RSSI: -87 [da:20:45:29:0c:2c]
RSSI: -73 [da:1a:a1:16:07:4a]
RSSI: -88 [da:20:45:36:0c:5c]
RSSI: -71 [da:1a:a1:16:07:4a]
RSSI: -89 [da:1d:aa:32:04:fe]
RSSI: -72 [da:1a:a1:25:07:7a]
RSSI: -89 [da:1d:aa:32:04:fe]
RSSI: -71 [da:1a:a1:25:07:7a]
RSSI: -85 [da:20:45:50:0c:ac]
RSSI: -71 [da:1a:a1:34:07:aa]
RSSI: -88 [da:1d:aa:41:05:2e]
RSSI: -87 [da:20:45:50:0c:ac]
RSSI: -71 [da:1a:a1:34:07:aa]
RSSI: -85 [da:20:45:5d:0c:dc]
RSSI: -81 [da:20:45:5d:0c:dc]
RSSI: -71 [da:1a:a1:41:07:ca]
RSSI: -89 [da:20:45:6b:0c:fc]
RSSI: -84 [da:20:45:6b:0c:fc]
RSSI: -71 [da:1a:a1:50:07:ea]
RSSI: -88 [da:1d:aa:6d:05:ae]
RSSI: -84 [da:20:45:84:0d:4c]
RSSI: -72 [da:1a:a1:6b:08:3a]
RSSI: -89 [da:1d:aa:79:05:ce]
RSSI: -72 [da:1a:a1:6b:08:3a]
RSSI: -72 [da:1a:a1:6b:08:3a]
RSSI: -73 [da:1a:a1:6b:08:3a]
RSSI: -87 [da:1d:aa:89:05:fe]
RSSI: -73 [da:1a:a1:7a:08:6a]
RSSI: -85 [da:20:45:9f:0d:ac]
RSSI: -89 [da:1d:aa:98:06:2e]
RSSI: -74 [da:1a:a1:89:08:9a]
RSSI: -75 [da:1a:a1:89:08:9a]
RSSI: -81 [da:20:45:ac:0d:cc]
RSSI: -74 [da:1a:a1:89:08:9a]
RSSI: -87 [da:1d:aa:a5:06:4e]
RSSI: -89 [da:1d:aa:a5:06:4e]
RSSI: -73 [da:1a:a1:95:08:ba]
RSSI: -82 [da:20:45:c7:0e:2c]
RSSI: -74 [da:1a:a1:a4:08:ea]
RSSI: -82 [da:20:45:c7:0e:2c]
RSSI: -74 [da:1a:a1:a4:08:ea]
RSSI: -75 [da:1a:a1:b3:09:0a]
RSSI: -80 [da:20:45:d3:0e:4c]
RSSI: -75 [da:1a:a1:b3:09:0a]
RSSI: -89 [da:1d:aa:d1:06:ce]
RSSI: -82 [da:20:45:ee:0e:ac]
RSSI: -89 [da:1d:aa:e0:06:fe]
RSSI: -81 [da:1a:a1:ce:09:5a]
RSSI: -80 [da:20:45:ee:0e:ac]
RSSI: -78 [da:20:45:fb:0e:cc]
RSSI: -82 [da:20:45:fb:0e:cc]
RSSI: -82 [da:1a:a1:dd:09:8a]
RSSI: -79 [da:20:46:08:0e:fc]
RSSI: -78 [da:20:46:08:0e:fc]
RSSI: -88 [da:1a:a1:ea:09:aa]
RSSI: -93 [da:1d:aa:fc:07:4e]
RSSI: -85 [da:1a:a1:ea:09:aa]
RSSI: -80 [da:20:46:16:0f:1c]
RSSI: -80 [da:20:46:16:0f:1c]
RSSI: -83 [da:20:46:22:0f:4c]
RSSI: -84 [da:1a:a2:07:09:fa]
RSSI: -83 [da:20:46:22:0f:4c]
RSSI: -85 [da:1a:a2:07:09:fa]
RSSI: -84 [da:20:46:30:0f:7c]
RSSI: -87 [da:20:46:3d:0f:9c]
RSSI: -83 [da:1a:a2:14:0a:2a]
RSSI: -89 [da:20:46:3d:0f:9c]
RSSI: -83 [da:1a:a2:23:0a:4a]
RSSI: -83 [da:1a:a2:23:0a:4a]
RSSI: -83 [da:1a:a2:23:0a:4a]
RSSI: -84 [da:1a:a2:32:0a:7a]
RSSI: -84 [da:1a:a2:3e:0a:9a]
RSSI: -82 [da:20:46:65:10:1c]
RSSI: -97 [da:1d:ab:54:08:4e]
RSSI: -87 [da:1a:a2:3e:0a:9a]
RSSI: -80 [da:20:46:65:10:1c]
RSSI: -77 [da:20:46:7f:10:7c]
RSSI: -73 [da:20:46:8c:10:9c]
RSSI: -87 [da:1a:a2:69:0b:1a]
RSSI: -73 [da:20:46:8c:10:9c]
RSSI: -74 [da:20:46:99:10:cc]
RSSI: -74 [da:20:46:99:10:cc]
RSSI: -92 [da:1d:ab:8f:08:fe]
RSSI: -85 [da:1a:a2:78:0b:4a]
RSSI: -85 [da:1a:a2:87:0b:6a]
RSSI: -69 [da:20:46:a7:10:fc]
RSSI: -86 [da:1a:a2:87:0b:6a]
RSSI: -70 [da:20:46:b4:11:1c]
RSSI: -88 [da:1a:a2:93:0b:8a]
RSSI: -87 [da:1a:a2:93:0b:8a]
RSSI: -72 [da:20:46:c1:11:4c]
RSSI: -70 [da:20:46:c1:11:4c]
RSSI: -70 [da:20:46:ce:11:7c]
RSSI: -72 [da:20:46:ce:11:7c]
RSSI: -71 [da:20:46:dc:11:9c]
RSSI: -72 [da:20:46:e8:11:cc]
RSSI: -70 [da:20:46:e8:11:cc]
RSSI: -91 [da:1a:a2:cd:0c:3a]
RSSI: -71 [da:20:46:f6:11:ec]
RSSI: -89 [da:1a:a2:db:0c:5a]
RSSI: -70 [da:20:46:f6:11:ec]
RSSI: -69 [da:20:47:03:12:1c]
RSSI: -70 [da:20:47:03:12:1c]
RSSI: -88 [da:1d:ab:f6:0a:1e]
RSSI: -70 [da:20:47:10:12:4c]
RSSI: -68 [da:20:47:10:12:4c]
RSSI: -69 [da:20:47:1d:12:6c]
RSSI: -67 [da:20:47:2b:12:9c]
RSSI: -67 [da:20:47:2b:12:9c]
RSSI: -88 [da:1d:ac:22:0a:ae]
RSSI: -72 [da:20:47:37:12:cc]
RSSI: -70 [da:20:47:37:12:cc]
RSSI: -89 [da:1d:ac:2e:0a:ce]
RSSI: -74 [da:20:47:45:12:ec]
RSSI: -77 [da:20:47:5f:13:4c]
RSSI: -82 [da:20:47:6d:13:6c]
RSSI: -90 [da:1d:ac:5a:0b:4e]
RSSI: -87 [da:20:47:6d:13:6c]
RSSI: -86 [da:1d:ac:6a:0b:7e]
RSSI: -87 [da:1d:ac:6a:0b:7e]
RSSI: -84 [da:20:47:87:13:bc]
RSSI: -87 [da:1d:ac:79:0b:9e]
RSSI: -77 [da:20:47:a2:14:1c]
RSSI: -93 [da:1a:a3:85:0e:4a]
RSSI: -81 [da:1d:ac:96:0b:fe]
RSSI: -76 [da:20:47:ae:14:3c]
RSSI: -79 [da:1d:ac:a5:0c:1e]
RSSI: -80 [da:20:47:bc:14:6c]
RSSI: -89 [da:1a:a3:92:0e:6a]
RSSI: -80 [da:20:47:bc:14:6c]
RSSI: -79 [da:20:47:bc:14:6c]
RSSI: -80 [da:1d:ac:b2:0c:4e]
RSSI: -78 [da:20:47:bc:14:6c]
RSSI: -91 [da:1a:a3:a1:0e:9a]
RSSI: -79 [da:1d:ac:b2:0c:4e]
RSSI: -77 [da:20:47:c9:14:9c]
RSSI: -82 [da:20:47:c9:14:9c]
RSSI: -90 [da:1a:a3:b0:0e:ba]
RSSI: -79 [da:1d:ac:c1:0c:6e]
RSSI: -79 [da:20:47:d6:14:bc]
RSSI: -78 [da:20:47:d6:14:bc]
RSSI: -82 [da:20:47:e4:14:ec]
RSSI: -80 [da:1d:ac:d1:0c:9e]
RSSI: -80 [da:20:47:e4:14:ec]
RSSI: -77 [da:1d:ac:dd:0c:ce]
RSSI: -88 [da:1a:a3:cb:0f:0a]
RSSI: -83 [da:20:47:f1:15:0c]
RSSI: -80 [da:1d:ac:dd:0c:ce]
RSSI: -83 [da:20:47:f1:15:0c]
RSSI: -89 [da:1a:a3:da:0f:3a]
RSSI: -87 [da:1a:a3:da:0f:3a]
RSSI: -81 [da:1d:ac:fd:0d:1e]
RSSI: -81 [da:20:48:0b:15:6c]
RSSI: -80 [da:20:48:0b:15:6c]
RSSI: -80 [da:1d:ac:fd:0d:1e]
RSSI: -80 [da:20:48:0b:15:6c]
RSSI: -86 [da:1a:a3:f6:0f:8a]
RSSI: -80 [da:1d:ad:09:0d:4e]
RSSI: -80 [da:20:48:19:15:8c]
RSSI: -86 [da:1a:a3:f6:0f:8a]
RSSI: -78 [da:1d:ad:09:0d:4e]
RSSI: -82 [da:20:48:25:15:bc]
RSSI: -81 [da:1d:ad:19:0d:7e]
RSSI: -80 [da:1d:ad:19:0d:7e]
RSSI: -87 [da:1a:a4:11:0f:da]
RSSI: -83 [da:20:48:33:15:dc]
RSSI: -78 [da:1d:ad:29:0d:9e]
RSSI: -74 [da:1d:ad:29:0d:9e]
RSSI: -87 [da:20:48:41:16:0c]
RSSI: -88 [da:1a:a4:20:0f:fa]
RSSI: -85 [da:20:48:41:16:0c]
RSSI: -78 [da:1d:ad:35:0d:ce]
RSSI: -88 [da:1a:a4:20:0f:fa]
RSSI: -81 [da:20:48:4d:16:3c]
RSSI: -81 [da:20:48:4d:16:3c]
RSSI: -88 [da:20:48:4d:16:3c]
RSSI: -80 [da:1d:ad:45:0d:ee]
RSSI: -88 [da:1a:a4:2f:10:2a]
RSSI: -79 [da:1d:ad:45:0d:ee]
RSSI: -78 [da:1d:ad:54:0e:1e]
RSSI: -79 [da:1d:ad:54:0e:1e]
RSSI: -87 [da:1a:a4:4b:10:7a]
RSSI: -83 [da:20:48:68:00:0c]
RSSI: -87 [da:1a:a4:4b:10:7a]
RSSI: -80 [da:1d:ad:61:0e:4e]
RSSI: -79 [da:20:48:75:00:2c]
RSSI: -86 [da:1a:a4:5a:10:aa]
RSSI: -81 [da:1d:ad:71:0e:6e]
RSSI: -82 [da:20:48:83:00:5c]
RSSI: -88 [da:1a:a4:5a:10:aa]
RSSI: -82 [da:1d:ad:71:0e:6e]
RSSI: -84 [da:1d:ad:71:0e:6e]
RSSI: -80 [da:20:48:83:00:5c]
RSSI: -85 [da:20:48:90:00:7c]
RSSI: -83 [da:1d:ad:80:0e:9e]
RSSI: -82 [da:20:48:90:00:7c]
RSSI: -86 [da:1d:ad:80:0e:9e]
RSSI: -82 [da:20:48:90:00:7c]
RSSI: -83 [da:20:48:9d:00:ac]
RSSI: -85 [da:1d:ad:8d:0e:ce]
RSSI: -83 [da:20:48:9d:00:ac]
RSSI: -88 [da:1a:a4:84:11:1a]
RSSI: -82 [da:20:48:aa:00:dc]
RSSI: -80 [da:20:48:aa:00:dc]
RSSI: -80 [da:20:48:aa:00:dc]
RSSI: -87 [da:1d:ad:9d:0e:ee]
RSSI: -82 [da:20:48:b8:00:fc]
RSSI: -81 [da:20:48:b8:00:fc]
RSSI: -86 [da:1a:a4:a0:11:6a]
RSSI: -86 [da:1d:ad:b9:0f:4e]
RSSI: -88 [da:1a:a4:af:11:9a]
RSSI: -79 [da:20:48:d2:01:5c]
RSSI: -85 [da:1d:ad:c8:0f:7e]
RSSI: -85 [da:1d:ad:c8:0f:7e]
RSSI: -78 [da:20:48:e0:01:7c]
RSSI: -87 [da:1d:ad:d8:0f:9e]
RSSI: -84 [da:20:48:ec:01:ac]
RSSI: -90 [da:1a:a4:ca:11:ea]
RSSI: -84 [da:20:48:ec:01:ac]
RSSI: -80 [da:20:48:ec:01:ac]
RSSI: -87 [da:1d:ad:e5:0f:ce]
RSSI: -78 [da:20:48:fa:01:cc]
RSSI: -78 [da:20:48:fa:01:cc]
RSSI: -90 [da:1a:a4:d9:12:0a]
RSSI: -88 [da:1d:ad:f4:0f:fe]
RSSI: -82 [da:20:49:08:01:fc]
RSSI: -91 [da:1a:a4:e6:12:3a]
RSSI: -84 [da:20:49:14:02:2c]
RSSI: -90 [da:1d:ae:11:10:4e]
RSSI: -84 [da:1d:ae:11:10:4e]
RSSI: -86 [da:20:49:2f:02:7c]
RSSI: -91 [da:1a:a5:10:12:aa]
RSSI: -87 [da:1d:ae:20:10:6e]
RSSI: -85 [da:1d:ae:30:10:9e]
RSSI: -89 [da:20:49:3c:02:ac]
RSSI: -86 [da:1d:ae:30:10:9e]
RSSI: -89 [da:20:49:3c:02:ac]
RSSI: -92 [da:20:49:4a:02:cc]
RSSI: -85 [da:1d:ae:3d:10:be]
RSSI: -85 [da:1d:ae:3d:10:be]
RSSI: -90 [da:20:49:57:02:fc]
RSSI: -85 [da:1d:ae:4c:10:ee]
RSSI: -86 [da:1d:ae:5c:11:1e]
RSSI: -85 [da:1d:ae:5c:11:1e]
RSSI: -90 [da:20:49:71:03:4c]
RSSI: -86 [da:1d:ae:69:11:3e]
RSSI: -87 [da:1d:ae:78:11:6e]
RSSI: -89 [da:1a:a5:66:13:9a]
RSSI: -86 [da:1d:ae:88:11:9e]
RSSI: -86 [da:1d:ae:88:11:9e]
RSSI: -87 [da:1a:a5:75:13:ca]
RSSI: -85 [da:1d:ae:95:11:be]
RSSI: -88 [da:1a:a5:90:14:1a]
RSSI: -85 [da:1d:ae:a4:11:ee]
RSSI: -84 [da:1d:ae:a4:11:ee]
RSSI: -87 [da:1a:a5:9f:14:3a]
RSSI: -83 [da:1d:ae:b4:12:1e]
RSSI: -89 [da:1a:a5:9f:14:3a]
RSSI: -90 [da:20:49:c1:04:4c]
RSSI: -87 [da:1d:ae:b4:12:1e]
RSSI: -87 [da:1a:a5:ae:14:6a]
RSSI: -85 [da:1d:ae:c1:12:3e]
RSSI: -86 [da:1a:a5:ae:14:6a]
RSSI: -90 [da:20:49:db:04:9c]
RSSI: -87 [da:1d:ae:d0:12:6e]
RSSI: -89 [da:1d:ae:e0:12:9e]
RSSI: -89 [da:1a:a5:ca:14:ba]
RSSI: -88 [da:1a:a5:e6:15:0a]
RSSI: -88 [da:1d:ae:fc:12:ee]
RSSI: -89 [da:1d:ae:fc:12:ee]
RSSI: -88 [da:1d:af:0c:13:1e]
RSSI: -90 [da:1a:a6:04:15:5a]
RSSI: -88 [da:1a:a6:10:15:7a]
RSSI: -90 [da:1a:a6:10:15:7a]
RSSI: -87 [da:1a:a6:20:15:aa]
RSSI: -90 [da:1a:a6:2f:15:da]
RSSI: -87 [da:20:4a:53:06:1c]
RSSI: -90 [da:1a:a6:3b:15:fa]
RSSI: -88 [da:20:4a:61:06:4c]
RSSI: -89 [da:1d:af:54:13:ee]
RSSI: -93 [da:18:c2:48:01:2b]
RSSI: -88 [da:1a:a6:4a:16:1a]
RSSI: -93 [da:1d:af:64:14:1e]
RSSI: -86 [da:20:4a:6f:06:6c]
RSSI: -85 [da:20:4a:7b:06:9c]
RSSI: -89 [da:1a:a6:59:00:2a]
RSSI: -89 [da:20:4a:7b:06:9c]
RSSI: -90 [da:1d:af:71:14:3e]
RSSI: -85 [da:20:4a:89:06:cc]
RSSI: -84 [da:20:4a:89:06:cc]
RSSI: -87 [da:20:4a:97:06:ec]
RSSI: -91 [da:1d:af:81:14:6e]
RSSI: -85 [da:20:4a:97:06:ec]
RSSI: -92 [da:1d:af:90:14:8e]
RSSI: -87 [da:20:4a:a3:07:1c]
RSSI: -88 [da:20:4a:a3:07:1c]
RSSI: -83 [da:20:4a:b1:07:4c]
RSSI: -83 [da:20:4a:b1:07:4c]
RSSI: -89 [da:20:4a:bf:07:6c]
RSSI: -89 [da:1a:a6:a0:00:fa]
RSSI: -91 [da:1d:af:c9:15:3e]
RSSI: -87 [da:20:4a:d9:07:cc]
RSSI: -91 [da:1d:af:c9:15:3e]
RSSI: -93 [da:1a:a6:bb:01:3a]
RSSI: -91 [da:20:4a:e7:07:fc]
RSSI: -83 [da:20:4b:01:08:4c]
RSSI: -93 [da:1a:a6:e6:01:ba]
RSSI: -88 [da:20:4b:1b:08:9c]
RSSI: -87 [da:20:4b:1b:08:9c]
RSSI: -82 [da:20:4b:29:08:cc]
RSSI: -84 [da:20:4b:29:08:cc]
RSSI: -83 [da:20:4b:37:08:ec]
RSSI: -81 [da:20:4b:37:08:ec]
RSSI: -80 [da:20:4b:43:09:1c]
RSSI: -79 [da:20:4b:43:09:1c]
RSSI: -80 [da:20:4b:5f:09:6c]
RSSI: -93 [da:1a:a7:3c:02:aa]
RSSI: -80 [da:20:4b:5f:09:6c]
RSSI: -95 [da:18:c3:4b:04:2b]
RSSI: -80 [da:20:4b:6b:09:9c]
RSSI: -79 [da:20:4b:6b:09:9c]
RSSI: -87 [da:1a:a7:4b:02:da]
RSSI: -88 [da:1a:a7:5a:02:fa]
RSSI: -80 [da:20:4b:87:09:ec]
RSSI: -78 [da:20:4b:93:0a:1c]
RSSI: -88 [da:1a:a7:76:03:4a]
RSSI: -79 [da:20:4b:a1:0a:4c]
RSSI: -78 [da:20:4b:a1:0a:4c]
RSSI: -80 [da:20:4b:af:0a:6c]
RSSI: -90 [da:1a:a7:91:03:9a]
RSSI: -79 [da:20:4b:bb:0a:9c]
RSSI: -90 [da:1a:a7:91:03:9a]
RSSI: -79 [da:20:4b:bb:0a:9c]
RSSI: -81 [da:20:4b:c9:0a:cc]
RSSI: -87 [da:1a:a7:a1:03:ca]
RSSI: -81 [da:20:4b:c9:0a:cc]
RSSI: -93 [da:18:c3:b1:05:5b]
RSSI: -77 [da:20:4b:d7:0a:fc]
RSSI: -83 [da:20:4b:d7:0a:fc]
RSSI: -82 [da:20:4b:e3:0b:1c]
RSSI: -77 [da:20:4b:e3:0b:1c]
RSSI: -90 [da:1a:a7:cc:04:3a]
RSSI: -83 [da:20:4b:f1:0b:4c]
RSSI: -89 [da:1a:a7:cc:04:3a]
RSSI: -80 [da:20:4b:f1:0b:4c]
RSSI: -86 [da:1a:a7:db:04:6a]
RSSI: -82 [da:20:4b:ff:0b:7c]
RSSI: -86 [da:1a:a7:db:04:6a]
RSSI: -85 [da:1a:a7:e7:04:8a]
RSSI: -78 [da:20:4c:0c:0b:9c]
RSSI: -79 [da:20:4c:19:0b:cc]
RSSI: -83 [da:1a:a7:f6:04:ba]
RSSI: -81 [da:20:4c:27:0b:fc]
RSSI: -82 [da:1a:a8:06:04:ea]
RSSI: -82 [da:20:4c:27:0b:fc]
RSSI: -82 [da:1a:a8:06:04:ea]
RSSI: -84 [da:20:4c:34:0c:1c]
RSSI: -83 [da:1a:a8:12:05:0a]
RSSI: -83 [da:1a:a8:12:05:0a]
RSSI: -82 [da:20:4c:34:0c:1c]
RSSI: -82 [da:1a:a8:12:05:0a]
RSSI: -88 [da:20:4c:42:0c:4c]
RSSI: -85 [da:20:4c:42:0c:4c]
RSSI: -84 [da:1a:a8:21:05:3a]
RSSI: -81 [da:20:4c:4f:0c:7c]
RSSI: -83 [da:1a:a8:30:05:5a]
RSSI: -92 [da:20:4c:4f:0c:7c]
RSSI: -83 [da:1a:a8:30:05:5a]
RSSI: -87 [da:20:4c:5c:0c:9c]
RSSI: -83 [da:1a:a8:3d:05:8a]
RSSI: -83 [da:1a:a8:3d:05:8a]
RSSI: -86 [da:20:4c:6a:0c:cc]
RSSI: -83 [da:1a:a8:4c:05:aa]
RSSI: -85 [da:20:4c:77:0c:fc]
RSSI: -81 [da:1a:a8:5b:05:da]
RSSI: -81 [da:1a:a8:5b:05:da]
RSSI: -91 [da:1d:b1:76:03:de]
RSSI: -85 [da:20:4c:84:0d:2c]
RSSI: -80 [da:1a:a8:68:05:fa]
RSSI: -90 [da:1d:b1:83:03:fe]
RSSI: -81 [da:20:4c:92:0d:4c]
RSSI: -90 [da:1d:b1:83:03:fe]
RSSI: -88 [da:1d:b1:83:03:fe]
RSSI: -77 [da:1a:a8:77:06:2a]
RSSI: -82 [da:20:4c:a0:0d:7c]
RSSI: -77 [da:1a:a8:77:06:2a]
RSSI: -82 [da:20:4c:a0:0d:7c]
RSSI: -76 [da:1a:a8:86:06:5a]
RSSI: -87 [da:1d:b1:93:04:2e]
RSSI: -88 [da:20:4c:ac:0d:ac]
RSSI: -75 [da:1a:a8:86:06:5a]
RSSI: -81 [da:20:4c:ac:0d:ac]
RSSI: -87 [da:1d:b1:a2:04:5e]
RSSI: -75 [da:1a:a8:93:06:7a]
RSSI: -87 [da:20:4c:ba:0d:cc]
RSSI: -74 [da:1a:a8:93:06:7a]
RSSI: -85 [da:20:4c:ba:0d:cc]
RSSI: -87 [da:1d:b1:af:04:7e]
RSSI: -88 [da:1d:b1:af:04:7e]
RSSI: -72 [da:1a:a8:a2:06:9a]
RSSI: -84 [da:20:4c:c8:0d:fc]
RSSI: -85 [da:1d:b1:bf:04:ae]
RSSI: -71 [da:1a:a8:b1:06:ca]
RSSI: -84 [da:20:4c:d4:0e:2c]
RSSI: -71 [da:1a:a8:b1:06:ca]
RSSI: -71 [da:1a:a8:b1:06:ca]
RSSI: -89 [da:1d:b1:cf:04:de]
RSSI: -88 [da:1d:b1:cf:04:de]
RSSI: -71 [da:1a:a8:be:06:ea]
RSSI: -81 [da:20:4c:e2:0e:5c]
RSSI: -71 [da:1a:a8:be:06:ea]
RSSI: -90 [da:1d:b1:db:05:0e]
RSSI: -71 [da:1a:a8:cd:07:1a]
RSSI: -81 [da:20:4c:f0:0e:7c]
RSSI: -71 [da:1a:a8:dc:07:4a]
RSSI: -91 [da:1d:b1:eb:05:2e]
RSSI: -88 [da:20:4c:fd:0e:ac]
RSSI: -71 [da:1a:a8:dc:07:4a]
RSSI: -71 [da:1a:a8:e9:07:6a]
RSSI: -90 [da:20:4d:0b:0e:dc]
RSSI: -89 [da:1d:b1:fb:05:5e]
RSSI: -71 [da:1a:a8:e9:07:6a]
RSSI: -91 [da:1d:b2:08:05:8e]
RSSI: -70 [da:1a:a8:f8:07:9a]
RSSI: -71 [da:1a:a8:f8:07:9a]
RSSI: -85 [da:20:4d:25:0f:2c]
RSSI: -93 [da:1d:b2:18:05:be]
RSSI: -71 [da:1a:a9:07:07:ba]
RSSI: -88 [da:1d:b2:18:05:be]
RSSI: -70 [da:1a:a9:07:07:ba]
RSSI: -85 [da:20:4d:33:0f:5c]
RSSI: -71 [da:1a:a9:14:07:ea]
RSSI: -72 [da:1a:a9:14:07:ea]
RSSI: -72 [da:1a:a9:14:07:ea]
RSSI: -85 [da:20:4d:41:0f:8c]
RSSI: -71 [da:1a:a9:23:08:0a]
RSSI: -72 [da:1a:a9:23:08:0a]
RSSI: -92 [da:20:4d:4d:0f:ac]
RSSI: -71 [da:1a:a9:32:08:3a]
RSSI: -88 [da:1d:b2:44:06:3e]
RSSI: -72 [da:1a:a9:32:08:3a]
RSSI: -73 [da:1a:a9:3f:08:5a]
RSSI: -90 [da:20:4d:69:10:0c]
RSSI: -72 [da:1a:a9:3f:08:5a]
RSSI: -87 [da:20:4d:69:10:0c]
RSSI: -73 [da:1a:a9:4e:08:8a]
RSSI: -84 [da:20:4d:75:10:2c]
RSSI: -91 [da:1d:b2:60:06:8e]
RSSI: -88 [da:20:4d:75:10:2c]
RSSI: -80 [da:20:4d:83:10:5c]
RSSI: -74 [da:1a:a9:5d:08:ba]
RSSI: -79 [da:20:4d:83:10:5c]
RSSI: -75 [da:1a:a9:6a:08:da]
RSSI: -77 [da:20:4d:91:10:8c]
RSSI: -76 [da:1a:a9:6a:08:da]
RSSI: -77 [da:20:4d:91:10:8c]
RSSI: -77 [da:1a:a9:79:09:0a]
RSSI: -76 [da:20:4d:9e:10:ac]
RSSI: -78 [da:1a:a9:79:09:0a]
RSSI: -78 [da:1a:a9:88:09:2a]
RSSI: -72 [da:20:4d:ac:10:dc]
RSSI: -80 [da:1a:a9:88:09:2a]
RSSI: -81 [da:1a:a9:95:09:5a]
RSSI: -90 [da:1d:b2:ac:07:6e]
RSSI: -74 [da:20:4d:b9:11:0c]
RSSI: -81 [da:1a:a9:95:09:5a]
RSSI: -86 [da:1a:a9:a4:09:7a]
RSSI: -72 [da:20:4d:c6:11:2c]
RSSI: -91 [da:1d:b2:b9:07:8e]
RSSI: -84 [da:1a:a9:a4:09:7a]
RSSI: -86 [da:1a:a9:b3:09:aa]
RSSI: -71 [da:20:4d:d4:11:5c]
RSSI: -83 [da:1a:a9:b3:09:aa]
RSSI: -72 [da:20:4d:e2:11:8c]
RSSI: -85 [da:1a:a9:c0:09:ca]
RSSI: -71 [da:20:4d:e2:11:8c]
RSSI: -84 [da:1a:a9:c0:09:ca]
RSSI: -70 [da:20:4d:ee:11:ac]
RSSI: -83 [da:1a:a9:cf:09:fa]
RSSI: -71 [da:20:4d:ee:11:ac]
RSSI: -82 [da:1a:a9:cf:09:fa]
RSSI: -95 [da:1d:b2:e5:08:0e]
RSSI: -70 [da:20:4d:fc:11:dc]
RSSI: -68 [da:20:4d:fc:11:dc]
RSSI: -79 [da:1a:a9:de:0a:2a]
RSSI: -71 [da:20:4e:0a:12:0c]
RSSI: -82 [da:1a:a9:eb:0a:4a]
RSSI: -81 [da:1a:a9:eb:0a:4a]
RSSI: -71 [da:20:4e:17:12:2c]
RSSI: -82 [da:1a:a9:fa:0a:7a]
RSSI: -83 [da:1a:a9:fa:0a:7a]
RSSI: -83 [da:1a:a9:fa:0a:7a]
RSSI: -68 [da:20:4e:25:12:5c]
RSSI: -71 [da:20:4e:32:12:8c]
RSSI: -70 [da:20:4e:32:12:8c]
RSSI: -88 [da:1a:aa:16:0a:ba]
RSSI: -71 [da:20:4e:3f:12:ac]
RSSI: -72 [da:20:4e:3f:12:ac]
RSSI: -88 [da:1a:aa:25:0a:ea]
RSSI: -73 [da:20:4e:4d:12:dc]
RSSI: -85 [da:1a:aa:25:0a:ea]
RSSI: -73 [da:20:4e:4d:12:dc]
RSSI: -86 [da:1a:aa:35:0b:1a]
RSSI: -87 [da:1a:aa:35:0b:1a]
RSSI: -74 [da:20:4e:5b:13:0c]
RSSI: -77 [da:20:4e:67:13:2c]
RSSI: -85 [da:1a:aa:51:0b:6a]
RSSI: -78 [da:20:4e:75:13:5c]
RSSI: -81 [da:20:4e:75:13:5c]
RSSI: -87 [da:1a:aa:60:0b:9a]
RSSI: -81 [da:20:4e:83:13:8c]
RSSI: -88 [da:1a:aa:60:0b:9a]
RSSI: -83 [da:20:4e:83:13:8c]
RSSI: -86 [da:20:4e:90:13:ac]
RSSI: -86 [da:20:4e:90:13:ac]
RSSI: -91 [da:1a:aa:6c:0b:ba]
RSSI: -82 [da:20:4e:9e:13:dc]
RSSI: -90 [da:1a:aa:7c:0b:ea]
RSSI: -78 [da:20:4e:ab:13:fc]
RSSI: -77 [da:20:4e:ab:13:fc]
RSSI: -77 [da:20:4e:b8:14:2c]
RSSI: -89 [da:1a:aa:98:0c:3a]
RSSI: -90 [da:1a:aa:98:0c:3a]
RSSI: -78 [da:20:4e:c6:14:5c]
RSSI: -78 [da:20:4e:c6:14:5c]
RSSI: -79 [da:20:4e:d4:14:7c]
RSSI: -79 [da:20:4e:e1:14:ac]
RSSI: -79 [da:20:4e:ee:14:dc]
RSSI: -80 [da:20:4e:ee:14:dc]
RSSI: -82 [da:20:4e:ee:14:dc]
RSSI: -83 [da:20:4e:fc:15:0c]
RSSI: -81 [da:20:4e:fc:15:0c]
RSSI: -82 [da:20:4f:09:15:2c]
RSSI: -83 [da:20:4f:09:15:2c]
RSSI: -80 [da:20:4f:17:15:5c]
RSSI: -81 [da:20:4f:17:15:5c]
RSSI: -91 [da:1d:b4:10:0b:6e]
RSSI: -89 [da:1d:b4:10:0b:6e]
RSSI: -79 [da:20:4f:25:15:8c]
RSSI: -91 [da:1d:b4:1d:0b:8e]
RSSI: -83 [da:20:4f:32:15:ac]
RSSI: -88 [da:1d:b4:2d:0b:be]
RSSI: -81 [da:20:4f:3f:15:dc]
RSSI: -80 [da:20:4f:4d:16:0c]
RSSI: -81 [da:20:4f:4d:16:0c]
RSSI: -82 [da:20:4f:4d:16:0c]
RSSI: -80 [da:1d:b4:49:0c:0e]
RSSI: -86 [da:20:4f:5a:16:2c]
RSSI: -80 [da:1d:b4:49:0c:0e]
RSSI: -84 [da:1d:b4:49:0c:0e]
RSSI: -82 [da:20:4f:5a:16:2c]
RSSI: -82 [da:20:4f:68:16:5c]
RSSI: -82 [da:1d:b4:59:0c:3e]
RSSI: -85 [da:20:4f:68:16:5c]
RSSI: -78 [da:1d:b4:59:0c:3e]
RSSI: -82 [da:1d:b4:69:0c:6e]
RSSI: -81 [da:20:4f:76:00:0c]
RSSI: -81 [da:1d:b4:69:0c:6e]
RSSI: -81 [da:20:4f:76:00:0c]
RSSI: -81 [da:20:4f:82:00:2c]
RSSI: -80 [da:1d:b4:76:0c:9e]
RSSI: -81 [da:20:4f:82:00:2c]
RSSI: -80 [da:1d:b4:76:0c:9e]
RSSI: -81 [da:20:4f:90:00:5c]
RSSI: -80 [da:20:4f:90:00:5c]
RSSI: -79 [da:20:4f:90:00:5c]
RSSI: -81 [da:20:4f:9e:00:8c]
RSSI: -78 [da:1d:b4:86:0c:be]
RSSI: -80 [da:20:4f:9e:00:8c]
RSSI: -79 [da:1d:b4:96:0c:ee]
RSSI: -81 [da:20:4f:ab:00:ac]
RSSI: -79 [da:1d:b4:a2:0d:1e]
RSSI: -78 [da:20:4f:b9:00:dc]
RSSI: -79 [da:1d:b4:b2:0d:4e]
RSSI: -89 [da:1a:ab:9b:0f:2a]
RSSI: -79 [da:1d:b4:b2:0d:4e]
RSSI: -91 [da:1a:ab:aa:0f:4a]
RSSI: -76 [da:1d:b4:c2:0d:7e]
RSSI: -89 [da:1a:ab:aa:0f:4a]
RSSI: -81 [da:20:4f:d3:01:2c]
RSSI: -80 [da:1d:b4:c2:0d:7e]
RSSI: -92 [da:1a:ab:b9:0f:7a]
RSSI: -80 [da:20:4f:d3:01:2c]
RSSI: -93 [da:1a:ab:b9:0f:7a]
RSSI: -81 [da:20:4f:e1:01:5c]
RSSI: -75 [da:1d:b4:cf:0d:9e]
RSSI: -84 [da:20:4f:e1:01:5c]
RSSI: -82 [da:20:4f:ef:01:8c]
RSSI: -83 [da:20:4f:ef:01:8c]
RSSI: -75 [da:1d:b4:df:0d:ce]
RSSI: -87 [da:20:4f:fc:01:ac]
RSSI: -83 [da:20:4f:fc:01:ac]
RSSI: -80 [da:1d:b4:fb:0e:1e]
RSSI: -86 [da:20:50:0a:01:dc]
RSSI: -81 [da:1d:b4:fb:0e:1e]
RSSI: -84 [da:20:50:18:02:0c]
RSSI: -78 [da:1d:b5:0b:0e:4e]
RSSI: -82 [da:1d:b5:0b:0e:4e]
RSSI: -92 [da:1a:ac:01:10:4a]
RSSI: -89 [da:20:50:25:02:2c]
RSSI: -83 [da:1d:b5:1b:0e:7e]
RSSI: -89 [da:20:50:25:02:2c]
RSSI: -82 [da:1d:b5:1b:0e:7e]
RSSI: -89 [da:20:50:33:02:5c]
RSSI: -90 [da:20:50:33:02:5c]
RSSI: -87 [da:1d:b5:28:0e:9e]
RSSI: -93 [da:1a:ac:1d:10:9a]
RSSI: -90 [da:1a:ac:3b:10:ea]
RSSI: -89 [da:1d:b5:48:0e:fe]
RSSI: -92 [da:20:50:5b:02:dc]
RSSI: -90 [da:1a:ac:3b:10:ea]
RSSI: -86 [da:20:50:5b:02:dc]
RSSI: -90 [da:20:50:69:03:0c]
RSSI: -88 [da:1a:ac:48:11:0a]
RSSI: -87 [da:20:50:76:03:2c]
RSSI: -91 [da:1a:ac:67:11:6a]
RSSI: -87 [da:20:50:84:03:5c]
RSSI: -89 [da:1d:b5:75:0f:7e]
RSSI: -91 [da:1a:ac:73:11:8a]
RSSI: -85 [da:20:50:9e:03:ac]
RSSI: -89 [da:1d:b5:91:0f:de]
RSSI: -85 [da:20:50:ac:03:dc]
RSSI: -93 [da:20:50:ba:04:0c]
RSSI: -85 [da:20:50:ba:04:0c]
RSSI: -88 [da:1d:b5:ae:10:2e]
RSSI: -86 [da:20:50:c7:04:2c]
RSSI: -88 [da:20:50:d5:04:5c]
RSSI: -88 [da:1d:b5:be:10:5e]
RSSI: -88 [da:20:50:d5:04:5c]
RSSI: -90 [da:20:50:ef:04:ac]
RSSI: -89 [da:20:50:ef:04:ac]
RSSI: -87 [da:1d:b5:eb:10:de]
RSSI: -90 [da:20:51:18:05:2c]
RSSI: -85 [da:1d:b6:17:11:5e]
RSSI: -93 [da:1d:b6:27:11:8e]
RSSI: -94 [da:1a:ad:14:13:4a]
RSSI: -92 [da:20:51:34:05:8c]
RSSI: -87 [da:1d:b6:27:11:8e]
RSSI: -88 [da:20:51:4f:05:dc]
RSSI: -87 [da:20:51:5d:06:0c]
RSSI: -88 [da:20:51:69:06:2c]
RSSI: -87 [da:1d:b6:61:12:2e]
RSSI: -90 [da:1d:b6:71:12:5e]
RSSI: -87 [da:20:51:85:06:8c]
RSSI: -91 [da:20:51:92:06:ac]
RSSI: -89 [da:1d:b6:81:12:8e]
RSSI: -87 [da:20:51:a0:06:dc]
RSSI: -93 [da:20:51:a0:06:dc]
RSSI: -87 [da:20:51:ae:07:0c]
RSSI: -86 [da:20:51:ae:07:0c]
RSSI: -91 [da:1d:b6:ad:13:0e]
RSSI: -90 [da:1d:b6:ad:13:0e]
RSSI: -87 [da:20:51:bb:07:3c]
RSSI: -91 [da:1d:b6:ba:13:3e]
RSSI: -86 [da:20:51:d7:07:8c]
RSSI: -86 [da:20:51:e3:07:bc]
RSSI: -86 [da:20:51:e3:07:bc]
RSSI: -86 [da:20:51:f2:07:ec]
RSSI: -92 [da:1d:b6:f7:13:ee]
RSSI: -89 [da:1d:b6:f7:13:ee]
RSSI: -83 [da:20:52:20:08:7c]
RSSI: -86 [da:20:52:30:08:ac]
RSSI: -82 [da:20:52:30:08:ac]
RSSI: -83 [da:20:52:3c:08:dc]
RSSI: -85 [da:20:52:4b:09:0c]
RSSI: -78 [da:20:52:65:09:5c]
RSSI: -80 [da:20:52:73:09:8c]
RSSI: -78 [da:20:52:73:09:8c]
RSSI: -79 [da:20:52:81:09:bc]
RSSI: -80 [da:20:52:81:09:bc]
RSSI: -80 [da:20:52:81:09:bc]
RSSI: -78 [da:20:52:8e:09:dc]
RSSI: -81 [da:20:52:8e:09:dc]
RSSI: -80 [da:20:52:9c:0a:0c]
RSSI: -77 [da:20:52:9c:0a:0c]
RSSI: -91 [da:1a:ae:7c:01:1a]
RSSI: -84 [da:20:52:aa:0a:3c]
RSSI: -79 [da:20:52:aa:0a:3c]
RSSI: -81 [da:20:52:b7:0a:5c]
RSSI: -81 [da:20:52:b7:0a:5c]
RSSI: -75 [da:20:52:c5:0a:8c]
RSSI: -79 [da:20:52:d3:0a:bc]
RSSI: -77 [da:20:52:e0:0a:ec]
RSSI: -77 [da:20:52:e0:0a:ec]
RSSI: -81 [da:20:52:ee:0b:0c]
RSSI: -78 [da:20:52:ee:0b:0c]
RSSI: -80 [da:20:52:fc:0b:3c]
RSSI: -83 [da:20:52:fc:0b:3c]
RSSI: -81 [da:20:53:09:0b:6c]
RSSI: -89 [da:1a:ae:e3:02:4a]
RSSI: -81 [da:20:53:09:0b:6c]
RSSI: -82 [da:20:53:17:0b:9c]
RSSI: -82 [da:20:53:17:0b:9c]
RSSI: -81 [da:20:53:17:0b:9c]
RSSI: -90 [da:1a:ae:ff:02:9a]
RSSI: -83 [da:20:53:25:0b:cc]
RSSI: -89 [da:1a:ae:ff:02:9a]
RSSI: -82 [da:20:53:25:0b:cc]
RSSI: -86 [da:20:53:31:0b:ec]
RSSI: -94 [da:1a:af:0e:02:ba]
RSSI: -84 [da:20:53:40:0c:1c]
RSSI: -83 [da:20:53:4e:0c:4c]
RSSI: -88 [da:1a:af:2a:03:0a]
RSSI: -88 [da:20:53:5a:0c:6c]
RSSI: -83 [da:20:53:5a:0c:6c]
RSSI: -86 [da:1a:af:3f:03:4a]
RSSI: -93 [da:20:53:68:0c:9c]
RSSI: -87 [da:1a:af:3f:03:4a]
RSSI: -88 [da:20:53:77:0c:cc]
RSSI: -87 [da:1a:af:50:03:7a]
RSSI: -91 [da:1a:af:5c:03:9a]
RSSI: -87 [da:1a:af:5c:03:9a]
RSSI: -90 [da:1a:af:6c:03:ca]
RSSI: -90 [da:1a:af:7b:03:ea]
RSSI: -88 [da:20:53:9f:0d:4c]
RSSI: -90 [da:1a:af:7b:03:ea]
RSSI: -88 [da:1a:af:97:04:3a]
RSSI: -91 [da:20:53:c8:0d:cc]
RSSI: -89 [da:1a:af:a7:04:6a]
RSSI: -92 [da:20:53:c8:0d:cc]
RSSI: -90 [da:1a:af:b3:04:8a]
RSSI: -87 [da:20:53:d5:0d:fc]
RSSI: -82 [da:20:53:e3:0e:2c]
RSSI: -84 [da:20:53:f1:0e:5c]
RSSI: -88 [da:1a:af:d2:04:ea]
RSSI: -82 [da:20:53:fe:0e:7c]
RSSI: -88 [da:1a:af:df:05:0a]
RSSI: -87 [da:1a:af:df:05:0a]
RSSI: -81 [da:20:54:0c:0e:ac]
RSSI: -83 [da:20:54:1a:0e:dc]
RSSI: -83 [da:20:54:1a:0e:dc]
RSSI: -79 [da:20:54:27:0e:fc]
RSSI: -83 [da:20:54:27:0e:fc]
RSSI: -88 [da:1a:b0:0b:05:8a]
RSSI: -82 [da:20:54:35:0f:2c]
RSSI: -92 [da:1d:b9:29:03:ce]
RSSI: -87 [da:1a:b0:0b:05:8a]
RSSI: -85 [da:20:54:35:0f:2c]
RSSI: -85 [da:20:54:43:0f:5c]
RSSI: -86 [da:1a:b0:1a:05:aa]
RSSI: -85 [da:20:54:43:0f:5c]
RSSI: -90 [da:1d:b9:35:03:ee]
RSSI: -87 [da:20:54:43:0f:5c]
RSSI: -84 [da:1a:b0:2a:05:da]
RSSI: -89 [da:1d:b9:42:04:1e]
RSSI: -90 [da:20:54:50:0f:7c]
RSSI: -81 [da:1a:b0:36:05:fa]
RSSI: -81 [da:1a:b0:36:05:fa]
RSSI: -88 [da:1d:b9:4f:04:3e]
RSSI: -80 [da:1a:b0:46:06:2a]
RSSI: -95 [da:20:54:6c:0f:dc]
RSSI: -79 [da:1a:b0:46:06:2a]
RSSI: -89 [da:1d:b9:5b:04:5e]
RSSI: -78 [da:1a:b0:56:06:5a]
RSSI: -89 [da:20:54:79:10:0c]
RSSI: -77 [da:1a:b0:62:06:7a]
RSSI: -85 [da:20:54:87:10:2c]
RSSI: -82 [da:20:54:95:10:5c]
RSSI: -77 [da:1a:b0:72:06:aa]
RSSI: -76 [da:1a:b0:72:06:aa]
RSSI: -76 [da:1a:b0:81:06:da]
RSSI: -94 [da:1d:b9:8e:04:ee]
RSSI: -78 [da:20:54:b0:10:bc]
RSSI: -75 [da:1a:b0:8e:06:fa]
RSSI: -96 [da:1d:b9:a8:05:3e]
RSSI: -75 [da:20:54:be:10:dc]
RSSI: -74 [da:1a:b0:9e:07:2a]
RSSI: -75 [da:20:54:be:10:dc]
RSSI: -75 [da:1a:b0:9e:07:2a]
RSSI: -92 [da:1d:b9:c1:05:8e]
RSSI: -74 [da:1a:b0:ad:07:5a]
RSSI: -74 [da:20:54:d9:11:3c]
RSSI: -73 [da:20:54:d9:11:3c]
RSSI: -75 [da:1a:b0:ba:07:7a]
RSSI: -91 [da:1d:b9:da:05:de]
RSSI: -91 [da:1d:b9:da:05:de]
RSSI: -69 [da:20:54:f4:11:8c]
RSSI: -75 [da:1a:b0:c9:07:aa]
RSSI: -69 [da:20:54:f4:11:8c]
RSSI: -74 [da:1a:b0:d9:07:ca]
RSSI: -68 [da:20:55:02:11:bc]
RSSI: -92 [da:1d:b9:f4:06:2e]
RSSI: -92 [da:1d:b9:f4:06:2e]
RSSI: -75 [da:1a:b0:e5:07:fa]
RSSI: -95 [da:1d:ba:00:06:4e]
RSSI: -75 [da:1a:b0:e5:07:fa]
RSSI: -67 [da:20:55:10:11:ec]
RSSI: -67 [da:20:55:10:11:ec]
RSSI: -76 [da:1a:b0:f5:08:1a]
RSSI: -93 [da:1d:ba:0d:06:6e]
RSSI: -66 [da:20:55:1d:12:1c]
RSSI: -67 [da:20:55:1d:12:1c]
RSSI: -67 [da:20:55:1d:12:1c]
RSSI: -76 [da:1a:b1:05:08:4a]
RSSI: -89 [da:1d:ba:1a:06:8e]
RSSI: -76 [da:1a:b1:05:08:4a]
RSSI: -66 [da:20:55:2b:12:3c]
RSSI: -77 [da:1a:b1:11:08:6a]
RSSI: -77 [da:1a:b1:11:08:6a]
RSSI: -68 [da:20:55:39:12:6c]
RSSI: -68 [da:20:55:46:12:9c]
RSSI: -78 [da:1a:b1:21:08:9a]
RSSI: -69 [da:20:55:46:12:9c]
RSSI: -80 [da:1a:b1:30:08:ca]
RSSI: -67 [da:20:55:54:12:cc]
RSSI: -80 [da:1a:b1:30:08:ca]
RSSI: -69 [da:20:55:54:12:cc]
RSSI: -82 [da:1a:b1:3d:08:ea]
RSSI: -69 [da:20:55:62:12:ec]
RSSI: -83 [da:1a:b1:3d:08:ea]
RSSI: -69 [da:20:55:62:12:ec]
RSSI: -70 [da:20:55:6f:13:1c]
RSSI: -72 [da:20:55:6f:13:1c]
RSSI: -85 [da:1a:b1:4d:09:1a]
RSSI: -72 [da:20:55:6f:13:1c]
RSSI: -88 [da:1a:b1:5c:09:4a]
RSSI: -72 [da:20:55:7d:13:4c]
RSSI: -87 [da:1a:b1:5c:09:4a]
RSSI: -76 [da:20:55:8c:13:7c]
RSSI: -89 [da:1a:b1:69:09:6a]
RSSI: -76 [da:20:55:8c:13:7c]
RSSI: -81 [da:20:55:98:13:9c]
RSSI: -80 [da:20:55:98:13:9c]
RSSI: -91 [da:20:55:a7:13:cc]
RSSI: -85 [da:1a:b1:88:09:ba]
RSSI: -85 [da:20:55:a7:13:cc]
RSSI: -84 [da:1a:b1:88:09:ba]
RSSI: -86 [da:1a:b1:95:09:ea]
RSSI: -83 [da:20:55:c1:14:1c]
RSSI: -82 [da:20:55:c1:14:1c]
RSSI: -87 [da:1a:b1:a4:0a:1a]
RSSI: -77 [da:20:55:c1:14:1c]
RSSI: -88 [da:1a:b1:a4:0a:1a]
RSSI: -80 [da:20:55:d0:14:4c]
RSSI: -87 [da:1a:b1:b4:0a:3a]
RSSI: -76 [da:20:55:de:14:7c]
RSSI: -75 [da:20:55:de:14:7c]
RSSI: -88 [da:1a:b1:c0:0a:6a]
RSSI: -79 [da:20:55:ea:14:9c]
RSSI: -75 [da:20:55:ea:14:9c]
RSSI: -76 [da:20:55:ea:14:9c]
RSSI: -80 [da:20:55:f9:14:cc]
RSSI: -77 [da:20:55:f9:14:cc]
RSSI: -78 [da:20:56:07:14:fc]
RSSI: -90 [da:1a:b1:ec:0a:ea]
RSSI: -79 [da:20:56:14:15:2c]
RSSI: -90 [da:1a:b1:ec:0a:ea]
RSSI: -79 [da:20:56:14:15:2c]
RSSI: -82 [da:20:56:22:15:4c]
RSSI: -81 [da:20:56:22:15:4c]
RSSI: -79 [da:20:56:30:15:7c]
RSSI: -81 [da:20:56:30:15:7c]
RSSI: -80 [da:20:56:3d:15:ac]
RSSI: -78 [da:20:56:3d:15:ac]
RSSI: -78 [da:20:56:3d:15:ac]
RSSI: -79 [da:20:56:4b:15:dc]
RSSI: -80 [da:20:56:59:15:fc]
RSSI: -79 [da:20:56:66:16:2c]
RSSI: -95 [da:1d:bb:58:0a:2e]
RSSI: -79 [da:20:56:66:16:2c]
RSSI: -82 [da:20:56:66:16:2c]
RSSI: -81 [da:20:56:74:16:5c]
RSSI: -80 [da:20:56:74:16:5c]
RSSI: -83 [da:20:56:83:16:7c]
RSSI: -81 [da:20:56:83:16:7c]
RSSI: -89 [da:1d:bb:7f:0a:ae]
RSSI: -82 [da:20:56:8f:00:2c]
RSSI: -82 [da:20:56:8f:00:2c]
RSSI: -79 [da:20:56:9e:00:5c]
RSSI: -80 [da:20:56:ac:00:8c]
RSSI: -80 [da:20:56:ac:00:8c]
RSSI: -83 [da:20:56:b8:00:ac]
RSSI: -84 [da:20:56:b8:00:ac]
RSSI: -80 [da:20:56:b8:00:ac]
RSSI: -79 [da:20:56:c7:00:dc]
RSSI: -84 [da:20:56:c7:00:dc]
RSSI: -80 [da:20:56:d5:01:0c]
RSSI: -84 [da:1d:bb:cb:0b:7e]
RSSI: -84 [da:20:56:e2:01:2c]
RSSI: -81 [da:20:56:e2:01:2c]
RSSI: -85 [da:1d:bb:d8:0b:ae]
RSSI: -81 [da:20:56:e2:01:2c]
RSSI: -85 [da:20:56:f0:01:5c]
RSSI: -86 [da:1d:bb:e5:0b:ce]
RSSI: -82 [da:20:56:fe:01:8c]
RSSI: -79 [da:1d:bb:f2:0b:ee]
RSSI: -80 [da:20:56:fe:01:8c]
RSSI: -86 [da:20:57:0b:01:bc]
RSSI: -83 [da:1d:bc:0b:0c:3e]
RSSI: -86 [da:20:57:19:01:dc]
RSSI: -80 [da:20:57:28:02:0c]
RSSI: -81 [da:1d:bc:18:0c:5e]
RSSI: -81 [da:20:57:28:02:0c]
RSSI: -83 [da:20:57:34:02:3c]
RSSI: -86 [da:20:57:43:02:6c]
RSSI: -83 [da:20:57:43:02:6c]
RSSI: -78 [da:1d:bc:3e:0c:ce]
RSSI: -90 [da:20:57:51:02:9c]
RSSI: -81 [da:1d:bc:4b:0c:fe]
RSSI: -79 [da:1d:bc:58:0d:1e]
RSSI: -77 [da:1d:bc:65:0d:3e]
RSSI: -89 [da:1a:b3:4c:0e:da]
RSSI: -90 [da:20:57:7a:03:1c]
RSSI: -80 [da:1d:bc:72:0d:6e]
RSSI: -90 [da:20:57:87:03:3c]
RSSI: -80 [da:1d:bc:7e:0d:8e]
RSSI: -88 [da:1a:b3:6b:0f:3a]
RSSI: -92 [da:20:57:95:03:6c]
RSSI: -91 [da:1a:b3:78:0f:5a]
RSSI: -90 [da:1a:b3:78:0f:5a]
RSSI: -89 [da:20:57:a3:03:9c]
RSSI: -79 [da:1d:bc:98:0d:de]
RSSI: -92 [da:20:57:a3:03:9c]
RSSI: -80 [da:1d:bc:a5:0d:fe]
RSSI: -91 [da:1a:b3:a4:0f:da]
RSSI: -92 [da:20:57:d9:04:4c]
RSSI: -84 [da:1d:bc:cb:0e:6e]
RSSI: -83 [da:20:57:d9:04:4c]
RSSI: -85 [da:1d:bc:d8:0e:8e]
RSSI: -90 [da:1a:b3:d0:10:4a]
RSSI: -90 [da:1a:b3:d0:10:4a]
RSSI: -90 [da:1a:b3:e0:10:7a]
RSSI: -91 [da:1a:b3:e0:10:7a]
RSSI: -90 [da:1d:bc:fe:0e:fe]
RSSI: -88 [da:1d:bd:0b:0f:1e]
RSSI: -86 [da:1d:bd:18:0f:4e]
RSSI: -87 [da:1d:bd:25:0f:6e]
RSSI: -86 [da:1d:bd:3f:0f:be]
RSSI: -96 [da:20:58:64:05:fc]
RSSI: -87 [da:1d:bd:58:10:0e]
RSSI: -87 [da:1d:bd:65:10:2e]
RSSI: -86 [da:1d:bd:7f:10:7e]
RSSI: -86 [da:1d:bd:8c:10:9e]
RSSI: -84 [da:20:58:9c:06:bc]
RSSI: -87 [da:1d:bd:8c:10:9e]
RSSI: -84 [da:20:58:9c:06:bc]
RSSI: -89 [da:1d:bd:98:10:ce]
RSSI: -83 [da:20:58:a8:06:dc]
RSSI: -83 [da:20:58:a8:06:dc]
RSSI: -85 [da:1d:bd:a5:10:ee]
RSSI: -80 [da:20:58:b7:07:0c]
RSSI: -86 [da:1d:bd:b2:11:0e]
RSSI: -85 [da:20:58:c5:07:3c]
RSSI: -87 [da:1d:bd:b2:11:0e]
RSSI: -82 [da:20:58:c5:07:3c]
RSSI: -89 [da:1d:bd:bf:11:2e]
RSSI: -91 [da:20:58:d2:07:5c]
RSSI: -83 [da:20:58:e0:07:8c]
RSSI: -89 [da:1d:bd:d9:11:7e]
RSSI: -88 [da:1d:bd:d9:11:7e]
RSSI: -85 [da:20:58:ef:07:bc]
RSSI: -86 [da:20:58:fb:07:ec]
RSSI: -88 [da:1d:bd:f2:11:ce]
RSSI: -86 [da:20:58:fb:07:ec]
RSSI: -89 [da:1d:bd:ff:11:ee]
RSSI: -90 [da:1d:be:26:12:5e]
RSSI: -95 [da:20:59:33:08:9c]
RSSI: -87 [da:20:59:33:08:9c]
RSSI: -88 [da:20:59:41:08:cc]
RSSI: -87 [da:20:59:41:08:cc]
RSSI: -89 [da:20:59:41:08:cc]
RSSI: -83 [da:20:59:4e:08:ec]
RSSI: -89 [da:1d:be:40:12:ae]
RSSI: -85 [da:20:59:4e:08:ec]
RSSI: -84 [da:20:59:5d:09:1c]
RSSI: -89 [da:1d:be:4d:12:ce]
RSSI: -81 [da:20:59:5d:09:1c]
RSSI: -90 [da:1d:be:59:12:ee]
RSSI: -81 [da:20:59:6b:09:4c]
RSSI: -90 [da:1d:be:66:13:1e]
RSSI: -80 [da:20:59:78:09:7c]
RSSI: -91 [da:1d:be:73:13:3e]
RSSI: -95 [da:18:d1:65:01:0b]
RSSI: -78 [da:20:59:86:09:9c]
RSSI: -82 [da:20:59:94:09:cc]
RSSI: -77 [da:20:59:94:09:cc]
RSSI: -92 [da:1a:b5:7d:15:1a]
RSSI: -79 [da:20:59:a1:09:fc]
RSSI: -81 [da:20:59:a1:09:fc]
RSSI: -78 [da:20:59:b0:0a:2c]
RSSI: -79 [da:20:59:b0:0a:2c]
RSSI: -80 [da:20:59:be:0a:5c]
RSSI: -78 [da:20:59:be:0a:5c]
RSSI: -90 [da:1d:be:c0:14:1e]
RSSI: -78 [da:20:59:cb:0a:7c]
RSSI: -81 [da:20:59:d9:0a:ac]
RSSI: -92 [da:1d:be:cd:14:4e]
RSSI: -80 [da:20:59:d9:0a:ac]
RSSI: -92 [da:1d:be:cd:14:4e]
RSSI: -78 [da:20:59:e8:0a:dc]
RSSI: -81 [da:20:59:f4:0a:fc]
RSSI: -81 [da:20:59:f4:0a:fc]
RSSI: -78 [da:20:59:f4:0a:fc]
RSSI: -84 [da:20:5a:03:0b:2c]
RSSI: -79 [da:20:5a:11:0b:5c]
RSSI: -80 [da:20:5a:11:0b:5c]
RSSI: -80 [da:20:5a:1e:0b:8c]
RSSI: -82 [da:20:5a:2c:0b:bc]
RSSI: -80 [da:20:5a:2c:0b:bc]
RSSI: -80 [da:20:5a:3b:0b:ec]
RSSI: -80 [da:20:5a:3b:0b:ec]
RSSI: -83 [da:20:5a:47:0c:0c]
RSSI: -81 [da:20:5a:47:0c:0c]
RSSI: -91 [da:20:5a:56:0c:3c]
RSSI: -93 [da:20:5a:64:0c:6c]
RSSI: -90 [da:20:5a:71:0c:9c]
RSSI: -88 [da:20:5a:80:0c:cc]
RSSI: -88 [da:20:5a:8e:0c:ec]
RSSI: -86 [da:20:5a:9b:0d:1c]
RSSI: -91 [da:1a:b6:76:01:aa]
RSSI: -90 [da:20:5a:a9:0d:4c]
RSSI: -97 [da:20:5a:b8:0d:7c]
RSSI: -89 [da:20:5a:ee:0e:2c]
RSSI: -89 [da:20:5a:ee:0e:2c]
RSSI: -82 [da:20:5a:ee:0e:2c]
RSSI: -84 [da:20:5b:0b:0e:8c]
RSSI: -85 [da:20:5b:0b:0e:8c]
RSSI: -90 [da:20:5b:17:0e:ac]
RSSI: -89 [da:1a:b6:fb:03:1a]
RSSI: -90 [da:20:5b:26:0e:dc]
RSSI: -82 [da:20:5b:35:0f:0c]
RSSI: -82 [da:20:5b:35:0f:0c]
RSSI: -86 [da:20:5b:35:0f:0c]
RSSI: -95 [da:1a:b7:18:03:6a]
RSSI: -94 [da:1a:b7:18:03:6a]
RSSI: -84 [da:20:5b:41:0f:3c]
RSSI: -90 [da:1d:c0:37:02:1e]
RSSI: -86 [da:20:5b:50:0f:6c]
RSSI: -84 [da:20:5b:50:0f:6c]
RSSI: -95 [da:1a:b7:44:03:ea]
RSSI: -92 [da:1a:b7:54:04:1a]
RSSI: -91 [da:1a:b7:54:04:1a]
RSSI: -90 [da:1a:b7:64:04:3a]
RSSI: -84 [da:20:5b:95:10:3c]
RSSI: -92 [da:1a:b7:70:04:6a]
RSSI: -83 [da:20:5b:95:10:3c]
RSSI: -84 [da:20:5b:a3:10:6c]
RSSI: -93 [da:1a:b7:80:04:8a]
RSSI: -83 [da:20:5b:a3:10:6c]
RSSI: -78 [da:20:5b:b2:10:9c]
RSSI: -91 [da:1a:b7:90:04:ba]
RSSI: -76 [da:20:5b:b2:10:9c]
RSSI: -75 [da:20:5b:be:10:cc]
RSSI: -78 [da:20:5b:cd:10:fc]
RSSI: -73 [da:20:5b:cd:10:fc]
RSSI: -92 [da:1d:c0:c5:03:ae]
RSSI: -72 [da:20:5b:db:11:2c]
RSSI: -73 [da:20:5b:e8:11:4c]
RSSI: -72 [da:20:5b:e8:11:4c]
RSSI: -89 [da:1d:c0:ec:04:1e]
RSSI: -71 [da:20:5b:f7:11:7c]
RSSI: -86 [da:1d:c0:ec:04:1e]
RSSI: -76 [da:20:5c:05:11:ac]
RSSI: -87 [da:1d:c0:f9:04:4e]
RSSI: -76 [da:20:5c:05:11:ac]
RSSI: -69 [da:20:5c:12:11:cc]
RSSI: -91 [da:1a:b7:f6:05:ea]
RSSI: -87 [da:1d:c1:13:04:9e]
RSSI: -69 [da:20:5c:20:11:fc]
RSSI: -87 [da:1d:c1:13:04:9e]
RSSI: -68 [da:20:5c:20:11:fc]
RSSI: -87 [da:1d:c1:20:04:be]
RSSI: -71 [da:20:5c:2f:12:2c]
RSSI: -91 [da:1a:b8:06:06:0a]
RSSI: -88 [da:1d:c1:20:04:be]
RSSI: -68 [da:20:5c:2f:12:2c]
RSSI: -70 [da:20:5c:3c:12:4c]
RSSI: -67 [da:20:5c:4a:12:7c]
RSSI: -66 [da:20:5c:4a:12:7c]
RSSI: -85 [da:1a:b8:32:06:8a]
RSSI: -67 [da:20:5c:59:12:ac]
RSSI: -84 [da:1a:b8:32:06:8a]
RSSI: -85 [da:1a:b8:42:06:ba]
RSSI: -91 [da:1d:c1:54:05:4e]
RSSI: -88 [da:1a:b8:42:06:ba]
RSSI: -69 [da:20:5c:65:12:dc]
RSSI: -68 [da:20:5c:74:13:0c]
RSSI: -81 [da:1a:b8:4f:06:ea]
RSSI: -69 [da:20:5c:74:13:0c]
RSSI: -80 [da:1a:b8:5f:07:0a]
RSSI: -71 [da:20:5c:83:13:2c]
RSSI: -71 [da:20:5c:83:13:2c]
RSSI: -79 [da:1a:b8:6e:07:3a]
RSSI: -74 [da:20:5c:8f:13:5c]
RSSI: -92 [da:1d:c1:87:05:ee]
RSSI: -75 [da:20:5c:9e:13:8c]
RSSI: -78 [da:1a:b8:7b:07:6a]
RSSI: -80 [da:20:5c:ac:13:bc]
RSSI: -81 [da:1a:b8:8b:07:8a]
RSSI: -81 [da:20:5c:ac:13:bc]
RSSI: -81 [da:1a:b8:8b:07:8a]
RSSI: -79 [da:1a:b8:9b:07:ba]
RSSI: -86 [da:20:5c:b9:13:dc]
RSSI: -79 [da:1a:b8:9b:07:ba]
RSSI: -79 [da:1a:b8:9b:07:ba]
RSSI: -85 [da:20:5c:b9:13:dc]
RSSI: -82 [da:1a:b8:9b:07:ba]
RSSI: -83 [da:20:5c:c8:14:0c]
RSSI: -81 [da:20:5c:c8:14:0c]
RSSI: -81 [da:1a:b8:a8:07:ea]
RSSI: -77 [da:20:5c:d6:14:3c]
RSSI: -76 [da:20:5c:d6:14:3c]
RSSI: -82 [da:1a:b8:b8:08:0a]
RSSI: -82 [da:1a:b8:b8:08:0a]
RSSI: -76 [da:20:5c:e3:14:6c]
RSSI: -86 [da:1a:b8:c7:08:3a]
RSSI: -73 [da:20:5c:e3:14:6c]
RSSI: -84 [da:1a:b8:c7:08:3a]
RSSI: -74 [da:20:5c:f2:14:9c]
RSSI: -76 [da:20:5c:f2:14:9c]
RSSI: -87 [da:1a:b8:d4:08:5a]
RSSI: -86 [da:1a:b8:d4:08:5a]
RSSI: -76 [da:20:5d:00:14:cc]
RSSI: -87 [da:1a:b8:e4:08:8a]
RSSI: -75 [da:20:5d:0d:14:ec]
RSSI: -85 [da:1a:b8:e4:08:8a]
RSSI: -76 [da:20:5d:0d:14:ec]
RSSI: -77 [da:20:5d:1b:15:1c]
RSSI: -88 [da:1a:b8:f4:08:ba]
RSSI: -78 [da:20:5d:1b:15:1c]
RSSI: -87 [da:1a:b9:01:08:da]
RSSI: -84 [da:20:5d:2a:15:4c]
RSSI: -90 [da:1a:b9:11:09:0a]
RSSI: -82 [da:20:5d:37:15:7c]
RSSI: -81 [da:20:5d:45:15:9c]
RSSI: -94 [da:1d:c2:3d:07:ee]
RSSI: -79 [da:20:5d:54:15:cc]
RSSI: -91 [da:1a:b9:3d:09:8a]
RSSI: -78 [da:20:5d:6f:16:2c]
RSSI: -80 [da:20:5d:6f:16:2c]
RSSI: -80 [da:20:5d:7e:16:5c]
RSSI: -93 [da:1d:c2:71:08:8e]
RSSI: -79 [da:20:5d:7e:16:5c]
RSSI: -81 [da:20:5d:8a:16:7c]
RSSI: -80 [da:20:5d:99:00:2c]
RSSI: -80 [da:20:5d:99:00:2c]
RSSI: -81 [da:20:5d:99:00:2c]
RSSI: -80 [da:20:5d:a8:00:5c]
RSSI: -80 [da:20:5d:b4:00:8c]
RSSI: -80 [da:20:5d:b4:00:8c]
RSSI: -79 [da:20:5d:b4:00:8c]
RSSI: -79 [da:20:5d:b4:00:8c]
RSSI: -80 [da:20:5d:c3:00:bc]
RSSI: -79 [da:20:5d:d2:00:ec]
RSSI: -78 [da:20:5d:d2:00:ec]
RSSI: -78 [da:20:5d:de:01:0c]
RSSI: -81 [da:20:5d:ed:01:3c]
RSSI: -78 [da:20:5d:ed:01:3c]
RSSI: -77 [da:20:5d:fc:01:6c]
RSSI: -82 [da:20:5d:fc:01:6c]
RSSI: -79 [da:20:5e:08:01:9c]
RSSI: -78 [da:20:5e:08:01:9c]
RSSI: -84 [da:20:5e:17:01:cc]
RSSI: -82 [da:20:5e:17:01:cc]
RSSI: -88 [da:1d:c3:0d:0a:4e]
RSSI: -87 [da:20:5e:25:01:fc]
RSSI: -79 [da:20:5e:32:02:1c]
RSSI: -89 [da:1d:c3:28:0a:9e]
RSSI: -83 [da:20:5e:41:02:4c]
RSSI: -80 [da:20:5e:41:02:4c]
RSSI: -87 [da:1d:c3:35:0a:be]
RSSI: -87 [da:20:5e:4f:02:7c]
RSSI: -92 [da:1d:c3:42:0a:ee]
RSSI: -83 [da:20:5e:4f:02:7c]
RSSI: -87 [da:1d:c3:4f:0b:0e]
RSSI: -90 [da:20:5e:5c:02:9c]
RSSI: -89 [da:1d:c3:5c:0b:3e]
RSSI: -88 [da:1d:c3:69:0b:5e]
RSSI: -87 [da:1d:c3:69:0b:5e]
RSSI: -82 [da:1d:c3:76:0b:8e]
RSSI: -86 [da:1d:c3:76:0b:8e]
RSSI: -86 [da:1d:c3:76:0b:8e]
RSSI: -86 [da:1d:c3:83:0b:ae]
RSSI: -81 [da:1d:c3:83:0b:ae]
RSSI: -85 [da:1d:c3:90:0b:ce]
RSSI: -83 [da:1d:c3:90:0b:ce]
RSSI: -82 [da:1d:c3:9d:0b:fe]
RSSI: -78 [da:1d:c3:aa:0c:1e]
RSSI: -81 [da:1d:c3:b7:0c:4e]
RSSI: -81 [da:1d:c3:b7:0c:4e]
RSSI: -94 [da:20:5e:bf:03:dc]
RSSI: -82 [da:1d:c3:b7:0c:4e]
RSSI: -92 [da:20:5e:cd:04:0c]
RSSI: -81 [da:1d:c3:c5:0c:6e]
RSSI: -76 [da:1d:c3:d1:0c:9e]
RSSI: -88 [da:20:5e:e9:04:5c]
RSSI: -80 [da:1d:c3:df:0c:be]
RSSI: -78 [da:1d:c3:ec:0c:ee]
RSSI: -95 [da:20:5e:f8:04:8c]
RSSI: -75 [da:1d:c3:f8:0d:0e]
RSSI: -77 [da:1d:c4:06:0d:2e]
RSSI: -93 [da:20:5f:22:05:0c]
RSSI: -77 [da:1d:c4:13:0d:5e]
RSSI: -74 [da:1d:c4:20:0d:7e]
RSSI: -73 [da:1d:c4:20:0d:7e]
RSSI: -79 [da:1d:c4:20:0d:7e]
RSSI: -94 [da:20:5f:2e:05:3c]
RSSI: -78 [da:1d:c4:2d:0d:9e]
RSSI: -80 [da:1d:c4:3a:0d:ce]
RSSI: -78 [da:1d:c4:3a:0d:ce]
RSSI: -74 [da:1d:c4:47:0d:ee]
RSSI: -80 [da:1d:c4:47:0d:ee]
RSSI: -79 [da:1d:c4:54:0e:0e]
RSSI: -75 [da:1d:c4:54:0e:0e]
RSSI: -89 [da:20:5f:67:05:ec]
RSSI: -82 [da:1d:c4:61:0e:3e]
RSSI: -81 [da:1d:c4:61:0e:3e]
RSSI: -89 [da:20:5f:76:06:1c]
RSSI: -78 [da:1d:c4:6e:0e:5e]
RSSI: -82 [da:1d:c4:6e:0e:5e]
RSSI: -85 [da:1d:c4:7b:0e:8e]
RSSI: -81 [da:1d:c4:7b:0e:8e]
RSSI: -88 [da:1d:c4:89:0e:ae]
RSSI: -92 [da:20:5f:91:06:7c]
RSSI: -85 [da:1d:c4:95:0e:ce]
RSSI: -87 [da:1d:c4:a3:0e:fe]
RSSI: -94 [da:1d:c4:b0:0f:1e]
RSSI: -86 [da:20:5f:bb:06:fc]
RSSI: -91 [da:1d:c4:bc:0f:3e]
RSSI: -91 [da:20:5f:ca:07:2c]
RSSI: -84 [da:1d:c4:ca:0f:6e]
RSSI: -84 [da:1d:c4:ca:0f:6e]
RSSI: -89 [da:1d:c4:d7:0f:8e]
RSSI: -86 [da:20:5f:eb:07:9c]
RSSI: -86 [da:20:5f:eb:07:9c]
RSSI: -87 [da:1d:c4:e4:0f:be]
RSSI: -88 [da:20:5f:fb:07:cc]
RSSI: -84 [da:1d:c4:f1:0f:de]
RSSI: -88 [da:1d:c5:0b:10:2e]
RSSI: -82 [da:20:60:25:08:4c]
RSSI: -85 [da:1d:c5:18:10:4e]
RSSI: -82 [da:20:60:25:08:4c]
RSSI: -91 [da:1d:c5:26:10:7e]
RSSI: -88 [da:1d:c5:32:10:9e]
RSSI: -84 [da:1d:c5:40:10:be]
RSSI: -84 [da:20:60:4f:08:dc]
RSSI: -88 [da:1d:c5:40:10:be]
RSSI: -88 [da:20:60:5c:08:fc]
RSSI: -88 [da:20:60:5c:08:fc]
RSSI: -84 [da:20:60:6b:09:2c]
RSSI: -91 [da:1d:c5:5a:11:0e]
RSSI: -84 [da:20:60:79:09:5c]
RSSI: -79 [da:20:60:86:09:8c]
RSSI: -85 [da:1d:c5:7d:11:6e]
RSSI: -88 [da:1d:c5:7d:11:6e]
RSSI: -80 [da:20:60:86:09:8c]
RSSI: -89 [da:1d:c5:7d:11:6e]
RSSI: -77 [da:20:60:95:09:bc]
RSSI: -88 [da:1d:c5:89:11:8e]
RSSI: -77 [da:20:60:95:09:bc]
RSSI: -84 [da:1d:c5:89:11:8e]
RSSI: -79 [da:20:60:a4:09:ec]
RSSI: -89 [da:1d:c5:97:11:be]
RSSI: -77 [da:20:60:a4:09:ec]
RSSI: -87 [da:1d:c5:97:11:be]
RSSI: -89 [da:1d:c5:a4:11:de]
RSSI: -83 [da:20:60:b0:0a:1c]
RSSI: -83 [da:20:60:bf:0a:3c]
RSSI: -86 [da:1d:c5:b1:11:fe]
RSSI: -84 [da:20:60:bf:0a:3c]
RSSI: -87 [da:1d:c5:be:12:2e]
RSSI: -82 [da:20:60:ce:0a:6c]
RSSI: -81 [da:20:60:db:0a:9c]
RSSI: -89 [da:1d:c5:cb:12:4e]
RSSI: -81 [da:20:60:db:0a:9c]
RSSI: -79 [da:20:60:db:0a:9c]
RSSI: -78 [da:20:60:db:0a:9c]
RSSI: -88 [da:1d:c5:d8:12:7e]
RSSI: -79 [da:20:60:e9:0a:cc]
RSSI: -76 [da:20:60:f8:0a:fc]
RSSI: -80 [da:20:60:f8:0a:fc]
RSSI: -80 [da:20:60:f8:0a:fc]
RSSI: -89 [da:1d:c5:f3:12:ce]
RSSI: -89 [da:1d:c5:f3:12:ce]
RSSI: -77 [da:20:61:05:0b:2c]
RSSI: -86 [da:1d:c5:ff:12:ee]
RSSI: -86 [da:1d:c5:ff:12:ee]
RSSI: -82 [da:20:61:14:0b:5c]
RSSI: -81 [da:20:61:14:0b:5c]
RSSI: -79 [da:20:61:22:0b:8c]
RSSI: -84 [da:20:61:22:0b:8c]
RSSI: -90 [da:1d:c6:1a:13:3e]
RSSI: -84 [da:20:61:2f:0b:ac]
RSSI: -80 [da:20:61:2f:0b:ac]
RSSI: -91 [da:1d:c6:27:13:5e]
RSSI: -86 [da:20:61:3e:0b:dc]
RSSI: -86 [da:20:61:4d:0c:0c]
RSSI: -80 [da:20:61:59:0c:3c]
RSSI: -87 [da:1d:c6:4e:13:ce]
RSSI: -90 [da:20:61:59:0c:3c]
RSSI: -90 [da:1d:c6:76:14:3e]
RSSI: -88 [da:20:61:93:0c:ec]
RSSI: -88 [da:20:61:93:0c:ec]
RSSI: -94 [da:1d:c6:91:14:8e]
RSSI: -87 [da:20:61:ae:0d:4c]
RSSI: -90 [da:20:61:ae:0d:4c]
RSSI: -89 [da:1d:c6:ab:14:de]
RSSI: -87 [da:20:61:bd:0d:7c]
RSSI: -92 [da:20:61:e7:0d:fc]
RSSI: -83 [da:20:61:f6:0e:2c]
RSSI: -82 [da:20:62:03:0e:5c]
RSSI: -81 [da:20:62:03:0e:5c]
RSSI: -91 [da:20:62:20:0e:ac]
RSSI: -95 [da:1a:bd:ff:00:ea]
RSSI: -91 [da:20:62:20:0e:ac]
RSSI: -89 [da:20:62:2d:0e:dc]
RSSI: -90 [da:20:62:2d:0e:dc]
RSSI: -85 [da:20:62:3c:0f:0c]
RSSI: -93 [da:1a:be:2c:01:6a]
RSSI: -85 [da:20:62:66:0f:9c]
RSSI: -87 [da:20:62:75:0f:cc]
RSSI: -88 [da:20:62:75:0f:cc]
RSSI: -88 [da:20:62:82:0f:ec]
RSSI: -90 [da:20:62:91:10:1c]
RSSI: -82 [da:20:62:a0:10:4c]
RSSI: -86 [da:20:62:ac:10:7c]
RSSI: -84 [da:20:62:bb:10:ac]
RSSI: -85 [da:20:62:bb:10:ac]
RSSI: -85 [da:20:62:ca:10:dc]
RSSI: -83 [da:20:62:ca:10:dc]
RSSI: -93 [da:1d:c7:cd:01:ae]
RSSI: -78 [da:20:62:d7:10:fc]
RSSI: -92 [da:1d:c7:cd:01:ae]
RSSI: -72 [da:20:62:e6:11:2c]
RSSI: -73 [da:20:62:f5:11:5c]
RSSI: -72 [da:20:62:f5:11:5c]
RSSI: -74 [da:20:63:01:11:8c]
RSSI: -73 [da:20:63:01:11:8c]
RSSI: -73 [da:20:63:10:11:bc]
RSSI: -77 [da:20:63:1f:11:ec]
RSSI: -89 [da:1a:be:fe:03:ba]
RSSI: -91 [da:1a:be:fe:03:ba]
RSSI: -75 [da:20:63:1f:11:ec]
RSSI: -92 [da:1a:be:fe:03:ba]
RSSI: -75 [da:20:63:2c:12:0c]
RSSI: -86 [da:1a:bf:0a:03:da]
RSSI: -71 [da:20:63:2c:12:0c]
RSSI: -88 [da:1a:bf:17:03:fa]
RSSI: -72 [da:20:63:3b:12:3c]
RSSI: -86 [da:1a:bf:24:04:2a]
RSSI: -69 [da:20:63:4a:12:6c]
RSSI: -85 [da:1a:bf:24:04:2a]
RSSI: -65 [da:20:63:4a:12:6c]
RSSI: -89 [da:1a:bf:31:04:4a]
RSSI: -70 [da:20:63:56:12:9c]
RSSI: -67 [da:20:63:56:12:9c]
RSSI: -86 [da:1a:bf:3d:04:6a]
RSSI: -85 [da:1a:bf:3d:04:6a]
RSSI: -66 [da:20:63:65:12:cc]
RSSI: -66 [da:20:63:74:12:fc]
RSSI: -67 [da:20:63:81:13:1c]
RSSI: -88 [da:1a:bf:63:04:da]
RSSI: -87 [da:1a:bf:63:04:da]
RSSI: -68 [da:20:63:81:13:1c]
RSSI: -86 [da:1a:bf:63:04:da]
RSSI: -85 [da:1a:bf:70:04:fa]
RSSI: -70 [da:20:63:90:13:4c]
RSSI: -74 [da:20:63:9f:13:7c]
RSSI: -87 [da:1d:c8:93:03:de]
RSSI: -84 [da:1a:bf:8a:05:3a]
RSSI: -86 [da:1d:c8:a0:04:0e]
RSSI: -78 [da:20:63:ab:13:ac]
RSSI: -83 [da:1a:bf:96:05:6a]
RSSI: -87 [da:1d:c8:ae:04:2e]
RSSI: -77 [da:20:63:ba:13:dc]
RSSI: -83 [da:1a:bf:96:05:6a]
RSSI: -86 [da:1d:c8:ae:04:2e]
RSSI: -83 [da:20:63:ba:13:dc]
RSSI: -80 [da:1a:bf:a3:05:8a]
RSSI: -90 [da:1d:c8:bb:04:5e]
RSSI: -81 [da:20:63:c9:14:0c]
RSSI: -87 [da:1d:c8:bb:04:5e]
RSSI: -87 [da:1d:c8:c8:04:7e]
RSSI: -79 [da:1a:bf:b0:05:aa]
RSSI: -84 [da:20:63:d6:14:2c]
RSSI: -79 [da:1a:bf:bc:05:da]
RSSI: -78 [da:1a:bf:bc:05:da]
RSSI: -88 [da:1d:c8:d5:04:9e]
RSSI: -88 [da:1d:c8:d5:04:9e]
RSSI: -81 [da:20:63:e5:14:5c]
RSSI: -77 [da:1a:bf:c9:05:fa]
RSSI: -76 [da:1a:bf:d6:06:1a]
RSSI: -77 [da:1a:bf:e3:06:3a]
RSSI: -81 [da:20:64:00:14:bc]
RSSI: -77 [da:1a:bf:e3:06:3a]
RSSI: -77 [da:20:64:00:14:bc]
RSSI: -89 [da:1d:c8:fd:05:1e]
RSSI: -89 [da:1d:c8:fd:05:1e]
RSSI: -77 [da:1a:bf:ef:06:5a]
RSSI: -82 [da:20:64:0f:14:ec]
RSSI: -77 [da:1a:bf:ef:06:5a]
RSSI: -92 [da:1d:c9:0a:05:3e]
RSSI: -77 [da:1a:bf:fc:06:8a]
RSSI: -77 [da:20:64:1e:15:0c]
RSSI: -76 [da:1a:bf:fc:06:8a]
RSSI: -77 [da:20:64:1e:15:0c]
RSSI: -80 [da:1a:c0:09:06:aa]
RSSI: -87 [da:1d:c9:25:05:8e]
RSSI: -80 [da:1a:c0:16:06:ca]
RSSI: -85 [da:20:64:3a:15:6c]
RSSI: -80 [da:1a:c0:16:06:ca]
RSSI: -94 [da:1d:c9:32:05:ae]
RSSI: -81 [da:1a:c0:22:06:ea]
RSSI: -80 [da:1a:c0:22:06:ea]
RSSI: -81 [da:1a:c0:2f:07:1a]
RSSI: -83 [da:20:64:56:15:bc]
RSSI: -79 [da:1a:c0:3c:07:3a]
RSSI: -80 [da:1a:c0:3c:07:3a]
RSSI: -81 [da:1a:c0:3c:07:3a]
RSSI: -84 [da:20:64:65:15:ec]
RSSI: -81 [da:1a:c0:49:07:5a]
RSSI: -78 [da:1a:c0:49:07:5a]
RSSI: -83 [da:20:64:74:16:1c]
RSSI: -81 [da:1a:c0:55:07:7a]
RSSI: -92 [da:1d:c9:67:06:4e]
RSSI: -82 [da:20:64:74:16:1c]
RSSI: -81 [da:1a:c0:55:07:7a]
RSSI: -78 [da:20:64:80:16:4c]
RSSI: -82 [da:1a:c0:62:07:aa]
RSSI: -81 [da:20:64:80:16:4c]
RSSI: -81 [da:1a:c0:62:07:aa]
RSSI: -82 [da:1a:c0:6f:07:ca]
RSSI: -80 [da:20:64:8f:16:7c]
RSSI: -85 [da:1a:c0:6f:07:ca]
RSSI: -80 [da:20:64:8f:16:7c]
RSSI: -82 [da:20:64:9e:00:2c]
RSSI: -90 [da:1d:c9:8e:06:be]
RSSI: -81 [da:20:64:9e:00:2c]
RSSI: -84 [da:1a:c0:88:08:0a]
RSSI: -83 [da:20:64:ab:00:5c]
RSSI: -83 [da:1a:c0:88:08:0a]
RSSI: -83 [da:20:64:ab:00:5c]
RSSI: -85 [da:1a:c0:95:08:3a]
RSSI: -91 [da:1d:c9:aa:07:0e]
RSSI: -85 [da:1a:c0:a2:08:5a]
RSSI: -82 [da:20:64:ba:00:8c]
RSSI: -80 [da:20:64:c9:00:bc]
RSSI: -91 [da:1d:c9:b6:07:2e]
RSSI: -81 [da:20:64:c9:00:bc]
RSSI: -80 [da:20:64:c9:00:bc]
RSSI: -82 [da:20:64:d5:00:ec]
RSSI: -81 [da:20:64:d5:00:ec]
RSSI: -82 [da:20:64:e4:01:1c]
RSSI: -83 [da:20:64:e4:01:1c]
RSSI: -80 [da:20:64:f3:01:3c]
RSSI: -93 [da:1d:c9:ec:07:ce]
RSSI: -79 [da:20:65:00:01:6c]
RSSI: -83 [da:20:65:0f:01:9c]
RSSI: -80 [da:20:65:0f:01:9c]
RSSI: -84 [da:20:65:1e:01:cc]
RSSI: -81 [da:20:65:2b:01:ec]
RSSI: -83 [da:20:65:3a:02:1c]
RSSI: -82 [da:20:65:3a:02:1c]
RSSI: -85 [da:20:65:49:02:4c]
RSSI: -88 [da:20:65:55:02:7c]
RSSI: -85 [da:20:65:64:02:ac]
RSSI: -86 [da:20:65:73:02:dc]
RSSI: -91 [da:1d:ca:71:09:4e]
RSSI: -92 [da:20:65:80:02:fc]
RSSI: -92 [da:20:65:80:02:fc]
RSSI: -95 [da:1a:c1:7b:0a:ca]
RSSI: -92 [da:20:65:9e:03:5c]
RSSI: -92 [da:1a:c1:7b:0a:ca]
RSSI: -96 [da:1a:c1:95:0b:1a]
RSSI: -94 [da:1a:c1:a2:0b:3a]
RSSI: -87 [da:20:65:c9:03:ec]
RSSI: -86 [da:20:65:d5:04:0c]
RSSI: -94 [da:1d:ca:e9:0a:be]
RSSI: -86 [da:20:66:00:04:9c]
RSSI: -91 [da:1d:ca:f5:0a:de]
RSSI: -88 [da:20:66:0f:04:cc]
RSSI: -87 [da:20:66:0f:04:cc]
RSSI: -86 [da:1d:cb:11:0b:2e]
RSSI: -83 [da:1d:cb:1d:0b:4e]
RSSI: -95 [da:1a:c2:08:0c:5a]
RSSI: -88 [da:20:66:2b:05:1c]
RSSI: -86 [da:20:66:3a:05:4c]
RSSI: -88 [da:20:66:3a:05:4c]
RSSI: -83 [da:1d:cb:38:0b:9e]
RSSI: -87 [da:20:66:49:05:7c]
RSSI: -86 [da:20:66:49:05:7c]
RSSI: -80 [da:1d:cb:45:0b:ce]
RSSI: -87 [da:20:66:56:05:ac]
RSSI: -81 [da:1d:cb:45:0b:ce]
RSSI: -85 [da:1d:cb:53:0b:ee]
RSSI: -85 [da:1d:cb:53:0b:ee]
RSSI: -80 [da:1d:cb:53:0b:ee]
RSSI: -87 [da:20:66:65:05:dc]
RSSI: -88 [da:20:66:65:05:dc]
RSSI: -82 [da:1d:cb:60:0c:0e]
RSSI: -79 [da:1d:cb:6d:0c:3e]
RSSI: -80 [da:1d:cb:6d:0c:3e]
RSSI: -86 [da:1d:cb:7b:0c:5e]
RSSI: -78 [da:1d:cb:7b:0c:5e]
RSSI: -80 [da:1d:cb:88:0c:8e]
RSSI: -81 [da:1d:cb:88:0c:8e]
RSSI: -79 [da:1d:cb:95:0c:ae]
RSSI: -81 [da:1d:cb:95:0c:ae]
RSSI: -86 [da:20:66:ac:06:bc]
RSSI: -86 [da:20:66:ac:06:bc]
RSSI: -80 [da:1d:cb:a3:0c:ce]
RSSI: -86 [da:20:66:bb:06:ec]
RSSI: -80 [da:1d:cb:b0:0c:fe]
RSSI: -89 [da:20:66:bb:06:ec]
RSSI: -78 [da:1d:cb:b0:0c:fe]
RSSI: -79 [da:1d:cb:bd:0d:1e]
RSSI: -85 [da:20:66:ca:07:1c]
RSSI: -80 [da:1d:cb:bd:0d:1e]
RSSI: -83 [da:20:66:ca:07:1c]
RSSI: -94 [da:1a:c2:bb:0e:6a]
RSSI: -89 [da:20:66:d6:07:4c]
RSSI: -80 [da:1d:cb:cb:0d:4e]
RSSI: -86 [da:20:66:e6:07:7c]
RSSI: -79 [da:1d:cb:d9:0d:6e]
RSSI: -92 [da:20:66:e6:07:7c]
RSSI: -79 [da:1d:cb:e5:0d:9e]
RSSI: -84 [da:20:66:f5:07:ac]
RSSI: -79 [da:1d:cb:f3:0d:be]
RSSI: -79 [da:1d:cb:f3:0d:be]
RSSI: -82 [da:1d:cc:01:0d:ee]
RSSI: -82 [da:1d:cc:01:0d:ee]
RSSI: -78 [da:1d:cc:01:0d:ee]
RSSI: -81 [da:1d:cc:0d:0e:0e]
RSSI: -82 [da:1d:cc:0d:0e:0e]
RSSI: -85 [da:1d:cc:0d:0e:0e]
RSSI: -86 [da:20:67:20:08:2c]
RSSI: -81 [da:1d:cc:1b:0e:3e]
RSSI: -82 [da:1d:cc:1b:0e:3e]
RSSI: -91 [da:1d:cc:29:0e:5e]
RSSI: -85 [da:1d:cc:29:0e:5e]
RSSI: -84 [da:20:67:3b:08:8c]
RSSI: -87 [da:1d:cc:35:0e:7e]
RSSI: -83 [da:20:67:4a:08:bc]
RSSI: -87 [da:1d:cc:43:0e:ae]
RSSI: -89 [da:1d:cc:43:0e:ae]
RSSI: -84 [da:20:67:57:08:ec]
RSSI: -83 [da:20:67:66:09:1c]
RSSI: -83 [da:20:67:66:09:1c]
RSSI: -87 [da:20:67:66:09:1c]
RSSI: -86 [da:1d:cc:5d:0e:fe]
RSSI: -89 [da:20:67:75:09:4c]
RSSI: -88 [da:1d:cc:6b:0f:1e]
RSSI: -82 [da:20:67:75:09:4c]
RSSI: -87 [da:20:67:82:09:6c]
RSSI: -88 [da:1d:cc:79:0f:4e]
RSSI: -83 [da:20:67:91:09:9c]
RSSI: -84 [da:1d:cc:85:0f:6e]
RSSI: -81 [da:20:67:a0:09:cc]
RSSI: -86 [da:1d:cc:93:0f:9e]
RSSI: -84 [da:20:67:ad:09:fc]
RSSI: -88 [da:1d:cc:a1:0f:be]
RSSI: -81 [da:20:67:ad:09:fc]
RSSI: -86 [da:1d:cc:ae:0f:ee]
RSSI: -83 [da:20:67:bc:0a:2c]
RSSI: -87 [da:1d:cc:bb:10:0e]
RSSI: -87 [da:1d:cc:bb:10:0e]
RSSI: -82 [da:20:67:cb:0a:5c]
RSSI: -87 [da:1d:cc:c9:10:3e]
RSSI: -83 [da:20:67:d8:0a:7c]
RSSI: -89 [da:1d:cc:c9:10:3e]
RSSI: -83 [da:20:67:e7:0a:ac]
RSSI: -84 [da:20:67:e7:0a:ac]
RSSI: -83 [da:20:67:e7:0a:ac]
RSSI: -89 [da:1d:cc:e3:10:7e]
RSSI: -92 [da:20:67:f6:0a:dc]
RSSI: -87 [da:20:67:f6:0a:dc]
RSSI: -88 [da:1d:cc:f1:10:ae]
RSSI: -88 [da:1d:cc:f1:10:ae]
RSSI: -84 [da:20:68:03:0b:0c]
RSSI: -88 [da:1d:cc:fe:10:ce]
RSSI: -82 [da:20:68:12:0b:3c]
RSSI: -86 [da:1d:cd:0c:10:fe]
RSSI: -84 [da:20:68:21:0b:6c]
RSSI: -82 [da:20:68:21:0b:6c]
RSSI: -89 [da:1d:cd:19:11:1e]
RSSI: -85 [da:20:68:2e:0b:9c]
RSSI: -88 [da:1d:cd:26:11:3e]
RSSI: -84 [da:20:68:2e:0b:9c]
RSSI: -89 [da:1d:cd:26:11:3e]
RSSI: -88 [da:20:68:3d:0b:cc]
RSSI: -85 [da:1d:cd:34:11:6e]
RSSI: -89 [da:1d:cd:41:11:8e]
RSSI: -84 [da:20:68:4c:0b:fc]
RSSI: -89 [da:1d:cd:41:11:8e]
RSSI: -85 [da:1d:cd:41:11:8e]
RSSI: -90 [da:1d:cd:4e:11:be]
RSSI: -81 [da:20:68:68:0c:4c]
RSSI: -87 [da:20:68:68:0c:4c]
RSSI: -85 [da:20:68:77:0c:7c]
RSSI: -81 [da:20:68:77:0c:7c]
RSSI: -87 [da:20:68:84:0c:ac]
RSSI: -91 [da:1d:cd:76:12:2e]
RSSI: -89 [da:20:68:93:0c:dc]
RSSI: -89 [da:1d:cd:9e:12:9e]
RSSI: -90 [da:1d:cd:ac:12:ce]
RSSI: -90 [da:20:68:cd:0d:9c]
RSSI: -86 [da:20:68:da:0d:bc]
RSSI: -92 [da:1d:cd:d5:13:3e]
RSSI: -85 [da:20:68:f8:0e:2c]
RSSI: -91 [da:1d:cd:ef:13:8e]
RSSI: -90 [da:1d:cd:ef:13:8e]
RSSI: -91 [da:1d:cd:fd:13:ae]
RSSI: -92 [da:1d:cd:fd:13:ae]
RSSI: -87 [da:20:69:14:0e:7c]
RSSI: -91 [da:1d:ce:0b:13:de]
RSSI: -86 [da:20:69:23:0e:ac]
RSSI: -86 [da:20:69:30:0e:dc]
RSSI: -84 [da:20:69:30:0e:dc]
RSSI: -84 [da:20:69:3f:0f:0c]
RSSI: -84 [da:20:69:3f:0f:0c]
RSSI: -83 [da:20:69:4e:0f:3c]
RSSI: -82 [da:20:69:4e:0f:3c]
RSSI: -89 [da:20:69:4e:0f:3c]
RSSI: -86 [da:20:69:5b:0f:6c]
RSSI: -87 [da:1d:ce:4d:14:8e]
RSSI: -84 [da:20:69:5b:0f:6c]
RSSI: -86 [da:20:69:6a:0f:9c]
RSSI: -94 [da:1a:c5:4d:15:ba]
RSSI: -90 [da:1d:ce:68:14:de]
RSSI: -88 [da:20:69:79:0f:cc]
RSSI: -83 [da:20:69:86:0f:ec]
RSSI: -93 [da:1d:ce:76:15:0e]
RSSI: -89 [da:20:69:95:10:1c]
RSSI: -82 [da:20:69:95:10:1c]
RSSI: -92 [da:20:69:a4:10:4c]
RSSI: -86 [da:20:69:b1:10:7c]
RSSI: -86 [da:20:69:b1:10:7c]
RSSI: -82 [da:20:69:c0:10:ac]
RSSI: -84 [da:20:69:c0:10:ac]
RSSI: -82 [da:20:69:cf:10:dc]
RSSI: -85 [da:20:69:cf:10:dc]
RSSI: -83 [da:20:69:dc:10:fc]
RSSI: -80 [da:20:69:dc:10:fc]
RSSI: -93 [da:1a:c5:ce:01:0a]
RSSI: -81 [da:20:69:eb:11:3c]
RSSI: -92 [da:1a:c5:ce:01:0a]
RSSI: -78 [da:20:69:eb:11:3c]
RSSI: -77 [da:20:69:fb:11:6c]
RSSI: -75 [da:20:6a:07:11:8c]
RSSI: -87 [da:20:6a:17:11:bc]
RSSI: -77 [da:20:6a:26:11:ec]
RSSI: -75 [da:20:6a:32:12:1c]
RSSI: -74 [da:20:6a:32:12:1c]
RSSI: -72 [da:20:6a:42:12:4c]
RSSI: -71 [da:20:6a:42:12:4c]
RSSI: -72 [da:20:6a:51:12:7c]
RSSI: -71 [da:20:6a:51:12:7c]
RSSI: -72 [da:20:6a:5e:12:9c]
RSSI: -92 [da:1a:c6:43:02:4a]
RSSI: -73 [da:20:6a:5e:12:9c]
RSSI: -69 [da:20:6a:6d:12:cc]
RSSI: -91 [da:1a:c6:50:02:7a]
RSSI: -74 [da:20:6a:6d:12:cc]
RSSI: -74 [da:20:6a:7c:12:fc]
RSSI: -71 [da:20:6a:7c:12:fc]
RSSI: -75 [da:20:6a:89:13:2c]
RSSI: -74 [da:20:6a:89:13:2c]
RSSI: -74 [da:20:6a:98:13:5c]
RSSI: -74 [da:20:6a:98:13:5c]
RSSI: -73 [da:20:6a:a7:13:8c]
RSSI: -77 [da:20:6a:b4:13:ac]
RSSI: -75 [da:20:6a:b4:13:ac]
RSSI: -80 [da:20:6a:c3:13:dc]
RSSI: -80 [da:20:6a:c3:13:dc]
RSSI: -81 [da:20:6a:c3:13:dc]
RSSI: -82 [da:20:6a:d2:14:0c]
RSSI: -86 [da:20:6a:df:14:3c]
RSSI: -90 [da:1a:c6:c5:03:ba]
RSSI: -82 [da:20:6a:ee:14:6c]
RSSI: -87 [da:1a:c6:d1:03:ea]
RSSI: -82 [da:20:6a:ee:14:6c]
RSSI: -84 [da:20:6a:fe:14:9c]
RSSI: -76 [da:20:6a:fe:14:9c]
RSSI: -77 [da:20:6b:0a:14:cc]
RSSI: -77 [da:20:6b:0a:14:cc]
RSSI: -79 [da:20:6b:1a:14:fc]
RSSI: -87 [da:1a:c6:f8:04:4a]
RSSI: -78 [da:20:6b:1a:14:fc]
RSSI: -77 [da:20:6b:29:15:2c]
RSSI: -81 [da:20:6b:29:15:2c]
RSSI: -81 [da:20:6b:36:15:4c]
RSSI: -87 [da:1a:c7:1f:04:ba]
RSSI: -90 [da:1d:d0:32:03:de]
RSSI: -87 [da:1a:c7:1f:04:ba]
RSSI: -82 [da:20:6b:45:15:7c]
RSSI: -82 [da:20:6b:45:15:7c]
RSSI: -88 [da:1d:d0:40:03:fe]
RSSI: -87 [da:1a:c7:2d:04:ea]
RSSI: -84 [da:20:6b:54:15:ac]
RSSI: -87 [da:1a:c7:3a:05:0a]
RSSI: -88 [da:1a:c7:3a:05:0a]
RSSI: -86 [da:1d:d0:4d:04:1e]
RSSI: -83 [da:20:6b:61:15:dc]
RSSI: -88 [da:1a:c7:46:05:2a]
RSSI: -84 [da:20:6b:61:15:dc]
RSSI: -86 [da:1a:c7:46:05:2a]
RSSI: -88 [da:1d:d0:5b:04:4e]
RSSI: -86 [da:1d:d0:68:04:7e]
RSSI: -88 [da:1d:d0:75:04:9e]
RSSI: -88 [da:1d:d0:75:04:9e]
RSSI: -83 [da:1a:c7:61:05:7a]
RSSI: -85 [da:1a:c7:6d:05:9a]
RSSI: -83 [da:20:6b:8c:16:6c]
RSSI: -82 [da:1a:c7:6d:05:9a]
RSSI: -83 [da:1a:c7:7b:05:ba]
RSSI: -83 [da:20:6b:9c:00:0c]
RSSI: -82 [da:1a:c7:7b:05:ba]
RSSI: -83 [da:20:6b:9c:00:0c]
RSSI: -84 [da:20:6b:ab:00:3c]
RSSI: -81 [da:1a:c7:88:05:ea]
RSSI: -90 [da:1d:d0:9e:05:0e]
RSSI: -84 [da:20:6b:ab:00:3c]
RSSI: -82 [da:1a:c7:88:05:ea]
RSSI: -82 [da:1a:c7:94:06:0a]
RSSI: -81 [da:1a:c7:94:06:0a]
RSSI: -82 [da:1a:c7:a2:06:3a]
RSSI: -82 [da:1a:c7:a2:06:3a]
RSSI: -83 [da:20:6b:c7:00:8c]
RSSI: -81 [da:1a:c7:af:06:5a]
RSSI: -86 [da:20:6b:c7:00:8c]
RSSI: -81 [da:1a:c7:af:06:5a]
RSSI: -84 [da:20:6b:d6:00:bc]
RSSI: -81 [da:1a:c7:af:06:5a]
RSSI: -82 [da:20:6b:d6:00:bc]
RSSI: -83 [da:1a:c7:bc:06:7a]
RSSI: -81 [da:1a:c7:bc:06:7a]
RSSI: -82 [da:1a:c7:c9:06:aa]
RSSI: -87 [da:1d:d0:e2:05:de]
RSSI: -85 [da:1a:c7:c9:06:aa]
RSSI: -81 [da:1a:c7:d6:06:ca]
RSSI: -84 [da:1a:c7:d6:06:ca]
RSSI: -91 [da:1d:d0:ef:05:fe]
RSSI: -80 [da:20:6c:01:01:4c]
RSSI: -80 [da:20:6c:01:01:4c]
RSSI: -84 [da:20:6c:01:01:4c]
RSSI: -82 [da:1a:c7:e3:06:ea]
RSSI: -89 [da:1d:d0:fd:06:2e]
RSSI: -82 [da:1a:c7:f0:07:1a]
RSSI: -79 [da:20:6c:0e:01:6c]
RSSI: -84 [da:1a:c7:f0:07:1a]
RSSI: -88 [da:1d:d1:0b:06:4e]
RSSI: -81 [da:1a:c7:fd:07:3a]
RSSI: -81 [da:20:6c:1d:01:9c]
RSSI: -82 [da:1a:c7:fd:07:3a]
RSSI: -87 [da:1d:d1:17:06:7e]
RSSI: -81 [da:1a:c8:0a:07:5a]
RSSI: -87 [da:20:6c:2d:01:cc]
RSSI: -88 [da:1d:d1:25:06:9e]
RSSI: -82 [da:1a:c8:17:07:8a]
RSSI: -79 [da:20:6c:39:01:fc]
RSSI: -88 [da:1d:d1:33:06:ce]
RSSI: -82 [da:1a:c8:24:07:aa]
RSSI: -87 [da:1d:d1:33:06:ce]
RSSI: -90 [da:1d:d1:33:06:ce]
RSSI: -82 [da:1a:c8:24:07:aa]
RSSI: -81 [da:20:6c:49:02:2c]
RSSI: -81 [da:20:6c:49:02:2c]
RSSI: -89 [da:1d:d1:40:06:ee]
RSSI: -83 [da:1a:c8:31:07:ca]
RSSI: -91 [da:1d:d1:4e:07:0e]
RSSI: -88 [da:20:6c:58:02:5c]
RSSI: -86 [da:1a:c8:3e:07:fa]
RSSI: -90 [da:1d:d1:5c:07:3e]
RSSI: -85 [da:1a:c8:4b:08:1a]
RSSI: -85 [da:1a:c8:4b:08:1a]
RSSI: -83 [da:20:6c:74:02:bc]
RSSI: -84 [da:1a:c8:58:08:3a]
RSSI: -91 [da:20:6c:83:02:ec]
RSSI: -87 [da:20:6c:83:02:ec]
RSSI: -86 [da:1a:c8:65:08:6a]
RSSI: -88 [da:20:6c:90:03:0c]
RSSI: -90 [da:1a:c8:72:08:8a]
RSSI: -90 [da:1a:c8:7f:08:aa]
RSSI: -91 [da:20:6c:a0:03:3c]
RSSI: -94 [da:20:6c:bb:03:9c]
RSSI: -92 [da:1a:c8:a6:09:1a]
RSSI: -93 [da:20:6c:da:03:fc]
RSSI: -94 [da:1a:c8:cd:09:8a]
RSSI: -84 [da:20:6c:f6:04:4c]
RSSI: -92 [da:20:6d:06:04:7c]
RSSI: -91 [da:20:6d:31:05:0c]
RSSI: -95 [da:1d:d2:34:09:ae]
RSSI: -94 [da:1d:d2:34:09:ae]
RSSI: -93 [da:20:6d:5d:05:8c]
RSSI: -88 [da:1d:d2:50:09:fe]
RSSI: -90 [da:1d:d2:5c:0a:1e]
RSSI: -92 [da:1d:d2:5c:0a:1e]
RSSI: -90 [da:1d:d2:6a:0a:4e]
RSSI: -90 [da:1d:d2:6a:0a:4e]
RSSI: -86 [da:1d:d2:85:0a:9e]
RSSI: -88 [da:20:6d:a4:06:7c]
RSSI: -88 [da:20:6d:b3:06:ac]
RSSI: -90 [da:20:6d:c0:06:cc]
RSSI: -91 [da:1d:d2:ae:0b:0e]
RSSI: -89 [da:20:6d:c0:06:cc]
RSSI: -88 [da:1d:d2:ae:0b:0e]
RSSI: -84 [da:20:6d:c0:06:cc]
RSSI: -89 [da:1d:d2:c1:0b:4e]
RSSI: -89 [da:20:6d:d0:07:0c]
RSSI: -82 [da:1d:d2:de:0b:9e]
RSSI: -82 [da:20:6d:ec:07:5c]
RSSI: -83 [da:1d:d2:ec:0b:be]
RSSI: -92 [da:20:6d:fb:07:8c]
RSSI: -83 [da:1d:d2:ec:0b:be]
RSSI: -81 [da:20:6d:fb:07:8c]
RSSI: -76 [da:1d:d2:fa:0b:ee]
RSSI: -76 [da:1d:d2:fa:0b:ee]
RSSI: -82 [da:20:6e:0a:07:bc]
RSSI: -82 [da:1d:d3:07:0c:0e]
RSSI: -78 [da:1d:d3:07:0c:0e]
RSSI: -80 [da:1d:d3:15:0c:3e]
RSSI: -79 [da:1d:d3:15:0c:3e]
RSSI: -86 [da:20:6e:2c:08:2c]
RSSI: -77 [da:1d:d3:23:0c:5e]
RSSI: -76 [da:1d:d3:30:0c:8e]
RSSI: -75 [da:1d:d3:30:0c:8e]
RSSI: -75 [da:1d:d3:3e:0c:ae]
RSSI: -75 [da:1d:d3:3e:0c:ae]
RSSI: -77 [da:1d:d3:4c:0c:de]
RSSI: -87 [da:20:6e:68:08:ec]
RSSI: -73 [da:1d:d3:58:0c:fe]
RSSI: -88 [da:20:6e:68:08:ec]
RSSI: -78 [da:1d:d3:67:0d:2e]
RSSI: -79 [da:1d:d3:75:0d:4e]
RSSI: -87 [da:20:6e:84:09:4c]
RSSI: -78 [da:1d:d3:75:0d:4e]
RSSI: -76 [da:1d:d3:81:0d:7e]
RSSI: -80 [da:1d:d3:81:0d:7e]
RSSI: -87 [da:20:6e:93:09:7c]
RSSI: -79 [da:1d:d3:8f:0d:9e]
RSSI: -76 [da:1d:d3:8f:0d:9e]
RSSI: -93 [da:1a:ca:8b:0e:8a]
RSSI: -80 [da:1d:d3:9d:0d:ce]
RSSI: -81 [da:20:6e:af:09:cc]
RSSI: -85 [da:1d:d3:aa:0d:ee]
RSSI: -82 [da:20:6e:bf:0a:0c]
RSSI: -80 [da:20:6e:bf:0a:0c]
RSSI: -79 [da:1d:d3:b8:0e:1e]
RSSI: -81 [da:20:6e:cb:0a:2c]
RSSI: -80 [da:20:6e:db:0a:5c]
RSSI: -85 [da:1d:d3:d3:0e:5e]
RSSI: -81 [da:20:6e:db:0a:5c]
RSSI: -84 [da:1d:d3:d3:0e:5e]
RSSI: -84 [da:20:6e:ea:0a:8c]
RSSI: -88 [da:1d:d3:e1:0e:8e]
RSSI: -86 [da:1d:d3:ef:0e:be]
RSSI: -80 [da:20:6f:07:0a:ec]
RSSI: -80 [da:20:6f:07:0a:ec]
RSSI: -87 [da:1d:d3:fc:0e:de]
RSSI: -81 [da:20:6f:07:0a:ec]
RSSI: -81 [da:20:6f:16:0b:1c]
RSSI: -89 [da:1d:d4:18:0f:2e]
RSSI: -86 [da:1d:d4:25:0f:4e]
RSSI: -88 [da:1d:d4:41:0f:9e]
RSSI: -88 [da:1d:d4:41:0f:9e]
RSSI: -83 [da:1d:d4:41:0f:9e]
RSSI: -84 [da:20:6f:4e:0b:dc]
RSSI: -84 [da:1d:d4:4e:0f:ce]
RSSI: -91 [da:1d:d4:4e:0f:ce]
RSSI: -77 [da:20:6f:5e:0c:0c]
RSSI: -85 [da:1d:d4:5c:0f:ee]
RSSI: -87 [da:1d:d4:6a:10:1e]
RSSI: -84 [da:20:6f:7a:0c:5c]
RSSI: -85 [da:1d:d4:6a:10:1e]
RSSI: -79 [da:20:6f:7a:0c:5c]
RSSI: -80 [da:20:6f:7a:0c:5c]
RSSI: -84 [da:20:6f:8a:0c:8c]
RSSI: -88 [da:1d:d4:85:10:6e]
RSSI: -85 [da:20:6f:99:0c:cc]
RSSI: -87 [da:1d:d4:93:10:8e]
RSSI: -89 [da:20:6f:a6:0c:ec]
RSSI: -90 [da:20:6f:a6:0c:ec]
RSSI: -82 [da:20:6f:a6:0c:ec]
RSSI: -86 [da:1d:d4:9f:10:be]
RSSI: -89 [da:1d:d4:9f:10:be]
RSSI: -84 [da:20:6f:b5:0d:1c]
RSSI: -88 [da:1d:d4:ae:10:de]
RSSI: -86 [da:1d:d4:ae:10:de]
RSSI: -86 [da:20:6f:c5:0d:4c]
RSSI: -89 [da:1d:d4:bc:11:0e]
RSSI: -87 [da:1d:d4:bc:11:0e]
RSSI: -89 [da:20:6f:d1:0d:7c]
RSSI: -91 [da:1d:d4:c8:11:2e]
RSSI: -84 [da:20:6f:e1:0d:ac]
RSSI: -86 [da:1d:d4:d7:11:5e]
RSSI: -89 [da:1d:d4:e5:11:7e]
RSSI: -87 [da:20:6f:f0:0d:dc]
RSSI: -86 [da:1d:d4:e5:11:7e]
RSSI: -88 [da:1d:d4:f1:11:9e]
RSSI: -89 [da:1d:d4:f1:11:9e]
RSSI: -85 [da:1d:d5:00:11:ce]
RSSI: -88 [da:1d:d5:00:11:ce]
RSSI: -87 [da:20:70:1c:0e:6c]
RSSI: -86 [da:1d:d5:0e:11:fe]
RSSI: -88 [da:20:70:1c:0e:6c]
RSSI: -89 [da:1d:d5:1a:12:1e]
RSSI: -86 [da:20:70:38:0e:cc]
RSSI: -93 [da:1d:d5:29:12:4e]
RSSI: -81 [da:20:70:38:0e:cc]
RSSI: -90 [da:1d:d5:37:12:6e]
RSSI: -88 [da:1d:d5:37:12:6e]
RSSI: -82 [da:20:70:48:0e:fc]
RSSI: -79 [da:20:70:55:0f:1c]
RSSI: -91 [da:1d:d5:52:12:be]
RSSI: -82 [da:20:70:64:0f:4c]
RSSI: -84 [da:20:70:74:0f:7c]
RSSI: -85 [da:20:70:74:0f:7c]
RSSI: -82 [da:20:70:74:0f:7c]
RSSI: -81 [da:20:70:80:0f:ac]
RSSI: -93 [da:1d:d5:7b:13:2e]
RSSI: -91 [da:1d:d5:7b:13:2e]
RSSI: -91 [da:1d:d5:89:13:5e]
RSSI: -86 [da:20:70:9f:10:0c]
RSSI: -86 [da:20:70:9f:10:0c]
RSSI: -87 [da:1d:d5:95:13:7e]
RSSI: -87 [da:20:70:ac:10:3c]
RSSI: -82 [da:20:70:ac:10:3c]
RSSI: -86 [da:20:70:bc:10:6c]
RSSI: -82 [da:20:70:cb:10:9c]
RSSI: -83 [da:20:70:cb:10:9c]
RSSI: -90 [da:1d:d5:be:13:ee]
RSSI: -82 [da:20:70:cb:10:9c]
RSSI: -84 [da:20:70:d8:10:bc]
RSSI: -83 [da:20:70:e8:10:fc]
RSSI: -81 [da:20:70:e8:10:fc]
RSSI: -82 [da:20:70:f7:11:2c]
RSSI: -79 [da:20:70:f7:11:2c]
RSSI: -81 [da:20:71:04:11:4c]
RSSI: -89 [da:1d:d5:f6:14:9e]
RSSI: -77 [da:20:71:13:11:7c]
RSSI: -79 [da:20:71:13:11:7c]
RSSI: -78 [da:20:71:23:11:bc]
RSSI: -78 [da:20:71:23:11:bc]
RSSI: -76 [da:20:71:23:11:bc]
RSSI: -76 [da:20:71:30:11:dc]
RSSI: -74 [da:20:71:3f:12:0c]
RSSI: -73 [da:20:71:3f:12:0c]
RSSI: -71 [da:20:71:4f:12:3c]
RSSI: -71 [da:20:71:5b:12:6c]
RSSI: -71 [da:20:71:5b:12:6c]
RSSI: -70 [da:20:71:6b:12:9c]
RSSI: -71 [da:20:71:6b:12:9c]
RSSI: -77 [da:20:71:7b:12:cc]
RSSI: -94 [da:1a:cd:5a:00:4a]
RSSI: -72 [da:20:71:87:12:fc]
RSSI: -76 [da:20:71:87:12:fc]
RSSI: -91 [da:1a:cd:74:00:9a]
RSSI: -74 [da:20:71:97:13:2c]
RSSI: -76 [da:20:71:a6:13:5c]
RSSI: -75 [da:20:71:b3:13:7c]
RSSI: -76 [da:20:71:b3:13:7c]
RSSI: -77 [da:20:71:c3:13:ac]
RSSI: -77 [da:20:71:d2:13:dc]
RSSI: -77 [da:20:71:d2:13:dc]
RSSI: -79 [da:20:71:df:14:0c]
RSSI: -80 [da:20:71:df:14:0c]
RSSI: -82 [da:20:71:ef:14:3c]
RSSI: -88 [da:20:71:fe:14:6c]
RSSI: -84 [da:20:71:fe:14:6c]
RSSI: -92 [da:1a:cd:eb:01:ea]
RSSI: -81 [da:20:72:0b:14:9c]
RSSI: -77 [da:20:72:1b:14:cc]
RSSI: -90 [da:1d:d7:16:01:6e]
RSSI: -75 [da:20:72:2a:14:fc]
RSSI: -81 [da:20:72:2a:14:fc]
RSSI: -90 [da:1a:ce:13:02:5a]
RSSI: -74 [da:20:72:37:15:2c]
RSSI: -77 [da:20:72:46:15:5c]
RSSI: -75 [da:20:72:46:15:5c]
RSSI: -90 [da:1d:d7:3f:01:de]
RSSI: -82 [da:20:72:56:15:8c]
RSSI: -94 [da:1a:ce:2e:02:aa]
RSSI: -82 [da:20:72:56:15:8c]
RSSI: -79 [da:20:72:56:15:8c]
RSSI: -92 [da:1a:ce:48:02:fa]
RSSI: -84 [da:20:72:63:15:ac]
RSSI: -81 [da:20:72:72:15:dc]
RSSI: -82 [da:20:72:72:15:dc]
RSSI: -81 [da:20:72:82:16:0c]
RSSI: -81 [da:20:72:82:16:0c]
RSSI: -82 [da:20:72:8f:16:3c]
RSSI: -80 [da:20:72:8f:16:3c]
RSSI: -90 [da:1a:ce:70:03:6a]
RSSI: -82 [da:20:72:9e:16:6c]
RSSI: -80 [da:20:72:9e:16:6c]
RSSI: -80 [da:20:72:ae:00:0c]
RSSI: -80 [da:20:72:ae:00:0c]
RSSI: -78 [da:20:72:bb:00:2c]
RSSI: -79 [da:20:72:bb:00:2c]
RSSI: -90 [da:1a:ce:a6:03:fa]
RSSI: -79 [da:20:72:ca:00:5c]
RSSI: -82 [da:20:72:da:00:8c]
RSSI: -82 [da:20:72:da:00:8c]
RSSI: -79 [da:20:72:e7:00:bc]
RSSI: -91 [da:1a:ce:cd:04:6a]
RSSI: -81 [da:20:72:e7:00:bc]
RSSI: -88 [da:1d:d7:e4:03:be]
RSSI: -90 [da:1a:ce:cd:04:6a]
RSSI: -88 [da:1d:d7:e4:03:be]
RSSI: -80 [da:20:72:f6:00:ec]
RSSI: -89 [da:1d:d7:f2:03:de]
RSSI: -80 [da:20:73:06:01:1c]
RSSI: -89 [da:1a:ce:e8:04:ba]
RSSI: -81 [da:20:73:06:01:1c]
RSSI: -87 [da:1d:d7:ff:04:0e]
RSSI: -89 [da:1a:ce:f5:04:da]
RSSI: -82 [da:20:73:13:01:3c]
RSSI: -88 [da:1a:ce:f5:04:da]
RSSI: -86 [da:1d:d8:0d:04:2e]
RSSI: -82 [da:20:73:13:01:3c]
RSSI: -93 [da:1a:ce:f5:04:da]
RSSI: -87 [da:1d:d8:0d:04:2e]
RSSI: -88 [da:1a:cf:02:04:fa]
RSSI: -84 [da:20:73:22:01:7c]
RSSI: -90 [da:1d:d8:1b:04:5e]
RSSI: -87 [da:1a:cf:02:04:fa]
RSSI: -87 [da:1d:d8:1b:04:5e]
RSSI: -87 [da:1a:cf:10:05:2a]
RSSI: -81 [da:20:73:32:01:ac]
RSSI: -88 [da:1a:cf:10:05:2a]
RSSI: -86 [da:1a:cf:1d:05:4a]
RSSI: -85 [da:1a:cf:1d:05:4a]
RSSI: -84 [da:20:73:3f:01:cc]
RSSI: -85 [da:1a:cf:2a:05:6a]
RSSI: -86 [da:20:73:4e:01:fc]
RSSI: -89 [da:1d:d8:45:04:de]
RSSI: -87 [da:1a:cf:37:05:9a]
RSSI: -89 [da:1d:d8:51:04:fe]
RSSI: -89 [da:20:73:5e:02:3c]
RSSI: -90 [da:1d:d8:51:04:fe]
RSSI: -84 [da:1a:cf:45:05:ba]
RSSI: -79 [da:20:73:6b:02:5c]
RSSI: -82 [da:1a:cf:52:05:da]
RSSI: -83 [da:1a:cf:52:05:da]
RSSI: -83 [da:20:73:7a:02:8c]
RSSI: -83 [da:1a:cf:5f:06:0a]
RSSI: -81 [da:20:73:7a:02:8c]
RSSI: -84 [da:1a:cf:5f:06:0a]
RSSI: -91 [da:1d:d8:7b:05:7e]
RSSI: -87 [da:20:73:8a:02:bc]
RSSI: -92 [da:1d:d8:7b:05:7e]
RSSI: -91 [da:1d:d8:7b:05:7e]
RSSI: -83 [da:20:73:8a:02:bc]
RSSI: -84 [da:1a:cf:6d:06:2a]
RSSI: -88 [da:20:73:97:02:ec]
RSSI: -92 [da:1d:d8:89:05:9e]
RSSI: -83 [da:1a:cf:79:06:4a]
RSSI: -89 [da:20:73:97:02:ec]
RSSI: -86 [da:1a:cf:79:06:4a]
RSSI: -88 [da:1a:cf:87:06:7a]
RSSI: -86 [da:20:73:a7:03:1c]
RSSI: -82 [da:1a:cf:87:06:7a]
RSSI: -92 [da:20:73:b6:03:4c]
RSSI: -89 [da:20:73:b6:03:4c]
RSSI: -84 [da:1a:cf:a1:06:ca]
RSSI: -85 [da:1a:cf:a1:06:ca]
RSSI: -90 [da:1d:d8:b2:06:1e]
RSSI: -84 [da:1a:cf:a1:06:ca]
RSSI: -92 [da:1d:d8:c1:06:4e]
RSSI: -92 [da:1d:d8:c1:06:4e]
RSSI: -85 [da:1a:cf:af:06:ea]
RSSI: -84 [da:1a:cf:af:06:ea]
RSSI: -88 [da:1d:d8:cd:06:6e]
RSSI: -85 [da:1a:cf:bd:07:0a]
RSSI: -92 [da:1d:d8:cd:06:6e]
RSSI: -84 [da:1a:cf:bd:07:0a]
RSSI: -88 [da:1d:d8:dc:06:8e]
RSSI: -83 [da:1a:cf:c9:07:3a]
RSSI: -89 [da:1d:d8:dc:06:8e]
RSSI: -83 [da:1a:cf:c9:07:3a]
RSSI: -89 [da:1d:d8:ea:06:be]
RSSI: -83 [da:1a:cf:d7:07:5a]
RSSI: -86 [da:20:73:ff:04:3c]
RSSI: -83 [da:1a:cf:e5:07:8a]
RSSI: -89 [da:20:74:0e:04:6c]
RSSI: -82 [da:1a:cf:ff:07:ca]
RSSI: -96 [da:1d:d9:20:07:5e]
RSSI: -82 [da:1a:d0:0d:07:fa]
RSSI: -82 [da:20:74:2b:04:bc]
RSSI: -93 [da:1d:d9:20:07:5e]
RSSI: -91 [da:20:74:3a:04:fc]
RSSI: -83 [da:1a:d0:19:08:1a]
RSSI: -83 [da:1a:d0:27:08:3a]
RSSI: -84 [da:1a:d0:27:08:3a]
RSSI: -88 [da:1a:d0:34:08:6a]
RSSI: -86 [da:1a:d0:34:08:6a]
RSSI: -87 [da:1a:d0:41:08:8a]
RSSI: -89 [da:1a:d0:41:08:8a]
RSSI: -86 [da:20:74:73:05:ac]
RSSI: -93 [da:20:74:83:05:dc]
RSSI: -92 [da:1d:d9:73:08:4e]
RSSI: -92 [da:1a:d0:69:08:fa]
RSSI: -92 [da:1a:d0:77:09:2a]
RSSI: -92 [da:1d:d9:90:08:ae]
RSSI: -90 [da:1a:d0:77:09:2a]
RSSI: -89 [da:20:74:9f:06:3c]
RSSI: -92 [da:1a:d0:91:09:6a]
RSSI: -96 [da:1a:d0:ac:09:ba]
RSSI: -92 [da:20:74:cb:06:cc]
RSSI: -89 [da:20:74:eb:07:2c]
RSSI: -92 [da:20:74:eb:07:2c]
RSSI: -87 [da:20:74:f8:07:5c]
RSSI: -91 [da:20:75:07:07:8c]
RSSI: -86 [da:20:75:07:07:8c]
RSSI: -89 [da:1d:da:0c:0a:0e]
RSSI: -85 [da:1d:da:19:0a:3e]
RSSI: -89 [da:1d:da:27:0a:5e]
RSSI: -87 [da:20:75:34:08:1c]
RSSI: -87 [da:1d:da:27:0a:5e]
RSSI: -89 [da:20:75:34:08:1c]
RSSI: -89 [da:1d:da:36:0a:8e]
RSSI: -89 [da:20:75:43:08:4c]
RSSI: -89 [da:1d:da:36:0a:8e]
RSSI: -90 [da:20:75:43:08:4c]
RSSI: -92 [da:1d:da:51:0a:de]
RSSI: -86 [da:20:75:60:08:9c]
RSSI: -85 [da:1d:da:5f:0a:fe]
RSSI: -90 [da:1d:da:5f:0a:fe]
RSSI: -89 [da:1d:da:5f:0a:fe]
RSSI: -85 [da:1d:da:6c:0b:2e]
RSSI: -88 [da:1d:da:6c:0b:2e]
RSSI: -85 [da:1d:da:7a:0b:4e]
RSSI: -88 [da:1d:da:89:0b:7e]
RSSI: -87 [da:20:75:8c:09:2c]
RSSI: -79 [da:1d:da:89:0b:7e]
RSSI: -87 [da:20:75:9c:09:6c]
RSSI: -90 [da:20:75:9c:09:6c]
RSSI: -86 [da:1d:da:95:0b:9e]
RSSI: -86 [da:1d:da:95:0b:9e]
RSSI: -95 [da:1a:d1:81:0c:2a]
RSSI: -83 [da:20:75:a9:09:8c]
RSSI: -84 [da:1d:da:a4:0b:be]
RSSI: -81 [da:20:75:b8:09:bc]
RSSI: -78 [da:1d:da:b2:0b:ee]
RSSI: -83 [da:20:75:c8:09:fc]
RSSI: -82 [da:20:75:c8:09:fc]
RSSI: -85 [da:1d:da:bf:0c:0e]
RSSI: -82 [da:20:75:d5:0a:1c]
RSSI: -83 [da:1d:da:cd:0c:3e]
RSSI: -84 [da:1d:da:cd:0c:3e]
RSSI: -80 [da:20:75:e5:0a:4c]
RSSI: -77 [da:1d:da:dc:0c:6e]
RSSI: -81 [da:20:75:e5:0a:4c]
RSSI: -81 [da:20:75:e5:0a:4c]
RSSI: -83 [da:1d:da:dc:0c:6e]
RSSI: -82 [da:20:75:f4:0a:7c]
RSSI: -93 [da:1a:d1:df:0d:2a]
RSSI: -80 [da:20:76:01:0a:ac]
RSSI: -79 [da:1d:da:f7:0c:be]
RSSI: -83 [da:1d:da:f7:0c:be]
RSSI: -82 [da:20:76:01:0a:ac]
RSSI: -83 [da:1d:da:f7:0c:be]
RSSI: -92 [da:1a:d1:ed:0d:5a]
RSSI: -80 [da:20:76:11:0a:dc]
RSSI: -79 [da:1d:db:05:0c:de]
RSSI: -92 [da:1a:d1:fa:0d:7a]
RSSI: -83 [da:20:76:21:0b:0c]
RSSI: -78 [da:1d:db:21:0d:2e]
RSSI: -82 [da:20:76:2d:0b:3c]
RSSI: -76 [da:1d:db:21:0d:2e]
RSSI: -83 [da:20:76:2d:0b:3c]
RSSI: -79 [da:1d:db:2f:0d:5e]
RSSI: -87 [da:20:76:3d:0b:6c]
RSSI: -81 [da:1d:db:2f:0d:5e]
RSSI: -82 [da:1d:db:3c:0d:7e]
RSSI: -82 [da:1d:db:4a:0d:ae]
RSSI: -84 [da:20:76:5a:0b:cc]
RSSI: -87 [da:20:76:5a:0b:cc]
RSSI: -81 [da:1d:db:59:0d:ce]
RSSI: -89 [da:1d:db:59:0d:ce]
RSSI: -82 [da:20:76:6a:0b:fc]
RSSI: -82 [da:1d:db:65:0d:fe]
RSSI: -82 [da:1d:db:74:0e:1e]
RSSI: -83 [da:1d:db:74:0e:1e]
RSSI: -85 [da:1d:db:82:0e:4e]
RSSI: -81 [da:20:76:86:0c:5c]
RSSI: -83 [da:1d:db:82:0e:4e]
RSSI: -86 [da:1d:db:8f:0e:6e]
RSSI: -95 [da:1a:d2:80:0e:fa]
RSSI: -88 [da:20:76:a6:0c:bc]
RSSI: -87 [da:20:76:b2:0c:ec]
RSSI: -97 [da:1a:d2:8e:0f:1a]
RSSI: -86 [da:20:76:c2:0d:1c]
RSSI: -87 [da:1d:db:b8:0e:ee]
RSSI: -84 [da:20:76:c2:0d:1c]
RSSI: -84 [da:20:76:d2:0d:4c]
RSSI: -89 [da:1d:db:c7:0f:0e]
RSSI: -86 [da:1d:db:c7:0f:0e]
RSSI: -83 [da:20:76:df:0d:7c]
RSSI: -85 [da:20:76:df:0d:7c]
RSSI: -87 [da:1d:db:d5:0f:3e]
RSSI: -84 [da:1d:db:e2:0f:5e]
RSSI: -82 [da:20:76:ef:0d:ac]
RSSI: -89 [da:1d:db:e2:0f:5e]
RSSI: -82 [da:20:76:ef:0d:ac]
RSSI: -91 [da:20:76:fe:0d:dc]
RSSI: -84 [da:1d:db:f1:0f:8e]
RSSI: -85 [da:1d:db:f1:0f:8e]
RSSI: -93 [da:20:77:0b:0e:0c]
RSSI: -87 [da:1d:db:ff:0f:be]
RSSI: -86 [da:1d:dc:0c:0f:de]
RSSI: -87 [da:1d:dc:0c:0f:de]
RSSI: -86 [da:1d:dc:1a:10:0e]
RSSI: -89 [da:20:77:2b:0e:6c]
RSSI: -86 [da:1d:dc:1a:10:0e]
RSSI: -87 [da:20:77:2b:0e:6c]
RSSI: -88 [da:1d:dc:29:10:2e]
RSSI: -83 [da:20:77:37:0e:9c]
RSSI: -86 [da:1d:dc:29:10:2e]
RSSI: -88 [da:1d:dc:35:10:5e]
RSSI: -82 [da:20:77:47:0e:cc]
RSSI: -81 [da:20:77:47:0e:cc]
RSSI: -83 [da:1d:dc:44:10:8e]
RSSI: -81 [da:20:77:57:0e:fc]
RSSI: -87 [da:20:77:57:0e:fc]
RSSI: -87 [da:1d:dc:53:10:ae]
RSSI: -87 [da:1d:dc:53:10:ae]
RSSI: -79 [da:20:77:64:0f:2c]
RSSI: -88 [da:1d:dc:5f:10:de]
RSSI: -88 [da:1d:dc:5f:10:de]
RSSI: -85 [da:20:77:74:0f:5c]
RSSI: -80 [da:20:77:74:0f:5c]
RSSI: -85 [da:1d:dc:6e:10:fe]
RSSI: -86 [da:20:77:84:0f:8c]
RSSI: -86 [da:20:77:84:0f:8c]
RSSI: -88 [da:1d:dc:7c:11:2e]
RSSI: -84 [da:1d:dc:7c:11:2e]
RSSI: -87 [da:20:77:90:0f:bc]
RSSI: -89 [da:1d:dc:89:11:4e]
RSSI: -88 [da:20:77:90:0f:bc]
RSSI: -90 [da:1d:dc:89:11:4e]
RSSI: -84 [da:20:77:a0:0f:ec]
RSSI: -90 [da:20:77:a0:0f:ec]
RSSI: -88 [da:20:77:b0:10:1c]
RSSI: -84 [da:20:77:b0:10:1c]
RSSI: -89 [da:20:77:bd:10:4c]
RSSI: -90 [da:1d:dc:b3:11:ce]
RSSI: -89 [da:20:77:cd:10:7c]
RSSI: -89 [da:1d:dc:c1:11:ee]
RSSI: -86 [da:20:77:cd:10:7c]
RSSI: -87 [da:1d:dc:d0:12:1e]
RSSI: -86 [da:1d:dc:d0:12:1e]
RSSI: -87 [da:1d:dc:dc:12:3e]
RSSI: -87 [da:1d:dc:dc:12:3e]
RSSI: -83 [da:20:77:e9:10:dc]
RSSI: -87 [da:1d:dc:dc:12:3e]
RSSI: -88 [da:20:77:f9:11:0c]
RSSI: -81 [da:20:78:09:11:3c]
RSSI: -81 [da:20:78:09:11:3c]
RSSI: -88 [da:1d:dd:06:12:be]
RSSI: -88 [da:1d:dd:06:12:be]
RSSI: -77 [da:20:78:16:11:5c]
RSSI: -89 [da:1d:dd:15:12:de]
RSSI: -79 [da:20:78:26:11:9c]
RSSI: -89 [da:1d:dd:23:13:0e]
RSSI: -76 [da:20:78:26:11:9c]
RSSI: -75 [da:20:78:36:11:cc]
RSSI: -75 [da:20:78:36:11:cc]
RSSI: -76 [da:20:78:36:11:cc]
RSSI: -78 [da:20:78:42:11:ec]
RSSI: -82 [da:20:78:42:11:ec]
RSSI: -89 [da:1d:dd:3f:13:5e]
RSSI: -90 [da:1d:dd:4d:13:8e]
RSSI: -82 [da:20:78:52:12:1c]
RSSI: -72 [da:20:78:62:12:4c]
RSSI: -80 [da:20:78:62:12:4c]
RSSI: -88 [da:1d:dd:5a:13:ae]
RSSI: -76 [da:20:78:6f:12:7c]
RSSI: -76 [da:20:78:6f:12:7c]
RSSI: -89 [da:1d:dd:68:13:de]
RSSI: -89 [da:1d:dd:68:13:de]
RSSI: -91 [da:1d:dd:77:13:fe]
RSSI: -75 [da:20:78:7f:12:ac]
RSSI: -92 [da:1d:dd:77:13:fe]
RSSI: -72 [da:20:78:8f:12:dc]
RSSI: -90 [da:1d:dd:84:14:2e]
RSSI: -71 [da:20:78:8f:12:dc]
RSSI: -73 [da:20:78:9b:13:0c]
RSSI: -70 [da:20:78:ab:13:3c]
RSSI: -78 [da:20:78:ab:13:3c]
RSSI: -76 [da:20:78:bb:13:6c]
RSSI: -96 [da:1d:dd:cb:14:ee]
RSSI: -80 [da:20:78:d8:13:cc]
RSSI: -77 [da:20:78:d8:13:cc]
RSSI: -78 [da:20:78:e8:13:fc]
RSSI: -78 [da:20:78:e8:13:fc]
RSSI: -79 [da:20:78:f4:14:1c]
RSSI: -84 [da:20:78:f4:14:1c]
RSSI: -83 [da:20:79:04:14:5c]
RSSI: -88 [da:20:79:14:14:8c]
RSSI: -83 [da:20:79:14:14:8c]
RSSI: -85 [da:20:79:21:14:ac]
RSSI: -84 [da:20:79:21:14:ac]
RSSI: -80 [da:20:79:31:14:ec]
RSSI: -80 [da:20:79:41:15:1c]
RSSI: -82 [da:20:79:4d:15:3c]
RSSI: -79 [da:20:79:4d:15:3c]
RSSI: -83 [da:20:79:5e:15:6c]
RSSI: -81 [da:20:79:5e:15:6c]
RSSI: -80 [da:20:79:6d:15:ac]
RSSI: -84 [da:20:79:7a:15:cc]
RSSI: -94 [da:1a:d5:64:01:0a]
RSSI: -83 [da:20:79:8a:15:fc]
RSSI: -84 [da:20:79:9a:16:2c]
RSSI: -83 [da:20:79:9a:16:2c]
RSSI: -84 [da:20:79:9a:16:2c]
RSSI: -80 [da:20:79:a7:16:5c]
RSSI: -82 [da:20:79:a7:16:5c]
RSSI: -93 [da:1a:d5:9a:01:aa]
RSSI: -79 [da:20:79:b7:00:3c]
RSSI: -83 [da:20:79:c7:00:6c]
RSSI: -90 [da:1a:d5:a8:01:ca]
RSSI: -83 [da:20:79:d3:00:8c]
RSSI: -84 [da:20:79:d3:00:8c]
RSSI: -95 [da:1a:d5:b6:01:ea]
RSSI: -82 [da:20:79:e3:00:cc]
RSSI: -83 [da:20:79:e3:00:cc]
RSSI: -79 [da:20:79:f3:00:fc]
RSSI: -91 [da:1a:d5:de:02:6a]
RSSI: -80 [da:20:7a:00:01:1c]
RSSI: -91 [da:1a:d5:de:02:6a]
RSSI: -77 [da:20:7a:00:01:1c]
RSSI: -92 [da:1a:d5:eb:02:8a]
RSSI: -80 [da:20:7a:10:01:5c]
RSSI: -82 [da:20:7a:20:01:8c]
RSSI: -78 [da:20:7a:2d:01:ac]
RSSI: -90 [da:1a:d6:13:02:fa]
RSSI: -77 [da:20:7a:3d:01:ec]
RSSI: -90 [da:1a:d6:21:03:1a]
RSSI: -80 [da:20:7a:4d:02:1c]
RSSI: -84 [da:20:7a:59:02:3c]
RSSI: -81 [da:20:7a:59:02:3c]
RSSI: -82 [da:20:7a:59:02:3c]
RSSI: -84 [da:20:7a:69:02:6c]
RSSI: -82 [da:20:7a:79:02:ac]
RSSI: -90 [da:1a:d6:64:03:da]
RSSI: -81 [da:20:7a:86:02:cc]
RSSI: -92 [da:1a:d6:72:03:fa]
RSSI: -90 [da:1d:df:89:03:ae]
RSSI: -85 [da:20:7a:96:02:fc]
RSSI: -88 [da:1d:df:89:03:ae]
RSSI: -87 [da:1d:df:98:03:ce]
RSSI: -87 [da:20:7a:a6:03:2c]
RSSI: -93 [da:1a:d6:8d:04:4a]
RSSI: -91 [da:1a:d6:8d:04:4a]
RSSI: -93 [da:1a:d6:9b:04:7a]
RSSI: -87 [da:20:7a:b3:03:5c]
RSSI: -86 [da:1d:df:b4:04:1e]
RSSI: -85 [da:1d:df:b4:04:1e]
RSSI: -86 [da:1d:df:c2:04:4e]
RSSI: -89 [da:1d:df:cf:04:6e]
RSSI: -89 [da:1d:df:de:04:9e]
RSSI: -91 [da:1a:d6:d2:05:0a]
RSSI: -93 [da:20:7a:f0:04:1c]
RSSI: -87 [da:1d:df:ec:04:ce]
RSSI: -89 [da:1d:df:ec:04:ce]
RSSI: -90 [da:1d:df:ec:04:ce]
RSSI: -86 [da:20:7b:00:04:4c]
RSSI: -85 [da:1a:d6:de:05:3a]
RSSI: -87 [da:1d:df:f9:04:ee]
RSSI: -87 [da:1a:d6:ec:05:5a]
RSSI: -84 [da:20:7b:0c:04:7c]
RSSI: -88 [da:1d:e0:08:05:1e]
RSSI: -87 [da:1a:d6:fa:05:8a]
RSSI: -90 [da:1d:e0:08:05:1e]
RSSI: -88 [da:20:7b:1c:04:ac]
RSSI: -86 [da:1a:d6:fa:05:8a]
RSSI: -88 [da:1d:e0:16:05:3e]
RSSI: -81 [da:1a:d7:07:05:aa]
RSSI: -85 [da:1a:d7:07:05:aa]
RSSI: -89 [da:20:7b:2c:04:dc]
RSSI: -84 [da:1a:d7:15:05:ca]
RSSI: -81 [da:1a:d7:15:05:ca]
RSSI: -88 [da:1d:e0:32:05:8e]
RSSI: -85 [da:1a:d7:23:05:fa]
RSSI: -90 [da:20:7b:39:04:fc]
RSSI: -88 [da:1d:e0:32:05:8e]
RSSI: -82 [da:1a:d7:23:05:fa]
RSSI: -90 [da:20:7b:49:05:3c]
RSSI: -87 [da:1d:e0:40:05:be]
RSSI: -84 [da:1a:d7:30:06:1a]
RSSI: -88 [da:1d:e0:4d:05:de]
RSSI: -79 [da:1a:d7:3e:06:4a]
RSSI: -87 [da:1d:e0:5c:06:0e]
RSSI: -81 [da:1a:d7:4c:06:6a]
RSSI: -90 [da:1d:e0:5c:06:0e]
RSSI: -81 [da:1a:d7:4c:06:6a]
RSSI: -87 [da:1d:e0:6b:06:3e]
RSSI: -84 [da:1a:d7:58:06:8a]
RSSI: -87 [da:1d:e0:6b:06:3e]
RSSI: -82 [da:1a:d7:58:06:8a]
RSSI: -79 [da:1a:d7:66:06:ba]
RSSI: -84 [da:1a:d7:66:06:ba]
RSSI: -87 [da:1d:e0:77:06:5e]
RSSI: -83 [da:1a:d7:74:06:da]
RSSI: -92 [da:20:7b:93:06:1c]
RSSI: -84 [da:1a:d7:81:07:0a]
RSSI: -86 [da:1d:e0:8b:06:8e]
RSSI: -84 [da:1a:d7:81:07:0a]
RSSI: -83 [da:1a:d7:81:07:0a]
RSSI: -88 [da:1d:e0:9b:06:be]
RSSI: -86 [da:1a:d7:8f:07:2a]
RSSI: -89 [da:1d:e0:a8:06:ee]
RSSI: -85 [da:1a:d7:8f:07:2a]
RSSI: -84 [da:1a:d7:9d:07:5a]
RSSI: -83 [da:1a:d7:9d:07:5a]
RSSI: -88 [da:1a:d7:aa:07:7a]
RSSI: -89 [da:1a:d7:aa:07:7a]
RSSI: -90 [da:20:7b:d0:06:dc]
RSSI: -91 [da:1a:d7:b8:07:9a]
RSSI: -89 [da:20:7b:e0:07:1c]
RSSI: -92 [da:1d:e0:f0:07:be]
RSSI: -91 [da:1a:d7:e1:08:1a]
RSSI: -94 [da:1d:e0:fc:07:de]
RSSI: -83 [da:20:7c:0c:07:ac]
RSSI: -85 [da:20:7c:19:07:cc]
RSSI: -83 [da:20:7c:19:07:cc]
RSSI: -84 [da:20:7c:29:07:fc]
RSSI: -87 [da:20:7c:39:08:3c]
RSSI: -92 [da:1d:e1:35:08:8e]
RSSI: -82 [da:20:7c:46:08:5c]
RSSI: -86 [da:20:7c:46:08:5c]
RSSI: -93 [da:1a:d8:32:08:fa]
RSSI: -81 [da:20:7c:56:08:9c]
RSSI: -96 [da:20:7c:83:09:2c]
RSSI: -90 [da:20:7c:93:09:5c]
RSSI: -89 [da:20:7c:a0:09:7c]
RSSI: -87 [da:1d:e1:99:09:ae]
RSSI: -91 [da:20:7c:a0:09:7c]
RSSI: -83 [da:20:7c:b0:09:bc]
RSSI: -86 [da:1d:e1:a5:09:ce]
RSSI: -87 [da:1d:e1:b4:09:fe]
RSSI: -83 [da:20:7c:c0:09:ec]
RSSI: -87 [da:1d:e1:b4:09:fe]
RSSI: -87 [da:1d:e1:c3:0a:1e]
RSSI: -88 [da:1d:e1:c3:0a:1e]
RSSI: -81 [da:20:7c:cd:0a:1c]
RSSI: -77 [da:20:7c:cd:0a:1c]
RSSI: -90 [da:1d:e1:cf:0a:4e]
RSSI: -86 [da:1d:e1:cf:0a:4e]
RSSI: -81 [da:20:7c:e5:0a:6c]
RSSI: -88 [da:1d:e1:de:0a:6e]
RSSI: -78 [da:20:7c:e5:0a:6c]
RSSI: -77 [da:20:7c:f6:0a:9c]
RSSI: -86 [da:1d:e1:ed:0a:9e]
RSSI: -83 [da:20:7c:f6:0a:9c]
RSSI: -85 [da:1d:e1:ed:0a:9e]
RSSI: -79 [da:20:7d:02:0a:bc]
RSSI: -84 [da:1d:e1:fa:0a:be]
RSSI: -80 [da:20:7d:12:0a:fc]
RSSI: -83 [da:1d:e2:09:0a:ee]
RSSI: -82 [da:20:7d:12:0a:fc]
RSSI: -83 [da:1d:e2:17:0b:1e]
RSSI: -82 [da:20:7d:22:0b:2c]
RSSI: -83 [da:1d:e2:17:0b:1e]
RSSI: -81 [da:20:7d:22:0b:2c]
RSSI: -81 [da:20:7d:2f:0b:4c]
RSSI: -82 [da:1d:e2:24:0b:3e]
RSSI: -80 [da:1d:e2:33:0b:6e]
RSSI: -78 [da:1d:e2:4e:0b:be]
RSSI: -80 [da:20:7d:58:0b:dc]
RSSI: -78 [da:1d:e2:4e:0b:be]
RSSI: -78 [da:20:7d:65:0b:fc]
RSSI: -78 [da:20:7d:65:0b:fc]
RSSI: -77 [da:1d:e2:5d:0b:ee]
RSSI: -80 [da:20:7d:72:0c:2c]
RSSI: -78 [da:20:7d:72:0c:2c]
RSSI: -76 [da:1d:e2:6c:0c:0e]
RSSI: -79 [da:20:7d:7e:0c:4c]
RSSI: -76 [da:1d:e2:79:0c:3e]
RSSI: -81 [da:20:7d:8b:0c:7c]
RSSI: -83 [da:20:7d:8b:0c:7c]
RSSI: -76 [da:1d:e2:88:0c:5e]
RSSI: -81 [da:20:7d:98:0c:ac]
RSSI: -76 [da:1d:e2:88:0c:5e]
RSSI: -85 [da:20:7d:98:0c:ac]
RSSI: -76 [da:1d:e2:88:0c:5e]
RSSI: -75 [da:1d:e2:96:0c:8e]
RSSI: -85 [da:20:7d:a5:0c:cc]
RSSI: -75 [da:1d:e2:96:0c:8e]
RSSI: -89 [da:20:7d:b1:0c:fc]
RSSI: -74 [da:1d:e2:a3:0c:ae]
RSSI: -82 [da:20:7d:b1:0c:fc]
RSSI: -74 [da:1d:e2:a3:0c:ae]
RSSI: -85 [da:20:7d:be:0d:1c]
RSSI: -75 [da:1d:e2:c1:0d:0e]
RSSI: -75 [da:1d:e2:c1:0d:0e]
RSSI: -84 [da:20:7d:d7:0d:6c]
RSSI: -74 [da:1d:e2:cd:0d:2e]
RSSI: -76 [da:1d:e2:cd:0d:2e]
RSSI: -76 [da:1d:e2:dc:0d:5e]
RSSI: -74 [da:1d:e2:dc:0d:5e]
RSSI: -78 [da:1d:e2:eb:0d:8e]
RSSI: -86 [da:20:7d:f1:0d:bc]
RSSI: -77 [da:1d:e2:eb:0d:8e]
RSSI: -87 [da:20:7d:fd:0d:ec]
RSSI: -79 [da:1d:e2:f8:0d:ae]
RSSI: -85 [da:20:7e:0a:0e:0c]
RSSI: -79 [da:1d:e2:f8:0d:ae]
RSSI: -86 [da:20:7e:0a:0e:0c]
RSSI: -77 [da:1d:e3:07:0d:ce]
RSSI: -88 [da:20:7e:17:0e:3c]
RSSI: -80 [da:1d:e3:07:0d:ce]
RSSI: -86 [da:20:7e:17:0e:3c]
RSSI: -80 [da:1d:e3:15:0d:fe]
RSSI: -86 [da:20:7e:23:0e:6c]
RSSI: -80 [da:1d:e3:15:0d:fe]
RSSI: -92 [da:20:7e:30:0e:8c]
RSSI: -82 [da:1d:e3:22:0e:1e]
RSSI: -89 [da:20:7e:30:0e:8c]
RSSI: -81 [da:1d:e3:22:0e:1e]
RSSI: -85 [da:20:7e:3d:0e:bc]
RSSI: -85 [da:1d:e3:31:0e:4e]
RSSI: -85 [da:20:7e:4a:0e:dc]
RSSI: -86 [da:1d:e3:40:0e:7e]
RSSI: -90 [da:20:7e:56:0f:0c]
RSSI: -91 [da:20:7e:56:0f:0c]
RSSI: -82 [da:20:7e:63:0f:2c]
RSSI: -86 [da:1d:e3:5b:0e:ce]
RSSI: -84 [da:20:7e:70:0f:5c]
RSSI: -87 [da:1d:e3:6a:0e:ee]
RSSI: -88 [da:20:7e:7c:0f:7c]
RSSI: -88 [da:1d:e3:77:0f:1e]
RSSI: -87 [da:20:7e:89:0f:ac]
RSSI: -87 [da:20:7e:89:0f:ac]
RSSI: -87 [da:20:7e:96:0f:cc]
RSSI: -91 [da:1d:e3:86:0f:3e]
RSSI: -87 [da:20:7e:96:0f:cc]
RSSI: -83 [da:1d:e3:95:0f:6e]
RSSI: -88 [da:1d:e3:95:0f:6e]
RSSI: -81 [da:20:7e:af:10:2c]
RSSI: -87 [da:20:7e:af:10:2c]
RSSI: -83 [da:1d:e3:a1:0f:8e]
RSSI: -85 [da:20:7e:bc:10:4c]
RSSI: -81 [da:20:7e:bc:10:4c]
RSSI: -87 [da:1d:e3:b0:0f:be]
RSSI: -93 [da:20:7e:c9:10:7c]
RSSI: -84 [da:1d:e3:bf:0f:ee]
RSSI: -91 [da:20:7e:c9:10:7c]
RSSI: -90 [da:1d:e3:bf:0f:ee]
RSSI: -82 [da:20:7e:d5:10:9c]
RSSI: -84 [da:1d:e3:cc:10:0e]
RSSI: -86 [da:20:7e:e2:10:cc]
RSSI: -85 [da:20:7e:e2:10:cc]
RSSI: -85 [da:1d:e3:db:10:3e]
RSSI: -85 [da:20:7e:ef:10:ec]
RSSI: -85 [da:20:7e:fc:11:1c]
RSSI: -84 [da:1d:e3:f6:10:8e]
RSSI: -84 [da:20:7f:08:11:4c]
RSSI: -87 [da:1d:e3:f6:10:8e]
RSSI: -84 [da:20:7f:08:11:4c]
RSSI: -84 [da:1d:e4:05:10:ae]
RSSI: -81 [da:20:7f:15:11:6c]
RSSI: -89 [da:1d:e4:05:10:ae]
RSSI: -79 [da:20:7f:15:11:6c]
RSSI: -81 [da:20:7f:22:11:9c]
RSSI: -85 [da:1d:e4:14:10:de]
RSSI: -78 [da:20:7f:22:11:9c]
RSSI: -90 [da:1d:e4:21:10:fe]
RSSI: -76 [da:20:7f:2f:11:bc]
RSSI: -84 [da:1d:e4:21:10:fe]
RSSI: -75 [da:20:7f:3b:11:ec]
RSSI: -86 [da:1d:e4:30:11:2e]
RSSI: -74 [da:20:7f:3b:11:ec]
RSSI: -87 [da:1d:e4:30:11:2e]
RSSI: -75 [da:20:7f:48:12:0c]
RSSI: -73 [da:20:7f:48:12:0c]
RSSI: -85 [da:1d:e4:3f:11:5e]
RSSI: -72 [da:20:7f:55:12:3c]
RSSI: -83 [da:1d:e4:4b:11:7e]
RSSI: -73 [da:20:7f:62:12:5c]
RSSI: -86 [da:1d:e4:5a:11:ae]
RSSI: -72 [da:20:7f:62:12:5c]
RSSI: -76 [da:20:7f:6e:12:8c]
RSSI: -72 [da:20:7f:6e:12:8c]
RSSI: -87 [da:1d:e4:69:11:ce]
RSSI: -88 [da:1d:e4:76:11:fe]
RSSI: -71 [da:20:7f:88:12:dc]
RSSI: -70 [da:20:7f:88:12:dc]
RSSI: -72 [da:20:7f:95:13:0c]
RSSI: -86 [da:1d:e4:85:12:1e]
RSSI: -70 [da:20:7f:95:13:0c]
RSSI: -86 [da:1d:e4:94:12:4e]
RSSI: -69 [da:20:7f:a1:13:2c]
RSSI: -69 [da:20:7f:ae:13:5c]
RSSI: -87 [da:1d:e4:a0:12:7e]
RSSI: -69 [da:20:7f:ae:13:5c]
RSSI: -86 [da:1d:e4:a0:12:7e]
RSSI: -70 [da:20:7f:bb:13:7c]
RSSI: -70 [da:20:7f:bb:13:7c]
RSSI: -70 [da:20:7f:bb:13:7c]
RSSI: -69 [da:20:7f:c8:13:ac]
RSSI: -88 [da:1d:e4:be:12:ce]
RSSI: -90 [da:1d:e4:be:12:ce]
RSSI: -71 [da:20:7f:d4:13:cc]
RSSI: -70 [da:20:7f:d4:13:cc]
RSSI: -72 [da:20:7f:e1:13:fc]
RSSI: -72 [da:20:7f:e1:13:fc]
RSSI: -91 [da:1d:e4:da:13:1e]
RSSI: -72 [da:20:7f:ee:14:1c]
RSSI: -88 [da:1d:e4:e9:13:4e]
RSSI: -76 [da:20:7f:fb:14:4c]
RSSI: -90 [da:1d:e4:f5:13:6e]
RSSI: -79 [da:20:80:07:14:6c]
RSSI: -87 [da:1d:e4:f5:13:6e]
RSSI: -80 [da:20:80:07:14:6c]
RSSI: -83 [da:20:80:14:14:9c]
RSSI: -91 [da:1d:e5:13:13:be]
RSSI: -82 [da:20:80:2e:14:ec]
RSSI: -82 [da:20:80:2e:14:ec]
RSSI: -94 [da:1d:e5:20:13:ee]
RSSI: -83 [da:20:80:3b:15:0c]
RSSI: -80 [da:20:80:47:15:3c]
RSSI: -93 [da:1d:e5:3e:14:3e]
RSSI: -77 [da:20:80:54:15:5c]
RSSI: -76 [da:20:80:54:15:5c]
RSSI: -78 [da:20:80:61:15:8c]
RSSI: -88 [da:1d:e5:5a:14:8e]
RSSI: -78 [da:20:80:6e:15:ac]
RSSI: -77 [da:20:80:6e:15:ac]
RSSI: -77 [da:20:80:7a:15:dc]
RSSI: -78 [da:20:80:87:15:fc]
RSSI: -80 [da:20:80:94:16:2c]
RSSI: -86 [da:20:80:a1:16:4c]
RSSI: -85 [da:20:80:ae:16:7c]
RSSI: -82 [da:20:80:ba:00:0c]
RSSI: -95 [da:1a:dc:9c:15:7a]
RSSI: -99 [da:18:f8:a0:05:0b]
RSSI: -83 [da:20:80:ba:00:0c]
RSSI: -80 [da:20:80:c7:00:2c]
RSSI: -82 [da:20:80:d4:00:5c]
RSSI: -82 [da:20:80:e1:00:7c]
RSSI: -91 [da:1d:e5:da:15:fe]
RSSI: -82 [da:20:80:e1:00:7c]
RSSI: -90 [da:1d:e5:da:15:fe]
RSSI: -81 [da:20:80:ee:00:ac]
RSSI: -83 [da:20:81:07:00:fc]
RSSI: -93 [da:1d:e5:f5:16:4e]
RSSI: -82 [da:20:81:07:00:fc]
RSSI: -80 [da:20:81:14:01:1c]
RSSI: -80 [da:20:81:21:01:4c]
RSSI: -83 [da:20:81:2e:01:6c]
RSSI: -80 [da:20:81:2e:01:6c]
RSSI: -80 [da:20:81:3a:01:9c]
RSSI: -79 [da:20:81:3a:01:9c]
RSSI: -79 [da:20:81:47:01:bc]
RSSI: -84 [da:20:81:54:01:ec]
RSSI: -91 [da:1a:dd:33:01:1a]
RSSI: -79 [da:20:81:54:01:ec]
RSSI: -77 [da:20:81:61:02:1c]
RSSI: -77 [da:20:81:61:02:1c]
RSSI: -91 [da:1a:dd:41:01:3a]
RSSI: -89 [da:1a:dd:4e:01:5a]
RSSI: -79 [da:20:81:6e:02:3c]
RSSI: -84 [da:20:81:7a:02:6c]
RSSI: -79 [da:20:81:87:02:8c]
RSSI: -90 [da:1d:e6:75:01:6e]
RSSI: -79 [da:20:81:87:02:8c]
RSSI: -83 [da:20:81:94:02:bc]
RSSI: -86 [da:20:81:a1:02:dc]
RSSI: -86 [da:20:81:a1:02:dc]
RSSI: -83 [da:20:81:ae:03:0c]
RSSI: -83 [da:20:81:ae:03:0c]
RSSI: -87 [da:20:81:bb:03:2c]
RSSI: -88 [da:20:81:c7:03:5c]
RSSI: -88 [da:20:81:d4:03:8c]
RSSI: -88 [da:20:81:d4:03:8c]
RSSI: -90 [da:20:81:e1:03:ac]
RSSI: -97 [da:1a:dd:d8:02:ea]
RSSI: -87 [da:20:82:21:04:7c]
RSSI: -95 [da:1d:e7:14:03:3e]
RSSI: -93 [da:1a:de:02:03:5a]
RSSI: -95 [da:20:82:21:04:7c]
RSSI: -91 [da:1d:e7:20:03:5e]
RSSI: -86 [da:20:82:2e:04:9c]
RSSI: -90 [da:1d:e7:20:03:5e]
RSSI: -90 [da:20:82:3b:04:cc]
RSSI: -87 [da:1d:e7:2f:03:8e]
RSSI: -86 [da:20:82:3b:04:cc]
RSSI: -86 [da:1d:e7:2f:03:8e]
RSSI: -87 [da:20:82:48:04:fc]
RSSI: -91 [da:20:82:55:05:1c]
RSSI: -86 [da:1d:e7:4b:03:de]
RSSI: -86 [da:1d:e7:5a:04:0e]
RSSI: -90 [da:1a:de:46:04:1a]
RSSI: -86 [da:1d:e7:5a:04:0e]
RSSI: -87 [da:1d:e7:69:04:2e]
RSSI: -92 [da:1a:de:54:04:4a]
RSSI: -86 [da:1d:e7:69:04:2e]
RSSI: -88 [da:20:82:95:05:ec]
RSSI: -86 [da:1d:e7:94:04:ae]
RSSI: -93 [da:20:82:a2:06:0c]
RSSI: -89 [da:1d:e7:a1:04:ce]
RSSI: -88 [da:1d:e7:a1:04:ce]
RSSI: -88 [da:20:82:bc:06:6c]
RSSI: -90 [da:1a:de:99:05:0a]
RSSI: -89 [da:1d:e7:b0:04:fe]
RSSI: -87 [da:1a:de:a7:05:3a]
RSSI: -89 [da:1d:e7:bf:05:2e]
RSSI: -85 [da:1a:de:a7:05:3a]
RSSI: -88 [da:1d:e7:bf:05:2e]
RSSI: -86 [da:1a:de:b6:05:5a]
RSSI: -88 [da:1d:e7:cb:05:4e]
RSSI: -84 [da:1a:de:b6:05:5a]
RSSI: -88 [da:1d:e7:db:05:7e]
RSSI: -88 [da:1d:e7:db:05:7e]
RSSI: -86 [da:20:82:ef:07:0c]
RSSI: -79 [da:1a:de:d1:05:aa]
RSSI: -88 [da:1d:e7:ea:05:ae]
RSSI: -89 [da:1d:e7:ea:05:ae]
RSSI: -82 [da:1a:de:df:05:ca]
RSSI: -81 [da:1a:de:df:05:ca]
RSSI: -83 [da:20:82:fc:07:3c]
RSSI: -80 [da:1a:de:df:05:ca]
RSSI: -90 [da:1d:e7:f6:05:ce]
RSSI: -83 [da:20:83:09:07:5c]
RSSI: -82 [da:1a:de:ec:05:fa]
RSSI: -88 [da:20:83:09:07:5c]
RSSI: -87 [da:1d:e8:06:05:fe]
RSSI: -81 [da:20:83:16:07:8c]
RSSI: -78 [da:1a:de:fa:06:1a]
RSSI: -86 [da:20:83:22:07:ac]
RSSI: -87 [da:1d:e8:15:06:2e]
RSSI: -81 [da:1a:de:fa:06:1a]
RSSI: -87 [da:20:83:22:07:ac]
RSSI: -81 [da:1a:df:09:06:4a]
RSSI: -80 [da:20:83:22:07:ac]
RSSI: -82 [da:20:83:2f:07:dc]
RSSI: -90 [da:1d:e8:21:06:4e]
RSSI: -82 [da:1a:df:15:06:6a]
RSSI: -87 [da:20:83:2f:07:dc]
RSSI: -88 [da:1d:e8:21:06:4e]
RSSI: -80 [da:20:83:3c:08:0c]
RSSI: -81 [da:20:83:3c:08:0c]
RSSI: -90 [da:1d:e8:30:06:7e]
RSSI: -90 [da:20:83:49:08:2c]
RSSI: -84 [da:1a:df:24:06:9a]
RSSI: -82 [da:20:83:49:08:2c]
RSSI: -78 [da:1a:df:32:06:ba]
RSSI: -82 [da:20:83:56:08:5c]
RSSI: -84 [da:20:83:63:08:7c]
RSSI: -82 [da:1a:df:3f:06:da]
RSSI: -83 [da:20:83:63:08:7c]
RSSI: -84 [da:1a:df:4d:07:0a]
RSSI: -86 [da:20:83:70:08:ac]
RSSI: -82 [da:1a:df:4d:07:0a]
RSSI: -86 [da:20:83:70:08:ac]
RSSI: -79 [da:1a:df:5c:07:2a]
RSSI: -89 [da:20:83:7d:08:cc]
RSSI: -84 [da:1a:df:5c:07:2a]
RSSI: -86 [da:20:83:8a:08:fc]
RSSI: -82 [da:1a:df:68:07:5a]
RSSI: -80 [da:1a:df:68:07:5a]
RSSI: -84 [da:1a:df:77:07:7a]
RSSI: -85 [da:20:83:96:09:1c]
RSSI: -82 [da:1a:df:77:07:7a]
RSSI: -84 [da:1a:df:85:07:aa]
RSSI: -93 [da:20:83:a4:09:4c]
RSSI: -85 [da:20:83:b0:09:7c]
RSSI: -82 [da:1a:df:92:07:ca]
RSSI: -93 [da:20:83:bd:09:9c]
RSSI: -85 [da:1a:df:a0:07:ea]
RSSI: -87 [da:20:83:bd:09:9c]
RSSI: -86 [da:1a:df:a0:07:ea]
RSSI: -83 [da:1a:df:a0:07:ea]
RSSI: -88 [da:20:83:ca:09:cc]
RSSI: -90 [da:1a:df:af:08:1a]
RSSI: -89 [da:20:83:ca:09:cc]
RSSI: -90 [da:1a:df:af:08:1a]
RSSI: -85 [da:20:83:d7:09:ec]
RSSI: -84 [da:20:83:d7:09:ec]
RSSI: -87 [da:1a:df:bb:08:3a]
RSSI: -90 [da:1d:e8:cd:08:4e]
RSSI: -84 [da:20:83:e4:0a:1c]
RSSI: -83 [da:20:83:e4:0a:1c]
RSSI: -91 [da:1d:e8:dc:08:6e]
RSSI: -84 [da:20:83:f1:0a:4c]
RSSI: -90 [da:1d:e8:eb:08:9e]
RSSI: -93 [da:1d:e8:eb:08:9e]
RSSI: -81 [da:20:83:fe:0a:6c]
RSSI: -82 [da:20:83:fe:0a:6c]
RSSI: -84 [da:20:84:0b:0a:9c]
RSSI: -82 [da:20:84:0b:0a:9c]
RSSI: -93 [da:1a:df:f3:08:da]
RSSI: -82 [da:20:84:18:0a:bc]
RSSI: -93 [da:1a:e0:02:09:0a]
RSSI: -82 [da:20:84:25:0a:ec]
RSSI: -83 [da:20:84:25:0a:ec]
RSSI: -94 [da:1a:e0:0e:09:2a]
RSSI: -80 [da:20:84:31:0b:1c]
RSSI: -94 [da:1a:e0:0e:09:2a]
RSSI: -81 [da:20:84:31:0b:1c]
RSSI: -92 [da:1d:e9:32:09:6e]
RSSI: -79 [da:20:84:3e:0b:3c]
RSSI: -80 [da:20:84:4b:0b:6c]
RSSI: -80 [da:20:84:4b:0b:6c]
RSSI: -80 [da:20:84:58:0b:8c]
RSSI: -76 [da:20:84:58:0b:8c]
RSSI: -87 [da:1d:e9:4e:09:be]
RSSI: -82 [da:20:84:65:0b:bc]
RSSI: -89 [da:1d:e9:5d:09:de]
RSSI: -81 [da:20:84:72:0b:ec]
RSSI: -82 [da:20:84:7f:0c:0c]
RSSI: -81 [da:20:84:7f:0c:0c]
RSSI: -81 [da:20:84:7f:0c:0c]
RSSI: -84 [da:1d:e9:79:0a:3e]
RSSI: -85 [da:1d:e9:79:0a:3e]
RSSI: -79 [da:20:84:8c:0c:3c]
RSSI: -82 [da:20:84:99:0c:6c]
RSSI: -87 [da:1d:e9:88:0a:5e]
RSSI: -79 [da:20:84:a6:0c:8c]
RSSI: -89 [da:1d:e9:a4:0a:be]
RSSI: -85 [da:20:84:b3:0c:bc]
RSSI: -84 [da:1d:e9:b3:0a:de]
RSSI: -80 [da:20:84:c0:0c:dc]
RSSI: -86 [da:1d:e9:b3:0a:de]
RSSI: -81 [da:20:84:cc:0d:0c]
RSSI: -83 [da:1d:e9:c2:0b:0e]
RSSI: -89 [da:20:84:da:0d:3c]
RSSI: -83 [da:1d:e9:cf:0b:3e]
RSSI: -80 [da:1d:e9:cf:0b:3e]
RSSI: -83 [da:20:84:e7:0d:5c]
RSSI: -81 [da:1d:e9:de:0b:5e]
RSSI: -80 [da:1d:e9:de:0b:5e]
RSSI: -89 [da:20:84:f3:0d:8c]
RSSI: -74 [da:1d:e9:ed:0b:8e]
RSSI: -83 [da:20:85:00:0d:ac]
RSSI: -74 [da:1d:e9:fa:0b:ae]
RSSI: -92 [da:20:85:0d:0d:dc]
RSSI: -77 [da:1d:ea:09:0b:de]
RSSI: -77 [da:1d:ea:09:0b:de]
RSSI: -79 [da:1d:ea:18:0c:0e]
RSSI: -83 [da:20:85:34:0e:5c]
RSSI: -73 [da:1d:ea:25:0c:2e]
RSSI: -84 [da:20:85:34:0e:5c]
RSSI: -76 [da:1d:ea:34:0c:5e]
RSSI: -90 [da:20:85:41:0e:7c]
RSSI: -73 [da:1d:ea:34:0c:5e]
RSSI: -77 [da:1d:ea:43:0c:7e]
RSSI: -88 [da:20:85:4e:0e:ac]
RSSI: -78 [da:1d:ea:43:0c:7e]
RSSI: -89 [da:20:85:4e:0e:ac]
RSSI: -77 [da:1d:ea:43:0c:7e]
RSSI: -78 [da:1d:ea:50:0c:ae]
RSSI: -73 [da:1d:ea:5f:0c:de]
RSSI: -73 [da:1d:ea:5f:0c:de]
RSSI: -77 [da:1d:ea:5f:0c:de]
RSSI: -88 [da:20:85:75:0f:2c]
RSSI: -86 [da:20:85:82:0f:5c]
RSSI: -80 [da:20:85:8f:0f:7c]
RSSI: -76 [da:1d:ea:8a:0d:4e]
RSSI: -88 [da:20:85:9c:0f:ac]
RSSI: -82 [da:20:85:9c:0f:ac]
RSSI: -74 [da:1d:ea:9a:0d:7e]
RSSI: -79 [da:20:85:a9:0f:cc]
RSSI: -85 [da:20:85:a9:0f:cc]
RSSI: -77 [da:1d:ea:a6:0d:9e]
RSSI: -84 [da:20:85:b6:0f:fc]
RSSI: -77 [da:1d:ea:a6:0d:9e]
RSSI: -81 [da:20:85:b6:0f:fc]
RSSI: -77 [da:1d:ea:b5:0d:ce]
RSSI: -77 [da:1d:ea:b5:0d:ce]
RSSI: -91 [da:20:85:c3:10:2c]
RSSI: -88 [da:20:85:d0:10:4c]
RSSI: -78 [da:1d:ea:c5:0d:fe]
RSSI: -79 [da:1d:ea:c5:0d:fe]
RSSI: -78 [da:1d:ea:d1:0e:1e]
RSSI: -82 [da:1d:ea:e1:0e:4e]
RSSI: -86 [da:20:85:f7:10:cc]
RSSI: -82 [da:20:86:04:10:ec]
RSSI: -80 [da:20:86:04:10:ec]
RSSI: -84 [da:1d:ea:fc:0e:9e]
RSSI: -84 [da:20:86:11:11:1c]
RSSI: -81 [da:20:86:11:11:1c]
RSSI: -87 [da:1d:eb:0c:0e:ce]
RSSI: -86 [da:1d:eb:0c:0e:ce]
RSSI: -83 [da:20:86:1e:11:4c]
RSSI: -83 [da:20:86:1e:11:4c]
RSSI: -84 [da:1d:eb:1b:0e:fe]
RSSI: -82 [da:20:86:2a:11:6c]
RSSI: -85 [da:20:86:2a:11:6c]
RSSI: -82 [da:1d:eb:28:0f:1e]
RSSI: -79 [da:20:86:38:11:9c]
RSSI: -84 [da:1d:eb:28:0f:1e]
RSSI: -77 [da:20:86:38:11:9c]
RSSI: -77 [da:20:86:45:11:bc]
RSSI: -82 [da:1d:eb:37:0f:4e]
RSSI: -76 [da:20:86:51:11:ec]
RSSI: -86 [da:1d:eb:46:0f:7e]
RSSI: -73 [da:20:86:5f:12:0c]
RSSI: -71 [da:20:86:5f:12:0c]
RSSI: -71 [da:20:86:6c:12:3c]
RSSI: -87 [da:1d:eb:62:0f:ce]
RSSI: -71 [da:20:86:78:12:6c]
RSSI: -86 [da:1d:eb:71:0f:fe]
RSSI: -86 [da:1d:eb:71:0f:fe]
RSSI: -69 [da:20:86:86:12:8c]
RSSI: -86 [da:1d:eb:7e:10:1e]
RSSI: -70 [da:20:86:93:12:bc]
RSSI: -86 [da:1d:eb:8d:10:4e]
RSSI: -84 [da:1d:eb:8d:10:4e]
RSSI: -71 [da:20:86:9f:12:dc]
RSSI: -85 [da:1d:eb:9d:10:6e]
RSSI: -85 [da:1d:eb:a9:10:9e]
RSSI: -72 [da:20:86:ba:13:2c]
RSSI: -85 [da:1d:eb:b9:10:be]
RSSI: -72 [da:20:86:c6:13:5c]
RSSI: -86 [da:1d:eb:b9:10:be]
RSSI: -73 [da:20:86:d4:13:8c]
RSSI: -74 [da:20:86:e1:13:ac]
RSSI: -72 [da:20:86:e1:13:ac]
RSSI: -70 [da:20:86:ed:13:dc]
RSSI: -70 [da:20:86:ed:13:dc]
RSSI: -75 [da:20:86:ed:13:dc]
RSSI: -84 [da:1d:eb:e4:11:3e]
RSSI: -72 [da:20:86:fb:13:fc]
RSSI: -84 [da:1d:eb:f3:11:6e]
RSSI: -73 [da:20:87:08:14:2c]
RSSI: -87 [da:1d:ec:00:11:8e]
RSSI: -71 [da:20:87:08:14:2c]
RSSI: -86 [da:1d:ec:00:11:8e]
RSSI: -73 [da:20:87:15:14:4c]
RSSI: -74 [da:20:87:15:14:4c]
RSSI: -88 [da:1d:ec:0f:11:be]
RSSI: -75 [da:20:87:22:14:7c]
RSSI: -88 [da:1d:ec:0f:11:be]
RSSI: -77 [da:20:87:22:14:7c]
RSSI: -88 [da:1d:ec:1e:11:ee]
RSSI: -79 [da:20:87:2f:14:ac]
RSSI: -88 [da:1d:ec:1e:11:ee]
RSSI: -87 [da:20:87:3c:14:cc]
RSSI: -87 [da:1d:ec:2b:12:0e]
RSSI: -83 [da:20:87:3c:14:cc]
RSSI: -81 [da:20:87:56:15:1c]
RSSI: -78 [da:20:87:63:15:4c]
RSSI: -89 [da:1d:ec:56:12:8e]
RSSI: -78 [da:20:87:63:15:4c]
RSSI: -79 [da:20:87:70:15:7c]
RSSI: -91 [da:1d:ec:66:12:be]
RSSI: -76 [da:20:87:70:15:7c]
RSSI: -90 [da:1d:ec:66:12:be]
RSSI: -77 [da:20:87:7d:15:9c]
RSSI: -77 [da:20:87:7d:15:9c]
RSSI: -78 [da:20:87:8a:15:cc]
RSSI: -78 [da:20:87:8a:15:cc]
RSSI: -76 [da:20:87:97:15:ec]
RSSI: -80 [da:20:87:97:15:ec]
RSSI: -79 [da:20:87:a4:16:1c]
RSSI: -79 [da:20:87:a4:16:1c]
RSSI: -88 [da:1d:ec:a0:13:6e]
RSSI: -81 [da:20:87:b1:16:4c]
RSSI: -93 [da:1d:ec:ad:13:8e]
RSSI: -92 [da:1d:ec:ad:13:8e]
RSSI: -78 [da:20:87:be:16:6c]
RSSI: -93 [da:1d:ec:bc:13:be]
RSSI: -82 [da:20:87:d8:00:5c]
RSSI: -79 [da:20:87:e5:00:7c]
RSSI: -83 [da:20:87:f3:00:ac]
RSSI: -79 [da:20:87:f3:00:ac]
RSSI: -80 [da:20:87:f3:00:ac]
RSSI: -85 [da:20:87:ff:00:cc]
RSSI: -85 [da:20:88:0d:00:fc]
RSSI: -83 [da:20:88:1a:01:2c]
RSSI: -93 [da:18:ff:fb:04:3b]
RSSI: -83 [da:20:88:26:01:4c]
RSSI: -81 [da:20:88:26:01:4c]
RSSI: -83 [da:20:88:34:01:7c]
RSSI: -83 [da:20:88:34:01:7c]
RSSI: -80 [da:20:88:41:01:9c]
RSSI: -81 [da:20:88:4e:01:cc]
RSSI: -81 [da:20:88:4e:01:cc]
RSSI: -82 [da:20:88:5b:01:fc]
RSSI: -84 [da:20:88:5b:01:fc]
RSSI: -83 [da:20:88:68:02:1c]
RSSI: -85 [da:20:88:75:02:4c]
RSSI: -83 [da:20:88:75:02:4c]
RSSI: -82 [da:20:88:82:02:6c]
RSSI: -87 [da:20:88:82:02:6c]
RSSI: -84 [da:20:88:8f:02:9c]
RSSI: -82 [da:20:88:8f:02:9c]
RSSI: -88 [da:20:88:9c:02:bc]
RSSI: -84 [da:20:88:9c:02:bc]
RSSI: -83 [da:20:88:a9:02:ec]
RSSI: -86 [da:20:88:b7:03:1c]
RSSI: -83 [da:20:88:b7:03:1c]
RSSI: -87 [da:20:88:c3:03:3c]
RSSI: -86 [da:20:88:d1:03:6c]
RSSI: -86 [da:20:88:d1:03:6c]
RSSI: -87 [da:20:88:de:03:9c]
RSSI: -87 [da:20:88:de:03:9c]
RSSI: -88 [da:20:88:eb:03:bc]
RSSI: -92 [da:20:88:f8:03:ec]
RSSI: -88 [da:20:89:12:04:3c]
RSSI: -94 [da:20:89:1f:04:5c]
RSSI: -97 [da:1a:e5:13:01:3a]
RSSI: -89 [da:20:89:47:04:dc]
RSSI: -92 [da:20:89:47:04:dc]
RSSI: -86 [da:20:89:54:05:0c]
RSSI: -88 [da:20:89:61:05:2c]
RSSI: -90 [da:20:89:6e:05:5c]
RSSI: -87 [da:20:89:7b:05:7c]
RSSI: -94 [da:1a:e5:68:02:3a]
RSSI: -95 [da:1a:e5:74:02:5a]
RSSI: -84 [da:20:89:a3:05:fc]
RSSI: -84 [da:20:89:af:06:2c]
RSSI: -89 [da:20:89:bd:06:4c]
RSSI: -92 [da:1d:ee:ca:03:5e]
RSSI: -90 [da:1a:e5:bc:03:1a]
RSSI: -93 [da:1a:e5:c9:03:3a]
RSSI: -89 [da:1d:ee:e7:03:ae]
RSSI: -88 [da:1d:ee:e7:03:ae]
RSSI: -87 [da:1d:ee:e7:03:ae]
RSSI: -93 [da:20:8a:06:07:3c]
RSSI: -88 [da:1d:ee:f7:03:de]
RSSI: -90 [da:20:8a:06:07:3c]
RSSI: -93 [da:20:8a:21:07:9c]
RSSI: -88 [da:1d:ef:13:04:2e]
RSSI: -90 [da:1d:ef:22:04:4e]
RSSI: -90 [da:1d:ef:22:04:4e]
RSSI: -90 [da:1d:ef:32:04:7e]
RSSI: -89 [da:1d:ef:32:04:7e]
RSSI: -91 [da:1d:ef:3e:04:9e]
RSSI: -91 [da:1d:ef:5d:04:fe]
RSSI: -85 [da:20:8a:70:08:8c]
RSSI: -88 [da:20:8a:7c:08:bc]
RSSI: -87 [da:1d:ef:79:05:4e]
RSSI: -86 [da:20:8a:8a:08:ec]
RSSI: -90 [da:1d:ef:79:05:4e]
RSSI: -89 [da:20:8a:97:09:0c]
RSSI: -89 [da:1d:ef:89:05:7e]
RSSI: -85 [da:20:8a:97:09:0c]
RSSI: -87 [da:1a:e6:78:05:3a]
RSSI: -88 [da:1a:e6:87:05:5a]
RSSI: -87 [da:1d:ef:a5:05:ce]
RSSI: -88 [da:1a:e6:96:05:8a]
RSSI: -89 [da:1a:e6:a2:05:aa]
RSSI: -87 [da:1d:ef:c1:06:2e]
RSSI: -91 [da:20:8a:cb:09:bc]
RSSI: -87 [da:1a:e6:b1:05:da]
RSSI: -88 [da:20:8a:d9:09:dc]
RSSI: -89 [da:1d:ef:d1:06:4e]
RSSI: -86 [da:1a:e6:c0:05:fa]
RSSI: -85 [da:20:8a:f3:0a:3c]
RSSI: -86 [da:1a:e6:cd:06:2a]
RSSI: -84 [da:1a:e6:dc:06:4a]
RSSI: -86 [da:1a:e6:dc:06:4a]
RSSI: -86 [da:20:8b:00:0a:5c]
RSSI: -86 [da:1a:e6:dc:06:4a]
RSSI: -86 [da:20:8b:00:0a:5c]
RSSI: -84 [da:1a:e6:ea:06:7a]
RSSI: -85 [da:1a:e6:ea:06:7a]
RSSI: -87 [da:20:8b:0e:0a:8c]
RSSI: -84 [da:1a:e6:f7:06:9a]
RSSI: -86 [da:20:8b:1a:0a:bc]
RSSI: -84 [da:1a:e6:f7:06:9a]
RSSI: -84 [da:1a:e7:06:06:ca]
RSSI: -88 [da:20:8b:28:0a:dc]
RSSI: -84 [da:1a:e7:06:06:ca]
RSSI: -86 [da:20:8b:28:0a:dc]
RSSI: -84 [da:1a:e7:15:06:ea]
RSSI: -85 [da:20:8b:35:0b:0c]
RSSI: -83 [da:1a:e7:15:06:ea]
RSSI: -85 [da:1a:e7:15:06:ea]
RSSI: -84 [da:20:8b:42:0b:3c]
RSSI: -85 [da:1a:e7:21:07:1a]
RSSI: -84 [da:20:8b:42:0b:3c]
RSSI: -84 [da:1a:e7:21:07:1a]
RSSI: -82 [da:20:8b:4f:0b:5c]
RSSI: -86 [da:1a:e7:30:07:3a]
RSSI: -81 [da:20:8b:5d:0b:8c]
RSSI: -87 [da:1a:e7:3f:07:6a]
RSSI: -83 [da:20:8b:69:0b:bc]
RSSI: -80 [da:20:8b:69:0b:bc]
RSSI: -86 [da:1a:e7:4c:07:8a]
RSSI: -79 [da:20:8b:77:0b:dc]
RSSI: -82 [da:20:8b:77:0b:dc]
RSSI: -90 [da:1a:e7:5b:07:ba]
RSSI: -80 [da:20:8b:84:0c:0c]
RSSI: -83 [da:20:8b:84:0c:0c]
RSSI: -84 [da:20:8b:84:0c:0c]
RSSI: -80 [da:20:8b:91:0c:3c]
RSSI: -81 [da:20:8b:91:0c:3c]
RSSI: -90 [da:20:8b:9e:0c:5c]
RSSI: -81 [da:20:8b:9e:0c:5c]
RSSI: -81 [da:20:8b:b8:0c:ac]
RSSI: -95 [da:1d:f0:ab:08:ce]
RSSI: -83 [da:20:8b:c6:0c:dc]
RSSI: -85 [da:20:8b:d3:0d:0c]
RSSI: -82 [da:20:8b:e0:0d:2c]
RSSI: -94 [da:20:8b:ed:0d:5c]
RSSI: -93 [da:1d:f0:f3:09:9e]
RSSI: -92 [da:1d:f0:f3:09:9e]
RSSI: -87 [da:20:8c:07:0d:ac]
RSSI: -90 [da:1d:f1:02:09:ce]
RSSI: -86 [da:20:8c:15:0d:dc]
RSSI: -87 [da:1d:f1:12:09:fe]
RSSI: -86 [da:20:8c:22:0e:0c]
RSSI: -86 [da:20:8c:22:0e:0c]
RSSI: -85 [da:20:8c:2f:0e:2c]
RSSI: -86 [da:1d:f1:1f:0a:1e]
RSSI: -88 [da:20:8c:57:0e:ac]
RSSI: -88 [da:1d:f1:4a:0a:9e]
RSSI: -88 [da:20:8c:57:0e:ac]
RSSI: -89 [da:20:8c:64:0e:dc]
RSSI: -86 [da:1d:f1:5a:0a:ce]
RSSI: -85 [da:1d:f1:5a:0a:ce]
RSSI: -88 [da:20:8c:72:0f:0c]
RSSI: -84 [da:1d:f1:69:0a:fe]
RSSI: -82 [da:1d:f1:69:0a:fe]
RSSI: -82 [da:1d:f1:76:0b:1e]
RSSI: -82 [da:1d:f1:76:0b:1e]
RSSI: -89 [da:20:8c:8c:0f:5c]
RSSI: -79 [da:1d:f1:86:0b:4e]
RSSI: -81 [da:1d:f1:86:0b:4e]
RSSI: -77 [da:1d:f1:95:0b:7e]
RSSI: -77 [da:1d:f1:95:0b:7e]
RSSI: -79 [da:1d:f1:95:0b:7e]
RSSI: -78 [da:1d:f1:a2:0b:9e]
RSSI: -84 [da:20:8c:b3:0f:dc]
RSSI: -76 [da:1d:f1:a2:0b:9e]
RSSI: -83 [da:20:8c:b3:0f:dc]
RSSI: -78 [da:1d:f1:b1:0b:ce]
RSSI: -78 [da:1d:f1:c1:0b:fe]
RSSI: -89 [da:20:8c:ce:10:2c]
RSSI: -78 [da:1d:f1:c1:0b:fe]
RSSI: -85 [da:20:8c:ce:10:2c]
RSSI: -84 [da:20:8c:db:10:5c]
RSSI: -75 [da:1d:f1:ce:0c:1e]
RSSI: -80 [da:1d:f1:ce:0c:1e]
RSSI: -85 [da:20:8c:e9:10:7c]
RSSI: -86 [da:20:8c:e9:10:7c]
RSSI: -74 [da:1d:f1:dd:0c:4e]
RSSI: -76 [da:1d:f1:ed:0c:7e]
RSSI: -76 [da:1d:f1:f9:0c:9e]
RSSI: -77 [da:1d:f2:09:0c:ce]
RSSI: -90 [da:20:8d:1d:11:2c]
RSSI: -78 [da:1d:f2:19:0c:fe]
RSSI: -76 [da:1d:f2:19:0c:fe]
RSSI: -86 [da:20:8d:2b:11:5c]
RSSI: -86 [da:20:8d:38:11:7c]
RSSI: -83 [da:20:8d:38:11:7c]
RSSI: -78 [da:1d:f2:35:0d:4e]
RSSI: -86 [da:20:8d:45:11:ac]
RSSI: -81 [da:1d:f2:35:0d:4e]
RSSI: -82 [da:20:8d:45:11:ac]
RSSI: -81 [da:1d:f2:45:0d:7e]
RSSI: -97 [da:1a:e9:2d:0c:ea]
RSSI: -81 [da:20:8d:52:11:dc]
RSSI: -81 [da:20:8d:60:11:fc]
RSSI: -82 [da:1d:f2:51:0d:9e]
RSSI: -81 [da:1d:f2:61:0d:ce]
RSSI: -79 [da:1d:f2:70:0d:fe]
RSSI: -76 [da:20:8d:7a:12:5c]
RSSI: -81 [da:1d:f2:70:0d:fe]
RSSI: -73 [da:20:8d:7a:12:5c]
RSSI: -82 [da:1d:f2:70:0d:fe]
RSSI: -71 [da:20:8d:87:12:7c]
RSSI: -83 [da:1d:f2:7d:0e:1e]
RSSI: -69 [da:20:8d:94:12:ac]
RSSI: -88 [da:1d:f2:8d:0e:4e]
RSSI: -86 [da:1d:f2:8d:0e:4e]
RSSI: -70 [da:20:8d:a2:12:cc]
RSSI: -87 [da:1d:f2:9c:0e:7e]
RSSI: -67 [da:20:8d:a2:12:cc]
RSSI: -87 [da:1d:f2:9c:0e:7e]
RSSI: -66 [da:20:8d:af:12:fc]
RSSI: -70 [da:20:8d:af:12:fc]
RSSI: -67 [da:20:8d:bc:13:2c]
RSSI: -85 [da:1d:f2:a9:0e:9e]
RSSI: -66 [da:20:8d:bc:13:2c]
RSSI: -69 [da:20:8d:d7:13:7c]
RSSI: -83 [da:1d:f2:d5:0f:1e]
RSSI: -66 [da:20:8d:e4:13:ac]
RSSI: -65 [da:20:8d:e4:13:ac]
RSSI: -69 [da:20:8d:f1:13:cc]
RSSI: -84 [da:1d:f2:e4:0f:4e]
RSSI: -66 [da:20:8d:f1:13:cc]
RSSI: -69 [da:20:8d:ff:13:fc]
RSSI: -87 [da:1d:f2:f4:0f:7e]
RSSI: -67 [da:20:8e:0b:14:1c]
RSSI: -87 [da:1d:f3:01:0f:9e]
RSSI: -86 [da:1d:f3:01:0f:9e]
RSSI: -69 [da:20:8e:19:14:4c]
RSSI: -85 [da:1d:f3:10:0f:ce]
RSSI: -73 [da:20:8e:27:14:7c]
RSSI: -74 [da:20:8e:27:14:7c]
RSSI: -84 [da:1d:f3:20:0f:fe]
RSSI: -84 [da:1d:f3:20:0f:fe]
RSSI: -76 [da:20:8e:33:14:9c]
RSSI: -76 [da:20:8e:33:14:9c]
RSSI: -85 [da:1d:f3:2d:10:1e]
RSSI: -84 [da:1d:f3:2d:10:1e]
RSSI: -80 [da:20:8e:41:14:cc]
RSSI: -84 [da:1d:f3:3c:10:4e]
RSSI: -83 [da:20:8e:4e:14:fc]
RSSI: -84 [da:20:8e:4e:14:fc]
RSSI: -83 [da:1d:f3:4c:10:7e]
RSSI: -85 [da:1d:f3:4c:10:7e]
RSSI: -86 [da:1d:f3:4c:10:7e]
RSSI: -89 [da:20:8e:5b:15:1c]
RSSI: -85 [da:20:8e:69:15:4c]
RSSI: -85 [da:1d:f3:59:10:9e]
RSSI: -79 [da:20:8e:69:15:4c]
RSSI: -81 [da:20:8e:76:15:7c]
RSSI: -84 [da:1d:f3:68:10:ce]
RSSI: -80 [da:20:8e:76:15:7c]
RSSI: -78 [da:20:8e:76:15:7c]
RSSI: -85 [da:1d:f3:68:10:ce]
RSSI: -77 [da:20:8e:76:15:7c]
RSSI: -74 [da:20:8e:83:15:9c]
RSSI: -76 [da:20:8e:83:15:9c]
RSSI: -75 [da:20:8e:83:15:9c]
RSSI: -74 [da:20:8e:91:15:cc]
RSSI: -85 [da:1d:f3:85:11:1e]
RSSI: -72 [da:20:8e:91:15:cc]
RSSI: -75 [da:20:8e:9e:15:ec]
RSSI: -74 [da:20:8e:9e:15:ec]
RSSI: -84 [da:1d:f3:94:11:4e]
RSSI: -86 [da:1d:f3:a4:11:7e]
RSSI: -76 [da:20:8e:ab:16:1c]
RSSI: -86 [da:1d:f3:a4:11:7e]
RSSI: -88 [da:1d:f3:a4:11:7e]
RSSI: -87 [da:1d:f3:a4:11:7e]
RSSI: -77 [da:20:8e:b8:16:4c]
RSSI: -87 [da:1d:f3:b1:11:9e]
RSSI: -80 [da:20:8e:c6:16:6c]
RSSI: -80 [da:20:8e:c6:16:6c]
RSSI: -88 [da:1d:f3:c0:11:ce]
RSSI: -81 [da:20:8e:d3:00:0c]
RSSI: -89 [da:1d:f3:c0:11:ce]
RSSI: -82 [da:20:8e:d3:00:0c]
RSSI: -81 [da:20:8e:d3:00:0c]
RSSI: -90 [da:1d:f3:d0:11:fe]
RSSI: -82 [da:20:8e:e0:00:2c]
RSSI: -89 [da:1d:f3:dd:12:1e]
RSSI: -81 [da:20:8e:ee:00:5c]
RSSI: -89 [da:1d:f3:ec:12:4e]
RSSI: -89 [da:1d:f3:ec:12:4e]
RSSI: -89 [da:1d:f3:fc:12:7e]
RSSI: -80 [da:20:8f:08:00:ac]
RSSI: -89 [da:1d:f3:fc:12:7e]
RSSI: -81 [da:20:8f:08:00:ac]
RSSI: -82 [da:20:8f:16:00:dc]
RSSI: -89 [da:1d:f4:09:12:9e]
RSSI: -80 [da:20:8f:16:00:dc]
RSSI: -90 [da:1d:f4:09:12:9e]
RSSI: -82 [da:20:8f:22:00:fc]
RSSI: -83 [da:20:8f:22:00:fc]
RSSI: -82 [da:20:8f:30:01:2c]
RSSI: -98 [da:19:07:1e:02:db]
RSSI: -92 [da:1d:f4:28:12:fe]
RSSI: -83 [da:20:8f:3e:01:5c]
RSSI: -81 [da:20:8f:3e:01:5c]
RSSI: -88 [da:1d:f4:35:13:1e]
RSSI: -82 [da:20:8f:4a:01:7c]
RSSI: -81 [da:20:8f:4a:01:7c]
RSSI: -87 [da:1d:f4:44:13:4e]
RSSI: -81 [da:20:8f:58:01:ac]
RSSI: -92 [da:1d:f4:54:13:7e]
RSSI: -82 [da:20:8f:72:01:fc]
RSSI: -92 [da:1d:f4:61:13:9e]
RSSI: -85 [da:20:8f:80:02:2c]
RSSI: -85 [da:20:8f:80:02:2c]
RSSI: -79 [da:20:8f:8e:02:5c]
RSSI: -85 [da:20:8f:9a:02:7c]
RSSI: -82 [da:20:8f:a8:02:ac]
RSSI: -81 [da:20:8f:b6:02:dc]
RSSI: -85 [da:20:8f:b6:02:dc]
RSSI: -83 [da:20:8f:c2:02:fc]
RSSI: -82 [da:20:8f:c2:02:fc]
RSSI: -83 [da:20:8f:d0:03:2c]
RSSI: -82 [da:20:8f:d0:03:2c]
RSSI: -82 [da:20:8f:de:03:5c]
RSSI: -83 [da:20:8f:de:03:5c]
RSSI: -83 [da:20:8f:de:03:5c]
RSSI: -80 [da:20:8f:ea:03:7c]
RSSI: -81 [da:20:8f:ea:03:7c]
RSSI: -85 [da:20:90:06:03:dc]
RSSI: -89 [da:1d:f5:04:15:7e]
RSSI: -93 [da:1d:f5:11:15:9e]
RSSI: -91 [da:20:90:20:04:2c]
RSSI: -92 [da:20:90:2e:04:4c]
RSSI: -95 [da:20:90:3a:04:7c]
RSSI: -87 [da:20:90:48:04:ac]
RSSI: -92 [da:20:90:56:04:cc]
RSSI: -82 [da:20:90:62:04:fc]
RSSI: -85 [da:20:90:70:05:2c]
RSSI: -80 [da:20:90:70:05:2c]
RSSI: -85 [da:20:90:7e:05:4c]
RSSI: -84 [da:20:90:7e:05:4c]
RSSI: -88 [da:20:90:8a:05:7c]
RSSI: -83 [da:20:90:98:05:ac]
RSSI: -88 [da:20:90:a6:05:cc]
RSSI: -89 [da:20:90:a6:05:cc]
RSSI: -84 [da:20:90:c0:06:2c]
RSSI: -83 [da:20:90:c0:06:2c]
RSSI: -93 [da:20:90:db:06:7c]
RSSI: -90 [da:20:90:db:06:7c]
RSSI: -84 [da:20:90:e8:06:ac]
RSSI: -91 [da:20:90:f6:06:cc]
RSSI: -89 [da:20:90:f6:06:cc]
RSSI: -93 [da:1d:f5:fe:01:fe]
RSSI: -91 [da:20:91:1e:07:4c]
RSSI: -91 [da:20:91:1e:07:4c]
RSSI: -87 [da:20:91:2b:07:7c]
RSSI: -89 [da:1a:ed:1f:01:ea]
RSSI: -83 [da:20:91:46:07:cc]
RSSI: -90 [da:1a:ed:2e:02:1a]
RSSI: -84 [da:20:91:53:07:fc]
RSSI: -89 [da:20:91:61:08:2c]
RSSI: -82 [da:20:91:61:08:2c]
RSSI: -80 [da:20:91:6e:08:4c]
RSSI: -88 [da:1a:ed:4a:02:6a]
RSSI: -89 [da:20:91:6e:08:4c]
RSSI: -82 [da:20:91:7b:08:7c]
RSSI: -80 [da:20:91:7b:08:7c]
RSSI: -90 [da:1d:f6:72:03:5e]
RSSI: -87 [da:20:91:89:08:ac]
RSSI: -81 [da:20:91:89:08:ac]
RSSI: -87 [da:1d:f6:82:03:7e]
RSSI: -79 [da:20:91:97:08:cc]
RSSI: -87 [da:1d:f6:92:03:ae]
RSSI: -88 [da:20:91:97:08:cc]
RSSI: -86 [da:1d:f6:92:03:ae]
RSSI: -83 [da:20:91:a3:08:fc]
RSSI: -79 [da:20:91:a3:08:fc]
RSSI: -86 [da:1d:f6:9f:03:ce]
RSSI: -90 [da:20:91:b1:09:2c]
RSSI: -88 [da:1d:f6:af:03:fe]
RSSI: -87 [da:1d:f6:af:03:fe]
RSSI: -91 [da:20:91:bf:09:4c]
RSSI: -88 [da:1a:ed:a0:03:5a]
RSSI: -83 [da:20:91:cb:09:7c]
RSSI: -87 [da:1a:ed:af:03:8a]
RSSI: -89 [da:1d:f6:db:04:7e]
RSSI: -90 [da:20:91:e7:09:dc]
RSSI: -85 [da:20:91:f4:09:fc]
RSSI: -88 [da:20:91:f4:09:fc]
RSSI: -92 [da:1d:f6:eb:04:ae]
RSSI: -89 [da:1a:ed:da:03:fa]
RSSI: -85 [da:20:92:02:0a:2c]
RSSI: -82 [da:20:92:0f:0a:5c]
RSSI: -89 [da:20:92:1c:0a:7c]
RSSI: -91 [da:1a:ed:f6:04:4a]
RSSI: -90 [da:1d:f7:17:05:2e]
RSSI: -85 [da:20:92:1c:0a:7c]
RSSI: -81 [da:20:92:2a:0a:ac]
RSSI: -87 [da:20:92:37:0a:dc]
RSSI: -91 [da:1d:f7:24:05:4e]
RSSI: -77 [da:20:92:37:0a:dc]
RSSI: -90 [da:1d:f7:33:05:7e]
RSSI: -77 [da:20:92:52:0b:2c]
RSSI: -78 [da:20:92:60:0b:5c]
RSSI: -81 [da:20:92:6c:0b:7c]
RSSI: -89 [da:1d:f7:60:06:0e]
RSSI: -79 [da:20:92:6c:0b:7c]
RSSI: -82 [da:20:92:7a:0b:ac]
RSSI: -79 [da:20:92:7a:0b:ac]
RSSI: -91 [da:1a:ee:6a:05:9a]
RSSI: -79 [da:20:92:88:0b:dc]
RSSI: -93 [da:1d:f7:7c:06:5e]
RSSI: -79 [da:20:92:95:0b:fc]
RSSI: -79 [da:20:92:95:0b:fc]
RSSI: -82 [da:20:92:a3:0c:2c]
RSSI: -93 [da:1d:f7:9c:06:be]
RSSI: -90 [da:1a:ee:86:05:ea]
RSSI: -81 [da:20:92:a3:0c:2c]
RSSI: -78 [da:20:92:b0:0c:5c]
RSSI: -78 [da:20:92:b0:0c:5c]
RSSI: -87 [da:1a:ee:95:06:0a]
RSSI: -82 [da:20:92:bd:0c:7c]
RSSI: -78 [da:20:92:bd:0c:7c]
RSSI: -89 [da:1a:ee:a2:06:3a]
RSSI: -89 [da:1a:ee:a2:06:3a]
RSSI: -79 [da:20:92:cb:0c:ac]
RSSI: -89 [da:1a:ee:b1:06:5a]
RSSI: -80 [da:20:92:d9:0c:dc]
RSSI: -86 [da:20:92:e5:0d:0c]
RSSI: -89 [da:1a:ee:cd:06:aa]
RSSI: -83 [da:20:92:f3:0d:2c]
RSSI: -87 [da:20:92:f3:0d:2c]
RSSI: -88 [da:1a:ee:dc:06:da]
RSSI: -87 [da:1a:ee:dc:06:da]
RSSI: -81 [da:20:93:0e:0d:8c]
RSSI: -80 [da:20:93:0e:0d:8c]
RSSI: -85 [da:20:93:1b:0d:bc]
RSSI: -83 [da:20:93:1b:0d:bc]
RSSI: -80 [da:20:93:1b:0d:bc]
RSSI: -83 [da:20:93:29:0d:dc]
RSSI: -87 [da:1a:ef:07:07:5a]
RSSI: -81 [da:20:93:29:0d:dc]
RSSI: -92 [da:1a:ef:07:07:5a]
RSSI: -89 [da:1a:ef:17:07:7a]
RSSI: -83 [da:20:93:36:0e:0c]
RSSI: -84 [da:20:93:36:0e:0c]
RSSI: -84 [da:20:93:44:0e:3c]
RSSI: -93 [da:1a:ef:23:07:aa]
RSSI: -87 [da:20:93:5e:0e:8c]
RSSI: -92 [da:1d:f8:5a:08:ee]
RSSI: -90 [da:1d:f8:5a:08:ee]
RSSI: -83 [da:20:93:6c:0e:bc]
RSSI: -83 [da:20:93:7a:0e:ec]
RSSI: -86 [da:20:93:87:0f:0c]
RSSI: -82 [da:20:93:95:0f:3c]
RSSI: -87 [da:20:93:a2:0f:6c]
RSSI: -92 [da:1d:f8:97:09:9e]
RSSI: -89 [da:20:93:a2:0f:6c]
RSSI: -93 [da:1d:f8:97:09:9e]
RSSI: -84 [da:20:93:af:0f:8c]
RSSI: -90 [da:20:93:bd:0f:bc]
RSSI: -87 [da:1d:f8:b3:09:ee]
RSSI: -91 [da:1d:f8:b3:09:ee]
RSSI: -88 [da:20:93:cb:0f:ec]
RSSI: -87 [da:1d:f8:c3:0a:1e]
RSSI: -95 [da:20:93:d7:10:0c]
RSSI: -84 [da:20:93:e5:10:3c]
RSSI: -88 [da:1d:f8:ef:0a:9e]
RSSI: -86 [da:1d:f8:ff:0a:ce]
RSSI: -83 [da:20:94:0e:10:bc]
RSSI: -83 [da:1d:f8:ff:0a:ce]
RSSI: -88 [da:20:94:0e:10:bc]
RSSI: -86 [da:20:94:1c:10:ec]
RSSI: -81 [da:1d:f9:0c:0a:ee]
RSSI: -85 [da:20:94:1c:10:ec]
RSSI: -91 [da:20:94:28:11:1c]
RSSI: -81 [da:1d:f9:1c:0b:1e]
RSSI: -85 [da:20:94:28:11:1c]
RSSI: -80 [da:1d:f9:1c:0b:1e]
RSSI: -85 [da:20:94:28:11:1c]
RSSI: -85 [da:20:94:44:11:6c]
RSSI: -79 [da:1d:f9:38:0b:6e]
RSSI: -79 [da:20:94:44:11:6c]
RSSI: -79 [da:1d:f9:38:0b:6e]
RSSI: -87 [da:20:94:51:11:9c]
RSSI: -76 [da:1d:f9:48:0b:9e]
RSSI: -77 [da:1d:f9:58:0b:be]
RSSI: -85 [da:20:94:5f:11:bc]
RSSI: -77 [da:1d:f9:58:0b:be]
RSSI: -80 [da:20:94:6d:11:ec]
RSSI: -76 [da:1d:f9:65:0b:ee]
RSSI: -76 [da:1d:f9:65:0b:ee]
RSSI: -77 [da:20:94:79:12:1c]
RSSI: -77 [da:1d:f9:75:0c:1e]
RSSI: -76 [da:20:94:87:12:3c]
RSSI: -77 [da:1d:f9:75:0c:1e]
RSSI: -73 [da:20:94:87:12:3c]
RSSI: -78 [da:1d:f9:85:0c:4e]
RSSI: -71 [da:20:94:95:12:6c]
RSSI: -74 [da:1d:f9:85:0c:4e]
RSSI: -72 [da:20:94:95:12:6c]
RSSI: -69 [da:20:94:a2:12:8c]
RSSI: -77 [da:1d:f9:91:0c:6e]
RSSI: -68 [da:20:94:a2:12:8c]
RSSI: -78 [da:1d:f9:a2:0c:9e]
RSSI: -76 [da:1d:f9:a2:0c:9e]
RSSI: -73 [da:1d:f9:b1:0c:ce]
RSSI: -68 [da:20:94:be:12:ec]
RSSI: -76 [da:1d:f9:b1:0c:ce]
RSSI: -67 [da:20:94:ca:13:0c]
RSSI: -73 [da:1d:f9:be:0c:ee]
RSSI: -68 [da:20:94:ca:13:0c]
RSSI: -66 [da:20:94:d8:13:3c]
RSSI: -77 [da:1d:f9:ce:0d:1e]
RSSI: -73 [da:1d:f9:ce:0d:1e]
RSSI: -79 [da:1d:f9:de:0d:4e]
RSSI: -67 [da:20:94:e6:13:6c]
RSSI: -80 [da:1d:f9:de:0d:4e]
RSSI: -80 [da:1d:f9:de:0d:4e]
RSSI: -67 [da:20:94:f3:13:8c]
RSSI: -82 [da:1d:f9:eb:0d:6e]
RSSI: -83 [da:1d:f9:eb:0d:6e]
RSSI: -75 [da:1d:f9:fb:0d:9e]
RSSI: -69 [da:20:95:0f:13:ec]
RSSI: -84 [da:1d:f9:fb:0d:9e]
RSSI: -84 [da:1d:fa:0b:0d:ce]
RSSI: -79 [da:1d:fa:0b:0d:ce]
RSSI: -68 [da:20:95:1b:14:1c]
RSSI: -71 [da:20:95:1b:14:1c]
RSSI: -86 [da:1d:fa:17:0d:fe]
RSSI: -69 [da:20:95:29:14:3c]
RSSI: -68 [da:20:95:29:14:3c]
RSSI: -86 [da:1d:fa:27:0e:1e]
RSSI: -71 [da:20:95:37:14:6c]
RSSI: -86 [da:1d:fa:27:0e:1e]
RSSI: -69 [da:20:95:37:14:6c]
RSSI: -88 [da:1d:fa:27:0e:1e]
RSSI: -72 [da:20:95:44:14:9c]
RSSI: -88 [da:1d:fa:37:0e:4e]
RSSI: -71 [da:20:95:52:14:cc]
RSSI: -73 [da:20:95:60:14:ec]
RSSI: -79 [da:20:95:6c:15:1c]
RSSI: -84 [da:1d:fa:64:0e:ce]
RSSI: -78 [da:20:95:6c:15:1c]
RSSI: -88 [da:1d:fa:64:0e:ce]
RSSI: -80 [da:20:95:7a:15:4c]
RSSI: -80 [da:20:95:7a:15:4c]
RSSI: -81 [da:1d:fa:70:0e:fe]
RSSI: -79 [da:20:95:88:15:6c]
RSSI: -78 [da:20:95:88:15:6c]
RSSI: -84 [da:1d:fa:80:0f:2e]
RSSI: -79 [da:20:95:95:15:9c]
RSSI: -81 [da:1d:fa:80:0f:2e]
RSSI: -78 [da:20:95:95:15:9c]
RSSI: -76 [da:20:95:95:15:9c]
RSSI: -83 [da:1d:fa:90:0f:5e]
RSSI: -75 [da:20:95:95:15:9c]
RSSI: -83 [da:1d:fa:90:0f:5e]
RSSI: -77 [da:20:95:a3:15:cc]
RSSI: -77 [da:20:95:a3:15:cc]
RSSI: -83 [da:1d:fa:9d:0f:7e]
RSSI: -73 [da:20:95:b1:15:ec]
RSSI: -84 [da:1d:fa:9d:0f:7e]
RSSI: -72 [da:20:95:b1:15:ec]
RSSI: -86 [da:1d:fa:bd:0f:de]
RSSI: -85 [da:1d:fa:bd:0f:de]
RSSI: -76 [da:20:95:cc:16:4c]
RSSI: -86 [da:1d:fa:ca:0f:fe]
RSSI: -78 [da:20:95:da:16:7c]
RSSI: -84 [da:1d:fa:da:10:2e]
RSSI: -80 [da:20:95:e6:00:2c]
RSSI: -84 [da:1d:fa:da:10:2e]
RSSI: -82 [da:1d:fa:ea:10:5e]
RSSI: -85 [da:20:96:02:00:8c]
RSSI: -86 [da:20:96:02:00:8c]
RSSI: -83 [da:1d:fa:f6:10:8e]
RSSI: -85 [da:20:96:0f:00:ac]
RSSI: -77 [da:20:96:0f:00:ac]
RSSI: -84 [da:1d:fb:06:10:be]
RSSI: -82 [da:20:96:1d:00:dc]
RSSI: -85 [da:1d:fb:16:10:de]
RSSI: -79 [da:20:96:1d:00:dc]
RSSI: -85 [da:1d:fb:16:10:de]
RSSI: -79 [da:20:96:2b:01:0c]
RSSI: -84 [da:1d:fb:23:11:0e]
RSSI: -85 [da:1d:fb:23:11:0e]
RSSI: -78 [da:20:96:37:01:2c]
RSSI: -86 [da:1d:fb:33:11:3e]
RSSI: -85 [da:1d:fb:33:11:3e]
RSSI: -84 [da:1d:fb:43:11:6e]
RSSI: -79 [da:20:96:53:01:8c]
RSSI: -85 [da:1d:fb:43:11:6e]
RSSI: -79 [da:20:96:53:01:8c]
RSSI: -83 [da:20:96:60:01:ac]
RSSI: -79 [da:20:96:60:01:ac]
RSSI: -86 [da:1d:fb:60:11:be]
RSSI: -78 [da:20:96:6e:01:dc]
RSSI: -86 [da:1d:fb:60:11:be]
RSSI: -80 [da:20:96:6e:01:dc]
RSSI: -88 [da:1d:fb:70:11:ee]
RSSI: -80 [da:20:96:7c:02:0c]
RSSI: -88 [da:1d:fb:70:11:ee]
RSSI: -77 [da:20:96:7c:02:0c]
RSSI: -80 [da:20:96:89:02:2c]
RSSI: -80 [da:20:96:89:02:2c]
RSSI: -81 [da:20:96:97:02:5c]
RSSI: -84 [da:1d:fb:8c:12:3e]
RSSI: -82 [da:20:96:97:02:5c]
RSSI: -88 [da:1d:fb:8c:12:3e]
RSSI: -79 [da:20:96:a5:02:8c]
RSSI: -79 [da:20:96:a5:02:8c]
RSSI: -87 [da:1d:fb:9c:12:6e]
RSSI: -83 [da:20:96:b1:02:ac]
RSSI: -81 [da:20:96:c0:02:dc]
RSSI: -91 [da:1d:fb:b9:12:be]
RSSI: -82 [da:20:96:ce:03:0c]
RSSI: -85 [da:20:96:da:03:2c]
RSSI: -83 [da:20:96:da:03:2c]
RSSI: -87 [da:1d:fb:d6:13:0e]
RSSI: -82 [da:20:96:e8:03:5c]
RSSI: -87 [da:1d:fb:d6:13:0e]
RSSI: -88 [da:20:96:e8:03:5c]
RSSI: -88 [da:1d:fb:e6:13:3e]
RSSI: -81 [da:20:96:f6:03:8c]
RSSI: -95 [da:19:0e:f6:03:bb]
RSSI: -90 [da:20:97:11:03:dc]
RSSI: -88 [da:1d:fc:13:13:be]
RSSI: -88 [da:20:97:1f:04:0c]
RSSI: -88 [da:20:97:1f:04:0c]
RSSI: -90 [da:20:97:31:04:3c]
RSSI: -90 [da:20:97:41:04:7c]
RSSI: -89 [da:1d:fc:4f:14:6e]
RSSI: -90 [da:20:97:85:05:4c]
RSSI: -90 [da:20:97:93:05:7c]
RSSI: -89 [da:20:97:a1:05:ac]
RSSI: -90 [da:1d:fc:99:15:3e]
RSSI: -89 [da:20:97:ad:05:cc]
RSSI: -94 [da:20:97:f2:06:ac]
RSSI: -93 [da:1d:fc:f3:16:3e]
RSSI: -89 [da:20:98:1b:07:2c]
RSSI: -91 [da:20:98:28:07:4c]
RSSI: -88 [da:20:98:28:07:4c]
RSSI: -93 [da:20:98:44:07:ac]
RSSI: -86 [da:20:98:51:07:dc]
RSSI: -89 [da:20:98:5f:07:fc]
RSSI: -90 [da:1d:fd:5d:01:0e]
RSSI: -83 [da:20:98:7a:08:5c]
RSSI: -85 [da:20:98:88:08:8c]
RSSI: -83 [da:20:98:88:08:8c]
RSSI: -84 [da:20:98:96:08:bc]
RSSI: -89 [da:1d:fd:92:01:9e]
RSSI: -86 [da:20:98:b1:09:0c]
RSSI: -92 [da:1a:f4:95:01:0a]
RSSI: -88 [da:20:98:cc:09:5c]
RSSI: -89 [da:20:98:cc:09:5c]
RSSI: -94 [da:1d:fd:cb:02:4e]
RSSI: -87 [da:20:98:da:09:8c]
RSSI: -88 [da:20:98:f4:09:ec]
RSSI: -87 [da:20:98:f4:09:ec]
RSSI: -86 [da:20:99:03:0a:1c]
RSSI: -87 [da:20:99:03:0a:1c]
RSSI: -86 [da:20:99:1d:0a:6c]
RSSI: -90 [da:20:99:1d:0a:6c]
RSSI: -83 [da:20:99:2c:0a:9c]
RSSI: -84 [da:20:99:2c:0a:9c]
RSSI: -87 [da:1d:fe:28:03:5e]
RSSI: -86 [da:1d:fe:34:03:7e]
RSSI: -80 [da:20:99:46:0a:ec]
RSSI: -85 [da:1d:fe:41:03:9e]
RSSI: -82 [da:20:99:55:0b:1c]
RSSI: -81 [da:20:99:55:0b:1c]
RSSI: -78 [da:20:99:55:0b:1c]
RSSI: -81 [da:20:99:63:0b:4c]
RSSI: -80 [da:20:99:63:0b:4c]
RSSI: -87 [da:1d:fe:5a:03:ee]
RSSI: -88 [da:1d:fe:67:04:0e]
RSSI: -78 [da:20:99:6f:0b:6c]
RSSI: -80 [da:20:99:7e:0b:9c]
RSSI: -87 [da:1d:fe:74:04:2e]
RSSI: -82 [da:20:99:7e:0b:9c]
RSSI: -86 [da:1d:fe:74:04:2e]
RSSI: -91 [da:1d:fe:8d:04:7e]
RSSI: -81 [da:20:99:98:0b:fc]
RSSI: -87 [da:1d:fe:9a:04:9e]
RSSI: -77 [da:20:99:a7:0c:2c]
RSSI: -79 [da:20:99:b5:0c:4c]
RSSI: -76 [da:20:99:b5:0c:4c]
RSSI: -86 [da:1d:fe:b3:04:ee]
RSSI: -77 [da:20:99:c1:0c:7c]
RSSI: -80 [da:20:99:c1:0c:7c]
RSSI: -90 [da:1d:fe:c0:05:1e]
RSSI: -77 [da:20:99:d0:0c:ac]
RSSI: -80 [da:20:99:de:0c:dc]
RSSI: -78 [da:20:99:de:0c:dc]
RSSI: -87 [da:1d:fe:d9:05:5e]
RSSI: -88 [da:1d:fe:d9:05:5e]
RSSI: -82 [da:20:99:ea:0c:fc]
RSSI: -90 [da:1d:fe:e6:05:7e]
RSSI: -79 [da:20:99:f9:0d:2c]
RSSI: -89 [da:1d:fe:f3:05:ae]
RSSI: -81 [da:20:9a:07:0d:5c]
RSSI: -87 [da:1d:ff:00:05:ce]
RSSI: -88 [da:1d:ff:00:05:ce]
RSSI: -86 [da:20:9a:13:0d:7c]
RSSI: -90 [da:20:9a:13:0d:7c]
RSSI: -87 [da:20:9a:22:0d:ac]
RSSI: -87 [da:20:9a:30:0d:dc]
RSSI: -88 [da:1d:ff:26:06:3e]
RSSI: -89 [da:1a:f6:11:05:4a]
RSSI: -90 [da:1a:f6:1e:05:6a]
RSSI: -89 [da:20:9a:4b:0e:2c]
RSSI: -90 [da:1a:f6:2e:05:9a]
RSSI: -88 [da:1a:f6:2e:05:9a]
RSSI: -89 [da:20:9a:59:0e:5c]
RSSI: -84 [da:1a:f6:3d:05:ca]
RSSI: -92 [da:1d:ff:59:06:ce]
RSSI: -97 [da:20:9a:66:0e:8c]
RSSI: -84 [da:1a:f6:4a:05:ea]
RSSI: -90 [da:20:9a:74:0e:bc]
RSSI: -85 [da:1a:f6:59:06:1a]
RSSI: -86 [da:1a:f6:59:06:1a]
RSSI: -87 [da:20:9a:82:0e:dc]
RSSI: -88 [da:20:9a:82:0e:dc]
RSSI: -85 [da:1a:f6:69:06:4a]
RSSI: -84 [da:1a:f6:69:06:4a]
RSSI: -85 [da:1a:f6:76:06:6a]
RSSI: -88 [da:20:9a:9d:0f:3c]
RSSI: -81 [da:1a:f6:85:06:9a]
RSSI: -81 [da:1a:f6:85:06:9a]
RSSI: -89 [da:20:9a:ab:0f:6c]
RSSI: -86 [da:1a:f6:95:06:ca]
RSSI: -84 [da:20:9a:b8:0f:8c]
RSSI: -89 [da:1a:f6:a1:06:ea]
RSSI: -94 [da:1d:ff:b2:07:ce]
RSSI: -88 [da:1a:f6:b1:07:1a]
RSSI: -89 [da:1a:f6:cd:07:5a]
RSSI: -92 [da:20:9a:ef:10:3c]
RSSI: -85 [da:1a:f6:cd:07:5a]
RSSI: -86 [da:20:9a:ef:10:3c]
RSSI: -92 [da:1a:f6:dd:07:8a]
RSSI: -89 [da:1a:f6:dd:07:8a]
RSSI: -86 [da:20:9b:26:10:ec]
RSSI: -83 [da:20:9b:33:11:1c]
RSSI: -93 [da:1e:00:24:09:1e]
RSSI: -79 [da:20:9b:33:11:1c]
RSSI: -87 [da:1e:00:31:09:4e]
RSSI: -77 [da:20:9b:41:11:4c]
RSSI: -80 [da:20:9b:41:11:4c]
RSSI: -77 [da:20:9b:50:11:7c]
RSSI: -88 [da:1e:00:3e:09:6e]
RSSI: -75 [da:20:9b:50:11:7c]
RSSI: -85 [da:1e:00:4b:09:8e]
RSSI: -80 [da:20:9b:5c:11:9c]
RSSI: -89 [da:1e:00:4b:09:8e]
RSSI: -78 [da:20:9b:5c:11:9c]
RSSI: -85 [da:1e:00:57:09:be]
RSSI: -90 [da:1e:00:64:09:de]
RSSI: -82 [da:20:9b:6b:11:cc]
RSSI: -90 [da:1e:00:64:09:de]
RSSI: -79 [da:20:9b:79:11:fc]
RSSI: -83 [da:20:9b:85:12:1c]
RSSI: -93 [da:1e:00:8b:0a:4e]
RSSI: -78 [da:20:9b:94:12:4c]
RSSI: -93 [da:1e:00:8b:0a:4e]
RSSI: -77 [da:20:9b:94:12:4c]
RSSI: -81 [da:20:9b:a2:12:7c]
RSSI: -87 [da:1e:00:97:0a:6e]
RSSI: -74 [da:20:9b:a2:12:7c]
RSSI: -87 [da:1e:00:97:0a:6e]
RSSI: -72 [da:20:9b:af:12:ac]
RSSI: -76 [da:20:9b:af:12:ac]
RSSI: -70 [da:20:9b:bd:12:dc]
RSSI: -68 [da:20:9b:bd:12:dc]
RSSI: -81 [da:1e:00:bd:0a:de]
RSSI: -68 [da:20:9b:cc:12:fc]
RSSI: -82 [da:1e:00:bd:0a:de]
RSSI: -82 [da:1e:00:ca:0b:0e]
RSSI: -77 [da:1e:00:ca:0b:0e]
RSSI: -66 [da:20:9b:d8:13:2c]
RSSI: -81 [da:1e:00:d7:0b:2e]
RSSI: -75 [da:1e:00:e4:0b:4e]
RSSI: -67 [da:20:9b:f5:13:8c]
RSSI: -77 [da:1e:00:f1:0b:7e]
RSSI: -74 [da:1e:00:f1:0b:7e]
RSSI: -66 [da:20:9c:01:13:ac]
RSSI: -69 [da:20:9c:01:13:ac]
RSSI: -76 [da:1e:00:fd:0b:9e]
RSSI: -76 [da:1e:00:fd:0b:9e]
RSSI: -67 [da:20:9c:10:13:dc]
RSSI: -74 [da:1e:01:0a:0b:ce]
RSSI: -75 [da:1e:01:17:0b:ee]
RSSI: -65 [da:20:9c:1e:14:0c]
RSSI: -73 [da:1e:01:17:0b:ee]
RSSI: -66 [da:20:9c:2b:14:2c]
RSSI: -76 [da:1e:01:24:0c:0e]
RSSI: -75 [da:1e:01:24:0c:0e]
RSSI: -73 [da:1e:01:30:0c:3e]
RSSI: -66 [da:20:9c:39:14:5c]
RSSI: -75 [da:1e:01:30:0c:3e]
RSSI: -76 [da:1e:01:3d:0c:5e]
RSSI: -65 [da:20:9c:47:14:8c]
RSSI: -73 [da:1e:01:3d:0c:5e]
RSSI: -67 [da:20:9c:54:14:bc]
RSSI: -66 [da:20:9c:54:14:bc]
RSSI: -73 [da:1e:01:57:0c:ae]
RSSI: -70 [da:20:9c:62:14:dc]
RSSI: -77 [da:1e:01:57:0c:ae]
RSSI: -69 [da:20:9c:62:14:dc]
RSSI: -77 [da:1e:01:64:0c:ce]
RSSI: -74 [da:1e:01:64:0c:ce]
RSSI: -73 [da:20:9c:71:15:0c]
RSSI: -73 [da:1e:01:7d:0d:1e]
RSSI: -77 [da:20:9c:8c:15:5c]
RSSI: -78 [da:1e:01:7d:0d:1e]
RSSI: -78 [da:20:9c:8c:15:5c]
RSSI: -77 [da:1e:01:8a:0d:3e]
RSSI: -73 [da:1e:01:8a:0d:3e]
RSSI: -78 [da:1e:01:97:0d:5e]
RSSI: -78 [da:1e:01:97:0d:5e]
RSSI: -76 [da:1e:01:a4:0d:8e]
RSSI: -80 [da:20:9c:b5:15:ec]
RSSI: -79 [da:1e:01:a4:0d:8e]
RSSI: -79 [da:20:9c:b5:15:ec]
RSSI: -80 [da:1e:01:b1:0d:ae]
RSSI: -78 [da:20:9c:b5:15:ec]
RSSI: -79 [da:1e:01:b1:0d:ae]
RSSI: -76 [da:20:9c:c3:16:0c]
RSSI: -76 [da:20:9c:c3:16:0c]
RSSI: -82 [da:1e:01:bd:0d:ce]
RSSI: -85 [da:1e:01:bd:0d:ce]
RSSI: -76 [da:20:9c:d0:16:3c]
RSSI: -83 [da:1e:01:ca:0d:fe]
RSSI: -75 [da:20:9c:d0:16:3c]
RSSI: -85 [da:1e:01:ca:0d:fe]
RSSI: -76 [da:20:9c:de:16:6c]
RSSI: -78 [da:20:9c:ec:00:0c]
RSSI: -86 [da:1e:01:e4:0e:3e]
RSSI: -80 [da:20:9c:f9:00:2c]
RSSI: -89 [da:1e:01:f1:0e:6e]
RSSI: -81 [da:20:9c:f9:00:2c]
RSSI: -80 [da:20:9c:f9:00:2c]
RSSI: -86 [da:1e:02:17:0e:de]
RSSI: -83 [da:20:9d:23:00:ac]
RSSI: -86 [da:1e:02:17:0e:de]
RSSI: -84 [da:1e:02:24:0e:fe]
RSSI: -86 [da:1e:02:24:0e:fe]
RSSI: -80 [da:20:9d:31:00:dc]
RSSI: -85 [da:1e:02:31:0f:1e]
RSSI: -81 [da:20:9d:3f:01:0c]
RSSI: -79 [da:20:9d:3f:01:0c]
RSSI: -83 [da:1e:02:31:0f:1e]
RSSI: -79 [da:20:9d:3f:01:0c]
RSSI: -86 [da:1e:02:3e:0f:4e]
RSSI: -80 [da:20:9d:4c:01:2c]
RSSI: -84 [da:1e:02:3e:0f:4e]
RSSI: -78 [da:20:9d:4c:01:2c]
RSSI: -84 [da:1e:02:4b:0f:6e]
RSSI: -86 [da:1e:02:4b:0f:6e]
RSSI: -78 [da:20:9d:5a:01:5c]
RSSI: -85 [da:1e:02:57:0f:9e]
RSSI: -80 [da:20:9d:5a:01:5c]
RSSI: -85 [da:1e:02:57:0f:9e]
RSSI: -80 [da:20:9d:69:01:8c]
RSSI: -85 [da:1e:02:57:0f:9e]
RSSI: -79 [da:20:9d:69:01:8c]
RSSI: -78 [da:20:9d:69:01:8c]
RSSI: -81 [da:20:9d:75:01:bc]
RSSI: -86 [da:1e:02:64:0f:be]
RSSI: -79 [da:20:9d:75:01:bc]
RSSI: -86 [da:1e:02:71:0f:de]
RSSI: -86 [da:1e:02:71:0f:de]
RSSI: -86 [da:1e:02:7e:10:0e]
RSSI: -80 [da:20:9d:84:01:ec]
RSSI: -86 [da:1e:02:7e:10:0e]
RSSI: -88 [da:1e:02:7e:10:0e]
RSSI: -87 [da:1e:02:7e:10:0e]
RSSI: -76 [da:20:9d:92:02:0c]
RSSI: -86 [da:1e:02:8b:10:2e]
RSSI: -85 [da:1e:02:8b:10:2e]
RSSI: -76 [da:20:9d:9f:02:3c]
RSSI: -85 [da:1e:02:98:10:4e]
RSSI: -85 [da:1e:02:a4:10:7e]
RSSI: -79 [da:20:9d:ad:02:6c]
RSSI: -84 [da:1e:02:a4:10:7e]
RSSI: -86 [da:1e:02:a4:10:7e]
RSSI: -78 [da:20:9d:ad:02:6c]
RSSI: -86 [da:1e:02:a4:10:7e]
RSSI: -78 [da:20:9d:bb:02:9c]
RSSI: -85 [da:1e:02:b1:10:9e]
RSSI: -81 [da:20:9d:bb:02:9c]
RSSI: -85 [da:1e:02:b1:10:9e]
RSSI: -77 [da:20:9d:c8:02:bc]
RSSI: -84 [da:20:9d:d7:02:ec]
RSSI: -85 [da:1e:02:cb:10:ee]
RSSI: -79 [da:20:9d:d7:02:ec]
RSSI: -85 [da:1e:02:cb:10:ee]
RSSI: -85 [da:1e:02:d8:11:0e]
RSSI: -85 [da:20:9d:e5:03:1c]
RSSI: -85 [da:1e:02:d8:11:0e]
RSSI: -86 [da:1e:02:e5:11:2e]
RSSI: -85 [da:1e:02:e5:11:2e]
RSSI: -87 [da:1e:02:f2:11:4e]
RSSI: -87 [da:1e:02:fe:11:7e]
RSSI: -87 [da:1e:02:fe:11:7e]
RSSI: -88 [da:1e:03:0b:11:9e]
RSSI: -86 [da:1e:03:0b:11:9e]
RSSI: -82 [da:20:9e:1b:03:cc]
RSSI: -90 [da:1e:03:18:11:be]
RSSI: -90 [da:1e:03:18:11:be]
RSSI: -88 [da:20:9e:29:03:ec]
RSSI: -82 [da:20:9e:29:03:ec]
RSSI: -90 [da:20:9e:38:04:1c]
RSSI: -90 [da:1e:03:25:11:ee]
RSSI: -87 [da:20:9e:38:04:1c]
RSSI: -88 [da:1e:03:32:12:0e]
RSSI: -85 [da:1e:03:32:12:0e]
RSSI: -89 [da:1e:03:3f:12:2e]
RSSI: -88 [da:1e:03:3f:12:2e]
RSSI: -87 [da:20:9e:53:04:7c]
RSSI: -91 [da:1e:03:58:12:7e]
RSSI: -94 [da:1e:03:65:12:ae]
RSSI: -90 [da:20:9e:6e:04:cc]
RSSI: -92 [da:1e:03:8c:13:1e]
RSSI: -93 [da:20:9e:97:05:4c]
RSSI: -89 [da:1e:03:8c:13:1e]
RSSI: -91 [da:1e:03:99:13:3e]
RSSI: -81 [da:20:9e:b4:05:ac]
RSSI: -87 [da:1e:03:a6:13:6e]
RSSI: -89 [da:20:9e:c1:05:dc]
RSSI: -83 [da:20:9e:c1:05:dc]
RSSI: -87 [da:20:9e:cf:05:fc]
RSSI: -89 [da:20:9e:cf:05:fc]
RSSI: -88 [da:1e:03:cc:13:ce]
RSSI: -87 [da:20:9e:de:06:2c]
RSSI: -87 [da:20:9e:ea:06:5c]
RSSI: -90 [da:1e:03:f3:14:3e]
RSSI: -92 [da:20:9f:23:07:0c]
RSSI: -94 [da:20:9f:31:07:3c]
RSSI: -91 [da:20:9f:5b:07:bc]
RSSI: -88 [da:20:9f:67:07:ec]
RSSI: -86 [da:20:9f:67:07:ec]
RSSI: -85 [da:20:9f:76:08:1c]
RSSI: -84 [da:20:9f:76:08:1c]
RSSI: -82 [da:20:9f:84:08:4c]
RSSI: -82 [da:20:9f:84:08:4c]
RSSI: -81 [da:20:9f:91:08:6c]
RSSI: -81 [da:20:9f:91:08:6c]
RSSI: -82 [da:20:9f:9f:08:9c]
RSSI: -81 [da:20:9f:9f:08:9c]
RSSI: -80 [da:20:9f:ae:08:cc]
RSSI: -83 [da:20:9f:ba:08:ec]
RSSI: -81 [da:20:9f:ba:08:ec]
RSSI: -88 [da:20:9f:c9:09:1c]
RSSI: -88 [da:20:9f:c9:09:1c]
RSSI: -90 [da:20:9f:d7:09:4c]
RSSI: -84 [da:20:9f:e4:09:7c]
RSSI: -91 [da:20:a0:01:09:cc]
RSSI: -87 [da:20:a0:01:09:cc]
RSSI: -81 [da:20:a0:0e:09:fc]
RSSI: -90 [da:1e:05:02:01:0e]
RSSI: -86 [da:20:a0:1c:0a:2c]
RSSI: -80 [da:20:a0:1c:0a:2c]
RSSI: -85 [da:20:a0:2b:0a:5c]
RSSI: -87 [da:20:a0:37:0a:7c]
RSSI: -85 [da:20:a0:46:0a:ac]
RSSI: -86 [da:20:a0:46:0a:ac]
RSSI: -79 [da:20:a0:54:0a:dc]
RSSI: -78 [da:20:a0:61:0b:0c]
RSSI: -78 [da:20:a0:61:0b:0c]
RSSI: -77 [da:20:a0:61:0b:0c]
RSSI: -78 [da:20:a0:6f:0b:3c]
RSSI: -77 [da:20:a0:7e:0b:6c]
RSSI: -78 [da:20:a0:7e:0b:6c]
RSSI: -78 [da:20:a0:8b:0b:8c]
RSSI: -80 [da:20:a0:99:0b:bc]
RSSI: -80 [da:20:a0:99:0b:bc]
RSSI: -77 [da:20:a0:a8:0b:ec]
RSSI: -77 [da:20:a0:a8:0b:ec]
RSSI: -78 [da:20:a0:b4:0c:1c]
RSSI: -77 [da:20:a0:b4:0c:1c]
RSSI: -77 [da:20:a0:c3:0c:4c]
RSSI: -90 [da:1e:05:b7:03:0e]
RSSI: -75 [da:20:a0:c3:0c:4c]
RSSI: -89 [da:1e:05:b7:03:0e]
RSSI: -91 [da:1e:05:c4:03:3e]
RSSI: -79 [da:20:a0:d1:0c:6c]
RSSI: -89 [da:1e:05:c4:03:3e]
RSSI: -95 [da:1a:fc:b9:02:2a]
RSSI: -86 [da:1e:05:d1:03:5e]
RSSI: -87 [da:1e:05:d1:03:5e]
RSSI: -81 [da:20:a0:de:0c:9c]
RSSI: -86 [da:1e:05:de:03:7e]
RSSI: -86 [da:1e:05:de:03:7e]
RSSI: -80 [da:20:a0:ed:0c:cc]
RSSI: -86 [da:1e:05:de:03:7e]
RSSI: -84 [da:20:a0:fb:0c:fc]
RSSI: -87 [da:1e:05:eb:03:ae]
RSSI: -82 [da:20:a0:fb:0c:fc]
RSSI: -86 [da:1e:05:f8:03:ce]
RSSI: -86 [da:1e:05:f8:03:ce]
RSSI: -81 [da:20:a1:08:0d:1c]
RSSI: -87 [da:1e:06:05:03:ee]
RSSI: -81 [da:20:a1:08:0d:1c]
RSSI: -85 [da:1e:06:05:03:ee]
RSSI: -80 [da:20:a1:16:0d:4c]
RSSI: -80 [da:20:a1:16:0d:4c]
RSSI: -88 [da:1e:06:12:04:0e]
RSSI: -80 [da:20:a1:25:0d:7c]
RSSI: -88 [da:1e:06:12:04:0e]
RSSI: -77 [da:20:a1:25:0d:7c]
RSSI: -88 [da:1e:06:1f:04:3e]
RSSI: -86 [da:20:a1:32:0d:ac]
RSSI: -87 [da:1e:06:2c:04:5e]
RSSI: -88 [da:1e:06:2c:04:5e]
RSSI: -78 [da:20:a1:40:0d:dc]
RSSI: -85 [da:20:a1:5b:0e:2c]
RSSI: -82 [da:20:a1:5b:0e:2c]
RSSI: -95 [da:1a:fd:4f:03:ca]
RSSI: -87 [da:1e:06:6d:05:1e]
RSSI: -83 [da:20:a1:85:0e:bc]
RSSI: -88 [da:1e:06:79:05:3e]
RSSI: -87 [da:1e:06:87:05:6e]
RSSI: -83 [da:20:a1:94:0e:ec]
RSSI: -89 [da:20:a1:94:0e:ec]
RSSI: -90 [da:1e:06:94:05:8e]
RSSI: -81 [da:20:a1:a2:0f:1c]
RSSI: -88 [da:1e:06:a0:05:be]
RSSI: -88 [da:20:a1:af:0f:3c]
RSSI: -91 [da:1a:fd:98:04:9a]
RSSI: -85 [da:1e:06:ae:05:de]
RSSI: -88 [da:1e:06:bb:05:fe]
RSSI: -88 [da:1a:fd:b4:04:ea]
RSSI: -89 [da:1a:fd:b4:04:ea]
RSSI: -90 [da:20:a1:d9:0f:cc]
RSSI: -88 [da:1e:06:d5:06:4e]
RSSI: -89 [da:1e:06:d5:06:4e]
RSSI: -90 [da:20:a1:f6:10:1c]
RSSI: -84 [da:1a:fd:e1:05:6a]
RSSI: -89 [da:20:a2:02:10:4c]
RSSI: -89 [da:1a:fd:e1:05:6a]
RSSI: -87 [da:1a:fe:0d:05:ea]
RSSI: -86 [da:1a:fe:0d:05:ea]
RSSI: -80 [da:20:a2:3b:10:fc]
RSSI: -87 [da:20:a2:4a:11:2c]
RSSI: -86 [da:1a:fe:3a:06:6a]
RSSI: -83 [da:20:a2:56:11:4c]
RSSI: -84 [da:1a:fe:3a:06:6a]
RSSI: -84 [da:20:a2:65:11:7c]
RSSI: -88 [da:1a:fe:4a:06:9a]
RSSI: -83 [da:20:a2:73:11:ac]
RSSI: -88 [da:1a:fe:5a:06:ca]
RSSI: -85 [da:20:a2:80:11:dc]
RSSI: -84 [da:20:a2:80:11:dc]
RSSI: -88 [da:1a:fe:66:06:ea]
RSSI: -83 [da:20:a2:8f:12:0c]
RSSI: -90 [da:1a:fe:76:07:1a]
RSSI: -78 [da:20:a2:9d:12:3c]
RSSI: -80 [da:20:a2:9d:12:3c]
RSSI: -95 [da:1a:fe:86:07:4a]
RSSI: -78 [da:20:a2:aa:12:5c]
RSSI: -74 [da:20:a2:b9:12:8c]
RSSI: -73 [da:20:a2:c7:12:bc]
RSSI: -71 [da:20:a2:c7:12:bc]
RSSI: -70 [da:20:a2:d4:12:dc]
RSSI: -72 [da:20:a2:d4:12:dc]
RSSI: -69 [da:20:a2:e3:13:0c]
RSSI: -68 [da:20:a2:e3:13:0c]
RSSI: -70 [da:20:a2:f1:13:3c]
RSSI: -67 [da:20:a2:f1:13:3c]
RSSI: -93 [da:1e:07:f3:09:8e]
RSSI: -67 [da:20:a2:fe:13:6c]
RSSI: -85 [da:1e:08:00:09:ae]
RSSI: -85 [da:1e:08:00:09:ae]
RSSI: -65 [da:20:a3:0c:13:9c]
RSSI: -92 [da:1e:08:0d:09:de]
RSSI: -63 [da:20:a3:1b:13:bc]
RSSI: -91 [da:1a:fe:fc:08:9a]
RSSI: -64 [da:20:a3:28:13:ec]
RSSI: -94 [da:1a:ff:0c:08:ca]
RSSI: -62 [da:20:a3:28:13:ec]
RSSI: -62 [da:20:a3:28:13:ec]
RSSI: -86 [da:1e:08:27:0a:1e]
RSSI: -64 [da:20:a3:36:14:1c]
RSSI: -89 [da:1e:08:34:0a:4e]
RSSI: -63 [da:20:a3:45:14:4c]
RSSI: -63 [da:20:a3:45:14:4c]
RSSI: -63 [da:20:a3:52:14:6c]
RSSI: -85 [da:1e:08:4e:0a:9e]
RSSI: -63 [da:20:a3:60:14:9c]
RSSI: -84 [da:1e:08:5b:0a:be]
RSSI: -62 [da:20:a3:60:14:9c]
RSSI: -64 [da:20:a3:6f:14:cc]
RSSI: -82 [da:1e:08:68:0a:ee]
RSSI: -63 [da:20:a3:6f:14:cc]
RSSI: -82 [da:1e:08:68:0a:ee]
RSSI: -62 [da:20:a3:7c:14:fc]
RSSI: -64 [da:20:a3:7c:14:fc]
RSSI: -76 [da:1e:08:75:0b:0e]
RSSI: -64 [da:20:a3:8a:15:2c]
RSSI: -78 [da:1e:08:82:0b:2e]
RSSI: -65 [da:20:a3:8a:15:2c]
RSSI: -77 [da:1e:08:8f:0b:5e]
RSSI: -67 [da:20:a3:99:15:5c]
RSSI: -76 [da:1e:08:8f:0b:5e]
RSSI: -73 [da:20:a3:a6:15:7c]
RSSI: -77 [da:1e:08:9c:0b:7e]
RSSI: -74 [da:20:a3:a6:15:7c]
RSSI: -73 [da:20:a3:a6:15:7c]
RSSI: -76 [da:1e:08:9c:0b:7e]
RSSI: -78 [da:1e:08:a9:0b:ae]
RSSI: -75 [da:20:a3:b4:15:ac]
RSSI: -78 [da:1e:08:a9:0b:ae]
RSSI: -84 [da:20:a3:b4:15:ac]
RSSI: -77 [da:1e:08:b7:0b:ce]
RSSI: -82 [da:20:a3:c3:15:dc]
RSSI: -80 [da:20:a3:c3:15:dc]
RSSI: -73 [da:1e:08:c3:0b:ee]
RSSI: -77 [da:1e:08:d1:0c:1e]
RSSI: -73 [da:1e:08:d1:0c:1e]
RSSI: -75 [da:20:a3:de:16:2c]
RSSI: -77 [da:1e:08:de:0c:3e]
RSSI: -73 [da:20:a3:ed:16:5c]
RSSI: -77 [da:1e:08:de:0c:3e]
RSSI: -72 [da:1e:08:ea:0c:5e]
RSSI: -73 [da:1e:08:f8:0c:8e]
RSSI: -73 [da:20:a4:08:00:2c]
RSSI: -74 [da:20:a4:08:00:2c]
RSSI: -78 [da:1e:09:05:0c:ae]
RSSI: -75 [da:20:a4:08:00:2c]
RSSI: -78 [da:1e:09:05:0c:ae]
RSSI: -73 [da:20:a4:17:00:5c]
RSSI: -76 [da:20:a4:17:00:5c]
RSSI: -73 [da:1e:09:12:0c:de]
RSSI: -80 [da:1e:09:12:0c:de]
RSSI: -80 [da:1e:09:12:0c:de]
RSSI: -76 [da:20:a4:24:00:8c]
RSSI: -78 [da:1e:09:1f:0c:fe]
RSSI: -76 [da:20:a4:24:00:8c]
RSSI: -73 [da:1e:09:1f:0c:fe]
RSSI: -79 [da:20:a4:33:00:bc]
RSSI: -79 [da:20:a4:33:00:bc]
RSSI: -81 [da:20:a4:41:00:ec]
RSSI: -81 [da:20:a4:41:00:ec]
RSSI: -80 [da:1e:09:39:0d:4e]
RSSI: -78 [da:20:a4:4e:01:0c]
RSSI: -76 [da:1e:09:46:0d:6e]
RSSI: -77 [da:20:a4:4e:01:0c]
RSSI: -75 [da:20:a4:5d:01:3c]
RSSI: -76 [da:20:a4:6b:01:6c]
RSSI: -83 [da:1e:09:60:0d:be]
RSSI: -83 [da:1e:09:6d:0d:de]
RSSI: -75 [da:20:a4:78:01:9c]
RSSI: -77 [da:20:a4:87:01:bc]
RSSI: -79 [da:20:a4:95:01:ec]
RSSI: -86 [da:1e:09:87:0e:2e]
RSSI: -79 [da:20:a4:95:01:ec]
RSSI: -85 [da:1e:09:95:0e:5e]
RSSI: -78 [da:20:a4:a2:02:1c]
RSSI: -78 [da:20:a4:a2:02:1c]
RSSI: -85 [da:1e:09:a2:0e:7e]
RSSI: -75 [da:20:a4:b1:02:4c]
RSSI: -84 [da:1e:09:af:0e:9e]
RSSI: -76 [da:20:a4:bf:02:7c]
RSSI: -75 [da:20:a4:bf:02:7c]
RSSI: -82 [da:1e:09:af:0e:9e]
RSSI: -74 [da:20:a4:bf:02:7c]
RSSI: -81 [da:1e:09:bc:0e:ce]
RSSI: -83 [da:1e:09:bc:0e:ce]
RSSI: -75 [da:20:a4:cc:02:9c]
RSSI: -73 [da:20:a4:cc:02:9c]
RSSI: -82 [da:1e:09:c9:0e:ee]
RSSI: -73 [da:20:a4:db:02:cc]
RSSI: -83 [da:1e:09:d6:0f:1e]
RSSI: -82 [da:1e:09:d6:0f:1e]
RSSI: -73 [da:20:a4:ea:02:fc]
RSSI: -85 [da:1e:09:e3:0f:3e]
RSSI: -78 [da:20:a4:ea:02:fc]
RSSI: -83 [da:1e:09:e3:0f:3e]
RSSI: -83 [da:1e:09:f1:0f:6e]
RSSI: -84 [da:1e:09:f1:0f:6e]
RSSI: -84 [da:1e:09:f1:0f:6e]
RSSI: -72 [da:20:a4:fb:03:3c]
RSSI: -82 [da:1e:09:fd:0f:8e]
RSSI: -76 [da:20:a5:0c:03:6c]
RSSI: -85 [da:1e:09:fd:0f:8e]
RSSI: -83 [da:1e:0a:0b:0f:ae]
RSSI: -81 [da:20:a5:1a:03:9c]
RSSI: -82 [da:1e:0a:0b:0f:ae]
RSSI: -79 [da:20:a5:1a:03:9c]
RSSI: -84 [da:1e:0a:18:0f:de]
RSSI: -81 [da:1e:0a:18:0f:de]
RSSI: -77 [da:20:a5:27:03:bc]
RSSI: -83 [da:1e:0a:24:0f:fe]
RSSI: -84 [da:20:a5:27:03:bc]
RSSI: -85 [da:1e:0a:24:0f:fe]
RSSI: -85 [da:20:a5:36:03:ec]
RSSI: -77 [da:20:a5:36:03:ec]
RSSI: -84 [da:1e:0a:32:10:2e]
RSSI: -88 [da:20:a5:45:04:1c]
RSSI: -85 [da:1e:0a:32:10:2e]
RSSI: -83 [da:20:a5:45:04:1c]
RSSI: -86 [da:1e:0a:3f:10:4e]
RSSI: -84 [da:1e:0a:3f:10:4e]
RSSI: -84 [da:20:a5:51:04:4c]
RSSI: -84 [da:1e:0a:4c:10:6e]
RSSI: -84 [da:20:a5:51:04:4c]
RSSI: -85 [da:1e:0a:4c:10:6e]
RSSI: -80 [da:20:a5:60:04:6c]
RSSI: -83 [da:20:a5:60:04:6c]
RSSI: -84 [da:1e:0a:59:10:9e]
RSSI: -83 [da:20:a5:6f:04:9c]
RSSI: -83 [da:20:a5:6f:04:9c]
RSSI: -83 [da:1e:0a:67:10:be]
RSSI: -84 [da:1e:0a:67:10:be]
RSSI: -83 [da:1e:0a:78:10:ee]
RSSI: -86 [da:20:a5:8a:04:fc]
RSSI: -84 [da:1e:0a:89:11:1e]
RSSI: -86 [da:1e:0a:96:11:4e]
RSSI: -85 [da:1e:0a:96:11:4e]
RSSI: -85 [da:1e:0a:a3:11:6e]
RSSI: -86 [da:20:a5:b4:05:7c]
RSSI: -85 [da:20:a5:b4:05:7c]
RSSI: -80 [da:20:a5:c3:05:ac]
RSSI: -87 [da:20:a5:c3:05:ac]
RSSI: -89 [da:1e:0a:bd:11:be]
RSSI: -77 [da:20:a5:d0:05:cc]
RSSI: -86 [da:1e:0a:ca:11:de]
RSSI: -88 [da:1e:0a:ca:11:de]
RSSI: -78 [da:20:a5:df:05:fc]
RSSI: -87 [da:1e:0a:d8:11:fe]
RSSI: -78 [da:20:a5:ed:06:2c]
RSSI: -88 [da:1e:0a:e5:12:2e]
RSSI: -80 [da:20:a5:fa:06:5c]
RSSI: -90 [da:1e:0a:f1:12:4e]
RSSI: -84 [da:20:a5:fa:06:5c]
RSSI: -90 [da:1e:0a:f1:12:4e]
RSSI: -83 [da:20:a6:09:06:8c]
RSSI: -90 [da:20:a6:24:06:dc]
RSSI: -90 [da:1e:0b:26:12:ee]
RSSI: -82 [da:20:a6:33:07:0c]
RSSI: -91 [da:1e:0b:34:13:0e]
RSSI: -87 [da:20:a6:42:07:3c]
RSSI: -92 [da:1e:0b:40:13:2e]
RSSI: -92 [da:20:a6:4f:07:6c]
RSSI: -95 [da:20:a6:5d:07:9c]
RSSI: -92 [da:1e:0b:68:13:ae]
RSSI: -84 [da:20:a6:79:07:ec]
RSSI: -90 [da:1e:0b:75:13:ce]
RSSI: -89 [da:1e:0b:75:13:ce]
RSSI: -84 [da:20:a6:88:08:1c]
RSSI: -80 [da:20:a6:88:08:1c]
RSSI: -80 [da:20:a6:97:08:4c]
RSSI: -90 [da:1e:0b:8f:14:1e]
RSSI: -82 [da:20:a6:97:08:4c]
RSSI: -79 [da:20:a6:a3:08:7c]
RSSI: -88 [da:1e:0b:9d:14:3e]
RSSI: -79 [da:20:a6:b2:08:ac]
RSSI: -79 [da:20:a6:c1:08:dc]
RSSI: -78 [da:20:a6:c1:08:dc]
RSSI: -77 [da:20:a6:cd:08:fc]
RSSI: -78 [da:20:a6:cd:08:fc]
RSSI: -78 [da:20:a6:dc:09:2c]
RSSI: -77 [da:20:a6:dc:09:2c]
RSSI: -77 [da:20:a6:dc:09:2c]
RSSI: -79 [da:20:a6:eb:09:5c]
RSSI: -79 [da:20:a6:eb:09:5c]
RSSI: -80 [da:20:a6:f8:09:8c]
RSSI: -80 [da:20:a6:f8:09:8c]
RSSI: -81 [da:20:a6:f8:09:8c]
RSSI: -78 [da:20:a7:07:09:bc]
RSSI: -82 [da:20:a7:07:09:bc]
RSSI: -84 [da:20:a7:16:09:ec]
RSSI: -85 [da:20:a7:16:09:ec]
RSSI: -80 [da:20:a7:16:09:ec]
RSSI: -86 [da:20:a7:22:0a:0c]
RSSI: -88 [da:20:a7:22:0a:0c]
RSSI: -89 [da:20:a7:31:0a:3c]
RSSI: -88 [da:20:a7:4d:0a:9c]
RSSI: -86 [da:20:a7:5b:0a:cc]
RSSI: -83 [da:20:a7:5b:0a:cc]
RSSI: -83 [da:20:a7:77:0b:2c]
RSSI: -79 [da:20:a7:86:0b:5c]
RSSI: -77 [da:20:a7:95:0b:8c]
RSSI: -80 [da:20:a7:95:0b:8c]
RSSI: -85 [da:20:a7:a1:0b:ac]
RSSI: -77 [da:20:a7:a1:0b:ac]
RSSI: -85 [da:20:a7:b0:0b:dc]
RSSI: -77 [da:20:a7:bf:0c:0c]
RSSI: -76 [da:20:a7:bf:0c:0c]
RSSI: -88 [da:1e:0c:bf:01:2e]
RSSI: -76 [da:20:a7:cc:0c:3c]
RSSI: -75 [da:20:a7:cc:0c:3c]
RSSI: -83 [da:20:a7:db:0c:6c]
RSSI: -75 [da:20:a7:db:0c:6c]
RSSI: -74 [da:20:a7:ea:0c:9c]
RSSI: -79 [da:20:a7:ea:0c:9c]
RSSI: -76 [da:20:a7:f6:0c:bc]
RSSI: -75 [da:20:a7:f6:0c:bc]
RSSI: -91 [da:1e:0c:f3:01:be]
RSSI: -78 [da:20:a8:05:0c:ec]
RSSI: -76 [da:20:a8:05:0c:ec]
RSSI: -80 [da:20:a8:14:0d:1c]
RSSI: -77 [da:20:a8:21:0d:4c]
RSSI: -80 [da:20:a8:21:0d:4c]
RSSI: -80 [da:20:a8:30:0d:7c]
RSSI: -77 [da:20:a8:30:0d:7c]
RSSI: -79 [da:20:a8:3e:0d:ac]
RSSI: -73 [da:20:a8:4b:0d:cc]
RSSI: -77 [da:20:a8:5a:0d:fc]
RSSI: -74 [da:20:a8:5a:0d:fc]
RSSI: -82 [da:20:a8:69:0e:2c]
RSSI: -81 [da:20:a8:69:0e:2c]
RSSI: -91 [da:1e:0d:6a:03:1e]
RSSI: -81 [da:20:a8:76:0e:5c]
RSSI: -90 [da:1e:0d:78:03:4e]
RSSI: -90 [da:1e:0d:78:03:4e]
RSSI: -89 [da:1e:0d:85:03:6e]
RSSI: -78 [da:20:a8:94:0e:bc]
RSSI: -78 [da:20:a8:a0:0e:dc]
RSSI: -80 [da:20:a8:a0:0e:dc]
RSSI: -87 [da:1e:0d:a0:03:be]
RSSI: -86 [da:1e:0d:a0:03:be]
RSSI: -81 [da:20:a8:af:0f:0c]
RSSI: -89 [da:1e:0d:ad:03:de]
RSSI: -85 [da:20:a8:be:0f:3c]
RSSI: -81 [da:20:a8:be:0f:3c]
RSSI: -88 [da:1e:0d:ba:03:fe]
RSSI: -86 [da:20:a8:cb:0f:6c]
RSSI: -89 [da:1e:0d:c7:04:2e]
RSSI: -87 [da:20:a8:da:0f:9c]
RSSI: -89 [da:1e:0d:d5:04:4e]
RSSI: -85 [da:20:a8:da:0f:9c]
RSSI: -82 [da:20:a8:e9:0f:cc]
RSSI: -84 [da:20:a8:f5:0f:ec]
RSSI: -80 [da:20:a8:f5:0f:ec]
RSSI: -80 [da:20:a9:04:10:1c]
RSSI: -83 [da:20:a9:13:10:4c]
RSSI: -88 [da:1e:0e:09:04:ee]
RSSI: -76 [da:20:a9:20:10:7c]
RSSI: -86 [da:1e:0e:17:05:1e]
RSSI: -81 [da:20:a9:20:10:7c]
RSSI: -90 [da:1e:0e:17:05:1e]
RSSI: -89 [da:1e:0e:24:05:3e]
RSSI: -77 [da:20:a9:2f:10:ac]
RSSI: -87 [da:1e:0e:24:05:3e]
RSSI: -74 [da:20:a9:2f:10:ac]
RSSI: -80 [da:20:a9:3e:10:dc]
RSSI: -89 [da:1e:0e:31:05:5e]
RSSI: -78 [da:20:a9:3e:10:dc]
RSSI: -89 [da:1e:0e:31:05:5e]
RSSI: -83 [da:20:a9:4a:10:fc]
RSSI: -87 [da:1e:0e:4c:05:ae]
RSSI: -75 [da:20:a9:59:11:2c]
RSSI: -86 [da:1e:0e:59:05:de]
RSSI: -89 [da:1e:0e:59:05:de]
RSSI: -84 [da:20:a9:75:11:8c]
RSSI: -88 [da:1e:0e:66:05:fe]
RSSI: -81 [da:20:a9:75:11:8c]
RSSI: -83 [da:20:a9:84:11:bc]
RSSI: -90 [da:1b:05:65:04:aa]
RSSI: -73 [da:20:a9:93:11:ec]
RSSI: -88 [da:1b:05:7f:04:fa]
RSSI: -79 [da:20:a9:a0:12:0c]
RSSI: -88 [da:1b:05:7f:04:fa]
RSSI: -79 [da:20:a9:a0:12:0c]
RSSI: -86 [da:1b:05:8b:05:1a]
RSSI: -82 [da:20:a9:af:12:3c]
RSSI: -85 [da:1b:05:8b:05:1a]
RSSI: -78 [da:20:a9:af:12:3c]
RSSI: -86 [da:1b:05:98:05:4a]
RSSI: -85 [da:1b:05:98:05:4a]
RSSI: -74 [da:20:a9:be:12:6c]
RSSI: -76 [da:20:a9:be:12:6c]
RSSI: -85 [da:1b:05:a5:05:6a]
RSSI: -76 [da:20:a9:ca:12:9c]
RSSI: -84 [da:1b:05:b2:05:8a]
RSSI: -84 [da:1b:05:b2:05:8a]
RSSI: -84 [da:1b:05:b2:05:8a]
RSSI: -85 [da:1b:05:bf:05:ba]
RSSI: -75 [da:20:a9:d9:12:cc]
RSSI: -83 [da:1b:05:bf:05:ba]
RSSI: -84 [da:1b:05:cb:05:da]
RSSI: -74 [da:20:a9:e8:12:fc]
RSSI: -83 [da:1b:05:cb:05:da]
RSSI: -75 [da:20:a9:e8:12:fc]
RSSI: -73 [da:20:a9:f5:13:1c]
RSSI: -83 [da:1b:05:e5:06:2a]
RSSI: -74 [da:20:aa:04:13:4c]
RSSI: -82 [da:1b:05:e5:06:2a]
RSSI: -83 [da:1b:05:f2:06:4a]
RSSI: -70 [da:20:aa:13:13:7c]
RSSI: -82 [da:1b:05:f2:06:4a]
RSSI: -69 [da:20:aa:13:13:7c]
RSSI: -80 [da:1b:05:fe:06:6a]
RSSI: -91 [da:1e:0f:13:07:ee]
RSSI: -67 [da:20:aa:1f:13:ac]
RSSI: -82 [da:1b:05:fe:06:6a]
RSSI: -66 [da:20:aa:1f:13:ac]
RSSI: -82 [da:1b:06:0b:06:8a]
RSSI: -79 [da:1b:06:0b:06:8a]
RSSI: -66 [da:20:aa:2e:13:dc]
RSSI: -65 [da:20:aa:2e:13:dc]
RSSI: -82 [da:1b:06:18:06:aa]
RSSI: -64 [da:20:aa:2e:13:dc]
RSSI: -83 [da:1b:06:18:06:aa]
RSSI: -63 [da:20:aa:3d:14:0c]
RSSI: -65 [da:20:aa:3d:14:0c]
RSSI: -80 [da:1b:06:25:06:da]
RSSI: -82 [da:1b:06:25:06:da]
RSSI: -61 [da:20:aa:4a:14:2c]
RSSI: -83 [da:1b:06:32:06:fa]
RSSI: -61 [da:20:aa:4a:14:2c]
RSSI: -82 [da:1b:06:32:06:fa]
RSSI: -84 [da:1b:06:3e:07:1a]
RSSI: -61 [da:20:aa:59:14:5c]
RSSI: -84 [da:1b:06:3e:07:1a]
RSSI: -61 [da:20:aa:59:14:5c]
RSSI: -64 [da:20:aa:68:14:8c]
RSSI: -84 [da:1b:06:4b:07:4a]
RSSI: -61 [da:20:aa:68:14:8c]
RSSI: -86 [da:1b:06:4b:07:4a]
RSSI: -92 [da:1e:0f:63:08:de]
RSSI: -86 [da:1b:06:58:07:6a]
RSSI: -85 [da:1b:06:58:07:6a]
RSSI: -60 [da:20:aa:84:14:ec]
RSSI: -92 [da:1e:0f:7d:09:1e]
RSSI: -89 [da:1e:0f:7d:09:1e]
RSSI: -62 [da:20:aa:93:15:1c]
RSSI: -91 [da:1b:06:7e:07:da]
RSSI: -88 [da:1e:0f:8b:09:4e]
RSSI: -63 [da:20:aa:9f:15:3c]
RSSI: -86 [da:1e:0f:97:09:6e]
RSSI: -63 [da:20:aa:9f:15:3c]
RSSI: -88 [da:1e:0f:97:09:6e]
RSSI: -62 [da:20:aa:af:15:6c]
RSSI: -65 [da:20:aa:af:15:6c]
RSSI: -66 [da:20:aa:bd:15:9c]
RSSI: -65 [da:20:aa:bd:15:9c]
RSSI: -93 [da:1b:06:a5:08:4a]
RSSI: -94 [da:1b:06:b2:08:6a]
RSSI: -88 [da:1e:0f:bf:09:de]
RSSI: -70 [da:20:aa:ca:15:cc]
RSSI: -75 [da:20:aa:d9:15:fc]
RSSI: -91 [da:1b:06:be:08:8a]
RSSI: -77 [da:20:aa:d9:15:fc]
RSSI: -83 [da:1e:0f:db:0a:2e]
RSSI: -80 [da:20:aa:e8:16:1c]
RSSI: -76 [da:20:aa:f5:16:4c]
RSSI: -81 [da:1e:0f:e7:0a:5e]
RSSI: -73 [da:20:aa:f5:16:4c]
RSSI: -80 [da:1e:0f:f5:0a:7e]
RSSI: -71 [da:20:ab:04:16:7c]
RSSI: -79 [da:1e:10:03:0a:ae]
RSSI: -68 [da:20:ab:13:00:2c]
RSSI: -78 [da:1e:10:0f:0a:ce]
RSSI: -68 [da:20:ab:20:00:5c]
RSSI: -76 [da:1e:10:0f:0a:ce]
RSSI: -69 [da:20:ab:20:00:5c]
RSSI: -74 [da:1e:10:1d:0a:fe]
RSSI: -75 [da:1e:10:1d:0a:fe]
RSSI: -75 [da:1e:10:2b:0b:1e]
RSSI: -71 [da:20:ab:2f:00:8c]
RSSI: -75 [da:1e:10:2b:0b:1e]
RSSI: -74 [da:1e:10:2b:0b:1e]
RSSI: -73 [da:20:ab:3e:00:bc]
RSSI: -74 [da:20:ab:3e:00:bc]
RSSI: -75 [da:1e:10:37:0b:3e]
RSSI: -74 [da:20:ab:3e:00:bc]
RSSI: -76 [da:1e:10:37:0b:3e]
RSSI: -76 [da:1e:10:37:0b:3e]
RSSI: -79 [da:20:ab:4a:00:dc]
RSSI: -76 [da:1e:10:45:0b:6e]
RSSI: -76 [da:1e:10:45:0b:6e]
RSSI: -79 [da:20:ab:5a:01:0c]
RSSI: -77 [da:1e:10:53:0b:8e]
RSSI: -79 [da:20:ab:5a:01:0c]
RSSI: -78 [da:20:ab:5a:01:0c]
RSSI: -74 [da:1e:10:53:0b:8e]
RSSI: -77 [da:20:ab:75:01:6c]
RSSI: -77 [da:1e:10:6d:0b:de]
RSSI: -73 [da:1e:10:7b:0c:0e]
RSSI: -74 [da:20:ab:84:01:9c]
RSSI: -79 [da:1e:10:95:0c:5e]
RSSI: -77 [da:20:ab:a0:01:ec]
RSSI: -75 [da:1e:10:95:0c:5e]
RSSI: -76 [da:20:ab:a0:01:ec]
RSSI: -69 [da:1e:10:a3:0c:7e]
RSSI: -79 [da:20:ab:af:02:2c]
RSSI: -72 [da:1e:10:af:0c:9e]
RSSI: -75 [da:20:ab:be:02:5c]
RSSI: -73 [da:1e:10:bd:0c:ce]
RSSI: -75 [da:20:ab:cb:02:7c]
RSSI: -72 [da:1e:10:bd:0c:ce]
RSSI: -70 [da:1e:10:cb:0c:fe]
RSSI: -73 [da:1e:10:cb:0c:fe]
RSSI: -76 [da:20:ab:da:02:ac]
RSSI: -73 [da:1e:10:d7:0d:1e]
RSSI: -74 [da:20:ab:da:02:ac]
RSSI: -72 [da:1e:10:d7:0d:1e]
RSSI: -75 [da:20:ab:e9:02:dc]
RSSI: -76 [da:1e:10:e5:0d:3e]
RSSI: -75 [da:20:ab:f6:03:0c]
RSSI: -75 [da:20:ab:f6:03:0c]
RSSI: -77 [da:1e:10:f3:0d:6e]
RSSI: -77 [da:1e:10:f3:0d:6e]
RSSI: -75 [da:20:ac:05:03:3c]
RSSI: -77 [da:1e:10:ff:0d:8e]
RSSI: -75 [da:1e:10:ff:0d:8e]
RSSI: -75 [da:1e:10:ff:0d:8e]
RSSI: -80 [da:20:ac:14:03:6c]
RSSI: -78 [da:1e:11:0d:0d:be]
RSSI: -72 [da:20:ac:20:03:8c]
RSSI: -72 [da:20:ac:30:03:bc]
RSSI: -82 [da:1e:11:27:0e:0e]
RSSI: -79 [da:20:ac:3f:03:ec]
RSSI: -82 [da:1e:11:35:0e:2e]
RSSI: -85 [da:1e:11:43:0e:5e]
RSSI: -82 [da:1e:11:4f:0e:7e]
RSSI: -74 [da:20:ac:5b:04:4c]
RSSI: -83 [da:1e:11:4f:0e:7e]
RSSI: -78 [da:20:ac:6a:04:7c]
RSSI: -80 [da:1e:11:5d:0e:ae]
RSSI: -74 [da:20:ac:6a:04:7c]
RSSI: -81 [da:1e:11:6b:0e:ce]
RSSI: -81 [da:20:ac:76:04:9c]
RSSI: -82 [da:1e:11:6b:0e:ce]
RSSI: -78 [da:20:ac:76:04:9c]
RSSI: -79 [da:1e:11:77:0e:ee]
RSSI: -82 [da:20:ac:85:04:cc]
RSSI: -82 [da:1e:11:77:0e:ee]
RSSI: -80 [da:20:ac:85:04:cc]
RSSI: -82 [da:1e:11:85:0f:1e]
RSSI: -84 [da:20:ac:94:04:fc]
RSSI: -80 [da:1e:11:85:0f:1e]
RSSI: -86 [da:20:ac:94:04:fc]
RSSI: -82 [da:1e:11:93:0f:3e]
RSSI: -84 [da:1e:11:93:0f:3e]
RSSI: -90 [da:20:ac:a1:05:2c]
RSSI: -91 [da:20:ac:a1:05:2c]
RSSI: -84 [da:1e:11:a0:0f:6e]
RSSI: -91 [da:20:ac:b0:05:5c]
RSSI: -89 [da:20:ac:b0:05:5c]
RSSI: -83 [da:1e:11:ad:0f:8e]
RSSI: -88 [da:20:ac:bf:05:8c]
RSSI: -82 [da:1e:11:bb:0f:ae]
RSSI: -82 [da:1e:11:bb:0f:ae]
RSSI: -83 [da:20:ac:cc:05:ac]
RSSI: -84 [da:1e:11:c8:0f:de]
RSSI: -82 [da:1e:11:c8:0f:de]
RSSI: -83 [da:20:ac:db:05:dc]
RSSI: -81 [da:1e:11:d5:0f:fe]
RSSI: -77 [da:20:ac:db:05:dc]
RSSI: -84 [da:1e:11:d5:0f:fe]
RSSI: -87 [da:20:ac:ea:06:0c]
RSSI: -80 [da:20:ac:ea:06:0c]
RSSI: -83 [da:1e:11:e3:10:2e]
RSSI: -85 [da:1e:11:f0:10:4e]
RSSI: -85 [da:1e:11:f0:10:4e]
RSSI: -76 [da:20:ad:06:06:6c]
RSSI: -83 [da:1e:11:fe:10:7e]
RSSI: -83 [da:20:ad:06:06:6c]
RSSI: -86 [da:1e:11:fe:10:7e]
RSSI: -80 [da:20:ad:15:06:9c]
RSSI: -85 [da:1e:12:0b:10:9e]
RSSI: -80 [da:20:ad:15:06:9c]
RSSI: -81 [da:1e:12:0b:10:9e]
RSSI: -86 [da:1e:12:18:10:ce]
RSSI: -85 [da:20:ad:22:06:bc]
RSSI: -83 [da:1e:12:18:10:ce]
RSSI: -82 [da:20:ad:22:06:bc]
RSSI: -85 [da:20:ad:31:06:ec]
RSSI: -85 [da:1e:12:26:10:ee]
RSSI: -86 [da:20:ad:31:06:ec]
RSSI: -83 [da:1e:12:33:11:0e]
RSSI: -79 [da:20:ad:40:07:1c]
RSSI: -81 [da:1e:12:33:11:0e]
RSSI: -85 [da:1e:12:40:11:3e]
RSSI: -85 [da:1e:12:40:11:3e]
RSSI: -85 [da:1e:12:40:11:3e]
RSSI: -79 [da:20:ad:4d:07:4c]
RSSI: -87 [da:1e:12:4e:11:5e]
RSSI: -88 [da:20:ad:5c:07:7c]
RSSI: -86 [da:1e:12:5c:11:8e]
RSSI: -87 [da:1e:12:68:11:ae]
RSSI: -80 [da:20:ad:78:07:cc]
RSSI: -90 [da:1e:12:76:11:de]
RSSI: -86 [da:20:ad:87:07:fc]
RSSI: -87 [da:1e:12:76:11:de]
RSSI: -89 [da:20:ad:96:08:2c]
RSSI: -89 [da:1e:12:84:11:fe]
RSSI: -88 [da:20:ad:96:08:2c]
RSSI: -86 [da:1e:12:90:12:2e]
RSSI: -83 [da:20:ad:96:08:2c]
RSSI: -83 [da:20:ad:a3:08:5c]
RSSI: -87 [da:1e:12:9e:12:4e]
RSSI: -82 [da:20:ad:b2:08:8c]
RSSI: -79 [da:20:ad:c1:08:bc]
RSSI: -91 [da:1e:12:b9:12:9e]
RSSI: -90 [da:1e:12:b9:12:9e]
RSSI: -79 [da:20:ad:ce:08:dc]
RSSI: -78 [da:20:ad:ce:08:dc]
RSSI: -79 [da:20:ad:dd:09:1c]
RSSI: -79 [da:20:ad:ec:09:4c]
RSSI: -86 [da:1e:12:e1:13:0e]
RSSI: -91 [da:1e:12:ef:13:3e]
RSSI: -79 [da:20:ad:f9:09:6c]
RSSI: -85 [da:20:ae:08:09:9c]
RSSI: -80 [da:20:ae:08:09:9c]
RSSI: -87 [da:1e:13:09:13:7e]
RSSI: -83 [da:20:ae:17:09:cc]
RSSI: -89 [da:20:ae:17:09:cc]
RSSI: -91 [da:1e:13:17:13:ae]
RSSI: -85 [da:20:ae:24:09:fc]
RSSI: -81 [da:20:ae:33:0a:2c]
RSSI: -88 [da:1e:13:25:13:ce]
RSSI: -81 [da:20:ae:33:0a:2c]
RSSI: -86 [da:20:ae:33:0a:2c]
RSSI: -85 [da:1e:13:31:13:fe]
RSSI: -82 [da:20:ae:42:0a:5c]
RSSI: -85 [da:1e:13:3f:14:1e]
RSSI: -85 [da:1e:13:3f:14:1e]
RSSI: -85 [da:20:ae:5e:0a:bc]
RSSI: -82 [da:20:ae:6d:0a:ec]
RSSI: -91 [da:1e:13:68:14:8e]
RSSI: -85 [da:20:ae:7a:0b:0c]
RSSI: -84 [da:20:ae:7a:0b:0c]
RSSI: -78 [da:20:ae:7a:0b:0c]
RSSI: -80 [da:20:ae:89:0b:3c]
RSSI: -80 [da:20:ae:98:0b:6c]
RSSI: -87 [da:1e:13:90:15:0e]
RSSI: -79 [da:20:ae:98:0b:6c]
RSSI: -76 [da:20:ae:a5:0b:9c]
RSSI: -88 [da:1e:13:9e:15:2e]
RSSI: -77 [da:20:ae:b4:0b:cc]
RSSI: -76 [da:20:ae:c3:0b:fc]
RSSI: -78 [da:20:ae:c3:0b:fc]
RSSI: -92 [da:1e:13:c6:15:9e]
RSSI: -76 [da:20:ae:d0:0c:1c]
RSSI: -79 [da:20:ae:df:0c:4c]
RSSI: -78 [da:20:ae:ee:0c:7c]
RSSI: -93 [da:1e:13:e1:15:ee]
RSSI: -80 [da:20:ae:ee:0c:7c]
RSSI: -77 [da:20:ae:fb:0c:ac]
RSSI: -77 [da:20:ae:fb:0c:ac]
RSSI: -81 [da:20:af:0a:0c:dc]
RSSI: -81 [da:20:af:1a:0d:0c]
RSSI: -80 [da:20:af:26:0d:3c]
RSSI: -80 [da:20:af:26:0d:3c]
RSSI: -78 [da:20:af:36:0d:6c]
RSSI: -77 [da:20:af:45:0d:9c]
RSSI: -77 [da:20:af:45:0d:9c]
RSSI: -78 [da:20:af:51:0d:bc]
RSSI: -76 [da:20:af:61:0d:fc]
RSSI: -79 [da:20:af:61:0d:fc]
RSSI: -79 [da:20:af:61:0d:fc]
RSSI: -80 [da:20:af:70:0e:2c]
RSSI: -76 [da:20:af:70:0e:2c]
RSSI: -81 [da:20:af:7d:0e:4c]
RSSI: -90 [da:1e:14:74:01:3e]
RSSI: -81 [da:20:af:8c:0e:7c]
RSSI: -80 [da:20:af:9b:0e:ac]
RSSI: -80 [da:20:af:9b:0e:ac]
RSSI: -77 [da:20:af:a8:0e:dc]
RSSI: -80 [da:20:af:a8:0e:dc]
RSSI: -80 [da:20:af:a8:0e:dc]
RSSI: -94 [da:1e:14:ab:01:de]
RSSI: -76 [da:20:af:b7:0f:0c]
RSSI: -76 [da:20:af:c6:0f:3c]
RSSI: -81 [da:20:af:d3:0f:6c]
RSSI: -78 [da:20:af:d3:0f:6c]
RSSI: -81 [da:20:af:e2:0f:9c]
RSSI: -78 [da:20:af:f1:0f:cc]
RSSI: -78 [da:20:af:f1:0f:cc]
RSSI: -78 [da:20:af:fe:0f:ec]
RSSI: -80 [da:20:b0:0d:10:1c]
RSSI: -78 [da:20:b0:0d:10:1c]
RSSI: -90 [da:1e:15:09:02:ee]
RSSI: -79 [da:20:b0:0d:10:1c]
RSSI: -76 [da:20:b0:1d:10:5c]
RSSI: -81 [da:20:b0:1d:10:5c]
RSSI: -87 [da:1e:15:16:03:0e]
RSSI: -77 [da:20:b0:29:10:7c]
RSSI: -88 [da:1e:15:24:03:3e]
RSSI: -86 [da:1e:15:24:03:3e]
RSSI: -85 [da:1e:15:32:03:5e]
RSSI: -80 [da:20:b0:39:10:ac]
RSSI: -87 [da:1e:15:32:03:5e]
RSSI: -80 [da:20:b0:48:10:dc]
RSSI: -78 [da:20:b0:48:10:dc]
RSSI: -80 [da:20:b0:55:11:0c]
RSSI: -80 [da:20:b0:55:11:0c]
RSSI: -86 [da:1e:15:5a:03:ce]
RSSI: -74 [da:20:b0:64:11:3c]
RSSI: -88 [da:1e:15:5a:03:ce]
RSSI: -93 [da:1b:0c:56:02:5a]
RSSI: -88 [da:1e:15:75:04:1e]
RSSI: -81 [da:20:b0:80:11:8c]
RSSI: -88 [da:1e:15:75:04:1e]
RSSI: -84 [da:20:b0:80:11:8c]
RSSI: -78 [da:20:b0:8f:11:bc]
RSSI: -76 [da:20:b0:9e:11:ec]
RSSI: -91 [da:1e:15:9d:04:8e]
RSSI: -89 [da:1e:15:9d:04:8e]
RSSI: -73 [da:20:b0:ab:12:1c]
RSSI: -87 [da:1e:15:ab:04:be]
RSSI: -76 [da:20:b0:ba:12:4c]
RSSI: -73 [da:20:b0:ba:12:4c]
RSSI: -89 [da:1e:15:b8:04:de]
RSSI: -87 [da:1e:15:b8:04:de]
RSSI: -80 [da:20:b0:ca:12:7c]
RSSI: -90 [da:1e:15:c6:04:fe]
RSSI: -89 [da:1e:15:c6:04:fe]
RSSI: -72 [da:20:b0:d6:12:9c]
RSSI: -89 [da:1e:15:d4:05:2e]
RSSI: -78 [da:20:b0:e6:12:cc]
RSSI: -79 [da:20:b0:e6:12:cc]
RSSI: -89 [da:1e:15:e1:05:4e]
RSSI: -77 [da:20:b0:f5:12:fc]
RSSI: -77 [da:20:b0:f5:12:fc]
RSSI: -88 [da:1e:15:ef:05:7e]
RSSI: -73 [da:20:b1:02:13:2c]
RSSI: -89 [da:1e:15:fc:05:ae]
RSSI: -73 [da:20:b1:11:13:5c]
RSSI: -69 [da:20:b1:20:13:8c]
RSSI: -67 [da:20:b1:2d:13:ac]
RSSI: -66 [da:20:b1:2d:13:ac]
RSSI: -64 [da:20:b1:2d:13:ac]
RSSI: -89 [da:1b:0d:19:04:8a]
RSSI: -63 [da:20:b1:3c:13:dc]
RSSI: -60 [da:20:b1:4c:14:0c]
RSSI: -94 [da:1e:16:4e:06:8e]
RSSI: -59 [da:20:b1:58:14:3c]
RSSI: -90 [da:1b:0d:40:04:fa]
RSSI: -60 [da:20:b1:68:14:6c]
RSSI: -59 [da:20:b1:68:14:6c]
RSSI: -58 [da:20:b1:77:14:9c]
RSSI: -90 [da:1b:0d:5a:05:4a]
RSSI: -59 [da:20:b1:77:14:9c]
RSSI: -86 [da:1b:0d:67:05:6a]
RSSI: -59 [da:20:b1:93:14:fc]
RSSI: -59 [da:20:b1:93:14:fc]
RSSI: -60 [da:20:b1:a2:15:2c]
RSSI: -59 [da:20:b1:a2:15:2c]
RSSI: -84 [da:1b:0d:8e:05:da]
RSSI: -61 [da:20:b1:af:15:4c]
RSSI: -61 [da:20:b1:be:15:7c]
RSSI: -62 [da:20:b1:be:15:7c]
RSSI: -93 [da:1e:16:ba:07:ce]
RSSI: -84 [da:1b:0d:a9:06:2a]
RSSI: -62 [da:20:b1:ce:15:ac]
RSSI: -83 [da:1b:0d:b5:06:4a]
RSSI: -82 [da:1b:0d:b5:06:4a]
RSSI: -65 [da:20:b1:da:15:dc]
RSSI: -65 [da:20:b1:da:15:dc]
RSSI: -84 [da:1b:0d:c3:06:6a]
RSSI: -87 [da:1b:0d:d0:06:9a]
RSSI: -70 [da:20:b1:ea:16:0c]
RSSI: -85 [da:1b:0d:d0:06:9a]
RSSI: -87 [da:1b:0d:dc:06:ba]
RSSI: -83 [da:20:b2:06:16:6c]
RSSI: -83 [da:20:b2:06:16:6c]
RSSI: -78 [da:20:b2:15:00:0c]
RSSI: -73 [da:20:b2:15:00:0c]
RSSI: -89 [da:1b:0e:04:07:2a]
RSSI: -92 [da:1e:17:19:08:ee]
RSSI: -73 [da:20:b2:25:00:3c]
RSSI: -69 [da:20:b2:31:00:5c]
RSSI: -69 [da:20:b2:41:00:8c]
RSSI: -92 [da:1e:17:34:09:2e]
RSSI: -70 [da:20:b2:41:00:8c]
RSSI: -72 [da:20:b2:50:00:bc]
RSSI: -87 [da:1e:17:42:09:5e]
RSSI: -72 [da:20:b2:50:00:bc]
RSSI: -71 [da:20:b2:50:00:bc]
RSSI: -71 [da:20:b2:50:00:bc]
RSSI: -87 [da:1e:17:4e:09:7e]
RSSI: -74 [da:20:b2:5d:00:ec]
RSSI: -87 [da:1e:17:5c:09:ae]
RSSI: -83 [da:20:b2:6c:01:1c]
RSSI: -78 [da:20:b2:6c:01:1c]
RSSI: -88 [da:1e:17:6a:09:de]
RSSI: -89 [da:1e:17:6a:09:de]
RSSI: -80 [da:20:b2:7b:01:4c]
RSSI: -80 [da:20:b2:88:01:6c]
RSSI: -80 [da:20:b2:88:01:6c]
RSSI: -91 [da:1e:17:85:0a:1e]
RSSI: -77 [da:20:b2:98:01:ac]
RSSI: -87 [da:1e:17:93:0a:4e]
RSSI: -76 [da:20:b2:98:01:ac]
RSSI: -75 [da:20:b2:a7:01:dc]
RSSI: -83 [da:1e:17:a0:0a:6e]
RSSI: -75 [da:20:b2:b4:01:fc]
RSSI: -73 [da:20:b2:b4:01:fc]
RSSI: -84 [da:1e:17:ae:0a:9e]
RSSI: -76 [da:20:b2:c3:02:2c]
RSSI: -75 [da:20:b2:c3:02:2c]
RSSI: -75 [da:20:b2:c3:02:2c]
RSSI: -85 [da:1e:17:bc:0a:be]
RSSI: -78 [da:20:b2:d2:02:5c]
RSSI: -81 [da:1e:17:ce:0a:fe]
RSSI: -81 [da:1e:17:ce:0a:fe]
RSSI: -76 [da:20:b2:df:02:8c]
RSSI: -81 [da:20:b2:df:02:8c]
RSSI: -80 [da:1e:17:de:0b:1e]
RSSI: -77 [da:20:b2:ef:02:bc]
RSSI: -78 [da:20:b2:fe:02:ec]
RSSI: -78 [da:1e:17:ec:0b:4e]
RSSI: -74 [da:20:b2:fe:02:ec]
RSSI: -81 [da:1e:17:f9:0b:6e]
RSSI: -77 [da:1e:17:f9:0b:6e]
RSSI: -75 [da:20:b3:0b:03:0c]
RSSI: -75 [da:20:b3:0b:03:0c]
RSSI: -73 [da:20:b3:0b:03:0c]
RSSI: -82 [da:1e:18:07:0b:9e]
RSSI: -73 [da:20:b3:1a:03:3c]
RSSI: -75 [da:20:b3:1a:03:3c]
RSSI: -73 [da:20:b3:29:03:6c]
RSSI: -72 [da:1e:18:21:0b:de]
RSSI: -77 [da:20:b3:29:03:6c]
RSSI: -76 [da:1e:18:2f:0c:0e]
RSSI: -76 [da:1e:18:2f:0c:0e]
RSSI: -71 [da:20:b3:3b:03:ac]
RSSI: -78 [da:1e:18:3e:0c:3e]
RSSI: -77 [da:1e:18:3e:0c:3e]
RSSI: -73 [da:20:b3:4c:03:dc]
RSSI: -71 [da:1e:18:4a:0c:5e]
RSSI: -77 [da:20:b3:5b:04:0c]
RSSI: -80 [da:1e:18:4a:0c:5e]
RSSI: -75 [da:20:b3:5b:04:0c]
RSSI: -77 [da:1e:18:58:0c:8e]
RSSI: -72 [da:1e:18:58:0c:8e]
RSSI: -79 [da:20:b3:68:04:3c]
RSSI: -79 [da:1e:18:66:0c:ae]
RSSI: -80 [da:20:b3:68:04:3c]
RSSI: -77 [da:1e:18:66:0c:ae]
RSSI: -78 [da:1e:18:73:0c:de]
RSSI: -84 [da:20:b3:87:04:9c]
RSSI: -75 [da:1e:18:81:0c:fe]
RSSI: -92 [da:20:b3:93:04:bc]
RSSI: -79 [da:1e:18:8f:0d:2e]
RSSI: -82 [da:20:b3:93:04:bc]
RSSI: -80 [da:1e:18:9c:0d:4e]
RSSI: -80 [da:20:b3:b2:05:1c]
RSSI: -78 [da:1e:18:aa:0d:7e]
RSSI: -82 [da:1e:18:aa:0d:7e]
RSSI: -82 [da:1e:18:b8:0d:9e]
RSSI: -81 [da:20:b3:bf:05:4c]
RSSI: -81 [da:1e:18:b8:0d:9e]
RSSI: -82 [da:20:b3:de:05:ac]
RSSI: -81 [da:20:b3:de:05:ac]
RSSI: -86 [da:1e:18:d3:0d:ee]
RSSI: -81 [da:20:b3:de:05:ac]
RSSI: -88 [da:1e:18:e1:0e:1e]
RSSI: -80 [da:20:b3:ea:05:cc]
RSSI: -75 [da:20:b3:fa:06:0c]
RSSI: -84 [da:20:b4:09:06:3c]
RSSI: -82 [da:20:b4:09:06:3c]
RSSI: -85 [da:1e:18:fc:0e:5e]
RSSI: -74 [da:20:b4:09:06:3c]
RSSI: -81 [da:1e:19:0a:0e:8e]
RSSI: -81 [da:1e:19:0a:0e:8e]
RSSI: -81 [da:20:b4:16:06:5c]
RSSI: -85 [da:1e:19:16:0e:ae]
RSSI: -81 [da:1e:19:16:0e:ae]
RSSI: -80 [da:20:b4:25:06:8c]
RSSI: -86 [da:1e:19:25:0e:de]
RSSI: -85 [da:1e:19:25:0e:de]
RSSI: -77 [da:20:b4:35:06:bc]
RSSI: -83 [da:1e:19:33:0e:fe]
RSSI: -81 [da:20:b4:42:06:ec]
RSSI: -86 [da:1e:19:33:0e:fe]
RSSI: -87 [da:20:b4:42:06:ec]
RSSI: -85 [da:1e:19:3f:0f:1e]
RSSI: -90 [da:20:b4:51:07:1c]
RSSI: -84 [da:1e:19:4e:0f:4e]
RSSI: -80 [da:20:b4:61:07:4c]
RSSI: -86 [da:20:b4:6d:07:7c]
RSSI: -83 [da:1e:19:68:0f:9e]
RSSI: -78 [da:20:b4:6d:07:7c]
RSSI: -84 [da:1e:19:68:0f:9e]
RSSI: -88 [da:1e:19:68:0f:9e]
RSSI: -85 [da:1e:19:76:0f:ce]
RSSI: -88 [da:20:b4:7d:07:ac]
RSSI: -85 [da:1e:19:76:0f:ce]
RSSI: -84 [da:20:b4:8c:07:dc]
RSSI: -86 [da:1e:19:85:0f:ee]
RSSI: -76 [da:20:b4:99:07:fc]
RSSI: -85 [da:1e:19:91:10:1e]
RSSI: -85 [da:20:b4:99:07:fc]
RSSI: -89 [da:1e:19:91:10:1e]
RSSI: -90 [da:20:b4:a8:08:3c]
RSSI: -79 [da:20:b4:a8:08:3c]
RSSI: -80 [da:20:b4:a8:08:3c]
RSSI: -81 [da:20:b4:b8:08:6c]
RSSI: -86 [da:20:b4:b8:08:6c]
RSSI: -79 [da:20:b4:c5:08:8c]
RSSI: -86 [da:1e:19:ba:10:8e]
RSSI: -81 [da:20:b4:c5:08:8c]
RSSI: -82 [da:1e:19:c8:10:be]
RSSI: -79 [da:20:b4:d4:08:bc]
RSSI: -85 [da:1e:19:c8:10:be]
RSSI: -76 [da:20:b4:d4:08:bc]
RSSI: -77 [da:20:b4:e4:08:ec]
RSSI: -87 [da:1e:19:d7:10:de]
RSSI: -75 [da:20:b4:e4:08:ec]
RSSI: -85 [da:1e:19:e3:11:0e]
RSSI: -76 [da:20:b4:f0:09:1c]
RSSI: -86 [da:1e:19:e3:11:0e]
RSSI: -83 [da:1e:19:f2:11:2e]
RSSI: -84 [da:1e:19:f2:11:2e]
RSSI: -76 [da:20:b5:00:09:4c]
RSSI: -86 [da:1e:1a:00:11:5e]
RSSI: -73 [da:20:b5:0f:09:7c]
RSSI: -79 [da:20:b5:0f:09:7c]
RSSI: -87 [da:1e:1a:0c:11:7e]
RSSI: -87 [da:1e:1a:0c:11:7e]
RSSI: -75 [da:20:b5:1c:09:ac]
RSSI: -87 [da:1e:1a:1b:11:ae]
RSSI: -85 [da:20:b5:2c:09:dc]
RSSI: -84 [da:1e:1a:29:11:ce]
RSSI: -80 [da:20:b5:3b:0a:0c]
RSSI: -86 [da:1e:1a:35:11:fe]
RSSI: -88 [da:1e:1a:44:12:1e]
RSSI: -89 [da:1e:1a:44:12:1e]
RSSI: -84 [da:20:b5:57:0a:6c]
RSSI: -83 [da:20:b5:67:0a:9c]
RSSI: -93 [da:20:b5:73:0a:bc]
RSSI: -86 [da:20:b5:73:0a:bc]
RSSI: -86 [da:20:b5:73:0a:bc]
RSSI: -83 [da:20:b5:92:0b:2c]
RSSI: -86 [da:1e:1a:87:12:de]
RSSI: -84 [da:20:b5:9f:0b:4c]
RSSI: -84 [da:20:b5:9f:0b:4c]
RSSI: -90 [da:1e:1a:a4:13:2e]
RSSI: -81 [da:20:b5:af:0b:7c]
RSSI: -82 [da:20:b5:af:0b:7c]
RSSI: -90 [da:1e:1a:b0:13:5e]
RSSI: -81 [da:20:b5:be:0b:bc]
RSSI: -89 [da:1e:1a:bf:13:7e]
RSSI: -82 [da:20:b5:db:0c:0c]
RSSI: -87 [da:20:b5:db:0c:0c]
RSSI: -87 [da:20:b5:ea:0c:3c]
RSSI: -81 [da:20:b5:ea:0c:3c]
RSSI: -86 [da:20:b5:f7:0c:6c]
RSSI: -92 [da:1e:1a:f6:14:2e]
RSSI: -82 [da:20:b6:06:0c:9c]
RSSI: -83 [da:20:b6:06:0c:9c]
RSSI: -84 [da:20:b6:16:0c:cc]
RSSI: -88 [da:20:b6:16:0c:cc]
RSSI: -80 [da:20:b6:22:0c:fc]
RSSI: -81 [da:20:b6:22:0c:fc]
RSSI: -94 [da:1e:1b:1f:14:9e]
RSSI: -82 [da:20:b6:32:0d:2c]
RSSI: -81 [da:20:b6:32:0d:2c]
RSSI: -87 [da:20:b6:42:0d:5c]
RSSI: -87 [da:20:b6:42:0d:5c]
RSSI: -82 [da:20:b6:4e:0d:7c]
RSSI: -89 [da:1e:1b:48:15:0e]
RSSI: -85 [da:20:b6:4e:0d:7c]
RSSI: -79 [da:20:b6:5e:0d:bc]
RSSI: -81 [da:20:b6:6d:0d:ec]
RSSI: -77 [da:20:b6:6d:0d:ec]
RSSI: -78 [da:20:b6:7a:0e:0c]
RSSI: -79 [da:20:b6:7a:0e:0c]
RSSI: -77 [da:20:b6:8a:0e:3c]
RSSI: -79 [da:20:b6:99:0e:6c]
RSSI: -94 [da:1e:1b:8c:15:ce]
RSSI: -80 [da:20:b6:a6:0e:9c]
RSSI: -81 [da:20:b6:a6:0e:9c]
RSSI: -80 [da:20:b6:b6:0e:cc]
RSSI: -77 [da:20:b6:c5:0e:fc]
RSSI: -76 [da:20:b6:c5:0e:fc]
RSSI: -76 [da:20:b6:d2:0f:2c]
RSSI: -77 [da:20:b6:e2:0f:5c]
RSSI: -76 [da:20:b6:e2:0f:5c]
RSSI: -91 [da:1e:1b:de:00:4e]
RSSI: -79 [da:20:b6:f1:0f:8c]
RSSI: -79 [da:20:b6:f1:0f:8c]
RSSI: -77 [da:20:b6:fe:0f:bc]
RSSI: -78 [da:20:b7:0d:0f:ec]
RSSI: -77 [da:20:b7:0d:0f:ec]
RSSI: -90 [da:1e:1c:08:00:ce]
RSSI: -78 [da:20:b7:1d:10:1c]
RSSI: -77 [da:20:b7:1d:10:1c]
RSSI: -77 [da:20:b7:1d:10:1c]
RSSI: -77 [da:20:b7:2a:10:3c]
RSSI: -77 [da:20:b7:39:10:7c]
RSSI: -91 [da:1e:1c:31:01:3e]
RSSI: -77 [da:20:b7:39:10:7c]
RSSI: -76 [da:20:b7:49:10:ac]
RSSI: -78 [da:20:b7:49:10:ac]
RSSI: -77 [da:20:b7:56:10:cc]
RSSI: -76 [da:20:b7:56:10:cc]
RSSI: -77 [da:20:b7:65:10:fc]
RSSI: -75 [da:20:b7:65:10:fc]
RSSI: -74 [da:20:b7:75:11:2c]
RSSI: -78 [da:20:b7:75:11:2c]
RSSI: -76 [da:20:b7:81:11:5c]
RSSI: -73 [da:20:b7:81:11:5c]
RSSI: -77 [da:20:b7:91:11:8c]
RSSI: -80 [da:20:b7:a1:11:bc]
RSSI: -77 [da:20:b7:a1:11:bc]
RSSI: -73 [da:20:b7:ad:11:ec]
RSSI: -77 [da:20:b7:ad:11:ec]
RSSI: -70 [da:20:b7:bd:12:1c]
RSSI: -87 [da:1e:1c:bb:02:ce]
RSSI: -71 [da:20:b7:cd:12:4c]
RSSI: -86 [da:1e:1c:c7:02:fe]
RSSI: -74 [da:20:b7:d9:12:7c]
RSSI: -74 [da:20:b7:d9:12:7c]
RSSI: -71 [da:20:b7:d9:12:7c]
RSSI: -87 [da:1e:1c:e4:03:4e]
RSSI: -68 [da:20:b7:f9:12:dc]
RSSI: -85 [da:1e:1c:f1:03:6e]
RSSI: -87 [da:1e:1c:f1:03:6e]
RSSI: -77 [da:20:b8:05:12:fc]
RSSI: -77 [da:20:b8:05:12:fc]
RSSI: -87 [da:1e:1c:ff:03:9e]
RSSI: -86 [da:1e:1d:0d:03:be]
RSSI: -89 [da:1e:1d:0d:03:be]
RSSI: -69 [da:20:b8:25:13:6c]
RSSI: -88 [da:1e:1d:1a:03:de]
RSSI: -68 [da:20:b8:31:13:8c]
RSSI: -67 [da:20:b8:31:13:8c]
RSSI: -90 [da:1e:1d:37:04:2e]
RSSI: -62 [da:20:b8:41:13:bc]
RSSI: -61 [da:20:b8:51:13:ec]
RSSI: -90 [da:1e:1d:43:04:5e]
RSSI: -60 [da:20:b8:51:13:ec]
RSSI: -60 [da:20:b8:5d:14:1c]
RSSI: -60 [da:20:b8:5d:14:1c]
RSSI: -59 [da:20:b8:5d:14:1c]
RSSI: -58 [da:20:b8:6d:14:4c]
RSSI: -60 [da:20:b8:6d:14:4c]
RSSI: -88 [da:1e:1d:6d:04:ce]
RSSI: -58 [da:20:b8:7d:14:7c]
RSSI: -90 [da:1e:1d:6d:04:ce]
RSSI: -89 [da:1e:1d:7b:04:fe]
RSSI: -59 [da:20:b8:89:14:ac]
RSSI: -61 [da:20:b8:99:14:dc]
RSSI: -60 [da:20:b8:99:14:dc]
RSSI: -89 [da:1e:1d:96:05:4e]
RSSI: -59 [da:20:b8:a9:15:0c]
RSSI: -88 [da:1e:1d:a4:05:6e]
RSSI: -86 [da:1e:1d:b3:05:9e]
RSSI: -59 [da:20:b8:c5:15:5c]
RSSI: -91 [da:1e:1d:bf:05:be]
RSSI: -61 [da:20:b8:d5:15:8c]
RSSI: -61 [da:20:b8:e1:15:bc]
RSSI: -61 [da:20:b8:f1:15:ec]
RSSI: -94 [da:1e:1d:f7:06:5e]
RSSI: -63 [da:20:b9:01:16:1c]
RSSI: -68 [da:20:b9:0e:16:4c]
RSSI: -94 [da:1e:1e:05:06:8e]
RSSI: -69 [da:20:b9:0e:16:4c]
RSSI: -74 [da:20:b9:1d:16:7c]
RSSI: -89 [da:1b:15:00:04:ea]
RSSI: -74 [da:20:b9:1d:16:7c]
RSSI: -88 [da:1b:15:0d:05:0a]
RSSI: -83 [da:20:b9:2d:00:3c]
RSSI: -81 [da:20:b9:3a:00:5c]
RSSI: -78 [da:20:b9:3a:00:5c]
RSSI: -87 [da:1b:15:28:05:5a]
RSSI: -72 [da:20:b9:49:00:8c]
RSSI: -72 [da:20:b9:49:00:8c]
RSSI: -87 [da:1b:15:35:05:7a]
RSSI: -86 [da:1b:15:35:05:7a]
RSSI: -72 [da:20:b9:59:00:bc]
RSSI: -85 [da:1b:15:43:05:aa]
RSSI: -71 [da:20:b9:66:00:ec]
RSSI: -72 [da:20:b9:66:00:ec]
RSSI: -74 [da:20:b9:76:01:1c]
RSSI: -84 [da:1b:15:5d:05:fa]
RSSI: -93 [da:1e:1e:73:07:ce]
RSSI: -75 [da:20:b9:85:01:4c]
RSSI: -85 [da:1b:15:6b:06:1a]
RSSI: -75 [da:20:b9:85:01:4c]
RSSI: -85 [da:1b:15:6b:06:1a]
RSSI: -87 [da:1b:15:77:06:3a]
RSSI: -78 [da:20:b9:92:01:7c]
RSSI: -85 [da:1b:15:77:06:3a]
RSSI: -80 [da:20:b9:92:01:7c]
RSSI: -86 [da:1b:15:85:06:6a]
RSSI: -80 [da:20:b9:a2:01:ac]
RSSI: -86 [da:1b:15:85:06:6a]
RSSI: -84 [da:1b:15:93:06:9a]
RSSI: -78 [da:20:b9:b1:01:dc]
RSSI: -83 [da:1b:15:93:06:9a]
RSSI: -77 [da:20:b9:b1:01:dc]
RSSI: -86 [da:1b:15:9f:06:ba]
RSSI: -75 [da:20:b9:be:01:fc]
RSSI: -93 [da:1e:1e:b8:08:8e]
RSSI: -74 [da:20:b9:ce:02:3c]
RSSI: -84 [da:1b:15:ad:06:da]
RSSI: -90 [da:1e:1e:c6:08:be]
RSSI: -72 [da:20:b9:ce:02:3c]
RSSI: -92 [da:1e:1e:c6:08:be]
RSSI: -87 [da:1b:15:bb:07:0a]
RSSI: -73 [da:20:b9:dd:02:6c]
RSSI: -87 [da:1e:1e:d4:08:ee]
RSSI: -74 [da:20:b9:dd:02:6c]
RSSI: -74 [da:20:b9:ea:02:8c]
RSSI: -90 [da:1b:15:d5:07:4a]
RSSI: -85 [da:1e:1e:f0:09:2e]
RSSI: -91 [da:1b:15:d5:07:4a]
RSSI: -75 [da:20:b9:fa:02:bc]
RSSI: -85 [da:1e:1e:f0:09:2e]
RSSI: -75 [da:20:b9:fa:02:bc]
RSSI: -90 [da:1b:15:e3:07:7a]
RSSI: -79 [da:20:ba:0a:02:ec]
RSSI: -88 [da:1e:1e:fe:09:5e]
RSSI: -74 [da:20:ba:0a:02:ec]
RSSI: -87 [da:1e:1e:fe:09:5e]
RSSI: -74 [da:20:ba:0a:02:ec]
RSSI: -82 [da:1e:1f:0b:09:7e]
RSSI: -76 [da:20:ba:16:03:1c]
RSSI: -84 [da:1e:1f:19:09:ae]
RSSI: -73 [da:20:ba:26:03:4c]
RSSI: -75 [da:20:ba:26:03:4c]
RSSI: -89 [da:1e:1f:27:09:ce]
RSSI: -73 [da:20:ba:36:03:7c]
RSSI: -74 [da:20:ba:36:03:7c]
RSSI: -86 [da:1e:1f:34:09:fe]
RSSI: -79 [da:20:ba:42:03:ac]
RSSI: -76 [da:20:ba:42:03:ac]
RSSI: -82 [da:1e:1f:43:0a:1e]
RSSI: -83 [da:1e:1f:43:0a:1e]
RSSI: -83 [da:20:ba:52:03:dc]
RSSI: -77 [da:20:ba:52:03:dc]
RSSI: -84 [da:1e:1f:51:0a:4e]
RSSI: -73 [da:20:ba:62:04:0c]
RSSI: -81 [da:1e:1f:5e:0a:6e]
RSSI: -72 [da:20:ba:6f:04:3c]
RSSI: -72 [da:20:ba:6f:04:3c]
RSSI: -80 [da:1e:1f:6c:0a:9e]
RSSI: -75 [da:20:ba:7f:04:6c]
RSSI: -78 [da:1e:1f:7a:0a:ce]
RSSI: -75 [da:1e:1f:7a:0a:ce]
RSSI: -75 [da:1e:1f:7a:0a:ce]
RSSI: -79 [da:20:ba:8e:04:9c]
RSSI: -83 [da:20:ba:9b:04:bc]
RSSI: -77 [da:1e:1f:96:0b:1e]
RSSI: -75 [da:1e:1f:96:0b:1e]
RSSI: -71 [da:1e:1f:a4:0b:3e]
RSSI: -78 [da:20:ba:ab:04:fc]
RSSI: -75 [da:1e:1f:a4:0b:3e]
RSSI: -74 [da:1e:1f:b1:0b:5e]
RSSI: -70 [da:1e:1f:b1:0b:5e]
RSSI: -84 [da:20:ba:c7:05:4c]
RSSI: -75 [da:1e:1f:bf:0b:8e]
RSSI: -82 [da:20:ba:c7:05:4c]
RSSI: -73 [da:1e:1f:bf:0b:8e]
RSSI: -84 [da:20:ba:d7:05:7c]
RSSI: -75 [da:1e:1f:ce:0b:be]
RSSI: -85 [da:20:ba:d7:05:7c]
RSSI: -88 [da:20:ba:d7:05:7c]
RSSI: -71 [da:1e:1f:da:0b:de]
RSSI: -82 [da:20:ba:f3:05:dc]
RSSI: -73 [da:1e:1f:e9:0c:0e]
RSSI: -81 [da:20:ba:f3:05:dc]
RSSI: -73 [da:1e:1f:f7:0c:3e]
RSSI: -79 [da:20:bb:03:06:0c]
RSSI: -73 [da:1e:1f:f7:0c:3e]
RSSI: -72 [da:1e:20:04:0c:5e]
RSSI: -73 [da:1e:20:04:0c:5e]
RSSI: -73 [da:1e:20:12:0c:8e]
RSSI: -72 [da:1e:20:12:0c:8e]
RSSI: -75 [da:20:bb:20:06:6c]
RSSI: -72 [da:1e:20:12:0c:8e]
RSSI: -84 [da:20:bb:20:06:6c]
RSSI: -74 [da:1e:20:21:0c:ae]
RSSI: -72 [da:20:bb:30:06:9c]
RSSI: -76 [da:1e:20:2d:0c:de]
RSSI: -79 [da:20:bb:3f:06:cc]
RSSI: -74 [da:20:bb:3f:06:cc]
RSSI: -75 [da:1e:20:3c:0c:fe]
RSSI: -76 [da:1e:20:3c:0c:fe]
RSSI: -78 [da:20:bb:4c:06:fc]
RSSI: -76 [da:20:bb:4c:06:fc]
RSSI: -79 [da:1e:20:57:0d:4e]
RSSI: -79 [da:20:bb:5c:07:2c]
RSSI: -80 [da:1e:20:57:0d:4e]
RSSI: -80 [da:1e:20:57:0d:4e]
RSSI: -77 [da:20:bb:6c:07:5c]
RSSI: -77 [da:20:bb:6c:07:5c]
RSSI: -82 [da:1e:20:66:0d:7e]
RSSI: -90 [da:20:bb:78:07:8c]
RSSI: -86 [da:1e:20:74:0d:ae]
RSSI: -86 [da:20:bb:88:07:bc]
RSSI: -86 [da:1e:20:81:0d:ce]
RSSI: -84 [da:20:bb:98:07:ec]
RSSI: -92 [da:1e:20:8f:0d:ee]
RSSI: -76 [da:20:bb:a5:08:0c]
RSSI: -87 [da:20:bb:a5:08:0c]
RSSI: -87 [da:1e:20:aa:0e:3e]
RSSI: -86 [da:20:bb:b4:08:4c]
RSSI: -83 [da:1e:20:aa:0e:3e]
RSSI: -77 [da:20:bb:b4:08:4c]
RSSI: -85 [da:20:bb:c4:08:7c]
RSSI: -84 [da:1e:20:b9:0e:6e]
RSSI: -84 [da:1e:20:c7:0e:9e]
RSSI: -88 [da:20:bb:d1:08:9c]
RSSI: -82 [da:1e:20:d4:0e:be]
RSSI: -85 [da:20:bb:e1:08:cc]
RSSI: -85 [da:20:bb:e1:08:cc]
RSSI: -85 [da:1e:20:e3:0e:ee]
RSSI: -86 [da:20:bb:f1:09:0c]
RSSI: -85 [da:1e:20:e3:0e:ee]
RSSI: -84 [da:20:bb:f1:09:0c]
RSSI: -84 [da:1e:20:f1:0f:0e]
RSSI: -80 [da:20:bb:fd:09:2c]
RSSI: -81 [da:1e:20:fe:0f:3e]
RSSI: -80 [da:20:bc:0d:09:5c]
RSSI: -83 [da:1e:20:fe:0f:3e]
RSSI: -79 [da:20:bc:0d:09:5c]
RSSI: -80 [da:1e:21:0c:0f:5e]
RSSI: -78 [da:20:bc:1d:09:8c]
RSSI: -79 [da:20:bc:1d:09:8c]
RSSI: -87 [da:1e:21:1b:0f:8e]
RSSI: -77 [da:20:bc:2a:09:bc]
RSSI: -81 [da:1e:21:27:0f:ae]
RSSI: -81 [da:1e:21:27:0f:ae]
RSSI: -78 [da:20:bc:3a:09:ec]
RSSI: -76 [da:20:bc:3a:09:ec]
RSSI: -82 [da:20:bc:49:0a:1c]
RSSI: -81 [da:1e:21:36:0f:de]
RSSI: -81 [da:20:bc:49:0a:1c]
RSSI: -85 [da:1e:21:44:10:0e]
RSSI: -78 [da:20:bc:49:0a:1c]
RSSI: -83 [da:1e:21:51:10:2e]
RSSI: -82 [da:20:bc:56:0a:4c]
RSSI: -85 [da:1e:21:51:10:2e]
RSSI: -75 [da:20:bc:66:0a:7c]
RSSI: -80 [da:20:bc:76:0a:ac]
RSSI: -77 [da:20:bc:76:0a:ac]
RSSI: -84 [da:1e:21:7b:10:ae]
RSSI: -90 [da:20:bc:82:0a:dc]
RSSI: -88 [da:1e:21:a4:11:1e]
RSSI: -85 [da:1e:21:a4:11:1e]
RSSI: -81 [da:20:bc:cf:0b:cc]
RSSI: -77 [da:20:bc:cf:0b:cc]
RSSI: -86 [da:1e:21:ce:11:9e]
RSSI: -78 [da:20:bc:db:0b:fc]
RSSI: -86 [da:1e:21:dd:11:be]
RSSI: -79 [da:20:bc:eb:0c:2c]
RSSI: -81 [da:20:bc:eb:0c:2c]
RSSI: -88 [da:1e:21:eb:11:ee]
RSSI: -78 [da:20:bc:fb:0c:5c]
RSSI: -84 [da:20:bd:08:0c:8c]
RSSI: -96 [da:1e:22:15:12:6e]
RSSI: -90 [da:20:bd:18:0c:bc]
RSSI: -78 [da:20:bd:28:0c:ec]
RSSI: -78 [da:20:bd:28:0c:ec]
RSSI: -92 [da:1e:22:22:12:8e]
RSSI: -83 [da:20:bd:34:0d:1c]
RSSI: -91 [da:1e:22:30:12:be]
RSSI: -80 [da:20:bd:44:0d:4c]
RSSI: -88 [da:1e:22:3f:12:de]
RSSI: -80 [da:20:bd:54:0d:7c]
RSSI: -81 [da:20:bd:54:0d:7c]
RSSI: -82 [da:20:bd:61:0d:ac]
RSSI: -83 [da:20:bd:61:0d:ac]
RSSI: -90 [da:1e:22:69:13:5e]
RSSI: -84 [da:20:bd:71:0d:dc]
RSSI: -88 [da:20:bd:81:0e:0c]
RSSI: -87 [da:20:bd:8d:0e:3c]
RSSI: -85 [da:1e:22:93:13:de]
RSSI: -79 [da:20:bd:9d:0e:6c]
RSSI: -78 [da:20:bd:9d:0e:6c]
RSSI: -75 [da:20:bd:ad:0e:9c]
RSSI: -74 [da:20:bd:ba:0e:cc]
RSSI: -78 [da:20:bd:ca:0e:fc]
RSSI: -84 [da:20:bd:da:0f:2c]
RSSI: -90 [da:1e:22:d8:14:9e]
RSSI: -94 [da:1b:19:d0:12:ca]
RSSI: -79 [da:20:bd:e6:0f:5c]
RSSI: -75 [da:20:bd:f6:0f:8c]
RSSI: -77 [da:20:be:06:0f:bc]
RSSI: -89 [da:1e:23:02:15:0e]
RSSI: -89 [da:1e:23:02:15:0e]
RSSI: -79 [da:20:be:13:0f:ec]
RSSI: -79 [da:20:be:13:0f:ec]
RSSI: -90 [da:1e:23:10:15:3e]
RSSI: -81 [da:20:be:13:0f:ec]
RSSI: -92 [da:1e:23:1d:15:5e]
RSSI: -80 [da:20:be:23:10:1c]
RSSI: -77 [da:20:be:3f:10:6c]
RSSI: -93 [da:1e:23:3a:15:be]
RSSI: -77 [da:20:be:4f:10:ac]
RSSI: -76 [da:20:be:4f:10:ac]
RSSI: -76 [da:20:be:4f:10:ac]
RSSI: -77 [da:20:be:5f:10:dc]
RSSI: -76 [da:20:be:6c:10:fc]
RSSI: -76 [da:20:be:6c:10:fc]
RSSI: -74 [da:20:be:7c:11:2c]
RSSI: -75 [da:20:be:8c:11:6c]
RSSI: -73 [da:20:be:8c:11:6c]
RSSI: -75 [da:20:be:98:11:8c]
RSSI: -74 [da:20:be:98:11:8c]
RSSI: -87 [da:1e:23:9b:00:7e]
RSSI: -76 [da:20:be:a9:11:bc]
RSSI: -77 [da:20:be:c5:12:1c]
RSSI: -77 [da:20:be:c5:12:1c]
RSSI: -76 [da:20:be:d5:12:4c]
RSSI: -74 [da:20:be:d5:12:4c]
RSSI: -87 [da:1e:23:d3:01:1e]
RSSI: -74 [da:20:be:e5:12:7c]
RSSI: -69 [da:20:be:f2:12:ac]
RSSI: -76 [da:20:be:f2:12:ac]
RSSI: -69 [da:20:bf:02:12:dc]
RSSI: -69 [da:20:bf:02:12:dc]
RSSI: -78 [da:20:bf:12:13:0c]
RSSI: -74 [da:20:bf:12:13:0c]
RSSI: -91 [da:1e:24:0c:01:be]
RSSI: -79 [da:20:bf:1e:13:3c]
RSSI: -96 [da:1e:24:27:02:0e]
RSSI: -76 [da:20:bf:2e:13:6c]
RSSI: -74 [da:20:bf:3e:13:9c]
RSSI: -75 [da:20:bf:3e:13:9c]
RSSI: -69 [da:20:bf:4b:13:bc]
RSSI: -88 [da:1e:24:51:02:8e]
RSSI: -67 [da:20:bf:5b:13:fc]
RSSI: -65 [da:20:bf:5b:13:fc]
RSSI: -65 [da:20:bf:6b:14:2c]
RSSI: -86 [da:1e:24:60:02:be]
RSSI: -62 [da:20:bf:78:14:4c]
RSSI: -62 [da:20:bf:78:14:4c]
RSSI: -84 [da:1e:24:7b:02:fe]
RSSI: -60 [da:20:bf:88:14:7c]
RSSI: -60 [da:20:bf:88:14:7c]
RSSI: -84 [da:1e:24:8a:03:2e]
RSSI: -60 [da:20:bf:98:14:bc]
RSSI: -83 [da:1e:24:8a:03:2e]
RSSI: -59 [da:20:bf:98:14:bc]
RSSI: -84 [da:1e:24:97:03:4e]
RSSI: -60 [da:20:bf:a4:14:dc]
RSSI: -86 [da:1e:24:97:03:4e]
RSSI: -58 [da:20:bf:a4:14:dc]
RSSI: -85 [da:1e:24:a5:03:7e]
RSSI: -86 [da:1e:24:a5:03:7e]
RSSI: -86 [da:1e:24:a5:03:7e]
RSSI: -60 [da:20:bf:b5:15:0c]
RSSI: -87 [da:1e:24:b4:03:ae]
RSSI: -86 [da:1e:24:b4:03:ae]
RSSI: -59 [da:20:bf:c4:15:4c]
RSSI: -62 [da:20:bf:c4:15:4c]
RSSI: -86 [da:1e:24:c1:03:ce]
RSSI: -86 [da:1e:24:c1:03:ce]
RSSI: -61 [da:20:bf:d1:15:6c]
RSSI: -88 [da:1e:24:d0:03:fe]
RSSI: -85 [da:1e:24:d0:03:fe]
RSSI: -62 [da:20:bf:e1:15:9c]
RSSI: -85 [da:1e:24:de:04:1e]
RSSI: -62 [da:20:bf:e1:15:9c]
RSSI: -85 [da:1e:24:de:04:1e]
RSSI: -63 [da:20:bf:f1:15:dc]
RSSI: -85 [da:1e:24:eb:04:3e]
RSSI: -85 [da:1e:24:eb:04:3e]
RSSI: -66 [da:20:bf:fe:15:fc]
RSSI: -66 [da:20:bf:fe:15:fc]
RSSI: -87 [da:1e:24:fa:04:6e]
RSSI: -64 [da:20:c0:0e:16:2c]
RSSI: -84 [da:1e:25:08:04:9e]
RSSI: -67 [da:20:c0:0e:16:2c]
RSSI: -65 [da:20:c0:1e:16:6c]
RSSI: -65 [da:20:c0:1e:16:6c]
RSSI: -86 [da:1e:25:15:04:be]
RSSI: -89 [da:1e:25:24:04:ee]
RSSI: -68 [da:20:c0:2b:00:0c]
RSSI: -89 [da:1e:25:24:04:ee]
RSSI: -88 [da:1e:25:24:04:ee]
RSSI: -68 [da:20:c0:2b:00:0c]
RSSI: -88 [da:1e:25:24:04:ee]
RSSI: -89 [da:1e:25:32:05:1e]
RSSI: -72 [da:20:c0:3b:00:3c]
RSSI: -88 [da:1e:25:32:05:1e]
RSSI: -74 [da:20:c0:4b:00:6c]
RSSI: -91 [da:1e:25:3f:05:3e]
RSSI: -81 [da:20:c0:4b:00:6c]
RSSI: -90 [da:1e:25:3f:05:3e]
RSSI: -85 [da:1e:25:4e:05:6e]
RSSI: -73 [da:20:c0:57:00:8c]
RSSI: -87 [da:1e:25:5c:05:8e]
RSSI: -86 [da:1e:25:5c:05:8e]
RSSI: -89 [da:1e:25:69:05:be]
RSSI: -69 [da:20:c0:77:00:fc]
RSSI: -90 [da:1e:25:78:05:de]
RSSI: -67 [da:20:c0:84:01:1c]
RSSI: -92 [da:1e:25:78:05:de]
RSSI: -67 [da:20:c0:84:01:1c]
RSSI: -67 [da:20:c0:94:01:4c]
RSSI: -69 [da:20:c0:94:01:4c]
RSSI: -69 [da:20:c0:a4:01:8c]
RSSI: -87 [da:1b:1c:82:04:6a]
RSSI: -70 [da:20:c0:a4:01:8c]
RSSI: -89 [da:1b:1c:8f:04:8a]
RSSI: -89 [da:1b:1c:8f:04:8a]
RSSI: -73 [da:20:c0:b1:01:ac]
RSSI: -91 [da:1b:1c:9d:04:aa]
RSSI: -89 [da:1b:1c:9d:04:aa]
RSSI: -76 [da:20:c0:c1:01:dc]
RSSI: -76 [da:20:c0:d1:02:1c]
RSSI: -79 [da:20:c0:d1:02:1c]
RSSI: -86 [da:1b:1c:b7:04:fa]
RSSI: -87 [da:1b:1c:b7:04:fa]
RSSI: -75 [da:20:c0:de:02:3c]
RSSI: -88 [da:1b:1c:c6:05:2a]
RSSI: -75 [da:20:c0:ee:02:6c]
RSSI: -74 [da:20:c0:ee:02:6c]
RSSI: -76 [da:20:c0:fe:02:9c]
RSSI: -87 [da:1b:1c:e0:05:6a]
RSSI: -76 [da:20:c0:fe:02:9c]
RSSI: -79 [da:20:c1:0a:02:cc]
RSSI: -83 [da:1b:1c:ee:05:9a]
RSSI: -79 [da:20:c1:0a:02:cc]
RSSI: -85 [da:1b:1c:fc:05:ba]
RSSI: -78 [da:20:c1:1b:02:fc]
RSSI: -82 [da:20:c1:1b:02:fc]
RSSI: -83 [da:20:c1:2b:03:2c]
RSSI: -81 [da:20:c1:2b:03:2c]
RSSI: -87 [da:1b:1d:17:06:0a]
RSSI: -82 [da:20:c1:37:03:5c]
RSSI: -78 [da:20:c1:37:03:5c]
RSSI: -80 [da:20:c1:47:03:8c]
RSSI: -86 [da:1b:1d:32:06:5a]
RSSI: -86 [da:1b:1d:32:06:5a]
RSSI: -77 [da:20:c1:58:03:bc]
RSSI: -77 [da:20:c1:58:03:bc]
RSSI: -87 [da:1b:1d:40:06:8a]
RSSI: -78 [da:20:c1:64:03:ec]
RSSI: -89 [da:1b:1d:4e:06:aa]
RSSI: -91 [da:1e:26:60:08:7e]
RSSI: -84 [da:20:c1:74:04:1c]
RSSI: -88 [da:1e:26:6d:08:ae]
RSSI: -78 [da:20:c1:74:04:1c]
RSSI: -81 [da:20:c1:84:04:4c]
RSSI: -84 [da:1e:26:7c:08:ce]
RSSI: -85 [da:1e:26:7c:08:ce]
RSSI: -71 [da:20:c1:91:04:6c]
RSSI: -78 [da:20:c1:91:04:6c]
RSSI: -91 [da:1b:1d:7e:07:3a]
RSSI: -82 [da:1e:26:97:09:1e]
RSSI: -75 [da:20:c1:a1:04:ac]
RSSI: -81 [da:1e:26:97:09:1e]
RSSI: -72 [da:20:c1:a1:04:ac]
RSSI: -78 [da:20:c1:b1:04:dc]
RSSI: -82 [da:1e:26:a6:09:4e]
RSSI: -80 [da:20:c1:be:04:fc]
RSSI: -82 [da:1e:26:c1:09:9e]
RSSI: -84 [da:1e:26:d0:09:be]
RSSI: -83 [da:1e:26:d0:09:be]
RSSI: -83 [da:20:c1:de:05:6c]
RSSI: -81 [da:1e:26:df:09:ee]
RSSI: -81 [da:1e:26:df:09:ee]
RSSI: -86 [da:20:c1:f3:05:ac]
RSSI: -79 [da:1e:26:ec:0a:0e]
RSSI: -75 [da:1e:26:fb:0a:3e]
RSSI: -83 [da:20:c2:20:06:3c]
RSSI: -75 [da:1e:27:16:0a:8e]
RSSI: -82 [da:20:c2:20:06:3c]
RSSI: -74 [da:1e:27:16:0a:8e]
RSSI: -81 [da:20:c2:30:06:6c]
RSSI: -74 [da:1e:27:25:0a:be]
RSSI: -85 [da:20:c2:30:06:6c]
RSSI: -73 [da:1e:27:34:0a:ee]
RSSI: -70 [da:1e:27:34:0a:ee]
RSSI: -72 [da:1e:27:40:0b:0e]
RSSI: -79 [da:20:c2:4d:06:cc]
RSSI: -82 [da:20:c2:5a:06:ec]
RSSI: -72 [da:1e:27:4f:0b:3e]
RSSI: -81 [da:20:c2:5a:06:ec]
RSSI: -71 [da:1e:27:4f:0b:3e]
RSSI: -69 [da:1e:27:5e:0b:5e]
RSSI: -72 [da:20:c2:67:07:1c]
RSSI: -71 [da:1e:27:5e:0b:5e]
RSSI: -77 [da:20:c2:73:07:3c]
RSSI: -71 [da:1e:27:6b:0b:8e]
RSSI: -70 [da:1e:27:6b:0b:8e]
RSSI: -78 [da:20:c2:80:07:6c]
RSSI: -71 [da:1e:27:7a:0b:ae]
RSSI: -71 [da:1e:27:7a:0b:ae]
RSSI: -71 [da:1e:27:7a:0b:ae]
RSSI: -82 [da:20:c2:8d:07:8c]
RSSI: -72 [da:1e:27:88:0b:de]
RSSI: -85 [da:20:c2:99:07:bc]
RSSI: -72 [da:1e:27:95:0b:fe]
RSSI: -72 [da:1e:27:95:0b:fe]
RSSI: -72 [da:1e:27:95:0b:fe]
RSSI: -90 [da:20:c2:a6:07:ec]
RSSI: -73 [da:1e:27:a4:0c:2e]
RSSI: -74 [da:1e:27:b3:0c:5e]
RSSI: -74 [da:1e:27:b3:0c:5e]
RSSI: -74 [da:1e:27:b3:0c:5e]
RSSI: -74 [da:1e:27:b3:0c:5e]
RSSI: -74 [da:1e:27:bf:0c:7e]
RSSI: -79 [da:20:c2:d9:08:8c]
RSSI: -73 [da:1e:27:ce:0c:ae]
RSSI: -75 [da:1e:27:dd:0c:ce]
RSSI: -87 [da:20:c2:e5:08:ac]
RSSI: -76 [da:1e:27:ea:0c:fe]
RSSI: -76 [da:1e:27:ea:0c:fe]
RSSI: -76 [da:1e:27:ea:0c:fe]
RSSI: -81 [da:20:c2:ff:08:fc]
RSSI: -79 [da:1e:27:f9:0d:1e]
RSSI: -81 [da:20:c3:0c:09:2c]
RSSI: -79 [da:1e:28:07:0d:4e]
RSSI: -81 [da:1e:28:07:0d:4e]
RSSI: -84 [da:20:c3:18:09:4c]
RSSI: -82 [da:1e:28:14:0d:6e]
RSSI: -78 [da:20:c3:25:09:7c]
RSSI: -79 [da:20:c3:25:09:7c]
RSSI: -80 [da:20:c3:32:09:ac]
RSSI: -77 [da:20:c3:32:09:ac]
RSSI: -87 [da:1e:28:32:0d:ce]
RSSI: -78 [da:20:c3:3e:09:cc]
RSSI: -86 [da:1e:28:3e:0d:ee]
RSSI: -85 [da:1e:28:3e:0d:ee]
RSSI: -79 [da:20:c3:58:0a:1c]
RSSI: -84 [da:1e:28:4d:0e:1e]
RSSI: -78 [da:20:c3:58:0a:1c]
RSSI: -80 [da:20:c3:65:0a:4c]
RSSI: -82 [da:1e:28:5c:0e:3e]
RSSI: -80 [da:20:c3:71:0a:6c]
RSSI: -84 [da:1e:28:69:0e:6e]
RSSI: -82 [da:20:c3:71:0a:6c]
RSSI: -83 [da:1e:28:69:0e:6e]
RSSI: -82 [da:20:c3:7e:0a:9c]
RSSI: -81 [da:20:c3:7e:0a:9c]
RSSI: -82 [da:1e:28:78:0e:9e]
RSSI: -83 [da:1e:28:78:0e:9e]
RSSI: -85 [da:20:c3:8b:0a:bc]
RSSI: -82 [da:1e:28:87:0e:be]
RSSI: -85 [da:20:c3:8b:0a:bc]
RSSI: -81 [da:1e:28:87:0e:be]
RSSI: -83 [da:20:c3:97:0a:ec]
RSSI: -89 [da:20:c3:a4:0b:1c]
RSSI: -82 [da:1e:28:93:0e:ee]
RSSI: -85 [da:20:c3:a4:0b:1c]
RSSI: -82 [da:1e:28:a2:0f:0e]
RSSI: -85 [da:20:c3:b1:0b:3c]
RSSI: -83 [da:1e:28:a2:0f:0e]
RSSI: -83 [da:20:c3:bd:0b:6c]
RSSI: -82 [da:1e:28:be:0f:5e]
RSSI: -82 [da:1e:28:be:0f:5e]
RSSI: -82 [da:20:c3:d7:0b:bc]
RSSI: -82 [da:1e:28:cd:0f:8e]
RSSI: -85 [da:20:c3:d7:0b:bc]
RSSI: -87 [da:20:c3:e4:0b:dc]
RSSI: -80 [da:1e:28:dc:0f:be]
RSSI: -84 [da:20:c3:e4:0b:dc]
RSSI: -85 [da:20:c3:f0:0c:0c]
RSSI: -83 [da:20:c3:f0:0c:0c]
RSSI: -87 [da:1e:28:e8:0f:de]
RSSI: -82 [da:1e:28:f7:10:0e]
RSSI: -83 [da:20:c3:fd:0c:3c]
RSSI: -87 [da:1e:28:f7:10:0e]
RSSI: -81 [da:20:c4:0a:0c:5c]
RSSI: -91 [da:20:c4:0a:0c:5c]
RSSI: -83 [da:1e:29:06:10:3e]
RSSI: -84 [da:20:c4:17:0c:8c]
RSSI: -83 [da:1e:29:06:10:3e]
RSSI: -79 [da:20:c4:17:0c:8c]
RSSI: -82 [da:1e:29:13:10:5e]
RSSI: -86 [da:20:c4:23:0c:ac]
RSSI: -86 [da:20:c4:23:0c:ac]
RSSI: -77 [da:20:c4:30:0c:dc]
RSSI: -83 [da:1e:29:22:10:8e]
RSSI: -84 [da:20:c4:30:0c:dc]
RSSI: -84 [da:20:c4:3d:0c:fc]
RSSI: -78 [da:20:c4:3d:0c:fc]
RSSI: -78 [da:20:c4:3d:0c:fc]
RSSI: -81 [da:20:c4:56:0d:4c]
RSSI: -89 [da:1e:29:4c:10:fe]
RSSI: -88 [da:20:c4:56:0d:4c]
RSSI: -79 [da:20:c4:63:0d:7c]
RSSI: -90 [da:1e:29:5b:11:2e]
RSSI: -82 [da:20:c4:63:0d:7c]
RSSI: -86 [da:1e:29:5b:11:2e]
RSSI: -81 [da:20:c4:63:0d:7c]
RSSI: -88 [da:20:c4:70:0d:ac]
RSSI: -77 [da:20:c4:70:0d:ac]
RSSI: -78 [da:20:c4:7d:0d:cc]
RSSI: -78 [da:20:c4:7d:0d:cc]
RSSI: -90 [da:1e:29:77:11:7e]
RSSI: -78 [da:20:c4:89:0d:fc]
RSSI: -93 [da:1e:29:77:11:7e]
RSSI: -78 [da:20:c4:89:0d:fc]
RSSI: -75 [da:20:c4:89:0d:fc]
RSSI: -86 [da:1e:29:86:11:ae]
RSSI: -75 [da:20:c4:89:0d:fc]
RSSI: -75 [da:20:c4:96:0e:1c]
RSSI: -79 [da:20:c4:96:0e:1c]
RSSI: -76 [da:20:c4:a3:0e:4c]
RSSI: -76 [da:20:c4:a3:0e:4c]
RSSI: -78 [da:20:c4:b0:0e:6c]
RSSI: -78 [da:20:c4:b0:0e:6c]
RSSI: -90 [da:1e:29:a1:11:fe]
RSSI: -74 [da:20:c4:b0:0e:6c]
RSSI: -75 [da:20:c4:bc:0e:9c]
RSSI: -88 [da:1e:29:b0:12:2e]
RSSI: -79 [da:20:c4:bc:0e:9c]
RSSI: -82 [da:20:c4:d6:0e:ec]
RSSI: -82 [da:20:c4:d6:0e:ec]
RSSI: -89 [da:1e:29:cc:12:7e]
RSSI: -81 [da:20:c4:d6:0e:ec]
RSSI: -80 [da:20:c4:e3:0f:1c]
RSSI: -88 [da:1e:29:db:12:9e]
RSSI: -85 [da:20:c4:e3:0f:1c]
RSSI: -86 [da:20:c4:ef:0f:3c]
RSSI: -88 [da:20:c4:ef:0f:3c]
RSSI: -88 [da:1e:29:e7:12:ce]
RSSI: -86 [da:20:c4:fc:0f:6c]
RSSI: -85 [da:20:c4:fc:0f:6c]
RSSI: -81 [da:20:c4:fc:0f:6c]
RSSI: -87 [da:20:c5:09:0f:8c]
RSSI: -82 [da:20:c5:09:0f:8c]
RSSI: -79 [da:20:c5:16:0f:bc]
RSSI: -80 [da:20:c5:16:0f:bc]
RSSI: -80 [da:20:c5:23:0f:dc]
RSSI: -79 [da:20:c5:23:0f:dc]
RSSI: -78 [da:20:c5:2f:10:0c]
RSSI: -87 [da:1e:2a:21:13:6e]
RSSI: -82 [da:20:c5:2f:10:0c]
RSSI: -80 [da:20:c5:3c:10:2c]
RSSI: -80 [da:20:c5:3c:10:2c]
RSSI: -83 [da:20:c5:49:10:5c]
RSSI: -81 [da:20:c5:49:10:5c]
RSSI: -82 [da:20:c5:56:10:7c]
RSSI: -80 [da:20:c5:56:10:7c]
RSSI: -81 [da:20:c5:62:10:ac]
RSSI: -81 [da:20:c5:62:10:ac]
RSSI: -90 [da:1e:2a:5a:14:0e]
RSSI: -80 [da:20:c5:6f:10:dc]
RSSI: -79 [da:20:c5:6f:10:dc]
RSSI: -79 [da:20:c5:7c:10:fc]
RSSI: -80 [da:20:c5:7c:10:fc]
RSSI: -81 [da:20:c5:89:11:2c]
RSSI: -79 [da:20:c5:89:11:2c]
RSSI: -88 [da:1e:2a:85:14:8e]
RSSI: -81 [da:20:c5:96:11:4c]
RSSI: -82 [da:20:c5:96:11:4c]
RSSI: -78 [da:20:c5:a3:11:7c]
RSSI: -88 [da:1e:2a:92:14:ae]
RSSI: -81 [da:20:c5:a3:11:7c]
RSSI: -81 [da:20:c5:af:11:ac]
RSSI: -78 [da:20:c5:af:11:ac]
RSSI: -79 [da:20:c5:bc:11:cc]
RSSI: -78 [da:20:c5:bc:11:cc]
RSSI: -77 [da:20:c5:d6:12:1c]
RSSI: -91 [da:1e:2a:cb:15:4e]
RSSI: -76 [da:20:c5:d6:12:1c]
RSSI: -78 [da:20:c5:e3:12:4c]
RSSI: -92 [da:1e:2a:da:15:7e]
RSSI: -78 [da:20:c5:e3:12:4c]
RSSI: -77 [da:20:c5:ef:12:6c]
RSSI: -76 [da:20:c5:ef:12:6c]
RSSI: -75 [da:20:c5:fc:12:9c]
RSSI: -74 [da:20:c6:09:12:cc]
RSSI: -71 [da:20:c6:09:12:cc]
RSSI: -69 [da:20:c6:16:12:ec]
RSSI: -73 [da:20:c6:16:12:ec]
RSSI: -70 [da:20:c6:22:13:1c]
RSSI: -68 [da:20:c6:22:13:1c]
RSSI: -75 [da:20:c6:2f:13:3c]
RSSI: -72 [da:20:c6:2f:13:3c]
RSSI: -80 [da:20:c6:3c:13:6c]
RSSI: -78 [da:20:c6:49:13:8c]
RSSI: -73 [da:20:c6:49:13:8c]
RSSI: -81 [da:20:c6:56:13:bc]
RSSI: -78 [da:20:c6:56:13:bc]
RSSI: -80 [da:20:c6:63:13:dc]
RSSI: -74 [da:20:c6:63:13:dc]
RSSI: -72 [da:20:c6:6f:14:0c]
RSSI: -72 [da:20:c6:6f:14:0c]
RSSI: -89 [da:1e:2b:67:00:ce]
RSSI: -70 [da:20:c6:7c:14:2c]
RSSI: -70 [da:20:c6:7c:14:2c]
RSSI: -67 [da:20:c6:7c:14:2c]
RSSI: -65 [da:20:c6:89:14:5c]
RSSI: -68 [da:20:c6:89:14:5c]
RSSI: -64 [da:20:c6:96:14:7c]
RSSI: -62 [da:20:c6:96:14:7c]
RSSI: -64 [da:20:c6:a3:14:ac]
RSSI: -64 [da:20:c6:a3:14:ac]
RSSI: -62 [da:20:c6:a3:14:ac]
RSSI: -61 [da:20:c6:b0:14:dc]
RSSI: -62 [da:20:c6:b0:14:dc]
RSSI: -61 [da:20:c6:bc:14:fc]
RSSI: -61 [da:20:c6:bc:14:fc]
RSSI: -62 [da:20:c6:c9:15:2c]
RSSI: -62 [da:20:c6:c9:15:2c]
RSSI: -60 [da:20:c6:c9:15:2c]
RSSI: -62 [da:20:c6:d6:15:4c]
RSSI: -61 [da:20:c6:e3:15:7c]
RSSI: -61 [da:20:c6:e3:15:7c]
RSSI: -62 [da:20:c6:f0:15:9c]
RSSI: -61 [da:20:c6:f0:15:9c]
RSSI: -61 [da:20:c6:f0:15:9c]
RSSI: -61 [da:20:c6:f0:15:9c]
RSSI: -61 [da:20:c6:fd:15:cc]
RSSI: -62 [da:20:c6:fd:15:cc]
RSSI: -61 [da:20:c7:09:15:ec]
RSSI: -61 [da:20:c7:09:15:ec]
RSSI: -91 [da:1e:2c:05:02:8e]
RSSI: -62 [da:20:c7:16:16:1c]
RSSI: -88 [da:1e:2c:05:02:8e]
RSSI: -61 [da:20:c7:16:16:1c]
RSSI: -61 [da:20:c7:16:16:1c]
RSSI: -87 [da:1e:2c:12:02:be]
RSSI: -62 [da:20:c7:23:16:3c]
RSSI: -87 [da:1e:2c:12:02:be]
RSSI: -64 [da:20:c7:23:16:3c]
RSSI: -63 [da:20:c7:30:16:6c]
RSSI: -63 [da:20:c7:30:16:6c]
RSSI: -85 [da:1e:2c:30:03:0e]
RSSI: -85 [da:1e:2c:30:03:0e]
RSSI: -85 [da:1e:2c:3d:03:2e]
RSSI: -65 [da:20:c7:4a:00:2c]
RSSI: -87 [da:1e:2c:3d:03:2e]
RSSI: -67 [da:20:c7:4a:00:2c]
RSSI: -67 [da:20:c7:56:00:5c]
RSSI: -85 [da:1e:2c:4c:03:5e]
RSSI: -69 [da:20:c7:56:00:5c]
RSSI: -86 [da:1e:2c:4c:03:5e]
RSSI: -72 [da:20:c7:63:00:7c]
RSSI: -89 [da:1e:2c:5b:03:8e]
RSSI: -72 [da:20:c7:63:00:7c]
RSSI: -87 [da:1e:2c:5b:03:8e]
RSSI: -79 [da:20:c7:70:00:ac]
RSSI: -89 [da:1e:2c:68:03:ae]
RSSI: -82 [da:20:c7:70:00:ac]
RSSI: -87 [da:1e:2c:68:03:ae]
RSSI: -81 [da:20:c7:7d:00:cc]
RSSI: -83 [da:20:c7:7d:00:cc]
RSSI: -86 [da:1e:2c:77:03:de]
RSSI: -80 [da:20:c7:8a:00:fc]
RSSI: -88 [da:1e:2c:77:03:de]
RSSI: -76 [da:20:c7:8a:00:fc]
RSSI: -86 [da:1e:2c:86:03:fe]
RSSI: -85 [da:1e:2c:86:03:fe]
RSSI: -74 [da:20:c7:97:01:1c]
RSSI: -75 [da:20:c7:97:01:1c]
RSSI: -73 [da:20:c7:a4:01:4c]
RSSI: -86 [da:1e:2c:92:04:1e]
RSSI: -74 [da:20:c7:a4:01:4c]
RSSI: -83 [da:1e:2c:b1:04:7e]
RSSI: -92 [da:1b:23:99:02:7a]
RSSI: -75 [da:20:c7:bd:01:9c]
RSSI: -86 [da:1e:2c:bd:04:9e]
RSSI: -76 [da:20:c7:ca:01:cc]
RSSI: -84 [da:1e:2c:bd:04:9e]
RSSI: -83 [da:20:c7:ca:01:cc]
RSSI: -78 [da:20:c7:d7:01:ec]
RSSI: -89 [da:1e:2c:cd:04:ce]
RSSI: -80 [da:20:c7:d7:01:ec]
RSSI: -87 [da:1e:2c:cd:04:ce]
RSSI: -85 [da:20:c7:e4:02:1c]
RSSI: -83 [da:20:c7:e4:02:1c]
RSSI: -87 [da:1e:2c:dc:04:ee]
RSSI: -84 [da:20:c7:e4:02:1c]
RSSI: -86 [da:20:c7:f1:02:3c]
RSSI: -89 [da:1e:2c:e8:05:1e]
RSSI: -85 [da:1e:2c:e8:05:1e]
RSSI: -83 [da:20:c7:fe:02:6c]
RSSI: -91 [da:1b:23:de:03:3a]
RSSI: -78 [da:20:c7:fe:02:6c]
RSSI: -86 [da:1e:2c:f7:05:4e]
RSSI: -89 [da:1e:2c:f7:05:4e]
RSSI: -77 [da:20:c8:0b:02:9c]
RSSI: -85 [da:1e:2d:06:05:6e]
RSSI: -93 [da:1b:23:ec:03:5a]
RSSI: -76 [da:20:c8:0b:02:9c]
RSSI: -86 [da:1e:2d:06:05:6e]
RSSI: -73 [da:20:c8:17:02:bc]
RSSI: -73 [da:20:c8:17:02:bc]
RSSI: -75 [da:20:c8:24:02:ec]
RSSI: -74 [da:20:c8:24:02:ec]
RSSI: -90 [da:1e:2d:22:05:be]
RSSI: -76 [da:20:c8:3e:03:3c]
RSSI: -77 [da:20:c8:3e:03:3c]
RSSI: -87 [da:1b:24:22:03:fa]
RSSI: -77 [da:20:c8:3e:03:3c]
RSSI: -90 [da:1b:24:22:03:fa]
RSSI: -80 [da:20:c8:4b:03:5c]
RSSI: -78 [da:20:c8:4b:03:5c]
RSSI: -85 [da:1b:24:31:04:1a]
RSSI: -88 [da:1b:24:3f:04:4a]
RSSI: -80 [da:20:c8:58:03:8c]
RSSI: -87 [da:1b:24:3f:04:4a]
RSSI: -85 [da:1b:24:3f:04:4a]
RSSI: -76 [da:20:c8:65:03:ac]
RSSI: -91 [da:1e:2d:5c:06:6e]
RSSI: -76 [da:20:c8:65:03:ac]
RSSI: -86 [da:1b:24:4c:04:6a]
RSSI: -79 [da:20:c8:72:03:dc]
RSSI: -76 [da:20:c8:72:03:dc]
RSSI: -92 [da:1e:2d:69:06:8e]
RSSI: -81 [da:1b:24:5a:04:9a]
RSSI: -79 [da:20:c8:7f:04:0c]
RSSI: -85 [da:1b:24:69:04:ba]
RSSI: -91 [da:1e:2d:78:06:be]
RSSI: -78 [da:20:c8:8b:04:2c]
RSSI: -84 [da:1b:24:75:04:ea]
RSSI: -81 [da:20:c8:98:04:5c]
RSSI: -83 [da:1b:24:75:04:ea]
RSSI: -82 [da:20:c8:98:04:5c]
RSSI: -83 [da:20:c8:a5:04:7c]
RSSI: -74 [da:20:c8:b2:04:ac]
RSSI: -83 [da:1b:24:9f:05:5a]
RSSI: -91 [da:1e:2d:b2:07:5e]
RSSI: -76 [da:20:c8:bf:04:cc]
RSSI: -82 [da:1b:24:9f:05:5a]
RSSI: -76 [da:20:c8:bf:04:cc]
RSSI: -88 [da:1e:2d:bf:07:8e]
RSSI: -81 [da:20:c8:cc:04:fc]
RSSI: -83 [da:1b:24:ad:05:8a]
RSSI: -85 [da:20:c8:e6:05:4c]
RSSI: -82 [da:1b:24:c8:05:da]
RSSI: -84 [da:20:c8:f3:05:7c]
RSSI: -79 [da:20:c8:ff:05:9c]
RSSI: -77 [da:20:c9:0d:05:cc]
RSSI: -82 [da:1b:24:f2:06:4a]
RSSI: -79 [da:1b:24:f2:06:4a]
RSSI: -85 [da:20:c9:1a:05:fc]
RSSI: -82 [da:1b:25:00:06:7a]
RSSI: -89 [da:1e:2e:15:08:7e]
RSSI: -78 [da:20:c9:26:06:1c]
RSSI: -86 [da:1e:2e:24:08:ae]
RSSI: -83 [da:1b:25:0f:06:9a]
RSSI: -87 [da:1e:2e:24:08:ae]
RSSI: -79 [da:20:c9:33:06:4c]
RSSI: -81 [da:1b:25:1b:06:ca]
RSSI: -85 [da:1e:2e:33:08:ce]
RSSI: -81 [da:1b:25:1b:06:ca]
RSSI: -84 [da:1e:2e:33:08:ce]
RSSI: -82 [da:20:c9:40:06:6c]
RSSI: -85 [da:1b:25:2a:06:ea]
RSSI: -82 [da:1b:25:2a:06:ea]
RSSI: -79 [da:20:c9:4d:06:9c]
RSSI: -86 [da:1b:25:38:07:1a]
RSSI: -83 [da:20:c9:5a:06:bc]
RSSI: -84 [da:1e:2e:5e:09:4e]
RSSI: -81 [da:20:c9:67:06:ec]
RSSI: -85 [da:1e:2e:5e:09:4e]
RSSI: -72 [da:20:c9:74:07:1c]
RSSI: -83 [da:1e:2e:6b:09:6e]
RSSI: -86 [da:1e:2e:6b:09:6e]
RSSI: -85 [da:1e:2e:6b:09:6e]
RSSI: -76 [da:20:c9:81:07:3c]
RSSI: -84 [da:1e:2e:7a:09:9e]
RSSI: -78 [da:20:c9:8e:07:6c]
RSSI: -83 [da:1e:2e:89:09:ce]
RSSI: -93 [da:1b:25:6f:07:aa]
RSSI: -83 [da:1e:2e:89:09:ce]
RSSI: -72 [da:20:c9:9a:07:8c]
RSSI: -87 [da:1b:25:7d:07:da]
RSSI: -72 [da:20:c9:9a:07:8c]
RSSI: -78 [da:20:c9:9a:07:8c]
RSSI: -81 [da:1e:2e:96:09:ee]
RSSI: -80 [da:1e:2e:96:09:ee]
RSSI: -76 [da:20:c9:a8:07:bc]
RSSI: -87 [da:1b:25:8c:08:0a]
RSSI: -80 [da:20:c9:b5:07:dc]
RSSI: -91 [da:1b:25:98:08:2a]
RSSI: -81 [da:20:c9:b5:07:dc]
RSSI: -77 [da:1e:2e:b4:0a:4e]
RSSI: -78 [da:20:c9:c1:08:0c]
RSSI: -74 [da:1e:2e:b4:0a:4e]
RSSI: -86 [da:20:c9:c1:08:0c]
RSSI: -91 [da:1b:25:a7:08:4a]
RSSI: -91 [da:20:c9:ce:08:2c]
RSSI: -75 [da:1e:2e:c1:0a:6e]
RSSI: -88 [da:1b:25:b5:08:7a]
RSSI: -90 [da:20:c9:db:08:5c]
RSSI: -75 [da:1e:2e:d0:0a:9e]
RSSI: -75 [da:1e:2e:d0:0a:9e]
RSSI: -77 [da:20:c9:e8:08:8c]
RSSI: -71 [da:1e:2e:df:0a:ce]
RSSI: -93 [da:1b:25:d0:08:ca]
RSSI: -89 [da:20:c9:e8:08:8c]
RSSI: -75 [da:1e:2e:df:0a:ce]
RSSI: -94 [da:1b:25:d0:08:ca]
RSSI: -88 [da:20:c9:f5:08:ac]
RSSI: -70 [da:1e:2e:ec:0a:ee]
RSSI: -70 [da:1e:2e:ec:0a:ee]
RSSI: -93 [da:20:ca:02:08:dc]
RSSI: -73 [da:1e:2e:fb:0b:1e]
RSSI: -82 [da:20:ca:02:08:dc]
RSSI: -80 [da:20:ca:0f:08:fc]
RSSI: -73 [da:1e:2f:0a:0b:4e]
RSSI: -72 [da:1e:2f:0a:0b:4e]
RSSI: -80 [da:20:ca:1c:09:2c]
RSSI: -80 [da:20:ca:1c:09:2c]
RSSI: -69 [da:1e:2f:17:0b:6e]
RSSI: -86 [da:20:ca:29:09:5c]
RSSI: -72 [da:1e:2f:17:0b:6e]
RSSI: -84 [da:20:ca:29:09:5c]
RSSI: -79 [da:20:ca:29:09:5c]
RSSI: -69 [da:1e:2f:26:0b:9e]
RSSI: -79 [da:20:ca:36:09:7c]
RSSI: -81 [da:20:ca:36:09:7c]
RSSI: -72 [da:1e:2f:35:0b:be]
RSSI: -79 [da:20:ca:43:09:ac]
RSSI: -71 [da:1e:2f:35:0b:be]
RSSI: -78 [da:20:ca:43:09:ac]
RSSI: -79 [da:20:ca:50:09:dc]
RSSI: -72 [da:1e:2f:42:0b:ee]
RSSI: -78 [da:20:ca:50:09:dc]
RSSI: -71 [da:1e:2f:42:0b:ee]
RSSI: -78 [da:20:ca:50:09:dc]
RSSI: -78 [da:20:ca:5d:09:fc]
RSSI: -72 [da:1e:2f:51:0c:1e]
RSSI: -78 [da:20:ca:5d:09:fc]
RSSI: -72 [da:1e:2f:60:0c:3e]
RSSI: -79 [da:20:ca:6a:0a:2c]
RSSI: -78 [da:20:ca:77:0a:4c]
RSSI: -72 [da:1e:2f:6d:0c:6e]
RSSI: -78 [da:20:ca:84:0a:7c]
RSSI: -73 [da:1e:2f:7c:0c:8e]
RSSI: -78 [da:20:ca:84:0a:7c]
RSSI: -72 [da:1e:2f:7c:0c:8e]
RSSI: -79 [da:20:ca:91:0a:ac]
RSSI: -71 [da:1e:2f:8c:0c:be]
RSSI: -79 [da:20:ca:91:0a:ac]
RSSI: -74 [da:1e:2f:8c:0c:be]
RSSI: -81 [da:20:ca:9e:0a:cc]
RSSI: -81 [da:20:ca:9e:0a:cc]
RSSI: -74 [da:1e:2f:98:0c:ee]
RSSI: -73 [da:1e:2f:98:0c:ee]
RSSI: -84 [da:20:ca:ab:0a:fc]
RSSI: -76 [da:1e:2f:a7:0d:0e]
RSSI: -86 [da:20:ca:b8:0b:1c]
RSSI: -86 [da:20:ca:b8:0b:1c]
RSSI: -79 [da:1e:2f:b7:0d:3e]
RSSI: -79 [da:1e:2f:b7:0d:3e]
RSSI: -78 [da:1e:2f:b7:0d:3e]
RSSI: -79 [da:1e:2f:c3:0d:5e]
RSSI: -82 [da:1e:2f:c3:0d:5e]
RSSI: -83 [da:1e:2f:d3:0d:8e]
RSSI: -84 [da:1e:2f:e2:0d:be]
RSSI: -85 [da:1e:2f:e2:0d:be]
RSSI: -83 [da:1e:2f:ee:0d:de]
RSSI: -85 [da:20:ca:f9:0b:ec]
RSSI: -85 [da:1e:2f:ee:0d:de]
RSSI: -81 [da:20:cb:06:0c:1c]
RSSI: -82 [da:1e:2f:fe:0e:0e]
RSSI: -81 [da:1e:2f:fe:0e:0e]
RSSI: -80 [da:20:cb:13:0c:4c]
RSSI: -82 [da:1e:30:0d:0e:3e]
RSSI: -79 [da:20:cb:13:0c:4c]
RSSI: -81 [da:1e:30:0d:0e:3e]
RSSI: -79 [da:20:cb:20:0c:6c]
RSSI: -80 [da:1e:30:1a:0e:5e]
RSSI: -78 [da:20:cb:2d:0c:9c]
RSSI: -78 [da:1e:30:29:0e:8e]
RSSI: -83 [da:20:cb:3a:0c:cc]
RSSI: -80 [da:1e:30:29:0e:8e]
RSSI: -81 [da:1e:30:38:0e:be]
RSSI: -87 [da:20:cb:47:0c:ec]
RSSI: -80 [da:1e:30:45:0e:de]
RSSI: -77 [da:20:cb:54:0d:1c]
RSSI: -82 [da:1e:30:45:0e:de]
RSSI: -77 [da:20:cb:54:0d:1c]
RSSI: -80 [da:1e:30:54:0f:0e]
RSSI: -84 [da:20:cb:61:0d:3c]
RSSI: -81 [da:1e:30:63:0f:2e]
RSSI: -78 [da:20:cb:6e:0d:6c]
RSSI: -80 [da:1e:30:63:0f:2e]
RSSI: -82 [da:20:cb:6e:0d:6c]
RSSI: -79 [da:20:cb:7b:0d:9c]
RSSI: -79 [da:1e:30:70:0f:5e]
RSSI: -81 [da:1e:30:70:0f:5e]
RSSI: -78 [da:20:cb:88:0d:bc]
RSSI: -78 [da:1e:30:7f:0f:8e]
RSSI: -75 [da:20:cb:95:0d:ec]
RSSI: -84 [da:1e:30:8f:0f:ae]
RSSI: -77 [da:20:cb:95:0d:ec]
RSSI: -82 [da:1e:30:8f:0f:ae]
RSSI: -81 [da:20:cb:a2:0e:1c]
RSSI: -77 [da:20:cb:a2:0e:1c]
RSSI: -80 [da:20:cb:af:0e:3c]
RSSI: -82 [da:1e:30:9b:0f:de]
RSSI: -80 [da:20:cb:af:0e:3c]
RSSI: -80 [da:1e:30:ab:0f:fe]
RSSI: -83 [da:1e:30:ba:10:2e]
RSSI: -85 [da:20:cb:bc:0e:6c]
RSSI: -81 [da:1e:30:ba:10:2e]
RSSI: -83 [da:20:cb:c9:0e:8c]
RSSI: -82 [da:1e:30:c6:10:5e]
RSSI: -84 [da:20:cb:e3:0e:ec]
RSSI: -82 [da:1e:30:d6:10:7e]
RSSI: -88 [da:20:cb:e3:0e:ec]
RSSI: -81 [da:1e:30:d6:10:7e]
RSSI: -87 [da:20:cb:e3:0e:ec]
RSSI: -81 [da:1e:30:e5:10:ae]
RSSI: -90 [da:20:cb:f0:0f:0c]
RSSI: -82 [da:1e:30:e5:10:ae]
RSSI: -90 [da:20:cb:f0:0f:0c]
RSSI: -87 [da:20:cb:fd:0f:3c]
RSSI: -83 [da:1e:30:f2:10:ce]
RSSI: -91 [da:20:cb:fd:0f:3c]
RSSI: -83 [da:1e:30:f2:10:ce]
RSSI: -88 [da:20:cc:0a:0f:6c]
RSSI: -85 [da:1e:31:01:10:fe]
RSSI: -84 [da:1e:31:10:11:2e]
RSSI: -84 [da:1e:31:10:11:2e]
RSSI: -86 [da:1e:31:10:11:2e]
RSSI: -87 [da:20:cc:24:0f:bc]
RSSI: -86 [da:1e:31:1d:11:4e]
RSSI: -83 [da:20:cc:31:0f:dc]
RSSI: -85 [da:1e:31:2c:11:7e]
RSSI: -82 [da:20:cc:3e:10:0c]
RSSI: -85 [da:1e:31:3c:11:ae]
RSSI: -86 [da:1e:31:3c:11:ae]
RSSI: -79 [da:20:cc:4b:10:3c]
RSSI: -78 [da:20:cc:4b:10:3c]
RSSI: -78 [da:20:cc:4b:10:3c]
RSSI: -85 [da:1e:31:48:11:ce]
RSSI: -81 [da:20:cc:58:10:5c]
RSSI: -79 [da:20:cc:58:10:5c]
RSSI: -87 [da:1e:31:58:11:fe]
RSSI: -89 [da:1e:31:58:11:fe]
RSSI: -81 [da:20:cc:65:10:8c]
RSSI: -89 [da:1e:31:58:11:fe]
RSSI: -87 [da:1e:31:67:12:2e]
RSSI: -79 [da:20:cc:72:10:bc]
RSSI: -85 [da:1e:31:67:12:2e]
RSSI: -82 [da:20:cc:7f:10:dc]
RSSI: -82 [da:20:cc:7f:10:dc]
RSSI: -91 [da:1e:31:83:12:7e]
RSSI: -84 [da:1e:31:83:12:7e]
RSSI: -87 [da:1e:31:92:12:ae]
RSSI: -80 [da:20:cc:a6:11:5c]
RSSI: -86 [da:1e:31:9f:12:ce]
RSSI: -86 [da:1e:31:9f:12:ce]
RSSI: -86 [da:1e:31:9f:12:ce]
RSSI: -80 [da:20:cc:b3:11:7c]
RSSI: -79 [da:20:cc:b3:11:7c]
RSSI: -89 [da:1e:31:ae:12:fe]
RSSI: -78 [da:20:cc:c1:11:ac]
RSSI: -93 [da:1e:31:bd:13:1e]
RSSI: -78 [da:20:cc:cd:11:cc]
RSSI: -84 [da:1e:31:ca:13:3e]
RSSI: -80 [da:20:cc:db:11:fc]
RSSI: -76 [da:20:cc:db:11:fc]
RSSI: -74 [da:20:cc:e8:12:2c]
RSSI: -85 [da:1e:31:d9:13:6e]
RSSI: -74 [da:20:cc:e8:12:2c]
RSSI: -80 [da:20:cc:e8:12:2c]
RSSI: -90 [da:1e:31:e9:13:9e]
RSSI: -76 [da:20:cc:f4:12:4c]
RSSI: -90 [da:1e:31:f5:13:be]
RSSI: -81 [da:20:cd:02:12:7c]
RSSI: -77 [da:20:cd:02:12:7c]
RSSI: -73 [da:20:cd:0f:12:9c]
RSSI: -79 [da:20:cd:0f:12:9c]
RSSI: -76 [da:20:cd:1c:12:cc]
RSSI: -71 [da:20:cd:1c:12:cc]
RSSI: -77 [da:20:cd:29:12:ec]
RSSI: -77 [da:20:cd:29:12:ec]
RSSI: -74 [da:20:cd:29:12:ec]
RSSI: -73 [da:20:cd:29:12:ec]
RSSI: -69 [da:20:cd:36:13:1c]
RSSI: -76 [da:20:cd:36:13:1c]
RSSI: -73 [da:20:cd:43:13:3c]
RSSI: -69 [da:20:cd:43:13:3c]
RSSI: -90 [da:1e:32:3f:14:9e]
RSSI: -77 [da:20:cd:50:13:6c]
RSSI: -74 [da:20:cd:50:13:6c]
RSSI: -71 [da:20:cd:5d:13:9c]
RSSI: -94 [da:1b:29:3f:12:aa]
RSSI: -81 [da:20:cd:5d:13:9c]
RSSI: -76 [da:20:cd:6a:13:bc]
RSSI: -89 [da:20:cd:77:13:ec]
RSSI: -89 [da:20:cd:77:13:ec]
RSSI: -85 [da:20:cd:85:14:1c]
RSSI: -94 [da:1e:32:77:15:3e]
RSSI: -80 [da:20:cd:91:14:3c]
RSSI: -79 [da:20:cd:91:14:3c]
RSSI: -75 [da:20:cd:9f:14:6c]
RSSI: -74 [da:20:cd:9f:14:6c]
RSSI: -72 [da:20:cd:ac:14:9c]
RSSI: -68 [da:20:cd:b8:14:bc]
RSSI: -65 [da:20:cd:c6:14:ec]
RSSI: -64 [da:20:cd:d3:15:0c]
RSSI: -62 [da:20:cd:e0:15:3c]
RSSI: -61 [da:20:cd:ed:15:6c]
RSSI: -87 [da:1e:32:ed:00:2e]
RSSI: -61 [da:20:cd:fa:15:8c]
RSSI: -59 [da:20:cd:fa:15:8c]
RSSI: -60 [da:20:ce:07:15:bc]
RSSI: -86 [da:1e:32:fa:00:4e]
RSSI: -59 [da:20:ce:07:15:bc]
RSSI: -58 [da:20:ce:14:15:dc]
RSSI: -86 [da:1e:33:09:00:7e]
RSSI: -60 [da:20:ce:22:16:0c]
RSSI: -59 [da:20:ce:22:16:0c]
RSSI: -58 [da:20:ce:2e:16:3c]
RSSI: -60 [da:20:ce:2e:16:3c]
RSSI: -59 [da:20:ce:3c:16:5c]
RSSI: -88 [da:1e:33:35:00:fe]
RSSI: -58 [da:20:ce:3c:16:5c]
RSSI: -87 [da:1e:33:35:00:fe]
RSSI: -61 [da:20:ce:49:00:0c]
RSSI: -60 [da:20:ce:49:00:0c]
RSSI: -59 [da:20:ce:56:00:2c]
RSSI: -63 [da:20:ce:56:00:2c]
RSSI: -62 [da:20:ce:63:00:5c]
RSSI: -63 [da:20:ce:63:00:5c]
RSSI: -67 [da:20:ce:70:00:7c]
RSSI: -67 [da:20:ce:70:00:7c]
RSSI: -67 [da:20:ce:70:00:7c]
RSSI: -69 [da:20:ce:7d:00:ac]
RSSI: -72 [da:20:ce:7d:00:ac]
RSSI: -73 [da:20:ce:7d:00:ac]
RSSI: -75 [da:20:ce:8a:00:dc]
RSSI: -77 [da:20:ce:8a:00:dc]
RSSI: -82 [da:20:ce:98:00:fc]
RSSI: -88 [da:20:ce:98:00:fc]
RSSI: -75 [da:20:ce:b2:01:4c]
RSSI: -92 [da:1e:33:a8:02:4e]
RSSI: -79 [da:20:ce:bf:01:7c]
RSSI: -74 [da:20:ce:bf:01:7c]
RSSI: -87 [da:1e:33:b7:02:6e]
RSSI: -77 [da:20:ce:cc:01:ac]
RSSI: -73 [da:20:ce:cc:01:ac]
RSSI: -86 [da:1e:33:c7:02:9e]
RSSI: -84 [da:1e:33:c7:02:9e]
RSSI: -76 [da:20:ce:de:01:dc]
RSSI: -84 [da:1e:33:d8:02:ce]
RSSI: -75 [da:20:ce:de:01:dc]
RSSI: -84 [da:1e:33:d8:02:ce]
RSSI: -77 [da:20:ce:ee:02:0c]
RSSI: -78 [da:20:ce:ee:02:0c]
RSSI: -83 [da:1e:33:e9:02:fe]
RSSI: -78 [da:20:ce:fb:02:3c]
RSSI: -83 [da:1e:33:e9:02:fe]
RSSI: -79 [da:20:ce:fb:02:3c]
RSSI: -83 [da:1e:33:f8:03:2e]
RSSI: -84 [da:1e:33:f8:03:2e]
RSSI: -81 [da:20:cf:08:02:6c]
RSSI: -85 [da:20:cf:08:02:6c]
RSSI: -84 [da:1e:34:05:03:4e]
RSSI: -83 [da:20:cf:16:02:8c]
RSSI: -79 [da:20:cf:22:02:bc]
RSSI: -79 [da:20:cf:22:02:bc]
RSSI: -86 [da:1e:34:24:03:ae]
RSSI: -76 [da:20:cf:30:02:dc]
RSSI: -86 [da:1e:34:24:03:ae]
RSSI: -86 [da:1e:34:24:03:ae]
RSSI: -74 [da:20:cf:30:02:dc]
RSSI: -86 [da:1e:34:30:03:ce]
RSSI: -74 [da:20:cf:4a:03:2c]
RSSI: -86 [da:1e:34:40:03:ee]
RSSI: -75 [da:20:cf:4a:03:2c]
RSSI: -77 [da:20:cf:57:03:5c]
RSSI: -86 [da:1e:34:4f:04:1e]
RSSI: -77 [da:20:cf:57:03:5c]
RSSI: -84 [da:1e:34:4f:04:1e]
RSSI: -82 [da:20:cf:65:03:8c]
RSSI: -87 [da:1e:34:5c:04:3e]
RSSI: -78 [da:20:cf:71:03:ac]
RSSI: -77 [da:20:cf:71:03:ac]
RSSI: -84 [da:20:cf:7f:03:dc]
RSSI: -80 [da:20:cf:7f:03:dc]
RSSI: -83 [da:1e:34:7b:04:9e]
RSSI: -82 [da:20:cf:8c:03:fc]
RSSI: -88 [da:1e:34:87:04:be]
RSSI: -84 [da:20:cf:99:04:2c]
RSSI: -85 [da:1e:34:97:04:ee]
RSSI: -82 [da:20:cf:a6:04:5c]
RSSI: -81 [da:20:cf:b3:04:7c]
RSSI: -80 [da:20:cf:b3:04:7c]
RSSI: -86 [da:1e:34:b3:05:3e]
RSSI: -82 [da:20:cf:c0:04:ac]
RSSI: -88 [da:1e:34:c3:05:6e]
RSSI: -88 [da:1e:34:c3:05:6e]
RSSI: -83 [da:20:cf:db:04:fc]
RSSI: -88 [da:1e:34:d2:05:9e]
RSSI: -82 [da:20:cf:db:04:fc]
RSSI: -90 [da:1e:34:d2:05:9e]
RSSI: -81 [da:20:cf:e8:05:1c]
RSSI: -85 [da:20:cf:e8:05:1c]
RSSI: -91 [da:1b:2b:cc:03:da]
RSSI: -82 [da:20:cf:f5:05:4c]
RSSI: -82 [da:20:cf:f5:05:4c]
RSSI: -90 [da:1e:34:ee:05:ee]
RSSI: -88 [da:20:d0:02:05:7c]
RSSI: -87 [da:20:d0:02:05:7c]
RSSI: -87 [da:1b:2b:f7:04:4a]
RSSI: -86 [da:1b:2b:f7:04:4a]
RSSI: -82 [da:20:d0:1d:05:cc]
RSSI: -86 [da:1b:2c:03:04:7a]
RSSI: -89 [da:20:d0:2a:05:fc]
RSSI: -84 [da:1b:2c:12:04:9a]
RSSI: -89 [da:1e:35:29:06:9e]
RSSI: -82 [da:1b:2c:12:04:9a]
RSSI: -91 [da:20:d0:37:06:1c]
RSSI: -85 [da:1b:2c:21:04:ca]
RSSI: -83 [da:1b:2c:21:04:ca]
RSSI: -86 [da:20:d0:44:06:4c]
RSSI: -91 [da:1e:35:36:06:be]
RSSI: -82 [da:20:d0:44:06:4c]
RSSI: -83 [da:1b:2c:2e:04:ea]
RSSI: -87 [da:20:d0:52:06:7c]
RSSI: -82 [da:1b:2c:2e:04:ea]
RSSI: -86 [da:20:d0:52:06:7c]
RSSI: -96 [da:1e:35:46:06:ee]
RSSI: -81 [da:1b:2c:3c:05:1a]
RSSI: -82 [da:20:d0:5e:06:9c]
RSSI: -81 [da:1b:2c:4b:05:4a]
RSSI: -81 [da:1b:2c:4b:05:4a]
RSSI: -85 [da:20:d0:6c:06:cc]
RSSI: -91 [da:1e:35:62:07:3e]
RSSI: -81 [da:1b:2c:58:05:6a]
RSSI: -84 [da:20:d0:79:06:ec]
RSSI: -80 [da:1b:2c:58:05:6a]
RSSI: -84 [da:20:d0:79:06:ec]
RSSI: -91 [da:20:d0:86:07:1c]
RSSI: -90 [da:1e:35:81:07:8e]
RSSI: -80 [da:1b:2c:67:05:9a]
RSSI: -90 [da:20:d0:86:07:1c]
RSSI: -80 [da:1b:2c:76:05:ba]
RSSI: -74 [da:20:d0:93:07:4c]
RSSI: -77 [da:20:d0:a1:07:6c]
RSSI: -81 [da:1b:2c:82:05:da]
RSSI: -80 [da:1b:2c:91:06:0a]
RSSI: -87 [da:20:d0:ad:07:9c]
RSSI: -80 [da:1b:2c:91:06:0a]
RSSI: -77 [da:20:d0:ad:07:9c]
RSSI: -74 [da:20:d0:bb:07:cc]
RSSI: -79 [da:1b:2c:a0:06:3a]
RSSI: -81 [da:1b:2c:a0:06:3a]
RSSI: -79 [da:1b:2c:ad:06:5a]
RSSI: -89 [da:1e:35:c9:08:5e]
RSSI: -84 [da:20:d0:d5:08:1c]
RSSI: -80 [da:1b:2c:bb:06:8a]
RSSI: -87 [da:1e:35:d8:08:8e]
RSSI: -78 [da:20:d0:e2:08:4c]
RSSI: -89 [da:1e:35:d8:08:8e]
RSSI: -82 [da:1b:2c:ca:06:aa]
RSSI: -83 [da:20:d0:e2:08:4c]
RSSI: -82 [da:1b:2c:ca:06:aa]
RSSI: -95 [da:20:d0:f0:08:6c]
RSSI: -89 [da:1e:35:e5:08:ae]
RSSI: -80 [da:20:d0:f0:08:6c]
RSSI: -82 [da:1b:2c:d7:06:ca]
RSSI: -86 [da:20:d0:fc:08:9c]
RSSI: -83 [da:1b:2c:d7:06:ca]
RSSI: -87 [da:1e:35:f4:08:de]
RSSI: -83 [da:1b:2c:e6:06:fa]
RSSI: -84 [da:1b:2c:e6:06:fa]
RSSI: -87 [da:1e:36:04:09:0e]
RSSI: -87 [da:1b:2c:f5:07:2a]
RSSI: -86 [da:1e:36:04:09:0e]
RSSI: -80 [da:20:d1:17:08:ec]
RSSI: -85 [da:1e:36:11:09:2e]
RSSI: -92 [da:1b:2d:01:07:4a]
RSSI: -86 [da:1e:36:11:09:2e]
RSSI: -93 [da:1b:2d:01:07:4a]
RSSI: -88 [da:20:d1:24:09:1c]
RSSI: -86 [da:1e:36:20:09:5e]
RSSI: -92 [da:1b:2d:10:07:7a]
RSSI: -87 [da:1e:36:30:09:8e]
RSSI: -82 [da:20:d1:3f:09:6c]
RSSI: -82 [da:1e:36:3c:09:ae]
RSSI: -83 [da:1e:36:3c:09:ae]
RSSI: -79 [da:1e:36:4c:09:de]
RSSI: -87 [da:20:d1:59:09:cc]
RSSI: -84 [da:20:d1:59:09:cc]
RSSI: -77 [da:1e:36:5b:0a:0e]
RSSI: -76 [da:1e:36:5b:0a:0e]
RSSI: -91 [da:1b:2d:56:08:3a]
RSSI: -76 [da:1e:36:68:0a:2e]
RSSI: -90 [da:1b:2d:56:08:3a]
RSSI: -78 [da:20:d1:8e:0a:6c]
RSSI: -71 [da:1e:36:87:0a:8e]
RSSI: -76 [da:1e:36:87:0a:8e]
RSSI: -76 [da:1e:36:87:0a:8e]
RSSI: -77 [da:20:d1:9b:0a:9c]
RSSI: -76 [da:20:d1:9b:0a:9c]
RSSI: -78 [da:20:d1:9b:0a:9c]
RSSI: -70 [da:1e:36:94:0a:ae]
RSSI: -80 [da:20:d1:a9:0a:cc]
RSSI: -80 [da:20:d1:a9:0a:cc]
RSSI: -73 [da:1e:36:a4:0a:de]
RSSI: -77 [da:20:d1:a9:0a:cc]
RSSI: -69 [da:1e:36:a4:0a:de]
RSSI: -79 [da:20:d1:b6:0a:ec]
RSSI: -74 [da:1e:36:b3:0b:0e]
RSSI: -81 [da:20:d1:b6:0a:ec]
RSSI: -74 [da:1e:36:b3:0b:0e]
RSSI: -77 [da:20:d1:c3:0b:1c]
RSSI: -72 [da:1e:36:b3:0b:0e]
RSSI: -81 [da:20:d1:c3:0b:1c]
RSSI: -84 [da:20:d1:d0:0b:4c]
RSSI: -72 [da:1e:36:c0:0b:2e]
RSSI: -79 [da:20:d1:d0:0b:4c]
RSSI: -68 [da:1e:36:cf:0b:5e]
RSSI: -81 [da:20:d1:de:0b:6c]
RSSI: -89 [da:20:d1:de:0b:6c]
RSSI: -72 [da:1e:36:cf:0b:5e]
RSSI: -90 [da:20:d1:de:0b:6c]
RSSI: -71 [da:1e:36:df:0b:7e]
RSSI: -72 [da:1e:36:df:0b:7e]
RSSI: -83 [da:20:d1:ea:0b:9c]
RSSI: -73 [da:1e:36:ec:0b:ae]
RSSI: -73 [da:1e:36:ec:0b:ae]
RSSI: -87 [da:20:d1:f8:0b:cc]
RSSI: -74 [da:1e:36:fb:0b:ce]
RSSI: -74 [da:1e:36:fb:0b:ce]
RSSI: -69 [da:1e:37:0b:0b:fe]
RSSI: -80 [da:20:d2:12:0c:1c]
RSSI: -70 [da:1e:37:0b:0b:fe]
RSSI: -91 [da:20:d2:20:0c:4c]
RSSI: -73 [da:1e:37:17:0c:2e]
RSSI: -69 [da:1e:37:17:0c:2e]
RSSI: -84 [da:20:d2:2d:0c:6c]
RSSI: -84 [da:20:d2:2d:0c:6c]
RSSI: -73 [da:1e:37:27:0c:4e]
RSSI: -83 [da:20:d2:3a:0c:9c]
RSSI: -73 [da:1e:37:37:0c:7e]
RSSI: -86 [da:20:d2:47:0c:cc]
RSSI: -71 [da:1e:37:43:0c:ae]
RSSI: -89 [da:20:d2:55:0c:ec]
RSSI: -75 [da:1e:37:43:0c:ae]
RSSI: -83 [da:20:d2:55:0c:ec]
RSSI: -73 [da:1e:37:53:0c:de]
RSSI: -88 [da:20:d2:61:0d:1c]
RSSI: -91 [da:20:d2:61:0d:1c]
RSSI: -77 [da:1e:37:62:0c:fe]
RSSI: -88 [da:20:d2:6f:0d:4c]
RSSI: -77 [da:1e:37:62:0c:fe]
RSSI: -85 [da:20:d2:6f:0d:4c]
RSSI: -90 [da:20:d2:7d:0d:6c]
RSSI: -79 [da:1e:37:6f:0d:2e]
RSSI: -80 [da:1e:37:6f:0d:2e]
RSSI: -79 [da:20:d2:89:0d:9c]
RSSI: -81 [da:1e:37:7f:0d:5e]
RSSI: -78 [da:20:d2:97:0d:bc]
RSSI: -84 [da:20:d2:a4:0d:ec]
RSSI: -87 [da:20:d2:a4:0d:ec]
RSSI: -84 [da:1e:37:9b:0d:ae]
RSSI: -81 [da:1e:37:ab:0d:de]
RSSI: -80 [da:20:d2:be:0e:3c]
RSSI: -79 [da:1e:37:ba:0d:fe]
RSSI: -80 [da:20:d2:cc:0e:6c]
RSSI: -78 [da:20:d2:cc:0e:6c]
RSSI: -81 [da:1e:37:c7:0e:1e]
RSSI: -80 [da:20:d2:d9:0e:9c]
RSSI: -79 [da:1e:37:d7:0e:4e]
RSSI: -82 [da:1e:37:d7:0e:4e]
RSSI: -77 [da:20:d2:e6:0e:bc]
RSSI: -79 [da:1e:37:e6:0e:7e]
RSSI: -79 [da:1e:37:e6:0e:7e]
RSSI: -76 [da:20:d2:f4:0e:ec]
RSSI: -81 [da:1e:37:e6:0e:7e]
RSSI: -76 [da:20:d3:00:0f:1c]
RSSI: -80 [da:1e:37:f3:0e:9e]
RSSI: -75 [da:20:d3:00:0f:1c]
RSSI: -79 [da:20:d3:1c:0f:6c]
RSSI: -81 [da:20:d3:28:0f:9c]
RSSI: -80 [da:1e:38:1f:0f:1e]
RSSI: -81 [da:20:d3:28:0f:9c]
RSSI: -79 [da:1e:38:1f:0f:1e]
RSSI: -78 [da:20:d3:28:0f:9c]
RSSI: -76 [da:20:d3:36:0f:bc]
RSSI: -80 [da:1e:38:2e:0f:4e]
RSSI: -82 [da:20:d3:36:0f:bc]
RSSI: -80 [da:1e:38:2e:0f:4e]
RSSI: -79 [da:20:d3:43:0f:ec]
RSSI: -78 [da:1e:38:3e:0f:7e]
RSSI: -77 [da:20:d3:43:0f:ec]
RSSI: -79 [da:1e:38:3e:0f:7e]
RSSI: -79 [da:20:d3:50:10:1c]
RSSI: -82 [da:1e:38:4b:0f:9e]
RSSI: -79 [da:1e:38:4b:0f:9e]
RSSI: -78 [da:20:d3:5e:10:3c]
RSSI: -83 [da:1e:38:5a:0f:ce]
RSSI: -76 [da:20:d3:6b:10:6c]
RSSI: -75 [da:20:d3:6b:10:6c]
RSSI: -83 [da:1e:38:6a:0f:fe]
RSSI: -82 [da:1e:38:6a:0f:fe]
RSSI: -78 [da:20:d3:78:10:9c]
RSSI: -78 [da:1e:38:77:10:1e]
RSSI: -82 [da:1e:38:77:10:1e]
RSSI: -81 [da:20:d3:86:10:bc]
RSSI: -78 [da:1e:38:86:10:4e]
RSSI: -81 [da:1e:38:96:10:7e]
RSSI: -83 [da:1e:38:96:10:7e]
RSSI: -79 [da:20:d3:a0:11:1c]
RSSI: -83 [da:1e:38:96:10:7e]
RSSI: -80 [da:20:d3:ad:11:3c]
RSSI: -84 [da:1e:38:a3:10:ae]
RSSI: -79 [da:20:d3:ad:11:3c]
RSSI: -86 [da:1e:38:a3:10:ae]
RSSI: -78 [da:20:d3:bb:11:6c]
RSSI: -79 [da:20:d3:bb:11:6c]
RSSI: -86 [da:1e:38:b2:10:ce]
RSSI: -78 [da:20:d3:c8:11:9c]
RSSI: -78 [da:20:d3:c8:11:9c]
RSSI: -77 [da:20:d3:c8:11:9c]
RSSI: -85 [da:1e:38:c2:10:fe]
RSSI: -79 [da:20:d3:d5:11:bc]
RSSI: -78 [da:20:d3:d5:11:bc]
RSSI: -84 [da:1e:38:cf:11:2e]
RSSI: -78 [da:20:d3:d5:11:bc]
RSSI: -77 [da:20:d3:e3:11:ec]
RSSI: -83 [da:1e:38:de:11:5e]
RSSI: -77 [da:20:d3:ef:12:1c]
RSSI: -74 [da:20:d3:ef:12:1c]
RSSI: -83 [da:1e:38:ee:11:7e]
RSSI: -77 [da:20:d3:fd:12:3c]
RSSI: -84 [da:1e:38:ee:11:7e]
RSSI: -76 [da:20:d3:fd:12:3c]
RSSI: -89 [da:1e:38:fb:11:ae]
RSSI: -79 [da:20:d4:0b:12:6c]
RSSI: -72 [da:20:d4:17:12:9c]
RSSI: -90 [da:1e:39:0a:11:de]
RSSI: -77 [da:20:d4:25:12:bc]
RSSI: -76 [da:20:d4:25:12:bc]
RSSI: -79 [da:20:d4:33:12:ec]
RSSI: -88 [da:1e:39:27:12:2e]
RSSI: -86 [da:1e:39:46:12:7e]
RSSI: -73 [da:20:d4:4d:13:3c]
RSSI: -83 [da:1e:39:46:12:7e]
RSSI: -75 [da:20:d4:5b:13:6c]
RSSI: -89 [da:1e:39:53:12:9e]
RSSI: -89 [da:1e:39:53:12:9e]
RSSI: -71 [da:20:d4:5b:13:6c]
RSSI: -69 [da:20:d4:67:13:9c]
RSSI: -76 [da:20:d4:67:13:9c]
RSSI: -72 [da:20:d4:75:13:bc]
RSSI: -92 [da:1e:39:62:12:ce]
RSSI: -70 [da:20:d4:75:13:bc]
RSSI: -85 [da:1e:39:72:12:fe]
RSSI: -96 [da:1e:39:72:12:fe]
RSSI: -79 [da:20:d4:83:13:ec]
RSSI: -76 [da:20:d4:83:13:ec]
RSSI: -82 [da:1e:39:7f:13:2e]
RSSI: -73 [da:20:d4:8f:14:1c]
RSSI: -86 [da:20:d4:8f:14:1c]
RSSI: -86 [da:1e:39:8f:13:4e]
RSSI: -83 [da:20:d4:9d:14:3c]
RSSI: -82 [da:20:d4:9d:14:3c]
RSSI: -90 [da:1e:39:9e:13:7e]
RSSI: -79 [da:20:d4:ab:14:6c]
RSSI: -77 [da:20:d4:ab:14:6c]
RSSI: -73 [da:20:d4:b7:14:8c]
RSSI: -69 [da:20:d4:c5:14:bc]
RSSI: -87 [da:1e:39:bb:13:ce]
RSSI: -69 [da:20:d4:d3:14:ec]
RSSI: -68 [da:20:d4:d3:14:ec]
RSSI: -68 [da:20:d4:d3:14:ec]
RSSI: -68 [da:20:d4:df:15:0c]
RSSI: -68 [da:20:d4:df:15:0c]
RSSI: -67 [da:20:d4:ed:15:3c]
RSSI: -67 [da:20:d4:ed:15:3c]
RSSI: -90 [da:1e:39:e7:14:4e]
RSSI: -66 [da:20:d4:fb:15:6c]
RSSI: -67 [da:20:d5:07:15:8c]
RSSI: -86 [da:1e:3a:03:14:9e]
RSSI: -65 [da:20:d5:07:15:8c]
RSSI: -67 [da:20:d5:15:15:bc]
RSSI: -65 [da:20:d5:15:15:bc]
RSSI: -87 [da:1e:3a:13:14:ce]
RSSI: -86 [da:1e:3a:13:14:ce]
RSSI: -64 [da:20:d5:23:15:ec]
RSSI: -85 [da:1e:3a:13:14:ce]
RSSI: -65 [da:20:d5:23:15:ec]
RSSI: -63 [da:20:d5:2f:16:0c]
RSSI: -87 [da:1e:3a:23:14:fe]
RSSI: -62 [da:20:d5:2f:16:0c]
RSSI: -62 [da:20:d5:3d:16:3c]
RSSI: -87 [da:1e:3a:2f:15:1e]
RSSI: -61 [da:20:d5:4b:16:6c]
RSSI: -61 [da:20:d5:4b:16:6c]
RSSI: -89 [da:1e:3a:4f:15:6e]
RSSI: -62 [da:20:d5:57:00:0c]
RSSI: -90 [da:1e:3a:4f:15:6e]
RSSI: -61 [da:20:d5:57:00:0c]
RSSI: -91 [da:1e:3a:5b:15:8e]
RSSI: -63 [da:20:d5:65:00:2c]
RSSI: -62 [da:20:d5:73:00:5c]
RSSI: -63 [da:20:d5:7f:00:8c]
RSSI: -92 [da:1e:3a:7b:15:ee]
RSSI: -67 [da:20:d5:8d:00:ac]
RSSI: -67 [da:20:d5:8d:00:ac]
RSSI: -70 [da:20:d5:9b:00:dc]
RSSI: -70 [da:20:d5:9b:00:dc]
RSSI: -74 [da:20:d5:a7:00:fc]
RSSI: -75 [da:20:d5:a7:00:fc]
RSSI: -85 [da:1e:3a:a7:16:6e]
RSSI: -80 [da:20:d5:b5:01:2c]
RSSI: -82 [da:20:d5:b5:01:2c]
RSSI: -92 [da:20:d5:b5:01:2c]
RSSI: -84 [da:20:d5:c3:01:5c]
RSSI: -77 [da:20:d5:cf:01:7c]
RSSI: -73 [da:20:d5:cf:01:7c]
RSSI: -78 [da:20:d5:dd:01:ac]
RSSI: -74 [da:20:d5:dd:01:ac]
RSSI: -76 [da:20:d5:eb:01:dc]
RSSI: -74 [da:20:d5:f8:01:fc]
RSSI: -86 [da:1e:3a:f0:00:de]
RSSI: -77 [da:20:d6:05:02:2c]
RSSI: -81 [da:20:d6:13:02:5c]
RSSI: -88 [da:20:d6:2e:02:ac]
RSSI: -90 [da:1e:3b:2c:01:7e]
RSSI: -84 [da:20:d6:3b:02:dc]
RSSI: -81 [da:20:d6:48:02:fc]
RSSI: -77 [da:20:d6:56:03:2c]
RSSI: -77 [da:20:d6:56:03:2c]
RSSI: -78 [da:20:d6:63:03:5c]
RSSI: -87 [da:1e:3b:58:01:fe]
RSSI: -76 [da:20:d6:63:03:5c]
RSSI: -86 [da:1e:3b:58:01:fe]
RSSI: -76 [da:20:d6:63:03:5c]
RSSI: -78 [da:20:d6:70:03:7c]
RSSI: -77 [da:20:d6:7e:03:ac]
RSSI: -80 [da:20:d6:8c:03:dc]
RSSI: -82 [da:1e:3b:84:02:7e]
RSSI: -78 [da:20:d6:8c:03:dc]
RSSI: -82 [da:1e:3b:91:02:ae]
RSSI: -80 [da:20:d6:98:03:fc]
RSSI: -82 [da:1e:3b:91:02:ae]
RSSI: -75 [da:20:d6:a6:04:2c]
RSSI: -82 [da:1e:3b:a1:02:ce]
RSSI: -83 [da:1e:3b:a1:02:ce]
RSSI: -82 [da:1e:3b:a1:02:ce]
RSSI: -76 [da:20:d6:b4:04:5c]
RSSI: -81 [da:1e:3b:b1:02:fe]
RSSI: -81 [da:20:d6:c0:04:7c]
RSSI: -79 [da:20:d6:c0:04:7c]
RSSI: -83 [da:1e:3b:bd:03:1e]
RSSI: -87 [da:20:d6:ce:04:ac]
RSSI: -83 [da:20:d6:dc:04:dc]
RSSI: -84 [da:20:d6:dc:04:dc]
RSSI: -80 [da:20:d6:dc:04:dc]
RSSI: -86 [da:1e:3b:dd:03:7e]
RSSI: -84 [da:20:d6:e9:04:fc]
RSSI: -85 [da:20:d6:e9:04:fc]
RSSI: -86 [da:1e:3b:e9:03:9e]
RSSI: -87 [da:20:d6:f6:05:2c]
RSSI: -85 [da:1e:3b:e9:03:9e]
RSSI: -86 [da:20:d6:f6:05:2c]
RSSI: -84 [da:20:d7:04:05:5c]
RSSI: -85 [da:1e:3b:f9:03:ce]
RSSI: -81 [da:20:d7:04:05:5c]
RSSI: -86 [da:20:d7:11:05:7c]
RSSI: -80 [da:20:d7:11:05:7c]
RSSI: -85 [da:1e:3c:09:03:fe]
RSSI: -85 [da:1e:3c:16:04:1e]
RSSI: -88 [da:1e:3c:26:04:4e]
RSSI: -85 [da:1e:3c:35:04:7e]
RSSI: -84 [da:1e:3c:35:04:7e]
RSSI: -87 [da:20:d7:47:06:2c]
RSSI: -86 [da:1e:3c:42:04:9e]
RSSI: -87 [da:20:d7:55:06:5c]
RSSI: -85 [da:20:d7:55:06:5c]
RSSI: -87 [da:20:d7:55:06:5c]
RSSI: -85 [da:1e:3c:52:04:ce]
RSSI: -84 [da:1e:3c:52:04:ce]
RSSI: -83 [da:20:d7:61:06:7c]
RSSI: -91 [da:20:d7:6f:06:ac]
RSSI: -85 [da:1e:3c:6e:05:1e]
RSSI: -88 [da:20:d7:7d:06:dc]
RSSI: -86 [da:1e:3c:6e:05:1e]
RSSI: -84 [da:1e:3c:6e:05:1e]
RSSI: -85 [da:20:d7:7d:06:dc]
RSSI: -94 [da:1b:33:67:03:7a]
RSSI: -82 [da:20:d7:8a:06:fc]
RSSI: -87 [da:1e:3c:8e:05:7e]
RSSI: -91 [da:1e:3c:8e:05:7e]
RSSI: -79 [da:20:d7:97:07:2c]
RSSI: -88 [da:1e:3c:9b:05:9e]
RSSI: -81 [da:20:d7:a5:07:5c]
RSSI: -77 [da:20:d7:b2:07:8c]
RSSI: -90 [da:1e:3c:ab:05:ce]
RSSI: -95 [da:1e:3c:ba:05:fe]
RSSI: -75 [da:20:d7:cd:07:dc]
RSSI: -75 [da:20:d7:da:08:0c]
RSSI: -87 [da:1b:33:bd:04:7a]
RSSI: -81 [da:20:d7:da:08:0c]
RSSI: -76 [da:20:d7:e8:08:2c]
RSSI: -79 [da:20:d7:e8:08:2c]
RSSI: -89 [da:1e:3c:e7:06:7e]
RSSI: -90 [da:1e:3c:f3:06:9e]
RSSI: -85 [da:20:d8:02:08:8c]
RSSI: -87 [da:1b:33:e8:04:ea]
RSSI: -83 [da:20:d8:02:08:8c]
RSSI: -87 [da:1b:33:e8:04:ea]
RSSI: -88 [da:20:d8:10:08:ac]
RSSI: -91 [da:1e:3d:13:06:ee]
RSSI: -86 [da:20:d8:1e:08:dc]
RSSI: -89 [da:1e:3d:13:06:ee]
RSSI: -88 [da:1e:3d:13:06:ee]
RSSI: -87 [da:1b:34:04:05:3a]
RSSI: -87 [da:1e:3d:20:07:1e]
RSSI: -86 [da:1b:34:13:05:6a]
RSSI: -86 [da:1b:34:13:05:6a]
RSSI: -86 [da:1b:34:13:05:6a]
RSSI: -87 [da:1e:3d:30:07:4e]
RSSI: -88 [da:1e:3d:40:07:6e]
RSSI: -87 [da:1b:34:2f:05:ba]
RSSI: -83 [da:20:d8:53:09:8c]
RSSI: -89 [da:1e:3d:4c:07:9e]
RSSI: -88 [da:1e:3d:4c:07:9e]
RSSI: -88 [da:1b:34:3e:05:ea]
RSSI: -88 [da:1e:3d:4c:07:9e]
RSSI: -91 [da:20:d8:61:09:bc]
RSSI: -88 [da:1b:34:3e:05:ea]
RSSI: -83 [da:20:d8:61:09:bc]
RSSI: -88 [da:1e:3d:5c:07:ce]
RSSI: -87 [da:1b:34:4d:06:0a]
RSSI: -87 [da:1e:3d:5c:07:ce]
RSSI: -87 [da:20:d8:6f:09:dc]
RSSI: -87 [da:1e:3d:6c:07:fe]
RSSI: -83 [da:20:d8:7b:0a:0c]
RSSI: -86 [da:1e:3d:6c:07:fe]
RSSI: -87 [da:1b:34:5a:06:3a]
RSSI: -83 [da:20:d8:7b:0a:0c]
RSSI: -82 [da:20:d8:7b:0a:0c]
RSSI: -82 [da:20:d8:7b:0a:0c]
RSSI: -84 [da:1e:3d:79:08:1e]
RSSI: -88 [da:1b:34:69:06:5a]
RSSI: -82 [da:20:d8:89:0a:3c]
RSSI: -89 [da:1b:34:69:06:5a]
RSSI: -82 [da:20:d8:89:0a:3c]
RSSI: -81 [da:20:d8:97:0a:5c]
RSSI: -83 [da:1e:3d:89:08:4e]
RSSI: -83 [da:20:d8:97:0a:5c]
RSSI: -82 [da:1e:3d:99:08:7e]
RSSI: -83 [da:20:d8:a4:0a:8c]
RSSI: -82 [da:1e:3d:99:08:7e]
RSSI: -82 [da:20:d8:a4:0a:8c]
RSSI: -88 [da:1b:34:94:06:da]
RSSI: -81 [da:1e:3d:a5:08:9e]
RSSI: -84 [da:20:d8:b2:0a:bc]
RSSI: -90 [da:1b:34:94:06:da]
RSSI: -80 [da:1e:3d:b5:08:ce]
RSSI: -81 [da:20:d8:c0:0a:ec]
RSSI: -92 [da:1b:34:a4:07:0a]
RSSI: -81 [da:1e:3d:b5:08:ce]
RSSI: -93 [da:1b:34:b0:07:2a]
RSSI: -80 [da:20:d8:cc:0b:0c]
RSSI: -83 [da:1e:3d:c5:08:fe]
RSSI: -83 [da:20:d8:da:0b:3c]
RSSI: -83 [da:1e:3d:d2:09:1e]
RSSI: -91 [da:1b:34:c0:07:5a]
RSSI: -80 [da:20:d8:da:0b:3c]
RSSI: -85 [da:1e:3d:d2:09:1e]
RSSI: -80 [da:20:d8:e8:0b:6c]
RSSI: -84 [da:20:d8:e8:0b:6c]
RSSI: -81 [da:1e:3d:e2:09:4e]
RSSI: -81 [da:20:d8:f5:0b:8c]
RSSI: -81 [da:1e:3d:f2:09:7e]
RSSI: -80 [da:20:d8:f5:0b:8c]
RSSI: -81 [da:1e:3d:f2:09:7e]
RSSI: -90 [da:20:d9:03:0b:bc]
RSSI: -84 [da:20:d9:03:0b:bc]
RSSI: -78 [da:1e:3d:fe:09:9e]
RSSI: -77 [da:1e:3d:fe:09:9e]
RSSI: -76 [da:1e:3e:0e:09:ce]
RSSI: -79 [da:20:d9:1d:0c:0c]
RSSI: -73 [da:1e:3e:1e:09:fe]
RSSI: -91 [da:20:d9:2b:0c:3c]
RSSI: -74 [da:1e:3e:1e:09:fe]
RSSI: -72 [da:1e:3e:2b:0a:1e]
RSSI: -72 [da:1e:3e:2b:0a:1e]
RSSI: -70 [da:1e:3e:3b:0a:4e]
RSSI: -72 [da:1e:3e:4b:0a:7e]
RSSI: -87 [da:20:d9:53:0c:bc]
RSSI: -71 [da:1e:3e:57:0a:9e]
RSSI: -71 [da:1e:3e:57:0a:9e]
RSSI: -70 [da:1e:3e:67:0a:ce]
RSSI: -87 [da:20:d9:6e:0d:1c]
RSSI: -70 [da:1e:3e:67:0a:ce]
RSSI: -69 [da:1e:3e:67:0a:ce]
RSSI: -82 [da:20:d9:7c:0d:4c]
RSSI: -66 [da:1e:3e:77:0a:fe]
RSSI: -84 [da:20:d9:8a:0d:6c]
RSSI: -87 [da:20:d9:8a:0d:6c]
RSSI: -68 [da:1e:3e:84:0b:1e]
RSSI: -86 [da:20:d9:8a:0d:6c]
RSSI: -66 [da:1e:3e:84:0b:1e]
RSSI: -80 [da:20:d9:96:0d:9c]
RSSI: -69 [da:1e:3e:94:0b:4e]
RSSI: -87 [da:20:d9:a4:0d:cc]
RSSI: -70 [da:1e:3e:a4:0b:7e]
RSSI: -81 [da:20:d9:b2:0d:fc]
RSSI: -67 [da:1e:3e:b0:0b:9e]
RSSI: -70 [da:1e:3e:b0:0b:9e]
RSSI: -80 [da:20:d9:bf:0e:1c]
RSSI: -81 [da:20:d9:cd:0e:4c]
RSSI: -67 [da:1e:3e:c0:0b:ce]
RSSI: -82 [da:20:d9:cd:0e:4c]
RSSI: -82 [da:20:d9:cd:0e:4c]
RSSI: -71 [da:1e:3e:d0:0b:fe]
RSSI: -77 [da:20:d9:db:0e:7c]
RSSI: -71 [da:1e:3e:dd:0c:2e]
RSSI: -81 [da:20:d9:e7:0e:9c]
RSSI: -71 [da:1e:3e:dd:0c:2e]
RSSI: -79 [da:20:d9:e7:0e:9c]
RSSI: -71 [da:1e:3e:dd:0c:2e]
RSSI: -83 [da:20:da:03:0e:fc]
RSSI: -82 [da:20:da:10:0f:1c]
RSSI: -75 [da:1e:3f:09:0c:ae]
RSSI: -83 [da:20:da:10:0f:1c]
RSSI: -73 [da:1e:3f:09:0c:ae]
RSSI: -85 [da:20:da:1e:0f:4c]
RSSI: -78 [da:1e:3f:19:0c:de]
RSSI: -78 [da:1e:3f:19:0c:de]
RSSI: -79 [da:1e:3f:29:0d:0e]
RSSI: -88 [da:20:da:38:0f:ac]
RSSI: -80 [da:1e:3f:36:0d:2e]
RSSI: -83 [da:1e:3f:36:0d:2e]
RSSI: -83 [da:1e:3f:46:0d:5e]
RSSI: -90 [da:20:da:54:0f:fc]
RSSI: -83 [da:1e:3f:56:0d:8e]
RSSI: -83 [da:1e:3f:56:0d:8e]
RSSI: -81 [da:1e:3f:62:0d:ae]
RSSI: -89 [da:20:da:6f:10:5c]
RSSI: -81 [da:1e:3f:62:0d:ae]
RSSI: -88 [da:20:da:7d:10:7c]
RSSI: -79 [da:1e:3f:73:0d:de]
RSSI: -88 [da:20:da:7d:10:7c]
RSSI: -89 [da:20:da:8a:10:ac]
RSSI: -79 [da:1e:3f:82:0e:0e]
RSSI: -81 [da:20:da:8a:10:ac]
RSSI: -90 [da:20:da:98:10:dc]
RSSI: -77 [da:1e:3f:8f:0e:2e]
RSSI: -88 [da:20:da:a6:10:fc]
RSSI: -77 [da:1e:3f:9f:0e:5e]
RSSI: -78 [da:1e:3f:9f:0e:5e]
RSSI: -78 [da:1e:3f:af:0e:7e]
RSSI: -85 [da:20:da:c0:11:5c]
RSSI: -78 [da:1e:3f:bc:0e:ae]
RSSI: -79 [da:1e:3f:bc:0e:ae]
RSSI: -84 [da:20:da:ce:11:7c]
RSSI: -83 [da:20:da:ce:11:7c]
RSSI: -78 [da:1e:3f:cc:0e:de]
RSSI: -79 [da:20:da:db:11:ac]
RSSI: -78 [da:1e:3f:cc:0e:de]
RSSI: -85 [da:20:da:db:11:ac]
RSSI: -79 [da:1e:3f:dc:0f:0e]
RSSI: -80 [da:20:da:e9:11:dc]
RSSI: -84 [da:20:da:f7:12:0c]
RSSI: -80 [da:1e:3f:e8:0f:2e]
RSSI: -80 [da:20:da:f7:12:0c]
RSSI: -79 [da:1e:3f:e8:0f:2e]
RSSI: -80 [da:1e:40:08:0f:8e]
RSSI: -80 [da:1e:40:08:0f:8e]
RSSI: -77 [da:20:db:12:12:5c]
RSSI: -80 [da:1e:40:08:0f:8e]
RSSI: -78 [da:20:db:1f:12:8c]
RSSI: -79 [da:1e:40:15:0f:ae]
RSSI: -78 [da:20:db:1f:12:8c]
RSSI: -80 [da:20:db:2c:12:ac]
RSSI: -80 [da:1e:40:25:0f:de]
RSSI: -80 [da:20:db:2c:12:ac]
RSSI: -79 [da:1e:40:25:0f:de]
RSSI: -76 [da:20:db:3a:12:dc]
RSSI: -82 [da:20:db:3a:12:dc]
RSSI: -82 [da:20:db:48:13:0c]
RSSI: -82 [da:1e:40:42:10:2e]
RSSI: -79 [da:20:db:55:13:2c]
RSSI: -78 [da:20:db:55:13:2c]
RSSI: -83 [da:1e:40:52:10:5e]
RSSI: -83 [da:1e:40:52:10:5e]
RSSI: -77 [da:20:db:63:13:5c]
RSSI: -82 [da:1e:40:62:10:8e]
RSSI: -77 [da:20:db:63:13:5c]
RSSI: -85 [da:1e:40:62:10:8e]
RSSI: -76 [da:20:db:71:13:8c]
RSSI: -74 [da:20:db:71:13:8c]
RSSI: -84 [da:1e:40:6e:10:ae]
RSSI: -77 [da:20:db:7d:13:ac]
RSSI: -84 [da:1e:40:6e:10:ae]
RSSI: -75 [da:20:db:7d:13:ac]
RSSI: -85 [da:1e:40:7f:10:de]
RSSI: -79 [da:20:db:8c:13:dc]
RSSI: -83 [da:1e:40:8f:11:0e]
RSSI: -72 [da:20:db:9a:14:0c]
RSSI: -83 [da:1e:40:8f:11:0e]
RSSI: -81 [da:20:db:a6:14:2c]
RSSI: -84 [da:1e:40:9b:11:2e]
RSSI: -86 [da:1e:40:ab:11:5e]
RSSI: -86 [da:1e:40:ab:11:5e]
RSSI: -81 [da:20:db:c2:14:8c]
RSSI: -88 [da:1e:40:bb:11:8e]
RSSI: -73 [da:20:db:cf:14:ac]
RSSI: -84 [da:1e:40:c8:11:ae]
RSSI: -76 [da:20:db:cf:14:ac]
RSSI: -87 [da:1e:40:c8:11:ae]
RSSI: -70 [da:20:db:dd:14:dc]
RSSI: -68 [da:20:db:dd:14:dc]
RSSI: -84 [da:1e:40:d8:11:de]
RSSI: -82 [da:1e:40:d8:11:de]
RSSI: -68 [da:20:db:eb:15:0c]
RSSI: -84 [da:1e:40:e8:12:0e]
RSSI: -83 [da:1e:40:e8:12:0e]
RSSI: -69 [da:20:db:f8:15:2c]
RSSI: -85 [da:1e:40:f5:12:2e]
RSSI: -85 [da:1e:40:f5:12:2e]
RSSI: -66 [da:20:dc:06:15:5c]
RSSI: -67 [da:20:dc:14:15:8c]
RSSI: -67 [da:20:dc:14:15:8c]
RSSI: -66 [da:20:dc:14:15:8c]
RSSI: -88 [da:1e:41:15:12:8e]
RSSI: -87 [da:1e:41:15:12:8e]
RSSI: -66 [da:20:dc:20:15:bc]
RSSI: -65 [da:20:dc:20:15:bc]
RSSI: -68 [da:20:dc:34:15:ec]
RSSI: -65 [da:20:dc:34:15:ec]
RSSI: -89 [da:1e:41:32:12:de]
RSSI: -66 [da:20:dc:34:15:ec]
RSSI: -88 [da:1e:41:32:12:de]
RSSI: -65 [da:20:dc:44:16:2c]
RSSI: -68 [da:20:dc:44:16:2c]
RSSI: -86 [da:1e:41:42:13:0e]
RSSI: -65 [da:20:dc:50:16:4c]
RSSI: -65 [da:20:dc:50:16:4c]
RSSI: -85 [da:1e:41:4e:13:3e]
RSSI: -85 [da:1e:41:4e:13:3e]
RSSI: -87 [da:1e:41:4e:13:3e]
RSSI: -65 [da:20:dc:5f:16:7c]
RSSI: -89 [da:1e:41:5e:13:6e]
RSSI: -68 [da:20:dc:6d:00:2c]
RSSI: -88 [da:1e:41:5e:13:6e]
RSSI: -65 [da:20:dc:79:00:5c]
RSSI: -66 [da:20:dc:87:00:8c]
RSSI: -65 [da:20:dc:87:00:8c]
RSSI: -67 [da:20:dc:95:00:ac]
RSSI: -90 [da:1e:41:8b:13:ee]
RSSI: -68 [da:20:dc:a2:00:dc]
RSSI: -85 [da:1e:41:9b:14:0e]
RSSI: -70 [da:20:dc:a2:00:dc]
RSSI: -81 [da:1e:41:9b:14:0e]
RSSI: -71 [da:20:dc:b0:01:0c]
RSSI: -72 [da:20:dc:b0:01:0c]
RSSI: -85 [da:1e:41:a8:14:3e]
RSSI: -75 [da:20:dc:be:01:2c]
RSSI: -87 [da:1e:41:b8:14:6e]
RSSI: -85 [da:1e:41:b8:14:6e]
RSSI: -82 [da:20:dc:cb:01:5c]
RSSI: -88 [da:1e:41:c8:14:8e]
RSSI: -88 [da:20:dc:d9:01:8c]
RSSI: -89 [da:1e:41:d5:14:be]
RSSI: -90 [da:1e:41:d5:14:be]
RSSI: -86 [da:20:dc:e7:01:bc]
RSSI: -83 [da:20:dc:e7:01:bc]
RSSI: -87 [da:1e:41:e5:14:de]
RSSI: -78 [da:20:dc:f4:01:dc]
RSSI: -80 [da:20:dc:f4:01:dc]
RSSI: -88 [da:1e:41:f5:15:0e]
RSSI: -78 [da:20:dd:02:02:0c]
RSSI: -77 [da:20:dd:02:02:0c]
RSSI: -78 [da:20:dd:10:02:3c]
RSSI: -88 [da:1e:42:02:15:3e]
RSSI: -78 [da:20:dd:10:02:3c]
RSSI: -76 [da:20:dd:10:02:3c]
RSSI: -77 [da:20:dd:1d:02:5c]
RSSI: -83 [da:20:dd:2b:02:8c]
RSSI: -92 [da:1e:42:22:15:8e]
RSSI: -79 [da:20:dd:39:02:bc]
RSSI: -82 [da:20:dd:39:02:bc]
RSSI: -83 [da:20:dd:45:02:dc]
RSSI: -83 [da:20:dd:54:03:0c]
RSSI: -86 [da:20:dd:54:03:0c]
RSSI: -87 [da:20:dd:62:03:3c]
RSSI: -85 [da:1e:42:5b:16:3e]
RSSI: -84 [da:20:dd:6e:03:5c]
RSSI: -84 [da:20:dd:6e:03:5c]
RSSI: -84 [da:20:dd:6e:03:5c]
RSSI: -84 [da:20:dd:6e:03:5c]
RSSI: -85 [da:1e:42:6c:16:6e]
RSSI: -84 [da:1e:42:6c:16:6e]
RSSI: -81 [da:20:dd:7d:03:8c]
RSSI: -79 [da:20:dd:8b:03:bc]
RSSI: -79 [da:20:dd:8b:03:bc]
RSSI: -84 [da:1e:42:7c:00:2e]
RSSI: -83 [da:20:dd:97:03:dc]
RSSI: -78 [da:20:dd:97:03:dc]
RSSI: -85 [da:1e:42:91:00:6e]
RSSI: -84 [da:20:dd:a5:04:0c]
RSSI: -83 [da:20:dd:a5:04:0c]
RSSI: -80 [da:20:dd:a5:04:0c]
RSSI: -80 [da:20:dd:b4:04:3c]
RSSI: -80 [da:20:dd:c0:04:5c]
RSSI: -91 [da:1e:42:be:00:ee]
RSSI: -83 [da:20:dd:ce:04:8c]
RSSI: -82 [da:20:dd:ce:04:8c]
RSSI: -78 [da:20:dd:ce:04:8c]
RSSI: -78 [da:20:dd:dc:04:bc]
RSSI: -80 [da:20:dd:dc:04:bc]
RSSI: -80 [da:20:dd:e9:04:dc]
RSSI: -77 [da:20:dd:e9:04:dc]
RSSI: -83 [da:20:dd:f7:05:0c]
RSSI: -80 [da:20:dd:f7:05:0c]
RSSI: -90 [da:1e:42:f7:01:8e]
RSSI: -87 [da:20:de:05:05:3c]
RSSI: -80 [da:20:de:12:05:6c]
RSSI: -85 [da:20:de:20:05:8c]
RSSI: -86 [da:1e:43:1d:01:fe]
RSSI: -86 [da:20:de:2e:05:bc]
RSSI: -85 [da:1e:43:2a:02:1e]
RSSI: -88 [da:20:de:2e:05:bc]
RSSI: -81 [da:20:de:3b:05:ec]
RSSI: -87 [da:20:de:3b:05:ec]
RSSI: -82 [da:1e:43:37:02:4e]
RSSI: -86 [da:20:de:49:06:1c]
RSSI: -82 [da:1e:43:43:02:6e]
RSSI: -84 [da:20:de:49:06:1c]
RSSI: -82 [da:1e:43:50:02:8e]
RSSI: -83 [da:1e:43:69:02:de]
RSSI: -85 [da:20:de:73:06:9c]
RSSI: -84 [da:1e:43:76:02:fe]
RSSI: -85 [da:1e:43:76:02:fe]
RSSI: -85 [da:1e:43:76:02:fe]
RSSI: -84 [da:1e:43:83:03:1e]
RSSI: -85 [da:20:de:8d:06:ec]
RSSI: -88 [da:1e:43:90:03:3e]
RSSI: -81 [da:20:de:9c:07:1c]
RSSI: -83 [da:1e:43:9c:03:6e]
RSSI: -80 [da:20:de:aa:07:4c]
RSSI: -83 [da:1e:43:9c:03:6e]
RSSI: -85 [da:20:de:aa:07:4c]
RSSI: -82 [da:1e:43:a9:03:8e]
RSSI: -86 [da:20:de:b6:07:7c]
RSSI: -81 [da:20:de:b6:07:7c]
RSSI: -81 [da:1e:43:b6:03:ae]
RSSI: -81 [da:1e:43:b6:03:ae]
RSSI: -87 [da:20:de:c5:07:9c]
RSSI: -82 [da:1e:43:c2:03:ce]
RSSI: -80 [da:20:de:d3:07:cc]
RSSI: -84 [da:1e:43:cf:03:fe]
RSSI: -81 [da:20:de:df:07:fc]
RSSI: -83 [da:1e:43:dc:04:1e]
RSSI: -83 [da:1e:43:dc:04:1e]
RSSI: -83 [da:1e:43:dc:04:1e]
RSSI: -75 [da:20:de:fc:08:5c]
RSSI: -81 [da:20:df:08:08:7c]
RSSI: -83 [da:1e:44:02:04:8e]
RSSI: -78 [da:20:df:08:08:7c]
RSSI: -87 [da:1e:44:02:04:8e]
RSSI: -81 [da:1e:44:0f:04:ae]
RSSI: -82 [da:1e:44:0f:04:ae]
RSSI: -82 [da:1e:44:1b:04:ce]
RSSI: -83 [da:1e:44:28:04:fe]
RSSI: -81 [da:20:df:31:08:fc]
RSSI: -86 [da:1e:44:28:04:fe]
RSSI: -85 [da:1e:44:35:05:1e]
RSSI: -86 [da:1e:44:35:05:1e]
RSSI: -85 [da:20:df:40:09:2c]
RSSI: -89 [da:1e:44:41:05:3e]
RSSI: -89 [da:1e:44:41:05:3e]
RSSI: -84 [da:20:df:4e:09:5c]
RSSI: -90 [da:1e:44:4e:05:6e]
RSSI: -81 [da:20:df:5a:09:8c]
RSSI: -93 [da:1e:44:5b:05:8e]
RSSI: -84 [da:20:df:69:09:ac]
RSSI: -82 [da:20:df:69:09:ac]
RSSI: -94 [da:20:df:77:09:dc]
RSSI: -93 [da:1e:44:68:05:ae]
RSSI: -85 [da:20:df:77:09:dc]
RSSI: -90 [da:20:df:83:0a:0c]
RSSI: -97 [da:1b:3b:74:04:3a]
RSSI: -85 [da:20:df:92:0a:3c]
RSSI: -89 [da:1e:44:9b:06:3e]
RSSI: -90 [da:1b:3b:91:04:8a]
RSSI: -89 [da:1e:44:a7:06:6e]
RSSI: -86 [da:20:df:ad:0a:8c]
RSSI: -88 [da:1e:44:a7:06:6e]
RSSI: -81 [da:20:df:ad:0a:8c]
RSSI: -88 [da:1b:3b:91:04:8a]
RSSI: -89 [da:20:df:bb:0a:bc]
RSSI: -89 [da:1e:44:b4:06:8e]
RSSI: -87 [da:20:df:bb:0a:bc]
RSSI: -87 [da:1e:44:b4:06:8e]
RSSI: -78 [da:20:df:c9:0a:ec]
RSSI: -88 [da:1e:44:c1:06:ae]
RSSI: -90 [da:20:df:c9:0a:ec]
RSSI: -85 [da:1e:44:cd:06:de]
RSSI: -80 [da:20:df:d6:0b:1c]
RSSI: -82 [da:1b:3b:bc:05:0a]
RSSI: -87 [da:20:df:e4:0b:3c]
RSSI: -87 [da:1e:44:e7:07:1e]
RSSI: -83 [da:1b:3b:cc:05:3a]
RSSI: -87 [da:20:df:f2:0b:6c]
RSSI: -87 [da:1e:44:e7:07:1e]
RSSI: -86 [da:1e:44:f4:07:4e]
RSSI: -83 [da:1b:3b:d9:05:5a]
RSSI: -87 [da:1e:44:f4:07:4e]
RSSI: -81 [da:20:df:ff:0b:9c]
RSSI: -81 [da:1b:3b:e8:05:8a]
RSSI: -80 [da:1b:3b:e8:05:8a]
RSSI: -87 [da:1e:45:0d:07:8e]
RSSI: -81 [da:20:e0:0d:0b:cc]
RSSI: -81 [da:1b:3b:f8:05:aa]
RSSI: -86 [da:1e:45:1a:07:be]
RSSI: -81 [da:1b:3c:04:05:da]
RSSI: -86 [da:1e:45:1a:07:be]
RSSI: -86 [da:1e:45:1a:07:be]
RSSI: -81 [da:1b:3c:04:05:da]
RSSI: -85 [da:20:e0:28:0c:1c]
RSSI: -85 [da:1e:45:1a:07:be]
RSSI: -89 [da:20:e0:28:0c:1c]
RSSI: -87 [da:1e:45:27:07:de]
RSSI: -81 [da:1b:3c:14:05:fa]
RSSI: -84 [da:1e:45:27:07:de]
RSSI: -80 [da:1b:3c:14:05:fa]
RSSI: -84 [da:1e:45:33:07:fe]
RSSI: -84 [da:1e:45:33:07:fe]
RSSI: -79 [da:1b:3c:24:06:2a]
RSSI: -83 [da:1e:45:40:08:2e]
RSSI: -83 [da:1e:45:40:08:2e]
RSSI: -80 [da:1b:3c:30:06:4a]
RSSI: -83 [da:1e:45:40:08:2e]
RSSI: -79 [da:1b:3c:30:06:4a]
RSSI: -81 [da:20:e0:51:0c:9c]
RSSI: -81 [da:1e:45:4d:08:4e]
RSSI: -82 [da:1e:45:4d:08:4e]
RSSI: -82 [da:1b:3c:40:06:7a]
RSSI: -82 [da:1b:3c:40:06:7a]
RSSI: -82 [da:1e:45:5a:08:6e]
RSSI: -82 [da:1b:3c:40:06:7a]
RSSI: -80 [da:1e:45:5a:08:6e]
RSSI: -81 [da:1e:45:66:08:9e]
RSSI: -84 [da:1b:3c:4f:06:aa]
RSSI: -80 [da:1e:45:66:08:9e]
RSSI: -87 [da:20:e0:6e:0c:fc]
RSSI: -80 [da:1e:45:66:08:9e]
RSSI: -83 [da:1b:3c:5c:06:ca]
RSSI: -79 [da:1e:45:73:08:be]
RSSI: -86 [da:1b:3c:5c:06:ca]
RSSI: -79 [da:1e:45:73:08:be]
RSSI: -80 [da:1e:45:80:08:de]
RSSI: -79 [da:20:e0:89:0d:5c]
RSSI: -87 [da:1b:3c:6c:06:fa]
RSSI: -84 [da:1b:3c:6c:06:fa]
RSSI: -79 [da:1e:45:80:08:de]
RSSI: -80 [da:20:e0:89:0d:5c]
RSSI: -85 [da:1b:3c:6c:06:fa]
RSSI: -89 [da:20:e0:97:0d:7c]
RSSI: -87 [da:1b:3c:7b:07:1a]
RSSI: -79 [da:1e:45:8d:08:fe]
RSSI: -77 [da:20:e0:97:0d:7c]
RSSI: -88 [da:1b:3c:7b:07:1a]
RSSI: -79 [da:1e:45:8d:08:fe]
RSSI: -80 [da:1e:45:9a:09:2e]
RSSI: -90 [da:1b:3c:88:07:4a]
RSSI: -77 [da:1e:45:9a:09:2e]
RSSI: -76 [da:1e:45:a6:09:4e]
RSSI: -76 [da:1e:45:a6:09:4e]
RSSI: -86 [da:20:e0:b2:0d:dc]
RSSI: -74 [da:1e:45:b3:09:6e]
RSSI: -82 [da:20:e0:c0:0e:0c]
RSSI: -73 [da:1e:45:b3:09:6e]
RSSI: -72 [da:1e:45:c0:09:8e]
RSSI: -71 [da:1e:45:c0:09:8e]
RSSI: -71 [da:1e:45:cd:09:be]
RSSI: -83 [da:20:e0:cd:0e:2c]
RSSI: -70 [da:1e:45:cd:09:be]
RSSI: -86 [da:20:e0:db:0e:5c]
RSSI: -81 [da:20:e0:db:0e:5c]
RSSI: -71 [da:1e:45:d9:09:de]
RSSI: -82 [da:20:e0:e9:0e:8c]
RSSI: -70 [da:1e:45:d9:09:de]
RSSI: -92 [da:1b:3c:c4:07:ea]
RSSI: -88 [da:20:e0:e9:0e:8c]
RSSI: -68 [da:1e:45:e6:09:fe]
RSSI: -88 [da:1b:3c:d3:08:1a]
RSSI: -70 [da:1e:45:e6:09:fe]
RSSI: -79 [da:20:e0:f6:0e:ac]
RSSI: -69 [da:1e:45:f3:0a:2e]
RSSI: -79 [da:20:e0:f6:0e:ac]
RSSI: -68 [da:1e:45:f3:0a:2e]
RSSI: -79 [da:20:e1:04:0e:dc]
RSSI: -70 [da:1e:46:00:0a:4e]
RSSI: -69 [da:1e:46:00:0a:4e]
RSSI: -91 [da:1b:3c:f0:08:6a]
RSSI: -80 [da:20:e1:13:0f:0c]
RSSI: -67 [da:1e:46:0d:0a:6e]
RSSI: -70 [da:1e:46:0d:0a:6e]
RSSI: -70 [da:1e:46:19:0a:9e]
RSSI: -69 [da:1e:46:19:0a:9e]
RSSI: -66 [da:1e:46:19:0a:9e]
RSSI: -69 [da:1e:46:26:0a:be]
RSSI: -68 [da:1e:46:26:0a:be]
RSSI: -65 [da:1e:46:33:0a:de]
RSSI: -68 [da:1e:46:40:0b:0e]
RSSI: -80 [da:20:e1:49:0f:bc]
RSSI: -68 [da:1e:46:40:0b:0e]
RSSI: -65 [da:1e:46:40:0b:0e]
RSSI: -68 [da:1e:46:4c:0b:2e]
RSSI: -83 [da:20:e1:57:0f:ec]
RSSI: -68 [da:1e:46:4c:0b:2e]
RSSI: -82 [da:20:e1:57:0f:ec]
RSSI: -65 [da:1e:46:59:0b:4e]
RSSI: -69 [da:1e:46:59:0b:4e]
RSSI: -68 [da:1e:46:66:0b:7e]
RSSI: -69 [da:1e:46:66:0b:7e]
RSSI: -66 [da:1e:46:66:0b:7e]
RSSI: -80 [da:20:e1:72:10:3c]
RSSI: -69 [da:1e:46:73:0b:9e]
RSSI: -89 [da:20:e1:80:10:6c]
RSSI: -70 [da:1e:46:73:0b:9e]
RSSI: -88 [da:20:e1:80:10:6c]
RSSI: -71 [da:1e:46:80:0b:be]
RSSI: -82 [da:20:e1:8f:10:9c]
RSSI: -71 [da:1e:46:8c:0b:de]
RSSI: -80 [da:20:e1:8f:10:9c]
RSSI: -72 [da:1e:46:8c:0b:de]
RSSI: -68 [da:1e:46:8c:0b:de]
RSSI: -79 [da:20:e1:9b:10:bc]
RSSI: -72 [da:1e:46:99:0c:0e]
RSSI: -78 [da:20:e1:aa:10:ec]
RSSI: -77 [da:20:e1:aa:10:ec]
RSSI: -70 [da:1e:46:a6:0c:2e]
RSSI: -76 [da:20:e1:aa:10:ec]
RSSI: -73 [da:1e:46:a6:0c:2e]
RSSI: -80 [da:20:e1:b8:11:1c]
RSSI: -73 [da:1e:46:b3:0c:4e]
RSSI: -79 [da:20:e1:b8:11:1c]
RSSI: -73 [da:1e:46:b3:0c:4e]
RSSI: -72 [da:1e:46:b3:0c:4e]
RSSI: -74 [da:1e:46:bf:0c:6e]
RSSI: -75 [da:1e:46:bf:0c:6e]
RSSI: -78 [da:20:e1:d3:11:7c]
RSSI: -75 [da:1e:46:cc:0c:9e]
RSSI: -79 [da:20:e1:d3:11:7c]
RSSI: -81 [da:20:e1:d3:11:7c]
RSSI: -75 [da:1e:46:cc:0c:9e]
RSSI: -77 [da:1e:46:d9:0c:be]
RSSI: -79 [da:20:e1:e1:11:ac]
RSSI: -77 [da:1e:46:d9:0c:be]
RSSI: -78 [da:1e:46:d9:0c:be]
RSSI: -84 [da:20:e1:ee:11:cc]
RSSI: -78 [da:1e:46:e6:0c:de]
RSSI: -84 [da:20:e1:ee:11:cc]
RSSI: -79 [da:1e:46:e6:0c:de]
RSSI: -79 [da:20:e1:ee:11:cc]
RSSI: -82 [da:1e:46:f3:0d:0e]
RSSI: -84 [da:20:e1:fc:11:fc]
RSSI: -81 [da:1e:46:f3:0d:0e]
RSSI: -84 [da:20:e1:fc:11:fc]
RSSI: -81 [da:1e:47:00:0d:2e]
RSSI: -80 [da:20:e2:0b:12:2c]
RSSI: -81 [da:1e:47:00:0d:2e]
RSSI: -80 [da:1e:47:00:0d:2e]
RSSI: -82 [da:20:e2:0b:12:2c]
RSSI: -80 [da:1e:47:0c:0d:4e]
RSSI: -82 [da:20:e2:17:12:4c]
RSSI: -80 [da:1e:47:0c:0d:4e]
RSSI: -81 [da:20:e2:17:12:4c]
RSSI: -78 [da:1e:47:19:0d:7e]
RSSI: -80 [da:20:e2:26:12:7c]
RSSI: -78 [da:1e:47:19:0d:7e]
RSSI: -78 [da:1e:47:26:0d:9e]
RSSI: -77 [da:1e:47:26:0d:9e]
RSSI: -79 [da:20:e2:34:12:ac]
RSSI: -76 [da:1e:47:33:0d:be]
RSSI: -77 [da:20:e2:41:12:dc]
RSSI: -77 [da:1e:47:33:0d:be]
RSSI: -75 [da:20:e2:41:12:dc]
RSSI: -75 [da:1e:47:40:0d:ee]
RSSI: -79 [da:20:e2:4f:13:0c]
RSSI: -77 [da:1e:47:4d:0e:0e]
RSSI: -78 [da:20:e2:4f:13:0c]
RSSI: -77 [da:1e:47:4d:0e:0e]
RSSI: -75 [da:20:e2:5d:13:2c]
RSSI: -77 [da:1e:47:59:0e:2e]
RSSI: -77 [da:20:e2:6a:13:5c]
RSSI: -79 [da:1e:47:66:0e:5e]
RSSI: -78 [da:1e:47:66:0e:5e]
RSSI: -77 [da:1e:47:73:0e:7e]
RSSI: -79 [da:20:e2:78:13:8c]
RSSI: -78 [da:1e:47:73:0e:7e]
RSSI: -78 [da:20:e2:87:13:bc]
RSSI: -78 [da:1e:47:80:0e:9e]
RSSI: -76 [da:1e:47:80:0e:9e]
RSSI: -73 [da:20:e2:93:13:dc]
RSSI: -76 [da:1e:47:8d:0e:ce]
RSSI: -78 [da:20:e2:93:13:dc]
RSSI: -78 [da:1e:47:8d:0e:ce]
RSSI: -77 [da:1e:47:9a:0e:ee]
RSSI: -75 [da:20:e2:a2:14:0c]
RSSI: -76 [da:1e:47:9a:0e:ee]
RSSI: -72 [da:20:e2:a2:14:0c]
RSSI: -79 [da:20:e2:b0:14:3c]
RSSI: -78 [da:1e:47:a6:0f:0e]
RSSI: -75 [da:20:e2:b0:14:3c]
RSSI: -78 [da:1e:47:a6:0f:0e]
RSSI: -76 [da:20:e2:b0:14:3c]
RSSI: -82 [da:20:e2:bd:14:5c]
RSSI: -78 [da:1e:47:b3:0f:3e]
RSSI: -80 [da:1e:47:c0:0f:5e]
RSSI: -77 [da:1e:47:c0:0f:5e]
RSSI: -74 [da:20:e2:cb:14:8c]
RSSI: -79 [da:1e:47:cd:0f:7e]
RSSI: -79 [da:1e:47:cd:0f:7e]
RSSI: -83 [da:20:e2:da:14:bc]
RSSI: -79 [da:1e:47:cd:0f:7e]
RSSI: -77 [da:1e:47:da:0f:ae]
RSSI: -77 [da:20:e2:e6:14:ec]
RSSI: -78 [da:1e:47:e7:0f:ce]
RSSI: -78 [da:1e:47:e7:0f:ce]
RSSI: -79 [da:20:e2:f5:15:0c]
RSSI: -79 [da:1e:47:f3:0f:ee]
RSSI: -75 [da:20:e2:f5:15:0c]
RSSI: -79 [da:1e:47:f3:0f:ee]
RSSI: -79 [da:1e:47:f3:0f:ee]
RSSI: -73 [da:20:e3:03:15:3c]
RSSI: -78 [da:1e:47:f3:0f:ee]
RSSI: -72 [da:20:e3:03:15:3c]
RSSI: -80 [da:1e:48:00:10:1e]
RSSI: -72 [da:20:e3:10:15:6c]
RSSI: -71 [da:20:e3:10:15:6c]
RSSI: -81 [da:1e:48:0d:10:3e]
RSSI: -82 [da:1e:48:1a:10:5e]
RSSI: -71 [da:20:e3:1e:15:9c]
RSSI: -83 [da:1e:48:1a:10:5e]
RSSI: -83 [da:1e:48:1a:10:5e]
RSSI: -69 [da:20:e3:2c:15:bc]
RSSI: -81 [da:1e:48:27:10:7e]
RSSI: -81 [da:1e:48:27:10:7e]
RSSI: -82 [da:1e:48:34:10:ae]
RSSI: -69 [da:20:e3:39:15:ec]
RSSI: -80 [da:1e:48:34:10:ae]
RSSI: -69 [da:20:e3:48:16:1c]
RSSI: -81 [da:1e:48:40:10:ce]
RSSI: -69 [da:20:e3:48:16:1c]
RSSI: -82 [da:1e:48:40:10:ce]
RSSI: -68 [da:20:e3:48:16:1c]
RSSI: -81 [da:1e:48:40:10:ce]
RSSI: -66 [da:20:e3:56:16:4c]
RSSI: -82 [da:1e:48:4e:10:ee]
RSSI: -67 [da:20:e3:56:16:4c]
RSSI: -84 [da:1e:48:4e:10:ee]
RSSI: -86 [da:1e:48:5a:11:1e]
RSSI: -65 [da:20:e3:63:16:6c]
RSSI: -85 [da:1e:48:5a:11:1e]
RSSI: -64 [da:20:e3:63:16:6c]
RSSI: -88 [da:1e:48:67:11:3e]
RSSI: -65 [da:20:e3:71:00:2c]
RSSI: -65 [da:20:e3:71:00:2c]
RSSI: -87 [da:1e:48:74:11:5e]
RSSI: -66 [da:20:e3:7f:00:5c]
RSSI: -87 [da:1e:48:74:11:5e]
RSSI: -85 [da:1e:48:81:11:8e]
RSSI: -65 [da:20:e3:8c:00:8c]
RSSI: -83 [da:1e:48:81:11:8e]
RSSI: -65 [da:20:e3:8c:00:8c]
RSSI: -66 [da:20:e3:9b:00:ac]
RSSI: -66 [da:20:e3:9b:00:ac]
RSSI: -82 [da:1e:48:9b:11:ce]
RSSI: -83 [da:1e:48:9b:11:ce]
RSSI: -69 [da:20:e3:a9:00:dc]
RSSI: -84 [da:1e:48:9b:11:ce]
RSSI: -83 [da:1e:48:a8:11:fe]
RSSI: -70 [da:20:e3:b6:01:0c]
RSSI: -85 [da:1e:48:b4:12:1e]
RSSI: -70 [da:20:e3:b6:01:0c]
RSSI: -84 [da:1e:48:b4:12:1e]
RSSI: -71 [da:20:e3:c4:01:3c]
RSSI: -89 [da:1e:48:c1:12:3e]
RSSI: -72 [da:20:e3:d2:01:6c]
RSSI: -88 [da:1e:48:ce:12:6e]
RSSI: -72 [da:20:e3:d2:01:6c]
RSSI: -83 [da:1e:48:ce:12:6e]
RSSI: -76 [da:20:e3:df:01:8c]
RSSI: -75 [da:20:e3:df:01:8c]
RSSI: -85 [da:1e:48:db:12:8e]
RSSI: -79 [da:20:e3:ee:01:bc]
RSSI: -85 [da:1e:48:e8:12:ae]
RSSI: -82 [da:20:e3:ee:01:bc]
RSSI: -83 [da:20:e3:fc:01:ec]
RSSI: -83 [da:1e:48:f5:12:de]
RSSI: -86 [da:20:e3:fc:01:ec]
RSSI: -79 [da:1e:48:f5:12:de]
RSSI: -87 [da:20:e4:09:02:1c]
RSSI: -85 [da:1e:49:02:12:fe]
RSSI: -84 [da:20:e4:09:02:1c]
RSSI: -84 [da:1e:49:02:12:fe]
RSSI: -83 [da:20:e4:17:02:3c]
RSSI: -88 [da:1e:49:1c:13:4e]
RSSI: -84 [da:20:e4:26:02:6c]
RSSI: -80 [da:20:e4:32:02:9c]
RSSI: -80 [da:20:e4:41:02:cc]
RSSI: -79 [da:20:e4:41:02:cc]
RSSI: -88 [da:1e:49:42:13:ae]
RSSI: -82 [da:1e:49:42:13:ae]
RSSI: -84 [da:20:e4:4f:02:fc]
RSSI: -81 [da:1e:49:42:13:ae]
RSSI: -78 [da:20:e4:4f:02:fc]
RSSI: -89 [da:1e:49:4f:13:de]
RSSI: -81 [da:20:e4:5c:03:1c]
RSSI: -86 [da:20:e4:5c:03:1c]
RSSI: -81 [da:20:e4:6a:03:4c]
RSSI: -82 [da:20:e4:6a:03:4c]
RSSI: -83 [da:1e:49:69:14:1e]
RSSI: -83 [da:20:e4:79:03:7c]
RSSI: -85 [da:1e:49:76:14:3e]
RSSI: -85 [da:20:e4:85:03:9c]
RSSI: -87 [da:1e:49:83:14:6e]
RSSI: -75 [da:20:e4:94:03:cc]
RSSI: -78 [da:20:e4:94:03:cc]
RSSI: -88 [da:1e:49:90:14:8e]
RSSI: -75 [da:20:e4:a2:03:fc]
RSSI: -86 [da:1e:49:9c:14:ae]
RSSI: -85 [da:1e:49:9c:14:ae]
RSSI: -73 [da:20:e4:a2:03:fc]
RSSI: -85 [da:1e:49:9c:14:ae]
RSSI: -77 [da:20:e4:af:04:2c]
RSSI: -76 [da:20:e4:af:04:2c]
RSSI: -86 [da:1e:49:aa:14:ce]
RSSI: -76 [da:20:e4:af:04:2c]
RSSI: -80 [da:20:e4:be:04:5c]
RSSI: -81 [da:20:e4:cc:04:7c]
RSSI: -90 [da:1e:49:c3:15:1e]
RSSI: -81 [da:20:e4:d9:04:ac]
RSSI: -92 [da:1e:49:d0:15:3e]
RSSI: -78 [da:20:e4:d9:04:ac]
RSSI: -81 [da:20:e4:e7:04:dc]
RSSI: -77 [da:20:e4:f6:05:0c]
RSSI: -77 [da:20:e4:f6:05:0c]
RSSI: -78 [da:20:e4:f6:05:0c]
RSSI: -80 [da:20:e5:02:05:2c]
RSSI: -79 [da:20:e5:02:05:2c]
RSSI: -84 [da:1e:4a:04:15:de]
RSSI: -85 [da:20:e5:11:05:5c]
RSSI: -78 [da:20:e5:1f:05:8c]
RSSI: -78 [da:20:e5:2c:05:ac]
RSSI: -82 [da:1e:4a:2b:16:4e]
RSSI: -84 [da:20:e5:3a:05:dc]
RSSI: -78 [da:20:e5:3a:05:dc]
RSSI: -77 [da:20:e5:49:06:0c]
RSSI: -83 [da:20:e5:55:06:3c]
RSSI: -85 [da:1e:4a:52:00:6e]
RSSI: -84 [da:20:e5:64:06:6c]
RSSI: -84 [da:20:e5:64:06:6c]
RSSI: -91 [da:1e:4a:6c:00:be]
RSSI: -82 [da:20:e5:7f:06:bc]
RSSI: -82 [da:20:e5:7f:06:bc]
RSSI: -89 [da:1e:4a:79:00:de]
RSSI: -89 [da:20:e5:8e:06:ec]
RSSI: -89 [da:1e:4a:92:01:2e]
RSSI: -85 [da:20:e5:9c:07:1c]
RSSI: -83 [da:20:e5:9c:07:1c]
RSSI: -92 [da:1e:4a:ac:01:6e]
RSSI: -92 [da:1e:4a:ac:01:6e]
RSSI: -78 [da:20:e5:b8:07:6c]
RSSI: -89 [da:1e:4a:b9:01:9e]
RSSI: -80 [da:20:e5:c6:07:9c]
RSSI: -85 [da:1e:4a:b9:01:9e]
RSSI: -81 [da:20:e5:c6:07:9c]
RSSI: -89 [da:1e:4a:c6:01:be]
RSSI: -83 [da:1e:4a:c6:01:be]
RSSI: -82 [da:1e:4a:d3:01:de]
RSSI: -82 [da:1e:4a:d3:01:de]
RSSI: -86 [da:20:e5:e1:07:fc]
RSSI: -84 [da:20:e5:e1:07:fc]
RSSI: -81 [da:1e:4a:e0:02:0e]
RSSI: -84 [da:20:e5:f0:08:2c]
RSSI: -80 [da:1e:4a:e0:02:0e]
RSSI: -79 [da:20:e5:f0:08:2c]
RSSI: -79 [da:1e:4a:ed:02:2e]
RSSI: -80 [da:1e:4a:ed:02:2e]
RSSI: -82 [da:20:e5:fc:08:4c]
RSSI: -80 [da:1e:4a:fa:02:4e]
RSSI: -80 [da:20:e5:fc:08:4c]
RSSI: -78 [da:1e:4a:fa:02:4e]
RSSI: -81 [da:1e:4b:07:02:7e]
RSSI: -82 [da:20:e6:0b:08:7c]
RSSI: -81 [da:1e:4b:07:02:7e]
RSSI: -80 [da:1e:4b:07:02:7e]
RSSI: -74 [da:20:e6:1a:08:ac]
RSSI: -80 [da:1e:4b:14:02:9e]
RSSI: -82 [da:1e:4b:14:02:9e]
RSSI: -82 [da:1e:4b:21:02:be]
RSSI: -80 [da:20:e6:26:08:cc]
RSSI: -82 [da:1e:4b:21:02:be]
RSSI: -89 [da:20:e6:35:08:fc]
RSSI: -82 [da:1e:4b:2e:02:ee]
RSSI: -83 [da:1e:4b:2e:02:ee]
RSSI: -84 [da:20:e6:35:08:fc]
RSSI: -83 [da:20:e6:43:09:2c]
RSSI: -85 [da:1e:4b:3b:03:0e]
RSSI: -82 [da:1e:4b:3b:03:0e]
RSSI: -83 [da:1e:4b:47:03:3e]
RSSI: -86 [da:20:e6:50:09:5c]
RSSI: -85 [da:1e:4b:47:03:3e]
RSSI: -86 [da:20:e6:50:09:5c]
RSSI: -81 [da:1e:4b:55:03:5e]
RSSI: -80 [da:1e:4b:62:03:7e]
RSSI: -81 [da:1e:4b:6e:03:ae]
RSSI: -79 [da:20:e6:7a:09:dc]
RSSI: -80 [da:1e:4b:6e:03:ae]
RSSI: -82 [da:1e:4b:7c:03:ce]
RSSI: -81 [da:1e:4b:7c:03:ce]
RSSI: -81 [da:20:e6:88:0a:0c]
RSSI: -82 [da:1e:4b:89:03:ee]
RSSI: -86 [da:20:e6:97:0a:3c]
RSSI: -82 [da:1e:4b:95:04:0e]
RSSI: -83 [da:1e:4b:95:04:0e]
RSSI: -89 [da:20:e6:a4:0a:6c]
RSSI: -83 [da:1e:4b:a3:04:3e]
RSSI: -82 [da:1e:4b:a3:04:3e]
RSSI: -84 [da:20:e6:b2:0a:9c]
RSSI: -82 [da:1e:4b:b0:04:5e]
RSSI: -81 [da:20:e6:c1:0a:bc]
RSSI: -85 [da:1e:4b:bc:04:7e]
RSSI: -82 [da:20:e6:cd:0a:ec]
RSSI: -82 [da:1e:4b:c9:04:ae]
RSSI: -80 [da:20:e6:cd:0a:ec]
RSSI: -82 [da:1e:4b:c9:04:ae]
RSSI: -80 [da:20:e6:dc:0b:1c]
RSSI: -83 [da:1e:4b:d7:04:ce]
RSSI: -80 [da:20:e6:dc:0b:1c]
RSSI: -79 [da:20:e6:eb:0b:4c]
RSSI: -89 [da:1e:4b:e3:04:ee]
RSSI: -79 [da:20:e6:f7:0b:6c]
RSSI: -80 [da:20:e6:f7:0b:6c]
RSSI: -83 [da:20:e7:06:0b:9c]
RSSI: -87 [da:1e:4b:fe:05:3e]
RSSI: -82 [da:20:e7:06:0b:9c]
RSSI: -91 [da:1b:42:fb:03:aa]
RSSI: -90 [da:20:e7:21:0b:fc]
RSSI: -94 [da:1e:4c:25:05:ae]
RSSI: -97 [da:20:e7:30:0c:2c]
RSSI: -91 [da:1b:43:18:03:fa]
RSSI: -88 [da:1b:43:18:03:fa]
RSSI: -90 [da:1e:4c:31:05:de]
RSSI: -88 [da:1b:43:28:04:2a]
RSSI: -85 [da:20:e7:4b:0c:7c]
RSSI: -87 [da:1b:43:37:04:5a]
RSSI: -86 [da:1e:4c:4c:06:2e]
RSSI: -87 [da:1b:43:37:04:5a]
RSSI: -86 [da:1e:4c:4c:06:2e]
RSSI: -88 [da:20:e7:5a:0c:ac]
RSSI: -85 [da:1e:4c:58:06:4e]
RSSI: -86 [da:1b:43:44:04:7a]
RSSI: -85 [da:1e:4c:58:06:4e]
RSSI: -89 [da:20:e7:68:0c:dc]
RSSI: -87 [da:1b:43:44:04:7a]
RSSI: -87 [da:20:e7:68:0c:dc]
RSSI: -84 [da:1e:4c:65:06:6e]
RSSI: -86 [da:1b:43:54:04:aa]
RSSI: -83 [da:20:e7:75:0d:0c]
RSSI: -83 [da:1e:4c:73:06:9e]
RSSI: -87 [da:20:e7:75:0d:0c]
RSSI: -82 [da:1e:4c:73:06:9e]
RSSI: -83 [da:20:e7:83:0d:3c]
RSSI: -85 [da:1e:4c:7f:06:be]
RSSI: -87 [da:1b:43:71:04:fa]
RSSI: -86 [da:20:e7:92:0d:6c]
RSSI: -84 [da:1e:4c:8c:06:de]
RSSI: -88 [da:1b:43:81:05:2a]
RSSI: -85 [da:20:e7:9f:0d:8c]
RSSI: -82 [da:1e:4c:9a:07:0e]
RSSI: -84 [da:1e:4c:9a:07:0e]
RSSI: -86 [da:1b:43:91:05:4a]
RSSI: -84 [da:20:e7:ad:0d:bc]
RSSI: -84 [da:1e:4c:a6:07:2e]
RSSI: -92 [da:20:e7:bc:0d:ec]
RSSI: -89 [da:20:e7:bc:0d:ec]
RSSI: -86 [da:20:e7:bc:0d:ec]
RSSI: -84 [da:1e:4c:c1:07:7e]
RSSI: -84 [da:20:e7:c9:0e:1c]
RSSI: -84 [da:1e:4c:c1:07:7e]
RSSI: -87 [da:20:e7:c9:0e:1c]
RSSI: -85 [da:1e:4c:c1:07:7e]
RSSI: -86 [da:1e:4c:cd:07:9e]
RSSI: -82 [da:1e:4c:db:07:be]
RSSI: -81 [da:1e:4c:db:07:be]
RSSI: -89 [da:1b:43:ca:05:fa]
RSSI: -80 [da:1e:4c:e8:07:ee]
RSSI: -88 [da:1b:43:ca:05:fa]
RSSI: -81 [da:1e:4c:e8:07:ee]
RSSI: -88 [da:1b:43:da:06:2a]
RSSI: -79 [da:1e:4c:f4:08:0e]
RSSI: -78 [da:1e:4c:f4:08:0e]
RSSI: -90 [da:20:e8:01:0e:cc]
RSSI: -78 [da:1e:4d:02:08:2e]
RSSI: -77 [da:1e:4d:02:08:2e]
RSSI: -90 [da:1b:43:f6:06:7a]
RSSI: -76 [da:1e:4d:0f:08:5e]
RSSI: -76 [da:1e:4d:0f:08:5e]
RSSI: -83 [da:20:e8:1c:0f:2c]
RSSI: -88 [da:20:e8:1c:0f:2c]
RSSI: -86 [da:20:e8:1c:0f:2c]
RSSI: -76 [da:1e:4d:1b:08:7e]
RSSI: -89 [da:1b:44:06:06:aa]
RSSI: -83 [da:20:e8:2b:0f:5c]
RSSI: -78 [da:1e:4d:29:08:9e]
RSSI: -89 [da:1b:44:16:06:ca]
RSSI: -78 [da:1e:4d:36:08:be]
RSSI: -80 [da:1e:4d:36:08:be]
RSSI: -85 [da:20:e8:46:0f:ac]
RSSI: -87 [da:20:e8:46:0f:ac]
RSSI: -77 [da:1e:4d:43:08:ee]
RSSI: -91 [da:20:e8:55:0f:dc]
RSSI: -76 [da:1e:4d:50:09:0e]
RSSI: -88 [da:20:e8:64:10:0c]
RSSI: -74 [da:1e:4d:5d:09:2e]
RSSI: -74 [da:1e:4d:5d:09:2e]
RSSI: -86 [da:20:e8:64:10:0c]
RSSI: -74 [da:1e:4d:5d:09:2e]
RSSI: -92 [da:20:e8:70:10:3c]
RSSI: -71 [da:1e:4d:6a:09:5e]
RSSI: -85 [da:20:e8:7f:10:6c]
RSSI: -71 [da:1e:4d:77:09:7e]
RSSI: -87 [da:20:e8:7f:10:6c]
RSSI: -71 [da:1e:4d:84:09:ae]
RSSI: -89 [da:20:e8:8e:10:8c]
RSSI: -89 [da:20:e8:9a:10:bc]
RSSI: -71 [da:1e:4d:91:09:ce]
RSSI: -89 [da:20:e8:9a:10:bc]
RSSI: -71 [da:1e:4d:91:09:ce]
RSSI: -67 [da:1e:4d:9e:09:ee]
RSSI: -87 [da:20:e8:a9:10:ec]
RSSI: -70 [da:1e:4d:ab:0a:1e]
RSSI: -85 [da:20:e8:b8:11:1c]
RSSI: -85 [da:20:e8:b8:11:1c]
RSSI: -69 [da:1e:4d:b8:0a:3e]
RSSI: -65 [da:1e:4d:c5:0a:6e]
RSSI: -67 [da:1e:4d:c5:0a:6e]
RSSI: -83 [da:20:e8:d3:11:6c]
RSSI: -84 [da:20:e8:d3:11:6c]
RSSI: -66 [da:1e:4d:d3:0a:8e]
RSSI: -82 [da:20:e8:e2:11:9c]
RSSI: -83 [da:20:e8:e2:11:9c]
RSSI: -66 [da:1e:4d:df:0a:be]
RSSI: -65 [da:1e:4d:df:0a:be]
RSSI: -63 [da:1e:4d:ed:0a:de]
RSSI: -66 [da:1e:4d:ed:0a:de]
RSSI: -82 [da:20:e8:fd:11:fc]
RSSI: -66 [da:1e:4d:fa:0a:fe]
RSSI: -82 [da:20:e8:fd:11:fc]
RSSI: -64 [da:1e:4d:fa:0a:fe]
RSSI: -67 [da:1e:4e:06:0b:2e]
RSSI: -81 [da:20:e9:0c:12:2c]
RSSI: -66 [da:1e:4e:06:0b:2e]
RSSI: -65 [da:1e:4e:14:0b:4e]
RSSI: -67 [da:1e:4e:14:0b:4e]
RSSI: -81 [da:20:e9:27:12:7c]
RSSI: -67 [da:1e:4e:21:0b:6e]
RSSI: -81 [da:20:e9:27:12:7c]
RSSI: -65 [da:1e:4e:21:0b:6e]
RSSI: -68 [da:1e:4e:2e:0b:9e]
RSSI: -82 [da:20:e9:36:12:ac]
RSSI: -68 [da:1e:4e:2e:0b:9e]
RSSI: -82 [da:20:e9:36:12:ac]
RSSI: -69 [da:1e:4e:3b:0b:be]
RSSI: -83 [da:20:e9:43:12:cc]
RSSI: -70 [da:1e:4e:3b:0b:be]
RSSI: -70 [da:1e:4e:48:0b:de]
RSSI: -71 [da:1e:4e:55:0b:fe]
RSSI: -80 [da:20:e9:60:13:2c]
RSSI: -71 [da:1e:4e:55:0b:fe]
RSSI: -72 [da:1e:4e:62:0c:2e]
RSSI: -84 [da:20:e9:6d:13:4c]
RSSI: -82 [da:20:e9:6d:13:4c]
RSSI: -74 [da:1e:4e:6f:0c:4e]
RSSI: -73 [da:1e:4e:6f:0c:4e]
RSSI: -88 [da:20:e9:8a:13:ac]
RSSI: -77 [da:1e:4e:7c:0c:7e]
RSSI: -82 [da:20:e9:8a:13:ac]
RSSI: -79 [da:1e:4e:89:0c:9e]
RSSI: -82 [da:20:e9:97:13:dc]
RSSI: -84 [da:20:e9:97:13:dc]
RSSI: -81 [da:1e:4e:97:0c:be]
RSSI: -81 [da:20:e9:a5:14:0c]
RSSI: -78 [da:20:e9:b4:14:3c]
RSSI: -81 [da:1e:4e:b1:0d:0e]
RSSI: -81 [da:1e:4e:b1:0d:0e]
RSSI: -78 [da:20:e9:c1:14:5c]
RSSI: -77 [da:20:e9:c1:14:5c]
RSSI: -78 [da:1e:4e:be:0d:3e]
RSSI: -82 [da:20:e9:d0:14:8c]
RSSI: -77 [da:1e:4e:cb:0d:5e]
RSSI: -86 [da:20:e9:de:14:bc]
RSSI: -76 [da:1e:4e:d8:0d:8e]
RSSI: -76 [da:1e:4e:d8:0d:8e]
RSSI: -75 [da:1e:4e:e5:0d:ae]
RSSI: -75 [da:1e:4e:e5:0d:ae]
RSSI: -91 [da:20:e9:eb:14:ec]
RSSI: -77 [da:1e:4e:f2:0d:ce]
RSSI: -90 [da:20:e9:ff:15:2c]
RSSI: -79 [da:20:e9:ff:15:2c]
RSSI: -78 [da:1e:4e:ff:0d:fe]
RSSI: -79 [da:20:ea:0f:15:5c]
RSSI: -78 [da:1e:4e:ff:0d:fe]
RSSI: -79 [da:20:ea:0f:15:5c]
RSSI: -78 [da:20:ea:0f:15:5c]
RSSI: -80 [da:1e:4f:0d:0e:1e]
RSSI: -79 [da:1e:4f:0d:0e:1e]
RSSI: -75 [da:20:ea:1c:15:7c]
RSSI: -79 [da:1e:4f:19:0e:3e]
RSSI: -74 [da:20:ea:1c:15:7c]
RSSI: -81 [da:1e:4f:19:0e:3e]
RSSI: -79 [da:1e:4f:27:0e:6e]
RSSI: -71 [da:20:ea:2b:15:ac]
RSSI: -79 [da:1e:4f:27:0e:6e]
RSSI: -78 [da:1e:4f:27:0e:6e]
RSSI: -71 [da:20:ea:39:15:dc]
RSSI: -80 [da:1e:4f:34:0e:8e]
RSSI: -79 [da:1e:4f:34:0e:8e]
RSSI: -79 [da:1e:4f:40:0e:ae]
RSSI: -69 [da:20:ea:46:16:0c]
RSSI: -79 [da:1e:4f:40:0e:ae]
RSSI: -70 [da:20:ea:55:16:3c]
RSSI: -79 [da:1e:4f:4e:0e:de]
RSSI: -68 [da:20:ea:55:16:3c]
RSSI: -81 [da:1e:4f:4e:0e:de]
RSSI: -67 [da:20:ea:64:16:5c]
RSSI: -79 [da:1e:4f:5b:0e:fe]
RSSI: -68 [da:20:ea:64:16:5c]
RSSI: -80 [da:1e:4f:5b:0e:fe]
RSSI: -68 [da:20:ea:70:00:0c]
RSSI: -79 [da:1e:4f:68:0f:2e]
RSSI: -79 [da:1e:4f:68:0f:2e]
RSSI: -67 [da:20:ea:7f:00:2c]
RSSI: -79 [da:1e:4f:7a:0f:5e]
RSSI: -69 [da:20:ea:8e:00:5c]
RSSI: -68 [da:20:ea:8e:00:5c]
RSSI: -81 [da:1e:4f:8b:0f:8e]
RSSI: -71 [da:20:ea:9a:00:8c]
RSSI: -77 [da:1e:4f:97:0f:ae]
RSSI: -70 [da:20:ea:9a:00:8c]
RSSI: -79 [da:1e:4f:97:0f:ae]
RSSI: -69 [da:20:ea:a9:00:bc]
RSSI: -70 [da:20:ea:a9:00:bc]
RSSI: -70 [da:20:ea:a9:00:bc]
RSSI: -70 [da:20:ea:b8:00:ec]
RSSI: -69 [da:20:ea:b8:00:ec]
RSSI: -71 [da:20:ea:c5:01:0c]
RSSI: -79 [da:1e:4f:bf:10:1e]
RSSI: -71 [da:20:ea:c5:01:0c]
RSSI: -80 [da:1e:4f:bf:10:1e]
RSSI: -74 [da:20:ea:ef:01:9c]
RSSI: -81 [da:1e:4f:e6:10:8e]
RSSI: -75 [da:20:ea:ef:01:9c]
RSSI: -81 [da:1e:4f:e6:10:8e]
RSSI: -80 [da:1e:4f:f4:10:be]
RSSI: -83 [da:1e:4f:f4:10:be]
RSSI: -83 [da:1e:50:01:10:de]
RSSI: -83 [da:1e:50:01:10:de]
RSSI: -87 [da:1e:50:0d:10:fe]
RSSI: -87 [da:1e:50:0d:10:fe]
RSSI: -84 [da:20:eb:19:02:1c]
RSSI: -83 [da:20:eb:28:02:4c]
RSSI: -90 [da:1e:50:1b:11:2e]
RSSI: -88 [da:1e:50:28:11:4e]
RSSI: -88 [da:1e:50:28:11:4e]
RSSI: -85 [da:1e:50:35:11:7e]
RSSI: -82 [da:20:eb:43:02:ac]
RSSI: -77 [da:20:eb:52:02:dc]
RSSI: -84 [da:1e:50:50:11:ce]
RSSI: -84 [da:1e:50:50:11:ce]
RSSI: -78 [da:20:eb:61:02:fc]
RSSI: -85 [da:1e:50:5c:11:ee]
RSSI: -78 [da:20:eb:61:02:fc]
RSSI: -85 [da:20:eb:6e:03:2c]
RSSI: -79 [da:20:eb:6e:03:2c]
RSSI: -86 [da:1e:50:6a:12:0e]
RSSI: -85 [da:20:eb:7c:03:5c]
RSSI: -82 [da:1e:50:77:12:3e]
RSSI: -86 [da:20:eb:7c:03:5c]
RSSI: -81 [da:20:eb:8b:03:8c]
RSSI: -87 [da:1e:50:84:12:5e]
RSSI: -83 [da:20:eb:8b:03:8c]
RSSI: -83 [da:20:eb:98:03:ac]
RSSI: -82 [da:20:eb:98:03:ac]
RSSI: -81 [da:20:eb:98:03:ac]
RSSI: -85 [da:1e:50:91:12:7e]
RSSI: -86 [da:20:eb:a7:03:dc]
RSSI: -79 [da:1e:50:9f:12:ae]
RSSI: -81 [da:20:eb:a7:03:dc]
RSSI: -80 [da:20:eb:b6:04:0c]
RSSI: -85 [da:1e:50:ab:12:ce]
RSSI: -80 [da:20:eb:b6:04:0c]
RSSI: -80 [da:20:eb:c2:04:3c]
RSSI: -77 [da:20:eb:c2:04:3c]
RSSI: -89 [da:1e:50:b9:12:ee]
RSSI: -84 [da:1e:50:c6:13:1e]
RSSI: -80 [da:20:eb:d1:04:6c]
RSSI: -94 [da:1e:50:d3:13:3e]
RSSI: -84 [da:1e:50:d3:13:3e]
RSSI: -78 [da:20:eb:e0:04:8c]
RSSI: -79 [da:20:eb:ed:04:bc]
RSSI: -78 [da:20:eb:ed:04:bc]
RSSI: -86 [da:1e:50:ee:13:8e]
RSSI: -80 [da:20:eb:fb:04:ec]
RSSI: -77 [da:20:eb:fb:04:ec]
RSSI: -85 [da:1e:50:fa:13:ae]
RSSI: -87 [da:1e:51:08:13:de]
RSSI: -80 [da:20:ec:0a:05:1c]
RSSI: -85 [da:1e:51:08:13:de]
RSSI: -77 [da:20:ec:17:05:3c]
RSSI: -87 [da:1e:51:15:13:fe]
RSSI: -87 [da:1e:51:15:13:fe]
RSSI: -87 [da:1e:51:22:14:1e]
RSSI: -88 [da:1e:51:22:14:1e]
RSSI: -79 [da:20:ec:35:05:9c]
RSSI: -85 [da:1e:51:2f:14:4e]
RSSI: -78 [da:20:ec:35:05:9c]
RSSI: -84 [da:1e:51:2f:14:4e]
RSSI: -77 [da:20:ec:41:05:cc]
RSSI: -85 [da:1e:51:3d:14:6e]
RSSI: -87 [da:20:ec:41:05:cc]
RSSI: -76 [da:20:ec:50:05:fc]
RSSI: -86 [da:1e:51:57:14:be]
RSSI: -77 [da:20:ec:5f:06:2c]
RSSI: -80 [da:20:ec:6c:06:4c]
RSSI: -76 [da:20:ec:6c:06:4c]
RSSI: -82 [da:20:ec:7b:06:7c]
RSSI: -83 [da:20:ec:7b:06:7c]
RSSI: -82 [da:20:ec:89:06:ac]
RSSI: -83 [da:20:ec:89:06:ac]
RSSI: -90 [da:20:ec:96:06:dc]
RSSI: -88 [da:1e:51:99:15:7e]
RSSI: -91 [da:20:ec:a5:07:0c]
RSSI: -86 [da:20:ec:a5:07:0c]
RSSI: -85 [da:1e:51:a6:15:9e]
RSSI: -77 [da:20:ec:b4:07:3c]
RSSI: -82 [da:20:ec:c0:07:5c]
RSSI: -83 [da:20:ec:c0:07:5c]
RSSI: -84 [da:1e:51:c0:15:ee]
RSSI: -84 [da:20:ec:cf:07:8c]
RSSI: -82 [da:1e:51:ce:16:0e]
RSSI: -80 [da:20:ec:eb:07:ec]
RSSI: -84 [da:20:ec:fa:08:1c]
RSSI: -83 [da:1e:51:f5:00:2e]
RSSI: -81 [da:20:ed:09:08:4c]
RSSI: -86 [da:20:ed:15:08:6c]
RSSI: -95 [da:1e:52:0f:00:7e]
RSSI: -76 [da:20:ed:24:08:9c]
RSSI: -80 [da:20:ed:33:08:cc]
RSSI: -85 [da:20:ed:40:08:fc]
RSSI: -93 [da:1e:52:37:00:ee]
RSSI: -85 [da:20:ed:40:08:fc]
RSSI: -94 [da:1e:52:45:01:0e]
RSSI: -85 [da:20:ed:4f:09:2c]
RSSI: -81 [da:20:ed:5e:09:5c]
RSSI: -90 [da:1e:52:5f:01:5e]
RSSI: -88 [da:1e:52:5f:01:5e]
RSSI: -92 [da:1e:52:6c:01:7e]
RSSI: -87 [da:1e:52:6c:01:7e]
RSSI: -84 [da:20:ed:79:09:ac]
RSSI: -84 [da:1e:52:7a:01:ae]
RSSI: -84 [da:1e:52:7a:01:ae]
RSSI: -85 [da:1e:52:7a:01:ae]
RSSI: -81 [da:20:ed:88:09:dc]
RSSI: -84 [da:1e:52:86:01:ce]
RSSI: -82 [da:1e:52:86:01:ce]
RSSI: -82 [da:1e:52:86:01:ce]
RSSI: -91 [da:20:ed:95:0a:0c]
RSSI: -82 [da:1e:52:86:01:ce]
RSSI: -83 [da:20:ed:95:0a:0c]
RSSI: -81 [da:1e:52:94:01:ee]
RSSI: -81 [da:1e:52:94:01:ee]
RSSI: -91 [da:20:ed:a4:0a:3c]
RSSI: -80 [da:1e:52:a1:02:1e]
RSSI: -91 [da:20:ed:a4:0a:3c]
RSSI: -79 [da:1e:52:a1:02:1e]
RSSI: -80 [da:1e:52:ae:02:3e]
RSSI: -88 [da:20:ed:bf:0a:9c]
RSSI: -85 [da:20:ed:bf:0a:9c]
RSSI: -81 [da:1e:52:bc:02:6e]
RSSI: -85 [da:20:ed:ce:0a:cc]
RSSI: -81 [da:1e:52:c9:02:8e]
RSSI: -80 [da:1e:52:c9:02:8e]
RSSI: -87 [da:20:ed:ce:0a:cc]
RSSI: -82 [da:1e:52:c9:02:8e]
RSSI: -86 [da:20:ed:dd:0a:fc]
RSSI: -81 [da:1e:52:d6:02:ae]
RSSI: -82 [da:20:ed:dd:0a:fc]
RSSI: -82 [da:1e:52:d6:02:ae]
RSSI: -85 [da:20:ed:ea:0b:1c]
RSSI: -82 [da:1e:52:e3:02:de]
RSSI: -86 [da:20:ed:f9:0b:4c]
RSSI: -87 [da:1e:52:f1:02:fe]
RSSI: -86 [da:20:ed:f9:0b:4c]
RSSI: -85 [da:20:ed:f9:0b:4c]
RSSI: -84 [da:1e:52:fd:03:1e]
RSSI: -81 [da:20:ee:08:0b:7c]
RSSI: -86 [da:20:ee:14:0b:ac]
RSSI: -83 [da:1e:53:0b:03:4e]
RSSI: -82 [da:20:ee:14:0b:ac]
RSSI: -86 [da:1e:53:0b:03:4e]
RSSI: -83 [da:1e:53:19:03:6e]
RSSI: -82 [da:1e:53:19:03:6e]
RSSI: -84 [da:1e:53:25:03:8e]
RSSI: -84 [da:1e:53:25:03:8e]
RSSI: -86 [da:20:ee:32:0c:0c]
RSSI: -84 [da:1e:53:33:03:be]
RSSI: -85 [da:20:ee:3f:0c:2c]
RSSI: -82 [da:1e:53:40:03:de]
RSSI: -91 [da:20:ee:4e:0c:5c]
RSSI: -83 [da:1e:53:40:03:de]
RSSI: -90 [da:20:ee:4e:0c:5c]
RSSI: -82 [da:1e:53:4d:03:fe]
RSSI: -88 [da:20:ee:4e:0c:5c]
RSSI: -84 [da:1e:53:4d:03:fe]
RSSI: -90 [da:20:ee:5d:0c:8c]
RSSI: -81 [da:1e:53:5b:04:2e]
RSSI: -81 [da:1e:53:5b:04:2e]
RSSI: -86 [da:20:ee:69:0c:bc]
RSSI: -85 [da:1e:53:68:04:4e]
RSSI: -80 [da:1e:53:68:04:4e]
RSSI: -82 [da:1e:53:75:04:6e]
RSSI: -86 [da:1e:53:75:04:6e]
RSSI: -82 [da:1e:53:82:04:9e]
RSSI: -86 [da:20:ee:87:0d:1c]
RSSI: -85 [da:20:ee:94:0d:3c]
RSSI: -85 [da:1e:53:90:04:be]
RSSI: -90 [da:20:ee:94:0d:3c]
RSSI: -86 [da:20:ee:a3:0d:6c]
RSSI: -86 [da:20:ee:b2:0d:9c]
RSSI: -84 [da:20:ee:b2:0d:9c]
RSSI: -83 [da:20:ee:bf:0d:cc]
RSSI: -87 [da:20:ee:bf:0d:cc]
RSSI: -86 [da:20:ee:ce:0d:fc]
RSSI: -82 [da:20:ee:ce:0d:fc]
RSSI: -83 [da:20:ee:dd:0e:2c]
RSSI: -82 [da:20:ee:dd:0e:2c]
RSSI: -83 [da:20:ee:e9:0e:4c]
RSSI: -83 [da:20:ee:e9:0e:4c]
RSSI: -86 [da:1e:53:ec:05:ce]
RSSI: -88 [da:20:ee:f8:0e:7c]
RSSI: -89 [da:1e:53:fa:05:fe]
RSSI: -96 [da:1b:4a:e5:04:2a]
RSSI: -87 [da:1e:53:fa:05:fe]
RSSI: -89 [da:20:ef:07:0e:ac]
RSSI: -89 [da:1e:54:07:06:1e]
RSSI: -91 [da:1b:4a:f2:04:4a]
RSSI: -89 [da:1e:54:07:06:1e]
RSSI: -86 [da:20:ef:14:0e:dc]
RSSI: -87 [da:20:ef:23:0f:0c]
RSSI: -87 [da:1e:54:22:06:6e]
RSSI: -89 [da:1e:54:22:06:6e]
RSSI: -86 [da:1e:54:2f:06:8e]
RSSI: -86 [da:1e:54:2f:06:8e]
RSSI: -85 [da:1e:54:3c:06:ae]
RSSI: -90 [da:20:ef:4e:0f:8c]
RSSI: -87 [da:20:ef:4e:0f:8c]
RSSI: -89 [da:1e:54:4a:06:de]
RSSI: -87 [da:20:ef:5d:0f:cc]
RSSI: -86 [da:20:ef:5d:0f:cc]
RSSI: -86 [da:1e:54:57:06:fe]
RSSI: -90 [da:1b:4b:3f:05:1a]
RSSI: -87 [da:20:ef:5d:0f:cc]
RSSI: -91 [da:1e:54:64:07:2e]
RSSI: -85 [da:20:ef:69:0f:ec]
RSSI: -90 [da:1e:54:64:07:2e]
RSSI: -87 [da:1e:54:64:07:2e]
RSSI: -84 [da:20:ef:94:10:7c]
RSSI: -80 [da:1e:54:8c:07:9e]
RSSI: -85 [da:20:ef:94:10:7c]
RSSI: -82 [da:20:ef:94:10:7c]
RSSI: -79 [da:1e:54:8c:07:9e]
RSSI: -83 [da:20:ef:94:10:7c]
RSSI: -78 [da:1e:54:99:07:be]
RSSI: -79 [da:1e:54:99:07:be]
RSSI: -78 [da:1e:54:a7:07:ee]
RSSI: -90 [da:1b:4b:98:06:1a]
RSSI: -83 [da:20:ef:b2:10:dc]
RSSI: -79 [da:1e:54:b3:08:0e]
RSSI: -79 [da:1e:54:b3:08:0e]
RSSI: -79 [da:1e:54:b3:08:0e]
RSSI: -81 [da:1e:54:c1:08:3e]
RSSI: -81 [da:1e:54:c1:08:3e]
RSSI: -80 [da:20:ef:ce:11:2c]
RSSI: -80 [da:1e:54:cf:08:5e]
RSSI: -79 [da:20:ef:ce:11:2c]
RSSI: -79 [da:1e:54:cf:08:5e]
RSSI: -81 [da:20:ef:dd:11:5c]
RSSI: -79 [da:20:ef:e9:11:8c]
RSSI: -79 [da:1e:54:e9:08:ae]
RSSI: -79 [da:20:ef:f9:11:bc]
RSSI: -79 [da:1e:54:f7:08:ce]
RSSI: -83 [da:20:f0:08:11:ec]
RSSI: -86 [da:20:f0:14:12:0c]
RSSI: -73 [da:1e:55:11:09:1e]
RSSI: -83 [da:20:f0:14:12:0c]
RSSI: -73 [da:1e:55:11:09:1e]
RSSI: -86 [da:20:f0:23:12:3c]
RSSI: -71 [da:1e:55:1f:09:3e]
RSSI: -83 [da:20:f0:32:12:6c]
RSSI: -71 [da:1e:55:2b:09:6e]
RSSI: -83 [da:20:f0:3f:12:9c]
RSSI: -70 [da:1e:55:39:09:8e]
RSSI: -81 [da:20:f0:3f:12:9c]
RSSI: -70 [da:1e:55:39:09:8e]
RSSI: -68 [da:1e:55:47:09:be]
RSSI: -81 [da:20:f0:4e:12:cc]
RSSI: -70 [da:1e:55:47:09:be]
RSSI: -82 [da:20:f0:4e:12:cc]
RSSI: -69 [da:1e:55:53:09:de]
RSSI: -66 [da:1e:55:53:09:de]
RSSI: -69 [da:1e:55:61:0a:0e]
RSSI: -81 [da:20:f0:6a:13:1c]
RSSI: -80 [da:20:f0:6a:13:1c]
RSSI: -68 [da:1e:55:61:0a:0e]
RSSI: -80 [da:20:f0:6a:13:1c]
RSSI: -64 [da:1e:55:6f:0a:2e]
RSSI: -82 [da:20:f0:79:13:4c]
RSSI: -69 [da:1e:55:6f:0a:2e]
RSSI: -80 [da:20:f0:79:13:4c]
RSSI: -68 [da:1e:55:7b:0a:4e]
RSSI: -79 [da:20:f0:88:13:7c]
RSSI: -64 [da:1e:55:7b:0a:4e]
RSSI: -78 [da:20:f0:88:13:7c]
RSSI: -82 [da:20:f0:88:13:7c]
RSSI: -68 [da:1e:55:89:0a:7e]
RSSI: -82 [da:20:f0:94:13:ac]
RSSI: -67 [da:1e:55:89:0a:7e]
RSSI: -79 [da:20:f0:94:13:ac]
RSSI: -67 [da:1e:55:97:0a:9e]
RSSI: -85 [da:20:f0:a4:13:dc]
RSSI: -84 [da:20:f0:a4:13:dc]
RSSI: -64 [da:1e:55:a3:0a:be]
RSSI: -83 [da:20:f0:b3:14:0c]
RSSI: -66 [da:1e:55:b1:0a:ee]
RSSI: -81 [da:20:f0:bf:14:2c]
RSSI: -67 [da:1e:55:bf:0b:0e]
RSSI: -67 [da:1e:55:bf:0b:0e]
RSSI: -77 [da:20:f0:ce:14:5c]
RSSI: -66 [da:1e:55:cb:0b:2e]
RSSI: -75 [da:20:f0:ce:14:5c]
RSSI: -69 [da:1e:55:cb:0b:2e]
RSSI: -78 [da:20:f0:dd:14:8c]
RSSI: -69 [da:1e:55:d9:0b:5e]
RSSI: -75 [da:20:f0:dd:14:8c]
RSSI: -66 [da:1e:55:d9:0b:5e]
RSSI: -68 [da:1e:55:e7:0b:7e]
RSSI: -68 [da:1e:55:e7:0b:7e]
RSSI: -74 [da:20:f0:f9:14:ec]
RSSI: -66 [da:1e:55:f3:0b:ae]
RSSI: -87 [da:20:f0:f9:14:ec]
RSSI: -69 [da:1e:55:f3:0b:ae]
RSSI: -70 [da:1e:56:01:0b:ce]
RSSI: -83 [da:20:f1:08:15:1c]
RSSI: -67 [da:1e:56:01:0b:ce]
RSSI: -71 [da:1e:56:0f:0b:fe]
RSSI: -81 [da:20:f1:15:15:3c]
RSSI: -71 [da:1e:56:0f:0b:fe]
RSSI: -79 [da:20:f1:15:15:3c]
RSSI: -74 [da:1e:56:1b:0c:1e]
RSSI: -74 [da:20:f1:24:15:6c]
RSSI: -75 [da:1e:56:29:0c:3e]
RSSI: -73 [da:20:f1:33:15:9c]
RSSI: -77 [da:1e:56:37:0c:6e]
RSSI: -68 [da:20:f1:40:15:cc]
RSSI: -78 [da:1e:56:37:0c:6e]
RSSI: -68 [da:20:f1:40:15:cc]
RSSI: -66 [da:20:f1:4f:15:fc]
RSSI: -78 [da:1e:56:43:0c:8e]
RSSI: -65 [da:20:f1:4f:15:fc]
RSSI: -77 [da:1e:56:51:0c:be]
RSSI: -64 [da:20:f1:5e:16:2c]
RSSI: -77 [da:1e:56:5f:0c:de]
RSSI: -63 [da:20:f1:6b:16:4c]
RSSI: -77 [da:1e:56:6b:0d:0e]
RSSI: -62 [da:20:f1:7a:16:7c]
RSSI: -76 [da:1e:56:6b:0d:0e]
RSSI: -62 [da:20:f1:7a:16:7c]
RSSI: -76 [da:1e:56:79:0d:2e]
RSSI: -77 [da:1e:56:79:0d:2e]
RSSI: -62 [da:20:f1:89:00:2c]
RSSI: -77 [da:1e:56:87:0d:5e]
RSSI: -61 [da:20:f1:89:00:2c]
RSSI: -76 [da:1e:56:87:0d:5e]
RSSI: -76 [da:1e:56:93:0d:7e]
RSSI: -77 [da:1e:56:93:0d:7e]
RSSI: -61 [da:20:f1:a5:00:8c]
RSSI: -77 [da:1e:56:a1:0d:9e]
RSSI: -61 [da:20:f1:b4:00:bc]
RSSI: -78 [da:1e:56:af:0d:ce]
RSSI: -79 [da:1e:56:af:0d:ce]
RSSI: -62 [da:20:f1:c0:00:ec]
RSSI: -78 [da:1e:56:bc:0d:ee]
RSSI: -62 [da:20:f1:c0:00:ec]
RSSI: -61 [da:20:f1:c0:00:ec]
RSSI: -63 [da:20:f1:d0:01:1c]
RSSI: -79 [da:1e:56:c9:0e:1e]
RSSI: -63 [da:20:f1:df:01:4c]
RSSI: -78 [da:1e:56:d7:0e:3e]
RSSI: -63 [da:20:f1:df:01:4c]
RSSI: -80 [da:1e:56:e4:0e:5e]
RSSI: -63 [da:20:f1:eb:01:6c]
RSSI: -65 [da:20:f1:fb:01:9c]
RSSI: -79 [da:1e:56:f2:0e:8e]
RSSI: -66 [da:20:f1:fb:01:9c]
RSSI: -78 [da:1e:56:ff:0e:ae]
RSSI: -69 [da:20:f2:0a:01:cc]
RSSI: -78 [da:1e:56:ff:0e:ae]
RSSI: -69 [da:20:f2:0a:01:cc]
RSSI: -78 [da:1e:57:0c:0e:ce]
RSSI: -79 [da:1e:57:0c:0e:ce]
RSSI: -78 [da:1e:57:0c:0e:ce]
RSSI: -74 [da:20:f2:16:01:fc]
RSSI: -78 [da:1e:57:1a:0e:fe]
RSSI: -78 [da:1e:57:1a:0e:fe]
RSSI: -78 [da:1e:57:1a:0e:fe]
RSSI: -75 [da:20:f2:26:02:2c]
RSSI: -78 [da:1e:57:1a:0e:fe]
RSSI: -77 [da:1e:57:27:0f:1e]
RSSI: -81 [da:20:f2:35:02:5c]
RSSI: -76 [da:1e:57:27:0f:1e]
RSSI: -82 [da:20:f2:35:02:5c]
RSSI: -77 [da:1e:57:34:0f:4e]
RSSI: -77 [da:1e:57:34:0f:4e]
RSSI: -82 [da:20:f2:41:02:7c]
RSSI: -76 [da:1e:57:42:0f:6e]
RSSI: -78 [da:20:f2:41:02:7c]
RSSI: -77 [da:1e:57:42:0f:6e]
RSSI: -74 [da:20:f2:50:02:ac]
RSSI: -77 [da:1e:57:50:0f:9e]
RSSI: -72 [da:20:f2:60:02:dc]
RSSI: -71 [da:20:f2:60:02:dc]
RSSI: -80 [da:1e:57:5c:0f:be]
RSSI: -72 [da:20:f2:6c:03:0c]
RSSI: -82 [da:1e:57:6a:0f:ee]
RSSI: -71 [da:20:f2:6c:03:0c]
RSSI: -75 [da:20:f2:7b:03:3c]
RSSI: -82 [da:1e:57:78:10:0e]
RSSI: -75 [da:20:f2:7b:03:3c]
RSSI: -74 [da:20:f2:8b:03:6c]
RSSI: -80 [da:1e:57:84:10:3e]
RSSI: -81 [da:20:f2:8b:03:6c]
RSSI: -80 [da:1e:57:84:10:3e]
RSSI: -81 [da:1e:57:92:10:5e]
RSSI: -79 [da:20:f2:97:03:8c]
RSSI: -82 [da:1e:57:92:10:5e]
RSSI: -82 [da:1e:57:a0:10:8e]
RSSI: -84 [da:20:f2:a6:03:bc]
RSSI: -82 [da:1e:57:a0:10:8e]
RSSI: -85 [da:20:f2:a6:03:bc]
RSSI: -85 [da:20:f2:b6:03:ec]
RSSI: -82 [da:1e:57:ad:10:ae]
RSSI: -81 [da:20:f2:b6:03:ec]
RSSI: -85 [da:1e:57:ad:10:ae]
RSSI: -86 [da:1e:57:ba:10:de]
RSSI: -78 [da:20:f2:c2:04:1c]
RSSI: -84 [da:1e:57:ba:10:de]
RSSI: -84 [da:20:f2:c2:04:1c]
RSSI: -89 [da:1e:57:c8:10:fe]
RSSI: -77 [da:20:f2:d1:04:4c]
RSSI: -77 [da:20:f2:e1:04:7c]
RSSI: -76 [da:20:f2:e1:04:7c]
RSSI: -76 [da:20:f2:e1:04:7c]
RSSI: -82 [da:1e:57:e3:11:4e]
RSSI: -79 [da:20:f2:ed:04:9c]
RSSI: -80 [da:20:f2:ed:04:9c]
RSSI: -85 [da:1e:57:f0:11:7e]
RSSI: -80 [da:20:f2:fc:04:cc]
RSSI: -83 [da:1e:57:fd:11:9e]
RSSI: -80 [da:20:f3:0c:05:0c]
RSSI: -85 [da:1e:57:fd:11:9e]
RSSI: -79 [da:20:f3:0c:05:0c]
RSSI: -84 [da:1e:58:0b:11:be]
RSSI: -83 [da:1e:58:0b:11:be]
RSSI: -78 [da:20:f3:18:05:2c]
RSSI: -76 [da:20:f3:18:05:2c]
RSSI: -87 [da:1e:58:19:11:ee]
RSSI: -77 [da:20:f3:27:05:5c]
RSSI: -79 [da:20:f3:27:05:5c]
RSSI: -76 [da:20:f3:37:05:8c]
RSSI: -77 [da:20:f3:37:05:8c]
RSSI: -79 [da:1e:58:33:12:3e]
RSSI: -86 [da:1e:58:33:12:3e]
RSSI: -77 [da:20:f3:43:05:bc]
RSSI: -83 [da:1e:58:41:12:5e]
RSSI: -78 [da:20:f3:43:05:bc]
RSSI: -78 [da:1e:58:41:12:5e]
RSSI: -83 [da:1e:58:4e:12:7e]
RSSI: -83 [da:20:f3:53:05:ec]
RSSI: -81 [da:1e:58:4e:12:7e]
RSSI: -81 [da:20:f3:53:05:ec]
RSSI: -75 [da:20:f3:62:06:1c]
RSSI: -84 [da:20:f3:62:06:1c]
RSSI: -86 [da:1e:58:5c:12:ae]
RSSI: -78 [da:20:f3:6e:06:3c]
RSSI: -85 [da:1e:58:69:12:ce]
RSSI: -76 [da:20:f3:6e:06:3c]
RSSI: -88 [da:1e:58:69:12:ce]
RSSI: -76 [da:20:f3:7e:06:6c]
RSSI: -81 [da:20:f3:8d:06:9c]
RSSI: -78 [da:20:f3:99:06:cc]
RSSI: -83 [da:1e:58:92:13:4e]
RSSI: -86 [da:20:f3:99:06:cc]
RSSI: -88 [da:1e:58:9e:13:6e]
RSSI: -85 [da:20:f3:a9:06:fc]
RSSI: -77 [da:20:f3:a9:06:fc]
RSSI: -91 [da:20:f3:b8:07:2c]
RSSI: -88 [da:1e:58:ac:13:9e]
RSSI: -87 [da:20:f3:b8:07:2c]
RSSI: -86 [da:1e:58:ac:13:9e]
RSSI: -82 [da:1e:58:ba:13:be]
RSSI: -85 [da:20:f3:c4:07:4c]
RSSI: -87 [da:1e:58:ba:13:be]
RSSI: -82 [da:20:f3:c4:07:4c]
RSSI: -85 [da:1e:58:c7:13:ee]
RSSI: -87 [da:1e:58:d4:14:0e]
RSSI: -88 [da:20:f3:d4:07:7c]
RSSI: -82 [da:20:f3:e3:07:bc]
RSSI: -83 [da:20:f3:e3:07:bc]
RSSI: -86 [da:1e:58:e2:14:2e]
RSSI: -90 [da:20:f3:f0:07:dc]
RSSI: -84 [da:20:f3:ff:08:0c]
RSSI: -83 [da:20:f3:ff:08:0c]
RSSI: -88 [da:20:f4:0e:08:3c]
RSSI: -86 [da:20:f4:0e:08:3c]
RSSI: -83 [da:20:f4:1b:08:6c]
RSSI: -80 [da:20:f4:1b:08:6c]
RSSI: -83 [da:20:f4:2a:08:9c]
RSSI: -82 [da:20:f4:39:08:cc]
RSSI: -74 [da:20:f4:46:08:ec]
RSSI: -81 [da:20:f4:46:08:ec]
RSSI: -78 [da:20:f4:55:09:1c]
RSSI: -85 [da:1e:59:4e:15:5e]
RSSI: -75 [da:20:f4:55:09:1c]
RSSI: -81 [da:20:f4:64:09:4c]
RSSI: -78 [da:20:f4:64:09:4c]
RSSI: -83 [da:20:f4:71:09:7c]
RSSI: -83 [da:20:f4:71:09:7c]
RSSI: -79 [da:20:f4:71:09:7c]
RSSI: -83 [da:1e:59:76:15:de]
RSSI: -81 [da:20:f4:80:09:ac]
RSSI: -89 [da:20:f4:80:09:ac]
RSSI: -88 [da:20:f4:90:09:dc]
RSSI: -79 [da:20:f4:90:09:dc]
RSSI: -84 [da:1e:59:9e:16:4e]
RSSI: -92 [da:1e:59:9e:16:4e]
RSSI: -89 [da:20:f4:ac:0a:2c]
RSSI: -81 [da:20:f4:bb:0a:6c]
RSSI: -81 [da:20:f4:bb:0a:6c]
RSSI: -86 [da:20:f4:c7:0a:8c]
RSSI: -81 [da:20:f4:c7:0a:8c]
RSSI: -90 [da:1e:59:c7:00:7e]
RSSI: -84 [da:20:f4:d7:0a:bc]
RSSI: -92 [da:1e:59:e1:00:ce]
RSSI: -88 [da:20:f4:e6:0a:ec]
RSSI: -82 [da:20:f4:f3:0b:1c]
RSSI: -82 [da:20:f4:f3:0b:1c]
RSSI: -91 [da:1e:59:ef:00:ee]
RSSI: -80 [da:20:f5:02:0b:4c]
RSSI: -79 [da:20:f5:02:0b:4c]
RSSI: -79 [da:20:f5:11:0b:7c]
RSSI: -89 [da:1e:5a:0a:01:3e]
RSSI: -76 [da:20:f5:11:0b:7c]
RSSI: -78 [da:20:f5:1e:0b:ac]
RSSI: -86 [da:1e:5a:18:01:6e]
RSSI: -75 [da:20:f5:1e:0b:ac]
RSSI: -84 [da:1e:5a:18:01:6e]
RSSI: -77 [da:20:f5:2d:0b:dc]
RSSI: -84 [da:1e:5a:26:01:8e]
RSSI: -78 [da:20:f5:2d:0b:dc]
RSSI: -82 [da:1e:5a:32:01:ae]
RSSI: -75 [da:20:f5:3c:0c:0c]
RSSI: -81 [da:1e:5a:32:01:ae]
RSSI: -82 [da:1e:5a:32:01:ae]
RSSI: -78 [da:20:f5:3c:0c:0c]
RSSI: -81 [da:1e:5a:40:01:de]
RSSI: -80 [da:20:f5:49:0c:2c]
RSSI: -80 [da:1e:5a:40:01:de]
RSSI: -76 [da:20:f5:49:0c:2c]
RSSI: -80 [da:1e:5a:40:01:de]
RSSI: -81 [da:1e:5a:4e:02:0e]
RSSI: -82 [da:20:f5:58:0c:5c]
RSSI: -81 [da:1e:5a:4e:02:0e]
RSSI: -77 [da:20:f5:58:0c:5c]
RSSI: -80 [da:1e:5a:5b:02:2e]
RSSI: -81 [da:20:f5:68:0c:8c]
RSSI: -80 [da:1e:5a:5b:02:2e]
RSSI: -81 [da:20:f5:68:0c:8c]
RSSI: -82 [da:1e:5a:69:02:4e]
RSSI: -79 [da:20:f5:74:0c:bc]
RSSI: -81 [da:1e:5a:69:02:4e]
RSSI: -81 [da:20:f5:74:0c:bc]
RSSI: -82 [da:1e:5a:77:02:7e]
RSSI: -81 [da:20:f5:84:0c:ec]
RSSI: -84 [da:1e:5a:83:02:9e]
RSSI: -82 [da:1e:5a:91:02:ce]
RSSI: -79 [da:20:f5:a0:0d:4c]
RSSI: -81 [da:1e:5a:9f:02:ee]
RSSI: -88 [da:20:f5:a0:0d:4c]
RSSI: -83 [da:1e:5a:9f:02:ee]
RSSI: -78 [da:20:f5:af:0d:7c]
RSSI: -85 [da:1e:5a:ac:03:1e]
RSSI: -79 [da:20:f5:af:0d:7c]
RSSI: -82 [da:1e:5a:ac:03:1e]
RSSI: -90 [da:20:f5:be:0d:ac]
RSSI: -82 [da:1e:5a:ba:03:3e]
RSSI: -84 [da:20:f5:be:0d:ac]
RSSI: -82 [da:1e:5a:ba:03:3e]
RSSI: -82 [da:1e:5a:c8:03:5e]
RSSI: -91 [da:20:f5:cb:0d:cc]
RSSI: -82 [da:1e:5a:c8:03:5e]
RSSI: -82 [da:20:f5:cb:0d:cc]
RSSI: -82 [da:1e:5a:c8:03:5e]
RSSI: -83 [da:1e:5a:d4:03:8e]
RSSI: -87 [da:20:f5:da:0e:0c]
RSSI: -82 [da:1e:5a:d4:03:8e]
RSSI: -80 [da:20:f5:ea:0e:3c]
RSSI: -82 [da:1e:5a:e2:03:ae]
RSSI: -87 [da:20:f5:ea:0e:3c]
RSSI: -81 [da:1e:5a:f0:03:de]
RSSI: -83 [da:20:f5:f6:0e:5c]
RSSI: -80 [da:20:f5:f6:0e:5c]
RSSI: -82 [da:1e:5a:f0:03:de]
RSSI: -80 [da:20:f5:f6:0e:5c]
RSSI: -81 [da:20:f6:06:0e:8c]
RSSI: -81 [da:1e:5a:fd:03:fe]
RSSI: -82 [da:20:f6:06:0e:8c]
RSSI: -86 [da:1e:5b:0b:04:2e]
RSSI: -80 [da:20:f6:15:0e:bc]
RSSI: -86 [da:1e:5b:0b:04:2e]
RSSI: -80 [da:20:f6:15:0e:bc]
RSSI: -81 [da:1e:5b:19:04:4e]
RSSI: -87 [da:20:f6:22:0e:ec]
RSSI: -79 [da:20:f6:22:0e:ec]
RSSI: -81 [da:1e:5b:25:04:6e]
RSSI: -94 [da:20:f6:31:0f:1c]
RSSI: -82 [da:1e:5b:25:04:6e]
RSSI: -86 [da:1e:5b:33:04:9e]
RSSI: -84 [da:20:f6:40:0f:4c]
RSSI: -83 [da:1e:5b:33:04:9e]
RSSI: -84 [da:20:f6:40:0f:4c]
RSSI: -84 [da:1e:5b:41:04:ce]
RSSI: -86 [da:1e:5b:41:04:ce]
RSSI: -84 [da:20:f6:4d:0f:7c]
RSSI: -87 [da:1e:5b:4e:04:ee]
RSSI: -84 [da:20:f6:5c:0f:ac]
RSSI: -85 [da:1e:5b:5c:05:0e]
RSSI: -84 [da:20:f6:6c:0f:dc]
RSSI: -83 [da:20:f6:6c:0f:dc]
RSSI: -80 [da:20:f6:88:10:3c]
RSSI: -89 [da:1e:5b:93:05:ae]
RSSI: -87 [da:20:f6:97:10:6c]
RSSI: -87 [da:1e:5b:93:05:ae]
RSSI: -89 [da:1e:5b:9f:05:de]
RSSI: -89 [da:1e:5b:9f:05:de]
RSSI: -89 [da:1e:5b:ad:05:fe]
RSSI: -88 [da:20:f6:b3:10:bc]
RSSI: -87 [da:1e:5b:ad:05:fe]
RSSI: -88 [da:20:f6:b3:10:bc]
RSSI: -83 [da:20:f6:c2:10:ec]
RSSI: -91 [da:1b:52:a8:04:0a]
RSSI: -87 [da:1e:5b:bb:06:2e]
RSSI: -83 [da:20:f6:cf:11:1c]
RSSI: -84 [da:20:f6:cf:11:1c]
RSSI: -93 [da:1b:52:c2:04:5a]
RSSI: -85 [da:1e:5b:d6:06:6e]
RSSI: -85 [da:1e:5b:d6:06:6e]
RSSI: -84 [da:1e:5b:d6:06:6e]
RSSI: -85 [da:20:f6:ee:11:7c]
RSSI: -90 [da:1e:5b:f0:06:be]
RSSI: -83 [da:20:f6:fa:11:9c]
RSSI: -84 [da:20:f6:fa:11:9c]
RSSI: -84 [da:1e:5b:ff:06:ee]
RSSI: -79 [da:20:f7:0a:11:cc]
RSSI: -84 [da:1e:5c:0c:07:0e]
RSSI: -82 [da:20:f7:19:11:fc]
RSSI: -85 [da:1e:5c:0c:07:0e]
RSSI: -83 [da:20:f7:19:11:fc]
RSSI: -86 [da:1e:5c:19:07:2e]
RSSI: -83 [da:1e:5c:19:07:2e]
RSSI: -90 [da:20:f7:26:12:2c]
RSSI: -92 [da:1b:53:11:05:3a]
RSSI: -86 [da:1e:5c:27:07:5e]
RSSI: -82 [da:1e:5c:35:07:7e]
RSSI: -85 [da:20:f7:45:12:8c]
RSSI: -83 [da:20:f7:45:12:8c]
RSSI: -82 [da:1e:5c:42:07:ae]
RSSI: -83 [da:20:f7:51:12:ac]
RSSI: -78 [da:1e:5c:50:07:ce]
RSSI: -79 [da:1e:5c:5e:07:fe]
RSSI: -95 [da:1b:53:45:05:ca]
RSSI: -89 [da:1b:53:52:05:fa]
RSSI: -86 [da:20:f7:70:13:1c]
RSSI: -80 [da:1e:5c:6a:08:1e]
RSSI: -85 [da:20:f7:70:13:1c]
RSSI: -79 [da:1e:5c:6a:08:1e]
RSSI: -76 [da:1e:5c:79:08:4e]
RSSI: -79 [da:1e:5c:79:08:4e]
RSSI: -81 [da:20:f7:8c:13:6c]
RSSI: -78 [da:1e:5c:93:08:8e]
RSSI: -85 [da:20:f7:9c:13:9c]
RSSI: -78 [da:1e:5c:93:08:8e]
RSSI: -78 [da:1e:5c:93:08:8e]
RSSI: -81 [da:20:f7:9c:13:9c]
RSSI: -78 [da:1e:5c:93:08:8e]
RSSI: -92 [da:1b:53:86:06:8a]
RSSI: -76 [da:1e:5c:a1:08:be]
RSSI: -75 [da:1e:5c:af:08:ee]
RSSI: -74 [da:1e:5c:af:08:ee]
RSSI: -81 [da:20:f7:b8:13:fc]
RSSI: -85 [da:20:f7:c7:14:2c]
RSSI: -73 [da:1e:5c:bc:09:0e]
RSSI: -71 [da:1e:5c:bc:09:0e]
RSSI: -81 [da:20:f7:d4:14:4c]
RSSI: -80 [da:20:f7:d4:14:4c]
RSSI: -71 [da:1e:5c:cf:09:3e]
RSSI: -79 [da:20:f7:d4:14:4c]
RSSI: -69 [da:1e:5c:df:09:6e]
RSSI: -77 [da:20:f7:e3:14:7c]
RSSI: -69 [da:1e:5c:df:09:6e]
RSSI: -74 [da:20:f7:f3:14:ac]
RSSI: -67 [da:1e:5c:ec:09:8e]
RSSI: -68 [da:1e:5c:ec:09:8e]
RSSI: -74 [da:20:f7:ff:14:dc]
RSSI: -67 [da:1e:5c:fa:09:be]
RSSI: -74 [da:20:f7:ff:14:dc]
RSSI: -65 [da:1e:5c:fa:09:be]
RSSI: -67 [da:1e:5d:08:09:de]
RSSI: -79 [da:20:f8:0f:15:0c]
RSSI: -66 [da:1e:5d:08:09:de]
RSSI: -77 [da:20:f8:0f:15:0c]
RSSI: -90 [da:20:f8:1e:15:3c]
RSSI: -68 [da:1e:5d:15:0a:0e]
RSSI: -64 [da:1e:5d:23:0a:2e]
RSSI: -80 [da:20:f8:2b:15:6c]
RSSI: -67 [da:1e:5d:31:0a:5e]
RSSI: -67 [da:1e:5d:31:0a:5e]
RSSI: -77 [da:20:f8:3f:15:ac]
RSSI: -67 [da:1e:5d:3e:0a:7e]
RSSI: -73 [da:20:f8:3f:15:ac]
RSSI: -66 [da:1e:5d:3e:0a:7e]
RSSI: -71 [da:20:f8:50:15:dc]
RSSI: -71 [da:20:f8:50:15:dc]
RSSI: -63 [da:1e:5d:4c:0a:ae]
RSSI: -66 [da:1e:5d:4c:0a:ae]
RSSI: -69 [da:20:f8:5c:15:fc]
RSSI: -68 [da:1e:5d:66:0a:fe]
RSSI: -66 [da:20:f8:6c:16:2c]
RSSI: -67 [da:1e:5d:66:0a:fe]
RSSI: -65 [da:20:f8:6c:16:2c]
RSSI: -68 [da:1e:5d:66:0a:fe]
RSSI: -64 [da:20:f8:7b:16:6c]
RSSI: -64 [da:20:f8:7b:16:6c]
RSSI: -69 [da:1e:5d:75:0b:1e]
RSSI: -61 [da:20:f8:88:00:0c]
RSSI: -62 [da:20:f8:88:00:0c]
RSSI: -69 [da:1e:5d:8f:0b:6e]
RSSI: -60 [da:20:f8:97:00:3c]
RSSI: -69 [da:1e:5d:8f:0b:6e]
RSSI: -61 [da:20:f8:a7:00:6c]
RSSI: -61 [da:20:f8:a7:00:6c]
RSSI: -68 [da:1e:5d:9d:0b:8e]
RSSI: -61 [da:20:f8:b3:00:8c]
RSSI: -61 [da:20:f8:b3:00:8c]
RSSI: -71 [da:1e:5d:b8:0b:de]
RSSI: -60 [da:20:f8:c3:00:bc]
RSSI: -73 [da:1e:5d:c6:0c:0e]
RSSI: -62 [da:20:f8:d2:00:ec]
RSSI: -73 [da:1e:5d:c6:0c:0e]
RSSI: -61 [da:20:f8:d2:00:ec]
RSSI: -74 [da:1e:5d:d4:0c:3e]
RSSI: -61 [da:20:f8:df:01:1c]
RSSI: -78 [da:1e:5d:e1:0c:5e]
RSSI: -78 [da:1e:5d:e1:0c:5e]
RSSI: -63 [da:20:f8:ef:01:4c]
RSSI: -78 [da:1e:5d:ef:0c:8e]
RSSI: -62 [da:20:f8:fe:01:7c]
RSSI: -63 [da:20:f8:fe:01:7c]
RSSI: -79 [da:1e:5d:fd:0c:ae]
RSSI: -64 [da:20:f9:0b:01:9c]
RSSI: -76 [da:1e:5e:0a:0c:de]
RSSI: -66 [da:20:f9:1a:01:dc]
RSSI: -66 [da:20:f9:1a:01:dc]
RSSI: -77 [da:1e:5e:18:0c:fe]
RSSI: -66 [da:20:f9:1a:01:dc]
RSSI: -68 [da:20:f9:2a:02:0c]
RSSI: -76 [da:1e:5e:26:0d:2e]
RSSI: -69 [da:20:f9:2a:02:0c]
RSSI: -76 [da:1e:5e:26:0d:2e]
RSSI: -73 [da:20:f9:36:02:2c]
RSSI: -75 [da:1e:5e:33:0d:4e]
RSSI: -76 [da:1e:5e:33:0d:4e]
RSSI: -76 [da:20:f9:46:02:5c]
RSSI: -77 [da:1e:5e:41:0d:7e]
RSSI: -77 [da:20:f9:46:02:5c]
RSSI: -76 [da:1e:5e:41:0d:7e]
RSSI: -77 [da:1e:5e:4f:0d:9e]
RSSI: -83 [da:20:f9:55:02:8c]
RSSI: -78 [da:1e:5e:4f:0d:9e]
RSSI: -85 [da:20:f9:55:02:8c]
RSSI: -81 [da:20:f9:62:02:bc]
RSSI: -79 [da:1e:5e:5c:0d:be]
RSSI: -77 [da:1e:5e:6a:0d:ee]
RSSI: -74 [da:20:f9:71:02:ec]
RSSI: -77 [da:1e:5e:78:0e:0e]
RSSI: -74 [da:20:f9:81:03:1c]
RSSI: -74 [da:20:f9:8e:03:4c]
RSSI: -76 [da:1e:5e:85:0e:2e]
RSSI: -73 [da:20:f9:8e:03:4c]
RSSI: -76 [da:1e:5e:85:0e:2e]
RSSI: -74 [da:1e:5e:93:0e:5e]
RSSI: -76 [da:1e:5e:93:0e:5e]
RSSI: -75 [da:20:f9:9d:03:7c]
RSSI: -77 [da:1e:5e:a1:0e:8e]
RSSI: -76 [da:1e:5e:a1:0e:8e]
RSSI: -79 [da:20:f9:ad:03:ac]
RSSI: -77 [da:1e:5e:ae:0e:ae]
RSSI: -81 [da:20:f9:b9:03:cc]
RSSI: -78 [da:1e:5e:ae:0e:ae]
RSSI: -88 [da:20:f9:b9:03:cc]
RSSI: -79 [da:1e:5e:bc:0e:ce]
RSSI: -84 [da:20:f9:c9:03:fc]
RSSI: -88 [da:20:f9:c9:03:fc]
RSSI: -77 [da:1e:5e:ca:0e:fe]
RSSI: -77 [da:1e:5e:ca:0e:fe]
RSSI: -83 [da:20:f9:d8:04:2c]
RSSI: -78 [da:1e:5e:d6:0f:1e]
RSSI: -81 [da:20:f9:e5:04:5c]
RSSI: -79 [da:20:f9:e5:04:5c]
RSSI: -79 [da:1e:5e:e5:0f:4e]
RSSI: -77 [da:1e:5e:e5:0f:4e]
RSSI: -81 [da:20:f9:f5:04:8c]
RSSI: -79 [da:1e:5e:f3:0f:7e]
RSSI: -86 [da:20:f9:f5:04:8c]
RSSI: -79 [da:1e:5e:f3:0f:7e]
RSSI: -80 [da:20:fa:04:04:bc]
RSSI: -81 [da:1e:5e:ff:0f:9e]
RSSI: -82 [da:20:fa:11:04:dc]
RSSI: -85 [da:1e:5f:0e:0f:be]
RSSI: -83 [da:20:fa:11:04:dc]
RSSI: -82 [da:1e:5f:0e:0f:be]
RSSI: -83 [da:20:fa:20:05:0c]
RSSI: -81 [da:1e:5f:1c:0f:ee]
RSSI: -84 [da:20:fa:20:05:0c]
RSSI: -87 [da:1e:5f:1c:0f:ee]
RSSI: -84 [da:20:fa:30:05:3c]
RSSI: -83 [da:20:fa:3c:05:6c]
RSSI: -81 [da:1e:5f:37:10:3e]
RSSI: -78 [da:20:fa:3c:05:6c]
RSSI: -81 [da:20:fa:4c:05:9c]
RSSI: -81 [da:1e:5f:45:10:5e]
RSSI: -79 [da:20:fa:4c:05:9c]
RSSI: -83 [da:1e:5f:51:10:8e]
RSSI: -82 [da:1e:5f:51:10:8e]
RSSI: -86 [da:1e:5f:60:10:ae]
RSSI: -85 [da:1e:5f:60:10:ae]
RSSI: -87 [da:20:fa:68:05:fc]
RSSI: -84 [da:1e:5f:6e:10:de]
RSSI: -83 [da:1e:5f:7a:10:fe]
RSSI: -86 [da:20:fa:87:06:5c]
RSSI: -82 [da:1e:5f:7a:10:fe]
RSSI: -81 [da:20:fa:87:06:5c]
RSSI: -80 [da:1e:5f:89:11:2e]
RSSI: -79 [da:20:fa:94:06:7c]
RSSI: -84 [da:20:fa:94:06:7c]
RSSI: -82 [da:1e:5f:97:11:4e]
RSSI: -81 [da:20:fa:a3:06:ac]
RSSI: -82 [da:1e:5f:a3:11:6e]
RSSI: -83 [da:1e:5f:a3:11:6e]
RSSI: -83 [da:1e:5f:b2:11:9e]
RSSI: -84 [da:1e:5f:b2:11:9e]
RSSI: -89 [da:1e:5f:cd:11:ee]
RSSI: -86 [da:1e:5f:cd:11:ee]
RSSI: -84 [da:20:fa:df:07:6c]
RSSI: -87 [da:20:fa:df:07:6c]
RSSI: -88 [da:1e:5f:db:12:0e]
RSSI: -80 [da:1e:5f:e9:12:3e]
RSSI: -90 [da:20:fa:fb:07:cc]
RSSI: -86 [da:1e:5f:f6:12:5e]
RSSI: -83 [da:1e:5f:f6:12:5e]
RSSI: -96 [da:20:fa:fb:07:cc]
RSSI: -83 [da:1e:5f:f6:12:5e]
RSSI: -86 [da:1e:60:04:12:8e]
RSSI: -87 [da:1e:60:04:12:8e]
RSSI: -87 [da:1e:60:12:12:ae]
RSSI: -82 [da:20:fb:27:08:5c]
RSSI: -83 [da:20:fb:36:08:8c]
RSSI: -84 [da:20:fb:36:08:8c]
RSSI: -86 [da:20:fb:36:08:8c]
RSSI: -87 [da:20:fb:36:08:8c]
RSSI: -83 [da:1e:60:3b:13:2e]
RSSI: -86 [da:20:fb:43:08:bc]
RSSI: -89 [da:1e:60:48:13:4e]
RSSI: -81 [da:20:fb:53:08:ec]
RSSI: -82 [da:1e:60:48:13:4e]
RSSI: -82 [da:20:fb:53:08:ec]
RSSI: -82 [da:20:fb:62:09:1c]
RSSI: -82 [da:20:fb:62:09:1c]
RSSI: -79 [da:20:fb:62:09:1c]
RSSI: -81 [da:20:fb:6f:09:3c]
RSSI: -78 [da:20:fb:6f:09:3c]
RSSI: -86 [da:1e:60:71:13:ce]
RSSI: -83 [da:20:fb:7f:09:7c]
RSSI: -86 [da:1e:60:7f:13:ee]
RSSI: -78 [da:20:fb:7f:09:7c]
RSSI: -87 [da:20:fb:8e:09:ac]
RSSI: -86 [da:1e:60:8d:14:1e]
RSSI: -86 [da:1e:60:8d:14:1e]
RSSI: -82 [da:20:fb:9b:09:cc]
RSSI: -86 [da:1e:60:9a:14:3e]
RSSI: -90 [da:20:fb:ba:0a:3c]
RSSI: -86 [da:1e:60:b7:14:8e]
RSSI: -90 [da:20:fb:ba:0a:3c]
RSSI: -88 [da:1e:60:b7:14:8e]
RSSI: -85 [da:20:fb:c7:0a:5c]
RSSI: -92 [da:20:fb:c7:0a:5c]
RSSI: -89 [da:1e:60:c3:14:ae]
RSSI: -83 [da:20:fb:d6:0a:8c]
RSSI: -90 [da:1e:60:d2:14:de]
RSSI: -88 [da:20:fb:e6:0a:bc]
RSSI: -85 [da:20:fb:f2:0a:ec]
RSSI: -89 [da:20:fc:02:0b:1c]
RSSI: -81 [da:20:fc:12:0b:4c]
RSSI: -81 [da:20:fc:12:0b:4c]
RSSI: -84 [da:1e:61:09:15:6e]
RSSI: -81 [da:20:fc:12:0b:4c]
RSSI: -79 [da:20:fc:1e:0b:7c]
RSSI: -83 [da:20:fc:2e:0b:ac]
RSSI: -78 [da:20:fc:2e:0b:ac]
RSSI: -82 [da:1e:61:32:15:ee]
RSSI: -82 [da:20:fc:3e:0b:dc]
RSSI: -82 [da:20:fc:3e:0b:dc]
RSSI: -83 [da:20:fc:3e:0b:dc]
RSSI: -81 [da:20:fc:4a:0c:0c]
RSSI: -78 [da:20:fc:5a:0c:3c]
RSSI: -81 [da:20:fc:5a:0c:3c]
RSSI: -88 [da:1e:61:5b:16:5e]
RSSI: -84 [da:20:fc:6a:0c:6c]
RSSI: -93 [da:1e:61:5b:16:5e]
RSSI: -84 [da:20:fc:6a:0c:6c]
RSSI: -79 [da:20:fc:6a:0c:6c]
RSSI: -79 [da:20:fc:6a:0c:6c]
RSSI: -89 [da:1e:61:68:00:2e]
RSSI: -84 [da:20:fc:76:0c:9c]
RSSI: -81 [da:20:fc:86:0c:cc]
RSSI: -86 [da:20:fc:86:0c:cc]
RSSI: -83 [da:20:fc:96:0c:fc]
RSSI: -83 [da:20:fc:96:0c:fc]
RSSI: -81 [da:20:fc:96:0c:fc]
RSSI: -89 [da:20:fc:a2:0d:1c]
RSSI: -85 [da:20:fc:a2:0d:1c]
RSSI: -90 [da:1e:61:ae:00:ee]
RSSI: -86 [da:20:fc:b2:0d:5c]
RSSI: -80 [da:20:fc:c1:0d:8c]
RSSI: -88 [da:1e:61:ba:01:1e]
RSSI: -87 [da:1e:61:ba:01:1e]
RSSI: -92 [da:20:fc:ce:0d:ac]
RSSI: -87 [da:1e:61:c9:01:3e]
RSSI: -83 [da:20:fc:ce:0d:ac]
RSSI: -85 [da:1e:61:d7:01:6e]
RSSI: -91 [da:20:fc:de:0d:dc]
RSSI: -82 [da:1e:61:d7:01:6e]
RSSI: -81 [da:1e:61:e4:01:8e]
RSSI: -81 [da:1e:61:e4:01:8e]
RSSI: -82 [da:1e:61:f2:01:ae]
RSSI: -81 [da:1e:61:f2:01:ae]
RSSI: -83 [da:20:fc:fa:0e:3c]
RSSI: -80 [da:1e:62:00:01:de]
RSSI: -87 [da:20:fd:0a:0e:6c]
RSSI: -82 [da:1e:62:0d:01:fe]
RSSI: -82 [da:1e:62:0d:01:fe]
RSSI: -83 [da:1e:62:1b:02:2e]
RSSI: -82 [da:20:fd:26:0e:cc]
RSSI: -81 [da:20:fd:26:0e:cc]
RSSI: -83 [da:1e:62:2a:02:4e]
RSSI: -86 [da:1e:62:2a:02:4e]
RSSI: -85 [da:20:fd:36:0e:fc]
RSSI: -84 [da:1e:62:36:02:7e]
RSSI: -83 [da:20:fd:45:0f:2c]
RSSI: -83 [da:1e:62:45:02:9e]
RSSI: -88 [da:20:fd:52:0f:5c]
RSSI: -83 [da:1e:62:45:02:9e]
RSSI: -89 [da:20:fd:52:0f:5c]
RSSI: -83 [da:1e:62:53:02:ce]
RSSI: -83 [da:1e:62:53:02:ce]
RSSI: -89 [da:20:fd:62:0f:8c]
RSSI: -82 [da:1e:62:60:02:ee]
RSSI: -88 [da:20:fd:62:0f:8c]
RSSI: -81 [da:1e:62:60:02:ee]
RSSI: -87 [da:20:fd:72:0f:bc]
RSSI: -82 [da:1e:62:6e:03:1e]
RSSI: -82 [da:1e:62:6e:03:1e]
RSSI: -81 [da:20:fd:7e:0f:dc]
RSSI: -81 [da:20:fd:7e:0f:dc]
RSSI: -84 [da:1e:62:7c:03:3e]
RSSI: -86 [da:20:fd:8e:10:0c]
RSSI: -81 [da:1e:62:89:03:5e]
RSSI: -79 [da:20:fd:8e:10:0c]
RSSI: -93 [da:20:fd:9e:10:4c]
RSSI: -84 [da:1e:62:97:03:8e]
RSSI: -85 [da:1e:62:a6:03:be]
RSSI: -87 [da:1e:62:b2:03:de]
RSSI: -82 [da:1e:62:b2:03:de]
RSSI: -83 [da:1e:62:c1:03:fe]
RSSI: -91 [da:20:fd:ca:10:dc]
RSSI: -87 [da:1e:62:c1:03:fe]
RSSI: -82 [da:1e:62:cf:04:2e]
RSSI: -85 [da:1e:62:dc:04:4e]
RSSI: -89 [da:20:fd:f6:11:5c]
RSSI: -88 [da:1e:63:05:04:ce]
RSSI: -90 [da:20:fe:12:11:bc]
RSSI: -91 [da:20:fe:22:11:ec]
RSSI: -91 [da:1e:63:22:05:1e]
RSSI: -94 [da:1e:63:2e:05:3e]
RSSI: -91 [da:1e:63:2e:05:3e]
RSSI: -91 [da:20:fe:3e:12:4c]
RSSI: -87 [da:20:fe:4e:12:7c]
RSSI: -88 [da:1e:63:4b:05:9e]
RSSI: -89 [da:20:fe:5b:12:ac]
RSSI: -88 [da:1e:63:66:05:de]
RSSI: -85 [da:20:fe:6a:12:dc]
RSSI: -89 [da:1e:63:66:05:de]
RSSI: -90 [da:1e:63:74:06:0e]
RSSI: -85 [da:1e:63:74:06:0e]
RSSI: -85 [da:20:fe:87:13:3c]
RSSI: -86 [da:1e:63:81:06:2e]
RSSI: -85 [da:20:fe:87:13:3c]
RSSI: -86 [da:1e:63:81:06:2e]
RSSI: -86 [da:1e:63:90:06:5e]
RSSI: -85 [da:20:fe:97:13:6c]
RSSI: -85 [da:1e:63:9e:06:7e]
RSSI: -85 [da:20:fe:a6:13:9c]
RSSI: -85 [da:1e:63:ab:06:ae]
RSSI: -84 [da:20:fe:b3:13:bc]
RSSI: -85 [da:1e:63:ab:06:ae]
RSSI: -86 [da:1e:63:b9:06:ce]
RSSI: -86 [da:20:fe:c3:13:ec]
RSSI: -86 [da:20:fe:d2:14:1c]
RSSI: -85 [da:1e:63:c7:06:fe]
RSSI: -83 [da:20:fe:d2:14:1c]
RSSI: -84 [da:1e:63:d4:07:1e]
RSSI: -83 [da:20:fe:df:14:4c]
RSSI: -83 [da:1e:63:d4:07:1e]
RSSI: -84 [da:20:fe:df:14:4c]
RSSI: -79 [da:1e:63:e2:07:4e]
RSSI: -81 [da:20:fe:ef:14:7c]
RSSI: -81 [da:1e:63:f1:07:7e]
RSSI: -78 [da:1e:63:f1:07:7e]
RSSI: -79 [da:20:fe:ff:14:ac]
RSSI: -81 [da:20:fe:ff:14:ac]
RSSI: -81 [da:20:fe:ff:14:ac]
RSSI: -80 [da:1e:63:fd:07:9e]
RSSI: -78 [da:1e:63:fd:07:9e]
RSSI: -77 [da:20:ff:0b:14:dc]
RSSI: -77 [da:1e:64:0c:07:ce]
RSSI: -81 [da:1e:64:0c:07:ce]
RSSI: -79 [da:20:ff:1b:15:0c]
RSSI: -79 [da:1e:64:1a:07:ee]
RSSI: -77 [da:20:ff:1b:15:0c]
RSSI: -79 [da:1e:64:1a:07:ee]
RSSI: -82 [da:20:ff:2b:15:3c]
RSSI: -81 [da:1e:64:27:08:1e]
RSSI: -82 [da:20:ff:2b:15:3c]
RSSI: -77 [da:20:ff:37:15:6c]
RSSI: -82 [da:1e:64:35:08:3e]
RSSI: -88 [da:20:ff:47:15:9c]
RSSI: -82 [da:1e:64:44:08:6e]
RSSI: -83 [da:20:ff:47:15:9c]
RSSI: -81 [da:20:ff:57:15:cc]
RSSI: -79 [da:20:ff:57:15:cc]
RSSI: -79 [da:1e:64:50:08:8e]
RSSI: -74 [da:20:ff:64:15:ec]
RSSI: -76 [da:1e:64:5f:08:ae]
RSSI: -73 [da:20:ff:64:15:ec]
RSSI: -76 [da:1e:64:5f:08:ae]
RSSI: -74 [da:1e:64:6d:08:de]
RSSI: -72 [da:20:ff:73:16:1c]
RSSI: -74 [da:1e:64:6d:08:de]
RSSI: -70 [da:20:ff:73:16:1c]
RSSI: -67 [da:20:ff:83:16:4c]
RSSI: -73 [da:1e:64:7a:08:fe]
RSSI: -68 [da:20:ff:83:16:4c]
RSSI: -71 [da:1e:64:7a:08:fe]
RSSI: -71 [da:1e:64:88:09:2e]
RSSI: -64 [da:20:ff:90:16:7c]
RSSI: -71 [da:1e:64:88:09:2e]
RSSI: -71 [da:1e:64:97:09:4e]
RSSI: -66 [da:20:ff:a0:00:3c]
RSSI: -64 [da:20:ff:a0:00:3c]
RSSI: -65 [da:20:ff:af:00:6c]
RSSI: -67 [da:1e:64:a3:09:7e]
RSSI: -66 [da:20:ff:af:00:6c]
RSSI: -68 [da:1e:64:b2:09:9e]
RSSI: -69 [da:1e:64:b2:09:9e]
RSSI: -66 [da:20:ff:bc:00:8c]
RSSI: -68 [da:1e:64:c0:09:ce]
RSSI: -66 [da:20:ff:cc:00:bc]
RSSI: -67 [da:1e:64:c0:09:ce]
RSSI: -66 [da:20:ff:cc:00:bc]
RSSI: -66 [da:20:ff:cc:00:bc]
RSSI: -65 [da:1e:64:cd:09:ee]
RSSI: -67 [da:20:ff:dc:00:ec]
RSSI: -68 [da:1e:64:cd:09:ee]
RSSI: -66 [da:20:ff:dc:00:ec]
RSSI: -65 [da:1e:64:dc:0a:1e]
RSSI: -65 [da:1e:64:dc:0a:1e]
RSSI: -67 [da:20:ff:e8:01:1c]
RSSI: -69 [da:1e:64:ea:0a:3e]
RSSI: -68 [da:1e:64:ea:0a:3e]
RSSI: -67 [da:20:ff:f8:01:4c]
RSSI: -70 [da:1e:64:f7:0a:6e]
RSSI: -70 [da:1e:64:f7:0a:6e]
RSSI: -66 [da:21:00:08:01:7c]
RSSI: -66 [da:1e:65:05:0a:8e]
RSSI: -69 [da:1e:65:05:0a:8e]
RSSI: -68 [da:21:00:15:01:ac]
RSSI: -66 [da:21:00:15:01:ac]
RSSI: -68 [da:1e:65:14:0a:be]
RSSI: -68 [da:1e:65:20:0a:de]
RSSI: -68 [da:21:00:25:01:dc]
RSSI: -68 [da:1e:65:20:0a:de]
RSSI: -67 [da:21:00:25:01:dc]
RSSI: -70 [da:21:00:34:02:0c]
RSSI: -70 [da:21:00:34:02:0c]
RSSI: -69 [da:1e:65:2f:0b:0e]
RSSI: -70 [da:21:00:41:02:3c]
RSSI: -69 [da:1e:65:3d:0b:3e]
RSSI: -66 [da:1e:65:3d:0b:3e]
RSSI: -73 [da:21:00:41:02:3c]
RSSI: -67 [da:1e:65:3d:0b:3e]
RSSI: -70 [da:1e:65:4a:0b:5e]
RSSI: -75 [da:21:00:51:02:6c]
RSSI: -79 [da:21:00:61:02:9c]
RSSI: -72 [da:1e:65:58:0b:8e]
RSSI: -84 [da:21:00:61:02:9c]
RSSI: -72 [da:1e:65:58:0b:8e]
RSSI: -71 [da:1e:65:67:0b:ae]
RSSI: -88 [da:21:00:6d:02:cc]
RSSI: -74 [da:1e:65:67:0b:ae]
RSSI: -75 [da:1e:65:73:0b:de]
RSSI: -74 [da:1e:65:73:0b:de]
RSSI: -76 [da:21:00:7d:02:fc]
RSSI: -77 [da:1e:65:82:0b:fe]
RSSI: -76 [da:21:00:8d:03:2c]
RSSI: -77 [da:1e:65:82:0b:fe]
RSSI: -76 [da:21:00:9a:03:5c]
RSSI: -80 [da:1e:65:90:0c:2e]
RSSI: -75 [da:21:00:9a:03:5c]
RSSI: -75 [da:21:00:9a:03:5c]
RSSI: -80 [da:1e:65:9d:0c:4e]
RSSI: -77 [da:21:00:a9:03:8c]
RSSI: -80 [da:1e:65:ac:0c:7e]
RSSI: -80 [da:1e:65:ac:0c:7e]
RSSI: -80 [da:21:00:b9:03:bc]
RSSI: -80 [da:1e:65:ba:0c:9e]
RSSI: -79 [da:21:00:c6:03:dc]
RSSI: -79 [da:1e:65:ba:0c:9e]
RSSI: -87 [da:21:00:c6:03:dc]
RSSI: -77 [da:1e:65:c7:0c:be]
RSSI: -79 [da:1e:65:c7:0c:be]
RSSI: -85 [da:21:00:d6:04:0c]
RSSI: -85 [da:21:00:d6:04:0c]
RSSI: -87 [da:21:00:d6:04:0c]
RSSI: -76 [da:1e:65:d5:0c:ee]
RSSI: -77 [da:1e:65:d5:0c:ee]
RSSI: -91 [da:21:00:e6:04:3c]
RSSI: -78 [da:1e:65:e4:0d:1e]
RSSI: -79 [da:1e:65:e4:0d:1e]
RSSI: -82 [da:21:00:f2:04:6c]
RSSI: -78 [da:1e:65:f0:0d:3e]
RSSI: -85 [da:21:00:f2:04:6c]
RSSI: -78 [da:1e:65:f0:0d:3e]
RSSI: -84 [da:21:01:02:04:9c]
RSSI: -78 [da:1e:65:ff:0d:6e]
RSSI: -79 [da:1e:65:ff:0d:6e]
RSSI: -85 [da:21:01:12:04:cc]
RSSI: -85 [da:21:01:12:04:cc]
RSSI: -79 [da:1e:66:0d:0d:8e]
RSSI: -79 [da:1e:66:1a:0d:be]
RSSI: -85 [da:21:01:1f:04:fc]
RSSI: -79 [da:1e:66:1a:0d:be]
RSSI: -88 [da:21:01:2f:05:2c]
RSSI: -79 [da:1e:66:29:0d:de]
RSSI: -78 [da:1e:66:37:0e:0e]
RSSI: -78 [da:1e:66:37:0e:0e]
RSSI: -95 [da:21:01:4b:05:8c]
RSSI: -86 [da:21:01:5b:05:bc]
RSSI: -79 [da:1e:66:52:0e:5e]
RSSI: -86 [da:21:01:5b:05:bc]
RSSI: -79 [da:1e:66:52:0e:5e]
RSSI: -81 [da:1e:66:61:0e:7e]
RSSI: -81 [da:1e:66:61:0e:7e]
RSSI: -80 [da:1e:66:6d:0e:ae]
RSSI: -79 [da:1e:66:6d:0e:ae]
RSSI: -88 [da:21:01:77:06:1c]
RSSI: -81 [da:1e:66:7c:0e:ce]
RSSI: -85 [da:21:01:87:06:4c]
RSSI: -88 [da:21:01:87:06:4c]
RSSI: -86 [da:21:01:97:06:7c]
RSSI: -81 [da:1e:66:97:0f:1e]
RSSI: -87 [da:21:01:a4:06:ac]
RSSI: -90 [da:21:01:a4:06:ac]
RSSI: -84 [da:1e:66:a6:0f:4e]
RSSI: -85 [da:21:01:b4:06:dc]
RSSI: -81 [da:1e:66:b4:0f:7e]
RSSI: -88 [da:21:01:c4:07:0c]
RSSI: -81 [da:1e:66:c1:0f:9e]
RSSI: -81 [da:1e:66:c1:0f:9e]
RSSI: -90 [da:21:01:d0:07:2c]
RSSI: -80 [da:1e:66:cf:0f:ce]
RSSI: -81 [da:1e:66:de:0f:ee]
RSSI: -89 [da:21:01:e0:07:6c]
RSSI: -82 [da:1e:66:de:0f:ee]
RSSI: -86 [da:21:01:f0:07:9c]
RSSI: -82 [da:1e:66:eb:10:0e]
RSSI: -84 [da:1e:66:eb:10:0e]
RSSI: -86 [da:1e:66:f9:10:3e]
RSSI: -87 [da:1e:67:08:10:6e]
RSSI: -88 [da:21:02:0d:07:ec]
RSSI: -87 [da:1e:67:08:10:6e]
RSSI: -86 [da:1e:67:14:10:8e]
RSSI: -87 [da:1e:67:14:10:8e]
RSSI: -89 [da:21:02:1d:08:2c]
RSSI: -81 [da:1e:67:31:10:de]
RSSI: -86 [da:21:02:39:08:7c]
RSSI: -83 [da:21:02:39:08:7c]
RSSI: -80 [da:21:02:49:08:bc]
RSSI: -83 [da:1e:67:3e:10:fe]
RSSI: -87 [da:21:02:49:08:bc]
RSSI: -83 [da:1e:67:4d:11:2e]
RSSI: -84 [da:1e:67:5b:11:5e]
RSSI: -86 [da:1e:67:5b:11:5e]
RSSI: -81 [da:21:02:66:09:0c]
RSSI: -88 [da:1e:67:68:11:7e]
RSSI: -87 [da:1e:67:68:11:7e]
RSSI: -84 [da:21:02:76:09:3c]
RSSI: -88 [da:1e:67:68:11:7e]
RSSI: -88 [da:1e:67:77:11:ae]
RSSI: -85 [da:21:02:82:09:6c]
RSSI: -88 [da:1e:67:85:11:ce]
RSSI: -80 [da:21:02:92:09:9c]
RSSI: -79 [da:21:02:92:09:9c]
RSSI: -84 [da:21:02:92:09:9c]
RSSI: -83 [da:1e:67:92:11:fe]
RSSI: -86 [da:1e:67:92:11:fe]
RSSI: -83 [da:21:02:a2:09:cc]
RSSI: -82 [da:1e:67:a0:12:1e]
RSSI: -85 [da:1e:67:af:12:4e]
RSSI: -83 [da:21:02:af:09:fc]
RSSI: -84 [da:1e:67:af:12:4e]
RSSI: -87 [da:21:02:bf:0a:2c]
RSSI: -88 [da:1e:67:bc:12:6e]
RSSI: -83 [da:1e:67:ca:12:9e]
RSSI: -88 [da:1e:67:d9:12:ce]
RSSI: -90 [da:1e:67:e5:12:ee]
RSSI: -91 [da:21:02:eb:0a:bc]
RSSI: -86 [da:1e:67:e5:12:ee]
RSSI: -80 [da:21:02:fb:0a:ec]
RSSI: -88 [da:1e:67:f4:13:1e]
RSSI: -85 [da:1e:68:03:13:3e]
RSSI: -86 [da:21:03:08:0b:1c]
RSSI: -81 [da:21:03:08:0b:1c]
RSSI: -81 [da:1e:68:03:13:3e]
RSSI: -81 [da:21:03:08:0b:1c]
RSSI: -85 [da:1e:68:0f:13:6e]
RSSI: -83 [da:21:03:18:0b:4c]
RSSI: -85 [da:1e:68:0f:13:6e]
RSSI: -86 [da:1e:68:2d:13:be]
RSSI: -86 [da:1e:68:2d:13:be]
RSSI: -84 [da:21:03:34:0b:ac]
RSSI: -87 [da:1e:68:39:13:de]
RSSI: -81 [da:21:03:44:0b:dc]
RSSI: -89 [da:1e:68:39:13:de]
RSSI: -82 [da:21:03:44:0b:dc]
RSSI: -90 [da:1e:68:56:14:2e]
RSSI: -81 [da:21:03:61:0c:3c]
RSSI: -81 [da:21:03:61:0c:3c]
RSSI: -81 [da:21:03:71:0c:6c]
RSSI: -82 [da:21:03:71:0c:6c]
RSSI: -85 [da:21:03:81:0c:9c]
RSSI: -92 [da:1e:68:80:14:9e]
RSSI: -84 [da:21:03:8e:0c:cc]
RSSI: -86 [da:21:03:8e:0c:cc]
RSSI: -90 [da:1e:68:8d:14:ce]
RSSI: -86 [da:21:03:9e:0c:fc]
RSSI: -85 [da:1e:68:9c:14:ee]
RSSI: -88 [da:21:03:ae:0d:2c]
RSSI: -84 [da:21:03:ba:0d:5c]
RSSI: -84 [da:1e:68:c6:15:6e]
RSSI: -82 [da:21:03:ca:0d:8c]
RSSI: -86 [da:21:03:da:0d:bc]
RSSI: -84 [da:1e:68:d4:15:8e]
RSSI: -88 [da:21:03:e7:0d:ec]
RSSI: -95 [da:21:03:f7:0e:1c]
RSSI: -87 [da:1e:68:fe:16:0e]
RSSI: -85 [da:21:04:07:0e:4c]
RSSI: -86 [da:21:04:24:0e:ac]
RSSI: -82 [da:21:04:34:0e:dc]
RSSI: -90 [da:1e:69:28:00:2e]
RSSI: -82 [da:21:04:34:0e:dc]
RSSI: -84 [da:21:04:40:0f:0c]
RSSI: -83 [da:21:04:40:0f:0c]
RSSI: -81 [da:21:04:50:0f:3c]
RSSI: -89 [da:1e:69:52:00:9e]
RSSI: -89 [da:1e:69:52:00:9e]
RSSI: -92 [da:21:04:60:0f:6c]
RSSI: -86 [da:21:04:6d:0f:9c]
RSSI: -89 [da:1e:69:6e:00:ee]
RSSI: -86 [da:21:04:7d:0f:cc]
RSSI: -86 [da:1e:69:7c:01:1e]
RSSI: -86 [da:21:04:7d:0f:cc]
RSSI: -85 [da:1e:69:7c:01:1e]
RSSI: -84 [da:1e:69:89:01:3e]
RSSI: -84 [da:21:04:9a:10:2c]
RSSI: -83 [da:1e:69:98:01:6e]
RSSI: -83 [da:21:04:9a:10:2c]
RSSI: -83 [da:1e:69:98:01:6e]
RSSI: -83 [da:1e:69:98:01:6e]
RSSI: -83 [da:1e:69:a6:01:8e]
RSSI: -84 [da:1e:69:b3:01:be]
RSSI: -84 [da:1e:69:b3:01:be]
RSSI: -84 [da:1e:69:b3:01:be]
RSSI: -85 [da:1e:69:b3:01:be]
RSSI: -87 [da:21:04:c6:10:bc]
RSSI: -85 [da:1e:69:c2:01:de]
RSSI: -88 [da:21:04:c6:10:bc]
RSSI: -86 [da:1e:69:d0:02:0e]
RSSI: -91 [da:21:04:d6:10:ec]
RSSI: -86 [da:1e:69:d0:02:0e]
RSSI: -84 [da:21:04:e6:11:1c]
RSSI: -85 [da:1e:69:dd:02:2e]
RSSI: -89 [da:21:04:f3:11:4c]
RSSI: -87 [da:1e:69:ec:02:5e]
RSSI: -84 [da:21:04:f3:11:4c]
RSSI: -84 [da:1e:69:ec:02:5e]
RSSI: -85 [da:21:04:f3:11:4c]
RSSI: -87 [da:1e:69:fa:02:8e]
RSSI: -85 [da:1e:69:fa:02:8e]
RSSI: -85 [da:1e:6a:07:02:ae]
RSSI: -87 [da:21:05:13:11:ac]
RSSI: -85 [da:1e:6a:07:02:ae]
RSSI: -85 [da:1e:6a:16:02:de]
RSSI: -90 [da:21:05:20:11:dc]
RSSI: -86 [da:1e:6a:24:03:0e]
RSSI: -84 [da:21:05:30:12:0c]
RSSI: -83 [da:1e:6a:31:03:2e]
RSSI: -82 [da:1e:6a:31:03:2e]
RSSI: -85 [da:1e:6a:31:03:2e]
RSSI: -87 [da:21:05:40:12:3c]
RSSI: -84 [da:1e:6a:40:03:5e]
RSSI: -85 [da:1e:6a:40:03:5e]
RSSI: -84 [da:21:05:4c:12:5c]
RSSI: -83 [da:1e:6a:4f:03:7e]
RSSI: -89 [da:21:05:4c:12:5c]
RSSI: -83 [da:1e:6a:4f:03:7e]
RSSI: -83 [da:1e:6a:4f:03:7e]
RSSI: -90 [da:21:05:5d:12:8c]
RSSI: -82 [da:1e:6a:5b:03:9e]
RSSI: -86 [da:21:05:6d:12:cc]
RSSI: -86 [da:1e:6a:6a:03:ce]
RSSI: -85 [da:21:05:79:12:ec]
RSSI: -83 [da:21:05:79:12:ec]
RSSI: -84 [da:1e:6a:79:03:fe]
RSSI: -83 [da:21:05:79:12:ec]
RSSI: -85 [da:1e:6a:85:04:1e]
RSSI: -84 [da:21:05:99:13:4c]
RSSI: -86 [da:1e:6a:99:04:5e]
RSSI: -82 [da:21:05:a6:13:7c]
RSSI: -88 [da:1e:6a:99:04:5e]
RSSI: -86 [da:21:05:a6:13:7c]
RSSI: -88 [da:1e:6a:aa:04:7e]
RSSI: -82 [da:21:05:b6:13:ac]
RSSI: -82 [da:21:05:c6:13:dc]
RSSI: -85 [da:21:05:d3:14:0c]
RSSI: -84 [da:21:05:d3:14:0c]
RSSI: -88 [da:21:05:e3:14:3c]
RSSI: -90 [da:1e:6a:e0:05:1e]
RSSI: -87 [da:1e:6a:ef:05:4e]
RSSI: -83 [da:21:06:00:14:9c]
RSSI: -87 [da:1e:6a:fe:05:7e]
RSSI: -86 [da:21:06:00:14:9c]
RSSI: -88 [da:1e:6a:fe:05:7e]
RSSI: -89 [da:1e:6b:0b:05:9e]
RSSI: -81 [da:21:06:10:14:cc]
RSSI: -84 [da:21:06:20:14:fc]
RSSI: -88 [da:1e:6b:19:05:ce]
RSSI: -89 [da:1e:6b:19:05:ce]
RSSI: -89 [da:1e:6b:28:05:ee]
RSSI: -81 [da:21:06:2d:15:2c]
RSSI: -86 [da:1e:6b:28:05:ee]
RSSI: -89 [da:21:06:2d:15:2c]
RSSI: -82 [da:21:06:3d:15:5c]
RSSI: -86 [da:1e:6b:35:06:1e]
RSSI: -86 [da:1e:6b:44:06:3e]
RSSI: -90 [da:21:06:4d:15:8c]
RSSI: -86 [da:1e:6b:44:06:3e]
RSSI: -86 [da:1e:6b:44:06:3e]
RSSI: -86 [da:21:06:59:15:bc]
RSSI: -86 [da:21:06:59:15:bc]
RSSI: -86 [da:1e:6b:5f:06:8e]
RSSI: -88 [da:1e:6b:5f:06:8e]
RSSI: -83 [da:21:06:6a:15:ec]
RSSI: -85 [da:1e:6b:6e:06:be]
RSSI: -86 [da:21:06:7a:16:1c]
RSSI: -85 [da:1e:6b:6e:06:be]
RSSI: -83 [da:1e:6b:7d:06:ee]
RSSI: -76 [da:21:06:86:16:4c]
RSSI: -84 [da:1e:6b:7d:06:ee]
RSSI: -78 [da:21:06:86:16:4c]
RSSI: -78 [da:21:06:86:16:4c]
RSSI: -84 [da:1e:6b:89:07:0e]
RSSI: -73 [da:21:06:96:16:7c]
RSSI: -72 [da:21:06:96:16:7c]
RSSI: -82 [da:1e:6b:98:07:2e]
RSSI: -71 [da:21:06:a7:00:0c]
RSSI: -80 [da:1e:6b:a7:07:5e]
RSSI: -81 [da:1e:6b:a7:07:5e]
RSSI: -69 [da:21:06:b3:00:2c]
RSSI: -68 [da:21:06:b3:00:2c]
RSSI: -79 [da:1e:6b:b3:07:7e]
RSSI: -79 [da:1e:6b:b3:07:7e]
RSSI: -66 [da:21:06:c3:00:5c]
RSSI: -79 [da:1e:6b:c2:07:ae]
RSSI: -66 [da:21:06:d3:00:8c]
RSSI: -95 [da:1b:62:b4:05:aa]
RSSI: -66 [da:21:06:d3:00:8c]
RSSI: -81 [da:1e:6b:d1:07:de]
RSSI: -81 [da:1e:6b:de:07:fe]
RSSI: -63 [da:21:06:e0:00:bc]
RSSI: -81 [da:1e:6b:de:07:fe]
RSSI: -63 [da:21:06:e0:00:bc]
RSSI: -81 [da:1e:6b:ed:08:2e]
RSSI: -64 [da:21:06:f9:01:0c]
RSSI: -79 [da:1e:6b:ed:08:2e]
RSSI: -64 [da:21:06:f9:01:0c]
RSSI: -79 [da:1e:6b:fb:08:4e]
RSSI: -63 [da:21:06:f9:01:0c]
RSSI: -78 [da:1e:6b:fb:08:4e]
RSSI: -64 [da:21:07:09:01:3c]
RSSI: -64 [da:21:07:09:01:3c]
RSSI: -76 [da:1e:6c:08:08:7e]
RSSI: -76 [da:1e:6c:08:08:7e]
RSSI: -66 [da:21:07:16:01:6c]
RSSI: -74 [da:1e:6c:17:08:9e]
RSSI: -73 [da:1e:6c:17:08:9e]
RSSI: -73 [da:1e:6c:17:08:9e]
RSSI: -65 [da:21:07:26:01:9c]
RSSI: -67 [da:21:07:26:01:9c]
RSSI: -71 [da:1e:6c:26:08:ce]
RSSI: -67 [da:21:07:36:01:cc]
RSSI: -71 [da:1e:6c:32:08:ee]
RSSI: -68 [da:21:07:36:01:cc]
RSSI: -69 [da:1e:6c:32:08:ee]
RSSI: -69 [da:1e:6c:41:09:1e]
RSSI: -69 [da:21:07:42:01:fc]
RSSI: -69 [da:1e:6c:41:09:1e]
RSSI: -72 [da:21:07:53:02:2c]
RSSI: -68 [da:1e:6c:50:09:3e]
RSSI: -72 [da:21:07:5f:02:4c]
RSSI: -65 [da:1e:6c:5c:09:6e]
RSSI: -75 [da:21:07:6c:02:7c]
RSSI: -68 [da:1e:6c:6b:09:8e]
RSSI: -82 [da:21:07:79:02:9c]
RSSI: -69 [da:1e:6c:7a:09:be]
RSSI: -84 [da:21:07:85:02:cc]
RSSI: -69 [da:1e:6c:7a:09:be]
RSSI: -67 [da:1e:6c:87:09:ee]
RSSI: -88 [da:21:07:92:02:ec]
RSSI: -69 [da:1e:6c:87:09:ee]
RSSI: -78 [da:21:07:9f:03:1c]
RSSI: -66 [da:1e:6c:96:0a:0e]
RSSI: -76 [da:21:07:9f:03:1c]
RSSI: -79 [da:21:07:ab:03:3c]
RSSI: -69 [da:1e:6c:a4:0a:3e]
RSSI: -76 [da:21:07:ab:03:3c]
RSSI: -68 [da:1e:6c:a4:0a:3e]
RSSI: -78 [da:21:07:b8:03:6c]
RSSI: -68 [da:1e:6c:b1:0a:5e]
RSSI: -68 [da:1e:6c:b1:0a:5e]
RSSI: -78 [da:21:07:c5:03:8c]
RSSI: -66 [da:1e:6c:c0:0a:8e]
RSSI: -69 [da:1e:6c:cf:0a:be]
RSSI: -77 [da:21:07:d1:03:bc]
RSSI: -66 [da:1e:6c:cf:0a:be]
RSSI: -79 [da:21:07:de:03:dc]
RSSI: -70 [da:1e:6c:db:0a:de]
RSSI: -69 [da:1e:6c:db:0a:de]
RSSI: -84 [da:21:07:eb:04:0c]
RSSI: -71 [da:1e:6c:ea:0b:0e]
RSSI: -82 [da:21:07:f7:04:2c]
RSSI: -70 [da:1e:6c:ea:0b:0e]
RSSI: -85 [da:21:07:f7:04:2c]
RSSI: -68 [da:1e:6c:f9:0b:3e]
RSSI: -84 [da:21:08:04:04:5c]
RSSI: -85 [da:21:08:04:04:5c]
RSSI: -83 [da:21:08:11:04:7c]
RSSI: -70 [da:1e:6d:06:0b:5e]
RSSI: -84 [da:21:08:11:04:7c]
RSSI: -84 [da:21:08:1e:04:ac]
RSSI: -74 [da:1e:6d:15:0b:8e]
RSSI: -81 [da:21:08:1e:04:ac]
RSSI: -74 [da:1e:6d:15:0b:8e]
RSSI: -79 [da:21:08:2a:04:cc]
RSSI: -80 [da:21:08:2a:04:cc]
RSSI: -76 [da:1e:6d:24:0b:ae]
RSSI: -79 [da:21:08:2a:04:cc]
RSSI: -80 [da:21:08:37:04:fc]
RSSI: -82 [da:21:08:37:04:fc]
RSSI: -78 [da:1e:6d:30:0b:de]
RSSI: -82 [da:21:08:44:05:1c]
RSSI: -80 [da:1e:6d:3f:0b:fe]
RSSI: -80 [da:1e:6d:3f:0b:fe]
RSSI: -79 [da:21:08:51:05:4c]
RSSI: -81 [da:1e:6d:4e:0c:2e]
RSSI: -81 [da:21:08:51:05:4c]
RSSI: -79 [da:21:08:5d:05:7c]
RSSI: -79 [da:21:08:5d:05:7c]
RSSI: -79 [da:1e:6d:5b:0c:4e]
RSSI: -80 [da:21:08:6a:05:9c]
RSSI: -76 [da:1e:6d:6a:0c:7e]
RSSI: -80 [da:21:08:77:05:cc]
RSSI: -82 [da:21:08:77:05:cc]
RSSI: -78 [da:1e:6d:78:0c:ae]
RSSI: -79 [da:21:08:83:05:ec]
RSSI: -77 [da:21:08:83:05:ec]
RSSI: -80 [da:21:08:90:06:1c]
RSSI: -78 [da:1e:6d:85:0c:ce]
RSSI: -77 [da:21:08:90:06:1c]
RSSI: -78 [da:1e:6d:85:0c:ce]
RSSI: -76 [da:21:08:90:06:1c]
RSSI: -78 [da:21:08:9d:06:3c]
RSSI: -78 [da:1e:6d:94:0c:fe]
RSSI: -79 [da:21:08:9d:06:3c]
RSSI: -79 [da:1e:6d:94:0c:fe]
RSSI: -78 [da:21:08:a9:06:6c]
RSSI: -79 [da:1e:6d:a3:0d:2e]
RSSI: -78 [da:21:08:a9:06:6c]
RSSI: -79 [da:1e:6d:a3:0d:2e]
RSSI: -82 [da:21:08:b6:06:8c]
RSSI: -82 [da:21:08:b6:06:8c]
RSSI: -80 [da:21:08:b6:06:8c]
RSSI: -80 [da:1e:6d:af:0d:4e]
RSSI: -80 [da:21:08:b6:06:8c]
RSSI: -75 [da:21:08:c3:06:bc]
RSSI: -82 [da:21:08:d0:06:dc]
RSSI: -80 [da:1e:6d:be:0d:7e]
RSSI: -82 [da:21:08:dc:07:0c]
RSSI: -82 [da:21:08:dc:07:0c]
RSSI: -79 [da:1e:6d:da:0d:ce]
RSSI: -81 [da:21:08:dc:07:0c]
RSSI: -91 [da:21:08:e9:07:2c]
RSSI: -79 [da:1e:6d:e9:0d:fe]
RSSI: -80 [da:1e:6d:e9:0d:fe]
RSSI: -82 [da:21:08:f6:07:5c]
RSSI: -80 [da:1e:6d:e9:0d:fe]
RSSI: -84 [da:21:08:f6:07:5c]
RSSI: -79 [da:1e:6d:f8:0e:1e]
RSSI: -84 [da:21:09:02:07:7c]
RSSI: -80 [da:1e:6e:04:0e:3e]
RSSI: -84 [da:21:09:0f:07:ac]
RSSI: -81 [da:1e:6e:04:0e:3e]
RSSI: -79 [da:1e:6e:04:0e:3e]
RSSI: -84 [da:21:09:1c:07:dc]
RSSI: -82 [da:1e:6e:13:0e:6e]
RSSI: -90 [da:21:09:1c:07:dc]
RSSI: -82 [da:1e:6e:13:0e:6e]
RSSI: -79 [da:1e:6e:22:0e:9e]
RSSI: -85 [da:21:09:29:07:fc]
RSSI: -82 [da:1e:6e:22:0e:9e]
RSSI: -89 [da:21:09:29:07:fc]
RSSI: -81 [da:1e:6e:22:0e:9e]
RSSI: -87 [da:21:09:35:08:2c]
RSSI: -84 [da:21:09:35:08:2c]
RSSI: -80 [da:1e:6e:2f:0e:be]
RSSI: -80 [da:1e:6e:3e:0e:ee]
RSSI: -88 [da:21:09:4f:08:7c]
RSSI: -81 [da:1e:6e:4d:0f:0e]
RSSI: -86 [da:21:09:5c:08:9c]
RSSI: -81 [da:1e:6e:59:0f:3e]
RSSI: -95 [da:21:09:5c:08:9c]
RSSI: -83 [da:1e:6e:68:0f:5e]
RSSI: -85 [da:21:09:75:08:fc]
RSSI: -86 [da:1e:6e:77:0f:8e]
RSSI: -86 [da:1e:6e:77:0f:8e]
RSSI: -82 [da:1e:6e:84:0f:ae]
RSSI: -85 [da:21:09:8f:09:4c]
RSSI: -81 [da:1e:6e:93:0f:de]
RSSI: -91 [da:21:09:9b:09:6c]
RSSI: -81 [da:1e:6e:93:0f:de]
RSSI: -91 [da:21:09:9b:09:6c]
RSSI: -81 [da:1e:6e:93:0f:de]
RSSI: -86 [da:1e:6e:a2:10:0e]
RSSI: -87 [da:21:09:a8:09:9c]
RSSI: -82 [da:1e:6e:a2:10:0e]
RSSI: -87 [da:1e:6e:ae:10:2e]
RSSI: -87 [da:1e:6e:ae:10:2e]
RSSI: -84 [da:1e:6e:cc:10:8e]
RSSI: -82 [da:1e:6e:cc:10:8e]
RSSI: -91 [da:21:09:db:0a:3c]
RSSI: -82 [da:1e:6e:d9:10:ae]
RSSI: -84 [da:1e:6e:d9:10:ae]
RSSI: -82 [da:1e:6e:e8:10:de]
RSSI: -81 [da:1e:6e:e8:10:de]
RSSI: -82 [da:1e:6e:e8:10:de]
RSSI: -85 [da:1e:6e:f7:10:fe]
RSSI: -82 [da:1e:6e:f7:10:fe]
RSSI: -86 [da:1e:6f:03:11:2e]
RSSI: -87 [da:1e:6f:03:11:2e]
RSSI: -84 [da:1e:6f:03:11:2e]
RSSI: -92 [da:1e:6f:12:11:4e]
RSSI: -84 [da:1e:6f:21:11:7e]
RSSI: -90 [da:21:0a:28:0b:3c]
RSSI: -82 [da:1e:6f:21:11:7e]
RSSI: -93 [da:21:0a:35:0b:5c]
RSSI: -86 [da:21:0a:35:0b:5c]
RSSI: -84 [da:1e:6f:2e:11:9e]
RSSI: -87 [da:1e:6f:3d:11:ce]
RSSI: -84 [da:1e:6f:3d:11:ce]
RSSI: -85 [da:21:0a:4e:0b:ac]
RSSI: -81 [da:1e:6f:4c:11:fe]
RSSI: -88 [da:1e:6f:59:12:1e]
RSSI: -83 [da:21:0a:5b:0b:dc]
RSSI: -83 [da:1e:6f:59:12:1e]
RSSI: -87 [da:21:0a:68:0c:0c]
RSSI: -85 [da:21:0a:81:0c:5c]
RSSI: -81 [da:21:0a:81:0c:5c]
RSSI: -84 [da:21:0a:8e:0c:7c]
RSSI: -83 [da:1e:6f:83:12:9e]
RSSI: -88 [da:21:0a:8e:0c:7c]
RSSI: -88 [da:1e:6f:92:12:ce]
RSSI: -81 [da:21:0a:9b:0c:ac]
RSSI: -83 [da:1e:6f:92:12:ce]
RSSI: -90 [da:21:0a:a8:0c:cc]
RSSI: -90 [da:1e:6f:a1:12:ee]
RSSI: -83 [da:21:0a:a8:0c:cc]
RSSI: -86 [da:1e:6f:a1:12:ee]
RSSI: -88 [da:1e:6f:ae:13:0e]
RSSI: -85 [da:21:0a:c1:0d:2c]
RSSI: -85 [da:1e:6f:bd:13:3e]
RSSI: -84 [da:1e:6f:cc:13:6e]
RSSI: -83 [da:21:0a:db:0d:7c]
RSSI: -86 [da:1e:6f:d8:13:8e]
RSSI: -84 [da:1e:6f:d8:13:8e]
RSSI: -85 [da:1e:6f:e8:13:be]
RSSI: -85 [da:1e:6f:f7:13:ee]
RSSI: -83 [da:21:0b:01:0d:ec]
RSSI: -86 [da:1e:70:03:14:0e]
RSSI: -87 [da:1e:70:12:14:3e]
RSSI: -89 [da:1e:70:12:14:3e]
RSSI: -88 [da:21:0b:28:0e:6c]
RSSI: -89 [da:21:0b:28:0e:6c]
RSSI: -88 [da:1e:70:21:14:5e]
RSSI: -83 [da:21:0b:35:0e:9c]
RSSI: -87 [da:1e:70:2e:14:8e]
RSSI: -86 [da:21:0b:41:0e:bc]
RSSI: -82 [da:21:0b:41:0e:bc]
RSSI: -86 [da:21:0b:4e:0e:ec]
RSSI: -86 [da:21:0b:4e:0e:ec]
RSSI: -93 [da:1e:70:4c:14:de]
RSSI: -83 [da:21:0b:5b:0f:0c]
RSSI: -85 [da:1e:70:59:14:fe]
RSSI: -86 [da:21:0b:68:0f:3c]
RSSI: -84 [da:21:0b:68:0f:3c]
RSSI: -84 [da:21:0b:75:0f:5c]
RSSI: -83 [da:1e:70:68:15:2e]
RSSI: -85 [da:21:0b:81:0f:8c]
RSSI: -87 [da:21:0b:8e:0f:bc]
RSSI: -88 [da:21:0b:9b:0f:dc]
RSSI: -83 [da:1e:70:92:15:ae]
RSSI: -84 [da:21:0b:9b:0f:dc]
RSSI: -83 [da:21:0b:a8:10:0c]
RSSI: -85 [da:1e:70:a1:15:de]
RSSI: -84 [da:21:0b:b5:10:2c]
RSSI: -82 [da:21:0b:b5:10:2c]
RSSI: -84 [da:21:0b:c2:10:5c]
RSSI: -88 [da:1e:70:bd:16:1e]
RSSI: -88 [da:1e:70:bd:16:1e]
RSSI: -83 [da:21:0b:ce:10:8c]
RSSI: -90 [da:21:0b:db:10:ac]
RSSI: -86 [da:21:0b:db:10:ac]
RSSI: -84 [da:21:0b:e8:10:dc]
RSSI: -86 [da:21:0b:e8:10:dc]
RSSI: -85 [da:21:0b:f5:10:fc]
RSSI: -91 [da:1e:70:f7:00:5e]
RSSI: -85 [da:21:0c:02:11:2c]
RSSI: -83 [da:21:0c:02:11:2c]
RSSI: -85 [da:21:0c:0f:11:4c]
RSSI: -86 [da:21:0c:0f:11:4c]
RSSI: -87 [da:1e:71:13:00:ae]
RSSI: -84 [da:21:0c:1b:11:7c]
RSSI: -88 [da:1e:71:13:00:ae]
RSSI: -89 [da:21:0c:28:11:ac]
RSSI: -84 [da:1e:71:22:00:ce]
RSSI: -86 [da:21:0c:28:11:ac]
RSSI: -85 [da:1e:71:22:00:ce]
RSSI: -86 [da:21:0c:35:11:cc]
RSSI: -86 [da:21:0c:42:11:fc]
RSSI: -86 [da:21:0c:42:11:fc]
RSSI: -82 [da:1e:71:3d:01:1e]
RSSI: -84 [da:21:0c:4f:12:1c]
RSSI: -84 [da:21:0c:4f:12:1c]
RSSI: -84 [da:21:0c:5c:12:4c]
RSSI: -83 [da:1e:71:59:01:6e]
RSSI: -84 [da:21:0c:5c:12:4c]
RSSI: -83 [da:1e:71:59:01:6e]
RSSI: -86 [da:21:0c:69:12:6c]
RSSI: -83 [da:1e:71:59:01:6e]
RSSI: -86 [da:21:0c:69:12:6c]
RSSI: -83 [da:1e:71:68:01:9e]
RSSI: -89 [da:21:0c:75:12:9c]
RSSI: -89 [da:21:0c:75:12:9c]
RSSI: -84 [da:1e:71:77:01:ce]
RSSI: -87 [da:1e:71:77:01:ce]
RSSI: -87 [da:1e:71:77:01:ce]
RSSI: -90 [da:21:0c:82:12:cc]
RSSI: -87 [da:21:0c:8f:12:ec]
RSSI: -84 [da:1e:71:84:01:ee]
RSSI: -82 [da:1e:71:93:02:1e]
RSSI: -85 [da:21:0c:9c:13:1c]
RSSI: -82 [da:1e:71:93:02:1e]
RSSI: -83 [da:1e:71:93:02:1e]
RSSI: -85 [da:21:0c:9c:13:1c]
RSSI: -84 [da:1e:71:93:02:1e]
RSSI: -87 [da:21:0c:a9:13:3c]
RSSI: -86 [da:21:0c:a9:13:3c]
RSSI: -86 [da:21:0c:b6:13:6c]
RSSI: -87 [da:21:0c:c2:13:8c]
RSSI: -81 [da:1e:71:be:02:9e]
RSSI: -86 [da:21:0c:c2:13:8c]
RSSI: -90 [da:21:0c:cf:13:bc]
RSSI: -83 [da:1e:71:cd:02:ce]
RSSI: -84 [da:21:0c:cf:13:bc]
RSSI: -82 [da:1e:71:cd:02:ce]
RSSI: -85 [da:21:0c:dc:13:ec]
RSSI: -82 [da:1e:71:d9:02:ee]
RSSI: -83 [da:21:0c:e9:14:0c]
RSSI: -83 [da:1e:71:d9:02:ee]
RSSI: -82 [da:21:0c:e9:14:0c]
RSSI: -82 [da:21:0c:e9:14:0c]
RSSI: -84 [da:21:0c:f6:14:3c]
RSSI: -85 [da:21:0c:f6:14:3c]
RSSI: -84 [da:1e:71:f8:03:3e]
RSSI: -81 [da:21:0d:03:14:5c]
RSSI: -85 [da:1e:71:f8:03:3e]
RSSI: -82 [da:21:0d:03:14:5c]
RSSI: -82 [da:1e:72:04:03:5e]
RSSI: -88 [da:21:0d:10:14:8c]
RSSI: -82 [da:21:0d:10:14:8c]
RSSI: -83 [da:1e:72:04:03:5e]
RSSI: -82 [da:21:0d:10:14:8c]
RSSI: -82 [da:21:0d:1d:14:ac]
RSSI: -87 [da:1e:72:13:03:8e]
RSSI: -83 [da:21:0d:1d:14:ac]
RSSI: -82 [da:1e:72:13:03:8e]
RSSI: -80 [da:21:0d:2a:14:dc]
RSSI: -83 [da:1e:72:22:03:be]
RSSI: -83 [da:21:0d:2a:14:dc]
RSSI: -87 [da:1e:72:22:03:be]
RSSI: -79 [da:21:0d:36:14:fc]
RSSI: -84 [da:1e:72:2f:03:de]
RSSI: -87 [da:1e:72:2f:03:de]
RSSI: -79 [da:21:0d:43:15:2c]
RSSI: -79 [da:21:0d:43:15:2c]
RSSI: -79 [da:21:0d:50:15:4c]
RSSI: -78 [da:21:0d:50:15:4c]
RSSI: -80 [da:21:0d:5d:15:7c]
RSSI: -80 [da:21:0d:6a:15:9c]
RSSI: -90 [da:21:0d:77:15:cc]
RSSI: -90 [da:21:0d:83:15:fc]
RSSI: -94 [da:1e:72:78:04:ae]
RSSI: -85 [da:21:0d:83:15:fc]
RSSI: -85 [da:1e:72:85:04:ce]
RSSI: -79 [da:21:0d:91:16:1c]
RSSI: -86 [da:1e:72:85:04:ce]
RSSI: -79 [da:21:0d:91:16:1c]
RSSI: -76 [da:21:0d:9e:16:4c]
RSSI: -84 [da:1e:72:94:04:fe]
RSSI: -77 [da:21:0d:9e:16:4c]
RSSI: -82 [da:1e:72:94:04:fe]
RSSI: -70 [da:21:0d:b7:00:2c]
RSSI: -82 [da:1e:72:b0:05:4e]
RSSI: -67 [da:21:0d:c4:00:5c]
RSSI: -83 [da:1e:72:bf:05:7e]
RSSI: -66 [da:21:0d:c4:00:5c]
RSSI: -80 [da:1e:72:bf:05:7e]
RSSI: -67 [da:21:0d:d1:00:7c]
RSSI: -80 [da:1e:72:ce:05:ae]
RSSI: -65 [da:21:0d:d1:00:7c]
RSSI: -80 [da:1e:72:ce:05:ae]
RSSI: -84 [da:1e:72:ce:05:ae]
RSSI: -65 [da:21:0d:de:00:ac]
RSSI: -81 [da:1e:72:db:05:ce]
RSSI: -80 [da:1e:72:db:05:ce]
RSSI: -63 [da:21:0d:eb:00:cc]
RSSI: -63 [da:21:0d:eb:00:cc]
RSSI: -80 [da:1e:72:ea:05:fe]
RSSI: -63 [da:21:0d:f8:00:fc]
RSSI: -80 [da:1e:72:ea:05:fe]
RSSI: -80 [da:1e:72:ea:05:fe]
RSSI: -62 [da:21:0d:f8:00:fc]
RSSI: -82 [da:1e:72:f9:06:2e]
RSSI: -63 [da:21:0e:05:01:2c]
RSSI: -81 [da:1e:73:06:06:4e]
RSSI: -62 [da:21:0e:12:01:4c]
RSSI: -62 [da:21:0e:12:01:4c]
RSSI: -81 [da:1e:73:06:06:4e]
RSSI: -62 [da:21:0e:12:01:4c]
RSSI: -78 [da:1e:73:24:06:9e]
RSSI: -64 [da:21:0e:2b:01:9c]
RSSI: -95 [da:1b:6a:1b:04:9a]
RSSI: -64 [da:21:0e:38:01:cc]
RSSI: -77 [da:1e:73:31:06:ce]
RSSI: -65 [da:21:0e:45:01:ec]
RSSI: -77 [da:1e:73:40:06:ee]
RSSI: -64 [da:21:0e:45:01:ec]
RSSI: -76 [da:1e:73:40:06:ee]
RSSI: -76 [da:1e:73:4f:07:1e]
RSSI: -67 [da:21:0e:52:02:1c]
RSSI: -76 [da:1e:73:4f:07:1e]
RSSI: -76 [da:1e:73:4f:07:1e]
RSSI: -77 [da:1e:73:4f:07:1e]
RSSI: -69 [da:21:0e:5f:02:4c]
RSSI: -77 [da:1e:73:5c:07:3e]
RSSI: -69 [da:21:0e:6c:02:6c]
RSSI: -70 [da:21:0e:6c:02:6c]
RSSI: -77 [da:1e:73:6b:07:6e]
RSSI: -79 [da:1e:73:6b:07:6e]
RSSI: -73 [da:21:0e:79:02:9c]
RSSI: -79 [da:1e:73:7a:07:9e]
RSSI: -80 [da:21:0e:86:02:bc]
RSSI: -78 [da:1e:73:87:07:be]
RSSI: -75 [da:1e:73:96:07:ee]
RSSI: -91 [da:21:0e:a0:03:0c]
RSSI: -73 [da:1e:73:a5:08:1e]
RSSI: -82 [da:21:0e:ad:03:3c]
RSSI: -72 [da:1e:73:b2:08:3e]
RSSI: -79 [da:21:0e:b9:03:6c]
RSSI: -72 [da:1e:73:b2:08:3e]
RSSI: -81 [da:21:0e:c7:03:8c]
RSSI: -70 [da:1e:73:c1:08:6e]
RSSI: -81 [da:21:0e:c7:03:8c]
RSSI: -79 [da:21:0e:c7:03:8c]
RSSI: -95 [da:1b:6a:b3:06:3a]
RSSI: -78 [da:21:0e:d4:03:bc]
RSSI: -70 [da:1e:73:d0:08:8e]
RSSI: -79 [da:21:0e:e0:03:dc]
RSSI: -68 [da:1e:73:dd:08:be]
RSSI: -83 [da:21:0e:ed:04:0c]
RSSI: -66 [da:1e:73:ec:08:ee]
RSSI: -91 [da:21:0e:fa:04:3c]
RSSI: -66 [da:1e:73:fb:09:0e]
RSSI: -66 [da:1e:74:08:09:3e]
RSSI: -88 [da:21:0f:14:04:8c]
RSSI: -87 [da:21:0f:14:04:8c]
RSSI: -88 [da:21:0f:21:04:ac]
RSSI: -63 [da:1e:74:17:09:5e]
RSSI: -88 [da:21:0f:21:04:ac]
RSSI: -65 [da:1e:74:26:09:8e]
RSSI: -82 [da:21:0f:2e:04:dc]
RSSI: -65 [da:1e:74:33:09:ae]
RSSI: -82 [da:21:0f:3b:04:fc]
RSSI: -65 [da:1e:74:33:09:ae]
RSSI: -65 [da:1e:74:33:09:ae]
RSSI: -83 [da:21:0f:3b:04:fc]
RSSI: -65 [da:1e:74:33:09:ae]
RSSI: -84 [da:21:0f:48:05:2c]
RSSI: -85 [da:21:0f:48:05:2c]
RSSI: -65 [da:1e:74:42:09:de]
RSSI: -82 [da:21:0f:55:05:5c]
RSSI: -83 [da:21:0f:55:05:5c]
RSSI: -63 [da:1e:74:51:0a:0e]
RSSI: -89 [da:21:0f:62:05:7c]
RSSI: -66 [da:1e:74:6d:0a:5e]
RSSI: -67 [da:1e:74:6d:0a:5e]
RSSI: -67 [da:1e:74:7c:0a:8e]
RSSI: -83 [da:21:0f:89:05:fc]
RSSI: -69 [da:1e:74:7c:0a:8e]
RSSI: -83 [da:21:0f:89:05:fc]
RSSI: -83 [da:21:0f:89:05:fc]
RSSI: -67 [da:1e:74:89:0a:ae]
RSSI: -85 [da:21:0f:96:06:2c]
RSSI: -85 [da:21:0f:96:06:2c]
RSSI: -69 [da:1e:74:98:0a:de]
RSSI: -83 [da:21:0f:a3:06:4c]
RSSI: -69 [da:1e:74:98:0a:de]
RSSI: -92 [da:21:0f:b0:06:7c]
RSSI: -70 [da:1e:74:a7:0b:0e]
RSSI: -86 [da:21:0f:b0:06:7c]
RSSI: -70 [da:1e:74:a7:0b:0e]
RSSI: -87 [da:21:0f:b0:06:7c]
RSSI: -83 [da:21:0f:bd:06:9c]
RSSI: -71 [da:1e:74:b4:0b:2e]
RSSI: -81 [da:21:0f:c9:06:cc]
RSSI: -73 [da:1e:74:c3:0b:4e]
RSSI: -94 [da:21:0f:d7:06:ec]
RSSI: -75 [da:1e:74:d2:0b:7e]
RSSI: -88 [da:21:0f:e4:07:1c]
RSSI: -78 [da:1e:74:ee:0b:ce]
RSSI: -85 [da:21:0f:fe:07:6c]
RSSI: -79 [da:1e:74:fe:0b:fe]
RSSI: -77 [da:1e:74:fe:0b:fe]
RSSI: -77 [da:1e:74:fe:0b:fe]
RSSI: -88 [da:21:10:0b:07:9c]
RSSI: -77 [da:1e:75:0a:0c:1e]
RSSI: -84 [da:21:10:17:07:cc]
RSSI: -77 [da:1e:75:1a:0c:4e]
RSSI: -77 [da:1e:75:1a:0c:4e]
RSSI: -77 [da:1e:75:1a:0c:4e]
RSSI: -76 [da:1e:75:29:0c:7e]
RSSI: -78 [da:1e:75:29:0c:7e]
RSSI: -78 [da:1e:75:35:0c:9e]
RSSI: -80 [da:1e:75:45:0c:ce]
RSSI: -80 [da:1e:75:54:0c:fe]
RSSI: -81 [da:1e:75:54:0c:fe]
RSSI: -88 [da:21:10:65:08:bc]
RSSI: -81 [da:1e:75:61:0d:1e]
RSSI: -81 [da:1e:75:61:0d:1e]
RSSI: -92 [da:21:10:72:08:ec]
RSSI: -77 [da:1e:75:70:0d:4e]
RSSI: -80 [da:1e:75:7f:0d:7e]
RSSI: -87 [da:21:10:8c:09:3c]
RSSI: -78 [da:1e:75:8c:0d:9e]
RSSI: -93 [da:21:10:99:09:5c]
RSSI: -81 [da:1e:75:8c:0d:9e]
RSSI: -79 [da:1e:75:9b:0d:ce]
RSSI: -82 [da:1e:75:aa:0d:fe]
RSSI: -79 [da:1e:75:aa:0d:fe]
RSSI: -85 [da:1e:75:b7:0e:1e]
RSSI: -79 [da:1e:75:c6:0e:4e]
RSSI: -81 [da:1e:75:c6:0e:4e]
RSSI: -78 [da:1e:75:d6:0e:6e]
RSSI: -80 [da:1e:75:d6:0e:6e]
RSSI: -88 [da:21:10:e7:0a:5c]
RSSI: -79 [da:1e:75:e2:0e:9e]
RSSI: -93 [da:21:10:f5:0a:8c]
RSSI: -82 [da:1e:75:f2:0e:be]
RSSI: -82 [da:1e:76:01:0e:ee]
RSSI: -80 [da:1e:76:01:0e:ee]
RSSI: -80 [da:1e:76:0d:0f:1e]
RSSI: -80 [da:1e:76:0d:0f:1e]
RSSI: -79 [da:1e:76:1d:0f:3e]
RSSI: -80 [da:1e:76:2c:0f:6e]
RSSI: -80 [da:1e:76:39:0f:9e]
RSSI: -82 [da:1e:76:48:0f:be]
RSSI: -93 [da:21:11:4f:0b:ac]
RSSI: -86 [da:21:11:5d:0b:dc]
RSSI: -87 [da:1e:76:57:0f:ee]
RSSI: -84 [da:1e:76:57:0f:ee]
RSSI: -85 [da:1e:76:57:0f:ee]
RSSI: -91 [da:21:11:6a:0b:fc]
RSSI: -85 [da:21:11:6a:0b:fc]
RSSI: -89 [da:1e:76:64:10:1e]
RSSI: -85 [da:21:11:6a:0b:fc]
RSSI: -89 [da:21:11:76:0c:2c]
RSSI: -83 [da:1e:76:73:10:4e]
RSSI: -86 [da:1e:76:73:10:4e]
RSSI: -86 [da:21:11:84:0c:5c]
RSSI: -89 [da:21:11:84:0c:5c]
RSSI: -88 [da:21:11:91:0c:7c]
RSSI: -83 [da:1e:76:83:10:6e]
RSSI: -88 [da:21:11:91:0c:7c]
RSSI: -83 [da:1e:76:8f:10:9e]
RSSI: -83 [da:1e:76:9f:10:ce]
RSSI: -83 [da:1e:76:9f:10:ce]
RSSI: -84 [da:1e:76:ae:10:ee]
RSSI: -89 [da:1e:76:bb:11:1e]
RSSI: -81 [da:1e:76:ca:11:3e]
RSSI: -81 [da:1e:76:d9:11:6e]
RSSI: -82 [da:1e:76:e6:11:9e]
RSSI: -82 [da:1e:76:e6:11:9e]
RSSI: -82 [da:1e:76:e6:11:9e]
RSSI: -88 [da:21:11:f9:0d:cc]
RSSI: -83 [da:1e:76:f5:11:be]
RSSI: -80 [da:1e:77:05:11:ee]
RSSI: -87 [da:1e:77:11:12:0e]
RSSI: -86 [da:1e:77:21:12:3e]
RSSI: -78 [da:1e:77:30:12:6e]
RSSI: -87 [da:1e:77:30:12:6e]
RSSI: -81 [da:1e:77:3c:12:8e]
RSSI: -84 [da:1e:77:4c:12:be]
RSSI: -83 [da:1e:77:4c:12:be]
RSSI: -85 [da:1e:77:5b:12:ee]
RSSI: -84 [da:1e:77:5b:12:ee]
RSSI: -92 [da:21:12:7c:0f:7c]
RSSI: -88 [da:1e:77:77:13:3e]
RSSI: -90 [da:21:12:88:0f:9c]
RSSI: -85 [da:1e:77:87:13:5e]
RSSI: -90 [da:21:12:88:0f:9c]
RSSI: -87 [da:1e:77:93:13:8e]
RSSI: -86 [da:1e:77:93:13:8e]
RSSI: -90 [da:21:12:a3:0f:fc]
RSSI: -87 [da:1e:77:a3:13:be]
RSSI: -92 [da:1e:77:bf:14:0e]
RSSI: -93 [da:1e:77:bf:14:0e]
RSSI: -94 [da:21:12:d7:10:9c]
RSSI: -93 [da:21:12:fe:11:1c]
RSSI: -90 [da:21:12:fe:11:1c]
RSSI: -82 [da:1e:77:f9:14:ae]
RSSI: -88 [da:21:13:25:11:8c]
RSSI: -81 [da:1e:78:25:15:2e]
RSSI: -89 [da:21:13:40:11:ec]
RSSI: -88 [da:21:13:4d:12:0c]
RSSI: -88 [da:21:13:5a:12:3c]
RSSI: -88 [da:21:13:5a:12:3c]
RSSI: -90 [da:1e:78:60:15:ce]
RSSI: -88 [da:21:13:67:12:6c]
RSSI: -88 [da:21:13:74:12:8c]
RSSI: -89 [da:21:13:81:12:bc]
RSSI: -92 [da:1e:78:7c:16:1e]
RSSI: -89 [da:21:13:8f:12:dc]
RSSI: -90 [da:1e:78:8b:16:4e]
RSSI: -88 [da:1e:78:98:00:2e]
RSSI: -92 [da:21:13:a9:13:2c]
RSSI: -91 [da:1e:78:a7:00:4e]
RSSI: -86 [da:1e:78:b7:00:7e]
RSSI: -83 [da:1e:78:c3:00:ae]
RSSI: -82 [da:1e:78:c3:00:ae]
RSSI: -83 [da:1e:78:c3:00:ae]
RSSI: -83 [da:1e:78:d8:00:de]
RSSI: -92 [da:21:13:dd:13:dc]
RSSI: -82 [da:1e:78:e8:01:0e]
RSSI: -83 [da:1e:78:e8:01:0e]
RSSI: -82 [da:1e:78:f5:01:3e]
RSSI: -92 [da:21:14:00:14:4c]
RSSI: -84 [da:1e:79:04:01:5e]
RSSI: -85 [da:1e:79:14:01:8e]
RSSI: -86 [da:1e:79:14:01:8e]
RSSI: -89 [da:21:14:27:14:bc]
RSSI: -86 [da:1e:79:20:01:be]
RSSI: -87 [da:1e:79:20:01:be]
RSSI: -90 [da:21:14:34:14:ec]
RSSI: -88 [da:1e:79:30:01:de]
RSSI: -85 [da:1e:79:3f:02:0e]
RSSI: -88 [da:21:14:4e:15:3c]
RSSI: -84 [da:1e:79:4c:02:2e]
RSSI: -85 [da:1e:79:4c:02:2e]
RSSI: -85 [da:1e:79:4c:02:2e]
RSSI: -84 [da:1e:79:5c:02:5e]
RSSI: -81 [da:1e:79:6b:02:8e]
RSSI: -88 [da:21:14:76:15:bc]
RSSI: -86 [da:21:14:76:15:bc]
RSSI: -83 [da:1e:79:78:02:ae]
RSSI: -92 [da:21:14:83:15:ec]
RSSI: -87 [da:21:14:90:16:0c]
RSSI: -84 [da:1e:79:87:02:de]
RSSI: -85 [da:1e:79:87:02:de]
RSSI: -85 [da:1e:79:97:03:0e]
RSSI: -83 [da:1e:79:97:03:0e]
RSSI: -84 [da:1e:79:97:03:0e]
RSSI: -88 [da:21:14:b7:00:0c]
RSSI: -84 [da:1e:79:b3:03:5e]
RSSI: -86 [da:21:14:b7:00:0c]
RSSI: -88 [da:1e:79:b3:03:5e]
RSSI: -82 [da:1e:79:c2:03:7e]
RSSI: -82 [da:21:14:c5:00:2c]
RSSI: -82 [da:1e:79:c2:03:7e]
RSSI: -84 [da:1e:79:c2:03:7e]
RSSI: -82 [da:21:14:d2:00:5c]
RSSI: -83 [da:21:14:d2:00:5c]
RSSI: -85 [da:1e:79:cf:03:ae]
RSSI: -80 [da:21:14:df:00:7c]
RSSI: -80 [da:21:14:df:00:7c]
RSSI: -81 [da:21:14:df:00:7c]
RSSI: -89 [da:1e:79:de:03:ce]
RSSI: -81 [da:21:14:ec:00:ac]
RSSI: -80 [da:21:14:f9:00:dc]
RSSI: -91 [da:1e:79:fa:04:1e]
RSSI: -75 [da:21:15:06:00:fc]
RSSI: -73 [da:21:15:14:01:2c]
RSSI: -70 [da:21:15:14:01:2c]
RSSI: -70 [da:21:15:21:01:4c]
RSSI: -68 [da:21:15:2e:01:7c]
RSSI: -90 [da:1e:7a:26:04:9e]
RSSI: -68 [da:21:15:3b:01:ac]
RSSI: -67 [da:21:15:3b:01:ac]
RSSI: -67 [da:21:15:48:01:cc]
RSSI: -68 [da:21:15:48:01:cc]
RSSI: -67 [da:21:15:55:01:fc]
RSSI: -69 [da:21:15:55:01:fc]
RSSI: -89 [da:1e:7a:52:05:2e]
RSSI: -69 [da:21:15:63:02:2c]
RSSI: -85 [da:1e:7a:52:05:2e]
RSSI: -69 [da:21:15:63:02:2c]
RSSI: -69 [da:21:15:63:02:2c]
RSSI: -86 [da:1e:7a:61:05:4e]
RSSI: -70 [da:21:15:70:02:4c]
RSSI: -86 [da:1e:7a:61:05:4e]
RSSI: -72 [da:21:15:70:02:4c]
RSSI: -81 [da:1e:7a:71:05:7e]
RSSI: -72 [da:21:15:7d:02:7c]
RSSI: -80 [da:1e:7a:7d:05:ae]
RSSI: -74 [da:21:15:8a:02:9c]
RSSI: -79 [da:1e:7a:7d:05:ae]
RSSI: -75 [da:21:15:8a:02:9c]
RSSI: -82 [da:1e:7a:8d:05:ce]
RSSI: -77 [da:21:15:97:02:cc]
RSSI: -79 [da:1e:7a:8d:05:ce]
RSSI: -78 [da:21:15:97:02:cc]
RSSI: -81 [da:1e:7a:9c:05:fe]
RSSI: -77 [da:21:15:a4:02:fc]
RSSI: -82 [da:21:15:a4:02:fc]
RSSI: -82 [da:1e:7a:9c:05:fe]
RSSI: -82 [da:21:15:a4:02:fc]
RSSI: -82 [da:21:15:b2:03:1c]
RSSI: -83 [da:1e:7a:a9:06:1e]
RSSI: -84 [da:21:15:b2:03:1c]
RSSI: -82 [da:1e:7a:b9:06:4e]
RSSI: -82 [da:1e:7a:b9:06:4e]
RSSI: -80 [da:1e:7a:c8:06:7e]
RSSI: -81 [da:21:15:d9:03:9c]
RSSI: -80 [da:1e:7a:d5:06:9e]
RSSI: -86 [da:21:15:e7:03:cc]
RSSI: -76 [da:1e:7a:e4:06:ce]
RSSI: -82 [da:21:15:f3:03:ec]
RSSI: -75 [da:1e:7a:f4:06:ee]
RSSI: -76 [da:1e:7a:f4:06:ee]
RSSI: -82 [da:21:16:01:04:1c]
RSSI: -75 [da:1e:7b:01:07:1e]
RSSI: -86 [da:21:16:0e:04:4c]
RSSI: -75 [da:1e:7b:01:07:1e]
RSSI: -85 [da:21:16:0e:04:4c]
RSSI: -77 [da:1e:7b:10:07:3e]
RSSI: -87 [da:21:16:1b:04:6c]
RSSI: -93 [da:21:16:28:04:9c]
RSSI: -78 [da:1e:7b:2c:07:9e]
RSSI: -93 [da:21:16:36:04:bc]
RSSI: -77 [da:1e:7b:2c:07:9e]
RSSI: -79 [da:1e:7b:2c:07:9e]
RSSI: -78 [da:1e:7b:2c:07:9e]
RSSI: -76 [da:1e:7b:3c:07:be]
RSSI: -85 [da:21:16:50:05:0c]
RSSI: -76 [da:1e:7b:4b:07:ee]
RSSI: -87 [da:21:16:50:05:0c]
RSSI: -82 [da:21:16:5d:05:3c]
RSSI: -74 [da:1e:7b:58:08:1e]
RSSI: -85 [da:21:16:5d:05:3c]
RSSI: -73 [da:1e:7b:58:08:1e]
RSSI: -72 [da:1e:7b:68:08:4e]
RSSI: -71 [da:1e:7b:68:08:4e]
RSSI: -91 [da:21:16:78:05:8c]
RSSI: -70 [da:1e:7b:77:08:6e]
RSSI: -89 [da:21:16:85:05:bc]
RSSI: -88 [da:21:16:85:05:bc]
RSSI: -67 [da:1e:7b:84:08:9e]
RSSI: -83 [da:21:16:92:05:dc]
RSSI: -66 [da:1e:7b:93:08:be]
RSSI: -67 [da:1e:7b:a3:08:ee]
RSSI: -68 [da:1e:7b:a3:08:ee]
RSSI: -86 [da:21:16:b9:06:5c]
RSSI: -66 [da:1e:7b:b0:09:0e]
RSSI: -91 [da:21:16:c7:06:8c]
RSSI: -63 [da:1e:7b:bf:09:3e]
RSSI: -90 [da:21:16:c7:06:8c]
RSSI: -65 [da:1e:7b:bf:09:3e]
RSSI: -65 [da:1e:7b:cf:09:6e]
RSSI: -64 [da:1e:7b:cf:09:6e]
RSSI: -66 [da:1e:7b:db:09:8e]
RSSI: -67 [da:1e:7b:db:09:8e]
RSSI: -85 [da:21:16:ef:07:0c]
RSSI: -67 [da:1e:7b:eb:09:be]
RSSI: -84 [da:21:16:fc:07:3c]
RSSI: -68 [da:1e:7b:eb:09:be]
RSSI: -83 [da:21:16:fc:07:3c]
RSSI: -68 [da:1e:7b:fb:09:ee]
RSSI: -84 [da:21:17:09:07:5c]
RSSI: -68 [da:1e:7c:07:0a:0e]
RSSI: -66 [da:1e:7c:07:0a:0e]
RSSI: -82 [da:21:17:16:07:8c]
RSSI: -90 [da:21:17:16:07:8c]
RSSI: -69 [da:1e:7c:17:0a:3e]
RSSI: -86 [da:21:17:24:07:bc]
RSSI: -82 [da:21:17:24:07:bc]
RSSI: -70 [da:1e:7c:26:0a:6e]
RSSI: -91 [da:21:17:30:07:dc]
RSSI: -71 [da:1e:7c:26:0a:6e]
RSSI: -71 [da:1e:7c:26:0a:6e]
RSSI: -88 [da:21:17:30:07:dc]
RSSI: -69 [da:1e:7c:33:0a:8e]
RSSI: -73 [da:1e:7c:33:0a:8e]
RSSI: -71 [da:1e:7c:43:0a:be]
RSSI: -73 [da:1e:7c:52:0a:ee]
RSSI: -74 [da:1e:7c:5f:0b:0e]
RSSI: -75 [da:1e:7c:5f:0b:0e]
RSSI: -77 [da:1e:7c:6e:0b:3e]
RSSI: -79 [da:1e:7c:7e:0b:6e]
RSSI: -79 [da:1e:7c:7e:0b:6e]
RSSI: -90 [da:21:17:8d:09:0c]
RSSI: -80 [da:1e:7c:8b:0b:8e]
RSSI: -78 [da:1e:7c:9a:0b:be]
RSSI: -77 [da:1e:7c:9a:0b:be]
RSSI: -91 [da:21:17:a8:09:5c]
RSSI: -77 [da:1e:7c:aa:0b:ee]
RSSI: -86 [da:21:17:b5:09:8c]
RSSI: -84 [da:21:17:c3:09:bc]
RSSI: -77 [da:1e:7c:b7:0c:0e]
RSSI: -90 [da:21:17:c3:09:bc]
RSSI: -76 [da:1e:7c:c6:0c:3e]
RSSI: -76 [da:1e:7c:c6:0c:3e]
RSSI: -76 [da:1e:7c:d6:0c:6e]
RSSI: -87 [da:21:17:dd:0a:0c]
RSSI: -77 [da:1e:7c:d6:0c:6e]
RSSI: -83 [da:21:17:dd:0a:0c]
RSSI: -77 [da:1e:7c:d6:0c:6e]
RSSI: -82 [da:21:17:ea:0a:3c]
RSSI: -77 [da:1e:7c:e3:0c:8e]
RSSI: -87 [da:21:17:ea:0a:3c]
RSSI: -79 [da:1e:7c:f2:0c:be]
RSSI: -89 [da:21:17:f7:0a:5c]
RSSI: -80 [da:1e:7c:f2:0c:be]
RSSI: -81 [da:1e:7d:02:0c:ee]
RSSI: -79 [da:1e:7d:02:0c:ee]
RSSI: -80 [da:1e:7d:0e:0d:1e]
RSSI: -80 [da:1e:7d:0e:0d:1e]
RSSI: -86 [da:21:18:1f:0a:dc]
RSSI: -79 [da:1e:7d:1e:0d:3e]
RSSI: -80 [da:1e:7d:1e:0d:3e]
RSSI: -79 [da:1e:7d:2e:0d:6e]
RSSI: -80 [da:1e:7d:2e:0d:6e]
RSSI: -80 [da:1e:7d:3a:0d:9e]
RSSI: -88 [da:21:18:47:0b:5c]
RSSI: -82 [da:1e:7d:3a:0d:9e]
RSSI: -89 [da:21:18:47:0b:5c]
RSSI: -92 [da:21:18:54:0b:8c]
RSSI: -82 [da:1e:7d:4a:0d:be]
RSSI: -90 [da:21:18:54:0b:8c]
RSSI: -82 [da:1e:7d:5a:0d:ee]
RSSI: -85 [da:21:18:62:0b:bc]
RSSI: -81 [da:1e:7d:5a:0d:ee]
RSSI: -85 [da:21:18:62:0b:bc]
RSSI: -80 [da:1e:7d:66:0e:0e]
RSSI: -86 [da:21:18:6f:0b:dc]
RSSI: -80 [da:1e:7d:66:0e:0e]
RSSI: -83 [da:21:18:7c:0c:0c]
RSSI: -86 [da:21:18:7c:0c:0c]
RSSI: -87 [da:21:18:8a:0c:3c]
RSSI: -81 [da:21:18:8a:0c:3c]
RSSI: -81 [da:21:18:8a:0c:3c]
RSSI: -86 [da:21:18:96:0c:5c]
RSSI: -80 [da:1e:7d:92:0e:8e]
RSSI: -85 [da:21:18:96:0c:5c]
RSSI: -80 [da:1e:7d:92:0e:8e]
RSSI: -80 [da:21:18:a4:0c:8c]
RSSI: -83 [da:21:18:a4:0c:8c]
RSSI: -84 [da:21:18:a4:0c:8c]
RSSI: -80 [da:1e:7d:a2:0e:be]
RSSI: -81 [da:21:18:b2:0c:bc]
RSSI: -82 [da:1e:7d:b2:0e:ee]
RSSI: -88 [da:21:18:be:0c:dc]
RSSI: -80 [da:1e:7d:be:0f:0e]
RSSI: -80 [da:1e:7d:be:0f:0e]
RSSI: -87 [da:21:18:cc:0d:0c]
RSSI: -81 [da:1e:7d:ce:0f:3e]
RSSI: -84 [da:21:18:d9:0d:3c]
RSSI: -81 [da:1e:7d:ce:0f:3e]
RSSI: -86 [da:21:18:e6:0d:5c]
RSSI: -87 [da:1e:7d:ea:0f:9e]
RSSI: -88 [da:21:19:01:0d:bc]
RSSI: -93 [da:1e:7d:fa:0f:ce]
RSSI: -92 [da:1e:7e:0a:0f:ee]
RSSI: -86 [da:1e:7e:16:10:1e]
RSSI: -86 [da:1e:7e:16:10:1e]
RSSI: -89 [da:21:19:29:0e:3c]
RSSI: -85 [da:1e:7e:26:10:4e]
RSSI: -83 [da:1e:7e:26:10:4e]
RSSI: -86 [da:1e:7e:36:10:6e]
RSSI: -87 [da:1e:7e:36:10:6e]
RSSI: -88 [da:1e:7e:42:10:8e]
RSSI: -88 [da:1e:7e:42:10:8e]
RSSI: -91 [da:21:19:51:0e:bc]
RSSI: -86 [da:1e:7e:52:10:be]
RSSI: -83 [da:1e:7e:62:10:ee]
RSSI: -84 [da:1e:7e:62:10:ee]
RSSI: -91 [da:21:19:6c:0f:0c]
RSSI: -79 [da:1e:7e:6e:11:0e]
RSSI: -89 [da:21:19:79:0f:3c]
RSSI: -79 [da:1e:7e:6e:11:0e]
RSSI: -85 [da:21:19:86:0f:5c]
RSSI: -80 [da:1e:7e:7e:11:3e]
RSSI: -87 [da:21:19:93:0f:8c]
RSSI: -85 [da:21:19:93:0f:8c]
RSSI: -81 [da:21:19:a1:0f:bc]
RSSI: -82 [da:1e:7e:9a:11:8e]
RSSI: -87 [da:21:19:ae:0f:dc]
RSSI: -94 [da:21:19:bb:10:0c]
RSSI: -87 [da:1e:7e:ba:11:ee]
RSSI: -85 [da:21:19:c9:10:3c]
RSSI: -87 [da:1e:7e:c6:12:0e]
RSSI: -89 [da:21:19:c9:10:3c]
RSSI: -89 [da:21:19:d6:10:5c]
RSSI: -88 [da:21:19:d6:10:5c]
RSSI: -87 [da:1e:7e:d6:12:3e]
RSSI: -87 [da:21:19:e3:10:8c]
RSSI: -85 [da:1e:7e:e6:12:6e]
RSSI: -93 [da:21:19:f1:10:bc]
RSSI: -85 [da:1e:7e:f3:12:8e]
RSSI: -82 [da:21:19:fe:10:dc]
RSSI: -87 [da:1e:7e:f3:12:8e]
RSSI: -83 [da:21:19:fe:10:dc]
RSSI: -87 [da:1e:7f:02:12:be]
RSSI: -86 [da:1e:7f:02:12:be]
RSSI: -85 [da:1e:7f:12:12:ee]
RSSI: -87 [da:1e:7f:1f:13:1e]
RSSI: -87 [da:21:1a:33:11:8c]
RSSI: -92 [da:21:1a:41:11:bc]
RSSI: -87 [da:1e:7f:3e:13:6e]
RSSI: -89 [da:21:1a:41:11:bc]
RSSI: -90 [da:1e:7f:3e:13:6e]
RSSI: -87 [da:21:1a:4e:11:dc]
RSSI: -96 [da:21:1a:4e:11:dc]
RSSI: -88 [da:1e:7f:4b:13:9e]
RSSI: -89 [da:1e:7f:5b:13:be]
RSSI: -90 [da:21:1a:76:12:5c]
RSSI: -90 [da:21:1a:83:12:8c]
RSSI: -88 [da:21:1a:83:12:8c]
RSSI: -92 [da:21:1a:91:12:bc]
RSSI: -86 [da:1e:7f:96:14:6e]
RSSI: -86 [da:1e:7f:a3:14:8e]
RSSI: -85 [da:1e:7f:b3:14:be]
RSSI: -89 [da:21:1a:d4:13:8c]
RSSI: -85 [da:1e:7f:df:15:3e]
RSSI: -90 [da:1e:7f:df:15:3e]
RSSI: -94 [da:21:1a:ee:13:dc]
RSSI: -91 [da:21:1a:ee:13:dc]
RSSI: -86 [da:1e:7f:ef:15:6e]
RSSI: -90 [da:21:1a:fc:14:0c]
RSSI: -91 [da:21:1a:fc:14:0c]
RSSI: -86 [da:21:1b:09:14:3c]
RSSI: -86 [da:1e:80:0b:15:be]
RSSI: -86 [da:21:1b:16:14:5c]
RSSI: -86 [da:1e:80:1b:15:ee]
RSSI: -88 [da:21:1b:32:14:bc]
RSSI: -88 [da:21:1b:3e:14:dc]
RSSI: -90 [da:21:1b:3e:14:dc]
RSSI: -88 [da:1e:80:37:16:3e]
RSSI: -90 [da:21:1b:3e:14:dc]
RSSI: -86 [da:21:1b:4c:15:0c]
RSSI: -84 [da:1e:80:47:16:6e]
RSSI: -85 [da:21:1b:4c:15:0c]
RSSI: -86 [da:1e:80:47:16:6e]
RSSI: -83 [da:21:1b:5a:15:3c]
RSSI: -83 [da:1e:80:54:00:2e]
RSSI: -82 [da:1e:80:54:00:2e]
RSSI: -83 [da:21:1b:66:15:5c]
RSSI: -85 [da:1e:80:64:00:5e]
RSSI: -81 [da:21:1b:74:15:8c]
RSSI: -81 [da:1e:80:73:00:8e]
RSSI: -77 [da:21:1b:82:15:bc]
RSSI: -83 [da:21:1b:82:15:bc]
RSSI: -82 [da:1e:80:80:00:ae]
RSSI: -83 [da:1e:80:80:00:ae]
RSSI: -82 [da:21:1b:8f:15:dc]
RSSI: -77 [da:21:1b:8f:15:dc]
RSSI: -83 [da:1e:80:90:00:ce]
RSSI: -89 [da:21:1b:9c:16:0c]
RSSI: -83 [da:1e:80:90:00:ce]
RSSI: -85 [da:21:1b:9c:16:0c]
RSSI: -86 [da:1e:80:a0:00:fe]
RSSI: -81 [da:21:1b:aa:16:2c]
RSSI: -87 [da:21:1b:aa:16:2c]
RSSI: -86 [da:1e:80:ac:01:2e]
RSSI: -85 [da:21:1b:b7:16:5c]
RSSI: -87 [da:21:1b:b7:16:5c]
RSSI: -77 [da:21:1b:c5:00:0c]
RSSI: -88 [da:1e:80:bc:01:4e]
RSSI: -76 [da:21:1b:c5:00:0c]
RSSI: -74 [da:21:1b:d2:00:2c]
RSSI: -86 [da:1e:80:cc:01:7e]
RSSI: -74 [da:21:1b:df:00:5c]
RSSI: -87 [da:1e:80:d9:01:ae]
RSSI: -71 [da:21:1b:ed:00:7c]
RSSI: -70 [da:21:1b:fa:00:ac]
RSSI: -88 [da:1e:80:f8:01:fe]
RSSI: -69 [da:21:1b:fa:00:ac]
RSSI: -87 [da:1e:80:f8:01:fe]
RSSI: -68 [da:21:1c:07:00:dc]
RSSI: -69 [da:21:1c:07:00:dc]
RSSI: -88 [da:1e:81:05:02:1e]
RSSI: -67 [da:21:1c:15:00:fc]
RSSI: -86 [da:1e:81:05:02:1e]
RSSI: -67 [da:21:1c:15:00:fc]
RSSI: -89 [da:1e:81:15:02:4e]
RSSI: -68 [da:21:1c:23:01:2c]
RSSI: -66 [da:21:1c:23:01:2c]
RSSI: -87 [da:1e:81:25:02:7e]
RSSI: -87 [da:1e:81:25:02:7e]
RSSI: -65 [da:21:1c:2f:01:5c]
RSSI: -67 [da:21:1c:2f:01:5c]
RSSI: -65 [da:21:1c:3d:01:7c]
RSSI: -65 [da:21:1c:3d:01:7c]
RSSI: -67 [da:21:1c:4b:01:ac]
RSSI: -65 [da:21:1c:4b:01:ac]
RSSI: -87 [da:1e:81:51:02:fe]
RSSI: -66 [da:21:1c:58:01:dc]
RSSI: -64 [da:21:1c:65:01:fc]
RSSI: -65 [da:21:1c:73:02:2c]
RSSI: -90 [da:1e:81:6d:03:4e]
RSSI: -68 [da:21:1c:80:02:5c]
RSSI: -67 [da:21:1c:80:02:5c]
RSSI: -69 [da:21:1c:8e:02:8c]
RSSI: -71 [da:21:1c:8e:02:8c]
RSSI: -72 [da:21:1c:9b:02:ac]
RSSI: -75 [da:21:1c:a8:02:dc]
RSSI: -75 [da:21:1c:a8:02:dc]
RSSI: -75 [da:21:1c:a8:02:dc]
RSSI: -78 [da:21:1c:b6:03:0c]
RSSI: -80 [da:21:1c:b6:03:0c]
RSSI: -89 [da:1e:81:b6:04:1e]
RSSI: -82 [da:21:1c:c4:03:2c]
RSSI: -89 [da:1e:81:c6:04:4e]
RSSI: -92 [da:21:1c:d0:03:5c]
RSSI: -88 [da:1e:81:c6:04:4e]
RSSI: -86 [da:1e:81:d6:04:7e]
RSSI: -77 [da:21:1c:ec:03:ac]
RSSI: -84 [da:1e:81:e2:04:9e]
RSSI: -83 [da:1e:81:f2:04:ce]
RSSI: -80 [da:21:1d:07:03:fc]
RSSI: -85 [da:1e:82:02:04:fe]
RSSI: -80 [da:21:1d:07:03:fc]
RSSI: -84 [da:1e:82:02:04:fe]
RSSI: -80 [da:21:1d:14:04:2c]
RSSI: -80 [da:21:1d:14:04:2c]
RSSI: -83 [da:1e:82:0f:05:1e]
RSSI: -83 [da:21:1d:21:04:5c]
RSSI: -83 [da:21:1d:21:04:5c]
RSSI: -83 [da:1e:82:1f:05:4e]
RSSI: -90 [da:21:1d:2f:04:7c]
RSSI: -82 [da:1e:82:1f:05:4e]
RSSI: -82 [da:1e:82:2f:05:7e]
RSSI: -81 [da:1e:82:2f:05:7e]
RSSI: -83 [da:1e:82:3b:05:9e]
RSSI: -83 [da:1e:82:3b:05:9e]
RSSI: -86 [da:21:1d:49:04:dc]
RSSI: -85 [da:1e:82:4b:05:ce]
RSSI: -84 [da:1e:82:4b:05:ce]
RSSI: -86 [da:1e:82:5b:05:fe]
RSSI: -83 [da:1e:82:5b:05:fe]
RSSI: -90 [da:21:1d:65:05:2c]
RSSI: -83 [da:1e:82:68:06:1e]
RSSI: -83 [da:1e:82:68:06:1e]
RSSI: -83 [da:1e:82:68:06:1e]
RSSI: -91 [da:1b:79:66:03:da]
RSSI: -92 [da:21:1d:80:05:8c]
RSSI: -79 [da:1e:82:78:06:4e]
RSSI: -94 [da:1b:79:66:03:da]
RSSI: -77 [da:1e:82:87:06:7e]
RSSI: -91 [da:21:1d:8d:05:ac]
RSSI: -78 [da:1e:82:87:06:7e]
RSSI: -88 [da:1b:79:75:03:fa]
RSSI: -78 [da:1e:82:94:06:9e]
RSSI: -91 [da:1b:79:85:04:2a]
RSSI: -79 [da:1e:82:a4:06:ce]
RSSI: -78 [da:1e:82:a4:06:ce]
RSSI: -86 [da:1b:79:a1:04:7a]
RSSI: -85 [da:21:1d:c2:06:5c]
RSSI: -79 [da:1e:82:c0:07:1e]
RSSI: -87 [da:1b:79:b0:04:9a]
RSSI: -81 [da:1e:82:c0:07:1e]
RSSI: -87 [da:21:1d:d0:06:8c]
RSSI: -84 [da:21:1d:d0:06:8c]
RSSI: -78 [da:1e:82:d0:07:4e]
RSSI: -78 [da:1e:82:d0:07:4e]
RSSI: -85 [da:21:1d:de:06:ac]
RSSI: -86 [da:1b:79:cc:04:ea]
RSSI: -78 [da:1e:82:e0:07:7e]
RSSI: -86 [da:1b:79:cc:04:ea]
RSSI: -75 [da:1e:82:ed:07:ae]
RSSI: -87 [da:1b:79:db:05:1a]
RSSI: -74 [da:1e:82:ed:07:ae]
RSSI: -89 [da:1b:79:e7:05:3a]
RSSI: -86 [da:21:1e:07:07:3c]
RSSI: -72 [da:1e:82:fd:07:de]
RSSI: -71 [da:1e:83:0d:08:0e]
RSSI: -70 [da:1e:83:0d:08:0e]
RSSI: -90 [da:21:1e:13:07:5c]
RSSI: -89 [da:21:1e:21:07:8c]
RSSI: -84 [da:1b:7a:06:05:9a]
RSSI: -71 [da:1e:83:19:08:2e]
RSSI: -70 [da:1e:83:19:08:2e]
RSSI: -87 [da:1b:7a:13:05:ba]
RSSI: -85 [da:1b:7a:13:05:ba]
RSSI: -70 [da:1e:83:29:08:5e]
RSSI: -88 [da:1b:7a:22:05:ea]
RSSI: -71 [da:1e:83:39:08:8e]
RSSI: -88 [da:1b:7a:22:05:ea]
RSSI: -93 [da:21:1e:3c:07:dc]
RSSI: -70 [da:1e:83:46:08:ae]
RSSI: -88 [da:1b:7a:31:06:1a]
RSSI: -70 [da:1e:83:46:08:ae]
RSSI: -70 [da:1e:83:46:08:ae]
RSSI: -92 [da:21:1e:57:08:3c]
RSSI: -70 [da:1e:83:46:08:ae]
RSSI: -89 [da:21:1e:57:08:3c]
RSSI: -87 [da:1b:7a:3e:06:3a]
RSSI: -69 [da:1e:83:56:08:de]
RSSI: -89 [da:1b:7a:4d:06:6a]
RSSI: -89 [da:21:1e:64:08:5c]
RSSI: -68 [da:1e:83:66:09:0e]
RSSI: -90 [da:1b:7a:5c:06:8a]
RSSI: -69 [da:1e:83:72:09:2e]
RSSI: -90 [da:1b:7a:5c:06:8a]
RSSI: -67 [da:1e:83:72:09:2e]
RSSI: -68 [da:1e:83:82:09:5e]
RSSI: -67 [da:1e:83:82:09:5e]
RSSI: -67 [da:1e:83:92:09:8e]
RSSI: -65 [da:1e:83:9f:09:ae]
RSSI: -67 [da:1e:83:9f:09:ae]
RSSI: -65 [da:1e:83:af:09:de]
RSSI: -66 [da:1e:83:bf:0a:0e]
RSSI: -67 [da:1e:83:bf:0a:0e]
RSSI: -69 [da:1e:83:cb:0a:2e]
RSSI: -69 [da:1e:83:cb:0a:2e]
RSSI: -72 [da:1e:83:db:0a:5e]
RSSI: -72 [da:1e:83:eb:0a:8e]
RSSI: -75 [da:1e:83:f8:0a:be]
RSSI: -75 [da:1e:83:f8:0a:be]
RSSI: -77 [da:1e:84:08:0a:de]
RSSI: -93 [da:21:1f:14:0a:8c]
RSSI: -79 [da:1e:84:08:0a:de]
RSSI: -79 [da:1e:84:18:0b:0e]
RSSI: -90 [da:21:1f:22:0a:bc]
RSSI: -83 [da:1e:84:25:0b:3e]
RSSI: -80 [da:1e:84:25:0b:3e]
RSSI: -95 [da:21:1f:2e:0a:ec]
RSSI: -83 [da:1e:84:35:0b:6e]
RSSI: -82 [da:1e:84:35:0b:6e]
RSSI: -80 [da:1e:84:45:0b:9e]
RSSI: -80 [da:1e:84:45:0b:9e]
RSSI: -78 [da:1e:84:51:0b:be]
RSSI: -77 [da:1e:84:51:0b:be]
RSSI: -77 [da:1e:84:61:0b:ee]
RSSI: -91 [da:21:1f:73:0b:bc]
RSSI: -77 [da:1e:84:71:0c:0e]
RSSI: -79 [da:1e:84:71:0c:0e]
RSSI: -90 [da:21:1f:80:0b:ec]
RSSI: -85 [da:21:1f:8e:0c:1c]
RSSI: -82 [da:1e:84:8e:0c:6e]
RSSI: -84 [da:1e:84:8e:0c:6e]
RSSI: -85 [da:21:1f:9c:0c:4c]
RSSI: -82 [da:21:1f:a8:0c:6c]
RSSI: -81 [da:21:1f:a8:0c:6c]
RSSI: -83 [da:1e:84:aa:0c:be]
RSSI: -82 [da:1e:84:aa:0c:be]
RSSI: -88 [da:21:1f:b6:0c:9c]
RSSI: -87 [da:21:1f:b6:0c:9c]
RSSI: -82 [da:21:1f:c4:0c:cc]
RSSI: -80 [da:1e:84:bb:0c:ee]
RSSI: -87 [da:21:1f:c4:0c:cc]
RSSI: -82 [da:1e:84:bb:0c:ee]
RSSI: -79 [da:1e:84:ca:0d:1e]
RSSI: -90 [da:21:1f:d1:0c:ec]
RSSI: -80 [da:1e:84:ca:0d:1e]
RSSI: -85 [da:21:1f:d1:0c:ec]
RSSI: -80 [da:1e:84:d7:0d:3e]
RSSI: -89 [da:21:1f:df:0d:1c]
RSSI: -81 [da:1e:84:d7:0d:3e]
RSSI: -86 [da:21:1f:ed:0d:4c]
RSSI: -81 [da:1e:84:e7:0d:6e]
RSSI: -89 [da:21:1f:f9:0d:6c]
RSSI: -83 [da:1e:84:f7:0d:9e]
RSSI: -85 [da:1e:84:f7:0d:9e]
RSSI: -84 [da:1e:85:14:0d:ee]
RSSI: -84 [da:1e:85:14:0d:ee]
RSSI: -86 [da:21:20:22:0d:fc]
RSSI: -85 [da:1e:85:24:0e:1e]
RSSI: -86 [da:1e:85:24:0e:1e]
RSSI: -89 [da:21:20:30:0e:1c]
RSSI: -87 [da:1e:85:30:0e:3e]
RSSI: -85 [da:1e:85:41:0e:6e]
RSSI: -86 [da:21:20:4b:0e:7c]
RSSI: -87 [da:1e:85:41:0e:6e]
RSSI: -86 [da:1e:85:51:0e:9e]
RSSI: -84 [da:1e:85:51:0e:9e]
RSSI: -86 [da:1e:85:5d:0e:ce]
RSSI: -83 [da:1e:85:5d:0e:ce]
RSSI: -83 [da:1e:85:6d:0e:fe]
RSSI: -83 [da:1e:85:6d:0e:fe]
RSSI: -87 [da:21:20:81:0f:2c]
RSSI: -84 [da:1e:85:7d:0f:1e]
RSSI: -91 [da:21:20:81:0f:2c]
RSSI: -87 [da:1e:85:7d:0f:1e]
RSSI: -90 [da:21:20:8f:0f:5c]
RSSI: -88 [da:21:20:8f:0f:5c]
RSSI: -86 [da:1e:85:9a:0f:7e]
RSSI: -92 [da:21:20:9c:0f:7c]
RSSI: -90 [da:21:20:aa:0f:ac]
RSSI: -84 [da:1e:85:c7:0f:fe]
RSSI: -82 [da:1e:85:d7:10:2e]
RSSI: -83 [da:1e:85:d7:10:2e]
RSSI: -83 [da:1e:85:e3:10:4e]
RSSI: -86 [da:1e:85:e3:10:4e]
RSSI: -82 [da:1e:85:f3:10:7e]
RSSI: -84 [da:1e:85:f3:10:7e]
RSSI: -84 [da:1e:86:03:10:ae]
RSSI: -81 [da:1e:86:03:10:ae]
RSSI: -82 [da:1e:86:10:10:ce]
RSSI: -80 [da:1e:86:20:10:fe]
RSSI: -81 [da:1e:86:20:10:fe]
RSSI: -82 [da:1e:86:30:11:2e]
RSSI: -85 [da:1e:86:3d:11:4e]
RSSI: -89 [da:1e:86:4d:11:7e]
RSSI: -86 [da:1e:86:4d:11:7e]
RSSI: -87 [da:1e:86:5d:11:ae]
RSSI: -87 [da:1e:86:5d:11:ae]
RSSI: -86 [da:1e:86:6a:11:ce]
RSSI: -84 [da:1e:86:6a:11:ce]
RSSI: -82 [da:1e:86:7a:11:fe]
RSSI: -84 [da:1e:86:7a:11:fe]
RSSI: -84 [da:1e:86:8a:12:2e]
RSSI: -84 [da:1e:86:8a:12:2e]
RSSI: -85 [da:1e:86:96:12:5e]
RSSI: -86 [da:1e:86:a7:12:7e]
RSSI: -87 [da:1e:86:a7:12:7e]
RSSI: -85 [da:1e:86:b7:12:ae]
RSSI: -94 [da:21:21:dd:13:6c]
RSSI: -86 [da:1e:86:d3:13:0e]
RSSI: -84 [da:1e:86:e3:13:2e]
RSSI: -87 [da:1e:86:e3:13:2e]
RSSI: -85 [da:1e:86:f0:13:5e]
RSSI: -90 [da:1e:86:f0:13:5e]
RSSI: -90 [da:1e:87:00:13:8e]
RSSI: -94 [da:21:22:2e:14:7c]
RSSI: -91 [da:21:22:3b:14:9c]
RSSI: -85 [da:1e:87:3d:14:2e]
RSSI: -85 [da:1e:87:4a:14:4e]
RSSI: -92 [da:21:22:57:14:fc]
RSSI: -92 [da:21:22:64:15:2c]
RSSI: -85 [da:1e:87:5a:14:7e]
RSSI: -88 [da:21:22:72:15:4c]
RSSI: -83 [da:21:22:80:15:7c]
RSSI: -85 [da:21:22:8d:15:ac]
RSSI: -88 [da:1e:87:77:14:ce]
RSSI: -85 [da:21:22:8d:15:ac]
RSSI: -89 [da:21:22:9b:15:cc]
RSSI: -85 [da:21:22:9b:15:cc]
RSSI: -86 [da:21:22:b6:16:2c]
RSSI: -88 [da:21:22:d2:16:7c]
RSSI: -86 [da:21:22:d2:16:7c]
RSSI: -82 [da:21:22:df:00:2c]
RSSI: -81 [da:21:22:df:00:2c]
RSSI: -82 [da:21:22:ed:00:5c]
RSSI: -78 [da:21:22:ed:00:5c]
RSSI: -76 [da:21:22:fb:00:8c]
RSSI: -73 [da:21:23:16:00:dc]
RSSI: -72 [da:21:23:16:00:dc]
RSSI: -90 [da:1e:88:0f:00:4e]
RSSI: -73 [da:21:23:16:00:dc]
RSSI: -91 [da:1e:88:1c:00:6e]
RSSI: -72 [da:21:23:24:01:0c]
RSSI: -72 [da:21:23:24:01:0c]
RSSI: -74 [da:21:23:31:01:2c]
RSSI: -74 [da:21:23:31:01:2c]
RSSI: -73 [da:21:23:3f:01:5c]
RSSI: -74 [da:21:23:4d:01:8c]
RSSI: -70 [da:21:23:59:01:bc]
RSSI: -71 [da:21:23:68:01:dc]
RSSI: -69 [da:21:23:68:01:dc]
RSSI: -69 [da:21:23:76:02:0c]
RSSI: -70 [da:21:23:76:02:0c]
RSSI: -70 [da:21:23:82:02:3c]
RSSI: -71 [da:21:23:82:02:3c]
RSSI: -72 [da:21:23:91:02:6c]
RSSI: -71 [da:21:23:91:02:6c]
RSSI: -73 [da:21:23:9f:02:8c]
RSSI: -74 [da:21:23:ab:02:bc]
RSSI: -75 [da:21:23:ba:02:ec]
RSSI: -78 [da:21:23:c8:03:0c]
RSSI: -78 [da:21:23:c8:03:0c]
RSSI: -84 [da:21:23:d4:03:3c]
RSSI: -83 [da:21:23:d4:03:3c]
RSSI: -84 [da:21:23:e3:03:6c]
RSSI: -92 [da:21:23:f1:03:8c]
RSSI: -86 [da:21:23:f1:03:8c]
RSSI: -86 [da:21:23:fd:03:bc]
RSSI: -82 [da:21:24:0c:03:ec]
RSSI: -82 [da:21:24:1a:04:1c]
RSSI: -82 [da:21:24:27:04:3c]
RSSI: -84 [da:21:24:27:04:3c]
RSSI: -87 [da:21:24:35:04:6c]
RSSI: -84 [da:21:24:35:04:6c]
RSSI: -86 [da:21:24:43:04:9c]
RSSI: -85 [da:21:24:50:04:bc]
RSSI: -91 [da:21:24:50:04:bc]
RSSI: -91 [da:21:24:6c:05:1c]
RSSI: -89 [da:21:24:87:05:6c]
RSSI: -92 [da:1e:89:80:04:6e]
RSSI: -86 [da:21:24:87:05:6c]
RSSI: -90 [da:1e:89:8c:04:8e]
RSSI: -90 [da:21:24:95:05:9c]
RSSI: -88 [da:1e:89:99:04:be]
RSSI: -85 [da:21:24:a2:05:bc]
RSSI: -86 [da:21:24:b0:05:ec]
RSSI: -90 [da:21:24:be:06:1c]
RSSI: -87 [da:1e:89:bf:05:2e]
RSSI: -86 [da:1e:89:bf:05:2e]
RSSI: -87 [da:21:24:cb:06:4c]
RSSI: -84 [da:1e:89:cc:05:4e]
RSSI: -85 [da:21:24:d9:06:6c]
RSSI: -88 [da:21:24:e7:06:9c]
RSSI: -85 [da:1e:89:e5:05:9e]
RSSI: -85 [da:1e:89:e5:05:9e]
RSSI: -90 [da:21:24:e7:06:9c]
RSSI: -87 [da:1e:89:f2:05:be]
RSSI: -90 [da:21:25:02:06:fc]
RSSI: -87 [da:1e:8a:0c:06:0e]
RSSI: -85 [da:1e:8a:0c:06:0e]
RSSI: -86 [da:1e:8a:19:06:2e]
RSSI: -86 [da:1e:8a:25:06:4e]
RSSI: -84 [da:1e:8a:32:06:7e]
RSSI: -88 [da:21:25:3a:07:ac]
RSSI: -86 [da:1e:8a:32:06:7e]
RSSI: -92 [da:21:25:46:07:cc]
RSSI: -86 [da:1e:8a:4c:06:ce]
RSSI: -93 [da:21:25:55:07:fc]
RSSI: -86 [da:1e:8a:4c:06:ce]
RSSI: -96 [da:1b:81:3c:03:da]
RSSI: -83 [da:1e:8a:58:06:ee]
RSSI: -86 [da:1e:8a:58:06:ee]
RSSI: -90 [da:21:25:63:08:2c]
RSSI: -83 [da:1e:8a:65:07:0e]
RSSI: -92 [da:21:25:6f:08:5c]
RSSI: -92 [da:1e:8a:72:07:2e]
RSSI: -83 [da:1e:8a:7e:07:5e]
RSSI: -94 [da:1b:81:78:04:7a]
RSSI: -94 [da:21:25:99:08:dc]
RSSI: -87 [da:1e:8a:98:07:9e]
RSSI: -90 [da:21:25:a7:09:0c]
RSSI: -90 [da:21:25:b5:09:3c]
RSSI: -93 [da:21:25:b5:09:3c]
RSSI: -86 [da:1e:8a:b2:07:ee]
RSSI: -93 [da:1e:8a:be:08:0e]
RSSI: -88 [da:21:25:c2:09:5c]
RSSI: -92 [da:1b:81:c0:05:4a]
RSSI: -91 [da:1b:81:cf:05:7a]
RSSI: -85 [da:21:25:eb:09:ec]
RSSI: -87 [da:1e:8a:e5:08:7e]
RSSI: -86 [da:21:26:08:0a:3c]
RSSI: -90 [da:21:26:08:0a:3c]
RSSI: -95 [da:1e:8b:0b:08:ee]
RSSI: -88 [da:21:26:14:0a:6c]
RSSI: -85 [da:1e:8b:0b:08:ee]
RSSI: -87 [da:21:26:14:0a:6c]
RSSI: -87 [da:21:26:23:0a:9c]
RSSI: -89 [da:21:26:23:0a:9c]
RSSI: -91 [da:1b:82:0b:06:1a]
RSSI: -90 [da:21:26:31:0a:cc]
RSSI: -88 [da:21:26:31:0a:cc]
RSSI: -82 [da:1e:8b:31:09:5e]
RSSI: -91 [da:1e:8b:3e:09:7e]
RSSI: -85 [da:21:26:4c:0b:1c]
RSSI: -87 [da:1e:8b:4b:09:ae]
RSSI: -88 [da:1e:8b:58:09:ce]
RSSI: -83 [da:1e:8b:58:09:ce]
RSSI: -87 [da:1e:8b:64:09:ee]
RSSI: -83 [da:21:26:75:0b:9c]
RSSI: -92 [da:21:26:84:0b:cc]
RSSI: -89 [da:1e:8b:7e:0a:3e]
RSSI: -84 [da:21:26:84:0b:cc]
RSSI: -86 [da:21:26:90:0b:fc]
RSSI: -86 [da:21:26:90:0b:fc]
RSSI: -83 [da:21:26:9f:0c:2c]
RSSI: -84 [da:21:26:9f:0c:2c]
RSSI: -95 [da:1e:8b:b1:0a:ce]
RSSI: -83 [da:21:26:b9:0c:7c]
RSSI: -83 [da:21:26:c8:0c:ac]
RSSI: -82 [da:21:26:c8:0c:ac]
RSSI: -83 [da:21:26:c8:0c:ac]
RSSI: -83 [da:21:26:c8:0c:ac]
RSSI: -91 [da:21:26:d6:0c:dc]
RSSI: -84 [da:21:26:d6:0c:dc]
RSSI: -83 [da:21:26:e3:0c:fc]
RSSI: -98 [da:19:9e:d8:02:8b]
RSSI: -83 [da:21:26:f1:0d:2c]
RSSI: -84 [da:21:26:f1:0d:2c]
RSSI: -92 [da:19:9e:f4:02:eb]
RSSI: -85 [da:21:27:1b:0d:ac]
RSSI: -88 [da:21:27:1b:0d:ac]
RSSI: -87 [da:21:27:29:0d:dc]
RSSI: -92 [da:19:9f:14:03:4b]
RSSI: -85 [da:21:27:29:0d:dc]
RSSI: -81 [da:21:27:35:0e:0c]
RSSI: -86 [da:21:27:35:0e:0c]
RSSI: -85 [da:21:27:35:0e:0c]
RSSI: -81 [da:21:27:44:0e:3c]
RSSI: -86 [da:21:27:52:0e:6c]
RSSI: -87 [da:21:27:5f:0e:8c]
RSSI: -82 [da:21:27:6d:0e:bc]
RSSI: -92 [da:1e:8c:72:0c:fe]
RSSI: -90 [da:21:27:88:0f:0c]
RSSI: -94 [da:1e:8c:7f:0d:2e]
RSSI: -90 [da:1e:8c:8b:0d:4e]
RSSI: -87 [da:21:27:97:0f:3c]
RSSI: -92 [da:21:27:a5:0f:6c]
RSSI: -92 [da:1e:8c:b2:0d:be]
RSSI: -90 [da:1e:8c:b2:0d:be]
RSSI: -93 [da:21:27:ce:0f:fc]
RSSI: -91 [da:1e:8c:d9:0e:2e]
RSSI: -93 [da:1e:8c:e5:0e:4e]
RSSI: -92 [da:21:28:3c:11:5c]
RSSI: -97 [da:21:28:81:12:2c]
RSSI: -96 [da:21:28:8f:12:5c]
RSSI: -95 [da:21:28:8f:12:5c]
RSSI: -92 [da:21:28:b9:12:ec]
RSSI: -92 [da:1e:8d:c0:10:ce]
RSSI: -93 [da:1e:8d:e7:11:3e]
RSSI: -92 [da:21:28:f1:13:9c]
RSSI: -89 [da:21:28:fd:13:bc]
RSSI: -90 [da:21:29:0c:13:ec]
RSSI: -89 [da:21:29:1a:14:1c]
RSSI: -95 [da:1e:8e:1a:11:ce]
RSSI: -89 [da:21:29:27:14:3c]
RSSI: -85 [da:21:29:36:14:6c]
RSSI: -89 [da:21:29:36:14:6c]
RSSI: -84 [da:21:29:44:14:9c]
RSSI: -90 [da:21:29:5f:14:ec]
RSSI: -87 [da:21:29:6e:15:1c]
RSSI: -99 [da:1e:8e:75:12:ce]
RSSI: -88 [da:21:29:7a:15:4c]
RSSI: -90 [da:21:29:97:15:9c]
RSSI: -89 [da:21:29:97:15:9c]
RSSI: -90 [da:21:29:a4:15:cc]
RSSI: -90 [da:21:29:a4:15:cc]
RSSI: -91 [da:21:29:b2:15:fc]
RSSI: -87 [da:21:29:c1:16:2c]
RSSI: -92 [da:21:29:cd:16:4c]
RSSI: -87 [da:21:29:cd:16:4c]
RSSI: -90 [da:21:29:dc:16:7c]
RSSI: -88 [da:21:29:ea:00:2c]
RSSI: -89 [da:21:29:ea:00:2c]
RSSI: -90 [da:21:29:ea:00:2c]
RSSI: -88 [da:21:29:f7:00:5c]
RSSI: -89 [da:21:2a:06:00:8c]
RSSI: -88 [da:21:2a:14:00:bc]
RSSI: -86 [da:21:2a:21:00:dc]
RSSI: -89 [da:21:2a:21:00:dc]
RSSI: -86 [da:21:2a:2f:01:0c]
RSSI: -84 [da:21:2a:2f:01:0c]
RSSI: -89 [da:21:2a:3e:01:3c]
RSSI: -86 [da:21:2a:3e:01:3c]
RSSI: -82 [da:21:2a:59:01:8c]
RSSI: -97 [da:1e:8f:6a:15:9e]
RSSI: -89 [da:21:2a:91:02:3c]
RSSI: -83 [da:21:2a:91:02:3c]
RSSI: -86 [da:21:2a:9e:02:6c]
RSSI: -86 [da:21:2a:ac:02:9c]
RSSI: -92 [da:21:2a:bb:02:cc]
RSSI: -87 [da:21:2a:c7:02:ec]
RSSI: -97 [da:1b:86:c0:13:9a]
RSSI: -92 [da:21:2b:00:03:9c]
RSSI: -94 [da:21:2b:1b:03:fc]
RSSI: -95 [da:1e:90:60:01:ee]
RSSI: -96 [da:1e:90:6d:02:0e]
RSSI: -95 [da:21:2c:09:06:ec]
RSSI: -91 [da:1e:91:23:04:1e]
RSSI: -89 [da:1e:91:30:04:3e]
RSSI: -88 [da:1e:91:3d:04:5e]
RSSI: -91 [da:1e:91:4a:04:8e]
RSSI: -87 [da:1e:91:4a:04:8e]
RSSI: -87 [da:1e:91:4a:04:8e]
RSSI: -88 [da:1e:91:57:04:ae]
RSSI: -92 [da:1e:91:57:04:ae]
RSSI: -85 [da:1e:91:64:04:de]
RSSI: -86 [da:1e:91:71:04:fe]
RSSI: -93 [da:1e:91:7e:05:1e]
RSSI: -92 [da:1b:88:70:02:2a]
RSSI: -86 [da:1e:91:8b:05:4e]
RSSI: -89 [da:1e:91:8b:05:4e]
RSSI: -93 [da:21:2c:93:08:ac]
RSSI: -91 [da:1b:88:7d:02:4a]
RSSI: -90 [da:21:2c:a2:08:dc]
RSSI: -88 [da:1e:91:b2:05:be]
RSSI: -87 [da:1e:91:bf:05:de]
RSSI: -88 [da:21:2c:cc:09:5c]
RSSI: -86 [da:1e:91:e6:06:4e]
RSSI: -86 [da:1e:91:e6:06:4e]
RSSI: -90 [da:1b:88:d6:03:4a]
RSSI: -90 [da:1b:88:d6:03:4a]
RSSI: -89 [da:1b:88:f6:03:aa]
RSSI: -88 [da:1e:92:0d:06:be]
RSSI: -91 [da:1e:92:0d:06:be]
RSSI: -86 [da:1b:89:02:03:ca]
RSSI: -89 [da:1b:89:13:03:fa]
RSSI: -91 [da:1e:92:28:07:0e]
RSSI: -86 [da:1b:89:13:03:fa]
RSSI: -87 [da:1e:92:34:07:3e]
RSSI: -89 [da:1e:92:34:07:3e]
RSSI: -87 [da:1b:89:22:04:1a]
RSSI: -87 [da:1b:89:2f:04:4a]
RSSI: -86 [da:1e:92:4f:07:7e]
RSSI: -84 [da:1b:89:3f:04:7a]
RSSI: -84 [da:1e:92:5c:07:ae]
RSSI: -87 [da:1b:89:4f:04:9a]
RSSI: -84 [da:1e:92:5c:07:ae]
RSSI: -86 [da:1b:89:4f:04:9a]
RSSI: -83 [da:1b:89:4f:04:9a]
RSSI: -85 [da:1e:92:69:07:ce]
RSSI: -81 [da:1e:92:69:07:ce]
RSSI: -86 [da:1b:89:5c:04:ca]
RSSI: -82 [da:1e:92:76:07:fe]
RSSI: -86 [da:1b:89:5c:04:ca]
RSSI: -84 [da:1e:92:76:07:fe]
RSSI: -81 [da:1e:92:83:08:1e]
RSSI: -86 [da:1b:89:6c:04:fa]
RSSI: -80 [da:1e:92:83:08:1e]
RSSI: -81 [da:1e:92:83:08:1e]
RSSI: -85 [da:1b:89:6c:04:fa]
RSSI: -81 [da:1e:92:83:08:1e]
RSSI: -83 [da:1b:89:7c:05:1a]
RSSI: -82 [da:1e:92:90:08:3e]
RSSI: -85 [da:1b:89:7c:05:1a]
RSSI: -80 [da:1e:92:90:08:3e]
RSSI: -81 [da:1e:92:9d:08:6e]
RSSI: -82 [da:1b:89:88:05:4a]
RSSI: -82 [da:1e:92:9d:08:6e]
RSSI: -80 [da:1e:92:aa:08:8e]
RSSI: -85 [da:1b:89:98:05:6a]
RSSI: -81 [da:1e:92:aa:08:8e]
RSSI: -85 [da:1b:89:98:05:6a]
RSSI: -80 [da:1e:92:b7:08:be]
RSSI: -84 [da:1b:89:a8:05:9a]
RSSI: -80 [da:1e:92:b7:08:be]
RSSI: -85 [da:1b:89:a8:05:9a]
RSSI: -81 [da:1e:92:c4:08:de]
RSSI: -82 [da:1e:92:c4:08:de]
RSSI: -80 [da:1e:92:d1:08:fe]
RSSI: -81 [da:1e:92:d1:08:fe]
RSSI: -83 [da:1b:89:c5:05:fa]
RSSI: -85 [da:1b:89:c5:05:fa]
RSSI: -85 [da:1b:89:d5:06:1a]
RSSI: -82 [da:1e:92:ec:09:4e]
RSSI: -83 [da:1e:92:ec:09:4e]
RSSI: -83 [da:1e:92:ec:09:4e]
RSSI: -87 [da:1b:89:e2:06:4a]
RSSI: -81 [da:1e:92:f8:09:6e]
RSSI: -88 [da:1b:89:e2:06:4a]
RSSI: -82 [da:1e:92:f8:09:6e]
RSSI: -90 [da:1b:89:f2:06:6a]
RSSI: -81 [da:1e:93:06:09:9e]
RSSI: -89 [da:1b:8a:02:06:9a]
RSSI: -85 [da:1e:93:13:09:be]
RSSI: -83 [da:1e:93:1f:09:ee]
RSSI: -93 [da:1b:8a:0e:06:ca]
RSSI: -82 [da:1e:93:2d:0a:0e]
RSSI: -82 [da:1e:93:2d:0a:0e]
RSSI: -91 [da:1e:93:3a:0a:2e]
RSSI: -86 [da:1e:93:47:0a:5e]
RSSI: -86 [da:1e:93:54:0a:7e]
RSSI: -92 [da:1b:8a:4b:07:6a]
RSSI: -91 [da:1e:93:6e:0a:ce]
RSSI: -93 [da:1e:93:a2:0b:5e]
RSSI: -93 [da:1e:93:f1:0c:3e]
RSSI: -94 [da:1e:93:fe:0c:6e]
RSSI: -97 [da:1e:94:5a:0d:7e]
RSSI: -94 [da:1e:94:e5:0e:fe]
RSSI: -92 [da:21:30:0e:13:cc]
RSSI: -92 [da:21:30:1c:13:fc]
RSSI: -91 [da:1e:95:1a:0f:9e]
RSSI: -93 [da:21:30:1c:13:fc]
RSSI: -88 [da:1e:95:41:10:0e]
RSSI: -87 [da:1e:95:41:10:0e]
RSSI: -90 [da:21:30:55:14:ac]
RSSI: -89 [da:21:30:62:14:dc]
RSSI: -94 [da:1e:95:83:10:ce]
RSSI: -93 [da:21:30:9b:15:8c]
RSSI: -91 [da:21:30:b7:15:ec]
RSSI: -91 [da:21:31:1a:00:8c]
RSSI: -91 [da:21:31:36:00:dc]
RSSI: -90 [da:21:31:36:00:dc]
RSSI: -93 [da:21:31:53:01:3c]
RSSI: -88 [da:21:31:60:01:6c]
RSSI: -90 [da:21:31:60:01:6c]
RSSI: -88 [da:21:31:6f:01:9c]
RSSI: -88 [da:21:31:99:02:1c]
RSSI: -93 [da:21:31:a8:02:4c]
RSSI: -96 [da:21:31:b5:02:7c]
RSSI: -89 [da:21:31:c4:02:ac]
RSSI: -91 [da:21:31:ee:03:2c]
RSSI: -95 [da:21:31:fd:03:5c]
RSSI: -97 [da:21:32:43:04:3c]
RSSI: -91 [da:21:32:6e:04:bc]
RSSI: -89 [da:21:32:98:05:3c]
RSSI: -92 [da:21:32:d1:05:fc]
RSSI: -92 [da:21:32:ed:06:4c]
RSSI: -92 [da:21:32:fc:06:7c]
RSSI: -91 [da:21:32:fc:06:7c]
RSSI: -93 [da:21:33:33:07:3c]
RSSI: -95 [da:21:33:ed:09:8c]
RSSI: -92 [da:1e:99:3c:05:3e]
RSSI: -94 [da:21:34:51:0a:cc]
RSSI: -94 [da:21:34:5d:0a:fc]
RSSI: -96 [da:1e:99:7e:05:fe]
RSSI: -92 [da:1e:99:b3:06:9e]
RSSI: -94 [da:21:34:ed:0c:bc]
RSSI: -92 [da:1e:99:f5:07:5e]
RSSI: -92 [da:1e:99:f5:07:5e]
RSSI: -89 [da:1e:9a:03:07:7e]
RSSI: -86 [da:1e:9a:11:07:ae]
RSSI: -86 [da:1e:9a:1d:07:ce]
RSSI: -85 [da:1e:9a:1d:07:ce]
RSSI: -88 [da:1b:91:0e:04:7a]
RSSI: -85 [da:1e:9a:2b:07:fe]
RSSI: -84 [da:1e:9a:2b:07:fe]
RSSI: -81 [da:1e:9a:45:08:3e]
RSSI: -87 [da:1b:91:34:04:ea]
RSSI: -82 [da:1e:9a:53:08:6e]
RSSI: -88 [da:1b:91:4e:05:2a]
RSSI: -82 [da:1e:9a:61:08:8e]
RSSI: -81 [da:1e:9a:7b:08:de]
RSSI: -81 [da:1e:9a:89:09:0e]
RSSI: -82 [da:1e:9a:89:09:0e]
RSSI: -79 [da:1e:9a:95:09:2e]
